###############################################################
#  Generated by:      Cadence Innovus 22.33-s094_1
#  OS:                Linux x86_64(Host ID lyoelectrosrv01.in2p3.fr)
#  Generated on:      Mon May 18 16:43:29 2026
#  Design:            mptdc_top_asic
#  Command:           report_timing -max_paths 100 > "/home/validmgr/ksabra/2026_SPAD/SPADMIC/MPTDC/pnr/reports/prects/extra_report_timing_100.rpt"
###############################################################
Path 1: VIOLATED Setup Check with Pin u_core_u_meas_ctrl_row_cnt_q_reg[0][1]/C 
Endpoint:   u_core_u_meas_ctrl_row_cnt_q_reg[0][1]/D (v) checked with  leading 
edge of 'clk_osc_fast'
Beginpoint: u_core_u_meas_ctrl_hit_seen_q_reg[5]/Q   (v) triggered by  leading 
edge of 'clk_osc_fast'
Path Groups: {clk_osc_fast}
Analysis View: wc_view
Other End Arrival Time          0.000
- Setup                         0.611
+ Phase Shift                   0.900
- Uncertainty                   0.050
= Required Time                 0.239
- Arrival Time                  3.986
= Slack Time                   -3.747
     Clock Rise Edge                 0.000
     + Clock Network Latency (Ideal) 0.000
     = Beginpoint Arrival Time       0.000
     +------------------------------------------------------------------------------------------------+ 
     |                Instance                |     Arc      |   Cell    | Delay | Arrival | Required | 
     |                                        |              |           |       |  Time   |   Time   | 
     |----------------------------------------+--------------+-----------+-------+---------+----------| 
     | u_core_u_meas_ctrl_hit_seen_q_reg[5]   | C ^          |           |       |   0.000 |   -3.747 | 
     | u_core_u_meas_ctrl_hit_seen_q_reg[5]   | C ^ -> Q v   | DFRRQHDX4 | 1.451 |   1.451 |   -2.297 | 
     | g227807                                | CI v -> CO v | CAGHDX2   | 0.744 |   2.195 |   -1.553 | 
     | g99756                                 | A v -> Q v   | OR2HDX2   | 0.457 |   2.652 |   -1.095 | 
     | g227686                                | C v -> Q ^   | NA22HDX2  | 0.209 |   2.861 |   -0.886 | 
     | FE_RC_802_0                            | B ^ -> Q ^   | EO3HDX1   | 0.974 |   3.836 |    0.088 | 
     | g267808                                | A ^ -> Q v   | NO2HDX1   | 0.150 |   3.986 |    0.238 | 
     | u_core_u_meas_ctrl_row_cnt_q_reg[0][1] | D v          | DFRRQHDX4 | 0.000 |   3.986 |    0.239 | 
     +------------------------------------------------------------------------------------------------+ 
Path 2: VIOLATED Setup Check with Pin u_core_u_meas_ctrl_row_cnt_q_reg[4][1]/C 
Endpoint:   u_core_u_meas_ctrl_row_cnt_q_reg[4][1]/D (v) checked with  leading 
edge of 'clk_osc_fast'
Beginpoint: u_core_u_meas_ctrl_hit_seen_q_reg[37]/Q  (v) triggered by  leading 
edge of 'clk_osc_fast'
Path Groups: {clk_osc_fast}
Analysis View: wc_view
Other End Arrival Time          0.000
- Setup                         0.617
+ Phase Shift                   0.900
- Uncertainty                   0.050
= Required Time                 0.233
- Arrival Time                  3.951
= Slack Time                   -3.718
     Clock Rise Edge                 0.000
     + Clock Network Latency (Ideal) 0.000
     = Beginpoint Arrival Time       0.000
     +---------------------------------------------------------------------------------------------------+ 
     |                  Instance                   |    Arc     |   Cell    | Delay | Arrival | Required | 
     |                                             |            |           |       |  Time   |   Time   | 
     |---------------------------------------------+------------+-----------+-------+---------+----------| 
     | u_core_u_meas_ctrl_hit_seen_q_reg[37]       | C ^        |           |       |   0.000 |   -3.718 | 
     | u_core_u_meas_ctrl_hit_seen_q_reg[37]       | C ^ -> Q v | DFRRQHDX4 | 1.378 |   1.378 |   -2.340 | 
     | FE_OFC6465_u_core_u_meas_ctrl_hit_seen_q_37 | A v -> Q ^ | INHDX3    | 0.225 |   1.603 |   -2.115 | 
     | g268318                                     | B ^ -> Q ^ | OR2HDX2   | 0.414 |   2.017 |   -1.701 | 
     | FE_OCPC9074_n_99338                         | A ^ -> Q ^ | BUHDX2    | 0.243 |   2.260 |   -1.458 | 
     | g392                                        | A ^ -> Q v | NA3HDX2   | 0.206 |   2.466 |   -1.252 | 
     | FE_RC_1532_0                                | C v -> Q ^ | NA22HDX2  | 0.260 |   2.726 |   -0.992 | 
     | FE_RC_3146_0                                | B ^ -> Q ^ | EO3HDX1   | 1.053 |   3.779 |    0.061 | 
     | g267807                                     | A ^ -> Q v | NO2HDX1   | 0.172 |   3.951 |    0.233 | 
     | u_core_u_meas_ctrl_row_cnt_q_reg[4][1]      | D v        | DFRRQHDX4 | 0.000 |   3.951 |    0.233 | 
     +---------------------------------------------------------------------------------------------------+ 
Path 3: VIOLATED Setup Check with Pin u_core_u_meas_ctrl_hit_seen_q_reg[33]/C 
Endpoint:   u_core_u_meas_ctrl_hit_seen_q_reg[33]/D (v) checked with  leading 
edge of 'clk_osc_fast'
Beginpoint: u_core_u_meas_ctrl_state_q_reg[1]/Q     (^) triggered by  leading 
edge of 'clk_osc_fast'
Path Groups: {clk_osc_fast}
Analysis View: wc_view
Other End Arrival Time          0.000
- Setup                         0.655
+ Phase Shift                   0.900
- Uncertainty                   0.050
= Required Time                 0.195
- Arrival Time                  3.899
= Slack Time                   -3.704
     Clock Rise Edge                 0.000
     + Clock Network Latency (Ideal) 0.000
     = Beginpoint Arrival Time       0.000
     +-----------------------------------------------------------------------------------------------------------+ 
     |                      Instance                      |     Arc     |   Cell    | Delay | Arrival | Required | 
     |                                                    |             |           |       |  Time   |   Time   | 
     |----------------------------------------------------+-------------+-----------+-------+---------+----------| 
     | u_core_u_meas_ctrl_state_q_reg[1]                  | C ^         |           |       |   0.000 |   -3.704 | 
     | u_core_u_meas_ctrl_state_q_reg[1]                  | C ^ -> Q ^  | DFRRQHDX1 | 0.884 |   0.884 |   -2.821 | 
     | FE_RC_815_0                                        | A ^ -> Q v  | INHDX2    | 0.219 |   1.103 |   -2.602 | 
     | FE_OCPC10868_FE_OFN114309_u_core_u_meas_ctrl_state | A v -> Q ^  | INHDX0    | 0.254 |   1.357 |   -2.347 | 
     | _q_1                                               |             |           |       |         |          | 
     | g245880                                            | AN ^ -> Q ^ | NA3I1HDX2 | 0.428 |   1.785 |   -1.920 | 
     | FE_OCPC6566_n_76143                                | A ^ -> Q ^  | BUHDX4    | 0.401 |   2.185 |   -1.519 | 
     | g24_dup227764                                      | C ^ -> Q ^  | OA21HDX2  | 0.487 |   2.672 |   -1.033 | 
     | g211170                                            | C ^ -> Q v  | NA3HDX4   | 0.313 |   2.985 |   -0.720 | 
     | FE_OFC2356_n_40277                                 | A v -> Q v  | BUHDX12   | 0.443 |   3.427 |   -0.277 | 
     | g175767                                            | A v -> Q v  | NA22HDX1  | 0.471 |   3.899 |    0.194 | 
     | u_core_u_meas_ctrl_hit_seen_q_reg[33]              | D v         | DFRRQHDX1 | 0.000 |   3.899 |    0.195 | 
     +-----------------------------------------------------------------------------------------------------------+ 
Path 4: VIOLATED Setup Check with Pin u_core_u_meas_ctrl_hit_seen_q_reg[38]/C 
Endpoint:   u_core_u_meas_ctrl_hit_seen_q_reg[38]/D (v) checked with  leading 
edge of 'clk_osc_fast'
Beginpoint: u_core_u_meas_ctrl_state_q_reg[1]/Q     (^) triggered by  leading 
edge of 'clk_osc_fast'
Path Groups: {clk_osc_fast}
Analysis View: wc_view
Other End Arrival Time          0.000
- Setup                         0.655
+ Phase Shift                   0.900
- Uncertainty                   0.050
= Required Time                 0.195
- Arrival Time                  3.895
= Slack Time                   -3.700
     Clock Rise Edge                 0.000
     + Clock Network Latency (Ideal) 0.000
     = Beginpoint Arrival Time       0.000
     +-----------------------------------------------------------------------------------------------------------+ 
     |                      Instance                      |     Arc     |   Cell    | Delay | Arrival | Required | 
     |                                                    |             |           |       |  Time   |   Time   | 
     |----------------------------------------------------+-------------+-----------+-------+---------+----------| 
     | u_core_u_meas_ctrl_state_q_reg[1]                  | C ^         |           |       |   0.000 |   -3.700 | 
     | u_core_u_meas_ctrl_state_q_reg[1]                  | C ^ -> Q ^  | DFRRQHDX1 | 0.884 |   0.884 |   -2.817 | 
     | FE_RC_815_0                                        | A ^ -> Q v  | INHDX2    | 0.219 |   1.103 |   -2.598 | 
     | FE_OCPC10868_FE_OFN114309_u_core_u_meas_ctrl_state | A v -> Q ^  | INHDX0    | 0.254 |   1.357 |   -2.343 | 
     | _q_1                                               |             |           |       |         |          | 
     | g245880                                            | AN ^ -> Q ^ | NA3I1HDX2 | 0.428 |   1.785 |   -1.916 | 
     | FE_OCPC6566_n_76143                                | A ^ -> Q ^  | BUHDX4    | 0.401 |   2.185 |   -1.515 | 
     | g24_dup227764                                      | C ^ -> Q ^  | OA21HDX2  | 0.487 |   2.672 |   -1.029 | 
     | g211170                                            | C ^ -> Q v  | NA3HDX4   | 0.313 |   2.985 |   -0.716 | 
     | FE_OFC2356_n_40277                                 | A v -> Q v  | BUHDX12   | 0.443 |   3.427 |   -0.273 | 
     | g175772                                            | A v -> Q v  | NA22HDX1  | 0.468 |   3.895 |    0.195 | 
     | u_core_u_meas_ctrl_hit_seen_q_reg[38]              | D v         | DFRRQHDX1 | 0.000 |   3.895 |    0.195 | 
     +-----------------------------------------------------------------------------------------------------------+ 
Path 5: VIOLATED Setup Check with Pin u_core_u_meas_ctrl_hit_seen_q_reg[34]/C 
Endpoint:   u_core_u_meas_ctrl_hit_seen_q_reg[34]/D (v) checked with  leading 
edge of 'clk_osc_fast'
Beginpoint: u_core_u_meas_ctrl_state_q_reg[0]/Q     (v) triggered by  leading 
edge of 'clk_osc_fast'
Path Groups: {clk_osc_fast}
Analysis View: wc_view
Other End Arrival Time          0.000
- Setup                         0.657
+ Phase Shift                   0.900
- Uncertainty                   0.050
= Required Time                 0.193
- Arrival Time                  3.893
= Slack Time                   -3.699
     Clock Rise Edge                 0.000
     + Clock Network Latency (Ideal) 0.000
     = Beginpoint Arrival Time       0.000
     +------------------------------------------------------------------------------------------------+ 
     |                 Instance                 |    Arc     |   Cell    | Delay | Arrival | Required | 
     |                                          |            |           |       |  Time   |   Time   | 
     |------------------------------------------+------------+-----------+-------+---------+----------| 
     | u_core_u_meas_ctrl_state_q_reg[0]        | C ^        |           |       |   0.000 |   -3.699 | 
     | u_core_u_meas_ctrl_state_q_reg[0]        | C ^ -> Q v | DFRRQHDX1 | 1.104 |   1.104 |   -2.596 | 
     | FE_OCPC6546_u_core_u_meas_ctrl_state_q_0 | A v -> Q ^ | INHDX3    | 0.337 |   1.441 |   -2.258 | 
     | g227747                                  | A ^ -> Q ^ | OR2HDX2   | 0.406 |   1.847 |   -1.852 | 
     | FE_RC_780_0                              | A ^ -> Q ^ | NA22HDX2  | 0.422 |   2.269 |   -1.430 | 
     | g227754                                  | A ^ -> Q ^ | AND2HDX2  | 0.413 |   2.682 |   -1.017 | 
     | g211168                                  | A ^ -> Q v | NA3HDX4   | 0.294 |   2.977 |   -0.723 | 
     | FE_OFC2355_n_40275                       | A v -> Q v | BUHDX12   | 0.457 |   3.433 |   -0.266 | 
     | g175768                                  | A v -> Q v | NA22HDX1  | 0.459 |   3.893 |    0.193 | 
     | u_core_u_meas_ctrl_hit_seen_q_reg[34]    | D v        | DFRRQHDX1 | 0.000 |   3.893 |    0.193 | 
     +------------------------------------------------------------------------------------------------+ 
Path 6: VIOLATED Setup Check with Pin u_core_u_meas_ctrl_hit_seen_q_reg[57]/C 
Endpoint:   u_core_u_meas_ctrl_hit_seen_q_reg[57]/D (v) checked with  leading 
edge of 'clk_osc_fast'
Beginpoint: u_core_u_meas_ctrl_state_q_reg[1]/Q     (^) triggered by  leading 
edge of 'clk_osc_fast'
Path Groups: {clk_osc_fast}
Analysis View: wc_view
Other End Arrival Time          0.000
- Setup                         0.656
+ Phase Shift                   0.900
- Uncertainty                   0.050
= Required Time                 0.194
- Arrival Time                  3.891
= Slack Time                   -3.697
     Clock Rise Edge                 0.000
     + Clock Network Latency (Ideal) 0.000
     = Beginpoint Arrival Time       0.000
     +-----------------------------------------------------------------------------------------------------------+ 
     |                      Instance                      |     Arc     |   Cell    | Delay | Arrival | Required | 
     |                                                    |             |           |       |  Time   |   Time   | 
     |----------------------------------------------------+-------------+-----------+-------+---------+----------| 
     | u_core_u_meas_ctrl_state_q_reg[1]                  | C ^         |           |       |   0.000 |   -3.697 | 
     | u_core_u_meas_ctrl_state_q_reg[1]                  | C ^ -> Q ^  | DFRRQHDX1 | 0.884 |   0.884 |   -2.813 | 
     | FE_RC_815_0                                        | A ^ -> Q v  | INHDX2    | 0.219 |   1.103 |   -2.594 | 
     | FE_OCPC10868_FE_OFN114309_u_core_u_meas_ctrl_state | A v -> Q ^  | INHDX0    | 0.254 |   1.357 |   -2.340 | 
     | _q_1                                               |             |           |       |         |          | 
     | g245880                                            | AN ^ -> Q ^ | NA3I1HDX2 | 0.428 |   1.785 |   -1.913 | 
     | FE_OCPC6566_n_76143                                | A ^ -> Q ^  | BUHDX4    | 0.401 |   2.185 |   -1.512 | 
     | g24_dup227764                                      | C ^ -> Q ^  | OA21HDX2  | 0.487 |   2.672 |   -1.025 | 
     | g211170                                            | C ^ -> Q v  | NA3HDX4   | 0.313 |   2.985 |   -0.712 | 
     | FE_OFC2356_n_40277                                 | A v -> Q v  | BUHDX12   | 0.443 |   3.427 |   -0.270 | 
     | g175791                                            | A v -> Q v  | NA22HDX1  | 0.464 |   3.891 |    0.194 | 
     | u_core_u_meas_ctrl_hit_seen_q_reg[57]              | D v         | DFRRQHDX1 | 0.000 |   3.891 |    0.194 | 
     +-----------------------------------------------------------------------------------------------------------+ 
Path 7: VIOLATED Setup Check with Pin u_core_u_meas_ctrl_hit_seen_q_reg[51]/C 
Endpoint:   u_core_u_meas_ctrl_hit_seen_q_reg[51]/D (v) checked with  leading 
edge of 'clk_osc_fast'
Beginpoint: u_core_u_meas_ctrl_state_q_reg[1]/Q     (^) triggered by  leading 
edge of 'clk_osc_fast'
Path Groups: {clk_osc_fast}
Analysis View: wc_view
Other End Arrival Time          0.000
- Setup                         0.653
+ Phase Shift                   0.900
- Uncertainty                   0.050
= Required Time                 0.197
- Arrival Time                  3.892
= Slack Time                   -3.696
     Clock Rise Edge                 0.000
     + Clock Network Latency (Ideal) 0.000
     = Beginpoint Arrival Time       0.000
     +-----------------------------------------------------------------------------------------------------------+ 
     |                      Instance                      |     Arc     |   Cell    | Delay | Arrival | Required | 
     |                                                    |             |           |       |  Time   |   Time   | 
     |----------------------------------------------------+-------------+-----------+-------+---------+----------| 
     | u_core_u_meas_ctrl_state_q_reg[1]                  | C ^         |           |       |   0.000 |   -3.696 | 
     | u_core_u_meas_ctrl_state_q_reg[1]                  | C ^ -> Q ^  | DFRRQHDX1 | 0.884 |   0.884 |   -2.812 | 
     | FE_RC_815_0                                        | A ^ -> Q v  | INHDX2    | 0.219 |   1.103 |   -2.593 | 
     | FE_OCPC10868_FE_OFN114309_u_core_u_meas_ctrl_state | A v -> Q ^  | INHDX0    | 0.254 |   1.357 |   -2.339 | 
     | _q_1                                               |             |           |       |         |          | 
     | g245880                                            | AN ^ -> Q ^ | NA3I1HDX2 | 0.428 |   1.785 |   -1.911 | 
     | FE_OCPC6566_n_76143                                | A ^ -> Q ^  | BUHDX4    | 0.401 |   2.185 |   -1.511 | 
     | g24_dup227764                                      | C ^ -> Q ^  | OA21HDX2  | 0.487 |   2.672 |   -1.024 | 
     | g211170                                            | C ^ -> Q v  | NA3HDX4   | 0.313 |   2.985 |   -0.711 | 
     | FE_OFC2356_n_40277                                 | A v -> Q v  | BUHDX12   | 0.443 |   3.427 |   -0.268 | 
     | g175785                                            | A v -> Q v  | NA22HDX1  | 0.465 |   3.892 |    0.196 | 
     | u_core_u_meas_ctrl_hit_seen_q_reg[51]              | D v         | DFRRQHDX1 | 0.000 |   3.892 |    0.197 | 
     +-----------------------------------------------------------------------------------------------------------+ 
Path 8: VIOLATED Setup Check with Pin u_core_u_meas_ctrl_hit_seen_q_reg[53]/C 
Endpoint:   u_core_u_meas_ctrl_hit_seen_q_reg[53]/D (v) checked with  leading 
edge of 'clk_osc_fast'
Beginpoint: u_core_u_meas_ctrl_state_q_reg[0]/Q     (v) triggered by  leading 
edge of 'clk_osc_fast'
Path Groups: {clk_osc_fast}
Analysis View: wc_view
Other End Arrival Time          0.000
- Setup                         0.652
+ Phase Shift                   0.900
- Uncertainty                   0.050
= Required Time                 0.198
- Arrival Time                  3.891
= Slack Time                   -3.693
     Clock Rise Edge                 0.000
     + Clock Network Latency (Ideal) 0.000
     = Beginpoint Arrival Time       0.000
     +------------------------------------------------------------------------------------------------+ 
     |                 Instance                 |    Arc     |   Cell    | Delay | Arrival | Required | 
     |                                          |            |           |       |  Time   |   Time   | 
     |------------------------------------------+------------+-----------+-------+---------+----------| 
     | u_core_u_meas_ctrl_state_q_reg[0]        | C ^        |           |       |   0.000 |   -3.693 | 
     | u_core_u_meas_ctrl_state_q_reg[0]        | C ^ -> Q v | DFRRQHDX1 | 1.104 |   1.104 |   -2.590 | 
     | FE_OCPC6546_u_core_u_meas_ctrl_state_q_0 | A v -> Q ^ | INHDX3    | 0.337 |   1.441 |   -2.252 | 
     | g227747                                  | A ^ -> Q ^ | OR2HDX2   | 0.406 |   1.847 |   -1.846 | 
     | FE_RC_780_0                              | A ^ -> Q ^ | NA22HDX2  | 0.422 |   2.269 |   -1.424 | 
     | g227754                                  | A ^ -> Q ^ | AND2HDX2  | 0.413 |   2.682 |   -1.011 | 
     | g211168                                  | A ^ -> Q v | NA3HDX4   | 0.294 |   2.977 |   -0.717 | 
     | FE_OFC2355_n_40275                       | A v -> Q v | BUHDX12   | 0.457 |   3.433 |   -0.260 | 
     | g175787                                  | A v -> Q v | NA22HDX1  | 0.457 |   3.891 |    0.197 | 
     | u_core_u_meas_ctrl_hit_seen_q_reg[53]    | D v        | DFRRQHDX2 | 0.000 |   3.891 |    0.198 | 
     +------------------------------------------------------------------------------------------------+ 
Path 9: VIOLATED Recovery Check with Pin u_core_gen_pd_row[6].gen_pd_col[1].u_
pd/nfast_hit_latched_reg[6]/C 
Endpoint:   u_core_gen_pd_row[6].gen_pd_col[1].u_pd/nfast_hit_latched_reg[6]/RN 
(^) checked with  leading edge of 'clk_osc_fast_tap1'
Beginpoint: u_core_u_meas_ctrl_state_q_reg[0]/Q                                 
(v) triggered by  leading edge of 'clk_osc_fast'
Path Groups: {async_default}
Analysis View: wc_view
Other End Arrival Time          0.050
- Recovery                      0.364
+ Phase Shift                   0.000
- Uncertainty                   0.050
= Required Time                -0.364
- Arrival Time                  3.329
= Slack Time                   -3.693
     Clock Rise Edge                 0.000
     + Clock Network Latency (Ideal) 0.000
     = Beginpoint Arrival Time       0.000
     +-----------------------------------------------------------------------------------------------------------+ 
     |                      Instance                      |     Arc     |   Cell    | Delay | Arrival | Required | 
     |                                                    |             |           |       |  Time   |   Time   | 
     |----------------------------------------------------+-------------+-----------+-------+---------+----------| 
     | u_core_u_meas_ctrl_state_q_reg[0]                  | C ^         |           |       |   0.000 |   -3.693 | 
     | u_core_u_meas_ctrl_state_q_reg[0]                  | C ^ -> Q v  | DFRRQHDX1 | 1.104 |   1.104 |   -2.590 | 
     | FE_RC_3155_0                                       | AN v -> Q v | NO3I2HDX2 | 0.501 |   1.604 |   -2.089 | 
     | FE_OFC4741_n_77986                                 | A v -> Q v  | BUHDX12   | 0.442 |   2.046 |   -1.647 | 
     | FE_OCPC6625_FE_OFN114003_n                         | A v -> Q v  | BUHDX12   | 0.501 |   2.547 |   -1.146 | 
     | u_core_gen_pd_row[6].gen_pd_col[1].u_pd/g323__9945 | B v -> Q ^  | NO2I1HDX4 | 0.398 |   2.945 |   -0.749 | 
     | u_core_gen_pd_row[6].gen_pd_col[1].u_pd/FE_OCPC672 | A ^ -> Q ^  | BUHDX6    | 0.379 |   3.324 |   -0.369 | 
     | 1_n_10                                             |             |           |       |         |          | 
     | u_core_gen_pd_row[6].gen_pd_col[1].u_pd/nfast_hit_ | RN ^        | DFRRQHDX1 | 0.006 |   3.329 |   -0.364 | 
     | latched_reg[6]                                     |             |           |       |         |          | 
     +-----------------------------------------------------------------------------------------------------------+ 
Path 10: VIOLATED Recovery Check with Pin u_core_gen_pd_row[6].gen_pd_col[1].u_
pd/nfast_hit_latched_reg[5]/C 
Endpoint:   u_core_gen_pd_row[6].gen_pd_col[1].u_pd/nfast_hit_latched_reg[5]/RN 
(^) checked with  leading edge of 'clk_osc_fast_tap1'
Beginpoint: u_core_u_meas_ctrl_state_q_reg[0]/Q                                 
(v) triggered by  leading edge of 'clk_osc_fast'
Path Groups: {async_default}
Analysis View: wc_view
Other End Arrival Time          0.050
- Recovery                      0.364
+ Phase Shift                   0.000
- Uncertainty                   0.050
= Required Time                -0.364
- Arrival Time                  3.329
= Slack Time                   -3.693
     Clock Rise Edge                 0.000
     + Clock Network Latency (Ideal) 0.000
     = Beginpoint Arrival Time       0.000
     +-----------------------------------------------------------------------------------------------------------+ 
     |                      Instance                      |     Arc     |   Cell    | Delay | Arrival | Required | 
     |                                                    |             |           |       |  Time   |   Time   | 
     |----------------------------------------------------+-------------+-----------+-------+---------+----------| 
     | u_core_u_meas_ctrl_state_q_reg[0]                  | C ^         |           |       |   0.000 |   -3.693 | 
     | u_core_u_meas_ctrl_state_q_reg[0]                  | C ^ -> Q v  | DFRRQHDX1 | 1.104 |   1.104 |   -2.590 | 
     | FE_RC_3155_0                                       | AN v -> Q v | NO3I2HDX2 | 0.501 |   1.604 |   -2.089 | 
     | FE_OFC4741_n_77986                                 | A v -> Q v  | BUHDX12   | 0.442 |   2.046 |   -1.647 | 
     | FE_OCPC6625_FE_OFN114003_n                         | A v -> Q v  | BUHDX12   | 0.501 |   2.547 |   -1.146 | 
     | u_core_gen_pd_row[6].gen_pd_col[1].u_pd/g323__9945 | B v -> Q ^  | NO2I1HDX4 | 0.398 |   2.945 |   -0.749 | 
     | u_core_gen_pd_row[6].gen_pd_col[1].u_pd/FE_OCPC672 | A ^ -> Q ^  | BUHDX6    | 0.379 |   3.324 |   -0.369 | 
     | 1_n_10                                             |             |           |       |         |          | 
     | u_core_gen_pd_row[6].gen_pd_col[1].u_pd/nfast_hit_ | RN ^        | DFRRQHDX1 | 0.006 |   3.329 |   -0.364 | 
     | latched_reg[5]                                     |             |           |       |         |          | 
     +-----------------------------------------------------------------------------------------------------------+ 
Path 11: VIOLATED Setup Check with Pin u_core_u_meas_ctrl_hit_seen_q_reg[49]/C 
Endpoint:   u_core_u_meas_ctrl_hit_seen_q_reg[49]/D (v) checked with  leading 
edge of 'clk_osc_fast'
Beginpoint: u_core_u_meas_ctrl_state_q_reg[1]/Q     (^) triggered by  leading 
edge of 'clk_osc_fast'
Path Groups: {clk_osc_fast}
Analysis View: wc_view
Other End Arrival Time          0.000
- Setup                         0.655
+ Phase Shift                   0.900
- Uncertainty                   0.050
= Required Time                 0.195
- Arrival Time                  3.888
= Slack Time                   -3.693
     Clock Rise Edge                 0.000
     + Clock Network Latency (Ideal) 0.000
     = Beginpoint Arrival Time       0.000
     +-----------------------------------------------------------------------------------------------------------+ 
     |                      Instance                      |     Arc     |   Cell    | Delay | Arrival | Required | 
     |                                                    |             |           |       |  Time   |   Time   | 
     |----------------------------------------------------+-------------+-----------+-------+---------+----------| 
     | u_core_u_meas_ctrl_state_q_reg[1]                  | C ^         |           |       |   0.000 |   -3.693 | 
     | u_core_u_meas_ctrl_state_q_reg[1]                  | C ^ -> Q ^  | DFRRQHDX1 | 0.884 |   0.884 |   -2.809 | 
     | FE_RC_815_0                                        | A ^ -> Q v  | INHDX2    | 0.219 |   1.103 |   -2.590 | 
     | FE_OCPC10868_FE_OFN114309_u_core_u_meas_ctrl_state | A v -> Q ^  | INHDX0    | 0.254 |   1.357 |   -2.336 | 
     | _q_1                                               |             |           |       |         |          | 
     | g245880                                            | AN ^ -> Q ^ | NA3I1HDX2 | 0.428 |   1.785 |   -1.908 | 
     | FE_OCPC6566_n_76143                                | A ^ -> Q ^  | BUHDX4    | 0.401 |   2.185 |   -1.508 | 
     | g24_dup227764                                      | C ^ -> Q ^  | OA21HDX2  | 0.487 |   2.672 |   -1.021 | 
     | g211170                                            | C ^ -> Q v  | NA3HDX4   | 0.313 |   2.985 |   -0.708 | 
     | FE_OFC2356_n_40277                                 | A v -> Q v  | BUHDX12   | 0.443 |   3.427 |   -0.265 | 
     | g175782                                            | A v -> Q v  | NA22HDX1  | 0.461 |   3.888 |    0.195 | 
     | u_core_u_meas_ctrl_hit_seen_q_reg[49]              | D v         | DFRRQHDX1 | 0.000 |   3.888 |    0.195 | 
     +-----------------------------------------------------------------------------------------------------------+ 
Path 12: VIOLATED Setup Check with Pin u_core_u_meas_ctrl_hit_seen_q_reg[52]/C 
Endpoint:   u_core_u_meas_ctrl_hit_seen_q_reg[52]/D (v) checked with  leading 
edge of 'clk_osc_fast'
Beginpoint: u_core_u_meas_ctrl_state_q_reg[1]/Q     (^) triggered by  leading 
edge of 'clk_osc_fast'
Path Groups: {clk_osc_fast}
Analysis View: wc_view
Other End Arrival Time          0.000
- Setup                         0.654
+ Phase Shift                   0.900
- Uncertainty                   0.050
= Required Time                 0.196
- Arrival Time                  3.889
= Slack Time                   -3.693
     Clock Rise Edge                 0.000
     + Clock Network Latency (Ideal) 0.000
     = Beginpoint Arrival Time       0.000
     +-----------------------------------------------------------------------------------------------------------+ 
     |                      Instance                      |     Arc     |   Cell    | Delay | Arrival | Required | 
     |                                                    |             |           |       |  Time   |   Time   | 
     |----------------------------------------------------+-------------+-----------+-------+---------+----------| 
     | u_core_u_meas_ctrl_state_q_reg[1]                  | C ^         |           |       |   0.000 |   -3.693 | 
     | u_core_u_meas_ctrl_state_q_reg[1]                  | C ^ -> Q ^  | DFRRQHDX1 | 0.884 |   0.884 |   -2.809 | 
     | FE_RC_815_0                                        | A ^ -> Q v  | INHDX2    | 0.219 |   1.103 |   -2.590 | 
     | FE_OCPC10868_FE_OFN114309_u_core_u_meas_ctrl_state | A v -> Q ^  | INHDX0    | 0.254 |   1.357 |   -2.336 | 
     | _q_1                                               |             |           |       |         |          | 
     | g245880                                            | AN ^ -> Q ^ | NA3I1HDX2 | 0.428 |   1.785 |   -1.908 | 
     | FE_OCPC6566_n_76143                                | A ^ -> Q ^  | BUHDX4    | 0.401 |   2.185 |   -1.508 | 
     | g24_dup227764                                      | C ^ -> Q ^  | OA21HDX2  | 0.487 |   2.672 |   -1.021 | 
     | g211170                                            | C ^ -> Q v  | NA3HDX4   | 0.313 |   2.985 |   -0.708 | 
     | FE_OFC2356_n_40277                                 | A v -> Q v  | BUHDX12   | 0.443 |   3.427 |   -0.265 | 
     | g214009                                            | A v -> Q v  | NA22HDX1  | 0.462 |   3.889 |    0.196 | 
     | u_core_u_meas_ctrl_hit_seen_q_reg[52]              | D v         | DFRRQHDX1 | 0.000 |   3.889 |    0.196 | 
     +-----------------------------------------------------------------------------------------------------------+ 
Path 13: VIOLATED Recovery Check with Pin u_core_gen_pd_row[6].gen_pd_col[1].u_
pd/hit_latched_reg/C 
Endpoint:   u_core_gen_pd_row[6].gen_pd_col[1].u_pd/hit_latched_reg/RN (^) 
checked with  leading edge of 'clk_osc_fast_tap1'
Beginpoint: u_core_u_meas_ctrl_state_q_reg[0]/Q                        (v) 
triggered by  leading edge of 'clk_osc_fast'
Path Groups: {async_default}
Analysis View: wc_view
Other End Arrival Time          0.050
- Recovery                      0.364
+ Phase Shift                   0.000
- Uncertainty                   0.050
= Required Time                -0.364
- Arrival Time                  3.328
= Slack Time                   -3.692
     Clock Rise Edge                 0.000
     + Clock Network Latency (Ideal) 0.000
     = Beginpoint Arrival Time       0.000
     +-----------------------------------------------------------------------------------------------------------+ 
     |                      Instance                      |     Arc     |   Cell    | Delay | Arrival | Required | 
     |                                                    |             |           |       |  Time   |   Time   | 
     |----------------------------------------------------+-------------+-----------+-------+---------+----------| 
     | u_core_u_meas_ctrl_state_q_reg[0]                  | C ^         |           |       |   0.000 |   -3.692 | 
     | u_core_u_meas_ctrl_state_q_reg[0]                  | C ^ -> Q v  | DFRRQHDX1 | 1.104 |   1.104 |   -2.588 | 
     | FE_RC_3155_0                                       | AN v -> Q v | NO3I2HDX2 | 0.501 |   1.604 |   -2.087 | 
     | FE_OFC4741_n_77986                                 | A v -> Q v  | BUHDX12   | 0.442 |   2.046 |   -1.646 | 
     | FE_OCPC6625_FE_OFN114003_n                         | A v -> Q v  | BUHDX12   | 0.501 |   2.547 |   -1.145 | 
     | u_core_gen_pd_row[6].gen_pd_col[1].u_pd/g323__9945 | B v -> Q ^  | NO2I1HDX4 | 0.398 |   2.945 |   -0.747 | 
     | u_core_gen_pd_row[6].gen_pd_col[1].u_pd/FE_OCPC672 | A ^ -> Q ^  | BUHDX6    | 0.379 |   3.324 |   -0.368 | 
     | 1_n_10                                             |             |           |       |         |          | 
     | u_core_gen_pd_row[6].gen_pd_col[1].u_pd/hit_latche | RN ^        | DFRRQHDX1 | 0.004 |   3.328 |   -0.364 | 
     | d_reg                                              |             |           |       |         |          | 
     +-----------------------------------------------------------------------------------------------------------+ 
Path 14: VIOLATED Recovery Check with Pin u_core_gen_pd_row[6].gen_pd_col[1].u_
pd/q1_reg/C 
Endpoint:   u_core_gen_pd_row[6].gen_pd_col[1].u_pd/q1_reg/RN (^) checked with  
leading edge of 'clk_osc_fast_tap1'
Beginpoint: u_core_u_meas_ctrl_state_q_reg[0]/Q               (v) triggered by  
leading edge of 'clk_osc_fast'
Path Groups: {async_default}
Analysis View: wc_view
Other End Arrival Time          0.050
- Recovery                      0.364
+ Phase Shift                   0.000
- Uncertainty                   0.050
= Required Time                -0.364
- Arrival Time                  3.327
= Slack Time                   -3.691
     Clock Rise Edge                 0.000
     + Clock Network Latency (Ideal) 0.000
     = Beginpoint Arrival Time       0.000
     +-----------------------------------------------------------------------------------------------------------+ 
     |                      Instance                      |     Arc     |   Cell    | Delay | Arrival | Required | 
     |                                                    |             |           |       |  Time   |   Time   | 
     |----------------------------------------------------+-------------+-----------+-------+---------+----------| 
     | u_core_u_meas_ctrl_state_q_reg[0]                  | C ^         |           |       |   0.000 |   -3.691 | 
     | u_core_u_meas_ctrl_state_q_reg[0]                  | C ^ -> Q v  | DFRRQHDX1 | 1.104 |   1.104 |   -2.587 | 
     | FE_RC_3155_0                                       | AN v -> Q v | NO3I2HDX2 | 0.501 |   1.604 |   -2.087 | 
     | FE_OFC4741_n_77986                                 | A v -> Q v  | BUHDX12   | 0.442 |   2.046 |   -1.645 | 
     | FE_OCPC6625_FE_OFN114003_n                         | A v -> Q v  | BUHDX12   | 0.501 |   2.547 |   -1.144 | 
     | u_core_gen_pd_row[6].gen_pd_col[1].u_pd/g323__9945 | B v -> Q ^  | NO2I1HDX4 | 0.398 |   2.945 |   -0.747 | 
     | u_core_gen_pd_row[6].gen_pd_col[1].u_pd/FE_OCPC672 | A ^ -> Q ^  | BUHDX6    | 0.379 |   3.324 |   -0.367 | 
     | 1_n_10                                             |             |           |       |         |          | 
     | u_core_gen_pd_row[6].gen_pd_col[1].u_pd/q1_reg     | RN ^        | DFRRQHDX1 | 0.003 |   3.327 |   -0.364 | 
     +-----------------------------------------------------------------------------------------------------------+ 
Path 15: VIOLATED Recovery Check with Pin u_core_gen_pd_row[6].gen_pd_col[4].u_
pd/nfast_hit_latched_reg[5]/C 
Endpoint:   u_core_gen_pd_row[6].gen_pd_col[4].u_pd/nfast_hit_latched_reg[5]/RN 
(^) checked with  leading edge of 'clk_osc_fast_tap4'
Beginpoint: u_core_u_meas_ctrl_state_q_reg[0]/Q                                 
(v) triggered by  leading edge of 'clk_osc_fast'
Path Groups: {async_default}
Analysis View: wc_view
Other End Arrival Time          0.200
- Recovery                      0.369
+ Phase Shift                   0.000
- Uncertainty                   0.050
= Required Time                -0.219
- Arrival Time                  3.471
= Slack Time                   -3.691
     Clock Rise Edge                 0.000
     + Clock Network Latency (Ideal) 0.000
     = Beginpoint Arrival Time       0.000
     +-----------------------------------------------------------------------------------------------------------+ 
     |                      Instance                      |     Arc     |   Cell    | Delay | Arrival | Required | 
     |                                                    |             |           |       |  Time   |   Time   | 
     |----------------------------------------------------+-------------+-----------+-------+---------+----------| 
     | u_core_u_meas_ctrl_state_q_reg[0]                  | C ^         |           |       |   0.000 |   -3.691 | 
     | u_core_u_meas_ctrl_state_q_reg[0]                  | C ^ -> Q v  | DFRRQHDX1 | 1.104 |   1.104 |   -2.587 | 
     | FE_RC_3155_0                                       | AN v -> Q v | NO3I2HDX2 | 0.501 |   1.604 |   -2.086 | 
     | FE_OFC4741_n_77986                                 | A v -> Q v  | BUHDX12   | 0.442 |   2.046 |   -1.645 | 
     | FE_OCPC6625_FE_OFN114003_n                         | A v -> Q v  | BUHDX12   | 0.501 |   2.547 |   -1.144 | 
     | u_core_gen_pd_row[6].gen_pd_col[4].u_pd/g1354__511 | B v -> Q ^  | NO2I1HDX2 | 0.490 |   3.036 |   -0.654 | 
     | 5                                                  |             |           |       |         |          | 
     | u_core_gen_pd_row[6].gen_pd_col[4].u_pd/FE_OFC2768 | A ^ -> Q ^  | BUHDX6    | 0.417 |   3.454 |   -0.237 | 
     | _n_10                                              |             |           |       |         |          | 
     | u_core_gen_pd_row[6].gen_pd_col[4].u_pd/nfast_hit_ | RN ^        | DFRRQHDX1 | 0.018 |   3.471 |   -0.219 | 
     | latched_reg[5]                                     |             |           |       |         |          | 
     +-----------------------------------------------------------------------------------------------------------+ 
Path 16: VIOLATED Setup Check with Pin u_core_u_meas_ctrl_hit_seen_q_reg[32]/C 
Endpoint:   u_core_u_meas_ctrl_hit_seen_q_reg[32]/D (v) checked with  leading 
edge of 'clk_osc_fast'
Beginpoint: u_core_u_meas_ctrl_state_q_reg[0]/Q     (v) triggered by  leading 
edge of 'clk_osc_fast'
Path Groups: {clk_osc_fast}
Analysis View: wc_view
Other End Arrival Time          0.000
- Setup                         0.654
+ Phase Shift                   0.900
- Uncertainty                   0.050
= Required Time                 0.196
- Arrival Time                  3.886
= Slack Time                   -3.691
     Clock Rise Edge                 0.000
     + Clock Network Latency (Ideal) 0.000
     = Beginpoint Arrival Time       0.000
     +------------------------------------------------------------------------------------------------+ 
     |                 Instance                 |    Arc     |   Cell    | Delay | Arrival | Required | 
     |                                          |            |           |       |  Time   |   Time   | 
     |------------------------------------------+------------+-----------+-------+---------+----------| 
     | u_core_u_meas_ctrl_state_q_reg[0]        | C ^        |           |       |   0.000 |   -3.691 | 
     | u_core_u_meas_ctrl_state_q_reg[0]        | C ^ -> Q v | DFRRQHDX1 | 1.104 |   1.104 |   -2.587 | 
     | FE_OCPC6546_u_core_u_meas_ctrl_state_q_0 | A v -> Q ^ | INHDX3    | 0.337 |   1.441 |   -2.249 | 
     | g227747                                  | A ^ -> Q ^ | OR2HDX2   | 0.406 |   1.847 |   -1.843 | 
     | FE_RC_780_0                              | A ^ -> Q ^ | NA22HDX2  | 0.422 |   2.269 |   -1.421 | 
     | g227754                                  | A ^ -> Q ^ | AND2HDX2  | 0.413 |   2.682 |   -1.008 | 
     | g211168                                  | A ^ -> Q v | NA3HDX4   | 0.294 |   2.977 |   -0.714 | 
     | FE_OFC2355_n_40275                       | A v -> Q v | BUHDX12   | 0.457 |   3.433 |   -0.257 | 
     | g175766                                  | A v -> Q v | NA22HDX1  | 0.453 |   3.886 |    0.196 | 
     | u_core_u_meas_ctrl_hit_seen_q_reg[32]    | D v        | DFRRQHDX1 | 0.000 |   3.886 |    0.196 | 
     +------------------------------------------------------------------------------------------------+ 
Path 17: VIOLATED Recovery Check with Pin u_core_gen_pd_row[6].gen_pd_col[4].u_
pd/nfast_hit_latched_reg[2]/C 
Endpoint:   u_core_gen_pd_row[6].gen_pd_col[4].u_pd/nfast_hit_latched_reg[2]/RN 
(^) checked with  leading edge of 'clk_osc_fast_tap4'
Beginpoint: u_core_u_meas_ctrl_state_q_reg[0]/Q                                 
(v) triggered by  leading edge of 'clk_osc_fast'
Path Groups: {async_default}
Analysis View: wc_view
Other End Arrival Time          0.200
- Recovery                      0.369
+ Phase Shift                   0.000
- Uncertainty                   0.050
= Required Time                -0.219
- Arrival Time                  3.470
= Slack Time                   -3.690
     Clock Rise Edge                 0.000
     + Clock Network Latency (Ideal) 0.000
     = Beginpoint Arrival Time       0.000
     +-----------------------------------------------------------------------------------------------------------+ 
     |                      Instance                      |     Arc     |   Cell    | Delay | Arrival | Required | 
     |                                                    |             |           |       |  Time   |   Time   | 
     |----------------------------------------------------+-------------+-----------+-------+---------+----------| 
     | u_core_u_meas_ctrl_state_q_reg[0]                  | C ^         |           |       |   0.000 |   -3.690 | 
     | u_core_u_meas_ctrl_state_q_reg[0]                  | C ^ -> Q v  | DFRRQHDX1 | 1.104 |   1.104 |   -2.586 | 
     | FE_RC_3155_0                                       | AN v -> Q v | NO3I2HDX2 | 0.501 |   1.604 |   -2.085 | 
     | FE_OFC4741_n_77986                                 | A v -> Q v  | BUHDX12   | 0.442 |   2.046 |   -1.644 | 
     | FE_OCPC6625_FE_OFN114003_n                         | A v -> Q v  | BUHDX12   | 0.501 |   2.547 |   -1.143 | 
     | u_core_gen_pd_row[6].gen_pd_col[4].u_pd/g1354__511 | B v -> Q ^  | NO2I1HDX2 | 0.490 |   3.036 |   -0.653 | 
     | 5                                                  |             |           |       |         |          | 
     | u_core_gen_pd_row[6].gen_pd_col[4].u_pd/FE_OFC2768 | A ^ -> Q ^  | BUHDX6    | 0.417 |   3.454 |   -0.236 | 
     | _n_10                                              |             |           |       |         |          | 
     | u_core_gen_pd_row[6].gen_pd_col[4].u_pd/nfast_hit_ | RN ^        | DFRRQHDX1 | 0.017 |   3.470 |   -0.219 | 
     | latched_reg[2]                                     |             |           |       |         |          | 
     +-----------------------------------------------------------------------------------------------------------+ 
Path 18: VIOLATED Recovery Check with Pin u_core_gen_pd_row[1].gen_pd_col[1].u_
pd/hit_latched_reg/C 
Endpoint:   u_core_gen_pd_row[1].gen_pd_col[1].u_pd/hit_latched_reg/RN (^) 
checked with  leading edge of 'clk_osc_fast_tap1'
Beginpoint: u_core_u_meas_ctrl_state_q_reg[0]/Q                        (v) 
triggered by  leading edge of 'clk_osc_fast'
Path Groups: {async_default}
Analysis View: wc_view
Other End Arrival Time          0.050
- Recovery                      0.363
+ Phase Shift                   0.000
- Uncertainty                   0.050
= Required Time                -0.363
- Arrival Time                  3.326
= Slack Time                   -3.688
     Clock Rise Edge                 0.000
     + Clock Network Latency (Ideal) 0.000
     = Beginpoint Arrival Time       0.000
     +-----------------------------------------------------------------------------------------------------------+ 
     |                      Instance                      |     Arc     |   Cell    | Delay | Arrival | Required | 
     |                                                    |             |           |       |  Time   |   Time   | 
     |----------------------------------------------------+-------------+-----------+-------+---------+----------| 
     | u_core_u_meas_ctrl_state_q_reg[0]                  | C ^         |           |       |   0.000 |   -3.688 | 
     | u_core_u_meas_ctrl_state_q_reg[0]                  | C ^ -> Q v  | DFRRQHDX1 | 1.104 |   1.104 |   -2.585 | 
     | FE_RC_3155_0                                       | AN v -> Q v | NO3I2HDX2 | 0.501 |   1.604 |   -2.084 | 
     | FE_OFC4741_n_77986                                 | A v -> Q v  | BUHDX12   | 0.442 |   2.046 |   -1.642 | 
     | FE_OCPC6626_FE_OFN114003_n                         | A v -> Q v  | BUHDX8    | 0.545 |   2.591 |   -1.098 | 
     | u_core_gen_pd_row[1].gen_pd_col[1].u_pd/g323__4319 | B v -> Q ^  | NO2I1HDX4 | 0.359 |   2.950 |   -0.739 | 
     | u_core_gen_pd_row[1].gen_pd_col[1].u_pd/FE_OFC2708 | A ^ -> Q ^  | BUHDX6    | 0.370 |   3.320 |   -0.369 | 
     | _n_9                                               |             |           |       |         |          | 
     | u_core_gen_pd_row[1].gen_pd_col[1].u_pd/hit_latche | RN ^        | DFRRQHDX1 | 0.006 |   3.326 |   -0.363 | 
     | d_reg                                              |             |           |       |         |          | 
     +-----------------------------------------------------------------------------------------------------------+ 
Path 19: VIOLATED Recovery Check with Pin u_core_gen_pd_row[1].gen_pd_col[1].u_
pd/q2_reg/C 
Endpoint:   u_core_gen_pd_row[1].gen_pd_col[1].u_pd/q2_reg/RN (^) checked with  
leading edge of 'clk_osc_fast_tap1'
Beginpoint: u_core_u_meas_ctrl_state_q_reg[0]/Q               (v) triggered by  
leading edge of 'clk_osc_fast'
Path Groups: {async_default}
Analysis View: wc_view
Other End Arrival Time          0.050
- Recovery                      0.363
+ Phase Shift                   0.000
- Uncertainty                   0.050
= Required Time                -0.363
- Arrival Time                  3.326
= Slack Time                   -3.688
     Clock Rise Edge                 0.000
     + Clock Network Latency (Ideal) 0.000
     = Beginpoint Arrival Time       0.000
     +-----------------------------------------------------------------------------------------------------------+ 
     |                      Instance                      |     Arc     |   Cell    | Delay | Arrival | Required | 
     |                                                    |             |           |       |  Time   |   Time   | 
     |----------------------------------------------------+-------------+-----------+-------+---------+----------| 
     | u_core_u_meas_ctrl_state_q_reg[0]                  | C ^         |           |       |   0.000 |   -3.688 | 
     | u_core_u_meas_ctrl_state_q_reg[0]                  | C ^ -> Q v  | DFRRQHDX1 | 1.104 |   1.104 |   -2.585 | 
     | FE_RC_3155_0                                       | AN v -> Q v | NO3I2HDX2 | 0.501 |   1.604 |   -2.084 | 
     | FE_OFC4741_n_77986                                 | A v -> Q v  | BUHDX12   | 0.442 |   2.046 |   -1.642 | 
     | FE_OCPC6626_FE_OFN114003_n                         | A v -> Q v  | BUHDX8    | 0.545 |   2.591 |   -1.097 | 
     | u_core_gen_pd_row[1].gen_pd_col[1].u_pd/g323__4319 | B v -> Q ^  | NO2I1HDX4 | 0.359 |   2.950 |   -0.739 | 
     | u_core_gen_pd_row[1].gen_pd_col[1].u_pd/FE_OFC2708 | A ^ -> Q ^  | BUHDX6    | 0.370 |   3.320 |   -0.369 | 
     | _n_9                                               |             |           |       |         |          | 
     | u_core_gen_pd_row[1].gen_pd_col[1].u_pd/q2_reg     | RN ^        | DFRRQHDX1 | 0.006 |   3.326 |   -0.363 | 
     +-----------------------------------------------------------------------------------------------------------+ 
Path 20: VIOLATED Setup Check with Pin u_core_u_meas_ctrl_hit_seen_q_reg[55]/C 
Endpoint:   u_core_u_meas_ctrl_hit_seen_q_reg[55]/D (v) checked with  leading 
edge of 'clk_osc_fast'
Beginpoint: u_core_u_meas_ctrl_state_q_reg[0]/Q     (v) triggered by  leading 
edge of 'clk_osc_fast'
Path Groups: {clk_osc_fast}
Analysis View: wc_view
Other End Arrival Time          0.000
- Setup                         0.653
+ Phase Shift                   0.900
- Uncertainty                   0.050
= Required Time                 0.197
- Arrival Time                  3.885
= Slack Time                   -3.688
     Clock Rise Edge                 0.000
     + Clock Network Latency (Ideal) 0.000
     = Beginpoint Arrival Time       0.000
     +------------------------------------------------------------------------------------------------+ 
     |                 Instance                 |    Arc     |   Cell    | Delay | Arrival | Required | 
     |                                          |            |           |       |  Time   |   Time   | 
     |------------------------------------------+------------+-----------+-------+---------+----------| 
     | u_core_u_meas_ctrl_state_q_reg[0]        | C ^        |           |       |   0.000 |   -3.688 | 
     | u_core_u_meas_ctrl_state_q_reg[0]        | C ^ -> Q v | DFRRQHDX1 | 1.104 |   1.104 |   -2.585 | 
     | FE_OCPC6546_u_core_u_meas_ctrl_state_q_0 | A v -> Q ^ | INHDX3    | 0.337 |   1.441 |   -2.247 | 
     | g227747                                  | A ^ -> Q ^ | OR2HDX2   | 0.406 |   1.847 |   -1.841 | 
     | FE_RC_780_0                              | A ^ -> Q ^ | NA22HDX2  | 0.422 |   2.269 |   -1.419 | 
     | g227754                                  | A ^ -> Q ^ | AND2HDX2  | 0.413 |   2.682 |   -1.006 | 
     | g211168                                  | A ^ -> Q v | NA3HDX4   | 0.294 |   2.977 |   -0.711 | 
     | FE_OFC2355_n_40275                       | A v -> Q v | BUHDX12   | 0.457 |   3.433 |   -0.255 | 
     | g175789                                  | A v -> Q v | NA22HDX1  | 0.451 |   3.885 |    0.196 | 
     | u_core_u_meas_ctrl_hit_seen_q_reg[55]    | D v        | DFRRQHDX2 | 0.000 |   3.885 |    0.197 | 
     +------------------------------------------------------------------------------------------------+ 
Path 21: VIOLATED Recovery Check with Pin u_core_gen_pd_row[1].gen_pd_col[1].u_
pd/q1_reg/C 
Endpoint:   u_core_gen_pd_row[1].gen_pd_col[1].u_pd/q1_reg/RN (^) checked with  
leading edge of 'clk_osc_fast_tap1'
Beginpoint: u_core_u_meas_ctrl_state_q_reg[0]/Q               (v) triggered by  
leading edge of 'clk_osc_fast'
Path Groups: {async_default}
Analysis View: wc_view
Other End Arrival Time          0.050
- Recovery                      0.363
+ Phase Shift                   0.000
- Uncertainty                   0.050
= Required Time                -0.363
- Arrival Time                  3.325
= Slack Time                   -3.687
     Clock Rise Edge                 0.000
     + Clock Network Latency (Ideal) 0.000
     = Beginpoint Arrival Time       0.000
     +-----------------------------------------------------------------------------------------------------------+ 
     |                      Instance                      |     Arc     |   Cell    | Delay | Arrival | Required | 
     |                                                    |             |           |       |  Time   |   Time   | 
     |----------------------------------------------------+-------------+-----------+-------+---------+----------| 
     | u_core_u_meas_ctrl_state_q_reg[0]                  | C ^         |           |       |   0.000 |   -3.687 | 
     | u_core_u_meas_ctrl_state_q_reg[0]                  | C ^ -> Q v  | DFRRQHDX1 | 1.104 |   1.104 |   -2.584 | 
     | FE_RC_3155_0                                       | AN v -> Q v | NO3I2HDX2 | 0.501 |   1.604 |   -2.083 | 
     | FE_OFC4741_n_77986                                 | A v -> Q v  | BUHDX12   | 0.442 |   2.046 |   -1.641 | 
     | FE_OCPC6626_FE_OFN114003_n                         | A v -> Q v  | BUHDX8    | 0.545 |   2.591 |   -1.097 | 
     | u_core_gen_pd_row[1].gen_pd_col[1].u_pd/g323__4319 | B v -> Q ^  | NO2I1HDX4 | 0.359 |   2.950 |   -0.738 | 
     | u_core_gen_pd_row[1].gen_pd_col[1].u_pd/FE_OFC2708 | A ^ -> Q ^  | BUHDX6    | 0.370 |   3.320 |   -0.368 | 
     | _n_9                                               |             |           |       |         |          | 
     | u_core_gen_pd_row[1].gen_pd_col[1].u_pd/q1_reg     | RN ^        | DFRRQHDX1 | 0.005 |   3.325 |   -0.363 | 
     +-----------------------------------------------------------------------------------------------------------+ 
Path 22: VIOLATED Setup Check with Pin u_core_u_meas_ctrl_hit_seen_q_reg[35]/C 
Endpoint:   u_core_u_meas_ctrl_hit_seen_q_reg[35]/D (v) checked with  leading 
edge of 'clk_osc_fast'
Beginpoint: u_core_u_meas_ctrl_state_q_reg[1]/Q     (^) triggered by  leading 
edge of 'clk_osc_fast'
Path Groups: {clk_osc_fast}
Analysis View: wc_view
Other End Arrival Time          0.000
- Setup                         0.650
+ Phase Shift                   0.900
- Uncertainty                   0.050
= Required Time                 0.200
- Arrival Time                  3.887
= Slack Time                   -3.686
     Clock Rise Edge                 0.000
     + Clock Network Latency (Ideal) 0.000
     = Beginpoint Arrival Time       0.000
     +-----------------------------------------------------------------------------------------------------------+ 
     |                      Instance                      |     Arc     |   Cell    | Delay | Arrival | Required | 
     |                                                    |             |           |       |  Time   |   Time   | 
     |----------------------------------------------------+-------------+-----------+-------+---------+----------| 
     | u_core_u_meas_ctrl_state_q_reg[1]                  | C ^         |           |       |   0.000 |   -3.686 | 
     | u_core_u_meas_ctrl_state_q_reg[1]                  | C ^ -> Q ^  | DFRRQHDX1 | 0.884 |   0.884 |   -2.803 | 
     | FE_RC_815_0                                        | A ^ -> Q v  | INHDX2    | 0.219 |   1.103 |   -2.584 | 
     | FE_OCPC10868_FE_OFN114309_u_core_u_meas_ctrl_state | A v -> Q ^  | INHDX0    | 0.254 |   1.357 |   -2.330 | 
     | _q_1                                               |             |           |       |         |          | 
     | g245880                                            | AN ^ -> Q ^ | NA3I1HDX2 | 0.428 |   1.785 |   -1.902 | 
     | FE_OCPC6566_n_76143                                | A ^ -> Q ^  | BUHDX4    | 0.401 |   2.185 |   -1.501 | 
     | g24_dup227764                                      | C ^ -> Q ^  | OA21HDX2  | 0.487 |   2.672 |   -1.015 | 
     | g211170                                            | C ^ -> Q v  | NA3HDX4   | 0.313 |   2.985 |   -0.702 | 
     | FE_OFC2356_n_40277                                 | A v -> Q v  | BUHDX12   | 0.443 |   3.427 |   -0.259 | 
     | g175769                                            | A v -> Q v  | NA22HDX1  | 0.459 |   3.886 |    0.200 | 
     | u_core_u_meas_ctrl_hit_seen_q_reg[35]              | D v         | DFRRQHDX2 | 0.000 |   3.887 |    0.200 | 
     +-----------------------------------------------------------------------------------------------------------+ 
Path 23: VIOLATED Setup Check with Pin u_core_u_meas_ctrl_hit_seen_q_reg[43]/C 
Endpoint:   u_core_u_meas_ctrl_hit_seen_q_reg[43]/D (v) checked with  leading 
edge of 'clk_osc_fast'
Beginpoint: u_core_u_meas_ctrl_state_q_reg[1]/Q     (^) triggered by  leading 
edge of 'clk_osc_fast'
Path Groups: {clk_osc_fast}
Analysis View: wc_view
Other End Arrival Time          0.000
- Setup                         0.658
+ Phase Shift                   0.900
- Uncertainty                   0.050
= Required Time                 0.192
- Arrival Time                  3.878
= Slack Time                   -3.686
     Clock Rise Edge                 0.000
     + Clock Network Latency (Ideal) 0.000
     = Beginpoint Arrival Time       0.000
     +-----------------------------------------------------------------------------------------------------------+ 
     |                      Instance                      |     Arc     |   Cell    | Delay | Arrival | Required | 
     |                                                    |             |           |       |  Time   |   Time   | 
     |----------------------------------------------------+-------------+-----------+-------+---------+----------| 
     | u_core_u_meas_ctrl_state_q_reg[1]                  | C ^         |           |       |   0.000 |   -3.686 | 
     | u_core_u_meas_ctrl_state_q_reg[1]                  | C ^ -> Q ^  | DFRRQHDX1 | 0.884 |   0.884 |   -2.802 | 
     | FE_RC_815_0                                        | A ^ -> Q v  | INHDX2    | 0.219 |   1.103 |   -2.583 | 
     | FE_OCPC10868_FE_OFN114309_u_core_u_meas_ctrl_state | A v -> Q ^  | INHDX0    | 0.254 |   1.357 |   -2.329 | 
     | _q_1                                               |             |           |       |         |          | 
     | g245880                                            | AN ^ -> Q ^ | NA3I1HDX2 | 0.428 |   1.785 |   -1.902 | 
     | FE_OCPC6566_n_76143                                | A ^ -> Q ^  | BUHDX4    | 0.401 |   2.185 |   -1.501 | 
     | g24_dup227764                                      | C ^ -> Q ^  | OA21HDX2  | 0.487 |   2.672 |   -1.014 | 
     | g211170                                            | C ^ -> Q v  | NA3HDX4   | 0.313 |   2.985 |   -0.701 | 
     | FE_OFC2356_n_40277                                 | A v -> Q v  | BUHDX12   | 0.443 |   3.427 |   -0.259 | 
     | g175777                                            | A v -> Q v  | NA22HDX1  | 0.450 |   3.878 |    0.192 | 
     | u_core_u_meas_ctrl_hit_seen_q_reg[43]              | D v         | DFRRQHDX1 | 0.000 |   3.878 |    0.192 | 
     +-----------------------------------------------------------------------------------------------------------+ 
Path 24: VIOLATED Recovery Check with Pin u_core_gen_pd_row[5].gen_pd_col[3].u_
pd/nfast_hit_latched_reg[5]/C 
Endpoint:   u_core_gen_pd_row[5].gen_pd_col[3].u_pd/nfast_hit_latched_reg[5]/RN 
(^) checked with  leading edge of 'clk_osc_fast_tap3'
Beginpoint: u_core_u_meas_ctrl_state_q_reg[0]/Q                                 
(v) triggered by  leading edge of 'clk_osc_fast'
Path Groups: {async_default}
Analysis View: wc_view
Other End Arrival Time          0.150
- Recovery                      0.373
+ Phase Shift                   0.000
- Uncertainty                   0.050
= Required Time                -0.273
- Arrival Time                  3.413
= Slack Time                   -3.686
     Clock Rise Edge                 0.000
     + Clock Network Latency (Ideal) 0.000
     = Beginpoint Arrival Time       0.000
     +-----------------------------------------------------------------------------------------------------------+ 
     |                      Instance                      |     Arc     |   Cell    | Delay | Arrival | Required | 
     |                                                    |             |           |       |  Time   |   Time   | 
     |----------------------------------------------------+-------------+-----------+-------+---------+----------| 
     | u_core_u_meas_ctrl_state_q_reg[0]                  | C ^         |           |       |   0.000 |   -3.686 | 
     | u_core_u_meas_ctrl_state_q_reg[0]                  | C ^ -> Q v  | DFRRQHDX1 | 1.104 |   1.104 |   -2.582 | 
     | FE_RC_3155_0                                       | AN v -> Q v | NO3I2HDX2 | 0.501 |   1.604 |   -2.081 | 
     | FE_OFC4741_n_77986                                 | A v -> Q v  | BUHDX12   | 0.442 |   2.046 |   -1.640 | 
     | FE_OCPC6625_FE_OFN114003_n                         | A v -> Q v  | BUHDX12   | 0.501 |   2.547 |   -1.139 | 
     | u_core_gen_pd_row[5].gen_pd_col[3].u_pd/g728__5107 | B v -> Q ^  | NO2I1HDX2 | 0.421 |   2.967 |   -0.718 | 
     | u_core_gen_pd_row[5].gen_pd_col[3].u_pd/FE_OFC2756 | A ^ -> Q ^  | BUHDX3    | 0.443 |   3.410 |   -0.276 | 
     | _n_10                                              |             |           |       |         |          | 
     | u_core_gen_pd_row[5].gen_pd_col[3].u_pd/nfast_hit_ | RN ^        | DFRRQHDX1 | 0.003 |   3.413 |   -0.273 | 
     | latched_reg[5]                                     |             |           |       |         |          | 
     +-----------------------------------------------------------------------------------------------------------+ 
Path 25: VIOLATED Recovery Check with Pin u_core_gen_pd_row[1].gen_pd_col[1].u_
pd/nfast_hit_latched_reg[6]/C 
Endpoint:   u_core_gen_pd_row[1].gen_pd_col[1].u_pd/nfast_hit_latched_reg[6]/RN 
(^) checked with  leading edge of 'clk_osc_fast_tap1'
Beginpoint: u_core_u_meas_ctrl_state_q_reg[0]/Q                                 
(v) triggered by  leading edge of 'clk_osc_fast'
Path Groups: {async_default}
Analysis View: wc_view
Other End Arrival Time          0.050
- Recovery                      0.363
+ Phase Shift                   0.000
- Uncertainty                   0.050
= Required Time                -0.363
- Arrival Time                  3.323
= Slack Time                   -3.685
     Clock Rise Edge                 0.000
     + Clock Network Latency (Ideal) 0.000
     = Beginpoint Arrival Time       0.000
     +-----------------------------------------------------------------------------------------------------------+ 
     |                      Instance                      |     Arc     |   Cell    | Delay | Arrival | Required | 
     |                                                    |             |           |       |  Time   |   Time   | 
     |----------------------------------------------------+-------------+-----------+-------+---------+----------| 
     | u_core_u_meas_ctrl_state_q_reg[0]                  | C ^         |           |       |   0.000 |   -3.685 | 
     | u_core_u_meas_ctrl_state_q_reg[0]                  | C ^ -> Q v  | DFRRQHDX1 | 1.104 |   1.104 |   -2.581 | 
     | FE_RC_3155_0                                       | AN v -> Q v | NO3I2HDX2 | 0.501 |   1.604 |   -2.081 | 
     | FE_OFC4741_n_77986                                 | A v -> Q v  | BUHDX12   | 0.442 |   2.046 |   -1.639 | 
     | FE_OCPC6626_FE_OFN114003_n                         | A v -> Q v  | BUHDX8    | 0.545 |   2.591 |   -1.094 | 
     | u_core_gen_pd_row[1].gen_pd_col[1].u_pd/g323__4319 | B v -> Q ^  | NO2I1HDX4 | 0.359 |   2.950 |   -0.735 | 
     | u_core_gen_pd_row[1].gen_pd_col[1].u_pd/FE_OFC2708 | A ^ -> Q ^  | BUHDX6    | 0.370 |   3.320 |   -0.366 | 
     | _n_9                                               |             |           |       |         |          | 
     | u_core_gen_pd_row[1].gen_pd_col[1].u_pd/nfast_hit_ | RN ^        | DFRRQHDX1 | 0.003 |   3.323 |   -0.363 | 
     | latched_reg[6]                                     |             |           |       |         |          | 
     +-----------------------------------------------------------------------------------------------------------+ 
Path 26: VIOLATED Setup Check with Pin u_core_u_meas_ctrl_hit_seen_q_reg[50]/C 
Endpoint:   u_core_u_meas_ctrl_hit_seen_q_reg[50]/D (v) checked with  leading 
edge of 'clk_osc_fast'
Beginpoint: u_core_u_meas_ctrl_state_q_reg[0]/Q     (v) triggered by  leading 
edge of 'clk_osc_fast'
Path Groups: {clk_osc_fast}
Analysis View: wc_view
Other End Arrival Time          0.000
- Setup                         0.655
+ Phase Shift                   0.900
- Uncertainty                   0.050
= Required Time                 0.195
- Arrival Time                  3.880
= Slack Time                   -3.685
     Clock Rise Edge                 0.000
     + Clock Network Latency (Ideal) 0.000
     = Beginpoint Arrival Time       0.000
     +------------------------------------------------------------------------------------------------+ 
     |                 Instance                 |    Arc     |   Cell    | Delay | Arrival | Required | 
     |                                          |            |           |       |  Time   |   Time   | 
     |------------------------------------------+------------+-----------+-------+---------+----------| 
     | u_core_u_meas_ctrl_state_q_reg[0]        | C ^        |           |       |   0.000 |   -3.685 | 
     | u_core_u_meas_ctrl_state_q_reg[0]        | C ^ -> Q v | DFRRQHDX1 | 1.104 |   1.104 |   -2.581 | 
     | FE_OCPC6546_u_core_u_meas_ctrl_state_q_0 | A v -> Q ^ | INHDX3    | 0.337 |   1.441 |   -2.244 | 
     | g227747                                  | A ^ -> Q ^ | OR2HDX2   | 0.406 |   1.847 |   -1.838 | 
     | FE_RC_780_0                              | A ^ -> Q ^ | NA22HDX2  | 0.422 |   2.269 |   -1.416 | 
     | g227754                                  | A ^ -> Q ^ | AND2HDX2  | 0.413 |   2.682 |   -1.003 | 
     | g211168                                  | A ^ -> Q v | NA3HDX4   | 0.294 |   2.977 |   -0.708 | 
     | FE_OFC2355_n_40275                       | A v -> Q v | BUHDX12   | 0.457 |   3.433 |   -0.252 | 
     | g175784                                  | A v -> Q v | NA22HDX1  | 0.447 |   3.880 |    0.195 | 
     | u_core_u_meas_ctrl_hit_seen_q_reg[50]    | D v        | DFRRQHDX1 | 0.000 |   3.880 |    0.195 | 
     +------------------------------------------------------------------------------------------------+ 
Path 27: VIOLATED Setup Check with Pin u_core_u_meas_ctrl_hit_seen_q_reg[61]/C 
Endpoint:   u_core_u_meas_ctrl_hit_seen_q_reg[61]/D (v) checked with  leading 
edge of 'clk_osc_fast'
Beginpoint: u_core_u_meas_ctrl_state_q_reg[0]/Q     (v) triggered by  leading 
edge of 'clk_osc_fast'
Path Groups: {clk_osc_fast}
Analysis View: wc_view
Other End Arrival Time          0.000
- Setup                         0.655
+ Phase Shift                   0.900
- Uncertainty                   0.050
= Required Time                 0.195
- Arrival Time                  3.880
= Slack Time                   -3.685
     Clock Rise Edge                 0.000
     + Clock Network Latency (Ideal) 0.000
     = Beginpoint Arrival Time       0.000
     +------------------------------------------------------------------------------------------------+ 
     |                 Instance                 |    Arc     |   Cell    | Delay | Arrival | Required | 
     |                                          |            |           |       |  Time   |   Time   | 
     |------------------------------------------+------------+-----------+-------+---------+----------| 
     | u_core_u_meas_ctrl_state_q_reg[0]        | C ^        |           |       |   0.000 |   -3.685 | 
     | u_core_u_meas_ctrl_state_q_reg[0]        | C ^ -> Q v | DFRRQHDX1 | 1.104 |   1.104 |   -2.581 | 
     | FE_OCPC6546_u_core_u_meas_ctrl_state_q_0 | A v -> Q ^ | INHDX3    | 0.337 |   1.441 |   -2.243 | 
     | g227747                                  | A ^ -> Q ^ | OR2HDX2   | 0.406 |   1.847 |   -1.837 | 
     | FE_RC_780_0                              | A ^ -> Q ^ | NA22HDX2  | 0.422 |   2.269 |   -1.415 | 
     | g227754                                  | A ^ -> Q ^ | AND2HDX2  | 0.413 |   2.682 |   -1.002 | 
     | g211168                                  | A ^ -> Q v | NA3HDX4   | 0.294 |   2.977 |   -0.708 | 
     | FE_OFC2355_n_40275                       | A v -> Q v | BUHDX12   | 0.457 |   3.433 |   -0.251 | 
     | g175795                                  | A v -> Q v | NA22HDX1  | 0.447 |   3.880 |    0.195 | 
     | u_core_u_meas_ctrl_hit_seen_q_reg[61]    | D v        | DFRRQHDX1 | 0.000 |   3.880 |    0.195 | 
     +------------------------------------------------------------------------------------------------+ 
Path 28: VIOLATED Recovery Check with Pin u_core_gen_pd_row[6].gen_pd_col[4].u_
pd/q1_reg/C 
Endpoint:   u_core_gen_pd_row[6].gen_pd_col[4].u_pd/q1_reg/RN (^) checked with  
leading edge of 'clk_osc_fast_tap4'
Beginpoint: u_core_u_meas_ctrl_state_q_reg[0]/Q               (v) triggered by  
leading edge of 'clk_osc_fast'
Path Groups: {async_default}
Analysis View: wc_view
Other End Arrival Time          0.200
- Recovery                      0.369
+ Phase Shift                   0.000
- Uncertainty                   0.050
= Required Time                -0.219
- Arrival Time                  3.464
= Slack Time                   -3.684
     Clock Rise Edge                 0.000
     + Clock Network Latency (Ideal) 0.000
     = Beginpoint Arrival Time       0.000
     +-----------------------------------------------------------------------------------------------------------+ 
     |                      Instance                      |     Arc     |   Cell    | Delay | Arrival | Required | 
     |                                                    |             |           |       |  Time   |   Time   | 
     |----------------------------------------------------+-------------+-----------+-------+---------+----------| 
     | u_core_u_meas_ctrl_state_q_reg[0]                  | C ^         |           |       |   0.000 |   -3.684 | 
     | u_core_u_meas_ctrl_state_q_reg[0]                  | C ^ -> Q v  | DFRRQHDX1 | 1.104 |   1.104 |   -2.580 | 
     | FE_RC_3155_0                                       | AN v -> Q v | NO3I2HDX2 | 0.501 |   1.604 |   -2.079 | 
     | FE_OFC4741_n_77986                                 | A v -> Q v  | BUHDX12   | 0.442 |   2.046 |   -1.638 | 
     | FE_OCPC6625_FE_OFN114003_n                         | A v -> Q v  | BUHDX12   | 0.501 |   2.547 |   -1.137 | 
     | u_core_gen_pd_row[6].gen_pd_col[4].u_pd/g1354__511 | B v -> Q ^  | NO2I1HDX2 | 0.490 |   3.036 |   -0.647 | 
     | 5                                                  |             |           |       |         |          | 
     | u_core_gen_pd_row[6].gen_pd_col[4].u_pd/FE_OFC2768 | A ^ -> Q ^  | BUHDX6    | 0.417 |   3.454 |   -0.230 | 
     | _n_10                                              |             |           |       |         |          | 
     | u_core_gen_pd_row[6].gen_pd_col[4].u_pd/q1_reg     | RN ^        | DFRRQHDX1 | 0.011 |   3.464 |   -0.219 | 
     +-----------------------------------------------------------------------------------------------------------+ 
Path 29: VIOLATED Setup Check with Pin u_core_u_meas_ctrl_hit_seen_q_reg[58]/C 
Endpoint:   u_core_u_meas_ctrl_hit_seen_q_reg[58]/D (v) checked with  leading 
edge of 'clk_osc_fast'
Beginpoint: u_core_u_meas_ctrl_state_q_reg[0]/Q     (v) triggered by  leading 
edge of 'clk_osc_fast'
Path Groups: {clk_osc_fast}
Analysis View: wc_view
Other End Arrival Time          0.000
- Setup                         0.654
+ Phase Shift                   0.900
- Uncertainty                   0.050
= Required Time                 0.196
- Arrival Time                  3.879
= Slack Time                   -3.683
     Clock Rise Edge                 0.000
     + Clock Network Latency (Ideal) 0.000
     = Beginpoint Arrival Time       0.000
     +------------------------------------------------------------------------------------------------+ 
     |                 Instance                 |    Arc     |   Cell    | Delay | Arrival | Required | 
     |                                          |            |           |       |  Time   |   Time   | 
     |------------------------------------------+------------+-----------+-------+---------+----------| 
     | u_core_u_meas_ctrl_state_q_reg[0]        | C ^        |           |       |   0.000 |   -3.683 | 
     | u_core_u_meas_ctrl_state_q_reg[0]        | C ^ -> Q v | DFRRQHDX1 | 1.104 |   1.104 |   -2.580 | 
     | FE_OCPC6546_u_core_u_meas_ctrl_state_q_0 | A v -> Q ^ | INHDX3    | 0.337 |   1.441 |   -2.242 | 
     | g227747                                  | A ^ -> Q ^ | OR2HDX2   | 0.406 |   1.847 |   -1.836 | 
     | FE_RC_780_0                              | A ^ -> Q ^ | NA22HDX2  | 0.422 |   2.269 |   -1.414 | 
     | g227754                                  | A ^ -> Q ^ | AND2HDX2  | 0.413 |   2.682 |   -1.001 | 
     | g211168                                  | A ^ -> Q v | NA3HDX4   | 0.294 |   2.977 |   -0.707 | 
     | FE_OFC2355_n_40275                       | A v -> Q v | BUHDX12   | 0.457 |   3.433 |   -0.250 | 
     | g175792                                  | A v -> Q v | NA22HDX1  | 0.446 |   3.879 |    0.196 | 
     | u_core_u_meas_ctrl_hit_seen_q_reg[58]    | D v        | DFRRQHDX1 | 0.000 |   3.879 |    0.196 | 
     +------------------------------------------------------------------------------------------------+ 
Path 30: VIOLATED Recovery Check with Pin u_core_gen_pd_row[1].gen_pd_col[4].u_
pd/hit_latched_reg/C 
Endpoint:   u_core_gen_pd_row[1].gen_pd_col[4].u_pd/hit_latched_reg/RN (^) 
checked with  leading edge of 'clk_osc_fast_tap4'
Beginpoint: u_core_u_meas_ctrl_state_q_reg[0]/Q                        (v) 
triggered by  leading edge of 'clk_osc_fast'
Path Groups: {async_default}
Analysis View: wc_view
Other End Arrival Time          0.200
- Recovery                      0.377
+ Phase Shift                   0.000
- Uncertainty                   0.050
= Required Time                -0.227
- Arrival Time                  3.456
= Slack Time                   -3.683
     Clock Rise Edge                 0.000
     + Clock Network Latency (Ideal) 0.000
     = Beginpoint Arrival Time       0.000
     +-----------------------------------------------------------------------------------------------------------+ 
     |                      Instance                      |     Arc     |   Cell    | Delay | Arrival | Required | 
     |                                                    |             |           |       |  Time   |   Time   | 
     |----------------------------------------------------+-------------+-----------+-------+---------+----------| 
     | u_core_u_meas_ctrl_state_q_reg[0]                  | C ^         |           |       |   0.000 |   -3.683 | 
     | u_core_u_meas_ctrl_state_q_reg[0]                  | C ^ -> Q v  | DFRRQHDX1 | 1.104 |   1.104 |   -2.579 | 
     | FE_RC_3155_0                                       | AN v -> Q v | NO3I2HDX2 | 0.501 |   1.604 |   -2.079 | 
     | FE_OFC4741_n_77986                                 | A v -> Q v  | BUHDX12   | 0.442 |   2.046 |   -1.637 | 
     | FE_OCPC6626_FE_OFN114003_n                         | A v -> Q v  | BUHDX8    | 0.545 |   2.591 |   -1.092 | 
     | u_core_gen_pd_row[1].gen_pd_col[4].u_pd/g1354__641 | B v -> Q ^  | NO2I1HDX2 | 0.446 |   3.037 |   -0.646 | 
     | 7                                                  |             |           |       |         |          | 
     | u_core_gen_pd_row[1].gen_pd_col[4].u_pd/FE_OFC2711 | A ^ -> Q ^  | BUHDX6    | 0.415 |   3.452 |   -0.231 | 
     | _n_10                                              |             |           |       |         |          | 
     | u_core_gen_pd_row[1].gen_pd_col[4].u_pd/hit_latche | RN ^        | DFRRQHDX4 | 0.003 |   3.456 |   -0.227 | 
     | d_reg                                              |             |           |       |         |          | 
     +-----------------------------------------------------------------------------------------------------------+ 
Path 31: VIOLATED Setup Check with Pin u_core_u_meas_ctrl_hit_seen_q_reg[36]/C 
Endpoint:   u_core_u_meas_ctrl_hit_seen_q_reg[36]/D (v) checked with  leading 
edge of 'clk_osc_fast'
Beginpoint: u_core_u_meas_ctrl_state_q_reg[1]/Q     (^) triggered by  leading 
edge of 'clk_osc_fast'
Path Groups: {clk_osc_fast}
Analysis View: wc_view
Other End Arrival Time          0.000
- Setup                         0.640
+ Phase Shift                   0.900
- Uncertainty                   0.050
= Required Time                 0.210
- Arrival Time                  3.893
= Slack Time                   -3.683
     Clock Rise Edge                 0.000
     + Clock Network Latency (Ideal) 0.000
     = Beginpoint Arrival Time       0.000
     +-----------------------------------------------------------------------------------------------------------+ 
     |                      Instance                      |     Arc     |   Cell    | Delay | Arrival | Required | 
     |                                                    |             |           |       |  Time   |   Time   | 
     |----------------------------------------------------+-------------+-----------+-------+---------+----------| 
     | u_core_u_meas_ctrl_state_q_reg[1]                  | C ^         |           |       |   0.000 |   -3.683 | 
     | u_core_u_meas_ctrl_state_q_reg[1]                  | C ^ -> Q ^  | DFRRQHDX1 | 0.884 |   0.884 |   -2.799 | 
     | FE_RC_815_0                                        | A ^ -> Q v  | INHDX2    | 0.219 |   1.103 |   -2.580 | 
     | FE_OCPC10868_FE_OFN114309_u_core_u_meas_ctrl_state | A v -> Q ^  | INHDX0    | 0.254 |   1.357 |   -2.326 | 
     | _q_1                                               |             |           |       |         |          | 
     | g245880                                            | AN ^ -> Q ^ | NA3I1HDX2 | 0.428 |   1.785 |   -1.898 | 
     | FE_OCPC6566_n_76143                                | A ^ -> Q ^  | BUHDX4    | 0.401 |   2.185 |   -1.497 | 
     | g24_dup227764                                      | C ^ -> Q ^  | OA21HDX2  | 0.487 |   2.672 |   -1.011 | 
     | g211170                                            | C ^ -> Q v  | NA3HDX4   | 0.313 |   2.985 |   -0.698 | 
     | FE_OFC2356_n_40277                                 | A v -> Q v  | BUHDX12   | 0.443 |   3.427 |   -0.255 | 
     | g175770                                            | A v -> Q v  | NA22HDX1  | 0.465 |   3.893 |    0.210 | 
     | u_core_u_meas_ctrl_hit_seen_q_reg[36]              | D v         | DFRRHDX1  | 0.000 |   3.893 |    0.210 | 
     +-----------------------------------------------------------------------------------------------------------+ 
Path 32: VIOLATED Setup Check with Pin u_core_u_meas_ctrl_hit_seen_q_reg[13]/C 
Endpoint:   u_core_u_meas_ctrl_hit_seen_q_reg[13]/D (v) checked with  leading 
edge of 'clk_osc_fast'
Beginpoint: u_core_u_meas_ctrl_state_q_reg[0]/Q     (v) triggered by  leading 
edge of 'clk_osc_fast'
Path Groups: {clk_osc_fast}
Analysis View: wc_view
Other End Arrival Time          0.000
- Setup                         0.655
+ Phase Shift                   0.900
- Uncertainty                   0.050
= Required Time                 0.195
- Arrival Time                  3.878
= Slack Time                   -3.683
     Clock Rise Edge                 0.000
     + Clock Network Latency (Ideal) 0.000
     = Beginpoint Arrival Time       0.000
     +------------------------------------------------------------------------------------------------+ 
     |                 Instance                 |    Arc     |   Cell    | Delay | Arrival | Required | 
     |                                          |            |           |       |  Time   |   Time   | 
     |------------------------------------------+------------+-----------+-------+---------+----------| 
     | u_core_u_meas_ctrl_state_q_reg[0]        | C ^        |           |       |   0.000 |   -3.683 | 
     | u_core_u_meas_ctrl_state_q_reg[0]        | C ^ -> Q v | DFRRQHDX1 | 1.104 |   1.104 |   -2.579 | 
     | FE_OCPC6546_u_core_u_meas_ctrl_state_q_0 | A v -> Q ^ | INHDX3    | 0.337 |   1.441 |   -2.241 | 
     | g227747                                  | A ^ -> Q ^ | OR2HDX2   | 0.406 |   1.847 |   -1.835 | 
     | FE_RC_780_0                              | A ^ -> Q ^ | NA22HDX2  | 0.422 |   2.269 |   -1.413 | 
     | g227754                                  | A ^ -> Q ^ | AND2HDX2  | 0.413 |   2.682 |   -1.000 | 
     | g211168                                  | A ^ -> Q v | NA3HDX4   | 0.294 |   2.977 |   -0.706 | 
     | FE_OFC2355_n_40275                       | A v -> Q v | BUHDX12   | 0.457 |   3.433 |   -0.249 | 
     | g175747                                  | A v -> Q v | NA22HDX1  | 0.444 |   3.878 |    0.195 | 
     | u_core_u_meas_ctrl_hit_seen_q_reg[13]    | D v        | DFRRQHDX2 | 0.000 |   3.878 |    0.195 | 
     +------------------------------------------------------------------------------------------------+ 
Path 33: VIOLATED Recovery Check with Pin u_core_gen_pd_row[1].gen_pd_col[1].u_
pd/nfast_hit_latched_reg[2]/C 
Endpoint:   u_core_gen_pd_row[1].gen_pd_col[1].u_pd/nfast_hit_latched_reg[2]/RN 
(^) checked with  leading edge of 'clk_osc_fast_tap1'
Beginpoint: u_core_u_meas_ctrl_state_q_reg[0]/Q                                 
(v) triggered by  leading edge of 'clk_osc_fast'
Path Groups: {async_default}
Analysis View: wc_view
Other End Arrival Time          0.050
- Recovery                      0.363
+ Phase Shift                   0.000
- Uncertainty                   0.050
= Required Time                -0.363
- Arrival Time                  3.320
= Slack Time                   -3.682
     Clock Rise Edge                 0.000
     + Clock Network Latency (Ideal) 0.000
     = Beginpoint Arrival Time       0.000
     +-----------------------------------------------------------------------------------------------------------+ 
     |                      Instance                      |     Arc     |   Cell    | Delay | Arrival | Required | 
     |                                                    |             |           |       |  Time   |   Time   | 
     |----------------------------------------------------+-------------+-----------+-------+---------+----------| 
     | u_core_u_meas_ctrl_state_q_reg[0]                  | C ^         |           |       |   0.000 |   -3.682 | 
     | u_core_u_meas_ctrl_state_q_reg[0]                  | C ^ -> Q v  | DFRRQHDX1 | 1.104 |   1.104 |   -2.579 | 
     | FE_RC_3155_0                                       | AN v -> Q v | NO3I2HDX2 | 0.501 |   1.604 |   -2.078 | 
     | FE_OFC4741_n_77986                                 | A v -> Q v  | BUHDX12   | 0.442 |   2.046 |   -1.636 | 
     | FE_OCPC6626_FE_OFN114003_n                         | A v -> Q v  | BUHDX8    | 0.545 |   2.591 |   -1.091 | 
     | u_core_gen_pd_row[1].gen_pd_col[1].u_pd/g323__4319 | B v -> Q ^  | NO2I1HDX4 | 0.359 |   2.950 |   -0.733 | 
     | u_core_gen_pd_row[1].gen_pd_col[1].u_pd/FE_OFC2708 | A ^ -> Q ^  | BUHDX6    | 0.370 |   3.320 |   -0.363 | 
     | _n_9                                               |             |           |       |         |          | 
     | u_core_gen_pd_row[1].gen_pd_col[1].u_pd/nfast_hit_ | RN ^        | DFRRQHDX1 | 0.000 |   3.320 |   -0.363 | 
     | latched_reg[2]                                     |             |           |       |         |          | 
     +-----------------------------------------------------------------------------------------------------------+ 
Path 34: VIOLATED Setup Check with Pin u_core_u_meas_ctrl_hit_seen_q_reg[44]/C 
Endpoint:   u_core_u_meas_ctrl_hit_seen_q_reg[44]/D (v) checked with  leading 
edge of 'clk_osc_fast'
Beginpoint: u_core_u_meas_ctrl_state_q_reg[1]/Q     (^) triggered by  leading 
edge of 'clk_osc_fast'
Path Groups: {clk_osc_fast}
Analysis View: wc_view
Other End Arrival Time          0.000
- Setup                         0.656
+ Phase Shift                   0.900
- Uncertainty                   0.050
= Required Time                 0.194
- Arrival Time                  3.876
= Slack Time                   -3.682
     Clock Rise Edge                 0.000
     + Clock Network Latency (Ideal) 0.000
     = Beginpoint Arrival Time       0.000
     +-----------------------------------------------------------------------------------------------------------+ 
     |                      Instance                      |     Arc     |   Cell    | Delay | Arrival | Required | 
     |                                                    |             |           |       |  Time   |   Time   | 
     |----------------------------------------------------+-------------+-----------+-------+---------+----------| 
     | u_core_u_meas_ctrl_state_q_reg[1]                  | C ^         |           |       |   0.000 |   -3.682 | 
     | u_core_u_meas_ctrl_state_q_reg[1]                  | C ^ -> Q ^  | DFRRQHDX1 | 0.884 |   0.884 |   -2.798 | 
     | FE_RC_815_0                                        | A ^ -> Q v  | INHDX2    | 0.219 |   1.103 |   -2.579 | 
     | FE_OCPC10868_FE_OFN114309_u_core_u_meas_ctrl_state | A v -> Q ^  | INHDX0    | 0.254 |   1.357 |   -2.325 | 
     | _q_1                                               |             |           |       |         |          | 
     | g245880                                            | AN ^ -> Q ^ | NA3I1HDX2 | 0.428 |   1.785 |   -1.897 | 
     | FE_OCPC6566_n_76143                                | A ^ -> Q ^  | BUHDX4    | 0.401 |   2.185 |   -1.497 | 
     | g24_dup227764                                      | C ^ -> Q ^  | OA21HDX2  | 0.487 |   2.672 |   -1.010 | 
     | g211170                                            | C ^ -> Q v  | NA3HDX4   | 0.313 |   2.985 |   -0.697 | 
     | FE_OFC2356_n_40277                                 | A v -> Q v  | BUHDX12   | 0.443 |   3.427 |   -0.254 | 
     | g175778                                            | A v -> Q v  | NA22HDX1  | 0.448 |   3.876 |    0.194 | 
     | u_core_u_meas_ctrl_hit_seen_q_reg[44]              | D v         | DFRRQHDX1 | 0.000 |   3.876 |    0.194 | 
     +-----------------------------------------------------------------------------------------------------------+ 
Path 35: VIOLATED Recovery Check with Pin u_core_gen_pd_row[5].gen_pd_col[3].u_
pd/q2_reg/C 
Endpoint:   u_core_gen_pd_row[5].gen_pd_col[3].u_pd/q2_reg/RN (^) checked with  
leading edge of 'clk_osc_fast_tap3'
Beginpoint: u_core_u_meas_ctrl_state_q_reg[0]/Q               (v) triggered by  
leading edge of 'clk_osc_fast'
Path Groups: {async_default}
Analysis View: wc_view
Other End Arrival Time          0.150
- Recovery                      0.371
+ Phase Shift                   0.000
- Uncertainty                   0.050
= Required Time                -0.271
- Arrival Time                  3.410
= Slack Time                   -3.681
     Clock Rise Edge                 0.000
     + Clock Network Latency (Ideal) 0.000
     = Beginpoint Arrival Time       0.000
     +-----------------------------------------------------------------------------------------------------------+ 
     |                      Instance                      |     Arc     |   Cell    | Delay | Arrival | Required | 
     |                                                    |             |           |       |  Time   |   Time   | 
     |----------------------------------------------------+-------------+-----------+-------+---------+----------| 
     | u_core_u_meas_ctrl_state_q_reg[0]                  | C ^         |           |       |   0.000 |   -3.681 | 
     | u_core_u_meas_ctrl_state_q_reg[0]                  | C ^ -> Q v  | DFRRQHDX1 | 1.104 |   1.104 |   -2.578 | 
     | FE_RC_3155_0                                       | AN v -> Q v | NO3I2HDX2 | 0.501 |   1.604 |   -2.077 | 
     | FE_OFC4741_n_77986                                 | A v -> Q v  | BUHDX12   | 0.442 |   2.046 |   -1.635 | 
     | FE_OCPC6625_FE_OFN114003_n                         | A v -> Q v  | BUHDX12   | 0.501 |   2.547 |   -1.134 | 
     | u_core_gen_pd_row[5].gen_pd_col[3].u_pd/g728__5107 | B v -> Q ^  | NO2I1HDX2 | 0.421 |   2.967 |   -0.714 | 
     | u_core_gen_pd_row[5].gen_pd_col[3].u_pd/FE_OFC2755 | A ^ -> Q ^  | BUHDX2    | 0.440 |   3.408 |   -0.274 | 
     | _n_10                                              |             |           |       |         |          | 
     | u_core_gen_pd_row[5].gen_pd_col[3].u_pd/q2_reg     | RN ^        | DFRRQHDX1 | 0.002 |   3.410 |   -0.271 | 
     +-----------------------------------------------------------------------------------------------------------+ 
Path 36: VIOLATED Recovery Check with Pin u_core_gen_pd_row[5].gen_pd_col[3].u_
pd/hit_latched_reg/C 
Endpoint:   u_core_gen_pd_row[5].gen_pd_col[3].u_pd/hit_latched_reg/RN (^) 
checked with  leading edge of 'clk_osc_fast_tap3'
Beginpoint: u_core_u_meas_ctrl_state_q_reg[0]/Q                        (v) 
triggered by  leading edge of 'clk_osc_fast'
Path Groups: {async_default}
Analysis View: wc_view
Other End Arrival Time          0.150
- Recovery                      0.371
+ Phase Shift                   0.000
- Uncertainty                   0.050
= Required Time                -0.271
- Arrival Time                  3.410
= Slack Time                   -3.681
     Clock Rise Edge                 0.000
     + Clock Network Latency (Ideal) 0.000
     = Beginpoint Arrival Time       0.000
     +-----------------------------------------------------------------------------------------------------------+ 
     |                      Instance                      |     Arc     |   Cell    | Delay | Arrival | Required | 
     |                                                    |             |           |       |  Time   |   Time   | 
     |----------------------------------------------------+-------------+-----------+-------+---------+----------| 
     | u_core_u_meas_ctrl_state_q_reg[0]                  | C ^         |           |       |   0.000 |   -3.681 | 
     | u_core_u_meas_ctrl_state_q_reg[0]                  | C ^ -> Q v  | DFRRQHDX1 | 1.104 |   1.104 |   -2.577 | 
     | FE_RC_3155_0                                       | AN v -> Q v | NO3I2HDX2 | 0.501 |   1.604 |   -2.077 | 
     | FE_OFC4741_n_77986                                 | A v -> Q v  | BUHDX12   | 0.442 |   2.046 |   -1.635 | 
     | FE_OCPC6625_FE_OFN114003_n                         | A v -> Q v  | BUHDX12   | 0.501 |   2.547 |   -1.134 | 
     | u_core_gen_pd_row[5].gen_pd_col[3].u_pd/g728__5107 | B v -> Q ^  | NO2I1HDX2 | 0.421 |   2.967 |   -0.714 | 
     | u_core_gen_pd_row[5].gen_pd_col[3].u_pd/FE_OFC2755 | A ^ -> Q ^  | BUHDX2    | 0.440 |   3.408 |   -0.273 | 
     | _n_10                                              |             |           |       |         |          | 
     | u_core_gen_pd_row[5].gen_pd_col[3].u_pd/hit_latche | RN ^        | DFRRQHDX1 | 0.002 |   3.410 |   -0.271 | 
     | d_reg                                              |             |           |       |         |          | 
     +-----------------------------------------------------------------------------------------------------------+ 
Path 37: VIOLATED Recovery Check with Pin u_core_gen_pd_row[5].gen_pd_col[3].u_
pd/q1_reg/C 
Endpoint:   u_core_gen_pd_row[5].gen_pd_col[3].u_pd/q1_reg/RN (^) checked with  
leading edge of 'clk_osc_fast_tap3'
Beginpoint: u_core_u_meas_ctrl_state_q_reg[0]/Q               (v) triggered by  
leading edge of 'clk_osc_fast'
Path Groups: {async_default}
Analysis View: wc_view
Other End Arrival Time          0.150
- Recovery                      0.371
+ Phase Shift                   0.000
- Uncertainty                   0.050
= Required Time                -0.271
- Arrival Time                  3.410
= Slack Time                   -3.681
     Clock Rise Edge                 0.000
     + Clock Network Latency (Ideal) 0.000
     = Beginpoint Arrival Time       0.000
     +-----------------------------------------------------------------------------------------------------------+ 
     |                      Instance                      |     Arc     |   Cell    | Delay | Arrival | Required | 
     |                                                    |             |           |       |  Time   |   Time   | 
     |----------------------------------------------------+-------------+-----------+-------+---------+----------| 
     | u_core_u_meas_ctrl_state_q_reg[0]                  | C ^         |           |       |   0.000 |   -3.681 | 
     | u_core_u_meas_ctrl_state_q_reg[0]                  | C ^ -> Q v  | DFRRQHDX1 | 1.104 |   1.104 |   -2.577 | 
     | FE_RC_3155_0                                       | AN v -> Q v | NO3I2HDX2 | 0.501 |   1.604 |   -2.077 | 
     | FE_OFC4741_n_77986                                 | A v -> Q v  | BUHDX12   | 0.442 |   2.046 |   -1.635 | 
     | FE_OCPC6625_FE_OFN114003_n                         | A v -> Q v  | BUHDX12   | 0.501 |   2.547 |   -1.134 | 
     | u_core_gen_pd_row[5].gen_pd_col[3].u_pd/g728__5107 | B v -> Q ^  | NO2I1HDX2 | 0.421 |   2.967 |   -0.714 | 
     | u_core_gen_pd_row[5].gen_pd_col[3].u_pd/FE_OFC2755 | A ^ -> Q ^  | BUHDX2    | 0.440 |   3.408 |   -0.273 | 
     | _n_10                                              |             |           |       |         |          | 
     | u_core_gen_pd_row[5].gen_pd_col[3].u_pd/q1_reg     | RN ^        | DFRRQHDX1 | 0.002 |   3.410 |   -0.271 | 
     +-----------------------------------------------------------------------------------------------------------+ 
Path 38: VIOLATED Setup Check with Pin u_core_u_meas_ctrl_hit_seen_q_reg[45]/C 
Endpoint:   u_core_u_meas_ctrl_hit_seen_q_reg[45]/D (v) checked with  leading 
edge of 'clk_osc_fast'
Beginpoint: u_core_u_meas_ctrl_state_q_reg[1]/Q     (^) triggered by  leading 
edge of 'clk_osc_fast'
Path Groups: {clk_osc_fast}
Analysis View: wc_view
Other End Arrival Time          0.000
- Setup                         0.642
+ Phase Shift                   0.900
- Uncertainty                   0.050
= Required Time                 0.208
- Arrival Time                  3.889
= Slack Time                   -3.681
     Clock Rise Edge                 0.000
     + Clock Network Latency (Ideal) 0.000
     = Beginpoint Arrival Time       0.000
     +-----------------------------------------------------------------------------------------------------------+ 
     |                      Instance                      |     Arc     |   Cell    | Delay | Arrival | Required | 
     |                                                    |             |           |       |  Time   |   Time   | 
     |----------------------------------------------------+-------------+-----------+-------+---------+----------| 
     | u_core_u_meas_ctrl_state_q_reg[1]                  | C ^         |           |       |   0.000 |   -3.681 | 
     | u_core_u_meas_ctrl_state_q_reg[1]                  | C ^ -> Q ^  | DFRRQHDX1 | 0.884 |   0.884 |   -2.797 | 
     | FE_RC_815_0                                        | A ^ -> Q v  | INHDX2    | 0.219 |   1.103 |   -2.578 | 
     | FE_OCPC10868_FE_OFN114309_u_core_u_meas_ctrl_state | A v -> Q ^  | INHDX0    | 0.254 |   1.357 |   -2.324 | 
     | _q_1                                               |             |           |       |         |          | 
     | g245880                                            | AN ^ -> Q ^ | NA3I1HDX2 | 0.428 |   1.785 |   -1.896 | 
     | FE_OCPC6566_n_76143                                | A ^ -> Q ^  | BUHDX4    | 0.401 |   2.185 |   -1.496 | 
     | g24_dup227764                                      | C ^ -> Q ^  | OA21HDX2  | 0.487 |   2.672 |   -1.009 | 
     | g211170                                            | C ^ -> Q v  | NA3HDX4   | 0.313 |   2.985 |   -0.696 | 
     | FE_OFC2356_n_40277                                 | A v -> Q v  | BUHDX12   | 0.443 |   3.427 |   -0.253 | 
     | g175779                                            | A v -> Q v  | NA22HDX1  | 0.461 |   3.888 |    0.208 | 
     | u_core_u_meas_ctrl_hit_seen_q_reg[45]              | D v         | DFRRHDX1  | 0.000 |   3.889 |    0.208 | 
     +-----------------------------------------------------------------------------------------------------------+ 
Path 39: VIOLATED Recovery Check with Pin u_core_gen_pd_row[6].gen_pd_col[4].u_
pd/hit_latched_reg/C 
Endpoint:   u_core_gen_pd_row[6].gen_pd_col[4].u_pd/hit_latched_reg/RN (^) 
checked with  leading edge of 'clk_osc_fast_tap4'
Beginpoint: u_core_u_meas_ctrl_state_q_reg[0]/Q                        (v) 
triggered by  leading edge of 'clk_osc_fast'
Path Groups: {async_default}
Analysis View: wc_view
Other End Arrival Time          0.200
- Recovery                      0.369
+ Phase Shift                   0.000
- Uncertainty                   0.050
= Required Time                -0.219
- Arrival Time                  3.462
= Slack Time                   -3.681
     Clock Rise Edge                 0.000
     + Clock Network Latency (Ideal) 0.000
     = Beginpoint Arrival Time       0.000
     +-----------------------------------------------------------------------------------------------------------+ 
     |                      Instance                      |     Arc     |   Cell    | Delay | Arrival | Required | 
     |                                                    |             |           |       |  Time   |   Time   | 
     |----------------------------------------------------+-------------+-----------+-------+---------+----------| 
     | u_core_u_meas_ctrl_state_q_reg[0]                  | C ^         |           |       |   0.000 |   -3.681 | 
     | u_core_u_meas_ctrl_state_q_reg[0]                  | C ^ -> Q v  | DFRRQHDX1 | 1.104 |   1.104 |   -2.577 | 
     | FE_RC_3155_0                                       | AN v -> Q v | NO3I2HDX2 | 0.501 |   1.604 |   -2.076 | 
     | FE_OFC4741_n_77986                                 | A v -> Q v  | BUHDX12   | 0.442 |   2.046 |   -1.635 | 
     | FE_OCPC6625_FE_OFN114003_n                         | A v -> Q v  | BUHDX12   | 0.501 |   2.547 |   -1.134 | 
     | u_core_gen_pd_row[6].gen_pd_col[4].u_pd/g1354__511 | B v -> Q ^  | NO2I1HDX2 | 0.490 |   3.036 |   -0.644 | 
     | 5                                                  |             |           |       |         |          | 
     | u_core_gen_pd_row[6].gen_pd_col[4].u_pd/FE_OFC2768 | A ^ -> Q ^  | BUHDX6    | 0.417 |   3.454 |   -0.227 | 
     | _n_10                                              |             |           |       |         |          | 
     | u_core_gen_pd_row[6].gen_pd_col[4].u_pd/hit_latche | RN ^        | DFRRQHDX1 | 0.008 |   3.462 |   -0.219 | 
     | d_reg                                              |             |           |       |         |          | 
     +-----------------------------------------------------------------------------------------------------------+ 
Path 40: VIOLATED Recovery Check with Pin u_core_gen_pd_row[5].gen_pd_col[3].u_
pd/nfast_hit_latched_reg[2]/C 
Endpoint:   u_core_gen_pd_row[5].gen_pd_col[3].u_pd/nfast_hit_latched_reg[2]/RN 
(^) checked with  leading edge of 'clk_osc_fast_tap3'
Beginpoint: u_core_u_meas_ctrl_state_q_reg[0]/Q                                 
(v) triggered by  leading edge of 'clk_osc_fast'
Path Groups: {async_default}
Analysis View: wc_view
Other End Arrival Time          0.150
- Recovery                      0.371
+ Phase Shift                   0.000
- Uncertainty                   0.050
= Required Time                -0.271
- Arrival Time                  3.409
= Slack Time                   -3.680
     Clock Rise Edge                 0.000
     + Clock Network Latency (Ideal) 0.000
     = Beginpoint Arrival Time       0.000
     +-----------------------------------------------------------------------------------------------------------+ 
     |                      Instance                      |     Arc     |   Cell    | Delay | Arrival | Required | 
     |                                                    |             |           |       |  Time   |   Time   | 
     |----------------------------------------------------+-------------+-----------+-------+---------+----------| 
     | u_core_u_meas_ctrl_state_q_reg[0]                  | C ^         |           |       |   0.000 |   -3.680 | 
     | u_core_u_meas_ctrl_state_q_reg[0]                  | C ^ -> Q v  | DFRRQHDX1 | 1.104 |   1.104 |   -2.577 | 
     | FE_RC_3155_0                                       | AN v -> Q v | NO3I2HDX2 | 0.501 |   1.604 |   -2.076 | 
     | FE_OFC4741_n_77986                                 | A v -> Q v  | BUHDX12   | 0.442 |   2.046 |   -1.634 | 
     | FE_OCPC6625_FE_OFN114003_n                         | A v -> Q v  | BUHDX12   | 0.501 |   2.547 |   -1.134 | 
     | u_core_gen_pd_row[5].gen_pd_col[3].u_pd/g728__5107 | B v -> Q ^  | NO2I1HDX2 | 0.421 |   2.967 |   -0.713 | 
     | u_core_gen_pd_row[5].gen_pd_col[3].u_pd/FE_OFC2755 | A ^ -> Q ^  | BUHDX2    | 0.440 |   3.408 |   -0.273 | 
     | _n_10                                              |             |           |       |         |          | 
     | u_core_gen_pd_row[5].gen_pd_col[3].u_pd/nfast_hit_ | RN ^        | DFRRQHDX1 | 0.001 |   3.409 |   -0.271 | 
     | latched_reg[2]                                     |             |           |       |         |          | 
     +-----------------------------------------------------------------------------------------------------------+ 
Path 41: VIOLATED Recovery Check with Pin u_core_gen_pd_row[7].gen_pd_col[1].u_
pd/nfast_hit_latched_reg[6]/C 
Endpoint:   u_core_gen_pd_row[7].gen_pd_col[1].u_pd/nfast_hit_latched_reg[6]/RN 
(^) checked with  leading edge of 'clk_osc_fast_tap1'
Beginpoint: u_core_u_meas_ctrl_state_q_reg[0]/Q                                 
(v) triggered by  leading edge of 'clk_osc_fast'
Path Groups: {async_default}
Analysis View: wc_view
Other End Arrival Time          0.050
- Recovery                      0.367
+ Phase Shift                   0.000
- Uncertainty                   0.050
= Required Time                -0.367
- Arrival Time                  3.313
= Slack Time                   -3.680
     Clock Rise Edge                 0.000
     + Clock Network Latency (Ideal) 0.000
     = Beginpoint Arrival Time       0.000
     +-----------------------------------------------------------------------------------------------------------+ 
     |                      Instance                      |     Arc     |   Cell    | Delay | Arrival | Required | 
     |                                                    |             |           |       |  Time   |   Time   | 
     |----------------------------------------------------+-------------+-----------+-------+---------+----------| 
     | u_core_u_meas_ctrl_state_q_reg[0]                  | C ^         |           |       |   0.000 |   -3.680 | 
     | u_core_u_meas_ctrl_state_q_reg[0]                  | C ^ -> Q v  | DFRRQHDX1 | 1.104 |   1.104 |   -2.576 | 
     | FE_RC_3155_0                                       | AN v -> Q v | NO3I2HDX2 | 0.501 |   1.604 |   -2.076 | 
     | FE_OFC4741_n_77986                                 | A v -> Q v  | BUHDX12   | 0.442 |   2.046 |   -1.634 | 
     | FE_OCPC6625_FE_OFN114003_n                         | A v -> Q v  | BUHDX12   | 0.501 |   2.547 |   -1.133 | 
     | u_core_gen_pd_row[7].gen_pd_col[1].u_pd/g323__6161 | B v -> Q ^  | NO2I1HDX4 | 0.372 |   2.918 |   -0.762 | 
     | u_core_gen_pd_row[7].gen_pd_col[1].u_pd/FE_OFC2776 | A ^ -> Q ^  | BUHDX2    | 0.393 |   3.311 |   -0.369 | 
     | _n_9                                               |             |           |       |         |          | 
     | u_core_gen_pd_row[7].gen_pd_col[1].u_pd/nfast_hit_ | RN ^        | DFRRQHDX1 | 0.002 |   3.313 |   -0.367 | 
     | latched_reg[6]                                     |             |           |       |         |          | 
     +-----------------------------------------------------------------------------------------------------------+ 
Path 42: VIOLATED Setup Check with Pin u_core_u_meas_ctrl_flags_q_reg[closed_by_
fast_maxhit]/C 
Endpoint:   u_core_u_meas_ctrl_flags_q_reg[closed_by_fast_maxhit]/D (v) checked 
with  leading edge of 'clk_osc_fast'
Beginpoint: u_core_u_meas_ctrl_state_q_reg[1]/Q                     (^) 
triggered by  leading edge of 'clk_osc_fast'
Path Groups: {clk_osc_fast}
Analysis View: wc_view
Other End Arrival Time          0.000
- Setup                         0.629
+ Phase Shift                   0.900
- Uncertainty                   0.050
= Required Time                 0.221
- Arrival Time                  3.901
= Slack Time                   -3.680
     Clock Rise Edge                 0.000
     + Clock Network Latency (Ideal) 0.000
     = Beginpoint Arrival Time       0.000
     +-----------------------------------------------------------------------------------------------------------+ 
     |                      Instance                      |     Arc     |   Cell    | Delay | Arrival | Required | 
     |                                                    |             |           |       |  Time   |   Time   | 
     |----------------------------------------------------+-------------+-----------+-------+---------+----------| 
     | u_core_u_meas_ctrl_state_q_reg[1]                  | C ^         |           |       |   0.000 |   -3.680 | 
     | u_core_u_meas_ctrl_state_q_reg[1]                  | C ^ -> Q ^  | DFRRQHDX1 | 0.884 |   0.884 |   -2.796 | 
     | FE_RC_815_0                                        | A ^ -> Q v  | INHDX2    | 0.219 |   1.103 |   -2.577 | 
     | FE_OCPC10868_FE_OFN114309_u_core_u_meas_ctrl_state | A v -> Q ^  | INHDX0    | 0.254 |   1.357 |   -2.323 | 
     | _q_1                                               |             |           |       |         |          | 
     | g245880                                            | AN ^ -> Q ^ | NA3I1HDX2 | 0.428 |   1.785 |   -1.895 | 
     | FE_OCPC6566_n_76143                                | A ^ -> Q ^  | BUHDX4    | 0.401 |   2.185 |   -1.494 | 
     | g268255                                            | C ^ -> Q v  | NA22HDX4  | 0.421 |   2.606 |   -1.073 | 
     | FE_OCPC8767_FE_OFN112484_n_99247                   | A v -> Q v  | BUHDX4    | 0.491 |   3.098 |   -0.582 | 
     | FE_OCPC8802_FE_OFN112484_n_99247                   | A v -> Q v  | BUHDX2    | 0.395 |   3.492 |   -0.187 | 
     | g217649                                            | A v -> Q ^  | NA2HDX4   | 0.215 |   3.707 |    0.027 | 
     | g178169                                            | A ^ -> Q v  | ON21HDX1  | 0.194 |   3.900 |    0.221 | 
     | u_core_u_meas_ctrl_flags_q_reg[closed_by_fast_maxh | D v         | DFRRHDX2  | 0.000 |   3.901 |    0.221 | 
     | it]                                                |             |           |       |         |          | 
     +-----------------------------------------------------------------------------------------------------------+ 
Path 43: VIOLATED Setup Check with Pin u_core_u_meas_ctrl_row_cnt_q_reg[1][1]/C 
Endpoint:   u_core_u_meas_ctrl_row_cnt_q_reg[1][1]/D (v) checked with  leading 
edge of 'clk_osc_fast'
Beginpoint: u_core_u_meas_ctrl_hit_seen_q_reg[14]/Q  (v) triggered by  leading 
edge of 'clk_osc_fast'
Path Groups: {clk_osc_fast}
Analysis View: wc_view
Other End Arrival Time          0.000
- Setup                         0.612
+ Phase Shift                   0.900
- Uncertainty                   0.050
= Required Time                 0.238
- Arrival Time                  3.917
= Slack Time                   -3.679
     Clock Rise Edge                 0.000
     + Clock Network Latency (Ideal) 0.000
     = Beginpoint Arrival Time       0.000
     +------------------------------------------------------------------------------------------------+ 
     |                Instance                |     Arc      |   Cell    | Delay | Arrival | Required | 
     |                                        |              |           |       |  Time   |   Time   | 
     |----------------------------------------+--------------+-----------+-------+---------+----------| 
     | u_core_u_meas_ctrl_hit_seen_q_reg[14]  | C ^          |           |       |   0.000 |   -3.679 | 
     | u_core_u_meas_ctrl_hit_seen_q_reg[14]  | C ^ -> Q v   | DFRRQHDX4 | 1.451 |   1.451 |   -2.228 | 
     | g190303                                | CI v -> CO v | CAGHDX2   | 0.807 |   2.258 |   -1.421 | 
     | FE_RC_1944_0                           | A v -> Q ^   | INHDX3    | 0.146 |   2.404 |   -1.275 | 
     | FE_RC_1943_0                           | B ^ -> Q v   | NA2I1HDX2 | 0.160 |   2.564 |   -1.115 | 
     | FE_RC_1942_0                           | C v -> Q ^   | NA22HDX2  | 0.222 |   2.786 |   -0.893 | 
     | FE_RC_89_0                             | B ^ -> Q ^   | EO3HDX1   | 0.977 |   3.763 |    0.084 | 
     | g267806                                | A ^ -> Q v   | NO2HDX1   | 0.153 |   3.916 |    0.237 | 
     | u_core_u_meas_ctrl_row_cnt_q_reg[1][1] | D v          | DFRRHDX2  | 0.000 |   3.917 |    0.238 | 
     +------------------------------------------------------------------------------------------------+ 
Path 44: VIOLATED Recovery Check with Pin u_core_gen_pd_row[6].gen_pd_col[1].u_
pd/nfast_hit_latched_reg[3]/C 
Endpoint:   u_core_gen_pd_row[6].gen_pd_col[1].u_pd/nfast_hit_latched_reg[3]/RN 
(^) checked with  leading edge of 'clk_osc_fast_tap1'
Beginpoint: u_core_u_meas_ctrl_state_q_reg[0]/Q                                 
(v) triggered by  leading edge of 'clk_osc_fast'
Path Groups: {async_default}
Analysis View: wc_view
Other End Arrival Time          0.050
- Recovery                      0.350
+ Phase Shift                   0.000
- Uncertainty                   0.050
= Required Time                -0.350
- Arrival Time                  3.329
= Slack Time                   -3.679
     Clock Rise Edge                 0.000
     + Clock Network Latency (Ideal) 0.000
     = Beginpoint Arrival Time       0.000
     +-----------------------------------------------------------------------------------------------------------+ 
     |                      Instance                      |     Arc     |   Cell    | Delay | Arrival | Required | 
     |                                                    |             |           |       |  Time   |   Time   | 
     |----------------------------------------------------+-------------+-----------+-------+---------+----------| 
     | u_core_u_meas_ctrl_state_q_reg[0]                  | C ^         |           |       |   0.000 |   -3.679 | 
     | u_core_u_meas_ctrl_state_q_reg[0]                  | C ^ -> Q v  | DFRRQHDX1 | 1.104 |   1.104 |   -2.575 | 
     | FE_RC_3155_0                                       | AN v -> Q v | NO3I2HDX2 | 0.501 |   1.604 |   -2.075 | 
     | FE_OFC4741_n_77986                                 | A v -> Q v  | BUHDX12   | 0.442 |   2.046 |   -1.633 | 
     | FE_OCPC6625_FE_OFN114003_n                         | A v -> Q v  | BUHDX12   | 0.501 |   2.547 |   -1.132 | 
     | u_core_gen_pd_row[6].gen_pd_col[1].u_pd/g323__9945 | B v -> Q ^  | NO2I1HDX4 | 0.398 |   2.945 |   -0.734 | 
     | u_core_gen_pd_row[6].gen_pd_col[1].u_pd/FE_OCPC672 | A ^ -> Q ^  | BUHDX6    | 0.379 |   3.324 |   -0.355 | 
     | 1_n_10                                             |             |           |       |         |          | 
     | u_core_gen_pd_row[6].gen_pd_col[1].u_pd/nfast_hit_ | RN ^        | DFRRHDX1  | 0.005 |   3.329 |   -0.350 | 
     | latched_reg[3]                                     |             |           |       |         |          | 
     +-----------------------------------------------------------------------------------------------------------+ 
Path 45: VIOLATED Recovery Check with Pin u_core_gen_pd_row[6].gen_pd_col[1].u_
pd/nfast_hit_latched_reg[0]/C 
Endpoint:   u_core_gen_pd_row[6].gen_pd_col[1].u_pd/nfast_hit_latched_reg[0]/RN 
(^) checked with  leading edge of 'clk_osc_fast_tap1'
Beginpoint: u_core_u_meas_ctrl_state_q_reg[0]/Q                                 
(v) triggered by  leading edge of 'clk_osc_fast'
Path Groups: {async_default}
Analysis View: wc_view
Other End Arrival Time          0.050
- Recovery                      0.349
+ Phase Shift                   0.000
- Uncertainty                   0.050
= Required Time                -0.349
- Arrival Time                  3.330
= Slack Time                   -3.679
     Clock Rise Edge                 0.000
     + Clock Network Latency (Ideal) 0.000
     = Beginpoint Arrival Time       0.000
     +-----------------------------------------------------------------------------------------------------------+ 
     |                      Instance                      |     Arc     |   Cell    | Delay | Arrival | Required | 
     |                                                    |             |           |       |  Time   |   Time   | 
     |----------------------------------------------------+-------------+-----------+-------+---------+----------| 
     | u_core_u_meas_ctrl_state_q_reg[0]                  | C ^         |           |       |   0.000 |   -3.679 | 
     | u_core_u_meas_ctrl_state_q_reg[0]                  | C ^ -> Q v  | DFRRQHDX1 | 1.104 |   1.104 |   -2.575 | 
     | FE_RC_3155_0                                       | AN v -> Q v | NO3I2HDX2 | 0.501 |   1.604 |   -2.074 | 
     | FE_OFC4741_n_77986                                 | A v -> Q v  | BUHDX12   | 0.442 |   2.046 |   -1.633 | 
     | FE_OCPC6625_FE_OFN114003_n                         | A v -> Q v  | BUHDX12   | 0.501 |   2.547 |   -1.132 | 
     | u_core_gen_pd_row[6].gen_pd_col[1].u_pd/g323__9945 | B v -> Q ^  | NO2I1HDX4 | 0.398 |   2.945 |   -0.734 | 
     | u_core_gen_pd_row[6].gen_pd_col[1].u_pd/FE_OCPC672 | A ^ -> Q ^  | BUHDX6    | 0.379 |   3.324 |   -0.355 | 
     | 1_n_10                                             |             |           |       |         |          | 
     | u_core_gen_pd_row[6].gen_pd_col[1].u_pd/nfast_hit_ | RN ^        | DFRRHDX2  | 0.006 |   3.330 |   -0.349 | 
     | latched_reg[0]                                     |             |           |       |         |          | 
     +-----------------------------------------------------------------------------------------------------------+ 
Path 46: VIOLATED Recovery Check with Pin u_core_gen_pd_row[7].gen_pd_col[1].u_
pd/nfast_hit_latched_reg[2]/C 
Endpoint:   u_core_gen_pd_row[7].gen_pd_col[1].u_pd/nfast_hit_latched_reg[2]/RN 
(^) checked with  leading edge of 'clk_osc_fast_tap1'
Beginpoint: u_core_u_meas_ctrl_state_q_reg[0]/Q                                 
(v) triggered by  leading edge of 'clk_osc_fast'
Path Groups: {async_default}
Analysis View: wc_view
Other End Arrival Time          0.050
- Recovery                      0.368
+ Phase Shift                   0.000
- Uncertainty                   0.050
= Required Time                -0.368
- Arrival Time                  3.311
= Slack Time                   -3.678
     Clock Rise Edge                 0.000
     + Clock Network Latency (Ideal) 0.000
     = Beginpoint Arrival Time       0.000
     +-----------------------------------------------------------------------------------------------------------+ 
     |                      Instance                      |     Arc     |   Cell    | Delay | Arrival | Required | 
     |                                                    |             |           |       |  Time   |   Time   | 
     |----------------------------------------------------+-------------+-----------+-------+---------+----------| 
     | u_core_u_meas_ctrl_state_q_reg[0]                  | C ^         |           |       |   0.000 |   -3.678 | 
     | u_core_u_meas_ctrl_state_q_reg[0]                  | C ^ -> Q v  | DFRRQHDX1 | 1.104 |   1.104 |   -2.575 | 
     | FE_RC_3155_0                                       | AN v -> Q v | NO3I2HDX2 | 0.501 |   1.604 |   -2.074 | 
     | FE_OFC4741_n_77986                                 | A v -> Q v  | BUHDX12   | 0.442 |   2.046 |   -1.632 | 
     | FE_OCPC6625_FE_OFN114003_n                         | A v -> Q v  | BUHDX12   | 0.501 |   2.547 |   -1.132 | 
     | u_core_gen_pd_row[7].gen_pd_col[1].u_pd/g323__6161 | B v -> Q ^  | NO2I1HDX4 | 0.372 |   2.918 |   -0.760 | 
     | u_core_gen_pd_row[7].gen_pd_col[1].u_pd/FE_OFC2775 | A ^ -> Q ^  | BUHDX3    | 0.391 |   3.309 |   -0.369 | 
     | _n_9                                               |             |           |       |         |          | 
     | u_core_gen_pd_row[7].gen_pd_col[1].u_pd/nfast_hit_ | RN ^        | DFRRQHDX1 | 0.001 |   3.311 |   -0.368 | 
     | latched_reg[2]                                     |             |           |       |         |          | 
     +-----------------------------------------------------------------------------------------------------------+ 
Path 47: VIOLATED Recovery Check with Pin u_core_gen_pd_row[6].gen_pd_col[1].u_
pd/nfast_hit_latched_reg[4]/C 
Endpoint:   u_core_gen_pd_row[6].gen_pd_col[1].u_pd/nfast_hit_latched_reg[4]/RN 
(^) checked with  leading edge of 'clk_osc_fast_tap1'
Beginpoint: u_core_u_meas_ctrl_state_q_reg[0]/Q                                 
(v) triggered by  leading edge of 'clk_osc_fast'
Path Groups: {async_default}
Analysis View: wc_view
Other End Arrival Time          0.050
- Recovery                      0.350
+ Phase Shift                   0.000
- Uncertainty                   0.050
= Required Time                -0.350
- Arrival Time                  3.329
= Slack Time                   -3.678
     Clock Rise Edge                 0.000
     + Clock Network Latency (Ideal) 0.000
     = Beginpoint Arrival Time       0.000
     +-----------------------------------------------------------------------------------------------------------+ 
     |                      Instance                      |     Arc     |   Cell    | Delay | Arrival | Required | 
     |                                                    |             |           |       |  Time   |   Time   | 
     |----------------------------------------------------+-------------+-----------+-------+---------+----------| 
     | u_core_u_meas_ctrl_state_q_reg[0]                  | C ^         |           |       |   0.000 |   -3.678 | 
     | u_core_u_meas_ctrl_state_q_reg[0]                  | C ^ -> Q v  | DFRRQHDX1 | 1.104 |   1.104 |   -2.575 | 
     | FE_RC_3155_0                                       | AN v -> Q v | NO3I2HDX2 | 0.501 |   1.604 |   -2.074 | 
     | FE_OFC4741_n_77986                                 | A v -> Q v  | BUHDX12   | 0.442 |   2.046 |   -1.632 | 
     | FE_OCPC6625_FE_OFN114003_n                         | A v -> Q v  | BUHDX12   | 0.501 |   2.547 |   -1.132 | 
     | u_core_gen_pd_row[6].gen_pd_col[1].u_pd/g323__9945 | B v -> Q ^  | NO2I1HDX4 | 0.398 |   2.945 |   -0.734 | 
     | u_core_gen_pd_row[6].gen_pd_col[1].u_pd/FE_OCPC672 | A ^ -> Q ^  | BUHDX6    | 0.379 |   3.324 |   -0.354 | 
     | 1_n_10                                             |             |           |       |         |          | 
     | u_core_gen_pd_row[6].gen_pd_col[1].u_pd/nfast_hit_ | RN ^        | DFRRHDX1  | 0.005 |   3.329 |   -0.350 | 
     | latched_reg[4]                                     |             |           |       |         |          | 
     +-----------------------------------------------------------------------------------------------------------+ 
Path 48: VIOLATED Recovery Check with Pin u_core_gen_pd_row[7].gen_pd_col[1].u_
pd/q1_reg/C 
Endpoint:   u_core_gen_pd_row[7].gen_pd_col[1].u_pd/q1_reg/RN (^) checked with  
leading edge of 'clk_osc_fast_tap1'
Beginpoint: u_core_u_meas_ctrl_state_q_reg[0]/Q               (v) triggered by  
leading edge of 'clk_osc_fast'
Path Groups: {async_default}
Analysis View: wc_view
Other End Arrival Time          0.050
- Recovery                      0.368
+ Phase Shift                   0.000
- Uncertainty                   0.050
= Required Time                -0.368
- Arrival Time                  3.311
= Slack Time                   -3.678
     Clock Rise Edge                 0.000
     + Clock Network Latency (Ideal) 0.000
     = Beginpoint Arrival Time       0.000
     +-----------------------------------------------------------------------------------------------------------+ 
     |                      Instance                      |     Arc     |   Cell    | Delay | Arrival | Required | 
     |                                                    |             |           |       |  Time   |   Time   | 
     |----------------------------------------------------+-------------+-----------+-------+---------+----------| 
     | u_core_u_meas_ctrl_state_q_reg[0]                  | C ^         |           |       |   0.000 |   -3.678 | 
     | u_core_u_meas_ctrl_state_q_reg[0]                  | C ^ -> Q v  | DFRRQHDX1 | 1.104 |   1.104 |   -2.575 | 
     | FE_RC_3155_0                                       | AN v -> Q v | NO3I2HDX2 | 0.501 |   1.604 |   -2.074 | 
     | FE_OFC4741_n_77986                                 | A v -> Q v  | BUHDX12   | 0.442 |   2.046 |   -1.632 | 
     | FE_OCPC6625_FE_OFN114003_n                         | A v -> Q v  | BUHDX12   | 0.501 |   2.547 |   -1.131 | 
     | u_core_gen_pd_row[7].gen_pd_col[1].u_pd/g323__6161 | B v -> Q ^  | NO2I1HDX4 | 0.372 |   2.918 |   -0.760 | 
     | u_core_gen_pd_row[7].gen_pd_col[1].u_pd/FE_OFC2775 | A ^ -> Q ^  | BUHDX3    | 0.391 |   3.309 |   -0.369 | 
     | _n_9                                               |             |           |       |         |          | 
     | u_core_gen_pd_row[7].gen_pd_col[1].u_pd/q1_reg     | RN ^        | DFRRQHDX1 | 0.001 |   3.311 |   -0.368 | 
     +-----------------------------------------------------------------------------------------------------------+ 
Path 49: VIOLATED Recovery Check with Pin u_core_gen_pd_row[7].gen_pd_col[1].u_
pd/hit_latched_reg/C 
Endpoint:   u_core_gen_pd_row[7].gen_pd_col[1].u_pd/hit_latched_reg/RN (^) 
checked with  leading edge of 'clk_osc_fast_tap1'
Beginpoint: u_core_u_meas_ctrl_state_q_reg[0]/Q                        (v) 
triggered by  leading edge of 'clk_osc_fast'
Path Groups: {async_default}
Analysis View: wc_view
Other End Arrival Time          0.050
- Recovery                      0.368
+ Phase Shift                   0.000
- Uncertainty                   0.050
= Required Time                -0.368
- Arrival Time                  3.311
= Slack Time                   -3.678
     Clock Rise Edge                 0.000
     + Clock Network Latency (Ideal) 0.000
     = Beginpoint Arrival Time       0.000
     +-----------------------------------------------------------------------------------------------------------+ 
     |                      Instance                      |     Arc     |   Cell    | Delay | Arrival | Required | 
     |                                                    |             |           |       |  Time   |   Time   | 
     |----------------------------------------------------+-------------+-----------+-------+---------+----------| 
     | u_core_u_meas_ctrl_state_q_reg[0]                  | C ^         |           |       |   0.000 |   -3.678 | 
     | u_core_u_meas_ctrl_state_q_reg[0]                  | C ^ -> Q v  | DFRRQHDX1 | 1.104 |   1.104 |   -2.575 | 
     | FE_RC_3155_0                                       | AN v -> Q v | NO3I2HDX2 | 0.501 |   1.604 |   -2.074 | 
     | FE_OFC4741_n_77986                                 | A v -> Q v  | BUHDX12   | 0.442 |   2.046 |   -1.632 | 
     | FE_OCPC6625_FE_OFN114003_n                         | A v -> Q v  | BUHDX12   | 0.501 |   2.547 |   -1.131 | 
     | u_core_gen_pd_row[7].gen_pd_col[1].u_pd/g323__6161 | B v -> Q ^  | NO2I1HDX4 | 0.372 |   2.918 |   -0.760 | 
     | u_core_gen_pd_row[7].gen_pd_col[1].u_pd/FE_OFC2775 | A ^ -> Q ^  | BUHDX3    | 0.391 |   3.309 |   -0.369 | 
     | _n_9                                               |             |           |       |         |          | 
     | u_core_gen_pd_row[7].gen_pd_col[1].u_pd/hit_latche | RN ^        | DFRRQHDX1 | 0.001 |   3.311 |   -0.368 | 
     | d_reg                                              |             |           |       |         |          | 
     +-----------------------------------------------------------------------------------------------------------+ 
Path 50: VIOLATED Recovery Check with Pin u_core_gen_pd_row[7].gen_pd_col[1].u_
pd/q2_reg/C 
Endpoint:   u_core_gen_pd_row[7].gen_pd_col[1].u_pd/q2_reg/RN (^) checked with  
leading edge of 'clk_osc_fast_tap1'
Beginpoint: u_core_u_meas_ctrl_state_q_reg[0]/Q               (v) triggered by  
leading edge of 'clk_osc_fast'
Path Groups: {async_default}
Analysis View: wc_view
Other End Arrival Time          0.050
- Recovery                      0.368
+ Phase Shift                   0.000
- Uncertainty                   0.050
= Required Time                -0.368
- Arrival Time                  3.310
= Slack Time                   -3.678
     Clock Rise Edge                 0.000
     + Clock Network Latency (Ideal) 0.000
     = Beginpoint Arrival Time       0.000
     +-----------------------------------------------------------------------------------------------------------+ 
     |                      Instance                      |     Arc     |   Cell    | Delay | Arrival | Required | 
     |                                                    |             |           |       |  Time   |   Time   | 
     |----------------------------------------------------+-------------+-----------+-------+---------+----------| 
     | u_core_u_meas_ctrl_state_q_reg[0]                  | C ^         |           |       |   0.000 |   -3.678 | 
     | u_core_u_meas_ctrl_state_q_reg[0]                  | C ^ -> Q v  | DFRRQHDX1 | 1.104 |   1.104 |   -2.574 | 
     | FE_RC_3155_0                                       | AN v -> Q v | NO3I2HDX2 | 0.501 |   1.604 |   -2.074 | 
     | FE_OFC4741_n_77986                                 | A v -> Q v  | BUHDX12   | 0.442 |   2.046 |   -1.632 | 
     | FE_OCPC6625_FE_OFN114003_n                         | A v -> Q v  | BUHDX12   | 0.501 |   2.547 |   -1.131 | 
     | u_core_gen_pd_row[7].gen_pd_col[1].u_pd/g323__6161 | B v -> Q ^  | NO2I1HDX4 | 0.372 |   2.918 |   -0.760 | 
     | u_core_gen_pd_row[7].gen_pd_col[1].u_pd/FE_OFC2775 | A ^ -> Q ^  | BUHDX3    | 0.391 |   3.309 |   -0.368 | 
     | _n_9                                               |             |           |       |         |          | 
     | u_core_gen_pd_row[7].gen_pd_col[1].u_pd/q2_reg     | RN ^        | DFRRQHDX1 | 0.001 |   3.310 |   -0.368 | 
     +-----------------------------------------------------------------------------------------------------------+ 
Path 51: VIOLATED Recovery Check with Pin u_core_gen_pd_row[6].gen_pd_col[1].u_
pd/nfast_hit_latched_reg[2]/C 
Endpoint:   u_core_gen_pd_row[6].gen_pd_col[1].u_pd/nfast_hit_latched_reg[2]/RN 
(^) checked with  leading edge of 'clk_osc_fast_tap1'
Beginpoint: u_core_u_meas_ctrl_state_q_reg[0]/Q                                 
(v) triggered by  leading edge of 'clk_osc_fast'
Path Groups: {async_default}
Analysis View: wc_view
Other End Arrival Time          0.050
- Recovery                      0.350
+ Phase Shift                   0.000
- Uncertainty                   0.050
= Required Time                -0.350
- Arrival Time                  3.328
= Slack Time                   -3.678
     Clock Rise Edge                 0.000
     + Clock Network Latency (Ideal) 0.000
     = Beginpoint Arrival Time       0.000
     +-----------------------------------------------------------------------------------------------------------+ 
     |                      Instance                      |     Arc     |   Cell    | Delay | Arrival | Required | 
     |                                                    |             |           |       |  Time   |   Time   | 
     |----------------------------------------------------+-------------+-----------+-------+---------+----------| 
     | u_core_u_meas_ctrl_state_q_reg[0]                  | C ^         |           |       |   0.000 |   -3.678 | 
     | u_core_u_meas_ctrl_state_q_reg[0]                  | C ^ -> Q v  | DFRRQHDX1 | 1.104 |   1.104 |   -2.574 | 
     | FE_RC_3155_0                                       | AN v -> Q v | NO3I2HDX2 | 0.501 |   1.604 |   -2.074 | 
     | FE_OFC4741_n_77986                                 | A v -> Q v  | BUHDX12   | 0.442 |   2.046 |   -1.632 | 
     | FE_OCPC6625_FE_OFN114003_n                         | A v -> Q v  | BUHDX12   | 0.501 |   2.547 |   -1.131 | 
     | u_core_gen_pd_row[6].gen_pd_col[1].u_pd/g323__9945 | B v -> Q ^  | NO2I1HDX4 | 0.398 |   2.945 |   -0.733 | 
     | u_core_gen_pd_row[6].gen_pd_col[1].u_pd/FE_OCPC672 | A ^ -> Q ^  | BUHDX6    | 0.379 |   3.324 |   -0.354 | 
     | 1_n_10                                             |             |           |       |         |          | 
     | u_core_gen_pd_row[6].gen_pd_col[1].u_pd/nfast_hit_ | RN ^        | DFRRHDX1  | 0.004 |   3.328 |   -0.350 | 
     | latched_reg[2]                                     |             |           |       |         |          | 
     +-----------------------------------------------------------------------------------------------------------+ 
Path 52: VIOLATED Recovery Check with Pin u_core_gen_pd_row[6].gen_pd_col[1].u_
pd/nfast_hit_latched_reg[1]/C 
Endpoint:   u_core_gen_pd_row[6].gen_pd_col[1].u_pd/nfast_hit_latched_reg[1]/RN 
(^) checked with  leading edge of 'clk_osc_fast_tap1'
Beginpoint: u_core_u_meas_ctrl_state_q_reg[0]/Q                                 
(v) triggered by  leading edge of 'clk_osc_fast'
Path Groups: {async_default}
Analysis View: wc_view
Other End Arrival Time          0.050
- Recovery                      0.350
+ Phase Shift                   0.000
- Uncertainty                   0.050
= Required Time                -0.350
- Arrival Time                  3.328
= Slack Time                   -3.678
     Clock Rise Edge                 0.000
     + Clock Network Latency (Ideal) 0.000
     = Beginpoint Arrival Time       0.000
     +-----------------------------------------------------------------------------------------------------------+ 
     |                      Instance                      |     Arc     |   Cell    | Delay | Arrival | Required | 
     |                                                    |             |           |       |  Time   |   Time   | 
     |----------------------------------------------------+-------------+-----------+-------+---------+----------| 
     | u_core_u_meas_ctrl_state_q_reg[0]                  | C ^         |           |       |   0.000 |   -3.678 | 
     | u_core_u_meas_ctrl_state_q_reg[0]                  | C ^ -> Q v  | DFRRQHDX1 | 1.104 |   1.104 |   -2.574 | 
     | FE_RC_3155_0                                       | AN v -> Q v | NO3I2HDX2 | 0.501 |   1.604 |   -2.073 | 
     | FE_OFC4741_n_77986                                 | A v -> Q v  | BUHDX12   | 0.442 |   2.046 |   -1.631 | 
     | FE_OCPC6625_FE_OFN114003_n                         | A v -> Q v  | BUHDX12   | 0.501 |   2.547 |   -1.131 | 
     | u_core_gen_pd_row[6].gen_pd_col[1].u_pd/g323__9945 | B v -> Q ^  | NO2I1HDX4 | 0.398 |   2.945 |   -0.733 | 
     | u_core_gen_pd_row[6].gen_pd_col[1].u_pd/FE_OCPC672 | A ^ -> Q ^  | BUHDX6    | 0.379 |   3.324 |   -0.354 | 
     | 1_n_10                                             |             |           |       |         |          | 
     | u_core_gen_pd_row[6].gen_pd_col[1].u_pd/nfast_hit_ | RN ^        | DFRRHDX1  | 0.004 |   3.328 |   -0.350 | 
     | latched_reg[1]                                     |             |           |       |         |          | 
     +-----------------------------------------------------------------------------------------------------------+ 
Path 53: VIOLATED Setup Check with Pin u_core_u_meas_ctrl_hit_seen_q_reg[46]/C 
Endpoint:   u_core_u_meas_ctrl_hit_seen_q_reg[46]/D (v) checked with  leading 
edge of 'clk_osc_fast'
Beginpoint: u_core_u_meas_ctrl_state_q_reg[0]/Q     (v) triggered by  leading 
edge of 'clk_osc_fast'
Path Groups: {clk_osc_fast}
Analysis View: wc_view
Other End Arrival Time          0.000
- Setup                         0.641
+ Phase Shift                   0.900
- Uncertainty                   0.050
= Required Time                 0.209
- Arrival Time                  3.885
= Slack Time                   -3.676
     Clock Rise Edge                 0.000
     + Clock Network Latency (Ideal) 0.000
     = Beginpoint Arrival Time       0.000
     +------------------------------------------------------------------------------------------------+ 
     |                 Instance                 |    Arc     |   Cell    | Delay | Arrival | Required | 
     |                                          |            |           |       |  Time   |   Time   | 
     |------------------------------------------+------------+-----------+-------+---------+----------| 
     | u_core_u_meas_ctrl_state_q_reg[0]        | C ^        |           |       |   0.000 |   -3.676 | 
     | u_core_u_meas_ctrl_state_q_reg[0]        | C ^ -> Q v | DFRRQHDX1 | 1.104 |   1.104 |   -2.572 | 
     | FE_OCPC6546_u_core_u_meas_ctrl_state_q_0 | A v -> Q ^ | INHDX3    | 0.337 |   1.441 |   -2.235 | 
     | g227747                                  | A ^ -> Q ^ | OR2HDX2   | 0.406 |   1.847 |   -1.829 | 
     | FE_RC_780_0                              | A ^ -> Q ^ | NA22HDX2  | 0.422 |   2.269 |   -1.407 | 
     | g227754                                  | A ^ -> Q ^ | AND2HDX2  | 0.413 |   2.682 |   -0.994 | 
     | g211168                                  | A ^ -> Q v | NA3HDX4   | 0.294 |   2.977 |   -0.699 | 
     | FE_OFC2355_n_40275                       | A v -> Q v | BUHDX12   | 0.457 |   3.433 |   -0.243 | 
     | g175780                                  | A v -> Q v | NA22HDX1  | 0.451 |   3.885 |    0.209 | 
     | u_core_u_meas_ctrl_hit_seen_q_reg[46]    | D v        | DFRRHDX1  | 0.000 |   3.885 |    0.209 | 
     +------------------------------------------------------------------------------------------------+ 
Path 54: VIOLATED Recovery Check with Pin u_core_gen_pd_row[6].gen_pd_col[4].u_
pd/nfast_hit_latched_reg[4]/C 
Endpoint:   u_core_gen_pd_row[6].gen_pd_col[4].u_pd/nfast_hit_latched_reg[4]/RN 
(^) checked with  leading edge of 'clk_osc_fast_tap4'
Beginpoint: u_core_u_meas_ctrl_state_q_reg[0]/Q                                 
(v) triggered by  leading edge of 'clk_osc_fast'
Path Groups: {async_default}
Analysis View: wc_view
Other End Arrival Time          0.200
- Recovery                      0.355
+ Phase Shift                   0.000
- Uncertainty                   0.050
= Required Time                -0.205
- Arrival Time                  3.471
= Slack Time                   -3.676
     Clock Rise Edge                 0.000
     + Clock Network Latency (Ideal) 0.000
     = Beginpoint Arrival Time       0.000
     +-----------------------------------------------------------------------------------------------------------+ 
     |                      Instance                      |     Arc     |   Cell    | Delay | Arrival | Required | 
     |                                                    |             |           |       |  Time   |   Time   | 
     |----------------------------------------------------+-------------+-----------+-------+---------+----------| 
     | u_core_u_meas_ctrl_state_q_reg[0]                  | C ^         |           |       |   0.000 |   -3.676 | 
     | u_core_u_meas_ctrl_state_q_reg[0]                  | C ^ -> Q v  | DFRRQHDX1 | 1.104 |   1.104 |   -2.572 | 
     | FE_RC_3155_0                                       | AN v -> Q v | NO3I2HDX2 | 0.501 |   1.604 |   -2.072 | 
     | FE_OFC4741_n_77986                                 | A v -> Q v  | BUHDX12   | 0.442 |   2.046 |   -1.630 | 
     | FE_OCPC6625_FE_OFN114003_n                         | A v -> Q v  | BUHDX12   | 0.501 |   2.547 |   -1.129 | 
     | u_core_gen_pd_row[6].gen_pd_col[4].u_pd/g1354__511 | B v -> Q ^  | NO2I1HDX2 | 0.490 |   3.036 |   -0.639 | 
     | 5                                                  |             |           |       |         |          | 
     | u_core_gen_pd_row[6].gen_pd_col[4].u_pd/FE_OFC2768 | A ^ -> Q ^  | BUHDX6    | 0.417 |   3.454 |   -0.222 | 
     | _n_10                                              |             |           |       |         |          | 
     | u_core_gen_pd_row[6].gen_pd_col[4].u_pd/nfast_hit_ | RN ^        | DFRRHDX1  | 0.017 |   3.471 |   -0.205 | 
     | latched_reg[4]                                     |             |           |       |         |          | 
     +-----------------------------------------------------------------------------------------------------------+ 
Path 55: VIOLATED Recovery Check with Pin u_core_gen_pd_row[6].gen_pd_col[4].u_
pd/nfast_hit_latched_reg[0]/C 
Endpoint:   u_core_gen_pd_row[6].gen_pd_col[4].u_pd/nfast_hit_latched_reg[0]/RN 
(^) checked with  leading edge of 'clk_osc_fast_tap4'
Beginpoint: u_core_u_meas_ctrl_state_q_reg[0]/Q                                 
(v) triggered by  leading edge of 'clk_osc_fast'
Path Groups: {async_default}
Analysis View: wc_view
Other End Arrival Time          0.200
- Recovery                      0.355
+ Phase Shift                   0.000
- Uncertainty                   0.050
= Required Time                -0.205
- Arrival Time                  3.471
= Slack Time                   -3.676
     Clock Rise Edge                 0.000
     + Clock Network Latency (Ideal) 0.000
     = Beginpoint Arrival Time       0.000
     +-----------------------------------------------------------------------------------------------------------+ 
     |                      Instance                      |     Arc     |   Cell    | Delay | Arrival | Required | 
     |                                                    |             |           |       |  Time   |   Time   | 
     |----------------------------------------------------+-------------+-----------+-------+---------+----------| 
     | u_core_u_meas_ctrl_state_q_reg[0]                  | C ^         |           |       |   0.000 |   -3.676 | 
     | u_core_u_meas_ctrl_state_q_reg[0]                  | C ^ -> Q v  | DFRRQHDX1 | 1.104 |   1.104 |   -2.572 | 
     | FE_RC_3155_0                                       | AN v -> Q v | NO3I2HDX2 | 0.501 |   1.604 |   -2.072 | 
     | FE_OFC4741_n_77986                                 | A v -> Q v  | BUHDX12   | 0.442 |   2.046 |   -1.630 | 
     | FE_OCPC6625_FE_OFN114003_n                         | A v -> Q v  | BUHDX12   | 0.501 |   2.547 |   -1.129 | 
     | u_core_gen_pd_row[6].gen_pd_col[4].u_pd/g1354__511 | B v -> Q ^  | NO2I1HDX2 | 0.490 |   3.036 |   -0.639 | 
     | 5                                                  |             |           |       |         |          | 
     | u_core_gen_pd_row[6].gen_pd_col[4].u_pd/FE_OFC2768 | A ^ -> Q ^  | BUHDX6    | 0.417 |   3.454 |   -0.222 | 
     | _n_10                                              |             |           |       |         |          | 
     | u_core_gen_pd_row[6].gen_pd_col[4].u_pd/nfast_hit_ | RN ^        | DFRRHDX2  | 0.017 |   3.471 |   -0.205 | 
     | latched_reg[0]                                     |             |           |       |         |          | 
     +-----------------------------------------------------------------------------------------------------------+ 
Path 56: VIOLATED Recovery Check with Pin u_core_gen_pd_row[1].gen_pd_col[1].u_
pd/nfast_hit_latched_reg[0]/C 
Endpoint:   u_core_gen_pd_row[1].gen_pd_col[1].u_pd/nfast_hit_latched_reg[0]/RN 
(^) checked with  leading edge of 'clk_osc_fast_tap1'
Beginpoint: u_core_u_meas_ctrl_state_q_reg[0]/Q                                 
(v) triggered by  leading edge of 'clk_osc_fast'
Path Groups: {async_default}
Analysis View: wc_view
Other End Arrival Time          0.050
- Recovery                      0.348
+ Phase Shift                   0.000
- Uncertainty                   0.050
= Required Time                -0.348
- Arrival Time                  3.326
= Slack Time                   -3.675
     Clock Rise Edge                 0.000
     + Clock Network Latency (Ideal) 0.000
     = Beginpoint Arrival Time       0.000
     +-----------------------------------------------------------------------------------------------------------+ 
     |                      Instance                      |     Arc     |   Cell    | Delay | Arrival | Required | 
     |                                                    |             |           |       |  Time   |   Time   | 
     |----------------------------------------------------+-------------+-----------+-------+---------+----------| 
     | u_core_u_meas_ctrl_state_q_reg[0]                  | C ^         |           |       |   0.000 |   -3.675 | 
     | u_core_u_meas_ctrl_state_q_reg[0]                  | C ^ -> Q v  | DFRRQHDX1 | 1.104 |   1.104 |   -2.571 | 
     | FE_RC_3155_0                                       | AN v -> Q v | NO3I2HDX2 | 0.501 |   1.604 |   -2.070 | 
     | FE_OFC4741_n_77986                                 | A v -> Q v  | BUHDX12   | 0.442 |   2.046 |   -1.628 | 
     | FE_OCPC6626_FE_OFN114003_n                         | A v -> Q v  | BUHDX8    | 0.545 |   2.591 |   -1.084 | 
     | u_core_gen_pd_row[1].gen_pd_col[1].u_pd/g323__4319 | B v -> Q ^  | NO2I1HDX4 | 0.359 |   2.950 |   -0.725 | 
     | u_core_gen_pd_row[1].gen_pd_col[1].u_pd/FE_OFC2708 | A ^ -> Q ^  | BUHDX6    | 0.370 |   3.320 |   -0.355 | 
     | _n_9                                               |             |           |       |         |          | 
     | u_core_gen_pd_row[1].gen_pd_col[1].u_pd/nfast_hit_ | RN ^        | DFRRHDX1  | 0.007 |   3.326 |   -0.348 | 
     | latched_reg[0]                                     |             |           |       |         |          | 
     +-----------------------------------------------------------------------------------------------------------+ 
Path 57: VIOLATED Recovery Check with Pin u_core_gen_pd_row[6].gen_pd_col[4].u_
pd/nfast_hit_latched_reg[3]/C 
Endpoint:   u_core_gen_pd_row[6].gen_pd_col[4].u_pd/nfast_hit_latched_reg[3]/RN 
(^) checked with  leading edge of 'clk_osc_fast_tap4'
Beginpoint: u_core_u_meas_ctrl_state_q_reg[0]/Q                                 
(v) triggered by  leading edge of 'clk_osc_fast'
Path Groups: {async_default}
Analysis View: wc_view
Other End Arrival Time          0.200
- Recovery                      0.355
+ Phase Shift                   0.000
- Uncertainty                   0.050
= Required Time                -0.205
- Arrival Time                  3.468
= Slack Time                   -3.673
     Clock Rise Edge                 0.000
     + Clock Network Latency (Ideal) 0.000
     = Beginpoint Arrival Time       0.000
     +-----------------------------------------------------------------------------------------------------------+ 
     |                      Instance                      |     Arc     |   Cell    | Delay | Arrival | Required | 
     |                                                    |             |           |       |  Time   |   Time   | 
     |----------------------------------------------------+-------------+-----------+-------+---------+----------| 
     | u_core_u_meas_ctrl_state_q_reg[0]                  | C ^         |           |       |   0.000 |   -3.673 | 
     | u_core_u_meas_ctrl_state_q_reg[0]                  | C ^ -> Q v  | DFRRQHDX1 | 1.104 |   1.104 |   -2.570 | 
     | FE_RC_3155_0                                       | AN v -> Q v | NO3I2HDX2 | 0.501 |   1.604 |   -2.069 | 
     | FE_OFC4741_n_77986                                 | A v -> Q v  | BUHDX12   | 0.442 |   2.046 |   -1.627 | 
     | FE_OCPC6625_FE_OFN114003_n                         | A v -> Q v  | BUHDX12   | 0.501 |   2.547 |   -1.126 | 
     | u_core_gen_pd_row[6].gen_pd_col[4].u_pd/g1354__511 | B v -> Q ^  | NO2I1HDX2 | 0.490 |   3.036 |   -0.637 | 
     | 5                                                  |             |           |       |         |          | 
     | u_core_gen_pd_row[6].gen_pd_col[4].u_pd/FE_OFC2768 | A ^ -> Q ^  | BUHDX6    | 0.417 |   3.454 |   -0.219 | 
     | _n_10                                              |             |           |       |         |          | 
     | u_core_gen_pd_row[6].gen_pd_col[4].u_pd/nfast_hit_ | RN ^        | DFRRHDX1  | 0.015 |   3.468 |   -0.205 | 
     | latched_reg[3]                                     |             |           |       |         |          | 
     +-----------------------------------------------------------------------------------------------------------+ 
Path 58: VIOLATED Recovery Check with Pin u_core_gen_pd_row[1].gen_pd_col[1].u_
pd/nfast_hit_latched_reg[1]/C 
Endpoint:   u_core_gen_pd_row[1].gen_pd_col[1].u_pd/nfast_hit_latched_reg[1]/RN 
(^) checked with  leading edge of 'clk_osc_fast_tap1'
Beginpoint: u_core_u_meas_ctrl_state_q_reg[0]/Q                                 
(v) triggered by  leading edge of 'clk_osc_fast'
Path Groups: {async_default}
Analysis View: wc_view
Other End Arrival Time          0.050
- Recovery                      0.348
+ Phase Shift                   0.000
- Uncertainty                   0.050
= Required Time                -0.348
- Arrival Time                  3.325
= Slack Time                   -3.673
     Clock Rise Edge                 0.000
     + Clock Network Latency (Ideal) 0.000
     = Beginpoint Arrival Time       0.000
     +-----------------------------------------------------------------------------------------------------------+ 
     |                      Instance                      |     Arc     |   Cell    | Delay | Arrival | Required | 
     |                                                    |             |           |       |  Time   |   Time   | 
     |----------------------------------------------------+-------------+-----------+-------+---------+----------| 
     | u_core_u_meas_ctrl_state_q_reg[0]                  | C ^         |           |       |   0.000 |   -3.673 | 
     | u_core_u_meas_ctrl_state_q_reg[0]                  | C ^ -> Q v  | DFRRQHDX1 | 1.104 |   1.104 |   -2.569 | 
     | FE_RC_3155_0                                       | AN v -> Q v | NO3I2HDX2 | 0.501 |   1.604 |   -2.069 | 
     | FE_OFC4741_n_77986                                 | A v -> Q v  | BUHDX12   | 0.442 |   2.046 |   -1.627 | 
     | FE_OCPC6626_FE_OFN114003_n                         | A v -> Q v  | BUHDX8    | 0.545 |   2.591 |   -1.082 | 
     | u_core_gen_pd_row[1].gen_pd_col[1].u_pd/g323__4319 | B v -> Q ^  | NO2I1HDX4 | 0.359 |   2.950 |   -0.723 | 
     | u_core_gen_pd_row[1].gen_pd_col[1].u_pd/FE_OFC2708 | A ^ -> Q ^  | BUHDX6    | 0.370 |   3.320 |   -0.353 | 
     | _n_9                                               |             |           |       |         |          | 
     | u_core_gen_pd_row[1].gen_pd_col[1].u_pd/nfast_hit_ | RN ^        | DFRRHDX2  | 0.005 |   3.325 |   -0.348 | 
     | latched_reg[1]                                     |             |           |       |         |          | 
     +-----------------------------------------------------------------------------------------------------------+ 
Path 59: VIOLATED Recovery Check with Pin u_core_gen_pd_row[6].gen_pd_col[1].u_
pd/q2_reg/C 
Endpoint:   u_core_gen_pd_row[6].gen_pd_col[1].u_pd/q2_reg/RN (^) checked with  
leading edge of 'clk_osc_fast_tap1'
Beginpoint: u_core_u_meas_ctrl_state_q_reg[0]/Q               (v) triggered by  
leading edge of 'clk_osc_fast'
Path Groups: {async_default}
Analysis View: wc_view
Other End Arrival Time          0.050
- Recovery                      0.345
+ Phase Shift                   0.000
- Uncertainty                   0.050
= Required Time                -0.345
- Arrival Time                  3.328
= Slack Time                   -3.673
     Clock Rise Edge                 0.000
     + Clock Network Latency (Ideal) 0.000
     = Beginpoint Arrival Time       0.000
     +-----------------------------------------------------------------------------------------------------------+ 
     |                      Instance                      |     Arc     |   Cell    | Delay | Arrival | Required | 
     |                                                    |             |           |       |  Time   |   Time   | 
     |----------------------------------------------------+-------------+-----------+-------+---------+----------| 
     | u_core_u_meas_ctrl_state_q_reg[0]                  | C ^         |           |       |   0.000 |   -3.673 | 
     | u_core_u_meas_ctrl_state_q_reg[0]                  | C ^ -> Q v  | DFRRQHDX1 | 1.104 |   1.104 |   -2.569 | 
     | FE_RC_3155_0                                       | AN v -> Q v | NO3I2HDX2 | 0.501 |   1.604 |   -2.069 | 
     | FE_OFC4741_n_77986                                 | A v -> Q v  | BUHDX12   | 0.442 |   2.046 |   -1.627 | 
     | FE_OCPC6625_FE_OFN114003_n                         | A v -> Q v  | BUHDX12   | 0.501 |   2.547 |   -1.126 | 
     | u_core_gen_pd_row[6].gen_pd_col[1].u_pd/g323__9945 | B v -> Q ^  | NO2I1HDX4 | 0.398 |   2.945 |   -0.728 | 
     | u_core_gen_pd_row[6].gen_pd_col[1].u_pd/FE_OCPC672 | A ^ -> Q ^  | BUHDX6    | 0.379 |   3.324 |   -0.349 | 
     | 1_n_10                                             |             |           |       |         |          | 
     | u_core_gen_pd_row[6].gen_pd_col[1].u_pd/q2_reg     | RN ^        | DFRRHDX4  | 0.004 |   3.328 |   -0.345 | 
     +-----------------------------------------------------------------------------------------------------------+ 
Path 60: VIOLATED Setup Check with Pin u_core_u_meas_ctrl_flags_q_reg[closed_by_
maxhits]/C 
Endpoint:   u_core_u_meas_ctrl_flags_q_reg[closed_by_maxhits]/D (v) checked 
with  leading edge of 'clk_osc_fast'
Beginpoint: u_core_u_meas_ctrl_state_q_reg[1]/Q                 (^) triggered 
by  leading edge of 'clk_osc_fast'
Path Groups: {clk_osc_fast}
Analysis View: wc_view
Other End Arrival Time          0.000
- Setup                         0.596
+ Phase Shift                   0.900
- Uncertainty                   0.050
= Required Time                 0.254
- Arrival Time                  3.927
= Slack Time                   -3.673
     Clock Rise Edge                 0.000
     + Clock Network Latency (Ideal) 0.000
     = Beginpoint Arrival Time       0.000
     +-----------------------------------------------------------------------------------------------------------+ 
     |                      Instance                      |     Arc     |   Cell    | Delay | Arrival | Required | 
     |                                                    |             |           |       |  Time   |   Time   | 
     |----------------------------------------------------+-------------+-----------+-------+---------+----------| 
     | u_core_u_meas_ctrl_state_q_reg[1]                  | C ^         |           |       |   0.000 |   -3.673 | 
     | u_core_u_meas_ctrl_state_q_reg[1]                  | C ^ -> Q ^  | DFRRQHDX1 | 0.884 |   0.884 |   -2.789 | 
     | FE_RC_815_0                                        | A ^ -> Q v  | INHDX2    | 0.219 |   1.103 |   -2.570 | 
     | FE_OCPC10868_FE_OFN114309_u_core_u_meas_ctrl_state | A v -> Q ^  | INHDX0    | 0.254 |   1.357 |   -2.316 | 
     | _q_1                                               |             |           |       |         |          | 
     | g245880                                            | AN ^ -> Q ^ | NA3I1HDX2 | 0.428 |   1.785 |   -1.888 | 
     | FE_OCPC6566_n_76143                                | A ^ -> Q ^  | BUHDX4    | 0.401 |   2.185 |   -1.487 | 
     | g268255                                            | C ^ -> Q v  | NA22HDX4  | 0.421 |   2.606 |   -1.066 | 
     | FE_OCPC8767_FE_OFN112484_n_99247                   | A v -> Q v  | BUHDX4    | 0.491 |   3.098 |   -0.575 | 
     | FE_OCPC8802_FE_OFN112484_n_99247                   | A v -> Q v  | BUHDX2    | 0.395 |   3.492 |   -0.181 | 
     | g217649                                            | A v -> Q ^  | NA2HDX4   | 0.215 |   3.707 |    0.034 | 
     | FE_RC_1554_0                                       | B ^ -> Q v  | ON21HDX1  | 0.220 |   3.926 |    0.254 | 
     | u_core_u_meas_ctrl_flags_q_reg[closed_by_maxhits]  | D v         | DFRRHDX4  | 0.000 |   3.927 |    0.254 | 
     +-----------------------------------------------------------------------------------------------------------+ 
Path 61: VIOLATED Recovery Check with Pin u_core_gen_pd_row[6].gen_pd_col[4].u_
pd/nfast_hit_latched_reg[1]/C 
Endpoint:   u_core_gen_pd_row[6].gen_pd_col[4].u_pd/nfast_hit_latched_reg[1]/RN 
(^) checked with  leading edge of 'clk_osc_fast_tap4'
Beginpoint: u_core_u_meas_ctrl_state_q_reg[0]/Q                                 
(v) triggered by  leading edge of 'clk_osc_fast'
Path Groups: {async_default}
Analysis View: wc_view
Other End Arrival Time          0.200
- Recovery                      0.355
+ Phase Shift                   0.000
- Uncertainty                   0.050
= Required Time                -0.205
- Arrival Time                  3.467
= Slack Time                   -3.672
     Clock Rise Edge                 0.000
     + Clock Network Latency (Ideal) 0.000
     = Beginpoint Arrival Time       0.000
     +-----------------------------------------------------------------------------------------------------------+ 
     |                      Instance                      |     Arc     |   Cell    | Delay | Arrival | Required | 
     |                                                    |             |           |       |  Time   |   Time   | 
     |----------------------------------------------------+-------------+-----------+-------+---------+----------| 
     | u_core_u_meas_ctrl_state_q_reg[0]                  | C ^         |           |       |   0.000 |   -3.672 | 
     | u_core_u_meas_ctrl_state_q_reg[0]                  | C ^ -> Q v  | DFRRQHDX1 | 1.104 |   1.104 |   -2.569 | 
     | FE_RC_3155_0                                       | AN v -> Q v | NO3I2HDX2 | 0.501 |   1.604 |   -2.068 | 
     | FE_OFC4741_n_77986                                 | A v -> Q v  | BUHDX12   | 0.442 |   2.046 |   -1.626 | 
     | FE_OCPC6625_FE_OFN114003_n                         | A v -> Q v  | BUHDX12   | 0.501 |   2.547 |   -1.126 | 
     | u_core_gen_pd_row[6].gen_pd_col[4].u_pd/g1354__511 | B v -> Q ^  | NO2I1HDX2 | 0.490 |   3.036 |   -0.636 | 
     | 5                                                  |             |           |       |         |          | 
     | u_core_gen_pd_row[6].gen_pd_col[4].u_pd/FE_OFC2768 | A ^ -> Q ^  | BUHDX6    | 0.417 |   3.454 |   -0.219 | 
     | _n_10                                              |             |           |       |         |          | 
     | u_core_gen_pd_row[6].gen_pd_col[4].u_pd/nfast_hit_ | RN ^        | DFRRHDX1  | 0.014 |   3.467 |   -0.205 | 
     | latched_reg[1]                                     |             |           |       |         |          | 
     +-----------------------------------------------------------------------------------------------------------+ 
Path 62: VIOLATED Recovery Check with Pin u_core_gen_pd_row[5].gen_pd_col[3].u_
pd/nfast_hit_latched_reg[3]/C 
Endpoint:   u_core_gen_pd_row[5].gen_pd_col[3].u_pd/nfast_hit_latched_reg[3]/RN 
(^) checked with  leading edge of 'clk_osc_fast_tap3'
Beginpoint: u_core_u_meas_ctrl_state_q_reg[0]/Q                                 
(v) triggered by  leading edge of 'clk_osc_fast'
Path Groups: {async_default}
Analysis View: wc_view
Other End Arrival Time          0.150
- Recovery                      0.358
+ Phase Shift                   0.000
- Uncertainty                   0.050
= Required Time                -0.258
- Arrival Time                  3.414
= Slack Time                   -3.672
     Clock Rise Edge                 0.000
     + Clock Network Latency (Ideal) 0.000
     = Beginpoint Arrival Time       0.000
     +-----------------------------------------------------------------------------------------------------------+ 
     |                      Instance                      |     Arc     |   Cell    | Delay | Arrival | Required | 
     |                                                    |             |           |       |  Time   |   Time   | 
     |----------------------------------------------------+-------------+-----------+-------+---------+----------| 
     | u_core_u_meas_ctrl_state_q_reg[0]                  | C ^         |           |       |   0.000 |   -3.672 | 
     | u_core_u_meas_ctrl_state_q_reg[0]                  | C ^ -> Q v  | DFRRQHDX1 | 1.104 |   1.104 |   -2.568 | 
     | FE_RC_3155_0                                       | AN v -> Q v | NO3I2HDX2 | 0.501 |   1.604 |   -2.068 | 
     | FE_OFC4741_n_77986                                 | A v -> Q v  | BUHDX12   | 0.442 |   2.046 |   -1.626 | 
     | FE_OCPC6625_FE_OFN114003_n                         | A v -> Q v  | BUHDX12   | 0.501 |   2.547 |   -1.125 | 
     | u_core_gen_pd_row[5].gen_pd_col[3].u_pd/g728__5107 | B v -> Q ^  | NO2I1HDX2 | 0.421 |   2.967 |   -0.705 | 
     | u_core_gen_pd_row[5].gen_pd_col[3].u_pd/FE_OFC2756 | A ^ -> Q ^  | BUHDX3    | 0.443 |   3.410 |   -0.262 | 
     | _n_10                                              |             |           |       |         |          | 
     | u_core_gen_pd_row[5].gen_pd_col[3].u_pd/nfast_hit_ | RN ^        | DFRRHDX2  | 0.004 |   3.414 |   -0.258 | 
     | latched_reg[3]                                     |             |           |       |         |          | 
     +-----------------------------------------------------------------------------------------------------------+ 
Path 63: VIOLATED Recovery Check with Pin u_core_gen_pd_row[5].gen_pd_col[3].u_
pd/nfast_hit_latched_reg[4]/C 
Endpoint:   u_core_gen_pd_row[5].gen_pd_col[3].u_pd/nfast_hit_latched_reg[4]/RN 
(^) checked with  leading edge of 'clk_osc_fast_tap3'
Beginpoint: u_core_u_meas_ctrl_state_q_reg[0]/Q                                 
(v) triggered by  leading edge of 'clk_osc_fast'
Path Groups: {async_default}
Analysis View: wc_view
Other End Arrival Time          0.150
- Recovery                      0.358
+ Phase Shift                   0.000
- Uncertainty                   0.050
= Required Time                -0.258
- Arrival Time                  3.413
= Slack Time                   -3.672
     Clock Rise Edge                 0.000
     + Clock Network Latency (Ideal) 0.000
     = Beginpoint Arrival Time       0.000
     +-----------------------------------------------------------------------------------------------------------+ 
     |                      Instance                      |     Arc     |   Cell    | Delay | Arrival | Required | 
     |                                                    |             |           |       |  Time   |   Time   | 
     |----------------------------------------------------+-------------+-----------+-------+---------+----------| 
     | u_core_u_meas_ctrl_state_q_reg[0]                  | C ^         |           |       |   0.000 |   -3.672 | 
     | u_core_u_meas_ctrl_state_q_reg[0]                  | C ^ -> Q v  | DFRRQHDX1 | 1.104 |   1.104 |   -2.568 | 
     | FE_RC_3155_0                                       | AN v -> Q v | NO3I2HDX2 | 0.501 |   1.604 |   -2.067 | 
     | FE_OFC4741_n_77986                                 | A v -> Q v  | BUHDX12   | 0.442 |   2.046 |   -1.626 | 
     | FE_OCPC6625_FE_OFN114003_n                         | A v -> Q v  | BUHDX12   | 0.501 |   2.547 |   -1.125 | 
     | u_core_gen_pd_row[5].gen_pd_col[3].u_pd/g728__5107 | B v -> Q ^  | NO2I1HDX2 | 0.421 |   2.967 |   -0.704 | 
     | u_core_gen_pd_row[5].gen_pd_col[3].u_pd/FE_OFC2756 | A ^ -> Q ^  | BUHDX3    | 0.443 |   3.410 |   -0.262 | 
     | _n_10                                              |             |           |       |         |          | 
     | u_core_gen_pd_row[5].gen_pd_col[3].u_pd/nfast_hit_ | RN ^        | DFRRHDX1  | 0.003 |   3.413 |   -0.258 | 
     | latched_reg[4]                                     |             |           |       |         |          | 
     +-----------------------------------------------------------------------------------------------------------+ 
Path 64: VIOLATED Recovery Check with Pin u_core_gen_pd_row[5].gen_pd_col[3].u_
pd/nfast_hit_latched_reg[0]/C 
Endpoint:   u_core_gen_pd_row[5].gen_pd_col[3].u_pd/nfast_hit_latched_reg[0]/RN 
(^) checked with  leading edge of 'clk_osc_fast_tap3'
Beginpoint: u_core_u_meas_ctrl_state_q_reg[0]/Q                                 
(v) triggered by  leading edge of 'clk_osc_fast'
Path Groups: {async_default}
Analysis View: wc_view
Other End Arrival Time          0.150
- Recovery                      0.358
+ Phase Shift                   0.000
- Uncertainty                   0.050
= Required Time                -0.258
- Arrival Time                  3.413
= Slack Time                   -3.671
     Clock Rise Edge                 0.000
     + Clock Network Latency (Ideal) 0.000
     = Beginpoint Arrival Time       0.000
     +-----------------------------------------------------------------------------------------------------------+ 
     |                      Instance                      |     Arc     |   Cell    | Delay | Arrival | Required | 
     |                                                    |             |           |       |  Time   |   Time   | 
     |----------------------------------------------------+-------------+-----------+-------+---------+----------| 
     | u_core_u_meas_ctrl_state_q_reg[0]                  | C ^         |           |       |   0.000 |   -3.671 | 
     | u_core_u_meas_ctrl_state_q_reg[0]                  | C ^ -> Q v  | DFRRQHDX1 | 1.104 |   1.104 |   -2.568 | 
     | FE_RC_3155_0                                       | AN v -> Q v | NO3I2HDX2 | 0.501 |   1.604 |   -2.067 | 
     | FE_OFC4741_n_77986                                 | A v -> Q v  | BUHDX12   | 0.442 |   2.046 |   -1.625 | 
     | FE_OCPC6625_FE_OFN114003_n                         | A v -> Q v  | BUHDX12   | 0.501 |   2.547 |   -1.125 | 
     | u_core_gen_pd_row[5].gen_pd_col[3].u_pd/g728__5107 | B v -> Q ^  | NO2I1HDX2 | 0.421 |   2.967 |   -0.704 | 
     | u_core_gen_pd_row[5].gen_pd_col[3].u_pd/FE_OFC2756 | A ^ -> Q ^  | BUHDX3    | 0.443 |   3.410 |   -0.261 | 
     | _n_10                                              |             |           |       |         |          | 
     | u_core_gen_pd_row[5].gen_pd_col[3].u_pd/nfast_hit_ | RN ^        | DFRRHDX2  | 0.003 |   3.413 |   -0.258 | 
     | latched_reg[0]                                     |             |           |       |         |          | 
     +-----------------------------------------------------------------------------------------------------------+ 
Path 65: VIOLATED Recovery Check with Pin u_core_gen_pd_row[5].gen_pd_col[3].u_
pd/nfast_hit_latched_reg[1]/C 
Endpoint:   u_core_gen_pd_row[5].gen_pd_col[3].u_pd/nfast_hit_latched_reg[1]/RN 
(^) checked with  leading edge of 'clk_osc_fast_tap3'
Beginpoint: u_core_u_meas_ctrl_state_q_reg[0]/Q                                 
(v) triggered by  leading edge of 'clk_osc_fast'
Path Groups: {async_default}
Analysis View: wc_view
Other End Arrival Time          0.150
- Recovery                      0.358
+ Phase Shift                   0.000
- Uncertainty                   0.050
= Required Time                -0.258
- Arrival Time                  3.413
= Slack Time                   -3.671
     Clock Rise Edge                 0.000
     + Clock Network Latency (Ideal) 0.000
     = Beginpoint Arrival Time       0.000
     +-----------------------------------------------------------------------------------------------------------+ 
     |                      Instance                      |     Arc     |   Cell    | Delay | Arrival | Required | 
     |                                                    |             |           |       |  Time   |   Time   | 
     |----------------------------------------------------+-------------+-----------+-------+---------+----------| 
     | u_core_u_meas_ctrl_state_q_reg[0]                  | C ^         |           |       |   0.000 |   -3.671 | 
     | u_core_u_meas_ctrl_state_q_reg[0]                  | C ^ -> Q v  | DFRRQHDX1 | 1.104 |   1.104 |   -2.568 | 
     | FE_RC_3155_0                                       | AN v -> Q v | NO3I2HDX2 | 0.501 |   1.604 |   -2.067 | 
     | FE_OFC4741_n_77986                                 | A v -> Q v  | BUHDX12   | 0.442 |   2.046 |   -1.625 | 
     | FE_OCPC6625_FE_OFN114003_n                         | A v -> Q v  | BUHDX12   | 0.501 |   2.547 |   -1.124 | 
     | u_core_gen_pd_row[5].gen_pd_col[3].u_pd/g728__5107 | B v -> Q ^  | NO2I1HDX2 | 0.421 |   2.967 |   -0.704 | 
     | u_core_gen_pd_row[5].gen_pd_col[3].u_pd/FE_OFC2756 | A ^ -> Q ^  | BUHDX3    | 0.443 |   3.410 |   -0.261 | 
     | _n_10                                              |             |           |       |         |          | 
     | u_core_gen_pd_row[5].gen_pd_col[3].u_pd/nfast_hit_ | RN ^        | DFRRHDX2  | 0.003 |   3.413 |   -0.258 | 
     | latched_reg[1]                                     |             |           |       |         |          | 
     +-----------------------------------------------------------------------------------------------------------+ 
Path 66: VIOLATED Recovery Check with Pin u_core_gen_pd_row[1].gen_pd_col[1].u_
pd/nfast_hit_latched_reg[5]/C 
Endpoint:   u_core_gen_pd_row[1].gen_pd_col[1].u_pd/nfast_hit_latched_reg[5]/RN 
(^) checked with  leading edge of 'clk_osc_fast_tap1'
Beginpoint: u_core_u_meas_ctrl_state_q_reg[0]/Q                                 
(v) triggered by  leading edge of 'clk_osc_fast'
Path Groups: {async_default}
Analysis View: wc_view
Other End Arrival Time          0.050
- Recovery                      0.345
+ Phase Shift                   0.000
- Uncertainty                   0.050
= Required Time                -0.345
- Arrival Time                  3.326
= Slack Time                   -3.671
     Clock Rise Edge                 0.000
     + Clock Network Latency (Ideal) 0.000
     = Beginpoint Arrival Time       0.000
     +-----------------------------------------------------------------------------------------------------------+ 
     |                      Instance                      |     Arc     |   Cell    | Delay | Arrival | Required | 
     |                                                    |             |           |       |  Time   |   Time   | 
     |----------------------------------------------------+-------------+-----------+-------+---------+----------| 
     | u_core_u_meas_ctrl_state_q_reg[0]                  | C ^         |           |       |   0.000 |   -3.671 | 
     | u_core_u_meas_ctrl_state_q_reg[0]                  | C ^ -> Q v  | DFRRQHDX1 | 1.104 |   1.104 |   -2.567 | 
     | FE_RC_3155_0                                       | AN v -> Q v | NO3I2HDX2 | 0.501 |   1.604 |   -2.066 | 
     | FE_OFC4741_n_77986                                 | A v -> Q v  | BUHDX12   | 0.442 |   2.046 |   -1.625 | 
     | FE_OCPC6626_FE_OFN114003_n                         | A v -> Q v  | BUHDX8    | 0.545 |   2.591 |   -1.080 | 
     | u_core_gen_pd_row[1].gen_pd_col[1].u_pd/g323__4319 | B v -> Q ^  | NO2I1HDX4 | 0.359 |   2.950 |   -0.721 | 
     | u_core_gen_pd_row[1].gen_pd_col[1].u_pd/FE_OFC2708 | A ^ -> Q ^  | BUHDX6    | 0.370 |   3.320 |   -0.351 | 
     | _n_9                                               |             |           |       |         |          | 
     | u_core_gen_pd_row[1].gen_pd_col[1].u_pd/nfast_hit_ | RN ^        | DFRRHDX0  | 0.007 |   3.326 |   -0.345 | 
     | latched_reg[5]                                     |             |           |       |         |          | 
     +-----------------------------------------------------------------------------------------------------------+ 
Path 67: VIOLATED Recovery Check with Pin u_core_gen_pd_row[1].gen_pd_col[4].u_
pd/q1_reg/C 
Endpoint:   u_core_gen_pd_row[1].gen_pd_col[4].u_pd/q1_reg/RN (^) checked with  
leading edge of 'clk_osc_fast_tap4'
Beginpoint: u_core_u_meas_ctrl_state_q_reg[0]/Q               (v) triggered by  
leading edge of 'clk_osc_fast'
Path Groups: {async_default}
Analysis View: wc_view
Other End Arrival Time          0.200
- Recovery                      0.365
+ Phase Shift                   0.000
- Uncertainty                   0.050
= Required Time                -0.215
- Arrival Time                  3.456
= Slack Time                   -3.670
     Clock Rise Edge                 0.000
     + Clock Network Latency (Ideal) 0.000
     = Beginpoint Arrival Time       0.000
     +-----------------------------------------------------------------------------------------------------------+ 
     |                      Instance                      |     Arc     |   Cell    | Delay | Arrival | Required | 
     |                                                    |             |           |       |  Time   |   Time   | 
     |----------------------------------------------------+-------------+-----------+-------+---------+----------| 
     | u_core_u_meas_ctrl_state_q_reg[0]                  | C ^         |           |       |   0.000 |   -3.670 | 
     | u_core_u_meas_ctrl_state_q_reg[0]                  | C ^ -> Q v  | DFRRQHDX1 | 1.104 |   1.104 |   -2.566 | 
     | FE_RC_3155_0                                       | AN v -> Q v | NO3I2HDX2 | 0.501 |   1.604 |   -2.066 | 
     | FE_OFC4741_n_77986                                 | A v -> Q v  | BUHDX12   | 0.442 |   2.046 |   -1.624 | 
     | FE_OCPC6626_FE_OFN114003_n                         | A v -> Q v  | BUHDX8    | 0.545 |   2.591 |   -1.079 | 
     | u_core_gen_pd_row[1].gen_pd_col[4].u_pd/g1354__641 | B v -> Q ^  | NO2I1HDX2 | 0.446 |   3.037 |   -0.633 | 
     | 7                                                  |             |           |       |         |          | 
     | u_core_gen_pd_row[1].gen_pd_col[4].u_pd/FE_OFC2711 | A ^ -> Q ^  | BUHDX6    | 0.415 |   3.452 |   -0.218 | 
     | _n_10                                              |             |           |       |         |          | 
     | u_core_gen_pd_row[1].gen_pd_col[4].u_pd/q1_reg     | RN ^        | DFRRQHDX1 | 0.003 |   3.456 |   -0.215 | 
     +-----------------------------------------------------------------------------------------------------------+ 
Path 68: VIOLATED Recovery Check with Pin u_core_gen_pd_row[6].gen_pd_col[4].u_
pd/nfast_hit_latched_reg[6]/C 
Endpoint:   u_core_gen_pd_row[6].gen_pd_col[4].u_pd/nfast_hit_latched_reg[6]/RN 
(^) checked with  leading edge of 'clk_osc_fast_tap4'
Beginpoint: u_core_u_meas_ctrl_state_q_reg[0]/Q                                 
(v) triggered by  leading edge of 'clk_osc_fast'
Path Groups: {async_default}
Analysis View: wc_view
Other End Arrival Time          0.200
- Recovery                      0.351
+ Phase Shift                   0.000
- Uncertainty                   0.050
= Required Time                -0.201
- Arrival Time                  3.469
= Slack Time                   -3.670
     Clock Rise Edge                 0.000
     + Clock Network Latency (Ideal) 0.000
     = Beginpoint Arrival Time       0.000
     +-----------------------------------------------------------------------------------------------------------+ 
     |                      Instance                      |     Arc     |   Cell    | Delay | Arrival | Required | 
     |                                                    |             |           |       |  Time   |   Time   | 
     |----------------------------------------------------+-------------+-----------+-------+---------+----------| 
     | u_core_u_meas_ctrl_state_q_reg[0]                  | C ^         |           |       |   0.000 |   -3.670 | 
     | u_core_u_meas_ctrl_state_q_reg[0]                  | C ^ -> Q v  | DFRRQHDX1 | 1.104 |   1.104 |   -2.566 | 
     | FE_RC_3155_0                                       | AN v -> Q v | NO3I2HDX2 | 0.501 |   1.604 |   -2.066 | 
     | FE_OFC4741_n_77986                                 | A v -> Q v  | BUHDX12   | 0.442 |   2.046 |   -1.624 | 
     | FE_OCPC6625_FE_OFN114003_n                         | A v -> Q v  | BUHDX12   | 0.501 |   2.547 |   -1.123 | 
     | u_core_gen_pd_row[6].gen_pd_col[4].u_pd/g1354__511 | B v -> Q ^  | NO2I1HDX2 | 0.490 |   3.036 |   -0.633 | 
     | 5                                                  |             |           |       |         |          | 
     | u_core_gen_pd_row[6].gen_pd_col[4].u_pd/FE_OFC2768 | A ^ -> Q ^  | BUHDX6    | 0.417 |   3.454 |   -0.216 | 
     | _n_10                                              |             |           |       |         |          | 
     | u_core_gen_pd_row[6].gen_pd_col[4].u_pd/nfast_hit_ | RN ^        | DFRRHDX0  | 0.015 |   3.469 |   -0.201 | 
     | latched_reg[6]                                     |             |           |       |         |          | 
     +-----------------------------------------------------------------------------------------------------------+ 
Path 69: VIOLATED Recovery Check with Pin u_core_gen_pd_row[7].gen_pd_col[4].u_
pd/nfast_hit_latched_reg[6]/C 
Endpoint:   u_core_gen_pd_row[7].gen_pd_col[4].u_pd/nfast_hit_latched_reg[6]/RN 
(^) checked with  leading edge of 'clk_osc_fast_tap4'
Beginpoint: u_core_u_meas_ctrl_state_q_reg[0]/Q                                 
(v) triggered by  leading edge of 'clk_osc_fast'
Path Groups: {async_default}
Analysis View: wc_view
Other End Arrival Time          0.200
- Recovery                      0.372
+ Phase Shift                   0.000
- Uncertainty                   0.050
= Required Time                -0.222
- Arrival Time                  3.448
= Slack Time                   -3.670
     Clock Rise Edge                 0.000
     + Clock Network Latency (Ideal) 0.000
     = Beginpoint Arrival Time       0.000
     +-----------------------------------------------------------------------------------------------------------+ 
     |                      Instance                      |     Arc     |   Cell    | Delay | Arrival | Required | 
     |                                                    |             |           |       |  Time   |   Time   | 
     |----------------------------------------------------+-------------+-----------+-------+---------+----------| 
     | u_core_u_meas_ctrl_state_q_reg[0]                  | C ^         |           |       |   0.000 |   -3.670 | 
     | u_core_u_meas_ctrl_state_q_reg[0]                  | C ^ -> Q v  | DFRRQHDX1 | 1.104 |   1.104 |   -2.566 | 
     | FE_RC_3155_0                                       | AN v -> Q v | NO3I2HDX2 | 0.501 |   1.604 |   -2.065 | 
     | FE_OFC4741_n_77986                                 | A v -> Q v  | BUHDX12   | 0.442 |   2.046 |   -1.623 | 
     | FE_OCPC6625_FE_OFN114003_n                         | A v -> Q v  | BUHDX12   | 0.501 |   2.547 |   -1.123 | 
     | u_core_gen_pd_row[7].gen_pd_col[4].u_pd/g1354      | B v -> Q ^  | NO2I1HDX2 | 0.462 |   3.008 |   -0.661 | 
     | u_core_gen_pd_row[7].gen_pd_col[4].u_pd/FE_OFC2781 | A ^ -> Q ^  | BUHDX4    | 0.432 |   3.440 |   -0.230 | 
     | _n_10                                              |             |           |       |         |          | 
     | u_core_gen_pd_row[7].gen_pd_col[4].u_pd/nfast_hit_ | RN ^        | DFRRQHDX1 | 0.008 |   3.448 |   -0.222 | 
     | latched_reg[6]                                     |             |           |       |         |          | 
     +-----------------------------------------------------------------------------------------------------------+ 
Path 70: VIOLATED Recovery Check with Pin u_core_gen_pd_row[1].gen_pd_col[4].u_
pd/nfast_hit_latched_reg[5]/C 
Endpoint:   u_core_gen_pd_row[1].gen_pd_col[4].u_pd/nfast_hit_latched_reg[5]/RN 
(^) checked with  leading edge of 'clk_osc_fast_tap4'
Beginpoint: u_core_u_meas_ctrl_state_q_reg[0]/Q                                 
(v) triggered by  leading edge of 'clk_osc_fast'
Path Groups: {async_default}
Analysis View: wc_view
Other End Arrival Time          0.200
- Recovery                      0.365
+ Phase Shift                   0.000
- Uncertainty                   0.050
= Required Time                -0.215
- Arrival Time                  3.455
= Slack Time                   -3.669
     Clock Rise Edge                 0.000
     + Clock Network Latency (Ideal) 0.000
     = Beginpoint Arrival Time       0.000
     +-----------------------------------------------------------------------------------------------------------+ 
     |                      Instance                      |     Arc     |   Cell    | Delay | Arrival | Required | 
     |                                                    |             |           |       |  Time   |   Time   | 
     |----------------------------------------------------+-------------+-----------+-------+---------+----------| 
     | u_core_u_meas_ctrl_state_q_reg[0]                  | C ^         |           |       |   0.000 |   -3.669 | 
     | u_core_u_meas_ctrl_state_q_reg[0]                  | C ^ -> Q v  | DFRRQHDX1 | 1.104 |   1.104 |   -2.566 | 
     | FE_RC_3155_0                                       | AN v -> Q v | NO3I2HDX2 | 0.501 |   1.604 |   -2.065 | 
     | FE_OFC4741_n_77986                                 | A v -> Q v  | BUHDX12   | 0.442 |   2.046 |   -1.623 | 
     | FE_OCPC6626_FE_OFN114003_n                         | A v -> Q v  | BUHDX8    | 0.545 |   2.591 |   -1.078 | 
     | u_core_gen_pd_row[1].gen_pd_col[4].u_pd/g1354__641 | B v -> Q ^  | NO2I1HDX2 | 0.446 |   3.037 |   -0.632 | 
     | 7                                                  |             |           |       |         |          | 
     | u_core_gen_pd_row[1].gen_pd_col[4].u_pd/FE_OFC2711 | A ^ -> Q ^  | BUHDX6    | 0.415 |   3.452 |   -0.217 | 
     | _n_10                                              |             |           |       |         |          | 
     | u_core_gen_pd_row[1].gen_pd_col[4].u_pd/nfast_hit_ | RN ^        | DFRRQHDX1 | 0.003 |   3.455 |   -0.215 | 
     | latched_reg[5]                                     |             |           |       |         |          | 
     +-----------------------------------------------------------------------------------------------------------+ 
Path 71: VIOLATED Recovery Check with Pin u_core_gen_pd_row[7].gen_pd_col[4].u_
pd/nfast_hit_latched_reg[5]/C 
Endpoint:   u_core_gen_pd_row[7].gen_pd_col[4].u_pd/nfast_hit_latched_reg[5]/RN 
(^) checked with  leading edge of 'clk_osc_fast_tap4'
Beginpoint: u_core_u_meas_ctrl_state_q_reg[0]/Q                                 
(v) triggered by  leading edge of 'clk_osc_fast'
Path Groups: {async_default}
Analysis View: wc_view
Other End Arrival Time          0.200
- Recovery                      0.372
+ Phase Shift                   0.000
- Uncertainty                   0.050
= Required Time                -0.222
- Arrival Time                  3.447
= Slack Time                   -3.669
     Clock Rise Edge                 0.000
     + Clock Network Latency (Ideal) 0.000
     = Beginpoint Arrival Time       0.000
     +-----------------------------------------------------------------------------------------------------------+ 
     |                      Instance                      |     Arc     |   Cell    | Delay | Arrival | Required | 
     |                                                    |             |           |       |  Time   |   Time   | 
     |----------------------------------------------------+-------------+-----------+-------+---------+----------| 
     | u_core_u_meas_ctrl_state_q_reg[0]                  | C ^         |           |       |   0.000 |   -3.669 | 
     | u_core_u_meas_ctrl_state_q_reg[0]                  | C ^ -> Q v  | DFRRQHDX1 | 1.104 |   1.104 |   -2.565 | 
     | FE_RC_3155_0                                       | AN v -> Q v | NO3I2HDX2 | 0.501 |   1.604 |   -2.065 | 
     | FE_OFC4741_n_77986                                 | A v -> Q v  | BUHDX12   | 0.442 |   2.046 |   -1.623 | 
     | FE_OCPC6625_FE_OFN114003_n                         | A v -> Q v  | BUHDX12   | 0.501 |   2.547 |   -1.122 | 
     | u_core_gen_pd_row[7].gen_pd_col[4].u_pd/g1354      | B v -> Q ^  | NO2I1HDX2 | 0.462 |   3.008 |   -0.661 | 
     | u_core_gen_pd_row[7].gen_pd_col[4].u_pd/FE_OFC2781 | A ^ -> Q ^  | BUHDX4    | 0.432 |   3.440 |   -0.229 | 
     | _n_10                                              |             |           |       |         |          | 
     | u_core_gen_pd_row[7].gen_pd_col[4].u_pd/nfast_hit_ | RN ^        | DFRRQHDX1 | 0.007 |   3.447 |   -0.222 | 
     | latched_reg[5]                                     |             |           |       |         |          | 
     +-----------------------------------------------------------------------------------------------------------+ 
Path 72: VIOLATED Recovery Check with Pin u_core_gen_pd_row[1].gen_pd_col[4].u_
pd/nfast_hit_latched_reg[2]/C 
Endpoint:   u_core_gen_pd_row[1].gen_pd_col[4].u_pd/nfast_hit_latched_reg[2]/RN 
(^) checked with  leading edge of 'clk_osc_fast_tap4'
Beginpoint: u_core_u_meas_ctrl_state_q_reg[0]/Q                                 
(v) triggered by  leading edge of 'clk_osc_fast'
Path Groups: {async_default}
Analysis View: wc_view
Other End Arrival Time          0.200
- Recovery                      0.365
+ Phase Shift                   0.000
- Uncertainty                   0.050
= Required Time                -0.215
- Arrival Time                  3.454
= Slack Time                   -3.669
     Clock Rise Edge                 0.000
     + Clock Network Latency (Ideal) 0.000
     = Beginpoint Arrival Time       0.000
     +-----------------------------------------------------------------------------------------------------------+ 
     |                      Instance                      |     Arc     |   Cell    | Delay | Arrival | Required | 
     |                                                    |             |           |       |  Time   |   Time   | 
     |----------------------------------------------------+-------------+-----------+-------+---------+----------| 
     | u_core_u_meas_ctrl_state_q_reg[0]                  | C ^         |           |       |   0.000 |   -3.669 | 
     | u_core_u_meas_ctrl_state_q_reg[0]                  | C ^ -> Q v  | DFRRQHDX1 | 1.104 |   1.104 |   -2.565 | 
     | FE_RC_3155_0                                       | AN v -> Q v | NO3I2HDX2 | 0.501 |   1.604 |   -2.065 | 
     | FE_OFC4741_n_77986                                 | A v -> Q v  | BUHDX12   | 0.442 |   2.046 |   -1.623 | 
     | FE_OCPC6626_FE_OFN114003_n                         | A v -> Q v  | BUHDX8    | 0.545 |   2.591 |   -1.078 | 
     | u_core_gen_pd_row[1].gen_pd_col[4].u_pd/g1354__641 | B v -> Q ^  | NO2I1HDX2 | 0.446 |   3.037 |   -0.632 | 
     | 7                                                  |             |           |       |         |          | 
     | u_core_gen_pd_row[1].gen_pd_col[4].u_pd/FE_OFC2711 | A ^ -> Q ^  | BUHDX6    | 0.415 |   3.452 |   -0.217 | 
     | _n_10                                              |             |           |       |         |          | 
     | u_core_gen_pd_row[1].gen_pd_col[4].u_pd/nfast_hit_ | RN ^        | DFRRQHDX1 | 0.002 |   3.454 |   -0.215 | 
     | latched_reg[2]                                     |             |           |       |         |          | 
     +-----------------------------------------------------------------------------------------------------------+ 
Path 73: VIOLATED Setup Check with Pin u_core_u_meas_ctrl_hit_seen_q_reg[63]/C 
Endpoint:   u_core_u_meas_ctrl_hit_seen_q_reg[63]/D (v) checked with  leading 
edge of 'clk_osc_fast'
Beginpoint: u_core_u_meas_ctrl_state_q_reg[1]/Q     (^) triggered by  leading 
edge of 'clk_osc_fast'
Path Groups: {clk_osc_fast}
Analysis View: wc_view
Other End Arrival Time          0.000
- Setup                         0.624
+ Phase Shift                   0.900
- Uncertainty                   0.050
= Required Time                 0.226
- Arrival Time                  3.894
= Slack Time                   -3.669
     Clock Rise Edge                 0.000
     + Clock Network Latency (Ideal) 0.000
     = Beginpoint Arrival Time       0.000
     +-----------------------------------------------------------------------------------------------------------+ 
     |                      Instance                      |     Arc     |   Cell    | Delay | Arrival | Required | 
     |                                                    |             |           |       |  Time   |   Time   | 
     |----------------------------------------------------+-------------+-----------+-------+---------+----------| 
     | u_core_u_meas_ctrl_state_q_reg[1]                  | C ^         |           |       |   0.000 |   -3.669 | 
     | u_core_u_meas_ctrl_state_q_reg[1]                  | C ^ -> Q ^  | DFRRQHDX1 | 0.884 |   0.884 |   -2.785 | 
     | FE_RC_815_0                                        | A ^ -> Q v  | INHDX2    | 0.219 |   1.103 |   -2.566 | 
     | FE_OCPC10868_FE_OFN114309_u_core_u_meas_ctrl_state | A v -> Q ^  | INHDX0    | 0.254 |   1.357 |   -2.312 | 
     | _q_1                                               |             |           |       |         |          | 
     | g245880                                            | AN ^ -> Q ^ | NA3I1HDX2 | 0.428 |   1.785 |   -1.884 | 
     | FE_OCPC6566_n_76143                                | A ^ -> Q ^  | BUHDX4    | 0.401 |   2.185 |   -1.484 | 
     | g24_dup227764                                      | C ^ -> Q ^  | OA21HDX2  | 0.487 |   2.672 |   -0.997 | 
     | g211170                                            | C ^ -> Q v  | NA3HDX4   | 0.313 |   2.985 |   -0.684 | 
     | FE_OFC2356_n_40277                                 | A v -> Q v  | BUHDX12   | 0.443 |   3.427 |   -0.241 | 
     | g175797                                            | A v -> Q v  | NA22HDX1  | 0.467 |   3.894 |    0.225 | 
     | u_core_u_meas_ctrl_hit_seen_q_reg[63]              | D v         | DFRRQHDX4 | 0.000 |   3.894 |    0.226 | 
     +-----------------------------------------------------------------------------------------------------------+ 
Path 74: VIOLATED Recovery Check with Pin u_core_gen_pd_row[1].gen_pd_col[1].u_
pd/nfast_hit_latched_reg[3]/C 
Endpoint:   u_core_gen_pd_row[1].gen_pd_col[1].u_pd/nfast_hit_latched_reg[3]/RN 
(^) checked with  leading edge of 'clk_osc_fast_tap1'
Beginpoint: u_core_u_meas_ctrl_state_q_reg[0]/Q                                 
(v) triggered by  leading edge of 'clk_osc_fast'
Path Groups: {async_default}
Analysis View: wc_view
Other End Arrival Time          0.050
- Recovery                      0.348
+ Phase Shift                   0.000
- Uncertainty                   0.050
= Required Time                -0.348
- Arrival Time                  3.321
= Slack Time                   -3.669
     Clock Rise Edge                 0.000
     + Clock Network Latency (Ideal) 0.000
     = Beginpoint Arrival Time       0.000
     +-----------------------------------------------------------------------------------------------------------+ 
     |                      Instance                      |     Arc     |   Cell    | Delay | Arrival | Required | 
     |                                                    |             |           |       |  Time   |   Time   | 
     |----------------------------------------------------+-------------+-----------+-------+---------+----------| 
     | u_core_u_meas_ctrl_state_q_reg[0]                  | C ^         |           |       |   0.000 |   -3.669 | 
     | u_core_u_meas_ctrl_state_q_reg[0]                  | C ^ -> Q v  | DFRRQHDX1 | 1.104 |   1.104 |   -2.565 | 
     | FE_RC_3155_0                                       | AN v -> Q v | NO3I2HDX2 | 0.501 |   1.604 |   -2.064 | 
     | FE_OFC4741_n_77986                                 | A v -> Q v  | BUHDX12   | 0.442 |   2.046 |   -1.622 | 
     | FE_OCPC6626_FE_OFN114003_n                         | A v -> Q v  | BUHDX8    | 0.545 |   2.591 |   -1.078 | 
     | u_core_gen_pd_row[1].gen_pd_col[1].u_pd/g323__4319 | B v -> Q ^  | NO2I1HDX4 | 0.359 |   2.950 |   -0.719 | 
     | u_core_gen_pd_row[1].gen_pd_col[1].u_pd/FE_OFC2708 | A ^ -> Q ^  | BUHDX6    | 0.370 |   3.320 |   -0.349 | 
     | _n_9                                               |             |           |       |         |          | 
     | u_core_gen_pd_row[1].gen_pd_col[1].u_pd/nfast_hit_ | RN ^        | DFRRHDX2  | 0.001 |   3.321 |   -0.348 | 
     | latched_reg[3]                                     |             |           |       |         |          | 
     +-----------------------------------------------------------------------------------------------------------+ 
Path 75: VIOLATED Recovery Check with Pin u_core_gen_pd_row[7].gen_pd_col[4].u_
pd/nfast_hit_latched_reg[2]/C 
Endpoint:   u_core_gen_pd_row[7].gen_pd_col[4].u_pd/nfast_hit_latched_reg[2]/RN 
(^) checked with  leading edge of 'clk_osc_fast_tap4'
Beginpoint: u_core_u_meas_ctrl_state_q_reg[0]/Q                                 
(v) triggered by  leading edge of 'clk_osc_fast'
Path Groups: {async_default}
Analysis View: wc_view
Other End Arrival Time          0.200
- Recovery                      0.372
+ Phase Shift                   0.000
- Uncertainty                   0.050
= Required Time                -0.222
- Arrival Time                  3.447
= Slack Time                   -3.668
     Clock Rise Edge                 0.000
     + Clock Network Latency (Ideal) 0.000
     = Beginpoint Arrival Time       0.000
     +-----------------------------------------------------------------------------------------------------------+ 
     |                      Instance                      |     Arc     |   Cell    | Delay | Arrival | Required | 
     |                                                    |             |           |       |  Time   |   Time   | 
     |----------------------------------------------------+-------------+-----------+-------+---------+----------| 
     | u_core_u_meas_ctrl_state_q_reg[0]                  | C ^         |           |       |   0.000 |   -3.668 | 
     | u_core_u_meas_ctrl_state_q_reg[0]                  | C ^ -> Q v  | DFRRQHDX1 | 1.104 |   1.104 |   -2.565 | 
     | FE_RC_3155_0                                       | AN v -> Q v | NO3I2HDX2 | 0.501 |   1.604 |   -2.064 | 
     | FE_OFC4741_n_77986                                 | A v -> Q v  | BUHDX12   | 0.442 |   2.046 |   -1.622 | 
     | FE_OCPC6625_FE_OFN114003_n                         | A v -> Q v  | BUHDX12   | 0.501 |   2.547 |   -1.122 | 
     | u_core_gen_pd_row[7].gen_pd_col[4].u_pd/g1354      | B v -> Q ^  | NO2I1HDX2 | 0.462 |   3.008 |   -0.660 | 
     | u_core_gen_pd_row[7].gen_pd_col[4].u_pd/FE_OFC2781 | A ^ -> Q ^  | BUHDX4    | 0.432 |   3.440 |   -0.228 | 
     | _n_10                                              |             |           |       |         |          | 
     | u_core_gen_pd_row[7].gen_pd_col[4].u_pd/nfast_hit_ | RN ^        | DFRRQHDX1 | 0.007 |   3.447 |   -0.222 | 
     | latched_reg[2]                                     |             |           |       |         |          | 
     +-----------------------------------------------------------------------------------------------------------+ 
Path 76: VIOLATED Setup Check with Pin u_core_u_meas_ctrl_hit_seen_q_reg[41]/C 
Endpoint:   u_core_u_meas_ctrl_hit_seen_q_reg[41]/D (v) checked with  leading 
edge of 'clk_osc_fast'
Beginpoint: u_core_u_meas_ctrl_state_q_reg[0]/Q     (v) triggered by  leading 
edge of 'clk_osc_fast'
Path Groups: {clk_osc_fast}
Analysis View: wc_view
Other End Arrival Time          0.000
- Setup                         0.640
+ Phase Shift                   0.900
- Uncertainty                   0.050
= Required Time                 0.210
- Arrival Time                  3.879
= Slack Time                   -3.668
     Clock Rise Edge                 0.000
     + Clock Network Latency (Ideal) 0.000
     = Beginpoint Arrival Time       0.000
     +------------------------------------------------------------------------------------------------+ 
     |                 Instance                 |    Arc     |   Cell    | Delay | Arrival | Required | 
     |                                          |            |           |       |  Time   |   Time   | 
     |------------------------------------------+------------+-----------+-------+---------+----------| 
     | u_core_u_meas_ctrl_state_q_reg[0]        | C ^        |           |       |   0.000 |   -3.668 | 
     | u_core_u_meas_ctrl_state_q_reg[0]        | C ^ -> Q v | DFRRQHDX1 | 1.104 |   1.104 |   -2.565 | 
     | FE_OCPC6546_u_core_u_meas_ctrl_state_q_0 | A v -> Q ^ | INHDX3    | 0.337 |   1.441 |   -2.227 | 
     | g227747                                  | A ^ -> Q ^ | OR2HDX2   | 0.406 |   1.847 |   -1.821 | 
     | FE_RC_780_0                              | A ^ -> Q ^ | NA22HDX2  | 0.422 |   2.269 |   -1.399 | 
     | g227754                                  | A ^ -> Q ^ | AND2HDX2  | 0.413 |   2.682 |   -0.986 | 
     | g211168                                  | A ^ -> Q v | NA3HDX4   | 0.294 |   2.977 |   -0.692 | 
     | FE_OFC2355_n_40275                       | A v -> Q v | BUHDX12   | 0.457 |   3.433 |   -0.235 | 
     | g175775                                  | A v -> Q v | NA22HDX1  | 0.445 |   3.879 |    0.210 | 
     | u_core_u_meas_ctrl_hit_seen_q_reg[41]    | D v        | DFRRHDX1  | 0.000 |   3.879 |    0.210 | 
     +------------------------------------------------------------------------------------------------+ 
Path 77: VIOLATED Recovery Check with Pin u_core_gen_pd_row[5].gen_pd_col[3].u_
pd/nfast_hit_latched_reg[6]/C 
Endpoint:   u_core_gen_pd_row[5].gen_pd_col[3].u_pd/nfast_hit_latched_reg[6]/RN 
(^) checked with  leading edge of 'clk_osc_fast_tap3'
Beginpoint: u_core_u_meas_ctrl_state_q_reg[0]/Q                                 
(v) triggered by  leading edge of 'clk_osc_fast'
Path Groups: {async_default}
Analysis View: wc_view
Other End Arrival Time          0.150
- Recovery                      0.354
+ Phase Shift                   0.000
- Uncertainty                   0.050
= Required Time                -0.254
- Arrival Time                  3.414
= Slack Time                   -3.668
     Clock Rise Edge                 0.000
     + Clock Network Latency (Ideal) 0.000
     = Beginpoint Arrival Time       0.000
     +-----------------------------------------------------------------------------------------------------------+ 
     |                      Instance                      |     Arc     |   Cell    | Delay | Arrival | Required | 
     |                                                    |             |           |       |  Time   |   Time   | 
     |----------------------------------------------------+-------------+-----------+-------+---------+----------| 
     | u_core_u_meas_ctrl_state_q_reg[0]                  | C ^         |           |       |   0.000 |   -3.668 | 
     | u_core_u_meas_ctrl_state_q_reg[0]                  | C ^ -> Q v  | DFRRQHDX1 | 1.104 |   1.104 |   -2.565 | 
     | FE_RC_3155_0                                       | AN v -> Q v | NO3I2HDX2 | 0.501 |   1.604 |   -2.064 | 
     | FE_OFC4741_n_77986                                 | A v -> Q v  | BUHDX12   | 0.442 |   2.046 |   -1.622 | 
     | FE_OCPC6625_FE_OFN114003_n                         | A v -> Q v  | BUHDX12   | 0.501 |   2.547 |   -1.121 | 
     | u_core_gen_pd_row[5].gen_pd_col[3].u_pd/g728__5107 | B v -> Q ^  | NO2I1HDX2 | 0.421 |   2.967 |   -0.701 | 
     | u_core_gen_pd_row[5].gen_pd_col[3].u_pd/FE_OFC2756 | A ^ -> Q ^  | BUHDX3    | 0.443 |   3.410 |   -0.258 | 
     | _n_10                                              |             |           |       |         |          | 
     | u_core_gen_pd_row[5].gen_pd_col[3].u_pd/nfast_hit_ | RN ^        | DFRRHDX0  | 0.004 |   3.414 |   -0.254 | 
     | latched_reg[6]                                     |             |           |       |         |          | 
     +-----------------------------------------------------------------------------------------------------------+ 
Path 78: VIOLATED Recovery Check with Pin u_core_gen_pd_row[1].gen_pd_col[1].u_
pd/nfast_hit_latched_reg[4]/C 
Endpoint:   u_core_gen_pd_row[1].gen_pd_col[1].u_pd/nfast_hit_latched_reg[4]/RN 
(^) checked with  leading edge of 'clk_osc_fast_tap1'
Beginpoint: u_core_u_meas_ctrl_state_q_reg[0]/Q                                 
(v) triggered by  leading edge of 'clk_osc_fast'
Path Groups: {async_default}
Analysis View: wc_view
Other End Arrival Time          0.050
- Recovery                      0.348
+ Phase Shift                   0.000
- Uncertainty                   0.050
= Required Time                -0.348
- Arrival Time                  3.320
= Slack Time                   -3.668
     Clock Rise Edge                 0.000
     + Clock Network Latency (Ideal) 0.000
     = Beginpoint Arrival Time       0.000
     +-----------------------------------------------------------------------------------------------------------+ 
     |                      Instance                      |     Arc     |   Cell    | Delay | Arrival | Required | 
     |                                                    |             |           |       |  Time   |   Time   | 
     |----------------------------------------------------+-------------+-----------+-------+---------+----------| 
     | u_core_u_meas_ctrl_state_q_reg[0]                  | C ^         |           |       |   0.000 |   -3.668 | 
     | u_core_u_meas_ctrl_state_q_reg[0]                  | C ^ -> Q v  | DFRRQHDX1 | 1.104 |   1.104 |   -2.565 | 
     | FE_RC_3155_0                                       | AN v -> Q v | NO3I2HDX2 | 0.501 |   1.604 |   -2.064 | 
     | FE_OFC4741_n_77986                                 | A v -> Q v  | BUHDX12   | 0.442 |   2.046 |   -1.622 | 
     | FE_OCPC6626_FE_OFN114003_n                         | A v -> Q v  | BUHDX8    | 0.545 |   2.591 |   -1.077 | 
     | u_core_gen_pd_row[1].gen_pd_col[1].u_pd/g323__4319 | B v -> Q ^  | NO2I1HDX4 | 0.359 |   2.950 |   -0.718 | 
     | u_core_gen_pd_row[1].gen_pd_col[1].u_pd/FE_OFC2708 | A ^ -> Q ^  | BUHDX6    | 0.370 |   3.320 |   -0.349 | 
     | _n_9                                               |             |           |       |         |          | 
     | u_core_gen_pd_row[1].gen_pd_col[1].u_pd/nfast_hit_ | RN ^        | DFRRHDX1  | 0.000 |   3.320 |   -0.348 | 
     | latched_reg[4]                                     |             |           |       |         |          | 
     +-----------------------------------------------------------------------------------------------------------+ 
Path 79: VIOLATED Setup Check with Pin u_core_u_meas_ctrl_hit_seen_q_reg[12]/C 
Endpoint:   u_core_u_meas_ctrl_hit_seen_q_reg[12]/D (v) checked with  leading 
edge of 'clk_osc_fast'
Beginpoint: u_core_u_meas_ctrl_state_q_reg[1]/Q     (^) triggered by  leading 
edge of 'clk_osc_fast'
Path Groups: {clk_osc_fast}
Analysis View: wc_view
Other End Arrival Time          0.000
- Setup                         0.651
+ Phase Shift                   0.900
- Uncertainty                   0.050
= Required Time                 0.199
- Arrival Time                  3.867
= Slack Time                   -3.667
     Clock Rise Edge                 0.000
     + Clock Network Latency (Ideal) 0.000
     = Beginpoint Arrival Time       0.000
     +-----------------------------------------------------------------------------------------------------------+ 
     |                      Instance                      |     Arc     |   Cell    | Delay | Arrival | Required | 
     |                                                    |             |           |       |  Time   |   Time   | 
     |----------------------------------------------------+-------------+-----------+-------+---------+----------| 
     | u_core_u_meas_ctrl_state_q_reg[1]                  | C ^         |           |       |   0.000 |   -3.667 | 
     | u_core_u_meas_ctrl_state_q_reg[1]                  | C ^ -> Q ^  | DFRRQHDX1 | 0.884 |   0.884 |   -2.783 | 
     | FE_RC_815_0                                        | A ^ -> Q v  | INHDX2    | 0.219 |   1.103 |   -2.564 | 
     | FE_OCPC10868_FE_OFN114309_u_core_u_meas_ctrl_state | A v -> Q ^  | INHDX0    | 0.254 |   1.357 |   -2.310 | 
     | _q_1                                               |             |           |       |         |          | 
     | g245880                                            | AN ^ -> Q ^ | NA3I1HDX2 | 0.428 |   1.785 |   -1.883 | 
     | FE_OCPC6566_n_76143                                | A ^ -> Q ^  | BUHDX4    | 0.401 |   2.185 |   -1.482 | 
     | g24_dup227764                                      | C ^ -> Q ^  | OA21HDX2  | 0.487 |   2.672 |   -0.995 | 
     | g211170                                            | C ^ -> Q v  | NA3HDX4   | 0.313 |   2.985 |   -0.682 | 
     | FE_OFC2356_n_40277                                 | A v -> Q v  | BUHDX12   | 0.443 |   3.427 |   -0.240 | 
     | g175746                                            | A v -> Q v  | NA22HDX1  | 0.439 |   3.866 |    0.199 | 
     | u_core_u_meas_ctrl_hit_seen_q_reg[12]              | D v         | DFRRQHDX2 | 0.000 |   3.867 |    0.199 | 
     +-----------------------------------------------------------------------------------------------------------+ 
Path 80: VIOLATED Recovery Check with Pin u_core_gen_pd_row[0].gen_pd_col[1].u_
pd/nfast_hit_latched_reg[2]/C 
Endpoint:   u_core_gen_pd_row[0].gen_pd_col[1].u_pd/nfast_hit_latched_reg[2]/RN 
(^) checked with  leading edge of 'clk_osc_fast_tap1'
Beginpoint: u_core_u_meas_ctrl_state_q_reg[0]/Q                                 
(v) triggered by  leading edge of 'clk_osc_fast'
Path Groups: {async_default}
Analysis View: wc_view
Other End Arrival Time          0.050
- Recovery                      0.361
+ Phase Shift                   0.000
- Uncertainty                   0.050
= Required Time                -0.361
- Arrival Time                  3.306
= Slack Time                   -3.667
     Clock Rise Edge                 0.000
     + Clock Network Latency (Ideal) 0.000
     = Beginpoint Arrival Time       0.000
     +-----------------------------------------------------------------------------------------------------------+ 
     |                      Instance                      |     Arc     |   Cell    | Delay | Arrival | Required | 
     |                                                    |             |           |       |  Time   |   Time   | 
     |----------------------------------------------------+-------------+-----------+-------+---------+----------| 
     | u_core_u_meas_ctrl_state_q_reg[0]                  | C ^         |           |       |   0.000 |   -3.667 | 
     | u_core_u_meas_ctrl_state_q_reg[0]                  | C ^ -> Q v  | DFRRQHDX1 | 1.104 |   1.104 |   -2.563 | 
     | FE_RC_3155_0                                       | AN v -> Q v | NO3I2HDX2 | 0.501 |   1.604 |   -2.062 | 
     | FE_OFC4741_n_77986                                 | A v -> Q v  | BUHDX12   | 0.442 |   2.046 |   -1.620 | 
     | FE_OCPC6624_FE_OFN114003_n                         | A v -> Q v  | BUHDX12   | 0.501 |   2.548 |   -1.119 | 
     | u_core_gen_pd_row[0].gen_pd_col[1].u_pd/g323__5526 | B v -> Q ^  | NO2I1HDX4 | 0.389 |   2.937 |   -0.730 | 
     | u_core_gen_pd_row[0].gen_pd_col[1].u_pd/FE_OFC5067 | A ^ -> Q ^  | BUHDX6    | 0.363 |   3.300 |   -0.366 | 
     | _n_10                                              |             |           |       |         |          | 
     | u_core_gen_pd_row[0].gen_pd_col[1].u_pd/nfast_hit_ | RN ^        | DFRRQHDX1 | 0.006 |   3.306 |   -0.361 | 
     | latched_reg[2]                                     |             |           |       |         |          | 
     +-----------------------------------------------------------------------------------------------------------+ 
Path 81: VIOLATED Recovery Check with Pin u_core_gen_pd_row[0].gen_pd_col[1].u_
pd/hit_latched_reg/C 
Endpoint:   u_core_gen_pd_row[0].gen_pd_col[1].u_pd/hit_latched_reg/RN (^) 
checked with  leading edge of 'clk_osc_fast_tap1'
Beginpoint: u_core_u_meas_ctrl_state_q_reg[0]/Q                        (v) 
triggered by  leading edge of 'clk_osc_fast'
Path Groups: {async_default}
Analysis View: wc_view
Other End Arrival Time          0.050
- Recovery                      0.361
+ Phase Shift                   0.000
- Uncertainty                   0.050
= Required Time                -0.361
- Arrival Time                  3.306
= Slack Time                   -3.667
     Clock Rise Edge                 0.000
     + Clock Network Latency (Ideal) 0.000
     = Beginpoint Arrival Time       0.000
     +-----------------------------------------------------------------------------------------------------------+ 
     |                      Instance                      |     Arc     |   Cell    | Delay | Arrival | Required | 
     |                                                    |             |           |       |  Time   |   Time   | 
     |----------------------------------------------------+-------------+-----------+-------+---------+----------| 
     | u_core_u_meas_ctrl_state_q_reg[0]                  | C ^         |           |       |   0.000 |   -3.667 | 
     | u_core_u_meas_ctrl_state_q_reg[0]                  | C ^ -> Q v  | DFRRQHDX1 | 1.104 |   1.104 |   -2.563 | 
     | FE_RC_3155_0                                       | AN v -> Q v | NO3I2HDX2 | 0.501 |   1.604 |   -2.062 | 
     | FE_OFC4741_n_77986                                 | A v -> Q v  | BUHDX12   | 0.442 |   2.046 |   -1.620 | 
     | FE_OCPC6624_FE_OFN114003_n                         | A v -> Q v  | BUHDX12   | 0.501 |   2.548 |   -1.119 | 
     | u_core_gen_pd_row[0].gen_pd_col[1].u_pd/g323__5526 | B v -> Q ^  | NO2I1HDX4 | 0.389 |   2.937 |   -0.730 | 
     | u_core_gen_pd_row[0].gen_pd_col[1].u_pd/FE_OFC5067 | A ^ -> Q ^  | BUHDX6    | 0.363 |   3.300 |   -0.366 | 
     | _n_10                                              |             |           |       |         |          | 
     | u_core_gen_pd_row[0].gen_pd_col[1].u_pd/hit_latche | RN ^        | DFRRQHDX1 | 0.005 |   3.306 |   -0.361 | 
     | d_reg                                              |             |           |       |         |          | 
     +-----------------------------------------------------------------------------------------------------------+ 
Path 82: VIOLATED Setup Check with Pin u_core_u_meas_ctrl_hit_seen_q_reg[10]/C 
Endpoint:   u_core_u_meas_ctrl_hit_seen_q_reg[10]/D (v) checked with  leading 
edge of 'clk_osc_fast'
Beginpoint: u_core_u_meas_ctrl_state_q_reg[0]/Q     (v) triggered by  leading 
edge of 'clk_osc_fast'
Path Groups: {clk_osc_fast}
Analysis View: wc_view
Other End Arrival Time          0.000
- Setup                         0.654
+ Phase Shift                   0.900
- Uncertainty                   0.050
= Required Time                 0.196
- Arrival Time                  3.862
= Slack Time                   -3.666
     Clock Rise Edge                 0.000
     + Clock Network Latency (Ideal) 0.000
     = Beginpoint Arrival Time       0.000
     +------------------------------------------------------------------------------------------------+ 
     |                 Instance                 |    Arc     |   Cell    | Delay | Arrival | Required | 
     |                                          |            |           |       |  Time   |   Time   | 
     |------------------------------------------+------------+-----------+-------+---------+----------| 
     | u_core_u_meas_ctrl_state_q_reg[0]        | C ^        |           |       |   0.000 |   -3.666 | 
     | u_core_u_meas_ctrl_state_q_reg[0]        | C ^ -> Q v | DFRRQHDX1 | 1.104 |   1.104 |   -2.562 | 
     | FE_OCPC6546_u_core_u_meas_ctrl_state_q_0 | A v -> Q ^ | INHDX3    | 0.337 |   1.441 |   -2.225 | 
     | g227747                                  | A ^ -> Q ^ | OR2HDX2   | 0.406 |   1.847 |   -1.819 | 
     | FE_RC_780_0                              | A ^ -> Q ^ | NA22HDX2  | 0.422 |   2.269 |   -1.397 | 
     | g227754                                  | A ^ -> Q ^ | AND2HDX2  | 0.413 |   2.682 |   -0.984 | 
     | g211168                                  | A ^ -> Q v | NA3HDX4   | 0.294 |   2.977 |   -0.689 | 
     | FE_OFC2355_n_40275                       | A v -> Q v | BUHDX12   | 0.457 |   3.433 |   -0.233 | 
     | g175744                                  | A v -> Q v | NA22HDX1  | 0.429 |   3.862 |    0.196 | 
     | u_core_u_meas_ctrl_hit_seen_q_reg[10]    | D v        | DFRRQHDX1 | 0.000 |   3.862 |    0.196 | 
     +------------------------------------------------------------------------------------------------+ 
Path 83: VIOLATED Recovery Check with Pin u_core_gen_pd_row[7].gen_pd_col[1].u_
pd/nfast_hit_latched_reg[3]/C 
Endpoint:   u_core_gen_pd_row[7].gen_pd_col[1].u_pd/nfast_hit_latched_reg[3]/RN 
(^) checked with  leading edge of 'clk_osc_fast_tap1'
Beginpoint: u_core_u_meas_ctrl_state_q_reg[0]/Q                                 
(v) triggered by  leading edge of 'clk_osc_fast'
Path Groups: {async_default}
Analysis View: wc_view
Other End Arrival Time          0.050
- Recovery                      0.353
+ Phase Shift                   0.000
- Uncertainty                   0.050
= Required Time                -0.353
- Arrival Time                  3.313
= Slack Time                   -3.666
     Clock Rise Edge                 0.000
     + Clock Network Latency (Ideal) 0.000
     = Beginpoint Arrival Time       0.000
     +-----------------------------------------------------------------------------------------------------------+ 
     |                      Instance                      |     Arc     |   Cell    | Delay | Arrival | Required | 
     |                                                    |             |           |       |  Time   |   Time   | 
     |----------------------------------------------------+-------------+-----------+-------+---------+----------| 
     | u_core_u_meas_ctrl_state_q_reg[0]                  | C ^         |           |       |   0.000 |   -3.666 | 
     | u_core_u_meas_ctrl_state_q_reg[0]                  | C ^ -> Q v  | DFRRQHDX1 | 1.104 |   1.104 |   -2.562 | 
     | FE_RC_3155_0                                       | AN v -> Q v | NO3I2HDX2 | 0.501 |   1.604 |   -2.061 | 
     | FE_OFC4741_n_77986                                 | A v -> Q v  | BUHDX12   | 0.442 |   2.046 |   -1.620 | 
     | FE_OCPC6625_FE_OFN114003_n                         | A v -> Q v  | BUHDX12   | 0.501 |   2.547 |   -1.119 | 
     | u_core_gen_pd_row[7].gen_pd_col[1].u_pd/g323__6161 | B v -> Q ^  | NO2I1HDX4 | 0.372 |   2.918 |   -0.747 | 
     | u_core_gen_pd_row[7].gen_pd_col[1].u_pd/FE_OFC2776 | A ^ -> Q ^  | BUHDX2    | 0.393 |   3.311 |   -0.354 | 
     | _n_9                                               |             |           |       |         |          | 
     | u_core_gen_pd_row[7].gen_pd_col[1].u_pd/nfast_hit_ | RN ^        | DFRRHDX1  | 0.002 |   3.313 |   -0.353 | 
     | latched_reg[3]                                     |             |           |       |         |          | 
     +-----------------------------------------------------------------------------------------------------------+ 
Path 84: VIOLATED Recovery Check with Pin u_core_gen_pd_row[0].gen_pd_col[1].u_
pd/q2_reg/C 
Endpoint:   u_core_gen_pd_row[0].gen_pd_col[1].u_pd/q2_reg/RN (^) checked with  
leading edge of 'clk_osc_fast_tap1'
Beginpoint: u_core_u_meas_ctrl_state_q_reg[0]/Q               (v) triggered by  
leading edge of 'clk_osc_fast'
Path Groups: {async_default}
Analysis View: wc_view
Other End Arrival Time          0.050
- Recovery                      0.361
+ Phase Shift                   0.000
- Uncertainty                   0.050
= Required Time                -0.361
- Arrival Time                  3.305
= Slack Time                   -3.665
     Clock Rise Edge                 0.000
     + Clock Network Latency (Ideal) 0.000
     = Beginpoint Arrival Time       0.000
     +-----------------------------------------------------------------------------------------------------------+ 
     |                      Instance                      |     Arc     |   Cell    | Delay | Arrival | Required | 
     |                                                    |             |           |       |  Time   |   Time   | 
     |----------------------------------------------------+-------------+-----------+-------+---------+----------| 
     | u_core_u_meas_ctrl_state_q_reg[0]                  | C ^         |           |       |   0.000 |   -3.665 | 
     | u_core_u_meas_ctrl_state_q_reg[0]                  | C ^ -> Q v  | DFRRQHDX1 | 1.104 |   1.104 |   -2.562 | 
     | FE_RC_3155_0                                       | AN v -> Q v | NO3I2HDX2 | 0.501 |   1.604 |   -2.061 | 
     | FE_OFC4741_n_77986                                 | A v -> Q v  | BUHDX12   | 0.442 |   2.046 |   -1.619 | 
     | FE_OCPC6624_FE_OFN114003_n                         | A v -> Q v  | BUHDX12   | 0.501 |   2.548 |   -1.118 | 
     | u_core_gen_pd_row[0].gen_pd_col[1].u_pd/g323__5526 | B v -> Q ^  | NO2I1HDX4 | 0.389 |   2.937 |   -0.729 | 
     | u_core_gen_pd_row[0].gen_pd_col[1].u_pd/FE_OFC5067 | A ^ -> Q ^  | BUHDX6    | 0.363 |   3.300 |   -0.365 | 
     | _n_10                                              |             |           |       |         |          | 
     | u_core_gen_pd_row[0].gen_pd_col[1].u_pd/q2_reg     | RN ^        | DFRRQHDX1 | 0.004 |   3.305 |   -0.361 | 
     +-----------------------------------------------------------------------------------------------------------+ 
Path 85: VIOLATED Setup Check with Pin u_core_u_meas_ctrl_hit_seen_q_reg[9]/C 
Endpoint:   u_core_u_meas_ctrl_hit_seen_q_reg[9]/D (v) checked with  leading 
edge of 'clk_osc_fast'
Beginpoint: u_core_u_meas_ctrl_state_q_reg[1]/Q    (^) triggered by  leading 
edge of 'clk_osc_fast'
Path Groups: {clk_osc_fast}
Analysis View: wc_view
Other End Arrival Time          0.000
- Setup                         0.648
+ Phase Shift                   0.900
- Uncertainty                   0.050
= Required Time                 0.202
- Arrival Time                  3.867
= Slack Time                   -3.665
     Clock Rise Edge                 0.000
     + Clock Network Latency (Ideal) 0.000
     = Beginpoint Arrival Time       0.000
     +-----------------------------------------------------------------------------------------------------------+ 
     |                      Instance                      |     Arc     |   Cell    | Delay | Arrival | Required | 
     |                                                    |             |           |       |  Time   |   Time   | 
     |----------------------------------------------------+-------------+-----------+-------+---------+----------| 
     | u_core_u_meas_ctrl_state_q_reg[1]                  | C ^         |           |       |   0.000 |   -3.665 | 
     | u_core_u_meas_ctrl_state_q_reg[1]                  | C ^ -> Q ^  | DFRRQHDX1 | 0.884 |   0.884 |   -2.782 | 
     | FE_RC_815_0                                        | A ^ -> Q v  | INHDX2    | 0.219 |   1.103 |   -2.563 | 
     | FE_OCPC10868_FE_OFN114309_u_core_u_meas_ctrl_state | A v -> Q ^  | INHDX0    | 0.254 |   1.357 |   -2.308 | 
     | _q_1                                               |             |           |       |         |          | 
     | g245880                                            | AN ^ -> Q ^ | NA3I1HDX2 | 0.428 |   1.785 |   -1.881 | 
     | FE_OCPC6566_n_76143                                | A ^ -> Q ^  | BUHDX4    | 0.401 |   2.185 |   -1.480 | 
     | g24_dup227764                                      | C ^ -> Q ^  | OA21HDX2  | 0.487 |   2.672 |   -0.994 | 
     | g211170                                            | C ^ -> Q v  | NA3HDX4   | 0.313 |   2.985 |   -0.681 | 
     | FE_OFC2356_n_40277                                 | A v -> Q v  | BUHDX12   | 0.443 |   3.427 |   -0.238 | 
     | g190301                                            | A v -> Q v  | NA22HDX1  | 0.439 |   3.867 |    0.201 | 
     | u_core_u_meas_ctrl_hit_seen_q_reg[9]               | D v         | DFRRQHDX2 | 0.000 |   3.867 |    0.202 | 
     +-----------------------------------------------------------------------------------------------------------+ 
Path 86: VIOLATED Recovery Check with Pin u_core_gen_pd_row[7].gen_pd_col[1].u_
pd/nfast_hit_latched_reg[0]/C 
Endpoint:   u_core_gen_pd_row[7].gen_pd_col[1].u_pd/nfast_hit_latched_reg[0]/RN 
(^) checked with  leading edge of 'clk_osc_fast_tap1'
Beginpoint: u_core_u_meas_ctrl_state_q_reg[0]/Q                                 
(v) triggered by  leading edge of 'clk_osc_fast'
Path Groups: {async_default}
Analysis View: wc_view
Other End Arrival Time          0.050
- Recovery                      0.352
+ Phase Shift                   0.000
- Uncertainty                   0.050
= Required Time                -0.352
- Arrival Time                  3.313
= Slack Time                   -3.665
     Clock Rise Edge                 0.000
     + Clock Network Latency (Ideal) 0.000
     = Beginpoint Arrival Time       0.000
     +-----------------------------------------------------------------------------------------------------------+ 
     |                      Instance                      |     Arc     |   Cell    | Delay | Arrival | Required | 
     |                                                    |             |           |       |  Time   |   Time   | 
     |----------------------------------------------------+-------------+-----------+-------+---------+----------| 
     | u_core_u_meas_ctrl_state_q_reg[0]                  | C ^         |           |       |   0.000 |   -3.665 | 
     | u_core_u_meas_ctrl_state_q_reg[0]                  | C ^ -> Q v  | DFRRQHDX1 | 1.104 |   1.104 |   -2.561 | 
     | FE_RC_3155_0                                       | AN v -> Q v | NO3I2HDX2 | 0.501 |   1.604 |   -2.061 | 
     | FE_OFC4741_n_77986                                 | A v -> Q v  | BUHDX12   | 0.442 |   2.046 |   -1.619 | 
     | FE_OCPC6625_FE_OFN114003_n                         | A v -> Q v  | BUHDX12   | 0.501 |   2.547 |   -1.118 | 
     | u_core_gen_pd_row[7].gen_pd_col[1].u_pd/g323__6161 | B v -> Q ^  | NO2I1HDX4 | 0.372 |   2.918 |   -0.747 | 
     | u_core_gen_pd_row[7].gen_pd_col[1].u_pd/FE_OFC2776 | A ^ -> Q ^  | BUHDX2    | 0.393 |   3.311 |   -0.354 | 
     | _n_9                                               |             |           |       |         |          | 
     | u_core_gen_pd_row[7].gen_pd_col[1].u_pd/nfast_hit_ | RN ^        | DFRRHDX2  | 0.001 |   3.313 |   -0.352 | 
     | latched_reg[0]                                     |             |           |       |         |          | 
     +-----------------------------------------------------------------------------------------------------------+ 
Path 87: VIOLATED Recovery Check with Pin u_core_gen_pd_row[7].gen_pd_col[1].u_
pd/nfast_hit_latched_reg[1]/C 
Endpoint:   u_core_gen_pd_row[7].gen_pd_col[1].u_pd/nfast_hit_latched_reg[1]/RN 
(^) checked with  leading edge of 'clk_osc_fast_tap1'
Beginpoint: u_core_u_meas_ctrl_state_q_reg[0]/Q                                 
(v) triggered by  leading edge of 'clk_osc_fast'
Path Groups: {async_default}
Analysis View: wc_view
Other End Arrival Time          0.050
- Recovery                      0.352
+ Phase Shift                   0.000
- Uncertainty                   0.050
= Required Time                -0.352
- Arrival Time                  3.313
= Slack Time                   -3.665
     Clock Rise Edge                 0.000
     + Clock Network Latency (Ideal) 0.000
     = Beginpoint Arrival Time       0.000
     +-----------------------------------------------------------------------------------------------------------+ 
     |                      Instance                      |     Arc     |   Cell    | Delay | Arrival | Required | 
     |                                                    |             |           |       |  Time   |   Time   | 
     |----------------------------------------------------+-------------+-----------+-------+---------+----------| 
     | u_core_u_meas_ctrl_state_q_reg[0]                  | C ^         |           |       |   0.000 |   -3.665 | 
     | u_core_u_meas_ctrl_state_q_reg[0]                  | C ^ -> Q v  | DFRRQHDX1 | 1.104 |   1.104 |   -2.561 | 
     | FE_RC_3155_0                                       | AN v -> Q v | NO3I2HDX2 | 0.501 |   1.604 |   -2.061 | 
     | FE_OFC4741_n_77986                                 | A v -> Q v  | BUHDX12   | 0.442 |   2.046 |   -1.619 | 
     | FE_OCPC6625_FE_OFN114003_n                         | A v -> Q v  | BUHDX12   | 0.501 |   2.547 |   -1.118 | 
     | u_core_gen_pd_row[7].gen_pd_col[1].u_pd/g323__6161 | B v -> Q ^  | NO2I1HDX4 | 0.372 |   2.918 |   -0.747 | 
     | u_core_gen_pd_row[7].gen_pd_col[1].u_pd/FE_OFC2776 | A ^ -> Q ^  | BUHDX2    | 0.393 |   3.311 |   -0.354 | 
     | _n_9                                               |             |           |       |         |          | 
     | u_core_gen_pd_row[7].gen_pd_col[1].u_pd/nfast_hit_ | RN ^        | DFRRHDX2  | 0.001 |   3.313 |   -0.352 | 
     | latched_reg[1]                                     |             |           |       |         |          | 
     +-----------------------------------------------------------------------------------------------------------+ 
Path 88: VIOLATED Recovery Check with Pin u_core_gen_pd_row[0].gen_pd_col[1].u_
pd/q1_reg/C 
Endpoint:   u_core_gen_pd_row[0].gen_pd_col[1].u_pd/q1_reg/RN (^) checked with  
leading edge of 'clk_osc_fast_tap1'
Beginpoint: u_core_u_meas_ctrl_state_q_reg[0]/Q               (v) triggered by  
leading edge of 'clk_osc_fast'
Path Groups: {async_default}
Analysis View: wc_view
Other End Arrival Time          0.050
- Recovery                      0.361
+ Phase Shift                   0.000
- Uncertainty                   0.050
= Required Time                -0.361
- Arrival Time                  3.304
= Slack Time                   -3.665
     Clock Rise Edge                 0.000
     + Clock Network Latency (Ideal) 0.000
     = Beginpoint Arrival Time       0.000
     +-----------------------------------------------------------------------------------------------------------+ 
     |                      Instance                      |     Arc     |   Cell    | Delay | Arrival | Required | 
     |                                                    |             |           |       |  Time   |   Time   | 
     |----------------------------------------------------+-------------+-----------+-------+---------+----------| 
     | u_core_u_meas_ctrl_state_q_reg[0]                  | C ^         |           |       |   0.000 |   -3.665 | 
     | u_core_u_meas_ctrl_state_q_reg[0]                  | C ^ -> Q v  | DFRRQHDX1 | 1.104 |   1.104 |   -2.561 | 
     | FE_RC_3155_0                                       | AN v -> Q v | NO3I2HDX2 | 0.501 |   1.604 |   -2.061 | 
     | FE_OFC4741_n_77986                                 | A v -> Q v  | BUHDX12   | 0.442 |   2.046 |   -1.619 | 
     | FE_OCPC6624_FE_OFN114003_n                         | A v -> Q v  | BUHDX12   | 0.501 |   2.548 |   -1.118 | 
     | u_core_gen_pd_row[0].gen_pd_col[1].u_pd/g323__5526 | B v -> Q ^  | NO2I1HDX4 | 0.389 |   2.937 |   -0.728 | 
     | u_core_gen_pd_row[0].gen_pd_col[1].u_pd/FE_OFC5067 | A ^ -> Q ^  | BUHDX6    | 0.363 |   3.300 |   -0.365 | 
     | _n_10                                              |             |           |       |         |          | 
     | u_core_gen_pd_row[0].gen_pd_col[1].u_pd/q1_reg     | RN ^        | DFRRQHDX1 | 0.004 |   3.304 |   -0.361 | 
     +-----------------------------------------------------------------------------------------------------------+ 
Path 89: VIOLATED Setup Check with Pin u_core_u_meas_ctrl_hit_seen_q_reg[62]/C 
Endpoint:   u_core_u_meas_ctrl_hit_seen_q_reg[62]/D (v) checked with  leading 
edge of 'clk_osc_fast'
Beginpoint: u_core_u_meas_ctrl_state_q_reg[1]/Q     (^) triggered by  leading 
edge of 'clk_osc_fast'
Path Groups: {clk_osc_fast}
Analysis View: wc_view
Other End Arrival Time          0.000
- Setup                         0.623
+ Phase Shift                   0.900
- Uncertainty                   0.050
= Required Time                 0.227
- Arrival Time                  3.892
= Slack Time                   -3.665
     Clock Rise Edge                 0.000
     + Clock Network Latency (Ideal) 0.000
     = Beginpoint Arrival Time       0.000
     +-----------------------------------------------------------------------------------------------------------+ 
     |                      Instance                      |     Arc     |   Cell    | Delay | Arrival | Required | 
     |                                                    |             |           |       |  Time   |   Time   | 
     |----------------------------------------------------+-------------+-----------+-------+---------+----------| 
     | u_core_u_meas_ctrl_state_q_reg[1]                  | C ^         |           |       |   0.000 |   -3.665 | 
     | u_core_u_meas_ctrl_state_q_reg[1]                  | C ^ -> Q ^  | DFRRQHDX1 | 0.884 |   0.884 |   -2.781 | 
     | FE_RC_815_0                                        | A ^ -> Q v  | INHDX2    | 0.219 |   1.103 |   -2.562 | 
     | FE_OCPC10868_FE_OFN114309_u_core_u_meas_ctrl_state | A v -> Q ^  | INHDX0    | 0.254 |   1.357 |   -2.308 | 
     | _q_1                                               |             |           |       |         |          | 
     | g245880                                            | AN ^ -> Q ^ | NA3I1HDX2 | 0.428 |   1.785 |   -1.880 | 
     | FE_OCPC6566_n_76143                                | A ^ -> Q ^  | BUHDX4    | 0.401 |   2.185 |   -1.480 | 
     | g24_dup227764                                      | C ^ -> Q ^  | OA21HDX2  | 0.487 |   2.672 |   -0.993 | 
     | g211170                                            | C ^ -> Q v  | NA3HDX4   | 0.313 |   2.985 |   -0.680 | 
     | FE_OFC2356_n_40277                                 | A v -> Q v  | BUHDX12   | 0.443 |   3.427 |   -0.237 | 
     | g175796                                            | A v -> Q v  | NA22HDX1  | 0.464 |   3.892 |    0.227 | 
     | u_core_u_meas_ctrl_hit_seen_q_reg[62]              | D v         | DFRRQHDX4 | 0.000 |   3.892 |    0.227 | 
     +-----------------------------------------------------------------------------------------------------------+ 
Path 90: VIOLATED Recovery Check with Pin u_core_gen_pd_row[7].gen_pd_col[1].u_
pd/nfast_hit_latched_reg[5]/C 
Endpoint:   u_core_gen_pd_row[7].gen_pd_col[1].u_pd/nfast_hit_latched_reg[5]/RN 
(^) checked with  leading edge of 'clk_osc_fast_tap1'
Beginpoint: u_core_u_meas_ctrl_state_q_reg[0]/Q                                 
(v) triggered by  leading edge of 'clk_osc_fast'
Path Groups: {async_default}
Analysis View: wc_view
Other End Arrival Time          0.050
- Recovery                      0.353
+ Phase Shift                   0.000
- Uncertainty                   0.050
= Required Time                -0.353
- Arrival Time                  3.311
= Slack Time                   -3.664
     Clock Rise Edge                 0.000
     + Clock Network Latency (Ideal) 0.000
     = Beginpoint Arrival Time       0.000
     +-----------------------------------------------------------------------------------------------------------+ 
     |                      Instance                      |     Arc     |   Cell    | Delay | Arrival | Required | 
     |                                                    |             |           |       |  Time   |   Time   | 
     |----------------------------------------------------+-------------+-----------+-------+---------+----------| 
     | u_core_u_meas_ctrl_state_q_reg[0]                  | C ^         |           |       |   0.000 |   -3.664 | 
     | u_core_u_meas_ctrl_state_q_reg[0]                  | C ^ -> Q v  | DFRRQHDX1 | 1.104 |   1.104 |   -2.560 | 
     | FE_RC_3155_0                                       | AN v -> Q v | NO3I2HDX2 | 0.501 |   1.604 |   -2.060 | 
     | FE_OFC4741_n_77986                                 | A v -> Q v  | BUHDX12   | 0.442 |   2.046 |   -1.618 | 
     | FE_OCPC6625_FE_OFN114003_n                         | A v -> Q v  | BUHDX12   | 0.501 |   2.547 |   -1.117 | 
     | u_core_gen_pd_row[7].gen_pd_col[1].u_pd/g323__6161 | B v -> Q ^  | NO2I1HDX4 | 0.372 |   2.918 |   -0.746 | 
     | u_core_gen_pd_row[7].gen_pd_col[1].u_pd/FE_OFC2775 | A ^ -> Q ^  | BUHDX3    | 0.391 |   3.309 |   -0.355 | 
     | _n_9                                               |             |           |       |         |          | 
     | u_core_gen_pd_row[7].gen_pd_col[1].u_pd/nfast_hit_ | RN ^        | DFRRHDX1  | 0.001 |   3.311 |   -0.353 | 
     | latched_reg[5]                                     |             |           |       |         |          | 
     +-----------------------------------------------------------------------------------------------------------+ 
Path 91: VIOLATED Recovery Check with Pin u_core_gen_pd_row[7].gen_pd_col[1].u_
pd/nfast_hit_latched_reg[4]/C 
Endpoint:   u_core_gen_pd_row[7].gen_pd_col[1].u_pd/nfast_hit_latched_reg[4]/RN 
(^) checked with  leading edge of 'clk_osc_fast_tap1'
Beginpoint: u_core_u_meas_ctrl_state_q_reg[0]/Q                                 
(v) triggered by  leading edge of 'clk_osc_fast'
Path Groups: {async_default}
Analysis View: wc_view
Other End Arrival Time          0.050
- Recovery                      0.353
+ Phase Shift                   0.000
- Uncertainty                   0.050
= Required Time                -0.353
- Arrival Time                  3.311
= Slack Time                   -3.664
     Clock Rise Edge                 0.000
     + Clock Network Latency (Ideal) 0.000
     = Beginpoint Arrival Time       0.000
     +-----------------------------------------------------------------------------------------------------------+ 
     |                      Instance                      |     Arc     |   Cell    | Delay | Arrival | Required | 
     |                                                    |             |           |       |  Time   |   Time   | 
     |----------------------------------------------------+-------------+-----------+-------+---------+----------| 
     | u_core_u_meas_ctrl_state_q_reg[0]                  | C ^         |           |       |   0.000 |   -3.664 | 
     | u_core_u_meas_ctrl_state_q_reg[0]                  | C ^ -> Q v  | DFRRQHDX1 | 1.104 |   1.104 |   -2.560 | 
     | FE_RC_3155_0                                       | AN v -> Q v | NO3I2HDX2 | 0.501 |   1.604 |   -2.060 | 
     | FE_OFC4741_n_77986                                 | A v -> Q v  | BUHDX12   | 0.442 |   2.046 |   -1.618 | 
     | FE_OCPC6625_FE_OFN114003_n                         | A v -> Q v  | BUHDX12   | 0.501 |   2.547 |   -1.117 | 
     | u_core_gen_pd_row[7].gen_pd_col[1].u_pd/g323__6161 | B v -> Q ^  | NO2I1HDX4 | 0.372 |   2.918 |   -0.746 | 
     | u_core_gen_pd_row[7].gen_pd_col[1].u_pd/FE_OFC2775 | A ^ -> Q ^  | BUHDX3    | 0.391 |   3.309 |   -0.354 | 
     | _n_9                                               |             |           |       |         |          | 
     | u_core_gen_pd_row[7].gen_pd_col[1].u_pd/nfast_hit_ | RN ^        | DFRRHDX1  | 0.001 |   3.311 |   -0.353 | 
     | latched_reg[4]                                     |             |           |       |         |          | 
     +-----------------------------------------------------------------------------------------------------------+ 
Path 92: VIOLATED Setup Check with Pin u_core_u_meas_ctrl_hit_seen_q_reg[54]/C 
Endpoint:   u_core_u_meas_ctrl_hit_seen_q_reg[54]/D (v) checked with  leading 
edge of 'clk_osc_fast'
Beginpoint: u_core_u_meas_ctrl_state_q_reg[1]/Q     (^) triggered by  leading 
edge of 'clk_osc_fast'
Path Groups: {clk_osc_fast}
Analysis View: wc_view
Other End Arrival Time          0.000
- Setup                         0.619
+ Phase Shift                   0.900
- Uncertainty                   0.050
= Required Time                 0.231
- Arrival Time                  3.894
= Slack Time                   -3.663
     Clock Rise Edge                 0.000
     + Clock Network Latency (Ideal) 0.000
     = Beginpoint Arrival Time       0.000
     +-----------------------------------------------------------------------------------------------------------+ 
     |                      Instance                      |     Arc     |   Cell    | Delay | Arrival | Required | 
     |                                                    |             |           |       |  Time   |   Time   | 
     |----------------------------------------------------+-------------+-----------+-------+---------+----------| 
     | u_core_u_meas_ctrl_state_q_reg[1]                  | C ^         |           |       |   0.000 |   -3.663 | 
     | u_core_u_meas_ctrl_state_q_reg[1]                  | C ^ -> Q ^  | DFRRQHDX1 | 0.884 |   0.884 |   -2.779 | 
     | FE_RC_815_0                                        | A ^ -> Q v  | INHDX2    | 0.219 |   1.103 |   -2.560 | 
     | FE_OCPC10868_FE_OFN114309_u_core_u_meas_ctrl_state | A v -> Q ^  | INHDX0    | 0.254 |   1.357 |   -2.306 | 
     | _q_1                                               |             |           |       |         |          | 
     | g245880                                            | AN ^ -> Q ^ | NA3I1HDX2 | 0.428 |   1.785 |   -1.879 | 
     | FE_OCPC6566_n_76143                                | A ^ -> Q ^  | BUHDX4    | 0.401 |   2.185 |   -1.478 | 
     | g24_dup227764                                      | C ^ -> Q ^  | OA21HDX2  | 0.487 |   2.672 |   -0.991 | 
     | g211170                                            | C ^ -> Q v  | NA3HDX4   | 0.313 |   2.985 |   -0.678 | 
     | FE_OFC2356_n_40277                                 | A v -> Q v  | BUHDX12   | 0.443 |   3.427 |   -0.236 | 
     | g175788                                            | A v -> Q v  | NA22HDX1  | 0.467 |   3.894 |    0.231 | 
     | u_core_u_meas_ctrl_hit_seen_q_reg[54]              | D v         | DFRRHDX2  | 0.000 |   3.894 |    0.231 | 
     +-----------------------------------------------------------------------------------------------------------+ 
Path 93: VIOLATED Recovery Check with Pin u_core_gen_pd_row[6].gen_pd_col[4].u_
pd/q2_reg/C 
Endpoint:   u_core_gen_pd_row[6].gen_pd_col[4].u_pd/q2_reg/RN (^) checked with  
leading edge of 'clk_osc_fast_tap4'
Beginpoint: u_core_u_meas_ctrl_state_q_reg[0]/Q               (v) triggered by  
leading edge of 'clk_osc_fast'
Path Groups: {async_default}
Analysis View: wc_view
Other End Arrival Time          0.200
- Recovery                      0.350
+ Phase Shift                   0.000
- Uncertainty                   0.050
= Required Time                -0.200
- Arrival Time                  3.462
= Slack Time                   -3.663
     Clock Rise Edge                 0.000
     + Clock Network Latency (Ideal) 0.000
     = Beginpoint Arrival Time       0.000
     +-----------------------------------------------------------------------------------------------------------+ 
     |                      Instance                      |     Arc     |   Cell    | Delay | Arrival | Required | 
     |                                                    |             |           |       |  Time   |   Time   | 
     |----------------------------------------------------+-------------+-----------+-------+---------+----------| 
     | u_core_u_meas_ctrl_state_q_reg[0]                  | C ^         |           |       |   0.000 |   -3.663 | 
     | u_core_u_meas_ctrl_state_q_reg[0]                  | C ^ -> Q v  | DFRRQHDX1 | 1.104 |   1.104 |   -2.559 | 
     | FE_RC_3155_0                                       | AN v -> Q v | NO3I2HDX2 | 0.501 |   1.604 |   -2.058 | 
     | FE_OFC4741_n_77986                                 | A v -> Q v  | BUHDX12   | 0.442 |   2.046 |   -1.616 | 
     | FE_OCPC6625_FE_OFN114003_n                         | A v -> Q v  | BUHDX12   | 0.501 |   2.547 |   -1.116 | 
     | u_core_gen_pd_row[6].gen_pd_col[4].u_pd/g1354__511 | B v -> Q ^  | NO2I1HDX2 | 0.490 |   3.036 |   -0.626 | 
     | 5                                                  |             |           |       |         |          | 
     | u_core_gen_pd_row[6].gen_pd_col[4].u_pd/FE_OFC2768 | A ^ -> Q ^  | BUHDX6    | 0.417 |   3.454 |   -0.209 | 
     | _n_10                                              |             |           |       |         |          | 
     | u_core_gen_pd_row[6].gen_pd_col[4].u_pd/q2_reg     | RN ^        | DFRRHDX4  | 0.009 |   3.462 |   -0.200 | 
     +-----------------------------------------------------------------------------------------------------------+ 
Path 94: VIOLATED Setup Check with Pin u_core_u_meas_ctrl_hit_seen_q_reg[48]/C 
Endpoint:   u_core_u_meas_ctrl_hit_seen_q_reg[48]/D (v) checked with  leading 
edge of 'clk_osc_fast'
Beginpoint: u_core_u_meas_ctrl_state_q_reg[0]/Q     (v) triggered by  leading 
edge of 'clk_osc_fast'
Path Groups: {clk_osc_fast}
Analysis View: wc_view
Other End Arrival Time          0.000
- Setup                         0.621
+ Phase Shift                   0.900
- Uncertainty                   0.050
= Required Time                 0.229
- Arrival Time                  3.891
= Slack Time                   -3.663
     Clock Rise Edge                 0.000
     + Clock Network Latency (Ideal) 0.000
     = Beginpoint Arrival Time       0.000
     +------------------------------------------------------------------------------------------------+ 
     |                 Instance                 |    Arc     |   Cell    | Delay | Arrival | Required | 
     |                                          |            |           |       |  Time   |   Time   | 
     |------------------------------------------+------------+-----------+-------+---------+----------| 
     | u_core_u_meas_ctrl_state_q_reg[0]        | C ^        |           |       |   0.000 |   -3.663 | 
     | u_core_u_meas_ctrl_state_q_reg[0]        | C ^ -> Q v | DFRRQHDX1 | 1.104 |   1.104 |   -2.559 | 
     | FE_OCPC6546_u_core_u_meas_ctrl_state_q_0 | A v -> Q ^ | INHDX3    | 0.337 |   1.441 |   -2.221 | 
     | g227747                                  | A ^ -> Q ^ | OR2HDX2   | 0.406 |   1.847 |   -1.815 | 
     | FE_RC_780_0                              | A ^ -> Q ^ | NA22HDX2  | 0.422 |   2.269 |   -1.393 | 
     | g227754                                  | A ^ -> Q ^ | AND2HDX2  | 0.413 |   2.682 |   -0.980 | 
     | g211168                                  | A ^ -> Q v | NA3HDX4   | 0.294 |   2.977 |   -0.686 | 
     | FE_OFC2355_n_40275                       | A v -> Q v | BUHDX12   | 0.457 |   3.433 |   -0.229 | 
     | g175781                                  | A v -> Q v | NA22HDX1  | 0.457 |   3.891 |    0.228 | 
     | u_core_u_meas_ctrl_hit_seen_q_reg[48]    | D v        | DFRRQHDX4 | 0.000 |   3.891 |    0.229 | 
     +------------------------------------------------------------------------------------------------+ 
Path 95: VIOLATED Setup Check with Pin u_core_u_meas_ctrl_hit_seen_q_reg[2]/C 
Endpoint:   u_core_u_meas_ctrl_hit_seen_q_reg[2]/D (v) checked with  leading 
edge of 'clk_osc_fast'
Beginpoint: u_core_u_meas_ctrl_state_q_reg[0]/Q    (v) triggered by  leading 
edge of 'clk_osc_fast'
Path Groups: {clk_osc_fast}
Analysis View: wc_view
Other End Arrival Time          0.000
- Setup                         0.651
+ Phase Shift                   0.900
- Uncertainty                   0.050
= Required Time                 0.199
- Arrival Time                  3.862
= Slack Time                   -3.662
     Clock Rise Edge                 0.000
     + Clock Network Latency (Ideal) 0.000
     = Beginpoint Arrival Time       0.000
     +------------------------------------------------------------------------------------------------+ 
     |                 Instance                 |    Arc     |   Cell    | Delay | Arrival | Required | 
     |                                          |            |           |       |  Time   |   Time   | 
     |------------------------------------------+------------+-----------+-------+---------+----------| 
     | u_core_u_meas_ctrl_state_q_reg[0]        | C ^        |           |       |   0.000 |   -3.662 | 
     | u_core_u_meas_ctrl_state_q_reg[0]        | C ^ -> Q v | DFRRQHDX1 | 1.104 |   1.104 |   -2.559 | 
     | FE_OCPC6546_u_core_u_meas_ctrl_state_q_0 | A v -> Q ^ | INHDX3    | 0.337 |   1.441 |   -2.221 | 
     | g227747                                  | A ^ -> Q ^ | OR2HDX2   | 0.406 |   1.847 |   -1.815 | 
     | FE_RC_780_0                              | A ^ -> Q ^ | NA22HDX2  | 0.422 |   2.269 |   -1.393 | 
     | g227754                                  | A ^ -> Q ^ | AND2HDX2  | 0.413 |   2.682 |   -0.980 | 
     | g211168                                  | A ^ -> Q v | NA3HDX4   | 0.294 |   2.977 |   -0.686 | 
     | FE_OFC2355_n_40275                       | A v -> Q v | BUHDX12   | 0.457 |   3.433 |   -0.229 | 
     | g175735                                  | A v -> Q v | NA22HDX1  | 0.428 |   3.861 |    0.199 | 
     | u_core_u_meas_ctrl_hit_seen_q_reg[2]     | D v        | DFRRQHDX2 | 0.000 |   3.862 |    0.199 | 
     +------------------------------------------------------------------------------------------------+ 
Path 96: VIOLATED Recovery Check with Pin u_core_gen_pd_row[0].gen_pd_col[1].u_
pd/nfast_hit_latched_reg[5]/C 
Endpoint:   u_core_gen_pd_row[0].gen_pd_col[1].u_pd/nfast_hit_latched_reg[5]/RN 
(^) checked with  leading edge of 'clk_osc_fast_tap1'
Beginpoint: u_core_u_meas_ctrl_state_q_reg[0]/Q                                 
(v) triggered by  leading edge of 'clk_osc_fast'
Path Groups: {async_default}
Analysis View: wc_view
Other End Arrival Time          0.050
- Recovery                      0.361
+ Phase Shift                   0.000
- Uncertainty                   0.050
= Required Time                -0.361
- Arrival Time                  3.301
= Slack Time                   -3.661
     Clock Rise Edge                 0.000
     + Clock Network Latency (Ideal) 0.000
     = Beginpoint Arrival Time       0.000
     +-----------------------------------------------------------------------------------------------------------+ 
     |                      Instance                      |     Arc     |   Cell    | Delay | Arrival | Required | 
     |                                                    |             |           |       |  Time   |   Time   | 
     |----------------------------------------------------+-------------+-----------+-------+---------+----------| 
     | u_core_u_meas_ctrl_state_q_reg[0]                  | C ^         |           |       |   0.000 |   -3.661 | 
     | u_core_u_meas_ctrl_state_q_reg[0]                  | C ^ -> Q v  | DFRRQHDX1 | 1.104 |   1.104 |   -2.558 | 
     | FE_RC_3155_0                                       | AN v -> Q v | NO3I2HDX2 | 0.501 |   1.604 |   -2.057 | 
     | FE_OFC4741_n_77986                                 | A v -> Q v  | BUHDX12   | 0.442 |   2.046 |   -1.615 | 
     | FE_OCPC6624_FE_OFN114003_n                         | A v -> Q v  | BUHDX12   | 0.501 |   2.548 |   -1.114 | 
     | u_core_gen_pd_row[0].gen_pd_col[1].u_pd/g323__5526 | B v -> Q ^  | NO2I1HDX4 | 0.389 |   2.937 |   -0.724 | 
     | u_core_gen_pd_row[0].gen_pd_col[1].u_pd/FE_OFC5067 | A ^ -> Q ^  | BUHDX6    | 0.363 |   3.300 |   -0.361 | 
     | _n_10                                              |             |           |       |         |          | 
     | u_core_gen_pd_row[0].gen_pd_col[1].u_pd/nfast_hit_ | RN ^        | DFRRQHDX1 | 0.000 |   3.301 |   -0.361 | 
     | latched_reg[5]                                     |             |           |       |         |          | 
     +-----------------------------------------------------------------------------------------------------------+ 
Path 97: VIOLATED Setup Check with Pin u_core_u_meas_ctrl_row_cnt_q_reg[0][2]/C 
Endpoint:   u_core_u_meas_ctrl_row_cnt_q_reg[0][2]/D (v) checked with  leading 
edge of 'clk_osc_fast'
Beginpoint: u_core_u_meas_ctrl_state_q_reg[1]/Q      (^) triggered by  leading 
edge of 'clk_osc_fast'
Path Groups: {clk_osc_fast}
Analysis View: wc_view
Other End Arrival Time          0.000
- Setup                         0.583
+ Phase Shift                   0.900
- Uncertainty                   0.050
= Required Time                 0.267
- Arrival Time                  3.928
= Slack Time                   -3.661
     Clock Rise Edge                 0.000
     + Clock Network Latency (Ideal) 0.000
     = Beginpoint Arrival Time       0.000
     +-----------------------------------------------------------------------------------------------------------+ 
     |                      Instance                      |     Arc     |   Cell    | Delay | Arrival | Required | 
     |                                                    |             |           |       |  Time   |   Time   | 
     |----------------------------------------------------+-------------+-----------+-------+---------+----------| 
     | u_core_u_meas_ctrl_state_q_reg[1]                  | C ^         |           |       |   0.000 |   -3.661 | 
     | u_core_u_meas_ctrl_state_q_reg[1]                  | C ^ -> Q ^  | DFRRQHDX1 | 0.884 |   0.884 |   -2.777 | 
     | FE_RC_815_0                                        | A ^ -> Q v  | INHDX2    | 0.219 |   1.103 |   -2.558 | 
     | FE_OCPC10868_FE_OFN114309_u_core_u_meas_ctrl_state | A v -> Q ^  | INHDX0    | 0.254 |   1.357 |   -2.304 | 
     | _q_1                                               |             |           |       |         |          | 
     | g245880                                            | AN ^ -> Q ^ | NA3I1HDX2 | 0.428 |   1.785 |   -1.876 | 
     | FE_OCPC6566_n_76143                                | A ^ -> Q ^  | BUHDX4    | 0.401 |   2.185 |   -1.476 | 
     | g268255                                            | C ^ -> Q v  | NA22HDX4  | 0.421 |   2.606 |   -1.055 | 
     | FE_OCPC8767_FE_OFN112484_n_99247                   | A v -> Q v  | BUHDX4    | 0.491 |   3.098 |   -0.563 | 
     | g191320                                            | B v -> Q ^  | NA2HDX1   | 0.331 |   3.428 |   -0.233 | 
     | g250371                                            | AN ^ -> Q ^ | NA2I1HDX1 | 0.338 |   3.766 |    0.105 | 
     | FE_RC_1550_0                                       | B ^ -> Q v  | NA2HDX1   | 0.161 |   3.927 |    0.266 | 
     | u_core_u_meas_ctrl_row_cnt_q_reg[0][2]             | D v         | DFRRHDX4  | 0.000 |   3.928 |    0.267 | 
     +-----------------------------------------------------------------------------------------------------------+ 
Path 98: VIOLATED Recovery Check with Pin u_core_gen_pd_row[7].gen_pd_col[4].u_
pd/q1_reg/C 
Endpoint:   u_core_gen_pd_row[7].gen_pd_col[4].u_pd/q1_reg/RN (^) checked with  
leading edge of 'clk_osc_fast_tap4'
Beginpoint: u_core_u_meas_ctrl_state_q_reg[0]/Q               (v) triggered by  
leading edge of 'clk_osc_fast'
Path Groups: {async_default}
Analysis View: wc_view
Other End Arrival Time          0.200
- Recovery                      0.371
+ Phase Shift                   0.000
- Uncertainty                   0.050
= Required Time                -0.221
- Arrival Time                  3.439
= Slack Time                   -3.660
     Clock Rise Edge                 0.000
     + Clock Network Latency (Ideal) 0.000
     = Beginpoint Arrival Time       0.000
     +-----------------------------------------------------------------------------------------------------------+ 
     |                      Instance                      |     Arc     |   Cell    | Delay | Arrival | Required | 
     |                                                    |             |           |       |  Time   |   Time   | 
     |----------------------------------------------------+-------------+-----------+-------+---------+----------| 
     | u_core_u_meas_ctrl_state_q_reg[0]                  | C ^         |           |       |   0.000 |   -3.660 | 
     | u_core_u_meas_ctrl_state_q_reg[0]                  | C ^ -> Q v  | DFRRQHDX1 | 1.104 |   1.104 |   -2.557 | 
     | FE_RC_3155_0                                       | AN v -> Q v | NO3I2HDX2 | 0.501 |   1.604 |   -2.056 | 
     | FE_OFC4741_n_77986                                 | A v -> Q v  | BUHDX12   | 0.442 |   2.046 |   -1.614 | 
     | FE_OCPC6625_FE_OFN114003_n                         | A v -> Q v  | BUHDX12   | 0.501 |   2.547 |   -1.114 | 
     | u_core_gen_pd_row[7].gen_pd_col[4].u_pd/g1354      | B v -> Q ^  | NO2I1HDX2 | 0.462 |   3.008 |   -0.652 | 
     | u_core_gen_pd_row[7].gen_pd_col[4].u_pd/FE_OFC2780 | A ^ -> Q ^  | BUHDX1    | 0.430 |   3.439 |   -0.222 | 
     | _n_10                                              |             |           |       |         |          | 
     | u_core_gen_pd_row[7].gen_pd_col[4].u_pd/q1_reg     | RN ^        | DFRRQHDX1 | 0.001 |   3.439 |   -0.221 | 
     +-----------------------------------------------------------------------------------------------------------+ 
Path 99: VIOLATED Recovery Check with Pin u_core_gen_pd_row[7].gen_pd_col[4].u_
pd/hit_latched_reg/C 
Endpoint:   u_core_gen_pd_row[7].gen_pd_col[4].u_pd/hit_latched_reg/RN (^) 
checked with  leading edge of 'clk_osc_fast_tap4'
Beginpoint: u_core_u_meas_ctrl_state_q_reg[0]/Q                        (v) 
triggered by  leading edge of 'clk_osc_fast'
Path Groups: {async_default}
Analysis View: wc_view
Other End Arrival Time          0.200
- Recovery                      0.371
+ Phase Shift                   0.000
- Uncertainty                   0.050
= Required Time                -0.221
- Arrival Time                  3.439
= Slack Time                   -3.660
     Clock Rise Edge                 0.000
     + Clock Network Latency (Ideal) 0.000
     = Beginpoint Arrival Time       0.000
     +-----------------------------------------------------------------------------------------------------------+ 
     |                      Instance                      |     Arc     |   Cell    | Delay | Arrival | Required | 
     |                                                    |             |           |       |  Time   |   Time   | 
     |----------------------------------------------------+-------------+-----------+-------+---------+----------| 
     | u_core_u_meas_ctrl_state_q_reg[0]                  | C ^         |           |       |   0.000 |   -3.660 | 
     | u_core_u_meas_ctrl_state_q_reg[0]                  | C ^ -> Q v  | DFRRQHDX1 | 1.104 |   1.104 |   -2.557 | 
     | FE_RC_3155_0                                       | AN v -> Q v | NO3I2HDX2 | 0.501 |   1.604 |   -2.056 | 
     | FE_OFC4741_n_77986                                 | A v -> Q v  | BUHDX12   | 0.442 |   2.046 |   -1.614 | 
     | FE_OCPC6625_FE_OFN114003_n                         | A v -> Q v  | BUHDX12   | 0.501 |   2.547 |   -1.114 | 
     | u_core_gen_pd_row[7].gen_pd_col[4].u_pd/g1354      | B v -> Q ^  | NO2I1HDX2 | 0.462 |   3.008 |   -0.652 | 
     | u_core_gen_pd_row[7].gen_pd_col[4].u_pd/FE_OFC2780 | A ^ -> Q ^  | BUHDX1    | 0.430 |   3.439 |   -0.222 | 
     | _n_10                                              |             |           |       |         |          | 
     | u_core_gen_pd_row[7].gen_pd_col[4].u_pd/hit_latche | RN ^        | DFRRQHDX1 | 0.001 |   3.439 |   -0.221 | 
     | d_reg                                              |             |           |       |         |          | 
     +-----------------------------------------------------------------------------------------------------------+ 
Path 100: VIOLATED Setup Check with Pin u_core_u_meas_ctrl_hit_seen_q_reg[4]/C 
Endpoint:   u_core_u_meas_ctrl_hit_seen_q_reg[4]/D (v) checked with  leading 
edge of 'clk_osc_fast'
Beginpoint: u_core_u_meas_ctrl_state_q_reg[1]/Q    (^) triggered by  leading 
edge of 'clk_osc_fast'
Path Groups: {clk_osc_fast}
Analysis View: wc_view
Other End Arrival Time          0.000
- Setup                         0.652
+ Phase Shift                   0.900
- Uncertainty                   0.050
= Required Time                 0.198
- Arrival Time                  3.858
= Slack Time                   -3.660
     Clock Rise Edge                 0.000
     + Clock Network Latency (Ideal) 0.000
     = Beginpoint Arrival Time       0.000
     +-----------------------------------------------------------------------------------------------------------+ 
     |                      Instance                      |     Arc     |   Cell    | Delay | Arrival | Required | 
     |                                                    |             |           |       |  Time   |   Time   | 
     |----------------------------------------------------+-------------+-----------+-------+---------+----------| 
     | u_core_u_meas_ctrl_state_q_reg[1]                  | C ^         |           |       |   0.000 |   -3.660 | 
     | u_core_u_meas_ctrl_state_q_reg[1]                  | C ^ -> Q ^  | DFRRQHDX1 | 0.884 |   0.884 |   -2.776 | 
     | FE_RC_815_0                                        | A ^ -> Q v  | INHDX2    | 0.219 |   1.103 |   -2.557 | 
     | FE_OCPC10868_FE_OFN114309_u_core_u_meas_ctrl_state | A v -> Q ^  | INHDX0    | 0.254 |   1.357 |   -2.303 | 
     | _q_1                                               |             |           |       |         |          | 
     | g245880                                            | AN ^ -> Q ^ | NA3I1HDX2 | 0.428 |   1.785 |   -1.875 | 
     | FE_OCPC6566_n_76143                                | A ^ -> Q ^  | BUHDX4    | 0.401 |   2.185 |   -1.474 | 
     | g24_dup227764                                      | C ^ -> Q ^  | OA21HDX2  | 0.487 |   2.672 |   -0.988 | 
     | g211170                                            | C ^ -> Q v  | NA3HDX4   | 0.313 |   2.985 |   -0.675 | 
     | FE_OFC2356_n_40277                                 | A v -> Q v  | BUHDX12   | 0.443 |   3.427 |   -0.232 | 
     | g175738                                            | A v -> Q v  | NA22HDX1  | 0.430 |   3.858 |    0.198 | 
     | u_core_u_meas_ctrl_hit_seen_q_reg[4]               | D v         | DFRRQHDX2 | 0.000 |   3.858 |    0.198 | 
     +-----------------------------------------------------------------------------------------------------------+ 

