--- Compiling/running VIP test with xrun ---
TOOL:	xrun(64)	23.03-s007: Started on May 19, 2026 at 17:29:13 CEST
xrun(64): 23.03-s007: (c) Copyright 1995-2023 Cadence Design Systems, Inc.
file: rtl/pkg/mptdc_pkg.sv
	package worklib.mptdc_pkg:sv
		errors: 0, warnings: 0
file: rtl/cdc/mptdc_reset_sync.sv
	module worklib.mptdc_reset_sync:sv
		errors: 0, warnings: 0
file: rtl/cdc/mptdc_pulse_sync.sv
	module worklib.mptdc_pulse_sync:sv
		errors: 0, warnings: 0
file: rtl/cdc/mptdc_gray_cnt_sync.sv
	module worklib.mptdc_gray_cnt_sync:sv
		errors: 0, warnings: 0
file: rtl/cdc/mptdc_sync_fifo.sv
	module worklib.mptdc_sync_fifo:sv
		errors: 0, warnings: 0
file: rtl/osc/mptdc_osc_model.sv
	module worklib.mptdc_osc_model:sv
		errors: 0, warnings: 0
file: rtl/osc/mptdc_osc_stub.sv
	module worklib.mptdc_osc_stub:sv
		errors: 0, warnings: 0
file: rtl/osc/mptdc_osc_wrapper.sv
	module worklib.mptdc_osc_wrapper:sv
		errors: 0, warnings: 0
file: rtl/pd/mptdc_pd_cell.sv
	module worklib.mptdc_pd_cell:sv
		errors: 0, warnings: 0
file: rtl/async/mptdc_stop_capture_async.sv
	module worklib.mptdc_stop_capture_async:sv
		errors: 0, warnings: 0
file: rtl/async/mptdc_async_frontend_v2.sv
	module worklib.mptdc_async_frontend_v2:sv
		errors: 0, warnings: 0
file: rtl/async/mptdc_hit_capture_bridge.sv
	module worklib.mptdc_hit_capture_bridge:sv
		errors: 0, warnings: 0
file: rtl/async/mptdc_context_bank.sv
  input  mptdc_ctx_snapshot_t           capture_snapshot_i,
                                                         |
xmvlog: *W,NODNTW (rtl/async/mptdc_context_bank.sv,23|57): Implicit net port (capture_snapshot_i) is not allowed since `default_nettype is declared as 'none'; 'wire' used instead [19.2(IEEE 2001)].
	module worklib.mptdc_context_bank:sv
		errors: 0, warnings: 1
file: rtl/ctrl/mptdc_input_mux.sv
    input  mptdc_pkg::input_sel_e  input_sel_i,
                                             |
xmvlog: *W,NODNTW (rtl/ctrl/mptdc_input_mux.sv,40|45): Implicit net port (input_sel_i) is not allowed since `default_nettype is declared as 'none'; 'wire' used instead [19.2(IEEE 2001)].
	module worklib.mptdc_input_mux:sv
		errors: 0, warnings: 1
file: rtl/ctrl/mptdc_meas_ctrl.sv
	module worklib.mptdc_meas_ctrl:sv
		errors: 0, warnings: 0
file: rtl/ctrl/mptdc_drain_ctrl.sv
  input  mptdc_pkg::mptdc_ctx_snapshot_t     snapshot_i,
                                                      |
xmvlog: *W,NODNTW (rtl/ctrl/mptdc_drain_ctrl.sv,36|54): Implicit net port (snapshot_i) is not allowed since `default_nettype is declared as 'none'; 'wire' used instead [19.2(IEEE 2001)].
	module worklib.mptdc_drain_ctrl:sv
		errors: 0, warnings: 1
file: rtl/ctrl/mptdc_watchdog.sv
	module worklib.mptdc_watchdog:sv
		errors: 0, warnings: 0
file: rtl/readout/mptdc_tconv_reco.sv
	module worklib.mptdc_tconv_reco:sv
		errors: 0, warnings: 0
file: rtl/readout/mptdc_narrow16_tx_v2.sv
  input  mptdc_pkg::out_mode_e  out_mode_i,
                                         |
xmvlog: *W,NODNTW (rtl/readout/mptdc_narrow16_tx_v2.sv,28|41): Implicit net port (out_mode_i) is not allowed since `default_nettype is declared as 'none'; 'wire' used instead [19.2(IEEE 2001)].
  input  mptdc_pkg::mptdc_acq_rec_t fifo_rd_data_i,
                                                 |
xmvlog: *W,NODNTW (rtl/readout/mptdc_narrow16_tx_v2.sv,32|49): Implicit net port (fifo_rd_data_i) is not allowed since `default_nettype is declared as 'none'; 'wire' used instead [19.2(IEEE 2001)].
	module worklib.mptdc_narrow16_tx_v2:sv
		errors: 0, warnings: 2
file: rtl/readout/mptdc_csr_minimal.sv
  input  mptdc_pkg::mptdc_status_t  status_i,
                                           |
xmvlog: *W,NODNTW (rtl/readout/mptdc_csr_minimal.sv,45|43): Implicit net port (status_i) is not allowed since `default_nettype is declared as 'none'; 'wire' used instead [19.2(IEEE 2001)].
	module worklib.mptdc_csr_minimal:sv
		errors: 0, warnings: 1
file: rtl/top/mptdc_core.sv
  input  mptdc_pkg::mptdc_cfg_t cfg_i,
                                    |
xmvlog: *W,NODNTW (rtl/top/mptdc_core.sv,44|36): Implicit net port (cfg_i) is not allowed since `default_nettype is declared as 'none'; 'wire' used instead [19.2(IEEE 2001)].
	module worklib.mptdc_core:sv
		errors: 0, warnings: 1
file: rtl/top/mptdc_top_asic.sv
  input  mptdc_pkg::input_sel_e  input_sel_override_i,
                                                    |
xmvlog: *W,NODNTW (rtl/top/mptdc_top_asic.sv,42|52): Implicit net port (input_sel_override_i) is not allowed since `default_nettype is declared as 'none'; 'wire' used instead [19.2(IEEE 2001)].
  input  mptdc_pkg::out_mode_e   out_mode_override_i,
                                                   |
xmvlog: *W,NODNTW (rtl/top/mptdc_top_asic.sv,44|51): Implicit net port (out_mode_override_i) is not allowed since `default_nettype is declared as 'none'; 'wire' used instead [19.2(IEEE 2001)].
	module worklib.mptdc_top_asic:sv
		errors: 0, warnings: 2
file: tb/common/mptdc_tb_pkg.sv
	package worklib.mptdc_tb_pkg:sv
		errors: 0, warnings: 0
file: tb/vip/interfaces/mptdc_csr_if.sv
	interface worklib.mptdc_csr_if:sv
		errors: 0, warnings: 0
file: tb/vip/interfaces/mptdc_async_io_if.sv
	interface worklib.mptdc_async_io_if:sv
		errors: 0, warnings: 0
file: tb/vip/interfaces/mptdc_ref_stop_if.sv
	interface worklib.mptdc_ref_stop_if:sv
		errors: 0, warnings: 0
file: tb/vip/interfaces/mptdc_narrow_if.sv
	interface worklib.mptdc_narrow_if:sv
		errors: 0, warnings: 0
file: tb/vip/pkg/mptdc_vip_pkg.sv
	package worklib.mptdc_vip_pkg:sv
		errors: 0, warnings: 0
file: tb/tests/mptdc_vip_tb.sv
	module worklib.mptdc_vip_tb:sv
		errors: 0, warnings: 0
xmvlog: *W,SPDUSD: Include directory tb/vip/interfaces given but not used.
xmvlog: *W,SPDUSD: Include directory tb/vip/pkg given but not used.
xmvlog: *W,SPDUSD: Include directory tb/tests given but not used.
	Total errors/warnings found outside modules and primitives:
		errors: 0, warnings: 3
	Elaborating the design hierarchy:
		Caching library 'worklib' ....... Done
	Top level design units:
		mptdc_pkg
		mptdc_vip_pkg
		mptdc_tb_pkg
		mptdc_vip_tb

	Extracting FSMs for coverage:
		worklib.mptdc_reset_sync
		worklib.mptdc_input_mux
		worklib.mptdc_csr_minimal
		worklib.mptdc_async_frontend_v2
		worklib.mptdc_osc_model
		worklib.mptdc_osc_wrapper
		worklib.mptdc_pd_cell
		worklib.mptdc_stop_capture_async
		worklib.mptdc_gray_cnt_sync
		worklib.mptdc_meas_ctrl
			FSM extracted for state register state_q
		worklib.mptdc_hit_capture_bridge
		worklib.mptdc_context_bank
		worklib.mptdc_drain_ctrl
			FSM extracted for state register state_q
		worklib.mptdc_sync_fifo
		worklib.mptdc_narrow16_tx_v2
			FSM extracted for state register state_q
		worklib.mptdc_watchdog
		worklib.mptdc_core
		worklib.mptdc_top_asic
		worklib.mptdc_vip_tb
	Total FSMs extracted = 3
xmelab: *W,COVEOS: Currently, by default, coverage is not scored for expressions containing struct datatypes. In 13.1 release, such expressions can be scored using the "set_expr_scoring -struct" coverage configuration file command. In subsequent releases, the default scoring of expressions containing struct datatypes will be enabled. This change may prevent refinements from 13.1 release to be applied on coverage databases generated using subsequent releases in the default mode.
	Building instance overlay tables: 
xmelab: *W,COVFDP: FSM description matching across instance of a module for "COVFDM" warning has been moved from elaboration to simulation dumping. To restore old matching behavior, use "set_backward_compat -COVFDM_during_elab". Also, it is recommended to use set_parameterized_module_coverage CCF command to avoid coverage loss due to FSM description difference across instances of a module.
xmelab: *W,COVFHT: FSM hold transitions (transitions to the current state) are not extracted for any FSM in default mode.
.................... Done
	Enabling instrumentation for coverage types: block expression FSM toggle functional
xmelab: *W,COVDCL: By default expression coverage is scored only for Verilog logical operators (|| and &&) and VHDL logical operators (OR, AND, NOR, and NAND), and is scored only in condition expressions. To score coverage for other operators and for expressions in other statements, use the "set_expr_coverable_operators" and "set_expr_coverable_statements" coverage configuration file commands with suitable options at elaboration.
	Generating native compiled code:
		worklib.mptdc_watchdog:sv <0x3ea56145>
			streams:   6, words:  3500
		worklib.mptdc_sync_fifo:sv <0x70c2a4be>
			streams:  19, words: 16836
		worklib.mptdc_drain_ctrl:sv <0x79540ab7>
			streams:  31, words: 35279
		worklib.mptdc_context_bank:sv <0x5ddfbe8c>
			streams:   8, words:  8793
		worklib.mptdc_hit_capture_bridge:sv <0x6e19b5a3>
			streams:  16, words: 11890
		worklib.mptdc_meas_ctrl:sv <0x05f974e2>
			streams:  20, words: 27354
		worklib.mptdc_gray_cnt_sync:sv <0x38821aef>
			streams:  22, words: 13878
		worklib.mptdc_gray_cnt_sync:sv <0x4f9af6b6>
			streams:  22, words: 13913
		worklib.mptdc_stop_capture_async:sv <0x3382e467>
			streams:   4, words:  2092
		worklib.mptdc_pd_cell:sv <0x19d0c054>
			streams:   6, words:  5992
		worklib.mptdc_osc_wrapper:sv <0x5d6f0d6c>
			streams:   1, words:   473
		worklib.mptdc_osc_wrapper:sv <0x50e28137>
			streams:   1, words:   473
		worklib.mptdc_reset_sync:sv <0x4ffa3793>
			streams:   4, words:   976
		worklib.mptdc_reset_sync:sv <0x773b3392>
			streams:   4, words:   978
		worklib.mptdc_reset_sync:sv <0x1c7cf87b>
			streams:   4, words:   978
		worklib.mptdc_csr_minimal:sv <0x7cb514ae>
			streams:  16, words: 19283
		worklib.mptdc_input_mux:sv <0x3c856f43>
			streams:   2, words:   532
		worklib.mptdc_reset_sync:sv <0x5570d45d>
			streams:   4, words:   978
		worklib.mptdc_reset_sync:sv <0x6fabb3eb>
			streams:   4, words:   978
		worklib.mptdc_reset_sync:sv <0x14c2a711>
			streams:   4, words:   976
		worklib.mptdc_top_asic:sv <0x030af613>
			streams:  14, words:  6895
		worklib.mptdc_vip_tb:sv <0x27be9896>
			streams:  28, words: 44809
		worklib.mptdc_vip_pkg:sv <0x6128b8c8>
			streams: 318, words: 429911
		worklib.mptdc_tb_pkg:sv <0x2a356751>
			streams:  15, words: 23979
		worklib.mptdc_async_frontend_v2:sv <0x023e64a1>
			streams:  20, words: 21693
		worklib.mptdc_osc_model:sv <0x45adeac0>
			streams:   4, words: 10275
		worklib.mptdc_osc_model:sv <0x63634ef2>
			streams:   4, words: 10275
		worklib.mptdc_core:sv <0x36c31dc6>
			streams:  60, words: 29481
		worklib.mptdc_csr_if:sv <0x5abe8da1>
			streams:   3, words: 11649
		worklib.mptdc_async_io_if:sv <0x15c3a65b>
			streams:   6, words: 21934
		worklib.mptdc_narrow16_tx_v2:sv <0x67fa51b0>
			streams:  19, words: 26545
		worklib.mptdc_pkg:sv <0x4717e2cf>
			streams:   3, words:  1065
		worklib.mptdc_ref_stop_if:sv <0x515f4be0>
			streams:   5, words:  5554
xmelab: *W,COVNOEN: By default, toggle coverage is not supported for systemverilog enumerated nets and variables. To enable toggle coverage of these objects, specify the 'set_toggle_scoring -sv_enum' command in the coverage configuration file.
  integer osc_jitter_sigma_ps;
                            |
xmelab: *W,COVUTA (./rtl/osc/mptdc_osc_model.sv,55|28): Toggle coverage is not supported for SystemVerilog integer, real, string, dynamic array, sparse memory and reference ports. It is also not supported for VHDL multi-dimensional array and array of record. There may also be other such objects in the design.
  mptdc_ctx_snapshot_t ctx_snapshot_q [N_CTX];
                                    |
xmelab: *W,COVMDD (./rtl/async/mptdc_context_bank.sv,31|36): Toggle coverage for bit, logic, reg, wire, enum and struct multi-dimensional static arrays and vectors is not supported by default. To enable toggle coverage for enum multi-dimensional static arrays specify 'set_toggle_scoring -sv_enum enable_mda' and for other multi-dimensional static arrays, specify 'set_toggle_scoring -sv_mda [<max_bit_base2_exponent>] [-sv_mda_of_struct]' ccf command in the coverage configuration file.
	Building instance specific data structures.
xmelab: *W,CGPIDF: Covergroup "per_instance" option , by default, is set as 0.
xmelab: *N,COVCGN: Coverage configuration file command "set_covergroup -new_instance_reporting" can be specified to improve the scoping and naming of covergroup instances. It may be noted that subsequent merging of a coverage database saved with this command and a coverage database saved without this command is not allowed.
	Loading native compiled code:     .................... Done
	Design hierarchy summary:
		                      Instances  Unique
		Modules:                     93      19
		Interfaces:                   4       4
		Verilog packages:             3       3
		Registers:                 1270     955
		Scalar wires:               274       -
		Expanded wires:             503      67
		Vectored wires:              82       -
		Always blocks:              221      66
		Initial blocks:              38      13
		Parallel blocks:              3       3
		Cont. assignments:           90      99
		Pseudo assignments:         109       -
		Assertions:                  82      19
		Covergroup Instances:         0       2
		SV Class declarations:       37      37
		SV Class specializations:    37      37
		Simulation timescale:       1ps
	Writing initial simulation snapshot: worklib.mptdc_vip_tb:sv
Loading snapshot worklib.mptdc_vip_tb:sv .................... Done
SVSEED default: 1
xcelium> source /eda/cadence/2023-24/RHELx86/XCELIUM_23.03.007/tools/xcelium/files/xmsimrc
xcelium> database -open waves -into /home/validmgr/ksabra/2026_SPAD/SPADMIC/MPTDC/build/vip_firsthit_contract_xrun_firsthit_contract__seed_10000__debug/waves.shm -default @probe -create mptdc_vip_tb -all -depth all @run @exit
xmsim: *E,DBEXNM: Extra argument to database -open (@probe).
xmsim: *E,DBEXNM: Extra argument to database -open (mptdc_vip_tb).
xmsim: *E,UNKOPT: unrecognized option for the database [-open] command (-all).
xcelium> xmsim: *E,TCLERR: invalid command name "multi_conv_rearm_stress".
xcelium> xmsim: *E,TCLERR: invalid command name "backpressure_integrity".
xcelium> xmsim: *E,TCLERR: invalid command name "coverage_exhaustive".
xcelium> xmsim: *E,TCLERR: invalid command name "stress_random".
xcelium> xmsim: *E,TCLERR: invalid command name "multi_conv_rearm_stress".
xcelium> xmsim: *E,TCLERR: invalid command name "full_mode_timestamp".
xcelium> xmsim: *E,TCLERR: invalid command name "vip_ref_stop_cdv".
xcelium> xmsim: *E,TCLERR: invalid command name "overflow_status".
xcelium> xmsim: *E,TCLERR: invalid command name "overflow_status".
xcelium> xmsim: *E,TCLERR: invalid command name "cal_inject".
xcelium> xmsim: *E,TCLERR: invalid command name "coverage_exhaustive".
xcelium> xmsim: *E,TCLERR: invalid command name "vip_maxhits_matrix".
xcelium> xmsim: *E,TCLERR: invalid command name "long_random".
xcelium> xmsim: *E,TCLERR: invalid command name "global_watchdog_recovery".
xcelium> xmsim: *E,TCLERR: invalid command name "hard_reset_readback".
xcelium> xmsim: *E,TCLERR: invalid command name "csr_readback_control".
xcelium> xmsim: *E,TCLERR: invalid command name "global_watchdog_recovery".
xcelium> xmsim: *E,TCLERR: invalid command name "firsthit_contract".
xcelium> xmsim: *E,TCLERR: invalid command name "backpressure_integrity".
xcelium> xmsim: *E,TCLERR: invalid command name "vip_maxhits_matrix".
xcelium> xmsim: *E,TCLERR: invalid command name "long_random".
xcelium> xmsim: *E,TCLERR: invalid command name "cal_inject".
xcelium> xmsim: *E,TCLERR: invalid command name "stress_random".
xcelium> xmsim: *E,TCLERR: invalid command name "start_watchdog".
xcelium> xmsim: *E,TCLERR: invalid command name "vip_ref_stop_cdv".
xcelium> xmsim: *E,TCLERR: invalid command name "smoke_single_conv".
xcelium> xmsim: *E,TCLERR: invalid command name "full_mode_timestamp".
xcelium> xmsim: *E,TCLERR: invalid command name "hard_reset_readback".
xcelium> xmsim: *E,TCLERR: invalid command name "start_watchdog".
xcelium> xmsim: *E,TCLERR: invalid command name "smoke_single_conv".
xcelium> xmsim: *E,TCLERR: invalid command name "csr_readback_control".
xcelium> xmsim: *E,TCLERR: invalid command name "cal_inject".
xcelium> xmsim: *E,TCLERR: invalid command name "vip_ref_stop_cdv".
xcelium> xmsim: *E,TCLERR: invalid command name "smoke_single_conv".
xcelium> xmsim: *E,TCLERR: invalid command name "firsthit_contract".
xcelium> xmsim: *E,TCLERR: invalid command name "vip_maxhits_matrix".
xcelium> xmsim: *E,TCLERR: invalid command name "full_mode_timestamp".
xcelium> xmsim: *E,TCLERR: invalid command name "coverage_exhaustive".
xcelium> xmsim: *E,TCLERR: invalid command name "csr_readback_control".
xcelium> xmsim: *E,TCLERR: invalid command name "start_watchdog".
xcelium> xmsim: *E,TCLERR: invalid command name "overflow_status".
xcelium> xmsim: *E,TCLERR: invalid command name "smoke_single_conv".
xcelium> xmsim: *E,TCLERR: invalid command name "multi_conv_rearm_stress".
xcelium> xmsim: *E,TCLERR: invalid command name "backpressure_integrity".
xcelium> xmsim: *E,TCLERR: invalid command name "full_mode_timestamp".
xcelium> xmsim: *E,TCLERR: invalid command name "long_random".
xcelium> xmsim: *E,TCLERR: invalid command name "backpressure_integrity".
xcelium> xmsim: *E,TCLERR: invalid command name "long_random".
xcelium> xmsim: *E,TCLERR: invalid command name "hard_reset_readback".
xcelium> xmsim: *E,TCLERR: invalid command name "hard_reset_readback".
xcelium> xmsim: *E,TCLERR: invalid command name "start_watchdog".
xcelium> xmsim: *E,TCLERR: invalid command name "vip_ref_stop_cdv".
xcelium> xmsim: *E,TCLERR: invalid command name "firsthit_contract".
xcelium> xmsim: *E,TCLERR: invalid command name "overflow_status".
xcelium> xmsim: *E,TCLERR: invalid command name "stress_random".
xcelium> xmsim: *E,TCLERR: invalid command name "csr_readback_control".
xcelium> xmsim: *E,TCLERR: invalid command name "stress_random".
xcelium> xmsim: *E,TCLERR: invalid command name "multi_conv_rearm_stress".
xcelium> xmsim: *E,TCLERR: invalid command name "global_watchdog_recovery".
xcelium> xmsim: *E,TCLERR: invalid command name "cal_inject".
xcelium> xmsim: *E,TCLERR: invalid command name "vip_maxhits_matrix".
xcelium> xmsim: *E,TCLERR: invalid command name "coverage_exhaustive".
xcelium> xmsim: *E,TCLERR: invalid command name "global_watchdog_recovery".
xcelium> xmsim: *E,TCLERR: invalid command name "backpressure_integrity".
xcelium> xmsim: *E,TCLERR: invalid command name "smoke_single_conv".
xcelium> xmsim: *E,TCLERR: invalid command name "firsthit_contract".
xcelium> xmsim: *E,TCLERR: invalid command name "cal_inject".
xcelium> xmsim: *E,TCLERR: invalid command name "start_watchdog".
xcelium> xmsim: *E,TCLERR: invalid command name "full_mode_timestamp".
xcelium> xmsim: *E,TCLERR: invalid command name "csr_readback_control".
xcelium> xmsim: *E,TCLERR: invalid command name "overflow_status".
xcelium> xmsim: *E,TCLERR: invalid command name "multi_conv_rearm_stress".
xcelium> xmsim: *E,TCLERR: invalid command name "long_random".
xcelium> xmsim: *E,TCLERR: invalid command name "global_watchdog_recovery".
xcelium> xmsim: *E,TCLERR: invalid command name "backpressure_integrity".
xcelium> xmsim: *E,TCLERR: invalid command name "vip_ref_stop_cdv".
xcelium> xmsim: *E,TCLERR: invalid command name "cal_inject".
xcelium> xmsim: *E,TCLERR: invalid command name "hard_reset_readback".
xcelium> xmsim: *E,TCLERR: invalid command name "vip_maxhits_matrix".
xcelium> xmsim: *E,TCLERR: invalid command name "overflow_status".
xcelium> xmsim: *E,TCLERR: invalid command name "full_mode_timestamp".
xcelium> xmsim: *E,TCLERR: invalid command name "firsthit_contract".
xcelium> xmsim: *E,TCLERR: invalid command name "smoke_single_conv".
xcelium> xmsim: *E,TCLERR: invalid command name "long_random".
xcelium> xmsim: *E,TCLERR: invalid command name "coverage_exhaustive".
xcelium> xmsim: *E,TCLERR: invalid command name "csr_readback_control".
xcelium> xmsim: *E,TCLERR: invalid command name "multi_conv_rearm_stress".
xcelium> xmsim: *E,TCLERR: invalid command name "start_watchdog".
xcelium> xmsim: *E,TCLERR: invalid command name "stress_random".
xcelium> xmsim: *E,TCLERR: invalid command name "coverage_exhaustive".
xcelium> xmsim: *E,TCLERR: invalid command name "hard_reset_readback".
xcelium> xmsim: *E,TCLERR: invalid command name "global_watchdog_recovery".
xcelium> xmsim: *E,TCLERR: invalid command name "vip_maxhits_matrix".
xcelium> xmsim: *E,TCLERR: invalid command name "stress_random".
xcelium> xmsim: *E,TCLERR: invalid command name "vip_ref_stop_cdv".
xcelium> xmsim: *E,TCLERR: invalid command name "smoke_single_conv".
xcelium> xmsim: *E,TCLERR: invalid command name "full_mode_timestamp".
xcelium> xmsim: *E,TCLERR: invalid command name "firsthit_contract".
xcelium> xmsim: *E,TCLERR: invalid command name "global_watchdog_recovery".
xcelium> xmsim: *E,TCLERR: invalid command name "csr_readback_control".
xcelium> xmsim: *E,TCLERR: invalid command name "start_watchdog".
xcelium> xmsim: *E,TCLERR: invalid command name "backpressure_integrity".
xcelium> xmsim: *E,TCLERR: invalid command name "overflow_status".
xcelium> xmsim: *E,TCLERR: invalid command name "hard_reset_readback".
xcelium> xmsim: *E,TCLERR: invalid command name "long_random".
xcelium> xmsim: *E,TCLERR: invalid command name "long_random".
xcelium> xmsim: *E,TCLERR: invalid command name "multi_conv_rearm_stress".
xcelium> xmsim: *E,TCLERR: invalid command name "vip_maxhits_matrix".
xcelium> xmsim: *E,TCLERR: invalid command name "backpressure_integrity".
xcelium> xmsim: *E,TCLERR: invalid command name "firsthit_contract".
xcelium> xmsim: *E,TCLERR: invalid command name "start_watchdog".
xcelium> xmsim: *E,TCLERR: invalid command name "overflow_status".
xcelium> xmsim: *E,TCLERR: invalid command name "multi_conv_rearm_stress".
xcelium> xmsim: *E,TCLERR: invalid command name "cal_inject".
xcelium> xmsim: *E,TCLERR: invalid command name "smoke_single_conv".
xcelium> xmsim: *E,TCLERR: invalid command name "vip_maxhits_matrix".
xcelium> xmsim: *E,TCLERR: invalid command name "vip_ref_stop_cdv".
xcelium> xmsim: *E,TCLERR: invalid command name "global_watchdog_recovery".
xcelium> xmsim: *E,TCLERR: invalid command name "hard_reset_readback".
xcelium> xmsim: *E,TCLERR: invalid command name "stress_random".
xcelium> xmsim: *E,TCLERR: invalid command name "coverage_exhaustive".
xcelium> xmsim: *E,TCLERR: invalid command name "cal_inject".
xcelium> xmsim: *E,TCLERR: invalid command name "full_mode_timestamp".
xcelium> xmsim: *E,TCLERR: invalid command name "vip_ref_stop_cdv".
xcelium> xmsim: *E,TCLERR: invalid command name "stress_random".
xcelium> xmsim: *E,TCLERR: invalid command name "coverage_exhaustive".
xcelium> xmsim: *E,TCLERR: invalid command name "csr_readback_control".
xcelium> xmsim: *E,TCLERR: invalid command name "smoke_single_conv".
xcelium> xmsim: *E,TCLERR: invalid command name "full_mode_timestamp".
xcelium> xmsim: *E,TCLERR: invalid command name "overflow_status".
xcelium> xmsim: *E,TCLERR: invalid command name "firsthit_contract".
xcelium> xmsim: *E,TCLERR: invalid command name "backpressure_integrity".
xcelium> xmsim: *E,TCLERR: invalid command name "start_watchdog".
xcelium> xmsim: *E,TCLERR: invalid command name "global_watchdog_recovery".
xcelium> xmsim: *E,TCLERR: invalid command name "long_random".
xcelium> xmsim: *E,TCLERR: invalid command name "cal_inject".
xcelium> xmsim: *E,TCLERR: invalid command name "multi_conv_rearm_stress".
xcelium> xmsim: *E,TCLERR: invalid command name "vip_maxhits_matrix".
xcelium> xmsim: *E,TCLERR: invalid command name "long_random".
xcelium> xmsim: *E,TCLERR: invalid command name "csr_readback_control".
xcelium> xmsim: *E,TCLERR: invalid command name "coverage_exhaustive".
xcelium> xmsim: *E,TCLERR: invalid command name "global_watchdog_recovery".
xcelium> xmsim: *E,TCLERR: invalid command name "full_mode_timestamp".
xcelium> xmsim: *E,TCLERR: invalid command name "hard_reset_readback".
xcelium> xmsim: *E,TCLERR: invalid command name "csr_readback_control".
xcelium> xmsim: *E,TCLERR: invalid command name "firsthit_contract".
xcelium> xmsim: *E,TCLERR: invalid command name "coverage_exhaustive".
xcelium> xmsim: *E,TCLERR: invalid command name "cal_inject".
xcelium> xmsim: *E,TCLERR: invalid command name "overflow_status".
xcelium> xmsim: *E,TCLERR: invalid command name "stress_random".
xcelium> xmsim: *E,TCLERR: invalid command name "stress_random".
xcelium> xmsim: *E,TCLERR: invalid command name "vip_ref_stop_cdv".
xcelium> xmsim: *E,TCLERR: invalid command name "backpressure_integrity".
xcelium> xmsim: *E,TCLERR: invalid command name "start_watchdog".
xcelium> xmsim: *E,TCLERR: invalid command name "hard_reset_readback".
xcelium> xmsim: *E,TCLERR: invalid command name "multi_conv_rearm_stress".
xcelium> xmsim: *E,TCLERR: invalid command name "smoke_single_conv".
xcelium> xmsim: *E,TCLERR: invalid command name "vip_ref_stop_cdv".
xcelium> xmsim: *E,TCLERR: invalid command name "vip_maxhits_matrix".
xcelium> xmsim: *E,TCLERR: invalid command name "smoke_single_conv".
xcelium> xmsim: *E,TCLERR: invalid command name "full_mode_timestamp".
xcelium> xmsim: *E,TCLERR: invalid command name "start_watchdog".
xcelium> xmsim: *E,TCLERR: invalid command name "firsthit_contract".
xcelium> xmsim: *E,TCLERR: invalid command name "backpressure_integrity".
xcelium> xmsim: *E,TCLERR: invalid command name "cal_inject".
xcelium> xmsim: *E,TCLERR: invalid command name "long_random".
xcelium> xmsim: *E,TCLERR: invalid command name "multi_conv_rearm_stress".
xcelium> xmsim: *E,TCLERR: invalid command name "overflow_status".
xcelium> xmsim: *E,TCLERR: invalid command name "global_watchdog_recovery".
xcelium> xmsim: *E,TCLERR: invalid command name "vip_ref_stop_cdv".
xcelium> xmsim: *E,TCLERR: invalid command name "hard_reset_readback".
xcelium> xmsim: *E,TCLERR: invalid command name "csr_readback_control".
xcelium> xmsim: *E,TCLERR: invalid command name "full_mode_timestamp".
xcelium> xmsim: *E,TCLERR: invalid command name "backpressure_integrity".
xcelium> xmsim: *E,TCLERR: invalid command name "vip_maxhits_matrix".
xcelium> xmsim: *E,TCLERR: invalid command name "cal_inject".
xcelium> xmsim: *E,TCLERR: invalid command name "smoke_single_conv".
xcelium> xmsim: *E,TCLERR: invalid command name "stress_random".
xcelium> xmsim: *E,TCLERR: invalid command name "hard_reset_readback".
xcelium> xmsim: *E,TCLERR: invalid command name "csr_readback_control".
xcelium> xmsim: *E,TCLERR: invalid command name "stress_random".
xcelium> xmsim: *E,TCLERR: invalid command name "vip_ref_stop_cdv".
xcelium> xmsim: *E,TCLERR: invalid command name "multi_conv_rearm_stress".
xcelium> xmsim: *E,TCLERR: invalid command name "overflow_status".
xcelium> xmsim: *E,TCLERR: invalid command name "coverage_exhaustive".
xcelium> xmsim: *E,TCLERR: invalid command name "firsthit_contract".
xcelium> xmsim: *E,TCLERR: invalid command name "vip_maxhits_matrix".
xcelium> xmsim: *E,TCLERR: invalid command name "start_watchdog".
xcelium> xmsim: *E,TCLERR: invalid command name "long_random".
xcelium> xmsim: *E,TCLERR: invalid command name "coverage_exhaustive".
xcelium> xmsim: *E,TCLERR: invalid command name "global_watchdog_recovery".
xcelium> xmsim: *E,TCLERR: invalid command name "smoke_single_conv".
xcelium> xmsim: *E,TCLERR: invalid command name "full_mode_timestamp".
xcelium> xmsim: *E,TCLERR: invalid command name "backpressure_integrity".
xcelium> xmsim: *E,TCLERR: invalid command name "cal_inject".
xcelium> xmsim: *E,TCLERR: invalid command name "start_watchdog".
xcelium> xmsim: *E,TCLERR: invalid command name "firsthit_contract".
xcelium> xmsim: *E,TCLERR: invalid command name "overflow_status".
xcelium> xmsim: *E,TCLERR: invalid command name "multi_conv_rearm_stress".
xcelium> xmsim: *E,TCLERR: invalid command name "long_random".
xcelium> xmsim: *E,TCLERR: invalid command name "global_watchdog_recovery".
xcelium> xmsim: *E,TCLERR: invalid command name "vip_ref_stop_cdv".
xcelium> xmsim: *E,TCLERR: invalid command name "vip_maxhits_matrix".
xcelium> xmsim: *E,TCLERR: invalid command name "stress_random".
xcelium> xmsim: *E,TCLERR: invalid command name "hard_reset_readback".
xcelium> xmsim: *E,TCLERR: invalid command name "csr_readback_control".
xcelium> xmsim: *E,TCLERR: invalid command name "coverage_exhaustive".
xcelium> xmsim: *E,TCLERR: invalid command name "smoke_single_conv".
xcelium> xmsim: *E,TCLERR: invalid command name "backpressure_integrity".
xcelium> xmsim: *E,TCLERR: invalid command name "firsthit_contract".
xcelium> xmsim: *E,TCLERR: invalid command name "full_mode_timestamp".
xcelium> xmsim: *E,TCLERR: invalid command name "cal_inject".
xcelium> xmsim: *E,TCLERR: invalid command name "start_watchdog".
xcelium> xmsim: *E,TCLERR: invalid command name "overflow_status".
xcelium> xmsim: *E,TCLERR: invalid command name "multi_conv_rearm_stress".
xcelium> xmsim: *E,TCLERR: invalid command name "vip_ref_stop_cdv".
xcelium> xmsim: *E,TCLERR: invalid command name "long_random".
xcelium> xmsim: *E,TCLERR: invalid command name "coverage_exhaustive".
xcelium> xmsim: *E,TCLERR: invalid command name "multi_conv_rearm_stress".
xcelium> xmsim: *E,TCLERR: invalid command name "smoke_single_conv".
xcelium> xmsim: *E,TCLERR: invalid command name "vip_maxhits_matrix".
xcelium> xmsim: *E,TCLERR: invalid command name "csr_readback_control".
xcelium> xmsim: *E,TCLERR: invalid command name "full_mode_timestamp".
xcelium> xmsim: *E,TCLERR: invalid command name "stress_random".
xcelium> xmsim: *E,TCLERR: invalid command name "hard_reset_readback".
xcelium> xmsim: *E,TCLERR: invalid command name "global_watchdog_recovery".
xcelium> xmsim: *E,TCLERR: invalid command name "firsthit_contract".
xcelium> xmsim: *E,TCLERR: invalid command name "cal_inject".
xcelium> xmsim: *E,TCLERR: invalid command name "backpressure_integrity".
xcelium> xmsim: *E,TCLERR: invalid command name "start_watchdog".
xcelium> xmsim: *E,TCLERR: invalid command name "overflow_status".
xcelium> xmsim: *E,TCLERR: invalid command name "long_random".
xcelium> xmsim: *E,TCLERR: invalid command name "hard_reset_readback".
xcelium> xmsim: *E,TCLERR: invalid command name "csr_readback_control".
xcelium> xmsim: *E,TCLERR: invalid command name "vip_ref_stop_cdv".
xcelium> xmsim: *E,TCLERR: invalid command name "global_watchdog_recovery".
xcelium> xmsim: *E,TCLERR: invalid command name "vip_maxhits_matrix".
xcelium> xmsim: *E,TCLERR: invalid command name "coverage_exhaustive".
xcelium> xmsim: *E,TCLERR: invalid command name "backpressure_integrity".
xcelium> xmsim: *E,TCLERR: invalid command name "firsthit_contract".
xcelium> xmsim: *E,TCLERR: invalid command name "stress_random".
xcelium> xmsim: *E,TCLERR: invalid command name "smoke_single_conv".
xcelium> xmsim: *E,TCLERR: invalid command name "full_mode_timestamp".
xcelium> xmsim: *E,TCLERR: invalid command name "long_random".
xcelium> xmsim: *E,TCLERR: invalid command name "csr_readback_control".
xcelium> xmsim: *E,TCLERR: invalid command name "firsthit_contract".
xcelium> xmsim: *E,TCLERR: invalid command name "long_random".
xcelium> xmsim: *E,TCLERR: invalid command name "global_watchdog_recovery".
xcelium> xmsim: *E,TCLERR: invalid command name "overflow_status".
xcelium> xmsim: *E,TCLERR: invalid command name "start_watchdog".
xcelium> xmsim: *E,TCLERR: invalid command name "hard_reset_readback".
xcelium> xmsim: *E,TCLERR: invalid command name "stress_random".
xcelium> xmsim: *E,TCLERR: invalid command name "coverage_exhaustive".
xcelium> xmsim: *E,TCLERR: invalid command name "start_watchdog".
xcelium> xmsim: *E,TCLERR: invalid command name "vip_maxhits_matrix".
xcelium> xmsim: *E,TCLERR: invalid command name "multi_conv_rearm_stress".
xcelium> xmsim: *E,TCLERR: invalid command name "backpressure_integrity".
xcelium> xmsim: *E,TCLERR: invalid command name "smoke_single_conv".
xcelium> xmsim: *E,TCLERR: invalid command name "vip_ref_stop_cdv".
xcelium> xmsim: *E,TCLERR: invalid command name "cal_inject".
xcelium> xmsim: *E,TCLERR: invalid command name "full_mode_timestamp".
xcelium> xmsim: *E,TCLERR: invalid command name "multi_conv_rearm_stress".
xcelium> xmsim: *E,TCLERR: invalid command name "cal_inject".
xcelium> xmsim: *E,TCLERR: invalid command name "overflow_status".
xcelium> xmsim: *E,TCLERR: invalid command name "global_watchdog_recovery".
xcelium> xmsim: *E,TCLERR: invalid command name "firsthit_contract".
xcelium> xmsim: *E,TCLERR: invalid command name "coverage_exhaustive".
xcelium> xmsim: *E,TCLERR: invalid command name "hard_reset_readback".
xcelium> xmsim: *E,TCLERR: invalid command name "csr_readback_control".
xcelium> xmsim: *E,TCLERR: invalid command name "vip_ref_stop_cdv".
xcelium> xmsim: *E,TCLERR: invalid command name "vip_maxhits_matrix".
xcelium> xmsim: *E,TCLERR: invalid command name "smoke_single_conv".
xcelium> xmsim: *E,TCLERR: invalid command name "stress_random".
xcelium> xmsim: *E,TCLERR: invalid command name "full_mode_timestamp".
xcelium> xmsim: *E,TCLERR: invalid command name "backpressure_integrity".
xcelium> xmsim: *E,TCLERR: invalid command name "global_watchdog_recovery".
xcelium> xmsim: *E,TCLERR: invalid command name "multi_conv_rearm_stress".
xcelium> xmsim: *E,TCLERR: invalid command name "long_random".
xcelium> xmsim: *E,TCLERR: invalid command name "vip_ref_stop_cdv".
xcelium> xmsim: *E,TCLERR: invalid command name "start_watchdog".
xcelium> xmsim: *E,TCLERR: invalid command name "vip_maxhits_matrix".
xcelium> xmsim: *E,TCLERR: invalid command name "hard_reset_readback".
xcelium> xmsim: *E,TCLERR: invalid command name "start_watchdog".
xcelium> xmsim: *E,TCLERR: invalid command name "cal_inject".
xcelium> xmsim: *E,TCLERR: invalid command name "csr_readback_control".
xcelium> xmsim: *E,TCLERR: invalid command name "overflow_status".
xcelium> xmsim: *E,TCLERR: invalid command name "backpressure_integrity".
xcelium> xmsim: *E,TCLERR: invalid command name "coverage_exhaustive".
xcelium> xmsim: *E,TCLERR: invalid command name "overflow_status".
xcelium> xmsim: *E,TCLERR: invalid command name "full_mode_timestamp".
xcelium> xmsim: *E,TCLERR: invalid command name "cal_inject".
xcelium> xmsim: *E,TCLERR: invalid command name "smoke_single_conv".
xcelium> xmsim: *E,TCLERR: invalid command name "firsthit_contract".
xcelium> xmsim: *E,TCLERR: invalid command name "stress_random".
xcelium> xmsim: *E,TCLERR: invalid command name "long_random".
xcelium> xmsim: *E,TCLERR: invalid command name "multi_conv_rearm_stress".
xcelium> xmsim: *E,TCLERR: invalid command name "coverage_exhaustive".
xcelium> xmsim: *E,TCLERR: invalid command name "full_mode_timestamp".
xcelium> xmsim: *E,TCLERR: invalid command name "global_watchdog_recovery".
xcelium> xmsim: *E,TCLERR: invalid command name "vip_ref_stop_cdv".
xcelium> xmsim: *E,TCLERR: invalid command name "stress_random".
xcelium> xmsim: *E,TCLERR: invalid command name "hard_reset_readback".
xcelium> xmsim: *E,TCLERR: invalid command name "smoke_single_conv".
xcelium> xmsim: *E,TCLERR: invalid command name "vip_maxhits_matrix".
xcelium> xmsim: *E,TCLERR: invalid command name "firsthit_contract".
xcelium> xmsim: *E,TCLERR: invalid command name "csr_readback_control".
xcelium> xmsim: *E,TCLERR: invalid command name "backpressure_integrity".
xcelium> xmsim: *E,TCLERR: invalid command name "global_watchdog_recovery".
xcelium> xmsim: *E,TCLERR: invalid command name "long_random".
xcelium> xmsim: *E,TCLERR: invalid command name "hard_reset_readback".
xcelium> xmsim: *E,TCLERR: invalid command name "multi_conv_rearm_stress".
xcelium> xmsim: *E,TCLERR: invalid command name "overflow_status".
xcelium> xmsim: *E,TCLERR: invalid command name "start_watchdog".
xcelium> xmsim: *E,TCLERR: invalid command name "cal_inject".
xcelium> xmsim: *E,TCLERR: invalid command name "coverage_exhaustive".
xcelium> xmsim: *E,TCLERR: invalid command name "stress_random".
xcelium> xmsim: *E,TCLERR: invalid command name "csr_readback_control".
xcelium> xmsim: *E,TCLERR: invalid command name "smoke_single_conv".
xcelium> xmsim: *E,TCLERR: invalid command name "full_mode_timestamp".
xcelium> xmsim: *E,TCLERR: invalid command name "firsthit_contract".
xcelium> xmsim: *E,TCLERR: invalid command name "vip_ref_stop_cdv".
xcelium> xmsim: *E,TCLERR: invalid command name "vip_maxhits_matrix".
xcelium> xmsim: *E,TCLERR: invalid command name "start_watchdog".
xcelium> xmsim: *E,TCLERR: invalid command name "backpressure_integrity".
xcelium> xmsim: *E,TCLERR: invalid command name "overflow_status".
xcelium> xmsim: *E,TCLERR: invalid command name "long_random".
xcelium> xmsim: *E,TCLERR: invalid command name "cal_inject".
xcelium> xmsim: *E,TCLERR: invalid command name "hard_reset_readback".
xcelium> xmsim: *E,TCLERR: invalid command name "global_watchdog_recovery".
xcelium> xmsim: *E,TCLERR: invalid command name "multi_conv_rearm_stress".
xcelium> xmsim: *E,TCLERR: invalid command name "vip_maxhits_matrix".
xcelium> xmsim: *E,TCLERR: invalid command name "smoke_single_conv".
xcelium> xmsim: *E,TCLERR: invalid command name "full_mode_timestamp".
xcelium> xmsim: *E,TCLERR: invalid command name "stress_random".
xcelium> xmsim: *E,TCLERR: invalid command name "coverage_exhaustive".
xcelium> xmsim: *E,TCLERR: invalid command name "csr_readback_control".
xcelium> xmsim: *E,TCLERR: invalid command name "vip_ref_stop_cdv".
xcelium> xmsim: *E,TCLERR: invalid command name "firsthit_contract".
xcelium> xmsim: *E,TCLERR: invalid command name "backpressure_integrity".
xcelium> xmsim: *E,TCLERR: invalid command name "overflow_status".
xcelium> xmsim: *E,TCLERR: invalid command name "cal_inject".
xcelium> xmsim: *E,TCLERR: invalid command name "start_watchdog".
xcelium> xmsim: *E,TCLERR: invalid command name "global_watchdog_recovery".
xcelium> xmsim: *E,TCLERR: invalid command name "long_random".
xcelium> xmsim: *E,TCLERR: invalid command name "csr_readback_control".
xcelium> xmsim: *E,TCLERR: invalid command name "multi_conv_rearm_stress".
xcelium> xmsim: *E,TCLERR: invalid command name "smoke_single_conv".
xcelium> xmsim: *E,TCLERR: invalid command name "stress_random".
xcelium> xmsim: *E,TCLERR: invalid command name "firsthit_contract".
xcelium> xmsim: *E,TCLERR: invalid command name "hard_reset_readback".
xcelium> xmsim: *E,TCLERR: invalid command name "full_mode_timestamp".
xcelium> xmsim: *E,TCLERR: invalid command name "vip_ref_stop_cdv".
xcelium> xmsim: *E,TCLERR: invalid command name "coverage_exhaustive".
xcelium> xmsim: *E,TCLERR: invalid command name "vip_maxhits_matrix".
xcelium> xmsim: *E,TCLERR: invalid command name "backpressure_integrity".
xcelium> xmsim: *E,TCLERR: invalid command name "start_watchdog".
xcelium> xmsim: *E,TCLERR: invalid command name "csr_readback_control".
xcelium> xmsim: *E,TCLERR: invalid command name "vip_ref_stop_cdv".
xcelium> xmsim: *E,TCLERR: invalid command name "overflow_status".
xcelium> xmsim: *E,TCLERR: invalid command name "cal_inject".
xcelium> xmsim: *E,TCLERR: invalid command name "long_random".
xcelium> xmsim: *E,TCLERR: invalid command name "hard_reset_readback".
xcelium> xmsim: *E,TCLERR: invalid command name "coverage_exhaustive".
xcelium> xmsim: *E,TCLERR: invalid command name "global_watchdog_recovery".
xcelium> xmsim: *E,TCLERR: invalid command name "multi_conv_rearm_stress".
xcelium> xmsim: *E,TCLERR: invalid command name "firsthit_contract".
xcelium> xmsim: *E,TCLERR: invalid command name "smoke_single_conv".
xcelium> xmsim: *E,TCLERR: invalid command name "vip_maxhits_matrix".
xcelium> xmsim: *E,TCLERR: invalid command name "backpressure_integrity".
xcelium> xmsim: *E,TCLERR: invalid command name "stress_random".
xcelium> xmsim: *E,TCLERR: invalid command name "full_mode_timestamp".
xcelium> xmsim: *E,TCLERR: invalid command name "overflow_status".
xcelium> xmsim: *E,TCLERR: invalid command name "start_watchdog".
xcelium> xmsim: *E,TCLERR: invalid command name "cal_inject".
xcelium> xmsim: *E,TCLERR: invalid command name "multi_conv_rearm_stress".
xcelium> xmsim: *E,TCLERR: invalid command name "global_watchdog_recovery".
xcelium> xmsim: *E,TCLERR: invalid command name "csr_readback_control".
xcelium> xmsim: *E,TCLERR: invalid command name "hard_reset_readback".
xcelium> xmsim: *E,TCLERR: invalid command name "long_random".
xcelium> xmsim: *E,TCLERR: invalid command name "coverage_exhaustive".
xcelium> xmsim: *E,TCLERR: invalid command name "stress_random".
xcelium> xmsim: *E,TCLERR: invalid command name "cal_inject".
xcelium> xmsim: *E,TCLERR: invalid command name "full_mode_timestamp".
xcelium> xmsim: *E,TCLERR: invalid command name "coverage_exhaustive".
xcelium> xmsim: *E,TCLERR: invalid command name "firsthit_contract".
xcelium> xmsim: *E,TCLERR: invalid command name "vip_maxhits_matrix".
xcelium> xmsim: *E,TCLERR: invalid command name "backpressure_integrity".
xcelium> xmsim: *E,TCLERR: invalid command name "vip_ref_stop_cdv".
xcelium> xmsim: *E,TCLERR: invalid command name "start_watchdog".
xcelium> xmsim: *E,TCLERR: invalid command name "hard_reset_readback".
xcelium> xmsim: *E,TCLERR: invalid command name "multi_conv_rearm_stress".
xcelium> xmsim: *E,TCLERR: invalid command name "overflow_status".
xcelium> xmsim: *E,TCLERR: invalid command name "long_random".
xcelium> xmsim: *E,TCLERR: invalid command name "smoke_single_conv".
xcelium> xmsim: *E,TCLERR: invalid command name "firsthit_contract".
xcelium> xmsim: *E,TCLERR: invalid command name "stress_random".
xcelium> xmsim: *E,TCLERR: invalid command name "backpressure_integrity".
xcelium> xmsim: *E,TCLERR: invalid command name "vip_maxhits_matrix".
xcelium> xmsim: *E,TCLERR: invalid command name "smoke_single_conv".
xcelium> xmsim: *E,TCLERR: invalid command name "csr_readback_control".
xcelium> xmsim: *E,TCLERR: invalid command name "global_watchdog_recovery".
xcelium> xmsim: *E,TCLERR: invalid command name "full_mode_timestamp".
xcelium> xmsim: *E,TCLERR: invalid command name "vip_ref_stop_cdv".
xcelium> xmsim: *E,TCLERR: invalid command name "multi_conv_rearm_stress".
xcelium> xmsim: *E,TCLERR: invalid command name "start_watchdog".
xcelium> xmsim: *E,TCLERR: invalid command name "cal_inject".
xcelium> xmsim: *E,TCLERR: invalid command name "overflow_status".
xcelium> xmsim: *E,TCLERR: invalid command name "long_random".
xcelium> xmsim: *E,TCLERR: invalid command name "global_watchdog_recovery".
xcelium> xmsim: *E,TCLERR: invalid command name "hard_reset_readback".
xcelium> xmsim: *E,TCLERR: invalid command name "csr_readback_control".
xcelium> xmsim: *E,TCLERR: invalid command name "full_mode_timestamp".
xcelium> xmsim: *E,TCLERR: invalid command name "coverage_exhaustive".
xcelium> xmsim: *E,TCLERR: invalid command name "vip_maxhits_matrix".
xcelium> xmsim: *E,TCLERR: invalid command name "backpressure_integrity".
xcelium> xmsim: *E,TCLERR: invalid command name "firsthit_contract".
xcelium> xmsim: *E,TCLERR: invalid command name "smoke_single_conv".
xcelium> xmsim: *E,TCLERR: invalid command name "stress_random".
xcelium> xmsim: *E,TCLERR: invalid command name "vip_ref_stop_cdv".
xcelium> xmsim: *E,TCLERR: invalid command name "global_watchdog_recovery".
xcelium> xmsim: *E,TCLERR: invalid command name "overflow_status".
xcelium> xmsim: *E,TCLERR: invalid command name "cal_inject".
xcelium> xmsim: *E,TCLERR: invalid command name "start_watchdog".
xcelium> xmsim: *E,TCLERR: invalid command name "long_random".
xcelium> xmsim: *E,TCLERR: invalid command name "vip_maxhits_matrix".
xcelium> xmsim: *E,TCLERR: invalid command name "vip_ref_stop_cdv".
xcelium> xmsim: *E,TCLERR: invalid command name "multi_conv_rearm_stress".
xcelium> xmsim: *E,TCLERR: invalid command name "csr_readback_control".
xcelium> xmsim: *E,TCLERR: invalid command name "stress_random".
xcelium> xmsim: *E,TCLERR: invalid command name "coverage_exhaustive".
xcelium> xmsim: *E,TCLERR: invalid command name "smoke_single_conv".
xcelium> xmsim: *E,TCLERR: invalid command name "firsthit_contract".
xcelium> xmsim: *E,TCLERR: invalid command name "backpressure_integrity".
xcelium> xmsim: *E,TCLERR: invalid command name "full_mode_timestamp".
xcelium> xmsim: *E,TCLERR: invalid command name "hard_reset_readback".
xcelium> xmsim: *E,TCLERR: invalid command name "start_watchdog".
xcelium> xmsim: *E,TCLERR: invalid command name "multi_conv_rearm_stress".
xcelium> xmsim: *E,TCLERR: invalid command name "overflow_status".
xcelium> xmsim: *E,TCLERR: invalid command name "long_random".
xcelium> xmsim: *E,TCLERR: invalid command name "global_watchdog_recovery".
xcelium> xmsim: *E,TCLERR: invalid command name "cal_inject".
xcelium> xmsim: *E,TCLERR: invalid command name "csr_readback_control".
xcelium> xmsim: *E,TCLERR: invalid command name "hard_reset_readback".
xcelium> xmsim: *E,TCLERR: invalid command name "coverage_exhaustive".
xcelium> xmsim: *E,TCLERR: invalid command name "stress_random".
xcelium> xmsim: *E,TCLERR: invalid command name "backpressure_integrity".
xcelium> xmsim: *E,TCLERR: invalid command name "vip_maxhits_matrix".
xcelium> xmsim: *E,TCLERR: invalid command name "vip_ref_stop_cdv".
xcelium> xmsim: *E,TCLERR: invalid command name "smoke_single_conv".
xcelium> xmsim: *E,TCLERR: invalid command name "hard_reset_readback".
xcelium> xmsim: *E,TCLERR: invalid command name "cal_inject".
xcelium> xmsim: *E,TCLERR: invalid command name "csr_readback_control".
xcelium> xmsim: *E,TCLERR: invalid command name "coverage_exhaustive".
xcelium> xmsim: *E,TCLERR: invalid command name "overflow_status".
xcelium> xmsim: *E,TCLERR: invalid command name "full_mode_timestamp".
xcelium> xmsim: *E,TCLERR: invalid command name "global_watchdog_recovery".
xcelium> xmsim: *E,TCLERR: invalid command name "long_random".
xcelium> xmsim: *E,TCLERR: invalid command name "multi_conv_rearm_stress".
xcelium> xmsim: *E,TCLERR: invalid command name "firsthit_contract".
xcelium> xmsim: *E,TCLERR: invalid command name "start_watchdog".
xcelium> xmsim: *E,TCLERR: invalid command name "vip_maxhits_matrix".
xcelium> xmsim: *E,TCLERR: invalid command name "stress_random".
xcelium> xmsim: *E,TCLERR: invalid command name "vip_ref_stop_cdv".
xcelium> xmsim: *E,TCLERR: invalid command name "firsthit_contract".
xcelium> xmsim: *E,TCLERR: invalid command name "full_mode_timestamp".
xcelium> xmsim: *E,TCLERR: invalid command name "backpressure_integrity".
xcelium> xmsim: *E,TCLERR: invalid command name "smoke_single_conv".
xcelium> xmsim: *E,TCLERR: invalid command name "overflow_status".
xcelium> xmsim: *E,TCLERR: invalid command name "cal_inject".
xcelium> xmsim: *E,TCLERR: invalid command name "long_random".
xcelium> xmsim: *E,TCLERR: invalid command name "global_watchdog_recovery".
xcelium> xmsim: *E,TCLERR: invalid command name "multi_conv_rearm_stress".
xcelium> xmsim: *E,TCLERR: invalid command name "start_watchdog".
xcelium> xmsim: *E,TCLERR: invalid command name "csr_readback_control".
xcelium> xmsim: *E,TCLERR: invalid command name "hard_reset_readback".
xcelium> xmsim: *E,TCLERR: invalid command name "coverage_exhaustive".
xcelium> xmsim: *E,TCLERR: invalid command name "stress_random".
xcelium> xmsim: *E,TCLERR: invalid command name "vip_ref_stop_cdv".
xcelium> xmsim: *E,TCLERR: invalid command name "smoke_single_conv".
xcelium> xmsim: *E,TCLERR: invalid command name "vip_maxhits_matrix".
xcelium> xmsim: *E,TCLERR: invalid command name "start_watchdog".
xcelium> xmsim: *E,TCLERR: invalid command name "long_random".
xcelium> xmsim: *E,TCLERR: invalid command name "backpressure_integrity".
xcelium> xmsim: *E,TCLERR: invalid command name "firsthit_contract".
xcelium> xmsim: *E,TCLERR: invalid command name "full_mode_timestamp".
xcelium> xmsim: *E,TCLERR: invalid command name "hard_reset_readback".
xcelium> xmsim: *E,TCLERR: invalid command name "cal_inject".
xcelium> xmsim: *E,TCLERR: invalid command name "vip_ref_stop_cdv".
xcelium> xmsim: *E,TCLERR: invalid command name "global_watchdog_recovery".
xcelium> xmsim: *E,TCLERR: invalid command name "multi_conv_rearm_stress".
xcelium> xmsim: *E,TCLERR: invalid command name "stress_random".
xcelium> xmsim: *E,TCLERR: invalid command name "coverage_exhaustive".
xcelium> xmsim: *E,TCLERR: invalid command name "vip_maxhits_matrix".
xcelium> xmsim: *E,TCLERR: invalid command name "overflow_status".
xcelium> xmsim: *E,TCLERR: invalid command name "csr_readback_control".
xcelium> xmsim: *E,TCLERR: invalid command name "full_mode_timestamp".
xcelium> xmsim: *E,TCLERR: invalid command name "start_watchdog".
xcelium> xmsim: *E,TCLERR: invalid command name "firsthit_contract".
xcelium> xmsim: *E,TCLERR: invalid command name "cal_inject".
xcelium> xmsim: *E,TCLERR: invalid command name "backpressure_integrity".
xcelium> xmsim: *E,TCLERR: invalid command name "overflow_status".
xcelium> xmsim: *E,TCLERR: invalid command name "smoke_single_conv".
xcelium> xmsim: *E,TCLERR: invalid command name "long_random".
xcelium> xmsim: *E,TCLERR: invalid command name "global_watchdog_recovery".
xcelium> xmsim: *E,TCLERR: invalid command name "multi_conv_rearm_stress".
xcelium> xmsim: *E,TCLERR: invalid command name "csr_readback_control".
xcelium> xmsim: *E,TCLERR: invalid command name "hard_reset_readback".
xcelium> xmsim: *E,TCLERR: invalid command name "vip_ref_stop_cdv".
xcelium> xmsim: *E,TCLERR: invalid command name "stress_random".
xcelium> xmsim: *E,TCLERR: invalid command name "coverage_exhaustive".
xcelium> xmsim: *E,TCLERR: invalid command name "vip_maxhits_matrix".
xcelium> xmsim: *E,TCLERR: invalid command name "smoke_single_conv".
xcelium> xmsim: *E,TCLERR: invalid command name "start_watchdog".
xcelium> xmsim: *E,TCLERR: invalid command name "firsthit_contract".
xcelium> xmsim: *E,TCLERR: invalid command name "overflow_status".
xcelium> xmsim: *E,TCLERR: invalid command name "full_mode_timestamp".
xcelium> xmsim: *E,TCLERR: invalid command name "backpressure_integrity".
xcelium> xmsim: *E,TCLERR: invalid command name "multi_conv_rearm_stress".
xcelium> xmsim: *E,TCLERR: invalid command name "cal_inject".
xcelium> xmsim: *E,TCLERR: invalid command name "hard_reset_readback".
xcelium> xmsim: *E,TCLERR: invalid command name "global_watchdog_recovery".
xcelium> xmsim: *E,TCLERR: invalid command name "stress_random".
xcelium> xmsim: *E,TCLERR: invalid command name "long_random".
xcelium> xmsim: *E,TCLERR: invalid command name "coverage_exhaustive".
xcelium> xmsim: *E,TCLERR: invalid command name "csr_readback_control".
xcelium> xmsim: *E,TCLERR: invalid command name "vip_ref_stop_cdv".
xcelium> xmsim: *E,TCLERR: invalid command name "vip_maxhits_matrix".
xcelium> xmsim: *E,TCLERR: invalid command name "firsthit_contract".
xcelium> xmsim: *E,TCLERR: invalid command name "full_mode_timestamp".
xcelium> xmsim: *E,TCLERR: invalid command name "smoke_single_conv".
xcelium> xmsim: *E,TCLERR: invalid command name "cal_inject".
xcelium> xmsim: *E,TCLERR: invalid command name "backpressure_integrity".
xcelium> xmsim: *E,TCLERR: invalid command name "start_watchdog".
xcelium> xmsim: *E,TCLERR: invalid command name "overflow_status".
xcelium> xmsim: *E,TCLERR: invalid command name "csr_readback_control".
xcelium> xmsim: *E,TCLERR: invalid command name "long_random".
xcelium> xmsim: *E,TCLERR: invalid command name "multi_conv_rearm_stress".
xcelium> xmsim: *E,TCLERR: invalid command name "global_watchdog_recovery".
xcelium> xmsim: *E,TCLERR: invalid command name "coverage_exhaustive".
xcelium> xmsim: *E,TCLERR: invalid command name "stress_random".
xcelium> xmsim: *E,TCLERR: invalid command name "vip_ref_stop_cdv".
xcelium> xmsim: *E,TCLERR: invalid command name "hard_reset_readback".
xcelium> xmsim: *E,TCLERR: invalid command name "vip_maxhits_matrix".
xcelium> xmsim: *E,TCLERR: invalid command name "smoke_single_conv".
xcelium> xmsim: *E,TCLERR: invalid command name "firsthit_contract".
xcelium> xmsim: *E,TCLERR: invalid command name "backpressure_integrity".
xcelium> xmsim: *E,TCLERR: invalid command name "overflow_status".
xcelium> xmsim: *E,TCLERR: invalid command name "full_mode_timestamp".
xcelium> xmsim: *E,TCLERR: invalid command name "start_watchdog".
xcelium> xmsim: *E,TCLERR: invalid command name "cal_inject".
xcelium> xmsim: *E,TCLERR: invalid command name "long_random".
xcelium> xmsim: *E,TCLERR: invalid command name "full_mode_timestamp".
xcelium> xmsim: *E,TCLERR: invalid command name "stress_random".
xcelium> xmsim: *E,TCLERR: invalid command name "hard_reset_readback".
xcelium> xmsim: *E,TCLERR: invalid command name "cal_inject".
xcelium> xmsim: *E,TCLERR: invalid command name "multi_conv_rearm_stress".
xcelium> xmsim: *E,TCLERR: invalid command name "backpressure_integrity".
xcelium> xmsim: *E,TCLERR: invalid command name "coverage_exhaustive".
xcelium> xmsim: *E,TCLERR: invalid command name "global_watchdog_recovery".
xcelium> xmsim: *E,TCLERR: invalid command name "overflow_status".
xcelium> xmsim: *E,TCLERR: invalid command name "firsthit_contract".
xcelium> xmsim: *E,TCLERR: invalid command name "start_watchdog".
xcelium> xmsim: *E,TCLERR: invalid command name "csr_readback_control".
xcelium> xmsim: *E,TCLERR: invalid command name "vip_ref_stop_cdv".
xcelium> xmsim: *E,TCLERR: invalid command name "smoke_single_conv".
xcelium> xmsim: *E,TCLERR: invalid command name "vip_maxhits_matrix".
xcelium> xmsim: *E,TCLERR: invalid command name "csr_readback_control".
xcelium> xmsim: *E,TCLERR: invalid command name "long_random".
xcelium> xmsim: *E,TCLERR: invalid command name "multi_conv_rearm_stress".
xcelium> xmsim: *E,TCLERR: invalid command name "hard_reset_readback".
xcelium> xmsim: *E,TCLERR: invalid command name "global_watchdog_recovery".
xcelium> xmsim: *E,TCLERR: invalid command name "coverage_exhaustive".
xcelium> xmsim: *E,TCLERR: invalid command name "stress_random".
xcelium> xmsim: *E,TCLERR: invalid command name "vip_ref_stop_cdv".
xcelium> xmsim: *E,TCLERR: invalid command name "smoke_single_conv".
xcelium> xmsim: *E,TCLERR: invalid command name "start_watchdog".
xcelium> xmsim: *E,TCLERR: invalid command name "firsthit_contract".
xcelium> xmsim: *E,TCLERR: invalid command name "backpressure_integrity".
xcelium> xmsim: *E,TCLERR: invalid command name "full_mode_timestamp".
xcelium> xmsim: *E,TCLERR: invalid command name "vip_maxhits_matrix".
xcelium> xmsim: *E,TCLERR: invalid command name "overflow_status".
xcelium> xmsim: *E,TCLERR: invalid command name "cal_inject".
xcelium> xmsim: *E,TCLERR: invalid command name "long_random".
xcelium> xmsim: *E,TCLERR: invalid command name "global_watchdog_recovery".
xcelium> xmsim: *E,TCLERR: invalid command name "vip_maxhits_matrix".
xcelium> xmsim: *E,TCLERR: invalid command name "hard_reset_readback".
xcelium> xmsim: *E,TCLERR: invalid command name "multi_conv_rearm_stress".
xcelium> xmsim: *E,TCLERR: invalid command name "coverage_exhaustive".
xcelium> xmsim: *E,TCLERR: invalid command name "firsthit_contract".
xcelium> xmsim: *E,TCLERR: invalid command name "stress_random".
xcelium> xmsim: *E,TCLERR: invalid command name "vip_ref_stop_cdv".
xcelium> xmsim: *E,TCLERR: invalid command name "csr_readback_control".
xcelium> xmsim: *E,TCLERR: invalid command name "full_mode_timestamp".
xcelium> xmsim: *E,TCLERR: invalid command name "backpressure_integrity".
xcelium> xmsim: *E,TCLERR: invalid command name "smoke_single_conv".
xcelium> xmsim: *E,TCLERR: invalid command name "cal_inject".
xcelium> xmsim: *E,TCLERR: invalid command name "start_watchdog".
xcelium> xmsim: *E,TCLERR: invalid command name "overflow_status".
xcelium> xmsim: *E,TCLERR: invalid command name "hard_reset_readback".
xcelium> xmsim: *E,TCLERR: invalid command name "multi_conv_rearm_stress".
xcelium> xmsim: *E,TCLERR: invalid command name "coverage_exhaustive".
xcelium> xmsim: *E,TCLERR: invalid command name "global_watchdog_recovery".
xcelium> xmsim: *E,TCLERR: invalid command name "long_random".
xcelium> xmsim: *E,TCLERR: invalid command name "stress_random".
xcelium> xmsim: *E,TCLERR: invalid command name "csr_readback_control".
xcelium> xmsim: *E,TCLERR: invalid command name "vip_ref_stop_cdv".
xcelium> xmsim: *E,TCLERR: invalid command name "vip_maxhits_matrix".
xcelium> xmsim: *E,TCLERR: invalid command name "backpressure_integrity".
xcelium> xmsim: *E,TCLERR: invalid command name "start_watchdog".
xcelium> xmsim: *E,TCLERR: invalid command name "smoke_single_conv".
xcelium> xmsim: *E,TCLERR: invalid command name "firsthit_contract".
xcelium> xmsim: *E,TCLERR: invalid command name "cal_inject".
xcelium> xmsim: *E,TCLERR: invalid command name "full_mode_timestamp".
xcelium> xmsim: *E,TCLERR: invalid command name "overflow_status".
xcelium> xmsim: *E,TCLERR: invalid command name "long_random".
xcelium> xmsim: *E,TCLERR: invalid command name "multi_conv_rearm_stress".
xcelium> xmsim: *E,TCLERR: invalid command name "full_mode_timestamp".
xcelium> xmsim: *E,TCLERR: invalid command name "vip_ref_stop_cdv".
xcelium> xmsim: *E,TCLERR: invalid command name "csr_readback_control".
xcelium> xmsim: *E,TCLERR: invalid command name "stress_random".
xcelium> xmsim: *E,TCLERR: invalid command name "backpressure_integrity".
xcelium> xmsim: *E,TCLERR: invalid command name "global_watchdog_recovery".
xcelium> xmsim: *E,TCLERR: invalid command name "coverage_exhaustive".
xcelium> xmsim: *E,TCLERR: invalid command name "hard_reset_readback".
xcelium> xmsim: *E,TCLERR: invalid command name "vip_maxhits_matrix".
xcelium> xmsim: *E,TCLERR: invalid command name "smoke_single_conv".
xcelium> xmsim: *E,TCLERR: invalid command name "firsthit_contract".
xcelium> xmsim: *E,TCLERR: invalid command name "global_watchdog_recovery".
xcelium> xmsim: *E,TCLERR: invalid command name "cal_inject".
xcelium> xmsim: *E,TCLERR: invalid command name "start_watchdog".
xcelium> xmsim: *E,TCLERR: invalid command name "multi_conv_rearm_stress".
xcelium> xmsim: *E,TCLERR: invalid command name "csr_readback_control".
xcelium> xmsim: *E,TCLERR: invalid command name "overflow_status".
xcelium> xmsim: *E,TCLERR: invalid command name "long_random".
xcelium> xmsim: *E,TCLERR: invalid command name "hard_reset_readback".
xcelium> xmsim: *E,TCLERR: invalid command name "coverage_exhaustive".
xcelium> xmsim: *E,TCLERR: invalid command name "stress_random".
xcelium> xmsim: *E,TCLERR: invalid command name "vip_ref_stop_cdv".
xcelium> xmsim: *E,TCLERR: invalid command name "start_watchdog".
xcelium> xmsim: *E,TCLERR: invalid command name "overflow_status".
xcelium> xmsim: *E,TCLERR: invalid command name "backpressure_integrity".
xcelium> xmsim: *E,TCLERR: invalid command name "cal_inject".
xcelium> xmsim: *E,TCLERR: invalid command name "smoke_single_conv".
xcelium> xmsim: *E,TCLERR: invalid command name "full_mode_timestamp".
xcelium> xmsim: *E,TCLERR: invalid command name "vip_maxhits_matrix".
xcelium> xmsim: *E,TCLERR: invalid command name "firsthit_contract".
xcelium> xmsim: *E,TCLERR: invalid command name "multi_conv_rearm_stress".
xcelium> xmsim: *E,TCLERR: invalid command name "long_random".
xcelium> xmsim: *E,TCLERR: invalid command name "coverage_exhaustive".
xcelium> xmsim: *E,TCLERR: invalid command name "hard_reset_readback".
xcelium> xmsim: *E,TCLERR: invalid command name "global_watchdog_recovery".
xcelium> xmsim: *E,TCLERR: invalid command name "vip_maxhits_matrix".
xcelium> xmsim: *E,TCLERR: invalid command name "vip_ref_stop_cdv".
xcelium> xmsim: *E,TCLERR: invalid command name "csr_readback_control".
xcelium> xmsim: *E,TCLERR: invalid command name "stress_random".
xcelium> xmsim: *E,TCLERR: invalid command name "backpressure_integrity".
xcelium> xmsim: *E,TCLERR: invalid command name "full_mode_timestamp".
xcelium> xmsim: *E,TCLERR: invalid command name "smoke_single_conv".
xcelium> xmsim: *E,TCLERR: invalid command name "firsthit_contract".
xcelium> xmsim: *E,TCLERR: invalid command name "long_random".
xcelium> xmsim: *E,TCLERR: invalid command name "start_watchdog".
xcelium> xmsim: *E,TCLERR: invalid command name "cal_inject".
xcelium> xmsim: *E,TCLERR: invalid command name "multi_conv_rearm_stress".
xcelium> xmsim: *E,TCLERR: invalid command name "global_watchdog_recovery".
xcelium> xmsim: *E,TCLERR: invalid command name "csr_readback_control".
xcelium> xmsim: *E,TCLERR: invalid command name "coverage_exhaustive".
xcelium> xmsim: *E,TCLERR: invalid command name "overflow_status".
xcelium> xmsim: *E,TCLERR: invalid command name "hard_reset_readback".
xcelium> xmsim: *E,TCLERR: invalid command name "stress_random".
xcelium> xmsim: *E,TCLERR: invalid command name "vip_ref_stop_cdv".
xcelium> xmsim: *E,TCLERR: invalid command name "smoke_single_conv".
xcelium> xmsim: *E,TCLERR: invalid command name "full_mode_timestamp".
xcelium> xmsim: *E,TCLERR: invalid command name "vip_maxhits_matrix".
xcelium> xmsim: *E,TCLERR: invalid command name "backpressure_integrity".
xcelium> xmsim: *E,TCLERR: invalid command name "cal_inject".
xcelium> xmsim: *E,TCLERR: invalid command name "start_watchdog".
xcelium> xmsim: *E,TCLERR: invalid command name "firsthit_contract".
xcelium> xmsim: *E,TCLERR: invalid command name "overflow_status".
xcelium> xmsim: *E,TCLERR: invalid command name "long_random".
xcelium> xmsim: *E,TCLERR: invalid command name "multi_conv_rearm_stress".
xcelium> xmsim: *E,TCLERR: invalid command name "hard_reset_readback".
xcelium> xmsim: *E,TCLERR: invalid command name "global_watchdog_recovery".
xcelium> xmsim: *E,TCLERR: invalid command name "csr_readback_control".
xcelium> xmsim: *E,TCLERR: invalid command name "stress_random".
xcelium> xmsim: *E,TCLERR: invalid command name "coverage_exhaustive".
xcelium> xmsim: *E,TCLERR: invalid command name "vip_ref_stop_cdv".
xcelium> xmsim: *E,TCLERR: invalid command name "vip_maxhits_matrix".
xcelium> xmsim: *E,TCLERR: invalid command name "cal_inject".
xcelium> xmsim: *E,TCLERR: invalid command name "global_watchdog_recovery".
xcelium> xmsim: *E,TCLERR: invalid command name "smoke_single_conv".
xcelium> xmsim: *E,TCLERR: invalid command name "full_mode_timestamp".
xcelium> xmsim: *E,TCLERR: invalid command name "firsthit_contract".
xcelium> xmsim: *E,TCLERR: invalid command name "multi_conv_rearm_stress".
xcelium> xmsim: *E,TCLERR: invalid command name "overflow_status".
xcelium> xmsim: *E,TCLERR: invalid command name "backpressure_integrity".
xcelium> xmsim: *E,TCLERR: invalid command name "csr_readback_control".
xcelium> xmsim: *E,TCLERR: invalid command name "start_watchdog".
xcelium> xmsim: *E,TCLERR: invalid command name "long_random".
xcelium> xmsim: *E,TCLERR: invalid command name "hard_reset_readback".
xcelium> xmsim: *E,TCLERR: invalid command name "stress_random".
xcelium> xmsim: *E,TCLERR: invalid command name "coverage_exhaustive".
xcelium> xmsim: *E,TCLERR: invalid command name "smoke_single_conv".
xcelium> xmsim: *E,TCLERR: invalid command name "vip_ref_stop_cdv".
xcelium> xmsim: *E,TCLERR: invalid command name "firsthit_contract".
xcelium> xmsim: *E,TCLERR: invalid command name "full_mode_timestamp".
xcelium> xmsim: *E,TCLERR: invalid command name "backpressure_integrity".
xcelium> xmsim: *E,TCLERR: invalid command name "vip_maxhits_matrix".
xcelium> xmsim: *E,TCLERR: invalid command name "start_watchdog".
xcelium> xmsim: *E,TCLERR: invalid command name "long_random".
xcelium> xmsim: *E,TCLERR: invalid command name "cal_inject".
xcelium> xmsim: *E,TCLERR: invalid command name "overflow_status".
xcelium> xmsim: *E,TCLERR: invalid command name "csr_readback_control".
xcelium> xmsim: *E,TCLERR: invalid command name "stress_random".
xcelium> xmsim: *E,TCLERR: invalid command name "global_watchdog_recovery".
xcelium> xmsim: *E,TCLERR: invalid command name "coverage_exhaustive".
xcelium> xmsim: *E,TCLERR: invalid command name "hard_reset_readback".
xcelium> xmsim: *E,TCLERR: invalid command name "multi_conv_rearm_stress".
xcelium> xmsim: *E,TCLERR: invalid command name "vip_ref_stop_cdv".
xcelium> xmsim: *E,TCLERR: invalid command name "vip_maxhits_matrix".
xcelium> xmsim: *E,TCLERR: invalid command name "backpressure_integrity".
xcelium> xmsim: *E,TCLERR: invalid command name "smoke_single_conv".
xcelium> xmsim: *E,TCLERR: invalid command name "full_mode_timestamp".
xcelium> xmsim: *E,TCLERR: invalid command name "firsthit_contract".
xcelium> xmsim: *E,TCLERR: invalid command name "start_watchdog".
xcelium> xmsim: *E,TCLERR: invalid command name "cal_inject".
xcelium> xmsim: *E,TCLERR: invalid command name "global_watchdog_recovery".
xcelium> xmsim: *E,TCLERR: invalid command name "stress_random".
xcelium> xmsim: *E,TCLERR: invalid command name "multi_conv_rearm_stress".
xcelium> xmsim: *E,TCLERR: invalid command name "overflow_status".
xcelium> xmsim: *E,TCLERR: invalid command name "long_random".
xcelium> xmsim: *E,TCLERR: invalid command name "coverage_exhaustive".
xcelium> xmsim: *E,TCLERR: invalid command name "csr_readback_control".
xcelium> xmsim: *E,TCLERR: invalid command name "hard_reset_readback".
xcelium> xmsim: *E,TCLERR: invalid command name "firsthit_contract".
xcelium> xmsim: *E,TCLERR: invalid command name "full_mode_timestamp".
xcelium> xmsim: *E,TCLERR: invalid command name "smoke_single_conv".
xcelium> xmsim: *E,TCLERR: invalid command name "vip_ref_stop_cdv".
xcelium> xmsim: *E,TCLERR: invalid command name "vip_maxhits_matrix".
xcelium> xmsim: *E,TCLERR: invalid command name "backpressure_integrity".
xcelium> xmsim: *E,TCLERR: invalid command name "start_watchdog".
xcelium> xmsim: *E,TCLERR: invalid command name "cal_inject".
xcelium> xmsim: *E,TCLERR: invalid command name "long_random".
xcelium> xmsim: *E,TCLERR: invalid command name "overflow_status".
xcelium> xmsim: *E,TCLERR: invalid command name "multi_conv_rearm_stress".
xcelium> xmsim: *E,TCLERR: invalid command name "global_watchdog_recovery".
xcelium> xmsim: *E,TCLERR: invalid command name "csr_readback_control".
xcelium> xmsim: *E,TCLERR: invalid command name "stress_random".
xcelium> xmsim: *E,TCLERR: invalid command name "coverage_exhaustive".
xcelium> xmsim: *E,TCLERR: invalid command name "hard_reset_readback".
xcelium> xmsim: *E,TCLERR: invalid command name "vip_ref_stop_cdv".
xcelium> xmsim: *E,TCLERR: invalid command name "smoke_single_conv".
xcelium> xmsim: *E,TCLERR: invalid command name "firsthit_contract".
xcelium> xmsim: *E,TCLERR: invalid command name "full_mode_timestamp".
xcelium> xmsim: *E,TCLERR: invalid command name "cal_inject".
xcelium> xmsim: *E,TCLERR: invalid command name "vip_maxhits_matrix".
xcelium> xmsim: *E,TCLERR: invalid command name "backpressure_integrity".
xcelium> xmsim: *E,TCLERR: invalid command name "start_watchdog".
xcelium> xmsim: *E,TCLERR: invalid command name "overflow_status".
xcelium> xmsim: *E,TCLERR: invalid command name "long_random".
xcelium> xmsim: *E,TCLERR: invalid command name "csr_readback_control".
xcelium> xmsim: *E,TCLERR: invalid command name "coverage_exhaustive".
xcelium> xmsim: *E,TCLERR: invalid command name "global_watchdog_recovery".
xcelium> xmsim: *E,TCLERR: invalid command name "hard_reset_readback".
xcelium> xmsim: *E,TCLERR: invalid command name "stress_random".
xcelium> xmsim: *E,TCLERR: invalid command name "multi_conv_rearm_stress".
xcelium> xmsim: *E,TCLERR: invalid command name "vip_ref_stop_cdv".
xcelium> xmsim: *E,TCLERR: invalid command name "smoke_single_conv".
xcelium> xmsim: *E,TCLERR: invalid command name "start_watchdog".
xcelium> xmsim: *E,TCLERR: invalid command name "vip_maxhits_matrix".
xcelium> xmsim: *E,TCLERR: invalid command name "full_mode_timestamp".
xcelium> xmsim: *E,TCLERR: invalid command name "backpressure_integrity".
xcelium> xmsim: *E,TCLERR: invalid command name "firsthit_contract".
xcelium> xmsim: *E,TCLERR: invalid command name "long_random".
xcelium> xmsim: *E,TCLERR: invalid command name "overflow_status".
xcelium> xmsim: *E,TCLERR: invalid command name "cal_inject".
xcelium> xmsim: *E,TCLERR: invalid command name "multi_conv_rearm_stress".
xcelium> xmsim: *E,TCLERR: invalid command name "global_watchdog_recovery".
xcelium> xmsim: *E,TCLERR: invalid command name "hard_reset_readback".
xcelium> xmsim: *E,TCLERR: invalid command name "coverage_exhaustive".
xcelium> xmsim: *E,TCLERR: invalid command name "csr_readback_control".
xcelium> xmsim: *E,TCLERR: invalid command name "stress_random".
xcelium> xmsim: *E,TCLERR: invalid command name "smoke_single_conv".
xcelium> xmsim: *E,TCLERR: invalid command name "firsthit_contract".
xcelium> xmsim: *E,TCLERR: invalid command name "backpressure_integrity".
xcelium> xmsim: *E,TCLERR: invalid command name "vip_maxhits_matrix".
xcelium> xmsim: *E,TCLERR: invalid command name "vip_ref_stop_cdv".
xcelium> xmsim: *E,TCLERR: invalid command name "full_mode_timestamp".
xcelium> xmsim: *E,TCLERR: invalid command name "cal_inject".
xcelium> xmsim: *E,TCLERR: invalid command name "start_watchdog".
xcelium> xmsim: *E,TCLERR: invalid command name "overflow_status".
xcelium> xmsim: *E,TCLERR: invalid command name "long_random".
xcelium> xmsim: *E,TCLERR: invalid command name "multi_conv_rearm_stress".
xcelium> xmsim: *E,TCLERR: invalid command name "stress_random".
xcelium> xmsim: *E,TCLERR: invalid command name "csr_readback_control".
xcelium> xmsim: *E,TCLERR: invalid command name "global_watchdog_recovery".
xcelium> xmsim: *E,TCLERR: invalid command name "hard_reset_readback".
xcelium> xmsim: *E,TCLERR: invalid command name "vip_ref_stop_cdv".
xcelium> xmsim: *E,TCLERR: invalid command name "coverage_exhaustive".
xcelium> xmsim: *E,TCLERR: invalid command name "full_mode_timestamp".
xcelium> xmsim: *E,TCLERR: invalid command name "vip_maxhits_matrix".
xcelium> xmsim: *E,TCLERR: invalid command name "smoke_single_conv".
xcelium> xmsim: *E,TCLERR: invalid command name "firsthit_contract".
xcelium> xmsim: *E,TCLERR: invalid command name "start_watchdog".
xcelium> xmsim: *E,TCLERR: invalid command name "backpressure_integrity".
xcelium> xmsim: *E,TCLERR: invalid command name "long_random".
xcelium> xmsim: *E,TCLERR: invalid command name "cal_inject".
xcelium> xmsim: *E,TCLERR: invalid command name "multi_conv_rearm_stress".
xcelium> xmsim: *E,TCLERR: invalid command name "overflow_status".
xcelium> xmsim: *E,TCLERR: invalid command name "global_watchdog_recovery".
xcelium> xmsim: *E,TCLERR: invalid command name "coverage_exhaustive".
xcelium> xmsim: *E,TCLERR: invalid command name "csr_readback_control".
xcelium> xmsim: *E,TCLERR: invalid command name "hard_reset_readback".
xcelium> xmsim: *E,TCLERR: invalid command name "stress_random".
xcelium> xmsim: *E,TCLERR: invalid command name "backpressure_integrity".
xcelium> xmsim: *E,TCLERR: invalid command name "firsthit_contract".
xcelium> xmsim: *E,TCLERR: invalid command name "full_mode_timestamp".
xcelium> xmsim: *E,TCLERR: invalid command name "vip_ref_stop_cdv".
xcelium> xmsim: *E,TCLERR: invalid command name "vip_maxhits_matrix".
xcelium> xmsim: *E,TCLERR: invalid command name "smoke_single_conv".
xcelium> xmsim: *E,TCLERR: invalid command name "cal_inject".
xcelium> xmsim: *E,TCLERR: invalid command name "start_watchdog".
xcelium> xmsim: *E,TCLERR: invalid command name "overflow_status".
xcelium> xmsim: *E,TCLERR: invalid command name "global_watchdog_recovery".
xcelium> xmsim: *E,TCLERR: invalid command name "multi_conv_rearm_stress".
xcelium> xmsim: *E,TCLERR: invalid command name "long_random".
xcelium> xmsim: *E,TCLERR: invalid command name "csr_readback_control".
xcelium> xmsim: *E,TCLERR: invalid command name "coverage_exhaustive".
xcelium> xmsim: *E,TCLERR: invalid command name "vip_ref_stop_cdv".
xcelium> xmsim: *E,TCLERR: invalid command name "stress_random".
xcelium> xmsim: *E,TCLERR: invalid command name "vip_maxhits_matrix".
xcelium> xmsim: *E,TCLERR: invalid command name "hard_reset_readback".
xcelium> xmsim: *E,TCLERR: invalid command name "smoke_single_conv".
xcelium> xmsim: *E,TCLERR: invalid command name "start_watchdog".
xcelium> xmsim: *E,TCLERR: invalid command name "firsthit_contract".
xcelium> xmsim: *E,TCLERR: invalid command name "backpressure_integrity".
xcelium> xmsim: *E,TCLERR: invalid command name "full_mode_timestamp".
xcelium> xmsim: *E,TCLERR: invalid command name "long_random".
xcelium> xmsim: *E,TCLERR: invalid command name "cal_inject".
xcelium> xmsim: *E,TCLERR: invalid command name "multi_conv_rearm_stress".
xcelium> xmsim: *E,TCLERR: invalid command name "overflow_status".
xcelium> xmsim: *E,TCLERR: invalid command name "hard_reset_readback".
xcelium> xmsim: *E,TCLERR: invalid command name "coverage_exhaustive".
xcelium> xmsim: *E,TCLERR: invalid command name "global_watchdog_recovery".
xcelium> xmsim: *E,TCLERR: invalid command name "csr_readback_control".
xcelium> xmsim: *E,TCLERR: invalid command name "stress_random".
xcelium> xmsim: *E,TCLERR: invalid command name "vip_maxhits_matrix".
xcelium> xmsim: *E,TCLERR: invalid command name "smoke_single_conv".
xcelium> xmsim: *E,TCLERR: invalid command name "vip_ref_stop_cdv".
xcelium> xmsim: *E,TCLERR: invalid command name "full_mode_timestamp".
xcelium> xmsim: *E,TCLERR: invalid command name "backpressure_integrity".
xcelium> xmsim: *E,TCLERR: invalid command name "firsthit_contract".
xcelium> xmsim: *E,TCLERR: invalid command name "start_watchdog".
xcelium> xmsim: *E,TCLERR: invalid command name "cal_inject".
xcelium> xmsim: *E,TCLERR: invalid command name "overflow_status".
xcelium> xmsim: *E,TCLERR: invalid command name "long_random".
xcelium> xmsim: *E,TCLERR: invalid command name "multi_conv_rearm_stress".
xcelium> xmsim: *E,TCLERR: invalid command name "global_watchdog_recovery".
xcelium> xmsim: *E,TCLERR: invalid command name "hard_reset_readback".
xcelium> xmsim: *E,TCLERR: invalid command name "csr_readback_control".
xcelium> xmsim: *E,TCLERR: invalid command name "coverage_exhaustive".
xcelium> xmsim: *E,TCLERR: invalid command name "vip_ref_stop_cdv".
xcelium> xmsim: *E,TCLERR: invalid command name "vip_maxhits_matrix".
xcelium> xmsim: *E,TCLERR: invalid command name "full_mode_timestamp".
xcelium> xmsim: *E,TCLERR: invalid command name "stress_random".
xcelium> xmsim: *E,TCLERR: invalid command name "smoke_single_conv".
xcelium> xmsim: *E,TCLERR: invalid command name "firsthit_contract".
xcelium> xmsim: *E,TCLERR: invalid command name "start_watchdog".
xcelium> xmsim: *E,TCLERR: invalid command name "cal_inject".
xcelium> xmsim: *E,TCLERR: invalid command name "backpressure_integrity".
xcelium> xmsim: *E,TCLERR: invalid command name "overflow_status".
xcelium> xmsim: *E,TCLERR: invalid command name "multi_conv_rearm_stress".
xcelium> xmsim: *E,TCLERR: invalid command name "global_watchdog_recovery".
xcelium> xmsim: *E,TCLERR: invalid command name "long_random".
xcelium> xmsim: *E,TCLERR: invalid command name "csr_readback_control".
xcelium> xmsim: *E,TCLERR: invalid command name "vip_maxhits_matrix".
xcelium> xmsim: *E,TCLERR: invalid command name "coverage_exhaustive".
xcelium> xmsim: *E,TCLERR: invalid command name "stress_random".
xcelium> xmsim: *E,TCLERR: invalid command name "hard_reset_readback".
xcelium> xmsim: *E,TCLERR: invalid command name "vip_ref_stop_cdv".
xcelium> xmsim: *E,TCLERR: invalid command name "full_mode_timestamp".
xcelium> xmsim: *E,TCLERR: invalid command name "firsthit_contract".
xcelium> xmsim: *E,TCLERR: invalid command name "smoke_single_conv".
xcelium> xmsim: *E,TCLERR: invalid command name "cal_inject".
xcelium> xmsim: *E,TCLERR: invalid command name "backpressure_integrity".
xcelium> xmsim: *E,TCLERR: invalid command name "multi_conv_rearm_stress".
xcelium> xmsim: *E,TCLERR: invalid command name "start_watchdog".
xcelium> xmsim: *E,TCLERR: invalid command name "stress_random".
xcelium> xmsim: *E,TCLERR: invalid command name "long_random".
xcelium> xmsim: *E,TCLERR: invalid command name "start_watchdog".
xcelium> xmsim: *E,TCLERR: invalid command name "coverage_exhaustive".
xcelium> xmsim: *E,TCLERR: invalid command name "global_watchdog_recovery".
xcelium> xmsim: *E,TCLERR: invalid command name "firsthit_contract".
xcelium> xmsim: *E,TCLERR: invalid command name "csr_readback_control".
xcelium> xmsim: *E,TCLERR: invalid command name "backpressure_integrity".
xcelium> xmsim: *E,TCLERR: invalid command name "vip_ref_stop_cdv".
xcelium> xmsim: *E,TCLERR: invalid command name "hard_reset_readback".
xcelium> xmsim: *E,TCLERR: invalid command name "long_random".
xcelium> xmsim: *E,TCLERR: invalid command name "overflow_status".
xcelium> xmsim: *E,TCLERR: invalid command name "smoke_single_conv".
xcelium> xmsim: *E,TCLERR: invalid command name "multi_conv_rearm_stress".
xcelium> xmsim: *E,TCLERR: invalid command name "full_mode_timestamp".
xcelium> xmsim: *E,TCLERR: invalid command name "global_watchdog_recovery".
xcelium> xmsim: *E,TCLERR: invalid command name "overflow_status".
xcelium> xmsim: *E,TCLERR: invalid command name "vip_maxhits_matrix".
xcelium> xmsim: *E,TCLERR: invalid command name "cal_inject".
xcelium> xmsim: *E,TCLERR: invalid command name "hard_reset_readback".
xcelium> xmsim: *E,TCLERR: invalid command name "backpressure_integrity".
xcelium> xmsim: *E,TCLERR: invalid command name "full_mode_timestamp".
xcelium> xmsim: *E,TCLERR: invalid command name "vip_maxhits_matrix".
xcelium> xmsim: *E,TCLERR: invalid command name "stress_random".
xcelium> xmsim: *E,TCLERR: invalid command name "vip_ref_stop_cdv".
xcelium> xmsim: *E,TCLERR: invalid command name "smoke_single_conv".
xcelium> xmsim: *E,TCLERR: invalid command name "start_watchdog".
xcelium> xmsim: *E,TCLERR: invalid command name "firsthit_contract".
xcelium> xmsim: *E,TCLERR: invalid command name "csr_readback_control".
xcelium> xmsim: *E,TCLERR: invalid command name "coverage_exhaustive".
xcelium> xmsim: *E,TCLERR: invalid command name "csr_readback_control".
xcelium> xmsim: *E,TCLERR: invalid command name "global_watchdog_recovery".
xcelium> xmsim: *E,TCLERR: invalid command name "stress_random".
xcelium> xmsim: *E,TCLERR: invalid command name "hard_reset_readback".
xcelium> xmsim: *E,TCLERR: invalid command name "overflow_status".
xcelium> xmsim: *E,TCLERR: invalid command name "multi_conv_rearm_stress".
xcelium> xmsim: *E,TCLERR: invalid command name "vip_ref_stop_cdv".
xcelium> xmsim: *E,TCLERR: invalid command name "coverage_exhaustive".
xcelium> xmsim: *E,TCLERR: invalid command name "full_mode_timestamp".
xcelium> xmsim: *E,TCLERR: invalid command name "cal_inject".
xcelium> xmsim: *E,TCLERR: invalid command name "smoke_single_conv".
xcelium> xmsim: *E,TCLERR: invalid command name "long_random".
xcelium> xmsim: *E,TCLERR: invalid command name "long_random".
xcelium> xmsim: *E,TCLERR: invalid command name "cal_inject".
xcelium> xmsim: *E,TCLERR: invalid command name "vip_maxhits_matrix".
xcelium> xmsim: *E,TCLERR: invalid command name "overflow_status".
xcelium> xmsim: *E,TCLERR: invalid command name "firsthit_contract".
xcelium> xmsim: *E,TCLERR: invalid command name "start_watchdog".
xcelium> xmsim: *E,TCLERR: invalid command name "backpressure_integrity".
xcelium> xmsim: *E,TCLERR: invalid command name "global_watchdog_recovery".
xcelium> xmsim: *E,TCLERR: invalid command name "multi_conv_rearm_stress".
xcelium> xmsim: *E,TCLERR: invalid command name "stress_random".
xcelium> xmsim: *E,TCLERR: invalid command name "smoke_single_conv".
xcelium> xmsim: *E,TCLERR: invalid command name "full_mode_timestamp".
xcelium> xmsim: *E,TCLERR: invalid command name "hard_reset_readback".
xcelium> xmsim: *E,TCLERR: invalid command name "backpressure_integrity".
xcelium> xmsim: *E,TCLERR: invalid command name "coverage_exhaustive".
xcelium> xmsim: *E,TCLERR: invalid command name "vip_maxhits_matrix".
xcelium> xmsim: *E,TCLERR: invalid command name "csr_readback_control".
xcelium> xmsim: *E,TCLERR: invalid command name "firsthit_contract".
xcelium> xmsim: *E,TCLERR: invalid command name "vip_ref_stop_cdv".
xcelium> xmsim: *E,TCLERR: invalid command name "start_watchdog".
xcelium> xmsim: *E,TCLERR: invalid command name "long_random".
xcelium> xmsim: *E,TCLERR: invalid command name "overflow_status".
xcelium> xmsim: *E,TCLERR: invalid command name "cal_inject".
xcelium> xmsim: *E,TCLERR: invalid command name "vip_maxhits_matrix".
xcelium> xmsim: *E,TCLERR: invalid command name "hard_reset_readback".
xcelium> xmsim: *E,TCLERR: invalid command name "stress_random".
xcelium> xmsim: *E,TCLERR: invalid command name "overflow_status".
xcelium> xmsim: *E,TCLERR: invalid command name "coverage_exhaustive".
xcelium> xmsim: *E,TCLERR: invalid command name "cal_inject".
xcelium> xmsim: *E,TCLERR: invalid command name "firsthit_contract".
xcelium> xmsim: *E,TCLERR: invalid command name "multi_conv_rearm_stress".
xcelium> xmsim: *E,TCLERR: invalid command name "global_watchdog_recovery".
xcelium> xmsim: *E,TCLERR: invalid command name "vip_ref_stop_cdv".
xcelium> xmsim: *E,TCLERR: invalid command name "csr_readback_control".
xcelium> xmsim: *E,TCLERR: invalid command name "global_watchdog_recovery".
xcelium> xmsim: *E,TCLERR: invalid command name "full_mode_timestamp".
xcelium> xmsim: *E,TCLERR: invalid command name "smoke_single_conv".
xcelium> xmsim: *E,TCLERR: invalid command name "backpressure_integrity".
xcelium> xmsim: *E,TCLERR: invalid command name "long_random".
xcelium> xmsim: *E,TCLERR: invalid command name "start_watchdog".
xcelium> xmsim: *E,TCLERR: invalid command name "multi_conv_rearm_stress".
xcelium> xmsim: *E,TCLERR: invalid command name "stress_random".
xcelium> xmsim: *E,TCLERR: invalid command name "vip_maxhits_matrix".
xcelium> xmsim: *E,TCLERR: invalid command name "vip_ref_stop_cdv".
xcelium> xmsim: *E,TCLERR: invalid command name "firsthit_contract".
xcelium> xmsim: *E,TCLERR: invalid command name "csr_readback_control".
xcelium> xmsim: *E,TCLERR: invalid command name "backpressure_integrity".
xcelium> xmsim: *E,TCLERR: invalid command name "full_mode_timestamp".
xcelium> xmsim: *E,TCLERR: invalid command name "coverage_exhaustive".
xcelium> xmsim: *E,TCLERR: invalid command name "smoke_single_conv".
xcelium> xmsim: *E,TCLERR: invalid command name "hard_reset_readback".
xcelium> xmsim: *E,TCLERR: invalid command name "start_watchdog".
xcelium> xmsim: *E,TCLERR: invalid command name "coverage_exhaustive".
xcelium> xmsim: *E,TCLERR: invalid command name "csr_readback_control".
xcelium> xmsim: *E,TCLERR: invalid command name "vip_maxhits_matrix".
xcelium> xmsim: *E,TCLERR: invalid command name "cal_inject".
xcelium> xmsim: *E,TCLERR: invalid command name "multi_conv_rearm_stress".
xcelium> xmsim: *E,TCLERR: invalid command name "long_random".
xcelium> xmsim: *E,TCLERR: invalid command name "overflow_status".
xcelium> xmsim: *E,TCLERR: invalid command name "multi_conv_rearm_stress".
xcelium> xmsim: *E,TCLERR: invalid command name "start_watchdog".
xcelium> xmsim: *E,TCLERR: invalid command name "firsthit_contract".
xcelium> xmsim: *E,TCLERR: invalid command name "smoke_single_conv".
xcelium> xmsim: *E,TCLERR: invalid command name "backpressure_integrity".
xcelium> xmsim: *E,TCLERR: invalid command name "global_watchdog_recovery".
xcelium> xmsim: *E,TCLERR: invalid command name "hard_reset_readback".
xcelium> xmsim: *E,TCLERR: invalid command name "vip_ref_stop_cdv".
xcelium> xmsim: *E,TCLERR: invalid command name "cal_inject".
xcelium> xmsim: *E,TCLERR: invalid command name "overflow_status".
xcelium> xmsim: *E,TCLERR: invalid command name "long_random".
xcelium> xmsim: *E,TCLERR: invalid command name "stress_random".
xcelium> xmsim: *E,TCLERR: invalid command name "full_mode_timestamp".
xcelium> xmsim: *E,TCLERR: invalid command name "global_watchdog_recovery".
xcelium> xmsim: *E,TCLERR: invalid command name "csr_readback_control".
xcelium> xmsim: *E,TCLERR: invalid command name "vip_ref_stop_cdv".
xcelium> xmsim: *E,TCLERR: invalid command name "backpressure_integrity".
xcelium> xmsim: *E,TCLERR: invalid command name "full_mode_timestamp".
xcelium> xmsim: *E,TCLERR: invalid command name "coverage_exhaustive".
xcelium> xmsim: *E,TCLERR: invalid command name "firsthit_contract".
xcelium> xmsim: *E,TCLERR: invalid command name "start_watchdog".
xcelium> xmsim: *E,TCLERR: invalid command name "stress_random".
xcelium> xmsim: *E,TCLERR: invalid command name "vip_maxhits_matrix".
xcelium> xmsim: *E,TCLERR: invalid command name "hard_reset_readback".
xcelium> xmsim: *E,TCLERR: invalid command name "smoke_single_conv".
xcelium> xmsim: *E,TCLERR: invalid command name "cal_inject".
xcelium> xmsim: *E,TCLERR: invalid command name "hard_reset_readback".
xcelium> xmsim: *E,TCLERR: invalid command name "stress_random".
xcelium> xmsim: *E,TCLERR: invalid command name "long_random".
xcelium> xmsim: *E,TCLERR: invalid command name "global_watchdog_recovery".
xcelium> xmsim: *E,TCLERR: invalid command name "csr_readback_control".
xcelium> xmsim: *E,TCLERR: invalid command name "multi_conv_rearm_stress".
xcelium> xmsim: *E,TCLERR: invalid command name "overflow_status".
xcelium> xmsim: *E,TCLERR: invalid command name "coverage_exhaustive".
xcelium> xmsim: *E,TCLERR: invalid command name "smoke_single_conv".
xcelium> xmsim: *E,TCLERR: invalid command name "backpressure_integrity".
xcelium> xmsim: *E,TCLERR: invalid command name "firsthit_contract".
xcelium> xmsim: *E,TCLERR: invalid command name "start_watchdog".
xcelium> xmsim: *E,TCLERR: invalid command name "vip_ref_stop_cdv".
xcelium> xmsim: *E,TCLERR: invalid command name "cal_inject".
xcelium> xmsim: *E,TCLERR: invalid command name "full_mode_timestamp".
xcelium> xmsim: *E,TCLERR: invalid command name "multi_conv_rearm_stress".
xcelium> xmsim: *E,TCLERR: invalid command name "long_random".
xcelium> xmsim: *E,TCLERR: invalid command name "vip_maxhits_matrix".
xcelium> xmsim: *E,TCLERR: invalid command name "overflow_status".
xcelium> xmsim: *E,TCLERR: invalid command name "csr_readback_control".
xcelium> xmsim: *E,TCLERR: invalid command name "backpressure_integrity".
xcelium> xmsim: *E,TCLERR: invalid command name "start_watchdog".
xcelium> xmsim: *E,TCLERR: invalid command name "coverage_exhaustive".
xcelium> xmsim: *E,TCLERR: invalid command name "stress_random".
xcelium> xmsim: *E,TCLERR: invalid command name "full_mode_timestamp".
xcelium> xmsim: *E,TCLERR: invalid command name "vip_maxhits_matrix".
xcelium> xmsim: *E,TCLERR: invalid command name "smoke_single_conv".
xcelium> xmsim: *E,TCLERR: invalid command name "firsthit_contract".
xcelium> xmsim: *E,TCLERR: invalid command name "hard_reset_readback".
xcelium> xmsim: *E,TCLERR: invalid command name "vip_ref_stop_cdv".
xcelium> xmsim: *E,TCLERR: invalid command name "global_watchdog_recovery".
xcelium> xmsim: *E,TCLERR: invalid command name "long_random".
xcelium> xmsim: *E,TCLERR: invalid command name "overflow_status".
xcelium> xmsim: *E,TCLERR: invalid command name "global_watchdog_recovery".
xcelium> xmsim: *E,TCLERR: invalid command name "multi_conv_rearm_stress".
xcelium> xmsim: *E,TCLERR: invalid command name "hard_reset_readback".
xcelium> xmsim: *E,TCLERR: invalid command name "coverage_exhaustive".
xcelium> xmsim: *E,TCLERR: invalid command name "cal_inject".
xcelium> xmsim: *E,TCLERR: invalid command name "stress_random".
xcelium> xmsim: *E,TCLERR: invalid command name "csr_readback_control".
xcelium> xmsim: *E,TCLERR: invalid command name "firsthit_contract".
xcelium> xmsim: *E,TCLERR: invalid command name "start_watchdog".
xcelium> xmsim: *E,TCLERR: invalid command name "vip_maxhits_matrix".
xcelium> xmsim: *E,TCLERR: invalid command name "smoke_single_conv".
xcelium> xmsim: *E,TCLERR: invalid command name "full_mode_timestamp".
xcelium> xmsim: *E,TCLERR: invalid command name "vip_ref_stop_cdv".
xcelium> xmsim: *E,TCLERR: invalid command name "backpressure_integrity".
xcelium> xmsim: *E,TCLERR: invalid command name "long_random".
xcelium> xmsim: *E,TCLERR: invalid command name "cal_inject".
xcelium> xmsim: *E,TCLERR: invalid command name "overflow_status".
xcelium> xmsim: *E,TCLERR: invalid command name "multi_conv_rearm_stress".
xcelium> xmsim: *E,TCLERR: invalid command name "global_watchdog_recovery".
xcelium> xmsim: *E,TCLERR: invalid command name "csr_readback_control".
xcelium> xmsim: *E,TCLERR: invalid command name "coverage_exhaustive".
xcelium> xmsim: *E,TCLERR: invalid command name "hard_reset_readback".
xcelium> xmsim: *E,TCLERR: invalid command name "stress_random".
xcelium> xmsim: *E,TCLERR: invalid command name "vip_maxhits_matrix".
xcelium> xmsim: *E,TCLERR: invalid command name "backpressure_integrity".
xcelium> xmsim: *E,TCLERR: invalid command name "firsthit_contract".
xcelium> xmsim: *E,TCLERR: invalid command name "vip_ref_stop_cdv".
xcelium> xmsim: *E,TCLERR: invalid command name "start_watchdog".
xcelium> xmsim: *E,TCLERR: invalid command name "smoke_single_conv".
xcelium> xmsim: *E,TCLERR: invalid command name "full_mode_timestamp".
xcelium> xmsim: *E,TCLERR: invalid command name "overflow_status".
xcelium> xmsim: *E,TCLERR: invalid command name "cal_inject".
xcelium> xmsim: *E,TCLERR: invalid command name "global_watchdog_recovery".
xcelium> xmsim: *E,TCLERR: invalid command name "multi_conv_rearm_stress".
xcelium> xmsim: *E,TCLERR: invalid command name "long_random".
xcelium> xmsim: *E,TCLERR: invalid command name "csr_readback_control".
xcelium> xmsim: *E,TCLERR: invalid command name "hard_reset_readback".
xcelium> xmsim: *E,TCLERR: invalid command name "coverage_exhaustive".
xcelium> xmsim: *E,TCLERR: invalid command name "stress_random".
xcelium> xmsim: *E,TCLERR: invalid command name "vip_ref_stop_cdv".
xcelium> xmsim: *E,TCLERR: invalid command name "backpressure_integrity".
xcelium> xmsim: *E,TCLERR: invalid command name "smoke_single_conv".
xcelium> xmsim: *E,TCLERR: invalid command name "start_watchdog".
xcelium> xmsim: *E,TCLERR: invalid command name "vip_maxhits_matrix".
xcelium> xmsim: *E,TCLERR: invalid command name "full_mode_timestamp".
xcelium> xmsim: *E,TCLERR: invalid command name "firsthit_contract".
xcelium> xmsim: *E,TCLERR: invalid command name "long_random".
xcelium> xmsim: *E,TCLERR: invalid command name "overflow_status".
xcelium> xmsim: *E,TCLERR: invalid command name "cal_inject".
xcelium> xmsim: *E,TCLERR: invalid command name "multi_conv_rearm_stress".
xcelium> xmsim: *E,TCLERR: invalid command name "csr_readback_control".
xcelium> xmsim: *E,TCLERR: invalid command name "global_watchdog_recovery".
xcelium> xmsim: *E,TCLERR: invalid command name "vip_ref_stop_cdv".
xcelium> xmsim: *E,TCLERR: invalid command name "coverage_exhaustive".
xcelium> xmsim: *E,TCLERR: invalid command name "smoke_single_conv".
xcelium> xmsim: *E,TCLERR: invalid command name "hard_reset_readback".
xcelium> xmsim: *E,TCLERR: invalid command name "stress_random".
xcelium> xmsim: *E,TCLERR: invalid command name "vip_maxhits_matrix".
xcelium> xmsim: *E,TCLERR: invalid command name "firsthit_contract".
xcelium> xmsim: *E,TCLERR: invalid command name "backpressure_integrity".
xcelium> xmsim: *E,TCLERR: invalid command name "full_mode_timestamp".
xcelium> xmsim: *E,TCLERR: invalid command name "cal_inject".
xcelium> xmsim: *E,TCLERR: invalid command name "start_watchdog".
xcelium> xmsim: *E,TCLERR: invalid command name "overflow_status".
xcelium> xmsim: *E,TCLERR: invalid command name "long_random".
xcelium> xmsim: *E,TCLERR: invalid command name "global_watchdog_recovery".
xcelium> xmsim: *E,TCLERR: invalid command name "coverage_exhaustive".
xcelium> xmsim: *E,TCLERR: invalid command name "hard_reset_readback".
xcelium> xmsim: *E,TCLERR: invalid command name "multi_conv_rearm_stress".
xcelium> xmsim: *E,TCLERR: invalid command name "csr_readback_control".
xcelium> xmsim: *E,TCLERR: invalid command name "stress_random".
xcelium> xmsim: *E,TCLERR: invalid command name "smoke_single_conv".
xcelium> xmsim: *E,TCLERR: invalid command name "vip_maxhits_matrix".
xcelium> xmsim: *E,TCLERR: invalid command name "backpressure_integrity".
xcelium> xmsim: *E,TCLERR: invalid command name "start_watchdog".
xcelium> xmsim: *E,TCLERR: invalid command name "firsthit_contract".
xcelium> xmsim: *E,TCLERR: invalid command name "vip_ref_stop_cdv".
xcelium> xmsim: *E,TCLERR: invalid command name "full_mode_timestamp".
xcelium> xmsim: *E,TCLERR: invalid command name "overflow_status".
xcelium> xmsim: *E,TCLERR: invalid command name "long_random".
xcelium> xmsim: *E,TCLERR: invalid command name "global_watchdog_recovery".
xcelium> xmsim: *E,TCLERR: invalid command name "cal_inject".
xcelium> xmsim: *E,TCLERR: invalid command name "multi_conv_rearm_stress".
xcelium> xmsim: *E,TCLERR: invalid command name "csr_readback_control".
xcelium> xmsim: *E,TCLERR: invalid command name "stress_random".
xcelium> xmsim: *E,TCLERR: invalid command name "vip_maxhits_matrix".
xcelium> xmsim: *E,TCLERR: invalid command name "hard_reset_readback".
xcelium> xmsim: *E,TCLERR: invalid command name "coverage_exhaustive".
xcelium> xmsim: *E,TCLERR: invalid command name "firsthit_contract".
xcelium> xmsim: *E,TCLERR: invalid command name "cal_inject".
xcelium> xmsim: *E,TCLERR: invalid command name "start_watchdog".
xcelium> xmsim: *E,TCLERR: invalid command name "full_mode_timestamp".
xcelium> xmsim: *E,TCLERR: invalid command name "vip_ref_stop_cdv".
xcelium> xmsim: *E,TCLERR: invalid command name "backpressure_integrity".
xcelium> xmsim: *E,TCLERR: invalid command name "smoke_single_conv".
xcelium> xmsim: *E,TCLERR: invalid command name "overflow_status".
xcelium> xmsim: *E,TCLERR: invalid command name "global_watchdog_recovery".
xcelium> xmsim: *E,TCLERR: invalid command name "long_random".
xcelium> xmsim: *E,TCLERR: invalid command name "hard_reset_readback".
xcelium> xmsim: *E,TCLERR: invalid command name "csr_readback_control".
xcelium> xmsim: *E,TCLERR: invalid command name "stress_random".
xcelium> xmsim: *E,TCLERR: invalid command name "coverage_exhaustive".
xcelium> xmsim: *E,TCLERR: invalid command name "multi_conv_rearm_stress".
xcelium> xmsim: *E,TCLERR: invalid command name "vip_ref_stop_cdv".
xcelium> xmsim: *E,TCLERR: invalid command name "full_mode_timestamp".
xcelium> xmsim: *E,TCLERR: invalid command name "firsthit_contract".
xcelium> xmsim: *E,TCLERR: invalid command name "vip_maxhits_matrix".
xcelium> xmsim: *E,TCLERR: invalid command name "smoke_single_conv".
xcelium> xmsim: *E,TCLERR: invalid command name "overflow_status".
xcelium> xmsim: *E,TCLERR: invalid command name "global_watchdog_recovery".
xcelium> xmsim: *E,TCLERR: invalid command name "csr_readback_control".
xcelium> xmsim: *E,TCLERR: invalid command name "cal_inject".
xcelium> xmsim: *E,TCLERR: invalid command name "start_watchdog".
xcelium> xmsim: *E,TCLERR: invalid command name "backpressure_integrity".
xcelium> xmsim: *E,TCLERR: invalid command name "long_random".
xcelium> xmsim: *E,TCLERR: invalid command name "multi_conv_rearm_stress".
xcelium> xmsim: *E,TCLERR: invalid command name "coverage_exhaustive".
xcelium> xmsim: *E,TCLERR: invalid command name "hard_reset_readback".
xcelium> xmsim: *E,TCLERR: invalid command name "full_mode_timestamp".
xcelium> xmsim: *E,TCLERR: invalid command name "smoke_single_conv".
xcelium> xmsim: *E,TCLERR: invalid command name "vip_ref_stop_cdv".
xcelium> xmsim: *E,TCLERR: invalid command name "vip_maxhits_matrix".
xcelium> xmsim: *E,TCLERR: invalid command name "backpressure_integrity".
xcelium> xmsim: *E,TCLERR: invalid command name "firsthit_contract".
xcelium> xmsim: *E,TCLERR: invalid command name "stress_random".
xcelium> xmsim: *E,TCLERR: invalid command name "start_watchdog".
xcelium> xmsim: *E,TCLERR: invalid command name "cal_inject".
xcelium> xmsim: *E,TCLERR: invalid command name "overflow_status".
xcelium> xmsim: *E,TCLERR: invalid command name "global_watchdog_recovery".
xcelium> xmsim: *E,TCLERR: invalid command name "hard_reset_readback".
xcelium> xmsim: *E,TCLERR: invalid command name "csr_readback_control".
xcelium> xmsim: *E,TCLERR: invalid command name "long_random".
xcelium> xmsim: *E,TCLERR: invalid command name "multi_conv_rearm_stress".
xcelium> xmsim: *E,TCLERR: invalid command name "coverage_exhaustive".
xcelium> xmsim: *E,TCLERR: invalid command name "vip_ref_stop_cdv".
xcelium> xmsim: *E,TCLERR: invalid command name "stress_random".
xcelium> xmsim: *E,TCLERR: invalid command name "full_mode_timestamp".
xcelium> xmsim: *E,TCLERR: invalid command name "vip_maxhits_matrix".
xcelium> xmsim: *E,TCLERR: invalid command name "firsthit_contract".
xcelium> xmsim: *E,TCLERR: invalid command name "smoke_single_conv".
xcelium> xmsim: *E,TCLERR: invalid command name "start_watchdog".
xcelium> xmsim: *E,TCLERR: invalid command name "overflow_status".
xcelium> xmsim: *E,TCLERR: invalid command name "backpressure_integrity".
xcelium> xmsim: *E,TCLERR: invalid command name "cal_inject".
xcelium> xmsim: *E,TCLERR: invalid command name "long_random".
xcelium> xmsim: *E,TCLERR: invalid command name "global_watchdog_recovery".
xcelium> xmsim: *E,TCLERR: invalid command name "csr_readback_control".
xcelium> xmsim: *E,TCLERR: invalid command name "multi_conv_rearm_stress".
xcelium> xmsim: *E,TCLERR: invalid command name "hard_reset_readback".
xcelium> xmsim: *E,TCLERR: invalid command name "vip_ref_stop_cdv".
xcelium> xmsim: *E,TCLERR: invalid command name "full_mode_timestamp".
xcelium> xmsim: *E,TCLERR: invalid command name "coverage_exhaustive".
xcelium> xmsim: *E,TCLERR: invalid command name "stress_random".
xcelium> xmsim: *E,TCLERR: invalid command name "smoke_single_conv".
xcelium> xmsim: *E,TCLERR: invalid command name "vip_maxhits_matrix".
xcelium> xmsim: *E,TCLERR: invalid command name "firsthit_contract".
xcelium> xmsim: *E,TCLERR: invalid command name "backpressure_integrity".
xcelium> xmsim: *E,TCLERR: invalid command name "cal_inject".
xcelium> xmsim: *E,TCLERR: invalid command name "vip_ref_stop_cdv".
xcelium> xmsim: *E,TCLERR: invalid command name "coverage_exhaustive".
xcelium> xmsim: *E,TCLERR: invalid command name "long_random".
xcelium> xmsim: *E,TCLERR: invalid command name "global_watchdog_recovery".
xcelium> xmsim: *E,TCLERR: invalid command name "full_mode_timestamp".
xcelium> xmsim: *E,TCLERR: invalid command name "csr_readback_control".
xcelium> xmsim: *E,TCLERR: invalid command name "start_watchdog".
xcelium> xmsim: *E,TCLERR: invalid command name "vip_maxhits_matrix".
xcelium> xmsim: *E,TCLERR: invalid command name "stress_random".
xcelium> xmsim: *E,TCLERR: invalid command name "smoke_single_conv".
xcelium> xmsim: *E,TCLERR: invalid command name "hard_reset_readback".
xcelium> xmsim: *E,TCLERR: invalid command name "multi_conv_rearm_stress".
xcelium> xmsim: *E,TCLERR: invalid command name "overflow_status".
xcelium> xmsim: *E,TCLERR: invalid command name "backpressure_integrity".
xcelium> xmsim: *E,TCLERR: invalid command name "firsthit_contract".
xcelium> xmsim: *E,TCLERR: invalid command name "cal_inject".
xcelium> xmsim: *E,TCLERR: invalid command name "start_watchdog".
xcelium> xmsim: *E,TCLERR: invalid command name "overflow_status".
xcelium> xmsim: *E,TCLERR: invalid command name "long_random".
xcelium> xmsim: *E,TCLERR: invalid command name "global_watchdog_recovery".
xcelium> xmsim: *E,TCLERR: invalid command name "multi_conv_rearm_stress".
xcelium> xmsim: *E,TCLERR: invalid command name "csr_readback_control".
xcelium> xmsim: *E,TCLERR: invalid command name "vip_maxhits_matrix".
xcelium> xmsim: *E,TCLERR: invalid command name "coverage_exhaustive".
xcelium> xmsim: *E,TCLERR: invalid command name "vip_ref_stop_cdv".
xcelium> xmsim: *E,TCLERR: invalid command name "stress_random".
xcelium> xmsim: *E,TCLERR: invalid command name "hard_reset_readback".
xcelium> xmsim: *E,TCLERR: invalid command name "full_mode_timestamp".
xcelium> xmsim: *E,TCLERR: invalid command name "smoke_single_conv".
xcelium> xmsim: *E,TCLERR: invalid command name "firsthit_contract".
xcelium> xmsim: *E,TCLERR: invalid command name "start_watchdog".
xcelium> xmsim: *E,TCLERR: invalid command name "backpressure_integrity".
xcelium> xmsim: *E,TCLERR: invalid command name "multi_conv_rearm_stress".
xcelium> xmsim: *E,TCLERR: invalid command name "long_random".
xcelium> xmsim: *E,TCLERR: invalid command name "csr_readback_control".
xcelium> xmsim: *E,TCLERR: invalid command name "overflow_status".
xcelium> xmsim: *E,TCLERR: invalid command name "global_watchdog_recovery".
xcelium> xmsim: *E,TCLERR: invalid command name "cal_inject".
xcelium> xmsim: *E,TCLERR: invalid command name "vip_ref_stop_cdv".
xcelium> xmsim: *E,TCLERR: invalid command name "cal_inject".
xcelium> xmsim: *E,TCLERR: invalid command name "global_watchdog_recovery".
xcelium> xmsim: *E,TCLERR: invalid command name "hard_reset_readback".
xcelium> xmsim: *E,TCLERR: invalid command name "vip_maxhits_matrix".
xcelium> xmsim: *E,TCLERR: invalid command name "stress_random".
xcelium> xmsim: *E,TCLERR: invalid command name "firsthit_contract".
xcelium> xmsim: *E,TCLERR: invalid command name "full_mode_timestamp".
xcelium> xmsim: *E,TCLERR: invalid command name "coverage_exhaustive".
xcelium> xmsim: *E,TCLERR: invalid command name "smoke_single_conv".
xcelium> xmsim: *E,TCLERR: invalid command name "overflow_status".
xcelium> xmsim: *E,TCLERR: invalid command name "start_watchdog".
xcelium> xmsim: *E,TCLERR: invalid command name "stress_random".
xcelium> xmsim: *E,TCLERR: invalid command name "backpressure_integrity".
xcelium> xmsim: *E,TCLERR: invalid command name "csr_readback_control".
xcelium> xmsim: *E,TCLERR: invalid command name "long_random".
xcelium> xmsim: *E,TCLERR: invalid command name "coverage_exhaustive".
xcelium> xmsim: *E,TCLERR: invalid command name "multi_conv_rearm_stress".
xcelium> xmsim: *E,TCLERR: invalid command name "vip_maxhits_matrix".
xcelium> xmsim: *E,TCLERR: invalid command name "hard_reset_readback".
xcelium> xmsim: *E,TCLERR: invalid command name "vip_ref_stop_cdv".
xcelium> xmsim: *E,TCLERR: invalid command name "full_mode_timestamp".
xcelium> xmsim: *E,TCLERR: invalid command name "smoke_single_conv".
xcelium> xmsim: *E,TCLERR: invalid command name "backpressure_integrity".
xcelium> xmsim: *E,TCLERR: invalid command name "start_watchdog".
xcelium> xmsim: *E,TCLERR: invalid command name "long_random".
xcelium> xmsim: *E,TCLERR: invalid command name "cal_inject".
xcelium> xmsim: *E,TCLERR: invalid command name "firsthit_contract".
xcelium> xmsim: *E,TCLERR: invalid command name "overflow_status".
xcelium> xmsim: *E,TCLERR: invalid command name "csr_readback_control".
xcelium> xmsim: *E,TCLERR: invalid command name "backpressure_integrity".
xcelium> xmsim: *E,TCLERR: invalid command name "vip_maxhits_matrix".
xcelium> xmsim: *E,TCLERR: invalid command name "global_watchdog_recovery".
xcelium> xmsim: *E,TCLERR: invalid command name "smoke_single_conv".
xcelium> xmsim: *E,TCLERR: invalid command name "firsthit_contract".
xcelium> xmsim: *E,TCLERR: invalid command name "hard_reset_readback".
xcelium> xmsim: *E,TCLERR: invalid command name "multi_conv_rearm_stress".
xcelium> xmsim: *E,TCLERR: invalid command name "global_watchdog_recovery".
xcelium> xmsim: *E,TCLERR: invalid command name "long_random".
xcelium> xmsim: *E,TCLERR: invalid command name "coverage_exhaustive".
xcelium> xmsim: *E,TCLERR: invalid command name "full_mode_timestamp".
xcelium> xmsim: *E,TCLERR: invalid command name "coverage_exhaustive".
xcelium> xmsim: *E,TCLERR: invalid command name "vip_maxhits_matrix".
xcelium> xmsim: *E,TCLERR: invalid command name "start_watchdog".
xcelium> xmsim: *E,TCLERR: invalid command name "csr_readback_control".
xcelium> xmsim: *E,TCLERR: invalid command name "vip_ref_stop_cdv".
xcelium> xmsim: *E,TCLERR: invalid command name "overflow_status".
xcelium> xmsim: *E,TCLERR: invalid command name "hard_reset_readback".
xcelium> xmsim: *E,TCLERR: invalid command name "vip_ref_stop_cdv".
xcelium> xmsim: *E,TCLERR: invalid command name "multi_conv_rearm_stress".
xcelium> xmsim: *E,TCLERR: invalid command name "stress_random".
xcelium> xmsim: *E,TCLERR: invalid command name "full_mode_timestamp".
xcelium> xmsim: *E,TCLERR: invalid command name "cal_inject".
xcelium> xmsim: *E,TCLERR: invalid command name "stress_random".
xcelium> xmsim: *E,TCLERR: invalid command name "smoke_single_conv".
xcelium> xmsim: *E,TCLERR: invalid command name "firsthit_contract".
xcelium> xmsim: *E,TCLERR: invalid command name "start_watchdog".
xcelium> xmsim: *E,TCLERR: invalid command name "cal_inject".
xcelium> xmsim: *E,TCLERR: invalid command name "long_random".
xcelium> xmsim: *E,TCLERR: invalid command name "overflow_status".
xcelium> xmsim: *E,TCLERR: invalid command name "backpressure_integrity".
xcelium> xmsim: *E,TCLERR: invalid command name "global_watchdog_recovery".
xcelium> xmsim: *E,TCLERR: invalid command name "multi_conv_rearm_stress".
xcelium> xmsim: *E,TCLERR: invalid command name "csr_readback_control".
xcelium> xmsim: *E,TCLERR: invalid command name "smoke_single_conv".
xcelium> xmsim: *E,TCLERR: invalid command name "coverage_exhaustive".
xcelium> xmsim: *E,TCLERR: invalid command name "stress_random".
xcelium> xmsim: *E,TCLERR: invalid command name "hard_reset_readback".
xcelium> xmsim: *E,TCLERR: invalid command name "vip_maxhits_matrix".
xcelium> xmsim: *E,TCLERR: invalid command name "vip_ref_stop_cdv".
xcelium> xmsim: *E,TCLERR: invalid command name "firsthit_contract".
xcelium> xmsim: *E,TCLERR: invalid command name "full_mode_timestamp".
xcelium> xmsim: *E,TCLERR: invalid command name "multi_conv_rearm_stress".
xcelium> xmsim: *E,TCLERR: invalid command name "vip_ref_stop_cdv".
xcelium> xmsim: *E,TCLERR: invalid command name "vip_maxhits_matrix".
xcelium> xmsim: *E,TCLERR: invalid command name "long_random".
xcelium> xmsim: *E,TCLERR: invalid command name "coverage_exhaustive".
xcelium> xmsim: *E,TCLERR: invalid command name "backpressure_integrity".
xcelium> xmsim: *E,TCLERR: invalid command name "start_watchdog".
xcelium> xmsim: *E,TCLERR: invalid command name "long_random".
xcelium> xmsim: *E,TCLERR: invalid command name "global_watchdog_recovery".
xcelium> xmsim: *E,TCLERR: invalid command name "stress_random".
xcelium> xmsim: *E,TCLERR: invalid command name "cal_inject".
xcelium> xmsim: *E,TCLERR: invalid command name "full_mode_timestamp".
xcelium> xmsim: *E,TCLERR: invalid command name "overflow_status".
xcelium> xmsim: *E,TCLERR: invalid command name "smoke_single_conv".
xcelium> xmsim: *E,TCLERR: invalid command name "firsthit_contract".
xcelium> xmsim: *E,TCLERR: invalid command name "csr_readback_control".
xcelium> xmsim: *E,TCLERR: invalid command name "hard_reset_readback".
xcelium> xmsim: *E,TCLERR: invalid command name "start_watchdog".
xcelium> xmsim: *E,TCLERR: invalid command name "backpressure_integrity".
xcelium> xmsim: *E,TCLERR: invalid command name "cal_inject".
xcelium> xmsim: *E,TCLERR: invalid command name "overflow_status".
xcelium> xmsim: *E,TCLERR: invalid command name "multi_conv_rearm_stress".
xcelium> xmsim: *E,TCLERR: invalid command name "global_watchdog_recovery".
xcelium> xmsim: *E,TCLERR: invalid command name "csr_readback_control".
xcelium> xmsim: *E,TCLERR: invalid command name "coverage_exhaustive".
xcelium> xmsim: *E,TCLERR: invalid command name "hard_reset_readback".
xcelium> xmsim: *E,TCLERR: invalid command name "stress_random".
xcelium> xmsim: *E,TCLERR: invalid command name "vip_maxhits_matrix".
xcelium> xmsim: *E,TCLERR: invalid command name "smoke_single_conv".
xcelium> xmsim: *E,TCLERR: invalid command name "vip_ref_stop_cdv".
xcelium> xmsim: *E,TCLERR: invalid command name "full_mode_timestamp".
xcelium> xmsim: *E,TCLERR: invalid command name "cal_inject".
xcelium> xmsim: *E,TCLERR: invalid command name "firsthit_contract".
xcelium> xmsim: *E,TCLERR: invalid command name "csr_readback_control".
xcelium> xmsim: *E,TCLERR: invalid command name "backpressure_integrity".
xcelium> xmsim: *E,TCLERR: invalid command name "hard_reset_readback".
xcelium> xmsim: *E,TCLERR: invalid command name "long_random".
xcelium> xmsim: *E,TCLERR: invalid command name "full_mode_timestamp".
xcelium> xmsim: *E,TCLERR: invalid command name "start_watchdog".
xcelium> xmsim: *E,TCLERR: invalid command name "smoke_single_conv".
xcelium> xmsim: *E,TCLERR: invalid command name "overflow_status".
xcelium> xmsim: *E,TCLERR: invalid command name "stress_random".
xcelium> xmsim: *E,TCLERR: invalid command name "vip_ref_stop_cdv".
xcelium> xmsim: *E,TCLERR: invalid command name "global_watchdog_recovery".
xcelium> xmsim: *E,TCLERR: invalid command name "coverage_exhaustive".
xcelium> xmsim: *E,TCLERR: invalid command name "multi_conv_rearm_stress".
xcelium> xmsim: *E,TCLERR: invalid command name "cal_inject".
xcelium> xmsim: *E,TCLERR: invalid command name "vip_maxhits_matrix".
xcelium> xmsim: *E,TCLERR: invalid command name "firsthit_contract".
xcelium> xmsim: *E,TCLERR: invalid command name "start_watchdog".
xcelium> xmsim: *E,TCLERR: invalid command name "backpressure_integrity".
xcelium> xmsim: *E,TCLERR: invalid command name "long_random".
xcelium> xmsim: *E,TCLERR: invalid command name "overflow_status".
xcelium> xmsim: *E,TCLERR: invalid command name "global_watchdog_recovery".
xcelium> xmsim: *E,TCLERR: invalid command name "csr_readback_control".
xcelium> xmsim: *E,TCLERR: invalid command name "vip_ref_stop_cdv".
xcelium> xmsim: *E,TCLERR: invalid command name "hard_reset_readback".
xcelium> xmsim: *E,TCLERR: invalid command name "vip_maxhits_matrix".
xcelium> xmsim: *E,TCLERR: invalid command name "coverage_exhaustive".
xcelium> xmsim: *E,TCLERR: invalid command name "stress_random".
xcelium> xmsim: *E,TCLERR: invalid command name "smoke_single_conv".
xcelium> xmsim: *E,TCLERR: invalid command name "multi_conv_rearm_stress".
xcelium> xmsim: *E,TCLERR: invalid command name "full_mode_timestamp".
xcelium> xmsim: *E,TCLERR: invalid command name "firsthit_contract".
xcelium> xmsim: *E,TCLERR: invalid command name "start_watchdog".
xcelium> xmsim: *E,TCLERR: invalid command name "multi_conv_rearm_stress".
xcelium> xmsim: *E,TCLERR: invalid command name "backpressure_integrity".
xcelium> xmsim: *E,TCLERR: invalid command name "overflow_status".
xcelium> xmsim: *E,TCLERR: invalid command name "csr_readback_control".
xcelium> xmsim: *E,TCLERR: invalid command name "long_random".
xcelium> xmsim: *E,TCLERR: invalid command name "vip_maxhits_matrix".
xcelium> xmsim: *E,TCLERR: invalid command name "cal_inject".
xcelium> xmsim: *E,TCLERR: invalid command name "hard_reset_readback".
xcelium> xmsim: *E,TCLERR: invalid command name "vip_ref_stop_cdv".
xcelium> xmsim: *E,TCLERR: invalid command name "coverage_exhaustive".
xcelium> xmsim: *E,TCLERR: invalid command name "global_watchdog_recovery".
xcelium> xmsim: *E,TCLERR: invalid command name "full_mode_timestamp".
xcelium> xmsim: *E,TCLERR: invalid command name "smoke_single_conv".
xcelium> xmsim: *E,TCLERR: invalid command name "stress_random".
xcelium> xmsim: *E,TCLERR: invalid command name "backpressure_integrity".
xcelium> xmsim: *E,TCLERR: invalid command name "firsthit_contract".
xcelium> xmsim: *E,TCLERR: invalid command name "cal_inject".
xcelium> xmsim: *E,TCLERR: invalid command name "start_watchdog".
xcelium> xmsim: *E,TCLERR: invalid command name "long_random".
xcelium> xmsim: *E,TCLERR: invalid command name "overflow_status".
xcelium> xmsim: *E,TCLERR: invalid command name "csr_readback_control".
xcelium> xmsim: *E,TCLERR: invalid command name "stress_random".
xcelium> xmsim: *E,TCLERR: invalid command name "multi_conv_rearm_stress".
xcelium> xmsim: *E,TCLERR: invalid command name "vip_ref_stop_cdv".
xcelium> xmsim: *E,TCLERR: invalid command name "coverage_exhaustive".
xcelium> xmsim: *E,TCLERR: invalid command name "hard_reset_readback".
xcelium> xmsim: *E,TCLERR: invalid command name "global_watchdog_recovery".
xcelium> xmsim: *E,TCLERR: invalid command name "vip_maxhits_matrix".
xcelium> xmsim: *E,TCLERR: invalid command name "smoke_single_conv".
xcelium> xmsim: *E,TCLERR: invalid command name "full_mode_timestamp".
xcelium> xmsim: *E,TCLERR: invalid command name "firsthit_contract".
xcelium> xmsim: *E,TCLERR: invalid command name "start_watchdog".
xcelium> xmsim: *E,TCLERR: invalid command name "overflow_status".
xcelium> xmsim: *E,TCLERR: invalid command name "cal_inject".
xcelium> xmsim: *E,TCLERR: invalid command name "backpressure_integrity".
xcelium> xmsim: *E,TCLERR: invalid command name "global_watchdog_recovery".
xcelium> xmsim: *E,TCLERR: invalid command name "long_random".
xcelium> xmsim: *E,TCLERR: invalid command name "csr_readback_control".
xcelium> xmsim: *E,TCLERR: invalid command name "multi_conv_rearm_stress".
xcelium> xmsim: *E,TCLERR: invalid command name "hard_reset_readback".
xcelium> xmsim: *E,TCLERR: invalid command name "vip_ref_stop_cdv".
xcelium> xmsim: *E,TCLERR: invalid command name "stress_random".
xcelium> xmsim: *E,TCLERR: invalid command name "vip_maxhits_matrix".
xcelium> xmsim: *E,TCLERR: invalid command name "coverage_exhaustive".
xcelium> xmsim: *E,TCLERR: invalid command name "firsthit_contract".
xcelium> xmsim: *E,TCLERR: invalid command name "full_mode_timestamp".
xcelium> xmsim: *E,TCLERR: invalid command name "smoke_single_conv".
xcelium> xmsim: *E,TCLERR: invalid command name "long_random".
xcelium> xmsim: *E,TCLERR: invalid command name "backpressure_integrity".
xcelium> xmsim: *E,TCLERR: invalid command name "overflow_status".
xcelium> xmsim: *E,TCLERR: invalid command name "multi_conv_rearm_stress".
xcelium> xmsim: *E,TCLERR: invalid command name "start_watchdog".
xcelium> xmsim: *E,TCLERR: invalid command name "coverage_exhaustive".
xcelium> xmsim: *E,TCLERR: invalid command name "hard_reset_readback".
xcelium> xmsim: *E,TCLERR: invalid command name "cal_inject".
xcelium> xmsim: *E,TCLERR: invalid command name "global_watchdog_recovery".
xcelium> xmsim: *E,TCLERR: invalid command name "csr_readback_control".
xcelium> xmsim: *E,TCLERR: invalid command name "vip_maxhits_matrix".
xcelium> xmsim: *E,TCLERR: invalid command name "stress_random".
xcelium> xmsim: *E,TCLERR: invalid command name "smoke_single_conv".
xcelium> xmsim: *E,TCLERR: invalid command name "vip_ref_stop_cdv".
xcelium> xmsim: *E,TCLERR: invalid command name "full_mode_timestamp".
xcelium> xmsim: *E,TCLERR: invalid command name "cal_inject".
xcelium> xmsim: *E,TCLERR: invalid command name "start_watchdog".
xcelium> xmsim: *E,TCLERR: invalid command name "firsthit_contract".
xcelium> xmsim: *E,TCLERR: invalid command name "backpressure_integrity".
xcelium> xmsim: *E,TCLERR: invalid command name "overflow_status".
xcelium> xmsim: *E,TCLERR: invalid command name "multi_conv_rearm_stress".
xcelium> xmsim: *E,TCLERR: invalid command name "long_random".
xcelium> xmsim: *E,TCLERR: invalid command name "hard_reset_readback".
xcelium> xmsim: *E,TCLERR: invalid command name "global_watchdog_recovery".
xcelium> xmsim: *E,TCLERR: invalid command name "coverage_exhaustive".
xcelium> xmsim: *E,TCLERR: invalid command name "csr_readback_control".
xcelium> xmsim: *E,TCLERR: invalid command name "vip_ref_stop_cdv".
xcelium> xmsim: *E,TCLERR: invalid command name "stress_random".
xcelium> xmsim: *E,TCLERR: invalid command name "vip_maxhits_matrix".
xcelium> xmsim: *E,TCLERR: invalid command name "long_random".
xcelium> xmsim: *E,TCLERR: invalid command name "smoke_single_conv".
xcelium> xmsim: *E,TCLERR: invalid command name "firsthit_contract".
xcelium> xmsim: *E,TCLERR: invalid command name "full_mode_timestamp".
xcelium> xmsim: *E,TCLERR: invalid command name "start_watchdog".
xcelium> xmsim: *E,TCLERR: invalid command name "multi_conv_rearm_stress".
xcelium> xmsim: *E,TCLERR: invalid command name "cal_inject".
xcelium> xmsim: *E,TCLERR: invalid command name "csr_readback_control".
xcelium> xmsim: *E,TCLERR: invalid command name "global_watchdog_recovery".
xcelium> xmsim: *E,TCLERR: invalid command name "backpressure_integrity".
xcelium> xmsim: *E,TCLERR: invalid command name "overflow_status".
xcelium> xmsim: *E,TCLERR: invalid command name "hard_reset_readback".
xcelium> xmsim: *E,TCLERR: invalid command name "smoke_single_conv".
xcelium> xmsim: *E,TCLERR: invalid command name "coverage_exhaustive".
xcelium> xmsim: *E,TCLERR: invalid command name "stress_random".
xcelium> xmsim: *E,TCLERR: invalid command name "vip_ref_stop_cdv".
xcelium> xmsim: *E,TCLERR: invalid command name "vip_maxhits_matrix".
xcelium> xmsim: *E,TCLERR: invalid command name "long_random".
xcelium> xmsim: *E,TCLERR: invalid command name "multi_conv_rearm_stress".
xcelium> xmsim: *E,TCLERR: invalid command name "cal_inject".
xcelium> xmsim: *E,TCLERR: invalid command name "global_watchdog_recovery".
xcelium> xmsim: *E,TCLERR: invalid command name "firsthit_contract".
xcelium> xmsim: *E,TCLERR: invalid command name "full_mode_timestamp".
xcelium> xmsim: *E,TCLERR: invalid command name "start_watchdog".
xcelium> xmsim: *E,TCLERR: invalid command name "hard_reset_readback".
xcelium> xmsim: *E,TCLERR: invalid command name "stress_random".
xcelium> xmsim: *E,TCLERR: invalid command name "csr_readback_control".
xcelium> xmsim: *E,TCLERR: invalid command name "backpressure_integrity".
xcelium> xmsim: *E,TCLERR: invalid command name "overflow_status".
xcelium> xmsim: *E,TCLERR: invalid command name "vip_ref_stop_cdv".
xcelium> xmsim: *E,TCLERR: invalid command name "coverage_exhaustive".
xcelium> xmsim: *E,TCLERR: invalid command name "smoke_single_conv".
xcelium> xmsim: *E,TCLERR: invalid command name "vip_maxhits_matrix".
xcelium> xmsim: *E,TCLERR: invalid command name "backpressure_integrity".
xcelium> xmsim: *E,TCLERR: invalid command name "firsthit_contract".
xcelium> xmsim: *E,TCLERR: invalid command name "long_random".
xcelium> xmsim: *E,TCLERR: invalid command name "start_watchdog".
xcelium> xmsim: *E,TCLERR: invalid command name "full_mode_timestamp".
xcelium> xmsim: *E,TCLERR: invalid command name "overflow_status".
xcelium> xmsim: *E,TCLERR: invalid command name "multi_conv_rearm_stress".
xcelium> xmsim: *E,TCLERR: invalid command name "global_watchdog_recovery".
xcelium> xmsim: *E,TCLERR: invalid command name "cal_inject".
xcelium> xmsim: *E,TCLERR: invalid command name "coverage_exhaustive".
xcelium> xmsim: *E,TCLERR: invalid command name "stress_random".
xcelium> xmsim: *E,TCLERR: invalid command name "csr_readback_control".
xcelium> xmsim: *E,TCLERR: invalid command name "vip_ref_stop_cdv".
xcelium> xmsim: *E,TCLERR: invalid command name "smoke_single_conv".
xcelium> xmsim: *E,TCLERR: invalid command name "hard_reset_readback".
xcelium> xmsim: *E,TCLERR: invalid command name "vip_maxhits_matrix".
xcelium> xmsim: *E,TCLERR: invalid command name "full_mode_timestamp".
xcelium> xmsim: *E,TCLERR: invalid command name "cal_inject".
xcelium> xmsim: *E,TCLERR: invalid command name "stress_random".
xcelium> xmsim: *E,TCLERR: invalid command name "coverage_exhaustive".
xcelium> xmsim: *E,TCLERR: invalid command name "multi_conv_rearm_stress".
xcelium> xmsim: *E,TCLERR: invalid command name "overflow_status".
xcelium> xmsim: *E,TCLERR: invalid command name "start_watchdog".
xcelium> xmsim: *E,TCLERR: invalid command name "csr_readback_control".
xcelium> xmsim: *E,TCLERR: invalid command name "global_watchdog_recovery".
xcelium> xmsim: *E,TCLERR: invalid command name "long_random".
xcelium> xmsim: *E,TCLERR: invalid command name "hard_reset_readback".
xcelium> xmsim: *E,TCLERR: invalid command name "firsthit_contract".
xcelium> xmsim: *E,TCLERR: invalid command name "backpressure_integrity".
xcelium> xmsim: *E,TCLERR: invalid command name "vip_ref_stop_cdv".
xcelium> xmsim: *E,TCLERR: invalid command name "firsthit_contract".
xcelium> xmsim: *E,TCLERR: invalid command name "backpressure_integrity".
xcelium> xmsim: *E,TCLERR: invalid command name "vip_maxhits_matrix".
xcelium> xmsim: *E,TCLERR: invalid command name "smoke_single_conv".
xcelium> xmsim: *E,TCLERR: invalid command name "full_mode_timestamp".
xcelium> xmsim: *E,TCLERR: invalid command name "cal_inject".
xcelium> xmsim: *E,TCLERR: invalid command name "start_watchdog".
xcelium> xmsim: *E,TCLERR: invalid command name "multi_conv_rearm_stress".
xcelium> xmsim: *E,TCLERR: invalid command name "overflow_status".
xcelium> xmsim: *E,TCLERR: invalid command name "long_random".
xcelium> xmsim: *E,TCLERR: invalid command name "global_watchdog_recovery".
xcelium> xmsim: *E,TCLERR: invalid command name "csr_readback_control".
xcelium> xmsim: *E,TCLERR: invalid command name "full_mode_timestamp".
xcelium> xmsim: *E,TCLERR: invalid command name "coverage_exhaustive".
xcelium> xmsim: *E,TCLERR: invalid command name "smoke_single_conv".
xcelium> xmsim: *E,TCLERR: invalid command name "vip_ref_stop_cdv".
xcelium> xmsim: *E,TCLERR: invalid command name "vip_maxhits_matrix".
xcelium> xmsim: *E,TCLERR: invalid command name "stress_random".
xcelium> xmsim: *E,TCLERR: invalid command name "hard_reset_readback".
xcelium> xmsim: *E,TCLERR: invalid command name "start_watchdog".
xcelium> xmsim: *E,TCLERR: invalid command name "multi_conv_rearm_stress".
xcelium> xmsim: *E,TCLERR: invalid command name "hard_reset_readback".
xcelium> xmsim: *E,TCLERR: invalid command name "firsthit_contract".
xcelium> xmsim: *E,TCLERR: invalid command name "coverage_exhaustive".
xcelium> xmsim: *E,TCLERR: invalid command name "cal_inject".
xcelium> xmsim: *E,TCLERR: invalid command name "long_random".
xcelium> xmsim: *E,TCLERR: invalid command name "csr_readback_control".
xcelium> xmsim: *E,TCLERR: invalid command name "vip_ref_stop_cdv".
xcelium> xmsim: *E,TCLERR: invalid command name "stress_random".
xcelium> xmsim: *E,TCLERR: invalid command name "overflow_status".
xcelium> xmsim: *E,TCLERR: invalid command name "global_watchdog_recovery".
xcelium> xmsim: *E,TCLERR: invalid command name "backpressure_integrity".
xcelium> xmsim: *E,TCLERR: invalid command name "firsthit_contract".
xcelium> xmsim: *E,TCLERR: invalid command name "full_mode_timestamp".
xcelium> xmsim: *E,TCLERR: invalid command name "vip_maxhits_matrix".
xcelium> xmsim: *E,TCLERR: invalid command name "backpressure_integrity".
xcelium> xmsim: *E,TCLERR: invalid command name "start_watchdog".
xcelium> xmsim: *E,TCLERR: invalid command name "smoke_single_conv".
xcelium> xmsim: *E,TCLERR: invalid command name "cal_inject".
xcelium> xmsim: *E,TCLERR: invalid command name "multi_conv_rearm_stress".
xcelium> xmsim: *E,TCLERR: invalid command name "overflow_status".
xcelium> xmsim: *E,TCLERR: invalid command name "long_random".
xcelium> xmsim: *E,TCLERR: invalid command name "global_watchdog_recovery".
xcelium> xmsim: *E,TCLERR: invalid command name "stress_random".
xcelium> xmsim: *E,TCLERR: invalid command name "csr_readback_control".
xcelium> xmsim: *E,TCLERR: invalid command name "coverage_exhaustive".
xcelium> xmsim: *E,TCLERR: invalid command name "hard_reset_readback".
xcelium> xmsim: *E,TCLERR: invalid command name "vip_ref_stop_cdv".
xcelium> xmsim: *E,TCLERR: invalid command name "overflow_status".
xcelium> xmsim: *E,TCLERR: invalid command name "smoke_single_conv".
xcelium> xmsim: *E,TCLERR: invalid command name "csr_readback_control".
xcelium> xmsim: *E,TCLERR: invalid command name "firsthit_contract".
xcelium> xmsim: *E,TCLERR: invalid command name "full_mode_timestamp".
xcelium> xmsim: *E,TCLERR: invalid command name "vip_maxhits_matrix".
xcelium> xmsim: *E,TCLERR: invalid command name "start_watchdog".
xcelium> xmsim: *E,TCLERR: invalid command name "backpressure_integrity".
xcelium> xmsim: *E,TCLERR: invalid command name "global_watchdog_recovery".
xcelium> xmsim: *E,TCLERR: invalid command name "cal_inject".
xcelium> xmsim: *E,TCLERR: invalid command name "coverage_exhaustive".
xcelium> xmsim: *E,TCLERR: invalid command name "multi_conv_rearm_stress".
xcelium> xmsim: *E,TCLERR: invalid command name "stress_random".
xcelium> xmsim: *E,TCLERR: invalid command name "long_random".
xcelium> xmsim: *E,TCLERR: invalid command name "hard_reset_readback".
xcelium> xmsim: *E,TCLERR: invalid command name "vip_ref_stop_cdv".
xcelium> xmsim: *E,TCLERR: invalid command name "firsthit_contract".
xcelium> xmsim: *E,TCLERR: invalid command name "start_watchdog".
xcelium> xmsim: *E,TCLERR: invalid command name "overflow_status".
xcelium> xmsim: *E,TCLERR: invalid command name "cal_inject".
xcelium> xmsim: *E,TCLERR: invalid command name "backpressure_integrity".
xcelium> xmsim: *E,TCLERR: invalid command name "multi_conv_rearm_stress".
xcelium> xmsim: *E,TCLERR: invalid command name "vip_maxhits_matrix".
xcelium> xmsim: *E,TCLERR: invalid command name "full_mode_timestamp".
xcelium> xmsim: *E,TCLERR: invalid command name "smoke_single_conv".
xcelium> xmsim: *E,TCLERR: invalid command name "global_watchdog_recovery".
xcelium> xmsim: *E,TCLERR: invalid command name "hard_reset_readback".
xcelium> xmsim: *E,TCLERR: invalid command name "long_random".
xcelium> xmsim: *E,TCLERR: invalid command name "csr_readback_control".
xcelium> xmsim: *E,TCLERR: invalid command name "coverage_exhaustive".
xcelium> xmsim: *E,TCLERR: invalid command name "stress_random".
xcelium> xmsim: *E,TCLERR: invalid command name "firsthit_contract".
xcelium> xmsim: *E,TCLERR: invalid command name "smoke_single_conv".
xcelium> xmsim: *E,TCLERR: invalid command name "coverage_exhaustive".
xcelium> xmsim: *E,TCLERR: invalid command name "vip_maxhits_matrix".
xcelium> xmsim: *E,TCLERR: invalid command name "csr_readback_control".
xcelium> xmsim: *E,TCLERR: invalid command name "start_watchdog".
xcelium> xmsim: *E,TCLERR: invalid command name "overflow_status".
xcelium> xmsim: *E,TCLERR: invalid command name "vip_ref_stop_cdv".
xcelium> xmsim: *E,TCLERR: invalid command name "stress_random".
xcelium> xmsim: *E,TCLERR: invalid command name "global_watchdog_recovery".
xcelium> xmsim: *E,TCLERR: invalid command name "hard_reset_readback".
xcelium> xmsim: *E,TCLERR: invalid command name "long_random".
xcelium> xmsim: *E,TCLERR: invalid command name "backpressure_integrity".
xcelium> xmsim: *E,TCLERR: invalid command name "cal_inject".
xcelium> xmsim: *E,TCLERR: invalid command name "full_mode_timestamp".
xcelium> xmsim: *E,TCLERR: invalid command name "multi_conv_rearm_stress".
xcelium> xmsim: *E,TCLERR: invalid command name "vip_ref_stop_cdv".
xcelium> xmsim: *E,TCLERR: invalid command name "start_watchdog".
xcelium> xmsim: *E,TCLERR: invalid command name "full_mode_timestamp".
xcelium> xmsim: *E,TCLERR: invalid command name "firsthit_contract".
xcelium> xmsim: *E,TCLERR: invalid command name "overflow_status".
xcelium> xmsim: *E,TCLERR: invalid command name "vip_maxhits_matrix".
xcelium> xmsim: *E,TCLERR: invalid command name "multi_conv_rearm_stress".
xcelium> xmsim: *E,TCLERR: invalid command name "backpressure_integrity".
xcelium> xmsim: *E,TCLERR: invalid command name "smoke_single_conv".
xcelium> xmsim: *E,TCLERR: invalid command name "global_watchdog_recovery".
xcelium> xmsim: *E,TCLERR: invalid command name "cal_inject".
xcelium> xmsim: *E,TCLERR: invalid command name "long_random".
xcelium> xmsim: *E,TCLERR: invalid command name "stress_random".
xcelium> xmsim: *E,TCLERR: invalid command name "csr_readback_control".
xcelium> xmsim: *E,TCLERR: invalid command name "coverage_exhaustive".
xcelium> xmsim: *E,TCLERR: invalid command name "hard_reset_readback".
xcelium> xmsim: *E,TCLERR: invalid command name "smoke_single_conv".
xcelium> xmsim: *E,TCLERR: invalid command name "vip_ref_stop_cdv".
xcelium> xmsim: *E,TCLERR: invalid command name "coverage_exhaustive".
xcelium> xmsim: *E,TCLERR: invalid command name "start_watchdog".
xcelium> xmsim: *E,TCLERR: invalid command name "global_watchdog_recovery".
xcelium> xmsim: *E,TCLERR: invalid command name "vip_maxhits_matrix".
xcelium> xmsim: *E,TCLERR: invalid command name "csr_readback_control".
xcelium> xmsim: *E,TCLERR: invalid command name "overflow_status".
xcelium> xmsim: *E,TCLERR: invalid command name "full_mode_timestamp".
xcelium> xmsim: *E,TCLERR: invalid command name "multi_conv_rearm_stress".
xcelium> xmsim: *E,TCLERR: invalid command name "stress_random".
xcelium> xmsim: *E,TCLERR: invalid command name "firsthit_contract".
xcelium> xmsim: *E,TCLERR: invalid command name "hard_reset_readback".
xcelium> xmsim: *E,TCLERR: invalid command name "long_random".
xcelium> xmsim: *E,TCLERR: invalid command name "cal_inject".
xcelium> xmsim: *E,TCLERR: invalid command name "backpressure_integrity".
xcelium> xmsim: *E,TCLERR: invalid command name "smoke_single_conv".
xcelium> xmsim: *E,TCLERR: invalid command name "vip_maxhits_matrix".
xcelium> xmsim: *E,TCLERR: invalid command name "backpressure_integrity".
xcelium> xmsim: *E,TCLERR: invalid command name "multi_conv_rearm_stress".
xcelium> xmsim: *E,TCLERR: invalid command name "vip_ref_stop_cdv".
xcelium> xmsim: *E,TCLERR: invalid command name "full_mode_timestamp".
xcelium> xmsim: *E,TCLERR: invalid command name "firsthit_contract".
xcelium> xmsim: *E,TCLERR: invalid command name "long_random".
xcelium> xmsim: *E,TCLERR: invalid command name "start_watchdog".
xcelium> xmsim: *E,TCLERR: invalid command name "global_watchdog_recovery".
xcelium> xmsim: *E,TCLERR: invalid command name "cal_inject".
xcelium> xmsim: *E,TCLERR: invalid command name "csr_readback_control".
xcelium> xmsim: *E,TCLERR: invalid command name "overflow_status".
xcelium> xmsim: *E,TCLERR: invalid command name "hard_reset_readback".
xcelium> xmsim: *E,TCLERR: invalid command name "stress_random".
xcelium> xmsim: *E,TCLERR: invalid command name "coverage_exhaustive".
xcelium> xmsim: *E,TCLERR: invalid command name "vip_ref_stop_cdv".
xcelium> xmsim: *E,TCLERR: invalid command name "vip_maxhits_matrix".
xcelium> xmsim: *E,TCLERR: invalid command name "full_mode_timestamp".
xcelium> xmsim: *E,TCLERR: invalid command name "csr_readback_control".
xcelium> xmsim: *E,TCLERR: invalid command name "smoke_single_conv".
xcelium> xmsim: *E,TCLERR: invalid command name "long_random".
xcelium> xmsim: *E,TCLERR: invalid command name "cal_inject".
xcelium> xmsim: *E,TCLERR: invalid command name "overflow_status".
xcelium> xmsim: *E,TCLERR: invalid command name "backpressure_integrity".
xcelium> xmsim: *E,TCLERR: invalid command name "multi_conv_rearm_stress".
xcelium> xmsim: *E,TCLERR: invalid command name "hard_reset_readback".
xcelium> xmsim: *E,TCLERR: invalid command name "global_watchdog_recovery".
xcelium> xmsim: *E,TCLERR: invalid command name "coverage_exhaustive".
xcelium> xmsim: *E,TCLERR: invalid command name "firsthit_contract".
xcelium> xmsim: *E,TCLERR: invalid command name "start_watchdog".
xcelium> xmsim: *E,TCLERR: invalid command name "stress_random".
xcelium> xmsim: *E,TCLERR: invalid command name "vip_ref_stop_cdv".
xcelium> xmsim: *E,TCLERR: invalid command name "vip_maxhits_matrix".
xcelium> xmsim: *E,TCLERR: invalid command name "firsthit_contract".
xcelium> xmsim: *E,TCLERR: invalid command name "smoke_single_conv".
xcelium> xmsim: *E,TCLERR: invalid command name "backpressure_integrity".
xcelium> xmsim: *E,TCLERR: invalid command name "cal_inject".
xcelium> xmsim: *E,TCLERR: invalid command name "full_mode_timestamp".
xcelium> xmsim: *E,TCLERR: invalid command name "overflow_status".
xcelium> xmsim: *E,TCLERR: invalid command name "csr_readback_control".
xcelium> xmsim: *E,TCLERR: invalid command name "multi_conv_rearm_stress".
xcelium> xmsim: *E,TCLERR: invalid command name "start_watchdog".
xcelium> xmsim: *E,TCLERR: invalid command name "long_random".
xcelium> xmsim: *E,TCLERR: invalid command name "global_watchdog_recovery".
xcelium> xmsim: *E,TCLERR: invalid command name "hard_reset_readback".
xcelium> xmsim: *E,TCLERR: invalid command name "coverage_exhaustive".
xcelium> xmsim: *E,TCLERR: invalid command name "stress_random".
xcelium> xmsim: *E,TCLERR: invalid command name "vip_ref_stop_cdv".
xcelium> xmsim: *E,TCLERR: invalid command name "smoke_single_conv".
xcelium> xmsim: *E,TCLERR: invalid command name "vip_maxhits_matrix".
xcelium> xmsim: *E,TCLERR: invalid command name "firsthit_contract".
xcelium> xmsim: *E,TCLERR: invalid command name "full_mode_timestamp".
xcelium> xmsim: *E,TCLERR: invalid command name "cal_inject".
xcelium> xmsim: *E,TCLERR: invalid command name "start_watchdog".
xcelium> xmsim: *E,TCLERR: invalid command name "backpressure_integrity".
xcelium> xmsim: *E,TCLERR: invalid command name "overflow_status".
xcelium> xmsim: *E,TCLERR: invalid command name "global_watchdog_recovery".
xcelium> xmsim: *E,TCLERR: invalid command name "multi_conv_rearm_stress".
xcelium> xmsim: *E,TCLERR: invalid command name "long_random".
xcelium> xmsim: *E,TCLERR: invalid command name "hard_reset_readback".
xcelium> xmsim: *E,TCLERR: invalid command name "coverage_exhaustive".
xcelium> xmsim: *E,TCLERR: invalid command name "stress_random".
xcelium> xmsim: *E,TCLERR: invalid command name "csr_readback_control".
xcelium> xmsim: *E,TCLERR: invalid command name "backpressure_integrity".
xcelium> xmsim: *E,TCLERR: invalid command name "vip_maxhits_matrix".
xcelium> xmsim: *E,TCLERR: invalid command name "full_mode_timestamp".
xcelium> xmsim: *E,TCLERR: invalid command name "smoke_single_conv".
xcelium> xmsim: *E,TCLERR: invalid command name "vip_ref_stop_cdv".
xcelium> xmsim: *E,TCLERR: invalid command name "long_random".
xcelium> xmsim: *E,TCLERR: invalid command name "overflow_status".
xcelium> xmsim: *E,TCLERR: invalid command name "multi_conv_rearm_stress".
xcelium> xmsim: *E,TCLERR: invalid command name "cal_inject".
xcelium> xmsim: *E,TCLERR: invalid command name "firsthit_contract".
xcelium> xmsim: *E,TCLERR: invalid command name "csr_readback_control".
xcelium> xmsim: *E,TCLERR: invalid command name "start_watchdog".
xcelium> xmsim: *E,TCLERR: invalid command name "global_watchdog_recovery".
xcelium> xmsim: *E,TCLERR: invalid command name "hard_reset_readback".
xcelium> xmsim: *E,TCLERR: invalid command name "coverage_exhaustive".
xcelium> xmsim: *E,TCLERR: invalid command name "vip_ref_stop_cdv".
xcelium> xmsim: *E,TCLERR: invalid command name "stress_random".
xcelium> xmsim: *E,TCLERR: invalid command name "vip_maxhits_matrix".
xcelium> xmsim: *E,TCLERR: invalid command name "start_watchdog".
xcelium> xmsim: *E,TCLERR: invalid command name "smoke_single_conv".
xcelium> xmsim: *E,TCLERR: invalid command name "cal_inject".
xcelium> xmsim: *E,TCLERR: invalid command name "backpressure_integrity".
xcelium> xmsim: *E,TCLERR: invalid command name "overflow_status".
xcelium> xmsim: *E,TCLERR: invalid command name "multi_conv_rearm_stress".
xcelium> xmsim: *E,TCLERR: invalid command name "full_mode_timestamp".
xcelium> xmsim: *E,TCLERR: invalid command name "firsthit_contract".
xcelium> xmsim: *E,TCLERR: invalid command name "csr_readback_control".
xcelium> xmsim: *E,TCLERR: invalid command name "long_random".
xcelium> xmsim: *E,TCLERR: invalid command name "hard_reset_readback".
xcelium> xmsim: *E,TCLERR: invalid command name "global_watchdog_recovery".
xcelium> xmsim: *E,TCLERR: invalid command name "stress_random".
xcelium> xmsim: *E,TCLERR: invalid command name "coverage_exhaustive".
xcelium> xmsim: *E,TCLERR: invalid command name "firsthit_contract".
xcelium> xmsim: *E,TCLERR: invalid command name "backpressure_integrity".
xcelium> xmsim: *E,TCLERR: invalid command name "vip_ref_stop_cdv".
xcelium> xmsim: *E,TCLERR: invalid command name "smoke_single_conv".
xcelium> xmsim: *E,TCLERR: invalid command name "vip_maxhits_matrix".
xcelium> xmsim: *E,TCLERR: invalid command name "start_watchdog".
xcelium> xmsim: *E,TCLERR: invalid command name "cal_inject".
xcelium> xmsim: *E,TCLERR: invalid command name "full_mode_timestamp".
xcelium> xmsim: *E,TCLERR: invalid command name "long_random".
xcelium> xmsim: *E,TCLERR: invalid command name "overflow_status".
xcelium> xmsim: *E,TCLERR: invalid command name "global_watchdog_recovery".
xcelium> xmsim: *E,TCLERR: invalid command name "multi_conv_rearm_stress".
xcelium> xmsim: *E,TCLERR: invalid command name "vip_ref_stop_cdv".
xcelium> xmsim: *E,TCLERR: invalid command name "stress_random".
xcelium> xmsim: *E,TCLERR: invalid command name "csr_readback_control".
xcelium> xmsim: *E,TCLERR: invalid command name "hard_reset_readback".
xcelium> xmsim: *E,TCLERR: invalid command name "coverage_exhaustive".
xcelium> xmsim: *E,TCLERR: invalid command name "full_mode_timestamp".
xcelium> xmsim: *E,TCLERR: invalid command name "smoke_single_conv".
xcelium> xmsim: *E,TCLERR: invalid command name "start_watchdog".
xcelium> xmsim: *E,TCLERR: invalid command name "firsthit_contract".
xcelium> xmsim: *E,TCLERR: invalid command name "backpressure_integrity".
xcelium> xmsim: *E,TCLERR: invalid command name "long_random".
xcelium> xmsim: *E,TCLERR: invalid command name "overflow_status".
xcelium> xmsim: *E,TCLERR: invalid command name "vip_maxhits_matrix".
xcelium> xmsim: *E,TCLERR: invalid command name "hard_reset_readback".
xcelium> xmsim: *E,TCLERR: invalid command name "cal_inject".
xcelium> xmsim: *E,TCLERR: invalid command name "multi_conv_rearm_stress".
xcelium> xmsim: *E,TCLERR: invalid command name "global_watchdog_recovery".
xcelium> xmsim: *E,TCLERR: invalid command name "csr_readback_control".
xcelium> xmsim: *E,TCLERR: invalid command name "stress_random".
xcelium> xmsim: *E,TCLERR: invalid command name "coverage_exhaustive".
xcelium> xmsim: *E,TCLERR: invalid command name "smoke_single_conv".
xcelium> xmsim: *E,TCLERR: invalid command name "firsthit_contract".
xcelium> xmsim: *E,TCLERR: invalid command name "vip_maxhits_matrix".
xcelium> xmsim: *E,TCLERR: invalid command name "vip_ref_stop_cdv".
xcelium> xmsim: *E,TCLERR: invalid command name "full_mode_timestamp".
xcelium> xmsim: *E,TCLERR: invalid command name "backpressure_integrity".
xcelium> xmsim: *E,TCLERR: invalid command name "cal_inject".
xcelium> xmsim: *E,TCLERR: invalid command name "start_watchdog".
xcelium> xmsim: *E,TCLERR: invalid command name "overflow_status".
xcelium> xmsim: *E,TCLERR: invalid command name "long_random".
xcelium> xmsim: *E,TCLERR: invalid command name "multi_conv_rearm_stress".
xcelium> xmsim: *E,TCLERR: invalid command name "csr_readback_control".
xcelium> xmsim: *E,TCLERR: invalid command name "stress_random".
xcelium> xmsim: *E,TCLERR: invalid command name "hard_reset_readback".
xcelium> xmsim: *E,TCLERR: invalid command name "global_watchdog_recovery".
xcelium> xmsim: *E,TCLERR: invalid command name "coverage_exhaustive".
xcelium> xmsim: *E,TCLERR: invalid command name "full_mode_timestamp".
xcelium> xmsim: *E,TCLERR: invalid command name "smoke_single_conv".
xcelium> xmsim: *E,TCLERR: invalid command name "vip_ref_stop_cdv".
xcelium> xmsim: *E,TCLERR: invalid command name "start_watchdog".
xcelium> xmsim: *E,TCLERR: invalid command name "vip_maxhits_matrix".
xcelium> xmsim: *E,TCLERR: invalid command name "firsthit_contract".
xcelium> xmsim: *E,TCLERR: invalid command name "backpressure_integrity".
xcelium> xmsim: *E,TCLERR: invalid command name "overflow_status".
xcelium> xmsim: *E,TCLERR: invalid command name "cal_inject".
xcelium> xmsim: *E,TCLERR: invalid command name "long_random".
xcelium> xmsim: *E,TCLERR: invalid command name "multi_conv_rearm_stress".
xcelium> xmsim: *E,TCLERR: invalid command name "global_watchdog_recovery".
xcelium> xmsim: *E,TCLERR: invalid command name "coverage_exhaustive".
xcelium> xmsim: *E,TCLERR: invalid command name "stress_random".
xcelium> xmsim: *E,TCLERR: invalid command name "csr_readback_control".
xcelium> xmsim: *E,TCLERR: invalid command name "hard_reset_readback".
xcelium> xmsim: *E,TCLERR: invalid command name "vip_ref_stop_cdv".
xcelium> xmsim: *E,TCLERR: invalid command name "smoke_single_conv".
xcelium> xmsim: *E,TCLERR: invalid command name "full_mode_timestamp".
xcelium> xmsim: *E,TCLERR: invalid command name "vip_maxhits_matrix".
xcelium> xmsim: *E,TCLERR: invalid command name "firsthit_contract".
xcelium> xmsim: *E,TCLERR: invalid command name "cal_inject".
xcelium> xmsim: *E,TCLERR: invalid command name "overflow_status".
xcelium> xmsim: *E,TCLERR: invalid command name "start_watchdog".
xcelium> xmsim: *E,TCLERR: invalid command name "backpressure_integrity".
xcelium> xmsim: *E,TCLERR: invalid command name "long_random".
xcelium> xmsim: *E,TCLERR: invalid command name "multi_conv_rearm_stress".
xcelium> xmsim: *E,TCLERR: invalid command name "coverage_exhaustive".
xcelium> xmsim: *E,TCLERR: invalid command name "hard_reset_readback".
xcelium> xmsim: *E,TCLERR: invalid command name "csr_readback_control".
xcelium> xmsim: *E,TCLERR: invalid command name "stress_random".
xcelium> xmsim: *E,TCLERR: invalid command name "global_watchdog_recovery".
xcelium> xmsim: *E,TCLERR: invalid command name "vip_ref_stop_cdv".
xcelium> xmsim: *E,TCLERR: invalid command name "vip_maxhits_matrix".
xcelium> xmsim: *E,TCLERR: invalid command name "smoke_single_conv".
xcelium> xmsim: *E,TCLERR: invalid command name "full_mode_timestamp".
xcelium> xmsim: *E,TCLERR: invalid command name "backpressure_integrity".
xcelium> xmsim: *E,TCLERR: invalid command name "start_watchdog".
xcelium> xmsim: *E,TCLERR: invalid command name "firsthit_contract".
xcelium> xmsim: *E,TCLERR: invalid command name "csr_readback_control".
xcelium> xmsim: *E,TCLERR: invalid command name "cal_inject".
xcelium> xmsim: *E,TCLERR: invalid command name "overflow_status".
xcelium> xmsim: *E,TCLERR: invalid command name "global_watchdog_recovery".
xcelium> xmsim: *E,TCLERR: invalid command name "long_random".
xcelium> xmsim: *E,TCLERR: invalid command name "stress_random".
xcelium> xmsim: *E,TCLERR: invalid command name "multi_conv_rearm_stress".
xcelium> xmsim: *E,TCLERR: invalid command name "hard_reset_readback".
xcelium> xmsim: *E,TCLERR: invalid command name "coverage_exhaustive".
xcelium> xmsim: *E,TCLERR: invalid command name "firsthit_contract".
xcelium> xmsim: *E,TCLERR: invalid command name "vip_ref_stop_cdv".
xcelium> xmsim: *E,TCLERR: invalid command name "vip_maxhits_matrix".
xcelium> xmsim: *E,TCLERR: invalid command name "full_mode_timestamp".
xcelium> xmsim: *E,TCLERR: invalid command name "smoke_single_conv".
xcelium> xmsim: *E,TCLERR: invalid command name "start_watchdog".
xcelium> xmsim: *E,TCLERR: invalid command name "backpressure_integrity".
xcelium> xmsim: *E,TCLERR: invalid command name "cal_inject".
xcelium> xmsim: *E,TCLERR: invalid command name "overflow_status".
xcelium> xmsim: *E,TCLERR: invalid command name "long_random".
xcelium> xmsim: *E,TCLERR: invalid command name "hard_reset_readback".
xcelium> xmsim: *E,TCLERR: invalid command name "global_watchdog_recovery".
xcelium> xmsim: *E,TCLERR: invalid command name "coverage_exhaustive".
xcelium> xmsim: *E,TCLERR: invalid command name "multi_conv_rearm_stress".
xcelium> xmsim: *E,TCLERR: invalid command name "csr_readback_control".
xcelium> xmsim: *E,TCLERR: invalid command name "vip_maxhits_matrix".
xcelium> xmsim: *E,TCLERR: invalid command name "vip_ref_stop_cdv".
xcelium> xmsim: *E,TCLERR: invalid command name "stress_random".
xcelium> xmsim: *E,TCLERR: invalid command name "smoke_single_conv".
xcelium> xmsim: *E,TCLERR: invalid command name "full_mode_timestamp".
xcelium> xmsim: *E,TCLERR: invalid command name "firsthit_contract".
xcelium> xmsim: *E,TCLERR: invalid command name "backpressure_integrity".
xcelium> xmsim: *E,TCLERR: invalid command name "start_watchdog".
xcelium> xmsim: *E,TCLERR: invalid command name "overflow_status".
xcelium> xmsim: *E,TCLERR: invalid command name "cal_inject".
xcelium> xmsim: *E,TCLERR: invalid command name "csr_readback_control".
xcelium> xmsim: *E,TCLERR: invalid command name "coverage_exhaustive".
xcelium> xmsim: *E,TCLERR: invalid command name "multi_conv_rearm_stress".
xcelium> xmsim: *E,TCLERR: invalid command name "stress_random".
xcelium> xmsim: *E,TCLERR: invalid command name "global_watchdog_recovery".
xcelium> xmsim: *E,TCLERR: invalid command name "hard_reset_readback".
xcelium> xmsim: *E,TCLERR: invalid command name "long_random".
xcelium> xmsim: *E,TCLERR: invalid command name "vip_ref_stop_cdv".
xcelium> xmsim: *E,TCLERR: invalid command name "vip_maxhits_matrix".
xcelium> xmsim: *E,TCLERR: invalid command name "smoke_single_conv".
xcelium> xmsim: *E,TCLERR: invalid command name "full_mode_timestamp".
xcelium> xmsim: *E,TCLERR: invalid command name "backpressure_integrity".
xcelium> xmsim: *E,TCLERR: invalid command name "start_watchdog".
xcelium> xmsim: *E,TCLERR: invalid command name "firsthit_contract".
xcelium> xmsim: *E,TCLERR: invalid command name "cal_inject".
xcelium> xmsim: *E,TCLERR: invalid command name "overflow_status".
xcelium> xmsim: *E,TCLERR: invalid command name "long_random".
xcelium> xmsim: *E,TCLERR: invalid command name "global_watchdog_recovery".
xcelium> xmsim: *E,TCLERR: invalid command name "multi_conv_rearm_stress".
xcelium> xmsim: *E,TCLERR: invalid command name "coverage_exhaustive".
xcelium> xmsim: *E,TCLERR: invalid command name "stress_random".
xcelium> xmsim: *E,TCLERR: invalid command name "hard_reset_readback".
xcelium> xmsim: *E,TCLERR: invalid command name "csr_readback_control".
xcelium> xmsim: *E,TCLERR: invalid command name "vip_maxhits_matrix".
xcelium> xmsim: *E,TCLERR: invalid command name "smoke_single_conv".
xcelium> xmsim: *E,TCLERR: invalid command name "full_mode_timestamp".
xcelium> xmsim: *E,TCLERR: invalid command name "vip_ref_stop_cdv".
xcelium> xmsim: *E,TCLERR: invalid command name "firsthit_contract".
xcelium> xmsim: *E,TCLERR: invalid command name "backpressure_integrity".
xcelium> xmsim: *E,TCLERR: invalid command name "start_watchdog".
xcelium> xmsim: *E,TCLERR: invalid command name "cal_inject".
xcelium> xmsim: *E,TCLERR: invalid command name "long_random".
xcelium> xmsim: *E,TCLERR: invalid command name "multi_conv_rearm_stress".
xcelium> xmsim: *E,TCLERR: invalid command name "overflow_status".
xcelium> xmsim: *E,TCLERR: invalid command name "hard_reset_readback".
xcelium> xmsim: *E,TCLERR: invalid command name "global_watchdog_recovery".
xcelium> xmsim: *E,TCLERR: invalid command name "coverage_exhaustive".
xcelium> xmsim: *E,TCLERR: invalid command name "csr_readback_control".
xcelium> xmsim: *E,TCLERR: invalid command name "full_mode_timestamp".
xcelium> xmsim: *E,TCLERR: invalid command name "hard_reset_readback".
xcelium> xmsim: *E,TCLERR: invalid command name "vip_maxhits_matrix".
xcelium> xmsim: *E,TCLERR: invalid command name "cal_inject".
xcelium> xmsim: *E,TCLERR: invalid command name "vip_ref_stop_cdv".
xcelium> xmsim: *E,TCLERR: invalid command name "stress_random".
xcelium> xmsim: *E,TCLERR: invalid command name "start_watchdog".
xcelium> xmsim: *E,TCLERR: invalid command name "smoke_single_conv".
xcelium> xmsim: *E,TCLERR: invalid command name "stress_random".
xcelium> xmsim: *E,TCLERR: invalid command name "csr_readback_control".
xcelium> xmsim: *E,TCLERR: invalid command name "backpressure_integrity".
xcelium> xmsim: *E,TCLERR: invalid command name "multi_conv_rearm_stress".
xcelium> xmsim: *E,TCLERR: invalid command name "long_random".
xcelium> xmsim: *E,TCLERR: invalid command name "coverage_exhaustive".
xcelium> xmsim: *E,TCLERR: invalid command name "global_watchdog_recovery".
xcelium> xmsim: *E,TCLERR: invalid command name "firsthit_contract".
xcelium> xmsim: *E,TCLERR: invalid command name "vip_ref_stop_cdv".
xcelium> xmsim: *E,TCLERR: invalid command name "overflow_status".
xcelium> xmsim: *E,TCLERR: invalid command name "vip_maxhits_matrix".
xcelium> xmsim: *E,TCLERR: invalid command name "firsthit_contract".
xcelium> xmsim: *E,TCLERR: invalid command name "smoke_single_conv".
xcelium> xmsim: *E,TCLERR: invalid command name "backpressure_integrity".
xcelium> xmsim: *E,TCLERR: invalid command name "start_watchdog".
xcelium> xmsim: *E,TCLERR: invalid command name "full_mode_timestamp".
xcelium> xmsim: *E,TCLERR: invalid command name "hard_reset_readback".
xcelium> xmsim: *E,TCLERR: invalid command name "global_watchdog_recovery".
xcelium> xmsim: *E,TCLERR: invalid command name "long_random".
xcelium> xmsim: *E,TCLERR: invalid command name "csr_readback_control".
xcelium> xmsim: *E,TCLERR: invalid command name "cal_inject".
xcelium> xmsim: *E,TCLERR: invalid command name "multi_conv_rearm_stress".
xcelium> xmsim: *E,TCLERR: invalid command name "overflow_status".
xcelium> xmsim: *E,TCLERR: invalid command name "coverage_exhaustive".
xcelium> xmsim: *E,TCLERR: invalid command name "smoke_single_conv".
xcelium> xmsim: *E,TCLERR: invalid command name "vip_ref_stop_cdv".
xcelium> xmsim: *E,TCLERR: invalid command name "overflow_status".
xcelium> xmsim: *E,TCLERR: invalid command name "firsthit_contract".
xcelium> xmsim: *E,TCLERR: invalid command name "vip_maxhits_matrix".
xcelium> xmsim: *E,TCLERR: invalid command name "cal_inject".
xcelium> xmsim: *E,TCLERR: invalid command name "start_watchdog".
xcelium> xmsim: *E,TCLERR: invalid command name "smoke_single_conv".
xcelium> xmsim: *E,TCLERR: invalid command name "multi_conv_rearm_stress".
xcelium> xmsim: *E,TCLERR: invalid command name "stress_random".
xcelium> xmsim: *E,TCLERR: invalid command name "full_mode_timestamp".
xcelium> xmsim: *E,TCLERR: invalid command name "long_random".
xcelium> xmsim: *E,TCLERR: invalid command name "full_mode_timestamp".
xcelium> xmsim: *E,TCLERR: invalid command name "vip_maxhits_matrix".
xcelium> xmsim: *E,TCLERR: invalid command name "coverage_exhaustive".
xcelium> xmsim: *E,TCLERR: invalid command name "hard_reset_readback".
xcelium> xmsim: *E,TCLERR: invalid command name "backpressure_integrity".
xcelium> xmsim: *E,TCLERR: invalid command name "global_watchdog_recovery".
xcelium> xmsim: *E,TCLERR: invalid command name "csr_readback_control".
xcelium> xmsim: *E,TCLERR: invalid command name "backpressure_integrity".
xcelium> xmsim: *E,TCLERR: invalid command name "vip_ref_stop_cdv".
xcelium> xmsim: *E,TCLERR: invalid command name "stress_random".
xcelium> xmsim: *E,TCLERR: invalid command name "start_watchdog".
xcelium> xmsim: *E,TCLERR: invalid command name "firsthit_contract".
xcelium> xmsim: *E,TCLERR: invalid command name "hard_reset_readback".
xcelium> xmsim: *E,TCLERR: invalid command name "overflow_status".
xcelium> xmsim: *E,TCLERR: invalid command name "coverage_exhaustive".
xcelium> xmsim: *E,TCLERR: invalid command name "cal_inject".
xcelium> xmsim: *E,TCLERR: invalid command name "multi_conv_rearm_stress".
xcelium> xmsim: *E,TCLERR: invalid command name "long_random".
xcelium> xmsim: *E,TCLERR: invalid command name "global_watchdog_recovery".
xcelium> xmsim: *E,TCLERR: invalid command name "csr_readback_control".
xcelium> xmsim: *E,TCLERR: invalid command name "vip_ref_stop_cdv".
xcelium> xmsim: *E,TCLERR: invalid command name "stress_random".
xcelium> xmsim: *E,TCLERR: invalid command name "smoke_single_conv".
xcelium> xmsim: *E,TCLERR: invalid command name "vip_maxhits_matrix".
xcelium> xmsim: *E,TCLERR: invalid command name "full_mode_timestamp".
xcelium> xmsim: *E,TCLERR: invalid command name "start_watchdog".
xcelium> xmsim: *E,TCLERR: invalid command name "overflow_status".
xcelium> xmsim: *E,TCLERR: invalid command name "cal_inject".
xcelium> xmsim: *E,TCLERR: invalid command name "global_watchdog_recovery".
xcelium> xmsim: *E,TCLERR: invalid command name "hard_reset_readback".
xcelium> xmsim: *E,TCLERR: invalid command name "stress_random".
xcelium> xmsim: *E,TCLERR: invalid command name "firsthit_contract".
xcelium> xmsim: *E,TCLERR: invalid command name "coverage_exhaustive".
xcelium> xmsim: *E,TCLERR: invalid command name "multi_conv_rearm_stress".
xcelium> xmsim: *E,TCLERR: invalid command name "backpressure_integrity".
xcelium> xmsim: *E,TCLERR: invalid command name "vip_ref_stop_cdv".
xcelium> xmsim: *E,TCLERR: invalid command name "long_random".
xcelium> xmsim: *E,TCLERR: invalid command name "csr_readback_control".
xcelium> xmsim: *E,TCLERR: invalid command name "smoke_single_conv".
xcelium> xmsim: *E,TCLERR: invalid command name "backpressure_integrity".
xcelium> xmsim: *E,TCLERR: invalid command name "vip_maxhits_matrix".
xcelium> xmsim: *E,TCLERR: invalid command name "start_watchdog".
xcelium> xmsim: *E,TCLERR: invalid command name "firsthit_contract".
xcelium> xmsim: *E,TCLERR: invalid command name "full_mode_timestamp".
xcelium> xmsim: *E,TCLERR: invalid command name "coverage_exhaustive".
xcelium> xmsim: *E,TCLERR: invalid command name "hard_reset_readback".
xcelium> xmsim: *E,TCLERR: invalid command name "overflow_status".
xcelium> xmsim: *E,TCLERR: invalid command name "long_random".
xcelium> xmsim: *E,TCLERR: invalid command name "csr_readback_control".
xcelium> xmsim: *E,TCLERR: invalid command name "global_watchdog_recovery".
xcelium> xmsim: *E,TCLERR: invalid command name "multi_conv_rearm_stress".
xcelium> xmsim: *E,TCLERR: invalid command name "cal_inject".
xcelium> xmsim: *E,TCLERR: invalid command name "stress_random".
xcelium> xmsim: *E,TCLERR: invalid command name "vip_ref_stop_cdv".
xcelium> xmsim: *E,TCLERR: invalid command name "vip_maxhits_matrix".
xcelium> xmsim: *E,TCLERR: invalid command name "full_mode_timestamp".
xcelium> xmsim: *E,TCLERR: invalid command name "smoke_single_conv".
xcelium> xmsim: *E,TCLERR: invalid command name "firsthit_contract".
xcelium> xmsim: *E,TCLERR: invalid command name "start_watchdog".
xcelium> xmsim: *E,TCLERR: invalid command name "backpressure_integrity".
xcelium> xmsim: *E,TCLERR: invalid command name "multi_conv_rearm_stress".
xcelium> xmsim: *E,TCLERR: invalid command name "global_watchdog_recovery".
xcelium> xmsim: *E,TCLERR: invalid command name "vip_ref_stop_cdv".
xcelium> xmsim: *E,TCLERR: invalid command name "long_random".
xcelium> xmsim: *E,TCLERR: invalid command name "overflow_status".
xcelium> xmsim: *E,TCLERR: invalid command name "coverage_exhaustive".
xcelium> xmsim: *E,TCLERR: invalid command name "csr_readback_control".
xcelium> xmsim: *E,TCLERR: invalid command name "hard_reset_readback".
xcelium> xmsim: *E,TCLERR: invalid command name "cal_inject".
xcelium> xmsim: *E,TCLERR: invalid command name "stress_random".
xcelium> xmsim: *E,TCLERR: invalid command name "firsthit_contract".
xcelium> xmsim: *E,TCLERR: invalid command name "vip_maxhits_matrix".
xcelium> xmsim: *E,TCLERR: invalid command name "full_mode_timestamp".
xcelium> xmsim: *E,TCLERR: invalid command name "start_watchdog".
xcelium> xmsim: *E,TCLERR: invalid command name "smoke_single_conv".
xcelium> xmsim: *E,TCLERR: invalid command name "backpressure_integrity".
xcelium> xmsim: *E,TCLERR: invalid command name "global_watchdog_recovery".
xcelium> xmsim: *E,TCLERR: invalid command name "long_random".
xcelium> xmsim: *E,TCLERR: invalid command name "csr_readback_control".
xcelium> xmsim: *E,TCLERR: invalid command name "cal_inject".
xcelium> xmsim: *E,TCLERR: invalid command name "overflow_status".
xcelium> xmsim: *E,TCLERR: invalid command name "coverage_exhaustive".
xcelium> xmsim: *E,TCLERR: invalid command name "multi_conv_rearm_stress".
xcelium> xmsim: *E,TCLERR: invalid command name "hard_reset_readback".
xcelium> xmsim: *E,TCLERR: invalid command name "smoke_single_conv".
xcelium> xmsim: *E,TCLERR: invalid command name "stress_random".
xcelium> xmsim: *E,TCLERR: invalid command name "vip_ref_stop_cdv".
xcelium> xmsim: *E,TCLERR: invalid command name "backpressure_integrity".
xcelium> xmsim: *E,TCLERR: invalid command name "vip_maxhits_matrix".
xcelium> xmsim: *E,TCLERR: invalid command name "firsthit_contract".
xcelium> xmsim: *E,TCLERR: invalid command name "multi_conv_rearm_stress".
xcelium> xmsim: *E,TCLERR: invalid command name "csr_readback_control".
xcelium> xmsim: *E,TCLERR: invalid command name "full_mode_timestamp".
xcelium> xmsim: *E,TCLERR: invalid command name "long_random".
xcelium> xmsim: *E,TCLERR: invalid command name "hard_reset_readback".
xcelium> xmsim: *E,TCLERR: invalid command name "stress_random".
xcelium> xmsim: *E,TCLERR: invalid command name "overflow_status".
xcelium> xmsim: *E,TCLERR: invalid command name "start_watchdog".
xcelium> xmsim: *E,TCLERR: invalid command name "cal_inject".
xcelium> xmsim: *E,TCLERR: invalid command name "global_watchdog_recovery".
xcelium> xmsim: *E,TCLERR: invalid command name "coverage_exhaustive".
xcelium> xmsim: *E,TCLERR: invalid command name "vip_ref_stop_cdv".
xcelium> xmsim: *E,TCLERR: invalid command name "vip_maxhits_matrix".
xcelium> xmsim: *E,TCLERR: invalid command name "smoke_single_conv".
xcelium> xmsim: *E,TCLERR: invalid command name "full_mode_timestamp".
xcelium> xmsim: *E,TCLERR: invalid command name "backpressure_integrity".
xcelium> xmsim: *E,TCLERR: invalid command name "cal_inject".
xcelium> xmsim: *E,TCLERR: invalid command name "firsthit_contract".
xcelium> xmsim: *E,TCLERR: invalid command name "overflow_status".
xcelium> xmsim: *E,TCLERR: invalid command name "multi_conv_rearm_stress".
xcelium> xmsim: *E,TCLERR: invalid command name "hard_reset_readback".
xcelium> xmsim: *E,TCLERR: invalid command name "long_random".
xcelium> xmsim: *E,TCLERR: invalid command name "start_watchdog".
xcelium> xmsim: *E,TCLERR: invalid command name "global_watchdog_recovery".
xcelium> xmsim: *E,TCLERR: invalid command name "csr_readback_control".
xcelium> xmsim: *E,TCLERR: invalid command name "coverage_exhaustive".
xcelium> xmsim: *E,TCLERR: invalid command name "stress_random".
xcelium> xmsim: *E,TCLERR: invalid command name "smoke_single_conv".
xcelium> xmsim: *E,TCLERR: invalid command name "full_mode_timestamp".
xcelium> xmsim: *E,TCLERR: invalid command name "firsthit_contract".
xcelium> xmsim: *E,TCLERR: invalid command name "vip_ref_stop_cdv".
xcelium> xmsim: *E,TCLERR: invalid command name "vip_maxhits_matrix".
xcelium> xmsim: *E,TCLERR: invalid command name "start_watchdog".
xcelium> xmsim: *E,TCLERR: invalid command name "csr_readback_control".
xcelium> xmsim: *E,TCLERR: invalid command name "backpressure_integrity".
xcelium> xmsim: *E,TCLERR: invalid command name "multi_conv_rearm_stress".
xcelium> xmsim: *E,TCLERR: invalid command name "hard_reset_readback".
xcelium> xmsim: *E,TCLERR: invalid command name "long_random".
xcelium> xmsim: *E,TCLERR: invalid command name "cal_inject".
xcelium> xmsim: *E,TCLERR: invalid command name "global_watchdog_recovery".
xcelium> xmsim: *E,TCLERR: invalid command name "vip_ref_stop_cdv".
xcelium> xmsim: *E,TCLERR: invalid command name "overflow_status".
xcelium> xmsim: *E,TCLERR: invalid command name "stress_random".
xcelium> xmsim: *E,TCLERR: invalid command name "coverage_exhaustive".
xcelium> xmsim: *E,TCLERR: invalid command name "vip_maxhits_matrix".
xcelium> xmsim: *E,TCLERR: invalid command name "full_mode_timestamp".
xcelium> xmsim: *E,TCLERR: invalid command name "smoke_single_conv".
xcelium> xmsim: *E,TCLERR: invalid command name "backpressure_integrity".
xcelium> xmsim: *E,TCLERR: invalid command name "multi_conv_rearm_stress".
xcelium> xmsim: *E,TCLERR: invalid command name "cal_inject".
xcelium> xmsim: *E,TCLERR: invalid command name "long_random".
xcelium> xmsim: *E,TCLERR: invalid command name "start_watchdog".
xcelium> xmsim: *E,TCLERR: invalid command name "csr_readback_control".
xcelium> xmsim: *E,TCLERR: invalid command name "overflow_status".
xcelium> xmsim: *E,TCLERR: invalid command name "firsthit_contract".
xcelium> xmsim: *E,TCLERR: invalid command name "global_watchdog_recovery".
xcelium> xmsim: *E,TCLERR: invalid command name "hard_reset_readback".
xcelium> xmsim: *E,TCLERR: invalid command name "coverage_exhaustive".
xcelium> xmsim: *E,TCLERR: invalid command name "stress_random".
xcelium> xmsim: *E,TCLERR: invalid command name "vip_ref_stop_cdv".
xcelium> xmsim: *E,TCLERR: invalid command name "vip_maxhits_matrix".
xcelium> xmsim: *E,TCLERR: invalid command name "full_mode_timestamp".
xcelium> xmsim: *E,TCLERR: invalid command name "firsthit_contract".
xcelium> xmsim: *E,TCLERR: invalid command name "smoke_single_conv".
xcelium> xmsim: *E,TCLERR: invalid command name "global_watchdog_recovery".
xcelium> xmsim: *E,TCLERR: invalid command name "overflow_status".
xcelium> xmsim: *E,TCLERR: invalid command name "long_random".
xcelium> xmsim: *E,TCLERR: invalid command name "cal_inject".
xcelium> xmsim: *E,TCLERR: invalid command name "backpressure_integrity".
xcelium> xmsim: *E,TCLERR: invalid command name "start_watchdog".
xcelium> xmsim: *E,TCLERR: invalid command name "csr_readback_control".
xcelium> xmsim: *E,TCLERR: invalid command name "multi_conv_rearm_stress".
xcelium> xmsim: *E,TCLERR: invalid command name "smoke_single_conv".
xcelium> xmsim: *E,TCLERR: invalid command name "hard_reset_readback".
xcelium> xmsim: *E,TCLERR: invalid command name "coverage_exhaustive".
xcelium> xmsim: *E,TCLERR: invalid command name "vip_ref_stop_cdv".
xcelium> xmsim: *E,TCLERR: invalid command name "stress_random".
xcelium> xmsim: *E,TCLERR: invalid command name "vip_maxhits_matrix".
xcelium> xmsim: *E,TCLERR: invalid command name "full_mode_timestamp".
xcelium> xmsim: *E,TCLERR: invalid command name "overflow_status".
xcelium> xmsim: *E,TCLERR: invalid command name "firsthit_contract".
xcelium> xmsim: *E,TCLERR: invalid command name "start_watchdog".
xcelium> xmsim: *E,TCLERR: invalid command name "backpressure_integrity".
xcelium> xmsim: *E,TCLERR: invalid command name "csr_readback_control".
xcelium> xmsim: *E,TCLERR: invalid command name "long_random".
xcelium> xmsim: *E,TCLERR: invalid command name "cal_inject".
xcelium> xmsim: *E,TCLERR: invalid command name "hard_reset_readback".
xcelium> xmsim: *E,TCLERR: invalid command name "multi_conv_rearm_stress".
xcelium> xmsim: *E,TCLERR: invalid command name "global_watchdog_recovery".
xcelium> xmsim: *E,TCLERR: invalid command name "coverage_exhaustive".
xcelium> xmsim: *E,TCLERR: invalid command name "stress_random".
xcelium> xmsim: *E,TCLERR: invalid command name "vip_ref_stop_cdv".
xcelium> xmsim: *E,TCLERR: invalid command name "vip_maxhits_matrix".
xcelium> xmsim: *E,TCLERR: invalid command name "full_mode_timestamp".
xcelium> xmsim: *E,TCLERR: invalid command name "firsthit_contract".
xcelium> xmsim: *E,TCLERR: invalid command name "smoke_single_conv".
xcelium> xmsim: *E,TCLERR: invalid command name "start_watchdog".
xcelium> xmsim: *E,TCLERR: invalid command name "backpressure_integrity".
xcelium> xmsim: *E,TCLERR: invalid command name "cal_inject".
xcelium> xmsim: *E,TCLERR: invalid command name "overflow_status".
xcelium> xmsim: *E,TCLERR: invalid command name "long_random".
xcelium> xmsim: *E,TCLERR: invalid command name "multi_conv_rearm_stress".
xcelium> xmsim: *E,TCLERR: invalid command name "global_watchdog_recovery".
xcelium> xmsim: *E,TCLERR: invalid command name "csr_readback_control".
xcelium> xmsim: *E,TCLERR: invalid command name "coverage_exhaustive".
xcelium> xmsim: *E,TCLERR: invalid command name "vip_ref_stop_cdv".
xcelium> xmsim: *E,TCLERR: invalid command name "stress_random".
xcelium> xmsim: *E,TCLERR: invalid command name "hard_reset_readback".
xcelium> xmsim: *E,TCLERR: invalid command name "vip_maxhits_matrix".
xcelium> xmsim: *E,TCLERR: invalid command name "backpressure_integrity".
xcelium> xmsim: *E,TCLERR: invalid command name "smoke_single_conv".
xcelium> xmsim: *E,TCLERR: invalid command name "start_watchdog".
xcelium> xmsim: *E,TCLERR: invalid command name "full_mode_timestamp".
xcelium> xmsim: *E,TCLERR: invalid command name "multi_conv_rearm_stress".
xcelium> xmsim: *E,TCLERR: invalid command name "cal_inject".
xcelium> xmsim: *E,TCLERR: invalid command name "firsthit_contract".
xcelium> xmsim: *E,TCLERR: invalid command name "global_watchdog_recovery".
xcelium> xmsim: *E,TCLERR: invalid command name "overflow_status".
xcelium> xmsim: *E,TCLERR: invalid command name "long_random".
xcelium> xmsim: *E,TCLERR: invalid command name "coverage_exhaustive".
xcelium> xmsim: *E,TCLERR: invalid command name "csr_readback_control".
xcelium> xmsim: *E,TCLERR: invalid command name "stress_random".
xcelium> xmsim: *E,TCLERR: invalid command name "hard_reset_readback".
xcelium> xmsim: *E,TCLERR: invalid command name "vip_ref_stop_cdv".
xcelium> xmsim: *E,TCLERR: invalid command name "vip_maxhits_matrix".
xcelium> xmsim: *E,TCLERR: invalid command name "smoke_single_conv".
xcelium> xmsim: *E,TCLERR: invalid command name "full_mode_timestamp".
xcelium> xmsim: *E,TCLERR: invalid command name "firsthit_contract".
xcelium> xmsim: *E,TCLERR: invalid command name "start_watchdog".
xcelium> xmsim: *E,TCLERR: invalid command name "cal_inject".
xcelium> xmsim: *E,TCLERR: invalid command name "backpressure_integrity".
xcelium> xmsim: *E,TCLERR: invalid command name "overflow_status".
xcelium> xmsim: *E,TCLERR: invalid command name "global_watchdog_recovery".
xcelium> xmsim: *E,TCLERR: invalid command name "multi_conv_rearm_stress".
xcelium> xmsim: *E,TCLERR: invalid command name "long_random".
xcelium> xmsim: *E,TCLERR: invalid command name "csr_readback_control".
xcelium> xmsim: *E,TCLERR: invalid command name "hard_reset_readback".
xcelium> xmsim: *E,TCLERR: invalid command name "coverage_exhaustive".
xcelium> xmsim: *E,TCLERR: invalid command name "global_watchdog_recovery".
xcelium> xmsim: *E,TCLERR: invalid command name "firsthit_contract".
xcelium> xmsim: *E,TCLERR: invalid command name "cal_inject".
xcelium> xmsim: *E,TCLERR: invalid command name "vip_maxhits_matrix".
xcelium> xmsim: *E,TCLERR: invalid command name "long_random".
xcelium> xmsim: *E,TCLERR: invalid command name "vip_ref_stop_cdv".
xcelium> xmsim: *E,TCLERR: invalid command name "start_watchdog".
xcelium> xmsim: *E,TCLERR: invalid command name "backpressure_integrity".
xcelium> xmsim: *E,TCLERR: invalid command name "hard_reset_readback".
xcelium> xmsim: *E,TCLERR: invalid command name "stress_random".
xcelium> xmsim: *E,TCLERR: invalid command name "full_mode_timestamp".
xcelium> xmsim: *E,TCLERR: invalid command name "stress_random".
xcelium> xmsim: *E,TCLERR: invalid command name "overflow_status".
xcelium> xmsim: *E,TCLERR: invalid command name "smoke_single_conv".
xcelium> xmsim: *E,TCLERR: invalid command name "coverage_exhaustive".
xcelium> xmsim: *E,TCLERR: invalid command name "csr_readback_control".
xcelium> xmsim: *E,TCLERR: invalid command name "vip_maxhits_matrix".
xcelium> xmsim: *E,TCLERR: invalid command name "multi_conv_rearm_stress".
xcelium> xmsim: *E,TCLERR: invalid command name "vip_ref_stop_cdv".
xcelium> xmsim: *E,TCLERR: invalid command name "smoke_single_conv".
xcelium> xmsim: *E,TCLERR: invalid command name "full_mode_timestamp".
xcelium> xmsim: *E,TCLERR: invalid command name "firsthit_contract".
xcelium> xmsim: *E,TCLERR: invalid command name "overflow_status".
xcelium> xmsim: *E,TCLERR: invalid command name "cal_inject".
xcelium> xmsim: *E,TCLERR: invalid command name "start_watchdog".
xcelium> xmsim: *E,TCLERR: invalid command name "backpressure_integrity".
xcelium> xmsim: *E,TCLERR: invalid command name "long_random".
xcelium> xmsim: *E,TCLERR: invalid command name "multi_conv_rearm_stress".
xcelium> xmsim: *E,TCLERR: invalid command name "global_watchdog_recovery".
xcelium> xmsim: *E,TCLERR: invalid command name "hard_reset_readback".
xcelium> xmsim: *E,TCLERR: invalid command name "csr_readback_control".
xcelium> xmsim: *E,TCLERR: invalid command name "coverage_exhaustive".
xcelium> xmsim: *E,TCLERR: invalid command name "vip_ref_stop_cdv".
xcelium> xmsim: *E,TCLERR: invalid command name "cal_inject".
xcelium> xmsim: *E,TCLERR: invalid command name "stress_random".
xcelium> xmsim: *E,TCLERR: invalid command name "full_mode_timestamp".
xcelium> xmsim: *E,TCLERR: invalid command name "start_watchdog".
xcelium> xmsim: *E,TCLERR: invalid command name "vip_maxhits_matrix".
xcelium> xmsim: *E,TCLERR: invalid command name "smoke_single_conv".
xcelium> xmsim: *E,TCLERR: invalid command name "backpressure_integrity".
xcelium> xmsim: *E,TCLERR: invalid command name "overflow_status".
xcelium> xmsim: *E,TCLERR: invalid command name "firsthit_contract".
xcelium> xmsim: *E,TCLERR: invalid command name "long_random".
xcelium> xmsim: *E,TCLERR: invalid command name "stress_random".
xcelium> xmsim: *E,TCLERR: invalid command name "global_watchdog_recovery".
xcelium> xmsim: *E,TCLERR: invalid command name "csr_readback_control".
xcelium> xmsim: *E,TCLERR: invalid command name "hard_reset_readback".
xcelium> xmsim: *E,TCLERR: invalid command name "coverage_exhaustive".
xcelium> xmsim: *E,TCLERR: invalid command name "multi_conv_rearm_stress".
xcelium> xmsim: *E,TCLERR: invalid command name "vip_maxhits_matrix".
xcelium> xmsim: *E,TCLERR: invalid command name "vip_ref_stop_cdv".
xcelium> xmsim: *E,TCLERR: invalid command name "full_mode_timestamp".
xcelium> xmsim: *E,TCLERR: invalid command name "smoke_single_conv".
xcelium> xmsim: *E,TCLERR: invalid command name "firsthit_contract".
xcelium> xmsim: *E,TCLERR: invalid command name "cal_inject".
xcelium> xmsim: *E,TCLERR: invalid command name "backpressure_integrity".
xcelium> xmsim: *E,TCLERR: invalid command name "overflow_status".
xcelium> xmsim: *E,TCLERR: invalid command name "start_watchdog".
xcelium> xmsim: *E,TCLERR: invalid command name "long_random".
xcelium> xmsim: *E,TCLERR: invalid command name "multi_conv_rearm_stress".
xcelium> xmsim: *E,TCLERR: invalid command name "global_watchdog_recovery".
xcelium> xmsim: *E,TCLERR: invalid command name "csr_readback_control".
xcelium> xmsim: *E,TCLERR: invalid command name "hard_reset_readback".
xcelium> xmsim: *E,TCLERR: invalid command name "stress_random".
xcelium> xmsim: *E,TCLERR: invalid command name "coverage_exhaustive".
xcelium> xmsim: *E,TCLERR: invalid command name "vip_maxhits_matrix".
xcelium> xmsim: *E,TCLERR: invalid command name "vip_ref_stop_cdv".
xcelium> xmsim: *E,TCLERR: invalid command name "smoke_single_conv".
xcelium> xmsim: *E,TCLERR: invalid command name "full_mode_timestamp".
xcelium> xmsim: *E,TCLERR: invalid command name "start_watchdog".
xcelium> xmsim: *E,TCLERR: invalid command name "coverage_exhaustive".
xcelium> xmsim: *E,TCLERR: invalid command name "long_random".
xcelium> xmsim: *E,TCLERR: invalid command name "multi_conv_rearm_stress".
xcelium> xmsim: *E,TCLERR: invalid command name "vip_ref_stop_cdv".
xcelium> xmsim: *E,TCLERR: invalid command name "global_watchdog_recovery".
xcelium> xmsim: *E,TCLERR: invalid command name "overflow_status".
xcelium> xmsim: *E,TCLERR: invalid command name "hard_reset_readback".
xcelium> xmsim: *E,TCLERR: invalid command name "cal_inject".
xcelium> xmsim: *E,TCLERR: invalid command name "backpressure_integrity".
xcelium> xmsim: *E,TCLERR: invalid command name "multi_conv_rearm_stress".
xcelium> xmsim: *E,TCLERR: invalid command name "stress_random".
xcelium> xmsim: *E,TCLERR: invalid command name "firsthit_contract".
xcelium> xmsim: *E,TCLERR: invalid command name "csr_readback_control".
xcelium> xmsim: *E,TCLERR: invalid command name "vip_maxhits_matrix".
xcelium> xmsim: *E,TCLERR: invalid command name "full_mode_timestamp".
xcelium> xmsim: *E,TCLERR: invalid command name "smoke_single_conv".
xcelium> xmsim: *E,TCLERR: invalid command name "cal_inject".
xcelium> xmsim: *E,TCLERR: invalid command name "global_watchdog_recovery".
xcelium> xmsim: *E,TCLERR: invalid command name "backpressure_integrity".
xcelium> xmsim: *E,TCLERR: invalid command name "long_random".
xcelium> xmsim: *E,TCLERR: invalid command name "firsthit_contract".
xcelium> xmsim: *E,TCLERR: invalid command name "overflow_status".
xcelium> xmsim: *E,TCLERR: invalid command name "start_watchdog".
xcelium> xmsim: *E,TCLERR: invalid command name "vip_ref_stop_cdv".
xcelium> xmsim: *E,TCLERR: invalid command name "coverage_exhaustive".
xcelium> xmsim: *E,TCLERR: invalid command name "stress_random".
xcelium> xmsim: *E,TCLERR: invalid command name "hard_reset_readback".
xcelium> xmsim: *E,TCLERR: invalid command name "csr_readback_control".
xcelium> xmsim: *E,TCLERR: invalid command name "start_watchdog".
xcelium> xmsim: *E,TCLERR: invalid command name "smoke_single_conv".
xcelium> xmsim: *E,TCLERR: invalid command name "firsthit_contract".
xcelium> xmsim: *E,TCLERR: invalid command name "overflow_status".
xcelium> xmsim: *E,TCLERR: invalid command name "full_mode_timestamp".
xcelium> xmsim: *E,TCLERR: invalid command name "full_mode_timestamp".
xcelium> xmsim: *E,TCLERR: invalid command name "global_watchdog_recovery".
xcelium> xmsim: *E,TCLERR: invalid command name "long_random".
xcelium> xmsim: *E,TCLERR: invalid command name "vip_ref_stop_cdv".
xcelium> xmsim: *E,TCLERR: invalid command name "start_watchdog".
xcelium> xmsim: *E,TCLERR: invalid command name "vip_maxhits_matrix".
xcelium> xmsim: *E,TCLERR: invalid command name "cal_inject".
xcelium> xmsim: *E,TCLERR: invalid command name "long_random".
xcelium> xmsim: *E,TCLERR: invalid command name "multi_conv_rearm_stress".
xcelium> xmsim: *E,TCLERR: invalid command name "backpressure_integrity".
xcelium> xmsim: *E,TCLERR: invalid command name "coverage_exhaustive".
xcelium> xmsim: *E,TCLERR: invalid command name "overflow_status".
xcelium> xmsim: *E,TCLERR: invalid command name "smoke_single_conv".
xcelium> xmsim: *E,TCLERR: invalid command name "global_watchdog_recovery".
xcelium> xmsim: *E,TCLERR: invalid command name "csr_readback_control".
xcelium> xmsim: *E,TCLERR: invalid command name "vip_maxhits_matrix".
xcelium> xmsim: *E,TCLERR: invalid command name "stress_random".
xcelium> xmsim: *E,TCLERR: invalid command name "hard_reset_readback".
xcelium> xmsim: *E,TCLERR: invalid command name "cal_inject".
xcelium> xmsim: *E,TCLERR: invalid command name "backpressure_integrity".
xcelium> xmsim: *E,TCLERR: invalid command name "firsthit_contract".
xcelium> xmsim: *E,TCLERR: invalid command name "multi_conv_rearm_stress".
xcelium> xmsim: *E,TCLERR: invalid command name "coverage_exhaustive".
xcelium> xmsim: *E,TCLERR: invalid command name "vip_ref_stop_cdv".
xcelium> xmsim: *E,TCLERR: invalid command name "csr_readback_control".
xcelium> xmsim: *E,TCLERR: invalid command name "hard_reset_readback".
xcelium> xmsim: *E,TCLERR: invalid command name "stress_random".
xcelium> xmsim: *E,TCLERR: invalid command name "cal_inject".
xcelium> xmsim: *E,TCLERR: invalid command name "global_watchdog_recovery".
xcelium> xmsim: *E,TCLERR: invalid command name "vip_maxhits_matrix".
xcelium> xmsim: *E,TCLERR: invalid command name "hard_reset_readback".
xcelium> xmsim: *E,TCLERR: invalid command name "long_random".
xcelium> xmsim: *E,TCLERR: invalid command name "backpressure_integrity".
xcelium> xmsim: *E,TCLERR: invalid command name "full_mode_timestamp".
xcelium> xmsim: *E,TCLERR: invalid command name "csr_readback_control".
xcelium> xmsim: *E,TCLERR: invalid command name "firsthit_contract".
xcelium> xmsim: *E,TCLERR: invalid command name "start_watchdog".
xcelium> xmsim: *E,TCLERR: invalid command name "smoke_single_conv".
xcelium> xmsim: *E,TCLERR: invalid command name "vip_maxhits_matrix".
xcelium> xmsim: *E,TCLERR: invalid command name "backpressure_integrity".
xcelium> xmsim: *E,TCLERR: invalid command name "smoke_single_conv".
xcelium> xmsim: *E,TCLERR: invalid command name "multi_conv_rearm_stress".
xcelium> xmsim: *E,TCLERR: invalid command name "full_mode_timestamp".
xcelium> xmsim: *E,TCLERR: invalid command name "overflow_status".
xcelium> xmsim: *E,TCLERR: invalid command name "firsthit_contract".
xcelium> xmsim: *E,TCLERR: invalid command name "coverage_exhaustive".
xcelium> xmsim: *E,TCLERR: invalid command name "start_watchdog".
xcelium> xmsim: *E,TCLERR: invalid command name "overflow_status".
xcelium> xmsim: *E,TCLERR: invalid command name "long_random".
xcelium> xmsim: *E,TCLERR: invalid command name "cal_inject".
xcelium> xmsim: *E,TCLERR: invalid command name "multi_conv_rearm_stress".
xcelium> xmsim: *E,TCLERR: invalid command name "stress_random".
xcelium> xmsim: *E,TCLERR: invalid command name "vip_ref_stop_cdv".
xcelium> xmsim: *E,TCLERR: invalid command name "global_watchdog_recovery".
xcelium> xmsim: *E,TCLERR: invalid command name "csr_readback_control".
xcelium> xmsim: *E,TCLERR: invalid command name "hard_reset_readback".
xcelium> xmsim: *E,TCLERR: invalid command name "vip_ref_stop_cdv".
xcelium> xmsim: *E,TCLERR: invalid command name "stress_random".
xcelium> xmsim: *E,TCLERR: invalid command name "coverage_exhaustive".
xcelium> xmsim: *E,TCLERR: invalid command name "vip_maxhits_matrix".
xcelium> xmsim: *E,TCLERR: invalid command name "smoke_single_conv".
xcelium> xmsim: *E,TCLERR: invalid command name "start_watchdog".
xcelium> xmsim: *E,TCLERR: invalid command name "backpressure_integrity".
xcelium> xmsim: *E,TCLERR: invalid command name "full_mode_timestamp".
xcelium> xmsim: *E,TCLERR: invalid command name "cal_inject".
xcelium> xmsim: *E,TCLERR: invalid command name "firsthit_contract".
xcelium> xmsim: *E,TCLERR: invalid command name "overflow_status".
xcelium> xmsim: *E,TCLERR: invalid command name "csr_readback_control".
xcelium> xmsim: *E,TCLERR: invalid command name "global_watchdog_recovery".
xcelium> xmsim: *E,TCLERR: invalid command name "vip_maxhits_matrix".
xcelium> xmsim: *E,TCLERR: invalid command name "backpressure_integrity".
xcelium> xmsim: *E,TCLERR: invalid command name "multi_conv_rearm_stress".
xcelium> xmsim: *E,TCLERR: invalid command name "firsthit_contract".
xcelium> xmsim: *E,TCLERR: invalid command name "start_watchdog".
xcelium> xmsim: *E,TCLERR: invalid command name "vip_ref_stop_cdv".
xcelium> xmsim: *E,TCLERR: invalid command name "full_mode_timestamp".
xcelium> xmsim: *E,TCLERR: invalid command name "long_random".
xcelium> xmsim: *E,TCLERR: invalid command name "cal_inject".
xcelium> xmsim: *E,TCLERR: invalid command name "coverage_exhaustive".
xcelium> xmsim: *E,TCLERR: invalid command name "hard_reset_readback".
xcelium> xmsim: *E,TCLERR: invalid command name "stress_random".
xcelium> xmsim: *E,TCLERR: invalid command name "smoke_single_conv".
xcelium> xmsim: *E,TCLERR: invalid command name "hard_reset_readback".
xcelium> xmsim: *E,TCLERR: invalid command name "long_random".
xcelium> xmsim: *E,TCLERR: invalid command name "global_watchdog_recovery".
xcelium> xmsim: *E,TCLERR: invalid command name "overflow_status".
xcelium> xmsim: *E,TCLERR: invalid command name "multi_conv_rearm_stress".
xcelium> xmsim: *E,TCLERR: invalid command name "csr_readback_control".
xcelium> xmsim: *E,TCLERR: invalid command name "stress_random".
xcelium> xmsim: *E,TCLERR: invalid command name "vip_ref_stop_cdv".
xcelium> xmsim: *E,TCLERR: invalid command name "coverage_exhaustive".
xcelium> xmsim: *E,TCLERR: invalid command name "vip_maxhits_matrix".
xcelium> xmsim: *E,TCLERR: invalid command name "smoke_single_conv".
xcelium> xmsim: *E,TCLERR: invalid command name "full_mode_timestamp".
xcelium> xmsim: *E,TCLERR: invalid command name "firsthit_contract".
xcelium> xmsim: *E,TCLERR: invalid command name "backpressure_integrity".
xcelium> xmsim: *E,TCLERR: invalid command name "start_watchdog".
xcelium> xmsim: *E,TCLERR: invalid command name "cal_inject".
xcelium> xmsim: *E,TCLERR: invalid command name "overflow_status".
xcelium> xmsim: *E,TCLERR: invalid command name "hard_reset_readback".
xcelium> xmsim: *E,TCLERR: invalid command name "smoke_single_conv".
xcelium> xmsim: *E,TCLERR: invalid command name "coverage_exhaustive".
xcelium> xmsim: *E,TCLERR: invalid command name "long_random".
xcelium> xmsim: *E,TCLERR: invalid command name "vip_ref_stop_cdv".
xcelium> xmsim: *E,TCLERR: invalid command name "hard_reset_readback".
xcelium> xmsim: *E,TCLERR: invalid command name "cal_inject".
xcelium> xmsim: *E,TCLERR: invalid command name "full_mode_timestamp".
xcelium> xmsim: *E,TCLERR: invalid command name "global_watchdog_recovery".
xcelium> xmsim: *E,TCLERR: invalid command name "stress_random".
xcelium> xmsim: *E,TCLERR: invalid command name "overflow_status".
xcelium> xmsim: *E,TCLERR: invalid command name "multi_conv_rearm_stress".
xcelium> xmsim: *E,TCLERR: invalid command name "csr_readback_control".
xcelium> xmsim: *E,TCLERR: invalid command name "coverage_exhaustive".
xcelium> xmsim: *E,TCLERR: invalid command name "global_watchdog_recovery".
xcelium> xmsim: *E,TCLERR: invalid command name "stress_random".
xcelium> xmsim: *E,TCLERR: invalid command name "start_watchdog".
xcelium> xmsim: *E,TCLERR: invalid command name "multi_conv_rearm_stress".
xcelium> xmsim: *E,TCLERR: invalid command name "firsthit_contract".
xcelium> xmsim: *E,TCLERR: invalid command name "vip_maxhits_matrix".
xcelium> xmsim: *E,TCLERR: invalid command name "vip_ref_stop_cdv".
xcelium> xmsim: *E,TCLERR: invalid command name "backpressure_integrity".
xcelium> xmsim: *E,TCLERR: invalid command name "csr_readback_control".
xcelium> xmsim: *E,TCLERR: invalid command name "long_random".
xcelium> xmsim: *E,TCLERR: invalid command name "vip_maxhits_matrix".
xcelium> xmsim: *E,TCLERR: invalid command name "firsthit_contract".
xcelium> xmsim: *E,TCLERR: invalid command name "full_mode_timestamp".
xcelium> xmsim: *E,TCLERR: invalid command name "backpressure_integrity".
xcelium> xmsim: *E,TCLERR: invalid command name "smoke_single_conv".
xcelium> xmsim: *E,TCLERR: invalid command name "cal_inject".
xcelium> xmsim: *E,TCLERR: invalid command name "start_watchdog".
xcelium> xmsim: *E,TCLERR: invalid command name "csr_readback_control".
xcelium> xmsim: *E,TCLERR: invalid command name "multi_conv_rearm_stress".
xcelium> xmsim: *E,TCLERR: invalid command name "overflow_status".
xcelium> xmsim: *E,TCLERR: invalid command name "global_watchdog_recovery".
xcelium> xmsim: *E,TCLERR: invalid command name "long_random".
xcelium> xmsim: *E,TCLERR: invalid command name "hard_reset_readback".
xcelium> xmsim: *E,TCLERR: invalid command name "vip_ref_stop_cdv".
xcelium> xmsim: *E,TCLERR: invalid command name "stress_random".
xcelium> xmsim: *E,TCLERR: invalid command name "vip_maxhits_matrix".
xcelium> xmsim: *E,TCLERR: invalid command name "backpressure_integrity".
xcelium> xmsim: *E,TCLERR: invalid command name "smoke_single_conv".
xcelium> xmsim: *E,TCLERR: invalid command name "start_watchdog".
xcelium> xmsim: *E,TCLERR: invalid command name "coverage_exhaustive".
xcelium> xmsim: *E,TCLERR: invalid command name "firsthit_contract".
xcelium> xmsim: *E,TCLERR: invalid command name "full_mode_timestamp".
xcelium> xmsim: *E,TCLERR: invalid command name "csr_readback_control".
xcelium> xmsim: *E,TCLERR: invalid command name "multi_conv_rearm_stress".
xcelium> xmsim: *E,TCLERR: invalid command name "global_watchdog_recovery".
xcelium> xmsim: *E,TCLERR: invalid command name "coverage_exhaustive".
xcelium> xmsim: *E,TCLERR: invalid command name "long_random".
xcelium> xmsim: *E,TCLERR: invalid command name "hard_reset_readback".
xcelium> xmsim: *E,TCLERR: invalid command name "cal_inject".
xcelium> xmsim: *E,TCLERR: invalid command name "stress_random".
xcelium> xmsim: *E,TCLERR: invalid command name "overflow_status".
xcelium> xmsim: *E,TCLERR: invalid command name "vip_ref_stop_cdv".
xcelium> xmsim: *E,TCLERR: invalid command name "backpressure_integrity".
xcelium> xmsim: *E,TCLERR: invalid command name "vip_maxhits_matrix".
xcelium> xmsim: *E,TCLERR: invalid command name "firsthit_contract".
xcelium> xmsim: *E,TCLERR: invalid command name "smoke_single_conv".
xcelium> xmsim: *E,TCLERR: invalid command name "full_mode_timestamp".
xcelium> xmsim: *E,TCLERR: invalid command name "cal_inject".
xcelium> xmsim: *E,TCLERR: invalid command name "start_watchdog".
xcelium> xmsim: *E,TCLERR: invalid command name "overflow_status".
xcelium> xmsim: *E,TCLERR: invalid command name "global_watchdog_recovery".
xcelium> xmsim: *E,TCLERR: invalid command name "coverage_exhaustive".
xcelium> xmsim: *E,TCLERR: invalid command name "long_random".
xcelium> xmsim: *E,TCLERR: invalid command name "multi_conv_rearm_stress".
xcelium> xmsim: *E,TCLERR: invalid command name "vip_ref_stop_cdv".
xcelium> xmsim: *E,TCLERR: invalid command name "global_watchdog_recovery".
xcelium> xmsim: *E,TCLERR: invalid command name "long_random".
xcelium> xmsim: *E,TCLERR: invalid command name "hard_reset_readback".
xcelium> xmsim: *E,TCLERR: invalid command name "stress_random".
xcelium> xmsim: *E,TCLERR: invalid command name "vip_ref_stop_cdv".
xcelium> xmsim: *E,TCLERR: invalid command name "coverage_exhaustive".
xcelium> xmsim: *E,TCLERR: invalid command name "full_mode_timestamp".
xcelium> xmsim: *E,TCLERR: invalid command name "backpressure_integrity".
xcelium> xmsim: *E,TCLERR: invalid command name "csr_readback_control".
xcelium> xmsim: *E,TCLERR: invalid command name "full_mode_timestamp".
xcelium> xmsim: *E,TCLERR: invalid command name "firsthit_contract".
xcelium> xmsim: *E,TCLERR: invalid command name "vip_maxhits_matrix".
xcelium> xmsim: *E,TCLERR: invalid command name "multi_conv_rearm_stress".
xcelium> xmsim: *E,TCLERR: invalid command name "backpressure_integrity".
xcelium> xmsim: *E,TCLERR: invalid command name "start_watchdog".
xcelium> xmsim: *E,TCLERR: invalid command name "smoke_single_conv".
xcelium> xmsim: *E,TCLERR: invalid command name "hard_reset_readback".
xcelium> xmsim: *E,TCLERR: invalid command name "overflow_status".
xcelium> xmsim: *E,TCLERR: invalid command name "stress_random".
xcelium> xmsim: *E,TCLERR: invalid command name "firsthit_contract".
xcelium> xmsim: *E,TCLERR: invalid command name "cal_inject".
xcelium> xmsim: *E,TCLERR: invalid command name "start_watchdog".
xcelium> xmsim: *E,TCLERR: invalid command name "csr_readback_control".
xcelium> xmsim: *E,TCLERR: invalid command name "cal_inject".
xcelium> xmsim: *E,TCLERR: invalid command name "smoke_single_conv".
xcelium> xmsim: *E,TCLERR: invalid command name "vip_maxhits_matrix".
xcelium> xmsim: *E,TCLERR: invalid command name "overflow_status".
xcelium> xmsim: *E,TCLERR: invalid command name "long_random".
xcelium> xmsim: *E,TCLERR: invalid command name "multi_conv_rearm_stress".
xcelium> xmsim: *E,TCLERR: invalid command name "stress_random".
xcelium> xmsim: *E,TCLERR: invalid command name "coverage_exhaustive".
xcelium> xmsim: *E,TCLERR: invalid command name "hard_reset_readback".
xcelium> xmsim: *E,TCLERR: invalid command name "csr_readback_control".
xcelium> xmsim: *E,TCLERR: invalid command name "vip_ref_stop_cdv".
xcelium> xmsim: *E,TCLERR: invalid command name "full_mode_timestamp".
xcelium> xmsim: *E,TCLERR: invalid command name "firsthit_contract".
xcelium> xmsim: *E,TCLERR: invalid command name "vip_maxhits_matrix".
xcelium> xmsim: *E,TCLERR: invalid command name "global_watchdog_recovery".
xcelium> xmsim: *E,TCLERR: invalid command name "smoke_single_conv".
xcelium> xmsim: *E,TCLERR: invalid command name "csr_readback_control".
xcelium> xmsim: *E,TCLERR: invalid command name "overflow_status".
xcelium> xmsim: *E,TCLERR: invalid command name "backpressure_integrity".
xcelium> xmsim: *E,TCLERR: invalid command name "smoke_single_conv".
xcelium> xmsim: *E,TCLERR: invalid command name "stress_random".
xcelium> xmsim: *E,TCLERR: invalid command name "hard_reset_readback".
xcelium> xmsim: *E,TCLERR: invalid command name "cal_inject".
xcelium> xmsim: *E,TCLERR: invalid command name "coverage_exhaustive".
xcelium> xmsim: *E,TCLERR: invalid command name "cal_inject".
xcelium> xmsim: *E,TCLERR: invalid command name "vip_ref_stop_cdv".
xcelium> xmsim: *E,TCLERR: invalid command name "start_watchdog".
xcelium> xmsim: *E,TCLERR: invalid command name "global_watchdog_recovery".
xcelium> xmsim: *E,TCLERR: invalid command name "backpressure_integrity".
xcelium> xmsim: *E,TCLERR: invalid command name "vip_maxhits_matrix".
xcelium> xmsim: *E,TCLERR: invalid command name "start_watchdog".
xcelium> xmsim: *E,TCLERR: invalid command name "firsthit_contract".
xcelium> xmsim: *E,TCLERR: invalid command name "long_random".
xcelium> xmsim: *E,TCLERR: invalid command name "multi_conv_rearm_stress".
xcelium> xmsim: *E,TCLERR: invalid command name "full_mode_timestamp".
xcelium> xmsim: *E,TCLERR: invalid command name "overflow_status".
xcelium> xmsim: *E,TCLERR: invalid command name "global_watchdog_recovery".
xcelium> xmsim: *E,TCLERR: invalid command name "long_random".
xcelium> xmsim: *E,TCLERR: invalid command name "multi_conv_rearm_stress".
xcelium> xmsim: *E,TCLERR: invalid command name "hard_reset_readback".
xcelium> xmsim: *E,TCLERR: invalid command name "csr_readback_control".
xcelium> xmsim: *E,TCLERR: invalid command name "coverage_exhaustive".
xcelium> xmsim: *E,TCLERR: invalid command name "stress_random".
xcelium> xmsim: *E,TCLERR: invalid command name "firsthit_contract".
xcelium> xmsim: *E,TCLERR: invalid command name "vip_ref_stop_cdv".
xcelium> xmsim: *E,TCLERR: invalid command name "vip_maxhits_matrix".
xcelium> xmsim: *E,TCLERR: invalid command name "overflow_status".
xcelium> xmsim: *E,TCLERR: invalid command name "smoke_single_conv".
xcelium> xmsim: *E,TCLERR: invalid command name "backpressure_integrity".
xcelium> xmsim: *E,TCLERR: invalid command name "full_mode_timestamp".
xcelium> xmsim: *E,TCLERR: invalid command name "cal_inject".
xcelium> xmsim: *E,TCLERR: invalid command name "long_random".
xcelium> xmsim: *E,TCLERR: invalid command name "csr_readback_control".
xcelium> xmsim: *E,TCLERR: invalid command name "vip_ref_stop_cdv".
xcelium> xmsim: *E,TCLERR: invalid command name "start_watchdog".
xcelium> xmsim: *E,TCLERR: invalid command name "hard_reset_readback".
xcelium> xmsim: *E,TCLERR: invalid command name "multi_conv_rearm_stress".
xcelium> xmsim: *E,TCLERR: invalid command name "global_watchdog_recovery".
xcelium> xmsim: *E,TCLERR: invalid command name "stress_random".
xcelium> xmsim: *E,TCLERR: invalid command name "cal_inject".
xcelium> xmsim: *E,TCLERR: invalid command name "firsthit_contract".
xcelium> xmsim: *E,TCLERR: invalid command name "smoke_single_conv".
xcelium> xmsim: *E,TCLERR: invalid command name "coverage_exhaustive".
xcelium> xmsim: *E,TCLERR: invalid command name "start_watchdog".
xcelium> xmsim: *E,TCLERR: invalid command name "overflow_status".
xcelium> xmsim: *E,TCLERR: invalid command name "vip_maxhits_matrix".
xcelium> xmsim: *E,TCLERR: invalid command name "backpressure_integrity".
xcelium> xmsim: *E,TCLERR: invalid command name "full_mode_timestamp".
xcelium> xmsim: *E,TCLERR: invalid command name "multi_conv_rearm_stress".
xcelium> xmsim: *E,TCLERR: invalid command name "global_watchdog_recovery".
xcelium> xmsim: *E,TCLERR: invalid command name "long_random".
xcelium> xmsim: *E,TCLERR: invalid command name "hard_reset_readback".
xcelium> xmsim: *E,TCLERR: invalid command name "csr_readback_control".
xcelium> xmsim: *E,TCLERR: invalid command name "stress_random".
xcelium> xmsim: *E,TCLERR: invalid command name "coverage_exhaustive".
xcelium> xmsim: *E,TCLERR: invalid command name "vip_ref_stop_cdv".
xcelium> xmsim: *E,TCLERR: invalid command name "vip_maxhits_matrix".
xcelium> xmsim: *E,TCLERR: invalid command name "smoke_single_conv".
xcelium> xmsim: *E,TCLERR: invalid command name "full_mode_timestamp".
xcelium> xmsim: *E,TCLERR: invalid command name "start_watchdog".
xcelium> xmsim: *E,TCLERR: invalid command name "firsthit_contract".
xcelium> xmsim: *E,TCLERR: invalid command name "backpressure_integrity".
xcelium> xmsim: *E,TCLERR: invalid command name "stress_random".
xcelium> xmsim: *E,TCLERR: invalid command name "csr_readback_control".
xcelium> xmsim: *E,TCLERR: invalid command name "long_random".
xcelium> xmsim: *E,TCLERR: invalid command name "cal_inject".
xcelium> xmsim: *E,TCLERR: invalid command name "hard_reset_readback".
xcelium> xmsim: *E,TCLERR: invalid command name "multi_conv_rearm_stress".
xcelium> xmsim: *E,TCLERR: invalid command name "vip_maxhits_matrix".
xcelium> xmsim: *E,TCLERR: invalid command name "global_watchdog_recovery".
xcelium> xmsim: *E,TCLERR: invalid command name "coverage_exhaustive".
xcelium> xmsim: *E,TCLERR: invalid command name "full_mode_timestamp".
xcelium> xmsim: *E,TCLERR: invalid command name "vip_ref_stop_cdv".
xcelium> xmsim: *E,TCLERR: invalid command name "overflow_status".
xcelium> xmsim: *E,TCLERR: invalid command name "smoke_single_conv".
xcelium> xmsim: *E,TCLERR: invalid command name "overflow_status".
xcelium> xmsim: *E,TCLERR: invalid command name "start_watchdog".
xcelium> xmsim: *E,TCLERR: invalid command name "cal_inject".
xcelium> xmsim: *E,TCLERR: invalid command name "backpressure_integrity".
xcelium> xmsim: *E,TCLERR: invalid command name "firsthit_contract".
xcelium> xmsim: *E,TCLERR: invalid command name "long_random".
xcelium> xmsim: *E,TCLERR: invalid command name "global_watchdog_recovery".
xcelium> xmsim: *E,TCLERR: invalid command name "multi_conv_rearm_stress".
xcelium> xmsim: *E,TCLERR: invalid command name "csr_readback_control".
xcelium> xmsim: *E,TCLERR: invalid command name "hard_reset_readback".
xcelium> xmsim: *E,TCLERR: invalid command name "stress_random".
xcelium> xmsim: *E,TCLERR: invalid command name "coverage_exhaustive".
xcelium> xmsim: *E,TCLERR: invalid command name "vip_ref_stop_cdv".
xcelium> xmsim: *E,TCLERR: invalid command name "smoke_single_conv".
xcelium> xmsim: *E,TCLERR: invalid command name "vip_maxhits_matrix".
xcelium> xmsim: *E,TCLERR: invalid command name "full_mode_timestamp".
xcelium> xmsim: *E,TCLERR: invalid command name "backpressure_integrity".
xcelium> xmsim: *E,TCLERR: invalid command name "firsthit_contract".
xcelium> xmsim: *E,TCLERR: invalid command name "start_watchdog".
xcelium> xmsim: *E,TCLERR: invalid command name "cal_inject".
xcelium> xmsim: *E,TCLERR: invalid command name "overflow_status".
xcelium> xmsim: *E,TCLERR: invalid command name "long_random".
xcelium> xmsim: *E,TCLERR: invalid command name "csr_readback_control".
xcelium> xmsim: *E,TCLERR: invalid command name "hard_reset_readback".
xcelium> xmsim: *E,TCLERR: invalid command name "multi_conv_rearm_stress".
xcelium> xmsim: *E,TCLERR: invalid command name "coverage_exhaustive".
xcelium> xmsim: *E,TCLERR: invalid command name "global_watchdog_recovery".
xcelium> xmsim: *E,TCLERR: invalid command name "global_watchdog_recovery".
xcelium> xmsim: *E,TCLERR: invalid command name "overflow_status".
xcelium> xmsim: *E,TCLERR: invalid command name "coverage_exhaustive".
xcelium> xmsim: *E,TCLERR: invalid command name "stress_random".
xcelium> xmsim: *E,TCLERR: invalid command name "vip_maxhits_matrix".
xcelium> xmsim: *E,TCLERR: invalid command name "long_random".
xcelium> xmsim: *E,TCLERR: invalid command name "full_mode_timestamp".
xcelium> xmsim: *E,TCLERR: invalid command name "start_watchdog".
xcelium> xmsim: *E,TCLERR: invalid command name "csr_readback_control".
xcelium> xmsim: *E,TCLERR: invalid command name "cal_inject".
xcelium> xmsim: *E,TCLERR: invalid command name "smoke_single_conv".
xcelium> xmsim: *E,TCLERR: invalid command name "vip_ref_stop_cdv".
xcelium> xmsim: *E,TCLERR: invalid command name "backpressure_integrity".
xcelium> xmsim: *E,TCLERR: invalid command name "multi_conv_rearm_stress".
xcelium> xmsim: *E,TCLERR: invalid command name "hard_reset_readback".
xcelium> xmsim: *E,TCLERR: invalid command name "firsthit_contract".
xcelium> xmsim: *E,TCLERR: invalid command name "stress_random".
xcelium> xmsim: *E,TCLERR: invalid command name "vip_ref_stop_cdv".
xcelium> xmsim: *E,TCLERR: invalid command name "smoke_single_conv".
xcelium> xmsim: *E,TCLERR: invalid command name "vip_maxhits_matrix".
xcelium> xmsim: *E,TCLERR: invalid command name "full_mode_timestamp".
xcelium> xmsim: *E,TCLERR: invalid command name "firsthit_contract".
xcelium> xmsim: *E,TCLERR: invalid command name "backpressure_integrity".
xcelium> xmsim: *E,TCLERR: invalid command name "start_watchdog".
xcelium> xmsim: *E,TCLERR: invalid command name "long_random".
xcelium> xmsim: *E,TCLERR: invalid command name "cal_inject".
xcelium> xmsim: *E,TCLERR: invalid command name "multi_conv_rearm_stress".
xcelium> xmsim: *E,TCLERR: invalid command name "overflow_status".
xcelium> xmsim: *E,TCLERR: invalid command name "global_watchdog_recovery".
xcelium> xmsim: *E,TCLERR: invalid command name "csr_readback_control".
xcelium> xmsim: *E,TCLERR: invalid command name "hard_reset_readback".
xcelium> xmsim: *E,TCLERR: invalid command name "coverage_exhaustive".
xcelium> xmsim: *E,TCLERR: invalid command name "vip_ref_stop_cdv".
xcelium> xmsim: *E,TCLERR: invalid command name "vip_maxhits_matrix".
xcelium> xmsim: *E,TCLERR: invalid command name "global_watchdog_recovery".
xcelium> xmsim: *E,TCLERR: invalid command name "vip_ref_stop_cdv".
xcelium> xmsim: *E,TCLERR: invalid command name "backpressure_integrity".
xcelium> xmsim: *E,TCLERR: invalid command name "hard_reset_readback".
xcelium> xmsim: *E,TCLERR: invalid command name "stress_random".
xcelium> xmsim: *E,TCLERR: invalid command name "cal_inject".
xcelium> xmsim: *E,TCLERR: invalid command name "start_watchdog".
xcelium> xmsim: *E,TCLERR: invalid command name "stress_random".
xcelium> xmsim: *E,TCLERR: invalid command name "long_random".
xcelium> xmsim: *E,TCLERR: invalid command name "smoke_single_conv".
xcelium> xmsim: *E,TCLERR: invalid command name "coverage_exhaustive".
xcelium> xmsim: *E,TCLERR: invalid command name "full_mode_timestamp".
xcelium> xmsim: *E,TCLERR: invalid command name "smoke_single_conv".
xcelium> xmsim: *E,TCLERR: invalid command name "firsthit_contract".
xcelium> xmsim: *E,TCLERR: invalid command name "overflow_status".
xcelium> xmsim: *E,TCLERR: invalid command name "full_mode_timestamp".
xcelium> xmsim: *E,TCLERR: invalid command name "multi_conv_rearm_stress".
xcelium> xmsim: *E,TCLERR: invalid command name "csr_readback_control".
xcelium> xmsim: *E,TCLERR: invalid command name "firsthit_contract".
xcelium> xmsim: *E,TCLERR: invalid command name "vip_maxhits_matrix".
xcelium> xmsim: *E,TCLERR: invalid command name "backpressure_integrity".
xcelium> xmsim: *E,TCLERR: invalid command name "start_watchdog".
xcelium> xmsim: *E,TCLERR: invalid command name "long_random".
xcelium> xmsim: *E,TCLERR: invalid command name "overflow_status".
xcelium> xmsim: *E,TCLERR: invalid command name "cal_inject".
xcelium> xmsim: *E,TCLERR: invalid command name "multi_conv_rearm_stress".
xcelium> xmsim: *E,TCLERR: invalid command name "hard_reset_readback".
xcelium> xmsim: *E,TCLERR: invalid command name "csr_readback_control".
xcelium> xmsim: *E,TCLERR: invalid command name "global_watchdog_recovery".
xcelium> xmsim: *E,TCLERR: invalid command name "coverage_exhaustive".
xcelium> xmsim: *E,TCLERR: invalid command name "stress_random".
xcelium> xmsim: *E,TCLERR: invalid command name "vip_ref_stop_cdv".
xcelium> xmsim: *E,TCLERR: invalid command name "smoke_single_conv".
xcelium> xmsim: *E,TCLERR: invalid command name "full_mode_timestamp".
xcelium> xmsim: *E,TCLERR: invalid command name "backpressure_integrity".
xcelium> xmsim: *E,TCLERR: invalid command name "cal_inject".
xcelium> xmsim: *E,TCLERR: invalid command name "overflow_status".
xcelium> xmsim: *E,TCLERR: invalid command name "csr_readback_control".
xcelium> xmsim: *E,TCLERR: invalid command name "smoke_single_conv".
xcelium> xmsim: *E,TCLERR: invalid command name "firsthit_contract".
xcelium> xmsim: *E,TCLERR: invalid command name "start_watchdog".
xcelium> xmsim: *E,TCLERR: invalid command name "stress_random".
xcelium> xmsim: *E,TCLERR: invalid command name "vip_maxhits_matrix".
xcelium> xmsim: *E,TCLERR: invalid command name "coverage_exhaustive".
xcelium> xmsim: *E,TCLERR: invalid command name "global_watchdog_recovery".
xcelium> xmsim: *E,TCLERR: invalid command name "vip_ref_stop_cdv".
xcelium> xmsim: *E,TCLERR: invalid command name "vip_maxhits_matrix".
xcelium> xmsim: *E,TCLERR: invalid command name "long_random".
xcelium> xmsim: *E,TCLERR: invalid command name "hard_reset_readback".
xcelium> xmsim: *E,TCLERR: invalid command name "multi_conv_rearm_stress".
xcelium> xmsim: *E,TCLERR: invalid command name "full_mode_timestamp".
xcelium> xmsim: *E,TCLERR: invalid command name "backpressure_integrity".
xcelium> xmsim: *E,TCLERR: invalid command name "firsthit_contract".
xcelium> xmsim: *E,TCLERR: invalid command name "cal_inject".
xcelium> xmsim: *E,TCLERR: invalid command name "long_random".
xcelium> xmsim: *E,TCLERR: invalid command name "multi_conv_rearm_stress".
xcelium> xmsim: *E,TCLERR: invalid command name "global_watchdog_recovery".
xcelium> xmsim: *E,TCLERR: invalid command name "start_watchdog".
xcelium> xmsim: *E,TCLERR: invalid command name "overflow_status".
xcelium> xmsim: *E,TCLERR: invalid command name "coverage_exhaustive".
xcelium> xmsim: *E,TCLERR: invalid command name "hard_reset_readback".
xcelium> xmsim: *E,TCLERR: invalid command name "csr_readback_control".
xcelium> xmsim: *E,TCLERR: invalid command name "stress_random".
xcelium> xmsim: *E,TCLERR: invalid command name "vip_ref_stop_cdv".
xcelium> xmsim: *E,TCLERR: invalid command name "vip_maxhits_matrix".
xcelium> xmsim: *E,TCLERR: invalid command name "full_mode_timestamp".
xcelium> xmsim: *E,TCLERR: invalid command name "csr_readback_control".
xcelium> xmsim: *E,TCLERR: invalid command name "long_random".
xcelium> xmsim: *E,TCLERR: invalid command name "start_watchdog".
xcelium> xmsim: *E,TCLERR: invalid command name "backpressure_integrity".
xcelium> xmsim: *E,TCLERR: invalid command name "overflow_status".
xcelium> xmsim: *E,TCLERR: invalid command name "smoke_single_conv".
xcelium> xmsim: *E,TCLERR: invalid command name "firsthit_contract".
xcelium> xmsim: *E,TCLERR: invalid command name "cal_inject".
xcelium> xmsim: *E,TCLERR: invalid command name "global_watchdog_recovery".
xcelium> xmsim: *E,TCLERR: invalid command name "multi_conv_rearm_stress".
xcelium> xmsim: *E,TCLERR: invalid command name "vip_maxhits_matrix".
xcelium> xmsim: *E,TCLERR: invalid command name "coverage_exhaustive".
xcelium> xmsim: *E,TCLERR: invalid command name "hard_reset_readback".
xcelium> xmsim: *E,TCLERR: invalid command name "vip_ref_stop_cdv".
xcelium> xmsim: *E,TCLERR: invalid command name "stress_random".
xcelium> xmsim: *E,TCLERR: invalid command name "firsthit_contract".
xcelium> xmsim: *E,TCLERR: invalid command name "long_random".
xcelium> xmsim: *E,TCLERR: invalid command name "full_mode_timestamp".
xcelium> xmsim: *E,TCLERR: invalid command name "smoke_single_conv".
xcelium> xmsim: *E,TCLERR: invalid command name "backpressure_integrity".
xcelium> xmsim: *E,TCLERR: invalid command name "cal_inject".
xcelium> xmsim: *E,TCLERR: invalid command name "coverage_exhaustive".
xcelium> xmsim: *E,TCLERR: invalid command name "start_watchdog".
xcelium> xmsim: *E,TCLERR: invalid command name "overflow_status".
xcelium> xmsim: *E,TCLERR: invalid command name "hard_reset_readback".
xcelium> xmsim: *E,TCLERR: invalid command name "multi_conv_rearm_stress".
xcelium> xmsim: *E,TCLERR: invalid command name "global_watchdog_recovery".
xcelium> xmsim: *E,TCLERR: invalid command name "csr_readback_control".
xcelium> xmsim: *E,TCLERR: invalid command name "stress_random".
xcelium> xmsim: *E,TCLERR: invalid command name "vip_ref_stop_cdv".
xcelium> xmsim: *E,TCLERR: invalid command name "vip_maxhits_matrix".
xcelium> xmsim: *E,TCLERR: invalid command name "smoke_single_conv".
xcelium> xmsim: *E,TCLERR: invalid command name "firsthit_contract".
xcelium> xmsim: *E,TCLERR: invalid command name "backpressure_integrity".
xcelium> xmsim: *E,TCLERR: invalid command name "overflow_status".
xcelium> xmsim: *E,TCLERR: invalid command name "cal_inject".
xcelium> xmsim: *E,TCLERR: invalid command name "multi_conv_rearm_stress".
xcelium> xmsim: *E,TCLERR: invalid command name "long_random".
xcelium> xmsim: *E,TCLERR: invalid command name "coverage_exhaustive".
xcelium> xmsim: *E,TCLERR: invalid command name "start_watchdog".
xcelium> xmsim: *E,TCLERR: invalid command name "csr_readback_control".
xcelium> xmsim: *E,TCLERR: invalid command name "global_watchdog_recovery".
xcelium> xmsim: *E,TCLERR: invalid command name "hard_reset_readback".
xcelium> xmsim: *E,TCLERR: invalid command name "full_mode_timestamp".
xcelium> xmsim: *E,TCLERR: invalid command name "backpressure_integrity".
xcelium> xmsim: *E,TCLERR: invalid command name "stress_random".
xcelium> xmsim: *E,TCLERR: invalid command name "vip_maxhits_matrix".
xcelium> xmsim: *E,TCLERR: invalid command name "start_watchdog".
xcelium> xmsim: *E,TCLERR: invalid command name "full_mode_timestamp".
xcelium> xmsim: *E,TCLERR: invalid command name "smoke_single_conv".
xcelium> xmsim: *E,TCLERR: invalid command name "firsthit_contract".
xcelium> xmsim: *E,TCLERR: invalid command name "hard_reset_readback".
xcelium> xmsim: *E,TCLERR: invalid command name "vip_ref_stop_cdv".
xcelium> xmsim: *E,TCLERR: invalid command name "coverage_exhaustive".
xcelium> xmsim: *E,TCLERR: invalid command name "multi_conv_rearm_stress".
xcelium> xmsim: *E,TCLERR: invalid command name "global_watchdog_recovery".
xcelium> xmsim: *E,TCLERR: invalid command name "csr_readback_control".
xcelium> xmsim: *E,TCLERR: invalid command name "overflow_status".
xcelium> xmsim: *E,TCLERR: invalid command name "cal_inject".
xcelium> xmsim: *E,TCLERR: invalid command name "long_random".
xcelium> xmsim: *E,TCLERR: invalid command name "stress_random".
xcelium> xmsim: *E,TCLERR: invalid command name "vip_ref_stop_cdv".
xcelium> xmsim: *E,TCLERR: invalid command name "vip_maxhits_matrix".
xcelium> xmsim: *E,TCLERR: invalid command name "smoke_single_conv".
xcelium> xmsim: *E,TCLERR: invalid command name "full_mode_timestamp".
xcelium> xmsim: *E,TCLERR: invalid command name "backpressure_integrity".
xcelium> xmsim: *E,TCLERR: invalid command name "firsthit_contract".
xcelium> xmsim: *E,TCLERR: invalid command name "start_watchdog".
xcelium> xmsim: *E,TCLERR: invalid command name "long_random".
xcelium> xmsim: *E,TCLERR: invalid command name "overflow_status".
xcelium> xmsim: *E,TCLERR: invalid command name "cal_inject".
xcelium> xmsim: *E,TCLERR: invalid command name "multi_conv_rearm_stress".
xcelium> xmsim: *E,TCLERR: invalid command name "global_watchdog_recovery".
xcelium> xmsim: *E,TCLERR: invalid command name "csr_readback_control".
xcelium> xmsim: *E,TCLERR: invalid command name "coverage_exhaustive".
xcelium> xmsim: *E,TCLERR: invalid command name "stress_random".
xcelium> xmsim: *E,TCLERR: invalid command name "hard_reset_readback".
xcelium> xmsim: *E,TCLERR: invalid command name "vip_maxhits_matrix".
xcelium> xmsim: *E,TCLERR: invalid command name "full_mode_timestamp".
xcelium> xmsim: *E,TCLERR: invalid command name "vip_ref_stop_cdv".
xcelium> xmsim: *E,TCLERR: invalid command name "smoke_single_conv".
xcelium> xmsim: *E,TCLERR: invalid command name "firsthit_contract".
xcelium> xmsim: *E,TCLERR: invalid command name "backpressure_integrity".
xcelium> xmsim: *E,TCLERR: invalid command name "cal_inject".
xcelium> xmsim: *E,TCLERR: invalid command name "start_watchdog".
xcelium> xmsim: *E,TCLERR: invalid command name "coverage_exhaustive".
xcelium> xmsim: *E,TCLERR: invalid command name "global_watchdog_recovery".
xcelium> xmsim: *E,TCLERR: invalid command name "hard_reset_readback".
xcelium> xmsim: *E,TCLERR: invalid command name "stress_random".
xcelium> xmsim: *E,TCLERR: invalid command name "overflow_status".
xcelium> xmsim: *E,TCLERR: invalid command name "long_random".
xcelium> xmsim: *E,TCLERR: invalid command name "csr_readback_control".
xcelium> xmsim: *E,TCLERR: invalid command name "multi_conv_rearm_stress".
xcelium> xmsim: *E,TCLERR: invalid command name "vip_ref_stop_cdv".
xcelium> xmsim: *E,TCLERR: invalid command name "vip_maxhits_matrix".
xcelium> xmsim: *E,TCLERR: invalid command name "smoke_single_conv".
xcelium> xmsim: *E,TCLERR: invalid command name "full_mode_timestamp".
xcelium> xmsim: *E,TCLERR: invalid command name "firsthit_contract".
xcelium> xmsim: *E,TCLERR: invalid command name "backpressure_integrity".
xcelium> xmsim: *E,TCLERR: invalid command name "start_watchdog".
xcelium> xmsim: *E,TCLERR: invalid command name "cal_inject".
xcelium> xmsim: *E,TCLERR: invalid command name "overflow_status".
xcelium> xmsim: *E,TCLERR: invalid command name "long_random".
xcelium> xmsim: *E,TCLERR: invalid command name "multi_conv_rearm_stress".
xcelium> xmsim: *E,TCLERR: invalid command name "coverage_exhaustive".
xcelium> xmsim: *E,TCLERR: invalid command name "stress_random".
xcelium> xmsim: *E,TCLERR: invalid command name "global_watchdog_recovery".
xcelium> xmsim: *E,TCLERR: invalid command name "hard_reset_readback".
xcelium> xmsim: *E,TCLERR: invalid command name "csr_readback_control".
xcelium> xmsim: *E,TCLERR: invalid command name "firsthit_contract".
xcelium> xmsim: *E,TCLERR: invalid command name "vip_maxhits_matrix".
xcelium> xmsim: *E,TCLERR: invalid command name "start_watchdog".
xcelium> xmsim: *E,TCLERR: invalid command name "vip_ref_stop_cdv".
xcelium> xmsim: *E,TCLERR: invalid command name "full_mode_timestamp".
xcelium> xmsim: *E,TCLERR: invalid command name "cal_inject".
xcelium> xmsim: *E,TCLERR: invalid command name "backpressure_integrity".
xcelium> xmsim: *E,TCLERR: invalid command name "smoke_single_conv".
xcelium> xmsim: *E,TCLERR: invalid command name "global_watchdog_recovery".
xcelium> xmsim: *E,TCLERR: invalid command name "long_random".
xcelium> xmsim: *E,TCLERR: invalid command name "csr_readback_control".
xcelium> xmsim: *E,TCLERR: invalid command name "coverage_exhaustive".
xcelium> xmsim: *E,TCLERR: invalid command name "overflow_status".
xcelium> xmsim: *E,TCLERR: invalid command name "hard_reset_readback".
xcelium> xmsim: *E,TCLERR: invalid command name "multi_conv_rearm_stress".
xcelium> xmsim: *E,TCLERR: invalid command name "stress_random".
xcelium> xmsim: *E,TCLERR: invalid command name "vip_ref_stop_cdv".
xcelium> xmsim: *E,TCLERR: invalid command name "full_mode_timestamp".
xcelium> xmsim: *E,TCLERR: invalid command name "smoke_single_conv".
xcelium> xmsim: *E,TCLERR: invalid command name "vip_maxhits_matrix".
xcelium> xmsim: *E,TCLERR: invalid command name "backpressure_integrity".
xcelium> xmsim: *E,TCLERR: invalid command name "firsthit_contract".
xcelium> xmsim: *E,TCLERR: invalid command name "start_watchdog".
xcelium> xmsim: *E,TCLERR: invalid command name "long_random".
xcelium> xmsim: *E,TCLERR: invalid command name "cal_inject".
xcelium> xmsim: *E,TCLERR: invalid command name "overflow_status".
xcelium> xmsim: *E,TCLERR: invalid command name "multi_conv_rearm_stress".
xcelium> xmsim: *E,TCLERR: invalid command name "csr_readback_control".
xcelium> xmsim: *E,TCLERR: invalid command name "global_watchdog_recovery".
xcelium> xmsim: *E,TCLERR: invalid command name "coverage_exhaustive".
xcelium> xmsim: *E,TCLERR: invalid command name "hard_reset_readback".
xcelium> xmsim: *E,TCLERR: invalid command name "stress_random".
xcelium> xmsim: *E,TCLERR: invalid command name "smoke_single_conv".
xcelium> xmsim: *E,TCLERR: invalid command name "vip_maxhits_matrix".
xcelium> xmsim: *E,TCLERR: invalid command name "full_mode_timestamp".
xcelium> xmsim: *E,TCLERR: invalid command name "start_watchdog".
xcelium> xmsim: *E,TCLERR: invalid command name "firsthit_contract".
xcelium> xmsim: *E,TCLERR: invalid command name "cal_inject".
xcelium> xmsim: *E,TCLERR: invalid command name "backpressure_integrity".
xcelium> xmsim: *E,TCLERR: invalid command name "vip_ref_stop_cdv".
xcelium> xmsim: *E,TCLERR: invalid command name "long_random".
xcelium> xmsim: *E,TCLERR: invalid command name "multi_conv_rearm_stress".
xcelium> xmsim: *E,TCLERR: invalid command name "global_watchdog_recovery".
xcelium> xmsim: *E,TCLERR: invalid command name "csr_readback_control".
xcelium> xmsim: *E,TCLERR: invalid command name "stress_random".
xcelium> xmsim: *E,TCLERR: invalid command name "overflow_status".
xcelium> xmsim: *E,TCLERR: invalid command name "coverage_exhaustive".
xcelium> xmsim: *E,TCLERR: invalid command name "hard_reset_readback".
xcelium> xmsim: *E,TCLERR: invalid command name "vip_ref_stop_cdv".
xcelium> xmsim: *E,TCLERR: invalid command name "vip_maxhits_matrix".
xcelium> xmsim: *E,TCLERR: invalid command name "backpressure_integrity".
xcelium> xmsim: *E,TCLERR: invalid command name "firsthit_contract".
xcelium> xmsim: *E,TCLERR: invalid command name "smoke_single_conv".
xcelium> xmsim: *E,TCLERR: invalid command name "full_mode_timestamp".
xcelium> xmsim: *E,TCLERR: invalid command name "start_watchdog".
xcelium> xmsim: *E,TCLERR: invalid command name "cal_inject".
xcelium> xmsim: *E,TCLERR: invalid command name "multi_conv_rearm_stress".
xcelium> xmsim: *E,TCLERR: invalid command name "overflow_status".
xcelium> xmsim: *E,TCLERR: invalid command name "long_random".
xcelium> xmsim: *E,TCLERR: invalid command name "global_watchdog_recovery".
xcelium> xmsim: *E,TCLERR: invalid command name "csr_readback_control".
xcelium> xmsim: *E,TCLERR: invalid command name "hard_reset_readback".
xcelium> xmsim: *E,TCLERR: invalid command name "coverage_exhaustive".
xcelium> xmsim: *E,TCLERR: invalid command name "stress_random".
xcelium> xmsim: *E,TCLERR: invalid command name "vip_ref_stop_cdv".
xcelium> xmsim: *E,TCLERR: invalid command name "vip_maxhits_matrix".
xcelium> xmsim: *E,TCLERR: invalid command name "smoke_single_conv".
xcelium> xmsim: *E,TCLERR: invalid command name "cal_inject".
xcelium> xmsim: *E,TCLERR: invalid command name "firsthit_contract".
xcelium> xmsim: *E,TCLERR: invalid command name "start_watchdog".
xcelium> xmsim: *E,TCLERR: invalid command name "full_mode_timestamp".
xcelium> xmsim: *E,TCLERR: invalid command name "backpressure_integrity".
xcelium> xmsim: *E,TCLERR: invalid command name "global_watchdog_recovery".
xcelium> xmsim: *E,TCLERR: invalid command name "overflow_status".
xcelium> xmsim: *E,TCLERR: invalid command name "multi_conv_rearm_stress".
xcelium> xmsim: *E,TCLERR: invalid command name "csr_readback_control".
xcelium> xmsim: *E,TCLERR: invalid command name "long_random".
xcelium> xmsim: *E,TCLERR: invalid command name "coverage_exhaustive".
xcelium> xmsim: *E,TCLERR: invalid command name "stress_random".
xcelium> xmsim: *E,TCLERR: invalid command name "hard_reset_readback".
xcelium> xmsim: *E,TCLERR: invalid command name "vip_ref_stop_cdv".
xcelium> xmsim: *E,TCLERR: invalid command name "start_watchdog".
xcelium> xmsim: *E,TCLERR: invalid command name "firsthit_contract".
xcelium> xmsim: *E,TCLERR: invalid command name "vip_maxhits_matrix".
xcelium> xmsim: *E,TCLERR: invalid command name "smoke_single_conv".
xcelium> xmsim: *E,TCLERR: invalid command name "backpressure_integrity".
xcelium> xmsim: *E,TCLERR: invalid command name "full_mode_timestamp".
xcelium> xmsim: *E,TCLERR: invalid command name "long_random".
xcelium> xmsim: *E,TCLERR: invalid command name "multi_conv_rearm_stress".
xcelium> xmsim: *E,TCLERR: invalid command name "cal_inject".
xcelium> xmsim: *E,TCLERR: invalid command name "csr_readback_control".
xcelium> xmsim: *E,TCLERR: invalid command name "overflow_status".
xcelium> xmsim: *E,TCLERR: invalid command name "global_watchdog_recovery".
xcelium> xmsim: *E,TCLERR: invalid command name "coverage_exhaustive".
xcelium> xmsim: *E,TCLERR: invalid command name "hard_reset_readback".
xcelium> xmsim: *E,TCLERR: invalid command name "stress_random".
xcelium> xmsim: *E,TCLERR: invalid command name "vip_ref_stop_cdv".
xcelium> xmsim: *E,TCLERR: invalid command name "vip_maxhits_matrix".
xcelium> xmsim: *E,TCLERR: invalid command name "smoke_single_conv".
xcelium> xmsim: *E,TCLERR: invalid command name "full_mode_timestamp".
xcelium> xmsim: *E,TCLERR: invalid command name "firsthit_contract".
xcelium> xmsim: *E,TCLERR: invalid command name "cal_inject".
xcelium> xmsim: *E,TCLERR: invalid command name "backpressure_integrity".
xcelium> xmsim: *E,TCLERR: invalid command name "start_watchdog".
xcelium> xmsim: *E,TCLERR: invalid command name "csr_readback_control".
xcelium> xmsim: *E,TCLERR: invalid command name "global_watchdog_recovery".
xcelium> xmsim: *E,TCLERR: invalid command name "multi_conv_rearm_stress".
xcelium> xmsim: *E,TCLERR: invalid command name "coverage_exhaustive".
xcelium> xmsim: *E,TCLERR: invalid command name "hard_reset_readback".
xcelium> xmsim: *E,TCLERR: invalid command name "overflow_status".
xcelium> xmsim: *E,TCLERR: invalid command name "vip_ref_stop_cdv".
xcelium> xmsim: *E,TCLERR: invalid command name "stress_random".
xcelium> xmsim: *E,TCLERR: invalid command name "long_random".
xcelium> xmsim: *E,TCLERR: invalid command name "backpressure_integrity".
xcelium> xmsim: *E,TCLERR: invalid command name "smoke_single_conv".
xcelium> xmsim: *E,TCLERR: invalid command name "global_watchdog_recovery".
xcelium> xmsim: *E,TCLERR: invalid command name "full_mode_timestamp".
xcelium> xmsim: *E,TCLERR: invalid command name "firsthit_contract".
xcelium> xmsim: *E,TCLERR: invalid command name "vip_maxhits_matrix".
xcelium> xmsim: *E,TCLERR: invalid command name "overflow_status".
xcelium> xmsim: *E,TCLERR: invalid command name "cal_inject".
xcelium> xmsim: *E,TCLERR: invalid command name "csr_readback_control".
xcelium> xmsim: *E,TCLERR: invalid command name "long_random".
xcelium> xmsim: *E,TCLERR: invalid command name "start_watchdog".
xcelium> xmsim: *E,TCLERR: invalid command name "multi_conv_rearm_stress".
xcelium> xmsim: *E,TCLERR: invalid command name "coverage_exhaustive".
xcelium> xmsim: *E,TCLERR: invalid command name "vip_maxhits_matrix".
xcelium> xmsim: *E,TCLERR: invalid command name "vip_ref_stop_cdv".
xcelium> xmsim: *E,TCLERR: invalid command name "firsthit_contract".
xcelium> xmsim: *E,TCLERR: invalid command name "hard_reset_readback".
xcelium> xmsim: *E,TCLERR: invalid command name "full_mode_timestamp".
xcelium> xmsim: *E,TCLERR: invalid command name "stress_random".
xcelium> xmsim: *E,TCLERR: invalid command name "smoke_single_conv".
xcelium> xmsim: *E,TCLERR: invalid command name "vip_ref_stop_cdv".
xcelium> xmsim: *E,TCLERR: invalid command name "long_random".
xcelium> xmsim: *E,TCLERR: invalid command name "hard_reset_readback".
xcelium> xmsim: *E,TCLERR: invalid command name "csr_readback_control".
xcelium> xmsim: *E,TCLERR: invalid command name "coverage_exhaustive".
xcelium> xmsim: *E,TCLERR: invalid command name "overflow_status".
xcelium> xmsim: *E,TCLERR: invalid command name "global_watchdog_recovery".
xcelium> xmsim: *E,TCLERR: invalid command name "backpressure_integrity".
xcelium> xmsim: *E,TCLERR: invalid command name "start_watchdog".
xcelium> xmsim: *E,TCLERR: invalid command name "cal_inject".
xcelium> xmsim: *E,TCLERR: invalid command name "stress_random".
xcelium> xmsim: *E,TCLERR: invalid command name "multi_conv_rearm_stress".
xcelium> xmsim: *E,TCLERR: invalid command name "full_mode_timestamp".
xcelium> xmsim: *E,TCLERR: invalid command name "firsthit_contract".
xcelium> xmsim: *E,TCLERR: invalid command name "smoke_single_conv".
xcelium> xmsim: *E,TCLERR: invalid command name "smoke_single_conv".
xcelium> xmsim: *E,TCLERR: invalid command name "full_mode_timestamp".
xcelium> xmsim: *E,TCLERR: invalid command name "firsthit_contract".
xcelium> xmsim: *E,TCLERR: invalid command name "hard_reset_readback".
xcelium> xmsim: *E,TCLERR: invalid command name "vip_maxhits_matrix".
xcelium> xmsim: *E,TCLERR: invalid command name "stress_random".
xcelium> xmsim: *E,TCLERR: invalid command name "overflow_status".
xcelium> xmsim: *E,TCLERR: invalid command name "backpressure_integrity".
xcelium> xmsim: *E,TCLERR: invalid command name "multi_conv_rearm_stress".
xcelium> xmsim: *E,TCLERR: invalid command name "global_watchdog_recovery".
xcelium> xmsim: *E,TCLERR: invalid command name "vip_ref_stop_cdv".
xcelium> xmsim: *E,TCLERR: invalid command name "start_watchdog".
xcelium> xmsim: *E,TCLERR: invalid command name "long_random".
xcelium> xmsim: *E,TCLERR: invalid command name "cal_inject".
xcelium> xmsim: *E,TCLERR: invalid command name "coverage_exhaustive".
xcelium> xmsim: *E,TCLERR: invalid command name "csr_readback_control".
xcelium> xmsim: *E,TCLERR: invalid command name "vip_maxhits_matrix".
xcelium> xmsim: *E,TCLERR: invalid command name "backpressure_integrity".
xcelium> xmsim: *E,TCLERR: invalid command name "long_random".
xcelium> xmsim: *E,TCLERR: invalid command name "multi_conv_rearm_stress".
xcelium> xmsim: *E,TCLERR: invalid command name "cal_inject".
xcelium> xmsim: *E,TCLERR: invalid command name "hard_reset_readback".
xcelium> xmsim: *E,TCLERR: invalid command name "vip_ref_stop_cdv".
xcelium> xmsim: *E,TCLERR: invalid command name "start_watchdog".
xcelium> xmsim: *E,TCLERR: invalid command name "stress_random".
xcelium> xmsim: *E,TCLERR: invalid command name "coverage_exhaustive".
xcelium> xmsim: *E,TCLERR: invalid command name "overflow_status".
xcelium> xmsim: *E,TCLERR: invalid command name "global_watchdog_recovery".
xcelium> xmsim: *E,TCLERR: invalid command name "csr_readback_control".
xcelium> xmsim: *E,TCLERR: invalid command name "backpressure_integrity".
xcelium> xmsim: *E,TCLERR: invalid command name "cal_inject".
xcelium> xmsim: *E,TCLERR: invalid command name "multi_conv_rearm_stress".
xcelium> xmsim: *E,TCLERR: invalid command name "start_watchdog".
xcelium> xmsim: *E,TCLERR: invalid command name "vip_maxhits_matrix".
xcelium> xmsim: *E,TCLERR: invalid command name "firsthit_contract".
xcelium> xmsim: *E,TCLERR: invalid command name "stress_random".
xcelium> xmsim: *E,TCLERR: invalid command name "hard_reset_readback".
xcelium> xmsim: *E,TCLERR: invalid command name "smoke_single_conv".
xcelium> xmsim: *E,TCLERR: invalid command name "long_random".
xcelium> xmsim: *E,TCLERR: invalid command name "global_watchdog_recovery".
xcelium> xmsim: *E,TCLERR: invalid command name "full_mode_timestamp".
xcelium> xmsim: *E,TCLERR: invalid command name "overflow_status".
xcelium> xmsim: *E,TCLERR: invalid command name "full_mode_timestamp".
xcelium> xmsim: *E,TCLERR: invalid command name "vip_maxhits_matrix".
xcelium> xmsim: *E,TCLERR: invalid command name "firsthit_contract".
xcelium> xmsim: *E,TCLERR: invalid command name "vip_ref_stop_cdv".
xcelium> xmsim: *E,TCLERR: invalid command name "smoke_single_conv".
xcelium> xmsim: *E,TCLERR: invalid command name "coverage_exhaustive".
xcelium> xmsim: *E,TCLERR: invalid command name "csr_readback_control".
xcelium> xmsim: *E,TCLERR: invalid command name "multi_conv_rearm_stress".
xcelium> xmsim: *E,TCLERR: invalid command name "coverage_exhaustive".
xcelium> xmsim: *E,TCLERR: invalid command name "hard_reset_readback".
xcelium> xmsim: *E,TCLERR: invalid command name "vip_ref_stop_cdv".
xcelium> xmsim: *E,TCLERR: invalid command name "csr_readback_control".
xcelium> xmsim: *E,TCLERR: invalid command name "long_random".
xcelium> xmsim: *E,TCLERR: invalid command name "stress_random".
xcelium> xmsim: *E,TCLERR: invalid command name "start_watchdog".
xcelium> xmsim: *E,TCLERR: invalid command name "cal_inject".
xcelium> xmsim: *E,TCLERR: invalid command name "overflow_status".
xcelium> xmsim: *E,TCLERR: invalid command name "backpressure_integrity".
xcelium> xmsim: *E,TCLERR: invalid command name "global_watchdog_recovery".
xcelium> xmsim: *E,TCLERR: invalid command name "vip_maxhits_matrix".
xcelium> xmsim: *E,TCLERR: invalid command name "backpressure_integrity".
xcelium> xmsim: *E,TCLERR: invalid command name "cal_inject".
xcelium> xmsim: *E,TCLERR: invalid command name "overflow_status".
xcelium> xmsim: *E,TCLERR: invalid command name "full_mode_timestamp".
xcelium> xmsim: *E,TCLERR: invalid command name "firsthit_contract".
xcelium> xmsim: *E,TCLERR: invalid command name "smoke_single_conv".
xcelium> xmsim: *E,TCLERR: invalid command name "start_watchdog".
xcelium> xmsim: *E,TCLERR: invalid command name "global_watchdog_recovery".
xcelium> xmsim: *E,TCLERR: invalid command name "csr_readback_control".
xcelium> xmsim: *E,TCLERR: invalid command name "stress_random".
xcelium> xmsim: *E,TCLERR: invalid command name "long_random".
xcelium> xmsim: *E,TCLERR: invalid command name "multi_conv_rearm_stress".
xcelium> xmsim: *E,TCLERR: invalid command name "hard_reset_readback".
xcelium> xmsim: *E,TCLERR: invalid command name "coverage_exhaustive".
xcelium> xmsim: *E,TCLERR: invalid command name "vip_ref_stop_cdv".
xcelium> xmsim: *E,TCLERR: invalid command name "vip_maxhits_matrix".
xcelium> xmsim: *E,TCLERR: invalid command name "firsthit_contract".
xcelium> xmsim: *E,TCLERR: invalid command name "smoke_single_conv".
xcelium> xmsim: *E,TCLERR: invalid command name "full_mode_timestamp".
xcelium> xmsim: *E,TCLERR: invalid command name "global_watchdog_recovery".
xcelium> xmsim: *E,TCLERR: invalid command name "multi_conv_rearm_stress".
xcelium> xmsim: *E,TCLERR: invalid command name "long_random".
xcelium> xmsim: *E,TCLERR: invalid command name "cal_inject".
xcelium> xmsim: *E,TCLERR: invalid command name "coverage_exhaustive".
xcelium> xmsim: *E,TCLERR: invalid command name "hard_reset_readback".
xcelium> xmsim: *E,TCLERR: invalid command name "csr_readback_control".
xcelium> xmsim: *E,TCLERR: invalid command name "start_watchdog".
xcelium> xmsim: *E,TCLERR: invalid command name "stress_random".
xcelium> xmsim: *E,TCLERR: invalid command name "backpressure_integrity".
xcelium> xmsim: *E,TCLERR: invalid command name "overflow_status".
xcelium> xmsim: *E,TCLERR: invalid command name "vip_ref_stop_cdv".
xcelium> xmsim: *E,TCLERR: invalid command name "vip_maxhits_matrix".
xcelium> xmsim: *E,TCLERR: invalid command name "smoke_single_conv".
xcelium> xmsim: *E,TCLERR: invalid command name "backpressure_integrity".
xcelium> xmsim: *E,TCLERR: invalid command name "cal_inject".
xcelium> xmsim: *E,TCLERR: invalid command name "start_watchdog".
xcelium> xmsim: *E,TCLERR: invalid command name "long_random".
xcelium> xmsim: *E,TCLERR: invalid command name "firsthit_contract".
xcelium> xmsim: *E,TCLERR: invalid command name "multi_conv_rearm_stress".
xcelium> xmsim: *E,TCLERR: invalid command name "csr_readback_control".
xcelium> xmsim: *E,TCLERR: invalid command name "overflow_status".
xcelium> xmsim: *E,TCLERR: invalid command name "global_watchdog_recovery".
xcelium> xmsim: *E,TCLERR: invalid command name "full_mode_timestamp".
xcelium> xmsim: *E,TCLERR: invalid command name "stress_random".
xcelium> xmsim: *E,TCLERR: invalid command name "hard_reset_readback".
xcelium> xmsim: *E,TCLERR: invalid command name "coverage_exhaustive".
xcelium> xmsim: *E,TCLERR: invalid command name "vip_ref_stop_cdv".
xcelium> xmsim: *E,TCLERR: invalid command name "vip_maxhits_matrix".
xcelium> xmsim: *E,TCLERR: invalid command name "full_mode_timestamp".
xcelium> xmsim: *E,TCLERR: invalid command name "firsthit_contract".
xcelium> xmsim: *E,TCLERR: invalid command name "smoke_single_conv".
xcelium> xmsim: *E,TCLERR: invalid command name "backpressure_integrity".
xcelium> xmsim: *E,TCLERR: invalid command name "long_random".
xcelium> xmsim: *E,TCLERR: invalid command name "csr_readback_control".
xcelium> xmsim: *E,TCLERR: invalid command name "start_watchdog".
xcelium> xmsim: *E,TCLERR: invalid command name "coverage_exhaustive".
xcelium> xmsim: *E,TCLERR: invalid command name "cal_inject".
xcelium> xmsim: *E,TCLERR: invalid command name "stress_random".
xcelium> xmsim: *E,TCLERR: invalid command name "multi_conv_rearm_stress".
xcelium> xmsim: *E,TCLERR: invalid command name "hard_reset_readback".
xcelium> xmsim: *E,TCLERR: invalid command name "global_watchdog_recovery".
xcelium> xmsim: *E,TCLERR: invalid command name "overflow_status".
xcelium> xmsim: *E,TCLERR: invalid command name "vip_ref_stop_cdv".
xcelium> xmsim: *E,TCLERR: invalid command name "smoke_single_conv".
xcelium> xmsim: *E,TCLERR: invalid command name "vip_maxhits_matrix".
xcelium> xmsim: *E,TCLERR: invalid command name "firsthit_contract".
xcelium> xmsim: *E,TCLERR: invalid command name "cal_inject".
xcelium> xmsim: *E,TCLERR: invalid command name "multi_conv_rearm_stress".
xcelium> xmsim: *E,TCLERR: invalid command name "overflow_status".
xcelium> xmsim: *E,TCLERR: invalid command name "backpressure_integrity".
xcelium> xmsim: *E,TCLERR: invalid command name "global_watchdog_recovery".
xcelium> xmsim: *E,TCLERR: invalid command name "csr_readback_control".
xcelium> xmsim: *E,TCLERR: invalid command name "long_random".
xcelium> xmsim: *E,TCLERR: invalid command name "full_mode_timestamp".
xcelium> xmsim: *E,TCLERR: invalid command name "start_watchdog".
xcelium> xmsim: *E,TCLERR: invalid command name "hard_reset_readback".
xcelium> xmsim: *E,TCLERR: invalid command name "stress_random".
xcelium> xmsim: *E,TCLERR: invalid command name "coverage_exhaustive".
xcelium> xmsim: *E,TCLERR: invalid command name "vip_ref_stop_cdv".
xcelium> xmsim: *E,TCLERR: invalid command name "multi_conv_rearm_stress".
xcelium> xmsim: *E,TCLERR: invalid command name "vip_maxhits_matrix".
xcelium> xmsim: *E,TCLERR: invalid command name "firsthit_contract".
xcelium> xmsim: *E,TCLERR: invalid command name "backpressure_integrity".
xcelium> xmsim: *E,TCLERR: invalid command name "cal_inject".
xcelium> xmsim: *E,TCLERR: invalid command name "long_random".
xcelium> xmsim: *E,TCLERR: invalid command name "csr_readback_control".
xcelium> xmsim: *E,TCLERR: invalid command name "overflow_status".
xcelium> xmsim: *E,TCLERR: invalid command name "hard_reset_readback".
xcelium> xmsim: *E,TCLERR: invalid command name "global_watchdog_recovery".
xcelium> xmsim: *E,TCLERR: invalid command name "start_watchdog".
xcelium> xmsim: *E,TCLERR: invalid command name "smoke_single_conv".
xcelium> xmsim: *E,TCLERR: invalid command name "full_mode_timestamp".
xcelium> xmsim: *E,TCLERR: invalid command name "vip_ref_stop_cdv".
xcelium> xmsim: *E,TCLERR: invalid command name "stress_random".
xcelium> xmsim: *E,TCLERR: invalid command name "coverage_exhaustive".
xcelium> xmsim: *E,TCLERR: invalid command name "smoke_single_conv".
xcelium> xmsim: *E,TCLERR: invalid command name "vip_maxhits_matrix".
xcelium> xmsim: *E,TCLERR: invalid command name "full_mode_timestamp".
xcelium> xmsim: *E,TCLERR: invalid command name "overflow_status".
xcelium> xmsim: *E,TCLERR: invalid command name "firsthit_contract".
xcelium> xmsim: *E,TCLERR: invalid command name "start_watchdog".
xcelium> xmsim: *E,TCLERR: invalid command name "csr_readback_control".
xcelium> xmsim: *E,TCLERR: invalid command name "cal_inject".
xcelium> xmsim: *E,TCLERR: invalid command name "backpressure_integrity".
xcelium> xmsim: *E,TCLERR: invalid command name "long_random".
xcelium> xmsim: *E,TCLERR: invalid command name "global_watchdog_recovery".
xcelium> xmsim: *E,TCLERR: invalid command name "multi_conv_rearm_stress".
xcelium> xmsim: *E,TCLERR: invalid command name "vip_ref_stop_cdv".
xcelium> xmsim: *E,TCLERR: invalid command name "stress_random".
xcelium> xmsim: *E,TCLERR: invalid command name "hard_reset_readback".
xcelium> xmsim: *E,TCLERR: invalid command name "coverage_exhaustive".
xcelium> xmsim: *E,TCLERR: invalid command name "vip_maxhits_matrix".
xcelium> xmsim: *E,TCLERR: invalid command name "backpressure_integrity".
xcelium> xmsim: *E,TCLERR: invalid command name "smoke_single_conv".
xcelium> xmsim: *E,TCLERR: invalid command name "long_random".
xcelium> xmsim: *E,TCLERR: invalid command name "global_watchdog_recovery".
xcelium> xmsim: *E,TCLERR: invalid command name "hard_reset_readback".
xcelium> xmsim: *E,TCLERR: invalid command name "stress_random".
xcelium> xmsim: *E,TCLERR: invalid command name "full_mode_timestamp".
xcelium> xmsim: *E,TCLERR: invalid command name "overflow_status".
xcelium> xmsim: *E,TCLERR: invalid command name "start_watchdog".
xcelium> xmsim: *E,TCLERR: invalid command name "coverage_exhaustive".
xcelium> xmsim: *E,TCLERR: invalid command name "cal_inject".
xcelium> xmsim: *E,TCLERR: invalid command name "csr_readback_control".
xcelium> xmsim: *E,TCLERR: invalid command name "vip_ref_stop_cdv".
xcelium> xmsim: *E,TCLERR: invalid command name "multi_conv_rearm_stress".
xcelium> xmsim: *E,TCLERR: invalid command name "firsthit_contract".
xcelium> xmsim: *E,TCLERR: invalid command name "vip_maxhits_matrix".
xcelium> xmsim: *E,TCLERR: invalid command name "smoke_single_conv".
xcelium> xmsim: *E,TCLERR: invalid command name "full_mode_timestamp".
xcelium> xmsim: *E,TCLERR: invalid command name "start_watchdog".
xcelium> xmsim: *E,TCLERR: invalid command name "firsthit_contract".
xcelium> xmsim: *E,TCLERR: invalid command name "long_random".
xcelium> xmsim: *E,TCLERR: invalid command name "cal_inject".
xcelium> xmsim: *E,TCLERR: invalid command name "overflow_status".
xcelium> xmsim: *E,TCLERR: invalid command name "backpressure_integrity".
xcelium> xmsim: *E,TCLERR: invalid command name "multi_conv_rearm_stress".
xcelium> xmsim: *E,TCLERR: invalid command name "csr_readback_control".
xcelium> xmsim: *E,TCLERR: invalid command name "global_watchdog_recovery".
xcelium> xmsim: *E,TCLERR: invalid command name "hard_reset_readback".
xcelium> xmsim: *E,TCLERR: invalid command name "vip_ref_stop_cdv".
xcelium> xmsim: *E,TCLERR: invalid command name "smoke_single_conv".
xcelium> xmsim: *E,TCLERR: invalid command name "stress_random".
xcelium> xmsim: *E,TCLERR: invalid command name "vip_maxhits_matrix".
xcelium> xmsim: *E,TCLERR: invalid command name "full_mode_timestamp".
xcelium> xmsim: *E,TCLERR: invalid command name "coverage_exhaustive".
xcelium> xmsim: *E,TCLERR: invalid command name "firsthit_contract".
xcelium> xmsim: *E,TCLERR: invalid command name "cal_inject".
xcelium> xmsim: *E,TCLERR: invalid command name "backpressure_integrity".
xcelium> xmsim: *E,TCLERR: invalid command name "start_watchdog".
xcelium> xmsim: *E,TCLERR: invalid command name "multi_conv_rearm_stress".
xcelium> xmsim: *E,TCLERR: invalid command name "overflow_status".
xcelium> xmsim: *E,TCLERR: invalid command name "global_watchdog_recovery".
xcelium> xmsim: *E,TCLERR: invalid command name "long_random".
xcelium> xmsim: *E,TCLERR: invalid command name "vip_ref_stop_cdv".
xcelium> xmsim: *E,TCLERR: invalid command name "csr_readback_control".
xcelium> xmsim: *E,TCLERR: invalid command name "coverage_exhaustive".
xcelium> xmsim: *E,TCLERR: invalid command name "stress_random".
xcelium> xmsim: *E,TCLERR: invalid command name "hard_reset_readback".
xcelium> xmsim: *E,TCLERR: invalid command name "smoke_single_conv".
xcelium> xmsim: *E,TCLERR: invalid command name "backpressure_integrity".
xcelium> xmsim: *E,TCLERR: invalid command name "start_watchdog".
xcelium> xmsim: *E,TCLERR: invalid command name "vip_maxhits_matrix".
xcelium> xmsim: *E,TCLERR: invalid command name "full_mode_timestamp".
xcelium> xmsim: *E,TCLERR: invalid command name "long_random".
xcelium> xmsim: *E,TCLERR: invalid command name "cal_inject".
xcelium> xmsim: *E,TCLERR: invalid command name "global_watchdog_recovery".
xcelium> xmsim: *E,TCLERR: invalid command name "multi_conv_rearm_stress".
xcelium> xmsim: *E,TCLERR: invalid command name "csr_readback_control".
xcelium> xmsim: *E,TCLERR: invalid command name "firsthit_contract".
xcelium> xmsim: *E,TCLERR: invalid command name "overflow_status".
xcelium> xmsim: *E,TCLERR: invalid command name "hard_reset_readback".
xcelium> xmsim: *E,TCLERR: invalid command name "coverage_exhaustive".
xcelium> xmsim: *E,TCLERR: invalid command name "stress_random".
xcelium> xmsim: *E,TCLERR: invalid command name "full_mode_timestamp".
xcelium> xmsim: *E,TCLERR: invalid command name "vip_maxhits_matrix".
xcelium> xmsim: *E,TCLERR: invalid command name "vip_ref_stop_cdv".
xcelium> xmsim: *E,TCLERR: invalid command name "smoke_single_conv".
xcelium> xmsim: *E,TCLERR: invalid command name "firsthit_contract".
xcelium> xmsim: *E,TCLERR: invalid command name "backpressure_integrity".
xcelium> xmsim: *E,TCLERR: invalid command name "start_watchdog".
xcelium> xmsim: *E,TCLERR: invalid command name "long_random".
xcelium> xmsim: *E,TCLERR: invalid command name "csr_readback_control".
xcelium> xmsim: *E,TCLERR: invalid command name "multi_conv_rearm_stress".
xcelium> xmsim: *E,TCLERR: invalid command name "overflow_status".
xcelium> xmsim: *E,TCLERR: invalid command name "global_watchdog_recovery".
xcelium> xmsim: *E,TCLERR: invalid command name "hard_reset_readback".
xcelium> xmsim: *E,TCLERR: invalid command name "cal_inject".
xcelium> xmsim: *E,TCLERR: invalid command name "vip_ref_stop_cdv".
xcelium> xmsim: *E,TCLERR: invalid command name "stress_random".
xcelium> xmsim: *E,TCLERR: invalid command name "start_watchdog".
xcelium> xmsim: *E,TCLERR: invalid command name "full_mode_timestamp".
xcelium> xmsim: *E,TCLERR: invalid command name "smoke_single_conv".
xcelium> xmsim: *E,TCLERR: invalid command name "coverage_exhaustive".
xcelium> xmsim: *E,TCLERR: invalid command name "multi_conv_rearm_stress".
xcelium> xmsim: *E,TCLERR: invalid command name "csr_readback_control".
xcelium> xmsim: *E,TCLERR: invalid command name "vip_maxhits_matrix".
xcelium> xmsim: *E,TCLERR: invalid command name "cal_inject".
xcelium> xmsim: *E,TCLERR: invalid command name "firsthit_contract".
xcelium> xmsim: *E,TCLERR: invalid command name "global_watchdog_recovery".
xcelium> xmsim: *E,TCLERR: invalid command name "long_random".
xcelium> xmsim: *E,TCLERR: invalid command name "backpressure_integrity".
xcelium> xmsim: *E,TCLERR: invalid command name "overflow_status".
xcelium> xmsim: *E,TCLERR: invalid command name "hard_reset_readback".
xcelium> xmsim: *E,TCLERR: invalid command name "coverage_exhaustive".
xcelium> xmsim: *E,TCLERR: invalid command name "stress_random".
xcelium> xmsim: *E,TCLERR: invalid command name "vip_ref_stop_cdv".
xcelium> xmsim: *E,TCLERR: invalid command name "full_mode_timestamp".
xcelium> xmsim: *E,TCLERR: invalid command name "smoke_single_conv".
xcelium> xmsim: *E,TCLERR: invalid command name "vip_maxhits_matrix".
xcelium> xmsim: *E,TCLERR: invalid command name "backpressure_integrity".
xcelium> xmsim: *E,TCLERR: invalid command name "start_watchdog".
xcelium> xmsim: *E,TCLERR: invalid command name "firsthit_contract".
xcelium> xmsim: *E,TCLERR: invalid command name "cal_inject".
xcelium> xmsim: *E,TCLERR: invalid command name "long_random".
xcelium> xmsim: *E,TCLERR: invalid command name "overflow_status".
xcelium> xmsim: *E,TCLERR: invalid command name "multi_conv_rearm_stress".
xcelium> xmsim: *E,TCLERR: invalid command name "csr_readback_control".
xcelium> xmsim: *E,TCLERR: invalid command name "hard_reset_readback".
xcelium> xmsim: *E,TCLERR: invalid command name "global_watchdog_recovery".
xcelium> xmsim: *E,TCLERR: invalid command name "vip_ref_stop_cdv".
xcelium> xmsim: *E,TCLERR: invalid command name "long_random".
xcelium> xmsim: *E,TCLERR: invalid command name "stress_random".
xcelium> xmsim: *E,TCLERR: invalid command name "smoke_single_conv".
xcelium> xmsim: *E,TCLERR: invalid command name "start_watchdog".
xcelium> xmsim: *E,TCLERR: invalid command name "global_watchdog_recovery".
xcelium> xmsim: *E,TCLERR: invalid command name "cal_inject".
xcelium> xmsim: *E,TCLERR: invalid command name "backpressure_integrity".
xcelium> xmsim: *E,TCLERR: invalid command name "full_mode_timestamp".
xcelium> xmsim: *E,TCLERR: invalid command name "overflow_status".
xcelium> xmsim: *E,TCLERR: invalid command name "vip_maxhits_matrix".
xcelium> xmsim: *E,TCLERR: invalid command name "coverage_exhaustive".
xcelium> xmsim: *E,TCLERR: invalid command name "firsthit_contract".
xcelium> xmsim: *E,TCLERR: invalid command name "multi_conv_rearm_stress".
xcelium> xmsim: *E,TCLERR: invalid command name "csr_readback_control".
xcelium> xmsim: *E,TCLERR: invalid command name "vip_ref_stop_cdv".
xcelium> xmsim: *E,TCLERR: invalid command name "coverage_exhaustive".
xcelium> xmsim: *E,TCLERR: invalid command name "hard_reset_readback".
xcelium> xmsim: *E,TCLERR: invalid command name "vip_maxhits_matrix".
xcelium> xmsim: *E,TCLERR: invalid command name "stress_random".
xcelium> xmsim: *E,TCLERR: invalid command name "smoke_single_conv".
xcelium> xmsim: *E,TCLERR: invalid command name "full_mode_timestamp".
xcelium> xmsim: *E,TCLERR: invalid command name "firsthit_contract".
xcelium> xmsim: *E,TCLERR: invalid command name "start_watchdog".
xcelium> xmsim: *E,TCLERR: invalid command name "backpressure_integrity".
xcelium> xmsim: *E,TCLERR: invalid command name "long_random".
xcelium> xmsim: *E,TCLERR: invalid command name "cal_inject".
xcelium> xmsim: *E,TCLERR: invalid command name "overflow_status".
xcelium> xmsim: *E,TCLERR: invalid command name "csr_readback_control".
xcelium> xmsim: *E,TCLERR: invalid command name "hard_reset_readback".
xcelium> xmsim: *E,TCLERR: invalid command name "multi_conv_rearm_stress".
xcelium> xmsim: *E,TCLERR: invalid command name "global_watchdog_recovery".
xcelium> xmsim: *E,TCLERR: invalid command name "coverage_exhaustive".
xcelium> xmsim: *E,TCLERR: invalid command name "full_mode_timestamp".
xcelium> xmsim: *E,TCLERR: invalid command name "long_random".
xcelium> xmsim: *E,TCLERR: invalid command name "hard_reset_readback".
xcelium> xmsim: *E,TCLERR: invalid command name "stress_random".
xcelium> xmsim: *E,TCLERR: invalid command name "smoke_single_conv".
xcelium> xmsim: *E,TCLERR: invalid command name "overflow_status".
xcelium> xmsim: *E,TCLERR: invalid command name "vip_maxhits_matrix".
xcelium> xmsim: *E,TCLERR: invalid command name "vip_ref_stop_cdv".
xcelium> xmsim: *E,TCLERR: invalid command name "multi_conv_rearm_stress".
xcelium> xmsim: *E,TCLERR: invalid command name "cal_inject".
xcelium> xmsim: *E,TCLERR: invalid command name "start_watchdog".
xcelium> xmsim: *E,TCLERR: invalid command name "stress_random".
xcelium> xmsim: *E,TCLERR: invalid command name "firsthit_contract".
xcelium> xmsim: *E,TCLERR: invalid command name "global_watchdog_recovery".
xcelium> xmsim: *E,TCLERR: invalid command name "backpressure_integrity".
xcelium> xmsim: *E,TCLERR: invalid command name "vip_maxhits_matrix".
xcelium> xmsim: *E,TCLERR: invalid command name "csr_readback_control".
xcelium> xmsim: *E,TCLERR: invalid command name "vip_ref_stop_cdv".
xcelium> xmsim: *E,TCLERR: invalid command name "smoke_single_conv".
xcelium> xmsim: *E,TCLERR: invalid command name "coverage_exhaustive".
xcelium> xmsim: *E,TCLERR: invalid command name "multi_conv_rearm_stress".
xcelium> xmsim: *E,TCLERR: invalid command name "long_random".
xcelium> xmsim: *E,TCLERR: invalid command name "full_mode_timestamp".
xcelium> xmsim: *E,TCLERR: invalid command name "overflow_status".
xcelium> xmsim: *E,TCLERR: invalid command name "csr_readback_control".
xcelium> xmsim: *E,TCLERR: invalid command name "backpressure_integrity".
xcelium> xmsim: *E,TCLERR: invalid command name "start_watchdog".
xcelium> xmsim: *E,TCLERR: invalid command name "global_watchdog_recovery".
xcelium> xmsim: *E,TCLERR: invalid command name "cal_inject".
xcelium> xmsim: *E,TCLERR: invalid command name "firsthit_contract".
xcelium> xmsim: *E,TCLERR: invalid command name "hard_reset_readback".
xcelium> xmsim: *E,TCLERR: invalid command name "stress_random".
xcelium> xmsim: *E,TCLERR: invalid command name "vip_ref_stop_cdv".
xcelium> xmsim: *E,TCLERR: invalid command name "overflow_status".
xcelium> xmsim: *E,TCLERR: invalid command name "start_watchdog".
xcelium> xmsim: *E,TCLERR: invalid command name "vip_maxhits_matrix".
xcelium> xmsim: *E,TCLERR: invalid command name "firsthit_contract".
xcelium> xmsim: *E,TCLERR: invalid command name "stress_random".
xcelium> xmsim: *E,TCLERR: invalid command name "multi_conv_rearm_stress".
xcelium> xmsim: *E,TCLERR: invalid command name "csr_readback_control".
xcelium> xmsim: *E,TCLERR: invalid command name "smoke_single_conv".
xcelium> xmsim: *E,TCLERR: invalid command name "coverage_exhaustive".
xcelium> xmsim: *E,TCLERR: invalid command name "vip_maxhits_matrix".
xcelium> xmsim: *E,TCLERR: invalid command name "full_mode_timestamp".
xcelium> xmsim: *E,TCLERR: invalid command name "cal_inject".
xcelium> xmsim: *E,TCLERR: invalid command name "global_watchdog_recovery".
xcelium> xmsim: *E,TCLERR: invalid command name "long_random".
xcelium> xmsim: *E,TCLERR: invalid command name "vip_ref_stop_cdv".
xcelium> xmsim: *E,TCLERR: invalid command name "backpressure_integrity".
xcelium> xmsim: *E,TCLERR: invalid command name "coverage_exhaustive".
xcelium> xmsim: *E,TCLERR: invalid command name "smoke_single_conv".
xcelium> xmsim: *E,TCLERR: invalid command name "hard_reset_readback".
xcelium> xmsim: *E,TCLERR: invalid command name "cal_inject".
xcelium> xmsim: *E,TCLERR: invalid command name "backpressure_integrity".
xcelium> xmsim: *E,TCLERR: invalid command name "firsthit_contract".
xcelium> xmsim: *E,TCLERR: invalid command name "start_watchdog".
xcelium> xmsim: *E,TCLERR: invalid command name "overflow_status".
xcelium> xmsim: *E,TCLERR: invalid command name "full_mode_timestamp".
xcelium> xmsim: *E,TCLERR: invalid command name "global_watchdog_recovery".
xcelium> xmsim: *E,TCLERR: invalid command name "multi_conv_rearm_stress".
xcelium> xmsim: *E,TCLERR: invalid command name "csr_readback_control".
xcelium> xmsim: *E,TCLERR: invalid command name "long_random".
xcelium> xmsim: *E,TCLERR: invalid command name "hard_reset_readback".
xcelium> xmsim: *E,TCLERR: invalid command name "vip_ref_stop_cdv".
xcelium> xmsim: *E,TCLERR: invalid command name "vip_maxhits_matrix".
xcelium> xmsim: *E,TCLERR: invalid command name "coverage_exhaustive".
xcelium> xmsim: *E,TCLERR: invalid command name "full_mode_timestamp".
xcelium> xmsim: *E,TCLERR: invalid command name "stress_random".
xcelium> xmsim: *E,TCLERR: invalid command name "csr_readback_control".
xcelium> xmsim: *E,TCLERR: invalid command name "global_watchdog_recovery".
xcelium> xmsim: *E,TCLERR: invalid command name "overflow_status".
xcelium> xmsim: *E,TCLERR: invalid command name "stress_random".
xcelium> xmsim: *E,TCLERR: invalid command name "smoke_single_conv".
xcelium> xmsim: *E,TCLERR: invalid command name "hard_reset_readback".
xcelium> xmsim: *E,TCLERR: invalid command name "cal_inject".
xcelium> xmsim: *E,TCLERR: invalid command name "long_random".
xcelium> xmsim: *E,TCLERR: invalid command name "backpressure_integrity".
xcelium> xmsim: *E,TCLERR: invalid command name "coverage_exhaustive".
xcelium> xmsim: *E,TCLERR: invalid command name "firsthit_contract".
xcelium> xmsim: *E,TCLERR: invalid command name "vip_ref_stop_cdv".
xcelium> xmsim: *E,TCLERR: invalid command name "multi_conv_rearm_stress".
xcelium> xmsim: *E,TCLERR: invalid command name "start_watchdog".
xcelium> xmsim: *E,TCLERR: invalid command name "smoke_single_conv".
xcelium> xmsim: *E,TCLERR: invalid command name "vip_maxhits_matrix".
xcelium> xmsim: *E,TCLERR: invalid command name "long_random".
xcelium> xmsim: *E,TCLERR: invalid command name "cal_inject".
xcelium> xmsim: *E,TCLERR: invalid command name "full_mode_timestamp".
xcelium> xmsim: *E,TCLERR: invalid command name "firsthit_contract".
xcelium> xmsim: *E,TCLERR: invalid command name "backpressure_integrity".
xcelium> xmsim: *E,TCLERR: invalid command name "overflow_status".
xcelium> xmsim: *E,TCLERR: invalid command name "start_watchdog".
xcelium> xmsim: *E,TCLERR: invalid command name "multi_conv_rearm_stress".
xcelium> xmsim: *E,TCLERR: invalid command name "global_watchdog_recovery".
xcelium> xmsim: *E,TCLERR: invalid command name "csr_readback_control".
xcelium> xmsim: *E,TCLERR: invalid command name "hard_reset_readback".
xcelium> xmsim: *E,TCLERR: invalid command name "coverage_exhaustive".
xcelium> xmsim: *E,TCLERR: invalid command name "stress_random".
xcelium> xmsim: *E,TCLERR: invalid command name "backpressure_integrity".
xcelium> xmsim: *E,TCLERR: invalid command name "vip_maxhits_matrix".
xcelium> xmsim: *E,TCLERR: invalid command name "firsthit_contract".
xcelium> xmsim: *E,TCLERR: invalid command name "vip_ref_stop_cdv".
xcelium> xmsim: *E,TCLERR: invalid command name "smoke_single_conv".
xcelium> xmsim: *E,TCLERR: invalid command name "global_watchdog_recovery".
xcelium> xmsim: *E,TCLERR: invalid command name "full_mode_timestamp".
xcelium> xmsim: *E,TCLERR: invalid command name "long_random".
xcelium> xmsim: *E,TCLERR: invalid command name "hard_reset_readback".
xcelium> xmsim: *E,TCLERR: invalid command name "csr_readback_control".
xcelium> xmsim: *E,TCLERR: invalid command name "multi_conv_rearm_stress".
xcelium> xmsim: *E,TCLERR: invalid command name "start_watchdog".
xcelium> xmsim: *E,TCLERR: invalid command name "coverage_exhaustive".
xcelium> xmsim: *E,TCLERR: invalid command name "cal_inject".
xcelium> xmsim: *E,TCLERR: invalid command name "overflow_status".
xcelium> xmsim: *E,TCLERR: invalid command name "stress_random".
xcelium> xmsim: *E,TCLERR: invalid command name "vip_ref_stop_cdv".
xcelium> xmsim: *E,TCLERR: invalid command name "smoke_single_conv".
xcelium> xmsim: *E,TCLERR: invalid command name "vip_maxhits_matrix".
xcelium> xmsim: *E,TCLERR: invalid command name "cal_inject".
xcelium> xmsim: *E,TCLERR: invalid command name "long_random".
xcelium> xmsim: *E,TCLERR: invalid command name "backpressure_integrity".
xcelium> xmsim: *E,TCLERR: invalid command name "overflow_status".
xcelium> xmsim: *E,TCLERR: invalid command name "firsthit_contract".
xcelium> xmsim: *E,TCLERR: invalid command name "multi_conv_rearm_stress".
xcelium> xmsim: *E,TCLERR: invalid command name "full_mode_timestamp".
xcelium> xmsim: *E,TCLERR: invalid command name "start_watchdog".
xcelium> xmsim: *E,TCLERR: invalid command name "global_watchdog_recovery".
xcelium> xmsim: *E,TCLERR: invalid command name "csr_readback_control".
xcelium> xmsim: *E,TCLERR: invalid command name "hard_reset_readback".
xcelium> xmsim: *E,TCLERR: invalid command name "coverage_exhaustive".
xcelium> xmsim: *E,TCLERR: invalid command name "stress_random".
xcelium> xmsim: *E,TCLERR: invalid command name "vip_maxhits_matrix".
xcelium> xmsim: *E,TCLERR: invalid command name "firsthit_contract".
xcelium> xmsim: *E,TCLERR: invalid command name "vip_ref_stop_cdv".
xcelium> xmsim: *E,TCLERR: invalid command name "smoke_single_conv".
xcelium> xmsim: *E,TCLERR: invalid command name "long_random".
xcelium> xmsim: *E,TCLERR: invalid command name "start_watchdog".
xcelium> xmsim: *E,TCLERR: invalid command name "multi_conv_rearm_stress".
xcelium> xmsim: *E,TCLERR: invalid command name "full_mode_timestamp".
xcelium> xmsim: *E,TCLERR: invalid command name "overflow_status".
xcelium> xmsim: *E,TCLERR: invalid command name "cal_inject".
xcelium> xmsim: *E,TCLERR: invalid command name "global_watchdog_recovery".
xcelium> xmsim: *E,TCLERR: invalid command name "backpressure_integrity".
xcelium> xmsim: *E,TCLERR: invalid command name "hard_reset_readback".
xcelium> xmsim: *E,TCLERR: invalid command name "csr_readback_control".
xcelium> xmsim: *E,TCLERR: invalid command name "coverage_exhaustive".
xcelium> xmsim: *E,TCLERR: invalid command name "stress_random".
xcelium> xmsim: *E,TCLERR: invalid command name "vip_maxhits_matrix".
xcelium> xmsim: *E,TCLERR: invalid command name "vip_ref_stop_cdv".
xcelium> xmsim: *E,TCLERR: invalid command name "csr_readback_control".
xcelium> xmsim: *E,TCLERR: invalid command name "cal_inject".
xcelium> xmsim: *E,TCLERR: invalid command name "backpressure_integrity".
xcelium> xmsim: *E,TCLERR: invalid command name "firsthit_contract".
xcelium> xmsim: *E,TCLERR: invalid command name "smoke_single_conv".
xcelium> xmsim: *E,TCLERR: invalid command name "full_mode_timestamp".
xcelium> xmsim: *E,TCLERR: invalid command name "long_random".
xcelium> xmsim: *E,TCLERR: invalid command name "start_watchdog".
xcelium> xmsim: *E,TCLERR: invalid command name "overflow_status".
xcelium> xmsim: *E,TCLERR: invalid command name "global_watchdog_recovery".
xcelium> xmsim: *E,TCLERR: invalid command name "multi_conv_rearm_stress".
xcelium> xmsim: *E,TCLERR: invalid command name "hard_reset_readback".
xcelium> xmsim: *E,TCLERR: invalid command name "stress_random".
xcelium> xmsim: *E,TCLERR: invalid command name "coverage_exhaustive".
xcelium> xmsim: *E,TCLERR: invalid command name "vip_ref_stop_cdv".
xcelium> xmsim: *E,TCLERR: invalid command name "smoke_single_conv".
xcelium> xmsim: *E,TCLERR: invalid command name "vip_maxhits_matrix".
xcelium> xmsim: *E,TCLERR: invalid command name "csr_readback_control".
xcelium> xmsim: *E,TCLERR: invalid command name "firsthit_contract".
xcelium> xmsim: *E,TCLERR: invalid command name "overflow_status".
xcelium> xmsim: *E,TCLERR: invalid command name "cal_inject".
xcelium> xmsim: *E,TCLERR: invalid command name "backpressure_integrity".
xcelium> xmsim: *E,TCLERR: invalid command name "global_watchdog_recovery".
xcelium> xmsim: *E,TCLERR: invalid command name "full_mode_timestamp".
xcelium> xmsim: *E,TCLERR: invalid command name "long_random".
xcelium> xmsim: *E,TCLERR: invalid command name "start_watchdog".
xcelium> xmsim: *E,TCLERR: invalid command name "hard_reset_readback".
xcelium> xmsim: *E,TCLERR: invalid command name "multi_conv_rearm_stress".
xcelium> xmsim: *E,TCLERR: invalid command name "coverage_exhaustive".
xcelium> xmsim: *E,TCLERR: invalid command name "vip_maxhits_matrix".
xcelium> xmsim: *E,TCLERR: invalid command name "smoke_single_conv".
xcelium> xmsim: *E,TCLERR: invalid command name "stress_random".
xcelium> xmsim: *E,TCLERR: invalid command name "backpressure_integrity".
xcelium> xmsim: *E,TCLERR: invalid command name "vip_ref_stop_cdv".
xcelium> xmsim: *E,TCLERR: invalid command name "full_mode_timestamp".
xcelium> xmsim: *E,TCLERR: invalid command name "cal_inject".
xcelium> xmsim: *E,TCLERR: invalid command name "firsthit_contract".
xcelium> xmsim: *E,TCLERR: invalid command name "long_random".
xcelium> xmsim: *E,TCLERR: invalid command name "global_watchdog_recovery".
xcelium> xmsim: *E,TCLERR: invalid command name "overflow_status".
xcelium> xmsim: *E,TCLERR: invalid command name "multi_conv_rearm_stress".
xcelium> xmsim: *E,TCLERR: invalid command name "start_watchdog".
xcelium> xmsim: *E,TCLERR: invalid command name "csr_readback_control".
xcelium> xmsim: *E,TCLERR: invalid command name "hard_reset_readback".
xcelium> xmsim: *E,TCLERR: invalid command name "stress_random".
xcelium> xmsim: *E,TCLERR: invalid command name "coverage_exhaustive".
xcelium> xmsim: *E,TCLERR: invalid command name "vip_ref_stop_cdv".
xcelium> xmsim: *E,TCLERR: invalid command name "smoke_single_conv".
xcelium> xmsim: *E,TCLERR: invalid command name "vip_maxhits_matrix".
xcelium> xmsim: *E,TCLERR: invalid command name "full_mode_timestamp".
xcelium> xmsim: *E,TCLERR: invalid command name "overflow_status".
xcelium> xmsim: *E,TCLERR: invalid command name "multi_conv_rearm_stress".
xcelium> xmsim: *E,TCLERR: invalid command name "long_random".
xcelium> xmsim: *E,TCLERR: invalid command name "backpressure_integrity".
xcelium> xmsim: *E,TCLERR: invalid command name "csr_readback_control".
xcelium> xmsim: *E,TCLERR: invalid command name "start_watchdog".
xcelium> xmsim: *E,TCLERR: invalid command name "global_watchdog_recovery".
xcelium> xmsim: *E,TCLERR: invalid command name "firsthit_contract".
xcelium> xmsim: *E,TCLERR: invalid command name "cal_inject".
xcelium> xmsim: *E,TCLERR: invalid command name "hard_reset_readback".
xcelium> xmsim: *E,TCLERR: invalid command name "coverage_exhaustive".
xcelium> xmsim: *E,TCLERR: invalid command name "stress_random".
xcelium> xmsim: *E,TCLERR: invalid command name "vip_ref_stop_cdv".
xcelium> xmsim: *E,TCLERR: invalid command name "start_watchdog".
xcelium> xmsim: *E,TCLERR: invalid command name "overflow_status".
xcelium> xmsim: *E,TCLERR: invalid command name "cal_inject".
xcelium> xmsim: *E,TCLERR: invalid command name "vip_maxhits_matrix".
xcelium> xmsim: *E,TCLERR: invalid command name "backpressure_integrity".
xcelium> xmsim: *E,TCLERR: invalid command name "firsthit_contract".
xcelium> xmsim: *E,TCLERR: invalid command name "smoke_single_conv".
xcelium> xmsim: *E,TCLERR: invalid command name "global_watchdog_recovery".
xcelium> xmsim: *E,TCLERR: invalid command name "long_random".
xcelium> xmsim: *E,TCLERR: invalid command name "multi_conv_rearm_stress".
xcelium> xmsim: *E,TCLERR: invalid command name "full_mode_timestamp".
xcelium> xmsim: *E,TCLERR: invalid command name "csr_readback_control".
xcelium> xmsim: *E,TCLERR: invalid command name "hard_reset_readback".
xcelium> xmsim: *E,TCLERR: invalid command name "coverage_exhaustive".
xcelium> xmsim: *E,TCLERR: invalid command name "stress_random".
xcelium> xmsim: *E,TCLERR: invalid command name "vip_ref_stop_cdv".
xcelium> xmsim: *E,TCLERR: invalid command name "vip_maxhits_matrix".
xcelium> xmsim: *E,TCLERR: invalid command name "firsthit_contract".
xcelium> xmsim: *E,TCLERR: invalid command name "full_mode_timestamp".
xcelium> xmsim: *E,TCLERR: invalid command name "smoke_single_conv".
xcelium> xmsim: *E,TCLERR: invalid command name "multi_conv_rearm_stress".
xcelium> xmsim: *E,TCLERR: invalid command name "start_watchdog".
xcelium> xmsim: *E,TCLERR: invalid command name "cal_inject".
xcelium> xmsim: *E,TCLERR: invalid command name "csr_readback_control".
xcelium> xmsim: *E,TCLERR: invalid command name "long_random".
xcelium> xmsim: *E,TCLERR: invalid command name "hard_reset_readback".
xcelium> xmsim: *E,TCLERR: invalid command name "global_watchdog_recovery".
xcelium> xmsim: *E,TCLERR: invalid command name "backpressure_integrity".
xcelium> xmsim: *E,TCLERR: invalid command name "overflow_status".
xcelium> xmsim: *E,TCLERR: invalid command name "vip_ref_stop_cdv".
xcelium> xmsim: *E,TCLERR: invalid command name "coverage_exhaustive".
xcelium> xmsim: *E,TCLERR: invalid command name "backpressure_integrity".
xcelium> xmsim: *E,TCLERR: invalid command name "smoke_single_conv".
xcelium> xmsim: *E,TCLERR: invalid command name "stress_random".
xcelium> xmsim: *E,TCLERR: invalid command name "full_mode_timestamp".
xcelium> xmsim: *E,TCLERR: invalid command name "vip_maxhits_matrix".
xcelium> xmsim: *E,TCLERR: invalid command name "firsthit_contract".
xcelium> xmsim: *E,TCLERR: invalid command name "cal_inject".
xcelium> xmsim: *E,TCLERR: invalid command name "multi_conv_rearm_stress".
xcelium> xmsim: *E,TCLERR: invalid command name "overflow_status".
xcelium> xmsim: *E,TCLERR: invalid command name "long_random".
xcelium> xmsim: *E,TCLERR: invalid command name "start_watchdog".
xcelium> xmsim: *E,TCLERR: invalid command name "csr_readback_control".
xcelium> xmsim: *E,TCLERR: invalid command name "hard_reset_readback".
xcelium> xmsim: *E,TCLERR: invalid command name "global_watchdog_recovery".
xcelium> xmsim: *E,TCLERR: invalid command name "hard_reset_readback".
xcelium> xmsim: *E,TCLERR: invalid command name "stress_random".
xcelium> xmsim: *E,TCLERR: invalid command name "coverage_exhaustive".
xcelium> xmsim: *E,TCLERR: invalid command name "backpressure_integrity".
xcelium> xmsim: *E,TCLERR: invalid command name "csr_readback_control".
xcelium> xmsim: *E,TCLERR: invalid command name "vip_ref_stop_cdv".
xcelium> xmsim: *E,TCLERR: invalid command name "start_watchdog".
xcelium> xmsim: *E,TCLERR: invalid command name "overflow_status".
xcelium> xmsim: *E,TCLERR: invalid command name "multi_conv_rearm_stress".
xcelium> xmsim: *E,TCLERR: invalid command name "firsthit_contract".
xcelium> xmsim: *E,TCLERR: invalid command name "full_mode_timestamp".
xcelium> xmsim: *E,TCLERR: invalid command name "vip_maxhits_matrix".
xcelium> xmsim: *E,TCLERR: invalid command name "global_watchdog_recovery".
xcelium> xmsim: *E,TCLERR: invalid command name "smoke_single_conv".
xcelium> xmsim: *E,TCLERR: invalid command name "long_random".
xcelium> xmsim: *E,TCLERR: invalid command name "cal_inject".
xcelium> xmsim: *E,TCLERR: invalid command name "coverage_exhaustive".
xcelium> xmsim: *E,TCLERR: invalid command name "smoke_single_conv".
xcelium> xmsim: *E,TCLERR: invalid command name "vip_maxhits_matrix".
xcelium> xmsim: *E,TCLERR: invalid command name "stress_random".
xcelium> xmsim: *E,TCLERR: invalid command name "full_mode_timestamp".
xcelium> xmsim: *E,TCLERR: invalid command name "firsthit_contract".
xcelium> xmsim: *E,TCLERR: invalid command name "vip_ref_stop_cdv".
xcelium> xmsim: *E,TCLERR: invalid command name "backpressure_integrity".
xcelium> xmsim: *E,TCLERR: invalid command name "multi_conv_rearm_stress".
xcelium> xmsim: *E,TCLERR: invalid command name "cal_inject".
xcelium> xmsim: *E,TCLERR: invalid command name "long_random".
xcelium> xmsim: *E,TCLERR: invalid command name "start_watchdog".
xcelium> xmsim: *E,TCLERR: invalid command name "overflow_status".
xcelium> xmsim: *E,TCLERR: invalid command name "global_watchdog_recovery".
xcelium> xmsim: *E,TCLERR: invalid command name "csr_readback_control".
xcelium> xmsim: *E,TCLERR: invalid command name "hard_reset_readback".
xcelium> xmsim: *E,TCLERR: invalid command name "coverage_exhaustive".
xcelium> xmsim: *E,TCLERR: invalid command name "stress_random".
xcelium> xmsim: *E,TCLERR: invalid command name "vip_ref_stop_cdv".
xcelium> xmsim: *E,TCLERR: invalid command name "firsthit_contract".
xcelium> xmsim: *E,TCLERR: invalid command name "full_mode_timestamp".
xcelium> xmsim: *E,TCLERR: invalid command name "vip_maxhits_matrix".
xcelium> xmsim: *E,TCLERR: invalid command name "backpressure_integrity".
xcelium> xmsim: *E,TCLERR: invalid command name "smoke_single_conv".
xcelium> xmsim: *E,TCLERR: invalid command name "cal_inject".
xcelium> xmsim: *E,TCLERR: invalid command name "start_watchdog".
xcelium> xmsim: *E,TCLERR: invalid command name "overflow_status".
xcelium> xmsim: *E,TCLERR: invalid command name "csr_readback_control".
xcelium> xmsim: *E,TCLERR: invalid command name "multi_conv_rearm_stress".
xcelium> xmsim: *E,TCLERR: invalid command name "hard_reset_readback".
xcelium> xmsim: *E,TCLERR: invalid command name "long_random".
xcelium> xmsim: *E,TCLERR: invalid command name "global_watchdog_recovery".
xcelium> xmsim: *E,TCLERR: invalid command name "vip_maxhits_matrix".
xcelium> xmsim: *E,TCLERR: invalid command name "firsthit_contract".
xcelium> xmsim: *E,TCLERR: invalid command name "full_mode_timestamp".
xcelium> xmsim: *E,TCLERR: invalid command name "smoke_single_conv".
xcelium> xmsim: *E,TCLERR: invalid command name "vip_ref_stop_cdv".
xcelium> xmsim: *E,TCLERR: invalid command name "stress_random".
xcelium> xmsim: *E,TCLERR: invalid command name "coverage_exhaustive".
xcelium> xmsim: *E,TCLERR: invalid command name "backpressure_integrity".
xcelium> xmsim: *E,TCLERR: invalid command name "start_watchdog".
xcelium> xmsim: *E,TCLERR: invalid command name "overflow_status".
xcelium> xmsim: *E,TCLERR: invalid command name "long_random".
xcelium> xmsim: *E,TCLERR: invalid command name "multi_conv_rearm_stress".
xcelium> xmsim: *E,TCLERR: invalid command name "cal_inject".
xcelium> xmsim: *E,TCLERR: invalid command name "global_watchdog_recovery".
xcelium> xmsim: *E,TCLERR: invalid command name "csr_readback_control".
xcelium> xmsim: *E,TCLERR: invalid command name "hard_reset_readback".
xcelium> xmsim: *E,TCLERR: invalid command name "coverage_exhaustive".
xcelium> xmsim: *E,TCLERR: invalid command name "stress_random".
xcelium> xmsim: *E,TCLERR: invalid command name "backpressure_integrity".
xcelium> xmsim: *E,TCLERR: invalid command name "vip_ref_stop_cdv".
xcelium> xmsim: *E,TCLERR: invalid command name "smoke_single_conv".
xcelium> xmsim: *E,TCLERR: invalid command name "firsthit_contract".
xcelium> xmsim: *E,TCLERR: invalid command name "start_watchdog".
xcelium> xmsim: *E,TCLERR: invalid command name "vip_maxhits_matrix".
xcelium> xmsim: *E,TCLERR: invalid command name "long_random".
xcelium> xmsim: *E,TCLERR: invalid command name "cal_inject".
xcelium> xmsim: *E,TCLERR: invalid command name "full_mode_timestamp".
xcelium> xmsim: *E,TCLERR: invalid command name "hard_reset_readback".
xcelium> xmsim: *E,TCLERR: invalid command name "multi_conv_rearm_stress".
xcelium> xmsim: *E,TCLERR: invalid command name "overflow_status".
xcelium> xmsim: *E,TCLERR: invalid command name "csr_readback_control".
xcelium> xmsim: *E,TCLERR: invalid command name "global_watchdog_recovery".
xcelium> xmsim: *E,TCLERR: invalid command name "coverage_exhaustive".
xcelium> xmsim: *E,TCLERR: invalid command name "stress_random".
xcelium> xmsim: *E,TCLERR: invalid command name "vip_ref_stop_cdv".
xcelium> xmsim: *E,TCLERR: invalid command name "smoke_single_conv".
xcelium> xmsim: *E,TCLERR: invalid command name "vip_maxhits_matrix".
xcelium> xmsim: *E,TCLERR: invalid command name "full_mode_timestamp".
xcelium> xmsim: *E,TCLERR: invalid command name "backpressure_integrity".
xcelium> xmsim: *E,TCLERR: invalid command name "firsthit_contract".
xcelium> xmsim: *E,TCLERR: invalid command name "start_watchdog".
xcelium> xmsim: *E,TCLERR: invalid command name "cal_inject".
xcelium> xmsim: *E,TCLERR: invalid command name "vip_maxhits_matrix".
xcelium> xmsim: *E,TCLERR: invalid command name "long_random".
xcelium> xmsim: *E,TCLERR: invalid command name "multi_conv_rearm_stress".
xcelium> xmsim: *E,TCLERR: invalid command name "coverage_exhaustive".
xcelium> xmsim: *E,TCLERR: invalid command name "csr_readback_control".
xcelium> xmsim: *E,TCLERR: invalid command name "overflow_status".
xcelium> xmsim: *E,TCLERR: invalid command name "hard_reset_readback".
xcelium> xmsim: *E,TCLERR: invalid command name "stress_random".
xcelium> xmsim: *E,TCLERR: invalid command name "vip_ref_stop_cdv".
xcelium> xmsim: *E,TCLERR: invalid command name "global_watchdog_recovery".
xcelium> xmsim: *E,TCLERR: invalid command name "backpressure_integrity".
xcelium> xmsim: *E,TCLERR: invalid command name "stress_random".
xcelium> xmsim: *E,TCLERR: invalid command name "smoke_single_conv".
xcelium> xmsim: *E,TCLERR: invalid command name "overflow_status".
xcelium> xmsim: *E,TCLERR: invalid command name "cal_inject".
xcelium> xmsim: *E,TCLERR: invalid command name "firsthit_contract".
xcelium> xmsim: *E,TCLERR: invalid command name "hard_reset_readback".
xcelium> xmsim: *E,TCLERR: invalid command name "start_watchdog".
xcelium> xmsim: *E,TCLERR: invalid command name "firsthit_contract".
xcelium> xmsim: *E,TCLERR: invalid command name "global_watchdog_recovery".
xcelium> xmsim: *E,TCLERR: invalid command name "multi_conv_rearm_stress".
xcelium> xmsim: *E,TCLERR: invalid command name "backpressure_integrity".
xcelium> xmsim: *E,TCLERR: invalid command name "long_random".
xcelium> xmsim: *E,TCLERR: invalid command name "full_mode_timestamp".
xcelium> xmsim: *E,TCLERR: invalid command name "smoke_single_conv".
xcelium> xmsim: *E,TCLERR: invalid command name "vip_ref_stop_cdv".
xcelium> xmsim: *E,TCLERR: invalid command name "coverage_exhaustive".
xcelium> xmsim: *E,TCLERR: invalid command name "vip_maxhits_matrix".
xcelium> xmsim: *E,TCLERR: invalid command name "full_mode_timestamp".
xcelium> xmsim: *E,TCLERR: invalid command name "csr_readback_control".
xcelium> xmsim: *E,TCLERR: invalid command name "global_watchdog_recovery".
xcelium> xmsim: *E,TCLERR: invalid command name "multi_conv_rearm_stress".
xcelium> xmsim: *E,TCLERR: invalid command name "coverage_exhaustive".
xcelium> xmsim: *E,TCLERR: invalid command name "cal_inject".
xcelium> xmsim: *E,TCLERR: invalid command name "vip_ref_stop_cdv".
xcelium> xmsim: *E,TCLERR: invalid command name "long_random".
xcelium> xmsim: *E,TCLERR: invalid command name "vip_maxhits_matrix".
xcelium> xmsim: *E,TCLERR: invalid command name "hard_reset_readback".
xcelium> xmsim: *E,TCLERR: invalid command name "csr_readback_control".
xcelium> xmsim: *E,TCLERR: invalid command name "start_watchdog".
xcelium> xmsim: *E,TCLERR: invalid command name "stress_random".
xcelium> xmsim: *E,TCLERR: invalid command name "overflow_status".
xcelium> xmsim: *E,TCLERR: invalid command name "smoke_single_conv".
xcelium> xmsim: *E,TCLERR: invalid command name "backpressure_integrity".
xcelium> xmsim: *E,TCLERR: invalid command name "firsthit_contract".
xcelium> xmsim: *E,TCLERR: invalid command name "full_mode_timestamp".
xcelium> xmsim: *E,TCLERR: invalid command name "start_watchdog".
xcelium> xmsim: *E,TCLERR: invalid command name "overflow_status".
xcelium> xmsim: *E,TCLERR: invalid command name "stress_random".
xcelium> xmsim: *E,TCLERR: invalid command name "backpressure_integrity".
xcelium> xmsim: *E,TCLERR: invalid command name "csr_readback_control".
xcelium> xmsim: *E,TCLERR: invalid command name "full_mode_timestamp".
xcelium> xmsim: *E,TCLERR: invalid command name "hard_reset_readback".
xcelium> xmsim: *E,TCLERR: invalid command name "cal_inject".
xcelium> xmsim: *E,TCLERR: invalid command name "global_watchdog_recovery".
xcelium> xmsim: *E,TCLERR: invalid command name "vip_ref_stop_cdv".
xcelium> xmsim: *E,TCLERR: invalid command name "smoke_single_conv".
xcelium> xmsim: *E,TCLERR: invalid command name "long_random".
xcelium> xmsim: *E,TCLERR: invalid command name "firsthit_contract".
xcelium> xmsim: *E,TCLERR: invalid command name "multi_conv_rearm_stress".
xcelium> xmsim: *E,TCLERR: invalid command name "vip_maxhits_matrix".
xcelium> xmsim: *E,TCLERR: invalid command name "coverage_exhaustive".
xcelium> xmsim: *E,TCLERR: invalid command name "start_watchdog".
xcelium> xmsim: *E,TCLERR: invalid command name "long_random".
xcelium> xmsim: *E,TCLERR: invalid command name "coverage_exhaustive".
xcelium> xmsim: *E,TCLERR: invalid command name "hard_reset_readback".
xcelium> xmsim: *E,TCLERR: invalid command name "vip_ref_stop_cdv".
xcelium> xmsim: *E,TCLERR: invalid command name "vip_maxhits_matrix".
xcelium> xmsim: *E,TCLERR: invalid command name "csr_readback_control".
xcelium> xmsim: *E,TCLERR: invalid command name "overflow_status".
xcelium> xmsim: *E,TCLERR: invalid command name "multi_conv_rearm_stress".
xcelium> xmsim: *E,TCLERR: invalid command name "stress_random".
xcelium> xmsim: *E,TCLERR: invalid command name "global_watchdog_recovery".
xcelium> xmsim: *E,TCLERR: invalid command name "cal_inject".
xcelium> xmsim: *E,TCLERR: invalid command name "multi_conv_rearm_stress".
xcelium> xmsim: *E,TCLERR: invalid command name "overflow_status".
xcelium> xmsim: *E,TCLERR: invalid command name "full_mode_timestamp".
xcelium> xmsim: *E,TCLERR: invalid command name "long_random".
xcelium> xmsim: *E,TCLERR: invalid command name "hard_reset_readback".
xcelium> xmsim: *E,TCLERR: invalid command name "coverage_exhaustive".
xcelium> xmsim: *E,TCLERR: invalid command name "stress_random".
xcelium> xmsim: *E,TCLERR: invalid command name "vip_maxhits_matrix".
xcelium> xmsim: *E,TCLERR: invalid command name "smoke_single_conv".
xcelium> xmsim: *E,TCLERR: invalid command name "global_watchdog_recovery".
xcelium> xmsim: *E,TCLERR: invalid command name "start_watchdog".
xcelium> xmsim: *E,TCLERR: invalid command name "csr_readback_control".
xcelium> xmsim: *E,TCLERR: invalid command name "smoke_single_conv".
xcelium> xmsim: *E,TCLERR: invalid command name "firsthit_contract".
xcelium> xmsim: *E,TCLERR: invalid command name "cal_inject".
xcelium> xmsim: *E,TCLERR: invalid command name "full_mode_timestamp".
xcelium> xmsim: *E,TCLERR: invalid command name "backpressure_integrity".
xcelium> xmsim: *E,TCLERR: invalid command name "backpressure_integrity".
xcelium> xmsim: *E,TCLERR: invalid command name "firsthit_contract".
xcelium> xmsim: *E,TCLERR: invalid command name "vip_ref_stop_cdv".
xcelium> xmsim: *E,TCLERR: invalid command name "global_watchdog_recovery".
xcelium> xmsim: *E,TCLERR: invalid command name "cal_inject".
xcelium> xmsim: *E,TCLERR: invalid command name "overflow_status".
xcelium> xmsim: *E,TCLERR: invalid command name "start_watchdog".
xcelium> xmsim: *E,TCLERR: invalid command name "long_random".
xcelium> xmsim: *E,TCLERR: invalid command name "multi_conv_rearm_stress".
xcelium> xmsim: *E,TCLERR: invalid command name "vip_maxhits_matrix".
xcelium> xmsim: *E,TCLERR: invalid command name "coverage_exhaustive".
xcelium> xmsim: *E,TCLERR: invalid command name "hard_reset_readback".
xcelium> xmsim: *E,TCLERR: invalid command name "csr_readback_control".
xcelium> xmsim: *E,TCLERR: invalid command name "vip_ref_stop_cdv".
xcelium> xmsim: *E,TCLERR: invalid command name "stress_random".
xcelium> xmsim: *E,TCLERR: invalid command name "smoke_single_conv".
xcelium> xmsim: *E,TCLERR: invalid command name "cal_inject".
xcelium> xmsim: *E,TCLERR: invalid command name "backpressure_integrity".
xcelium> xmsim: *E,TCLERR: invalid command name "start_watchdog".
xcelium> xmsim: *E,TCLERR: invalid command name "multi_conv_rearm_stress".
xcelium> xmsim: *E,TCLERR: invalid command name "full_mode_timestamp".
xcelium> xmsim: *E,TCLERR: invalid command name "overflow_status".
xcelium> xmsim: *E,TCLERR: invalid command name "global_watchdog_recovery".
xcelium> xmsim: *E,TCLERR: invalid command name "csr_readback_control".
xcelium> xmsim: *E,TCLERR: invalid command name "long_random".
xcelium> xmsim: *E,TCLERR: invalid command name "smoke_single_conv".
xcelium> xmsim: *E,TCLERR: invalid command name "vip_maxhits_matrix".
xcelium> xmsim: *E,TCLERR: invalid command name "full_mode_timestamp".
xcelium> xmsim: *E,TCLERR: invalid command name "firsthit_contract".
xcelium> xmsim: *E,TCLERR: invalid command name "stress_random".
xcelium> xmsim: *E,TCLERR: invalid command name "backpressure_integrity".
xcelium> xmsim: *E,TCLERR: invalid command name "firsthit_contract".
xcelium> xmsim: *E,TCLERR: invalid command name "vip_ref_stop_cdv".
xcelium> xmsim: *E,TCLERR: invalid command name "coverage_exhaustive".
xcelium> xmsim: *E,TCLERR: invalid command name "hard_reset_readback".
xcelium> xmsim: *E,TCLERR: invalid command name "overflow_status".
xcelium> xmsim: *E,TCLERR: invalid command name "cal_inject".
xcelium> xmsim: *E,TCLERR: invalid command name "start_watchdog".
xcelium> xmsim: *E,TCLERR: invalid command name "long_random".
xcelium> xmsim: *E,TCLERR: invalid command name "global_watchdog_recovery".
xcelium> xmsim: *E,TCLERR: invalid command name "multi_conv_rearm_stress".
xcelium> xmsim: *E,TCLERR: invalid command name "coverage_exhaustive".
xcelium> xmsim: *E,TCLERR: invalid command name "stress_random".
xcelium> xmsim: *E,TCLERR: invalid command name "hard_reset_readback".
xcelium> xmsim: *E,TCLERR: invalid command name "csr_readback_control".
xcelium> xmsim: *E,TCLERR: invalid command name "vip_ref_stop_cdv".
xcelium> xmsim: *E,TCLERR: invalid command name "vip_maxhits_matrix".
xcelium> xmsim: *E,TCLERR: invalid command name "smoke_single_conv".
xcelium> xmsim: *E,TCLERR: invalid command name "full_mode_timestamp".
xcelium> xmsim: *E,TCLERR: invalid command name "firsthit_contract".
xcelium> xmsim: *E,TCLERR: invalid command name "backpressure_integrity".
xcelium> xmsim: *E,TCLERR: invalid command name "start_watchdog".
xcelium> xmsim: *E,TCLERR: invalid command name "full_mode_timestamp".
xcelium> xmsim: *E,TCLERR: invalid command name "vip_maxhits_matrix".
xcelium> xmsim: *E,TCLERR: invalid command name "overflow_status".
xcelium> xmsim: *E,TCLERR: invalid command name "coverage_exhaustive".
xcelium> xmsim: *E,TCLERR: invalid command name "csr_readback_control".
xcelium> xmsim: *E,TCLERR: invalid command name "global_watchdog_recovery".
xcelium> xmsim: *E,TCLERR: invalid command name "long_random".
xcelium> xmsim: *E,TCLERR: invalid command name "smoke_single_conv".
xcelium> xmsim: *E,TCLERR: invalid command name "vip_ref_stop_cdv".
xcelium> xmsim: *E,TCLERR: invalid command name "firsthit_contract".
xcelium> xmsim: *E,TCLERR: invalid command name "stress_random".
xcelium> xmsim: *E,TCLERR: invalid command name "multi_conv_rearm_stress".
xcelium> xmsim: *E,TCLERR: invalid command name "hard_reset_readback".
xcelium> xmsim: *E,TCLERR: invalid command name "cal_inject".
xcelium> xmsim: *E,TCLERR: invalid command name "backpressure_integrity".
xcelium> xmsim: *E,TCLERR: invalid command name "global_watchdog_recovery".
xcelium> xmsim: *E,TCLERR: invalid command name "start_watchdog".
xcelium> xmsim: *E,TCLERR: invalid command name "cal_inject".
xcelium> xmsim: *E,TCLERR: invalid command name "overflow_status".
xcelium> xmsim: *E,TCLERR: invalid command name "multi_conv_rearm_stress".
xcelium> xmsim: *E,TCLERR: invalid command name "vip_maxhits_matrix".
xcelium> xmsim: *E,TCLERR: invalid command name "stress_random".
xcelium> xmsim: *E,TCLERR: invalid command name "long_random".
xcelium> xmsim: *E,TCLERR: invalid command name "hard_reset_readback".
xcelium> xmsim: *E,TCLERR: invalid command name "coverage_exhaustive".
xcelium> xmsim: *E,TCLERR: invalid command name "vip_ref_stop_cdv".
xcelium> xmsim: *E,TCLERR: invalid command name "csr_readback_control".
xcelium> xmsim: *E,TCLERR: invalid command name "smoke_single_conv".
xcelium> xmsim: *E,TCLERR: invalid command name "full_mode_timestamp".
xcelium> xmsim: *E,TCLERR: invalid command name "firsthit_contract".
xcelium> xmsim: *E,TCLERR: invalid command name "backpressure_integrity".
xcelium> xmsim: *E,TCLERR: invalid command name "start_watchdog".
xcelium> xmsim: *E,TCLERR: invalid command name "cal_inject".
xcelium> xmsim: *E,TCLERR: invalid command name "overflow_status".
xcelium> xmsim: *E,TCLERR: invalid command name "long_random".
xcelium> xmsim: *E,TCLERR: invalid command name "csr_readback_control".
xcelium> xmsim: *E,TCLERR: invalid command name "global_watchdog_recovery".
xcelium> xmsim: *E,TCLERR: invalid command name "multi_conv_rearm_stress".
xcelium> xmsim: *E,TCLERR: invalid command name "hard_reset_readback".
xcelium> xmsim: *E,TCLERR: invalid command name "stress_random".
xcelium> xmsim: *E,TCLERR: invalid command name "vip_ref_stop_cdv".
xcelium> xmsim: *E,TCLERR: invalid command name "coverage_exhaustive".
xcelium> xmsim: *E,TCLERR: invalid command name "vip_maxhits_matrix".
xcelium> xmsim: *E,TCLERR: invalid command name "smoke_single_conv".
xcelium> xmsim: *E,TCLERR: invalid command name "firsthit_contract".
xcelium> xmsim: *E,TCLERR: invalid command name "backpressure_integrity".
xcelium> xmsim: *E,TCLERR: invalid command name "full_mode_timestamp".
xcelium> xmsim: *E,TCLERR: invalid command name "cal_inject".
xcelium> xmsim: *E,TCLERR: invalid command name "start_watchdog".
xcelium> xmsim: *E,TCLERR: invalid command name "hard_reset_readback".
xcelium> xmsim: *E,TCLERR: invalid command name "overflow_status".
xcelium> xmsim: *E,TCLERR: invalid command name "stress_random".
xcelium> xmsim: *E,TCLERR: invalid command name "vip_ref_stop_cdv".
xcelium> xmsim: *E,TCLERR: invalid command name "long_random".
xcelium> xmsim: *E,TCLERR: invalid command name "vip_maxhits_matrix".
xcelium> xmsim: *E,TCLERR: invalid command name "multi_conv_rearm_stress".
xcelium> xmsim: *E,TCLERR: invalid command name "coverage_exhaustive".
xcelium> xmsim: *E,TCLERR: invalid command name "csr_readback_control".
xcelium> xmsim: *E,TCLERR: invalid command name "global_watchdog_recovery".
xcelium> xmsim: *E,TCLERR: invalid command name "smoke_single_conv".
xcelium> xmsim: *E,TCLERR: invalid command name "full_mode_timestamp".
xcelium> xmsim: *E,TCLERR: invalid command name "firsthit_contract".
xcelium> xmsim: *E,TCLERR: invalid command name "backpressure_integrity".
xcelium> xmsim: *E,TCLERR: invalid command name "start_watchdog".
xcelium> xmsim: *E,TCLERR: invalid command name "multi_conv_rearm_stress".
xcelium> xmsim: *E,TCLERR: invalid command name "long_random".
xcelium> xmsim: *E,TCLERR: invalid command name "hard_reset_readback".
xcelium> xmsim: *E,TCLERR: invalid command name "cal_inject".
xcelium> xmsim: *E,TCLERR: invalid command name "stress_random".
xcelium> xmsim: *E,TCLERR: invalid command name "csr_readback_control".
xcelium> xmsim: *E,TCLERR: invalid command name "global_watchdog_recovery".
xcelium> xmsim: *E,TCLERR: invalid command name "overflow_status".
xcelium> xmsim: *E,TCLERR: invalid command name "vip_maxhits_matrix".
xcelium> xmsim: *E,TCLERR: invalid command name "coverage_exhaustive".
xcelium> xmsim: *E,TCLERR: invalid command name "vip_ref_stop_cdv".
xcelium> xmsim: *E,TCLERR: invalid command name "firsthit_contract".
xcelium> xmsim: *E,TCLERR: invalid command name "start_watchdog".
xcelium> xmsim: *E,TCLERR: invalid command name "overflow_status".
xcelium> xmsim: *E,TCLERR: invalid command name "full_mode_timestamp".
xcelium> xmsim: *E,TCLERR: invalid command name "cal_inject".
xcelium> xmsim: *E,TCLERR: invalid command name "backpressure_integrity".
xcelium> xmsim: *E,TCLERR: invalid command name "long_random".
xcelium> xmsim: *E,TCLERR: invalid command name "global_watchdog_recovery".
xcelium> xmsim: *E,TCLERR: invalid command name "smoke_single_conv".
xcelium> xmsim: *E,TCLERR: invalid command name "stress_random".
xcelium> xmsim: *E,TCLERR: invalid command name "vip_ref_stop_cdv".
xcelium> xmsim: *E,TCLERR: invalid command name "vip_maxhits_matrix".
xcelium> xmsim: *E,TCLERR: invalid command name "multi_conv_rearm_stress".
xcelium> xmsim: *E,TCLERR: invalid command name "csr_readback_control".
xcelium> xmsim: *E,TCLERR: invalid command name "coverage_exhaustive".
xcelium> xmsim: *E,TCLERR: invalid command name "hard_reset_readback".
xcelium> xmsim: *E,TCLERR: invalid command name "smoke_single_conv".
xcelium> xmsim: *E,TCLERR: invalid command name "firsthit_contract".
xcelium> xmsim: *E,TCLERR: invalid command name "backpressure_integrity".
xcelium> xmsim: *E,TCLERR: invalid command name "full_mode_timestamp".
xcelium> xmsim: *E,TCLERR: invalid command name "start_watchdog".
xcelium> xmsim: *E,TCLERR: invalid command name "hard_reset_readback".
xcelium> xmsim: *E,TCLERR: invalid command name "cal_inject".
xcelium> xmsim: *E,TCLERR: invalid command name "coverage_exhaustive".
xcelium> xmsim: *E,TCLERR: invalid command name "global_watchdog_recovery".
xcelium> xmsim: *E,TCLERR: invalid command name "overflow_status".
xcelium> xmsim: *E,TCLERR: invalid command name "multi_conv_rearm_stress".
xcelium> xmsim: *E,TCLERR: invalid command name "long_random".
xcelium> xmsim: *E,TCLERR: invalid command name "csr_readback_control".
xcelium> xmsim: *E,TCLERR: invalid command name "vip_maxhits_matrix".
xcelium> xmsim: *E,TCLERR: invalid command name "stress_random".
xcelium> xmsim: *E,TCLERR: invalid command name "vip_ref_stop_cdv".
xcelium> xmsim: *E,TCLERR: invalid command name "full_mode_timestamp".
xcelium> xmsim: *E,TCLERR: invalid command name "overflow_status".
xcelium> xmsim: *E,TCLERR: invalid command name "smoke_single_conv".
xcelium> xmsim: *E,TCLERR: invalid command name "multi_conv_rearm_stress".
xcelium> xmsim: *E,TCLERR: invalid command name "firsthit_contract".
xcelium> xmsim: *E,TCLERR: invalid command name "long_random".
xcelium> xmsim: *E,TCLERR: invalid command name "vip_ref_stop_cdv".
xcelium> xmsim: *E,TCLERR: invalid command name "global_watchdog_recovery".
xcelium> xmsim: *E,TCLERR: invalid command name "cal_inject".
xcelium> xmsim: *E,TCLERR: invalid command name "stress_random".
xcelium> xmsim: *E,TCLERR: invalid command name "start_watchdog".
xcelium> xmsim: *E,TCLERR: invalid command name "csr_readback_control".
xcelium> xmsim: *E,TCLERR: invalid command name "backpressure_integrity".
xcelium> xmsim: *E,TCLERR: invalid command name "vip_maxhits_matrix".
xcelium> xmsim: *E,TCLERR: invalid command name "smoke_single_conv".
xcelium> xmsim: *E,TCLERR: invalid command name "hard_reset_readback".
xcelium> xmsim: *E,TCLERR: invalid command name "coverage_exhaustive".
xcelium> xmsim: *E,TCLERR: invalid command name "full_mode_timestamp".
xcelium> xmsim: *E,TCLERR: invalid command name "firsthit_contract".
xcelium> xmsim: *E,TCLERR: invalid command name "backpressure_integrity".
xcelium> xmsim: *E,TCLERR: invalid command name "start_watchdog".
xcelium> xmsim: *E,TCLERR: invalid command name "cal_inject".
xcelium> xmsim: *E,TCLERR: invalid command name "hard_reset_readback".
xcelium> xmsim: *E,TCLERR: invalid command name "csr_readback_control".
xcelium> xmsim: *E,TCLERR: invalid command name "multi_conv_rearm_stress".
xcelium> xmsim: *E,TCLERR: invalid command name "long_random".
xcelium> xmsim: *E,TCLERR: invalid command name "overflow_status".
xcelium> xmsim: *E,TCLERR: invalid command name "coverage_exhaustive".
xcelium> xmsim: *E,TCLERR: invalid command name "global_watchdog_recovery".
xcelium> xmsim: *E,TCLERR: invalid command name "vip_ref_stop_cdv".
xcelium> xmsim: *E,TCLERR: invalid command name "vip_maxhits_matrix".
xcelium> xmsim: *E,TCLERR: invalid command name "stress_random".
xcelium> xmsim: *E,TCLERR: invalid command name "smoke_single_conv".
xcelium> xmsim: *E,TCLERR: invalid command name "backpressure_integrity".
xcelium> xmsim: *E,TCLERR: invalid command name "full_mode_timestamp".
xcelium> xmsim: *E,TCLERR: invalid command name "start_watchdog".
xcelium> xmsim: *E,TCLERR: invalid command name "cal_inject".
xcelium> xmsim: *E,TCLERR: invalid command name "coverage_exhaustive".
xcelium> xmsim: *E,TCLERR: invalid command name "firsthit_contract".
xcelium> xmsim: *E,TCLERR: invalid command name "stress_random".
xcelium> xmsim: *E,TCLERR: invalid command name "global_watchdog_recovery".
xcelium> xmsim: *E,TCLERR: invalid command name "long_random".
xcelium> xmsim: *E,TCLERR: invalid command name "hard_reset_readback".
xcelium> xmsim: *E,TCLERR: invalid command name "vip_ref_stop_cdv".
xcelium> xmsim: *E,TCLERR: invalid command name "overflow_status".
xcelium> xmsim: *E,TCLERR: invalid command name "multi_conv_rearm_stress".
xcelium> xmsim: *E,TCLERR: invalid command name "firsthit_contract".
xcelium> xmsim: *E,TCLERR: invalid command name "csr_readback_control".
xcelium> xmsim: *E,TCLERR: invalid command name "smoke_single_conv".
xcelium> xmsim: *E,TCLERR: invalid command name "full_mode_timestamp".
xcelium> xmsim: *E,TCLERR: invalid command name "backpressure_integrity".
xcelium> xmsim: *E,TCLERR: invalid command name "vip_maxhits_matrix".
xcelium> xmsim: *E,TCLERR: invalid command name "coverage_exhaustive".
xcelium> xmsim: *E,TCLERR: invalid command name "hard_reset_readback".
xcelium> xmsim: *E,TCLERR: invalid command name "overflow_status".
xcelium> xmsim: *E,TCLERR: invalid command name "csr_readback_control".
xcelium> xmsim: *E,TCLERR: invalid command name "start_watchdog".
xcelium> xmsim: *E,TCLERR: invalid command name "multi_conv_rearm_stress".
xcelium> xmsim: *E,TCLERR: invalid command name "global_watchdog_recovery".
xcelium> xmsim: *E,TCLERR: invalid command name "long_random".
xcelium> xmsim: *E,TCLERR: invalid command name "cal_inject".
xcelium> xmsim: *E,TCLERR: invalid command name "stress_random".
xcelium> xmsim: *E,TCLERR: invalid command name "vip_ref_stop_cdv".
xcelium> xmsim: *E,TCLERR: invalid command name "vip_maxhits_matrix".
xcelium> xmsim: *E,TCLERR: invalid command name "overflow_status".
xcelium> xmsim: *E,TCLERR: invalid command name "start_watchdog".
xcelium> xmsim: *E,TCLERR: invalid command name "cal_inject".
xcelium> xmsim: *E,TCLERR: invalid command name "backpressure_integrity".
xcelium> xmsim: *E,TCLERR: invalid command name "vip_maxhits_matrix".
xcelium> xmsim: *E,TCLERR: invalid command name "backpressure_integrity".
xcelium> xmsim: *E,TCLERR: invalid command name "global_watchdog_recovery".
xcelium> xmsim: *E,TCLERR: invalid command name "full_mode_timestamp".
xcelium> xmsim: *E,TCLERR: invalid command name "firsthit_contract".
xcelium> xmsim: *E,TCLERR: invalid command name "firsthit_contract".
xcelium> xmsim: *E,TCLERR: invalid command name "smoke_single_conv".
xcelium> xmsim: *E,TCLERR: invalid command name "multi_conv_rearm_stress".
xcelium> xmsim: *E,TCLERR: invalid command name "long_random".
xcelium> xmsim: *E,TCLERR: invalid command name "full_mode_timestamp".
xcelium> xmsim: *E,TCLERR: invalid command name "stress_random".
xcelium> xmsim: *E,TCLERR: invalid command name "smoke_single_conv".
xcelium> xmsim: *E,TCLERR: invalid command name "vip_ref_stop_cdv".
xcelium> xmsim: *E,TCLERR: invalid command name "coverage_exhaustive".
xcelium> xmsim: *E,TCLERR: invalid command name "csr_readback_control".
xcelium> xmsim: *E,TCLERR: invalid command name "hard_reset_readback".
xcelium> xmsim: *E,TCLERR: invalid command name "cal_inject".
xcelium> xmsim: *E,TCLERR: invalid command name "overflow_status".
xcelium> xmsim: *E,TCLERR: invalid command name "start_watchdog".
xcelium> xmsim: *E,TCLERR: invalid command name "long_random".
xcelium> xmsim: *E,TCLERR: invalid command name "coverage_exhaustive".
xcelium> xmsim: *E,TCLERR: invalid command name "csr_readback_control".
xcelium> xmsim: *E,TCLERR: invalid command name "multi_conv_rearm_stress".
xcelium> xmsim: *E,TCLERR: invalid command name "global_watchdog_recovery".
xcelium> xmsim: *E,TCLERR: invalid command name "hard_reset_readback".
xcelium> xmsim: *E,TCLERR: invalid command name "vip_ref_stop_cdv".
xcelium> xmsim: *E,TCLERR: invalid command name "smoke_single_conv".
xcelium> xmsim: *E,TCLERR: invalid command name "firsthit_contract".
xcelium> xmsim: *E,TCLERR: invalid command name "stress_random".
xcelium> xmsim: *E,TCLERR: invalid command name "start_watchdog".
xcelium> xmsim: *E,TCLERR: invalid command name "cal_inject".
xcelium> xmsim: *E,TCLERR: invalid command name "overflow_status".
xcelium> xmsim: *E,TCLERR: invalid command name "backpressure_integrity".
xcelium> xmsim: *E,TCLERR: invalid command name "stress_random".
xcelium> xmsim: *E,TCLERR: invalid command name "full_mode_timestamp".
xcelium> xmsim: *E,TCLERR: invalid command name "vip_maxhits_matrix".
xcelium> xmsim: *E,TCLERR: invalid command name "multi_conv_rearm_stress".
xcelium> xmsim: *E,TCLERR: invalid command name "long_random".
xcelium> xmsim: *E,TCLERR: invalid command name "global_watchdog_recovery".
xcelium> xmsim: *E,TCLERR: invalid command name "coverage_exhaustive".
xcelium> xmsim: *E,TCLERR: invalid command name "csr_readback_control".
xcelium> xmsim: *E,TCLERR: invalid command name "vip_ref_stop_cdv".
xcelium> xmsim: *E,TCLERR: invalid command name "vip_maxhits_matrix".
xcelium> xmsim: *E,TCLERR: invalid command name "smoke_single_conv".
xcelium> xmsim: *E,TCLERR: invalid command name "hard_reset_readback".
xcelium> xmsim: *E,TCLERR: invalid command name "full_mode_timestamp".
xcelium> xmsim: *E,TCLERR: invalid command name "firsthit_contract".
xcelium> xmsim: *E,TCLERR: invalid command name "backpressure_integrity".
xcelium> xmsim: *E,TCLERR: invalid command name "overflow_status".
xcelium> xmsim: *E,TCLERR: invalid command name "cal_inject".
xcelium> xmsim: *E,TCLERR: invalid command name "start_watchdog".
xcelium> xmsim: *E,TCLERR: invalid command name "multi_conv_rearm_stress".
xcelium> xmsim: *E,TCLERR: invalid command name "global_watchdog_recovery".
xcelium> xmsim: *E,TCLERR: invalid command name "long_random".
xcelium> xmsim: *E,TCLERR: invalid command name "csr_readback_control".
xcelium> xmsim: *E,TCLERR: invalid command name "hard_reset_readback".
xcelium> xmsim: *E,TCLERR: invalid command name "coverage_exhaustive".
xcelium> xmsim: *E,TCLERR: invalid command name "backpressure_integrity".
xcelium> xmsim: *E,TCLERR: invalid command name "stress_random".
xcelium> xmsim: *E,TCLERR: invalid command name "vip_maxhits_matrix".
xcelium> xmsim: *E,TCLERR: invalid command name "smoke_single_conv".
xcelium> xmsim: *E,TCLERR: invalid command name "vip_ref_stop_cdv".
xcelium> xmsim: *E,TCLERR: invalid command name "full_mode_timestamp".
xcelium> xmsim: *E,TCLERR: invalid command name "firsthit_contract".
xcelium> xmsim: *E,TCLERR: invalid command name "start_watchdog".
xcelium> xmsim: *E,TCLERR: invalid command name "long_random".
xcelium> xmsim: *E,TCLERR: invalid command name "cal_inject".
xcelium> xmsim: *E,TCLERR: invalid command name "overflow_status".
xcelium> xmsim: *E,TCLERR: invalid command name "multi_conv_rearm_stress".
xcelium> xmsim: *E,TCLERR: invalid command name "csr_readback_control".
xcelium> xmsim: *E,TCLERR: invalid command name "hard_reset_readback".
xcelium> xmsim: *E,TCLERR: invalid command name "vip_ref_stop_cdv".
xcelium> xmsim: *E,TCLERR: invalid command name "smoke_single_conv".
xcelium> xmsim: *E,TCLERR: invalid command name "global_watchdog_recovery".
xcelium> xmsim: *E,TCLERR: invalid command name "coverage_exhaustive".
xcelium> xmsim: *E,TCLERR: invalid command name "full_mode_timestamp".
xcelium> xmsim: *E,TCLERR: invalid command name "firsthit_contract".
xcelium> xmsim: *E,TCLERR: invalid command name "vip_maxhits_matrix".
xcelium> xmsim: *E,TCLERR: invalid command name "start_watchdog".
xcelium> xmsim: *E,TCLERR: invalid command name "stress_random".
xcelium> xmsim: *E,TCLERR: invalid command name "backpressure_integrity".
xcelium> xmsim: *E,TCLERR: invalid command name "overflow_status".
xcelium> xmsim: *E,TCLERR: invalid command name "csr_readback_control".
xcelium> xmsim: *E,TCLERR: invalid command name "global_watchdog_recovery".
xcelium> xmsim: *E,TCLERR: invalid command name "long_random".
xcelium> xmsim: *E,TCLERR: invalid command name "hard_reset_readback".
xcelium> xmsim: *E,TCLERR: invalid command name "multi_conv_rearm_stress".
xcelium> xmsim: *E,TCLERR: invalid command name "coverage_exhaustive".
xcelium> xmsim: *E,TCLERR: invalid command name "cal_inject".
xcelium> xmsim: *E,TCLERR: invalid command name "vip_ref_stop_cdv".
xcelium> xmsim: *E,TCLERR: invalid command name "backpressure_integrity".
xcelium> xmsim: *E,TCLERR: invalid command name "stress_random".
xcelium> xmsim: *E,TCLERR: invalid command name "firsthit_contract".
xcelium> xmsim: *E,TCLERR: invalid command name "vip_maxhits_matrix".
xcelium> xmsim: *E,TCLERR: invalid command name "smoke_single_conv".
xcelium> xmsim: *E,TCLERR: invalid command name "start_watchdog".
xcelium> xmsim: *E,TCLERR: invalid command name "full_mode_timestamp".
xcelium> xmsim: *E,TCLERR: invalid command name "cal_inject".
xcelium> xmsim: *E,TCLERR: invalid command name "overflow_status".
xcelium> xmsim: *E,TCLERR: invalid command name "long_random".
xcelium> xmsim: *E,TCLERR: invalid command name "global_watchdog_recovery".
xcelium> xmsim: *E,TCLERR: invalid command name "multi_conv_rearm_stress".
xcelium> xmsim: *E,TCLERR: invalid command name "vip_ref_stop_cdv".
xcelium> xmsim: *E,TCLERR: invalid command name "stress_random".
xcelium> xmsim: *E,TCLERR: invalid command name "coverage_exhaustive".
xcelium> xmsim: *E,TCLERR: invalid command name "hard_reset_readback".
xcelium> xmsim: *E,TCLERR: invalid command name "csr_readback_control".
xcelium> xmsim: *E,TCLERR: invalid command name "vip_maxhits_matrix".
xcelium> xmsim: *E,TCLERR: invalid command name "smoke_single_conv".
xcelium> xmsim: *E,TCLERR: invalid command name "full_mode_timestamp".
xcelium> xmsim: *E,TCLERR: invalid command name "cal_inject".
xcelium> xmsim: *E,TCLERR: invalid command name "backpressure_integrity".
xcelium> xmsim: *E,TCLERR: invalid command name "start_watchdog".
xcelium> xmsim: *E,TCLERR: invalid command name "firsthit_contract".
xcelium> xmsim: *E,TCLERR: invalid command name "long_random".
xcelium> xmsim: *E,TCLERR: invalid command name "overflow_status".
xcelium> xmsim: *E,TCLERR: invalid command name "csr_readback_control".
xcelium> xmsim: *E,TCLERR: invalid command name "multi_conv_rearm_stress".
xcelium> xmsim: *E,TCLERR: invalid command name "hard_reset_readback".
xcelium> xmsim: *E,TCLERR: invalid command name "global_watchdog_recovery".
xcelium> xmsim: *E,TCLERR: invalid command name "coverage_exhaustive".
xcelium> xmsim: *E,TCLERR: invalid command name "stress_random".
xcelium> xmsim: *E,TCLERR: invalid command name "vip_maxhits_matrix".
xcelium> xmsim: *E,TCLERR: invalid command name "full_mode_timestamp".
xcelium> xmsim: *E,TCLERR: invalid command name "vip_ref_stop_cdv".
xcelium> xmsim: *E,TCLERR: invalid command name "firsthit_contract".
xcelium> xmsim: *E,TCLERR: invalid command name "start_watchdog".
xcelium> xmsim: *E,TCLERR: invalid command name "backpressure_integrity".
xcelium> xmsim: *E,TCLERR: invalid command name "cal_inject".
xcelium> xmsim: *E,TCLERR: invalid command name "smoke_single_conv".
xcelium> xmsim: *E,TCLERR: invalid command name "overflow_status".
xcelium> xmsim: *E,TCLERR: invalid command name "global_watchdog_recovery".
xcelium> xmsim: *E,TCLERR: invalid command name "multi_conv_rearm_stress".
xcelium> xmsim: *E,TCLERR: invalid command name "long_random".
xcelium> xmsim: *E,TCLERR: invalid command name "coverage_exhaustive".
xcelium> xmsim: *E,TCLERR: invalid command name "csr_readback_control".
xcelium> xmsim: *E,TCLERR: invalid command name "stress_random".
xcelium> xmsim: *E,TCLERR: invalid command name "hard_reset_readback".
xcelium> xmsim: *E,TCLERR: invalid command name "vip_maxhits_matrix".
xcelium> xmsim: *E,TCLERR: invalid command name "smoke_single_conv".
xcelium> xmsim: *E,TCLERR: invalid command name "vip_ref_stop_cdv".
xcelium> xmsim: *E,TCLERR: invalid command name "overflow_status".
xcelium> xmsim: *E,TCLERR: invalid command name "firsthit_contract".
xcelium> xmsim: *E,TCLERR: invalid command name "backpressure_integrity".
xcelium> xmsim: *E,TCLERR: invalid command name "cal_inject".
xcelium> xmsim: *E,TCLERR: invalid command name "start_watchdog".
xcelium> xmsim: *E,TCLERR: invalid command name "full_mode_timestamp".
xcelium> xmsim: *E,TCLERR: invalid command name "long_random".
xcelium> xmsim: *E,TCLERR: invalid command name "multi_conv_rearm_stress".
xcelium> xmsim: *E,TCLERR: invalid command name "global_watchdog_recovery".
xcelium> xmsim: *E,TCLERR: invalid command name "coverage_exhaustive".
xcelium> xmsim: *E,TCLERR: invalid command name "hard_reset_readback".
xcelium> xmsim: *E,TCLERR: invalid command name "csr_readback_control".
xcelium> xmsim: *E,TCLERR: invalid command name "vip_ref_stop_cdv".
xcelium> xmsim: *E,TCLERR: invalid command name "stress_random".
xcelium> xmsim: *E,TCLERR: invalid command name "full_mode_timestamp".
xcelium> xmsim: *E,TCLERR: invalid command name "vip_maxhits_matrix".
xcelium> xmsim: *E,TCLERR: invalid command name "overflow_status".
xcelium> xmsim: *E,TCLERR: invalid command name "smoke_single_conv".
xcelium> xmsim: *E,TCLERR: invalid command name "firsthit_contract".
xcelium> xmsim: *E,TCLERR: invalid command name "cal_inject".
xcelium> xmsim: *E,TCLERR: invalid command name "start_watchdog".
xcelium> xmsim: *E,TCLERR: invalid command name "backpressure_integrity".
xcelium> xmsim: *E,TCLERR: invalid command name "multi_conv_rearm_stress".
xcelium> xmsim: *E,TCLERR: invalid command name "long_random".
xcelium> xmsim: *E,TCLERR: invalid command name "global_watchdog_recovery".
xcelium> xmsim: *E,TCLERR: invalid command name "hard_reset_readback".
xcelium> xmsim: *E,TCLERR: invalid command name "coverage_exhaustive".
xcelium> xmsim: *E,TCLERR: invalid command name "csr_readback_control".
xcelium> xmsim: *E,TCLERR: invalid command name "stress_random".
xcelium> xmsim: *E,TCLERR: invalid command name "vip_ref_stop_cdv".
xcelium> xmsim: *E,TCLERR: invalid command name "vip_maxhits_matrix".
xcelium> xmsim: *W,NORUNCMD: No 'run' command issued.
xmsim: *N,COVCGN: Coverage configuration file command "set_covergroup -new_instance_reporting" can be specified to improve the scoping and naming of covergroup instances. It may be noted that subsequent merging of a coverage database saved with this command and a coverage database saved without this command is not allowed.

coverage setup:
  workdir  :  /home/validmgr/ksabra/2026_SPAD/SPADMIC/MPTDC/results/vip_overnight/vip/cov_work
  dutinst  :  mptdc_vip_tb(mptdc_vip_tb)
  scope    :  scope
  testname :  firsthit_contract__seed_10000__debug

coverage files:
  model(design data) :  /home/validmgr/ksabra/2026_SPAD/SPADMIC/MPTDC/results/vip_overnight/vip/cov_work/scope/icc_3236c3b6_2d34dfa7.ucm
  data               :  /home/validmgr/ksabra/2026_SPAD/SPADMIC/MPTDC/results/vip_overnight/vip/cov_work/scope/firsthit_contract__seed_10000__debug/icc_3236c3b6_2d34dfa7.ucd
TOOL:	xrun(64)	23.03-s007: Exiting on May 19, 2026 at 17:29:15 CEST  (total: 00:00:02)
