classification,report,path,status,slack_ps,group,start_clock,end_clock,startpoint,endpoint
OSC_FAST_REAL,/home/validmgr/ksabra/2026_SPAD/SPADMIC/results/genus_osc_pd/20260601_o1c2_fast_count_audit_genus/timing_violations.rpt,1,VIOLATED,-3051,clk_osc_fast_tap1,clk_osc_fast,clk_osc_fast_tap1,(R) u_core_u_fast_cnt_bin_q_reg[4]/C,(F) u_core_gen_pd_row[3].gen_pd_col[1].u_pd/nfast_hit_latched_reg[4]/D
OSC_FAST_REAL,/home/validmgr/ksabra/2026_SPAD/SPADMIC/results/genus_osc_pd/20260601_o1c2_fast_count_audit_genus/timing_violations.rpt,2,VIOLATED,-3051,clk_osc_fast_tap1,clk_osc_fast,clk_osc_fast_tap1,(R) u_core_u_fast_cnt_bin_q_reg[4]/C,(F) u_core_gen_pd_row[0].gen_pd_col[1].u_pd/nfast_hit_latched_reg[4]/D
OSC_FAST_REAL,/home/validmgr/ksabra/2026_SPAD/SPADMIC/results/genus_osc_pd/20260601_o1c2_fast_count_audit_genus/timing_violations.rpt,3,VIOLATED,-3051,clk_osc_fast_tap1,clk_osc_fast,clk_osc_fast_tap1,(R) u_core_u_fast_cnt_bin_q_reg[4]/C,(F) u_core_gen_pd_row[5].gen_pd_col[1].u_pd/nfast_hit_latched_reg[4]/D
OSC_FAST_REAL,/home/validmgr/ksabra/2026_SPAD/SPADMIC/results/genus_osc_pd/20260601_o1c2_fast_count_audit_genus/timing_violations.rpt,4,VIOLATED,-3051,clk_osc_fast_tap1,clk_osc_fast,clk_osc_fast_tap1,(R) u_core_u_fast_cnt_bin_q_reg[4]/C,(F) u_core_gen_pd_row[4].gen_pd_col[1].u_pd/nfast_hit_latched_reg[4]/D
OSC_FAST_REAL,/home/validmgr/ksabra/2026_SPAD/SPADMIC/results/genus_osc_pd/20260601_o1c2_fast_count_audit_genus/timing_violations.rpt,5,VIOLATED,-3051,clk_osc_fast_tap1,clk_osc_fast,clk_osc_fast_tap1,(R) u_core_u_fast_cnt_bin_q_reg[4]/C,(F) u_core_gen_pd_row[2].gen_pd_col[1].u_pd/nfast_hit_latched_reg[4]/D
OSC_FAST_REAL,/home/validmgr/ksabra/2026_SPAD/SPADMIC/results/genus_osc_pd/20260601_o1c2_fast_count_audit_genus/timing_violations.rpt,6,VIOLATED,-3051,clk_osc_fast_tap1,clk_osc_fast,clk_osc_fast_tap1,(R) u_core_u_fast_cnt_bin_q_reg[4]/C,(F) u_core_gen_pd_row[1].gen_pd_col[1].u_pd/nfast_hit_latched_reg[4]/D
OSC_FAST_REAL,/home/validmgr/ksabra/2026_SPAD/SPADMIC/results/genus_osc_pd/20260601_o1c2_fast_count_audit_genus/timing_violations.rpt,7,VIOLATED,-3050,clk_osc_fast_tap1,clk_osc_fast,clk_osc_fast_tap1,(R) u_core_u_fast_cnt_bin_q_reg[0]/C,(F) u_core_gen_pd_row[6].gen_pd_col[1].u_pd/nfast_hit_latched_reg[0]/D
OSC_FAST_REAL,/home/validmgr/ksabra/2026_SPAD/SPADMIC/results/genus_osc_pd/20260601_o1c2_fast_count_audit_genus/timing_violations.rpt,8,VIOLATED,-3048,clk_osc_fast_tap1,clk_osc_fast,clk_osc_fast_tap1,(R) u_core_u_fast_cnt_bin_q_reg[4]/C,(F) u_core_gen_pd_row[7].gen_pd_col[1].u_pd/nfast_hit_latched_reg[4]/D
OSC_FAST_REAL,/home/validmgr/ksabra/2026_SPAD/SPADMIC/results/genus_osc_pd/20260601_o1c2_fast_count_audit_genus/timing_violations.rpt,9,VIOLATED,-3048,clk_osc_fast_tap1,clk_osc_fast,clk_osc_fast_tap1,(R) u_core_u_fast_cnt_bin_q_reg[0]/C,(F) u_core_gen_pd_row[3].gen_pd_col[1].u_pd/nfast_hit_latched_reg[0]/D
OSC_FAST_REAL,/home/validmgr/ksabra/2026_SPAD/SPADMIC/results/genus_osc_pd/20260601_o1c2_fast_count_audit_genus/timing_violations.rpt,10,VIOLATED,-3043,clk_osc_fast_tap1,clk_osc_fast,clk_osc_fast_tap1,(R) u_core_u_fast_cnt_bin_q_reg[5]/C,(F) u_core_gen_pd_row[3].gen_pd_col[1].u_pd/nfast_hit_latched_reg[5]/D
OSC_FAST_REAL,/home/validmgr/ksabra/2026_SPAD/SPADMIC/results/genus_osc_pd/20260601_o1c2_fast_count_audit_genus/timing_violations.rpt,11,VIOLATED,-3043,clk_osc_fast_tap1,clk_osc_fast,clk_osc_fast_tap1,(R) u_core_u_fast_cnt_bin_q_reg[5]/C,(F) u_core_gen_pd_row[2].gen_pd_col[1].u_pd/nfast_hit_latched_reg[5]/D
OSC_FAST_REAL,/home/validmgr/ksabra/2026_SPAD/SPADMIC/results/genus_osc_pd/20260601_o1c2_fast_count_audit_genus/timing_violations.rpt,12,VIOLATED,-3043,clk_osc_fast_tap1,clk_osc_fast,clk_osc_fast_tap1,(R) u_core_u_fast_cnt_bin_q_reg[5]/C,(F) u_core_gen_pd_row[0].gen_pd_col[1].u_pd/nfast_hit_latched_reg[5]/D
OSC_FAST_REAL,/home/validmgr/ksabra/2026_SPAD/SPADMIC/results/genus_osc_pd/20260601_o1c2_fast_count_audit_genus/timing_violations.rpt,13,VIOLATED,-3043,clk_osc_fast_tap1,clk_osc_fast,clk_osc_fast_tap1,(R) u_core_u_fast_cnt_bin_q_reg[4]/C,(F) u_core_gen_pd_row[6].gen_pd_col[1].u_pd/nfast_hit_latched_reg[4]/D
OSC_FAST_REAL,/home/validmgr/ksabra/2026_SPAD/SPADMIC/results/genus_osc_pd/20260601_o1c2_fast_count_audit_genus/timing_violations.rpt,14,VIOLATED,-3036,clk_osc_fast_tap1,clk_osc_fast,clk_osc_fast_tap1,(R) u_core_u_fast_cnt_bin_q_reg[1]/C,(F) u_core_gen_pd_row[2].gen_pd_col[1].u_pd/nfast_hit_latched_reg[1]/D
OSC_FAST_REAL,/home/validmgr/ksabra/2026_SPAD/SPADMIC/results/genus_osc_pd/20260601_o1c2_fast_count_audit_genus/timing_violations.rpt,15,VIOLATED,-3036,clk_osc_fast_tap1,clk_osc_fast,clk_osc_fast_tap1,(R) u_core_u_fast_cnt_bin_q_reg[1]/C,(F) u_core_gen_pd_row[0].gen_pd_col[1].u_pd/nfast_hit_latched_reg[1]/D
OSC_FAST_REAL,/home/validmgr/ksabra/2026_SPAD/SPADMIC/results/genus_osc_pd/20260601_o1c2_fast_count_audit_genus/timing_violations.rpt,16,VIOLATED,-3035,clk_osc_fast_tap1,clk_osc_fast,clk_osc_fast_tap1,(R) u_core_u_fast_cnt_bin_q_reg[3]/C,(F) u_core_gen_pd_row[7].gen_pd_col[1].u_pd/nfast_hit_latched_reg[3]/D
OSC_FAST_REAL,/home/validmgr/ksabra/2026_SPAD/SPADMIC/results/genus_osc_pd/20260601_o1c2_fast_count_audit_genus/timing_violations.rpt,17,VIOLATED,-3035,clk_osc_fast_tap1,clk_osc_fast,clk_osc_fast_tap1,(R) u_core_u_fast_cnt_bin_q_reg[3]/C,(F) u_core_gen_pd_row[6].gen_pd_col[1].u_pd/nfast_hit_latched_reg[3]/D
OSC_FAST_REAL,/home/validmgr/ksabra/2026_SPAD/SPADMIC/results/genus_osc_pd/20260601_o1c2_fast_count_audit_genus/timing_violations.rpt,18,VIOLATED,-3034,clk_osc_fast_tap1,clk_osc_fast,clk_osc_fast_tap1,(R) u_core_u_fast_cnt_bin_q_reg[5]/C,(F) u_core_gen_pd_row[7].gen_pd_col[1].u_pd/nfast_hit_latched_reg[5]/D
OSC_FAST_REAL,/home/validmgr/ksabra/2026_SPAD/SPADMIC/results/genus_osc_pd/20260601_o1c2_fast_count_audit_genus/timing_violations.rpt,19,VIOLATED,-3034,clk_osc_fast_tap1,clk_osc_fast,clk_osc_fast_tap1,(R) u_core_u_fast_cnt_bin_q_reg[5]/C,(F) u_core_gen_pd_row[5].gen_pd_col[1].u_pd/nfast_hit_latched_reg[5]/D
OSC_FAST_REAL,/home/validmgr/ksabra/2026_SPAD/SPADMIC/results/genus_osc_pd/20260601_o1c2_fast_count_audit_genus/timing_violations.rpt,20,VIOLATED,-3034,clk_osc_fast_tap1,clk_osc_fast,clk_osc_fast_tap1,(R) u_core_u_fast_cnt_bin_q_reg[0]/C,(F) u_core_gen_pd_row[2].gen_pd_col[1].u_pd/nfast_hit_latched_reg[0]/D
OSC_FAST_REAL,/home/validmgr/ksabra/2026_SPAD/SPADMIC/results/genus_osc_pd/20260601_o1c2_fast_count_audit_genus/timing_violations.rpt,21,VIOLATED,-3034,clk_osc_fast_tap1,clk_osc_fast,clk_osc_fast_tap1,(R) u_core_u_fast_cnt_bin_q_reg[1]/C,(F) u_core_gen_pd_row[3].gen_pd_col[1].u_pd/nfast_hit_latched_reg[1]/D
OSC_FAST_REAL,/home/validmgr/ksabra/2026_SPAD/SPADMIC/results/genus_osc_pd/20260601_o1c2_fast_count_audit_genus/timing_violations.rpt,22,VIOLATED,-3034,clk_osc_fast_tap1,clk_osc_fast,clk_osc_fast_tap1,(R) u_core_u_fast_cnt_bin_q_reg[0]/C,(F) u_core_gen_pd_row[0].gen_pd_col[1].u_pd/nfast_hit_latched_reg[0]/D
OSC_FAST_REAL,/home/validmgr/ksabra/2026_SPAD/SPADMIC/results/genus_osc_pd/20260601_o1c2_fast_count_audit_genus/timing_violations.rpt,23,VIOLATED,-3032,clk_osc_fast_tap1,clk_osc_fast,clk_osc_fast_tap1,(R) u_core_u_fast_cnt_bin_q_reg[1]/C,(F) u_core_gen_pd_row[6].gen_pd_col[1].u_pd/nfast_hit_latched_reg[1]/D
OSC_FAST_REAL,/home/validmgr/ksabra/2026_SPAD/SPADMIC/results/genus_osc_pd/20260601_o1c2_fast_count_audit_genus/timing_violations.rpt,24,VIOLATED,-3032,clk_osc_fast_tap1,clk_osc_fast,clk_osc_fast_tap1,(R) u_core_u_fast_cnt_bin_q_reg[5]/C,(F) u_core_gen_pd_row[6].gen_pd_col[1].u_pd/nfast_hit_latched_reg[5]/D
OSC_FAST_REAL,/home/validmgr/ksabra/2026_SPAD/SPADMIC/results/genus_osc_pd/20260601_o1c2_fast_count_audit_genus/timing_violations.rpt,25,VIOLATED,-3032,clk_osc_fast_tap1,clk_osc_fast,clk_osc_fast_tap1,(R) u_core_u_fast_cnt_bin_q_reg[1]/C,(F) u_core_gen_pd_row[7].gen_pd_col[1].u_pd/nfast_hit_latched_reg[1]/D
OSC_FAST_REAL,/home/validmgr/ksabra/2026_SPAD/SPADMIC/results/genus_osc_pd/20260601_o1c2_fast_count_audit_genus/timing_violations.rpt,26,VIOLATED,-3032,clk_osc_fast_tap1,clk_osc_fast,clk_osc_fast_tap1,(R) u_core_u_fast_cnt_bin_q_reg[1]/C,(F) u_core_gen_pd_row[5].gen_pd_col[1].u_pd/nfast_hit_latched_reg[1]/D
OSC_FAST_REAL,/home/validmgr/ksabra/2026_SPAD/SPADMIC/results/genus_osc_pd/20260601_o1c2_fast_count_audit_genus/timing_violations.rpt,27,VIOLATED,-3032,clk_osc_fast_tap1,clk_osc_fast,clk_osc_fast_tap1,(R) u_core_u_fast_cnt_bin_q_reg[1]/C,(F) u_core_gen_pd_row[1].gen_pd_col[1].u_pd/nfast_hit_latched_reg[1]/D
OSC_FAST_REAL,/home/validmgr/ksabra/2026_SPAD/SPADMIC/results/genus_osc_pd/20260601_o1c2_fast_count_audit_genus/timing_violations.rpt,28,VIOLATED,-3032,clk_osc_fast_tap1,clk_osc_fast,clk_osc_fast_tap1,(R) u_core_u_fast_cnt_bin_q_reg[1]/C,(F) u_core_gen_pd_row[4].gen_pd_col[1].u_pd/nfast_hit_latched_reg[1]/D
OSC_FAST_REAL,/home/validmgr/ksabra/2026_SPAD/SPADMIC/results/genus_osc_pd/20260601_o1c2_fast_count_audit_genus/timing_violations.rpt,29,VIOLATED,-3031,clk_osc_fast_tap1,clk_osc_fast,clk_osc_fast_tap1,(R) u_core_u_fast_cnt_bin_q_reg[5]/C,(F) u_core_gen_pd_row[1].gen_pd_col[1].u_pd/nfast_hit_latched_reg[5]/D
OSC_FAST_REAL,/home/validmgr/ksabra/2026_SPAD/SPADMIC/results/genus_osc_pd/20260601_o1c2_fast_count_audit_genus/timing_violations.rpt,30,VIOLATED,-3030,clk_osc_fast_tap1,clk_osc_fast,clk_osc_fast_tap1,(R) u_core_u_fast_cnt_bin_q_reg[3]/C,(F) u_core_gen_pd_row[2].gen_pd_col[1].u_pd/nfast_hit_latched_reg[3]/D
OSC_FAST_REAL,/home/validmgr/ksabra/2026_SPAD/SPADMIC/results/genus_osc_pd/20260601_o1c2_fast_count_audit_genus/timing_violations.rpt,31,VIOLATED,-3030,clk_osc_fast_tap1,clk_osc_fast,clk_osc_fast_tap1,(R) u_core_u_fast_cnt_bin_q_reg[3]/C,(F) u_core_gen_pd_row[1].gen_pd_col[1].u_pd/nfast_hit_latched_reg[3]/D
OSC_FAST_REAL,/home/validmgr/ksabra/2026_SPAD/SPADMIC/results/genus_osc_pd/20260601_o1c2_fast_count_audit_genus/timing_violations.rpt,32,VIOLATED,-3030,clk_osc_fast_tap1,clk_osc_fast,clk_osc_fast_tap1,(R) u_core_u_fast_cnt_bin_q_reg[3]/C,(F) u_core_gen_pd_row[0].gen_pd_col[1].u_pd/nfast_hit_latched_reg[3]/D
OSC_FAST_REAL,/home/validmgr/ksabra/2026_SPAD/SPADMIC/results/genus_osc_pd/20260601_o1c2_fast_count_audit_genus/timing_violations.rpt,33,VIOLATED,-3030,clk_osc_fast_tap1,clk_osc_fast,clk_osc_fast_tap1,(R) u_core_u_fast_cnt_bin_q_reg[3]/C,(F) u_core_gen_pd_row[3].gen_pd_col[1].u_pd/nfast_hit_latched_reg[3]/D
OSC_FAST_REAL,/home/validmgr/ksabra/2026_SPAD/SPADMIC/results/genus_osc_pd/20260601_o1c2_fast_count_audit_genus/timing_violations.rpt,34,VIOLATED,-3026,clk_osc_fast_tap1,clk_osc_fast,clk_osc_fast_tap1,(R) u_core_u_fast_cnt_bin_q_reg[5]/C,(F) u_core_gen_pd_row[4].gen_pd_col[1].u_pd/nfast_hit_latched_reg[5]/D
OSC_FAST_REAL,/home/validmgr/ksabra/2026_SPAD/SPADMIC/results/genus_osc_pd/20260601_o1c2_fast_count_audit_genus/timing_violations.rpt,35,VIOLATED,-3025,clk_osc_fast_tap1,clk_osc_fast,clk_osc_fast_tap1,(R) u_core_u_fast_cnt_bin_q_reg[3]/C,(F) u_core_gen_pd_row[5].gen_pd_col[1].u_pd/nfast_hit_latched_reg[3]/D
OSC_FAST_REAL,/home/validmgr/ksabra/2026_SPAD/SPADMIC/results/genus_osc_pd/20260601_o1c2_fast_count_audit_genus/timing_violations.rpt,36,VIOLATED,-3025,clk_osc_fast_tap1,clk_osc_fast,clk_osc_fast_tap1,(R) u_core_u_fast_cnt_bin_q_reg[3]/C,(F) u_core_gen_pd_row[4].gen_pd_col[1].u_pd/nfast_hit_latched_reg[3]/D
OSC_FAST_REAL,/home/validmgr/ksabra/2026_SPAD/SPADMIC/results/genus_osc_pd/20260601_o1c2_fast_count_audit_genus/timing_violations.rpt,37,VIOLATED,-3018,clk_osc_fast_tap1,clk_osc_fast,clk_osc_fast_tap1,(R) u_core_u_fast_cnt_bin_q_reg[0]/C,(F) u_core_gen_pd_row[4].gen_pd_col[1].u_pd/nfast_hit_latched_reg[0]/D
OSC_FAST_REAL,/home/validmgr/ksabra/2026_SPAD/SPADMIC/results/genus_osc_pd/20260601_o1c2_fast_count_audit_genus/timing_violations.rpt,38,VIOLATED,-3018,clk_osc_fast_tap1,clk_osc_fast,clk_osc_fast_tap1,(R) u_core_u_fast_cnt_bin_q_reg[0]/C,(F) u_core_gen_pd_row[7].gen_pd_col[1].u_pd/nfast_hit_latched_reg[0]/D
OSC_FAST_REAL,/home/validmgr/ksabra/2026_SPAD/SPADMIC/results/genus_osc_pd/20260601_o1c2_fast_count_audit_genus/timing_violations.rpt,39,VIOLATED,-3018,clk_osc_fast_tap1,clk_osc_fast,clk_osc_fast_tap1,(R) u_core_u_fast_cnt_bin_q_reg[0]/C,(F) u_core_gen_pd_row[5].gen_pd_col[1].u_pd/nfast_hit_latched_reg[0]/D
OSC_FAST_REAL,/home/validmgr/ksabra/2026_SPAD/SPADMIC/results/genus_osc_pd/20260601_o1c2_fast_count_audit_genus/timing_violations.rpt,40,VIOLATED,-3018,clk_osc_fast_tap1,clk_osc_fast,clk_osc_fast_tap1,(R) u_core_u_fast_cnt_bin_q_reg[0]/C,(F) u_core_gen_pd_row[1].gen_pd_col[1].u_pd/nfast_hit_latched_reg[0]/D
OSC_FAST_REAL,/home/validmgr/ksabra/2026_SPAD/SPADMIC/results/genus_osc_pd/20260601_o1c2_fast_count_audit_genus/timing_violations.rpt,41,VIOLATED,-3005,clk_osc_fast_tap1,clk_osc_fast,clk_osc_fast_tap1,(R) u_core_u_fast_cnt_bin_q_reg[2]/C,(F) u_core_gen_pd_row[6].gen_pd_col[1].u_pd/nfast_hit_latched_reg[2]/D
OSC_FAST_REAL,/home/validmgr/ksabra/2026_SPAD/SPADMIC/results/genus_osc_pd/20260601_o1c2_fast_count_audit_genus/timing_violations.rpt,42,VIOLATED,-3005,clk_osc_fast_tap1,clk_osc_fast,clk_osc_fast_tap1,(R) u_core_u_fast_cnt_bin_q_reg[2]/C,(F) u_core_gen_pd_row[2].gen_pd_col[1].u_pd/nfast_hit_latched_reg[2]/D
OSC_FAST_REAL,/home/validmgr/ksabra/2026_SPAD/SPADMIC/results/genus_osc_pd/20260601_o1c2_fast_count_audit_genus/timing_violations.rpt,43,VIOLATED,-3005,clk_osc_fast_tap1,clk_osc_fast,clk_osc_fast_tap1,(R) u_core_u_fast_cnt_bin_q_reg[2]/C,(F) u_core_gen_pd_row[0].gen_pd_col[1].u_pd/nfast_hit_latched_reg[2]/D
OSC_FAST_REAL,/home/validmgr/ksabra/2026_SPAD/SPADMIC/results/genus_osc_pd/20260601_o1c2_fast_count_audit_genus/timing_violations.rpt,44,VIOLATED,-3004,clk_osc_fast_tap1,clk_osc_fast,clk_osc_fast_tap1,(R) u_core_u_fast_cnt_bin_q_reg[2]/C,(F) u_core_gen_pd_row[3].gen_pd_col[1].u_pd/nfast_hit_latched_reg[2]/D
OSC_FAST_REAL,/home/validmgr/ksabra/2026_SPAD/SPADMIC/results/genus_osc_pd/20260601_o1c2_fast_count_audit_genus/timing_violations.rpt,45,VIOLATED,-3000,clk_osc_fast_tap1,clk_osc_fast,clk_osc_fast_tap1,(R) u_core_u_fast_cnt_bin_q_reg[2]/C,(F) u_core_gen_pd_row[7].gen_pd_col[1].u_pd/nfast_hit_latched_reg[2]/D
OSC_FAST_REAL,/home/validmgr/ksabra/2026_SPAD/SPADMIC/results/genus_osc_pd/20260601_o1c2_fast_count_audit_genus/timing_violations.rpt,46,VIOLATED,-3000,clk_osc_fast_tap1,clk_osc_fast,clk_osc_fast_tap1,(R) u_core_u_fast_cnt_bin_q_reg[2]/C,(F) u_core_gen_pd_row[5].gen_pd_col[1].u_pd/nfast_hit_latched_reg[2]/D
OSC_FAST_REAL,/home/validmgr/ksabra/2026_SPAD/SPADMIC/results/genus_osc_pd/20260601_o1c2_fast_count_audit_genus/timing_violations.rpt,47,VIOLATED,-3000,clk_osc_fast_tap1,clk_osc_fast,clk_osc_fast_tap1,(R) u_core_u_fast_cnt_bin_q_reg[2]/C,(F) u_core_gen_pd_row[4].gen_pd_col[1].u_pd/nfast_hit_latched_reg[2]/D
OSC_FAST_REAL,/home/validmgr/ksabra/2026_SPAD/SPADMIC/results/genus_osc_pd/20260601_o1c2_fast_count_audit_genus/timing_violations.rpt,48,VIOLATED,-3000,clk_osc_fast_tap1,clk_osc_fast,clk_osc_fast_tap1,(R) u_core_u_fast_cnt_bin_q_reg[2]/C,(F) u_core_gen_pd_row[1].gen_pd_col[1].u_pd/nfast_hit_latched_reg[2]/D
OSC_FAST_REAL,/home/validmgr/ksabra/2026_SPAD/SPADMIC/results/genus_osc_pd/20260601_o1c2_fast_count_audit_genus/timing_violations.rpt,49,VIOLATED,-2986,clk_osc_fast_tap2,clk_osc_fast,clk_osc_fast_tap2,(R) u_core_u_fast_cnt_bin_q_reg[1]/C,(F) u_core_gen_pd_row[3].gen_pd_col[2].u_pd/nfast_hit_latched_reg[1]/D
OSC_FAST_REAL,/home/validmgr/ksabra/2026_SPAD/SPADMIC/results/genus_osc_pd/20260601_o1c2_fast_count_audit_genus/timing_violations.rpt,50,VIOLATED,-2986,clk_osc_fast_tap2,clk_osc_fast,clk_osc_fast_tap2,(R) u_core_u_fast_cnt_bin_q_reg[1]/C,(F) u_core_gen_pd_row[2].gen_pd_col[2].u_pd/nfast_hit_latched_reg[1]/D
OSC_FAST_REAL,/home/validmgr/ksabra/2026_SPAD/SPADMIC/results/genus_osc_pd/20260601_o1c2_fast_count_audit_genus/timing_violations.rpt,51,VIOLATED,-2986,clk_osc_fast_tap2,clk_osc_fast,clk_osc_fast_tap2,(R) u_core_u_fast_cnt_bin_q_reg[1]/C,(F) u_core_gen_pd_row[7].gen_pd_col[2].u_pd/nfast_hit_latched_reg[1]/D
OSC_FAST_REAL,/home/validmgr/ksabra/2026_SPAD/SPADMIC/results/genus_osc_pd/20260601_o1c2_fast_count_audit_genus/timing_violations.rpt,52,VIOLATED,-2986,clk_osc_fast_tap2,clk_osc_fast,clk_osc_fast_tap2,(R) u_core_u_fast_cnt_bin_q_reg[1]/C,(F) u_core_gen_pd_row[6].gen_pd_col[2].u_pd/nfast_hit_latched_reg[1]/D
OSC_FAST_REAL,/home/validmgr/ksabra/2026_SPAD/SPADMIC/results/genus_osc_pd/20260601_o1c2_fast_count_audit_genus/timing_violations.rpt,53,VIOLATED,-2986,clk_osc_fast_tap2,clk_osc_fast,clk_osc_fast_tap2,(R) u_core_u_fast_cnt_bin_q_reg[1]/C,(F) u_core_gen_pd_row[5].gen_pd_col[2].u_pd/nfast_hit_latched_reg[1]/D
OSC_FAST_REAL,/home/validmgr/ksabra/2026_SPAD/SPADMIC/results/genus_osc_pd/20260601_o1c2_fast_count_audit_genus/timing_violations.rpt,54,VIOLATED,-2986,clk_osc_fast_tap2,clk_osc_fast,clk_osc_fast_tap2,(R) u_core_u_fast_cnt_bin_q_reg[1]/C,(F) u_core_gen_pd_row[4].gen_pd_col[2].u_pd/nfast_hit_latched_reg[1]/D
OSC_FAST_REAL,/home/validmgr/ksabra/2026_SPAD/SPADMIC/results/genus_osc_pd/20260601_o1c2_fast_count_audit_genus/timing_violations.rpt,55,VIOLATED,-2984,clk_osc_fast_tap2,clk_osc_fast,clk_osc_fast_tap2,(R) u_core_u_fast_cnt_bin_q_reg[1]/C,(F) u_core_gen_pd_row[0].gen_pd_col[2].u_pd/nfast_hit_latched_reg[1]/D
OSC_FAST_REAL,/home/validmgr/ksabra/2026_SPAD/SPADMIC/results/genus_osc_pd/20260601_o1c2_fast_count_audit_genus/timing_violations.rpt,56,VIOLATED,-2984,clk_osc_fast_tap2,clk_osc_fast,clk_osc_fast_tap2,(R) u_core_u_fast_cnt_bin_q_reg[1]/C,(F) u_core_gen_pd_row[1].gen_pd_col[2].u_pd/nfast_hit_latched_reg[1]/D
OSC_FAST_REAL,/home/validmgr/ksabra/2026_SPAD/SPADMIC/results/genus_osc_pd/20260601_o1c2_fast_count_audit_genus/timing_violations.rpt,57,VIOLATED,-2980,clk_osc_fast_tap2,clk_osc_fast,clk_osc_fast_tap2,(R) u_core_u_fast_cnt_bin_q_reg[3]/C,(F) u_core_gen_pd_row[1].gen_pd_col[2].u_pd/nfast_hit_latched_reg[3]/D
OSC_FAST_REAL,/home/validmgr/ksabra/2026_SPAD/SPADMIC/results/genus_osc_pd/20260601_o1c2_fast_count_audit_genus/timing_violations.rpt,58,VIOLATED,-2980,clk_osc_fast_tap2,clk_osc_fast,clk_osc_fast_tap2,(R) u_core_u_fast_cnt_bin_q_reg[3]/C,(F) u_core_gen_pd_row[0].gen_pd_col[2].u_pd/nfast_hit_latched_reg[3]/D
OSC_FAST_REAL,/home/validmgr/ksabra/2026_SPAD/SPADMIC/results/genus_osc_pd/20260601_o1c2_fast_count_audit_genus/timing_violations.rpt,59,VIOLATED,-2980,clk_osc_fast_tap2,clk_osc_fast,clk_osc_fast_tap2,(R) u_core_u_fast_cnt_bin_q_reg[0]/C,(F) u_core_gen_pd_row[5].gen_pd_col[2].u_pd/nfast_hit_latched_reg[0]/D
OSC_FAST_REAL,/home/validmgr/ksabra/2026_SPAD/SPADMIC/results/genus_osc_pd/20260601_o1c2_fast_count_audit_genus/timing_violations.rpt,60,VIOLATED,-2980,clk_osc_fast_tap2,clk_osc_fast,clk_osc_fast_tap2,(R) u_core_u_fast_cnt_bin_q_reg[0]/C,(F) u_core_gen_pd_row[0].gen_pd_col[2].u_pd/nfast_hit_latched_reg[0]/D
OSC_FAST_REAL,/home/validmgr/ksabra/2026_SPAD/SPADMIC/results/genus_osc_pd/20260601_o1c2_fast_count_audit_genus/timing_violations.rpt,61,VIOLATED,-2977,clk_osc_fast_tap1,clk_osc_fast,clk_osc_fast_tap1,(R) u_core_u_fast_cnt_bin_q_reg[6]/C,(F) u_core_gen_pd_row[3].gen_pd_col[1].u_pd/nfast_hit_latched_reg[6]/D
OSC_FAST_REAL,/home/validmgr/ksabra/2026_SPAD/SPADMIC/results/genus_osc_pd/20260601_o1c2_fast_count_audit_genus/timing_violations.rpt,62,VIOLATED,-2977,clk_osc_fast_tap1,clk_osc_fast,clk_osc_fast_tap1,(R) u_core_u_fast_cnt_bin_q_reg[6]/C,(F) u_core_gen_pd_row[2].gen_pd_col[1].u_pd/nfast_hit_latched_reg[6]/D
OSC_FAST_REAL,/home/validmgr/ksabra/2026_SPAD/SPADMIC/results/genus_osc_pd/20260601_o1c2_fast_count_audit_genus/timing_violations.rpt,63,VIOLATED,-2977,clk_osc_fast_tap1,clk_osc_fast,clk_osc_fast_tap1,(R) u_core_u_fast_cnt_bin_q_reg[6]/C,(F) u_core_gen_pd_row[6].gen_pd_col[1].u_pd/nfast_hit_latched_reg[6]/D
OSC_FAST_REAL,/home/validmgr/ksabra/2026_SPAD/SPADMIC/results/genus_osc_pd/20260601_o1c2_fast_count_audit_genus/timing_violations.rpt,64,VIOLATED,-2977,clk_osc_fast_tap1,clk_osc_fast,clk_osc_fast_tap1,(R) u_core_u_fast_cnt_bin_q_reg[6]/C,(F) u_core_gen_pd_row[0].gen_pd_col[1].u_pd/nfast_hit_latched_reg[6]/D
OSC_FAST_REAL,/home/validmgr/ksabra/2026_SPAD/SPADMIC/results/genus_osc_pd/20260601_o1c2_fast_count_audit_genus/timing_violations.rpt,65,VIOLATED,-2976,clk_osc_fast_tap2,clk_osc_fast,clk_osc_fast_tap2,(R) u_core_u_fast_cnt_bin_q_reg[3]/C,(F) u_core_gen_pd_row[7].gen_pd_col[2].u_pd/nfast_hit_latched_reg[3]/D
OSC_FAST_REAL,/home/validmgr/ksabra/2026_SPAD/SPADMIC/results/genus_osc_pd/20260601_o1c2_fast_count_audit_genus/timing_violations.rpt,66,VIOLATED,-2976,clk_osc_fast_tap2,clk_osc_fast,clk_osc_fast_tap2,(R) u_core_u_fast_cnt_bin_q_reg[3]/C,(F) u_core_gen_pd_row[3].gen_pd_col[2].u_pd/nfast_hit_latched_reg[3]/D
OSC_FAST_REAL,/home/validmgr/ksabra/2026_SPAD/SPADMIC/results/genus_osc_pd/20260601_o1c2_fast_count_audit_genus/timing_violations.rpt,67,VIOLATED,-2976,clk_osc_fast_tap2,clk_osc_fast,clk_osc_fast_tap2,(R) u_core_u_fast_cnt_bin_q_reg[3]/C,(F) u_core_gen_pd_row[2].gen_pd_col[2].u_pd/nfast_hit_latched_reg[3]/D
OSC_FAST_REAL,/home/validmgr/ksabra/2026_SPAD/SPADMIC/results/genus_osc_pd/20260601_o1c2_fast_count_audit_genus/timing_violations.rpt,68,VIOLATED,-2975,clk_osc_fast_tap2,clk_osc_fast,clk_osc_fast_tap2,(R) u_core_u_fast_cnt_bin_q_reg[3]/C,(F) u_core_gen_pd_row[5].gen_pd_col[2].u_pd/nfast_hit_latched_reg[3]/D
OSC_FAST_REAL,/home/validmgr/ksabra/2026_SPAD/SPADMIC/results/genus_osc_pd/20260601_o1c2_fast_count_audit_genus/timing_violations.rpt,69,VIOLATED,-2975,clk_osc_fast_tap2,clk_osc_fast,clk_osc_fast_tap2,(R) u_core_u_fast_cnt_bin_q_reg[3]/C,(F) u_core_gen_pd_row[4].gen_pd_col[2].u_pd/nfast_hit_latched_reg[3]/D
OSC_FAST_REAL,/home/validmgr/ksabra/2026_SPAD/SPADMIC/results/genus_osc_pd/20260601_o1c2_fast_count_audit_genus/timing_violations.rpt,70,VIOLATED,-2971,clk_osc_fast_tap2,clk_osc_fast,clk_osc_fast_tap2,(R) u_core_u_fast_cnt_bin_q_reg[4]/C,(F) u_core_gen_pd_row[7].gen_pd_col[2].u_pd/nfast_hit_latched_reg[4]/D
OSC_FAST_REAL,/home/validmgr/ksabra/2026_SPAD/SPADMIC/results/genus_osc_pd/20260601_o1c2_fast_count_audit_genus/timing_violations.rpt,71,VIOLATED,-2971,clk_osc_fast_tap2,clk_osc_fast,clk_osc_fast_tap2,(R) u_core_u_fast_cnt_bin_q_reg[4]/C,(F) u_core_gen_pd_row[6].gen_pd_col[2].u_pd/nfast_hit_latched_reg[4]/D
OSC_FAST_REAL,/home/validmgr/ksabra/2026_SPAD/SPADMIC/results/genus_osc_pd/20260601_o1c2_fast_count_audit_genus/timing_violations.rpt,72,VIOLATED,-2971,clk_osc_fast_tap2,clk_osc_fast,clk_osc_fast_tap2,(R) u_core_u_fast_cnt_bin_q_reg[4]/C,(F) u_core_gen_pd_row[5].gen_pd_col[2].u_pd/nfast_hit_latched_reg[4]/D
OSC_FAST_REAL,/home/validmgr/ksabra/2026_SPAD/SPADMIC/results/genus_osc_pd/20260601_o1c2_fast_count_audit_genus/timing_violations.rpt,73,VIOLATED,-2971,clk_osc_fast_tap2,clk_osc_fast,clk_osc_fast_tap2,(R) u_core_u_fast_cnt_bin_q_reg[4]/C,(F) u_core_gen_pd_row[4].gen_pd_col[2].u_pd/nfast_hit_latched_reg[4]/D
OSC_FAST_REAL,/home/validmgr/ksabra/2026_SPAD/SPADMIC/results/genus_osc_pd/20260601_o1c2_fast_count_audit_genus/timing_violations.rpt,74,VIOLATED,-2971,clk_osc_fast_tap2,clk_osc_fast,clk_osc_fast_tap2,(R) u_core_u_fast_cnt_bin_q_reg[4]/C,(F) u_core_gen_pd_row[3].gen_pd_col[2].u_pd/nfast_hit_latched_reg[4]/D
OSC_FAST_REAL,/home/validmgr/ksabra/2026_SPAD/SPADMIC/results/genus_osc_pd/20260601_o1c2_fast_count_audit_genus/timing_violations.rpt,75,VIOLATED,-2971,clk_osc_fast_tap2,clk_osc_fast,clk_osc_fast_tap2,(R) u_core_u_fast_cnt_bin_q_reg[4]/C,(F) u_core_gen_pd_row[2].gen_pd_col[2].u_pd/nfast_hit_latched_reg[4]/D
OSC_FAST_REAL,/home/validmgr/ksabra/2026_SPAD/SPADMIC/results/genus_osc_pd/20260601_o1c2_fast_count_audit_genus/timing_violations.rpt,76,VIOLATED,-2971,clk_osc_fast_tap2,clk_osc_fast,clk_osc_fast_tap2,(R) u_core_u_fast_cnt_bin_q_reg[4]/C,(F) u_core_gen_pd_row[1].gen_pd_col[2].u_pd/nfast_hit_latched_reg[4]/D
OSC_FAST_REAL,/home/validmgr/ksabra/2026_SPAD/SPADMIC/results/genus_osc_pd/20260601_o1c2_fast_count_audit_genus/timing_violations.rpt,77,VIOLATED,-2971,clk_osc_fast_tap2,clk_osc_fast,clk_osc_fast_tap2,(R) u_core_u_fast_cnt_bin_q_reg[4]/C,(F) u_core_gen_pd_row[0].gen_pd_col[2].u_pd/nfast_hit_latched_reg[4]/D
OSC_FAST_REAL,/home/validmgr/ksabra/2026_SPAD/SPADMIC/results/genus_osc_pd/20260601_o1c2_fast_count_audit_genus/timing_violations.rpt,78,VIOLATED,-2969,clk_osc_fast_tap2,clk_osc_fast,clk_osc_fast_tap2,(R) u_core_u_fast_cnt_bin_q_reg[0]/C,(F) u_core_gen_pd_row[1].gen_pd_col[2].u_pd/nfast_hit_latched_reg[0]/D
OSC_FAST_REAL,/home/validmgr/ksabra/2026_SPAD/SPADMIC/results/genus_osc_pd/20260601_o1c2_fast_count_audit_genus/timing_violations.rpt,79,VIOLATED,-2968,clk_osc_fast_tap2,clk_osc_fast,clk_osc_fast_tap2,(R) u_core_u_fast_cnt_bin_q_reg[0]/C,(F) u_core_gen_pd_row[7].gen_pd_col[2].u_pd/nfast_hit_latched_reg[0]/D
OSC_FAST_REAL,/home/validmgr/ksabra/2026_SPAD/SPADMIC/results/genus_osc_pd/20260601_o1c2_fast_count_audit_genus/timing_violations.rpt,80,VIOLATED,-2968,clk_osc_fast_tap2,clk_osc_fast,clk_osc_fast_tap2,(R) u_core_u_fast_cnt_bin_q_reg[0]/C,(F) u_core_gen_pd_row[6].gen_pd_col[2].u_pd/nfast_hit_latched_reg[0]/D
OSC_FAST_REAL,/home/validmgr/ksabra/2026_SPAD/SPADMIC/results/genus_osc_pd/20260601_o1c2_fast_count_audit_genus/timing_violations.rpt,81,VIOLATED,-2968,clk_osc_fast_tap2,clk_osc_fast,clk_osc_fast_tap2,(R) u_core_u_fast_cnt_bin_q_reg[0]/C,(F) u_core_gen_pd_row[4].gen_pd_col[2].u_pd/nfast_hit_latched_reg[0]/D
OSC_FAST_REAL,/home/validmgr/ksabra/2026_SPAD/SPADMIC/results/genus_osc_pd/20260601_o1c2_fast_count_audit_genus/timing_violations.rpt,82,VIOLATED,-2968,clk_osc_fast_tap2,clk_osc_fast,clk_osc_fast_tap2,(R) u_core_u_fast_cnt_bin_q_reg[0]/C,(F) u_core_gen_pd_row[3].gen_pd_col[2].u_pd/nfast_hit_latched_reg[0]/D
OSC_FAST_REAL,/home/validmgr/ksabra/2026_SPAD/SPADMIC/results/genus_osc_pd/20260601_o1c2_fast_count_audit_genus/timing_violations.rpt,83,VIOLATED,-2968,clk_osc_fast_tap2,clk_osc_fast,clk_osc_fast_tap2,(R) u_core_u_fast_cnt_bin_q_reg[0]/C,(F) u_core_gen_pd_row[2].gen_pd_col[2].u_pd/nfast_hit_latched_reg[0]/D
OSC_FAST_REAL,/home/validmgr/ksabra/2026_SPAD/SPADMIC/results/genus_osc_pd/20260601_o1c2_fast_count_audit_genus/timing_violations.rpt,84,VIOLATED,-2966,clk_osc_fast_tap1,clk_osc_fast,clk_osc_fast_tap1,(R) u_core_u_fast_cnt_bin_q_reg[6]/C,(F) u_core_gen_pd_row[7].gen_pd_col[1].u_pd/nfast_hit_latched_reg[6]/D
OSC_FAST_REAL,/home/validmgr/ksabra/2026_SPAD/SPADMIC/results/genus_osc_pd/20260601_o1c2_fast_count_audit_genus/timing_violations.rpt,85,VIOLATED,-2966,clk_osc_fast_tap1,clk_osc_fast,clk_osc_fast_tap1,(R) u_core_u_fast_cnt_bin_q_reg[6]/C,(F) u_core_gen_pd_row[5].gen_pd_col[1].u_pd/nfast_hit_latched_reg[6]/D
OSC_FAST_REAL,/home/validmgr/ksabra/2026_SPAD/SPADMIC/results/genus_osc_pd/20260601_o1c2_fast_count_audit_genus/timing_violations.rpt,86,VIOLATED,-2966,clk_osc_fast_tap1,clk_osc_fast,clk_osc_fast_tap1,(R) u_core_u_fast_cnt_bin_q_reg[6]/C,(F) u_core_gen_pd_row[1].gen_pd_col[1].u_pd/nfast_hit_latched_reg[6]/D
OSC_FAST_REAL,/home/validmgr/ksabra/2026_SPAD/SPADMIC/results/genus_osc_pd/20260601_o1c2_fast_count_audit_genus/timing_violations.rpt,87,VIOLATED,-2966,clk_osc_fast_tap1,clk_osc_fast,clk_osc_fast_tap1,(R) u_core_u_fast_cnt_bin_q_reg[6]/C,(F) u_core_gen_pd_row[4].gen_pd_col[1].u_pd/nfast_hit_latched_reg[6]/D
OSC_FAST_REAL,/home/validmgr/ksabra/2026_SPAD/SPADMIC/results/genus_osc_pd/20260601_o1c2_fast_count_audit_genus/timing_violations.rpt,88,VIOLATED,-2965,clk_osc_fast_tap2,clk_osc_fast,clk_osc_fast_tap2,(R) u_core_u_fast_cnt_bin_q_reg[3]/C,(F) u_core_gen_pd_row[6].gen_pd_col[2].u_pd/nfast_hit_latched_reg[3]/D
OSC_FAST_REAL,/home/validmgr/ksabra/2026_SPAD/SPADMIC/results/genus_osc_pd/20260601_o1c2_fast_count_audit_genus/timing_violations.rpt,89,VIOLATED,-2963,clk_osc_fast_tap2,clk_osc_fast,clk_osc_fast_tap2,(R) u_core_u_fast_cnt_bin_q_reg[5]/C,(F) u_core_gen_pd_row[3].gen_pd_col[2].u_pd/nfast_hit_latched_reg[5]/D
OSC_FAST_REAL,/home/validmgr/ksabra/2026_SPAD/SPADMIC/results/genus_osc_pd/20260601_o1c2_fast_count_audit_genus/timing_violations.rpt,90,VIOLATED,-2963,clk_osc_fast_tap2,clk_osc_fast,clk_osc_fast_tap2,(R) u_core_u_fast_cnt_bin_q_reg[5]/C,(F) u_core_gen_pd_row[2].gen_pd_col[2].u_pd/nfast_hit_latched_reg[5]/D
OSC_FAST_REAL,/home/validmgr/ksabra/2026_SPAD/SPADMIC/results/genus_osc_pd/20260601_o1c2_fast_count_audit_genus/timing_violations.rpt,91,VIOLATED,-2963,clk_osc_fast_tap2,clk_osc_fast,clk_osc_fast_tap2,(R) u_core_u_fast_cnt_bin_q_reg[5]/C,(F) u_core_gen_pd_row[1].gen_pd_col[2].u_pd/nfast_hit_latched_reg[5]/D
OSC_FAST_REAL,/home/validmgr/ksabra/2026_SPAD/SPADMIC/results/genus_osc_pd/20260601_o1c2_fast_count_audit_genus/timing_violations.rpt,92,VIOLATED,-2963,clk_osc_fast_tap2,clk_osc_fast,clk_osc_fast_tap2,(R) u_core_u_fast_cnt_bin_q_reg[5]/C,(F) u_core_gen_pd_row[0].gen_pd_col[2].u_pd/nfast_hit_latched_reg[5]/D
OSC_FAST_REAL,/home/validmgr/ksabra/2026_SPAD/SPADMIC/results/genus_osc_pd/20260601_o1c2_fast_count_audit_genus/timing_violations.rpt,93,VIOLATED,-2963,clk_osc_fast_tap2,clk_osc_fast,clk_osc_fast_tap2,(R) u_core_u_fast_cnt_bin_q_reg[2]/C,(F) u_core_gen_pd_row[7].gen_pd_col[2].u_pd/nfast_hit_latched_reg[2]/D
OSC_FAST_REAL,/home/validmgr/ksabra/2026_SPAD/SPADMIC/results/genus_osc_pd/20260601_o1c2_fast_count_audit_genus/timing_violations.rpt,94,VIOLATED,-2963,clk_osc_fast_tap2,clk_osc_fast,clk_osc_fast_tap2,(R) u_core_u_fast_cnt_bin_q_reg[2]/C,(F) u_core_gen_pd_row[6].gen_pd_col[2].u_pd/nfast_hit_latched_reg[2]/D
OSC_FAST_REAL,/home/validmgr/ksabra/2026_SPAD/SPADMIC/results/genus_osc_pd/20260601_o1c2_fast_count_audit_genus/timing_violations.rpt,95,VIOLATED,-2963,clk_osc_fast_tap2,clk_osc_fast,clk_osc_fast_tap2,(R) u_core_u_fast_cnt_bin_q_reg[2]/C,(F) u_core_gen_pd_row[5].gen_pd_col[2].u_pd/nfast_hit_latched_reg[2]/D
OSC_FAST_REAL,/home/validmgr/ksabra/2026_SPAD/SPADMIC/results/genus_osc_pd/20260601_o1c2_fast_count_audit_genus/timing_violations.rpt,96,VIOLATED,-2963,clk_osc_fast_tap2,clk_osc_fast,clk_osc_fast_tap2,(R) u_core_u_fast_cnt_bin_q_reg[2]/C,(F) u_core_gen_pd_row[4].gen_pd_col[2].u_pd/nfast_hit_latched_reg[2]/D
OSC_FAST_REAL,/home/validmgr/ksabra/2026_SPAD/SPADMIC/results/genus_osc_pd/20260601_o1c2_fast_count_audit_genus/timing_violations.rpt,97,VIOLATED,-2963,clk_osc_fast_tap2,clk_osc_fast,clk_osc_fast_tap2,(R) u_core_u_fast_cnt_bin_q_reg[2]/C,(F) u_core_gen_pd_row[3].gen_pd_col[2].u_pd/nfast_hit_latched_reg[2]/D
OSC_FAST_REAL,/home/validmgr/ksabra/2026_SPAD/SPADMIC/results/genus_osc_pd/20260601_o1c2_fast_count_audit_genus/timing_violations.rpt,98,VIOLATED,-2963,clk_osc_fast_tap2,clk_osc_fast,clk_osc_fast_tap2,(R) u_core_u_fast_cnt_bin_q_reg[2]/C,(F) u_core_gen_pd_row[2].gen_pd_col[2].u_pd/nfast_hit_latched_reg[2]/D
OSC_FAST_REAL,/home/validmgr/ksabra/2026_SPAD/SPADMIC/results/genus_osc_pd/20260601_o1c2_fast_count_audit_genus/timing_violations.rpt,99,VIOLATED,-2963,clk_osc_fast_tap2,clk_osc_fast,clk_osc_fast_tap2,(R) u_core_u_fast_cnt_bin_q_reg[2]/C,(F) u_core_gen_pd_row[1].gen_pd_col[2].u_pd/nfast_hit_latched_reg[2]/D
OSC_FAST_REAL,/home/validmgr/ksabra/2026_SPAD/SPADMIC/results/genus_osc_pd/20260601_o1c2_fast_count_audit_genus/timing_violations.rpt,100,VIOLATED,-2963,clk_osc_fast_tap2,clk_osc_fast,clk_osc_fast_tap2,(R) u_core_u_fast_cnt_bin_q_reg[2]/C,(F) u_core_gen_pd_row[0].gen_pd_col[2].u_pd/nfast_hit_latched_reg[2]/D
OSC_FAST_REAL,/home/validmgr/ksabra/2026_SPAD/SPADMIC/results/genus_osc_pd/20260601_o1c2_fast_count_audit_genus/timing_violations.rpt,101,VIOLATED,-2962,clk_osc_fast_tap2,clk_osc_fast,clk_osc_fast_tap2,(R) u_core_u_fast_cnt_bin_q_reg[5]/C,(F) u_core_gen_pd_row[7].gen_pd_col[2].u_pd/nfast_hit_latched_reg[5]/D
OSC_FAST_REAL,/home/validmgr/ksabra/2026_SPAD/SPADMIC/results/genus_osc_pd/20260601_o1c2_fast_count_audit_genus/timing_violations.rpt,102,VIOLATED,-2962,clk_osc_fast_tap2,clk_osc_fast,clk_osc_fast_tap2,(R) u_core_u_fast_cnt_bin_q_reg[5]/C,(F) u_core_gen_pd_row[6].gen_pd_col[2].u_pd/nfast_hit_latched_reg[5]/D
OSC_FAST_REAL,/home/validmgr/ksabra/2026_SPAD/SPADMIC/results/genus_osc_pd/20260601_o1c2_fast_count_audit_genus/timing_violations.rpt,103,VIOLATED,-2962,clk_osc_fast_tap2,clk_osc_fast,clk_osc_fast_tap2,(R) u_core_u_fast_cnt_bin_q_reg[5]/C,(F) u_core_gen_pd_row[5].gen_pd_col[2].u_pd/nfast_hit_latched_reg[5]/D
OSC_FAST_REAL,/home/validmgr/ksabra/2026_SPAD/SPADMIC/results/genus_osc_pd/20260601_o1c2_fast_count_audit_genus/timing_violations.rpt,104,VIOLATED,-2962,clk_osc_fast_tap2,clk_osc_fast,clk_osc_fast_tap2,(R) u_core_u_fast_cnt_bin_q_reg[5]/C,(F) u_core_gen_pd_row[4].gen_pd_col[2].u_pd/nfast_hit_latched_reg[5]/D
OSC_FAST_REAL,/home/validmgr/ksabra/2026_SPAD/SPADMIC/results/genus_osc_pd/20260601_o1c2_fast_count_audit_genus/timing_violations.rpt,105,VIOLATED,-2944,clk_osc_fast_tap3,clk_osc_fast,clk_osc_fast_tap3,(R) u_core_u_fast_cnt_bin_q_reg[3]/C,(F) u_core_gen_pd_row[5].gen_pd_col[3].u_pd/nfast_hit_latched_reg[3]/D
OSC_FAST_REAL,/home/validmgr/ksabra/2026_SPAD/SPADMIC/results/genus_osc_pd/20260601_o1c2_fast_count_audit_genus/timing_violations.rpt,106,VIOLATED,-2942,clk_osc_fast_tap3,clk_osc_fast,clk_osc_fast_tap3,(R) u_core_u_fast_cnt_bin_q_reg[3]/C,(F) u_core_gen_pd_row[4].gen_pd_col[3].u_pd/nfast_hit_latched_reg[3]/D
OSC_FAST_REAL,/home/validmgr/ksabra/2026_SPAD/SPADMIC/results/genus_osc_pd/20260601_o1c2_fast_count_audit_genus/timing_violations.rpt,107,VIOLATED,-2936,clk_osc_fast_tap3,clk_osc_fast,clk_osc_fast_tap3,(R) u_core_u_fast_cnt_bin_q_reg[1]/C,(F) u_core_gen_pd_row[7].gen_pd_col[3].u_pd/nfast_hit_latched_reg[1]/D
OSC_FAST_REAL,/home/validmgr/ksabra/2026_SPAD/SPADMIC/results/genus_osc_pd/20260601_o1c2_fast_count_audit_genus/timing_violations.rpt,108,VIOLATED,-2936,clk_osc_fast_tap3,clk_osc_fast,clk_osc_fast_tap3,(R) u_core_u_fast_cnt_bin_q_reg[1]/C,(F) u_core_gen_pd_row[6].gen_pd_col[3].u_pd/nfast_hit_latched_reg[1]/D
OSC_FAST_REAL,/home/validmgr/ksabra/2026_SPAD/SPADMIC/results/genus_osc_pd/20260601_o1c2_fast_count_audit_genus/timing_violations.rpt,109,VIOLATED,-2936,clk_osc_fast_tap3,clk_osc_fast,clk_osc_fast_tap3,(R) u_core_u_fast_cnt_bin_q_reg[1]/C,(F) u_core_gen_pd_row[5].gen_pd_col[3].u_pd/nfast_hit_latched_reg[1]/D
OSC_FAST_REAL,/home/validmgr/ksabra/2026_SPAD/SPADMIC/results/genus_osc_pd/20260601_o1c2_fast_count_audit_genus/timing_violations.rpt,110,VIOLATED,-2936,clk_osc_fast_tap3,clk_osc_fast,clk_osc_fast_tap3,(R) u_core_u_fast_cnt_bin_q_reg[1]/C,(F) u_core_gen_pd_row[3].gen_pd_col[3].u_pd/nfast_hit_latched_reg[1]/D
OSC_FAST_REAL,/home/validmgr/ksabra/2026_SPAD/SPADMIC/results/genus_osc_pd/20260601_o1c2_fast_count_audit_genus/timing_violations.rpt,111,VIOLATED,-2936,clk_osc_fast_tap3,clk_osc_fast,clk_osc_fast_tap3,(R) u_core_u_fast_cnt_bin_q_reg[1]/C,(F) u_core_gen_pd_row[2].gen_pd_col[3].u_pd/nfast_hit_latched_reg[1]/D
OSC_FAST_REAL,/home/validmgr/ksabra/2026_SPAD/SPADMIC/results/genus_osc_pd/20260601_o1c2_fast_count_audit_genus/timing_violations.rpt,112,VIOLATED,-2936,clk_osc_fast_tap3,clk_osc_fast,clk_osc_fast_tap3,(R) u_core_u_fast_cnt_bin_q_reg[1]/C,(F) u_core_gen_pd_row[1].gen_pd_col[3].u_pd/nfast_hit_latched_reg[1]/D
OSC_FAST_REAL,/home/validmgr/ksabra/2026_SPAD/SPADMIC/results/genus_osc_pd/20260601_o1c2_fast_count_audit_genus/timing_violations.rpt,113,VIOLATED,-2936,clk_osc_fast_tap3,clk_osc_fast,clk_osc_fast_tap3,(R) u_core_u_fast_cnt_bin_q_reg[1]/C,(F) u_core_gen_pd_row[0].gen_pd_col[3].u_pd/nfast_hit_latched_reg[1]/D
OSC_FAST_REAL,/home/validmgr/ksabra/2026_SPAD/SPADMIC/results/genus_osc_pd/20260601_o1c2_fast_count_audit_genus/timing_violations.rpt,114,VIOLATED,-2936,clk_osc_fast_tap3,clk_osc_fast,clk_osc_fast_tap3,(R) u_core_u_fast_cnt_bin_q_reg[1]/C,(F) u_core_gen_pd_row[4].gen_pd_col[3].u_pd/nfast_hit_latched_reg[1]/D
OSC_FAST_REAL,/home/validmgr/ksabra/2026_SPAD/SPADMIC/results/genus_osc_pd/20260601_o1c2_fast_count_audit_genus/timing_violations.rpt,115,VIOLATED,-2930,clk_osc_fast_tap3,clk_osc_fast,clk_osc_fast_tap3,(R) u_core_u_fast_cnt_bin_q_reg[3]/C,(F) u_core_gen_pd_row[6].gen_pd_col[3].u_pd/nfast_hit_latched_reg[3]/D
OSC_FAST_REAL,/home/validmgr/ksabra/2026_SPAD/SPADMIC/results/genus_osc_pd/20260601_o1c2_fast_count_audit_genus/timing_violations.rpt,116,VIOLATED,-2930,clk_osc_fast_tap3,clk_osc_fast,clk_osc_fast_tap3,(R) u_core_u_fast_cnt_bin_q_reg[0]/C,(F) u_core_gen_pd_row[7].gen_pd_col[3].u_pd/nfast_hit_latched_reg[0]/D
OSC_FAST_REAL,/home/validmgr/ksabra/2026_SPAD/SPADMIC/results/genus_osc_pd/20260601_o1c2_fast_count_audit_genus/timing_violations.rpt,117,VIOLATED,-2930,clk_osc_fast_tap3,clk_osc_fast,clk_osc_fast_tap3,(R) u_core_u_fast_cnt_bin_q_reg[0]/C,(F) u_core_gen_pd_row[6].gen_pd_col[3].u_pd/nfast_hit_latched_reg[0]/D
OSC_FAST_REAL,/home/validmgr/ksabra/2026_SPAD/SPADMIC/results/genus_osc_pd/20260601_o1c2_fast_count_audit_genus/timing_violations.rpt,118,VIOLATED,-2930,clk_osc_fast_tap3,clk_osc_fast,clk_osc_fast_tap3,(R) u_core_u_fast_cnt_bin_q_reg[0]/C,(F) u_core_gen_pd_row[4].gen_pd_col[3].u_pd/nfast_hit_latched_reg[0]/D
OSC_FAST_REAL,/home/validmgr/ksabra/2026_SPAD/SPADMIC/results/genus_osc_pd/20260601_o1c2_fast_count_audit_genus/timing_violations.rpt,119,VIOLATED,-2930,clk_osc_fast_tap3,clk_osc_fast,clk_osc_fast_tap3,(R) u_core_u_fast_cnt_bin_q_reg[0]/C,(F) u_core_gen_pd_row[3].gen_pd_col[3].u_pd/nfast_hit_latched_reg[0]/D
OSC_FAST_REAL,/home/validmgr/ksabra/2026_SPAD/SPADMIC/results/genus_osc_pd/20260601_o1c2_fast_count_audit_genus/timing_violations.rpt,120,VIOLATED,-2930,clk_osc_fast_tap3,clk_osc_fast,clk_osc_fast_tap3,(R) u_core_u_fast_cnt_bin_q_reg[0]/C,(F) u_core_gen_pd_row[2].gen_pd_col[3].u_pd/nfast_hit_latched_reg[0]/D
OSC_FAST_REAL,/home/validmgr/ksabra/2026_SPAD/SPADMIC/results/genus_osc_pd/20260601_o1c2_fast_count_audit_genus/timing_violations.rpt,121,VIOLATED,-2930,clk_osc_fast_tap3,clk_osc_fast,clk_osc_fast_tap3,(R) u_core_u_fast_cnt_bin_q_reg[0]/C,(F) u_core_gen_pd_row[1].gen_pd_col[3].u_pd/nfast_hit_latched_reg[0]/D
OSC_FAST_REAL,/home/validmgr/ksabra/2026_SPAD/SPADMIC/results/genus_osc_pd/20260601_o1c2_fast_count_audit_genus/timing_violations.rpt,122,VIOLATED,-2930,clk_osc_fast_tap3,clk_osc_fast,clk_osc_fast_tap3,(R) u_core_u_fast_cnt_bin_q_reg[0]/C,(F) u_core_gen_pd_row[0].gen_pd_col[3].u_pd/nfast_hit_latched_reg[0]/D
OSC_FAST_REAL,/home/validmgr/ksabra/2026_SPAD/SPADMIC/results/genus_osc_pd/20260601_o1c2_fast_count_audit_genus/timing_violations.rpt,123,VIOLATED,-2926,clk_osc_fast_tap3,clk_osc_fast,clk_osc_fast_tap3,(R) u_core_u_fast_cnt_bin_q_reg[3]/C,(F) u_core_gen_pd_row[3].gen_pd_col[3].u_pd/nfast_hit_latched_reg[3]/D
OSC_FAST_REAL,/home/validmgr/ksabra/2026_SPAD/SPADMIC/results/genus_osc_pd/20260601_o1c2_fast_count_audit_genus/timing_violations.rpt,124,VIOLATED,-2926,clk_osc_fast_tap3,clk_osc_fast,clk_osc_fast_tap3,(R) u_core_u_fast_cnt_bin_q_reg[3]/C,(F) u_core_gen_pd_row[2].gen_pd_col[3].u_pd/nfast_hit_latched_reg[3]/D
OSC_FAST_REAL,/home/validmgr/ksabra/2026_SPAD/SPADMIC/results/genus_osc_pd/20260601_o1c2_fast_count_audit_genus/timing_violations.rpt,125,VIOLATED,-2926,clk_osc_fast_tap3,clk_osc_fast,clk_osc_fast_tap3,(R) u_core_u_fast_cnt_bin_q_reg[3]/C,(F) u_core_gen_pd_row[1].gen_pd_col[3].u_pd/nfast_hit_latched_reg[3]/D
OSC_FAST_REAL,/home/validmgr/ksabra/2026_SPAD/SPADMIC/results/genus_osc_pd/20260601_o1c2_fast_count_audit_genus/timing_violations.rpt,126,VIOLATED,-2926,clk_osc_fast_tap3,clk_osc_fast,clk_osc_fast_tap3,(R) u_core_u_fast_cnt_bin_q_reg[3]/C,(F) u_core_gen_pd_row[0].gen_pd_col[3].u_pd/nfast_hit_latched_reg[3]/D
OSC_FAST_REAL,/home/validmgr/ksabra/2026_SPAD/SPADMIC/results/genus_osc_pd/20260601_o1c2_fast_count_audit_genus/timing_violations.rpt,127,VIOLATED,-2926,clk_osc_fast_tap3,clk_osc_fast,clk_osc_fast_tap3,(R) u_core_u_fast_cnt_bin_q_reg[4]/C,(F) u_core_gen_pd_row[3].gen_pd_col[3].u_pd/nfast_hit_latched_reg[4]/D
OSC_FAST_REAL,/home/validmgr/ksabra/2026_SPAD/SPADMIC/results/genus_osc_pd/20260601_o1c2_fast_count_audit_genus/timing_violations.rpt,128,VIOLATED,-2926,clk_osc_fast_tap3,clk_osc_fast,clk_osc_fast_tap3,(R) u_core_u_fast_cnt_bin_q_reg[4]/C,(F) u_core_gen_pd_row[2].gen_pd_col[3].u_pd/nfast_hit_latched_reg[4]/D
OSC_FAST_REAL,/home/validmgr/ksabra/2026_SPAD/SPADMIC/results/genus_osc_pd/20260601_o1c2_fast_count_audit_genus/timing_violations.rpt,129,VIOLATED,-2926,clk_osc_fast_tap3,clk_osc_fast,clk_osc_fast_tap3,(R) u_core_u_fast_cnt_bin_q_reg[4]/C,(F) u_core_gen_pd_row[1].gen_pd_col[3].u_pd/nfast_hit_latched_reg[4]/D
OSC_FAST_REAL,/home/validmgr/ksabra/2026_SPAD/SPADMIC/results/genus_osc_pd/20260601_o1c2_fast_count_audit_genus/timing_violations.rpt,130,VIOLATED,-2926,clk_osc_fast_tap3,clk_osc_fast,clk_osc_fast_tap3,(R) u_core_u_fast_cnt_bin_q_reg[4]/C,(F) u_core_gen_pd_row[6].gen_pd_col[3].u_pd/nfast_hit_latched_reg[4]/D
OSC_FAST_REAL,/home/validmgr/ksabra/2026_SPAD/SPADMIC/results/genus_osc_pd/20260601_o1c2_fast_count_audit_genus/timing_violations.rpt,131,VIOLATED,-2926,clk_osc_fast_tap3,clk_osc_fast,clk_osc_fast_tap3,(R) u_core_u_fast_cnt_bin_q_reg[4]/C,(F) u_core_gen_pd_row[4].gen_pd_col[3].u_pd/nfast_hit_latched_reg[4]/D
OSC_FAST_REAL,/home/validmgr/ksabra/2026_SPAD/SPADMIC/results/genus_osc_pd/20260601_o1c2_fast_count_audit_genus/timing_violations.rpt,132,VIOLATED,-2923,clk_osc_fast_tap2,clk_osc_fast,clk_osc_fast_tap2,(R) u_core_u_fast_cnt_bin_q_reg[6]/C,(F) u_core_gen_pd_row[7].gen_pd_col[2].u_pd/nfast_hit_latched_reg[6]/D
OSC_FAST_REAL,/home/validmgr/ksabra/2026_SPAD/SPADMIC/results/genus_osc_pd/20260601_o1c2_fast_count_audit_genus/timing_violations.rpt,133,VIOLATED,-2923,clk_osc_fast_tap2,clk_osc_fast,clk_osc_fast_tap2,(R) u_core_u_fast_cnt_bin_q_reg[6]/C,(F) u_core_gen_pd_row[6].gen_pd_col[2].u_pd/nfast_hit_latched_reg[6]/D
OSC_FAST_REAL,/home/validmgr/ksabra/2026_SPAD/SPADMIC/results/genus_osc_pd/20260601_o1c2_fast_count_audit_genus/timing_violations.rpt,134,VIOLATED,-2923,clk_osc_fast_tap2,clk_osc_fast,clk_osc_fast_tap2,(R) u_core_u_fast_cnt_bin_q_reg[6]/C,(F) u_core_gen_pd_row[5].gen_pd_col[2].u_pd/nfast_hit_latched_reg[6]/D
OSC_FAST_REAL,/home/validmgr/ksabra/2026_SPAD/SPADMIC/results/genus_osc_pd/20260601_o1c2_fast_count_audit_genus/timing_violations.rpt,135,VIOLATED,-2923,clk_osc_fast_tap2,clk_osc_fast,clk_osc_fast_tap2,(R) u_core_u_fast_cnt_bin_q_reg[6]/C,(F) u_core_gen_pd_row[4].gen_pd_col[2].u_pd/nfast_hit_latched_reg[6]/D
OSC_FAST_REAL,/home/validmgr/ksabra/2026_SPAD/SPADMIC/results/genus_osc_pd/20260601_o1c2_fast_count_audit_genus/timing_violations.rpt,136,VIOLATED,-2923,clk_osc_fast_tap2,clk_osc_fast,clk_osc_fast_tap2,(R) u_core_u_fast_cnt_bin_q_reg[6]/C,(F) u_core_gen_pd_row[3].gen_pd_col[2].u_pd/nfast_hit_latched_reg[6]/D
OSC_FAST_REAL,/home/validmgr/ksabra/2026_SPAD/SPADMIC/results/genus_osc_pd/20260601_o1c2_fast_count_audit_genus/timing_violations.rpt,137,VIOLATED,-2923,clk_osc_fast_tap2,clk_osc_fast,clk_osc_fast_tap2,(R) u_core_u_fast_cnt_bin_q_reg[6]/C,(F) u_core_gen_pd_row[2].gen_pd_col[2].u_pd/nfast_hit_latched_reg[6]/D
OSC_FAST_REAL,/home/validmgr/ksabra/2026_SPAD/SPADMIC/results/genus_osc_pd/20260601_o1c2_fast_count_audit_genus/timing_violations.rpt,138,VIOLATED,-2923,clk_osc_fast_tap2,clk_osc_fast,clk_osc_fast_tap2,(R) u_core_u_fast_cnt_bin_q_reg[6]/C,(F) u_core_gen_pd_row[1].gen_pd_col[2].u_pd/nfast_hit_latched_reg[6]/D
OSC_FAST_REAL,/home/validmgr/ksabra/2026_SPAD/SPADMIC/results/genus_osc_pd/20260601_o1c2_fast_count_audit_genus/timing_violations.rpt,139,VIOLATED,-2923,clk_osc_fast_tap2,clk_osc_fast,clk_osc_fast_tap2,(R) u_core_u_fast_cnt_bin_q_reg[6]/C,(F) u_core_gen_pd_row[0].gen_pd_col[2].u_pd/nfast_hit_latched_reg[6]/D
OSC_FAST_REAL,/home/validmgr/ksabra/2026_SPAD/SPADMIC/results/genus_osc_pd/20260601_o1c2_fast_count_audit_genus/timing_violations.rpt,140,VIOLATED,-2922,clk_osc_fast_tap3,clk_osc_fast,clk_osc_fast_tap3,(R) u_core_u_fast_cnt_bin_q_reg[0]/C,(F) u_core_gen_pd_row[5].gen_pd_col[3].u_pd/nfast_hit_latched_reg[0]/D
OSC_FAST_REAL,/home/validmgr/ksabra/2026_SPAD/SPADMIC/results/genus_osc_pd/20260601_o1c2_fast_count_audit_genus/timing_violations.rpt,141,VIOLATED,-2921,clk_osc_fast_tap3,clk_osc_fast,clk_osc_fast_tap3,(R) u_core_u_fast_cnt_bin_q_reg[4]/C,(F) u_core_gen_pd_row[7].gen_pd_col[3].u_pd/nfast_hit_latched_reg[4]/D
OSC_FAST_REAL,/home/validmgr/ksabra/2026_SPAD/SPADMIC/results/genus_osc_pd/20260601_o1c2_fast_count_audit_genus/timing_violations.rpt,142,VIOLATED,-2921,clk_osc_fast_tap3,clk_osc_fast,clk_osc_fast_tap3,(R) u_core_u_fast_cnt_bin_q_reg[4]/C,(F) u_core_gen_pd_row[5].gen_pd_col[3].u_pd/nfast_hit_latched_reg[4]/D
OSC_FAST_REAL,/home/validmgr/ksabra/2026_SPAD/SPADMIC/results/genus_osc_pd/20260601_o1c2_fast_count_audit_genus/timing_violations.rpt,143,VIOLATED,-2921,clk_osc_fast_tap3,clk_osc_fast,clk_osc_fast_tap3,(R) u_core_u_fast_cnt_bin_q_reg[4]/C,(F) u_core_gen_pd_row[0].gen_pd_col[3].u_pd/nfast_hit_latched_reg[4]/D
OSC_FAST_REAL,/home/validmgr/ksabra/2026_SPAD/SPADMIC/results/genus_osc_pd/20260601_o1c2_fast_count_audit_genus/timing_violations.rpt,144,VIOLATED,-2917,clk_osc_fast_tap3,clk_osc_fast,clk_osc_fast_tap3,(R) u_core_u_fast_cnt_bin_q_reg[2]/C,(F) u_core_gen_pd_row[3].gen_pd_col[3].u_pd/nfast_hit_latched_reg[2]/D
OSC_FAST_REAL,/home/validmgr/ksabra/2026_SPAD/SPADMIC/results/genus_osc_pd/20260601_o1c2_fast_count_audit_genus/timing_violations.rpt,145,VIOLATED,-2917,clk_osc_fast_tap3,clk_osc_fast,clk_osc_fast_tap3,(R) u_core_u_fast_cnt_bin_q_reg[2]/C,(F) u_core_gen_pd_row[2].gen_pd_col[3].u_pd/nfast_hit_latched_reg[2]/D
OSC_FAST_REAL,/home/validmgr/ksabra/2026_SPAD/SPADMIC/results/genus_osc_pd/20260601_o1c2_fast_count_audit_genus/timing_violations.rpt,146,VIOLATED,-2917,clk_osc_fast_tap3,clk_osc_fast,clk_osc_fast_tap3,(R) u_core_u_fast_cnt_bin_q_reg[2]/C,(F) u_core_gen_pd_row[1].gen_pd_col[3].u_pd/nfast_hit_latched_reg[2]/D
OSC_FAST_REAL,/home/validmgr/ksabra/2026_SPAD/SPADMIC/results/genus_osc_pd/20260601_o1c2_fast_count_audit_genus/timing_violations.rpt,147,VIOLATED,-2917,clk_osc_fast_tap3,clk_osc_fast,clk_osc_fast_tap3,(R) u_core_u_fast_cnt_bin_q_reg[2]/C,(F) u_core_gen_pd_row[4].gen_pd_col[3].u_pd/nfast_hit_latched_reg[2]/D
OSC_FAST_REAL,/home/validmgr/ksabra/2026_SPAD/SPADMIC/results/genus_osc_pd/20260601_o1c2_fast_count_audit_genus/timing_violations.rpt,148,VIOLATED,-2917,clk_osc_fast_tap3,clk_osc_fast,clk_osc_fast_tap3,(R) u_core_u_fast_cnt_bin_q_reg[5]/C,(F) u_core_gen_pd_row[5].gen_pd_col[3].u_pd/nfast_hit_latched_reg[5]/D
OSC_FAST_REAL,/home/validmgr/ksabra/2026_SPAD/SPADMIC/results/genus_osc_pd/20260601_o1c2_fast_count_audit_genus/timing_violations.rpt,149,VIOLATED,-2913,clk_osc_fast_tap3,clk_osc_fast,clk_osc_fast_tap3,(R) u_core_u_fast_cnt_bin_q_reg[5]/C,(F) u_core_gen_pd_row[3].gen_pd_col[3].u_pd/nfast_hit_latched_reg[5]/D
OSC_FAST_REAL,/home/validmgr/ksabra/2026_SPAD/SPADMIC/results/genus_osc_pd/20260601_o1c2_fast_count_audit_genus/timing_violations.rpt,150,VIOLATED,-2913,clk_osc_fast_tap3,clk_osc_fast,clk_osc_fast_tap3,(R) u_core_u_fast_cnt_bin_q_reg[5]/C,(F) u_core_gen_pd_row[1].gen_pd_col[3].u_pd/nfast_hit_latched_reg[5]/D
OSC_FAST_REAL,/home/validmgr/ksabra/2026_SPAD/SPADMIC/results/genus_osc_pd/20260601_o1c2_fast_count_audit_genus/timing_violations.rpt,151,VIOLATED,-2913,clk_osc_fast_tap3,clk_osc_fast,clk_osc_fast_tap3,(R) u_core_u_fast_cnt_bin_q_reg[5]/C,(F) u_core_gen_pd_row[0].gen_pd_col[3].u_pd/nfast_hit_latched_reg[5]/D
OSC_FAST_REAL,/home/validmgr/ksabra/2026_SPAD/SPADMIC/results/genus_osc_pd/20260601_o1c2_fast_count_audit_genus/timing_violations.rpt,152,VIOLATED,-2913,clk_osc_fast_tap3,clk_osc_fast,clk_osc_fast_tap3,(R) u_core_u_fast_cnt_bin_q_reg[5]/C,(F) u_core_gen_pd_row[2].gen_pd_col[3].u_pd/nfast_hit_latched_reg[5]/D
OSC_FAST_REAL,/home/validmgr/ksabra/2026_SPAD/SPADMIC/results/genus_osc_pd/20260601_o1c2_fast_count_audit_genus/timing_violations.rpt,153,VIOLATED,-2912,clk_osc_fast_tap3,clk_osc_fast,clk_osc_fast_tap3,(R) u_core_u_fast_cnt_bin_q_reg[5]/C,(F) u_core_gen_pd_row[7].gen_pd_col[3].u_pd/nfast_hit_latched_reg[5]/D
OSC_FAST_REAL,/home/validmgr/ksabra/2026_SPAD/SPADMIC/results/genus_osc_pd/20260601_o1c2_fast_count_audit_genus/timing_violations.rpt,154,VIOLATED,-2912,clk_osc_fast_tap3,clk_osc_fast,clk_osc_fast_tap3,(R) u_core_u_fast_cnt_bin_q_reg[5]/C,(F) u_core_gen_pd_row[6].gen_pd_col[3].u_pd/nfast_hit_latched_reg[5]/D
OSC_FAST_REAL,/home/validmgr/ksabra/2026_SPAD/SPADMIC/results/genus_osc_pd/20260601_o1c2_fast_count_audit_genus/timing_violations.rpt,155,VIOLATED,-2901,clk_osc_fast_tap3,clk_osc_fast,clk_osc_fast_tap3,(R) u_core_u_fast_cnt_bin_q_reg[2]/C,(F) u_core_gen_pd_row[5].gen_pd_col[3].u_pd/nfast_hit_latched_reg[2]/D
OSC_FAST_REAL,/home/validmgr/ksabra/2026_SPAD/SPADMIC/results/genus_osc_pd/20260601_o1c2_fast_count_audit_genus/timing_violations.rpt,156,VIOLATED,-2901,clk_osc_fast_tap3,clk_osc_fast,clk_osc_fast_tap3,(R) u_core_u_fast_cnt_bin_q_reg[5]/C,(F) u_core_gen_pd_row[4].gen_pd_col[3].u_pd/nfast_hit_latched_reg[5]/D
OSC_FAST_REAL,/home/validmgr/ksabra/2026_SPAD/SPADMIC/results/genus_osc_pd/20260601_o1c2_fast_count_audit_genus/timing_violations.rpt,157,VIOLATED,-2900,clk_osc_fast_tap3,clk_osc_fast,clk_osc_fast_tap3,(R) u_core_u_fast_cnt_bin_q_reg[2]/C,(F) u_core_gen_pd_row[7].gen_pd_col[3].u_pd/nfast_hit_latched_reg[2]/D
OSC_FAST_REAL,/home/validmgr/ksabra/2026_SPAD/SPADMIC/results/genus_osc_pd/20260601_o1c2_fast_count_audit_genus/timing_violations.rpt,158,VIOLATED,-2900,clk_osc_fast_tap3,clk_osc_fast,clk_osc_fast_tap3,(R) u_core_u_fast_cnt_bin_q_reg[2]/C,(F) u_core_gen_pd_row[6].gen_pd_col[3].u_pd/nfast_hit_latched_reg[2]/D
OSC_FAST_REAL,/home/validmgr/ksabra/2026_SPAD/SPADMIC/results/genus_osc_pd/20260601_o1c2_fast_count_audit_genus/timing_violations.rpt,159,VIOLATED,-2900,clk_osc_fast_tap3,clk_osc_fast,clk_osc_fast_tap3,(R) u_core_u_fast_cnt_bin_q_reg[2]/C,(F) u_core_gen_pd_row[0].gen_pd_col[3].u_pd/nfast_hit_latched_reg[2]/D
OSC_FAST_REAL,/home/validmgr/ksabra/2026_SPAD/SPADMIC/results/genus_osc_pd/20260601_o1c2_fast_count_audit_genus/timing_violations.rpt,160,VIOLATED,-2900,clk_osc_fast_tap3,clk_osc_fast,clk_osc_fast_tap3,(R) u_core_u_fast_cnt_bin_q_reg[6]/C,(F) u_core_gen_pd_row[1].gen_pd_col[3].u_pd/nfast_hit_latched_reg[6]/D
OSC_FAST_REAL,/home/validmgr/ksabra/2026_SPAD/SPADMIC/results/genus_osc_pd/20260601_o1c2_fast_count_audit_genus/timing_violations.rpt,161,VIOLATED,-2896,clk_osc_fast_tap3,clk_osc_fast,clk_osc_fast_tap3,(R) u_core_u_fast_cnt_bin_q_reg[3]/C,(F) u_core_gen_pd_row[7].gen_pd_col[3].u_pd/nfast_hit_latched_reg[3]/D
OSC_FAST_REAL,/home/validmgr/ksabra/2026_SPAD/SPADMIC/results/genus_osc_pd/20260601_o1c2_fast_count_audit_genus/timing_violations.rpt,162,VIOLATED,-2894,clk_osc_fast_tap4,clk_osc_fast,clk_osc_fast_tap4,(R) u_core_u_fast_cnt_bin_q_reg[1]/C,(F) u_core_gen_pd_row[7].gen_pd_col[4].u_pd/nfast_hit_latched_reg[1]/D
OSC_FAST_REAL,/home/validmgr/ksabra/2026_SPAD/SPADMIC/results/genus_osc_pd/20260601_o1c2_fast_count_audit_genus/timing_violations.rpt,163,VIOLATED,-2894,clk_osc_fast_tap4,clk_osc_fast,clk_osc_fast_tap4,(R) u_core_u_fast_cnt_bin_q_reg[3]/C,(F) u_core_gen_pd_row[3].gen_pd_col[4].u_pd/nfast_hit_latched_reg[3]/D
OSC_FAST_REAL,/home/validmgr/ksabra/2026_SPAD/SPADMIC/results/genus_osc_pd/20260601_o1c2_fast_count_audit_genus/timing_violations.rpt,164,VIOLATED,-2894,clk_osc_fast_tap4,clk_osc_fast,clk_osc_fast_tap4,(R) u_core_u_fast_cnt_bin_q_reg[3]/C,(F) u_core_gen_pd_row[2].gen_pd_col[4].u_pd/nfast_hit_latched_reg[3]/D
OSC_FAST_REAL,/home/validmgr/ksabra/2026_SPAD/SPADMIC/results/genus_osc_pd/20260601_o1c2_fast_count_audit_genus/timing_violations.rpt,165,VIOLATED,-2894,clk_osc_fast_tap4,clk_osc_fast,clk_osc_fast_tap4,(R) u_core_u_fast_cnt_bin_q_reg[3]/C,(F) u_core_gen_pd_row[1].gen_pd_col[4].u_pd/nfast_hit_latched_reg[3]/D
OSC_FAST_REAL,/home/validmgr/ksabra/2026_SPAD/SPADMIC/results/genus_osc_pd/20260601_o1c2_fast_count_audit_genus/timing_violations.rpt,166,VIOLATED,-2894,clk_osc_fast_tap4,clk_osc_fast,clk_osc_fast_tap4,(R) u_core_u_fast_cnt_bin_q_reg[3]/C,(F) u_core_gen_pd_row[0].gen_pd_col[4].u_pd/nfast_hit_latched_reg[3]/D
OSC_FAST_REAL,/home/validmgr/ksabra/2026_SPAD/SPADMIC/results/genus_osc_pd/20260601_o1c2_fast_count_audit_genus/timing_violations.rpt,167,VIOLATED,-2894,clk_osc_fast_tap4,clk_osc_fast,clk_osc_fast_tap4,(R) u_core_u_fast_cnt_bin_q_reg[3]/C,(F) u_core_gen_pd_row[5].gen_pd_col[4].u_pd/nfast_hit_latched_reg[3]/D
OSC_FAST_REAL,/home/validmgr/ksabra/2026_SPAD/SPADMIC/results/genus_osc_pd/20260601_o1c2_fast_count_audit_genus/timing_violations.rpt,168,VIOLATED,-2894,clk_osc_fast_tap4,clk_osc_fast,clk_osc_fast_tap4,(R) u_core_u_fast_cnt_bin_q_reg[3]/C,(F) u_core_gen_pd_row[4].gen_pd_col[4].u_pd/nfast_hit_latched_reg[3]/D
OSC_FAST_REAL,/home/validmgr/ksabra/2026_SPAD/SPADMIC/results/genus_osc_pd/20260601_o1c2_fast_count_audit_genus/timing_violations.rpt,169,VIOLATED,-2889,clk_osc_fast_tap3,clk_osc_fast,clk_osc_fast_tap3,(R) u_core_u_fast_cnt_bin_q_reg[6]/C,(F) u_core_gen_pd_row[0].gen_pd_col[3].u_pd/nfast_hit_latched_reg[6]/D
OSC_FAST_REAL,/home/validmgr/ksabra/2026_SPAD/SPADMIC/results/genus_osc_pd/20260601_o1c2_fast_count_audit_genus/timing_violations.rpt,170,VIOLATED,-2882,clk_osc_fast_tap4,clk_osc_fast,clk_osc_fast_tap4,(R) u_core_u_fast_cnt_bin_q_reg[5]/C,(F) u_core_gen_pd_row[3].gen_pd_col[4].u_pd/nfast_hit_latched_reg[5]/D
OSC_FAST_REAL,/home/validmgr/ksabra/2026_SPAD/SPADMIC/results/genus_osc_pd/20260601_o1c2_fast_count_audit_genus/timing_violations.rpt,171,VIOLATED,-2873,clk_osc_fast_tap3,clk_osc_fast,clk_osc_fast_tap3,(R) u_core_u_fast_cnt_bin_q_reg[6]/C,(F) u_core_gen_pd_row[7].gen_pd_col[3].u_pd/nfast_hit_latched_reg[6]/D
OSC_FAST_REAL,/home/validmgr/ksabra/2026_SPAD/SPADMIC/results/genus_osc_pd/20260601_o1c2_fast_count_audit_genus/timing_violations.rpt,172,VIOLATED,-2873,clk_osc_fast_tap3,clk_osc_fast,clk_osc_fast_tap3,(R) u_core_u_fast_cnt_bin_q_reg[6]/C,(F) u_core_gen_pd_row[6].gen_pd_col[3].u_pd/nfast_hit_latched_reg[6]/D
OSC_FAST_REAL,/home/validmgr/ksabra/2026_SPAD/SPADMIC/results/genus_osc_pd/20260601_o1c2_fast_count_audit_genus/timing_violations.rpt,173,VIOLATED,-2873,clk_osc_fast_tap3,clk_osc_fast,clk_osc_fast_tap3,(R) u_core_u_fast_cnt_bin_q_reg[6]/C,(F) u_core_gen_pd_row[5].gen_pd_col[3].u_pd/nfast_hit_latched_reg[6]/D
OSC_FAST_REAL,/home/validmgr/ksabra/2026_SPAD/SPADMIC/results/genus_osc_pd/20260601_o1c2_fast_count_audit_genus/timing_violations.rpt,174,VIOLATED,-2873,clk_osc_fast_tap3,clk_osc_fast,clk_osc_fast_tap3,(R) u_core_u_fast_cnt_bin_q_reg[6]/C,(F) u_core_gen_pd_row[4].gen_pd_col[3].u_pd/nfast_hit_latched_reg[6]/D
OSC_FAST_REAL,/home/validmgr/ksabra/2026_SPAD/SPADMIC/results/genus_osc_pd/20260601_o1c2_fast_count_audit_genus/timing_violations.rpt,175,VIOLATED,-2873,clk_osc_fast_tap3,clk_osc_fast,clk_osc_fast_tap3,(R) u_core_u_fast_cnt_bin_q_reg[6]/C,(F) u_core_gen_pd_row[3].gen_pd_col[3].u_pd/nfast_hit_latched_reg[6]/D
OSC_FAST_REAL,/home/validmgr/ksabra/2026_SPAD/SPADMIC/results/genus_osc_pd/20260601_o1c2_fast_count_audit_genus/timing_violations.rpt,176,VIOLATED,-2873,clk_osc_fast_tap3,clk_osc_fast,clk_osc_fast_tap3,(R) u_core_u_fast_cnt_bin_q_reg[6]/C,(F) u_core_gen_pd_row[2].gen_pd_col[3].u_pd/nfast_hit_latched_reg[6]/D
OSC_FAST_REAL,/home/validmgr/ksabra/2026_SPAD/SPADMIC/results/genus_osc_pd/20260601_o1c2_fast_count_audit_genus/timing_violations.rpt,177,VIOLATED,-2871,clk_osc_fast_tap4,clk_osc_fast,clk_osc_fast_tap4,(R) u_core_u_fast_cnt_bin_q_reg[4]/C,(F) u_core_gen_pd_row[5].gen_pd_col[4].u_pd/nfast_hit_latched_reg[4]/D
OSC_FAST_REAL,/home/validmgr/ksabra/2026_SPAD/SPADMIC/results/genus_osc_pd/20260601_o1c2_fast_count_audit_genus/timing_violations.rpt,178,VIOLATED,-2871,clk_osc_fast_tap4,clk_osc_fast,clk_osc_fast_tap4,(R) u_core_u_fast_cnt_bin_q_reg[4]/C,(F) u_core_gen_pd_row[4].gen_pd_col[4].u_pd/nfast_hit_latched_reg[4]/D
OSC_FAST_REAL,/home/validmgr/ksabra/2026_SPAD/SPADMIC/results/genus_osc_pd/20260601_o1c2_fast_count_audit_genus/timing_violations.rpt,179,VIOLATED,-2871,clk_osc_fast_tap4,clk_osc_fast,clk_osc_fast_tap4,(R) u_core_u_fast_cnt_bin_q_reg[4]/C,(F) u_core_gen_pd_row[0].gen_pd_col[4].u_pd/nfast_hit_latched_reg[4]/D
OSC_FAST_REAL,/home/validmgr/ksabra/2026_SPAD/SPADMIC/results/genus_osc_pd/20260601_o1c2_fast_count_audit_genus/timing_violations.rpt,180,VIOLATED,-2868,clk_osc_fast_tap4,clk_osc_fast,clk_osc_fast_tap4,(R) u_core_u_fast_cnt_bin_q_reg[4]/C,(F) u_core_gen_pd_row[7].gen_pd_col[4].u_pd/nfast_hit_latched_reg[4]/D
OSC_FAST_REAL,/home/validmgr/ksabra/2026_SPAD/SPADMIC/results/genus_osc_pd/20260601_o1c2_fast_count_audit_genus/timing_violations.rpt,181,VIOLATED,-2868,clk_osc_fast_tap4,clk_osc_fast,clk_osc_fast_tap4,(R) u_core_u_fast_cnt_bin_q_reg[4]/C,(F) u_core_gen_pd_row[6].gen_pd_col[4].u_pd/nfast_hit_latched_reg[4]/D
OSC_FAST_REAL,/home/validmgr/ksabra/2026_SPAD/SPADMIC/results/genus_osc_pd/20260601_o1c2_fast_count_audit_genus/timing_violations.rpt,182,VIOLATED,-2868,clk_osc_fast_tap4,clk_osc_fast,clk_osc_fast_tap4,(R) u_core_u_fast_cnt_bin_q_reg[4]/C,(F) u_core_gen_pd_row[3].gen_pd_col[4].u_pd/nfast_hit_latched_reg[4]/D
OSC_FAST_REAL,/home/validmgr/ksabra/2026_SPAD/SPADMIC/results/genus_osc_pd/20260601_o1c2_fast_count_audit_genus/timing_violations.rpt,183,VIOLATED,-2868,clk_osc_fast_tap4,clk_osc_fast,clk_osc_fast_tap4,(R) u_core_u_fast_cnt_bin_q_reg[4]/C,(F) u_core_gen_pd_row[2].gen_pd_col[4].u_pd/nfast_hit_latched_reg[4]/D
OSC_FAST_REAL,/home/validmgr/ksabra/2026_SPAD/SPADMIC/results/genus_osc_pd/20260601_o1c2_fast_count_audit_genus/timing_violations.rpt,184,VIOLATED,-2868,clk_osc_fast_tap4,clk_osc_fast,clk_osc_fast_tap4,(R) u_core_u_fast_cnt_bin_q_reg[4]/C,(F) u_core_gen_pd_row[1].gen_pd_col[4].u_pd/nfast_hit_latched_reg[4]/D
OSC_FAST_REAL,/home/validmgr/ksabra/2026_SPAD/SPADMIC/results/genus_osc_pd/20260601_o1c2_fast_count_audit_genus/timing_violations.rpt,185,VIOLATED,-2868,clk_osc_fast_tap4,clk_osc_fast,clk_osc_fast_tap4,(R) u_core_u_fast_cnt_bin_q_reg[0]/C,(F) u_core_gen_pd_row[5].gen_pd_col[4].u_pd/nfast_hit_latched_reg[0]/D
OSC_FAST_REAL,/home/validmgr/ksabra/2026_SPAD/SPADMIC/results/genus_osc_pd/20260601_o1c2_fast_count_audit_genus/timing_violations.rpt,186,VIOLATED,-2868,clk_osc_fast_tap4,clk_osc_fast,clk_osc_fast_tap4,(R) u_core_u_fast_cnt_bin_q_reg[0]/C,(F) u_core_gen_pd_row[4].gen_pd_col[4].u_pd/nfast_hit_latched_reg[0]/D
OSC_FAST_REAL,/home/validmgr/ksabra/2026_SPAD/SPADMIC/results/genus_osc_pd/20260601_o1c2_fast_count_audit_genus/timing_violations.rpt,187,VIOLATED,-2868,clk_osc_fast_tap4,clk_osc_fast,clk_osc_fast_tap4,(R) u_core_u_fast_cnt_bin_q_reg[0]/C,(F) u_core_gen_pd_row[3].gen_pd_col[4].u_pd/nfast_hit_latched_reg[0]/D
OSC_FAST_REAL,/home/validmgr/ksabra/2026_SPAD/SPADMIC/results/genus_osc_pd/20260601_o1c2_fast_count_audit_genus/timing_violations.rpt,188,VIOLATED,-2868,clk_osc_fast_tap4,clk_osc_fast,clk_osc_fast_tap4,(R) u_core_u_fast_cnt_bin_q_reg[0]/C,(F) u_core_gen_pd_row[0].gen_pd_col[4].u_pd/nfast_hit_latched_reg[0]/D
OSC_FAST_REAL,/home/validmgr/ksabra/2026_SPAD/SPADMIC/results/genus_osc_pd/20260601_o1c2_fast_count_audit_genus/timing_violations.rpt,189,VIOLATED,-2868,clk_osc_fast_tap4,clk_osc_fast,clk_osc_fast_tap4,(R) u_core_u_fast_cnt_bin_q_reg[0]/C,(F) u_core_gen_pd_row[2].gen_pd_col[4].u_pd/nfast_hit_latched_reg[0]/D
OSC_FAST_REAL,/home/validmgr/ksabra/2026_SPAD/SPADMIC/results/genus_osc_pd/20260601_o1c2_fast_count_audit_genus/timing_violations.rpt,190,VIOLATED,-2868,clk_osc_fast_tap4,clk_osc_fast,clk_osc_fast_tap4,(R) u_core_u_fast_cnt_bin_q_reg[0]/C,(F) u_core_gen_pd_row[1].gen_pd_col[4].u_pd/nfast_hit_latched_reg[0]/D
OSC_FAST_REAL,/home/validmgr/ksabra/2026_SPAD/SPADMIC/results/genus_osc_pd/20260601_o1c2_fast_count_audit_genus/timing_violations.rpt,191,VIOLATED,-2865,clk_osc_fast_tap4,clk_osc_fast,clk_osc_fast_tap4,(R) u_core_u_fast_cnt_bin_q_reg[0]/C,(F) u_core_gen_pd_row[6].gen_pd_col[4].u_pd/nfast_hit_latched_reg[0]/D
OSC_FAST_REAL,/home/validmgr/ksabra/2026_SPAD/SPADMIC/results/genus_osc_pd/20260601_o1c2_fast_count_audit_genus/timing_violations.rpt,192,VIOLATED,-2864,clk_osc_fast_tap4,clk_osc_fast,clk_osc_fast_tap4,(R) u_core_u_fast_cnt_bin_q_reg[0]/C,(F) u_core_gen_pd_row[7].gen_pd_col[4].u_pd/nfast_hit_latched_reg[0]/D
OSC_FAST_REAL,/home/validmgr/ksabra/2026_SPAD/SPADMIC/results/genus_osc_pd/20260601_o1c2_fast_count_audit_genus/timing_violations.rpt,193,VIOLATED,-2864,clk_osc_fast_tap4,clk_osc_fast,clk_osc_fast_tap4,(R) u_core_u_fast_cnt_bin_q_reg[1]/C,(F) u_core_gen_pd_row[6].gen_pd_col[4].u_pd/nfast_hit_latched_reg[1]/D
OSC_FAST_REAL,/home/validmgr/ksabra/2026_SPAD/SPADMIC/results/genus_osc_pd/20260601_o1c2_fast_count_audit_genus/timing_violations.rpt,194,VIOLATED,-2864,clk_osc_fast_tap4,clk_osc_fast,clk_osc_fast_tap4,(R) u_core_u_fast_cnt_bin_q_reg[1]/C,(F) u_core_gen_pd_row[0].gen_pd_col[4].u_pd/nfast_hit_latched_reg[1]/D
OSC_FAST_REAL,/home/validmgr/ksabra/2026_SPAD/SPADMIC/results/genus_osc_pd/20260601_o1c2_fast_count_audit_genus/timing_violations.rpt,195,VIOLATED,-2863,clk_osc_fast_tap4,clk_osc_fast,clk_osc_fast_tap4,(R) u_core_u_fast_cnt_bin_q_reg[5]/C,(F) u_core_gen_pd_row[0].gen_pd_col[4].u_pd/nfast_hit_latched_reg[5]/D
OSC_FAST_REAL,/home/validmgr/ksabra/2026_SPAD/SPADMIC/results/genus_osc_pd/20260601_o1c2_fast_count_audit_genus/timing_violations.rpt,196,VIOLATED,-2862,clk_osc_fast_tap4,clk_osc_fast,clk_osc_fast_tap4,(R) u_core_u_fast_cnt_bin_q_reg[5]/C,(F) u_core_gen_pd_row[7].gen_pd_col[4].u_pd/nfast_hit_latched_reg[5]/D
OSC_FAST_REAL,/home/validmgr/ksabra/2026_SPAD/SPADMIC/results/genus_osc_pd/20260601_o1c2_fast_count_audit_genus/timing_violations.rpt,197,VIOLATED,-2862,clk_osc_fast_tap4,clk_osc_fast,clk_osc_fast_tap4,(R) u_core_u_fast_cnt_bin_q_reg[5]/C,(F) u_core_gen_pd_row[6].gen_pd_col[4].u_pd/nfast_hit_latched_reg[5]/D
OSC_FAST_REAL,/home/validmgr/ksabra/2026_SPAD/SPADMIC/results/genus_osc_pd/20260601_o1c2_fast_count_audit_genus/timing_violations.rpt,198,VIOLATED,-2862,clk_osc_fast_tap4,clk_osc_fast,clk_osc_fast_tap4,(R) u_core_u_fast_cnt_bin_q_reg[5]/C,(F) u_core_gen_pd_row[5].gen_pd_col[4].u_pd/nfast_hit_latched_reg[5]/D
OSC_FAST_REAL,/home/validmgr/ksabra/2026_SPAD/SPADMIC/results/genus_osc_pd/20260601_o1c2_fast_count_audit_genus/timing_violations.rpt,199,VIOLATED,-2862,clk_osc_fast_tap4,clk_osc_fast,clk_osc_fast_tap4,(R) u_core_u_fast_cnt_bin_q_reg[5]/C,(F) u_core_gen_pd_row[4].gen_pd_col[4].u_pd/nfast_hit_latched_reg[5]/D
OSC_FAST_REAL,/home/validmgr/ksabra/2026_SPAD/SPADMIC/results/genus_osc_pd/20260601_o1c2_fast_count_audit_genus/timing_violations.rpt,200,VIOLATED,-2852,clk_osc_fast_tap4,clk_osc_fast,clk_osc_fast_tap4,(R) u_core_u_fast_cnt_bin_q_reg[1]/C,(F) u_core_gen_pd_row[5].gen_pd_col[4].u_pd/nfast_hit_latched_reg[1]/D
OSC_FAST_REAL,/home/validmgr/ksabra/2026_SPAD/SPADMIC/results/genus_osc_pd/20260601_o1c2_fast_count_audit_genus/timing_osc_fast_full_clock.rpt,1,VIOLATED,-2706,clk_osc_fast,clk_osc_fast,clk_osc_fast,(R) u_core_u_fast_cnt_bin_q_reg[2]/C,(F) u_core_u_fast_cnt_bin_q_reg[5]/D
OSC_FAST_REAL,/home/validmgr/ksabra/2026_SPAD/SPADMIC/results/genus_osc_pd/20260601_o1c2_fast_count_audit_genus/timing_osc_fast_full_clock.rpt,2,VIOLATED,-2702,clk_osc_fast,clk_osc_fast,clk_osc_fast,(R) u_core_u_fast_cnt_bin_q_reg[2]/C,(F) u_core_u_fast_cnt_bin_q_reg[6]/D
OSC_FAST_REAL,/home/validmgr/ksabra/2026_SPAD/SPADMIC/results/genus_osc_pd/20260601_o1c2_fast_count_audit_genus/timing_osc_fast_full_clock.rpt,3,VIOLATED,-2700,clk_osc_fast,clk_osc_fast,clk_osc_fast,(R) u_core_gen_pd_row[6].gen_pd_col[0].u_pd/hit_latched_reg/C,(F) u_core_gen_pd_row[6].gen_pd_col[0].u_pd/nfast_hit_latched_reg[3]/D
OSC_FAST_REAL,/home/validmgr/ksabra/2026_SPAD/SPADMIC/results/genus_osc_pd/20260601_o1c2_fast_count_audit_genus/timing_osc_fast_full_clock.rpt,4,VIOLATED,-2699,clk_osc_fast,clk_osc_fast,clk_osc_fast,(R) u_core_u_fast_cnt_bin_q_reg[5]/C,(F) u_core_gen_pd_row[7].gen_pd_col[0].u_pd/nfast_hit_latched_reg[5]/D
OSC_FAST_REAL,/home/validmgr/ksabra/2026_SPAD/SPADMIC/results/genus_osc_pd/20260601_o1c2_fast_count_audit_genus/timing_osc_fast_full_clock.rpt,5,VIOLATED,-2697,clk_osc_fast,clk_osc_fast,clk_osc_fast,(R) u_core_u_fast_cnt_bin_q_reg[5]/C,(F) u_core_gen_pd_row[1].gen_pd_col[0].u_pd/nfast_hit_latched_reg[5]/D
OSC_SLOW_REAL,/home/validmgr/ksabra/2026_SPAD/SPADMIC/results/genus_osc_pd/20260601_o1c2_fast_count_audit_genus/timing_osc_fast_full_clock.rpt,6,VIOLATED,-2695,clk_osc_fast,clk_osc_fast,clk_osc_fast,(R) u_core_u_slow_cnt_gray_snap_ff2_async_reg[6]/C,(F) u_core_u_slow_cnt_dst_count_latched_reg[3]/D
OSC_FAST_REAL,/home/validmgr/ksabra/2026_SPAD/SPADMIC/results/genus_osc_pd/20260601_o1c2_fast_count_audit_genus/timing_osc_fast_full_clock.rpt,7,VIOLATED,-2694,clk_osc_fast,clk_osc_fast,clk_osc_fast,(R) u_core_u_fast_cnt_bin_q_reg[3]/C,(F) u_core_gen_pd_row[7].gen_pd_col[0].u_pd/nfast_hit_latched_reg[3]/D
OSC_FAST_REAL,/home/validmgr/ksabra/2026_SPAD/SPADMIC/results/genus_osc_pd/20260601_o1c2_fast_count_audit_genus/timing_osc_fast_full_clock.rpt,8,VIOLATED,-2694,clk_osc_fast,clk_osc_fast,clk_osc_fast,(R) u_core_u_fast_cnt_bin_q_reg[3]/C,(F) u_core_gen_pd_row[3].gen_pd_col[0].u_pd/nfast_hit_latched_reg[3]/D
OSC_FAST_REAL,/home/validmgr/ksabra/2026_SPAD/SPADMIC/results/genus_osc_pd/20260601_o1c2_fast_count_audit_genus/timing_osc_fast_full_clock.rpt,9,VIOLATED,-2692,clk_osc_fast,clk_osc_fast,clk_osc_fast,(R) u_core_u_fast_cnt_bin_q_reg[5]/C,(F) u_core_gen_pd_row[2].gen_pd_col[0].u_pd/nfast_hit_latched_reg[5]/D
OSC_FAST_REAL,/home/validmgr/ksabra/2026_SPAD/SPADMIC/results/genus_osc_pd/20260601_o1c2_fast_count_audit_genus/timing_osc_fast_full_clock.rpt,10,VIOLATED,-2691,clk_osc_fast,clk_osc_fast,clk_osc_fast,(R) u_core_u_fast_cnt_bin_q_reg[5]/C,(F) u_core_gen_pd_row[3].gen_pd_col[0].u_pd/nfast_hit_latched_reg[5]/D
OSC_FAST_REAL,/home/validmgr/ksabra/2026_SPAD/SPADMIC/results/genus_osc_pd/20260601_o1c2_fast_count_audit_genus/timing_osc_fast_full_clock.rpt,11,VIOLATED,-2691,clk_osc_fast,clk_osc_fast,clk_osc_fast,(R) u_core_u_fast_cnt_bin_q_reg[1]/C,(F) u_core_gen_pd_row[5].gen_pd_col[0].u_pd/nfast_hit_latched_reg[1]/D
OSC_FAST_REAL,/home/validmgr/ksabra/2026_SPAD/SPADMIC/results/genus_osc_pd/20260601_o1c2_fast_count_audit_genus/timing_osc_fast_full_clock.rpt,12,VIOLATED,-2690,clk_osc_fast,clk_osc_fast,clk_osc_fast,(R) u_core_u_fast_cnt_bin_q_reg[1]/C,(F) u_core_gen_pd_row[7].gen_pd_col[0].u_pd/nfast_hit_latched_reg[1]/D
OSC_FAST_REAL,/home/validmgr/ksabra/2026_SPAD/SPADMIC/results/genus_osc_pd/20260601_o1c2_fast_count_audit_genus/timing_osc_fast_full_clock.rpt,13,VIOLATED,-2690,clk_osc_fast,clk_osc_fast,clk_osc_fast,(R) u_core_u_fast_cnt_bin_q_reg[1]/C,(F) u_core_gen_pd_row[2].gen_pd_col[0].u_pd/nfast_hit_latched_reg[1]/D
OSC_FAST_REAL,/home/validmgr/ksabra/2026_SPAD/SPADMIC/results/genus_osc_pd/20260601_o1c2_fast_count_audit_genus/timing_osc_fast_full_clock.rpt,14,VIOLATED,-2690,clk_osc_fast,clk_osc_fast,clk_osc_fast,(R) u_core_u_fast_cnt_bin_q_reg[1]/C,(F) u_core_gen_pd_row[3].gen_pd_col[0].u_pd/nfast_hit_latched_reg[1]/D
OSC_FAST_REAL,/home/validmgr/ksabra/2026_SPAD/SPADMIC/results/genus_osc_pd/20260601_o1c2_fast_count_audit_genus/timing_osc_fast_full_clock.rpt,15,VIOLATED,-2689,clk_osc_fast,clk_osc_fast,clk_osc_fast,(R) u_core_u_fast_cnt_bin_q_reg[1]/C,(F) u_core_gen_pd_row[0].gen_pd_col[0].u_pd/nfast_hit_latched_reg[1]/D
OSC_FAST_REAL,/home/validmgr/ksabra/2026_SPAD/SPADMIC/results/genus_osc_pd/20260601_o1c2_fast_count_audit_genus/timing_osc_fast_full_clock.rpt,16,VIOLATED,-2688,clk_osc_fast,clk_osc_fast,clk_osc_fast,(R) u_core_u_fast_cnt_bin_q_reg[0]/C,(F) u_core_gen_pd_row[5].gen_pd_col[0].u_pd/nfast_hit_latched_reg[0]/D
OSC_FAST_REAL,/home/validmgr/ksabra/2026_SPAD/SPADMIC/results/genus_osc_pd/20260601_o1c2_fast_count_audit_genus/timing_osc_fast_full_clock.rpt,17,VIOLATED,-2686,clk_osc_fast,clk_osc_fast,clk_osc_fast,(R) u_core_u_fast_cnt_bin_q_reg[0]/C,(F) u_core_gen_pd_row[3].gen_pd_col[0].u_pd/nfast_hit_latched_reg[0]/D
OSC_FAST_REAL,/home/validmgr/ksabra/2026_SPAD/SPADMIC/results/genus_osc_pd/20260601_o1c2_fast_count_audit_genus/timing_osc_fast_full_clock.rpt,18,VIOLATED,-2686,clk_osc_fast,clk_osc_fast,clk_osc_fast,(R) u_core_u_fast_cnt_bin_q_reg[0]/C,(F) u_core_gen_pd_row[6].gen_pd_col[0].u_pd/nfast_hit_latched_reg[0]/D
OSC_FAST_REAL,/home/validmgr/ksabra/2026_SPAD/SPADMIC/results/genus_osc_pd/20260601_o1c2_fast_count_audit_genus/timing_osc_fast_full_clock.rpt,19,VIOLATED,-2685,clk_osc_fast,clk_osc_fast,clk_osc_fast,(R) u_core_u_fast_cnt_bin_q_reg[0]/C,(F) u_core_gen_pd_row[7].gen_pd_col[0].u_pd/nfast_hit_latched_reg[0]/D
OSC_FAST_REAL,/home/validmgr/ksabra/2026_SPAD/SPADMIC/results/genus_osc_pd/20260601_o1c2_fast_count_audit_genus/timing_osc_fast_full_clock.rpt,20,VIOLATED,-2684,clk_osc_fast,clk_osc_fast,clk_osc_fast,(R) u_core_u_fast_cnt_bin_q_reg[0]/C,(F) u_core_gen_pd_row[0].gen_pd_col[0].u_pd/nfast_hit_latched_reg[0]/D
OSC_SLOW_REAL,/home/validmgr/ksabra/2026_SPAD/SPADMIC/results/genus_osc_pd/20260601_o1c2_fast_count_audit_genus/timing_osc_fast_full_clock.rpt,21,VIOLATED,-2682,clk_osc_fast,clk_osc_fast,clk_osc_fast,(R) u_core_u_slow_cnt_gray_snap_ff2_async_reg[6]/C,(F) u_core_u_slow_cnt_dst_count_latched_reg[0]/D
OSC_FAST_REAL,/home/validmgr/ksabra/2026_SPAD/SPADMIC/results/genus_osc_pd/20260601_o1c2_fast_count_audit_genus/timing_osc_fast_full_clock.rpt,22,VIOLATED,-2675,clk_osc_fast,clk_osc_fast,clk_osc_fast,(R) u_core_u_fast_cnt_bin_q_reg[5]/C,(F) u_core_gen_pd_row[5].gen_pd_col[0].u_pd/nfast_hit_latched_reg[5]/D
OSC_FAST_REAL,/home/validmgr/ksabra/2026_SPAD/SPADMIC/results/genus_osc_pd/20260601_o1c2_fast_count_audit_genus/timing_osc_fast_full_clock.rpt,23,VIOLATED,-2673,clk_osc_fast,clk_osc_fast,clk_osc_fast,(R) u_core_u_fast_cnt_bin_q_reg[6]/C,(F) u_core_gen_pd_row[1].gen_pd_col[0].u_pd/nfast_hit_latched_reg[6]/D
OSC_FAST_REAL,/home/validmgr/ksabra/2026_SPAD/SPADMIC/results/genus_osc_pd/20260601_o1c2_fast_count_audit_genus/timing_osc_fast_full_clock.rpt,24,VIOLATED,-2669,clk_osc_fast,clk_osc_fast,clk_osc_fast,(R) u_core_u_fast_cnt_bin_q_reg[1]/C,(R) u_core_u_fast_cnt_bin_q_reg[3]/D
OSC_FAST_REAL,/home/validmgr/ksabra/2026_SPAD/SPADMIC/results/genus_osc_pd/20260601_o1c2_fast_count_audit_genus/timing_osc_fast_full_clock.rpt,25,VIOLATED,-2668,clk_osc_fast,clk_osc_fast,clk_osc_fast,(R) u_core_u_fast_cnt_bin_q_reg[2]/C,(R) u_core_u_fast_cnt_bin_q_reg[2]/D
OSC_FAST_REAL,/home/validmgr/ksabra/2026_SPAD/SPADMIC/results/genus_osc_pd/20260601_o1c2_fast_count_audit_genus/timing_osc_fast_full_clock.rpt,26,VIOLATED,-2660,clk_osc_fast,clk_osc_fast,clk_osc_fast,(R) u_core_u_fast_cnt_bin_q_reg[3]/C,(F) u_core_gen_pd_row[5].gen_pd_col[0].u_pd/nfast_hit_latched_reg[3]/D
OSC_FAST_REAL,/home/validmgr/ksabra/2026_SPAD/SPADMIC/results/genus_osc_pd/20260601_o1c2_fast_count_audit_genus/timing_osc_fast_full_clock.rpt,27,VIOLATED,-2660,clk_osc_fast,clk_osc_fast,clk_osc_fast,(R) u_core_u_fast_cnt_bin_q_reg[1]/C,(F) u_core_gen_pd_row[6].gen_pd_col[0].u_pd/nfast_hit_latched_reg[1]/D
OSC_FAST_REAL,/home/validmgr/ksabra/2026_SPAD/SPADMIC/results/genus_osc_pd/20260601_o1c2_fast_count_audit_genus/timing_osc_fast_full_clock.rpt,28,VIOLATED,-2657,clk_osc_fast,clk_osc_fast,clk_osc_fast,(R) u_core_u_fast_cnt_bin_q_reg[3]/C,(F) u_core_gen_pd_row[1].gen_pd_col[0].u_pd/nfast_hit_latched_reg[3]/D
OSC_SLOW_REAL,/home/validmgr/ksabra/2026_SPAD/SPADMIC/results/genus_osc_pd/20260601_o1c2_fast_count_audit_genus/timing_osc_fast_full_clock.rpt,29,VIOLATED,-2650,clk_osc_fast,clk_osc_fast,clk_osc_fast,(R) u_core_u_slow_cnt_gray_snap_ff2_async_reg[6]/C,(F) u_core_u_slow_cnt_dst_count_latched_reg[4]/D
OSC_FAST_REAL,/home/validmgr/ksabra/2026_SPAD/SPADMIC/results/genus_osc_pd/20260601_o1c2_fast_count_audit_genus/timing_osc_fast_full_clock.rpt,30,VIOLATED,-2643,clk_osc_fast,clk_osc_fast,clk_osc_fast,(R) u_core_u_fast_cnt_bin_q_reg[3]/C,(F) u_core_gen_pd_row[2].gen_pd_col[0].u_pd/nfast_hit_latched_reg[3]/D
OSC_FAST_REAL,/home/validmgr/ksabra/2026_SPAD/SPADMIC/results/genus_osc_pd/20260601_o1c2_fast_count_audit_genus/timing_osc_fast_full_clock.rpt,31,VIOLATED,-2637,clk_osc_fast,clk_osc_fast,clk_osc_fast,(R) u_core_u_fast_cnt_bin_q_reg[4]/C,(F) u_core_gen_pd_row[2].gen_pd_col[0].u_pd/nfast_hit_latched_reg[4]/D
OSC_FAST_REAL,/home/validmgr/ksabra/2026_SPAD/SPADMIC/results/genus_osc_pd/20260601_o1c2_fast_count_audit_genus/timing_osc_fast_full_clock.rpt,32,VIOLATED,-2636,clk_osc_fast,clk_osc_fast,clk_osc_fast,(R) u_core_u_fast_cnt_bin_q_reg[2]/C,(F) u_core_u_fast_cnt_bin_q_reg[4]/D
OSC_FAST_REAL,/home/validmgr/ksabra/2026_SPAD/SPADMIC/results/genus_osc_pd/20260601_o1c2_fast_count_audit_genus/timing_osc_fast_full_clock.rpt,33,VIOLATED,-2636,clk_osc_fast,clk_osc_fast,clk_osc_fast,(R) u_core_u_fast_cnt_bin_q_reg[4]/C,(F) u_core_gen_pd_row[3].gen_pd_col[0].u_pd/nfast_hit_latched_reg[4]/D
OSC_FAST_REAL,/home/validmgr/ksabra/2026_SPAD/SPADMIC/results/genus_osc_pd/20260601_o1c2_fast_count_audit_genus/timing_osc_fast_full_clock.rpt,34,VIOLATED,-2626,clk_osc_fast,clk_osc_fast,clk_osc_fast,(R) u_core_u_fast_cnt_bin_q_reg[3]/C,(F) u_core_gen_pd_row[0].gen_pd_col[0].u_pd/nfast_hit_latched_reg[3]/D
OSC_FAST_REAL,/home/validmgr/ksabra/2026_SPAD/SPADMIC/results/genus_osc_pd/20260601_o1c2_fast_count_audit_genus/timing_osc_fast_full_clock.rpt,35,VIOLATED,-2620,clk_osc_fast,clk_osc_fast,clk_osc_fast,(R) u_core_u_fast_cnt_bin_q_reg[4]/C,(F) u_core_gen_pd_row[5].gen_pd_col[0].u_pd/nfast_hit_latched_reg[4]/D
OSC_FAST_REAL,/home/validmgr/ksabra/2026_SPAD/SPADMIC/results/genus_osc_pd/20260601_o1c2_fast_count_audit_genus/timing_osc_fast_full_clock.rpt,36,VIOLATED,-2618,clk_osc_fast,clk_osc_fast,clk_osc_fast,(R) u_core_u_fast_cnt_bin_q_reg[0]/C,(F) u_core_gen_pd_row[2].gen_pd_col[0].u_pd/nfast_hit_latched_reg[0]/D
OSC_SLOW_REAL,/home/validmgr/ksabra/2026_SPAD/SPADMIC/results/genus_osc_pd/20260601_o1c2_fast_count_audit_genus/timing_osc_fast_full_clock.rpt,37,VIOLATED,-2612,clk_osc_fast,clk_osc_fast,clk_osc_fast,(R) u_core_u_slow_cnt_gray_snap_ff2_async_reg[4]/C,(F) u_core_u_slow_cnt_dst_count_latched_reg[1]/D
OSC_FAST_REAL,/home/validmgr/ksabra/2026_SPAD/SPADMIC/results/genus_osc_pd/20260601_o1c2_fast_count_audit_genus/timing_osc_fast_full_clock.rpt,38,VIOLATED,-2605,clk_osc_fast,clk_osc_fast,clk_osc_fast,(R) u_core_u_fast_cnt_bin_q_reg[4]/C,(F) u_core_gen_pd_row[4].gen_pd_col[0].u_pd/nfast_hit_latched_reg[4]/D
OSC_FAST_REAL,/home/validmgr/ksabra/2026_SPAD/SPADMIC/results/genus_osc_pd/20260601_o1c2_fast_count_audit_genus/timing_osc_fast_full_clock.rpt,39,VIOLATED,-2605,clk_osc_fast,clk_osc_fast,clk_osc_fast,(R) u_core_u_fast_cnt_bin_q_reg[4]/C,(F) u_core_gen_pd_row[0].gen_pd_col[0].u_pd/nfast_hit_latched_reg[4]/D
OSC_FAST_REAL,/home/validmgr/ksabra/2026_SPAD/SPADMIC/results/genus_osc_pd/20260601_o1c2_fast_count_audit_genus/timing_osc_fast_full_clock.rpt,40,VIOLATED,-2604,clk_osc_fast,clk_osc_fast,clk_osc_fast,(R) u_core_u_fast_cnt_bin_q_reg[4]/C,(F) u_core_gen_pd_row[1].gen_pd_col[0].u_pd/nfast_hit_latched_reg[4]/D
OSC_FAST_REAL,/home/validmgr/ksabra/2026_SPAD/SPADMIC/results/genus_osc_pd/20260601_o1c2_fast_count_audit_genus/timing_osc_fast_full_clock.rpt,41,VIOLATED,-2575,clk_osc_fast,clk_osc_fast,clk_osc_fast,(R) u_core_u_fast_cnt_bin_q_reg[5]/C,(F) u_core_gen_pd_row[0].gen_pd_col[0].u_pd/nfast_hit_latched_reg[5]/D
OSC_FAST_REAL,/home/validmgr/ksabra/2026_SPAD/SPADMIC/results/genus_osc_pd/20260601_o1c2_fast_count_audit_genus/timing_osc_fast_full_clock.rpt,42,VIOLATED,-2574,clk_osc_fast,clk_osc_fast,clk_osc_fast,(R) u_core_u_fast_cnt_bin_q_reg[4]/C,(F) u_core_gen_pd_row[7].gen_pd_col[0].u_pd/nfast_hit_latched_reg[4]/D
OSC_FAST_REAL,/home/validmgr/ksabra/2026_SPAD/SPADMIC/results/genus_osc_pd/20260601_o1c2_fast_count_audit_genus/timing_osc_fast_full_clock.rpt,43,VIOLATED,-2574,clk_osc_fast,clk_osc_fast,clk_osc_fast,(R) u_core_u_fast_cnt_bin_q_reg[4]/C,(F) u_core_gen_pd_row[6].gen_pd_col[0].u_pd/nfast_hit_latched_reg[4]/D
OSC_SLOW_REAL,/home/validmgr/ksabra/2026_SPAD/SPADMIC/results/genus_osc_pd/20260601_o1c2_fast_count_audit_genus/timing_osc_fast_full_clock.rpt,44,VIOLATED,-2561,clk_osc_fast,clk_osc_fast,clk_osc_fast,(R) u_core_u_slow_cnt_gray_snap_ff2_async_reg[6]/C,(F) u_core_u_slow_cnt_dst_count_latched_reg[2]/D
OSC_FAST_REAL,/home/validmgr/ksabra/2026_SPAD/SPADMIC/results/genus_osc_pd/20260601_o1c2_fast_count_audit_genus/timing_osc_fast_full_clock.rpt,45,VIOLATED,-2546,clk_osc_fast,clk_osc_fast,clk_osc_fast,(R) u_core_u_fast_cnt_bin_q_reg[5]/C,(F) u_core_gen_pd_row[4].gen_pd_col[0].u_pd/nfast_hit_latched_reg[5]/D
OSC_FAST_REAL,/home/validmgr/ksabra/2026_SPAD/SPADMIC/results/genus_osc_pd/20260601_o1c2_fast_count_audit_genus/timing_osc_fast_full_clock.rpt,46,VIOLATED,-2543,clk_osc_fast,clk_osc_fast,clk_osc_fast,(R) u_core_u_fast_cnt_bin_q_reg[5]/C,(F) u_core_gen_pd_row[6].gen_pd_col[0].u_pd/nfast_hit_latched_reg[5]/D
OSC_FAST_REAL,/home/validmgr/ksabra/2026_SPAD/SPADMIC/results/genus_osc_pd/20260601_o1c2_fast_count_audit_genus/timing_osc_fast_full_clock.rpt,47,VIOLATED,-2540,clk_osc_fast,clk_osc_fast,clk_osc_fast,(R) u_core_gen_pd_row[1].gen_pd_col[0].u_pd/q1_reg/C,(F) u_core_gen_pd_row[1].gen_pd_col[0].u_pd/nfast_hit_latched_reg[1]/D
OSC_FAST_REAL,/home/validmgr/ksabra/2026_SPAD/SPADMIC/results/genus_osc_pd/20260601_o1c2_fast_count_audit_genus/timing_osc_fast_full_clock.rpt,48,VIOLATED,-2533,clk_osc_fast,clk_osc_fast,clk_osc_fast,(R) u_core_u_fast_cnt_bin_q_reg[0]/C,(F) u_core_gen_pd_row[1].gen_pd_col[0].u_pd/nfast_hit_latched_reg[0]/D
OSC_FAST_REAL,/home/validmgr/ksabra/2026_SPAD/SPADMIC/results/genus_osc_pd/20260601_o1c2_fast_count_audit_genus/timing_osc_fast_full_clock.rpt,49,VIOLATED,-2529,clk_osc_fast,clk_osc_fast,clk_osc_fast,(R) u_core_u_fast_cnt_bin_q_reg[6]/C,(F) u_core_gen_pd_row[0].gen_pd_col[0].u_pd/nfast_hit_latched_reg[6]/D
OSC_FAST_REAL,/home/validmgr/ksabra/2026_SPAD/SPADMIC/results/genus_osc_pd/20260601_o1c2_fast_count_audit_genus/timing_osc_fast_full_clock.rpt,50,VIOLATED,-2529,clk_osc_fast,clk_osc_fast,clk_osc_fast,(R) u_core_u_fast_cnt_bin_q_reg[6]/C,(F) u_core_gen_pd_row[4].gen_pd_col[0].u_pd/nfast_hit_latched_reg[6]/D
OSC_FAST_REAL,/home/validmgr/ksabra/2026_SPAD/SPADMIC/results/genus_osc_pd/20260601_o1c2_fast_count_audit_genus/timing_osc_fast_full_clock.rpt,51,VIOLATED,-2526,clk_osc_fast,clk_osc_fast,clk_osc_fast,(R) u_core_u_fast_cnt_bin_q_reg[6]/C,(F) u_core_gen_pd_row[7].gen_pd_col[0].u_pd/nfast_hit_latched_reg[6]/D
OSC_FAST_REAL,/home/validmgr/ksabra/2026_SPAD/SPADMIC/results/genus_osc_pd/20260601_o1c2_fast_count_audit_genus/timing_osc_fast_full_clock.rpt,52,VIOLATED,-2526,clk_osc_fast,clk_osc_fast,clk_osc_fast,(R) u_core_u_fast_cnt_bin_q_reg[6]/C,(F) u_core_gen_pd_row[2].gen_pd_col[0].u_pd/nfast_hit_latched_reg[6]/D
OSC_FAST_REAL,/home/validmgr/ksabra/2026_SPAD/SPADMIC/results/genus_osc_pd/20260601_o1c2_fast_count_audit_genus/timing_osc_fast_full_clock.rpt,53,VIOLATED,-2526,clk_osc_fast,clk_osc_fast,clk_osc_fast,(R) u_core_u_fast_cnt_bin_q_reg[6]/C,(F) u_core_gen_pd_row[6].gen_pd_col[0].u_pd/nfast_hit_latched_reg[6]/D
OSC_FAST_REAL,/home/validmgr/ksabra/2026_SPAD/SPADMIC/results/genus_osc_pd/20260601_o1c2_fast_count_audit_genus/timing_osc_fast_full_clock.rpt,54,VIOLATED,-2526,clk_osc_fast,clk_osc_fast,clk_osc_fast,(R) u_core_u_fast_cnt_bin_q_reg[6]/C,(F) u_core_gen_pd_row[3].gen_pd_col[0].u_pd/nfast_hit_latched_reg[6]/D
OSC_FAST_REAL,/home/validmgr/ksabra/2026_SPAD/SPADMIC/results/genus_osc_pd/20260601_o1c2_fast_count_audit_genus/timing_osc_fast_full_clock.rpt,55,VIOLATED,-2516,clk_osc_fast,clk_osc_fast,clk_osc_fast,(R) u_core_u_fast_cnt_bin_q_reg[2]/C,(F) u_core_gen_pd_row[4].gen_pd_col[0].u_pd/nfast_hit_latched_reg[2]/D
OSC_FAST_REAL,/home/validmgr/ksabra/2026_SPAD/SPADMIC/results/genus_osc_pd/20260601_o1c2_fast_count_audit_genus/timing_osc_fast_full_clock.rpt,56,VIOLATED,-2516,clk_osc_fast,clk_osc_fast,clk_osc_fast,(R) u_core_u_fast_cnt_bin_q_reg[2]/C,(F) u_core_gen_pd_row[1].gen_pd_col[0].u_pd/nfast_hit_latched_reg[2]/D
OSC_FAST_REAL,/home/validmgr/ksabra/2026_SPAD/SPADMIC/results/genus_osc_pd/20260601_o1c2_fast_count_audit_genus/timing_osc_fast_full_clock.rpt,57,VIOLATED,-2513,clk_osc_fast,clk_osc_fast,clk_osc_fast,(R) u_core_u_fast_cnt_bin_q_reg[2]/C,(F) u_core_gen_pd_row[7].gen_pd_col[0].u_pd/nfast_hit_latched_reg[2]/D
OSC_FAST_REAL,/home/validmgr/ksabra/2026_SPAD/SPADMIC/results/genus_osc_pd/20260601_o1c2_fast_count_audit_genus/timing_osc_fast_full_clock.rpt,58,VIOLATED,-2513,clk_osc_fast,clk_osc_fast,clk_osc_fast,(R) u_core_u_fast_cnt_bin_q_reg[2]/C,(F) u_core_gen_pd_row[3].gen_pd_col[0].u_pd/nfast_hit_latched_reg[2]/D
OSC_FAST_REAL,/home/validmgr/ksabra/2026_SPAD/SPADMIC/results/genus_osc_pd/20260601_o1c2_fast_count_audit_genus/timing_osc_fast_full_clock.rpt,59,VIOLATED,-2512,clk_osc_fast,clk_osc_fast,clk_osc_fast,(R) u_core_gen_pd_row[6].gen_pd_col[0].u_pd/hit_latched_reg/C,(F) u_core_gen_pd_row[6].gen_pd_col[0].u_pd/nfast_hit_latched_reg[2]/D
OSC_FAST_REAL,/home/validmgr/ksabra/2026_SPAD/SPADMIC/results/genus_osc_pd/20260601_o1c2_fast_count_audit_genus/timing_osc_fast_full_clock.rpt,60,VIOLATED,-2512,clk_osc_fast,clk_osc_fast,clk_osc_fast,(R) u_core_u_fast_cnt_bin_q_reg[2]/C,(F) u_core_gen_pd_row[2].gen_pd_col[0].u_pd/nfast_hit_latched_reg[2]/D
OSC_FAST_REAL,/home/validmgr/ksabra/2026_SPAD/SPADMIC/results/genus_osc_pd/20260601_o1c2_fast_count_audit_genus/timing_osc_fast_full_clock.rpt,61,VIOLATED,-2510,clk_osc_fast,clk_osc_fast,clk_osc_fast,(R) u_core_u_fast_cnt_bin_q_reg[6]/C,(F) u_core_gen_pd_row[5].gen_pd_col[0].u_pd/nfast_hit_latched_reg[6]/D
OSC_FAST_REAL,/home/validmgr/ksabra/2026_SPAD/SPADMIC/results/genus_osc_pd/20260601_o1c2_fast_count_audit_genus/timing_osc_fast_full_clock.rpt,62,VIOLATED,-2508,clk_osc_fast,clk_osc_fast,clk_osc_fast,(R) u_core_u_fast_cnt_bin_q_reg[1]/C,(F) u_core_gen_pd_row[4].gen_pd_col[0].u_pd/nfast_hit_latched_reg[1]/D
OSC_FAST_REAL,/home/validmgr/ksabra/2026_SPAD/SPADMIC/results/genus_osc_pd/20260601_o1c2_fast_count_audit_genus/timing_osc_fast_full_clock.rpt,63,VIOLATED,-2505,clk_osc_fast,clk_osc_fast,clk_osc_fast,(R) u_core_u_fast_cnt_bin_q_reg[0]/C,(F) u_core_gen_pd_row[4].gen_pd_col[0].u_pd/nfast_hit_latched_reg[0]/D
OSC_FAST_REAL,/home/validmgr/ksabra/2026_SPAD/SPADMIC/results/genus_osc_pd/20260601_o1c2_fast_count_audit_genus/timing_osc_fast_full_clock.rpt,64,VIOLATED,-2496,clk_osc_fast,clk_osc_fast,clk_osc_fast,(R) u_core_u_fast_cnt_bin_q_reg[2]/C,(F) u_core_gen_pd_row[5].gen_pd_col[0].u_pd/nfast_hit_latched_reg[2]/D
OSC_FAST_REAL,/home/validmgr/ksabra/2026_SPAD/SPADMIC/results/genus_osc_pd/20260601_o1c2_fast_count_audit_genus/timing_osc_fast_full_clock.rpt,65,VIOLATED,-2489,clk_osc_fast,clk_osc_fast,clk_osc_fast,(R) u_core_u_fast_cnt_bin_q_reg[0]/C,(F) u_core_u_fast_cnt_bin_q_reg[1]/D
OSC_FAST_REAL,/home/validmgr/ksabra/2026_SPAD/SPADMIC/results/genus_osc_pd/20260601_o1c2_fast_count_audit_genus/timing_osc_fast_full_clock.rpt,66,VIOLATED,-2481,clk_osc_fast,clk_osc_fast,clk_osc_fast,(R) u_core_u_fast_cnt_bin_q_reg[2]/C,(F) u_core_gen_pd_row[0].gen_pd_col[0].u_pd/nfast_hit_latched_reg[2]/D
OSC_FAST_REAL,/home/validmgr/ksabra/2026_SPAD/SPADMIC/results/genus_osc_pd/20260601_o1c2_fast_count_audit_genus/timing_osc_fast_full_clock.rpt,67,VIOLATED,-2470,clk_osc_fast,clk_osc_fast,clk_osc_fast,(R) u_core_gen_pd_row[4].gen_pd_col[0].u_pd/q1_reg/C,(F) u_core_gen_pd_row[4].gen_pd_col[0].u_pd/nfast_hit_latched_reg[3]/D
OSC_SLOW_REAL,/home/validmgr/ksabra/2026_SPAD/SPADMIC/results/genus_osc_pd/20260601_o1c2_fast_count_audit_genus/timing_osc_fast_full_clock.rpt,68,VIOLATED,-2191,clk_osc_fast,clk_osc_fast,clk_osc_fast,(R) u_core_u_slow_cnt_gray_snap_ff2_async_reg[6]/C,(F) u_core_u_slow_cnt_dst_count_latched_reg[5]/D
OSC_FAST_REAL,/home/validmgr/ksabra/2026_SPAD/SPADMIC/results/genus_osc_pd/20260601_o1c2_fast_count_audit_genus/timing_osc_fast_full_clock.rpt,69,VIOLATED,-1824,clk_osc_fast,clk_osc_fast,clk_osc_fast,(R) u_core_u_fast_cnt_bin_q_reg[0]/C,(R) u_core_u_fast_cnt_bin_q_reg[0]/D
OSC_FAST_REAL,/home/validmgr/ksabra/2026_SPAD/SPADMIC/results/genus_osc_pd/20260601_o1c2_fast_count_audit_genus/timing_osc_fast_full_clock.rpt,70,VIOLATED,-1357,clk_osc_fast,clk_osc_fast,clk_osc_fast,(R) u_core_gen_pd_row[5].gen_pd_col[0].u_pd/q2_reg/C,(F) u_core_gen_pd_row[5].gen_pd_col[0].u_pd/hit_latched_reg/D
OSC_FAST_REAL,/home/validmgr/ksabra/2026_SPAD/SPADMIC/results/genus_osc_pd/20260601_o1c2_fast_count_audit_genus/timing_osc_fast_full_clock.rpt,71,VIOLATED,-1322,clk_osc_fast,clk_osc_fast,clk_osc_fast,(R) u_core_gen_pd_row[7].gen_pd_col[0].u_pd/q2_reg/C,(F) u_core_gen_pd_row[7].gen_pd_col[0].u_pd/hit_latched_reg/D
OSC_FAST_REAL,/home/validmgr/ksabra/2026_SPAD/SPADMIC/results/genus_osc_pd/20260601_o1c2_fast_count_audit_genus/timing_osc_fast_full_clock.rpt,72,VIOLATED,-1322,clk_osc_fast,clk_osc_fast,clk_osc_fast,(R) u_core_gen_pd_row[4].gen_pd_col[0].u_pd/q2_reg/C,(F) u_core_gen_pd_row[4].gen_pd_col[0].u_pd/hit_latched_reg/D
OSC_FAST_REAL,/home/validmgr/ksabra/2026_SPAD/SPADMIC/results/genus_osc_pd/20260601_o1c2_fast_count_audit_genus/timing_osc_fast_full_clock.rpt,73,VIOLATED,-1322,clk_osc_fast,clk_osc_fast,clk_osc_fast,(R) u_core_gen_pd_row[3].gen_pd_col[0].u_pd/q2_reg/C,(F) u_core_gen_pd_row[3].gen_pd_col[0].u_pd/hit_latched_reg/D
OSC_FAST_REAL,/home/validmgr/ksabra/2026_SPAD/SPADMIC/results/genus_osc_pd/20260601_o1c2_fast_count_audit_genus/timing_osc_fast_full_clock.rpt,74,VIOLATED,-1322,clk_osc_fast,clk_osc_fast,clk_osc_fast,(R) u_core_gen_pd_row[2].gen_pd_col[0].u_pd/q2_reg/C,(F) u_core_gen_pd_row[2].gen_pd_col[0].u_pd/hit_latched_reg/D
OSC_FAST_REAL,/home/validmgr/ksabra/2026_SPAD/SPADMIC/results/genus_osc_pd/20260601_o1c2_fast_count_audit_genus/timing_osc_fast_full_clock.rpt,75,VIOLATED,-1322,clk_osc_fast,clk_osc_fast,clk_osc_fast,(R) u_core_gen_pd_row[1].gen_pd_col[0].u_pd/q2_reg/C,(F) u_core_gen_pd_row[1].gen_pd_col[0].u_pd/hit_latched_reg/D
OSC_FAST_REAL,/home/validmgr/ksabra/2026_SPAD/SPADMIC/results/genus_osc_pd/20260601_o1c2_fast_count_audit_genus/timing_osc_fast_full_clock.rpt,76,VIOLATED,-1322,clk_osc_fast,clk_osc_fast,clk_osc_fast,(R) u_core_gen_pd_row[0].gen_pd_col[0].u_pd/q2_reg/C,(F) u_core_gen_pd_row[0].gen_pd_col[0].u_pd/hit_latched_reg/D
OSC_FAST_REAL,/home/validmgr/ksabra/2026_SPAD/SPADMIC/results/genus_osc_pd/20260601_o1c2_fast_count_audit_genus/timing_osc_fast_full_clock.rpt,77,VIOLATED,-1318,clk_osc_fast,clk_osc_fast,clk_osc_fast,(R) u_core_gen_pd_row[6].gen_pd_col[0].u_pd/q2_reg/C,(F) u_core_gen_pd_row[6].gen_pd_col[0].u_pd/hit_latched_reg/D
OSC_SLOW_REAL,/home/validmgr/ksabra/2026_SPAD/SPADMIC/results/genus_osc_pd/20260601_o1c2_fast_count_audit_genus/timing_osc_fast_full_clock.rpt,78,VIOLATED,-1054,clk_osc_fast,clk_osc_fast,clk_osc_fast,(R) u_core_u_slow_cnt_gray_snap_ff2_async_reg[6]/C,(F) u_core_u_slow_cnt_dst_count_latched_reg[6]/D
OSC_FAST_REAL,/home/validmgr/ksabra/2026_SPAD/SPADMIC/results/genus_osc_pd/20260601_o1c2_fast_count_audit_genus/timing_osc_fast_full_clock.rpt,79,VIOLATED,-935,clk_osc_fast,clk_osc_fast,clk_osc_fast,(R) u_core_gen_pd_row[5].gen_pd_col[0].u_pd/q1_reg/C,(F) u_core_gen_pd_row[5].gen_pd_col[0].u_pd/q2_reg/D
OSC_FAST_REAL,/home/validmgr/ksabra/2026_SPAD/SPADMIC/results/genus_osc_pd/20260601_o1c2_fast_count_audit_genus/timing_osc_fast_full_clock.rpt,80,VIOLATED,-930,clk_osc_fast,clk_osc_fast,clk_osc_fast,(R) u_core_gen_pd_row[7].gen_pd_col[0].u_pd/q1_reg/C,(F) u_core_gen_pd_row[7].gen_pd_col[0].u_pd/q2_reg/D
OSC_FAST_REAL,/home/validmgr/ksabra/2026_SPAD/SPADMIC/results/genus_osc_pd/20260601_o1c2_fast_count_audit_genus/timing_osc_fast_full_clock.rpt,81,VIOLATED,-930,clk_osc_fast,clk_osc_fast,clk_osc_fast,(R) u_core_gen_pd_row[6].gen_pd_col[0].u_pd/q1_reg/C,(F) u_core_gen_pd_row[6].gen_pd_col[0].u_pd/q2_reg/D
OSC_FAST_REAL,/home/validmgr/ksabra/2026_SPAD/SPADMIC/results/genus_osc_pd/20260601_o1c2_fast_count_audit_genus/timing_osc_fast_full_clock.rpt,82,VIOLATED,-930,clk_osc_fast,clk_osc_fast,clk_osc_fast,(R) u_core_gen_pd_row[4].gen_pd_col[0].u_pd/q1_reg/C,(F) u_core_gen_pd_row[4].gen_pd_col[0].u_pd/q2_reg/D
OSC_FAST_REAL,/home/validmgr/ksabra/2026_SPAD/SPADMIC/results/genus_osc_pd/20260601_o1c2_fast_count_audit_genus/timing_osc_fast_full_clock.rpt,83,VIOLATED,-930,clk_osc_fast,clk_osc_fast,clk_osc_fast,(R) u_core_gen_pd_row[3].gen_pd_col[0].u_pd/q1_reg/C,(F) u_core_gen_pd_row[3].gen_pd_col[0].u_pd/q2_reg/D
OSC_FAST_REAL,/home/validmgr/ksabra/2026_SPAD/SPADMIC/results/genus_osc_pd/20260601_o1c2_fast_count_audit_genus/timing_osc_fast_full_clock.rpt,84,VIOLATED,-930,clk_osc_fast,clk_osc_fast,clk_osc_fast,(R) u_core_gen_pd_row[2].gen_pd_col[0].u_pd/q1_reg/C,(F) u_core_gen_pd_row[2].gen_pd_col[0].u_pd/q2_reg/D
OSC_FAST_REAL,/home/validmgr/ksabra/2026_SPAD/SPADMIC/results/genus_osc_pd/20260601_o1c2_fast_count_audit_genus/timing_osc_fast_full_clock.rpt,85,VIOLATED,-930,clk_osc_fast,clk_osc_fast,clk_osc_fast,(R) u_core_gen_pd_row[1].gen_pd_col[0].u_pd/q1_reg/C,(F) u_core_gen_pd_row[1].gen_pd_col[0].u_pd/q2_reg/D
OSC_FAST_REAL,/home/validmgr/ksabra/2026_SPAD/SPADMIC/results/genus_osc_pd/20260601_o1c2_fast_count_audit_genus/timing_osc_fast_full_clock.rpt,86,VIOLATED,-930,clk_osc_fast,clk_osc_fast,clk_osc_fast,(R) u_core_gen_pd_row[0].gen_pd_col[0].u_pd/q1_reg/C,(F) u_core_gen_pd_row[0].gen_pd_col[0].u_pd/q2_reg/D
OSC_SLOW_REAL,/home/validmgr/ksabra/2026_SPAD/SPADMIC/results/genus_osc_pd/20260601_o1c2_fast_count_audit_genus/timing_osc_fast_full_clock.rpt,87,VIOLATED,-735,clk_osc_fast,clk_osc_fast,clk_osc_fast,(R) u_core_u_slow_cnt_gray_snap_ff1_async_reg[6]/C,(F) u_core_u_slow_cnt_gray_snap_ff2_async_reg[6]/D
OSC_SLOW_REAL,/home/validmgr/ksabra/2026_SPAD/SPADMIC/results/genus_osc_pd/20260601_o1c2_fast_count_audit_genus/timing_osc_fast_full_clock.rpt,88,VIOLATED,-735,clk_osc_fast,clk_osc_fast,clk_osc_fast,(R) u_core_u_slow_cnt_gray_snap_ff1_async_reg[5]/C,(F) u_core_u_slow_cnt_gray_snap_ff2_async_reg[5]/D
OSC_SLOW_REAL,/home/validmgr/ksabra/2026_SPAD/SPADMIC/results/genus_osc_pd/20260601_o1c2_fast_count_audit_genus/timing_osc_fast_full_clock.rpt,89,VIOLATED,-735,clk_osc_fast,clk_osc_fast,clk_osc_fast,(R) u_core_u_slow_cnt_gray_snap_ff1_async_reg[4]/C,(F) u_core_u_slow_cnt_gray_snap_ff2_async_reg[4]/D
OSC_SLOW_REAL,/home/validmgr/ksabra/2026_SPAD/SPADMIC/results/genus_osc_pd/20260601_o1c2_fast_count_audit_genus/timing_osc_fast_full_clock.rpt,90,VIOLATED,-735,clk_osc_fast,clk_osc_fast,clk_osc_fast,(R) u_core_u_slow_cnt_gray_snap_ff1_async_reg[3]/C,(F) u_core_u_slow_cnt_gray_snap_ff2_async_reg[3]/D
OSC_SLOW_REAL,/home/validmgr/ksabra/2026_SPAD/SPADMIC/results/genus_osc_pd/20260601_o1c2_fast_count_audit_genus/timing_osc_fast_full_clock.rpt,91,VIOLATED,-735,clk_osc_fast,clk_osc_fast,clk_osc_fast,(R) u_core_u_slow_cnt_gray_snap_ff1_async_reg[2]/C,(F) u_core_u_slow_cnt_gray_snap_ff2_async_reg[2]/D
OSC_SLOW_REAL,/home/validmgr/ksabra/2026_SPAD/SPADMIC/results/genus_osc_pd/20260601_o1c2_fast_count_audit_genus/timing_osc_fast_full_clock.rpt,92,VIOLATED,-735,clk_osc_fast,clk_osc_fast,clk_osc_fast,(R) u_core_u_slow_cnt_gray_snap_ff1_async_reg[1]/C,(F) u_core_u_slow_cnt_gray_snap_ff2_async_reg[1]/D
OSC_SLOW_REAL,/home/validmgr/ksabra/2026_SPAD/SPADMIC/results/genus_osc_pd/20260601_o1c2_fast_count_audit_genus/timing_osc_fast_full_clock.rpt,93,VIOLATED,-735,clk_osc_fast,clk_osc_fast,clk_osc_fast,(R) u_core_u_slow_cnt_gray_snap_ff1_async_reg[0]/C,(F) u_core_u_slow_cnt_gray_snap_ff2_async_reg[0]/D
OSC_FAST_REAL,/home/validmgr/ksabra/2026_SPAD/SPADMIC/results/genus_osc_pd/20260601_o1c2_fast_count_audit_genus/timing_osc_fast_full_clock.rpt,94,VIOLATED,-735,clk_osc_fast,clk_osc_fast,clk_osc_fast,(R) u_core_u_rst_fast_sync/sync_q_reg[0]/C,(F) u_core_u_rst_fast_sync/sync_q_reg[1]/D
OSC_FAST_REAL,/home/validmgr/ksabra/2026_SPAD/SPADMIC/results/genus_osc_pd/20260601_o1c2_fast_count_audit_genus/timing_osc_counter_hotspots.rpt,1,VIOLATED,-2706,clk_osc_fast,clk_osc_fast,clk_osc_fast,(R) u_core_u_fast_cnt_bin_q_reg[2]/C,(F) u_core_u_fast_cnt_bin_q_reg[5]/D
OSC_FAST_REAL,/home/validmgr/ksabra/2026_SPAD/SPADMIC/results/genus_osc_pd/20260601_o1c2_fast_count_audit_genus/timing_osc_counter_hotspots.rpt,2,VIOLATED,-2702,clk_osc_fast,clk_osc_fast,clk_osc_fast,(R) u_core_u_fast_cnt_bin_q_reg[2]/C,(F) u_core_u_fast_cnt_bin_q_reg[6]/D
OSC_SLOW_REAL,/home/validmgr/ksabra/2026_SPAD/SPADMIC/results/genus_osc_pd/20260601_o1c2_fast_count_audit_genus/timing_osc_counter_hotspots.rpt,3,VIOLATED,-2695,clk_osc_fast,clk_osc_fast,clk_osc_fast,(R) u_core_u_slow_cnt_gray_snap_ff2_async_reg[6]/C,(F) u_core_u_slow_cnt_dst_count_latched_reg[3]/D
OSC_SLOW_REAL,/home/validmgr/ksabra/2026_SPAD/SPADMIC/results/genus_osc_pd/20260601_o1c2_fast_count_audit_genus/timing_osc_counter_hotspots.rpt,4,VIOLATED,-2682,clk_osc_fast,clk_osc_fast,clk_osc_fast,(R) u_core_u_slow_cnt_gray_snap_ff2_async_reg[6]/C,(F) u_core_u_slow_cnt_dst_count_latched_reg[0]/D
OSC_FAST_REAL,/home/validmgr/ksabra/2026_SPAD/SPADMIC/results/genus_osc_pd/20260601_o1c2_fast_count_audit_genus/timing_osc_counter_hotspots.rpt,5,VIOLATED,-2669,clk_osc_fast,clk_osc_fast,clk_osc_fast,(R) u_core_u_fast_cnt_bin_q_reg[1]/C,(R) u_core_u_fast_cnt_bin_q_reg[3]/D
OSC_FAST_REAL,/home/validmgr/ksabra/2026_SPAD/SPADMIC/results/genus_osc_pd/20260601_o1c2_fast_count_audit_genus/timing_osc_counter_hotspots.rpt,6,VIOLATED,-2668,clk_osc_fast,clk_osc_fast,clk_osc_fast,(R) u_core_u_fast_cnt_bin_q_reg[2]/C,(R) u_core_u_fast_cnt_bin_q_reg[2]/D
OSC_SLOW_REAL,/home/validmgr/ksabra/2026_SPAD/SPADMIC/results/genus_osc_pd/20260601_o1c2_fast_count_audit_genus/timing_osc_counter_hotspots.rpt,7,VIOLATED,-2650,clk_osc_fast,clk_osc_fast,clk_osc_fast,(R) u_core_u_slow_cnt_gray_snap_ff2_async_reg[6]/C,(F) u_core_u_slow_cnt_dst_count_latched_reg[4]/D
OSC_FAST_REAL,/home/validmgr/ksabra/2026_SPAD/SPADMIC/results/genus_osc_pd/20260601_o1c2_fast_count_audit_genus/timing_osc_counter_hotspots.rpt,8,VIOLATED,-2636,clk_osc_fast,clk_osc_fast,clk_osc_fast,(R) u_core_u_fast_cnt_bin_q_reg[2]/C,(F) u_core_u_fast_cnt_bin_q_reg[4]/D
OSC_SLOW_REAL,/home/validmgr/ksabra/2026_SPAD/SPADMIC/results/genus_osc_pd/20260601_o1c2_fast_count_audit_genus/timing_osc_counter_hotspots.rpt,9,VIOLATED,-2612,clk_osc_fast,clk_osc_fast,clk_osc_fast,(R) u_core_u_slow_cnt_gray_snap_ff2_async_reg[4]/C,(F) u_core_u_slow_cnt_dst_count_latched_reg[1]/D
OSC_SLOW_REAL,/home/validmgr/ksabra/2026_SPAD/SPADMIC/results/genus_osc_pd/20260601_o1c2_fast_count_audit_genus/timing_osc_counter_hotspots.rpt,10,VIOLATED,-2591,clk_osc_slow,clk_osc_slow,clk_osc_slow,(R) u_core_u_slow_cnt_bin_q_reg[0]/C,(F) u_core_u_slow_cnt_gray_src_cont_q_reg[5]/D
OSC_SLOW_REAL,/home/validmgr/ksabra/2026_SPAD/SPADMIC/results/genus_osc_pd/20260601_o1c2_fast_count_audit_genus/timing_osc_counter_hotspots.rpt,11,VIOLATED,-2588,clk_osc_slow,clk_osc_slow,clk_osc_slow,(R) u_core_u_slow_cnt_bin_q_reg[2]/C,(F) u_core_u_slow_cnt_gray_src_cont_q_reg[4]/D
OSC_SLOW_REAL,/home/validmgr/ksabra/2026_SPAD/SPADMIC/results/genus_osc_pd/20260601_o1c2_fast_count_audit_genus/timing_osc_counter_hotspots.rpt,12,VIOLATED,-2582,clk_osc_slow,clk_osc_slow,clk_osc_slow,(R) u_core_u_slow_cnt_bin_q_reg[0]/C,(F) u_core_u_slow_cnt_gray_src_cont_q_reg[2]/D
OSC_SLOW_REAL,/home/validmgr/ksabra/2026_SPAD/SPADMIC/results/genus_osc_pd/20260601_o1c2_fast_count_audit_genus/timing_osc_counter_hotspots.rpt,13,VIOLATED,-2579,clk_osc_slow,clk_osc_slow,clk_osc_slow,(R) u_core_u_slow_cnt_bin_q_reg[3]/C,(F) u_core_u_slow_cnt_gray_src_cont_q_reg[3]/D
OSC_SLOW_REAL,/home/validmgr/ksabra/2026_SPAD/SPADMIC/results/genus_osc_pd/20260601_o1c2_fast_count_audit_genus/timing_osc_counter_hotspots.rpt,14,VIOLATED,-2563,clk_osc_slow,clk_osc_slow,clk_osc_slow,(R) u_core_u_slow_cnt_bin_q_reg[3]/C,(F) u_core_u_slow_cnt_bin_q_reg[4]/D
OSC_SLOW_REAL,/home/validmgr/ksabra/2026_SPAD/SPADMIC/results/genus_osc_pd/20260601_o1c2_fast_count_audit_genus/timing_osc_counter_hotspots.rpt,15,VIOLATED,-2561,clk_osc_fast,clk_osc_fast,clk_osc_fast,(R) u_core_u_slow_cnt_gray_snap_ff2_async_reg[6]/C,(F) u_core_u_slow_cnt_dst_count_latched_reg[2]/D
OSC_SLOW_REAL,/home/validmgr/ksabra/2026_SPAD/SPADMIC/results/genus_osc_pd/20260601_o1c2_fast_count_audit_genus/timing_osc_counter_hotspots.rpt,16,VIOLATED,-2505,clk_osc_slow,clk_osc_slow,clk_osc_slow,(R) u_core_start_wdt_cnt_reg[0]/C,(F) u_core_start_wdt_cnt_reg[5]/D
OSC_FAST_REAL,/home/validmgr/ksabra/2026_SPAD/SPADMIC/results/genus_osc_pd/20260601_o1c2_fast_count_audit_genus/timing_osc_counter_hotspots.rpt,17,VIOLATED,-2489,clk_osc_fast,clk_osc_fast,clk_osc_fast,(R) u_core_u_fast_cnt_bin_q_reg[0]/C,(F) u_core_u_fast_cnt_bin_q_reg[1]/D
OSC_SLOW_REAL,/home/validmgr/ksabra/2026_SPAD/SPADMIC/results/genus_osc_pd/20260601_o1c2_fast_count_audit_genus/timing_osc_counter_hotspots.rpt,18,VIOLATED,-2482,clk_osc_slow,clk_osc_slow,clk_osc_slow,(R) u_core_start_wdt_cnt_reg[4]/C,(F) u_core_start_wdt_cnt_reg[4]/D
OSC_SLOW_REAL,/home/validmgr/ksabra/2026_SPAD/SPADMIC/results/genus_osc_pd/20260601_o1c2_fast_count_audit_genus/timing_osc_counter_hotspots.rpt,19,VIOLATED,-2480,clk_osc_slow,clk_osc_slow,clk_osc_slow,(R) u_core_start_wdt_cnt_reg[5]/C,(F) u_core_start_wdt_cnt_reg[6]/D
OSC_SLOW_REAL,/home/validmgr/ksabra/2026_SPAD/SPADMIC/results/genus_osc_pd/20260601_o1c2_fast_count_audit_genus/timing_osc_counter_hotspots.rpt,20,VIOLATED,-2471,clk_osc_slow,clk_osc_slow,clk_osc_slow,(R) u_core_u_slow_cnt_bin_q_reg[3]/C,(F) u_core_u_slow_cnt_bin_q_reg[6]/D
OSC_SLOW_REAL,/home/validmgr/ksabra/2026_SPAD/SPADMIC/results/genus_osc_pd/20260601_o1c2_fast_count_audit_genus/timing_osc_counter_hotspots.rpt,21,VIOLATED,-2427,clk_osc_slow,clk_osc_slow,clk_osc_slow,(R) u_core_start_wdt_cnt_reg[1]/C,(F) u_core_start_wdt_cnt_reg[1]/D
OSC_SLOW_REAL,/home/validmgr/ksabra/2026_SPAD/SPADMIC/results/genus_osc_pd/20260601_o1c2_fast_count_audit_genus/timing_osc_counter_hotspots.rpt,22,VIOLATED,-2323,clk_osc_slow,clk_osc_slow,clk_osc_slow,(R) u_core_start_wdt_cnt_reg[4]/C,(F) u_core_start_wdt_cnt_reg[7]/D
OSC_SLOW_REAL,/home/validmgr/ksabra/2026_SPAD/SPADMIC/results/genus_osc_pd/20260601_o1c2_fast_count_audit_genus/timing_osc_counter_hotspots.rpt,23,VIOLATED,-2311,clk_osc_slow,clk_osc_slow,clk_osc_slow,(R) u_core_start_wdt_cnt_reg[1]/C,(F) u_core_start_wdt_cnt_reg[3]/D
OSC_SLOW_REAL,/home/validmgr/ksabra/2026_SPAD/SPADMIC/results/genus_osc_pd/20260601_o1c2_fast_count_audit_genus/timing_osc_counter_hotspots.rpt,24,VIOLATED,-2300,clk_osc_slow,clk_osc_slow,clk_osc_slow,(R) u_core_start_wdt_cnt_reg[1]/C,(F) u_core_start_wdt_cnt_reg[2]/D
OSC_SLOW_REAL,/home/validmgr/ksabra/2026_SPAD/SPADMIC/results/genus_osc_pd/20260601_o1c2_fast_count_audit_genus/timing_osc_counter_hotspots.rpt,25,VIOLATED,-2262,clk_osc_slow,clk_osc_slow,clk_osc_slow,(R) u_core_u_slow_cnt_bin_q_reg[0]/C,(F) u_core_u_slow_cnt_gray_src_cont_q_reg[1]/D
OSC_SLOW_REAL,/home/validmgr/ksabra/2026_SPAD/SPADMIC/results/genus_osc_pd/20260601_o1c2_fast_count_audit_genus/timing_osc_counter_hotspots.rpt,26,VIOLATED,-2253,clk_osc_slow,clk_osc_slow,clk_osc_slow,(R) u_core_u_slow_cnt_bin_q_reg[1]/C,(F) u_core_u_slow_cnt_bin_q_reg[1]/D
OSC_SLOW_REAL,/home/validmgr/ksabra/2026_SPAD/SPADMIC/results/genus_osc_pd/20260601_o1c2_fast_count_audit_genus/timing_osc_counter_hotspots.rpt,27,VIOLATED,-2234,clk_osc_slow,clk_osc_slow,clk_osc_slow,(R) u_core_u_slow_cnt_bin_q_reg[0]/C,(F) u_core_u_slow_cnt_bin_q_reg[3]/D
OSC_SLOW_REAL,/home/validmgr/ksabra/2026_SPAD/SPADMIC/results/genus_osc_pd/20260601_o1c2_fast_count_audit_genus/timing_osc_counter_hotspots.rpt,28,VIOLATED,-2195,clk_osc_slow,clk_osc_slow,clk_osc_slow,(R) u_core_u_slow_cnt_bin_q_reg[0]/C,(F) u_core_u_slow_cnt_bin_q_reg[5]/D
OSC_SLOW_REAL,/home/validmgr/ksabra/2026_SPAD/SPADMIC/results/genus_osc_pd/20260601_o1c2_fast_count_audit_genus/timing_osc_counter_hotspots.rpt,29,VIOLATED,-2191,clk_osc_fast,clk_osc_fast,clk_osc_fast,(R) u_core_u_slow_cnt_gray_snap_ff2_async_reg[6]/C,(F) u_core_u_slow_cnt_dst_count_latched_reg[5]/D
OSC_SLOW_REAL,/home/validmgr/ksabra/2026_SPAD/SPADMIC/results/genus_osc_pd/20260601_o1c2_fast_count_audit_genus/timing_osc_counter_hotspots.rpt,30,VIOLATED,-2120,clk_osc_slow,clk_osc_slow,clk_osc_slow,(R) u_core_start_wdt_cnt_reg[2]/C,(F) u_core_start_wdt_cnt_reg[0]/D
OSC_SLOW_REAL,/home/validmgr/ksabra/2026_SPAD/SPADMIC/results/genus_osc_pd/20260601_o1c2_fast_count_audit_genus/timing_osc_counter_hotspots.rpt,31,VIOLATED,-2045,clk_osc_slow,clk_osc_slow,clk_osc_slow,(R) u_core_u_slow_cnt_bin_q_reg[2]/C,(F) u_core_u_slow_cnt_bin_q_reg[2]/D
OSC_SLOW_REAL,/home/validmgr/ksabra/2026_SPAD/SPADMIC/results/genus_osc_pd/20260601_o1c2_fast_count_audit_genus/timing_osc_counter_hotspots.rpt,32,VIOLATED,-2026,clk_osc_slow,clk_osc_slow,clk_osc_slow,(R) u_core_start_wdt_cnt_reg[4]/C,(R) u_core_start_timeout_latched_reg/D
OSC_FAST_REAL,/home/validmgr/ksabra/2026_SPAD/SPADMIC/results/genus_osc_pd/20260601_o1c2_fast_count_audit_genus/timing_osc_counter_hotspots.rpt,33,VIOLATED,-1824,clk_osc_fast,clk_osc_fast,clk_osc_fast,(R) u_core_u_fast_cnt_bin_q_reg[0]/C,(R) u_core_u_fast_cnt_bin_q_reg[0]/D
OSC_SLOW_REAL,/home/validmgr/ksabra/2026_SPAD/SPADMIC/results/genus_osc_pd/20260601_o1c2_fast_count_audit_genus/timing_osc_counter_hotspots.rpt,34,VIOLATED,-1684,clk_osc_slow,clk_osc_slow,clk_osc_slow,(R) u_core_u_slow_cnt_bin_q_reg[0]/C,(F) u_core_u_slow_cnt_bin_q_reg[0]/D
OSC_SLOW_REAL,/home/validmgr/ksabra/2026_SPAD/SPADMIC/results/genus_osc_pd/20260601_o1c2_fast_count_audit_genus/timing_osc_counter_hotspots.rpt,35,VIOLATED,-1626,clk_osc_slow,clk_osc_slow,clk_osc_slow,(R) u_core_u_slow_cnt_bin_q_reg[1]/C,(F) u_core_u_slow_cnt_gray_src_cont_q_reg[0]/D
OSC_SLOW_REAL,/home/validmgr/ksabra/2026_SPAD/SPADMIC/results/genus_osc_pd/20260601_o1c2_fast_count_audit_genus/timing_osc_counter_hotspots.rpt,36,VIOLATED,-1054,clk_osc_fast,clk_osc_fast,clk_osc_fast,(R) u_core_u_slow_cnt_gray_snap_ff2_async_reg[6]/C,(F) u_core_u_slow_cnt_dst_count_latched_reg[6]/D
OSC_SLOW_REAL,/home/validmgr/ksabra/2026_SPAD/SPADMIC/results/genus_osc_pd/20260601_o1c2_fast_count_audit_genus/timing_osc_counter_hotspots.rpt,37,VIOLATED,-735,clk_osc_fast,clk_osc_fast,clk_osc_fast,(R) u_core_u_slow_cnt_gray_snap_ff1_async_reg[6]/C,(F) u_core_u_slow_cnt_gray_snap_ff2_async_reg[6]/D
OSC_SLOW_REAL,/home/validmgr/ksabra/2026_SPAD/SPADMIC/results/genus_osc_pd/20260601_o1c2_fast_count_audit_genus/timing_osc_counter_hotspots.rpt,38,VIOLATED,-735,clk_osc_fast,clk_osc_fast,clk_osc_fast,(R) u_core_u_slow_cnt_gray_snap_ff1_async_reg[5]/C,(F) u_core_u_slow_cnt_gray_snap_ff2_async_reg[5]/D
OSC_SLOW_REAL,/home/validmgr/ksabra/2026_SPAD/SPADMIC/results/genus_osc_pd/20260601_o1c2_fast_count_audit_genus/timing_osc_counter_hotspots.rpt,39,VIOLATED,-735,clk_osc_fast,clk_osc_fast,clk_osc_fast,(R) u_core_u_slow_cnt_gray_snap_ff1_async_reg[4]/C,(F) u_core_u_slow_cnt_gray_snap_ff2_async_reg[4]/D
OSC_SLOW_REAL,/home/validmgr/ksabra/2026_SPAD/SPADMIC/results/genus_osc_pd/20260601_o1c2_fast_count_audit_genus/timing_osc_counter_hotspots.rpt,40,VIOLATED,-735,clk_osc_fast,clk_osc_fast,clk_osc_fast,(R) u_core_u_slow_cnt_gray_snap_ff1_async_reg[3]/C,(F) u_core_u_slow_cnt_gray_snap_ff2_async_reg[3]/D
OSC_SLOW_REAL,/home/validmgr/ksabra/2026_SPAD/SPADMIC/results/genus_osc_pd/20260601_o1c2_fast_count_audit_genus/timing_osc_counter_hotspots.rpt,41,VIOLATED,-735,clk_osc_fast,clk_osc_fast,clk_osc_fast,(R) u_core_u_slow_cnt_gray_snap_ff1_async_reg[2]/C,(F) u_core_u_slow_cnt_gray_snap_ff2_async_reg[2]/D
OSC_SLOW_REAL,/home/validmgr/ksabra/2026_SPAD/SPADMIC/results/genus_osc_pd/20260601_o1c2_fast_count_audit_genus/timing_osc_counter_hotspots.rpt,42,VIOLATED,-735,clk_osc_fast,clk_osc_fast,clk_osc_fast,(R) u_core_u_slow_cnt_gray_snap_ff1_async_reg[1]/C,(F) u_core_u_slow_cnt_gray_snap_ff2_async_reg[1]/D
OSC_SLOW_REAL,/home/validmgr/ksabra/2026_SPAD/SPADMIC/results/genus_osc_pd/20260601_o1c2_fast_count_audit_genus/timing_osc_counter_hotspots.rpt,43,VIOLATED,-735,clk_osc_fast,clk_osc_fast,clk_osc_fast,(R) u_core_u_slow_cnt_gray_snap_ff1_async_reg[0]/C,(F) u_core_u_slow_cnt_gray_snap_ff2_async_reg[0]/D
CLK_SYS_REAL,/home/validmgr/ksabra/2026_SPAD/SPADMIC/results/genus_osc_pd/20260601_o1c2_fast_count_audit_genus/timing_clk_sys_violations.rpt,1,VIOLATED,-825,clk_sys,clk_sys,clk_sys,(R) u_core_u_drain_ctrl_drain_ctx_q_reg[0]/C,(F) u_core_u_drain_ctrl_pd_scan_q_reg[0]/D
CLK_SYS_REAL,/home/validmgr/ksabra/2026_SPAD/SPADMIC/results/genus_osc_pd/20260601_o1c2_fast_count_audit_genus/timing_clk_sys_violations.rpt,2,VIOLATED,-821,clk_sys,clk_sys,clk_sys,(R) u_core_u_drain_ctrl_drain_ctx_q_reg[0]/C,(F) u_core_u_drain_ctrl_pd_scan_q_reg[1]/D
CLK_SYS_REAL,/home/validmgr/ksabra/2026_SPAD/SPADMIC/results/genus_osc_pd/20260601_o1c2_fast_count_audit_genus/timing_clk_sys_violations.rpt,3,VIOLATED,-819,clk_sys,clk_sys,clk_sys,(R) u_core_u_meas_ctrl_row_cnt_q_reg[1][2]/C,(F) u_core_u_meas_ctrl_total_hits_q_reg[5]/D
CLK_SYS_REAL,/home/validmgr/ksabra/2026_SPAD/SPADMIC/results/genus_osc_pd/20260601_o1c2_fast_count_audit_genus/timing_clk_sys_violations.rpt,4,VIOLATED,-813,clk_sys,clk_sys,clk_sys,(R) u_core_u_drain_ctrl_drain_ctx_q_reg[0]/C,(F) u_core_u_drain_ctrl_event_seq_q_reg[1]/D
CLK_SYS_REAL,/home/validmgr/ksabra/2026_SPAD/SPADMIC/results/genus_osc_pd/20260601_o1c2_fast_count_audit_genus/timing_clk_sys_violations.rpt,5,VIOLATED,-810,clk_sys,clk_sys,clk_sys,(R) u_core_u_drain_ctrl_drain_ctx_q_reg[0]/C,(F) u_core_u_drain_ctrl_event_seq_q_reg[0]/D
CLK_SYS_REAL,/home/validmgr/ksabra/2026_SPAD/SPADMIC/results/genus_osc_pd/20260601_o1c2_fast_count_audit_genus/timing_clk_sys_violations.rpt,6,VIOLATED,-802,clk_sys,clk_sys,clk_sys,(R) u_core_u_drain_ctrl_drain_ctx_q_reg[0]/C,(F) u_core_u_drain_ctrl_pd_scan_q_reg[2]/D
CLK_SYS_REAL,/home/validmgr/ksabra/2026_SPAD/SPADMIC/results/genus_osc_pd/20260601_o1c2_fast_count_audit_genus/timing_clk_sys_violations.rpt,7,VIOLATED,-798,clk_sys,clk_sys,clk_sys,(R) u_core_u_drain_ctrl_drain_ctx_q_reg[0]/C,(F) u_core_u_drain_ctrl_pd_scan_q_reg[4]/D
CLK_SYS_REAL,/home/validmgr/ksabra/2026_SPAD/SPADMIC/results/genus_osc_pd/20260601_o1c2_fast_count_audit_genus/timing_clk_sys_violations.rpt,8,VIOLATED,-796,clk_sys,clk_sys,clk_sys,(R) u_core_u_drain_ctrl_drain_ctx_q_reg[0]/C,(R) u_core_u_drain_ctrl_emit_wr_data_q_reg[meta][stop_slow_phase_disc][2]/D
CLK_SYS_REAL,/home/validmgr/ksabra/2026_SPAD/SPADMIC/results/genus_osc_pd/20260601_o1c2_fast_count_audit_genus/timing_clk_sys_violations.rpt,9,VIOLATED,-796,clk_sys,clk_sys,clk_sys,(R) u_core_u_drain_ctrl_drain_ctx_q_reg[0]/C,(R) u_core_u_drain_ctrl_emit_wr_data_q_reg[meta][stop_slow_phase_disc][1]/D
CLK_SYS_REAL,/home/validmgr/ksabra/2026_SPAD/SPADMIC/results/genus_osc_pd/20260601_o1c2_fast_count_audit_genus/timing_clk_sys_violations.rpt,10,VIOLATED,-796,clk_sys,clk_sys,clk_sys,(R) u_core_u_drain_ctrl_drain_ctx_q_reg[0]/C,(R) u_core_u_drain_ctrl_emit_wr_data_q_reg[meta][stop_slow_phase_disc][0]/D
CLK_SYS_REAL,/home/validmgr/ksabra/2026_SPAD/SPADMIC/results/genus_osc_pd/20260601_o1c2_fast_count_audit_genus/timing_clk_sys_violations.rpt,11,VIOLATED,-796,clk_sys,clk_sys,clk_sys,(R) u_core_u_drain_ctrl_drain_ctx_q_reg[0]/C,(R) u_core_u_drain_ctrl_emit_wr_data_q_reg[meta][nfast][2]/D
CLK_SYS_REAL,/home/validmgr/ksabra/2026_SPAD/SPADMIC/results/genus_osc_pd/20260601_o1c2_fast_count_audit_genus/timing_clk_sys_violations.rpt,12,VIOLATED,-768,clk_sys,clk_sys,clk_sys,(R) u_core_u_drain_ctrl_drain_ctx_q_reg[0]/C,(F) u_core_u_drain_ctrl_pd_scan_q_reg[5]/D
CLK_SYS_REAL,/home/validmgr/ksabra/2026_SPAD/SPADMIC/results/genus_osc_pd/20260601_o1c2_fast_count_audit_genus/timing_clk_sys_violations.rpt,13,VIOLATED,-749,clk_sys,clk_sys,clk_sys,(R) u_core_u_drain_ctrl_drain_ctx_q_reg[0]/C,(F) u_core_u_drain_ctrl_pd_scan_q_reg[3]/D
CLK_SYS_REAL,/home/validmgr/ksabra/2026_SPAD/SPADMIC/results/genus_osc_pd/20260601_o1c2_fast_count_audit_genus/timing_clk_sys_violations.rpt,14,VIOLATED,-748,clk_sys,clk_sys,clk_sys,(R) u_core_u_drain_ctrl_drain_ctx_q_reg[0]/C,(F) u_core_u_drain_ctrl_event_seq_q_reg[3]/D
CLK_SYS_REAL,/home/validmgr/ksabra/2026_SPAD/SPADMIC/results/genus_osc_pd/20260601_o1c2_fast_count_audit_genus/timing_clk_sys_violations.rpt,15,VIOLATED,-742,clk_sys,clk_sys,clk_sys,(R) u_core_u_drain_ctrl_drain_ctx_q_reg[0]/C,(F) u_core_u_drain_ctrl_event_seq_q_reg[2]/D
CLK_SYS_REAL,/home/validmgr/ksabra/2026_SPAD/SPADMIC/results/genus_osc_pd/20260601_o1c2_fast_count_audit_genus/timing_clk_sys_violations.rpt,16,VIOLATED,-721,clk_sys,clk_sys,clk_sys,(R) u_core_u_drain_ctrl_drain_ctx_q_reg[0]/C,(R) u_core_u_drain_ctrl_emit_wr_data_q_reg[meta][ctx_id][0]/D
CLK_SYS_REAL,/home/validmgr/ksabra/2026_SPAD/SPADMIC/results/genus_osc_pd/20260601_o1c2_fast_count_audit_genus/timing_clk_sys_violations.rpt,17,VIOLATED,-717,clk_sys,clk_sys,clk_sys,(R) u_core_u_drain_ctrl_drain_ctx_q_reg[0]/C,(R) u_core_u_drain_ctrl_emit_wr_data_q_reg[hit][nf][2]/D
CLK_SYS_REAL,/home/validmgr/ksabra/2026_SPAD/SPADMIC/results/genus_osc_pd/20260601_o1c2_fast_count_audit_genus/timing_clk_sys_violations.rpt,18,VIOLATED,-716,clk_sys,clk_sys,clk_sys,(R) u_core_u_drain_ctrl_drain_ctx_q_reg[0]/C,(F) u_core_u_drain_ctrl_emit_wr_data_q_reg[hit][ns][2]/D
CLK_SYS_REAL,/home/validmgr/ksabra/2026_SPAD/SPADMIC/results/genus_osc_pd/20260601_o1c2_fast_count_audit_genus/timing_clk_sys_violations.rpt,19,VIOLATED,-716,clk_sys,clk_sys,clk_sys,(R) u_core_u_drain_ctrl_drain_ctx_q_reg[0]/C,(F) u_core_u_drain_ctrl_emit_wr_data_q_reg[hit][ns][1]/D
CLK_SYS_REAL,/home/validmgr/ksabra/2026_SPAD/SPADMIC/results/genus_osc_pd/20260601_o1c2_fast_count_audit_genus/timing_clk_sys_violations.rpt,20,VIOLATED,-716,clk_sys,clk_sys,clk_sys,(R) u_core_u_drain_ctrl_drain_ctx_q_reg[0]/C,(F) u_core_u_drain_ctrl_emit_wr_data_q_reg[hit][nfast][6]/D
CLK_SYS_REAL,/home/validmgr/ksabra/2026_SPAD/SPADMIC/results/genus_osc_pd/20260601_o1c2_fast_count_audit_genus/timing_clk_sys_violations.rpt,21,VIOLATED,-716,clk_sys,clk_sys,clk_sys,(R) u_core_u_drain_ctrl_drain_ctx_q_reg[0]/C,(F) u_core_u_drain_ctrl_emit_wr_data_q_reg[hit][nfast][5]/D
CLK_SYS_REAL,/home/validmgr/ksabra/2026_SPAD/SPADMIC/results/genus_osc_pd/20260601_o1c2_fast_count_audit_genus/timing_clk_sys_violations.rpt,22,VIOLATED,-716,clk_sys,clk_sys,clk_sys,(R) u_core_u_drain_ctrl_drain_ctx_q_reg[0]/C,(F) u_core_u_drain_ctrl_emit_wr_data_q_reg[hit][nfast][4]/D
CLK_SYS_REAL,/home/validmgr/ksabra/2026_SPAD/SPADMIC/results/genus_osc_pd/20260601_o1c2_fast_count_audit_genus/timing_clk_sys_violations.rpt,23,VIOLATED,-716,clk_sys,clk_sys,clk_sys,(R) u_core_u_drain_ctrl_drain_ctx_q_reg[0]/C,(F) u_core_u_drain_ctrl_emit_wr_data_q_reg[hit][nfast][3]/D
CLK_SYS_REAL,/home/validmgr/ksabra/2026_SPAD/SPADMIC/results/genus_osc_pd/20260601_o1c2_fast_count_audit_genus/timing_clk_sys_violations.rpt,24,VIOLATED,-716,clk_sys,clk_sys,clk_sys,(R) u_core_u_drain_ctrl_drain_ctx_q_reg[0]/C,(F) u_core_u_drain_ctrl_emit_wr_data_q_reg[hit][nfast][2]/D
CLK_SYS_REAL,/home/validmgr/ksabra/2026_SPAD/SPADMIC/results/genus_osc_pd/20260601_o1c2_fast_count_audit_genus/timing_clk_sys_violations.rpt,25,VIOLATED,-716,clk_sys,clk_sys,clk_sys,(R) u_core_u_drain_ctrl_drain_ctx_q_reg[0]/C,(F) u_core_u_drain_ctrl_emit_wr_data_q_reg[hit][nfast][0]/D
CLK_SYS_REAL,/home/validmgr/ksabra/2026_SPAD/SPADMIC/results/genus_osc_pd/20260601_o1c2_fast_count_audit_genus/timing_clk_sys_violations.rpt,26,VIOLATED,-716,clk_sys,clk_sys,clk_sys,(R) u_core_u_drain_ctrl_drain_ctx_q_reg[0]/C,(F) u_core_u_drain_ctrl_emit_wr_data_q_reg[hit][nf][1]/D
CLK_SYS_REAL,/home/validmgr/ksabra/2026_SPAD/SPADMIC/results/genus_osc_pd/20260601_o1c2_fast_count_audit_genus/timing_clk_sys_violations.rpt,27,VIOLATED,-716,clk_sys,clk_sys,clk_sys,(R) u_core_u_drain_ctrl_drain_ctx_q_reg[0]/C,(F) u_core_u_drain_ctrl_emit_wr_data_q_reg[hit][nf][0]/D
CLK_SYS_REAL,/home/validmgr/ksabra/2026_SPAD/SPADMIC/results/genus_osc_pd/20260601_o1c2_fast_count_audit_genus/timing_clk_sys_violations.rpt,28,VIOLATED,-716,clk_sys,clk_sys,clk_sys,(R) u_core_u_drain_ctrl_drain_ctx_q_reg[0]/C,(F) u_core_u_drain_ctrl_emit_wr_data_q_reg[hit][event_seq][3]/D
CLK_SYS_REAL,/home/validmgr/ksabra/2026_SPAD/SPADMIC/results/genus_osc_pd/20260601_o1c2_fast_count_audit_genus/timing_clk_sys_violations.rpt,29,VIOLATED,-716,clk_sys,clk_sys,clk_sys,(R) u_core_u_drain_ctrl_drain_ctx_q_reg[0]/C,(F) u_core_u_drain_ctrl_emit_wr_data_q_reg[hit][event_seq][2]/D
CLK_SYS_REAL,/home/validmgr/ksabra/2026_SPAD/SPADMIC/results/genus_osc_pd/20260601_o1c2_fast_count_audit_genus/timing_clk_sys_violations.rpt,30,VIOLATED,-716,clk_sys,clk_sys,clk_sys,(R) u_core_u_drain_ctrl_drain_ctx_q_reg[0]/C,(F) u_core_u_drain_ctrl_emit_wr_data_q_reg[hit][event_seq][1]/D
CLK_SYS_REAL,/home/validmgr/ksabra/2026_SPAD/SPADMIC/results/genus_osc_pd/20260601_o1c2_fast_count_audit_genus/timing_clk_sys_violations.rpt,31,VIOLATED,-716,clk_sys,clk_sys,clk_sys,(R) u_core_u_drain_ctrl_drain_ctx_q_reg[0]/C,(F) u_core_u_drain_ctrl_emit_wr_data_q_reg[hit][event_seq][0]/D
CLK_SYS_REAL,/home/validmgr/ksabra/2026_SPAD/SPADMIC/results/genus_osc_pd/20260601_o1c2_fast_count_audit_genus/timing_clk_sys_violations.rpt,32,VIOLATED,-703,clk_sys,clk_sys,clk_sys,(R) u_core_u_drain_ctrl_drain_ctx_q_reg[0]/C,(R) u_core_u_drain_ctrl_emit_wr_data_q_reg[meta][phase0_snap]/D
CLK_SYS_REAL,/home/validmgr/ksabra/2026_SPAD/SPADMIC/results/genus_osc_pd/20260601_o1c2_fast_count_audit_genus/timing_clk_sys_violations.rpt,33,VIOLATED,-703,clk_sys,clk_sys,clk_sys,(R) u_core_u_drain_ctrl_drain_ctx_q_reg[0]/C,(R) u_core_u_drain_ctrl_emit_wr_data_q_reg[meta][nslow][6]/D
CLK_SYS_REAL,/home/validmgr/ksabra/2026_SPAD/SPADMIC/results/genus_osc_pd/20260601_o1c2_fast_count_audit_genus/timing_clk_sys_violations.rpt,34,VIOLATED,-703,clk_sys,clk_sys,clk_sys,(R) u_core_u_drain_ctrl_drain_ctx_q_reg[0]/C,(R) u_core_u_drain_ctrl_emit_wr_data_q_reg[meta][nslow][5]/D
CLK_SYS_REAL,/home/validmgr/ksabra/2026_SPAD/SPADMIC/results/genus_osc_pd/20260601_o1c2_fast_count_audit_genus/timing_clk_sys_violations.rpt,35,VIOLATED,-703,clk_sys,clk_sys,clk_sys,(R) u_core_u_drain_ctrl_drain_ctx_q_reg[0]/C,(R) u_core_u_drain_ctrl_emit_wr_data_q_reg[meta][nslow][4]/D
CLK_SYS_REAL,/home/validmgr/ksabra/2026_SPAD/SPADMIC/results/genus_osc_pd/20260601_o1c2_fast_count_audit_genus/timing_clk_sys_violations.rpt,36,VIOLATED,-703,clk_sys,clk_sys,clk_sys,(R) u_core_u_drain_ctrl_drain_ctx_q_reg[0]/C,(R) u_core_u_drain_ctrl_emit_wr_data_q_reg[meta][nslow][3]/D
CLK_SYS_REAL,/home/validmgr/ksabra/2026_SPAD/SPADMIC/results/genus_osc_pd/20260601_o1c2_fast_count_audit_genus/timing_clk_sys_violations.rpt,37,VIOLATED,-703,clk_sys,clk_sys,clk_sys,(R) u_core_u_drain_ctrl_drain_ctx_q_reg[0]/C,(R) u_core_u_drain_ctrl_emit_wr_data_q_reg[meta][nslow][2]/D
CLK_SYS_REAL,/home/validmgr/ksabra/2026_SPAD/SPADMIC/results/genus_osc_pd/20260601_o1c2_fast_count_audit_genus/timing_clk_sys_violations.rpt,38,VIOLATED,-703,clk_sys,clk_sys,clk_sys,(R) u_core_u_drain_ctrl_drain_ctx_q_reg[0]/C,(R) u_core_u_drain_ctrl_emit_wr_data_q_reg[meta][nslow][1]/D
CLK_SYS_REAL,/home/validmgr/ksabra/2026_SPAD/SPADMIC/results/genus_osc_pd/20260601_o1c2_fast_count_audit_genus/timing_clk_sys_violations.rpt,39,VIOLATED,-703,clk_sys,clk_sys,clk_sys,(R) u_core_u_drain_ctrl_drain_ctx_q_reg[0]/C,(R) u_core_u_drain_ctrl_emit_wr_data_q_reg[meta][nslow][0]/D
CLK_SYS_REAL,/home/validmgr/ksabra/2026_SPAD/SPADMIC/results/genus_osc_pd/20260601_o1c2_fast_count_audit_genus/timing_clk_sys_violations.rpt,40,VIOLATED,-703,clk_sys,clk_sys,clk_sys,(R) u_core_u_drain_ctrl_drain_ctx_q_reg[0]/C,(R) u_core_u_drain_ctrl_emit_wr_data_q_reg[meta][nfast][6]/D
CLK_SYS_REAL,/home/validmgr/ksabra/2026_SPAD/SPADMIC/results/genus_osc_pd/20260601_o1c2_fast_count_audit_genus/timing_clk_sys_violations.rpt,41,VIOLATED,-703,clk_sys,clk_sys,clk_sys,(R) u_core_u_drain_ctrl_drain_ctx_q_reg[0]/C,(R) u_core_u_drain_ctrl_emit_wr_data_q_reg[meta][nfast][5]/D
CLK_SYS_REAL,/home/validmgr/ksabra/2026_SPAD/SPADMIC/results/genus_osc_pd/20260601_o1c2_fast_count_audit_genus/timing_clk_sys_violations.rpt,42,VIOLATED,-703,clk_sys,clk_sys,clk_sys,(R) u_core_u_drain_ctrl_drain_ctx_q_reg[0]/C,(R) u_core_u_drain_ctrl_emit_wr_data_q_reg[meta][nfast][4]/D
CLK_SYS_REAL,/home/validmgr/ksabra/2026_SPAD/SPADMIC/results/genus_osc_pd/20260601_o1c2_fast_count_audit_genus/timing_clk_sys_violations.rpt,43,VIOLATED,-703,clk_sys,clk_sys,clk_sys,(R) u_core_u_drain_ctrl_drain_ctx_q_reg[0]/C,(R) u_core_u_drain_ctrl_emit_wr_data_q_reg[meta][nfast][3]/D
CLK_SYS_REAL,/home/validmgr/ksabra/2026_SPAD/SPADMIC/results/genus_osc_pd/20260601_o1c2_fast_count_audit_genus/timing_clk_sys_violations.rpt,44,VIOLATED,-701,clk_sys,clk_sys,clk_sys,(R) u_core_u_drain_ctrl_drain_ctx_q_reg[0]/C,(R) u_core_u_drain_ctrl_emit_wr_data_q_reg[meta][nfast][1]/D
CLK_SYS_REAL,/home/validmgr/ksabra/2026_SPAD/SPADMIC/results/genus_osc_pd/20260601_o1c2_fast_count_audit_genus/timing_clk_sys_violations.rpt,45,VIOLATED,-701,clk_sys,clk_sys,clk_sys,(R) u_core_u_drain_ctrl_drain_ctx_q_reg[0]/C,(R) u_core_u_drain_ctrl_emit_wr_data_q_reg[meta][nfast][0]/D
CLK_SYS_REAL,/home/validmgr/ksabra/2026_SPAD/SPADMIC/results/genus_osc_pd/20260601_o1c2_fast_count_audit_genus/timing_clk_sys_violations.rpt,46,VIOLATED,-701,clk_sys,clk_sys,clk_sys,(R) u_core_u_drain_ctrl_drain_ctx_q_reg[0]/C,(R) u_core_u_drain_ctrl_emit_wr_data_q_reg[meta][hit_count][3]/D
CLK_SYS_REAL,/home/validmgr/ksabra/2026_SPAD/SPADMIC/results/genus_osc_pd/20260601_o1c2_fast_count_audit_genus/timing_clk_sys_violations.rpt,47,VIOLATED,-701,clk_sys,clk_sys,clk_sys,(R) u_core_u_drain_ctrl_drain_ctx_q_reg[0]/C,(R) u_core_u_drain_ctrl_emit_wr_data_q_reg[meta][hit_count][2]/D
CLK_SYS_REAL,/home/validmgr/ksabra/2026_SPAD/SPADMIC/results/genus_osc_pd/20260601_o1c2_fast_count_audit_genus/timing_clk_sys_violations.rpt,48,VIOLATED,-701,clk_sys,clk_sys,clk_sys,(R) u_core_u_drain_ctrl_drain_ctx_q_reg[0]/C,(R) u_core_u_drain_ctrl_emit_wr_data_q_reg[meta][hit_count][1]/D
CLK_SYS_REAL,/home/validmgr/ksabra/2026_SPAD/SPADMIC/results/genus_osc_pd/20260601_o1c2_fast_count_audit_genus/timing_clk_sys_violations.rpt,49,VIOLATED,-701,clk_sys,clk_sys,clk_sys,(R) u_core_u_drain_ctrl_drain_ctx_q_reg[0]/C,(R) u_core_u_drain_ctrl_emit_wr_data_q_reg[meta][hit_count][0]/D
CLK_SYS_REAL,/home/validmgr/ksabra/2026_SPAD/SPADMIC/results/genus_osc_pd/20260601_o1c2_fast_count_audit_genus/timing_clk_sys_violations.rpt,50,VIOLATED,-701,clk_sys,clk_sys,clk_sys,(R) u_core_u_drain_ctrl_drain_ctx_q_reg[0]/C,(R) u_core_u_drain_ctrl_emit_wr_data_q_reg[meta][flags][closed_by_watchdog]/D
CLK_SYS_REAL,/home/validmgr/ksabra/2026_SPAD/SPADMIC/results/genus_osc_pd/20260601_o1c2_fast_count_audit_genus/timing_clk_sys_violations.rpt,51,VIOLATED,-701,clk_sys,clk_sys,clk_sys,(R) u_core_u_drain_ctrl_drain_ctx_q_reg[0]/C,(R) u_core_u_drain_ctrl_emit_wr_data_q_reg[meta][flags][closed_by_maxhits]/D
CLK_SYS_REAL,/home/validmgr/ksabra/2026_SPAD/SPADMIC/results/genus_osc_pd/20260601_o1c2_fast_count_audit_genus/timing_clk_sys_violations.rpt,52,VIOLATED,-701,clk_sys,clk_sys,clk_sys,(R) u_core_u_drain_ctrl_drain_ctx_q_reg[0]/C,(R) u_core_u_drain_ctrl_emit_wr_data_q_reg[meta][flags][closed_by_fast_maxhit]/D
CLK_SYS_REAL,/home/validmgr/ksabra/2026_SPAD/SPADMIC/results/genus_osc_pd/20260601_o1c2_fast_count_audit_genus/timing_clk_sys_violations.rpt,53,VIOLATED,-685,clk_sys,clk_sys,clk_sys,(R) u_core_u_drain_ctrl_drain_ctx_q_reg[0]/C,(F) u_core_u_drain_ctrl_emit_wr_data_q_reg[hit][nfast][1]/D
CLK_SYS_REAL,/home/validmgr/ksabra/2026_SPAD/SPADMIC/results/genus_osc_pd/20260601_o1c2_fast_count_audit_genus/timing_clk_sys_violations.rpt,54,VIOLATED,-684,clk_sys,clk_sys,clk_sys,(R) u_core_u_drain_ctrl_drain_ctx_q_reg[0]/C,(F) u_core_u_drain_ctrl_pd_scan_q_reg[6]/D
CLK_SYS_REAL,/home/validmgr/ksabra/2026_SPAD/SPADMIC/results/genus_osc_pd/20260601_o1c2_fast_count_audit_genus/timing_clk_sys_violations.rpt,55,VIOLATED,-659,clk_sys,clk_sys,clk_sys,(R) u_core_u_meas_ctrl_row_cnt_q_reg[4][3]/C,(F) u_core_u_meas_ctrl_total_hits_q_reg[4]/D
CLK_SYS_REAL,/home/validmgr/ksabra/2026_SPAD/SPADMIC/results/genus_osc_pd/20260601_o1c2_fast_count_audit_genus/timing_clk_sys_violations.rpt,56,VIOLATED,-629,clk_sys,clk_sys,clk_sys,(R) u_core_u_drain_ctrl_drain_ctx_q_reg[0]/C,(F) u_core_u_drain_ctrl_emit_wr_data_q_reg[hit][ns][0]/D
CLK_SYS_REAL,/home/validmgr/ksabra/2026_SPAD/SPADMIC/results/genus_osc_pd/20260601_o1c2_fast_count_audit_genus/timing_clk_sys_violations.rpt,57,VIOLATED,-523,clk_sys,clk_sys,clk_sys,(R) u_core_u_meas_ctrl_row_cnt_q_reg[1][2]/C,(F) u_core_u_meas_ctrl_total_hits_q_reg[6]/D
CLK_SYS_REAL,/home/validmgr/ksabra/2026_SPAD/SPADMIC/results/genus_osc_pd/20260601_o1c2_fast_count_audit_genus/timing_clk_sys_violations.rpt,58,VIOLATED,-397,clk_sys,clk_sys,clk_sys,(R) u_core_u_meas_ctrl_row_cnt_q_reg[1][2]/C,(R) u_core_u_meas_ctrl_total_hits_q_reg[3]/D
CLK_SYS_REAL,/home/validmgr/ksabra/2026_SPAD/SPADMIC/results/genus_osc_pd/20260601_o1c2_fast_count_audit_genus/timing_clk_sys_violations.rpt,59,VIOLATED,-310,clk_sys,clk_sys,clk_sys,(R) u_core_u_drain_ctrl_drain_ctx_q_reg[0]/C,(F) u_core_u_drain_ctrl_state_q_reg[0]/D
CLK_SYS_REAL,/home/validmgr/ksabra/2026_SPAD/SPADMIC/results/genus_osc_pd/20260601_o1c2_fast_count_audit_genus/timing_clk_sys_violations.rpt,60,VIOLATED,-22,clk_sys,clk_sys,clk_sys,(R) u_core_u_drain_ctrl_drain_ctx_q_reg[0]/C,(R) u_core_u_drain_ctrl_emit_wr_data_q_reg[kind][0]/D
