###############################################################
#  Generated by:      Cadence Innovus 22.33-s094_1
#  OS:                Linux x86_64(Host ID lyoelectrosrv01.in2p3.fr)
#  Generated on:      Thu Jun  4 17:14:26 2026
#  Design:            mptdc_top_asic
#  Command:           report_timing -to [all_outputs] -max_paths 100 > "/home/validmgr/ksabra/2026_SPAD/SPADMIC/results/innovus/20260604_o10_2_pnr_repair/reports/timing_post_route_io_output.rpt"
###############################################################
Path 1: VIOLATED Late External Delay Assertion 
Endpoint:   acq_data_o[35]                  (^) checked with  leading edge of 
'clk_sys'
Beginpoint: u_core_u_fifo_rd_ptr_q_reg[5]/Q (v) triggered by  leading edge of 
'clk_sys'
Path Groups: {clk_sys}
Analysis View: tc_view
Other End Arrival Time          0.000
- External Delay                0.500
+ Phase Shift                   6.250
- Uncertainty                   0.300
= Required Time                 5.450
- Arrival Time                  6.734
= Slack Time                   -1.284
     Clock Rise Edge                 0.000
     + Clock Network Latency (Ideal) 0.000
     = Beginpoint Arrival Time       0.000
     +-------------------------------------------------------------------------------------------+ 
     |           Instance            |       Arc        |   Cell    | Delay | Arrival | Required | 
     |                               |                  |           |       |  Time   |   Time   | 
     |-------------------------------+------------------+-----------+-------+---------+----------| 
     | u_core_u_fifo_rd_ptr_q_reg[5] | C ^              |           |       |   0.000 |   -1.284 | 
     | u_core_u_fifo_rd_ptr_q_reg[5] | C ^ -> Q v       | DFRQHDX1  | 0.710 |   0.710 |   -0.573 | 
     | g83760                        | B v -> Q ^       | NO2I1HDX1 | 0.319 |   1.030 |   -0.254 | 
     | g83761                        | AN ^ -> Q ^      | NO2I1HDX1 | 0.244 |   1.274 |   -0.010 | 
     | FE_OFC643_n_9948              | A ^ -> Q ^       | BUHDX2    | 0.313 |   1.587 |    0.303 | 
     | g83582                        | A ^ -> Q v       | NA2HDX1   | 0.247 |   1.833 |    0.550 | 
     | drc_bufs12421                 | A v -> Q ^       | INHDX4    | 0.323 |   2.157 |    0.873 | 
     | FE_OFC751_n_7692              | A ^ -> Q ^       | BUHDX4    | 0.360 |   2.517 |    1.234 | 
     | g11579                        | A ^ -> Q v       | AN22HDX1  | 0.189 |   2.706 |    1.422 | 
     | g10395                        | C v -> Q v       | AND4HDX1  | 0.397 |   3.103 |    1.819 | 
     | g10264                        | A v -> Q ^       | NA4HDX1   | 0.201 |   3.304 |    2.020 | 
     | FE_OFC1068_n_9487             | A ^ -> Q ^       | BUHDX1    | 0.434 |   3.737 |    2.454 | 
     | g10217                        | A ^ -> Q v       | NO3HDX1   | 0.098 |   3.835 |    2.551 | 
     | FE_OFC1407_n_9534             | A v -> Q v       | BUHDX1    | 0.361 |   4.196 |    2.912 | 
     | g10174                        | D v -> Q ^       | NA5I3HDX1 | 2.448 |   6.644 |    5.360 | 
     |                               | acq_data_o[35] ^ |           | 0.090 |   6.734 |    5.450 | 
     +-------------------------------------------------------------------------------------------+ 
Path 2: VIOLATED Late External Delay Assertion 
Endpoint:   acq_data_o[37]                  (^) checked with  leading edge of 
'clk_sys'
Beginpoint: u_core_u_fifo_rd_ptr_q_reg[5]/Q (v) triggered by  leading edge of 
'clk_sys'
Path Groups: {clk_sys}
Analysis View: tc_view
Other End Arrival Time          0.000
- External Delay                0.500
+ Phase Shift                   6.250
- Uncertainty                   0.300
= Required Time                 5.450
- Arrival Time                  6.681
= Slack Time                   -1.231
     Clock Rise Edge                 0.000
     + Clock Network Latency (Ideal) 0.000
     = Beginpoint Arrival Time       0.000
     +-------------------------------------------------------------------------------------------+ 
     |           Instance            |       Arc        |   Cell    | Delay | Arrival | Required | 
     |                               |                  |           |       |  Time   |   Time   | 
     |-------------------------------+------------------+-----------+-------+---------+----------| 
     | u_core_u_fifo_rd_ptr_q_reg[5] | C ^              |           |       |   0.000 |   -1.231 | 
     | u_core_u_fifo_rd_ptr_q_reg[5] | C ^ -> Q v       | DFRQHDX1  | 0.710 |   0.710 |   -0.521 | 
     | g83760                        | B v -> Q ^       | NO2I1HDX1 | 0.319 |   1.030 |   -0.201 | 
     | g83761                        | AN ^ -> Q ^      | NO2I1HDX1 | 0.244 |   1.274 |    0.043 | 
     | FE_OFC643_n_9948              | A ^ -> Q ^       | BUHDX2    | 0.313 |   1.587 |    0.356 | 
     | g83582                        | A ^ -> Q v       | NA2HDX1   | 0.247 |   1.833 |    0.602 | 
     | drc_bufs12421                 | A v -> Q ^       | INHDX4    | 0.323 |   2.157 |    0.926 | 
     | FE_OFC751_n_7692              | A ^ -> Q ^       | BUHDX4    | 0.360 |   2.517 |    1.286 | 
     | g11550                        | A ^ -> Q v       | AN22HDX1  | 0.163 |   2.681 |    1.450 | 
     | g10388                        | C v -> Q v       | AND4HDX1  | 0.386 |   3.067 |    1.836 | 
     | g10256                        | A v -> Q ^       | NA4HDX1   | 0.274 |   3.341 |    2.110 | 
     | FE_OFC1076_n_9495             | A ^ -> Q ^       | BUHDX1    | 0.414 |   3.754 |    2.523 | 
     | g10209                        | A ^ -> Q v       | NO3HDX1   | 0.109 |   3.864 |    2.633 | 
     | FE_OFC1373_n_9542             | A v -> Q v       | BUHDX1    | 0.390 |   4.253 |    3.022 | 
     | g10165                        | D v -> Q ^       | NA5I3HDX1 | 2.346 |   6.600 |    5.369 | 
     |                               | acq_data_o[37] ^ |           | 0.081 |   6.681 |    5.450 | 
     +-------------------------------------------------------------------------------------------+ 
Path 3: VIOLATED Late External Delay Assertion 
Endpoint:   acq_data_o[22]                  (^) checked with  leading edge of 
'clk_sys'
Beginpoint: u_core_u_fifo_rd_ptr_q_reg[5]/Q (v) triggered by  leading edge of 
'clk_sys'
Path Groups: {clk_sys}
Analysis View: tc_view
Other End Arrival Time          0.000
- External Delay                0.500
+ Phase Shift                   6.250
- Uncertainty                   0.300
= Required Time                 5.450
- Arrival Time                  6.664
= Slack Time                   -1.214
     Clock Rise Edge                 0.000
     + Clock Network Latency (Ideal) 0.000
     = Beginpoint Arrival Time       0.000
     +-------------------------------------------------------------------------------------------+ 
     |           Instance            |       Arc        |   Cell    | Delay | Arrival | Required | 
     |                               |                  |           |       |  Time   |   Time   | 
     |-------------------------------+------------------+-----------+-------+---------+----------| 
     | u_core_u_fifo_rd_ptr_q_reg[5] | C ^              |           |       |   0.000 |   -1.214 | 
     | u_core_u_fifo_rd_ptr_q_reg[5] | C ^ -> Q v       | DFRQHDX1  | 0.710 |   0.710 |   -0.503 | 
     | g83760                        | B v -> Q ^       | NO2I1HDX1 | 0.319 |   1.030 |   -0.184 | 
     | g83761                        | AN ^ -> Q ^      | NO2I1HDX1 | 0.244 |   1.274 |    0.060 | 
     | FE_OFC643_n_9948              | A ^ -> Q ^       | BUHDX2    | 0.313 |   1.587 |    0.373 | 
     | g83596                        | A ^ -> Q v       | NA2HDX1   | 0.207 |   1.794 |    0.581 | 
     | drc_bufs12759                 | A v -> Q ^       | INHDX4    | 0.331 |   2.125 |    0.912 | 
     | FE_OFC819_n_7640              | A ^ -> Q ^       | BUHDX4    | 0.352 |   2.477 |    1.263 | 
     | g11066                        | A ^ -> Q v       | AN22HDX1  | 0.180 |   2.657 |    1.444 | 
     | g10387                        | A v -> Q v       | AND4HDX1  | 0.310 |   2.967 |    1.754 | 
     | g10255                        | A v -> Q ^       | NA4HDX1   | 0.211 |   3.179 |    1.965 | 
     | FE_OFC1077_n_9496             | A ^ -> Q ^       | BUHDX1    | 0.407 |   3.586 |    2.372 | 
     | g10210                        | A ^ -> Q v       | NO3HDX1   | 0.136 |   3.721 |    2.508 | 
     | FE_OFC1140_n_9541             | A v -> Q v       | BUHDX1    | 0.358 |   4.079 |    2.866 | 
     | g10166                        | D v -> Q ^       | NA5I3HDX1 | 2.491 |   6.570 |    5.357 | 
     |                               | acq_data_o[22] ^ |           | 0.093 |   6.664 |    5.450 | 
     +-------------------------------------------------------------------------------------------+ 
Path 4: VIOLATED Late External Delay Assertion 
Endpoint:   acq_data_o[36]                  (^) checked with  leading edge of 
'clk_sys'
Beginpoint: u_core_u_fifo_rd_ptr_q_reg[5]/Q (v) triggered by  leading edge of 
'clk_sys'
Path Groups: {clk_sys}
Analysis View: tc_view
Other End Arrival Time          0.000
- External Delay                0.500
+ Phase Shift                   6.250
- Uncertainty                   0.300
= Required Time                 5.450
- Arrival Time                  6.650
= Slack Time                   -1.200
     Clock Rise Edge                 0.000
     + Clock Network Latency (Ideal) 0.000
     = Beginpoint Arrival Time       0.000
     +-------------------------------------------------------------------------------------------+ 
     |           Instance            |       Arc        |   Cell    | Delay | Arrival | Required | 
     |                               |                  |           |       |  Time   |   Time   | 
     |-------------------------------+------------------+-----------+-------+---------+----------| 
     | u_core_u_fifo_rd_ptr_q_reg[5] | C ^              |           |       |   0.000 |   -1.200 | 
     | u_core_u_fifo_rd_ptr_q_reg[5] | C ^ -> Q v       | DFRQHDX1  | 0.710 |   0.710 |   -0.490 | 
     | g83760                        | B v -> Q ^       | NO2I1HDX1 | 0.319 |   1.030 |   -0.170 | 
     | g83761                        | AN ^ -> Q ^      | NO2I1HDX1 | 0.244 |   1.274 |    0.074 | 
     | FE_OFC643_n_9948              | A ^ -> Q ^       | BUHDX2    | 0.313 |   1.587 |    0.387 | 
     | g83582                        | A ^ -> Q v       | NA2HDX1   | 0.247 |   1.833 |    0.634 | 
     | drc_bufs12421                 | A v -> Q ^       | INHDX4    | 0.323 |   2.157 |    0.957 | 
     | FE_OFC751_n_7692              | A ^ -> Q ^       | BUHDX4    | 0.360 |   2.517 |    1.317 | 
     | g11562                        | A ^ -> Q v       | AN22HDX1  | 0.198 |   2.715 |    1.515 | 
     | g10391                        | C v -> Q v       | AND4HDX1  | 0.404 |   3.120 |    1.920 | 
     | g10259                        | A v -> Q ^       | NA4HDX1   | 0.165 |   3.284 |    2.084 | 
     | FE_OFC1073_n_9492             | A ^ -> Q ^       | BUHDX1    | 0.431 |   3.715 |    2.515 | 
     | g10214                        | A ^ -> Q v       | NO3HDX1   | 0.097 |   3.813 |    2.613 | 
     | FE_OFC1378_n_9537             | A v -> Q v       | BUHDX1    | 0.344 |   4.156 |    2.956 | 
     | g10171                        | D v -> Q ^       | NA5I3HDX1 | 2.406 |   6.562 |    5.362 | 
     |                               | acq_data_o[36] ^ |           | 0.088 |   6.650 |    5.450 | 
     +-------------------------------------------------------------------------------------------+ 
Path 5: VIOLATED Late External Delay Assertion 
Endpoint:   acq_data_o[26]                  (^) checked with  leading edge of 
'clk_sys'
Beginpoint: u_core_u_fifo_rd_ptr_q_reg[5]/Q (v) triggered by  leading edge of 
'clk_sys'
Path Groups: {clk_sys}
Analysis View: tc_view
Other End Arrival Time          0.000
- External Delay                0.500
+ Phase Shift                   6.250
- Uncertainty                   0.300
= Required Time                 5.450
- Arrival Time                  6.635
= Slack Time                   -1.185
     Clock Rise Edge                 0.000
     + Clock Network Latency (Ideal) 0.000
     = Beginpoint Arrival Time       0.000
     +-------------------------------------------------------------------------------------------+ 
     |           Instance            |       Arc        |   Cell    | Delay | Arrival | Required | 
     |                               |                  |           |       |  Time   |   Time   | 
     |-------------------------------+------------------+-----------+-------+---------+----------| 
     | u_core_u_fifo_rd_ptr_q_reg[5] | C ^              |           |       |   0.000 |   -1.185 | 
     | u_core_u_fifo_rd_ptr_q_reg[5] | C ^ -> Q v       | DFRQHDX1  | 0.710 |   0.710 |   -0.475 | 
     | g1021                         | A v -> Q ^       | NO2HDX1   | 0.339 |   1.049 |   -0.136 | 
     | g1039                         | AN ^ -> Q ^      | NO2I1HDX1 | 0.243 |   1.293 |    0.108 | 
     | FE_OFC612_n_7279              | A ^ -> Q ^       | BUHDX2    | 0.330 |   1.623 |    0.437 | 
     | g83607                        | A ^ -> Q v       | NA2HDX1   | 0.205 |   1.827 |    0.642 | 
     | drc_bufs12083                 | A v -> Q ^       | INHDX3    | 0.332 |   2.159 |    0.974 | 
     | FE_OFC762_n_7744              | A ^ -> Q ^       | BUHDX6    | 0.357 |   2.516 |    1.331 | 
     | g10994                        | C ^ -> Q v       | AN22HDX1  | 0.136 |   2.652 |    1.467 | 
     | g10378                        | B v -> Q v       | AND4HDX1  | 0.349 |   3.001 |    1.816 | 
     | g10235                        | A v -> Q ^       | NA4HDX1   | 0.205 |   3.206 |    2.021 | 
     | FE_OFC1096_n_9516             | A ^ -> Q ^       | BUHDX1    | 0.384 |   3.589 |    2.404 | 
     | g10191                        | A ^ -> Q v       | NO3HDX1   | 0.116 |   3.705 |    2.520 | 
     | FE_OFC1158_n_9560             | A v -> Q v       | BUHDX1    | 0.348 |   4.053 |    2.868 | 
     | g10159                        | D v -> Q ^       | NA5I3HDX1 | 2.489 |   6.541 |    5.356 | 
     |                               | acq_data_o[26] ^ |           | 0.094 |   6.635 |    5.450 | 
     +-------------------------------------------------------------------------------------------+ 
Path 6: VIOLATED Late External Delay Assertion 
Endpoint:   acq_data_o[27]                  (^) checked with  leading edge of 
'clk_sys'
Beginpoint: u_core_u_fifo_rd_ptr_q_reg[5]/Q (v) triggered by  leading edge of 
'clk_sys'
Path Groups: {clk_sys}
Analysis View: tc_view
Other End Arrival Time          0.000
- External Delay                0.500
+ Phase Shift                   6.250
- Uncertainty                   0.300
= Required Time                 5.450
- Arrival Time                  6.617
= Slack Time                   -1.167
     Clock Rise Edge                 0.000
     + Clock Network Latency (Ideal) 0.000
     = Beginpoint Arrival Time       0.000
     +-------------------------------------------------------------------------------------------+ 
     |           Instance            |       Arc        |   Cell    | Delay | Arrival | Required | 
     |                               |                  |           |       |  Time   |   Time   | 
     |-------------------------------+------------------+-----------+-------+---------+----------| 
     | u_core_u_fifo_rd_ptr_q_reg[5] | C ^              |           |       |   0.000 |   -1.167 | 
     | u_core_u_fifo_rd_ptr_q_reg[5] | C ^ -> Q v       | DFRQHDX1  | 0.710 |   0.710 |   -0.456 | 
     | g83760                        | B v -> Q ^       | NO2I1HDX1 | 0.319 |   1.030 |   -0.137 | 
     | g83761                        | AN ^ -> Q ^      | NO2I1HDX1 | 0.244 |   1.274 |    0.107 | 
     | FE_OFC643_n_9948              | A ^ -> Q ^       | BUHDX2    | 0.313 |   1.587 |    0.420 | 
     | g83596                        | A ^ -> Q v       | NA2HDX1   | 0.207 |   1.794 |    0.627 | 
     | drc_bufs12759                 | A v -> Q ^       | INHDX4    | 0.331 |   2.125 |    0.958 | 
     | FE_OFC819_n_7640              | A ^ -> Q ^       | BUHDX4    | 0.352 |   2.477 |    1.310 | 
     | g11045                        | A ^ -> Q v       | AN22HDX1  | 0.211 |   2.688 |    1.522 | 
     | g10376                        | A v -> Q v       | AND4HDX1  | 0.319 |   3.007 |    1.840 | 
     | g10244                        | A v -> Q ^       | NA4HDX1   | 0.190 |   3.197 |    2.030 | 
     | FE_OFC1088_n_9507             | A ^ -> Q ^       | BUHDX1    | 0.362 |   3.559 |    2.393 | 
     | g10200                        | A ^ -> Q v       | NO3HDX1   | 0.117 |   3.677 |    2.510 | 
     | FE_OFC1150_n_9551             | A v -> Q v       | BUHDX1    | 0.363 |   4.039 |    2.873 | 
     | g10157                        | D v -> Q ^       | NA5I3HDX1 | 2.485 |   6.524 |    5.357 | 
     |                               | acq_data_o[27] ^ |           | 0.093 |   6.617 |    5.450 | 
     +-------------------------------------------------------------------------------------------+ 
Path 7: VIOLATED Late External Delay Assertion 
Endpoint:   acq_data_o[23]                  (^) checked with  leading edge of 
'clk_sys'
Beginpoint: u_core_u_fifo_rd_ptr_q_reg[5]/Q (v) triggered by  leading edge of 
'clk_sys'
Path Groups: {clk_sys}
Analysis View: tc_view
Other End Arrival Time          0.000
- External Delay                0.500
+ Phase Shift                   6.250
- Uncertainty                   0.300
= Required Time                 5.450
- Arrival Time                  6.599
= Slack Time                   -1.149
     Clock Rise Edge                 0.000
     + Clock Network Latency (Ideal) 0.000
     = Beginpoint Arrival Time       0.000
     +-------------------------------------------------------------------------------------------+ 
     |           Instance            |       Arc        |   Cell    | Delay | Arrival | Required | 
     |                               |                  |           |       |  Time   |   Time   | 
     |-------------------------------+------------------+-----------+-------+---------+----------| 
     | u_core_u_fifo_rd_ptr_q_reg[5] | C ^              |           |       |   0.000 |   -1.149 | 
     | u_core_u_fifo_rd_ptr_q_reg[5] | C ^ -> Q v       | DFRQHDX1  | 0.710 |   0.710 |   -0.438 | 
     | g1021                         | A v -> Q ^       | NO2HDX1   | 0.339 |   1.049 |   -0.099 | 
     | g1039                         | AN ^ -> Q ^      | NO2I1HDX1 | 0.243 |   1.293 |    0.144 | 
     | FE_OFC612_n_7279              | A ^ -> Q ^       | BUHDX2    | 0.330 |   1.623 |    0.474 | 
     | g83607                        | A ^ -> Q v       | NA2HDX1   | 0.205 |   1.827 |    0.679 | 
     | drc_bufs12083                 | A v -> Q ^       | INHDX3    | 0.332 |   2.159 |    1.011 | 
     | FE_OFC762_n_7744              | A ^ -> Q ^       | BUHDX6    | 0.357 |   2.516 |    1.368 | 
     | g11001                        | C ^ -> Q v       | AN22HDX1  | 0.136 |   2.652 |    1.503 | 
     | g10385                        | B v -> Q v       | AND4HDX1  | 0.350 |   3.002 |    1.854 | 
     | g10253                        | A v -> Q ^       | NA4HDX1   | 0.173 |   3.175 |    2.026 | 
     | FE_OFC1079_n_9498             | A ^ -> Q ^       | BUHDX1    | 0.447 |   3.622 |    2.473 | 
     | g10208                        | A ^ -> Q v       | NO3HDX1   | 0.122 |   3.744 |    2.595 | 
     | FE_OFC1142_n_9543             | A v -> Q v       | BUHDX1    | 0.365 |   4.108 |    2.960 | 
     | g10164                        | D v -> Q ^       | NA5I3HDX1 | 2.404 |   6.512 |    5.363 | 
     |                               | acq_data_o[23] ^ |           | 0.087 |   6.599 |    5.450 | 
     +-------------------------------------------------------------------------------------------+ 
Path 8: VIOLATED Late External Delay Assertion 
Endpoint:   acq_data_o[24]                  (^) checked with  leading edge of 
'clk_sys'
Beginpoint: u_core_u_fifo_rd_ptr_q_reg[5]/Q (v) triggered by  leading edge of 
'clk_sys'
Path Groups: {clk_sys}
Analysis View: tc_view
Other End Arrival Time          0.000
- External Delay                0.500
+ Phase Shift                   6.250
- Uncertainty                   0.300
= Required Time                 5.450
- Arrival Time                  6.528
= Slack Time                   -1.078
     Clock Rise Edge                 0.000
     + Clock Network Latency (Ideal) 0.000
     = Beginpoint Arrival Time       0.000
     +-------------------------------------------------------------------------------------------+ 
     |           Instance            |       Arc        |   Cell    | Delay | Arrival | Required | 
     |                               |                  |           |       |  Time   |   Time   | 
     |-------------------------------+------------------+-----------+-------+---------+----------| 
     | u_core_u_fifo_rd_ptr_q_reg[5] | C ^              |           |       |   0.000 |   -1.078 | 
     | u_core_u_fifo_rd_ptr_q_reg[5] | C ^ -> Q v       | DFRQHDX1  | 0.710 |   0.710 |   -0.368 | 
     | g83760                        | B v -> Q ^       | NO2I1HDX1 | 0.319 |   1.030 |   -0.049 | 
     | g83761                        | AN ^ -> Q ^      | NO2I1HDX1 | 0.244 |   1.274 |    0.196 | 
     | FE_OFC643_n_9948              | A ^ -> Q ^       | BUHDX2    | 0.313 |   1.587 |    0.509 | 
     | g83596                        | A ^ -> Q v       | NA2HDX1   | 0.207 |   1.794 |    0.716 | 
     | drc_bufs12759                 | A v -> Q ^       | INHDX4    | 0.331 |   2.125 |    1.047 | 
     | FE_OFC819_n_7640              | A ^ -> Q ^       | BUHDX4    | 0.352 |   2.477 |    1.399 | 
     | g11056                        | A ^ -> Q v       | AN22HDX1  | 0.183 |   2.659 |    1.581 | 
     | g10382                        | A v -> Q v       | AND4HDX1  | 0.326 |   2.985 |    1.907 | 
     | g10250                        | A v -> Q ^       | NA4HDX1   | 0.191 |   3.176 |    2.098 | 
     | FE_OFC1082_n_9501             | A ^ -> Q ^       | BUHDX1    | 0.409 |   3.585 |    2.507 | 
     | g10207                        | A ^ -> Q v       | NO3HDX1   | 0.095 |   3.680 |    2.602 | 
     | FE_OFC1411_n_9544             | A v -> Q v       | BUHDX1    | 0.334 |   4.014 |    2.935 | 
     | g10163                        | D v -> Q ^       | NA5I3HDX1 | 2.426 |   6.439 |    5.361 | 
     |                               | acq_data_o[24] ^ |           | 0.089 |   6.528 |    5.450 | 
     +-------------------------------------------------------------------------------------------+ 
Path 9: VIOLATED Late External Delay Assertion 
Endpoint:   acq_data_o[21]                  (^) checked with  leading edge of 
'clk_sys'
Beginpoint: u_core_u_fifo_rd_ptr_q_reg[5]/Q (v) triggered by  leading edge of 
'clk_sys'
Path Groups: {clk_sys}
Analysis View: tc_view
Other End Arrival Time          0.000
- External Delay                0.500
+ Phase Shift                   6.250
- Uncertainty                   0.300
= Required Time                 5.450
- Arrival Time                  6.414
= Slack Time                   -0.964
     Clock Rise Edge                 0.000
     + Clock Network Latency (Ideal) 0.000
     = Beginpoint Arrival Time       0.000
     +--------------------------------------------------------------------------------------------+ 
     |            Instance            |       Arc        |   Cell    | Delay | Arrival | Required | 
     |                                |                  |           |       |  Time   |   Time   | 
     |--------------------------------+------------------+-----------+-------+---------+----------| 
     | u_core_u_fifo_rd_ptr_q_reg[5]  | C ^              |           |       |   0.000 |   -0.964 | 
     | u_core_u_fifo_rd_ptr_q_reg[5]  | C ^ -> Q v       | DFRQHDX1  | 0.710 |   0.710 |   -0.254 | 
     | g1021                          | A v -> Q ^       | NO2HDX1   | 0.339 |   1.049 |    0.085 | 
     | g1006                          | A ^ -> Q ^       | AND2HDX2  | 0.413 |   1.463 |    0.499 | 
     | g996                           | A ^ -> Q ^       | AND2HDX4  | 0.458 |   1.921 |    0.957 | 
     | FE_OFC767_u_core_u_fifo_n_8288 | A ^ -> Q ^       | BUHDX2    | 0.409 |   2.330 |    1.366 | 
     | g11735                         | C ^ -> Q ^       | AO22HDX1  | 0.275 |   2.605 |    1.641 | 
     | g10610                         | E ^ -> Q v       | AN221HDX1 | 0.081 |   2.686 |    1.722 | 
     | FE_OFC1440_n_9141              | A v -> Q v       | BUHDX1    | 0.244 |   2.929 |    1.965 | 
     | g10268                         | B v -> Q ^       | NA4HDX1   | 0.444 |   3.374 |    2.410 | 
     | g10211                         | A ^ -> Q v       | NO3HDX1   | 0.101 |   3.475 |    2.511 | 
     | FE_OFC1355_n_9540              | A v -> Q v       | BUHDX1    | 0.447 |   3.922 |    2.958 | 
     | g10167                         | D v -> Q ^       | NA5I3HDX1 | 2.410 |   6.333 |    5.369 | 
     |                                | acq_data_o[21] ^ |           | 0.081 |   6.414 |    5.450 | 
     +--------------------------------------------------------------------------------------------+ 
Path 10: VIOLATED Late External Delay Assertion 
Endpoint:   acq_data_o[38]                  (^) checked with  leading edge of 
'clk_sys'
Beginpoint: u_core_u_fifo_rd_ptr_q_reg[5]/Q (v) triggered by  leading edge of 
'clk_sys'
Path Groups: {clk_sys}
Analysis View: tc_view
Other End Arrival Time          0.000
- External Delay                0.500
+ Phase Shift                   6.250
- Uncertainty                   0.300
= Required Time                 5.450
- Arrival Time                  6.371
= Slack Time                   -0.921
     Clock Rise Edge                 0.000
     + Clock Network Latency (Ideal) 0.000
     = Beginpoint Arrival Time       0.000
     +-------------------------------------------------------------------------------------------+ 
     |           Instance            |       Arc        |   Cell    | Delay | Arrival | Required | 
     |                               |                  |           |       |  Time   |   Time   | 
     |-------------------------------+------------------+-----------+-------+---------+----------| 
     | u_core_u_fifo_rd_ptr_q_reg[5] | C ^              |           |       |   0.000 |   -0.921 | 
     | u_core_u_fifo_rd_ptr_q_reg[5] | C ^ -> Q v       | DFRQHDX1  | 0.710 |   0.710 |   -0.211 | 
     | g1021                         | A v -> Q ^       | NO2HDX1   | 0.339 |   1.049 |    0.128 | 
     | g1039                         | AN ^ -> Q ^      | NO2I1HDX1 | 0.243 |   1.293 |    0.372 | 
     | FE_OFC612_n_7279              | A ^ -> Q ^       | BUHDX2    | 0.330 |   1.623 |    0.702 | 
     | g83607                        | A ^ -> Q v       | NA2HDX1   | 0.205 |   1.827 |    0.906 | 
     | drc_bufs12083                 | A v -> Q ^       | INHDX3    | 0.332 |   2.159 |    1.238 | 
     | FE_OFC762_n_7744              | A ^ -> Q ^       | BUHDX6    | 0.357 |   2.516 |    1.595 | 
     | g11000                        | C ^ -> Q v       | AN22HDX1  | 0.137 |   2.653 |    1.732 | 
     | g10383                        | B v -> Q v       | AND4HDX1  | 0.355 |   3.008 |    2.087 | 
     | g10251                        | A v -> Q ^       | NA4HDX1   | 0.160 |   3.168 |    2.247 | 
     | FE_OFC1081_n_9500             | A ^ -> Q ^       | BUHDX1    | 0.437 |   3.606 |    2.684 | 
     | g10206                        | A ^ -> Q v       | NO3HDX1   | 0.104 |   3.709 |    2.788 | 
     | FE_OFC1409_n_9545             | A v -> Q v       | BUHDX1    | 0.294 |   4.003 |    3.082 | 
     | g10161                        | D v -> Q ^       | NA5I3HDX1 | 2.288 |   6.291 |    5.370 | 
     |                               | acq_data_o[38] ^ |           | 0.080 |   6.371 |    5.450 | 
     +-------------------------------------------------------------------------------------------+ 
Path 11: VIOLATED Late External Delay Assertion 
Endpoint:   acq_data_o[25]                  (^) checked with  leading edge of 
'clk_sys'
Beginpoint: u_core_u_fifo_rd_ptr_q_reg[5]/Q (v) triggered by  leading edge of 
'clk_sys'
Path Groups: {clk_sys}
Analysis View: tc_view
Other End Arrival Time          0.000
- External Delay                0.500
+ Phase Shift                   6.250
- Uncertainty                   0.300
= Required Time                 5.450
- Arrival Time                  6.215
= Slack Time                   -0.765
     Clock Rise Edge                 0.000
     + Clock Network Latency (Ideal) 0.000
     = Beginpoint Arrival Time       0.000
     +--------------------------------------------------------------------------------------------+ 
     |            Instance            |       Arc        |   Cell    | Delay | Arrival | Required | 
     |                                |                  |           |       |  Time   |   Time   | 
     |--------------------------------+------------------+-----------+-------+---------+----------| 
     | u_core_u_fifo_rd_ptr_q_reg[5]  | C ^              |           |       |   0.000 |   -0.765 | 
     | u_core_u_fifo_rd_ptr_q_reg[5]  | C ^ -> Q v       | DFRQHDX1  | 0.710 |   0.710 |   -0.055 | 
     | g1021                          | A v -> Q ^       | NO2HDX1   | 0.339 |   1.049 |    0.284 | 
     | g1006                          | A ^ -> Q ^       | AND2HDX2  | 0.413 |   1.463 |    0.698 | 
     | g996                           | A ^ -> Q ^       | AND2HDX4  | 0.458 |   1.921 |    1.156 | 
     | FE_OFC767_u_core_u_fifo_n_8288 | A ^ -> Q ^       | BUHDX2    | 0.409 |   2.330 |    1.565 | 
     | g11700                         | C ^ -> Q ^       | AO22HDX1  | 0.275 |   2.605 |    1.840 | 
     | g10602                         | E ^ -> Q v       | AN221HDX1 | 0.090 |   2.695 |    1.930 | 
     | FE_OFC839_n_9149               | A v -> Q v       | BUHDX1    | 0.288 |   2.984 |    2.218 | 
     | g10249                         | B v -> Q ^       | NA4HDX2   | 0.419 |   3.403 |    2.638 | 
     | g10204                         | A ^ -> Q v       | NO3HDX1   | 0.105 |   3.508 |    2.743 | 
     | FE_OFC1395_n_9547              | A v -> Q v       | BUHDX1    | 0.271 |   3.779 |    3.014 | 
     | g10162                         | D v -> Q ^       | NA5I3HDX1 | 2.350 |   6.128 |    5.363 | 
     |                                | acq_data_o[25] ^ |           | 0.087 |   6.215 |    5.450 | 
     +--------------------------------------------------------------------------------------------+ 
Path 12: MET Late External Delay Assertion 
Endpoint:   acq_data_o[29]                  (v) checked with  leading edge of 
'clk_sys'
Beginpoint: u_core_u_fifo_rd_ptr_q_reg[0]/Q (v) triggered by  leading edge of 
'clk_sys'
Path Groups: {clk_sys}
Analysis View: tc_view
Other End Arrival Time          0.000
- External Delay                0.500
+ Phase Shift                   6.250
- Uncertainty                   0.300
= Required Time                 5.450
- Arrival Time                  5.156
= Slack Time                    0.293
     Clock Rise Edge                 0.000
     + Clock Network Latency (Ideal) 0.000
     = Beginpoint Arrival Time       0.000
     +-------------------------------------------------------------------------------------------+ 
     |           Instance            |       Arc        |   Cell    | Delay | Arrival | Required | 
     |                               |                  |           |       |  Time   |   Time   | 
     |-------------------------------+------------------+-----------+-------+---------+----------| 
     | u_core_u_fifo_rd_ptr_q_reg[0] | C ^              |           |       |   0.000 |    0.293 | 
     | u_core_u_fifo_rd_ptr_q_reg[0] | C ^ -> Q v       | DFRQHDX1  | 0.705 |   0.705 |    0.998 | 
     | g83760                        | AN v -> Q v      | NO2I1HDX1 | 0.290 |   0.995 |    1.288 | 
     | g83761                        | AN v -> Q v      | NO2I1HDX1 | 0.218 |   1.212 |    1.506 | 
     | FE_OFC643_n_9948              | A v -> Q v       | BUHDX2    | 0.288 |   1.500 |    1.794 | 
     | g83582                        | A v -> Q ^       | NA2HDX1   | 0.362 |   1.862 |    2.155 | 
     | drc_bufs12421                 | A ^ -> Q v       | INHDX4    | 0.311 |   2.173 |    2.467 | 
     | FE_OFC751_n_7692              | A v -> Q v       | BUHDX4    | 0.383 |   2.556 |    2.850 | 
     | g11490                        | A v -> Q ^       | AN22HDX1  | 0.326 |   2.882 |    3.176 | 
     | g10373                        | C ^ -> Q ^       | AND4HDX1  | 0.413 |   3.295 |    3.589 | 
     | g10241                        | A ^ -> Q v       | NA4HDX1   | 0.191 |   3.486 |    3.779 | 
     | FE_OFC1091_n_9510             | A v -> Q v       | BUHDX1    | 0.590 |   4.076 |    4.369 | 
     | g10195                        | A v -> Q ^       | NO3HDX1   | 0.385 |   4.461 |    4.754 | 
     | FE_OFC1155_n_9556             | A ^ -> Q ^       | BUHDX1    | 0.397 |   4.858 |    5.152 | 
     | g10153                        | D ^ -> Q v       | NA5I3HDX1 | 0.294 |   5.152 |    5.445 | 
     |                               | acq_data_o[29] v |           | 0.005 |   5.156 |    5.450 | 
     +-------------------------------------------------------------------------------------------+ 
Path 13: MET Late External Delay Assertion 
Endpoint:   acq_data_o[28]                  (v) checked with  leading edge of 
'clk_sys'
Beginpoint: u_core_u_fifo_rd_ptr_q_reg[0]/Q (v) triggered by  leading edge of 
'clk_sys'
Path Groups: {clk_sys}
Analysis View: tc_view
Other End Arrival Time          0.000
- External Delay                0.500
+ Phase Shift                   6.250
- Uncertainty                   0.300
= Required Time                 5.450
- Arrival Time                  5.126
= Slack Time                    0.324
     Clock Rise Edge                 0.000
     + Clock Network Latency (Ideal) 0.000
     = Beginpoint Arrival Time       0.000
     +-------------------------------------------------------------------------------------------+ 
     |           Instance            |       Arc        |   Cell    | Delay | Arrival | Required | 
     |                               |                  |           |       |  Time   |   Time   | 
     |-------------------------------+------------------+-----------+-------+---------+----------| 
     | u_core_u_fifo_rd_ptr_q_reg[0] | C ^              |           |       |   0.000 |    0.324 | 
     | u_core_u_fifo_rd_ptr_q_reg[0] | C ^ -> Q v       | DFRQHDX1  | 0.705 |   0.705 |    1.029 | 
     | g83760                        | AN v -> Q v      | NO2I1HDX1 | 0.290 |   0.995 |    1.318 | 
     | g83761                        | AN v -> Q v      | NO2I1HDX1 | 0.218 |   1.212 |    1.536 | 
     | FE_OFC643_n_9948              | A v -> Q v       | BUHDX2    | 0.288 |   1.500 |    1.824 | 
     | g83582                        | A v -> Q ^       | NA2HDX1   | 0.362 |   1.862 |    2.186 | 
     | drc_bufs12421                 | A ^ -> Q v       | INHDX4    | 0.311 |   2.173 |    2.497 | 
     | FE_OFC751_n_7692              | A v -> Q v       | BUHDX4    | 0.383 |   2.556 |    2.880 | 
     | g11494                        | A v -> Q ^       | AN22HDX1  | 0.295 |   2.852 |    3.175 | 
     | g10374                        | C ^ -> Q ^       | AND4HDX1  | 0.442 |   3.294 |    3.618 | 
     | g10242                        | A ^ -> Q v       | NA4HDX1   | 0.195 |   3.488 |    3.812 | 
     | FE_OFC1090_n_9509             | A v -> Q v       | BUHDX1    | 0.572 |   4.061 |    4.384 | 
     | g10197                        | A v -> Q ^       | NO3HDX1   | 0.345 |   4.406 |    4.729 | 
     | FE_OFC1328_n_9554             | A ^ -> Q ^       | BUHDX2    | 0.438 |   4.843 |    5.167 | 
     | g10156                        | D ^ -> Q v       | NA5I3HDX1 | 0.278 |   5.121 |    5.445 | 
     |                               | acq_data_o[28] v |           | 0.005 |   5.126 |    5.450 | 
     +-------------------------------------------------------------------------------------------+ 
Path 14: MET Late External Delay Assertion 
Endpoint:   acq_data_o[48]                  (v) checked with  leading edge of 
'clk_sys'
Beginpoint: u_core_u_fifo_rd_ptr_q_reg[0]/Q (v) triggered by  leading edge of 
'clk_sys'
Path Groups: {clk_sys}
Analysis View: tc_view
Other End Arrival Time          0.000
- External Delay                0.500
+ Phase Shift                   6.250
- Uncertainty                   0.300
= Required Time                 5.450
- Arrival Time                  5.076
= Slack Time                    0.374
     Clock Rise Edge                 0.000
     + Clock Network Latency (Ideal) 0.000
     = Beginpoint Arrival Time       0.000
     +-------------------------------------------------------------------------------------------+ 
     |           Instance            |       Arc        |   Cell    | Delay | Arrival | Required | 
     |                               |                  |           |       |  Time   |   Time   | 
     |-------------------------------+------------------+-----------+-------+---------+----------| 
     | u_core_u_fifo_rd_ptr_q_reg[0] | C ^              |           |       |   0.000 |    0.374 | 
     | u_core_u_fifo_rd_ptr_q_reg[0] | C ^ -> Q v       | DFRQHDX1  | 0.705 |   0.705 |    1.079 | 
     | g83760                        | AN v -> Q v      | NO2I1HDX1 | 0.290 |   0.995 |    1.369 | 
     | g83761                        | AN v -> Q v      | NO2I1HDX1 | 0.218 |   1.212 |    1.586 | 
     | FE_OFC643_n_9948              | A v -> Q v       | BUHDX2    | 0.288 |   1.500 |    1.874 | 
     | g83582                        | A v -> Q ^       | NA2HDX1   | 0.362 |   1.862 |    2.236 | 
     | drc_bufs12421                 | A ^ -> Q v       | INHDX4    | 0.311 |   2.173 |    2.547 | 
     | FE_OFC751_n_7692              | A v -> Q v       | BUHDX4    | 0.383 |   2.556 |    2.930 | 
     | g11593                        | A v -> Q ^       | AN22HDX1  | 0.263 |   2.819 |    3.193 | 
     | g10397                        | C ^ -> Q ^       | AND4HDX1  | 0.464 |   3.284 |    3.657 | 
     | g10263                        | A ^ -> Q v       | NA4HDX1   | 0.296 |   3.579 |    3.953 | 
     | FE_OFC1069_n_9488             | A v -> Q v       | BUHDX1    | 0.558 |   4.137 |    4.511 | 
     | g10212                        | A v -> Q ^       | NO3HDX1   | 0.329 |   4.466 |    4.840 | 
     | FE_OFC1138_n_9539             | A ^ -> Q ^       | BUHDX2    | 0.366 |   4.832 |    5.206 | 
     | g10180                        | D ^ -> Q v       | NA5I3HDX1 | 0.239 |   5.071 |    5.445 | 
     |                               | acq_data_o[48] v |           | 0.005 |   5.076 |    5.450 | 
     +-------------------------------------------------------------------------------------------+ 
Path 15: MET Late External Delay Assertion 
Endpoint:   acq_data_o[42]                  (v) checked with  leading edge of 
'clk_sys'
Beginpoint: u_core_u_fifo_rd_ptr_q_reg[0]/Q (v) triggered by  leading edge of 
'clk_sys'
Path Groups: {clk_sys}
Analysis View: tc_view
Other End Arrival Time          0.000
- External Delay                0.500
+ Phase Shift                   6.250
- Uncertainty                   0.300
= Required Time                 5.450
- Arrival Time                  5.076
= Slack Time                    0.374
     Clock Rise Edge                 0.000
     + Clock Network Latency (Ideal) 0.000
     = Beginpoint Arrival Time       0.000
     +-------------------------------------------------------------------------------------------+ 
     |           Instance            |       Arc        |   Cell    | Delay | Arrival | Required | 
     |                               |                  |           |       |  Time   |   Time   | 
     |-------------------------------+------------------+-----------+-------+---------+----------| 
     | u_core_u_fifo_rd_ptr_q_reg[0] | C ^              |           |       |   0.000 |    0.374 | 
     | u_core_u_fifo_rd_ptr_q_reg[0] | C ^ -> Q v       | DFRQHDX1  | 0.705 |   0.705 |    1.079 | 
     | g83760                        | AN v -> Q v      | NO2I1HDX1 | 0.290 |   0.995 |    1.369 | 
     | g83761                        | AN v -> Q v      | NO2I1HDX1 | 0.218 |   1.212 |    1.587 | 
     | FE_OFC643_n_9948              | A v -> Q v       | BUHDX2    | 0.288 |   1.500 |    1.875 | 
     | g83587                        | A v -> Q ^       | NA2HDX1   | 0.366 |   1.866 |    2.240 | 
     | drc_bufs12538                 | A ^ -> Q v       | INHDX6    | 0.333 |   2.199 |    2.574 | 
     | FE_OFC2179_n_7674             | A v -> Q v       | BUHDX2    | 0.380 |   2.579 |    2.953 | 
     | g11640                        | A v -> Q ^       | AN22HDX1  | 0.281 |   2.860 |    3.234 | 
     | g10408                        | D ^ -> Q ^       | AND4HDX1  | 0.525 |   3.385 |    3.759 | 
     | g10276                        | A ^ -> Q v       | NA4HDX1   | 0.199 |   3.584 |    3.958 | 
     | FE_OFC1057_n_9475             | A v -> Q v       | BUHDX1    | 0.542 |   4.125 |    4.500 | 
     | g10230                        | A v -> Q ^       | NO3HDX1   | 0.338 |   4.463 |    4.837 | 
     | FE_OFC1120_n_9521             | A ^ -> Q ^       | BUHDX2    | 0.378 |   4.841 |    5.216 | 
     | g10185                        | D ^ -> Q v       | NA5I3HDX1 | 0.229 |   5.070 |    5.445 | 
     |                               | acq_data_o[42] v |           | 0.005 |   5.076 |    5.450 | 
     +-------------------------------------------------------------------------------------------+ 
Path 16: MET Late External Delay Assertion 
Endpoint:   acq_data_o[6]                   (v) checked with  leading edge of 
'clk_sys'
Beginpoint: u_core_u_fifo_rd_ptr_q_reg[0]/Q (v) triggered by  leading edge of 
'clk_sys'
Path Groups: {clk_sys}
Analysis View: tc_view
Other End Arrival Time          0.000
- External Delay                0.500
+ Phase Shift                   6.250
- Uncertainty                   0.300
= Required Time                 5.450
- Arrival Time                  4.973
= Slack Time                    0.477
     Clock Rise Edge                 0.000
     + Clock Network Latency (Ideal) 0.000
     = Beginpoint Arrival Time       0.000
     +------------------------------------------------------------------------------------------+ 
     |           Instance            |       Arc       |   Cell    | Delay | Arrival | Required | 
     |                               |                 |           |       |  Time   |   Time   | 
     |-------------------------------+-----------------+-----------+-------+---------+----------| 
     | u_core_u_fifo_rd_ptr_q_reg[0] | C ^             |           |       |   0.000 |    0.477 | 
     | u_core_u_fifo_rd_ptr_q_reg[0] | C ^ -> Q v      | DFRQHDX1  | 0.705 |   0.705 |    1.182 | 
     | g83760                        | AN v -> Q v     | NO2I1HDX1 | 0.290 |   0.995 |    1.472 | 
     | g83761                        | AN v -> Q v     | NO2I1HDX1 | 0.218 |   1.212 |    1.689 | 
     | FE_OFC643_n_9948              | A v -> Q v      | BUHDX2    | 0.288 |   1.500 |    1.977 | 
     | g83582                        | A v -> Q ^      | NA2HDX1   | 0.362 |   1.862 |    2.339 | 
     | drc_bufs12421                 | A ^ -> Q v      | INHDX4    | 0.311 |   2.173 |    2.650 | 
     | FE_OFC751_n_7692              | A v -> Q v      | BUHDX4    | 0.383 |   2.556 |    3.034 | 
     | g11607                        | A v -> Q ^      | AN22HDX1  | 0.382 |   2.938 |    3.416 | 
     | g10402                        | C ^ -> Q ^      | AND4HDX1  | 0.516 |   3.455 |    3.932 | 
     | g10270                        | A ^ -> Q v      | NA4HDX1   | 0.207 |   3.662 |    4.139 | 
     | FE_OFC1062_n_9481             | A v -> Q v      | BUHDX1    | 0.434 |   4.096 |    4.573 | 
     | g10225                        | A v -> Q ^      | NO3HDX1   | 0.316 |   4.411 |    4.888 | 
     | FE_OFC1125_n_9526             | A ^ -> Q ^      | BUHDX2    | 0.344 |   4.755 |    5.232 | 
     | g10183                        | D ^ -> Q v      | NA5I3HDX1 | 0.213 |   4.968 |    5.445 | 
     |                               | acq_data_o[6] v |           | 0.005 |   4.973 |    5.450 | 
     +------------------------------------------------------------------------------------------+ 
Path 17: MET Late External Delay Assertion 
Endpoint:   acq_data_o[47]                  (v) checked with  leading edge of 
'clk_sys'
Beginpoint: u_core_u_fifo_rd_ptr_q_reg[0]/Q (v) triggered by  leading edge of 
'clk_sys'
Path Groups: {clk_sys}
Analysis View: tc_view
Other End Arrival Time          0.000
- External Delay                0.500
+ Phase Shift                   6.250
- Uncertainty                   0.300
= Required Time                 5.450
- Arrival Time                  4.941
= Slack Time                    0.509
     Clock Rise Edge                 0.000
     + Clock Network Latency (Ideal) 0.000
     = Beginpoint Arrival Time       0.000
     +-------------------------------------------------------------------------------------------+ 
     |           Instance            |       Arc        |   Cell    | Delay | Arrival | Required | 
     |                               |                  |           |       |  Time   |   Time   | 
     |-------------------------------+------------------+-----------+-------+---------+----------| 
     | u_core_u_fifo_rd_ptr_q_reg[0] | C ^              |           |       |   0.000 |    0.509 | 
     | u_core_u_fifo_rd_ptr_q_reg[0] | C ^ -> Q v       | DFRQHDX1  | 0.705 |   0.705 |    1.214 | 
     | g83760                        | AN v -> Q v      | NO2I1HDX1 | 0.290 |   0.995 |    1.504 | 
     | g83761                        | AN v -> Q v      | NO2I1HDX1 | 0.218 |   1.212 |    1.721 | 
     | FE_OFC643_n_9948              | A v -> Q v       | BUHDX2    | 0.288 |   1.500 |    2.009 | 
     | g83582                        | A v -> Q ^       | NA2HDX1   | 0.362 |   1.862 |    2.371 | 
     | drc_bufs12421                 | A ^ -> Q v       | INHDX4    | 0.311 |   2.173 |    2.682 | 
     | FE_OFC751_n_7692              | A v -> Q v       | BUHDX4    | 0.383 |   2.556 |    3.066 | 
     | g11477                        | A v -> Q ^       | AN22HDX1  | 0.268 |   2.825 |    3.334 | 
     | g10369                        | C ^ -> Q ^       | AND4HDX1  | 0.498 |   3.322 |    3.832 | 
     | g10238                        | A ^ -> Q v       | NA4HDX1   | 0.227 |   3.550 |    4.059 | 
     | FE_OFC1093_n_9513             | A v -> Q v       | BUHDX1    | 0.452 |   4.002 |    4.511 | 
     | g10232                        | A v -> Q ^       | NO3HDX1   | 0.316 |   4.318 |    4.827 | 
     | FE_OFC1118_n_9519             | A ^ -> Q ^       | BUHDX2    | 0.395 |   4.714 |    5.223 | 
     | g10181                        | D ^ -> Q v       | NA5I3HDX1 | 0.223 |   4.936 |    5.445 | 
     |                               | acq_data_o[47] v |           | 0.005 |   4.941 |    5.450 | 
     +-------------------------------------------------------------------------------------------+ 
Path 18: MET Late External Delay Assertion 
Endpoint:   acq_data_o[52]                  (v) checked with  leading edge of 
'clk_sys'
Beginpoint: u_core_u_fifo_rd_ptr_q_reg[0]/Q (v) triggered by  leading edge of 
'clk_sys'
Path Groups: {clk_sys}
Analysis View: tc_view
Other End Arrival Time          0.000
- External Delay                0.500
+ Phase Shift                   6.250
- Uncertainty                   0.300
= Required Time                 5.450
- Arrival Time                  4.934
= Slack Time                    0.516
     Clock Rise Edge                 0.000
     + Clock Network Latency (Ideal) 0.000
     = Beginpoint Arrival Time       0.000
     +-------------------------------------------------------------------------------------------+ 
     |           Instance            |       Arc        |   Cell    | Delay | Arrival | Required | 
     |                               |                  |           |       |  Time   |   Time   | 
     |-------------------------------+------------------+-----------+-------+---------+----------| 
     | u_core_u_fifo_rd_ptr_q_reg[0] | C ^              |           |       |   0.000 |    0.516 | 
     | u_core_u_fifo_rd_ptr_q_reg[0] | C ^ -> Q v       | DFRQHDX1  | 0.705 |   0.705 |    1.221 | 
     | g83760                        | AN v -> Q v      | NO2I1HDX1 | 0.290 |   0.995 |    1.510 | 
     | g83761                        | AN v -> Q v      | NO2I1HDX1 | 0.218 |   1.212 |    1.728 | 
     | FE_OFC643_n_9948              | A v -> Q v       | BUHDX2    | 0.288 |   1.500 |    2.016 | 
     | g83596                        | A v -> Q ^       | NA2HDX1   | 0.288 |   1.788 |    2.303 | 
     | drc_bufs12759                 | A ^ -> Q v       | INHDX4    | 0.307 |   2.095 |    2.610 | 
     | FE_OFC819_n_7640              | A v -> Q v       | BUHDX4    | 0.375 |   2.470 |    2.985 | 
     | g11060                        | A v -> Q ^       | AN22HDX1  | 0.324 |   2.794 |    3.309 | 
     | g10371                        | A ^ -> Q ^       | AND4HDX1  | 0.405 |   3.199 |    3.714 | 
     | g10236                        | A ^ -> Q v       | NA4HDX1   | 0.198 |   3.396 |    3.912 | 
     | FE_OFC1095_n_9515             | A v -> Q v       | BUHDX1    | 0.539 |   3.936 |    4.451 | 
     | g10196                        | A v -> Q ^       | NO3HDX1   | 0.346 |   4.282 |    4.797 | 
     | FE_OFC1154_n_9555             | A ^ -> Q ^       | BUHDX2    | 0.417 |   4.699 |    5.215 | 
     | g10158                        | D ^ -> Q v       | NA5I3HDX1 | 0.230 |   4.929 |    5.445 | 
     |                               | acq_data_o[52] v |           | 0.005 |   4.934 |    5.450 | 
     +-------------------------------------------------------------------------------------------+ 
Path 19: MET Late External Delay Assertion 
Endpoint:   acq_data_o[50]                  (v) checked with  leading edge of 
'clk_sys'
Beginpoint: u_core_u_fifo_rd_ptr_q_reg[0]/Q (v) triggered by  leading edge of 
'clk_sys'
Path Groups: {clk_sys}
Analysis View: tc_view
Other End Arrival Time          0.000
- External Delay                0.500
+ Phase Shift                   6.250
- Uncertainty                   0.300
= Required Time                 5.450
- Arrival Time                  4.928
= Slack Time                    0.522
     Clock Rise Edge                 0.000
     + Clock Network Latency (Ideal) 0.000
     = Beginpoint Arrival Time       0.000
     +-------------------------------------------------------------------------------------------+ 
     |           Instance            |       Arc        |   Cell    | Delay | Arrival | Required | 
     |                               |                  |           |       |  Time   |   Time   | 
     |-------------------------------+------------------+-----------+-------+---------+----------| 
     | u_core_u_fifo_rd_ptr_q_reg[0] | C ^              |           |       |   0.000 |    0.522 | 
     | u_core_u_fifo_rd_ptr_q_reg[0] | C ^ -> Q v       | DFRQHDX1  | 0.705 |   0.705 |    1.227 | 
     | g83760                        | AN v -> Q v      | NO2I1HDX1 | 0.290 |   0.995 |    1.517 | 
     | g83761                        | AN v -> Q v      | NO2I1HDX1 | 0.218 |   1.212 |    1.734 | 
     | FE_OFC643_n_9948              | A v -> Q v       | BUHDX2    | 0.288 |   1.500 |    2.022 | 
     | g83582                        | A v -> Q ^       | NA2HDX1   | 0.362 |   1.862 |    2.384 | 
     | drc_bufs12421                 | A ^ -> Q v       | INHDX4    | 0.311 |   2.173 |    2.695 | 
     | FE_OFC751_n_7692              | A v -> Q v       | BUHDX4    | 0.383 |   2.556 |    3.078 | 
     | g11634                        | A v -> Q ^       | AN22HDX1  | 0.351 |   2.908 |    3.429 | 
     | g10410                        | C ^ -> Q ^       | AND4HDX1  | 0.479 |   3.386 |    3.908 | 
     | g10278                        | A ^ -> Q v       | NA4HDX1   | 0.594 |   3.980 |    4.502 | 
     | g10227                        | A v -> Q ^       | NO3HDX1   | 0.370 |   4.350 |    4.872 | 
     | FE_OFC1123_n_9524             | A ^ -> Q ^       | BUHDX2    | 0.362 |   4.712 |    5.234 | 
     | g10168                        | D ^ -> Q v       | NA5I3HDX1 | 0.212 |   4.923 |    5.445 | 
     |                               | acq_data_o[50] v |           | 0.005 |   4.928 |    5.450 | 
     +-------------------------------------------------------------------------------------------+ 
Path 20: MET Late External Delay Assertion 
Endpoint:   acq_data_o[49]                  (v) checked with  leading edge of 
'clk_sys'
Beginpoint: u_core_u_fifo_rd_ptr_q_reg[0]/Q (v) triggered by  leading edge of 
'clk_sys'
Path Groups: {clk_sys}
Analysis View: tc_view
Other End Arrival Time          0.000
- External Delay                0.500
+ Phase Shift                   6.250
- Uncertainty                   0.300
= Required Time                 5.450
- Arrival Time                  4.924
= Slack Time                    0.526
     Clock Rise Edge                 0.000
     + Clock Network Latency (Ideal) 0.000
     = Beginpoint Arrival Time       0.000
     +-------------------------------------------------------------------------------------------+ 
     |           Instance            |       Arc        |   Cell    | Delay | Arrival | Required | 
     |                               |                  |           |       |  Time   |   Time   | 
     |-------------------------------+------------------+-----------+-------+---------+----------| 
     | u_core_u_fifo_rd_ptr_q_reg[0] | C ^              |           |       |   0.000 |    0.526 | 
     | u_core_u_fifo_rd_ptr_q_reg[0] | C ^ -> Q v       | DFRQHDX1  | 0.705 |   0.705 |    1.231 | 
     | g83760                        | AN v -> Q v      | NO2I1HDX1 | 0.290 |   0.995 |    1.521 | 
     | g83761                        | AN v -> Q v      | NO2I1HDX1 | 0.218 |   1.212 |    1.738 | 
     | FE_OFC643_n_9948              | A v -> Q v       | BUHDX2    | 0.288 |   1.500 |    2.026 | 
     | g83582                        | A v -> Q ^       | NA2HDX1   | 0.362 |   1.862 |    2.388 | 
     | drc_bufs12421                 | A ^ -> Q v       | INHDX4    | 0.311 |   2.173 |    2.699 | 
     | FE_OFC751_n_7692              | A v -> Q v       | BUHDX4    | 0.383 |   2.556 |    3.082 | 
     | g11532                        | A v -> Q ^       | AN22HDX1  | 0.280 |   2.836 |    3.362 | 
     | g10384                        | C ^ -> Q ^       | AND4HDX1  | 0.535 |   3.371 |    3.897 | 
     | g10252                        | A ^ -> Q v       | NA4HDX1   | 0.350 |   3.721 |    4.247 | 
     | FE_OFC1080_n_9499             | A v -> Q v       | BUHDX1    | 0.307 |   4.027 |    4.553 | 
     | g10201                        | A v -> Q ^       | NO3HDX1   | 0.249 |   4.276 |    4.802 | 
     | FE_OFC1353_n_9550             | A ^ -> Q ^       | BUHDX2    | 0.421 |   4.697 |    5.223 | 
     | g10149                        | D ^ -> Q v       | NA5I3HDX1 | 0.222 |   4.919 |    5.445 | 
     |                               | acq_data_o[49] v |           | 0.005 |   4.924 |    5.450 | 
     +-------------------------------------------------------------------------------------------+ 
Path 21: MET Late External Delay Assertion 
Endpoint:   acq_data_o[44]                  (v) checked with  leading edge of 
'clk_sys'
Beginpoint: u_core_u_fifo_rd_ptr_q_reg[0]/Q (v) triggered by  leading edge of 
'clk_sys'
Path Groups: {clk_sys}
Analysis View: tc_view
Other End Arrival Time          0.000
- External Delay                0.500
+ Phase Shift                   6.250
- Uncertainty                   0.300
= Required Time                 5.450
- Arrival Time                  4.908
= Slack Time                    0.542
     Clock Rise Edge                 0.000
     + Clock Network Latency (Ideal) 0.000
     = Beginpoint Arrival Time       0.000
     +-------------------------------------------------------------------------------------------+ 
     |           Instance            |       Arc        |   Cell    | Delay | Arrival | Required | 
     |                               |                  |           |       |  Time   |   Time   | 
     |-------------------------------+------------------+-----------+-------+---------+----------| 
     | u_core_u_fifo_rd_ptr_q_reg[0] | C ^              |           |       |   0.000 |    0.542 | 
     | u_core_u_fifo_rd_ptr_q_reg[0] | C ^ -> Q v       | DFRQHDX1  | 0.705 |   0.705 |    1.247 | 
     | g83760                        | AN v -> Q v      | NO2I1HDX1 | 0.290 |   0.995 |    1.536 | 
     | g83761                        | AN v -> Q v      | NO2I1HDX1 | 0.218 |   1.212 |    1.754 | 
     | FE_OFC643_n_9948              | A v -> Q v       | BUHDX2    | 0.288 |   1.500 |    2.042 | 
     | g83587                        | A v -> Q ^       | NA2HDX1   | 0.366 |   1.866 |    2.408 | 
     | drc_bufs12538                 | A ^ -> Q v       | INHDX6    | 0.333 |   2.199 |    2.741 | 
     | FE_OFC2179_n_7674             | A v -> Q v       | BUHDX2    | 0.380 |   2.579 |    3.121 | 
     | g11575                        | A v -> Q ^       | AN22HDX1  | 0.282 |   2.861 |    3.402 | 
     | g10393                        | D ^ -> Q ^       | AND4HDX1  | 0.417 |   3.277 |    3.819 | 
     | g10261                        | A ^ -> Q v       | NA4HDX1   | 0.251 |   3.528 |    4.070 | 
     | FE_OFC1071_n_9490             | A v -> Q v       | BUHDX1    | 0.476 |   4.004 |    4.545 | 
     | g10215                        | A v -> Q ^       | NO3HDX1   | 0.315 |   4.319 |    4.860 | 
     | FE_OFC1135_n_9536             | A ^ -> Q ^       | BUHDX2    | 0.337 |   4.656 |    5.198 | 
     | g10170                        | D ^ -> Q v       | NA5I3HDX2 | 0.247 |   4.904 |    5.445 | 
     |                               | acq_data_o[44] v |           | 0.005 |   4.908 |    5.450 | 
     +-------------------------------------------------------------------------------------------+ 
Path 22: MET Late External Delay Assertion 
Endpoint:   acq_data_o[45]                  (v) checked with  leading edge of 
'clk_sys'
Beginpoint: u_core_u_fifo_rd_ptr_q_reg[0]/Q (v) triggered by  leading edge of 
'clk_sys'
Path Groups: {clk_sys}
Analysis View: tc_view
Other End Arrival Time          0.000
- External Delay                0.500
+ Phase Shift                   6.250
- Uncertainty                   0.300
= Required Time                 5.450
- Arrival Time                  4.860
= Slack Time                    0.590
     Clock Rise Edge                 0.000
     + Clock Network Latency (Ideal) 0.000
     = Beginpoint Arrival Time       0.000
     +-------------------------------------------------------------------------------------------+ 
     |           Instance            |       Arc        |   Cell    | Delay | Arrival | Required | 
     |                               |                  |           |       |  Time   |   Time   | 
     |-------------------------------+------------------+-----------+-------+---------+----------| 
     | u_core_u_fifo_rd_ptr_q_reg[0] | C ^              |           |       |   0.000 |    0.590 | 
     | u_core_u_fifo_rd_ptr_q_reg[0] | C ^ -> Q v       | DFRQHDX1  | 0.705 |   0.705 |    1.295 | 
     | g83760                        | AN v -> Q v      | NO2I1HDX1 | 0.290 |   0.995 |    1.585 | 
     | g83761                        | AN v -> Q v      | NO2I1HDX1 | 0.218 |   1.212 |    1.803 | 
     | FE_OFC643_n_9948              | A v -> Q v       | BUHDX2    | 0.288 |   1.500 |    2.091 | 
     | g83587                        | A v -> Q ^       | NA2HDX1   | 0.366 |   1.866 |    2.456 | 
     | drc_bufs12538                 | A ^ -> Q v       | INHDX6    | 0.333 |   2.199 |    2.790 | 
     | FE_OFC2179_n_7674             | A v -> Q v       | BUHDX2    | 0.380 |   2.579 |    3.169 | 
     | g11547                        | A v -> Q ^       | AN22HDX1  | 0.292 |   2.871 |    3.462 | 
     | g10386                        | D ^ -> Q ^       | AND4HDX1  | 0.406 |   3.277 |    3.868 | 
     | g10254                        | A ^ -> Q v       | NA4HDX1   | 0.266 |   3.544 |    4.134 | 
     | FE_OFC1078_n_9497             | A v -> Q v       | BUHDX1    | 0.381 |   3.925 |    4.515 | 
     | g10205                        | A v -> Q ^       | NO3HDX1   | 0.267 |   4.192 |    4.782 | 
     | FE_OFC1145_n_9546             | A ^ -> Q ^       | BUHDX2    | 0.381 |   4.573 |    5.163 | 
     | g10160                        | D ^ -> Q v       | NA5I3HDX2 | 0.282 |   4.855 |    5.445 | 
     |                               | acq_data_o[45] v |           | 0.004 |   4.860 |    5.450 | 
     +-------------------------------------------------------------------------------------------+ 
Path 23: MET Late External Delay Assertion 
Endpoint:   acq_data_o[7]                   (v) checked with  leading edge of 
'clk_sys'
Beginpoint: u_core_u_fifo_rd_ptr_q_reg[0]/Q (v) triggered by  leading edge of 
'clk_sys'
Path Groups: {clk_sys}
Analysis View: tc_view
Other End Arrival Time          0.000
- External Delay                0.500
+ Phase Shift                   6.250
- Uncertainty                   0.300
= Required Time                 5.450
- Arrival Time                  4.848
= Slack Time                    0.602
     Clock Rise Edge                 0.000
     + Clock Network Latency (Ideal) 0.000
     = Beginpoint Arrival Time       0.000
     +------------------------------------------------------------------------------------------+ 
     |           Instance            |       Arc       |   Cell    | Delay | Arrival | Required | 
     |                               |                 |           |       |  Time   |   Time   | 
     |-------------------------------+-----------------+-----------+-------+---------+----------| 
     | u_core_u_fifo_rd_ptr_q_reg[0] | C ^             |           |       |   0.000 |    0.602 | 
     | u_core_u_fifo_rd_ptr_q_reg[0] | C ^ -> Q v      | DFRQHDX1  | 0.705 |   0.705 |    1.307 | 
     | g83760                        | AN v -> Q v     | NO2I1HDX1 | 0.290 |   0.995 |    1.596 | 
     | g83761                        | AN v -> Q v     | NO2I1HDX1 | 0.218 |   1.212 |    1.814 | 
     | FE_OFC643_n_9948              | A v -> Q v      | BUHDX2    | 0.288 |   1.500 |    2.102 | 
     | g83596                        | A v -> Q ^      | NA2HDX1   | 0.288 |   1.788 |    2.389 | 
     | drc_bufs12759                 | A ^ -> Q v      | INHDX4    | 0.307 |   2.095 |    2.696 | 
     | FE_OFC819_n_7640              | A v -> Q v      | BUHDX4    | 0.375 |   2.470 |    3.072 | 
     | g11093                        | A v -> Q ^      | AN22HDX1  | 0.290 |   2.760 |    3.362 | 
     | g10400                        | A ^ -> Q ^      | AND4HDX1  | 0.430 |   3.190 |    3.791 | 
     | g10257                        | A ^ -> Q v      | NA4HDX1   | 0.187 |   3.376 |    3.978 | 
     | FE_OFC1075_n_9494             | A v -> Q v      | BUHDX1    | 0.508 |   3.884 |    4.486 | 
     | g10223                        | A v -> Q ^      | NO3HDX1   | 0.359 |   4.243 |    4.845 | 
     | FE_OFC1127_n_9528             | A ^ -> Q ^      | BUHDX2    | 0.375 |   4.618 |    5.220 | 
     | g10169                        | D ^ -> Q v      | NA5I3HDX1 | 0.225 |   4.843 |    5.445 | 
     |                               | acq_data_o[7] v |           | 0.005 |   4.848 |    5.450 | 
     +------------------------------------------------------------------------------------------+ 
Path 24: MET Late External Delay Assertion 
Endpoint:   acq_data_o[11]                  (v) checked with  leading edge of 
'clk_sys'
Beginpoint: u_core_u_fifo_rd_ptr_q_reg[0]/Q (v) triggered by  leading edge of 
'clk_sys'
Path Groups: {clk_sys}
Analysis View: tc_view
Other End Arrival Time          0.000
- External Delay                0.500
+ Phase Shift                   6.250
- Uncertainty                   0.300
= Required Time                 5.450
- Arrival Time                  4.845
= Slack Time                    0.605
     Clock Rise Edge                 0.000
     + Clock Network Latency (Ideal) 0.000
     = Beginpoint Arrival Time       0.000
     +-------------------------------------------------------------------------------------------+ 
     |           Instance            |       Arc        |   Cell    | Delay | Arrival | Required | 
     |                               |                  |           |       |  Time   |   Time   | 
     |-------------------------------+------------------+-----------+-------+---------+----------| 
     | u_core_u_fifo_rd_ptr_q_reg[0] | C ^              |           |       |   0.000 |    0.605 | 
     | u_core_u_fifo_rd_ptr_q_reg[0] | C ^ -> Q v       | DFRQHDX1  | 0.705 |   0.705 |    1.310 | 
     | g83760                        | AN v -> Q v      | NO2I1HDX1 | 0.290 |   0.995 |    1.600 | 
     | g83761                        | AN v -> Q v      | NO2I1HDX1 | 0.218 |   1.212 |    1.818 | 
     | FE_OFC643_n_9948              | A v -> Q v       | BUHDX2    | 0.288 |   1.500 |    2.105 | 
     | g83582                        | A v -> Q ^       | NA2HDX1   | 0.362 |   1.862 |    2.467 | 
     | drc_bufs12421                 | A ^ -> Q v       | INHDX4    | 0.311 |   2.173 |    2.778 | 
     | FE_OFC751_n_7692              | A v -> Q v       | BUHDX4    | 0.383 |   2.556 |    3.162 | 
     | g11573                        | A v -> Q ^       | AN22HDX1  | 0.277 |   2.834 |    3.439 | 
     | g10394                        | C ^ -> Q ^       | AND4HDX1  | 0.399 |   3.233 |    3.838 | 
     | g10262                        | A ^ -> Q v       | NA4HDX1   | 0.288 |   3.521 |    4.126 | 
     | FE_OFC1070_n_9489             | A v -> Q v       | BUHDX1    | 0.366 |   3.887 |    4.492 | 
     | g10218                        | A v -> Q ^       | NO3HDX1   | 0.251 |   4.138 |    4.744 | 
     | FE_OFC1132_n_9533             | A ^ -> Q ^       | BUHDX2    | 0.462 |   4.600 |    5.205 | 
     | g10175                        | D ^ -> Q v       | NA5I3HDX1 | 0.240 |   4.840 |    5.445 | 
     |                               | acq_data_o[11] v |           | 0.005 |   4.845 |    5.450 | 
     +-------------------------------------------------------------------------------------------+ 
Path 25: MET Late External Delay Assertion 
Endpoint:   acq_data_o[33]                  (v) checked with  leading edge of 
'clk_sys'
Beginpoint: u_core_u_fifo_rd_ptr_q_reg[0]/Q (v) triggered by  leading edge of 
'clk_sys'
Path Groups: {clk_sys}
Analysis View: tc_view
Other End Arrival Time          0.000
- External Delay                0.500
+ Phase Shift                   6.250
- Uncertainty                   0.300
= Required Time                 5.450
- Arrival Time                  4.844
= Slack Time                    0.606
     Clock Rise Edge                 0.000
     + Clock Network Latency (Ideal) 0.000
     = Beginpoint Arrival Time       0.000
     +-------------------------------------------------------------------------------------------+ 
     |           Instance            |       Arc        |   Cell    | Delay | Arrival | Required | 
     |                               |                  |           |       |  Time   |   Time   | 
     |-------------------------------+------------------+-----------+-------+---------+----------| 
     | u_core_u_fifo_rd_ptr_q_reg[0] | C ^              |           |       |   0.000 |    0.606 | 
     | u_core_u_fifo_rd_ptr_q_reg[0] | C ^ -> Q v       | DFRQHDX1  | 0.705 |   0.705 |    1.311 | 
     | g83760                        | AN v -> Q v      | NO2I1HDX1 | 0.290 |   0.995 |    1.601 | 
     | g83761                        | AN v -> Q v      | NO2I1HDX1 | 0.218 |   1.212 |    1.818 | 
     | FE_OFC643_n_9948              | A v -> Q v       | BUHDX2    | 0.288 |   1.500 |    2.106 | 
     | g83582                        | A v -> Q ^       | NA2HDX1   | 0.362 |   1.862 |    2.468 | 
     | drc_bufs12421                 | A ^ -> Q v       | INHDX4    | 0.311 |   2.173 |    2.779 | 
     | FE_OFC751_n_7692              | A v -> Q v       | BUHDX4    | 0.383 |   2.556 |    3.162 | 
     | g11613                        | A v -> Q ^       | AN22HDX1  | 0.366 |   2.922 |    3.528 | 
     | g10403                        | C ^ -> Q ^       | AND4HDX1  | 0.436 |   3.358 |    3.964 | 
     | g10271                        | A ^ -> Q v       | NA4HDX1   | 0.176 |   3.533 |    4.139 | 
     | FE_OFC1061_n_9480             | A v -> Q v       | BUHDX1    | 0.333 |   3.866 |    4.472 | 
     | g10213                        | A v -> Q ^       | NO3HDX1   | 0.259 |   4.125 |    4.731 | 
     | FE_OFC1137_n_9538             | A ^ -> Q ^       | BUHDX2    | 0.416 |   4.541 |    5.147 | 
     | g10182                        | D ^ -> Q v       | NA5I3HDX1 | 0.298 |   4.839 |    5.445 | 
     |                               | acq_data_o[33] v |           | 0.005 |   4.844 |    5.450 | 
     +-------------------------------------------------------------------------------------------+ 
Path 26: MET Late External Delay Assertion 
Endpoint:   acq_data_o[40]                  (v) checked with  leading edge of 
'clk_sys'
Beginpoint: u_core_u_fifo_rd_ptr_q_reg[0]/Q (v) triggered by  leading edge of 
'clk_sys'
Path Groups: {clk_sys}
Analysis View: tc_view
Other End Arrival Time          0.000
- External Delay                0.500
+ Phase Shift                   6.250
- Uncertainty                   0.300
= Required Time                 5.450
- Arrival Time                  4.832
= Slack Time                    0.618
     Clock Rise Edge                 0.000
     + Clock Network Latency (Ideal) 0.000
     = Beginpoint Arrival Time       0.000
     +-------------------------------------------------------------------------------------------+ 
     |           Instance            |       Arc        |   Cell    | Delay | Arrival | Required | 
     |                               |                  |           |       |  Time   |   Time   | 
     |-------------------------------+------------------+-----------+-------+---------+----------| 
     | u_core_u_fifo_rd_ptr_q_reg[0] | C ^              |           |       |   0.000 |    0.618 | 
     | u_core_u_fifo_rd_ptr_q_reg[0] | C ^ -> Q v       | DFRQHDX1  | 0.705 |   0.705 |    1.323 | 
     | g83760                        | AN v -> Q v      | NO2I1HDX1 | 0.290 |   0.995 |    1.613 | 
     | g83761                        | AN v -> Q v      | NO2I1HDX1 | 0.218 |   1.212 |    1.830 | 
     | FE_OFC643_n_9948              | A v -> Q v       | BUHDX2    | 0.288 |   1.500 |    2.118 | 
     | g83582                        | A v -> Q ^       | NA2HDX1   | 0.362 |   1.862 |    2.480 | 
     | drc_bufs12421                 | A ^ -> Q v       | INHDX4    | 0.311 |   2.173 |    2.791 | 
     | FE_OFC751_n_7692              | A v -> Q v       | BUHDX4    | 0.383 |   2.557 |    3.175 | 
     | g11498                        | A v -> Q ^       | AN22HDX1  | 0.296 |   2.853 |    3.471 | 
     | g10375                        | C ^ -> Q ^       | AND4HDX1  | 0.376 |   3.229 |    3.847 | 
     | g10243                        | A ^ -> Q v       | NA4HDX1   | 0.240 |   3.468 |    4.086 | 
     | FE_OFC1089_n_9508             | A v -> Q v       | BUHDX1    | 0.429 |   3.897 |    4.515 | 
     | g10198                        | A v -> Q ^       | NO3HDX1   | 0.306 |   4.203 |    4.821 | 
     | FE_OFC1152_n_9553             | A ^ -> Q ^       | BUHDX2    | 0.371 |   4.574 |    5.192 | 
     | g10155                        | D ^ -> Q v       | NA5I3HDX2 | 0.253 |   4.827 |    5.445 | 
     |                               | acq_data_o[40] v |           | 0.005 |   4.832 |    5.450 | 
     +-------------------------------------------------------------------------------------------+ 
Path 27: MET Late External Delay Assertion 
Endpoint:   acq_data_o[2]                   (v) checked with  leading edge of 
'clk_sys'
Beginpoint: u_core_u_fifo_rd_ptr_q_reg[0]/Q (v) triggered by  leading edge of 
'clk_sys'
Path Groups: {clk_sys}
Analysis View: tc_view
Other End Arrival Time          0.000
- External Delay                0.500
+ Phase Shift                   6.250
- Uncertainty                   0.300
= Required Time                 5.450
- Arrival Time                  4.793
= Slack Time                    0.657
     Clock Rise Edge                 0.000
     + Clock Network Latency (Ideal) 0.000
     = Beginpoint Arrival Time       0.000
     +------------------------------------------------------------------------------------------+ 
     |           Instance            |       Arc       |   Cell    | Delay | Arrival | Required | 
     |                               |                 |           |       |  Time   |   Time   | 
     |-------------------------------+-----------------+-----------+-------+---------+----------| 
     | u_core_u_fifo_rd_ptr_q_reg[0] | C ^             |           |       |   0.000 |    0.657 | 
     | u_core_u_fifo_rd_ptr_q_reg[0] | C ^ -> Q v      | DFRQHDX1  | 0.705 |   0.705 |    1.362 | 
     | g83760                        | AN v -> Q v     | NO2I1HDX1 | 0.290 |   0.995 |    1.652 | 
     | g83761                        | AN v -> Q v     | NO2I1HDX1 | 0.218 |   1.212 |    1.870 | 
     | FE_OFC643_n_9948              | A v -> Q v      | BUHDX2    | 0.288 |   1.500 |    2.157 | 
     | g83596                        | A v -> Q ^      | NA2HDX1   | 0.288 |   1.788 |    2.445 | 
     | drc_bufs12759                 | A ^ -> Q v      | INHDX4    | 0.307 |   2.095 |    2.752 | 
     | FE_OFC819_n_7640              | A v -> Q v      | BUHDX4    | 0.375 |   2.470 |    3.127 | 
     | g11112                        | A v -> Q ^      | AN22HDX1  | 0.300 |   2.770 |    3.427 | 
     | g10409                        | A ^ -> Q ^      | AND4HDX1  | 0.406 |   3.176 |    3.833 | 
     | g10277                        | A ^ -> Q v      | NA4HDX1   | 0.174 |   3.350 |    4.008 | 
     | FE_OFC1056_n_9474             | A v -> Q v      | BUHDX1    | 0.413 |   3.764 |    4.421 | 
     | g10233                        | A v -> Q ^      | NO3HDX1   | 0.454 |   4.217 |    4.875 | 
     | FE_OFC1117_n_9518             | A ^ -> Q ^      | BUHDX2    | 0.366 |   4.583 |    5.240 | 
     | g10190                        | D ^ -> Q v      | NA5I3HDX1 | 0.204 |   4.788 |    5.445 | 
     |                               | acq_data_o[2] v |           | 0.005 |   4.793 |    5.450 | 
     +------------------------------------------------------------------------------------------+ 
Path 28: MET Late External Delay Assertion 
Endpoint:   acq_data_o[41]                  (v) checked with  leading edge of 
'clk_sys'
Beginpoint: u_core_u_fifo_rd_ptr_q_reg[0]/Q (v) triggered by  leading edge of 
'clk_sys'
Path Groups: {clk_sys}
Analysis View: tc_view
Other End Arrival Time          0.000
- External Delay                0.500
+ Phase Shift                   6.250
- Uncertainty                   0.300
= Required Time                 5.450
- Arrival Time                  4.781
= Slack Time                    0.669
     Clock Rise Edge                 0.000
     + Clock Network Latency (Ideal) 0.000
     = Beginpoint Arrival Time       0.000
     +-------------------------------------------------------------------------------------------+ 
     |           Instance            |       Arc        |   Cell    | Delay | Arrival | Required | 
     |                               |                  |           |       |  Time   |   Time   | 
     |-------------------------------+------------------+-----------+-------+---------+----------| 
     | u_core_u_fifo_rd_ptr_q_reg[0] | C ^              |           |       |   0.000 |    0.669 | 
     | u_core_u_fifo_rd_ptr_q_reg[0] | C ^ -> Q v       | DFRQHDX1  | 0.705 |   0.705 |    1.374 | 
     | g83760                        | AN v -> Q v      | NO2I1HDX1 | 0.290 |   0.995 |    1.663 | 
     | g83761                        | AN v -> Q v      | NO2I1HDX1 | 0.218 |   1.212 |    1.881 | 
     | FE_OFC643_n_9948              | A v -> Q v       | BUHDX2    | 0.288 |   1.500 |    2.169 | 
     | g83587                        | A v -> Q ^       | NA2HDX1   | 0.366 |   1.866 |    2.535 | 
     | drc_bufs12538                 | A ^ -> Q v       | INHDX6    | 0.333 |   2.199 |    2.868 | 
     | FE_OFC2179_n_7674             | A v -> Q v       | BUHDX2    | 0.380 |   2.579 |    3.248 | 
     | g11487                        | A v -> Q ^       | AN22HDX1  | 0.291 |   2.870 |    3.539 | 
     | g10372                        | D ^ -> Q ^       | AND4HDX1  | 0.445 |   3.316 |    3.984 | 
     | g10240                        | A ^ -> Q v       | NA4HDX1   | 0.252 |   3.567 |    4.236 | 
     | FE_OFC1092_n_9511             | A v -> Q v       | BUHDX1    | 0.343 |   3.910 |    4.579 | 
     | g10193                        | A v -> Q ^       | NO3HDX1   | 0.286 |   4.196 |    4.865 | 
     | FE_OFC1338_n_9558             | A ^ -> Q ^       | BUHDX2    | 0.349 |   4.545 |    5.214 | 
     | g10150                        | D ^ -> Q v       | NA5I3HDX2 | 0.232 |   4.777 |    5.445 | 
     |                               | acq_data_o[41] v |           | 0.004 |   4.781 |    5.450 | 
     +-------------------------------------------------------------------------------------------+ 
Path 29: MET Late External Delay Assertion 
Endpoint:   acq_data_o[31]                  (v) checked with  leading edge of 
'clk_sys'
Beginpoint: u_core_u_fifo_rd_ptr_q_reg[0]/Q (v) triggered by  leading edge of 
'clk_sys'
Path Groups: {clk_sys}
Analysis View: tc_view
Other End Arrival Time          0.000
- External Delay                0.500
+ Phase Shift                   6.250
- Uncertainty                   0.300
= Required Time                 5.450
- Arrival Time                  4.781
= Slack Time                    0.669
     Clock Rise Edge                 0.000
     + Clock Network Latency (Ideal) 0.000
     = Beginpoint Arrival Time       0.000
     +-------------------------------------------------------------------------------------------+ 
     |           Instance            |       Arc        |   Cell    | Delay | Arrival | Required | 
     |                               |                  |           |       |  Time   |   Time   | 
     |-------------------------------+------------------+-----------+-------+---------+----------| 
     | u_core_u_fifo_rd_ptr_q_reg[0] | C ^              |           |       |   0.000 |    0.669 | 
     | u_core_u_fifo_rd_ptr_q_reg[0] | C ^ -> Q v       | DFRQHDX1  | 0.705 |   0.705 |    1.374 | 
     | g83760                        | AN v -> Q v      | NO2I1HDX1 | 0.290 |   0.995 |    1.664 | 
     | g83761                        | AN v -> Q v      | NO2I1HDX1 | 0.218 |   1.212 |    1.882 | 
     | FE_OFC643_n_9948              | A v -> Q v       | BUHDX2    | 0.288 |   1.500 |    2.169 | 
     | g83582                        | A v -> Q ^       | NA2HDX1   | 0.362 |   1.862 |    2.531 | 
     | drc_bufs12421                 | A ^ -> Q v       | INHDX4    | 0.311 |   2.173 |    2.842 | 
     | FE_OFC751_n_7692              | A v -> Q v       | BUHDX4    | 0.383 |   2.557 |    3.226 | 
     | g11469                        | A v -> Q ^       | AN22HDX1  | 0.349 |   2.905 |    3.574 | 
     | g10367                        | C ^ -> Q ^       | AND4HDX1  | 0.453 |   3.358 |    4.027 | 
     | g10246                        | A ^ -> Q v       | NA4HDX1   | 0.400 |   3.758 |    4.427 | 
     | g10234                        | A v -> Q ^       | NO3HDX1   | 0.308 |   4.066 |    4.735 | 
     | FE_OFC1384_n_9517             | A ^ -> Q ^       | BUHDX2    | 0.380 |   4.446 |    5.115 | 
     | g10189                        | D ^ -> Q v       | NA5I3HDX1 | 0.331 |   4.776 |    5.445 | 
     |                               | acq_data_o[31] v |           | 0.005 |   4.781 |    5.450 | 
     +-------------------------------------------------------------------------------------------+ 
Path 30: MET Late External Delay Assertion 
Endpoint:   acq_data_o[51]                  (v) checked with  leading edge of 
'clk_sys'
Beginpoint: u_core_u_fifo_rd_ptr_q_reg[0]/Q (v) triggered by  leading edge of 
'clk_sys'
Path Groups: {clk_sys}
Analysis View: tc_view
Other End Arrival Time          0.000
- External Delay                0.500
+ Phase Shift                   6.250
- Uncertainty                   0.300
= Required Time                 5.450
- Arrival Time                  4.779
= Slack Time                    0.671
     Clock Rise Edge                 0.000
     + Clock Network Latency (Ideal) 0.000
     = Beginpoint Arrival Time       0.000
     +-------------------------------------------------------------------------------------------+ 
     |           Instance            |       Arc        |   Cell    | Delay | Arrival | Required | 
     |                               |                  |           |       |  Time   |   Time   | 
     |-------------------------------+------------------+-----------+-------+---------+----------| 
     | u_core_u_fifo_rd_ptr_q_reg[0] | C ^              |           |       |   0.000 |    0.671 | 
     | u_core_u_fifo_rd_ptr_q_reg[0] | C ^ -> Q v       | DFRQHDX1  | 0.705 |   0.705 |    1.376 | 
     | g83760                        | AN v -> Q v      | NO2I1HDX1 | 0.290 |   0.995 |    1.666 | 
     | g83761                        | AN v -> Q v      | NO2I1HDX1 | 0.218 |   1.212 |    1.884 | 
     | FE_OFC643_n_9948              | A v -> Q v       | BUHDX2    | 0.288 |   1.500 |    2.171 | 
     | g83587                        | A v -> Q ^       | NA2HDX1   | 0.366 |   1.866 |    2.537 | 
     | drc_bufs12538                 | A ^ -> Q v       | INHDX6    | 0.333 |   2.199 |    2.870 | 
     | FE_OFC2179_n_7674             | A v -> Q v       | BUHDX2    | 0.380 |   2.579 |    3.250 | 
     | g11514                        | A v -> Q ^       | AN22HDX1  | 0.308 |   2.887 |    3.558 | 
     | g10379                        | D ^ -> Q ^       | AND4HDX2  | 0.426 |   3.313 |    3.984 | 
     | g10247                        | A ^ -> Q v       | NA4HDX1   | 0.224 |   3.537 |    4.208 | 
     | FE_OFC1085_n_9504             | A v -> Q v       | BUHDX1    | 0.423 |   3.960 |    4.631 | 
     | g10192                        | A v -> Q ^       | NO3HDX1   | 0.282 |   4.242 |    4.913 | 
     | FE_OFC1376_n_9559             | A ^ -> Q ^       | BUHDX2    | 0.314 |   4.556 |    5.227 | 
     | g10148                        | D ^ -> Q v       | NA5I3HDX1 | 0.218 |   4.774 |    5.445 | 
     |                               | acq_data_o[51] v |           | 0.005 |   4.779 |    5.450 | 
     +-------------------------------------------------------------------------------------------+ 
Path 31: MET Late External Delay Assertion 
Endpoint:   acq_data_o[30]                  (v) checked with  leading edge of 
'clk_sys'
Beginpoint: u_core_u_fifo_rd_ptr_q_reg[0]/Q (v) triggered by  leading edge of 
'clk_sys'
Path Groups: {clk_sys}
Analysis View: tc_view
Other End Arrival Time          0.000
- External Delay                0.500
+ Phase Shift                   6.250
- Uncertainty                   0.300
= Required Time                 5.450
- Arrival Time                  4.764
= Slack Time                    0.686
     Clock Rise Edge                 0.000
     + Clock Network Latency (Ideal) 0.000
     = Beginpoint Arrival Time       0.000
     +-------------------------------------------------------------------------------------------+ 
     |           Instance            |       Arc        |   Cell    | Delay | Arrival | Required | 
     |                               |                  |           |       |  Time   |   Time   | 
     |-------------------------------+------------------+-----------+-------+---------+----------| 
     | u_core_u_fifo_rd_ptr_q_reg[0] | C ^              |           |       |   0.000 |    0.686 | 
     | u_core_u_fifo_rd_ptr_q_reg[0] | C ^ -> Q v       | DFRQHDX1  | 0.705 |   0.705 |    1.391 | 
     | g83760                        | AN v -> Q v      | NO2I1HDX1 | 0.290 |   0.995 |    1.681 | 
     | g83761                        | AN v -> Q v      | NO2I1HDX1 | 0.218 |   1.212 |    1.899 | 
     | FE_OFC643_n_9948              | A v -> Q v       | BUHDX2    | 0.288 |   1.500 |    2.186 | 
     | g83596                        | A v -> Q ^       | NA2HDX1   | 0.288 |   1.788 |    2.474 | 
     | drc_bufs12759                 | A ^ -> Q v       | INHDX4    | 0.307 |   2.095 |    2.781 | 
     | FE_OFC819_n_7640              | A v -> Q v       | BUHDX4    | 0.375 |   2.470 |    3.156 | 
     | g11033                        | A v -> Q ^       | AN22HDX1  | 0.278 |   2.748 |    3.434 | 
     | g10370                        | A ^ -> Q ^       | AND4HDX0  | 0.475 |   3.223 |    3.909 | 
     | g10239                        | A ^ -> Q v       | NA4HDX1   | 0.182 |   3.405 |    4.091 | 
     | FE_OFC994_n_9512              | A v -> Q v       | BUHDX1    | 0.345 |   3.750 |    4.437 | 
     | g10194                        | A v -> Q ^       | NO3HDX1   | 0.201 |   3.951 |    4.638 | 
     | FE_OFC1097_n_9557             | A ^ -> Q v       | INHDX0    | 0.147 |   4.099 |    4.785 | 
     | FE_OFC1098_n_9557             | A v -> Q ^       | INHDX2    | 0.409 |   4.507 |    5.194 | 
     | g10151                        | D ^ -> Q v       | NA5I3HDX1 | 0.251 |   4.759 |    5.445 | 
     |                               | acq_data_o[30] v |           | 0.005 |   4.764 |    5.450 | 
     +-------------------------------------------------------------------------------------------+ 
Path 32: MET Late External Delay Assertion 
Endpoint:   acq_data_o[10]                  (v) checked with  leading edge of 
'clk_sys'
Beginpoint: u_core_u_fifo_rd_ptr_q_reg[0]/Q (v) triggered by  leading edge of 
'clk_sys'
Path Groups: {clk_sys}
Analysis View: tc_view
Other End Arrival Time          0.000
- External Delay                0.500
+ Phase Shift                   6.250
- Uncertainty                   0.300
= Required Time                 5.450
- Arrival Time                  4.730
= Slack Time                    0.720
     Clock Rise Edge                 0.000
     + Clock Network Latency (Ideal) 0.000
     = Beginpoint Arrival Time       0.000
     +-------------------------------------------------------------------------------------------+ 
     |           Instance            |       Arc        |   Cell    | Delay | Arrival | Required | 
     |                               |                  |           |       |  Time   |   Time   | 
     |-------------------------------+------------------+-----------+-------+---------+----------| 
     | u_core_u_fifo_rd_ptr_q_reg[0] | C ^              |           |       |   0.000 |    0.720 | 
     | u_core_u_fifo_rd_ptr_q_reg[0] | C ^ -> Q v       | DFRQHDX1  | 0.705 |   0.705 |    1.425 | 
     | g83760                        | AN v -> Q v      | NO2I1HDX1 | 0.290 |   0.995 |    1.715 | 
     | g83761                        | AN v -> Q v      | NO2I1HDX1 | 0.218 |   1.212 |    1.933 | 
     | FE_OFC643_n_9948              | A v -> Q v       | BUHDX2    | 0.288 |   1.500 |    2.221 | 
     | g83596                        | A v -> Q ^       | NA2HDX1   | 0.288 |   1.788 |    2.508 | 
     | drc_bufs12759                 | A ^ -> Q v       | INHDX4    | 0.307 |   2.095 |    2.815 | 
     | FE_OFC819_n_7640              | A v -> Q v       | BUHDX4    | 0.375 |   2.470 |    3.190 | 
     | g11086                        | A v -> Q ^       | AN22HDX1  | 0.310 |   2.780 |    3.500 | 
     | g10396                        | A ^ -> Q ^       | AND4HDX1  | 0.306 |   3.086 |    3.806 | 
     | g10265                        | A ^ -> Q v       | NA4HDX1   | 0.176 |   3.262 |    3.983 | 
     | FE_OFC1067_n_9486             | A v -> Q v       | BUHDX1    | 0.357 |   3.620 |    4.340 | 
     | g10219                        | A v -> Q ^       | NO3HDX1   | 0.410 |   4.030 |    4.750 | 
     | FE_OFC1131_n_9532             | A ^ -> Q ^       | BUHDX2    | 0.394 |   4.423 |    5.144 | 
     | g10177                        | D ^ -> Q v       | NA5I3HDX1 | 0.301 |   4.725 |    5.445 | 
     |                               | acq_data_o[10] v |           | 0.005 |   4.730 |    5.450 | 
     +-------------------------------------------------------------------------------------------+ 
Path 33: MET Late External Delay Assertion 
Endpoint:   acq_data_o[39]                  (v) checked with  leading edge of 
'clk_sys'
Beginpoint: u_core_u_fifo_rd_ptr_q_reg[0]/Q (v) triggered by  leading edge of 
'clk_sys'
Path Groups: {clk_sys}
Analysis View: tc_view
Other End Arrival Time          0.000
- External Delay                0.500
+ Phase Shift                   6.250
- Uncertainty                   0.300
= Required Time                 5.450
- Arrival Time                  4.725
= Slack Time                    0.725
     Clock Rise Edge                 0.000
     + Clock Network Latency (Ideal) 0.000
     = Beginpoint Arrival Time       0.000
     +-------------------------------------------------------------------------------------------+ 
     |           Instance            |       Arc        |   Cell    | Delay | Arrival | Required | 
     |                               |                  |           |       |  Time   |   Time   | 
     |-------------------------------+------------------+-----------+-------+---------+----------| 
     | u_core_u_fifo_rd_ptr_q_reg[0] | C ^              |           |       |   0.000 |    0.725 | 
     | u_core_u_fifo_rd_ptr_q_reg[0] | C ^ -> Q v       | DFRQHDX1  | 0.705 |   0.705 |    1.430 | 
     | g83760                        | AN v -> Q v      | NO2I1HDX1 | 0.290 |   0.995 |    1.720 | 
     | g83761                        | AN v -> Q v      | NO2I1HDX1 | 0.218 |   1.212 |    1.937 | 
     | FE_OFC643_n_9948              | A v -> Q v       | BUHDX2    | 0.288 |   1.500 |    2.225 | 
     | g83587                        | A v -> Q ^       | NA2HDX1   | 0.366 |   1.866 |    2.591 | 
     | drc_bufs12538                 | A ^ -> Q v       | INHDX6    | 0.333 |   2.199 |    2.924 | 
     | FE_OFC2179_n_7674             | A v -> Q v       | BUHDX2    | 0.380 |   2.579 |    3.304 | 
     | g11519                        | A v -> Q ^       | AN22HDX1  | 0.281 |   2.860 |    3.585 | 
     | g10380                        | D ^ -> Q ^       | AND4HDX1  | 0.471 |   3.331 |    4.056 | 
     | g10248                        | A ^ -> Q v       | NA4HDX1   | 0.205 |   3.536 |    4.261 | 
     | FE_OFC1084_n_9503             | A v -> Q v       | BUHDX1    | 0.296 |   3.832 |    4.558 | 
     | g10203                        | A v -> Q ^       | NO3HDX1   | 0.243 |   4.076 |    4.801 | 
     | FE_OFC1147_n_9548             | A ^ -> Q ^       | BUHDX2    | 0.371 |   4.446 |    5.171 | 
     | g10147                        | D ^ -> Q v       | NA5I3HDX2 | 0.274 |   4.720 |    5.445 | 
     |                               | acq_data_o[39] v |           | 0.004 |   4.725 |    5.450 | 
     +-------------------------------------------------------------------------------------------+ 
Path 34: MET Late External Delay Assertion 
Endpoint:   acq_data_o[3]                   (v) checked with  leading edge of 
'clk_sys'
Beginpoint: u_core_u_fifo_rd_ptr_q_reg[0]/Q (v) triggered by  leading edge of 
'clk_sys'
Path Groups: {clk_sys}
Analysis View: tc_view
Other End Arrival Time          0.000
- External Delay                0.500
+ Phase Shift                   6.250
- Uncertainty                   0.300
= Required Time                 5.450
- Arrival Time                  4.709
= Slack Time                    0.740
     Clock Rise Edge                 0.000
     + Clock Network Latency (Ideal) 0.000
     = Beginpoint Arrival Time       0.000
     +------------------------------------------------------------------------------------------+ 
     |           Instance            |       Arc       |   Cell    | Delay | Arrival | Required | 
     |                               |                 |           |       |  Time   |   Time   | 
     |-------------------------------+-----------------+-----------+-------+---------+----------| 
     | u_core_u_fifo_rd_ptr_q_reg[0] | C ^             |           |       |   0.000 |    0.740 | 
     | u_core_u_fifo_rd_ptr_q_reg[0] | C ^ -> Q v      | DFRQHDX1  | 0.705 |   0.705 |    1.445 | 
     | g83760                        | AN v -> Q v     | NO2I1HDX1 | 0.290 |   0.995 |    1.735 | 
     | g83761                        | AN v -> Q v     | NO2I1HDX1 | 0.218 |   1.212 |    1.953 | 
     | FE_OFC643_n_9948              | A v -> Q v      | BUHDX2    | 0.288 |   1.500 |    2.241 | 
     | g83587                        | A v -> Q ^      | NA2HDX1   | 0.366 |   1.866 |    2.606 | 
     | drc_bufs12538                 | A ^ -> Q v      | INHDX6    | 0.333 |   2.199 |    2.940 | 
     | g11633                        | A v -> Q ^      | AN22HDX1  | 0.356 |   2.555 |    3.296 | 
     | g10407                        | D ^ -> Q ^      | AND4HDX1  | 0.422 |   2.977 |    3.718 | 
     | g10275                        | A ^ -> Q v      | NA4HDX1   | 0.164 |   3.141 |    3.882 | 
     | FE_OFC1058_n_9476             | A v -> Q v      | BUHDX1    | 0.546 |   3.687 |    4.428 | 
     | g10231                        | A v -> Q ^      | NO3HDX1   | 0.454 |   4.142 |    4.882 | 
     | FE_OFC1325_n_9520             | A ^ -> Q ^      | BUHDX2    | 0.354 |   4.496 |    5.236 | 
     | g10188                        | D ^ -> Q v      | NA5I3HDX1 | 0.209 |   4.704 |    5.445 | 
     |                               | acq_data_o[3] v |           | 0.005 |   4.709 |    5.450 | 
     +------------------------------------------------------------------------------------------+ 
Path 35: MET Late External Delay Assertion 
Endpoint:   acq_data_o[34]                  (v) checked with  leading edge of 
'clk_sys'
Beginpoint: u_core_u_fifo_rd_ptr_q_reg[0]/Q (v) triggered by  leading edge of 
'clk_sys'
Path Groups: {clk_sys}
Analysis View: tc_view
Other End Arrival Time          0.000
- External Delay                0.500
+ Phase Shift                   6.250
- Uncertainty                   0.300
= Required Time                 5.450
- Arrival Time                  4.700
= Slack Time                    0.750
     Clock Rise Edge                 0.000
     + Clock Network Latency (Ideal) 0.000
     = Beginpoint Arrival Time       0.000
     +-------------------------------------------------------------------------------------------+ 
     |           Instance            |       Arc        |   Cell    | Delay | Arrival | Required | 
     |                               |                  |           |       |  Time   |   Time   | 
     |-------------------------------+------------------+-----------+-------+---------+----------| 
     | u_core_u_fifo_rd_ptr_q_reg[0] | C ^              |           |       |   0.000 |    0.750 | 
     | u_core_u_fifo_rd_ptr_q_reg[0] | C ^ -> Q v       | DFRQHDX1  | 0.705 |   0.705 |    1.455 | 
     | g83760                        | AN v -> Q v      | NO2I1HDX1 | 0.290 |   0.995 |    1.745 | 
     | g83761                        | AN v -> Q v      | NO2I1HDX1 | 0.218 |   1.212 |    1.963 | 
     | FE_OFC643_n_9948              | A v -> Q v       | BUHDX2    | 0.288 |   1.500 |    2.251 | 
     | g83582                        | A v -> Q ^       | NA2HDX1   | 0.362 |   1.862 |    2.612 | 
     | drc_bufs12421                 | A ^ -> Q v       | INHDX4    | 0.311 |   2.173 |    2.924 | 
     | FE_OFC751_n_7692              | A v -> Q v       | BUHDX4    | 0.383 |   2.556 |    3.307 | 
     | g11594                        | A v -> Q ^       | AN22HDX1  | 0.324 |   2.881 |    3.631 | 
     | g10399                        | C ^ -> Q ^       | AND4HDX1  | 0.369 |   3.249 |    4.000 | 
     | g10267                        | A ^ -> Q v       | NA4HDX1   | 0.185 |   3.434 |    4.185 | 
     | FE_OFC1065_n_9484             | A v -> Q v       | BUHDX1    | 0.301 |   3.735 |    4.485 | 
     | g10222                        | A v -> Q ^       | NO3HDX1   | 0.244 |   3.979 |    4.729 | 
     | FE_OFC1128_n_9529             | A ^ -> Q ^       | BUHDX2    | 0.402 |   4.381 |    5.132 | 
     | g10178                        | D ^ -> Q v       | NA5I3HDX1 | 0.314 |   4.695 |    5.445 | 
     |                               | acq_data_o[34] v |           | 0.005 |   4.700 |    5.450 | 
     +-------------------------------------------------------------------------------------------+ 
Path 36: MET Late External Delay Assertion 
Endpoint:   acq_data_o[46]                  (v) checked with  leading edge of 
'clk_sys'
Beginpoint: u_core_u_fifo_rd_ptr_q_reg[0]/Q (v) triggered by  leading edge of 
'clk_sys'
Path Groups: {clk_sys}
Analysis View: tc_view
Other End Arrival Time          0.000
- External Delay                0.500
+ Phase Shift                   6.250
- Uncertainty                   0.300
= Required Time                 5.450
- Arrival Time                  4.693
= Slack Time                    0.757
     Clock Rise Edge                 0.000
     + Clock Network Latency (Ideal) 0.000
     = Beginpoint Arrival Time       0.000
     +-------------------------------------------------------------------------------------------+ 
     |           Instance            |       Arc        |   Cell    | Delay | Arrival | Required | 
     |                               |                  |           |       |  Time   |   Time   | 
     |-------------------------------+------------------+-----------+-------+---------+----------| 
     | u_core_u_fifo_rd_ptr_q_reg[0] | C ^              |           |       |   0.000 |    0.757 | 
     | u_core_u_fifo_rd_ptr_q_reg[0] | C ^ -> Q v       | DFRQHDX1  | 0.705 |   0.705 |    1.462 | 
     | g83760                        | AN v -> Q v      | NO2I1HDX1 | 0.290 |   0.995 |    1.752 | 
     | g83761                        | AN v -> Q v      | NO2I1HDX1 | 0.218 |   1.212 |    1.970 | 
     | FE_OFC643_n_9948              | A v -> Q v       | BUHDX2    | 0.288 |   1.500 |    2.257 | 
     | g83582                        | A v -> Q ^       | NA2HDX1   | 0.362 |   1.862 |    2.619 | 
     | drc_bufs12421                 | A ^ -> Q v       | INHDX4    | 0.311 |   2.173 |    2.930 | 
     | FE_OFC751_n_7692              | A v -> Q v       | BUHDX4    | 0.383 |   2.556 |    3.314 | 
     | g11509                        | A v -> Q ^       | AN22HDX1  | 0.274 |   2.831 |    3.588 | 
     | g10377                        | C ^ -> Q ^       | AND4HDX1  | 0.371 |   3.202 |    3.960 | 
     | g10245                        | A ^ -> Q v       | NA4HDX1   | 0.171 |   3.373 |    4.130 | 
     | FE_OFC1087_n_9506             | A v -> Q v       | BUHDX1    | 0.341 |   3.714 |    4.472 | 
     | g10199                        | A v -> Q ^       | NO3HDX1   | 0.266 |   3.980 |    4.738 | 
     | FE_OFC1151_n_9552             | A ^ -> Q ^       | BUHDX2    | 0.398 |   4.378 |    5.136 | 
     | g10154                        | D ^ -> Q v       | NA5I3HDX1 | 0.310 |   4.688 |    5.445 | 
     |                               | acq_data_o[46] v |           | 0.005 |   4.693 |    5.450 | 
     +-------------------------------------------------------------------------------------------+ 
Path 37: MET Late External Delay Assertion 
Endpoint:   acq_data_o[43]                  (v) checked with  leading edge of 
'clk_sys'
Beginpoint: u_core_u_fifo_rd_ptr_q_reg[0]/Q (v) triggered by  leading edge of 
'clk_sys'
Path Groups: {clk_sys}
Analysis View: tc_view
Other End Arrival Time          0.000
- External Delay                0.500
+ Phase Shift                   6.250
- Uncertainty                   0.300
= Required Time                 5.450
- Arrival Time                  4.684
= Slack Time                    0.766
     Clock Rise Edge                 0.000
     + Clock Network Latency (Ideal) 0.000
     = Beginpoint Arrival Time       0.000
     +-------------------------------------------------------------------------------------------+ 
     |           Instance            |       Arc        |   Cell    | Delay | Arrival | Required | 
     |                               |                  |           |       |  Time   |   Time   | 
     |-------------------------------+------------------+-----------+-------+---------+----------| 
     | u_core_u_fifo_rd_ptr_q_reg[0] | C ^              |           |       |   0.000 |    0.766 | 
     | u_core_u_fifo_rd_ptr_q_reg[0] | C ^ -> Q v       | DFRQHDX1  | 0.705 |   0.705 |    1.471 | 
     | g83760                        | AN v -> Q v      | NO2I1HDX1 | 0.290 |   0.995 |    1.761 | 
     | g83761                        | AN v -> Q v      | NO2I1HDX1 | 0.218 |   1.212 |    1.979 | 
     | FE_OFC643_n_9948              | A v -> Q v       | BUHDX2    | 0.288 |   1.500 |    2.266 | 
     | g83587                        | A v -> Q ^       | NA2HDX1   | 0.366 |   1.866 |    2.632 | 
     | drc_bufs12538                 | A ^ -> Q v       | INHDX6    | 0.333 |   2.199 |    2.965 | 
     | FE_OFC2179_n_7674             | A v -> Q v       | BUHDX2    | 0.380 |   2.579 |    3.345 | 
     | g11609                        | A v -> Q ^       | AN22HDX1  | 0.276 |   2.855 |    3.621 | 
     | g10401                        | D ^ -> Q ^       | AND4HDX1  | 0.461 |   3.316 |    4.082 | 
     | g10269                        | A ^ -> Q v       | NA4HDX1   | 0.201 |   3.517 |    4.283 | 
     | FE_OFC1063_n_9482             | A v -> Q v       | BUHDX1    | 0.292 |   3.809 |    4.576 | 
     | g10220                        | A v -> Q ^       | NO3HDX1   | 0.256 |   4.065 |    4.831 | 
     | FE_OFC1130_n_9531             | A ^ -> Q ^       | BUHDX2    | 0.386 |   4.451 |    5.217 | 
     | g10176                        | D ^ -> Q v       | NA5I3HDX2 | 0.228 |   4.679 |    5.446 | 
     |                               | acq_data_o[43] v |           | 0.004 |   4.684 |    5.450 | 
     +-------------------------------------------------------------------------------------------+ 
Path 38: MET Late External Delay Assertion 
Endpoint:   acq_data_o[8]                   (v) checked with  leading edge of 
'clk_sys'
Beginpoint: u_core_u_fifo_rd_ptr_q_reg[0]/Q (v) triggered by  leading edge of 
'clk_sys'
Path Groups: {clk_sys}
Analysis View: tc_view
Other End Arrival Time          0.000
- External Delay                0.500
+ Phase Shift                   6.250
- Uncertainty                   0.300
= Required Time                 5.450
- Arrival Time                  4.679
= Slack Time                    0.771
     Clock Rise Edge                 0.000
     + Clock Network Latency (Ideal) 0.000
     = Beginpoint Arrival Time       0.000
     +------------------------------------------------------------------------------------------+ 
     |           Instance            |       Arc       |   Cell    | Delay | Arrival | Required | 
     |                               |                 |           |       |  Time   |   Time   | 
     |-------------------------------+-----------------+-----------+-------+---------+----------| 
     | u_core_u_fifo_rd_ptr_q_reg[0] | C ^             |           |       |   0.000 |    0.771 | 
     | u_core_u_fifo_rd_ptr_q_reg[0] | C ^ -> Q v      | DFRQHDX1  | 0.705 |   0.705 |    1.475 | 
     | g83760                        | AN v -> Q v     | NO2I1HDX1 | 0.290 |   0.995 |    1.765 | 
     | g83761                        | AN v -> Q v     | NO2I1HDX1 | 0.218 |   1.212 |    1.983 | 
     | FE_OFC643_n_9948              | A v -> Q v      | BUHDX2    | 0.288 |   1.500 |    2.271 | 
     | g83596                        | A v -> Q ^      | NA2HDX1   | 0.288 |   1.788 |    2.558 | 
     | drc_bufs12759                 | A ^ -> Q v      | INHDX4    | 0.307 |   2.095 |    2.865 | 
     | FE_OFC819_n_7640              | A v -> Q v      | BUHDX4    | 0.375 |   2.470 |    3.240 | 
     | g11088                        | A v -> Q ^      | AN22HDX1  | 0.293 |   2.763 |    3.534 | 
     | g10398                        | A ^ -> Q ^      | AND4HDX1  | 0.382 |   3.145 |    3.916 | 
     | g10266                        | A ^ -> Q v      | NA4HDX1   | 0.163 |   3.308 |    4.078 | 
     | FE_OFC1066_n_9485             | A v -> Q v      | BUHDX1    | 0.384 |   3.692 |    4.462 | 
     | g10221                        | A v -> Q ^      | NO3HDX1   | 0.337 |   4.028 |    4.799 | 
     | FE_OFC1129_n_9530             | A ^ -> Q ^      | BUHDX2    | 0.425 |   4.453 |    5.224 | 
     | g10179                        | D ^ -> Q v      | NA5I3HDX1 | 0.221 |   4.675 |    5.445 | 
     |                               | acq_data_o[8] v |           | 0.005 |   4.679 |    5.450 | 
     +------------------------------------------------------------------------------------------+ 
Path 39: MET Late External Delay Assertion 
Endpoint:   acq_data_o[13]                  (v) checked with  leading edge of 
'clk_sys'
Beginpoint: u_core_u_fifo_rd_ptr_q_reg[0]/Q (v) triggered by  leading edge of 
'clk_sys'
Path Groups: {clk_sys}
Analysis View: tc_view
Other End Arrival Time          0.000
- External Delay                0.500
+ Phase Shift                   6.250
- Uncertainty                   0.300
= Required Time                 5.450
- Arrival Time                  4.662
= Slack Time                    0.788
     Clock Rise Edge                 0.000
     + Clock Network Latency (Ideal) 0.000
     = Beginpoint Arrival Time       0.000
     +-------------------------------------------------------------------------------------------+ 
     |           Instance            |       Arc        |   Cell    | Delay | Arrival | Required | 
     |                               |                  |           |       |  Time   |   Time   | 
     |-------------------------------+------------------+-----------+-------+---------+----------| 
     | u_core_u_fifo_rd_ptr_q_reg[0] | C ^              |           |       |   0.000 |    0.788 | 
     | u_core_u_fifo_rd_ptr_q_reg[0] | C ^ -> Q v       | DFRQHDX1  | 0.705 |   0.705 |    1.493 | 
     | g83760                        | AN v -> Q v      | NO2I1HDX1 | 0.290 |   0.995 |    1.782 | 
     | g83761                        | AN v -> Q v      | NO2I1HDX1 | 0.218 |   1.212 |    2.000 | 
     | FE_OFC643_n_9948              | A v -> Q v       | BUHDX2    | 0.288 |   1.500 |    2.288 | 
     | g83596                        | A v -> Q ^       | NA2HDX1   | 0.288 |   1.788 |    2.575 | 
     | drc_bufs12759                 | A ^ -> Q v       | INHDX4    | 0.307 |   2.095 |    2.882 | 
     | FE_OFC819_n_7640              | A v -> Q v       | BUHDX4    | 0.375 |   2.470 |    3.258 | 
     | g11074                        | A v -> Q ^       | AN22HDX1  | 0.291 |   2.761 |    3.549 | 
     | g10390                        | A ^ -> Q ^       | AND4HDX1  | 0.322 |   3.083 |    3.870 | 
     | g10258                        | A ^ -> Q v       | NA4HDX1   | 0.224 |   3.307 |    4.094 | 
     | FE_OFC1074_n_9493             | A v -> Q v       | BUHDX1    | 0.394 |   3.700 |    4.488 | 
     | g10224                        | A v -> Q ^       | NO3HDX1   | 0.283 |   3.983 |    4.771 | 
     | FE_OFC1126_n_9527             | A ^ -> Q ^       | BUHDX2    | 0.413 |   4.397 |    5.184 | 
     | g10172                        | D ^ -> Q v       | NA5I3HDX2 | 0.261 |   4.658 |    5.445 | 
     |                               | acq_data_o[13] v |           | 0.005 |   4.662 |    5.450 | 
     +-------------------------------------------------------------------------------------------+ 
Path 40: MET Late External Delay Assertion 
Endpoint:   acq_data_o[32]                  (v) checked with  leading edge of 
'clk_sys'
Beginpoint: u_core_u_fifo_rd_ptr_q_reg[0]/Q (v) triggered by  leading edge of 
'clk_sys'
Path Groups: {clk_sys}
Analysis View: tc_view
Other End Arrival Time          0.000
- External Delay                0.500
+ Phase Shift                   6.250
- Uncertainty                   0.300
= Required Time                 5.450
- Arrival Time                  4.658
= Slack Time                    0.792
     Clock Rise Edge                 0.000
     + Clock Network Latency (Ideal) 0.000
     = Beginpoint Arrival Time       0.000
     +-------------------------------------------------------------------------------------------+ 
     |           Instance            |       Arc        |   Cell    | Delay | Arrival | Required | 
     |                               |                  |           |       |  Time   |   Time   | 
     |-------------------------------+------------------+-----------+-------+---------+----------| 
     | u_core_u_fifo_rd_ptr_q_reg[0] | C ^              |           |       |   0.000 |    0.792 | 
     | u_core_u_fifo_rd_ptr_q_reg[0] | C ^ -> Q v       | DFRQHDX1  | 0.705 |   0.705 |    1.497 | 
     | g83760                        | AN v -> Q v      | NO2I1HDX1 | 0.290 |   0.995 |    1.787 | 
     | g83761                        | AN v -> Q v      | NO2I1HDX1 | 0.218 |   1.212 |    2.005 | 
     | FE_OFC643_n_9948              | A v -> Q v       | BUHDX2    | 0.288 |   1.500 |    2.293 | 
     | g83582                        | A v -> Q ^       | NA2HDX1   | 0.362 |   1.862 |    2.654 | 
     | drc_bufs12421                 | A ^ -> Q v       | INHDX4    | 0.311 |   2.173 |    2.966 | 
     | FE_OFC751_n_7692              | A v -> Q v       | BUHDX4    | 0.383 |   2.556 |    3.349 | 
     | g11627                        | A v -> Q ^       | AN22HDX1  | 0.267 |   2.824 |    3.616 | 
     | g10406                        | C ^ -> Q ^       | AND4HDX1  | 0.358 |   3.181 |    3.974 | 
     | g10274                        | A ^ -> Q v       | NA4HDX1   | 0.214 |   3.396 |    4.188 | 
     | FE_OFC1059_n_9477             | A v -> Q v       | BUHDX1    | 0.321 |   3.717 |    4.510 | 
     | g10229                        | A v -> Q ^       | NO3HDX1   | 0.280 |   3.998 |    4.790 | 
     | FE_OFC1426_n_9522             | A ^ -> Q ^       | BUHDX2    | 0.353 |   4.351 |    5.143 | 
     | g10186                        | D ^ -> Q v       | NA5I3HDX1 | 0.302 |   4.653 |    5.445 | 
     |                               | acq_data_o[32] v |           | 0.005 |   4.658 |    5.450 | 
     +-------------------------------------------------------------------------------------------+ 
Path 41: MET Late External Delay Assertion 
Endpoint:   acq_data_o[12]                  (v) checked with  leading edge of 
'clk_sys'
Beginpoint: u_core_u_fifo_rd_ptr_q_reg[0]/Q (v) triggered by  leading edge of 
'clk_sys'
Path Groups: {clk_sys}
Analysis View: tc_view
Other End Arrival Time          0.000
- External Delay                0.500
+ Phase Shift                   6.250
- Uncertainty                   0.300
= Required Time                 5.450
- Arrival Time                  4.655
= Slack Time                    0.795
     Clock Rise Edge                 0.000
     + Clock Network Latency (Ideal) 0.000
     = Beginpoint Arrival Time       0.000
     +-------------------------------------------------------------------------------------------+ 
     |           Instance            |       Arc        |   Cell    | Delay | Arrival | Required | 
     |                               |                  |           |       |  Time   |   Time   | 
     |-------------------------------+------------------+-----------+-------+---------+----------| 
     | u_core_u_fifo_rd_ptr_q_reg[0] | C ^              |           |       |   0.000 |    0.795 | 
     | u_core_u_fifo_rd_ptr_q_reg[0] | C ^ -> Q v       | DFRQHDX1  | 0.705 |   0.705 |    1.500 | 
     | g83760                        | AN v -> Q v      | NO2I1HDX1 | 0.290 |   0.995 |    1.790 | 
     | g83761                        | AN v -> Q v      | NO2I1HDX1 | 0.218 |   1.212 |    2.008 | 
     | FE_OFC643_n_9948              | A v -> Q v       | BUHDX2    | 0.288 |   1.500 |    2.295 | 
     | g83596                        | A v -> Q ^       | NA2HDX1   | 0.288 |   1.788 |    2.583 | 
     | drc_bufs12759                 | A ^ -> Q v       | INHDX4    | 0.307 |   2.095 |    2.890 | 
     | FE_OFC819_n_7640              | A v -> Q v       | BUHDX4    | 0.375 |   2.470 |    3.265 | 
     | g11078                        | A v -> Q ^       | AN22HDX1  | 0.290 |   2.760 |    3.555 | 
     | g10392                        | A ^ -> Q ^       | AND4HDX1  | 0.336 |   3.096 |    3.891 | 
     | g10260                        | A ^ -> Q v       | NA4HDX1   | 0.242 |   3.337 |    4.133 | 
     | FE_OFC1416_n_9491             | A v -> Q v       | BUHDX1    | 0.369 |   3.707 |    4.502 | 
     | g10216                        | A v -> Q ^       | NO3HDX1   | 0.268 |   3.975 |    4.770 | 
     | FE_OFC1134_n_9535             | A ^ -> Q ^       | BUHDX2    | 0.425 |   4.400 |    5.195 | 
     | g10173                        | D ^ -> Q v       | NA5I3HDX2 | 0.250 |   4.650 |    5.445 | 
     |                               | acq_data_o[12] v |           | 0.005 |   4.655 |    5.450 | 
     +-------------------------------------------------------------------------------------------+ 
Path 42: MET Late External Delay Assertion 
Endpoint:   acq_valid_o                 (^) checked with  leading edge of 'clk_
sys'
Beginpoint: u_core_u_fifo_valid_q_reg/Q (^) triggered by  leading edge of 'clk_
sys'
Path Groups: {clk_sys}
Analysis View: tc_view
Other End Arrival Time          0.000
- External Delay                0.500
+ Phase Shift                   6.250
- Uncertainty                   0.300
= Required Time                 5.450
- Arrival Time                  4.646
= Slack Time                    0.804
     Clock Rise Edge                 0.000
     + Clock Network Latency (Ideal) 0.000
     = Beginpoint Arrival Time       0.000
     +----------------------------------------------------------------------------------------+ 
     |            Instance            |      Arc      |   Cell   | Delay | Arrival | Required | 
     |                                |               |          |       |  Time   |   Time   | 
     |--------------------------------+---------------+----------+-------+---------+----------| 
     | u_core_u_fifo_valid_q_reg      | C ^           |          |       |   0.000 |    0.804 | 
     | u_core_u_fifo_valid_q_reg      | C ^ -> Q ^    | DFRQHDX0 | 0.462 |   0.462 |    1.266 | 
     | FE_OFC561_u_core_fifo_rd_valid | A ^ -> Q ^    | BUHDX3   | 0.292 |   0.754 |    1.558 | 
     | g45542                         | A ^ -> Q v    | NA2HDX1  | 0.188 |   0.943 |    1.747 | 
     | g33106                         | A v -> Q ^    | INHDX0   | 3.602 |   4.545 |    5.349 | 
     |                                | acq_valid_o ^ |          | 0.101 |   4.646 |    5.450 | 
     +----------------------------------------------------------------------------------------+ 
Path 43: MET Late External Delay Assertion 
Endpoint:   acq_data_o[5]                   (v) checked with  leading edge of 
'clk_sys'
Beginpoint: u_core_u_fifo_rd_ptr_q_reg[0]/Q (v) triggered by  leading edge of 
'clk_sys'
Path Groups: {clk_sys}
Analysis View: tc_view
Other End Arrival Time          0.000
- External Delay                0.500
+ Phase Shift                   6.250
- Uncertainty                   0.300
= Required Time                 5.450
- Arrival Time                  4.642
= Slack Time                    0.808
     Clock Rise Edge                 0.000
     + Clock Network Latency (Ideal) 0.000
     = Beginpoint Arrival Time       0.000
     +------------------------------------------------------------------------------------------+ 
     |           Instance            |       Arc       |   Cell    | Delay | Arrival | Required | 
     |                               |                 |           |       |  Time   |   Time   | 
     |-------------------------------+-----------------+-----------+-------+---------+----------| 
     | u_core_u_fifo_rd_ptr_q_reg[0] | C ^             |           |       |   0.000 |    0.808 | 
     | u_core_u_fifo_rd_ptr_q_reg[0] | C ^ -> Q v      | DFRQHDX1  | 0.705 |   0.705 |    1.513 | 
     | g83760                        | AN v -> Q v     | NO2I1HDX1 | 0.290 |   0.995 |    1.802 | 
     | g83761                        | AN v -> Q v     | NO2I1HDX1 | 0.218 |   1.212 |    2.020 | 
     | FE_OFC643_n_9948              | A v -> Q v      | BUHDX2    | 0.288 |   1.500 |    2.308 | 
     | g83596                        | A v -> Q ^      | NA2HDX1   | 0.288 |   1.788 |    2.595 | 
     | drc_bufs12759                 | A ^ -> Q v      | INHDX4    | 0.307 |   2.095 |    2.902 | 
     | FE_OFC819_n_7640              | A v -> Q v      | BUHDX4    | 0.375 |   2.470 |    3.278 | 
     | g11102                        | A v -> Q ^      | AN22HDX1  | 0.274 |   2.744 |    3.552 | 
     | g10404                        | A ^ -> Q ^      | AND4HDX1  | 0.408 |   3.152 |    3.960 | 
     | g10272                        | A ^ -> Q v      | NA4HDX2   | 0.417 |   3.570 |    4.377 | 
     | g10226                        | A v -> Q ^      | NO3HDX1   | 0.297 |   3.867 |    4.674 | 
     | FE_OFC1124_n_9525             | A ^ -> Q ^      | BUHDX1    | 0.519 |   4.386 |    5.194 | 
     | g10184                        | D ^ -> Q v      | NA5I3HDX1 | 0.251 |   4.637 |    5.445 | 
     |                               | acq_data_o[5] v |           | 0.005 |   4.642 |    5.450 | 
     +------------------------------------------------------------------------------------------+ 
Path 44: MET Late External Delay Assertion 
Endpoint:   acq_data_o[0]                   (v) checked with  leading edge of 
'clk_sys'
Beginpoint: u_core_u_fifo_rd_ptr_q_reg[4]/Q (v) triggered by  leading edge of 
'clk_sys'
Path Groups: {clk_sys}
Analysis View: tc_view
Other End Arrival Time          0.000
- External Delay                0.500
+ Phase Shift                   6.250
- Uncertainty                   0.300
= Required Time                 5.450
- Arrival Time                  4.553
= Slack Time                    0.897
     Clock Rise Edge                 0.000
     + Clock Network Latency (Ideal) 0.000
     = Beginpoint Arrival Time       0.000
     +-------------------------------------------------------------------------------------------+ 
     |            Instance            |       Arc       |   Cell    | Delay | Arrival | Required | 
     |                                |                 |           |       |  Time   |   Time   | 
     |--------------------------------+-----------------+-----------+-------+---------+----------| 
     | u_core_u_fifo_rd_ptr_q_reg[4]  | C ^             |           |       |   0.000 |    0.897 | 
     | u_core_u_fifo_rd_ptr_q_reg[4]  | C ^ -> Q v      | DFRRHDX1  | 0.701 |   0.701 |    1.598 | 
     | g83319                         | B v -> Q ^      | NA2I1HDX1 | 0.250 |   0.951 |    1.847 | 
     | g1011                          | A ^ -> Q v      | NO2HDX1   | 0.098 |   1.048 |    1.945 | 
     | FE_OFC534_n_7296               | A v -> Q v      | BUHDX3    | 0.281 |   1.329 |    2.226 | 
     | g996                           | B v -> Q v      | AND2HDX4  | 0.497 |   1.826 |    2.723 | 
     | FE_OFC767_u_core_u_fifo_n_8288 | A v -> Q v      | BUHDX2    | 0.392 |   2.218 |    3.115 | 
     | g11651                         | C v -> Q v      | AO22HDX1  | 0.401 |   2.619 |    3.516 | 
     | g10590                         | E v -> Q ^      | AN221HDX1 | 0.228 |   2.847 |    3.744 | 
     | FE_OFC1450_n_9161              | A ^ -> Q ^      | BUHDX1    | 0.189 |   3.035 |    3.932 | 
     | g10237                         | B ^ -> Q v      | NA4HDX1   | 0.146 |   3.181 |    4.078 | 
     | FE_OFC1094_n_9514              | A v -> Q v      | BUHDX1    | 0.493 |   3.674 |    4.571 | 
     | g10202                         | A v -> Q ^      | NO3HDX1   | 0.304 |   3.978 |    4.875 | 
     | FE_OFC1148_n_9549              | A ^ -> Q ^      | BUHDX2    | 0.360 |   4.338 |    5.235 | 
     | g10152                         | D ^ -> Q v      | NA5I3HDX1 | 0.211 |   4.548 |    5.445 | 
     |                                | acq_data_o[0] v |           | 0.005 |   4.553 |    5.450 | 
     +-------------------------------------------------------------------------------------------+ 
Path 45: MET Late External Delay Assertion 
Endpoint:   acq_data_o[4]                   (v) checked with  leading edge of 
'clk_sys'
Beginpoint: u_core_u_fifo_rd_ptr_q_reg[0]/Q (v) triggered by  leading edge of 
'clk_sys'
Path Groups: {clk_sys}
Analysis View: tc_view
Other End Arrival Time          0.000
- External Delay                0.500
+ Phase Shift                   6.250
- Uncertainty                   0.300
= Required Time                 5.450
- Arrival Time                  4.455
= Slack Time                    0.995
     Clock Rise Edge                 0.000
     + Clock Network Latency (Ideal) 0.000
     = Beginpoint Arrival Time       0.000
     +------------------------------------------------------------------------------------------+ 
     |           Instance            |       Arc       |   Cell    | Delay | Arrival | Required | 
     |                               |                 |           |       |  Time   |   Time   | 
     |-------------------------------+-----------------+-----------+-------+---------+----------| 
     | u_core_u_fifo_rd_ptr_q_reg[0] | C ^             |           |       |   0.000 |    0.995 | 
     | u_core_u_fifo_rd_ptr_q_reg[0] | C ^ -> Q v      | DFRQHDX1  | 0.705 |   0.705 |    1.700 | 
     | g83760                        | AN v -> Q v     | NO2I1HDX1 | 0.290 |   0.995 |    1.990 | 
     | g83761                        | AN v -> Q v     | NO2I1HDX1 | 0.218 |   1.212 |    2.207 | 
     | FE_OFC643_n_9948              | A v -> Q v      | BUHDX2    | 0.288 |   1.500 |    2.495 | 
     | g83587                        | A v -> Q ^      | NA2HDX1   | 0.366 |   1.866 |    2.861 | 
     | drc_bufs12538                 | A ^ -> Q v      | INHDX6    | 0.333 |   2.199 |    3.194 | 
     | g11624                        | A v -> Q ^      | AN22HDX1  | 0.349 |   2.548 |    3.543 | 
     | g10405                        | D ^ -> Q ^      | AND4HDX1  | 0.451 |   3.000 |    3.995 | 
     | g10273                        | A ^ -> Q v      | NA4HDX1   | 0.481 |   3.480 |    4.475 | 
     | g10228                        | A v -> Q ^      | NO3HDX1   | 0.395 |   3.876 |    4.871 | 
     | FE_OFC1122_n_9523             | A ^ -> Q ^      | BUHDX2    | 0.367 |   4.243 |    5.238 | 
     | g10187                        | D ^ -> Q v      | NA5I3HDX1 | 0.207 |   4.450 |    5.445 | 
     |                               | acq_data_o[4] v |           | 0.005 |   4.455 |    5.450 | 
     +------------------------------------------------------------------------------------------+ 
Path 46: MET Late External Delay Assertion 
Endpoint:   narrow_data_o[7]                    (^) checked with  leading edge 
of 'clk_sys'
Beginpoint: u_core_u_narrow_tx_state_q_reg[1]/Q (v) triggered by  leading edge 
of 'clk_sys'
Path Groups: {clk_sys}
Analysis View: tc_view
Other End Arrival Time          0.000
- External Delay                0.500
+ Phase Shift                   6.250
- Uncertainty                   0.300
= Required Time                 5.450
- Arrival Time                  4.272
= Slack Time                    1.178
     Clock Rise Edge                 0.000
     + Clock Network Latency (Ideal) 0.000
     = Beginpoint Arrival Time       0.000
     +------------------------------------------------------------------------------------------------+ 
     |             Instance              |        Arc         |   Cell   | Delay | Arrival | Required | 
     |                                   |                    |          |       |  Time   |   Time   | 
     |-----------------------------------+--------------------+----------+-------+---------+----------| 
     | u_core_u_narrow_tx_state_q_reg[1] | C ^                |          |       |   0.000 |    1.178 | 
     | u_core_u_narrow_tx_state_q_reg[1] | C ^ -> Q v         | DFRQHDX1 | 0.650 |   0.650 |    1.828 | 
     | g545                              | A v -> Q ^         | INHDX0   | 0.354 |   1.004 |    2.182 | 
     | g539                              | A ^ -> Q ^         | AND3HDX2 | 0.465 |   1.469 |    2.647 | 
     | g44969                            | A ^ -> Q v         | AN22HDX1 | 0.184 |   1.653 |    2.831 | 
     | g44923                            | A v -> Q ^         | NA2HDX1  | 2.514 |   4.167 |    5.345 | 
     |                                   | narrow_data_o[7] ^ |          | 0.105 |   4.272 |    5.450 | 
     +------------------------------------------------------------------------------------------------+ 
Path 47: MET Late External Delay Assertion 
Endpoint:   narrow_data_o[9]                    (^) checked with  leading edge 
of 'clk_sys'
Beginpoint: u_core_u_narrow_tx_state_q_reg[1]/Q (v) triggered by  leading edge 
of 'clk_sys'
Path Groups: {clk_sys}
Analysis View: tc_view
Other End Arrival Time          0.000
- External Delay                0.500
+ Phase Shift                   6.250
- Uncertainty                   0.300
= Required Time                 5.450
- Arrival Time                  4.262
= Slack Time                    1.188
     Clock Rise Edge                 0.000
     + Clock Network Latency (Ideal) 0.000
     = Beginpoint Arrival Time       0.000
     +------------------------------------------------------------------------------------------------+ 
     |             Instance              |        Arc         |   Cell   | Delay | Arrival | Required | 
     |                                   |                    |          |       |  Time   |   Time   | 
     |-----------------------------------+--------------------+----------+-------+---------+----------| 
     | u_core_u_narrow_tx_state_q_reg[1] | C ^                |          |       |   0.000 |    1.188 | 
     | u_core_u_narrow_tx_state_q_reg[1] | C ^ -> Q v         | DFRQHDX1 | 0.650 |   0.650 |    1.838 | 
     | g545                              | A v -> Q ^         | INHDX0   | 0.354 |   1.004 |    2.192 | 
     | g539                              | A ^ -> Q ^         | AND3HDX2 | 0.465 |   1.469 |    2.658 | 
     | g44965                            | A ^ -> Q v         | AN22HDX1 | 0.166 |   1.635 |    2.824 | 
     | g44921                            | A v -> Q ^         | NA2HDX1  | 2.520 |   4.155 |    5.343 | 
     |                                   | narrow_data_o[9] ^ |          | 0.107 |   4.262 |    5.450 | 
     +------------------------------------------------------------------------------------------------+ 
Path 48: MET Late External Delay Assertion 
Endpoint:   narrow_data_o[12]                   (^) checked with  leading edge 
of 'clk_sys'
Beginpoint: u_core_u_narrow_tx_state_q_reg[1]/Q (v) triggered by  leading edge 
of 'clk_sys'
Path Groups: {clk_sys}
Analysis View: tc_view
Other End Arrival Time          0.000
- External Delay                0.500
+ Phase Shift                   6.250
- Uncertainty                   0.300
= Required Time                 5.450
- Arrival Time                  4.253
= Slack Time                    1.197
     Clock Rise Edge                 0.000
     + Clock Network Latency (Ideal) 0.000
     = Beginpoint Arrival Time       0.000
     +-------------------------------------------------------------------------------------------------+ 
     |             Instance              |         Arc         |   Cell   | Delay | Arrival | Required | 
     |                                   |                     |          |       |  Time   |   Time   | 
     |-----------------------------------+---------------------+----------+-------+---------+----------| 
     | u_core_u_narrow_tx_state_q_reg[1] | C ^                 |          |       |   0.000 |    1.197 | 
     | u_core_u_narrow_tx_state_q_reg[1] | C ^ -> Q v          | DFRQHDX1 | 0.650 |   0.650 |    1.847 | 
     | g545                              | A v -> Q ^          | INHDX0   | 0.354 |   1.004 |    2.201 | 
     | g539                              | A ^ -> Q ^          | AND3HDX2 | 0.465 |   1.469 |    2.666 | 
     | g44984                            | A ^ -> Q v          | AN22HDX1 | 0.173 |   1.642 |    2.839 | 
     | g44915                            | A v -> Q ^          | NA2HDX1  | 2.506 |   4.148 |    5.345 | 
     |                                   | narrow_data_o[12] ^ |          | 0.105 |   4.253 |    5.450 | 
     +-------------------------------------------------------------------------------------------------+ 
Path 49: MET Late External Delay Assertion 
Endpoint:   narrow_data_o[11]                   (^) checked with  leading edge 
of 'clk_sys'
Beginpoint: u_core_u_narrow_tx_state_q_reg[1]/Q (v) triggered by  leading edge 
of 'clk_sys'
Path Groups: {clk_sys}
Analysis View: tc_view
Other End Arrival Time          0.000
- External Delay                0.500
+ Phase Shift                   6.250
- Uncertainty                   0.300
= Required Time                 5.450
- Arrival Time                  4.253
= Slack Time                    1.197
     Clock Rise Edge                 0.000
     + Clock Network Latency (Ideal) 0.000
     = Beginpoint Arrival Time       0.000
     +-------------------------------------------------------------------------------------------------+ 
     |             Instance              |         Arc         |   Cell   | Delay | Arrival | Required | 
     |                                   |                     |          |       |  Time   |   Time   | 
     |-----------------------------------+---------------------+----------+-------+---------+----------| 
     | u_core_u_narrow_tx_state_q_reg[1] | C ^                 |          |       |   0.000 |    1.197 | 
     | u_core_u_narrow_tx_state_q_reg[1] | C ^ -> Q v          | DFRQHDX1 | 0.650 |   0.650 |    1.847 | 
     | g545                              | A v -> Q ^          | INHDX0   | 0.354 |   1.004 |    2.201 | 
     | g539                              | A ^ -> Q ^          | AND3HDX2 | 0.465 |   1.469 |    2.667 | 
     | g44956                            | A ^ -> Q v          | AN22HDX1 | 0.173 |   1.642 |    2.839 | 
     | g44913                            | A v -> Q ^          | NA2HDX1  | 2.506 |   4.148 |    5.345 | 
     |                                   | narrow_data_o[11] ^ |          | 0.105 |   4.253 |    5.450 | 
     +-------------------------------------------------------------------------------------------------+ 
Path 50: MET Late External Delay Assertion 
Endpoint:   narrow_data_o[8]                    (^) checked with  leading edge 
of 'clk_sys'
Beginpoint: u_core_u_narrow_tx_state_q_reg[1]/Q (v) triggered by  leading edge 
of 'clk_sys'
Path Groups: {clk_sys}
Analysis View: tc_view
Other End Arrival Time          0.000
- External Delay                0.500
+ Phase Shift                   6.250
- Uncertainty                   0.300
= Required Time                 5.450
- Arrival Time                  4.244
= Slack Time                    1.206
     Clock Rise Edge                 0.000
     + Clock Network Latency (Ideal) 0.000
     = Beginpoint Arrival Time       0.000
     +------------------------------------------------------------------------------------------------+ 
     |             Instance              |        Arc         |   Cell   | Delay | Arrival | Required | 
     |                                   |                    |          |       |  Time   |   Time   | 
     |-----------------------------------+--------------------+----------+-------+---------+----------| 
     | u_core_u_narrow_tx_state_q_reg[1] | C ^                |          |       |   0.000 |    1.206 | 
     | u_core_u_narrow_tx_state_q_reg[1] | C ^ -> Q v         | DFRQHDX1 | 0.650 |   0.650 |    1.855 | 
     | g545                              | A v -> Q ^         | INHDX0   | 0.354 |   1.004 |    2.210 | 
     | g539                              | A ^ -> Q ^         | AND3HDX2 | 0.465 |   1.469 |    2.675 | 
     | g44967                            | A ^ -> Q v         | AN22HDX1 | 0.166 |   1.635 |    2.840 | 
     | g44922                            | A v -> Q ^         | NA2HDX1  | 2.504 |   4.139 |    5.345 | 
     |                                   | narrow_data_o[8] ^ |          | 0.105 |   4.244 |    5.450 | 
     +------------------------------------------------------------------------------------------------+ 
Path 51: MET Late External Delay Assertion 
Endpoint:   narrow_data_o[15]                   (^) checked with  leading edge 
of 'clk_sys'
Beginpoint: u_core_u_narrow_tx_state_q_reg[1]/Q (v) triggered by  leading edge 
of 'clk_sys'
Path Groups: {clk_sys}
Analysis View: tc_view
Other End Arrival Time          0.000
- External Delay                0.500
+ Phase Shift                   6.250
- Uncertainty                   0.300
= Required Time                 5.450
- Arrival Time                  4.148
= Slack Time                    1.302
     Clock Rise Edge                 0.000
     + Clock Network Latency (Ideal) 0.000
     = Beginpoint Arrival Time       0.000
     +--------------------------------------------------------------------------------------------------+ 
     |             Instance              |         Arc         |   Cell    | Delay | Arrival | Required | 
     |                                   |                     |           |       |  Time   |   Time   | 
     |-----------------------------------+---------------------+-----------+-------+---------+----------| 
     | u_core_u_narrow_tx_state_q_reg[1] | C ^                 |           |       |   0.000 |    1.302 | 
     | u_core_u_narrow_tx_state_q_reg[1] | C ^ -> Q v          | DFRQHDX1  | 0.650 |   0.650 |    1.952 | 
     | g545                              | A v -> Q ^          | INHDX0    | 0.354 |   1.004 |    2.306 | 
     | g534                              | A ^ -> Q ^          | AND3HDX2  | 0.422 |   1.425 |    2.728 | 
     | g83771                            | AN ^ -> Q ^         | NA2I1HDX1 | 2.614 |   4.040 |    5.342 | 
     |                                   | narrow_data_o[15] ^ |           | 0.108 |   4.148 |    5.450 | 
     +--------------------------------------------------------------------------------------------------+ 
Path 52: MET Late External Delay Assertion 
Endpoint:   narrow_data_o[13]                   (^) checked with  leading edge 
of 'clk_sys'
Beginpoint: u_core_u_narrow_tx_state_q_reg[1]/Q (v) triggered by  leading edge 
of 'clk_sys'
Path Groups: {clk_sys}
Analysis View: tc_view
Other End Arrival Time          0.000
- External Delay                0.500
+ Phase Shift                   6.250
- Uncertainty                   0.300
= Required Time                 5.450
- Arrival Time                  3.538
= Slack Time                    1.912
     Clock Rise Edge                 0.000
     + Clock Network Latency (Ideal) 0.000
     = Beginpoint Arrival Time       0.000
     +--------------------------------------------------------------------------------------------------+ 
     |             Instance              |         Arc         |   Cell    | Delay | Arrival | Required | 
     |                                   |                     |           |       |  Time   |   Time   | 
     |-----------------------------------+---------------------+-----------+-------+---------+----------| 
     | u_core_u_narrow_tx_state_q_reg[1] | C ^                 |           |       |   0.000 |    1.912 | 
     | u_core_u_narrow_tx_state_q_reg[1] | C ^ -> Q v          | DFRQHDX1  | 0.650 |   0.650 |    2.561 | 
     | g545                              | A v -> Q ^          | INHDX0    | 0.354 |   1.004 |    2.915 | 
     | g539                              | A ^ -> Q ^          | AND3HDX2  | 0.465 |   1.469 |    3.381 | 
     | g44942                            | D ^ -> Q ^          | AO222HDX1 | 1.961 |   3.430 |    5.342 | 
     |                                   | narrow_data_o[13] ^ |           | 0.108 |   3.538 |    5.450 | 
     +--------------------------------------------------------------------------------------------------+ 
Path 53: MET Late External Delay Assertion 
Endpoint:   narrow_data_o[10]                   (^) checked with  leading edge 
of 'clk_sys'
Beginpoint: u_core_u_narrow_tx_state_q_reg[1]/Q (v) triggered by  leading edge 
of 'clk_sys'
Path Groups: {clk_sys}
Analysis View: tc_view
Other End Arrival Time          0.000
- External Delay                0.500
+ Phase Shift                   6.250
- Uncertainty                   0.300
= Required Time                 5.450
- Arrival Time                  3.531
= Slack Time                    1.919
     Clock Rise Edge                 0.000
     + Clock Network Latency (Ideal) 0.000
     = Beginpoint Arrival Time       0.000
     +--------------------------------------------------------------------------------------------------+ 
     |             Instance              |         Arc         |   Cell    | Delay | Arrival | Required | 
     |                                   |                     |           |       |  Time   |   Time   | 
     |-----------------------------------+---------------------+-----------+-------+---------+----------| 
     | u_core_u_narrow_tx_state_q_reg[1] | C ^                 |           |       |   0.000 |    1.919 | 
     | u_core_u_narrow_tx_state_q_reg[1] | C ^ -> Q v          | DFRQHDX1  | 0.650 |   0.650 |    2.569 | 
     | g545                              | A v -> Q ^          | INHDX0    | 0.354 |   1.004 |    2.923 | 
     | g539                              | A ^ -> Q ^          | AND3HDX2  | 0.465 |   1.469 |    3.389 | 
     | g44918                            | D ^ -> Q ^          | AO222HDX1 | 1.954 |   3.423 |    5.343 | 
     |                                   | narrow_data_o[10] ^ |           | 0.107 |   3.531 |    5.450 | 
     +--------------------------------------------------------------------------------------------------+ 
Path 54: MET Late External Delay Assertion 
Endpoint:   narrow_data_o[6]                    (^) checked with  leading edge 
of 'clk_sys'
Beginpoint: u_core_u_narrow_tx_state_q_reg[1]/Q (v) triggered by  leading edge 
of 'clk_sys'
Path Groups: {clk_sys}
Analysis View: tc_view
Other End Arrival Time          0.000
- External Delay                0.500
+ Phase Shift                   6.250
- Uncertainty                   0.300
= Required Time                 5.450
- Arrival Time                  3.527
= Slack Time                    1.923
     Clock Rise Edge                 0.000
     + Clock Network Latency (Ideal) 0.000
     = Beginpoint Arrival Time       0.000
     +------------------------------------------------------------------------------------------------+ 
     |             Instance              |        Arc         |   Cell   | Delay | Arrival | Required | 
     |                                   |                    |          |       |  Time   |   Time   | 
     |-----------------------------------+--------------------+----------+-------+---------+----------| 
     | u_core_u_narrow_tx_state_q_reg[1] | C ^                |          |       |   0.000 |    1.923 | 
     | u_core_u_narrow_tx_state_q_reg[1] | C ^ -> Q v         | DFRQHDX1 | 0.650 |   0.650 |    2.572 | 
     | g545                              | A v -> Q ^         | INHDX0   | 0.354 |   1.004 |    2.926 | 
     | g539                              | A ^ -> Q ^         | AND3HDX2 | 0.465 |   1.469 |    3.392 | 
     | g44960                            | A ^ -> Q ^         | AO22HDX1 | 1.948 |   3.417 |    5.340 | 
     |                                   | narrow_data_o[6] ^ |          | 0.110 |   3.527 |    5.450 | 
     +------------------------------------------------------------------------------------------------+ 
Path 55: MET Late External Delay Assertion 
Endpoint:   narrow_data_o[2]                    (^) checked with  leading edge 
of 'clk_sys'
Beginpoint: u_core_u_narrow_tx_state_q_reg[1]/Q (v) triggered by  leading edge 
of 'clk_sys'
Path Groups: {clk_sys}
Analysis View: tc_view
Other End Arrival Time          0.000
- External Delay                0.500
+ Phase Shift                   6.250
- Uncertainty                   0.300
= Required Time                 5.450
- Arrival Time                  3.527
= Slack Time                    1.923
     Clock Rise Edge                 0.000
     + Clock Network Latency (Ideal) 0.000
     = Beginpoint Arrival Time       0.000
     +-------------------------------------------------------------------------------------------------+ 
     |             Instance              |        Arc         |   Cell    | Delay | Arrival | Required | 
     |                                   |                    |           |       |  Time   |   Time   | 
     |-----------------------------------+--------------------+-----------+-------+---------+----------| 
     | u_core_u_narrow_tx_state_q_reg[1] | C ^                |           |       |   0.000 |    1.923 | 
     | u_core_u_narrow_tx_state_q_reg[1] | C ^ -> Q v         | DFRQHDX1  | 0.650 |   0.650 |    2.573 | 
     | g545                              | A v -> Q ^         | INHDX0    | 0.354 |   1.004 |    2.927 | 
     | g539                              | A ^ -> Q ^         | AND3HDX2  | 0.465 |   1.469 |    3.393 | 
     | g44914                            | D ^ -> Q ^         | AO222HDX1 | 1.951 |   3.420 |    5.343 | 
     |                                   | narrow_data_o[2] ^ |           | 0.107 |   3.527 |    5.450 | 
     +-------------------------------------------------------------------------------------------------+ 
Path 56: MET Late External Delay Assertion 
Endpoint:   narrow_data_o[1]                    (^) checked with  leading edge 
of 'clk_sys'
Beginpoint: u_core_u_narrow_tx_state_q_reg[1]/Q (v) triggered by  leading edge 
of 'clk_sys'
Path Groups: {clk_sys}
Analysis View: tc_view
Other End Arrival Time          0.000
- External Delay                0.500
+ Phase Shift                   6.250
- Uncertainty                   0.300
= Required Time                 5.450
- Arrival Time                  3.518
= Slack Time                    1.932
     Clock Rise Edge                 0.000
     + Clock Network Latency (Ideal) 0.000
     = Beginpoint Arrival Time       0.000
     +-------------------------------------------------------------------------------------------------+ 
     |             Instance              |        Arc         |   Cell    | Delay | Arrival | Required | 
     |                                   |                    |           |       |  Time   |   Time   | 
     |-----------------------------------+--------------------+-----------+-------+---------+----------| 
     | u_core_u_narrow_tx_state_q_reg[1] | C ^                |           |       |   0.000 |    1.932 | 
     | u_core_u_narrow_tx_state_q_reg[1] | C ^ -> Q v         | DFRQHDX1  | 0.650 |   0.650 |    2.582 | 
     | g545                              | A v -> Q ^         | INHDX0    | 0.354 |   1.004 |    2.936 | 
     | g539                              | A ^ -> Q ^         | AND3HDX2  | 0.465 |   1.469 |    3.401 | 
     | g44920                            | D ^ -> Q ^         | AO222HDX1 | 1.943 |   3.412 |    5.344 | 
     |                                   | narrow_data_o[1] ^ |           | 0.106 |   3.518 |    5.450 | 
     +-------------------------------------------------------------------------------------------------+ 
Path 57: MET Late External Delay Assertion 
Endpoint:   narrow_data_o[3]                    (^) checked with  leading edge 
of 'clk_sys'
Beginpoint: u_core_u_narrow_tx_state_q_reg[1]/Q (v) triggered by  leading edge 
of 'clk_sys'
Path Groups: {clk_sys}
Analysis View: tc_view
Other End Arrival Time          0.000
- External Delay                0.500
+ Phase Shift                   6.250
- Uncertainty                   0.300
= Required Time                 5.450
- Arrival Time                  3.510
= Slack Time                    1.940
     Clock Rise Edge                 0.000
     + Clock Network Latency (Ideal) 0.000
     = Beginpoint Arrival Time       0.000
     +-------------------------------------------------------------------------------------------------+ 
     |             Instance              |        Arc         |   Cell    | Delay | Arrival | Required | 
     |                                   |                    |           |       |  Time   |   Time   | 
     |-----------------------------------+--------------------+-----------+-------+---------+----------| 
     | u_core_u_narrow_tx_state_q_reg[1] | C ^                |           |       |   0.000 |    1.940 | 
     | u_core_u_narrow_tx_state_q_reg[1] | C ^ -> Q v         | DFRQHDX1  | 0.650 |   0.650 |    2.589 | 
     | g545                              | A v -> Q ^         | INHDX0    | 0.354 |   1.004 |    2.943 | 
     | g539                              | A ^ -> Q ^         | AND3HDX2  | 0.465 |   1.469 |    3.409 | 
     | g44917                            | D ^ -> Q ^         | AO222HDX1 | 1.936 |   3.405 |    5.345 | 
     |                                   | narrow_data_o[3] ^ |           | 0.105 |   3.510 |    5.450 | 
     +-------------------------------------------------------------------------------------------------+ 
Path 58: MET Late External Delay Assertion 
Endpoint:   narrow_data_o[4]                    (^) checked with  leading edge 
of 'clk_sys'
Beginpoint: u_core_u_narrow_tx_state_q_reg[1]/Q (v) triggered by  leading edge 
of 'clk_sys'
Path Groups: {clk_sys}
Analysis View: tc_view
Other End Arrival Time          0.000
- External Delay                0.500
+ Phase Shift                   6.250
- Uncertainty                   0.300
= Required Time                 5.450
- Arrival Time                  3.503
= Slack Time                    1.947
     Clock Rise Edge                 0.000
     + Clock Network Latency (Ideal) 0.000
     = Beginpoint Arrival Time       0.000
     +-------------------------------------------------------------------------------------------------+ 
     |             Instance              |        Arc         |   Cell    | Delay | Arrival | Required | 
     |                                   |                    |           |       |  Time   |   Time   | 
     |-----------------------------------+--------------------+-----------+-------+---------+----------| 
     | u_core_u_narrow_tx_state_q_reg[1] | C ^                |           |       |   0.000 |    1.947 | 
     | u_core_u_narrow_tx_state_q_reg[1] | C ^ -> Q v         | DFRQHDX1  | 0.650 |   0.650 |    2.597 | 
     | g545                              | A v -> Q ^         | INHDX0    | 0.354 |   1.004 |    2.951 | 
     | g539                              | A ^ -> Q ^         | AND3HDX2  | 0.465 |   1.469 |    3.416 | 
     | g44916                            | D ^ -> Q ^         | AO222HDX1 | 1.930 |   3.399 |    5.346 | 
     |                                   | narrow_data_o[4] ^ |           | 0.104 |   3.503 |    5.450 | 
     +-------------------------------------------------------------------------------------------------+ 
Path 59: MET Late External Delay Assertion 
Endpoint:   narrow_data_o[5]                    (^) checked with  leading edge 
of 'clk_sys'
Beginpoint: u_core_u_narrow_tx_state_q_reg[1]/Q (v) triggered by  leading edge 
of 'clk_sys'
Path Groups: {clk_sys}
Analysis View: tc_view
Other End Arrival Time          0.000
- External Delay                0.500
+ Phase Shift                   6.250
- Uncertainty                   0.300
= Required Time                 5.450
- Arrival Time                  3.494
= Slack Time                    1.956
     Clock Rise Edge                 0.000
     + Clock Network Latency (Ideal) 0.000
     = Beginpoint Arrival Time       0.000
     +-------------------------------------------------------------------------------------------------+ 
     |             Instance              |        Arc         |   Cell    | Delay | Arrival | Required | 
     |                                   |                    |           |       |  Time   |   Time   | 
     |-----------------------------------+--------------------+-----------+-------+---------+----------| 
     | u_core_u_narrow_tx_state_q_reg[1] | C ^                |           |       |   0.000 |    1.956 | 
     | u_core_u_narrow_tx_state_q_reg[1] | C ^ -> Q v         | DFRQHDX1  | 0.650 |   0.650 |    2.606 | 
     | g545                              | A v -> Q ^         | INHDX0    | 0.354 |   1.004 |    2.960 | 
     | g539                              | A ^ -> Q ^         | AND3HDX2  | 0.465 |   1.469 |    3.425 | 
     | g44919                            | D ^ -> Q ^         | AO222HDX1 | 1.922 |   3.391 |    5.347 | 
     |                                   | narrow_data_o[5] ^ |           | 0.103 |   3.494 |    5.450 | 
     +-------------------------------------------------------------------------------------------------+ 
Path 60: MET Late External Delay Assertion 
Endpoint:   narrow_data_o[14]                   (^) checked with  leading edge 
of 'clk_sys'
Beginpoint: u_core_u_narrow_tx_state_q_reg[1]/Q (v) triggered by  leading edge 
of 'clk_sys'
Path Groups: {clk_sys}
Analysis View: tc_view
Other End Arrival Time          0.000
- External Delay                0.500
+ Phase Shift                   6.250
- Uncertainty                   0.300
= Required Time                 5.450
- Arrival Time                  3.403
= Slack Time                    2.047
     Clock Rise Edge                 0.000
     + Clock Network Latency (Ideal) 0.000
     = Beginpoint Arrival Time       0.000
     +-------------------------------------------------------------------------------------------------+ 
     |             Instance              |         Arc         |   Cell   | Delay | Arrival | Required | 
     |                                   |                     |          |       |  Time   |   Time   | 
     |-----------------------------------+---------------------+----------+-------+---------+----------| 
     | u_core_u_narrow_tx_state_q_reg[1] | C ^                 |          |       |   0.000 |    2.047 | 
     | u_core_u_narrow_tx_state_q_reg[1] | C ^ -> Q v          | DFRQHDX1 | 0.650 |   0.650 |    2.697 | 
     | g545                              | A v -> Q ^          | INHDX0   | 0.354 |   1.004 |    3.051 | 
     | g539                              | A ^ -> Q ^          | AND3HDX2 | 0.465 |   1.469 |    3.516 | 
     | g527                              | A ^ -> Q ^          | NA22HDX1 | 1.826 |   3.295 |    5.342 | 
     |                                   | narrow_data_o[14] ^ |          | 0.108 |   3.403 |    5.450 | 
     +-------------------------------------------------------------------------------------------------+ 
Path 61: MET Late External Delay Assertion 
Endpoint:   narrow_data_o[0]                    (^) checked with  leading edge 
of 'clk_sys'
Beginpoint: u_core_u_narrow_tx_state_q_reg[1]/Q (v) triggered by  leading edge 
of 'clk_sys'
Path Groups: {clk_sys}
Analysis View: tc_view
Other End Arrival Time          0.000
- External Delay                0.500
+ Phase Shift                   6.250
- Uncertainty                   0.300
= Required Time                 5.450
- Arrival Time                  3.398
= Slack Time                    2.051
     Clock Rise Edge                 0.000
     + Clock Network Latency (Ideal) 0.000
     = Beginpoint Arrival Time       0.000
     +------------------------------------------------------------------------------------------------+ 
     |             Instance              |        Arc         |   Cell   | Delay | Arrival | Required | 
     |                                   |                    |          |       |  Time   |   Time   | 
     |-----------------------------------+--------------------+----------+-------+---------+----------| 
     | u_core_u_narrow_tx_state_q_reg[1] | C ^                |          |       |   0.000 |    2.051 | 
     | u_core_u_narrow_tx_state_q_reg[1] | C ^ -> Q v         | DFRQHDX1 | 0.650 |   0.650 |    2.701 | 
     | g45553                            | A v -> Q ^         | NO2HDX1  | 0.269 |   0.919 |    2.970 | 
     | g45535                            | A ^ -> Q ^         | AND2HDX2 | 0.418 |   1.336 |    3.388 | 
     | g44983                            | A ^ -> Q ^         | AO22HDX1 | 1.954 |   3.290 |    5.341 | 
     |                                   | narrow_data_o[0] ^ |          | 0.109 |   3.398 |    5.450 | 
     +------------------------------------------------------------------------------------------------+ 
Path 62: MET Late External Delay Assertion 
Endpoint:   csr_rvalid_o             (^) checked with  leading edge of 'clk_sys'
Beginpoint: u_csr_csr_rvalid_o_reg/Q (^) triggered by  leading edge of 'clk_sys'
Path Groups: {clk_sys}
Analysis View: tc_view
Other End Arrival Time          0.000
- External Delay                0.500
+ Phase Shift                   6.250
- Uncertainty                   0.300
= Required Time                 5.450
- Arrival Time                  3.138
= Slack Time                    2.312
     Clock Rise Edge                 0.000
     + Clock Network Latency (Ideal) 0.000
     = Beginpoint Arrival Time       0.000
     +---------------------------------------------------------------------------------+ 
     |        Instance        |      Arc       |   Cell   | Delay | Arrival | Required | 
     |                        |                |          |       |  Time   |   Time   | 
     |------------------------+----------------+----------+-------+---------+----------| 
     | u_csr_csr_rvalid_o_reg | C ^            |          |       |   0.000 |    2.312 | 
     | u_csr_csr_rvalid_o_reg | C ^ -> Q ^     | DFRQHDX0 | 3.079 |   3.078 |    5.390 | 
     |                        | csr_rvalid_o ^ |          | 0.060 |   3.138 |    5.450 | 
     +---------------------------------------------------------------------------------+ 
Path 63: MET Late External Delay Assertion 
Endpoint:   csr_rdata_o[1]             (^) checked with  leading edge of 'clk_
sys'
Beginpoint: u_csr_csr_rdata_o_reg[1]/Q (^) triggered by  leading edge of 'clk_
sys'
Path Groups: {clk_sys}
Analysis View: tc_view
Other End Arrival Time          0.000
- External Delay                0.500
+ Phase Shift                   6.250
- Uncertainty                   0.300
= Required Time                 5.450
- Arrival Time                  3.022
= Slack Time                    2.428
     Clock Rise Edge                 0.000
     + Clock Network Latency (Ideal) 0.000
     = Beginpoint Arrival Time       0.000
     +-------------------------------------------------------------------------------------+ 
     |         Instance         |       Arc        |   Cell   | Delay | Arrival | Required | 
     |                          |                  |          |       |  Time   |   Time   | 
     |--------------------------+------------------+----------+-------+---------+----------| 
     | u_csr_csr_rdata_o_reg[1] | C ^              |          |       |   0.000 |    2.428 | 
     | u_csr_csr_rdata_o_reg[1] | C ^ -> Q ^       | DFRQHDX0 | 2.967 |   2.967 |    5.395 | 
     |                          | csr_rdata_o[1] ^ |          | 0.055 |   3.022 |    5.450 | 
     +-------------------------------------------------------------------------------------+ 
Path 64: MET Late External Delay Assertion 
Endpoint:   csr_rdata_o[5]             (^) checked with  leading edge of 'clk_
sys'
Beginpoint: u_csr_csr_rdata_o_reg[5]/Q (^) triggered by  leading edge of 'clk_
sys'
Path Groups: {clk_sys}
Analysis View: tc_view
Other End Arrival Time          0.000
- External Delay                0.500
+ Phase Shift                   6.250
- Uncertainty                   0.300
= Required Time                 5.450
- Arrival Time                  2.972
= Slack Time                    2.478
     Clock Rise Edge                 0.000
     + Clock Network Latency (Ideal) 0.000
     = Beginpoint Arrival Time       0.000
     +-------------------------------------------------------------------------------------+ 
     |         Instance         |       Arc        |   Cell   | Delay | Arrival | Required | 
     |                          |                  |          |       |  Time   |   Time   | 
     |--------------------------+------------------+----------+-------+---------+----------| 
     | u_csr_csr_rdata_o_reg[5] | C ^              |          |       |   0.000 |    2.478 | 
     | u_csr_csr_rdata_o_reg[5] | C ^ -> Q ^       | DFRQHDX0 | 2.919 |   2.919 |    5.397 | 
     |                          | csr_rdata_o[5] ^ |          | 0.053 |   2.972 |    5.450 | 
     +-------------------------------------------------------------------------------------+ 
Path 65: MET Late External Delay Assertion 
Endpoint:   csr_rdata_o[0]             (^) checked with  leading edge of 'clk_
sys'
Beginpoint: u_csr_csr_rdata_o_reg[0]/Q (^) triggered by  leading edge of 'clk_
sys'
Path Groups: {clk_sys}
Analysis View: tc_view
Other End Arrival Time          0.000
- External Delay                0.500
+ Phase Shift                   6.250
- Uncertainty                   0.300
= Required Time                 5.450
- Arrival Time                  2.967
= Slack Time                    2.483
     Clock Rise Edge                 0.000
     + Clock Network Latency (Ideal) 0.000
     = Beginpoint Arrival Time       0.000
     +-------------------------------------------------------------------------------------+ 
     |         Instance         |       Arc        |   Cell   | Delay | Arrival | Required | 
     |                          |                  |          |       |  Time   |   Time   | 
     |--------------------------+------------------+----------+-------+---------+----------| 
     | u_csr_csr_rdata_o_reg[0] | C ^              |          |       |   0.000 |    2.483 | 
     | u_csr_csr_rdata_o_reg[0] | C ^ -> Q ^       | DFRQHDX0 | 2.914 |   2.914 |    5.397 | 
     |                          | csr_rdata_o[0] ^ |          | 0.053 |   2.967 |    5.450 | 
     +-------------------------------------------------------------------------------------+ 
Path 66: MET Late External Delay Assertion 
Endpoint:   csr_rdata_o[2]             (^) checked with  leading edge of 'clk_
sys'
Beginpoint: u_csr_csr_rdata_o_reg[2]/Q (^) triggered by  leading edge of 'clk_
sys'
Path Groups: {clk_sys}
Analysis View: tc_view
Other End Arrival Time          0.000
- External Delay                0.500
+ Phase Shift                   6.250
- Uncertainty                   0.300
= Required Time                 5.450
- Arrival Time                  2.940
= Slack Time                    2.510
     Clock Rise Edge                 0.000
     + Clock Network Latency (Ideal) 0.000
     = Beginpoint Arrival Time       0.000
     +-------------------------------------------------------------------------------------+ 
     |         Instance         |       Arc        |   Cell   | Delay | Arrival | Required | 
     |                          |                  |          |       |  Time   |   Time   | 
     |--------------------------+------------------+----------+-------+---------+----------| 
     | u_csr_csr_rdata_o_reg[2] | C ^              |          |       |   0.000 |    2.510 | 
     | u_csr_csr_rdata_o_reg[2] | C ^ -> Q ^       | DFRQHDX0 | 2.888 |   2.888 |    5.398 | 
     |                          | csr_rdata_o[2] ^ |          | 0.052 |   2.940 |    5.450 | 
     +-------------------------------------------------------------------------------------+ 
Path 67: MET Late External Delay Assertion 
Endpoint:   csr_rdata_o[3]             (^) checked with  leading edge of 'clk_
sys'
Beginpoint: u_csr_csr_rdata_o_reg[3]/Q (^) triggered by  leading edge of 'clk_
sys'
Path Groups: {clk_sys}
Analysis View: tc_view
Other End Arrival Time          0.000
- External Delay                0.500
+ Phase Shift                   6.250
- Uncertainty                   0.300
= Required Time                 5.450
- Arrival Time                  2.928
= Slack Time                    2.522
     Clock Rise Edge                 0.000
     + Clock Network Latency (Ideal) 0.000
     = Beginpoint Arrival Time       0.000
     +-------------------------------------------------------------------------------------+ 
     |         Instance         |       Arc        |   Cell   | Delay | Arrival | Required | 
     |                          |                  |          |       |  Time   |   Time   | 
     |--------------------------+------------------+----------+-------+---------+----------| 
     | u_csr_csr_rdata_o_reg[3] | C ^              |          |       |   0.000 |    2.523 | 
     | u_csr_csr_rdata_o_reg[3] | C ^ -> Q ^       | DFRQHDX0 | 2.876 |   2.876 |    5.399 | 
     |                          | csr_rdata_o[3] ^ |          | 0.051 |   2.928 |    5.450 | 
     +-------------------------------------------------------------------------------------+ 
Path 68: MET Late External Delay Assertion 
Endpoint:   csr_rdata_o[4]             (^) checked with  leading edge of 'clk_
sys'
Beginpoint: u_csr_csr_rdata_o_reg[4]/Q (^) triggered by  leading edge of 'clk_
sys'
Path Groups: {clk_sys}
Analysis View: tc_view
Other End Arrival Time          0.000
- External Delay                0.500
+ Phase Shift                   6.250
- Uncertainty                   0.300
= Required Time                 5.450
- Arrival Time                  2.877
= Slack Time                    2.573
     Clock Rise Edge                 0.000
     + Clock Network Latency (Ideal) 0.000
     = Beginpoint Arrival Time       0.000
     +-------------------------------------------------------------------------------------+ 
     |         Instance         |       Arc        |   Cell   | Delay | Arrival | Required | 
     |                          |                  |          |       |  Time   |   Time   | 
     |--------------------------+------------------+----------+-------+---------+----------| 
     | u_csr_csr_rdata_o_reg[4] | C ^              |          |       |   0.000 |    2.573 | 
     | u_csr_csr_rdata_o_reg[4] | C ^ -> Q ^       | DFRQHDX0 | 2.828 |   2.828 |    5.401 | 
     |                          | csr_rdata_o[4] ^ |          | 0.049 |   2.877 |    5.450 | 
     +-------------------------------------------------------------------------------------+ 
Path 69: MET Late External Delay Assertion 
Endpoint:   csr_rdata_o[7]             (^) checked with  leading edge of 'clk_
sys'
Beginpoint: u_csr_csr_rdata_o_reg[7]/Q (^) triggered by  leading edge of 'clk_
sys'
Path Groups: {clk_sys}
Analysis View: tc_view
Other End Arrival Time          0.000
- External Delay                0.500
+ Phase Shift                   6.250
- Uncertainty                   0.300
= Required Time                 5.450
- Arrival Time                  2.877
= Slack Time                    2.573
     Clock Rise Edge                 0.000
     + Clock Network Latency (Ideal) 0.000
     = Beginpoint Arrival Time       0.000
     +-------------------------------------------------------------------------------------+ 
     |         Instance         |       Arc        |   Cell   | Delay | Arrival | Required | 
     |                          |                  |          |       |  Time   |   Time   | 
     |--------------------------+------------------+----------+-------+---------+----------| 
     | u_csr_csr_rdata_o_reg[7] | C ^              |          |       |   0.000 |    2.573 | 
     | u_csr_csr_rdata_o_reg[7] | C ^ -> Q ^       | DFRQHDX0 | 2.828 |   2.828 |    5.401 | 
     |                          | csr_rdata_o[7] ^ |          | 0.049 |   2.877 |    5.450 | 
     +-------------------------------------------------------------------------------------+ 
Path 70: MET Late External Delay Assertion 
Endpoint:   csr_rdata_o[11]             (^) checked with  leading edge of 'clk_
sys'
Beginpoint: u_csr_csr_rdata_o_reg[11]/Q (^) triggered by  leading edge of 'clk_
sys'
Path Groups: {clk_sys}
Analysis View: tc_view
Other End Arrival Time          0.000
- External Delay                0.500
+ Phase Shift                   6.250
- Uncertainty                   0.300
= Required Time                 5.450
- Arrival Time                  2.843
= Slack Time                    2.607
     Clock Rise Edge                 0.000
     + Clock Network Latency (Ideal) 0.000
     = Beginpoint Arrival Time       0.000
     +---------------------------------------------------------------------------------------+ 
     |         Instance          |        Arc        |   Cell   | Delay | Arrival | Required | 
     |                           |                   |          |       |  Time   |   Time   | 
     |---------------------------+-------------------+----------+-------+---------+----------| 
     | u_csr_csr_rdata_o_reg[11] | C ^               |          |       |   0.000 |    2.607 | 
     | u_csr_csr_rdata_o_reg[11] | C ^ -> Q ^        | DFRQHDX0 | 2.796 |   2.796 |    5.402 | 
     |                           | csr_rdata_o[11] ^ |          | 0.048 |   2.843 |    5.450 | 
     +---------------------------------------------------------------------------------------+ 
Path 71: MET Late External Delay Assertion 
Endpoint:   csr_rdata_o[6]             (^) checked with  leading edge of 'clk_
sys'
Beginpoint: u_csr_csr_rdata_o_reg[6]/Q (^) triggered by  leading edge of 'clk_
sys'
Path Groups: {clk_sys}
Analysis View: tc_view
Other End Arrival Time          0.000
- External Delay                0.500
+ Phase Shift                   6.250
- Uncertainty                   0.300
= Required Time                 5.450
- Arrival Time                  2.827
= Slack Time                    2.623
     Clock Rise Edge                 0.000
     + Clock Network Latency (Ideal) 0.000
     = Beginpoint Arrival Time       0.000
     +-------------------------------------------------------------------------------------+ 
     |         Instance         |       Arc        |   Cell   | Delay | Arrival | Required | 
     |                          |                  |          |       |  Time   |   Time   | 
     |--------------------------+------------------+----------+-------+---------+----------| 
     | u_csr_csr_rdata_o_reg[6] | C ^              |          |       |   0.000 |    2.623 | 
     | u_csr_csr_rdata_o_reg[6] | C ^ -> Q ^       | DFRQHDX0 | 2.780 |   2.780 |    5.403 | 
     |                          | csr_rdata_o[6] ^ |          | 0.047 |   2.827 |    5.450 | 
     +-------------------------------------------------------------------------------------+ 
Path 72: MET Late External Delay Assertion 
Endpoint:   csr_rdata_o[10]             (^) checked with  leading edge of 'clk_
sys'
Beginpoint: u_csr_csr_rdata_o_reg[10]/Q (^) triggered by  leading edge of 'clk_
sys'
Path Groups: {clk_sys}
Analysis View: tc_view
Other End Arrival Time          0.000
- External Delay                0.500
+ Phase Shift                   6.250
- Uncertainty                   0.300
= Required Time                 5.450
- Arrival Time                  2.824
= Slack Time                    2.626
     Clock Rise Edge                 0.000
     + Clock Network Latency (Ideal) 0.000
     = Beginpoint Arrival Time       0.000
     +---------------------------------------------------------------------------------------+ 
     |         Instance          |        Arc        |   Cell   | Delay | Arrival | Required | 
     |                           |                   |          |       |  Time   |   Time   | 
     |---------------------------+-------------------+----------+-------+---------+----------| 
     | u_csr_csr_rdata_o_reg[10] | C ^               |          |       |   0.000 |    2.626 | 
     | u_csr_csr_rdata_o_reg[10] | C ^ -> Q ^        | DFRQHDX0 | 2.777 |   2.777 |    5.403 | 
     |                           | csr_rdata_o[10] ^ |          | 0.047 |   2.824 |    5.450 | 
     +---------------------------------------------------------------------------------------+ 
Path 73: MET Late External Delay Assertion 
Endpoint:   csr_rdata_o[13]             (^) checked with  leading edge of 'clk_
sys'
Beginpoint: u_csr_csr_rdata_o_reg[13]/Q (^) triggered by  leading edge of 'clk_
sys'
Path Groups: {clk_sys}
Analysis View: tc_view
Other End Arrival Time          0.000
- External Delay                0.500
+ Phase Shift                   6.250
- Uncertainty                   0.300
= Required Time                 5.450
- Arrival Time                  2.819
= Slack Time                    2.631
     Clock Rise Edge                 0.000
     + Clock Network Latency (Ideal) 0.000
     = Beginpoint Arrival Time       0.000
     +---------------------------------------------------------------------------------------+ 
     |         Instance          |        Arc        |   Cell   | Delay | Arrival | Required | 
     |                           |                   |          |       |  Time   |   Time   | 
     |---------------------------+-------------------+----------+-------+---------+----------| 
     | u_csr_csr_rdata_o_reg[13] | C ^               |          |       |   0.000 |    2.631 | 
     | u_csr_csr_rdata_o_reg[13] | C ^ -> Q ^        | DFRQHDX0 | 2.772 |   2.772 |    5.403 | 
     |                           | csr_rdata_o[13] ^ |          | 0.047 |   2.819 |    5.450 | 
     +---------------------------------------------------------------------------------------+ 
Path 74: MET Late External Delay Assertion 
Endpoint:   csr_rdata_o[9]             (^) checked with  leading edge of 'clk_
sys'
Beginpoint: u_csr_csr_rdata_o_reg[9]/Q (^) triggered by  leading edge of 'clk_
sys'
Path Groups: {clk_sys}
Analysis View: tc_view
Other End Arrival Time          0.000
- External Delay                0.500
+ Phase Shift                   6.250
- Uncertainty                   0.300
= Required Time                 5.450
- Arrival Time                  2.807
= Slack Time                    2.643
     Clock Rise Edge                 0.000
     + Clock Network Latency (Ideal) 0.000
     = Beginpoint Arrival Time       0.000
     +-------------------------------------------------------------------------------------+ 
     |         Instance         |       Arc        |   Cell   | Delay | Arrival | Required | 
     |                          |                  |          |       |  Time   |   Time   | 
     |--------------------------+------------------+----------+-------+---------+----------| 
     | u_csr_csr_rdata_o_reg[9] | C ^              |          |       |   0.000 |    2.643 | 
     | u_csr_csr_rdata_o_reg[9] | C ^ -> Q ^       | DFRQHDX0 | 2.760 |   2.760 |    5.404 | 
     |                          | csr_rdata_o[9] ^ |          | 0.046 |   2.807 |    5.450 | 
     +-------------------------------------------------------------------------------------+ 
Path 75: MET Late External Delay Assertion 
Endpoint:   csr_rdata_o[8]             (^) checked with  leading edge of 'clk_
sys'
Beginpoint: u_csr_csr_rdata_o_reg[8]/Q (^) triggered by  leading edge of 'clk_
sys'
Path Groups: {clk_sys}
Analysis View: tc_view
Other End Arrival Time          0.000
- External Delay                0.500
+ Phase Shift                   6.250
- Uncertainty                   0.300
= Required Time                 5.450
- Arrival Time                  2.796
= Slack Time                    2.654
     Clock Rise Edge                 0.000
     + Clock Network Latency (Ideal) 0.000
     = Beginpoint Arrival Time       0.000
     +-------------------------------------------------------------------------------------+ 
     |         Instance         |       Arc        |   Cell   | Delay | Arrival | Required | 
     |                          |                  |          |       |  Time   |   Time   | 
     |--------------------------+------------------+----------+-------+---------+----------| 
     | u_csr_csr_rdata_o_reg[8] | C ^              |          |       |   0.000 |    2.654 | 
     | u_csr_csr_rdata_o_reg[8] | C ^ -> Q ^       | DFRQHDX0 | 2.750 |   2.750 |    5.404 | 
     |                          | csr_rdata_o[8] ^ |          | 0.046 |   2.796 |    5.450 | 
     +-------------------------------------------------------------------------------------+ 
Path 76: MET Late External Delay Assertion 
Endpoint:   csr_rdata_o[15]             (^) checked with  leading edge of 'clk_
sys'
Beginpoint: u_csr_csr_rdata_o_reg[15]/Q (^) triggered by  leading edge of 'clk_
sys'
Path Groups: {clk_sys}
Analysis View: tc_view
Other End Arrival Time          0.000
- External Delay                0.500
+ Phase Shift                   6.250
- Uncertainty                   0.300
= Required Time                 5.450
- Arrival Time                  2.784
= Slack Time                    2.666
     Clock Rise Edge                 0.000
     + Clock Network Latency (Ideal) 0.000
     = Beginpoint Arrival Time       0.000
     +---------------------------------------------------------------------------------------+ 
     |         Instance          |        Arc        |   Cell   | Delay | Arrival | Required | 
     |                           |                   |          |       |  Time   |   Time   | 
     |---------------------------+-------------------+----------+-------+---------+----------| 
     | u_csr_csr_rdata_o_reg[15] | C ^               |          |       |   0.000 |    2.666 | 
     | u_csr_csr_rdata_o_reg[15] | C ^ -> Q ^        | DFRQHDX0 | 2.739 |   2.739 |    5.405 | 
     |                           | csr_rdata_o[15] ^ |          | 0.046 |   2.784 |    5.450 | 
     +---------------------------------------------------------------------------------------+ 
Path 77: MET Late External Delay Assertion 
Endpoint:   csr_rdata_o[12]             (^) checked with  leading edge of 'clk_
sys'
Beginpoint: u_csr_csr_rdata_o_reg[12]/Q (^) triggered by  leading edge of 'clk_
sys'
Path Groups: {clk_sys}
Analysis View: tc_view
Other End Arrival Time          0.000
- External Delay                0.500
+ Phase Shift                   6.250
- Uncertainty                   0.300
= Required Time                 5.450
- Arrival Time                  2.781
= Slack Time                    2.669
     Clock Rise Edge                 0.000
     + Clock Network Latency (Ideal) 0.000
     = Beginpoint Arrival Time       0.000
     +---------------------------------------------------------------------------------------+ 
     |         Instance          |        Arc        |   Cell   | Delay | Arrival | Required | 
     |                           |                   |          |       |  Time   |   Time   | 
     |---------------------------+-------------------+----------+-------+---------+----------| 
     | u_csr_csr_rdata_o_reg[12] | C ^               |          |       |   0.000 |    2.669 | 
     | u_csr_csr_rdata_o_reg[12] | C ^ -> Q ^        | DFRQHDX0 | 2.736 |   2.736 |    5.405 | 
     |                           | csr_rdata_o[12] ^ |          | 0.045 |   2.781 |    5.450 | 
     +---------------------------------------------------------------------------------------+ 
Path 78: MET Late External Delay Assertion 
Endpoint:   csr_rdata_o[14]             (^) checked with  leading edge of 'clk_
sys'
Beginpoint: u_csr_csr_rdata_o_reg[14]/Q (^) triggered by  leading edge of 'clk_
sys'
Path Groups: {clk_sys}
Analysis View: tc_view
Other End Arrival Time          0.000
- External Delay                0.500
+ Phase Shift                   6.250
- Uncertainty                   0.300
= Required Time                 5.450
- Arrival Time                  2.753
= Slack Time                    2.696
     Clock Rise Edge                 0.000
     + Clock Network Latency (Ideal) 0.000
     = Beginpoint Arrival Time       0.000
     +---------------------------------------------------------------------------------------+ 
     |         Instance          |        Arc        |   Cell   | Delay | Arrival | Required | 
     |                           |                   |          |       |  Time   |   Time   | 
     |---------------------------+-------------------+----------+-------+---------+----------| 
     | u_csr_csr_rdata_o_reg[14] | C ^               |          |       |   0.000 |    2.696 | 
     | u_csr_csr_rdata_o_reg[14] | C ^ -> Q ^        | DFRQHDX0 | 2.709 |   2.709 |    5.406 | 
     |                           | csr_rdata_o[14] ^ |          | 0.044 |   2.753 |    5.450 | 
     +---------------------------------------------------------------------------------------+ 
Path 79: MET Late External Delay Assertion 
Endpoint:   csr_rdata_o[19]             (^) checked with  leading edge of 'clk_
sys'
Beginpoint: u_csr_csr_rdata_o_reg[19]/Q (^) triggered by  leading edge of 'clk_
sys'
Path Groups: {clk_sys}
Analysis View: tc_view
Other End Arrival Time          0.000
- External Delay                0.500
+ Phase Shift                   6.250
- Uncertainty                   0.300
= Required Time                 5.450
- Arrival Time                  2.698
= Slack Time                    2.752
     Clock Rise Edge                 0.000
     + Clock Network Latency (Ideal) 0.000
     = Beginpoint Arrival Time       0.000
     +---------------------------------------------------------------------------------------+ 
     |         Instance          |        Arc        |   Cell   | Delay | Arrival | Required | 
     |                           |                   |          |       |  Time   |   Time   | 
     |---------------------------+-------------------+----------+-------+---------+----------| 
     | u_csr_csr_rdata_o_reg[19] | C ^               |          |       |   0.000 |    2.752 | 
     | u_csr_csr_rdata_o_reg[19] | C ^ -> Q ^        | DFRQHDX0 | 2.656 |   2.656 |    5.408 | 
     |                           | csr_rdata_o[19] ^ |          | 0.042 |   2.698 |    5.450 | 
     +---------------------------------------------------------------------------------------+ 
Path 80: MET Late External Delay Assertion 
Endpoint:   csr_rdata_o[21]             (^) checked with  leading edge of 'clk_
sys'
Beginpoint: u_csr_csr_rdata_o_reg[21]/Q (^) triggered by  leading edge of 'clk_
sys'
Path Groups: {clk_sys}
Analysis View: tc_view
Other End Arrival Time          0.000
- External Delay                0.500
+ Phase Shift                   6.250
- Uncertainty                   0.300
= Required Time                 5.450
- Arrival Time                  2.697
= Slack Time                    2.752
     Clock Rise Edge                 0.000
     + Clock Network Latency (Ideal) 0.000
     = Beginpoint Arrival Time       0.000
     +---------------------------------------------------------------------------------------+ 
     |         Instance          |        Arc        |   Cell   | Delay | Arrival | Required | 
     |                           |                   |          |       |  Time   |   Time   | 
     |---------------------------+-------------------+----------+-------+---------+----------| 
     | u_csr_csr_rdata_o_reg[21] | C ^               |          |       |   0.000 |    2.752 | 
     | u_csr_csr_rdata_o_reg[21] | C ^ -> Q ^        | DFRQHDX0 | 2.655 |   2.655 |    5.408 | 
     |                           | csr_rdata_o[21] ^ |          | 0.042 |   2.697 |    5.450 | 
     +---------------------------------------------------------------------------------------+ 
Path 81: MET Late External Delay Assertion 
Endpoint:   csr_rdata_o[20]             (^) checked with  leading edge of 'clk_
sys'
Beginpoint: u_csr_csr_rdata_o_reg[20]/Q (^) triggered by  leading edge of 'clk_
sys'
Path Groups: {clk_sys}
Analysis View: tc_view
Other End Arrival Time          0.000
- External Delay                0.500
+ Phase Shift                   6.250
- Uncertainty                   0.300
= Required Time                 5.450
- Arrival Time                  2.677
= Slack Time                    2.773
     Clock Rise Edge                 0.000
     + Clock Network Latency (Ideal) 0.000
     = Beginpoint Arrival Time       0.000
     +---------------------------------------------------------------------------------------+ 
     |         Instance          |        Arc        |   Cell   | Delay | Arrival | Required | 
     |                           |                   |          |       |  Time   |   Time   | 
     |---------------------------+-------------------+----------+-------+---------+----------| 
     | u_csr_csr_rdata_o_reg[20] | C ^               |          |       |   0.000 |    2.773 | 
     | u_csr_csr_rdata_o_reg[20] | C ^ -> Q ^        | DFRQHDX0 | 2.635 |   2.635 |    5.408 | 
     |                           | csr_rdata_o[20] ^ |          | 0.042 |   2.677 |    5.450 | 
     +---------------------------------------------------------------------------------------+ 
Path 82: MET Late External Delay Assertion 
Endpoint:   csr_rdata_o[31]             (^) checked with  leading edge of 'clk_
sys'
Beginpoint: u_csr_csr_rdata_o_reg[31]/Q (^) triggered by  leading edge of 'clk_
sys'
Path Groups: {clk_sys}
Analysis View: tc_view
Other End Arrival Time          0.000
- External Delay                0.500
+ Phase Shift                   6.250
- Uncertainty                   0.300
= Required Time                 5.450
- Arrival Time                  2.666
= Slack Time                    2.784
     Clock Rise Edge                 0.000
     + Clock Network Latency (Ideal) 0.000
     = Beginpoint Arrival Time       0.000
     +---------------------------------------------------------------------------------------+ 
     |         Instance          |        Arc        |   Cell   | Delay | Arrival | Required | 
     |                           |                   |          |       |  Time   |   Time   | 
     |---------------------------+-------------------+----------+-------+---------+----------| 
     | u_csr_csr_rdata_o_reg[31] | C ^               |          |       |   0.000 |    2.784 | 
     | u_csr_csr_rdata_o_reg[31] | C ^ -> Q ^        | DFRQHDX0 | 2.625 |   2.625 |    5.409 | 
     |                           | csr_rdata_o[31] ^ |          | 0.041 |   2.666 |    5.450 | 
     +---------------------------------------------------------------------------------------+ 
Path 83: MET Late External Delay Assertion 
Endpoint:   csr_rdata_o[18]             (^) checked with  leading edge of 'clk_
sys'
Beginpoint: u_csr_csr_rdata_o_reg[18]/Q (^) triggered by  leading edge of 'clk_
sys'
Path Groups: {clk_sys}
Analysis View: tc_view
Other End Arrival Time          0.000
- External Delay                0.500
+ Phase Shift                   6.250
- Uncertainty                   0.300
= Required Time                 5.450
- Arrival Time                  2.640
= Slack Time                    2.810
     Clock Rise Edge                 0.000
     + Clock Network Latency (Ideal) 0.000
     = Beginpoint Arrival Time       0.000
     +---------------------------------------------------------------------------------------+ 
     |         Instance          |        Arc        |   Cell   | Delay | Arrival | Required | 
     |                           |                   |          |       |  Time   |   Time   | 
     |---------------------------+-------------------+----------+-------+---------+----------| 
     | u_csr_csr_rdata_o_reg[18] | C ^               |          |       |   0.000 |    2.810 | 
     | u_csr_csr_rdata_o_reg[18] | C ^ -> Q ^        | DFRQHDX0 | 2.599 |   2.599 |    5.410 | 
     |                           | csr_rdata_o[18] ^ |          | 0.040 |   2.640 |    5.450 | 
     +---------------------------------------------------------------------------------------+ 
Path 84: MET Late External Delay Assertion 
Endpoint:   csr_rdata_o[17]             (^) checked with  leading edge of 'clk_
sys'
Beginpoint: u_csr_csr_rdata_o_reg[17]/Q (^) triggered by  leading edge of 'clk_
sys'
Path Groups: {clk_sys}
Analysis View: tc_view
Other End Arrival Time          0.000
- External Delay                0.500
+ Phase Shift                   6.250
- Uncertainty                   0.300
= Required Time                 5.450
- Arrival Time                  2.626
= Slack Time                    2.824
     Clock Rise Edge                 0.000
     + Clock Network Latency (Ideal) 0.000
     = Beginpoint Arrival Time       0.000
     +---------------------------------------------------------------------------------------+ 
     |         Instance          |        Arc        |   Cell   | Delay | Arrival | Required | 
     |                           |                   |          |       |  Time   |   Time   | 
     |---------------------------+-------------------+----------+-------+---------+----------| 
     | u_csr_csr_rdata_o_reg[17] | C ^               |          |       |   0.000 |    2.824 | 
     | u_csr_csr_rdata_o_reg[17] | C ^ -> Q ^        | DFRQHDX0 | 2.586 |   2.586 |    5.410 | 
     |                           | csr_rdata_o[17] ^ |          | 0.040 |   2.626 |    5.450 | 
     +---------------------------------------------------------------------------------------+ 
Path 85: MET Late External Delay Assertion 
Endpoint:   csr_rdata_o[16]             (^) checked with  leading edge of 'clk_
sys'
Beginpoint: u_csr_csr_rdata_o_reg[16]/Q (^) triggered by  leading edge of 'clk_
sys'
Path Groups: {clk_sys}
Analysis View: tc_view
Other End Arrival Time          0.000
- External Delay                0.500
+ Phase Shift                   6.250
- Uncertainty                   0.300
= Required Time                 5.450
- Arrival Time                  2.614
= Slack Time                    2.836
     Clock Rise Edge                 0.000
     + Clock Network Latency (Ideal) 0.000
     = Beginpoint Arrival Time       0.000
     +---------------------------------------------------------------------------------------+ 
     |         Instance          |        Arc        |   Cell   | Delay | Arrival | Required | 
     |                           |                   |          |       |  Time   |   Time   | 
     |---------------------------+-------------------+----------+-------+---------+----------| 
     | u_csr_csr_rdata_o_reg[16] | C ^               |          |       |   0.000 |    2.836 | 
     | u_csr_csr_rdata_o_reg[16] | C ^ -> Q ^        | DFRQHDX0 | 2.575 |   2.575 |    5.411 | 
     |                           | csr_rdata_o[16] ^ |          | 0.039 |   2.614 |    5.450 | 
     +---------------------------------------------------------------------------------------+ 
Path 86: MET Late External Delay Assertion 
Endpoint:   csr_rdata_o[22]             (^) checked with  leading edge of 'clk_
sys'
Beginpoint: u_csr_csr_rdata_o_reg[22]/Q (^) triggered by  leading edge of 'clk_
sys'
Path Groups: {clk_sys}
Analysis View: tc_view
Other End Arrival Time          0.000
- External Delay                0.500
+ Phase Shift                   6.250
- Uncertainty                   0.300
= Required Time                 5.450
- Arrival Time                  2.592
= Slack Time                    2.858
     Clock Rise Edge                 0.000
     + Clock Network Latency (Ideal) 0.000
     = Beginpoint Arrival Time       0.000
     +---------------------------------------------------------------------------------------+ 
     |         Instance          |        Arc        |   Cell   | Delay | Arrival | Required | 
     |                           |                   |          |       |  Time   |   Time   | 
     |---------------------------+-------------------+----------+-------+---------+----------| 
     | u_csr_csr_rdata_o_reg[22] | C ^               |          |       |   0.000 |    2.858 | 
     | u_csr_csr_rdata_o_reg[22] | C ^ -> Q ^        | DFRQHDX0 | 2.554 |   2.554 |    5.411 | 
     |                           | csr_rdata_o[22] ^ |          | 0.039 |   2.592 |    5.450 | 
     +---------------------------------------------------------------------------------------+ 
Path 87: MET Late External Delay Assertion 
Endpoint:   csr_rdata_o[29]             (^) checked with  leading edge of 'clk_
sys'
Beginpoint: u_csr_csr_rdata_o_reg[29]/Q (^) triggered by  leading edge of 'clk_
sys'
Path Groups: {clk_sys}
Analysis View: tc_view
Other End Arrival Time          0.000
- External Delay                0.500
+ Phase Shift                   6.250
- Uncertainty                   0.300
= Required Time                 5.450
- Arrival Time                  2.588
= Slack Time                    2.862
     Clock Rise Edge                 0.000
     + Clock Network Latency (Ideal) 0.000
     = Beginpoint Arrival Time       0.000
     +---------------------------------------------------------------------------------------+ 
     |         Instance          |        Arc        |   Cell   | Delay | Arrival | Required | 
     |                           |                   |          |       |  Time   |   Time   | 
     |---------------------------+-------------------+----------+-------+---------+----------| 
     | u_csr_csr_rdata_o_reg[29] | C ^               |          |       |   0.000 |    2.862 | 
     | u_csr_csr_rdata_o_reg[29] | C ^ -> Q ^        | DFRQHDX0 | 2.550 |   2.550 |    5.412 | 
     |                           | csr_rdata_o[29] ^ |          | 0.038 |   2.588 |    5.450 | 
     +---------------------------------------------------------------------------------------+ 
Path 88: MET Late External Delay Assertion 
Endpoint:   csr_rdata_o[30]             (^) checked with  leading edge of 'clk_
sys'
Beginpoint: u_csr_csr_rdata_o_reg[30]/Q (^) triggered by  leading edge of 'clk_
sys'
Path Groups: {clk_sys}
Analysis View: tc_view
Other End Arrival Time          0.000
- External Delay                0.500
+ Phase Shift                   6.250
- Uncertainty                   0.300
= Required Time                 5.450
- Arrival Time                  2.575
= Slack Time                    2.875
     Clock Rise Edge                 0.000
     + Clock Network Latency (Ideal) 0.000
     = Beginpoint Arrival Time       0.000
     +---------------------------------------------------------------------------------------+ 
     |         Instance          |        Arc        |   Cell   | Delay | Arrival | Required | 
     |                           |                   |          |       |  Time   |   Time   | 
     |---------------------------+-------------------+----------+-------+---------+----------| 
     | u_csr_csr_rdata_o_reg[30] | C ^               |          |       |   0.000 |    2.875 | 
     | u_csr_csr_rdata_o_reg[30] | C ^ -> Q ^        | DFRQHDX0 | 2.537 |   2.537 |    5.412 | 
     |                           | csr_rdata_o[30] ^ |          | 0.038 |   2.575 |    5.450 | 
     +---------------------------------------------------------------------------------------+ 
Path 89: MET Late External Delay Assertion 
Endpoint:   csr_rdata_o[23]             (^) checked with  leading edge of 'clk_
sys'
Beginpoint: u_csr_csr_rdata_o_reg[23]/Q (^) triggered by  leading edge of 'clk_
sys'
Path Groups: {clk_sys}
Analysis View: tc_view
Other End Arrival Time          0.000
- External Delay                0.500
+ Phase Shift                   6.250
- Uncertainty                   0.300
= Required Time                 5.450
- Arrival Time                  2.568
= Slack Time                    2.882
     Clock Rise Edge                 0.000
     + Clock Network Latency (Ideal) 0.000
     = Beginpoint Arrival Time       0.000
     +---------------------------------------------------------------------------------------+ 
     |         Instance          |        Arc        |   Cell   | Delay | Arrival | Required | 
     |                           |                   |          |       |  Time   |   Time   | 
     |---------------------------+-------------------+----------+-------+---------+----------| 
     | u_csr_csr_rdata_o_reg[23] | C ^               |          |       |   0.000 |    2.882 | 
     | u_csr_csr_rdata_o_reg[23] | C ^ -> Q ^        | DFRQHDX0 | 2.530 |   2.530 |    5.412 | 
     |                           | csr_rdata_o[23] ^ |          | 0.038 |   2.568 |    5.450 | 
     +---------------------------------------------------------------------------------------+ 
Path 90: MET Late External Delay Assertion 
Endpoint:   csr_rdata_o[28]             (^) checked with  leading edge of 'clk_
sys'
Beginpoint: u_csr_csr_rdata_o_reg[28]/Q (^) triggered by  leading edge of 'clk_
sys'
Path Groups: {clk_sys}
Analysis View: tc_view
Other End Arrival Time          0.000
- External Delay                0.500
+ Phase Shift                   6.250
- Uncertainty                   0.300
= Required Time                 5.450
- Arrival Time                  2.547
= Slack Time                    2.903
     Clock Rise Edge                 0.000
     + Clock Network Latency (Ideal) 0.000
     = Beginpoint Arrival Time       0.000
     +---------------------------------------------------------------------------------------+ 
     |         Instance          |        Arc        |   Cell   | Delay | Arrival | Required | 
     |                           |                   |          |       |  Time   |   Time   | 
     |---------------------------+-------------------+----------+-------+---------+----------| 
     | u_csr_csr_rdata_o_reg[28] | C ^               |          |       |   0.000 |    2.903 | 
     | u_csr_csr_rdata_o_reg[28] | C ^ -> Q ^        | DFRQHDX0 | 2.510 |   2.510 |    5.413 | 
     |                           | csr_rdata_o[28] ^ |          | 0.037 |   2.547 |    5.450 | 
     +---------------------------------------------------------------------------------------+ 
Path 91: MET Late External Delay Assertion 
Endpoint:   csr_rdata_o[24]             (^) checked with  leading edge of 'clk_
sys'
Beginpoint: u_csr_csr_rdata_o_reg[24]/Q (^) triggered by  leading edge of 'clk_
sys'
Path Groups: {clk_sys}
Analysis View: tc_view
Other End Arrival Time          0.000
- External Delay                0.500
+ Phase Shift                   6.250
- Uncertainty                   0.300
= Required Time                 5.450
- Arrival Time                  2.537
= Slack Time                    2.913
     Clock Rise Edge                 0.000
     + Clock Network Latency (Ideal) 0.000
     = Beginpoint Arrival Time       0.000
     +---------------------------------------------------------------------------------------+ 
     |         Instance          |        Arc        |   Cell   | Delay | Arrival | Required | 
     |                           |                   |          |       |  Time   |   Time   | 
     |---------------------------+-------------------+----------+-------+---------+----------| 
     | u_csr_csr_rdata_o_reg[24] | C ^               |          |       |   0.000 |    2.913 | 
     | u_csr_csr_rdata_o_reg[24] | C ^ -> Q ^        | DFRQHDX0 | 2.500 |   2.500 |    5.413 | 
     |                           | csr_rdata_o[24] ^ |          | 0.037 |   2.537 |    5.450 | 
     +---------------------------------------------------------------------------------------+ 
Path 92: MET Late External Delay Assertion 
Endpoint:   csr_rdata_o[26]             (^) checked with  leading edge of 'clk_
sys'
Beginpoint: u_csr_csr_rdata_o_reg[26]/Q (^) triggered by  leading edge of 'clk_
sys'
Path Groups: {clk_sys}
Analysis View: tc_view
Other End Arrival Time          0.000
- External Delay                0.500
+ Phase Shift                   6.250
- Uncertainty                   0.300
= Required Time                 5.450
- Arrival Time                  2.529
= Slack Time                    2.921
     Clock Rise Edge                 0.000
     + Clock Network Latency (Ideal) 0.000
     = Beginpoint Arrival Time       0.000
     +---------------------------------------------------------------------------------------+ 
     |         Instance          |        Arc        |   Cell   | Delay | Arrival | Required | 
     |                           |                   |          |       |  Time   |   Time   | 
     |---------------------------+-------------------+----------+-------+---------+----------| 
     | u_csr_csr_rdata_o_reg[26] | C ^               |          |       |   0.000 |    2.921 | 
     | u_csr_csr_rdata_o_reg[26] | C ^ -> Q ^        | DFRQHDX0 | 2.492 |   2.492 |    5.414 | 
     |                           | csr_rdata_o[26] ^ |          | 0.036 |   2.529 |    5.450 | 
     +---------------------------------------------------------------------------------------+ 
Path 93: MET Late External Delay Assertion 
Endpoint:   csr_rdata_o[25]             (^) checked with  leading edge of 'clk_
sys'
Beginpoint: u_csr_csr_rdata_o_reg[25]/Q (^) triggered by  leading edge of 'clk_
sys'
Path Groups: {clk_sys}
Analysis View: tc_view
Other End Arrival Time          0.000
- External Delay                0.500
+ Phase Shift                   6.250
- Uncertainty                   0.300
= Required Time                 5.450
- Arrival Time                  2.485
= Slack Time                    2.965
     Clock Rise Edge                 0.000
     + Clock Network Latency (Ideal) 0.000
     = Beginpoint Arrival Time       0.000
     +---------------------------------------------------------------------------------------+ 
     |         Instance          |        Arc        |   Cell   | Delay | Arrival | Required | 
     |                           |                   |          |       |  Time   |   Time   | 
     |---------------------------+-------------------+----------+-------+---------+----------| 
     | u_csr_csr_rdata_o_reg[25] | C ^               |          |       |   0.000 |    2.965 | 
     | u_csr_csr_rdata_o_reg[25] | C ^ -> Q ^        | DFRQHDX0 | 2.450 |   2.450 |    5.415 | 
     |                           | csr_rdata_o[25] ^ |          | 0.035 |   2.485 |    5.450 | 
     +---------------------------------------------------------------------------------------+ 
Path 94: MET Late External Delay Assertion 
Endpoint:   csr_rdata_o[27]             (^) checked with  leading edge of 'clk_
sys'
Beginpoint: u_csr_csr_rdata_o_reg[27]/Q (^) triggered by  leading edge of 'clk_
sys'
Path Groups: {clk_sys}
Analysis View: tc_view
Other End Arrival Time          0.000
- External Delay                0.500
+ Phase Shift                   6.250
- Uncertainty                   0.300
= Required Time                 5.450
- Arrival Time                  2.476
= Slack Time                    2.974
     Clock Rise Edge                 0.000
     + Clock Network Latency (Ideal) 0.000
     = Beginpoint Arrival Time       0.000
     +---------------------------------------------------------------------------------------+ 
     |         Instance          |        Arc        |   Cell   | Delay | Arrival | Required | 
     |                           |                   |          |       |  Time   |   Time   | 
     |---------------------------+-------------------+----------+-------+---------+----------| 
     | u_csr_csr_rdata_o_reg[27] | C ^               |          |       |   0.000 |    2.974 | 
     | u_csr_csr_rdata_o_reg[27] | C ^ -> Q ^        | DFRQHDX0 | 2.441 |   2.441 |    5.415 | 
     |                           | csr_rdata_o[27] ^ |          | 0.035 |   2.476 |    5.450 | 
     +---------------------------------------------------------------------------------------+ 
Path 95: MET Late External Delay Assertion 
Endpoint:   narrow_valid_o                      (^) checked with  leading edge 
of 'clk_sys'
Beginpoint: u_core_u_narrow_tx_state_q_reg[1]/Q (v) triggered by  leading edge 
of 'clk_sys'
Path Groups: {clk_sys}
Analysis View: tc_view
Other End Arrival Time          0.000
- External Delay                0.500
+ Phase Shift                   6.250
- Uncertainty                   0.300
= Required Time                 5.450
- Arrival Time                  1.988
= Slack Time                    3.462
     Clock Rise Edge                 0.000
     + Clock Network Latency (Ideal) 0.000
     = Beginpoint Arrival Time       0.000
     +-----------------------------------------------------------------------------------------------+ 
     |             Instance              |       Arc        |   Cell    | Delay | Arrival | Required | 
     |                                   |                  |           |       |  Time   |   Time   | 
     |-----------------------------------+------------------+-----------+-------+---------+----------| 
     | u_core_u_narrow_tx_state_q_reg[1] | C ^              |           |       |   0.000 |    3.462 | 
     | u_core_u_narrow_tx_state_q_reg[1] | C ^ -> Q v       | DFRQHDX1  | 0.650 |   0.650 |    4.112 | 
     | g545                              | A v -> Q ^       | INHDX0    | 0.354 |   1.004 |    4.466 | 
     | g539                              | A ^ -> Q ^       | AND3HDX2  | 0.465 |   1.469 |    4.932 | 
     | g538                              | A ^ -> Q v       | INHDX0    | 0.242 |   1.711 |    5.173 | 
     | g526                              | C v -> Q ^       | NA3I1HDX1 | 0.271 |   1.982 |    5.445 | 
     |                                   | narrow_valid_o ^ |           | 0.005 |   1.988 |    5.450 | 
     +-----------------------------------------------------------------------------------------------+ 
Path 96: MET Late External Delay Assertion 
Endpoint:   fifo_full_o                (v) checked with  leading edge of 'clk_
sys'
Beginpoint: u_core_u_fifo_full_q_reg/Q (v) triggered by  leading edge of 'clk_
sys'
Path Groups: {clk_sys}
Analysis View: tc_view
Other End Arrival Time          0.000
- External Delay                0.500
+ Phase Shift                   6.250
- Uncertainty                   0.300
= Required Time                 5.450
- Arrival Time                  0.766
= Slack Time                    4.684
     Clock Rise Edge                 0.000
     + Clock Network Latency (Ideal) 0.000
     = Beginpoint Arrival Time       0.000
     +----------------------------------------------------------------------------------+ 
     |         Instance         |      Arc      |   Cell   | Delay | Arrival | Required | 
     |                          |               |          |       |  Time   |   Time   | 
     |--------------------------+---------------+----------+-------+---------+----------| 
     | u_core_u_fifo_full_q_reg | C ^           |          |       |   0.000 |    4.684 | 
     | u_core_u_fifo_full_q_reg | C ^ -> Q v    | DFRQHDX1 | 0.763 |   0.763 |    5.447 | 
     |                          | fifo_full_o v |          | 0.003 |   0.766 |    5.450 | 
     +----------------------------------------------------------------------------------+ 

