###############################################################
#  Generated by:      Cadence Innovus 22.33-s094_1
#  OS:                Linux x86_64(Host ID lyoelectrosrv01.in2p3.fr)
#  Generated on:      Wed Jul  8 00:31:21 2026
#  Design:            mptdc_axis_core
#  Command:           report_timing -view TC_NOMINAL -max_paths 100 > "/sim/ksabra/SPADMIC_work/innovus/20260708_mptdc_ro6_optionB2_pgproof_002636/reports/timing_tc_pre_cts_top100.rpt"
###############################################################
Path 1: VIOLATED Setup Check with Pin u_core_gen_pd_row[7].gen_pd_col[2].u_pd/
nfast_hit_latched_reg[0]/C 
Endpoint:   u_core_gen_pd_row[7].gen_pd_col[2].u_pd/nfast_hit_latched_reg[0]/D 
(v) checked with  leading edge of 'clk_osc_fast_buf_tap2'
Beginpoint: u_core_gen_pd_row[7].gen_pd_col[2].u_pd/hit_latched_reg/Q          
(^) triggered by  leading edge of 'clk_osc_fast_buf_tap2'
Path Groups: {clk_osc_fast_buf_tap2}
Analysis View: TC_NOMINAL
Other End Arrival Time          0.148
- Setup                         0.336
+ Phase Shift                   1.333
- Uncertainty                   0.010
= Required Time                 1.135
- Arrival Time                  1.177
= Slack Time                   -0.042
     Clock Rise Edge                 0.148
     + Clock Network Latency (Ideal) 0.000
     = Beginpoint Arrival Time       0.148
     +------------------------------------------------------------------------------------------------------------+ 
     |                      Instance                      |    Arc     |    Cell     | Delay | Arrival | Required | 
     |                                                    |            |             |       |  Time   |   Time   | 
     |----------------------------------------------------+------------+-------------+-------+---------+----------| 
     | u_core_gen_pd_row[7].gen_pd_col[2].u_pd/hit_latche | C ^        |             |       |   0.148 |    0.106 | 
     | d_reg                                              |            |             |       |         |          | 
     | u_core_gen_pd_row[7].gen_pd_col[2].u_pd/hit_latche | C ^ -> Q ^ | DFRRQJIHDX1 | 0.714 |   0.862 |    0.820 | 
     | d_reg                                              |            |             |       |         |          | 
     | u_core_gen_pd_row[7].gen_pd_col[2].u_pd/g29        | S ^ -> Q v | MU2IJIHDX0  | 0.315 |   1.177 |    1.135 | 
     | u_core_gen_pd_row[7].gen_pd_col[2].u_pd/nfast_hit_ | D v        | DFRSQJIHDX4 | 0.000 |   1.177 |    1.135 | 
     | latched_reg[0]                                     |            |             |       |         |          | 
     +------------------------------------------------------------------------------------------------------------+ 
Path 2: VIOLATED Setup Check with Pin u_core_gen_pd_row[6].gen_pd_col[0].u_pd/
nfast_hit_latched_reg[6]/C 
Endpoint:   u_core_gen_pd_row[6].gen_pd_col[0].u_pd/nfast_hit_latched_reg[6]/D 
(v) checked with  leading edge of 'clk_osc_fast_buf_tap0'
Beginpoint: u_core_gen_pd_row[6].gen_pd_col[0].u_pd/hit_latched_reg/Q          
(^) triggered by  leading edge of 'clk_osc_fast_buf_tap0'
Path Groups: {clk_osc_fast_buf_tap0}
Analysis View: TC_NOMINAL
Other End Arrival Time          0.000
- Setup                         0.307
+ Phase Shift                   1.333
- Uncertainty                   0.010
= Required Time                 1.016
- Arrival Time                  1.017
= Slack Time                   -0.001
     Clock Rise Edge                 0.000
     + Clock Network Latency (Ideal) 0.000
     = Beginpoint Arrival Time       0.000
     +------------------------------------------------------------------------------------------------------------+ 
     |                      Instance                      |    Arc     |    Cell     | Delay | Arrival | Required | 
     |                                                    |            |             |       |  Time   |   Time   | 
     |----------------------------------------------------+------------+-------------+-------+---------+----------| 
     | u_core_gen_pd_row[6].gen_pd_col[0].u_pd/hit_latche | C ^        |             |       |   0.000 |   -0.001 | 
     | d_reg                                              |            |             |       |         |          | 
     | u_core_gen_pd_row[6].gen_pd_col[0].u_pd/hit_latche | C ^ -> Q ^ | DFRRQJIHDX1 | 0.567 |   0.567 |    0.566 | 
     | d_reg                                              |            |             |       |         |          | 
     | u_core_gen_pd_row[6].gen_pd_col[0].u_pd/FE_OFC815_ | A ^ -> Q v | INJIHDX3    | 0.170 |   0.737 |    0.736 | 
     | hit_latched_41                                     |            |             |       |         |          | 
     | u_core_gen_pd_row[6].gen_pd_col[0].u_pd/FE_OFC816_ | A v -> Q ^ | INJIHDX1    | 0.137 |   0.873 |    0.872 | 
     | hit_latched_41                                     |            |             |       |         |          | 
     | u_core_gen_pd_row[6].gen_pd_col[0].u_pd/g441__5107 | B ^ -> Q v | ON22JIHDX0  | 0.143 |   1.016 |    1.016 | 
     | u_core_gen_pd_row[6].gen_pd_col[0].u_pd/nfast_hit_ | D v        | DFRQJIHDX1  | 0.000 |   1.017 |    1.016 | 
     | latched_reg[6]                                     |            |             |       |         |          | 
     +------------------------------------------------------------------------------------------------------------+ 
Path 3: VIOLATED Setup Check with Pin u_core_gen_fast_tag_col[6].u_fast_tag_tag_
o_reg[0]/C 
Endpoint:   u_core_gen_fast_tag_col[6].u_fast_tag_tag_o_reg[0]/D (v) checked 
with  leading edge of 'clk_osc_fast_buf_tap6'
Beginpoint: u_core_gen_fast_tag_col[6].u_fast_tag_tag_o_reg[5]/Q (v) triggered 
by  leading edge of 'clk_osc_fast_buf_tap6'
Path Groups: {clk_osc_fast_buf_tap6}
Analysis View: TC_NOMINAL
Other End Arrival Time          0.444
- Setup                         0.345
+ Phase Shift                   1.333
- Uncertainty                   0.010
= Required Time                 1.422
- Arrival Time                  1.423
= Slack Time                   -0.000
     Clock Rise Edge                 0.444
     + Clock Network Latency (Ideal) 0.000
     = Beginpoint Arrival Time       0.444
     +------------------------------------------------------------------------------------------------------------+ 
     |                      Instance                      |    Arc     |    Cell     | Delay | Arrival | Required | 
     |                                                    |            |             |       |  Time   |   Time   | 
     |----------------------------------------------------+------------+-------------+-------+---------+----------| 
     | u_core_gen_fast_tag_col[6].u_fast_tag_tag_o_reg[5] | C ^        |             |       |   0.444 |    0.444 | 
     | u_core_gen_fast_tag_col[6].u_fast_tag_tag_o_reg[5] | C ^ -> Q v | DFRRQJIHDX1 | 0.549 |   0.993 |    0.993 | 
     | FE_OFC756_u_core_n_1563                            | A v -> Q ^ | INJIHDX3    | 0.289 |   1.282 |    1.282 | 
     | g80982                                             | A ^ -> Q v | ON22JIHDX1  | 0.141 |   1.423 |    1.422 | 
     | u_core_gen_fast_tag_col[6].u_fast_tag_tag_o_reg[0] | D v        | DFRSQJIHDX1 | 0.000 |   1.423 |    1.422 | 
     +------------------------------------------------------------------------------------------------------------+ 
Path 4: VIOLATED Setup Check with Pin u_core_gen_pd_row[4].gen_pd_col[1].u_pd/
nfast_hit_latched_reg[0]/C 
Endpoint:   u_core_gen_pd_row[4].gen_pd_col[1].u_pd/nfast_hit_latched_reg[0]/D 
(v) checked with  leading edge of 'clk_osc_fast_buf_tap1'
Beginpoint: u_core_gen_pd_row[4].gen_pd_col[1].u_pd/hit_latched_reg/Q          
(^) triggered by  leading edge of 'clk_osc_fast_buf_tap1'
Path Groups: {clk_osc_fast_buf_tap1}
Analysis View: TC_NOMINAL
Other End Arrival Time          0.074
- Setup                         0.333
+ Phase Shift                   1.333
- Uncertainty                   0.010
= Required Time                 1.064
- Arrival Time                  1.064
= Slack Time                   -0.000
     Clock Rise Edge                 0.074
     + Clock Network Latency (Ideal) 0.000
     = Beginpoint Arrival Time       0.074
     +------------------------------------------------------------------------------------------------------------+ 
     |                      Instance                      |    Arc     |    Cell     | Delay | Arrival | Required | 
     |                                                    |            |             |       |  Time   |   Time   | 
     |----------------------------------------------------+------------+-------------+-------+---------+----------| 
     | u_core_gen_pd_row[4].gen_pd_col[1].u_pd/hit_latche | C ^        |             |       |   0.074 |    0.074 | 
     | d_reg                                              |            |             |       |         |          | 
     | u_core_gen_pd_row[4].gen_pd_col[1].u_pd/hit_latche | C ^ -> Q ^ | DFRRQJIHDX1 | 0.583 |   0.657 |    0.657 | 
     | d_reg                                              |            |             |       |         |          | 
     | u_core_gen_pd_row[4].gen_pd_col[1].u_pd/FE_OFC792_ | A ^ -> Q v | INJIHDX3    | 0.191 |   0.848 |    0.848 | 
     | hit_latched_41                                     |            |             |       |         |          | 
     | u_core_gen_pd_row[4].gen_pd_col[1].u_pd/g26        | A v -> Q ^ | NA2JIHDX1   | 0.147 |   0.995 |    0.995 | 
     | u_core_gen_pd_row[4].gen_pd_col[1].u_pd/FE_RC_15_0 | A ^ -> Q v | NA2JIHDX1   | 0.068 |   1.064 |    1.063 | 
     | u_core_gen_pd_row[4].gen_pd_col[1].u_pd/nfast_hit_ | D v        | DFRSQJIHDX1 | 0.000 |   1.064 |    1.064 | 
     | latched_reg[0]                                     |            |             |       |         |          | 
     +------------------------------------------------------------------------------------------------------------+ 
Path 5: MET Setup Check with Pin u_core_gen_pd_row[5].gen_pd_col[6].u_pd/nfast_
hit_latched_reg[2]/C 
Endpoint:   u_core_gen_pd_row[5].gen_pd_col[6].u_pd/nfast_hit_latched_reg[2]/D 
(v) checked with  leading edge of 'clk_osc_fast_buf_tap6'
Beginpoint: u_core_gen_pd_row[5].gen_pd_col[6].u_pd/hit_latched_reg/Q          
(^) triggered by  leading edge of 'clk_osc_fast_buf_tap6'
Path Groups: {clk_osc_fast_buf_tap6}
Analysis View: TC_NOMINAL
Other End Arrival Time          0.444
- Setup                         0.309
+ Phase Shift                   1.333
- Uncertainty                   0.010
= Required Time                 1.458
- Arrival Time                  1.456
= Slack Time                    0.002
     Clock Rise Edge                 0.444
     + Clock Network Latency (Ideal) 0.000
     = Beginpoint Arrival Time       0.444
     +------------------------------------------------------------------------------------------------------------+ 
     |                      Instance                      |    Arc     |    Cell     | Delay | Arrival | Required | 
     |                                                    |            |             |       |  Time   |   Time   | 
     |----------------------------------------------------+------------+-------------+-------+---------+----------| 
     | u_core_gen_pd_row[5].gen_pd_col[6].u_pd/hit_latche | C ^        |             |       |   0.444 |    0.446 | 
     | d_reg                                              |            |             |       |         |          | 
     | u_core_gen_pd_row[5].gen_pd_col[6].u_pd/hit_latche | C ^ -> Q ^ | DFRRQJIHDX2 | 0.482 |   0.926 |    0.928 | 
     | d_reg                                              |            |             |       |         |          | 
     | u_core_gen_pd_row[5].gen_pd_col[6].u_pd/g27        | A ^ -> Q v | INJIHDX2    | 0.179 |   1.105 |    1.107 | 
     | u_core_gen_pd_row[5].gen_pd_col[6].u_pd/FE_OFC692_ | A v -> Q ^ | INJIHDX4    | 0.191 |   1.296 |    1.298 | 
     | n_37                                               |            |             |       |         |          | 
     | u_core_gen_pd_row[5].gen_pd_col[6].u_pd/g437__5107 | B ^ -> Q v | ON22JIHDX0  | 0.160 |   1.456 |    1.458 | 
     | u_core_gen_pd_row[5].gen_pd_col[6].u_pd/nfast_hit_ | D v        | DFRJIHDX1   | 0.000 |   1.456 |    1.458 | 
     | latched_reg[2]                                     |            |             |       |         |          | 
     +------------------------------------------------------------------------------------------------------------+ 
Path 6: MET Setup Check with Pin u_core_gen_pd_row[5].gen_pd_col[3].u_pd/nfast_
hit_latched_reg[2]/C 
Endpoint:   u_core_gen_pd_row[5].gen_pd_col[3].u_pd/nfast_hit_latched_reg[2]/D 
(v) checked with  leading edge of 'clk_osc_fast_buf_tap3'
Beginpoint: u_core_gen_pd_row[5].gen_pd_col[3].u_pd/hit_latched_reg/Q          
(v) triggered by  leading edge of 'clk_osc_fast_buf_tap3'
Path Groups: {clk_osc_fast_buf_tap3}
Analysis View: TC_NOMINAL
Other End Arrival Time          0.222
- Setup                         0.301
+ Phase Shift                   1.333
- Uncertainty                   0.010
= Required Time                 1.244
- Arrival Time                  1.242
= Slack Time                    0.002
     Clock Rise Edge                 0.222
     + Clock Network Latency (Ideal) 0.000
     = Beginpoint Arrival Time       0.222
     +------------------------------------------------------------------------------------------------------------+ 
     |                      Instance                      |    Arc     |    Cell     | Delay | Arrival | Required | 
     |                                                    |            |             |       |  Time   |   Time   | 
     |----------------------------------------------------+------------+-------------+-------+---------+----------| 
     | u_core_gen_pd_row[5].gen_pd_col[3].u_pd/hit_latche | C ^        |             |       |   0.222 |    0.224 | 
     | d_reg                                              |            |             |       |         |          | 
     | u_core_gen_pd_row[5].gen_pd_col[3].u_pd/hit_latche | C ^ -> Q v | DFRRQJIHDX2 | 0.701 |   0.923 |    0.925 | 
     | d_reg                                              |            |             |       |         |          | 
     | u_core_gen_pd_row[5].gen_pd_col[3].u_pd/FE_OFC733_ | A v -> Q ^ | INJIHDX4    | 0.183 |   1.105 |    1.108 | 
     | u_core_pd_hit_level_43                             |            |             |       |         |          | 
     | u_core_gen_pd_row[5].gen_pd_col[3].u_pd/g437__9945 | D ^ -> Q v | ON22JIHDX1  | 0.136 |   1.242 |    1.244 | 
     | u_core_gen_pd_row[5].gen_pd_col[3].u_pd/nfast_hit_ | D v        | DFRJIHDX1   | 0.000 |   1.242 |    1.244 | 
     | latched_reg[2]                                     |            |             |       |         |          | 
     +------------------------------------------------------------------------------------------------------------+ 
Path 7: MET Setup Check with Pin u_core_gen_pd_row[7].gen_pd_col[2].u_pd/nfast_
hit_latched_reg[2]/C 
Endpoint:   u_core_gen_pd_row[7].gen_pd_col[2].u_pd/nfast_hit_latched_reg[2]/D 
(v) checked with  leading edge of 'clk_osc_fast_buf_tap2'
Beginpoint: u_core_gen_pd_row[7].gen_pd_col[2].u_pd/hit_latched_reg/Q          
(v) triggered by  leading edge of 'clk_osc_fast_buf_tap2'
Path Groups: {clk_osc_fast_buf_tap2}
Analysis View: TC_NOMINAL
Other End Arrival Time          0.148
- Setup                         0.299
+ Phase Shift                   1.333
- Uncertainty                   0.010
= Required Time                 1.172
- Arrival Time                  1.170
= Slack Time                    0.003
     Clock Rise Edge                 0.148
     + Clock Network Latency (Ideal) 0.000
     = Beginpoint Arrival Time       0.148
     +------------------------------------------------------------------------------------------------------------+ 
     |                      Instance                      |    Arc     |    Cell     | Delay | Arrival | Required | 
     |                                                    |            |             |       |  Time   |   Time   | 
     |----------------------------------------------------+------------+-------------+-------+---------+----------| 
     | u_core_gen_pd_row[7].gen_pd_col[2].u_pd/hit_latche | C ^        |             |       |   0.148 |    0.151 | 
     | d_reg                                              |            |             |       |         |          | 
     | u_core_gen_pd_row[7].gen_pd_col[2].u_pd/hit_latche | C ^ -> Q v | DFRRQJIHDX1 | 0.691 |   0.839 |    0.842 | 
     | d_reg                                              |            |             |       |         |          | 
     | u_core_gen_pd_row[7].gen_pd_col[2].u_pd/FE_OFC742_ | A v -> Q ^ | INJIHDX4    | 0.194 |   1.033 |    1.035 | 
     | FE_OCPN4934_u_core_pd_hit_level_58                 |            |             |       |         |          | 
     | u_core_gen_pd_row[7].gen_pd_col[2].u_pd/g437__5526 | D ^ -> Q v | ON22JIHDX1  | 0.137 |   1.169 |    1.172 | 
     | u_core_gen_pd_row[7].gen_pd_col[2].u_pd/nfast_hit_ | D v        | DFRJIHDX2   | 0.000 |   1.170 |    1.172 | 
     | latched_reg[2]                                     |            |             |       |         |          | 
     +------------------------------------------------------------------------------------------------------------+ 
Path 8: MET Setup Check with Pin u_core_gen_pd_row[5].gen_pd_col[3].u_pd/nfast_
hit_latched_reg[4]/C 
Endpoint:   u_core_gen_pd_row[5].gen_pd_col[3].u_pd/nfast_hit_latched_reg[4]/D 
(v) checked with  leading edge of 'clk_osc_fast_buf_tap3'
Beginpoint: u_core_gen_pd_row[5].gen_pd_col[3].u_pd/hit_latched_reg/Q          
(v) triggered by  leading edge of 'clk_osc_fast_buf_tap3'
Path Groups: {clk_osc_fast_buf_tap3}
Analysis View: TC_NOMINAL
Other End Arrival Time          0.222
- Setup                         0.301
+ Phase Shift                   1.333
- Uncertainty                   0.010
= Required Time                 1.244
- Arrival Time                  1.241
= Slack Time                    0.003
     Clock Rise Edge                 0.222
     + Clock Network Latency (Ideal) 0.000
     = Beginpoint Arrival Time       0.222
     +------------------------------------------------------------------------------------------------------------+ 
     |                      Instance                      |    Arc     |    Cell     | Delay | Arrival | Required | 
     |                                                    |            |             |       |  Time   |   Time   | 
     |----------------------------------------------------+------------+-------------+-------+---------+----------| 
     | u_core_gen_pd_row[5].gen_pd_col[3].u_pd/hit_latche | C ^        |             |       |   0.222 |    0.225 | 
     | d_reg                                              |            |             |       |         |          | 
     | u_core_gen_pd_row[5].gen_pd_col[3].u_pd/hit_latche | C ^ -> Q v | DFRRQJIHDX2 | 0.701 |   0.923 |    0.926 | 
     | d_reg                                              |            |             |       |         |          | 
     | u_core_gen_pd_row[5].gen_pd_col[3].u_pd/FE_OFC733_ | A v -> Q ^ | INJIHDX4    | 0.183 |   1.105 |    1.108 | 
     | u_core_pd_hit_level_43                             |            |             |       |         |          | 
     | u_core_gen_pd_row[5].gen_pd_col[3].u_pd/g439__2346 | D ^ -> Q v | ON22JIHDX1  | 0.136 |   1.241 |    1.244 | 
     | u_core_gen_pd_row[5].gen_pd_col[3].u_pd/nfast_hit_ | D v        | DFRJIHDX1   | 0.000 |   1.241 |    1.244 | 
     | latched_reg[4]                                     |            |             |       |         |          | 
     +------------------------------------------------------------------------------------------------------------+ 
Path 9: MET Setup Check with Pin u_core_gen_pd_row[5].gen_pd_col[3].u_pd/nfast_
hit_latched_reg[3]/C 
Endpoint:   u_core_gen_pd_row[5].gen_pd_col[3].u_pd/nfast_hit_latched_reg[3]/D 
(v) checked with  leading edge of 'clk_osc_fast_buf_tap3'
Beginpoint: u_core_gen_pd_row[5].gen_pd_col[3].u_pd/hit_latched_reg/Q          
(v) triggered by  leading edge of 'clk_osc_fast_buf_tap3'
Path Groups: {clk_osc_fast_buf_tap3}
Analysis View: TC_NOMINAL
Other End Arrival Time          0.222
- Setup                         0.301
+ Phase Shift                   1.333
- Uncertainty                   0.010
= Required Time                 1.244
- Arrival Time                  1.241
= Slack Time                    0.003
     Clock Rise Edge                 0.222
     + Clock Network Latency (Ideal) 0.000
     = Beginpoint Arrival Time       0.222
     +------------------------------------------------------------------------------------------------------------+ 
     |                      Instance                      |    Arc     |    Cell     | Delay | Arrival | Required | 
     |                                                    |            |             |       |  Time   |   Time   | 
     |----------------------------------------------------+------------+-------------+-------+---------+----------| 
     | u_core_gen_pd_row[5].gen_pd_col[3].u_pd/hit_latche | C ^        |             |       |   0.222 |    0.225 | 
     | d_reg                                              |            |             |       |         |          | 
     | u_core_gen_pd_row[5].gen_pd_col[3].u_pd/hit_latche | C ^ -> Q v | DFRRQJIHDX2 | 0.701 |   0.923 |    0.926 | 
     | d_reg                                              |            |             |       |         |          | 
     | u_core_gen_pd_row[5].gen_pd_col[3].u_pd/FE_OFC733_ | A v -> Q ^ | INJIHDX4    | 0.183 |   1.105 |    1.108 | 
     | u_core_pd_hit_level_43                             |            |             |       |         |          | 
     | u_core_gen_pd_row[5].gen_pd_col[3].u_pd/g436__9315 | D ^ -> Q v | ON22JIHDX1  | 0.136 |   1.241 |    1.244 | 
     | u_core_gen_pd_row[5].gen_pd_col[3].u_pd/nfast_hit_ | D v        | DFRJIHDX1   | 0.000 |   1.241 |    1.244 | 
     | latched_reg[3]                                     |            |             |       |         |          | 
     +------------------------------------------------------------------------------------------------------------+ 
Path 10: MET Setup Check with Pin u_core_gen_pd_row[5].gen_pd_col[6].u_pd/nfast_
hit_latched_reg[0]/C 
Endpoint:   u_core_gen_pd_row[5].gen_pd_col[6].u_pd/nfast_hit_latched_reg[0]/D 
(v) checked with  leading edge of 'clk_osc_fast_buf_tap6'
Beginpoint: u_core_gen_pd_row[5].gen_pd_col[6].u_pd/hit_latched_reg/Q          
(^) triggered by  leading edge of 'clk_osc_fast_buf_tap6'
Path Groups: {clk_osc_fast_buf_tap6}
Analysis View: TC_NOMINAL
Other End Arrival Time          0.444
- Setup                         0.349
+ Phase Shift                   1.333
- Uncertainty                   0.010
= Required Time                 1.418
- Arrival Time                  1.415
= Slack Time                    0.003
     Clock Rise Edge                 0.444
     + Clock Network Latency (Ideal) 0.000
     = Beginpoint Arrival Time       0.444
     +------------------------------------------------------------------------------------------------------------+ 
     |                      Instance                      |    Arc     |    Cell     | Delay | Arrival | Required | 
     |                                                    |            |             |       |  Time   |   Time   | 
     |----------------------------------------------------+------------+-------------+-------+---------+----------| 
     | u_core_gen_pd_row[5].gen_pd_col[6].u_pd/hit_latche | C ^        |             |       |   0.444 |    0.447 | 
     | d_reg                                              |            |             |       |         |          | 
     | u_core_gen_pd_row[5].gen_pd_col[6].u_pd/hit_latche | C ^ -> Q ^ | DFRRQJIHDX2 | 0.482 |   0.926 |    0.929 | 
     | d_reg                                              |            |             |       |         |          | 
     | u_core_gen_pd_row[5].gen_pd_col[6].u_pd/g27        | A ^ -> Q v | INJIHDX2    | 0.179 |   1.105 |    1.108 | 
     | u_core_gen_pd_row[5].gen_pd_col[6].u_pd/FE_OFC692_ | A v -> Q ^ | INJIHDX4    | 0.191 |   1.296 |    1.299 | 
     | n_37                                               |            |             |       |         |          | 
     | u_core_gen_pd_row[5].gen_pd_col[6].u_pd/g24        | A ^ -> Q v | ON22JIHDX1  | 0.119 |   1.415 |    1.418 | 
     | u_core_gen_pd_row[5].gen_pd_col[6].u_pd/nfast_hit_ | D v        | DFRSJIHDX1  | 0.000 |   1.415 |    1.418 | 
     | latched_reg[0]                                     |            |             |       |         |          | 
     +------------------------------------------------------------------------------------------------------------+ 
Path 11: MET Setup Check with Pin u_core_gen_pd_row[4].gen_pd_col[6].u_pd/nfast_
hit_latched_reg[2]/C 
Endpoint:   u_core_gen_pd_row[4].gen_pd_col[6].u_pd/nfast_hit_latched_reg[2]/D 
(v) checked with  leading edge of 'clk_osc_fast_buf_tap6'
Beginpoint: u_core_gen_pd_row[4].gen_pd_col[6].u_pd/hit_latched_reg/Q          
(^) triggered by  leading edge of 'clk_osc_fast_buf_tap6'
Path Groups: {clk_osc_fast_buf_tap6}
Analysis View: TC_NOMINAL
Other End Arrival Time          0.444
- Setup                         0.310
+ Phase Shift                   1.333
- Uncertainty                   0.010
= Required Time                 1.457
- Arrival Time                  1.454
= Slack Time                    0.003
     Clock Rise Edge                 0.444
     + Clock Network Latency (Ideal) 0.000
     = Beginpoint Arrival Time       0.444
     +------------------------------------------------------------------------------------------------------------+ 
     |                      Instance                      |    Arc     |    Cell     | Delay | Arrival | Required | 
     |                                                    |            |             |       |  Time   |   Time   | 
     |----------------------------------------------------+------------+-------------+-------+---------+----------| 
     | u_core_gen_pd_row[4].gen_pd_col[6].u_pd/hit_latche | C ^        |             |       |   0.444 |    0.447 | 
     | d_reg                                              |            |             |       |         |          | 
     | u_core_gen_pd_row[4].gen_pd_col[6].u_pd/hit_latche | C ^ -> Q ^ | DFRRQJIHDX1 | 0.463 |   0.907 |    0.910 | 
     | d_reg                                              |            |             |       |         |          | 
     | u_core_gen_pd_row[4].gen_pd_col[6].u_pd/g27        | A ^ -> Q v | INJIHDX2    | 0.191 |   1.098 |    1.101 | 
     | u_core_gen_pd_row[4].gen_pd_col[6].u_pd/FE_OFC691_ | A v -> Q ^ | INJIHDX3    | 0.193 |   1.291 |    1.294 | 
     | n_37                                               |            |             |       |         |          | 
     | u_core_gen_pd_row[4].gen_pd_col[6].u_pd/g437__7482 | B ^ -> Q v | ON22JIHDX0  | 0.163 |   1.454 |    1.457 | 
     | u_core_gen_pd_row[4].gen_pd_col[6].u_pd/nfast_hit_ | D v        | DFRJIHDX1   | 0.000 |   1.454 |    1.457 | 
     | latched_reg[2]                                     |            |             |       |         |          | 
     +------------------------------------------------------------------------------------------------------------+ 
Path 12: MET Setup Check with Pin u_core_u_drain_ctrl_stride_pending_rec_q_
reg[hit][nfast][2]/C 
Endpoint:   u_core_u_drain_ctrl_stride_pending_rec_q_reg[hit][nfast][2]/D (v) 
checked with  leading edge of 'clk_sys'
Beginpoint: u_core_u_drain_ctrl_pd_scan_q_reg[1]/Q                        (v) 
triggered by  leading edge of 'clk_sys'
Path Groups: {clk_sys}
Analysis View: TC_NOMINAL
Other End Arrival Time          0.000
- Setup                         0.273
+ Phase Shift                   6.250
- Uncertainty                   0.300
= Required Time                 5.677
- Arrival Time                  5.674
= Slack Time                    0.003
     Clock Rise Edge                 0.000
     + Clock Network Latency (Ideal) 0.000
     = Beginpoint Arrival Time       0.000
     +------------------------------------------------------------------------------------------------------------+ 
     |                      Instance                      |    Arc     |    Cell     | Delay | Arrival | Required | 
     |                                                    |            |             |       |  Time   |   Time   | 
     |----------------------------------------------------+------------+-------------+-------+---------+----------| 
     | u_core_u_drain_ctrl_pd_scan_q_reg[1]               | C ^        |             |       |   0.000 |    0.003 | 
     | u_core_u_drain_ctrl_pd_scan_q_reg[1]               | C ^ -> Q v | DFRSJIHDX1  | 0.648 |   0.648 |    0.652 | 
     | FE_OFC361_n_4894                                   | A v -> Q ^ | INJIHDX4    | 0.287 |   0.935 |    0.938 | 
     | u_core_g44931                                      | A ^ -> Q ^ | AND2JIHDX2  | 0.438 |   1.374 |    1.377 | 
     | u_core_g44344                                      | D ^ -> Q v | AN222JIHDX1 | 0.318 |   1.691 |    1.695 | 
     | u_core_g44287                                      | C v -> Q ^ | ON22JIHDX0  | 0.392 |   2.083 |    2.086 | 
     | u_core_g44259                                      | B ^ -> Q v | NO2JIHDX1   | 0.140 |   2.223 |    2.226 | 
     | u_core_g44220                                      | A v -> Q v | NA22JIHDX1  | 0.196 |   2.419 |    2.422 | 
     | u_core_g2                                          | B v -> Q ^ | NA2I1JIHDX2 | 0.131 |   2.550 |    2.554 | 
     | u_core_g44212                                      | B ^ -> Q v | NA3JIHDX2   | 0.145 |   2.696 |    2.699 | 
     | u_core_g80084                                      | B v -> Q ^ | NA2JIHDX1   | 0.255 |   2.951 |    2.954 | 
     | g81375                                             | A ^ -> Q ^ | AND3JIHDX2  | 0.257 |   3.208 |    3.211 | 
     | u_core_g71446                                      | A ^ -> Q ^ | AND2JIHDX2  | 0.240 |   3.448 |    3.451 | 
     | u_core_g71436                                      | A ^ -> Q v | INJIHDX0    | 0.423 |   3.871 |    3.874 | 
     | u_core_g71399                                      | A v -> Q v | AND2JIHDX2  | 0.488 |   4.359 |    4.363 | 
     | u_core_g71143                                      | C v -> Q ^ | AN22JIHDX1  | 0.336 |   4.695 |    4.698 | 
     | u_core_g71060                                      | D ^ -> Q v | NA4JIHDX1   | 0.388 |   5.083 |    5.087 | 
     | u_core_g71052                                      | F v -> Q ^ | NO6I5JIHDX1 | 0.474 |   5.557 |    5.561 | 
     | u_core_g71040                                      | C ^ -> Q v | NA3I2JIHDX1 | 0.116 |   5.673 |    5.677 | 
     | u_core_u_drain_ctrl_stride_pending_rec_q_reg[hit][ | D v        | DFRQJIHDX1  | 0.000 |   5.674 |    5.677 | 
     | nfast][2]                                          |            |             |       |         |          | 
     +------------------------------------------------------------------------------------------------------------+ 
Path 13: MET Setup Check with Pin u_core_gen_pd_row[0].gen_pd_col[3].u_pd/nfast_
hit_latched_reg[5]/C 
Endpoint:   u_core_gen_pd_row[0].gen_pd_col[3].u_pd/nfast_hit_latched_reg[5]/D 
(v) checked with  leading edge of 'clk_osc_fast_buf_tap3'
Beginpoint: u_core_gen_pd_row[0].gen_pd_col[3].u_pd/hit_latched_reg/Q          
(v) triggered by  leading edge of 'clk_osc_fast_buf_tap3'
Path Groups: {clk_osc_fast_buf_tap3}
Analysis View: TC_NOMINAL
Other End Arrival Time          0.222
- Setup                         0.302
+ Phase Shift                   1.333
- Uncertainty                   0.010
= Required Time                 1.243
- Arrival Time                  1.240
= Slack Time                    0.004
     Clock Rise Edge                 0.222
     + Clock Network Latency (Ideal) 0.000
     = Beginpoint Arrival Time       0.222
     +------------------------------------------------------------------------------------------------------------+ 
     |                      Instance                      |    Arc     |    Cell     | Delay | Arrival | Required | 
     |                                                    |            |             |       |  Time   |   Time   | 
     |----------------------------------------------------+------------+-------------+-------+---------+----------| 
     | u_core_gen_pd_row[0].gen_pd_col[3].u_pd/hit_latche | C ^        |             |       |   0.222 |    0.226 | 
     | d_reg                                              |            |             |       |         |          | 
     | u_core_gen_pd_row[0].gen_pd_col[3].u_pd/hit_latche | C ^ -> Q v | DFRRQJIHDX2 | 0.689 |   0.911 |    0.915 | 
     | d_reg                                              |            |             |       |         |          | 
     | u_core_gen_pd_row[0].gen_pd_col[3].u_pd/FE_OFC747_ | A v -> Q ^ | INJIHDX4    | 0.176 |   1.087 |    1.091 | 
     | FE_OCPN4937_u_core_pd_hit_level_3                  |            |             |       |         |          | 
     | u_core_gen_pd_row[0].gen_pd_col[3].u_pd/g442__2883 | D ^ -> Q v | ON22JIHDX0  | 0.152 |   1.240 |    1.243 | 
     | u_core_gen_pd_row[0].gen_pd_col[3].u_pd/nfast_hit_ | D v        | DFRJIHDX1   | 0.000 |   1.240 |    1.243 | 
     | latched_reg[5]                                     |            |             |       |         |          | 
     +------------------------------------------------------------------------------------------------------------+ 
Path 14: MET Setup Check with Pin u_core_gen_pd_row[7].gen_pd_col[2].u_pd/nfast_
hit_latched_reg[6]/C 
Endpoint:   u_core_gen_pd_row[7].gen_pd_col[2].u_pd/nfast_hit_latched_reg[6]/D 
(v) checked with  leading edge of 'clk_osc_fast_buf_tap2'
Beginpoint: u_core_gen_pd_row[7].gen_pd_col[2].u_pd/hit_latched_reg/Q          
(v) triggered by  leading edge of 'clk_osc_fast_buf_tap2'
Path Groups: {clk_osc_fast_buf_tap2}
Analysis View: TC_NOMINAL
Other End Arrival Time          0.148
- Setup                         0.299
+ Phase Shift                   1.333
- Uncertainty                   0.010
= Required Time                 1.172
- Arrival Time                  1.169
= Slack Time                    0.004
     Clock Rise Edge                 0.148
     + Clock Network Latency (Ideal) 0.000
     = Beginpoint Arrival Time       0.148
     +------------------------------------------------------------------------------------------------------------+ 
     |                      Instance                      |    Arc     |    Cell     | Delay | Arrival | Required | 
     |                                                    |            |             |       |  Time   |   Time   | 
     |----------------------------------------------------+------------+-------------+-------+---------+----------| 
     | u_core_gen_pd_row[7].gen_pd_col[2].u_pd/hit_latche | C ^        |             |       |   0.148 |    0.152 | 
     | d_reg                                              |            |             |       |         |          | 
     | u_core_gen_pd_row[7].gen_pd_col[2].u_pd/hit_latche | C ^ -> Q v | DFRRQJIHDX1 | 0.691 |   0.839 |    0.842 | 
     | d_reg                                              |            |             |       |         |          | 
     | u_core_gen_pd_row[7].gen_pd_col[2].u_pd/FE_OFC742_ | A v -> Q ^ | INJIHDX4    | 0.194 |   1.033 |    1.036 | 
     | FE_OCPN4934_u_core_pd_hit_level_58                 |            |             |       |         |          | 
     | u_core_gen_pd_row[7].gen_pd_col[2].u_pd/g441__2802 | D ^ -> Q v | ON22JIHDX1  | 0.136 |   1.169 |    1.172 | 
     | u_core_gen_pd_row[7].gen_pd_col[2].u_pd/nfast_hit_ | D v        | DFRJIHDX2   | 0.000 |   1.169 |    1.172 | 
     | latched_reg[6]                                     |            |             |       |         |          | 
     +------------------------------------------------------------------------------------------------------------+ 
Path 15: MET Setup Check with Pin u_core_gen_pd_row[5].gen_pd_col[2].u_pd/nfast_
hit_latched_reg[5]/C 
Endpoint:   u_core_gen_pd_row[5].gen_pd_col[2].u_pd/nfast_hit_latched_reg[5]/D 
(v) checked with  leading edge of 'clk_osc_fast_buf_tap2'
Beginpoint: u_core_gen_pd_row[5].gen_pd_col[2].u_pd/hit_latched_reg/Q          
(v) triggered by  leading edge of 'clk_osc_fast_buf_tap2'
Path Groups: {clk_osc_fast_buf_tap2}
Analysis View: TC_NOMINAL
Other End Arrival Time          0.148
- Setup                         0.306
+ Phase Shift                   1.333
- Uncertainty                   0.010
= Required Time                 1.165
- Arrival Time                  1.161
= Slack Time                    0.004
     Clock Rise Edge                 0.148
     + Clock Network Latency (Ideal) 0.000
     = Beginpoint Arrival Time       0.148
     +------------------------------------------------------------------------------------------------------------+ 
     |                      Instance                      |    Arc     |    Cell     | Delay | Arrival | Required | 
     |                                                    |            |             |       |  Time   |   Time   | 
     |----------------------------------------------------+------------+-------------+-------+---------+----------| 
     | u_core_gen_pd_row[5].gen_pd_col[2].u_pd/hit_latche | C ^        |             |       |   0.148 |    0.152 | 
     | d_reg                                              |            |             |       |         |          | 
     | u_core_gen_pd_row[5].gen_pd_col[2].u_pd/hit_latche | C ^ -> Q v | DFRRQJIHDX2 | 0.703 |   0.851 |    0.855 | 
     | d_reg                                              |            |             |       |         |          | 
     | u_core_gen_pd_row[5].gen_pd_col[2].u_pd/FE_OFC173_ | A v -> Q ^ | INJIHDX4    | 0.171 |   1.022 |    1.026 | 
     | u_core_pd_hit_level_42                             |            |             |       |         |          | 
     | u_core_gen_pd_row[5].gen_pd_col[2].u_pd/g26        | C ^ -> Q v | ON22JIHDX0  | 0.139 |   1.161 |    1.165 | 
     | u_core_gen_pd_row[5].gen_pd_col[2].u_pd/nfast_hit_ | D v        | DFRJIHDX1   | 0.000 |   1.161 |    1.165 | 
     | latched_reg[5]                                     |            |             |       |         |          | 
     +------------------------------------------------------------------------------------------------------------+ 
Path 16: MET Setup Check with Pin u_core_gen_pd_row[5].gen_pd_col[4].u_pd/nfast_
hit_latched_reg[0]/C 
Endpoint:   u_core_gen_pd_row[5].gen_pd_col[4].u_pd/nfast_hit_latched_reg[0]/D 
(v) checked with  leading edge of 'clk_osc_fast_buf_tap4'
Beginpoint: u_core_gen_pd_row[5].gen_pd_col[4].u_pd/hit_latched_reg/Q          
(v) triggered by  leading edge of 'clk_osc_fast_buf_tap4'
Path Groups: {clk_osc_fast_buf_tap4}
Analysis View: TC_NOMINAL
Other End Arrival Time          0.296
- Setup                         0.335
+ Phase Shift                   1.333
- Uncertainty                   0.010
= Required Time                 1.284
- Arrival Time                  1.280
= Slack Time                    0.004
     Clock Rise Edge                 0.296
     + Clock Network Latency (Ideal) 0.000
     = Beginpoint Arrival Time       0.296
     +------------------------------------------------------------------------------------------------------------+ 
     |                      Instance                      |    Arc     |    Cell     | Delay | Arrival | Required | 
     |                                                    |            |             |       |  Time   |   Time   | 
     |----------------------------------------------------+------------+-------------+-------+---------+----------| 
     | u_core_gen_pd_row[5].gen_pd_col[4].u_pd/hit_latche | C ^        |             |       |   0.296 |    0.300 | 
     | d_reg                                              |            |             |       |         |          | 
     | u_core_gen_pd_row[5].gen_pd_col[4].u_pd/hit_latche | C ^ -> Q v | DFRRQJIHDX1 | 0.541 |   0.837 |    0.840 | 
     | d_reg                                              |            |             |       |         |          | 
     | u_core_gen_pd_row[5].gen_pd_col[4].u_pd/FE_OCPC424 | A v -> Q v | BUJIHDX1    | 0.258 |   1.094 |    1.098 | 
     | _hit_latched_41                                    |            |             |       |         |          | 
     | u_core_gen_pd_row[5].gen_pd_col[4].u_pd/FE_RC_40_0 | A v -> Q ^ | NA2JIHDX1   | 0.115 |   1.209 |    1.213 | 
     | u_core_gen_pd_row[5].gen_pd_col[4].u_pd/FE_RC_39_0 | B ^ -> Q v | NA2JIHDX1   | 0.071 |   1.280 |    1.284 | 
     | u_core_gen_pd_row[5].gen_pd_col[4].u_pd/nfast_hit_ | D v        | DFRSQJIHDX1 | 0.000 |   1.280 |    1.284 | 
     | latched_reg[0]                                     |            |             |       |         |          | 
     +------------------------------------------------------------------------------------------------------------+ 
Path 17: MET Setup Check with Pin u_core_gen_pd_row[5].gen_pd_col[6].u_pd/nfast_
hit_latched_reg[1]/C 
Endpoint:   u_core_gen_pd_row[5].gen_pd_col[6].u_pd/nfast_hit_latched_reg[1]/D 
(v) checked with  leading edge of 'clk_osc_fast_buf_tap6'
Beginpoint: u_core_gen_pd_row[5].gen_pd_col[6].u_pd/hit_latched_reg/Q          
(^) triggered by  leading edge of 'clk_osc_fast_buf_tap6'
Path Groups: {clk_osc_fast_buf_tap6}
Analysis View: TC_NOMINAL
Other End Arrival Time          0.444
- Setup                         0.303
+ Phase Shift                   1.333
- Uncertainty                   0.010
= Required Time                 1.464
- Arrival Time                  1.459
= Slack Time                    0.004
     Clock Rise Edge                 0.444
     + Clock Network Latency (Ideal) 0.000
     = Beginpoint Arrival Time       0.444
     +------------------------------------------------------------------------------------------------------------+ 
     |                      Instance                      |    Arc     |    Cell     | Delay | Arrival | Required | 
     |                                                    |            |             |       |  Time   |   Time   | 
     |----------------------------------------------------+------------+-------------+-------+---------+----------| 
     | u_core_gen_pd_row[5].gen_pd_col[6].u_pd/hit_latche | C ^        |             |       |   0.444 |    0.448 | 
     | d_reg                                              |            |             |       |         |          | 
     | u_core_gen_pd_row[5].gen_pd_col[6].u_pd/hit_latche | C ^ -> Q ^ | DFRRQJIHDX2 | 0.482 |   0.926 |    0.930 | 
     | d_reg                                              |            |             |       |         |          | 
     | u_core_gen_pd_row[5].gen_pd_col[6].u_pd/g27        | A ^ -> Q v | INJIHDX2    | 0.179 |   1.105 |    1.110 | 
     | u_core_gen_pd_row[5].gen_pd_col[6].u_pd/FE_OFC692_ | A v -> Q ^ | INJIHDX4    | 0.191 |   1.296 |    1.300 | 
     | n_37                                               |            |             |       |         |          | 
     | u_core_gen_pd_row[5].gen_pd_col[6].u_pd/g438__6260 | B ^ -> Q v | ON22JIHDX0  | 0.163 |   1.459 |    1.463 | 
     | u_core_gen_pd_row[5].gen_pd_col[6].u_pd/nfast_hit_ | D v        | DFRJIHDX1   | 0.000 |   1.459 |    1.464 | 
     | latched_reg[1]                                     |            |             |       |         |          | 
     +------------------------------------------------------------------------------------------------------------+ 
Path 18: MET Setup Check with Pin u_core_gen_pd_row[6].gen_pd_col[5].u_pd/nfast_
hit_latched_reg[6]/C 
Endpoint:   u_core_gen_pd_row[6].gen_pd_col[5].u_pd/nfast_hit_latched_reg[6]/D 
(v) checked with  leading edge of 'clk_osc_fast_buf_tap5'
Beginpoint: u_core_gen_pd_row[6].gen_pd_col[5].u_pd/hit_latched_reg/Q          
(^) triggered by  leading edge of 'clk_osc_fast_buf_tap5'
Path Groups: {clk_osc_fast_buf_tap5}
Analysis View: TC_NOMINAL
Other End Arrival Time          0.370
- Setup                         0.307
+ Phase Shift                   1.333
- Uncertainty                   0.010
= Required Time                 1.386
- Arrival Time                  1.382
= Slack Time                    0.005
     Clock Rise Edge                 0.370
     + Clock Network Latency (Ideal) 0.000
     = Beginpoint Arrival Time       0.370
     +------------------------------------------------------------------------------------------------------------+ 
     |                      Instance                      |    Arc     |    Cell     | Delay | Arrival | Required | 
     |                                                    |            |             |       |  Time   |   Time   | 
     |----------------------------------------------------+------------+-------------+-------+---------+----------| 
     | u_core_gen_pd_row[6].gen_pd_col[5].u_pd/hit_latche | C ^        |             |       |   0.370 |    0.375 | 
     | d_reg                                              |            |             |       |         |          | 
     | u_core_gen_pd_row[6].gen_pd_col[5].u_pd/hit_latche | C ^ -> Q ^ | DFRRQJIHDX1 | 0.415 |   0.785 |    0.790 | 
     | d_reg                                              |            |             |       |         |          | 
     | u_core_gen_pd_row[6].gen_pd_col[5].u_pd/g457       | A ^ -> Q v | INJIHDX2    | 0.196 |   0.982 |    0.986 | 
     | u_core_gen_pd_row[6].gen_pd_col[5].u_pd/g453       | A v -> Q ^ | INJIHDX4    | 0.222 |   1.203 |    1.208 | 
     | u_core_gen_pd_row[6].gen_pd_col[5].u_pd/g441__5526 | B ^ -> Q v | ON22JIHDX0  | 0.178 |   1.382 |    1.386 | 
     | u_core_gen_pd_row[6].gen_pd_col[5].u_pd/nfast_hit_ | D v        | DFRJIHDX1   | 0.000 |   1.382 |    1.386 | 
     | latched_reg[6]                                     |            |             |       |         |          | 
     +------------------------------------------------------------------------------------------------------------+ 
Path 19: MET Setup Check with Pin u_core_gen_pd_row[4].gen_pd_col[6].u_pd/nfast_
hit_latched_reg[3]/C 
Endpoint:   u_core_gen_pd_row[4].gen_pd_col[6].u_pd/nfast_hit_latched_reg[3]/D 
(v) checked with  leading edge of 'clk_osc_fast_buf_tap6'
Beginpoint: u_core_gen_pd_row[4].gen_pd_col[6].u_pd/hit_latched_reg/Q          
(^) triggered by  leading edge of 'clk_osc_fast_buf_tap6'
Path Groups: {clk_osc_fast_buf_tap6}
Analysis View: TC_NOMINAL
Other End Arrival Time          0.444
- Setup                         0.309
+ Phase Shift                   1.333
- Uncertainty                   0.010
= Required Time                 1.458
- Arrival Time                  1.453
= Slack Time                    0.005
     Clock Rise Edge                 0.444
     + Clock Network Latency (Ideal) 0.000
     = Beginpoint Arrival Time       0.444
     +------------------------------------------------------------------------------------------------------------+ 
     |                      Instance                      |    Arc     |    Cell     | Delay | Arrival | Required | 
     |                                                    |            |             |       |  Time   |   Time   | 
     |----------------------------------------------------+------------+-------------+-------+---------+----------| 
     | u_core_gen_pd_row[4].gen_pd_col[6].u_pd/hit_latche | C ^        |             |       |   0.444 |    0.449 | 
     | d_reg                                              |            |             |       |         |          | 
     | u_core_gen_pd_row[4].gen_pd_col[6].u_pd/hit_latche | C ^ -> Q ^ | DFRRQJIHDX1 | 0.463 |   0.907 |    0.911 | 
     | d_reg                                              |            |             |       |         |          | 
     | u_core_gen_pd_row[4].gen_pd_col[6].u_pd/g27        | A ^ -> Q v | INJIHDX2    | 0.191 |   1.098 |    1.102 | 
     | u_core_gen_pd_row[4].gen_pd_col[6].u_pd/FE_OFC691_ | A v -> Q ^ | INJIHDX3    | 0.193 |   1.291 |    1.296 | 
     | n_37                                               |            |             |       |         |          | 
     | u_core_gen_pd_row[4].gen_pd_col[6].u_pd/g436__5115 | B ^ -> Q v | ON22JIHDX0  | 0.162 |   1.453 |    1.458 | 
     | u_core_gen_pd_row[4].gen_pd_col[6].u_pd/nfast_hit_ | D v        | DFRJIHDX1   | 0.000 |   1.453 |    1.458 | 
     | latched_reg[3]                                     |            |             |       |         |          | 
     +------------------------------------------------------------------------------------------------------------+ 
Path 20: MET Setup Check with Pin u_core_gen_pd_row[1].gen_pd_col[7].u_pd/nfast_
hit_latched_reg[0]/C 
Endpoint:   u_core_gen_pd_row[1].gen_pd_col[7].u_pd/nfast_hit_latched_reg[0]/D 
(v) checked with  leading edge of 'clk_osc_fast_buf_tap7'
Beginpoint: u_core_gen_pd_row[1].gen_pd_col[7].u_pd/hit_latched_reg/Q          
(v) triggered by  leading edge of 'clk_osc_fast_buf_tap7'
Path Groups: {clk_osc_fast_buf_tap7}
Analysis View: TC_NOMINAL
Other End Arrival Time          0.518
- Setup                         0.323
+ Phase Shift                   1.333
- Uncertainty                   0.010
= Required Time                 1.518
- Arrival Time                  1.513
= Slack Time                    0.005
     Clock Rise Edge                 0.518
     + Clock Network Latency (Ideal) 0.000
     = Beginpoint Arrival Time       0.518
     +------------------------------------------------------------------------------------------------------------+ 
     |                      Instance                      |    Arc     |    Cell     | Delay | Arrival | Required | 
     |                                                    |            |             |       |  Time   |   Time   | 
     |----------------------------------------------------+------------+-------------+-------+---------+----------| 
     | u_core_gen_pd_row[1].gen_pd_col[7].u_pd/hit_latche | C ^        |             |       |   0.518 |    0.523 | 
     | d_reg                                              |            |             |       |         |          | 
     | u_core_gen_pd_row[1].gen_pd_col[7].u_pd/hit_latche | C ^ -> Q v | DFRRQJIHDX1 | 0.488 |   1.006 |    1.011 | 
     | d_reg                                              |            |             |       |         |          | 
     | u_core_gen_pd_row[1].gen_pd_col[7].u_pd/FE_OFC758_ | A v -> Q v | BUJIHDX2    | 0.318 |   1.324 |    1.329 | 
     | u_core_pd_hit_level_15                             |            |             |       |         |          | 
     | u_core_gen_pd_row[1].gen_pd_col[7].u_pd/FE_RC_7_0  | A v -> Q ^ | NA2JIHDX2   | 0.126 |   1.450 |    1.455 | 
     | u_core_gen_pd_row[1].gen_pd_col[7].u_pd/FE_RC_6_0  | B ^ -> Q v | NA2JIHDX1   | 0.062 |   1.513 |    1.518 | 
     | u_core_gen_pd_row[1].gen_pd_col[7].u_pd/nfast_hit_ | D v        | DFRSQJIHDX2 | 0.000 |   1.513 |    1.518 | 
     | latched_reg[0]                                     |            |             |       |         |          | 
     +------------------------------------------------------------------------------------------------------------+ 
Path 21: MET Setup Check with Pin u_core_gen_pd_row[7].gen_pd_col[1].u_pd/nfast_
hit_latched_reg[4]/C 
Endpoint:   u_core_gen_pd_row[7].gen_pd_col[1].u_pd/nfast_hit_latched_reg[4]/D 
(v) checked with  leading edge of 'clk_osc_fast_buf_tap1'
Beginpoint: u_core_gen_pd_row[7].gen_pd_col[1].u_pd/hit_latched_reg/Q          
(^) triggered by  leading edge of 'clk_osc_fast_buf_tap1'
Path Groups: {clk_osc_fast_buf_tap1}
Analysis View: TC_NOMINAL
Other End Arrival Time          0.074
- Setup                         0.310
+ Phase Shift                   1.333
- Uncertainty                   0.010
= Required Time                 1.087
- Arrival Time                  1.082
= Slack Time                    0.005
     Clock Rise Edge                 0.074
     + Clock Network Latency (Ideal) 0.000
     = Beginpoint Arrival Time       0.074
     +------------------------------------------------------------------------------------------------------------+ 
     |                      Instance                      |    Arc     |    Cell     | Delay | Arrival | Required | 
     |                                                    |            |             |       |  Time   |   Time   | 
     |----------------------------------------------------+------------+-------------+-------+---------+----------| 
     | u_core_gen_pd_row[7].gen_pd_col[1].u_pd/hit_latche | C ^        |             |       |   0.074 |    0.079 | 
     | d_reg                                              |            |             |       |         |          | 
     | u_core_gen_pd_row[7].gen_pd_col[1].u_pd/hit_latche | C ^ -> Q ^ | DFRRQJIHDX2 | 0.561 |   0.635 |    0.640 | 
     | d_reg                                              |            |             |       |         |          | 
     | u_core_gen_pd_row[7].gen_pd_col[1].u_pd/FE_OFC775_ | A ^ -> Q v | INJIHDX2    | 0.159 |   0.794 |    0.799 | 
     | hit_latched_41                                     |            |             |       |         |          | 
     | u_core_gen_pd_row[7].gen_pd_col[1].u_pd/FE_OFC777_ | A v -> Q ^ | INJIHDX1    | 0.135 |   0.929 |    0.934 | 
     | hit_latched_41                                     |            |             |       |         |          | 
     | u_core_gen_pd_row[7].gen_pd_col[1].u_pd/g439__2346 | B ^ -> Q v | ON22JIHDX0  | 0.153 |   1.082 |    1.087 | 
     | u_core_gen_pd_row[7].gen_pd_col[1].u_pd/nfast_hit_ | D v        | DFRQJIHDX1  | 0.000 |   1.082 |    1.087 | 
     | latched_reg[4]                                     |            |             |       |         |          | 
     +------------------------------------------------------------------------------------------------------------+ 
Path 22: MET Setup Check with Pin u_core_gen_pd_row[5].gen_pd_col[3].u_pd/nfast_
hit_latched_reg[6]/C 
Endpoint:   u_core_gen_pd_row[5].gen_pd_col[3].u_pd/nfast_hit_latched_reg[6]/D 
(v) checked with  leading edge of 'clk_osc_fast_buf_tap3'
Beginpoint: u_core_gen_pd_row[5].gen_pd_col[3].u_pd/hit_latched_reg/Q          
(v) triggered by  leading edge of 'clk_osc_fast_buf_tap3'
Path Groups: {clk_osc_fast_buf_tap3}
Analysis View: TC_NOMINAL
Other End Arrival Time          0.222
- Setup                         0.300
+ Phase Shift                   1.333
- Uncertainty                   0.010
= Required Time                 1.245
- Arrival Time                  1.239
= Slack Time                    0.005
     Clock Rise Edge                 0.222
     + Clock Network Latency (Ideal) 0.000
     = Beginpoint Arrival Time       0.222
     +------------------------------------------------------------------------------------------------------------+ 
     |                      Instance                      |    Arc     |    Cell     | Delay | Arrival | Required | 
     |                                                    |            |             |       |  Time   |   Time   | 
     |----------------------------------------------------+------------+-------------+-------+---------+----------| 
     | u_core_gen_pd_row[5].gen_pd_col[3].u_pd/hit_latche | C ^        |             |       |   0.222 |    0.227 | 
     | d_reg                                              |            |             |       |         |          | 
     | u_core_gen_pd_row[5].gen_pd_col[3].u_pd/hit_latche | C ^ -> Q v | DFRRQJIHDX2 | 0.701 |   0.923 |    0.928 | 
     | d_reg                                              |            |             |       |         |          | 
     | u_core_gen_pd_row[5].gen_pd_col[3].u_pd/FE_OFC733_ | A v -> Q ^ | INJIHDX4    | 0.183 |   1.105 |    1.111 | 
     | u_core_pd_hit_level_43                             |            |             |       |         |          | 
     | u_core_gen_pd_row[5].gen_pd_col[3].u_pd/g441__7410 | D ^ -> Q v | ON22JIHDX1  | 0.134 |   1.239 |    1.245 | 
     | u_core_gen_pd_row[5].gen_pd_col[3].u_pd/nfast_hit_ | D v        | DFRJIHDX1   | 0.000 |   1.239 |    1.245 | 
     | latched_reg[6]                                     |            |             |       |         |          | 
     +------------------------------------------------------------------------------------------------------------+ 
Path 23: MET Setup Check with Pin u_core_gen_pd_row[4].gen_pd_col[2].u_pd/nfast_
hit_latched_reg[3]/C 
Endpoint:   u_core_gen_pd_row[4].gen_pd_col[2].u_pd/nfast_hit_latched_reg[3]/D 
(v) checked with  leading edge of 'clk_osc_fast_buf_tap2'
Beginpoint: u_core_gen_pd_row[4].gen_pd_col[2].u_pd/hit_latched_reg/Q          
(v) triggered by  leading edge of 'clk_osc_fast_buf_tap2'
Path Groups: {clk_osc_fast_buf_tap2}
Analysis View: TC_NOMINAL
Other End Arrival Time          0.148
- Setup                         0.300
+ Phase Shift                   1.333
- Uncertainty                   0.010
= Required Time                 1.171
- Arrival Time                  1.166
= Slack Time                    0.005
     Clock Rise Edge                 0.148
     + Clock Network Latency (Ideal) 0.000
     = Beginpoint Arrival Time       0.148
     +------------------------------------------------------------------------------------------------------------+ 
     |                      Instance                      |    Arc     |    Cell     | Delay | Arrival | Required | 
     |                                                    |            |             |       |  Time   |   Time   | 
     |----------------------------------------------------+------------+-------------+-------+---------+----------| 
     | u_core_gen_pd_row[4].gen_pd_col[2].u_pd/hit_latche | C ^        |             |       |   0.148 |    0.153 | 
     | d_reg                                              |            |             |       |         |          | 
     | u_core_gen_pd_row[4].gen_pd_col[2].u_pd/hit_latche | C ^ -> Q v | DFRRQJIHDX1 | 0.453 |   0.601 |    0.606 | 
     | d_reg                                              |            |             |       |         |          | 
     | u_core_gen_pd_row[4].gen_pd_col[2].u_pd/FE_OCPC399 | A v -> Q v | BUJIHDX3    | 0.273 |   0.873 |    0.879 | 
     | _u_core_pd_hit_level_34                            |            |             |       |         |          | 
     | u_core_gen_pd_row[4].gen_pd_col[2].u_pd/FE_OFC660_ | A v -> Q ^ | INJIHDX4    | 0.160 |   1.033 |    1.039 | 
     | FE_OCPN4974_u_core_pd_hit_level_34                 |            |             |       |         |          | 
     | u_core_gen_pd_row[4].gen_pd_col[2].u_pd/g436__1666 | D ^ -> Q v | ON22JIHDX1  | 0.133 |   1.166 |    1.171 | 
     | u_core_gen_pd_row[4].gen_pd_col[2].u_pd/nfast_hit_ | D v        | DFRJIHDX1   | 0.000 |   1.166 |    1.171 | 
     | latched_reg[3]                                     |            |             |       |         |          | 
     +------------------------------------------------------------------------------------------------------------+ 
Path 24: MET Setup Check with Pin u_core_gen_pd_row[4].gen_pd_col[2].u_pd/nfast_
hit_latched_reg[4]/C 
Endpoint:   u_core_gen_pd_row[4].gen_pd_col[2].u_pd/nfast_hit_latched_reg[4]/D 
(v) checked with  leading edge of 'clk_osc_fast_buf_tap2'
Beginpoint: u_core_gen_pd_row[4].gen_pd_col[2].u_pd/hit_latched_reg/Q          
(v) triggered by  leading edge of 'clk_osc_fast_buf_tap2'
Path Groups: {clk_osc_fast_buf_tap2}
Analysis View: TC_NOMINAL
Other End Arrival Time          0.148
- Setup                         0.300
+ Phase Shift                   1.333
- Uncertainty                   0.010
= Required Time                 1.171
- Arrival Time                  1.165
= Slack Time                    0.006
     Clock Rise Edge                 0.148
     + Clock Network Latency (Ideal) 0.000
     = Beginpoint Arrival Time       0.148
     +------------------------------------------------------------------------------------------------------------+ 
     |                      Instance                      |    Arc     |    Cell     | Delay | Arrival | Required | 
     |                                                    |            |             |       |  Time   |   Time   | 
     |----------------------------------------------------+------------+-------------+-------+---------+----------| 
     | u_core_gen_pd_row[4].gen_pd_col[2].u_pd/hit_latche | C ^        |             |       |   0.148 |    0.154 | 
     | d_reg                                              |            |             |       |         |          | 
     | u_core_gen_pd_row[4].gen_pd_col[2].u_pd/hit_latche | C ^ -> Q v | DFRRQJIHDX1 | 0.453 |   0.601 |    0.606 | 
     | d_reg                                              |            |             |       |         |          | 
     | u_core_gen_pd_row[4].gen_pd_col[2].u_pd/FE_OCPC399 | A v -> Q v | BUJIHDX3    | 0.273 |   0.873 |    0.879 | 
     | _u_core_pd_hit_level_34                            |            |             |       |         |          | 
     | u_core_gen_pd_row[4].gen_pd_col[2].u_pd/FE_OFC660_ | A v -> Q ^ | INJIHDX4    | 0.160 |   1.033 |    1.039 | 
     | FE_OCPN4974_u_core_pd_hit_level_34                 |            |             |       |         |          | 
     | u_core_gen_pd_row[4].gen_pd_col[2].u_pd/g439__5477 | D ^ -> Q v | ON22JIHDX1  | 0.132 |   1.165 |    1.171 | 
     | u_core_gen_pd_row[4].gen_pd_col[2].u_pd/nfast_hit_ | D v        | DFRJIHDX1   | 0.000 |   1.165 |    1.171 | 
     | latched_reg[4]                                     |            |             |       |         |          | 
     +------------------------------------------------------------------------------------------------------------+ 
Path 25: MET Setup Check with Pin u_core_gen_pd_row[6].gen_pd_col[0].u_pd/nfast_
hit_latched_reg[4]/C 
Endpoint:   u_core_gen_pd_row[6].gen_pd_col[0].u_pd/nfast_hit_latched_reg[4]/D 
(v) checked with  leading edge of 'clk_osc_fast_buf_tap0'
Beginpoint: u_core_gen_pd_row[6].gen_pd_col[0].u_pd/hit_latched_reg/Q          
(^) triggered by  leading edge of 'clk_osc_fast_buf_tap0'
Path Groups: {clk_osc_fast_buf_tap0}
Analysis View: TC_NOMINAL
Other End Arrival Time          0.000
- Setup                         0.305
+ Phase Shift                   1.333
- Uncertainty                   0.010
= Required Time                 1.018
- Arrival Time                  1.012
= Slack Time                    0.006
     Clock Rise Edge                 0.000
     + Clock Network Latency (Ideal) 0.000
     = Beginpoint Arrival Time       0.000
     +------------------------------------------------------------------------------------------------------------+ 
     |                      Instance                      |    Arc     |    Cell     | Delay | Arrival | Required | 
     |                                                    |            |             |       |  Time   |   Time   | 
     |----------------------------------------------------+------------+-------------+-------+---------+----------| 
     | u_core_gen_pd_row[6].gen_pd_col[0].u_pd/hit_latche | C ^        |             |       |   0.000 |    0.006 | 
     | d_reg                                              |            |             |       |         |          | 
     | u_core_gen_pd_row[6].gen_pd_col[0].u_pd/hit_latche | C ^ -> Q ^ | DFRRQJIHDX1 | 0.567 |   0.567 |    0.572 | 
     | d_reg                                              |            |             |       |         |          | 
     | u_core_gen_pd_row[6].gen_pd_col[0].u_pd/FE_OFC815_ | A ^ -> Q v | INJIHDX3    | 0.170 |   0.737 |    0.742 | 
     | hit_latched_41                                     |            |             |       |         |          | 
     | u_core_gen_pd_row[6].gen_pd_col[0].u_pd/FE_OFC816_ | A v -> Q ^ | INJIHDX1    | 0.137 |   0.873 |    0.879 | 
     | hit_latched_41                                     |            |             |       |         |          | 
     | u_core_gen_pd_row[6].gen_pd_col[0].u_pd/g439__5477 | B ^ -> Q v | ON22JIHDX0  | 0.139 |   1.012 |    1.018 | 
     | u_core_gen_pd_row[6].gen_pd_col[0].u_pd/nfast_hit_ | D v        | DFRQJIHDX1  | 0.000 |   1.012 |    1.018 | 
     | latched_reg[4]                                     |            |             |       |         |          | 
     +------------------------------------------------------------------------------------------------------------+ 
Path 26: MET Setup Check with Pin u_core_gen_pd_row[2].gen_pd_col[6].u_pd/nfast_
hit_latched_reg[5]/C 
Endpoint:   u_core_gen_pd_row[2].gen_pd_col[6].u_pd/nfast_hit_latched_reg[5]/D 
(v) checked with  leading edge of 'clk_osc_fast_buf_tap6'
Beginpoint: u_core_gen_fast_tag_col[6].u_fast_tag_tag_o_reg[5]/Q               
(v) triggered by  leading edge of 'clk_osc_fast_buf_tap6'
Path Groups: {clk_osc_fast_buf_tap6}
Analysis View: TC_NOMINAL
Other End Arrival Time          0.444
- Setup                         0.307
+ Path Delay                    1.333
- Other Ideal Arrival           0.444
+ Path Ideal Arrival            0.444
- Uncertainty                   0.010
= Required Time                 1.460
- Arrival Time                  1.455
= Slack Time                    0.006
     Clock Rise Edge                 0.444
     + Clock Network Latency (Ideal) 0.000
     = Beginpoint Arrival Time       0.444
     +------------------------------------------------------------------------------------------------------------+ 
     |                      Instance                      |    Arc     |    Cell     | Delay | Arrival | Required | 
     |                                                    |            |             |       |  Time   |   Time   | 
     |----------------------------------------------------+------------+-------------+-------+---------+----------| 
     | u_core_gen_fast_tag_col[6].u_fast_tag_tag_o_reg[5] | C ^        |             |       |   0.444 |    0.450 | 
     | u_core_gen_fast_tag_col[6].u_fast_tag_tag_o_reg[5] | C ^ -> Q v | DFRRQJIHDX1 | 0.549 |   0.993 |    0.999 | 
     | FE_OFC756_u_core_n_1563                            | A v -> Q ^ | INJIHDX3    | 0.289 |   1.282 |    1.288 | 
     | u_core_gen_pd_row[2].gen_pd_col[6].u_pd/g442__6417 | A ^ -> Q v | ON22JIHDX0  | 0.173 |   1.455 |    1.460 | 
     | u_core_gen_pd_row[2].gen_pd_col[6].u_pd/nfast_hit_ | D v        | DFRJIHDX1   | 0.000 |   1.455 |    1.460 | 
     | latched_reg[5]                                     |            |             |       |         |          | 
     +------------------------------------------------------------------------------------------------------------+ 
Path 27: MET Setup Check with Pin u_core_gen_pd_row[5].gen_pd_col[3].u_pd/nfast_
hit_latched_reg[5]/C 
Endpoint:   u_core_gen_pd_row[5].gen_pd_col[3].u_pd/nfast_hit_latched_reg[5]/D 
(v) checked with  leading edge of 'clk_osc_fast_buf_tap3'
Beginpoint: u_core_gen_pd_row[5].gen_pd_col[3].u_pd/hit_latched_reg/Q          
(v) triggered by  leading edge of 'clk_osc_fast_buf_tap3'
Path Groups: {clk_osc_fast_buf_tap3}
Analysis View: TC_NOMINAL
Other End Arrival Time          0.222
- Setup                         0.300
+ Phase Shift                   1.333
- Uncertainty                   0.010
= Required Time                 1.245
- Arrival Time                  1.239
= Slack Time                    0.006
     Clock Rise Edge                 0.222
     + Clock Network Latency (Ideal) 0.000
     = Beginpoint Arrival Time       0.222
     +------------------------------------------------------------------------------------------------------------+ 
     |                      Instance                      |    Arc     |    Cell     | Delay | Arrival | Required | 
     |                                                    |            |             |       |  Time   |   Time   | 
     |----------------------------------------------------+------------+-------------+-------+---------+----------| 
     | u_core_gen_pd_row[5].gen_pd_col[3].u_pd/hit_latche | C ^        |             |       |   0.222 |    0.228 | 
     | d_reg                                              |            |             |       |         |          | 
     | u_core_gen_pd_row[5].gen_pd_col[3].u_pd/hit_latche | C ^ -> Q v | DFRRQJIHDX2 | 0.701 |   0.923 |    0.929 | 
     | d_reg                                              |            |             |       |         |          | 
     | u_core_gen_pd_row[5].gen_pd_col[3].u_pd/FE_OFC733_ | A v -> Q ^ | INJIHDX4    | 0.183 |   1.105 |    1.112 | 
     | u_core_pd_hit_level_43                             |            |             |       |         |          | 
     | u_core_gen_pd_row[5].gen_pd_col[3].u_pd/g442__6417 | D ^ -> Q v | ON22JIHDX1  | 0.133 |   1.239 |    1.245 | 
     | u_core_gen_pd_row[5].gen_pd_col[3].u_pd/nfast_hit_ | D v        | DFRJIHDX1   | 0.000 |   1.239 |    1.245 | 
     | latched_reg[5]                                     |            |             |       |         |          | 
     +------------------------------------------------------------------------------------------------------------+ 
Path 28: MET Setup Check with Pin u_core_gen_pd_row[3].gen_pd_col[1].u_pd/nfast_
hit_latched_reg[1]/C 
Endpoint:   u_core_gen_pd_row[3].gen_pd_col[1].u_pd/nfast_hit_latched_reg[1]/D 
(v) checked with  leading edge of 'clk_osc_fast_buf_tap1'
Beginpoint: u_core_gen_pd_row[3].gen_pd_col[1].u_pd/hit_latched_reg/Q          
(^) triggered by  leading edge of 'clk_osc_fast_buf_tap1'
Path Groups: {clk_osc_fast_buf_tap1}
Analysis View: TC_NOMINAL
Other End Arrival Time          0.074
- Setup                         0.307
+ Phase Shift                   1.333
- Uncertainty                   0.010
= Required Time                 1.090
- Arrival Time                  1.084
= Slack Time                    0.006
     Clock Rise Edge                 0.074
     + Clock Network Latency (Ideal) 0.000
     = Beginpoint Arrival Time       0.074
     +------------------------------------------------------------------------------------------------------------+ 
     |                      Instance                      |    Arc     |    Cell     | Delay | Arrival | Required | 
     |                                                    |            |             |       |  Time   |   Time   | 
     |----------------------------------------------------+------------+-------------+-------+---------+----------| 
     | u_core_gen_pd_row[3].gen_pd_col[1].u_pd/hit_latche | C ^        |             |       |   0.074 |    0.080 | 
     | d_reg                                              |            |             |       |         |          | 
     | u_core_gen_pd_row[3].gen_pd_col[1].u_pd/hit_latche | C ^ -> Q ^ | DFRRQJIHDX2 | 0.502 |   0.576 |    0.582 | 
     | d_reg                                              |            |             |       |         |          | 
     | u_core_gen_pd_row[3].gen_pd_col[1].u_pd/g27        | A ^ -> Q v | INJIHDX3    | 0.148 |   0.723 |    0.730 | 
     | u_core_gen_pd_row[3].gen_pd_col[1].u_pd/g25        | A v -> Q ^ | INJIHDX4    | 0.191 |   0.915 |    0.921 | 
     | u_core_gen_pd_row[3].gen_pd_col[1].u_pd/g438__6260 | B ^ -> Q v | ON22JIHDX0  | 0.170 |   1.084 |    1.090 | 
     | u_core_gen_pd_row[3].gen_pd_col[1].u_pd/nfast_hit_ | D v        | DFRJIHDX1   | 0.000 |   1.084 |    1.090 | 
     | latched_reg[1]                                     |            |             |       |         |          | 
     +------------------------------------------------------------------------------------------------------------+ 
Path 29: MET Setup Check with Pin u_core_gen_pd_row[2].gen_pd_col[1].u_pd/nfast_
hit_latched_reg[4]/C 
Endpoint:   u_core_gen_pd_row[2].gen_pd_col[1].u_pd/nfast_hit_latched_reg[4]/D 
(v) checked with  leading edge of 'clk_osc_fast_buf_tap1'
Beginpoint: u_core_gen_pd_row[2].gen_pd_col[1].u_pd/hit_latched_reg/Q          
(^) triggered by  leading edge of 'clk_osc_fast_buf_tap1'
Path Groups: {clk_osc_fast_buf_tap1}
Analysis View: TC_NOMINAL
Other End Arrival Time          0.074
- Setup                         0.308
+ Phase Shift                   1.333
- Uncertainty                   0.010
= Required Time                 1.089
- Arrival Time                  1.082
= Slack Time                    0.007
     Clock Rise Edge                 0.074
     + Clock Network Latency (Ideal) 0.000
     = Beginpoint Arrival Time       0.074
     +------------------------------------------------------------------------------------------------------------+ 
     |                      Instance                      |    Arc     |    Cell     | Delay | Arrival | Required | 
     |                                                    |            |             |       |  Time   |   Time   | 
     |----------------------------------------------------+------------+-------------+-------+---------+----------| 
     | u_core_gen_pd_row[2].gen_pd_col[1].u_pd/hit_latche | C ^        |             |       |   0.074 |    0.081 | 
     | d_reg                                              |            |             |       |         |          | 
     | u_core_gen_pd_row[2].gen_pd_col[1].u_pd/hit_latche | C ^ -> Q ^ | DFRRQJIHDX1 | 0.417 |   0.491 |    0.497 | 
     | d_reg                                              |            |             |       |         |          | 
     | u_core_gen_pd_row[2].gen_pd_col[1].u_pd/FE_OFC367_ | A ^ -> Q v | INJIHDX2    | 0.182 |   0.673 |    0.679 | 
     | hit_latched_41                                     |            |             |       |         |          | 
     | u_core_gen_pd_row[2].gen_pd_col[1].u_pd/FE_OFC368_ | A v -> Q ^ | INJIHDX4    | 0.227 |   0.900 |    0.906 | 
     | hit_latched_41                                     |            |             |       |         |          | 
     | u_core_gen_pd_row[2].gen_pd_col[1].u_pd/g439__6161 | B ^ -> Q v | ON22JIHDX0  | 0.182 |   1.082 |    1.088 | 
     | u_core_gen_pd_row[2].gen_pd_col[1].u_pd/nfast_hit_ | D v        | DFRJIHDX1   | 0.000 |   1.082 |    1.089 | 
     | latched_reg[4]                                     |            |             |       |         |          | 
     +------------------------------------------------------------------------------------------------------------+ 
Path 30: MET Setup Check with Pin u_core_gen_pd_row[7].gen_pd_col[6].u_pd/nfast_
hit_latched_reg[5]/C 
Endpoint:   u_core_gen_pd_row[7].gen_pd_col[6].u_pd/nfast_hit_latched_reg[5]/D 
(v) checked with  leading edge of 'clk_osc_fast_buf_tap6'
Beginpoint: u_core_gen_fast_tag_col[6].u_fast_tag_tag_o_reg[5]/Q               
(v) triggered by  leading edge of 'clk_osc_fast_buf_tap6'
Path Groups: {clk_osc_fast_buf_tap6}
Analysis View: TC_NOMINAL
Other End Arrival Time          0.444
- Setup                         0.305
+ Path Delay                    1.333
- Other Ideal Arrival           0.444
+ Path Ideal Arrival            0.444
- Uncertainty                   0.010
= Required Time                 1.462
- Arrival Time                  1.455
= Slack Time                    0.007
     Clock Rise Edge                 0.444
     + Clock Network Latency (Ideal) 0.000
     = Beginpoint Arrival Time       0.444
     +------------------------------------------------------------------------------------------------------------+ 
     |                      Instance                      |    Arc     |    Cell     | Delay | Arrival | Required | 
     |                                                    |            |             |       |  Time   |   Time   | 
     |----------------------------------------------------+------------+-------------+-------+---------+----------| 
     | u_core_gen_fast_tag_col[6].u_fast_tag_tag_o_reg[5] | C ^        |             |       |   0.444 |    0.451 | 
     | u_core_gen_fast_tag_col[6].u_fast_tag_tag_o_reg[5] | C ^ -> Q v | DFRRQJIHDX1 | 0.549 |   0.993 |    1.000 | 
     | FE_OFC756_u_core_n_1563                            | A v -> Q ^ | INJIHDX3    | 0.289 |   1.282 |    1.288 | 
     | u_core_gen_pd_row[7].gen_pd_col[6].u_pd/g442__6260 | A ^ -> Q v | ON22JIHDX0  | 0.173 |   1.455 |    1.462 | 
     | u_core_gen_pd_row[7].gen_pd_col[6].u_pd/nfast_hit_ | D v        | DFRJIHDX1   | 0.000 |   1.455 |    1.462 | 
     | latched_reg[5]                                     |            |             |       |         |          | 
     +------------------------------------------------------------------------------------------------------------+ 
Path 31: MET Setup Check with Pin u_core_gen_pd_row[4].gen_pd_col[2].u_pd/nfast_
hit_latched_reg[2]/C 
Endpoint:   u_core_gen_pd_row[4].gen_pd_col[2].u_pd/nfast_hit_latched_reg[2]/D 
(v) checked with  leading edge of 'clk_osc_fast_buf_tap2'
Beginpoint: u_core_gen_pd_row[4].gen_pd_col[2].u_pd/hit_latched_reg/Q          
(v) triggered by  leading edge of 'clk_osc_fast_buf_tap2'
Path Groups: {clk_osc_fast_buf_tap2}
Analysis View: TC_NOMINAL
Other End Arrival Time          0.148
- Setup                         0.300
+ Phase Shift                   1.333
- Uncertainty                   0.010
= Required Time                 1.171
- Arrival Time                  1.165
= Slack Time                    0.007
     Clock Rise Edge                 0.148
     + Clock Network Latency (Ideal) 0.000
     = Beginpoint Arrival Time       0.148
     +------------------------------------------------------------------------------------------------------------+ 
     |                      Instance                      |    Arc     |    Cell     | Delay | Arrival | Required | 
     |                                                    |            |             |       |  Time   |   Time   | 
     |----------------------------------------------------+------------+-------------+-------+---------+----------| 
     | u_core_gen_pd_row[4].gen_pd_col[2].u_pd/hit_latche | C ^        |             |       |   0.148 |    0.155 | 
     | d_reg                                              |            |             |       |         |          | 
     | u_core_gen_pd_row[4].gen_pd_col[2].u_pd/hit_latche | C ^ -> Q v | DFRRQJIHDX1 | 0.453 |   0.601 |    0.607 | 
     | d_reg                                              |            |             |       |         |          | 
     | u_core_gen_pd_row[4].gen_pd_col[2].u_pd/FE_OCPC399 | A v -> Q v | BUJIHDX3    | 0.273 |   0.873 |    0.880 | 
     | _u_core_pd_hit_level_34                            |            |             |       |         |          | 
     | u_core_gen_pd_row[4].gen_pd_col[2].u_pd/FE_OFC660_ | A v -> Q ^ | INJIHDX4    | 0.160 |   1.033 |    1.040 | 
     | FE_OCPN4974_u_core_pd_hit_level_34                 |            |             |       |         |          | 
     | u_core_gen_pd_row[4].gen_pd_col[2].u_pd/g437__7410 | D ^ -> Q v | ON22JIHDX1  | 0.132 |   1.165 |    1.171 | 
     | u_core_gen_pd_row[4].gen_pd_col[2].u_pd/nfast_hit_ | D v        | DFRJIHDX1   | 0.000 |   1.165 |    1.171 | 
     | latched_reg[2]                                     |            |             |       |         |          | 
     +------------------------------------------------------------------------------------------------------------+ 
Path 32: MET Setup Check with Pin u_core_gen_pd_row[6].gen_pd_col[6].u_pd/nfast_
hit_latched_reg[2]/C 
Endpoint:   u_core_gen_pd_row[6].gen_pd_col[6].u_pd/nfast_hit_latched_reg[2]/D 
(v) checked with  leading edge of 'clk_osc_fast_buf_tap6'
Beginpoint: u_core_gen_pd_row[6].gen_pd_col[6].u_pd/hit_latched_reg/Q          
(^) triggered by  leading edge of 'clk_osc_fast_buf_tap6'
Path Groups: {clk_osc_fast_buf_tap6}
Analysis View: TC_NOMINAL
Other End Arrival Time          0.444
- Setup                         0.310
+ Phase Shift                   1.333
- Uncertainty                   0.010
= Required Time                 1.457
- Arrival Time                  1.450
= Slack Time                    0.007
     Clock Rise Edge                 0.444
     + Clock Network Latency (Ideal) 0.000
     = Beginpoint Arrival Time       0.444
     +------------------------------------------------------------------------------------------------------------+ 
     |                      Instance                      |    Arc     |    Cell     | Delay | Arrival | Required | 
     |                                                    |            |             |       |  Time   |   Time   | 
     |----------------------------------------------------+------------+-------------+-------+---------+----------| 
     | u_core_gen_pd_row[6].gen_pd_col[6].u_pd/hit_latche | C ^        |             |       |   0.444 |    0.451 | 
     | d_reg                                              |            |             |       |         |          | 
     | u_core_gen_pd_row[6].gen_pd_col[6].u_pd/hit_latche | C ^ -> Q ^ | DFRRQJIHDX1 | 0.494 |   0.938 |    0.945 | 
     | d_reg                                              |            |             |       |         |          | 
     | u_core_gen_pd_row[6].gen_pd_col[6].u_pd/g27        | A ^ -> Q v | INJIHDX3    | 0.160 |   1.098 |    1.105 | 
     | u_core_gen_pd_row[6].gen_pd_col[6].u_pd/g25        | A v -> Q ^ | INJIHDX3    | 0.187 |   1.285 |    1.292 | 
     | u_core_gen_pd_row[6].gen_pd_col[6].u_pd/g437__7098 | B ^ -> Q v | ON22JIHDX0  | 0.165 |   1.449 |    1.457 | 
     | u_core_gen_pd_row[6].gen_pd_col[6].u_pd/nfast_hit_ | D v        | DFRJIHDX1   | 0.000 |   1.450 |    1.457 | 
     | latched_reg[2]                                     |            |             |       |         |          | 
     +------------------------------------------------------------------------------------------------------------+ 
Path 33: MET Setup Check with Pin u_core_gen_pd_row[7].gen_pd_col[2].u_pd/nfast_
hit_latched_reg[1]/C 
Endpoint:   u_core_gen_pd_row[7].gen_pd_col[2].u_pd/nfast_hit_latched_reg[1]/D 
(v) checked with  leading edge of 'clk_osc_fast_buf_tap2'
Beginpoint: u_core_gen_pd_row[7].gen_pd_col[2].u_pd/hit_latched_reg/Q          
(v) triggered by  leading edge of 'clk_osc_fast_buf_tap2'
Path Groups: {clk_osc_fast_buf_tap2}
Analysis View: TC_NOMINAL
Other End Arrival Time          0.148
- Setup                         0.298
+ Phase Shift                   1.333
- Uncertainty                   0.010
= Required Time                 1.173
- Arrival Time                  1.166
= Slack Time                    0.007
     Clock Rise Edge                 0.148
     + Clock Network Latency (Ideal) 0.000
     = Beginpoint Arrival Time       0.148
     +------------------------------------------------------------------------------------------------------------+ 
     |                      Instance                      |    Arc     |    Cell     | Delay | Arrival | Required | 
     |                                                    |            |             |       |  Time   |   Time   | 
     |----------------------------------------------------+------------+-------------+-------+---------+----------| 
     | u_core_gen_pd_row[7].gen_pd_col[2].u_pd/hit_latche | C ^        |             |       |   0.148 |    0.155 | 
     | d_reg                                              |            |             |       |         |          | 
     | u_core_gen_pd_row[7].gen_pd_col[2].u_pd/hit_latche | C ^ -> Q v | DFRRQJIHDX1 | 0.691 |   0.839 |    0.846 | 
     | d_reg                                              |            |             |       |         |          | 
     | u_core_gen_pd_row[7].gen_pd_col[2].u_pd/FE_OFC742_ | A v -> Q ^ | INJIHDX4    | 0.194 |   1.033 |    1.040 | 
     | FE_OCPN4934_u_core_pd_hit_level_58                 |            |             |       |         |          | 
     | u_core_gen_pd_row[7].gen_pd_col[2].u_pd/g438__6783 | D ^ -> Q v | ON22JIHDX1  | 0.133 |   1.166 |    1.173 | 
     | u_core_gen_pd_row[7].gen_pd_col[2].u_pd/nfast_hit_ | D v        | DFRJIHDX2   | 0.000 |   1.166 |    1.173 | 
     | latched_reg[1]                                     |            |             |       |         |          | 
     +------------------------------------------------------------------------------------------------------------+ 
Path 34: MET Setup Check with Pin u_core_gen_pd_row[1].gen_pd_col[3].u_pd/nfast_
hit_latched_reg[3]/C 
Endpoint:   u_core_gen_pd_row[1].gen_pd_col[3].u_pd/nfast_hit_latched_reg[3]/D 
(v) checked with  leading edge of 'clk_osc_fast_buf_tap3'
Beginpoint: u_core_gen_pd_row[1].gen_pd_col[3].u_pd/hit_latched_reg/Q          
(v) triggered by  leading edge of 'clk_osc_fast_buf_tap3'
Path Groups: {clk_osc_fast_buf_tap3}
Analysis View: TC_NOMINAL
Other End Arrival Time          0.222
- Setup                         0.301
+ Phase Shift                   1.333
- Uncertainty                   0.010
= Required Time                 1.244
- Arrival Time                  1.236
= Slack Time                    0.007
     Clock Rise Edge                 0.222
     + Clock Network Latency (Ideal) 0.000
     = Beginpoint Arrival Time       0.222
     +------------------------------------------------------------------------------------------------------------+ 
     |                      Instance                      |    Arc     |    Cell     | Delay | Arrival | Required | 
     |                                                    |            |             |       |  Time   |   Time   | 
     |----------------------------------------------------+------------+-------------+-------+---------+----------| 
     | u_core_gen_pd_row[1].gen_pd_col[3].u_pd/hit_latche | C ^        |             |       |   0.222 |    0.229 | 
     | d_reg                                              |            |             |       |         |          | 
     | u_core_gen_pd_row[1].gen_pd_col[3].u_pd/hit_latche | C ^ -> Q v | DFRRQJIHDX1 | 0.580 |   0.802 |    0.810 | 
     | d_reg                                              |            |             |       |         |          | 
     | u_core_gen_pd_row[1].gen_pd_col[3].u_pd/FE_OFC729_ | A v -> Q ^ | INJIHDX2    | 0.260 |   1.062 |    1.070 | 
     | FE_OCPN4942_u_core_pd_hit_level_11                 |            |             |       |         |          | 
     | u_core_gen_pd_row[1].gen_pd_col[3].u_pd/g436__2398 | D ^ -> Q v | ON22JIHDX0  | 0.174 |   1.236 |    1.243 | 
     | u_core_gen_pd_row[1].gen_pd_col[3].u_pd/nfast_hit_ | D v        | DFRJIHDX1   | 0.000 |   1.236 |    1.244 | 
     | latched_reg[3]                                     |            |             |       |         |          | 
     +------------------------------------------------------------------------------------------------------------+ 
Path 35: MET Setup Check with Pin u_core_gen_pd_row[4].gen_pd_col[2].u_pd/nfast_
hit_latched_reg[1]/C 
Endpoint:   u_core_gen_pd_row[4].gen_pd_col[2].u_pd/nfast_hit_latched_reg[1]/D 
(v) checked with  leading edge of 'clk_osc_fast_buf_tap2'
Beginpoint: u_core_gen_pd_row[4].gen_pd_col[2].u_pd/hit_latched_reg/Q          
(v) triggered by  leading edge of 'clk_osc_fast_buf_tap2'
Path Groups: {clk_osc_fast_buf_tap2}
Analysis View: TC_NOMINAL
Other End Arrival Time          0.148
- Setup                         0.299
+ Phase Shift                   1.333
- Uncertainty                   0.010
= Required Time                 1.172
- Arrival Time                  1.165
= Slack Time                    0.008
     Clock Rise Edge                 0.148
     + Clock Network Latency (Ideal) 0.000
     = Beginpoint Arrival Time       0.148
     +------------------------------------------------------------------------------------------------------------+ 
     |                      Instance                      |    Arc     |    Cell     | Delay | Arrival | Required | 
     |                                                    |            |             |       |  Time   |   Time   | 
     |----------------------------------------------------+------------+-------------+-------+---------+----------| 
     | u_core_gen_pd_row[4].gen_pd_col[2].u_pd/hit_latche | C ^        |             |       |   0.148 |    0.156 | 
     | d_reg                                              |            |             |       |         |          | 
     | u_core_gen_pd_row[4].gen_pd_col[2].u_pd/hit_latche | C ^ -> Q v | DFRRQJIHDX1 | 0.453 |   0.601 |    0.608 | 
     | d_reg                                              |            |             |       |         |          | 
     | u_core_gen_pd_row[4].gen_pd_col[2].u_pd/FE_OCPC399 | A v -> Q v | BUJIHDX3    | 0.273 |   0.873 |    0.881 | 
     | _u_core_pd_hit_level_34                            |            |             |       |         |          | 
     | u_core_gen_pd_row[4].gen_pd_col[2].u_pd/FE_OFC660_ | A v -> Q ^ | INJIHDX4    | 0.160 |   1.033 |    1.041 | 
     | FE_OCPN4974_u_core_pd_hit_level_34                 |            |             |       |         |          | 
     | u_core_gen_pd_row[4].gen_pd_col[2].u_pd/g438__6417 | D ^ -> Q v | ON22JIHDX1  | 0.131 |   1.164 |    1.172 | 
     | u_core_gen_pd_row[4].gen_pd_col[2].u_pd/nfast_hit_ | D v        | DFRJIHDX1   | 0.000 |   1.165 |    1.172 | 
     | latched_reg[1]                                     |            |             |       |         |          | 
     +------------------------------------------------------------------------------------------------------------+ 
Path 36: MET Setup Check with Pin u_core_gen_pd_row[0].gen_pd_col[7].u_pd/nfast_
hit_latched_reg[0]/C 
Endpoint:   u_core_gen_pd_row[0].gen_pd_col[7].u_pd/nfast_hit_latched_reg[0]/D 
(v) checked with  leading edge of 'clk_osc_fast_buf_tap7'
Beginpoint: u_core_gen_pd_row[0].gen_pd_col[7].u_pd/hit_latched_reg/Q          
(v) triggered by  leading edge of 'clk_osc_fast_buf_tap7'
Path Groups: {clk_osc_fast_buf_tap7}
Analysis View: TC_NOMINAL
Other End Arrival Time          0.518
- Setup                         0.349
+ Phase Shift                   1.333
- Uncertainty                   0.010
= Required Time                 1.492
- Arrival Time                  1.484
= Slack Time                    0.008
     Clock Rise Edge                 0.518
     + Clock Network Latency (Ideal) 0.000
     = Beginpoint Arrival Time       0.518
     +------------------------------------------------------------------------------------------------------------+ 
     |                      Instance                      |    Arc     |    Cell     | Delay | Arrival | Required | 
     |                                                    |            |             |       |  Time   |   Time   | 
     |----------------------------------------------------+------------+-------------+-------+---------+----------| 
     | u_core_gen_pd_row[0].gen_pd_col[7].u_pd/hit_latche | C ^        |             |       |   0.518 |    0.526 | 
     | d_reg                                              |            |             |       |         |          | 
     | u_core_gen_pd_row[0].gen_pd_col[7].u_pd/hit_latche | C ^ -> Q v | DFRRQJIHDX1 | 0.648 |   1.166 |    1.174 | 
     | d_reg                                              |            |             |       |         |          | 
     | u_core_gen_pd_row[0].gen_pd_col[7].u_pd/FE_OFC766_ | A v -> Q ^ | INJIHDX3    | 0.175 |   1.341 |    1.349 | 
     | u_core_pd_hit_level_7                              |            |             |       |         |          | 
     | u_core_gen_pd_row[0].gen_pd_col[7].u_pd/FE_RC_26_0 | C ^ -> Q v | ON22JIHDX0  | 0.142 |   1.484 |    1.492 | 
     | u_core_gen_pd_row[0].gen_pd_col[7].u_pd/nfast_hit_ | D v        | DFRSJIHDX2  | 0.000 |   1.484 |    1.492 | 
     | latched_reg[0]                                     |            |             |       |         |          | 
     +------------------------------------------------------------------------------------------------------------+ 
Path 37: MET Setup Check with Pin u_core_gen_pd_row[7].gen_pd_col[2].u_pd/nfast_
hit_latched_reg[4]/C 
Endpoint:   u_core_gen_pd_row[7].gen_pd_col[2].u_pd/nfast_hit_latched_reg[4]/D 
(v) checked with  leading edge of 'clk_osc_fast_buf_tap2'
Beginpoint: u_core_gen_pd_row[7].gen_pd_col[2].u_pd/hit_latched_reg/Q          
(v) triggered by  leading edge of 'clk_osc_fast_buf_tap2'
Path Groups: {clk_osc_fast_buf_tap2}
Analysis View: TC_NOMINAL
Other End Arrival Time          0.148
- Setup                         0.298
+ Phase Shift                   1.333
- Uncertainty                   0.010
= Required Time                 1.173
- Arrival Time                  1.165
= Slack Time                    0.008
     Clock Rise Edge                 0.148
     + Clock Network Latency (Ideal) 0.000
     = Beginpoint Arrival Time       0.148
     +------------------------------------------------------------------------------------------------------------+ 
     |                      Instance                      |    Arc     |    Cell     | Delay | Arrival | Required | 
     |                                                    |            |             |       |  Time   |   Time   | 
     |----------------------------------------------------+------------+-------------+-------+---------+----------| 
     | u_core_gen_pd_row[7].gen_pd_col[2].u_pd/hit_latche | C ^        |             |       |   0.148 |    0.156 | 
     | d_reg                                              |            |             |       |         |          | 
     | u_core_gen_pd_row[7].gen_pd_col[2].u_pd/hit_latche | C ^ -> Q v | DFRRQJIHDX1 | 0.691 |   0.839 |    0.847 | 
     | d_reg                                              |            |             |       |         |          | 
     | u_core_gen_pd_row[7].gen_pd_col[2].u_pd/FE_OFC742_ | A v -> Q ^ | INJIHDX4    | 0.194 |   1.033 |    1.041 | 
     | FE_OCPN4934_u_core_pd_hit_level_58                 |            |             |       |         |          | 
     | u_core_gen_pd_row[7].gen_pd_col[2].u_pd/g439__3680 | D ^ -> Q v | ON22JIHDX1  | 0.132 |   1.165 |    1.173 | 
     | u_core_gen_pd_row[7].gen_pd_col[2].u_pd/nfast_hit_ | D v        | DFRJIHDX2   | 0.000 |   1.165 |    1.173 | 
     | latched_reg[4]                                     |            |             |       |         |          | 
     +------------------------------------------------------------------------------------------------------------+ 
Path 38: MET Setup Check with Pin u_core_gen_pd_row[0].gen_pd_col[4].u_pd/nfast_
hit_latched_reg[0]/C 
Endpoint:   u_core_gen_pd_row[0].gen_pd_col[4].u_pd/nfast_hit_latched_reg[0]/D 
(v) checked with  leading edge of 'clk_osc_fast_buf_tap4'
Beginpoint: u_core_gen_pd_row[0].gen_pd_col[4].u_pd/hit_latched_reg/Q          
(^) triggered by  leading edge of 'clk_osc_fast_buf_tap4'
Path Groups: {clk_osc_fast_buf_tap4}
Analysis View: TC_NOMINAL
Other End Arrival Time          0.296
- Setup                         0.312
+ Phase Shift                   1.333
- Uncertainty                   0.010
= Required Time                 1.307
- Arrival Time                  1.299
= Slack Time                    0.008
     Clock Rise Edge                 0.296
     + Clock Network Latency (Ideal) 0.000
     = Beginpoint Arrival Time       0.296
     +------------------------------------------------------------------------------------------------------------+ 
     |                      Instance                      |    Arc     |    Cell     | Delay | Arrival | Required | 
     |                                                    |            |             |       |  Time   |   Time   | 
     |----------------------------------------------------+------------+-------------+-------+---------+----------| 
     | u_core_gen_pd_row[0].gen_pd_col[4].u_pd/hit_latche | C ^        |             |       |   0.296 |    0.304 | 
     | d_reg                                              |            |             |       |         |          | 
     | u_core_gen_pd_row[0].gen_pd_col[4].u_pd/hit_latche | C ^ -> Q ^ | DFRRQJIHDX1 | 0.517 |   0.813 |    0.821 | 
     | d_reg                                              |            |             |       |         |          | 
     | u_core_gen_pd_row[0].gen_pd_col[4].u_pd/FE_OFC259_ | A ^ -> Q v | INJIHDX2    | 0.236 |   1.049 |    1.058 | 
     | hit_latched_41                                     |            |             |       |         |          | 
     | u_core_gen_pd_row[0].gen_pd_col[4].u_pd/g26        | A v -> Q ^ | NA2JIHDX1   | 0.165 |   1.214 |    1.223 | 
     | u_core_gen_pd_row[0].gen_pd_col[4].u_pd/g25        | C ^ -> Q v | NA22JIHDX1  | 0.084 |   1.298 |    1.307 | 
     | u_core_gen_pd_row[0].gen_pd_col[4].u_pd/nfast_hit_ | D v        | DFRSQJIHDX4 | 0.000 |   1.299 |    1.307 | 
     | latched_reg[0]                                     |            |             |       |         |          | 
     +------------------------------------------------------------------------------------------------------------+ 
Path 39: MET Setup Check with Pin u_core_gen_pd_row[5].gen_pd_col[1].u_pd/nfast_
hit_latched_reg[2]/C 
Endpoint:   u_core_gen_pd_row[5].gen_pd_col[1].u_pd/nfast_hit_latched_reg[2]/D 
(v) checked with  leading edge of 'clk_osc_fast_buf_tap1'
Beginpoint: u_core_gen_pd_row[5].gen_pd_col[1].u_pd/hit_latched_reg/Q          
(^) triggered by  leading edge of 'clk_osc_fast_buf_tap1'
Path Groups: {clk_osc_fast_buf_tap1}
Analysis View: TC_NOMINAL
Other End Arrival Time          0.074
- Setup                         0.308
+ Phase Shift                   1.333
- Uncertainty                   0.010
= Required Time                 1.089
- Arrival Time                  1.080
= Slack Time                    0.008
     Clock Rise Edge                 0.074
     + Clock Network Latency (Ideal) 0.000
     = Beginpoint Arrival Time       0.074
     +------------------------------------------------------------------------------------------------------------+ 
     |                      Instance                      |    Arc     |    Cell     | Delay | Arrival | Required | 
     |                                                    |            |             |       |  Time   |   Time   | 
     |----------------------------------------------------+------------+-------------+-------+---------+----------| 
     | u_core_gen_pd_row[5].gen_pd_col[1].u_pd/hit_latche | C ^        |             |       |   0.074 |    0.082 | 
     | d_reg                                              |            |             |       |         |          | 
     | u_core_gen_pd_row[5].gen_pd_col[1].u_pd/hit_latche | C ^ -> Q ^ | DFRRQJIHDX1 | 0.412 |   0.486 |    0.494 | 
     | d_reg                                              |            |             |       |         |          | 
     | u_core_gen_pd_row[5].gen_pd_col[1].u_pd/g457       | A ^ -> Q v | INJIHDX2    | 0.188 |   0.674 |    0.683 | 
     | u_core_gen_pd_row[5].gen_pd_col[1].u_pd/FE_OFC704_ | A v -> Q ^ | INJIHDX4    | 0.228 |   0.902 |    0.910 | 
     | n_11                                               |            |             |       |         |          | 
     | u_core_gen_pd_row[5].gen_pd_col[1].u_pd/g437__7410 | B ^ -> Q v | ON22JIHDX0  | 0.178 |   1.080 |    1.088 | 
     | u_core_gen_pd_row[5].gen_pd_col[1].u_pd/nfast_hit_ | D v        | DFRJIHDX1   | 0.000 |   1.080 |    1.089 | 
     | latched_reg[2]                                     |            |             |       |         |          | 
     +------------------------------------------------------------------------------------------------------------+ 
Path 40: MET Setup Check with Pin u_core_gen_pd_row[6].gen_pd_col[5].u_pd/nfast_
hit_latched_reg[1]/C 
Endpoint:   u_core_gen_pd_row[6].gen_pd_col[5].u_pd/nfast_hit_latched_reg[1]/D 
(v) checked with  leading edge of 'clk_osc_fast_buf_tap5'
Beginpoint: u_core_gen_pd_row[6].gen_pd_col[5].u_pd/hit_latched_reg/Q          
(^) triggered by  leading edge of 'clk_osc_fast_buf_tap5'
Path Groups: {clk_osc_fast_buf_tap5}
Analysis View: TC_NOMINAL
Other End Arrival Time          0.370
- Setup                         0.307
+ Phase Shift                   1.333
- Uncertainty                   0.010
= Required Time                 1.386
- Arrival Time                  1.378
= Slack Time                    0.008
     Clock Rise Edge                 0.370
     + Clock Network Latency (Ideal) 0.000
     = Beginpoint Arrival Time       0.370
     +------------------------------------------------------------------------------------------------------------+ 
     |                      Instance                      |    Arc     |    Cell     | Delay | Arrival | Required | 
     |                                                    |            |             |       |  Time   |   Time   | 
     |----------------------------------------------------+------------+-------------+-------+---------+----------| 
     | u_core_gen_pd_row[6].gen_pd_col[5].u_pd/hit_latche | C ^        |             |       |   0.370 |    0.378 | 
     | d_reg                                              |            |             |       |         |          | 
     | u_core_gen_pd_row[6].gen_pd_col[5].u_pd/hit_latche | C ^ -> Q ^ | DFRRQJIHDX1 | 0.415 |   0.785 |    0.794 | 
     | d_reg                                              |            |             |       |         |          | 
     | u_core_gen_pd_row[6].gen_pd_col[5].u_pd/g457       | A ^ -> Q v | INJIHDX2    | 0.196 |   0.982 |    0.990 | 
     | u_core_gen_pd_row[6].gen_pd_col[5].u_pd/g453       | A v -> Q ^ | INJIHDX4    | 0.222 |   1.203 |    1.212 | 
     | u_core_gen_pd_row[6].gen_pd_col[5].u_pd/g438__6260 | B ^ -> Q v | ON22JIHDX0  | 0.174 |   1.378 |    1.386 | 
     | u_core_gen_pd_row[6].gen_pd_col[5].u_pd/nfast_hit_ | D v        | DFRJIHDX1   | 0.000 |   1.378 |    1.386 | 
     | latched_reg[1]                                     |            |             |       |         |          | 
     +------------------------------------------------------------------------------------------------------------+ 
Path 41: MET Setup Check with Pin u_core_gen_pd_row[7].gen_pd_col[2].u_pd/nfast_
hit_latched_reg[5]/C 
Endpoint:   u_core_gen_pd_row[7].gen_pd_col[2].u_pd/nfast_hit_latched_reg[5]/D 
(v) checked with  leading edge of 'clk_osc_fast_buf_tap2'
Beginpoint: u_core_gen_pd_row[7].gen_pd_col[2].u_pd/hit_latched_reg/Q          
(v) triggered by  leading edge of 'clk_osc_fast_buf_tap2'
Path Groups: {clk_osc_fast_buf_tap2}
Analysis View: TC_NOMINAL
Other End Arrival Time          0.148
- Setup                         0.308
+ Phase Shift                   1.333
- Uncertainty                   0.010
= Required Time                 1.163
- Arrival Time                  1.155
= Slack Time                    0.008
     Clock Rise Edge                 0.148
     + Clock Network Latency (Ideal) 0.000
     = Beginpoint Arrival Time       0.148
     +------------------------------------------------------------------------------------------------------------+ 
     |                      Instance                      |    Arc     |    Cell     | Delay | Arrival | Required | 
     |                                                    |            |             |       |  Time   |   Time   | 
     |----------------------------------------------------+------------+-------------+-------+---------+----------| 
     | u_core_gen_pd_row[7].gen_pd_col[2].u_pd/hit_latche | C ^        |             |       |   0.148 |    0.156 | 
     | d_reg                                              |            |             |       |         |          | 
     | u_core_gen_pd_row[7].gen_pd_col[2].u_pd/hit_latche | C ^ -> Q v | DFRRQJIHDX1 | 0.691 |   0.839 |    0.847 | 
     | d_reg                                              |            |             |       |         |          | 
     | u_core_gen_pd_row[7].gen_pd_col[2].u_pd/FE_OFC742_ | A v -> Q ^ | INJIHDX4    | 0.194 |   1.033 |    1.041 | 
     | FE_OCPN4934_u_core_pd_hit_level_58                 |            |             |       |         |          | 
     | u_core_gen_pd_row[7].gen_pd_col[2].u_pd/g26        | C ^ -> Q v | ON22JIHDX1  | 0.122 |   1.154 |    1.163 | 
     | u_core_gen_pd_row[7].gen_pd_col[2].u_pd/nfast_hit_ | D v        | DFRJIHDX1   | 0.000 |   1.155 |    1.163 | 
     | latched_reg[5]                                     |            |             |       |         |          | 
     +------------------------------------------------------------------------------------------------------------+ 
Path 42: MET Setup Check with Pin u_core_gen_pd_row[4].gen_pd_col[4].u_pd/nfast_
hit_latched_reg[0]/C 
Endpoint:   u_core_gen_pd_row[4].gen_pd_col[4].u_pd/nfast_hit_latched_reg[0]/D 
(v) checked with  leading edge of 'clk_osc_fast_buf_tap4'
Beginpoint: u_core_gen_fast_tag_col[4].u_fast_tag_tag_o_reg[0]/Q               
(v) triggered by  leading edge of 'clk_osc_fast_buf_tap4'
Path Groups: {clk_osc_fast_buf_tap4}
Analysis View: TC_NOMINAL
Other End Arrival Time          0.296
- Setup                         0.335
+ Path Delay                    1.333
- Other Ideal Arrival           0.296
+ Path Ideal Arrival            0.296
- Uncertainty                   0.010
= Required Time                 1.284
- Arrival Time                  1.275
= Slack Time                    0.008
     Clock Rise Edge                 0.296
     + Clock Network Latency (Ideal) 0.000
     = Beginpoint Arrival Time       0.296
     +------------------------------------------------------------------------------------------------------------+ 
     |                      Instance                      |    Arc     |    Cell     | Delay | Arrival | Required | 
     |                                                    |            |             |       |  Time   |   Time   | 
     |----------------------------------------------------+------------+-------------+-------+---------+----------| 
     | u_core_gen_fast_tag_col[4].u_fast_tag_tag_o_reg[0] | C ^        |             |       |   0.296 |    0.304 | 
     | u_core_gen_fast_tag_col[4].u_fast_tag_tag_o_reg[0] | C ^ -> Q v | DFRSQJIHDX1 | 0.394 |   0.690 |    0.699 | 
     | FE_OFC194_u_core_fast_tag_col_4__0                 | A v -> Q v | BUJIHDX3    | 0.301 |   0.991 |    1.000 | 
     | u_core_gen_pd_row[4].gen_pd_col[4].u_pd/g26        | B v -> Q ^ | NA2JIHDX1   | 0.200 |   1.191 |    1.200 | 
     | u_core_gen_pd_row[4].gen_pd_col[4].u_pd/g25        | C ^ -> Q v | NA22JIHDX1  | 0.084 |   1.275 |    1.284 | 
     | u_core_gen_pd_row[4].gen_pd_col[4].u_pd/nfast_hit_ | D v        | DFRSQJIHDX1 | 0.000 |   1.275 |    1.284 | 
     | latched_reg[0]                                     |            |             |       |         |          | 
     +------------------------------------------------------------------------------------------------------------+ 
Path 43: MET Setup Check with Pin u_core_gen_pd_row[2].gen_pd_col[4].u_pd/nfast_
hit_latched_reg[4]/C 
Endpoint:   u_core_gen_pd_row[2].gen_pd_col[4].u_pd/nfast_hit_latched_reg[4]/D 
(v) checked with  leading edge of 'clk_osc_fast_buf_tap4'
Beginpoint: u_core_gen_pd_row[2].gen_pd_col[4].u_pd/hit_latched_reg/Q          
(v) triggered by  leading edge of 'clk_osc_fast_buf_tap4'
Path Groups: {clk_osc_fast_buf_tap4}
Analysis View: TC_NOMINAL
Other End Arrival Time          0.296
- Setup                         0.301
+ Phase Shift                   1.333
- Uncertainty                   0.010
= Required Time                 1.318
- Arrival Time                  1.310
= Slack Time                    0.008
     Clock Rise Edge                 0.296
     + Clock Network Latency (Ideal) 0.000
     = Beginpoint Arrival Time       0.296
     +------------------------------------------------------------------------------------------------------------+ 
     |                      Instance                      |    Arc     |    Cell     | Delay | Arrival | Required | 
     |                                                    |            |             |       |  Time   |   Time   | 
     |----------------------------------------------------+------------+-------------+-------+---------+----------| 
     | u_core_gen_pd_row[2].gen_pd_col[4].u_pd/hit_latche | C ^        |             |       |   0.296 |    0.304 | 
     | d_reg                                              |            |             |       |         |          | 
     | u_core_gen_pd_row[2].gen_pd_col[4].u_pd/hit_latche | C ^ -> Q v | DFRRQJIHDX2 | 0.653 |   0.949 |    0.957 | 
     | d_reg                                              |            |             |       |         |          | 
     | u_core_gen_pd_row[2].gen_pd_col[4].u_pd/FE_OFC808_ | A v -> Q ^ | INJIHDX3    | 0.202 |   1.150 |    1.159 | 
     | hit_latched_41                                     |            |             |       |         |          | 
     | u_core_gen_pd_row[2].gen_pd_col[4].u_pd/g439__5477 | D ^ -> Q v | ON22JIHDX0  | 0.160 |   1.310 |    1.318 | 
     | u_core_gen_pd_row[2].gen_pd_col[4].u_pd/nfast_hit_ | D v        | DFRQJIHDX1  | 0.000 |   1.310 |    1.318 | 
     | latched_reg[4]                                     |            |             |       |         |          | 
     +------------------------------------------------------------------------------------------------------------+ 
Path 44: MET Setup Check with Pin u_core_gen_pd_row[3].gen_pd_col[4].u_pd/nfast_
hit_latched_reg[4]/C 
Endpoint:   u_core_gen_pd_row[3].gen_pd_col[4].u_pd/nfast_hit_latched_reg[4]/D 
(v) checked with  leading edge of 'clk_osc_fast_buf_tap4'
Beginpoint: u_core_gen_pd_row[3].gen_pd_col[4].u_pd/hit_latched_reg/Q          
(^) triggered by  leading edge of 'clk_osc_fast_buf_tap4'
Path Groups: {clk_osc_fast_buf_tap4}
Analysis View: TC_NOMINAL
Other End Arrival Time          0.296
- Setup                         0.303
+ Phase Shift                   1.333
- Uncertainty                   0.010
= Required Time                 1.316
- Arrival Time                  1.307
= Slack Time                    0.009
     Clock Rise Edge                 0.296
     + Clock Network Latency (Ideal) 0.000
     = Beginpoint Arrival Time       0.296
     +------------------------------------------------------------------------------------------------------------+ 
     |                      Instance                      |    Arc     |    Cell     | Delay | Arrival | Required | 
     |                                                    |            |             |       |  Time   |   Time   | 
     |----------------------------------------------------+------------+-------------+-------+---------+----------| 
     | u_core_gen_pd_row[3].gen_pd_col[4].u_pd/hit_latche | C ^        |             |       |   0.296 |    0.305 | 
     | d_reg                                              |            |             |       |         |          | 
     | u_core_gen_pd_row[3].gen_pd_col[4].u_pd/hit_latche | C ^ -> Q ^ | DFRRQJIHDX1 | 0.566 |   0.862 |    0.870 | 
     | d_reg                                              |            |             |       |         |          | 
     | u_core_gen_pd_row[3].gen_pd_col[4].u_pd/FE_OFC769_ | A ^ -> Q v | INJIHDX3    | 0.164 |   1.026 |    1.035 | 
     | hit_latched_41                                     |            |             |       |         |          | 
     | u_core_gen_pd_row[3].gen_pd_col[4].u_pd/FE_OFC770_ | A v -> Q ^ | INJIHDX1    | 0.135 |   1.161 |    1.169 | 
     | hit_latched_41                                     |            |             |       |         |          | 
     | u_core_gen_pd_row[3].gen_pd_col[4].u_pd/g439__5122 | B ^ -> Q v | ON22JIHDX0  | 0.146 |   1.307 |    1.316 | 
     | u_core_gen_pd_row[3].gen_pd_col[4].u_pd/nfast_hit_ | D v        | DFRQJIHDX1  | 0.000 |   1.307 |    1.316 | 
     | latched_reg[4]                                     |            |             |       |         |          | 
     +------------------------------------------------------------------------------------------------------------+ 
Path 45: MET Setup Check with Pin u_core_gen_pd_row[5].gen_pd_col[6].u_pd/nfast_
hit_latched_reg[5]/C 
Endpoint:   u_core_gen_pd_row[5].gen_pd_col[6].u_pd/nfast_hit_latched_reg[5]/D 
(v) checked with  leading edge of 'clk_osc_fast_buf_tap6'
Beginpoint: u_core_gen_pd_row[5].gen_pd_col[6].u_pd/hit_latched_reg/Q          
(^) triggered by  leading edge of 'clk_osc_fast_buf_tap6'
Path Groups: {clk_osc_fast_buf_tap6}
Analysis View: TC_NOMINAL
Other End Arrival Time          0.444
- Setup                         0.304
+ Phase Shift                   1.333
- Uncertainty                   0.010
= Required Time                 1.463
- Arrival Time                  1.454
= Slack Time                    0.009
     Clock Rise Edge                 0.444
     + Clock Network Latency (Ideal) 0.000
     = Beginpoint Arrival Time       0.444
     +------------------------------------------------------------------------------------------------------------+ 
     |                      Instance                      |    Arc     |    Cell     | Delay | Arrival | Required | 
     |                                                    |            |             |       |  Time   |   Time   | 
     |----------------------------------------------------+------------+-------------+-------+---------+----------| 
     | u_core_gen_pd_row[5].gen_pd_col[6].u_pd/hit_latche | C ^        |             |       |   0.444 |    0.453 | 
     | d_reg                                              |            |             |       |         |          | 
     | u_core_gen_pd_row[5].gen_pd_col[6].u_pd/hit_latche | C ^ -> Q ^ | DFRRQJIHDX2 | 0.482 |   0.926 |    0.934 | 
     | d_reg                                              |            |             |       |         |          | 
     | u_core_gen_pd_row[5].gen_pd_col[6].u_pd/g27        | A ^ -> Q v | INJIHDX2    | 0.179 |   1.105 |    1.114 | 
     | u_core_gen_pd_row[5].gen_pd_col[6].u_pd/FE_OFC692_ | A v -> Q ^ | INJIHDX4    | 0.191 |   1.296 |    1.304 | 
     | n_37                                               |            |             |       |         |          | 
     | u_core_gen_pd_row[5].gen_pd_col[6].u_pd/g442__6783 | B ^ -> Q v | ON22JIHDX0  | 0.158 |   1.454 |    1.462 | 
     | u_core_gen_pd_row[5].gen_pd_col[6].u_pd/nfast_hit_ | D v        | DFRJIHDX1   | 0.000 |   1.454 |    1.463 | 
     | latched_reg[5]                                     |            |             |       |         |          | 
     +------------------------------------------------------------------------------------------------------------+ 
Path 46: MET Setup Check with Pin u_core_gen_pd_row[4].gen_pd_col[2].u_pd/nfast_
hit_latched_reg[6]/C 
Endpoint:   u_core_gen_pd_row[4].gen_pd_col[2].u_pd/nfast_hit_latched_reg[6]/D 
(v) checked with  leading edge of 'clk_osc_fast_buf_tap2'
Beginpoint: u_core_gen_pd_row[4].gen_pd_col[2].u_pd/hit_latched_reg/Q          
(v) triggered by  leading edge of 'clk_osc_fast_buf_tap2'
Path Groups: {clk_osc_fast_buf_tap2}
Analysis View: TC_NOMINAL
Other End Arrival Time          0.148
- Setup                         0.298
+ Phase Shift                   1.333
- Uncertainty                   0.010
= Required Time                 1.173
- Arrival Time                  1.164
= Slack Time                    0.009
     Clock Rise Edge                 0.148
     + Clock Network Latency (Ideal) 0.000
     = Beginpoint Arrival Time       0.148
     +------------------------------------------------------------------------------------------------------------+ 
     |                      Instance                      |    Arc     |    Cell     | Delay | Arrival | Required | 
     |                                                    |            |             |       |  Time   |   Time   | 
     |----------------------------------------------------+------------+-------------+-------+---------+----------| 
     | u_core_gen_pd_row[4].gen_pd_col[2].u_pd/hit_latche | C ^        |             |       |   0.148 |    0.157 | 
     | d_reg                                              |            |             |       |         |          | 
     | u_core_gen_pd_row[4].gen_pd_col[2].u_pd/hit_latche | C ^ -> Q v | DFRRQJIHDX1 | 0.453 |   0.601 |    0.609 | 
     | d_reg                                              |            |             |       |         |          | 
     | u_core_gen_pd_row[4].gen_pd_col[2].u_pd/FE_OCPC399 | A v -> Q v | BUJIHDX3    | 0.273 |   0.873 |    0.882 | 
     | _u_core_pd_hit_level_34                            |            |             |       |         |          | 
     | u_core_gen_pd_row[4].gen_pd_col[2].u_pd/FE_OFC660_ | A v -> Q ^ | INJIHDX4    | 0.160 |   1.033 |    1.042 | 
     | FE_OCPN4974_u_core_pd_hit_level_34                 |            |             |       |         |          | 
     | u_core_gen_pd_row[4].gen_pd_col[2].u_pd/g441__5107 | D ^ -> Q v | ON22JIHDX1  | 0.131 |   1.164 |    1.173 | 
     | u_core_gen_pd_row[4].gen_pd_col[2].u_pd/nfast_hit_ | D v        | DFRJIHDX1   | 0.000 |   1.164 |    1.173 | 
     | latched_reg[6]                                     |            |             |       |         |          | 
     +------------------------------------------------------------------------------------------------------------+ 
Path 47: MET Setup Check with Pin u_core_gen_pd_row[3].gen_pd_col[1].u_pd/nfast_
hit_latched_reg[2]/C 
Endpoint:   u_core_gen_pd_row[3].gen_pd_col[1].u_pd/nfast_hit_latched_reg[2]/D 
(v) checked with  leading edge of 'clk_osc_fast_buf_tap1'
Beginpoint: u_core_gen_pd_row[3].gen_pd_col[1].u_pd/hit_latched_reg/Q          
(^) triggered by  leading edge of 'clk_osc_fast_buf_tap1'
Path Groups: {clk_osc_fast_buf_tap1}
Analysis View: TC_NOMINAL
Other End Arrival Time          0.074
- Setup                         0.299
+ Phase Shift                   1.333
- Uncertainty                   0.010
= Required Time                 1.098
- Arrival Time                  1.089
= Slack Time                    0.009
     Clock Rise Edge                 0.074
     + Clock Network Latency (Ideal) 0.000
     = Beginpoint Arrival Time       0.074
     +------------------------------------------------------------------------------------------------------------+ 
     |                      Instance                      |    Arc     |    Cell     | Delay | Arrival | Required | 
     |                                                    |            |             |       |  Time   |   Time   | 
     |----------------------------------------------------+------------+-------------+-------+---------+----------| 
     | u_core_gen_pd_row[3].gen_pd_col[1].u_pd/hit_latche | C ^        |             |       |   0.074 |    0.083 | 
     | d_reg                                              |            |             |       |         |          | 
     | u_core_gen_pd_row[3].gen_pd_col[1].u_pd/hit_latche | C ^ -> Q ^ | DFRRQJIHDX2 | 0.502 |   0.576 |    0.584 | 
     | d_reg                                              |            |             |       |         |          | 
     | u_core_gen_pd_row[3].gen_pd_col[1].u_pd/g27        | A ^ -> Q v | INJIHDX3    | 0.148 |   0.723 |    0.732 | 
     | u_core_gen_pd_row[3].gen_pd_col[1].u_pd/g25        | A v -> Q ^ | INJIHDX4    | 0.191 |   0.915 |    0.923 | 
     | u_core_gen_pd_row[3].gen_pd_col[1].u_pd/g437__5107 | B ^ -> Q v | ON22JIHDX0  | 0.174 |   1.089 |    1.097 | 
     | u_core_gen_pd_row[3].gen_pd_col[1].u_pd/nfast_hit_ | D v        | DFRJIHDX2   | 0.000 |   1.089 |    1.098 | 
     | latched_reg[2]                                     |            |             |       |         |          | 
     +------------------------------------------------------------------------------------------------------------+ 
Path 48: MET Setup Check with Pin u_core_gen_pd_row[7].gen_pd_col[2].u_pd/nfast_
hit_latched_reg[3]/C 
Endpoint:   u_core_gen_pd_row[7].gen_pd_col[2].u_pd/nfast_hit_latched_reg[3]/D 
(v) checked with  leading edge of 'clk_osc_fast_buf_tap2'
Beginpoint: u_core_gen_pd_row[7].gen_pd_col[2].u_pd/hit_latched_reg/Q          
(v) triggered by  leading edge of 'clk_osc_fast_buf_tap2'
Path Groups: {clk_osc_fast_buf_tap2}
Analysis View: TC_NOMINAL
Other End Arrival Time          0.148
- Setup                         0.297
+ Phase Shift                   1.333
- Uncertainty                   0.010
= Required Time                 1.174
- Arrival Time                  1.165
= Slack Time                    0.009
     Clock Rise Edge                 0.148
     + Clock Network Latency (Ideal) 0.000
     = Beginpoint Arrival Time       0.148
     +------------------------------------------------------------------------------------------------------------+ 
     |                      Instance                      |    Arc     |    Cell     | Delay | Arrival | Required | 
     |                                                    |            |             |       |  Time   |   Time   | 
     |----------------------------------------------------+------------+-------------+-------+---------+----------| 
     | u_core_gen_pd_row[7].gen_pd_col[2].u_pd/hit_latche | C ^        |             |       |   0.148 |    0.157 | 
     | d_reg                                              |            |             |       |         |          | 
     | u_core_gen_pd_row[7].gen_pd_col[2].u_pd/hit_latche | C ^ -> Q v | DFRRQJIHDX1 | 0.691 |   0.839 |    0.848 | 
     | d_reg                                              |            |             |       |         |          | 
     | u_core_gen_pd_row[7].gen_pd_col[2].u_pd/FE_OFC742_ | A v -> Q ^ | INJIHDX4    | 0.194 |   1.033 |    1.042 | 
     | FE_OCPN4934_u_core_pd_hit_level_58                 |            |             |       |         |          | 
     | u_core_gen_pd_row[7].gen_pd_col[2].u_pd/g436__8428 | D ^ -> Q v | ON22JIHDX1  | 0.132 |   1.165 |    1.174 | 
     | u_core_gen_pd_row[7].gen_pd_col[2].u_pd/nfast_hit_ | D v        | DFRJIHDX2   | 0.000 |   1.165 |    1.174 | 
     | latched_reg[3]                                     |            |             |       |         |          | 
     +------------------------------------------------------------------------------------------------------------+ 
Path 49: MET Setup Check with Pin u_core_gen_pd_row[4].gen_pd_col[6].u_pd/nfast_
hit_latched_reg[0]/C 
Endpoint:   u_core_gen_pd_row[4].gen_pd_col[6].u_pd/nfast_hit_latched_reg[0]/D 
(v) checked with  leading edge of 'clk_osc_fast_buf_tap6'
Beginpoint: u_core_gen_pd_row[4].gen_pd_col[6].u_pd/hit_latched_reg/Q          
(^) triggered by  leading edge of 'clk_osc_fast_buf_tap6'
Path Groups: {clk_osc_fast_buf_tap6}
Analysis View: TC_NOMINAL
Other End Arrival Time          0.444
- Setup                         0.349
+ Phase Shift                   1.333
- Uncertainty                   0.010
= Required Time                 1.418
- Arrival Time                  1.409
= Slack Time                    0.009
     Clock Rise Edge                 0.444
     + Clock Network Latency (Ideal) 0.000
     = Beginpoint Arrival Time       0.444
     +------------------------------------------------------------------------------------------------------------+ 
     |                      Instance                      |    Arc     |    Cell     | Delay | Arrival | Required | 
     |                                                    |            |             |       |  Time   |   Time   | 
     |----------------------------------------------------+------------+-------------+-------+---------+----------| 
     | u_core_gen_pd_row[4].gen_pd_col[6].u_pd/hit_latche | C ^        |             |       |   0.444 |    0.453 | 
     | d_reg                                              |            |             |       |         |          | 
     | u_core_gen_pd_row[4].gen_pd_col[6].u_pd/hit_latche | C ^ -> Q ^ | DFRRQJIHDX1 | 0.463 |   0.907 |    0.916 | 
     | d_reg                                              |            |             |       |         |          | 
     | u_core_gen_pd_row[4].gen_pd_col[6].u_pd/g27        | A ^ -> Q v | INJIHDX2    | 0.191 |   1.098 |    1.107 | 
     | u_core_gen_pd_row[4].gen_pd_col[6].u_pd/FE_OFC691_ | A v -> Q ^ | INJIHDX3    | 0.193 |   1.291 |    1.300 | 
     | n_37                                               |            |             |       |         |          | 
     | u_core_gen_pd_row[4].gen_pd_col[6].u_pd/g24        | A ^ -> Q v | ON22JIHDX1  | 0.118 |   1.409 |    1.418 | 
     | u_core_gen_pd_row[4].gen_pd_col[6].u_pd/nfast_hit_ | D v        | DFRSJIHDX1  | 0.000 |   1.409 |    1.418 | 
     | latched_reg[0]                                     |            |             |       |         |          | 
     +------------------------------------------------------------------------------------------------------------+ 
Path 50: MET Setup Check with Pin u_core_gen_pd_row[0].gen_pd_col[2].u_pd/nfast_
hit_latched_reg[2]/C 
Endpoint:   u_core_gen_pd_row[0].gen_pd_col[2].u_pd/nfast_hit_latched_reg[2]/D 
(v) checked with  leading edge of 'clk_osc_fast_buf_tap2'
Beginpoint: u_core_gen_pd_row[0].gen_pd_col[2].u_pd/hit_latched_reg/Q          
(v) triggered by  leading edge of 'clk_osc_fast_buf_tap2'
Path Groups: {clk_osc_fast_buf_tap2}
Analysis View: TC_NOMINAL
Other End Arrival Time          0.148
- Setup                         0.299
+ Phase Shift                   1.333
- Uncertainty                   0.010
= Required Time                 1.172
- Arrival Time                  1.163
= Slack Time                    0.009
     Clock Rise Edge                 0.148
     + Clock Network Latency (Ideal) 0.000
     = Beginpoint Arrival Time       0.148
     +------------------------------------------------------------------------------------------------------------+ 
     |                      Instance                      |    Arc     |    Cell     | Delay | Arrival | Required | 
     |                                                    |            |             |       |  Time   |   Time   | 
     |----------------------------------------------------+------------+-------------+-------+---------+----------| 
     | u_core_gen_pd_row[0].gen_pd_col[2].u_pd/hit_latche | C ^        |             |       |   0.148 |    0.157 | 
     | d_reg                                              |            |             |       |         |          | 
     | u_core_gen_pd_row[0].gen_pd_col[2].u_pd/hit_latche | C ^ -> Q v | DFRRQJIHDX2 | 0.666 |   0.814 |    0.823 | 
     | d_reg                                              |            |             |       |         |          | 
     | u_core_gen_pd_row[0].gen_pd_col[2].u_pd/FE_OFC745_ | A v -> Q ^ | INJIHDX3    | 0.207 |   1.021 |    1.031 | 
     | u_core_pd_hit_level_2                              |            |             |       |         |          | 
     | u_core_gen_pd_row[0].gen_pd_col[2].u_pd/g437__5526 | D ^ -> Q v | ON22JIHDX1  | 0.141 |   1.163 |    1.172 | 
     | u_core_gen_pd_row[0].gen_pd_col[2].u_pd/nfast_hit_ | D v        | DFRJIHDX1   | 0.000 |   1.163 |    1.172 | 
     | latched_reg[2]                                     |            |             |       |         |          | 
     +------------------------------------------------------------------------------------------------------------+ 
Path 51: MET Setup Check with Pin u_core_gen_pd_row[6].gen_pd_col[6].u_pd/nfast_
hit_latched_reg[0]/C 
Endpoint:   u_core_gen_pd_row[6].gen_pd_col[6].u_pd/nfast_hit_latched_reg[0]/D 
(v) checked with  leading edge of 'clk_osc_fast_buf_tap6'
Beginpoint: u_core_gen_pd_row[6].gen_pd_col[6].u_pd/hit_latched_reg/Q          
(^) triggered by  leading edge of 'clk_osc_fast_buf_tap6'
Path Groups: {clk_osc_fast_buf_tap6}
Analysis View: TC_NOMINAL
Other End Arrival Time          0.444
- Setup                         0.350
+ Phase Shift                   1.333
- Uncertainty                   0.010
= Required Time                 1.417
- Arrival Time                  1.407
= Slack Time                    0.010
     Clock Rise Edge                 0.444
     + Clock Network Latency (Ideal) 0.000
     = Beginpoint Arrival Time       0.444
     +------------------------------------------------------------------------------------------------------------+ 
     |                      Instance                      |    Arc     |    Cell     | Delay | Arrival | Required | 
     |                                                    |            |             |       |  Time   |   Time   | 
     |----------------------------------------------------+------------+-------------+-------+---------+----------| 
     | u_core_gen_pd_row[6].gen_pd_col[6].u_pd/hit_latche | C ^        |             |       |   0.444 |    0.454 | 
     | d_reg                                              |            |             |       |         |          | 
     | u_core_gen_pd_row[6].gen_pd_col[6].u_pd/hit_latche | C ^ -> Q ^ | DFRRQJIHDX1 | 0.494 |   0.938 |    0.948 | 
     | d_reg                                              |            |             |       |         |          | 
     | u_core_gen_pd_row[6].gen_pd_col[6].u_pd/g27        | A ^ -> Q v | INJIHDX3    | 0.160 |   1.098 |    1.107 | 
     | u_core_gen_pd_row[6].gen_pd_col[6].u_pd/g25        | A v -> Q ^ | INJIHDX3    | 0.187 |   1.285 |    1.294 | 
     | u_core_gen_pd_row[6].gen_pd_col[6].u_pd/g24        | A ^ -> Q v | ON22JIHDX1  | 0.122 |   1.407 |    1.417 | 
     | u_core_gen_pd_row[6].gen_pd_col[6].u_pd/nfast_hit_ | D v        | DFRSJIHDX1  | 0.000 |   1.407 |    1.417 | 
     | latched_reg[0]                                     |            |             |       |         |          | 
     +------------------------------------------------------------------------------------------------------------+ 
Path 52: MET Setup Check with Pin u_core_gen_pd_row[2].gen_pd_col[4].u_pd/nfast_
hit_latched_reg[0]/C 
Endpoint:   u_core_gen_pd_row[2].gen_pd_col[4].u_pd/nfast_hit_latched_reg[0]/D 
(v) checked with  leading edge of 'clk_osc_fast_buf_tap4'
Beginpoint: u_core_gen_pd_row[2].gen_pd_col[4].u_pd/hit_latched_reg/Q          
(^) triggered by  leading edge of 'clk_osc_fast_buf_tap4'
Path Groups: {clk_osc_fast_buf_tap4}
Analysis View: TC_NOMINAL
Other End Arrival Time          0.296
- Setup                         0.324
+ Phase Shift                   1.333
- Uncertainty                   0.010
= Required Time                 1.295
- Arrival Time                  1.286
= Slack Time                    0.010
     Clock Rise Edge                 0.296
     + Clock Network Latency (Ideal) 0.000
     = Beginpoint Arrival Time       0.296
     +------------------------------------------------------------------------------------------------------------+ 
     |                      Instance                      |    Arc     |    Cell     | Delay | Arrival | Required | 
     |                                                    |            |             |       |  Time   |   Time   | 
     |----------------------------------------------------+------------+-------------+-------+---------+----------| 
     | u_core_gen_pd_row[2].gen_pd_col[4].u_pd/hit_latche | C ^        |             |       |   0.296 |    0.306 | 
     | d_reg                                              |            |             |       |         |          | 
     | u_core_gen_pd_row[2].gen_pd_col[4].u_pd/hit_latche | C ^ -> Q ^ | DFRRQJIHDX2 | 0.589 |   0.885 |    0.894 | 
     | d_reg                                              |            |             |       |         |          | 
     | u_core_gen_pd_row[2].gen_pd_col[4].u_pd/FE_OFC808_ | A ^ -> Q v | INJIHDX3    | 0.179 |   1.064 |    1.073 | 
     | hit_latched_41                                     |            |             |       |         |          | 
     | u_core_gen_pd_row[2].gen_pd_col[4].u_pd/g26        | A v -> Q ^ | NA2JIHDX1   | 0.140 |   1.204 |    1.213 | 
     | u_core_gen_pd_row[2].gen_pd_col[4].u_pd/g25        | C ^ -> Q v | NA22JIHDX1  | 0.082 |   1.285 |    1.295 | 
     | u_core_gen_pd_row[2].gen_pd_col[4].u_pd/nfast_hit_ | D v        | DFRSQJIHDX2 | 0.000 |   1.286 |    1.295 | 
     | latched_reg[0]                                     |            |             |       |         |          | 
     +------------------------------------------------------------------------------------------------------------+ 
Path 53: MET Setup Check with Pin u_core_gen_pd_row[5].gen_pd_col[1].u_pd/nfast_
hit_latched_reg[1]/C 
Endpoint:   u_core_gen_pd_row[5].gen_pd_col[1].u_pd/nfast_hit_latched_reg[1]/D 
(v) checked with  leading edge of 'clk_osc_fast_buf_tap1'
Beginpoint: u_core_gen_pd_row[5].gen_pd_col[1].u_pd/hit_latched_reg/Q          
(^) triggered by  leading edge of 'clk_osc_fast_buf_tap1'
Path Groups: {clk_osc_fast_buf_tap1}
Analysis View: TC_NOMINAL
Other End Arrival Time          0.074
- Setup                         0.308
+ Phase Shift                   1.333
- Uncertainty                   0.010
= Required Time                 1.089
- Arrival Time                  1.079
= Slack Time                    0.010
     Clock Rise Edge                 0.074
     + Clock Network Latency (Ideal) 0.000
     = Beginpoint Arrival Time       0.074
     +------------------------------------------------------------------------------------------------------------+ 
     |                      Instance                      |    Arc     |    Cell     | Delay | Arrival | Required | 
     |                                                    |            |             |       |  Time   |   Time   | 
     |----------------------------------------------------+------------+-------------+-------+---------+----------| 
     | u_core_gen_pd_row[5].gen_pd_col[1].u_pd/hit_latche | C ^        |             |       |   0.074 |    0.084 | 
     | d_reg                                              |            |             |       |         |          | 
     | u_core_gen_pd_row[5].gen_pd_col[1].u_pd/hit_latche | C ^ -> Q ^ | DFRRQJIHDX1 | 0.412 |   0.486 |    0.496 | 
     | d_reg                                              |            |             |       |         |          | 
     | u_core_gen_pd_row[5].gen_pd_col[1].u_pd/g457       | A ^ -> Q v | INJIHDX2    | 0.188 |   0.674 |    0.684 | 
     | u_core_gen_pd_row[5].gen_pd_col[1].u_pd/FE_OFC704_ | A v -> Q ^ | INJIHDX4    | 0.228 |   0.902 |    0.912 | 
     | n_11                                               |            |             |       |         |          | 
     | u_core_gen_pd_row[5].gen_pd_col[1].u_pd/g438__6417 | B ^ -> Q v | ON22JIHDX0  | 0.177 |   1.079 |    1.089 | 
     | u_core_gen_pd_row[5].gen_pd_col[1].u_pd/nfast_hit_ | D v        | DFRJIHDX1   | 0.000 |   1.079 |    1.089 | 
     | latched_reg[1]                                     |            |             |       |         |          | 
     +------------------------------------------------------------------------------------------------------------+ 
Path 54: MET Setup Check with Pin u_core_gen_pd_row[3].gen_pd_col[6].u_pd/nfast_
hit_latched_reg[0]/C 
Endpoint:   u_core_gen_pd_row[3].gen_pd_col[6].u_pd/nfast_hit_latched_reg[0]/D 
(v) checked with  leading edge of 'clk_osc_fast_buf_tap6'
Beginpoint: u_core_gen_pd_row[3].gen_pd_col[6].u_pd/hit_latched_reg/Q          
(v) triggered by  leading edge of 'clk_osc_fast_buf_tap6'
Path Groups: {clk_osc_fast_buf_tap6}
Analysis View: TC_NOMINAL
Other End Arrival Time          0.444
- Setup                         0.334
+ Phase Shift                   1.333
- Uncertainty                   0.010
= Required Time                 1.433
- Arrival Time                  1.423
= Slack Time                    0.010
     Clock Rise Edge                 0.444
     + Clock Network Latency (Ideal) 0.000
     = Beginpoint Arrival Time       0.444
     +------------------------------------------------------------------------------------------------------------+ 
     |                      Instance                      |    Arc     |    Cell     | Delay | Arrival | Required | 
     |                                                    |            |             |       |  Time   |   Time   | 
     |----------------------------------------------------+------------+-------------+-------+---------+----------| 
     | u_core_gen_pd_row[3].gen_pd_col[6].u_pd/hit_latche | C ^        |             |       |   0.444 |    0.454 | 
     | d_reg                                              |            |             |       |         |          | 
     | u_core_gen_pd_row[3].gen_pd_col[6].u_pd/hit_latche | C ^ -> Q v | DFRRQJIHDX1 | 0.499 |   0.943 |    0.953 | 
     | d_reg                                              |            |             |       |         |          | 
     | u_core_gen_pd_row[3].gen_pd_col[6].u_pd/FE_OFC842_ | A v -> Q ^ | INJIHDX2    | 0.130 |   1.073 |    1.083 | 
     | hit_latched_41                                     |            |             |       |         |          | 
     | u_core_gen_pd_row[3].gen_pd_col[6].u_pd/FE_OFC844_ | A ^ -> Q v | INJIHDX3    | 0.153 |   1.226 |    1.235 | 
     | hit_latched_41                                     |            |             |       |         |          | 
     | u_core_gen_pd_row[3].gen_pd_col[6].u_pd/FE_RC_2_0  | A v -> Q ^ | NA2JIHDX1   | 0.130 |   1.356 |    1.366 | 
     | u_core_gen_pd_row[3].gen_pd_col[6].u_pd/FE_RC_1_0  | B ^ -> Q v | NA2JIHDX1   | 0.067 |   1.423 |    1.433 | 
     | u_core_gen_pd_row[3].gen_pd_col[6].u_pd/nfast_hit_ | D v        | DFRSQJIHDX1 | 0.000 |   1.423 |    1.433 | 
     | latched_reg[0]                                     |            |             |       |         |          | 
     +------------------------------------------------------------------------------------------------------------+ 
Path 55: MET Setup Check with Pin u_core_gen_pd_row[5].gen_pd_col[1].u_pd/nfast_
hit_latched_reg[3]/C 
Endpoint:   u_core_gen_pd_row[5].gen_pd_col[1].u_pd/nfast_hit_latched_reg[3]/D 
(v) checked with  leading edge of 'clk_osc_fast_buf_tap1'
Beginpoint: u_core_gen_pd_row[5].gen_pd_col[1].u_pd/hit_latched_reg/Q          
(^) triggered by  leading edge of 'clk_osc_fast_buf_tap1'
Path Groups: {clk_osc_fast_buf_tap1}
Analysis View: TC_NOMINAL
Other End Arrival Time          0.074
- Setup                         0.309
+ Phase Shift                   1.333
- Uncertainty                   0.010
= Required Time                 1.088
- Arrival Time                  1.079
= Slack Time                    0.010
     Clock Rise Edge                 0.074
     + Clock Network Latency (Ideal) 0.000
     = Beginpoint Arrival Time       0.074
     +------------------------------------------------------------------------------------------------------------+ 
     |                      Instance                      |    Arc     |    Cell     | Delay | Arrival | Required | 
     |                                                    |            |             |       |  Time   |   Time   | 
     |----------------------------------------------------+------------+-------------+-------+---------+----------| 
     | u_core_gen_pd_row[5].gen_pd_col[1].u_pd/hit_latche | C ^        |             |       |   0.074 |    0.084 | 
     | d_reg                                              |            |             |       |         |          | 
     | u_core_gen_pd_row[5].gen_pd_col[1].u_pd/hit_latche | C ^ -> Q ^ | DFRRQJIHDX1 | 0.412 |   0.486 |    0.496 | 
     | d_reg                                              |            |             |       |         |          | 
     | u_core_gen_pd_row[5].gen_pd_col[1].u_pd/g457       | A ^ -> Q v | INJIHDX2    | 0.188 |   0.674 |    0.684 | 
     | u_core_gen_pd_row[5].gen_pd_col[1].u_pd/FE_OFC704_ | A v -> Q ^ | INJIHDX4    | 0.228 |   0.902 |    0.912 | 
     | n_11                                               |            |             |       |         |          | 
     | u_core_gen_pd_row[5].gen_pd_col[1].u_pd/g436__1666 | B ^ -> Q v | ON22JIHDX0  | 0.177 |   1.078 |    1.088 | 
     | u_core_gen_pd_row[5].gen_pd_col[1].u_pd/nfast_hit_ | D v        | DFRJIHDX1   | 0.000 |   1.079 |    1.088 | 
     | latched_reg[3]                                     |            |             |       |         |          | 
     +------------------------------------------------------------------------------------------------------------+ 
Path 56: MET Setup Check with Pin u_core_gen_pd_row[6].gen_pd_col[0].u_pd/nfast_
hit_latched_reg[0]/C 
Endpoint:   u_core_gen_pd_row[6].gen_pd_col[0].u_pd/nfast_hit_latched_reg[0]/D 
(v) checked with  leading edge of 'clk_osc_fast_buf_tap0'
Beginpoint: u_core_gen_fast_tag_col[0].u_fast_tag_tag_o_reg[0]/Q               
(v) triggered by  leading edge of 'clk_osc_fast_buf_tap0'
Path Groups: {clk_osc_fast_buf_tap0}
Analysis View: TC_NOMINAL
Other End Arrival Time          0.000
- Setup                         0.334
+ Path Delay                    1.333
- Uncertainty                   0.010
= Required Time                 0.989
- Arrival Time                  0.979
= Slack Time                    0.010
     Clock Rise Edge                 0.000
     + Clock Network Latency (Ideal) 0.000
     = Beginpoint Arrival Time       0.000
     +------------------------------------------------------------------------------------------------------------+ 
     |                      Instance                      |    Arc     |    Cell     | Delay | Arrival | Required | 
     |                                                    |            |             |       |  Time   |   Time   | 
     |----------------------------------------------------+------------+-------------+-------+---------+----------| 
     | u_core_gen_fast_tag_col[0].u_fast_tag_tag_o_reg[0] | C ^        |             |       |   0.000 |    0.010 | 
     | u_core_gen_fast_tag_col[0].u_fast_tag_tag_o_reg[0] | C ^ -> Q v | DFRSQJIHDX1 | 0.458 |   0.458 |    0.468 | 
     | FE_OCPC413_u_core_fast_tag_col_0__0                | A v -> Q v | BUJIHDX1    | 0.277 |   0.735 |    0.745 | 
     | u_core_gen_pd_row[6].gen_pd_col[0].u_pd/g26        | B v -> Q ^ | NA2JIHDX1   | 0.164 |   0.899 |    0.909 | 
     | u_core_gen_pd_row[6].gen_pd_col[0].u_pd/g25        | C ^ -> Q v | NA22JIHDX1  | 0.080 |   0.979 |    0.989 | 
     | u_core_gen_pd_row[6].gen_pd_col[0].u_pd/nfast_hit_ | D v        | DFRSQJIHDX1 | 0.000 |   0.979 |    0.989 | 
     | latched_reg[0]                                     |            |             |       |         |          | 
     +------------------------------------------------------------------------------------------------------------+ 
Path 57: MET Setup Check with Pin u_core_gen_pd_row[5].gen_pd_col[2].u_pd/nfast_
hit_latched_reg[0]/C 
Endpoint:   u_core_gen_pd_row[5].gen_pd_col[2].u_pd/nfast_hit_latched_reg[0]/D 
(v) checked with  leading edge of 'clk_osc_fast_buf_tap2'
Beginpoint: u_core_gen_pd_row[5].gen_pd_col[2].u_pd/hit_latched_reg/Q          
(v) triggered by  leading edge of 'clk_osc_fast_buf_tap2'
Path Groups: {clk_osc_fast_buf_tap2}
Analysis View: TC_NOMINAL
Other End Arrival Time          0.148
- Setup                         0.347
+ Phase Shift                   1.333
- Uncertainty                   0.010
= Required Time                 1.124
- Arrival Time                  1.114
= Slack Time                    0.010
     Clock Rise Edge                 0.148
     + Clock Network Latency (Ideal) 0.000
     = Beginpoint Arrival Time       0.148
     +------------------------------------------------------------------------------------------------------------+ 
     |                      Instance                      |    Arc     |    Cell     | Delay | Arrival | Required | 
     |                                                    |            |             |       |  Time   |   Time   | 
     |----------------------------------------------------+------------+-------------+-------+---------+----------| 
     | u_core_gen_pd_row[5].gen_pd_col[2].u_pd/hit_latche | C ^        |             |       |   0.148 |    0.158 | 
     | d_reg                                              |            |             |       |         |          | 
     | u_core_gen_pd_row[5].gen_pd_col[2].u_pd/hit_latche | C ^ -> Q v | DFRRQJIHDX2 | 0.703 |   0.851 |    0.861 | 
     | d_reg                                              |            |             |       |         |          | 
     | u_core_gen_pd_row[5].gen_pd_col[2].u_pd/g29        | S v -> Q v | MU2IJIHDX1  | 0.263 |   1.114 |    1.124 | 
     | u_core_gen_pd_row[5].gen_pd_col[2].u_pd/nfast_hit_ | D v        | DFRSQJIHDX1 | 0.000 |   1.114 |    1.124 | 
     | latched_reg[0]                                     |            |             |       |         |          | 
     +------------------------------------------------------------------------------------------------------------+ 
Path 58: MET Setup Check with Pin u_core_gen_pd_row[5].gen_pd_col[6].u_pd/nfast_
hit_latched_reg[3]/C 
Endpoint:   u_core_gen_pd_row[5].gen_pd_col[6].u_pd/nfast_hit_latched_reg[3]/D 
(v) checked with  leading edge of 'clk_osc_fast_buf_tap6'
Beginpoint: u_core_gen_pd_row[5].gen_pd_col[6].u_pd/hit_latched_reg/Q          
(^) triggered by  leading edge of 'clk_osc_fast_buf_tap6'
Path Groups: {clk_osc_fast_buf_tap6}
Analysis View: TC_NOMINAL
Other End Arrival Time          0.444
- Setup                         0.307
+ Phase Shift                   1.333
- Uncertainty                   0.010
= Required Time                 1.460
- Arrival Time                  1.450
= Slack Time                    0.010
     Clock Rise Edge                 0.444
     + Clock Network Latency (Ideal) 0.000
     = Beginpoint Arrival Time       0.444
     +------------------------------------------------------------------------------------------------------------+ 
     |                      Instance                      |    Arc     |    Cell     | Delay | Arrival | Required | 
     |                                                    |            |             |       |  Time   |   Time   | 
     |----------------------------------------------------+------------+-------------+-------+---------+----------| 
     | u_core_gen_pd_row[5].gen_pd_col[6].u_pd/hit_latche | C ^        |             |       |   0.444 |    0.454 | 
     | d_reg                                              |            |             |       |         |          | 
     | u_core_gen_pd_row[5].gen_pd_col[6].u_pd/hit_latche | C ^ -> Q ^ | DFRRQJIHDX2 | 0.482 |   0.926 |    0.936 | 
     | d_reg                                              |            |             |       |         |          | 
     | u_core_gen_pd_row[5].gen_pd_col[6].u_pd/g27        | A ^ -> Q v | INJIHDX2    | 0.179 |   1.105 |    1.115 | 
     | u_core_gen_pd_row[5].gen_pd_col[6].u_pd/FE_OFC692_ | A v -> Q ^ | INJIHDX4    | 0.191 |   1.296 |    1.306 | 
     | n_37                                               |            |             |       |         |          | 
     | u_core_gen_pd_row[5].gen_pd_col[6].u_pd/g436__2398 | B ^ -> Q v | ON22JIHDX0  | 0.155 |   1.450 |    1.460 | 
     | u_core_gen_pd_row[5].gen_pd_col[6].u_pd/nfast_hit_ | D v        | DFRJIHDX1   | 0.000 |   1.450 |    1.460 | 
     | latched_reg[3]                                     |            |             |       |         |          | 
     +------------------------------------------------------------------------------------------------------------+ 
Path 59: MET Setup Check with Pin u_core_gen_pd_row[2].gen_pd_col[2].u_pd/nfast_
hit_latched_reg[1]/C 
Endpoint:   u_core_gen_pd_row[2].gen_pd_col[2].u_pd/nfast_hit_latched_reg[1]/D 
(v) checked with  leading edge of 'clk_osc_fast_buf_tap2'
Beginpoint: u_core_gen_pd_row[2].gen_pd_col[2].u_pd/hit_latched_reg/Q          
(v) triggered by  leading edge of 'clk_osc_fast_buf_tap2'
Path Groups: {clk_osc_fast_buf_tap2}
Analysis View: TC_NOMINAL
Other End Arrival Time          0.148
- Setup                         0.304
+ Phase Shift                   1.333
- Uncertainty                   0.010
= Required Time                 1.167
- Arrival Time                  1.157
= Slack Time                    0.010
     Clock Rise Edge                 0.148
     + Clock Network Latency (Ideal) 0.000
     = Beginpoint Arrival Time       0.148
     +------------------------------------------------------------------------------------------------------------+ 
     |                      Instance                      |    Arc     |    Cell     | Delay | Arrival | Required | 
     |                                                    |            |             |       |  Time   |   Time   | 
     |----------------------------------------------------+------------+-------------+-------+---------+----------| 
     | u_core_gen_pd_row[2].gen_pd_col[2].u_pd/hit_latche | C ^        |             |       |   0.148 |    0.158 | 
     | d_reg                                              |            |             |       |         |          | 
     | u_core_gen_pd_row[2].gen_pd_col[2].u_pd/hit_latche | C ^ -> Q v | DFRRQJIHDX1 | 0.637 |   0.785 |    0.796 | 
     | d_reg                                              |            |             |       |         |          | 
     | u_core_gen_pd_row[2].gen_pd_col[2].u_pd/FE_OFC732_ | A v -> Q ^ | INJIHDX3    | 0.226 |   1.012 |    1.022 | 
     | FE_OCPN4963_u_core_pd_hit_level_18                 |            |             |       |         |          | 
     | u_core_gen_pd_row[2].gen_pd_col[2].u_pd/g438__6260 | D ^ -> Q v | ON22JIHDX1  | 0.145 |   1.157 |    1.167 | 
     | u_core_gen_pd_row[2].gen_pd_col[2].u_pd/nfast_hit_ | D v        | DFRJIHDX1   | 0.000 |   1.157 |    1.167 | 
     | latched_reg[1]                                     |            |             |       |         |          | 
     +------------------------------------------------------------------------------------------------------------+ 
Path 60: MET Setup Check with Pin u_core_gen_pd_row[5].gen_pd_col[1].u_pd/nfast_
hit_latched_reg[5]/C 
Endpoint:   u_core_gen_pd_row[5].gen_pd_col[1].u_pd/nfast_hit_latched_reg[5]/D 
(v) checked with  leading edge of 'clk_osc_fast_buf_tap1'
Beginpoint: u_core_gen_pd_row[5].gen_pd_col[1].u_pd/hit_latched_reg/Q          
(^) triggered by  leading edge of 'clk_osc_fast_buf_tap1'
Path Groups: {clk_osc_fast_buf_tap1}
Analysis View: TC_NOMINAL
Other End Arrival Time          0.074
- Setup                         0.307
+ Phase Shift                   1.333
- Uncertainty                   0.010
= Required Time                 1.090
- Arrival Time                  1.080
= Slack Time                    0.010
     Clock Rise Edge                 0.074
     + Clock Network Latency (Ideal) 0.000
     = Beginpoint Arrival Time       0.074
     +------------------------------------------------------------------------------------------------------------+ 
     |                      Instance                      |    Arc     |    Cell     | Delay | Arrival | Required | 
     |                                                    |            |             |       |  Time   |   Time   | 
     |----------------------------------------------------+------------+-------------+-------+---------+----------| 
     | u_core_gen_pd_row[5].gen_pd_col[1].u_pd/hit_latche | C ^        |             |       |   0.074 |    0.084 | 
     | d_reg                                              |            |             |       |         |          | 
     | u_core_gen_pd_row[5].gen_pd_col[1].u_pd/hit_latche | C ^ -> Q ^ | DFRRQJIHDX1 | 0.412 |   0.486 |    0.496 | 
     | d_reg                                              |            |             |       |         |          | 
     | u_core_gen_pd_row[5].gen_pd_col[1].u_pd/g457       | A ^ -> Q v | INJIHDX2    | 0.188 |   0.674 |    0.684 | 
     | u_core_gen_pd_row[5].gen_pd_col[1].u_pd/FE_OFC704_ | A v -> Q ^ | INJIHDX4    | 0.228 |   0.902 |    0.912 | 
     | n_11                                               |            |             |       |         |          | 
     | u_core_gen_pd_row[5].gen_pd_col[1].u_pd/g442__6260 | B ^ -> Q v | ON22JIHDX0  | 0.178 |   1.080 |    1.090 | 
     | u_core_gen_pd_row[5].gen_pd_col[1].u_pd/nfast_hit_ | D v        | DFRJIHDX1   | 0.000 |   1.080 |    1.090 | 
     | latched_reg[5]                                     |            |             |       |         |          | 
     +------------------------------------------------------------------------------------------------------------+ 
Path 61: MET Setup Check with Pin u_core_gen_pd_row[1].gen_pd_col[1].u_pd/nfast_
hit_latched_reg[4]/C 
Endpoint:   u_core_gen_pd_row[1].gen_pd_col[1].u_pd/nfast_hit_latched_reg[4]/D 
(v) checked with  leading edge of 'clk_osc_fast_buf_tap1'
Beginpoint: u_core_gen_pd_row[1].gen_pd_col[1].u_pd/hit_latched_reg/Q          
(^) triggered by  leading edge of 'clk_osc_fast_buf_tap1'
Path Groups: {clk_osc_fast_buf_tap1}
Analysis View: TC_NOMINAL
Other End Arrival Time          0.074
- Setup                         0.307
+ Phase Shift                   1.333
- Uncertainty                   0.010
= Required Time                 1.090
- Arrival Time                  1.079
= Slack Time                    0.010
     Clock Rise Edge                 0.074
     + Clock Network Latency (Ideal) 0.000
     = Beginpoint Arrival Time       0.074
     +------------------------------------------------------------------------------------------------------------+ 
     |                      Instance                      |    Arc     |    Cell     | Delay | Arrival | Required | 
     |                                                    |            |             |       |  Time   |   Time   | 
     |----------------------------------------------------+------------+-------------+-------+---------+----------| 
     | u_core_gen_pd_row[1].gen_pd_col[1].u_pd/hit_latche | C ^        |             |       |   0.074 |    0.084 | 
     | d_reg                                              |            |             |       |         |          | 
     | u_core_gen_pd_row[1].gen_pd_col[1].u_pd/hit_latche | C ^ -> Q ^ | DFRRQJIHDX2 | 0.536 |   0.610 |    0.620 | 
     | d_reg                                              |            |             |       |         |          | 
     | u_core_gen_pd_row[1].gen_pd_col[1].u_pd/FE_OFC213_ | A ^ -> Q v | INJIHDX2    | 0.179 |   0.789 |    0.799 | 
     | hit_latched_41                                     |            |             |       |         |          | 
     | u_core_gen_pd_row[1].gen_pd_col[1].u_pd/FE_OFC687_ | A v -> Q ^ | INJIHDX1    | 0.146 |   0.935 |    0.945 | 
     | FE_DBTN36_hit_latched_41                           |            |             |       |         |          | 
     | u_core_gen_pd_row[1].gen_pd_col[1].u_pd/g439__3680 | B ^ -> Q v | ON22JIHDX0  | 0.144 |   1.079 |    1.090 | 
     | u_core_gen_pd_row[1].gen_pd_col[1].u_pd/nfast_hit_ | D v        | DFRQJIHDX1  | 0.000 |   1.079 |    1.090 | 
     | latched_reg[4]                                     |            |             |       |         |          | 
     +------------------------------------------------------------------------------------------------------------+ 
Path 62: MET Setup Check with Pin u_core_gen_pd_row[3].gen_pd_col[1].u_pd/nfast_
hit_latched_reg[3]/C 
Endpoint:   u_core_gen_pd_row[3].gen_pd_col[1].u_pd/nfast_hit_latched_reg[3]/D 
(v) checked with  leading edge of 'clk_osc_fast_buf_tap1'
Beginpoint: u_core_gen_pd_row[3].gen_pd_col[1].u_pd/hit_latched_reg/Q          
(^) triggered by  leading edge of 'clk_osc_fast_buf_tap1'
Path Groups: {clk_osc_fast_buf_tap1}
Analysis View: TC_NOMINAL
Other End Arrival Time          0.074
- Setup                         0.306
+ Phase Shift                   1.333
- Uncertainty                   0.010
= Required Time                 1.091
- Arrival Time                  1.080
= Slack Time                    0.010
     Clock Rise Edge                 0.074
     + Clock Network Latency (Ideal) 0.000
     = Beginpoint Arrival Time       0.074
     +------------------------------------------------------------------------------------------------------------+ 
     |                      Instance                      |    Arc     |    Cell     | Delay | Arrival | Required | 
     |                                                    |            |             |       |  Time   |   Time   | 
     |----------------------------------------------------+------------+-------------+-------+---------+----------| 
     | u_core_gen_pd_row[3].gen_pd_col[1].u_pd/hit_latche | C ^        |             |       |   0.074 |    0.084 | 
     | d_reg                                              |            |             |       |         |          | 
     | u_core_gen_pd_row[3].gen_pd_col[1].u_pd/hit_latche | C ^ -> Q ^ | DFRRQJIHDX2 | 0.502 |   0.576 |    0.586 | 
     | d_reg                                              |            |             |       |         |          | 
     | u_core_gen_pd_row[3].gen_pd_col[1].u_pd/g27        | A ^ -> Q v | INJIHDX3    | 0.148 |   0.723 |    0.734 | 
     | u_core_gen_pd_row[3].gen_pd_col[1].u_pd/g25        | A v -> Q ^ | INJIHDX4    | 0.191 |   0.915 |    0.925 | 
     | u_core_gen_pd_row[3].gen_pd_col[1].u_pd/g436__2398 | B ^ -> Q v | ON22JIHDX0  | 0.165 |   1.080 |    1.091 | 
     | u_core_gen_pd_row[3].gen_pd_col[1].u_pd/nfast_hit_ | D v        | DFRJIHDX1   | 0.000 |   1.080 |    1.091 | 
     | latched_reg[3]                                     |            |             |       |         |          | 
     +------------------------------------------------------------------------------------------------------------+ 
Path 63: MET Setup Check with Pin u_core_gen_pd_row[0].gen_pd_col[2].u_pd/nfast_
hit_latched_reg[3]/C 
Endpoint:   u_core_gen_pd_row[0].gen_pd_col[2].u_pd/nfast_hit_latched_reg[3]/D 
(v) checked with  leading edge of 'clk_osc_fast_buf_tap2'
Beginpoint: u_core_gen_pd_row[0].gen_pd_col[2].u_pd/hit_latched_reg/Q          
(v) triggered by  leading edge of 'clk_osc_fast_buf_tap2'
Path Groups: {clk_osc_fast_buf_tap2}
Analysis View: TC_NOMINAL
Other End Arrival Time          0.148
- Setup                         0.299
+ Phase Shift                   1.333
- Uncertainty                   0.010
= Required Time                 1.172
- Arrival Time                  1.162
= Slack Time                    0.010
     Clock Rise Edge                 0.148
     + Clock Network Latency (Ideal) 0.000
     = Beginpoint Arrival Time       0.148
     +------------------------------------------------------------------------------------------------------------+ 
     |                      Instance                      |    Arc     |    Cell     | Delay | Arrival | Required | 
     |                                                    |            |             |       |  Time   |   Time   | 
     |----------------------------------------------------+------------+-------------+-------+---------+----------| 
     | u_core_gen_pd_row[0].gen_pd_col[2].u_pd/hit_latche | C ^        |             |       |   0.148 |    0.158 | 
     | d_reg                                              |            |             |       |         |          | 
     | u_core_gen_pd_row[0].gen_pd_col[2].u_pd/hit_latche | C ^ -> Q v | DFRRQJIHDX2 | 0.666 |   0.814 |    0.825 | 
     | d_reg                                              |            |             |       |         |          | 
     | u_core_gen_pd_row[0].gen_pd_col[2].u_pd/FE_OFC745_ | A v -> Q ^ | INJIHDX3    | 0.207 |   1.021 |    1.032 | 
     | u_core_pd_hit_level_2                              |            |             |       |         |          | 
     | u_core_gen_pd_row[0].gen_pd_col[2].u_pd/g436__8428 | D ^ -> Q v | ON22JIHDX1  | 0.140 |   1.162 |    1.172 | 
     | u_core_gen_pd_row[0].gen_pd_col[2].u_pd/nfast_hit_ | D v        | DFRJIHDX1   | 0.000 |   1.162 |    1.172 | 
     | latched_reg[3]                                     |            |             |       |         |          | 
     +------------------------------------------------------------------------------------------------------------+ 
Path 64: MET Setup Check with Pin u_core_gen_pd_row[6].gen_pd_col[6].u_pd/nfast_
hit_latched_reg[5]/C 
Endpoint:   u_core_gen_pd_row[6].gen_pd_col[6].u_pd/nfast_hit_latched_reg[5]/D 
(v) checked with  leading edge of 'clk_osc_fast_buf_tap6'
Beginpoint: u_core_gen_fast_tag_col[6].u_fast_tag_tag_o_reg[5]/Q               
(v) triggered by  leading edge of 'clk_osc_fast_buf_tap6'
Path Groups: {clk_osc_fast_buf_tap6}
Analysis View: TC_NOMINAL
Other End Arrival Time          0.444
- Setup                         0.304
+ Path Delay                    1.333
- Other Ideal Arrival           0.444
+ Path Ideal Arrival            0.444
- Uncertainty                   0.010
= Required Time                 1.463
- Arrival Time                  1.452
= Slack Time                    0.011
     Clock Rise Edge                 0.444
     + Clock Network Latency (Ideal) 0.000
     = Beginpoint Arrival Time       0.444
     +------------------------------------------------------------------------------------------------------------+ 
     |                      Instance                      |    Arc     |    Cell     | Delay | Arrival | Required | 
     |                                                    |            |             |       |  Time   |   Time   | 
     |----------------------------------------------------+------------+-------------+-------+---------+----------| 
     | u_core_gen_fast_tag_col[6].u_fast_tag_tag_o_reg[5] | C ^        |             |       |   0.444 |    0.455 | 
     | u_core_gen_fast_tag_col[6].u_fast_tag_tag_o_reg[5] | C ^ -> Q v | DFRRQJIHDX1 | 0.549 |   0.993 |    1.004 | 
     | FE_OFC756_u_core_n_1563                            | A v -> Q ^ | INJIHDX3    | 0.289 |   1.282 |    1.293 | 
     | u_core_gen_pd_row[6].gen_pd_col[6].u_pd/g442__4733 | A ^ -> Q v | ON22JIHDX0  | 0.170 |   1.452 |    1.463 | 
     | u_core_gen_pd_row[6].gen_pd_col[6].u_pd/nfast_hit_ | D v        | DFRJIHDX1   | 0.000 |   1.452 |    1.463 | 
     | latched_reg[5]                                     |            |             |       |         |          | 
     +------------------------------------------------------------------------------------------------------------+ 
Path 65: MET Setup Check with Pin u_core_gen_pd_row[4].gen_pd_col[2].u_pd/nfast_
hit_latched_reg[0]/C 
Endpoint:   u_core_gen_pd_row[4].gen_pd_col[2].u_pd/nfast_hit_latched_reg[0]/D 
(v) checked with  leading edge of 'clk_osc_fast_buf_tap2'
Beginpoint: u_core_gen_pd_row[4].gen_pd_col[2].u_pd/hit_latched_reg/Q          
(v) triggered by  leading edge of 'clk_osc_fast_buf_tap2'
Path Groups: {clk_osc_fast_buf_tap2}
Analysis View: TC_NOMINAL
Other End Arrival Time          0.148
- Setup                         0.345
+ Phase Shift                   1.333
- Uncertainty                   0.010
= Required Time                 1.126
- Arrival Time                  1.115
= Slack Time                    0.011
     Clock Rise Edge                 0.148
     + Clock Network Latency (Ideal) 0.000
     = Beginpoint Arrival Time       0.148
     +------------------------------------------------------------------------------------------------------------+ 
     |                      Instance                      |    Arc     |    Cell     | Delay | Arrival | Required | 
     |                                                    |            |             |       |  Time   |   Time   | 
     |----------------------------------------------------+------------+-------------+-------+---------+----------| 
     | u_core_gen_pd_row[4].gen_pd_col[2].u_pd/hit_latche | C ^        |             |       |   0.148 |    0.159 | 
     | d_reg                                              |            |             |       |         |          | 
     | u_core_gen_pd_row[4].gen_pd_col[2].u_pd/hit_latche | C ^ -> Q v | DFRRQJIHDX1 | 0.453 |   0.601 |    0.611 | 
     | d_reg                                              |            |             |       |         |          | 
     | u_core_gen_pd_row[4].gen_pd_col[2].u_pd/FE_OCPC399 | A v -> Q v | BUJIHDX3    | 0.273 |   0.873 |    0.884 | 
     | _u_core_pd_hit_level_34                            |            |             |       |         |          | 
     | u_core_gen_pd_row[4].gen_pd_col[2].u_pd/g29        | S v -> Q v | MU2IJIHDX1  | 0.242 |   1.115 |    1.126 | 
     | u_core_gen_pd_row[4].gen_pd_col[2].u_pd/nfast_hit_ | D v        | DFRSQJIHDX1 | 0.000 |   1.115 |    1.126 | 
     | latched_reg[0]                                     |            |             |       |         |          | 
     +------------------------------------------------------------------------------------------------------------+ 
Path 66: MET Setup Check with Pin u_core_gen_pd_row[2].gen_pd_col[2].u_pd/nfast_
hit_latched_reg[4]/C 
Endpoint:   u_core_gen_pd_row[2].gen_pd_col[2].u_pd/nfast_hit_latched_reg[4]/D 
(v) checked with  leading edge of 'clk_osc_fast_buf_tap2'
Beginpoint: u_core_gen_pd_row[2].gen_pd_col[2].u_pd/hit_latched_reg/Q          
(v) triggered by  leading edge of 'clk_osc_fast_buf_tap2'
Path Groups: {clk_osc_fast_buf_tap2}
Analysis View: TC_NOMINAL
Other End Arrival Time          0.148
- Setup                         0.304
+ Phase Shift                   1.333
- Uncertainty                   0.010
= Required Time                 1.167
- Arrival Time                  1.156
= Slack Time                    0.011
     Clock Rise Edge                 0.148
     + Clock Network Latency (Ideal) 0.000
     = Beginpoint Arrival Time       0.148
     +------------------------------------------------------------------------------------------------------------+ 
     |                      Instance                      |    Arc     |    Cell     | Delay | Arrival | Required | 
     |                                                    |            |             |       |  Time   |   Time   | 
     |----------------------------------------------------+------------+-------------+-------+---------+----------| 
     | u_core_gen_pd_row[2].gen_pd_col[2].u_pd/hit_latche | C ^        |             |       |   0.148 |    0.159 | 
     | d_reg                                              |            |             |       |         |          | 
     | u_core_gen_pd_row[2].gen_pd_col[2].u_pd/hit_latche | C ^ -> Q v | DFRRQJIHDX1 | 0.637 |   0.785 |    0.796 | 
     | d_reg                                              |            |             |       |         |          | 
     | u_core_gen_pd_row[2].gen_pd_col[2].u_pd/FE_OFC732_ | A v -> Q ^ | INJIHDX3    | 0.226 |   1.012 |    1.023 | 
     | FE_OCPN4963_u_core_pd_hit_level_18                 |            |             |       |         |          | 
     | u_core_gen_pd_row[2].gen_pd_col[2].u_pd/g439__4319 | D ^ -> Q v | ON22JIHDX1  | 0.144 |   1.156 |    1.167 | 
     | u_core_gen_pd_row[2].gen_pd_col[2].u_pd/nfast_hit_ | D v        | DFRJIHDX1   | 0.000 |   1.156 |    1.167 | 
     | latched_reg[4]                                     |            |             |       |         |          | 
     +------------------------------------------------------------------------------------------------------------+ 
Path 67: MET Setup Check with Pin u_core_gen_pd_row[7].gen_pd_col[4].u_pd/nfast_
hit_latched_reg[0]/C 
Endpoint:   u_core_gen_pd_row[7].gen_pd_col[4].u_pd/nfast_hit_latched_reg[0]/D 
(v) checked with  leading edge of 'clk_osc_fast_buf_tap4'
Beginpoint: u_core_gen_fast_tag_col[4].u_fast_tag_tag_o_reg[0]/Q               
(v) triggered by  leading edge of 'clk_osc_fast_buf_tap4'
Path Groups: {clk_osc_fast_buf_tap4}
Analysis View: TC_NOMINAL
Other End Arrival Time          0.296
- Setup                         0.352
+ Path Delay                    1.333
- Other Ideal Arrival           0.296
+ Path Ideal Arrival            0.296
- Uncertainty                   0.010
= Required Time                 1.267
- Arrival Time                  1.256
= Slack Time                    0.011
     Clock Rise Edge                 0.296
     + Clock Network Latency (Ideal) 0.000
     = Beginpoint Arrival Time       0.296
     +------------------------------------------------------------------------------------------------------------+ 
     |                      Instance                      |    Arc     |    Cell     | Delay | Arrival | Required | 
     |                                                    |            |             |       |  Time   |   Time   | 
     |----------------------------------------------------+------------+-------------+-------+---------+----------| 
     | u_core_gen_fast_tag_col[4].u_fast_tag_tag_o_reg[0] | C ^        |             |       |   0.296 |    0.307 | 
     | u_core_gen_fast_tag_col[4].u_fast_tag_tag_o_reg[0] | C ^ -> Q v | DFRSQJIHDX1 | 0.394 |   0.690 |    0.701 | 
     | FE_OFC194_u_core_fast_tag_col_4__0                 | A v -> Q v | BUJIHDX3    | 0.301 |   0.991 |    1.002 | 
     | u_core_gen_pd_row[7].gen_pd_col[4].u_pd/FE_OFC676_ | A v -> Q ^ | INJIHDX1    | 0.132 |   1.123 |    1.134 | 
     | u_core_fast_tag_col_4__0                           |            |             |       |         |          | 
     | u_core_gen_pd_row[7].gen_pd_col[4].u_pd/FE_RC_22_0 | B ^ -> Q v | ON22JIHDX0  | 0.133 |   1.256 |    1.267 | 
     | u_core_gen_pd_row[7].gen_pd_col[4].u_pd/nfast_hit_ | D v        | DFRSJIHDX1  | 0.000 |   1.256 |    1.267 | 
     | latched_reg[0]                                     |            |             |       |         |          | 
     +------------------------------------------------------------------------------------------------------------+ 
Path 68: MET Setup Check with Pin u_core_gen_pd_row[2].gen_pd_col[2].u_pd/nfast_
hit_latched_reg[0]/C 
Endpoint:   u_core_gen_pd_row[2].gen_pd_col[2].u_pd/nfast_hit_latched_reg[0]/D 
(v) checked with  leading edge of 'clk_osc_fast_buf_tap2'
Beginpoint: u_core_gen_fast_tag_col[2].u_fast_tag_tag_o_reg[0]/Q               
(v) triggered by  leading edge of 'clk_osc_fast_buf_tap2'
Path Groups: {clk_osc_fast_buf_tap2}
Analysis View: TC_NOMINAL
Other End Arrival Time          0.148
- Setup                         0.349
+ Path Delay                    1.333
- Other Ideal Arrival           0.148
+ Path Ideal Arrival            0.148
- Uncertainty                   0.010
= Required Time                 1.122
- Arrival Time                  1.111
= Slack Time                    0.011
     Clock Rise Edge                 0.148
     + Clock Network Latency (Ideal) 0.000
     = Beginpoint Arrival Time       0.148
     +--------------------------------------------------------------------------------------------------------------+ 
     |                      Instance                      |     Arc      |    Cell     | Delay | Arrival | Required | 
     |                                                    |              |             |       |  Time   |   Time   | 
     |----------------------------------------------------+--------------+-------------+-------+---------+----------| 
     | u_core_gen_fast_tag_col[2].u_fast_tag_tag_o_reg[0] | C ^          |             |       |   0.148 |    0.159 | 
     | u_core_gen_fast_tag_col[2].u_fast_tag_tag_o_reg[0] | C ^ -> Q v   | DFRSQJIHDX2 | 0.538 |   0.686 |    0.697 | 
     | FE_OFC787_u_core_fast_tag_col_2__0                 | A v -> Q ^   | INJIHDX3    | 0.257 |   0.943 |    0.954 | 
     | u_core_gen_pd_row[2].gen_pd_col[2].u_pd/g29        | IN0 ^ -> Q v | MU2IJIHDX0  | 0.168 |   1.111 |    1.122 | 
     | u_core_gen_pd_row[2].gen_pd_col[2].u_pd/nfast_hit_ | D v          | DFRSQJIHDX2 | 0.000 |   1.111 |    1.122 | 
     | latched_reg[0]                                     |              |             |       |         |          | 
     +--------------------------------------------------------------------------------------------------------------+ 
Path 69: MET Setup Check with Pin u_core_gen_pd_row[6].gen_pd_col[5].u_pd/nfast_
hit_latched_reg[2]/C 
Endpoint:   u_core_gen_pd_row[6].gen_pd_col[5].u_pd/nfast_hit_latched_reg[2]/D 
(v) checked with  leading edge of 'clk_osc_fast_buf_tap5'
Beginpoint: u_core_gen_pd_row[6].gen_pd_col[5].u_pd/hit_latched_reg/Q          
(^) triggered by  leading edge of 'clk_osc_fast_buf_tap5'
Path Groups: {clk_osc_fast_buf_tap5}
Analysis View: TC_NOMINAL
Other End Arrival Time          0.370
- Setup                         0.305
+ Phase Shift                   1.333
- Uncertainty                   0.010
= Required Time                 1.388
- Arrival Time                  1.377
= Slack Time                    0.011
     Clock Rise Edge                 0.370
     + Clock Network Latency (Ideal) 0.000
     = Beginpoint Arrival Time       0.370
     +------------------------------------------------------------------------------------------------------------+ 
     |                      Instance                      |    Arc     |    Cell     | Delay | Arrival | Required | 
     |                                                    |            |             |       |  Time   |   Time   | 
     |----------------------------------------------------+------------+-------------+-------+---------+----------| 
     | u_core_gen_pd_row[6].gen_pd_col[5].u_pd/hit_latche | C ^        |             |       |   0.370 |    0.381 | 
     | d_reg                                              |            |             |       |         |          | 
     | u_core_gen_pd_row[6].gen_pd_col[5].u_pd/hit_latche | C ^ -> Q ^ | DFRRQJIHDX1 | 0.415 |   0.785 |    0.796 | 
     | d_reg                                              |            |             |       |         |          | 
     | u_core_gen_pd_row[6].gen_pd_col[5].u_pd/g457       | A ^ -> Q v | INJIHDX2    | 0.196 |   0.982 |    0.993 | 
     | u_core_gen_pd_row[6].gen_pd_col[5].u_pd/g453       | A v -> Q ^ | INJIHDX4    | 0.222 |   1.203 |    1.214 | 
     | u_core_gen_pd_row[6].gen_pd_col[5].u_pd/g437__5107 | B ^ -> Q v | ON22JIHDX0  | 0.173 |   1.377 |    1.388 | 
     | u_core_gen_pd_row[6].gen_pd_col[5].u_pd/nfast_hit_ | D v        | DFRJIHDX1   | 0.000 |   1.377 |    1.388 | 
     | latched_reg[2]                                     |            |             |       |         |          | 
     +------------------------------------------------------------------------------------------------------------+ 
Path 70: MET Setup Check with Pin u_core_gen_pd_row[6].gen_pd_col[5].u_pd/nfast_
hit_latched_reg[5]/C 
Endpoint:   u_core_gen_pd_row[6].gen_pd_col[5].u_pd/nfast_hit_latched_reg[5]/D 
(v) checked with  leading edge of 'clk_osc_fast_buf_tap5'
Beginpoint: u_core_gen_pd_row[6].gen_pd_col[5].u_pd/hit_latched_reg/Q          
(^) triggered by  leading edge of 'clk_osc_fast_buf_tap5'
Path Groups: {clk_osc_fast_buf_tap5}
Analysis View: TC_NOMINAL
Other End Arrival Time          0.370
- Setup                         0.307
+ Phase Shift                   1.333
- Uncertainty                   0.010
= Required Time                 1.386
- Arrival Time                  1.374
= Slack Time                    0.011
     Clock Rise Edge                 0.370
     + Clock Network Latency (Ideal) 0.000
     = Beginpoint Arrival Time       0.370
     +------------------------------------------------------------------------------------------------------------+ 
     |                      Instance                      |    Arc     |    Cell     | Delay | Arrival | Required | 
     |                                                    |            |             |       |  Time   |   Time   | 
     |----------------------------------------------------+------------+-------------+-------+---------+----------| 
     | u_core_gen_pd_row[6].gen_pd_col[5].u_pd/hit_latche | C ^        |             |       |   0.370 |    0.381 | 
     | d_reg                                              |            |             |       |         |          | 
     | u_core_gen_pd_row[6].gen_pd_col[5].u_pd/hit_latche | C ^ -> Q ^ | DFRRQJIHDX1 | 0.415 |   0.785 |    0.796 | 
     | d_reg                                              |            |             |       |         |          | 
     | u_core_gen_pd_row[6].gen_pd_col[5].u_pd/g457       | A ^ -> Q v | INJIHDX2    | 0.196 |   0.982 |    0.993 | 
     | u_core_gen_pd_row[6].gen_pd_col[5].u_pd/g453       | A v -> Q ^ | INJIHDX4    | 0.222 |   1.203 |    1.215 | 
     | u_core_gen_pd_row[6].gen_pd_col[5].u_pd/g442__6783 | B ^ -> Q v | ON22JIHDX0  | 0.171 |   1.374 |    1.386 | 
     | u_core_gen_pd_row[6].gen_pd_col[5].u_pd/nfast_hit_ | D v        | DFRJIHDX1   | 0.000 |   1.374 |    1.386 | 
     | latched_reg[5]                                     |            |             |       |         |          | 
     +------------------------------------------------------------------------------------------------------------+ 
Path 71: MET Setup Check with Pin u_core_gen_pd_row[3].gen_pd_col[3].u_pd/nfast_
hit_latched_reg[4]/C 
Endpoint:   u_core_gen_pd_row[3].gen_pd_col[3].u_pd/nfast_hit_latched_reg[4]/D 
(v) checked with  leading edge of 'clk_osc_fast_buf_tap3'
Beginpoint: u_core_gen_pd_row[3].gen_pd_col[3].u_pd/hit_latched_reg/Q          
(v) triggered by  leading edge of 'clk_osc_fast_buf_tap3'
Path Groups: {clk_osc_fast_buf_tap3}
Analysis View: TC_NOMINAL
Other End Arrival Time          0.222
- Setup                         0.299
+ Phase Shift                   1.333
- Uncertainty                   0.010
= Required Time                 1.246
- Arrival Time                  1.234
= Slack Time                    0.011
     Clock Rise Edge                 0.222
     + Clock Network Latency (Ideal) 0.000
     = Beginpoint Arrival Time       0.222
     +------------------------------------------------------------------------------------------------------------+ 
     |                      Instance                      |    Arc     |    Cell     | Delay | Arrival | Required | 
     |                                                    |            |             |       |  Time   |   Time   | 
     |----------------------------------------------------+------------+-------------+-------+---------+----------| 
     | u_core_gen_pd_row[3].gen_pd_col[3].u_pd/hit_latche | C ^        |             |       |   0.222 |    0.233 | 
     | d_reg                                              |            |             |       |         |          | 
     | u_core_gen_pd_row[3].gen_pd_col[3].u_pd/hit_latche | C ^ -> Q v | DFRRQJIHDX2 | 0.673 |   0.895 |    0.906 | 
     | d_reg                                              |            |             |       |         |          | 
     | u_core_gen_pd_row[3].gen_pd_col[3].u_pd/FE_OFC741_ | A v -> Q ^ | INJIHDX3    | 0.199 |   1.094 |    1.105 | 
     | FE_OCPN4965_u_core_pd_hit_level_27                 |            |             |       |         |          | 
     | u_core_gen_pd_row[3].gen_pd_col[3].u_pd/g439__5477 | D ^ -> Q v | ON22JIHDX1  | 0.141 |   1.234 |    1.245 | 
     | u_core_gen_pd_row[3].gen_pd_col[3].u_pd/nfast_hit_ | D v        | DFRJIHDX1   | 0.000 |   1.234 |    1.246 | 
     | latched_reg[4]                                     |            |             |       |         |          | 
     +------------------------------------------------------------------------------------------------------------+ 
Path 72: MET Setup Check with Pin u_core_gen_pd_row[0].gen_pd_col[2].u_pd/nfast_
hit_latched_reg[1]/C 
Endpoint:   u_core_gen_pd_row[0].gen_pd_col[2].u_pd/nfast_hit_latched_reg[1]/D 
(v) checked with  leading edge of 'clk_osc_fast_buf_tap2'
Beginpoint: u_core_gen_pd_row[0].gen_pd_col[2].u_pd/hit_latched_reg/Q          
(v) triggered by  leading edge of 'clk_osc_fast_buf_tap2'
Path Groups: {clk_osc_fast_buf_tap2}
Analysis View: TC_NOMINAL
Other End Arrival Time          0.148
- Setup                         0.298
+ Phase Shift                   1.333
- Uncertainty                   0.010
= Required Time                 1.173
- Arrival Time                  1.162
= Slack Time                    0.011
     Clock Rise Edge                 0.148
     + Clock Network Latency (Ideal) 0.000
     = Beginpoint Arrival Time       0.148
     +------------------------------------------------------------------------------------------------------------+ 
     |                      Instance                      |    Arc     |    Cell     | Delay | Arrival | Required | 
     |                                                    |            |             |       |  Time   |   Time   | 
     |----------------------------------------------------+------------+-------------+-------+---------+----------| 
     | u_core_gen_pd_row[0].gen_pd_col[2].u_pd/hit_latche | C ^        |             |       |   0.148 |    0.159 | 
     | d_reg                                              |            |             |       |         |          | 
     | u_core_gen_pd_row[0].gen_pd_col[2].u_pd/hit_latche | C ^ -> Q v | DFRRQJIHDX2 | 0.666 |   0.814 |    0.826 | 
     | d_reg                                              |            |             |       |         |          | 
     | u_core_gen_pd_row[0].gen_pd_col[2].u_pd/FE_OFC745_ | A v -> Q ^ | INJIHDX3    | 0.207 |   1.021 |    1.033 | 
     | u_core_pd_hit_level_2                              |            |             |       |         |          | 
     | u_core_gen_pd_row[0].gen_pd_col[2].u_pd/g438__6783 | D ^ -> Q v | ON22JIHDX1  | 0.140 |   1.162 |    1.173 | 
     | u_core_gen_pd_row[0].gen_pd_col[2].u_pd/nfast_hit_ | D v        | DFRJIHDX1   | 0.000 |   1.162 |    1.173 | 
     | latched_reg[1]                                     |            |             |       |         |          | 
     +------------------------------------------------------------------------------------------------------------+ 
Path 73: MET Setup Check with Pin u_core_gen_pd_row[3].gen_pd_col[1].u_pd/nfast_
hit_latched_reg[0]/C 
Endpoint:   u_core_gen_pd_row[3].gen_pd_col[1].u_pd/nfast_hit_latched_reg[0]/D 
(v) checked with  leading edge of 'clk_osc_fast_buf_tap1'
Beginpoint: u_core_gen_pd_row[3].gen_pd_col[1].u_pd/hit_latched_reg/Q          
(^) triggered by  leading edge of 'clk_osc_fast_buf_tap1'
Path Groups: {clk_osc_fast_buf_tap1}
Analysis View: TC_NOMINAL
Other End Arrival Time          0.074
- Setup                         0.338
+ Phase Shift                   1.333
- Uncertainty                   0.010
= Required Time                 1.059
- Arrival Time                  1.047
= Slack Time                    0.012
     Clock Rise Edge                 0.074
     + Clock Network Latency (Ideal) 0.000
     = Beginpoint Arrival Time       0.074
     +------------------------------------------------------------------------------------------------------------+ 
     |                      Instance                      |    Arc     |    Cell     | Delay | Arrival | Required | 
     |                                                    |            |             |       |  Time   |   Time   | 
     |----------------------------------------------------+------------+-------------+-------+---------+----------| 
     | u_core_gen_pd_row[3].gen_pd_col[1].u_pd/hit_latche | C ^        |             |       |   0.074 |    0.086 | 
     | d_reg                                              |            |             |       |         |          | 
     | u_core_gen_pd_row[3].gen_pd_col[1].u_pd/hit_latche | C ^ -> Q ^ | DFRRQJIHDX2 | 0.502 |   0.576 |    0.587 | 
     | d_reg                                              |            |             |       |         |          | 
     | u_core_gen_pd_row[3].gen_pd_col[1].u_pd/g27        | A ^ -> Q v | INJIHDX3    | 0.148 |   0.723 |    0.735 | 
     | u_core_gen_pd_row[3].gen_pd_col[1].u_pd/g25        | A v -> Q ^ | INJIHDX4    | 0.191 |   0.915 |    0.926 | 
     | u_core_gen_pd_row[3].gen_pd_col[1].u_pd/g24        | A ^ -> Q v | ON22JIHDX1  | 0.132 |   1.047 |    1.058 | 
     | u_core_gen_pd_row[3].gen_pd_col[1].u_pd/nfast_hit_ | D v        | DFRSJIHDX2  | 0.000 |   1.047 |    1.059 | 
     | latched_reg[0]                                     |            |             |       |         |          | 
     +------------------------------------------------------------------------------------------------------------+ 
Path 74: MET Setup Check with Pin u_core_gen_pd_row[2].gen_pd_col[3].u_pd/nfast_
hit_latched_reg[4]/C 
Endpoint:   u_core_gen_pd_row[2].gen_pd_col[3].u_pd/nfast_hit_latched_reg[4]/D 
(v) checked with  leading edge of 'clk_osc_fast_buf_tap3'
Beginpoint: u_core_gen_pd_row[2].gen_pd_col[3].u_pd/hit_latched_reg/Q          
(v) triggered by  leading edge of 'clk_osc_fast_buf_tap3'
Path Groups: {clk_osc_fast_buf_tap3}
Analysis View: TC_NOMINAL
Other End Arrival Time          0.222
- Setup                         0.307
+ Phase Shift                   1.333
- Uncertainty                   0.010
= Required Time                 1.238
- Arrival Time                  1.226
= Slack Time                    0.012
     Clock Rise Edge                 0.222
     + Clock Network Latency (Ideal) 0.000
     = Beginpoint Arrival Time       0.222
     +------------------------------------------------------------------------------------------------------------+ 
     |                      Instance                      |    Arc     |    Cell     | Delay | Arrival | Required | 
     |                                                    |            |             |       |  Time   |   Time   | 
     |----------------------------------------------------+------------+-------------+-------+---------+----------| 
     | u_core_gen_pd_row[2].gen_pd_col[3].u_pd/hit_latche | C ^        |             |       |   0.222 |    0.234 | 
     | d_reg                                              |            |             |       |         |          | 
     | u_core_gen_pd_row[2].gen_pd_col[3].u_pd/hit_latche | C ^ -> Q v | DFRRQJIHDX1 | 0.615 |   0.837 |    0.849 | 
     | d_reg                                              |            |             |       |         |          | 
     | u_core_gen_pd_row[2].gen_pd_col[3].u_pd/FE_OFC760_ | A v -> Q ^ | INJIHDX2    | 0.219 |   1.056 |    1.068 | 
     | FE_OCPN4915_u_core_pd_hit_level_19                 |            |             |       |         |          | 
     | u_core_gen_pd_row[2].gen_pd_col[3].u_pd/g439__1881 | D ^ -> Q v | ON22JIHDX0  | 0.170 |   1.226 |    1.238 | 
     | u_core_gen_pd_row[2].gen_pd_col[3].u_pd/nfast_hit_ | D v        | DFRJIHDX1   | 0.000 |   1.226 |    1.238 | 
     | latched_reg[4]                                     |            |             |       |         |          | 
     +------------------------------------------------------------------------------------------------------------+ 
Path 75: MET Setup Check with Pin u_core_u_drain_ctrl_stride_pending_rec_q_
reg[hit][nfast][0]/C 
Endpoint:   u_core_u_drain_ctrl_stride_pending_rec_q_reg[hit][nfast][0]/D (v) 
checked with  leading edge of 'clk_sys'
Beginpoint: u_core_u_drain_ctrl_pd_scan_q_reg[1]/Q                        (v) 
triggered by  leading edge of 'clk_sys'
Path Groups: {clk_sys}
Analysis View: TC_NOMINAL
Other End Arrival Time          0.000
- Setup                         0.272
+ Phase Shift                   6.250
- Uncertainty                   0.300
= Required Time                 5.678
- Arrival Time                  5.667
= Slack Time                    0.012
     Clock Rise Edge                 0.000
     + Clock Network Latency (Ideal) 0.000
     = Beginpoint Arrival Time       0.000
     +-------------------------------------------------------------------------------------------------------------+ 
     |                      Instance                      |     Arc     |    Cell     | Delay | Arrival | Required | 
     |                                                    |             |             |       |  Time   |   Time   | 
     |----------------------------------------------------+-------------+-------------+-------+---------+----------| 
     | u_core_u_drain_ctrl_pd_scan_q_reg[1]               | C ^         |             |       |   0.000 |    0.012 | 
     | u_core_u_drain_ctrl_pd_scan_q_reg[1]               | C ^ -> Q v  | DFRSJIHDX1  | 0.648 |   0.648 |    0.660 | 
     | FE_OFC360_n_4894                                   | A v -> Q v  | BUJIHDX3    | 0.366 |   1.015 |    1.026 | 
     | g81374                                             | A v -> Q v  | AO22JIHDX0  | 0.392 |   1.406 |    1.418 | 
     | g81366                                             | C v -> Q v  | AO222JIHDX0 | 0.674 |   2.080 |    2.092 | 
     | u_core_g44286                                      | A v -> Q ^  | AN22JIHDX1  | 0.266 |   2.346 |    2.358 | 
     | u_core_g44241                                      | C ^ -> Q v  | NA3I2JIHDX1 | 0.102 |   2.448 |    2.460 | 
     | u_core_g44217                                      | B v -> Q v  | NA22JIHDX1  | 0.204 |   2.653 |    2.664 | 
     | u_core_g44212                                      | A v -> Q ^  | NA3JIHDX2   | 0.202 |   2.855 |    2.866 | 
     | u_core_g80084                                      | B ^ -> Q v  | NA2JIHDX1   | 0.158 |   3.013 |    3.024 | 
     | g81375                                             | A v -> Q v  | AND3JIHDX2  | 0.217 |   3.229 |    3.241 | 
     | u_core_g71446                                      | A v -> Q v  | AND2JIHDX2  | 0.235 |   3.464 |    3.476 | 
     | FE_RC_23_0                                         | C v -> Q ^  | NA3I2JIHDX2 | 0.337 |   3.801 |    3.813 | 
     | u_core_g71369                                      | A ^ -> Q v  | NO2JIHDX1   | 0.292 |   4.093 |    4.105 | 
     | u_core_g71267                                      | A v -> Q v  | AND2JIHDX1  | 0.411 |   4.504 |    4.515 | 
     | u_core_g71106                                      | A v -> Q ^  | AN22JIHDX1  | 0.270 |   4.774 |    4.785 | 
     | u_core_g71064                                      | C ^ -> Q v  | NA4JIHDX1   | 0.464 |   5.238 |    5.249 | 
     | u_core_g71038                                      | AN v -> Q v | NA3I2JIHDX1 | 0.429 |   5.666 |    5.678 | 
     | u_core_u_drain_ctrl_stride_pending_rec_q_reg[hit][ | D v         | DFRQJIHDX1  | 0.000 |   5.667 |    5.678 | 
     | nfast][0]                                          |             |             |       |         |          | 
     +-------------------------------------------------------------------------------------------------------------+ 
Path 76: MET Setup Check with Pin u_core_gen_pd_row[2].gen_pd_col[2].u_pd/nfast_
hit_latched_reg[2]/C 
Endpoint:   u_core_gen_pd_row[2].gen_pd_col[2].u_pd/nfast_hit_latched_reg[2]/D 
(v) checked with  leading edge of 'clk_osc_fast_buf_tap2'
Beginpoint: u_core_gen_pd_row[2].gen_pd_col[2].u_pd/hit_latched_reg/Q          
(^) triggered by  leading edge of 'clk_osc_fast_buf_tap2'
Path Groups: {clk_osc_fast_buf_tap2}
Analysis View: TC_NOMINAL
Other End Arrival Time          0.148
- Setup                         0.300
+ Phase Shift                   1.333
- Uncertainty                   0.010
= Required Time                 1.171
- Arrival Time                  1.159
= Slack Time                    0.012
     Clock Rise Edge                 0.148
     + Clock Network Latency (Ideal) 0.000
     = Beginpoint Arrival Time       0.148
     +------------------------------------------------------------------------------------------------------------+ 
     |                      Instance                      |    Arc     |    Cell     | Delay | Arrival | Required | 
     |                                                    |            |             |       |  Time   |   Time   | 
     |----------------------------------------------------+------------+-------------+-------+---------+----------| 
     | u_core_gen_pd_row[2].gen_pd_col[2].u_pd/hit_latche | C ^        |             |       |   0.148 |    0.160 | 
     | d_reg                                              |            |             |       |         |          | 
     | u_core_gen_pd_row[2].gen_pd_col[2].u_pd/hit_latche | C ^ -> Q ^ | DFRRQJIHDX1 | 0.628 |   0.776 |    0.788 | 
     | d_reg                                              |            |             |       |         |          | 
     | u_core_gen_pd_row[2].gen_pd_col[2].u_pd/FE_OFC731_ | A ^ -> Q ^ | BUJIHDX2    | 0.247 |   1.023 |    1.035 | 
     | FE_OCPN4963_u_core_pd_hit_level_18                 |            |             |       |         |          | 
     | u_core_gen_pd_row[2].gen_pd_col[2].u_pd/g437__5107 | B ^ -> Q v | ON22JIHDX1  | 0.136 |   1.159 |    1.171 | 
     | u_core_gen_pd_row[2].gen_pd_col[2].u_pd/nfast_hit_ | D v        | DFRJIHDX1   | 0.000 |   1.159 |    1.171 | 
     | latched_reg[2]                                     |            |             |       |         |          | 
     +------------------------------------------------------------------------------------------------------------+ 
Path 77: MET Setup Check with Pin u_core_gen_pd_row[2].gen_pd_col[3].u_pd/nfast_
hit_latched_reg[3]/C 
Endpoint:   u_core_gen_pd_row[2].gen_pd_col[3].u_pd/nfast_hit_latched_reg[3]/D 
(v) checked with  leading edge of 'clk_osc_fast_buf_tap3'
Beginpoint: u_core_gen_pd_row[2].gen_pd_col[3].u_pd/hit_latched_reg/Q          
(v) triggered by  leading edge of 'clk_osc_fast_buf_tap3'
Path Groups: {clk_osc_fast_buf_tap3}
Analysis View: TC_NOMINAL
Other End Arrival Time          0.222
- Setup                         0.310
+ Phase Shift                   1.333
- Uncertainty                   0.010
= Required Time                 1.235
- Arrival Time                  1.223
= Slack Time                    0.012
     Clock Rise Edge                 0.222
     + Clock Network Latency (Ideal) 0.000
     = Beginpoint Arrival Time       0.222
     +------------------------------------------------------------------------------------------------------------+ 
     |                      Instance                      |    Arc     |    Cell     | Delay | Arrival | Required | 
     |                                                    |            |             |       |  Time   |   Time   | 
     |----------------------------------------------------+------------+-------------+-------+---------+----------| 
     | u_core_gen_pd_row[2].gen_pd_col[3].u_pd/hit_latche | C ^        |             |       |   0.222 |    0.234 | 
     | d_reg                                              |            |             |       |         |          | 
     | u_core_gen_pd_row[2].gen_pd_col[3].u_pd/hit_latche | C ^ -> Q v | DFRRQJIHDX1 | 0.615 |   0.837 |    0.849 | 
     | d_reg                                              |            |             |       |         |          | 
     | u_core_gen_pd_row[2].gen_pd_col[3].u_pd/FE_OFC760_ | A v -> Q ^ | INJIHDX2    | 0.219 |   1.056 |    1.068 | 
     | FE_OCPN4915_u_core_pd_hit_level_19                 |            |             |       |         |          | 
     | u_core_gen_pd_row[2].gen_pd_col[3].u_pd/g436__8246 | D ^ -> Q v | ON22JIHDX0  | 0.167 |   1.223 |    1.235 | 
     | u_core_gen_pd_row[2].gen_pd_col[3].u_pd/nfast_hit_ | D v        | DFRJIHDX1   | 0.000 |   1.223 |    1.235 | 
     | latched_reg[3]                                     |            |             |       |         |          | 
     +------------------------------------------------------------------------------------------------------------+ 
Path 78: MET Setup Check with Pin u_core_gen_fast_tag_col[3].u_fast_tag_tag_o_
reg[0]/C 
Endpoint:   u_core_gen_fast_tag_col[3].u_fast_tag_tag_o_reg[0]/D (v) checked 
with  leading edge of 'clk_osc_fast_buf_tap3'
Beginpoint: u_core_gen_fast_tag_col[3].u_fast_tag_tag_o_reg[6]/Q (v) triggered 
by  leading edge of 'clk_osc_fast_buf_tap3'
Path Groups: {clk_osc_fast_buf_tap3}
Analysis View: TC_NOMINAL
Other End Arrival Time          0.222
- Setup                         0.351
+ Phase Shift                   1.333
- Uncertainty                   0.010
= Required Time                 1.194
- Arrival Time                  1.182
= Slack Time                    0.012
     Clock Rise Edge                 0.222
     + Clock Network Latency (Ideal) 0.000
     = Beginpoint Arrival Time       0.222
     +------------------------------------------------------------------------------------------------------------+ 
     |                      Instance                      |    Arc     |    Cell     | Delay | Arrival | Required | 
     |                                                    |            |             |       |  Time   |   Time   | 
     |----------------------------------------------------+------------+-------------+-------+---------+----------| 
     | u_core_gen_fast_tag_col[3].u_fast_tag_tag_o_reg[6] | C ^        |             |       |   0.222 |    0.234 | 
     | u_core_gen_fast_tag_col[3].u_fast_tag_tag_o_reg[6] | C ^ -> Q v | DFRRQJIHDX1 | 0.550 |   0.772 |    0.784 | 
     | FE_OFC853_u_core_n_1544                            | A v -> Q ^ | INJIHDX4    | 0.261 |   1.033 |    1.045 | 
     | FE_RC_3_0                                          | A ^ -> Q v | ON22JIHDX1  | 0.149 |   1.182 |    1.194 | 
     | u_core_gen_fast_tag_col[3].u_fast_tag_tag_o_reg[0] | D v        | DFRSQJIHDX1 | 0.000 |   1.182 |    1.194 | 
     +------------------------------------------------------------------------------------------------------------+ 
Path 79: MET Setup Check with Pin u_core_gen_pd_row[0].gen_pd_col[2].u_pd/nfast_
hit_latched_reg[5]/C 
Endpoint:   u_core_gen_pd_row[0].gen_pd_col[2].u_pd/nfast_hit_latched_reg[5]/D 
(v) checked with  leading edge of 'clk_osc_fast_buf_tap2'
Beginpoint: u_core_gen_pd_row[0].gen_pd_col[2].u_pd/hit_latched_reg/Q          
(v) triggered by  leading edge of 'clk_osc_fast_buf_tap2'
Path Groups: {clk_osc_fast_buf_tap2}
Analysis View: TC_NOMINAL
Other End Arrival Time          0.148
- Setup                         0.298
+ Phase Shift                   1.333
- Uncertainty                   0.010
= Required Time                 1.173
- Arrival Time                  1.161
= Slack Time                    0.012
     Clock Rise Edge                 0.148
     + Clock Network Latency (Ideal) 0.000
     = Beginpoint Arrival Time       0.148
     +------------------------------------------------------------------------------------------------------------+ 
     |                      Instance                      |    Arc     |    Cell     | Delay | Arrival | Required | 
     |                                                    |            |             |       |  Time   |   Time   | 
     |----------------------------------------------------+------------+-------------+-------+---------+----------| 
     | u_core_gen_pd_row[0].gen_pd_col[2].u_pd/hit_latche | C ^        |             |       |   0.148 |    0.160 | 
     | d_reg                                              |            |             |       |         |          | 
     | u_core_gen_pd_row[0].gen_pd_col[2].u_pd/hit_latche | C ^ -> Q v | DFRRQJIHDX2 | 0.666 |   0.814 |    0.826 | 
     | d_reg                                              |            |             |       |         |          | 
     | u_core_gen_pd_row[0].gen_pd_col[2].u_pd/FE_OFC745_ | A v -> Q ^ | INJIHDX3    | 0.207 |   1.021 |    1.033 | 
     | u_core_pd_hit_level_2                              |            |             |       |         |          | 
     | u_core_gen_pd_row[0].gen_pd_col[2].u_pd/g442__1705 | D ^ -> Q v | ON22JIHDX1  | 0.139 |   1.160 |    1.172 | 
     | u_core_gen_pd_row[0].gen_pd_col[2].u_pd/nfast_hit_ | D v        | DFRJIHDX1   | 0.000 |   1.161 |    1.173 | 
     | latched_reg[5]                                     |            |             |       |         |          | 
     +------------------------------------------------------------------------------------------------------------+ 
Path 80: MET Setup Check with Pin u_core_gen_pd_row[0].gen_pd_col[2].u_pd/nfast_
hit_latched_reg[4]/C 
Endpoint:   u_core_gen_pd_row[0].gen_pd_col[2].u_pd/nfast_hit_latched_reg[4]/D 
(v) checked with  leading edge of 'clk_osc_fast_buf_tap2'
Beginpoint: u_core_gen_pd_row[0].gen_pd_col[2].u_pd/hit_latched_reg/Q          
(v) triggered by  leading edge of 'clk_osc_fast_buf_tap2'
Path Groups: {clk_osc_fast_buf_tap2}
Analysis View: TC_NOMINAL
Other End Arrival Time          0.148
- Setup                         0.299
+ Phase Shift                   1.333
- Uncertainty                   0.010
= Required Time                 1.172
- Arrival Time                  1.160
= Slack Time                    0.012
     Clock Rise Edge                 0.148
     + Clock Network Latency (Ideal) 0.000
     = Beginpoint Arrival Time       0.148
     +------------------------------------------------------------------------------------------------------------+ 
     |                      Instance                      |    Arc     |    Cell     | Delay | Arrival | Required | 
     |                                                    |            |             |       |  Time   |   Time   | 
     |----------------------------------------------------+------------+-------------+-------+---------+----------| 
     | u_core_gen_pd_row[0].gen_pd_col[2].u_pd/hit_latche | C ^        |             |       |   0.148 |    0.160 | 
     | d_reg                                              |            |             |       |         |          | 
     | u_core_gen_pd_row[0].gen_pd_col[2].u_pd/hit_latche | C ^ -> Q v | DFRRQJIHDX2 | 0.666 |   0.814 |    0.826 | 
     | d_reg                                              |            |             |       |         |          | 
     | u_core_gen_pd_row[0].gen_pd_col[2].u_pd/FE_OFC745_ | A v -> Q ^ | INJIHDX3    | 0.207 |   1.021 |    1.033 | 
     | u_core_pd_hit_level_2                              |            |             |       |         |          | 
     | u_core_gen_pd_row[0].gen_pd_col[2].u_pd/g439__3680 | D ^ -> Q v | ON22JIHDX1  | 0.139 |   1.160 |    1.172 | 
     | u_core_gen_pd_row[0].gen_pd_col[2].u_pd/nfast_hit_ | D v        | DFRJIHDX1   | 0.000 |   1.160 |    1.172 | 
     | latched_reg[4]                                     |            |             |       |         |          | 
     +------------------------------------------------------------------------------------------------------------+ 
Path 81: MET Setup Check with Pin u_core_gen_pd_row[1].gen_pd_col[6].u_pd/nfast_
hit_latched_reg[5]/C 
Endpoint:   u_core_gen_pd_row[1].gen_pd_col[6].u_pd/nfast_hit_latched_reg[5]/D 
(v) checked with  leading edge of 'clk_osc_fast_buf_tap6'
Beginpoint: u_core_gen_fast_tag_col[6].u_fast_tag_tag_o_reg[5]/Q               
(v) triggered by  leading edge of 'clk_osc_fast_buf_tap6'
Path Groups: {clk_osc_fast_buf_tap6}
Analysis View: TC_NOMINAL
Other End Arrival Time          0.444
- Setup                         0.304
+ Path Delay                    1.333
- Other Ideal Arrival           0.444
+ Path Ideal Arrival            0.444
- Uncertainty                   0.010
= Required Time                 1.463
- Arrival Time                  1.451
= Slack Time                    0.012
     Clock Rise Edge                 0.444
     + Clock Network Latency (Ideal) 0.000
     = Beginpoint Arrival Time       0.444
     +------------------------------------------------------------------------------------------------------------+ 
     |                      Instance                      |    Arc     |    Cell     | Delay | Arrival | Required | 
     |                                                    |            |             |       |  Time   |   Time   | 
     |----------------------------------------------------+------------+-------------+-------+---------+----------| 
     | u_core_gen_fast_tag_col[6].u_fast_tag_tag_o_reg[5] | C ^        |             |       |   0.444 |    0.456 | 
     | u_core_gen_fast_tag_col[6].u_fast_tag_tag_o_reg[5] | C ^ -> Q v | DFRRQJIHDX1 | 0.549 |   0.993 |    1.005 | 
     | FE_OFC756_u_core_n_1563                            | A v -> Q ^ | INJIHDX3    | 0.289 |   1.282 |    1.294 | 
     | u_core_gen_pd_row[1].gen_pd_col[6].u_pd/g442__6131 | A ^ -> Q v | ON22JIHDX0  | 0.169 |   1.451 |    1.463 | 
     | u_core_gen_pd_row[1].gen_pd_col[6].u_pd/nfast_hit_ | D v        | DFRJIHDX1   | 0.000 |   1.451 |    1.463 | 
     | latched_reg[5]                                     |            |             |       |         |          | 
     +------------------------------------------------------------------------------------------------------------+ 
Path 82: MET Setup Check with Pin u_core_gen_pd_row[6].gen_pd_col[6].u_pd/nfast_
hit_latched_reg[6]/C 
Endpoint:   u_core_gen_pd_row[6].gen_pd_col[6].u_pd/nfast_hit_latched_reg[6]/D 
(v) checked with  leading edge of 'clk_osc_fast_buf_tap6'
Beginpoint: u_core_gen_fast_tag_col[6].u_fast_tag_tag_o_reg[6]/Q               
(v) triggered by  leading edge of 'clk_osc_fast_buf_tap6'
Path Groups: {clk_osc_fast_buf_tap6}
Analysis View: TC_NOMINAL
Other End Arrival Time          0.444
- Setup                         0.303
+ Path Delay                    1.333
- Other Ideal Arrival           0.444
+ Path Ideal Arrival            0.444
- Uncertainty                   0.010
= Required Time                 1.464
- Arrival Time                  1.452
= Slack Time                    0.012
     Clock Rise Edge                 0.444
     + Clock Network Latency (Ideal) 0.000
     = Beginpoint Arrival Time       0.444
     +------------------------------------------------------------------------------------------------------------+ 
     |                      Instance                      |    Arc     |    Cell     | Delay | Arrival | Required | 
     |                                                    |            |             |       |  Time   |   Time   | 
     |----------------------------------------------------+------------+-------------+-------+---------+----------| 
     | u_core_gen_fast_tag_col[6].u_fast_tag_tag_o_reg[6] | C ^        |             |       |   0.444 |    0.456 | 
     | u_core_gen_fast_tag_col[6].u_fast_tag_tag_o_reg[6] | C ^ -> Q v | DFRRQJIHDX1 | 0.471 |   0.915 |    0.927 | 
     | FE_OFC264_u_core_n_1562                            | A v -> Q ^ | INJIHDX2    | 0.341 |   1.256 |    1.268 | 
     | u_core_gen_pd_row[6].gen_pd_col[6].u_pd/g441__7482 | A ^ -> Q v | ON22JIHDX0  | 0.197 |   1.452 |    1.464 | 
     | u_core_gen_pd_row[6].gen_pd_col[6].u_pd/nfast_hit_ | D v        | DFRJIHDX2   | 0.000 |   1.452 |    1.464 | 
     | latched_reg[6]                                     |            |             |       |         |          | 
     +------------------------------------------------------------------------------------------------------------+ 
Path 83: MET Setup Check with Pin u_core_gen_pd_row[2].gen_pd_col[3].u_pd/nfast_
hit_latched_reg[2]/C 
Endpoint:   u_core_gen_pd_row[2].gen_pd_col[3].u_pd/nfast_hit_latched_reg[2]/D 
(v) checked with  leading edge of 'clk_osc_fast_buf_tap3'
Beginpoint: u_core_gen_pd_row[2].gen_pd_col[3].u_pd/hit_latched_reg/Q          
(v) triggered by  leading edge of 'clk_osc_fast_buf_tap3'
Path Groups: {clk_osc_fast_buf_tap3}
Analysis View: TC_NOMINAL
Other End Arrival Time          0.222
- Setup                         0.310
+ Phase Shift                   1.333
- Uncertainty                   0.010
= Required Time                 1.235
- Arrival Time                  1.222
= Slack Time                    0.012
     Clock Rise Edge                 0.222
     + Clock Network Latency (Ideal) 0.000
     = Beginpoint Arrival Time       0.222
     +------------------------------------------------------------------------------------------------------------+ 
     |                      Instance                      |    Arc     |    Cell     | Delay | Arrival | Required | 
     |                                                    |            |             |       |  Time   |   Time   | 
     |----------------------------------------------------+------------+-------------+-------+---------+----------| 
     | u_core_gen_pd_row[2].gen_pd_col[3].u_pd/hit_latche | C ^        |             |       |   0.222 |    0.234 | 
     | d_reg                                              |            |             |       |         |          | 
     | u_core_gen_pd_row[2].gen_pd_col[3].u_pd/hit_latche | C ^ -> Q v | DFRRQJIHDX1 | 0.615 |   0.837 |    0.850 | 
     | d_reg                                              |            |             |       |         |          | 
     | u_core_gen_pd_row[2].gen_pd_col[3].u_pd/FE_OFC760_ | A v -> Q ^ | INJIHDX2    | 0.219 |   1.056 |    1.068 | 
     | FE_OCPN4915_u_core_pd_hit_level_19                 |            |             |       |         |          | 
     | u_core_gen_pd_row[2].gen_pd_col[3].u_pd/g437__7098 | D ^ -> Q v | ON22JIHDX0  | 0.166 |   1.222 |    1.235 | 
     | u_core_gen_pd_row[2].gen_pd_col[3].u_pd/nfast_hit_ | D v        | DFRJIHDX1   | 0.000 |   1.222 |    1.235 | 
     | latched_reg[2]                                     |            |             |       |         |          | 
     +------------------------------------------------------------------------------------------------------------+ 
Path 84: MET Setup Check with Pin u_core_gen_pd_row[5].gen_pd_col[3].u_pd/nfast_
hit_latched_reg[1]/C 
Endpoint:   u_core_gen_pd_row[5].gen_pd_col[3].u_pd/nfast_hit_latched_reg[1]/D 
(v) checked with  leading edge of 'clk_osc_fast_buf_tap3'
Beginpoint: u_core_gen_pd_row[5].gen_pd_col[3].u_pd/hit_latched_reg/Q          
(v) triggered by  leading edge of 'clk_osc_fast_buf_tap3'
Path Groups: {clk_osc_fast_buf_tap3}
Analysis View: TC_NOMINAL
Other End Arrival Time          0.222
- Setup                         0.302
+ Phase Shift                   1.333
- Uncertainty                   0.010
= Required Time                 1.243
- Arrival Time                  1.230
= Slack Time                    0.012
     Clock Rise Edge                 0.222
     + Clock Network Latency (Ideal) 0.000
     = Beginpoint Arrival Time       0.222
     +------------------------------------------------------------------------------------------------------------+ 
     |                      Instance                      |    Arc     |    Cell     | Delay | Arrival | Required | 
     |                                                    |            |             |       |  Time   |   Time   | 
     |----------------------------------------------------+------------+-------------+-------+---------+----------| 
     | u_core_gen_pd_row[5].gen_pd_col[3].u_pd/hit_latche | C ^        |             |       |   0.222 |    0.234 | 
     | d_reg                                              |            |             |       |         |          | 
     | u_core_gen_pd_row[5].gen_pd_col[3].u_pd/hit_latche | C ^ -> Q v | DFRRQJIHDX2 | 0.701 |   0.923 |    0.935 | 
     | d_reg                                              |            |             |       |         |          | 
     | u_core_gen_pd_row[5].gen_pd_col[3].u_pd/FE_OFC733_ | A v -> Q ^ | INJIHDX4    | 0.183 |   1.105 |    1.118 | 
     | u_core_pd_hit_level_43                             |            |             |       |         |          | 
     | u_core_gen_pd_row[5].gen_pd_col[3].u_pd/FE_RC_27_0 | C ^ -> Q v | ON22JIHDX1  | 0.125 |   1.230 |    1.243 | 
     | u_core_gen_pd_row[5].gen_pd_col[3].u_pd/nfast_hit_ | D v        | DFRJIHDX1   | 0.000 |   1.230 |    1.243 | 
     | latched_reg[1]                                     |            |             |       |         |          | 
     +------------------------------------------------------------------------------------------------------------+ 
Path 85: MET Setup Check with Pin u_core_gen_pd_row[6].gen_pd_col[5].u_pd/nfast_
hit_latched_reg[3]/C 
Endpoint:   u_core_gen_pd_row[6].gen_pd_col[5].u_pd/nfast_hit_latched_reg[3]/D 
(v) checked with  leading edge of 'clk_osc_fast_buf_tap5'
Beginpoint: u_core_gen_pd_row[6].gen_pd_col[5].u_pd/hit_latched_reg/Q          
(^) triggered by  leading edge of 'clk_osc_fast_buf_tap5'
Path Groups: {clk_osc_fast_buf_tap5}
Analysis View: TC_NOMINAL
Other End Arrival Time          0.370
- Setup                         0.306
+ Phase Shift                   1.333
- Uncertainty                   0.010
= Required Time                 1.387
- Arrival Time                  1.374
= Slack Time                    0.013
     Clock Rise Edge                 0.370
     + Clock Network Latency (Ideal) 0.000
     = Beginpoint Arrival Time       0.370
     +------------------------------------------------------------------------------------------------------------+ 
     |                      Instance                      |    Arc     |    Cell     | Delay | Arrival | Required | 
     |                                                    |            |             |       |  Time   |   Time   | 
     |----------------------------------------------------+------------+-------------+-------+---------+----------| 
     | u_core_gen_pd_row[6].gen_pd_col[5].u_pd/hit_latche | C ^        |             |       |   0.370 |    0.383 | 
     | d_reg                                              |            |             |       |         |          | 
     | u_core_gen_pd_row[6].gen_pd_col[5].u_pd/hit_latche | C ^ -> Q ^ | DFRRQJIHDX1 | 0.415 |   0.785 |    0.798 | 
     | d_reg                                              |            |             |       |         |          | 
     | u_core_gen_pd_row[6].gen_pd_col[5].u_pd/g457       | A ^ -> Q v | INJIHDX2    | 0.196 |   0.982 |    0.994 | 
     | u_core_gen_pd_row[6].gen_pd_col[5].u_pd/g453       | A v -> Q ^ | INJIHDX4    | 0.222 |   1.203 |    1.216 | 
     | u_core_gen_pd_row[6].gen_pd_col[5].u_pd/g436__2398 | B ^ -> Q v | ON22JIHDX0  | 0.171 |   1.374 |    1.387 | 
     | u_core_gen_pd_row[6].gen_pd_col[5].u_pd/nfast_hit_ | D v        | DFRJIHDX1   | 0.000 |   1.374 |    1.387 | 
     | latched_reg[3]                                     |            |             |       |         |          | 
     +------------------------------------------------------------------------------------------------------------+ 
Path 86: MET Setup Check with Pin u_core_gen_pd_row[7].gen_pd_col[2].u_pd/hit_
latched_reg/C 
Endpoint:   u_core_gen_pd_row[7].gen_pd_col[2].u_pd/hit_latched_reg/D (v) 
checked with  leading edge of 'clk_osc_fast_buf_tap2'
Beginpoint: u_core_gen_pd_row[7].gen_pd_col[2].u_pd/hit_latched_reg/Q (v) 
triggered by  leading edge of 'clk_osc_fast_buf_tap2'
Path Groups: {clk_osc_fast_buf_tap2}
Analysis View: TC_NOMINAL
Other End Arrival Time          0.148
- Setup                         0.334
+ Phase Shift                   1.333
- Uncertainty                   0.010
= Required Time                 1.137
- Arrival Time                  1.124
= Slack Time                    0.013
     Clock Rise Edge                 0.148
     + Clock Network Latency (Ideal) 0.000
     = Beginpoint Arrival Time       0.148
     +------------------------------------------------------------------------------------------------------------+ 
     |                      Instance                      |    Arc     |    Cell     | Delay | Arrival | Required | 
     |                                                    |            |             |       |  Time   |   Time   | 
     |----------------------------------------------------+------------+-------------+-------+---------+----------| 
     | u_core_gen_pd_row[7].gen_pd_col[2].u_pd/hit_latche | C ^        |             |       |   0.148 |    0.161 | 
     | d_reg                                              |            |             |       |         |          | 
     | u_core_gen_pd_row[7].gen_pd_col[2].u_pd/hit_latche | C ^ -> Q v | DFRRQJIHDX1 | 0.691 |   0.839 |    0.852 | 
     | d_reg                                              |            |             |       |         |          | 
     | u_core_gen_pd_row[7].gen_pd_col[2].u_pd/FE_OFC742_ | A v -> Q ^ | INJIHDX4    | 0.194 |   1.033 |    1.046 | 
     | FE_OCPN4934_u_core_pd_hit_level_58                 |            |             |       |         |          | 
     | u_core_gen_pd_row[7].gen_pd_col[2].u_pd/g431__4319 | C ^ -> Q v | NA22JIHDX1  | 0.091 |   1.124 |    1.137 | 
     | u_core_gen_pd_row[7].gen_pd_col[2].u_pd/hit_latche | D v        | DFRRQJIHDX1 | 0.000 |   1.124 |    1.137 | 
     | d_reg                                              |            |             |       |         |          | 
     +------------------------------------------------------------------------------------------------------------+ 
Path 87: MET Setup Check with Pin u_core_gen_pd_row[2].gen_pd_col[1].u_pd/nfast_
hit_latched_reg[6]/C 
Endpoint:   u_core_gen_pd_row[2].gen_pd_col[1].u_pd/nfast_hit_latched_reg[6]/D 
(v) checked with  leading edge of 'clk_osc_fast_buf_tap1'
Beginpoint: u_core_gen_pd_row[2].gen_pd_col[1].u_pd/hit_latched_reg/Q          
(^) triggered by  leading edge of 'clk_osc_fast_buf_tap1'
Path Groups: {clk_osc_fast_buf_tap1}
Analysis View: TC_NOMINAL
Other End Arrival Time          0.074
- Setup                         0.306
+ Phase Shift                   1.333
- Uncertainty                   0.010
= Required Time                 1.091
- Arrival Time                  1.078
= Slack Time                    0.013
     Clock Rise Edge                 0.074
     + Clock Network Latency (Ideal) 0.000
     = Beginpoint Arrival Time       0.074
     +------------------------------------------------------------------------------------------------------------+ 
     |                      Instance                      |    Arc     |    Cell     | Delay | Arrival | Required | 
     |                                                    |            |             |       |  Time   |   Time   | 
     |----------------------------------------------------+------------+-------------+-------+---------+----------| 
     | u_core_gen_pd_row[2].gen_pd_col[1].u_pd/hit_latche | C ^        |             |       |   0.074 |    0.087 | 
     | d_reg                                              |            |             |       |         |          | 
     | u_core_gen_pd_row[2].gen_pd_col[1].u_pd/hit_latche | C ^ -> Q ^ | DFRRQJIHDX1 | 0.417 |   0.491 |    0.504 | 
     | d_reg                                              |            |             |       |         |          | 
     | u_core_gen_pd_row[2].gen_pd_col[1].u_pd/FE_OFC367_ | A ^ -> Q v | INJIHDX2    | 0.182 |   0.673 |    0.686 | 
     | hit_latched_41                                     |            |             |       |         |          | 
     | u_core_gen_pd_row[2].gen_pd_col[1].u_pd/FE_OFC368_ | A v -> Q ^ | INJIHDX4    | 0.227 |   0.900 |    0.913 | 
     | hit_latched_41                                     |            |             |       |         |          | 
     | u_core_gen_pd_row[2].gen_pd_col[1].u_pd/g441__9945 | B ^ -> Q v | ON22JIHDX0  | 0.178 |   1.078 |    1.091 | 
     | u_core_gen_pd_row[2].gen_pd_col[1].u_pd/nfast_hit_ | D v        | DFRJIHDX1   | 0.000 |   1.078 |    1.091 | 
     | latched_reg[6]                                     |            |             |       |         |          | 
     +------------------------------------------------------------------------------------------------------------+ 
Path 88: MET Setup Check with Pin u_core_gen_pd_row[3].gen_pd_col[3].u_pd/nfast_
hit_latched_reg[2]/C 
Endpoint:   u_core_gen_pd_row[3].gen_pd_col[3].u_pd/nfast_hit_latched_reg[2]/D 
(v) checked with  leading edge of 'clk_osc_fast_buf_tap3'
Beginpoint: u_core_gen_pd_row[3].gen_pd_col[3].u_pd/hit_latched_reg/Q          
(v) triggered by  leading edge of 'clk_osc_fast_buf_tap3'
Path Groups: {clk_osc_fast_buf_tap3}
Analysis View: TC_NOMINAL
Other End Arrival Time          0.222
- Setup                         0.299
+ Phase Shift                   1.333
- Uncertainty                   0.010
= Required Time                 1.246
- Arrival Time                  1.233
= Slack Time                    0.013
     Clock Rise Edge                 0.222
     + Clock Network Latency (Ideal) 0.000
     = Beginpoint Arrival Time       0.222
     +------------------------------------------------------------------------------------------------------------+ 
     |                      Instance                      |    Arc     |    Cell     | Delay | Arrival | Required | 
     |                                                    |            |             |       |  Time   |   Time   | 
     |----------------------------------------------------+------------+-------------+-------+---------+----------| 
     | u_core_gen_pd_row[3].gen_pd_col[3].u_pd/hit_latche | C ^        |             |       |   0.222 |    0.235 | 
     | d_reg                                              |            |             |       |         |          | 
     | u_core_gen_pd_row[3].gen_pd_col[3].u_pd/hit_latche | C ^ -> Q v | DFRRQJIHDX2 | 0.673 |   0.895 |    0.908 | 
     | d_reg                                              |            |             |       |         |          | 
     | u_core_gen_pd_row[3].gen_pd_col[3].u_pd/FE_OFC741_ | A v -> Q ^ | INJIHDX3    | 0.199 |   1.094 |    1.107 | 
     | FE_OCPN4965_u_core_pd_hit_level_27                 |            |             |       |         |          | 
     | u_core_gen_pd_row[3].gen_pd_col[3].u_pd/g437__7410 | D ^ -> Q v | ON22JIHDX1  | 0.139 |   1.233 |    1.246 | 
     | u_core_gen_pd_row[3].gen_pd_col[3].u_pd/nfast_hit_ | D v        | DFRJIHDX1   | 0.000 |   1.233 |    1.246 | 
     | latched_reg[2]                                     |            |             |       |         |          | 
     +------------------------------------------------------------------------------------------------------------+ 
Path 89: MET Setup Check with Pin u_core_gen_pd_row[0].gen_pd_col[7].u_pd/nfast_
hit_latched_reg[1]/C 
Endpoint:   u_core_gen_pd_row[0].gen_pd_col[7].u_pd/nfast_hit_latched_reg[1]/D 
(v) checked with  leading edge of 'clk_osc_fast_buf_tap7'
Beginpoint: u_core_gen_pd_row[0].gen_pd_col[7].u_pd/hit_latched_reg/Q          
(v) triggered by  leading edge of 'clk_osc_fast_buf_tap7'
Path Groups: {clk_osc_fast_buf_tap7}
Analysis View: TC_NOMINAL
Other End Arrival Time          0.518
- Setup                         0.317
+ Phase Shift                   1.333
- Uncertainty                   0.010
= Required Time                 1.524
- Arrival Time                  1.510
= Slack Time                    0.013
     Clock Rise Edge                 0.518
     + Clock Network Latency (Ideal) 0.000
     = Beginpoint Arrival Time       0.518
     +------------------------------------------------------------------------------------------------------------+ 
     |                      Instance                      |    Arc     |    Cell     | Delay | Arrival | Required | 
     |                                                    |            |             |       |  Time   |   Time   | 
     |----------------------------------------------------+------------+-------------+-------+---------+----------| 
     | u_core_gen_pd_row[0].gen_pd_col[7].u_pd/hit_latche | C ^        |             |       |   0.518 |    0.531 | 
     | d_reg                                              |            |             |       |         |          | 
     | u_core_gen_pd_row[0].gen_pd_col[7].u_pd/hit_latche | C ^ -> Q v | DFRRQJIHDX1 | 0.648 |   1.166 |    1.180 | 
     | d_reg                                              |            |             |       |         |          | 
     | u_core_gen_pd_row[0].gen_pd_col[7].u_pd/FE_OFC766_ | A v -> Q ^ | INJIHDX3    | 0.175 |   1.341 |    1.355 | 
     | u_core_pd_hit_level_7                              |            |             |       |         |          | 
     | u_core_gen_pd_row[0].gen_pd_col[7].u_pd/g438__1705 | D ^ -> Q v | ON22JIHDX0  | 0.169 |   1.510 |    1.524 | 
     | u_core_gen_pd_row[0].gen_pd_col[7].u_pd/nfast_hit_ | D v        | DFRJIHDX1   | 0.000 |   1.510 |    1.524 | 
     | latched_reg[1]                                     |            |             |       |         |          | 
     +------------------------------------------------------------------------------------------------------------+ 
Path 90: MET Setup Check with Pin u_core_gen_pd_row[0].gen_pd_col[7].u_pd/nfast_
hit_latched_reg[5]/C 
Endpoint:   u_core_gen_pd_row[0].gen_pd_col[7].u_pd/nfast_hit_latched_reg[5]/D 
(v) checked with  leading edge of 'clk_osc_fast_buf_tap7'
Beginpoint: u_core_gen_fast_tag_col[7].u_fast_tag_tag_o_reg[5]/Q               
(v) triggered by  leading edge of 'clk_osc_fast_buf_tap7'
Path Groups: {clk_osc_fast_buf_tap7}
Analysis View: TC_NOMINAL
Other End Arrival Time          0.518
- Setup                         0.315
+ Path Delay                    1.333
- Other Ideal Arrival           0.518
+ Path Ideal Arrival            0.518
- Uncertainty                   0.010
= Required Time                 1.526
- Arrival Time                  1.512
= Slack Time                    0.013
     Clock Rise Edge                 0.518
     + Clock Network Latency (Ideal) 0.000
     = Beginpoint Arrival Time       0.518
     +------------------------------------------------------------------------------------------------------------+ 
     |                      Instance                      |    Arc     |    Cell     | Delay | Arrival | Required | 
     |                                                    |            |             |       |  Time   |   Time   | 
     |----------------------------------------------------+------------+-------------+-------+---------+----------| 
     | u_core_gen_fast_tag_col[7].u_fast_tag_tag_o_reg[5] | C ^        |             |       |   0.518 |    0.531 | 
     | u_core_gen_fast_tag_col[7].u_fast_tag_tag_o_reg[5] | C ^ -> Q v | DFRRQJIHDX1 | 0.501 |   1.019 |    1.033 | 
     | FE_OFC785_u_core_n_1569                            | A v -> Q ^ | INJIHDX2    | 0.305 |   1.324 |    1.337 | 
     | u_core_gen_pd_row[0].gen_pd_col[7].u_pd/g442__6131 | A ^ -> Q v | ON22JIHDX0  | 0.188 |   1.512 |    1.525 | 
     | u_core_gen_pd_row[0].gen_pd_col[7].u_pd/nfast_hit_ | D v        | DFRJIHDX1   | 0.000 |   1.512 |    1.526 | 
     | latched_reg[5]                                     |            |             |       |         |          | 
     +------------------------------------------------------------------------------------------------------------+ 
Path 91: MET Setup Check with Pin u_core_gen_pd_row[0].gen_pd_col[0].u_pd/nfast_
hit_latched_reg[2]/C 
Endpoint:   u_core_gen_pd_row[0].gen_pd_col[0].u_pd/nfast_hit_latched_reg[2]/D 
(v) checked with  leading edge of 'clk_osc_fast_buf_tap0'
Beginpoint: u_core_gen_pd_row[0].gen_pd_col[0].u_pd/hit_latched_reg/Q          
(^) triggered by  leading edge of 'clk_osc_fast_buf_tap0'
Path Groups: {clk_osc_fast_buf_tap0}
Analysis View: TC_NOMINAL
Other End Arrival Time          0.000
- Setup                         0.306
+ Phase Shift                   1.333
- Uncertainty                   0.010
= Required Time                 1.017
- Arrival Time                  1.003
= Slack Time                    0.013
     Clock Rise Edge                 0.000
     + Clock Network Latency (Ideal) 0.000
     = Beginpoint Arrival Time       0.000
     +------------------------------------------------------------------------------------------------------------+ 
     |                      Instance                      |    Arc     |    Cell     | Delay | Arrival | Required | 
     |                                                    |            |             |       |  Time   |   Time   | 
     |----------------------------------------------------+------------+-------------+-------+---------+----------| 
     | u_core_gen_pd_row[0].gen_pd_col[0].u_pd/hit_latche | C ^        |             |       |   0.000 |    0.013 | 
     | d_reg                                              |            |             |       |         |          | 
     | u_core_gen_pd_row[0].gen_pd_col[0].u_pd/hit_latche | C ^ -> Q ^ | DFRRQJIHDX1 | 0.491 |   0.491 |    0.505 | 
     | d_reg                                              |            |             |       |         |          | 
     | u_core_gen_pd_row[0].gen_pd_col[0].u_pd/FE_OFC790_ | A ^ -> Q v | INJIHDX2    | 0.174 |   0.665 |    0.679 | 
     | hit_latched_41                                     |            |             |       |         |          | 
     | u_core_gen_pd_row[0].gen_pd_col[0].u_pd/FE_OFC791_ | A v -> Q ^ | INJIHDX1    | 0.178 |   0.843 |    0.857 | 
     | hit_latched_41                                     |            |             |       |         |          | 
     | u_core_gen_pd_row[0].gen_pd_col[0].u_pd/g437__2802 | B ^ -> Q v | ON22JIHDX0  | 0.160 |   1.003 |    1.017 | 
     | u_core_gen_pd_row[0].gen_pd_col[0].u_pd/nfast_hit_ | D v        | DFRJIHDX1   | 0.000 |   1.003 |    1.017 | 
     | latched_reg[2]                                     |            |             |       |         |          | 
     +------------------------------------------------------------------------------------------------------------+ 
Path 92: MET Setup Check with Pin u_core_gen_pd_row[0].gen_pd_col[7].u_pd/nfast_
hit_latched_reg[6]/C 
Endpoint:   u_core_gen_pd_row[0].gen_pd_col[7].u_pd/nfast_hit_latched_reg[6]/D 
(v) checked with  leading edge of 'clk_osc_fast_buf_tap7'
Beginpoint: u_core_gen_pd_row[0].gen_pd_col[7].u_pd/hit_latched_reg/Q          
(v) triggered by  leading edge of 'clk_osc_fast_buf_tap7'
Path Groups: {clk_osc_fast_buf_tap7}
Analysis View: TC_NOMINAL
Other End Arrival Time          0.518
- Setup                         0.317
+ Phase Shift                   1.333
- Uncertainty                   0.010
= Required Time                 1.524
- Arrival Time                  1.510
= Slack Time                    0.014
     Clock Rise Edge                 0.518
     + Clock Network Latency (Ideal) 0.000
     = Beginpoint Arrival Time       0.518
     +------------------------------------------------------------------------------------------------------------+ 
     |                      Instance                      |    Arc     |    Cell     | Delay | Arrival | Required | 
     |                                                    |            |             |       |  Time   |   Time   | 
     |----------------------------------------------------+------------+-------------+-------+---------+----------| 
     | u_core_gen_pd_row[0].gen_pd_col[7].u_pd/hit_latche | C ^        |             |       |   0.518 |    0.532 | 
     | d_reg                                              |            |             |       |         |          | 
     | u_core_gen_pd_row[0].gen_pd_col[7].u_pd/hit_latche | C ^ -> Q v | DFRRQJIHDX1 | 0.648 |   1.166 |    1.180 | 
     | d_reg                                              |            |             |       |         |          | 
     | u_core_gen_pd_row[0].gen_pd_col[7].u_pd/FE_OFC766_ | A v -> Q ^ | INJIHDX3    | 0.175 |   1.341 |    1.355 | 
     | u_core_pd_hit_level_7                              |            |             |       |         |          | 
     | u_core_gen_pd_row[0].gen_pd_col[7].u_pd/g441__7098 | D ^ -> Q v | ON22JIHDX0  | 0.169 |   1.510 |    1.524 | 
     | u_core_gen_pd_row[0].gen_pd_col[7].u_pd/nfast_hit_ | D v        | DFRJIHDX1   | 0.000 |   1.510 |    1.524 | 
     | latched_reg[6]                                     |            |             |       |         |          | 
     +------------------------------------------------------------------------------------------------------------+ 
Path 93: MET Setup Check with Pin u_core_u_drain_ctrl_stride_pending_rec_q_
reg[hit][nfast][3]/C 
Endpoint:   u_core_u_drain_ctrl_stride_pending_rec_q_reg[hit][nfast][3]/D (^) 
checked with  leading edge of 'clk_sys'
Beginpoint: u_core_u_drain_ctrl_pd_scan_q_reg[1]/Q                        (v) 
triggered by  leading edge of 'clk_sys'
Path Groups: {clk_sys}
Analysis View: TC_NOMINAL
Other End Arrival Time          0.000
- Setup                         0.101
+ Phase Shift                   6.250
- Uncertainty                   0.300
= Required Time                 5.849
- Arrival Time                  5.835
= Slack Time                    0.014
     Clock Rise Edge                 0.000
     + Clock Network Latency (Ideal) 0.000
     = Beginpoint Arrival Time       0.000
     +------------------------------------------------------------------------------------------------------------+ 
     |                      Instance                      |    Arc     |    Cell     | Delay | Arrival | Required | 
     |                                                    |            |             |       |  Time   |   Time   | 
     |----------------------------------------------------+------------+-------------+-------+---------+----------| 
     | u_core_u_drain_ctrl_pd_scan_q_reg[1]               | C ^        |             |       |   0.000 |    0.014 | 
     | u_core_u_drain_ctrl_pd_scan_q_reg[1]               | C ^ -> Q v | DFRSJIHDX1  | 0.648 |   0.648 |    0.662 | 
     | FE_OFC361_n_4894                                   | A v -> Q ^ | INJIHDX4    | 0.287 |   0.935 |    0.949 | 
     | u_core_g44931                                      | A ^ -> Q ^ | AND2JIHDX2  | 0.438 |   1.374 |    1.388 | 
     | u_core_g44344                                      | D ^ -> Q v | AN222JIHDX1 | 0.318 |   1.691 |    1.705 | 
     | u_core_g44287                                      | C v -> Q ^ | ON22JIHDX0  | 0.392 |   2.083 |    2.097 | 
     | u_core_g44259                                      | B ^ -> Q v | NO2JIHDX1   | 0.140 |   2.223 |    2.237 | 
     | u_core_g44220                                      | A v -> Q v | NA22JIHDX1  | 0.196 |   2.419 |    2.433 | 
     | u_core_g2                                          | B v -> Q ^ | NA2I1JIHDX2 | 0.131 |   2.550 |    2.564 | 
     | u_core_g44212                                      | B ^ -> Q v | NA3JIHDX2   | 0.145 |   2.696 |    2.710 | 
     | u_core_g80084                                      | B v -> Q ^ | NA2JIHDX1   | 0.255 |   2.951 |    2.965 | 
     | g81375                                             | A ^ -> Q ^ | AND3JIHDX2  | 0.257 |   3.208 |    3.222 | 
     | u_core_g71446                                      | A ^ -> Q ^ | AND2JIHDX2  | 0.240 |   3.448 |    3.462 | 
     | u_core_g71396                                      | A ^ -> Q ^ | AND3JIHDX2  | 0.375 |   3.822 |    3.836 | 
     | FE_OFC536_u_core_n_58000                           | A ^ -> Q v | INJIHDX1    | 0.168 |   3.990 |    4.004 | 
     | u_core_g71363                                      | A v -> Q v | OR2JIHDX4   | 0.459 |   4.449 |    4.463 | 
     | u_core_g71308                                      | A v -> Q ^ | NO2JIHDX2   | 0.374 |   4.823 |    4.837 | 
     | u_core_g71159                                      | A ^ -> Q v | AN22JIHDX1  | 0.236 |   5.059 |    5.073 | 
     | u_core_g71074                                      | D v -> Q ^ | NA4JIHDX1   | 0.451 |   5.510 |    5.524 | 
     | u_core_g71051                                      | F ^ -> Q v | NO6I5JIHDX1 | 0.174 |   5.684 |    5.698 | 
     | u_core_g71043                                      | C v -> Q ^ | NA3I2JIHDX1 | 0.151 |   5.835 |    5.849 | 
     | u_core_u_drain_ctrl_stride_pending_rec_q_reg[hit][ | D ^        | DFRQJIHDX1  | 0.000 |   5.835 |    5.849 | 
     | nfast][3]                                          |            |             |       |         |          | 
     +------------------------------------------------------------------------------------------------------------+ 
Path 94: MET Setup Check with Pin u_core_gen_pd_row[0].gen_pd_col[0].u_pd/nfast_
hit_latched_reg[3]/C 
Endpoint:   u_core_gen_pd_row[0].gen_pd_col[0].u_pd/nfast_hit_latched_reg[3]/D 
(v) checked with  leading edge of 'clk_osc_fast_buf_tap0'
Beginpoint: u_core_gen_pd_row[0].gen_pd_col[0].u_pd/hit_latched_reg/Q          
(^) triggered by  leading edge of 'clk_osc_fast_buf_tap0'
Path Groups: {clk_osc_fast_buf_tap0}
Analysis View: TC_NOMINAL
Other End Arrival Time          0.000
- Setup                         0.299
+ Phase Shift                   1.333
- Uncertainty                   0.010
= Required Time                 1.024
- Arrival Time                  1.010
= Slack Time                    0.014
     Clock Rise Edge                 0.000
     + Clock Network Latency (Ideal) 0.000
     = Beginpoint Arrival Time       0.000
     +------------------------------------------------------------------------------------------------------------+ 
     |                      Instance                      |    Arc     |    Cell     | Delay | Arrival | Required | 
     |                                                    |            |             |       |  Time   |   Time   | 
     |----------------------------------------------------+------------+-------------+-------+---------+----------| 
     | u_core_gen_pd_row[0].gen_pd_col[0].u_pd/hit_latche | C ^        |             |       |   0.000 |    0.014 | 
     | d_reg                                              |            |             |       |         |          | 
     | u_core_gen_pd_row[0].gen_pd_col[0].u_pd/hit_latche | C ^ -> Q ^ | DFRRQJIHDX1 | 0.491 |   0.491 |    0.505 | 
     | d_reg                                              |            |             |       |         |          | 
     | u_core_gen_pd_row[0].gen_pd_col[0].u_pd/FE_OFC790_ | A ^ -> Q v | INJIHDX2    | 0.174 |   0.665 |    0.679 | 
     | hit_latched_41                                     |            |             |       |         |          | 
     | u_core_gen_pd_row[0].gen_pd_col[0].u_pd/FE_OFC791_ | A v -> Q ^ | INJIHDX1    | 0.178 |   0.843 |    0.857 | 
     | hit_latched_41                                     |            |             |       |         |          | 
     | u_core_gen_pd_row[0].gen_pd_col[0].u_pd/g436__1617 | B ^ -> Q v | ON22JIHDX0  | 0.167 |   1.010 |    1.024 | 
     | u_core_gen_pd_row[0].gen_pd_col[0].u_pd/nfast_hit_ | D v        | DFRJIHDX2   | 0.000 |   1.010 |    1.024 | 
     | latched_reg[3]                                     |            |             |       |         |          | 
     +------------------------------------------------------------------------------------------------------------+ 
Path 95: MET Setup Check with Pin u_core_gen_fast_tag_col[4].u_fast_tag_tag_o_
reg[0]/C 
Endpoint:   u_core_gen_fast_tag_col[4].u_fast_tag_tag_o_reg[0]/D (v) checked 
with  leading edge of 'clk_osc_fast_buf_tap4'
Beginpoint: u_core_gen_fast_tag_col[4].u_fast_tag_tag_o_reg[5]/Q (v) triggered 
by  leading edge of 'clk_osc_fast_buf_tap4'
Path Groups: {clk_osc_fast_buf_tap4}
Analysis View: TC_NOMINAL
Other End Arrival Time          0.296
- Setup                         0.355
+ Phase Shift                   1.333
- Uncertainty                   0.010
= Required Time                 1.264
- Arrival Time                  1.250
= Slack Time                    0.014
     Clock Rise Edge                 0.296
     + Clock Network Latency (Ideal) 0.000
     = Beginpoint Arrival Time       0.296
     +------------------------------------------------------------------------------------------------------------+ 
     |                      Instance                      |    Arc     |    Cell     | Delay | Arrival | Required | 
     |                                                    |            |             |       |  Time   |   Time   | 
     |----------------------------------------------------+------------+-------------+-------+---------+----------| 
     | u_core_gen_fast_tag_col[4].u_fast_tag_tag_o_reg[5] | C ^        |             |       |   0.296 |    0.310 | 
     | u_core_gen_fast_tag_col[4].u_fast_tag_tag_o_reg[5] | C ^ -> Q v | DFRRQJIHDX1 | 0.493 |   0.789 |    0.803 | 
     | FE_OCPC483_u_core_n_1551                           | A v -> Q ^ | INJIHDX3    | 0.279 |   1.068 |    1.082 | 
     | g80976                                             | A ^ -> Q v | ON22JIHDX0  | 0.181 |   1.249 |    1.263 | 
     | u_core_gen_fast_tag_col[4].u_fast_tag_tag_o_reg[0] | D v        | DFRSQJIHDX1 | 0.000 |   1.250 |    1.264 | 
     +------------------------------------------------------------------------------------------------------------+ 
Path 96: MET Setup Check with Pin u_core_gen_pd_row[3].gen_pd_col[3].u_pd/nfast_
hit_latched_reg[6]/C 
Endpoint:   u_core_gen_pd_row[3].gen_pd_col[3].u_pd/nfast_hit_latched_reg[6]/D 
(v) checked with  leading edge of 'clk_osc_fast_buf_tap3'
Beginpoint: u_core_gen_pd_row[3].gen_pd_col[3].u_pd/hit_latched_reg/Q          
(v) triggered by  leading edge of 'clk_osc_fast_buf_tap3'
Path Groups: {clk_osc_fast_buf_tap3}
Analysis View: TC_NOMINAL
Other End Arrival Time          0.222
- Setup                         0.299
+ Phase Shift                   1.333
- Uncertainty                   0.010
= Required Time                 1.246
- Arrival Time                  1.232
= Slack Time                    0.014
     Clock Rise Edge                 0.222
     + Clock Network Latency (Ideal) 0.000
     = Beginpoint Arrival Time       0.222
     +------------------------------------------------------------------------------------------------------------+ 
     |                      Instance                      |    Arc     |    Cell     | Delay | Arrival | Required | 
     |                                                    |            |             |       |  Time   |   Time   | 
     |----------------------------------------------------+------------+-------------+-------+---------+----------| 
     | u_core_gen_pd_row[3].gen_pd_col[3].u_pd/hit_latche | C ^        |             |       |   0.222 |    0.236 | 
     | d_reg                                              |            |             |       |         |          | 
     | u_core_gen_pd_row[3].gen_pd_col[3].u_pd/hit_latche | C ^ -> Q v | DFRRQJIHDX2 | 0.673 |   0.895 |    0.909 | 
     | d_reg                                              |            |             |       |         |          | 
     | u_core_gen_pd_row[3].gen_pd_col[3].u_pd/FE_OFC741_ | A v -> Q ^ | INJIHDX3    | 0.199 |   1.094 |    1.108 | 
     | FE_OCPN4965_u_core_pd_hit_level_27                 |            |             |       |         |          | 
     | u_core_gen_pd_row[3].gen_pd_col[3].u_pd/g441__5107 | D ^ -> Q v | ON22JIHDX1  | 0.138 |   1.232 |    1.246 | 
     | u_core_gen_pd_row[3].gen_pd_col[3].u_pd/nfast_hit_ | D v        | DFRJIHDX1   | 0.000 |   1.232 |    1.246 | 
     | latched_reg[6]                                     |            |             |       |         |          | 
     +------------------------------------------------------------------------------------------------------------+ 
Path 97: MET Setup Check with Pin u_core_gen_pd_row[2].gen_pd_col[6].u_pd/nfast_
hit_latched_reg[0]/C 
Endpoint:   u_core_gen_pd_row[2].gen_pd_col[6].u_pd/nfast_hit_latched_reg[0]/D 
(v) checked with  leading edge of 'clk_osc_fast_buf_tap6'
Beginpoint: u_core_gen_pd_row[2].gen_pd_col[6].u_pd/hit_latched_reg/Q          
(v) triggered by  leading edge of 'clk_osc_fast_buf_tap6'
Path Groups: {clk_osc_fast_buf_tap6}
Analysis View: TC_NOMINAL
Other End Arrival Time          0.444
- Setup                         0.334
+ Phase Shift                   1.333
- Uncertainty                   0.010
= Required Time                 1.433
- Arrival Time                  1.419
= Slack Time                    0.014
     Clock Rise Edge                 0.444
     + Clock Network Latency (Ideal) 0.000
     = Beginpoint Arrival Time       0.444
     +------------------------------------------------------------------------------------------------------------+ 
     |                      Instance                      |    Arc     |    Cell     | Delay | Arrival | Required | 
     |                                                    |            |             |       |  Time   |   Time   | 
     |----------------------------------------------------+------------+-------------+-------+---------+----------| 
     | u_core_gen_pd_row[2].gen_pd_col[6].u_pd/hit_latche | C ^        |             |       |   0.444 |    0.458 | 
     | d_reg                                              |            |             |       |         |          | 
     | u_core_gen_pd_row[2].gen_pd_col[6].u_pd/hit_latche | C ^ -> Q v | DFRRQJIHDX1 | 0.477 |   0.921 |    0.935 | 
     | d_reg                                              |            |             |       |         |          | 
     | u_core_gen_pd_row[2].gen_pd_col[6].u_pd/FE_OFC751_ | A v -> Q v | BUJIHDX2    | 0.290 |   1.211 |    1.225 | 
     | hit_latched_41                                     |            |             |       |         |          | 
     | u_core_gen_pd_row[2].gen_pd_col[6].u_pd/g25        | B v -> Q v | NA22JIHDX1  | 0.208 |   1.419 |    1.433 | 
     | u_core_gen_pd_row[2].gen_pd_col[6].u_pd/nfast_hit_ | D v        | DFRSQJIHDX1 | 0.000 |   1.419 |    1.433 | 
     | latched_reg[0]                                     |            |             |       |         |          | 
     +------------------------------------------------------------------------------------------------------------+ 
Path 98: MET Setup Check with Pin u_core_gen_pd_row[3].gen_pd_col[1].u_pd/nfast_
hit_latched_reg[5]/C 
Endpoint:   u_core_gen_pd_row[3].gen_pd_col[1].u_pd/nfast_hit_latched_reg[5]/D 
(v) checked with  leading edge of 'clk_osc_fast_buf_tap1'
Beginpoint: u_core_gen_pd_row[3].gen_pd_col[1].u_pd/hit_latched_reg/Q          
(^) triggered by  leading edge of 'clk_osc_fast_buf_tap1'
Path Groups: {clk_osc_fast_buf_tap1}
Analysis View: TC_NOMINAL
Other End Arrival Time          0.074
- Setup                         0.303
+ Phase Shift                   1.333
- Uncertainty                   0.010
= Required Time                 1.094
- Arrival Time                  1.080
= Slack Time                    0.015
     Clock Rise Edge                 0.074
     + Clock Network Latency (Ideal) 0.000
     = Beginpoint Arrival Time       0.074
     +------------------------------------------------------------------------------------------------------------+ 
     |                      Instance                      |    Arc     |    Cell     | Delay | Arrival | Required | 
     |                                                    |            |             |       |  Time   |   Time   | 
     |----------------------------------------------------+------------+-------------+-------+---------+----------| 
     | u_core_gen_pd_row[3].gen_pd_col[1].u_pd/hit_latche | C ^        |             |       |   0.074 |    0.089 | 
     | d_reg                                              |            |             |       |         |          | 
     | u_core_gen_pd_row[3].gen_pd_col[1].u_pd/hit_latche | C ^ -> Q ^ | DFRRQJIHDX2 | 0.502 |   0.576 |    0.590 | 
     | d_reg                                              |            |             |       |         |          | 
     | u_core_gen_pd_row[3].gen_pd_col[1].u_pd/g27        | A ^ -> Q v | INJIHDX3    | 0.148 |   0.723 |    0.738 | 
     | u_core_gen_pd_row[3].gen_pd_col[1].u_pd/g25        | A v -> Q ^ | INJIHDX4    | 0.191 |   0.915 |    0.929 | 
     | u_core_gen_pd_row[3].gen_pd_col[1].u_pd/g442__6783 | B ^ -> Q v | ON22JIHDX0  | 0.165 |   1.080 |    1.094 | 
     | u_core_gen_pd_row[3].gen_pd_col[1].u_pd/nfast_hit_ | D v        | DFRJIHDX1   | 0.000 |   1.080 |    1.094 | 
     | latched_reg[5]                                     |            |             |       |         |          | 
     +------------------------------------------------------------------------------------------------------------+ 
Path 99: MET Setup Check with Pin u_core_gen_pd_row[7].gen_pd_col[4].u_pd/nfast_
hit_latched_reg[1]/C 
Endpoint:   u_core_gen_pd_row[7].gen_pd_col[4].u_pd/nfast_hit_latched_reg[1]/D 
(v) checked with  leading edge of 'clk_osc_fast_buf_tap4'
Beginpoint: u_core_gen_fast_tag_col[4].u_fast_tag_tag_o_reg[1]/Q               
(v) triggered by  leading edge of 'clk_osc_fast_buf_tap4'
Path Groups: {clk_osc_fast_buf_tap4}
Analysis View: TC_NOMINAL
Other End Arrival Time          0.296
- Setup                         0.312
+ Phase Shift                   1.333
- Uncertainty                   0.010
= Required Time                 1.307
- Arrival Time                  1.292
= Slack Time                    0.015
     Clock Rise Edge                 0.296
     + Clock Network Latency (Ideal) 0.000
     = Beginpoint Arrival Time       0.296
     +------------------------------------------------------------------------------------------------------------+ 
     |                      Instance                      |    Arc     |    Cell     | Delay | Arrival | Required | 
     |                                                    |            |             |       |  Time   |   Time   | 
     |----------------------------------------------------+------------+-------------+-------+---------+----------| 
     | u_core_gen_fast_tag_col[4].u_fast_tag_tag_o_reg[1] | C ^        |             |       |   0.296 |    0.311 | 
     | u_core_gen_fast_tag_col[4].u_fast_tag_tag_o_reg[1] | C ^ -> Q v | DFRRQJIHDX1 | 0.526 |   0.822 |    0.837 | 
     | FE_OFC111_u_core_fast_tag_col_4__1                 | A v -> Q ^ | INJIHDX3    | 0.287 |   1.110 |    1.124 | 
     | u_core_gen_pd_row[7].gen_pd_col[4].u_pd/g438__6260 | A ^ -> Q v | ON22JIHDX0  | 0.182 |   1.292 |    1.307 | 
     | u_core_gen_pd_row[7].gen_pd_col[4].u_pd/nfast_hit_ | D v        | DFRJIHDX1   | 0.000 |   1.292 |    1.307 | 
     | latched_reg[1]                                     |            |             |       |         |          | 
     +------------------------------------------------------------------------------------------------------------+ 
Path 100: MET Setup Check with Pin u_core_gen_pd_row[7].gen_pd_col[7].u_pd/
nfast_hit_latched_reg[2]/C 
Endpoint:   u_core_gen_pd_row[7].gen_pd_col[7].u_pd/nfast_hit_latched_reg[2]/D 
(v) checked with  leading edge of 'clk_osc_fast_buf_tap7'
Beginpoint: u_core_gen_fast_tag_col[7].u_fast_tag_tag_o_reg[2]/Q               
(v) triggered by  leading edge of 'clk_osc_fast_buf_tap7'
Path Groups: {clk_osc_fast_buf_tap7}
Analysis View: TC_NOMINAL
Other End Arrival Time          0.518
- Setup                         0.307
+ Phase Shift                   1.333
- Uncertainty                   0.010
= Required Time                 1.534
- Arrival Time                  1.520
= Slack Time                    0.015
     Clock Rise Edge                 0.518
     + Clock Network Latency (Ideal) 0.000
     = Beginpoint Arrival Time       0.518
     +------------------------------------------------------------------------------------------------------------+ 
     |                      Instance                      |    Arc     |    Cell     | Delay | Arrival | Required | 
     |                                                    |            |             |       |  Time   |   Time   | 
     |----------------------------------------------------+------------+-------------+-------+---------+----------| 
     | u_core_gen_fast_tag_col[7].u_fast_tag_tag_o_reg[2] | C ^        |             |       |   0.518 |    0.533 | 
     | u_core_gen_fast_tag_col[7].u_fast_tag_tag_o_reg[2] | C ^ -> Q v | DFRRQJIHDX1 | 0.493 |   1.011 |    1.025 | 
     | FE_OFC856_u_core_fast_tag_col_7__2                 | A v -> Q ^ | INJIHDX2    | 0.334 |   1.345 |    1.359 | 
     | u_core_gen_pd_row[7].gen_pd_col[7].u_pd/g437__2802 | A ^ -> Q v | ON22JIHDX0  | 0.175 |   1.520 |    1.534 | 
     | u_core_gen_pd_row[7].gen_pd_col[7].u_pd/nfast_hit_ | D v        | DFRJIHDX1   | 0.000 |   1.520 |    1.534 | 
     | latched_reg[2]                                     |            |             |       |         |          | 
     +------------------------------------------------------------------------------------------------------------+ 

