classification,report,path,status,slack_ps,group,start_clock,end_clock,startpoint,endpoint
OSC_FAST_REAL,/home/validmgr/ksabra/2026_SPAD/SPADMIC/results/genus_osc_pd/20260602_o4_muxless_tags_r600_o4_r600_closure/timing_violations.rpt,1,VIOLATED,-1316,clk_osc_fast_tap6,clk_osc_fast_tap6,clk_osc_fast_tap6,(R) u_core_gen_pd_row[7].gen_pd_col[6].u_pd/hit_latched_reg/C,(F) u_core_gen_pd_row[7].gen_pd_col[6].u_pd/nfast_hit_latched_reg[3]/D
OSC_FAST_REAL,/home/validmgr/ksabra/2026_SPAD/SPADMIC/results/genus_osc_pd/20260602_o4_muxless_tags_r600_o4_r600_closure/timing_violations.rpt,2,VIOLATED,-1316,clk_osc_fast_tap6,clk_osc_fast_tap6,clk_osc_fast_tap6,(R) u_core_gen_pd_row[7].gen_pd_col[6].u_pd/hit_latched_reg/C,(F) u_core_gen_pd_row[7].gen_pd_col[6].u_pd/nfast_hit_latched_reg[4]/D
OSC_FAST_REAL,/home/validmgr/ksabra/2026_SPAD/SPADMIC/results/genus_osc_pd/20260602_o4_muxless_tags_r600_o4_r600_closure/timing_violations.rpt,3,VIOLATED,-1316,clk_osc_fast_tap6,clk_osc_fast_tap6,clk_osc_fast_tap6,(R) u_core_gen_pd_row[7].gen_pd_col[6].u_pd/hit_latched_reg/C,(F) u_core_gen_pd_row[7].gen_pd_col[6].u_pd/nfast_hit_latched_reg[5]/D
OSC_FAST_REAL,/home/validmgr/ksabra/2026_SPAD/SPADMIC/results/genus_osc_pd/20260602_o4_muxless_tags_r600_o4_r600_closure/timing_violations.rpt,4,VIOLATED,-1316,clk_osc_fast_tap6,clk_osc_fast_tap6,clk_osc_fast_tap6,(R) u_core_gen_pd_row[7].gen_pd_col[6].u_pd/hit_latched_reg/C,(F) u_core_gen_pd_row[7].gen_pd_col[6].u_pd/nfast_hit_latched_reg[2]/D
OSC_FAST_REAL,/home/validmgr/ksabra/2026_SPAD/SPADMIC/results/genus_osc_pd/20260602_o4_muxless_tags_r600_o4_r600_closure/timing_violations.rpt,5,VIOLATED,-1316,clk_osc_fast_tap6,clk_osc_fast_tap6,clk_osc_fast_tap6,(R) u_core_gen_pd_row[7].gen_pd_col[6].u_pd/hit_latched_reg/C,(F) u_core_gen_pd_row[7].gen_pd_col[6].u_pd/nfast_hit_latched_reg[0]/D
OSC_FAST_REAL,/home/validmgr/ksabra/2026_SPAD/SPADMIC/results/genus_osc_pd/20260602_o4_muxless_tags_r600_o4_r600_closure/timing_violations.rpt,6,VIOLATED,-1316,clk_osc_fast_tap6,clk_osc_fast_tap6,clk_osc_fast_tap6,(R) u_core_gen_pd_row[7].gen_pd_col[6].u_pd/hit_latched_reg/C,(F) u_core_gen_pd_row[7].gen_pd_col[6].u_pd/nfast_hit_latched_reg[1]/D
OSC_FAST_REAL,/home/validmgr/ksabra/2026_SPAD/SPADMIC/results/genus_osc_pd/20260602_o4_muxless_tags_r600_o4_r600_closure/timing_violations.rpt,7,VIOLATED,-1316,clk_osc_fast_tap3,clk_osc_fast_tap3,clk_osc_fast_tap3,(R) u_core_gen_pd_row[5].gen_pd_col[3].u_pd/hit_latched_reg/C,(F) u_core_gen_pd_row[5].gen_pd_col[3].u_pd/nfast_hit_latched_reg[6]/D
OSC_FAST_REAL,/home/validmgr/ksabra/2026_SPAD/SPADMIC/results/genus_osc_pd/20260602_o4_muxless_tags_r600_o4_r600_closure/timing_violations.rpt,8,VIOLATED,-1316,clk_osc_fast_tap3,clk_osc_fast_tap3,clk_osc_fast_tap3,(R) u_core_gen_pd_row[5].gen_pd_col[3].u_pd/hit_latched_reg/C,(F) u_core_gen_pd_row[5].gen_pd_col[3].u_pd/nfast_hit_latched_reg[3]/D
OSC_FAST_REAL,/home/validmgr/ksabra/2026_SPAD/SPADMIC/results/genus_osc_pd/20260602_o4_muxless_tags_r600_o4_r600_closure/timing_violations.rpt,9,VIOLATED,-1316,clk_osc_fast_tap3,clk_osc_fast_tap3,clk_osc_fast_tap3,(R) u_core_gen_pd_row[5].gen_pd_col[3].u_pd/hit_latched_reg/C,(F) u_core_gen_pd_row[5].gen_pd_col[3].u_pd/nfast_hit_latched_reg[4]/D
OSC_FAST_REAL,/home/validmgr/ksabra/2026_SPAD/SPADMIC/results/genus_osc_pd/20260602_o4_muxless_tags_r600_o4_r600_closure/timing_violations.rpt,10,VIOLATED,-1316,clk_osc_fast_tap3,clk_osc_fast_tap3,clk_osc_fast_tap3,(R) u_core_gen_pd_row[5].gen_pd_col[3].u_pd/hit_latched_reg/C,(F) u_core_gen_pd_row[5].gen_pd_col[3].u_pd/nfast_hit_latched_reg[5]/D
OSC_FAST_REAL,/home/validmgr/ksabra/2026_SPAD/SPADMIC/results/genus_osc_pd/20260602_o4_muxless_tags_r600_o4_r600_closure/timing_violations.rpt,11,VIOLATED,-1316,clk_osc_fast_tap3,clk_osc_fast_tap3,clk_osc_fast_tap3,(R) u_core_gen_pd_row[5].gen_pd_col[3].u_pd/hit_latched_reg/C,(F) u_core_gen_pd_row[5].gen_pd_col[3].u_pd/nfast_hit_latched_reg[2]/D
OSC_FAST_REAL,/home/validmgr/ksabra/2026_SPAD/SPADMIC/results/genus_osc_pd/20260602_o4_muxless_tags_r600_o4_r600_closure/timing_violations.rpt,12,VIOLATED,-1316,clk_osc_fast_tap3,clk_osc_fast_tap3,clk_osc_fast_tap3,(R) u_core_gen_pd_row[5].gen_pd_col[3].u_pd/hit_latched_reg/C,(F) u_core_gen_pd_row[5].gen_pd_col[3].u_pd/nfast_hit_latched_reg[0]/D
OSC_FAST_REAL,/home/validmgr/ksabra/2026_SPAD/SPADMIC/results/genus_osc_pd/20260602_o4_muxless_tags_r600_o4_r600_closure/timing_violations.rpt,13,VIOLATED,-1316,clk_osc_fast_tap3,clk_osc_fast_tap3,clk_osc_fast_tap3,(R) u_core_gen_pd_row[5].gen_pd_col[3].u_pd/hit_latched_reg/C,(F) u_core_gen_pd_row[5].gen_pd_col[3].u_pd/nfast_hit_latched_reg[1]/D
OSC_FAST_REAL,/home/validmgr/ksabra/2026_SPAD/SPADMIC/results/genus_osc_pd/20260602_o4_muxless_tags_r600_o4_r600_closure/timing_violations.rpt,14,VIOLATED,-1316,clk_osc_fast_tap6,clk_osc_fast_tap6,clk_osc_fast_tap6,(R) u_core_gen_pd_row[3].gen_pd_col[6].u_pd/hit_latched_reg/C,(F) u_core_gen_pd_row[3].gen_pd_col[6].u_pd/nfast_hit_latched_reg[6]/D
OSC_FAST_REAL,/home/validmgr/ksabra/2026_SPAD/SPADMIC/results/genus_osc_pd/20260602_o4_muxless_tags_r600_o4_r600_closure/timing_violations.rpt,15,VIOLATED,-1316,clk_osc_fast_tap6,clk_osc_fast_tap6,clk_osc_fast_tap6,(R) u_core_gen_pd_row[3].gen_pd_col[6].u_pd/hit_latched_reg/C,(F) u_core_gen_pd_row[3].gen_pd_col[6].u_pd/nfast_hit_latched_reg[3]/D
OSC_FAST_REAL,/home/validmgr/ksabra/2026_SPAD/SPADMIC/results/genus_osc_pd/20260602_o4_muxless_tags_r600_o4_r600_closure/timing_violations.rpt,16,VIOLATED,-1316,clk_osc_fast_tap6,clk_osc_fast_tap6,clk_osc_fast_tap6,(R) u_core_gen_pd_row[3].gen_pd_col[6].u_pd/hit_latched_reg/C,(F) u_core_gen_pd_row[3].gen_pd_col[6].u_pd/nfast_hit_latched_reg[4]/D
OSC_FAST_REAL,/home/validmgr/ksabra/2026_SPAD/SPADMIC/results/genus_osc_pd/20260602_o4_muxless_tags_r600_o4_r600_closure/timing_violations.rpt,17,VIOLATED,-1316,clk_osc_fast_tap6,clk_osc_fast_tap6,clk_osc_fast_tap6,(R) u_core_gen_pd_row[3].gen_pd_col[6].u_pd/hit_latched_reg/C,(F) u_core_gen_pd_row[3].gen_pd_col[6].u_pd/nfast_hit_latched_reg[5]/D
OSC_FAST_REAL,/home/validmgr/ksabra/2026_SPAD/SPADMIC/results/genus_osc_pd/20260602_o4_muxless_tags_r600_o4_r600_closure/timing_violations.rpt,18,VIOLATED,-1316,clk_osc_fast_tap6,clk_osc_fast_tap6,clk_osc_fast_tap6,(R) u_core_gen_pd_row[3].gen_pd_col[6].u_pd/hit_latched_reg/C,(F) u_core_gen_pd_row[3].gen_pd_col[6].u_pd/nfast_hit_latched_reg[2]/D
OSC_FAST_REAL,/home/validmgr/ksabra/2026_SPAD/SPADMIC/results/genus_osc_pd/20260602_o4_muxless_tags_r600_o4_r600_closure/timing_violations.rpt,19,VIOLATED,-1316,clk_osc_fast_tap6,clk_osc_fast_tap6,clk_osc_fast_tap6,(R) u_core_gen_pd_row[3].gen_pd_col[6].u_pd/hit_latched_reg/C,(F) u_core_gen_pd_row[3].gen_pd_col[6].u_pd/nfast_hit_latched_reg[0]/D
OSC_FAST_REAL,/home/validmgr/ksabra/2026_SPAD/SPADMIC/results/genus_osc_pd/20260602_o4_muxless_tags_r600_o4_r600_closure/timing_violations.rpt,20,VIOLATED,-1316,clk_osc_fast_tap6,clk_osc_fast_tap6,clk_osc_fast_tap6,(R) u_core_gen_pd_row[3].gen_pd_col[6].u_pd/hit_latched_reg/C,(F) u_core_gen_pd_row[3].gen_pd_col[6].u_pd/nfast_hit_latched_reg[1]/D
OSC_FAST_REAL,/home/validmgr/ksabra/2026_SPAD/SPADMIC/results/genus_osc_pd/20260602_o4_muxless_tags_r600_o4_r600_closure/timing_violations.rpt,21,VIOLATED,-1316,clk_osc_fast_tap7,clk_osc_fast_tap7,clk_osc_fast_tap7,(R) u_core_gen_pd_row[2].gen_pd_col[7].u_pd/hit_latched_reg/C,(F) u_core_gen_pd_row[2].gen_pd_col[7].u_pd/nfast_hit_latched_reg[6]/D
OSC_FAST_REAL,/home/validmgr/ksabra/2026_SPAD/SPADMIC/results/genus_osc_pd/20260602_o4_muxless_tags_r600_o4_r600_closure/timing_violations.rpt,22,VIOLATED,-1316,clk_osc_fast_tap7,clk_osc_fast_tap7,clk_osc_fast_tap7,(R) u_core_gen_pd_row[2].gen_pd_col[7].u_pd/hit_latched_reg/C,(F) u_core_gen_pd_row[2].gen_pd_col[7].u_pd/nfast_hit_latched_reg[4]/D
OSC_FAST_REAL,/home/validmgr/ksabra/2026_SPAD/SPADMIC/results/genus_osc_pd/20260602_o4_muxless_tags_r600_o4_r600_closure/timing_violations.rpt,23,VIOLATED,-1316,clk_osc_fast_tap7,clk_osc_fast_tap7,clk_osc_fast_tap7,(R) u_core_gen_pd_row[2].gen_pd_col[7].u_pd/hit_latched_reg/C,(F) u_core_gen_pd_row[2].gen_pd_col[7].u_pd/nfast_hit_latched_reg[5]/D
OSC_FAST_REAL,/home/validmgr/ksabra/2026_SPAD/SPADMIC/results/genus_osc_pd/20260602_o4_muxless_tags_r600_o4_r600_closure/timing_violations.rpt,24,VIOLATED,-1316,clk_osc_fast_tap7,clk_osc_fast_tap7,clk_osc_fast_tap7,(R) u_core_gen_pd_row[2].gen_pd_col[7].u_pd/hit_latched_reg/C,(F) u_core_gen_pd_row[2].gen_pd_col[7].u_pd/nfast_hit_latched_reg[2]/D
OSC_FAST_REAL,/home/validmgr/ksabra/2026_SPAD/SPADMIC/results/genus_osc_pd/20260602_o4_muxless_tags_r600_o4_r600_closure/timing_violations.rpt,25,VIOLATED,-1316,clk_osc_fast_tap7,clk_osc_fast_tap7,clk_osc_fast_tap7,(R) u_core_gen_pd_row[2].gen_pd_col[7].u_pd/hit_latched_reg/C,(F) u_core_gen_pd_row[2].gen_pd_col[7].u_pd/nfast_hit_latched_reg[0]/D
OSC_FAST_REAL,/home/validmgr/ksabra/2026_SPAD/SPADMIC/results/genus_osc_pd/20260602_o4_muxless_tags_r600_o4_r600_closure/timing_violations.rpt,26,VIOLATED,-1316,clk_osc_fast_tap7,clk_osc_fast_tap7,clk_osc_fast_tap7,(R) u_core_gen_pd_row[2].gen_pd_col[7].u_pd/hit_latched_reg/C,(F) u_core_gen_pd_row[2].gen_pd_col[7].u_pd/nfast_hit_latched_reg[1]/D
OSC_FAST_REAL,/home/validmgr/ksabra/2026_SPAD/SPADMIC/results/genus_osc_pd/20260602_o4_muxless_tags_r600_o4_r600_closure/timing_violations.rpt,27,VIOLATED,-1316,clk_osc_fast_tap6,clk_osc_fast_tap6,clk_osc_fast_tap6,(R) u_core_gen_pd_row[2].gen_pd_col[6].u_pd/hit_latched_reg/C,(F) u_core_gen_pd_row[2].gen_pd_col[6].u_pd/nfast_hit_latched_reg[6]/D
OSC_FAST_REAL,/home/validmgr/ksabra/2026_SPAD/SPADMIC/results/genus_osc_pd/20260602_o4_muxless_tags_r600_o4_r600_closure/timing_violations.rpt,28,VIOLATED,-1316,clk_osc_fast_tap6,clk_osc_fast_tap6,clk_osc_fast_tap6,(R) u_core_gen_pd_row[2].gen_pd_col[6].u_pd/hit_latched_reg/C,(F) u_core_gen_pd_row[2].gen_pd_col[6].u_pd/nfast_hit_latched_reg[3]/D
OSC_FAST_REAL,/home/validmgr/ksabra/2026_SPAD/SPADMIC/results/genus_osc_pd/20260602_o4_muxless_tags_r600_o4_r600_closure/timing_violations.rpt,29,VIOLATED,-1316,clk_osc_fast_tap6,clk_osc_fast_tap6,clk_osc_fast_tap6,(R) u_core_gen_pd_row[2].gen_pd_col[6].u_pd/hit_latched_reg/C,(F) u_core_gen_pd_row[2].gen_pd_col[6].u_pd/nfast_hit_latched_reg[4]/D
OSC_FAST_REAL,/home/validmgr/ksabra/2026_SPAD/SPADMIC/results/genus_osc_pd/20260602_o4_muxless_tags_r600_o4_r600_closure/timing_violations.rpt,30,VIOLATED,-1316,clk_osc_fast_tap6,clk_osc_fast_tap6,clk_osc_fast_tap6,(R) u_core_gen_pd_row[2].gen_pd_col[6].u_pd/hit_latched_reg/C,(F) u_core_gen_pd_row[2].gen_pd_col[6].u_pd/nfast_hit_latched_reg[5]/D
OSC_FAST_REAL,/home/validmgr/ksabra/2026_SPAD/SPADMIC/results/genus_osc_pd/20260602_o4_muxless_tags_r600_o4_r600_closure/timing_violations.rpt,31,VIOLATED,-1316,clk_osc_fast_tap6,clk_osc_fast_tap6,clk_osc_fast_tap6,(R) u_core_gen_pd_row[2].gen_pd_col[6].u_pd/hit_latched_reg/C,(F) u_core_gen_pd_row[2].gen_pd_col[6].u_pd/nfast_hit_latched_reg[0]/D
OSC_FAST_REAL,/home/validmgr/ksabra/2026_SPAD/SPADMIC/results/genus_osc_pd/20260602_o4_muxless_tags_r600_o4_r600_closure/timing_violations.rpt,32,VIOLATED,-1316,clk_osc_fast_tap6,clk_osc_fast_tap6,clk_osc_fast_tap6,(R) u_core_gen_pd_row[2].gen_pd_col[6].u_pd/hit_latched_reg/C,(F) u_core_gen_pd_row[2].gen_pd_col[6].u_pd/nfast_hit_latched_reg[1]/D
OSC_FAST_REAL,/home/validmgr/ksabra/2026_SPAD/SPADMIC/results/genus_osc_pd/20260602_o4_muxless_tags_r600_o4_r600_closure/timing_violations.rpt,33,VIOLATED,-1316,clk_osc_fast_tap5,clk_osc_fast_tap5,clk_osc_fast_tap5,(R) u_core_gen_pd_row[2].gen_pd_col[5].u_pd/hit_latched_reg/C,(F) u_core_gen_pd_row[2].gen_pd_col[5].u_pd/nfast_hit_latched_reg[6]/D
OSC_FAST_REAL,/home/validmgr/ksabra/2026_SPAD/SPADMIC/results/genus_osc_pd/20260602_o4_muxless_tags_r600_o4_r600_closure/timing_violations.rpt,34,VIOLATED,-1316,clk_osc_fast_tap5,clk_osc_fast_tap5,clk_osc_fast_tap5,(R) u_core_gen_pd_row[2].gen_pd_col[5].u_pd/hit_latched_reg/C,(F) u_core_gen_pd_row[2].gen_pd_col[5].u_pd/nfast_hit_latched_reg[3]/D
OSC_FAST_REAL,/home/validmgr/ksabra/2026_SPAD/SPADMIC/results/genus_osc_pd/20260602_o4_muxless_tags_r600_o4_r600_closure/timing_violations.rpt,35,VIOLATED,-1316,clk_osc_fast_tap5,clk_osc_fast_tap5,clk_osc_fast_tap5,(R) u_core_gen_pd_row[2].gen_pd_col[5].u_pd/hit_latched_reg/C,(F) u_core_gen_pd_row[2].gen_pd_col[5].u_pd/nfast_hit_latched_reg[4]/D
OSC_FAST_REAL,/home/validmgr/ksabra/2026_SPAD/SPADMIC/results/genus_osc_pd/20260602_o4_muxless_tags_r600_o4_r600_closure/timing_violations.rpt,36,VIOLATED,-1316,clk_osc_fast_tap5,clk_osc_fast_tap5,clk_osc_fast_tap5,(R) u_core_gen_pd_row[2].gen_pd_col[5].u_pd/hit_latched_reg/C,(F) u_core_gen_pd_row[2].gen_pd_col[5].u_pd/nfast_hit_latched_reg[5]/D
OSC_FAST_REAL,/home/validmgr/ksabra/2026_SPAD/SPADMIC/results/genus_osc_pd/20260602_o4_muxless_tags_r600_o4_r600_closure/timing_violations.rpt,37,VIOLATED,-1316,clk_osc_fast_tap5,clk_osc_fast_tap5,clk_osc_fast_tap5,(R) u_core_gen_pd_row[2].gen_pd_col[5].u_pd/hit_latched_reg/C,(F) u_core_gen_pd_row[2].gen_pd_col[5].u_pd/nfast_hit_latched_reg[2]/D
OSC_FAST_REAL,/home/validmgr/ksabra/2026_SPAD/SPADMIC/results/genus_osc_pd/20260602_o4_muxless_tags_r600_o4_r600_closure/timing_violations.rpt,38,VIOLATED,-1316,clk_osc_fast_tap5,clk_osc_fast_tap5,clk_osc_fast_tap5,(R) u_core_gen_pd_row[2].gen_pd_col[5].u_pd/hit_latched_reg/C,(F) u_core_gen_pd_row[2].gen_pd_col[5].u_pd/nfast_hit_latched_reg[0]/D
OSC_FAST_REAL,/home/validmgr/ksabra/2026_SPAD/SPADMIC/results/genus_osc_pd/20260602_o4_muxless_tags_r600_o4_r600_closure/timing_violations.rpt,39,VIOLATED,-1316,clk_osc_fast_tap5,clk_osc_fast_tap5,clk_osc_fast_tap5,(R) u_core_gen_pd_row[2].gen_pd_col[5].u_pd/hit_latched_reg/C,(F) u_core_gen_pd_row[2].gen_pd_col[5].u_pd/nfast_hit_latched_reg[1]/D
OSC_FAST_REAL,/home/validmgr/ksabra/2026_SPAD/SPADMIC/results/genus_osc_pd/20260602_o4_muxless_tags_r600_o4_r600_closure/timing_violations.rpt,40,VIOLATED,-1316,clk_osc_fast,clk_osc_fast,clk_osc_fast,(R) u_core_gen_pd_row[1].gen_pd_col[0].u_pd/hit_latched_reg/C,(F) u_core_gen_pd_row[1].gen_pd_col[0].u_pd/nfast_hit_latched_reg[6]/D
OSC_FAST_REAL,/home/validmgr/ksabra/2026_SPAD/SPADMIC/results/genus_osc_pd/20260602_o4_muxless_tags_r600_o4_r600_closure/timing_violations.rpt,41,VIOLATED,-1316,clk_osc_fast,clk_osc_fast,clk_osc_fast,(R) u_core_gen_pd_row[1].gen_pd_col[0].u_pd/hit_latched_reg/C,(F) u_core_gen_pd_row[1].gen_pd_col[0].u_pd/nfast_hit_latched_reg[3]/D
OSC_FAST_REAL,/home/validmgr/ksabra/2026_SPAD/SPADMIC/results/genus_osc_pd/20260602_o4_muxless_tags_r600_o4_r600_closure/timing_violations.rpt,42,VIOLATED,-1316,clk_osc_fast,clk_osc_fast,clk_osc_fast,(R) u_core_gen_pd_row[1].gen_pd_col[0].u_pd/hit_latched_reg/C,(F) u_core_gen_pd_row[1].gen_pd_col[0].u_pd/nfast_hit_latched_reg[2]/D
OSC_FAST_REAL,/home/validmgr/ksabra/2026_SPAD/SPADMIC/results/genus_osc_pd/20260602_o4_muxless_tags_r600_o4_r600_closure/timing_violations.rpt,43,VIOLATED,-1316,clk_osc_fast,clk_osc_fast,clk_osc_fast,(R) u_core_gen_pd_row[1].gen_pd_col[0].u_pd/hit_latched_reg/C,(F) u_core_gen_pd_row[1].gen_pd_col[0].u_pd/nfast_hit_latched_reg[0]/D
OSC_FAST_REAL,/home/validmgr/ksabra/2026_SPAD/SPADMIC/results/genus_osc_pd/20260602_o4_muxless_tags_r600_o4_r600_closure/timing_violations.rpt,44,VIOLATED,-1316,clk_osc_fast,clk_osc_fast,clk_osc_fast,(R) u_core_gen_pd_row[1].gen_pd_col[0].u_pd/hit_latched_reg/C,(F) u_core_gen_pd_row[1].gen_pd_col[0].u_pd/nfast_hit_latched_reg[1]/D
OSC_FAST_REAL,/home/validmgr/ksabra/2026_SPAD/SPADMIC/results/genus_osc_pd/20260602_o4_muxless_tags_r600_o4_r600_closure/timing_violations.rpt,45,VIOLATED,-1316,clk_osc_fast,clk_osc_fast,clk_osc_fast,(R) u_core_gen_pd_row[0].gen_pd_col[0].u_pd/hit_latched_reg/C,(F) u_core_gen_pd_row[0].gen_pd_col[0].u_pd/nfast_hit_latched_reg[6]/D
OSC_FAST_REAL,/home/validmgr/ksabra/2026_SPAD/SPADMIC/results/genus_osc_pd/20260602_o4_muxless_tags_r600_o4_r600_closure/timing_violations.rpt,46,VIOLATED,-1316,clk_osc_fast,clk_osc_fast,clk_osc_fast,(R) u_core_gen_pd_row[0].gen_pd_col[0].u_pd/hit_latched_reg/C,(F) u_core_gen_pd_row[0].gen_pd_col[0].u_pd/nfast_hit_latched_reg[3]/D
OSC_FAST_REAL,/home/validmgr/ksabra/2026_SPAD/SPADMIC/results/genus_osc_pd/20260602_o4_muxless_tags_r600_o4_r600_closure/timing_violations.rpt,47,VIOLATED,-1316,clk_osc_fast,clk_osc_fast,clk_osc_fast,(R) u_core_gen_pd_row[0].gen_pd_col[0].u_pd/hit_latched_reg/C,(F) u_core_gen_pd_row[0].gen_pd_col[0].u_pd/nfast_hit_latched_reg[5]/D
OSC_FAST_REAL,/home/validmgr/ksabra/2026_SPAD/SPADMIC/results/genus_osc_pd/20260602_o4_muxless_tags_r600_o4_r600_closure/timing_violations.rpt,48,VIOLATED,-1316,clk_osc_fast,clk_osc_fast,clk_osc_fast,(R) u_core_gen_pd_row[0].gen_pd_col[0].u_pd/hit_latched_reg/C,(F) u_core_gen_pd_row[0].gen_pd_col[0].u_pd/nfast_hit_latched_reg[2]/D
OSC_FAST_REAL,/home/validmgr/ksabra/2026_SPAD/SPADMIC/results/genus_osc_pd/20260602_o4_muxless_tags_r600_o4_r600_closure/timing_violations.rpt,49,VIOLATED,-1316,clk_osc_fast,clk_osc_fast,clk_osc_fast,(R) u_core_gen_pd_row[0].gen_pd_col[0].u_pd/hit_latched_reg/C,(F) u_core_gen_pd_row[0].gen_pd_col[0].u_pd/nfast_hit_latched_reg[0]/D
OSC_FAST_REAL,/home/validmgr/ksabra/2026_SPAD/SPADMIC/results/genus_osc_pd/20260602_o4_muxless_tags_r600_o4_r600_closure/timing_violations.rpt,50,VIOLATED,-1316,clk_osc_fast,clk_osc_fast,clk_osc_fast,(R) u_core_gen_pd_row[0].gen_pd_col[0].u_pd/hit_latched_reg/C,(F) u_core_gen_pd_row[0].gen_pd_col[0].u_pd/nfast_hit_latched_reg[1]/D
OSC_FAST_REAL,/home/validmgr/ksabra/2026_SPAD/SPADMIC/results/genus_osc_pd/20260602_o4_muxless_tags_r600_o4_r600_closure/timing_violations.rpt,51,VIOLATED,-1316,clk_osc_fast_tap7,clk_osc_fast_tap7,clk_osc_fast_tap7,(R) u_core_gen_pd_row[7].gen_pd_col[7].u_pd/hit_latched_reg/C,(F) u_core_gen_pd_row[7].gen_pd_col[7].u_pd/nfast_hit_latched_reg[3]/D
OSC_FAST_REAL,/home/validmgr/ksabra/2026_SPAD/SPADMIC/results/genus_osc_pd/20260602_o4_muxless_tags_r600_o4_r600_closure/timing_violations.rpt,52,VIOLATED,-1316,clk_osc_fast_tap7,clk_osc_fast_tap7,clk_osc_fast_tap7,(R) u_core_gen_pd_row[7].gen_pd_col[7].u_pd/hit_latched_reg/C,(F) u_core_gen_pd_row[7].gen_pd_col[7].u_pd/nfast_hit_latched_reg[5]/D
OSC_FAST_REAL,/home/validmgr/ksabra/2026_SPAD/SPADMIC/results/genus_osc_pd/20260602_o4_muxless_tags_r600_o4_r600_closure/timing_violations.rpt,53,VIOLATED,-1316,clk_osc_fast_tap7,clk_osc_fast_tap7,clk_osc_fast_tap7,(R) u_core_gen_pd_row[7].gen_pd_col[7].u_pd/hit_latched_reg/C,(F) u_core_gen_pd_row[7].gen_pd_col[7].u_pd/nfast_hit_latched_reg[0]/D
OSC_FAST_REAL,/home/validmgr/ksabra/2026_SPAD/SPADMIC/results/genus_osc_pd/20260602_o4_muxless_tags_r600_o4_r600_closure/timing_violations.rpt,54,VIOLATED,-1316,clk_osc_fast_tap7,clk_osc_fast_tap7,clk_osc_fast_tap7,(R) u_core_gen_pd_row[7].gen_pd_col[7].u_pd/hit_latched_reg/C,(F) u_core_gen_pd_row[7].gen_pd_col[7].u_pd/nfast_hit_latched_reg[1]/D
OSC_FAST_REAL,/home/validmgr/ksabra/2026_SPAD/SPADMIC/results/genus_osc_pd/20260602_o4_muxless_tags_r600_o4_r600_closure/timing_violations.rpt,55,VIOLATED,-1316,clk_osc_fast_tap5,clk_osc_fast_tap5,clk_osc_fast_tap5,(R) u_core_gen_pd_row[7].gen_pd_col[5].u_pd/hit_latched_reg/C,(F) u_core_gen_pd_row[7].gen_pd_col[5].u_pd/nfast_hit_latched_reg[6]/D
OSC_FAST_REAL,/home/validmgr/ksabra/2026_SPAD/SPADMIC/results/genus_osc_pd/20260602_o4_muxless_tags_r600_o4_r600_closure/timing_violations.rpt,56,VIOLATED,-1316,clk_osc_fast_tap5,clk_osc_fast_tap5,clk_osc_fast_tap5,(R) u_core_gen_pd_row[7].gen_pd_col[5].u_pd/hit_latched_reg/C,(F) u_core_gen_pd_row[7].gen_pd_col[5].u_pd/nfast_hit_latched_reg[3]/D
OSC_FAST_REAL,/home/validmgr/ksabra/2026_SPAD/SPADMIC/results/genus_osc_pd/20260602_o4_muxless_tags_r600_o4_r600_closure/timing_violations.rpt,57,VIOLATED,-1316,clk_osc_fast_tap5,clk_osc_fast_tap5,clk_osc_fast_tap5,(R) u_core_gen_pd_row[7].gen_pd_col[5].u_pd/hit_latched_reg/C,(F) u_core_gen_pd_row[7].gen_pd_col[5].u_pd/nfast_hit_latched_reg[4]/D
OSC_FAST_REAL,/home/validmgr/ksabra/2026_SPAD/SPADMIC/results/genus_osc_pd/20260602_o4_muxless_tags_r600_o4_r600_closure/timing_violations.rpt,58,VIOLATED,-1316,clk_osc_fast_tap5,clk_osc_fast_tap5,clk_osc_fast_tap5,(R) u_core_gen_pd_row[7].gen_pd_col[5].u_pd/hit_latched_reg/C,(F) u_core_gen_pd_row[7].gen_pd_col[5].u_pd/nfast_hit_latched_reg[5]/D
OSC_FAST_REAL,/home/validmgr/ksabra/2026_SPAD/SPADMIC/results/genus_osc_pd/20260602_o4_muxless_tags_r600_o4_r600_closure/timing_violations.rpt,59,VIOLATED,-1316,clk_osc_fast_tap5,clk_osc_fast_tap5,clk_osc_fast_tap5,(R) u_core_gen_pd_row[7].gen_pd_col[5].u_pd/hit_latched_reg/C,(F) u_core_gen_pd_row[7].gen_pd_col[5].u_pd/nfast_hit_latched_reg[2]/D
OSC_FAST_REAL,/home/validmgr/ksabra/2026_SPAD/SPADMIC/results/genus_osc_pd/20260602_o4_muxless_tags_r600_o4_r600_closure/timing_violations.rpt,60,VIOLATED,-1316,clk_osc_fast_tap5,clk_osc_fast_tap5,clk_osc_fast_tap5,(R) u_core_gen_pd_row[7].gen_pd_col[5].u_pd/hit_latched_reg/C,(F) u_core_gen_pd_row[7].gen_pd_col[5].u_pd/nfast_hit_latched_reg[0]/D
OSC_FAST_REAL,/home/validmgr/ksabra/2026_SPAD/SPADMIC/results/genus_osc_pd/20260602_o4_muxless_tags_r600_o4_r600_closure/timing_violations.rpt,61,VIOLATED,-1316,clk_osc_fast_tap5,clk_osc_fast_tap5,clk_osc_fast_tap5,(R) u_core_gen_pd_row[7].gen_pd_col[5].u_pd/hit_latched_reg/C,(F) u_core_gen_pd_row[7].gen_pd_col[5].u_pd/nfast_hit_latched_reg[1]/D
OSC_FAST_REAL,/home/validmgr/ksabra/2026_SPAD/SPADMIC/results/genus_osc_pd/20260602_o4_muxless_tags_r600_o4_r600_closure/timing_violations.rpt,62,VIOLATED,-1316,clk_osc_fast_tap4,clk_osc_fast_tap4,clk_osc_fast_tap4,(R) u_core_gen_pd_row[7].gen_pd_col[4].u_pd/hit_latched_reg/C,(F) u_core_gen_pd_row[7].gen_pd_col[4].u_pd/nfast_hit_latched_reg[6]/D
OSC_FAST_REAL,/home/validmgr/ksabra/2026_SPAD/SPADMIC/results/genus_osc_pd/20260602_o4_muxless_tags_r600_o4_r600_closure/timing_violations.rpt,63,VIOLATED,-1316,clk_osc_fast_tap4,clk_osc_fast_tap4,clk_osc_fast_tap4,(R) u_core_gen_pd_row[7].gen_pd_col[4].u_pd/hit_latched_reg/C,(F) u_core_gen_pd_row[7].gen_pd_col[4].u_pd/nfast_hit_latched_reg[4]/D
OSC_FAST_REAL,/home/validmgr/ksabra/2026_SPAD/SPADMIC/results/genus_osc_pd/20260602_o4_muxless_tags_r600_o4_r600_closure/timing_violations.rpt,64,VIOLATED,-1316,clk_osc_fast_tap4,clk_osc_fast_tap4,clk_osc_fast_tap4,(R) u_core_gen_pd_row[7].gen_pd_col[4].u_pd/hit_latched_reg/C,(F) u_core_gen_pd_row[7].gen_pd_col[4].u_pd/nfast_hit_latched_reg[5]/D
OSC_FAST_REAL,/home/validmgr/ksabra/2026_SPAD/SPADMIC/results/genus_osc_pd/20260602_o4_muxless_tags_r600_o4_r600_closure/timing_violations.rpt,65,VIOLATED,-1316,clk_osc_fast_tap4,clk_osc_fast_tap4,clk_osc_fast_tap4,(R) u_core_gen_pd_row[7].gen_pd_col[4].u_pd/hit_latched_reg/C,(F) u_core_gen_pd_row[7].gen_pd_col[4].u_pd/nfast_hit_latched_reg[0]/D
OSC_FAST_REAL,/home/validmgr/ksabra/2026_SPAD/SPADMIC/results/genus_osc_pd/20260602_o4_muxless_tags_r600_o4_r600_closure/timing_violations.rpt,66,VIOLATED,-1316,clk_osc_fast_tap1,clk_osc_fast_tap1,clk_osc_fast_tap1,(R) u_core_gen_pd_row[7].gen_pd_col[1].u_pd/hit_latched_reg/C,(F) u_core_gen_pd_row[7].gen_pd_col[1].u_pd/nfast_hit_latched_reg[6]/D
OSC_FAST_REAL,/home/validmgr/ksabra/2026_SPAD/SPADMIC/results/genus_osc_pd/20260602_o4_muxless_tags_r600_o4_r600_closure/timing_violations.rpt,67,VIOLATED,-1316,clk_osc_fast_tap1,clk_osc_fast_tap1,clk_osc_fast_tap1,(R) u_core_gen_pd_row[7].gen_pd_col[1].u_pd/hit_latched_reg/C,(F) u_core_gen_pd_row[7].gen_pd_col[1].u_pd/nfast_hit_latched_reg[3]/D
OSC_FAST_REAL,/home/validmgr/ksabra/2026_SPAD/SPADMIC/results/genus_osc_pd/20260602_o4_muxless_tags_r600_o4_r600_closure/timing_violations.rpt,68,VIOLATED,-1316,clk_osc_fast_tap1,clk_osc_fast_tap1,clk_osc_fast_tap1,(R) u_core_gen_pd_row[7].gen_pd_col[1].u_pd/hit_latched_reg/C,(F) u_core_gen_pd_row[7].gen_pd_col[1].u_pd/nfast_hit_latched_reg[4]/D
OSC_FAST_REAL,/home/validmgr/ksabra/2026_SPAD/SPADMIC/results/genus_osc_pd/20260602_o4_muxless_tags_r600_o4_r600_closure/timing_violations.rpt,69,VIOLATED,-1316,clk_osc_fast_tap1,clk_osc_fast_tap1,clk_osc_fast_tap1,(R) u_core_gen_pd_row[7].gen_pd_col[1].u_pd/hit_latched_reg/C,(F) u_core_gen_pd_row[7].gen_pd_col[1].u_pd/nfast_hit_latched_reg[5]/D
OSC_FAST_REAL,/home/validmgr/ksabra/2026_SPAD/SPADMIC/results/genus_osc_pd/20260602_o4_muxless_tags_r600_o4_r600_closure/timing_violations.rpt,70,VIOLATED,-1316,clk_osc_fast_tap1,clk_osc_fast_tap1,clk_osc_fast_tap1,(R) u_core_gen_pd_row[7].gen_pd_col[1].u_pd/hit_latched_reg/C,(F) u_core_gen_pd_row[7].gen_pd_col[1].u_pd/nfast_hit_latched_reg[2]/D
OSC_FAST_REAL,/home/validmgr/ksabra/2026_SPAD/SPADMIC/results/genus_osc_pd/20260602_o4_muxless_tags_r600_o4_r600_closure/timing_violations.rpt,71,VIOLATED,-1316,clk_osc_fast_tap1,clk_osc_fast_tap1,clk_osc_fast_tap1,(R) u_core_gen_pd_row[7].gen_pd_col[1].u_pd/hit_latched_reg/C,(F) u_core_gen_pd_row[7].gen_pd_col[1].u_pd/nfast_hit_latched_reg[1]/D
OSC_FAST_REAL,/home/validmgr/ksabra/2026_SPAD/SPADMIC/results/genus_osc_pd/20260602_o4_muxless_tags_r600_o4_r600_closure/timing_violations.rpt,72,VIOLATED,-1316,clk_osc_fast,clk_osc_fast,clk_osc_fast,(R) u_core_gen_pd_row[7].gen_pd_col[0].u_pd/hit_latched_reg/C,(F) u_core_gen_pd_row[7].gen_pd_col[0].u_pd/nfast_hit_latched_reg[6]/D
OSC_FAST_REAL,/home/validmgr/ksabra/2026_SPAD/SPADMIC/results/genus_osc_pd/20260602_o4_muxless_tags_r600_o4_r600_closure/timing_violations.rpt,73,VIOLATED,-1316,clk_osc_fast,clk_osc_fast,clk_osc_fast,(R) u_core_gen_pd_row[7].gen_pd_col[0].u_pd/hit_latched_reg/C,(F) u_core_gen_pd_row[7].gen_pd_col[0].u_pd/nfast_hit_latched_reg[3]/D
OSC_FAST_REAL,/home/validmgr/ksabra/2026_SPAD/SPADMIC/results/genus_osc_pd/20260602_o4_muxless_tags_r600_o4_r600_closure/timing_violations.rpt,74,VIOLATED,-1316,clk_osc_fast,clk_osc_fast,clk_osc_fast,(R) u_core_gen_pd_row[7].gen_pd_col[0].u_pd/hit_latched_reg/C,(F) u_core_gen_pd_row[7].gen_pd_col[0].u_pd/nfast_hit_latched_reg[4]/D
OSC_FAST_REAL,/home/validmgr/ksabra/2026_SPAD/SPADMIC/results/genus_osc_pd/20260602_o4_muxless_tags_r600_o4_r600_closure/timing_violations.rpt,75,VIOLATED,-1316,clk_osc_fast,clk_osc_fast,clk_osc_fast,(R) u_core_gen_pd_row[7].gen_pd_col[0].u_pd/hit_latched_reg/C,(F) u_core_gen_pd_row[7].gen_pd_col[0].u_pd/nfast_hit_latched_reg[5]/D
OSC_FAST_REAL,/home/validmgr/ksabra/2026_SPAD/SPADMIC/results/genus_osc_pd/20260602_o4_muxless_tags_r600_o4_r600_closure/timing_violations.rpt,76,VIOLATED,-1316,clk_osc_fast,clk_osc_fast,clk_osc_fast,(R) u_core_gen_pd_row[7].gen_pd_col[0].u_pd/hit_latched_reg/C,(F) u_core_gen_pd_row[7].gen_pd_col[0].u_pd/nfast_hit_latched_reg[2]/D
OSC_FAST_REAL,/home/validmgr/ksabra/2026_SPAD/SPADMIC/results/genus_osc_pd/20260602_o4_muxless_tags_r600_o4_r600_closure/timing_violations.rpt,77,VIOLATED,-1316,clk_osc_fast,clk_osc_fast,clk_osc_fast,(R) u_core_gen_pd_row[7].gen_pd_col[0].u_pd/hit_latched_reg/C,(F) u_core_gen_pd_row[7].gen_pd_col[0].u_pd/nfast_hit_latched_reg[1]/D
OSC_FAST_REAL,/home/validmgr/ksabra/2026_SPAD/SPADMIC/results/genus_osc_pd/20260602_o4_muxless_tags_r600_o4_r600_closure/timing_violations.rpt,78,VIOLATED,-1316,clk_osc_fast_tap6,clk_osc_fast_tap6,clk_osc_fast_tap6,(R) u_core_gen_pd_row[6].gen_pd_col[6].u_pd/hit_latched_reg/C,(F) u_core_gen_pd_row[6].gen_pd_col[6].u_pd/nfast_hit_latched_reg[3]/D
OSC_FAST_REAL,/home/validmgr/ksabra/2026_SPAD/SPADMIC/results/genus_osc_pd/20260602_o4_muxless_tags_r600_o4_r600_closure/timing_violations.rpt,79,VIOLATED,-1316,clk_osc_fast_tap6,clk_osc_fast_tap6,clk_osc_fast_tap6,(R) u_core_gen_pd_row[6].gen_pd_col[6].u_pd/hit_latched_reg/C,(F) u_core_gen_pd_row[6].gen_pd_col[6].u_pd/nfast_hit_latched_reg[5]/D
OSC_FAST_REAL,/home/validmgr/ksabra/2026_SPAD/SPADMIC/results/genus_osc_pd/20260602_o4_muxless_tags_r600_o4_r600_closure/timing_violations.rpt,80,VIOLATED,-1316,clk_osc_fast_tap6,clk_osc_fast_tap6,clk_osc_fast_tap6,(R) u_core_gen_pd_row[6].gen_pd_col[6].u_pd/hit_latched_reg/C,(F) u_core_gen_pd_row[6].gen_pd_col[6].u_pd/nfast_hit_latched_reg[2]/D
OSC_FAST_REAL,/home/validmgr/ksabra/2026_SPAD/SPADMIC/results/genus_osc_pd/20260602_o4_muxless_tags_r600_o4_r600_closure/timing_violations.rpt,81,VIOLATED,-1316,clk_osc_fast_tap6,clk_osc_fast_tap6,clk_osc_fast_tap6,(R) u_core_gen_pd_row[6].gen_pd_col[6].u_pd/hit_latched_reg/C,(F) u_core_gen_pd_row[6].gen_pd_col[6].u_pd/nfast_hit_latched_reg[0]/D
OSC_FAST_REAL,/home/validmgr/ksabra/2026_SPAD/SPADMIC/results/genus_osc_pd/20260602_o4_muxless_tags_r600_o4_r600_closure/timing_violations.rpt,82,VIOLATED,-1316,clk_osc_fast_tap6,clk_osc_fast_tap6,clk_osc_fast_tap6,(R) u_core_gen_pd_row[6].gen_pd_col[6].u_pd/hit_latched_reg/C,(F) u_core_gen_pd_row[6].gen_pd_col[6].u_pd/nfast_hit_latched_reg[1]/D
OSC_FAST_REAL,/home/validmgr/ksabra/2026_SPAD/SPADMIC/results/genus_osc_pd/20260602_o4_muxless_tags_r600_o4_r600_closure/timing_violations.rpt,83,VIOLATED,-1316,clk_osc_fast_tap5,clk_osc_fast_tap5,clk_osc_fast_tap5,(R) u_core_gen_pd_row[6].gen_pd_col[5].u_pd/hit_latched_reg/C,(F) u_core_gen_pd_row[6].gen_pd_col[5].u_pd/nfast_hit_latched_reg[3]/D
OSC_FAST_REAL,/home/validmgr/ksabra/2026_SPAD/SPADMIC/results/genus_osc_pd/20260602_o4_muxless_tags_r600_o4_r600_closure/timing_violations.rpt,84,VIOLATED,-1316,clk_osc_fast_tap5,clk_osc_fast_tap5,clk_osc_fast_tap5,(R) u_core_gen_pd_row[6].gen_pd_col[5].u_pd/hit_latched_reg/C,(F) u_core_gen_pd_row[6].gen_pd_col[5].u_pd/nfast_hit_latched_reg[5]/D
OSC_FAST_REAL,/home/validmgr/ksabra/2026_SPAD/SPADMIC/results/genus_osc_pd/20260602_o4_muxless_tags_r600_o4_r600_closure/timing_violations.rpt,85,VIOLATED,-1316,clk_osc_fast_tap5,clk_osc_fast_tap5,clk_osc_fast_tap5,(R) u_core_gen_pd_row[6].gen_pd_col[5].u_pd/hit_latched_reg/C,(F) u_core_gen_pd_row[6].gen_pd_col[5].u_pd/nfast_hit_latched_reg[2]/D
OSC_FAST_REAL,/home/validmgr/ksabra/2026_SPAD/SPADMIC/results/genus_osc_pd/20260602_o4_muxless_tags_r600_o4_r600_closure/timing_violations.rpt,86,VIOLATED,-1316,clk_osc_fast_tap5,clk_osc_fast_tap5,clk_osc_fast_tap5,(R) u_core_gen_pd_row[6].gen_pd_col[5].u_pd/hit_latched_reg/C,(F) u_core_gen_pd_row[6].gen_pd_col[5].u_pd/nfast_hit_latched_reg[0]/D
OSC_FAST_REAL,/home/validmgr/ksabra/2026_SPAD/SPADMIC/results/genus_osc_pd/20260602_o4_muxless_tags_r600_o4_r600_closure/timing_violations.rpt,87,VIOLATED,-1316,clk_osc_fast_tap5,clk_osc_fast_tap5,clk_osc_fast_tap5,(R) u_core_gen_pd_row[6].gen_pd_col[5].u_pd/hit_latched_reg/C,(F) u_core_gen_pd_row[6].gen_pd_col[5].u_pd/nfast_hit_latched_reg[1]/D
OSC_FAST_REAL,/home/validmgr/ksabra/2026_SPAD/SPADMIC/results/genus_osc_pd/20260602_o4_muxless_tags_r600_o4_r600_closure/timing_violations.rpt,88,VIOLATED,-1316,clk_osc_fast_tap2,clk_osc_fast_tap2,clk_osc_fast_tap2,(R) u_core_gen_pd_row[6].gen_pd_col[2].u_pd/hit_latched_reg/C,(F) u_core_gen_pd_row[6].gen_pd_col[2].u_pd/nfast_hit_latched_reg[6]/D
OSC_FAST_REAL,/home/validmgr/ksabra/2026_SPAD/SPADMIC/results/genus_osc_pd/20260602_o4_muxless_tags_r600_o4_r600_closure/timing_violations.rpt,89,VIOLATED,-1316,clk_osc_fast_tap2,clk_osc_fast_tap2,clk_osc_fast_tap2,(R) u_core_gen_pd_row[6].gen_pd_col[2].u_pd/hit_latched_reg/C,(F) u_core_gen_pd_row[6].gen_pd_col[2].u_pd/nfast_hit_latched_reg[5]/D
OSC_FAST_REAL,/home/validmgr/ksabra/2026_SPAD/SPADMIC/results/genus_osc_pd/20260602_o4_muxless_tags_r600_o4_r600_closure/timing_violations.rpt,90,VIOLATED,-1316,clk_osc_fast_tap1,clk_osc_fast_tap1,clk_osc_fast_tap1,(R) u_core_gen_pd_row[6].gen_pd_col[1].u_pd/hit_latched_reg/C,(F) u_core_gen_pd_row[6].gen_pd_col[1].u_pd/nfast_hit_latched_reg[3]/D
OSC_FAST_REAL,/home/validmgr/ksabra/2026_SPAD/SPADMIC/results/genus_osc_pd/20260602_o4_muxless_tags_r600_o4_r600_closure/timing_violations.rpt,91,VIOLATED,-1316,clk_osc_fast_tap1,clk_osc_fast_tap1,clk_osc_fast_tap1,(R) u_core_gen_pd_row[6].gen_pd_col[1].u_pd/hit_latched_reg/C,(F) u_core_gen_pd_row[6].gen_pd_col[1].u_pd/nfast_hit_latched_reg[4]/D
OSC_FAST_REAL,/home/validmgr/ksabra/2026_SPAD/SPADMIC/results/genus_osc_pd/20260602_o4_muxless_tags_r600_o4_r600_closure/timing_violations.rpt,92,VIOLATED,-1316,clk_osc_fast_tap1,clk_osc_fast_tap1,clk_osc_fast_tap1,(R) u_core_gen_pd_row[6].gen_pd_col[1].u_pd/hit_latched_reg/C,(F) u_core_gen_pd_row[6].gen_pd_col[1].u_pd/nfast_hit_latched_reg[5]/D
OSC_FAST_REAL,/home/validmgr/ksabra/2026_SPAD/SPADMIC/results/genus_osc_pd/20260602_o4_muxless_tags_r600_o4_r600_closure/timing_violations.rpt,93,VIOLATED,-1316,clk_osc_fast_tap1,clk_osc_fast_tap1,clk_osc_fast_tap1,(R) u_core_gen_pd_row[6].gen_pd_col[1].u_pd/hit_latched_reg/C,(F) u_core_gen_pd_row[6].gen_pd_col[1].u_pd/nfast_hit_latched_reg[2]/D
OSC_FAST_REAL,/home/validmgr/ksabra/2026_SPAD/SPADMIC/results/genus_osc_pd/20260602_o4_muxless_tags_r600_o4_r600_closure/timing_violations.rpt,94,VIOLATED,-1316,clk_osc_fast_tap1,clk_osc_fast_tap1,clk_osc_fast_tap1,(R) u_core_gen_pd_row[6].gen_pd_col[1].u_pd/hit_latched_reg/C,(F) u_core_gen_pd_row[6].gen_pd_col[1].u_pd/nfast_hit_latched_reg[0]/D
OSC_FAST_REAL,/home/validmgr/ksabra/2026_SPAD/SPADMIC/results/genus_osc_pd/20260602_o4_muxless_tags_r600_o4_r600_closure/timing_violations.rpt,95,VIOLATED,-1316,clk_osc_fast_tap1,clk_osc_fast_tap1,clk_osc_fast_tap1,(R) u_core_gen_pd_row[6].gen_pd_col[1].u_pd/hit_latched_reg/C,(F) u_core_gen_pd_row[6].gen_pd_col[1].u_pd/nfast_hit_latched_reg[1]/D
OSC_FAST_REAL,/home/validmgr/ksabra/2026_SPAD/SPADMIC/results/genus_osc_pd/20260602_o4_muxless_tags_r600_o4_r600_closure/timing_violations.rpt,96,VIOLATED,-1316,clk_osc_fast,clk_osc_fast,clk_osc_fast,(R) u_core_gen_pd_row[6].gen_pd_col[0].u_pd/hit_latched_reg/C,(F) u_core_gen_pd_row[6].gen_pd_col[0].u_pd/nfast_hit_latched_reg[6]/D
OSC_FAST_REAL,/home/validmgr/ksabra/2026_SPAD/SPADMIC/results/genus_osc_pd/20260602_o4_muxless_tags_r600_o4_r600_closure/timing_violations.rpt,97,VIOLATED,-1316,clk_osc_fast,clk_osc_fast,clk_osc_fast,(R) u_core_gen_pd_row[6].gen_pd_col[0].u_pd/hit_latched_reg/C,(F) u_core_gen_pd_row[6].gen_pd_col[0].u_pd/nfast_hit_latched_reg[3]/D
OSC_FAST_REAL,/home/validmgr/ksabra/2026_SPAD/SPADMIC/results/genus_osc_pd/20260602_o4_muxless_tags_r600_o4_r600_closure/timing_violations.rpt,98,VIOLATED,-1316,clk_osc_fast,clk_osc_fast,clk_osc_fast,(R) u_core_gen_pd_row[6].gen_pd_col[0].u_pd/hit_latched_reg/C,(F) u_core_gen_pd_row[6].gen_pd_col[0].u_pd/nfast_hit_latched_reg[4]/D
OSC_FAST_REAL,/home/validmgr/ksabra/2026_SPAD/SPADMIC/results/genus_osc_pd/20260602_o4_muxless_tags_r600_o4_r600_closure/timing_violations.rpt,99,VIOLATED,-1316,clk_osc_fast,clk_osc_fast,clk_osc_fast,(R) u_core_gen_pd_row[6].gen_pd_col[0].u_pd/hit_latched_reg/C,(F) u_core_gen_pd_row[6].gen_pd_col[0].u_pd/nfast_hit_latched_reg[5]/D
OSC_FAST_REAL,/home/validmgr/ksabra/2026_SPAD/SPADMIC/results/genus_osc_pd/20260602_o4_muxless_tags_r600_o4_r600_closure/timing_violations.rpt,100,VIOLATED,-1316,clk_osc_fast,clk_osc_fast,clk_osc_fast,(R) u_core_gen_pd_row[6].gen_pd_col[0].u_pd/hit_latched_reg/C,(F) u_core_gen_pd_row[6].gen_pd_col[0].u_pd/nfast_hit_latched_reg[2]/D
OSC_FAST_REAL,/home/validmgr/ksabra/2026_SPAD/SPADMIC/results/genus_osc_pd/20260602_o4_muxless_tags_r600_o4_r600_closure/timing_violations.rpt,101,VIOLATED,-1316,clk_osc_fast,clk_osc_fast,clk_osc_fast,(R) u_core_gen_pd_row[6].gen_pd_col[0].u_pd/hit_latched_reg/C,(F) u_core_gen_pd_row[6].gen_pd_col[0].u_pd/nfast_hit_latched_reg[0]/D
OSC_FAST_REAL,/home/validmgr/ksabra/2026_SPAD/SPADMIC/results/genus_osc_pd/20260602_o4_muxless_tags_r600_o4_r600_closure/timing_violations.rpt,102,VIOLATED,-1316,clk_osc_fast,clk_osc_fast,clk_osc_fast,(R) u_core_gen_pd_row[6].gen_pd_col[0].u_pd/hit_latched_reg/C,(F) u_core_gen_pd_row[6].gen_pd_col[0].u_pd/nfast_hit_latched_reg[1]/D
OSC_FAST_REAL,/home/validmgr/ksabra/2026_SPAD/SPADMIC/results/genus_osc_pd/20260602_o4_muxless_tags_r600_o4_r600_closure/timing_violations.rpt,103,VIOLATED,-1316,clk_osc_fast_tap7,clk_osc_fast_tap7,clk_osc_fast_tap7,(R) u_core_gen_pd_row[5].gen_pd_col[7].u_pd/hit_latched_reg/C,(F) u_core_gen_pd_row[5].gen_pd_col[7].u_pd/nfast_hit_latched_reg[6]/D
OSC_FAST_REAL,/home/validmgr/ksabra/2026_SPAD/SPADMIC/results/genus_osc_pd/20260602_o4_muxless_tags_r600_o4_r600_closure/timing_violations.rpt,104,VIOLATED,-1316,clk_osc_fast_tap7,clk_osc_fast_tap7,clk_osc_fast_tap7,(R) u_core_gen_pd_row[5].gen_pd_col[7].u_pd/hit_latched_reg/C,(F) u_core_gen_pd_row[5].gen_pd_col[7].u_pd/nfast_hit_latched_reg[4]/D
OSC_FAST_REAL,/home/validmgr/ksabra/2026_SPAD/SPADMIC/results/genus_osc_pd/20260602_o4_muxless_tags_r600_o4_r600_closure/timing_violations.rpt,105,VIOLATED,-1316,clk_osc_fast_tap7,clk_osc_fast_tap7,clk_osc_fast_tap7,(R) u_core_gen_pd_row[5].gen_pd_col[7].u_pd/hit_latched_reg/C,(F) u_core_gen_pd_row[5].gen_pd_col[7].u_pd/nfast_hit_latched_reg[2]/D
OSC_FAST_REAL,/home/validmgr/ksabra/2026_SPAD/SPADMIC/results/genus_osc_pd/20260602_o4_muxless_tags_r600_o4_r600_closure/timing_violations.rpt,106,VIOLATED,-1316,clk_osc_fast_tap7,clk_osc_fast_tap7,clk_osc_fast_tap7,(R) u_core_gen_pd_row[5].gen_pd_col[7].u_pd/hit_latched_reg/C,(F) u_core_gen_pd_row[5].gen_pd_col[7].u_pd/nfast_hit_latched_reg[0]/D
OSC_FAST_REAL,/home/validmgr/ksabra/2026_SPAD/SPADMIC/results/genus_osc_pd/20260602_o4_muxless_tags_r600_o4_r600_closure/timing_violations.rpt,107,VIOLATED,-1316,clk_osc_fast_tap7,clk_osc_fast_tap7,clk_osc_fast_tap7,(R) u_core_gen_pd_row[5].gen_pd_col[7].u_pd/hit_latched_reg/C,(F) u_core_gen_pd_row[5].gen_pd_col[7].u_pd/nfast_hit_latched_reg[1]/D
OSC_FAST_REAL,/home/validmgr/ksabra/2026_SPAD/SPADMIC/results/genus_osc_pd/20260602_o4_muxless_tags_r600_o4_r600_closure/timing_violations.rpt,108,VIOLATED,-1316,clk_osc_fast_tap6,clk_osc_fast_tap6,clk_osc_fast_tap6,(R) u_core_gen_pd_row[5].gen_pd_col[6].u_pd/hit_latched_reg/C,(F) u_core_gen_pd_row[5].gen_pd_col[6].u_pd/nfast_hit_latched_reg[6]/D
OSC_FAST_REAL,/home/validmgr/ksabra/2026_SPAD/SPADMIC/results/genus_osc_pd/20260602_o4_muxless_tags_r600_o4_r600_closure/timing_violations.rpt,109,VIOLATED,-1316,clk_osc_fast_tap6,clk_osc_fast_tap6,clk_osc_fast_tap6,(R) u_core_gen_pd_row[5].gen_pd_col[6].u_pd/hit_latched_reg/C,(F) u_core_gen_pd_row[5].gen_pd_col[6].u_pd/nfast_hit_latched_reg[3]/D
OSC_FAST_REAL,/home/validmgr/ksabra/2026_SPAD/SPADMIC/results/genus_osc_pd/20260602_o4_muxless_tags_r600_o4_r600_closure/timing_violations.rpt,110,VIOLATED,-1316,clk_osc_fast_tap6,clk_osc_fast_tap6,clk_osc_fast_tap6,(R) u_core_gen_pd_row[5].gen_pd_col[6].u_pd/hit_latched_reg/C,(F) u_core_gen_pd_row[5].gen_pd_col[6].u_pd/nfast_hit_latched_reg[4]/D
OSC_FAST_REAL,/home/validmgr/ksabra/2026_SPAD/SPADMIC/results/genus_osc_pd/20260602_o4_muxless_tags_r600_o4_r600_closure/timing_violations.rpt,111,VIOLATED,-1316,clk_osc_fast_tap6,clk_osc_fast_tap6,clk_osc_fast_tap6,(R) u_core_gen_pd_row[5].gen_pd_col[6].u_pd/hit_latched_reg/C,(F) u_core_gen_pd_row[5].gen_pd_col[6].u_pd/nfast_hit_latched_reg[5]/D
OSC_FAST_REAL,/home/validmgr/ksabra/2026_SPAD/SPADMIC/results/genus_osc_pd/20260602_o4_muxless_tags_r600_o4_r600_closure/timing_violations.rpt,112,VIOLATED,-1316,clk_osc_fast_tap6,clk_osc_fast_tap6,clk_osc_fast_tap6,(R) u_core_gen_pd_row[5].gen_pd_col[6].u_pd/hit_latched_reg/C,(F) u_core_gen_pd_row[5].gen_pd_col[6].u_pd/nfast_hit_latched_reg[2]/D
OSC_FAST_REAL,/home/validmgr/ksabra/2026_SPAD/SPADMIC/results/genus_osc_pd/20260602_o4_muxless_tags_r600_o4_r600_closure/timing_violations.rpt,113,VIOLATED,-1316,clk_osc_fast_tap6,clk_osc_fast_tap6,clk_osc_fast_tap6,(R) u_core_gen_pd_row[5].gen_pd_col[6].u_pd/hit_latched_reg/C,(F) u_core_gen_pd_row[5].gen_pd_col[6].u_pd/nfast_hit_latched_reg[0]/D
OSC_FAST_REAL,/home/validmgr/ksabra/2026_SPAD/SPADMIC/results/genus_osc_pd/20260602_o4_muxless_tags_r600_o4_r600_closure/timing_violations.rpt,114,VIOLATED,-1316,clk_osc_fast_tap6,clk_osc_fast_tap6,clk_osc_fast_tap6,(R) u_core_gen_pd_row[5].gen_pd_col[6].u_pd/hit_latched_reg/C,(F) u_core_gen_pd_row[5].gen_pd_col[6].u_pd/nfast_hit_latched_reg[1]/D
OSC_FAST_REAL,/home/validmgr/ksabra/2026_SPAD/SPADMIC/results/genus_osc_pd/20260602_o4_muxless_tags_r600_o4_r600_closure/timing_violations.rpt,115,VIOLATED,-1316,clk_osc_fast_tap5,clk_osc_fast_tap5,clk_osc_fast_tap5,(R) u_core_gen_pd_row[5].gen_pd_col[5].u_pd/hit_latched_reg/C,(F) u_core_gen_pd_row[5].gen_pd_col[5].u_pd/nfast_hit_latched_reg[6]/D
OSC_FAST_REAL,/home/validmgr/ksabra/2026_SPAD/SPADMIC/results/genus_osc_pd/20260602_o4_muxless_tags_r600_o4_r600_closure/timing_violations.rpt,116,VIOLATED,-1316,clk_osc_fast_tap5,clk_osc_fast_tap5,clk_osc_fast_tap5,(R) u_core_gen_pd_row[5].gen_pd_col[5].u_pd/hit_latched_reg/C,(F) u_core_gen_pd_row[5].gen_pd_col[5].u_pd/nfast_hit_latched_reg[3]/D
OSC_FAST_REAL,/home/validmgr/ksabra/2026_SPAD/SPADMIC/results/genus_osc_pd/20260602_o4_muxless_tags_r600_o4_r600_closure/timing_violations.rpt,117,VIOLATED,-1316,clk_osc_fast_tap5,clk_osc_fast_tap5,clk_osc_fast_tap5,(R) u_core_gen_pd_row[5].gen_pd_col[5].u_pd/hit_latched_reg/C,(F) u_core_gen_pd_row[5].gen_pd_col[5].u_pd/nfast_hit_latched_reg[4]/D
OSC_FAST_REAL,/home/validmgr/ksabra/2026_SPAD/SPADMIC/results/genus_osc_pd/20260602_o4_muxless_tags_r600_o4_r600_closure/timing_violations.rpt,118,VIOLATED,-1316,clk_osc_fast_tap5,clk_osc_fast_tap5,clk_osc_fast_tap5,(R) u_core_gen_pd_row[5].gen_pd_col[5].u_pd/hit_latched_reg/C,(F) u_core_gen_pd_row[5].gen_pd_col[5].u_pd/nfast_hit_latched_reg[5]/D
OSC_FAST_REAL,/home/validmgr/ksabra/2026_SPAD/SPADMIC/results/genus_osc_pd/20260602_o4_muxless_tags_r600_o4_r600_closure/timing_violations.rpt,119,VIOLATED,-1316,clk_osc_fast_tap5,clk_osc_fast_tap5,clk_osc_fast_tap5,(R) u_core_gen_pd_row[5].gen_pd_col[5].u_pd/hit_latched_reg/C,(F) u_core_gen_pd_row[5].gen_pd_col[5].u_pd/nfast_hit_latched_reg[2]/D
OSC_FAST_REAL,/home/validmgr/ksabra/2026_SPAD/SPADMIC/results/genus_osc_pd/20260602_o4_muxless_tags_r600_o4_r600_closure/timing_violations.rpt,120,VIOLATED,-1316,clk_osc_fast_tap5,clk_osc_fast_tap5,clk_osc_fast_tap5,(R) u_core_gen_pd_row[5].gen_pd_col[5].u_pd/hit_latched_reg/C,(F) u_core_gen_pd_row[5].gen_pd_col[5].u_pd/nfast_hit_latched_reg[0]/D
OSC_FAST_REAL,/home/validmgr/ksabra/2026_SPAD/SPADMIC/results/genus_osc_pd/20260602_o4_muxless_tags_r600_o4_r600_closure/timing_violations.rpt,121,VIOLATED,-1316,clk_osc_fast_tap5,clk_osc_fast_tap5,clk_osc_fast_tap5,(R) u_core_gen_pd_row[5].gen_pd_col[5].u_pd/hit_latched_reg/C,(F) u_core_gen_pd_row[5].gen_pd_col[5].u_pd/nfast_hit_latched_reg[1]/D
OSC_FAST_REAL,/home/validmgr/ksabra/2026_SPAD/SPADMIC/results/genus_osc_pd/20260602_o4_muxless_tags_r600_o4_r600_closure/timing_violations.rpt,122,VIOLATED,-1316,clk_osc_fast_tap2,clk_osc_fast_tap2,clk_osc_fast_tap2,(R) u_core_gen_pd_row[5].gen_pd_col[2].u_pd/hit_latched_reg/C,(F) u_core_gen_pd_row[5].gen_pd_col[2].u_pd/nfast_hit_latched_reg[3]/D
OSC_FAST_REAL,/home/validmgr/ksabra/2026_SPAD/SPADMIC/results/genus_osc_pd/20260602_o4_muxless_tags_r600_o4_r600_closure/timing_violations.rpt,123,VIOLATED,-1316,clk_osc_fast_tap2,clk_osc_fast_tap2,clk_osc_fast_tap2,(R) u_core_gen_pd_row[5].gen_pd_col[2].u_pd/hit_latched_reg/C,(F) u_core_gen_pd_row[5].gen_pd_col[2].u_pd/nfast_hit_latched_reg[4]/D
OSC_FAST_REAL,/home/validmgr/ksabra/2026_SPAD/SPADMIC/results/genus_osc_pd/20260602_o4_muxless_tags_r600_o4_r600_closure/timing_violations.rpt,124,VIOLATED,-1316,clk_osc_fast_tap2,clk_osc_fast_tap2,clk_osc_fast_tap2,(R) u_core_gen_pd_row[5].gen_pd_col[2].u_pd/hit_latched_reg/C,(F) u_core_gen_pd_row[5].gen_pd_col[2].u_pd/nfast_hit_latched_reg[5]/D
OSC_FAST_REAL,/home/validmgr/ksabra/2026_SPAD/SPADMIC/results/genus_osc_pd/20260602_o4_muxless_tags_r600_o4_r600_closure/timing_violations.rpt,125,VIOLATED,-1316,clk_osc_fast_tap2,clk_osc_fast_tap2,clk_osc_fast_tap2,(R) u_core_gen_pd_row[5].gen_pd_col[2].u_pd/hit_latched_reg/C,(F) u_core_gen_pd_row[5].gen_pd_col[2].u_pd/nfast_hit_latched_reg[2]/D
OSC_FAST_REAL,/home/validmgr/ksabra/2026_SPAD/SPADMIC/results/genus_osc_pd/20260602_o4_muxless_tags_r600_o4_r600_closure/timing_violations.rpt,126,VIOLATED,-1316,clk_osc_fast_tap2,clk_osc_fast_tap2,clk_osc_fast_tap2,(R) u_core_gen_pd_row[5].gen_pd_col[2].u_pd/hit_latched_reg/C,(F) u_core_gen_pd_row[5].gen_pd_col[2].u_pd/nfast_hit_latched_reg[0]/D
OSC_FAST_REAL,/home/validmgr/ksabra/2026_SPAD/SPADMIC/results/genus_osc_pd/20260602_o4_muxless_tags_r600_o4_r600_closure/timing_violations.rpt,127,VIOLATED,-1316,clk_osc_fast_tap2,clk_osc_fast_tap2,clk_osc_fast_tap2,(R) u_core_gen_pd_row[5].gen_pd_col[2].u_pd/hit_latched_reg/C,(F) u_core_gen_pd_row[5].gen_pd_col[2].u_pd/nfast_hit_latched_reg[1]/D
OSC_FAST_REAL,/home/validmgr/ksabra/2026_SPAD/SPADMIC/results/genus_osc_pd/20260602_o4_muxless_tags_r600_o4_r600_closure/timing_violations.rpt,128,VIOLATED,-1316,clk_osc_fast_tap1,clk_osc_fast_tap1,clk_osc_fast_tap1,(R) u_core_gen_pd_row[5].gen_pd_col[1].u_pd/hit_latched_reg/C,(F) u_core_gen_pd_row[5].gen_pd_col[1].u_pd/nfast_hit_latched_reg[3]/D
OSC_FAST_REAL,/home/validmgr/ksabra/2026_SPAD/SPADMIC/results/genus_osc_pd/20260602_o4_muxless_tags_r600_o4_r600_closure/timing_violations.rpt,129,VIOLATED,-1316,clk_osc_fast_tap1,clk_osc_fast_tap1,clk_osc_fast_tap1,(R) u_core_gen_pd_row[5].gen_pd_col[1].u_pd/hit_latched_reg/C,(F) u_core_gen_pd_row[5].gen_pd_col[1].u_pd/nfast_hit_latched_reg[4]/D
OSC_FAST_REAL,/home/validmgr/ksabra/2026_SPAD/SPADMIC/results/genus_osc_pd/20260602_o4_muxless_tags_r600_o4_r600_closure/timing_violations.rpt,130,VIOLATED,-1316,clk_osc_fast_tap1,clk_osc_fast_tap1,clk_osc_fast_tap1,(R) u_core_gen_pd_row[5].gen_pd_col[1].u_pd/hit_latched_reg/C,(F) u_core_gen_pd_row[5].gen_pd_col[1].u_pd/nfast_hit_latched_reg[5]/D
OSC_FAST_REAL,/home/validmgr/ksabra/2026_SPAD/SPADMIC/results/genus_osc_pd/20260602_o4_muxless_tags_r600_o4_r600_closure/timing_violations.rpt,131,VIOLATED,-1316,clk_osc_fast_tap1,clk_osc_fast_tap1,clk_osc_fast_tap1,(R) u_core_gen_pd_row[5].gen_pd_col[1].u_pd/hit_latched_reg/C,(F) u_core_gen_pd_row[5].gen_pd_col[1].u_pd/nfast_hit_latched_reg[2]/D
OSC_FAST_REAL,/home/validmgr/ksabra/2026_SPAD/SPADMIC/results/genus_osc_pd/20260602_o4_muxless_tags_r600_o4_r600_closure/timing_violations.rpt,132,VIOLATED,-1316,clk_osc_fast_tap1,clk_osc_fast_tap1,clk_osc_fast_tap1,(R) u_core_gen_pd_row[5].gen_pd_col[1].u_pd/hit_latched_reg/C,(F) u_core_gen_pd_row[5].gen_pd_col[1].u_pd/nfast_hit_latched_reg[0]/D
OSC_FAST_REAL,/home/validmgr/ksabra/2026_SPAD/SPADMIC/results/genus_osc_pd/20260602_o4_muxless_tags_r600_o4_r600_closure/timing_violations.rpt,133,VIOLATED,-1316,clk_osc_fast_tap1,clk_osc_fast_tap1,clk_osc_fast_tap1,(R) u_core_gen_pd_row[5].gen_pd_col[1].u_pd/hit_latched_reg/C,(F) u_core_gen_pd_row[5].gen_pd_col[1].u_pd/nfast_hit_latched_reg[1]/D
OSC_FAST_REAL,/home/validmgr/ksabra/2026_SPAD/SPADMIC/results/genus_osc_pd/20260602_o4_muxless_tags_r600_o4_r600_closure/timing_violations.rpt,134,VIOLATED,-1316,clk_osc_fast,clk_osc_fast,clk_osc_fast,(R) u_core_gen_pd_row[5].gen_pd_col[0].u_pd/hit_latched_reg/C,(F) u_core_gen_pd_row[5].gen_pd_col[0].u_pd/nfast_hit_latched_reg[6]/D
OSC_FAST_REAL,/home/validmgr/ksabra/2026_SPAD/SPADMIC/results/genus_osc_pd/20260602_o4_muxless_tags_r600_o4_r600_closure/timing_violations.rpt,135,VIOLATED,-1316,clk_osc_fast,clk_osc_fast,clk_osc_fast,(R) u_core_gen_pd_row[5].gen_pd_col[0].u_pd/hit_latched_reg/C,(F) u_core_gen_pd_row[5].gen_pd_col[0].u_pd/nfast_hit_latched_reg[3]/D
OSC_FAST_REAL,/home/validmgr/ksabra/2026_SPAD/SPADMIC/results/genus_osc_pd/20260602_o4_muxless_tags_r600_o4_r600_closure/timing_violations.rpt,136,VIOLATED,-1316,clk_osc_fast,clk_osc_fast,clk_osc_fast,(R) u_core_gen_pd_row[5].gen_pd_col[0].u_pd/hit_latched_reg/C,(F) u_core_gen_pd_row[5].gen_pd_col[0].u_pd/nfast_hit_latched_reg[4]/D
OSC_FAST_REAL,/home/validmgr/ksabra/2026_SPAD/SPADMIC/results/genus_osc_pd/20260602_o4_muxless_tags_r600_o4_r600_closure/timing_violations.rpt,137,VIOLATED,-1316,clk_osc_fast,clk_osc_fast,clk_osc_fast,(R) u_core_gen_pd_row[5].gen_pd_col[0].u_pd/hit_latched_reg/C,(F) u_core_gen_pd_row[5].gen_pd_col[0].u_pd/nfast_hit_latched_reg[5]/D
OSC_FAST_REAL,/home/validmgr/ksabra/2026_SPAD/SPADMIC/results/genus_osc_pd/20260602_o4_muxless_tags_r600_o4_r600_closure/timing_violations.rpt,138,VIOLATED,-1316,clk_osc_fast,clk_osc_fast,clk_osc_fast,(R) u_core_gen_pd_row[5].gen_pd_col[0].u_pd/hit_latched_reg/C,(F) u_core_gen_pd_row[5].gen_pd_col[0].u_pd/nfast_hit_latched_reg[0]/D
OSC_FAST_REAL,/home/validmgr/ksabra/2026_SPAD/SPADMIC/results/genus_osc_pd/20260602_o4_muxless_tags_r600_o4_r600_closure/timing_violations.rpt,139,VIOLATED,-1316,clk_osc_fast,clk_osc_fast,clk_osc_fast,(R) u_core_gen_pd_row[5].gen_pd_col[0].u_pd/hit_latched_reg/C,(F) u_core_gen_pd_row[5].gen_pd_col[0].u_pd/nfast_hit_latched_reg[1]/D
OSC_FAST_REAL,/home/validmgr/ksabra/2026_SPAD/SPADMIC/results/genus_osc_pd/20260602_o4_muxless_tags_r600_o4_r600_closure/timing_violations.rpt,140,VIOLATED,-1316,clk_osc_fast_tap7,clk_osc_fast_tap7,clk_osc_fast_tap7,(R) u_core_gen_pd_row[4].gen_pd_col[7].u_pd/hit_latched_reg/C,(F) u_core_gen_pd_row[4].gen_pd_col[7].u_pd/nfast_hit_latched_reg[6]/D
OSC_FAST_REAL,/home/validmgr/ksabra/2026_SPAD/SPADMIC/results/genus_osc_pd/20260602_o4_muxless_tags_r600_o4_r600_closure/timing_violations.rpt,141,VIOLATED,-1316,clk_osc_fast_tap7,clk_osc_fast_tap7,clk_osc_fast_tap7,(R) u_core_gen_pd_row[4].gen_pd_col[7].u_pd/hit_latched_reg/C,(F) u_core_gen_pd_row[4].gen_pd_col[7].u_pd/nfast_hit_latched_reg[3]/D
OSC_FAST_REAL,/home/validmgr/ksabra/2026_SPAD/SPADMIC/results/genus_osc_pd/20260602_o4_muxless_tags_r600_o4_r600_closure/timing_violations.rpt,142,VIOLATED,-1316,clk_osc_fast_tap7,clk_osc_fast_tap7,clk_osc_fast_tap7,(R) u_core_gen_pd_row[4].gen_pd_col[7].u_pd/hit_latched_reg/C,(F) u_core_gen_pd_row[4].gen_pd_col[7].u_pd/nfast_hit_latched_reg[4]/D
OSC_FAST_REAL,/home/validmgr/ksabra/2026_SPAD/SPADMIC/results/genus_osc_pd/20260602_o4_muxless_tags_r600_o4_r600_closure/timing_violations.rpt,143,VIOLATED,-1316,clk_osc_fast_tap7,clk_osc_fast_tap7,clk_osc_fast_tap7,(R) u_core_gen_pd_row[4].gen_pd_col[7].u_pd/hit_latched_reg/C,(F) u_core_gen_pd_row[4].gen_pd_col[7].u_pd/nfast_hit_latched_reg[5]/D
OSC_FAST_REAL,/home/validmgr/ksabra/2026_SPAD/SPADMIC/results/genus_osc_pd/20260602_o4_muxless_tags_r600_o4_r600_closure/timing_violations.rpt,144,VIOLATED,-1316,clk_osc_fast_tap7,clk_osc_fast_tap7,clk_osc_fast_tap7,(R) u_core_gen_pd_row[4].gen_pd_col[7].u_pd/hit_latched_reg/C,(F) u_core_gen_pd_row[4].gen_pd_col[7].u_pd/nfast_hit_latched_reg[2]/D
OSC_FAST_REAL,/home/validmgr/ksabra/2026_SPAD/SPADMIC/results/genus_osc_pd/20260602_o4_muxless_tags_r600_o4_r600_closure/timing_violations.rpt,145,VIOLATED,-1316,clk_osc_fast_tap7,clk_osc_fast_tap7,clk_osc_fast_tap7,(R) u_core_gen_pd_row[4].gen_pd_col[7].u_pd/hit_latched_reg/C,(F) u_core_gen_pd_row[4].gen_pd_col[7].u_pd/nfast_hit_latched_reg[0]/D
OSC_FAST_REAL,/home/validmgr/ksabra/2026_SPAD/SPADMIC/results/genus_osc_pd/20260602_o4_muxless_tags_r600_o4_r600_closure/timing_violations.rpt,146,VIOLATED,-1316,clk_osc_fast_tap7,clk_osc_fast_tap7,clk_osc_fast_tap7,(R) u_core_gen_pd_row[4].gen_pd_col[7].u_pd/hit_latched_reg/C,(F) u_core_gen_pd_row[4].gen_pd_col[7].u_pd/nfast_hit_latched_reg[1]/D
OSC_FAST_REAL,/home/validmgr/ksabra/2026_SPAD/SPADMIC/results/genus_osc_pd/20260602_o4_muxless_tags_r600_o4_r600_closure/timing_violations.rpt,147,VIOLATED,-1316,clk_osc_fast_tap5,clk_osc_fast_tap5,clk_osc_fast_tap5,(R) u_core_gen_pd_row[4].gen_pd_col[5].u_pd/hit_latched_reg/C,(F) u_core_gen_pd_row[4].gen_pd_col[5].u_pd/nfast_hit_latched_reg[6]/D
OSC_FAST_REAL,/home/validmgr/ksabra/2026_SPAD/SPADMIC/results/genus_osc_pd/20260602_o4_muxless_tags_r600_o4_r600_closure/timing_violations.rpt,148,VIOLATED,-1316,clk_osc_fast_tap5,clk_osc_fast_tap5,clk_osc_fast_tap5,(R) u_core_gen_pd_row[4].gen_pd_col[5].u_pd/hit_latched_reg/C,(F) u_core_gen_pd_row[4].gen_pd_col[5].u_pd/nfast_hit_latched_reg[3]/D
OSC_FAST_REAL,/home/validmgr/ksabra/2026_SPAD/SPADMIC/results/genus_osc_pd/20260602_o4_muxless_tags_r600_o4_r600_closure/timing_violations.rpt,149,VIOLATED,-1316,clk_osc_fast_tap5,clk_osc_fast_tap5,clk_osc_fast_tap5,(R) u_core_gen_pd_row[4].gen_pd_col[5].u_pd/hit_latched_reg/C,(F) u_core_gen_pd_row[4].gen_pd_col[5].u_pd/nfast_hit_latched_reg[5]/D
OSC_FAST_REAL,/home/validmgr/ksabra/2026_SPAD/SPADMIC/results/genus_osc_pd/20260602_o4_muxless_tags_r600_o4_r600_closure/timing_violations.rpt,150,VIOLATED,-1316,clk_osc_fast_tap5,clk_osc_fast_tap5,clk_osc_fast_tap5,(R) u_core_gen_pd_row[4].gen_pd_col[5].u_pd/hit_latched_reg/C,(F) u_core_gen_pd_row[4].gen_pd_col[5].u_pd/nfast_hit_latched_reg[2]/D
OSC_FAST_REAL,/home/validmgr/ksabra/2026_SPAD/SPADMIC/results/genus_osc_pd/20260602_o4_muxless_tags_r600_o4_r600_closure/timing_violations.rpt,151,VIOLATED,-1316,clk_osc_fast_tap5,clk_osc_fast_tap5,clk_osc_fast_tap5,(R) u_core_gen_pd_row[4].gen_pd_col[5].u_pd/hit_latched_reg/C,(F) u_core_gen_pd_row[4].gen_pd_col[5].u_pd/nfast_hit_latched_reg[0]/D
OSC_FAST_REAL,/home/validmgr/ksabra/2026_SPAD/SPADMIC/results/genus_osc_pd/20260602_o4_muxless_tags_r600_o4_r600_closure/timing_violations.rpt,152,VIOLATED,-1316,clk_osc_fast_tap5,clk_osc_fast_tap5,clk_osc_fast_tap5,(R) u_core_gen_pd_row[4].gen_pd_col[5].u_pd/hit_latched_reg/C,(F) u_core_gen_pd_row[4].gen_pd_col[5].u_pd/nfast_hit_latched_reg[1]/D
OSC_FAST_REAL,/home/validmgr/ksabra/2026_SPAD/SPADMIC/results/genus_osc_pd/20260602_o4_muxless_tags_r600_o4_r600_closure/timing_violations.rpt,153,VIOLATED,-1316,clk_osc_fast_tap4,clk_osc_fast_tap4,clk_osc_fast_tap4,(R) u_core_gen_pd_row[4].gen_pd_col[4].u_pd/hit_latched_reg/C,(F) u_core_gen_pd_row[4].gen_pd_col[4].u_pd/nfast_hit_latched_reg[5]/D
OSC_FAST_REAL,/home/validmgr/ksabra/2026_SPAD/SPADMIC/results/genus_osc_pd/20260602_o4_muxless_tags_r600_o4_r600_closure/timing_violations.rpt,154,VIOLATED,-1316,clk_osc_fast_tap4,clk_osc_fast_tap4,clk_osc_fast_tap4,(R) u_core_gen_pd_row[4].gen_pd_col[4].u_pd/hit_latched_reg/C,(F) u_core_gen_pd_row[4].gen_pd_col[4].u_pd/nfast_hit_latched_reg[0]/D
OSC_FAST_REAL,/home/validmgr/ksabra/2026_SPAD/SPADMIC/results/genus_osc_pd/20260602_o4_muxless_tags_r600_o4_r600_closure/timing_violations.rpt,155,VIOLATED,-1316,clk_osc_fast_tap4,clk_osc_fast_tap4,clk_osc_fast_tap4,(R) u_core_gen_pd_row[4].gen_pd_col[4].u_pd/hit_latched_reg/C,(F) u_core_gen_pd_row[4].gen_pd_col[4].u_pd/nfast_hit_latched_reg[1]/D
OSC_FAST_REAL,/home/validmgr/ksabra/2026_SPAD/SPADMIC/results/genus_osc_pd/20260602_o4_muxless_tags_r600_o4_r600_closure/timing_violations.rpt,156,VIOLATED,-1316,clk_osc_fast_tap3,clk_osc_fast_tap3,clk_osc_fast_tap3,(R) u_core_gen_pd_row[4].gen_pd_col[3].u_pd/hit_latched_reg/C,(F) u_core_gen_pd_row[4].gen_pd_col[3].u_pd/nfast_hit_latched_reg[4]/D
OSC_FAST_REAL,/home/validmgr/ksabra/2026_SPAD/SPADMIC/results/genus_osc_pd/20260602_o4_muxless_tags_r600_o4_r600_closure/timing_violations.rpt,157,VIOLATED,-1316,clk_osc_fast_tap3,clk_osc_fast_tap3,clk_osc_fast_tap3,(R) u_core_gen_pd_row[4].gen_pd_col[3].u_pd/hit_latched_reg/C,(F) u_core_gen_pd_row[4].gen_pd_col[3].u_pd/nfast_hit_latched_reg[5]/D
OSC_FAST_REAL,/home/validmgr/ksabra/2026_SPAD/SPADMIC/results/genus_osc_pd/20260602_o4_muxless_tags_r600_o4_r600_closure/timing_violations.rpt,158,VIOLATED,-1316,clk_osc_fast_tap3,clk_osc_fast_tap3,clk_osc_fast_tap3,(R) u_core_gen_pd_row[4].gen_pd_col[3].u_pd/hit_latched_reg/C,(F) u_core_gen_pd_row[4].gen_pd_col[3].u_pd/nfast_hit_latched_reg[0]/D
OSC_FAST_REAL,/home/validmgr/ksabra/2026_SPAD/SPADMIC/results/genus_osc_pd/20260602_o4_muxless_tags_r600_o4_r600_closure/timing_violations.rpt,159,VIOLATED,-1316,clk_osc_fast_tap2,clk_osc_fast_tap2,clk_osc_fast_tap2,(R) u_core_gen_pd_row[4].gen_pd_col[2].u_pd/hit_latched_reg/C,(F) u_core_gen_pd_row[4].gen_pd_col[2].u_pd/nfast_hit_latched_reg[6]/D
OSC_FAST_REAL,/home/validmgr/ksabra/2026_SPAD/SPADMIC/results/genus_osc_pd/20260602_o4_muxless_tags_r600_o4_r600_closure/timing_violations.rpt,160,VIOLATED,-1316,clk_osc_fast_tap2,clk_osc_fast_tap2,clk_osc_fast_tap2,(R) u_core_gen_pd_row[4].gen_pd_col[2].u_pd/hit_latched_reg/C,(F) u_core_gen_pd_row[4].gen_pd_col[2].u_pd/nfast_hit_latched_reg[3]/D
OSC_FAST_REAL,/home/validmgr/ksabra/2026_SPAD/SPADMIC/results/genus_osc_pd/20260602_o4_muxless_tags_r600_o4_r600_closure/timing_violations.rpt,161,VIOLATED,-1316,clk_osc_fast_tap2,clk_osc_fast_tap2,clk_osc_fast_tap2,(R) u_core_gen_pd_row[4].gen_pd_col[2].u_pd/hit_latched_reg/C,(F) u_core_gen_pd_row[4].gen_pd_col[2].u_pd/nfast_hit_latched_reg[5]/D
OSC_FAST_REAL,/home/validmgr/ksabra/2026_SPAD/SPADMIC/results/genus_osc_pd/20260602_o4_muxless_tags_r600_o4_r600_closure/timing_violations.rpt,162,VIOLATED,-1316,clk_osc_fast_tap2,clk_osc_fast_tap2,clk_osc_fast_tap2,(R) u_core_gen_pd_row[4].gen_pd_col[2].u_pd/hit_latched_reg/C,(F) u_core_gen_pd_row[4].gen_pd_col[2].u_pd/nfast_hit_latched_reg[0]/D
OSC_FAST_REAL,/home/validmgr/ksabra/2026_SPAD/SPADMIC/results/genus_osc_pd/20260602_o4_muxless_tags_r600_o4_r600_closure/timing_violations.rpt,163,VIOLATED,-1316,clk_osc_fast_tap2,clk_osc_fast_tap2,clk_osc_fast_tap2,(R) u_core_gen_pd_row[4].gen_pd_col[2].u_pd/hit_latched_reg/C,(F) u_core_gen_pd_row[4].gen_pd_col[2].u_pd/nfast_hit_latched_reg[1]/D
OSC_FAST_REAL,/home/validmgr/ksabra/2026_SPAD/SPADMIC/results/genus_osc_pd/20260602_o4_muxless_tags_r600_o4_r600_closure/timing_violations.rpt,164,VIOLATED,-1316,clk_osc_fast_tap1,clk_osc_fast_tap1,clk_osc_fast_tap1,(R) u_core_gen_pd_row[4].gen_pd_col[1].u_pd/hit_latched_reg/C,(F) u_core_gen_pd_row[4].gen_pd_col[1].u_pd/nfast_hit_latched_reg[6]/D
OSC_FAST_REAL,/home/validmgr/ksabra/2026_SPAD/SPADMIC/results/genus_osc_pd/20260602_o4_muxless_tags_r600_o4_r600_closure/timing_violations.rpt,165,VIOLATED,-1316,clk_osc_fast_tap1,clk_osc_fast_tap1,clk_osc_fast_tap1,(R) u_core_gen_pd_row[4].gen_pd_col[1].u_pd/hit_latched_reg/C,(F) u_core_gen_pd_row[4].gen_pd_col[1].u_pd/nfast_hit_latched_reg[3]/D
OSC_FAST_REAL,/home/validmgr/ksabra/2026_SPAD/SPADMIC/results/genus_osc_pd/20260602_o4_muxless_tags_r600_o4_r600_closure/timing_violations.rpt,166,VIOLATED,-1316,clk_osc_fast_tap1,clk_osc_fast_tap1,clk_osc_fast_tap1,(R) u_core_gen_pd_row[4].gen_pd_col[1].u_pd/hit_latched_reg/C,(F) u_core_gen_pd_row[4].gen_pd_col[1].u_pd/nfast_hit_latched_reg[4]/D
OSC_FAST_REAL,/home/validmgr/ksabra/2026_SPAD/SPADMIC/results/genus_osc_pd/20260602_o4_muxless_tags_r600_o4_r600_closure/timing_violations.rpt,167,VIOLATED,-1316,clk_osc_fast_tap1,clk_osc_fast_tap1,clk_osc_fast_tap1,(R) u_core_gen_pd_row[4].gen_pd_col[1].u_pd/hit_latched_reg/C,(F) u_core_gen_pd_row[4].gen_pd_col[1].u_pd/nfast_hit_latched_reg[2]/D
OSC_FAST_REAL,/home/validmgr/ksabra/2026_SPAD/SPADMIC/results/genus_osc_pd/20260602_o4_muxless_tags_r600_o4_r600_closure/timing_violations.rpt,168,VIOLATED,-1316,clk_osc_fast_tap1,clk_osc_fast_tap1,clk_osc_fast_tap1,(R) u_core_gen_pd_row[4].gen_pd_col[1].u_pd/hit_latched_reg/C,(F) u_core_gen_pd_row[4].gen_pd_col[1].u_pd/nfast_hit_latched_reg[0]/D
OSC_FAST_REAL,/home/validmgr/ksabra/2026_SPAD/SPADMIC/results/genus_osc_pd/20260602_o4_muxless_tags_r600_o4_r600_closure/timing_violations.rpt,169,VIOLATED,-1316,clk_osc_fast_tap1,clk_osc_fast_tap1,clk_osc_fast_tap1,(R) u_core_gen_pd_row[4].gen_pd_col[1].u_pd/hit_latched_reg/C,(F) u_core_gen_pd_row[4].gen_pd_col[1].u_pd/nfast_hit_latched_reg[1]/D
OSC_FAST_REAL,/home/validmgr/ksabra/2026_SPAD/SPADMIC/results/genus_osc_pd/20260602_o4_muxless_tags_r600_o4_r600_closure/timing_violations.rpt,170,VIOLATED,-1316,clk_osc_fast_tap5,clk_osc_fast_tap5,clk_osc_fast_tap5,(R) u_core_gen_pd_row[3].gen_pd_col[5].u_pd/hit_latched_reg/C,(F) u_core_gen_pd_row[3].gen_pd_col[5].u_pd/nfast_hit_latched_reg[6]/D
OSC_FAST_REAL,/home/validmgr/ksabra/2026_SPAD/SPADMIC/results/genus_osc_pd/20260602_o4_muxless_tags_r600_o4_r600_closure/timing_violations.rpt,171,VIOLATED,-1316,clk_osc_fast_tap5,clk_osc_fast_tap5,clk_osc_fast_tap5,(R) u_core_gen_pd_row[3].gen_pd_col[5].u_pd/hit_latched_reg/C,(F) u_core_gen_pd_row[3].gen_pd_col[5].u_pd/nfast_hit_latched_reg[3]/D
OSC_FAST_REAL,/home/validmgr/ksabra/2026_SPAD/SPADMIC/results/genus_osc_pd/20260602_o4_muxless_tags_r600_o4_r600_closure/timing_violations.rpt,172,VIOLATED,-1316,clk_osc_fast_tap5,clk_osc_fast_tap5,clk_osc_fast_tap5,(R) u_core_gen_pd_row[3].gen_pd_col[5].u_pd/hit_latched_reg/C,(F) u_core_gen_pd_row[3].gen_pd_col[5].u_pd/nfast_hit_latched_reg[4]/D
OSC_FAST_REAL,/home/validmgr/ksabra/2026_SPAD/SPADMIC/results/genus_osc_pd/20260602_o4_muxless_tags_r600_o4_r600_closure/timing_violations.rpt,173,VIOLATED,-1316,clk_osc_fast_tap5,clk_osc_fast_tap5,clk_osc_fast_tap5,(R) u_core_gen_pd_row[3].gen_pd_col[5].u_pd/hit_latched_reg/C,(F) u_core_gen_pd_row[3].gen_pd_col[5].u_pd/nfast_hit_latched_reg[2]/D
OSC_FAST_REAL,/home/validmgr/ksabra/2026_SPAD/SPADMIC/results/genus_osc_pd/20260602_o4_muxless_tags_r600_o4_r600_closure/timing_violations.rpt,174,VIOLATED,-1316,clk_osc_fast_tap5,clk_osc_fast_tap5,clk_osc_fast_tap5,(R) u_core_gen_pd_row[3].gen_pd_col[5].u_pd/hit_latched_reg/C,(F) u_core_gen_pd_row[3].gen_pd_col[5].u_pd/nfast_hit_latched_reg[0]/D
OSC_FAST_REAL,/home/validmgr/ksabra/2026_SPAD/SPADMIC/results/genus_osc_pd/20260602_o4_muxless_tags_r600_o4_r600_closure/timing_violations.rpt,175,VIOLATED,-1316,clk_osc_fast_tap5,clk_osc_fast_tap5,clk_osc_fast_tap5,(R) u_core_gen_pd_row[3].gen_pd_col[5].u_pd/hit_latched_reg/C,(F) u_core_gen_pd_row[3].gen_pd_col[5].u_pd/nfast_hit_latched_reg[1]/D
OSC_FAST_REAL,/home/validmgr/ksabra/2026_SPAD/SPADMIC/results/genus_osc_pd/20260602_o4_muxless_tags_r600_o4_r600_closure/timing_violations.rpt,176,VIOLATED,-1316,clk_osc_fast_tap4,clk_osc_fast_tap4,clk_osc_fast_tap4,(R) u_core_gen_pd_row[3].gen_pd_col[4].u_pd/hit_latched_reg/C,(F) u_core_gen_pd_row[3].gen_pd_col[4].u_pd/nfast_hit_latched_reg[6]/D
OSC_FAST_REAL,/home/validmgr/ksabra/2026_SPAD/SPADMIC/results/genus_osc_pd/20260602_o4_muxless_tags_r600_o4_r600_closure/timing_violations.rpt,177,VIOLATED,-1316,clk_osc_fast_tap4,clk_osc_fast_tap4,clk_osc_fast_tap4,(R) u_core_gen_pd_row[3].gen_pd_col[4].u_pd/hit_latched_reg/C,(F) u_core_gen_pd_row[3].gen_pd_col[4].u_pd/nfast_hit_latched_reg[4]/D
OSC_FAST_REAL,/home/validmgr/ksabra/2026_SPAD/SPADMIC/results/genus_osc_pd/20260602_o4_muxless_tags_r600_o4_r600_closure/timing_violations.rpt,178,VIOLATED,-1316,clk_osc_fast_tap4,clk_osc_fast_tap4,clk_osc_fast_tap4,(R) u_core_gen_pd_row[3].gen_pd_col[4].u_pd/hit_latched_reg/C,(F) u_core_gen_pd_row[3].gen_pd_col[4].u_pd/nfast_hit_latched_reg[5]/D
OSC_FAST_REAL,/home/validmgr/ksabra/2026_SPAD/SPADMIC/results/genus_osc_pd/20260602_o4_muxless_tags_r600_o4_r600_closure/timing_violations.rpt,179,VIOLATED,-1316,clk_osc_fast_tap4,clk_osc_fast_tap4,clk_osc_fast_tap4,(R) u_core_gen_pd_row[3].gen_pd_col[4].u_pd/hit_latched_reg/C,(F) u_core_gen_pd_row[3].gen_pd_col[4].u_pd/nfast_hit_latched_reg[2]/D
OSC_FAST_REAL,/home/validmgr/ksabra/2026_SPAD/SPADMIC/results/genus_osc_pd/20260602_o4_muxless_tags_r600_o4_r600_closure/timing_violations.rpt,180,VIOLATED,-1316,clk_osc_fast_tap4,clk_osc_fast_tap4,clk_osc_fast_tap4,(R) u_core_gen_pd_row[3].gen_pd_col[4].u_pd/hit_latched_reg/C,(F) u_core_gen_pd_row[3].gen_pd_col[4].u_pd/nfast_hit_latched_reg[1]/D
OSC_FAST_REAL,/home/validmgr/ksabra/2026_SPAD/SPADMIC/results/genus_osc_pd/20260602_o4_muxless_tags_r600_o4_r600_closure/timing_violations.rpt,181,VIOLATED,-1316,clk_osc_fast_tap2,clk_osc_fast_tap2,clk_osc_fast_tap2,(R) u_core_gen_pd_row[3].gen_pd_col[2].u_pd/hit_latched_reg/C,(F) u_core_gen_pd_row[3].gen_pd_col[2].u_pd/nfast_hit_latched_reg[6]/D
OSC_FAST_REAL,/home/validmgr/ksabra/2026_SPAD/SPADMIC/results/genus_osc_pd/20260602_o4_muxless_tags_r600_o4_r600_closure/timing_violations.rpt,182,VIOLATED,-1316,clk_osc_fast_tap2,clk_osc_fast_tap2,clk_osc_fast_tap2,(R) u_core_gen_pd_row[3].gen_pd_col[2].u_pd/hit_latched_reg/C,(F) u_core_gen_pd_row[3].gen_pd_col[2].u_pd/nfast_hit_latched_reg[3]/D
OSC_FAST_REAL,/home/validmgr/ksabra/2026_SPAD/SPADMIC/results/genus_osc_pd/20260602_o4_muxless_tags_r600_o4_r600_closure/timing_violations.rpt,183,VIOLATED,-1316,clk_osc_fast_tap2,clk_osc_fast_tap2,clk_osc_fast_tap2,(R) u_core_gen_pd_row[3].gen_pd_col[2].u_pd/hit_latched_reg/C,(F) u_core_gen_pd_row[3].gen_pd_col[2].u_pd/nfast_hit_latched_reg[5]/D
OSC_FAST_REAL,/home/validmgr/ksabra/2026_SPAD/SPADMIC/results/genus_osc_pd/20260602_o4_muxless_tags_r600_o4_r600_closure/timing_violations.rpt,184,VIOLATED,-1316,clk_osc_fast_tap2,clk_osc_fast_tap2,clk_osc_fast_tap2,(R) u_core_gen_pd_row[3].gen_pd_col[2].u_pd/hit_latched_reg/C,(F) u_core_gen_pd_row[3].gen_pd_col[2].u_pd/nfast_hit_latched_reg[2]/D
OSC_FAST_REAL,/home/validmgr/ksabra/2026_SPAD/SPADMIC/results/genus_osc_pd/20260602_o4_muxless_tags_r600_o4_r600_closure/timing_violations.rpt,185,VIOLATED,-1316,clk_osc_fast_tap2,clk_osc_fast_tap2,clk_osc_fast_tap2,(R) u_core_gen_pd_row[3].gen_pd_col[2].u_pd/hit_latched_reg/C,(F) u_core_gen_pd_row[3].gen_pd_col[2].u_pd/nfast_hit_latched_reg[0]/D
OSC_FAST_REAL,/home/validmgr/ksabra/2026_SPAD/SPADMIC/results/genus_osc_pd/20260602_o4_muxless_tags_r600_o4_r600_closure/timing_violations.rpt,186,VIOLATED,-1316,clk_osc_fast_tap2,clk_osc_fast_tap2,clk_osc_fast_tap2,(R) u_core_gen_pd_row[3].gen_pd_col[2].u_pd/hit_latched_reg/C,(F) u_core_gen_pd_row[3].gen_pd_col[2].u_pd/nfast_hit_latched_reg[1]/D
OSC_FAST_REAL,/home/validmgr/ksabra/2026_SPAD/SPADMIC/results/genus_osc_pd/20260602_o4_muxless_tags_r600_o4_r600_closure/timing_violations.rpt,187,VIOLATED,-1316,clk_osc_fast_tap1,clk_osc_fast_tap1,clk_osc_fast_tap1,(R) u_core_gen_pd_row[3].gen_pd_col[1].u_pd/hit_latched_reg/C,(F) u_core_gen_pd_row[3].gen_pd_col[1].u_pd/nfast_hit_latched_reg[6]/D
OSC_FAST_REAL,/home/validmgr/ksabra/2026_SPAD/SPADMIC/results/genus_osc_pd/20260602_o4_muxless_tags_r600_o4_r600_closure/timing_violations.rpt,188,VIOLATED,-1316,clk_osc_fast_tap1,clk_osc_fast_tap1,clk_osc_fast_tap1,(R) u_core_gen_pd_row[3].gen_pd_col[1].u_pd/hit_latched_reg/C,(F) u_core_gen_pd_row[3].gen_pd_col[1].u_pd/nfast_hit_latched_reg[3]/D
OSC_FAST_REAL,/home/validmgr/ksabra/2026_SPAD/SPADMIC/results/genus_osc_pd/20260602_o4_muxless_tags_r600_o4_r600_closure/timing_violations.rpt,189,VIOLATED,-1316,clk_osc_fast_tap1,clk_osc_fast_tap1,clk_osc_fast_tap1,(R) u_core_gen_pd_row[3].gen_pd_col[1].u_pd/hit_latched_reg/C,(F) u_core_gen_pd_row[3].gen_pd_col[1].u_pd/nfast_hit_latched_reg[4]/D
OSC_FAST_REAL,/home/validmgr/ksabra/2026_SPAD/SPADMIC/results/genus_osc_pd/20260602_o4_muxless_tags_r600_o4_r600_closure/timing_violations.rpt,190,VIOLATED,-1316,clk_osc_fast_tap1,clk_osc_fast_tap1,clk_osc_fast_tap1,(R) u_core_gen_pd_row[3].gen_pd_col[1].u_pd/hit_latched_reg/C,(F) u_core_gen_pd_row[3].gen_pd_col[1].u_pd/nfast_hit_latched_reg[5]/D
OSC_FAST_REAL,/home/validmgr/ksabra/2026_SPAD/SPADMIC/results/genus_osc_pd/20260602_o4_muxless_tags_r600_o4_r600_closure/timing_violations.rpt,191,VIOLATED,-1316,clk_osc_fast_tap1,clk_osc_fast_tap1,clk_osc_fast_tap1,(R) u_core_gen_pd_row[3].gen_pd_col[1].u_pd/hit_latched_reg/C,(F) u_core_gen_pd_row[3].gen_pd_col[1].u_pd/nfast_hit_latched_reg[2]/D
OSC_FAST_REAL,/home/validmgr/ksabra/2026_SPAD/SPADMIC/results/genus_osc_pd/20260602_o4_muxless_tags_r600_o4_r600_closure/timing_violations.rpt,192,VIOLATED,-1316,clk_osc_fast_tap1,clk_osc_fast_tap1,clk_osc_fast_tap1,(R) u_core_gen_pd_row[3].gen_pd_col[1].u_pd/hit_latched_reg/C,(F) u_core_gen_pd_row[3].gen_pd_col[1].u_pd/nfast_hit_latched_reg[0]/D
OSC_FAST_REAL,/home/validmgr/ksabra/2026_SPAD/SPADMIC/results/genus_osc_pd/20260602_o4_muxless_tags_r600_o4_r600_closure/timing_violations.rpt,193,VIOLATED,-1316,clk_osc_fast_tap1,clk_osc_fast_tap1,clk_osc_fast_tap1,(R) u_core_gen_pd_row[3].gen_pd_col[1].u_pd/hit_latched_reg/C,(F) u_core_gen_pd_row[3].gen_pd_col[1].u_pd/nfast_hit_latched_reg[1]/D
OSC_FAST_REAL,/home/validmgr/ksabra/2026_SPAD/SPADMIC/results/genus_osc_pd/20260602_o4_muxless_tags_r600_o4_r600_closure/timing_violations.rpt,194,VIOLATED,-1316,clk_osc_fast,clk_osc_fast,clk_osc_fast,(R) u_core_gen_pd_row[3].gen_pd_col[0].u_pd/hit_latched_reg/C,(F) u_core_gen_pd_row[3].gen_pd_col[0].u_pd/nfast_hit_latched_reg[6]/D
OSC_FAST_REAL,/home/validmgr/ksabra/2026_SPAD/SPADMIC/results/genus_osc_pd/20260602_o4_muxless_tags_r600_o4_r600_closure/timing_violations.rpt,195,VIOLATED,-1316,clk_osc_fast,clk_osc_fast,clk_osc_fast,(R) u_core_gen_pd_row[3].gen_pd_col[0].u_pd/hit_latched_reg/C,(F) u_core_gen_pd_row[3].gen_pd_col[0].u_pd/nfast_hit_latched_reg[4]/D
OSC_FAST_REAL,/home/validmgr/ksabra/2026_SPAD/SPADMIC/results/genus_osc_pd/20260602_o4_muxless_tags_r600_o4_r600_closure/timing_violations.rpt,196,VIOLATED,-1316,clk_osc_fast,clk_osc_fast,clk_osc_fast,(R) u_core_gen_pd_row[3].gen_pd_col[0].u_pd/hit_latched_reg/C,(F) u_core_gen_pd_row[3].gen_pd_col[0].u_pd/nfast_hit_latched_reg[5]/D
OSC_FAST_REAL,/home/validmgr/ksabra/2026_SPAD/SPADMIC/results/genus_osc_pd/20260602_o4_muxless_tags_r600_o4_r600_closure/timing_violations.rpt,197,VIOLATED,-1316,clk_osc_fast,clk_osc_fast,clk_osc_fast,(R) u_core_gen_pd_row[3].gen_pd_col[0].u_pd/hit_latched_reg/C,(F) u_core_gen_pd_row[3].gen_pd_col[0].u_pd/nfast_hit_latched_reg[2]/D
OSC_FAST_REAL,/home/validmgr/ksabra/2026_SPAD/SPADMIC/results/genus_osc_pd/20260602_o4_muxless_tags_r600_o4_r600_closure/timing_violations.rpt,198,VIOLATED,-1316,clk_osc_fast,clk_osc_fast,clk_osc_fast,(R) u_core_gen_pd_row[3].gen_pd_col[0].u_pd/hit_latched_reg/C,(F) u_core_gen_pd_row[3].gen_pd_col[0].u_pd/nfast_hit_latched_reg[0]/D
OSC_FAST_REAL,/home/validmgr/ksabra/2026_SPAD/SPADMIC/results/genus_osc_pd/20260602_o4_muxless_tags_r600_o4_r600_closure/timing_violations.rpt,199,VIOLATED,-1316,clk_osc_fast,clk_osc_fast,clk_osc_fast,(R) u_core_gen_pd_row[3].gen_pd_col[0].u_pd/hit_latched_reg/C,(F) u_core_gen_pd_row[3].gen_pd_col[0].u_pd/nfast_hit_latched_reg[1]/D
OSC_FAST_REAL,/home/validmgr/ksabra/2026_SPAD/SPADMIC/results/genus_osc_pd/20260602_o4_muxless_tags_r600_o4_r600_closure/timing_violations.rpt,200,VIOLATED,-1316,clk_osc_fast_tap4,clk_osc_fast_tap4,clk_osc_fast_tap4,(R) u_core_gen_pd_row[2].gen_pd_col[4].u_pd/hit_latched_reg/C,(F) u_core_gen_pd_row[2].gen_pd_col[4].u_pd/nfast_hit_latched_reg[6]/D
OSC_FAST_REAL,/home/validmgr/ksabra/2026_SPAD/SPADMIC/results/genus_osc_pd/20260602_o4_muxless_tags_r600_o4_r600_closure/timing_osc_fast_full_clock.rpt,1,VIOLATED,-1316,clk_osc_fast,clk_osc_fast,clk_osc_fast,(R) u_core_gen_pd_row[1].gen_pd_col[0].u_pd/hit_latched_reg/C,(F) u_core_gen_pd_row[1].gen_pd_col[0].u_pd/nfast_hit_latched_reg[6]/D
OSC_FAST_REAL,/home/validmgr/ksabra/2026_SPAD/SPADMIC/results/genus_osc_pd/20260602_o4_muxless_tags_r600_o4_r600_closure/timing_osc_fast_full_clock.rpt,2,VIOLATED,-1316,clk_osc_fast,clk_osc_fast,clk_osc_fast,(R) u_core_gen_pd_row[1].gen_pd_col[0].u_pd/hit_latched_reg/C,(F) u_core_gen_pd_row[1].gen_pd_col[0].u_pd/nfast_hit_latched_reg[3]/D
OSC_FAST_REAL,/home/validmgr/ksabra/2026_SPAD/SPADMIC/results/genus_osc_pd/20260602_o4_muxless_tags_r600_o4_r600_closure/timing_osc_fast_full_clock.rpt,3,VIOLATED,-1316,clk_osc_fast,clk_osc_fast,clk_osc_fast,(R) u_core_gen_pd_row[1].gen_pd_col[0].u_pd/hit_latched_reg/C,(F) u_core_gen_pd_row[1].gen_pd_col[0].u_pd/nfast_hit_latched_reg[2]/D
OSC_FAST_REAL,/home/validmgr/ksabra/2026_SPAD/SPADMIC/results/genus_osc_pd/20260602_o4_muxless_tags_r600_o4_r600_closure/timing_osc_fast_full_clock.rpt,4,VIOLATED,-1316,clk_osc_fast,clk_osc_fast,clk_osc_fast,(R) u_core_gen_pd_row[1].gen_pd_col[0].u_pd/hit_latched_reg/C,(F) u_core_gen_pd_row[1].gen_pd_col[0].u_pd/nfast_hit_latched_reg[0]/D
OSC_FAST_REAL,/home/validmgr/ksabra/2026_SPAD/SPADMIC/results/genus_osc_pd/20260602_o4_muxless_tags_r600_o4_r600_closure/timing_osc_fast_full_clock.rpt,5,VIOLATED,-1316,clk_osc_fast,clk_osc_fast,clk_osc_fast,(R) u_core_gen_pd_row[1].gen_pd_col[0].u_pd/hit_latched_reg/C,(F) u_core_gen_pd_row[1].gen_pd_col[0].u_pd/nfast_hit_latched_reg[1]/D
OSC_FAST_REAL,/home/validmgr/ksabra/2026_SPAD/SPADMIC/results/genus_osc_pd/20260602_o4_muxless_tags_r600_o4_r600_closure/timing_osc_fast_full_clock.rpt,6,VIOLATED,-1316,clk_osc_fast,clk_osc_fast,clk_osc_fast,(R) u_core_gen_pd_row[0].gen_pd_col[0].u_pd/hit_latched_reg/C,(F) u_core_gen_pd_row[0].gen_pd_col[0].u_pd/nfast_hit_latched_reg[6]/D
OSC_FAST_REAL,/home/validmgr/ksabra/2026_SPAD/SPADMIC/results/genus_osc_pd/20260602_o4_muxless_tags_r600_o4_r600_closure/timing_osc_fast_full_clock.rpt,7,VIOLATED,-1316,clk_osc_fast,clk_osc_fast,clk_osc_fast,(R) u_core_gen_pd_row[0].gen_pd_col[0].u_pd/hit_latched_reg/C,(F) u_core_gen_pd_row[0].gen_pd_col[0].u_pd/nfast_hit_latched_reg[3]/D
OSC_FAST_REAL,/home/validmgr/ksabra/2026_SPAD/SPADMIC/results/genus_osc_pd/20260602_o4_muxless_tags_r600_o4_r600_closure/timing_osc_fast_full_clock.rpt,8,VIOLATED,-1316,clk_osc_fast,clk_osc_fast,clk_osc_fast,(R) u_core_gen_pd_row[0].gen_pd_col[0].u_pd/hit_latched_reg/C,(F) u_core_gen_pd_row[0].gen_pd_col[0].u_pd/nfast_hit_latched_reg[5]/D
OSC_FAST_REAL,/home/validmgr/ksabra/2026_SPAD/SPADMIC/results/genus_osc_pd/20260602_o4_muxless_tags_r600_o4_r600_closure/timing_osc_fast_full_clock.rpt,9,VIOLATED,-1316,clk_osc_fast,clk_osc_fast,clk_osc_fast,(R) u_core_gen_pd_row[0].gen_pd_col[0].u_pd/hit_latched_reg/C,(F) u_core_gen_pd_row[0].gen_pd_col[0].u_pd/nfast_hit_latched_reg[2]/D
OSC_FAST_REAL,/home/validmgr/ksabra/2026_SPAD/SPADMIC/results/genus_osc_pd/20260602_o4_muxless_tags_r600_o4_r600_closure/timing_osc_fast_full_clock.rpt,10,VIOLATED,-1316,clk_osc_fast,clk_osc_fast,clk_osc_fast,(R) u_core_gen_pd_row[0].gen_pd_col[0].u_pd/hit_latched_reg/C,(F) u_core_gen_pd_row[0].gen_pd_col[0].u_pd/nfast_hit_latched_reg[0]/D
OSC_FAST_REAL,/home/validmgr/ksabra/2026_SPAD/SPADMIC/results/genus_osc_pd/20260602_o4_muxless_tags_r600_o4_r600_closure/timing_osc_fast_full_clock.rpt,11,VIOLATED,-1316,clk_osc_fast,clk_osc_fast,clk_osc_fast,(R) u_core_gen_pd_row[0].gen_pd_col[0].u_pd/hit_latched_reg/C,(F) u_core_gen_pd_row[0].gen_pd_col[0].u_pd/nfast_hit_latched_reg[1]/D
OSC_FAST_REAL,/home/validmgr/ksabra/2026_SPAD/SPADMIC/results/genus_osc_pd/20260602_o4_muxless_tags_r600_o4_r600_closure/timing_osc_fast_full_clock.rpt,12,VIOLATED,-1316,clk_osc_fast,clk_osc_fast,clk_osc_fast,(R) u_core_gen_pd_row[7].gen_pd_col[0].u_pd/hit_latched_reg/C,(F) u_core_gen_pd_row[7].gen_pd_col[0].u_pd/nfast_hit_latched_reg[6]/D
OSC_FAST_REAL,/home/validmgr/ksabra/2026_SPAD/SPADMIC/results/genus_osc_pd/20260602_o4_muxless_tags_r600_o4_r600_closure/timing_osc_fast_full_clock.rpt,13,VIOLATED,-1316,clk_osc_fast,clk_osc_fast,clk_osc_fast,(R) u_core_gen_pd_row[7].gen_pd_col[0].u_pd/hit_latched_reg/C,(F) u_core_gen_pd_row[7].gen_pd_col[0].u_pd/nfast_hit_latched_reg[3]/D
OSC_FAST_REAL,/home/validmgr/ksabra/2026_SPAD/SPADMIC/results/genus_osc_pd/20260602_o4_muxless_tags_r600_o4_r600_closure/timing_osc_fast_full_clock.rpt,14,VIOLATED,-1316,clk_osc_fast,clk_osc_fast,clk_osc_fast,(R) u_core_gen_pd_row[7].gen_pd_col[0].u_pd/hit_latched_reg/C,(F) u_core_gen_pd_row[7].gen_pd_col[0].u_pd/nfast_hit_latched_reg[4]/D
OSC_FAST_REAL,/home/validmgr/ksabra/2026_SPAD/SPADMIC/results/genus_osc_pd/20260602_o4_muxless_tags_r600_o4_r600_closure/timing_osc_fast_full_clock.rpt,15,VIOLATED,-1316,clk_osc_fast,clk_osc_fast,clk_osc_fast,(R) u_core_gen_pd_row[7].gen_pd_col[0].u_pd/hit_latched_reg/C,(F) u_core_gen_pd_row[7].gen_pd_col[0].u_pd/nfast_hit_latched_reg[5]/D
OSC_FAST_REAL,/home/validmgr/ksabra/2026_SPAD/SPADMIC/results/genus_osc_pd/20260602_o4_muxless_tags_r600_o4_r600_closure/timing_osc_fast_full_clock.rpt,16,VIOLATED,-1316,clk_osc_fast,clk_osc_fast,clk_osc_fast,(R) u_core_gen_pd_row[7].gen_pd_col[0].u_pd/hit_latched_reg/C,(F) u_core_gen_pd_row[7].gen_pd_col[0].u_pd/nfast_hit_latched_reg[2]/D
OSC_FAST_REAL,/home/validmgr/ksabra/2026_SPAD/SPADMIC/results/genus_osc_pd/20260602_o4_muxless_tags_r600_o4_r600_closure/timing_osc_fast_full_clock.rpt,17,VIOLATED,-1316,clk_osc_fast,clk_osc_fast,clk_osc_fast,(R) u_core_gen_pd_row[7].gen_pd_col[0].u_pd/hit_latched_reg/C,(F) u_core_gen_pd_row[7].gen_pd_col[0].u_pd/nfast_hit_latched_reg[1]/D
OSC_FAST_REAL,/home/validmgr/ksabra/2026_SPAD/SPADMIC/results/genus_osc_pd/20260602_o4_muxless_tags_r600_o4_r600_closure/timing_osc_fast_full_clock.rpt,18,VIOLATED,-1316,clk_osc_fast,clk_osc_fast,clk_osc_fast,(R) u_core_gen_pd_row[6].gen_pd_col[0].u_pd/hit_latched_reg/C,(F) u_core_gen_pd_row[6].gen_pd_col[0].u_pd/nfast_hit_latched_reg[6]/D
OSC_FAST_REAL,/home/validmgr/ksabra/2026_SPAD/SPADMIC/results/genus_osc_pd/20260602_o4_muxless_tags_r600_o4_r600_closure/timing_osc_fast_full_clock.rpt,19,VIOLATED,-1316,clk_osc_fast,clk_osc_fast,clk_osc_fast,(R) u_core_gen_pd_row[6].gen_pd_col[0].u_pd/hit_latched_reg/C,(F) u_core_gen_pd_row[6].gen_pd_col[0].u_pd/nfast_hit_latched_reg[3]/D
OSC_FAST_REAL,/home/validmgr/ksabra/2026_SPAD/SPADMIC/results/genus_osc_pd/20260602_o4_muxless_tags_r600_o4_r600_closure/timing_osc_fast_full_clock.rpt,20,VIOLATED,-1316,clk_osc_fast,clk_osc_fast,clk_osc_fast,(R) u_core_gen_pd_row[6].gen_pd_col[0].u_pd/hit_latched_reg/C,(F) u_core_gen_pd_row[6].gen_pd_col[0].u_pd/nfast_hit_latched_reg[4]/D
OSC_FAST_REAL,/home/validmgr/ksabra/2026_SPAD/SPADMIC/results/genus_osc_pd/20260602_o4_muxless_tags_r600_o4_r600_closure/timing_osc_fast_full_clock.rpt,21,VIOLATED,-1316,clk_osc_fast,clk_osc_fast,clk_osc_fast,(R) u_core_gen_pd_row[6].gen_pd_col[0].u_pd/hit_latched_reg/C,(F) u_core_gen_pd_row[6].gen_pd_col[0].u_pd/nfast_hit_latched_reg[5]/D
OSC_FAST_REAL,/home/validmgr/ksabra/2026_SPAD/SPADMIC/results/genus_osc_pd/20260602_o4_muxless_tags_r600_o4_r600_closure/timing_osc_fast_full_clock.rpt,22,VIOLATED,-1316,clk_osc_fast,clk_osc_fast,clk_osc_fast,(R) u_core_gen_pd_row[6].gen_pd_col[0].u_pd/hit_latched_reg/C,(F) u_core_gen_pd_row[6].gen_pd_col[0].u_pd/nfast_hit_latched_reg[2]/D
OSC_FAST_REAL,/home/validmgr/ksabra/2026_SPAD/SPADMIC/results/genus_osc_pd/20260602_o4_muxless_tags_r600_o4_r600_closure/timing_osc_fast_full_clock.rpt,23,VIOLATED,-1316,clk_osc_fast,clk_osc_fast,clk_osc_fast,(R) u_core_gen_pd_row[6].gen_pd_col[0].u_pd/hit_latched_reg/C,(F) u_core_gen_pd_row[6].gen_pd_col[0].u_pd/nfast_hit_latched_reg[0]/D
OSC_FAST_REAL,/home/validmgr/ksabra/2026_SPAD/SPADMIC/results/genus_osc_pd/20260602_o4_muxless_tags_r600_o4_r600_closure/timing_osc_fast_full_clock.rpt,24,VIOLATED,-1316,clk_osc_fast,clk_osc_fast,clk_osc_fast,(R) u_core_gen_pd_row[6].gen_pd_col[0].u_pd/hit_latched_reg/C,(F) u_core_gen_pd_row[6].gen_pd_col[0].u_pd/nfast_hit_latched_reg[1]/D
OSC_FAST_REAL,/home/validmgr/ksabra/2026_SPAD/SPADMIC/results/genus_osc_pd/20260602_o4_muxless_tags_r600_o4_r600_closure/timing_osc_fast_full_clock.rpt,25,VIOLATED,-1316,clk_osc_fast,clk_osc_fast,clk_osc_fast,(R) u_core_gen_pd_row[5].gen_pd_col[0].u_pd/hit_latched_reg/C,(F) u_core_gen_pd_row[5].gen_pd_col[0].u_pd/nfast_hit_latched_reg[6]/D
OSC_FAST_REAL,/home/validmgr/ksabra/2026_SPAD/SPADMIC/results/genus_osc_pd/20260602_o4_muxless_tags_r600_o4_r600_closure/timing_osc_fast_full_clock.rpt,26,VIOLATED,-1316,clk_osc_fast,clk_osc_fast,clk_osc_fast,(R) u_core_gen_pd_row[5].gen_pd_col[0].u_pd/hit_latched_reg/C,(F) u_core_gen_pd_row[5].gen_pd_col[0].u_pd/nfast_hit_latched_reg[3]/D
OSC_FAST_REAL,/home/validmgr/ksabra/2026_SPAD/SPADMIC/results/genus_osc_pd/20260602_o4_muxless_tags_r600_o4_r600_closure/timing_osc_fast_full_clock.rpt,27,VIOLATED,-1316,clk_osc_fast,clk_osc_fast,clk_osc_fast,(R) u_core_gen_pd_row[5].gen_pd_col[0].u_pd/hit_latched_reg/C,(F) u_core_gen_pd_row[5].gen_pd_col[0].u_pd/nfast_hit_latched_reg[4]/D
OSC_FAST_REAL,/home/validmgr/ksabra/2026_SPAD/SPADMIC/results/genus_osc_pd/20260602_o4_muxless_tags_r600_o4_r600_closure/timing_osc_fast_full_clock.rpt,28,VIOLATED,-1316,clk_osc_fast,clk_osc_fast,clk_osc_fast,(R) u_core_gen_pd_row[5].gen_pd_col[0].u_pd/hit_latched_reg/C,(F) u_core_gen_pd_row[5].gen_pd_col[0].u_pd/nfast_hit_latched_reg[5]/D
OSC_FAST_REAL,/home/validmgr/ksabra/2026_SPAD/SPADMIC/results/genus_osc_pd/20260602_o4_muxless_tags_r600_o4_r600_closure/timing_osc_fast_full_clock.rpt,29,VIOLATED,-1316,clk_osc_fast,clk_osc_fast,clk_osc_fast,(R) u_core_gen_pd_row[5].gen_pd_col[0].u_pd/hit_latched_reg/C,(F) u_core_gen_pd_row[5].gen_pd_col[0].u_pd/nfast_hit_latched_reg[0]/D
OSC_FAST_REAL,/home/validmgr/ksabra/2026_SPAD/SPADMIC/results/genus_osc_pd/20260602_o4_muxless_tags_r600_o4_r600_closure/timing_osc_fast_full_clock.rpt,30,VIOLATED,-1316,clk_osc_fast,clk_osc_fast,clk_osc_fast,(R) u_core_gen_pd_row[5].gen_pd_col[0].u_pd/hit_latched_reg/C,(F) u_core_gen_pd_row[5].gen_pd_col[0].u_pd/nfast_hit_latched_reg[1]/D
OSC_FAST_REAL,/home/validmgr/ksabra/2026_SPAD/SPADMIC/results/genus_osc_pd/20260602_o4_muxless_tags_r600_o4_r600_closure/timing_osc_fast_full_clock.rpt,31,VIOLATED,-1316,clk_osc_fast,clk_osc_fast,clk_osc_fast,(R) u_core_gen_pd_row[3].gen_pd_col[0].u_pd/hit_latched_reg/C,(F) u_core_gen_pd_row[3].gen_pd_col[0].u_pd/nfast_hit_latched_reg[6]/D
OSC_FAST_REAL,/home/validmgr/ksabra/2026_SPAD/SPADMIC/results/genus_osc_pd/20260602_o4_muxless_tags_r600_o4_r600_closure/timing_osc_fast_full_clock.rpt,32,VIOLATED,-1316,clk_osc_fast,clk_osc_fast,clk_osc_fast,(R) u_core_gen_pd_row[3].gen_pd_col[0].u_pd/hit_latched_reg/C,(F) u_core_gen_pd_row[3].gen_pd_col[0].u_pd/nfast_hit_latched_reg[4]/D
OSC_FAST_REAL,/home/validmgr/ksabra/2026_SPAD/SPADMIC/results/genus_osc_pd/20260602_o4_muxless_tags_r600_o4_r600_closure/timing_osc_fast_full_clock.rpt,33,VIOLATED,-1316,clk_osc_fast,clk_osc_fast,clk_osc_fast,(R) u_core_gen_pd_row[3].gen_pd_col[0].u_pd/hit_latched_reg/C,(F) u_core_gen_pd_row[3].gen_pd_col[0].u_pd/nfast_hit_latched_reg[5]/D
OSC_FAST_REAL,/home/validmgr/ksabra/2026_SPAD/SPADMIC/results/genus_osc_pd/20260602_o4_muxless_tags_r600_o4_r600_closure/timing_osc_fast_full_clock.rpt,34,VIOLATED,-1316,clk_osc_fast,clk_osc_fast,clk_osc_fast,(R) u_core_gen_pd_row[3].gen_pd_col[0].u_pd/hit_latched_reg/C,(F) u_core_gen_pd_row[3].gen_pd_col[0].u_pd/nfast_hit_latched_reg[2]/D
OSC_FAST_REAL,/home/validmgr/ksabra/2026_SPAD/SPADMIC/results/genus_osc_pd/20260602_o4_muxless_tags_r600_o4_r600_closure/timing_osc_fast_full_clock.rpt,35,VIOLATED,-1316,clk_osc_fast,clk_osc_fast,clk_osc_fast,(R) u_core_gen_pd_row[3].gen_pd_col[0].u_pd/hit_latched_reg/C,(F) u_core_gen_pd_row[3].gen_pd_col[0].u_pd/nfast_hit_latched_reg[0]/D
OSC_FAST_REAL,/home/validmgr/ksabra/2026_SPAD/SPADMIC/results/genus_osc_pd/20260602_o4_muxless_tags_r600_o4_r600_closure/timing_osc_fast_full_clock.rpt,36,VIOLATED,-1316,clk_osc_fast,clk_osc_fast,clk_osc_fast,(R) u_core_gen_pd_row[3].gen_pd_col[0].u_pd/hit_latched_reg/C,(F) u_core_gen_pd_row[3].gen_pd_col[0].u_pd/nfast_hit_latched_reg[1]/D
OSC_FAST_REAL,/home/validmgr/ksabra/2026_SPAD/SPADMIC/results/genus_osc_pd/20260602_o4_muxless_tags_r600_o4_r600_closure/timing_osc_fast_full_clock.rpt,37,VIOLATED,-1316,clk_osc_fast,clk_osc_fast,clk_osc_fast,(R) u_core_gen_pd_row[2].gen_pd_col[0].u_pd/hit_latched_reg/C,(F) u_core_gen_pd_row[2].gen_pd_col[0].u_pd/nfast_hit_latched_reg[6]/D
OSC_FAST_REAL,/home/validmgr/ksabra/2026_SPAD/SPADMIC/results/genus_osc_pd/20260602_o4_muxless_tags_r600_o4_r600_closure/timing_osc_fast_full_clock.rpt,38,VIOLATED,-1316,clk_osc_fast,clk_osc_fast,clk_osc_fast,(R) u_core_gen_pd_row[2].gen_pd_col[0].u_pd/hit_latched_reg/C,(F) u_core_gen_pd_row[2].gen_pd_col[0].u_pd/nfast_hit_latched_reg[3]/D
OSC_FAST_REAL,/home/validmgr/ksabra/2026_SPAD/SPADMIC/results/genus_osc_pd/20260602_o4_muxless_tags_r600_o4_r600_closure/timing_osc_fast_full_clock.rpt,39,VIOLATED,-1316,clk_osc_fast,clk_osc_fast,clk_osc_fast,(R) u_core_gen_pd_row[2].gen_pd_col[0].u_pd/hit_latched_reg/C,(F) u_core_gen_pd_row[2].gen_pd_col[0].u_pd/nfast_hit_latched_reg[4]/D
OSC_FAST_REAL,/home/validmgr/ksabra/2026_SPAD/SPADMIC/results/genus_osc_pd/20260602_o4_muxless_tags_r600_o4_r600_closure/timing_osc_fast_full_clock.rpt,40,VIOLATED,-1316,clk_osc_fast,clk_osc_fast,clk_osc_fast,(R) u_core_gen_pd_row[2].gen_pd_col[0].u_pd/hit_latched_reg/C,(F) u_core_gen_pd_row[2].gen_pd_col[0].u_pd/nfast_hit_latched_reg[5]/D
OSC_FAST_REAL,/home/validmgr/ksabra/2026_SPAD/SPADMIC/results/genus_osc_pd/20260602_o4_muxless_tags_r600_o4_r600_closure/timing_osc_fast_full_clock.rpt,41,VIOLATED,-1316,clk_osc_fast,clk_osc_fast,clk_osc_fast,(R) u_core_gen_pd_row[2].gen_pd_col[0].u_pd/hit_latched_reg/C,(F) u_core_gen_pd_row[2].gen_pd_col[0].u_pd/nfast_hit_latched_reg[2]/D
OSC_FAST_REAL,/home/validmgr/ksabra/2026_SPAD/SPADMIC/results/genus_osc_pd/20260602_o4_muxless_tags_r600_o4_r600_closure/timing_osc_fast_full_clock.rpt,42,VIOLATED,-1316,clk_osc_fast,clk_osc_fast,clk_osc_fast,(R) u_core_gen_pd_row[2].gen_pd_col[0].u_pd/hit_latched_reg/C,(F) u_core_gen_pd_row[2].gen_pd_col[0].u_pd/nfast_hit_latched_reg[1]/D
OSC_FAST_REAL,/home/validmgr/ksabra/2026_SPAD/SPADMIC/results/genus_osc_pd/20260602_o4_muxless_tags_r600_o4_r600_closure/timing_osc_fast_full_clock.rpt,43,VIOLATED,-1316,clk_osc_fast,clk_osc_fast,clk_osc_fast,(R) u_core_gen_pd_row[4].gen_pd_col[0].u_pd/hit_latched_reg/C,(F) u_core_gen_pd_row[4].gen_pd_col[0].u_pd/nfast_hit_latched_reg[6]/D
OSC_FAST_REAL,/home/validmgr/ksabra/2026_SPAD/SPADMIC/results/genus_osc_pd/20260602_o4_muxless_tags_r600_o4_r600_closure/timing_osc_fast_full_clock.rpt,44,VIOLATED,-1316,clk_osc_fast,clk_osc_fast,clk_osc_fast,(R) u_core_gen_pd_row[4].gen_pd_col[0].u_pd/hit_latched_reg/C,(F) u_core_gen_pd_row[4].gen_pd_col[0].u_pd/nfast_hit_latched_reg[3]/D
OSC_FAST_REAL,/home/validmgr/ksabra/2026_SPAD/SPADMIC/results/genus_osc_pd/20260602_o4_muxless_tags_r600_o4_r600_closure/timing_osc_fast_full_clock.rpt,45,VIOLATED,-1316,clk_osc_fast,clk_osc_fast,clk_osc_fast,(R) u_core_gen_pd_row[4].gen_pd_col[0].u_pd/hit_latched_reg/C,(F) u_core_gen_pd_row[4].gen_pd_col[0].u_pd/nfast_hit_latched_reg[5]/D
OSC_FAST_REAL,/home/validmgr/ksabra/2026_SPAD/SPADMIC/results/genus_osc_pd/20260602_o4_muxless_tags_r600_o4_r600_closure/timing_osc_fast_full_clock.rpt,46,VIOLATED,-1316,clk_osc_fast,clk_osc_fast,clk_osc_fast,(R) u_core_gen_pd_row[4].gen_pd_col[0].u_pd/hit_latched_reg/C,(F) u_core_gen_pd_row[4].gen_pd_col[0].u_pd/nfast_hit_latched_reg[2]/D
OSC_FAST_REAL,/home/validmgr/ksabra/2026_SPAD/SPADMIC/results/genus_osc_pd/20260602_o4_muxless_tags_r600_o4_r600_closure/timing_osc_fast_full_clock.rpt,47,VIOLATED,-1316,clk_osc_fast,clk_osc_fast,clk_osc_fast,(R) u_core_gen_pd_row[4].gen_pd_col[0].u_pd/hit_latched_reg/C,(F) u_core_gen_pd_row[4].gen_pd_col[0].u_pd/nfast_hit_latched_reg[0]/D
OSC_FAST_REAL,/home/validmgr/ksabra/2026_SPAD/SPADMIC/results/genus_osc_pd/20260602_o4_muxless_tags_r600_o4_r600_closure/timing_osc_fast_full_clock.rpt,48,VIOLATED,-1316,clk_osc_fast,clk_osc_fast,clk_osc_fast,(R) u_core_gen_pd_row[4].gen_pd_col[0].u_pd/hit_latched_reg/C,(F) u_core_gen_pd_row[4].gen_pd_col[0].u_pd/nfast_hit_latched_reg[1]/D
OSC_FAST_REAL,/home/validmgr/ksabra/2026_SPAD/SPADMIC/results/genus_osc_pd/20260602_o4_muxless_tags_r600_o4_r600_closure/timing_osc_fast_full_clock.rpt,49,VIOLATED,-1316,clk_osc_fast,clk_osc_fast,clk_osc_fast,(R) u_core_gen_pd_row[1].gen_pd_col[0].u_pd/hit_latched_reg/C,(F) u_core_gen_pd_row[1].gen_pd_col[0].u_pd/nfast_hit_latched_reg[4]/D
OSC_FAST_REAL,/home/validmgr/ksabra/2026_SPAD/SPADMIC/results/genus_osc_pd/20260602_o4_muxless_tags_r600_o4_r600_closure/timing_osc_fast_full_clock.rpt,50,VIOLATED,-1316,clk_osc_fast,clk_osc_fast,clk_osc_fast,(R) u_core_gen_pd_row[1].gen_pd_col[0].u_pd/hit_latched_reg/C,(F) u_core_gen_pd_row[1].gen_pd_col[0].u_pd/nfast_hit_latched_reg[5]/D
OSC_FAST_REAL,/home/validmgr/ksabra/2026_SPAD/SPADMIC/results/genus_osc_pd/20260602_o4_muxless_tags_r600_o4_r600_closure/timing_osc_fast_full_clock.rpt,51,VIOLATED,-1316,clk_osc_fast,clk_osc_fast,clk_osc_fast,(R) u_core_gen_pd_row[0].gen_pd_col[0].u_pd/hit_latched_reg/C,(F) u_core_gen_pd_row[0].gen_pd_col[0].u_pd/nfast_hit_latched_reg[4]/D
OSC_FAST_REAL,/home/validmgr/ksabra/2026_SPAD/SPADMIC/results/genus_osc_pd/20260602_o4_muxless_tags_r600_o4_r600_closure/timing_osc_fast_full_clock.rpt,52,VIOLATED,-1316,clk_osc_fast,clk_osc_fast,clk_osc_fast,(R) u_core_gen_pd_row[7].gen_pd_col[0].u_pd/hit_latched_reg/C,(F) u_core_gen_pd_row[7].gen_pd_col[0].u_pd/nfast_hit_latched_reg[0]/D
OSC_FAST_REAL,/home/validmgr/ksabra/2026_SPAD/SPADMIC/results/genus_osc_pd/20260602_o4_muxless_tags_r600_o4_r600_closure/timing_osc_fast_full_clock.rpt,53,VIOLATED,-1316,clk_osc_fast,clk_osc_fast,clk_osc_fast,(R) u_core_gen_pd_row[5].gen_pd_col[0].u_pd/hit_latched_reg/C,(F) u_core_gen_pd_row[5].gen_pd_col[0].u_pd/nfast_hit_latched_reg[2]/D
OSC_FAST_REAL,/home/validmgr/ksabra/2026_SPAD/SPADMIC/results/genus_osc_pd/20260602_o4_muxless_tags_r600_o4_r600_closure/timing_osc_fast_full_clock.rpt,54,VIOLATED,-1316,clk_osc_fast,clk_osc_fast,clk_osc_fast,(R) u_core_gen_pd_row[3].gen_pd_col[0].u_pd/hit_latched_reg/C,(F) u_core_gen_pd_row[3].gen_pd_col[0].u_pd/nfast_hit_latched_reg[3]/D
OSC_FAST_REAL,/home/validmgr/ksabra/2026_SPAD/SPADMIC/results/genus_osc_pd/20260602_o4_muxless_tags_r600_o4_r600_closure/timing_osc_fast_full_clock.rpt,55,VIOLATED,-1316,clk_osc_fast,clk_osc_fast,clk_osc_fast,(R) u_core_gen_pd_row[2].gen_pd_col[0].u_pd/hit_latched_reg/C,(F) u_core_gen_pd_row[2].gen_pd_col[0].u_pd/nfast_hit_latched_reg[0]/D
OSC_FAST_REAL,/home/validmgr/ksabra/2026_SPAD/SPADMIC/results/genus_osc_pd/20260602_o4_muxless_tags_r600_o4_r600_closure/timing_osc_fast_full_clock.rpt,56,VIOLATED,-1316,clk_osc_fast,clk_osc_fast,clk_osc_fast,(R) u_core_gen_pd_row[4].gen_pd_col[0].u_pd/hit_latched_reg/C,(F) u_core_gen_pd_row[4].gen_pd_col[0].u_pd/nfast_hit_latched_reg[4]/D
OSC_FAST_REAL,/home/validmgr/ksabra/2026_SPAD/SPADMIC/results/genus_osc_pd/20260602_o4_muxless_tags_r600_o4_r600_closure/timing_osc_fast_full_clock.rpt,57,VIOLATED,-1085,clk_osc_fast,clk_osc_fast,clk_osc_fast,(R) u_core_gen_pd_row[7].gen_pd_col[0].u_pd/hit_latched_reg/C,(F) u_core_gen_pd_row[7].gen_pd_col[0].u_pd/hit_latched_reg/D
OSC_FAST_REAL,/home/validmgr/ksabra/2026_SPAD/SPADMIC/results/genus_osc_pd/20260602_o4_muxless_tags_r600_o4_r600_closure/timing_osc_fast_full_clock.rpt,58,VIOLATED,-1085,clk_osc_fast,clk_osc_fast,clk_osc_fast,(R) u_core_gen_pd_row[6].gen_pd_col[0].u_pd/hit_latched_reg/C,(F) u_core_gen_pd_row[6].gen_pd_col[0].u_pd/hit_latched_reg/D
OSC_FAST_REAL,/home/validmgr/ksabra/2026_SPAD/SPADMIC/results/genus_osc_pd/20260602_o4_muxless_tags_r600_o4_r600_closure/timing_osc_fast_full_clock.rpt,59,VIOLATED,-1085,clk_osc_fast,clk_osc_fast,clk_osc_fast,(R) u_core_gen_pd_row[5].gen_pd_col[0].u_pd/hit_latched_reg/C,(F) u_core_gen_pd_row[5].gen_pd_col[0].u_pd/hit_latched_reg/D
OSC_FAST_REAL,/home/validmgr/ksabra/2026_SPAD/SPADMIC/results/genus_osc_pd/20260602_o4_muxless_tags_r600_o4_r600_closure/timing_osc_fast_full_clock.rpt,60,VIOLATED,-1085,clk_osc_fast,clk_osc_fast,clk_osc_fast,(R) u_core_gen_pd_row[3].gen_pd_col[0].u_pd/hit_latched_reg/C,(F) u_core_gen_pd_row[3].gen_pd_col[0].u_pd/hit_latched_reg/D
OSC_FAST_REAL,/home/validmgr/ksabra/2026_SPAD/SPADMIC/results/genus_osc_pd/20260602_o4_muxless_tags_r600_o4_r600_closure/timing_osc_fast_full_clock.rpt,61,VIOLATED,-1085,clk_osc_fast,clk_osc_fast,clk_osc_fast,(R) u_core_gen_pd_row[1].gen_pd_col[0].u_pd/hit_latched_reg/C,(F) u_core_gen_pd_row[1].gen_pd_col[0].u_pd/hit_latched_reg/D
OSC_FAST_REAL,/home/validmgr/ksabra/2026_SPAD/SPADMIC/results/genus_osc_pd/20260602_o4_muxless_tags_r600_o4_r600_closure/timing_osc_fast_full_clock.rpt,62,VIOLATED,-1085,clk_osc_fast,clk_osc_fast,clk_osc_fast,(R) u_core_gen_pd_row[0].gen_pd_col[0].u_pd/hit_latched_reg/C,(F) u_core_gen_pd_row[0].gen_pd_col[0].u_pd/hit_latched_reg/D
OSC_FAST_REAL,/home/validmgr/ksabra/2026_SPAD/SPADMIC/results/genus_osc_pd/20260602_o4_muxless_tags_r600_o4_r600_closure/timing_osc_fast_full_clock.rpt,63,VIOLATED,-1083,clk_osc_fast,clk_osc_fast,clk_osc_fast,(R) u_core_gen_pd_row[2].gen_pd_col[0].u_pd/hit_latched_reg/C,(F) u_core_gen_pd_row[2].gen_pd_col[0].u_pd/hit_latched_reg/D
OSC_FAST_REAL,/home/validmgr/ksabra/2026_SPAD/SPADMIC/results/genus_osc_pd/20260602_o4_muxless_tags_r600_o4_r600_closure/timing_osc_fast_full_clock.rpt,64,VIOLATED,-1073,clk_osc_fast,clk_osc_fast,clk_osc_fast,(R) u_core_gen_pd_row[4].gen_pd_col[0].u_pd/hit_latched_reg/C,(F) u_core_gen_pd_row[4].gen_pd_col[0].u_pd/hit_latched_reg/D
OSC_FAST_REAL,/home/validmgr/ksabra/2026_SPAD/SPADMIC/results/genus_osc_pd/20260602_o4_muxless_tags_r600_o4_r600_closure/timing_osc_fast_full_clock.rpt,65,VIOLATED,-886,clk_osc_fast,clk_osc_fast,clk_osc_fast,(R) u_core_gen_fast_tag_col[0].u_fast_tag_tag_o_reg[5]/C,(F) u_core_gen_fast_tag_col[0].u_fast_tag_tag_o_reg[0]/D
OSC_FAST_REAL,/home/validmgr/ksabra/2026_SPAD/SPADMIC/results/genus_osc_pd/20260602_o4_muxless_tags_r600_o4_r600_closure/timing_osc_fast_full_clock.rpt,66,VIOLATED,-816,clk_osc_fast,clk_osc_fast,clk_osc_fast,(R) u_core_gen_pd_row[1].gen_pd_col[0].u_pd/q1_reg/C,(F) u_core_gen_pd_row[1].gen_pd_col[0].u_pd/q2_reg/D
OSC_FAST_REAL,/home/validmgr/ksabra/2026_SPAD/SPADMIC/results/genus_osc_pd/20260602_o4_muxless_tags_r600_o4_r600_closure/timing_osc_fast_full_clock.rpt,67,VIOLATED,-816,clk_osc_fast,clk_osc_fast,clk_osc_fast,(R) u_core_gen_pd_row[6].gen_pd_col[0].u_pd/q1_reg/C,(F) u_core_gen_pd_row[6].gen_pd_col[0].u_pd/q2_reg/D
OSC_FAST_REAL,/home/validmgr/ksabra/2026_SPAD/SPADMIC/results/genus_osc_pd/20260602_o4_muxless_tags_r600_o4_r600_closure/timing_osc_fast_full_clock.rpt,68,VIOLATED,-753,clk_osc_fast,clk_osc_fast,clk_osc_fast,(R) u_core_gen_pd_row[0].gen_pd_col[0].u_pd/q1_reg/C,(F) u_core_gen_pd_row[0].gen_pd_col[0].u_pd/q2_reg/D
OSC_FAST_REAL,/home/validmgr/ksabra/2026_SPAD/SPADMIC/results/genus_osc_pd/20260602_o4_muxless_tags_r600_o4_r600_closure/timing_osc_fast_full_clock.rpt,69,VIOLATED,-753,clk_osc_fast,clk_osc_fast,clk_osc_fast,(R) u_core_gen_pd_row[7].gen_pd_col[0].u_pd/q1_reg/C,(F) u_core_gen_pd_row[7].gen_pd_col[0].u_pd/q2_reg/D
OSC_FAST_REAL,/home/validmgr/ksabra/2026_SPAD/SPADMIC/results/genus_osc_pd/20260602_o4_muxless_tags_r600_o4_r600_closure/timing_osc_fast_full_clock.rpt,70,VIOLATED,-753,clk_osc_fast,clk_osc_fast,clk_osc_fast,(R) u_core_gen_pd_row[5].gen_pd_col[0].u_pd/q1_reg/C,(F) u_core_gen_pd_row[5].gen_pd_col[0].u_pd/q2_reg/D
OSC_FAST_REAL,/home/validmgr/ksabra/2026_SPAD/SPADMIC/results/genus_osc_pd/20260602_o4_muxless_tags_r600_o4_r600_closure/timing_osc_fast_full_clock.rpt,71,VIOLATED,-753,clk_osc_fast,clk_osc_fast,clk_osc_fast,(R) u_core_gen_pd_row[3].gen_pd_col[0].u_pd/q1_reg/C,(F) u_core_gen_pd_row[3].gen_pd_col[0].u_pd/q2_reg/D
OSC_FAST_REAL,/home/validmgr/ksabra/2026_SPAD/SPADMIC/results/genus_osc_pd/20260602_o4_muxless_tags_r600_o4_r600_closure/timing_osc_fast_full_clock.rpt,72,VIOLATED,-750,clk_osc_fast,clk_osc_fast,clk_osc_fast,(R) u_core_gen_pd_row[2].gen_pd_col[0].u_pd/q1_reg/C,(F) u_core_gen_pd_row[2].gen_pd_col[0].u_pd/q2_reg/D
OSC_FAST_REAL,/home/validmgr/ksabra/2026_SPAD/SPADMIC/results/genus_osc_pd/20260602_o4_muxless_tags_r600_o4_r600_closure/timing_osc_fast_full_clock.rpt,73,VIOLATED,-750,clk_osc_fast,clk_osc_fast,clk_osc_fast,(R) u_core_gen_pd_row[4].gen_pd_col[0].u_pd/q1_reg/C,(F) u_core_gen_pd_row[4].gen_pd_col[0].u_pd/q2_reg/D
OSC_FAST_REAL,/home/validmgr/ksabra/2026_SPAD/SPADMIC/results/genus_osc_pd/20260602_o4_muxless_tags_r600_o4_r600_closure/timing_osc_fast_full_clock.rpt,74,VIOLATED,-667,clk_osc_fast,clk_osc_fast,clk_osc_fast,(R) u_core_gen_pd_row[7].gen_pd_col[0].u_pd/q1_reg/C,(F) u_core_gen_pd_row[7].gen_pd_col[0].u_pd/q1_reg/D
OSC_FAST_REAL,/home/validmgr/ksabra/2026_SPAD/SPADMIC/results/genus_osc_pd/20260602_o4_muxless_tags_r600_o4_r600_closure/timing_osc_fast_full_clock.rpt,75,VIOLATED,-667,clk_osc_fast,clk_osc_fast,clk_osc_fast,(R) u_core_gen_pd_row[5].gen_pd_col[0].u_pd/q1_reg/C,(F) u_core_gen_pd_row[5].gen_pd_col[0].u_pd/q1_reg/D
OSC_FAST_REAL,/home/validmgr/ksabra/2026_SPAD/SPADMIC/results/genus_osc_pd/20260602_o4_muxless_tags_r600_o4_r600_closure/timing_osc_fast_full_clock.rpt,76,VIOLATED,-667,clk_osc_fast,clk_osc_fast,clk_osc_fast,(R) u_core_gen_pd_row[3].gen_pd_col[0].u_pd/q1_reg/C,(F) u_core_gen_pd_row[3].gen_pd_col[0].u_pd/q1_reg/D
OSC_FAST_REAL,/home/validmgr/ksabra/2026_SPAD/SPADMIC/results/genus_osc_pd/20260602_o4_muxless_tags_r600_o4_r600_closure/timing_osc_fast_full_clock.rpt,77,VIOLATED,-666,clk_osc_fast,clk_osc_fast,clk_osc_fast,(R) u_core_gen_pd_row[0].gen_pd_col[0].u_pd/q1_reg/C,(F) u_core_gen_pd_row[0].gen_pd_col[0].u_pd/q1_reg/D
OSC_FAST_REAL,/home/validmgr/ksabra/2026_SPAD/SPADMIC/results/genus_osc_pd/20260602_o4_muxless_tags_r600_o4_r600_closure/timing_osc_fast_full_clock.rpt,78,VIOLATED,-664,clk_osc_fast,clk_osc_fast,clk_osc_fast,(R) u_core_gen_pd_row[4].gen_pd_col[0].u_pd/q1_reg/C,(F) u_core_gen_pd_row[4].gen_pd_col[0].u_pd/q1_reg/D
OSC_FAST_REAL,/home/validmgr/ksabra/2026_SPAD/SPADMIC/results/genus_osc_pd/20260602_o4_muxless_tags_r600_o4_r600_closure/timing_osc_fast_full_clock.rpt,79,VIOLATED,-664,clk_osc_fast,clk_osc_fast,clk_osc_fast,(R) u_core_gen_pd_row[2].gen_pd_col[0].u_pd/q1_reg/C,(F) u_core_gen_pd_row[2].gen_pd_col[0].u_pd/q1_reg/D
OSC_FAST_REAL,/home/validmgr/ksabra/2026_SPAD/SPADMIC/results/genus_osc_pd/20260602_o4_muxless_tags_r600_o4_r600_closure/timing_osc_fast_full_clock.rpt,80,VIOLATED,-662,clk_osc_fast,clk_osc_fast,clk_osc_fast,(R) u_core_gen_pd_row[1].gen_pd_col[0].u_pd/q1_reg/C,(F) u_core_gen_pd_row[1].gen_pd_col[0].u_pd/q1_reg/D
OSC_FAST_REAL,/home/validmgr/ksabra/2026_SPAD/SPADMIC/results/genus_osc_pd/20260602_o4_muxless_tags_r600_o4_r600_closure/timing_osc_fast_full_clock.rpt,81,VIOLATED,-661,clk_osc_fast,clk_osc_fast,clk_osc_fast,(R) u_core_gen_pd_row[6].gen_pd_col[0].u_pd/q1_reg/C,(F) u_core_gen_pd_row[6].gen_pd_col[0].u_pd/q1_reg/D
OSC_FAST_REAL,/home/validmgr/ksabra/2026_SPAD/SPADMIC/results/genus_osc_pd/20260602_o4_muxless_tags_r600_o4_r600_closure/timing_osc_fast_full_clock.rpt,82,VIOLATED,-286,clk_osc_fast,clk_osc_fast,clk_osc_fast,(R) u_core_gen_fast_tag_col[0].u_fast_tag_tag_o_reg[5]/C,(F) u_core_gen_fast_tag_col[0].u_fast_tag_tag_o_reg[6]/D
OSC_FAST_REAL,/home/validmgr/ksabra/2026_SPAD/SPADMIC/results/genus_osc_pd/20260602_o4_muxless_tags_r600_o4_r600_closure/timing_osc_fast_full_clock.rpt,83,VIOLATED,-195,clk_osc_fast,clk_osc_fast,clk_osc_fast,(R) u_core_gen_fast_tag_col[0].u_fast_tag_tag_o_reg[4]/C,(F) u_core_gen_fast_tag_col[0].u_fast_tag_tag_o_reg[5]/D
OSC_FAST_REAL,/home/validmgr/ksabra/2026_SPAD/SPADMIC/results/genus_osc_pd/20260602_o4_muxless_tags_r600_o4_r600_closure/timing_osc_fast_full_clock.rpt,84,VIOLATED,-195,clk_osc_fast,clk_osc_fast,clk_osc_fast,(R) u_core_gen_fast_tag_col[0].u_fast_tag_tag_o_reg[3]/C,(F) u_core_gen_fast_tag_col[0].u_fast_tag_tag_o_reg[4]/D
OSC_FAST_REAL,/home/validmgr/ksabra/2026_SPAD/SPADMIC/results/genus_osc_pd/20260602_o4_muxless_tags_r600_o4_r600_closure/timing_osc_fast_full_clock.rpt,85,VIOLATED,-195,clk_osc_fast,clk_osc_fast,clk_osc_fast,(R) u_core_gen_fast_tag_col[0].u_fast_tag_tag_o_reg[2]/C,(F) u_core_gen_fast_tag_col[0].u_fast_tag_tag_o_reg[3]/D
OSC_FAST_REAL,/home/validmgr/ksabra/2026_SPAD/SPADMIC/results/genus_osc_pd/20260602_o4_muxless_tags_r600_o4_r600_closure/timing_osc_fast_full_clock.rpt,86,VIOLATED,-195,clk_osc_fast,clk_osc_fast,clk_osc_fast,(R) u_core_gen_fast_tag_col[0].u_fast_tag_tag_o_reg[1]/C,(F) u_core_gen_fast_tag_col[0].u_fast_tag_tag_o_reg[2]/D
OSC_FAST_REAL,/home/validmgr/ksabra/2026_SPAD/SPADMIC/results/genus_osc_pd/20260602_o4_muxless_tags_r600_o4_r600_closure/timing_osc_fast_full_clock.rpt,87,VIOLATED,-52,clk_osc_fast,clk_osc_fast,clk_osc_fast,(R) u_core_u_rst_fast_sync/sync_q_reg[0]/C,(F) u_core_u_rst_fast_sync/sync_q_reg[1]/D
OSC_FAST_REAL,/home/validmgr/ksabra/2026_SPAD/SPADMIC/results/genus_osc_pd/20260602_o4_muxless_tags_r600_o4_r600_closure/timing_osc_fast_full_clock.rpt,88,VIOLATED,-47,clk_osc_fast,clk_osc_fast,clk_osc_fast,(R) u_core_gen_fast_tag_col[0].u_fast_tag_tag_o_reg[0]/C,(F) u_core_gen_fast_tag_col[0].u_fast_tag_tag_o_reg[1]/D
OSC_FAST_REAL,/home/validmgr/ksabra/2026_SPAD/SPADMIC/results/genus_osc_pd/20260602_o4_muxless_tags_r600_o4_r600_closure/timing_osc_counter_hotspots.rpt,1,VIOLATED,-886,clk_osc_fast_tap7,clk_osc_fast_tap7,clk_osc_fast_tap7,(R) u_core_gen_fast_tag_col[7].u_fast_tag_tag_o_reg[5]/C,(F) u_core_gen_fast_tag_col[7].u_fast_tag_tag_o_reg[0]/D
OSC_FAST_REAL,/home/validmgr/ksabra/2026_SPAD/SPADMIC/results/genus_osc_pd/20260602_o4_muxless_tags_r600_o4_r600_closure/timing_osc_counter_hotspots.rpt,2,VIOLATED,-886,clk_osc_fast_tap6,clk_osc_fast_tap6,clk_osc_fast_tap6,(R) u_core_gen_fast_tag_col[6].u_fast_tag_tag_o_reg[5]/C,(F) u_core_gen_fast_tag_col[6].u_fast_tag_tag_o_reg[0]/D
OSC_FAST_REAL,/home/validmgr/ksabra/2026_SPAD/SPADMIC/results/genus_osc_pd/20260602_o4_muxless_tags_r600_o4_r600_closure/timing_osc_counter_hotspots.rpt,3,VIOLATED,-886,clk_osc_fast_tap5,clk_osc_fast_tap5,clk_osc_fast_tap5,(R) u_core_gen_fast_tag_col[5].u_fast_tag_tag_o_reg[5]/C,(F) u_core_gen_fast_tag_col[5].u_fast_tag_tag_o_reg[0]/D
OSC_FAST_REAL,/home/validmgr/ksabra/2026_SPAD/SPADMIC/results/genus_osc_pd/20260602_o4_muxless_tags_r600_o4_r600_closure/timing_osc_counter_hotspots.rpt,4,VIOLATED,-886,clk_osc_fast_tap4,clk_osc_fast_tap4,clk_osc_fast_tap4,(R) u_core_gen_fast_tag_col[4].u_fast_tag_tag_o_reg[5]/C,(F) u_core_gen_fast_tag_col[4].u_fast_tag_tag_o_reg[0]/D
OSC_FAST_REAL,/home/validmgr/ksabra/2026_SPAD/SPADMIC/results/genus_osc_pd/20260602_o4_muxless_tags_r600_o4_r600_closure/timing_osc_counter_hotspots.rpt,5,VIOLATED,-886,clk_osc_fast_tap3,clk_osc_fast_tap3,clk_osc_fast_tap3,(R) u_core_gen_fast_tag_col[3].u_fast_tag_tag_o_reg[5]/C,(F) u_core_gen_fast_tag_col[3].u_fast_tag_tag_o_reg[0]/D
OSC_FAST_REAL,/home/validmgr/ksabra/2026_SPAD/SPADMIC/results/genus_osc_pd/20260602_o4_muxless_tags_r600_o4_r600_closure/timing_osc_counter_hotspots.rpt,6,VIOLATED,-886,clk_osc_fast_tap2,clk_osc_fast_tap2,clk_osc_fast_tap2,(R) u_core_gen_fast_tag_col[2].u_fast_tag_tag_o_reg[5]/C,(F) u_core_gen_fast_tag_col[2].u_fast_tag_tag_o_reg[0]/D
OSC_FAST_REAL,/home/validmgr/ksabra/2026_SPAD/SPADMIC/results/genus_osc_pd/20260602_o4_muxless_tags_r600_o4_r600_closure/timing_osc_counter_hotspots.rpt,7,VIOLATED,-886,clk_osc_fast_tap1,clk_osc_fast_tap1,clk_osc_fast_tap1,(R) u_core_gen_fast_tag_col[1].u_fast_tag_tag_o_reg[5]/C,(F) u_core_gen_fast_tag_col[1].u_fast_tag_tag_o_reg[0]/D
OSC_FAST_REAL,/home/validmgr/ksabra/2026_SPAD/SPADMIC/results/genus_osc_pd/20260602_o4_muxless_tags_r600_o4_r600_closure/timing_osc_counter_hotspots.rpt,8,VIOLATED,-886,clk_osc_fast,clk_osc_fast,clk_osc_fast,(R) u_core_gen_fast_tag_col[0].u_fast_tag_tag_o_reg[5]/C,(F) u_core_gen_fast_tag_col[0].u_fast_tag_tag_o_reg[0]/D
OSC_FAST_REAL,/home/validmgr/ksabra/2026_SPAD/SPADMIC/results/genus_osc_pd/20260602_o4_muxless_tags_r600_o4_r600_closure/timing_osc_counter_hotspots.rpt,9,VIOLATED,-286,clk_osc_fast_tap7,clk_osc_fast_tap7,clk_osc_fast_tap7,(R) u_core_gen_fast_tag_col[7].u_fast_tag_tag_o_reg[5]/C,(F) u_core_gen_fast_tag_col[7].u_fast_tag_tag_o_reg[6]/D
OSC_FAST_REAL,/home/validmgr/ksabra/2026_SPAD/SPADMIC/results/genus_osc_pd/20260602_o4_muxless_tags_r600_o4_r600_closure/timing_osc_counter_hotspots.rpt,10,VIOLATED,-286,clk_osc_fast_tap6,clk_osc_fast_tap6,clk_osc_fast_tap6,(R) u_core_gen_fast_tag_col[6].u_fast_tag_tag_o_reg[5]/C,(F) u_core_gen_fast_tag_col[6].u_fast_tag_tag_o_reg[6]/D
OSC_FAST_REAL,/home/validmgr/ksabra/2026_SPAD/SPADMIC/results/genus_osc_pd/20260602_o4_muxless_tags_r600_o4_r600_closure/timing_osc_counter_hotspots.rpt,11,VIOLATED,-286,clk_osc_fast_tap5,clk_osc_fast_tap5,clk_osc_fast_tap5,(R) u_core_gen_fast_tag_col[5].u_fast_tag_tag_o_reg[5]/C,(F) u_core_gen_fast_tag_col[5].u_fast_tag_tag_o_reg[6]/D
OSC_FAST_REAL,/home/validmgr/ksabra/2026_SPAD/SPADMIC/results/genus_osc_pd/20260602_o4_muxless_tags_r600_o4_r600_closure/timing_osc_counter_hotspots.rpt,12,VIOLATED,-286,clk_osc_fast_tap4,clk_osc_fast_tap4,clk_osc_fast_tap4,(R) u_core_gen_fast_tag_col[4].u_fast_tag_tag_o_reg[5]/C,(F) u_core_gen_fast_tag_col[4].u_fast_tag_tag_o_reg[6]/D
OSC_FAST_REAL,/home/validmgr/ksabra/2026_SPAD/SPADMIC/results/genus_osc_pd/20260602_o4_muxless_tags_r600_o4_r600_closure/timing_osc_counter_hotspots.rpt,13,VIOLATED,-286,clk_osc_fast_tap3,clk_osc_fast_tap3,clk_osc_fast_tap3,(R) u_core_gen_fast_tag_col[3].u_fast_tag_tag_o_reg[5]/C,(F) u_core_gen_fast_tag_col[3].u_fast_tag_tag_o_reg[6]/D
OSC_FAST_REAL,/home/validmgr/ksabra/2026_SPAD/SPADMIC/results/genus_osc_pd/20260602_o4_muxless_tags_r600_o4_r600_closure/timing_osc_counter_hotspots.rpt,14,VIOLATED,-286,clk_osc_fast_tap2,clk_osc_fast_tap2,clk_osc_fast_tap2,(R) u_core_gen_fast_tag_col[2].u_fast_tag_tag_o_reg[5]/C,(F) u_core_gen_fast_tag_col[2].u_fast_tag_tag_o_reg[6]/D
OSC_FAST_REAL,/home/validmgr/ksabra/2026_SPAD/SPADMIC/results/genus_osc_pd/20260602_o4_muxless_tags_r600_o4_r600_closure/timing_osc_counter_hotspots.rpt,15,VIOLATED,-286,clk_osc_fast_tap1,clk_osc_fast_tap1,clk_osc_fast_tap1,(R) u_core_gen_fast_tag_col[1].u_fast_tag_tag_o_reg[5]/C,(F) u_core_gen_fast_tag_col[1].u_fast_tag_tag_o_reg[6]/D
OSC_FAST_REAL,/home/validmgr/ksabra/2026_SPAD/SPADMIC/results/genus_osc_pd/20260602_o4_muxless_tags_r600_o4_r600_closure/timing_osc_counter_hotspots.rpt,16,VIOLATED,-286,clk_osc_fast,clk_osc_fast,clk_osc_fast,(R) u_core_gen_fast_tag_col[0].u_fast_tag_tag_o_reg[5]/C,(F) u_core_gen_fast_tag_col[0].u_fast_tag_tag_o_reg[6]/D
OSC_FAST_REAL,/home/validmgr/ksabra/2026_SPAD/SPADMIC/results/genus_osc_pd/20260602_o4_muxless_tags_r600_o4_r600_closure/timing_osc_counter_hotspots.rpt,17,VIOLATED,-195,clk_osc_fast_tap7,clk_osc_fast_tap7,clk_osc_fast_tap7,(R) u_core_gen_fast_tag_col[7].u_fast_tag_tag_o_reg[4]/C,(F) u_core_gen_fast_tag_col[7].u_fast_tag_tag_o_reg[5]/D
OSC_FAST_REAL,/home/validmgr/ksabra/2026_SPAD/SPADMIC/results/genus_osc_pd/20260602_o4_muxless_tags_r600_o4_r600_closure/timing_osc_counter_hotspots.rpt,18,VIOLATED,-195,clk_osc_fast_tap7,clk_osc_fast_tap7,clk_osc_fast_tap7,(R) u_core_gen_fast_tag_col[7].u_fast_tag_tag_o_reg[3]/C,(F) u_core_gen_fast_tag_col[7].u_fast_tag_tag_o_reg[4]/D
OSC_FAST_REAL,/home/validmgr/ksabra/2026_SPAD/SPADMIC/results/genus_osc_pd/20260602_o4_muxless_tags_r600_o4_r600_closure/timing_osc_counter_hotspots.rpt,19,VIOLATED,-195,clk_osc_fast_tap7,clk_osc_fast_tap7,clk_osc_fast_tap7,(R) u_core_gen_fast_tag_col[7].u_fast_tag_tag_o_reg[2]/C,(F) u_core_gen_fast_tag_col[7].u_fast_tag_tag_o_reg[3]/D
OSC_FAST_REAL,/home/validmgr/ksabra/2026_SPAD/SPADMIC/results/genus_osc_pd/20260602_o4_muxless_tags_r600_o4_r600_closure/timing_osc_counter_hotspots.rpt,20,VIOLATED,-195,clk_osc_fast_tap7,clk_osc_fast_tap7,clk_osc_fast_tap7,(R) u_core_gen_fast_tag_col[7].u_fast_tag_tag_o_reg[1]/C,(F) u_core_gen_fast_tag_col[7].u_fast_tag_tag_o_reg[2]/D
OSC_FAST_REAL,/home/validmgr/ksabra/2026_SPAD/SPADMIC/results/genus_osc_pd/20260602_o4_muxless_tags_r600_o4_r600_closure/timing_osc_counter_hotspots.rpt,21,VIOLATED,-195,clk_osc_fast_tap6,clk_osc_fast_tap6,clk_osc_fast_tap6,(R) u_core_gen_fast_tag_col[6].u_fast_tag_tag_o_reg[4]/C,(F) u_core_gen_fast_tag_col[6].u_fast_tag_tag_o_reg[5]/D
OSC_FAST_REAL,/home/validmgr/ksabra/2026_SPAD/SPADMIC/results/genus_osc_pd/20260602_o4_muxless_tags_r600_o4_r600_closure/timing_osc_counter_hotspots.rpt,22,VIOLATED,-195,clk_osc_fast_tap6,clk_osc_fast_tap6,clk_osc_fast_tap6,(R) u_core_gen_fast_tag_col[6].u_fast_tag_tag_o_reg[3]/C,(F) u_core_gen_fast_tag_col[6].u_fast_tag_tag_o_reg[4]/D
OSC_FAST_REAL,/home/validmgr/ksabra/2026_SPAD/SPADMIC/results/genus_osc_pd/20260602_o4_muxless_tags_r600_o4_r600_closure/timing_osc_counter_hotspots.rpt,23,VIOLATED,-195,clk_osc_fast_tap6,clk_osc_fast_tap6,clk_osc_fast_tap6,(R) u_core_gen_fast_tag_col[6].u_fast_tag_tag_o_reg[2]/C,(F) u_core_gen_fast_tag_col[6].u_fast_tag_tag_o_reg[3]/D
OSC_FAST_REAL,/home/validmgr/ksabra/2026_SPAD/SPADMIC/results/genus_osc_pd/20260602_o4_muxless_tags_r600_o4_r600_closure/timing_osc_counter_hotspots.rpt,24,VIOLATED,-195,clk_osc_fast_tap6,clk_osc_fast_tap6,clk_osc_fast_tap6,(R) u_core_gen_fast_tag_col[6].u_fast_tag_tag_o_reg[1]/C,(F) u_core_gen_fast_tag_col[6].u_fast_tag_tag_o_reg[2]/D
OSC_FAST_REAL,/home/validmgr/ksabra/2026_SPAD/SPADMIC/results/genus_osc_pd/20260602_o4_muxless_tags_r600_o4_r600_closure/timing_osc_counter_hotspots.rpt,25,VIOLATED,-195,clk_osc_fast_tap5,clk_osc_fast_tap5,clk_osc_fast_tap5,(R) u_core_gen_fast_tag_col[5].u_fast_tag_tag_o_reg[4]/C,(F) u_core_gen_fast_tag_col[5].u_fast_tag_tag_o_reg[5]/D
OSC_FAST_REAL,/home/validmgr/ksabra/2026_SPAD/SPADMIC/results/genus_osc_pd/20260602_o4_muxless_tags_r600_o4_r600_closure/timing_osc_counter_hotspots.rpt,26,VIOLATED,-195,clk_osc_fast_tap5,clk_osc_fast_tap5,clk_osc_fast_tap5,(R) u_core_gen_fast_tag_col[5].u_fast_tag_tag_o_reg[3]/C,(F) u_core_gen_fast_tag_col[5].u_fast_tag_tag_o_reg[4]/D
OSC_FAST_REAL,/home/validmgr/ksabra/2026_SPAD/SPADMIC/results/genus_osc_pd/20260602_o4_muxless_tags_r600_o4_r600_closure/timing_osc_counter_hotspots.rpt,27,VIOLATED,-195,clk_osc_fast_tap5,clk_osc_fast_tap5,clk_osc_fast_tap5,(R) u_core_gen_fast_tag_col[5].u_fast_tag_tag_o_reg[2]/C,(F) u_core_gen_fast_tag_col[5].u_fast_tag_tag_o_reg[3]/D
OSC_FAST_REAL,/home/validmgr/ksabra/2026_SPAD/SPADMIC/results/genus_osc_pd/20260602_o4_muxless_tags_r600_o4_r600_closure/timing_osc_counter_hotspots.rpt,28,VIOLATED,-195,clk_osc_fast_tap5,clk_osc_fast_tap5,clk_osc_fast_tap5,(R) u_core_gen_fast_tag_col[5].u_fast_tag_tag_o_reg[1]/C,(F) u_core_gen_fast_tag_col[5].u_fast_tag_tag_o_reg[2]/D
OSC_FAST_REAL,/home/validmgr/ksabra/2026_SPAD/SPADMIC/results/genus_osc_pd/20260602_o4_muxless_tags_r600_o4_r600_closure/timing_osc_counter_hotspots.rpt,29,VIOLATED,-195,clk_osc_fast_tap4,clk_osc_fast_tap4,clk_osc_fast_tap4,(R) u_core_gen_fast_tag_col[4].u_fast_tag_tag_o_reg[4]/C,(F) u_core_gen_fast_tag_col[4].u_fast_tag_tag_o_reg[5]/D
OSC_FAST_REAL,/home/validmgr/ksabra/2026_SPAD/SPADMIC/results/genus_osc_pd/20260602_o4_muxless_tags_r600_o4_r600_closure/timing_osc_counter_hotspots.rpt,30,VIOLATED,-195,clk_osc_fast_tap4,clk_osc_fast_tap4,clk_osc_fast_tap4,(R) u_core_gen_fast_tag_col[4].u_fast_tag_tag_o_reg[3]/C,(F) u_core_gen_fast_tag_col[4].u_fast_tag_tag_o_reg[4]/D
OSC_FAST_REAL,/home/validmgr/ksabra/2026_SPAD/SPADMIC/results/genus_osc_pd/20260602_o4_muxless_tags_r600_o4_r600_closure/timing_osc_counter_hotspots.rpt,31,VIOLATED,-195,clk_osc_fast_tap4,clk_osc_fast_tap4,clk_osc_fast_tap4,(R) u_core_gen_fast_tag_col[4].u_fast_tag_tag_o_reg[2]/C,(F) u_core_gen_fast_tag_col[4].u_fast_tag_tag_o_reg[3]/D
OSC_FAST_REAL,/home/validmgr/ksabra/2026_SPAD/SPADMIC/results/genus_osc_pd/20260602_o4_muxless_tags_r600_o4_r600_closure/timing_osc_counter_hotspots.rpt,32,VIOLATED,-195,clk_osc_fast_tap4,clk_osc_fast_tap4,clk_osc_fast_tap4,(R) u_core_gen_fast_tag_col[4].u_fast_tag_tag_o_reg[1]/C,(F) u_core_gen_fast_tag_col[4].u_fast_tag_tag_o_reg[2]/D
OSC_FAST_REAL,/home/validmgr/ksabra/2026_SPAD/SPADMIC/results/genus_osc_pd/20260602_o4_muxless_tags_r600_o4_r600_closure/timing_osc_counter_hotspots.rpt,33,VIOLATED,-195,clk_osc_fast_tap3,clk_osc_fast_tap3,clk_osc_fast_tap3,(R) u_core_gen_fast_tag_col[3].u_fast_tag_tag_o_reg[4]/C,(F) u_core_gen_fast_tag_col[3].u_fast_tag_tag_o_reg[5]/D
OSC_FAST_REAL,/home/validmgr/ksabra/2026_SPAD/SPADMIC/results/genus_osc_pd/20260602_o4_muxless_tags_r600_o4_r600_closure/timing_osc_counter_hotspots.rpt,34,VIOLATED,-195,clk_osc_fast_tap3,clk_osc_fast_tap3,clk_osc_fast_tap3,(R) u_core_gen_fast_tag_col[3].u_fast_tag_tag_o_reg[3]/C,(F) u_core_gen_fast_tag_col[3].u_fast_tag_tag_o_reg[4]/D
OSC_FAST_REAL,/home/validmgr/ksabra/2026_SPAD/SPADMIC/results/genus_osc_pd/20260602_o4_muxless_tags_r600_o4_r600_closure/timing_osc_counter_hotspots.rpt,35,VIOLATED,-195,clk_osc_fast_tap3,clk_osc_fast_tap3,clk_osc_fast_tap3,(R) u_core_gen_fast_tag_col[3].u_fast_tag_tag_o_reg[2]/C,(F) u_core_gen_fast_tag_col[3].u_fast_tag_tag_o_reg[3]/D
OSC_FAST_REAL,/home/validmgr/ksabra/2026_SPAD/SPADMIC/results/genus_osc_pd/20260602_o4_muxless_tags_r600_o4_r600_closure/timing_osc_counter_hotspots.rpt,36,VIOLATED,-195,clk_osc_fast_tap3,clk_osc_fast_tap3,clk_osc_fast_tap3,(R) u_core_gen_fast_tag_col[3].u_fast_tag_tag_o_reg[1]/C,(F) u_core_gen_fast_tag_col[3].u_fast_tag_tag_o_reg[2]/D
OSC_FAST_REAL,/home/validmgr/ksabra/2026_SPAD/SPADMIC/results/genus_osc_pd/20260602_o4_muxless_tags_r600_o4_r600_closure/timing_osc_counter_hotspots.rpt,37,VIOLATED,-195,clk_osc_fast_tap2,clk_osc_fast_tap2,clk_osc_fast_tap2,(R) u_core_gen_fast_tag_col[2].u_fast_tag_tag_o_reg[4]/C,(F) u_core_gen_fast_tag_col[2].u_fast_tag_tag_o_reg[5]/D
OSC_FAST_REAL,/home/validmgr/ksabra/2026_SPAD/SPADMIC/results/genus_osc_pd/20260602_o4_muxless_tags_r600_o4_r600_closure/timing_osc_counter_hotspots.rpt,38,VIOLATED,-195,clk_osc_fast_tap2,clk_osc_fast_tap2,clk_osc_fast_tap2,(R) u_core_gen_fast_tag_col[2].u_fast_tag_tag_o_reg[3]/C,(F) u_core_gen_fast_tag_col[2].u_fast_tag_tag_o_reg[4]/D
OSC_FAST_REAL,/home/validmgr/ksabra/2026_SPAD/SPADMIC/results/genus_osc_pd/20260602_o4_muxless_tags_r600_o4_r600_closure/timing_osc_counter_hotspots.rpt,39,VIOLATED,-195,clk_osc_fast_tap2,clk_osc_fast_tap2,clk_osc_fast_tap2,(R) u_core_gen_fast_tag_col[2].u_fast_tag_tag_o_reg[2]/C,(F) u_core_gen_fast_tag_col[2].u_fast_tag_tag_o_reg[3]/D
OSC_FAST_REAL,/home/validmgr/ksabra/2026_SPAD/SPADMIC/results/genus_osc_pd/20260602_o4_muxless_tags_r600_o4_r600_closure/timing_osc_counter_hotspots.rpt,40,VIOLATED,-195,clk_osc_fast_tap2,clk_osc_fast_tap2,clk_osc_fast_tap2,(R) u_core_gen_fast_tag_col[2].u_fast_tag_tag_o_reg[1]/C,(F) u_core_gen_fast_tag_col[2].u_fast_tag_tag_o_reg[2]/D
OSC_FAST_REAL,/home/validmgr/ksabra/2026_SPAD/SPADMIC/results/genus_osc_pd/20260602_o4_muxless_tags_r600_o4_r600_closure/timing_osc_counter_hotspots.rpt,41,VIOLATED,-195,clk_osc_fast_tap1,clk_osc_fast_tap1,clk_osc_fast_tap1,(R) u_core_gen_fast_tag_col[1].u_fast_tag_tag_o_reg[4]/C,(F) u_core_gen_fast_tag_col[1].u_fast_tag_tag_o_reg[5]/D
OSC_FAST_REAL,/home/validmgr/ksabra/2026_SPAD/SPADMIC/results/genus_osc_pd/20260602_o4_muxless_tags_r600_o4_r600_closure/timing_osc_counter_hotspots.rpt,42,VIOLATED,-195,clk_osc_fast_tap1,clk_osc_fast_tap1,clk_osc_fast_tap1,(R) u_core_gen_fast_tag_col[1].u_fast_tag_tag_o_reg[3]/C,(F) u_core_gen_fast_tag_col[1].u_fast_tag_tag_o_reg[4]/D
OSC_FAST_REAL,/home/validmgr/ksabra/2026_SPAD/SPADMIC/results/genus_osc_pd/20260602_o4_muxless_tags_r600_o4_r600_closure/timing_osc_counter_hotspots.rpt,43,VIOLATED,-195,clk_osc_fast_tap1,clk_osc_fast_tap1,clk_osc_fast_tap1,(R) u_core_gen_fast_tag_col[1].u_fast_tag_tag_o_reg[2]/C,(F) u_core_gen_fast_tag_col[1].u_fast_tag_tag_o_reg[3]/D
OSC_FAST_REAL,/home/validmgr/ksabra/2026_SPAD/SPADMIC/results/genus_osc_pd/20260602_o4_muxless_tags_r600_o4_r600_closure/timing_osc_counter_hotspots.rpt,44,VIOLATED,-195,clk_osc_fast_tap1,clk_osc_fast_tap1,clk_osc_fast_tap1,(R) u_core_gen_fast_tag_col[1].u_fast_tag_tag_o_reg[1]/C,(F) u_core_gen_fast_tag_col[1].u_fast_tag_tag_o_reg[2]/D
OSC_FAST_REAL,/home/validmgr/ksabra/2026_SPAD/SPADMIC/results/genus_osc_pd/20260602_o4_muxless_tags_r600_o4_r600_closure/timing_osc_counter_hotspots.rpt,45,VIOLATED,-195,clk_osc_fast,clk_osc_fast,clk_osc_fast,(R) u_core_gen_fast_tag_col[0].u_fast_tag_tag_o_reg[4]/C,(F) u_core_gen_fast_tag_col[0].u_fast_tag_tag_o_reg[5]/D
OSC_FAST_REAL,/home/validmgr/ksabra/2026_SPAD/SPADMIC/results/genus_osc_pd/20260602_o4_muxless_tags_r600_o4_r600_closure/timing_osc_counter_hotspots.rpt,46,VIOLATED,-195,clk_osc_fast,clk_osc_fast,clk_osc_fast,(R) u_core_gen_fast_tag_col[0].u_fast_tag_tag_o_reg[3]/C,(F) u_core_gen_fast_tag_col[0].u_fast_tag_tag_o_reg[4]/D
OSC_FAST_REAL,/home/validmgr/ksabra/2026_SPAD/SPADMIC/results/genus_osc_pd/20260602_o4_muxless_tags_r600_o4_r600_closure/timing_osc_counter_hotspots.rpt,47,VIOLATED,-195,clk_osc_fast,clk_osc_fast,clk_osc_fast,(R) u_core_gen_fast_tag_col[0].u_fast_tag_tag_o_reg[2]/C,(F) u_core_gen_fast_tag_col[0].u_fast_tag_tag_o_reg[3]/D
OSC_FAST_REAL,/home/validmgr/ksabra/2026_SPAD/SPADMIC/results/genus_osc_pd/20260602_o4_muxless_tags_r600_o4_r600_closure/timing_osc_counter_hotspots.rpt,48,VIOLATED,-195,clk_osc_fast,clk_osc_fast,clk_osc_fast,(R) u_core_gen_fast_tag_col[0].u_fast_tag_tag_o_reg[1]/C,(F) u_core_gen_fast_tag_col[0].u_fast_tag_tag_o_reg[2]/D
OSC_SLOW_REAL,/home/validmgr/ksabra/2026_SPAD/SPADMIC/results/genus_osc_pd/20260602_o4_muxless_tags_r600_o4_r600_closure/timing_osc_counter_hotspots.rpt,49,VIOLATED,-115,clk_osc_slow,clk_osc_slow,clk_osc_slow,(R) u_core_u_slow_epoch_johnson_o_reg[63]/C,(F) u_core_u_slow_epoch_johnson_o_reg[0]/D
OSC_SLOW_REAL,/home/validmgr/ksabra/2026_SPAD/SPADMIC/results/genus_osc_pd/20260602_o4_muxless_tags_r600_o4_r600_closure/timing_osc_counter_hotspots.rpt,50,VIOLATED,-55,clk_osc_slow,clk_osc_slow,clk_osc_slow,(R) u_core_u_slow_epoch_johnson_o_reg[0]/C,(F) u_core_u_slow_epoch_johnson_o_reg[1]/D
OSC_SLOW_REAL,/home/validmgr/ksabra/2026_SPAD/SPADMIC/results/genus_osc_pd/20260602_o4_muxless_tags_r600_o4_r600_closure/timing_osc_counter_hotspots.rpt,51,VIOLATED,-55,clk_osc_slow,clk_osc_slow,clk_osc_slow,(R) u_core_u_slow_epoch_johnson_o_reg[61]/C,(F) u_core_u_slow_epoch_johnson_o_reg[62]/D
OSC_SLOW_REAL,/home/validmgr/ksabra/2026_SPAD/SPADMIC/results/genus_osc_pd/20260602_o4_muxless_tags_r600_o4_r600_closure/timing_osc_counter_hotspots.rpt,52,VIOLATED,-55,clk_osc_slow,clk_osc_slow,clk_osc_slow,(R) u_core_u_slow_epoch_johnson_o_reg[60]/C,(F) u_core_u_slow_epoch_johnson_o_reg[61]/D
OSC_SLOW_REAL,/home/validmgr/ksabra/2026_SPAD/SPADMIC/results/genus_osc_pd/20260602_o4_muxless_tags_r600_o4_r600_closure/timing_osc_counter_hotspots.rpt,53,VIOLATED,-55,clk_osc_slow,clk_osc_slow,clk_osc_slow,(R) u_core_u_slow_epoch_johnson_o_reg[59]/C,(F) u_core_u_slow_epoch_johnson_o_reg[60]/D
OSC_SLOW_REAL,/home/validmgr/ksabra/2026_SPAD/SPADMIC/results/genus_osc_pd/20260602_o4_muxless_tags_r600_o4_r600_closure/timing_osc_counter_hotspots.rpt,54,VIOLATED,-55,clk_osc_slow,clk_osc_slow,clk_osc_slow,(R) u_core_u_slow_epoch_johnson_o_reg[58]/C,(F) u_core_u_slow_epoch_johnson_o_reg[59]/D
OSC_SLOW_REAL,/home/validmgr/ksabra/2026_SPAD/SPADMIC/results/genus_osc_pd/20260602_o4_muxless_tags_r600_o4_r600_closure/timing_osc_counter_hotspots.rpt,55,VIOLATED,-55,clk_osc_slow,clk_osc_slow,clk_osc_slow,(R) u_core_u_slow_epoch_johnson_o_reg[57]/C,(F) u_core_u_slow_epoch_johnson_o_reg[58]/D
OSC_SLOW_REAL,/home/validmgr/ksabra/2026_SPAD/SPADMIC/results/genus_osc_pd/20260602_o4_muxless_tags_r600_o4_r600_closure/timing_osc_counter_hotspots.rpt,56,VIOLATED,-55,clk_osc_slow,clk_osc_slow,clk_osc_slow,(R) u_core_u_slow_epoch_johnson_o_reg[56]/C,(F) u_core_u_slow_epoch_johnson_o_reg[57]/D
OSC_SLOW_REAL,/home/validmgr/ksabra/2026_SPAD/SPADMIC/results/genus_osc_pd/20260602_o4_muxless_tags_r600_o4_r600_closure/timing_osc_counter_hotspots.rpt,57,VIOLATED,-55,clk_osc_slow,clk_osc_slow,clk_osc_slow,(R) u_core_u_slow_epoch_johnson_o_reg[55]/C,(F) u_core_u_slow_epoch_johnson_o_reg[56]/D
OSC_SLOW_REAL,/home/validmgr/ksabra/2026_SPAD/SPADMIC/results/genus_osc_pd/20260602_o4_muxless_tags_r600_o4_r600_closure/timing_osc_counter_hotspots.rpt,58,VIOLATED,-55,clk_osc_slow,clk_osc_slow,clk_osc_slow,(R) u_core_u_slow_epoch_johnson_o_reg[54]/C,(F) u_core_u_slow_epoch_johnson_o_reg[55]/D
OSC_SLOW_REAL,/home/validmgr/ksabra/2026_SPAD/SPADMIC/results/genus_osc_pd/20260602_o4_muxless_tags_r600_o4_r600_closure/timing_osc_counter_hotspots.rpt,59,VIOLATED,-55,clk_osc_slow,clk_osc_slow,clk_osc_slow,(R) u_core_u_slow_epoch_johnson_o_reg[53]/C,(F) u_core_u_slow_epoch_johnson_o_reg[54]/D
OSC_SLOW_REAL,/home/validmgr/ksabra/2026_SPAD/SPADMIC/results/genus_osc_pd/20260602_o4_muxless_tags_r600_o4_r600_closure/timing_osc_counter_hotspots.rpt,60,VIOLATED,-55,clk_osc_slow,clk_osc_slow,clk_osc_slow,(R) u_core_u_slow_epoch_johnson_o_reg[52]/C,(F) u_core_u_slow_epoch_johnson_o_reg[53]/D
OSC_SLOW_REAL,/home/validmgr/ksabra/2026_SPAD/SPADMIC/results/genus_osc_pd/20260602_o4_muxless_tags_r600_o4_r600_closure/timing_osc_counter_hotspots.rpt,61,VIOLATED,-55,clk_osc_slow,clk_osc_slow,clk_osc_slow,(R) u_core_u_slow_epoch_johnson_o_reg[51]/C,(F) u_core_u_slow_epoch_johnson_o_reg[52]/D
OSC_SLOW_REAL,/home/validmgr/ksabra/2026_SPAD/SPADMIC/results/genus_osc_pd/20260602_o4_muxless_tags_r600_o4_r600_closure/timing_osc_counter_hotspots.rpt,62,VIOLATED,-55,clk_osc_slow,clk_osc_slow,clk_osc_slow,(R) u_core_u_slow_epoch_johnson_o_reg[50]/C,(F) u_core_u_slow_epoch_johnson_o_reg[51]/D
OSC_SLOW_REAL,/home/validmgr/ksabra/2026_SPAD/SPADMIC/results/genus_osc_pd/20260602_o4_muxless_tags_r600_o4_r600_closure/timing_osc_counter_hotspots.rpt,63,VIOLATED,-55,clk_osc_slow,clk_osc_slow,clk_osc_slow,(R) u_core_u_slow_epoch_johnson_o_reg[49]/C,(F) u_core_u_slow_epoch_johnson_o_reg[50]/D
OSC_SLOW_REAL,/home/validmgr/ksabra/2026_SPAD/SPADMIC/results/genus_osc_pd/20260602_o4_muxless_tags_r600_o4_r600_closure/timing_osc_counter_hotspots.rpt,64,VIOLATED,-55,clk_osc_slow,clk_osc_slow,clk_osc_slow,(R) u_core_u_slow_epoch_johnson_o_reg[48]/C,(F) u_core_u_slow_epoch_johnson_o_reg[49]/D
OSC_SLOW_REAL,/home/validmgr/ksabra/2026_SPAD/SPADMIC/results/genus_osc_pd/20260602_o4_muxless_tags_r600_o4_r600_closure/timing_osc_counter_hotspots.rpt,65,VIOLATED,-55,clk_osc_slow,clk_osc_slow,clk_osc_slow,(R) u_core_u_slow_epoch_johnson_o_reg[47]/C,(F) u_core_u_slow_epoch_johnson_o_reg[48]/D
OSC_SLOW_REAL,/home/validmgr/ksabra/2026_SPAD/SPADMIC/results/genus_osc_pd/20260602_o4_muxless_tags_r600_o4_r600_closure/timing_osc_counter_hotspots.rpt,66,VIOLATED,-55,clk_osc_slow,clk_osc_slow,clk_osc_slow,(R) u_core_u_slow_epoch_johnson_o_reg[46]/C,(F) u_core_u_slow_epoch_johnson_o_reg[47]/D
OSC_SLOW_REAL,/home/validmgr/ksabra/2026_SPAD/SPADMIC/results/genus_osc_pd/20260602_o4_muxless_tags_r600_o4_r600_closure/timing_osc_counter_hotspots.rpt,67,VIOLATED,-55,clk_osc_slow,clk_osc_slow,clk_osc_slow,(R) u_core_u_slow_epoch_johnson_o_reg[45]/C,(F) u_core_u_slow_epoch_johnson_o_reg[46]/D
OSC_SLOW_REAL,/home/validmgr/ksabra/2026_SPAD/SPADMIC/results/genus_osc_pd/20260602_o4_muxless_tags_r600_o4_r600_closure/timing_osc_counter_hotspots.rpt,68,VIOLATED,-55,clk_osc_slow,clk_osc_slow,clk_osc_slow,(R) u_core_u_slow_epoch_johnson_o_reg[44]/C,(F) u_core_u_slow_epoch_johnson_o_reg[45]/D
OSC_SLOW_REAL,/home/validmgr/ksabra/2026_SPAD/SPADMIC/results/genus_osc_pd/20260602_o4_muxless_tags_r600_o4_r600_closure/timing_osc_counter_hotspots.rpt,69,VIOLATED,-55,clk_osc_slow,clk_osc_slow,clk_osc_slow,(R) u_core_u_slow_epoch_johnson_o_reg[43]/C,(F) u_core_u_slow_epoch_johnson_o_reg[44]/D
OSC_SLOW_REAL,/home/validmgr/ksabra/2026_SPAD/SPADMIC/results/genus_osc_pd/20260602_o4_muxless_tags_r600_o4_r600_closure/timing_osc_counter_hotspots.rpt,70,VIOLATED,-55,clk_osc_slow,clk_osc_slow,clk_osc_slow,(R) u_core_u_slow_epoch_johnson_o_reg[42]/C,(F) u_core_u_slow_epoch_johnson_o_reg[43]/D
OSC_SLOW_REAL,/home/validmgr/ksabra/2026_SPAD/SPADMIC/results/genus_osc_pd/20260602_o4_muxless_tags_r600_o4_r600_closure/timing_osc_counter_hotspots.rpt,71,VIOLATED,-55,clk_osc_slow,clk_osc_slow,clk_osc_slow,(R) u_core_u_slow_epoch_johnson_o_reg[41]/C,(F) u_core_u_slow_epoch_johnson_o_reg[42]/D
OSC_SLOW_REAL,/home/validmgr/ksabra/2026_SPAD/SPADMIC/results/genus_osc_pd/20260602_o4_muxless_tags_r600_o4_r600_closure/timing_osc_counter_hotspots.rpt,72,VIOLATED,-55,clk_osc_slow,clk_osc_slow,clk_osc_slow,(R) u_core_u_slow_epoch_johnson_o_reg[40]/C,(F) u_core_u_slow_epoch_johnson_o_reg[41]/D
OSC_SLOW_REAL,/home/validmgr/ksabra/2026_SPAD/SPADMIC/results/genus_osc_pd/20260602_o4_muxless_tags_r600_o4_r600_closure/timing_osc_counter_hotspots.rpt,73,VIOLATED,-55,clk_osc_slow,clk_osc_slow,clk_osc_slow,(R) u_core_u_slow_epoch_johnson_o_reg[39]/C,(F) u_core_u_slow_epoch_johnson_o_reg[40]/D
OSC_SLOW_REAL,/home/validmgr/ksabra/2026_SPAD/SPADMIC/results/genus_osc_pd/20260602_o4_muxless_tags_r600_o4_r600_closure/timing_osc_counter_hotspots.rpt,74,VIOLATED,-55,clk_osc_slow,clk_osc_slow,clk_osc_slow,(R) u_core_u_slow_epoch_johnson_o_reg[38]/C,(F) u_core_u_slow_epoch_johnson_o_reg[39]/D
OSC_SLOW_REAL,/home/validmgr/ksabra/2026_SPAD/SPADMIC/results/genus_osc_pd/20260602_o4_muxless_tags_r600_o4_r600_closure/timing_osc_counter_hotspots.rpt,75,VIOLATED,-55,clk_osc_slow,clk_osc_slow,clk_osc_slow,(R) u_core_u_slow_epoch_johnson_o_reg[37]/C,(F) u_core_u_slow_epoch_johnson_o_reg[38]/D
OSC_SLOW_REAL,/home/validmgr/ksabra/2026_SPAD/SPADMIC/results/genus_osc_pd/20260602_o4_muxless_tags_r600_o4_r600_closure/timing_osc_counter_hotspots.rpt,76,VIOLATED,-55,clk_osc_slow,clk_osc_slow,clk_osc_slow,(R) u_core_u_slow_epoch_johnson_o_reg[36]/C,(F) u_core_u_slow_epoch_johnson_o_reg[37]/D
OSC_SLOW_REAL,/home/validmgr/ksabra/2026_SPAD/SPADMIC/results/genus_osc_pd/20260602_o4_muxless_tags_r600_o4_r600_closure/timing_osc_counter_hotspots.rpt,77,VIOLATED,-55,clk_osc_slow,clk_osc_slow,clk_osc_slow,(R) u_core_u_slow_epoch_johnson_o_reg[35]/C,(F) u_core_u_slow_epoch_johnson_o_reg[36]/D
OSC_SLOW_REAL,/home/validmgr/ksabra/2026_SPAD/SPADMIC/results/genus_osc_pd/20260602_o4_muxless_tags_r600_o4_r600_closure/timing_osc_counter_hotspots.rpt,78,VIOLATED,-55,clk_osc_slow,clk_osc_slow,clk_osc_slow,(R) u_core_u_slow_epoch_johnson_o_reg[34]/C,(F) u_core_u_slow_epoch_johnson_o_reg[35]/D
OSC_SLOW_REAL,/home/validmgr/ksabra/2026_SPAD/SPADMIC/results/genus_osc_pd/20260602_o4_muxless_tags_r600_o4_r600_closure/timing_osc_counter_hotspots.rpt,79,VIOLATED,-55,clk_osc_slow,clk_osc_slow,clk_osc_slow,(R) u_core_u_slow_epoch_johnson_o_reg[33]/C,(F) u_core_u_slow_epoch_johnson_o_reg[34]/D
OSC_SLOW_REAL,/home/validmgr/ksabra/2026_SPAD/SPADMIC/results/genus_osc_pd/20260602_o4_muxless_tags_r600_o4_r600_closure/timing_osc_counter_hotspots.rpt,80,VIOLATED,-55,clk_osc_slow,clk_osc_slow,clk_osc_slow,(R) u_core_u_slow_epoch_johnson_o_reg[32]/C,(F) u_core_u_slow_epoch_johnson_o_reg[33]/D
OSC_SLOW_REAL,/home/validmgr/ksabra/2026_SPAD/SPADMIC/results/genus_osc_pd/20260602_o4_muxless_tags_r600_o4_r600_closure/timing_osc_counter_hotspots.rpt,81,VIOLATED,-55,clk_osc_slow,clk_osc_slow,clk_osc_slow,(R) u_core_u_slow_epoch_johnson_o_reg[31]/C,(F) u_core_u_slow_epoch_johnson_o_reg[32]/D
OSC_SLOW_REAL,/home/validmgr/ksabra/2026_SPAD/SPADMIC/results/genus_osc_pd/20260602_o4_muxless_tags_r600_o4_r600_closure/timing_osc_counter_hotspots.rpt,82,VIOLATED,-55,clk_osc_slow,clk_osc_slow,clk_osc_slow,(R) u_core_u_slow_epoch_johnson_o_reg[30]/C,(F) u_core_u_slow_epoch_johnson_o_reg[31]/D
OSC_SLOW_REAL,/home/validmgr/ksabra/2026_SPAD/SPADMIC/results/genus_osc_pd/20260602_o4_muxless_tags_r600_o4_r600_closure/timing_osc_counter_hotspots.rpt,83,VIOLATED,-55,clk_osc_slow,clk_osc_slow,clk_osc_slow,(R) u_core_u_slow_epoch_johnson_o_reg[29]/C,(F) u_core_u_slow_epoch_johnson_o_reg[30]/D
OSC_SLOW_REAL,/home/validmgr/ksabra/2026_SPAD/SPADMIC/results/genus_osc_pd/20260602_o4_muxless_tags_r600_o4_r600_closure/timing_osc_counter_hotspots.rpt,84,VIOLATED,-55,clk_osc_slow,clk_osc_slow,clk_osc_slow,(R) u_core_u_slow_epoch_johnson_o_reg[28]/C,(F) u_core_u_slow_epoch_johnson_o_reg[29]/D
OSC_SLOW_REAL,/home/validmgr/ksabra/2026_SPAD/SPADMIC/results/genus_osc_pd/20260602_o4_muxless_tags_r600_o4_r600_closure/timing_osc_counter_hotspots.rpt,85,VIOLATED,-55,clk_osc_slow,clk_osc_slow,clk_osc_slow,(R) u_core_u_slow_epoch_johnson_o_reg[27]/C,(F) u_core_u_slow_epoch_johnson_o_reg[28]/D
OSC_SLOW_REAL,/home/validmgr/ksabra/2026_SPAD/SPADMIC/results/genus_osc_pd/20260602_o4_muxless_tags_r600_o4_r600_closure/timing_osc_counter_hotspots.rpt,86,VIOLATED,-55,clk_osc_slow,clk_osc_slow,clk_osc_slow,(R) u_core_u_slow_epoch_johnson_o_reg[26]/C,(F) u_core_u_slow_epoch_johnson_o_reg[27]/D
OSC_SLOW_REAL,/home/validmgr/ksabra/2026_SPAD/SPADMIC/results/genus_osc_pd/20260602_o4_muxless_tags_r600_o4_r600_closure/timing_osc_counter_hotspots.rpt,87,VIOLATED,-55,clk_osc_slow,clk_osc_slow,clk_osc_slow,(R) u_core_u_slow_epoch_johnson_o_reg[25]/C,(F) u_core_u_slow_epoch_johnson_o_reg[26]/D
OSC_SLOW_REAL,/home/validmgr/ksabra/2026_SPAD/SPADMIC/results/genus_osc_pd/20260602_o4_muxless_tags_r600_o4_r600_closure/timing_osc_counter_hotspots.rpt,88,VIOLATED,-55,clk_osc_slow,clk_osc_slow,clk_osc_slow,(R) u_core_u_slow_epoch_johnson_o_reg[24]/C,(F) u_core_u_slow_epoch_johnson_o_reg[25]/D
OSC_SLOW_REAL,/home/validmgr/ksabra/2026_SPAD/SPADMIC/results/genus_osc_pd/20260602_o4_muxless_tags_r600_o4_r600_closure/timing_osc_counter_hotspots.rpt,89,VIOLATED,-55,clk_osc_slow,clk_osc_slow,clk_osc_slow,(R) u_core_u_slow_epoch_johnson_o_reg[23]/C,(F) u_core_u_slow_epoch_johnson_o_reg[24]/D
OSC_SLOW_REAL,/home/validmgr/ksabra/2026_SPAD/SPADMIC/results/genus_osc_pd/20260602_o4_muxless_tags_r600_o4_r600_closure/timing_osc_counter_hotspots.rpt,90,VIOLATED,-55,clk_osc_slow,clk_osc_slow,clk_osc_slow,(R) u_core_u_slow_epoch_johnson_o_reg[22]/C,(F) u_core_u_slow_epoch_johnson_o_reg[23]/D
OSC_SLOW_REAL,/home/validmgr/ksabra/2026_SPAD/SPADMIC/results/genus_osc_pd/20260602_o4_muxless_tags_r600_o4_r600_closure/timing_osc_counter_hotspots.rpt,91,VIOLATED,-55,clk_osc_slow,clk_osc_slow,clk_osc_slow,(R) u_core_u_slow_epoch_johnson_o_reg[21]/C,(F) u_core_u_slow_epoch_johnson_o_reg[22]/D
OSC_SLOW_REAL,/home/validmgr/ksabra/2026_SPAD/SPADMIC/results/genus_osc_pd/20260602_o4_muxless_tags_r600_o4_r600_closure/timing_osc_counter_hotspots.rpt,92,VIOLATED,-55,clk_osc_slow,clk_osc_slow,clk_osc_slow,(R) u_core_u_slow_epoch_johnson_o_reg[20]/C,(F) u_core_u_slow_epoch_johnson_o_reg[21]/D
OSC_SLOW_REAL,/home/validmgr/ksabra/2026_SPAD/SPADMIC/results/genus_osc_pd/20260602_o4_muxless_tags_r600_o4_r600_closure/timing_osc_counter_hotspots.rpt,93,VIOLATED,-55,clk_osc_slow,clk_osc_slow,clk_osc_slow,(R) u_core_u_slow_epoch_johnson_o_reg[19]/C,(F) u_core_u_slow_epoch_johnson_o_reg[20]/D
OSC_SLOW_REAL,/home/validmgr/ksabra/2026_SPAD/SPADMIC/results/genus_osc_pd/20260602_o4_muxless_tags_r600_o4_r600_closure/timing_osc_counter_hotspots.rpt,94,VIOLATED,-55,clk_osc_slow,clk_osc_slow,clk_osc_slow,(R) u_core_u_slow_epoch_johnson_o_reg[18]/C,(F) u_core_u_slow_epoch_johnson_o_reg[19]/D
OSC_SLOW_REAL,/home/validmgr/ksabra/2026_SPAD/SPADMIC/results/genus_osc_pd/20260602_o4_muxless_tags_r600_o4_r600_closure/timing_osc_counter_hotspots.rpt,95,VIOLATED,-55,clk_osc_slow,clk_osc_slow,clk_osc_slow,(R) u_core_u_slow_epoch_johnson_o_reg[17]/C,(F) u_core_u_slow_epoch_johnson_o_reg[18]/D
OSC_SLOW_REAL,/home/validmgr/ksabra/2026_SPAD/SPADMIC/results/genus_osc_pd/20260602_o4_muxless_tags_r600_o4_r600_closure/timing_osc_counter_hotspots.rpt,96,VIOLATED,-55,clk_osc_slow,clk_osc_slow,clk_osc_slow,(R) u_core_u_slow_epoch_johnson_o_reg[16]/C,(F) u_core_u_slow_epoch_johnson_o_reg[17]/D
OSC_SLOW_REAL,/home/validmgr/ksabra/2026_SPAD/SPADMIC/results/genus_osc_pd/20260602_o4_muxless_tags_r600_o4_r600_closure/timing_osc_counter_hotspots.rpt,97,VIOLATED,-55,clk_osc_slow,clk_osc_slow,clk_osc_slow,(R) u_core_u_slow_epoch_johnson_o_reg[15]/C,(F) u_core_u_slow_epoch_johnson_o_reg[16]/D
OSC_SLOW_REAL,/home/validmgr/ksabra/2026_SPAD/SPADMIC/results/genus_osc_pd/20260602_o4_muxless_tags_r600_o4_r600_closure/timing_osc_counter_hotspots.rpt,98,VIOLATED,-55,clk_osc_slow,clk_osc_slow,clk_osc_slow,(R) u_core_u_slow_epoch_johnson_o_reg[14]/C,(F) u_core_u_slow_epoch_johnson_o_reg[15]/D
OSC_SLOW_REAL,/home/validmgr/ksabra/2026_SPAD/SPADMIC/results/genus_osc_pd/20260602_o4_muxless_tags_r600_o4_r600_closure/timing_osc_counter_hotspots.rpt,99,VIOLATED,-55,clk_osc_slow,clk_osc_slow,clk_osc_slow,(R) u_core_u_slow_epoch_johnson_o_reg[13]/C,(F) u_core_u_slow_epoch_johnson_o_reg[14]/D
OSC_SLOW_REAL,/home/validmgr/ksabra/2026_SPAD/SPADMIC/results/genus_osc_pd/20260602_o4_muxless_tags_r600_o4_r600_closure/timing_osc_counter_hotspots.rpt,100,VIOLATED,-55,clk_osc_slow,clk_osc_slow,clk_osc_slow,(R) u_core_u_slow_epoch_johnson_o_reg[12]/C,(F) u_core_u_slow_epoch_johnson_o_reg[13]/D
OSC_FAST_REAL,/home/validmgr/ksabra/2026_SPAD/SPADMIC/results/genus_osc_pd/20260602_o4_muxless_tags_r600_o4_r600_closure/timing_fast_count_to_nfast_hit.rpt,1,VIOLATED,-1316,clk_osc_fast,clk_osc_fast,clk_osc_fast,(R) u_core_gen_pd_row[1].gen_pd_col[0].u_pd/hit_latched_reg/C,(F) u_core_gen_pd_row[1].gen_pd_col[0].u_pd/nfast_hit_latched_reg[6]/D
OSC_FAST_REAL,/home/validmgr/ksabra/2026_SPAD/SPADMIC/results/genus_osc_pd/20260602_o4_muxless_tags_r600_o4_r600_closure/timing_fast_count_to_nfast_hit.rpt,2,VIOLATED,-1316,clk_osc_fast,clk_osc_fast,clk_osc_fast,(R) u_core_gen_pd_row[1].gen_pd_col[0].u_pd/hit_latched_reg/C,(F) u_core_gen_pd_row[1].gen_pd_col[0].u_pd/nfast_hit_latched_reg[3]/D
OSC_FAST_REAL,/home/validmgr/ksabra/2026_SPAD/SPADMIC/results/genus_osc_pd/20260602_o4_muxless_tags_r600_o4_r600_closure/timing_fast_count_to_nfast_hit.rpt,3,VIOLATED,-1316,clk_osc_fast,clk_osc_fast,clk_osc_fast,(R) u_core_gen_pd_row[1].gen_pd_col[0].u_pd/hit_latched_reg/C,(F) u_core_gen_pd_row[1].gen_pd_col[0].u_pd/nfast_hit_latched_reg[2]/D
OSC_FAST_REAL,/home/validmgr/ksabra/2026_SPAD/SPADMIC/results/genus_osc_pd/20260602_o4_muxless_tags_r600_o4_r600_closure/timing_fast_count_to_nfast_hit.rpt,4,VIOLATED,-1316,clk_osc_fast,clk_osc_fast,clk_osc_fast,(R) u_core_gen_pd_row[1].gen_pd_col[0].u_pd/hit_latched_reg/C,(F) u_core_gen_pd_row[1].gen_pd_col[0].u_pd/nfast_hit_latched_reg[0]/D
OSC_FAST_REAL,/home/validmgr/ksabra/2026_SPAD/SPADMIC/results/genus_osc_pd/20260602_o4_muxless_tags_r600_o4_r600_closure/timing_fast_count_to_nfast_hit.rpt,5,VIOLATED,-1316,clk_osc_fast,clk_osc_fast,clk_osc_fast,(R) u_core_gen_pd_row[1].gen_pd_col[0].u_pd/hit_latched_reg/C,(F) u_core_gen_pd_row[1].gen_pd_col[0].u_pd/nfast_hit_latched_reg[1]/D
OSC_FAST_REAL,/home/validmgr/ksabra/2026_SPAD/SPADMIC/results/genus_osc_pd/20260602_o4_muxless_tags_r600_o4_r600_closure/timing_fast_count_to_nfast_hit.rpt,6,VIOLATED,-1316,clk_osc_fast,clk_osc_fast,clk_osc_fast,(R) u_core_gen_pd_row[0].gen_pd_col[0].u_pd/hit_latched_reg/C,(F) u_core_gen_pd_row[0].gen_pd_col[0].u_pd/nfast_hit_latched_reg[6]/D
OSC_FAST_REAL,/home/validmgr/ksabra/2026_SPAD/SPADMIC/results/genus_osc_pd/20260602_o4_muxless_tags_r600_o4_r600_closure/timing_fast_count_to_nfast_hit.rpt,7,VIOLATED,-1316,clk_osc_fast,clk_osc_fast,clk_osc_fast,(R) u_core_gen_pd_row[0].gen_pd_col[0].u_pd/hit_latched_reg/C,(F) u_core_gen_pd_row[0].gen_pd_col[0].u_pd/nfast_hit_latched_reg[3]/D
OSC_FAST_REAL,/home/validmgr/ksabra/2026_SPAD/SPADMIC/results/genus_osc_pd/20260602_o4_muxless_tags_r600_o4_r600_closure/timing_fast_count_to_nfast_hit.rpt,8,VIOLATED,-1316,clk_osc_fast,clk_osc_fast,clk_osc_fast,(R) u_core_gen_pd_row[0].gen_pd_col[0].u_pd/hit_latched_reg/C,(F) u_core_gen_pd_row[0].gen_pd_col[0].u_pd/nfast_hit_latched_reg[5]/D
OSC_FAST_REAL,/home/validmgr/ksabra/2026_SPAD/SPADMIC/results/genus_osc_pd/20260602_o4_muxless_tags_r600_o4_r600_closure/timing_fast_count_to_nfast_hit.rpt,9,VIOLATED,-1316,clk_osc_fast,clk_osc_fast,clk_osc_fast,(R) u_core_gen_pd_row[0].gen_pd_col[0].u_pd/hit_latched_reg/C,(F) u_core_gen_pd_row[0].gen_pd_col[0].u_pd/nfast_hit_latched_reg[2]/D
OSC_FAST_REAL,/home/validmgr/ksabra/2026_SPAD/SPADMIC/results/genus_osc_pd/20260602_o4_muxless_tags_r600_o4_r600_closure/timing_fast_count_to_nfast_hit.rpt,10,VIOLATED,-1316,clk_osc_fast,clk_osc_fast,clk_osc_fast,(R) u_core_gen_pd_row[0].gen_pd_col[0].u_pd/hit_latched_reg/C,(F) u_core_gen_pd_row[0].gen_pd_col[0].u_pd/nfast_hit_latched_reg[0]/D
OSC_FAST_REAL,/home/validmgr/ksabra/2026_SPAD/SPADMIC/results/genus_osc_pd/20260602_o4_muxless_tags_r600_o4_r600_closure/timing_fast_count_to_nfast_hit.rpt,11,VIOLATED,-1316,clk_osc_fast,clk_osc_fast,clk_osc_fast,(R) u_core_gen_pd_row[0].gen_pd_col[0].u_pd/hit_latched_reg/C,(F) u_core_gen_pd_row[0].gen_pd_col[0].u_pd/nfast_hit_latched_reg[1]/D
OSC_FAST_REAL,/home/validmgr/ksabra/2026_SPAD/SPADMIC/results/genus_osc_pd/20260602_o4_muxless_tags_r600_o4_r600_closure/timing_fast_count_to_nfast_hit.rpt,12,VIOLATED,-1316,clk_osc_fast,clk_osc_fast,clk_osc_fast,(R) u_core_gen_pd_row[7].gen_pd_col[0].u_pd/hit_latched_reg/C,(F) u_core_gen_pd_row[7].gen_pd_col[0].u_pd/nfast_hit_latched_reg[6]/D
OSC_FAST_REAL,/home/validmgr/ksabra/2026_SPAD/SPADMIC/results/genus_osc_pd/20260602_o4_muxless_tags_r600_o4_r600_closure/timing_fast_count_to_nfast_hit.rpt,13,VIOLATED,-1316,clk_osc_fast,clk_osc_fast,clk_osc_fast,(R) u_core_gen_pd_row[7].gen_pd_col[0].u_pd/hit_latched_reg/C,(F) u_core_gen_pd_row[7].gen_pd_col[0].u_pd/nfast_hit_latched_reg[3]/D
OSC_FAST_REAL,/home/validmgr/ksabra/2026_SPAD/SPADMIC/results/genus_osc_pd/20260602_o4_muxless_tags_r600_o4_r600_closure/timing_fast_count_to_nfast_hit.rpt,14,VIOLATED,-1316,clk_osc_fast,clk_osc_fast,clk_osc_fast,(R) u_core_gen_pd_row[7].gen_pd_col[0].u_pd/hit_latched_reg/C,(F) u_core_gen_pd_row[7].gen_pd_col[0].u_pd/nfast_hit_latched_reg[4]/D
OSC_FAST_REAL,/home/validmgr/ksabra/2026_SPAD/SPADMIC/results/genus_osc_pd/20260602_o4_muxless_tags_r600_o4_r600_closure/timing_fast_count_to_nfast_hit.rpt,15,VIOLATED,-1316,clk_osc_fast,clk_osc_fast,clk_osc_fast,(R) u_core_gen_pd_row[7].gen_pd_col[0].u_pd/hit_latched_reg/C,(F) u_core_gen_pd_row[7].gen_pd_col[0].u_pd/nfast_hit_latched_reg[5]/D
OSC_FAST_REAL,/home/validmgr/ksabra/2026_SPAD/SPADMIC/results/genus_osc_pd/20260602_o4_muxless_tags_r600_o4_r600_closure/timing_fast_count_to_nfast_hit.rpt,16,VIOLATED,-1316,clk_osc_fast,clk_osc_fast,clk_osc_fast,(R) u_core_gen_pd_row[7].gen_pd_col[0].u_pd/hit_latched_reg/C,(F) u_core_gen_pd_row[7].gen_pd_col[0].u_pd/nfast_hit_latched_reg[2]/D
OSC_FAST_REAL,/home/validmgr/ksabra/2026_SPAD/SPADMIC/results/genus_osc_pd/20260602_o4_muxless_tags_r600_o4_r600_closure/timing_fast_count_to_nfast_hit.rpt,17,VIOLATED,-1316,clk_osc_fast,clk_osc_fast,clk_osc_fast,(R) u_core_gen_pd_row[7].gen_pd_col[0].u_pd/hit_latched_reg/C,(F) u_core_gen_pd_row[7].gen_pd_col[0].u_pd/nfast_hit_latched_reg[1]/D
OSC_FAST_REAL,/home/validmgr/ksabra/2026_SPAD/SPADMIC/results/genus_osc_pd/20260602_o4_muxless_tags_r600_o4_r600_closure/timing_fast_count_to_nfast_hit.rpt,18,VIOLATED,-1316,clk_osc_fast,clk_osc_fast,clk_osc_fast,(R) u_core_gen_pd_row[6].gen_pd_col[0].u_pd/hit_latched_reg/C,(F) u_core_gen_pd_row[6].gen_pd_col[0].u_pd/nfast_hit_latched_reg[6]/D
OSC_FAST_REAL,/home/validmgr/ksabra/2026_SPAD/SPADMIC/results/genus_osc_pd/20260602_o4_muxless_tags_r600_o4_r600_closure/timing_fast_count_to_nfast_hit.rpt,19,VIOLATED,-1316,clk_osc_fast,clk_osc_fast,clk_osc_fast,(R) u_core_gen_pd_row[6].gen_pd_col[0].u_pd/hit_latched_reg/C,(F) u_core_gen_pd_row[6].gen_pd_col[0].u_pd/nfast_hit_latched_reg[3]/D
OSC_FAST_REAL,/home/validmgr/ksabra/2026_SPAD/SPADMIC/results/genus_osc_pd/20260602_o4_muxless_tags_r600_o4_r600_closure/timing_fast_count_to_nfast_hit.rpt,20,VIOLATED,-1316,clk_osc_fast,clk_osc_fast,clk_osc_fast,(R) u_core_gen_pd_row[6].gen_pd_col[0].u_pd/hit_latched_reg/C,(F) u_core_gen_pd_row[6].gen_pd_col[0].u_pd/nfast_hit_latched_reg[4]/D
OSC_FAST_REAL,/home/validmgr/ksabra/2026_SPAD/SPADMIC/results/genus_osc_pd/20260602_o4_muxless_tags_r600_o4_r600_closure/timing_fast_count_to_nfast_hit.rpt,21,VIOLATED,-1316,clk_osc_fast,clk_osc_fast,clk_osc_fast,(R) u_core_gen_pd_row[6].gen_pd_col[0].u_pd/hit_latched_reg/C,(F) u_core_gen_pd_row[6].gen_pd_col[0].u_pd/nfast_hit_latched_reg[5]/D
OSC_FAST_REAL,/home/validmgr/ksabra/2026_SPAD/SPADMIC/results/genus_osc_pd/20260602_o4_muxless_tags_r600_o4_r600_closure/timing_fast_count_to_nfast_hit.rpt,22,VIOLATED,-1316,clk_osc_fast,clk_osc_fast,clk_osc_fast,(R) u_core_gen_pd_row[6].gen_pd_col[0].u_pd/hit_latched_reg/C,(F) u_core_gen_pd_row[6].gen_pd_col[0].u_pd/nfast_hit_latched_reg[2]/D
OSC_FAST_REAL,/home/validmgr/ksabra/2026_SPAD/SPADMIC/results/genus_osc_pd/20260602_o4_muxless_tags_r600_o4_r600_closure/timing_fast_count_to_nfast_hit.rpt,23,VIOLATED,-1316,clk_osc_fast,clk_osc_fast,clk_osc_fast,(R) u_core_gen_pd_row[6].gen_pd_col[0].u_pd/hit_latched_reg/C,(F) u_core_gen_pd_row[6].gen_pd_col[0].u_pd/nfast_hit_latched_reg[0]/D
OSC_FAST_REAL,/home/validmgr/ksabra/2026_SPAD/SPADMIC/results/genus_osc_pd/20260602_o4_muxless_tags_r600_o4_r600_closure/timing_fast_count_to_nfast_hit.rpt,24,VIOLATED,-1316,clk_osc_fast,clk_osc_fast,clk_osc_fast,(R) u_core_gen_pd_row[6].gen_pd_col[0].u_pd/hit_latched_reg/C,(F) u_core_gen_pd_row[6].gen_pd_col[0].u_pd/nfast_hit_latched_reg[1]/D
OSC_FAST_REAL,/home/validmgr/ksabra/2026_SPAD/SPADMIC/results/genus_osc_pd/20260602_o4_muxless_tags_r600_o4_r600_closure/timing_fast_count_to_nfast_hit.rpt,25,VIOLATED,-1316,clk_osc_fast,clk_osc_fast,clk_osc_fast,(R) u_core_gen_pd_row[5].gen_pd_col[0].u_pd/hit_latched_reg/C,(F) u_core_gen_pd_row[5].gen_pd_col[0].u_pd/nfast_hit_latched_reg[6]/D
OSC_FAST_REAL,/home/validmgr/ksabra/2026_SPAD/SPADMIC/results/genus_osc_pd/20260602_o4_muxless_tags_r600_o4_r600_closure/timing_fast_count_to_nfast_hit.rpt,26,VIOLATED,-1316,clk_osc_fast,clk_osc_fast,clk_osc_fast,(R) u_core_gen_pd_row[5].gen_pd_col[0].u_pd/hit_latched_reg/C,(F) u_core_gen_pd_row[5].gen_pd_col[0].u_pd/nfast_hit_latched_reg[3]/D
OSC_FAST_REAL,/home/validmgr/ksabra/2026_SPAD/SPADMIC/results/genus_osc_pd/20260602_o4_muxless_tags_r600_o4_r600_closure/timing_fast_count_to_nfast_hit.rpt,27,VIOLATED,-1316,clk_osc_fast,clk_osc_fast,clk_osc_fast,(R) u_core_gen_pd_row[5].gen_pd_col[0].u_pd/hit_latched_reg/C,(F) u_core_gen_pd_row[5].gen_pd_col[0].u_pd/nfast_hit_latched_reg[4]/D
OSC_FAST_REAL,/home/validmgr/ksabra/2026_SPAD/SPADMIC/results/genus_osc_pd/20260602_o4_muxless_tags_r600_o4_r600_closure/timing_fast_count_to_nfast_hit.rpt,28,VIOLATED,-1316,clk_osc_fast,clk_osc_fast,clk_osc_fast,(R) u_core_gen_pd_row[5].gen_pd_col[0].u_pd/hit_latched_reg/C,(F) u_core_gen_pd_row[5].gen_pd_col[0].u_pd/nfast_hit_latched_reg[5]/D
OSC_FAST_REAL,/home/validmgr/ksabra/2026_SPAD/SPADMIC/results/genus_osc_pd/20260602_o4_muxless_tags_r600_o4_r600_closure/timing_fast_count_to_nfast_hit.rpt,29,VIOLATED,-1316,clk_osc_fast,clk_osc_fast,clk_osc_fast,(R) u_core_gen_pd_row[5].gen_pd_col[0].u_pd/hit_latched_reg/C,(F) u_core_gen_pd_row[5].gen_pd_col[0].u_pd/nfast_hit_latched_reg[0]/D
OSC_FAST_REAL,/home/validmgr/ksabra/2026_SPAD/SPADMIC/results/genus_osc_pd/20260602_o4_muxless_tags_r600_o4_r600_closure/timing_fast_count_to_nfast_hit.rpt,30,VIOLATED,-1316,clk_osc_fast,clk_osc_fast,clk_osc_fast,(R) u_core_gen_pd_row[5].gen_pd_col[0].u_pd/hit_latched_reg/C,(F) u_core_gen_pd_row[5].gen_pd_col[0].u_pd/nfast_hit_latched_reg[1]/D
OSC_FAST_REAL,/home/validmgr/ksabra/2026_SPAD/SPADMIC/results/genus_osc_pd/20260602_o4_muxless_tags_r600_o4_r600_closure/timing_fast_count_to_nfast_hit.rpt,31,VIOLATED,-1316,clk_osc_fast,clk_osc_fast,clk_osc_fast,(R) u_core_gen_pd_row[3].gen_pd_col[0].u_pd/hit_latched_reg/C,(F) u_core_gen_pd_row[3].gen_pd_col[0].u_pd/nfast_hit_latched_reg[6]/D
OSC_FAST_REAL,/home/validmgr/ksabra/2026_SPAD/SPADMIC/results/genus_osc_pd/20260602_o4_muxless_tags_r600_o4_r600_closure/timing_fast_count_to_nfast_hit.rpt,32,VIOLATED,-1316,clk_osc_fast,clk_osc_fast,clk_osc_fast,(R) u_core_gen_pd_row[3].gen_pd_col[0].u_pd/hit_latched_reg/C,(F) u_core_gen_pd_row[3].gen_pd_col[0].u_pd/nfast_hit_latched_reg[4]/D
OSC_FAST_REAL,/home/validmgr/ksabra/2026_SPAD/SPADMIC/results/genus_osc_pd/20260602_o4_muxless_tags_r600_o4_r600_closure/timing_fast_count_to_nfast_hit.rpt,33,VIOLATED,-1316,clk_osc_fast,clk_osc_fast,clk_osc_fast,(R) u_core_gen_pd_row[3].gen_pd_col[0].u_pd/hit_latched_reg/C,(F) u_core_gen_pd_row[3].gen_pd_col[0].u_pd/nfast_hit_latched_reg[5]/D
OSC_FAST_REAL,/home/validmgr/ksabra/2026_SPAD/SPADMIC/results/genus_osc_pd/20260602_o4_muxless_tags_r600_o4_r600_closure/timing_fast_count_to_nfast_hit.rpt,34,VIOLATED,-1316,clk_osc_fast,clk_osc_fast,clk_osc_fast,(R) u_core_gen_pd_row[3].gen_pd_col[0].u_pd/hit_latched_reg/C,(F) u_core_gen_pd_row[3].gen_pd_col[0].u_pd/nfast_hit_latched_reg[2]/D
OSC_FAST_REAL,/home/validmgr/ksabra/2026_SPAD/SPADMIC/results/genus_osc_pd/20260602_o4_muxless_tags_r600_o4_r600_closure/timing_fast_count_to_nfast_hit.rpt,35,VIOLATED,-1316,clk_osc_fast,clk_osc_fast,clk_osc_fast,(R) u_core_gen_pd_row[3].gen_pd_col[0].u_pd/hit_latched_reg/C,(F) u_core_gen_pd_row[3].gen_pd_col[0].u_pd/nfast_hit_latched_reg[0]/D
OSC_FAST_REAL,/home/validmgr/ksabra/2026_SPAD/SPADMIC/results/genus_osc_pd/20260602_o4_muxless_tags_r600_o4_r600_closure/timing_fast_count_to_nfast_hit.rpt,36,VIOLATED,-1316,clk_osc_fast,clk_osc_fast,clk_osc_fast,(R) u_core_gen_pd_row[3].gen_pd_col[0].u_pd/hit_latched_reg/C,(F) u_core_gen_pd_row[3].gen_pd_col[0].u_pd/nfast_hit_latched_reg[1]/D
OSC_FAST_REAL,/home/validmgr/ksabra/2026_SPAD/SPADMIC/results/genus_osc_pd/20260602_o4_muxless_tags_r600_o4_r600_closure/timing_fast_count_to_nfast_hit.rpt,37,VIOLATED,-1316,clk_osc_fast,clk_osc_fast,clk_osc_fast,(R) u_core_gen_pd_row[2].gen_pd_col[0].u_pd/hit_latched_reg/C,(F) u_core_gen_pd_row[2].gen_pd_col[0].u_pd/nfast_hit_latched_reg[6]/D
OSC_FAST_REAL,/home/validmgr/ksabra/2026_SPAD/SPADMIC/results/genus_osc_pd/20260602_o4_muxless_tags_r600_o4_r600_closure/timing_fast_count_to_nfast_hit.rpt,38,VIOLATED,-1316,clk_osc_fast,clk_osc_fast,clk_osc_fast,(R) u_core_gen_pd_row[2].gen_pd_col[0].u_pd/hit_latched_reg/C,(F) u_core_gen_pd_row[2].gen_pd_col[0].u_pd/nfast_hit_latched_reg[3]/D
OSC_FAST_REAL,/home/validmgr/ksabra/2026_SPAD/SPADMIC/results/genus_osc_pd/20260602_o4_muxless_tags_r600_o4_r600_closure/timing_fast_count_to_nfast_hit.rpt,39,VIOLATED,-1316,clk_osc_fast,clk_osc_fast,clk_osc_fast,(R) u_core_gen_pd_row[2].gen_pd_col[0].u_pd/hit_latched_reg/C,(F) u_core_gen_pd_row[2].gen_pd_col[0].u_pd/nfast_hit_latched_reg[4]/D
OSC_FAST_REAL,/home/validmgr/ksabra/2026_SPAD/SPADMIC/results/genus_osc_pd/20260602_o4_muxless_tags_r600_o4_r600_closure/timing_fast_count_to_nfast_hit.rpt,40,VIOLATED,-1316,clk_osc_fast,clk_osc_fast,clk_osc_fast,(R) u_core_gen_pd_row[2].gen_pd_col[0].u_pd/hit_latched_reg/C,(F) u_core_gen_pd_row[2].gen_pd_col[0].u_pd/nfast_hit_latched_reg[5]/D
OSC_FAST_REAL,/home/validmgr/ksabra/2026_SPAD/SPADMIC/results/genus_osc_pd/20260602_o4_muxless_tags_r600_o4_r600_closure/timing_fast_count_to_nfast_hit.rpt,41,VIOLATED,-1316,clk_osc_fast,clk_osc_fast,clk_osc_fast,(R) u_core_gen_pd_row[2].gen_pd_col[0].u_pd/hit_latched_reg/C,(F) u_core_gen_pd_row[2].gen_pd_col[0].u_pd/nfast_hit_latched_reg[2]/D
OSC_FAST_REAL,/home/validmgr/ksabra/2026_SPAD/SPADMIC/results/genus_osc_pd/20260602_o4_muxless_tags_r600_o4_r600_closure/timing_fast_count_to_nfast_hit.rpt,42,VIOLATED,-1316,clk_osc_fast,clk_osc_fast,clk_osc_fast,(R) u_core_gen_pd_row[2].gen_pd_col[0].u_pd/hit_latched_reg/C,(F) u_core_gen_pd_row[2].gen_pd_col[0].u_pd/nfast_hit_latched_reg[1]/D
OSC_FAST_REAL,/home/validmgr/ksabra/2026_SPAD/SPADMIC/results/genus_osc_pd/20260602_o4_muxless_tags_r600_o4_r600_closure/timing_fast_count_to_nfast_hit.rpt,43,VIOLATED,-1316,clk_osc_fast,clk_osc_fast,clk_osc_fast,(R) u_core_gen_pd_row[4].gen_pd_col[0].u_pd/hit_latched_reg/C,(F) u_core_gen_pd_row[4].gen_pd_col[0].u_pd/nfast_hit_latched_reg[6]/D
OSC_FAST_REAL,/home/validmgr/ksabra/2026_SPAD/SPADMIC/results/genus_osc_pd/20260602_o4_muxless_tags_r600_o4_r600_closure/timing_fast_count_to_nfast_hit.rpt,44,VIOLATED,-1316,clk_osc_fast,clk_osc_fast,clk_osc_fast,(R) u_core_gen_pd_row[4].gen_pd_col[0].u_pd/hit_latched_reg/C,(F) u_core_gen_pd_row[4].gen_pd_col[0].u_pd/nfast_hit_latched_reg[3]/D
OSC_FAST_REAL,/home/validmgr/ksabra/2026_SPAD/SPADMIC/results/genus_osc_pd/20260602_o4_muxless_tags_r600_o4_r600_closure/timing_fast_count_to_nfast_hit.rpt,45,VIOLATED,-1316,clk_osc_fast,clk_osc_fast,clk_osc_fast,(R) u_core_gen_pd_row[4].gen_pd_col[0].u_pd/hit_latched_reg/C,(F) u_core_gen_pd_row[4].gen_pd_col[0].u_pd/nfast_hit_latched_reg[5]/D
OSC_FAST_REAL,/home/validmgr/ksabra/2026_SPAD/SPADMIC/results/genus_osc_pd/20260602_o4_muxless_tags_r600_o4_r600_closure/timing_fast_count_to_nfast_hit.rpt,46,VIOLATED,-1316,clk_osc_fast,clk_osc_fast,clk_osc_fast,(R) u_core_gen_pd_row[4].gen_pd_col[0].u_pd/hit_latched_reg/C,(F) u_core_gen_pd_row[4].gen_pd_col[0].u_pd/nfast_hit_latched_reg[2]/D
OSC_FAST_REAL,/home/validmgr/ksabra/2026_SPAD/SPADMIC/results/genus_osc_pd/20260602_o4_muxless_tags_r600_o4_r600_closure/timing_fast_count_to_nfast_hit.rpt,47,VIOLATED,-1316,clk_osc_fast,clk_osc_fast,clk_osc_fast,(R) u_core_gen_pd_row[4].gen_pd_col[0].u_pd/hit_latched_reg/C,(F) u_core_gen_pd_row[4].gen_pd_col[0].u_pd/nfast_hit_latched_reg[0]/D
OSC_FAST_REAL,/home/validmgr/ksabra/2026_SPAD/SPADMIC/results/genus_osc_pd/20260602_o4_muxless_tags_r600_o4_r600_closure/timing_fast_count_to_nfast_hit.rpt,48,VIOLATED,-1316,clk_osc_fast,clk_osc_fast,clk_osc_fast,(R) u_core_gen_pd_row[4].gen_pd_col[0].u_pd/hit_latched_reg/C,(F) u_core_gen_pd_row[4].gen_pd_col[0].u_pd/nfast_hit_latched_reg[1]/D
OSC_FAST_REAL,/home/validmgr/ksabra/2026_SPAD/SPADMIC/results/genus_osc_pd/20260602_o4_muxless_tags_r600_o4_r600_closure/timing_fast_count_to_nfast_hit.rpt,49,VIOLATED,-1316,clk_osc_fast,clk_osc_fast,clk_osc_fast,(R) u_core_gen_pd_row[1].gen_pd_col[0].u_pd/hit_latched_reg/C,(F) u_core_gen_pd_row[1].gen_pd_col[0].u_pd/nfast_hit_latched_reg[4]/D
OSC_FAST_REAL,/home/validmgr/ksabra/2026_SPAD/SPADMIC/results/genus_osc_pd/20260602_o4_muxless_tags_r600_o4_r600_closure/timing_fast_count_to_nfast_hit.rpt,50,VIOLATED,-1316,clk_osc_fast,clk_osc_fast,clk_osc_fast,(R) u_core_gen_pd_row[1].gen_pd_col[0].u_pd/hit_latched_reg/C,(F) u_core_gen_pd_row[1].gen_pd_col[0].u_pd/nfast_hit_latched_reg[5]/D
OSC_FAST_REAL,/home/validmgr/ksabra/2026_SPAD/SPADMIC/results/genus_osc_pd/20260602_o4_muxless_tags_r600_o4_r600_closure/timing_fast_count_to_nfast_hit.rpt,51,VIOLATED,-1316,clk_osc_fast,clk_osc_fast,clk_osc_fast,(R) u_core_gen_pd_row[0].gen_pd_col[0].u_pd/hit_latched_reg/C,(F) u_core_gen_pd_row[0].gen_pd_col[0].u_pd/nfast_hit_latched_reg[4]/D
OSC_FAST_REAL,/home/validmgr/ksabra/2026_SPAD/SPADMIC/results/genus_osc_pd/20260602_o4_muxless_tags_r600_o4_r600_closure/timing_fast_count_to_nfast_hit.rpt,52,VIOLATED,-1316,clk_osc_fast,clk_osc_fast,clk_osc_fast,(R) u_core_gen_pd_row[7].gen_pd_col[0].u_pd/hit_latched_reg/C,(F) u_core_gen_pd_row[7].gen_pd_col[0].u_pd/nfast_hit_latched_reg[0]/D
OSC_FAST_REAL,/home/validmgr/ksabra/2026_SPAD/SPADMIC/results/genus_osc_pd/20260602_o4_muxless_tags_r600_o4_r600_closure/timing_fast_count_to_nfast_hit.rpt,53,VIOLATED,-1316,clk_osc_fast,clk_osc_fast,clk_osc_fast,(R) u_core_gen_pd_row[5].gen_pd_col[0].u_pd/hit_latched_reg/C,(F) u_core_gen_pd_row[5].gen_pd_col[0].u_pd/nfast_hit_latched_reg[2]/D
OSC_FAST_REAL,/home/validmgr/ksabra/2026_SPAD/SPADMIC/results/genus_osc_pd/20260602_o4_muxless_tags_r600_o4_r600_closure/timing_fast_count_to_nfast_hit.rpt,54,VIOLATED,-1316,clk_osc_fast,clk_osc_fast,clk_osc_fast,(R) u_core_gen_pd_row[3].gen_pd_col[0].u_pd/hit_latched_reg/C,(F) u_core_gen_pd_row[3].gen_pd_col[0].u_pd/nfast_hit_latched_reg[3]/D
OSC_FAST_REAL,/home/validmgr/ksabra/2026_SPAD/SPADMIC/results/genus_osc_pd/20260602_o4_muxless_tags_r600_o4_r600_closure/timing_fast_count_to_nfast_hit.rpt,55,VIOLATED,-1316,clk_osc_fast,clk_osc_fast,clk_osc_fast,(R) u_core_gen_pd_row[2].gen_pd_col[0].u_pd/hit_latched_reg/C,(F) u_core_gen_pd_row[2].gen_pd_col[0].u_pd/nfast_hit_latched_reg[0]/D
OSC_FAST_REAL,/home/validmgr/ksabra/2026_SPAD/SPADMIC/results/genus_osc_pd/20260602_o4_muxless_tags_r600_o4_r600_closure/timing_fast_count_to_nfast_hit.rpt,56,VIOLATED,-1316,clk_osc_fast,clk_osc_fast,clk_osc_fast,(R) u_core_gen_pd_row[4].gen_pd_col[0].u_pd/hit_latched_reg/C,(F) u_core_gen_pd_row[4].gen_pd_col[0].u_pd/nfast_hit_latched_reg[4]/D
CLK_SYS_REAL,/home/validmgr/ksabra/2026_SPAD/SPADMIC/results/genus_osc_pd/20260602_o4_muxless_tags_r600_o4_r600_closure/timing_clk_sys_violations.rpt,1,VIOLATED,-765,clk_sys,clk_sys,clk_sys,(R) u_core_u_drain_ctrl_drain_ctx_q_reg[0]/C,(R) u_core_u_drain_ctrl_emit_wr_data_q_reg[meta][stop_slow_phase_disc][1]/D
CLK_SYS_REAL,/home/validmgr/ksabra/2026_SPAD/SPADMIC/results/genus_osc_pd/20260602_o4_muxless_tags_r600_o4_r600_closure/timing_clk_sys_violations.rpt,2,VIOLATED,-765,clk_sys,clk_sys,clk_sys,(R) u_core_u_drain_ctrl_drain_ctx_q_reg[0]/C,(R) u_core_u_drain_ctrl_emit_wr_data_q_reg[meta][stop_slow_phase_disc][0]/D
CLK_SYS_REAL,/home/validmgr/ksabra/2026_SPAD/SPADMIC/results/genus_osc_pd/20260602_o4_muxless_tags_r600_o4_r600_closure/timing_clk_sys_violations.rpt,3,VIOLATED,-765,clk_sys,clk_sys,clk_sys,(R) u_core_u_drain_ctrl_drain_ctx_q_reg[0]/C,(R) u_core_u_drain_ctrl_emit_wr_data_q_reg[meta][phase0_snap]/D
CLK_SYS_REAL,/home/validmgr/ksabra/2026_SPAD/SPADMIC/results/genus_osc_pd/20260602_o4_muxless_tags_r600_o4_r600_closure/timing_clk_sys_violations.rpt,4,VIOLATED,-765,clk_sys,clk_sys,clk_sys,(R) u_core_u_drain_ctrl_drain_ctx_q_reg[0]/C,(R) u_core_u_drain_ctrl_emit_wr_data_q_reg[meta][nslow][4]/D
CLK_SYS_REAL,/home/validmgr/ksabra/2026_SPAD/SPADMIC/results/genus_osc_pd/20260602_o4_muxless_tags_r600_o4_r600_closure/timing_clk_sys_violations.rpt,5,VIOLATED,-765,clk_sys,clk_sys,clk_sys,(R) u_core_u_drain_ctrl_drain_ctx_q_reg[0]/C,(R) u_core_u_drain_ctrl_emit_wr_data_q_reg[meta][nslow][3]/D
CLK_SYS_REAL,/home/validmgr/ksabra/2026_SPAD/SPADMIC/results/genus_osc_pd/20260602_o4_muxless_tags_r600_o4_r600_closure/timing_clk_sys_violations.rpt,6,VIOLATED,-765,clk_sys,clk_sys,clk_sys,(R) u_core_u_drain_ctrl_drain_ctx_q_reg[0]/C,(R) u_core_u_drain_ctrl_emit_wr_data_q_reg[meta][nslow][2]/D
CLK_SYS_REAL,/home/validmgr/ksabra/2026_SPAD/SPADMIC/results/genus_osc_pd/20260602_o4_muxless_tags_r600_o4_r600_closure/timing_clk_sys_violations.rpt,7,VIOLATED,-765,clk_sys,clk_sys,clk_sys,(R) u_core_u_drain_ctrl_drain_ctx_q_reg[0]/C,(R) u_core_u_drain_ctrl_emit_wr_data_q_reg[meta][nslow][1]/D
CLK_SYS_REAL,/home/validmgr/ksabra/2026_SPAD/SPADMIC/results/genus_osc_pd/20260602_o4_muxless_tags_r600_o4_r600_closure/timing_clk_sys_violations.rpt,8,VIOLATED,-765,clk_sys,clk_sys,clk_sys,(R) u_core_u_drain_ctrl_drain_ctx_q_reg[0]/C,(R) u_core_u_drain_ctrl_emit_wr_data_q_reg[meta][nslow][0]/D
CLK_SYS_REAL,/home/validmgr/ksabra/2026_SPAD/SPADMIC/results/genus_osc_pd/20260602_o4_muxless_tags_r600_o4_r600_closure/timing_clk_sys_violations.rpt,9,VIOLATED,-765,clk_sys,clk_sys,clk_sys,(R) u_core_u_drain_ctrl_drain_ctx_q_reg[0]/C,(R) u_core_u_drain_ctrl_emit_wr_data_q_reg[meta][nfast][6]/D
CLK_SYS_REAL,/home/validmgr/ksabra/2026_SPAD/SPADMIC/results/genus_osc_pd/20260602_o4_muxless_tags_r600_o4_r600_closure/timing_clk_sys_violations.rpt,10,VIOLATED,-765,clk_sys,clk_sys,clk_sys,(R) u_core_u_drain_ctrl_drain_ctx_q_reg[0]/C,(R) u_core_u_drain_ctrl_emit_wr_data_q_reg[meta][nfast][5]/D
CLK_SYS_REAL,/home/validmgr/ksabra/2026_SPAD/SPADMIC/results/genus_osc_pd/20260602_o4_muxless_tags_r600_o4_r600_closure/timing_clk_sys_violations.rpt,11,VIOLATED,-765,clk_sys,clk_sys,clk_sys,(R) u_core_u_drain_ctrl_drain_ctx_q_reg[0]/C,(R) u_core_u_drain_ctrl_emit_wr_data_q_reg[meta][nfast][4]/D
CLK_SYS_REAL,/home/validmgr/ksabra/2026_SPAD/SPADMIC/results/genus_osc_pd/20260602_o4_muxless_tags_r600_o4_r600_closure/timing_clk_sys_violations.rpt,12,VIOLATED,-765,clk_sys,clk_sys,clk_sys,(R) u_core_u_drain_ctrl_drain_ctx_q_reg[0]/C,(R) u_core_u_drain_ctrl_emit_wr_data_q_reg[meta][hit_count][1]/D
CLK_SYS_REAL,/home/validmgr/ksabra/2026_SPAD/SPADMIC/results/genus_osc_pd/20260602_o4_muxless_tags_r600_o4_r600_closure/timing_clk_sys_violations.rpt,13,VIOLATED,-765,clk_sys,clk_sys,clk_sys,(R) u_core_u_drain_ctrl_drain_ctx_q_reg[0]/C,(R) u_core_u_drain_ctrl_emit_wr_data_q_reg[meta][hit_count][0]/D
CLK_SYS_REAL,/home/validmgr/ksabra/2026_SPAD/SPADMIC/results/genus_osc_pd/20260602_o4_muxless_tags_r600_o4_r600_closure/timing_clk_sys_violations.rpt,14,VIOLATED,-765,clk_sys,clk_sys,clk_sys,(R) u_core_u_drain_ctrl_drain_ctx_q_reg[0]/C,(R) u_core_u_drain_ctrl_emit_wr_data_q_reg[meta][flags][closed_by_watchdog]/D
CLK_SYS_REAL,/home/validmgr/ksabra/2026_SPAD/SPADMIC/results/genus_osc_pd/20260602_o4_muxless_tags_r600_o4_r600_closure/timing_clk_sys_violations.rpt,15,VIOLATED,-765,clk_sys,clk_sys,clk_sys,(R) u_core_u_drain_ctrl_drain_ctx_q_reg[0]/C,(R) u_core_u_drain_ctrl_emit_wr_data_q_reg[meta][flags][closed_by_maxhits]/D
CLK_SYS_REAL,/home/validmgr/ksabra/2026_SPAD/SPADMIC/results/genus_osc_pd/20260602_o4_muxless_tags_r600_o4_r600_closure/timing_clk_sys_violations.rpt,16,VIOLATED,-765,clk_sys,clk_sys,clk_sys,(R) u_core_u_drain_ctrl_drain_ctx_q_reg[0]/C,(R) u_core_u_drain_ctrl_emit_wr_data_q_reg[meta][flags][closed_by_fast_maxhit]/D
CLK_SYS_REAL,/home/validmgr/ksabra/2026_SPAD/SPADMIC/results/genus_osc_pd/20260602_o4_muxless_tags_r600_o4_r600_closure/timing_clk_sys_violations.rpt,17,VIOLATED,-764,clk_sys,clk_sys,clk_sys,(R) u_core_u_drain_ctrl_drain_ctx_q_reg[0]/C,(F) u_core_u_drain_ctrl_emit_wr_data_q_reg[hit][nfast][2]/D
CLK_SYS_REAL,/home/validmgr/ksabra/2026_SPAD/SPADMIC/results/genus_osc_pd/20260602_o4_muxless_tags_r600_o4_r600_closure/timing_clk_sys_violations.rpt,18,VIOLATED,-763,clk_sys,clk_sys,clk_sys,(R) u_core_u_drain_ctrl_drain_ctx_q_reg[0]/C,(R) u_core_u_drain_ctrl_emit_wr_data_q_reg[hit][event_seq][0]/D
CLK_SYS_REAL,/home/validmgr/ksabra/2026_SPAD/SPADMIC/results/genus_osc_pd/20260602_o4_muxless_tags_r600_o4_r600_closure/timing_clk_sys_violations.rpt,19,VIOLATED,-763,clk_sys,clk_sys,clk_sys,(R) u_core_u_drain_ctrl_drain_ctx_q_reg[0]/C,(F) u_core_u_drain_ctrl_emit_wr_data_q_reg[hit][nfast][5]/D
CLK_SYS_REAL,/home/validmgr/ksabra/2026_SPAD/SPADMIC/results/genus_osc_pd/20260602_o4_muxless_tags_r600_o4_r600_closure/timing_clk_sys_violations.rpt,20,VIOLATED,-763,clk_sys,clk_sys,clk_sys,(R) u_core_u_drain_ctrl_drain_ctx_q_reg[0]/C,(F) u_core_u_drain_ctrl_emit_wr_data_q_reg[hit][nfast][1]/D
CLK_SYS_REAL,/home/validmgr/ksabra/2026_SPAD/SPADMIC/results/genus_osc_pd/20260602_o4_muxless_tags_r600_o4_r600_closure/timing_clk_sys_violations.rpt,21,VIOLATED,-759,clk_sys,clk_sys,clk_sys,(R) u_core_u_drain_ctrl_drain_ctx_q_reg[0]/C,(F) u_core_u_drain_ctrl_event_seq_q_reg[1]/D
CLK_SYS_REAL,/home/validmgr/ksabra/2026_SPAD/SPADMIC/results/genus_osc_pd/20260602_o4_muxless_tags_r600_o4_r600_closure/timing_clk_sys_violations.rpt,22,VIOLATED,-752,clk_sys,clk_sys,clk_sys,(R) u_core_u_drain_ctrl_drain_ctx_q_reg[0]/C,(F) u_core_u_drain_ctrl_pd_scan_q_reg[3]/D
CLK_SYS_REAL,/home/validmgr/ksabra/2026_SPAD/SPADMIC/results/genus_osc_pd/20260602_o4_muxless_tags_r600_o4_r600_closure/timing_clk_sys_violations.rpt,23,VIOLATED,-752,clk_sys,clk_sys,clk_sys,(R) u_core_u_drain_ctrl_drain_ctx_q_reg[0]/C,(F) u_core_u_drain_ctrl_emit_wr_data_q_reg[hit][nfast][6]/D
CLK_SYS_REAL,/home/validmgr/ksabra/2026_SPAD/SPADMIC/results/genus_osc_pd/20260602_o4_muxless_tags_r600_o4_r600_closure/timing_clk_sys_violations.rpt,24,VIOLATED,-752,clk_sys,clk_sys,clk_sys,(R) u_core_u_drain_ctrl_drain_ctx_q_reg[0]/C,(F) u_core_u_drain_ctrl_emit_wr_data_q_reg[hit][nfast][4]/D
CLK_SYS_REAL,/home/validmgr/ksabra/2026_SPAD/SPADMIC/results/genus_osc_pd/20260602_o4_muxless_tags_r600_o4_r600_closure/timing_clk_sys_violations.rpt,25,VIOLATED,-752,clk_sys,clk_sys,clk_sys,(R) u_core_u_drain_ctrl_drain_ctx_q_reg[0]/C,(F) u_core_u_drain_ctrl_emit_wr_data_q_reg[hit][nfast][0]/D
CLK_SYS_REAL,/home/validmgr/ksabra/2026_SPAD/SPADMIC/results/genus_osc_pd/20260602_o4_muxless_tags_r600_o4_r600_closure/timing_clk_sys_violations.rpt,26,VIOLATED,-751,clk_sys,clk_sys,clk_sys,(R) u_core_u_drain_ctrl_drain_ctx_q_reg[0]/C,(F) u_core_u_drain_ctrl_emit_wr_data_q_reg[hit][nf][1]/D
CLK_SYS_REAL,/home/validmgr/ksabra/2026_SPAD/SPADMIC/results/genus_osc_pd/20260602_o4_muxless_tags_r600_o4_r600_closure/timing_clk_sys_violations.rpt,27,VIOLATED,-751,clk_sys,clk_sys,clk_sys,(R) u_core_u_drain_ctrl_drain_ctx_q_reg[0]/C,(F) u_core_u_drain_ctrl_emit_wr_data_q_reg[hit][nf][0]/D
CLK_SYS_REAL,/home/validmgr/ksabra/2026_SPAD/SPADMIC/results/genus_osc_pd/20260602_o4_muxless_tags_r600_o4_r600_closure/timing_clk_sys_violations.rpt,28,VIOLATED,-751,clk_sys,clk_sys,clk_sys,(R) u_core_u_drain_ctrl_drain_ctx_q_reg[0]/C,(F) u_core_u_drain_ctrl_emit_wr_data_q_reg[hit][nf][2]/D
CLK_SYS_REAL,/home/validmgr/ksabra/2026_SPAD/SPADMIC/results/genus_osc_pd/20260602_o4_muxless_tags_r600_o4_r600_closure/timing_clk_sys_violations.rpt,29,VIOLATED,-751,clk_sys,clk_sys,clk_sys,(R) u_core_u_drain_ctrl_drain_ctx_q_reg[0]/C,(F) u_core_u_drain_ctrl_emit_wr_data_q_reg[hit][event_seq][1]/D
CLK_SYS_REAL,/home/validmgr/ksabra/2026_SPAD/SPADMIC/results/genus_osc_pd/20260602_o4_muxless_tags_r600_o4_r600_closure/timing_clk_sys_violations.rpt,30,VIOLATED,-749,clk_sys,clk_sys,clk_sys,(R) u_core_u_drain_ctrl_drain_ctx_q_reg[0]/C,(F) u_core_u_drain_ctrl_emit_wr_data_q_reg[meta][stop_slow_phase_disc][2]/D
CLK_SYS_REAL,/home/validmgr/ksabra/2026_SPAD/SPADMIC/results/genus_osc_pd/20260602_o4_muxless_tags_r600_o4_r600_closure/timing_clk_sys_violations.rpt,31,VIOLATED,-749,clk_sys,clk_sys,clk_sys,(R) u_core_u_drain_ctrl_drain_ctx_q_reg[0]/C,(F) u_core_u_drain_ctrl_emit_wr_data_q_reg[meta][nslow][6]/D
CLK_SYS_REAL,/home/validmgr/ksabra/2026_SPAD/SPADMIC/results/genus_osc_pd/20260602_o4_muxless_tags_r600_o4_r600_closure/timing_clk_sys_violations.rpt,32,VIOLATED,-749,clk_sys,clk_sys,clk_sys,(R) u_core_u_drain_ctrl_drain_ctx_q_reg[0]/C,(F) u_core_u_drain_ctrl_emit_wr_data_q_reg[meta][nslow][5]/D
CLK_SYS_REAL,/home/validmgr/ksabra/2026_SPAD/SPADMIC/results/genus_osc_pd/20260602_o4_muxless_tags_r600_o4_r600_closure/timing_clk_sys_violations.rpt,33,VIOLATED,-749,clk_sys,clk_sys,clk_sys,(R) u_core_u_drain_ctrl_drain_ctx_q_reg[0]/C,(F) u_core_u_drain_ctrl_emit_wr_data_q_reg[meta][nfast][3]/D
CLK_SYS_REAL,/home/validmgr/ksabra/2026_SPAD/SPADMIC/results/genus_osc_pd/20260602_o4_muxless_tags_r600_o4_r600_closure/timing_clk_sys_violations.rpt,34,VIOLATED,-749,clk_sys,clk_sys,clk_sys,(R) u_core_u_drain_ctrl_drain_ctx_q_reg[0]/C,(F) u_core_u_drain_ctrl_emit_wr_data_q_reg[meta][nfast][2]/D
CLK_SYS_REAL,/home/validmgr/ksabra/2026_SPAD/SPADMIC/results/genus_osc_pd/20260602_o4_muxless_tags_r600_o4_r600_closure/timing_clk_sys_violations.rpt,35,VIOLATED,-749,clk_sys,clk_sys,clk_sys,(R) u_core_u_drain_ctrl_drain_ctx_q_reg[0]/C,(F) u_core_u_drain_ctrl_emit_wr_data_q_reg[meta][nfast][1]/D
CLK_SYS_REAL,/home/validmgr/ksabra/2026_SPAD/SPADMIC/results/genus_osc_pd/20260602_o4_muxless_tags_r600_o4_r600_closure/timing_clk_sys_violations.rpt,36,VIOLATED,-749,clk_sys,clk_sys,clk_sys,(R) u_core_u_drain_ctrl_drain_ctx_q_reg[0]/C,(F) u_core_u_drain_ctrl_emit_wr_data_q_reg[meta][nfast][0]/D
CLK_SYS_REAL,/home/validmgr/ksabra/2026_SPAD/SPADMIC/results/genus_osc_pd/20260602_o4_muxless_tags_r600_o4_r600_closure/timing_clk_sys_violations.rpt,37,VIOLATED,-749,clk_sys,clk_sys,clk_sys,(R) u_core_u_drain_ctrl_drain_ctx_q_reg[0]/C,(F) u_core_u_drain_ctrl_emit_wr_data_q_reg[meta][hit_count][3]/D
CLK_SYS_REAL,/home/validmgr/ksabra/2026_SPAD/SPADMIC/results/genus_osc_pd/20260602_o4_muxless_tags_r600_o4_r600_closure/timing_clk_sys_violations.rpt,38,VIOLATED,-749,clk_sys,clk_sys,clk_sys,(R) u_core_u_drain_ctrl_drain_ctx_q_reg[0]/C,(F) u_core_u_drain_ctrl_emit_wr_data_q_reg[meta][hit_count][2]/D
CLK_SYS_REAL,/home/validmgr/ksabra/2026_SPAD/SPADMIC/results/genus_osc_pd/20260602_o4_muxless_tags_r600_o4_r600_closure/timing_clk_sys_violations.rpt,39,VIOLATED,-749,clk_sys,clk_sys,clk_sys,(R) u_core_u_drain_ctrl_drain_ctx_q_reg[0]/C,(F) u_core_u_drain_ctrl_event_seq_q_reg[3]/D
CLK_SYS_REAL,/home/validmgr/ksabra/2026_SPAD/SPADMIC/results/genus_osc_pd/20260602_o4_muxless_tags_r600_o4_r600_closure/timing_clk_sys_violations.rpt,40,VIOLATED,-736,clk_sys,clk_sys,clk_sys,(R) u_core_u_drain_ctrl_drain_ctx_q_reg[0]/C,(F) u_core_u_drain_ctrl_event_seq_q_reg[2]/D
CLK_SYS_REAL,/home/validmgr/ksabra/2026_SPAD/SPADMIC/results/genus_osc_pd/20260602_o4_muxless_tags_r600_o4_r600_closure/timing_clk_sys_violations.rpt,41,VIOLATED,-736,clk_sys,clk_sys,clk_sys,(R) u_core_u_drain_ctrl_drain_ctx_q_reg[0]/C,(R) u_core_u_drain_ctrl_emit_wr_data_q_reg[hit][ns][0]/D
CLK_SYS_REAL,/home/validmgr/ksabra/2026_SPAD/SPADMIC/results/genus_osc_pd/20260602_o4_muxless_tags_r600_o4_r600_closure/timing_clk_sys_violations.rpt,42,VIOLATED,-736,clk_sys,clk_sys,clk_sys,(R) u_core_u_drain_ctrl_drain_ctx_q_reg[0]/C,(F) u_core_u_drain_ctrl_pd_scan_q_reg[2]/D
CLK_SYS_REAL,/home/validmgr/ksabra/2026_SPAD/SPADMIC/results/genus_osc_pd/20260602_o4_muxless_tags_r600_o4_r600_closure/timing_clk_sys_violations.rpt,43,VIOLATED,-735,clk_sys,clk_sys,clk_sys,(R) u_core_u_drain_ctrl_drain_ctx_q_reg[0]/C,(R) u_core_u_drain_ctrl_emit_wr_data_q_reg[hit][ns][1]/D
CLK_SYS_REAL,/home/validmgr/ksabra/2026_SPAD/SPADMIC/results/genus_osc_pd/20260602_o4_muxless_tags_r600_o4_r600_closure/timing_clk_sys_violations.rpt,44,VIOLATED,-735,clk_sys,clk_sys,clk_sys,(R) u_core_u_drain_ctrl_drain_ctx_q_reg[0]/C,(R) u_core_u_drain_ctrl_emit_wr_data_q_reg[hit][event_seq][3]/D
CLK_SYS_REAL,/home/validmgr/ksabra/2026_SPAD/SPADMIC/results/genus_osc_pd/20260602_o4_muxless_tags_r600_o4_r600_closure/timing_clk_sys_violations.rpt,45,VIOLATED,-728,clk_sys,clk_sys,clk_sys,(R) u_core_u_drain_ctrl_drain_ctx_q_reg[0]/C,(R) u_core_u_drain_ctrl_emit_wr_data_q_reg[hit][ns][2]/D
CLK_SYS_REAL,/home/validmgr/ksabra/2026_SPAD/SPADMIC/results/genus_osc_pd/20260602_o4_muxless_tags_r600_o4_r600_closure/timing_clk_sys_violations.rpt,46,VIOLATED,-718,clk_sys,clk_sys,clk_sys,(R) u_core_u_meas_ctrl_row_cnt_q_reg[7][3]/C,(F) u_core_u_meas_ctrl_total_hits_q_reg[6]/D
CLK_SYS_REAL,/home/validmgr/ksabra/2026_SPAD/SPADMIC/results/genus_osc_pd/20260602_o4_muxless_tags_r600_o4_r600_closure/timing_clk_sys_violations.rpt,47,VIOLATED,-714,clk_sys,clk_sys,clk_sys,(R) u_core_u_meas_ctrl_row_cnt_q_reg[7][3]/C,(F) u_core_u_meas_ctrl_total_hits_q_reg[5]/D
CLK_SYS_REAL,/home/validmgr/ksabra/2026_SPAD/SPADMIC/results/genus_osc_pd/20260602_o4_muxless_tags_r600_o4_r600_closure/timing_clk_sys_violations.rpt,48,VIOLATED,-713,clk_sys,clk_sys,clk_sys,(R) u_core_u_drain_ctrl_pd_scan_q_reg[0]/C,(F) u_core_u_drain_ctrl_pd_scan_q_reg[4]/D
CLK_SYS_REAL,/home/validmgr/ksabra/2026_SPAD/SPADMIC/results/genus_osc_pd/20260602_o4_muxless_tags_r600_o4_r600_closure/timing_clk_sys_violations.rpt,49,VIOLATED,-708,clk_sys,clk_sys,clk_sys,(R) u_core_u_drain_ctrl_drain_ctx_q_reg[0]/C,(R) u_core_u_drain_ctrl_emit_wr_data_q_reg[hit][event_seq][2]/D
CLK_SYS_REAL,/home/validmgr/ksabra/2026_SPAD/SPADMIC/results/genus_osc_pd/20260602_o4_muxless_tags_r600_o4_r600_closure/timing_clk_sys_violations.rpt,50,VIOLATED,-673,clk_sys,clk_sys,clk_sys,(R) u_core_u_drain_ctrl_pd_scan_q_reg[0]/C,(F) u_core_u_drain_ctrl_pd_scan_q_reg[1]/D
CLK_SYS_REAL,/home/validmgr/ksabra/2026_SPAD/SPADMIC/results/genus_osc_pd/20260602_o4_muxless_tags_r600_o4_r600_closure/timing_clk_sys_violations.rpt,51,VIOLATED,-673,clk_sys,clk_sys,clk_sys,(R) u_core_u_drain_ctrl_drain_ctx_q_reg[0]/C,(F) u_core_u_drain_ctrl_emit_wr_data_q_reg[hit][nfast][3]/D
CLK_SYS_REAL,/home/validmgr/ksabra/2026_SPAD/SPADMIC/results/genus_osc_pd/20260602_o4_muxless_tags_r600_o4_r600_closure/timing_clk_sys_violations.rpt,52,VIOLATED,-668,clk_sys,clk_sys,clk_sys,(R) u_core_u_meas_ctrl_row_cnt_q_reg[7][3]/C,(R) u_core_u_meas_ctrl_total_hits_q_reg[3]/D
CLK_SYS_REAL,/home/validmgr/ksabra/2026_SPAD/SPADMIC/results/genus_osc_pd/20260602_o4_muxless_tags_r600_o4_r600_closure/timing_clk_sys_violations.rpt,53,VIOLATED,-661,clk_sys,clk_sys,clk_sys,(R) u_core_u_drain_ctrl_drain_ctx_q_reg[0]/C,(F) u_core_u_drain_ctrl_pd_scan_q_reg[5]/D
CLK_SYS_REAL,/home/validmgr/ksabra/2026_SPAD/SPADMIC/results/genus_osc_pd/20260602_o4_muxless_tags_r600_o4_r600_closure/timing_clk_sys_violations.rpt,54,VIOLATED,-650,clk_sys,clk_sys,clk_sys,(R) u_core_u_meas_ctrl_row_cnt_q_reg[5][1]/C,(F) u_core_u_meas_ctrl_total_hits_q_reg[4]/D
CLK_SYS_REAL,/home/validmgr/ksabra/2026_SPAD/SPADMIC/results/genus_osc_pd/20260602_o4_muxless_tags_r600_o4_r600_closure/timing_clk_sys_violations.rpt,55,VIOLATED,-611,clk_sys,clk_sys,clk_sys,(R) u_core_u_drain_ctrl_pd_scan_q_reg[0]/C,(F) u_core_u_drain_ctrl_pd_scan_q_reg[0]/D
CLK_SYS_REAL,/home/validmgr/ksabra/2026_SPAD/SPADMIC/results/genus_osc_pd/20260602_o4_muxless_tags_r600_o4_r600_closure/timing_clk_sys_violations.rpt,56,VIOLATED,-560,clk_sys,clk_sys,clk_sys,(R) u_core_u_drain_ctrl_drain_ctx_q_reg[0]/C,(F) u_core_u_drain_ctrl_state_q_reg[0]/D
CLK_SYS_REAL,/home/validmgr/ksabra/2026_SPAD/SPADMIC/results/genus_osc_pd/20260602_o4_muxless_tags_r600_o4_r600_closure/timing_clk_sys_violations.rpt,57,VIOLATED,-546,clk_sys,clk_sys,clk_sys,(R) u_core_u_drain_ctrl_drain_ctx_q_reg[0]/C,(F) u_core_u_drain_ctrl_event_seq_q_reg[0]/D
CLK_SYS_REAL,/home/validmgr/ksabra/2026_SPAD/SPADMIC/results/genus_osc_pd/20260602_o4_muxless_tags_r600_o4_r600_closure/timing_clk_sys_violations.rpt,58,VIOLATED,-524,clk_sys,clk_sys,clk_sys,(R) u_core_u_drain_ctrl_drain_ctx_q_reg[0]/C,(F) u_core_u_drain_ctrl_emit_wr_data_q_reg[kind][0]/D
CLK_SYS_REAL,/home/validmgr/ksabra/2026_SPAD/SPADMIC/results/genus_osc_pd/20260602_o4_muxless_tags_r600_o4_r600_closure/timing_clk_sys_violations.rpt,59,VIOLATED,-181,clk_sys,clk_sys,clk_sys,(R) u_core_u_drain_ctrl_drain_ctx_q_reg[0]/C,(F) u_core_u_drain_ctrl_pd_scan_q_reg[6]/D
CLK_SYS_REAL,/home/validmgr/ksabra/2026_SPAD/SPADMIC/results/genus_osc_pd/20260602_o4_muxless_tags_r600_o4_r600_closure/timing_clk_sys_violations.rpt,60,VIOLATED,-47,clk_sys,clk_sys,clk_sys,(R) u_core_u_meas_ctrl_row_cnt_q_reg[5][1]/C,(R) u_core_u_meas_ctrl_total_hits_q_reg[2]/D
CLK_SYS_REAL,/home/validmgr/ksabra/2026_SPAD/SPADMIC/results/genus_osc_pd/20260602_o4_muxless_tags_r600_o4_r600_closure/timing_clk_sys_violations.rpt,61,VIOLATED,-42,clk_sys,clk_sys,clk_sys,(R) u_core_u_meas_ctrl_state_q_reg[1]/C,(F) u_core_u_hit_capture_bridge_snapshot_q_reg[hit_level][14]/D
CLK_SYS_REAL,/home/validmgr/ksabra/2026_SPAD/SPADMIC/results/genus_osc_pd/20260602_o4_muxless_tags_r600_o4_r600_closure/timing_clk_sys_violations.rpt,62,VIOLATED,-42,clk_sys,clk_sys,clk_sys,(R) u_core_u_meas_ctrl_state_q_reg[1]/C,(F) u_core_u_hit_capture_bridge_snapshot_q_reg[hit_level][25]/D
CLK_SYS_REAL,/home/validmgr/ksabra/2026_SPAD/SPADMIC/results/genus_osc_pd/20260602_o4_muxless_tags_r600_o4_r600_closure/timing_clk_sys_violations.rpt,63,VIOLATED,-42,clk_sys,clk_sys,clk_sys,(R) u_core_u_meas_ctrl_state_q_reg[1]/C,(F) u_core_u_hit_capture_bridge_snapshot_q_reg[hit_level][58]/D
CLK_SYS_REAL,/home/validmgr/ksabra/2026_SPAD/SPADMIC/results/genus_osc_pd/20260602_o4_muxless_tags_r600_o4_r600_closure/timing_clk_sys_violations.rpt,64,VIOLATED,-42,clk_sys,clk_sys,clk_sys,(R) u_core_u_meas_ctrl_state_q_reg[1]/C,(F) u_core_u_hit_capture_bridge_snapshot_q_reg[hit_level][56]/D
CLK_SYS_REAL,/home/validmgr/ksabra/2026_SPAD/SPADMIC/results/genus_osc_pd/20260602_o4_muxless_tags_r600_o4_r600_closure/timing_clk_sys_violations.rpt,65,VIOLATED,-42,clk_sys,clk_sys,clk_sys,(R) u_core_u_meas_ctrl_state_q_reg[1]/C,(F) u_core_u_hit_capture_bridge_snapshot_q_reg[hit_level][35]/D
CLK_SYS_REAL,/home/validmgr/ksabra/2026_SPAD/SPADMIC/results/genus_osc_pd/20260602_o4_muxless_tags_r600_o4_r600_closure/timing_clk_sys_violations.rpt,66,VIOLATED,-39,clk_sys,clk_sys,clk_sys,(R) u_core_u_meas_ctrl_state_q_reg[1]/C,(F) u_core_u_hit_capture_bridge_snapshot_q_reg[nfast_snap][6]/D
CLK_SYS_REAL,/home/validmgr/ksabra/2026_SPAD/SPADMIC/results/genus_osc_pd/20260602_o4_muxless_tags_r600_o4_r600_closure/timing_clk_sys_violations.rpt,67,VIOLATED,-37,clk_sys,clk_sys,clk_sys,(R) u_core_u_meas_ctrl_state_q_reg[1]/C,(F) u_core_u_hit_capture_bridge_snapshot_q_reg[hit_level][11]/D
CLK_SYS_REAL,/home/validmgr/ksabra/2026_SPAD/SPADMIC/results/genus_osc_pd/20260602_o4_muxless_tags_r600_o4_r600_closure/timing_clk_sys_violations.rpt,68,VIOLATED,-36,clk_sys,clk_sys,clk_sys,(R) u_core_u_meas_ctrl_state_q_reg[1]/C,(F) u_core_u_hit_capture_bridge_snapshot_q_reg[hit_level][51]/D
CLK_SYS_REAL,/home/validmgr/ksabra/2026_SPAD/SPADMIC/results/genus_osc_pd/20260602_o4_muxless_tags_r600_o4_r600_closure/timing_clk_sys_violations.rpt,69,VIOLATED,-34,clk_sys,clk_sys,clk_sys,(R) u_core_u_meas_ctrl_state_q_reg[0]/C,(F) u_core_u_meas_ctrl_row_cnt_q_reg[2][1]/D
CLK_SYS_REAL,/home/validmgr/ksabra/2026_SPAD/SPADMIC/results/genus_osc_pd/20260602_o4_muxless_tags_r600_o4_r600_closure/timing_clk_sys_violations.rpt,70,VIOLATED,-32,clk_sys,clk_sys,clk_sys,(R) u_core_u_meas_ctrl_state_q_reg[1]/C,(F) u_core_u_hit_capture_bridge_snapshot_q_reg[stop_slow_phase_disc][1]/D
CLK_SYS_REAL,/home/validmgr/ksabra/2026_SPAD/SPADMIC/results/genus_osc_pd/20260602_o4_muxless_tags_r600_o4_r600_closure/timing_clk_sys_violations.rpt,71,VIOLATED,-29,clk_sys,clk_sys,clk_sys,(R) u_core_u_meas_ctrl_state_q_reg[1]/C,(F) u_core_u_hit_capture_bridge_snapshot_q_reg[nfast_hit_packed][187]/D
CLK_SYS_REAL,/home/validmgr/ksabra/2026_SPAD/SPADMIC/results/genus_osc_pd/20260602_o4_muxless_tags_r600_o4_r600_closure/timing_clk_sys_violations.rpt,72,VIOLATED,-29,clk_sys,clk_sys,clk_sys,(R) u_core_u_meas_ctrl_state_q_reg[1]/C,(F) u_core_u_hit_capture_bridge_snapshot_q_reg[nfast_hit_packed][5]/D
CLK_SYS_REAL,/home/validmgr/ksabra/2026_SPAD/SPADMIC/results/genus_osc_pd/20260602_o4_muxless_tags_r600_o4_r600_closure/timing_clk_sys_violations.rpt,73,VIOLATED,-28,clk_sys,clk_sys,clk_sys,(R) u_core_u_meas_ctrl_state_q_reg[1]/C,(F) u_core_u_hit_capture_bridge_snapshot_q_reg[nfast_hit_packed][444]/D
CLK_SYS_REAL,/home/validmgr/ksabra/2026_SPAD/SPADMIC/results/genus_osc_pd/20260602_o4_muxless_tags_r600_o4_r600_closure/timing_clk_sys_violations.rpt,74,VIOLATED,-28,clk_sys,clk_sys,clk_sys,(R) u_core_u_meas_ctrl_state_q_reg[1]/C,(F) u_core_u_hit_capture_bridge_snapshot_q_reg[nfast_hit_packed][442]/D
CLK_SYS_REAL,/home/validmgr/ksabra/2026_SPAD/SPADMIC/results/genus_osc_pd/20260602_o4_muxless_tags_r600_o4_r600_closure/timing_clk_sys_violations.rpt,75,VIOLATED,-28,clk_sys,clk_sys,clk_sys,(R) u_core_u_meas_ctrl_state_q_reg[1]/C,(F) u_core_u_hit_capture_bridge_snapshot_q_reg[nfast_hit_packed][441]/D
CLK_SYS_REAL,/home/validmgr/ksabra/2026_SPAD/SPADMIC/results/genus_osc_pd/20260602_o4_muxless_tags_r600_o4_r600_closure/timing_clk_sys_violations.rpt,76,VIOLATED,-28,clk_sys,clk_sys,clk_sys,(R) u_core_u_meas_ctrl_state_q_reg[1]/C,(F) u_core_u_hit_capture_bridge_snapshot_q_reg[nfast_hit_packed][182]/D
CLK_SYS_REAL,/home/validmgr/ksabra/2026_SPAD/SPADMIC/results/genus_osc_pd/20260602_o4_muxless_tags_r600_o4_r600_closure/timing_clk_sys_violations.rpt,77,VIOLATED,-28,clk_sys,clk_sys,clk_sys,(R) u_core_u_meas_ctrl_state_q_reg[1]/C,(F) u_core_u_hit_capture_bridge_snapshot_q_reg[nfast_hit_packed][174]/D
CLK_SYS_REAL,/home/validmgr/ksabra/2026_SPAD/SPADMIC/results/genus_osc_pd/20260602_o4_muxless_tags_r600_o4_r600_closure/timing_clk_sys_violations.rpt,78,VIOLATED,-28,clk_sys,clk_sys,clk_sys,(R) u_core_u_meas_ctrl_state_q_reg[1]/C,(F) u_core_u_hit_capture_bridge_snapshot_q_reg[nfast_hit_packed][18]/D
CLK_SYS_REAL,/home/validmgr/ksabra/2026_SPAD/SPADMIC/results/genus_osc_pd/20260602_o4_muxless_tags_r600_o4_r600_closure/timing_clk_sys_violations.rpt,79,VIOLATED,-27,clk_sys,clk_sys,clk_sys,(R) u_core_u_meas_ctrl_state_q_reg[1]/C,(F) u_core_u_hit_capture_bridge_snapshot_q_reg[hit_level][53]/D
CLK_SYS_REAL,/home/validmgr/ksabra/2026_SPAD/SPADMIC/results/genus_osc_pd/20260602_o4_muxless_tags_r600_o4_r600_closure/timing_clk_sys_violations.rpt,80,VIOLATED,-26,clk_sys,clk_sys,clk_sys,(R) u_core_u_meas_ctrl_state_q_reg[0]/C,(F) u_core_u_meas_ctrl_row_cnt_q_reg[7][2]/D
CLK_SYS_REAL,/home/validmgr/ksabra/2026_SPAD/SPADMIC/results/genus_osc_pd/20260602_o4_muxless_tags_r600_o4_r600_closure/timing_clk_sys_violations.rpt,81,VIOLATED,-25,clk_sys,clk_sys,clk_sys,(R) u_core_u_meas_ctrl_state_q_reg[0]/C,(F) u_core_u_meas_ctrl_row_cnt_q_reg[4][2]/D
CLK_SYS_REAL,/home/validmgr/ksabra/2026_SPAD/SPADMIC/results/genus_osc_pd/20260602_o4_muxless_tags_r600_o4_r600_closure/timing_clk_sys_violations.rpt,82,VIOLATED,-25,clk_sys,clk_sys,clk_sys,(R) u_core_u_meas_ctrl_state_q_reg[0]/C,(F) u_core_u_meas_ctrl_row_cnt_q_reg[6][2]/D
CLK_SYS_REAL,/home/validmgr/ksabra/2026_SPAD/SPADMIC/results/genus_osc_pd/20260602_o4_muxless_tags_r600_o4_r600_closure/timing_clk_sys_violations.rpt,83,VIOLATED,-25,clk_sys,clk_sys,clk_sys,(R) u_core_u_meas_ctrl_state_q_reg[0]/C,(F) u_core_u_meas_ctrl_row_cnt_q_reg[5][2]/D
CLK_SYS_REAL,/home/validmgr/ksabra/2026_SPAD/SPADMIC/results/genus_osc_pd/20260602_o4_muxless_tags_r600_o4_r600_closure/timing_clk_sys_violations.rpt,84,VIOLATED,-25,clk_sys,clk_sys,clk_sys,(R) u_core_u_meas_ctrl_state_q_reg[0]/C,(F) u_core_u_meas_ctrl_row_cnt_q_reg[2][2]/D
CLK_SYS_REAL,/home/validmgr/ksabra/2026_SPAD/SPADMIC/results/genus_osc_pd/20260602_o4_muxless_tags_r600_o4_r600_closure/timing_clk_sys_violations.rpt,85,VIOLATED,-25,clk_sys,clk_sys,clk_sys,(R) u_core_u_meas_ctrl_state_q_reg[0]/C,(F) u_core_u_meas_ctrl_row_cnt_q_reg[3][2]/D
CLK_SYS_REAL,/home/validmgr/ksabra/2026_SPAD/SPADMIC/results/genus_osc_pd/20260602_o4_muxless_tags_r600_o4_r600_closure/timing_clk_sys_violations.rpt,86,VIOLATED,-25,clk_sys,clk_sys,clk_sys,(R) u_core_u_meas_ctrl_state_q_reg[0]/C,(F) u_core_u_meas_ctrl_row_cnt_q_reg[1][2]/D
CLK_SYS_REAL,/home/validmgr/ksabra/2026_SPAD/SPADMIC/results/genus_osc_pd/20260602_o4_muxless_tags_r600_o4_r600_closure/timing_clk_sys_violations.rpt,87,VIOLATED,-23,clk_sys,clk_sys,clk_sys,(R) u_core_u_fifo_rd_ptr_q_reg[1]/C,(F) acq_data_o[35]
CLK_SYS_REAL,/home/validmgr/ksabra/2026_SPAD/SPADMIC/results/genus_osc_pd/20260602_o4_muxless_tags_r600_o4_r600_closure/timing_clk_sys_violations.rpt,88,VIOLATED,-21,clk_sys,clk_sys,clk_sys,(R) u_core_u_fifo_rd_ptr_q_reg[1]/C,(F) acq_data_o[2]
CLK_SYS_REAL,/home/validmgr/ksabra/2026_SPAD/SPADMIC/results/genus_osc_pd/20260602_o4_muxless_tags_r600_o4_r600_closure/timing_clk_sys_violations.rpt,89,VIOLATED,-21,clk_sys,clk_sys,clk_sys,(R) u_core_u_fifo_rd_ptr_q_reg[1]/C,(F) acq_data_o[11]
CLK_SYS_REAL,/home/validmgr/ksabra/2026_SPAD/SPADMIC/results/genus_osc_pd/20260602_o4_muxless_tags_r600_o4_r600_closure/timing_clk_sys_violations.rpt,90,VIOLATED,-21,clk_sys,clk_sys,clk_sys,(R) u_core_u_fifo_rd_ptr_q_reg[1]/C,(F) acq_data_o[41]
CLK_SYS_REAL,/home/validmgr/ksabra/2026_SPAD/SPADMIC/results/genus_osc_pd/20260602_o4_muxless_tags_r600_o4_r600_closure/timing_clk_sys_violations.rpt,91,VIOLATED,-20,clk_sys,clk_sys,clk_sys,(R) u_core_u_meas_ctrl_state_q_reg[1]/C,(F) u_core_u_hit_capture_bridge_snapshot_q_reg[hit_level][36]/D
CLK_SYS_REAL,/home/validmgr/ksabra/2026_SPAD/SPADMIC/results/genus_osc_pd/20260602_o4_muxless_tags_r600_o4_r600_closure/timing_clk_sys_violations.rpt,92,VIOLATED,-20,clk_sys,clk_sys,clk_sys,(R) u_core_u_fifo_rd_ptr_q_reg[1]/C,(F) acq_data_o[46]
CLK_SYS_REAL,/home/validmgr/ksabra/2026_SPAD/SPADMIC/results/genus_osc_pd/20260602_o4_muxless_tags_r600_o4_r600_closure/timing_clk_sys_violations.rpt,93,VIOLATED,-18,clk_sys,clk_sys,clk_sys,(R) u_core_start_wdt_cnt_reg[4]/C,(R) u_core_start_wdt_cnt_reg[14]/D
CLK_SYS_REAL,/home/validmgr/ksabra/2026_SPAD/SPADMIC/results/genus_osc_pd/20260602_o4_muxless_tags_r600_o4_r600_closure/timing_clk_sys_violations.rpt,94,VIOLATED,-17,clk_sys,clk_sys,clk_sys,(R) u_core_u_meas_ctrl_state_q_reg[1]/C,(F) u_core_u_hit_capture_bridge_snapshot_q_reg[hit_level][32]/D
CLK_SYS_REAL,/home/validmgr/ksabra/2026_SPAD/SPADMIC/results/genus_osc_pd/20260602_o4_muxless_tags_r600_o4_r600_closure/timing_clk_sys_violations.rpt,95,VIOLATED,-16,clk_sys,clk_sys,clk_sys,(R) u_core_u_fifo_full_q_reg/C,(F) u_core_u_fifo_mem_reg[0][38]/D
CLK_SYS_REAL,/home/validmgr/ksabra/2026_SPAD/SPADMIC/results/genus_osc_pd/20260602_o4_muxless_tags_r600_o4_r600_closure/timing_clk_sys_violations.rpt,96,VIOLATED,-16,clk_sys,clk_sys,clk_sys,(R) u_core_u_fifo_full_q_reg/C,(F) u_core_u_fifo_mem_reg[0][36]/D
CLK_SYS_REAL,/home/validmgr/ksabra/2026_SPAD/SPADMIC/results/genus_osc_pd/20260602_o4_muxless_tags_r600_o4_r600_closure/timing_clk_sys_violations.rpt,97,VIOLATED,-16,clk_sys,clk_sys,clk_sys,(R) u_core_u_fifo_full_q_reg/C,(F) u_core_u_fifo_mem_reg[0][35]/D
CLK_SYS_REAL,/home/validmgr/ksabra/2026_SPAD/SPADMIC/results/genus_osc_pd/20260602_o4_muxless_tags_r600_o4_r600_closure/timing_clk_sys_violations.rpt,98,VIOLATED,-16,clk_sys,clk_sys,clk_sys,(R) u_core_u_fifo_full_q_reg/C,(F) u_core_u_fifo_mem_reg[0][28]/D
CLK_SYS_REAL,/home/validmgr/ksabra/2026_SPAD/SPADMIC/results/genus_osc_pd/20260602_o4_muxless_tags_r600_o4_r600_closure/timing_clk_sys_violations.rpt,99,VIOLATED,-16,clk_sys,clk_sys,clk_sys,(R) u_core_u_fifo_full_q_reg/C,(F) u_core_u_fifo_mem_reg[0][27]/D
CLK_SYS_REAL,/home/validmgr/ksabra/2026_SPAD/SPADMIC/results/genus_osc_pd/20260602_o4_muxless_tags_r600_o4_r600_closure/timing_clk_sys_violations.rpt,100,VIOLATED,-16,clk_sys,clk_sys,clk_sys,(R) u_core_u_fifo_full_q_reg/C,(F) u_core_u_fifo_mem_reg[0][25]/D
