============================================================
  Generated by:           Genus(TM) Synthesis Solution 22.13-s093_1
  Generated on:           May 12 2026  04:18:06 pm
  Module:                 mptdc_top_asic
  Operating conditions:   slow_1_62V_125C 
  Interconnect mode:      global
  Area mode:              physical library
============================================================


Path 1: VIOLATED (-5662 ps) Setup Check with Pin u_core_u_meas_ctrl_hit_cnt_q_reg[3]/C->D
           View: wc_view
          Group: clk_osc_fast
     Startpoint: (R) u_core_gen_pd_row[2].gen_pd_col[0].u_pd/hit_latched_reg/C
          Clock: (R) clk_osc_fast
       Endpoint: (F) u_core_u_meas_ctrl_hit_cnt_q_reg[3]/D
          Clock: (R) clk_osc_fast

                     Capture       Launch     
        Clock Edge:+     900            0     
       Src Latency:+       0            0     
       Net Latency:+       0 (I)        0 (I) 
           Arrival:=     900            0     
                                              
             Setup:-     628                  
       Uncertainty:-      50                  
     Required Time:=     222                  
      Launch Clock:-       0                  
         Data Path:-    5883                  
             Slack:=   -5662                  

#-----------------------------------------------------------------------------------------------------------------------------------
#                       Timing Point                        Flags   Arc   Edge   Cell     Fanout  Load Trans Delay Arrival Instance 
#                                                                                                 (fF)  (ps)  (ps)   (ps)  Location 
#-----------------------------------------------------------------------------------------------------------------------------------
  u_core_gen_pd_row[2].gen_pd_col[0].u_pd/hit_latched_reg/C -       -     R     (arrival)   1208     -     0     0       0    (-,-) 
  u_core_gen_pd_row[2].gen_pd_col[0].u_pd/hit_latched_reg/Q -       C->Q  F     DFRRQHDX1      1  32.3   315  1016    1016    (-,-) 
  u_core_gen_pd_row[2].gen_pd_col[0].u_pd/g3/Q              -       A->Q  F     BUHDX6         8 115.8   174   436    1452    (-,-) 
  g213852/Q                                                 -       A->Q  R     INHDX4         1  22.2   102   128    1580    (-,-) 
  g213851/Q                                                 -       A->Q  R     NA22HDX4       1  38.6   185   354    1934    (-,-) 
  g194346/Q                                                 -       A->Q  F     NA2HDX4        3  54.8   185   203    2137    (-,-) 
  g194350/Q                                                 -       AN->Q F     NA3I1HDX4      3  60.8   329   601    2739    (-,-) 
  g194374/Q                                                 -       A->Q  F     NA22HDX2       2  34.6   221   520    3258    (-,-) 
  g194373/Q                                                 -       A->Q  F     NA22HDX4       3  48.4   188   488    3746    (-,-) 
  g213849/Q                                                 -       A->Q  F     NA22HDX2       2  24.0   192   422    4168    (-,-) 
  g9/Q                                                      -       A->Q  R     INHDX1         1  15.5   193   215    4383    (-,-) 
  g194306/Q                                                 -       A->Q  R     NA22HDX1       3  29.4   352   471    4854    (-,-) 
  g214443/Q                                                 -       A->Q  R     OR2HDX1        1  15.3   184   366    5220    (-,-) 
  g174/Q                                                    -       C->Q  F     NO3I2HDX1      1  15.7   140   177    5397    (-,-) 
  g171196/Q                                                 -       AN->Q F     NA6I2HDX2      1  12.3   154   486    5883    (-,-) 
  u_core_u_meas_ctrl_hit_cnt_q_reg[3]/D                     -       -     F     DFRRHDX4       1     -     -     0    5883    (-,-) 
#-----------------------------------------------------------------------------------------------------------------------------------



Path 2: VIOLATED (-5659 ps) Setup Check with Pin u_core_u_meas_ctrl_hit_cnt_q_reg[0]/C->D
           View: wc_view
          Group: clk_osc_fast
     Startpoint: (R) u_core_gen_pd_row[5].gen_pd_col[0].u_pd/hit_latched_reg/C
          Clock: (R) clk_osc_fast
       Endpoint: (F) u_core_u_meas_ctrl_hit_cnt_q_reg[0]/D
          Clock: (R) clk_osc_fast

                     Capture       Launch     
        Clock Edge:+     900            0     
       Src Latency:+       0            0     
       Net Latency:+       0 (I)        0 (I) 
           Arrival:=     900            0     
                                              
             Setup:-     648                  
       Uncertainty:-      50                  
     Required Time:=     202                  
      Launch Clock:-       0                  
         Data Path:-    5861                  
             Slack:=   -5659                  

#----------------------------------------------------------------------------------------------------------------------------------
#                       Timing Point                        Flags   Arc   Edge   Cell     Fanout Load Trans Delay Arrival Instance 
#                                                                                                (fF)  (ps)  (ps)   (ps)  Location 
#----------------------------------------------------------------------------------------------------------------------------------
  u_core_gen_pd_row[5].gen_pd_col[0].u_pd/hit_latched_reg/C -       -     R     (arrival)   1208    -     0     0       0    (-,-) 
  u_core_gen_pd_row[5].gen_pd_col[0].u_pd/hit_latched_reg/Q -       C->Q  F     DFRRQHDX1      4 47.1   375  1100    1100    (-,-) 
  g194312/Q                                                 -       B->Q  F     EN3HDX2        5 51.1   168  1307    2407    (-,-) 
  g157042/Q                                                 -       A->Q  F     BUHDX1         1 21.7   192   410    2817    (-,-) 
  g211956/Q                                                 -       C->Q  R     NA3I2HDX2      1 20.7   242   282    3099    (-,-) 
  g317/Q                                                    -       C->Q  F     NA3HDX2        2 21.7   250   281    3380    (-,-) 
  g146/Q                                                    -       A->Q  F     AND2HDX2       3 42.7   163   487    3867    (-,-) 
  g213850/CO                                                -       B->CO F     CAGHDX2        1 24.9   174   710    4577    (-,-) 
  g225079/Q                                                 -       C->Q  R     NA22HDX2       4 39.0   260   287    4864    (-,-) 
  g225078/Q                                                 -       A->Q  R     NA22HDX2       1 21.5   180   437    5300    (-,-) 
  g225087/Q                                                 -       B->Q  R     NA22HDX4       3 52.7   207   409    5710    (-,-) 
  g194328/Q                                                 -       B->Q  F     NA2HDX2        1 12.3   111   151    5861    (-,-) 
  u_core_u_meas_ctrl_hit_cnt_q_reg[0]/D                     -       -     F     DFRRHDX2       1    -     -     0    5861    (-,-) 
#----------------------------------------------------------------------------------------------------------------------------------



Path 3: VIOLATED (-5633 ps) Setup Check with Pin u_core_u_meas_ctrl_hit_cnt_q_reg[1]/C->D
           View: wc_view
          Group: clk_osc_fast
     Startpoint: (R) u_core_gen_pd_row[5].gen_pd_col[0].u_pd/hit_latched_reg/C
          Clock: (R) clk_osc_fast
       Endpoint: (F) u_core_u_meas_ctrl_hit_cnt_q_reg[1]/D
          Clock: (R) clk_osc_fast

                     Capture       Launch     
        Clock Edge:+     900            0     
       Src Latency:+       0            0     
       Net Latency:+       0 (I)        0 (I) 
           Arrival:=     900            0     
                                              
             Setup:-     622                  
       Uncertainty:-      50                  
     Required Time:=     228                  
      Launch Clock:-       0                  
         Data Path:-    5861                  
             Slack:=   -5633                  

#----------------------------------------------------------------------------------------------------------------------------------
#                       Timing Point                        Flags   Arc   Edge   Cell     Fanout Load Trans Delay Arrival Instance 
#                                                                                                (fF)  (ps)  (ps)   (ps)  Location 
#----------------------------------------------------------------------------------------------------------------------------------
  u_core_gen_pd_row[5].gen_pd_col[0].u_pd/hit_latched_reg/C -       -     R     (arrival)   1208    -     0     0       0    (-,-) 
  u_core_gen_pd_row[5].gen_pd_col[0].u_pd/hit_latched_reg/Q -       C->Q  F     DFRRQHDX1      4 47.1   375  1100    1100    (-,-) 
  g194312/Q                                                 -       B->Q  F     EN3HDX2        5 51.1   168  1307    2407    (-,-) 
  g157042/Q                                                 -       A->Q  F     BUHDX1         1 21.7   192   410    2817    (-,-) 
  g211956/Q                                                 -       C->Q  R     NA3I2HDX2      1 20.7   242   282    3099    (-,-) 
  g317/Q                                                    -       C->Q  F     NA3HDX2        2 21.7   250   281    3380    (-,-) 
  g146/Q                                                    -       A->Q  F     AND2HDX2       3 42.7   163   487    3867    (-,-) 
  g213850/CO                                                -       B->CO F     CAGHDX2        1 24.9   174   710    4577    (-,-) 
  g225079/Q                                                 -       C->Q  R     NA22HDX2       4 39.0   260   287    4864    (-,-) 
  g225078/Q                                                 -       A->Q  R     NA22HDX2       1 21.5   180   437    5300    (-,-) 
  g225087/Q                                                 -       B->Q  R     NA22HDX4       3 52.7   207   409    5710    (-,-) 
  g51/Q                                                     -       B->Q  F     NA2HDX2        1 12.3   132   151    5861    (-,-) 
  u_core_u_meas_ctrl_hit_cnt_q_reg[1]/D                     -       -     F     DFRRHDX4       1    -     -     0    5861    (-,-) 
#----------------------------------------------------------------------------------------------------------------------------------



Path 4: VIOLATED (-5630 ps) Setup Check with Pin u_core_u_meas_ctrl_hit_cnt_q_reg[2]/C->D
           View: wc_view
          Group: clk_osc_fast
     Startpoint: (R) u_core_gen_pd_row[5].gen_pd_col[0].u_pd/hit_latched_reg/C
          Clock: (R) clk_osc_fast
       Endpoint: (F) u_core_u_meas_ctrl_hit_cnt_q_reg[2]/D
          Clock: (R) clk_osc_fast

                     Capture       Launch     
        Clock Edge:+     900            0     
       Src Latency:+       0            0     
       Net Latency:+       0 (I)        0 (I) 
           Arrival:=     900            0     
                                              
             Setup:-     619                  
       Uncertainty:-      50                  
     Required Time:=     231                  
      Launch Clock:-       0                  
         Data Path:-    5861                  
             Slack:=   -5630                  

#----------------------------------------------------------------------------------------------------------------------------------
#                       Timing Point                        Flags   Arc   Edge   Cell     Fanout Load Trans Delay Arrival Instance 
#                                                                                                (fF)  (ps)  (ps)   (ps)  Location 
#----------------------------------------------------------------------------------------------------------------------------------
  u_core_gen_pd_row[5].gen_pd_col[0].u_pd/hit_latched_reg/C -       -     R     (arrival)   1208    -     0     0       0    (-,-) 
  u_core_gen_pd_row[5].gen_pd_col[0].u_pd/hit_latched_reg/Q -       C->Q  F     DFRRQHDX1      4 47.1   375  1100    1100    (-,-) 
  g194312/Q                                                 -       B->Q  F     EN3HDX2        5 51.1   168  1307    2407    (-,-) 
  g157042/Q                                                 -       A->Q  F     BUHDX1         1 21.7   192   410    2817    (-,-) 
  g211956/Q                                                 -       C->Q  R     NA3I2HDX2      1 20.7   242   282    3099    (-,-) 
  g317/Q                                                    -       C->Q  F     NA3HDX2        2 21.7   250   281    3380    (-,-) 
  g146/Q                                                    -       A->Q  F     AND2HDX2       3 42.7   163   487    3867    (-,-) 
  g213850/CO                                                -       B->CO F     CAGHDX2        1 24.9   174   710    4577    (-,-) 
  g225079/Q                                                 -       C->Q  R     NA22HDX2       4 39.0   260   287    4864    (-,-) 
  g225078/Q                                                 -       A->Q  R     NA22HDX2       1 21.5   180   437    5300    (-,-) 
  g225087/Q                                                 -       B->Q  R     NA22HDX4       3 52.7   207   409    5710    (-,-) 
  g225086/Q                                                 -       B->Q  F     NA2HDX2        1 12.3   120   151    5861    (-,-) 
  u_core_u_meas_ctrl_hit_cnt_q_reg[2]/D                     -       -     F     DFRRHDX4       1    -     -     0    5861    (-,-) 
#----------------------------------------------------------------------------------------------------------------------------------



Path 5: VIOLATED (-5261 ps) Setup Check with Pin u_core_u_meas_ctrl_pd_gate_q_reg/C->D
           View: wc_view
          Group: clk_osc_fast
     Startpoint: (R) u_core_u_meas_ctrl_wdt_cnt_q_reg[1]/C
          Clock: (R) clk_osc_fast
       Endpoint: (F) u_core_u_meas_ctrl_pd_gate_q_reg/D
          Clock: (R) clk_osc_fast

                     Capture       Launch     
        Clock Edge:+     900            0     
       Src Latency:+       0            0     
       Net Latency:+       0 (I)        0 (I) 
           Arrival:=     900            0     
                                              
             Setup:-     705                  
       Uncertainty:-      50                  
     Required Time:=     145                  
      Launch Clock:-       0                  
         Data Path:-    5406                  
             Slack:=   -5261                  

#---------------------------------------------------------------------------------------------------------------
#             Timing Point               Flags   Arc   Edge   Cell     Fanout Load Trans Delay Arrival Instance 
#                                                                             (fF)  (ps)  (ps)   (ps)  Location 
#---------------------------------------------------------------------------------------------------------------
  u_core_u_meas_ctrl_wdt_cnt_q_reg[1]/C  -       -     R     (arrival)   1208    -     0     0       0    (-,-) 
  u_core_u_meas_ctrl_wdt_cnt_q_reg[1]/QN -       C->QN F     DFRRHDX1       3 34.1   257  1333    1333    (-,-) 
  u_core_u_meas_ctrl_g203805/Q           -       A->Q  R     AN31HDX1       1 23.2   628   684    2017    (-,-) 
  u_core_u_meas_ctrl_g253512/Q           -       C->Q  F     NO3HDX2        1 15.1   195   269    2286    (-,-) 
  u_core_u_meas_ctrl_g7273/Q             -       C->Q  R     AN21HDX1       1 15.7   450   446    2733    (-,-) 
  u_core_u_meas_ctrl_g7256/Q             -       A->Q  F     ON21HDX1       1 15.8   245   306    3039    (-,-) 
  g245560/Q                              -       A->Q  F     NA22HDX1       1 21.7   273   447    3486    (-,-) 
  g309/Q                                 -       A->Q  R     NA2HDX2        3 29.5   321   352    3838    (-,-) 
  u_core_u_meas_ctrl_g7244/Q             -       A->Q  F     INHDX1         2 24.1   237   297    4135    (-,-) 
  u_core_u_meas_ctrl_g278787/Q           -       B->Q  F     AO21HDX2       4 51.2   215   721    4856    (-,-) 
  u_core_u_meas_ctrl_g160936/Q           -       C->Q  R     NA22HDX1       2 20.5   273   312    5168    (-,-) 
  u_core_u_meas_ctrl_g7152/Q             -       A->Q  F     NO2HDX0        1 12.3   192   237    5405    (-,-) 
  u_core_u_meas_ctrl_pd_gate_q_reg/D     -       -     F     DFRRQHDX1      1    -     -     0    5406    (-,-) 
#---------------------------------------------------------------------------------------------------------------



Path 6: VIOLATED (-5014 ps) Setup Check with Pin u_core_u_meas_ctrl_flags_q_reg[closed_by_fast_maxhit]/C->D
           View: wc_view
          Group: clk_osc_fast
     Startpoint: (R) u_core_u_meas_ctrl_wdt_cnt_q_reg[2]/C
          Clock: (R) clk_osc_fast
       Endpoint: (F) u_core_u_meas_ctrl_flags_q_reg[closed_by_fast_maxhit]/D
          Clock: (R) clk_osc_fast

                     Capture       Launch     
        Clock Edge:+     900            0     
       Src Latency:+       0            0     
       Net Latency:+       0 (I)        0 (I) 
           Arrival:=     900            0     
                                              
             Setup:-     711                  
       Uncertainty:-      50                  
     Required Time:=     139                  
      Launch Clock:-       0                  
         Data Path:-    5152                  
             Slack:=   -5014                  

#--------------------------------------------------------------------------------------------------------------------------------
#                      Timing Point                       Flags   Arc   Edge   Cell     Fanout Load Trans Delay Arrival Instance 
#                                                                                              (fF)  (ps)  (ps)   (ps)  Location 
#--------------------------------------------------------------------------------------------------------------------------------
  u_core_u_meas_ctrl_wdt_cnt_q_reg[2]/C                   -       -     R     (arrival)   1208    -     0     0       0    (-,-) 
  u_core_u_meas_ctrl_wdt_cnt_q_reg[2]/Q                   -       C->Q  F     DFRRHDX1       5 51.1   443  1288    1288    (-,-) 
  u_core_u_meas_ctrl_g253514/Q                            -       B->Q  R     NA2I1HDX1      1 13.8   326   435    1723    (-,-) 
  g253513/Q                                               -       B->Q  F     NA2HDX1        1 25.9   311   326    2049    (-,-) 
  u_core_u_meas_ctrl_g253512/Q                            -       A->Q  R     NO3HDX2        1 15.3   468   455    2504    (-,-) 
  u_core_u_meas_ctrl_g7273/Q                              -       C->Q  F     AN21HDX1       1 15.7   247   256    2760    (-,-) 
  u_core_u_meas_ctrl_g7256/Q                              -       A->Q  R     ON21HDX1       1 15.5   470   502    3263    (-,-) 
  g245560/Q                                               -       A->Q  R     NA22HDX1       1 21.8   281   493    3756    (-,-) 
  g309/Q                                                  -       A->Q  F     NA2HDX2        3 29.5   200   245    4000    (-,-) 
  u_core_u_meas_ctrl_g7244/Q                              -       A->Q  R     INHDX1         2 24.1   265   286    4286    (-,-) 
  u_core_u_meas_ctrl_g278787/Q                            -       B->Q  R     AO21HDX2       4 51.7   284   559    4845    (-,-) 
  g260576/Q                                               -       C->Q  F     ON22HDX1       1 12.3   272   308    5152    (-,-) 
  u_core_u_meas_ctrl_flags_q_reg[closed_by_fast_maxhit]/D -       -     F     DFRRHDX1       1    -     -     0    5152    (-,-) 
#--------------------------------------------------------------------------------------------------------------------------------



Path 7: VIOLATED (-5009 ps) Setup Check with Pin u_core_u_meas_ctrl_flags_q_reg[closed_by_watchdog]/C->D
           View: wc_view
          Group: clk_osc_fast
     Startpoint: (R) u_core_u_meas_ctrl_wdt_cnt_q_reg[2]/C
          Clock: (R) clk_osc_fast
       Endpoint: (F) u_core_u_meas_ctrl_flags_q_reg[closed_by_watchdog]/D
          Clock: (R) clk_osc_fast

                     Capture       Launch     
        Clock Edge:+     900            0     
       Src Latency:+       0            0     
       Net Latency:+       0 (I)        0 (I) 
           Arrival:=     900            0     
                                              
             Setup:-     707                  
       Uncertainty:-      50                  
     Required Time:=     143                  
      Launch Clock:-       0                  
         Data Path:-    5152                  
             Slack:=   -5009                  

#-----------------------------------------------------------------------------------------------------------------------------
#                    Timing Point                      Flags   Arc   Edge   Cell     Fanout Load Trans Delay Arrival Instance 
#                                                                                           (fF)  (ps)  (ps)   (ps)  Location 
#-----------------------------------------------------------------------------------------------------------------------------
  u_core_u_meas_ctrl_wdt_cnt_q_reg[2]/C                -       -     R     (arrival)   1208    -     0     0       0    (-,-) 
  u_core_u_meas_ctrl_wdt_cnt_q_reg[2]/Q                -       C->Q  F     DFRRHDX1       5 51.1   443  1288    1288    (-,-) 
  u_core_u_meas_ctrl_g253514/Q                         -       B->Q  R     NA2I1HDX1      1 13.8   326   435    1723    (-,-) 
  g253513/Q                                            -       B->Q  F     NA2HDX1        1 25.9   311   326    2049    (-,-) 
  u_core_u_meas_ctrl_g253512/Q                         -       A->Q  R     NO3HDX2        1 15.3   468   455    2504    (-,-) 
  u_core_u_meas_ctrl_g7273/Q                           -       C->Q  F     AN21HDX1       1 15.7   247   256    2760    (-,-) 
  u_core_u_meas_ctrl_g7256/Q                           -       A->Q  R     ON21HDX1       1 15.5   470   502    3263    (-,-) 
  g245560/Q                                            -       A->Q  R     NA22HDX1       1 21.8   281   493    3756    (-,-) 
  g309/Q                                               -       A->Q  F     NA2HDX2        3 29.5   200   245    4000    (-,-) 
  u_core_u_meas_ctrl_g7244/Q                           -       A->Q  R     INHDX1         2 24.1   265   286    4286    (-,-) 
  u_core_u_meas_ctrl_g278787/Q                         -       B->Q  R     AO21HDX2       4 51.7   284   559    4845    (-,-) 
  g222752/Q                                            -       C->Q  F     ON22HDX1       1 12.3   257   308    5152    (-,-) 
  u_core_u_meas_ctrl_flags_q_reg[closed_by_watchdog]/D -       -     F     DFRRHDX1       1    -     -     0    5152    (-,-) 
#-----------------------------------------------------------------------------------------------------------------------------



Path 8: VIOLATED (-5009 ps) Setup Check with Pin u_core_u_meas_ctrl_flags_q_reg[closed_by_maxhits]/C->D
           View: wc_view
          Group: clk_osc_fast
     Startpoint: (R) u_core_u_meas_ctrl_wdt_cnt_q_reg[2]/C
          Clock: (R) clk_osc_fast
       Endpoint: (F) u_core_u_meas_ctrl_flags_q_reg[closed_by_maxhits]/D
          Clock: (R) clk_osc_fast

                     Capture       Launch     
        Clock Edge:+     900            0     
       Src Latency:+       0            0     
       Net Latency:+       0 (I)        0 (I) 
           Arrival:=     900            0     
                                              
             Setup:-     707                  
       Uncertainty:-      50                  
     Required Time:=     143                  
      Launch Clock:-       0                  
         Data Path:-    5152                  
             Slack:=   -5009                  

#----------------------------------------------------------------------------------------------------------------------------
#                    Timing Point                     Flags   Arc   Edge   Cell     Fanout Load Trans Delay Arrival Instance 
#                                                                                          (fF)  (ps)  (ps)   (ps)  Location 
#----------------------------------------------------------------------------------------------------------------------------
  u_core_u_meas_ctrl_wdt_cnt_q_reg[2]/C               -       -     R     (arrival)   1208    -     0     0       0    (-,-) 
  u_core_u_meas_ctrl_wdt_cnt_q_reg[2]/Q               -       C->Q  F     DFRRHDX1       5 51.1   443  1288    1288    (-,-) 
  u_core_u_meas_ctrl_g253514/Q                        -       B->Q  R     NA2I1HDX1      1 13.8   326   435    1723    (-,-) 
  g253513/Q                                           -       B->Q  F     NA2HDX1        1 25.9   311   326    2049    (-,-) 
  u_core_u_meas_ctrl_g253512/Q                        -       A->Q  R     NO3HDX2        1 15.3   468   455    2504    (-,-) 
  u_core_u_meas_ctrl_g7273/Q                          -       C->Q  F     AN21HDX1       1 15.7   247   256    2760    (-,-) 
  u_core_u_meas_ctrl_g7256/Q                          -       A->Q  R     ON21HDX1       1 15.5   470   502    3263    (-,-) 
  g245560/Q                                           -       A->Q  R     NA22HDX1       1 21.8   281   493    3756    (-,-) 
  g309/Q                                              -       A->Q  F     NA2HDX2        3 29.5   200   245    4000    (-,-) 
  u_core_u_meas_ctrl_g7244/Q                          -       A->Q  R     INHDX1         2 24.1   265   286    4286    (-,-) 
  u_core_u_meas_ctrl_g278787/Q                        -       B->Q  R     AO21HDX2       4 51.7   284   559    4845    (-,-) 
  g199354/Q                                           -       C->Q  F     ON22HDX1       1 12.3   257   308    5152    (-,-) 
  u_core_u_meas_ctrl_flags_q_reg[closed_by_maxhits]/D -       -     F     DFRRHDX1       1    -     -     0    5152    (-,-) 
#----------------------------------------------------------------------------------------------------------------------------



Path 9: VIOLATED (-4988 ps) Setup Check with Pin u_core_u_meas_ctrl_state_q_reg[1]/C->D
           View: wc_view
          Group: clk_osc_fast
     Startpoint: (R) u_core_u_meas_ctrl_wdt_cnt_q_reg[2]/C
          Clock: (R) clk_osc_fast
       Endpoint: (F) u_core_u_meas_ctrl_state_q_reg[1]/D
          Clock: (R) clk_osc_fast

                     Capture       Launch     
        Clock Edge:+     900            0     
       Src Latency:+       0            0     
       Net Latency:+       0 (I)        0 (I) 
           Arrival:=     900            0     
                                              
             Setup:-     704                  
       Uncertainty:-      50                  
     Required Time:=     146                  
      Launch Clock:-       0                  
         Data Path:-    5134                  
             Slack:=   -4988                  

#--------------------------------------------------------------------------------------------------------------
#             Timing Point              Flags   Arc   Edge   Cell     Fanout Load Trans Delay Arrival Instance 
#                                                                            (fF)  (ps)  (ps)   (ps)  Location 
#--------------------------------------------------------------------------------------------------------------
  u_core_u_meas_ctrl_wdt_cnt_q_reg[2]/C -       -     R     (arrival)   1208    -     0     0       0    (-,-) 
  u_core_u_meas_ctrl_wdt_cnt_q_reg[2]/Q -       C->Q  F     DFRRHDX1       5 51.1   443  1288    1288    (-,-) 
  u_core_u_meas_ctrl_g253514/Q          -       B->Q  R     NA2I1HDX1      1 13.8   326   435    1723    (-,-) 
  g253513/Q                             -       B->Q  F     NA2HDX1        1 25.9   311   326    2049    (-,-) 
  u_core_u_meas_ctrl_g253512/Q          -       A->Q  R     NO3HDX2        1 15.3   468   455    2504    (-,-) 
  u_core_u_meas_ctrl_g7273/Q            -       C->Q  F     AN21HDX1       1 15.7   247   256    2760    (-,-) 
  u_core_u_meas_ctrl_g7256/Q            -       A->Q  R     ON21HDX1       1 15.5   470   502    3263    (-,-) 
  g245560/Q                             -       A->Q  R     NA22HDX1       1 21.8   281   493    3756    (-,-) 
  g309/Q                                -       A->Q  F     NA2HDX2        3 29.5   200   245    4000    (-,-) 
  u_core_u_meas_ctrl_g7244/Q            -       A->Q  R     INHDX1         2 24.1   265   286    4286    (-,-) 
  u_core_u_meas_ctrl_g278787/Q          -       B->Q  R     AO21HDX2       4 51.7   284   559    4845    (-,-) 
  u_core_u_meas_ctrl_g160936/Q          -       C->Q  F     NA22HDX1       2 20.4   244   290    5134    (-,-) 
  u_core_u_meas_ctrl_state_q_reg[1]/D   -       -     F     DFRRHDX1       2    -     -     0    5134    (-,-) 
#--------------------------------------------------------------------------------------------------------------



Path 10: VIOLATED (-4445 ps) Setup Check with Pin u_core_u_meas_ctrl_state_q_reg[0]/C->D
           View: wc_view
          Group: clk_osc_fast
     Startpoint: (R) u_core_u_meas_ctrl_hit_cnt_q_reg[0]/C
          Clock: (R) clk_osc_fast
       Endpoint: (R) u_core_u_meas_ctrl_state_q_reg[0]/D
          Clock: (R) clk_osc_fast

                     Capture       Launch     
        Clock Edge:+     900            0     
       Src Latency:+       0            0     
       Net Latency:+       0 (I)        0 (I) 
           Arrival:=     900            0     
                                              
             Setup:-     299                  
       Uncertainty:-      50                  
     Required Time:=     551                  
      Launch Clock:-       0                  
         Data Path:-    4996                  
             Slack:=   -4445                  

#---------------------------------------------------------------------------------------------------------------
#             Timing Point               Flags   Arc   Edge   Cell     Fanout Load Trans Delay Arrival Instance 
#                                                                             (fF)  (ps)  (ps)   (ps)  Location 
#---------------------------------------------------------------------------------------------------------------
  u_core_u_meas_ctrl_hit_cnt_q_reg[0]/C  -       -     R     (arrival)   1208    -     0     0       0    (-,-) 
  u_core_u_meas_ctrl_hit_cnt_q_reg[0]/QN -       C->QN R     DFRRHDX2       3 30.2   224  1778    1778    (-,-) 
  g163037/Q                              -       B->Q  F     NA2I1HDX1      1 15.7   199   236    2014    (-,-) 
  u_core_u_meas_ctrl_g7301/Q             -       A->Q  R     ON21HDX1       1 13.2   432   452    2465    (-,-) 
  g194179/Q                              -       D->Q  F     ON211HDX1      1 11.1   318   414    2879    (-,-) 
  g241/Q                                 -       AN->Q F     NA2I1HDX1      1 22.1   250   541    3420    (-,-) 
  g240/Q                                 -       D->Q  R     NA4I3HDX2      3 32.0   290   342    3762    (-,-) 
  g214392/Q                              -       C->Q  F     NA3I2HDX1      2 20.2   274   288    4050    (-,-) 
  g252435/Q                              -       A->Q  F     OA21HDX1       2 20.3   197   754    4804    (-,-) 
  u_core_u_meas_ctrl_g178915/Q           -       A->Q  R     INHDX1         1 12.4   167   192    4996    (-,-) 
  u_core_u_meas_ctrl_state_q_reg[0]/D    -       -     R     DFRRHDX1       1    -     -     0    4996    (-,-) 
#---------------------------------------------------------------------------------------------------------------



Path 11: VIOLATED (-4050 ps) Setup Check with Pin u_core_u_ctx_bank_ctx_nfast_snap_reg[1][1]/C->D
           View: wc_view
          Group: clk_osc_fast
     Startpoint: (R) u_core_u_meas_ctrl_state_q_reg[1]/C
          Clock: (R) clk_osc_fast
       Endpoint: (F) u_core_u_ctx_bank_ctx_nfast_snap_reg[1][1]/D
          Clock: (R) clk_osc_fast

                     Capture       Launch     
        Clock Edge:+     900            0     
       Src Latency:+       0            0     
       Net Latency:+       0 (I)        0 (I) 
           Arrival:=     900            0     
                                              
             Setup:-     659                  
       Uncertainty:-      50                  
     Required Time:=     191                  
      Launch Clock:-       0                  
         Data Path:-    4241                  
             Slack:=   -4050                  

#----------------------------------------------------------------------------------------------------------------------
#                Timing Point                  Flags   Arc   Edge   Cell     Fanout  Load Trans Delay Arrival Instance 
#                                                                                    (fF)  (ps)  (ps)   (ps)  Location 
#----------------------------------------------------------------------------------------------------------------------
  u_core_u_meas_ctrl_state_q_reg[1]/C          -       -     R     (arrival)   1208     -     0     0       0    (-,-) 
  u_core_u_meas_ctrl_state_q_reg[1]/Q          -       C->Q  F     DFRRHDX1       3  33.9   364  1181    1181    (-,-) 
  g199282/Q                                    -       AN->Q F     NO2I1HDX4      3  63.7   220   572    1753    (-,-) 
  g196565/Q                                    -       A->Q  F     AND2HDX4       6  61.3   189   601    2354    (-,-) 
  g178756_dup/Q                                -       A->Q  F     AND2HDX2       1  59.6   199   499    2853    (-,-) 
  fopt252836/Q                                 -       A->Q  F     BUHDX12        7 313.4   217   432    3284    (-,-) 
  fopt180229/Q                                 -       A->Q  F     BUHDX6        16 190.3   254   469    3753    (-,-) 
  fopt180237/Q                                 -       A->Q  R     INHDX2         2  29.9   193   236    3989    (-,-) 
  g212541/Q                                    -       A->Q  F     ON22HDX1       1  11.2   310   252    4241    (-,-) 
  u_core_u_ctx_bank_ctx_nfast_snap_reg[1][1]/D -       -     F     DFRHDX0        1     -     -     0    4241    (-,-) 
#----------------------------------------------------------------------------------------------------------------------



Path 12: VIOLATED (-4031 ps) Setup Check with Pin u_core_u_ctx_bank_ctx_nfast_snap_reg[1][3]/C->D
           View: wc_view
          Group: clk_osc_fast
     Startpoint: (R) u_core_u_meas_ctrl_state_q_reg[1]/C
          Clock: (R) clk_osc_fast
       Endpoint: (F) u_core_u_ctx_bank_ctx_nfast_snap_reg[1][3]/D
          Clock: (R) clk_osc_fast

                     Capture       Launch     
        Clock Edge:+     900            0     
       Src Latency:+       0            0     
       Net Latency:+       0 (I)        0 (I) 
           Arrival:=     900            0     
                                              
             Setup:-     640                  
       Uncertainty:-      50                  
     Required Time:=     210                  
      Launch Clock:-       0                  
         Data Path:-    4241                  
             Slack:=   -4031                  

#----------------------------------------------------------------------------------------------------------------------
#                Timing Point                  Flags   Arc   Edge   Cell     Fanout  Load Trans Delay Arrival Instance 
#                                                                                    (fF)  (ps)  (ps)   (ps)  Location 
#----------------------------------------------------------------------------------------------------------------------
  u_core_u_meas_ctrl_state_q_reg[1]/C          -       -     R     (arrival)   1208     -     0     0       0    (-,-) 
  u_core_u_meas_ctrl_state_q_reg[1]/Q          -       C->Q  F     DFRRHDX1       3  33.9   364  1181    1181    (-,-) 
  g199282/Q                                    -       AN->Q F     NO2I1HDX4      3  63.7   220   572    1753    (-,-) 
  g196565/Q                                    -       A->Q  F     AND2HDX4       6  61.3   189   601    2354    (-,-) 
  g178756_dup/Q                                -       A->Q  F     AND2HDX2       1  59.6   199   499    2853    (-,-) 
  fopt252836/Q                                 -       A->Q  F     BUHDX12        7 313.4   217   432    3284    (-,-) 
  fopt180229/Q                                 -       A->Q  F     BUHDX6        16 190.3   254   469    3753    (-,-) 
  fopt180237/Q                                 -       A->Q  R     INHDX2         2  29.9   193   236    3989    (-,-) 
  g202966/Q                                    -       A->Q  F     ON22HDX1       1  11.2   305   252    4241    (-,-) 
  u_core_u_ctx_bank_ctx_nfast_snap_reg[1][3]/D -       -     F     DFRHDX1        1     -     -     0    4241    (-,-) 
#----------------------------------------------------------------------------------------------------------------------



Path 13: VIOLATED (-3983 ps) Setup Check with Pin u_core_u_meas_ctrl_wdt_cnt_q_reg[15]/C->D
           View: wc_view
          Group: clk_osc_fast
     Startpoint: (R) u_core_u_meas_ctrl_state_q_reg[2]/C
          Clock: (R) clk_osc_fast
       Endpoint: (R) u_core_u_meas_ctrl_wdt_cnt_q_reg[15]/D
          Clock: (R) clk_osc_fast

                     Capture       Launch     
        Clock Edge:+     900            0     
       Src Latency:+       0            0     
       Net Latency:+       0 (I)        0 (I) 
           Arrival:=     900            0     
                                              
             Setup:-     335                  
       Uncertainty:-      50                  
     Required Time:=     515                  
      Launch Clock:-       0                  
         Data Path:-    4498                  
             Slack:=   -3983                  

#----------------------------------------------------------------------------------------------------------------
#             Timing Point               Flags   Arc   Edge   Cell     Fanout  Load Trans Delay Arrival Instance 
#                                                                              (fF)  (ps)  (ps)   (ps)  Location 
#----------------------------------------------------------------------------------------------------------------
  u_core_u_meas_ctrl_state_q_reg[2]/C    -       -     R     (arrival)   1208     -     0     0       0    (-,-) 
  u_core_u_meas_ctrl_state_q_reg[2]/Q    -       C->Q  F     DFRRHDX1       3  58.0   471  1323    1323    (-,-) 
  g176154/Q                              -       A->Q  F     BUHDX1         4  40.4   317   635    1958    (-,-) 
  u_core_u_meas_ctrl_g176153/Q           -       C->Q  R     NO4HDX4       14 148.1   400  1040    2998    (-,-) 
  u_core_u_meas_ctrl_g171029/Q           -       A->Q  F     NA4HDX2        3  29.4   413   432    3430    (-,-) 
  g222584/Q                              -       AN->Q F     NA3I2HDX1      1  14.3   228   689    4119    (-,-) 
  g37/Q                                  -       C->Q  R     ON211HDX1      1  12.4   420   379    4498    (-,-) 
  u_core_u_meas_ctrl_wdt_cnt_q_reg[15]/D -       -     R     DFRRHDX1       1     -     -     0    4498    (-,-) 
#----------------------------------------------------------------------------------------------------------------



Path 14: VIOLATED (-3972 ps) Setup Check with Pin u_core_u_ctx_bank_ctx_hit_level_reg[0][53]/C->D
           View: wc_view
          Group: clk_osc_fast
     Startpoint: (R) u_core_u_meas_ctrl_state_q_reg[0]/C
          Clock: (R) clk_osc_fast
       Endpoint: (F) u_core_u_ctx_bank_ctx_hit_level_reg[0][53]/D
          Clock: (R) clk_osc_fast

                     Capture       Launch     
        Clock Edge:+     900            0     
       Src Latency:+       0            0     
       Net Latency:+       0 (I)        0 (I) 
           Arrival:=     900            0     
                                              
             Setup:-     618                  
       Uncertainty:-      50                  
     Required Time:=     232                  
      Launch Clock:-       0                  
         Data Path:-    4203                  
             Slack:=   -3972                  

#----------------------------------------------------------------------------------------------------------------------
#                Timing Point                  Flags   Arc   Edge   Cell     Fanout  Load Trans Delay Arrival Instance 
#                                                                                    (fF)  (ps)  (ps)   (ps)  Location 
#----------------------------------------------------------------------------------------------------------------------
  u_core_u_meas_ctrl_state_q_reg[0]/C          -       -     R     (arrival)   1208     -     0     0       0    (-,-) 
  u_core_u_meas_ctrl_state_q_reg[0]/QN         -       C->QN R     DFRRHDX1       4  49.9   480  1504    1504    (-,-) 
  g199283/Q                                    -       A->Q  R     AND2HDX2       1  38.6   230   507    2011    (-,-) 
  g199281/Q                                    -       A->Q  F     NA2HDX4        2  56.7   201   223    2234    (-,-) 
  g199286/Q                                    -       A->Q  R     INHDX3         1  57.8   221   247    2481    (-,-) 
  g162993/Q                                    -       A->Q  R     BUHDX12        6 264.5   230   350    2831    (-,-) 
  g229840/Q                                    -       A->Q  R     BUHDX8         5 164.8   218   344    3175    (-,-) 
  g229803/Q                                    -       A->Q  F     INHDX8        33 403.0   370   393    3568    (-,-) 
  g264203/Q                                    -       A->Q  R     NA2HDX1        1  14.2   299   368    3936    (-,-) 
  g264202/Q                                    -       C->Q  F     ON21HDX1       1  11.2   209   267    4203    (-,-) 
  u_core_u_ctx_bank_ctx_hit_level_reg[0][53]/D -       -     F     DFRQHDX1       1     -     -     0    4203    (-,-) 
#----------------------------------------------------------------------------------------------------------------------



Path 15: VIOLATED (-3959 ps) Setup Check with Pin u_core_u_ctx_bank_ctx_hit_level_reg[1][8]/C->D
           View: wc_view
          Group: clk_osc_fast
     Startpoint: (R) u_core_u_meas_ctrl_state_q_reg[1]/C
          Clock: (R) clk_osc_fast
       Endpoint: (F) u_core_u_ctx_bank_ctx_hit_level_reg[1][8]/D
          Clock: (R) clk_osc_fast

                     Capture       Launch     
        Clock Edge:+     900            0     
       Src Latency:+       0            0     
       Net Latency:+       0 (I)        0 (I) 
           Arrival:=     900            0     
                                              
             Setup:-     630                  
       Uncertainty:-      50                  
     Required Time:=     220                  
      Launch Clock:-       0                  
         Data Path:-    4179                  
             Slack:=   -3959                  

#---------------------------------------------------------------------------------------------------------------------
#                Timing Point                 Flags   Arc   Edge   Cell     Fanout  Load Trans Delay Arrival Instance 
#                                                                                   (fF)  (ps)  (ps)   (ps)  Location 
#---------------------------------------------------------------------------------------------------------------------
  u_core_u_meas_ctrl_state_q_reg[1]/C         -       -     R     (arrival)   1208     -     0     0       0    (-,-) 
  u_core_u_meas_ctrl_state_q_reg[1]/Q         -       C->Q  F     DFRRHDX1       3  33.9   364  1181    1181    (-,-) 
  g199282/Q                                   -       AN->Q F     NO2I1HDX4      3  63.7   220   572    1753    (-,-) 
  g177255/Q                                   -       A->Q  R     NA3HDX2        1  41.0   450   406    2159    (-,-) 
  g245494/Q                                   -       A->Q  R     BUHDX8         5 214.4   271   441    2599    (-,-) 
  g265054/Q                                   -       A->Q  R     BUHDX6         7 219.3   354   462    3061    (-,-) 
  g197866/Q                                   -       A->Q  R     BUHDX12       32 364.8   302   441    3502    (-,-) 
  g99/Q                                       -       AN->Q R     NA2I1HDX1      1  14.2   303   409    3911    (-,-) 
  g198827/Q                                   -       C->Q  F     ON21HDX1       1  11.2   207   268    4179    (-,-) 
  u_core_u_ctx_bank_ctx_hit_level_reg[1][8]/D -       -     F     DFRHDX0        1     -     -     0    4179    (-,-) 
#---------------------------------------------------------------------------------------------------------------------



Path 16: VIOLATED (-3915 ps) Setup Check with Pin u_core_u_meas_ctrl_wdt_cnt_q_reg[14]/C->D
           View: wc_view
          Group: clk_osc_fast
     Startpoint: (R) u_core_u_meas_ctrl_state_q_reg[2]/C
          Clock: (R) clk_osc_fast
       Endpoint: (R) u_core_u_meas_ctrl_wdt_cnt_q_reg[14]/D
          Clock: (R) clk_osc_fast

                     Capture       Launch     
        Clock Edge:+     900            0     
       Src Latency:+       0            0     
       Net Latency:+       0 (I)        0 (I) 
           Arrival:=     900            0     
                                              
             Setup:-     335                  
       Uncertainty:-      50                  
     Required Time:=     515                  
      Launch Clock:-       0                  
         Data Path:-    4431                  
             Slack:=   -3915                  

#----------------------------------------------------------------------------------------------------------------
#             Timing Point               Flags   Arc   Edge   Cell     Fanout  Load Trans Delay Arrival Instance 
#                                                                              (fF)  (ps)  (ps)   (ps)  Location 
#----------------------------------------------------------------------------------------------------------------
  u_core_u_meas_ctrl_state_q_reg[2]/C    -       -     R     (arrival)   1208     -     0     0       0    (-,-) 
  u_core_u_meas_ctrl_state_q_reg[2]/Q    -       C->Q  F     DFRRHDX1       3  58.0   471  1323    1323    (-,-) 
  g176154/Q                              -       A->Q  F     BUHDX1         4  40.4   317   635    1958    (-,-) 
  u_core_u_meas_ctrl_g176153/Q           -       C->Q  R     NO4HDX4       14 148.1   400  1040    2998    (-,-) 
  u_core_u_meas_ctrl_g171029/Q           -       A->Q  F     NA4HDX2        3  29.4   413   432    3430    (-,-) 
  g167882/Q                              -       E->Q  F     OA32HDX1       1  14.1   239   678    4108    (-,-) 
  g167881/Q                              -       C->Q  R     ON21HDX1       1  12.4   414   323    4431    (-,-) 
  u_core_u_meas_ctrl_wdt_cnt_q_reg[14]/D -       -     R     DFRRHDX1       1     -     -     0    4431    (-,-) 
#----------------------------------------------------------------------------------------------------------------



Path 17: VIOLATED (-3863 ps) Setup Check with Pin u_core_u_ctx_bank_ctx_nfast_packed_reg[1][428]/C->D
           View: wc_view
          Group: clk_osc_fast
     Startpoint: (R) u_core_u_meas_ctrl_state_q_reg[2]/C
          Clock: (R) clk_osc_fast
       Endpoint: (F) u_core_u_ctx_bank_ctx_nfast_packed_reg[1][428]/D
          Clock: (R) clk_osc_fast

                     Capture       Launch     
        Clock Edge:+     900            0     
       Src Latency:+       0            0     
       Net Latency:+       0 (I)        0 (I) 
           Arrival:=     900            0     
                                              
             Setup:-     640                  
       Uncertainty:-      50                  
     Required Time:=     210                  
      Launch Clock:-       0                  
         Data Path:-    4073                  
             Slack:=   -3863                  

#--------------------------------------------------------------------------------------------------------------------------
#                  Timing Point                    Flags   Arc   Edge   Cell     Fanout  Load Trans Delay Arrival Instance 
#                                                                                        (fF)  (ps)  (ps)   (ps)  Location 
#--------------------------------------------------------------------------------------------------------------------------
  u_core_u_meas_ctrl_state_q_reg[2]/C              -       -     R     (arrival)   1208     -     0     0       0    (-,-) 
  u_core_u_meas_ctrl_state_q_reg[2]/Q              -       C->Q  F     DFRRHDX1       3  58.0   471  1323    1323    (-,-) 
  g199282/Q                                        -       B->Q  R     NO2I1HDX4      3  63.7   432   516    1839    (-,-) 
  g196565/Q                                        -       A->Q  R     AND2HDX4       6  61.0   210   560    2399    (-,-) 
  g178756_dup/Q                                    -       A->Q  R     AND2HDX2       1  57.8   308   499    2898    (-,-) 
  fopt252836/Q                                     -       A->Q  R     BUHDX12        7 303.5   257   399    3297    (-,-) 
  fopt203424/Q                                     -       A->Q  R     BUHDX6        17 204.8   333   441    3738    (-,-) 
  g279648/Q                                        -       B->Q  F     ON22HDX1       1  11.2   244   335    4073    (-,-) 
  u_core_u_ctx_bank_ctx_nfast_packed_reg[1][428]/D -       -     F     DFRHDX0        1     -     -     0    4073    (-,-) 
#--------------------------------------------------------------------------------------------------------------------------



Path 18: VIOLATED (-3863 ps) Setup Check with Pin u_core_u_ctx_bank_ctx_nfast_packed_reg[1][239]/C->D
           View: wc_view
          Group: clk_osc_fast
     Startpoint: (R) u_core_u_meas_ctrl_state_q_reg[2]/C
          Clock: (R) clk_osc_fast
       Endpoint: (F) u_core_u_ctx_bank_ctx_nfast_packed_reg[1][239]/D
          Clock: (R) clk_osc_fast

                     Capture       Launch     
        Clock Edge:+     900            0     
       Src Latency:+       0            0     
       Net Latency:+       0 (I)        0 (I) 
           Arrival:=     900            0     
                                              
             Setup:-     640                  
       Uncertainty:-      50                  
     Required Time:=     210                  
      Launch Clock:-       0                  
         Data Path:-    4073                  
             Slack:=   -3863                  

#--------------------------------------------------------------------------------------------------------------------------
#                  Timing Point                    Flags   Arc   Edge   Cell     Fanout  Load Trans Delay Arrival Instance 
#                                                                                        (fF)  (ps)  (ps)   (ps)  Location 
#--------------------------------------------------------------------------------------------------------------------------
  u_core_u_meas_ctrl_state_q_reg[2]/C              -       -     R     (arrival)   1208     -     0     0       0    (-,-) 
  u_core_u_meas_ctrl_state_q_reg[2]/Q              -       C->Q  F     DFRRHDX1       3  58.0   471  1323    1323    (-,-) 
  g199282/Q                                        -       B->Q  R     NO2I1HDX4      3  63.7   432   516    1839    (-,-) 
  g196565/Q                                        -       A->Q  R     AND2HDX4       6  61.0   210   560    2399    (-,-) 
  g178756_dup/Q                                    -       A->Q  R     AND2HDX2       1  57.8   308   499    2898    (-,-) 
  fopt252836/Q                                     -       A->Q  R     BUHDX12        7 303.5   257   399    3297    (-,-) 
  fopt203424/Q                                     -       A->Q  R     BUHDX6        17 204.8   333   441    3738    (-,-) 
  g203759/Q                                        -       B->Q  F     ON22HDX1       1  11.2   244   335    4073    (-,-) 
  u_core_u_ctx_bank_ctx_nfast_packed_reg[1][239]/D -       -     F     DFRHDX0        1     -     -     0    4073    (-,-) 
#--------------------------------------------------------------------------------------------------------------------------



Path 19: VIOLATED (-3863 ps) Setup Check with Pin u_core_u_ctx_bank_ctx_nfast_packed_reg[1][234]/C->D
           View: wc_view
          Group: clk_osc_fast
     Startpoint: (R) u_core_u_meas_ctrl_state_q_reg[2]/C
          Clock: (R) clk_osc_fast
       Endpoint: (F) u_core_u_ctx_bank_ctx_nfast_packed_reg[1][234]/D
          Clock: (R) clk_osc_fast

                     Capture       Launch     
        Clock Edge:+     900            0     
       Src Latency:+       0            0     
       Net Latency:+       0 (I)        0 (I) 
           Arrival:=     900            0     
                                              
             Setup:-     640                  
       Uncertainty:-      50                  
     Required Time:=     210                  
      Launch Clock:-       0                  
         Data Path:-    4073                  
             Slack:=   -3863                  

#--------------------------------------------------------------------------------------------------------------------------
#                  Timing Point                    Flags   Arc   Edge   Cell     Fanout  Load Trans Delay Arrival Instance 
#                                                                                        (fF)  (ps)  (ps)   (ps)  Location 
#--------------------------------------------------------------------------------------------------------------------------
  u_core_u_meas_ctrl_state_q_reg[2]/C              -       -     R     (arrival)   1208     -     0     0       0    (-,-) 
  u_core_u_meas_ctrl_state_q_reg[2]/Q              -       C->Q  F     DFRRHDX1       3  58.0   471  1323    1323    (-,-) 
  g199282/Q                                        -       B->Q  R     NO2I1HDX4      3  63.7   432   516    1839    (-,-) 
  g196565/Q                                        -       A->Q  R     AND2HDX4       6  61.0   210   560    2399    (-,-) 
  g178756_dup/Q                                    -       A->Q  R     AND2HDX2       1  57.8   308   499    2898    (-,-) 
  fopt252836/Q                                     -       A->Q  R     BUHDX12        7 303.5   257   399    3297    (-,-) 
  fopt203424/Q                                     -       A->Q  R     BUHDX6        17 204.8   333   441    3738    (-,-) 
  g279660/Q                                        -       B->Q  F     ON22HDX1       1  11.2   244   335    4073    (-,-) 
  u_core_u_ctx_bank_ctx_nfast_packed_reg[1][234]/D -       -     F     DFRHDX0        1     -     -     0    4073    (-,-) 
#--------------------------------------------------------------------------------------------------------------------------



Path 20: VIOLATED (-3848 ps) Setup Check with Pin u_core_u_ctx_bank_ctx_nfast_packed_reg[1][337]/C->D
           View: wc_view
          Group: clk_osc_fast
     Startpoint: (R) u_core_u_meas_ctrl_state_q_reg[2]/C
          Clock: (R) clk_osc_fast
       Endpoint: (F) u_core_u_ctx_bank_ctx_nfast_packed_reg[1][337]/D
          Clock: (R) clk_osc_fast

                     Capture       Launch     
        Clock Edge:+     900            0     
       Src Latency:+       0            0     
       Net Latency:+       0 (I)        0 (I) 
           Arrival:=     900            0     
                                              
             Setup:-     641                  
       Uncertainty:-      50                  
     Required Time:=     209                  
      Launch Clock:-       0                  
         Data Path:-    4058                  
             Slack:=   -3848                  

#--------------------------------------------------------------------------------------------------------------------------
#                  Timing Point                    Flags   Arc   Edge   Cell     Fanout  Load Trans Delay Arrival Instance 
#                                                                                        (fF)  (ps)  (ps)   (ps)  Location 
#--------------------------------------------------------------------------------------------------------------------------
  u_core_u_meas_ctrl_state_q_reg[2]/C              -       -     R     (arrival)   1208     -     0     0       0    (-,-) 
  u_core_u_meas_ctrl_state_q_reg[2]/Q              -       C->Q  F     DFRRHDX1       3  58.0   471  1323    1323    (-,-) 
  g199282/Q                                        -       B->Q  R     NO2I1HDX4      3  63.7   432   516    1839    (-,-) 
  g196565/Q                                        -       A->Q  R     AND2HDX4       6  61.0   210   560    2399    (-,-) 
  g178756_dup/Q                                    -       A->Q  R     AND2HDX2       1  57.8   308   499    2898    (-,-) 
  fopt252836/Q                                     -       A->Q  R     BUHDX12        7 303.5   257   399    3297    (-,-) 
  fopt180229/Q                                     -       A->Q  R     BUHDX6        16 194.8   319   431    3727    (-,-) 
  g193897/Q                                        -       B->Q  F     ON22HDX1       1  11.2   246   330    4058    (-,-) 
  u_core_u_ctx_bank_ctx_nfast_packed_reg[1][337]/D -       -     F     DFRHDX0        1     -     -     0    4058    (-,-) 
#--------------------------------------------------------------------------------------------------------------------------



Path 21: VIOLATED (-3848 ps) Setup Check with Pin u_core_u_ctx_bank_ctx_nfast_packed_reg[1][284]/C->D
           View: wc_view
          Group: clk_osc_fast
     Startpoint: (R) u_core_u_meas_ctrl_state_q_reg[2]/C
          Clock: (R) clk_osc_fast
       Endpoint: (F) u_core_u_ctx_bank_ctx_nfast_packed_reg[1][284]/D
          Clock: (R) clk_osc_fast

                     Capture       Launch     
        Clock Edge:+     900            0     
       Src Latency:+       0            0     
       Net Latency:+       0 (I)        0 (I) 
           Arrival:=     900            0     
                                              
             Setup:-     641                  
       Uncertainty:-      50                  
     Required Time:=     209                  
      Launch Clock:-       0                  
         Data Path:-    4058                  
             Slack:=   -3848                  

#--------------------------------------------------------------------------------------------------------------------------
#                  Timing Point                    Flags   Arc   Edge   Cell     Fanout  Load Trans Delay Arrival Instance 
#                                                                                        (fF)  (ps)  (ps)   (ps)  Location 
#--------------------------------------------------------------------------------------------------------------------------
  u_core_u_meas_ctrl_state_q_reg[2]/C              -       -     R     (arrival)   1208     -     0     0       0    (-,-) 
  u_core_u_meas_ctrl_state_q_reg[2]/Q              -       C->Q  F     DFRRHDX1       3  58.0   471  1323    1323    (-,-) 
  g199282/Q                                        -       B->Q  R     NO2I1HDX4      3  63.7   432   516    1839    (-,-) 
  g196565/Q                                        -       A->Q  R     AND2HDX4       6  61.0   210   560    2399    (-,-) 
  g178756_dup/Q                                    -       A->Q  R     AND2HDX2       1  57.8   308   499    2898    (-,-) 
  fopt252836/Q                                     -       A->Q  R     BUHDX12        7 303.5   257   399    3297    (-,-) 
  fopt180229/Q                                     -       A->Q  R     BUHDX6        16 194.8   319   431    3727    (-,-) 
  g266442/Q                                        -       B->Q  F     ON22HDX1       1  11.2   246   330    4058    (-,-) 
  u_core_u_ctx_bank_ctx_nfast_packed_reg[1][284]/D -       -     F     DFRHDX0        1     -     -     0    4058    (-,-) 
#--------------------------------------------------------------------------------------------------------------------------



Path 22: VIOLATED (-3847 ps) Setup Check with Pin u_core_u_ctx_bank_ctx_nfast_packed_reg[1][294]/C->D
           View: wc_view
          Group: clk_osc_fast
     Startpoint: (R) u_core_u_meas_ctrl_state_q_reg[2]/C
          Clock: (R) clk_osc_fast
       Endpoint: (F) u_core_u_ctx_bank_ctx_nfast_packed_reg[1][294]/D
          Clock: (R) clk_osc_fast

                     Capture       Launch     
        Clock Edge:+     900            0     
       Src Latency:+       0            0     
       Net Latency:+       0 (I)        0 (I) 
           Arrival:=     900            0     
                                              
             Setup:-     639                  
       Uncertainty:-      50                  
     Required Time:=     211                  
      Launch Clock:-       0                  
         Data Path:-    4058                  
             Slack:=   -3847                  

#--------------------------------------------------------------------------------------------------------------------------
#                  Timing Point                    Flags   Arc   Edge   Cell     Fanout  Load Trans Delay Arrival Instance 
#                                                                                        (fF)  (ps)  (ps)   (ps)  Location 
#--------------------------------------------------------------------------------------------------------------------------
  u_core_u_meas_ctrl_state_q_reg[2]/C              -       -     R     (arrival)   1208     -     0     0       0    (-,-) 
  u_core_u_meas_ctrl_state_q_reg[2]/Q              -       C->Q  F     DFRRHDX1       3  58.0   471  1323    1323    (-,-) 
  g199282/Q                                        -       B->Q  R     NO2I1HDX4      3  63.7   432   516    1839    (-,-) 
  g196565/Q                                        -       A->Q  R     AND2HDX4       6  61.0   210   560    2399    (-,-) 
  g178756_dup/Q                                    -       A->Q  R     AND2HDX2       1  57.8   308   499    2898    (-,-) 
  fopt252836/Q                                     -       A->Q  R     BUHDX12        7 303.5   257   399    3297    (-,-) 
  fopt180229/Q                                     -       A->Q  R     BUHDX6        16 194.8   319   431    3727    (-,-) 
  g193895/Q                                        -       B->Q  F     ON22HDX1       1  11.2   241   330    4058    (-,-) 
  u_core_u_ctx_bank_ctx_nfast_packed_reg[1][294]/D -       -     F     DFRHDX0        1     -     -     0    4058    (-,-) 
#--------------------------------------------------------------------------------------------------------------------------



Path 23: VIOLATED (-3847 ps) Setup Check with Pin u_core_u_ctx_bank_ctx_nfast_packed_reg[1][254]/C->D
           View: wc_view
          Group: clk_osc_fast
     Startpoint: (R) u_core_u_meas_ctrl_state_q_reg[2]/C
          Clock: (R) clk_osc_fast
       Endpoint: (F) u_core_u_ctx_bank_ctx_nfast_packed_reg[1][254]/D
          Clock: (R) clk_osc_fast

                     Capture       Launch     
        Clock Edge:+     900            0     
       Src Latency:+       0            0     
       Net Latency:+       0 (I)        0 (I) 
           Arrival:=     900            0     
                                              
             Setup:-     639                  
       Uncertainty:-      50                  
     Required Time:=     211                  
      Launch Clock:-       0                  
         Data Path:-    4058                  
             Slack:=   -3847                  

#--------------------------------------------------------------------------------------------------------------------------
#                  Timing Point                    Flags   Arc   Edge   Cell     Fanout  Load Trans Delay Arrival Instance 
#                                                                                        (fF)  (ps)  (ps)   (ps)  Location 
#--------------------------------------------------------------------------------------------------------------------------
  u_core_u_meas_ctrl_state_q_reg[2]/C              -       -     R     (arrival)   1208     -     0     0       0    (-,-) 
  u_core_u_meas_ctrl_state_q_reg[2]/Q              -       C->Q  F     DFRRHDX1       3  58.0   471  1323    1323    (-,-) 
  g199282/Q                                        -       B->Q  R     NO2I1HDX4      3  63.7   432   516    1839    (-,-) 
  g196565/Q                                        -       A->Q  R     AND2HDX4       6  61.0   210   560    2399    (-,-) 
  g178756_dup/Q                                    -       A->Q  R     AND2HDX2       1  57.8   308   499    2898    (-,-) 
  fopt252836/Q                                     -       A->Q  R     BUHDX12        7 303.5   257   399    3297    (-,-) 
  fopt180229/Q                                     -       A->Q  R     BUHDX6        16 194.8   319   431    3727    (-,-) 
  g266846/Q                                        -       B->Q  F     ON22HDX1       1  11.2   241   330    4058    (-,-) 
  u_core_u_ctx_bank_ctx_nfast_packed_reg[1][254]/D -       -     F     DFRHDX0        1     -     -     0    4058    (-,-) 
#--------------------------------------------------------------------------------------------------------------------------



Path 24: VIOLATED (-3845 ps) Setup Check with Pin u_core_u_ctx_bank_ctx_nfast_packed_reg[1][279]/C->D
           View: wc_view
          Group: clk_osc_fast
     Startpoint: (R) u_core_u_meas_ctrl_state_q_reg[2]/C
          Clock: (R) clk_osc_fast
       Endpoint: (F) u_core_u_ctx_bank_ctx_nfast_packed_reg[1][279]/D
          Clock: (R) clk_osc_fast

                     Capture       Launch     
        Clock Edge:+     900            0     
       Src Latency:+       0            0     
       Net Latency:+       0 (I)        0 (I) 
           Arrival:=     900            0     
                                              
             Setup:-     622                  
       Uncertainty:-      50                  
     Required Time:=     228                  
      Launch Clock:-       0                  
         Data Path:-    4073                  
             Slack:=   -3845                  

#--------------------------------------------------------------------------------------------------------------------------
#                  Timing Point                    Flags   Arc   Edge   Cell     Fanout  Load Trans Delay Arrival Instance 
#                                                                                        (fF)  (ps)  (ps)   (ps)  Location 
#--------------------------------------------------------------------------------------------------------------------------
  u_core_u_meas_ctrl_state_q_reg[2]/C              -       -     R     (arrival)   1208     -     0     0       0    (-,-) 
  u_core_u_meas_ctrl_state_q_reg[2]/Q              -       C->Q  F     DFRRHDX1       3  58.0   471  1323    1323    (-,-) 
  g199282/Q                                        -       B->Q  R     NO2I1HDX4      3  63.7   432   516    1839    (-,-) 
  g196565/Q                                        -       A->Q  R     AND2HDX4       6  61.0   210   560    2399    (-,-) 
  g178756_dup/Q                                    -       A->Q  R     AND2HDX2       1  57.8   308   499    2898    (-,-) 
  fopt252836/Q                                     -       A->Q  R     BUHDX12        7 303.5   257   399    3297    (-,-) 
  fopt203424/Q                                     -       A->Q  R     BUHDX6        17 204.8   333   441    3738    (-,-) 
  g201209/Q                                        -       B->Q  F     ON22HDX1       1  11.2   244   335    4073    (-,-) 
  u_core_u_ctx_bank_ctx_nfast_packed_reg[1][279]/D -       -     F     DFRHDX1        1     -     -     0    4073    (-,-) 
#--------------------------------------------------------------------------------------------------------------------------



Path 25: VIOLATED (-3845 ps) Setup Check with Pin u_core_u_ctx_bank_ctx_hit_level_reg[1][48]/C->D
           View: wc_view
          Group: clk_osc_fast
     Startpoint: (R) u_core_u_meas_ctrl_state_q_reg[2]/C
          Clock: (R) clk_osc_fast
       Endpoint: (F) u_core_u_ctx_bank_ctx_hit_level_reg[1][48]/D
          Clock: (R) clk_osc_fast

                     Capture       Launch     
        Clock Edge:+     900            0     
       Src Latency:+       0            0     
       Net Latency:+       0 (I)        0 (I) 
           Arrival:=     900            0     
                                              
             Setup:-     622                  
       Uncertainty:-      50                  
     Required Time:=     228                  
      Launch Clock:-       0                  
         Data Path:-    4073                  
             Slack:=   -3845                  

#----------------------------------------------------------------------------------------------------------------------
#                Timing Point                  Flags   Arc   Edge   Cell     Fanout  Load Trans Delay Arrival Instance 
#                                                                                    (fF)  (ps)  (ps)   (ps)  Location 
#----------------------------------------------------------------------------------------------------------------------
  u_core_u_meas_ctrl_state_q_reg[2]/C          -       -     R     (arrival)   1208     -     0     0       0    (-,-) 
  u_core_u_meas_ctrl_state_q_reg[2]/Q          -       C->Q  F     DFRRHDX1       3  58.0   471  1323    1323    (-,-) 
  g199282/Q                                    -       B->Q  R     NO2I1HDX4      3  63.7   432   516    1839    (-,-) 
  g196565/Q                                    -       A->Q  R     AND2HDX4       6  61.0   210   560    2399    (-,-) 
  g178756_dup/Q                                -       A->Q  R     AND2HDX2       1  57.8   308   499    2898    (-,-) 
  fopt252836/Q                                 -       A->Q  R     BUHDX12        7 303.5   257   399    3297    (-,-) 
  fopt203424/Q                                 -       A->Q  R     BUHDX6        17 204.8   333   441    3738    (-,-) 
  g201208/Q                                    -       B->Q  F     ON22HDX1       1  11.2   244   335    4073    (-,-) 
  u_core_u_ctx_bank_ctx_hit_level_reg[1][48]/D -       -     F     DFRHDX1        1     -     -     0    4073    (-,-) 
#----------------------------------------------------------------------------------------------------------------------



Path 26: VIOLATED (-3841 ps) Setup Check with Pin u_core_u_ctx_bank_ctx_nfast_packed_reg[1][327]/C->D
           View: wc_view
          Group: clk_osc_fast
     Startpoint: (R) u_core_u_meas_ctrl_state_q_reg[2]/C
          Clock: (R) clk_osc_fast
       Endpoint: (F) u_core_u_ctx_bank_ctx_nfast_packed_reg[1][327]/D
          Clock: (R) clk_osc_fast

                     Capture       Launch     
        Clock Edge:+     900            0     
       Src Latency:+       0            0     
       Net Latency:+       0 (I)        0 (I) 
           Arrival:=     900            0     
                                              
             Setup:-     639                  
       Uncertainty:-      50                  
     Required Time:=     211                  
      Launch Clock:-       0                  
         Data Path:-    4052                  
             Slack:=   -3841                  

#--------------------------------------------------------------------------------------------------------------------------
#                  Timing Point                    Flags   Arc   Edge   Cell     Fanout  Load Trans Delay Arrival Instance 
#                                                                                        (fF)  (ps)  (ps)   (ps)  Location 
#--------------------------------------------------------------------------------------------------------------------------
  u_core_u_meas_ctrl_state_q_reg[2]/C              -       -     R     (arrival)   1208     -     0     0       0    (-,-) 
  u_core_u_meas_ctrl_state_q_reg[2]/Q              -       C->Q  F     DFRRHDX1       3  58.0   471  1323    1323    (-,-) 
  g199282/Q                                        -       B->Q  R     NO2I1HDX4      3  63.7   432   516    1839    (-,-) 
  g196565/Q                                        -       A->Q  R     AND2HDX4       6  61.0   210   560    2399    (-,-) 
  g178756_dup/Q                                    -       A->Q  R     AND2HDX2       1  57.8   308   499    2898    (-,-) 
  fopt252836/Q                                     -       A->Q  R     BUHDX12        7 303.5   257   399    3297    (-,-) 
  fopt201109/Q                                     -       A->Q  R     BUHDX6        17 207.1   337   444    3740    (-,-) 
  g201124/Q                                        -       C->Q  F     ON22HDX1       1  11.2   240   312    4052    (-,-) 
  u_core_u_ctx_bank_ctx_nfast_packed_reg[1][327]/D -       -     F     DFRHDX0        1     -     -     0    4052    (-,-) 
#--------------------------------------------------------------------------------------------------------------------------



Path 27: VIOLATED (-3841 ps) Setup Check with Pin u_core_u_ctx_bank_ctx_hit_level_reg[1][28]/C->D
           View: wc_view
          Group: clk_osc_fast
     Startpoint: (R) u_core_u_meas_ctrl_state_q_reg[2]/C
          Clock: (R) clk_osc_fast
       Endpoint: (F) u_core_u_ctx_bank_ctx_hit_level_reg[1][28]/D
          Clock: (R) clk_osc_fast

                     Capture       Launch     
        Clock Edge:+     900            0     
       Src Latency:+       0            0     
       Net Latency:+       0 (I)        0 (I) 
           Arrival:=     900            0     
                                              
             Setup:-     622                  
       Uncertainty:-      50                  
     Required Time:=     228                  
      Launch Clock:-       0                  
         Data Path:-    4069                  
             Slack:=   -3841                  

#----------------------------------------------------------------------------------------------------------------------
#                Timing Point                  Flags   Arc   Edge   Cell     Fanout  Load Trans Delay Arrival Instance 
#                                                                                    (fF)  (ps)  (ps)   (ps)  Location 
#----------------------------------------------------------------------------------------------------------------------
  u_core_u_meas_ctrl_state_q_reg[2]/C          -       -     R     (arrival)   1208     -     0     0       0    (-,-) 
  u_core_u_meas_ctrl_state_q_reg[2]/Q          -       C->Q  F     DFRRHDX1       3  58.0   471  1323    1323    (-,-) 
  g199282/Q                                    -       B->Q  R     NO2I1HDX4      3  63.7   432   516    1839    (-,-) 
  g196565/Q                                    -       A->Q  R     AND2HDX4       6  61.0   210   560    2399    (-,-) 
  g178756_dup/Q                                -       A->Q  R     AND2HDX2       1  57.8   308   499    2898    (-,-) 
  fopt252836/Q                                 -       A->Q  R     BUHDX12        7 303.5   257   399    3297    (-,-) 
  fopt252838/Q                                 -       A->Q  R     BUHDX12       32 403.6   329   438    3735    (-,-) 
  g252886/Q                                    -       B->Q  F     ON22HDX1       1  11.2   243   334    4069    (-,-) 
  u_core_u_ctx_bank_ctx_hit_level_reg[1][28]/D -       -     F     DFRHDX1        1     -     -     0    4069    (-,-) 
#----------------------------------------------------------------------------------------------------------------------



Path 28: VIOLATED (-3841 ps) Setup Check with Pin u_core_u_ctx_bank_ctx_hit_level_reg[1][9]/C->D
           View: wc_view
          Group: clk_osc_fast
     Startpoint: (R) u_core_u_meas_ctrl_state_q_reg[2]/C
          Clock: (R) clk_osc_fast
       Endpoint: (F) u_core_u_ctx_bank_ctx_hit_level_reg[1][9]/D
          Clock: (R) clk_osc_fast

                     Capture       Launch     
        Clock Edge:+     900            0     
       Src Latency:+       0            0     
       Net Latency:+       0 (I)        0 (I) 
           Arrival:=     900            0     
                                              
             Setup:-     622                  
       Uncertainty:-      50                  
     Required Time:=     228                  
      Launch Clock:-       0                  
         Data Path:-    4069                  
             Slack:=   -3841                  

#---------------------------------------------------------------------------------------------------------------------
#                Timing Point                 Flags   Arc   Edge   Cell     Fanout  Load Trans Delay Arrival Instance 
#                                                                                   (fF)  (ps)  (ps)   (ps)  Location 
#---------------------------------------------------------------------------------------------------------------------
  u_core_u_meas_ctrl_state_q_reg[2]/C         -       -     R     (arrival)   1208     -     0     0       0    (-,-) 
  u_core_u_meas_ctrl_state_q_reg[2]/Q         -       C->Q  F     DFRRHDX1       3  58.0   471  1323    1323    (-,-) 
  g199282/Q                                   -       B->Q  R     NO2I1HDX4      3  63.7   432   516    1839    (-,-) 
  g196565/Q                                   -       A->Q  R     AND2HDX4       6  61.0   210   560    2399    (-,-) 
  g178756_dup/Q                               -       A->Q  R     AND2HDX2       1  57.8   308   499    2898    (-,-) 
  fopt252836/Q                                -       A->Q  R     BUHDX12        7 303.5   257   399    3297    (-,-) 
  fopt252838/Q                                -       A->Q  R     BUHDX12       32 403.6   329   438    3735    (-,-) 
  g252885/Q                                   -       B->Q  F     ON22HDX1       1  11.2   243   334    4069    (-,-) 
  u_core_u_ctx_bank_ctx_hit_level_reg[1][9]/D -       -     F     DFRHDX1        1     -     -     0    4069    (-,-) 
#---------------------------------------------------------------------------------------------------------------------



Path 29: VIOLATED (-3839 ps) Setup Check with Pin u_core_u_ctx_bank_ctx_nfast_packed_reg[1][117]/C->D
           View: wc_view
          Group: clk_osc_fast
     Startpoint: (R) u_core_u_meas_ctrl_state_q_reg[2]/C
          Clock: (R) clk_osc_fast
       Endpoint: (F) u_core_u_ctx_bank_ctx_nfast_packed_reg[1][117]/D
          Clock: (R) clk_osc_fast

                     Capture       Launch     
        Clock Edge:+     900            0     
       Src Latency:+       0            0     
       Net Latency:+       0 (I)        0 (I) 
           Arrival:=     900            0     
                                              
             Setup:-     623                  
       Uncertainty:-      50                  
     Required Time:=     227                  
      Launch Clock:-       0                  
         Data Path:-    4066                  
             Slack:=   -3839                  

#--------------------------------------------------------------------------------------------------------------------------
#                  Timing Point                    Flags   Arc   Edge   Cell     Fanout  Load Trans Delay Arrival Instance 
#                                                                                        (fF)  (ps)  (ps)   (ps)  Location 
#--------------------------------------------------------------------------------------------------------------------------
  u_core_u_meas_ctrl_state_q_reg[2]/C              -       -     R     (arrival)   1208     -     0     0       0    (-,-) 
  u_core_u_meas_ctrl_state_q_reg[2]/Q              -       C->Q  F     DFRRHDX1       3  58.0   471  1323    1323    (-,-) 
  g199282/Q                                        -       B->Q  R     NO2I1HDX4      3  63.7   432   516    1839    (-,-) 
  g196565/Q                                        -       A->Q  R     AND2HDX4       6  61.0   210   560    2399    (-,-) 
  g178756_dup/Q                                    -       A->Q  R     AND2HDX2       1  57.8   308   499    2898    (-,-) 
  fopt252836/Q                                     -       A->Q  R     BUHDX12        7 303.5   257   399    3297    (-,-) 
  fopt216833/Q                                     -       A->Q  R     BUHDX12       31 400.4   327   437    3734    (-,-) 
  g266453/Q                                        -       B->Q  F     ON22HDX1       1  11.2   246   333    4066    (-,-) 
  u_core_u_ctx_bank_ctx_nfast_packed_reg[1][117]/D -       -     F     DFRHDX1        1     -     -     0    4066    (-,-) 
#--------------------------------------------------------------------------------------------------------------------------



Path 30: VIOLATED (-3839 ps) Setup Check with Pin u_core_u_ctx_bank_ctx_nfast_packed_reg[1][56]/C->D
           View: wc_view
          Group: clk_osc_fast
     Startpoint: (R) u_core_u_meas_ctrl_state_q_reg[2]/C
          Clock: (R) clk_osc_fast
       Endpoint: (F) u_core_u_ctx_bank_ctx_nfast_packed_reg[1][56]/D
          Clock: (R) clk_osc_fast

                     Capture       Launch     
        Clock Edge:+     900            0     
       Src Latency:+       0            0     
       Net Latency:+       0 (I)        0 (I) 
           Arrival:=     900            0     
                                              
             Setup:-     623                  
       Uncertainty:-      50                  
     Required Time:=     227                  
      Launch Clock:-       0                  
         Data Path:-    4066                  
             Slack:=   -3839                  

#-------------------------------------------------------------------------------------------------------------------------
#                  Timing Point                   Flags   Arc   Edge   Cell     Fanout  Load Trans Delay Arrival Instance 
#                                                                                       (fF)  (ps)  (ps)   (ps)  Location 
#-------------------------------------------------------------------------------------------------------------------------
  u_core_u_meas_ctrl_state_q_reg[2]/C             -       -     R     (arrival)   1208     -     0     0       0    (-,-) 
  u_core_u_meas_ctrl_state_q_reg[2]/Q             -       C->Q  F     DFRRHDX1       3  58.0   471  1323    1323    (-,-) 
  g199282/Q                                       -       B->Q  R     NO2I1HDX4      3  63.7   432   516    1839    (-,-) 
  g196565/Q                                       -       A->Q  R     AND2HDX4       6  61.0   210   560    2399    (-,-) 
  g178756_dup/Q                                   -       A->Q  R     AND2HDX2       1  57.8   308   499    2898    (-,-) 
  fopt252836/Q                                    -       A->Q  R     BUHDX12        7 303.5   257   399    3297    (-,-) 
  fopt216833/Q                                    -       A->Q  R     BUHDX12       31 400.4   327   437    3734    (-,-) 
  g266832/Q                                       -       B->Q  F     ON22HDX1       1  11.2   246   333    4066    (-,-) 
  u_core_u_ctx_bank_ctx_nfast_packed_reg[1][56]/D -       -     F     DFRHDX1        1     -     -     0    4066    (-,-) 
#-------------------------------------------------------------------------------------------------------------------------



Path 31: VIOLATED (-3839 ps) Setup Check with Pin u_core_u_ctx_bank_ctx_nfast_packed_reg[1][34]/C->D
           View: wc_view
          Group: clk_osc_fast
     Startpoint: (R) u_core_u_meas_ctrl_state_q_reg[2]/C
          Clock: (R) clk_osc_fast
       Endpoint: (F) u_core_u_ctx_bank_ctx_nfast_packed_reg[1][34]/D
          Clock: (R) clk_osc_fast

                     Capture       Launch     
        Clock Edge:+     900            0     
       Src Latency:+       0            0     
       Net Latency:+       0 (I)        0 (I) 
           Arrival:=     900            0     
                                              
             Setup:-     640                  
       Uncertainty:-      50                  
     Required Time:=     210                  
      Launch Clock:-       0                  
         Data Path:-    4049                  
             Slack:=   -3839                  

#-------------------------------------------------------------------------------------------------------------------------
#                  Timing Point                   Flags   Arc   Edge   Cell     Fanout  Load Trans Delay Arrival Instance 
#                                                                                       (fF)  (ps)  (ps)   (ps)  Location 
#-------------------------------------------------------------------------------------------------------------------------
  u_core_u_meas_ctrl_state_q_reg[2]/C             -       -     R     (arrival)   1208     -     0     0       0    (-,-) 
  u_core_u_meas_ctrl_state_q_reg[2]/Q             -       C->Q  F     DFRRHDX1       3  58.0   471  1323    1323    (-,-) 
  g199282/Q                                       -       B->Q  R     NO2I1HDX4      3  63.7   432   516    1839    (-,-) 
  g196565/Q                                       -       A->Q  R     AND2HDX4       6  61.0   210   560    2399    (-,-) 
  g178756_dup/Q                                   -       A->Q  R     AND2HDX2       1  57.8   308   499    2898    (-,-) 
  fopt252836/Q                                    -       A->Q  R     BUHDX12        7 303.5   257   399    3297    (-,-) 
  fopt203424/Q                                    -       A->Q  R     BUHDX6        17 204.8   333   441    3738    (-,-) 
  g266830/Q                                       -       C->Q  F     ON22HDX1       1  11.2   245   311    4049    (-,-) 
  u_core_u_ctx_bank_ctx_nfast_packed_reg[1][34]/D -       -     F     DFRHDX0        1     -     -     0    4049    (-,-) 
#-------------------------------------------------------------------------------------------------------------------------



Path 32: VIOLATED (-3839 ps) Setup Check with Pin u_core_u_ctx_bank_ctx_nfast_packed_reg[1][286]/C->D
           View: wc_view
          Group: clk_osc_fast
     Startpoint: (R) u_core_u_meas_ctrl_state_q_reg[2]/C
          Clock: (R) clk_osc_fast
       Endpoint: (F) u_core_u_ctx_bank_ctx_nfast_packed_reg[1][286]/D
          Clock: (R) clk_osc_fast

                     Capture       Launch     
        Clock Edge:+     900            0     
       Src Latency:+       0            0     
       Net Latency:+       0 (I)        0 (I) 
           Arrival:=     900            0     
                                              
             Setup:-     640                  
       Uncertainty:-      50                  
     Required Time:=     210                  
      Launch Clock:-       0                  
         Data Path:-    4049                  
             Slack:=   -3839                  

#--------------------------------------------------------------------------------------------------------------------------
#                  Timing Point                    Flags   Arc   Edge   Cell     Fanout  Load Trans Delay Arrival Instance 
#                                                                                        (fF)  (ps)  (ps)   (ps)  Location 
#--------------------------------------------------------------------------------------------------------------------------
  u_core_u_meas_ctrl_state_q_reg[2]/C              -       -     R     (arrival)   1208     -     0     0       0    (-,-) 
  u_core_u_meas_ctrl_state_q_reg[2]/Q              -       C->Q  F     DFRRHDX1       3  58.0   471  1323    1323    (-,-) 
  g199282/Q                                        -       B->Q  R     NO2I1HDX4      3  63.7   432   516    1839    (-,-) 
  g196565/Q                                        -       A->Q  R     AND2HDX4       6  61.0   210   560    2399    (-,-) 
  g178756_dup/Q                                    -       A->Q  R     AND2HDX2       1  57.8   308   499    2898    (-,-) 
  fopt252836/Q                                     -       A->Q  R     BUHDX12        7 303.5   257   399    3297    (-,-) 
  fopt203424/Q                                     -       A->Q  R     BUHDX6        17 204.8   333   441    3738    (-,-) 
  g266459/Q                                        -       C->Q  F     ON22HDX1       1  11.2   244   311    4049    (-,-) 
  u_core_u_ctx_bank_ctx_nfast_packed_reg[1][286]/D -       -     F     DFRHDX0        1     -     -     0    4049    (-,-) 
#--------------------------------------------------------------------------------------------------------------------------



Path 33: VIOLATED (-3839 ps) Setup Check with Pin u_core_u_ctx_bank_ctx_nfast_packed_reg[1][32]/C->D
           View: wc_view
          Group: clk_osc_fast
     Startpoint: (R) u_core_u_meas_ctrl_state_q_reg[2]/C
          Clock: (R) clk_osc_fast
       Endpoint: (F) u_core_u_ctx_bank_ctx_nfast_packed_reg[1][32]/D
          Clock: (R) clk_osc_fast

                     Capture       Launch     
        Clock Edge:+     900            0     
       Src Latency:+       0            0     
       Net Latency:+       0 (I)        0 (I) 
           Arrival:=     900            0     
                                              
             Setup:-     640                  
       Uncertainty:-      50                  
     Required Time:=     210                  
      Launch Clock:-       0                  
         Data Path:-    4049                  
             Slack:=   -3839                  

#-------------------------------------------------------------------------------------------------------------------------
#                  Timing Point                   Flags   Arc   Edge   Cell     Fanout  Load Trans Delay Arrival Instance 
#                                                                                       (fF)  (ps)  (ps)   (ps)  Location 
#-------------------------------------------------------------------------------------------------------------------------
  u_core_u_meas_ctrl_state_q_reg[2]/C             -       -     R     (arrival)   1208     -     0     0       0    (-,-) 
  u_core_u_meas_ctrl_state_q_reg[2]/Q             -       C->Q  F     DFRRHDX1       3  58.0   471  1323    1323    (-,-) 
  g199282/Q                                       -       B->Q  R     NO2I1HDX4      3  63.7   432   516    1839    (-,-) 
  g196565/Q                                       -       A->Q  R     AND2HDX4       6  61.0   210   560    2399    (-,-) 
  g178756_dup/Q                                   -       A->Q  R     AND2HDX2       1  57.8   308   499    2898    (-,-) 
  fopt252836/Q                                    -       A->Q  R     BUHDX12        7 303.5   257   399    3297    (-,-) 
  fopt203424/Q                                    -       A->Q  R     BUHDX6        17 204.8   333   441    3738    (-,-) 
  g266458/Q                                       -       C->Q  F     ON22HDX1       1  11.2   244   311    4049    (-,-) 
  u_core_u_ctx_bank_ctx_nfast_packed_reg[1][32]/D -       -     F     DFRHDX0        1     -     -     0    4049    (-,-) 
#-------------------------------------------------------------------------------------------------------------------------



Path 34: VIOLATED (-3839 ps) Setup Check with Pin u_core_u_ctx_bank_ctx_hit_level_reg[1][3]/C->D
           View: wc_view
          Group: clk_osc_fast
     Startpoint: (R) u_core_u_meas_ctrl_state_q_reg[2]/C
          Clock: (R) clk_osc_fast
       Endpoint: (F) u_core_u_ctx_bank_ctx_hit_level_reg[1][3]/D
          Clock: (R) clk_osc_fast

                     Capture       Launch     
        Clock Edge:+     900            0     
       Src Latency:+       0            0     
       Net Latency:+       0 (I)        0 (I) 
           Arrival:=     900            0     
                                              
             Setup:-     640                  
       Uncertainty:-      50                  
     Required Time:=     210                  
      Launch Clock:-       0                  
         Data Path:-    4049                  
             Slack:=   -3839                  

#---------------------------------------------------------------------------------------------------------------------
#                Timing Point                 Flags   Arc   Edge   Cell     Fanout  Load Trans Delay Arrival Instance 
#                                                                                   (fF)  (ps)  (ps)   (ps)  Location 
#---------------------------------------------------------------------------------------------------------------------
  u_core_u_meas_ctrl_state_q_reg[2]/C         -       -     R     (arrival)   1208     -     0     0       0    (-,-) 
  u_core_u_meas_ctrl_state_q_reg[2]/Q         -       C->Q  F     DFRRHDX1       3  58.0   471  1323    1323    (-,-) 
  g199282/Q                                   -       B->Q  R     NO2I1HDX4      3  63.7   432   516    1839    (-,-) 
  g196565/Q                                   -       A->Q  R     AND2HDX4       6  61.0   210   560    2399    (-,-) 
  g178756_dup/Q                               -       A->Q  R     AND2HDX2       1  57.8   308   499    2898    (-,-) 
  fopt252836/Q                                -       A->Q  R     BUHDX12        7 303.5   257   399    3297    (-,-) 
  fopt203424/Q                                -       A->Q  R     BUHDX6        17 204.8   333   441    3738    (-,-) 
  g266457/Q                                   -       C->Q  F     ON22HDX1       1  11.2   244   311    4049    (-,-) 
  u_core_u_ctx_bank_ctx_hit_level_reg[1][3]/D -       -     F     DFRHDX0        1     -     -     0    4049    (-,-) 
#---------------------------------------------------------------------------------------------------------------------



Path 35: VIOLATED (-3838 ps) Setup Check with Pin u_core_u_ctx_bank_ctx_nfast_packed_reg[1][161]/C->D
           View: wc_view
          Group: clk_osc_fast
     Startpoint: (R) u_core_u_meas_ctrl_state_q_reg[2]/C
          Clock: (R) clk_osc_fast
       Endpoint: (F) u_core_u_ctx_bank_ctx_nfast_packed_reg[1][161]/D
          Clock: (R) clk_osc_fast

                     Capture       Launch     
        Clock Edge:+     900            0     
       Src Latency:+       0            0     
       Net Latency:+       0 (I)        0 (I) 
           Arrival:=     900            0     
                                              
             Setup:-     622                  
       Uncertainty:-      50                  
     Required Time:=     228                  
      Launch Clock:-       0                  
         Data Path:-    4066                  
             Slack:=   -3838                  

#--------------------------------------------------------------------------------------------------------------------------
#                  Timing Point                    Flags   Arc   Edge   Cell     Fanout  Load Trans Delay Arrival Instance 
#                                                                                        (fF)  (ps)  (ps)   (ps)  Location 
#--------------------------------------------------------------------------------------------------------------------------
  u_core_u_meas_ctrl_state_q_reg[2]/C              -       -     R     (arrival)   1208     -     0     0       0    (-,-) 
  u_core_u_meas_ctrl_state_q_reg[2]/Q              -       C->Q  F     DFRRHDX1       3  58.0   471  1323    1323    (-,-) 
  g199282/Q                                        -       B->Q  R     NO2I1HDX4      3  63.7   432   516    1839    (-,-) 
  g196565/Q                                        -       A->Q  R     AND2HDX4       6  61.0   210   560    2399    (-,-) 
  g178756_dup/Q                                    -       A->Q  R     AND2HDX2       1  57.8   308   499    2898    (-,-) 
  fopt252836/Q                                     -       A->Q  R     BUHDX12        7 303.5   257   399    3297    (-,-) 
  fopt216833/Q                                     -       A->Q  R     BUHDX12       31 400.4   327   437    3734    (-,-) 
  g216867/Q                                        -       B->Q  F     ON22HDX1       1  11.2   243   333    4066    (-,-) 
  u_core_u_ctx_bank_ctx_nfast_packed_reg[1][161]/D -       -     F     DFRHDX1        1     -     -     0    4066    (-,-) 
#--------------------------------------------------------------------------------------------------------------------------



Path 36: VIOLATED (-3838 ps) Setup Check with Pin u_core_u_ctx_bank_ctx_nfast_snap_reg[1][2]/C->D
           View: wc_view
          Group: clk_osc_fast
     Startpoint: (R) u_core_u_meas_ctrl_state_q_reg[2]/C
          Clock: (R) clk_osc_fast
       Endpoint: (F) u_core_u_ctx_bank_ctx_nfast_snap_reg[1][2]/D
          Clock: (R) clk_osc_fast

                     Capture       Launch     
        Clock Edge:+     900            0     
       Src Latency:+       0            0     
       Net Latency:+       0 (I)        0 (I) 
           Arrival:=     900            0     
                                              
             Setup:-     619                  
       Uncertainty:-      50                  
     Required Time:=     231                  
      Launch Clock:-       0                  
         Data Path:-    4069                  
             Slack:=   -3838                  

#----------------------------------------------------------------------------------------------------------------------
#                Timing Point                  Flags   Arc   Edge   Cell     Fanout  Load Trans Delay Arrival Instance 
#                                                                                    (fF)  (ps)  (ps)   (ps)  Location 
#----------------------------------------------------------------------------------------------------------------------
  u_core_u_meas_ctrl_state_q_reg[2]/C          -       -     R     (arrival)   1208     -     0     0       0    (-,-) 
  u_core_u_meas_ctrl_state_q_reg[2]/Q          -       C->Q  F     DFRRHDX1       3  58.0   471  1323    1323    (-,-) 
  g199282/Q                                    -       B->Q  R     NO2I1HDX4      3  63.7   432   516    1839    (-,-) 
  g196565/Q                                    -       A->Q  R     AND2HDX4       6  61.0   210   560    2399    (-,-) 
  g178756_dup/Q                                -       A->Q  R     AND2HDX2       1  57.8   308   499    2898    (-,-) 
  fopt252836/Q                                 -       A->Q  R     BUHDX12        7 303.5   257   399    3297    (-,-) 
  fopt202906/Q                                 -       A->Q  R     BUHDX12       33 395.3   323   434    3731    (-,-) 
  g202938/Q                                    -       D->Q  F     ON22HDX1       1  11.2   231   338    4069    (-,-) 
  u_core_u_ctx_bank_ctx_nfast_snap_reg[1][2]/D -       -     F     DFRHDX1        1     -     -     0    4069    (-,-) 
#----------------------------------------------------------------------------------------------------------------------



Path 37: VIOLATED (-3837 ps) Setup Check with Pin u_core_u_ctx_bank_ctx_nfast_snap_reg[1][6]/C->D
           View: wc_view
          Group: clk_osc_fast
     Startpoint: (R) u_core_u_meas_ctrl_state_q_reg[2]/C
          Clock: (R) clk_osc_fast
       Endpoint: (F) u_core_u_ctx_bank_ctx_nfast_snap_reg[1][6]/D
          Clock: (R) clk_osc_fast

                     Capture       Launch     
        Clock Edge:+     900            0     
       Src Latency:+       0            0     
       Net Latency:+       0 (I)        0 (I) 
           Arrival:=     900            0     
                                              
             Setup:-     622                  
       Uncertainty:-      50                  
     Required Time:=     228                  
      Launch Clock:-       0                  
         Data Path:-    4065                  
             Slack:=   -3837                  

#----------------------------------------------------------------------------------------------------------------------
#                Timing Point                  Flags   Arc   Edge   Cell     Fanout  Load Trans Delay Arrival Instance 
#                                                                                    (fF)  (ps)  (ps)   (ps)  Location 
#----------------------------------------------------------------------------------------------------------------------
  u_core_u_meas_ctrl_state_q_reg[2]/C          -       -     R     (arrival)   1208     -     0     0       0    (-,-) 
  u_core_u_meas_ctrl_state_q_reg[2]/Q          -       C->Q  F     DFRRHDX1       3  58.0   471  1323    1323    (-,-) 
  g199282/Q                                    -       B->Q  R     NO2I1HDX4      3  63.7   432   516    1839    (-,-) 
  g196565/Q                                    -       A->Q  R     AND2HDX4       6  61.0   210   560    2399    (-,-) 
  g178756_dup/Q                                -       A->Q  R     AND2HDX2       1  57.8   308   499    2898    (-,-) 
  fopt252836/Q                                 -       A->Q  R     BUHDX12        7 303.5   257   399    3297    (-,-) 
  fopt180229/Q                                 -       A->Q  R     BUHDX6        16 194.8   319   431    3727    (-,-) 
  g181071/Q                                    -       D->Q  F     ON22HDX1       1  11.2   244   337    4065    (-,-) 
  u_core_u_ctx_bank_ctx_nfast_snap_reg[1][6]/D -       -     F     DFRHDX1        1     -     -     0    4065    (-,-) 
#----------------------------------------------------------------------------------------------------------------------



Path 38: VIOLATED (-3837 ps) Setup Check with Pin u_core_u_ctx_bank_ctx_nfast_packed_reg[1][400]/C->D
           View: wc_view
          Group: clk_osc_fast
     Startpoint: (R) u_core_u_meas_ctrl_state_q_reg[2]/C
          Clock: (R) clk_osc_fast
       Endpoint: (F) u_core_u_ctx_bank_ctx_nfast_packed_reg[1][400]/D
          Clock: (R) clk_osc_fast

                     Capture       Launch     
        Clock Edge:+     900            0     
       Src Latency:+       0            0     
       Net Latency:+       0 (I)        0 (I) 
           Arrival:=     900            0     
                                              
             Setup:-     622                  
       Uncertainty:-      50                  
     Required Time:=     228                  
      Launch Clock:-       0                  
         Data Path:-    4065                  
             Slack:=   -3837                  

#--------------------------------------------------------------------------------------------------------------------------
#                  Timing Point                    Flags   Arc   Edge   Cell     Fanout  Load Trans Delay Arrival Instance 
#                                                                                        (fF)  (ps)  (ps)   (ps)  Location 
#--------------------------------------------------------------------------------------------------------------------------
  u_core_u_meas_ctrl_state_q_reg[2]/C              -       -     R     (arrival)   1208     -     0     0       0    (-,-) 
  u_core_u_meas_ctrl_state_q_reg[2]/Q              -       C->Q  F     DFRRHDX1       3  58.0   471  1323    1323    (-,-) 
  g199282/Q                                        -       B->Q  R     NO2I1HDX4      3  63.7   432   516    1839    (-,-) 
  g196565/Q                                        -       A->Q  R     AND2HDX4       6  61.0   210   560    2399    (-,-) 
  g178756_dup/Q                                    -       A->Q  R     AND2HDX2       1  57.8   308   499    2898    (-,-) 
  fopt252836/Q                                     -       A->Q  R     BUHDX12        7 303.5   257   399    3297    (-,-) 
  fopt252840/Q                                     -       A->Q  R     BUHDX12       31 398.6   326   436    3732    (-,-) 
  g279637/Q                                        -       B->Q  F     ON22HDX1       1  11.2   242   332    4065    (-,-) 
  u_core_u_ctx_bank_ctx_nfast_packed_reg[1][400]/D -       -     F     DFRHDX1        1     -     -     0    4065    (-,-) 
#--------------------------------------------------------------------------------------------------------------------------



Path 39: VIOLATED (-3837 ps) Setup Check with Pin u_core_u_ctx_bank_ctx_nfast_packed_reg[1][158]/C->D
           View: wc_view
          Group: clk_osc_fast
     Startpoint: (R) u_core_u_meas_ctrl_state_q_reg[2]/C
          Clock: (R) clk_osc_fast
       Endpoint: (F) u_core_u_ctx_bank_ctx_nfast_packed_reg[1][158]/D
          Clock: (R) clk_osc_fast

                     Capture       Launch     
        Clock Edge:+     900            0     
       Src Latency:+       0            0     
       Net Latency:+       0 (I)        0 (I) 
           Arrival:=     900            0     
                                              
             Setup:-     622                  
       Uncertainty:-      50                  
     Required Time:=     228                  
      Launch Clock:-       0                  
         Data Path:-    4065                  
             Slack:=   -3837                  

#--------------------------------------------------------------------------------------------------------------------------
#                  Timing Point                    Flags   Arc   Edge   Cell     Fanout  Load Trans Delay Arrival Instance 
#                                                                                        (fF)  (ps)  (ps)   (ps)  Location 
#--------------------------------------------------------------------------------------------------------------------------
  u_core_u_meas_ctrl_state_q_reg[2]/C              -       -     R     (arrival)   1208     -     0     0       0    (-,-) 
  u_core_u_meas_ctrl_state_q_reg[2]/Q              -       C->Q  F     DFRRHDX1       3  58.0   471  1323    1323    (-,-) 
  g199282/Q                                        -       B->Q  R     NO2I1HDX4      3  63.7   432   516    1839    (-,-) 
  g196565/Q                                        -       A->Q  R     AND2HDX4       6  61.0   210   560    2399    (-,-) 
  g178756_dup/Q                                    -       A->Q  R     AND2HDX2       1  57.8   308   499    2898    (-,-) 
  fopt252836/Q                                     -       A->Q  R     BUHDX12        7 303.5   257   399    3297    (-,-) 
  fopt252840/Q                                     -       A->Q  R     BUHDX12       31 398.6   326   436    3732    (-,-) 
  g252849/Q                                        -       B->Q  F     ON22HDX1       1  11.2   242   332    4065    (-,-) 
  u_core_u_ctx_bank_ctx_nfast_packed_reg[1][158]/D -       -     F     DFRHDX1        1     -     -     0    4065    (-,-) 
#--------------------------------------------------------------------------------------------------------------------------



Path 40: VIOLATED (-3827 ps) Setup Check with Pin u_core_u_ctx_bank_ctx_nfast_packed_reg[0][433]/C->D
           View: wc_view
          Group: clk_osc_fast
     Startpoint: (R) u_core_u_meas_ctrl_state_q_reg[0]/C
          Clock: (R) clk_osc_fast
       Endpoint: (F) u_core_u_ctx_bank_ctx_nfast_packed_reg[0][433]/D
          Clock: (R) clk_osc_fast

                     Capture       Launch     
        Clock Edge:+     900            0     
       Src Latency:+       0            0     
       Net Latency:+       0 (I)        0 (I) 
           Arrival:=     900            0     
                                              
             Setup:-     610                  
       Uncertainty:-      50                  
     Required Time:=     240                  
      Launch Clock:-       0                  
         Data Path:-    4068                  
             Slack:=   -3827                  

#--------------------------------------------------------------------------------------------------------------------------
#                  Timing Point                    Flags   Arc   Edge   Cell     Fanout  Load Trans Delay Arrival Instance 
#                                                                                        (fF)  (ps)  (ps)   (ps)  Location 
#--------------------------------------------------------------------------------------------------------------------------
  u_core_u_meas_ctrl_state_q_reg[0]/C              -       -     R     (arrival)   1208     -     0     0       0    (-,-) 
  u_core_u_meas_ctrl_state_q_reg[0]/QN             -       C->QN F     DFRRHDX1       4  50.3   322  1406    1406    (-,-) 
  g199283/Q                                        -       A->Q  F     AND2HDX2       1  38.2   152   506    1911    (-,-) 
  g199281/Q                                        -       A->Q  R     NA2HDX4        2  56.7   290   274    2186    (-,-) 
  g199280/Q                                        -       A->Q  R     BUHDX6         9 211.8   344   458    2644    (-,-) 
  g140139/Q                                        -       A->Q  R     BUHDX8         4 220.3   277   422    3066    (-,-) 
  g140136/Q                                        -       A->Q  R     BUHDX12       32 261.1   228   368    3434    (-,-) 
  g193626/Q                                        -       AN->Q R     NA2I1HDX1      1  15.8   332   404    3838    (-,-) 
  g214675/Q                                        -       C->Q  F     NA22HDX1       1  11.2   177   230    4067    (-,-) 
  u_core_u_ctx_bank_ctx_nfast_packed_reg[0][433]/D -       -     F     DFRQHDX1       1     -     -     0    4068    (-,-) 
#--------------------------------------------------------------------------------------------------------------------------



Path 41: VIOLATED (-3827 ps) Setup Check with Pin u_core_u_ctx_bank_ctx_nfast_packed_reg[0][225]/C->D
           View: wc_view
          Group: clk_osc_fast
     Startpoint: (R) u_core_u_meas_ctrl_state_q_reg[0]/C
          Clock: (R) clk_osc_fast
       Endpoint: (F) u_core_u_ctx_bank_ctx_nfast_packed_reg[0][225]/D
          Clock: (R) clk_osc_fast

                     Capture       Launch     
        Clock Edge:+     900            0     
       Src Latency:+       0            0     
       Net Latency:+       0 (I)        0 (I) 
           Arrival:=     900            0     
                                              
             Setup:-     610                  
       Uncertainty:-      50                  
     Required Time:=     240                  
      Launch Clock:-       0                  
         Data Path:-    4067                  
             Slack:=   -3827                  

#--------------------------------------------------------------------------------------------------------------------------
#                  Timing Point                    Flags   Arc   Edge   Cell     Fanout  Load Trans Delay Arrival Instance 
#                                                                                        (fF)  (ps)  (ps)   (ps)  Location 
#--------------------------------------------------------------------------------------------------------------------------
  u_core_u_meas_ctrl_state_q_reg[0]/C              -       -     R     (arrival)   1208     -     0     0       0    (-,-) 
  u_core_u_meas_ctrl_state_q_reg[0]/QN             -       C->QN F     DFRRHDX1       4  50.3   322  1406    1406    (-,-) 
  g199283/Q                                        -       A->Q  F     AND2HDX2       1  38.2   152   506    1911    (-,-) 
  g199281/Q                                        -       A->Q  R     NA2HDX4        2  56.7   290   274    2186    (-,-) 
  g199280/Q                                        -       A->Q  R     BUHDX6         9 211.8   344   458    2644    (-,-) 
  g140139/Q                                        -       A->Q  R     BUHDX8         4 220.3   277   422    3066    (-,-) 
  g140136/Q                                        -       A->Q  R     BUHDX12       32 261.1   228   368    3434    (-,-) 
  g156115/Q                                        -       AN->Q R     NA2I1HDX1      1  15.8   331   404    3838    (-,-) 
  g225206/Q                                        -       C->Q  F     NA22HDX1       1  11.2   177   230    4067    (-,-) 
  u_core_u_ctx_bank_ctx_nfast_packed_reg[0][225]/D -       -     F     DFRQHDX1       1     -     -     0    4067    (-,-) 
#--------------------------------------------------------------------------------------------------------------------------



Path 42: VIOLATED (-3824 ps) Setup Check with Pin u_core_u_ctx_bank_ctx_nfast_packed_reg[0][215]/C->D
           View: wc_view
          Group: clk_osc_fast
     Startpoint: (R) u_core_u_meas_ctrl_state_q_reg[0]/C
          Clock: (R) clk_osc_fast
       Endpoint: (F) u_core_u_ctx_bank_ctx_nfast_packed_reg[0][215]/D
          Clock: (R) clk_osc_fast

                     Capture       Launch     
        Clock Edge:+     900            0     
       Src Latency:+       0            0     
       Net Latency:+       0 (I)        0 (I) 
           Arrival:=     900            0     
                                              
             Setup:-     610                  
       Uncertainty:-      50                  
     Required Time:=     240                  
      Launch Clock:-       0                  
         Data Path:-    4064                  
             Slack:=   -3824                  

#--------------------------------------------------------------------------------------------------------------------------
#                  Timing Point                    Flags   Arc   Edge   Cell     Fanout  Load Trans Delay Arrival Instance 
#                                                                                        (fF)  (ps)  (ps)   (ps)  Location 
#--------------------------------------------------------------------------------------------------------------------------
  u_core_u_meas_ctrl_state_q_reg[0]/C              -       -     R     (arrival)   1208     -     0     0       0    (-,-) 
  u_core_u_meas_ctrl_state_q_reg[0]/QN             -       C->QN F     DFRRHDX1       4  50.3   322  1406    1406    (-,-) 
  g199283/Q                                        -       A->Q  F     AND2HDX2       1  38.2   152   506    1911    (-,-) 
  g199281/Q                                        -       A->Q  R     NA2HDX4        2  56.7   290   274    2186    (-,-) 
  g199280/Q                                        -       A->Q  R     BUHDX6         9 211.8   344   458    2644    (-,-) 
  g174579/Q                                        -       A->Q  R     BUHDX8         4 220.3   277   422    3066    (-,-) 
  g140146/Q                                        -       A->Q  R     BUHDX12       32 257.1   225   365    3431    (-,-) 
  g156100/Q                                        -       AN->Q R     NA2I1HDX1      1  15.8   332   403    3834    (-,-) 
  g161879/Q                                        -       C->Q  F     NA22HDX1       1  11.2   177   230    4064    (-,-) 
  u_core_u_ctx_bank_ctx_nfast_packed_reg[0][215]/D -       -     F     DFRQHDX1       1     -     -     0    4064    (-,-) 
#--------------------------------------------------------------------------------------------------------------------------



Path 43: VIOLATED (-3824 ps) Setup Check with Pin u_core_u_ctx_bank_ctx_nfast_packed_reg[0][214]/C->D
           View: wc_view
          Group: clk_osc_fast
     Startpoint: (R) u_core_u_meas_ctrl_state_q_reg[0]/C
          Clock: (R) clk_osc_fast
       Endpoint: (F) u_core_u_ctx_bank_ctx_nfast_packed_reg[0][214]/D
          Clock: (R) clk_osc_fast

                     Capture       Launch     
        Clock Edge:+     900            0     
       Src Latency:+       0            0     
       Net Latency:+       0 (I)        0 (I) 
           Arrival:=     900            0     
                                              
             Setup:-     610                  
       Uncertainty:-      50                  
     Required Time:=     240                  
      Launch Clock:-       0                  
         Data Path:-    4064                  
             Slack:=   -3824                  

#--------------------------------------------------------------------------------------------------------------------------
#                  Timing Point                    Flags   Arc   Edge   Cell     Fanout  Load Trans Delay Arrival Instance 
#                                                                                        (fF)  (ps)  (ps)   (ps)  Location 
#--------------------------------------------------------------------------------------------------------------------------
  u_core_u_meas_ctrl_state_q_reg[0]/C              -       -     R     (arrival)   1208     -     0     0       0    (-,-) 
  u_core_u_meas_ctrl_state_q_reg[0]/QN             -       C->QN F     DFRRHDX1       4  50.3   322  1406    1406    (-,-) 
  g199283/Q                                        -       A->Q  F     AND2HDX2       1  38.2   152   506    1911    (-,-) 
  g199281/Q                                        -       A->Q  R     NA2HDX4        2  56.7   290   274    2186    (-,-) 
  g199280/Q                                        -       A->Q  R     BUHDX6         9 211.8   344   458    2644    (-,-) 
  g174579/Q                                        -       A->Q  R     BUHDX8         4 220.3   277   422    3066    (-,-) 
  g140146/Q                                        -       A->Q  R     BUHDX12       32 257.1   225   365    3431    (-,-) 
  g156109/Q                                        -       AN->Q R     NA2I1HDX1      1  15.8   332   403    3834    (-,-) 
  g214846/Q                                        -       C->Q  F     NA22HDX1       1  11.2   177   230    4064    (-,-) 
  u_core_u_ctx_bank_ctx_nfast_packed_reg[0][214]/D -       -     F     DFRQHDX1       1     -     -     0    4064    (-,-) 
#--------------------------------------------------------------------------------------------------------------------------



Path 44: VIOLATED (-3824 ps) Setup Check with Pin u_core_u_ctx_bank_ctx_nfast_packed_reg[0][211]/C->D
           View: wc_view
          Group: clk_osc_fast
     Startpoint: (R) u_core_u_meas_ctrl_state_q_reg[0]/C
          Clock: (R) clk_osc_fast
       Endpoint: (F) u_core_u_ctx_bank_ctx_nfast_packed_reg[0][211]/D
          Clock: (R) clk_osc_fast

                     Capture       Launch     
        Clock Edge:+     900            0     
       Src Latency:+       0            0     
       Net Latency:+       0 (I)        0 (I) 
           Arrival:=     900            0     
                                              
             Setup:-     610                  
       Uncertainty:-      50                  
     Required Time:=     240                  
      Launch Clock:-       0                  
         Data Path:-    4064                  
             Slack:=   -3824                  

#--------------------------------------------------------------------------------------------------------------------------
#                  Timing Point                    Flags   Arc   Edge   Cell     Fanout  Load Trans Delay Arrival Instance 
#                                                                                        (fF)  (ps)  (ps)   (ps)  Location 
#--------------------------------------------------------------------------------------------------------------------------
  u_core_u_meas_ctrl_state_q_reg[0]/C              -       -     R     (arrival)   1208     -     0     0       0    (-,-) 
  u_core_u_meas_ctrl_state_q_reg[0]/QN             -       C->QN F     DFRRHDX1       4  50.3   322  1406    1406    (-,-) 
  g199283/Q                                        -       A->Q  F     AND2HDX2       1  38.2   152   506    1911    (-,-) 
  g199281/Q                                        -       A->Q  R     NA2HDX4        2  56.7   290   274    2186    (-,-) 
  g199280/Q                                        -       A->Q  R     BUHDX6         9 211.8   344   458    2644    (-,-) 
  g174579/Q                                        -       A->Q  R     BUHDX8         4 220.3   277   422    3066    (-,-) 
  g140148/Q                                        -       A->Q  R     BUHDX12       32 256.8   225   365    3431    (-,-) 
  g156099/Q                                        -       AN->Q R     NA2I1HDX1      1  15.8   332   403    3834    (-,-) 
  g162148/Q                                        -       C->Q  F     NA22HDX1       1  11.2   177   230    4064    (-,-) 
  u_core_u_ctx_bank_ctx_nfast_packed_reg[0][211]/D -       -     F     DFRQHDX1       1     -     -     0    4064    (-,-) 
#--------------------------------------------------------------------------------------------------------------------------



Path 45: VIOLATED (-3822 ps) Setup Check with Pin u_core_u_ctx_bank_ctx_nfast_packed_reg[0][218]/C->D
           View: wc_view
          Group: clk_osc_fast
     Startpoint: (R) u_core_u_meas_ctrl_state_q_reg[0]/C
          Clock: (R) clk_osc_fast
       Endpoint: (F) u_core_u_ctx_bank_ctx_nfast_packed_reg[0][218]/D
          Clock: (R) clk_osc_fast

                     Capture       Launch     
        Clock Edge:+     900            0     
       Src Latency:+       0            0     
       Net Latency:+       0 (I)        0 (I) 
           Arrival:=     900            0     
                                              
             Setup:-     610                  
       Uncertainty:-      50                  
     Required Time:=     240                  
      Launch Clock:-       0                  
         Data Path:-    4062                  
             Slack:=   -3822                  

#--------------------------------------------------------------------------------------------------------------------------
#                  Timing Point                    Flags   Arc   Edge   Cell     Fanout  Load Trans Delay Arrival Instance 
#                                                                                        (fF)  (ps)  (ps)   (ps)  Location 
#--------------------------------------------------------------------------------------------------------------------------
  u_core_u_meas_ctrl_state_q_reg[0]/C              -       -     R     (arrival)   1208     -     0     0       0    (-,-) 
  u_core_u_meas_ctrl_state_q_reg[0]/QN             -       C->QN F     DFRRHDX1       4  50.3   322  1406    1406    (-,-) 
  g199283/Q                                        -       A->Q  F     AND2HDX2       1  38.2   152   506    1911    (-,-) 
  g199281/Q                                        -       A->Q  R     NA2HDX4        2  56.7   290   274    2186    (-,-) 
  g199280/Q                                        -       A->Q  R     BUHDX6         9 211.8   344   458    2644    (-,-) 
  g140139/Q                                        -       A->Q  R     BUHDX8         4 220.3   277   422    3066    (-,-) 
  g140135/Q                                        -       A->Q  R     BUHDX12       32 254.6   224   364    3430    (-,-) 
  g156098/Q                                        -       AN->Q R     NA2I1HDX1      1  15.8   332   402    3832    (-,-) 
  g225194/Q                                        -       C->Q  F     NA22HDX1       1  11.2   177   230    4062    (-,-) 
  u_core_u_ctx_bank_ctx_nfast_packed_reg[0][218]/D -       -     F     DFRQHDX1       1     -     -     0    4062    (-,-) 
#--------------------------------------------------------------------------------------------------------------------------



Path 46: VIOLATED (-3821 ps) Setup Check with Pin u_core_u_ctx_bank_ctx_nfast_packed_reg[0][436]/C->D
           View: wc_view
          Group: clk_osc_fast
     Startpoint: (R) u_core_u_meas_ctrl_state_q_reg[0]/C
          Clock: (R) clk_osc_fast
       Endpoint: (F) u_core_u_ctx_bank_ctx_nfast_packed_reg[0][436]/D
          Clock: (R) clk_osc_fast

                     Capture       Launch     
        Clock Edge:+     900            0     
       Src Latency:+       0            0     
       Net Latency:+       0 (I)        0 (I) 
           Arrival:=     900            0     
                                              
             Setup:-     610                  
       Uncertainty:-      50                  
     Required Time:=     240                  
      Launch Clock:-       0                  
         Data Path:-    4062                  
             Slack:=   -3821                  

#--------------------------------------------------------------------------------------------------------------------------
#                  Timing Point                    Flags   Arc   Edge   Cell     Fanout  Load Trans Delay Arrival Instance 
#                                                                                        (fF)  (ps)  (ps)   (ps)  Location 
#--------------------------------------------------------------------------------------------------------------------------
  u_core_u_meas_ctrl_state_q_reg[0]/C              -       -     R     (arrival)   1208     -     0     0       0    (-,-) 
  u_core_u_meas_ctrl_state_q_reg[0]/QN             -       C->QN F     DFRRHDX1       4  50.3   322  1406    1406    (-,-) 
  g199283/Q                                        -       A->Q  F     AND2HDX2       1  38.2   152   506    1911    (-,-) 
  g199281/Q                                        -       A->Q  R     NA2HDX4        2  56.7   290   274    2186    (-,-) 
  g199280/Q                                        -       A->Q  R     BUHDX6         9 211.8   344   458    2644    (-,-) 
  g140134/Q                                        -       A->Q  R     BUHDX8         4 220.3   277   422    3066    (-,-) 
  g140127/Q                                        -       A->Q  R     BUHDX12       32 253.9   223   364    3430    (-,-) 
  g193627/Q                                        -       AN->Q R     NA2I1HDX1      1  15.8   332   402    3832    (-,-) 
  g162170/Q                                        -       C->Q  F     NA22HDX1       1  11.2   177   230    4062    (-,-) 
  u_core_u_ctx_bank_ctx_nfast_packed_reg[0][436]/D -       -     F     DFRQHDX1       1     -     -     0    4062    (-,-) 
#--------------------------------------------------------------------------------------------------------------------------



Path 47: VIOLATED (-3821 ps) Setup Check with Pin u_core_u_ctx_bank_ctx_nfast_packed_reg[0][152]/C->D
           View: wc_view
          Group: clk_osc_fast
     Startpoint: (R) u_core_u_meas_ctrl_state_q_reg[0]/C
          Clock: (R) clk_osc_fast
       Endpoint: (F) u_core_u_ctx_bank_ctx_nfast_packed_reg[0][152]/D
          Clock: (R) clk_osc_fast

                     Capture       Launch     
        Clock Edge:+     900            0     
       Src Latency:+       0            0     
       Net Latency:+       0 (I)        0 (I) 
           Arrival:=     900            0     
                                              
             Setup:-     610                  
       Uncertainty:-      50                  
     Required Time:=     240                  
      Launch Clock:-       0                  
         Data Path:-    4062                  
             Slack:=   -3821                  

#--------------------------------------------------------------------------------------------------------------------------
#                  Timing Point                    Flags   Arc   Edge   Cell     Fanout  Load Trans Delay Arrival Instance 
#                                                                                        (fF)  (ps)  (ps)   (ps)  Location 
#--------------------------------------------------------------------------------------------------------------------------
  u_core_u_meas_ctrl_state_q_reg[0]/C              -       -     R     (arrival)   1208     -     0     0       0    (-,-) 
  u_core_u_meas_ctrl_state_q_reg[0]/QN             -       C->QN F     DFRRHDX1       4  50.3   322  1406    1406    (-,-) 
  g199283/Q                                        -       A->Q  F     AND2HDX2       1  38.2   152   506    1911    (-,-) 
  g199281/Q                                        -       A->Q  R     NA2HDX4        2  56.7   290   274    2186    (-,-) 
  g199280/Q                                        -       A->Q  R     BUHDX6         9 211.8   344   458    2644    (-,-) 
  g140134/Q                                        -       A->Q  R     BUHDX8         4 220.3   277   422    3066    (-,-) 
  g140127/Q                                        -       A->Q  R     BUHDX12       32 253.9   223   364    3430    (-,-) 
  g156125/Q                                        -       AN->Q R     NA2I1HDX1      1  15.8   332   402    3832    (-,-) 
  g229907/Q                                        -       C->Q  F     NA22HDX1       1  11.2   177   230    4062    (-,-) 
  u_core_u_ctx_bank_ctx_nfast_packed_reg[0][152]/D -       -     F     DFRQHDX1       1     -     -     0    4062    (-,-) 
#--------------------------------------------------------------------------------------------------------------------------



Path 48: VIOLATED (-3821 ps) Setup Check with Pin u_core_u_ctx_bank_ctx_nfast_packed_reg[0][241]/C->D
           View: wc_view
          Group: clk_osc_fast
     Startpoint: (R) u_core_u_meas_ctrl_state_q_reg[0]/C
          Clock: (R) clk_osc_fast
       Endpoint: (F) u_core_u_ctx_bank_ctx_nfast_packed_reg[0][241]/D
          Clock: (R) clk_osc_fast

                     Capture       Launch     
        Clock Edge:+     900            0     
       Src Latency:+       0            0     
       Net Latency:+       0 (I)        0 (I) 
           Arrival:=     900            0     
                                              
             Setup:-     610                  
       Uncertainty:-      50                  
     Required Time:=     240                  
      Launch Clock:-       0                  
         Data Path:-    4061                  
             Slack:=   -3821                  

#--------------------------------------------------------------------------------------------------------------------------
#                  Timing Point                    Flags   Arc   Edge   Cell     Fanout  Load Trans Delay Arrival Instance 
#                                                                                        (fF)  (ps)  (ps)   (ps)  Location 
#--------------------------------------------------------------------------------------------------------------------------
  u_core_u_meas_ctrl_state_q_reg[0]/C              -       -     R     (arrival)   1208     -     0     0       0    (-,-) 
  u_core_u_meas_ctrl_state_q_reg[0]/QN             -       C->QN F     DFRRHDX1       4  50.3   322  1406    1406    (-,-) 
  g199283/Q                                        -       A->Q  F     AND2HDX2       1  38.2   152   506    1911    (-,-) 
  g199281/Q                                        -       A->Q  R     NA2HDX4        2  56.7   290   274    2186    (-,-) 
  g199280/Q                                        -       A->Q  R     BUHDX6         9 211.8   344   458    2644    (-,-) 
  g140144/Q                                        -       A->Q  R     BUHDX8         4 220.3   277   422    3066    (-,-) 
  g140142/Q                                        -       A->Q  R     BUHDX12       32 253.5   223   363    3429    (-,-) 
  g156111/Q                                        -       AN->Q R     NA2I1HDX1      1  15.8   332   402    3831    (-,-) 
  g161880/Q                                        -       C->Q  F     NA22HDX1       1  11.2   177   230    4061    (-,-) 
  u_core_u_ctx_bank_ctx_nfast_packed_reg[0][241]/D -       -     F     DFRQHDX1       1     -     -     0    4061    (-,-) 
#--------------------------------------------------------------------------------------------------------------------------



Path 49: VIOLATED (-3821 ps) Setup Check with Pin u_core_u_ctx_bank_ctx_nfast_packed_reg[0][238]/C->D
           View: wc_view
          Group: clk_osc_fast
     Startpoint: (R) u_core_u_meas_ctrl_state_q_reg[0]/C
          Clock: (R) clk_osc_fast
       Endpoint: (F) u_core_u_ctx_bank_ctx_nfast_packed_reg[0][238]/D
          Clock: (R) clk_osc_fast

                     Capture       Launch     
        Clock Edge:+     900            0     
       Src Latency:+       0            0     
       Net Latency:+       0 (I)        0 (I) 
           Arrival:=     900            0     
                                              
             Setup:-     610                  
       Uncertainty:-      50                  
     Required Time:=     240                  
      Launch Clock:-       0                  
         Data Path:-    4061                  
             Slack:=   -3821                  

#--------------------------------------------------------------------------------------------------------------------------
#                  Timing Point                    Flags   Arc   Edge   Cell     Fanout  Load Trans Delay Arrival Instance 
#                                                                                        (fF)  (ps)  (ps)   (ps)  Location 
#--------------------------------------------------------------------------------------------------------------------------
  u_core_u_meas_ctrl_state_q_reg[0]/C              -       -     R     (arrival)   1208     -     0     0       0    (-,-) 
  u_core_u_meas_ctrl_state_q_reg[0]/QN             -       C->QN F     DFRRHDX1       4  50.3   322  1406    1406    (-,-) 
  g199283/Q                                        -       A->Q  F     AND2HDX2       1  38.2   152   506    1911    (-,-) 
  g199281/Q                                        -       A->Q  R     NA2HDX4        2  56.7   290   274    2186    (-,-) 
  g199280/Q                                        -       A->Q  R     BUHDX6         9 211.8   344   458    2644    (-,-) 
  g140144/Q                                        -       A->Q  R     BUHDX8         4 220.3   277   422    3066    (-,-) 
  g140142/Q                                        -       A->Q  R     BUHDX12       32 253.5   223   363    3429    (-,-) 
  g156103/Q                                        -       AN->Q R     NA2I1HDX1      1  15.8   332   402    3831    (-,-) 
  g225174/Q                                        -       C->Q  F     NA22HDX1       1  11.2   177   230    4061    (-,-) 
  u_core_u_ctx_bank_ctx_nfast_packed_reg[0][238]/D -       -     F     DFRQHDX1       1     -     -     0    4061    (-,-) 
#--------------------------------------------------------------------------------------------------------------------------



Path 50: VIOLATED (-3821 ps) Setup Check with Pin u_core_u_ctx_bank_ctx_nfast_packed_reg[0][221]/C->D
           View: wc_view
          Group: clk_osc_fast
     Startpoint: (R) u_core_u_meas_ctrl_state_q_reg[0]/C
          Clock: (R) clk_osc_fast
       Endpoint: (F) u_core_u_ctx_bank_ctx_nfast_packed_reg[0][221]/D
          Clock: (R) clk_osc_fast

                     Capture       Launch     
        Clock Edge:+     900            0     
       Src Latency:+       0            0     
       Net Latency:+       0 (I)        0 (I) 
           Arrival:=     900            0     
                                              
             Setup:-     610                  
       Uncertainty:-      50                  
     Required Time:=     240                  
      Launch Clock:-       0                  
         Data Path:-    4061                  
             Slack:=   -3821                  

#--------------------------------------------------------------------------------------------------------------------------
#                  Timing Point                    Flags   Arc   Edge   Cell     Fanout  Load Trans Delay Arrival Instance 
#                                                                                        (fF)  (ps)  (ps)   (ps)  Location 
#--------------------------------------------------------------------------------------------------------------------------
  u_core_u_meas_ctrl_state_q_reg[0]/C              -       -     R     (arrival)   1208     -     0     0       0    (-,-) 
  u_core_u_meas_ctrl_state_q_reg[0]/QN             -       C->QN F     DFRRHDX1       4  50.3   322  1406    1406    (-,-) 
  g199283/Q                                        -       A->Q  F     AND2HDX2       1  38.2   152   506    1911    (-,-) 
  g199281/Q                                        -       A->Q  R     NA2HDX4        2  56.7   290   274    2186    (-,-) 
  g199280/Q                                        -       A->Q  R     BUHDX6         9 211.8   344   458    2644    (-,-) 
  g140144/Q                                        -       A->Q  R     BUHDX8         4 220.3   277   422    3066    (-,-) 
  g140142/Q                                        -       A->Q  R     BUHDX12       32 253.5   223   363    3429    (-,-) 
  g156104/Q                                        -       AN->Q R     NA2I1HDX1      1  15.8   332   402    3831    (-,-) 
  g215009/Q                                        -       C->Q  F     NA22HDX1       1  11.2   177   230    4061    (-,-) 
  u_core_u_ctx_bank_ctx_nfast_packed_reg[0][221]/D -       -     F     DFRQHDX1       1     -     -     0    4061    (-,-) 
#--------------------------------------------------------------------------------------------------------------------------



Path 51: VIOLATED (-3821 ps) Setup Check with Pin u_core_u_ctx_bank_ctx_nfast_packed_reg[0][220]/C->D
           View: wc_view
          Group: clk_osc_fast
     Startpoint: (R) u_core_u_meas_ctrl_state_q_reg[0]/C
          Clock: (R) clk_osc_fast
       Endpoint: (F) u_core_u_ctx_bank_ctx_nfast_packed_reg[0][220]/D
          Clock: (R) clk_osc_fast

                     Capture       Launch     
        Clock Edge:+     900            0     
       Src Latency:+       0            0     
       Net Latency:+       0 (I)        0 (I) 
           Arrival:=     900            0     
                                              
             Setup:-     610                  
       Uncertainty:-      50                  
     Required Time:=     240                  
      Launch Clock:-       0                  
         Data Path:-    4061                  
             Slack:=   -3821                  

#--------------------------------------------------------------------------------------------------------------------------
#                  Timing Point                    Flags   Arc   Edge   Cell     Fanout  Load Trans Delay Arrival Instance 
#                                                                                        (fF)  (ps)  (ps)   (ps)  Location 
#--------------------------------------------------------------------------------------------------------------------------
  u_core_u_meas_ctrl_state_q_reg[0]/C              -       -     R     (arrival)   1208     -     0     0       0    (-,-) 
  u_core_u_meas_ctrl_state_q_reg[0]/QN             -       C->QN F     DFRRHDX1       4  50.3   322  1406    1406    (-,-) 
  g199283/Q                                        -       A->Q  F     AND2HDX2       1  38.2   152   506    1911    (-,-) 
  g199281/Q                                        -       A->Q  R     NA2HDX4        2  56.7   290   274    2186    (-,-) 
  g199280/Q                                        -       A->Q  R     BUHDX6         9 211.8   344   458    2644    (-,-) 
  g174579/Q                                        -       A->Q  R     BUHDX8         4 220.3   277   422    3066    (-,-) 
  g140147/Q                                        -       A->Q  R     BUHDX12       32 253.5   223   363    3429    (-,-) 
  g156105/Q                                        -       AN->Q R     NA2I1HDX1      1  15.8   332   402    3831    (-,-) 
  g225188/Q                                        -       C->Q  F     NA22HDX1       1  11.2   177   230    4061    (-,-) 
  u_core_u_ctx_bank_ctx_nfast_packed_reg[0][220]/D -       -     F     DFRQHDX1       1     -     -     0    4061    (-,-) 
#--------------------------------------------------------------------------------------------------------------------------



Path 52: VIOLATED (-3821 ps) Setup Check with Pin u_core_u_ctx_bank_ctx_nfast_packed_reg[0][213]/C->D
           View: wc_view
          Group: clk_osc_fast
     Startpoint: (R) u_core_u_meas_ctrl_state_q_reg[0]/C
          Clock: (R) clk_osc_fast
       Endpoint: (F) u_core_u_ctx_bank_ctx_nfast_packed_reg[0][213]/D
          Clock: (R) clk_osc_fast

                     Capture       Launch     
        Clock Edge:+     900            0     
       Src Latency:+       0            0     
       Net Latency:+       0 (I)        0 (I) 
           Arrival:=     900            0     
                                              
             Setup:-     610                  
       Uncertainty:-      50                  
     Required Time:=     240                  
      Launch Clock:-       0                  
         Data Path:-    4061                  
             Slack:=   -3821                  

#--------------------------------------------------------------------------------------------------------------------------
#                  Timing Point                    Flags   Arc   Edge   Cell     Fanout  Load Trans Delay Arrival Instance 
#                                                                                        (fF)  (ps)  (ps)   (ps)  Location 
#--------------------------------------------------------------------------------------------------------------------------
  u_core_u_meas_ctrl_state_q_reg[0]/C              -       -     R     (arrival)   1208     -     0     0       0    (-,-) 
  u_core_u_meas_ctrl_state_q_reg[0]/QN             -       C->QN F     DFRRHDX1       4  50.3   322  1406    1406    (-,-) 
  g199283/Q                                        -       A->Q  F     AND2HDX2       1  38.2   152   506    1911    (-,-) 
  g199281/Q                                        -       A->Q  R     NA2HDX4        2  56.7   290   274    2186    (-,-) 
  g199280/Q                                        -       A->Q  R     BUHDX6         9 211.8   344   458    2644    (-,-) 
  g174579/Q                                        -       A->Q  R     BUHDX8         4 220.3   277   422    3066    (-,-) 
  g140147/Q                                        -       A->Q  R     BUHDX12       32 253.5   223   363    3429    (-,-) 
  g156108/Q                                        -       AN->Q R     NA2I1HDX1      1  15.8   332   402    3831    (-,-) 
  g229888/Q                                        -       C->Q  F     NA22HDX1       1  11.2   177   230    4061    (-,-) 
  u_core_u_ctx_bank_ctx_nfast_packed_reg[0][213]/D -       -     F     DFRQHDX1       1     -     -     0    4061    (-,-) 
#--------------------------------------------------------------------------------------------------------------------------



Path 53: VIOLATED (-3821 ps) Setup Check with Pin u_core_u_ctx_bank_ctx_nfast_packed_reg[0][227]/C->D
           View: wc_view
          Group: clk_osc_fast
     Startpoint: (R) u_core_u_meas_ctrl_state_q_reg[0]/C
          Clock: (R) clk_osc_fast
       Endpoint: (F) u_core_u_ctx_bank_ctx_nfast_packed_reg[0][227]/D
          Clock: (R) clk_osc_fast

                     Capture       Launch     
        Clock Edge:+     900            0     
       Src Latency:+       0            0     
       Net Latency:+       0 (I)        0 (I) 
           Arrival:=     900            0     
                                              
             Setup:-     610                  
       Uncertainty:-      50                  
     Required Time:=     240                  
      Launch Clock:-       0                  
         Data Path:-    4061                  
             Slack:=   -3821                  

#--------------------------------------------------------------------------------------------------------------------------
#                  Timing Point                    Flags   Arc   Edge   Cell     Fanout  Load Trans Delay Arrival Instance 
#                                                                                        (fF)  (ps)  (ps)   (ps)  Location 
#--------------------------------------------------------------------------------------------------------------------------
  u_core_u_meas_ctrl_state_q_reg[0]/C              -       -     R     (arrival)   1208     -     0     0       0    (-,-) 
  u_core_u_meas_ctrl_state_q_reg[0]/QN             -       C->QN F     DFRRHDX1       4  50.3   322  1406    1406    (-,-) 
  g199283/Q                                        -       A->Q  F     AND2HDX2       1  38.2   152   506    1911    (-,-) 
  g199281/Q                                        -       A->Q  R     NA2HDX4        2  56.7   290   274    2186    (-,-) 
  g199280/Q                                        -       A->Q  R     BUHDX6         9 211.8   344   458    2644    (-,-) 
  g174579/Q                                        -       A->Q  R     BUHDX8         4 220.3   277   422    3066    (-,-) 
  g140147/Q                                        -       A->Q  R     BUHDX12       32 253.5   223   363    3429    (-,-) 
  g171056/Q                                        -       AN->Q R     NA2I1HDX1      1  15.8   331   402    3831    (-,-) 
  g214678/Q                                        -       C->Q  F     NA22HDX1       1  11.2   177   230    4061    (-,-) 
  u_core_u_ctx_bank_ctx_nfast_packed_reg[0][227]/D -       -     F     DFRQHDX1       1     -     -     0    4061    (-,-) 
#--------------------------------------------------------------------------------------------------------------------------



Path 54: VIOLATED (-3820 ps) Setup Check with Pin u_core_u_ctx_bank_ctx_nfast_packed_reg[0][244]/C->D
           View: wc_view
          Group: clk_osc_fast
     Startpoint: (R) u_core_u_meas_ctrl_state_q_reg[0]/C
          Clock: (R) clk_osc_fast
       Endpoint: (F) u_core_u_ctx_bank_ctx_nfast_packed_reg[0][244]/D
          Clock: (R) clk_osc_fast

                     Capture       Launch     
        Clock Edge:+     900            0     
       Src Latency:+       0            0     
       Net Latency:+       0 (I)        0 (I) 
           Arrival:=     900            0     
                                              
             Setup:-     610                  
       Uncertainty:-      50                  
     Required Time:=     240                  
      Launch Clock:-       0                  
         Data Path:-    4061                  
             Slack:=   -3820                  

#--------------------------------------------------------------------------------------------------------------------------
#                  Timing Point                    Flags   Arc   Edge   Cell     Fanout  Load Trans Delay Arrival Instance 
#                                                                                        (fF)  (ps)  (ps)   (ps)  Location 
#--------------------------------------------------------------------------------------------------------------------------
  u_core_u_meas_ctrl_state_q_reg[0]/C              -       -     R     (arrival)   1208     -     0     0       0    (-,-) 
  u_core_u_meas_ctrl_state_q_reg[0]/QN             -       C->QN F     DFRRHDX1       4  50.3   322  1406    1406    (-,-) 
  g199283/Q                                        -       A->Q  F     AND2HDX2       1  38.2   152   506    1911    (-,-) 
  g199281/Q                                        -       A->Q  R     NA2HDX4        2  56.7   290   274    2186    (-,-) 
  g199280/Q                                        -       A->Q  R     BUHDX6         9 211.8   344   458    2644    (-,-) 
  g140134/Q                                        -       A->Q  R     BUHDX8         4 220.3   277   422    3066    (-,-) 
  g140132/Q                                        -       A->Q  R     BUHDX12       32 252.7   222   363    3429    (-,-) 
  g156107/Q                                        -       AN->Q R     NA2I1HDX1      1  15.8   332   402    3831    (-,-) 
  g215045/Q                                        -       C->Q  F     NA22HDX1       1  11.2   177   230    4061    (-,-) 
  u_core_u_ctx_bank_ctx_nfast_packed_reg[0][244]/D -       -     F     DFRQHDX1       1     -     -     0    4061    (-,-) 
#--------------------------------------------------------------------------------------------------------------------------



Path 55: VIOLATED (-3820 ps) Setup Check with Pin u_core_u_ctx_bank_ctx_nfast_packed_reg[0][235]/C->D
           View: wc_view
          Group: clk_osc_fast
     Startpoint: (R) u_core_u_meas_ctrl_state_q_reg[0]/C
          Clock: (R) clk_osc_fast
       Endpoint: (F) u_core_u_ctx_bank_ctx_nfast_packed_reg[0][235]/D
          Clock: (R) clk_osc_fast

                     Capture       Launch     
        Clock Edge:+     900            0     
       Src Latency:+       0            0     
       Net Latency:+       0 (I)        0 (I) 
           Arrival:=     900            0     
                                              
             Setup:-     610                  
       Uncertainty:-      50                  
     Required Time:=     240                  
      Launch Clock:-       0                  
         Data Path:-    4061                  
             Slack:=   -3820                  

#--------------------------------------------------------------------------------------------------------------------------
#                  Timing Point                    Flags   Arc   Edge   Cell     Fanout  Load Trans Delay Arrival Instance 
#                                                                                        (fF)  (ps)  (ps)   (ps)  Location 
#--------------------------------------------------------------------------------------------------------------------------
  u_core_u_meas_ctrl_state_q_reg[0]/C              -       -     R     (arrival)   1208     -     0     0       0    (-,-) 
  u_core_u_meas_ctrl_state_q_reg[0]/QN             -       C->QN F     DFRRHDX1       4  50.3   322  1406    1406    (-,-) 
  g199283/Q                                        -       A->Q  F     AND2HDX2       1  38.2   152   506    1911    (-,-) 
  g199281/Q                                        -       A->Q  R     NA2HDX4        2  56.7   290   274    2186    (-,-) 
  g199280/Q                                        -       A->Q  R     BUHDX6         9 211.8   344   458    2644    (-,-) 
  g140134/Q                                        -       A->Q  R     BUHDX8         4 220.3   277   422    3066    (-,-) 
  g140132/Q                                        -       A->Q  R     BUHDX12       32 252.7   222   363    3429    (-,-) 
  g156122/Q                                        -       AN->Q R     NA2I1HDX1      1  15.8   332   402    3831    (-,-) 
  g225240/Q                                        -       C->Q  F     NA22HDX1       1  11.2   177   230    4061    (-,-) 
  u_core_u_ctx_bank_ctx_nfast_packed_reg[0][235]/D -       -     F     DFRQHDX1       1     -     -     0    4061    (-,-) 
#--------------------------------------------------------------------------------------------------------------------------



Path 56: VIOLATED (-3820 ps) Setup Check with Pin u_core_u_ctx_bank_ctx_nfast_packed_reg[0][209]/C->D
           View: wc_view
          Group: clk_osc_fast
     Startpoint: (R) u_core_u_meas_ctrl_state_q_reg[0]/C
          Clock: (R) clk_osc_fast
       Endpoint: (F) u_core_u_ctx_bank_ctx_nfast_packed_reg[0][209]/D
          Clock: (R) clk_osc_fast

                     Capture       Launch     
        Clock Edge:+     900            0     
       Src Latency:+       0            0     
       Net Latency:+       0 (I)        0 (I) 
           Arrival:=     900            0     
                                              
             Setup:-     610                  
       Uncertainty:-      50                  
     Required Time:=     240                  
      Launch Clock:-       0                  
         Data Path:-    4061                  
             Slack:=   -3820                  

#--------------------------------------------------------------------------------------------------------------------------
#                  Timing Point                    Flags   Arc   Edge   Cell     Fanout  Load Trans Delay Arrival Instance 
#                                                                                        (fF)  (ps)  (ps)   (ps)  Location 
#--------------------------------------------------------------------------------------------------------------------------
  u_core_u_meas_ctrl_state_q_reg[0]/C              -       -     R     (arrival)   1208     -     0     0       0    (-,-) 
  u_core_u_meas_ctrl_state_q_reg[0]/QN             -       C->QN F     DFRRHDX1       4  50.3   322  1406    1406    (-,-) 
  g199283/Q                                        -       A->Q  F     AND2HDX2       1  38.2   152   506    1911    (-,-) 
  g199281/Q                                        -       A->Q  R     NA2HDX4        2  56.7   290   274    2186    (-,-) 
  g199280/Q                                        -       A->Q  R     BUHDX6         9 211.8   344   458    2644    (-,-) 
  g140134/Q                                        -       A->Q  R     BUHDX8         4 220.3   277   422    3066    (-,-) 
  g140132/Q                                        -       A->Q  R     BUHDX12       32 252.7   222   363    3429    (-,-) 
  g156121/Q                                        -       AN->Q R     NA2I1HDX1      1  15.8   332   402    3831    (-,-) 
  g225166/Q                                        -       C->Q  F     NA22HDX1       1  11.2   177   230    4061    (-,-) 
  u_core_u_ctx_bank_ctx_nfast_packed_reg[0][209]/D -       -     F     DFRQHDX1       1     -     -     0    4061    (-,-) 
#--------------------------------------------------------------------------------------------------------------------------



Path 57: VIOLATED (-3820 ps) Setup Check with Pin u_core_u_ctx_bank_ctx_nfast_packed_reg[0][208]/C->D
           View: wc_view
          Group: clk_osc_fast
     Startpoint: (R) u_core_u_meas_ctrl_state_q_reg[0]/C
          Clock: (R) clk_osc_fast
       Endpoint: (F) u_core_u_ctx_bank_ctx_nfast_packed_reg[0][208]/D
          Clock: (R) clk_osc_fast

                     Capture       Launch     
        Clock Edge:+     900            0     
       Src Latency:+       0            0     
       Net Latency:+       0 (I)        0 (I) 
           Arrival:=     900            0     
                                              
             Setup:-     610                  
       Uncertainty:-      50                  
     Required Time:=     240                  
      Launch Clock:-       0                  
         Data Path:-    4061                  
             Slack:=   -3820                  

#--------------------------------------------------------------------------------------------------------------------------
#                  Timing Point                    Flags   Arc   Edge   Cell     Fanout  Load Trans Delay Arrival Instance 
#                                                                                        (fF)  (ps)  (ps)   (ps)  Location 
#--------------------------------------------------------------------------------------------------------------------------
  u_core_u_meas_ctrl_state_q_reg[0]/C              -       -     R     (arrival)   1208     -     0     0       0    (-,-) 
  u_core_u_meas_ctrl_state_q_reg[0]/QN             -       C->QN F     DFRRHDX1       4  50.3   322  1406    1406    (-,-) 
  g199283/Q                                        -       A->Q  F     AND2HDX2       1  38.2   152   506    1911    (-,-) 
  g199281/Q                                        -       A->Q  R     NA2HDX4        2  56.7   290   274    2186    (-,-) 
  g199280/Q                                        -       A->Q  R     BUHDX6         9 211.8   344   458    2644    (-,-) 
  g140134/Q                                        -       A->Q  R     BUHDX8         4 220.3   277   422    3066    (-,-) 
  g140132/Q                                        -       A->Q  R     BUHDX12       32 252.7   222   363    3429    (-,-) 
  g156112/Q                                        -       AN->Q R     NA2I1HDX1      1  15.8   332   402    3831    (-,-) 
  g162153/Q                                        -       C->Q  F     NA22HDX1       1  11.2   177   230    4061    (-,-) 
  u_core_u_ctx_bank_ctx_nfast_packed_reg[0][208]/D -       -     F     DFRQHDX1       1     -     -     0    4061    (-,-) 
#--------------------------------------------------------------------------------------------------------------------------



Path 58: VIOLATED (-3820 ps) Setup Check with Pin u_core_u_ctx_bank_ctx_nfast_packed_reg[0][228]/C->D
           View: wc_view
          Group: clk_osc_fast
     Startpoint: (R) u_core_u_meas_ctrl_state_q_reg[0]/C
          Clock: (R) clk_osc_fast
       Endpoint: (F) u_core_u_ctx_bank_ctx_nfast_packed_reg[0][228]/D
          Clock: (R) clk_osc_fast

                     Capture       Launch     
        Clock Edge:+     900            0     
       Src Latency:+       0            0     
       Net Latency:+       0 (I)        0 (I) 
           Arrival:=     900            0     
                                              
             Setup:-     610                  
       Uncertainty:-      50                  
     Required Time:=     240                  
      Launch Clock:-       0                  
         Data Path:-    4061                  
             Slack:=   -3820                  

#--------------------------------------------------------------------------------------------------------------------------
#                  Timing Point                    Flags   Arc   Edge   Cell     Fanout  Load Trans Delay Arrival Instance 
#                                                                                        (fF)  (ps)  (ps)   (ps)  Location 
#--------------------------------------------------------------------------------------------------------------------------
  u_core_u_meas_ctrl_state_q_reg[0]/C              -       -     R     (arrival)   1208     -     0     0       0    (-,-) 
  u_core_u_meas_ctrl_state_q_reg[0]/QN             -       C->QN F     DFRRHDX1       4  50.3   322  1406    1406    (-,-) 
  g199283/Q                                        -       A->Q  F     AND2HDX2       1  38.2   152   506    1911    (-,-) 
  g199281/Q                                        -       A->Q  R     NA2HDX4        2  56.7   290   274    2186    (-,-) 
  g199280/Q                                        -       A->Q  R     BUHDX6         9 211.8   344   458    2644    (-,-) 
  g140134/Q                                        -       A->Q  R     BUHDX8         4 220.3   277   422    3066    (-,-) 
  g140132/Q                                        -       A->Q  R     BUHDX12       32 252.7   222   363    3429    (-,-) 
  g156114/Q                                        -       AN->Q R     NA2I1HDX1      1  15.8   331   402    3831    (-,-) 
  g216348/Q                                        -       C->Q  F     NA22HDX1       1  11.2   177   230    4060    (-,-) 
  u_core_u_ctx_bank_ctx_nfast_packed_reg[0][228]/D -       -     F     DFRQHDX1       1     -     -     0    4061    (-,-) 
#--------------------------------------------------------------------------------------------------------------------------



Path 59: VIOLATED (-3819 ps) Setup Check with Pin u_core_u_ctx_bank_ctx_nfast_packed_reg[0][216]/C->D
           View: wc_view
          Group: clk_osc_fast
     Startpoint: (R) u_core_u_meas_ctrl_state_q_reg[0]/C
          Clock: (R) clk_osc_fast
       Endpoint: (F) u_core_u_ctx_bank_ctx_nfast_packed_reg[0][216]/D
          Clock: (R) clk_osc_fast

                     Capture       Launch     
        Clock Edge:+     900            0     
       Src Latency:+       0            0     
       Net Latency:+       0 (I)        0 (I) 
           Arrival:=     900            0     
                                              
             Setup:-     610                  
       Uncertainty:-      50                  
     Required Time:=     240                  
      Launch Clock:-       0                  
         Data Path:-    4060                  
             Slack:=   -3819                  

#--------------------------------------------------------------------------------------------------------------------------
#                  Timing Point                    Flags   Arc   Edge   Cell     Fanout  Load Trans Delay Arrival Instance 
#                                                                                        (fF)  (ps)  (ps)   (ps)  Location 
#--------------------------------------------------------------------------------------------------------------------------
  u_core_u_meas_ctrl_state_q_reg[0]/C              -       -     R     (arrival)   1208     -     0     0       0    (-,-) 
  u_core_u_meas_ctrl_state_q_reg[0]/QN             -       C->QN F     DFRRHDX1       4  50.3   322  1406    1406    (-,-) 
  g199283/Q                                        -       A->Q  F     AND2HDX2       1  38.2   152   506    1911    (-,-) 
  g199281/Q                                        -       A->Q  R     NA2HDX4        2  56.7   290   274    2186    (-,-) 
  g199280/Q                                        -       A->Q  R     BUHDX6         9 211.8   344   458    2644    (-,-) 
  g140134/Q                                        -       A->Q  R     BUHDX8         4 220.3   277   422    3066    (-,-) 
  g140133/Q                                        -       A->Q  R     BUHDX12       32 251.4   221   362    3428    (-,-) 
  g156102/Q                                        -       AN->Q R     NA2I1HDX1      1  15.8   332   402    3830    (-,-) 
  g229889/Q                                        -       C->Q  F     NA22HDX1       1  11.2   177   230    4060    (-,-) 
  u_core_u_ctx_bank_ctx_nfast_packed_reg[0][216]/D -       -     F     DFRQHDX1       1     -     -     0    4060    (-,-) 
#--------------------------------------------------------------------------------------------------------------------------



Path 60: VIOLATED (-3819 ps) Setup Check with Pin u_core_u_ctx_bank_ctx_nfast_packed_reg[0][207]/C->D
           View: wc_view
          Group: clk_osc_fast
     Startpoint: (R) u_core_u_meas_ctrl_state_q_reg[0]/C
          Clock: (R) clk_osc_fast
       Endpoint: (F) u_core_u_ctx_bank_ctx_nfast_packed_reg[0][207]/D
          Clock: (R) clk_osc_fast

                     Capture       Launch     
        Clock Edge:+     900            0     
       Src Latency:+       0            0     
       Net Latency:+       0 (I)        0 (I) 
           Arrival:=     900            0     
                                              
             Setup:-     610                  
       Uncertainty:-      50                  
     Required Time:=     240                  
      Launch Clock:-       0                  
         Data Path:-    4060                  
             Slack:=   -3819                  

#--------------------------------------------------------------------------------------------------------------------------
#                  Timing Point                    Flags   Arc   Edge   Cell     Fanout  Load Trans Delay Arrival Instance 
#                                                                                        (fF)  (ps)  (ps)   (ps)  Location 
#--------------------------------------------------------------------------------------------------------------------------
  u_core_u_meas_ctrl_state_q_reg[0]/C              -       -     R     (arrival)   1208     -     0     0       0    (-,-) 
  u_core_u_meas_ctrl_state_q_reg[0]/QN             -       C->QN F     DFRRHDX1       4  50.3   322  1406    1406    (-,-) 
  g199283/Q                                        -       A->Q  F     AND2HDX2       1  38.2   152   506    1911    (-,-) 
  g199281/Q                                        -       A->Q  R     NA2HDX4        2  56.7   290   274    2186    (-,-) 
  g199280/Q                                        -       A->Q  R     BUHDX6         9 211.8   344   458    2644    (-,-) 
  g140144/Q                                        -       A->Q  R     BUHDX8         4 220.3   277   422    3066    (-,-) 
  g140140/Q                                        -       A->Q  R     BUHDX12       32 251.4   221   362    3428    (-,-) 
  g156120/Q                                        -       AN->Q R     NA2I1HDX1      1  15.8   332   402    3830    (-,-) 
  g215001/Q                                        -       C->Q  F     NA22HDX1       1  11.2   177   230    4060    (-,-) 
  u_core_u_ctx_bank_ctx_nfast_packed_reg[0][207]/D -       -     F     DFRQHDX1       1     -     -     0    4060    (-,-) 
#--------------------------------------------------------------------------------------------------------------------------



Path 61: VIOLATED (-3819 ps) Setup Check with Pin u_core_u_ctx_bank_ctx_nfast_packed_reg[0][203]/C->D
           View: wc_view
          Group: clk_osc_fast
     Startpoint: (R) u_core_u_meas_ctrl_state_q_reg[0]/C
          Clock: (R) clk_osc_fast
       Endpoint: (F) u_core_u_ctx_bank_ctx_nfast_packed_reg[0][203]/D
          Clock: (R) clk_osc_fast

                     Capture       Launch     
        Clock Edge:+     900            0     
       Src Latency:+       0            0     
       Net Latency:+       0 (I)        0 (I) 
           Arrival:=     900            0     
                                              
             Setup:-     610                  
       Uncertainty:-      50                  
     Required Time:=     240                  
      Launch Clock:-       0                  
         Data Path:-    4059                  
             Slack:=   -3819                  

#--------------------------------------------------------------------------------------------------------------------------
#                  Timing Point                    Flags   Arc   Edge   Cell     Fanout  Load Trans Delay Arrival Instance 
#                                                                                        (fF)  (ps)  (ps)   (ps)  Location 
#--------------------------------------------------------------------------------------------------------------------------
  u_core_u_meas_ctrl_state_q_reg[0]/C              -       -     R     (arrival)   1208     -     0     0       0    (-,-) 
  u_core_u_meas_ctrl_state_q_reg[0]/QN             -       C->QN F     DFRRHDX1       4  50.3   322  1406    1406    (-,-) 
  g199283/Q                                        -       A->Q  F     AND2HDX2       1  38.2   152   506    1911    (-,-) 
  g199281/Q                                        -       A->Q  R     NA2HDX4        2  56.7   290   274    2186    (-,-) 
  g199280/Q                                        -       A->Q  R     BUHDX6         9 211.8   344   458    2644    (-,-) 
  g140144/Q                                        -       A->Q  R     BUHDX8         4 220.3   277   422    3066    (-,-) 
  g140141/Q                                        -       A->Q  R     BUHDX12       32 251.0   221   362    3428    (-,-) 
  g156119/Q                                        -       AN->Q R     NA2I1HDX1      1  15.8   332   401    3829    (-,-) 
  g162150/Q                                        -       C->Q  F     NA22HDX1       1  11.2   177   230    4059    (-,-) 
  u_core_u_ctx_bank_ctx_nfast_packed_reg[0][203]/D -       -     F     DFRQHDX1       1     -     -     0    4059    (-,-) 
#--------------------------------------------------------------------------------------------------------------------------



Path 62: VIOLATED (-3819 ps) Setup Check with Pin u_core_u_ctx_bank_ctx_nfast_packed_reg[0][342]/C->D
           View: wc_view
          Group: clk_osc_fast
     Startpoint: (R) u_core_u_meas_ctrl_state_q_reg[0]/C
          Clock: (R) clk_osc_fast
       Endpoint: (F) u_core_u_ctx_bank_ctx_nfast_packed_reg[0][342]/D
          Clock: (R) clk_osc_fast

                     Capture       Launch     
        Clock Edge:+     900            0     
       Src Latency:+       0            0     
       Net Latency:+       0 (I)        0 (I) 
           Arrival:=     900            0     
                                              
             Setup:-     610                  
       Uncertainty:-      50                  
     Required Time:=     240                  
      Launch Clock:-       0                  
         Data Path:-    4059                  
             Slack:=   -3819                  

#--------------------------------------------------------------------------------------------------------------------------
#                  Timing Point                    Flags   Arc   Edge   Cell     Fanout  Load Trans Delay Arrival Instance 
#                                                                                        (fF)  (ps)  (ps)   (ps)  Location 
#--------------------------------------------------------------------------------------------------------------------------
  u_core_u_meas_ctrl_state_q_reg[0]/C              -       -     R     (arrival)   1208     -     0     0       0    (-,-) 
  u_core_u_meas_ctrl_state_q_reg[0]/QN             -       C->QN F     DFRRHDX1       4  50.3   322  1406    1406    (-,-) 
  g199283/Q                                        -       A->Q  F     AND2HDX2       1  38.2   152   506    1911    (-,-) 
  g199281/Q                                        -       A->Q  R     NA2HDX4        2  56.7   290   274    2186    (-,-) 
  g199280/Q                                        -       A->Q  R     BUHDX6         9 211.8   344   458    2644    (-,-) 
  g140144/Q                                        -       A->Q  R     BUHDX8         4 220.3   277   422    3066    (-,-) 
  g140141/Q                                        -       A->Q  R     BUHDX12       32 251.0   221   362    3428    (-,-) 
  g181088/Q                                        -       AN->Q R     NA2I1HDX1      1  15.8   331   401    3829    (-,-) 
  g225184/Q                                        -       C->Q  F     NA22HDX1       1  11.2   177   230    4059    (-,-) 
  u_core_u_ctx_bank_ctx_nfast_packed_reg[0][342]/D -       -     F     DFRQHDX1       1     -     -     0    4059    (-,-) 
#--------------------------------------------------------------------------------------------------------------------------



Path 63: VIOLATED (-3818 ps) Setup Check with Pin u_core_u_ctx_bank_ctx_nfast_packed_reg[0][357]/C->D
           View: wc_view
          Group: clk_osc_fast
     Startpoint: (R) u_core_u_meas_ctrl_state_q_reg[0]/C
          Clock: (R) clk_osc_fast
       Endpoint: (F) u_core_u_ctx_bank_ctx_nfast_packed_reg[0][357]/D
          Clock: (R) clk_osc_fast

                     Capture       Launch     
        Clock Edge:+     900            0     
       Src Latency:+       0            0     
       Net Latency:+       0 (I)        0 (I) 
           Arrival:=     900            0     
                                              
             Setup:-     610                  
       Uncertainty:-      50                  
     Required Time:=     240                  
      Launch Clock:-       0                  
         Data Path:-    4059                  
             Slack:=   -3818                  

#--------------------------------------------------------------------------------------------------------------------------
#                  Timing Point                    Flags   Arc   Edge   Cell     Fanout  Load Trans Delay Arrival Instance 
#                                                                                        (fF)  (ps)  (ps)   (ps)  Location 
#--------------------------------------------------------------------------------------------------------------------------
  u_core_u_meas_ctrl_state_q_reg[0]/C              -       -     R     (arrival)   1208     -     0     0       0    (-,-) 
  u_core_u_meas_ctrl_state_q_reg[0]/QN             -       C->QN F     DFRRHDX1       4  50.3   322  1406    1406    (-,-) 
  g199283/Q                                        -       A->Q  F     AND2HDX2       1  38.2   152   506    1911    (-,-) 
  g199281/Q                                        -       A->Q  R     NA2HDX4        2  56.7   290   274    2186    (-,-) 
  g199280/Q                                        -       A->Q  R     BUHDX6         9 211.8   344   458    2644    (-,-) 
  g140144/Q                                        -       A->Q  R     BUHDX8         4 220.3   277   422    3066    (-,-) 
  g140143/Q                                        -       A->Q  R     BUHDX12       32 250.6   221   362    3428    (-,-) 
  g156110/Q                                        -       AN->Q R     NA2I1HDX1      1  15.8   332   401    3829    (-,-) 
  g214778/Q                                        -       C->Q  F     NA22HDX1       1  11.2   177   230    4059    (-,-) 
  u_core_u_ctx_bank_ctx_nfast_packed_reg[0][357]/D -       -     F     DFRQHDX1       1     -     -     0    4059    (-,-) 
#--------------------------------------------------------------------------------------------------------------------------



Path 64: VIOLATED (-3818 ps) Setup Check with Pin u_core_u_ctx_bank_ctx_nfast_packed_reg[0][206]/C->D
           View: wc_view
          Group: clk_osc_fast
     Startpoint: (R) u_core_u_meas_ctrl_state_q_reg[0]/C
          Clock: (R) clk_osc_fast
       Endpoint: (F) u_core_u_ctx_bank_ctx_nfast_packed_reg[0][206]/D
          Clock: (R) clk_osc_fast

                     Capture       Launch     
        Clock Edge:+     900            0     
       Src Latency:+       0            0     
       Net Latency:+       0 (I)        0 (I) 
           Arrival:=     900            0     
                                              
             Setup:-     610                  
       Uncertainty:-      50                  
     Required Time:=     240                  
      Launch Clock:-       0                  
         Data Path:-    4059                  
             Slack:=   -3818                  

#--------------------------------------------------------------------------------------------------------------------------
#                  Timing Point                    Flags   Arc   Edge   Cell     Fanout  Load Trans Delay Arrival Instance 
#                                                                                        (fF)  (ps)  (ps)   (ps)  Location 
#--------------------------------------------------------------------------------------------------------------------------
  u_core_u_meas_ctrl_state_q_reg[0]/C              -       -     R     (arrival)   1208     -     0     0       0    (-,-) 
  u_core_u_meas_ctrl_state_q_reg[0]/QN             -       C->QN F     DFRRHDX1       4  50.3   322  1406    1406    (-,-) 
  g199283/Q                                        -       A->Q  F     AND2HDX2       1  38.2   152   506    1911    (-,-) 
  g199281/Q                                        -       A->Q  R     NA2HDX4        2  56.7   290   274    2186    (-,-) 
  g199280/Q                                        -       A->Q  R     BUHDX6         9 211.8   344   458    2644    (-,-) 
  g140144/Q                                        -       A->Q  R     BUHDX8         4 220.3   277   422    3066    (-,-) 
  g140143/Q                                        -       A->Q  R     BUHDX12       32 250.6   221   362    3428    (-,-) 
  g156123/Q                                        -       AN->Q R     NA2I1HDX1      1  15.8   332   401    3829    (-,-) 
  g229841/Q                                        -       C->Q  F     NA22HDX1       1  11.2   177   230    4059    (-,-) 
  u_core_u_ctx_bank_ctx_nfast_packed_reg[0][206]/D -       -     F     DFRQHDX1       1     -     -     0    4059    (-,-) 
#--------------------------------------------------------------------------------------------------------------------------



Path 65: VIOLATED (-3818 ps) Setup Check with Pin u_core_u_ctx_bank_ctx_nfast_packed_reg[0][42]/C->D
           View: wc_view
          Group: clk_osc_fast
     Startpoint: (R) u_core_u_meas_ctrl_state_q_reg[0]/C
          Clock: (R) clk_osc_fast
       Endpoint: (F) u_core_u_ctx_bank_ctx_nfast_packed_reg[0][42]/D
          Clock: (R) clk_osc_fast

                     Capture       Launch     
        Clock Edge:+     900            0     
       Src Latency:+       0            0     
       Net Latency:+       0 (I)        0 (I) 
           Arrival:=     900            0     
                                              
             Setup:-     609                  
       Uncertainty:-      50                  
     Required Time:=     241                  
      Launch Clock:-       0                  
         Data Path:-    4059                  
             Slack:=   -3818                  

#-------------------------------------------------------------------------------------------------------------------------
#                  Timing Point                   Flags   Arc   Edge   Cell     Fanout  Load Trans Delay Arrival Instance 
#                                                                                       (fF)  (ps)  (ps)   (ps)  Location 
#-------------------------------------------------------------------------------------------------------------------------
  u_core_u_meas_ctrl_state_q_reg[0]/C             -       -     R     (arrival)   1208     -     0     0       0    (-,-) 
  u_core_u_meas_ctrl_state_q_reg[0]/QN            -       C->QN F     DFRRHDX1       4  50.3   322  1406    1406    (-,-) 
  g199283/Q                                       -       A->Q  F     AND2HDX2       1  38.2   152   506    1911    (-,-) 
  g199281/Q                                       -       A->Q  R     NA2HDX4        2  56.7   290   274    2186    (-,-) 
  g199280/Q                                       -       A->Q  R     BUHDX6         9 211.8   344   458    2644    (-,-) 
  g140134/Q                                       -       A->Q  R     BUHDX8         4 220.3   277   422    3066    (-,-) 
  g140126/Q                                       -       A->Q  R     BUHDX12       32 251.0   221   362    3428    (-,-) 
  g175459/Q                                       -       AN->Q R     NA2I1HDX1      1  15.8   330   401    3829    (-,-) 
  g225133/Q                                       -       C->Q  F     NA22HDX1       1  11.2   177   230    4059    (-,-) 
  u_core_u_ctx_bank_ctx_nfast_packed_reg[0][42]/D -       -     F     DFRQHDX1       1     -     -     0    4059    (-,-) 
#-------------------------------------------------------------------------------------------------------------------------



Path 66: VIOLATED (-3818 ps) Setup Check with Pin u_core_u_ctx_bank_ctx_nfast_packed_reg[0][180]/C->D
           View: wc_view
          Group: clk_osc_fast
     Startpoint: (R) u_core_u_meas_ctrl_state_q_reg[0]/C
          Clock: (R) clk_osc_fast
       Endpoint: (F) u_core_u_ctx_bank_ctx_nfast_packed_reg[0][180]/D
          Clock: (R) clk_osc_fast

                     Capture       Launch     
        Clock Edge:+     900            0     
       Src Latency:+       0            0     
       Net Latency:+       0 (I)        0 (I) 
           Arrival:=     900            0     
                                              
             Setup:-     609                  
       Uncertainty:-      50                  
     Required Time:=     241                  
      Launch Clock:-       0                  
         Data Path:-    4059                  
             Slack:=   -3818                  

#--------------------------------------------------------------------------------------------------------------------------
#                  Timing Point                    Flags   Arc   Edge   Cell     Fanout  Load Trans Delay Arrival Instance 
#                                                                                        (fF)  (ps)  (ps)   (ps)  Location 
#--------------------------------------------------------------------------------------------------------------------------
  u_core_u_meas_ctrl_state_q_reg[0]/C              -       -     R     (arrival)   1208     -     0     0       0    (-,-) 
  u_core_u_meas_ctrl_state_q_reg[0]/QN             -       C->QN F     DFRRHDX1       4  50.3   322  1406    1406    (-,-) 
  g199283/Q                                        -       A->Q  F     AND2HDX2       1  38.2   152   506    1911    (-,-) 
  g199281/Q                                        -       A->Q  R     NA2HDX4        2  56.7   290   274    2186    (-,-) 
  g199280/Q                                        -       A->Q  R     BUHDX6         9 211.8   344   458    2644    (-,-) 
  g140134/Q                                        -       A->Q  R     BUHDX8         4 220.3   277   422    3066    (-,-) 
  g140126/Q                                        -       A->Q  R     BUHDX12       32 251.0   221   362    3428    (-,-) 
  g213690/Q                                        -       AN->Q R     NA2I1HDX1      1  15.8   328   401    3829    (-,-) 
  g162164/Q                                        -       C->Q  F     NA22HDX1       1  11.2   177   229    4059    (-,-) 
  u_core_u_ctx_bank_ctx_nfast_packed_reg[0][180]/D -       -     F     DFRQHDX1       1     -     -     0    4059    (-,-) 
#--------------------------------------------------------------------------------------------------------------------------



Path 67: VIOLATED (-3818 ps) Setup Check with Pin u_core_u_ctx_bank_ctx_nfast_packed_reg[0][75]/C->D
           View: wc_view
          Group: clk_osc_fast
     Startpoint: (R) u_core_u_meas_ctrl_state_q_reg[0]/C
          Clock: (R) clk_osc_fast
       Endpoint: (F) u_core_u_ctx_bank_ctx_nfast_packed_reg[0][75]/D
          Clock: (R) clk_osc_fast

                     Capture       Launch     
        Clock Edge:+     900            0     
       Src Latency:+       0            0     
       Net Latency:+       0 (I)        0 (I) 
           Arrival:=     900            0     
                                              
             Setup:-     609                  
       Uncertainty:-      50                  
     Required Time:=     241                  
      Launch Clock:-       0                  
         Data Path:-    4059                  
             Slack:=   -3818                  

#-------------------------------------------------------------------------------------------------------------------------
#                  Timing Point                   Flags   Arc   Edge   Cell     Fanout  Load Trans Delay Arrival Instance 
#                                                                                       (fF)  (ps)  (ps)   (ps)  Location 
#-------------------------------------------------------------------------------------------------------------------------
  u_core_u_meas_ctrl_state_q_reg[0]/C             -       -     R     (arrival)   1208     -     0     0       0    (-,-) 
  u_core_u_meas_ctrl_state_q_reg[0]/QN            -       C->QN F     DFRRHDX1       4  50.3   322  1406    1406    (-,-) 
  g199283/Q                                       -       A->Q  F     AND2HDX2       1  38.2   152   506    1911    (-,-) 
  g199281/Q                                       -       A->Q  R     NA2HDX4        2  56.7   290   274    2186    (-,-) 
  g199280/Q                                       -       A->Q  R     BUHDX6         9 211.8   344   458    2644    (-,-) 
  g140144/Q                                       -       A->Q  R     BUHDX8         4 220.3   277   422    3066    (-,-) 
  g140143/Q                                       -       A->Q  R     BUHDX12       32 250.6   221   362    3428    (-,-) 
  g175461/Q                                       -       AN->Q R     NA2I1HDX1      1  15.8   330   401    3829    (-,-) 
  g225167/Q                                       -       C->Q  F     NA22HDX1       1  11.2   177   230    4058    (-,-) 
  u_core_u_ctx_bank_ctx_nfast_packed_reg[0][75]/D -       -     F     DFRQHDX1       1     -     -     0    4059    (-,-) 
#-------------------------------------------------------------------------------------------------------------------------



Path 68: VIOLATED (-3818 ps) Setup Check with Pin u_core_u_ctx_bank_ctx_hit_level_reg[1][4]/C->D
           View: wc_view
          Group: clk_osc_fast
     Startpoint: (R) u_core_u_meas_ctrl_state_q_reg[2]/C
          Clock: (R) clk_osc_fast
       Endpoint: (F) u_core_u_ctx_bank_ctx_hit_level_reg[1][4]/D
          Clock: (R) clk_osc_fast

                     Capture       Launch     
        Clock Edge:+     900            0     
       Src Latency:+       0            0     
       Net Latency:+       0 (I)        0 (I) 
           Arrival:=     900            0     
                                              
             Setup:-     623                  
       Uncertainty:-      50                  
     Required Time:=     227                  
      Launch Clock:-       0                  
         Data Path:-    4045                  
             Slack:=   -3818                  

#---------------------------------------------------------------------------------------------------------------------
#                Timing Point                 Flags   Arc   Edge   Cell     Fanout  Load Trans Delay Arrival Instance 
#                                                                                   (fF)  (ps)  (ps)   (ps)  Location 
#---------------------------------------------------------------------------------------------------------------------
  u_core_u_meas_ctrl_state_q_reg[2]/C         -       -     R     (arrival)   1208     -     0     0       0    (-,-) 
  u_core_u_meas_ctrl_state_q_reg[2]/Q         -       C->Q  F     DFRRHDX1       3  58.0   471  1323    1323    (-,-) 
  g199282/Q                                   -       B->Q  R     NO2I1HDX4      3  63.7   432   516    1839    (-,-) 
  g196565/Q                                   -       A->Q  R     AND2HDX4       6  61.0   210   560    2399    (-,-) 
  g178756_dup/Q                               -       A->Q  R     AND2HDX2       1  57.8   308   499    2898    (-,-) 
  fopt252836/Q                                -       A->Q  R     BUHDX12        7 303.5   257   399    3297    (-,-) 
  fopt252838/Q                                -       A->Q  R     BUHDX12       32 403.6   329   438    3735    (-,-) 
  g266824/Q                                   -       C->Q  F     ON22HDX1       1  11.2   245   310    4045    (-,-) 
  u_core_u_ctx_bank_ctx_hit_level_reg[1][4]/D -       -     F     DFRHDX1        1     -     -     0    4045    (-,-) 
#---------------------------------------------------------------------------------------------------------------------



Path 69: VIOLATED (-3815 ps) Setup Check with Pin u_core_u_ctx_bank_ctx_nfast_packed_reg[0][222]/C->D
           View: wc_view
          Group: clk_osc_fast
     Startpoint: (R) u_core_u_meas_ctrl_state_q_reg[0]/C
          Clock: (R) clk_osc_fast
       Endpoint: (F) u_core_u_ctx_bank_ctx_nfast_packed_reg[0][222]/D
          Clock: (R) clk_osc_fast

                     Capture       Launch     
        Clock Edge:+     900            0     
       Src Latency:+       0            0     
       Net Latency:+       0 (I)        0 (I) 
           Arrival:=     900            0     
                                              
             Setup:-     610                  
       Uncertainty:-      50                  
     Required Time:=     240                  
      Launch Clock:-       0                  
         Data Path:-    4056                  
             Slack:=   -3815                  

#--------------------------------------------------------------------------------------------------------------------------
#                  Timing Point                    Flags   Arc   Edge   Cell     Fanout  Load Trans Delay Arrival Instance 
#                                                                                        (fF)  (ps)  (ps)   (ps)  Location 
#--------------------------------------------------------------------------------------------------------------------------
  u_core_u_meas_ctrl_state_q_reg[0]/C              -       -     R     (arrival)   1208     -     0     0       0    (-,-) 
  u_core_u_meas_ctrl_state_q_reg[0]/QN             -       C->QN F     DFRRHDX1       4  50.3   322  1406    1406    (-,-) 
  g199283/Q                                        -       A->Q  F     AND2HDX2       1  38.2   152   506    1911    (-,-) 
  g199281/Q                                        -       A->Q  R     NA2HDX4        2  56.7   290   274    2186    (-,-) 
  g199280/Q                                        -       A->Q  R     BUHDX6         9 211.8   344   458    2644    (-,-) 
  g174579/Q                                        -       A->Q  R     BUHDX8         4 220.3   277   422    3066    (-,-) 
  g174581/Q                                        -       A->Q  R     BUHDX12       31 246.6   218   359    3426    (-,-) 
  g174582/Q                                        -       AN->Q R     NA2I1HDX1      1  15.8   332   400    3826    (-,-) 
  g215031/Q                                        -       C->Q  F     NA22HDX1       1  11.2   177   230    4056    (-,-) 
  u_core_u_ctx_bank_ctx_nfast_packed_reg[0][222]/D -       -     F     DFRQHDX1       1     -     -     0    4056    (-,-) 
#--------------------------------------------------------------------------------------------------------------------------



Path 70: VIOLATED (-3812 ps) Setup Check with Pin u_core_u_ctx_bank_ctx_nfast_packed_reg[1][9]/C->D
           View: wc_view
          Group: clk_osc_fast
     Startpoint: (R) u_core_u_meas_ctrl_state_q_reg[2]/C
          Clock: (R) clk_osc_fast
       Endpoint: (F) u_core_u_ctx_bank_ctx_nfast_packed_reg[1][9]/D
          Clock: (R) clk_osc_fast

                     Capture       Launch     
        Clock Edge:+     900            0     
       Src Latency:+       0            0     
       Net Latency:+       0 (I)        0 (I) 
           Arrival:=     900            0     
                                              
             Setup:-     623                  
       Uncertainty:-      50                  
     Required Time:=     227                  
      Launch Clock:-       0                  
         Data Path:-    4039                  
             Slack:=   -3812                  

#------------------------------------------------------------------------------------------------------------------------
#                 Timing Point                   Flags   Arc   Edge   Cell     Fanout  Load Trans Delay Arrival Instance 
#                                                                                      (fF)  (ps)  (ps)   (ps)  Location 
#------------------------------------------------------------------------------------------------------------------------
  u_core_u_meas_ctrl_state_q_reg[2]/C            -       -     R     (arrival)   1208     -     0     0       0    (-,-) 
  u_core_u_meas_ctrl_state_q_reg[2]/Q            -       C->Q  F     DFRRHDX1       3  58.0   471  1323    1323    (-,-) 
  g199282/Q                                      -       B->Q  R     NO2I1HDX4      3  63.7   432   516    1839    (-,-) 
  g196565/Q                                      -       A->Q  R     AND2HDX4       6  61.0   210   560    2399    (-,-) 
  g178756_dup/Q                                  -       A->Q  R     AND2HDX2       1  57.8   308   499    2898    (-,-) 
  fopt252836/Q                                   -       A->Q  R     BUHDX12        7 303.5   257   399    3297    (-,-) 
  fopt202906/Q                                   -       A->Q  R     BUHDX12       33 395.3   323   434    3731    (-,-) 
  g266828/Q                                      -       C->Q  F     ON22HDX1       1  11.2   245   308    4039    (-,-) 
  u_core_u_ctx_bank_ctx_nfast_packed_reg[1][9]/D -       -     F     DFRHDX1        1     -     -     0    4039    (-,-) 
#------------------------------------------------------------------------------------------------------------------------



Path 71: VIOLATED (-3812 ps) Setup Check with Pin u_core_u_ctx_bank_ctx_hit_level_reg[1][62]/C->D
           View: wc_view
          Group: clk_osc_fast
     Startpoint: (R) u_core_u_meas_ctrl_state_q_reg[2]/C
          Clock: (R) clk_osc_fast
       Endpoint: (F) u_core_u_ctx_bank_ctx_hit_level_reg[1][62]/D
          Clock: (R) clk_osc_fast

                     Capture       Launch     
        Clock Edge:+     900            0     
       Src Latency:+       0            0     
       Net Latency:+       0 (I)        0 (I) 
           Arrival:=     900            0     
                                              
             Setup:-     623                  
       Uncertainty:-      50                  
     Required Time:=     227                  
      Launch Clock:-       0                  
         Data Path:-    4039                  
             Slack:=   -3812                  

#----------------------------------------------------------------------------------------------------------------------
#                Timing Point                  Flags   Arc   Edge   Cell     Fanout  Load Trans Delay Arrival Instance 
#                                                                                    (fF)  (ps)  (ps)   (ps)  Location 
#----------------------------------------------------------------------------------------------------------------------
  u_core_u_meas_ctrl_state_q_reg[2]/C          -       -     R     (arrival)   1208     -     0     0       0    (-,-) 
  u_core_u_meas_ctrl_state_q_reg[2]/Q          -       C->Q  F     DFRRHDX1       3  58.0   471  1323    1323    (-,-) 
  g199282/Q                                    -       B->Q  R     NO2I1HDX4      3  63.7   432   516    1839    (-,-) 
  g196565/Q                                    -       A->Q  R     AND2HDX4       6  61.0   210   560    2399    (-,-) 
  g178756_dup/Q                                -       A->Q  R     AND2HDX2       1  57.8   308   499    2898    (-,-) 
  fopt252836/Q                                 -       A->Q  R     BUHDX12        7 303.5   257   399    3297    (-,-) 
  fopt202906/Q                                 -       A->Q  R     BUHDX12       33 395.3   323   434    3731    (-,-) 
  g266849/Q                                    -       C->Q  F     ON22HDX1       1  11.2   245   308    4039    (-,-) 
  u_core_u_ctx_bank_ctx_hit_level_reg[1][62]/D -       -     F     DFRHDX1        1     -     -     0    4039    (-,-) 
#----------------------------------------------------------------------------------------------------------------------



Path 72: VIOLATED (-3812 ps) Setup Check with Pin u_core_u_ctx_bank_ctx_nfast_packed_reg[1][404]/C->D
           View: wc_view
          Group: clk_osc_fast
     Startpoint: (R) u_core_u_meas_ctrl_state_q_reg[2]/C
          Clock: (R) clk_osc_fast
       Endpoint: (F) u_core_u_ctx_bank_ctx_nfast_packed_reg[1][404]/D
          Clock: (R) clk_osc_fast

                     Capture       Launch     
        Clock Edge:+     900            0     
       Src Latency:+       0            0     
       Net Latency:+       0 (I)        0 (I) 
           Arrival:=     900            0     
                                              
             Setup:-     622                  
       Uncertainty:-      50                  
     Required Time:=     228                  
      Launch Clock:-       0                  
         Data Path:-    4039                  
             Slack:=   -3812                  

#--------------------------------------------------------------------------------------------------------------------------
#                  Timing Point                    Flags   Arc   Edge   Cell     Fanout  Load Trans Delay Arrival Instance 
#                                                                                        (fF)  (ps)  (ps)   (ps)  Location 
#--------------------------------------------------------------------------------------------------------------------------
  u_core_u_meas_ctrl_state_q_reg[2]/C              -       -     R     (arrival)   1208     -     0     0       0    (-,-) 
  u_core_u_meas_ctrl_state_q_reg[2]/Q              -       C->Q  F     DFRRHDX1       3  58.0   471  1323    1323    (-,-) 
  g199282/Q                                        -       B->Q  R     NO2I1HDX4      3  63.7   432   516    1839    (-,-) 
  g196565/Q                                        -       A->Q  R     AND2HDX4       6  61.0   210   560    2399    (-,-) 
  g178756_dup/Q                                    -       A->Q  R     AND2HDX2       1  57.8   308   499    2898    (-,-) 
  fopt252836/Q                                     -       A->Q  R     BUHDX12        7 303.5   257   399    3297    (-,-) 
  fopt202906/Q                                     -       A->Q  R     BUHDX12       33 395.3   323   434    3731    (-,-) 
  g266461/Q                                        -       C->Q  F     ON22HDX1       1  11.2   244   308    4039    (-,-) 
  u_core_u_ctx_bank_ctx_nfast_packed_reg[1][404]/D -       -     F     DFRHDX1        1     -     -     0    4039    (-,-) 
#--------------------------------------------------------------------------------------------------------------------------



Path 73: VIOLATED (-3812 ps) Setup Check with Pin u_core_u_ctx_bank_ctx_nfast_packed_reg[1][394]/C->D
           View: wc_view
          Group: clk_osc_fast
     Startpoint: (R) u_core_u_meas_ctrl_state_q_reg[2]/C
          Clock: (R) clk_osc_fast
       Endpoint: (F) u_core_u_ctx_bank_ctx_nfast_packed_reg[1][394]/D
          Clock: (R) clk_osc_fast

                     Capture       Launch     
        Clock Edge:+     900            0     
       Src Latency:+       0            0     
       Net Latency:+       0 (I)        0 (I) 
           Arrival:=     900            0     
                                              
             Setup:-     622                  
       Uncertainty:-      50                  
     Required Time:=     228                  
      Launch Clock:-       0                  
         Data Path:-    4039                  
             Slack:=   -3812                  

#--------------------------------------------------------------------------------------------------------------------------
#                  Timing Point                    Flags   Arc   Edge   Cell     Fanout  Load Trans Delay Arrival Instance 
#                                                                                        (fF)  (ps)  (ps)   (ps)  Location 
#--------------------------------------------------------------------------------------------------------------------------
  u_core_u_meas_ctrl_state_q_reg[2]/C              -       -     R     (arrival)   1208     -     0     0       0    (-,-) 
  u_core_u_meas_ctrl_state_q_reg[2]/Q              -       C->Q  F     DFRRHDX1       3  58.0   471  1323    1323    (-,-) 
  g199282/Q                                        -       B->Q  R     NO2I1HDX4      3  63.7   432   516    1839    (-,-) 
  g196565/Q                                        -       A->Q  R     AND2HDX4       6  61.0   210   560    2399    (-,-) 
  g178756_dup/Q                                    -       A->Q  R     AND2HDX2       1  57.8   308   499    2898    (-,-) 
  fopt252836/Q                                     -       A->Q  R     BUHDX12        7 303.5   257   399    3297    (-,-) 
  fopt202906/Q                                     -       A->Q  R     BUHDX12       33 395.3   323   434    3731    (-,-) 
  g266437/Q                                        -       C->Q  F     ON22HDX1       1  11.2   244   308    4039    (-,-) 
  u_core_u_ctx_bank_ctx_nfast_packed_reg[1][394]/D -       -     F     DFRHDX1        1     -     -     0    4039    (-,-) 
#--------------------------------------------------------------------------------------------------------------------------



Path 74: VIOLATED (-3812 ps) Setup Check with Pin u_core_u_ctx_bank_ctx_nfast_packed_reg[1][253]/C->D
           View: wc_view
          Group: clk_osc_fast
     Startpoint: (R) u_core_u_meas_ctrl_state_q_reg[2]/C
          Clock: (R) clk_osc_fast
       Endpoint: (F) u_core_u_ctx_bank_ctx_nfast_packed_reg[1][253]/D
          Clock: (R) clk_osc_fast

                     Capture       Launch     
        Clock Edge:+     900            0     
       Src Latency:+       0            0     
       Net Latency:+       0 (I)        0 (I) 
           Arrival:=     900            0     
                                              
             Setup:-     622                  
       Uncertainty:-      50                  
     Required Time:=     228                  
      Launch Clock:-       0                  
         Data Path:-    4039                  
             Slack:=   -3812                  

#--------------------------------------------------------------------------------------------------------------------------
#                  Timing Point                    Flags   Arc   Edge   Cell     Fanout  Load Trans Delay Arrival Instance 
#                                                                                        (fF)  (ps)  (ps)   (ps)  Location 
#--------------------------------------------------------------------------------------------------------------------------
  u_core_u_meas_ctrl_state_q_reg[2]/C              -       -     R     (arrival)   1208     -     0     0       0    (-,-) 
  u_core_u_meas_ctrl_state_q_reg[2]/Q              -       C->Q  F     DFRRHDX1       3  58.0   471  1323    1323    (-,-) 
  g199282/Q                                        -       B->Q  R     NO2I1HDX4      3  63.7   432   516    1839    (-,-) 
  g196565/Q                                        -       A->Q  R     AND2HDX4       6  61.0   210   560    2399    (-,-) 
  g178756_dup/Q                                    -       A->Q  R     AND2HDX2       1  57.8   308   499    2898    (-,-) 
  fopt252836/Q                                     -       A->Q  R     BUHDX12        7 303.5   257   399    3297    (-,-) 
  fopt202906/Q                                     -       A->Q  R     BUHDX12       33 395.3   323   434    3731    (-,-) 
  g266460/Q                                        -       C->Q  F     ON22HDX1       1  11.2   244   308    4039    (-,-) 
  u_core_u_ctx_bank_ctx_nfast_packed_reg[1][253]/D -       -     F     DFRHDX1        1     -     -     0    4039    (-,-) 
#--------------------------------------------------------------------------------------------------------------------------



Path 75: VIOLATED (-3812 ps) Setup Check with Pin u_core_u_ctx_bank_ctx_hit_level_reg[1][55]/C->D
           View: wc_view
          Group: clk_osc_fast
     Startpoint: (R) u_core_u_meas_ctrl_state_q_reg[2]/C
          Clock: (R) clk_osc_fast
       Endpoint: (F) u_core_u_ctx_bank_ctx_hit_level_reg[1][55]/D
          Clock: (R) clk_osc_fast

                     Capture       Launch     
        Clock Edge:+     900            0     
       Src Latency:+       0            0     
       Net Latency:+       0 (I)        0 (I) 
           Arrival:=     900            0     
                                              
             Setup:-     622                  
       Uncertainty:-      50                  
     Required Time:=     228                  
      Launch Clock:-       0                  
         Data Path:-    4039                  
             Slack:=   -3812                  

#----------------------------------------------------------------------------------------------------------------------
#                Timing Point                  Flags   Arc   Edge   Cell     Fanout  Load Trans Delay Arrival Instance 
#                                                                                    (fF)  (ps)  (ps)   (ps)  Location 
#----------------------------------------------------------------------------------------------------------------------
  u_core_u_meas_ctrl_state_q_reg[2]/C          -       -     R     (arrival)   1208     -     0     0       0    (-,-) 
  u_core_u_meas_ctrl_state_q_reg[2]/Q          -       C->Q  F     DFRRHDX1       3  58.0   471  1323    1323    (-,-) 
  g199282/Q                                    -       B->Q  R     NO2I1HDX4      3  63.7   432   516    1839    (-,-) 
  g196565/Q                                    -       A->Q  R     AND2HDX4       6  61.0   210   560    2399    (-,-) 
  g178756_dup/Q                                -       A->Q  R     AND2HDX2       1  57.8   308   499    2898    (-,-) 
  fopt252836/Q                                 -       A->Q  R     BUHDX12        7 303.5   257   399    3297    (-,-) 
  fopt202906/Q                                 -       A->Q  R     BUHDX12       33 395.3   323   434    3731    (-,-) 
  g266438/Q                                    -       C->Q  F     ON22HDX1       1  11.2   244   308    4039    (-,-) 
  u_core_u_ctx_bank_ctx_hit_level_reg[1][55]/D -       -     F     DFRHDX1        1     -     -     0    4039    (-,-) 
#----------------------------------------------------------------------------------------------------------------------



Path 76: VIOLATED (-3811 ps) Setup Check with Pin u_core_u_ctx_bank_ctx_nfast_packed_reg[1][395]/C->D
           View: wc_view
          Group: clk_osc_fast
     Startpoint: (R) u_core_u_meas_ctrl_state_q_reg[2]/C
          Clock: (R) clk_osc_fast
       Endpoint: (F) u_core_u_ctx_bank_ctx_nfast_packed_reg[1][395]/D
          Clock: (R) clk_osc_fast

                     Capture       Launch     
        Clock Edge:+     900            0     
       Src Latency:+       0            0     
       Net Latency:+       0 (I)        0 (I) 
           Arrival:=     900            0     
                                              
             Setup:-     622                  
       Uncertainty:-      50                  
     Required Time:=     228                  
      Launch Clock:-       0                  
         Data Path:-    4039                  
             Slack:=   -3811                  

#--------------------------------------------------------------------------------------------------------------------------
#                  Timing Point                    Flags   Arc   Edge   Cell     Fanout  Load Trans Delay Arrival Instance 
#                                                                                        (fF)  (ps)  (ps)   (ps)  Location 
#--------------------------------------------------------------------------------------------------------------------------
  u_core_u_meas_ctrl_state_q_reg[2]/C              -       -     R     (arrival)   1208     -     0     0       0    (-,-) 
  u_core_u_meas_ctrl_state_q_reg[2]/Q              -       C->Q  F     DFRRHDX1       3  58.0   471  1323    1323    (-,-) 
  g199282/Q                                        -       B->Q  R     NO2I1HDX4      3  63.7   432   516    1839    (-,-) 
  g196565/Q                                        -       A->Q  R     AND2HDX4       6  61.0   210   560    2399    (-,-) 
  g178756_dup/Q                                    -       A->Q  R     AND2HDX2       1  57.8   308   499    2898    (-,-) 
  fopt252836/Q                                     -       A->Q  R     BUHDX12        7 303.5   257   399    3297    (-,-) 
  fopt202906/Q                                     -       A->Q  R     BUHDX12       33 395.3   323   434    3731    (-,-) 
  g246251/Q                                        -       C->Q  F     ON22HDX1       1  11.2   242   308    4039    (-,-) 
  u_core_u_ctx_bank_ctx_nfast_packed_reg[1][395]/D -       -     F     DFRHDX1        1     -     -     0    4039    (-,-) 
#--------------------------------------------------------------------------------------------------------------------------



Path 77: VIOLATED (-3811 ps) Setup Check with Pin u_core_u_ctx_bank_ctx_nfast_packed_reg[1][422]/C->D
           View: wc_view
          Group: clk_osc_fast
     Startpoint: (R) u_core_u_meas_ctrl_state_q_reg[2]/C
          Clock: (R) clk_osc_fast
       Endpoint: (F) u_core_u_ctx_bank_ctx_nfast_packed_reg[1][422]/D
          Clock: (R) clk_osc_fast

                     Capture       Launch     
        Clock Edge:+     900            0     
       Src Latency:+       0            0     
       Net Latency:+       0 (I)        0 (I) 
           Arrival:=     900            0     
                                              
             Setup:-     621                  
       Uncertainty:-      50                  
     Required Time:=     229                  
      Launch Clock:-       0                  
         Data Path:-    4039                  
             Slack:=   -3811                  

#--------------------------------------------------------------------------------------------------------------------------
#                  Timing Point                    Flags   Arc   Edge   Cell     Fanout  Load Trans Delay Arrival Instance 
#                                                                                        (fF)  (ps)  (ps)   (ps)  Location 
#--------------------------------------------------------------------------------------------------------------------------
  u_core_u_meas_ctrl_state_q_reg[2]/C              -       -     R     (arrival)   1208     -     0     0       0    (-,-) 
  u_core_u_meas_ctrl_state_q_reg[2]/Q              -       C->Q  F     DFRRHDX1       3  58.0   471  1323    1323    (-,-) 
  g199282/Q                                        -       B->Q  R     NO2I1HDX4      3  63.7   432   516    1839    (-,-) 
  g196565/Q                                        -       A->Q  R     AND2HDX4       6  61.0   210   560    2399    (-,-) 
  g178756_dup/Q                                    -       A->Q  R     AND2HDX2       1  57.8   308   499    2898    (-,-) 
  fopt252836/Q                                     -       A->Q  R     BUHDX12        7 303.5   257   399    3297    (-,-) 
  fopt202906/Q                                     -       A->Q  R     BUHDX12       33 395.3   323   434    3731    (-,-) 
  g279642/Q                                        -       C->Q  F     ON22HDX1       1  11.2   240   308    4039    (-,-) 
  u_core_u_ctx_bank_ctx_nfast_packed_reg[1][422]/D -       -     F     DFRHDX1        1     -     -     0    4039    (-,-) 
#--------------------------------------------------------------------------------------------------------------------------



Path 78: VIOLATED (-3811 ps) Setup Check with Pin u_core_u_ctx_bank_ctx_nfast_packed_reg[1][329]/C->D
           View: wc_view
          Group: clk_osc_fast
     Startpoint: (R) u_core_u_meas_ctrl_state_q_reg[2]/C
          Clock: (R) clk_osc_fast
       Endpoint: (F) u_core_u_ctx_bank_ctx_nfast_packed_reg[1][329]/D
          Clock: (R) clk_osc_fast

                     Capture       Launch     
        Clock Edge:+     900            0     
       Src Latency:+       0            0     
       Net Latency:+       0 (I)        0 (I) 
           Arrival:=     900            0     
                                              
             Setup:-     621                  
       Uncertainty:-      50                  
     Required Time:=     229                  
      Launch Clock:-       0                  
         Data Path:-    4039                  
             Slack:=   -3811                  

#--------------------------------------------------------------------------------------------------------------------------
#                  Timing Point                    Flags   Arc   Edge   Cell     Fanout  Load Trans Delay Arrival Instance 
#                                                                                        (fF)  (ps)  (ps)   (ps)  Location 
#--------------------------------------------------------------------------------------------------------------------------
  u_core_u_meas_ctrl_state_q_reg[2]/C              -       -     R     (arrival)   1208     -     0     0       0    (-,-) 
  u_core_u_meas_ctrl_state_q_reg[2]/Q              -       C->Q  F     DFRRHDX1       3  58.0   471  1323    1323    (-,-) 
  g199282/Q                                        -       B->Q  R     NO2I1HDX4      3  63.7   432   516    1839    (-,-) 
  g196565/Q                                        -       A->Q  R     AND2HDX4       6  61.0   210   560    2399    (-,-) 
  g178756_dup/Q                                    -       A->Q  R     AND2HDX2       1  57.8   308   499    2898    (-,-) 
  fopt252836/Q                                     -       A->Q  R     BUHDX12        7 303.5   257   399    3297    (-,-) 
  fopt202906/Q                                     -       A->Q  R     BUHDX12       33 395.3   323   434    3731    (-,-) 
  g202969/Q                                        -       C->Q  F     ON22HDX1       1  11.2   241   308    4039    (-,-) 
  u_core_u_ctx_bank_ctx_nfast_packed_reg[1][329]/D -       -     F     DFRHDX1        1     -     -     0    4039    (-,-) 
#--------------------------------------------------------------------------------------------------------------------------



Path 79: VIOLATED (-3811 ps) Setup Check with Pin u_core_u_ctx_bank_ctx_nfast_packed_reg[1][247]/C->D
           View: wc_view
          Group: clk_osc_fast
     Startpoint: (R) u_core_u_meas_ctrl_state_q_reg[2]/C
          Clock: (R) clk_osc_fast
       Endpoint: (F) u_core_u_ctx_bank_ctx_nfast_packed_reg[1][247]/D
          Clock: (R) clk_osc_fast

                     Capture       Launch     
        Clock Edge:+     900            0     
       Src Latency:+       0            0     
       Net Latency:+       0 (I)        0 (I) 
           Arrival:=     900            0     
                                              
             Setup:-     621                  
       Uncertainty:-      50                  
     Required Time:=     229                  
      Launch Clock:-       0                  
         Data Path:-    4039                  
             Slack:=   -3811                  

#--------------------------------------------------------------------------------------------------------------------------
#                  Timing Point                    Flags   Arc   Edge   Cell     Fanout  Load Trans Delay Arrival Instance 
#                                                                                        (fF)  (ps)  (ps)   (ps)  Location 
#--------------------------------------------------------------------------------------------------------------------------
  u_core_u_meas_ctrl_state_q_reg[2]/C              -       -     R     (arrival)   1208     -     0     0       0    (-,-) 
  u_core_u_meas_ctrl_state_q_reg[2]/Q              -       C->Q  F     DFRRHDX1       3  58.0   471  1323    1323    (-,-) 
  g199282/Q                                        -       B->Q  R     NO2I1HDX4      3  63.7   432   516    1839    (-,-) 
  g196565/Q                                        -       A->Q  R     AND2HDX4       6  61.0   210   560    2399    (-,-) 
  g178756_dup/Q                                    -       A->Q  R     AND2HDX2       1  57.8   308   499    2898    (-,-) 
  fopt252836/Q                                     -       A->Q  R     BUHDX12        7 303.5   257   399    3297    (-,-) 
  fopt202906/Q                                     -       A->Q  R     BUHDX12       33 395.3   323   434    3731    (-,-) 
  g202959/Q                                        -       C->Q  F     ON22HDX1       1  11.2   241   308    4039    (-,-) 
  u_core_u_ctx_bank_ctx_nfast_packed_reg[1][247]/D -       -     F     DFRHDX1        1     -     -     0    4039    (-,-) 
#--------------------------------------------------------------------------------------------------------------------------



Path 80: VIOLATED (-3811 ps) Setup Check with Pin u_core_u_ctx_bank_ctx_nfast_packed_reg[1][240]/C->D
           View: wc_view
          Group: clk_osc_fast
     Startpoint: (R) u_core_u_meas_ctrl_state_q_reg[2]/C
          Clock: (R) clk_osc_fast
       Endpoint: (F) u_core_u_ctx_bank_ctx_nfast_packed_reg[1][240]/D
          Clock: (R) clk_osc_fast

                     Capture       Launch     
        Clock Edge:+     900            0     
       Src Latency:+       0            0     
       Net Latency:+       0 (I)        0 (I) 
           Arrival:=     900            0     
                                              
             Setup:-     621                  
       Uncertainty:-      50                  
     Required Time:=     229                  
      Launch Clock:-       0                  
         Data Path:-    4039                  
             Slack:=   -3811                  

#--------------------------------------------------------------------------------------------------------------------------
#                  Timing Point                    Flags   Arc   Edge   Cell     Fanout  Load Trans Delay Arrival Instance 
#                                                                                        (fF)  (ps)  (ps)   (ps)  Location 
#--------------------------------------------------------------------------------------------------------------------------
  u_core_u_meas_ctrl_state_q_reg[2]/C              -       -     R     (arrival)   1208     -     0     0       0    (-,-) 
  u_core_u_meas_ctrl_state_q_reg[2]/Q              -       C->Q  F     DFRRHDX1       3  58.0   471  1323    1323    (-,-) 
  g199282/Q                                        -       B->Q  R     NO2I1HDX4      3  63.7   432   516    1839    (-,-) 
  g196565/Q                                        -       A->Q  R     AND2HDX4       6  61.0   210   560    2399    (-,-) 
  g178756_dup/Q                                    -       A->Q  R     AND2HDX2       1  57.8   308   499    2898    (-,-) 
  fopt252836/Q                                     -       A->Q  R     BUHDX12        7 303.5   257   399    3297    (-,-) 
  fopt202906/Q                                     -       A->Q  R     BUHDX12       33 395.3   323   434    3731    (-,-) 
  g202945/Q                                        -       C->Q  F     ON22HDX1       1  11.2   241   308    4039    (-,-) 
  u_core_u_ctx_bank_ctx_nfast_packed_reg[1][240]/D -       -     F     DFRHDX1        1     -     -     0    4039    (-,-) 
#--------------------------------------------------------------------------------------------------------------------------



Path 81: VIOLATED (-3811 ps) Setup Check with Pin u_core_u_ctx_bank_ctx_nfast_packed_reg[1][219]/C->D
           View: wc_view
          Group: clk_osc_fast
     Startpoint: (R) u_core_u_meas_ctrl_state_q_reg[2]/C
          Clock: (R) clk_osc_fast
       Endpoint: (F) u_core_u_ctx_bank_ctx_nfast_packed_reg[1][219]/D
          Clock: (R) clk_osc_fast

                     Capture       Launch     
        Clock Edge:+     900            0     
       Src Latency:+       0            0     
       Net Latency:+       0 (I)        0 (I) 
           Arrival:=     900            0     
                                              
             Setup:-     621                  
       Uncertainty:-      50                  
     Required Time:=     229                  
      Launch Clock:-       0                  
         Data Path:-    4039                  
             Slack:=   -3811                  

#--------------------------------------------------------------------------------------------------------------------------
#                  Timing Point                    Flags   Arc   Edge   Cell     Fanout  Load Trans Delay Arrival Instance 
#                                                                                        (fF)  (ps)  (ps)   (ps)  Location 
#--------------------------------------------------------------------------------------------------------------------------
  u_core_u_meas_ctrl_state_q_reg[2]/C              -       -     R     (arrival)   1208     -     0     0       0    (-,-) 
  u_core_u_meas_ctrl_state_q_reg[2]/Q              -       C->Q  F     DFRRHDX1       3  58.0   471  1323    1323    (-,-) 
  g199282/Q                                        -       B->Q  R     NO2I1HDX4      3  63.7   432   516    1839    (-,-) 
  g196565/Q                                        -       A->Q  R     AND2HDX4       6  61.0   210   560    2399    (-,-) 
  g178756_dup/Q                                    -       A->Q  R     AND2HDX2       1  57.8   308   499    2898    (-,-) 
  fopt252836/Q                                     -       A->Q  R     BUHDX12        7 303.5   257   399    3297    (-,-) 
  fopt202906/Q                                     -       A->Q  R     BUHDX12       33 395.3   323   434    3731    (-,-) 
  g202968/Q                                        -       C->Q  F     ON22HDX1       1  11.2   240   308    4039    (-,-) 
  u_core_u_ctx_bank_ctx_nfast_packed_reg[1][219]/D -       -     F     DFRHDX1        1     -     -     0    4039    (-,-) 
#--------------------------------------------------------------------------------------------------------------------------



Path 82: VIOLATED (-3811 ps) Setup Check with Pin u_core_u_ctx_bank_ctx_nfast_packed_reg[1][108]/C->D
           View: wc_view
          Group: clk_osc_fast
     Startpoint: (R) u_core_u_meas_ctrl_state_q_reg[2]/C
          Clock: (R) clk_osc_fast
       Endpoint: (F) u_core_u_ctx_bank_ctx_nfast_packed_reg[1][108]/D
          Clock: (R) clk_osc_fast

                     Capture       Launch     
        Clock Edge:+     900            0     
       Src Latency:+       0            0     
       Net Latency:+       0 (I)        0 (I) 
           Arrival:=     900            0     
                                              
             Setup:-     621                  
       Uncertainty:-      50                  
     Required Time:=     229                  
      Launch Clock:-       0                  
         Data Path:-    4039                  
             Slack:=   -3811                  

#--------------------------------------------------------------------------------------------------------------------------
#                  Timing Point                    Flags   Arc   Edge   Cell     Fanout  Load Trans Delay Arrival Instance 
#                                                                                        (fF)  (ps)  (ps)   (ps)  Location 
#--------------------------------------------------------------------------------------------------------------------------
  u_core_u_meas_ctrl_state_q_reg[2]/C              -       -     R     (arrival)   1208     -     0     0       0    (-,-) 
  u_core_u_meas_ctrl_state_q_reg[2]/Q              -       C->Q  F     DFRRHDX1       3  58.0   471  1323    1323    (-,-) 
  g199282/Q                                        -       B->Q  R     NO2I1HDX4      3  63.7   432   516    1839    (-,-) 
  g196565/Q                                        -       A->Q  R     AND2HDX4       6  61.0   210   560    2399    (-,-) 
  g178756_dup/Q                                    -       A->Q  R     AND2HDX2       1  57.8   308   499    2898    (-,-) 
  fopt252836/Q                                     -       A->Q  R     BUHDX12        7 303.5   257   399    3297    (-,-) 
  fopt202906/Q                                     -       A->Q  R     BUHDX12       33 395.3   323   434    3731    (-,-) 
  g202952/Q                                        -       C->Q  F     ON22HDX1       1  11.2   241   308    4039    (-,-) 
  u_core_u_ctx_bank_ctx_nfast_packed_reg[1][108]/D -       -     F     DFRHDX1        1     -     -     0    4039    (-,-) 
#--------------------------------------------------------------------------------------------------------------------------



Path 83: VIOLATED (-3811 ps) Setup Check with Pin u_core_u_ctx_bank_ctx_nfast_packed_reg[1][63]/C->D
           View: wc_view
          Group: clk_osc_fast
     Startpoint: (R) u_core_u_meas_ctrl_state_q_reg[2]/C
          Clock: (R) clk_osc_fast
       Endpoint: (F) u_core_u_ctx_bank_ctx_nfast_packed_reg[1][63]/D
          Clock: (R) clk_osc_fast

                     Capture       Launch     
        Clock Edge:+     900            0     
       Src Latency:+       0            0     
       Net Latency:+       0 (I)        0 (I) 
           Arrival:=     900            0     
                                              
             Setup:-     621                  
       Uncertainty:-      50                  
     Required Time:=     229                  
      Launch Clock:-       0                  
         Data Path:-    4039                  
             Slack:=   -3811                  

#-------------------------------------------------------------------------------------------------------------------------
#                  Timing Point                   Flags   Arc   Edge   Cell     Fanout  Load Trans Delay Arrival Instance 
#                                                                                       (fF)  (ps)  (ps)   (ps)  Location 
#-------------------------------------------------------------------------------------------------------------------------
  u_core_u_meas_ctrl_state_q_reg[2]/C             -       -     R     (arrival)   1208     -     0     0       0    (-,-) 
  u_core_u_meas_ctrl_state_q_reg[2]/Q             -       C->Q  F     DFRRHDX1       3  58.0   471  1323    1323    (-,-) 
  g199282/Q                                       -       B->Q  R     NO2I1HDX4      3  63.7   432   516    1839    (-,-) 
  g196565/Q                                       -       A->Q  R     AND2HDX4       6  61.0   210   560    2399    (-,-) 
  g178756_dup/Q                                   -       A->Q  R     AND2HDX2       1  57.8   308   499    2898    (-,-) 
  fopt252836/Q                                    -       A->Q  R     BUHDX12        7 303.5   257   399    3297    (-,-) 
  fopt202906/Q                                    -       A->Q  R     BUHDX12       33 395.3   323   434    3731    (-,-) 
  g279643/Q                                       -       C->Q  F     ON22HDX1       1  11.2   240   308    4039    (-,-) 
  u_core_u_ctx_bank_ctx_nfast_packed_reg[1][63]/D -       -     F     DFRHDX1        1     -     -     0    4039    (-,-) 
#-------------------------------------------------------------------------------------------------------------------------



Path 84: VIOLATED (-3811 ps) Setup Check with Pin u_core_u_ctx_bank_ctx_nfast_packed_reg[1][60]/C->D
           View: wc_view
          Group: clk_osc_fast
     Startpoint: (R) u_core_u_meas_ctrl_state_q_reg[2]/C
          Clock: (R) clk_osc_fast
       Endpoint: (F) u_core_u_ctx_bank_ctx_nfast_packed_reg[1][60]/D
          Clock: (R) clk_osc_fast

                     Capture       Launch     
        Clock Edge:+     900            0     
       Src Latency:+       0            0     
       Net Latency:+       0 (I)        0 (I) 
           Arrival:=     900            0     
                                              
             Setup:-     621                  
       Uncertainty:-      50                  
     Required Time:=     229                  
      Launch Clock:-       0                  
         Data Path:-    4039                  
             Slack:=   -3811                  

#-------------------------------------------------------------------------------------------------------------------------
#                  Timing Point                   Flags   Arc   Edge   Cell     Fanout  Load Trans Delay Arrival Instance 
#                                                                                       (fF)  (ps)  (ps)   (ps)  Location 
#-------------------------------------------------------------------------------------------------------------------------
  u_core_u_meas_ctrl_state_q_reg[2]/C             -       -     R     (arrival)   1208     -     0     0       0    (-,-) 
  u_core_u_meas_ctrl_state_q_reg[2]/Q             -       C->Q  F     DFRRHDX1       3  58.0   471  1323    1323    (-,-) 
  g199282/Q                                       -       B->Q  R     NO2I1HDX4      3  63.7   432   516    1839    (-,-) 
  g196565/Q                                       -       A->Q  R     AND2HDX4       6  61.0   210   560    2399    (-,-) 
  g178756_dup/Q                                   -       A->Q  R     AND2HDX2       1  57.8   308   499    2898    (-,-) 
  fopt252836/Q                                    -       A->Q  R     BUHDX12        7 303.5   257   399    3297    (-,-) 
  fopt202906/Q                                    -       A->Q  R     BUHDX12       33 395.3   323   434    3731    (-,-) 
  g202942/Q                                       -       C->Q  F     ON22HDX1       1  11.2   240   308    4039    (-,-) 
  u_core_u_ctx_bank_ctx_nfast_packed_reg[1][60]/D -       -     F     DFRHDX1        1     -     -     0    4039    (-,-) 
#-------------------------------------------------------------------------------------------------------------------------



Path 85: VIOLATED (-3811 ps) Setup Check with Pin u_core_u_ctx_bank_ctx_nfast_packed_reg[1][49]/C->D
           View: wc_view
          Group: clk_osc_fast
     Startpoint: (R) u_core_u_meas_ctrl_state_q_reg[2]/C
          Clock: (R) clk_osc_fast
       Endpoint: (F) u_core_u_ctx_bank_ctx_nfast_packed_reg[1][49]/D
          Clock: (R) clk_osc_fast

                     Capture       Launch     
        Clock Edge:+     900            0     
       Src Latency:+       0            0     
       Net Latency:+       0 (I)        0 (I) 
           Arrival:=     900            0     
                                              
             Setup:-     621                  
       Uncertainty:-      50                  
     Required Time:=     229                  
      Launch Clock:-       0                  
         Data Path:-    4039                  
             Slack:=   -3811                  

#-------------------------------------------------------------------------------------------------------------------------
#                  Timing Point                   Flags   Arc   Edge   Cell     Fanout  Load Trans Delay Arrival Instance 
#                                                                                       (fF)  (ps)  (ps)   (ps)  Location 
#-------------------------------------------------------------------------------------------------------------------------
  u_core_u_meas_ctrl_state_q_reg[2]/C             -       -     R     (arrival)   1208     -     0     0       0    (-,-) 
  u_core_u_meas_ctrl_state_q_reg[2]/Q             -       C->Q  F     DFRRHDX1       3  58.0   471  1323    1323    (-,-) 
  g199282/Q                                       -       B->Q  R     NO2I1HDX4      3  63.7   432   516    1839    (-,-) 
  g196565/Q                                       -       A->Q  R     AND2HDX4       6  61.0   210   560    2399    (-,-) 
  g178756_dup/Q                                   -       A->Q  R     AND2HDX2       1  57.8   308   499    2898    (-,-) 
  fopt252836/Q                                    -       A->Q  R     BUHDX12        7 303.5   257   399    3297    (-,-) 
  fopt202906/Q                                    -       A->Q  R     BUHDX12       33 395.3   323   434    3731    (-,-) 
  g202944/Q                                       -       C->Q  F     ON22HDX1       1  11.2   240   308    4039    (-,-) 
  u_core_u_ctx_bank_ctx_nfast_packed_reg[1][49]/D -       -     F     DFRHDX1        1     -     -     0    4039    (-,-) 
#-------------------------------------------------------------------------------------------------------------------------



Path 86: VIOLATED (-3811 ps) Setup Check with Pin u_core_u_ctx_bank_ctx_nfast_packed_reg[1][28]/C->D
           View: wc_view
          Group: clk_osc_fast
     Startpoint: (R) u_core_u_meas_ctrl_state_q_reg[2]/C
          Clock: (R) clk_osc_fast
       Endpoint: (F) u_core_u_ctx_bank_ctx_nfast_packed_reg[1][28]/D
          Clock: (R) clk_osc_fast

                     Capture       Launch     
        Clock Edge:+     900            0     
       Src Latency:+       0            0     
       Net Latency:+       0 (I)        0 (I) 
           Arrival:=     900            0     
                                              
             Setup:-     621                  
       Uncertainty:-      50                  
     Required Time:=     229                  
      Launch Clock:-       0                  
         Data Path:-    4039                  
             Slack:=   -3811                  

#-------------------------------------------------------------------------------------------------------------------------
#                  Timing Point                   Flags   Arc   Edge   Cell     Fanout  Load Trans Delay Arrival Instance 
#                                                                                       (fF)  (ps)  (ps)   (ps)  Location 
#-------------------------------------------------------------------------------------------------------------------------
  u_core_u_meas_ctrl_state_q_reg[2]/C             -       -     R     (arrival)   1208     -     0     0       0    (-,-) 
  u_core_u_meas_ctrl_state_q_reg[2]/Q             -       C->Q  F     DFRRHDX1       3  58.0   471  1323    1323    (-,-) 
  g199282/Q                                       -       B->Q  R     NO2I1HDX4      3  63.7   432   516    1839    (-,-) 
  g196565/Q                                       -       A->Q  R     AND2HDX4       6  61.0   210   560    2399    (-,-) 
  g178756_dup/Q                                   -       A->Q  R     AND2HDX2       1  57.8   308   499    2898    (-,-) 
  fopt252836/Q                                    -       A->Q  R     BUHDX12        7 303.5   257   399    3297    (-,-) 
  fopt202906/Q                                    -       A->Q  R     BUHDX12       33 395.3   323   434    3731    (-,-) 
  g279644/Q                                       -       C->Q  F     ON22HDX1       1  11.2   240   308    4039    (-,-) 
  u_core_u_ctx_bank_ctx_nfast_packed_reg[1][28]/D -       -     F     DFRHDX1        1     -     -     0    4039    (-,-) 
#-------------------------------------------------------------------------------------------------------------------------



Path 87: VIOLATED (-3811 ps) Setup Check with Pin u_core_u_ctx_bank_ctx_nfast_packed_reg[1][12]/C->D
           View: wc_view
          Group: clk_osc_fast
     Startpoint: (R) u_core_u_meas_ctrl_state_q_reg[2]/C
          Clock: (R) clk_osc_fast
       Endpoint: (F) u_core_u_ctx_bank_ctx_nfast_packed_reg[1][12]/D
          Clock: (R) clk_osc_fast

                     Capture       Launch     
        Clock Edge:+     900            0     
       Src Latency:+       0            0     
       Net Latency:+       0 (I)        0 (I) 
           Arrival:=     900            0     
                                              
             Setup:-     621                  
       Uncertainty:-      50                  
     Required Time:=     229                  
      Launch Clock:-       0                  
         Data Path:-    4039                  
             Slack:=   -3811                  

#-------------------------------------------------------------------------------------------------------------------------
#                  Timing Point                   Flags   Arc   Edge   Cell     Fanout  Load Trans Delay Arrival Instance 
#                                                                                       (fF)  (ps)  (ps)   (ps)  Location 
#-------------------------------------------------------------------------------------------------------------------------
  u_core_u_meas_ctrl_state_q_reg[2]/C             -       -     R     (arrival)   1208     -     0     0       0    (-,-) 
  u_core_u_meas_ctrl_state_q_reg[2]/Q             -       C->Q  F     DFRRHDX1       3  58.0   471  1323    1323    (-,-) 
  g199282/Q                                       -       B->Q  R     NO2I1HDX4      3  63.7   432   516    1839    (-,-) 
  g196565/Q                                       -       A->Q  R     AND2HDX4       6  61.0   210   560    2399    (-,-) 
  g178756_dup/Q                                   -       A->Q  R     AND2HDX2       1  57.8   308   499    2898    (-,-) 
  fopt252836/Q                                    -       A->Q  R     BUHDX12        7 303.5   257   399    3297    (-,-) 
  fopt202906/Q                                    -       A->Q  R     BUHDX12       33 395.3   323   434    3731    (-,-) 
  g279645/Q                                       -       C->Q  F     ON22HDX1       1  11.2   240   308    4039    (-,-) 
  u_core_u_ctx_bank_ctx_nfast_packed_reg[1][12]/D -       -     F     DFRHDX1        1     -     -     0    4039    (-,-) 
#-------------------------------------------------------------------------------------------------------------------------



Path 88: VIOLATED (-3810 ps) Setup Check with Pin u_core_u_ctx_bank_ctx_nfast_packed_reg[1][407]/C->D
           View: wc_view
          Group: clk_osc_fast
     Startpoint: (R) u_core_u_meas_ctrl_state_q_reg[2]/C
          Clock: (R) clk_osc_fast
       Endpoint: (F) u_core_u_ctx_bank_ctx_nfast_packed_reg[1][407]/D
          Clock: (R) clk_osc_fast

                     Capture       Launch     
        Clock Edge:+     900            0     
       Src Latency:+       0            0     
       Net Latency:+       0 (I)        0 (I) 
           Arrival:=     900            0     
                                              
             Setup:-     621                  
       Uncertainty:-      50                  
     Required Time:=     229                  
      Launch Clock:-       0                  
         Data Path:-    4039                  
             Slack:=   -3810                  

#--------------------------------------------------------------------------------------------------------------------------
#                  Timing Point                    Flags   Arc   Edge   Cell     Fanout  Load Trans Delay Arrival Instance 
#                                                                                        (fF)  (ps)  (ps)   (ps)  Location 
#--------------------------------------------------------------------------------------------------------------------------
  u_core_u_meas_ctrl_state_q_reg[2]/C              -       -     R     (arrival)   1208     -     0     0       0    (-,-) 
  u_core_u_meas_ctrl_state_q_reg[2]/Q              -       C->Q  F     DFRRHDX1       3  58.0   471  1323    1323    (-,-) 
  g199282/Q                                        -       B->Q  R     NO2I1HDX4      3  63.7   432   516    1839    (-,-) 
  g196565/Q                                        -       A->Q  R     AND2HDX4       6  61.0   210   560    2399    (-,-) 
  g178756_dup/Q                                    -       A->Q  R     AND2HDX2       1  57.8   308   499    2898    (-,-) 
  fopt252836/Q                                     -       A->Q  R     BUHDX12        7 303.5   257   399    3297    (-,-) 
  fopt202906/Q                                     -       A->Q  R     BUHDX12       33 395.3   323   434    3731    (-,-) 
  g202949/Q                                        -       C->Q  F     ON22HDX1       1  11.2   240   308    4039    (-,-) 
  u_core_u_ctx_bank_ctx_nfast_packed_reg[1][407]/D -       -     F     DFRHDX1        1     -     -     0    4039    (-,-) 
#--------------------------------------------------------------------------------------------------------------------------



Path 89: VIOLATED (-3810 ps) Setup Check with Pin u_core_u_ctx_bank_ctx_nfast_packed_reg[1][324]/C->D
           View: wc_view
          Group: clk_osc_fast
     Startpoint: (R) u_core_u_meas_ctrl_state_q_reg[2]/C
          Clock: (R) clk_osc_fast
       Endpoint: (F) u_core_u_ctx_bank_ctx_nfast_packed_reg[1][324]/D
          Clock: (R) clk_osc_fast

                     Capture       Launch     
        Clock Edge:+     900            0     
       Src Latency:+       0            0     
       Net Latency:+       0 (I)        0 (I) 
           Arrival:=     900            0     
                                              
             Setup:-     621                  
       Uncertainty:-      50                  
     Required Time:=     229                  
      Launch Clock:-       0                  
         Data Path:-    4039                  
             Slack:=   -3810                  

#--------------------------------------------------------------------------------------------------------------------------
#                  Timing Point                    Flags   Arc   Edge   Cell     Fanout  Load Trans Delay Arrival Instance 
#                                                                                        (fF)  (ps)  (ps)   (ps)  Location 
#--------------------------------------------------------------------------------------------------------------------------
  u_core_u_meas_ctrl_state_q_reg[2]/C              -       -     R     (arrival)   1208     -     0     0       0    (-,-) 
  u_core_u_meas_ctrl_state_q_reg[2]/Q              -       C->Q  F     DFRRHDX1       3  58.0   471  1323    1323    (-,-) 
  g199282/Q                                        -       B->Q  R     NO2I1HDX4      3  63.7   432   516    1839    (-,-) 
  g196565/Q                                        -       A->Q  R     AND2HDX4       6  61.0   210   560    2399    (-,-) 
  g178756_dup/Q                                    -       A->Q  R     AND2HDX2       1  57.8   308   499    2898    (-,-) 
  fopt252836/Q                                     -       A->Q  R     BUHDX12        7 303.5   257   399    3297    (-,-) 
  fopt202906/Q                                     -       A->Q  R     BUHDX12       33 395.3   323   434    3731    (-,-) 
  g202948/Q                                        -       C->Q  F     ON22HDX1       1  11.2   240   308    4039    (-,-) 
  u_core_u_ctx_bank_ctx_nfast_packed_reg[1][324]/D -       -     F     DFRHDX1        1     -     -     0    4039    (-,-) 
#--------------------------------------------------------------------------------------------------------------------------



Path 90: VIOLATED (-3810 ps) Setup Check with Pin u_core_u_ctx_bank_ctx_nfast_packed_reg[1][24]/C->D
           View: wc_view
          Group: clk_osc_fast
     Startpoint: (R) u_core_u_meas_ctrl_state_q_reg[2]/C
          Clock: (R) clk_osc_fast
       Endpoint: (F) u_core_u_ctx_bank_ctx_nfast_packed_reg[1][24]/D
          Clock: (R) clk_osc_fast

                     Capture       Launch     
        Clock Edge:+     900            0     
       Src Latency:+       0            0     
       Net Latency:+       0 (I)        0 (I) 
           Arrival:=     900            0     
                                              
             Setup:-     621                  
       Uncertainty:-      50                  
     Required Time:=     229                  
      Launch Clock:-       0                  
         Data Path:-    4039                  
             Slack:=   -3810                  

#-------------------------------------------------------------------------------------------------------------------------
#                  Timing Point                   Flags   Arc   Edge   Cell     Fanout  Load Trans Delay Arrival Instance 
#                                                                                       (fF)  (ps)  (ps)   (ps)  Location 
#-------------------------------------------------------------------------------------------------------------------------
  u_core_u_meas_ctrl_state_q_reg[2]/C             -       -     R     (arrival)   1208     -     0     0       0    (-,-) 
  u_core_u_meas_ctrl_state_q_reg[2]/Q             -       C->Q  F     DFRRHDX1       3  58.0   471  1323    1323    (-,-) 
  g199282/Q                                       -       B->Q  R     NO2I1HDX4      3  63.7   432   516    1839    (-,-) 
  g196565/Q                                       -       A->Q  R     AND2HDX4       6  61.0   210   560    2399    (-,-) 
  g178756_dup/Q                                   -       A->Q  R     AND2HDX2       1  57.8   308   499    2898    (-,-) 
  fopt252836/Q                                    -       A->Q  R     BUHDX12        7 303.5   257   399    3297    (-,-) 
  fopt202906/Q                                    -       A->Q  R     BUHDX12       33 395.3   323   434    3731    (-,-) 
  g202956/Q                                       -       C->Q  F     ON22HDX1       1  11.2   240   308    4039    (-,-) 
  u_core_u_ctx_bank_ctx_nfast_packed_reg[1][24]/D -       -     F     DFRHDX1        1     -     -     0    4039    (-,-) 
#-------------------------------------------------------------------------------------------------------------------------



Path 91: VIOLATED (-3810 ps) Setup Check with Pin u_core_u_ctx_bank_ctx_nfast_packed_reg[1][440]/C->D
           View: wc_view
          Group: clk_osc_fast
     Startpoint: (R) u_core_u_meas_ctrl_state_q_reg[2]/C
          Clock: (R) clk_osc_fast
       Endpoint: (F) u_core_u_ctx_bank_ctx_nfast_packed_reg[1][440]/D
          Clock: (R) clk_osc_fast

                     Capture       Launch     
        Clock Edge:+     900            0     
       Src Latency:+       0            0     
       Net Latency:+       0 (I)        0 (I) 
           Arrival:=     900            0     
                                              
             Setup:-     621                  
       Uncertainty:-      50                  
     Required Time:=     229                  
      Launch Clock:-       0                  
         Data Path:-    4039                  
             Slack:=   -3810                  

#--------------------------------------------------------------------------------------------------------------------------
#                  Timing Point                    Flags   Arc   Edge   Cell     Fanout  Load Trans Delay Arrival Instance 
#                                                                                        (fF)  (ps)  (ps)   (ps)  Location 
#--------------------------------------------------------------------------------------------------------------------------
  u_core_u_meas_ctrl_state_q_reg[2]/C              -       -     R     (arrival)   1208     -     0     0       0    (-,-) 
  u_core_u_meas_ctrl_state_q_reg[2]/Q              -       C->Q  F     DFRRHDX1       3  58.0   471  1323    1323    (-,-) 
  g199282/Q                                        -       B->Q  R     NO2I1HDX4      3  63.7   432   516    1839    (-,-) 
  g196565/Q                                        -       A->Q  R     AND2HDX4       6  61.0   210   560    2399    (-,-) 
  g178756_dup/Q                                    -       A->Q  R     AND2HDX2       1  57.8   308   499    2898    (-,-) 
  fopt252836/Q                                     -       A->Q  R     BUHDX12        7 303.5   257   399    3297    (-,-) 
  fopt202906/Q                                     -       A->Q  R     BUHDX12       33 395.3   323   434    3731    (-,-) 
  g202957/Q                                        -       C->Q  F     ON22HDX1       1  11.2   240   308    4039    (-,-) 
  u_core_u_ctx_bank_ctx_nfast_packed_reg[1][440]/D -       -     F     DFRHDX1        1     -     -     0    4039    (-,-) 
#--------------------------------------------------------------------------------------------------------------------------



Path 92: VIOLATED (-3810 ps) Setup Check with Pin u_core_u_ctx_bank_ctx_nfast_packed_reg[1][387]/C->D
           View: wc_view
          Group: clk_osc_fast
     Startpoint: (R) u_core_u_meas_ctrl_state_q_reg[2]/C
          Clock: (R) clk_osc_fast
       Endpoint: (F) u_core_u_ctx_bank_ctx_nfast_packed_reg[1][387]/D
          Clock: (R) clk_osc_fast

                     Capture       Launch     
        Clock Edge:+     900            0     
       Src Latency:+       0            0     
       Net Latency:+       0 (I)        0 (I) 
           Arrival:=     900            0     
                                              
             Setup:-     621                  
       Uncertainty:-      50                  
     Required Time:=     229                  
      Launch Clock:-       0                  
         Data Path:-    4039                  
             Slack:=   -3810                  

#--------------------------------------------------------------------------------------------------------------------------
#                  Timing Point                    Flags   Arc   Edge   Cell     Fanout  Load Trans Delay Arrival Instance 
#                                                                                        (fF)  (ps)  (ps)   (ps)  Location 
#--------------------------------------------------------------------------------------------------------------------------
  u_core_u_meas_ctrl_state_q_reg[2]/C              -       -     R     (arrival)   1208     -     0     0       0    (-,-) 
  u_core_u_meas_ctrl_state_q_reg[2]/Q              -       C->Q  F     DFRRHDX1       3  58.0   471  1323    1323    (-,-) 
  g199282/Q                                        -       B->Q  R     NO2I1HDX4      3  63.7   432   516    1839    (-,-) 
  g196565/Q                                        -       A->Q  R     AND2HDX4       6  61.0   210   560    2399    (-,-) 
  g178756_dup/Q                                    -       A->Q  R     AND2HDX2       1  57.8   308   499    2898    (-,-) 
  fopt252836/Q                                     -       A->Q  R     BUHDX12        7 303.5   257   399    3297    (-,-) 
  fopt202906/Q                                     -       A->Q  R     BUHDX12       33 395.3   323   434    3731    (-,-) 
  g202951/Q                                        -       C->Q  F     ON22HDX1       1  11.2   240   308    4039    (-,-) 
  u_core_u_ctx_bank_ctx_nfast_packed_reg[1][387]/D -       -     F     DFRHDX1        1     -     -     0    4039    (-,-) 
#--------------------------------------------------------------------------------------------------------------------------



Path 93: VIOLATED (-3810 ps) Setup Check with Pin u_core_u_ctx_bank_ctx_nfast_packed_reg[1][194]/C->D
           View: wc_view
          Group: clk_osc_fast
     Startpoint: (R) u_core_u_meas_ctrl_state_q_reg[2]/C
          Clock: (R) clk_osc_fast
       Endpoint: (F) u_core_u_ctx_bank_ctx_nfast_packed_reg[1][194]/D
          Clock: (R) clk_osc_fast

                     Capture       Launch     
        Clock Edge:+     900            0     
       Src Latency:+       0            0     
       Net Latency:+       0 (I)        0 (I) 
           Arrival:=     900            0     
                                              
             Setup:-     621                  
       Uncertainty:-      50                  
     Required Time:=     229                  
      Launch Clock:-       0                  
         Data Path:-    4039                  
             Slack:=   -3810                  

#--------------------------------------------------------------------------------------------------------------------------
#                  Timing Point                    Flags   Arc   Edge   Cell     Fanout  Load Trans Delay Arrival Instance 
#                                                                                        (fF)  (ps)  (ps)   (ps)  Location 
#--------------------------------------------------------------------------------------------------------------------------
  u_core_u_meas_ctrl_state_q_reg[2]/C              -       -     R     (arrival)   1208     -     0     0       0    (-,-) 
  u_core_u_meas_ctrl_state_q_reg[2]/Q              -       C->Q  F     DFRRHDX1       3  58.0   471  1323    1323    (-,-) 
  g199282/Q                                        -       B->Q  R     NO2I1HDX4      3  63.7   432   516    1839    (-,-) 
  g196565/Q                                        -       A->Q  R     AND2HDX4       6  61.0   210   560    2399    (-,-) 
  g178756_dup/Q                                    -       A->Q  R     AND2HDX2       1  57.8   308   499    2898    (-,-) 
  fopt252836/Q                                     -       A->Q  R     BUHDX12        7 303.5   257   399    3297    (-,-) 
  fopt202906/Q                                     -       A->Q  R     BUHDX12       33 395.3   323   434    3731    (-,-) 
  g202943/Q                                        -       C->Q  F     ON22HDX1       1  11.2   240   308    4039    (-,-) 
  u_core_u_ctx_bank_ctx_nfast_packed_reg[1][194]/D -       -     F     DFRHDX1        1     -     -     0    4039    (-,-) 
#--------------------------------------------------------------------------------------------------------------------------



Path 94: VIOLATED (-3810 ps) Setup Check with Pin u_core_u_ctx_bank_ctx_nfast_packed_reg[1][111]/C->D
           View: wc_view
          Group: clk_osc_fast
     Startpoint: (R) u_core_u_meas_ctrl_state_q_reg[2]/C
          Clock: (R) clk_osc_fast
       Endpoint: (F) u_core_u_ctx_bank_ctx_nfast_packed_reg[1][111]/D
          Clock: (R) clk_osc_fast

                     Capture       Launch     
        Clock Edge:+     900            0     
       Src Latency:+       0            0     
       Net Latency:+       0 (I)        0 (I) 
           Arrival:=     900            0     
                                              
             Setup:-     621                  
       Uncertainty:-      50                  
     Required Time:=     229                  
      Launch Clock:-       0                  
         Data Path:-    4039                  
             Slack:=   -3810                  

#--------------------------------------------------------------------------------------------------------------------------
#                  Timing Point                    Flags   Arc   Edge   Cell     Fanout  Load Trans Delay Arrival Instance 
#                                                                                        (fF)  (ps)  (ps)   (ps)  Location 
#--------------------------------------------------------------------------------------------------------------------------
  u_core_u_meas_ctrl_state_q_reg[2]/C              -       -     R     (arrival)   1208     -     0     0       0    (-,-) 
  u_core_u_meas_ctrl_state_q_reg[2]/Q              -       C->Q  F     DFRRHDX1       3  58.0   471  1323    1323    (-,-) 
  g199282/Q                                        -       B->Q  R     NO2I1HDX4      3  63.7   432   516    1839    (-,-) 
  g196565/Q                                        -       A->Q  R     AND2HDX4       6  61.0   210   560    2399    (-,-) 
  g178756_dup/Q                                    -       A->Q  R     AND2HDX2       1  57.8   308   499    2898    (-,-) 
  fopt252836/Q                                     -       A->Q  R     BUHDX12        7 303.5   257   399    3297    (-,-) 
  fopt202906/Q                                     -       A->Q  R     BUHDX12       33 395.3   323   434    3731    (-,-) 
  g202960/Q                                        -       C->Q  F     ON22HDX1       1  11.2   240   308    4039    (-,-) 
  u_core_u_ctx_bank_ctx_nfast_packed_reg[1][111]/D -       -     F     DFRHDX1        1     -     -     0    4039    (-,-) 
#--------------------------------------------------------------------------------------------------------------------------



Path 95: VIOLATED (-3810 ps) Setup Check with Pin u_core_u_ctx_bank_ctx_nfast_packed_reg[1][83]/C->D
           View: wc_view
          Group: clk_osc_fast
     Startpoint: (R) u_core_u_meas_ctrl_state_q_reg[2]/C
          Clock: (R) clk_osc_fast
       Endpoint: (F) u_core_u_ctx_bank_ctx_nfast_packed_reg[1][83]/D
          Clock: (R) clk_osc_fast

                     Capture       Launch     
        Clock Edge:+     900            0     
       Src Latency:+       0            0     
       Net Latency:+       0 (I)        0 (I) 
           Arrival:=     900            0     
                                              
             Setup:-     621                  
       Uncertainty:-      50                  
     Required Time:=     229                  
      Launch Clock:-       0                  
         Data Path:-    4039                  
             Slack:=   -3810                  

#-------------------------------------------------------------------------------------------------------------------------
#                  Timing Point                   Flags   Arc   Edge   Cell     Fanout  Load Trans Delay Arrival Instance 
#                                                                                       (fF)  (ps)  (ps)   (ps)  Location 
#-------------------------------------------------------------------------------------------------------------------------
  u_core_u_meas_ctrl_state_q_reg[2]/C             -       -     R     (arrival)   1208     -     0     0       0    (-,-) 
  u_core_u_meas_ctrl_state_q_reg[2]/Q             -       C->Q  F     DFRRHDX1       3  58.0   471  1323    1323    (-,-) 
  g199282/Q                                       -       B->Q  R     NO2I1HDX4      3  63.7   432   516    1839    (-,-) 
  g196565/Q                                       -       A->Q  R     AND2HDX4       6  61.0   210   560    2399    (-,-) 
  g178756_dup/Q                                   -       A->Q  R     AND2HDX2       1  57.8   308   499    2898    (-,-) 
  fopt252836/Q                                    -       A->Q  R     BUHDX12        7 303.5   257   399    3297    (-,-) 
  fopt202906/Q                                    -       A->Q  R     BUHDX12       33 395.3   323   434    3731    (-,-) 
  g202947/Q                                       -       C->Q  F     ON22HDX1       1  11.2   240   308    4039    (-,-) 
  u_core_u_ctx_bank_ctx_nfast_packed_reg[1][83]/D -       -     F     DFRHDX1        1     -     -     0    4039    (-,-) 
#-------------------------------------------------------------------------------------------------------------------------



Path 96: VIOLATED (-3810 ps) Setup Check with Pin u_core_u_ctx_bank_ctx_nfast_packed_reg[1][397]/C->D
           View: wc_view
          Group: clk_osc_fast
     Startpoint: (R) u_core_u_meas_ctrl_state_q_reg[2]/C
          Clock: (R) clk_osc_fast
       Endpoint: (F) u_core_u_ctx_bank_ctx_nfast_packed_reg[1][397]/D
          Clock: (R) clk_osc_fast

                     Capture       Launch     
        Clock Edge:+     900            0     
       Src Latency:+       0            0     
       Net Latency:+       0 (I)        0 (I) 
           Arrival:=     900            0     
                                              
             Setup:-     621                  
       Uncertainty:-      50                  
     Required Time:=     229                  
      Launch Clock:-       0                  
         Data Path:-    4039                  
             Slack:=   -3810                  

#--------------------------------------------------------------------------------------------------------------------------
#                  Timing Point                    Flags   Arc   Edge   Cell     Fanout  Load Trans Delay Arrival Instance 
#                                                                                        (fF)  (ps)  (ps)   (ps)  Location 
#--------------------------------------------------------------------------------------------------------------------------
  u_core_u_meas_ctrl_state_q_reg[2]/C              -       -     R     (arrival)   1208     -     0     0       0    (-,-) 
  u_core_u_meas_ctrl_state_q_reg[2]/Q              -       C->Q  F     DFRRHDX1       3  58.0   471  1323    1323    (-,-) 
  g199282/Q                                        -       B->Q  R     NO2I1HDX4      3  63.7   432   516    1839    (-,-) 
  g196565/Q                                        -       A->Q  R     AND2HDX4       6  61.0   210   560    2399    (-,-) 
  g178756_dup/Q                                    -       A->Q  R     AND2HDX2       1  57.8   308   499    2898    (-,-) 
  fopt252836/Q                                     -       A->Q  R     BUHDX12        7 303.5   257   399    3297    (-,-) 
  fopt202906/Q                                     -       A->Q  R     BUHDX12       33 395.3   323   434    3731    (-,-) 
  g202939/Q                                        -       C->Q  F     ON22HDX1       1  11.2   238   308    4039    (-,-) 
  u_core_u_ctx_bank_ctx_nfast_packed_reg[1][397]/D -       -     F     DFRHDX1        1     -     -     0    4039    (-,-) 
#--------------------------------------------------------------------------------------------------------------------------



Path 97: VIOLATED (-3810 ps) Setup Check with Pin u_core_u_ctx_bank_ctx_nfast_packed_reg[1][97]/C->D
           View: wc_view
          Group: clk_osc_fast
     Startpoint: (R) u_core_u_meas_ctrl_state_q_reg[2]/C
          Clock: (R) clk_osc_fast
       Endpoint: (F) u_core_u_ctx_bank_ctx_nfast_packed_reg[1][97]/D
          Clock: (R) clk_osc_fast

                     Capture       Launch     
        Clock Edge:+     900            0     
       Src Latency:+       0            0     
       Net Latency:+       0 (I)        0 (I) 
           Arrival:=     900            0     
                                              
             Setup:-     621                  
       Uncertainty:-      50                  
     Required Time:=     229                  
      Launch Clock:-       0                  
         Data Path:-    4039                  
             Slack:=   -3810                  

#-------------------------------------------------------------------------------------------------------------------------
#                  Timing Point                   Flags   Arc   Edge   Cell     Fanout  Load Trans Delay Arrival Instance 
#                                                                                       (fF)  (ps)  (ps)   (ps)  Location 
#-------------------------------------------------------------------------------------------------------------------------
  u_core_u_meas_ctrl_state_q_reg[2]/C             -       -     R     (arrival)   1208     -     0     0       0    (-,-) 
  u_core_u_meas_ctrl_state_q_reg[2]/Q             -       C->Q  F     DFRRHDX1       3  58.0   471  1323    1323    (-,-) 
  g199282/Q                                       -       B->Q  R     NO2I1HDX4      3  63.7   432   516    1839    (-,-) 
  g196565/Q                                       -       A->Q  R     AND2HDX4       6  61.0   210   560    2399    (-,-) 
  g178756_dup/Q                                   -       A->Q  R     AND2HDX2       1  57.8   308   499    2898    (-,-) 
  fopt252836/Q                                    -       A->Q  R     BUHDX12        7 303.5   257   399    3297    (-,-) 
  fopt202906/Q                                    -       A->Q  R     BUHDX12       33 395.3   323   434    3731    (-,-) 
  g202955/Q                                       -       C->Q  F     ON22HDX1       1  11.2   238   308    4039    (-,-) 
  u_core_u_ctx_bank_ctx_nfast_packed_reg[1][97]/D -       -     F     DFRHDX1        1     -     -     0    4039    (-,-) 
#-------------------------------------------------------------------------------------------------------------------------



Path 98: VIOLATED (-3810 ps) Setup Check with Pin u_core_u_ctx_bank_ctx_hit_level_reg[1][45]/C->D
           View: wc_view
          Group: clk_osc_fast
     Startpoint: (R) u_core_u_meas_ctrl_state_q_reg[2]/C
          Clock: (R) clk_osc_fast
       Endpoint: (F) u_core_u_ctx_bank_ctx_hit_level_reg[1][45]/D
          Clock: (R) clk_osc_fast

                     Capture       Launch     
        Clock Edge:+     900            0     
       Src Latency:+       0            0     
       Net Latency:+       0 (I)        0 (I) 
           Arrival:=     900            0     
                                              
             Setup:-     621                  
       Uncertainty:-      50                  
     Required Time:=     229                  
      Launch Clock:-       0                  
         Data Path:-    4039                  
             Slack:=   -3810                  

#----------------------------------------------------------------------------------------------------------------------
#                Timing Point                  Flags   Arc   Edge   Cell     Fanout  Load Trans Delay Arrival Instance 
#                                                                                    (fF)  (ps)  (ps)   (ps)  Location 
#----------------------------------------------------------------------------------------------------------------------
  u_core_u_meas_ctrl_state_q_reg[2]/C          -       -     R     (arrival)   1208     -     0     0       0    (-,-) 
  u_core_u_meas_ctrl_state_q_reg[2]/Q          -       C->Q  F     DFRRHDX1       3  58.0   471  1323    1323    (-,-) 
  g199282/Q                                    -       B->Q  R     NO2I1HDX4      3  63.7   432   516    1839    (-,-) 
  g196565/Q                                    -       A->Q  R     AND2HDX4       6  61.0   210   560    2399    (-,-) 
  g178756_dup/Q                                -       A->Q  R     AND2HDX2       1  57.8   308   499    2898    (-,-) 
  fopt252836/Q                                 -       A->Q  R     BUHDX12        7 303.5   257   399    3297    (-,-) 
  fopt202906/Q                                 -       A->Q  R     BUHDX12       33 395.3   323   434    3731    (-,-) 
  g202946/Q                                    -       C->Q  F     ON22HDX1       1  11.2   238   308    4039    (-,-) 
  u_core_u_ctx_bank_ctx_hit_level_reg[1][45]/D -       -     F     DFRHDX1        1     -     -     0    4039    (-,-) 
#----------------------------------------------------------------------------------------------------------------------



Path 99: VIOLATED (-3808 ps) Setup Check with Pin u_core_u_ctx_bank_ctx_nfast_packed_reg[1][7]/C->D
           View: wc_view
          Group: clk_osc_fast
     Startpoint: (R) u_core_u_meas_ctrl_state_q_reg[2]/C
          Clock: (R) clk_osc_fast
       Endpoint: (F) u_core_u_ctx_bank_ctx_nfast_packed_reg[1][7]/D
          Clock: (R) clk_osc_fast

                     Capture       Launch     
        Clock Edge:+     900            0     
       Src Latency:+       0            0     
       Net Latency:+       0 (I)        0 (I) 
           Arrival:=     900            0     
                                              
             Setup:-     619                  
       Uncertainty:-      50                  
     Required Time:=     231                  
      Launch Clock:-       0                  
         Data Path:-    4039                  
             Slack:=   -3808                  

#------------------------------------------------------------------------------------------------------------------------
#                 Timing Point                   Flags   Arc   Edge   Cell     Fanout  Load Trans Delay Arrival Instance 
#                                                                                      (fF)  (ps)  (ps)   (ps)  Location 
#------------------------------------------------------------------------------------------------------------------------
  u_core_u_meas_ctrl_state_q_reg[2]/C            -       -     R     (arrival)   1208     -     0     0       0    (-,-) 
  u_core_u_meas_ctrl_state_q_reg[2]/Q            -       C->Q  F     DFRRHDX1       3  58.0   471  1323    1323    (-,-) 
  g199282/Q                                      -       B->Q  R     NO2I1HDX4      3  63.7   432   516    1839    (-,-) 
  g196565/Q                                      -       A->Q  R     AND2HDX4       6  61.0   210   560    2399    (-,-) 
  g178756_dup/Q                                  -       A->Q  R     AND2HDX2       1  57.8   308   499    2898    (-,-) 
  fopt252836/Q                                   -       A->Q  R     BUHDX12        7 303.5   257   399    3297    (-,-) 
  fopt202906/Q                                   -       A->Q  R     BUHDX12       33 395.3   323   434    3731    (-,-) 
  g279635/Q                                      -       C->Q  F     ON22HDX1       1  11.2   233   308    4039    (-,-) 
  u_core_u_ctx_bank_ctx_nfast_packed_reg[1][7]/D -       -     F     DFRHDX1        1     -     -     0    4039    (-,-) 
#------------------------------------------------------------------------------------------------------------------------



Path 100: VIOLATED (-3807 ps) Setup Check with Pin u_core_u_ctx_bank_ctx_nfast_packed_reg[1][202]/C->D
           View: wc_view
          Group: clk_osc_fast
     Startpoint: (R) u_core_u_meas_ctrl_state_q_reg[2]/C
          Clock: (R) clk_osc_fast
       Endpoint: (F) u_core_u_ctx_bank_ctx_nfast_packed_reg[1][202]/D
          Clock: (R) clk_osc_fast

                     Capture       Launch     
        Clock Edge:+     900            0     
       Src Latency:+       0            0     
       Net Latency:+       0 (I)        0 (I) 
           Arrival:=     900            0     
                                              
             Setup:-     622                  
       Uncertainty:-      50                  
     Required Time:=     228                  
      Launch Clock:-       0                  
         Data Path:-    4035                  
             Slack:=   -3807                  

#--------------------------------------------------------------------------------------------------------------------------
#                  Timing Point                    Flags   Arc   Edge   Cell     Fanout  Load Trans Delay Arrival Instance 
#                                                                                        (fF)  (ps)  (ps)   (ps)  Location 
#--------------------------------------------------------------------------------------------------------------------------
  u_core_u_meas_ctrl_state_q_reg[2]/C              -       -     R     (arrival)   1208     -     0     0       0    (-,-) 
  u_core_u_meas_ctrl_state_q_reg[2]/Q              -       C->Q  F     DFRRHDX1       3  58.0   471  1323    1323    (-,-) 
  g199282/Q                                        -       B->Q  R     NO2I1HDX4      3  63.7   432   516    1839    (-,-) 
  g196565/Q                                        -       A->Q  R     AND2HDX4       6  61.0   210   560    2399    (-,-) 
  g178756_dup/Q                                    -       A->Q  R     AND2HDX2       1  57.8   308   499    2898    (-,-) 
  fopt252836/Q                                     -       A->Q  R     BUHDX12        7 303.5   257   399    3297    (-,-) 
  fopt180229/Q                                     -       A->Q  R     BUHDX6        16 194.8   319   431    3727    (-,-) 
  g266440/Q                                        -       C->Q  F     ON22HDX1       1  11.2   244   307    4035    (-,-) 
  u_core_u_ctx_bank_ctx_nfast_packed_reg[1][202]/D -       -     F     DFRHDX1        1     -     -     0    4035    (-,-) 
#--------------------------------------------------------------------------------------------------------------------------



Path 101: VIOLATED (-3807 ps) Setup Check with Pin u_core_u_ctx_bank_ctx_nfast_packed_reg[1][178]/C->D
           View: wc_view
          Group: clk_osc_fast
     Startpoint: (R) u_core_u_meas_ctrl_state_q_reg[2]/C
          Clock: (R) clk_osc_fast
       Endpoint: (F) u_core_u_ctx_bank_ctx_nfast_packed_reg[1][178]/D
          Clock: (R) clk_osc_fast

                     Capture       Launch     
        Clock Edge:+     900            0     
       Src Latency:+       0            0     
       Net Latency:+       0 (I)        0 (I) 
           Arrival:=     900            0     
                                              
             Setup:-     622                  
       Uncertainty:-      50                  
     Required Time:=     228                  
      Launch Clock:-       0                  
         Data Path:-    4035                  
             Slack:=   -3807                  

#--------------------------------------------------------------------------------------------------------------------------
#                  Timing Point                    Flags   Arc   Edge   Cell     Fanout  Load Trans Delay Arrival Instance 
#                                                                                        (fF)  (ps)  (ps)   (ps)  Location 
#--------------------------------------------------------------------------------------------------------------------------
  u_core_u_meas_ctrl_state_q_reg[2]/C              -       -     R     (arrival)   1208     -     0     0       0    (-,-) 
  u_core_u_meas_ctrl_state_q_reg[2]/Q              -       C->Q  F     DFRRHDX1       3  58.0   471  1323    1323    (-,-) 
  g199282/Q                                        -       B->Q  R     NO2I1HDX4      3  63.7   432   516    1839    (-,-) 
  g196565/Q                                        -       A->Q  R     AND2HDX4       6  61.0   210   560    2399    (-,-) 
  g178756_dup/Q                                    -       A->Q  R     AND2HDX2       1  57.8   308   499    2898    (-,-) 
  fopt252836/Q                                     -       A->Q  R     BUHDX12        7 303.5   257   399    3297    (-,-) 
  fopt180229/Q                                     -       A->Q  R     BUHDX6        16 194.8   319   431    3727    (-,-) 
  g246252/Q                                        -       C->Q  F     ON22HDX1       1  11.2   242   307    4035    (-,-) 
  u_core_u_ctx_bank_ctx_nfast_packed_reg[1][178]/D -       -     F     DFRHDX1        1     -     -     0    4035    (-,-) 
#--------------------------------------------------------------------------------------------------------------------------



Path 102: VIOLATED (-3807 ps) Setup Check with Pin u_core_u_ctx_bank_ctx_nfast_packed_reg[1][91]/C->D
           View: wc_view
          Group: clk_osc_fast
     Startpoint: (R) u_core_u_meas_ctrl_state_q_reg[2]/C
          Clock: (R) clk_osc_fast
       Endpoint: (F) u_core_u_ctx_bank_ctx_nfast_packed_reg[1][91]/D
          Clock: (R) clk_osc_fast

                     Capture       Launch     
        Clock Edge:+     900            0     
       Src Latency:+       0            0     
       Net Latency:+       0 (I)        0 (I) 
           Arrival:=     900            0     
                                              
             Setup:-     622                  
       Uncertainty:-      50                  
     Required Time:=     228                  
      Launch Clock:-       0                  
         Data Path:-    4035                  
             Slack:=   -3807                  

#-------------------------------------------------------------------------------------------------------------------------
#                  Timing Point                   Flags   Arc   Edge   Cell     Fanout  Load Trans Delay Arrival Instance 
#                                                                                       (fF)  (ps)  (ps)   (ps)  Location 
#-------------------------------------------------------------------------------------------------------------------------
  u_core_u_meas_ctrl_state_q_reg[2]/C             -       -     R     (arrival)   1208     -     0     0       0    (-,-) 
  u_core_u_meas_ctrl_state_q_reg[2]/Q             -       C->Q  F     DFRRHDX1       3  58.0   471  1323    1323    (-,-) 
  g199282/Q                                       -       B->Q  R     NO2I1HDX4      3  63.7   432   516    1839    (-,-) 
  g196565/Q                                       -       A->Q  R     AND2HDX4       6  61.0   210   560    2399    (-,-) 
  g178756_dup/Q                                   -       A->Q  R     AND2HDX2       1  57.8   308   499    2898    (-,-) 
  fopt252836/Q                                    -       A->Q  R     BUHDX12        7 303.5   257   399    3297    (-,-) 
  fopt180229/Q                                    -       A->Q  R     BUHDX6        16 194.8   319   431    3727    (-,-) 
  g246224/Q                                       -       C->Q  F     ON22HDX1       1  11.2   242   307    4035    (-,-) 
  u_core_u_ctx_bank_ctx_nfast_packed_reg[1][91]/D -       -     F     DFRHDX1        1     -     -     0    4035    (-,-) 
#-------------------------------------------------------------------------------------------------------------------------



Path 103: VIOLATED (-3807 ps) Setup Check with Pin u_core_u_ctx_bank_ctx_nfast_packed_reg[1][29]/C->D
           View: wc_view
          Group: clk_osc_fast
     Startpoint: (R) u_core_u_meas_ctrl_state_q_reg[2]/C
          Clock: (R) clk_osc_fast
       Endpoint: (F) u_core_u_ctx_bank_ctx_nfast_packed_reg[1][29]/D
          Clock: (R) clk_osc_fast

                     Capture       Launch     
        Clock Edge:+     900            0     
       Src Latency:+       0            0     
       Net Latency:+       0 (I)        0 (I) 
           Arrival:=     900            0     
                                              
             Setup:-     622                  
       Uncertainty:-      50                  
     Required Time:=     228                  
      Launch Clock:-       0                  
         Data Path:-    4035                  
             Slack:=   -3807                  

#-------------------------------------------------------------------------------------------------------------------------
#                  Timing Point                   Flags   Arc   Edge   Cell     Fanout  Load Trans Delay Arrival Instance 
#                                                                                       (fF)  (ps)  (ps)   (ps)  Location 
#-------------------------------------------------------------------------------------------------------------------------
  u_core_u_meas_ctrl_state_q_reg[2]/C             -       -     R     (arrival)   1208     -     0     0       0    (-,-) 
  u_core_u_meas_ctrl_state_q_reg[2]/Q             -       C->Q  F     DFRRHDX1       3  58.0   471  1323    1323    (-,-) 
  g199282/Q                                       -       B->Q  R     NO2I1HDX4      3  63.7   432   516    1839    (-,-) 
  g196565/Q                                       -       A->Q  R     AND2HDX4       6  61.0   210   560    2399    (-,-) 
  g178756_dup/Q                                   -       A->Q  R     AND2HDX2       1  57.8   308   499    2898    (-,-) 
  fopt252836/Q                                    -       A->Q  R     BUHDX12        7 303.5   257   399    3297    (-,-) 
  fopt180229/Q                                    -       A->Q  R     BUHDX6        16 194.8   319   431    3727    (-,-) 
  g246225/Q                                       -       C->Q  F     ON22HDX1       1  11.2   242   307    4035    (-,-) 
  u_core_u_ctx_bank_ctx_nfast_packed_reg[1][29]/D -       -     F     DFRHDX1        1     -     -     0    4035    (-,-) 
#-------------------------------------------------------------------------------------------------------------------------



Path 104: VIOLATED (-3806 ps) Setup Check with Pin u_core_u_ctx_bank_ctx_nfast_packed_reg[1][446]/C->D
           View: wc_view
          Group: clk_osc_fast
     Startpoint: (R) u_core_u_meas_ctrl_state_q_reg[2]/C
          Clock: (R) clk_osc_fast
       Endpoint: (F) u_core_u_ctx_bank_ctx_nfast_packed_reg[1][446]/D
          Clock: (R) clk_osc_fast

                     Capture       Launch     
        Clock Edge:+     900            0     
       Src Latency:+       0            0     
       Net Latency:+       0 (I)        0 (I) 
           Arrival:=     900            0     
                                              
             Setup:-     621                  
       Uncertainty:-      50                  
     Required Time:=     229                  
      Launch Clock:-       0                  
         Data Path:-    4035                  
             Slack:=   -3806                  

#--------------------------------------------------------------------------------------------------------------------------
#                  Timing Point                    Flags   Arc   Edge   Cell     Fanout  Load Trans Delay Arrival Instance 
#                                                                                        (fF)  (ps)  (ps)   (ps)  Location 
#--------------------------------------------------------------------------------------------------------------------------
  u_core_u_meas_ctrl_state_q_reg[2]/C              -       -     R     (arrival)   1208     -     0     0       0    (-,-) 
  u_core_u_meas_ctrl_state_q_reg[2]/Q              -       C->Q  F     DFRRHDX1       3  58.0   471  1323    1323    (-,-) 
  g199282/Q                                        -       B->Q  R     NO2I1HDX4      3  63.7   432   516    1839    (-,-) 
  g196565/Q                                        -       A->Q  R     AND2HDX4       6  61.0   210   560    2399    (-,-) 
  g178756_dup/Q                                    -       A->Q  R     AND2HDX2       1  57.8   308   499    2898    (-,-) 
  fopt252836/Q                                     -       A->Q  R     BUHDX12        7 303.5   257   399    3297    (-,-) 
  fopt180229/Q                                     -       A->Q  R     BUHDX6        16 194.8   319   431    3727    (-,-) 
  g180236/Q                                        -       C->Q  F     ON22HDX1       1  11.2   241   307    4035    (-,-) 
  u_core_u_ctx_bank_ctx_nfast_packed_reg[1][446]/D -       -     F     DFRHDX1        1     -     -     0    4035    (-,-) 
#--------------------------------------------------------------------------------------------------------------------------



Path 105: VIOLATED (-3806 ps) Setup Check with Pin u_core_u_ctx_bank_ctx_nfast_packed_reg[1][375]/C->D
           View: wc_view
          Group: clk_osc_fast
     Startpoint: (R) u_core_u_meas_ctrl_state_q_reg[2]/C
          Clock: (R) clk_osc_fast
       Endpoint: (F) u_core_u_ctx_bank_ctx_nfast_packed_reg[1][375]/D
          Clock: (R) clk_osc_fast

                     Capture       Launch     
        Clock Edge:+     900            0     
       Src Latency:+       0            0     
       Net Latency:+       0 (I)        0 (I) 
           Arrival:=     900            0     
                                              
             Setup:-     623                  
       Uncertainty:-      50                  
     Required Time:=     227                  
      Launch Clock:-       0                  
         Data Path:-    4033                  
             Slack:=   -3806                  

#--------------------------------------------------------------------------------------------------------------------------
#                  Timing Point                    Flags   Arc   Edge   Cell     Fanout  Load Trans Delay Arrival Instance 
#                                                                                        (fF)  (ps)  (ps)   (ps)  Location 
#--------------------------------------------------------------------------------------------------------------------------
  u_core_u_meas_ctrl_state_q_reg[2]/C              -       -     R     (arrival)   1208     -     0     0       0    (-,-) 
  u_core_u_meas_ctrl_state_q_reg[2]/Q              -       C->Q  F     DFRRHDX1       3  58.0   471  1323    1323    (-,-) 
  g199282/Q                                        -       B->Q  R     NO2I1HDX4      3  63.7   432   516    1839    (-,-) 
  g196565/Q                                        -       A->Q  R     AND2HDX4       6  61.0   210   560    2399    (-,-) 
  g178756_dup/Q                                    -       A->Q  R     AND2HDX2       1  57.8   308   499    2898    (-,-) 
  fopt252836/Q                                     -       A->Q  R     BUHDX12        7 303.5   257   399    3297    (-,-) 
  fopt216833/Q                                     -       A->Q  R     BUHDX12       31 400.4   327   437    3734    (-,-) 
  g216862/Q                                        -       A->Q  F     ON22HDX1       1  11.2   247   300    4033    (-,-) 
  u_core_u_ctx_bank_ctx_nfast_packed_reg[1][375]/D -       -     F     DFRHDX1        1     -     -     0    4033    (-,-) 
#--------------------------------------------------------------------------------------------------------------------------



Path 106: VIOLATED (-3806 ps) Setup Check with Pin u_core_u_ctx_bank_ctx_nfast_packed_reg[1][301]/C->D
           View: wc_view
          Group: clk_osc_fast
     Startpoint: (R) u_core_u_meas_ctrl_state_q_reg[2]/C
          Clock: (R) clk_osc_fast
       Endpoint: (F) u_core_u_ctx_bank_ctx_nfast_packed_reg[1][301]/D
          Clock: (R) clk_osc_fast

                     Capture       Launch     
        Clock Edge:+     900            0     
       Src Latency:+       0            0     
       Net Latency:+       0 (I)        0 (I) 
           Arrival:=     900            0     
                                              
             Setup:-     621                  
       Uncertainty:-      50                  
     Required Time:=     229                  
      Launch Clock:-       0                  
         Data Path:-    4035                  
             Slack:=   -3806                  

#--------------------------------------------------------------------------------------------------------------------------
#                  Timing Point                    Flags   Arc   Edge   Cell     Fanout  Load Trans Delay Arrival Instance 
#                                                                                        (fF)  (ps)  (ps)   (ps)  Location 
#--------------------------------------------------------------------------------------------------------------------------
  u_core_u_meas_ctrl_state_q_reg[2]/C              -       -     R     (arrival)   1208     -     0     0       0    (-,-) 
  u_core_u_meas_ctrl_state_q_reg[2]/Q              -       C->Q  F     DFRRHDX1       3  58.0   471  1323    1323    (-,-) 
  g199282/Q                                        -       B->Q  R     NO2I1HDX4      3  63.7   432   516    1839    (-,-) 
  g196565/Q                                        -       A->Q  R     AND2HDX4       6  61.0   210   560    2399    (-,-) 
  g178756_dup/Q                                    -       A->Q  R     AND2HDX2       1  57.8   308   499    2898    (-,-) 
  fopt252836/Q                                     -       A->Q  R     BUHDX12        7 303.5   257   399    3297    (-,-) 
  fopt180229/Q                                     -       A->Q  R     BUHDX6        16 194.8   319   431    3727    (-,-) 
  g180235/Q                                        -       C->Q  F     ON22HDX1       1  11.2   240   307    4035    (-,-) 
  u_core_u_ctx_bank_ctx_nfast_packed_reg[1][301]/D -       -     F     DFRHDX1        1     -     -     0    4035    (-,-) 
#--------------------------------------------------------------------------------------------------------------------------



Path 107: VIOLATED (-3806 ps) Setup Check with Pin u_core_u_ctx_bank_ctx_nfast_packed_reg[1][70]/C->D
           View: wc_view
          Group: clk_osc_fast
     Startpoint: (R) u_core_u_meas_ctrl_state_q_reg[2]/C
          Clock: (R) clk_osc_fast
       Endpoint: (F) u_core_u_ctx_bank_ctx_nfast_packed_reg[1][70]/D
          Clock: (R) clk_osc_fast

                     Capture       Launch     
        Clock Edge:+     900            0     
       Src Latency:+       0            0     
       Net Latency:+       0 (I)        0 (I) 
           Arrival:=     900            0     
                                              
             Setup:-     621                  
       Uncertainty:-      50                  
     Required Time:=     229                  
      Launch Clock:-       0                  
         Data Path:-    4035                  
             Slack:=   -3806                  

#-------------------------------------------------------------------------------------------------------------------------
#                  Timing Point                   Flags   Arc   Edge   Cell     Fanout  Load Trans Delay Arrival Instance 
#                                                                                       (fF)  (ps)  (ps)   (ps)  Location 
#-------------------------------------------------------------------------------------------------------------------------
  u_core_u_meas_ctrl_state_q_reg[2]/C             -       -     R     (arrival)   1208     -     0     0       0    (-,-) 
  u_core_u_meas_ctrl_state_q_reg[2]/Q             -       C->Q  F     DFRRHDX1       3  58.0   471  1323    1323    (-,-) 
  g199282/Q                                       -       B->Q  R     NO2I1HDX4      3  63.7   432   516    1839    (-,-) 
  g196565/Q                                       -       A->Q  R     AND2HDX4       6  61.0   210   560    2399    (-,-) 
  g178756_dup/Q                                   -       A->Q  R     AND2HDX2       1  57.8   308   499    2898    (-,-) 
  fopt252836/Q                                    -       A->Q  R     BUHDX12        7 303.5   257   399    3297    (-,-) 
  fopt180229/Q                                    -       A->Q  R     BUHDX6        16 194.8   319   431    3727    (-,-) 
  g180234/Q                                       -       C->Q  F     ON22HDX1       1  11.2   240   307    4035    (-,-) 
  u_core_u_ctx_bank_ctx_nfast_packed_reg[1][70]/D -       -     F     DFRHDX1        1     -     -     0    4035    (-,-) 
#-------------------------------------------------------------------------------------------------------------------------



Path 108: VIOLATED (-3804 ps) Setup Check with Pin u_core_u_ctx_bank_ctx_nfast_packed_reg[1][425]/C->D
           View: wc_view
          Group: clk_osc_fast
     Startpoint: (R) u_core_u_meas_ctrl_state_q_reg[2]/C
          Clock: (R) clk_osc_fast
       Endpoint: (F) u_core_u_ctx_bank_ctx_nfast_packed_reg[1][425]/D
          Clock: (R) clk_osc_fast

                     Capture       Launch     
        Clock Edge:+     900            0     
       Src Latency:+       0            0     
       Net Latency:+       0 (I)        0 (I) 
           Arrival:=     900            0     
                                              
             Setup:-     618                  
       Uncertainty:-      50                  
     Required Time:=     232                  
      Launch Clock:-       0                  
         Data Path:-    4035                  
             Slack:=   -3804                  

#--------------------------------------------------------------------------------------------------------------------------
#                  Timing Point                    Flags   Arc   Edge   Cell     Fanout  Load Trans Delay Arrival Instance 
#                                                                                        (fF)  (ps)  (ps)   (ps)  Location 
#--------------------------------------------------------------------------------------------------------------------------
  u_core_u_meas_ctrl_state_q_reg[2]/C              -       -     R     (arrival)   1208     -     0     0       0    (-,-) 
  u_core_u_meas_ctrl_state_q_reg[2]/Q              -       C->Q  F     DFRRHDX1       3  58.0   471  1323    1323    (-,-) 
  g199282/Q                                        -       B->Q  R     NO2I1HDX4      3  63.7   432   516    1839    (-,-) 
  g196565/Q                                        -       A->Q  R     AND2HDX4       6  61.0   210   560    2399    (-,-) 
  g178756_dup/Q                                    -       A->Q  R     AND2HDX2       1  57.8   308   499    2898    (-,-) 
  fopt252836/Q                                     -       A->Q  R     BUHDX12        7 303.5   257   399    3297    (-,-) 
  fopt252838/Q                                     -       A->Q  R     BUHDX12       32 403.6   329   438    3735    (-,-) 
  g266851/Q                                        -       A->Q  F     ON22HDX1       1  11.2   231   300    4035    (-,-) 
  u_core_u_ctx_bank_ctx_nfast_packed_reg[1][425]/D -       -     F     DFRHDX1        1     -     -     0    4035    (-,-) 
#--------------------------------------------------------------------------------------------------------------------------



Path 109: VIOLATED (-3804 ps) Setup Check with Pin u_core_u_ctx_bank_ctx_nfast_packed_reg[1][259]/C->D
           View: wc_view
          Group: clk_osc_fast
     Startpoint: (R) u_core_u_meas_ctrl_state_q_reg[2]/C
          Clock: (R) clk_osc_fast
       Endpoint: (F) u_core_u_ctx_bank_ctx_nfast_packed_reg[1][259]/D
          Clock: (R) clk_osc_fast

                     Capture       Launch     
        Clock Edge:+     900            0     
       Src Latency:+       0            0     
       Net Latency:+       0 (I)        0 (I) 
           Arrival:=     900            0     
                                              
             Setup:-     618                  
       Uncertainty:-      50                  
     Required Time:=     232                  
      Launch Clock:-       0                  
         Data Path:-    4035                  
             Slack:=   -3804                  

#--------------------------------------------------------------------------------------------------------------------------
#                  Timing Point                    Flags   Arc   Edge   Cell     Fanout  Load Trans Delay Arrival Instance 
#                                                                                        (fF)  (ps)  (ps)   (ps)  Location 
#--------------------------------------------------------------------------------------------------------------------------
  u_core_u_meas_ctrl_state_q_reg[2]/C              -       -     R     (arrival)   1208     -     0     0       0    (-,-) 
  u_core_u_meas_ctrl_state_q_reg[2]/Q              -       C->Q  F     DFRRHDX1       3  58.0   471  1323    1323    (-,-) 
  g199282/Q                                        -       B->Q  R     NO2I1HDX4      3  63.7   432   516    1839    (-,-) 
  g196565/Q                                        -       A->Q  R     AND2HDX4       6  61.0   210   560    2399    (-,-) 
  g178756_dup/Q                                    -       A->Q  R     AND2HDX2       1  57.8   308   499    2898    (-,-) 
  fopt252836/Q                                     -       A->Q  R     BUHDX12        7 303.5   257   399    3297    (-,-) 
  fopt252838/Q                                     -       A->Q  R     BUHDX12       32 403.6   329   438    3735    (-,-) 
  g266436/Q                                        -       A->Q  F     ON22HDX1       1  11.2   230   300    4035    (-,-) 
  u_core_u_ctx_bank_ctx_nfast_packed_reg[1][259]/D -       -     F     DFRHDX1        1     -     -     0    4035    (-,-) 
#--------------------------------------------------------------------------------------------------------------------------



Path 110: VIOLATED (-3803 ps) Setup Check with Pin u_core_u_ctx_bank_ctx_nfast_packed_reg[1][435]/C->D
           View: wc_view
          Group: clk_osc_fast
     Startpoint: (R) u_core_u_meas_ctrl_state_q_reg[2]/C
          Clock: (R) clk_osc_fast
       Endpoint: (F) u_core_u_ctx_bank_ctx_nfast_packed_reg[1][435]/D
          Clock: (R) clk_osc_fast

                     Capture       Launch     
        Clock Edge:+     900            0     
       Src Latency:+       0            0     
       Net Latency:+       0 (I)        0 (I) 
           Arrival:=     900            0     
                                              
             Setup:-     618                  
       Uncertainty:-      50                  
     Required Time:=     232                  
      Launch Clock:-       0                  
         Data Path:-    4035                  
             Slack:=   -3803                  

#--------------------------------------------------------------------------------------------------------------------------
#                  Timing Point                    Flags   Arc   Edge   Cell     Fanout  Load Trans Delay Arrival Instance 
#                                                                                        (fF)  (ps)  (ps)   (ps)  Location 
#--------------------------------------------------------------------------------------------------------------------------
  u_core_u_meas_ctrl_state_q_reg[2]/C              -       -     R     (arrival)   1208     -     0     0       0    (-,-) 
  u_core_u_meas_ctrl_state_q_reg[2]/Q              -       C->Q  F     DFRRHDX1       3  58.0   471  1323    1323    (-,-) 
  g199282/Q                                        -       B->Q  R     NO2I1HDX4      3  63.7   432   516    1839    (-,-) 
  g196565/Q                                        -       A->Q  R     AND2HDX4       6  61.0   210   560    2399    (-,-) 
  g178756_dup/Q                                    -       A->Q  R     AND2HDX2       1  57.8   308   499    2898    (-,-) 
  fopt252836/Q                                     -       A->Q  R     BUHDX12        7 303.5   257   399    3297    (-,-) 
  fopt252838/Q                                     -       A->Q  R     BUHDX12       32 403.6   329   438    3735    (-,-) 
  g252878/Q                                        -       A->Q  F     ON22HDX1       1  11.2   228   300    4035    (-,-) 
  u_core_u_ctx_bank_ctx_nfast_packed_reg[1][435]/D -       -     F     DFRHDX1        1     -     -     0    4035    (-,-) 
#--------------------------------------------------------------------------------------------------------------------------



Path 111: VIOLATED (-3803 ps) Setup Check with Pin u_core_u_ctx_bank_ctx_nfast_packed_reg[1][251]/C->D
           View: wc_view
          Group: clk_osc_fast
     Startpoint: (R) u_core_u_meas_ctrl_state_q_reg[2]/C
          Clock: (R) clk_osc_fast
       Endpoint: (F) u_core_u_ctx_bank_ctx_nfast_packed_reg[1][251]/D
          Clock: (R) clk_osc_fast

                     Capture       Launch     
        Clock Edge:+     900            0     
       Src Latency:+       0            0     
       Net Latency:+       0 (I)        0 (I) 
           Arrival:=     900            0     
                                              
             Setup:-     618                  
       Uncertainty:-      50                  
     Required Time:=     232                  
      Launch Clock:-       0                  
         Data Path:-    4035                  
             Slack:=   -3803                  

#--------------------------------------------------------------------------------------------------------------------------
#                  Timing Point                    Flags   Arc   Edge   Cell     Fanout  Load Trans Delay Arrival Instance 
#                                                                                        (fF)  (ps)  (ps)   (ps)  Location 
#--------------------------------------------------------------------------------------------------------------------------
  u_core_u_meas_ctrl_state_q_reg[2]/C              -       -     R     (arrival)   1208     -     0     0       0    (-,-) 
  u_core_u_meas_ctrl_state_q_reg[2]/Q              -       C->Q  F     DFRRHDX1       3  58.0   471  1323    1323    (-,-) 
  g199282/Q                                        -       B->Q  R     NO2I1HDX4      3  63.7   432   516    1839    (-,-) 
  g196565/Q                                        -       A->Q  R     AND2HDX4       6  61.0   210   560    2399    (-,-) 
  g178756_dup/Q                                    -       A->Q  R     AND2HDX2       1  57.8   308   499    2898    (-,-) 
  fopt252836/Q                                     -       A->Q  R     BUHDX12        7 303.5   257   399    3297    (-,-) 
  fopt252838/Q                                     -       A->Q  R     BUHDX12       32 403.6   329   438    3735    (-,-) 
  g252875/Q                                        -       A->Q  F     ON22HDX1       1  11.2   228   300    4035    (-,-) 
  u_core_u_ctx_bank_ctx_nfast_packed_reg[1][251]/D -       -     F     DFRHDX1        1     -     -     0    4035    (-,-) 
#--------------------------------------------------------------------------------------------------------------------------



Path 112: VIOLATED (-3803 ps) Setup Check with Pin u_core_u_ctx_bank_ctx_nfast_packed_reg[1][159]/C->D
           View: wc_view
          Group: clk_osc_fast
     Startpoint: (R) u_core_u_meas_ctrl_state_q_reg[2]/C
          Clock: (R) clk_osc_fast
       Endpoint: (F) u_core_u_ctx_bank_ctx_nfast_packed_reg[1][159]/D
          Clock: (R) clk_osc_fast

                     Capture       Launch     
        Clock Edge:+     900            0     
       Src Latency:+       0            0     
       Net Latency:+       0 (I)        0 (I) 
           Arrival:=     900            0     
                                              
             Setup:-     618                  
       Uncertainty:-      50                  
     Required Time:=     232                  
      Launch Clock:-       0                  
         Data Path:-    4035                  
             Slack:=   -3803                  

#--------------------------------------------------------------------------------------------------------------------------
#                  Timing Point                    Flags   Arc   Edge   Cell     Fanout  Load Trans Delay Arrival Instance 
#                                                                                        (fF)  (ps)  (ps)   (ps)  Location 
#--------------------------------------------------------------------------------------------------------------------------
  u_core_u_meas_ctrl_state_q_reg[2]/C              -       -     R     (arrival)   1208     -     0     0       0    (-,-) 
  u_core_u_meas_ctrl_state_q_reg[2]/Q              -       C->Q  F     DFRRHDX1       3  58.0   471  1323    1323    (-,-) 
  g199282/Q                                        -       B->Q  R     NO2I1HDX4      3  63.7   432   516    1839    (-,-) 
  g196565/Q                                        -       A->Q  R     AND2HDX4       6  61.0   210   560    2399    (-,-) 
  g178756_dup/Q                                    -       A->Q  R     AND2HDX2       1  57.8   308   499    2898    (-,-) 
  fopt252836/Q                                     -       A->Q  R     BUHDX12        7 303.5   257   399    3297    (-,-) 
  fopt252838/Q                                     -       A->Q  R     BUHDX12       32 403.6   329   438    3735    (-,-) 
  g252884/Q                                        -       A->Q  F     ON22HDX1       1  11.2   228   300    4035    (-,-) 
  u_core_u_ctx_bank_ctx_nfast_packed_reg[1][159]/D -       -     F     DFRHDX1        1     -     -     0    4035    (-,-) 
#--------------------------------------------------------------------------------------------------------------------------



Path 113: VIOLATED (-3803 ps) Setup Check with Pin u_core_u_ctx_bank_ctx_nfast_packed_reg[1][45]/C->D
           View: wc_view
          Group: clk_osc_fast
     Startpoint: (R) u_core_u_meas_ctrl_state_q_reg[2]/C
          Clock: (R) clk_osc_fast
       Endpoint: (F) u_core_u_ctx_bank_ctx_nfast_packed_reg[1][45]/D
          Clock: (R) clk_osc_fast

                     Capture       Launch     
        Clock Edge:+     900            0     
       Src Latency:+       0            0     
       Net Latency:+       0 (I)        0 (I) 
           Arrival:=     900            0     
                                              
             Setup:-     618                  
       Uncertainty:-      50                  
     Required Time:=     232                  
      Launch Clock:-       0                  
         Data Path:-    4035                  
             Slack:=   -3803                  

#-------------------------------------------------------------------------------------------------------------------------
#                  Timing Point                   Flags   Arc   Edge   Cell     Fanout  Load Trans Delay Arrival Instance 
#                                                                                       (fF)  (ps)  (ps)   (ps)  Location 
#-------------------------------------------------------------------------------------------------------------------------
  u_core_u_meas_ctrl_state_q_reg[2]/C             -       -     R     (arrival)   1208     -     0     0       0    (-,-) 
  u_core_u_meas_ctrl_state_q_reg[2]/Q             -       C->Q  F     DFRRHDX1       3  58.0   471  1323    1323    (-,-) 
  g199282/Q                                       -       B->Q  R     NO2I1HDX4      3  63.7   432   516    1839    (-,-) 
  g196565/Q                                       -       A->Q  R     AND2HDX4       6  61.0   210   560    2399    (-,-) 
  g178756_dup/Q                                   -       A->Q  R     AND2HDX2       1  57.8   308   499    2898    (-,-) 
  fopt252836/Q                                    -       A->Q  R     BUHDX12        7 303.5   257   399    3297    (-,-) 
  fopt252838/Q                                    -       A->Q  R     BUHDX12       32 403.6   329   438    3735    (-,-) 
  g252882/Q                                       -       A->Q  F     ON22HDX1       1  11.2   228   300    4035    (-,-) 
  u_core_u_ctx_bank_ctx_nfast_packed_reg[1][45]/D -       -     F     DFRHDX1        1     -     -     0    4035    (-,-) 
#-------------------------------------------------------------------------------------------------------------------------



Path 114: VIOLATED (-3803 ps) Setup Check with Pin u_core_u_ctx_bank_ctx_nfast_packed_reg[1][30]/C->D
           View: wc_view
          Group: clk_osc_fast
     Startpoint: (R) u_core_u_meas_ctrl_state_q_reg[2]/C
          Clock: (R) clk_osc_fast
       Endpoint: (F) u_core_u_ctx_bank_ctx_nfast_packed_reg[1][30]/D
          Clock: (R) clk_osc_fast

                     Capture       Launch     
        Clock Edge:+     900            0     
       Src Latency:+       0            0     
       Net Latency:+       0 (I)        0 (I) 
           Arrival:=     900            0     
                                              
             Setup:-     618                  
       Uncertainty:-      50                  
     Required Time:=     232                  
      Launch Clock:-       0                  
         Data Path:-    4035                  
             Slack:=   -3803                  

#-------------------------------------------------------------------------------------------------------------------------
#                  Timing Point                   Flags   Arc   Edge   Cell     Fanout  Load Trans Delay Arrival Instance 
#                                                                                       (fF)  (ps)  (ps)   (ps)  Location 
#-------------------------------------------------------------------------------------------------------------------------
  u_core_u_meas_ctrl_state_q_reg[2]/C             -       -     R     (arrival)   1208     -     0     0       0    (-,-) 
  u_core_u_meas_ctrl_state_q_reg[2]/Q             -       C->Q  F     DFRRHDX1       3  58.0   471  1323    1323    (-,-) 
  g199282/Q                                       -       B->Q  R     NO2I1HDX4      3  63.7   432   516    1839    (-,-) 
  g196565/Q                                       -       A->Q  R     AND2HDX4       6  61.0   210   560    2399    (-,-) 
  g178756_dup/Q                                   -       A->Q  R     AND2HDX2       1  57.8   308   499    2898    (-,-) 
  fopt252836/Q                                    -       A->Q  R     BUHDX12        7 303.5   257   399    3297    (-,-) 
  fopt252838/Q                                    -       A->Q  R     BUHDX12       32 403.6   329   438    3735    (-,-) 
  g279665/Q                                       -       A->Q  F     ON22HDX1       1  11.2   228   300    4035    (-,-) 
  u_core_u_ctx_bank_ctx_nfast_packed_reg[1][30]/D -       -     F     DFRHDX1        1     -     -     0    4035    (-,-) 
#-------------------------------------------------------------------------------------------------------------------------



Path 115: VIOLATED (-3803 ps) Setup Check with Pin u_core_u_ctx_bank_ctx_hit_level_reg[1][30]/C->D
           View: wc_view
          Group: clk_osc_fast
     Startpoint: (R) u_core_u_meas_ctrl_state_q_reg[2]/C
          Clock: (R) clk_osc_fast
       Endpoint: (F) u_core_u_ctx_bank_ctx_hit_level_reg[1][30]/D
          Clock: (R) clk_osc_fast

                     Capture       Launch     
        Clock Edge:+     900            0     
       Src Latency:+       0            0     
       Net Latency:+       0 (I)        0 (I) 
           Arrival:=     900            0     
                                              
             Setup:-     618                  
       Uncertainty:-      50                  
     Required Time:=     232                  
      Launch Clock:-       0                  
         Data Path:-    4035                  
             Slack:=   -3803                  

#----------------------------------------------------------------------------------------------------------------------
#                Timing Point                  Flags   Arc   Edge   Cell     Fanout  Load Trans Delay Arrival Instance 
#                                                                                    (fF)  (ps)  (ps)   (ps)  Location 
#----------------------------------------------------------------------------------------------------------------------
  u_core_u_meas_ctrl_state_q_reg[2]/C          -       -     R     (arrival)   1208     -     0     0       0    (-,-) 
  u_core_u_meas_ctrl_state_q_reg[2]/Q          -       C->Q  F     DFRRHDX1       3  58.0   471  1323    1323    (-,-) 
  g199282/Q                                    -       B->Q  R     NO2I1HDX4      3  63.7   432   516    1839    (-,-) 
  g196565/Q                                    -       A->Q  R     AND2HDX4       6  61.0   210   560    2399    (-,-) 
  g178756_dup/Q                                -       A->Q  R     AND2HDX2       1  57.8   308   499    2898    (-,-) 
  fopt252836/Q                                 -       A->Q  R     BUHDX12        7 303.5   257   399    3297    (-,-) 
  fopt252838/Q                                 -       A->Q  R     BUHDX12       32 403.6   329   438    3735    (-,-) 
  g279667/Q                                    -       A->Q  F     ON22HDX1       1  11.2   228   300    4035    (-,-) 
  u_core_u_ctx_bank_ctx_hit_level_reg[1][30]/D -       -     F     DFRHDX1        1     -     -     0    4035    (-,-) 
#----------------------------------------------------------------------------------------------------------------------



Path 116: VIOLATED (-3803 ps) Setup Check with Pin u_core_u_ctx_bank_ctx_nfast_packed_reg[1][268]/C->D
           View: wc_view
          Group: clk_osc_fast
     Startpoint: (R) u_core_u_meas_ctrl_state_q_reg[2]/C
          Clock: (R) clk_osc_fast
       Endpoint: (F) u_core_u_ctx_bank_ctx_nfast_packed_reg[1][268]/D
          Clock: (R) clk_osc_fast

                     Capture       Launch     
        Clock Edge:+     900            0     
       Src Latency:+       0            0     
       Net Latency:+       0 (I)        0 (I) 
           Arrival:=     900            0     
                                              
             Setup:-     618                  
       Uncertainty:-      50                  
     Required Time:=     232                  
      Launch Clock:-       0                  
         Data Path:-    4035                  
             Slack:=   -3803                  

#--------------------------------------------------------------------------------------------------------------------------
#                  Timing Point                    Flags   Arc   Edge   Cell     Fanout  Load Trans Delay Arrival Instance 
#                                                                                        (fF)  (ps)  (ps)   (ps)  Location 
#--------------------------------------------------------------------------------------------------------------------------
  u_core_u_meas_ctrl_state_q_reg[2]/C              -       -     R     (arrival)   1208     -     0     0       0    (-,-) 
  u_core_u_meas_ctrl_state_q_reg[2]/Q              -       C->Q  F     DFRRHDX1       3  58.0   471  1323    1323    (-,-) 
  g199282/Q                                        -       B->Q  R     NO2I1HDX4      3  63.7   432   516    1839    (-,-) 
  g196565/Q                                        -       A->Q  R     AND2HDX4       6  61.0   210   560    2399    (-,-) 
  g178756_dup/Q                                    -       A->Q  R     AND2HDX2       1  57.8   308   499    2898    (-,-) 
  fopt252836/Q                                     -       A->Q  R     BUHDX12        7 303.5   257   399    3297    (-,-) 
  fopt252838/Q                                     -       A->Q  R     BUHDX12       32 403.6   329   438    3735    (-,-) 
  g252876/Q                                        -       A->Q  F     ON22HDX1       1  11.2   228   300    4035    (-,-) 
  u_core_u_ctx_bank_ctx_nfast_packed_reg[1][268]/D -       -     F     DFRHDX1        1     -     -     0    4035    (-,-) 
#--------------------------------------------------------------------------------------------------------------------------



Path 117: VIOLATED (-3803 ps) Setup Check with Pin u_core_u_ctx_bank_ctx_nfast_packed_reg[1][250]/C->D
           View: wc_view
          Group: clk_osc_fast
     Startpoint: (R) u_core_u_meas_ctrl_state_q_reg[2]/C
          Clock: (R) clk_osc_fast
       Endpoint: (F) u_core_u_ctx_bank_ctx_nfast_packed_reg[1][250]/D
          Clock: (R) clk_osc_fast

                     Capture       Launch     
        Clock Edge:+     900            0     
       Src Latency:+       0            0     
       Net Latency:+       0 (I)        0 (I) 
           Arrival:=     900            0     
                                              
             Setup:-     618                  
       Uncertainty:-      50                  
     Required Time:=     232                  
      Launch Clock:-       0                  
         Data Path:-    4035                  
             Slack:=   -3803                  

#--------------------------------------------------------------------------------------------------------------------------
#                  Timing Point                    Flags   Arc   Edge   Cell     Fanout  Load Trans Delay Arrival Instance 
#                                                                                        (fF)  (ps)  (ps)   (ps)  Location 
#--------------------------------------------------------------------------------------------------------------------------
  u_core_u_meas_ctrl_state_q_reg[2]/C              -       -     R     (arrival)   1208     -     0     0       0    (-,-) 
  u_core_u_meas_ctrl_state_q_reg[2]/Q              -       C->Q  F     DFRRHDX1       3  58.0   471  1323    1323    (-,-) 
  g199282/Q                                        -       B->Q  R     NO2I1HDX4      3  63.7   432   516    1839    (-,-) 
  g196565/Q                                        -       A->Q  R     AND2HDX4       6  61.0   210   560    2399    (-,-) 
  g178756_dup/Q                                    -       A->Q  R     AND2HDX2       1  57.8   308   499    2898    (-,-) 
  fopt252836/Q                                     -       A->Q  R     BUHDX12        7 303.5   257   399    3297    (-,-) 
  fopt252838/Q                                     -       A->Q  R     BUHDX12       32 403.6   329   438    3735    (-,-) 
  g252883/Q                                        -       A->Q  F     ON22HDX1       1  11.2   228   300    4035    (-,-) 
  u_core_u_ctx_bank_ctx_nfast_packed_reg[1][250]/D -       -     F     DFRHDX1        1     -     -     0    4035    (-,-) 
#--------------------------------------------------------------------------------------------------------------------------



Path 118: VIOLATED (-3803 ps) Setup Check with Pin u_core_u_ctx_bank_ctx_nfast_packed_reg[1][186]/C->D
           View: wc_view
          Group: clk_osc_fast
     Startpoint: (R) u_core_u_meas_ctrl_state_q_reg[2]/C
          Clock: (R) clk_osc_fast
       Endpoint: (F) u_core_u_ctx_bank_ctx_nfast_packed_reg[1][186]/D
          Clock: (R) clk_osc_fast

                     Capture       Launch     
        Clock Edge:+     900            0     
       Src Latency:+       0            0     
       Net Latency:+       0 (I)        0 (I) 
           Arrival:=     900            0     
                                              
             Setup:-     618                  
       Uncertainty:-      50                  
     Required Time:=     232                  
      Launch Clock:-       0                  
         Data Path:-    4035                  
             Slack:=   -3803                  

#--------------------------------------------------------------------------------------------------------------------------
#                  Timing Point                    Flags   Arc   Edge   Cell     Fanout  Load Trans Delay Arrival Instance 
#                                                                                        (fF)  (ps)  (ps)   (ps)  Location 
#--------------------------------------------------------------------------------------------------------------------------
  u_core_u_meas_ctrl_state_q_reg[2]/C              -       -     R     (arrival)   1208     -     0     0       0    (-,-) 
  u_core_u_meas_ctrl_state_q_reg[2]/Q              -       C->Q  F     DFRRHDX1       3  58.0   471  1323    1323    (-,-) 
  g199282/Q                                        -       B->Q  R     NO2I1HDX4      3  63.7   432   516    1839    (-,-) 
  g196565/Q                                        -       A->Q  R     AND2HDX4       6  61.0   210   560    2399    (-,-) 
  g178756_dup/Q                                    -       A->Q  R     AND2HDX2       1  57.8   308   499    2898    (-,-) 
  fopt252836/Q                                     -       A->Q  R     BUHDX12        7 303.5   257   399    3297    (-,-) 
  fopt252838/Q                                     -       A->Q  R     BUHDX12       32 403.6   329   438    3735    (-,-) 
  g252874/Q                                        -       A->Q  F     ON22HDX1       1  11.2   228   300    4035    (-,-) 
  u_core_u_ctx_bank_ctx_nfast_packed_reg[1][186]/D -       -     F     DFRHDX1        1     -     -     0    4035    (-,-) 
#--------------------------------------------------------------------------------------------------------------------------



Path 119: VIOLATED (-3803 ps) Setup Check with Pin u_core_u_ctx_bank_ctx_nfast_packed_reg[1][332]/C->D
           View: wc_view
          Group: clk_osc_fast
     Startpoint: (R) u_core_u_meas_ctrl_state_q_reg[2]/C
          Clock: (R) clk_osc_fast
       Endpoint: (F) u_core_u_ctx_bank_ctx_nfast_packed_reg[1][332]/D
          Clock: (R) clk_osc_fast

                     Capture       Launch     
        Clock Edge:+     900            0     
       Src Latency:+       0            0     
       Net Latency:+       0 (I)        0 (I) 
           Arrival:=     900            0     
                                              
             Setup:-     618                  
       Uncertainty:-      50                  
     Required Time:=     232                  
      Launch Clock:-       0                  
         Data Path:-    4035                  
             Slack:=   -3803                  

#--------------------------------------------------------------------------------------------------------------------------
#                  Timing Point                    Flags   Arc   Edge   Cell     Fanout  Load Trans Delay Arrival Instance 
#                                                                                        (fF)  (ps)  (ps)   (ps)  Location 
#--------------------------------------------------------------------------------------------------------------------------
  u_core_u_meas_ctrl_state_q_reg[2]/C              -       -     R     (arrival)   1208     -     0     0       0    (-,-) 
  u_core_u_meas_ctrl_state_q_reg[2]/Q              -       C->Q  F     DFRRHDX1       3  58.0   471  1323    1323    (-,-) 
  g199282/Q                                        -       B->Q  R     NO2I1HDX4      3  63.7   432   516    1839    (-,-) 
  g196565/Q                                        -       A->Q  R     AND2HDX4       6  61.0   210   560    2399    (-,-) 
  g178756_dup/Q                                    -       A->Q  R     AND2HDX2       1  57.8   308   499    2898    (-,-) 
  fopt252836/Q                                     -       A->Q  R     BUHDX12        7 303.5   257   399    3297    (-,-) 
  fopt252838/Q                                     -       A->Q  R     BUHDX12       32 403.6   329   438    3735    (-,-) 
  g252881/Q                                        -       A->Q  F     ON22HDX1       1  11.2   227   300    4035    (-,-) 
  u_core_u_ctx_bank_ctx_nfast_packed_reg[1][332]/D -       -     F     DFRHDX1        1     -     -     0    4035    (-,-) 
#--------------------------------------------------------------------------------------------------------------------------



Path 120: VIOLATED (-3803 ps) Setup Check with Pin u_core_u_ctx_bank_ctx_nfast_packed_reg[1][131]/C->D
           View: wc_view
          Group: clk_osc_fast
     Startpoint: (R) u_core_u_meas_ctrl_state_q_reg[2]/C
          Clock: (R) clk_osc_fast
       Endpoint: (F) u_core_u_ctx_bank_ctx_nfast_packed_reg[1][131]/D
          Clock: (R) clk_osc_fast

                     Capture       Launch     
        Clock Edge:+     900            0     
       Src Latency:+       0            0     
       Net Latency:+       0 (I)        0 (I) 
           Arrival:=     900            0     
                                              
             Setup:-     618                  
       Uncertainty:-      50                  
     Required Time:=     232                  
      Launch Clock:-       0                  
         Data Path:-    4035                  
             Slack:=   -3803                  

#--------------------------------------------------------------------------------------------------------------------------
#                  Timing Point                    Flags   Arc   Edge   Cell     Fanout  Load Trans Delay Arrival Instance 
#                                                                                        (fF)  (ps)  (ps)   (ps)  Location 
#--------------------------------------------------------------------------------------------------------------------------
  u_core_u_meas_ctrl_state_q_reg[2]/C              -       -     R     (arrival)   1208     -     0     0       0    (-,-) 
  u_core_u_meas_ctrl_state_q_reg[2]/Q              -       C->Q  F     DFRRHDX1       3  58.0   471  1323    1323    (-,-) 
  g199282/Q                                        -       B->Q  R     NO2I1HDX4      3  63.7   432   516    1839    (-,-) 
  g196565/Q                                        -       A->Q  R     AND2HDX4       6  61.0   210   560    2399    (-,-) 
  g178756_dup/Q                                    -       A->Q  R     AND2HDX2       1  57.8   308   499    2898    (-,-) 
  fopt252836/Q                                     -       A->Q  R     BUHDX12        7 303.5   257   399    3297    (-,-) 
  fopt252838/Q                                     -       A->Q  R     BUHDX12       32 403.6   329   438    3735    (-,-) 
  g252871/Q                                        -       A->Q  F     ON22HDX1       1  11.2   227   300    4035    (-,-) 
  u_core_u_ctx_bank_ctx_nfast_packed_reg[1][131]/D -       -     F     DFRHDX1        1     -     -     0    4035    (-,-) 
#--------------------------------------------------------------------------------------------------------------------------



Path 121: VIOLATED (-3803 ps) Setup Check with Pin u_core_u_ctx_bank_ctx_nfast_packed_reg[1][124]/C->D
           View: wc_view
          Group: clk_osc_fast
     Startpoint: (R) u_core_u_meas_ctrl_state_q_reg[2]/C
          Clock: (R) clk_osc_fast
       Endpoint: (F) u_core_u_ctx_bank_ctx_nfast_packed_reg[1][124]/D
          Clock: (R) clk_osc_fast

                     Capture       Launch     
        Clock Edge:+     900            0     
       Src Latency:+       0            0     
       Net Latency:+       0 (I)        0 (I) 
           Arrival:=     900            0     
                                              
             Setup:-     617                  
       Uncertainty:-      50                  
     Required Time:=     233                  
      Launch Clock:-       0                  
         Data Path:-    4035                  
             Slack:=   -3803                  

#--------------------------------------------------------------------------------------------------------------------------
#                  Timing Point                    Flags   Arc   Edge   Cell     Fanout  Load Trans Delay Arrival Instance 
#                                                                                        (fF)  (ps)  (ps)   (ps)  Location 
#--------------------------------------------------------------------------------------------------------------------------
  u_core_u_meas_ctrl_state_q_reg[2]/C              -       -     R     (arrival)   1208     -     0     0       0    (-,-) 
  u_core_u_meas_ctrl_state_q_reg[2]/Q              -       C->Q  F     DFRRHDX1       3  58.0   471  1323    1323    (-,-) 
  g199282/Q                                        -       B->Q  R     NO2I1HDX4      3  63.7   432   516    1839    (-,-) 
  g196565/Q                                        -       A->Q  R     AND2HDX4       6  61.0   210   560    2399    (-,-) 
  g178756_dup/Q                                    -       A->Q  R     AND2HDX2       1  57.8   308   499    2898    (-,-) 
  fopt252836/Q                                     -       A->Q  R     BUHDX12        7 303.5   257   399    3297    (-,-) 
  fopt252838/Q                                     -       A->Q  R     BUHDX12       32 403.6   329   438    3735    (-,-) 
  g252873/Q                                        -       A->Q  F     ON22HDX1       1  11.2   226   300    4035    (-,-) 
  u_core_u_ctx_bank_ctx_nfast_packed_reg[1][124]/D -       -     F     DFRHDX1        1     -     -     0    4035    (-,-) 
#--------------------------------------------------------------------------------------------------------------------------



Path 122: VIOLATED (-3803 ps) Setup Check with Pin u_core_u_ctx_bank_ctx_hit_level_reg[1][46]/C->D
           View: wc_view
          Group: clk_osc_fast
     Startpoint: (R) u_core_u_meas_ctrl_state_q_reg[2]/C
          Clock: (R) clk_osc_fast
       Endpoint: (F) u_core_u_ctx_bank_ctx_hit_level_reg[1][46]/D
          Clock: (R) clk_osc_fast

                     Capture       Launch     
        Clock Edge:+     900            0     
       Src Latency:+       0            0     
       Net Latency:+       0 (I)        0 (I) 
           Arrival:=     900            0     
                                              
             Setup:-     617                  
       Uncertainty:-      50                  
     Required Time:=     233                  
      Launch Clock:-       0                  
         Data Path:-    4035                  
             Slack:=   -3803                  

#----------------------------------------------------------------------------------------------------------------------
#                Timing Point                  Flags   Arc   Edge   Cell     Fanout  Load Trans Delay Arrival Instance 
#                                                                                    (fF)  (ps)  (ps)   (ps)  Location 
#----------------------------------------------------------------------------------------------------------------------
  u_core_u_meas_ctrl_state_q_reg[2]/C          -       -     R     (arrival)   1208     -     0     0       0    (-,-) 
  u_core_u_meas_ctrl_state_q_reg[2]/Q          -       C->Q  F     DFRRHDX1       3  58.0   471  1323    1323    (-,-) 
  g199282/Q                                    -       B->Q  R     NO2I1HDX4      3  63.7   432   516    1839    (-,-) 
  g196565/Q                                    -       A->Q  R     AND2HDX4       6  61.0   210   560    2399    (-,-) 
  g178756_dup/Q                                -       A->Q  R     AND2HDX2       1  57.8   308   499    2898    (-,-) 
  fopt252836/Q                                 -       A->Q  R     BUHDX12        7 303.5   257   399    3297    (-,-) 
  fopt252838/Q                                 -       A->Q  R     BUHDX12       32 403.6   329   438    3735    (-,-) 
  g252880/Q                                    -       A->Q  F     ON22HDX1       1  11.2   226   300    4035    (-,-) 
  u_core_u_ctx_bank_ctx_hit_level_reg[1][46]/D -       -     F     DFRHDX1        1     -     -     0    4035    (-,-) 
#----------------------------------------------------------------------------------------------------------------------



Path 123: VIOLATED (-3802 ps) Setup Check with Pin u_core_u_ctx_bank_ctx_nfast_packed_reg[1][372]/C->D
           View: wc_view
          Group: clk_osc_fast
     Startpoint: (R) u_core_u_meas_ctrl_state_q_reg[2]/C
          Clock: (R) clk_osc_fast
       Endpoint: (F) u_core_u_ctx_bank_ctx_nfast_packed_reg[1][372]/D
          Clock: (R) clk_osc_fast

                     Capture       Launch     
        Clock Edge:+     900            0     
       Src Latency:+       0            0     
       Net Latency:+       0 (I)        0 (I) 
           Arrival:=     900            0     
                                              
             Setup:-     618                  
       Uncertainty:-      50                  
     Required Time:=     232                  
      Launch Clock:-       0                  
         Data Path:-    4033                  
             Slack:=   -3802                  

#--------------------------------------------------------------------------------------------------------------------------
#                  Timing Point                    Flags   Arc   Edge   Cell     Fanout  Load Trans Delay Arrival Instance 
#                                                                                        (fF)  (ps)  (ps)   (ps)  Location 
#--------------------------------------------------------------------------------------------------------------------------
  u_core_u_meas_ctrl_state_q_reg[2]/C              -       -     R     (arrival)   1208     -     0     0       0    (-,-) 
  u_core_u_meas_ctrl_state_q_reg[2]/Q              -       C->Q  F     DFRRHDX1       3  58.0   471  1323    1323    (-,-) 
  g199282/Q                                        -       B->Q  R     NO2I1HDX4      3  63.7   432   516    1839    (-,-) 
  g196565/Q                                        -       A->Q  R     AND2HDX4       6  61.0   210   560    2399    (-,-) 
  g178756_dup/Q                                    -       A->Q  R     AND2HDX2       1  57.8   308   499    2898    (-,-) 
  fopt252836/Q                                     -       A->Q  R     BUHDX12        7 303.5   257   399    3297    (-,-) 
  fopt216833/Q                                     -       A->Q  R     BUHDX12       31 400.4   327   437    3734    (-,-) 
  g266844/Q                                        -       A->Q  F     ON22HDX1       1  11.2   231   300    4033    (-,-) 
  u_core_u_ctx_bank_ctx_nfast_packed_reg[1][372]/D -       -     F     DFRHDX1        1     -     -     0    4033    (-,-) 
#--------------------------------------------------------------------------------------------------------------------------



Path 124: VIOLATED (-3801 ps) Setup Check with Pin u_core_u_ctx_bank_ctx_nfast_packed_reg[1][231]/C->D
           View: wc_view
          Group: clk_osc_fast
     Startpoint: (R) u_core_u_meas_ctrl_state_q_reg[2]/C
          Clock: (R) clk_osc_fast
       Endpoint: (F) u_core_u_ctx_bank_ctx_nfast_packed_reg[1][231]/D
          Clock: (R) clk_osc_fast

                     Capture       Launch     
        Clock Edge:+     900            0     
       Src Latency:+       0            0     
       Net Latency:+       0 (I)        0 (I) 
           Arrival:=     900            0     
                                              
             Setup:-     618                  
       Uncertainty:-      50                  
     Required Time:=     232                  
      Launch Clock:-       0                  
         Data Path:-    4033                  
             Slack:=   -3801                  

#--------------------------------------------------------------------------------------------------------------------------
#                  Timing Point                    Flags   Arc   Edge   Cell     Fanout  Load Trans Delay Arrival Instance 
#                                                                                        (fF)  (ps)  (ps)   (ps)  Location 
#--------------------------------------------------------------------------------------------------------------------------
  u_core_u_meas_ctrl_state_q_reg[2]/C              -       -     R     (arrival)   1208     -     0     0       0    (-,-) 
  u_core_u_meas_ctrl_state_q_reg[2]/Q              -       C->Q  F     DFRRHDX1       3  58.0   471  1323    1323    (-,-) 
  g199282/Q                                        -       B->Q  R     NO2I1HDX4      3  63.7   432   516    1839    (-,-) 
  g196565/Q                                        -       A->Q  R     AND2HDX4       6  61.0   210   560    2399    (-,-) 
  g178756_dup/Q                                    -       A->Q  R     AND2HDX2       1  57.8   308   499    2898    (-,-) 
  fopt252836/Q                                     -       A->Q  R     BUHDX12        7 303.5   257   399    3297    (-,-) 
  fopt216833/Q                                     -       A->Q  R     BUHDX12       31 400.4   327   437    3734    (-,-) 
  g279652/Q                                        -       A->Q  F     ON22HDX1       1  11.2   228   300    4033    (-,-) 
  u_core_u_ctx_bank_ctx_nfast_packed_reg[1][231]/D -       -     F     DFRHDX1        1     -     -     0    4033    (-,-) 
#--------------------------------------------------------------------------------------------------------------------------



Path 125: VIOLATED (-3801 ps) Setup Check with Pin u_core_u_ctx_bank_ctx_nfast_packed_reg[1][176]/C->D
           View: wc_view
          Group: clk_osc_fast
     Startpoint: (R) u_core_u_meas_ctrl_state_q_reg[2]/C
          Clock: (R) clk_osc_fast
       Endpoint: (F) u_core_u_ctx_bank_ctx_nfast_packed_reg[1][176]/D
          Clock: (R) clk_osc_fast

                     Capture       Launch     
        Clock Edge:+     900            0     
       Src Latency:+       0            0     
       Net Latency:+       0 (I)        0 (I) 
           Arrival:=     900            0     
                                              
             Setup:-     618                  
       Uncertainty:-      50                  
     Required Time:=     232                  
      Launch Clock:-       0                  
         Data Path:-    4033                  
             Slack:=   -3801                  

#--------------------------------------------------------------------------------------------------------------------------
#                  Timing Point                    Flags   Arc   Edge   Cell     Fanout  Load Trans Delay Arrival Instance 
#                                                                                        (fF)  (ps)  (ps)   (ps)  Location 
#--------------------------------------------------------------------------------------------------------------------------
  u_core_u_meas_ctrl_state_q_reg[2]/C              -       -     R     (arrival)   1208     -     0     0       0    (-,-) 
  u_core_u_meas_ctrl_state_q_reg[2]/Q              -       C->Q  F     DFRRHDX1       3  58.0   471  1323    1323    (-,-) 
  g199282/Q                                        -       B->Q  R     NO2I1HDX4      3  63.7   432   516    1839    (-,-) 
  g196565/Q                                        -       A->Q  R     AND2HDX4       6  61.0   210   560    2399    (-,-) 
  g178756_dup/Q                                    -       A->Q  R     AND2HDX2       1  57.8   308   499    2898    (-,-) 
  fopt252836/Q                                     -       A->Q  R     BUHDX12        7 303.5   257   399    3297    (-,-) 
  fopt216833/Q                                     -       A->Q  R     BUHDX12       31 400.4   327   437    3734    (-,-) 
  g216864/Q                                        -       A->Q  F     ON22HDX1       1  11.2   228   300    4033    (-,-) 
  u_core_u_ctx_bank_ctx_nfast_packed_reg[1][176]/D -       -     F     DFRHDX1        1     -     -     0    4033    (-,-) 
#--------------------------------------------------------------------------------------------------------------------------



Path 126: VIOLATED (-3801 ps) Setup Check with Pin u_core_u_ctx_bank_ctx_nfast_packed_reg[1][144]/C->D
           View: wc_view
          Group: clk_osc_fast
     Startpoint: (R) u_core_u_meas_ctrl_state_q_reg[2]/C
          Clock: (R) clk_osc_fast
       Endpoint: (F) u_core_u_ctx_bank_ctx_nfast_packed_reg[1][144]/D
          Clock: (R) clk_osc_fast

                     Capture       Launch     
        Clock Edge:+     900            0     
       Src Latency:+       0            0     
       Net Latency:+       0 (I)        0 (I) 
           Arrival:=     900            0     
                                              
             Setup:-     618                  
       Uncertainty:-      50                  
     Required Time:=     232                  
      Launch Clock:-       0                  
         Data Path:-    4033                  
             Slack:=   -3801                  

#--------------------------------------------------------------------------------------------------------------------------
#                  Timing Point                    Flags   Arc   Edge   Cell     Fanout  Load Trans Delay Arrival Instance 
#                                                                                        (fF)  (ps)  (ps)   (ps)  Location 
#--------------------------------------------------------------------------------------------------------------------------
  u_core_u_meas_ctrl_state_q_reg[2]/C              -       -     R     (arrival)   1208     -     0     0       0    (-,-) 
  u_core_u_meas_ctrl_state_q_reg[2]/Q              -       C->Q  F     DFRRHDX1       3  58.0   471  1323    1323    (-,-) 
  g199282/Q                                        -       B->Q  R     NO2I1HDX4      3  63.7   432   516    1839    (-,-) 
  g196565/Q                                        -       A->Q  R     AND2HDX4       6  61.0   210   560    2399    (-,-) 
  g178756_dup/Q                                    -       A->Q  R     AND2HDX2       1  57.8   308   499    2898    (-,-) 
  fopt252836/Q                                     -       A->Q  R     BUHDX12        7 303.5   257   399    3297    (-,-) 
  fopt216833/Q                                     -       A->Q  R     BUHDX12       31 400.4   327   437    3734    (-,-) 
  g279651/Q                                        -       A->Q  F     ON22HDX1       1  11.2   228   300    4033    (-,-) 
  u_core_u_ctx_bank_ctx_nfast_packed_reg[1][144]/D -       -     F     DFRHDX1        1     -     -     0    4033    (-,-) 
#--------------------------------------------------------------------------------------------------------------------------



Path 127: VIOLATED (-3801 ps) Setup Check with Pin u_core_u_ctx_bank_ctx_nfast_packed_reg[1][92]/C->D
           View: wc_view
          Group: clk_osc_fast
     Startpoint: (R) u_core_u_meas_ctrl_state_q_reg[2]/C
          Clock: (R) clk_osc_fast
       Endpoint: (F) u_core_u_ctx_bank_ctx_nfast_packed_reg[1][92]/D
          Clock: (R) clk_osc_fast

                     Capture       Launch     
        Clock Edge:+     900            0     
       Src Latency:+       0            0     
       Net Latency:+       0 (I)        0 (I) 
           Arrival:=     900            0     
                                              
             Setup:-     618                  
       Uncertainty:-      50                  
     Required Time:=     232                  
      Launch Clock:-       0                  
         Data Path:-    4033                  
             Slack:=   -3801                  

#-------------------------------------------------------------------------------------------------------------------------
#                  Timing Point                   Flags   Arc   Edge   Cell     Fanout  Load Trans Delay Arrival Instance 
#                                                                                       (fF)  (ps)  (ps)   (ps)  Location 
#-------------------------------------------------------------------------------------------------------------------------
  u_core_u_meas_ctrl_state_q_reg[2]/C             -       -     R     (arrival)   1208     -     0     0       0    (-,-) 
  u_core_u_meas_ctrl_state_q_reg[2]/Q             -       C->Q  F     DFRRHDX1       3  58.0   471  1323    1323    (-,-) 
  g199282/Q                                       -       B->Q  R     NO2I1HDX4      3  63.7   432   516    1839    (-,-) 
  g196565/Q                                       -       A->Q  R     AND2HDX4       6  61.0   210   560    2399    (-,-) 
  g178756_dup/Q                                   -       A->Q  R     AND2HDX2       1  57.8   308   499    2898    (-,-) 
  fopt252836/Q                                    -       A->Q  R     BUHDX12        7 303.5   257   399    3297    (-,-) 
  fopt216833/Q                                    -       A->Q  R     BUHDX12       31 400.4   327   437    3734    (-,-) 
  g279662/Q                                       -       A->Q  F     ON22HDX1       1  11.2   228   300    4033    (-,-) 
  u_core_u_ctx_bank_ctx_nfast_packed_reg[1][92]/D -       -     F     DFRHDX1        1     -     -     0    4033    (-,-) 
#-------------------------------------------------------------------------------------------------------------------------



Path 128: VIOLATED (-3801 ps) Setup Check with Pin u_core_u_ctx_bank_ctx_hit_level_reg[1][43]/C->D
           View: wc_view
          Group: clk_osc_fast
     Startpoint: (R) u_core_u_meas_ctrl_state_q_reg[2]/C
          Clock: (R) clk_osc_fast
       Endpoint: (F) u_core_u_ctx_bank_ctx_hit_level_reg[1][43]/D
          Clock: (R) clk_osc_fast

                     Capture       Launch     
        Clock Edge:+     900            0     
       Src Latency:+       0            0     
       Net Latency:+       0 (I)        0 (I) 
           Arrival:=     900            0     
                                              
             Setup:-     618                  
       Uncertainty:-      50                  
     Required Time:=     232                  
      Launch Clock:-       0                  
         Data Path:-    4033                  
             Slack:=   -3801                  

#----------------------------------------------------------------------------------------------------------------------
#                Timing Point                  Flags   Arc   Edge   Cell     Fanout  Load Trans Delay Arrival Instance 
#                                                                                    (fF)  (ps)  (ps)   (ps)  Location 
#----------------------------------------------------------------------------------------------------------------------
  u_core_u_meas_ctrl_state_q_reg[2]/C          -       -     R     (arrival)   1208     -     0     0       0    (-,-) 
  u_core_u_meas_ctrl_state_q_reg[2]/Q          -       C->Q  F     DFRRHDX1       3  58.0   471  1323    1323    (-,-) 
  g199282/Q                                    -       B->Q  R     NO2I1HDX4      3  63.7   432   516    1839    (-,-) 
  g196565/Q                                    -       A->Q  R     AND2HDX4       6  61.0   210   560    2399    (-,-) 
  g178756_dup/Q                                -       A->Q  R     AND2HDX2       1  57.8   308   499    2898    (-,-) 
  fopt252836/Q                                 -       A->Q  R     BUHDX12        7 303.5   257   399    3297    (-,-) 
  fopt216833/Q                                 -       A->Q  R     BUHDX12       31 400.4   327   437    3734    (-,-) 
  g279656/Q                                    -       A->Q  F     ON22HDX1       1  11.2   228   300    4033    (-,-) 
  u_core_u_ctx_bank_ctx_hit_level_reg[1][43]/D -       -     F     DFRHDX1        1     -     -     0    4033    (-,-) 
#----------------------------------------------------------------------------------------------------------------------



Path 129: VIOLATED (-3801 ps) Setup Check with Pin u_core_u_ctx_bank_ctx_nfast_packed_reg[1][354]/C->D
           View: wc_view
          Group: clk_osc_fast
     Startpoint: (R) u_core_u_meas_ctrl_state_q_reg[2]/C
          Clock: (R) clk_osc_fast
       Endpoint: (F) u_core_u_ctx_bank_ctx_nfast_packed_reg[1][354]/D
          Clock: (R) clk_osc_fast

                     Capture       Launch     
        Clock Edge:+     900            0     
       Src Latency:+       0            0     
       Net Latency:+       0 (I)        0 (I) 
           Arrival:=     900            0     
                                              
             Setup:-     618                  
       Uncertainty:-      50                  
     Required Time:=     232                  
      Launch Clock:-       0                  
         Data Path:-    4033                  
             Slack:=   -3801                  

#--------------------------------------------------------------------------------------------------------------------------
#                  Timing Point                    Flags   Arc   Edge   Cell     Fanout  Load Trans Delay Arrival Instance 
#                                                                                        (fF)  (ps)  (ps)   (ps)  Location 
#--------------------------------------------------------------------------------------------------------------------------
  u_core_u_meas_ctrl_state_q_reg[2]/C              -       -     R     (arrival)   1208     -     0     0       0    (-,-) 
  u_core_u_meas_ctrl_state_q_reg[2]/Q              -       C->Q  F     DFRRHDX1       3  58.0   471  1323    1323    (-,-) 
  g199282/Q                                        -       B->Q  R     NO2I1HDX4      3  63.7   432   516    1839    (-,-) 
  g196565/Q                                        -       A->Q  R     AND2HDX4       6  61.0   210   560    2399    (-,-) 
  g178756_dup/Q                                    -       A->Q  R     AND2HDX2       1  57.8   308   499    2898    (-,-) 
  fopt252836/Q                                     -       A->Q  R     BUHDX12        7 303.5   257   399    3297    (-,-) 
  fopt216833/Q                                     -       A->Q  R     BUHDX12       31 400.4   327   437    3734    (-,-) 
  g216859/Q                                        -       A->Q  F     ON22HDX1       1  11.2   228   300    4033    (-,-) 
  u_core_u_ctx_bank_ctx_nfast_packed_reg[1][354]/D -       -     F     DFRHDX1        1     -     -     0    4033    (-,-) 
#--------------------------------------------------------------------------------------------------------------------------



Path 130: VIOLATED (-3801 ps) Setup Check with Pin u_core_u_ctx_bank_ctx_nfast_packed_reg[1][129]/C->D
           View: wc_view
          Group: clk_osc_fast
     Startpoint: (R) u_core_u_meas_ctrl_state_q_reg[2]/C
          Clock: (R) clk_osc_fast
       Endpoint: (F) u_core_u_ctx_bank_ctx_nfast_packed_reg[1][129]/D
          Clock: (R) clk_osc_fast

                     Capture       Launch     
        Clock Edge:+     900            0     
       Src Latency:+       0            0     
       Net Latency:+       0 (I)        0 (I) 
           Arrival:=     900            0     
                                              
             Setup:-     618                  
       Uncertainty:-      50                  
     Required Time:=     232                  
      Launch Clock:-       0                  
         Data Path:-    4033                  
             Slack:=   -3801                  

#--------------------------------------------------------------------------------------------------------------------------
#                  Timing Point                    Flags   Arc   Edge   Cell     Fanout  Load Trans Delay Arrival Instance 
#                                                                                        (fF)  (ps)  (ps)   (ps)  Location 
#--------------------------------------------------------------------------------------------------------------------------
  u_core_u_meas_ctrl_state_q_reg[2]/C              -       -     R     (arrival)   1208     -     0     0       0    (-,-) 
  u_core_u_meas_ctrl_state_q_reg[2]/Q              -       C->Q  F     DFRRHDX1       3  58.0   471  1323    1323    (-,-) 
  g199282/Q                                        -       B->Q  R     NO2I1HDX4      3  63.7   432   516    1839    (-,-) 
  g196565/Q                                        -       A->Q  R     AND2HDX4       6  61.0   210   560    2399    (-,-) 
  g178756_dup/Q                                    -       A->Q  R     AND2HDX2       1  57.8   308   499    2898    (-,-) 
  fopt252836/Q                                     -       A->Q  R     BUHDX12        7 303.5   257   399    3297    (-,-) 
  fopt216833/Q                                     -       A->Q  R     BUHDX12       31 400.4   327   437    3734    (-,-) 
  g216852/Q                                        -       A->Q  F     ON22HDX1       1  11.2   227   300    4033    (-,-) 
  u_core_u_ctx_bank_ctx_nfast_packed_reg[1][129]/D -       -     F     DFRHDX1        1     -     -     0    4033    (-,-) 
#--------------------------------------------------------------------------------------------------------------------------



Path 131: VIOLATED (-3801 ps) Setup Check with Pin u_core_u_ctx_bank_ctx_nfast_packed_reg[1][105]/C->D
           View: wc_view
          Group: clk_osc_fast
     Startpoint: (R) u_core_u_meas_ctrl_state_q_reg[2]/C
          Clock: (R) clk_osc_fast
       Endpoint: (F) u_core_u_ctx_bank_ctx_nfast_packed_reg[1][105]/D
          Clock: (R) clk_osc_fast

                     Capture       Launch     
        Clock Edge:+     900            0     
       Src Latency:+       0            0     
       Net Latency:+       0 (I)        0 (I) 
           Arrival:=     900            0     
                                              
             Setup:-     618                  
       Uncertainty:-      50                  
     Required Time:=     232                  
      Launch Clock:-       0                  
         Data Path:-    4033                  
             Slack:=   -3801                  

#--------------------------------------------------------------------------------------------------------------------------
#                  Timing Point                    Flags   Arc   Edge   Cell     Fanout  Load Trans Delay Arrival Instance 
#                                                                                        (fF)  (ps)  (ps)   (ps)  Location 
#--------------------------------------------------------------------------------------------------------------------------
  u_core_u_meas_ctrl_state_q_reg[2]/C              -       -     R     (arrival)   1208     -     0     0       0    (-,-) 
  u_core_u_meas_ctrl_state_q_reg[2]/Q              -       C->Q  F     DFRRHDX1       3  58.0   471  1323    1323    (-,-) 
  g199282/Q                                        -       B->Q  R     NO2I1HDX4      3  63.7   432   516    1839    (-,-) 
  g196565/Q                                        -       A->Q  R     AND2HDX4       6  61.0   210   560    2399    (-,-) 
  g178756_dup/Q                                    -       A->Q  R     AND2HDX2       1  57.8   308   499    2898    (-,-) 
  fopt252836/Q                                     -       A->Q  R     BUHDX12        7 303.5   257   399    3297    (-,-) 
  fopt216833/Q                                     -       A->Q  R     BUHDX12       31 400.4   327   437    3734    (-,-) 
  g216851/Q                                        -       A->Q  F     ON22HDX1       1  11.2   227   300    4033    (-,-) 
  u_core_u_ctx_bank_ctx_nfast_packed_reg[1][105]/D -       -     F     DFRHDX1        1     -     -     0    4033    (-,-) 
#--------------------------------------------------------------------------------------------------------------------------



Path 132: VIOLATED (-3801 ps) Setup Check with Pin u_core_u_ctx_bank_ctx_nfast_packed_reg[1][99]/C->D
           View: wc_view
          Group: clk_osc_fast
     Startpoint: (R) u_core_u_meas_ctrl_state_q_reg[2]/C
          Clock: (R) clk_osc_fast
       Endpoint: (F) u_core_u_ctx_bank_ctx_nfast_packed_reg[1][99]/D
          Clock: (R) clk_osc_fast

                     Capture       Launch     
        Clock Edge:+     900            0     
       Src Latency:+       0            0     
       Net Latency:+       0 (I)        0 (I) 
           Arrival:=     900            0     
                                              
             Setup:-     618                  
       Uncertainty:-      50                  
     Required Time:=     232                  
      Launch Clock:-       0                  
         Data Path:-    4033                  
             Slack:=   -3801                  

#-------------------------------------------------------------------------------------------------------------------------
#                  Timing Point                   Flags   Arc   Edge   Cell     Fanout  Load Trans Delay Arrival Instance 
#                                                                                       (fF)  (ps)  (ps)   (ps)  Location 
#-------------------------------------------------------------------------------------------------------------------------
  u_core_u_meas_ctrl_state_q_reg[2]/C             -       -     R     (arrival)   1208     -     0     0       0    (-,-) 
  u_core_u_meas_ctrl_state_q_reg[2]/Q             -       C->Q  F     DFRRHDX1       3  58.0   471  1323    1323    (-,-) 
  g199282/Q                                       -       B->Q  R     NO2I1HDX4      3  63.7   432   516    1839    (-,-) 
  g196565/Q                                       -       A->Q  R     AND2HDX4       6  61.0   210   560    2399    (-,-) 
  g178756_dup/Q                                   -       A->Q  R     AND2HDX2       1  57.8   308   499    2898    (-,-) 
  fopt252836/Q                                    -       A->Q  R     BUHDX12        7 303.5   257   399    3297    (-,-) 
  fopt216833/Q                                    -       A->Q  R     BUHDX12       31 400.4   327   437    3734    (-,-) 
  g216850/Q                                       -       A->Q  F     ON22HDX1       1  11.2   228   300    4033    (-,-) 
  u_core_u_ctx_bank_ctx_nfast_packed_reg[1][99]/D -       -     F     DFRHDX1        1     -     -     0    4033    (-,-) 
#-------------------------------------------------------------------------------------------------------------------------



Path 133: VIOLATED (-3801 ps) Setup Check with Pin u_core_u_ctx_bank_ctx_nfast_packed_reg[1][20]/C->D
           View: wc_view
          Group: clk_osc_fast
     Startpoint: (R) u_core_u_meas_ctrl_state_q_reg[2]/C
          Clock: (R) clk_osc_fast
       Endpoint: (F) u_core_u_ctx_bank_ctx_nfast_packed_reg[1][20]/D
          Clock: (R) clk_osc_fast

                     Capture       Launch     
        Clock Edge:+     900            0     
       Src Latency:+       0            0     
       Net Latency:+       0 (I)        0 (I) 
           Arrival:=     900            0     
                                              
             Setup:-     618                  
       Uncertainty:-      50                  
     Required Time:=     232                  
      Launch Clock:-       0                  
         Data Path:-    4033                  
             Slack:=   -3801                  

#-------------------------------------------------------------------------------------------------------------------------
#                  Timing Point                   Flags   Arc   Edge   Cell     Fanout  Load Trans Delay Arrival Instance 
#                                                                                       (fF)  (ps)  (ps)   (ps)  Location 
#-------------------------------------------------------------------------------------------------------------------------
  u_core_u_meas_ctrl_state_q_reg[2]/C             -       -     R     (arrival)   1208     -     0     0       0    (-,-) 
  u_core_u_meas_ctrl_state_q_reg[2]/Q             -       C->Q  F     DFRRHDX1       3  58.0   471  1323    1323    (-,-) 
  g199282/Q                                       -       B->Q  R     NO2I1HDX4      3  63.7   432   516    1839    (-,-) 
  g196565/Q                                       -       A->Q  R     AND2HDX4       6  61.0   210   560    2399    (-,-) 
  g178756_dup/Q                                   -       A->Q  R     AND2HDX2       1  57.8   308   499    2898    (-,-) 
  fopt252836/Q                                    -       A->Q  R     BUHDX12        7 303.5   257   399    3297    (-,-) 
  fopt216833/Q                                    -       A->Q  R     BUHDX12       31 400.4   327   437    3734    (-,-) 
  g216848/Q                                       -       A->Q  F     ON22HDX1       1  11.2   228   300    4033    (-,-) 
  u_core_u_ctx_bank_ctx_nfast_packed_reg[1][20]/D -       -     F     DFRHDX1        1     -     -     0    4033    (-,-) 
#-------------------------------------------------------------------------------------------------------------------------



Path 134: VIOLATED (-3801 ps) Setup Check with Pin u_core_u_ctx_bank_ctx_nfast_packed_reg[1][410]/C->D
           View: wc_view
          Group: clk_osc_fast
     Startpoint: (R) u_core_u_meas_ctrl_state_q_reg[2]/C
          Clock: (R) clk_osc_fast
       Endpoint: (F) u_core_u_ctx_bank_ctx_nfast_packed_reg[1][410]/D
          Clock: (R) clk_osc_fast

                     Capture       Launch     
        Clock Edge:+     900            0     
       Src Latency:+       0            0     
       Net Latency:+       0 (I)        0 (I) 
           Arrival:=     900            0     
                                              
             Setup:-     618                  
       Uncertainty:-      50                  
     Required Time:=     232                  
      Launch Clock:-       0                  
         Data Path:-    4033                  
             Slack:=   -3801                  

#--------------------------------------------------------------------------------------------------------------------------
#                  Timing Point                    Flags   Arc   Edge   Cell     Fanout  Load Trans Delay Arrival Instance 
#                                                                                        (fF)  (ps)  (ps)   (ps)  Location 
#--------------------------------------------------------------------------------------------------------------------------
  u_core_u_meas_ctrl_state_q_reg[2]/C              -       -     R     (arrival)   1208     -     0     0       0    (-,-) 
  u_core_u_meas_ctrl_state_q_reg[2]/Q              -       C->Q  F     DFRRHDX1       3  58.0   471  1323    1323    (-,-) 
  g199282/Q                                        -       B->Q  R     NO2I1HDX4      3  63.7   432   516    1839    (-,-) 
  g196565/Q                                        -       A->Q  R     AND2HDX4       6  61.0   210   560    2399    (-,-) 
  g178756_dup/Q                                    -       A->Q  R     AND2HDX2       1  57.8   308   499    2898    (-,-) 
  fopt252836/Q                                     -       A->Q  R     BUHDX12        7 303.5   257   399    3297    (-,-) 
  fopt216833/Q                                     -       A->Q  R     BUHDX12       31 400.4   327   437    3734    (-,-) 
  g216863/Q                                        -       A->Q  F     ON22HDX1       1  11.2   227   300    4033    (-,-) 
  u_core_u_ctx_bank_ctx_nfast_packed_reg[1][410]/D -       -     F     DFRHDX1        1     -     -     0    4033    (-,-) 
#--------------------------------------------------------------------------------------------------------------------------



Path 135: VIOLATED (-3801 ps) Setup Check with Pin u_core_u_ctx_bank_ctx_nfast_packed_reg[1][325]/C->D
           View: wc_view
          Group: clk_osc_fast
     Startpoint: (R) u_core_u_meas_ctrl_state_q_reg[2]/C
          Clock: (R) clk_osc_fast
       Endpoint: (F) u_core_u_ctx_bank_ctx_nfast_packed_reg[1][325]/D
          Clock: (R) clk_osc_fast

                     Capture       Launch     
        Clock Edge:+     900            0     
       Src Latency:+       0            0     
       Net Latency:+       0 (I)        0 (I) 
           Arrival:=     900            0     
                                              
             Setup:-     618                  
       Uncertainty:-      50                  
     Required Time:=     232                  
      Launch Clock:-       0                  
         Data Path:-    4033                  
             Slack:=   -3801                  

#--------------------------------------------------------------------------------------------------------------------------
#                  Timing Point                    Flags   Arc   Edge   Cell     Fanout  Load Trans Delay Arrival Instance 
#                                                                                        (fF)  (ps)  (ps)   (ps)  Location 
#--------------------------------------------------------------------------------------------------------------------------
  u_core_u_meas_ctrl_state_q_reg[2]/C              -       -     R     (arrival)   1208     -     0     0       0    (-,-) 
  u_core_u_meas_ctrl_state_q_reg[2]/Q              -       C->Q  F     DFRRHDX1       3  58.0   471  1323    1323    (-,-) 
  g199282/Q                                        -       B->Q  R     NO2I1HDX4      3  63.7   432   516    1839    (-,-) 
  g196565/Q                                        -       A->Q  R     AND2HDX4       6  61.0   210   560    2399    (-,-) 
  g178756_dup/Q                                    -       A->Q  R     AND2HDX2       1  57.8   308   499    2898    (-,-) 
  fopt252836/Q                                     -       A->Q  R     BUHDX12        7 303.5   257   399    3297    (-,-) 
  fopt216833/Q                                     -       A->Q  R     BUHDX12       31 400.4   327   437    3734    (-,-) 
  g216858/Q                                        -       A->Q  F     ON22HDX1       1  11.2   227   300    4033    (-,-) 
  u_core_u_ctx_bank_ctx_nfast_packed_reg[1][325]/D -       -     F     DFRHDX1        1     -     -     0    4033    (-,-) 
#--------------------------------------------------------------------------------------------------------------------------



Path 136: VIOLATED (-3801 ps) Setup Check with Pin u_core_u_ctx_bank_ctx_nfast_packed_reg[1][246]/C->D
           View: wc_view
          Group: clk_osc_fast
     Startpoint: (R) u_core_u_meas_ctrl_state_q_reg[2]/C
          Clock: (R) clk_osc_fast
       Endpoint: (F) u_core_u_ctx_bank_ctx_nfast_packed_reg[1][246]/D
          Clock: (R) clk_osc_fast

                     Capture       Launch     
        Clock Edge:+     900            0     
       Src Latency:+       0            0     
       Net Latency:+       0 (I)        0 (I) 
           Arrival:=     900            0     
                                              
             Setup:-     618                  
       Uncertainty:-      50                  
     Required Time:=     232                  
      Launch Clock:-       0                  
         Data Path:-    4033                  
             Slack:=   -3801                  

#--------------------------------------------------------------------------------------------------------------------------
#                  Timing Point                    Flags   Arc   Edge   Cell     Fanout  Load Trans Delay Arrival Instance 
#                                                                                        (fF)  (ps)  (ps)   (ps)  Location 
#--------------------------------------------------------------------------------------------------------------------------
  u_core_u_meas_ctrl_state_q_reg[2]/C              -       -     R     (arrival)   1208     -     0     0       0    (-,-) 
  u_core_u_meas_ctrl_state_q_reg[2]/Q              -       C->Q  F     DFRRHDX1       3  58.0   471  1323    1323    (-,-) 
  g199282/Q                                        -       B->Q  R     NO2I1HDX4      3  63.7   432   516    1839    (-,-) 
  g196565/Q                                        -       A->Q  R     AND2HDX4       6  61.0   210   560    2399    (-,-) 
  g178756_dup/Q                                    -       A->Q  R     AND2HDX2       1  57.8   308   499    2898    (-,-) 
  fopt252836/Q                                     -       A->Q  R     BUHDX12        7 303.5   257   399    3297    (-,-) 
  fopt216833/Q                                     -       A->Q  R     BUHDX12       31 400.4   327   437    3734    (-,-) 
  g216845/Q                                        -       A->Q  F     ON22HDX1       1  11.2   227   300    4033    (-,-) 
  u_core_u_ctx_bank_ctx_nfast_packed_reg[1][246]/D -       -     F     DFRHDX1        1     -     -     0    4033    (-,-) 
#--------------------------------------------------------------------------------------------------------------------------



Path 137: VIOLATED (-3801 ps) Setup Check with Pin u_core_u_ctx_bank_ctx_nfast_packed_reg[1][245]/C->D
           View: wc_view
          Group: clk_osc_fast
     Startpoint: (R) u_core_u_meas_ctrl_state_q_reg[2]/C
          Clock: (R) clk_osc_fast
       Endpoint: (F) u_core_u_ctx_bank_ctx_nfast_packed_reg[1][245]/D
          Clock: (R) clk_osc_fast

                     Capture       Launch     
        Clock Edge:+     900            0     
       Src Latency:+       0            0     
       Net Latency:+       0 (I)        0 (I) 
           Arrival:=     900            0     
                                              
             Setup:-     618                  
       Uncertainty:-      50                  
     Required Time:=     232                  
      Launch Clock:-       0                  
         Data Path:-    4033                  
             Slack:=   -3801                  

#--------------------------------------------------------------------------------------------------------------------------
#                  Timing Point                    Flags   Arc   Edge   Cell     Fanout  Load Trans Delay Arrival Instance 
#                                                                                        (fF)  (ps)  (ps)   (ps)  Location 
#--------------------------------------------------------------------------------------------------------------------------
  u_core_u_meas_ctrl_state_q_reg[2]/C              -       -     R     (arrival)   1208     -     0     0       0    (-,-) 
  u_core_u_meas_ctrl_state_q_reg[2]/Q              -       C->Q  F     DFRRHDX1       3  58.0   471  1323    1323    (-,-) 
  g199282/Q                                        -       B->Q  R     NO2I1HDX4      3  63.7   432   516    1839    (-,-) 
  g196565/Q                                        -       A->Q  R     AND2HDX4       6  61.0   210   560    2399    (-,-) 
  g178756_dup/Q                                    -       A->Q  R     AND2HDX2       1  57.8   308   499    2898    (-,-) 
  fopt252836/Q                                     -       A->Q  R     BUHDX12        7 303.5   257   399    3297    (-,-) 
  fopt216833/Q                                     -       A->Q  R     BUHDX12       31 400.4   327   437    3734    (-,-) 
  g216857/Q                                        -       A->Q  F     ON22HDX1       1  11.2   227   300    4033    (-,-) 
  u_core_u_ctx_bank_ctx_nfast_packed_reg[1][245]/D -       -     F     DFRHDX1        1     -     -     0    4033    (-,-) 
#--------------------------------------------------------------------------------------------------------------------------



Path 138: VIOLATED (-3801 ps) Setup Check with Pin u_core_u_ctx_bank_ctx_nfast_packed_reg[1][44]/C->D
           View: wc_view
          Group: clk_osc_fast
     Startpoint: (R) u_core_u_meas_ctrl_state_q_reg[2]/C
          Clock: (R) clk_osc_fast
       Endpoint: (F) u_core_u_ctx_bank_ctx_nfast_packed_reg[1][44]/D
          Clock: (R) clk_osc_fast

                     Capture       Launch     
        Clock Edge:+     900            0     
       Src Latency:+       0            0     
       Net Latency:+       0 (I)        0 (I) 
           Arrival:=     900            0     
                                              
             Setup:-     618                  
       Uncertainty:-      50                  
     Required Time:=     232                  
      Launch Clock:-       0                  
         Data Path:-    4033                  
             Slack:=   -3801                  

#-------------------------------------------------------------------------------------------------------------------------
#                  Timing Point                   Flags   Arc   Edge   Cell     Fanout  Load Trans Delay Arrival Instance 
#                                                                                       (fF)  (ps)  (ps)   (ps)  Location 
#-------------------------------------------------------------------------------------------------------------------------
  u_core_u_meas_ctrl_state_q_reg[2]/C             -       -     R     (arrival)   1208     -     0     0       0    (-,-) 
  u_core_u_meas_ctrl_state_q_reg[2]/Q             -       C->Q  F     DFRRHDX1       3  58.0   471  1323    1323    (-,-) 
  g199282/Q                                       -       B->Q  R     NO2I1HDX4      3  63.7   432   516    1839    (-,-) 
  g196565/Q                                       -       A->Q  R     AND2HDX4       6  61.0   210   560    2399    (-,-) 
  g178756_dup/Q                                   -       A->Q  R     AND2HDX2       1  57.8   308   499    2898    (-,-) 
  fopt252836/Q                                    -       A->Q  R     BUHDX12        7 303.5   257   399    3297    (-,-) 
  fopt216833/Q                                    -       A->Q  R     BUHDX12       31 400.4   327   437    3734    (-,-) 
  g216846/Q                                       -       A->Q  F     ON22HDX1       1  11.2   227   300    4033    (-,-) 
  u_core_u_ctx_bank_ctx_nfast_packed_reg[1][44]/D -       -     F     DFRHDX1        1     -     -     0    4033    (-,-) 
#-------------------------------------------------------------------------------------------------------------------------



Path 139: VIOLATED (-3801 ps) Setup Check with Pin u_core_u_ctx_bank_ctx_nfast_packed_reg[1][17]/C->D
           View: wc_view
          Group: clk_osc_fast
     Startpoint: (R) u_core_u_meas_ctrl_state_q_reg[2]/C
          Clock: (R) clk_osc_fast
       Endpoint: (F) u_core_u_ctx_bank_ctx_nfast_packed_reg[1][17]/D
          Clock: (R) clk_osc_fast

                     Capture       Launch     
        Clock Edge:+     900            0     
       Src Latency:+       0            0     
       Net Latency:+       0 (I)        0 (I) 
           Arrival:=     900            0     
                                              
             Setup:-     618                  
       Uncertainty:-      50                  
     Required Time:=     232                  
      Launch Clock:-       0                  
         Data Path:-    4033                  
             Slack:=   -3801                  

#-------------------------------------------------------------------------------------------------------------------------
#                  Timing Point                   Flags   Arc   Edge   Cell     Fanout  Load Trans Delay Arrival Instance 
#                                                                                       (fF)  (ps)  (ps)   (ps)  Location 
#-------------------------------------------------------------------------------------------------------------------------
  u_core_u_meas_ctrl_state_q_reg[2]/C             -       -     R     (arrival)   1208     -     0     0       0    (-,-) 
  u_core_u_meas_ctrl_state_q_reg[2]/Q             -       C->Q  F     DFRRHDX1       3  58.0   471  1323    1323    (-,-) 
  g199282/Q                                       -       B->Q  R     NO2I1HDX4      3  63.7   432   516    1839    (-,-) 
  g196565/Q                                       -       A->Q  R     AND2HDX4       6  61.0   210   560    2399    (-,-) 
  g178756_dup/Q                                   -       A->Q  R     AND2HDX2       1  57.8   308   499    2898    (-,-) 
  fopt252836/Q                                    -       A->Q  R     BUHDX12        7 303.5   257   399    3297    (-,-) 
  fopt216833/Q                                    -       A->Q  R     BUHDX12       31 400.4   327   437    3734    (-,-) 
  g216847/Q                                       -       A->Q  F     ON22HDX1       1  11.2   227   300    4033    (-,-) 
  u_core_u_ctx_bank_ctx_nfast_packed_reg[1][17]/D -       -     F     DFRHDX1        1     -     -     0    4033    (-,-) 
#-------------------------------------------------------------------------------------------------------------------------



Path 140: VIOLATED (-3800 ps) Setup Check with Pin u_core_u_ctx_bank_ctx_nfast_packed_reg[1][371]/C->D
           View: wc_view
          Group: clk_osc_fast
     Startpoint: (R) u_core_u_meas_ctrl_state_q_reg[2]/C
          Clock: (R) clk_osc_fast
       Endpoint: (F) u_core_u_ctx_bank_ctx_nfast_packed_reg[1][371]/D
          Clock: (R) clk_osc_fast

                     Capture       Launch     
        Clock Edge:+     900            0     
       Src Latency:+       0            0     
       Net Latency:+       0 (I)        0 (I) 
           Arrival:=     900            0     
                                              
             Setup:-     617                  
       Uncertainty:-      50                  
     Required Time:=     233                  
      Launch Clock:-       0                  
         Data Path:-    4033                  
             Slack:=   -3800                  

#--------------------------------------------------------------------------------------------------------------------------
#                  Timing Point                    Flags   Arc   Edge   Cell     Fanout  Load Trans Delay Arrival Instance 
#                                                                                        (fF)  (ps)  (ps)   (ps)  Location 
#--------------------------------------------------------------------------------------------------------------------------
  u_core_u_meas_ctrl_state_q_reg[2]/C              -       -     R     (arrival)   1208     -     0     0       0    (-,-) 
  u_core_u_meas_ctrl_state_q_reg[2]/Q              -       C->Q  F     DFRRHDX1       3  58.0   471  1323    1323    (-,-) 
  g199282/Q                                        -       B->Q  R     NO2I1HDX4      3  63.7   432   516    1839    (-,-) 
  g196565/Q                                        -       A->Q  R     AND2HDX4       6  61.0   210   560    2399    (-,-) 
  g178756_dup/Q                                    -       A->Q  R     AND2HDX2       1  57.8   308   499    2898    (-,-) 
  fopt252836/Q                                     -       A->Q  R     BUHDX12        7 303.5   257   399    3297    (-,-) 
  fopt216833/Q                                     -       A->Q  R     BUHDX12       31 400.4   327   437    3734    (-,-) 
  g216860/Q                                        -       A->Q  F     ON22HDX1       1  11.2   226   300    4033    (-,-) 
  u_core_u_ctx_bank_ctx_nfast_packed_reg[1][371]/D -       -     F     DFRHDX1        1     -     -     0    4033    (-,-) 
#--------------------------------------------------------------------------------------------------------------------------



Path 141: VIOLATED (-3800 ps) Setup Check with Pin u_core_u_ctx_bank_ctx_nfast_packed_reg[1][6]/C->D
           View: wc_view
          Group: clk_osc_fast
     Startpoint: (R) u_core_u_meas_ctrl_state_q_reg[2]/C
          Clock: (R) clk_osc_fast
       Endpoint: (F) u_core_u_ctx_bank_ctx_nfast_packed_reg[1][6]/D
          Clock: (R) clk_osc_fast

                     Capture       Launch     
        Clock Edge:+     900            0     
       Src Latency:+       0            0     
       Net Latency:+       0 (I)        0 (I) 
           Arrival:=     900            0     
                                              
             Setup:-     617                  
       Uncertainty:-      50                  
     Required Time:=     233                  
      Launch Clock:-       0                  
         Data Path:-    4033                  
             Slack:=   -3800                  

#------------------------------------------------------------------------------------------------------------------------
#                 Timing Point                   Flags   Arc   Edge   Cell     Fanout  Load Trans Delay Arrival Instance 
#                                                                                      (fF)  (ps)  (ps)   (ps)  Location 
#------------------------------------------------------------------------------------------------------------------------
  u_core_u_meas_ctrl_state_q_reg[2]/C            -       -     R     (arrival)   1208     -     0     0       0    (-,-) 
  u_core_u_meas_ctrl_state_q_reg[2]/Q            -       C->Q  F     DFRRHDX1       3  58.0   471  1323    1323    (-,-) 
  g199282/Q                                      -       B->Q  R     NO2I1HDX4      3  63.7   432   516    1839    (-,-) 
  g196565/Q                                      -       A->Q  R     AND2HDX4       6  61.0   210   560    2399    (-,-) 
  g178756_dup/Q                                  -       A->Q  R     AND2HDX2       1  57.8   308   499    2898    (-,-) 
  fopt252836/Q                                   -       A->Q  R     BUHDX12        7 303.5   257   399    3297    (-,-) 
  fopt216833/Q                                   -       A->Q  R     BUHDX12       31 400.4   327   437    3734    (-,-) 
  g279657/Q                                      -       A->Q  F     ON22HDX1       1  11.2   226   300    4033    (-,-) 
  u_core_u_ctx_bank_ctx_nfast_packed_reg[1][6]/D -       -     F     DFRHDX1        1     -     -     0    4033    (-,-) 
#------------------------------------------------------------------------------------------------------------------------



Path 142: VIOLATED (-3800 ps) Setup Check with Pin u_core_u_ctx_bank_ctx_hit_level_reg[1][52]/C->D
           View: wc_view
          Group: clk_osc_fast
     Startpoint: (R) u_core_u_meas_ctrl_state_q_reg[2]/C
          Clock: (R) clk_osc_fast
       Endpoint: (F) u_core_u_ctx_bank_ctx_hit_level_reg[1][52]/D
          Clock: (R) clk_osc_fast

                     Capture       Launch     
        Clock Edge:+     900            0     
       Src Latency:+       0            0     
       Net Latency:+       0 (I)        0 (I) 
           Arrival:=     900            0     
                                              
             Setup:-     617                  
       Uncertainty:-      50                  
     Required Time:=     233                  
      Launch Clock:-       0                  
         Data Path:-    4033                  
             Slack:=   -3800                  

#----------------------------------------------------------------------------------------------------------------------
#                Timing Point                  Flags   Arc   Edge   Cell     Fanout  Load Trans Delay Arrival Instance 
#                                                                                    (fF)  (ps)  (ps)   (ps)  Location 
#----------------------------------------------------------------------------------------------------------------------
  u_core_u_meas_ctrl_state_q_reg[2]/C          -       -     R     (arrival)   1208     -     0     0       0    (-,-) 
  u_core_u_meas_ctrl_state_q_reg[2]/Q          -       C->Q  F     DFRRHDX1       3  58.0   471  1323    1323    (-,-) 
  g199282/Q                                    -       B->Q  R     NO2I1HDX4      3  63.7   432   516    1839    (-,-) 
  g196565/Q                                    -       A->Q  R     AND2HDX4       6  61.0   210   560    2399    (-,-) 
  g178756_dup/Q                                -       A->Q  R     AND2HDX2       1  57.8   308   499    2898    (-,-) 
  fopt252836/Q                                 -       A->Q  R     BUHDX12        7 303.5   257   399    3297    (-,-) 
  fopt216833/Q                                 -       A->Q  R     BUHDX12       31 400.4   327   437    3734    (-,-) 
  g216866/Q                                    -       A->Q  F     ON22HDX1       1  11.2   226   300    4033    (-,-) 
  u_core_u_ctx_bank_ctx_hit_level_reg[1][52]/D -       -     F     DFRHDX1        1     -     -     0    4033    (-,-) 
#----------------------------------------------------------------------------------------------------------------------



Path 143: VIOLATED (-3800 ps) Setup Check with Pin u_core_u_ctx_bank_ctx_hit_level_reg[1][16]/C->D
           View: wc_view
          Group: clk_osc_fast
     Startpoint: (R) u_core_u_meas_ctrl_state_q_reg[2]/C
          Clock: (R) clk_osc_fast
       Endpoint: (F) u_core_u_ctx_bank_ctx_hit_level_reg[1][16]/D
          Clock: (R) clk_osc_fast

                     Capture       Launch     
        Clock Edge:+     900            0     
       Src Latency:+       0            0     
       Net Latency:+       0 (I)        0 (I) 
           Arrival:=     900            0     
                                              
             Setup:-     617                  
       Uncertainty:-      50                  
     Required Time:=     233                  
      Launch Clock:-       0                  
         Data Path:-    4033                  
             Slack:=   -3800                  

#----------------------------------------------------------------------------------------------------------------------
#                Timing Point                  Flags   Arc   Edge   Cell     Fanout  Load Trans Delay Arrival Instance 
#                                                                                    (fF)  (ps)  (ps)   (ps)  Location 
#----------------------------------------------------------------------------------------------------------------------
  u_core_u_meas_ctrl_state_q_reg[2]/C          -       -     R     (arrival)   1208     -     0     0       0    (-,-) 
  u_core_u_meas_ctrl_state_q_reg[2]/Q          -       C->Q  F     DFRRHDX1       3  58.0   471  1323    1323    (-,-) 
  g199282/Q                                    -       B->Q  R     NO2I1HDX4      3  63.7   432   516    1839    (-,-) 
  g196565/Q                                    -       A->Q  R     AND2HDX4       6  61.0   210   560    2399    (-,-) 
  g178756_dup/Q                                -       A->Q  R     AND2HDX2       1  57.8   308   499    2898    (-,-) 
  fopt252836/Q                                 -       A->Q  R     BUHDX12        7 303.5   257   399    3297    (-,-) 
  fopt216833/Q                                 -       A->Q  R     BUHDX12       31 400.4   327   437    3734    (-,-) 
  g266834/Q                                    -       A->Q  F     ON22HDX1       1  11.2   226   300    4033    (-,-) 
  u_core_u_ctx_bank_ctx_hit_level_reg[1][16]/D -       -     F     DFRHDX1        1     -     -     0    4033    (-,-) 
#----------------------------------------------------------------------------------------------------------------------



Path 144: VIOLATED (-3800 ps) Setup Check with Pin u_core_u_ctx_bank_ctx_nfast_packed_reg[1][68]/C->D
           View: wc_view
          Group: clk_osc_fast
     Startpoint: (R) u_core_u_meas_ctrl_state_q_reg[2]/C
          Clock: (R) clk_osc_fast
       Endpoint: (F) u_core_u_ctx_bank_ctx_nfast_packed_reg[1][68]/D
          Clock: (R) clk_osc_fast

                     Capture       Launch     
        Clock Edge:+     900            0     
       Src Latency:+       0            0     
       Net Latency:+       0 (I)        0 (I) 
           Arrival:=     900            0     
                                              
             Setup:-     618                  
       Uncertainty:-      50                  
     Required Time:=     232                  
      Launch Clock:-       0                  
         Data Path:-    4032                  
             Slack:=   -3800                  

#-------------------------------------------------------------------------------------------------------------------------
#                  Timing Point                   Flags   Arc   Edge   Cell     Fanout  Load Trans Delay Arrival Instance 
#                                                                                       (fF)  (ps)  (ps)   (ps)  Location 
#-------------------------------------------------------------------------------------------------------------------------
  u_core_u_meas_ctrl_state_q_reg[2]/C             -       -     R     (arrival)   1208     -     0     0       0    (-,-) 
  u_core_u_meas_ctrl_state_q_reg[2]/Q             -       C->Q  F     DFRRHDX1       3  58.0   471  1323    1323    (-,-) 
  g199282/Q                                       -       B->Q  R     NO2I1HDX4      3  63.7   432   516    1839    (-,-) 
  g196565/Q                                       -       A->Q  R     AND2HDX4       6  61.0   210   560    2399    (-,-) 
  g178756_dup/Q                                   -       A->Q  R     AND2HDX2       1  57.8   308   499    2898    (-,-) 
  fopt252836/Q                                    -       A->Q  R     BUHDX12        7 303.5   257   399    3297    (-,-) 
  fopt252840/Q                                    -       A->Q  R     BUHDX12       31 398.6   326   436    3732    (-,-) 
  g266854/Q                                       -       A->Q  F     ON22HDX1       1  11.2   231   299    4032    (-,-) 
  u_core_u_ctx_bank_ctx_nfast_packed_reg[1][68]/D -       -     F     DFRHDX1        1     -     -     0    4032    (-,-) 
#-------------------------------------------------------------------------------------------------------------------------



Path 145: VIOLATED (-3800 ps) Setup Check with Pin u_core_u_ctx_bank_ctx_nfast_packed_reg[1][11]/C->D
           View: wc_view
          Group: clk_osc_fast
     Startpoint: (R) u_core_u_meas_ctrl_state_q_reg[2]/C
          Clock: (R) clk_osc_fast
       Endpoint: (F) u_core_u_ctx_bank_ctx_nfast_packed_reg[1][11]/D
          Clock: (R) clk_osc_fast

                     Capture       Launch     
        Clock Edge:+     900            0     
       Src Latency:+       0            0     
       Net Latency:+       0 (I)        0 (I) 
           Arrival:=     900            0     
                                              
             Setup:-     618                  
       Uncertainty:-      50                  
     Required Time:=     232                  
      Launch Clock:-       0                  
         Data Path:-    4032                  
             Slack:=   -3800                  

#-------------------------------------------------------------------------------------------------------------------------
#                  Timing Point                   Flags   Arc   Edge   Cell     Fanout  Load Trans Delay Arrival Instance 
#                                                                                       (fF)  (ps)  (ps)   (ps)  Location 
#-------------------------------------------------------------------------------------------------------------------------
  u_core_u_meas_ctrl_state_q_reg[2]/C             -       -     R     (arrival)   1208     -     0     0       0    (-,-) 
  u_core_u_meas_ctrl_state_q_reg[2]/Q             -       C->Q  F     DFRRHDX1       3  58.0   471  1323    1323    (-,-) 
  g199282/Q                                       -       B->Q  R     NO2I1HDX4      3  63.7   432   516    1839    (-,-) 
  g196565/Q                                       -       A->Q  R     AND2HDX4       6  61.0   210   560    2399    (-,-) 
  g178756_dup/Q                                   -       A->Q  R     AND2HDX2       1  57.8   308   499    2898    (-,-) 
  fopt252836/Q                                    -       A->Q  R     BUHDX12        7 303.5   257   399    3297    (-,-) 
  fopt252840/Q                                    -       A->Q  R     BUHDX12       31 398.6   326   436    3732    (-,-) 
  g266826/Q                                       -       A->Q  F     ON22HDX1       1  11.2   231   299    4032    (-,-) 
  u_core_u_ctx_bank_ctx_nfast_packed_reg[1][11]/D -       -     F     DFRHDX1        1     -     -     0    4032    (-,-) 
#-------------------------------------------------------------------------------------------------------------------------



Path 146: VIOLATED (-3800 ps) Setup Check with Pin u_core_u_ctx_bank_ctx_nfast_packed_reg[1][33]/C->D
           View: wc_view
          Group: clk_osc_fast
     Startpoint: (R) u_core_u_meas_ctrl_state_q_reg[2]/C
          Clock: (R) clk_osc_fast
       Endpoint: (F) u_core_u_ctx_bank_ctx_nfast_packed_reg[1][33]/D
          Clock: (R) clk_osc_fast

                     Capture       Launch     
        Clock Edge:+     900            0     
       Src Latency:+       0            0     
       Net Latency:+       0 (I)        0 (I) 
           Arrival:=     900            0     
                                              
             Setup:-     618                  
       Uncertainty:-      50                  
     Required Time:=     232                  
      Launch Clock:-       0                  
         Data Path:-    4032                  
             Slack:=   -3800                  

#-------------------------------------------------------------------------------------------------------------------------
#                  Timing Point                   Flags   Arc   Edge   Cell     Fanout  Load Trans Delay Arrival Instance 
#                                                                                       (fF)  (ps)  (ps)   (ps)  Location 
#-------------------------------------------------------------------------------------------------------------------------
  u_core_u_meas_ctrl_state_q_reg[2]/C             -       -     R     (arrival)   1208     -     0     0       0    (-,-) 
  u_core_u_meas_ctrl_state_q_reg[2]/Q             -       C->Q  F     DFRRHDX1       3  58.0   471  1323    1323    (-,-) 
  g199282/Q                                       -       B->Q  R     NO2I1HDX4      3  63.7   432   516    1839    (-,-) 
  g196565/Q                                       -       A->Q  R     AND2HDX4       6  61.0   210   560    2399    (-,-) 
  g178756_dup/Q                                   -       A->Q  R     AND2HDX2       1  57.8   308   499    2898    (-,-) 
  fopt252836/Q                                    -       A->Q  R     BUHDX12        7 303.5   257   399    3297    (-,-) 
  fopt252840/Q                                    -       A->Q  R     BUHDX12       31 398.6   326   436    3732    (-,-) 
  g266467/Q                                       -       A->Q  F     ON22HDX1       1  11.2   230   299    4032    (-,-) 
  u_core_u_ctx_bank_ctx_nfast_packed_reg[1][33]/D -       -     F     DFRHDX1        1     -     -     0    4032    (-,-) 
#-------------------------------------------------------------------------------------------------------------------------



Path 147: VIOLATED (-3799 ps) Setup Check with Pin u_core_u_ctx_bank_ctx_nfast_packed_reg[1][412]/C->D
           View: wc_view
          Group: clk_osc_fast
     Startpoint: (R) u_core_u_meas_ctrl_state_q_reg[2]/C
          Clock: (R) clk_osc_fast
       Endpoint: (F) u_core_u_ctx_bank_ctx_nfast_packed_reg[1][412]/D
          Clock: (R) clk_osc_fast

                     Capture       Launch     
        Clock Edge:+     900            0     
       Src Latency:+       0            0     
       Net Latency:+       0 (I)        0 (I) 
           Arrival:=     900            0     
                                              
             Setup:-     618                  
       Uncertainty:-      50                  
     Required Time:=     232                  
      Launch Clock:-       0                  
         Data Path:-    4032                  
             Slack:=   -3799                  

#--------------------------------------------------------------------------------------------------------------------------
#                  Timing Point                    Flags   Arc   Edge   Cell     Fanout  Load Trans Delay Arrival Instance 
#                                                                                        (fF)  (ps)  (ps)   (ps)  Location 
#--------------------------------------------------------------------------------------------------------------------------
  u_core_u_meas_ctrl_state_q_reg[2]/C              -       -     R     (arrival)   1208     -     0     0       0    (-,-) 
  u_core_u_meas_ctrl_state_q_reg[2]/Q              -       C->Q  F     DFRRHDX1       3  58.0   471  1323    1323    (-,-) 
  g199282/Q                                        -       B->Q  R     NO2I1HDX4      3  63.7   432   516    1839    (-,-) 
  g196565/Q                                        -       A->Q  R     AND2HDX4       6  61.0   210   560    2399    (-,-) 
  g178756_dup/Q                                    -       A->Q  R     AND2HDX2       1  57.8   308   499    2898    (-,-) 
  fopt252836/Q                                     -       A->Q  R     BUHDX12        7 303.5   257   399    3297    (-,-) 
  fopt252840/Q                                     -       A->Q  R     BUHDX12       31 398.6   326   436    3732    (-,-) 
  g252852/Q                                        -       A->Q  F     ON22HDX1       1  11.2   228   299    4032    (-,-) 
  u_core_u_ctx_bank_ctx_nfast_packed_reg[1][412]/D -       -     F     DFRHDX1        1     -     -     0    4032    (-,-) 
#--------------------------------------------------------------------------------------------------------------------------



Path 148: VIOLATED (-3799 ps) Setup Check with Pin u_core_u_ctx_bank_ctx_nfast_packed_reg[1][277]/C->D
           View: wc_view
          Group: clk_osc_fast
     Startpoint: (R) u_core_u_meas_ctrl_state_q_reg[2]/C
          Clock: (R) clk_osc_fast
       Endpoint: (F) u_core_u_ctx_bank_ctx_nfast_packed_reg[1][277]/D
          Clock: (R) clk_osc_fast

                     Capture       Launch     
        Clock Edge:+     900            0     
       Src Latency:+       0            0     
       Net Latency:+       0 (I)        0 (I) 
           Arrival:=     900            0     
                                              
             Setup:-     618                  
       Uncertainty:-      50                  
     Required Time:=     232                  
      Launch Clock:-       0                  
         Data Path:-    4032                  
             Slack:=   -3799                  

#--------------------------------------------------------------------------------------------------------------------------
#                  Timing Point                    Flags   Arc   Edge   Cell     Fanout  Load Trans Delay Arrival Instance 
#                                                                                        (fF)  (ps)  (ps)   (ps)  Location 
#--------------------------------------------------------------------------------------------------------------------------
  u_core_u_meas_ctrl_state_q_reg[2]/C              -       -     R     (arrival)   1208     -     0     0       0    (-,-) 
  u_core_u_meas_ctrl_state_q_reg[2]/Q              -       C->Q  F     DFRRHDX1       3  58.0   471  1323    1323    (-,-) 
  g199282/Q                                        -       B->Q  R     NO2I1HDX4      3  63.7   432   516    1839    (-,-) 
  g196565/Q                                        -       A->Q  R     AND2HDX4       6  61.0   210   560    2399    (-,-) 
  g178756_dup/Q                                    -       A->Q  R     AND2HDX2       1  57.8   308   499    2898    (-,-) 
  fopt252836/Q                                     -       A->Q  R     BUHDX12        7 303.5   257   399    3297    (-,-) 
  fopt252840/Q                                     -       A->Q  R     BUHDX12       31 398.6   326   436    3732    (-,-) 
  g252855/Q                                        -       A->Q  F     ON22HDX1       1  11.2   228   299    4032    (-,-) 
  u_core_u_ctx_bank_ctx_nfast_packed_reg[1][277]/D -       -     F     DFRHDX1        1     -     -     0    4032    (-,-) 
#--------------------------------------------------------------------------------------------------------------------------



Path 149: VIOLATED (-3799 ps) Setup Check with Pin u_core_u_ctx_bank_ctx_nfast_packed_reg[1][146]/C->D
           View: wc_view
          Group: clk_osc_fast
     Startpoint: (R) u_core_u_meas_ctrl_state_q_reg[2]/C
          Clock: (R) clk_osc_fast
       Endpoint: (F) u_core_u_ctx_bank_ctx_nfast_packed_reg[1][146]/D
          Clock: (R) clk_osc_fast

                     Capture       Launch     
        Clock Edge:+     900            0     
       Src Latency:+       0            0     
       Net Latency:+       0 (I)        0 (I) 
           Arrival:=     900            0     
                                              
             Setup:-     618                  
       Uncertainty:-      50                  
     Required Time:=     232                  
      Launch Clock:-       0                  
         Data Path:-    4032                  
             Slack:=   -3799                  

#--------------------------------------------------------------------------------------------------------------------------
#                  Timing Point                    Flags   Arc   Edge   Cell     Fanout  Load Trans Delay Arrival Instance 
#                                                                                        (fF)  (ps)  (ps)   (ps)  Location 
#--------------------------------------------------------------------------------------------------------------------------
  u_core_u_meas_ctrl_state_q_reg[2]/C              -       -     R     (arrival)   1208     -     0     0       0    (-,-) 
  u_core_u_meas_ctrl_state_q_reg[2]/Q              -       C->Q  F     DFRRHDX1       3  58.0   471  1323    1323    (-,-) 
  g199282/Q                                        -       B->Q  R     NO2I1HDX4      3  63.7   432   516    1839    (-,-) 
  g196565/Q                                        -       A->Q  R     AND2HDX4       6  61.0   210   560    2399    (-,-) 
  g178756_dup/Q                                    -       A->Q  R     AND2HDX2       1  57.8   308   499    2898    (-,-) 
  fopt252836/Q                                     -       A->Q  R     BUHDX12        7 303.5   257   399    3297    (-,-) 
  fopt252840/Q                                     -       A->Q  R     BUHDX12       31 398.6   326   436    3732    (-,-) 
  g279636/Q                                        -       A->Q  F     ON22HDX1       1  11.2   228   299    4032    (-,-) 
  u_core_u_ctx_bank_ctx_nfast_packed_reg[1][146]/D -       -     F     DFRHDX1        1     -     -     0    4032    (-,-) 
#--------------------------------------------------------------------------------------------------------------------------



Path 150: VIOLATED (-3799 ps) Setup Check with Pin u_core_u_ctx_bank_ctx_nfast_packed_reg[1][93]/C->D
           View: wc_view
          Group: clk_osc_fast
     Startpoint: (R) u_core_u_meas_ctrl_state_q_reg[2]/C
          Clock: (R) clk_osc_fast
       Endpoint: (F) u_core_u_ctx_bank_ctx_nfast_packed_reg[1][93]/D
          Clock: (R) clk_osc_fast

                     Capture       Launch     
        Clock Edge:+     900            0     
       Src Latency:+       0            0     
       Net Latency:+       0 (I)        0 (I) 
           Arrival:=     900            0     
                                              
             Setup:-     618                  
       Uncertainty:-      50                  
     Required Time:=     232                  
      Launch Clock:-       0                  
         Data Path:-    4032                  
             Slack:=   -3799                  

#-------------------------------------------------------------------------------------------------------------------------
#                  Timing Point                   Flags   Arc   Edge   Cell     Fanout  Load Trans Delay Arrival Instance 
#                                                                                       (fF)  (ps)  (ps)   (ps)  Location 
#-------------------------------------------------------------------------------------------------------------------------
  u_core_u_meas_ctrl_state_q_reg[2]/C             -       -     R     (arrival)   1208     -     0     0       0    (-,-) 
  u_core_u_meas_ctrl_state_q_reg[2]/Q             -       C->Q  F     DFRRHDX1       3  58.0   471  1323    1323    (-,-) 
  g199282/Q                                       -       B->Q  R     NO2I1HDX4      3  63.7   432   516    1839    (-,-) 
  g196565/Q                                       -       A->Q  R     AND2HDX4       6  61.0   210   560    2399    (-,-) 
  g178756_dup/Q                                   -       A->Q  R     AND2HDX2       1  57.8   308   499    2898    (-,-) 
  fopt252836/Q                                    -       A->Q  R     BUHDX12        7 303.5   257   399    3297    (-,-) 
  fopt252840/Q                                    -       A->Q  R     BUHDX12       31 398.6   326   436    3732    (-,-) 
  g279666/Q                                       -       A->Q  F     ON22HDX1       1  11.2   228   299    4032    (-,-) 
  u_core_u_ctx_bank_ctx_nfast_packed_reg[1][93]/D -       -     F     DFRHDX1        1     -     -     0    4032    (-,-) 
#-------------------------------------------------------------------------------------------------------------------------



Path 151: VIOLATED (-3799 ps) Setup Check with Pin u_core_u_ctx_bank_ctx_nfast_packed_reg[1][72]/C->D
           View: wc_view
          Group: clk_osc_fast
     Startpoint: (R) u_core_u_meas_ctrl_state_q_reg[2]/C
          Clock: (R) clk_osc_fast
       Endpoint: (F) u_core_u_ctx_bank_ctx_nfast_packed_reg[1][72]/D
          Clock: (R) clk_osc_fast

                     Capture       Launch     
        Clock Edge:+     900            0     
       Src Latency:+       0            0     
       Net Latency:+       0 (I)        0 (I) 
           Arrival:=     900            0     
                                              
             Setup:-     618                  
       Uncertainty:-      50                  
     Required Time:=     232                  
      Launch Clock:-       0                  
         Data Path:-    4032                  
             Slack:=   -3799                  

#-------------------------------------------------------------------------------------------------------------------------
#                  Timing Point                   Flags   Arc   Edge   Cell     Fanout  Load Trans Delay Arrival Instance 
#                                                                                       (fF)  (ps)  (ps)   (ps)  Location 
#-------------------------------------------------------------------------------------------------------------------------
  u_core_u_meas_ctrl_state_q_reg[2]/C             -       -     R     (arrival)   1208     -     0     0       0    (-,-) 
  u_core_u_meas_ctrl_state_q_reg[2]/Q             -       C->Q  F     DFRRHDX1       3  58.0   471  1323    1323    (-,-) 
  g199282/Q                                       -       B->Q  R     NO2I1HDX4      3  63.7   432   516    1839    (-,-) 
  g196565/Q                                       -       A->Q  R     AND2HDX4       6  61.0   210   560    2399    (-,-) 
  g178756_dup/Q                                   -       A->Q  R     AND2HDX2       1  57.8   308   499    2898    (-,-) 
  fopt252836/Q                                    -       A->Q  R     BUHDX12        7 303.5   257   399    3297    (-,-) 
  fopt252840/Q                                    -       A->Q  R     BUHDX12       31 398.6   326   436    3732    (-,-) 
  g252863/Q                                       -       A->Q  F     ON22HDX1       1  11.2   228   299    4032    (-,-) 
  u_core_u_ctx_bank_ctx_nfast_packed_reg[1][72]/D -       -     F     DFRHDX1        1     -     -     0    4032    (-,-) 
#-------------------------------------------------------------------------------------------------------------------------



Path 152: VIOLATED (-3799 ps) Setup Check with Pin u_core_u_ctx_bank_ctx_nfast_packed_reg[1][71]/C->D
           View: wc_view
          Group: clk_osc_fast
     Startpoint: (R) u_core_u_meas_ctrl_state_q_reg[2]/C
          Clock: (R) clk_osc_fast
       Endpoint: (F) u_core_u_ctx_bank_ctx_nfast_packed_reg[1][71]/D
          Clock: (R) clk_osc_fast

                     Capture       Launch     
        Clock Edge:+     900            0     
       Src Latency:+       0            0     
       Net Latency:+       0 (I)        0 (I) 
           Arrival:=     900            0     
                                              
             Setup:-     618                  
       Uncertainty:-      50                  
     Required Time:=     232                  
      Launch Clock:-       0                  
         Data Path:-    4032                  
             Slack:=   -3799                  

#-------------------------------------------------------------------------------------------------------------------------
#                  Timing Point                   Flags   Arc   Edge   Cell     Fanout  Load Trans Delay Arrival Instance 
#                                                                                       (fF)  (ps)  (ps)   (ps)  Location 
#-------------------------------------------------------------------------------------------------------------------------
  u_core_u_meas_ctrl_state_q_reg[2]/C             -       -     R     (arrival)   1208     -     0     0       0    (-,-) 
  u_core_u_meas_ctrl_state_q_reg[2]/Q             -       C->Q  F     DFRRHDX1       3  58.0   471  1323    1323    (-,-) 
  g199282/Q                                       -       B->Q  R     NO2I1HDX4      3  63.7   432   516    1839    (-,-) 
  g196565/Q                                       -       A->Q  R     AND2HDX4       6  61.0   210   560    2399    (-,-) 
  g178756_dup/Q                                   -       A->Q  R     AND2HDX2       1  57.8   308   499    2898    (-,-) 
  fopt252836/Q                                    -       A->Q  R     BUHDX12        7 303.5   257   399    3297    (-,-) 
  fopt252840/Q                                    -       A->Q  R     BUHDX12       31 398.6   326   436    3732    (-,-) 
  g252851/Q                                       -       A->Q  F     ON22HDX1       1  11.2   228   299    4032    (-,-) 
  u_core_u_ctx_bank_ctx_nfast_packed_reg[1][71]/D -       -     F     DFRHDX1        1     -     -     0    4032    (-,-) 
#-------------------------------------------------------------------------------------------------------------------------



Path 153: VIOLATED (-3799 ps) Setup Check with Pin u_core_u_ctx_bank_ctx_nfast_packed_reg[1][42]/C->D
           View: wc_view
          Group: clk_osc_fast
     Startpoint: (R) u_core_u_meas_ctrl_state_q_reg[2]/C
          Clock: (R) clk_osc_fast
       Endpoint: (F) u_core_u_ctx_bank_ctx_nfast_packed_reg[1][42]/D
          Clock: (R) clk_osc_fast

                     Capture       Launch     
        Clock Edge:+     900            0     
       Src Latency:+       0            0     
       Net Latency:+       0 (I)        0 (I) 
           Arrival:=     900            0     
                                              
             Setup:-     618                  
       Uncertainty:-      50                  
     Required Time:=     232                  
      Launch Clock:-       0                  
         Data Path:-    4032                  
             Slack:=   -3799                  

#-------------------------------------------------------------------------------------------------------------------------
#                  Timing Point                   Flags   Arc   Edge   Cell     Fanout  Load Trans Delay Arrival Instance 
#                                                                                       (fF)  (ps)  (ps)   (ps)  Location 
#-------------------------------------------------------------------------------------------------------------------------
  u_core_u_meas_ctrl_state_q_reg[2]/C             -       -     R     (arrival)   1208     -     0     0       0    (-,-) 
  u_core_u_meas_ctrl_state_q_reg[2]/Q             -       C->Q  F     DFRRHDX1       3  58.0   471  1323    1323    (-,-) 
  g199282/Q                                       -       B->Q  R     NO2I1HDX4      3  63.7   432   516    1839    (-,-) 
  g196565/Q                                       -       A->Q  R     AND2HDX4       6  61.0   210   560    2399    (-,-) 
  g178756_dup/Q                                   -       A->Q  R     AND2HDX2       1  57.8   308   499    2898    (-,-) 
  fopt252836/Q                                    -       A->Q  R     BUHDX12        7 303.5   257   399    3297    (-,-) 
  fopt252840/Q                                    -       A->Q  R     BUHDX12       31 398.6   326   436    3732    (-,-) 
  g252869/Q                                       -       A->Q  F     ON22HDX1       1  11.2   228   299    4032    (-,-) 
  u_core_u_ctx_bank_ctx_nfast_packed_reg[1][42]/D -       -     F     DFRHDX1        1     -     -     0    4032    (-,-) 
#-------------------------------------------------------------------------------------------------------------------------



Path 154: VIOLATED (-3799 ps) Setup Check with Pin u_core_u_ctx_bank_ctx_nfast_packed_reg[1][379]/C->D
           View: wc_view
          Group: clk_osc_fast
     Startpoint: (R) u_core_u_meas_ctrl_state_q_reg[2]/C
          Clock: (R) clk_osc_fast
       Endpoint: (F) u_core_u_ctx_bank_ctx_nfast_packed_reg[1][379]/D
          Clock: (R) clk_osc_fast

                     Capture       Launch     
        Clock Edge:+     900            0     
       Src Latency:+       0            0     
       Net Latency:+       0 (I)        0 (I) 
           Arrival:=     900            0     
                                              
             Setup:-     618                  
       Uncertainty:-      50                  
     Required Time:=     232                  
      Launch Clock:-       0                  
         Data Path:-    4032                  
             Slack:=   -3799                  

#--------------------------------------------------------------------------------------------------------------------------
#                  Timing Point                    Flags   Arc   Edge   Cell     Fanout  Load Trans Delay Arrival Instance 
#                                                                                        (fF)  (ps)  (ps)   (ps)  Location 
#--------------------------------------------------------------------------------------------------------------------------
  u_core_u_meas_ctrl_state_q_reg[2]/C              -       -     R     (arrival)   1208     -     0     0       0    (-,-) 
  u_core_u_meas_ctrl_state_q_reg[2]/Q              -       C->Q  F     DFRRHDX1       3  58.0   471  1323    1323    (-,-) 
  g199282/Q                                        -       B->Q  R     NO2I1HDX4      3  63.7   432   516    1839    (-,-) 
  g196565/Q                                        -       A->Q  R     AND2HDX4       6  61.0   210   560    2399    (-,-) 
  g178756_dup/Q                                    -       A->Q  R     AND2HDX2       1  57.8   308   499    2898    (-,-) 
  fopt252836/Q                                     -       A->Q  R     BUHDX12        7 303.5   257   399    3297    (-,-) 
  fopt252840/Q                                     -       A->Q  R     BUHDX12       31 398.6   326   436    3732    (-,-) 
  g252854/Q                                        -       A->Q  F     ON22HDX1       1  11.2   228   299    4032    (-,-) 
  u_core_u_ctx_bank_ctx_nfast_packed_reg[1][379]/D -       -     F     DFRHDX1        1     -     -     0    4032    (-,-) 
#--------------------------------------------------------------------------------------------------------------------------



Path 155: VIOLATED (-3799 ps) Setup Check with Pin u_core_u_ctx_bank_ctx_nfast_packed_reg[1][270]/C->D
           View: wc_view
          Group: clk_osc_fast
     Startpoint: (R) u_core_u_meas_ctrl_state_q_reg[2]/C
          Clock: (R) clk_osc_fast
       Endpoint: (F) u_core_u_ctx_bank_ctx_nfast_packed_reg[1][270]/D
          Clock: (R) clk_osc_fast

                     Capture       Launch     
        Clock Edge:+     900            0     
       Src Latency:+       0            0     
       Net Latency:+       0 (I)        0 (I) 
           Arrival:=     900            0     
                                              
             Setup:-     618                  
       Uncertainty:-      50                  
     Required Time:=     232                  
      Launch Clock:-       0                  
         Data Path:-    4032                  
             Slack:=   -3799                  

#--------------------------------------------------------------------------------------------------------------------------
#                  Timing Point                    Flags   Arc   Edge   Cell     Fanout  Load Trans Delay Arrival Instance 
#                                                                                        (fF)  (ps)  (ps)   (ps)  Location 
#--------------------------------------------------------------------------------------------------------------------------
  u_core_u_meas_ctrl_state_q_reg[2]/C              -       -     R     (arrival)   1208     -     0     0       0    (-,-) 
  u_core_u_meas_ctrl_state_q_reg[2]/Q              -       C->Q  F     DFRRHDX1       3  58.0   471  1323    1323    (-,-) 
  g199282/Q                                        -       B->Q  R     NO2I1HDX4      3  63.7   432   516    1839    (-,-) 
  g196565/Q                                        -       A->Q  R     AND2HDX4       6  61.0   210   560    2399    (-,-) 
  g178756_dup/Q                                    -       A->Q  R     AND2HDX2       1  57.8   308   499    2898    (-,-) 
  fopt252836/Q                                     -       A->Q  R     BUHDX12        7 303.5   257   399    3297    (-,-) 
  fopt252840/Q                                     -       A->Q  R     BUHDX12       31 398.6   326   436    3732    (-,-) 
  g252856/Q                                        -       A->Q  F     ON22HDX1       1  11.2   228   299    4032    (-,-) 
  u_core_u_ctx_bank_ctx_nfast_packed_reg[1][270]/D -       -     F     DFRHDX1        1     -     -     0    4032    (-,-) 
#--------------------------------------------------------------------------------------------------------------------------



Path 156: VIOLATED (-3799 ps) Setup Check with Pin u_core_u_ctx_bank_ctx_nfast_packed_reg[1][184]/C->D
           View: wc_view
          Group: clk_osc_fast
     Startpoint: (R) u_core_u_meas_ctrl_state_q_reg[2]/C
          Clock: (R) clk_osc_fast
       Endpoint: (F) u_core_u_ctx_bank_ctx_nfast_packed_reg[1][184]/D
          Clock: (R) clk_osc_fast

                     Capture       Launch     
        Clock Edge:+     900            0     
       Src Latency:+       0            0     
       Net Latency:+       0 (I)        0 (I) 
           Arrival:=     900            0     
                                              
             Setup:-     618                  
       Uncertainty:-      50                  
     Required Time:=     232                  
      Launch Clock:-       0                  
         Data Path:-    4032                  
             Slack:=   -3799                  

#--------------------------------------------------------------------------------------------------------------------------
#                  Timing Point                    Flags   Arc   Edge   Cell     Fanout  Load Trans Delay Arrival Instance 
#                                                                                        (fF)  (ps)  (ps)   (ps)  Location 
#--------------------------------------------------------------------------------------------------------------------------
  u_core_u_meas_ctrl_state_q_reg[2]/C              -       -     R     (arrival)   1208     -     0     0       0    (-,-) 
  u_core_u_meas_ctrl_state_q_reg[2]/Q              -       C->Q  F     DFRRHDX1       3  58.0   471  1323    1323    (-,-) 
  g199282/Q                                        -       B->Q  R     NO2I1HDX4      3  63.7   432   516    1839    (-,-) 
  g196565/Q                                        -       A->Q  R     AND2HDX4       6  61.0   210   560    2399    (-,-) 
  g178756_dup/Q                                    -       A->Q  R     AND2HDX2       1  57.8   308   499    2898    (-,-) 
  fopt252836/Q                                     -       A->Q  R     BUHDX12        7 303.5   257   399    3297    (-,-) 
  fopt252840/Q                                     -       A->Q  R     BUHDX12       31 398.6   326   436    3732    (-,-) 
  g252858/Q                                        -       A->Q  F     ON22HDX1       1  11.2   227   299    4032    (-,-) 
  u_core_u_ctx_bank_ctx_nfast_packed_reg[1][184]/D -       -     F     DFRHDX1        1     -     -     0    4032    (-,-) 
#--------------------------------------------------------------------------------------------------------------------------



Path 157: VIOLATED (-3799 ps) Setup Check with Pin u_core_u_ctx_bank_ctx_nfast_packed_reg[1][390]/C->D
           View: wc_view
          Group: clk_osc_fast
     Startpoint: (R) u_core_u_meas_ctrl_state_q_reg[2]/C
          Clock: (R) clk_osc_fast
       Endpoint: (F) u_core_u_ctx_bank_ctx_nfast_packed_reg[1][390]/D
          Clock: (R) clk_osc_fast

                     Capture       Launch     
        Clock Edge:+     900            0     
       Src Latency:+       0            0     
       Net Latency:+       0 (I)        0 (I) 
           Arrival:=     900            0     
                                              
             Setup:-     618                  
       Uncertainty:-      50                  
     Required Time:=     232                  
      Launch Clock:-       0                  
         Data Path:-    4032                  
             Slack:=   -3799                  

#--------------------------------------------------------------------------------------------------------------------------
#                  Timing Point                    Flags   Arc   Edge   Cell     Fanout  Load Trans Delay Arrival Instance 
#                                                                                        (fF)  (ps)  (ps)   (ps)  Location 
#--------------------------------------------------------------------------------------------------------------------------
  u_core_u_meas_ctrl_state_q_reg[2]/C              -       -     R     (arrival)   1208     -     0     0       0    (-,-) 
  u_core_u_meas_ctrl_state_q_reg[2]/Q              -       C->Q  F     DFRRHDX1       3  58.0   471  1323    1323    (-,-) 
  g199282/Q                                        -       B->Q  R     NO2I1HDX4      3  63.7   432   516    1839    (-,-) 
  g196565/Q                                        -       A->Q  R     AND2HDX4       6  61.0   210   560    2399    (-,-) 
  g178756_dup/Q                                    -       A->Q  R     AND2HDX2       1  57.8   308   499    2898    (-,-) 
  fopt252836/Q                                     -       A->Q  R     BUHDX12        7 303.5   257   399    3297    (-,-) 
  fopt252840/Q                                     -       A->Q  R     BUHDX12       31 398.6   326   436    3732    (-,-) 
  g252853/Q                                        -       A->Q  F     ON22HDX1       1  11.2   227   299    4032    (-,-) 
  u_core_u_ctx_bank_ctx_nfast_packed_reg[1][390]/D -       -     F     DFRHDX1        1     -     -     0    4032    (-,-) 
#--------------------------------------------------------------------------------------------------------------------------



Path 158: VIOLATED (-3799 ps) Setup Check with Pin u_core_u_ctx_bank_ctx_nfast_packed_reg[1][132]/C->D
           View: wc_view
          Group: clk_osc_fast
     Startpoint: (R) u_core_u_meas_ctrl_state_q_reg[2]/C
          Clock: (R) clk_osc_fast
       Endpoint: (F) u_core_u_ctx_bank_ctx_nfast_packed_reg[1][132]/D
          Clock: (R) clk_osc_fast

                     Capture       Launch     
        Clock Edge:+     900            0     
       Src Latency:+       0            0     
       Net Latency:+       0 (I)        0 (I) 
           Arrival:=     900            0     
                                              
             Setup:-     618                  
       Uncertainty:-      50                  
     Required Time:=     232                  
      Launch Clock:-       0                  
         Data Path:-    4032                  
             Slack:=   -3799                  

#--------------------------------------------------------------------------------------------------------------------------
#                  Timing Point                    Flags   Arc   Edge   Cell     Fanout  Load Trans Delay Arrival Instance 
#                                                                                        (fF)  (ps)  (ps)   (ps)  Location 
#--------------------------------------------------------------------------------------------------------------------------
  u_core_u_meas_ctrl_state_q_reg[2]/C              -       -     R     (arrival)   1208     -     0     0       0    (-,-) 
  u_core_u_meas_ctrl_state_q_reg[2]/Q              -       C->Q  F     DFRRHDX1       3  58.0   471  1323    1323    (-,-) 
  g199282/Q                                        -       B->Q  R     NO2I1HDX4      3  63.7   432   516    1839    (-,-) 
  g196565/Q                                        -       A->Q  R     AND2HDX4       6  61.0   210   560    2399    (-,-) 
  g178756_dup/Q                                    -       A->Q  R     AND2HDX2       1  57.8   308   499    2898    (-,-) 
  fopt252836/Q                                     -       A->Q  R     BUHDX12        7 303.5   257   399    3297    (-,-) 
  fopt252840/Q                                     -       A->Q  R     BUHDX12       31 398.6   326   436    3732    (-,-) 
  g252860/Q                                        -       A->Q  F     ON22HDX1       1  11.2   227   299    4032    (-,-) 
  u_core_u_ctx_bank_ctx_nfast_packed_reg[1][132]/D -       -     F     DFRHDX1        1     -     -     0    4032    (-,-) 
#--------------------------------------------------------------------------------------------------------------------------



Path 159: VIOLATED (-3799 ps) Setup Check with Pin u_core_u_ctx_bank_ctx_nslow_snap_reg[1][3]/C->D
           View: wc_view
          Group: clk_osc_fast
     Startpoint: (R) u_core_u_meas_ctrl_state_q_reg[2]/C
          Clock: (R) clk_osc_fast
       Endpoint: (F) u_core_u_ctx_bank_ctx_nslow_snap_reg[1][3]/D
          Clock: (R) clk_osc_fast

                     Capture       Launch     
        Clock Edge:+     900            0     
       Src Latency:+       0            0     
       Net Latency:+       0 (I)        0 (I) 
           Arrival:=     900            0     
                                              
             Setup:-     617                  
       Uncertainty:-      50                  
     Required Time:=     233                  
      Launch Clock:-       0                  
         Data Path:-    4032                  
             Slack:=   -3799                  

#----------------------------------------------------------------------------------------------------------------------
#                Timing Point                  Flags   Arc   Edge   Cell     Fanout  Load Trans Delay Arrival Instance 
#                                                                                    (fF)  (ps)  (ps)   (ps)  Location 
#----------------------------------------------------------------------------------------------------------------------
  u_core_u_meas_ctrl_state_q_reg[2]/C          -       -     R     (arrival)   1208     -     0     0       0    (-,-) 
  u_core_u_meas_ctrl_state_q_reg[2]/Q          -       C->Q  F     DFRRHDX1       3  58.0   471  1323    1323    (-,-) 
  g199282/Q                                    -       B->Q  R     NO2I1HDX4      3  63.7   432   516    1839    (-,-) 
  g196565/Q                                    -       A->Q  R     AND2HDX4       6  61.0   210   560    2399    (-,-) 
  g178756_dup/Q                                -       A->Q  R     AND2HDX2       1  57.8   308   499    2898    (-,-) 
  fopt252836/Q                                 -       A->Q  R     BUHDX12        7 303.5   257   399    3297    (-,-) 
  fopt252840/Q                                 -       A->Q  R     BUHDX12       31 398.6   326   436    3732    (-,-) 
  g252867/Q                                    -       A->Q  F     ON22HDX1       1  11.2   226   299    4032    (-,-) 
  u_core_u_ctx_bank_ctx_nslow_snap_reg[1][3]/D -       -     F     DFRHDX1        1     -     -     0    4032    (-,-) 
#----------------------------------------------------------------------------------------------------------------------



Path 160: VIOLATED (-3799 ps) Setup Check with Pin u_core_u_ctx_bank_ctx_nslow_snap_reg[1][1]/C->D
           View: wc_view
          Group: clk_osc_fast
     Startpoint: (R) u_core_u_meas_ctrl_state_q_reg[2]/C
          Clock: (R) clk_osc_fast
       Endpoint: (F) u_core_u_ctx_bank_ctx_nslow_snap_reg[1][1]/D
          Clock: (R) clk_osc_fast

                     Capture       Launch     
        Clock Edge:+     900            0     
       Src Latency:+       0            0     
       Net Latency:+       0 (I)        0 (I) 
           Arrival:=     900            0     
                                              
             Setup:-     617                  
       Uncertainty:-      50                  
     Required Time:=     233                  
      Launch Clock:-       0                  
         Data Path:-    4032                  
             Slack:=   -3799                  

#----------------------------------------------------------------------------------------------------------------------
#                Timing Point                  Flags   Arc   Edge   Cell     Fanout  Load Trans Delay Arrival Instance 
#                                                                                    (fF)  (ps)  (ps)   (ps)  Location 
#----------------------------------------------------------------------------------------------------------------------
  u_core_u_meas_ctrl_state_q_reg[2]/C          -       -     R     (arrival)   1208     -     0     0       0    (-,-) 
  u_core_u_meas_ctrl_state_q_reg[2]/Q          -       C->Q  F     DFRRHDX1       3  58.0   471  1323    1323    (-,-) 
  g199282/Q                                    -       B->Q  R     NO2I1HDX4      3  63.7   432   516    1839    (-,-) 
  g196565/Q                                    -       A->Q  R     AND2HDX4       6  61.0   210   560    2399    (-,-) 
  g178756_dup/Q                                -       A->Q  R     AND2HDX2       1  57.8   308   499    2898    (-,-) 
  fopt252836/Q                                 -       A->Q  R     BUHDX12        7 303.5   257   399    3297    (-,-) 
  fopt252840/Q                                 -       A->Q  R     BUHDX12       31 398.6   326   436    3732    (-,-) 
  g252868/Q                                    -       A->Q  F     ON22HDX1       1  11.2   226   299    4032    (-,-) 
  u_core_u_ctx_bank_ctx_nslow_snap_reg[1][1]/D -       -     F     DFRHDX1        1     -     -     0    4032    (-,-) 
#----------------------------------------------------------------------------------------------------------------------



Path 161: VIOLATED (-3799 ps) Setup Check with Pin u_core_u_ctx_bank_ctx_nfast_packed_reg[1][265]/C->D
           View: wc_view
          Group: clk_osc_fast
     Startpoint: (R) u_core_u_meas_ctrl_state_q_reg[2]/C
          Clock: (R) clk_osc_fast
       Endpoint: (F) u_core_u_ctx_bank_ctx_nfast_packed_reg[1][265]/D
          Clock: (R) clk_osc_fast

                     Capture       Launch     
        Clock Edge:+     900            0     
       Src Latency:+       0            0     
       Net Latency:+       0 (I)        0 (I) 
           Arrival:=     900            0     
                                              
             Setup:-     617                  
       Uncertainty:-      50                  
     Required Time:=     233                  
      Launch Clock:-       0                  
         Data Path:-    4032                  
             Slack:=   -3799                  

#--------------------------------------------------------------------------------------------------------------------------
#                  Timing Point                    Flags   Arc   Edge   Cell     Fanout  Load Trans Delay Arrival Instance 
#                                                                                        (fF)  (ps)  (ps)   (ps)  Location 
#--------------------------------------------------------------------------------------------------------------------------
  u_core_u_meas_ctrl_state_q_reg[2]/C              -       -     R     (arrival)   1208     -     0     0       0    (-,-) 
  u_core_u_meas_ctrl_state_q_reg[2]/Q              -       C->Q  F     DFRRHDX1       3  58.0   471  1323    1323    (-,-) 
  g199282/Q                                        -       B->Q  R     NO2I1HDX4      3  63.7   432   516    1839    (-,-) 
  g196565/Q                                        -       A->Q  R     AND2HDX4       6  61.0   210   560    2399    (-,-) 
  g178756_dup/Q                                    -       A->Q  R     AND2HDX2       1  57.8   308   499    2898    (-,-) 
  fopt252836/Q                                     -       A->Q  R     BUHDX12        7 303.5   257   399    3297    (-,-) 
  fopt252840/Q                                     -       A->Q  R     BUHDX12       31 398.6   326   436    3732    (-,-) 
  g252857/Q                                        -       A->Q  F     ON22HDX1       1  11.2   226   299    4032    (-,-) 
  u_core_u_ctx_bank_ctx_nfast_packed_reg[1][265]/D -       -     F     DFRHDX1        1     -     -     0    4032    (-,-) 
#--------------------------------------------------------------------------------------------------------------------------



Path 162: VIOLATED (-3799 ps) Setup Check with Pin u_core_u_ctx_bank_ctx_nfast_packed_reg[1][122]/C->D
           View: wc_view
          Group: clk_osc_fast
     Startpoint: (R) u_core_u_meas_ctrl_state_q_reg[2]/C
          Clock: (R) clk_osc_fast
       Endpoint: (F) u_core_u_ctx_bank_ctx_nfast_packed_reg[1][122]/D
          Clock: (R) clk_osc_fast

                     Capture       Launch     
        Clock Edge:+     900            0     
       Src Latency:+       0            0     
       Net Latency:+       0 (I)        0 (I) 
           Arrival:=     900            0     
                                              
             Setup:-     617                  
       Uncertainty:-      50                  
     Required Time:=     233                  
      Launch Clock:-       0                  
         Data Path:-    4032                  
             Slack:=   -3799                  

#--------------------------------------------------------------------------------------------------------------------------
#                  Timing Point                    Flags   Arc   Edge   Cell     Fanout  Load Trans Delay Arrival Instance 
#                                                                                        (fF)  (ps)  (ps)   (ps)  Location 
#--------------------------------------------------------------------------------------------------------------------------
  u_core_u_meas_ctrl_state_q_reg[2]/C              -       -     R     (arrival)   1208     -     0     0       0    (-,-) 
  u_core_u_meas_ctrl_state_q_reg[2]/Q              -       C->Q  F     DFRRHDX1       3  58.0   471  1323    1323    (-,-) 
  g199282/Q                                        -       B->Q  R     NO2I1HDX4      3  63.7   432   516    1839    (-,-) 
  g196565/Q                                        -       A->Q  R     AND2HDX4       6  61.0   210   560    2399    (-,-) 
  g178756_dup/Q                                    -       A->Q  R     AND2HDX2       1  57.8   308   499    2898    (-,-) 
  fopt252836/Q                                     -       A->Q  R     BUHDX12        7 303.5   257   399    3297    (-,-) 
  fopt252840/Q                                     -       A->Q  R     BUHDX12       31 398.6   326   436    3732    (-,-) 
  g252861/Q                                        -       A->Q  F     ON22HDX1       1  11.2   226   299    4032    (-,-) 
  u_core_u_ctx_bank_ctx_nfast_packed_reg[1][122]/D -       -     F     DFRHDX1        1     -     -     0    4032    (-,-) 
#--------------------------------------------------------------------------------------------------------------------------



Path 163: VIOLATED (-3799 ps) Setup Check with Pin u_core_u_ctx_bank_ctx_hit_level_reg[1][37]/C->D
           View: wc_view
          Group: clk_osc_fast
     Startpoint: (R) u_core_u_meas_ctrl_state_q_reg[2]/C
          Clock: (R) clk_osc_fast
       Endpoint: (F) u_core_u_ctx_bank_ctx_hit_level_reg[1][37]/D
          Clock: (R) clk_osc_fast

                     Capture       Launch     
        Clock Edge:+     900            0     
       Src Latency:+       0            0     
       Net Latency:+       0 (I)        0 (I) 
           Arrival:=     900            0     
                                              
             Setup:-     617                  
       Uncertainty:-      50                  
     Required Time:=     233                  
      Launch Clock:-       0                  
         Data Path:-    4032                  
             Slack:=   -3799                  

#----------------------------------------------------------------------------------------------------------------------
#                Timing Point                  Flags   Arc   Edge   Cell     Fanout  Load Trans Delay Arrival Instance 
#                                                                                    (fF)  (ps)  (ps)   (ps)  Location 
#----------------------------------------------------------------------------------------------------------------------
  u_core_u_meas_ctrl_state_q_reg[2]/C          -       -     R     (arrival)   1208     -     0     0       0    (-,-) 
  u_core_u_meas_ctrl_state_q_reg[2]/Q          -       C->Q  F     DFRRHDX1       3  58.0   471  1323    1323    (-,-) 
  g199282/Q                                    -       B->Q  R     NO2I1HDX4      3  63.7   432   516    1839    (-,-) 
  g196565/Q                                    -       A->Q  R     AND2HDX4       6  61.0   210   560    2399    (-,-) 
  g178756_dup/Q                                -       A->Q  R     AND2HDX2       1  57.8   308   499    2898    (-,-) 
  fopt252836/Q                                 -       A->Q  R     BUHDX12        7 303.5   257   399    3297    (-,-) 
  fopt252840/Q                                 -       A->Q  R     BUHDX12       31 398.6   326   436    3732    (-,-) 
  g252866/Q                                    -       A->Q  F     ON22HDX1       1  11.2   226   299    4032    (-,-) 
  u_core_u_ctx_bank_ctx_hit_level_reg[1][37]/D -       -     F     DFRHDX1        1     -     -     0    4032    (-,-) 
#----------------------------------------------------------------------------------------------------------------------



Path 164: VIOLATED (-3796 ps) Setup Check with Pin u_core_u_ctx_bank_ctx_nfast_packed_reg[1][139]/C->D
           View: wc_view
          Group: clk_osc_fast
     Startpoint: (R) u_core_u_meas_ctrl_state_q_reg[2]/C
          Clock: (R) clk_osc_fast
       Endpoint: (R) u_core_u_ctx_bank_ctx_nfast_packed_reg[1][139]/D
          Clock: (R) clk_osc_fast

                     Capture       Launch     
        Clock Edge:+     900            0     
       Src Latency:+       0            0     
       Net Latency:+       0 (I)        0 (I) 
           Arrival:=     900            0     
                                              
             Setup:-     266                  
       Uncertainty:-      50                  
     Required Time:=     584                  
      Launch Clock:-       0                  
         Data Path:-    4379                  
             Slack:=   -3796                  

#--------------------------------------------------------------------------------------------------------------------------
#                  Timing Point                    Flags   Arc   Edge   Cell     Fanout  Load Trans Delay Arrival Instance 
#                                                                                        (fF)  (ps)  (ps)   (ps)  Location 
#--------------------------------------------------------------------------------------------------------------------------
  u_core_u_meas_ctrl_state_q_reg[2]/C              -       -     R     (arrival)   1208     -     0     0       0    (-,-) 
  u_core_u_meas_ctrl_state_q_reg[2]/Q              -       C->Q  F     DFRRHDX1       3  58.0   471  1323    1323    (-,-) 
  g199282/Q                                        -       B->Q  R     NO2I1HDX4      3  63.7   432   516    1839    (-,-) 
  g177255/Q                                        -       A->Q  F     NA3HDX2        1  42.2   386   424    2263    (-,-) 
  g245494/Q                                        -       A->Q  F     BUHDX8         5 221.3   224   508    2771    (-,-) 
  g279607/Q                                        -       A->Q  F     BUHDX8        34 418.1   378   572    3342    (-,-) 
  g201585/Q                                        -       A->Q  F     BUHDX12       32 373.7   252   528    3870    (-,-) 
  g198795/Q                                        -       D->Q  R     ON22HDX1       1  11.1   522   509    4379    (-,-) 
  u_core_u_ctx_bank_ctx_nfast_packed_reg[1][139]/D -       -     R     DFRHDX1        1     -     -     0    4379    (-,-) 
#--------------------------------------------------------------------------------------------------------------------------



Path 165: VIOLATED (-3794 ps) Setup Check with Pin u_core_u_ctx_bank_ctx_nfast_packed_reg[1][367]/C->D
           View: wc_view
          Group: clk_osc_fast
     Startpoint: (R) u_core_u_meas_ctrl_state_q_reg[2]/C
          Clock: (R) clk_osc_fast
       Endpoint: (R) u_core_u_ctx_bank_ctx_nfast_packed_reg[1][367]/D
          Clock: (R) clk_osc_fast

                     Capture       Launch     
        Clock Edge:+     900            0     
       Src Latency:+       0            0     
       Net Latency:+       0 (I)        0 (I) 
           Arrival:=     900            0     
                                              
             Setup:-     267                  
       Uncertainty:-      50                  
     Required Time:=     583                  
      Launch Clock:-       0                  
         Data Path:-    4377                  
             Slack:=   -3794                  

#--------------------------------------------------------------------------------------------------------------------------
#                  Timing Point                    Flags   Arc   Edge   Cell     Fanout  Load Trans Delay Arrival Instance 
#                                                                                        (fF)  (ps)  (ps)   (ps)  Location 
#--------------------------------------------------------------------------------------------------------------------------
  u_core_u_meas_ctrl_state_q_reg[2]/C              -       -     R     (arrival)   1208     -     0     0       0    (-,-) 
  u_core_u_meas_ctrl_state_q_reg[2]/Q              -       C->Q  F     DFRRHDX1       3  58.0   471  1323    1323    (-,-) 
  g199282/Q                                        -       B->Q  R     NO2I1HDX4      3  63.7   432   516    1839    (-,-) 
  g177255/Q                                        -       A->Q  F     NA3HDX2        1  42.2   386   424    2263    (-,-) 
  g245494/Q                                        -       A->Q  F     BUHDX8         5 221.3   224   508    2771    (-,-) 
  g279607/Q                                        -       A->Q  F     BUHDX8        34 418.1   378   572    3342    (-,-) 
  g279630/Q                                        -       A->Q  F     BUHDX12       33 370.5   250   526    3869    (-,-) 
  g279659/Q                                        -       D->Q  R     ON22HDX1       1  11.1   524   508    4377    (-,-) 
  u_core_u_ctx_bank_ctx_nfast_packed_reg[1][367]/D -       -     R     DFRHDX1        1     -     -     0    4377    (-,-) 
#--------------------------------------------------------------------------------------------------------------------------



Path 166: VIOLATED (-3794 ps) Setup Check with Pin u_core_u_ctx_bank_ctx_hit_level_reg[1][35]/C->D
           View: wc_view
          Group: clk_osc_fast
     Startpoint: (R) u_core_u_meas_ctrl_state_q_reg[2]/C
          Clock: (R) clk_osc_fast
       Endpoint: (R) u_core_u_ctx_bank_ctx_hit_level_reg[1][35]/D
          Clock: (R) clk_osc_fast

                     Capture       Launch     
        Clock Edge:+     900            0     
       Src Latency:+       0            0     
       Net Latency:+       0 (I)        0 (I) 
           Arrival:=     900            0     
                                              
             Setup:-     267                  
       Uncertainty:-      50                  
     Required Time:=     583                  
      Launch Clock:-       0                  
         Data Path:-    4377                  
             Slack:=   -3794                  

#----------------------------------------------------------------------------------------------------------------------
#                Timing Point                  Flags   Arc   Edge   Cell     Fanout  Load Trans Delay Arrival Instance 
#                                                                                    (fF)  (ps)  (ps)   (ps)  Location 
#----------------------------------------------------------------------------------------------------------------------
  u_core_u_meas_ctrl_state_q_reg[2]/C          -       -     R     (arrival)   1208     -     0     0       0    (-,-) 
  u_core_u_meas_ctrl_state_q_reg[2]/Q          -       C->Q  F     DFRRHDX1       3  58.0   471  1323    1323    (-,-) 
  g199282/Q                                    -       B->Q  R     NO2I1HDX4      3  63.7   432   516    1839    (-,-) 
  g177255/Q                                    -       A->Q  F     NA3HDX2        1  42.2   386   424    2263    (-,-) 
  g245494/Q                                    -       A->Q  F     BUHDX8         5 221.3   224   508    2771    (-,-) 
  g279607/Q                                    -       A->Q  F     BUHDX8        34 418.1   378   572    3342    (-,-) 
  g279630/Q                                    -       A->Q  F     BUHDX12       33 370.5   250   526    3869    (-,-) 
  g279649/Q                                    -       D->Q  R     ON22HDX1       1  11.1   524   508    4377    (-,-) 
  u_core_u_ctx_bank_ctx_hit_level_reg[1][35]/D -       -     R     DFRHDX1        1     -     -     0    4377    (-,-) 
#----------------------------------------------------------------------------------------------------------------------



Path 167: VIOLATED (-3793 ps) Setup Check with Pin u_core_u_ctx_bank_ctx_nfast_packed_reg[1][133]/C->D
           View: wc_view
          Group: clk_osc_fast
     Startpoint: (R) u_core_u_meas_ctrl_state_q_reg[2]/C
          Clock: (R) clk_osc_fast
       Endpoint: (R) u_core_u_ctx_bank_ctx_nfast_packed_reg[1][133]/D
          Clock: (R) clk_osc_fast

                     Capture       Launch     
        Clock Edge:+     900            0     
       Src Latency:+       0            0     
       Net Latency:+       0 (I)        0 (I) 
           Arrival:=     900            0     
                                              
             Setup:-     267                  
       Uncertainty:-      50                  
     Required Time:=     583                  
      Launch Clock:-       0                  
         Data Path:-    4376                  
             Slack:=   -3793                  

#--------------------------------------------------------------------------------------------------------------------------
#                  Timing Point                    Flags   Arc   Edge   Cell     Fanout  Load Trans Delay Arrival Instance 
#                                                                                        (fF)  (ps)  (ps)   (ps)  Location 
#--------------------------------------------------------------------------------------------------------------------------
  u_core_u_meas_ctrl_state_q_reg[2]/C              -       -     R     (arrival)   1208     -     0     0       0    (-,-) 
  u_core_u_meas_ctrl_state_q_reg[2]/Q              -       C->Q  F     DFRRHDX1       3  58.0   471  1323    1323    (-,-) 
  g199282/Q                                        -       B->Q  R     NO2I1HDX4      3  63.7   432   516    1839    (-,-) 
  g177255/Q                                        -       A->Q  F     NA3HDX2        1  42.2   386   424    2263    (-,-) 
  g245494/Q                                        -       A->Q  F     BUHDX8         5 221.3   224   508    2771    (-,-) 
  g162824/Q                                        -       A->Q  F     BUHDX8        34 418.1   378   572    3342    (-,-) 
  g162859/Q                                        -       A->Q  F     BUHDX12       32 369.5   249   526    3868    (-,-) 
  g198828/Q                                        -       D->Q  R     ON22HDX1       1  11.1   527   508    4376    (-,-) 
  u_core_u_ctx_bank_ctx_nfast_packed_reg[1][133]/D -       -     R     DFRHDX1        1     -     -     0    4376    (-,-) 
#--------------------------------------------------------------------------------------------------------------------------



Path 168: VIOLATED (-3793 ps) Setup Check with Pin u_core_u_ctx_bank_ctx_nfast_packed_reg[1][356]/C->D
           View: wc_view
          Group: clk_osc_fast
     Startpoint: (R) u_core_u_meas_ctrl_state_q_reg[2]/C
          Clock: (R) clk_osc_fast
       Endpoint: (R) u_core_u_ctx_bank_ctx_nfast_packed_reg[1][356]/D
          Clock: (R) clk_osc_fast

                     Capture       Launch     
        Clock Edge:+     900            0     
       Src Latency:+       0            0     
       Net Latency:+       0 (I)        0 (I) 
           Arrival:=     900            0     
                                              
             Setup:-     268                  
       Uncertainty:-      50                  
     Required Time:=     582                  
      Launch Clock:-       0                  
         Data Path:-    4375                  
             Slack:=   -3793                  

#--------------------------------------------------------------------------------------------------------------------------
#                  Timing Point                    Flags   Arc   Edge   Cell     Fanout  Load Trans Delay Arrival Instance 
#                                                                                        (fF)  (ps)  (ps)   (ps)  Location 
#--------------------------------------------------------------------------------------------------------------------------
  u_core_u_meas_ctrl_state_q_reg[2]/C              -       -     R     (arrival)   1208     -     0     0       0    (-,-) 
  u_core_u_meas_ctrl_state_q_reg[2]/Q              -       C->Q  F     DFRRHDX1       3  58.0   471  1323    1323    (-,-) 
  g199282/Q                                        -       B->Q  R     NO2I1HDX4      3  63.7   432   516    1839    (-,-) 
  g177255/Q                                        -       A->Q  F     NA3HDX2        1  42.2   386   424    2263    (-,-) 
  g245494/Q                                        -       A->Q  F     BUHDX8         5 221.3   224   508    2771    (-,-) 
  g162824/Q                                        -       A->Q  F     BUHDX8        34 418.1   378   572    3342    (-,-) 
  g162858/Q                                        -       A->Q  F     BUHDX12       32 367.7   248   525    3867    (-,-) 
  g198365/Q                                        -       D->Q  R     ON22HDX1       1  11.1   522   508    4375    (-,-) 
  u_core_u_ctx_bank_ctx_nfast_packed_reg[1][356]/D -       -     R     DFRHDX0        1     -     -     0    4375    (-,-) 
#--------------------------------------------------------------------------------------------------------------------------



Path 169: VIOLATED (-3792 ps) Setup Check with Pin u_core_u_ctx_bank_ctx_nfast_packed_reg[1][55]/C->D
           View: wc_view
          Group: clk_osc_fast
     Startpoint: (R) u_core_u_meas_ctrl_state_q_reg[2]/C
          Clock: (R) clk_osc_fast
       Endpoint: (R) u_core_u_ctx_bank_ctx_nfast_packed_reg[1][55]/D
          Clock: (R) clk_osc_fast

                     Capture       Launch     
        Clock Edge:+     900            0     
       Src Latency:+       0            0     
       Net Latency:+       0 (I)        0 (I) 
           Arrival:=     900            0     
                                              
             Setup:-     267                  
       Uncertainty:-      50                  
     Required Time:=     583                  
      Launch Clock:-       0                  
         Data Path:-    4375                  
             Slack:=   -3792                  

#-------------------------------------------------------------------------------------------------------------------------
#                  Timing Point                   Flags   Arc   Edge   Cell     Fanout  Load Trans Delay Arrival Instance 
#                                                                                       (fF)  (ps)  (ps)   (ps)  Location 
#-------------------------------------------------------------------------------------------------------------------------
  u_core_u_meas_ctrl_state_q_reg[2]/C             -       -     R     (arrival)   1208     -     0     0       0    (-,-) 
  u_core_u_meas_ctrl_state_q_reg[2]/Q             -       C->Q  F     DFRRHDX1       3  58.0   471  1323    1323    (-,-) 
  g199282/Q                                       -       B->Q  R     NO2I1HDX4      3  63.7   432   516    1839    (-,-) 
  g177255/Q                                       -       A->Q  F     NA3HDX2        1  42.2   386   424    2263    (-,-) 
  g245494/Q                                       -       A->Q  F     BUHDX8         5 221.3   224   508    2771    (-,-) 
  g162824/Q                                       -       A->Q  F     BUHDX8        34 418.1   378   572    3342    (-,-) 
  g162858/Q                                       -       A->Q  F     BUHDX12       32 367.7   248   525    3867    (-,-) 
  g193756/Q                                       -       D->Q  R     ON22HDX1       1  11.1   524   508    4375    (-,-) 
  u_core_u_ctx_bank_ctx_nfast_packed_reg[1][55]/D -       -     R     DFRHDX1        1     -     -     0    4375    (-,-) 
#-------------------------------------------------------------------------------------------------------------------------



Path 170: VIOLATED (-3792 ps) Setup Check with Pin u_core_u_ctx_bank_ctx_nfast_packed_reg[1][54]/C->D
           View: wc_view
          Group: clk_osc_fast
     Startpoint: (R) u_core_u_meas_ctrl_state_q_reg[2]/C
          Clock: (R) clk_osc_fast
       Endpoint: (R) u_core_u_ctx_bank_ctx_nfast_packed_reg[1][54]/D
          Clock: (R) clk_osc_fast

                     Capture       Launch     
        Clock Edge:+     900            0     
       Src Latency:+       0            0     
       Net Latency:+       0 (I)        0 (I) 
           Arrival:=     900            0     
                                              
             Setup:-     267                  
       Uncertainty:-      50                  
     Required Time:=     583                  
      Launch Clock:-       0                  
         Data Path:-    4375                  
             Slack:=   -3792                  

#-------------------------------------------------------------------------------------------------------------------------
#                  Timing Point                   Flags   Arc   Edge   Cell     Fanout  Load Trans Delay Arrival Instance 
#                                                                                       (fF)  (ps)  (ps)   (ps)  Location 
#-------------------------------------------------------------------------------------------------------------------------
  u_core_u_meas_ctrl_state_q_reg[2]/C             -       -     R     (arrival)   1208     -     0     0       0    (-,-) 
  u_core_u_meas_ctrl_state_q_reg[2]/Q             -       C->Q  F     DFRRHDX1       3  58.0   471  1323    1323    (-,-) 
  g199282/Q                                       -       B->Q  R     NO2I1HDX4      3  63.7   432   516    1839    (-,-) 
  g177255/Q                                       -       A->Q  F     NA3HDX2        1  42.2   386   424    2263    (-,-) 
  g245494/Q                                       -       A->Q  F     BUHDX8         5 221.3   224   508    2771    (-,-) 
  g162824/Q                                       -       A->Q  F     BUHDX8        34 418.1   378   572    3342    (-,-) 
  g162858/Q                                       -       A->Q  F     BUHDX12       32 367.7   248   525    3867    (-,-) 
  g193788/Q                                       -       D->Q  R     ON22HDX1       1  11.1   524   508    4375    (-,-) 
  u_core_u_ctx_bank_ctx_nfast_packed_reg[1][54]/D -       -     R     DFRHDX1        1     -     -     0    4375    (-,-) 
#-------------------------------------------------------------------------------------------------------------------------



Path 171: VIOLATED (-3789 ps) Setup Check with Pin u_core_u_ctx_bank_ctx_nfast_packed_reg[1][326]/C->D
           View: wc_view
          Group: clk_osc_fast
     Startpoint: (R) u_core_u_meas_ctrl_state_q_reg[2]/C
          Clock: (R) clk_osc_fast
       Endpoint: (R) u_core_u_ctx_bank_ctx_nfast_packed_reg[1][326]/D
          Clock: (R) clk_osc_fast

                     Capture       Launch     
        Clock Edge:+     900            0     
       Src Latency:+       0            0     
       Net Latency:+       0 (I)        0 (I) 
           Arrival:=     900            0     
                                              
             Setup:-     267                  
       Uncertainty:-      50                  
     Required Time:=     583                  
      Launch Clock:-       0                  
         Data Path:-    4372                  
             Slack:=   -3789                  

#--------------------------------------------------------------------------------------------------------------------------
#                  Timing Point                    Flags   Arc   Edge   Cell     Fanout  Load Trans Delay Arrival Instance 
#                                                                                        (fF)  (ps)  (ps)   (ps)  Location 
#--------------------------------------------------------------------------------------------------------------------------
  u_core_u_meas_ctrl_state_q_reg[2]/C              -       -     R     (arrival)   1208     -     0     0       0    (-,-) 
  u_core_u_meas_ctrl_state_q_reg[2]/Q              -       C->Q  F     DFRRHDX1       3  58.0   471  1323    1323    (-,-) 
  g199282/Q                                        -       B->Q  R     NO2I1HDX4      3  63.7   432   516    1839    (-,-) 
  g177255/Q                                        -       A->Q  F     NA3HDX2        1  42.2   386   424    2263    (-,-) 
  g245494/Q                                        -       A->Q  F     BUHDX8         5 221.3   224   508    2771    (-,-) 
  g162824/Q                                        -       A->Q  F     BUHDX8        34 418.1   378   572    3342    (-,-) 
  g201628/Q                                        -       A->Q  F     BUHDX12       32 363.2   246   523    3866    (-,-) 
  g198839/Q                                        -       D->Q  R     ON22HDX1       1  11.1   527   507    4372    (-,-) 
  u_core_u_ctx_bank_ctx_nfast_packed_reg[1][326]/D -       -     R     DFRHDX1        1     -     -     0    4372    (-,-) 
#--------------------------------------------------------------------------------------------------------------------------



Path 172: VIOLATED (-3789 ps) Setup Check with Pin u_core_u_ctx_bank_ctx_nfast_packed_reg[1][103]/C->D
           View: wc_view
          Group: clk_osc_fast
     Startpoint: (R) u_core_u_meas_ctrl_state_q_reg[2]/C
          Clock: (R) clk_osc_fast
       Endpoint: (R) u_core_u_ctx_bank_ctx_nfast_packed_reg[1][103]/D
          Clock: (R) clk_osc_fast

                     Capture       Launch     
        Clock Edge:+     900            0     
       Src Latency:+       0            0     
       Net Latency:+       0 (I)        0 (I) 
           Arrival:=     900            0     
                                              
             Setup:-     267                  
       Uncertainty:-      50                  
     Required Time:=     583                  
      Launch Clock:-       0                  
         Data Path:-    4372                  
             Slack:=   -3789                  

#--------------------------------------------------------------------------------------------------------------------------
#                  Timing Point                    Flags   Arc   Edge   Cell     Fanout  Load Trans Delay Arrival Instance 
#                                                                                        (fF)  (ps)  (ps)   (ps)  Location 
#--------------------------------------------------------------------------------------------------------------------------
  u_core_u_meas_ctrl_state_q_reg[2]/C              -       -     R     (arrival)   1208     -     0     0       0    (-,-) 
  u_core_u_meas_ctrl_state_q_reg[2]/Q              -       C->Q  F     DFRRHDX1       3  58.0   471  1323    1323    (-,-) 
  g199282/Q                                        -       B->Q  R     NO2I1HDX4      3  63.7   432   516    1839    (-,-) 
  g177255/Q                                        -       A->Q  F     NA3HDX2        1  42.2   386   424    2263    (-,-) 
  g245494/Q                                        -       A->Q  F     BUHDX8         5 221.3   224   508    2771    (-,-) 
  g162824/Q                                        -       A->Q  F     BUHDX8        34 418.1   378   572    3342    (-,-) 
  g201628/Q                                        -       A->Q  F     BUHDX12       32 363.2   246   523    3866    (-,-) 
  g198363/Q                                        -       D->Q  R     ON22HDX1       1  11.1   524   507    4372    (-,-) 
  u_core_u_ctx_bank_ctx_nfast_packed_reg[1][103]/D -       -     R     DFRHDX1        1     -     -     0    4372    (-,-) 
#--------------------------------------------------------------------------------------------------------------------------



Path 173: VIOLATED (-3789 ps) Setup Check with Pin u_core_u_ctx_bank_ctx_nfast_packed_reg[1][304]/C->D
           View: wc_view
          Group: clk_osc_fast
     Startpoint: (R) u_core_u_meas_ctrl_state_q_reg[2]/C
          Clock: (R) clk_osc_fast
       Endpoint: (R) u_core_u_ctx_bank_ctx_nfast_packed_reg[1][304]/D
          Clock: (R) clk_osc_fast

                     Capture       Launch     
        Clock Edge:+     900            0     
       Src Latency:+       0            0     
       Net Latency:+       0 (I)        0 (I) 
           Arrival:=     900            0     
                                              
             Setup:-     266                  
       Uncertainty:-      50                  
     Required Time:=     584                  
      Launch Clock:-       0                  
         Data Path:-    4372                  
             Slack:=   -3789                  

#--------------------------------------------------------------------------------------------------------------------------
#                  Timing Point                    Flags   Arc   Edge   Cell     Fanout  Load Trans Delay Arrival Instance 
#                                                                                        (fF)  (ps)  (ps)   (ps)  Location 
#--------------------------------------------------------------------------------------------------------------------------
  u_core_u_meas_ctrl_state_q_reg[2]/C              -       -     R     (arrival)   1208     -     0     0       0    (-,-) 
  u_core_u_meas_ctrl_state_q_reg[2]/Q              -       C->Q  F     DFRRHDX1       3  58.0   471  1323    1323    (-,-) 
  g199282/Q                                        -       B->Q  R     NO2I1HDX4      3  63.7   432   516    1839    (-,-) 
  g177255/Q                                        -       A->Q  F     NA3HDX2        1  42.2   386   424    2263    (-,-) 
  g245494/Q                                        -       A->Q  F     BUHDX8         5 221.3   224   508    2771    (-,-) 
  g162824/Q                                        -       A->Q  F     BUHDX8        34 418.1   378   572    3342    (-,-) 
  g201628/Q                                        -       A->Q  F     BUHDX12       32 363.2   246   523    3866    (-,-) 
  g198396/Q                                        -       D->Q  R     ON22HDX1       1  11.1   522   507    4372    (-,-) 
  u_core_u_ctx_bank_ctx_nfast_packed_reg[1][304]/D -       -     R     DFRHDX1        1     -     -     0    4372    (-,-) 
#--------------------------------------------------------------------------------------------------------------------------



Path 174: VIOLATED (-3785 ps) Setup Check with Pin u_core_u_ctx_bank_ctx_hit_level_reg[1][44]/C->D
           View: wc_view
          Group: clk_osc_fast
     Startpoint: (R) u_core_u_meas_ctrl_state_q_reg[1]/C
          Clock: (R) clk_osc_fast
       Endpoint: (F) u_core_u_ctx_bank_ctx_hit_level_reg[1][44]/D
          Clock: (R) clk_osc_fast

                     Capture       Launch     
        Clock Edge:+     900            0     
       Src Latency:+       0            0     
       Net Latency:+       0 (I)        0 (I) 
           Arrival:=     900            0     
                                              
             Setup:-     612                  
       Uncertainty:-      50                  
     Required Time:=     238                  
      Launch Clock:-       0                  
         Data Path:-    4023                  
             Slack:=   -3785                  

#----------------------------------------------------------------------------------------------------------------------
#                Timing Point                  Flags   Arc   Edge   Cell     Fanout  Load Trans Delay Arrival Instance 
#                                                                                    (fF)  (ps)  (ps)   (ps)  Location 
#----------------------------------------------------------------------------------------------------------------------
  u_core_u_meas_ctrl_state_q_reg[1]/C          -       -     R     (arrival)   1208     -     0     0       0    (-,-) 
  u_core_u_meas_ctrl_state_q_reg[1]/Q          -       C->Q  F     DFRRHDX1       3  33.9   364  1181    1181    (-,-) 
  g199282/Q                                    -       AN->Q F     NO2I1HDX4      3  63.7   220   572    1753    (-,-) 
  g177255/Q                                    -       A->Q  R     NA3HDX2        1  41.0   450   406    2159    (-,-) 
  g245494/Q                                    -       A->Q  R     BUHDX8         5 214.4   271   441    2599    (-,-) 
  g265054/Q                                    -       A->Q  R     BUHDX6         7 219.3   354   462    3061    (-,-) 
  g265063/Q                                    -       A->Q  R     BUHDX3         6  74.7   254   404    3465    (-,-) 
  g265086/Q                                    -       AN->Q R     NA2I1HDX2      1  14.2   210   323    3788    (-,-) 
  g138492/Q                                    -       C->Q  F     ON21HDX1       1  11.2   206   235    4023    (-,-) 
  u_core_u_ctx_bank_ctx_hit_level_reg[1][44]/D -       -     F     DFRHDX1        1     -     -     0    4023    (-,-) 
#----------------------------------------------------------------------------------------------------------------------



Path 175: VIOLATED (-3779 ps) Setup Check with Pin u_core_u_ctx_bank_ctx_nfast_packed_reg[1][230]/C->D
           View: wc_view
          Group: clk_osc_fast
     Startpoint: (R) u_core_u_meas_ctrl_state_q_reg[2]/C
          Clock: (R) clk_osc_fast
       Endpoint: (F) u_core_u_ctx_bank_ctx_nfast_packed_reg[1][230]/D
          Clock: (R) clk_osc_fast

                     Capture       Launch     
        Clock Edge:+     900            0     
       Src Latency:+       0            0     
       Net Latency:+       0 (I)        0 (I) 
           Arrival:=     900            0     
                                              
             Setup:-     610                  
       Uncertainty:-      50                  
     Required Time:=     240                  
      Launch Clock:-       0                  
         Data Path:-    4019                  
             Slack:=   -3779                  

#--------------------------------------------------------------------------------------------------------------------------
#                  Timing Point                    Flags   Arc   Edge   Cell     Fanout  Load Trans Delay Arrival Instance 
#                                                                                        (fF)  (ps)  (ps)   (ps)  Location 
#--------------------------------------------------------------------------------------------------------------------------
  u_core_u_meas_ctrl_state_q_reg[2]/C              -       -     R     (arrival)   1208     -     0     0       0    (-,-) 
  u_core_u_meas_ctrl_state_q_reg[2]/Q              -       C->Q  F     DFRRHDX1       3  58.0   471  1323    1323    (-,-) 
  g199282/Q                                        -       B->Q  R     NO2I1HDX4      3  63.7   432   516    1839    (-,-) 
  g196565/Q                                        -       A->Q  R     AND2HDX4       6  61.0   210   560    2399    (-,-) 
  g178756_dup/Q                                    -       A->Q  R     AND2HDX2       1  57.8   308   499    2898    (-,-) 
  fopt252836/Q                                     -       A->Q  R     BUHDX12        7 303.5   257   399    3297    (-,-) 
  fopt201109/Q                                     -       A->Q  R     BUHDX6        17 207.1   337   444    3740    (-,-) 
  g201123/Q                                        -       B->Q  F     ON21HDX1       1  11.2   201   279    4019    (-,-) 
  u_core_u_ctx_bank_ctx_nfast_packed_reg[1][230]/D -       -     F     DFRHDX1        1     -     -     0    4019    (-,-) 
#--------------------------------------------------------------------------------------------------------------------------



Path 176: VIOLATED (-3777 ps) Setup Check with Pin u_core_u_ctx_bank_ctx_nfast_packed_reg[1][336]/C->D
           View: wc_view
          Group: clk_osc_fast
     Startpoint: (R) u_core_u_meas_ctrl_state_q_reg[2]/C
          Clock: (R) clk_osc_fast
       Endpoint: (F) u_core_u_ctx_bank_ctx_nfast_packed_reg[1][336]/D
          Clock: (R) clk_osc_fast

                     Capture       Launch     
        Clock Edge:+     900            0     
       Src Latency:+       0            0     
       Net Latency:+       0 (I)        0 (I) 
           Arrival:=     900            0     
                                              
             Setup:-     624                  
       Uncertainty:-      50                  
     Required Time:=     226                  
      Launch Clock:-       0                  
         Data Path:-    4002                  
             Slack:=   -3777                  

#--------------------------------------------------------------------------------------------------------------------------
#                  Timing Point                    Flags   Arc   Edge   Cell     Fanout  Load Trans Delay Arrival Instance 
#                                                                                        (fF)  (ps)  (ps)   (ps)  Location 
#--------------------------------------------------------------------------------------------------------------------------
  u_core_u_meas_ctrl_state_q_reg[2]/C              -       -     R     (arrival)   1208     -     0     0       0    (-,-) 
  u_core_u_meas_ctrl_state_q_reg[2]/Q              -       C->Q  F     DFRRHDX1       3  58.0   471  1323    1323    (-,-) 
  g199282/Q                                        -       B->Q  R     NO2I1HDX4      3  63.7   432   516    1839    (-,-) 
  g196565/Q                                        -       A->Q  R     AND2HDX4       6  61.0   210   560    2399    (-,-) 
  g178756_dup/Q                                    -       A->Q  R     AND2HDX2       1  57.8   308   499    2898    (-,-) 
  fopt252836/Q                                     -       A->Q  R     BUHDX12        7 303.5   257   399    3297    (-,-) 
  fopt180229/Q                                     -       A->Q  R     BUHDX6        16 194.8   319   431    3727    (-,-) 
  g180243/Q                                        -       B->Q  F     ON21HDX1       1  11.2   189   275    4002    (-,-) 
  u_core_u_ctx_bank_ctx_nfast_packed_reg[1][336]/D -       -     F     DFRHDX0        1     -     -     0    4002    (-,-) 
#--------------------------------------------------------------------------------------------------------------------------



Path 177: VIOLATED (-3777 ps) Setup Check with Pin u_core_u_ctx_bank_ctx_nfast_packed_reg[1][302]/C->D
           View: wc_view
          Group: clk_osc_fast
     Startpoint: (R) u_core_u_meas_ctrl_state_q_reg[2]/C
          Clock: (R) clk_osc_fast
       Endpoint: (R) u_core_u_ctx_bank_ctx_nfast_packed_reg[1][302]/D
          Clock: (R) clk_osc_fast

                     Capture       Launch     
        Clock Edge:+     900            0     
       Src Latency:+       0            0     
       Net Latency:+       0 (I)        0 (I) 
           Arrival:=     900            0     
                                              
             Setup:-     268                  
       Uncertainty:-      50                  
     Required Time:=     582                  
      Launch Clock:-       0                  
         Data Path:-    4358                  
             Slack:=   -3777                  

#--------------------------------------------------------------------------------------------------------------------------
#                  Timing Point                    Flags   Arc   Edge   Cell     Fanout  Load Trans Delay Arrival Instance 
#                                                                                        (fF)  (ps)  (ps)   (ps)  Location 
#--------------------------------------------------------------------------------------------------------------------------
  u_core_u_meas_ctrl_state_q_reg[2]/C              -       -     R     (arrival)   1208     -     0     0       0    (-,-) 
  u_core_u_meas_ctrl_state_q_reg[2]/Q              -       C->Q  F     DFRRHDX1       3  58.0   471  1323    1323    (-,-) 
  g199282/Q                                        -       B->Q  R     NO2I1HDX4      3  63.7   432   516    1839    (-,-) 
  g177255/Q                                        -       A->Q  F     NA3HDX2        1  42.2   386   424    2263    (-,-) 
  g245494/Q                                        -       A->Q  F     BUHDX8         5 221.3   224   508    2771    (-,-) 
  g279607/Q                                        -       A->Q  F     BUHDX8        34 418.1   378   572    3342    (-,-) 
  g162786/Q                                        -       A->Q  F     BUHDX12       32 375.1   252   528    3871    (-,-) 
  g193672/Q                                        -       C->Q  R     ON22HDX1       1  11.1   526   487    4358    (-,-) 
  u_core_u_ctx_bank_ctx_nfast_packed_reg[1][302]/D -       -     R     DFRHDX0        1     -     -     0    4358    (-,-) 
#--------------------------------------------------------------------------------------------------------------------------



Path 178: VIOLATED (-3777 ps) Setup Check with Pin u_core_u_ctx_bank_ctx_nfast_packed_reg[1][274]/C->D
           View: wc_view
          Group: clk_osc_fast
     Startpoint: (R) u_core_u_meas_ctrl_state_q_reg[2]/C
          Clock: (R) clk_osc_fast
       Endpoint: (R) u_core_u_ctx_bank_ctx_nfast_packed_reg[1][274]/D
          Clock: (R) clk_osc_fast

                     Capture       Launch     
        Clock Edge:+     900            0     
       Src Latency:+       0            0     
       Net Latency:+       0 (I)        0 (I) 
           Arrival:=     900            0     
                                              
             Setup:-     268                  
       Uncertainty:-      50                  
     Required Time:=     582                  
      Launch Clock:-       0                  
         Data Path:-    4358                  
             Slack:=   -3777                  

#--------------------------------------------------------------------------------------------------------------------------
#                  Timing Point                    Flags   Arc   Edge   Cell     Fanout  Load Trans Delay Arrival Instance 
#                                                                                        (fF)  (ps)  (ps)   (ps)  Location 
#--------------------------------------------------------------------------------------------------------------------------
  u_core_u_meas_ctrl_state_q_reg[2]/C              -       -     R     (arrival)   1208     -     0     0       0    (-,-) 
  u_core_u_meas_ctrl_state_q_reg[2]/Q              -       C->Q  F     DFRRHDX1       3  58.0   471  1323    1323    (-,-) 
  g199282/Q                                        -       B->Q  R     NO2I1HDX4      3  63.7   432   516    1839    (-,-) 
  g177255/Q                                        -       A->Q  F     NA3HDX2        1  42.2   386   424    2263    (-,-) 
  g245494/Q                                        -       A->Q  F     BUHDX8         5 221.3   224   508    2771    (-,-) 
  g279607/Q                                        -       A->Q  F     BUHDX8        34 418.1   378   572    3342    (-,-) 
  g162786/Q                                        -       A->Q  F     BUHDX12       32 375.1   252   528    3871    (-,-) 
  g198395/Q                                        -       C->Q  R     ON22HDX1       1  11.1   526   487    4358    (-,-) 
  u_core_u_ctx_bank_ctx_nfast_packed_reg[1][274]/D -       -     R     DFRHDX0        1     -     -     0    4358    (-,-) 
#--------------------------------------------------------------------------------------------------------------------------



Path 179: VIOLATED (-3777 ps) Setup Check with Pin u_core_u_ctx_bank_ctx_nfast_packed_reg[1][272]/C->D
           View: wc_view
          Group: clk_osc_fast
     Startpoint: (R) u_core_u_meas_ctrl_state_q_reg[2]/C
          Clock: (R) clk_osc_fast
       Endpoint: (R) u_core_u_ctx_bank_ctx_nfast_packed_reg[1][272]/D
          Clock: (R) clk_osc_fast

                     Capture       Launch     
        Clock Edge:+     900            0     
       Src Latency:+       0            0     
       Net Latency:+       0 (I)        0 (I) 
           Arrival:=     900            0     
                                              
             Setup:-     268                  
       Uncertainty:-      50                  
     Required Time:=     582                  
      Launch Clock:-       0                  
         Data Path:-    4358                  
             Slack:=   -3777                  

#--------------------------------------------------------------------------------------------------------------------------
#                  Timing Point                    Flags   Arc   Edge   Cell     Fanout  Load Trans Delay Arrival Instance 
#                                                                                        (fF)  (ps)  (ps)   (ps)  Location 
#--------------------------------------------------------------------------------------------------------------------------
  u_core_u_meas_ctrl_state_q_reg[2]/C              -       -     R     (arrival)   1208     -     0     0       0    (-,-) 
  u_core_u_meas_ctrl_state_q_reg[2]/Q              -       C->Q  F     DFRRHDX1       3  58.0   471  1323    1323    (-,-) 
  g199282/Q                                        -       B->Q  R     NO2I1HDX4      3  63.7   432   516    1839    (-,-) 
  g177255/Q                                        -       A->Q  F     NA3HDX2        1  42.2   386   424    2263    (-,-) 
  g245494/Q                                        -       A->Q  F     BUHDX8         5 221.3   224   508    2771    (-,-) 
  g279607/Q                                        -       A->Q  F     BUHDX8        34 418.1   378   572    3342    (-,-) 
  g162786/Q                                        -       A->Q  F     BUHDX12       32 375.1   252   528    3871    (-,-) 
  g193669/Q                                        -       C->Q  R     ON22HDX1       1  11.1   526   487    4358    (-,-) 
  u_core_u_ctx_bank_ctx_nfast_packed_reg[1][272]/D -       -     R     DFRHDX0        1     -     -     0    4358    (-,-) 
#--------------------------------------------------------------------------------------------------------------------------



Path 180: VIOLATED (-3777 ps) Setup Check with Pin u_core_u_ctx_bank_ctx_nfast_packed_reg[1][266]/C->D
           View: wc_view
          Group: clk_osc_fast
     Startpoint: (R) u_core_u_meas_ctrl_state_q_reg[2]/C
          Clock: (R) clk_osc_fast
       Endpoint: (R) u_core_u_ctx_bank_ctx_nfast_packed_reg[1][266]/D
          Clock: (R) clk_osc_fast

                     Capture       Launch     
        Clock Edge:+     900            0     
       Src Latency:+       0            0     
       Net Latency:+       0 (I)        0 (I) 
           Arrival:=     900            0     
                                              
             Setup:-     268                  
       Uncertainty:-      50                  
     Required Time:=     582                  
      Launch Clock:-       0                  
         Data Path:-    4358                  
             Slack:=   -3777                  

#--------------------------------------------------------------------------------------------------------------------------
#                  Timing Point                    Flags   Arc   Edge   Cell     Fanout  Load Trans Delay Arrival Instance 
#                                                                                        (fF)  (ps)  (ps)   (ps)  Location 
#--------------------------------------------------------------------------------------------------------------------------
  u_core_u_meas_ctrl_state_q_reg[2]/C              -       -     R     (arrival)   1208     -     0     0       0    (-,-) 
  u_core_u_meas_ctrl_state_q_reg[2]/Q              -       C->Q  F     DFRRHDX1       3  58.0   471  1323    1323    (-,-) 
  g199282/Q                                        -       B->Q  R     NO2I1HDX4      3  63.7   432   516    1839    (-,-) 
  g177255/Q                                        -       A->Q  F     NA3HDX2        1  42.2   386   424    2263    (-,-) 
  g245494/Q                                        -       A->Q  F     BUHDX8         5 221.3   224   508    2771    (-,-) 
  g279607/Q                                        -       A->Q  F     BUHDX8        34 418.1   378   572    3342    (-,-) 
  g162786/Q                                        -       A->Q  F     BUHDX12       32 375.1   252   528    3871    (-,-) 
  g198369/Q                                        -       C->Q  R     ON22HDX1       1  11.1   526   487    4358    (-,-) 
  u_core_u_ctx_bank_ctx_nfast_packed_reg[1][266]/D -       -     R     DFRHDX0        1     -     -     0    4358    (-,-) 
#--------------------------------------------------------------------------------------------------------------------------



Path 181: VIOLATED (-3777 ps) Setup Check with Pin u_core_u_ctx_bank_ctx_nfast_packed_reg[1][249]/C->D
           View: wc_view
          Group: clk_osc_fast
     Startpoint: (R) u_core_u_meas_ctrl_state_q_reg[2]/C
          Clock: (R) clk_osc_fast
       Endpoint: (R) u_core_u_ctx_bank_ctx_nfast_packed_reg[1][249]/D
          Clock: (R) clk_osc_fast

                     Capture       Launch     
        Clock Edge:+     900            0     
       Src Latency:+       0            0     
       Net Latency:+       0 (I)        0 (I) 
           Arrival:=     900            0     
                                              
             Setup:-     268                  
       Uncertainty:-      50                  
     Required Time:=     582                  
      Launch Clock:-       0                  
         Data Path:-    4358                  
             Slack:=   -3777                  

#--------------------------------------------------------------------------------------------------------------------------
#                  Timing Point                    Flags   Arc   Edge   Cell     Fanout  Load Trans Delay Arrival Instance 
#                                                                                        (fF)  (ps)  (ps)   (ps)  Location 
#--------------------------------------------------------------------------------------------------------------------------
  u_core_u_meas_ctrl_state_q_reg[2]/C              -       -     R     (arrival)   1208     -     0     0       0    (-,-) 
  u_core_u_meas_ctrl_state_q_reg[2]/Q              -       C->Q  F     DFRRHDX1       3  58.0   471  1323    1323    (-,-) 
  g199282/Q                                        -       B->Q  R     NO2I1HDX4      3  63.7   432   516    1839    (-,-) 
  g177255/Q                                        -       A->Q  F     NA3HDX2        1  42.2   386   424    2263    (-,-) 
  g245494/Q                                        -       A->Q  F     BUHDX8         5 221.3   224   508    2771    (-,-) 
  g279607/Q                                        -       A->Q  F     BUHDX8        34 418.1   378   572    3342    (-,-) 
  g162786/Q                                        -       A->Q  F     BUHDX12       32 375.1   252   528    3871    (-,-) 
  g193714/Q                                        -       C->Q  R     ON22HDX1       1  11.1   526   487    4358    (-,-) 
  u_core_u_ctx_bank_ctx_nfast_packed_reg[1][249]/D -       -     R     DFRHDX0        1     -     -     0    4358    (-,-) 
#--------------------------------------------------------------------------------------------------------------------------



Path 182: VIOLATED (-3777 ps) Setup Check with Pin u_core_u_ctx_bank_ctx_nfast_packed_reg[1][223]/C->D
           View: wc_view
          Group: clk_osc_fast
     Startpoint: (R) u_core_u_meas_ctrl_state_q_reg[2]/C
          Clock: (R) clk_osc_fast
       Endpoint: (R) u_core_u_ctx_bank_ctx_nfast_packed_reg[1][223]/D
          Clock: (R) clk_osc_fast

                     Capture       Launch     
        Clock Edge:+     900            0     
       Src Latency:+       0            0     
       Net Latency:+       0 (I)        0 (I) 
           Arrival:=     900            0     
                                              
             Setup:-     268                  
       Uncertainty:-      50                  
     Required Time:=     582                  
      Launch Clock:-       0                  
         Data Path:-    4358                  
             Slack:=   -3777                  

#--------------------------------------------------------------------------------------------------------------------------
#                  Timing Point                    Flags   Arc   Edge   Cell     Fanout  Load Trans Delay Arrival Instance 
#                                                                                        (fF)  (ps)  (ps)   (ps)  Location 
#--------------------------------------------------------------------------------------------------------------------------
  u_core_u_meas_ctrl_state_q_reg[2]/C              -       -     R     (arrival)   1208     -     0     0       0    (-,-) 
  u_core_u_meas_ctrl_state_q_reg[2]/Q              -       C->Q  F     DFRRHDX1       3  58.0   471  1323    1323    (-,-) 
  g199282/Q                                        -       B->Q  R     NO2I1HDX4      3  63.7   432   516    1839    (-,-) 
  g177255/Q                                        -       A->Q  F     NA3HDX2        1  42.2   386   424    2263    (-,-) 
  g245494/Q                                        -       A->Q  F     BUHDX8         5 221.3   224   508    2771    (-,-) 
  g279607/Q                                        -       A->Q  F     BUHDX8        34 418.1   378   572    3342    (-,-) 
  g162786/Q                                        -       A->Q  F     BUHDX12       32 375.1   252   528    3871    (-,-) 
  g193723/Q                                        -       C->Q  R     ON22HDX1       1  11.1   526   487    4358    (-,-) 
  u_core_u_ctx_bank_ctx_nfast_packed_reg[1][223]/D -       -     R     DFRHDX0        1     -     -     0    4358    (-,-) 
#--------------------------------------------------------------------------------------------------------------------------



Path 183: VIOLATED (-3777 ps) Setup Check with Pin u_core_u_ctx_bank_ctx_nfast_packed_reg[1][210]/C->D
           View: wc_view
          Group: clk_osc_fast
     Startpoint: (R) u_core_u_meas_ctrl_state_q_reg[2]/C
          Clock: (R) clk_osc_fast
       Endpoint: (R) u_core_u_ctx_bank_ctx_nfast_packed_reg[1][210]/D
          Clock: (R) clk_osc_fast

                     Capture       Launch     
        Clock Edge:+     900            0     
       Src Latency:+       0            0     
       Net Latency:+       0 (I)        0 (I) 
           Arrival:=     900            0     
                                              
             Setup:-     268                  
       Uncertainty:-      50                  
     Required Time:=     582                  
      Launch Clock:-       0                  
         Data Path:-    4358                  
             Slack:=   -3777                  

#--------------------------------------------------------------------------------------------------------------------------
#                  Timing Point                    Flags   Arc   Edge   Cell     Fanout  Load Trans Delay Arrival Instance 
#                                                                                        (fF)  (ps)  (ps)   (ps)  Location 
#--------------------------------------------------------------------------------------------------------------------------
  u_core_u_meas_ctrl_state_q_reg[2]/C              -       -     R     (arrival)   1208     -     0     0       0    (-,-) 
  u_core_u_meas_ctrl_state_q_reg[2]/Q              -       C->Q  F     DFRRHDX1       3  58.0   471  1323    1323    (-,-) 
  g199282/Q                                        -       B->Q  R     NO2I1HDX4      3  63.7   432   516    1839    (-,-) 
  g177255/Q                                        -       A->Q  F     NA3HDX2        1  42.2   386   424    2263    (-,-) 
  g245494/Q                                        -       A->Q  F     BUHDX8         5 221.3   224   508    2771    (-,-) 
  g279607/Q                                        -       A->Q  F     BUHDX8        34 418.1   378   572    3342    (-,-) 
  g162786/Q                                        -       A->Q  F     BUHDX12       32 375.1   252   528    3871    (-,-) 
  g193731/Q                                        -       C->Q  R     ON22HDX1       1  11.1   526   487    4358    (-,-) 
  u_core_u_ctx_bank_ctx_nfast_packed_reg[1][210]/D -       -     R     DFRHDX0        1     -     -     0    4358    (-,-) 
#--------------------------------------------------------------------------------------------------------------------------



Path 184: VIOLATED (-3777 ps) Setup Check with Pin u_core_u_ctx_bank_ctx_nfast_packed_reg[1][187]/C->D
           View: wc_view
          Group: clk_osc_fast
     Startpoint: (R) u_core_u_meas_ctrl_state_q_reg[2]/C
          Clock: (R) clk_osc_fast
       Endpoint: (R) u_core_u_ctx_bank_ctx_nfast_packed_reg[1][187]/D
          Clock: (R) clk_osc_fast

                     Capture       Launch     
        Clock Edge:+     900            0     
       Src Latency:+       0            0     
       Net Latency:+       0 (I)        0 (I) 
           Arrival:=     900            0     
                                              
             Setup:-     268                  
       Uncertainty:-      50                  
     Required Time:=     582                  
      Launch Clock:-       0                  
         Data Path:-    4358                  
             Slack:=   -3777                  

#--------------------------------------------------------------------------------------------------------------------------
#                  Timing Point                    Flags   Arc   Edge   Cell     Fanout  Load Trans Delay Arrival Instance 
#                                                                                        (fF)  (ps)  (ps)   (ps)  Location 
#--------------------------------------------------------------------------------------------------------------------------
  u_core_u_meas_ctrl_state_q_reg[2]/C              -       -     R     (arrival)   1208     -     0     0       0    (-,-) 
  u_core_u_meas_ctrl_state_q_reg[2]/Q              -       C->Q  F     DFRRHDX1       3  58.0   471  1323    1323    (-,-) 
  g199282/Q                                        -       B->Q  R     NO2I1HDX4      3  63.7   432   516    1839    (-,-) 
  g177255/Q                                        -       A->Q  F     NA3HDX2        1  42.2   386   424    2263    (-,-) 
  g245494/Q                                        -       A->Q  F     BUHDX8         5 221.3   224   508    2771    (-,-) 
  g279607/Q                                        -       A->Q  F     BUHDX8        34 418.1   378   572    3342    (-,-) 
  g162786/Q                                        -       A->Q  F     BUHDX12       32 375.1   252   528    3871    (-,-) 
  g193753/Q                                        -       C->Q  R     ON22HDX1       1  11.1   526   487    4358    (-,-) 
  u_core_u_ctx_bank_ctx_nfast_packed_reg[1][187]/D -       -     R     DFRHDX0        1     -     -     0    4358    (-,-) 
#--------------------------------------------------------------------------------------------------------------------------



Path 185: VIOLATED (-3777 ps) Setup Check with Pin u_core_u_ctx_bank_ctx_nfast_packed_reg[1][167]/C->D
           View: wc_view
          Group: clk_osc_fast
     Startpoint: (R) u_core_u_meas_ctrl_state_q_reg[2]/C
          Clock: (R) clk_osc_fast
       Endpoint: (R) u_core_u_ctx_bank_ctx_nfast_packed_reg[1][167]/D
          Clock: (R) clk_osc_fast

                     Capture       Launch     
        Clock Edge:+     900            0     
       Src Latency:+       0            0     
       Net Latency:+       0 (I)        0 (I) 
           Arrival:=     900            0     
                                              
             Setup:-     268                  
       Uncertainty:-      50                  
     Required Time:=     582                  
      Launch Clock:-       0                  
         Data Path:-    4358                  
             Slack:=   -3777                  

#--------------------------------------------------------------------------------------------------------------------------
#                  Timing Point                    Flags   Arc   Edge   Cell     Fanout  Load Trans Delay Arrival Instance 
#                                                                                        (fF)  (ps)  (ps)   (ps)  Location 
#--------------------------------------------------------------------------------------------------------------------------
  u_core_u_meas_ctrl_state_q_reg[2]/C              -       -     R     (arrival)   1208     -     0     0       0    (-,-) 
  u_core_u_meas_ctrl_state_q_reg[2]/Q              -       C->Q  F     DFRRHDX1       3  58.0   471  1323    1323    (-,-) 
  g199282/Q                                        -       B->Q  R     NO2I1HDX4      3  63.7   432   516    1839    (-,-) 
  g177255/Q                                        -       A->Q  F     NA3HDX2        1  42.2   386   424    2263    (-,-) 
  g245494/Q                                        -       A->Q  F     BUHDX8         5 221.3   224   508    2771    (-,-) 
  g279607/Q                                        -       A->Q  F     BUHDX8        34 418.1   378   572    3342    (-,-) 
  g162786/Q                                        -       A->Q  F     BUHDX12       32 375.1   252   528    3871    (-,-) 
  g198357/Q                                        -       C->Q  R     ON22HDX1       1  11.1   526   487    4358    (-,-) 
  u_core_u_ctx_bank_ctx_nfast_packed_reg[1][167]/D -       -     R     DFRHDX0        1     -     -     0    4358    (-,-) 
#--------------------------------------------------------------------------------------------------------------------------



Path 186: VIOLATED (-3777 ps) Setup Check with Pin u_core_u_ctx_bank_ctx_nfast_packed_reg[1][138]/C->D
           View: wc_view
          Group: clk_osc_fast
     Startpoint: (R) u_core_u_meas_ctrl_state_q_reg[2]/C
          Clock: (R) clk_osc_fast
       Endpoint: (R) u_core_u_ctx_bank_ctx_nfast_packed_reg[1][138]/D
          Clock: (R) clk_osc_fast

                     Capture       Launch     
        Clock Edge:+     900            0     
       Src Latency:+       0            0     
       Net Latency:+       0 (I)        0 (I) 
           Arrival:=     900            0     
                                              
             Setup:-     268                  
       Uncertainty:-      50                  
     Required Time:=     582                  
      Launch Clock:-       0                  
         Data Path:-    4358                  
             Slack:=   -3777                  

#--------------------------------------------------------------------------------------------------------------------------
#                  Timing Point                    Flags   Arc   Edge   Cell     Fanout  Load Trans Delay Arrival Instance 
#                                                                                        (fF)  (ps)  (ps)   (ps)  Location 
#--------------------------------------------------------------------------------------------------------------------------
  u_core_u_meas_ctrl_state_q_reg[2]/C              -       -     R     (arrival)   1208     -     0     0       0    (-,-) 
  u_core_u_meas_ctrl_state_q_reg[2]/Q              -       C->Q  F     DFRRHDX1       3  58.0   471  1323    1323    (-,-) 
  g199282/Q                                        -       B->Q  R     NO2I1HDX4      3  63.7   432   516    1839    (-,-) 
  g177255/Q                                        -       A->Q  F     NA3HDX2        1  42.2   386   424    2263    (-,-) 
  g245494/Q                                        -       A->Q  F     BUHDX8         5 221.3   224   508    2771    (-,-) 
  g279607/Q                                        -       A->Q  F     BUHDX8        34 418.1   378   572    3342    (-,-) 
  g162786/Q                                        -       A->Q  F     BUHDX12       32 375.1   252   528    3871    (-,-) 
  g198796/Q                                        -       C->Q  R     ON22HDX1       1  11.1   526   487    4358    (-,-) 
  u_core_u_ctx_bank_ctx_nfast_packed_reg[1][138]/D -       -     R     DFRHDX0        1     -     -     0    4358    (-,-) 
#--------------------------------------------------------------------------------------------------------------------------



Path 187: VIOLATED (-3777 ps) Setup Check with Pin u_core_u_ctx_bank_ctx_nfast_packed_reg[1][127]/C->D
           View: wc_view
          Group: clk_osc_fast
     Startpoint: (R) u_core_u_meas_ctrl_state_q_reg[2]/C
          Clock: (R) clk_osc_fast
       Endpoint: (R) u_core_u_ctx_bank_ctx_nfast_packed_reg[1][127]/D
          Clock: (R) clk_osc_fast

                     Capture       Launch     
        Clock Edge:+     900            0     
       Src Latency:+       0            0     
       Net Latency:+       0 (I)        0 (I) 
           Arrival:=     900            0     
                                              
             Setup:-     268                  
       Uncertainty:-      50                  
     Required Time:=     582                  
      Launch Clock:-       0                  
         Data Path:-    4358                  
             Slack:=   -3777                  

#--------------------------------------------------------------------------------------------------------------------------
#                  Timing Point                    Flags   Arc   Edge   Cell     Fanout  Load Trans Delay Arrival Instance 
#                                                                                        (fF)  (ps)  (ps)   (ps)  Location 
#--------------------------------------------------------------------------------------------------------------------------
  u_core_u_meas_ctrl_state_q_reg[2]/C              -       -     R     (arrival)   1208     -     0     0       0    (-,-) 
  u_core_u_meas_ctrl_state_q_reg[2]/Q              -       C->Q  F     DFRRHDX1       3  58.0   471  1323    1323    (-,-) 
  g199282/Q                                        -       B->Q  R     NO2I1HDX4      3  63.7   432   516    1839    (-,-) 
  g177255/Q                                        -       A->Q  F     NA3HDX2        1  42.2   386   424    2263    (-,-) 
  g245494/Q                                        -       A->Q  F     BUHDX8         5 221.3   224   508    2771    (-,-) 
  g279607/Q                                        -       A->Q  F     BUHDX8        34 418.1   378   572    3342    (-,-) 
  g162786/Q                                        -       A->Q  F     BUHDX12       32 375.1   252   528    3871    (-,-) 
  g198350/Q                                        -       C->Q  R     ON22HDX1       1  11.1   526   487    4358    (-,-) 
  u_core_u_ctx_bank_ctx_nfast_packed_reg[1][127]/D -       -     R     DFRHDX0        1     -     -     0    4358    (-,-) 
#--------------------------------------------------------------------------------------------------------------------------



Path 188: VIOLATED (-3777 ps) Setup Check with Pin u_core_u_ctx_bank_ctx_nfast_packed_reg[1][107]/C->D
           View: wc_view
          Group: clk_osc_fast
     Startpoint: (R) u_core_u_meas_ctrl_state_q_reg[2]/C
          Clock: (R) clk_osc_fast
       Endpoint: (R) u_core_u_ctx_bank_ctx_nfast_packed_reg[1][107]/D
          Clock: (R) clk_osc_fast

                     Capture       Launch     
        Clock Edge:+     900            0     
       Src Latency:+       0            0     
       Net Latency:+       0 (I)        0 (I) 
           Arrival:=     900            0     
                                              
             Setup:-     268                  
       Uncertainty:-      50                  
     Required Time:=     582                  
      Launch Clock:-       0                  
         Data Path:-    4358                  
             Slack:=   -3777                  

#--------------------------------------------------------------------------------------------------------------------------
#                  Timing Point                    Flags   Arc   Edge   Cell     Fanout  Load Trans Delay Arrival Instance 
#                                                                                        (fF)  (ps)  (ps)   (ps)  Location 
#--------------------------------------------------------------------------------------------------------------------------
  u_core_u_meas_ctrl_state_q_reg[2]/C              -       -     R     (arrival)   1208     -     0     0       0    (-,-) 
  u_core_u_meas_ctrl_state_q_reg[2]/Q              -       C->Q  F     DFRRHDX1       3  58.0   471  1323    1323    (-,-) 
  g199282/Q                                        -       B->Q  R     NO2I1HDX4      3  63.7   432   516    1839    (-,-) 
  g177255/Q                                        -       A->Q  F     NA3HDX2        1  42.2   386   424    2263    (-,-) 
  g245494/Q                                        -       A->Q  F     BUHDX8         5 221.3   224   508    2771    (-,-) 
  g279607/Q                                        -       A->Q  F     BUHDX8        34 418.1   378   572    3342    (-,-) 
  g162786/Q                                        -       A->Q  F     BUHDX12       32 375.1   252   528    3871    (-,-) 
  g198352/Q                                        -       C->Q  R     ON22HDX1       1  11.1   526   487    4358    (-,-) 
  u_core_u_ctx_bank_ctx_nfast_packed_reg[1][107]/D -       -     R     DFRHDX0        1     -     -     0    4358    (-,-) 
#--------------------------------------------------------------------------------------------------------------------------



Path 189: VIOLATED (-3777 ps) Setup Check with Pin u_core_u_ctx_bank_ctx_nfast_packed_reg[1][75]/C->D
           View: wc_view
          Group: clk_osc_fast
     Startpoint: (R) u_core_u_meas_ctrl_state_q_reg[2]/C
          Clock: (R) clk_osc_fast
       Endpoint: (R) u_core_u_ctx_bank_ctx_nfast_packed_reg[1][75]/D
          Clock: (R) clk_osc_fast

                     Capture       Launch     
        Clock Edge:+     900            0     
       Src Latency:+       0            0     
       Net Latency:+       0 (I)        0 (I) 
           Arrival:=     900            0     
                                              
             Setup:-     268                  
       Uncertainty:-      50                  
     Required Time:=     582                  
      Launch Clock:-       0                  
         Data Path:-    4358                  
             Slack:=   -3777                  

#-------------------------------------------------------------------------------------------------------------------------
#                  Timing Point                   Flags   Arc   Edge   Cell     Fanout  Load Trans Delay Arrival Instance 
#                                                                                       (fF)  (ps)  (ps)   (ps)  Location 
#-------------------------------------------------------------------------------------------------------------------------
  u_core_u_meas_ctrl_state_q_reg[2]/C             -       -     R     (arrival)   1208     -     0     0       0    (-,-) 
  u_core_u_meas_ctrl_state_q_reg[2]/Q             -       C->Q  F     DFRRHDX1       3  58.0   471  1323    1323    (-,-) 
  g199282/Q                                       -       B->Q  R     NO2I1HDX4      3  63.7   432   516    1839    (-,-) 
  g177255/Q                                       -       A->Q  F     NA3HDX2        1  42.2   386   424    2263    (-,-) 
  g245494/Q                                       -       A->Q  F     BUHDX8         5 221.3   224   508    2771    (-,-) 
  g279607/Q                                       -       A->Q  F     BUHDX8        34 418.1   378   572    3342    (-,-) 
  g162786/Q                                       -       A->Q  F     BUHDX12       32 375.1   252   528    3871    (-,-) 
  g228476/Q                                       -       C->Q  R     ON22HDX1       1  11.1   526   487    4358    (-,-) 
  u_core_u_ctx_bank_ctx_nfast_packed_reg[1][75]/D -       -     R     DFRHDX0        1     -     -     0    4358    (-,-) 
#-------------------------------------------------------------------------------------------------------------------------



Path 190: VIOLATED (-3776 ps) Setup Check with Pin u_core_u_ctx_bank_ctx_nfast_packed_reg[1][225]/C->D
           View: wc_view
          Group: clk_osc_fast
     Startpoint: (R) u_core_u_meas_ctrl_state_q_reg[2]/C
          Clock: (R) clk_osc_fast
       Endpoint: (F) u_core_u_ctx_bank_ctx_nfast_packed_reg[1][225]/D
          Clock: (R) clk_osc_fast

                     Capture       Launch     
        Clock Edge:+     900            0     
       Src Latency:+       0            0     
       Net Latency:+       0 (I)        0 (I) 
           Arrival:=     900            0     
                                              
             Setup:-     610                  
       Uncertainty:-      50                  
     Required Time:=     240                  
      Launch Clock:-       0                  
         Data Path:-    4016                  
             Slack:=   -3776                  

#--------------------------------------------------------------------------------------------------------------------------
#                  Timing Point                    Flags   Arc   Edge   Cell     Fanout  Load Trans Delay Arrival Instance 
#                                                                                        (fF)  (ps)  (ps)   (ps)  Location 
#--------------------------------------------------------------------------------------------------------------------------
  u_core_u_meas_ctrl_state_q_reg[2]/C              -       -     R     (arrival)   1208     -     0     0       0    (-,-) 
  u_core_u_meas_ctrl_state_q_reg[2]/Q              -       C->Q  F     DFRRHDX1       3  58.0   471  1323    1323    (-,-) 
  g199282/Q                                        -       B->Q  R     NO2I1HDX4      3  63.7   432   516    1839    (-,-) 
  g196565/Q                                        -       A->Q  R     AND2HDX4       6  61.0   210   560    2399    (-,-) 
  g178756_dup/Q                                    -       A->Q  R     AND2HDX2       1  57.8   308   499    2898    (-,-) 
  fopt252836/Q                                     -       A->Q  R     BUHDX12        7 303.5   257   399    3297    (-,-) 
  fopt203424/Q                                     -       A->Q  R     BUHDX6        17 204.8   333   441    3738    (-,-) 
  g203425/Q                                        -       B->Q  F     ON21HDX1       1  11.2   202   278    4016    (-,-) 
  u_core_u_ctx_bank_ctx_nfast_packed_reg[1][225]/D -       -     F     DFRHDX1        1     -     -     0    4016    (-,-) 
#--------------------------------------------------------------------------------------------------------------------------



Path 191: VIOLATED (-3776 ps) Setup Check with Pin u_core_u_ctx_bank_ctx_nslow_snap_reg[1][0]/C->D
           View: wc_view
          Group: clk_osc_fast
     Startpoint: (R) u_core_u_meas_ctrl_state_q_reg[2]/C
          Clock: (R) clk_osc_fast
       Endpoint: (R) u_core_u_ctx_bank_ctx_nslow_snap_reg[1][0]/D
          Clock: (R) clk_osc_fast

                     Capture       Launch     
        Clock Edge:+     900            0     
       Src Latency:+       0            0     
       Net Latency:+       0 (I)        0 (I) 
           Arrival:=     900            0     
                                              
             Setup:-     268                  
       Uncertainty:-      50                  
     Required Time:=     582                  
      Launch Clock:-       0                  
         Data Path:-    4357                  
             Slack:=   -3776                  

#----------------------------------------------------------------------------------------------------------------------
#                Timing Point                  Flags   Arc   Edge   Cell     Fanout  Load Trans Delay Arrival Instance 
#                                                                                    (fF)  (ps)  (ps)   (ps)  Location 
#----------------------------------------------------------------------------------------------------------------------
  u_core_u_meas_ctrl_state_q_reg[2]/C          -       -     R     (arrival)   1208     -     0     0       0    (-,-) 
  u_core_u_meas_ctrl_state_q_reg[2]/Q          -       C->Q  F     DFRRHDX1       3  58.0   471  1323    1323    (-,-) 
  g199282/Q                                    -       B->Q  R     NO2I1HDX4      3  63.7   432   516    1839    (-,-) 
  g177255/Q                                    -       A->Q  F     NA3HDX2        1  42.2   386   424    2263    (-,-) 
  g245494/Q                                    -       A->Q  F     BUHDX8         5 221.3   224   508    2771    (-,-) 
  g279607/Q                                    -       A->Q  F     BUHDX8        34 418.1   378   572    3342    (-,-) 
  g201585/Q                                    -       A->Q  F     BUHDX12       32 373.7   252   528    3870    (-,-) 
  g193707/Q                                    -       C->Q  R     ON22HDX1       1  11.1   526   487    4357    (-,-) 
  u_core_u_ctx_bank_ctx_nslow_snap_reg[1][0]/D -       -     R     DFRHDX0        1     -     -     0    4357    (-,-) 
#----------------------------------------------------------------------------------------------------------------------



Path 192: VIOLATED (-3776 ps) Setup Check with Pin u_core_u_ctx_bank_ctx_nfast_packed_reg[1][444]/C->D
           View: wc_view
          Group: clk_osc_fast
     Startpoint: (R) u_core_u_meas_ctrl_state_q_reg[2]/C
          Clock: (R) clk_osc_fast
       Endpoint: (R) u_core_u_ctx_bank_ctx_nfast_packed_reg[1][444]/D
          Clock: (R) clk_osc_fast

                     Capture       Launch     
        Clock Edge:+     900            0     
       Src Latency:+       0            0     
       Net Latency:+       0 (I)        0 (I) 
           Arrival:=     900            0     
                                              
             Setup:-     268                  
       Uncertainty:-      50                  
     Required Time:=     582                  
      Launch Clock:-       0                  
         Data Path:-    4357                  
             Slack:=   -3776                  

#--------------------------------------------------------------------------------------------------------------------------
#                  Timing Point                    Flags   Arc   Edge   Cell     Fanout  Load Trans Delay Arrival Instance 
#                                                                                        (fF)  (ps)  (ps)   (ps)  Location 
#--------------------------------------------------------------------------------------------------------------------------
  u_core_u_meas_ctrl_state_q_reg[2]/C              -       -     R     (arrival)   1208     -     0     0       0    (-,-) 
  u_core_u_meas_ctrl_state_q_reg[2]/Q              -       C->Q  F     DFRRHDX1       3  58.0   471  1323    1323    (-,-) 
  g199282/Q                                        -       B->Q  R     NO2I1HDX4      3  63.7   432   516    1839    (-,-) 
  g177255/Q                                        -       A->Q  F     NA3HDX2        1  42.2   386   424    2263    (-,-) 
  g245494/Q                                        -       A->Q  F     BUHDX8         5 221.3   224   508    2771    (-,-) 
  g279607/Q                                        -       A->Q  F     BUHDX8        34 418.1   378   572    3342    (-,-) 
  g201585/Q                                        -       A->Q  F     BUHDX12       32 373.7   252   528    3870    (-,-) 
  g193705/Q                                        -       C->Q  R     ON22HDX1       1  11.1   526   487    4357    (-,-) 
  u_core_u_ctx_bank_ctx_nfast_packed_reg[1][444]/D -       -     R     DFRHDX0        1     -     -     0    4357    (-,-) 
#--------------------------------------------------------------------------------------------------------------------------



Path 193: VIOLATED (-3776 ps) Setup Check with Pin u_core_u_ctx_bank_ctx_nfast_packed_reg[1][437]/C->D
           View: wc_view
          Group: clk_osc_fast
     Startpoint: (R) u_core_u_meas_ctrl_state_q_reg[2]/C
          Clock: (R) clk_osc_fast
       Endpoint: (R) u_core_u_ctx_bank_ctx_nfast_packed_reg[1][437]/D
          Clock: (R) clk_osc_fast

                     Capture       Launch     
        Clock Edge:+     900            0     
       Src Latency:+       0            0     
       Net Latency:+       0 (I)        0 (I) 
           Arrival:=     900            0     
                                              
             Setup:-     268                  
       Uncertainty:-      50                  
     Required Time:=     582                  
      Launch Clock:-       0                  
         Data Path:-    4357                  
             Slack:=   -3776                  

#--------------------------------------------------------------------------------------------------------------------------
#                  Timing Point                    Flags   Arc   Edge   Cell     Fanout  Load Trans Delay Arrival Instance 
#                                                                                        (fF)  (ps)  (ps)   (ps)  Location 
#--------------------------------------------------------------------------------------------------------------------------
  u_core_u_meas_ctrl_state_q_reg[2]/C              -       -     R     (arrival)   1208     -     0     0       0    (-,-) 
  u_core_u_meas_ctrl_state_q_reg[2]/Q              -       C->Q  F     DFRRHDX1       3  58.0   471  1323    1323    (-,-) 
  g199282/Q                                        -       B->Q  R     NO2I1HDX4      3  63.7   432   516    1839    (-,-) 
  g177255/Q                                        -       A->Q  F     NA3HDX2        1  42.2   386   424    2263    (-,-) 
  g245494/Q                                        -       A->Q  F     BUHDX8         5 221.3   224   508    2771    (-,-) 
  g279607/Q                                        -       A->Q  F     BUHDX8        34 418.1   378   572    3342    (-,-) 
  g201585/Q                                        -       A->Q  F     BUHDX12       32 373.7   252   528    3870    (-,-) 
  g198392/Q                                        -       C->Q  R     ON22HDX1       1  11.1   526   487    4357    (-,-) 
  u_core_u_ctx_bank_ctx_nfast_packed_reg[1][437]/D -       -     R     DFRHDX0        1     -     -     0    4357    (-,-) 
#--------------------------------------------------------------------------------------------------------------------------



Path 194: VIOLATED (-3776 ps) Setup Check with Pin u_core_u_ctx_bank_ctx_nfast_packed_reg[1][358]/C->D
           View: wc_view
          Group: clk_osc_fast
     Startpoint: (R) u_core_u_meas_ctrl_state_q_reg[2]/C
          Clock: (R) clk_osc_fast
       Endpoint: (R) u_core_u_ctx_bank_ctx_nfast_packed_reg[1][358]/D
          Clock: (R) clk_osc_fast

                     Capture       Launch     
        Clock Edge:+     900            0     
       Src Latency:+       0            0     
       Net Latency:+       0 (I)        0 (I) 
           Arrival:=     900            0     
                                              
             Setup:-     268                  
       Uncertainty:-      50                  
     Required Time:=     582                  
      Launch Clock:-       0                  
         Data Path:-    4357                  
             Slack:=   -3776                  

#--------------------------------------------------------------------------------------------------------------------------
#                  Timing Point                    Flags   Arc   Edge   Cell     Fanout  Load Trans Delay Arrival Instance 
#                                                                                        (fF)  (ps)  (ps)   (ps)  Location 
#--------------------------------------------------------------------------------------------------------------------------
  u_core_u_meas_ctrl_state_q_reg[2]/C              -       -     R     (arrival)   1208     -     0     0       0    (-,-) 
  u_core_u_meas_ctrl_state_q_reg[2]/Q              -       C->Q  F     DFRRHDX1       3  58.0   471  1323    1323    (-,-) 
  g199282/Q                                        -       B->Q  R     NO2I1HDX4      3  63.7   432   516    1839    (-,-) 
  g177255/Q                                        -       A->Q  F     NA3HDX2        1  42.2   386   424    2263    (-,-) 
  g245494/Q                                        -       A->Q  F     BUHDX8         5 221.3   224   508    2771    (-,-) 
  g279607/Q                                        -       A->Q  F     BUHDX8        34 418.1   378   572    3342    (-,-) 
  g201585/Q                                        -       A->Q  F     BUHDX12       32 373.7   252   528    3870    (-,-) 
  g193688/Q                                        -       C->Q  R     ON22HDX1       1  11.1   526   487    4357    (-,-) 
  u_core_u_ctx_bank_ctx_nfast_packed_reg[1][358]/D -       -     R     DFRHDX0        1     -     -     0    4357    (-,-) 
#--------------------------------------------------------------------------------------------------------------------------



Path 195: VIOLATED (-3776 ps) Setup Check with Pin u_core_u_ctx_bank_ctx_nfast_packed_reg[1][166]/C->D
           View: wc_view
          Group: clk_osc_fast
     Startpoint: (R) u_core_u_meas_ctrl_state_q_reg[2]/C
          Clock: (R) clk_osc_fast
       Endpoint: (R) u_core_u_ctx_bank_ctx_nfast_packed_reg[1][166]/D
          Clock: (R) clk_osc_fast

                     Capture       Launch     
        Clock Edge:+     900            0     
       Src Latency:+       0            0     
       Net Latency:+       0 (I)        0 (I) 
           Arrival:=     900            0     
                                              
             Setup:-     268                  
       Uncertainty:-      50                  
     Required Time:=     582                  
      Launch Clock:-       0                  
         Data Path:-    4357                  
             Slack:=   -3776                  

#--------------------------------------------------------------------------------------------------------------------------
#                  Timing Point                    Flags   Arc   Edge   Cell     Fanout  Load Trans Delay Arrival Instance 
#                                                                                        (fF)  (ps)  (ps)   (ps)  Location 
#--------------------------------------------------------------------------------------------------------------------------
  u_core_u_meas_ctrl_state_q_reg[2]/C              -       -     R     (arrival)   1208     -     0     0       0    (-,-) 
  u_core_u_meas_ctrl_state_q_reg[2]/Q              -       C->Q  F     DFRRHDX1       3  58.0   471  1323    1323    (-,-) 
  g199282/Q                                        -       B->Q  R     NO2I1HDX4      3  63.7   432   516    1839    (-,-) 
  g177255/Q                                        -       A->Q  F     NA3HDX2        1  42.2   386   424    2263    (-,-) 
  g245494/Q                                        -       A->Q  F     BUHDX8         5 221.3   224   508    2771    (-,-) 
  g279607/Q                                        -       A->Q  F     BUHDX8        34 418.1   378   572    3342    (-,-) 
  g201585/Q                                        -       A->Q  F     BUHDX12       32 373.7   252   528    3870    (-,-) 
  g193824/Q                                        -       C->Q  R     ON22HDX1       1  11.1   526   487    4357    (-,-) 
  u_core_u_ctx_bank_ctx_nfast_packed_reg[1][166]/D -       -     R     DFRHDX0        1     -     -     0    4357    (-,-) 
#--------------------------------------------------------------------------------------------------------------------------



Path 196: VIOLATED (-3776 ps) Setup Check with Pin u_core_u_ctx_bank_ctx_nfast_packed_reg[1][164]/C->D
           View: wc_view
          Group: clk_osc_fast
     Startpoint: (R) u_core_u_meas_ctrl_state_q_reg[2]/C
          Clock: (R) clk_osc_fast
       Endpoint: (R) u_core_u_ctx_bank_ctx_nfast_packed_reg[1][164]/D
          Clock: (R) clk_osc_fast

                     Capture       Launch     
        Clock Edge:+     900            0     
       Src Latency:+       0            0     
       Net Latency:+       0 (I)        0 (I) 
           Arrival:=     900            0     
                                              
             Setup:-     268                  
       Uncertainty:-      50                  
     Required Time:=     582                  
      Launch Clock:-       0                  
         Data Path:-    4357                  
             Slack:=   -3776                  

#--------------------------------------------------------------------------------------------------------------------------
#                  Timing Point                    Flags   Arc   Edge   Cell     Fanout  Load Trans Delay Arrival Instance 
#                                                                                        (fF)  (ps)  (ps)   (ps)  Location 
#--------------------------------------------------------------------------------------------------------------------------
  u_core_u_meas_ctrl_state_q_reg[2]/C              -       -     R     (arrival)   1208     -     0     0       0    (-,-) 
  u_core_u_meas_ctrl_state_q_reg[2]/Q              -       C->Q  F     DFRRHDX1       3  58.0   471  1323    1323    (-,-) 
  g199282/Q                                        -       B->Q  R     NO2I1HDX4      3  63.7   432   516    1839    (-,-) 
  g177255/Q                                        -       A->Q  F     NA3HDX2        1  42.2   386   424    2263    (-,-) 
  g245494/Q                                        -       A->Q  F     BUHDX8         5 221.3   224   508    2771    (-,-) 
  g279607/Q                                        -       A->Q  F     BUHDX8        34 418.1   378   572    3342    (-,-) 
  g201585/Q                                        -       A->Q  F     BUHDX12       32 373.7   252   528    3870    (-,-) 
  g198381/Q                                        -       C->Q  R     ON22HDX1       1  11.1   526   487    4357    (-,-) 
  u_core_u_ctx_bank_ctx_nfast_packed_reg[1][164]/D -       -     R     DFRHDX0        1     -     -     0    4357    (-,-) 
#--------------------------------------------------------------------------------------------------------------------------



Path 197: VIOLATED (-3776 ps) Setup Check with Pin u_core_u_ctx_bank_ctx_nfast_packed_reg[1][136]/C->D
           View: wc_view
          Group: clk_osc_fast
     Startpoint: (R) u_core_u_meas_ctrl_state_q_reg[2]/C
          Clock: (R) clk_osc_fast
       Endpoint: (R) u_core_u_ctx_bank_ctx_nfast_packed_reg[1][136]/D
          Clock: (R) clk_osc_fast

                     Capture       Launch     
        Clock Edge:+     900            0     
       Src Latency:+       0            0     
       Net Latency:+       0 (I)        0 (I) 
           Arrival:=     900            0     
                                              
             Setup:-     268                  
       Uncertainty:-      50                  
     Required Time:=     582                  
      Launch Clock:-       0                  
         Data Path:-    4357                  
             Slack:=   -3776                  

#--------------------------------------------------------------------------------------------------------------------------
#                  Timing Point                    Flags   Arc   Edge   Cell     Fanout  Load Trans Delay Arrival Instance 
#                                                                                        (fF)  (ps)  (ps)   (ps)  Location 
#--------------------------------------------------------------------------------------------------------------------------
  u_core_u_meas_ctrl_state_q_reg[2]/C              -       -     R     (arrival)   1208     -     0     0       0    (-,-) 
  u_core_u_meas_ctrl_state_q_reg[2]/Q              -       C->Q  F     DFRRHDX1       3  58.0   471  1323    1323    (-,-) 
  g199282/Q                                        -       B->Q  R     NO2I1HDX4      3  63.7   432   516    1839    (-,-) 
  g177255/Q                                        -       A->Q  F     NA3HDX2        1  42.2   386   424    2263    (-,-) 
  g245494/Q                                        -       A->Q  F     BUHDX8         5 221.3   224   508    2771    (-,-) 
  g279607/Q                                        -       A->Q  F     BUHDX8        34 418.1   378   572    3342    (-,-) 
  g201585/Q                                        -       A->Q  F     BUHDX12       32 373.7   252   528    3870    (-,-) 
  g198382/Q                                        -       C->Q  R     ON22HDX1       1  11.1   526   487    4357    (-,-) 
  u_core_u_ctx_bank_ctx_nfast_packed_reg[1][136]/D -       -     R     DFRHDX0        1     -     -     0    4357    (-,-) 
#--------------------------------------------------------------------------------------------------------------------------



Path 198: VIOLATED (-3776 ps) Setup Check with Pin u_core_u_ctx_bank_ctx_nfast_packed_reg[1][98]/C->D
           View: wc_view
          Group: clk_osc_fast
     Startpoint: (R) u_core_u_meas_ctrl_state_q_reg[2]/C
          Clock: (R) clk_osc_fast
       Endpoint: (R) u_core_u_ctx_bank_ctx_nfast_packed_reg[1][98]/D
          Clock: (R) clk_osc_fast

                     Capture       Launch     
        Clock Edge:+     900            0     
       Src Latency:+       0            0     
       Net Latency:+       0 (I)        0 (I) 
           Arrival:=     900            0     
                                              
             Setup:-     268                  
       Uncertainty:-      50                  
     Required Time:=     582                  
      Launch Clock:-       0                  
         Data Path:-    4357                  
             Slack:=   -3776                  

#-------------------------------------------------------------------------------------------------------------------------
#                  Timing Point                   Flags   Arc   Edge   Cell     Fanout  Load Trans Delay Arrival Instance 
#                                                                                       (fF)  (ps)  (ps)   (ps)  Location 
#-------------------------------------------------------------------------------------------------------------------------
  u_core_u_meas_ctrl_state_q_reg[2]/C             -       -     R     (arrival)   1208     -     0     0       0    (-,-) 
  u_core_u_meas_ctrl_state_q_reg[2]/Q             -       C->Q  F     DFRRHDX1       3  58.0   471  1323    1323    (-,-) 
  g199282/Q                                       -       B->Q  R     NO2I1HDX4      3  63.7   432   516    1839    (-,-) 
  g177255/Q                                       -       A->Q  F     NA3HDX2        1  42.2   386   424    2263    (-,-) 
  g245494/Q                                       -       A->Q  F     BUHDX8         5 221.3   224   508    2771    (-,-) 
  g279607/Q                                       -       A->Q  F     BUHDX8        34 418.1   378   572    3342    (-,-) 
  g201585/Q                                       -       A->Q  F     BUHDX12       32 373.7   252   528    3870    (-,-) 
  g193716/Q                                       -       C->Q  R     ON22HDX1       1  11.1   526   487    4357    (-,-) 
  u_core_u_ctx_bank_ctx_nfast_packed_reg[1][98]/D -       -     R     DFRHDX0        1     -     -     0    4357    (-,-) 
#-------------------------------------------------------------------------------------------------------------------------



Path 199: VIOLATED (-3775 ps) Setup Check with Pin u_core_u_ctx_bank_ctx_nfast_packed_reg[1][331]/C->D
           View: wc_view
          Group: clk_osc_fast
     Startpoint: (R) u_core_u_meas_ctrl_state_q_reg[2]/C
          Clock: (R) clk_osc_fast
       Endpoint: (R) u_core_u_ctx_bank_ctx_nfast_packed_reg[1][331]/D
          Clock: (R) clk_osc_fast

                     Capture       Launch     
        Clock Edge:+     900            0     
       Src Latency:+       0            0     
       Net Latency:+       0 (I)        0 (I) 
           Arrival:=     900            0     
                                              
             Setup:-     267                  
       Uncertainty:-      50                  
     Required Time:=     583                  
      Launch Clock:-       0                  
         Data Path:-    4358                  
             Slack:=   -3775                  

#--------------------------------------------------------------------------------------------------------------------------
#                  Timing Point                    Flags   Arc   Edge   Cell     Fanout  Load Trans Delay Arrival Instance 
#                                                                                        (fF)  (ps)  (ps)   (ps)  Location 
#--------------------------------------------------------------------------------------------------------------------------
  u_core_u_meas_ctrl_state_q_reg[2]/C              -       -     R     (arrival)   1208     -     0     0       0    (-,-) 
  u_core_u_meas_ctrl_state_q_reg[2]/Q              -       C->Q  F     DFRRHDX1       3  58.0   471  1323    1323    (-,-) 
  g199282/Q                                        -       B->Q  R     NO2I1HDX4      3  63.7   432   516    1839    (-,-) 
  g177255/Q                                        -       A->Q  F     NA3HDX2        1  42.2   386   424    2263    (-,-) 
  g245494/Q                                        -       A->Q  F     BUHDX8         5 221.3   224   508    2771    (-,-) 
  g279607/Q                                        -       A->Q  F     BUHDX8        34 418.1   378   572    3342    (-,-) 
  g162786/Q                                        -       A->Q  F     BUHDX12       32 375.1   252   528    3871    (-,-) 
  g193682/Q                                        -       C->Q  R     ON22HDX1       1  11.1   526   487    4358    (-,-) 
  u_core_u_ctx_bank_ctx_nfast_packed_reg[1][331]/D -       -     R     DFRHDX1        1     -     -     0    4358    (-,-) 
#--------------------------------------------------------------------------------------------------------------------------



Path 200: VIOLATED (-3775 ps) Setup Check with Pin u_core_u_ctx_bank_ctx_nfast_packed_reg[1][101]/C->D
           View: wc_view
          Group: clk_osc_fast
     Startpoint: (R) u_core_u_meas_ctrl_state_q_reg[2]/C
          Clock: (R) clk_osc_fast
       Endpoint: (R) u_core_u_ctx_bank_ctx_nfast_packed_reg[1][101]/D
          Clock: (R) clk_osc_fast

                     Capture       Launch     
        Clock Edge:+     900            0     
       Src Latency:+       0            0     
       Net Latency:+       0 (I)        0 (I) 
           Arrival:=     900            0     
                                              
             Setup:-     267                  
       Uncertainty:-      50                  
     Required Time:=     583                  
      Launch Clock:-       0                  
         Data Path:-    4358                  
             Slack:=   -3775                  

#--------------------------------------------------------------------------------------------------------------------------
#                  Timing Point                    Flags   Arc   Edge   Cell     Fanout  Load Trans Delay Arrival Instance 
#                                                                                        (fF)  (ps)  (ps)   (ps)  Location 
#--------------------------------------------------------------------------------------------------------------------------
  u_core_u_meas_ctrl_state_q_reg[2]/C              -       -     R     (arrival)   1208     -     0     0       0    (-,-) 
  u_core_u_meas_ctrl_state_q_reg[2]/Q              -       C->Q  F     DFRRHDX1       3  58.0   471  1323    1323    (-,-) 
  g199282/Q                                        -       B->Q  R     NO2I1HDX4      3  63.7   432   516    1839    (-,-) 
  g177255/Q                                        -       A->Q  F     NA3HDX2        1  42.2   386   424    2263    (-,-) 
  g245494/Q                                        -       A->Q  F     BUHDX8         5 221.3   224   508    2771    (-,-) 
  g279607/Q                                        -       A->Q  F     BUHDX8        34 418.1   378   572    3342    (-,-) 
  g162786/Q                                        -       A->Q  F     BUHDX12       32 375.1   252   528    3871    (-,-) 
  g198832/Q                                        -       C->Q  R     ON22HDX1       1  11.1   526   487    4358    (-,-) 
  u_core_u_ctx_bank_ctx_nfast_packed_reg[1][101]/D -       -     R     DFRHDX1        1     -     -     0    4358    (-,-) 
#--------------------------------------------------------------------------------------------------------------------------


