schema_version,test_name,seed,attempt_id,event_id,label,source,stop_model,accepted,rejected,reject_reason,start_time_ps,stop_time_ps,true_dt_ps,start_phase_sys_ps,start_phase_ref_ps,ref_phase_offset_ps,max_hits,out_mode,bp_mode,start_only,expect_packet
1,stress_random,20001,0,0,r_0,0,qualified_ref,1,0,none,309375,325083,15708,3125,9458,83,1,0,random_50,0,1
1,stress_random,20001,1,1,r_1,0,qualified_ref,1,0,none,1334375,1350083,15708,3125,9458,83,1,0,random_50,0,1
1,stress_random,20001,2,2,r_2,0,qualified_ref,1,0,none,2359375,2375083,15708,3125,9458,83,1,0,random_50,0,1
1,stress_random,20001,3,3,r_3,0,qualified_ref,1,0,none,3384375,3400083,15708,3125,9458,83,1,0,random_50,0,1
1,stress_random,20001,4,4,r_4,0,qualified_ref,1,0,none,4409375,4425083,15708,3125,9458,83,1,0,random_50,0,1
1,stress_random,20001,5,5,r_5,0,qualified_ref,1,0,none,5434375,5450083,15708,3125,9458,83,1,0,random_50,0,1
1,stress_random,20001,6,6,r_6,0,qualified_ref,1,0,none,6459375,6475083,15708,3125,9458,83,1,0,random_50,0,1
1,stress_random,20001,7,7,r_7,0,qualified_ref,1,0,none,7484375,7500083,15708,3125,9458,83,1,0,random_50,0,1
1,stress_random,20001,8,8,r_8,0,qualified_ref,1,0,none,8509375,8525083,15708,3125,9458,83,1,0,random_50,0,1
1,stress_random,20001,9,9,r_9,0,qualified_ref,1,0,none,9534375,9550083,15708,3125,9458,83,1,0,random_50,0,1
1,stress_random,20001,10,10,r_10,0,qualified_ref,1,0,none,10559375,10575083,15708,3125,9458,83,1,0,random_50,0,1
1,stress_random,20001,11,11,r_11,0,qualified_ref,1,0,none,11584375,11600083,15708,3125,9458,83,1,0,random_50,0,1
1,stress_random,20001,12,12,r_12,0,qualified_ref,1,0,none,12609375,12625083,15708,3125,9458,83,1,0,random_50,0,1
1,stress_random,20001,13,13,r_13,0,qualified_ref,1,0,none,13634375,13650083,15708,3125,9458,83,1,0,random_50,0,1
1,stress_random,20001,14,14,r_14,0,qualified_ref,1,0,none,14659375,14675083,15708,3125,9458,83,1,0,random_50,0,1
1,stress_random,20001,15,15,r_15,0,qualified_ref,1,0,none,15684375,15700083,15708,3125,9458,83,1,0,random_50,0,1
1,stress_random,20001,16,16,r_16,0,qualified_ref,1,0,none,16709375,16725083,15708,3125,9458,83,1,0,random_50,0,1
1,stress_random,20001,17,17,r_17,0,qualified_ref,1,0,none,17734375,17750083,15708,3125,9458,83,1,0,random_50,0,1
1,stress_random,20001,18,18,r_18,0,qualified_ref,1,0,none,18759375,18775083,15708,3125,9458,83,1,0,random_50,0,1
1,stress_random,20001,19,19,r_19,0,qualified_ref,1,0,none,19784375,19800083,15708,3125,9458,83,1,0,random_50,0,1
1,stress_random,20001,20,20,r_20,0,qualified_ref,1,0,none,20809375,20825083,15708,3125,9458,83,1,0,random_50,0,1
1,stress_random,20001,21,21,r_21,0,qualified_ref,1,0,none,21834375,21850083,15708,3125,9458,83,1,0,random_50,0,1
1,stress_random,20001,22,22,r_22,0,qualified_ref,1,0,none,22859375,22875083,15708,3125,9458,83,1,0,random_50,0,1
1,stress_random,20001,23,23,r_23,0,qualified_ref,1,0,none,23884375,23900083,15708,3125,9458,83,1,0,random_50,0,1
1,stress_random,20001,24,24,r_24,0,qualified_ref,1,0,none,24909375,24925083,15708,3125,9458,83,1,0,random_50,0,1
1,stress_random,20001,25,25,r_25,0,qualified_ref,1,0,none,25934375,25950083,15708,3125,9458,83,1,0,random_50,0,1
1,stress_random,20001,26,26,r_26,0,qualified_ref,1,0,none,26959375,26975083,15708,3125,9458,83,1,0,random_50,0,1
1,stress_random,20001,27,27,r_27,0,qualified_ref,1,0,none,27984375,28000083,15708,3125,9458,83,1,0,random_50,0,1
1,stress_random,20001,28,28,r_28,0,qualified_ref,1,0,none,29009375,29025083,15708,3125,9458,83,1,0,random_50,0,1
1,stress_random,20001,29,29,r_29,0,qualified_ref,1,0,none,30034375,30050083,15708,3125,9458,83,1,0,random_50,0,1
1,stress_random,20001,30,30,r_30,0,qualified_ref,1,0,none,31059375,31075083,15708,3125,9458,83,1,0,random_50,0,1
1,stress_random,20001,31,31,r_31,0,qualified_ref,1,0,none,32084375,32100083,15708,3125,9458,83,1,0,random_50,0,1
1,stress_random,20001,32,32,r_32,0,qualified_ref,1,0,none,33109375,33125083,15708,3125,9458,83,1,0,random_50,0,1
1,stress_random,20001,33,33,r_33,0,qualified_ref,1,0,none,34134375,34150083,15708,3125,9458,83,1,0,random_50,0,1
1,stress_random,20001,34,34,r_34,0,qualified_ref,1,0,none,35159375,35175083,15708,3125,9458,83,1,0,random_50,0,1
1,stress_random,20001,35,35,r_35,0,qualified_ref,1,0,none,36184375,36200083,15708,3125,9458,83,1,0,random_50,0,1
1,stress_random,20001,36,36,r_36,0,qualified_ref,1,0,none,37209375,37225083,15708,3125,9458,83,1,0,random_50,0,1
1,stress_random,20001,37,37,r_37,0,qualified_ref,1,0,none,38234375,38250083,15708,3125,9458,83,1,0,random_50,0,1
1,stress_random,20001,38,38,r_38,0,qualified_ref,1,0,none,39259375,39275083,15708,3125,9458,83,1,0,random_50,0,1
1,stress_random,20001,39,39,r_39,0,qualified_ref,1,0,none,40284375,40300083,15708,3125,9458,83,1,0,random_50,0,1
1,stress_random,20001,40,40,r_40,0,qualified_ref,1,0,none,41309375,41325083,15708,3125,9458,83,1,0,random_50,0,1
1,stress_random,20001,41,41,r_41,0,qualified_ref,1,0,none,42334375,42350083,15708,3125,9458,83,1,0,random_50,0,1
1,stress_random,20001,42,42,r_42,0,qualified_ref,1,0,none,43359375,43375083,15708,3125,9458,83,1,0,random_50,0,1
1,stress_random,20001,43,43,r_43,0,qualified_ref,1,0,none,44384375,44400083,15708,3125,9458,83,1,0,random_50,0,1
1,stress_random,20001,44,44,r_44,0,qualified_ref,1,0,none,45409375,45425083,15708,3125,9458,83,1,0,random_50,0,1
1,stress_random,20001,45,45,r_45,0,qualified_ref,1,0,none,46434375,46450083,15708,3125,9458,83,1,0,random_50,0,1
1,stress_random,20001,46,46,r_46,0,qualified_ref,1,0,none,47459375,47475083,15708,3125,9458,83,1,0,random_50,0,1
1,stress_random,20001,47,47,r_47,0,qualified_ref,1,0,none,48484375,48500083,15708,3125,9458,83,1,0,random_50,0,1
1,stress_random,20001,48,48,r_48,0,qualified_ref,1,0,none,49509375,49525083,15708,3125,9458,83,1,0,random_50,0,1
1,stress_random,20001,49,49,r_49,0,qualified_ref,1,0,none,50534375,50550083,15708,3125,9458,83,1,0,random_50,0,1
1,stress_random,20001,50,50,r_50,0,qualified_ref,1,0,none,51559375,51575083,15708,3125,9458,83,1,0,random_50,0,1
1,stress_random,20001,51,51,r_51,0,qualified_ref,1,0,none,52584375,52600083,15708,3125,9458,83,1,0,random_50,0,1
1,stress_random,20001,52,52,r_52,0,qualified_ref,1,0,none,53609375,53625083,15708,3125,9458,83,1,0,random_50,0,1
1,stress_random,20001,53,53,r_53,0,qualified_ref,1,0,none,54634375,54650083,15708,3125,9458,83,1,0,random_50,0,1
1,stress_random,20001,54,54,r_54,0,qualified_ref,1,0,none,55659375,55675083,15708,3125,9458,83,1,0,random_50,0,1
1,stress_random,20001,55,55,r_55,0,qualified_ref,1,0,none,56684375,56700083,15708,3125,9458,83,1,0,random_50,0,1
1,stress_random,20001,56,56,r_56,0,qualified_ref,1,0,none,57709375,57725083,15708,3125,9458,83,1,0,random_50,0,1
1,stress_random,20001,57,57,r_57,0,qualified_ref,1,0,none,58734375,58750083,15708,3125,9458,83,1,0,random_50,0,1
1,stress_random,20001,58,58,r_58,0,qualified_ref,1,0,none,59759375,59775083,15708,3125,9458,83,1,0,random_50,0,1
1,stress_random,20001,59,59,r_59,0,qualified_ref,1,0,none,60784375,60800083,15708,3125,9458,83,1,0,random_50,0,1
1,stress_random,20001,60,60,r_60,0,qualified_ref,1,0,none,61809375,61825083,15708,3125,9458,83,1,0,random_50,0,1
1,stress_random,20001,61,61,r_61,0,qualified_ref,1,0,none,62834375,62850083,15708,3125,9458,83,1,0,random_50,0,1
1,stress_random,20001,62,62,r_62,0,qualified_ref,1,0,none,63859375,63875083,15708,3125,9458,83,1,0,random_50,0,1
1,stress_random,20001,63,63,r_63,0,qualified_ref,1,0,none,64884375,64900083,15708,3125,9458,83,1,0,random_50,0,1
1,stress_random,20001,64,64,r_64,0,qualified_ref,1,0,none,65909375,65925083,15708,3125,9458,83,1,0,random_50,0,1
1,stress_random,20001,65,65,r_65,0,qualified_ref,1,0,none,66934375,66950083,15708,3125,9458,83,1,0,random_50,0,1
1,stress_random,20001,66,66,r_66,0,qualified_ref,1,0,none,67959375,67975083,15708,3125,9458,83,1,0,random_50,0,1
1,stress_random,20001,67,67,r_67,0,qualified_ref,1,0,none,68984375,69000083,15708,3125,9458,83,1,0,random_50,0,1
1,stress_random,20001,68,68,r_68,0,qualified_ref,1,0,none,70009375,70025083,15708,3125,9458,83,1,0,random_50,0,1
1,stress_random,20001,69,69,r_69,0,qualified_ref,1,0,none,71034375,71050083,15708,3125,9458,83,1,0,random_50,0,1
1,stress_random,20001,70,70,r_70,0,qualified_ref,1,0,none,72059375,72075083,15708,3125,9458,83,1,0,random_50,0,1
1,stress_random,20001,71,71,r_71,0,qualified_ref,1,0,none,73084375,73100083,15708,3125,9458,83,1,0,random_50,0,1
1,stress_random,20001,72,72,r_72,0,qualified_ref,1,0,none,74109375,74125083,15708,3125,9458,83,1,0,random_50,0,1
1,stress_random,20001,73,73,r_73,0,qualified_ref,1,0,none,75134375,75150083,15708,3125,9458,83,1,0,random_50,0,1
1,stress_random,20001,74,74,r_74,0,qualified_ref,1,0,none,76159375,76175083,15708,3125,9458,83,1,0,random_50,0,1
1,stress_random,20001,75,75,r_75,0,qualified_ref,1,0,none,77184375,77200083,15708,3125,9458,83,1,0,random_50,0,1
1,stress_random,20001,76,76,r_76,0,qualified_ref,1,0,none,78209375,78225083,15708,3125,9458,83,1,0,random_50,0,1
1,stress_random,20001,77,77,r_77,0,qualified_ref,1,0,none,79234375,79250083,15708,3125,9458,83,1,0,random_50,0,1
1,stress_random,20001,78,78,r_78,0,qualified_ref,1,0,none,80259375,80275083,15708,3125,9458,83,1,0,random_50,0,1
1,stress_random,20001,79,79,r_79,0,qualified_ref,1,0,none,81284375,81300083,15708,3125,9458,83,1,0,random_50,0,1
1,stress_random,20001,80,80,r_80,0,qualified_ref,1,0,none,82309375,82325083,15708,3125,9458,83,1,0,random_50,0,1
1,stress_random,20001,81,81,r_81,0,qualified_ref,1,0,none,83334375,83350083,15708,3125,9458,83,1,0,random_50,0,1
1,stress_random,20001,82,82,r_82,0,qualified_ref,1,0,none,84359375,84375083,15708,3125,9458,83,1,0,random_50,0,1
1,stress_random,20001,83,83,r_83,0,qualified_ref,1,0,none,85384375,85400083,15708,3125,9458,83,1,0,random_50,0,1
1,stress_random,20001,84,84,r_84,0,qualified_ref,1,0,none,86409375,86425083,15708,3125,9458,83,1,0,random_50,0,1
1,stress_random,20001,85,85,r_85,0,qualified_ref,1,0,none,87434375,87450083,15708,3125,9458,83,1,0,random_50,0,1
1,stress_random,20001,86,86,r_86,0,qualified_ref,1,0,none,88459375,88475083,15708,3125,9458,83,1,0,random_50,0,1
1,stress_random,20001,87,87,r_87,0,qualified_ref,1,0,none,89484375,89500083,15708,3125,9458,83,1,0,random_50,0,1
1,stress_random,20001,88,88,r_88,0,qualified_ref,1,0,none,90509375,90525083,15708,3125,9458,83,1,0,random_50,0,1
1,stress_random,20001,89,89,r_89,0,qualified_ref,1,0,none,91534375,91550083,15708,3125,9458,83,1,0,random_50,0,1
1,stress_random,20001,90,90,r_90,0,qualified_ref,1,0,none,92559375,92575083,15708,3125,9458,83,1,0,random_50,0,1
1,stress_random,20001,91,91,r_91,0,qualified_ref,1,0,none,93584375,93600083,15708,3125,9458,83,1,0,random_50,0,1
1,stress_random,20001,92,92,r_92,0,qualified_ref,1,0,none,94609375,94625083,15708,3125,9458,83,1,0,random_50,0,1
1,stress_random,20001,93,93,r_93,0,qualified_ref,1,0,none,95634375,95650083,15708,3125,9458,83,1,0,random_50,0,1
1,stress_random,20001,94,94,r_94,0,qualified_ref,1,0,none,96659375,96675083,15708,3125,9458,83,1,0,random_50,0,1
1,stress_random,20001,95,95,r_95,0,qualified_ref,1,0,none,97684375,97700083,15708,3125,9458,83,1,0,random_50,0,1
1,stress_random,20001,96,96,r_96,0,qualified_ref,1,0,none,98709375,98725083,15708,3125,9458,83,1,0,random_50,0,1
1,stress_random,20001,97,97,r_97,0,qualified_ref,1,0,none,99734375,99750083,15708,3125,9458,83,1,0,random_50,0,1
1,stress_random,20001,98,98,r_98,0,qualified_ref,1,0,none,100759375,100775083,15708,3125,9458,83,1,0,random_50,0,1
1,stress_random,20001,99,99,r_99,0,qualified_ref,1,0,none,101784375,101800083,15708,3125,9458,83,1,0,random_50,0,1
1,stress_random,20001,100,100,r_100,0,qualified_ref,1,0,none,102809375,102825083,15708,3125,9458,83,1,0,random_50,0,1
1,stress_random,20001,101,101,r_101,0,qualified_ref,1,0,none,103834375,103850083,15708,3125,9458,83,1,0,random_50,0,1
1,stress_random,20001,102,102,r_102,0,qualified_ref,1,0,none,104859375,104875083,15708,3125,9458,83,1,0,random_50,0,1
1,stress_random,20001,103,103,r_103,0,qualified_ref,1,0,none,105884375,105900083,15708,3125,9458,83,1,0,random_50,0,1
1,stress_random,20001,104,104,r_104,0,qualified_ref,1,0,none,106909375,106925083,15708,3125,9458,83,1,0,random_50,0,1
1,stress_random,20001,105,105,r_105,0,qualified_ref,1,0,none,107934375,107950083,15708,3125,9458,83,1,0,random_50,0,1
1,stress_random,20001,106,106,r_106,0,qualified_ref,1,0,none,108959375,108975083,15708,3125,9458,83,1,0,random_50,0,1
1,stress_random,20001,107,107,r_107,0,qualified_ref,1,0,none,109984375,110000083,15708,3125,9458,83,1,0,random_50,0,1
1,stress_random,20001,108,108,r_108,0,qualified_ref,1,0,none,111009375,111025083,15708,3125,9458,83,1,0,random_50,0,1
1,stress_random,20001,109,109,r_109,0,qualified_ref,1,0,none,112034375,112050083,15708,3125,9458,83,1,0,random_50,0,1
1,stress_random,20001,110,110,r_110,0,qualified_ref,1,0,none,113059375,113075083,15708,3125,9458,83,1,0,random_50,0,1
1,stress_random,20001,111,111,r_111,0,qualified_ref,1,0,none,114084375,114100083,15708,3125,9458,83,1,0,random_50,0,1
1,stress_random,20001,112,112,r_112,0,qualified_ref,1,0,none,115109375,115125083,15708,3125,9458,83,1,0,random_50,0,1
1,stress_random,20001,113,113,r_113,0,qualified_ref,1,0,none,116134375,116150083,15708,3125,9458,83,1,0,random_50,0,1
1,stress_random,20001,114,114,r_114,0,qualified_ref,1,0,none,117159375,117175083,15708,3125,9458,83,1,0,random_50,0,1
1,stress_random,20001,115,115,r_115,0,qualified_ref,1,0,none,118184375,118200083,15708,3125,9458,83,1,0,random_50,0,1
1,stress_random,20001,116,116,r_116,0,qualified_ref,1,0,none,119209375,119225083,15708,3125,9458,83,1,0,random_50,0,1
1,stress_random,20001,117,117,r_117,0,qualified_ref,1,0,none,120234375,120250083,15708,3125,9458,83,1,0,random_50,0,1
1,stress_random,20001,118,118,r_118,0,qualified_ref,1,0,none,121259375,121275083,15708,3125,9458,83,1,0,random_50,0,1
1,stress_random,20001,119,119,r_119,0,qualified_ref,1,0,none,122284375,122300083,15708,3125,9458,83,1,0,random_50,0,1
1,stress_random,20001,120,120,r_120,0,qualified_ref,1,0,none,123309375,123325083,15708,3125,9458,83,1,0,random_50,0,1
1,stress_random,20001,121,121,r_121,0,qualified_ref,1,0,none,124334375,124350083,15708,3125,9458,83,1,0,random_50,0,1
1,stress_random,20001,122,122,r_122,0,qualified_ref,1,0,none,125359375,125375083,15708,3125,9458,83,1,0,random_50,0,1
1,stress_random,20001,123,123,r_123,0,qualified_ref,1,0,none,126384375,126400083,15708,3125,9458,83,1,0,random_50,0,1
1,stress_random,20001,124,124,r_124,0,qualified_ref,1,0,none,127409375,127425083,15708,3125,9458,83,1,0,random_50,0,1
1,stress_random,20001,125,125,r_125,0,qualified_ref,1,0,none,128434375,128450083,15708,3125,9458,83,1,0,random_50,0,1
1,stress_random,20001,126,126,r_126,0,qualified_ref,1,0,none,129459375,129475083,15708,3125,9458,83,1,0,random_50,0,1
1,stress_random,20001,127,127,r_127,0,qualified_ref,1,0,none,130484375,130500083,15708,3125,9458,83,1,0,random_50,0,1
1,stress_random,20001,128,128,r_128,0,qualified_ref,1,0,none,131509375,131525083,15708,3125,9458,83,1,0,random_50,0,1
1,stress_random,20001,129,129,r_129,0,qualified_ref,1,0,none,132534375,132550083,15708,3125,9458,83,1,0,random_50,0,1
1,stress_random,20001,130,130,r_130,0,qualified_ref,1,0,none,133559375,133575083,15708,3125,9458,83,1,0,random_50,0,1
1,stress_random,20001,131,131,r_131,0,qualified_ref,1,0,none,134584375,134600083,15708,3125,9458,83,1,0,random_50,0,1
1,stress_random,20001,132,132,r_132,0,qualified_ref,1,0,none,135609375,135625083,15708,3125,9458,83,1,0,random_50,0,1
1,stress_random,20001,133,133,r_133,0,qualified_ref,1,0,none,136634375,136650083,15708,3125,9458,83,1,0,random_50,0,1
1,stress_random,20001,134,134,r_134,0,qualified_ref,1,0,none,137659375,137675083,15708,3125,9458,83,1,0,random_50,0,1
1,stress_random,20001,135,135,r_135,0,qualified_ref,1,0,none,138684375,138700083,15708,3125,9458,83,1,0,random_50,0,1
1,stress_random,20001,136,136,r_136,0,qualified_ref,1,0,none,139709375,139725083,15708,3125,9458,83,1,0,random_50,0,1
1,stress_random,20001,137,137,r_137,0,qualified_ref,1,0,none,140734375,140750083,15708,3125,9458,83,1,0,random_50,0,1
1,stress_random,20001,138,138,r_138,0,qualified_ref,1,0,none,141759375,141775083,15708,3125,9458,83,1,0,random_50,0,1
1,stress_random,20001,139,139,r_139,0,qualified_ref,1,0,none,142784375,142800083,15708,3125,9458,83,1,0,random_50,0,1
1,stress_random,20001,140,140,r_140,0,qualified_ref,1,0,none,143809375,143825083,15708,3125,9458,83,1,0,random_50,0,1
1,stress_random,20001,141,141,r_141,0,qualified_ref,1,0,none,144834375,144850083,15708,3125,9458,83,1,0,random_50,0,1
1,stress_random,20001,142,142,r_142,0,qualified_ref,1,0,none,145859375,145875083,15708,3125,9458,83,1,0,random_50,0,1
1,stress_random,20001,143,143,r_143,0,qualified_ref,1,0,none,146884375,146900083,15708,3125,9458,83,1,0,random_50,0,1
1,stress_random,20001,144,144,r_144,0,qualified_ref,1,0,none,147909375,147925083,15708,3125,9458,83,1,0,random_50,0,1
1,stress_random,20001,145,145,r_145,0,qualified_ref,1,0,none,148934375,148950083,15708,3125,9458,83,1,0,random_50,0,1
1,stress_random,20001,146,146,r_146,0,qualified_ref,1,0,none,149959375,149975083,15708,3125,9458,83,1,0,random_50,0,1
1,stress_random,20001,147,147,r_147,0,qualified_ref,1,0,none,150984375,151000083,15708,3125,9458,83,1,0,random_50,0,1
1,stress_random,20001,148,148,r_148,0,qualified_ref,1,0,none,152009375,152025083,15708,3125,9458,83,1,0,random_50,0,1
1,stress_random,20001,149,149,r_149,0,qualified_ref,1,0,none,153034375,153050083,15708,3125,9458,83,1,0,random_50,0,1
1,stress_random,20001,150,150,r_150,0,qualified_ref,1,0,none,154059375,154075083,15708,3125,9458,83,1,0,random_50,0,1
1,stress_random,20001,151,151,r_151,0,qualified_ref,1,0,none,155084375,155100083,15708,3125,9458,83,1,0,random_50,0,1
1,stress_random,20001,152,152,r_152,0,qualified_ref,1,0,none,156109375,156125083,15708,3125,9458,83,1,0,random_50,0,1
1,stress_random,20001,153,153,r_153,0,qualified_ref,1,0,none,157134375,157150083,15708,3125,9458,83,1,0,random_50,0,1
1,stress_random,20001,154,154,r_154,0,qualified_ref,1,0,none,158159375,158175083,15708,3125,9458,83,1,0,random_50,0,1
1,stress_random,20001,155,155,r_155,0,qualified_ref,1,0,none,159184375,159200083,15708,3125,9458,83,1,0,random_50,0,1
1,stress_random,20001,156,156,r_156,0,qualified_ref,1,0,none,160209375,160225083,15708,3125,9458,83,1,0,random_50,0,1
1,stress_random,20001,157,157,r_157,0,qualified_ref,1,0,none,161234375,161250083,15708,3125,9458,83,1,0,random_50,0,1
1,stress_random,20001,158,158,r_158,0,qualified_ref,1,0,none,162259375,162275083,15708,3125,9458,83,1,0,random_50,0,1
1,stress_random,20001,159,159,r_159,0,qualified_ref,1,0,none,163284375,163300083,15708,3125,9458,83,1,0,random_50,0,1
1,stress_random,20001,160,160,r_160,0,qualified_ref,1,0,none,164309375,164325083,15708,3125,9458,83,1,0,random_50,0,1
1,stress_random,20001,161,161,r_161,0,qualified_ref,1,0,none,165334375,165350083,15708,3125,9458,83,1,0,random_50,0,1
1,stress_random,20001,162,162,r_162,0,qualified_ref,1,0,none,166359375,166375083,15708,3125,9458,83,1,0,random_50,0,1
1,stress_random,20001,163,163,r_163,0,qualified_ref,1,0,none,167384375,167400083,15708,3125,9458,83,1,0,random_50,0,1
1,stress_random,20001,164,164,r_164,0,qualified_ref,1,0,none,168409375,168425083,15708,3125,9458,83,1,0,random_50,0,1
1,stress_random,20001,165,165,r_165,0,qualified_ref,1,0,none,169434375,169450083,15708,3125,9458,83,1,0,random_50,0,1
1,stress_random,20001,166,166,r_166,0,qualified_ref,1,0,none,170459375,170475083,15708,3125,9458,83,1,0,random_50,0,1
1,stress_random,20001,167,167,r_167,0,qualified_ref,1,0,none,171484375,171500083,15708,3125,9458,83,1,0,random_50,0,1
1,stress_random,20001,168,168,r_168,0,qualified_ref,1,0,none,172509375,172525083,15708,3125,9458,83,1,0,random_50,0,1
1,stress_random,20001,169,169,r_169,0,qualified_ref,1,0,none,173534375,173550083,15708,3125,9458,83,1,0,random_50,0,1
1,stress_random,20001,170,170,r_170,0,qualified_ref,1,0,none,174559375,174575083,15708,3125,9458,83,1,0,random_50,0,1
1,stress_random,20001,171,171,r_171,0,qualified_ref,1,0,none,175584375,175600083,15708,3125,9458,83,1,0,random_50,0,1
1,stress_random,20001,172,172,r_172,0,qualified_ref,1,0,none,176609375,176625083,15708,3125,9458,83,1,0,random_50,0,1
1,stress_random,20001,173,173,r_173,0,qualified_ref,1,0,none,177634375,177650083,15708,3125,9458,83,1,0,random_50,0,1
1,stress_random,20001,174,174,r_174,0,qualified_ref,1,0,none,178659375,178675083,15708,3125,9458,83,1,0,random_50,0,1
1,stress_random,20001,175,175,r_175,0,qualified_ref,1,0,none,179684375,179700083,15708,3125,9458,83,1,0,random_50,0,1
1,stress_random,20001,176,176,r_176,0,qualified_ref,1,0,none,180709375,180725083,15708,3125,9458,83,1,0,random_50,0,1
1,stress_random,20001,177,177,r_177,0,qualified_ref,1,0,none,181734375,181750083,15708,3125,9458,83,1,0,random_50,0,1
1,stress_random,20001,178,178,r_178,0,qualified_ref,1,0,none,182759375,182775083,15708,3125,9458,83,1,0,random_50,0,1
1,stress_random,20001,179,179,r_179,0,qualified_ref,1,0,none,183784375,183800083,15708,3125,9458,83,1,0,random_50,0,1
1,stress_random,20001,180,180,r_180,0,qualified_ref,1,0,none,184809375,184825083,15708,3125,9458,83,1,0,random_50,0,1
1,stress_random,20001,181,181,r_181,0,qualified_ref,1,0,none,185834375,185850083,15708,3125,9458,83,1,0,random_50,0,1
1,stress_random,20001,182,182,r_182,0,qualified_ref,1,0,none,186859375,186875083,15708,3125,9458,83,1,0,random_50,0,1
1,stress_random,20001,183,183,r_183,0,qualified_ref,1,0,none,187884375,187900083,15708,3125,9458,83,1,0,random_50,0,1
1,stress_random,20001,184,184,r_184,0,qualified_ref,1,0,none,188909375,188925083,15708,3125,9458,83,1,0,random_50,0,1
1,stress_random,20001,185,185,r_185,0,qualified_ref,1,0,none,189934375,189950083,15708,3125,9458,83,1,0,random_50,0,1
1,stress_random,20001,186,186,r_186,0,qualified_ref,1,0,none,190959375,190975083,15708,3125,9458,83,1,0,random_50,0,1
1,stress_random,20001,187,187,r_187,0,qualified_ref,1,0,none,191984375,192000083,15708,3125,9458,83,1,0,random_50,0,1
1,stress_random,20001,188,188,r_188,0,qualified_ref,1,0,none,193009375,193025083,15708,3125,9458,83,1,0,random_50,0,1
1,stress_random,20001,189,189,r_189,0,qualified_ref,1,0,none,194034375,194050083,15708,3125,9458,83,1,0,random_50,0,1
1,stress_random,20001,190,190,r_190,0,qualified_ref,1,0,none,195059375,195075083,15708,3125,9458,83,1,0,random_50,0,1
1,stress_random,20001,191,191,r_191,0,qualified_ref,1,0,none,196084375,196100083,15708,3125,9458,83,1,0,random_50,0,1
1,stress_random,20001,192,192,r_192,0,qualified_ref,1,0,none,197109375,197125083,15708,3125,9458,83,1,0,random_50,0,1
1,stress_random,20001,193,193,r_193,0,qualified_ref,1,0,none,198134375,198150083,15708,3125,9458,83,1,0,random_50,0,1
1,stress_random,20001,194,194,r_194,0,qualified_ref,1,0,none,199159375,199175083,15708,3125,9458,83,1,0,random_50,0,1
1,stress_random,20001,195,195,r_195,0,qualified_ref,1,0,none,200184375,200200083,15708,3125,9458,83,1,0,random_50,0,1
1,stress_random,20001,196,196,r_196,0,qualified_ref,1,0,none,201209375,201225083,15708,3125,9458,83,1,0,random_50,0,1
1,stress_random,20001,197,197,r_197,0,qualified_ref,1,0,none,202234375,202250083,15708,3125,9458,83,1,0,random_50,0,1
1,stress_random,20001,198,198,r_198,0,qualified_ref,1,0,none,203259375,203275083,15708,3125,9458,83,1,0,random_50,0,1
1,stress_random,20001,199,199,r_199,0,qualified_ref,1,0,none,204284375,204300083,15708,3125,9458,83,1,0,random_50,0,1
1,stress_random,20001,200,200,r_200,0,qualified_ref,1,0,none,205309375,205325083,15708,3125,9458,83,1,0,random_50,0,1
1,stress_random,20001,201,201,r_201,0,qualified_ref,1,0,none,206334375,206350083,15708,3125,9458,83,1,0,random_50,0,1
1,stress_random,20001,202,202,r_202,0,qualified_ref,1,0,none,207359375,207375083,15708,3125,9458,83,1,0,random_50,0,1
1,stress_random,20001,203,203,r_203,0,qualified_ref,1,0,none,208384375,208400083,15708,3125,9458,83,1,0,random_50,0,1
1,stress_random,20001,204,204,r_204,0,qualified_ref,1,0,none,209409375,209425083,15708,3125,9458,83,1,0,random_50,0,1
1,stress_random,20001,205,205,r_205,0,qualified_ref,1,0,none,210434375,210450083,15708,3125,9458,83,1,0,random_50,0,1
1,stress_random,20001,206,206,r_206,0,qualified_ref,1,0,none,211459375,211475083,15708,3125,9458,83,1,0,random_50,0,1
1,stress_random,20001,207,207,r_207,0,qualified_ref,1,0,none,212484375,212500083,15708,3125,9458,83,1,0,random_50,0,1
1,stress_random,20001,208,208,r_208,0,qualified_ref,1,0,none,213509375,213525083,15708,3125,9458,83,1,0,random_50,0,1
1,stress_random,20001,209,209,r_209,0,qualified_ref,1,0,none,214534375,214550083,15708,3125,9458,83,1,0,random_50,0,1
1,stress_random,20001,210,210,r_210,0,qualified_ref,1,0,none,215559375,215575083,15708,3125,9458,83,1,0,random_50,0,1
1,stress_random,20001,211,211,r_211,0,qualified_ref,1,0,none,216584375,216600083,15708,3125,9458,83,1,0,random_50,0,1
1,stress_random,20001,212,212,r_212,0,qualified_ref,1,0,none,217609375,217625083,15708,3125,9458,83,1,0,random_50,0,1
1,stress_random,20001,213,213,r_213,0,qualified_ref,1,0,none,218634375,218650083,15708,3125,9458,83,1,0,random_50,0,1
1,stress_random,20001,214,214,r_214,0,qualified_ref,1,0,none,219659375,219675083,15708,3125,9458,83,1,0,random_50,0,1
1,stress_random,20001,215,215,r_215,0,qualified_ref,1,0,none,220684375,220700083,15708,3125,9458,83,1,0,random_50,0,1
1,stress_random,20001,216,216,r_216,0,qualified_ref,1,0,none,221709375,221725083,15708,3125,9458,83,1,0,random_50,0,1
1,stress_random,20001,217,217,r_217,0,qualified_ref,1,0,none,222734375,222750083,15708,3125,9458,83,1,0,random_50,0,1
1,stress_random,20001,218,218,r_218,0,qualified_ref,1,0,none,223759375,223775083,15708,3125,9458,83,1,0,random_50,0,1
1,stress_random,20001,219,219,r_219,0,qualified_ref,1,0,none,224784375,224800083,15708,3125,9458,83,1,0,random_50,0,1
1,stress_random,20001,220,220,r_220,0,qualified_ref,1,0,none,225809375,225825083,15708,3125,9458,83,1,0,random_50,0,1
1,stress_random,20001,221,221,r_221,0,qualified_ref,1,0,none,226834375,226850083,15708,3125,9458,83,1,0,random_50,0,1
1,stress_random,20001,222,222,r_222,0,qualified_ref,1,0,none,227859375,227875083,15708,3125,9458,83,1,0,random_50,0,1
1,stress_random,20001,223,223,r_223,0,qualified_ref,1,0,none,228884375,228900083,15708,3125,9458,83,1,0,random_50,0,1
1,stress_random,20001,224,224,r_224,0,qualified_ref,1,0,none,229909375,229925083,15708,3125,9458,83,1,0,random_50,0,1
1,stress_random,20001,225,225,r_225,0,qualified_ref,1,0,none,230934375,230950083,15708,3125,9458,83,1,0,random_50,0,1
1,stress_random,20001,226,226,r_226,0,qualified_ref,1,0,none,231959375,231975083,15708,3125,9458,83,1,0,random_50,0,1
1,stress_random,20001,227,227,r_227,0,qualified_ref,1,0,none,232984375,233000083,15708,3125,9458,83,1,0,random_50,0,1
1,stress_random,20001,228,228,r_228,0,qualified_ref,1,0,none,234009375,234025083,15708,3125,9458,83,1,0,random_50,0,1
1,stress_random,20001,229,229,r_229,0,qualified_ref,1,0,none,235034375,235050083,15708,3125,9458,83,1,0,random_50,0,1
1,stress_random,20001,230,230,r_230,0,qualified_ref,1,0,none,236059375,236075083,15708,3125,9458,83,1,0,random_50,0,1
1,stress_random,20001,231,231,r_231,0,qualified_ref,1,0,none,237084375,237100083,15708,3125,9458,83,1,0,random_50,0,1
1,stress_random,20001,232,232,r_232,0,qualified_ref,1,0,none,238109375,238125083,15708,3125,9458,83,1,0,random_50,0,1
1,stress_random,20001,233,233,r_233,0,qualified_ref,1,0,none,239134375,239150083,15708,3125,9458,83,1,0,random_50,0,1
1,stress_random,20001,234,234,r_234,0,qualified_ref,1,0,none,240159375,240175083,15708,3125,9458,83,1,0,random_50,0,1
1,stress_random,20001,235,235,r_235,0,qualified_ref,1,0,none,241184375,241200083,15708,3125,9458,83,1,0,random_50,0,1
1,stress_random,20001,236,236,r_236,0,qualified_ref,1,0,none,242209375,242225083,15708,3125,9458,83,1,0,random_50,0,1
1,stress_random,20001,237,237,r_237,0,qualified_ref,1,0,none,243234375,243250083,15708,3125,9458,83,1,0,random_50,0,1
1,stress_random,20001,238,238,r_238,0,qualified_ref,1,0,none,244259375,244275083,15708,3125,9458,83,1,0,random_50,0,1
1,stress_random,20001,239,239,r_239,0,qualified_ref,1,0,none,245284375,245300083,15708,3125,9458,83,1,0,random_50,0,1
1,stress_random,20001,240,240,r_240,0,qualified_ref,1,0,none,246309375,246325083,15708,3125,9458,83,1,0,random_50,0,1
1,stress_random,20001,241,241,r_241,0,qualified_ref,1,0,none,247334375,247350083,15708,3125,9458,83,1,0,random_50,0,1
1,stress_random,20001,242,242,r_242,0,qualified_ref,1,0,none,248359375,248375083,15708,3125,9458,83,1,0,random_50,0,1
1,stress_random,20001,243,243,r_243,0,qualified_ref,1,0,none,249384375,249400083,15708,3125,9458,83,1,0,random_50,0,1
1,stress_random,20001,244,244,r_244,0,qualified_ref,1,0,none,250409375,250425083,15708,3125,9458,83,1,0,random_50,0,1
1,stress_random,20001,245,245,r_245,0,qualified_ref,1,0,none,251434375,251450083,15708,3125,9458,83,1,0,random_50,0,1
1,stress_random,20001,246,246,r_246,0,qualified_ref,1,0,none,252459375,252475083,15708,3125,9458,83,1,0,random_50,0,1
1,stress_random,20001,247,247,r_247,0,qualified_ref,1,0,none,253484375,253500083,15708,3125,9458,83,1,0,random_50,0,1
1,stress_random,20001,248,248,r_248,0,qualified_ref,1,0,none,254509375,254525083,15708,3125,9458,83,1,0,random_50,0,1
1,stress_random,20001,249,249,r_249,0,qualified_ref,1,0,none,255534375,255550083,15708,3125,9458,83,1,0,random_50,0,1
1,stress_random,20001,250,250,r_250,0,qualified_ref,1,0,none,260659375,260675083,15708,3125,9458,83,1,0,random_50,0,1
1,stress_random,20001,251,251,r_251,0,qualified_ref,1,0,none,261684375,261700083,15708,3125,9458,83,1,0,random_50,0,1
1,stress_random,20001,252,252,r_252,0,qualified_ref,1,0,none,262709375,262725083,15708,3125,9458,83,1,0,random_50,0,1
1,stress_random,20001,253,253,r_253,0,qualified_ref,1,0,none,263734375,263750083,15708,3125,9458,83,1,0,random_50,0,1
1,stress_random,20001,254,254,r_254,0,qualified_ref,1,0,none,264759375,264775083,15708,3125,9458,83,1,0,random_50,0,1
1,stress_random,20001,255,255,r_255,0,qualified_ref,1,0,none,265784375,265800083,15708,3125,9458,83,1,0,random_50,0,1
1,stress_random,20001,256,256,r_256,0,qualified_ref,1,0,none,266809375,266825083,15708,3125,9458,83,1,0,random_50,0,1
1,stress_random,20001,257,257,r_257,0,qualified_ref,1,0,none,267834375,267850083,15708,3125,9458,83,1,0,random_50,0,1
1,stress_random,20001,258,258,r_258,0,qualified_ref,1,0,none,268859375,268875083,15708,3125,9458,83,1,0,random_50,0,1
1,stress_random,20001,259,259,r_259,0,qualified_ref,1,0,none,269884375,269900083,15708,3125,9458,83,1,0,random_50,0,1
1,stress_random,20001,260,260,r_260,0,qualified_ref,1,0,none,270909375,270925083,15708,3125,9458,83,1,0,random_50,0,1
1,stress_random,20001,261,261,r_261,0,qualified_ref,1,0,none,271934375,271950083,15708,3125,9458,83,1,0,random_50,0,1
1,stress_random,20001,262,262,r_262,0,qualified_ref,1,0,none,272959375,272975083,15708,3125,9458,83,1,0,random_50,0,1
1,stress_random,20001,263,263,r_263,0,qualified_ref,1,0,none,273984375,274000083,15708,3125,9458,83,1,0,random_50,0,1
1,stress_random,20001,264,264,r_264,0,qualified_ref,1,0,none,275009375,275025083,15708,3125,9458,83,1,0,random_50,0,1
1,stress_random,20001,265,265,r_265,0,qualified_ref,1,0,none,276034375,276050083,15708,3125,9458,83,1,0,random_50,0,1
1,stress_random,20001,266,266,r_266,0,qualified_ref,1,0,none,277059375,277075083,15708,3125,9458,83,1,0,random_50,0,1
1,stress_random,20001,267,267,r_267,0,qualified_ref,1,0,none,278084375,278100083,15708,3125,9458,83,1,0,random_50,0,1
1,stress_random,20001,268,268,r_268,0,qualified_ref,1,0,none,279109375,279125083,15708,3125,9458,83,1,0,random_50,0,1
1,stress_random,20001,269,269,r_269,0,qualified_ref,1,0,none,280134375,280150083,15708,3125,9458,83,1,0,random_50,0,1
1,stress_random,20001,270,270,r_270,0,qualified_ref,1,0,none,281159375,281175083,15708,3125,9458,83,1,0,random_50,0,1
1,stress_random,20001,271,271,r_271,0,qualified_ref,1,0,none,282184375,282200083,15708,3125,9458,83,1,0,random_50,0,1
1,stress_random,20001,272,272,r_272,0,qualified_ref,1,0,none,283209375,283225083,15708,3125,9458,83,1,0,random_50,0,1
1,stress_random,20001,273,273,r_273,0,qualified_ref,1,0,none,284234375,284250083,15708,3125,9458,83,1,0,random_50,0,1
1,stress_random,20001,274,274,r_274,0,qualified_ref,1,0,none,285259375,285275083,15708,3125,9458,83,1,0,random_50,0,1
1,stress_random,20001,275,275,r_275,0,qualified_ref,1,0,none,286284375,286300083,15708,3125,9458,83,1,0,random_50,0,1
1,stress_random,20001,276,276,r_276,0,qualified_ref,1,0,none,287309375,287325083,15708,3125,9458,83,1,0,random_50,0,1
1,stress_random,20001,277,277,r_277,0,qualified_ref,1,0,none,288334375,288350083,15708,3125,9458,83,1,0,random_50,0,1
1,stress_random,20001,278,278,r_278,0,qualified_ref,1,0,none,289359375,289375083,15708,3125,9458,83,1,0,random_50,0,1
1,stress_random,20001,279,279,r_279,0,qualified_ref,1,0,none,290384375,290400083,15708,3125,9458,83,1,0,random_50,0,1
1,stress_random,20001,280,280,r_280,0,qualified_ref,1,0,none,291409375,291425083,15708,3125,9458,83,1,0,random_50,0,1
1,stress_random,20001,281,281,r_281,0,qualified_ref,1,0,none,292434375,292450083,15708,3125,9458,83,1,0,random_50,0,1
1,stress_random,20001,282,282,r_282,0,qualified_ref,1,0,none,293459375,293475083,15708,3125,9458,83,1,0,random_50,0,1
1,stress_random,20001,283,283,r_283,0,qualified_ref,1,0,none,294484375,294500083,15708,3125,9458,83,1,0,random_50,0,1
1,stress_random,20001,284,284,r_284,0,qualified_ref,1,0,none,295509375,295525083,15708,3125,9458,83,1,0,random_50,0,1
1,stress_random,20001,285,285,r_285,0,qualified_ref,1,0,none,296534375,296550083,15708,3125,9458,83,1,0,random_50,0,1
1,stress_random,20001,286,286,r_286,0,qualified_ref,1,0,none,297559375,297575083,15708,3125,9458,83,1,0,random_50,0,1
1,stress_random,20001,287,287,r_287,0,qualified_ref,1,0,none,298584375,298600083,15708,3125,9458,83,1,0,random_50,0,1
1,stress_random,20001,288,288,r_288,0,qualified_ref,1,0,none,299609375,299625083,15708,3125,9458,83,1,0,random_50,0,1
1,stress_random,20001,289,289,r_289,0,qualified_ref,1,0,none,300634375,300650083,15708,3125,9458,83,1,0,random_50,0,1
1,stress_random,20001,290,290,r_290,0,qualified_ref,1,0,none,301659375,301675083,15708,3125,9458,83,1,0,random_50,0,1
1,stress_random,20001,291,291,r_291,0,qualified_ref,1,0,none,302684375,302700083,15708,3125,9458,83,1,0,random_50,0,1
1,stress_random,20001,292,292,r_292,0,qualified_ref,1,0,none,303709375,303725083,15708,3125,9458,83,1,0,random_50,0,1
1,stress_random,20001,293,293,r_293,0,qualified_ref,1,0,none,304734375,304750083,15708,3125,9458,83,1,0,random_50,0,1
1,stress_random,20001,294,294,r_294,0,qualified_ref,1,0,none,305759375,305775083,15708,3125,9458,83,1,0,random_50,0,1
1,stress_random,20001,295,295,r_295,0,qualified_ref,1,0,none,306784375,306800083,15708,3125,9458,83,1,0,random_50,0,1
1,stress_random,20001,296,296,r_296,0,qualified_ref,1,0,none,307809375,307825083,15708,3125,9458,83,1,0,random_50,0,1
1,stress_random,20001,297,297,r_297,0,qualified_ref,1,0,none,308834375,308850083,15708,3125,9458,83,1,0,random_50,0,1
1,stress_random,20001,298,298,r_298,0,qualified_ref,1,0,none,309859375,309875083,15708,3125,9458,83,1,0,random_50,0,1
1,stress_random,20001,299,299,r_299,0,qualified_ref,1,0,none,310884375,310900083,15708,3125,9458,83,1,0,random_50,0,1
1,stress_random,20001,300,300,r_300,0,qualified_ref,1,0,none,311909375,311925083,15708,3125,9458,83,1,0,random_50,0,1
1,stress_random,20001,301,301,r_301,0,qualified_ref,1,0,none,312934375,312950083,15708,3125,9458,83,1,0,random_50,0,1
1,stress_random,20001,302,302,r_302,0,qualified_ref,1,0,none,313959375,313975083,15708,3125,9458,83,1,0,random_50,0,1
1,stress_random,20001,303,303,r_303,0,qualified_ref,1,0,none,314984375,315000083,15708,3125,9458,83,1,0,random_50,0,1
1,stress_random,20001,304,304,r_304,0,qualified_ref,1,0,none,316009375,316025083,15708,3125,9458,83,1,0,random_50,0,1
1,stress_random,20001,305,305,r_305,0,qualified_ref,1,0,none,317034375,317050083,15708,3125,9458,83,1,0,random_50,0,1
1,stress_random,20001,306,306,r_306,0,qualified_ref,1,0,none,318059375,318075083,15708,3125,9458,83,1,0,random_50,0,1
1,stress_random,20001,307,307,r_307,0,qualified_ref,1,0,none,319084375,319100083,15708,3125,9458,83,1,0,random_50,0,1
1,stress_random,20001,308,308,r_308,0,qualified_ref,1,0,none,320109375,320125083,15708,3125,9458,83,1,0,random_50,0,1
1,stress_random,20001,309,309,r_309,0,qualified_ref,1,0,none,321134375,321150083,15708,3125,9458,83,1,0,random_50,0,1
1,stress_random,20001,310,310,r_310,0,qualified_ref,1,0,none,322159375,322175083,15708,3125,9458,83,1,0,random_50,0,1
1,stress_random,20001,311,311,r_311,0,qualified_ref,1,0,none,323184375,323200083,15708,3125,9458,83,1,0,random_50,0,1
1,stress_random,20001,312,312,r_312,0,qualified_ref,1,0,none,324209375,324225083,15708,3125,9458,83,1,0,random_50,0,1
1,stress_random,20001,313,313,r_313,0,qualified_ref,1,0,none,325234375,325250083,15708,3125,9458,83,1,0,random_50,0,1
1,stress_random,20001,314,314,r_314,0,qualified_ref,1,0,none,326259375,326275083,15708,3125,9458,83,1,0,random_50,0,1
1,stress_random,20001,315,315,r_315,0,qualified_ref,1,0,none,327284375,327300083,15708,3125,9458,83,1,0,random_50,0,1
1,stress_random,20001,316,316,r_316,0,qualified_ref,1,0,none,328309375,328325083,15708,3125,9458,83,1,0,random_50,0,1
1,stress_random,20001,317,317,r_317,0,qualified_ref,1,0,none,329334375,329350083,15708,3125,9458,83,1,0,random_50,0,1
1,stress_random,20001,318,318,r_318,0,qualified_ref,1,0,none,330359375,330375083,15708,3125,9458,83,1,0,random_50,0,1
1,stress_random,20001,319,319,r_319,0,qualified_ref,1,0,none,331384375,331400083,15708,3125,9458,83,1,0,random_50,0,1
1,stress_random,20001,320,320,r_320,0,qualified_ref,1,0,none,332409375,332425083,15708,3125,9458,83,1,0,random_50,0,1
1,stress_random,20001,321,321,r_321,0,qualified_ref,1,0,none,333434375,333450083,15708,3125,9458,83,1,0,random_50,0,1
1,stress_random,20001,322,322,r_322,0,qualified_ref,1,0,none,334459375,334475083,15708,3125,9458,83,1,0,random_50,0,1
1,stress_random,20001,323,323,r_323,0,qualified_ref,1,0,none,335484375,335500083,15708,3125,9458,83,1,0,random_50,0,1
1,stress_random,20001,324,324,r_324,0,qualified_ref,1,0,none,336509375,336525083,15708,3125,9458,83,1,0,random_50,0,1
1,stress_random,20001,325,325,r_325,0,qualified_ref,1,0,none,337534375,337550083,15708,3125,9458,83,1,0,random_50,0,1
1,stress_random,20001,326,326,r_326,0,qualified_ref,1,0,none,338559375,338575083,15708,3125,9458,83,1,0,random_50,0,1
1,stress_random,20001,327,327,r_327,0,qualified_ref,1,0,none,339584375,339600083,15708,3125,9458,83,1,0,random_50,0,1
1,stress_random,20001,328,328,r_328,0,qualified_ref,1,0,none,340609375,340625083,15708,3125,9458,83,1,0,random_50,0,1
1,stress_random,20001,329,329,r_329,0,qualified_ref,1,0,none,341634375,341650083,15708,3125,9458,83,1,0,random_50,0,1
1,stress_random,20001,330,330,r_330,0,qualified_ref,1,0,none,342659375,342675083,15708,3125,9458,83,1,0,random_50,0,1
1,stress_random,20001,331,331,r_331,0,qualified_ref,1,0,none,343684375,343700083,15708,3125,9458,83,1,0,random_50,0,1
1,stress_random,20001,332,332,r_332,0,qualified_ref,1,0,none,344709375,344725083,15708,3125,9458,83,1,0,random_50,0,1
1,stress_random,20001,333,333,r_333,0,qualified_ref,1,0,none,345734375,345750083,15708,3125,9458,83,1,0,random_50,0,1
1,stress_random,20001,334,334,r_334,0,qualified_ref,1,0,none,346759375,346775083,15708,3125,9458,83,1,0,random_50,0,1
1,stress_random,20001,335,335,r_335,0,qualified_ref,1,0,none,347784375,347800083,15708,3125,9458,83,1,0,random_50,0,1
1,stress_random,20001,336,336,r_336,0,qualified_ref,1,0,none,348809375,348825083,15708,3125,9458,83,1,0,random_50,0,1
1,stress_random,20001,337,337,r_337,0,qualified_ref,1,0,none,349834375,349850083,15708,3125,9458,83,1,0,random_50,0,1
1,stress_random,20001,338,338,r_338,0,qualified_ref,1,0,none,350859375,350875083,15708,3125,9458,83,1,0,random_50,0,1
1,stress_random,20001,339,339,r_339,0,qualified_ref,1,0,none,351884375,351900083,15708,3125,9458,83,1,0,random_50,0,1
1,stress_random,20001,340,340,r_340,0,qualified_ref,1,0,none,352909375,352925083,15708,3125,9458,83,1,0,random_50,0,1
1,stress_random,20001,341,341,r_341,0,qualified_ref,1,0,none,353934375,353950083,15708,3125,9458,83,1,0,random_50,0,1
1,stress_random,20001,342,342,r_342,0,qualified_ref,1,0,none,354959375,354975083,15708,3125,9458,83,1,0,random_50,0,1
1,stress_random,20001,343,343,r_343,0,qualified_ref,1,0,none,355984375,356000083,15708,3125,9458,83,1,0,random_50,0,1
1,stress_random,20001,344,344,r_344,0,qualified_ref,1,0,none,357009375,357025083,15708,3125,9458,83,1,0,random_50,0,1
1,stress_random,20001,345,345,r_345,0,qualified_ref,1,0,none,358034375,358050083,15708,3125,9458,83,1,0,random_50,0,1
1,stress_random,20001,346,346,r_346,0,qualified_ref,1,0,none,359059375,359075083,15708,3125,9458,83,1,0,random_50,0,1
1,stress_random,20001,347,347,r_347,0,qualified_ref,1,0,none,360084375,360100083,15708,3125,9458,83,1,0,random_50,0,1
1,stress_random,20001,348,348,r_348,0,qualified_ref,1,0,none,361109375,361125083,15708,3125,9458,83,1,0,random_50,0,1
1,stress_random,20001,349,349,r_349,0,qualified_ref,1,0,none,362134375,362150083,15708,3125,9458,83,1,0,random_50,0,1
1,stress_random,20001,350,350,r_350,0,qualified_ref,1,0,none,363159375,363175083,15708,3125,9458,83,1,0,random_50,0,1
1,stress_random,20001,351,351,r_351,0,qualified_ref,1,0,none,364184375,364200083,15708,3125,9458,83,1,0,random_50,0,1
1,stress_random,20001,352,352,r_352,0,qualified_ref,1,0,none,365209375,365225083,15708,3125,9458,83,1,0,random_50,0,1
1,stress_random,20001,353,353,r_353,0,qualified_ref,1,0,none,366234375,366250083,15708,3125,9458,83,1,0,random_50,0,1
1,stress_random,20001,354,354,r_354,0,qualified_ref,1,0,none,367259375,367275083,15708,3125,9458,83,1,0,random_50,0,1
1,stress_random,20001,355,355,r_355,0,qualified_ref,1,0,none,368284375,368300083,15708,3125,9458,83,1,0,random_50,0,1
1,stress_random,20001,356,356,r_356,0,qualified_ref,1,0,none,369309375,369325083,15708,3125,9458,83,1,0,random_50,0,1
1,stress_random,20001,357,357,r_357,0,qualified_ref,1,0,none,370334375,370350083,15708,3125,9458,83,1,0,random_50,0,1
1,stress_random,20001,358,358,r_358,0,qualified_ref,1,0,none,371359375,371375083,15708,3125,9458,83,1,0,random_50,0,1
1,stress_random,20001,359,359,r_359,0,qualified_ref,1,0,none,372384375,372400083,15708,3125,9458,83,1,0,random_50,0,1
1,stress_random,20001,360,360,r_360,0,qualified_ref,1,0,none,373409375,373425083,15708,3125,9458,83,1,0,random_50,0,1
1,stress_random,20001,361,361,r_361,0,qualified_ref,1,0,none,374434375,374450083,15708,3125,9458,83,1,0,random_50,0,1
1,stress_random,20001,362,362,r_362,0,qualified_ref,1,0,none,375459375,375475083,15708,3125,9458,83,1,0,random_50,0,1
1,stress_random,20001,363,363,r_363,0,qualified_ref,1,0,none,376484375,376500083,15708,3125,9458,83,1,0,random_50,0,1
1,stress_random,20001,364,364,r_364,0,qualified_ref,1,0,none,377509375,377525083,15708,3125,9458,83,1,0,random_50,0,1
1,stress_random,20001,365,365,r_365,0,qualified_ref,1,0,none,378534375,378550083,15708,3125,9458,83,1,0,random_50,0,1
1,stress_random,20001,366,366,r_366,0,qualified_ref,1,0,none,379559375,379575083,15708,3125,9458,83,1,0,random_50,0,1
1,stress_random,20001,367,367,r_367,0,qualified_ref,1,0,none,380584375,380600083,15708,3125,9458,83,1,0,random_50,0,1
1,stress_random,20001,368,368,r_368,0,qualified_ref,1,0,none,381609375,381625083,15708,3125,9458,83,1,0,random_50,0,1
1,stress_random,20001,369,369,r_369,0,qualified_ref,1,0,none,382634375,382650083,15708,3125,9458,83,1,0,random_50,0,1
1,stress_random,20001,370,370,r_370,0,qualified_ref,1,0,none,383659375,383675083,15708,3125,9458,83,1,0,random_50,0,1
1,stress_random,20001,371,371,r_371,0,qualified_ref,1,0,none,384684375,384700083,15708,3125,9458,83,1,0,random_50,0,1
1,stress_random,20001,372,372,r_372,0,qualified_ref,1,0,none,385709375,385725083,15708,3125,9458,83,1,0,random_50,0,1
1,stress_random,20001,373,373,r_373,0,qualified_ref,1,0,none,386734375,386750083,15708,3125,9458,83,1,0,random_50,0,1
1,stress_random,20001,374,374,r_374,0,qualified_ref,1,0,none,387759375,387775083,15708,3125,9458,83,1,0,random_50,0,1
1,stress_random,20001,375,375,r_375,0,qualified_ref,1,0,none,388784375,388800083,15708,3125,9458,83,1,0,random_50,0,1
1,stress_random,20001,376,376,r_376,0,qualified_ref,1,0,none,389809375,389825083,15708,3125,9458,83,1,0,random_50,0,1
1,stress_random,20001,377,377,r_377,0,qualified_ref,1,0,none,390834375,390850083,15708,3125,9458,83,1,0,random_50,0,1
1,stress_random,20001,378,378,r_378,0,qualified_ref,1,0,none,391859375,391875083,15708,3125,9458,83,1,0,random_50,0,1
1,stress_random,20001,379,379,r_379,0,qualified_ref,1,0,none,392884375,392900083,15708,3125,9458,83,1,0,random_50,0,1
1,stress_random,20001,380,380,r_380,0,qualified_ref,1,0,none,393909375,393925083,15708,3125,9458,83,1,0,random_50,0,1
1,stress_random,20001,381,381,r_381,0,qualified_ref,1,0,none,394934375,394950083,15708,3125,9458,83,1,0,random_50,0,1
1,stress_random,20001,382,382,r_382,0,qualified_ref,1,0,none,395959375,395975083,15708,3125,9458,83,1,0,random_50,0,1
1,stress_random,20001,383,383,r_383,0,qualified_ref,1,0,none,396984375,397000083,15708,3125,9458,83,1,0,random_50,0,1
1,stress_random,20001,384,384,r_384,0,qualified_ref,1,0,none,398009375,398025083,15708,3125,9458,83,1,0,random_50,0,1
1,stress_random,20001,385,385,r_385,0,qualified_ref,1,0,none,399034375,399050083,15708,3125,9458,83,1,0,random_50,0,1
1,stress_random,20001,386,386,r_386,0,qualified_ref,1,0,none,400059375,400075083,15708,3125,9458,83,1,0,random_50,0,1
1,stress_random,20001,387,387,r_387,0,qualified_ref,1,0,none,401084375,401100083,15708,3125,9458,83,1,0,random_50,0,1
1,stress_random,20001,388,388,r_388,0,qualified_ref,1,0,none,402109375,402125083,15708,3125,9458,83,1,0,random_50,0,1
1,stress_random,20001,389,389,r_389,0,qualified_ref,1,0,none,403134375,403150083,15708,3125,9458,83,1,0,random_50,0,1
1,stress_random,20001,390,390,r_390,0,qualified_ref,1,0,none,404159375,404175083,15708,3125,9458,83,1,0,random_50,0,1
1,stress_random,20001,391,391,r_391,0,qualified_ref,1,0,none,405184375,405200083,15708,3125,9458,83,1,0,random_50,0,1
1,stress_random,20001,392,392,r_392,0,qualified_ref,1,0,none,406209375,406225083,15708,3125,9458,83,1,0,random_50,0,1
1,stress_random,20001,393,393,r_393,0,qualified_ref,1,0,none,407234375,407250083,15708,3125,9458,83,1,0,random_50,0,1
1,stress_random,20001,394,394,r_394,0,qualified_ref,1,0,none,408259375,408275083,15708,3125,9458,83,1,0,random_50,0,1
1,stress_random,20001,395,395,r_395,0,qualified_ref,1,0,none,409284375,409300083,15708,3125,9458,83,1,0,random_50,0,1
1,stress_random,20001,396,396,r_396,0,qualified_ref,1,0,none,410309375,410325083,15708,3125,9458,83,1,0,random_50,0,1
1,stress_random,20001,397,397,r_397,0,qualified_ref,1,0,none,411334375,411350083,15708,3125,9458,83,1,0,random_50,0,1
1,stress_random,20001,398,398,r_398,0,qualified_ref,1,0,none,412359375,412375083,15708,3125,9458,83,1,0,random_50,0,1
1,stress_random,20001,399,399,r_399,0,qualified_ref,1,0,none,413384375,413400083,15708,3125,9458,83,1,0,random_50,0,1
1,stress_random,20001,400,400,r_400,0,qualified_ref,1,0,none,414409375,414425083,15708,3125,9458,83,1,0,random_50,0,1
1,stress_random,20001,401,401,r_401,0,qualified_ref,1,0,none,415434375,415450083,15708,3125,9458,83,1,0,random_50,0,1
1,stress_random,20001,402,402,r_402,0,qualified_ref,1,0,none,416459375,416475083,15708,3125,9458,83,1,0,random_50,0,1
1,stress_random,20001,403,403,r_403,0,qualified_ref,1,0,none,417484375,417500083,15708,3125,9458,83,1,0,random_50,0,1
1,stress_random,20001,404,404,r_404,0,qualified_ref,1,0,none,418509375,418525083,15708,3125,9458,83,1,0,random_50,0,1
1,stress_random,20001,405,405,r_405,0,qualified_ref,1,0,none,419534375,419550083,15708,3125,9458,83,1,0,random_50,0,1
1,stress_random,20001,406,406,r_406,0,qualified_ref,1,0,none,420559375,420575083,15708,3125,9458,83,1,0,random_50,0,1
1,stress_random,20001,407,407,r_407,0,qualified_ref,1,0,none,421584375,421600083,15708,3125,9458,83,1,0,random_50,0,1
1,stress_random,20001,408,408,r_408,0,qualified_ref,1,0,none,422609375,422625083,15708,3125,9458,83,1,0,random_50,0,1
1,stress_random,20001,409,409,r_409,0,qualified_ref,1,0,none,423634375,423650083,15708,3125,9458,83,1,0,random_50,0,1
1,stress_random,20001,410,410,r_410,0,qualified_ref,1,0,none,424659375,424675083,15708,3125,9458,83,1,0,random_50,0,1
1,stress_random,20001,411,411,r_411,0,qualified_ref,1,0,none,425684375,425700083,15708,3125,9458,83,1,0,random_50,0,1
1,stress_random,20001,412,412,r_412,0,qualified_ref,1,0,none,426709375,426725083,15708,3125,9458,83,1,0,random_50,0,1
1,stress_random,20001,413,413,r_413,0,qualified_ref,1,0,none,427734375,427750083,15708,3125,9458,83,1,0,random_50,0,1
1,stress_random,20001,414,414,r_414,0,qualified_ref,1,0,none,428759375,428775083,15708,3125,9458,83,1,0,random_50,0,1
1,stress_random,20001,415,415,r_415,0,qualified_ref,1,0,none,429784375,429800083,15708,3125,9458,83,1,0,random_50,0,1
1,stress_random,20001,416,416,r_416,0,qualified_ref,1,0,none,430809375,430825083,15708,3125,9458,83,1,0,random_50,0,1
1,stress_random,20001,417,417,r_417,0,qualified_ref,1,0,none,431834375,431850083,15708,3125,9458,83,1,0,random_50,0,1
1,stress_random,20001,418,418,r_418,0,qualified_ref,1,0,none,432859375,432875083,15708,3125,9458,83,1,0,random_50,0,1
1,stress_random,20001,419,419,r_419,0,qualified_ref,1,0,none,433884375,433900083,15708,3125,9458,83,1,0,random_50,0,1
1,stress_random,20001,420,420,r_420,0,qualified_ref,1,0,none,434909375,434925083,15708,3125,9458,83,1,0,random_50,0,1
1,stress_random,20001,421,421,r_421,0,qualified_ref,1,0,none,435934375,435950083,15708,3125,9458,83,1,0,random_50,0,1
1,stress_random,20001,422,422,r_422,0,qualified_ref,1,0,none,436959375,436975083,15708,3125,9458,83,1,0,random_50,0,1
1,stress_random,20001,423,423,r_423,0,qualified_ref,1,0,none,437984375,438000083,15708,3125,9458,83,1,0,random_50,0,1
1,stress_random,20001,424,424,r_424,0,qualified_ref,1,0,none,439009375,439025083,15708,3125,9458,83,1,0,random_50,0,1
1,stress_random,20001,425,425,r_425,0,qualified_ref,1,0,none,440034375,440050083,15708,3125,9458,83,1,0,random_50,0,1
1,stress_random,20001,426,426,r_426,0,qualified_ref,1,0,none,441059375,441075083,15708,3125,9458,83,1,0,random_50,0,1
1,stress_random,20001,427,427,r_427,0,qualified_ref,1,0,none,442084375,442100083,15708,3125,9458,83,1,0,random_50,0,1
1,stress_random,20001,428,428,r_428,0,qualified_ref,1,0,none,443109375,443125083,15708,3125,9458,83,1,0,random_50,0,1
1,stress_random,20001,429,429,r_429,0,qualified_ref,1,0,none,444134375,444150083,15708,3125,9458,83,1,0,random_50,0,1
1,stress_random,20001,430,430,r_430,0,qualified_ref,1,0,none,445159375,445175083,15708,3125,9458,83,1,0,random_50,0,1
1,stress_random,20001,431,431,r_431,0,qualified_ref,1,0,none,446184375,446200083,15708,3125,9458,83,1,0,random_50,0,1
1,stress_random,20001,432,432,r_432,0,qualified_ref,1,0,none,447209375,447225083,15708,3125,9458,83,1,0,random_50,0,1
1,stress_random,20001,433,433,r_433,0,qualified_ref,1,0,none,448234375,448250083,15708,3125,9458,83,1,0,random_50,0,1
1,stress_random,20001,434,434,r_434,0,qualified_ref,1,0,none,449259375,449275083,15708,3125,9458,83,1,0,random_50,0,1
1,stress_random,20001,435,435,r_435,0,qualified_ref,1,0,none,450284375,450300083,15708,3125,9458,83,1,0,random_50,0,1
1,stress_random,20001,436,436,r_436,0,qualified_ref,1,0,none,451309375,451325083,15708,3125,9458,83,1,0,random_50,0,1
1,stress_random,20001,437,437,r_437,0,qualified_ref,1,0,none,452334375,452350083,15708,3125,9458,83,1,0,random_50,0,1
1,stress_random,20001,438,438,r_438,0,qualified_ref,1,0,none,453359375,453375083,15708,3125,9458,83,1,0,random_50,0,1
1,stress_random,20001,439,439,r_439,0,qualified_ref,1,0,none,454384375,454400083,15708,3125,9458,83,1,0,random_50,0,1
1,stress_random,20001,440,440,r_440,0,qualified_ref,1,0,none,455409375,455425083,15708,3125,9458,83,1,0,random_50,0,1
1,stress_random,20001,441,441,r_441,0,qualified_ref,1,0,none,456434375,456450083,15708,3125,9458,83,1,0,random_50,0,1
1,stress_random,20001,442,442,r_442,0,qualified_ref,1,0,none,457459375,457475083,15708,3125,9458,83,1,0,random_50,0,1
1,stress_random,20001,443,443,r_443,0,qualified_ref,1,0,none,458484375,458500083,15708,3125,9458,83,1,0,random_50,0,1
1,stress_random,20001,444,444,r_444,0,qualified_ref,1,0,none,459509375,459525083,15708,3125,9458,83,1,0,random_50,0,1
1,stress_random,20001,445,445,r_445,0,qualified_ref,1,0,none,460534375,460550083,15708,3125,9458,83,1,0,random_50,0,1
1,stress_random,20001,446,446,r_446,0,qualified_ref,1,0,none,461559375,461575083,15708,3125,9458,83,1,0,random_50,0,1
1,stress_random,20001,447,447,r_447,0,qualified_ref,1,0,none,462584375,462600083,15708,3125,9458,83,1,0,random_50,0,1
1,stress_random,20001,448,448,r_448,0,qualified_ref,1,0,none,463609375,463625083,15708,3125,9458,83,1,0,random_50,0,1
1,stress_random,20001,449,449,r_449,0,qualified_ref,1,0,none,464634375,464650083,15708,3125,9458,83,1,0,random_50,0,1
1,stress_random,20001,450,450,r_450,0,qualified_ref,1,0,none,465659375,465675083,15708,3125,9458,83,1,0,random_50,0,1
1,stress_random,20001,451,451,r_451,0,qualified_ref,1,0,none,466684375,466700083,15708,3125,9458,83,1,0,random_50,0,1
1,stress_random,20001,452,452,r_452,0,qualified_ref,1,0,none,467709375,467725083,15708,3125,9458,83,1,0,random_50,0,1
1,stress_random,20001,453,453,r_453,0,qualified_ref,1,0,none,468734375,468750083,15708,3125,9458,83,1,0,random_50,0,1
1,stress_random,20001,454,454,r_454,0,qualified_ref,1,0,none,469759375,469775083,15708,3125,9458,83,1,0,random_50,0,1
1,stress_random,20001,455,455,r_455,0,qualified_ref,1,0,none,470784375,470800083,15708,3125,9458,83,1,0,random_50,0,1
1,stress_random,20001,456,456,r_456,0,qualified_ref,1,0,none,471809375,471825083,15708,3125,9458,83,1,0,random_50,0,1
1,stress_random,20001,457,457,r_457,0,qualified_ref,1,0,none,472834375,472850083,15708,3125,9458,83,1,0,random_50,0,1
1,stress_random,20001,458,458,r_458,0,qualified_ref,1,0,none,473859375,473875083,15708,3125,9458,83,1,0,random_50,0,1
1,stress_random,20001,459,459,r_459,0,qualified_ref,1,0,none,474884375,474900083,15708,3125,9458,83,1,0,random_50,0,1
1,stress_random,20001,460,460,r_460,0,qualified_ref,1,0,none,475909375,475925083,15708,3125,9458,83,1,0,random_50,0,1
1,stress_random,20001,461,461,r_461,0,qualified_ref,1,0,none,476934375,476950083,15708,3125,9458,83,1,0,random_50,0,1
1,stress_random,20001,462,462,r_462,0,qualified_ref,1,0,none,477959375,477975083,15708,3125,9458,83,1,0,random_50,0,1
1,stress_random,20001,463,463,r_463,0,qualified_ref,1,0,none,478984375,479000083,15708,3125,9458,83,1,0,random_50,0,1
1,stress_random,20001,464,464,r_464,0,qualified_ref,1,0,none,480009375,480025083,15708,3125,9458,83,1,0,random_50,0,1
1,stress_random,20001,465,465,r_465,0,qualified_ref,1,0,none,481034375,481050083,15708,3125,9458,83,1,0,random_50,0,1
1,stress_random,20001,466,466,r_466,0,qualified_ref,1,0,none,482059375,482075083,15708,3125,9458,83,1,0,random_50,0,1
1,stress_random,20001,467,467,r_467,0,qualified_ref,1,0,none,483084375,483100083,15708,3125,9458,83,1,0,random_50,0,1
1,stress_random,20001,468,468,r_468,0,qualified_ref,1,0,none,484109375,484125083,15708,3125,9458,83,1,0,random_50,0,1
1,stress_random,20001,469,469,r_469,0,qualified_ref,1,0,none,485134375,485150083,15708,3125,9458,83,1,0,random_50,0,1
1,stress_random,20001,470,470,r_470,0,qualified_ref,1,0,none,486159375,486175083,15708,3125,9458,83,1,0,random_50,0,1
1,stress_random,20001,471,471,r_471,0,qualified_ref,1,0,none,487184375,487200083,15708,3125,9458,83,1,0,random_50,0,1
1,stress_random,20001,472,472,r_472,0,qualified_ref,1,0,none,488209375,488225083,15708,3125,9458,83,1,0,random_50,0,1
1,stress_random,20001,473,473,r_473,0,qualified_ref,1,0,none,489234375,489250083,15708,3125,9458,83,1,0,random_50,0,1
1,stress_random,20001,474,474,r_474,0,qualified_ref,1,0,none,490259375,490275083,15708,3125,9458,83,1,0,random_50,0,1
1,stress_random,20001,475,475,r_475,0,qualified_ref,1,0,none,491284375,491300083,15708,3125,9458,83,1,0,random_50,0,1
1,stress_random,20001,476,476,r_476,0,qualified_ref,1,0,none,492309375,492325083,15708,3125,9458,83,1,0,random_50,0,1
1,stress_random,20001,477,477,r_477,0,qualified_ref,1,0,none,493334375,493350083,15708,3125,9458,83,1,0,random_50,0,1
1,stress_random,20001,478,478,r_478,0,qualified_ref,1,0,none,494359375,494375083,15708,3125,9458,83,1,0,random_50,0,1
1,stress_random,20001,479,479,r_479,0,qualified_ref,1,0,none,495384375,495400083,15708,3125,9458,83,1,0,random_50,0,1
1,stress_random,20001,480,480,r_480,0,qualified_ref,1,0,none,496409375,496425083,15708,3125,9458,83,1,0,random_50,0,1
1,stress_random,20001,481,481,r_481,0,qualified_ref,1,0,none,497434375,497450083,15708,3125,9458,83,1,0,random_50,0,1
1,stress_random,20001,482,482,r_482,0,qualified_ref,1,0,none,498459375,498475083,15708,3125,9458,83,1,0,random_50,0,1
1,stress_random,20001,483,483,r_483,0,qualified_ref,1,0,none,499484375,499500083,15708,3125,9458,83,1,0,random_50,0,1
1,stress_random,20001,484,484,r_484,0,qualified_ref,1,0,none,500509375,500525083,15708,3125,9458,83,1,0,random_50,0,1
1,stress_random,20001,485,485,r_485,0,qualified_ref,1,0,none,501534375,501550083,15708,3125,9458,83,1,0,random_50,0,1
1,stress_random,20001,486,486,r_486,0,qualified_ref,1,0,none,502559375,502575083,15708,3125,9458,83,1,0,random_50,0,1
1,stress_random,20001,487,487,r_487,0,qualified_ref,1,0,none,503584375,503600083,15708,3125,9458,83,1,0,random_50,0,1
1,stress_random,20001,488,488,r_488,0,qualified_ref,1,0,none,504609375,504625083,15708,3125,9458,83,1,0,random_50,0,1
1,stress_random,20001,489,489,r_489,0,qualified_ref,1,0,none,505634375,505650083,15708,3125,9458,83,1,0,random_50,0,1
1,stress_random,20001,490,490,r_490,0,qualified_ref,1,0,none,506659375,506675083,15708,3125,9458,83,1,0,random_50,0,1
1,stress_random,20001,491,491,r_491,0,qualified_ref,1,0,none,507684375,507700083,15708,3125,9458,83,1,0,random_50,0,1
1,stress_random,20001,492,492,r_492,0,qualified_ref,1,0,none,508709375,508725083,15708,3125,9458,83,1,0,random_50,0,1
1,stress_random,20001,493,493,r_493,0,qualified_ref,1,0,none,509734375,509750083,15708,3125,9458,83,1,0,random_50,0,1
1,stress_random,20001,494,494,r_494,0,qualified_ref,1,0,none,510759375,510775083,15708,3125,9458,83,1,0,random_50,0,1
1,stress_random,20001,495,495,r_495,0,qualified_ref,1,0,none,511784375,511800083,15708,3125,9458,83,1,0,random_50,0,1
1,stress_random,20001,496,496,r_496,0,qualified_ref,1,0,none,512809375,512825083,15708,3125,9458,83,1,0,random_50,0,1
1,stress_random,20001,497,497,r_497,0,qualified_ref,1,0,none,513834375,513850083,15708,3125,9458,83,1,0,random_50,0,1
1,stress_random,20001,498,498,r_498,0,qualified_ref,1,0,none,514859375,514875083,15708,3125,9458,83,1,0,random_50,0,1
1,stress_random,20001,499,499,r_499,0,qualified_ref,1,0,none,515884375,515900083,15708,3125,9458,83,1,0,random_50,0,1
1,stress_random,20001,500,500,r_500,1,qualified_ref,1,0,none,521009375,521025083,15708,3125,9458,83,2,0,random_50,0,1
1,stress_random,20001,501,501,r_501,1,qualified_ref,1,0,none,522034375,522050083,15708,3125,9458,83,2,0,random_50,0,1
1,stress_random,20001,502,502,r_502,1,qualified_ref,1,0,none,523059375,523075083,15708,3125,9458,83,2,0,random_50,0,1
1,stress_random,20001,503,503,r_503,1,qualified_ref,1,0,none,524084375,524100083,15708,3125,9458,83,2,0,random_50,0,1
1,stress_random,20001,504,504,r_504,1,qualified_ref,1,0,none,525109375,525125083,15708,3125,9458,83,2,0,random_50,0,1
1,stress_random,20001,505,505,r_505,1,qualified_ref,1,0,none,526134375,526150083,15708,3125,9458,83,2,0,random_50,0,1
1,stress_random,20001,506,506,r_506,1,qualified_ref,1,0,none,527159375,527175083,15708,3125,9458,83,2,0,random_50,0,1
1,stress_random,20001,507,507,r_507,1,qualified_ref,1,0,none,528184375,528200083,15708,3125,9458,83,2,0,random_50,0,1
1,stress_random,20001,508,508,r_508,1,qualified_ref,1,0,none,529209375,529225083,15708,3125,9458,83,2,0,random_50,0,1
1,stress_random,20001,509,509,r_509,1,qualified_ref,1,0,none,530234375,530250083,15708,3125,9458,83,2,0,random_50,0,1
1,stress_random,20001,510,510,r_510,1,qualified_ref,1,0,none,531259375,531275083,15708,3125,9458,83,2,0,random_50,0,1
1,stress_random,20001,511,511,r_511,1,qualified_ref,1,0,none,532284375,532300083,15708,3125,9458,83,2,0,random_50,0,1
1,stress_random,20001,512,512,r_512,1,qualified_ref,1,0,none,533309375,533325083,15708,3125,9458,83,2,0,random_50,0,1
1,stress_random,20001,513,513,r_513,1,qualified_ref,1,0,none,534334375,534350083,15708,3125,9458,83,2,0,random_50,0,1
1,stress_random,20001,514,514,r_514,1,qualified_ref,1,0,none,535359375,535375083,15708,3125,9458,83,2,0,random_50,0,1
1,stress_random,20001,515,515,r_515,1,qualified_ref,1,0,none,536384375,536400083,15708,3125,9458,83,2,0,random_50,0,1
1,stress_random,20001,516,516,r_516,1,qualified_ref,1,0,none,537409375,537425083,15708,3125,9458,83,2,0,random_50,0,1
1,stress_random,20001,517,517,r_517,1,qualified_ref,1,0,none,538434375,538450083,15708,3125,9458,83,2,0,random_50,0,1
1,stress_random,20001,518,518,r_518,1,qualified_ref,1,0,none,539459375,539475083,15708,3125,9458,83,2,0,random_50,0,1
1,stress_random,20001,519,519,r_519,1,qualified_ref,1,0,none,540484375,540500083,15708,3125,9458,83,2,0,random_50,0,1
1,stress_random,20001,520,520,r_520,1,qualified_ref,1,0,none,541509375,541525083,15708,3125,9458,83,2,0,random_50,0,1
1,stress_random,20001,521,521,r_521,1,qualified_ref,1,0,none,542534375,542550083,15708,3125,9458,83,2,0,random_50,0,1
1,stress_random,20001,522,522,r_522,1,qualified_ref,1,0,none,543559375,543575083,15708,3125,9458,83,2,0,random_50,0,1
1,stress_random,20001,523,523,r_523,1,qualified_ref,1,0,none,544584375,544600083,15708,3125,9458,83,2,0,random_50,0,1
1,stress_random,20001,524,524,r_524,1,qualified_ref,1,0,none,545609375,545625083,15708,3125,9458,83,2,0,random_50,0,1
1,stress_random,20001,525,525,r_525,1,qualified_ref,1,0,none,546634375,546650083,15708,3125,9458,83,2,0,random_50,0,1
1,stress_random,20001,526,526,r_526,1,qualified_ref,1,0,none,547659375,547675083,15708,3125,9458,83,2,0,random_50,0,1
1,stress_random,20001,527,527,r_527,1,qualified_ref,1,0,none,548684375,548700083,15708,3125,9458,83,2,0,random_50,0,1
1,stress_random,20001,528,528,r_528,1,qualified_ref,1,0,none,549709375,549725083,15708,3125,9458,83,2,0,random_50,0,1
1,stress_random,20001,529,529,r_529,1,qualified_ref,1,0,none,550734375,550750083,15708,3125,9458,83,2,0,random_50,0,1
1,stress_random,20001,530,530,r_530,1,qualified_ref,1,0,none,551759375,551775083,15708,3125,9458,83,2,0,random_50,0,1
1,stress_random,20001,531,531,r_531,1,qualified_ref,1,0,none,552784375,552800083,15708,3125,9458,83,2,0,random_50,0,1
1,stress_random,20001,532,532,r_532,1,qualified_ref,1,0,none,553809375,553825083,15708,3125,9458,83,2,0,random_50,0,1
1,stress_random,20001,533,533,r_533,1,qualified_ref,1,0,none,554834375,554850083,15708,3125,9458,83,2,0,random_50,0,1
1,stress_random,20001,534,534,r_534,1,qualified_ref,1,0,none,555859375,555875083,15708,3125,9458,83,2,0,random_50,0,1
1,stress_random,20001,535,535,r_535,1,qualified_ref,1,0,none,556884375,556900083,15708,3125,9458,83,2,0,random_50,0,1
1,stress_random,20001,536,536,r_536,1,qualified_ref,1,0,none,557909375,557925083,15708,3125,9458,83,2,0,random_50,0,1
1,stress_random,20001,537,537,r_537,1,qualified_ref,1,0,none,558934375,558950083,15708,3125,9458,83,2,0,random_50,0,1
1,stress_random,20001,538,538,r_538,1,qualified_ref,1,0,none,559959375,559975083,15708,3125,9458,83,2,0,random_50,0,1
1,stress_random,20001,539,539,r_539,1,qualified_ref,1,0,none,560984375,561000083,15708,3125,9458,83,2,0,random_50,0,1
1,stress_random,20001,540,540,r_540,1,qualified_ref,1,0,none,562009375,562025083,15708,3125,9458,83,2,0,random_50,0,1
1,stress_random,20001,541,541,r_541,1,qualified_ref,1,0,none,563034375,563050083,15708,3125,9458,83,2,0,random_50,0,1
1,stress_random,20001,542,542,r_542,1,qualified_ref,1,0,none,564059375,564075083,15708,3125,9458,83,2,0,random_50,0,1
1,stress_random,20001,543,543,r_543,1,qualified_ref,1,0,none,565084375,565100083,15708,3125,9458,83,2,0,random_50,0,1
1,stress_random,20001,544,544,r_544,1,qualified_ref,1,0,none,566109375,566125083,15708,3125,9458,83,2,0,random_50,0,1
1,stress_random,20001,545,545,r_545,1,qualified_ref,1,0,none,567134375,567150083,15708,3125,9458,83,2,0,random_50,0,1
1,stress_random,20001,546,546,r_546,1,qualified_ref,1,0,none,568159375,568175083,15708,3125,9458,83,2,0,random_50,0,1
1,stress_random,20001,547,547,r_547,1,qualified_ref,1,0,none,569184375,569200083,15708,3125,9458,83,2,0,random_50,0,1
1,stress_random,20001,548,548,r_548,1,qualified_ref,1,0,none,570209375,570225083,15708,3125,9458,83,2,0,random_50,0,1
1,stress_random,20001,549,549,r_549,1,qualified_ref,1,0,none,571234375,571250083,15708,3125,9458,83,2,0,random_50,0,1
1,stress_random,20001,550,550,r_550,1,qualified_ref,1,0,none,572259375,572275083,15708,3125,9458,83,2,0,random_50,0,1
1,stress_random,20001,551,551,r_551,1,qualified_ref,1,0,none,573284375,573300083,15708,3125,9458,83,2,0,random_50,0,1
1,stress_random,20001,552,552,r_552,1,qualified_ref,1,0,none,574309375,574325083,15708,3125,9458,83,2,0,random_50,0,1
1,stress_random,20001,553,553,r_553,1,qualified_ref,1,0,none,575334375,575350083,15708,3125,9458,83,2,0,random_50,0,1
1,stress_random,20001,554,554,r_554,1,qualified_ref,1,0,none,576359375,576375083,15708,3125,9458,83,2,0,random_50,0,1
1,stress_random,20001,555,555,r_555,1,qualified_ref,1,0,none,577384375,577400083,15708,3125,9458,83,2,0,random_50,0,1
1,stress_random,20001,556,556,r_556,1,qualified_ref,1,0,none,578409375,578425083,15708,3125,9458,83,2,0,random_50,0,1
1,stress_random,20001,557,557,r_557,1,qualified_ref,1,0,none,579434375,579450083,15708,3125,9458,83,2,0,random_50,0,1
1,stress_random,20001,558,558,r_558,1,qualified_ref,1,0,none,580459375,580475083,15708,3125,9458,83,2,0,random_50,0,1
1,stress_random,20001,559,559,r_559,1,qualified_ref,1,0,none,581484375,581500083,15708,3125,9458,83,2,0,random_50,0,1
1,stress_random,20001,560,560,r_560,1,qualified_ref,1,0,none,582509375,582525083,15708,3125,9458,83,2,0,random_50,0,1
1,stress_random,20001,561,561,r_561,1,qualified_ref,1,0,none,583534375,583550083,15708,3125,9458,83,2,0,random_50,0,1
1,stress_random,20001,562,562,r_562,1,qualified_ref,1,0,none,584559375,584575083,15708,3125,9458,83,2,0,random_50,0,1
1,stress_random,20001,563,563,r_563,1,qualified_ref,1,0,none,585584375,585600083,15708,3125,9458,83,2,0,random_50,0,1
1,stress_random,20001,564,564,r_564,1,qualified_ref,1,0,none,586609375,586625083,15708,3125,9458,83,2,0,random_50,0,1
1,stress_random,20001,565,565,r_565,1,qualified_ref,1,0,none,587634375,587650083,15708,3125,9458,83,2,0,random_50,0,1
1,stress_random,20001,566,566,r_566,1,qualified_ref,1,0,none,588659375,588675083,15708,3125,9458,83,2,0,random_50,0,1
1,stress_random,20001,567,567,r_567,1,qualified_ref,1,0,none,589684375,589700083,15708,3125,9458,83,2,0,random_50,0,1
1,stress_random,20001,568,568,r_568,1,qualified_ref,1,0,none,590709375,590725083,15708,3125,9458,83,2,0,random_50,0,1
1,stress_random,20001,569,569,r_569,1,qualified_ref,1,0,none,591734375,591750083,15708,3125,9458,83,2,0,random_50,0,1
1,stress_random,20001,570,570,r_570,1,qualified_ref,1,0,none,592759375,592775083,15708,3125,9458,83,2,0,random_50,0,1
1,stress_random,20001,571,571,r_571,1,qualified_ref,1,0,none,593784375,593800083,15708,3125,9458,83,2,0,random_50,0,1
1,stress_random,20001,572,572,r_572,1,qualified_ref,1,0,none,594809375,594825083,15708,3125,9458,83,2,0,random_50,0,1
1,stress_random,20001,573,573,r_573,1,qualified_ref,1,0,none,595834375,595850083,15708,3125,9458,83,2,0,random_50,0,1
1,stress_random,20001,574,574,r_574,1,qualified_ref,1,0,none,596859375,596875083,15708,3125,9458,83,2,0,random_50,0,1
1,stress_random,20001,575,575,r_575,1,qualified_ref,1,0,none,597884375,597900083,15708,3125,9458,83,2,0,random_50,0,1
1,stress_random,20001,576,576,r_576,1,qualified_ref,1,0,none,598909375,598925083,15708,3125,9458,83,2,0,random_50,0,1
1,stress_random,20001,577,577,r_577,1,qualified_ref,1,0,none,599934375,599950083,15708,3125,9458,83,2,0,random_50,0,1
1,stress_random,20001,578,578,r_578,1,qualified_ref,1,0,none,600959375,600975083,15708,3125,9458,83,2,0,random_50,0,1
1,stress_random,20001,579,579,r_579,1,qualified_ref,1,0,none,601984375,602000083,15708,3125,9458,83,2,0,random_50,0,1
1,stress_random,20001,580,580,r_580,1,qualified_ref,1,0,none,603009375,603025083,15708,3125,9458,83,2,0,random_50,0,1
1,stress_random,20001,581,581,r_581,1,qualified_ref,1,0,none,604034375,604050083,15708,3125,9458,83,2,0,random_50,0,1
1,stress_random,20001,582,582,r_582,1,qualified_ref,1,0,none,605059375,605075083,15708,3125,9458,83,2,0,random_50,0,1
1,stress_random,20001,583,583,r_583,1,qualified_ref,1,0,none,606084375,606100083,15708,3125,9458,83,2,0,random_50,0,1
1,stress_random,20001,584,584,r_584,1,qualified_ref,1,0,none,607109375,607125083,15708,3125,9458,83,2,0,random_50,0,1
1,stress_random,20001,585,585,r_585,1,qualified_ref,1,0,none,608134375,608150083,15708,3125,9458,83,2,0,random_50,0,1
1,stress_random,20001,586,586,r_586,1,qualified_ref,1,0,none,609159375,609175083,15708,3125,9458,83,2,0,random_50,0,1
1,stress_random,20001,587,587,r_587,1,qualified_ref,1,0,none,610184375,610200083,15708,3125,9458,83,2,0,random_50,0,1
1,stress_random,20001,588,588,r_588,1,qualified_ref,1,0,none,611209375,611225083,15708,3125,9458,83,2,0,random_50,0,1
1,stress_random,20001,589,589,r_589,1,qualified_ref,1,0,none,612234375,612250083,15708,3125,9458,83,2,0,random_50,0,1
1,stress_random,20001,590,590,r_590,1,qualified_ref,1,0,none,613259375,613275083,15708,3125,9458,83,2,0,random_50,0,1
1,stress_random,20001,591,591,r_591,1,qualified_ref,1,0,none,614284375,614300083,15708,3125,9458,83,2,0,random_50,0,1
1,stress_random,20001,592,592,r_592,1,qualified_ref,1,0,none,615309375,615325083,15708,3125,9458,83,2,0,random_50,0,1
1,stress_random,20001,593,593,r_593,1,qualified_ref,1,0,none,616334375,616350083,15708,3125,9458,83,2,0,random_50,0,1
1,stress_random,20001,594,594,r_594,1,qualified_ref,1,0,none,617359375,617375083,15708,3125,9458,83,2,0,random_50,0,1
1,stress_random,20001,595,595,r_595,1,qualified_ref,1,0,none,618384375,618400083,15708,3125,9458,83,2,0,random_50,0,1
1,stress_random,20001,596,596,r_596,1,qualified_ref,1,0,none,619409375,619425083,15708,3125,9458,83,2,0,random_50,0,1
1,stress_random,20001,597,597,r_597,1,qualified_ref,1,0,none,620434375,620450083,15708,3125,9458,83,2,0,random_50,0,1
1,stress_random,20001,598,598,r_598,1,qualified_ref,1,0,none,621459375,621475083,15708,3125,9458,83,2,0,random_50,0,1
1,stress_random,20001,599,599,r_599,1,qualified_ref,1,0,none,622484375,622500083,15708,3125,9458,83,2,0,random_50,0,1
1,stress_random,20001,600,600,r_600,1,qualified_ref,1,0,none,623509375,623525083,15708,3125,9458,83,2,0,random_50,0,1
1,stress_random,20001,601,601,r_601,1,qualified_ref,1,0,none,624534375,624550083,15708,3125,9458,83,2,0,random_50,0,1
1,stress_random,20001,602,602,r_602,1,qualified_ref,1,0,none,625559375,625575083,15708,3125,9458,83,2,0,random_50,0,1
1,stress_random,20001,603,603,r_603,1,qualified_ref,1,0,none,626584375,626600083,15708,3125,9458,83,2,0,random_50,0,1
1,stress_random,20001,604,604,r_604,1,qualified_ref,1,0,none,627609375,627625083,15708,3125,9458,83,2,0,random_50,0,1
1,stress_random,20001,605,605,r_605,1,qualified_ref,1,0,none,628634375,628650083,15708,3125,9458,83,2,0,random_50,0,1
1,stress_random,20001,606,606,r_606,1,qualified_ref,1,0,none,629659375,629675083,15708,3125,9458,83,2,0,random_50,0,1
1,stress_random,20001,607,607,r_607,1,qualified_ref,1,0,none,630684375,630700083,15708,3125,9458,83,2,0,random_50,0,1
1,stress_random,20001,608,608,r_608,1,qualified_ref,1,0,none,631709375,631725083,15708,3125,9458,83,2,0,random_50,0,1
1,stress_random,20001,609,609,r_609,1,qualified_ref,1,0,none,632734375,632750083,15708,3125,9458,83,2,0,random_50,0,1
1,stress_random,20001,610,610,r_610,1,qualified_ref,1,0,none,633759375,633775083,15708,3125,9458,83,2,0,random_50,0,1
1,stress_random,20001,611,611,r_611,1,qualified_ref,1,0,none,634784375,634800083,15708,3125,9458,83,2,0,random_50,0,1
1,stress_random,20001,612,612,r_612,1,qualified_ref,1,0,none,635809375,635825083,15708,3125,9458,83,2,0,random_50,0,1
1,stress_random,20001,613,613,r_613,1,qualified_ref,1,0,none,636834375,636850083,15708,3125,9458,83,2,0,random_50,0,1
1,stress_random,20001,614,614,r_614,1,qualified_ref,1,0,none,637859375,637875083,15708,3125,9458,83,2,0,random_50,0,1
1,stress_random,20001,615,615,r_615,1,qualified_ref,1,0,none,638884375,638900083,15708,3125,9458,83,2,0,random_50,0,1
1,stress_random,20001,616,616,r_616,1,qualified_ref,1,0,none,639909375,639925083,15708,3125,9458,83,2,0,random_50,0,1
1,stress_random,20001,617,617,r_617,1,qualified_ref,1,0,none,640934375,640950083,15708,3125,9458,83,2,0,random_50,0,1
1,stress_random,20001,618,618,r_618,1,qualified_ref,1,0,none,641959375,641975083,15708,3125,9458,83,2,0,random_50,0,1
1,stress_random,20001,619,619,r_619,1,qualified_ref,1,0,none,642984375,643000083,15708,3125,9458,83,2,0,random_50,0,1
1,stress_random,20001,620,620,r_620,1,qualified_ref,1,0,none,644009375,644025083,15708,3125,9458,83,2,0,random_50,0,1
1,stress_random,20001,621,621,r_621,1,qualified_ref,1,0,none,645034375,645050083,15708,3125,9458,83,2,0,random_50,0,1
1,stress_random,20001,622,622,r_622,1,qualified_ref,1,0,none,646059375,646075083,15708,3125,9458,83,2,0,random_50,0,1
1,stress_random,20001,623,623,r_623,1,qualified_ref,1,0,none,647084375,647100083,15708,3125,9458,83,2,0,random_50,0,1
1,stress_random,20001,624,624,r_624,1,qualified_ref,1,0,none,648109375,648125083,15708,3125,9458,83,2,0,random_50,0,1
1,stress_random,20001,625,625,r_625,1,qualified_ref,1,0,none,649134375,649150083,15708,3125,9458,83,2,0,random_50,0,1
1,stress_random,20001,626,626,r_626,1,qualified_ref,1,0,none,650159375,650175083,15708,3125,9458,83,2,0,random_50,0,1
1,stress_random,20001,627,627,r_627,1,qualified_ref,1,0,none,651184375,651200083,15708,3125,9458,83,2,0,random_50,0,1
1,stress_random,20001,628,628,r_628,1,qualified_ref,1,0,none,652209375,652225083,15708,3125,9458,83,2,0,random_50,0,1
1,stress_random,20001,629,629,r_629,1,qualified_ref,1,0,none,653234375,653250083,15708,3125,9458,83,2,0,random_50,0,1
1,stress_random,20001,630,630,r_630,1,qualified_ref,1,0,none,654259375,654275083,15708,3125,9458,83,2,0,random_50,0,1
1,stress_random,20001,631,631,r_631,1,qualified_ref,1,0,none,655284375,655300083,15708,3125,9458,83,2,0,random_50,0,1
1,stress_random,20001,632,632,r_632,1,qualified_ref,1,0,none,656309375,656325083,15708,3125,9458,83,2,0,random_50,0,1
1,stress_random,20001,633,633,r_633,1,qualified_ref,1,0,none,657334375,657350083,15708,3125,9458,83,2,0,random_50,0,1
1,stress_random,20001,634,634,r_634,1,qualified_ref,1,0,none,658359375,658375083,15708,3125,9458,83,2,0,random_50,0,1
1,stress_random,20001,635,635,r_635,1,qualified_ref,1,0,none,659384375,659400083,15708,3125,9458,83,2,0,random_50,0,1
1,stress_random,20001,636,636,r_636,1,qualified_ref,1,0,none,660409375,660425083,15708,3125,9458,83,2,0,random_50,0,1
1,stress_random,20001,637,637,r_637,1,qualified_ref,1,0,none,661434375,661450083,15708,3125,9458,83,2,0,random_50,0,1
1,stress_random,20001,638,638,r_638,1,qualified_ref,1,0,none,662459375,662475083,15708,3125,9458,83,2,0,random_50,0,1
1,stress_random,20001,639,639,r_639,1,qualified_ref,1,0,none,663484375,663500083,15708,3125,9458,83,2,0,random_50,0,1
1,stress_random,20001,640,640,r_640,1,qualified_ref,1,0,none,664509375,664525083,15708,3125,9458,83,2,0,random_50,0,1
1,stress_random,20001,641,641,r_641,1,qualified_ref,1,0,none,665534375,665550083,15708,3125,9458,83,2,0,random_50,0,1
1,stress_random,20001,642,642,r_642,1,qualified_ref,1,0,none,666559375,666575083,15708,3125,9458,83,2,0,random_50,0,1
1,stress_random,20001,643,643,r_643,1,qualified_ref,1,0,none,667584375,667600083,15708,3125,9458,83,2,0,random_50,0,1
1,stress_random,20001,644,644,r_644,1,qualified_ref,1,0,none,668609375,668625083,15708,3125,9458,83,2,0,random_50,0,1
1,stress_random,20001,645,645,r_645,1,qualified_ref,1,0,none,669634375,669650083,15708,3125,9458,83,2,0,random_50,0,1
1,stress_random,20001,646,646,r_646,1,qualified_ref,1,0,none,670659375,670675083,15708,3125,9458,83,2,0,random_50,0,1
1,stress_random,20001,647,647,r_647,1,qualified_ref,1,0,none,671684375,671700083,15708,3125,9458,83,2,0,random_50,0,1
1,stress_random,20001,648,648,r_648,1,qualified_ref,1,0,none,672709375,672725083,15708,3125,9458,83,2,0,random_50,0,1
1,stress_random,20001,649,649,r_649,1,qualified_ref,1,0,none,673734375,673750083,15708,3125,9458,83,2,0,random_50,0,1
1,stress_random,20001,650,650,r_650,1,qualified_ref,1,0,none,674759375,674775083,15708,3125,9458,83,2,0,random_50,0,1
1,stress_random,20001,651,651,r_651,1,qualified_ref,1,0,none,675784375,675800083,15708,3125,9458,83,2,0,random_50,0,1
1,stress_random,20001,652,652,r_652,1,qualified_ref,1,0,none,676809375,676825083,15708,3125,9458,83,2,0,random_50,0,1
1,stress_random,20001,653,653,r_653,1,qualified_ref,1,0,none,677834375,677850083,15708,3125,9458,83,2,0,random_50,0,1
1,stress_random,20001,654,654,r_654,1,qualified_ref,1,0,none,678859375,678875083,15708,3125,9458,83,2,0,random_50,0,1
1,stress_random,20001,655,655,r_655,1,qualified_ref,1,0,none,679884375,679900083,15708,3125,9458,83,2,0,random_50,0,1
1,stress_random,20001,656,656,r_656,1,qualified_ref,1,0,none,680909375,680925083,15708,3125,9458,83,2,0,random_50,0,1
1,stress_random,20001,657,657,r_657,1,qualified_ref,1,0,none,681934375,681950083,15708,3125,9458,83,2,0,random_50,0,1
1,stress_random,20001,658,658,r_658,1,qualified_ref,1,0,none,682959375,682975083,15708,3125,9458,83,2,0,random_50,0,1
1,stress_random,20001,659,659,r_659,1,qualified_ref,1,0,none,683984375,684000083,15708,3125,9458,83,2,0,random_50,0,1
1,stress_random,20001,660,660,r_660,1,qualified_ref,1,0,none,685009375,685025083,15708,3125,9458,83,2,0,random_50,0,1
1,stress_random,20001,661,661,r_661,1,qualified_ref,1,0,none,686034375,686050083,15708,3125,9458,83,2,0,random_50,0,1
1,stress_random,20001,662,662,r_662,1,qualified_ref,1,0,none,687059375,687075083,15708,3125,9458,83,2,0,random_50,0,1
1,stress_random,20001,663,663,r_663,1,qualified_ref,1,0,none,688084375,688100083,15708,3125,9458,83,2,0,random_50,0,1
1,stress_random,20001,664,664,r_664,1,qualified_ref,1,0,none,689109375,689125083,15708,3125,9458,83,2,0,random_50,0,1
1,stress_random,20001,665,665,r_665,1,qualified_ref,1,0,none,690134375,690150083,15708,3125,9458,83,2,0,random_50,0,1
1,stress_random,20001,666,666,r_666,1,qualified_ref,1,0,none,691159375,691175083,15708,3125,9458,83,2,0,random_50,0,1
1,stress_random,20001,667,667,r_667,1,qualified_ref,1,0,none,692184375,692200083,15708,3125,9458,83,2,0,random_50,0,1
1,stress_random,20001,668,668,r_668,1,qualified_ref,1,0,none,693209375,693225083,15708,3125,9458,83,2,0,random_50,0,1
1,stress_random,20001,669,669,r_669,1,qualified_ref,1,0,none,694234375,694250083,15708,3125,9458,83,2,0,random_50,0,1
1,stress_random,20001,670,670,r_670,1,qualified_ref,1,0,none,695259375,695275083,15708,3125,9458,83,2,0,random_50,0,1
1,stress_random,20001,671,671,r_671,1,qualified_ref,1,0,none,696284375,696300083,15708,3125,9458,83,2,0,random_50,0,1
1,stress_random,20001,672,672,r_672,1,qualified_ref,1,0,none,697309375,697325083,15708,3125,9458,83,2,0,random_50,0,1
1,stress_random,20001,673,673,r_673,1,qualified_ref,1,0,none,698334375,698350083,15708,3125,9458,83,2,0,random_50,0,1
1,stress_random,20001,674,674,r_674,1,qualified_ref,1,0,none,699359375,699375083,15708,3125,9458,83,2,0,random_50,0,1
1,stress_random,20001,675,675,r_675,1,qualified_ref,1,0,none,700384375,700400083,15708,3125,9458,83,2,0,random_50,0,1
1,stress_random,20001,676,676,r_676,1,qualified_ref,1,0,none,701409375,701425083,15708,3125,9458,83,2,0,random_50,0,1
1,stress_random,20001,677,677,r_677,1,qualified_ref,1,0,none,702434375,702450083,15708,3125,9458,83,2,0,random_50,0,1
1,stress_random,20001,678,678,r_678,1,qualified_ref,1,0,none,703459375,703475083,15708,3125,9458,83,2,0,random_50,0,1
1,stress_random,20001,679,679,r_679,1,qualified_ref,1,0,none,704484375,704500083,15708,3125,9458,83,2,0,random_50,0,1
1,stress_random,20001,680,680,r_680,1,qualified_ref,1,0,none,705509375,705525083,15708,3125,9458,83,2,0,random_50,0,1
1,stress_random,20001,681,681,r_681,1,qualified_ref,1,0,none,706534375,706550083,15708,3125,9458,83,2,0,random_50,0,1
1,stress_random,20001,682,682,r_682,1,qualified_ref,1,0,none,707559375,707575083,15708,3125,9458,83,2,0,random_50,0,1
1,stress_random,20001,683,683,r_683,1,qualified_ref,1,0,none,708584375,708600083,15708,3125,9458,83,2,0,random_50,0,1
1,stress_random,20001,684,684,r_684,1,qualified_ref,1,0,none,709609375,709625083,15708,3125,9458,83,2,0,random_50,0,1
1,stress_random,20001,685,685,r_685,1,qualified_ref,1,0,none,710634375,710650083,15708,3125,9458,83,2,0,random_50,0,1
1,stress_random,20001,686,686,r_686,1,qualified_ref,1,0,none,711659375,711675083,15708,3125,9458,83,2,0,random_50,0,1
1,stress_random,20001,687,687,r_687,1,qualified_ref,1,0,none,712684375,712700083,15708,3125,9458,83,2,0,random_50,0,1
1,stress_random,20001,688,688,r_688,1,qualified_ref,1,0,none,713709375,713725083,15708,3125,9458,83,2,0,random_50,0,1
1,stress_random,20001,689,689,r_689,1,qualified_ref,1,0,none,714734375,714750083,15708,3125,9458,83,2,0,random_50,0,1
1,stress_random,20001,690,690,r_690,1,qualified_ref,1,0,none,715759375,715775083,15708,3125,9458,83,2,0,random_50,0,1
1,stress_random,20001,691,691,r_691,1,qualified_ref,1,0,none,716784375,716800083,15708,3125,9458,83,2,0,random_50,0,1
1,stress_random,20001,692,692,r_692,1,qualified_ref,1,0,none,717809375,717825083,15708,3125,9458,83,2,0,random_50,0,1
1,stress_random,20001,693,693,r_693,1,qualified_ref,1,0,none,718834375,718850083,15708,3125,9458,83,2,0,random_50,0,1
1,stress_random,20001,694,694,r_694,1,qualified_ref,1,0,none,719859375,719875083,15708,3125,9458,83,2,0,random_50,0,1
1,stress_random,20001,695,695,r_695,1,qualified_ref,1,0,none,720884375,720900083,15708,3125,9458,83,2,0,random_50,0,1
1,stress_random,20001,696,696,r_696,1,qualified_ref,1,0,none,721909375,721925083,15708,3125,9458,83,2,0,random_50,0,1
1,stress_random,20001,697,697,r_697,1,qualified_ref,1,0,none,722934375,722950083,15708,3125,9458,83,2,0,random_50,0,1
1,stress_random,20001,698,698,r_698,1,qualified_ref,1,0,none,723959375,723975083,15708,3125,9458,83,2,0,random_50,0,1
1,stress_random,20001,699,699,r_699,1,qualified_ref,1,0,none,724984375,725000083,15708,3125,9458,83,2,0,random_50,0,1
1,stress_random,20001,700,700,r_700,1,qualified_ref,1,0,none,726009375,726025083,15708,3125,9458,83,2,0,random_50,0,1
1,stress_random,20001,701,701,r_701,1,qualified_ref,1,0,none,727034375,727050083,15708,3125,9458,83,2,0,random_50,0,1
1,stress_random,20001,702,702,r_702,1,qualified_ref,1,0,none,728059375,728075083,15708,3125,9458,83,2,0,random_50,0,1
1,stress_random,20001,703,703,r_703,1,qualified_ref,1,0,none,729084375,729100083,15708,3125,9458,83,2,0,random_50,0,1
1,stress_random,20001,704,704,r_704,1,qualified_ref,1,0,none,730109375,730125083,15708,3125,9458,83,2,0,random_50,0,1
1,stress_random,20001,705,705,r_705,1,qualified_ref,1,0,none,731134375,731150083,15708,3125,9458,83,2,0,random_50,0,1
1,stress_random,20001,706,706,r_706,1,qualified_ref,1,0,none,732159375,732175083,15708,3125,9458,83,2,0,random_50,0,1
1,stress_random,20001,707,707,r_707,1,qualified_ref,1,0,none,733184375,733200083,15708,3125,9458,83,2,0,random_50,0,1
1,stress_random,20001,708,708,r_708,1,qualified_ref,1,0,none,734209375,734225083,15708,3125,9458,83,2,0,random_50,0,1
1,stress_random,20001,709,709,r_709,1,qualified_ref,1,0,none,735234375,735250083,15708,3125,9458,83,2,0,random_50,0,1
1,stress_random,20001,710,710,r_710,1,qualified_ref,1,0,none,736259375,736275083,15708,3125,9458,83,2,0,random_50,0,1
1,stress_random,20001,711,711,r_711,1,qualified_ref,1,0,none,737284375,737300083,15708,3125,9458,83,2,0,random_50,0,1
1,stress_random,20001,712,712,r_712,1,qualified_ref,1,0,none,738309375,738325083,15708,3125,9458,83,2,0,random_50,0,1
1,stress_random,20001,713,713,r_713,1,qualified_ref,1,0,none,739334375,739350083,15708,3125,9458,83,2,0,random_50,0,1
1,stress_random,20001,714,714,r_714,1,qualified_ref,1,0,none,740359375,740375083,15708,3125,9458,83,2,0,random_50,0,1
1,stress_random,20001,715,715,r_715,1,qualified_ref,1,0,none,741384375,741400083,15708,3125,9458,83,2,0,random_50,0,1
1,stress_random,20001,716,716,r_716,1,qualified_ref,1,0,none,742409375,742425083,15708,3125,9458,83,2,0,random_50,0,1
1,stress_random,20001,717,717,r_717,1,qualified_ref,1,0,none,743434375,743450083,15708,3125,9458,83,2,0,random_50,0,1
1,stress_random,20001,718,718,r_718,1,qualified_ref,1,0,none,744459375,744475083,15708,3125,9458,83,2,0,random_50,0,1
1,stress_random,20001,719,719,r_719,1,qualified_ref,1,0,none,745484375,745500083,15708,3125,9458,83,2,0,random_50,0,1
1,stress_random,20001,720,720,r_720,1,qualified_ref,1,0,none,746509375,746525083,15708,3125,9458,83,2,0,random_50,0,1
1,stress_random,20001,721,721,r_721,1,qualified_ref,1,0,none,747534375,747550083,15708,3125,9458,83,2,0,random_50,0,1
1,stress_random,20001,722,722,r_722,1,qualified_ref,1,0,none,748559375,748575083,15708,3125,9458,83,2,0,random_50,0,1
1,stress_random,20001,723,723,r_723,1,qualified_ref,1,0,none,749584375,749600083,15708,3125,9458,83,2,0,random_50,0,1
1,stress_random,20001,724,724,r_724,1,qualified_ref,1,0,none,750609375,750625083,15708,3125,9458,83,2,0,random_50,0,1
1,stress_random,20001,725,725,r_725,1,qualified_ref,1,0,none,751634375,751650083,15708,3125,9458,83,2,0,random_50,0,1
1,stress_random,20001,726,726,r_726,1,qualified_ref,1,0,none,752659375,752675083,15708,3125,9458,83,2,0,random_50,0,1
1,stress_random,20001,727,727,r_727,1,qualified_ref,1,0,none,753684375,753700083,15708,3125,9458,83,2,0,random_50,0,1
1,stress_random,20001,728,728,r_728,1,qualified_ref,1,0,none,754709375,754725083,15708,3125,9458,83,2,0,random_50,0,1
1,stress_random,20001,729,729,r_729,1,qualified_ref,1,0,none,755734375,755750083,15708,3125,9458,83,2,0,random_50,0,1
1,stress_random,20001,730,730,r_730,1,qualified_ref,1,0,none,756759375,756775083,15708,3125,9458,83,2,0,random_50,0,1
1,stress_random,20001,731,731,r_731,1,qualified_ref,1,0,none,757784375,757800083,15708,3125,9458,83,2,0,random_50,0,1
1,stress_random,20001,732,732,r_732,1,qualified_ref,1,0,none,758809375,758825083,15708,3125,9458,83,2,0,random_50,0,1
1,stress_random,20001,733,733,r_733,1,qualified_ref,1,0,none,759834375,759850083,15708,3125,9458,83,2,0,random_50,0,1
1,stress_random,20001,734,734,r_734,1,qualified_ref,1,0,none,760859375,760875083,15708,3125,9458,83,2,0,random_50,0,1
1,stress_random,20001,735,735,r_735,1,qualified_ref,1,0,none,761884375,761900083,15708,3125,9458,83,2,0,random_50,0,1
1,stress_random,20001,736,736,r_736,1,qualified_ref,1,0,none,762909375,762925083,15708,3125,9458,83,2,0,random_50,0,1
1,stress_random,20001,737,737,r_737,1,qualified_ref,1,0,none,763934375,763950083,15708,3125,9458,83,2,0,random_50,0,1
1,stress_random,20001,738,738,r_738,1,qualified_ref,1,0,none,764959375,764975083,15708,3125,9458,83,2,0,random_50,0,1
1,stress_random,20001,739,739,r_739,1,qualified_ref,1,0,none,765984375,766000083,15708,3125,9458,83,2,0,random_50,0,1
1,stress_random,20001,740,740,r_740,1,qualified_ref,1,0,none,767009375,767025083,15708,3125,9458,83,2,0,random_50,0,1
1,stress_random,20001,741,741,r_741,1,qualified_ref,1,0,none,768034375,768050083,15708,3125,9458,83,2,0,random_50,0,1
1,stress_random,20001,742,742,r_742,1,qualified_ref,1,0,none,769059375,769075083,15708,3125,9458,83,2,0,random_50,0,1
1,stress_random,20001,743,743,r_743,1,qualified_ref,1,0,none,770084375,770100083,15708,3125,9458,83,2,0,random_50,0,1
1,stress_random,20001,744,744,r_744,1,qualified_ref,1,0,none,771109375,771125083,15708,3125,9458,83,2,0,random_50,0,1
1,stress_random,20001,745,745,r_745,1,qualified_ref,1,0,none,772134375,772150083,15708,3125,9458,83,2,0,random_50,0,1
1,stress_random,20001,746,746,r_746,1,qualified_ref,1,0,none,773159375,773175083,15708,3125,9458,83,2,0,random_50,0,1
1,stress_random,20001,747,747,r_747,1,qualified_ref,1,0,none,774184375,774200083,15708,3125,9458,83,2,0,random_50,0,1
1,stress_random,20001,748,748,r_748,1,qualified_ref,1,0,none,775209375,775225083,15708,3125,9458,83,2,0,random_50,0,1
1,stress_random,20001,749,749,r_749,1,qualified_ref,1,0,none,776234375,776250083,15708,3125,9458,83,2,0,random_50,0,1
1,stress_random,20001,750,750,r_750,0,qualified_ref,1,0,none,781359375,781375083,15708,3125,9458,83,1,0,random_50,0,1
1,stress_random,20001,751,751,r_751,0,qualified_ref,1,0,none,782384375,782400083,15708,3125,9458,83,1,0,random_50,0,1
1,stress_random,20001,752,752,r_752,0,qualified_ref,1,0,none,783409375,783425083,15708,3125,9458,83,1,0,random_50,0,1
1,stress_random,20001,753,753,r_753,0,qualified_ref,1,0,none,784434375,784450083,15708,3125,9458,83,1,0,random_50,0,1
1,stress_random,20001,754,754,r_754,0,qualified_ref,1,0,none,785459375,785475083,15708,3125,9458,83,1,0,random_50,0,1
1,stress_random,20001,755,755,r_755,0,qualified_ref,1,0,none,786484375,786500083,15708,3125,9458,83,1,0,random_50,0,1
1,stress_random,20001,756,756,r_756,0,qualified_ref,1,0,none,787509375,787525083,15708,3125,9458,83,1,0,random_50,0,1
1,stress_random,20001,757,757,r_757,0,qualified_ref,1,0,none,788534375,788550083,15708,3125,9458,83,1,0,random_50,0,1
1,stress_random,20001,758,758,r_758,0,qualified_ref,1,0,none,789559375,789575083,15708,3125,9458,83,1,0,random_50,0,1
1,stress_random,20001,759,759,r_759,0,qualified_ref,1,0,none,790584375,790600083,15708,3125,9458,83,1,0,random_50,0,1
1,stress_random,20001,760,760,r_760,0,qualified_ref,1,0,none,791609375,791625083,15708,3125,9458,83,1,0,random_50,0,1
1,stress_random,20001,761,761,r_761,0,qualified_ref,1,0,none,792634375,792650083,15708,3125,9458,83,1,0,random_50,0,1
1,stress_random,20001,762,762,r_762,0,qualified_ref,1,0,none,793659375,793675083,15708,3125,9458,83,1,0,random_50,0,1
1,stress_random,20001,763,763,r_763,0,qualified_ref,1,0,none,794684375,794700083,15708,3125,9458,83,1,0,random_50,0,1
1,stress_random,20001,764,764,r_764,0,qualified_ref,1,0,none,795709375,795725083,15708,3125,9458,83,1,0,random_50,0,1
1,stress_random,20001,765,765,r_765,0,qualified_ref,1,0,none,796734375,796750083,15708,3125,9458,83,1,0,random_50,0,1
1,stress_random,20001,766,766,r_766,0,qualified_ref,1,0,none,797759375,797775083,15708,3125,9458,83,1,0,random_50,0,1
1,stress_random,20001,767,767,r_767,0,qualified_ref,1,0,none,798784375,798800083,15708,3125,9458,83,1,0,random_50,0,1
1,stress_random,20001,768,768,r_768,0,qualified_ref,1,0,none,799809375,799825083,15708,3125,9458,83,1,0,random_50,0,1
1,stress_random,20001,769,769,r_769,0,qualified_ref,1,0,none,800834375,800850083,15708,3125,9458,83,1,0,random_50,0,1
1,stress_random,20001,770,770,r_770,0,qualified_ref,1,0,none,801859375,801875083,15708,3125,9458,83,1,0,random_50,0,1
1,stress_random,20001,771,771,r_771,0,qualified_ref,1,0,none,802884375,802900083,15708,3125,9458,83,1,0,random_50,0,1
1,stress_random,20001,772,772,r_772,0,qualified_ref,1,0,none,803909375,803925083,15708,3125,9458,83,1,0,random_50,0,1
1,stress_random,20001,773,773,r_773,0,qualified_ref,1,0,none,804934375,804950083,15708,3125,9458,83,1,0,random_50,0,1
1,stress_random,20001,774,774,r_774,0,qualified_ref,1,0,none,805959375,805975083,15708,3125,9458,83,1,0,random_50,0,1
1,stress_random,20001,775,775,r_775,0,qualified_ref,1,0,none,806984375,807000083,15708,3125,9458,83,1,0,random_50,0,1
1,stress_random,20001,776,776,r_776,0,qualified_ref,1,0,none,808009375,808025083,15708,3125,9458,83,1,0,random_50,0,1
1,stress_random,20001,777,777,r_777,0,qualified_ref,1,0,none,809034375,809050083,15708,3125,9458,83,1,0,random_50,0,1
1,stress_random,20001,778,778,r_778,0,qualified_ref,1,0,none,810059375,810075083,15708,3125,9458,83,1,0,random_50,0,1
1,stress_random,20001,779,779,r_779,0,qualified_ref,1,0,none,811084375,811100083,15708,3125,9458,83,1,0,random_50,0,1
1,stress_random,20001,780,780,r_780,0,qualified_ref,1,0,none,812109375,812125083,15708,3125,9458,83,1,0,random_50,0,1
1,stress_random,20001,781,781,r_781,0,qualified_ref,1,0,none,813134375,813150083,15708,3125,9458,83,1,0,random_50,0,1
1,stress_random,20001,782,782,r_782,0,qualified_ref,1,0,none,814159375,814175083,15708,3125,9458,83,1,0,random_50,0,1
1,stress_random,20001,783,783,r_783,0,qualified_ref,1,0,none,815184375,815200083,15708,3125,9458,83,1,0,random_50,0,1
1,stress_random,20001,784,784,r_784,0,qualified_ref,1,0,none,816209375,816225083,15708,3125,9458,83,1,0,random_50,0,1
1,stress_random,20001,785,785,r_785,0,qualified_ref,1,0,none,817234375,817250083,15708,3125,9458,83,1,0,random_50,0,1
1,stress_random,20001,786,786,r_786,0,qualified_ref,1,0,none,818259375,818275083,15708,3125,9458,83,1,0,random_50,0,1
1,stress_random,20001,787,787,r_787,0,qualified_ref,1,0,none,819284375,819300083,15708,3125,9458,83,1,0,random_50,0,1
1,stress_random,20001,788,788,r_788,0,qualified_ref,1,0,none,820309375,820325083,15708,3125,9458,83,1,0,random_50,0,1
1,stress_random,20001,789,789,r_789,0,qualified_ref,1,0,none,821334375,821350083,15708,3125,9458,83,1,0,random_50,0,1
1,stress_random,20001,790,790,r_790,0,qualified_ref,1,0,none,822359375,822375083,15708,3125,9458,83,1,0,random_50,0,1
1,stress_random,20001,791,791,r_791,0,qualified_ref,1,0,none,823384375,823400083,15708,3125,9458,83,1,0,random_50,0,1
1,stress_random,20001,792,792,r_792,0,qualified_ref,1,0,none,824409375,824425083,15708,3125,9458,83,1,0,random_50,0,1
1,stress_random,20001,793,793,r_793,0,qualified_ref,1,0,none,825434375,825450083,15708,3125,9458,83,1,0,random_50,0,1
1,stress_random,20001,794,794,r_794,0,qualified_ref,1,0,none,826459375,826475083,15708,3125,9458,83,1,0,random_50,0,1
1,stress_random,20001,795,795,r_795,0,qualified_ref,1,0,none,827484375,827500083,15708,3125,9458,83,1,0,random_50,0,1
1,stress_random,20001,796,796,r_796,0,qualified_ref,1,0,none,828509375,828525083,15708,3125,9458,83,1,0,random_50,0,1
1,stress_random,20001,797,797,r_797,0,qualified_ref,1,0,none,829534375,829550083,15708,3125,9458,83,1,0,random_50,0,1
1,stress_random,20001,798,798,r_798,0,qualified_ref,1,0,none,830559375,830575083,15708,3125,9458,83,1,0,random_50,0,1
1,stress_random,20001,799,799,r_799,0,qualified_ref,1,0,none,831584375,831600083,15708,3125,9458,83,1,0,random_50,0,1
1,stress_random,20001,800,800,r_800,0,qualified_ref,1,0,none,832609375,832625083,15708,3125,9458,83,1,0,random_50,0,1
1,stress_random,20001,801,801,r_801,0,qualified_ref,1,0,none,833634375,833650083,15708,3125,9458,83,1,0,random_50,0,1
1,stress_random,20001,802,802,r_802,0,qualified_ref,1,0,none,834659375,834675083,15708,3125,9458,83,1,0,random_50,0,1
1,stress_random,20001,803,803,r_803,0,qualified_ref,1,0,none,835684375,835700083,15708,3125,9458,83,1,0,random_50,0,1
1,stress_random,20001,804,804,r_804,0,qualified_ref,1,0,none,836709375,836725083,15708,3125,9458,83,1,0,random_50,0,1
1,stress_random,20001,805,805,r_805,0,qualified_ref,1,0,none,837734375,837750083,15708,3125,9458,83,1,0,random_50,0,1
1,stress_random,20001,806,806,r_806,0,qualified_ref,1,0,none,838759375,838775083,15708,3125,9458,83,1,0,random_50,0,1
1,stress_random,20001,807,807,r_807,0,qualified_ref,1,0,none,839784375,839800083,15708,3125,9458,83,1,0,random_50,0,1
1,stress_random,20001,808,808,r_808,0,qualified_ref,1,0,none,840809375,840825083,15708,3125,9458,83,1,0,random_50,0,1
1,stress_random,20001,809,809,r_809,0,qualified_ref,1,0,none,841834375,841850083,15708,3125,9458,83,1,0,random_50,0,1
1,stress_random,20001,810,810,r_810,0,qualified_ref,1,0,none,842859375,842875083,15708,3125,9458,83,1,0,random_50,0,1
1,stress_random,20001,811,811,r_811,0,qualified_ref,1,0,none,843884375,843900083,15708,3125,9458,83,1,0,random_50,0,1
1,stress_random,20001,812,812,r_812,0,qualified_ref,1,0,none,844909375,844925083,15708,3125,9458,83,1,0,random_50,0,1
1,stress_random,20001,813,813,r_813,0,qualified_ref,1,0,none,845934375,845950083,15708,3125,9458,83,1,0,random_50,0,1
1,stress_random,20001,814,814,r_814,0,qualified_ref,1,0,none,846959375,846975083,15708,3125,9458,83,1,0,random_50,0,1
1,stress_random,20001,815,815,r_815,0,qualified_ref,1,0,none,847984375,848000083,15708,3125,9458,83,1,0,random_50,0,1
1,stress_random,20001,816,816,r_816,0,qualified_ref,1,0,none,849009375,849025083,15708,3125,9458,83,1,0,random_50,0,1
1,stress_random,20001,817,817,r_817,0,qualified_ref,1,0,none,850034375,850050083,15708,3125,9458,83,1,0,random_50,0,1
1,stress_random,20001,818,818,r_818,0,qualified_ref,1,0,none,851059375,851075083,15708,3125,9458,83,1,0,random_50,0,1
1,stress_random,20001,819,819,r_819,0,qualified_ref,1,0,none,852084375,852100083,15708,3125,9458,83,1,0,random_50,0,1
1,stress_random,20001,820,820,r_820,0,qualified_ref,1,0,none,853109375,853125083,15708,3125,9458,83,1,0,random_50,0,1
1,stress_random,20001,821,821,r_821,0,qualified_ref,1,0,none,854134375,854150083,15708,3125,9458,83,1,0,random_50,0,1
1,stress_random,20001,822,822,r_822,0,qualified_ref,1,0,none,855159375,855175083,15708,3125,9458,83,1,0,random_50,0,1
1,stress_random,20001,823,823,r_823,0,qualified_ref,1,0,none,856184375,856200083,15708,3125,9458,83,1,0,random_50,0,1
1,stress_random,20001,824,824,r_824,0,qualified_ref,1,0,none,857209375,857225083,15708,3125,9458,83,1,0,random_50,0,1
1,stress_random,20001,825,825,r_825,0,qualified_ref,1,0,none,858234375,858250083,15708,3125,9458,83,1,0,random_50,0,1
1,stress_random,20001,826,826,r_826,0,qualified_ref,1,0,none,859259375,859275083,15708,3125,9458,83,1,0,random_50,0,1
1,stress_random,20001,827,827,r_827,0,qualified_ref,1,0,none,860284375,860300083,15708,3125,9458,83,1,0,random_50,0,1
1,stress_random,20001,828,828,r_828,0,qualified_ref,1,0,none,861309375,861325083,15708,3125,9458,83,1,0,random_50,0,1
1,stress_random,20001,829,829,r_829,0,qualified_ref,1,0,none,862334375,862350083,15708,3125,9458,83,1,0,random_50,0,1
1,stress_random,20001,830,830,r_830,0,qualified_ref,1,0,none,863359375,863375083,15708,3125,9458,83,1,0,random_50,0,1
1,stress_random,20001,831,831,r_831,0,qualified_ref,1,0,none,864384375,864400083,15708,3125,9458,83,1,0,random_50,0,1
1,stress_random,20001,832,832,r_832,0,qualified_ref,1,0,none,865409375,865425083,15708,3125,9458,83,1,0,random_50,0,1
1,stress_random,20001,833,833,r_833,0,qualified_ref,1,0,none,866434375,866450083,15708,3125,9458,83,1,0,random_50,0,1
1,stress_random,20001,834,834,r_834,0,qualified_ref,1,0,none,867459375,867475083,15708,3125,9458,83,1,0,random_50,0,1
1,stress_random,20001,835,835,r_835,0,qualified_ref,1,0,none,868484375,868500083,15708,3125,9458,83,1,0,random_50,0,1
1,stress_random,20001,836,836,r_836,0,qualified_ref,1,0,none,869509375,869525083,15708,3125,9458,83,1,0,random_50,0,1
1,stress_random,20001,837,837,r_837,0,qualified_ref,1,0,none,870534375,870550083,15708,3125,9458,83,1,0,random_50,0,1
1,stress_random,20001,838,838,r_838,0,qualified_ref,1,0,none,871559375,871575083,15708,3125,9458,83,1,0,random_50,0,1
1,stress_random,20001,839,839,r_839,0,qualified_ref,1,0,none,872584375,872600083,15708,3125,9458,83,1,0,random_50,0,1
1,stress_random,20001,840,840,r_840,0,qualified_ref,1,0,none,873609375,873625083,15708,3125,9458,83,1,0,random_50,0,1
1,stress_random,20001,841,841,r_841,0,qualified_ref,1,0,none,874634375,874650083,15708,3125,9458,83,1,0,random_50,0,1
1,stress_random,20001,842,842,r_842,0,qualified_ref,1,0,none,875659375,875675083,15708,3125,9458,83,1,0,random_50,0,1
1,stress_random,20001,843,843,r_843,0,qualified_ref,1,0,none,876684375,876700083,15708,3125,9458,83,1,0,random_50,0,1
1,stress_random,20001,844,844,r_844,0,qualified_ref,1,0,none,877709375,877725083,15708,3125,9458,83,1,0,random_50,0,1
1,stress_random,20001,845,845,r_845,0,qualified_ref,1,0,none,878734375,878750083,15708,3125,9458,83,1,0,random_50,0,1
1,stress_random,20001,846,846,r_846,0,qualified_ref,1,0,none,879759375,879775083,15708,3125,9458,83,1,0,random_50,0,1
1,stress_random,20001,847,847,r_847,0,qualified_ref,1,0,none,880784375,880800083,15708,3125,9458,83,1,0,random_50,0,1
1,stress_random,20001,848,848,r_848,0,qualified_ref,1,0,none,881809375,881825083,15708,3125,9458,83,1,0,random_50,0,1
1,stress_random,20001,849,849,r_849,0,qualified_ref,1,0,none,882834375,882850083,15708,3125,9458,83,1,0,random_50,0,1
1,stress_random,20001,850,850,r_850,0,qualified_ref,1,0,none,883859375,883875083,15708,3125,9458,83,1,0,random_50,0,1
1,stress_random,20001,851,851,r_851,0,qualified_ref,1,0,none,884884375,884900083,15708,3125,9458,83,1,0,random_50,0,1
1,stress_random,20001,852,852,r_852,0,qualified_ref,1,0,none,885909375,885925083,15708,3125,9458,83,1,0,random_50,0,1
1,stress_random,20001,853,853,r_853,0,qualified_ref,1,0,none,886934375,886950083,15708,3125,9458,83,1,0,random_50,0,1
1,stress_random,20001,854,854,r_854,0,qualified_ref,1,0,none,887959375,887975083,15708,3125,9458,83,1,0,random_50,0,1
1,stress_random,20001,855,855,r_855,0,qualified_ref,1,0,none,888984375,889000083,15708,3125,9458,83,1,0,random_50,0,1
1,stress_random,20001,856,856,r_856,0,qualified_ref,1,0,none,890009375,890025083,15708,3125,9458,83,1,0,random_50,0,1
1,stress_random,20001,857,857,r_857,0,qualified_ref,1,0,none,891034375,891050083,15708,3125,9458,83,1,0,random_50,0,1
1,stress_random,20001,858,858,r_858,0,qualified_ref,1,0,none,892059375,892075083,15708,3125,9458,83,1,0,random_50,0,1
1,stress_random,20001,859,859,r_859,0,qualified_ref,1,0,none,893084375,893100083,15708,3125,9458,83,1,0,random_50,0,1
1,stress_random,20001,860,860,r_860,0,qualified_ref,1,0,none,894109375,894125083,15708,3125,9458,83,1,0,random_50,0,1
1,stress_random,20001,861,861,r_861,0,qualified_ref,1,0,none,895134375,895150083,15708,3125,9458,83,1,0,random_50,0,1
1,stress_random,20001,862,862,r_862,0,qualified_ref,1,0,none,896159375,896175083,15708,3125,9458,83,1,0,random_50,0,1
1,stress_random,20001,863,863,r_863,0,qualified_ref,1,0,none,897184375,897200083,15708,3125,9458,83,1,0,random_50,0,1
1,stress_random,20001,864,864,r_864,0,qualified_ref,1,0,none,898209375,898225083,15708,3125,9458,83,1,0,random_50,0,1
1,stress_random,20001,865,865,r_865,0,qualified_ref,1,0,none,899234375,899250083,15708,3125,9458,83,1,0,random_50,0,1
1,stress_random,20001,866,866,r_866,0,qualified_ref,1,0,none,900259375,900275083,15708,3125,9458,83,1,0,random_50,0,1
1,stress_random,20001,867,867,r_867,0,qualified_ref,1,0,none,901284375,901300083,15708,3125,9458,83,1,0,random_50,0,1
1,stress_random,20001,868,868,r_868,0,qualified_ref,1,0,none,902309375,902325083,15708,3125,9458,83,1,0,random_50,0,1
1,stress_random,20001,869,869,r_869,0,qualified_ref,1,0,none,903334375,903350083,15708,3125,9458,83,1,0,random_50,0,1
1,stress_random,20001,870,870,r_870,0,qualified_ref,1,0,none,904359375,904375083,15708,3125,9458,83,1,0,random_50,0,1
1,stress_random,20001,871,871,r_871,0,qualified_ref,1,0,none,905384375,905400083,15708,3125,9458,83,1,0,random_50,0,1
1,stress_random,20001,872,872,r_872,0,qualified_ref,1,0,none,906409375,906425083,15708,3125,9458,83,1,0,random_50,0,1
1,stress_random,20001,873,873,r_873,0,qualified_ref,1,0,none,907434375,907450083,15708,3125,9458,83,1,0,random_50,0,1
1,stress_random,20001,874,874,r_874,0,qualified_ref,1,0,none,908459375,908475083,15708,3125,9458,83,1,0,random_50,0,1
1,stress_random,20001,875,875,r_875,0,qualified_ref,1,0,none,909484375,909500083,15708,3125,9458,83,1,0,random_50,0,1
1,stress_random,20001,876,876,r_876,0,qualified_ref,1,0,none,910509375,910525083,15708,3125,9458,83,1,0,random_50,0,1
1,stress_random,20001,877,877,r_877,0,qualified_ref,1,0,none,911534375,911550083,15708,3125,9458,83,1,0,random_50,0,1
1,stress_random,20001,878,878,r_878,0,qualified_ref,1,0,none,912559375,912575083,15708,3125,9458,83,1,0,random_50,0,1
1,stress_random,20001,879,879,r_879,0,qualified_ref,1,0,none,913584375,913600083,15708,3125,9458,83,1,0,random_50,0,1
1,stress_random,20001,880,880,r_880,0,qualified_ref,1,0,none,914609375,914625083,15708,3125,9458,83,1,0,random_50,0,1
1,stress_random,20001,881,881,r_881,0,qualified_ref,1,0,none,915634375,915650083,15708,3125,9458,83,1,0,random_50,0,1
1,stress_random,20001,882,882,r_882,0,qualified_ref,1,0,none,916659375,916675083,15708,3125,9458,83,1,0,random_50,0,1
1,stress_random,20001,883,883,r_883,0,qualified_ref,1,0,none,917684375,917700083,15708,3125,9458,83,1,0,random_50,0,1
1,stress_random,20001,884,884,r_884,0,qualified_ref,1,0,none,918709375,918725083,15708,3125,9458,83,1,0,random_50,0,1
1,stress_random,20001,885,885,r_885,0,qualified_ref,1,0,none,919734375,919750083,15708,3125,9458,83,1,0,random_50,0,1
1,stress_random,20001,886,886,r_886,0,qualified_ref,1,0,none,920759375,920775083,15708,3125,9458,83,1,0,random_50,0,1
1,stress_random,20001,887,887,r_887,0,qualified_ref,1,0,none,921784375,921800083,15708,3125,9458,83,1,0,random_50,0,1
1,stress_random,20001,888,888,r_888,0,qualified_ref,1,0,none,922809375,922825083,15708,3125,9458,83,1,0,random_50,0,1
1,stress_random,20001,889,889,r_889,0,qualified_ref,1,0,none,923834375,923850083,15708,3125,9458,83,1,0,random_50,0,1
1,stress_random,20001,890,890,r_890,0,qualified_ref,1,0,none,924859375,924875083,15708,3125,9458,83,1,0,random_50,0,1
1,stress_random,20001,891,891,r_891,0,qualified_ref,1,0,none,925884375,925900083,15708,3125,9458,83,1,0,random_50,0,1
1,stress_random,20001,892,892,r_892,0,qualified_ref,1,0,none,926909375,926925083,15708,3125,9458,83,1,0,random_50,0,1
1,stress_random,20001,893,893,r_893,0,qualified_ref,1,0,none,927934375,927950083,15708,3125,9458,83,1,0,random_50,0,1
1,stress_random,20001,894,894,r_894,0,qualified_ref,1,0,none,928959375,928975083,15708,3125,9458,83,1,0,random_50,0,1
1,stress_random,20001,895,895,r_895,0,qualified_ref,1,0,none,929984375,930000083,15708,3125,9458,83,1,0,random_50,0,1
1,stress_random,20001,896,896,r_896,0,qualified_ref,1,0,none,931009375,931025083,15708,3125,9458,83,1,0,random_50,0,1
1,stress_random,20001,897,897,r_897,0,qualified_ref,1,0,none,932034375,932050083,15708,3125,9458,83,1,0,random_50,0,1
1,stress_random,20001,898,898,r_898,0,qualified_ref,1,0,none,933059375,933075083,15708,3125,9458,83,1,0,random_50,0,1
1,stress_random,20001,899,899,r_899,0,qualified_ref,1,0,none,934084375,934100083,15708,3125,9458,83,1,0,random_50,0,1
1,stress_random,20001,900,900,r_900,0,qualified_ref,1,0,none,935109375,935125083,15708,3125,9458,83,1,0,random_50,0,1
1,stress_random,20001,901,901,r_901,0,qualified_ref,1,0,none,936134375,936150083,15708,3125,9458,83,1,0,random_50,0,1
1,stress_random,20001,902,902,r_902,0,qualified_ref,1,0,none,937159375,937175083,15708,3125,9458,83,1,0,random_50,0,1
1,stress_random,20001,903,903,r_903,0,qualified_ref,1,0,none,938184375,938200083,15708,3125,9458,83,1,0,random_50,0,1
1,stress_random,20001,904,904,r_904,0,qualified_ref,1,0,none,939209375,939225083,15708,3125,9458,83,1,0,random_50,0,1
1,stress_random,20001,905,905,r_905,0,qualified_ref,1,0,none,940234375,940250083,15708,3125,9458,83,1,0,random_50,0,1
1,stress_random,20001,906,906,r_906,0,qualified_ref,1,0,none,941259375,941275083,15708,3125,9458,83,1,0,random_50,0,1
1,stress_random,20001,907,907,r_907,0,qualified_ref,1,0,none,942284375,942300083,15708,3125,9458,83,1,0,random_50,0,1
1,stress_random,20001,908,908,r_908,0,qualified_ref,1,0,none,943309375,943325083,15708,3125,9458,83,1,0,random_50,0,1
1,stress_random,20001,909,909,r_909,0,qualified_ref,1,0,none,944334375,944350083,15708,3125,9458,83,1,0,random_50,0,1
1,stress_random,20001,910,910,r_910,0,qualified_ref,1,0,none,945359375,945375083,15708,3125,9458,83,1,0,random_50,0,1
1,stress_random,20001,911,911,r_911,0,qualified_ref,1,0,none,946384375,946400083,15708,3125,9458,83,1,0,random_50,0,1
1,stress_random,20001,912,912,r_912,0,qualified_ref,1,0,none,947409375,947425083,15708,3125,9458,83,1,0,random_50,0,1
1,stress_random,20001,913,913,r_913,0,qualified_ref,1,0,none,948434375,948450083,15708,3125,9458,83,1,0,random_50,0,1
1,stress_random,20001,914,914,r_914,0,qualified_ref,1,0,none,949459375,949475083,15708,3125,9458,83,1,0,random_50,0,1
1,stress_random,20001,915,915,r_915,0,qualified_ref,1,0,none,950484375,950500083,15708,3125,9458,83,1,0,random_50,0,1
1,stress_random,20001,916,916,r_916,0,qualified_ref,1,0,none,951509375,951525083,15708,3125,9458,83,1,0,random_50,0,1
1,stress_random,20001,917,917,r_917,0,qualified_ref,1,0,none,952534375,952550083,15708,3125,9458,83,1,0,random_50,0,1
1,stress_random,20001,918,918,r_918,0,qualified_ref,1,0,none,953559375,953575083,15708,3125,9458,83,1,0,random_50,0,1
1,stress_random,20001,919,919,r_919,0,qualified_ref,1,0,none,954584375,954600083,15708,3125,9458,83,1,0,random_50,0,1
1,stress_random,20001,920,920,r_920,0,qualified_ref,1,0,none,955609375,955625083,15708,3125,9458,83,1,0,random_50,0,1
1,stress_random,20001,921,921,r_921,0,qualified_ref,1,0,none,956634375,956650083,15708,3125,9458,83,1,0,random_50,0,1
1,stress_random,20001,922,922,r_922,0,qualified_ref,1,0,none,957659375,957675083,15708,3125,9458,83,1,0,random_50,0,1
1,stress_random,20001,923,923,r_923,0,qualified_ref,1,0,none,958684375,958700083,15708,3125,9458,83,1,0,random_50,0,1
1,stress_random,20001,924,924,r_924,0,qualified_ref,1,0,none,959709375,959725083,15708,3125,9458,83,1,0,random_50,0,1
1,stress_random,20001,925,925,r_925,0,qualified_ref,1,0,none,960734375,960750083,15708,3125,9458,83,1,0,random_50,0,1
1,stress_random,20001,926,926,r_926,0,qualified_ref,1,0,none,961759375,961775083,15708,3125,9458,83,1,0,random_50,0,1
1,stress_random,20001,927,927,r_927,0,qualified_ref,1,0,none,962784375,962800083,15708,3125,9458,83,1,0,random_50,0,1
1,stress_random,20001,928,928,r_928,0,qualified_ref,1,0,none,963809375,963825083,15708,3125,9458,83,1,0,random_50,0,1
1,stress_random,20001,929,929,r_929,0,qualified_ref,1,0,none,964834375,964850083,15708,3125,9458,83,1,0,random_50,0,1
1,stress_random,20001,930,930,r_930,0,qualified_ref,1,0,none,965859375,965875083,15708,3125,9458,83,1,0,random_50,0,1
1,stress_random,20001,931,931,r_931,0,qualified_ref,1,0,none,966884375,966900083,15708,3125,9458,83,1,0,random_50,0,1
1,stress_random,20001,932,932,r_932,0,qualified_ref,1,0,none,967909375,967925083,15708,3125,9458,83,1,0,random_50,0,1
1,stress_random,20001,933,933,r_933,0,qualified_ref,1,0,none,968934375,968950083,15708,3125,9458,83,1,0,random_50,0,1
1,stress_random,20001,934,934,r_934,0,qualified_ref,1,0,none,969959375,969975083,15708,3125,9458,83,1,0,random_50,0,1
1,stress_random,20001,935,935,r_935,0,qualified_ref,1,0,none,970984375,971000083,15708,3125,9458,83,1,0,random_50,0,1
1,stress_random,20001,936,936,r_936,0,qualified_ref,1,0,none,972009375,972025083,15708,3125,9458,83,1,0,random_50,0,1
1,stress_random,20001,937,937,r_937,0,qualified_ref,1,0,none,973034375,973050083,15708,3125,9458,83,1,0,random_50,0,1
1,stress_random,20001,938,938,r_938,0,qualified_ref,1,0,none,974059375,974075083,15708,3125,9458,83,1,0,random_50,0,1
1,stress_random,20001,939,939,r_939,0,qualified_ref,1,0,none,975084375,975100083,15708,3125,9458,83,1,0,random_50,0,1
1,stress_random,20001,940,940,r_940,0,qualified_ref,1,0,none,976109375,976125083,15708,3125,9458,83,1,0,random_50,0,1
1,stress_random,20001,941,941,r_941,0,qualified_ref,1,0,none,977134375,977150083,15708,3125,9458,83,1,0,random_50,0,1
1,stress_random,20001,942,942,r_942,0,qualified_ref,1,0,none,978159375,978175083,15708,3125,9458,83,1,0,random_50,0,1
1,stress_random,20001,943,943,r_943,0,qualified_ref,1,0,none,979184375,979200083,15708,3125,9458,83,1,0,random_50,0,1
1,stress_random,20001,944,944,r_944,0,qualified_ref,1,0,none,980209375,980225083,15708,3125,9458,83,1,0,random_50,0,1
1,stress_random,20001,945,945,r_945,0,qualified_ref,1,0,none,981234375,981250083,15708,3125,9458,83,1,0,random_50,0,1
1,stress_random,20001,946,946,r_946,0,qualified_ref,1,0,none,982259375,982275083,15708,3125,9458,83,1,0,random_50,0,1
1,stress_random,20001,947,947,r_947,0,qualified_ref,1,0,none,983284375,983300083,15708,3125,9458,83,1,0,random_50,0,1
1,stress_random,20001,948,948,r_948,0,qualified_ref,1,0,none,984309375,984325083,15708,3125,9458,83,1,0,random_50,0,1
1,stress_random,20001,949,949,r_949,0,qualified_ref,1,0,none,985334375,985350083,15708,3125,9458,83,1,0,random_50,0,1
1,stress_random,20001,950,950,r_950,0,qualified_ref,1,0,none,986359375,986375083,15708,3125,9458,83,1,0,random_50,0,1
1,stress_random,20001,951,951,r_951,0,qualified_ref,1,0,none,987384375,987400083,15708,3125,9458,83,1,0,random_50,0,1
1,stress_random,20001,952,952,r_952,0,qualified_ref,1,0,none,988409375,988425083,15708,3125,9458,83,1,0,random_50,0,1
1,stress_random,20001,953,953,r_953,0,qualified_ref,1,0,none,989434375,989450083,15708,3125,9458,83,1,0,random_50,0,1
1,stress_random,20001,954,954,r_954,0,qualified_ref,1,0,none,990459375,990475083,15708,3125,9458,83,1,0,random_50,0,1
1,stress_random,20001,955,955,r_955,0,qualified_ref,1,0,none,991484375,991500083,15708,3125,9458,83,1,0,random_50,0,1
1,stress_random,20001,956,956,r_956,0,qualified_ref,1,0,none,992509375,992525083,15708,3125,9458,83,1,0,random_50,0,1
1,stress_random,20001,957,957,r_957,0,qualified_ref,1,0,none,993534375,993550083,15708,3125,9458,83,1,0,random_50,0,1
1,stress_random,20001,958,958,r_958,0,qualified_ref,1,0,none,994559375,994575083,15708,3125,9458,83,1,0,random_50,0,1
1,stress_random,20001,959,959,r_959,0,qualified_ref,1,0,none,995584375,995600083,15708,3125,9458,83,1,0,random_50,0,1
1,stress_random,20001,960,960,r_960,0,qualified_ref,1,0,none,996609375,996625083,15708,3125,9458,83,1,0,random_50,0,1
1,stress_random,20001,961,961,r_961,0,qualified_ref,1,0,none,997634375,997650083,15708,3125,9458,83,1,0,random_50,0,1
1,stress_random,20001,962,962,r_962,0,qualified_ref,1,0,none,998659375,998675083,15708,3125,9458,83,1,0,random_50,0,1
1,stress_random,20001,963,963,r_963,0,qualified_ref,1,0,none,999684375,999700083,15708,3125,9458,83,1,0,random_50,0,1
1,stress_random,20001,964,964,r_964,0,qualified_ref,1,0,none,1000709375,1000725083,15708,3125,9458,83,1,0,random_50,0,1
1,stress_random,20001,965,965,r_965,0,qualified_ref,1,0,none,1001734375,1001750083,15708,3125,9458,83,1,0,random_50,0,1
1,stress_random,20001,966,966,r_966,0,qualified_ref,1,0,none,1002759375,1002775083,15708,3125,9458,83,1,0,random_50,0,1
1,stress_random,20001,967,967,r_967,0,qualified_ref,1,0,none,1003784375,1003800083,15708,3125,9458,83,1,0,random_50,0,1
1,stress_random,20001,968,968,r_968,0,qualified_ref,1,0,none,1004809375,1004825083,15708,3125,9458,83,1,0,random_50,0,1
1,stress_random,20001,969,969,r_969,0,qualified_ref,1,0,none,1005834375,1005850083,15708,3125,9458,83,1,0,random_50,0,1
1,stress_random,20001,970,970,r_970,0,qualified_ref,1,0,none,1006859375,1006875083,15708,3125,9458,83,1,0,random_50,0,1
1,stress_random,20001,971,971,r_971,0,qualified_ref,1,0,none,1007884375,1007900083,15708,3125,9458,83,1,0,random_50,0,1
1,stress_random,20001,972,972,r_972,0,qualified_ref,1,0,none,1008909375,1008925083,15708,3125,9458,83,1,0,random_50,0,1
1,stress_random,20001,973,973,r_973,0,qualified_ref,1,0,none,1009934375,1009950083,15708,3125,9458,83,1,0,random_50,0,1
1,stress_random,20001,974,974,r_974,0,qualified_ref,1,0,none,1010959375,1010975083,15708,3125,9458,83,1,0,random_50,0,1
1,stress_random,20001,975,975,r_975,0,qualified_ref,1,0,none,1011984375,1012000083,15708,3125,9458,83,1,0,random_50,0,1
1,stress_random,20001,976,976,r_976,0,qualified_ref,1,0,none,1013009375,1013025083,15708,3125,9458,83,1,0,random_50,0,1
1,stress_random,20001,977,977,r_977,0,qualified_ref,1,0,none,1014034375,1014050083,15708,3125,9458,83,1,0,random_50,0,1
1,stress_random,20001,978,978,r_978,0,qualified_ref,1,0,none,1015059375,1015075083,15708,3125,9458,83,1,0,random_50,0,1
1,stress_random,20001,979,979,r_979,0,qualified_ref,1,0,none,1016084375,1016100083,15708,3125,9458,83,1,0,random_50,0,1
1,stress_random,20001,980,980,r_980,0,qualified_ref,1,0,none,1017109375,1017125083,15708,3125,9458,83,1,0,random_50,0,1
1,stress_random,20001,981,981,r_981,0,qualified_ref,1,0,none,1018134375,1018150083,15708,3125,9458,83,1,0,random_50,0,1
1,stress_random,20001,982,982,r_982,0,qualified_ref,1,0,none,1019159375,1019175083,15708,3125,9458,83,1,0,random_50,0,1
1,stress_random,20001,983,983,r_983,0,qualified_ref,1,0,none,1020184375,1020200083,15708,3125,9458,83,1,0,random_50,0,1
1,stress_random,20001,984,984,r_984,0,qualified_ref,1,0,none,1021209375,1021225083,15708,3125,9458,83,1,0,random_50,0,1
1,stress_random,20001,985,985,r_985,0,qualified_ref,1,0,none,1022234375,1022250083,15708,3125,9458,83,1,0,random_50,0,1
1,stress_random,20001,986,986,r_986,0,qualified_ref,1,0,none,1023259375,1023275083,15708,3125,9458,83,1,0,random_50,0,1
1,stress_random,20001,987,987,r_987,0,qualified_ref,1,0,none,1024284375,1024300083,15708,3125,9458,83,1,0,random_50,0,1
1,stress_random,20001,988,988,r_988,0,qualified_ref,1,0,none,1025309375,1025325083,15708,3125,9458,83,1,0,random_50,0,1
1,stress_random,20001,989,989,r_989,0,qualified_ref,1,0,none,1026334375,1026350083,15708,3125,9458,83,1,0,random_50,0,1
1,stress_random,20001,990,990,r_990,0,qualified_ref,1,0,none,1027359375,1027375083,15708,3125,9458,83,1,0,random_50,0,1
1,stress_random,20001,991,991,r_991,0,qualified_ref,1,0,none,1028384375,1028400083,15708,3125,9458,83,1,0,random_50,0,1
1,stress_random,20001,992,992,r_992,0,qualified_ref,1,0,none,1029409375,1029425083,15708,3125,9458,83,1,0,random_50,0,1
1,stress_random,20001,993,993,r_993,0,qualified_ref,1,0,none,1030434375,1030450083,15708,3125,9458,83,1,0,random_50,0,1
1,stress_random,20001,994,994,r_994,0,qualified_ref,1,0,none,1031459375,1031475083,15708,3125,9458,83,1,0,random_50,0,1
1,stress_random,20001,995,995,r_995,0,qualified_ref,1,0,none,1032484375,1032500083,15708,3125,9458,83,1,0,random_50,0,1
1,stress_random,20001,996,996,r_996,0,qualified_ref,1,0,none,1033509375,1033525083,15708,3125,9458,83,1,0,random_50,0,1
1,stress_random,20001,997,997,r_997,0,qualified_ref,1,0,none,1034534375,1034550083,15708,3125,9458,83,1,0,random_50,0,1
1,stress_random,20001,998,998,r_998,0,qualified_ref,1,0,none,1035559375,1035575083,15708,3125,9458,83,1,0,random_50,0,1
1,stress_random,20001,999,999,r_999,0,qualified_ref,1,0,none,1036584375,1036600083,15708,3125,9458,83,1,0,random_50,0,1
1,stress_random,20001,1000,1000,r_1000,1,qualified_ref,1,0,none,1041709375,1041725083,15708,3125,9458,83,15,0,random_50,0,1
1,stress_random,20001,1001,1001,r_1001,1,qualified_ref,1,0,none,1042734375,1042750083,15708,3125,9458,83,15,0,random_50,0,1
1,stress_random,20001,1002,1002,r_1002,1,qualified_ref,1,0,none,1043759375,1043775083,15708,3125,9458,83,15,0,random_50,0,1
1,stress_random,20001,1003,1003,r_1003,1,qualified_ref,1,0,none,1044784375,1044800083,15708,3125,9458,83,15,0,random_50,0,1
1,stress_random,20001,1004,1004,r_1004,1,qualified_ref,1,0,none,1045809375,1045825083,15708,3125,9458,83,15,0,random_50,0,1
1,stress_random,20001,1005,1005,r_1005,1,qualified_ref,1,0,none,1046834375,1046850083,15708,3125,9458,83,15,0,random_50,0,1
1,stress_random,20001,1006,1006,r_1006,1,qualified_ref,1,0,none,1047859375,1047875083,15708,3125,9458,83,15,0,random_50,0,1
1,stress_random,20001,1007,1007,r_1007,1,qualified_ref,1,0,none,1048884375,1048900083,15708,3125,9458,83,15,0,random_50,0,1
1,stress_random,20001,1008,1008,r_1008,1,qualified_ref,1,0,none,1049909375,1049925083,15708,3125,9458,83,15,0,random_50,0,1
1,stress_random,20001,1009,1009,r_1009,1,qualified_ref,1,0,none,1050934375,1050950083,15708,3125,9458,83,15,0,random_50,0,1
1,stress_random,20001,1010,1010,r_1010,1,qualified_ref,1,0,none,1051959375,1051975083,15708,3125,9458,83,15,0,random_50,0,1
1,stress_random,20001,1011,1011,r_1011,1,qualified_ref,1,0,none,1052984375,1053000083,15708,3125,9458,83,15,0,random_50,0,1
1,stress_random,20001,1012,1012,r_1012,1,qualified_ref,1,0,none,1054009375,1054025083,15708,3125,9458,83,15,0,random_50,0,1
1,stress_random,20001,1013,1013,r_1013,1,qualified_ref,1,0,none,1055034375,1055050083,15708,3125,9458,83,15,0,random_50,0,1
1,stress_random,20001,1014,1014,r_1014,1,qualified_ref,1,0,none,1056059375,1056075083,15708,3125,9458,83,15,0,random_50,0,1
1,stress_random,20001,1015,1015,r_1015,1,qualified_ref,1,0,none,1057084375,1057100083,15708,3125,9458,83,15,0,random_50,0,1
1,stress_random,20001,1016,1016,r_1016,1,qualified_ref,1,0,none,1058109375,1058125083,15708,3125,9458,83,15,0,random_50,0,1
1,stress_random,20001,1017,1017,r_1017,1,qualified_ref,1,0,none,1059134375,1059150083,15708,3125,9458,83,15,0,random_50,0,1
1,stress_random,20001,1018,1018,r_1018,1,qualified_ref,1,0,none,1060159375,1060175083,15708,3125,9458,83,15,0,random_50,0,1
1,stress_random,20001,1019,1019,r_1019,1,qualified_ref,1,0,none,1061184375,1061200083,15708,3125,9458,83,15,0,random_50,0,1
1,stress_random,20001,1020,1020,r_1020,1,qualified_ref,1,0,none,1062209375,1062225083,15708,3125,9458,83,15,0,random_50,0,1
1,stress_random,20001,1021,1021,r_1021,1,qualified_ref,1,0,none,1063234375,1063250083,15708,3125,9458,83,15,0,random_50,0,1
1,stress_random,20001,1022,1022,r_1022,1,qualified_ref,1,0,none,1064259375,1064275083,15708,3125,9458,83,15,0,random_50,0,1
1,stress_random,20001,1023,1023,r_1023,1,qualified_ref,1,0,none,1065284375,1065300083,15708,3125,9458,83,15,0,random_50,0,1
1,stress_random,20001,1024,1024,r_1024,1,qualified_ref,1,0,none,1066309375,1066325083,15708,3125,9458,83,15,0,random_50,0,1
1,stress_random,20001,1025,1025,r_1025,1,qualified_ref,1,0,none,1067334375,1067350083,15708,3125,9458,83,15,0,random_50,0,1
1,stress_random,20001,1026,1026,r_1026,1,qualified_ref,1,0,none,1068359375,1068375083,15708,3125,9458,83,15,0,random_50,0,1
1,stress_random,20001,1027,1027,r_1027,1,qualified_ref,1,0,none,1069384375,1069400083,15708,3125,9458,83,15,0,random_50,0,1
1,stress_random,20001,1028,1028,r_1028,1,qualified_ref,1,0,none,1070409375,1070425083,15708,3125,9458,83,15,0,random_50,0,1
1,stress_random,20001,1029,1029,r_1029,1,qualified_ref,1,0,none,1071434375,1071450083,15708,3125,9458,83,15,0,random_50,0,1
1,stress_random,20001,1030,1030,r_1030,1,qualified_ref,1,0,none,1072459375,1072475083,15708,3125,9458,83,15,0,random_50,0,1
1,stress_random,20001,1031,1031,r_1031,1,qualified_ref,1,0,none,1073484375,1073500083,15708,3125,9458,83,15,0,random_50,0,1
1,stress_random,20001,1032,1032,r_1032,1,qualified_ref,1,0,none,1074509375,1074525083,15708,3125,9458,83,15,0,random_50,0,1
1,stress_random,20001,1033,1033,r_1033,1,qualified_ref,1,0,none,1075534375,1075550083,15708,3125,9458,83,15,0,random_50,0,1
1,stress_random,20001,1034,1034,r_1034,1,qualified_ref,1,0,none,1076559375,1076575083,15708,3125,9458,83,15,0,random_50,0,1
1,stress_random,20001,1035,1035,r_1035,1,qualified_ref,1,0,none,1077584375,1077600083,15708,3125,9458,83,15,0,random_50,0,1
1,stress_random,20001,1036,1036,r_1036,1,qualified_ref,1,0,none,1078609375,1078625083,15708,3125,9458,83,15,0,random_50,0,1
1,stress_random,20001,1037,1037,r_1037,1,qualified_ref,1,0,none,1079634375,1079650083,15708,3125,9458,83,15,0,random_50,0,1
1,stress_random,20001,1038,1038,r_1038,1,qualified_ref,1,0,none,1080659375,1080675083,15708,3125,9458,83,15,0,random_50,0,1
1,stress_random,20001,1039,1039,r_1039,1,qualified_ref,1,0,none,1081684375,1081700083,15708,3125,9458,83,15,0,random_50,0,1
1,stress_random,20001,1040,1040,r_1040,1,qualified_ref,1,0,none,1082709375,1082725083,15708,3125,9458,83,15,0,random_50,0,1
1,stress_random,20001,1041,1041,r_1041,1,qualified_ref,1,0,none,1083734375,1083750083,15708,3125,9458,83,15,0,random_50,0,1
1,stress_random,20001,1042,1042,r_1042,1,qualified_ref,1,0,none,1084759375,1084775083,15708,3125,9458,83,15,0,random_50,0,1
1,stress_random,20001,1043,1043,r_1043,1,qualified_ref,1,0,none,1085784375,1085800083,15708,3125,9458,83,15,0,random_50,0,1
1,stress_random,20001,1044,1044,r_1044,1,qualified_ref,1,0,none,1086809375,1086825083,15708,3125,9458,83,15,0,random_50,0,1
1,stress_random,20001,1045,1045,r_1045,1,qualified_ref,1,0,none,1087834375,1087850083,15708,3125,9458,83,15,0,random_50,0,1
1,stress_random,20001,1046,1046,r_1046,1,qualified_ref,1,0,none,1088859375,1088875083,15708,3125,9458,83,15,0,random_50,0,1
1,stress_random,20001,1047,1047,r_1047,1,qualified_ref,1,0,none,1089884375,1089900083,15708,3125,9458,83,15,0,random_50,0,1
1,stress_random,20001,1048,1048,r_1048,1,qualified_ref,1,0,none,1090909375,1090925083,15708,3125,9458,83,15,0,random_50,0,1
1,stress_random,20001,1049,1049,r_1049,1,qualified_ref,1,0,none,1091934375,1091950083,15708,3125,9458,83,15,0,random_50,0,1
1,stress_random,20001,1050,1050,r_1050,1,qualified_ref,1,0,none,1092959375,1092975083,15708,3125,9458,83,15,0,random_50,0,1
1,stress_random,20001,1051,1051,r_1051,1,qualified_ref,1,0,none,1093984375,1094000083,15708,3125,9458,83,15,0,random_50,0,1
1,stress_random,20001,1052,1052,r_1052,1,qualified_ref,1,0,none,1095009375,1095025083,15708,3125,9458,83,15,0,random_50,0,1
1,stress_random,20001,1053,1053,r_1053,1,qualified_ref,1,0,none,1096034375,1096050083,15708,3125,9458,83,15,0,random_50,0,1
1,stress_random,20001,1054,1054,r_1054,1,qualified_ref,1,0,none,1097059375,1097075083,15708,3125,9458,83,15,0,random_50,0,1
1,stress_random,20001,1055,1055,r_1055,1,qualified_ref,1,0,none,1098084375,1098100083,15708,3125,9458,83,15,0,random_50,0,1
1,stress_random,20001,1056,1056,r_1056,1,qualified_ref,1,0,none,1099109375,1099125083,15708,3125,9458,83,15,0,random_50,0,1
1,stress_random,20001,1057,1057,r_1057,1,qualified_ref,1,0,none,1100134375,1100150083,15708,3125,9458,83,15,0,random_50,0,1
1,stress_random,20001,1058,1058,r_1058,1,qualified_ref,1,0,none,1101159375,1101175083,15708,3125,9458,83,15,0,random_50,0,1
1,stress_random,20001,1059,1059,r_1059,1,qualified_ref,1,0,none,1102184375,1102200083,15708,3125,9458,83,15,0,random_50,0,1
1,stress_random,20001,1060,1060,r_1060,1,qualified_ref,1,0,none,1103209375,1103225083,15708,3125,9458,83,15,0,random_50,0,1
1,stress_random,20001,1061,1061,r_1061,1,qualified_ref,1,0,none,1104234375,1104250083,15708,3125,9458,83,15,0,random_50,0,1
1,stress_random,20001,1062,1062,r_1062,1,qualified_ref,1,0,none,1105259375,1105275083,15708,3125,9458,83,15,0,random_50,0,1
1,stress_random,20001,1063,1063,r_1063,1,qualified_ref,1,0,none,1106284375,1106300083,15708,3125,9458,83,15,0,random_50,0,1
1,stress_random,20001,1064,1064,r_1064,1,qualified_ref,1,0,none,1107309375,1107325083,15708,3125,9458,83,15,0,random_50,0,1
1,stress_random,20001,1065,1065,r_1065,1,qualified_ref,1,0,none,1108334375,1108350083,15708,3125,9458,83,15,0,random_50,0,1
1,stress_random,20001,1066,1066,r_1066,1,qualified_ref,1,0,none,1109359375,1109375083,15708,3125,9458,83,15,0,random_50,0,1
1,stress_random,20001,1067,1067,r_1067,1,qualified_ref,1,0,none,1110384375,1110400083,15708,3125,9458,83,15,0,random_50,0,1
1,stress_random,20001,1068,1068,r_1068,1,qualified_ref,1,0,none,1111409375,1111425083,15708,3125,9458,83,15,0,random_50,0,1
1,stress_random,20001,1069,1069,r_1069,1,qualified_ref,1,0,none,1112434375,1112450083,15708,3125,9458,83,15,0,random_50,0,1
1,stress_random,20001,1070,1070,r_1070,1,qualified_ref,1,0,none,1113459375,1113475083,15708,3125,9458,83,15,0,random_50,0,1
1,stress_random,20001,1071,1071,r_1071,1,qualified_ref,1,0,none,1114484375,1114500083,15708,3125,9458,83,15,0,random_50,0,1
1,stress_random,20001,1072,1072,r_1072,1,qualified_ref,1,0,none,1115509375,1115525083,15708,3125,9458,83,15,0,random_50,0,1
1,stress_random,20001,1073,1073,r_1073,1,qualified_ref,1,0,none,1116534375,1116550083,15708,3125,9458,83,15,0,random_50,0,1
1,stress_random,20001,1074,1074,r_1074,1,qualified_ref,1,0,none,1117559375,1117575083,15708,3125,9458,83,15,0,random_50,0,1
1,stress_random,20001,1075,1075,r_1075,1,qualified_ref,1,0,none,1118584375,1118600083,15708,3125,9458,83,15,0,random_50,0,1
1,stress_random,20001,1076,1076,r_1076,1,qualified_ref,1,0,none,1119609375,1119625083,15708,3125,9458,83,15,0,random_50,0,1
1,stress_random,20001,1077,1077,r_1077,1,qualified_ref,1,0,none,1120634375,1120650083,15708,3125,9458,83,15,0,random_50,0,1
1,stress_random,20001,1078,1078,r_1078,1,qualified_ref,1,0,none,1121659375,1121675083,15708,3125,9458,83,15,0,random_50,0,1
1,stress_random,20001,1079,1079,r_1079,1,qualified_ref,1,0,none,1122684375,1122700083,15708,3125,9458,83,15,0,random_50,0,1
1,stress_random,20001,1080,1080,r_1080,1,qualified_ref,1,0,none,1123709375,1123725083,15708,3125,9458,83,15,0,random_50,0,1
1,stress_random,20001,1081,1081,r_1081,1,qualified_ref,1,0,none,1124734375,1124750083,15708,3125,9458,83,15,0,random_50,0,1
1,stress_random,20001,1082,1082,r_1082,1,qualified_ref,1,0,none,1125759375,1125775083,15708,3125,9458,83,15,0,random_50,0,1
1,stress_random,20001,1083,1083,r_1083,1,qualified_ref,1,0,none,1126784375,1126800083,15708,3125,9458,83,15,0,random_50,0,1
1,stress_random,20001,1084,1084,r_1084,1,qualified_ref,1,0,none,1127809375,1127825083,15708,3125,9458,83,15,0,random_50,0,1
1,stress_random,20001,1085,1085,r_1085,1,qualified_ref,1,0,none,1128834375,1128850083,15708,3125,9458,83,15,0,random_50,0,1
1,stress_random,20001,1086,1086,r_1086,1,qualified_ref,1,0,none,1129859375,1129875083,15708,3125,9458,83,15,0,random_50,0,1
1,stress_random,20001,1087,1087,r_1087,1,qualified_ref,1,0,none,1130884375,1130900083,15708,3125,9458,83,15,0,random_50,0,1
1,stress_random,20001,1088,1088,r_1088,1,qualified_ref,1,0,none,1131909375,1131925083,15708,3125,9458,83,15,0,random_50,0,1
1,stress_random,20001,1089,1089,r_1089,1,qualified_ref,1,0,none,1132934375,1132950083,15708,3125,9458,83,15,0,random_50,0,1
1,stress_random,20001,1090,1090,r_1090,1,qualified_ref,1,0,none,1133959375,1133975083,15708,3125,9458,83,15,0,random_50,0,1
1,stress_random,20001,1091,1091,r_1091,1,qualified_ref,1,0,none,1134984375,1135000083,15708,3125,9458,83,15,0,random_50,0,1
1,stress_random,20001,1092,1092,r_1092,1,qualified_ref,1,0,none,1136009375,1136025083,15708,3125,9458,83,15,0,random_50,0,1
1,stress_random,20001,1093,1093,r_1093,1,qualified_ref,1,0,none,1137034375,1137050083,15708,3125,9458,83,15,0,random_50,0,1
1,stress_random,20001,1094,1094,r_1094,1,qualified_ref,1,0,none,1138059375,1138075083,15708,3125,9458,83,15,0,random_50,0,1
1,stress_random,20001,1095,1095,r_1095,1,qualified_ref,1,0,none,1139084375,1139100083,15708,3125,9458,83,15,0,random_50,0,1
1,stress_random,20001,1096,1096,r_1096,1,qualified_ref,1,0,none,1140109375,1140125083,15708,3125,9458,83,15,0,random_50,0,1
1,stress_random,20001,1097,1097,r_1097,1,qualified_ref,1,0,none,1141134375,1141150083,15708,3125,9458,83,15,0,random_50,0,1
1,stress_random,20001,1098,1098,r_1098,1,qualified_ref,1,0,none,1142159375,1142175083,15708,3125,9458,83,15,0,random_50,0,1
1,stress_random,20001,1099,1099,r_1099,1,qualified_ref,1,0,none,1143184375,1143200083,15708,3125,9458,83,15,0,random_50,0,1
1,stress_random,20001,1100,1100,r_1100,1,qualified_ref,1,0,none,1144209375,1144225083,15708,3125,9458,83,15,0,random_50,0,1
1,stress_random,20001,1101,1101,r_1101,1,qualified_ref,1,0,none,1145234375,1145250083,15708,3125,9458,83,15,0,random_50,0,1
1,stress_random,20001,1102,1102,r_1102,1,qualified_ref,1,0,none,1146259375,1146275083,15708,3125,9458,83,15,0,random_50,0,1
1,stress_random,20001,1103,1103,r_1103,1,qualified_ref,1,0,none,1147284375,1147300083,15708,3125,9458,83,15,0,random_50,0,1
1,stress_random,20001,1104,1104,r_1104,1,qualified_ref,1,0,none,1148309375,1148325083,15708,3125,9458,83,15,0,random_50,0,1
1,stress_random,20001,1105,1105,r_1105,1,qualified_ref,1,0,none,1149334375,1149350083,15708,3125,9458,83,15,0,random_50,0,1
1,stress_random,20001,1106,1106,r_1106,1,qualified_ref,1,0,none,1150359375,1150375083,15708,3125,9458,83,15,0,random_50,0,1
1,stress_random,20001,1107,1107,r_1107,1,qualified_ref,1,0,none,1151384375,1151400083,15708,3125,9458,83,15,0,random_50,0,1
1,stress_random,20001,1108,1108,r_1108,1,qualified_ref,1,0,none,1152409375,1152425083,15708,3125,9458,83,15,0,random_50,0,1
1,stress_random,20001,1109,1109,r_1109,1,qualified_ref,1,0,none,1153434375,1153450083,15708,3125,9458,83,15,0,random_50,0,1
1,stress_random,20001,1110,1110,r_1110,1,qualified_ref,1,0,none,1154459375,1154475083,15708,3125,9458,83,15,0,random_50,0,1
1,stress_random,20001,1111,1111,r_1111,1,qualified_ref,1,0,none,1155484375,1155500083,15708,3125,9458,83,15,0,random_50,0,1
1,stress_random,20001,1112,1112,r_1112,1,qualified_ref,1,0,none,1156509375,1156525083,15708,3125,9458,83,15,0,random_50,0,1
1,stress_random,20001,1113,1113,r_1113,1,qualified_ref,1,0,none,1157534375,1157550083,15708,3125,9458,83,15,0,random_50,0,1
1,stress_random,20001,1114,1114,r_1114,1,qualified_ref,1,0,none,1158559375,1158575083,15708,3125,9458,83,15,0,random_50,0,1
1,stress_random,20001,1115,1115,r_1115,1,qualified_ref,1,0,none,1159584375,1159600083,15708,3125,9458,83,15,0,random_50,0,1
1,stress_random,20001,1116,1116,r_1116,1,qualified_ref,1,0,none,1160609375,1160625083,15708,3125,9458,83,15,0,random_50,0,1
1,stress_random,20001,1117,1117,r_1117,1,qualified_ref,1,0,none,1161634375,1161650083,15708,3125,9458,83,15,0,random_50,0,1
1,stress_random,20001,1118,1118,r_1118,1,qualified_ref,1,0,none,1162659375,1162675083,15708,3125,9458,83,15,0,random_50,0,1
1,stress_random,20001,1119,1119,r_1119,1,qualified_ref,1,0,none,1163684375,1163700083,15708,3125,9458,83,15,0,random_50,0,1
1,stress_random,20001,1120,1120,r_1120,1,qualified_ref,1,0,none,1164709375,1164725083,15708,3125,9458,83,15,0,random_50,0,1
1,stress_random,20001,1121,1121,r_1121,1,qualified_ref,1,0,none,1165734375,1165750083,15708,3125,9458,83,15,0,random_50,0,1
1,stress_random,20001,1122,1122,r_1122,1,qualified_ref,1,0,none,1166759375,1166775083,15708,3125,9458,83,15,0,random_50,0,1
1,stress_random,20001,1123,1123,r_1123,1,qualified_ref,1,0,none,1167784375,1167800083,15708,3125,9458,83,15,0,random_50,0,1
1,stress_random,20001,1124,1124,r_1124,1,qualified_ref,1,0,none,1168809375,1168825083,15708,3125,9458,83,15,0,random_50,0,1
1,stress_random,20001,1125,1125,r_1125,1,qualified_ref,1,0,none,1169834375,1169850083,15708,3125,9458,83,15,0,random_50,0,1
1,stress_random,20001,1126,1126,r_1126,1,qualified_ref,1,0,none,1170859375,1170875083,15708,3125,9458,83,15,0,random_50,0,1
1,stress_random,20001,1127,1127,r_1127,1,qualified_ref,1,0,none,1171884375,1171900083,15708,3125,9458,83,15,0,random_50,0,1
1,stress_random,20001,1128,1128,r_1128,1,qualified_ref,1,0,none,1172909375,1172925083,15708,3125,9458,83,15,0,random_50,0,1
1,stress_random,20001,1129,1129,r_1129,1,qualified_ref,1,0,none,1173934375,1173950083,15708,3125,9458,83,15,0,random_50,0,1
1,stress_random,20001,1130,1130,r_1130,1,qualified_ref,1,0,none,1174959375,1174975083,15708,3125,9458,83,15,0,random_50,0,1
1,stress_random,20001,1131,1131,r_1131,1,qualified_ref,1,0,none,1175984375,1176000083,15708,3125,9458,83,15,0,random_50,0,1
1,stress_random,20001,1132,1132,r_1132,1,qualified_ref,1,0,none,1177009375,1177025083,15708,3125,9458,83,15,0,random_50,0,1
1,stress_random,20001,1133,1133,r_1133,1,qualified_ref,1,0,none,1178034375,1178050083,15708,3125,9458,83,15,0,random_50,0,1
1,stress_random,20001,1134,1134,r_1134,1,qualified_ref,1,0,none,1179059375,1179075083,15708,3125,9458,83,15,0,random_50,0,1
1,stress_random,20001,1135,1135,r_1135,1,qualified_ref,1,0,none,1180084375,1180100083,15708,3125,9458,83,15,0,random_50,0,1
1,stress_random,20001,1136,1136,r_1136,1,qualified_ref,1,0,none,1181109375,1181125083,15708,3125,9458,83,15,0,random_50,0,1
1,stress_random,20001,1137,1137,r_1137,1,qualified_ref,1,0,none,1182134375,1182150083,15708,3125,9458,83,15,0,random_50,0,1
1,stress_random,20001,1138,1138,r_1138,1,qualified_ref,1,0,none,1183159375,1183175083,15708,3125,9458,83,15,0,random_50,0,1
1,stress_random,20001,1139,1139,r_1139,1,qualified_ref,1,0,none,1184184375,1184200083,15708,3125,9458,83,15,0,random_50,0,1
1,stress_random,20001,1140,1140,r_1140,1,qualified_ref,1,0,none,1185209375,1185225083,15708,3125,9458,83,15,0,random_50,0,1
1,stress_random,20001,1141,1141,r_1141,1,qualified_ref,1,0,none,1186234375,1186250083,15708,3125,9458,83,15,0,random_50,0,1
1,stress_random,20001,1142,1142,r_1142,1,qualified_ref,1,0,none,1187259375,1187275083,15708,3125,9458,83,15,0,random_50,0,1
1,stress_random,20001,1143,1143,r_1143,1,qualified_ref,1,0,none,1188284375,1188300083,15708,3125,9458,83,15,0,random_50,0,1
1,stress_random,20001,1144,1144,r_1144,1,qualified_ref,1,0,none,1189309375,1189325083,15708,3125,9458,83,15,0,random_50,0,1
1,stress_random,20001,1145,1145,r_1145,1,qualified_ref,1,0,none,1190334375,1190350083,15708,3125,9458,83,15,0,random_50,0,1
1,stress_random,20001,1146,1146,r_1146,1,qualified_ref,1,0,none,1191359375,1191375083,15708,3125,9458,83,15,0,random_50,0,1
1,stress_random,20001,1147,1147,r_1147,1,qualified_ref,1,0,none,1192384375,1192400083,15708,3125,9458,83,15,0,random_50,0,1
1,stress_random,20001,1148,1148,r_1148,1,qualified_ref,1,0,none,1193409375,1193425083,15708,3125,9458,83,15,0,random_50,0,1
1,stress_random,20001,1149,1149,r_1149,1,qualified_ref,1,0,none,1194434375,1194450083,15708,3125,9458,83,15,0,random_50,0,1
1,stress_random,20001,1150,1150,r_1150,1,qualified_ref,1,0,none,1195459375,1195475083,15708,3125,9458,83,15,0,random_50,0,1
1,stress_random,20001,1151,1151,r_1151,1,qualified_ref,1,0,none,1196484375,1196500083,15708,3125,9458,83,15,0,random_50,0,1
1,stress_random,20001,1152,1152,r_1152,1,qualified_ref,1,0,none,1197509375,1197525083,15708,3125,9458,83,15,0,random_50,0,1
1,stress_random,20001,1153,1153,r_1153,1,qualified_ref,1,0,none,1198534375,1198550083,15708,3125,9458,83,15,0,random_50,0,1
1,stress_random,20001,1154,1154,r_1154,1,qualified_ref,1,0,none,1199559375,1199575083,15708,3125,9458,83,15,0,random_50,0,1
1,stress_random,20001,1155,1155,r_1155,1,qualified_ref,1,0,none,1200584375,1200600083,15708,3125,9458,83,15,0,random_50,0,1
1,stress_random,20001,1156,1156,r_1156,1,qualified_ref,1,0,none,1201609375,1201625083,15708,3125,9458,83,15,0,random_50,0,1
1,stress_random,20001,1157,1157,r_1157,1,qualified_ref,1,0,none,1202634375,1202650083,15708,3125,9458,83,15,0,random_50,0,1
1,stress_random,20001,1158,1158,r_1158,1,qualified_ref,1,0,none,1203659375,1203675083,15708,3125,9458,83,15,0,random_50,0,1
1,stress_random,20001,1159,1159,r_1159,1,qualified_ref,1,0,none,1204684375,1204700083,15708,3125,9458,83,15,0,random_50,0,1
1,stress_random,20001,1160,1160,r_1160,1,qualified_ref,1,0,none,1205709375,1205725083,15708,3125,9458,83,15,0,random_50,0,1
1,stress_random,20001,1161,1161,r_1161,1,qualified_ref,1,0,none,1206734375,1206750083,15708,3125,9458,83,15,0,random_50,0,1
1,stress_random,20001,1162,1162,r_1162,1,qualified_ref,1,0,none,1207759375,1207775083,15708,3125,9458,83,15,0,random_50,0,1
1,stress_random,20001,1163,1163,r_1163,1,qualified_ref,1,0,none,1208784375,1208800083,15708,3125,9458,83,15,0,random_50,0,1
1,stress_random,20001,1164,1164,r_1164,1,qualified_ref,1,0,none,1209809375,1209825083,15708,3125,9458,83,15,0,random_50,0,1
1,stress_random,20001,1165,1165,r_1165,1,qualified_ref,1,0,none,1210834375,1210850083,15708,3125,9458,83,15,0,random_50,0,1
1,stress_random,20001,1166,1166,r_1166,1,qualified_ref,1,0,none,1211859375,1211875083,15708,3125,9458,83,15,0,random_50,0,1
1,stress_random,20001,1167,1167,r_1167,1,qualified_ref,1,0,none,1212884375,1212900083,15708,3125,9458,83,15,0,random_50,0,1
1,stress_random,20001,1168,1168,r_1168,1,qualified_ref,1,0,none,1213909375,1213925083,15708,3125,9458,83,15,0,random_50,0,1
1,stress_random,20001,1169,1169,r_1169,1,qualified_ref,1,0,none,1214934375,1214950083,15708,3125,9458,83,15,0,random_50,0,1
1,stress_random,20001,1170,1170,r_1170,1,qualified_ref,1,0,none,1215959375,1215975083,15708,3125,9458,83,15,0,random_50,0,1
1,stress_random,20001,1171,1171,r_1171,1,qualified_ref,1,0,none,1216984375,1217000083,15708,3125,9458,83,15,0,random_50,0,1
1,stress_random,20001,1172,1172,r_1172,1,qualified_ref,1,0,none,1218009375,1218025083,15708,3125,9458,83,15,0,random_50,0,1
1,stress_random,20001,1173,1173,r_1173,1,qualified_ref,1,0,none,1219034375,1219050083,15708,3125,9458,83,15,0,random_50,0,1
1,stress_random,20001,1174,1174,r_1174,1,qualified_ref,1,0,none,1220059375,1220075083,15708,3125,9458,83,15,0,random_50,0,1
1,stress_random,20001,1175,1175,r_1175,1,qualified_ref,1,0,none,1221084375,1221100083,15708,3125,9458,83,15,0,random_50,0,1
1,stress_random,20001,1176,1176,r_1176,1,qualified_ref,1,0,none,1222109375,1222125083,15708,3125,9458,83,15,0,random_50,0,1
1,stress_random,20001,1177,1177,r_1177,1,qualified_ref,1,0,none,1223134375,1223150083,15708,3125,9458,83,15,0,random_50,0,1
1,stress_random,20001,1178,1178,r_1178,1,qualified_ref,1,0,none,1224159375,1224175083,15708,3125,9458,83,15,0,random_50,0,1
1,stress_random,20001,1179,1179,r_1179,1,qualified_ref,1,0,none,1225184375,1225200083,15708,3125,9458,83,15,0,random_50,0,1
1,stress_random,20001,1180,1180,r_1180,1,qualified_ref,1,0,none,1226209375,1226225083,15708,3125,9458,83,15,0,random_50,0,1
1,stress_random,20001,1181,1181,r_1181,1,qualified_ref,1,0,none,1227234375,1227250083,15708,3125,9458,83,15,0,random_50,0,1
1,stress_random,20001,1182,1182,r_1182,1,qualified_ref,1,0,none,1228259375,1228275083,15708,3125,9458,83,15,0,random_50,0,1
1,stress_random,20001,1183,1183,r_1183,1,qualified_ref,1,0,none,1229284375,1229300083,15708,3125,9458,83,15,0,random_50,0,1
1,stress_random,20001,1184,1184,r_1184,1,qualified_ref,1,0,none,1230309375,1230325083,15708,3125,9458,83,15,0,random_50,0,1
1,stress_random,20001,1185,1185,r_1185,1,qualified_ref,1,0,none,1231334375,1231350083,15708,3125,9458,83,15,0,random_50,0,1
1,stress_random,20001,1186,1186,r_1186,1,qualified_ref,1,0,none,1232359375,1232375083,15708,3125,9458,83,15,0,random_50,0,1
1,stress_random,20001,1187,1187,r_1187,1,qualified_ref,1,0,none,1233384375,1233400083,15708,3125,9458,83,15,0,random_50,0,1
1,stress_random,20001,1188,1188,r_1188,1,qualified_ref,1,0,none,1234409375,1234425083,15708,3125,9458,83,15,0,random_50,0,1
1,stress_random,20001,1189,1189,r_1189,1,qualified_ref,1,0,none,1235434375,1235450083,15708,3125,9458,83,15,0,random_50,0,1
1,stress_random,20001,1190,1190,r_1190,1,qualified_ref,1,0,none,1236459375,1236475083,15708,3125,9458,83,15,0,random_50,0,1
1,stress_random,20001,1191,1191,r_1191,1,qualified_ref,1,0,none,1237484375,1237500083,15708,3125,9458,83,15,0,random_50,0,1
1,stress_random,20001,1192,1192,r_1192,1,qualified_ref,1,0,none,1238509375,1238525083,15708,3125,9458,83,15,0,random_50,0,1
1,stress_random,20001,1193,1193,r_1193,1,qualified_ref,1,0,none,1239534375,1239550083,15708,3125,9458,83,15,0,random_50,0,1
1,stress_random,20001,1194,1194,r_1194,1,qualified_ref,1,0,none,1240559375,1240575083,15708,3125,9458,83,15,0,random_50,0,1
1,stress_random,20001,1195,1195,r_1195,1,qualified_ref,1,0,none,1241584375,1241600083,15708,3125,9458,83,15,0,random_50,0,1
1,stress_random,20001,1196,1196,r_1196,1,qualified_ref,1,0,none,1242609375,1242625083,15708,3125,9458,83,15,0,random_50,0,1
1,stress_random,20001,1197,1197,r_1197,1,qualified_ref,1,0,none,1243634375,1243650083,15708,3125,9458,83,15,0,random_50,0,1
1,stress_random,20001,1198,1198,r_1198,1,qualified_ref,1,0,none,1244659375,1244675083,15708,3125,9458,83,15,0,random_50,0,1
1,stress_random,20001,1199,1199,r_1199,1,qualified_ref,1,0,none,1245684375,1245700083,15708,3125,9458,83,15,0,random_50,0,1
1,stress_random,20001,1200,1200,r_1200,1,qualified_ref,1,0,none,1246709375,1246725083,15708,3125,9458,83,15,0,random_50,0,1
1,stress_random,20001,1201,1201,r_1201,1,qualified_ref,1,0,none,1247734375,1247750083,15708,3125,9458,83,15,0,random_50,0,1
1,stress_random,20001,1202,1202,r_1202,1,qualified_ref,1,0,none,1248759375,1248775083,15708,3125,9458,83,15,0,random_50,0,1
1,stress_random,20001,1203,1203,r_1203,1,qualified_ref,1,0,none,1249784375,1249800083,15708,3125,9458,83,15,0,random_50,0,1
1,stress_random,20001,1204,1204,r_1204,1,qualified_ref,1,0,none,1250809375,1250825083,15708,3125,9458,83,15,0,random_50,0,1
1,stress_random,20001,1205,1205,r_1205,1,qualified_ref,1,0,none,1251834375,1251850083,15708,3125,9458,83,15,0,random_50,0,1
1,stress_random,20001,1206,1206,r_1206,1,qualified_ref,1,0,none,1252859375,1252875083,15708,3125,9458,83,15,0,random_50,0,1
1,stress_random,20001,1207,1207,r_1207,1,qualified_ref,1,0,none,1253884375,1253900083,15708,3125,9458,83,15,0,random_50,0,1
1,stress_random,20001,1208,1208,r_1208,1,qualified_ref,1,0,none,1254909375,1254925083,15708,3125,9458,83,15,0,random_50,0,1
1,stress_random,20001,1209,1209,r_1209,1,qualified_ref,1,0,none,1255934375,1255950083,15708,3125,9458,83,15,0,random_50,0,1
1,stress_random,20001,1210,1210,r_1210,1,qualified_ref,1,0,none,1256959375,1256975083,15708,3125,9458,83,15,0,random_50,0,1
1,stress_random,20001,1211,1211,r_1211,1,qualified_ref,1,0,none,1257984375,1258000083,15708,3125,9458,83,15,0,random_50,0,1
1,stress_random,20001,1212,1212,r_1212,1,qualified_ref,1,0,none,1259009375,1259025083,15708,3125,9458,83,15,0,random_50,0,1
1,stress_random,20001,1213,1213,r_1213,1,qualified_ref,1,0,none,1260034375,1260050083,15708,3125,9458,83,15,0,random_50,0,1
1,stress_random,20001,1214,1214,r_1214,1,qualified_ref,1,0,none,1261059375,1261075083,15708,3125,9458,83,15,0,random_50,0,1
1,stress_random,20001,1215,1215,r_1215,1,qualified_ref,1,0,none,1262084375,1262100083,15708,3125,9458,83,15,0,random_50,0,1
1,stress_random,20001,1216,1216,r_1216,1,qualified_ref,1,0,none,1263109375,1263125083,15708,3125,9458,83,15,0,random_50,0,1
1,stress_random,20001,1217,1217,r_1217,1,qualified_ref,1,0,none,1264134375,1264150083,15708,3125,9458,83,15,0,random_50,0,1
1,stress_random,20001,1218,1218,r_1218,1,qualified_ref,1,0,none,1265159375,1265175083,15708,3125,9458,83,15,0,random_50,0,1
1,stress_random,20001,1219,1219,r_1219,1,qualified_ref,1,0,none,1266184375,1266200083,15708,3125,9458,83,15,0,random_50,0,1
1,stress_random,20001,1220,1220,r_1220,1,qualified_ref,1,0,none,1267209375,1267225083,15708,3125,9458,83,15,0,random_50,0,1
1,stress_random,20001,1221,1221,r_1221,1,qualified_ref,1,0,none,1268234375,1268250083,15708,3125,9458,83,15,0,random_50,0,1
1,stress_random,20001,1222,1222,r_1222,1,qualified_ref,1,0,none,1269259375,1269275083,15708,3125,9458,83,15,0,random_50,0,1
1,stress_random,20001,1223,1223,r_1223,1,qualified_ref,1,0,none,1270284375,1270300083,15708,3125,9458,83,15,0,random_50,0,1
1,stress_random,20001,1224,1224,r_1224,1,qualified_ref,1,0,none,1271309375,1271325083,15708,3125,9458,83,15,0,random_50,0,1
1,stress_random,20001,1225,1225,r_1225,1,qualified_ref,1,0,none,1272334375,1272350083,15708,3125,9458,83,15,0,random_50,0,1
1,stress_random,20001,1226,1226,r_1226,1,qualified_ref,1,0,none,1273359375,1273375083,15708,3125,9458,83,15,0,random_50,0,1
1,stress_random,20001,1227,1227,r_1227,1,qualified_ref,1,0,none,1274384375,1274400083,15708,3125,9458,83,15,0,random_50,0,1
1,stress_random,20001,1228,1228,r_1228,1,qualified_ref,1,0,none,1275409375,1275425083,15708,3125,9458,83,15,0,random_50,0,1
1,stress_random,20001,1229,1229,r_1229,1,qualified_ref,1,0,none,1276434375,1276450083,15708,3125,9458,83,15,0,random_50,0,1
1,stress_random,20001,1230,1230,r_1230,1,qualified_ref,1,0,none,1277459375,1277475083,15708,3125,9458,83,15,0,random_50,0,1
1,stress_random,20001,1231,1231,r_1231,1,qualified_ref,1,0,none,1278484375,1278500083,15708,3125,9458,83,15,0,random_50,0,1
1,stress_random,20001,1232,1232,r_1232,1,qualified_ref,1,0,none,1279509375,1279525083,15708,3125,9458,83,15,0,random_50,0,1
1,stress_random,20001,1233,1233,r_1233,1,qualified_ref,1,0,none,1280534375,1280550083,15708,3125,9458,83,15,0,random_50,0,1
1,stress_random,20001,1234,1234,r_1234,1,qualified_ref,1,0,none,1281559375,1281575083,15708,3125,9458,83,15,0,random_50,0,1
1,stress_random,20001,1235,1235,r_1235,1,qualified_ref,1,0,none,1282584375,1282600083,15708,3125,9458,83,15,0,random_50,0,1
1,stress_random,20001,1236,1236,r_1236,1,qualified_ref,1,0,none,1283609375,1283625083,15708,3125,9458,83,15,0,random_50,0,1
1,stress_random,20001,1237,1237,r_1237,1,qualified_ref,1,0,none,1284634375,1284650083,15708,3125,9458,83,15,0,random_50,0,1
1,stress_random,20001,1238,1238,r_1238,1,qualified_ref,1,0,none,1285659375,1285675083,15708,3125,9458,83,15,0,random_50,0,1
1,stress_random,20001,1239,1239,r_1239,1,qualified_ref,1,0,none,1286684375,1286700083,15708,3125,9458,83,15,0,random_50,0,1
1,stress_random,20001,1240,1240,r_1240,1,qualified_ref,1,0,none,1287709375,1287725083,15708,3125,9458,83,15,0,random_50,0,1
1,stress_random,20001,1241,1241,r_1241,1,qualified_ref,1,0,none,1288734375,1288750083,15708,3125,9458,83,15,0,random_50,0,1
1,stress_random,20001,1242,1242,r_1242,1,qualified_ref,1,0,none,1289759375,1289775083,15708,3125,9458,83,15,0,random_50,0,1
1,stress_random,20001,1243,1243,r_1243,1,qualified_ref,1,0,none,1290784375,1290800083,15708,3125,9458,83,15,0,random_50,0,1
1,stress_random,20001,1244,1244,r_1244,1,qualified_ref,1,0,none,1291809375,1291825083,15708,3125,9458,83,15,0,random_50,0,1
1,stress_random,20001,1245,1245,r_1245,1,qualified_ref,1,0,none,1292834375,1292850083,15708,3125,9458,83,15,0,random_50,0,1
1,stress_random,20001,1246,1246,r_1246,1,qualified_ref,1,0,none,1293859375,1293875083,15708,3125,9458,83,15,0,random_50,0,1
1,stress_random,20001,1247,1247,r_1247,1,qualified_ref,1,0,none,1294884375,1294900083,15708,3125,9458,83,15,0,random_50,0,1
1,stress_random,20001,1248,1248,r_1248,1,qualified_ref,1,0,none,1295909375,1295925083,15708,3125,9458,83,15,0,random_50,0,1
1,stress_random,20001,1249,1249,r_1249,1,qualified_ref,1,0,none,1296934375,1296950083,15708,3125,9458,83,15,0,random_50,0,1
1,stress_random,20001,1250,1250,r_1250,0,qualified_ref,1,0,none,1302059375,1302075083,15708,3125,9458,83,1,0,random_50,0,1
1,stress_random,20001,1251,1251,r_1251,0,qualified_ref,1,0,none,1303084375,1303100083,15708,3125,9458,83,1,0,random_50,0,1
1,stress_random,20001,1252,1252,r_1252,0,qualified_ref,1,0,none,1304109375,1304125083,15708,3125,9458,83,1,0,random_50,0,1
1,stress_random,20001,1253,1253,r_1253,0,qualified_ref,1,0,none,1305134375,1305150083,15708,3125,9458,83,1,0,random_50,0,1
1,stress_random,20001,1254,1254,r_1254,0,qualified_ref,1,0,none,1306159375,1306175083,15708,3125,9458,83,1,0,random_50,0,1
1,stress_random,20001,1255,1255,r_1255,0,qualified_ref,1,0,none,1307184375,1307200083,15708,3125,9458,83,1,0,random_50,0,1
1,stress_random,20001,1256,1256,r_1256,0,qualified_ref,1,0,none,1308209375,1308225083,15708,3125,9458,83,1,0,random_50,0,1
1,stress_random,20001,1257,1257,r_1257,0,qualified_ref,1,0,none,1309234375,1309250083,15708,3125,9458,83,1,0,random_50,0,1
1,stress_random,20001,1258,1258,r_1258,0,qualified_ref,1,0,none,1310259375,1310275083,15708,3125,9458,83,1,0,random_50,0,1
1,stress_random,20001,1259,1259,r_1259,0,qualified_ref,1,0,none,1311284375,1311300083,15708,3125,9458,83,1,0,random_50,0,1
1,stress_random,20001,1260,1260,r_1260,0,qualified_ref,1,0,none,1312309375,1312325083,15708,3125,9458,83,1,0,random_50,0,1
1,stress_random,20001,1261,1261,r_1261,0,qualified_ref,1,0,none,1313334375,1313350083,15708,3125,9458,83,1,0,random_50,0,1
1,stress_random,20001,1262,1262,r_1262,0,qualified_ref,1,0,none,1314359375,1314375083,15708,3125,9458,83,1,0,random_50,0,1
1,stress_random,20001,1263,1263,r_1263,0,qualified_ref,1,0,none,1315384375,1315400083,15708,3125,9458,83,1,0,random_50,0,1
1,stress_random,20001,1264,1264,r_1264,0,qualified_ref,1,0,none,1316409375,1316425083,15708,3125,9458,83,1,0,random_50,0,1
1,stress_random,20001,1265,1265,r_1265,0,qualified_ref,1,0,none,1317434375,1317450083,15708,3125,9458,83,1,0,random_50,0,1
1,stress_random,20001,1266,1266,r_1266,0,qualified_ref,1,0,none,1318459375,1318475083,15708,3125,9458,83,1,0,random_50,0,1
1,stress_random,20001,1267,1267,r_1267,0,qualified_ref,1,0,none,1319484375,1319500083,15708,3125,9458,83,1,0,random_50,0,1
1,stress_random,20001,1268,1268,r_1268,0,qualified_ref,1,0,none,1320509375,1320525083,15708,3125,9458,83,1,0,random_50,0,1
1,stress_random,20001,1269,1269,r_1269,0,qualified_ref,1,0,none,1321534375,1321550083,15708,3125,9458,83,1,0,random_50,0,1
1,stress_random,20001,1270,1270,r_1270,0,qualified_ref,1,0,none,1322559375,1322575083,15708,3125,9458,83,1,0,random_50,0,1
1,stress_random,20001,1271,1271,r_1271,0,qualified_ref,1,0,none,1323584375,1323600083,15708,3125,9458,83,1,0,random_50,0,1
1,stress_random,20001,1272,1272,r_1272,0,qualified_ref,1,0,none,1324609375,1324625083,15708,3125,9458,83,1,0,random_50,0,1
1,stress_random,20001,1273,1273,r_1273,0,qualified_ref,1,0,none,1325634375,1325650083,15708,3125,9458,83,1,0,random_50,0,1
1,stress_random,20001,1274,1274,r_1274,0,qualified_ref,1,0,none,1326659375,1326675083,15708,3125,9458,83,1,0,random_50,0,1
1,stress_random,20001,1275,1275,r_1275,0,qualified_ref,1,0,none,1327684375,1327700083,15708,3125,9458,83,1,0,random_50,0,1
1,stress_random,20001,1276,1276,r_1276,0,qualified_ref,1,0,none,1328709375,1328725083,15708,3125,9458,83,1,0,random_50,0,1
1,stress_random,20001,1277,1277,r_1277,0,qualified_ref,1,0,none,1329734375,1329750083,15708,3125,9458,83,1,0,random_50,0,1
1,stress_random,20001,1278,1278,r_1278,0,qualified_ref,1,0,none,1330759375,1330775083,15708,3125,9458,83,1,0,random_50,0,1
1,stress_random,20001,1279,1279,r_1279,0,qualified_ref,1,0,none,1331784375,1331800083,15708,3125,9458,83,1,0,random_50,0,1
1,stress_random,20001,1280,1280,r_1280,0,qualified_ref,1,0,none,1332809375,1332825083,15708,3125,9458,83,1,0,random_50,0,1
1,stress_random,20001,1281,1281,r_1281,0,qualified_ref,1,0,none,1333834375,1333850083,15708,3125,9458,83,1,0,random_50,0,1
1,stress_random,20001,1282,1282,r_1282,0,qualified_ref,1,0,none,1334859375,1334875083,15708,3125,9458,83,1,0,random_50,0,1
1,stress_random,20001,1283,1283,r_1283,0,qualified_ref,1,0,none,1335884375,1335900083,15708,3125,9458,83,1,0,random_50,0,1
1,stress_random,20001,1284,1284,r_1284,0,qualified_ref,1,0,none,1336909375,1336925083,15708,3125,9458,83,1,0,random_50,0,1
1,stress_random,20001,1285,1285,r_1285,0,qualified_ref,1,0,none,1337934375,1337950083,15708,3125,9458,83,1,0,random_50,0,1
1,stress_random,20001,1286,1286,r_1286,0,qualified_ref,1,0,none,1338959375,1338975083,15708,3125,9458,83,1,0,random_50,0,1
1,stress_random,20001,1287,1287,r_1287,0,qualified_ref,1,0,none,1339984375,1340000083,15708,3125,9458,83,1,0,random_50,0,1
1,stress_random,20001,1288,1288,r_1288,0,qualified_ref,1,0,none,1341009375,1341025083,15708,3125,9458,83,1,0,random_50,0,1
1,stress_random,20001,1289,1289,r_1289,0,qualified_ref,1,0,none,1342034375,1342050083,15708,3125,9458,83,1,0,random_50,0,1
1,stress_random,20001,1290,1290,r_1290,0,qualified_ref,1,0,none,1343059375,1343075083,15708,3125,9458,83,1,0,random_50,0,1
1,stress_random,20001,1291,1291,r_1291,0,qualified_ref,1,0,none,1344084375,1344100083,15708,3125,9458,83,1,0,random_50,0,1
1,stress_random,20001,1292,1292,r_1292,0,qualified_ref,1,0,none,1345109375,1345125083,15708,3125,9458,83,1,0,random_50,0,1
1,stress_random,20001,1293,1293,r_1293,0,qualified_ref,1,0,none,1346134375,1346150083,15708,3125,9458,83,1,0,random_50,0,1
1,stress_random,20001,1294,1294,r_1294,0,qualified_ref,1,0,none,1347159375,1347175083,15708,3125,9458,83,1,0,random_50,0,1
1,stress_random,20001,1295,1295,r_1295,0,qualified_ref,1,0,none,1348184375,1348200083,15708,3125,9458,83,1,0,random_50,0,1
1,stress_random,20001,1296,1296,r_1296,0,qualified_ref,1,0,none,1349209375,1349225083,15708,3125,9458,83,1,0,random_50,0,1
1,stress_random,20001,1297,1297,r_1297,0,qualified_ref,1,0,none,1350234375,1350250083,15708,3125,9458,83,1,0,random_50,0,1
1,stress_random,20001,1298,1298,r_1298,0,qualified_ref,1,0,none,1351259375,1351275083,15708,3125,9458,83,1,0,random_50,0,1
1,stress_random,20001,1299,1299,r_1299,0,qualified_ref,1,0,none,1352284375,1352300083,15708,3125,9458,83,1,0,random_50,0,1
1,stress_random,20001,1300,1300,r_1300,0,qualified_ref,1,0,none,1353309375,1353325083,15708,3125,9458,83,1,0,random_50,0,1
1,stress_random,20001,1301,1301,r_1301,0,qualified_ref,1,0,none,1354334375,1354350083,15708,3125,9458,83,1,0,random_50,0,1
1,stress_random,20001,1302,1302,r_1302,0,qualified_ref,1,0,none,1355359375,1355375083,15708,3125,9458,83,1,0,random_50,0,1
1,stress_random,20001,1303,1303,r_1303,0,qualified_ref,1,0,none,1356384375,1356400083,15708,3125,9458,83,1,0,random_50,0,1
1,stress_random,20001,1304,1304,r_1304,0,qualified_ref,1,0,none,1357409375,1357425083,15708,3125,9458,83,1,0,random_50,0,1
1,stress_random,20001,1305,1305,r_1305,0,qualified_ref,1,0,none,1358434375,1358450083,15708,3125,9458,83,1,0,random_50,0,1
1,stress_random,20001,1306,1306,r_1306,0,qualified_ref,1,0,none,1359459375,1359475083,15708,3125,9458,83,1,0,random_50,0,1
1,stress_random,20001,1307,1307,r_1307,0,qualified_ref,1,0,none,1360484375,1360500083,15708,3125,9458,83,1,0,random_50,0,1
1,stress_random,20001,1308,1308,r_1308,0,qualified_ref,1,0,none,1361509375,1361525083,15708,3125,9458,83,1,0,random_50,0,1
1,stress_random,20001,1309,1309,r_1309,0,qualified_ref,1,0,none,1362534375,1362550083,15708,3125,9458,83,1,0,random_50,0,1
1,stress_random,20001,1310,1310,r_1310,0,qualified_ref,1,0,none,1363559375,1363575083,15708,3125,9458,83,1,0,random_50,0,1
1,stress_random,20001,1311,1311,r_1311,0,qualified_ref,1,0,none,1364584375,1364600083,15708,3125,9458,83,1,0,random_50,0,1
1,stress_random,20001,1312,1312,r_1312,0,qualified_ref,1,0,none,1365609375,1365625083,15708,3125,9458,83,1,0,random_50,0,1
1,stress_random,20001,1313,1313,r_1313,0,qualified_ref,1,0,none,1366634375,1366650083,15708,3125,9458,83,1,0,random_50,0,1
1,stress_random,20001,1314,1314,r_1314,0,qualified_ref,1,0,none,1367659375,1367675083,15708,3125,9458,83,1,0,random_50,0,1
1,stress_random,20001,1315,1315,r_1315,0,qualified_ref,1,0,none,1368684375,1368700083,15708,3125,9458,83,1,0,random_50,0,1
1,stress_random,20001,1316,1316,r_1316,0,qualified_ref,1,0,none,1369709375,1369725083,15708,3125,9458,83,1,0,random_50,0,1
1,stress_random,20001,1317,1317,r_1317,0,qualified_ref,1,0,none,1370734375,1370750083,15708,3125,9458,83,1,0,random_50,0,1
1,stress_random,20001,1318,1318,r_1318,0,qualified_ref,1,0,none,1371759375,1371775083,15708,3125,9458,83,1,0,random_50,0,1
1,stress_random,20001,1319,1319,r_1319,0,qualified_ref,1,0,none,1372784375,1372800083,15708,3125,9458,83,1,0,random_50,0,1
1,stress_random,20001,1320,1320,r_1320,0,qualified_ref,1,0,none,1373809375,1373825083,15708,3125,9458,83,1,0,random_50,0,1
1,stress_random,20001,1321,1321,r_1321,0,qualified_ref,1,0,none,1374834375,1374850083,15708,3125,9458,83,1,0,random_50,0,1
1,stress_random,20001,1322,1322,r_1322,0,qualified_ref,1,0,none,1375859375,1375875083,15708,3125,9458,83,1,0,random_50,0,1
1,stress_random,20001,1323,1323,r_1323,0,qualified_ref,1,0,none,1376884375,1376900083,15708,3125,9458,83,1,0,random_50,0,1
1,stress_random,20001,1324,1324,r_1324,0,qualified_ref,1,0,none,1377909375,1377925083,15708,3125,9458,83,1,0,random_50,0,1
1,stress_random,20001,1325,1325,r_1325,0,qualified_ref,1,0,none,1378934375,1378950083,15708,3125,9458,83,1,0,random_50,0,1
1,stress_random,20001,1326,1326,r_1326,0,qualified_ref,1,0,none,1379959375,1379975083,15708,3125,9458,83,1,0,random_50,0,1
1,stress_random,20001,1327,1327,r_1327,0,qualified_ref,1,0,none,1380984375,1381000083,15708,3125,9458,83,1,0,random_50,0,1
1,stress_random,20001,1328,1328,r_1328,0,qualified_ref,1,0,none,1382009375,1382025083,15708,3125,9458,83,1,0,random_50,0,1
1,stress_random,20001,1329,1329,r_1329,0,qualified_ref,1,0,none,1383034375,1383050083,15708,3125,9458,83,1,0,random_50,0,1
1,stress_random,20001,1330,1330,r_1330,0,qualified_ref,1,0,none,1384059375,1384075083,15708,3125,9458,83,1,0,random_50,0,1
1,stress_random,20001,1331,1331,r_1331,0,qualified_ref,1,0,none,1385084375,1385100083,15708,3125,9458,83,1,0,random_50,0,1
1,stress_random,20001,1332,1332,r_1332,0,qualified_ref,1,0,none,1386109375,1386125083,15708,3125,9458,83,1,0,random_50,0,1
1,stress_random,20001,1333,1333,r_1333,0,qualified_ref,1,0,none,1387134375,1387150083,15708,3125,9458,83,1,0,random_50,0,1
1,stress_random,20001,1334,1334,r_1334,0,qualified_ref,1,0,none,1388159375,1388175083,15708,3125,9458,83,1,0,random_50,0,1
1,stress_random,20001,1335,1335,r_1335,0,qualified_ref,1,0,none,1389184375,1389200083,15708,3125,9458,83,1,0,random_50,0,1
1,stress_random,20001,1336,1336,r_1336,0,qualified_ref,1,0,none,1390209375,1390225083,15708,3125,9458,83,1,0,random_50,0,1
1,stress_random,20001,1337,1337,r_1337,0,qualified_ref,1,0,none,1391234375,1391250083,15708,3125,9458,83,1,0,random_50,0,1
1,stress_random,20001,1338,1338,r_1338,0,qualified_ref,1,0,none,1392259375,1392275083,15708,3125,9458,83,1,0,random_50,0,1
1,stress_random,20001,1339,1339,r_1339,0,qualified_ref,1,0,none,1393284375,1393300083,15708,3125,9458,83,1,0,random_50,0,1
1,stress_random,20001,1340,1340,r_1340,0,qualified_ref,1,0,none,1394309375,1394325083,15708,3125,9458,83,1,0,random_50,0,1
1,stress_random,20001,1341,1341,r_1341,0,qualified_ref,1,0,none,1395334375,1395350083,15708,3125,9458,83,1,0,random_50,0,1
1,stress_random,20001,1342,1342,r_1342,0,qualified_ref,1,0,none,1396359375,1396375083,15708,3125,9458,83,1,0,random_50,0,1
1,stress_random,20001,1343,1343,r_1343,0,qualified_ref,1,0,none,1397384375,1397400083,15708,3125,9458,83,1,0,random_50,0,1
1,stress_random,20001,1344,1344,r_1344,0,qualified_ref,1,0,none,1398409375,1398425083,15708,3125,9458,83,1,0,random_50,0,1
1,stress_random,20001,1345,1345,r_1345,0,qualified_ref,1,0,none,1399434375,1399450083,15708,3125,9458,83,1,0,random_50,0,1
1,stress_random,20001,1346,1346,r_1346,0,qualified_ref,1,0,none,1400459375,1400475083,15708,3125,9458,83,1,0,random_50,0,1
1,stress_random,20001,1347,1347,r_1347,0,qualified_ref,1,0,none,1401484375,1401500083,15708,3125,9458,83,1,0,random_50,0,1
1,stress_random,20001,1348,1348,r_1348,0,qualified_ref,1,0,none,1402509375,1402525083,15708,3125,9458,83,1,0,random_50,0,1
1,stress_random,20001,1349,1349,r_1349,0,qualified_ref,1,0,none,1403534375,1403550083,15708,3125,9458,83,1,0,random_50,0,1
1,stress_random,20001,1350,1350,r_1350,0,qualified_ref,1,0,none,1404559375,1404575083,15708,3125,9458,83,1,0,random_50,0,1
1,stress_random,20001,1351,1351,r_1351,0,qualified_ref,1,0,none,1405584375,1405600083,15708,3125,9458,83,1,0,random_50,0,1
1,stress_random,20001,1352,1352,r_1352,0,qualified_ref,1,0,none,1406609375,1406625083,15708,3125,9458,83,1,0,random_50,0,1
1,stress_random,20001,1353,1353,r_1353,0,qualified_ref,1,0,none,1407634375,1407650083,15708,3125,9458,83,1,0,random_50,0,1
1,stress_random,20001,1354,1354,r_1354,0,qualified_ref,1,0,none,1408659375,1408675083,15708,3125,9458,83,1,0,random_50,0,1
1,stress_random,20001,1355,1355,r_1355,0,qualified_ref,1,0,none,1409684375,1409700083,15708,3125,9458,83,1,0,random_50,0,1
1,stress_random,20001,1356,1356,r_1356,0,qualified_ref,1,0,none,1410709375,1410725083,15708,3125,9458,83,1,0,random_50,0,1
1,stress_random,20001,1357,1357,r_1357,0,qualified_ref,1,0,none,1411734375,1411750083,15708,3125,9458,83,1,0,random_50,0,1
1,stress_random,20001,1358,1358,r_1358,0,qualified_ref,1,0,none,1412759375,1412775083,15708,3125,9458,83,1,0,random_50,0,1
1,stress_random,20001,1359,1359,r_1359,0,qualified_ref,1,0,none,1413784375,1413800083,15708,3125,9458,83,1,0,random_50,0,1
1,stress_random,20001,1360,1360,r_1360,0,qualified_ref,1,0,none,1414809375,1414825083,15708,3125,9458,83,1,0,random_50,0,1
1,stress_random,20001,1361,1361,r_1361,0,qualified_ref,1,0,none,1415834375,1415850083,15708,3125,9458,83,1,0,random_50,0,1
1,stress_random,20001,1362,1362,r_1362,0,qualified_ref,1,0,none,1416859375,1416875083,15708,3125,9458,83,1,0,random_50,0,1
1,stress_random,20001,1363,1363,r_1363,0,qualified_ref,1,0,none,1417884375,1417900083,15708,3125,9458,83,1,0,random_50,0,1
1,stress_random,20001,1364,1364,r_1364,0,qualified_ref,1,0,none,1418909375,1418925083,15708,3125,9458,83,1,0,random_50,0,1
1,stress_random,20001,1365,1365,r_1365,0,qualified_ref,1,0,none,1419934375,1419950083,15708,3125,9458,83,1,0,random_50,0,1
1,stress_random,20001,1366,1366,r_1366,0,qualified_ref,1,0,none,1420959375,1420975083,15708,3125,9458,83,1,0,random_50,0,1
1,stress_random,20001,1367,1367,r_1367,0,qualified_ref,1,0,none,1421984375,1422000083,15708,3125,9458,83,1,0,random_50,0,1
1,stress_random,20001,1368,1368,r_1368,0,qualified_ref,1,0,none,1423009375,1423025083,15708,3125,9458,83,1,0,random_50,0,1
1,stress_random,20001,1369,1369,r_1369,0,qualified_ref,1,0,none,1424034375,1424050083,15708,3125,9458,83,1,0,random_50,0,1
1,stress_random,20001,1370,1370,r_1370,0,qualified_ref,1,0,none,1425059375,1425075083,15708,3125,9458,83,1,0,random_50,0,1
1,stress_random,20001,1371,1371,r_1371,0,qualified_ref,1,0,none,1426084375,1426100083,15708,3125,9458,83,1,0,random_50,0,1
1,stress_random,20001,1372,1372,r_1372,0,qualified_ref,1,0,none,1427109375,1427125083,15708,3125,9458,83,1,0,random_50,0,1
1,stress_random,20001,1373,1373,r_1373,0,qualified_ref,1,0,none,1428134375,1428150083,15708,3125,9458,83,1,0,random_50,0,1
1,stress_random,20001,1374,1374,r_1374,0,qualified_ref,1,0,none,1429159375,1429175083,15708,3125,9458,83,1,0,random_50,0,1
1,stress_random,20001,1375,1375,r_1375,0,qualified_ref,1,0,none,1430184375,1430200083,15708,3125,9458,83,1,0,random_50,0,1
1,stress_random,20001,1376,1376,r_1376,0,qualified_ref,1,0,none,1431209375,1431225083,15708,3125,9458,83,1,0,random_50,0,1
1,stress_random,20001,1377,1377,r_1377,0,qualified_ref,1,0,none,1432234375,1432250083,15708,3125,9458,83,1,0,random_50,0,1
1,stress_random,20001,1378,1378,r_1378,0,qualified_ref,1,0,none,1433259375,1433275083,15708,3125,9458,83,1,0,random_50,0,1
1,stress_random,20001,1379,1379,r_1379,0,qualified_ref,1,0,none,1434284375,1434300083,15708,3125,9458,83,1,0,random_50,0,1
1,stress_random,20001,1380,1380,r_1380,0,qualified_ref,1,0,none,1435309375,1435325083,15708,3125,9458,83,1,0,random_50,0,1
1,stress_random,20001,1381,1381,r_1381,0,qualified_ref,1,0,none,1436334375,1436350083,15708,3125,9458,83,1,0,random_50,0,1
1,stress_random,20001,1382,1382,r_1382,0,qualified_ref,1,0,none,1437359375,1437375083,15708,3125,9458,83,1,0,random_50,0,1
1,stress_random,20001,1383,1383,r_1383,0,qualified_ref,1,0,none,1438384375,1438400083,15708,3125,9458,83,1,0,random_50,0,1
1,stress_random,20001,1384,1384,r_1384,0,qualified_ref,1,0,none,1439409375,1439425083,15708,3125,9458,83,1,0,random_50,0,1
1,stress_random,20001,1385,1385,r_1385,0,qualified_ref,1,0,none,1440434375,1440450083,15708,3125,9458,83,1,0,random_50,0,1
1,stress_random,20001,1386,1386,r_1386,0,qualified_ref,1,0,none,1441459375,1441475083,15708,3125,9458,83,1,0,random_50,0,1
1,stress_random,20001,1387,1387,r_1387,0,qualified_ref,1,0,none,1442484375,1442500083,15708,3125,9458,83,1,0,random_50,0,1
1,stress_random,20001,1388,1388,r_1388,0,qualified_ref,1,0,none,1443509375,1443525083,15708,3125,9458,83,1,0,random_50,0,1
1,stress_random,20001,1389,1389,r_1389,0,qualified_ref,1,0,none,1444534375,1444550083,15708,3125,9458,83,1,0,random_50,0,1
1,stress_random,20001,1390,1390,r_1390,0,qualified_ref,1,0,none,1445559375,1445575083,15708,3125,9458,83,1,0,random_50,0,1
1,stress_random,20001,1391,1391,r_1391,0,qualified_ref,1,0,none,1446584375,1446600083,15708,3125,9458,83,1,0,random_50,0,1
1,stress_random,20001,1392,1392,r_1392,0,qualified_ref,1,0,none,1447609375,1447625083,15708,3125,9458,83,1,0,random_50,0,1
1,stress_random,20001,1393,1393,r_1393,0,qualified_ref,1,0,none,1448634375,1448650083,15708,3125,9458,83,1,0,random_50,0,1
1,stress_random,20001,1394,1394,r_1394,0,qualified_ref,1,0,none,1449659375,1449675083,15708,3125,9458,83,1,0,random_50,0,1
1,stress_random,20001,1395,1395,r_1395,0,qualified_ref,1,0,none,1450684375,1450700083,15708,3125,9458,83,1,0,random_50,0,1
1,stress_random,20001,1396,1396,r_1396,0,qualified_ref,1,0,none,1451709375,1451725083,15708,3125,9458,83,1,0,random_50,0,1
1,stress_random,20001,1397,1397,r_1397,0,qualified_ref,1,0,none,1452734375,1452750083,15708,3125,9458,83,1,0,random_50,0,1
1,stress_random,20001,1398,1398,r_1398,0,qualified_ref,1,0,none,1453759375,1453775083,15708,3125,9458,83,1,0,random_50,0,1
1,stress_random,20001,1399,1399,r_1399,0,qualified_ref,1,0,none,1454784375,1454800083,15708,3125,9458,83,1,0,random_50,0,1
1,stress_random,20001,1400,1400,r_1400,0,qualified_ref,1,0,none,1455809375,1455825083,15708,3125,9458,83,1,0,random_50,0,1
1,stress_random,20001,1401,1401,r_1401,0,qualified_ref,1,0,none,1456834375,1456850083,15708,3125,9458,83,1,0,random_50,0,1
1,stress_random,20001,1402,1402,r_1402,0,qualified_ref,1,0,none,1457859375,1457875083,15708,3125,9458,83,1,0,random_50,0,1
1,stress_random,20001,1403,1403,r_1403,0,qualified_ref,1,0,none,1458884375,1458900083,15708,3125,9458,83,1,0,random_50,0,1
1,stress_random,20001,1404,1404,r_1404,0,qualified_ref,1,0,none,1459909375,1459925083,15708,3125,9458,83,1,0,random_50,0,1
1,stress_random,20001,1405,1405,r_1405,0,qualified_ref,1,0,none,1460934375,1460950083,15708,3125,9458,83,1,0,random_50,0,1
1,stress_random,20001,1406,1406,r_1406,0,qualified_ref,1,0,none,1461959375,1461975083,15708,3125,9458,83,1,0,random_50,0,1
1,stress_random,20001,1407,1407,r_1407,0,qualified_ref,1,0,none,1462984375,1463000083,15708,3125,9458,83,1,0,random_50,0,1
1,stress_random,20001,1408,1408,r_1408,0,qualified_ref,1,0,none,1464009375,1464025083,15708,3125,9458,83,1,0,random_50,0,1
1,stress_random,20001,1409,1409,r_1409,0,qualified_ref,1,0,none,1465034375,1465050083,15708,3125,9458,83,1,0,random_50,0,1
1,stress_random,20001,1410,1410,r_1410,0,qualified_ref,1,0,none,1466059375,1466075083,15708,3125,9458,83,1,0,random_50,0,1
1,stress_random,20001,1411,1411,r_1411,0,qualified_ref,1,0,none,1467084375,1467100083,15708,3125,9458,83,1,0,random_50,0,1
1,stress_random,20001,1412,1412,r_1412,0,qualified_ref,1,0,none,1468109375,1468125083,15708,3125,9458,83,1,0,random_50,0,1
1,stress_random,20001,1413,1413,r_1413,0,qualified_ref,1,0,none,1469134375,1469150083,15708,3125,9458,83,1,0,random_50,0,1
1,stress_random,20001,1414,1414,r_1414,0,qualified_ref,1,0,none,1470159375,1470175083,15708,3125,9458,83,1,0,random_50,0,1
1,stress_random,20001,1415,1415,r_1415,0,qualified_ref,1,0,none,1471184375,1471200083,15708,3125,9458,83,1,0,random_50,0,1
1,stress_random,20001,1416,1416,r_1416,0,qualified_ref,1,0,none,1472209375,1472225083,15708,3125,9458,83,1,0,random_50,0,1
1,stress_random,20001,1417,1417,r_1417,0,qualified_ref,1,0,none,1473234375,1473250083,15708,3125,9458,83,1,0,random_50,0,1
1,stress_random,20001,1418,1418,r_1418,0,qualified_ref,1,0,none,1474259375,1474275083,15708,3125,9458,83,1,0,random_50,0,1
1,stress_random,20001,1419,1419,r_1419,0,qualified_ref,1,0,none,1475284375,1475300083,15708,3125,9458,83,1,0,random_50,0,1
1,stress_random,20001,1420,1420,r_1420,0,qualified_ref,1,0,none,1476309375,1476325083,15708,3125,9458,83,1,0,random_50,0,1
1,stress_random,20001,1421,1421,r_1421,0,qualified_ref,1,0,none,1477334375,1477350083,15708,3125,9458,83,1,0,random_50,0,1
1,stress_random,20001,1422,1422,r_1422,0,qualified_ref,1,0,none,1478359375,1478375083,15708,3125,9458,83,1,0,random_50,0,1
1,stress_random,20001,1423,1423,r_1423,0,qualified_ref,1,0,none,1479384375,1479400083,15708,3125,9458,83,1,0,random_50,0,1
1,stress_random,20001,1424,1424,r_1424,0,qualified_ref,1,0,none,1480409375,1480425083,15708,3125,9458,83,1,0,random_50,0,1
1,stress_random,20001,1425,1425,r_1425,0,qualified_ref,1,0,none,1481434375,1481450083,15708,3125,9458,83,1,0,random_50,0,1
1,stress_random,20001,1426,1426,r_1426,0,qualified_ref,1,0,none,1482459375,1482475083,15708,3125,9458,83,1,0,random_50,0,1
1,stress_random,20001,1427,1427,r_1427,0,qualified_ref,1,0,none,1483484375,1483500083,15708,3125,9458,83,1,0,random_50,0,1
1,stress_random,20001,1428,1428,r_1428,0,qualified_ref,1,0,none,1484509375,1484525083,15708,3125,9458,83,1,0,random_50,0,1
1,stress_random,20001,1429,1429,r_1429,0,qualified_ref,1,0,none,1485534375,1485550083,15708,3125,9458,83,1,0,random_50,0,1
1,stress_random,20001,1430,1430,r_1430,0,qualified_ref,1,0,none,1486559375,1486575083,15708,3125,9458,83,1,0,random_50,0,1
1,stress_random,20001,1431,1431,r_1431,0,qualified_ref,1,0,none,1487584375,1487600083,15708,3125,9458,83,1,0,random_50,0,1
1,stress_random,20001,1432,1432,r_1432,0,qualified_ref,1,0,none,1488609375,1488625083,15708,3125,9458,83,1,0,random_50,0,1
1,stress_random,20001,1433,1433,r_1433,0,qualified_ref,1,0,none,1489634375,1489650083,15708,3125,9458,83,1,0,random_50,0,1
1,stress_random,20001,1434,1434,r_1434,0,qualified_ref,1,0,none,1490659375,1490675083,15708,3125,9458,83,1,0,random_50,0,1
1,stress_random,20001,1435,1435,r_1435,0,qualified_ref,1,0,none,1491684375,1491700083,15708,3125,9458,83,1,0,random_50,0,1
1,stress_random,20001,1436,1436,r_1436,0,qualified_ref,1,0,none,1492709375,1492725083,15708,3125,9458,83,1,0,random_50,0,1
1,stress_random,20001,1437,1437,r_1437,0,qualified_ref,1,0,none,1493734375,1493750083,15708,3125,9458,83,1,0,random_50,0,1
1,stress_random,20001,1438,1438,r_1438,0,qualified_ref,1,0,none,1494759375,1494775083,15708,3125,9458,83,1,0,random_50,0,1
1,stress_random,20001,1439,1439,r_1439,0,qualified_ref,1,0,none,1495784375,1495800083,15708,3125,9458,83,1,0,random_50,0,1
1,stress_random,20001,1440,1440,r_1440,0,qualified_ref,1,0,none,1496809375,1496825083,15708,3125,9458,83,1,0,random_50,0,1
1,stress_random,20001,1441,1441,r_1441,0,qualified_ref,1,0,none,1497834375,1497850083,15708,3125,9458,83,1,0,random_50,0,1
1,stress_random,20001,1442,1442,r_1442,0,qualified_ref,1,0,none,1498859375,1498875083,15708,3125,9458,83,1,0,random_50,0,1
1,stress_random,20001,1443,1443,r_1443,0,qualified_ref,1,0,none,1499884375,1499900083,15708,3125,9458,83,1,0,random_50,0,1
1,stress_random,20001,1444,1444,r_1444,0,qualified_ref,1,0,none,1500909375,1500925083,15708,3125,9458,83,1,0,random_50,0,1
1,stress_random,20001,1445,1445,r_1445,0,qualified_ref,1,0,none,1501934375,1501950083,15708,3125,9458,83,1,0,random_50,0,1
1,stress_random,20001,1446,1446,r_1446,0,qualified_ref,1,0,none,1502959375,1502975083,15708,3125,9458,83,1,0,random_50,0,1
1,stress_random,20001,1447,1447,r_1447,0,qualified_ref,1,0,none,1503984375,1504000083,15708,3125,9458,83,1,0,random_50,0,1
1,stress_random,20001,1448,1448,r_1448,0,qualified_ref,1,0,none,1505009375,1505025083,15708,3125,9458,83,1,0,random_50,0,1
1,stress_random,20001,1449,1449,r_1449,0,qualified_ref,1,0,none,1506034375,1506050083,15708,3125,9458,83,1,0,random_50,0,1
1,stress_random,20001,1450,1450,r_1450,0,qualified_ref,1,0,none,1507059375,1507075083,15708,3125,9458,83,1,0,random_50,0,1
1,stress_random,20001,1451,1451,r_1451,0,qualified_ref,1,0,none,1508084375,1508100083,15708,3125,9458,83,1,0,random_50,0,1
1,stress_random,20001,1452,1452,r_1452,0,qualified_ref,1,0,none,1509109375,1509125083,15708,3125,9458,83,1,0,random_50,0,1
1,stress_random,20001,1453,1453,r_1453,0,qualified_ref,1,0,none,1510134375,1510150083,15708,3125,9458,83,1,0,random_50,0,1
1,stress_random,20001,1454,1454,r_1454,0,qualified_ref,1,0,none,1511159375,1511175083,15708,3125,9458,83,1,0,random_50,0,1
1,stress_random,20001,1455,1455,r_1455,0,qualified_ref,1,0,none,1512184375,1512200083,15708,3125,9458,83,1,0,random_50,0,1
1,stress_random,20001,1456,1456,r_1456,0,qualified_ref,1,0,none,1513209375,1513225083,15708,3125,9458,83,1,0,random_50,0,1
1,stress_random,20001,1457,1457,r_1457,0,qualified_ref,1,0,none,1514234375,1514250083,15708,3125,9458,83,1,0,random_50,0,1
1,stress_random,20001,1458,1458,r_1458,0,qualified_ref,1,0,none,1515259375,1515275083,15708,3125,9458,83,1,0,random_50,0,1
1,stress_random,20001,1459,1459,r_1459,0,qualified_ref,1,0,none,1516284375,1516300083,15708,3125,9458,83,1,0,random_50,0,1
1,stress_random,20001,1460,1460,r_1460,0,qualified_ref,1,0,none,1517309375,1517325083,15708,3125,9458,83,1,0,random_50,0,1
1,stress_random,20001,1461,1461,r_1461,0,qualified_ref,1,0,none,1518334375,1518350083,15708,3125,9458,83,1,0,random_50,0,1
1,stress_random,20001,1462,1462,r_1462,0,qualified_ref,1,0,none,1519359375,1519375083,15708,3125,9458,83,1,0,random_50,0,1
1,stress_random,20001,1463,1463,r_1463,0,qualified_ref,1,0,none,1520384375,1520400083,15708,3125,9458,83,1,0,random_50,0,1
1,stress_random,20001,1464,1464,r_1464,0,qualified_ref,1,0,none,1521409375,1521425083,15708,3125,9458,83,1,0,random_50,0,1
1,stress_random,20001,1465,1465,r_1465,0,qualified_ref,1,0,none,1522434375,1522450083,15708,3125,9458,83,1,0,random_50,0,1
1,stress_random,20001,1466,1466,r_1466,0,qualified_ref,1,0,none,1523459375,1523475083,15708,3125,9458,83,1,0,random_50,0,1
1,stress_random,20001,1467,1467,r_1467,0,qualified_ref,1,0,none,1524484375,1524500083,15708,3125,9458,83,1,0,random_50,0,1
1,stress_random,20001,1468,1468,r_1468,0,qualified_ref,1,0,none,1525509375,1525525083,15708,3125,9458,83,1,0,random_50,0,1
1,stress_random,20001,1469,1469,r_1469,0,qualified_ref,1,0,none,1526534375,1526550083,15708,3125,9458,83,1,0,random_50,0,1
1,stress_random,20001,1470,1470,r_1470,0,qualified_ref,1,0,none,1527559375,1527575083,15708,3125,9458,83,1,0,random_50,0,1
1,stress_random,20001,1471,1471,r_1471,0,qualified_ref,1,0,none,1528584375,1528600083,15708,3125,9458,83,1,0,random_50,0,1
1,stress_random,20001,1472,1472,r_1472,0,qualified_ref,1,0,none,1529609375,1529625083,15708,3125,9458,83,1,0,random_50,0,1
1,stress_random,20001,1473,1473,r_1473,0,qualified_ref,1,0,none,1530634375,1530650083,15708,3125,9458,83,1,0,random_50,0,1
1,stress_random,20001,1474,1474,r_1474,0,qualified_ref,1,0,none,1531659375,1531675083,15708,3125,9458,83,1,0,random_50,0,1
1,stress_random,20001,1475,1475,r_1475,0,qualified_ref,1,0,none,1532684375,1532700083,15708,3125,9458,83,1,0,random_50,0,1
1,stress_random,20001,1476,1476,r_1476,0,qualified_ref,1,0,none,1533709375,1533725083,15708,3125,9458,83,1,0,random_50,0,1
1,stress_random,20001,1477,1477,r_1477,0,qualified_ref,1,0,none,1534734375,1534750083,15708,3125,9458,83,1,0,random_50,0,1
1,stress_random,20001,1478,1478,r_1478,0,qualified_ref,1,0,none,1535759375,1535775083,15708,3125,9458,83,1,0,random_50,0,1
1,stress_random,20001,1479,1479,r_1479,0,qualified_ref,1,0,none,1536784375,1536800083,15708,3125,9458,83,1,0,random_50,0,1
1,stress_random,20001,1480,1480,r_1480,0,qualified_ref,1,0,none,1537809375,1537825083,15708,3125,9458,83,1,0,random_50,0,1
1,stress_random,20001,1481,1481,r_1481,0,qualified_ref,1,0,none,1538834375,1538850083,15708,3125,9458,83,1,0,random_50,0,1
1,stress_random,20001,1482,1482,r_1482,0,qualified_ref,1,0,none,1539859375,1539875083,15708,3125,9458,83,1,0,random_50,0,1
1,stress_random,20001,1483,1483,r_1483,0,qualified_ref,1,0,none,1540884375,1540900083,15708,3125,9458,83,1,0,random_50,0,1
1,stress_random,20001,1484,1484,r_1484,0,qualified_ref,1,0,none,1541909375,1541925083,15708,3125,9458,83,1,0,random_50,0,1
1,stress_random,20001,1485,1485,r_1485,0,qualified_ref,1,0,none,1542934375,1542950083,15708,3125,9458,83,1,0,random_50,0,1
1,stress_random,20001,1486,1486,r_1486,0,qualified_ref,1,0,none,1543959375,1543975083,15708,3125,9458,83,1,0,random_50,0,1
1,stress_random,20001,1487,1487,r_1487,0,qualified_ref,1,0,none,1544984375,1545000083,15708,3125,9458,83,1,0,random_50,0,1
1,stress_random,20001,1488,1488,r_1488,0,qualified_ref,1,0,none,1546009375,1546025083,15708,3125,9458,83,1,0,random_50,0,1
1,stress_random,20001,1489,1489,r_1489,0,qualified_ref,1,0,none,1547034375,1547050083,15708,3125,9458,83,1,0,random_50,0,1
1,stress_random,20001,1490,1490,r_1490,0,qualified_ref,1,0,none,1548059375,1548075083,15708,3125,9458,83,1,0,random_50,0,1
1,stress_random,20001,1491,1491,r_1491,0,qualified_ref,1,0,none,1549084375,1549100083,15708,3125,9458,83,1,0,random_50,0,1
1,stress_random,20001,1492,1492,r_1492,0,qualified_ref,1,0,none,1550109375,1550125083,15708,3125,9458,83,1,0,random_50,0,1
1,stress_random,20001,1493,1493,r_1493,0,qualified_ref,1,0,none,1551134375,1551150083,15708,3125,9458,83,1,0,random_50,0,1
1,stress_random,20001,1494,1494,r_1494,0,qualified_ref,1,0,none,1552159375,1552175083,15708,3125,9458,83,1,0,random_50,0,1
1,stress_random,20001,1495,1495,r_1495,0,qualified_ref,1,0,none,1553184375,1553200083,15708,3125,9458,83,1,0,random_50,0,1
1,stress_random,20001,1496,1496,r_1496,0,qualified_ref,1,0,none,1554209375,1554225083,15708,3125,9458,83,1,0,random_50,0,1
1,stress_random,20001,1497,1497,r_1497,0,qualified_ref,1,0,none,1555234375,1555250083,15708,3125,9458,83,1,0,random_50,0,1
1,stress_random,20001,1498,1498,r_1498,0,qualified_ref,1,0,none,1556259375,1556275083,15708,3125,9458,83,1,0,random_50,0,1
1,stress_random,20001,1499,1499,r_1499,0,qualified_ref,1,0,none,1557284375,1557300083,15708,3125,9458,83,1,0,random_50,0,1
1,stress_random,20001,1500,1500,r_1500,1,qualified_ref,1,0,none,1562409375,1562425083,15708,3125,9458,83,1,0,always_ready,0,1
1,stress_random,20001,1501,1501,r_1501,1,qualified_ref,1,0,none,1563434375,1563450083,15708,3125,9458,83,1,0,always_ready,0,1
1,stress_random,20001,1502,1502,r_1502,1,qualified_ref,1,0,none,1564459375,1564475083,15708,3125,9458,83,1,0,always_ready,0,1
1,stress_random,20001,1503,1503,r_1503,1,qualified_ref,1,0,none,1565484375,1565500083,15708,3125,9458,83,1,0,always_ready,0,1
1,stress_random,20001,1504,1504,r_1504,1,qualified_ref,1,0,none,1566509375,1566525083,15708,3125,9458,83,1,0,always_ready,0,1
1,stress_random,20001,1505,1505,r_1505,1,qualified_ref,1,0,none,1567534375,1567550083,15708,3125,9458,83,1,0,always_ready,0,1
1,stress_random,20001,1506,1506,r_1506,1,qualified_ref,1,0,none,1568559375,1568575083,15708,3125,9458,83,1,0,always_ready,0,1
1,stress_random,20001,1507,1507,r_1507,1,qualified_ref,1,0,none,1569584375,1569600083,15708,3125,9458,83,1,0,always_ready,0,1
1,stress_random,20001,1508,1508,r_1508,1,qualified_ref,1,0,none,1570609375,1570625083,15708,3125,9458,83,1,0,always_ready,0,1
1,stress_random,20001,1509,1509,r_1509,1,qualified_ref,1,0,none,1571634375,1571650083,15708,3125,9458,83,1,0,always_ready,0,1
1,stress_random,20001,1510,1510,r_1510,1,qualified_ref,1,0,none,1572659375,1572675083,15708,3125,9458,83,1,0,always_ready,0,1
1,stress_random,20001,1511,1511,r_1511,1,qualified_ref,1,0,none,1573684375,1573700083,15708,3125,9458,83,1,0,always_ready,0,1
1,stress_random,20001,1512,1512,r_1512,1,qualified_ref,1,0,none,1574709375,1574725083,15708,3125,9458,83,1,0,always_ready,0,1
1,stress_random,20001,1513,1513,r_1513,1,qualified_ref,1,0,none,1575734375,1575750083,15708,3125,9458,83,1,0,always_ready,0,1
1,stress_random,20001,1514,1514,r_1514,1,qualified_ref,1,0,none,1576759375,1576775083,15708,3125,9458,83,1,0,always_ready,0,1
1,stress_random,20001,1515,1515,r_1515,1,qualified_ref,1,0,none,1577784375,1577800083,15708,3125,9458,83,1,0,always_ready,0,1
1,stress_random,20001,1516,1516,r_1516,1,qualified_ref,1,0,none,1578809375,1578825083,15708,3125,9458,83,1,0,always_ready,0,1
1,stress_random,20001,1517,1517,r_1517,1,qualified_ref,1,0,none,1579834375,1579850083,15708,3125,9458,83,1,0,always_ready,0,1
1,stress_random,20001,1518,1518,r_1518,1,qualified_ref,1,0,none,1580859375,1580875083,15708,3125,9458,83,1,0,always_ready,0,1
1,stress_random,20001,1519,1519,r_1519,1,qualified_ref,1,0,none,1581884375,1581900083,15708,3125,9458,83,1,0,always_ready,0,1
1,stress_random,20001,1520,1520,r_1520,1,qualified_ref,1,0,none,1582909375,1582925083,15708,3125,9458,83,1,0,always_ready,0,1
1,stress_random,20001,1521,1521,r_1521,1,qualified_ref,1,0,none,1583934375,1583950083,15708,3125,9458,83,1,0,always_ready,0,1
1,stress_random,20001,1522,1522,r_1522,1,qualified_ref,1,0,none,1584959375,1584975083,15708,3125,9458,83,1,0,always_ready,0,1
1,stress_random,20001,1523,1523,r_1523,1,qualified_ref,1,0,none,1585984375,1586000083,15708,3125,9458,83,1,0,always_ready,0,1
1,stress_random,20001,1524,1524,r_1524,1,qualified_ref,1,0,none,1587009375,1587025083,15708,3125,9458,83,1,0,always_ready,0,1
1,stress_random,20001,1525,1525,r_1525,1,qualified_ref,1,0,none,1588034375,1588050083,15708,3125,9458,83,1,0,always_ready,0,1
1,stress_random,20001,1526,1526,r_1526,1,qualified_ref,1,0,none,1589059375,1589075083,15708,3125,9458,83,1,0,always_ready,0,1
1,stress_random,20001,1527,1527,r_1527,1,qualified_ref,1,0,none,1590084375,1590100083,15708,3125,9458,83,1,0,always_ready,0,1
1,stress_random,20001,1528,1528,r_1528,1,qualified_ref,1,0,none,1591109375,1591125083,15708,3125,9458,83,1,0,always_ready,0,1
1,stress_random,20001,1529,1529,r_1529,1,qualified_ref,1,0,none,1592134375,1592150083,15708,3125,9458,83,1,0,always_ready,0,1
1,stress_random,20001,1530,1530,r_1530,1,qualified_ref,1,0,none,1593159375,1593175083,15708,3125,9458,83,1,0,always_ready,0,1
1,stress_random,20001,1531,1531,r_1531,1,qualified_ref,1,0,none,1594184375,1594200083,15708,3125,9458,83,1,0,always_ready,0,1
1,stress_random,20001,1532,1532,r_1532,1,qualified_ref,1,0,none,1595209375,1595225083,15708,3125,9458,83,1,0,always_ready,0,1
1,stress_random,20001,1533,1533,r_1533,1,qualified_ref,1,0,none,1596234375,1596250083,15708,3125,9458,83,1,0,always_ready,0,1
1,stress_random,20001,1534,1534,r_1534,1,qualified_ref,1,0,none,1597259375,1597275083,15708,3125,9458,83,1,0,always_ready,0,1
1,stress_random,20001,1535,1535,r_1535,1,qualified_ref,1,0,none,1598284375,1598300083,15708,3125,9458,83,1,0,always_ready,0,1
1,stress_random,20001,1536,1536,r_1536,1,qualified_ref,1,0,none,1599309375,1599325083,15708,3125,9458,83,1,0,always_ready,0,1
1,stress_random,20001,1537,1537,r_1537,1,qualified_ref,1,0,none,1600334375,1600350083,15708,3125,9458,83,1,0,always_ready,0,1
1,stress_random,20001,1538,1538,r_1538,1,qualified_ref,1,0,none,1601359375,1601375083,15708,3125,9458,83,1,0,always_ready,0,1
1,stress_random,20001,1539,1539,r_1539,1,qualified_ref,1,0,none,1602384375,1602400083,15708,3125,9458,83,1,0,always_ready,0,1
1,stress_random,20001,1540,1540,r_1540,1,qualified_ref,1,0,none,1603409375,1603425083,15708,3125,9458,83,1,0,always_ready,0,1
1,stress_random,20001,1541,1541,r_1541,1,qualified_ref,1,0,none,1604434375,1604450083,15708,3125,9458,83,1,0,always_ready,0,1
1,stress_random,20001,1542,1542,r_1542,1,qualified_ref,1,0,none,1605459375,1605475083,15708,3125,9458,83,1,0,always_ready,0,1
1,stress_random,20001,1543,1543,r_1543,1,qualified_ref,1,0,none,1606484375,1606500083,15708,3125,9458,83,1,0,always_ready,0,1
1,stress_random,20001,1544,1544,r_1544,1,qualified_ref,1,0,none,1607509375,1607525083,15708,3125,9458,83,1,0,always_ready,0,1
1,stress_random,20001,1545,1545,r_1545,1,qualified_ref,1,0,none,1608534375,1608550083,15708,3125,9458,83,1,0,always_ready,0,1
1,stress_random,20001,1546,1546,r_1546,1,qualified_ref,1,0,none,1609559375,1609575083,15708,3125,9458,83,1,0,always_ready,0,1
1,stress_random,20001,1547,1547,r_1547,1,qualified_ref,1,0,none,1610584375,1610600083,15708,3125,9458,83,1,0,always_ready,0,1
1,stress_random,20001,1548,1548,r_1548,1,qualified_ref,1,0,none,1611609375,1611625083,15708,3125,9458,83,1,0,always_ready,0,1
1,stress_random,20001,1549,1549,r_1549,1,qualified_ref,1,0,none,1612634375,1612650083,15708,3125,9458,83,1,0,always_ready,0,1
1,stress_random,20001,1550,1550,r_1550,1,qualified_ref,1,0,none,1613659375,1613675083,15708,3125,9458,83,1,0,always_ready,0,1
1,stress_random,20001,1551,1551,r_1551,1,qualified_ref,1,0,none,1614684375,1614700083,15708,3125,9458,83,1,0,always_ready,0,1
1,stress_random,20001,1552,1552,r_1552,1,qualified_ref,1,0,none,1615709375,1615725083,15708,3125,9458,83,1,0,always_ready,0,1
1,stress_random,20001,1553,1553,r_1553,1,qualified_ref,1,0,none,1616734375,1616750083,15708,3125,9458,83,1,0,always_ready,0,1
1,stress_random,20001,1554,1554,r_1554,1,qualified_ref,1,0,none,1617759375,1617775083,15708,3125,9458,83,1,0,always_ready,0,1
1,stress_random,20001,1555,1555,r_1555,1,qualified_ref,1,0,none,1618784375,1618800083,15708,3125,9458,83,1,0,always_ready,0,1
1,stress_random,20001,1556,1556,r_1556,1,qualified_ref,1,0,none,1619809375,1619825083,15708,3125,9458,83,1,0,always_ready,0,1
1,stress_random,20001,1557,1557,r_1557,1,qualified_ref,1,0,none,1620834375,1620850083,15708,3125,9458,83,1,0,always_ready,0,1
1,stress_random,20001,1558,1558,r_1558,1,qualified_ref,1,0,none,1621859375,1621875083,15708,3125,9458,83,1,0,always_ready,0,1
1,stress_random,20001,1559,1559,r_1559,1,qualified_ref,1,0,none,1622884375,1622900083,15708,3125,9458,83,1,0,always_ready,0,1
1,stress_random,20001,1560,1560,r_1560,1,qualified_ref,1,0,none,1623909375,1623925083,15708,3125,9458,83,1,0,always_ready,0,1
1,stress_random,20001,1561,1561,r_1561,1,qualified_ref,1,0,none,1624934375,1624950083,15708,3125,9458,83,1,0,always_ready,0,1
1,stress_random,20001,1562,1562,r_1562,1,qualified_ref,1,0,none,1625959375,1625975083,15708,3125,9458,83,1,0,always_ready,0,1
1,stress_random,20001,1563,1563,r_1563,1,qualified_ref,1,0,none,1626984375,1627000083,15708,3125,9458,83,1,0,always_ready,0,1
1,stress_random,20001,1564,1564,r_1564,1,qualified_ref,1,0,none,1628009375,1628025083,15708,3125,9458,83,1,0,always_ready,0,1
1,stress_random,20001,1565,1565,r_1565,1,qualified_ref,1,0,none,1629034375,1629050083,15708,3125,9458,83,1,0,always_ready,0,1
1,stress_random,20001,1566,1566,r_1566,1,qualified_ref,1,0,none,1630059375,1630075083,15708,3125,9458,83,1,0,always_ready,0,1
1,stress_random,20001,1567,1567,r_1567,1,qualified_ref,1,0,none,1631084375,1631100083,15708,3125,9458,83,1,0,always_ready,0,1
1,stress_random,20001,1568,1568,r_1568,1,qualified_ref,1,0,none,1632109375,1632125083,15708,3125,9458,83,1,0,always_ready,0,1
1,stress_random,20001,1569,1569,r_1569,1,qualified_ref,1,0,none,1633134375,1633150083,15708,3125,9458,83,1,0,always_ready,0,1
1,stress_random,20001,1570,1570,r_1570,1,qualified_ref,1,0,none,1634159375,1634175083,15708,3125,9458,83,1,0,always_ready,0,1
1,stress_random,20001,1571,1571,r_1571,1,qualified_ref,1,0,none,1635184375,1635200083,15708,3125,9458,83,1,0,always_ready,0,1
1,stress_random,20001,1572,1572,r_1572,1,qualified_ref,1,0,none,1636209375,1636225083,15708,3125,9458,83,1,0,always_ready,0,1
1,stress_random,20001,1573,1573,r_1573,1,qualified_ref,1,0,none,1637234375,1637250083,15708,3125,9458,83,1,0,always_ready,0,1
1,stress_random,20001,1574,1574,r_1574,1,qualified_ref,1,0,none,1638259375,1638275083,15708,3125,9458,83,1,0,always_ready,0,1
1,stress_random,20001,1575,1575,r_1575,1,qualified_ref,1,0,none,1639284375,1639300083,15708,3125,9458,83,1,0,always_ready,0,1
1,stress_random,20001,1576,1576,r_1576,1,qualified_ref,1,0,none,1640309375,1640325083,15708,3125,9458,83,1,0,always_ready,0,1
1,stress_random,20001,1577,1577,r_1577,1,qualified_ref,1,0,none,1641334375,1641350083,15708,3125,9458,83,1,0,always_ready,0,1
1,stress_random,20001,1578,1578,r_1578,1,qualified_ref,1,0,none,1642359375,1642375083,15708,3125,9458,83,1,0,always_ready,0,1
1,stress_random,20001,1579,1579,r_1579,1,qualified_ref,1,0,none,1643384375,1643400083,15708,3125,9458,83,1,0,always_ready,0,1
1,stress_random,20001,1580,1580,r_1580,1,qualified_ref,1,0,none,1644409375,1644425083,15708,3125,9458,83,1,0,always_ready,0,1
1,stress_random,20001,1581,1581,r_1581,1,qualified_ref,1,0,none,1645434375,1645450083,15708,3125,9458,83,1,0,always_ready,0,1
1,stress_random,20001,1582,1582,r_1582,1,qualified_ref,1,0,none,1646459375,1646475083,15708,3125,9458,83,1,0,always_ready,0,1
1,stress_random,20001,1583,1583,r_1583,1,qualified_ref,1,0,none,1647484375,1647500083,15708,3125,9458,83,1,0,always_ready,0,1
1,stress_random,20001,1584,1584,r_1584,1,qualified_ref,1,0,none,1648509375,1648525083,15708,3125,9458,83,1,0,always_ready,0,1
1,stress_random,20001,1585,1585,r_1585,1,qualified_ref,1,0,none,1649534375,1649550083,15708,3125,9458,83,1,0,always_ready,0,1
1,stress_random,20001,1586,1586,r_1586,1,qualified_ref,1,0,none,1650559375,1650575083,15708,3125,9458,83,1,0,always_ready,0,1
1,stress_random,20001,1587,1587,r_1587,1,qualified_ref,1,0,none,1651584375,1651600083,15708,3125,9458,83,1,0,always_ready,0,1
1,stress_random,20001,1588,1588,r_1588,1,qualified_ref,1,0,none,1652609375,1652625083,15708,3125,9458,83,1,0,always_ready,0,1
1,stress_random,20001,1589,1589,r_1589,1,qualified_ref,1,0,none,1653634375,1653650083,15708,3125,9458,83,1,0,always_ready,0,1
1,stress_random,20001,1590,1590,r_1590,1,qualified_ref,1,0,none,1654659375,1654675083,15708,3125,9458,83,1,0,always_ready,0,1
1,stress_random,20001,1591,1591,r_1591,1,qualified_ref,1,0,none,1655684375,1655700083,15708,3125,9458,83,1,0,always_ready,0,1
1,stress_random,20001,1592,1592,r_1592,1,qualified_ref,1,0,none,1656709375,1656725083,15708,3125,9458,83,1,0,always_ready,0,1
1,stress_random,20001,1593,1593,r_1593,1,qualified_ref,1,0,none,1657734375,1657750083,15708,3125,9458,83,1,0,always_ready,0,1
1,stress_random,20001,1594,1594,r_1594,1,qualified_ref,1,0,none,1658759375,1658775083,15708,3125,9458,83,1,0,always_ready,0,1
1,stress_random,20001,1595,1595,r_1595,1,qualified_ref,1,0,none,1659784375,1659800083,15708,3125,9458,83,1,0,always_ready,0,1
1,stress_random,20001,1596,1596,r_1596,1,qualified_ref,1,0,none,1660809375,1660825083,15708,3125,9458,83,1,0,always_ready,0,1
1,stress_random,20001,1597,1597,r_1597,1,qualified_ref,1,0,none,1661834375,1661850083,15708,3125,9458,83,1,0,always_ready,0,1
1,stress_random,20001,1598,1598,r_1598,1,qualified_ref,1,0,none,1662859375,1662875083,15708,3125,9458,83,1,0,always_ready,0,1
1,stress_random,20001,1599,1599,r_1599,1,qualified_ref,1,0,none,1663884375,1663900083,15708,3125,9458,83,1,0,always_ready,0,1
1,stress_random,20001,1600,1600,r_1600,1,qualified_ref,1,0,none,1664909375,1664925083,15708,3125,9458,83,1,0,always_ready,0,1
1,stress_random,20001,1601,1601,r_1601,1,qualified_ref,1,0,none,1665934375,1665950083,15708,3125,9458,83,1,0,always_ready,0,1
1,stress_random,20001,1602,1602,r_1602,1,qualified_ref,1,0,none,1666959375,1666975083,15708,3125,9458,83,1,0,always_ready,0,1
1,stress_random,20001,1603,1603,r_1603,1,qualified_ref,1,0,none,1667984375,1668000083,15708,3125,9458,83,1,0,always_ready,0,1
1,stress_random,20001,1604,1604,r_1604,1,qualified_ref,1,0,none,1669009375,1669025083,15708,3125,9458,83,1,0,always_ready,0,1
1,stress_random,20001,1605,1605,r_1605,1,qualified_ref,1,0,none,1670034375,1670050083,15708,3125,9458,83,1,0,always_ready,0,1
1,stress_random,20001,1606,1606,r_1606,1,qualified_ref,1,0,none,1671059375,1671075083,15708,3125,9458,83,1,0,always_ready,0,1
1,stress_random,20001,1607,1607,r_1607,1,qualified_ref,1,0,none,1672084375,1672100083,15708,3125,9458,83,1,0,always_ready,0,1
1,stress_random,20001,1608,1608,r_1608,1,qualified_ref,1,0,none,1673109375,1673125083,15708,3125,9458,83,1,0,always_ready,0,1
1,stress_random,20001,1609,1609,r_1609,1,qualified_ref,1,0,none,1674134375,1674150083,15708,3125,9458,83,1,0,always_ready,0,1
1,stress_random,20001,1610,1610,r_1610,1,qualified_ref,1,0,none,1675159375,1675175083,15708,3125,9458,83,1,0,always_ready,0,1
1,stress_random,20001,1611,1611,r_1611,1,qualified_ref,1,0,none,1676184375,1676200083,15708,3125,9458,83,1,0,always_ready,0,1
1,stress_random,20001,1612,1612,r_1612,1,qualified_ref,1,0,none,1677209375,1677225083,15708,3125,9458,83,1,0,always_ready,0,1
1,stress_random,20001,1613,1613,r_1613,1,qualified_ref,1,0,none,1678234375,1678250083,15708,3125,9458,83,1,0,always_ready,0,1
1,stress_random,20001,1614,1614,r_1614,1,qualified_ref,1,0,none,1679259375,1679275083,15708,3125,9458,83,1,0,always_ready,0,1
1,stress_random,20001,1615,1615,r_1615,1,qualified_ref,1,0,none,1680284375,1680300083,15708,3125,9458,83,1,0,always_ready,0,1
1,stress_random,20001,1616,1616,r_1616,1,qualified_ref,1,0,none,1681309375,1681325083,15708,3125,9458,83,1,0,always_ready,0,1
1,stress_random,20001,1617,1617,r_1617,1,qualified_ref,1,0,none,1682334375,1682350083,15708,3125,9458,83,1,0,always_ready,0,1
1,stress_random,20001,1618,1618,r_1618,1,qualified_ref,1,0,none,1683359375,1683375083,15708,3125,9458,83,1,0,always_ready,0,1
1,stress_random,20001,1619,1619,r_1619,1,qualified_ref,1,0,none,1684384375,1684400083,15708,3125,9458,83,1,0,always_ready,0,1
1,stress_random,20001,1620,1620,r_1620,1,qualified_ref,1,0,none,1685409375,1685425083,15708,3125,9458,83,1,0,always_ready,0,1
1,stress_random,20001,1621,1621,r_1621,1,qualified_ref,1,0,none,1686434375,1686450083,15708,3125,9458,83,1,0,always_ready,0,1
1,stress_random,20001,1622,1622,r_1622,1,qualified_ref,1,0,none,1687459375,1687475083,15708,3125,9458,83,1,0,always_ready,0,1
1,stress_random,20001,1623,1623,r_1623,1,qualified_ref,1,0,none,1688484375,1688500083,15708,3125,9458,83,1,0,always_ready,0,1
1,stress_random,20001,1624,1624,r_1624,1,qualified_ref,1,0,none,1689509375,1689525083,15708,3125,9458,83,1,0,always_ready,0,1
1,stress_random,20001,1625,1625,r_1625,1,qualified_ref,1,0,none,1690534375,1690550083,15708,3125,9458,83,1,0,always_ready,0,1
1,stress_random,20001,1626,1626,r_1626,1,qualified_ref,1,0,none,1691559375,1691575083,15708,3125,9458,83,1,0,always_ready,0,1
1,stress_random,20001,1627,1627,r_1627,1,qualified_ref,1,0,none,1692584375,1692600083,15708,3125,9458,83,1,0,always_ready,0,1
1,stress_random,20001,1628,1628,r_1628,1,qualified_ref,1,0,none,1693609375,1693625083,15708,3125,9458,83,1,0,always_ready,0,1
1,stress_random,20001,1629,1629,r_1629,1,qualified_ref,1,0,none,1694634375,1694650083,15708,3125,9458,83,1,0,always_ready,0,1
1,stress_random,20001,1630,1630,r_1630,1,qualified_ref,1,0,none,1695659375,1695675083,15708,3125,9458,83,1,0,always_ready,0,1
1,stress_random,20001,1631,1631,r_1631,1,qualified_ref,1,0,none,1696684375,1696700083,15708,3125,9458,83,1,0,always_ready,0,1
1,stress_random,20001,1632,1632,r_1632,1,qualified_ref,1,0,none,1697709375,1697725083,15708,3125,9458,83,1,0,always_ready,0,1
1,stress_random,20001,1633,1633,r_1633,1,qualified_ref,1,0,none,1698734375,1698750083,15708,3125,9458,83,1,0,always_ready,0,1
1,stress_random,20001,1634,1634,r_1634,1,qualified_ref,1,0,none,1699759375,1699775083,15708,3125,9458,83,1,0,always_ready,0,1
1,stress_random,20001,1635,1635,r_1635,1,qualified_ref,1,0,none,1700784375,1700800083,15708,3125,9458,83,1,0,always_ready,0,1
1,stress_random,20001,1636,1636,r_1636,1,qualified_ref,1,0,none,1701809375,1701825083,15708,3125,9458,83,1,0,always_ready,0,1
1,stress_random,20001,1637,1637,r_1637,1,qualified_ref,1,0,none,1702834375,1702850083,15708,3125,9458,83,1,0,always_ready,0,1
1,stress_random,20001,1638,1638,r_1638,1,qualified_ref,1,0,none,1703859375,1703875083,15708,3125,9458,83,1,0,always_ready,0,1
1,stress_random,20001,1639,1639,r_1639,1,qualified_ref,1,0,none,1704884375,1704900083,15708,3125,9458,83,1,0,always_ready,0,1
1,stress_random,20001,1640,1640,r_1640,1,qualified_ref,1,0,none,1705909375,1705925083,15708,3125,9458,83,1,0,always_ready,0,1
1,stress_random,20001,1641,1641,r_1641,1,qualified_ref,1,0,none,1706934375,1706950083,15708,3125,9458,83,1,0,always_ready,0,1
1,stress_random,20001,1642,1642,r_1642,1,qualified_ref,1,0,none,1707959375,1707975083,15708,3125,9458,83,1,0,always_ready,0,1
1,stress_random,20001,1643,1643,r_1643,1,qualified_ref,1,0,none,1708984375,1709000083,15708,3125,9458,83,1,0,always_ready,0,1
1,stress_random,20001,1644,1644,r_1644,1,qualified_ref,1,0,none,1710009375,1710025083,15708,3125,9458,83,1,0,always_ready,0,1
1,stress_random,20001,1645,1645,r_1645,1,qualified_ref,1,0,none,1711034375,1711050083,15708,3125,9458,83,1,0,always_ready,0,1
1,stress_random,20001,1646,1646,r_1646,1,qualified_ref,1,0,none,1712059375,1712075083,15708,3125,9458,83,1,0,always_ready,0,1
1,stress_random,20001,1647,1647,r_1647,1,qualified_ref,1,0,none,1713084375,1713100083,15708,3125,9458,83,1,0,always_ready,0,1
1,stress_random,20001,1648,1648,r_1648,1,qualified_ref,1,0,none,1714109375,1714125083,15708,3125,9458,83,1,0,always_ready,0,1
1,stress_random,20001,1649,1649,r_1649,1,qualified_ref,1,0,none,1715134375,1715150083,15708,3125,9458,83,1,0,always_ready,0,1
1,stress_random,20001,1650,1650,r_1650,1,qualified_ref,1,0,none,1716159375,1716175083,15708,3125,9458,83,1,0,always_ready,0,1
1,stress_random,20001,1651,1651,r_1651,1,qualified_ref,1,0,none,1717184375,1717200083,15708,3125,9458,83,1,0,always_ready,0,1
1,stress_random,20001,1652,1652,r_1652,1,qualified_ref,1,0,none,1718209375,1718225083,15708,3125,9458,83,1,0,always_ready,0,1
1,stress_random,20001,1653,1653,r_1653,1,qualified_ref,1,0,none,1719234375,1719250083,15708,3125,9458,83,1,0,always_ready,0,1
1,stress_random,20001,1654,1654,r_1654,1,qualified_ref,1,0,none,1720259375,1720275083,15708,3125,9458,83,1,0,always_ready,0,1
1,stress_random,20001,1655,1655,r_1655,1,qualified_ref,1,0,none,1721284375,1721300083,15708,3125,9458,83,1,0,always_ready,0,1
1,stress_random,20001,1656,1656,r_1656,1,qualified_ref,1,0,none,1722309375,1722325083,15708,3125,9458,83,1,0,always_ready,0,1
1,stress_random,20001,1657,1657,r_1657,1,qualified_ref,1,0,none,1723334375,1723350083,15708,3125,9458,83,1,0,always_ready,0,1
1,stress_random,20001,1658,1658,r_1658,1,qualified_ref,1,0,none,1724359375,1724375083,15708,3125,9458,83,1,0,always_ready,0,1
1,stress_random,20001,1659,1659,r_1659,1,qualified_ref,1,0,none,1725384375,1725400083,15708,3125,9458,83,1,0,always_ready,0,1
1,stress_random,20001,1660,1660,r_1660,1,qualified_ref,1,0,none,1726409375,1726425083,15708,3125,9458,83,1,0,always_ready,0,1
1,stress_random,20001,1661,1661,r_1661,1,qualified_ref,1,0,none,1727434375,1727450083,15708,3125,9458,83,1,0,always_ready,0,1
1,stress_random,20001,1662,1662,r_1662,1,qualified_ref,1,0,none,1728459375,1728475083,15708,3125,9458,83,1,0,always_ready,0,1
1,stress_random,20001,1663,1663,r_1663,1,qualified_ref,1,0,none,1729484375,1729500083,15708,3125,9458,83,1,0,always_ready,0,1
1,stress_random,20001,1664,1664,r_1664,1,qualified_ref,1,0,none,1730509375,1730525083,15708,3125,9458,83,1,0,always_ready,0,1
1,stress_random,20001,1665,1665,r_1665,1,qualified_ref,1,0,none,1731534375,1731550083,15708,3125,9458,83,1,0,always_ready,0,1
1,stress_random,20001,1666,1666,r_1666,1,qualified_ref,1,0,none,1732559375,1732575083,15708,3125,9458,83,1,0,always_ready,0,1
1,stress_random,20001,1667,1667,r_1667,1,qualified_ref,1,0,none,1733584375,1733600083,15708,3125,9458,83,1,0,always_ready,0,1
1,stress_random,20001,1668,1668,r_1668,1,qualified_ref,1,0,none,1734609375,1734625083,15708,3125,9458,83,1,0,always_ready,0,1
1,stress_random,20001,1669,1669,r_1669,1,qualified_ref,1,0,none,1735634375,1735650083,15708,3125,9458,83,1,0,always_ready,0,1
1,stress_random,20001,1670,1670,r_1670,1,qualified_ref,1,0,none,1736659375,1736675083,15708,3125,9458,83,1,0,always_ready,0,1
1,stress_random,20001,1671,1671,r_1671,1,qualified_ref,1,0,none,1737684375,1737700083,15708,3125,9458,83,1,0,always_ready,0,1
1,stress_random,20001,1672,1672,r_1672,1,qualified_ref,1,0,none,1738709375,1738725083,15708,3125,9458,83,1,0,always_ready,0,1
1,stress_random,20001,1673,1673,r_1673,1,qualified_ref,1,0,none,1739734375,1739750083,15708,3125,9458,83,1,0,always_ready,0,1
1,stress_random,20001,1674,1674,r_1674,1,qualified_ref,1,0,none,1740759375,1740775083,15708,3125,9458,83,1,0,always_ready,0,1
1,stress_random,20001,1675,1675,r_1675,1,qualified_ref,1,0,none,1741784375,1741800083,15708,3125,9458,83,1,0,always_ready,0,1
1,stress_random,20001,1676,1676,r_1676,1,qualified_ref,1,0,none,1742809375,1742825083,15708,3125,9458,83,1,0,always_ready,0,1
1,stress_random,20001,1677,1677,r_1677,1,qualified_ref,1,0,none,1743834375,1743850083,15708,3125,9458,83,1,0,always_ready,0,1
1,stress_random,20001,1678,1678,r_1678,1,qualified_ref,1,0,none,1744859375,1744875083,15708,3125,9458,83,1,0,always_ready,0,1
1,stress_random,20001,1679,1679,r_1679,1,qualified_ref,1,0,none,1745884375,1745900083,15708,3125,9458,83,1,0,always_ready,0,1
1,stress_random,20001,1680,1680,r_1680,1,qualified_ref,1,0,none,1746909375,1746925083,15708,3125,9458,83,1,0,always_ready,0,1
1,stress_random,20001,1681,1681,r_1681,1,qualified_ref,1,0,none,1747934375,1747950083,15708,3125,9458,83,1,0,always_ready,0,1
1,stress_random,20001,1682,1682,r_1682,1,qualified_ref,1,0,none,1748959375,1748975083,15708,3125,9458,83,1,0,always_ready,0,1
1,stress_random,20001,1683,1683,r_1683,1,qualified_ref,1,0,none,1749984375,1750000083,15708,3125,9458,83,1,0,always_ready,0,1
1,stress_random,20001,1684,1684,r_1684,1,qualified_ref,1,0,none,1751009375,1751025083,15708,3125,9458,83,1,0,always_ready,0,1
1,stress_random,20001,1685,1685,r_1685,1,qualified_ref,1,0,none,1752034375,1752050083,15708,3125,9458,83,1,0,always_ready,0,1
1,stress_random,20001,1686,1686,r_1686,1,qualified_ref,1,0,none,1753059375,1753075083,15708,3125,9458,83,1,0,always_ready,0,1
1,stress_random,20001,1687,1687,r_1687,1,qualified_ref,1,0,none,1754084375,1754100083,15708,3125,9458,83,1,0,always_ready,0,1
1,stress_random,20001,1688,1688,r_1688,1,qualified_ref,1,0,none,1755109375,1755125083,15708,3125,9458,83,1,0,always_ready,0,1
1,stress_random,20001,1689,1689,r_1689,1,qualified_ref,1,0,none,1756134375,1756150083,15708,3125,9458,83,1,0,always_ready,0,1
1,stress_random,20001,1690,1690,r_1690,1,qualified_ref,1,0,none,1757159375,1757175083,15708,3125,9458,83,1,0,always_ready,0,1
1,stress_random,20001,1691,1691,r_1691,1,qualified_ref,1,0,none,1758184375,1758200083,15708,3125,9458,83,1,0,always_ready,0,1
1,stress_random,20001,1692,1692,r_1692,1,qualified_ref,1,0,none,1759209375,1759225083,15708,3125,9458,83,1,0,always_ready,0,1
1,stress_random,20001,1693,1693,r_1693,1,qualified_ref,1,0,none,1760234375,1760250083,15708,3125,9458,83,1,0,always_ready,0,1
1,stress_random,20001,1694,1694,r_1694,1,qualified_ref,1,0,none,1761259375,1761275083,15708,3125,9458,83,1,0,always_ready,0,1
1,stress_random,20001,1695,1695,r_1695,1,qualified_ref,1,0,none,1762284375,1762300083,15708,3125,9458,83,1,0,always_ready,0,1
1,stress_random,20001,1696,1696,r_1696,1,qualified_ref,1,0,none,1763309375,1763325083,15708,3125,9458,83,1,0,always_ready,0,1
1,stress_random,20001,1697,1697,r_1697,1,qualified_ref,1,0,none,1764334375,1764350083,15708,3125,9458,83,1,0,always_ready,0,1
1,stress_random,20001,1698,1698,r_1698,1,qualified_ref,1,0,none,1765359375,1765375083,15708,3125,9458,83,1,0,always_ready,0,1
1,stress_random,20001,1699,1699,r_1699,1,qualified_ref,1,0,none,1766384375,1766400083,15708,3125,9458,83,1,0,always_ready,0,1
1,stress_random,20001,1700,1700,r_1700,1,qualified_ref,1,0,none,1767409375,1767425083,15708,3125,9458,83,1,0,always_ready,0,1
1,stress_random,20001,1701,1701,r_1701,1,qualified_ref,1,0,none,1768434375,1768450083,15708,3125,9458,83,1,0,always_ready,0,1
1,stress_random,20001,1702,1702,r_1702,1,qualified_ref,1,0,none,1769459375,1769475083,15708,3125,9458,83,1,0,always_ready,0,1
1,stress_random,20001,1703,1703,r_1703,1,qualified_ref,1,0,none,1770484375,1770500083,15708,3125,9458,83,1,0,always_ready,0,1
1,stress_random,20001,1704,1704,r_1704,1,qualified_ref,1,0,none,1771509375,1771525083,15708,3125,9458,83,1,0,always_ready,0,1
1,stress_random,20001,1705,1705,r_1705,1,qualified_ref,1,0,none,1772534375,1772550083,15708,3125,9458,83,1,0,always_ready,0,1
1,stress_random,20001,1706,1706,r_1706,1,qualified_ref,1,0,none,1773559375,1773575083,15708,3125,9458,83,1,0,always_ready,0,1
1,stress_random,20001,1707,1707,r_1707,1,qualified_ref,1,0,none,1774584375,1774600083,15708,3125,9458,83,1,0,always_ready,0,1
1,stress_random,20001,1708,1708,r_1708,1,qualified_ref,1,0,none,1775609375,1775625083,15708,3125,9458,83,1,0,always_ready,0,1
1,stress_random,20001,1709,1709,r_1709,1,qualified_ref,1,0,none,1776634375,1776650083,15708,3125,9458,83,1,0,always_ready,0,1
1,stress_random,20001,1710,1710,r_1710,1,qualified_ref,1,0,none,1777659375,1777675083,15708,3125,9458,83,1,0,always_ready,0,1
1,stress_random,20001,1711,1711,r_1711,1,qualified_ref,1,0,none,1778684375,1778700083,15708,3125,9458,83,1,0,always_ready,0,1
1,stress_random,20001,1712,1712,r_1712,1,qualified_ref,1,0,none,1779709375,1779725083,15708,3125,9458,83,1,0,always_ready,0,1
1,stress_random,20001,1713,1713,r_1713,1,qualified_ref,1,0,none,1780734375,1780750083,15708,3125,9458,83,1,0,always_ready,0,1
1,stress_random,20001,1714,1714,r_1714,1,qualified_ref,1,0,none,1781759375,1781775083,15708,3125,9458,83,1,0,always_ready,0,1
1,stress_random,20001,1715,1715,r_1715,1,qualified_ref,1,0,none,1782784375,1782800083,15708,3125,9458,83,1,0,always_ready,0,1
1,stress_random,20001,1716,1716,r_1716,1,qualified_ref,1,0,none,1783809375,1783825083,15708,3125,9458,83,1,0,always_ready,0,1
1,stress_random,20001,1717,1717,r_1717,1,qualified_ref,1,0,none,1784834375,1784850083,15708,3125,9458,83,1,0,always_ready,0,1
1,stress_random,20001,1718,1718,r_1718,1,qualified_ref,1,0,none,1785859375,1785875083,15708,3125,9458,83,1,0,always_ready,0,1
1,stress_random,20001,1719,1719,r_1719,1,qualified_ref,1,0,none,1786884375,1786900083,15708,3125,9458,83,1,0,always_ready,0,1
1,stress_random,20001,1720,1720,r_1720,1,qualified_ref,1,0,none,1787909375,1787925083,15708,3125,9458,83,1,0,always_ready,0,1
1,stress_random,20001,1721,1721,r_1721,1,qualified_ref,1,0,none,1788934375,1788950083,15708,3125,9458,83,1,0,always_ready,0,1
1,stress_random,20001,1722,1722,r_1722,1,qualified_ref,1,0,none,1789959375,1789975083,15708,3125,9458,83,1,0,always_ready,0,1
1,stress_random,20001,1723,1723,r_1723,1,qualified_ref,1,0,none,1790984375,1791000083,15708,3125,9458,83,1,0,always_ready,0,1
1,stress_random,20001,1724,1724,r_1724,1,qualified_ref,1,0,none,1792009375,1792025083,15708,3125,9458,83,1,0,always_ready,0,1
1,stress_random,20001,1725,1725,r_1725,1,qualified_ref,1,0,none,1793034375,1793050083,15708,3125,9458,83,1,0,always_ready,0,1
1,stress_random,20001,1726,1726,r_1726,1,qualified_ref,1,0,none,1794059375,1794075083,15708,3125,9458,83,1,0,always_ready,0,1
1,stress_random,20001,1727,1727,r_1727,1,qualified_ref,1,0,none,1795084375,1795100083,15708,3125,9458,83,1,0,always_ready,0,1
1,stress_random,20001,1728,1728,r_1728,1,qualified_ref,1,0,none,1796109375,1796125083,15708,3125,9458,83,1,0,always_ready,0,1
1,stress_random,20001,1729,1729,r_1729,1,qualified_ref,1,0,none,1797134375,1797150083,15708,3125,9458,83,1,0,always_ready,0,1
1,stress_random,20001,1730,1730,r_1730,1,qualified_ref,1,0,none,1798159375,1798175083,15708,3125,9458,83,1,0,always_ready,0,1
1,stress_random,20001,1731,1731,r_1731,1,qualified_ref,1,0,none,1799184375,1799200083,15708,3125,9458,83,1,0,always_ready,0,1
1,stress_random,20001,1732,1732,r_1732,1,qualified_ref,1,0,none,1800209375,1800225083,15708,3125,9458,83,1,0,always_ready,0,1
1,stress_random,20001,1733,1733,r_1733,1,qualified_ref,1,0,none,1801234375,1801250083,15708,3125,9458,83,1,0,always_ready,0,1
1,stress_random,20001,1734,1734,r_1734,1,qualified_ref,1,0,none,1802259375,1802275083,15708,3125,9458,83,1,0,always_ready,0,1
1,stress_random,20001,1735,1735,r_1735,1,qualified_ref,1,0,none,1803284375,1803300083,15708,3125,9458,83,1,0,always_ready,0,1
1,stress_random,20001,1736,1736,r_1736,1,qualified_ref,1,0,none,1804309375,1804325083,15708,3125,9458,83,1,0,always_ready,0,1
1,stress_random,20001,1737,1737,r_1737,1,qualified_ref,1,0,none,1805334375,1805350083,15708,3125,9458,83,1,0,always_ready,0,1
1,stress_random,20001,1738,1738,r_1738,1,qualified_ref,1,0,none,1806359375,1806375083,15708,3125,9458,83,1,0,always_ready,0,1
1,stress_random,20001,1739,1739,r_1739,1,qualified_ref,1,0,none,1807384375,1807400083,15708,3125,9458,83,1,0,always_ready,0,1
1,stress_random,20001,1740,1740,r_1740,1,qualified_ref,1,0,none,1808409375,1808425083,15708,3125,9458,83,1,0,always_ready,0,1
1,stress_random,20001,1741,1741,r_1741,1,qualified_ref,1,0,none,1809434375,1809450083,15708,3125,9458,83,1,0,always_ready,0,1
1,stress_random,20001,1742,1742,r_1742,1,qualified_ref,1,0,none,1810459375,1810475083,15708,3125,9458,83,1,0,always_ready,0,1
1,stress_random,20001,1743,1743,r_1743,1,qualified_ref,1,0,none,1811484375,1811500083,15708,3125,9458,83,1,0,always_ready,0,1
1,stress_random,20001,1744,1744,r_1744,1,qualified_ref,1,0,none,1812509375,1812525083,15708,3125,9458,83,1,0,always_ready,0,1
1,stress_random,20001,1745,1745,r_1745,1,qualified_ref,1,0,none,1813534375,1813550083,15708,3125,9458,83,1,0,always_ready,0,1
1,stress_random,20001,1746,1746,r_1746,1,qualified_ref,1,0,none,1814559375,1814575083,15708,3125,9458,83,1,0,always_ready,0,1
1,stress_random,20001,1747,1747,r_1747,1,qualified_ref,1,0,none,1815584375,1815600083,15708,3125,9458,83,1,0,always_ready,0,1
1,stress_random,20001,1748,1748,r_1748,1,qualified_ref,1,0,none,1816609375,1816625083,15708,3125,9458,83,1,0,always_ready,0,1
1,stress_random,20001,1749,1749,r_1749,1,qualified_ref,1,0,none,1817634375,1817650083,15708,3125,9458,83,1,0,always_ready,0,1
1,stress_random,20001,1750,1750,r_1750,1,qualified_ref,1,0,none,1822759375,1822775083,15708,3125,9458,83,4,0,always_ready,0,1
1,stress_random,20001,1751,1751,r_1751,1,qualified_ref,1,0,none,1823784375,1823800083,15708,3125,9458,83,4,0,always_ready,0,1
1,stress_random,20001,1752,1752,r_1752,1,qualified_ref,1,0,none,1824809375,1824825083,15708,3125,9458,83,4,0,always_ready,0,1
1,stress_random,20001,1753,1753,r_1753,1,qualified_ref,1,0,none,1825834375,1825850083,15708,3125,9458,83,4,0,always_ready,0,1
1,stress_random,20001,1754,1754,r_1754,1,qualified_ref,1,0,none,1826859375,1826875083,15708,3125,9458,83,4,0,always_ready,0,1
1,stress_random,20001,1755,1755,r_1755,1,qualified_ref,1,0,none,1827884375,1827900083,15708,3125,9458,83,4,0,always_ready,0,1
1,stress_random,20001,1756,1756,r_1756,1,qualified_ref,1,0,none,1828909375,1828925083,15708,3125,9458,83,4,0,always_ready,0,1
1,stress_random,20001,1757,1757,r_1757,1,qualified_ref,1,0,none,1829934375,1829950083,15708,3125,9458,83,4,0,always_ready,0,1
1,stress_random,20001,1758,1758,r_1758,1,qualified_ref,1,0,none,1830959375,1830975083,15708,3125,9458,83,4,0,always_ready,0,1
1,stress_random,20001,1759,1759,r_1759,1,qualified_ref,1,0,none,1831984375,1832000083,15708,3125,9458,83,4,0,always_ready,0,1
1,stress_random,20001,1760,1760,r_1760,1,qualified_ref,1,0,none,1833009375,1833025083,15708,3125,9458,83,4,0,always_ready,0,1
1,stress_random,20001,1761,1761,r_1761,1,qualified_ref,1,0,none,1834034375,1834050083,15708,3125,9458,83,4,0,always_ready,0,1
1,stress_random,20001,1762,1762,r_1762,1,qualified_ref,1,0,none,1835059375,1835075083,15708,3125,9458,83,4,0,always_ready,0,1
1,stress_random,20001,1763,1763,r_1763,1,qualified_ref,1,0,none,1836084375,1836100083,15708,3125,9458,83,4,0,always_ready,0,1
1,stress_random,20001,1764,1764,r_1764,1,qualified_ref,1,0,none,1837109375,1837125083,15708,3125,9458,83,4,0,always_ready,0,1
1,stress_random,20001,1765,1765,r_1765,1,qualified_ref,1,0,none,1838134375,1838150083,15708,3125,9458,83,4,0,always_ready,0,1
1,stress_random,20001,1766,1766,r_1766,1,qualified_ref,1,0,none,1839159375,1839175083,15708,3125,9458,83,4,0,always_ready,0,1
1,stress_random,20001,1767,1767,r_1767,1,qualified_ref,1,0,none,1840184375,1840200083,15708,3125,9458,83,4,0,always_ready,0,1
1,stress_random,20001,1768,1768,r_1768,1,qualified_ref,1,0,none,1841209375,1841225083,15708,3125,9458,83,4,0,always_ready,0,1
1,stress_random,20001,1769,1769,r_1769,1,qualified_ref,1,0,none,1842234375,1842250083,15708,3125,9458,83,4,0,always_ready,0,1
1,stress_random,20001,1770,1770,r_1770,1,qualified_ref,1,0,none,1843259375,1843275083,15708,3125,9458,83,4,0,always_ready,0,1
1,stress_random,20001,1771,1771,r_1771,1,qualified_ref,1,0,none,1844284375,1844300083,15708,3125,9458,83,4,0,always_ready,0,1
1,stress_random,20001,1772,1772,r_1772,1,qualified_ref,1,0,none,1845309375,1845325083,15708,3125,9458,83,4,0,always_ready,0,1
1,stress_random,20001,1773,1773,r_1773,1,qualified_ref,1,0,none,1846334375,1846350083,15708,3125,9458,83,4,0,always_ready,0,1
1,stress_random,20001,1774,1774,r_1774,1,qualified_ref,1,0,none,1847359375,1847375083,15708,3125,9458,83,4,0,always_ready,0,1
1,stress_random,20001,1775,1775,r_1775,1,qualified_ref,1,0,none,1848384375,1848400083,15708,3125,9458,83,4,0,always_ready,0,1
1,stress_random,20001,1776,1776,r_1776,1,qualified_ref,1,0,none,1849409375,1849425083,15708,3125,9458,83,4,0,always_ready,0,1
1,stress_random,20001,1777,1777,r_1777,1,qualified_ref,1,0,none,1850434375,1850450083,15708,3125,9458,83,4,0,always_ready,0,1
1,stress_random,20001,1778,1778,r_1778,1,qualified_ref,1,0,none,1851459375,1851475083,15708,3125,9458,83,4,0,always_ready,0,1
1,stress_random,20001,1779,1779,r_1779,1,qualified_ref,1,0,none,1852484375,1852500083,15708,3125,9458,83,4,0,always_ready,0,1
1,stress_random,20001,1780,1780,r_1780,1,qualified_ref,1,0,none,1853509375,1853525083,15708,3125,9458,83,4,0,always_ready,0,1
1,stress_random,20001,1781,1781,r_1781,1,qualified_ref,1,0,none,1854534375,1854550083,15708,3125,9458,83,4,0,always_ready,0,1
1,stress_random,20001,1782,1782,r_1782,1,qualified_ref,1,0,none,1855559375,1855575083,15708,3125,9458,83,4,0,always_ready,0,1
1,stress_random,20001,1783,1783,r_1783,1,qualified_ref,1,0,none,1856584375,1856600083,15708,3125,9458,83,4,0,always_ready,0,1
1,stress_random,20001,1784,1784,r_1784,1,qualified_ref,1,0,none,1857609375,1857625083,15708,3125,9458,83,4,0,always_ready,0,1
1,stress_random,20001,1785,1785,r_1785,1,qualified_ref,1,0,none,1858634375,1858650083,15708,3125,9458,83,4,0,always_ready,0,1
1,stress_random,20001,1786,1786,r_1786,1,qualified_ref,1,0,none,1859659375,1859675083,15708,3125,9458,83,4,0,always_ready,0,1
1,stress_random,20001,1787,1787,r_1787,1,qualified_ref,1,0,none,1860684375,1860700083,15708,3125,9458,83,4,0,always_ready,0,1
1,stress_random,20001,1788,1788,r_1788,1,qualified_ref,1,0,none,1861709375,1861725083,15708,3125,9458,83,4,0,always_ready,0,1
1,stress_random,20001,1789,1789,r_1789,1,qualified_ref,1,0,none,1862734375,1862750083,15708,3125,9458,83,4,0,always_ready,0,1
1,stress_random,20001,1790,1790,r_1790,1,qualified_ref,1,0,none,1863759375,1863775083,15708,3125,9458,83,4,0,always_ready,0,1
1,stress_random,20001,1791,1791,r_1791,1,qualified_ref,1,0,none,1864784375,1864800083,15708,3125,9458,83,4,0,always_ready,0,1
1,stress_random,20001,1792,1792,r_1792,1,qualified_ref,1,0,none,1865809375,1865825083,15708,3125,9458,83,4,0,always_ready,0,1
1,stress_random,20001,1793,1793,r_1793,1,qualified_ref,1,0,none,1866834375,1866850083,15708,3125,9458,83,4,0,always_ready,0,1
1,stress_random,20001,1794,1794,r_1794,1,qualified_ref,1,0,none,1867859375,1867875083,15708,3125,9458,83,4,0,always_ready,0,1
1,stress_random,20001,1795,1795,r_1795,1,qualified_ref,1,0,none,1868884375,1868900083,15708,3125,9458,83,4,0,always_ready,0,1
1,stress_random,20001,1796,1796,r_1796,1,qualified_ref,1,0,none,1869909375,1869925083,15708,3125,9458,83,4,0,always_ready,0,1
1,stress_random,20001,1797,1797,r_1797,1,qualified_ref,1,0,none,1870934375,1870950083,15708,3125,9458,83,4,0,always_ready,0,1
1,stress_random,20001,1798,1798,r_1798,1,qualified_ref,1,0,none,1871959375,1871975083,15708,3125,9458,83,4,0,always_ready,0,1
1,stress_random,20001,1799,1799,r_1799,1,qualified_ref,1,0,none,1872984375,1873000083,15708,3125,9458,83,4,0,always_ready,0,1
1,stress_random,20001,1800,1800,r_1800,1,qualified_ref,1,0,none,1874009375,1874025083,15708,3125,9458,83,4,0,always_ready,0,1
1,stress_random,20001,1801,1801,r_1801,1,qualified_ref,1,0,none,1875034375,1875050083,15708,3125,9458,83,4,0,always_ready,0,1
1,stress_random,20001,1802,1802,r_1802,1,qualified_ref,1,0,none,1876059375,1876075083,15708,3125,9458,83,4,0,always_ready,0,1
1,stress_random,20001,1803,1803,r_1803,1,qualified_ref,1,0,none,1877084375,1877100083,15708,3125,9458,83,4,0,always_ready,0,1
1,stress_random,20001,1804,1804,r_1804,1,qualified_ref,1,0,none,1878109375,1878125083,15708,3125,9458,83,4,0,always_ready,0,1
1,stress_random,20001,1805,1805,r_1805,1,qualified_ref,1,0,none,1879134375,1879150083,15708,3125,9458,83,4,0,always_ready,0,1
1,stress_random,20001,1806,1806,r_1806,1,qualified_ref,1,0,none,1880159375,1880175083,15708,3125,9458,83,4,0,always_ready,0,1
1,stress_random,20001,1807,1807,r_1807,1,qualified_ref,1,0,none,1881184375,1881200083,15708,3125,9458,83,4,0,always_ready,0,1
1,stress_random,20001,1808,1808,r_1808,1,qualified_ref,1,0,none,1882209375,1882225083,15708,3125,9458,83,4,0,always_ready,0,1
1,stress_random,20001,1809,1809,r_1809,1,qualified_ref,1,0,none,1883234375,1883250083,15708,3125,9458,83,4,0,always_ready,0,1
1,stress_random,20001,1810,1810,r_1810,1,qualified_ref,1,0,none,1884259375,1884275083,15708,3125,9458,83,4,0,always_ready,0,1
1,stress_random,20001,1811,1811,r_1811,1,qualified_ref,1,0,none,1885284375,1885300083,15708,3125,9458,83,4,0,always_ready,0,1
1,stress_random,20001,1812,1812,r_1812,1,qualified_ref,1,0,none,1886309375,1886325083,15708,3125,9458,83,4,0,always_ready,0,1
1,stress_random,20001,1813,1813,r_1813,1,qualified_ref,1,0,none,1887334375,1887350083,15708,3125,9458,83,4,0,always_ready,0,1
1,stress_random,20001,1814,1814,r_1814,1,qualified_ref,1,0,none,1888359375,1888375083,15708,3125,9458,83,4,0,always_ready,0,1
1,stress_random,20001,1815,1815,r_1815,1,qualified_ref,1,0,none,1889384375,1889400083,15708,3125,9458,83,4,0,always_ready,0,1
1,stress_random,20001,1816,1816,r_1816,1,qualified_ref,1,0,none,1890409375,1890425083,15708,3125,9458,83,4,0,always_ready,0,1
1,stress_random,20001,1817,1817,r_1817,1,qualified_ref,1,0,none,1891434375,1891450083,15708,3125,9458,83,4,0,always_ready,0,1
1,stress_random,20001,1818,1818,r_1818,1,qualified_ref,1,0,none,1892459375,1892475083,15708,3125,9458,83,4,0,always_ready,0,1
1,stress_random,20001,1819,1819,r_1819,1,qualified_ref,1,0,none,1893484375,1893500083,15708,3125,9458,83,4,0,always_ready,0,1
1,stress_random,20001,1820,1820,r_1820,1,qualified_ref,1,0,none,1894509375,1894525083,15708,3125,9458,83,4,0,always_ready,0,1
1,stress_random,20001,1821,1821,r_1821,1,qualified_ref,1,0,none,1895534375,1895550083,15708,3125,9458,83,4,0,always_ready,0,1
1,stress_random,20001,1822,1822,r_1822,1,qualified_ref,1,0,none,1896559375,1896575083,15708,3125,9458,83,4,0,always_ready,0,1
1,stress_random,20001,1823,1823,r_1823,1,qualified_ref,1,0,none,1897584375,1897600083,15708,3125,9458,83,4,0,always_ready,0,1
1,stress_random,20001,1824,1824,r_1824,1,qualified_ref,1,0,none,1898609375,1898625083,15708,3125,9458,83,4,0,always_ready,0,1
1,stress_random,20001,1825,1825,r_1825,1,qualified_ref,1,0,none,1899634375,1899650083,15708,3125,9458,83,4,0,always_ready,0,1
1,stress_random,20001,1826,1826,r_1826,1,qualified_ref,1,0,none,1900659375,1900675083,15708,3125,9458,83,4,0,always_ready,0,1
1,stress_random,20001,1827,1827,r_1827,1,qualified_ref,1,0,none,1901684375,1901700083,15708,3125,9458,83,4,0,always_ready,0,1
1,stress_random,20001,1828,1828,r_1828,1,qualified_ref,1,0,none,1902709375,1902725083,15708,3125,9458,83,4,0,always_ready,0,1
1,stress_random,20001,1829,1829,r_1829,1,qualified_ref,1,0,none,1903734375,1903750083,15708,3125,9458,83,4,0,always_ready,0,1
1,stress_random,20001,1830,1830,r_1830,1,qualified_ref,1,0,none,1904759375,1904775083,15708,3125,9458,83,4,0,always_ready,0,1
1,stress_random,20001,1831,1831,r_1831,1,qualified_ref,1,0,none,1905784375,1905800083,15708,3125,9458,83,4,0,always_ready,0,1
1,stress_random,20001,1832,1832,r_1832,1,qualified_ref,1,0,none,1906809375,1906825083,15708,3125,9458,83,4,0,always_ready,0,1
1,stress_random,20001,1833,1833,r_1833,1,qualified_ref,1,0,none,1907834375,1907850083,15708,3125,9458,83,4,0,always_ready,0,1
1,stress_random,20001,1834,1834,r_1834,1,qualified_ref,1,0,none,1908859375,1908875083,15708,3125,9458,83,4,0,always_ready,0,1
1,stress_random,20001,1835,1835,r_1835,1,qualified_ref,1,0,none,1909884375,1909900083,15708,3125,9458,83,4,0,always_ready,0,1
1,stress_random,20001,1836,1836,r_1836,1,qualified_ref,1,0,none,1910909375,1910925083,15708,3125,9458,83,4,0,always_ready,0,1
1,stress_random,20001,1837,1837,r_1837,1,qualified_ref,1,0,none,1911934375,1911950083,15708,3125,9458,83,4,0,always_ready,0,1
1,stress_random,20001,1838,1838,r_1838,1,qualified_ref,1,0,none,1912959375,1912975083,15708,3125,9458,83,4,0,always_ready,0,1
1,stress_random,20001,1839,1839,r_1839,1,qualified_ref,1,0,none,1913984375,1914000083,15708,3125,9458,83,4,0,always_ready,0,1
1,stress_random,20001,1840,1840,r_1840,1,qualified_ref,1,0,none,1915009375,1915025083,15708,3125,9458,83,4,0,always_ready,0,1
1,stress_random,20001,1841,1841,r_1841,1,qualified_ref,1,0,none,1916034375,1916050083,15708,3125,9458,83,4,0,always_ready,0,1
1,stress_random,20001,1842,1842,r_1842,1,qualified_ref,1,0,none,1917059375,1917075083,15708,3125,9458,83,4,0,always_ready,0,1
1,stress_random,20001,1843,1843,r_1843,1,qualified_ref,1,0,none,1918084375,1918100083,15708,3125,9458,83,4,0,always_ready,0,1
1,stress_random,20001,1844,1844,r_1844,1,qualified_ref,1,0,none,1919109375,1919125083,15708,3125,9458,83,4,0,always_ready,0,1
1,stress_random,20001,1845,1845,r_1845,1,qualified_ref,1,0,none,1920134375,1920150083,15708,3125,9458,83,4,0,always_ready,0,1
1,stress_random,20001,1846,1846,r_1846,1,qualified_ref,1,0,none,1921159375,1921175083,15708,3125,9458,83,4,0,always_ready,0,1
1,stress_random,20001,1847,1847,r_1847,1,qualified_ref,1,0,none,1922184375,1922200083,15708,3125,9458,83,4,0,always_ready,0,1
1,stress_random,20001,1848,1848,r_1848,1,qualified_ref,1,0,none,1923209375,1923225083,15708,3125,9458,83,4,0,always_ready,0,1
1,stress_random,20001,1849,1849,r_1849,1,qualified_ref,1,0,none,1924234375,1924250083,15708,3125,9458,83,4,0,always_ready,0,1
1,stress_random,20001,1850,1850,r_1850,1,qualified_ref,1,0,none,1925259375,1925275083,15708,3125,9458,83,4,0,always_ready,0,1
1,stress_random,20001,1851,1851,r_1851,1,qualified_ref,1,0,none,1926284375,1926300083,15708,3125,9458,83,4,0,always_ready,0,1
1,stress_random,20001,1852,1852,r_1852,1,qualified_ref,1,0,none,1927309375,1927325083,15708,3125,9458,83,4,0,always_ready,0,1
1,stress_random,20001,1853,1853,r_1853,1,qualified_ref,1,0,none,1928334375,1928350083,15708,3125,9458,83,4,0,always_ready,0,1
1,stress_random,20001,1854,1854,r_1854,1,qualified_ref,1,0,none,1929359375,1929375083,15708,3125,9458,83,4,0,always_ready,0,1
1,stress_random,20001,1855,1855,r_1855,1,qualified_ref,1,0,none,1930384375,1930400083,15708,3125,9458,83,4,0,always_ready,0,1
1,stress_random,20001,1856,1856,r_1856,1,qualified_ref,1,0,none,1931409375,1931425083,15708,3125,9458,83,4,0,always_ready,0,1
1,stress_random,20001,1857,1857,r_1857,1,qualified_ref,1,0,none,1932434375,1932450083,15708,3125,9458,83,4,0,always_ready,0,1
1,stress_random,20001,1858,1858,r_1858,1,qualified_ref,1,0,none,1933459375,1933475083,15708,3125,9458,83,4,0,always_ready,0,1
1,stress_random,20001,1859,1859,r_1859,1,qualified_ref,1,0,none,1934484375,1934500083,15708,3125,9458,83,4,0,always_ready,0,1
1,stress_random,20001,1860,1860,r_1860,1,qualified_ref,1,0,none,1935509375,1935525083,15708,3125,9458,83,4,0,always_ready,0,1
1,stress_random,20001,1861,1861,r_1861,1,qualified_ref,1,0,none,1936534375,1936550083,15708,3125,9458,83,4,0,always_ready,0,1
1,stress_random,20001,1862,1862,r_1862,1,qualified_ref,1,0,none,1937559375,1937575083,15708,3125,9458,83,4,0,always_ready,0,1
1,stress_random,20001,1863,1863,r_1863,1,qualified_ref,1,0,none,1938584375,1938600083,15708,3125,9458,83,4,0,always_ready,0,1
1,stress_random,20001,1864,1864,r_1864,1,qualified_ref,1,0,none,1939609375,1939625083,15708,3125,9458,83,4,0,always_ready,0,1
1,stress_random,20001,1865,1865,r_1865,1,qualified_ref,1,0,none,1940634375,1940650083,15708,3125,9458,83,4,0,always_ready,0,1
1,stress_random,20001,1866,1866,r_1866,1,qualified_ref,1,0,none,1941659375,1941675083,15708,3125,9458,83,4,0,always_ready,0,1
1,stress_random,20001,1867,1867,r_1867,1,qualified_ref,1,0,none,1942684375,1942700083,15708,3125,9458,83,4,0,always_ready,0,1
1,stress_random,20001,1868,1868,r_1868,1,qualified_ref,1,0,none,1943709375,1943725083,15708,3125,9458,83,4,0,always_ready,0,1
1,stress_random,20001,1869,1869,r_1869,1,qualified_ref,1,0,none,1944734375,1944750083,15708,3125,9458,83,4,0,always_ready,0,1
1,stress_random,20001,1870,1870,r_1870,1,qualified_ref,1,0,none,1945759375,1945775083,15708,3125,9458,83,4,0,always_ready,0,1
1,stress_random,20001,1871,1871,r_1871,1,qualified_ref,1,0,none,1946784375,1946800083,15708,3125,9458,83,4,0,always_ready,0,1
1,stress_random,20001,1872,1872,r_1872,1,qualified_ref,1,0,none,1947809375,1947825083,15708,3125,9458,83,4,0,always_ready,0,1
1,stress_random,20001,1873,1873,r_1873,1,qualified_ref,1,0,none,1948834375,1948850083,15708,3125,9458,83,4,0,always_ready,0,1
1,stress_random,20001,1874,1874,r_1874,1,qualified_ref,1,0,none,1949859375,1949875083,15708,3125,9458,83,4,0,always_ready,0,1
1,stress_random,20001,1875,1875,r_1875,1,qualified_ref,1,0,none,1950884375,1950900083,15708,3125,9458,83,4,0,always_ready,0,1
1,stress_random,20001,1876,1876,r_1876,1,qualified_ref,1,0,none,1951909375,1951925083,15708,3125,9458,83,4,0,always_ready,0,1
1,stress_random,20001,1877,1877,r_1877,1,qualified_ref,1,0,none,1952934375,1952950083,15708,3125,9458,83,4,0,always_ready,0,1
1,stress_random,20001,1878,1878,r_1878,1,qualified_ref,1,0,none,1953959375,1953975083,15708,3125,9458,83,4,0,always_ready,0,1
1,stress_random,20001,1879,1879,r_1879,1,qualified_ref,1,0,none,1954984375,1955000083,15708,3125,9458,83,4,0,always_ready,0,1
1,stress_random,20001,1880,1880,r_1880,1,qualified_ref,1,0,none,1956009375,1956025083,15708,3125,9458,83,4,0,always_ready,0,1
1,stress_random,20001,1881,1881,r_1881,1,qualified_ref,1,0,none,1957034375,1957050083,15708,3125,9458,83,4,0,always_ready,0,1
1,stress_random,20001,1882,1882,r_1882,1,qualified_ref,1,0,none,1958059375,1958075083,15708,3125,9458,83,4,0,always_ready,0,1
1,stress_random,20001,1883,1883,r_1883,1,qualified_ref,1,0,none,1959084375,1959100083,15708,3125,9458,83,4,0,always_ready,0,1
1,stress_random,20001,1884,1884,r_1884,1,qualified_ref,1,0,none,1960109375,1960125083,15708,3125,9458,83,4,0,always_ready,0,1
1,stress_random,20001,1885,1885,r_1885,1,qualified_ref,1,0,none,1961134375,1961150083,15708,3125,9458,83,4,0,always_ready,0,1
1,stress_random,20001,1886,1886,r_1886,1,qualified_ref,1,0,none,1962159375,1962175083,15708,3125,9458,83,4,0,always_ready,0,1
1,stress_random,20001,1887,1887,r_1887,1,qualified_ref,1,0,none,1963184375,1963200083,15708,3125,9458,83,4,0,always_ready,0,1
1,stress_random,20001,1888,1888,r_1888,1,qualified_ref,1,0,none,1964209375,1964225083,15708,3125,9458,83,4,0,always_ready,0,1
1,stress_random,20001,1889,1889,r_1889,1,qualified_ref,1,0,none,1965234375,1965250083,15708,3125,9458,83,4,0,always_ready,0,1
1,stress_random,20001,1890,1890,r_1890,1,qualified_ref,1,0,none,1966259375,1966275083,15708,3125,9458,83,4,0,always_ready,0,1
1,stress_random,20001,1891,1891,r_1891,1,qualified_ref,1,0,none,1967284375,1967300083,15708,3125,9458,83,4,0,always_ready,0,1
1,stress_random,20001,1892,1892,r_1892,1,qualified_ref,1,0,none,1968309375,1968325083,15708,3125,9458,83,4,0,always_ready,0,1
1,stress_random,20001,1893,1893,r_1893,1,qualified_ref,1,0,none,1969334375,1969350083,15708,3125,9458,83,4,0,always_ready,0,1
1,stress_random,20001,1894,1894,r_1894,1,qualified_ref,1,0,none,1970359375,1970375083,15708,3125,9458,83,4,0,always_ready,0,1
1,stress_random,20001,1895,1895,r_1895,1,qualified_ref,1,0,none,1971384375,1971400083,15708,3125,9458,83,4,0,always_ready,0,1
1,stress_random,20001,1896,1896,r_1896,1,qualified_ref,1,0,none,1972409375,1972425083,15708,3125,9458,83,4,0,always_ready,0,1
1,stress_random,20001,1897,1897,r_1897,1,qualified_ref,1,0,none,1973434375,1973450083,15708,3125,9458,83,4,0,always_ready,0,1
1,stress_random,20001,1898,1898,r_1898,1,qualified_ref,1,0,none,1974459375,1974475083,15708,3125,9458,83,4,0,always_ready,0,1
1,stress_random,20001,1899,1899,r_1899,1,qualified_ref,1,0,none,1975484375,1975500083,15708,3125,9458,83,4,0,always_ready,0,1
1,stress_random,20001,1900,1900,r_1900,1,qualified_ref,1,0,none,1976509375,1976525083,15708,3125,9458,83,4,0,always_ready,0,1
1,stress_random,20001,1901,1901,r_1901,1,qualified_ref,1,0,none,1977534375,1977550083,15708,3125,9458,83,4,0,always_ready,0,1
1,stress_random,20001,1902,1902,r_1902,1,qualified_ref,1,0,none,1978559375,1978575083,15708,3125,9458,83,4,0,always_ready,0,1
1,stress_random,20001,1903,1903,r_1903,1,qualified_ref,1,0,none,1979584375,1979600083,15708,3125,9458,83,4,0,always_ready,0,1
1,stress_random,20001,1904,1904,r_1904,1,qualified_ref,1,0,none,1980609375,1980625083,15708,3125,9458,83,4,0,always_ready,0,1
1,stress_random,20001,1905,1905,r_1905,1,qualified_ref,1,0,none,1981634375,1981650083,15708,3125,9458,83,4,0,always_ready,0,1
1,stress_random,20001,1906,1906,r_1906,1,qualified_ref,1,0,none,1982659375,1982675083,15708,3125,9458,83,4,0,always_ready,0,1
1,stress_random,20001,1907,1907,r_1907,1,qualified_ref,1,0,none,1983684375,1983700083,15708,3125,9458,83,4,0,always_ready,0,1
1,stress_random,20001,1908,1908,r_1908,1,qualified_ref,1,0,none,1984709375,1984725083,15708,3125,9458,83,4,0,always_ready,0,1
1,stress_random,20001,1909,1909,r_1909,1,qualified_ref,1,0,none,1985734375,1985750083,15708,3125,9458,83,4,0,always_ready,0,1
1,stress_random,20001,1910,1910,r_1910,1,qualified_ref,1,0,none,1986759375,1986775083,15708,3125,9458,83,4,0,always_ready,0,1
1,stress_random,20001,1911,1911,r_1911,1,qualified_ref,1,0,none,1987784375,1987800083,15708,3125,9458,83,4,0,always_ready,0,1
1,stress_random,20001,1912,1912,r_1912,1,qualified_ref,1,0,none,1988809375,1988825083,15708,3125,9458,83,4,0,always_ready,0,1
1,stress_random,20001,1913,1913,r_1913,1,qualified_ref,1,0,none,1989834375,1989850083,15708,3125,9458,83,4,0,always_ready,0,1
1,stress_random,20001,1914,1914,r_1914,1,qualified_ref,1,0,none,1990859375,1990875083,15708,3125,9458,83,4,0,always_ready,0,1
1,stress_random,20001,1915,1915,r_1915,1,qualified_ref,1,0,none,1991884375,1991900083,15708,3125,9458,83,4,0,always_ready,0,1
1,stress_random,20001,1916,1916,r_1916,1,qualified_ref,1,0,none,1992909375,1992925083,15708,3125,9458,83,4,0,always_ready,0,1
1,stress_random,20001,1917,1917,r_1917,1,qualified_ref,1,0,none,1993934375,1993950083,15708,3125,9458,83,4,0,always_ready,0,1
1,stress_random,20001,1918,1918,r_1918,1,qualified_ref,1,0,none,1994959375,1994975083,15708,3125,9458,83,4,0,always_ready,0,1
1,stress_random,20001,1919,1919,r_1919,1,qualified_ref,1,0,none,1995984375,1996000083,15708,3125,9458,83,4,0,always_ready,0,1
1,stress_random,20001,1920,1920,r_1920,1,qualified_ref,1,0,none,1997009375,1997025083,15708,3125,9458,83,4,0,always_ready,0,1
1,stress_random,20001,1921,1921,r_1921,1,qualified_ref,1,0,none,1998034375,1998050083,15708,3125,9458,83,4,0,always_ready,0,1
1,stress_random,20001,1922,1922,r_1922,1,qualified_ref,1,0,none,1999059375,1999075083,15708,3125,9458,83,4,0,always_ready,0,1
1,stress_random,20001,1923,1923,r_1923,1,qualified_ref,1,0,none,2000084375,2000100083,15708,3125,9458,83,4,0,always_ready,0,1
1,stress_random,20001,1924,1924,r_1924,1,qualified_ref,1,0,none,2001109375,2001125083,15708,3125,9458,83,4,0,always_ready,0,1
1,stress_random,20001,1925,1925,r_1925,1,qualified_ref,1,0,none,2002134375,2002150083,15708,3125,9458,83,4,0,always_ready,0,1
1,stress_random,20001,1926,1926,r_1926,1,qualified_ref,1,0,none,2003159375,2003175083,15708,3125,9458,83,4,0,always_ready,0,1
1,stress_random,20001,1927,1927,r_1927,1,qualified_ref,1,0,none,2004184375,2004200083,15708,3125,9458,83,4,0,always_ready,0,1
1,stress_random,20001,1928,1928,r_1928,1,qualified_ref,1,0,none,2005209375,2005225083,15708,3125,9458,83,4,0,always_ready,0,1
1,stress_random,20001,1929,1929,r_1929,1,qualified_ref,1,0,none,2006234375,2006250083,15708,3125,9458,83,4,0,always_ready,0,1
1,stress_random,20001,1930,1930,r_1930,1,qualified_ref,1,0,none,2007259375,2007275083,15708,3125,9458,83,4,0,always_ready,0,1
1,stress_random,20001,1931,1931,r_1931,1,qualified_ref,1,0,none,2008284375,2008300083,15708,3125,9458,83,4,0,always_ready,0,1
1,stress_random,20001,1932,1932,r_1932,1,qualified_ref,1,0,none,2009309375,2009325083,15708,3125,9458,83,4,0,always_ready,0,1
1,stress_random,20001,1933,1933,r_1933,1,qualified_ref,1,0,none,2010334375,2010350083,15708,3125,9458,83,4,0,always_ready,0,1
1,stress_random,20001,1934,1934,r_1934,1,qualified_ref,1,0,none,2011359375,2011375083,15708,3125,9458,83,4,0,always_ready,0,1
1,stress_random,20001,1935,1935,r_1935,1,qualified_ref,1,0,none,2012384375,2012400083,15708,3125,9458,83,4,0,always_ready,0,1
1,stress_random,20001,1936,1936,r_1936,1,qualified_ref,1,0,none,2013409375,2013425083,15708,3125,9458,83,4,0,always_ready,0,1
1,stress_random,20001,1937,1937,r_1937,1,qualified_ref,1,0,none,2014434375,2014450083,15708,3125,9458,83,4,0,always_ready,0,1
1,stress_random,20001,1938,1938,r_1938,1,qualified_ref,1,0,none,2015459375,2015475083,15708,3125,9458,83,4,0,always_ready,0,1
1,stress_random,20001,1939,1939,r_1939,1,qualified_ref,1,0,none,2016484375,2016500083,15708,3125,9458,83,4,0,always_ready,0,1
1,stress_random,20001,1940,1940,r_1940,1,qualified_ref,1,0,none,2017509375,2017525083,15708,3125,9458,83,4,0,always_ready,0,1
1,stress_random,20001,1941,1941,r_1941,1,qualified_ref,1,0,none,2018534375,2018550083,15708,3125,9458,83,4,0,always_ready,0,1
1,stress_random,20001,1942,1942,r_1942,1,qualified_ref,1,0,none,2019559375,2019575083,15708,3125,9458,83,4,0,always_ready,0,1
1,stress_random,20001,1943,1943,r_1943,1,qualified_ref,1,0,none,2020584375,2020600083,15708,3125,9458,83,4,0,always_ready,0,1
1,stress_random,20001,1944,1944,r_1944,1,qualified_ref,1,0,none,2021609375,2021625083,15708,3125,9458,83,4,0,always_ready,0,1
1,stress_random,20001,1945,1945,r_1945,1,qualified_ref,1,0,none,2022634375,2022650083,15708,3125,9458,83,4,0,always_ready,0,1
1,stress_random,20001,1946,1946,r_1946,1,qualified_ref,1,0,none,2023659375,2023675083,15708,3125,9458,83,4,0,always_ready,0,1
1,stress_random,20001,1947,1947,r_1947,1,qualified_ref,1,0,none,2024684375,2024700083,15708,3125,9458,83,4,0,always_ready,0,1
1,stress_random,20001,1948,1948,r_1948,1,qualified_ref,1,0,none,2025709375,2025725083,15708,3125,9458,83,4,0,always_ready,0,1
1,stress_random,20001,1949,1949,r_1949,1,qualified_ref,1,0,none,2026734375,2026750083,15708,3125,9458,83,4,0,always_ready,0,1
1,stress_random,20001,1950,1950,r_1950,1,qualified_ref,1,0,none,2027759375,2027775083,15708,3125,9458,83,4,0,always_ready,0,1
1,stress_random,20001,1951,1951,r_1951,1,qualified_ref,1,0,none,2028784375,2028800083,15708,3125,9458,83,4,0,always_ready,0,1
1,stress_random,20001,1952,1952,r_1952,1,qualified_ref,1,0,none,2029809375,2029825083,15708,3125,9458,83,4,0,always_ready,0,1
1,stress_random,20001,1953,1953,r_1953,1,qualified_ref,1,0,none,2030834375,2030850083,15708,3125,9458,83,4,0,always_ready,0,1
1,stress_random,20001,1954,1954,r_1954,1,qualified_ref,1,0,none,2031859375,2031875083,15708,3125,9458,83,4,0,always_ready,0,1
1,stress_random,20001,1955,1955,r_1955,1,qualified_ref,1,0,none,2032884375,2032900083,15708,3125,9458,83,4,0,always_ready,0,1
1,stress_random,20001,1956,1956,r_1956,1,qualified_ref,1,0,none,2033909375,2033925083,15708,3125,9458,83,4,0,always_ready,0,1
1,stress_random,20001,1957,1957,r_1957,1,qualified_ref,1,0,none,2034934375,2034950083,15708,3125,9458,83,4,0,always_ready,0,1
1,stress_random,20001,1958,1958,r_1958,1,qualified_ref,1,0,none,2035959375,2035975083,15708,3125,9458,83,4,0,always_ready,0,1
1,stress_random,20001,1959,1959,r_1959,1,qualified_ref,1,0,none,2036984375,2037000083,15708,3125,9458,83,4,0,always_ready,0,1
1,stress_random,20001,1960,1960,r_1960,1,qualified_ref,1,0,none,2038009375,2038025083,15708,3125,9458,83,4,0,always_ready,0,1
1,stress_random,20001,1961,1961,r_1961,1,qualified_ref,1,0,none,2039034375,2039050083,15708,3125,9458,83,4,0,always_ready,0,1
1,stress_random,20001,1962,1962,r_1962,1,qualified_ref,1,0,none,2040059375,2040075083,15708,3125,9458,83,4,0,always_ready,0,1
1,stress_random,20001,1963,1963,r_1963,1,qualified_ref,1,0,none,2041084375,2041100083,15708,3125,9458,83,4,0,always_ready,0,1
1,stress_random,20001,1964,1964,r_1964,1,qualified_ref,1,0,none,2042109375,2042125083,15708,3125,9458,83,4,0,always_ready,0,1
1,stress_random,20001,1965,1965,r_1965,1,qualified_ref,1,0,none,2043134375,2043150083,15708,3125,9458,83,4,0,always_ready,0,1
1,stress_random,20001,1966,1966,r_1966,1,qualified_ref,1,0,none,2044159375,2044175083,15708,3125,9458,83,4,0,always_ready,0,1
1,stress_random,20001,1967,1967,r_1967,1,qualified_ref,1,0,none,2045184375,2045200083,15708,3125,9458,83,4,0,always_ready,0,1
1,stress_random,20001,1968,1968,r_1968,1,qualified_ref,1,0,none,2046209375,2046225083,15708,3125,9458,83,4,0,always_ready,0,1
1,stress_random,20001,1969,1969,r_1969,1,qualified_ref,1,0,none,2047234375,2047250083,15708,3125,9458,83,4,0,always_ready,0,1
1,stress_random,20001,1970,1970,r_1970,1,qualified_ref,1,0,none,2048259375,2048275083,15708,3125,9458,83,4,0,always_ready,0,1
1,stress_random,20001,1971,1971,r_1971,1,qualified_ref,1,0,none,2049284375,2049300083,15708,3125,9458,83,4,0,always_ready,0,1
1,stress_random,20001,1972,1972,r_1972,1,qualified_ref,1,0,none,2050309375,2050325083,15708,3125,9458,83,4,0,always_ready,0,1
1,stress_random,20001,1973,1973,r_1973,1,qualified_ref,1,0,none,2051334375,2051350083,15708,3125,9458,83,4,0,always_ready,0,1
1,stress_random,20001,1974,1974,r_1974,1,qualified_ref,1,0,none,2052359375,2052375083,15708,3125,9458,83,4,0,always_ready,0,1
1,stress_random,20001,1975,1975,r_1975,1,qualified_ref,1,0,none,2053384375,2053400083,15708,3125,9458,83,4,0,always_ready,0,1
1,stress_random,20001,1976,1976,r_1976,1,qualified_ref,1,0,none,2054409375,2054425083,15708,3125,9458,83,4,0,always_ready,0,1
1,stress_random,20001,1977,1977,r_1977,1,qualified_ref,1,0,none,2055434375,2055450083,15708,3125,9458,83,4,0,always_ready,0,1
1,stress_random,20001,1978,1978,r_1978,1,qualified_ref,1,0,none,2056459375,2056475083,15708,3125,9458,83,4,0,always_ready,0,1
1,stress_random,20001,1979,1979,r_1979,1,qualified_ref,1,0,none,2057484375,2057500083,15708,3125,9458,83,4,0,always_ready,0,1
1,stress_random,20001,1980,1980,r_1980,1,qualified_ref,1,0,none,2058509375,2058525083,15708,3125,9458,83,4,0,always_ready,0,1
1,stress_random,20001,1981,1981,r_1981,1,qualified_ref,1,0,none,2059534375,2059550083,15708,3125,9458,83,4,0,always_ready,0,1
1,stress_random,20001,1982,1982,r_1982,1,qualified_ref,1,0,none,2060559375,2060575083,15708,3125,9458,83,4,0,always_ready,0,1
1,stress_random,20001,1983,1983,r_1983,1,qualified_ref,1,0,none,2061584375,2061600083,15708,3125,9458,83,4,0,always_ready,0,1
1,stress_random,20001,1984,1984,r_1984,1,qualified_ref,1,0,none,2062609375,2062625083,15708,3125,9458,83,4,0,always_ready,0,1
1,stress_random,20001,1985,1985,r_1985,1,qualified_ref,1,0,none,2063634375,2063650083,15708,3125,9458,83,4,0,always_ready,0,1
1,stress_random,20001,1986,1986,r_1986,1,qualified_ref,1,0,none,2064659375,2064675083,15708,3125,9458,83,4,0,always_ready,0,1
1,stress_random,20001,1987,1987,r_1987,1,qualified_ref,1,0,none,2065684375,2065700083,15708,3125,9458,83,4,0,always_ready,0,1
1,stress_random,20001,1988,1988,r_1988,1,qualified_ref,1,0,none,2066709375,2066725083,15708,3125,9458,83,4,0,always_ready,0,1
1,stress_random,20001,1989,1989,r_1989,1,qualified_ref,1,0,none,2067734375,2067750083,15708,3125,9458,83,4,0,always_ready,0,1
1,stress_random,20001,1990,1990,r_1990,1,qualified_ref,1,0,none,2068759375,2068775083,15708,3125,9458,83,4,0,always_ready,0,1
1,stress_random,20001,1991,1991,r_1991,1,qualified_ref,1,0,none,2069784375,2069800083,15708,3125,9458,83,4,0,always_ready,0,1
1,stress_random,20001,1992,1992,r_1992,1,qualified_ref,1,0,none,2070809375,2070825083,15708,3125,9458,83,4,0,always_ready,0,1
1,stress_random,20001,1993,1993,r_1993,1,qualified_ref,1,0,none,2071834375,2071850083,15708,3125,9458,83,4,0,always_ready,0,1
1,stress_random,20001,1994,1994,r_1994,1,qualified_ref,1,0,none,2072859375,2072875083,15708,3125,9458,83,4,0,always_ready,0,1
1,stress_random,20001,1995,1995,r_1995,1,qualified_ref,1,0,none,2073884375,2073900083,15708,3125,9458,83,4,0,always_ready,0,1
1,stress_random,20001,1996,1996,r_1996,1,qualified_ref,1,0,none,2074909375,2074925083,15708,3125,9458,83,4,0,always_ready,0,1
1,stress_random,20001,1997,1997,r_1997,1,qualified_ref,1,0,none,2075934375,2075950083,15708,3125,9458,83,4,0,always_ready,0,1
1,stress_random,20001,1998,1998,r_1998,1,qualified_ref,1,0,none,2076959375,2076975083,15708,3125,9458,83,4,0,always_ready,0,1
1,stress_random,20001,1999,1999,r_1999,1,qualified_ref,1,0,none,2077984375,2078000083,15708,3125,9458,83,4,0,always_ready,0,1
1,stress_random,20001,2000,2000,r_2000,0,qualified_ref,1,0,none,2083109375,2083125083,15708,3125,9458,83,1,0,random_50,0,1
1,stress_random,20001,2001,2001,r_2001,0,qualified_ref,1,0,none,2084134375,2084150083,15708,3125,9458,83,1,0,random_50,0,1
1,stress_random,20001,2002,2002,r_2002,0,qualified_ref,1,0,none,2085159375,2085175083,15708,3125,9458,83,1,0,random_50,0,1
1,stress_random,20001,2003,2003,r_2003,0,qualified_ref,1,0,none,2086184375,2086200083,15708,3125,9458,83,1,0,random_50,0,1
1,stress_random,20001,2004,2004,r_2004,0,qualified_ref,1,0,none,2087209375,2087225083,15708,3125,9458,83,1,0,random_50,0,1
1,stress_random,20001,2005,2005,r_2005,0,qualified_ref,1,0,none,2088234375,2088250083,15708,3125,9458,83,1,0,random_50,0,1
1,stress_random,20001,2006,2006,r_2006,0,qualified_ref,1,0,none,2089259375,2089275083,15708,3125,9458,83,1,0,random_50,0,1
1,stress_random,20001,2007,2007,r_2007,0,qualified_ref,1,0,none,2090284375,2090300083,15708,3125,9458,83,1,0,random_50,0,1
1,stress_random,20001,2008,2008,r_2008,0,qualified_ref,1,0,none,2091309375,2091325083,15708,3125,9458,83,1,0,random_50,0,1
1,stress_random,20001,2009,2009,r_2009,0,qualified_ref,1,0,none,2092334375,2092350083,15708,3125,9458,83,1,0,random_50,0,1
1,stress_random,20001,2010,2010,r_2010,0,qualified_ref,1,0,none,2093359375,2093375083,15708,3125,9458,83,1,0,random_50,0,1
1,stress_random,20001,2011,2011,r_2011,0,qualified_ref,1,0,none,2094384375,2094400083,15708,3125,9458,83,1,0,random_50,0,1
1,stress_random,20001,2012,2012,r_2012,0,qualified_ref,1,0,none,2095409375,2095425083,15708,3125,9458,83,1,0,random_50,0,1
1,stress_random,20001,2013,2013,r_2013,0,qualified_ref,1,0,none,2096434375,2096450083,15708,3125,9458,83,1,0,random_50,0,1
1,stress_random,20001,2014,2014,r_2014,0,qualified_ref,1,0,none,2097459375,2097475083,15708,3125,9458,83,1,0,random_50,0,1
1,stress_random,20001,2015,2015,r_2015,0,qualified_ref,1,0,none,2098484375,2098500083,15708,3125,9458,83,1,0,random_50,0,1
1,stress_random,20001,2016,2016,r_2016,0,qualified_ref,1,0,none,2099509375,2099525083,15708,3125,9458,83,1,0,random_50,0,1
1,stress_random,20001,2017,2017,r_2017,0,qualified_ref,1,0,none,2100534375,2100550083,15708,3125,9458,83,1,0,random_50,0,1
1,stress_random,20001,2018,2018,r_2018,0,qualified_ref,1,0,none,2101559375,2101575083,15708,3125,9458,83,1,0,random_50,0,1
1,stress_random,20001,2019,2019,r_2019,0,qualified_ref,1,0,none,2102584375,2102600083,15708,3125,9458,83,1,0,random_50,0,1
1,stress_random,20001,2020,2020,r_2020,0,qualified_ref,1,0,none,2103609375,2103625083,15708,3125,9458,83,1,0,random_50,0,1
1,stress_random,20001,2021,2021,r_2021,0,qualified_ref,1,0,none,2104634375,2104650083,15708,3125,9458,83,1,0,random_50,0,1
1,stress_random,20001,2022,2022,r_2022,0,qualified_ref,1,0,none,2105659375,2105675083,15708,3125,9458,83,1,0,random_50,0,1
1,stress_random,20001,2023,2023,r_2023,0,qualified_ref,1,0,none,2106684375,2106700083,15708,3125,9458,83,1,0,random_50,0,1
1,stress_random,20001,2024,2024,r_2024,0,qualified_ref,1,0,none,2107709375,2107725083,15708,3125,9458,83,1,0,random_50,0,1
1,stress_random,20001,2025,2025,r_2025,0,qualified_ref,1,0,none,2108734375,2108750083,15708,3125,9458,83,1,0,random_50,0,1
1,stress_random,20001,2026,2026,r_2026,0,qualified_ref,1,0,none,2109759375,2109775083,15708,3125,9458,83,1,0,random_50,0,1
1,stress_random,20001,2027,2027,r_2027,0,qualified_ref,1,0,none,2110784375,2110800083,15708,3125,9458,83,1,0,random_50,0,1
1,stress_random,20001,2028,2028,r_2028,0,qualified_ref,1,0,none,2111809375,2111825083,15708,3125,9458,83,1,0,random_50,0,1
1,stress_random,20001,2029,2029,r_2029,0,qualified_ref,1,0,none,2112834375,2112850083,15708,3125,9458,83,1,0,random_50,0,1
1,stress_random,20001,2030,2030,r_2030,0,qualified_ref,1,0,none,2113859375,2113875083,15708,3125,9458,83,1,0,random_50,0,1
1,stress_random,20001,2031,2031,r_2031,0,qualified_ref,1,0,none,2114884375,2114900083,15708,3125,9458,83,1,0,random_50,0,1
1,stress_random,20001,2032,2032,r_2032,0,qualified_ref,1,0,none,2115909375,2115925083,15708,3125,9458,83,1,0,random_50,0,1
1,stress_random,20001,2033,2033,r_2033,0,qualified_ref,1,0,none,2116934375,2116950083,15708,3125,9458,83,1,0,random_50,0,1
1,stress_random,20001,2034,2034,r_2034,0,qualified_ref,1,0,none,2117959375,2117975083,15708,3125,9458,83,1,0,random_50,0,1
1,stress_random,20001,2035,2035,r_2035,0,qualified_ref,1,0,none,2118984375,2119000083,15708,3125,9458,83,1,0,random_50,0,1
1,stress_random,20001,2036,2036,r_2036,0,qualified_ref,1,0,none,2120009375,2120025083,15708,3125,9458,83,1,0,random_50,0,1
1,stress_random,20001,2037,2037,r_2037,0,qualified_ref,1,0,none,2121034375,2121050083,15708,3125,9458,83,1,0,random_50,0,1
1,stress_random,20001,2038,2038,r_2038,0,qualified_ref,1,0,none,2122059375,2122075083,15708,3125,9458,83,1,0,random_50,0,1
1,stress_random,20001,2039,2039,r_2039,0,qualified_ref,1,0,none,2123084375,2123100083,15708,3125,9458,83,1,0,random_50,0,1
1,stress_random,20001,2040,2040,r_2040,0,qualified_ref,1,0,none,2124109375,2124125083,15708,3125,9458,83,1,0,random_50,0,1
1,stress_random,20001,2041,2041,r_2041,0,qualified_ref,1,0,none,2125134375,2125150083,15708,3125,9458,83,1,0,random_50,0,1
1,stress_random,20001,2042,2042,r_2042,0,qualified_ref,1,0,none,2126159375,2126175083,15708,3125,9458,83,1,0,random_50,0,1
1,stress_random,20001,2043,2043,r_2043,0,qualified_ref,1,0,none,2127184375,2127200083,15708,3125,9458,83,1,0,random_50,0,1
1,stress_random,20001,2044,2044,r_2044,0,qualified_ref,1,0,none,2128209375,2128225083,15708,3125,9458,83,1,0,random_50,0,1
1,stress_random,20001,2045,2045,r_2045,0,qualified_ref,1,0,none,2129234375,2129250083,15708,3125,9458,83,1,0,random_50,0,1
1,stress_random,20001,2046,2046,r_2046,0,qualified_ref,1,0,none,2130259375,2130275083,15708,3125,9458,83,1,0,random_50,0,1
1,stress_random,20001,2047,2047,r_2047,0,qualified_ref,1,0,none,2131284375,2131300083,15708,3125,9458,83,1,0,random_50,0,1
1,stress_random,20001,2048,2048,r_2048,0,qualified_ref,1,0,none,2132309375,2132325083,15708,3125,9458,83,1,0,random_50,0,1
1,stress_random,20001,2049,2049,r_2049,0,qualified_ref,1,0,none,2133334375,2133350083,15708,3125,9458,83,1,0,random_50,0,1
1,stress_random,20001,2050,2050,r_2050,0,qualified_ref,1,0,none,2134359375,2134375083,15708,3125,9458,83,1,0,random_50,0,1
1,stress_random,20001,2051,2051,r_2051,0,qualified_ref,1,0,none,2135384375,2135400083,15708,3125,9458,83,1,0,random_50,0,1
1,stress_random,20001,2052,2052,r_2052,0,qualified_ref,1,0,none,2136409375,2136425083,15708,3125,9458,83,1,0,random_50,0,1
1,stress_random,20001,2053,2053,r_2053,0,qualified_ref,1,0,none,2137434375,2137450083,15708,3125,9458,83,1,0,random_50,0,1
1,stress_random,20001,2054,2054,r_2054,0,qualified_ref,1,0,none,2138459375,2138475083,15708,3125,9458,83,1,0,random_50,0,1
1,stress_random,20001,2055,2055,r_2055,0,qualified_ref,1,0,none,2139484375,2139500083,15708,3125,9458,83,1,0,random_50,0,1
1,stress_random,20001,2056,2056,r_2056,0,qualified_ref,1,0,none,2140509375,2140525083,15708,3125,9458,83,1,0,random_50,0,1
1,stress_random,20001,2057,2057,r_2057,0,qualified_ref,1,0,none,2141534375,2141550083,15708,3125,9458,83,1,0,random_50,0,1
1,stress_random,20001,2058,2058,r_2058,0,qualified_ref,1,0,none,2142559375,2142575083,15708,3125,9458,83,1,0,random_50,0,1
1,stress_random,20001,2059,2059,r_2059,0,qualified_ref,1,0,none,2143584375,2143600083,15708,3125,9458,83,1,0,random_50,0,1
1,stress_random,20001,2060,2060,r_2060,0,qualified_ref,1,0,none,2144609375,2144625083,15708,3125,9458,83,1,0,random_50,0,1
1,stress_random,20001,2061,2061,r_2061,0,qualified_ref,1,0,none,2145634375,2145650083,15708,3125,9458,83,1,0,random_50,0,1
1,stress_random,20001,2062,2062,r_2062,0,qualified_ref,1,0,none,2146659375,2146675083,15708,3125,9458,83,1,0,random_50,0,1
1,stress_random,20001,2063,2063,r_2063,0,qualified_ref,1,0,none,2147684375,2147700083,15708,3125,9458,83,1,0,random_50,0,1
1,stress_random,20001,2064,2064,r_2064,0,qualified_ref,1,0,none,2148709375,2148725083,15708,3125,9458,83,1,0,random_50,0,1
1,stress_random,20001,2065,2065,r_2065,0,qualified_ref,1,0,none,2149734375,2149750083,15708,3125,9458,83,1,0,random_50,0,1
1,stress_random,20001,2066,2066,r_2066,0,qualified_ref,1,0,none,2150759375,2150775083,15708,3125,9458,83,1,0,random_50,0,1
1,stress_random,20001,2067,2067,r_2067,0,qualified_ref,1,0,none,2151784375,2151800083,15708,3125,9458,83,1,0,random_50,0,1
1,stress_random,20001,2068,2068,r_2068,0,qualified_ref,1,0,none,2152809375,2152825083,15708,3125,9458,83,1,0,random_50,0,1
1,stress_random,20001,2069,2069,r_2069,0,qualified_ref,1,0,none,2153834375,2153850083,15708,3125,9458,83,1,0,random_50,0,1
1,stress_random,20001,2070,2070,r_2070,0,qualified_ref,1,0,none,2154859375,2154875083,15708,3125,9458,83,1,0,random_50,0,1
1,stress_random,20001,2071,2071,r_2071,0,qualified_ref,1,0,none,2155884375,2155900083,15708,3125,9458,83,1,0,random_50,0,1
1,stress_random,20001,2072,2072,r_2072,0,qualified_ref,1,0,none,2156909375,2156925083,15708,3125,9458,83,1,0,random_50,0,1
1,stress_random,20001,2073,2073,r_2073,0,qualified_ref,1,0,none,2157934375,2157950083,15708,3125,9458,83,1,0,random_50,0,1
1,stress_random,20001,2074,2074,r_2074,0,qualified_ref,1,0,none,2158959375,2158975083,15708,3125,9458,83,1,0,random_50,0,1
1,stress_random,20001,2075,2075,r_2075,0,qualified_ref,1,0,none,2159984375,2160000083,15708,3125,9458,83,1,0,random_50,0,1
1,stress_random,20001,2076,2076,r_2076,0,qualified_ref,1,0,none,2161009375,2161025083,15708,3125,9458,83,1,0,random_50,0,1
1,stress_random,20001,2077,2077,r_2077,0,qualified_ref,1,0,none,2162034375,2162050083,15708,3125,9458,83,1,0,random_50,0,1
1,stress_random,20001,2078,2078,r_2078,0,qualified_ref,1,0,none,2163059375,2163075083,15708,3125,9458,83,1,0,random_50,0,1
1,stress_random,20001,2079,2079,r_2079,0,qualified_ref,1,0,none,2164084375,2164100083,15708,3125,9458,83,1,0,random_50,0,1
1,stress_random,20001,2080,2080,r_2080,0,qualified_ref,1,0,none,2165109375,2165125083,15708,3125,9458,83,1,0,random_50,0,1
1,stress_random,20001,2081,2081,r_2081,0,qualified_ref,1,0,none,2166134375,2166150083,15708,3125,9458,83,1,0,random_50,0,1
1,stress_random,20001,2082,2082,r_2082,0,qualified_ref,1,0,none,2167159375,2167175083,15708,3125,9458,83,1,0,random_50,0,1
1,stress_random,20001,2083,2083,r_2083,0,qualified_ref,1,0,none,2168184375,2168200083,15708,3125,9458,83,1,0,random_50,0,1
1,stress_random,20001,2084,2084,r_2084,0,qualified_ref,1,0,none,2169209375,2169225083,15708,3125,9458,83,1,0,random_50,0,1
1,stress_random,20001,2085,2085,r_2085,0,qualified_ref,1,0,none,2170234375,2170250083,15708,3125,9458,83,1,0,random_50,0,1
1,stress_random,20001,2086,2086,r_2086,0,qualified_ref,1,0,none,2171259375,2171275083,15708,3125,9458,83,1,0,random_50,0,1
1,stress_random,20001,2087,2087,r_2087,0,qualified_ref,1,0,none,2172284375,2172300083,15708,3125,9458,83,1,0,random_50,0,1
1,stress_random,20001,2088,2088,r_2088,0,qualified_ref,1,0,none,2173309375,2173325083,15708,3125,9458,83,1,0,random_50,0,1
1,stress_random,20001,2089,2089,r_2089,0,qualified_ref,1,0,none,2174334375,2174350083,15708,3125,9458,83,1,0,random_50,0,1
1,stress_random,20001,2090,2090,r_2090,0,qualified_ref,1,0,none,2175359375,2175375083,15708,3125,9458,83,1,0,random_50,0,1
1,stress_random,20001,2091,2091,r_2091,0,qualified_ref,1,0,none,2176384375,2176400083,15708,3125,9458,83,1,0,random_50,0,1
1,stress_random,20001,2092,2092,r_2092,0,qualified_ref,1,0,none,2177409375,2177425083,15708,3125,9458,83,1,0,random_50,0,1
1,stress_random,20001,2093,2093,r_2093,0,qualified_ref,1,0,none,2178434375,2178450083,15708,3125,9458,83,1,0,random_50,0,1
1,stress_random,20001,2094,2094,r_2094,0,qualified_ref,1,0,none,2179459375,2179475083,15708,3125,9458,83,1,0,random_50,0,1
1,stress_random,20001,2095,2095,r_2095,0,qualified_ref,1,0,none,2180484375,2180500083,15708,3125,9458,83,1,0,random_50,0,1
1,stress_random,20001,2096,2096,r_2096,0,qualified_ref,1,0,none,2181509375,2181525083,15708,3125,9458,83,1,0,random_50,0,1
1,stress_random,20001,2097,2097,r_2097,0,qualified_ref,1,0,none,2182534375,2182550083,15708,3125,9458,83,1,0,random_50,0,1
1,stress_random,20001,2098,2098,r_2098,0,qualified_ref,1,0,none,2183559375,2183575083,15708,3125,9458,83,1,0,random_50,0,1
1,stress_random,20001,2099,2099,r_2099,0,qualified_ref,1,0,none,2184584375,2184600083,15708,3125,9458,83,1,0,random_50,0,1
1,stress_random,20001,2100,2100,r_2100,0,qualified_ref,1,0,none,2185609375,2185625083,15708,3125,9458,83,1,0,random_50,0,1
1,stress_random,20001,2101,2101,r_2101,0,qualified_ref,1,0,none,2186634375,2186650083,15708,3125,9458,83,1,0,random_50,0,1
1,stress_random,20001,2102,2102,r_2102,0,qualified_ref,1,0,none,2187659375,2187675083,15708,3125,9458,83,1,0,random_50,0,1
1,stress_random,20001,2103,2103,r_2103,0,qualified_ref,1,0,none,2188684375,2188700083,15708,3125,9458,83,1,0,random_50,0,1
1,stress_random,20001,2104,2104,r_2104,0,qualified_ref,1,0,none,2189709375,2189725083,15708,3125,9458,83,1,0,random_50,0,1
1,stress_random,20001,2105,2105,r_2105,0,qualified_ref,1,0,none,2190734375,2190750083,15708,3125,9458,83,1,0,random_50,0,1
1,stress_random,20001,2106,2106,r_2106,0,qualified_ref,1,0,none,2191759375,2191775083,15708,3125,9458,83,1,0,random_50,0,1
1,stress_random,20001,2107,2107,r_2107,0,qualified_ref,1,0,none,2192784375,2192800083,15708,3125,9458,83,1,0,random_50,0,1
1,stress_random,20001,2108,2108,r_2108,0,qualified_ref,1,0,none,2193809375,2193825083,15708,3125,9458,83,1,0,random_50,0,1
1,stress_random,20001,2109,2109,r_2109,0,qualified_ref,1,0,none,2194834375,2194850083,15708,3125,9458,83,1,0,random_50,0,1
1,stress_random,20001,2110,2110,r_2110,0,qualified_ref,1,0,none,2195859375,2195875083,15708,3125,9458,83,1,0,random_50,0,1
1,stress_random,20001,2111,2111,r_2111,0,qualified_ref,1,0,none,2196884375,2196900083,15708,3125,9458,83,1,0,random_50,0,1
1,stress_random,20001,2112,2112,r_2112,0,qualified_ref,1,0,none,2197909375,2197925083,15708,3125,9458,83,1,0,random_50,0,1
1,stress_random,20001,2113,2113,r_2113,0,qualified_ref,1,0,none,2198934375,2198950083,15708,3125,9458,83,1,0,random_50,0,1
1,stress_random,20001,2114,2114,r_2114,0,qualified_ref,1,0,none,2199959375,2199975083,15708,3125,9458,83,1,0,random_50,0,1
1,stress_random,20001,2115,2115,r_2115,0,qualified_ref,1,0,none,2200984375,2201000083,15708,3125,9458,83,1,0,random_50,0,1
1,stress_random,20001,2116,2116,r_2116,0,qualified_ref,1,0,none,2202009375,2202025083,15708,3125,9458,83,1,0,random_50,0,1
1,stress_random,20001,2117,2117,r_2117,0,qualified_ref,1,0,none,2203034375,2203050083,15708,3125,9458,83,1,0,random_50,0,1
1,stress_random,20001,2118,2118,r_2118,0,qualified_ref,1,0,none,2204059375,2204075083,15708,3125,9458,83,1,0,random_50,0,1
1,stress_random,20001,2119,2119,r_2119,0,qualified_ref,1,0,none,2205084375,2205100083,15708,3125,9458,83,1,0,random_50,0,1
1,stress_random,20001,2120,2120,r_2120,0,qualified_ref,1,0,none,2206109375,2206125083,15708,3125,9458,83,1,0,random_50,0,1
1,stress_random,20001,2121,2121,r_2121,0,qualified_ref,1,0,none,2207134375,2207150083,15708,3125,9458,83,1,0,random_50,0,1
1,stress_random,20001,2122,2122,r_2122,0,qualified_ref,1,0,none,2208159375,2208175083,15708,3125,9458,83,1,0,random_50,0,1
1,stress_random,20001,2123,2123,r_2123,0,qualified_ref,1,0,none,2209184375,2209200083,15708,3125,9458,83,1,0,random_50,0,1
1,stress_random,20001,2124,2124,r_2124,0,qualified_ref,1,0,none,2210209375,2210225083,15708,3125,9458,83,1,0,random_50,0,1
1,stress_random,20001,2125,2125,r_2125,0,qualified_ref,1,0,none,2211234375,2211250083,15708,3125,9458,83,1,0,random_50,0,1
1,stress_random,20001,2126,2126,r_2126,0,qualified_ref,1,0,none,2212259375,2212275083,15708,3125,9458,83,1,0,random_50,0,1
1,stress_random,20001,2127,2127,r_2127,0,qualified_ref,1,0,none,2213284375,2213300083,15708,3125,9458,83,1,0,random_50,0,1
1,stress_random,20001,2128,2128,r_2128,0,qualified_ref,1,0,none,2214309375,2214325083,15708,3125,9458,83,1,0,random_50,0,1
1,stress_random,20001,2129,2129,r_2129,0,qualified_ref,1,0,none,2215334375,2215350083,15708,3125,9458,83,1,0,random_50,0,1
1,stress_random,20001,2130,2130,r_2130,0,qualified_ref,1,0,none,2216359375,2216375083,15708,3125,9458,83,1,0,random_50,0,1
1,stress_random,20001,2131,2131,r_2131,0,qualified_ref,1,0,none,2217384375,2217400083,15708,3125,9458,83,1,0,random_50,0,1
1,stress_random,20001,2132,2132,r_2132,0,qualified_ref,1,0,none,2218409375,2218425083,15708,3125,9458,83,1,0,random_50,0,1
1,stress_random,20001,2133,2133,r_2133,0,qualified_ref,1,0,none,2219434375,2219450083,15708,3125,9458,83,1,0,random_50,0,1
1,stress_random,20001,2134,2134,r_2134,0,qualified_ref,1,0,none,2220459375,2220475083,15708,3125,9458,83,1,0,random_50,0,1
1,stress_random,20001,2135,2135,r_2135,0,qualified_ref,1,0,none,2221484375,2221500083,15708,3125,9458,83,1,0,random_50,0,1
1,stress_random,20001,2136,2136,r_2136,0,qualified_ref,1,0,none,2222509375,2222525083,15708,3125,9458,83,1,0,random_50,0,1
1,stress_random,20001,2137,2137,r_2137,0,qualified_ref,1,0,none,2223534375,2223550083,15708,3125,9458,83,1,0,random_50,0,1
1,stress_random,20001,2138,2138,r_2138,0,qualified_ref,1,0,none,2224559375,2224575083,15708,3125,9458,83,1,0,random_50,0,1
1,stress_random,20001,2139,2139,r_2139,0,qualified_ref,1,0,none,2225584375,2225600083,15708,3125,9458,83,1,0,random_50,0,1
1,stress_random,20001,2140,2140,r_2140,0,qualified_ref,1,0,none,2226609375,2226625083,15708,3125,9458,83,1,0,random_50,0,1
1,stress_random,20001,2141,2141,r_2141,0,qualified_ref,1,0,none,2227634375,2227650083,15708,3125,9458,83,1,0,random_50,0,1
1,stress_random,20001,2142,2142,r_2142,0,qualified_ref,1,0,none,2228659375,2228675083,15708,3125,9458,83,1,0,random_50,0,1
1,stress_random,20001,2143,2143,r_2143,0,qualified_ref,1,0,none,2229684375,2229700083,15708,3125,9458,83,1,0,random_50,0,1
1,stress_random,20001,2144,2144,r_2144,0,qualified_ref,1,0,none,2230709375,2230725083,15708,3125,9458,83,1,0,random_50,0,1
1,stress_random,20001,2145,2145,r_2145,0,qualified_ref,1,0,none,2231734375,2231750083,15708,3125,9458,83,1,0,random_50,0,1
1,stress_random,20001,2146,2146,r_2146,0,qualified_ref,1,0,none,2232759375,2232775083,15708,3125,9458,83,1,0,random_50,0,1
1,stress_random,20001,2147,2147,r_2147,0,qualified_ref,1,0,none,2233784375,2233800083,15708,3125,9458,83,1,0,random_50,0,1
1,stress_random,20001,2148,2148,r_2148,0,qualified_ref,1,0,none,2234809375,2234825083,15708,3125,9458,83,1,0,random_50,0,1
1,stress_random,20001,2149,2149,r_2149,0,qualified_ref,1,0,none,2235834375,2235850083,15708,3125,9458,83,1,0,random_50,0,1
1,stress_random,20001,2150,2150,r_2150,0,qualified_ref,1,0,none,2236859375,2236875083,15708,3125,9458,83,1,0,random_50,0,1
1,stress_random,20001,2151,2151,r_2151,0,qualified_ref,1,0,none,2237884375,2237900083,15708,3125,9458,83,1,0,random_50,0,1
1,stress_random,20001,2152,2152,r_2152,0,qualified_ref,1,0,none,2238909375,2238925083,15708,3125,9458,83,1,0,random_50,0,1
1,stress_random,20001,2153,2153,r_2153,0,qualified_ref,1,0,none,2239934375,2239950083,15708,3125,9458,83,1,0,random_50,0,1
1,stress_random,20001,2154,2154,r_2154,0,qualified_ref,1,0,none,2240959375,2240975083,15708,3125,9458,83,1,0,random_50,0,1
1,stress_random,20001,2155,2155,r_2155,0,qualified_ref,1,0,none,2241984375,2242000083,15708,3125,9458,83,1,0,random_50,0,1
1,stress_random,20001,2156,2156,r_2156,0,qualified_ref,1,0,none,2243009375,2243025083,15708,3125,9458,83,1,0,random_50,0,1
1,stress_random,20001,2157,2157,r_2157,0,qualified_ref,1,0,none,2244034375,2244050083,15708,3125,9458,83,1,0,random_50,0,1
1,stress_random,20001,2158,2158,r_2158,0,qualified_ref,1,0,none,2245059375,2245075083,15708,3125,9458,83,1,0,random_50,0,1
1,stress_random,20001,2159,2159,r_2159,0,qualified_ref,1,0,none,2246084375,2246100083,15708,3125,9458,83,1,0,random_50,0,1
1,stress_random,20001,2160,2160,r_2160,0,qualified_ref,1,0,none,2247109375,2247125083,15708,3125,9458,83,1,0,random_50,0,1
1,stress_random,20001,2161,2161,r_2161,0,qualified_ref,1,0,none,2248134375,2248150083,15708,3125,9458,83,1,0,random_50,0,1
1,stress_random,20001,2162,2162,r_2162,0,qualified_ref,1,0,none,2249159375,2249175083,15708,3125,9458,83,1,0,random_50,0,1
1,stress_random,20001,2163,2163,r_2163,0,qualified_ref,1,0,none,2250184375,2250200083,15708,3125,9458,83,1,0,random_50,0,1
1,stress_random,20001,2164,2164,r_2164,0,qualified_ref,1,0,none,2251209375,2251225083,15708,3125,9458,83,1,0,random_50,0,1
1,stress_random,20001,2165,2165,r_2165,0,qualified_ref,1,0,none,2252234375,2252250083,15708,3125,9458,83,1,0,random_50,0,1
1,stress_random,20001,2166,2166,r_2166,0,qualified_ref,1,0,none,2253259375,2253275083,15708,3125,9458,83,1,0,random_50,0,1
1,stress_random,20001,2167,2167,r_2167,0,qualified_ref,1,0,none,2254284375,2254300083,15708,3125,9458,83,1,0,random_50,0,1
1,stress_random,20001,2168,2168,r_2168,0,qualified_ref,1,0,none,2255309375,2255325083,15708,3125,9458,83,1,0,random_50,0,1
1,stress_random,20001,2169,2169,r_2169,0,qualified_ref,1,0,none,2256334375,2256350083,15708,3125,9458,83,1,0,random_50,0,1
1,stress_random,20001,2170,2170,r_2170,0,qualified_ref,1,0,none,2257359375,2257375083,15708,3125,9458,83,1,0,random_50,0,1
1,stress_random,20001,2171,2171,r_2171,0,qualified_ref,1,0,none,2258384375,2258400083,15708,3125,9458,83,1,0,random_50,0,1
1,stress_random,20001,2172,2172,r_2172,0,qualified_ref,1,0,none,2259409375,2259425083,15708,3125,9458,83,1,0,random_50,0,1
1,stress_random,20001,2173,2173,r_2173,0,qualified_ref,1,0,none,2260434375,2260450083,15708,3125,9458,83,1,0,random_50,0,1
1,stress_random,20001,2174,2174,r_2174,0,qualified_ref,1,0,none,2261459375,2261475083,15708,3125,9458,83,1,0,random_50,0,1
1,stress_random,20001,2175,2175,r_2175,0,qualified_ref,1,0,none,2262484375,2262500083,15708,3125,9458,83,1,0,random_50,0,1
1,stress_random,20001,2176,2176,r_2176,0,qualified_ref,1,0,none,2263509375,2263525083,15708,3125,9458,83,1,0,random_50,0,1
1,stress_random,20001,2177,2177,r_2177,0,qualified_ref,1,0,none,2264534375,2264550083,15708,3125,9458,83,1,0,random_50,0,1
1,stress_random,20001,2178,2178,r_2178,0,qualified_ref,1,0,none,2265559375,2265575083,15708,3125,9458,83,1,0,random_50,0,1
1,stress_random,20001,2179,2179,r_2179,0,qualified_ref,1,0,none,2266584375,2266600083,15708,3125,9458,83,1,0,random_50,0,1
1,stress_random,20001,2180,2180,r_2180,0,qualified_ref,1,0,none,2267609375,2267625083,15708,3125,9458,83,1,0,random_50,0,1
1,stress_random,20001,2181,2181,r_2181,0,qualified_ref,1,0,none,2268634375,2268650083,15708,3125,9458,83,1,0,random_50,0,1
1,stress_random,20001,2182,2182,r_2182,0,qualified_ref,1,0,none,2269659375,2269675083,15708,3125,9458,83,1,0,random_50,0,1
1,stress_random,20001,2183,2183,r_2183,0,qualified_ref,1,0,none,2270684375,2270700083,15708,3125,9458,83,1,0,random_50,0,1
1,stress_random,20001,2184,2184,r_2184,0,qualified_ref,1,0,none,2271709375,2271725083,15708,3125,9458,83,1,0,random_50,0,1
1,stress_random,20001,2185,2185,r_2185,0,qualified_ref,1,0,none,2272734375,2272750083,15708,3125,9458,83,1,0,random_50,0,1
1,stress_random,20001,2186,2186,r_2186,0,qualified_ref,1,0,none,2273759375,2273775083,15708,3125,9458,83,1,0,random_50,0,1
1,stress_random,20001,2187,2187,r_2187,0,qualified_ref,1,0,none,2274784375,2274800083,15708,3125,9458,83,1,0,random_50,0,1
1,stress_random,20001,2188,2188,r_2188,0,qualified_ref,1,0,none,2275809375,2275825083,15708,3125,9458,83,1,0,random_50,0,1
1,stress_random,20001,2189,2189,r_2189,0,qualified_ref,1,0,none,2276834375,2276850083,15708,3125,9458,83,1,0,random_50,0,1
1,stress_random,20001,2190,2190,r_2190,0,qualified_ref,1,0,none,2277859375,2277875083,15708,3125,9458,83,1,0,random_50,0,1
1,stress_random,20001,2191,2191,r_2191,0,qualified_ref,1,0,none,2278884375,2278900083,15708,3125,9458,83,1,0,random_50,0,1
1,stress_random,20001,2192,2192,r_2192,0,qualified_ref,1,0,none,2279909375,2279925083,15708,3125,9458,83,1,0,random_50,0,1
1,stress_random,20001,2193,2193,r_2193,0,qualified_ref,1,0,none,2280934375,2280950083,15708,3125,9458,83,1,0,random_50,0,1
1,stress_random,20001,2194,2194,r_2194,0,qualified_ref,1,0,none,2281959375,2281975083,15708,3125,9458,83,1,0,random_50,0,1
1,stress_random,20001,2195,2195,r_2195,0,qualified_ref,1,0,none,2282984375,2283000083,15708,3125,9458,83,1,0,random_50,0,1
1,stress_random,20001,2196,2196,r_2196,0,qualified_ref,1,0,none,2284009375,2284025083,15708,3125,9458,83,1,0,random_50,0,1
1,stress_random,20001,2197,2197,r_2197,0,qualified_ref,1,0,none,2285034375,2285050083,15708,3125,9458,83,1,0,random_50,0,1
1,stress_random,20001,2198,2198,r_2198,0,qualified_ref,1,0,none,2286059375,2286075083,15708,3125,9458,83,1,0,random_50,0,1
1,stress_random,20001,2199,2199,r_2199,0,qualified_ref,1,0,none,2287084375,2287100083,15708,3125,9458,83,1,0,random_50,0,1
1,stress_random,20001,2200,2200,r_2200,0,qualified_ref,1,0,none,2288109375,2288125083,15708,3125,9458,83,1,0,random_50,0,1
1,stress_random,20001,2201,2201,r_2201,0,qualified_ref,1,0,none,2289134375,2289150083,15708,3125,9458,83,1,0,random_50,0,1
1,stress_random,20001,2202,2202,r_2202,0,qualified_ref,1,0,none,2290159375,2290175083,15708,3125,9458,83,1,0,random_50,0,1
1,stress_random,20001,2203,2203,r_2203,0,qualified_ref,1,0,none,2291184375,2291200083,15708,3125,9458,83,1,0,random_50,0,1
1,stress_random,20001,2204,2204,r_2204,0,qualified_ref,1,0,none,2292209375,2292225083,15708,3125,9458,83,1,0,random_50,0,1
1,stress_random,20001,2205,2205,r_2205,0,qualified_ref,1,0,none,2293234375,2293250083,15708,3125,9458,83,1,0,random_50,0,1
1,stress_random,20001,2206,2206,r_2206,0,qualified_ref,1,0,none,2294259375,2294275083,15708,3125,9458,83,1,0,random_50,0,1
1,stress_random,20001,2207,2207,r_2207,0,qualified_ref,1,0,none,2295284375,2295300083,15708,3125,9458,83,1,0,random_50,0,1
1,stress_random,20001,2208,2208,r_2208,0,qualified_ref,1,0,none,2296309375,2296325083,15708,3125,9458,83,1,0,random_50,0,1
1,stress_random,20001,2209,2209,r_2209,0,qualified_ref,1,0,none,2297334375,2297350083,15708,3125,9458,83,1,0,random_50,0,1
1,stress_random,20001,2210,2210,r_2210,0,qualified_ref,1,0,none,2298359375,2298375083,15708,3125,9458,83,1,0,random_50,0,1
1,stress_random,20001,2211,2211,r_2211,0,qualified_ref,1,0,none,2299384375,2299400083,15708,3125,9458,83,1,0,random_50,0,1
1,stress_random,20001,2212,2212,r_2212,0,qualified_ref,1,0,none,2300409375,2300425083,15708,3125,9458,83,1,0,random_50,0,1
1,stress_random,20001,2213,2213,r_2213,0,qualified_ref,1,0,none,2301434375,2301450083,15708,3125,9458,83,1,0,random_50,0,1
1,stress_random,20001,2214,2214,r_2214,0,qualified_ref,1,0,none,2302459375,2302475083,15708,3125,9458,83,1,0,random_50,0,1
1,stress_random,20001,2215,2215,r_2215,0,qualified_ref,1,0,none,2303484375,2303500083,15708,3125,9458,83,1,0,random_50,0,1
1,stress_random,20001,2216,2216,r_2216,0,qualified_ref,1,0,none,2304509375,2304525083,15708,3125,9458,83,1,0,random_50,0,1
1,stress_random,20001,2217,2217,r_2217,0,qualified_ref,1,0,none,2305534375,2305550083,15708,3125,9458,83,1,0,random_50,0,1
1,stress_random,20001,2218,2218,r_2218,0,qualified_ref,1,0,none,2306559375,2306575083,15708,3125,9458,83,1,0,random_50,0,1
1,stress_random,20001,2219,2219,r_2219,0,qualified_ref,1,0,none,2307584375,2307600083,15708,3125,9458,83,1,0,random_50,0,1
1,stress_random,20001,2220,2220,r_2220,0,qualified_ref,1,0,none,2308609375,2308625083,15708,3125,9458,83,1,0,random_50,0,1
1,stress_random,20001,2221,2221,r_2221,0,qualified_ref,1,0,none,2309634375,2309650083,15708,3125,9458,83,1,0,random_50,0,1
1,stress_random,20001,2222,2222,r_2222,0,qualified_ref,1,0,none,2310659375,2310675083,15708,3125,9458,83,1,0,random_50,0,1
1,stress_random,20001,2223,2223,r_2223,0,qualified_ref,1,0,none,2311684375,2311700083,15708,3125,9458,83,1,0,random_50,0,1
1,stress_random,20001,2224,2224,r_2224,0,qualified_ref,1,0,none,2312709375,2312725083,15708,3125,9458,83,1,0,random_50,0,1
1,stress_random,20001,2225,2225,r_2225,0,qualified_ref,1,0,none,2313734375,2313750083,15708,3125,9458,83,1,0,random_50,0,1
1,stress_random,20001,2226,2226,r_2226,0,qualified_ref,1,0,none,2314759375,2314775083,15708,3125,9458,83,1,0,random_50,0,1
1,stress_random,20001,2227,2227,r_2227,0,qualified_ref,1,0,none,2315784375,2315800083,15708,3125,9458,83,1,0,random_50,0,1
1,stress_random,20001,2228,2228,r_2228,0,qualified_ref,1,0,none,2316809375,2316825083,15708,3125,9458,83,1,0,random_50,0,1
1,stress_random,20001,2229,2229,r_2229,0,qualified_ref,1,0,none,2317834375,2317850083,15708,3125,9458,83,1,0,random_50,0,1
1,stress_random,20001,2230,2230,r_2230,0,qualified_ref,1,0,none,2318859375,2318875083,15708,3125,9458,83,1,0,random_50,0,1
1,stress_random,20001,2231,2231,r_2231,0,qualified_ref,1,0,none,2319884375,2319900083,15708,3125,9458,83,1,0,random_50,0,1
1,stress_random,20001,2232,2232,r_2232,0,qualified_ref,1,0,none,2320909375,2320925083,15708,3125,9458,83,1,0,random_50,0,1
1,stress_random,20001,2233,2233,r_2233,0,qualified_ref,1,0,none,2321934375,2321950083,15708,3125,9458,83,1,0,random_50,0,1
1,stress_random,20001,2234,2234,r_2234,0,qualified_ref,1,0,none,2322959375,2322975083,15708,3125,9458,83,1,0,random_50,0,1
1,stress_random,20001,2235,2235,r_2235,0,qualified_ref,1,0,none,2323984375,2324000083,15708,3125,9458,83,1,0,random_50,0,1
1,stress_random,20001,2236,2236,r_2236,0,qualified_ref,1,0,none,2325009375,2325025083,15708,3125,9458,83,1,0,random_50,0,1
1,stress_random,20001,2237,2237,r_2237,0,qualified_ref,1,0,none,2326034375,2326050083,15708,3125,9458,83,1,0,random_50,0,1
1,stress_random,20001,2238,2238,r_2238,0,qualified_ref,1,0,none,2327059375,2327075083,15708,3125,9458,83,1,0,random_50,0,1
1,stress_random,20001,2239,2239,r_2239,0,qualified_ref,1,0,none,2328084375,2328100083,15708,3125,9458,83,1,0,random_50,0,1
1,stress_random,20001,2240,2240,r_2240,0,qualified_ref,1,0,none,2329109375,2329125083,15708,3125,9458,83,1,0,random_50,0,1
1,stress_random,20001,2241,2241,r_2241,0,qualified_ref,1,0,none,2330134375,2330150083,15708,3125,9458,83,1,0,random_50,0,1
1,stress_random,20001,2242,2242,r_2242,0,qualified_ref,1,0,none,2331159375,2331175083,15708,3125,9458,83,1,0,random_50,0,1
1,stress_random,20001,2243,2243,r_2243,0,qualified_ref,1,0,none,2332184375,2332200083,15708,3125,9458,83,1,0,random_50,0,1
1,stress_random,20001,2244,2244,r_2244,0,qualified_ref,1,0,none,2333209375,2333225083,15708,3125,9458,83,1,0,random_50,0,1
1,stress_random,20001,2245,2245,r_2245,0,qualified_ref,1,0,none,2334234375,2334250083,15708,3125,9458,83,1,0,random_50,0,1
1,stress_random,20001,2246,2246,r_2246,0,qualified_ref,1,0,none,2335259375,2335275083,15708,3125,9458,83,1,0,random_50,0,1
1,stress_random,20001,2247,2247,r_2247,0,qualified_ref,1,0,none,2336284375,2336300083,15708,3125,9458,83,1,0,random_50,0,1
1,stress_random,20001,2248,2248,r_2248,0,qualified_ref,1,0,none,2337309375,2337325083,15708,3125,9458,83,1,0,random_50,0,1
1,stress_random,20001,2249,2249,r_2249,0,qualified_ref,1,0,none,2338334375,2338350083,15708,3125,9458,83,1,0,random_50,0,1
1,stress_random,20001,2250,2250,r_2250,1,qualified_ref,1,0,none,2343459375,2343475083,15708,3125,9458,83,6,0,random_50,0,1
1,stress_random,20001,2251,2251,r_2251,1,qualified_ref,1,0,none,2344484375,2344500083,15708,3125,9458,83,6,0,random_50,0,1
1,stress_random,20001,2252,2252,r_2252,1,qualified_ref,1,0,none,2345509375,2345525083,15708,3125,9458,83,6,0,random_50,0,1
1,stress_random,20001,2253,2253,r_2253,1,qualified_ref,1,0,none,2346534375,2346550083,15708,3125,9458,83,6,0,random_50,0,1
1,stress_random,20001,2254,2254,r_2254,1,qualified_ref,1,0,none,2347559375,2347575083,15708,3125,9458,83,6,0,random_50,0,1
1,stress_random,20001,2255,2255,r_2255,1,qualified_ref,1,0,none,2348584375,2348600083,15708,3125,9458,83,6,0,random_50,0,1
1,stress_random,20001,2256,2256,r_2256,1,qualified_ref,1,0,none,2349609375,2349625083,15708,3125,9458,83,6,0,random_50,0,1
1,stress_random,20001,2257,2257,r_2257,1,qualified_ref,1,0,none,2350634375,2350650083,15708,3125,9458,83,6,0,random_50,0,1
1,stress_random,20001,2258,2258,r_2258,1,qualified_ref,1,0,none,2351659375,2351675083,15708,3125,9458,83,6,0,random_50,0,1
1,stress_random,20001,2259,2259,r_2259,1,qualified_ref,1,0,none,2352684375,2352700083,15708,3125,9458,83,6,0,random_50,0,1
1,stress_random,20001,2260,2260,r_2260,1,qualified_ref,1,0,none,2353709375,2353725083,15708,3125,9458,83,6,0,random_50,0,1
1,stress_random,20001,2261,2261,r_2261,1,qualified_ref,1,0,none,2354734375,2354750083,15708,3125,9458,83,6,0,random_50,0,1
1,stress_random,20001,2262,2262,r_2262,1,qualified_ref,1,0,none,2355759375,2355775083,15708,3125,9458,83,6,0,random_50,0,1
1,stress_random,20001,2263,2263,r_2263,1,qualified_ref,1,0,none,2356784375,2356800083,15708,3125,9458,83,6,0,random_50,0,1
1,stress_random,20001,2264,2264,r_2264,1,qualified_ref,1,0,none,2357809375,2357825083,15708,3125,9458,83,6,0,random_50,0,1
1,stress_random,20001,2265,2265,r_2265,1,qualified_ref,1,0,none,2358834375,2358850083,15708,3125,9458,83,6,0,random_50,0,1
1,stress_random,20001,2266,2266,r_2266,1,qualified_ref,1,0,none,2359859375,2359875083,15708,3125,9458,83,6,0,random_50,0,1
1,stress_random,20001,2267,2267,r_2267,1,qualified_ref,1,0,none,2360884375,2360900083,15708,3125,9458,83,6,0,random_50,0,1
1,stress_random,20001,2268,2268,r_2268,1,qualified_ref,1,0,none,2361909375,2361925083,15708,3125,9458,83,6,0,random_50,0,1
1,stress_random,20001,2269,2269,r_2269,1,qualified_ref,1,0,none,2362934375,2362950083,15708,3125,9458,83,6,0,random_50,0,1
1,stress_random,20001,2270,2270,r_2270,1,qualified_ref,1,0,none,2363959375,2363975083,15708,3125,9458,83,6,0,random_50,0,1
1,stress_random,20001,2271,2271,r_2271,1,qualified_ref,1,0,none,2364984375,2365000083,15708,3125,9458,83,6,0,random_50,0,1
1,stress_random,20001,2272,2272,r_2272,1,qualified_ref,1,0,none,2366009375,2366025083,15708,3125,9458,83,6,0,random_50,0,1
1,stress_random,20001,2273,2273,r_2273,1,qualified_ref,1,0,none,2367034375,2367050083,15708,3125,9458,83,6,0,random_50,0,1
1,stress_random,20001,2274,2274,r_2274,1,qualified_ref,1,0,none,2368059375,2368075083,15708,3125,9458,83,6,0,random_50,0,1
1,stress_random,20001,2275,2275,r_2275,1,qualified_ref,1,0,none,2369084375,2369100083,15708,3125,9458,83,6,0,random_50,0,1
1,stress_random,20001,2276,2276,r_2276,1,qualified_ref,1,0,none,2370109375,2370125083,15708,3125,9458,83,6,0,random_50,0,1
1,stress_random,20001,2277,2277,r_2277,1,qualified_ref,1,0,none,2371134375,2371150083,15708,3125,9458,83,6,0,random_50,0,1
1,stress_random,20001,2278,2278,r_2278,1,qualified_ref,1,0,none,2372159375,2372175083,15708,3125,9458,83,6,0,random_50,0,1
1,stress_random,20001,2279,2279,r_2279,1,qualified_ref,1,0,none,2373184375,2373200083,15708,3125,9458,83,6,0,random_50,0,1
1,stress_random,20001,2280,2280,r_2280,1,qualified_ref,1,0,none,2374209375,2374225083,15708,3125,9458,83,6,0,random_50,0,1
1,stress_random,20001,2281,2281,r_2281,1,qualified_ref,1,0,none,2375234375,2375250083,15708,3125,9458,83,6,0,random_50,0,1
1,stress_random,20001,2282,2282,r_2282,1,qualified_ref,1,0,none,2376259375,2376275083,15708,3125,9458,83,6,0,random_50,0,1
1,stress_random,20001,2283,2283,r_2283,1,qualified_ref,1,0,none,2377284375,2377300083,15708,3125,9458,83,6,0,random_50,0,1
1,stress_random,20001,2284,2284,r_2284,1,qualified_ref,1,0,none,2378309375,2378325083,15708,3125,9458,83,6,0,random_50,0,1
1,stress_random,20001,2285,2285,r_2285,1,qualified_ref,1,0,none,2379334375,2379350083,15708,3125,9458,83,6,0,random_50,0,1
1,stress_random,20001,2286,2286,r_2286,1,qualified_ref,1,0,none,2380359375,2380375083,15708,3125,9458,83,6,0,random_50,0,1
1,stress_random,20001,2287,2287,r_2287,1,qualified_ref,1,0,none,2381384375,2381400083,15708,3125,9458,83,6,0,random_50,0,1
1,stress_random,20001,2288,2288,r_2288,1,qualified_ref,1,0,none,2382409375,2382425083,15708,3125,9458,83,6,0,random_50,0,1
1,stress_random,20001,2289,2289,r_2289,1,qualified_ref,1,0,none,2383434375,2383450083,15708,3125,9458,83,6,0,random_50,0,1
1,stress_random,20001,2290,2290,r_2290,1,qualified_ref,1,0,none,2384459375,2384475083,15708,3125,9458,83,6,0,random_50,0,1
1,stress_random,20001,2291,2291,r_2291,1,qualified_ref,1,0,none,2385484375,2385500083,15708,3125,9458,83,6,0,random_50,0,1
1,stress_random,20001,2292,2292,r_2292,1,qualified_ref,1,0,none,2386509375,2386525083,15708,3125,9458,83,6,0,random_50,0,1
1,stress_random,20001,2293,2293,r_2293,1,qualified_ref,1,0,none,2387534375,2387550083,15708,3125,9458,83,6,0,random_50,0,1
1,stress_random,20001,2294,2294,r_2294,1,qualified_ref,1,0,none,2388559375,2388575083,15708,3125,9458,83,6,0,random_50,0,1
1,stress_random,20001,2295,2295,r_2295,1,qualified_ref,1,0,none,2389584375,2389600083,15708,3125,9458,83,6,0,random_50,0,1
1,stress_random,20001,2296,2296,r_2296,1,qualified_ref,1,0,none,2390609375,2390625083,15708,3125,9458,83,6,0,random_50,0,1
1,stress_random,20001,2297,2297,r_2297,1,qualified_ref,1,0,none,2391634375,2391650083,15708,3125,9458,83,6,0,random_50,0,1
1,stress_random,20001,2298,2298,r_2298,1,qualified_ref,1,0,none,2392659375,2392675083,15708,3125,9458,83,6,0,random_50,0,1
1,stress_random,20001,2299,2299,r_2299,1,qualified_ref,1,0,none,2393684375,2393700083,15708,3125,9458,83,6,0,random_50,0,1
1,stress_random,20001,2300,2300,r_2300,1,qualified_ref,1,0,none,2394709375,2394725083,15708,3125,9458,83,6,0,random_50,0,1
1,stress_random,20001,2301,2301,r_2301,1,qualified_ref,1,0,none,2395734375,2395750083,15708,3125,9458,83,6,0,random_50,0,1
1,stress_random,20001,2302,2302,r_2302,1,qualified_ref,1,0,none,2396759375,2396775083,15708,3125,9458,83,6,0,random_50,0,1
1,stress_random,20001,2303,2303,r_2303,1,qualified_ref,1,0,none,2397784375,2397800083,15708,3125,9458,83,6,0,random_50,0,1
1,stress_random,20001,2304,2304,r_2304,1,qualified_ref,1,0,none,2398809375,2398825083,15708,3125,9458,83,6,0,random_50,0,1
1,stress_random,20001,2305,2305,r_2305,1,qualified_ref,1,0,none,2399834375,2399850083,15708,3125,9458,83,6,0,random_50,0,1
1,stress_random,20001,2306,2306,r_2306,1,qualified_ref,1,0,none,2400859375,2400875083,15708,3125,9458,83,6,0,random_50,0,1
1,stress_random,20001,2307,2307,r_2307,1,qualified_ref,1,0,none,2401884375,2401900083,15708,3125,9458,83,6,0,random_50,0,1
1,stress_random,20001,2308,2308,r_2308,1,qualified_ref,1,0,none,2402909375,2402925083,15708,3125,9458,83,6,0,random_50,0,1
1,stress_random,20001,2309,2309,r_2309,1,qualified_ref,1,0,none,2403934375,2403950083,15708,3125,9458,83,6,0,random_50,0,1
1,stress_random,20001,2310,2310,r_2310,1,qualified_ref,1,0,none,2404959375,2404975083,15708,3125,9458,83,6,0,random_50,0,1
1,stress_random,20001,2311,2311,r_2311,1,qualified_ref,1,0,none,2405984375,2406000083,15708,3125,9458,83,6,0,random_50,0,1
1,stress_random,20001,2312,2312,r_2312,1,qualified_ref,1,0,none,2407009375,2407025083,15708,3125,9458,83,6,0,random_50,0,1
1,stress_random,20001,2313,2313,r_2313,1,qualified_ref,1,0,none,2408034375,2408050083,15708,3125,9458,83,6,0,random_50,0,1
1,stress_random,20001,2314,2314,r_2314,1,qualified_ref,1,0,none,2409059375,2409075083,15708,3125,9458,83,6,0,random_50,0,1
1,stress_random,20001,2315,2315,r_2315,1,qualified_ref,1,0,none,2410084375,2410100083,15708,3125,9458,83,6,0,random_50,0,1
1,stress_random,20001,2316,2316,r_2316,1,qualified_ref,1,0,none,2411109375,2411125083,15708,3125,9458,83,6,0,random_50,0,1
1,stress_random,20001,2317,2317,r_2317,1,qualified_ref,1,0,none,2412134375,2412150083,15708,3125,9458,83,6,0,random_50,0,1
1,stress_random,20001,2318,2318,r_2318,1,qualified_ref,1,0,none,2413159375,2413175083,15708,3125,9458,83,6,0,random_50,0,1
1,stress_random,20001,2319,2319,r_2319,1,qualified_ref,1,0,none,2414184375,2414200083,15708,3125,9458,83,6,0,random_50,0,1
1,stress_random,20001,2320,2320,r_2320,1,qualified_ref,1,0,none,2415209375,2415225083,15708,3125,9458,83,6,0,random_50,0,1
1,stress_random,20001,2321,2321,r_2321,1,qualified_ref,1,0,none,2416234375,2416250083,15708,3125,9458,83,6,0,random_50,0,1
1,stress_random,20001,2322,2322,r_2322,1,qualified_ref,1,0,none,2417259375,2417275083,15708,3125,9458,83,6,0,random_50,0,1
1,stress_random,20001,2323,2323,r_2323,1,qualified_ref,1,0,none,2418284375,2418300083,15708,3125,9458,83,6,0,random_50,0,1
1,stress_random,20001,2324,2324,r_2324,1,qualified_ref,1,0,none,2419309375,2419325083,15708,3125,9458,83,6,0,random_50,0,1
1,stress_random,20001,2325,2325,r_2325,1,qualified_ref,1,0,none,2420334375,2420350083,15708,3125,9458,83,6,0,random_50,0,1
1,stress_random,20001,2326,2326,r_2326,1,qualified_ref,1,0,none,2421359375,2421375083,15708,3125,9458,83,6,0,random_50,0,1
1,stress_random,20001,2327,2327,r_2327,1,qualified_ref,1,0,none,2422384375,2422400083,15708,3125,9458,83,6,0,random_50,0,1
1,stress_random,20001,2328,2328,r_2328,1,qualified_ref,1,0,none,2423409375,2423425083,15708,3125,9458,83,6,0,random_50,0,1
1,stress_random,20001,2329,2329,r_2329,1,qualified_ref,1,0,none,2424434375,2424450083,15708,3125,9458,83,6,0,random_50,0,1
1,stress_random,20001,2330,2330,r_2330,1,qualified_ref,1,0,none,2425459375,2425475083,15708,3125,9458,83,6,0,random_50,0,1
1,stress_random,20001,2331,2331,r_2331,1,qualified_ref,1,0,none,2426484375,2426500083,15708,3125,9458,83,6,0,random_50,0,1
1,stress_random,20001,2332,2332,r_2332,1,qualified_ref,1,0,none,2427509375,2427525083,15708,3125,9458,83,6,0,random_50,0,1
1,stress_random,20001,2333,2333,r_2333,1,qualified_ref,1,0,none,2428534375,2428550083,15708,3125,9458,83,6,0,random_50,0,1
1,stress_random,20001,2334,2334,r_2334,1,qualified_ref,1,0,none,2429559375,2429575083,15708,3125,9458,83,6,0,random_50,0,1
1,stress_random,20001,2335,2335,r_2335,1,qualified_ref,1,0,none,2430584375,2430600083,15708,3125,9458,83,6,0,random_50,0,1
1,stress_random,20001,2336,2336,r_2336,1,qualified_ref,1,0,none,2431609375,2431625083,15708,3125,9458,83,6,0,random_50,0,1
1,stress_random,20001,2337,2337,r_2337,1,qualified_ref,1,0,none,2432634375,2432650083,15708,3125,9458,83,6,0,random_50,0,1
1,stress_random,20001,2338,2338,r_2338,1,qualified_ref,1,0,none,2433659375,2433675083,15708,3125,9458,83,6,0,random_50,0,1
1,stress_random,20001,2339,2339,r_2339,1,qualified_ref,1,0,none,2434684375,2434700083,15708,3125,9458,83,6,0,random_50,0,1
1,stress_random,20001,2340,2340,r_2340,1,qualified_ref,1,0,none,2435709375,2435725083,15708,3125,9458,83,6,0,random_50,0,1
1,stress_random,20001,2341,2341,r_2341,1,qualified_ref,1,0,none,2436734375,2436750083,15708,3125,9458,83,6,0,random_50,0,1
1,stress_random,20001,2342,2342,r_2342,1,qualified_ref,1,0,none,2437759375,2437775083,15708,3125,9458,83,6,0,random_50,0,1
1,stress_random,20001,2343,2343,r_2343,1,qualified_ref,1,0,none,2438784375,2438800083,15708,3125,9458,83,6,0,random_50,0,1
1,stress_random,20001,2344,2344,r_2344,1,qualified_ref,1,0,none,2439809375,2439825083,15708,3125,9458,83,6,0,random_50,0,1
1,stress_random,20001,2345,2345,r_2345,1,qualified_ref,1,0,none,2440834375,2440850083,15708,3125,9458,83,6,0,random_50,0,1
1,stress_random,20001,2346,2346,r_2346,1,qualified_ref,1,0,none,2441859375,2441875083,15708,3125,9458,83,6,0,random_50,0,1
1,stress_random,20001,2347,2347,r_2347,1,qualified_ref,1,0,none,2442884375,2442900083,15708,3125,9458,83,6,0,random_50,0,1
1,stress_random,20001,2348,2348,r_2348,1,qualified_ref,1,0,none,2443909375,2443925083,15708,3125,9458,83,6,0,random_50,0,1
1,stress_random,20001,2349,2349,r_2349,1,qualified_ref,1,0,none,2444934375,2444950083,15708,3125,9458,83,6,0,random_50,0,1
1,stress_random,20001,2350,2350,r_2350,1,qualified_ref,1,0,none,2445959375,2445975083,15708,3125,9458,83,6,0,random_50,0,1
1,stress_random,20001,2351,2351,r_2351,1,qualified_ref,1,0,none,2446984375,2447000083,15708,3125,9458,83,6,0,random_50,0,1
1,stress_random,20001,2352,2352,r_2352,1,qualified_ref,1,0,none,2448009375,2448025083,15708,3125,9458,83,6,0,random_50,0,1
1,stress_random,20001,2353,2353,r_2353,1,qualified_ref,1,0,none,2449034375,2449050083,15708,3125,9458,83,6,0,random_50,0,1
1,stress_random,20001,2354,2354,r_2354,1,qualified_ref,1,0,none,2450059375,2450075083,15708,3125,9458,83,6,0,random_50,0,1
1,stress_random,20001,2355,2355,r_2355,1,qualified_ref,1,0,none,2451084375,2451100083,15708,3125,9458,83,6,0,random_50,0,1
1,stress_random,20001,2356,2356,r_2356,1,qualified_ref,1,0,none,2452109375,2452125083,15708,3125,9458,83,6,0,random_50,0,1
1,stress_random,20001,2357,2357,r_2357,1,qualified_ref,1,0,none,2453134375,2453150083,15708,3125,9458,83,6,0,random_50,0,1
1,stress_random,20001,2358,2358,r_2358,1,qualified_ref,1,0,none,2454159375,2454175083,15708,3125,9458,83,6,0,random_50,0,1
1,stress_random,20001,2359,2359,r_2359,1,qualified_ref,1,0,none,2455184375,2455200083,15708,3125,9458,83,6,0,random_50,0,1
1,stress_random,20001,2360,2360,r_2360,1,qualified_ref,1,0,none,2456209375,2456225083,15708,3125,9458,83,6,0,random_50,0,1
1,stress_random,20001,2361,2361,r_2361,1,qualified_ref,1,0,none,2457234375,2457250083,15708,3125,9458,83,6,0,random_50,0,1
1,stress_random,20001,2362,2362,r_2362,1,qualified_ref,1,0,none,2458259375,2458275083,15708,3125,9458,83,6,0,random_50,0,1
1,stress_random,20001,2363,2363,r_2363,1,qualified_ref,1,0,none,2459284375,2459300083,15708,3125,9458,83,6,0,random_50,0,1
1,stress_random,20001,2364,2364,r_2364,1,qualified_ref,1,0,none,2460309375,2460325083,15708,3125,9458,83,6,0,random_50,0,1
1,stress_random,20001,2365,2365,r_2365,1,qualified_ref,1,0,none,2461334375,2461350083,15708,3125,9458,83,6,0,random_50,0,1
1,stress_random,20001,2366,2366,r_2366,1,qualified_ref,1,0,none,2462359375,2462375083,15708,3125,9458,83,6,0,random_50,0,1
1,stress_random,20001,2367,2367,r_2367,1,qualified_ref,1,0,none,2463384375,2463400083,15708,3125,9458,83,6,0,random_50,0,1
1,stress_random,20001,2368,2368,r_2368,1,qualified_ref,1,0,none,2464409375,2464425083,15708,3125,9458,83,6,0,random_50,0,1
1,stress_random,20001,2369,2369,r_2369,1,qualified_ref,1,0,none,2465434375,2465450083,15708,3125,9458,83,6,0,random_50,0,1
1,stress_random,20001,2370,2370,r_2370,1,qualified_ref,1,0,none,2466459375,2466475083,15708,3125,9458,83,6,0,random_50,0,1
1,stress_random,20001,2371,2371,r_2371,1,qualified_ref,1,0,none,2467484375,2467500083,15708,3125,9458,83,6,0,random_50,0,1
1,stress_random,20001,2372,2372,r_2372,1,qualified_ref,1,0,none,2468509375,2468525083,15708,3125,9458,83,6,0,random_50,0,1
1,stress_random,20001,2373,2373,r_2373,1,qualified_ref,1,0,none,2469534375,2469550083,15708,3125,9458,83,6,0,random_50,0,1
1,stress_random,20001,2374,2374,r_2374,1,qualified_ref,1,0,none,2470559375,2470575083,15708,3125,9458,83,6,0,random_50,0,1
1,stress_random,20001,2375,2375,r_2375,1,qualified_ref,1,0,none,2471584375,2471600083,15708,3125,9458,83,6,0,random_50,0,1
1,stress_random,20001,2376,2376,r_2376,1,qualified_ref,1,0,none,2472609375,2472625083,15708,3125,9458,83,6,0,random_50,0,1
1,stress_random,20001,2377,2377,r_2377,1,qualified_ref,1,0,none,2473634375,2473650083,15708,3125,9458,83,6,0,random_50,0,1
1,stress_random,20001,2378,2378,r_2378,1,qualified_ref,1,0,none,2474659375,2474675083,15708,3125,9458,83,6,0,random_50,0,1
1,stress_random,20001,2379,2379,r_2379,1,qualified_ref,1,0,none,2475684375,2475700083,15708,3125,9458,83,6,0,random_50,0,1
1,stress_random,20001,2380,2380,r_2380,1,qualified_ref,1,0,none,2476709375,2476725083,15708,3125,9458,83,6,0,random_50,0,1
1,stress_random,20001,2381,2381,r_2381,1,qualified_ref,1,0,none,2477734375,2477750083,15708,3125,9458,83,6,0,random_50,0,1
1,stress_random,20001,2382,2382,r_2382,1,qualified_ref,1,0,none,2478759375,2478775083,15708,3125,9458,83,6,0,random_50,0,1
1,stress_random,20001,2383,2383,r_2383,1,qualified_ref,1,0,none,2479784375,2479800083,15708,3125,9458,83,6,0,random_50,0,1
1,stress_random,20001,2384,2384,r_2384,1,qualified_ref,1,0,none,2480809375,2480825083,15708,3125,9458,83,6,0,random_50,0,1
1,stress_random,20001,2385,2385,r_2385,1,qualified_ref,1,0,none,2481834375,2481850083,15708,3125,9458,83,6,0,random_50,0,1
1,stress_random,20001,2386,2386,r_2386,1,qualified_ref,1,0,none,2482859375,2482875083,15708,3125,9458,83,6,0,random_50,0,1
1,stress_random,20001,2387,2387,r_2387,1,qualified_ref,1,0,none,2483884375,2483900083,15708,3125,9458,83,6,0,random_50,0,1
1,stress_random,20001,2388,2388,r_2388,1,qualified_ref,1,0,none,2484909375,2484925083,15708,3125,9458,83,6,0,random_50,0,1
1,stress_random,20001,2389,2389,r_2389,1,qualified_ref,1,0,none,2485934375,2485950083,15708,3125,9458,83,6,0,random_50,0,1
1,stress_random,20001,2390,2390,r_2390,1,qualified_ref,1,0,none,2486959375,2486975083,15708,3125,9458,83,6,0,random_50,0,1
1,stress_random,20001,2391,2391,r_2391,1,qualified_ref,1,0,none,2487984375,2488000083,15708,3125,9458,83,6,0,random_50,0,1
1,stress_random,20001,2392,2392,r_2392,1,qualified_ref,1,0,none,2489009375,2489025083,15708,3125,9458,83,6,0,random_50,0,1
1,stress_random,20001,2393,2393,r_2393,1,qualified_ref,1,0,none,2490034375,2490050083,15708,3125,9458,83,6,0,random_50,0,1
1,stress_random,20001,2394,2394,r_2394,1,qualified_ref,1,0,none,2491059375,2491075083,15708,3125,9458,83,6,0,random_50,0,1
1,stress_random,20001,2395,2395,r_2395,1,qualified_ref,1,0,none,2492084375,2492100083,15708,3125,9458,83,6,0,random_50,0,1
1,stress_random,20001,2396,2396,r_2396,1,qualified_ref,1,0,none,2493109375,2493125083,15708,3125,9458,83,6,0,random_50,0,1
1,stress_random,20001,2397,2397,r_2397,1,qualified_ref,1,0,none,2494134375,2494150083,15708,3125,9458,83,6,0,random_50,0,1
1,stress_random,20001,2398,2398,r_2398,1,qualified_ref,1,0,none,2495159375,2495175083,15708,3125,9458,83,6,0,random_50,0,1
1,stress_random,20001,2399,2399,r_2399,1,qualified_ref,1,0,none,2496184375,2496200083,15708,3125,9458,83,6,0,random_50,0,1
1,stress_random,20001,2400,2400,r_2400,1,qualified_ref,1,0,none,2497209375,2497225083,15708,3125,9458,83,6,0,random_50,0,1
1,stress_random,20001,2401,2401,r_2401,1,qualified_ref,1,0,none,2498234375,2498250083,15708,3125,9458,83,6,0,random_50,0,1
1,stress_random,20001,2402,2402,r_2402,1,qualified_ref,1,0,none,2499259375,2499275083,15708,3125,9458,83,6,0,random_50,0,1
1,stress_random,20001,2403,2403,r_2403,1,qualified_ref,1,0,none,2500284375,2500300083,15708,3125,9458,83,6,0,random_50,0,1
1,stress_random,20001,2404,2404,r_2404,1,qualified_ref,1,0,none,2501309375,2501325083,15708,3125,9458,83,6,0,random_50,0,1
1,stress_random,20001,2405,2405,r_2405,1,qualified_ref,1,0,none,2502334375,2502350083,15708,3125,9458,83,6,0,random_50,0,1
1,stress_random,20001,2406,2406,r_2406,1,qualified_ref,1,0,none,2503359375,2503375083,15708,3125,9458,83,6,0,random_50,0,1
1,stress_random,20001,2407,2407,r_2407,1,qualified_ref,1,0,none,2504384375,2504400083,15708,3125,9458,83,6,0,random_50,0,1
1,stress_random,20001,2408,2408,r_2408,1,qualified_ref,1,0,none,2505409375,2505425083,15708,3125,9458,83,6,0,random_50,0,1
1,stress_random,20001,2409,2409,r_2409,1,qualified_ref,1,0,none,2506434375,2506450083,15708,3125,9458,83,6,0,random_50,0,1
1,stress_random,20001,2410,2410,r_2410,1,qualified_ref,1,0,none,2507459375,2507475083,15708,3125,9458,83,6,0,random_50,0,1
1,stress_random,20001,2411,2411,r_2411,1,qualified_ref,1,0,none,2508484375,2508500083,15708,3125,9458,83,6,0,random_50,0,1
1,stress_random,20001,2412,2412,r_2412,1,qualified_ref,1,0,none,2509509375,2509525083,15708,3125,9458,83,6,0,random_50,0,1
1,stress_random,20001,2413,2413,r_2413,1,qualified_ref,1,0,none,2510534375,2510550083,15708,3125,9458,83,6,0,random_50,0,1
1,stress_random,20001,2414,2414,r_2414,1,qualified_ref,1,0,none,2511559375,2511575083,15708,3125,9458,83,6,0,random_50,0,1
1,stress_random,20001,2415,2415,r_2415,1,qualified_ref,1,0,none,2512584375,2512600083,15708,3125,9458,83,6,0,random_50,0,1
1,stress_random,20001,2416,2416,r_2416,1,qualified_ref,1,0,none,2513609375,2513625083,15708,3125,9458,83,6,0,random_50,0,1
1,stress_random,20001,2417,2417,r_2417,1,qualified_ref,1,0,none,2514634375,2514650083,15708,3125,9458,83,6,0,random_50,0,1
1,stress_random,20001,2418,2418,r_2418,1,qualified_ref,1,0,none,2515659375,2515675083,15708,3125,9458,83,6,0,random_50,0,1
1,stress_random,20001,2419,2419,r_2419,1,qualified_ref,1,0,none,2516684375,2516700083,15708,3125,9458,83,6,0,random_50,0,1
1,stress_random,20001,2420,2420,r_2420,1,qualified_ref,1,0,none,2517709375,2517725083,15708,3125,9458,83,6,0,random_50,0,1
1,stress_random,20001,2421,2421,r_2421,1,qualified_ref,1,0,none,2518734375,2518750083,15708,3125,9458,83,6,0,random_50,0,1
1,stress_random,20001,2422,2422,r_2422,1,qualified_ref,1,0,none,2519759375,2519775083,15708,3125,9458,83,6,0,random_50,0,1
1,stress_random,20001,2423,2423,r_2423,1,qualified_ref,1,0,none,2520784375,2520800083,15708,3125,9458,83,6,0,random_50,0,1
1,stress_random,20001,2424,2424,r_2424,1,qualified_ref,1,0,none,2521809375,2521825083,15708,3125,9458,83,6,0,random_50,0,1
1,stress_random,20001,2425,2425,r_2425,1,qualified_ref,1,0,none,2522834375,2522850083,15708,3125,9458,83,6,0,random_50,0,1
1,stress_random,20001,2426,2426,r_2426,1,qualified_ref,1,0,none,2523859375,2523875083,15708,3125,9458,83,6,0,random_50,0,1
1,stress_random,20001,2427,2427,r_2427,1,qualified_ref,1,0,none,2524884375,2524900083,15708,3125,9458,83,6,0,random_50,0,1
1,stress_random,20001,2428,2428,r_2428,1,qualified_ref,1,0,none,2525909375,2525925083,15708,3125,9458,83,6,0,random_50,0,1
1,stress_random,20001,2429,2429,r_2429,1,qualified_ref,1,0,none,2526934375,2526950083,15708,3125,9458,83,6,0,random_50,0,1
1,stress_random,20001,2430,2430,r_2430,1,qualified_ref,1,0,none,2527959375,2527975083,15708,3125,9458,83,6,0,random_50,0,1
1,stress_random,20001,2431,2431,r_2431,1,qualified_ref,1,0,none,2528984375,2529000083,15708,3125,9458,83,6,0,random_50,0,1
1,stress_random,20001,2432,2432,r_2432,1,qualified_ref,1,0,none,2530009375,2530025083,15708,3125,9458,83,6,0,random_50,0,1
1,stress_random,20001,2433,2433,r_2433,1,qualified_ref,1,0,none,2531034375,2531050083,15708,3125,9458,83,6,0,random_50,0,1
1,stress_random,20001,2434,2434,r_2434,1,qualified_ref,1,0,none,2532059375,2532075083,15708,3125,9458,83,6,0,random_50,0,1
1,stress_random,20001,2435,2435,r_2435,1,qualified_ref,1,0,none,2533084375,2533100083,15708,3125,9458,83,6,0,random_50,0,1
1,stress_random,20001,2436,2436,r_2436,1,qualified_ref,1,0,none,2534109375,2534125083,15708,3125,9458,83,6,0,random_50,0,1
1,stress_random,20001,2437,2437,r_2437,1,qualified_ref,1,0,none,2535134375,2535150083,15708,3125,9458,83,6,0,random_50,0,1
1,stress_random,20001,2438,2438,r_2438,1,qualified_ref,1,0,none,2536159375,2536175083,15708,3125,9458,83,6,0,random_50,0,1
1,stress_random,20001,2439,2439,r_2439,1,qualified_ref,1,0,none,2537184375,2537200083,15708,3125,9458,83,6,0,random_50,0,1
1,stress_random,20001,2440,2440,r_2440,1,qualified_ref,1,0,none,2538209375,2538225083,15708,3125,9458,83,6,0,random_50,0,1
1,stress_random,20001,2441,2441,r_2441,1,qualified_ref,1,0,none,2539234375,2539250083,15708,3125,9458,83,6,0,random_50,0,1
1,stress_random,20001,2442,2442,r_2442,1,qualified_ref,1,0,none,2540259375,2540275083,15708,3125,9458,83,6,0,random_50,0,1
1,stress_random,20001,2443,2443,r_2443,1,qualified_ref,1,0,none,2541284375,2541300083,15708,3125,9458,83,6,0,random_50,0,1
1,stress_random,20001,2444,2444,r_2444,1,qualified_ref,1,0,none,2542309375,2542325083,15708,3125,9458,83,6,0,random_50,0,1
1,stress_random,20001,2445,2445,r_2445,1,qualified_ref,1,0,none,2543334375,2543350083,15708,3125,9458,83,6,0,random_50,0,1
1,stress_random,20001,2446,2446,r_2446,1,qualified_ref,1,0,none,2544359375,2544375083,15708,3125,9458,83,6,0,random_50,0,1
1,stress_random,20001,2447,2447,r_2447,1,qualified_ref,1,0,none,2545384375,2545400083,15708,3125,9458,83,6,0,random_50,0,1
1,stress_random,20001,2448,2448,r_2448,1,qualified_ref,1,0,none,2546409375,2546425083,15708,3125,9458,83,6,0,random_50,0,1
1,stress_random,20001,2449,2449,r_2449,1,qualified_ref,1,0,none,2547434375,2547450083,15708,3125,9458,83,6,0,random_50,0,1
1,stress_random,20001,2450,2450,r_2450,1,qualified_ref,1,0,none,2548459375,2548475083,15708,3125,9458,83,6,0,random_50,0,1
1,stress_random,20001,2451,2451,r_2451,1,qualified_ref,1,0,none,2549484375,2549500083,15708,3125,9458,83,6,0,random_50,0,1
1,stress_random,20001,2452,2452,r_2452,1,qualified_ref,1,0,none,2550509375,2550525083,15708,3125,9458,83,6,0,random_50,0,1
1,stress_random,20001,2453,2453,r_2453,1,qualified_ref,1,0,none,2551534375,2551550083,15708,3125,9458,83,6,0,random_50,0,1
1,stress_random,20001,2454,2454,r_2454,1,qualified_ref,1,0,none,2552559375,2552575083,15708,3125,9458,83,6,0,random_50,0,1
1,stress_random,20001,2455,2455,r_2455,1,qualified_ref,1,0,none,2553584375,2553600083,15708,3125,9458,83,6,0,random_50,0,1
1,stress_random,20001,2456,2456,r_2456,1,qualified_ref,1,0,none,2554609375,2554625083,15708,3125,9458,83,6,0,random_50,0,1
1,stress_random,20001,2457,2457,r_2457,1,qualified_ref,1,0,none,2555634375,2555650083,15708,3125,9458,83,6,0,random_50,0,1
1,stress_random,20001,2458,2458,r_2458,1,qualified_ref,1,0,none,2556659375,2556675083,15708,3125,9458,83,6,0,random_50,0,1
1,stress_random,20001,2459,2459,r_2459,1,qualified_ref,1,0,none,2557684375,2557700083,15708,3125,9458,83,6,0,random_50,0,1
1,stress_random,20001,2460,2460,r_2460,1,qualified_ref,1,0,none,2558709375,2558725083,15708,3125,9458,83,6,0,random_50,0,1
1,stress_random,20001,2461,2461,r_2461,1,qualified_ref,1,0,none,2559734375,2559750083,15708,3125,9458,83,6,0,random_50,0,1
1,stress_random,20001,2462,2462,r_2462,1,qualified_ref,1,0,none,2560759375,2560775083,15708,3125,9458,83,6,0,random_50,0,1
1,stress_random,20001,2463,2463,r_2463,1,qualified_ref,1,0,none,2561784375,2561800083,15708,3125,9458,83,6,0,random_50,0,1
1,stress_random,20001,2464,2464,r_2464,1,qualified_ref,1,0,none,2562809375,2562825083,15708,3125,9458,83,6,0,random_50,0,1
1,stress_random,20001,2465,2465,r_2465,1,qualified_ref,1,0,none,2563834375,2563850083,15708,3125,9458,83,6,0,random_50,0,1
1,stress_random,20001,2466,2466,r_2466,1,qualified_ref,1,0,none,2564859375,2564875083,15708,3125,9458,83,6,0,random_50,0,1
1,stress_random,20001,2467,2467,r_2467,1,qualified_ref,1,0,none,2565884375,2565900083,15708,3125,9458,83,6,0,random_50,0,1
1,stress_random,20001,2468,2468,r_2468,1,qualified_ref,1,0,none,2566909375,2566925083,15708,3125,9458,83,6,0,random_50,0,1
1,stress_random,20001,2469,2469,r_2469,1,qualified_ref,1,0,none,2567934375,2567950083,15708,3125,9458,83,6,0,random_50,0,1
1,stress_random,20001,2470,2470,r_2470,1,qualified_ref,1,0,none,2568959375,2568975083,15708,3125,9458,83,6,0,random_50,0,1
1,stress_random,20001,2471,2471,r_2471,1,qualified_ref,1,0,none,2569984375,2570000083,15708,3125,9458,83,6,0,random_50,0,1
1,stress_random,20001,2472,2472,r_2472,1,qualified_ref,1,0,none,2571009375,2571025083,15708,3125,9458,83,6,0,random_50,0,1
1,stress_random,20001,2473,2473,r_2473,1,qualified_ref,1,0,none,2572034375,2572050083,15708,3125,9458,83,6,0,random_50,0,1
1,stress_random,20001,2474,2474,r_2474,1,qualified_ref,1,0,none,2573059375,2573075083,15708,3125,9458,83,6,0,random_50,0,1
1,stress_random,20001,2475,2475,r_2475,1,qualified_ref,1,0,none,2574084375,2574100083,15708,3125,9458,83,6,0,random_50,0,1
1,stress_random,20001,2476,2476,r_2476,1,qualified_ref,1,0,none,2575109375,2575125083,15708,3125,9458,83,6,0,random_50,0,1
1,stress_random,20001,2477,2477,r_2477,1,qualified_ref,1,0,none,2576134375,2576150083,15708,3125,9458,83,6,0,random_50,0,1
1,stress_random,20001,2478,2478,r_2478,1,qualified_ref,1,0,none,2577159375,2577175083,15708,3125,9458,83,6,0,random_50,0,1
1,stress_random,20001,2479,2479,r_2479,1,qualified_ref,1,0,none,2578184375,2578200083,15708,3125,9458,83,6,0,random_50,0,1
1,stress_random,20001,2480,2480,r_2480,1,qualified_ref,1,0,none,2579209375,2579225083,15708,3125,9458,83,6,0,random_50,0,1
1,stress_random,20001,2481,2481,r_2481,1,qualified_ref,1,0,none,2580234375,2580250083,15708,3125,9458,83,6,0,random_50,0,1
1,stress_random,20001,2482,2482,r_2482,1,qualified_ref,1,0,none,2581259375,2581275083,15708,3125,9458,83,6,0,random_50,0,1
1,stress_random,20001,2483,2483,r_2483,1,qualified_ref,1,0,none,2582284375,2582300083,15708,3125,9458,83,6,0,random_50,0,1
1,stress_random,20001,2484,2484,r_2484,1,qualified_ref,1,0,none,2583309375,2583325083,15708,3125,9458,83,6,0,random_50,0,1
1,stress_random,20001,2485,2485,r_2485,1,qualified_ref,1,0,none,2584334375,2584350083,15708,3125,9458,83,6,0,random_50,0,1
1,stress_random,20001,2486,2486,r_2486,1,qualified_ref,1,0,none,2585359375,2585375083,15708,3125,9458,83,6,0,random_50,0,1
1,stress_random,20001,2487,2487,r_2487,1,qualified_ref,1,0,none,2586384375,2586400083,15708,3125,9458,83,6,0,random_50,0,1
1,stress_random,20001,2488,2488,r_2488,1,qualified_ref,1,0,none,2587409375,2587425083,15708,3125,9458,83,6,0,random_50,0,1
1,stress_random,20001,2489,2489,r_2489,1,qualified_ref,1,0,none,2588434375,2588450083,15708,3125,9458,83,6,0,random_50,0,1
1,stress_random,20001,2490,2490,r_2490,1,qualified_ref,1,0,none,2589459375,2589475083,15708,3125,9458,83,6,0,random_50,0,1
1,stress_random,20001,2491,2491,r_2491,1,qualified_ref,1,0,none,2590484375,2590500083,15708,3125,9458,83,6,0,random_50,0,1
1,stress_random,20001,2492,2492,r_2492,1,qualified_ref,1,0,none,2591509375,2591525083,15708,3125,9458,83,6,0,random_50,0,1
1,stress_random,20001,2493,2493,r_2493,1,qualified_ref,1,0,none,2592534375,2592550083,15708,3125,9458,83,6,0,random_50,0,1
1,stress_random,20001,2494,2494,r_2494,1,qualified_ref,1,0,none,2593559375,2593575083,15708,3125,9458,83,6,0,random_50,0,1
1,stress_random,20001,2495,2495,r_2495,1,qualified_ref,1,0,none,2594584375,2594600083,15708,3125,9458,83,6,0,random_50,0,1
1,stress_random,20001,2496,2496,r_2496,1,qualified_ref,1,0,none,2595609375,2595625083,15708,3125,9458,83,6,0,random_50,0,1
1,stress_random,20001,2497,2497,r_2497,1,qualified_ref,1,0,none,2596634375,2596650083,15708,3125,9458,83,6,0,random_50,0,1
1,stress_random,20001,2498,2498,r_2498,1,qualified_ref,1,0,none,2597659375,2597675083,15708,3125,9458,83,6,0,random_50,0,1
1,stress_random,20001,2499,2499,r_2499,1,qualified_ref,1,0,none,2598684375,2598700083,15708,3125,9458,83,6,0,random_50,0,1
1,stress_random,20001,2500,2500,r_2500,0,qualified_ref,1,0,none,2603809375,2603825083,15708,3125,9458,83,9,0,random_50,0,1
1,stress_random,20001,2501,2501,r_2501,0,qualified_ref,1,0,none,2604834375,2604850083,15708,3125,9458,83,9,0,random_50,0,1
1,stress_random,20001,2502,2502,r_2502,0,qualified_ref,1,0,none,2605859375,2605875083,15708,3125,9458,83,9,0,random_50,0,1
1,stress_random,20001,2503,2503,r_2503,0,qualified_ref,1,0,none,2606884375,2606900083,15708,3125,9458,83,9,0,random_50,0,1
1,stress_random,20001,2504,2504,r_2504,0,qualified_ref,1,0,none,2607909375,2607925083,15708,3125,9458,83,9,0,random_50,0,1
1,stress_random,20001,2505,2505,r_2505,0,qualified_ref,1,0,none,2608934375,2608950083,15708,3125,9458,83,9,0,random_50,0,1
1,stress_random,20001,2506,2506,r_2506,0,qualified_ref,1,0,none,2609959375,2609975083,15708,3125,9458,83,9,0,random_50,0,1
1,stress_random,20001,2507,2507,r_2507,0,qualified_ref,1,0,none,2610984375,2611000083,15708,3125,9458,83,9,0,random_50,0,1
1,stress_random,20001,2508,2508,r_2508,0,qualified_ref,1,0,none,2612009375,2612025083,15708,3125,9458,83,9,0,random_50,0,1
1,stress_random,20001,2509,2509,r_2509,0,qualified_ref,1,0,none,2613034375,2613050083,15708,3125,9458,83,9,0,random_50,0,1
1,stress_random,20001,2510,2510,r_2510,0,qualified_ref,1,0,none,2614059375,2614075083,15708,3125,9458,83,9,0,random_50,0,1
1,stress_random,20001,2511,2511,r_2511,0,qualified_ref,1,0,none,2615084375,2615100083,15708,3125,9458,83,9,0,random_50,0,1
1,stress_random,20001,2512,2512,r_2512,0,qualified_ref,1,0,none,2616109375,2616125083,15708,3125,9458,83,9,0,random_50,0,1
1,stress_random,20001,2513,2513,r_2513,0,qualified_ref,1,0,none,2617134375,2617150083,15708,3125,9458,83,9,0,random_50,0,1
1,stress_random,20001,2514,2514,r_2514,0,qualified_ref,1,0,none,2618159375,2618175083,15708,3125,9458,83,9,0,random_50,0,1
1,stress_random,20001,2515,2515,r_2515,0,qualified_ref,1,0,none,2619184375,2619200083,15708,3125,9458,83,9,0,random_50,0,1
1,stress_random,20001,2516,2516,r_2516,0,qualified_ref,1,0,none,2620209375,2620225083,15708,3125,9458,83,9,0,random_50,0,1
1,stress_random,20001,2517,2517,r_2517,0,qualified_ref,1,0,none,2621234375,2621250083,15708,3125,9458,83,9,0,random_50,0,1
1,stress_random,20001,2518,2518,r_2518,0,qualified_ref,1,0,none,2622259375,2622275083,15708,3125,9458,83,9,0,random_50,0,1
1,stress_random,20001,2519,2519,r_2519,0,qualified_ref,1,0,none,2623284375,2623300083,15708,3125,9458,83,9,0,random_50,0,1
1,stress_random,20001,2520,2520,r_2520,0,qualified_ref,1,0,none,2624309375,2624325083,15708,3125,9458,83,9,0,random_50,0,1
1,stress_random,20001,2521,2521,r_2521,0,qualified_ref,1,0,none,2625334375,2625350083,15708,3125,9458,83,9,0,random_50,0,1
1,stress_random,20001,2522,2522,r_2522,0,qualified_ref,1,0,none,2626359375,2626375083,15708,3125,9458,83,9,0,random_50,0,1
1,stress_random,20001,2523,2523,r_2523,0,qualified_ref,1,0,none,2627384375,2627400083,15708,3125,9458,83,9,0,random_50,0,1
1,stress_random,20001,2524,2524,r_2524,0,qualified_ref,1,0,none,2628409375,2628425083,15708,3125,9458,83,9,0,random_50,0,1
1,stress_random,20001,2525,2525,r_2525,0,qualified_ref,1,0,none,2629434375,2629450083,15708,3125,9458,83,9,0,random_50,0,1
1,stress_random,20001,2526,2526,r_2526,0,qualified_ref,1,0,none,2630459375,2630475083,15708,3125,9458,83,9,0,random_50,0,1
1,stress_random,20001,2527,2527,r_2527,0,qualified_ref,1,0,none,2631484375,2631500083,15708,3125,9458,83,9,0,random_50,0,1
1,stress_random,20001,2528,2528,r_2528,0,qualified_ref,1,0,none,2632509375,2632525083,15708,3125,9458,83,9,0,random_50,0,1
1,stress_random,20001,2529,2529,r_2529,0,qualified_ref,1,0,none,2633534375,2633550083,15708,3125,9458,83,9,0,random_50,0,1
1,stress_random,20001,2530,2530,r_2530,0,qualified_ref,1,0,none,2634559375,2634575083,15708,3125,9458,83,9,0,random_50,0,1
1,stress_random,20001,2531,2531,r_2531,0,qualified_ref,1,0,none,2635584375,2635600083,15708,3125,9458,83,9,0,random_50,0,1
1,stress_random,20001,2532,2532,r_2532,0,qualified_ref,1,0,none,2636609375,2636625083,15708,3125,9458,83,9,0,random_50,0,1
1,stress_random,20001,2533,2533,r_2533,0,qualified_ref,1,0,none,2637634375,2637650083,15708,3125,9458,83,9,0,random_50,0,1
1,stress_random,20001,2534,2534,r_2534,0,qualified_ref,1,0,none,2638659375,2638675083,15708,3125,9458,83,9,0,random_50,0,1
1,stress_random,20001,2535,2535,r_2535,0,qualified_ref,1,0,none,2639684375,2639700083,15708,3125,9458,83,9,0,random_50,0,1
1,stress_random,20001,2536,2536,r_2536,0,qualified_ref,1,0,none,2640709375,2640725083,15708,3125,9458,83,9,0,random_50,0,1
1,stress_random,20001,2537,2537,r_2537,0,qualified_ref,1,0,none,2641734375,2641750083,15708,3125,9458,83,9,0,random_50,0,1
1,stress_random,20001,2538,2538,r_2538,0,qualified_ref,1,0,none,2642759375,2642775083,15708,3125,9458,83,9,0,random_50,0,1
1,stress_random,20001,2539,2539,r_2539,0,qualified_ref,1,0,none,2643784375,2643800083,15708,3125,9458,83,9,0,random_50,0,1
1,stress_random,20001,2540,2540,r_2540,0,qualified_ref,1,0,none,2644809375,2644825083,15708,3125,9458,83,9,0,random_50,0,1
1,stress_random,20001,2541,2541,r_2541,0,qualified_ref,1,0,none,2645834375,2645850083,15708,3125,9458,83,9,0,random_50,0,1
1,stress_random,20001,2542,2542,r_2542,0,qualified_ref,1,0,none,2646859375,2646875083,15708,3125,9458,83,9,0,random_50,0,1
1,stress_random,20001,2543,2543,r_2543,0,qualified_ref,1,0,none,2647884375,2647900083,15708,3125,9458,83,9,0,random_50,0,1
1,stress_random,20001,2544,2544,r_2544,0,qualified_ref,1,0,none,2648909375,2648925083,15708,3125,9458,83,9,0,random_50,0,1
1,stress_random,20001,2545,2545,r_2545,0,qualified_ref,1,0,none,2649934375,2649950083,15708,3125,9458,83,9,0,random_50,0,1
1,stress_random,20001,2546,2546,r_2546,0,qualified_ref,1,0,none,2650959375,2650975083,15708,3125,9458,83,9,0,random_50,0,1
1,stress_random,20001,2547,2547,r_2547,0,qualified_ref,1,0,none,2651984375,2652000083,15708,3125,9458,83,9,0,random_50,0,1
1,stress_random,20001,2548,2548,r_2548,0,qualified_ref,1,0,none,2653009375,2653025083,15708,3125,9458,83,9,0,random_50,0,1
1,stress_random,20001,2549,2549,r_2549,0,qualified_ref,1,0,none,2654034375,2654050083,15708,3125,9458,83,9,0,random_50,0,1
1,stress_random,20001,2550,2550,r_2550,0,qualified_ref,1,0,none,2655059375,2655075083,15708,3125,9458,83,9,0,random_50,0,1
1,stress_random,20001,2551,2551,r_2551,0,qualified_ref,1,0,none,2656084375,2656100083,15708,3125,9458,83,9,0,random_50,0,1
1,stress_random,20001,2552,2552,r_2552,0,qualified_ref,1,0,none,2657109375,2657125083,15708,3125,9458,83,9,0,random_50,0,1
1,stress_random,20001,2553,2553,r_2553,0,qualified_ref,1,0,none,2658134375,2658150083,15708,3125,9458,83,9,0,random_50,0,1
1,stress_random,20001,2554,2554,r_2554,0,qualified_ref,1,0,none,2659159375,2659175083,15708,3125,9458,83,9,0,random_50,0,1
1,stress_random,20001,2555,2555,r_2555,0,qualified_ref,1,0,none,2660184375,2660200083,15708,3125,9458,83,9,0,random_50,0,1
1,stress_random,20001,2556,2556,r_2556,0,qualified_ref,1,0,none,2661209375,2661225083,15708,3125,9458,83,9,0,random_50,0,1
1,stress_random,20001,2557,2557,r_2557,0,qualified_ref,1,0,none,2662234375,2662250083,15708,3125,9458,83,9,0,random_50,0,1
1,stress_random,20001,2558,2558,r_2558,0,qualified_ref,1,0,none,2663259375,2663275083,15708,3125,9458,83,9,0,random_50,0,1
1,stress_random,20001,2559,2559,r_2559,0,qualified_ref,1,0,none,2664284375,2664300083,15708,3125,9458,83,9,0,random_50,0,1
1,stress_random,20001,2560,2560,r_2560,0,qualified_ref,1,0,none,2665309375,2665325083,15708,3125,9458,83,9,0,random_50,0,1
1,stress_random,20001,2561,2561,r_2561,0,qualified_ref,1,0,none,2666334375,2666350083,15708,3125,9458,83,9,0,random_50,0,1
1,stress_random,20001,2562,2562,r_2562,0,qualified_ref,1,0,none,2667359375,2667375083,15708,3125,9458,83,9,0,random_50,0,1
1,stress_random,20001,2563,2563,r_2563,0,qualified_ref,1,0,none,2668384375,2668400083,15708,3125,9458,83,9,0,random_50,0,1
1,stress_random,20001,2564,2564,r_2564,0,qualified_ref,1,0,none,2669409375,2669425083,15708,3125,9458,83,9,0,random_50,0,1
1,stress_random,20001,2565,2565,r_2565,0,qualified_ref,1,0,none,2670434375,2670450083,15708,3125,9458,83,9,0,random_50,0,1
1,stress_random,20001,2566,2566,r_2566,0,qualified_ref,1,0,none,2671459375,2671475083,15708,3125,9458,83,9,0,random_50,0,1
1,stress_random,20001,2567,2567,r_2567,0,qualified_ref,1,0,none,2672484375,2672500083,15708,3125,9458,83,9,0,random_50,0,1
1,stress_random,20001,2568,2568,r_2568,0,qualified_ref,1,0,none,2673509375,2673525083,15708,3125,9458,83,9,0,random_50,0,1
1,stress_random,20001,2569,2569,r_2569,0,qualified_ref,1,0,none,2674534375,2674550083,15708,3125,9458,83,9,0,random_50,0,1
1,stress_random,20001,2570,2570,r_2570,0,qualified_ref,1,0,none,2675559375,2675575083,15708,3125,9458,83,9,0,random_50,0,1
1,stress_random,20001,2571,2571,r_2571,0,qualified_ref,1,0,none,2676584375,2676600083,15708,3125,9458,83,9,0,random_50,0,1
1,stress_random,20001,2572,2572,r_2572,0,qualified_ref,1,0,none,2677609375,2677625083,15708,3125,9458,83,9,0,random_50,0,1
1,stress_random,20001,2573,2573,r_2573,0,qualified_ref,1,0,none,2678634375,2678650083,15708,3125,9458,83,9,0,random_50,0,1
1,stress_random,20001,2574,2574,r_2574,0,qualified_ref,1,0,none,2679659375,2679675083,15708,3125,9458,83,9,0,random_50,0,1
1,stress_random,20001,2575,2575,r_2575,0,qualified_ref,1,0,none,2680684375,2680700083,15708,3125,9458,83,9,0,random_50,0,1
1,stress_random,20001,2576,2576,r_2576,0,qualified_ref,1,0,none,2681709375,2681725083,15708,3125,9458,83,9,0,random_50,0,1
1,stress_random,20001,2577,2577,r_2577,0,qualified_ref,1,0,none,2682734375,2682750083,15708,3125,9458,83,9,0,random_50,0,1
1,stress_random,20001,2578,2578,r_2578,0,qualified_ref,1,0,none,2683759375,2683775083,15708,3125,9458,83,9,0,random_50,0,1
1,stress_random,20001,2579,2579,r_2579,0,qualified_ref,1,0,none,2684784375,2684800083,15708,3125,9458,83,9,0,random_50,0,1
1,stress_random,20001,2580,2580,r_2580,0,qualified_ref,1,0,none,2685809375,2685825083,15708,3125,9458,83,9,0,random_50,0,1
1,stress_random,20001,2581,2581,r_2581,0,qualified_ref,1,0,none,2686834375,2686850083,15708,3125,9458,83,9,0,random_50,0,1
1,stress_random,20001,2582,2582,r_2582,0,qualified_ref,1,0,none,2687859375,2687875083,15708,3125,9458,83,9,0,random_50,0,1
1,stress_random,20001,2583,2583,r_2583,0,qualified_ref,1,0,none,2688884375,2688900083,15708,3125,9458,83,9,0,random_50,0,1
1,stress_random,20001,2584,2584,r_2584,0,qualified_ref,1,0,none,2689909375,2689925083,15708,3125,9458,83,9,0,random_50,0,1
1,stress_random,20001,2585,2585,r_2585,0,qualified_ref,1,0,none,2690934375,2690950083,15708,3125,9458,83,9,0,random_50,0,1
1,stress_random,20001,2586,2586,r_2586,0,qualified_ref,1,0,none,2691959375,2691975083,15708,3125,9458,83,9,0,random_50,0,1
1,stress_random,20001,2587,2587,r_2587,0,qualified_ref,1,0,none,2692984375,2693000083,15708,3125,9458,83,9,0,random_50,0,1
1,stress_random,20001,2588,2588,r_2588,0,qualified_ref,1,0,none,2694009375,2694025083,15708,3125,9458,83,9,0,random_50,0,1
1,stress_random,20001,2589,2589,r_2589,0,qualified_ref,1,0,none,2695034375,2695050083,15708,3125,9458,83,9,0,random_50,0,1
1,stress_random,20001,2590,2590,r_2590,0,qualified_ref,1,0,none,2696059375,2696075083,15708,3125,9458,83,9,0,random_50,0,1
1,stress_random,20001,2591,2591,r_2591,0,qualified_ref,1,0,none,2697084375,2697100083,15708,3125,9458,83,9,0,random_50,0,1
1,stress_random,20001,2592,2592,r_2592,0,qualified_ref,1,0,none,2698109375,2698125083,15708,3125,9458,83,9,0,random_50,0,1
1,stress_random,20001,2593,2593,r_2593,0,qualified_ref,1,0,none,2699134375,2699150083,15708,3125,9458,83,9,0,random_50,0,1
1,stress_random,20001,2594,2594,r_2594,0,qualified_ref,1,0,none,2700159375,2700175083,15708,3125,9458,83,9,0,random_50,0,1
1,stress_random,20001,2595,2595,r_2595,0,qualified_ref,1,0,none,2701184375,2701200083,15708,3125,9458,83,9,0,random_50,0,1
1,stress_random,20001,2596,2596,r_2596,0,qualified_ref,1,0,none,2702209375,2702225083,15708,3125,9458,83,9,0,random_50,0,1
1,stress_random,20001,2597,2597,r_2597,0,qualified_ref,1,0,none,2703234375,2703250083,15708,3125,9458,83,9,0,random_50,0,1
1,stress_random,20001,2598,2598,r_2598,0,qualified_ref,1,0,none,2704259375,2704275083,15708,3125,9458,83,9,0,random_50,0,1
1,stress_random,20001,2599,2599,r_2599,0,qualified_ref,1,0,none,2705284375,2705300083,15708,3125,9458,83,9,0,random_50,0,1
1,stress_random,20001,2600,2600,r_2600,0,qualified_ref,1,0,none,2706309375,2706325083,15708,3125,9458,83,9,0,random_50,0,1
1,stress_random,20001,2601,2601,r_2601,0,qualified_ref,1,0,none,2707334375,2707350083,15708,3125,9458,83,9,0,random_50,0,1
1,stress_random,20001,2602,2602,r_2602,0,qualified_ref,1,0,none,2708359375,2708375083,15708,3125,9458,83,9,0,random_50,0,1
1,stress_random,20001,2603,2603,r_2603,0,qualified_ref,1,0,none,2709384375,2709400083,15708,3125,9458,83,9,0,random_50,0,1
1,stress_random,20001,2604,2604,r_2604,0,qualified_ref,1,0,none,2710409375,2710425083,15708,3125,9458,83,9,0,random_50,0,1
1,stress_random,20001,2605,2605,r_2605,0,qualified_ref,1,0,none,2711434375,2711450083,15708,3125,9458,83,9,0,random_50,0,1
1,stress_random,20001,2606,2606,r_2606,0,qualified_ref,1,0,none,2712459375,2712475083,15708,3125,9458,83,9,0,random_50,0,1
1,stress_random,20001,2607,2607,r_2607,0,qualified_ref,1,0,none,2713484375,2713500083,15708,3125,9458,83,9,0,random_50,0,1
1,stress_random,20001,2608,2608,r_2608,0,qualified_ref,1,0,none,2714509375,2714525083,15708,3125,9458,83,9,0,random_50,0,1
1,stress_random,20001,2609,2609,r_2609,0,qualified_ref,1,0,none,2715534375,2715550083,15708,3125,9458,83,9,0,random_50,0,1
1,stress_random,20001,2610,2610,r_2610,0,qualified_ref,1,0,none,2716559375,2716575083,15708,3125,9458,83,9,0,random_50,0,1
1,stress_random,20001,2611,2611,r_2611,0,qualified_ref,1,0,none,2717584375,2717600083,15708,3125,9458,83,9,0,random_50,0,1
1,stress_random,20001,2612,2612,r_2612,0,qualified_ref,1,0,none,2718609375,2718625083,15708,3125,9458,83,9,0,random_50,0,1
1,stress_random,20001,2613,2613,r_2613,0,qualified_ref,1,0,none,2719634375,2719650083,15708,3125,9458,83,9,0,random_50,0,1
1,stress_random,20001,2614,2614,r_2614,0,qualified_ref,1,0,none,2720659375,2720675083,15708,3125,9458,83,9,0,random_50,0,1
1,stress_random,20001,2615,2615,r_2615,0,qualified_ref,1,0,none,2721684375,2721700083,15708,3125,9458,83,9,0,random_50,0,1
1,stress_random,20001,2616,2616,r_2616,0,qualified_ref,1,0,none,2722709375,2722725083,15708,3125,9458,83,9,0,random_50,0,1
1,stress_random,20001,2617,2617,r_2617,0,qualified_ref,1,0,none,2723734375,2723750083,15708,3125,9458,83,9,0,random_50,0,1
1,stress_random,20001,2618,2618,r_2618,0,qualified_ref,1,0,none,2724759375,2724775083,15708,3125,9458,83,9,0,random_50,0,1
1,stress_random,20001,2619,2619,r_2619,0,qualified_ref,1,0,none,2725784375,2725800083,15708,3125,9458,83,9,0,random_50,0,1
1,stress_random,20001,2620,2620,r_2620,0,qualified_ref,1,0,none,2726809375,2726825083,15708,3125,9458,83,9,0,random_50,0,1
1,stress_random,20001,2621,2621,r_2621,0,qualified_ref,1,0,none,2727834375,2727850083,15708,3125,9458,83,9,0,random_50,0,1
1,stress_random,20001,2622,2622,r_2622,0,qualified_ref,1,0,none,2728859375,2728875083,15708,3125,9458,83,9,0,random_50,0,1
1,stress_random,20001,2623,2623,r_2623,0,qualified_ref,1,0,none,2729884375,2729900083,15708,3125,9458,83,9,0,random_50,0,1
1,stress_random,20001,2624,2624,r_2624,0,qualified_ref,1,0,none,2730909375,2730925083,15708,3125,9458,83,9,0,random_50,0,1
1,stress_random,20001,2625,2625,r_2625,0,qualified_ref,1,0,none,2731934375,2731950083,15708,3125,9458,83,9,0,random_50,0,1
1,stress_random,20001,2626,2626,r_2626,0,qualified_ref,1,0,none,2732959375,2732975083,15708,3125,9458,83,9,0,random_50,0,1
1,stress_random,20001,2627,2627,r_2627,0,qualified_ref,1,0,none,2733984375,2734000083,15708,3125,9458,83,9,0,random_50,0,1
1,stress_random,20001,2628,2628,r_2628,0,qualified_ref,1,0,none,2735009375,2735025083,15708,3125,9458,83,9,0,random_50,0,1
1,stress_random,20001,2629,2629,r_2629,0,qualified_ref,1,0,none,2736034375,2736050083,15708,3125,9458,83,9,0,random_50,0,1
1,stress_random,20001,2630,2630,r_2630,0,qualified_ref,1,0,none,2737059375,2737075083,15708,3125,9458,83,9,0,random_50,0,1
1,stress_random,20001,2631,2631,r_2631,0,qualified_ref,1,0,none,2738084375,2738100083,15708,3125,9458,83,9,0,random_50,0,1
1,stress_random,20001,2632,2632,r_2632,0,qualified_ref,1,0,none,2739109375,2739125083,15708,3125,9458,83,9,0,random_50,0,1
1,stress_random,20001,2633,2633,r_2633,0,qualified_ref,1,0,none,2740134375,2740150083,15708,3125,9458,83,9,0,random_50,0,1
1,stress_random,20001,2634,2634,r_2634,0,qualified_ref,1,0,none,2741159375,2741175083,15708,3125,9458,83,9,0,random_50,0,1
1,stress_random,20001,2635,2635,r_2635,0,qualified_ref,1,0,none,2742184375,2742200083,15708,3125,9458,83,9,0,random_50,0,1
1,stress_random,20001,2636,2636,r_2636,0,qualified_ref,1,0,none,2743209375,2743225083,15708,3125,9458,83,9,0,random_50,0,1
1,stress_random,20001,2637,2637,r_2637,0,qualified_ref,1,0,none,2744234375,2744250083,15708,3125,9458,83,9,0,random_50,0,1
1,stress_random,20001,2638,2638,r_2638,0,qualified_ref,1,0,none,2745259375,2745275083,15708,3125,9458,83,9,0,random_50,0,1
1,stress_random,20001,2639,2639,r_2639,0,qualified_ref,1,0,none,2746284375,2746300083,15708,3125,9458,83,9,0,random_50,0,1
1,stress_random,20001,2640,2640,r_2640,0,qualified_ref,1,0,none,2747309375,2747325083,15708,3125,9458,83,9,0,random_50,0,1
1,stress_random,20001,2641,2641,r_2641,0,qualified_ref,1,0,none,2748334375,2748350083,15708,3125,9458,83,9,0,random_50,0,1
1,stress_random,20001,2642,2642,r_2642,0,qualified_ref,1,0,none,2749359375,2749375083,15708,3125,9458,83,9,0,random_50,0,1
1,stress_random,20001,2643,2643,r_2643,0,qualified_ref,1,0,none,2750384375,2750400083,15708,3125,9458,83,9,0,random_50,0,1
1,stress_random,20001,2644,2644,r_2644,0,qualified_ref,1,0,none,2751409375,2751425083,15708,3125,9458,83,9,0,random_50,0,1
1,stress_random,20001,2645,2645,r_2645,0,qualified_ref,1,0,none,2752434375,2752450083,15708,3125,9458,83,9,0,random_50,0,1
1,stress_random,20001,2646,2646,r_2646,0,qualified_ref,1,0,none,2753459375,2753475083,15708,3125,9458,83,9,0,random_50,0,1
1,stress_random,20001,2647,2647,r_2647,0,qualified_ref,1,0,none,2754484375,2754500083,15708,3125,9458,83,9,0,random_50,0,1
1,stress_random,20001,2648,2648,r_2648,0,qualified_ref,1,0,none,2755509375,2755525083,15708,3125,9458,83,9,0,random_50,0,1
1,stress_random,20001,2649,2649,r_2649,0,qualified_ref,1,0,none,2756534375,2756550083,15708,3125,9458,83,9,0,random_50,0,1
1,stress_random,20001,2650,2650,r_2650,0,qualified_ref,1,0,none,2757559375,2757575083,15708,3125,9458,83,9,0,random_50,0,1
1,stress_random,20001,2651,2651,r_2651,0,qualified_ref,1,0,none,2758584375,2758600083,15708,3125,9458,83,9,0,random_50,0,1
1,stress_random,20001,2652,2652,r_2652,0,qualified_ref,1,0,none,2759609375,2759625083,15708,3125,9458,83,9,0,random_50,0,1
1,stress_random,20001,2653,2653,r_2653,0,qualified_ref,1,0,none,2760634375,2760650083,15708,3125,9458,83,9,0,random_50,0,1
1,stress_random,20001,2654,2654,r_2654,0,qualified_ref,1,0,none,2761659375,2761675083,15708,3125,9458,83,9,0,random_50,0,1
1,stress_random,20001,2655,2655,r_2655,0,qualified_ref,1,0,none,2762684375,2762700083,15708,3125,9458,83,9,0,random_50,0,1
1,stress_random,20001,2656,2656,r_2656,0,qualified_ref,1,0,none,2763709375,2763725083,15708,3125,9458,83,9,0,random_50,0,1
1,stress_random,20001,2657,2657,r_2657,0,qualified_ref,1,0,none,2764734375,2764750083,15708,3125,9458,83,9,0,random_50,0,1
1,stress_random,20001,2658,2658,r_2658,0,qualified_ref,1,0,none,2765759375,2765775083,15708,3125,9458,83,9,0,random_50,0,1
1,stress_random,20001,2659,2659,r_2659,0,qualified_ref,1,0,none,2766784375,2766800083,15708,3125,9458,83,9,0,random_50,0,1
1,stress_random,20001,2660,2660,r_2660,0,qualified_ref,1,0,none,2767809375,2767825083,15708,3125,9458,83,9,0,random_50,0,1
1,stress_random,20001,2661,2661,r_2661,0,qualified_ref,1,0,none,2768834375,2768850083,15708,3125,9458,83,9,0,random_50,0,1
1,stress_random,20001,2662,2662,r_2662,0,qualified_ref,1,0,none,2769859375,2769875083,15708,3125,9458,83,9,0,random_50,0,1
1,stress_random,20001,2663,2663,r_2663,0,qualified_ref,1,0,none,2770884375,2770900083,15708,3125,9458,83,9,0,random_50,0,1
1,stress_random,20001,2664,2664,r_2664,0,qualified_ref,1,0,none,2771909375,2771925083,15708,3125,9458,83,9,0,random_50,0,1
1,stress_random,20001,2665,2665,r_2665,0,qualified_ref,1,0,none,2772934375,2772950083,15708,3125,9458,83,9,0,random_50,0,1
1,stress_random,20001,2666,2666,r_2666,0,qualified_ref,1,0,none,2773959375,2773975083,15708,3125,9458,83,9,0,random_50,0,1
1,stress_random,20001,2667,2667,r_2667,0,qualified_ref,1,0,none,2774984375,2775000083,15708,3125,9458,83,9,0,random_50,0,1
1,stress_random,20001,2668,2668,r_2668,0,qualified_ref,1,0,none,2776009375,2776025083,15708,3125,9458,83,9,0,random_50,0,1
1,stress_random,20001,2669,2669,r_2669,0,qualified_ref,1,0,none,2777034375,2777050083,15708,3125,9458,83,9,0,random_50,0,1
1,stress_random,20001,2670,2670,r_2670,0,qualified_ref,1,0,none,2778059375,2778075083,15708,3125,9458,83,9,0,random_50,0,1
1,stress_random,20001,2671,2671,r_2671,0,qualified_ref,1,0,none,2779084375,2779100083,15708,3125,9458,83,9,0,random_50,0,1
1,stress_random,20001,2672,2672,r_2672,0,qualified_ref,1,0,none,2780109375,2780125083,15708,3125,9458,83,9,0,random_50,0,1
1,stress_random,20001,2673,2673,r_2673,0,qualified_ref,1,0,none,2781134375,2781150083,15708,3125,9458,83,9,0,random_50,0,1
1,stress_random,20001,2674,2674,r_2674,0,qualified_ref,1,0,none,2782159375,2782175083,15708,3125,9458,83,9,0,random_50,0,1
1,stress_random,20001,2675,2675,r_2675,0,qualified_ref,1,0,none,2783184375,2783200083,15708,3125,9458,83,9,0,random_50,0,1
1,stress_random,20001,2676,2676,r_2676,0,qualified_ref,1,0,none,2784209375,2784225083,15708,3125,9458,83,9,0,random_50,0,1
1,stress_random,20001,2677,2677,r_2677,0,qualified_ref,1,0,none,2785234375,2785250083,15708,3125,9458,83,9,0,random_50,0,1
1,stress_random,20001,2678,2678,r_2678,0,qualified_ref,1,0,none,2786259375,2786275083,15708,3125,9458,83,9,0,random_50,0,1
1,stress_random,20001,2679,2679,r_2679,0,qualified_ref,1,0,none,2787284375,2787300083,15708,3125,9458,83,9,0,random_50,0,1
1,stress_random,20001,2680,2680,r_2680,0,qualified_ref,1,0,none,2788309375,2788325083,15708,3125,9458,83,9,0,random_50,0,1
1,stress_random,20001,2681,2681,r_2681,0,qualified_ref,1,0,none,2789334375,2789350083,15708,3125,9458,83,9,0,random_50,0,1
1,stress_random,20001,2682,2682,r_2682,0,qualified_ref,1,0,none,2790359375,2790375083,15708,3125,9458,83,9,0,random_50,0,1
1,stress_random,20001,2683,2683,r_2683,0,qualified_ref,1,0,none,2791384375,2791400083,15708,3125,9458,83,9,0,random_50,0,1
1,stress_random,20001,2684,2684,r_2684,0,qualified_ref,1,0,none,2792409375,2792425083,15708,3125,9458,83,9,0,random_50,0,1
1,stress_random,20001,2685,2685,r_2685,0,qualified_ref,1,0,none,2793434375,2793450083,15708,3125,9458,83,9,0,random_50,0,1
1,stress_random,20001,2686,2686,r_2686,0,qualified_ref,1,0,none,2794459375,2794475083,15708,3125,9458,83,9,0,random_50,0,1
1,stress_random,20001,2687,2687,r_2687,0,qualified_ref,1,0,none,2795484375,2795500083,15708,3125,9458,83,9,0,random_50,0,1
1,stress_random,20001,2688,2688,r_2688,0,qualified_ref,1,0,none,2796509375,2796525083,15708,3125,9458,83,9,0,random_50,0,1
1,stress_random,20001,2689,2689,r_2689,0,qualified_ref,1,0,none,2797534375,2797550083,15708,3125,9458,83,9,0,random_50,0,1
1,stress_random,20001,2690,2690,r_2690,0,qualified_ref,1,0,none,2798559375,2798575083,15708,3125,9458,83,9,0,random_50,0,1
1,stress_random,20001,2691,2691,r_2691,0,qualified_ref,1,0,none,2799584375,2799600083,15708,3125,9458,83,9,0,random_50,0,1
1,stress_random,20001,2692,2692,r_2692,0,qualified_ref,1,0,none,2800609375,2800625083,15708,3125,9458,83,9,0,random_50,0,1
1,stress_random,20001,2693,2693,r_2693,0,qualified_ref,1,0,none,2801634375,2801650083,15708,3125,9458,83,9,0,random_50,0,1
1,stress_random,20001,2694,2694,r_2694,0,qualified_ref,1,0,none,2802659375,2802675083,15708,3125,9458,83,9,0,random_50,0,1
1,stress_random,20001,2695,2695,r_2695,0,qualified_ref,1,0,none,2803684375,2803700083,15708,3125,9458,83,9,0,random_50,0,1
1,stress_random,20001,2696,2696,r_2696,0,qualified_ref,1,0,none,2804709375,2804725083,15708,3125,9458,83,9,0,random_50,0,1
1,stress_random,20001,2697,2697,r_2697,0,qualified_ref,1,0,none,2805734375,2805750083,15708,3125,9458,83,9,0,random_50,0,1
1,stress_random,20001,2698,2698,r_2698,0,qualified_ref,1,0,none,2806759375,2806775083,15708,3125,9458,83,9,0,random_50,0,1
1,stress_random,20001,2699,2699,r_2699,0,qualified_ref,1,0,none,2807784375,2807800083,15708,3125,9458,83,9,0,random_50,0,1
1,stress_random,20001,2700,2700,r_2700,0,qualified_ref,1,0,none,2808809375,2808825083,15708,3125,9458,83,9,0,random_50,0,1
1,stress_random,20001,2701,2701,r_2701,0,qualified_ref,1,0,none,2809834375,2809850083,15708,3125,9458,83,9,0,random_50,0,1
1,stress_random,20001,2702,2702,r_2702,0,qualified_ref,1,0,none,2810859375,2810875083,15708,3125,9458,83,9,0,random_50,0,1
1,stress_random,20001,2703,2703,r_2703,0,qualified_ref,1,0,none,2811884375,2811900083,15708,3125,9458,83,9,0,random_50,0,1
1,stress_random,20001,2704,2704,r_2704,0,qualified_ref,1,0,none,2812909375,2812925083,15708,3125,9458,83,9,0,random_50,0,1
1,stress_random,20001,2705,2705,r_2705,0,qualified_ref,1,0,none,2813934375,2813950083,15708,3125,9458,83,9,0,random_50,0,1
1,stress_random,20001,2706,2706,r_2706,0,qualified_ref,1,0,none,2814959375,2814975083,15708,3125,9458,83,9,0,random_50,0,1
1,stress_random,20001,2707,2707,r_2707,0,qualified_ref,1,0,none,2815984375,2816000083,15708,3125,9458,83,9,0,random_50,0,1
1,stress_random,20001,2708,2708,r_2708,0,qualified_ref,1,0,none,2817009375,2817025083,15708,3125,9458,83,9,0,random_50,0,1
1,stress_random,20001,2709,2709,r_2709,0,qualified_ref,1,0,none,2818034375,2818050083,15708,3125,9458,83,9,0,random_50,0,1
1,stress_random,20001,2710,2710,r_2710,0,qualified_ref,1,0,none,2819059375,2819075083,15708,3125,9458,83,9,0,random_50,0,1
1,stress_random,20001,2711,2711,r_2711,0,qualified_ref,1,0,none,2820084375,2820100083,15708,3125,9458,83,9,0,random_50,0,1
1,stress_random,20001,2712,2712,r_2712,0,qualified_ref,1,0,none,2821109375,2821125083,15708,3125,9458,83,9,0,random_50,0,1
1,stress_random,20001,2713,2713,r_2713,0,qualified_ref,1,0,none,2822134375,2822150083,15708,3125,9458,83,9,0,random_50,0,1
1,stress_random,20001,2714,2714,r_2714,0,qualified_ref,1,0,none,2823159375,2823175083,15708,3125,9458,83,9,0,random_50,0,1
1,stress_random,20001,2715,2715,r_2715,0,qualified_ref,1,0,none,2824184375,2824200083,15708,3125,9458,83,9,0,random_50,0,1
1,stress_random,20001,2716,2716,r_2716,0,qualified_ref,1,0,none,2825209375,2825225083,15708,3125,9458,83,9,0,random_50,0,1
1,stress_random,20001,2717,2717,r_2717,0,qualified_ref,1,0,none,2826234375,2826250083,15708,3125,9458,83,9,0,random_50,0,1
1,stress_random,20001,2718,2718,r_2718,0,qualified_ref,1,0,none,2827259375,2827275083,15708,3125,9458,83,9,0,random_50,0,1
1,stress_random,20001,2719,2719,r_2719,0,qualified_ref,1,0,none,2828284375,2828300083,15708,3125,9458,83,9,0,random_50,0,1
1,stress_random,20001,2720,2720,r_2720,0,qualified_ref,1,0,none,2829309375,2829325083,15708,3125,9458,83,9,0,random_50,0,1
1,stress_random,20001,2721,2721,r_2721,0,qualified_ref,1,0,none,2830334375,2830350083,15708,3125,9458,83,9,0,random_50,0,1
1,stress_random,20001,2722,2722,r_2722,0,qualified_ref,1,0,none,2831359375,2831375083,15708,3125,9458,83,9,0,random_50,0,1
1,stress_random,20001,2723,2723,r_2723,0,qualified_ref,1,0,none,2832384375,2832400083,15708,3125,9458,83,9,0,random_50,0,1
1,stress_random,20001,2724,2724,r_2724,0,qualified_ref,1,0,none,2833409375,2833425083,15708,3125,9458,83,9,0,random_50,0,1
1,stress_random,20001,2725,2725,r_2725,0,qualified_ref,1,0,none,2834434375,2834450083,15708,3125,9458,83,9,0,random_50,0,1
1,stress_random,20001,2726,2726,r_2726,0,qualified_ref,1,0,none,2835459375,2835475083,15708,3125,9458,83,9,0,random_50,0,1
1,stress_random,20001,2727,2727,r_2727,0,qualified_ref,1,0,none,2836484375,2836500083,15708,3125,9458,83,9,0,random_50,0,1
1,stress_random,20001,2728,2728,r_2728,0,qualified_ref,1,0,none,2837509375,2837525083,15708,3125,9458,83,9,0,random_50,0,1
1,stress_random,20001,2729,2729,r_2729,0,qualified_ref,1,0,none,2838534375,2838550083,15708,3125,9458,83,9,0,random_50,0,1
1,stress_random,20001,2730,2730,r_2730,0,qualified_ref,1,0,none,2839559375,2839575083,15708,3125,9458,83,9,0,random_50,0,1
1,stress_random,20001,2731,2731,r_2731,0,qualified_ref,1,0,none,2840584375,2840600083,15708,3125,9458,83,9,0,random_50,0,1
1,stress_random,20001,2732,2732,r_2732,0,qualified_ref,1,0,none,2841609375,2841625083,15708,3125,9458,83,9,0,random_50,0,1
1,stress_random,20001,2733,2733,r_2733,0,qualified_ref,1,0,none,2842634375,2842650083,15708,3125,9458,83,9,0,random_50,0,1
1,stress_random,20001,2734,2734,r_2734,0,qualified_ref,1,0,none,2843659375,2843675083,15708,3125,9458,83,9,0,random_50,0,1
1,stress_random,20001,2735,2735,r_2735,0,qualified_ref,1,0,none,2844684375,2844700083,15708,3125,9458,83,9,0,random_50,0,1
1,stress_random,20001,2736,2736,r_2736,0,qualified_ref,1,0,none,2845709375,2845725083,15708,3125,9458,83,9,0,random_50,0,1
1,stress_random,20001,2737,2737,r_2737,0,qualified_ref,1,0,none,2846734375,2846750083,15708,3125,9458,83,9,0,random_50,0,1
1,stress_random,20001,2738,2738,r_2738,0,qualified_ref,1,0,none,2847759375,2847775083,15708,3125,9458,83,9,0,random_50,0,1
1,stress_random,20001,2739,2739,r_2739,0,qualified_ref,1,0,none,2848784375,2848800083,15708,3125,9458,83,9,0,random_50,0,1
1,stress_random,20001,2740,2740,r_2740,0,qualified_ref,1,0,none,2849809375,2849825083,15708,3125,9458,83,9,0,random_50,0,1
1,stress_random,20001,2741,2741,r_2741,0,qualified_ref,1,0,none,2850834375,2850850083,15708,3125,9458,83,9,0,random_50,0,1
1,stress_random,20001,2742,2742,r_2742,0,qualified_ref,1,0,none,2851859375,2851875083,15708,3125,9458,83,9,0,random_50,0,1
1,stress_random,20001,2743,2743,r_2743,0,qualified_ref,1,0,none,2852884375,2852900083,15708,3125,9458,83,9,0,random_50,0,1
1,stress_random,20001,2744,2744,r_2744,0,qualified_ref,1,0,none,2853909375,2853925083,15708,3125,9458,83,9,0,random_50,0,1
1,stress_random,20001,2745,2745,r_2745,0,qualified_ref,1,0,none,2854934375,2854950083,15708,3125,9458,83,9,0,random_50,0,1
1,stress_random,20001,2746,2746,r_2746,0,qualified_ref,1,0,none,2855959375,2855975083,15708,3125,9458,83,9,0,random_50,0,1
1,stress_random,20001,2747,2747,r_2747,0,qualified_ref,1,0,none,2856984375,2857000083,15708,3125,9458,83,9,0,random_50,0,1
1,stress_random,20001,2748,2748,r_2748,0,qualified_ref,1,0,none,2858009375,2858025083,15708,3125,9458,83,9,0,random_50,0,1
1,stress_random,20001,2749,2749,r_2749,0,qualified_ref,1,0,none,2859034375,2859050083,15708,3125,9458,83,9,0,random_50,0,1
1,stress_random,20001,2750,2750,r_2750,1,qualified_ref,1,0,none,2864159375,2864175083,15708,3125,9458,83,10,0,random_50,0,1
1,stress_random,20001,2751,2751,r_2751,1,qualified_ref,1,0,none,2865184375,2865200083,15708,3125,9458,83,10,0,random_50,0,1
1,stress_random,20001,2752,2752,r_2752,1,qualified_ref,1,0,none,2866209375,2866225083,15708,3125,9458,83,10,0,random_50,0,1
1,stress_random,20001,2753,2753,r_2753,1,qualified_ref,1,0,none,2867234375,2867250083,15708,3125,9458,83,10,0,random_50,0,1
1,stress_random,20001,2754,2754,r_2754,1,qualified_ref,1,0,none,2868259375,2868275083,15708,3125,9458,83,10,0,random_50,0,1
1,stress_random,20001,2755,2755,r_2755,1,qualified_ref,1,0,none,2869284375,2869300083,15708,3125,9458,83,10,0,random_50,0,1
1,stress_random,20001,2756,2756,r_2756,1,qualified_ref,1,0,none,2870309375,2870325083,15708,3125,9458,83,10,0,random_50,0,1
1,stress_random,20001,2757,2757,r_2757,1,qualified_ref,1,0,none,2871334375,2871350083,15708,3125,9458,83,10,0,random_50,0,1
1,stress_random,20001,2758,2758,r_2758,1,qualified_ref,1,0,none,2872359375,2872375083,15708,3125,9458,83,10,0,random_50,0,1
1,stress_random,20001,2759,2759,r_2759,1,qualified_ref,1,0,none,2873384375,2873400083,15708,3125,9458,83,10,0,random_50,0,1
1,stress_random,20001,2760,2760,r_2760,1,qualified_ref,1,0,none,2874409375,2874425083,15708,3125,9458,83,10,0,random_50,0,1
1,stress_random,20001,2761,2761,r_2761,1,qualified_ref,1,0,none,2875434375,2875450083,15708,3125,9458,83,10,0,random_50,0,1
1,stress_random,20001,2762,2762,r_2762,1,qualified_ref,1,0,none,2876459375,2876475083,15708,3125,9458,83,10,0,random_50,0,1
1,stress_random,20001,2763,2763,r_2763,1,qualified_ref,1,0,none,2877484375,2877500083,15708,3125,9458,83,10,0,random_50,0,1
1,stress_random,20001,2764,2764,r_2764,1,qualified_ref,1,0,none,2878509375,2878525083,15708,3125,9458,83,10,0,random_50,0,1
1,stress_random,20001,2765,2765,r_2765,1,qualified_ref,1,0,none,2879534375,2879550083,15708,3125,9458,83,10,0,random_50,0,1
1,stress_random,20001,2766,2766,r_2766,1,qualified_ref,1,0,none,2880559375,2880575083,15708,3125,9458,83,10,0,random_50,0,1
1,stress_random,20001,2767,2767,r_2767,1,qualified_ref,1,0,none,2881584375,2881600083,15708,3125,9458,83,10,0,random_50,0,1
1,stress_random,20001,2768,2768,r_2768,1,qualified_ref,1,0,none,2882609375,2882625083,15708,3125,9458,83,10,0,random_50,0,1
1,stress_random,20001,2769,2769,r_2769,1,qualified_ref,1,0,none,2883634375,2883650083,15708,3125,9458,83,10,0,random_50,0,1
1,stress_random,20001,2770,2770,r_2770,1,qualified_ref,1,0,none,2884659375,2884675083,15708,3125,9458,83,10,0,random_50,0,1
1,stress_random,20001,2771,2771,r_2771,1,qualified_ref,1,0,none,2885684375,2885700083,15708,3125,9458,83,10,0,random_50,0,1
1,stress_random,20001,2772,2772,r_2772,1,qualified_ref,1,0,none,2886709375,2886725083,15708,3125,9458,83,10,0,random_50,0,1
1,stress_random,20001,2773,2773,r_2773,1,qualified_ref,1,0,none,2887734375,2887750083,15708,3125,9458,83,10,0,random_50,0,1
1,stress_random,20001,2774,2774,r_2774,1,qualified_ref,1,0,none,2888759375,2888775083,15708,3125,9458,83,10,0,random_50,0,1
1,stress_random,20001,2775,2775,r_2775,1,qualified_ref,1,0,none,2889784375,2889800083,15708,3125,9458,83,10,0,random_50,0,1
1,stress_random,20001,2776,2776,r_2776,1,qualified_ref,1,0,none,2890809375,2890825083,15708,3125,9458,83,10,0,random_50,0,1
1,stress_random,20001,2777,2777,r_2777,1,qualified_ref,1,0,none,2891834375,2891850083,15708,3125,9458,83,10,0,random_50,0,1
1,stress_random,20001,2778,2778,r_2778,1,qualified_ref,1,0,none,2892859375,2892875083,15708,3125,9458,83,10,0,random_50,0,1
1,stress_random,20001,2779,2779,r_2779,1,qualified_ref,1,0,none,2893884375,2893900083,15708,3125,9458,83,10,0,random_50,0,1
1,stress_random,20001,2780,2780,r_2780,1,qualified_ref,1,0,none,2894909375,2894925083,15708,3125,9458,83,10,0,random_50,0,1
1,stress_random,20001,2781,2781,r_2781,1,qualified_ref,1,0,none,2895934375,2895950083,15708,3125,9458,83,10,0,random_50,0,1
1,stress_random,20001,2782,2782,r_2782,1,qualified_ref,1,0,none,2896959375,2896975083,15708,3125,9458,83,10,0,random_50,0,1
1,stress_random,20001,2783,2783,r_2783,1,qualified_ref,1,0,none,2897984375,2898000083,15708,3125,9458,83,10,0,random_50,0,1
1,stress_random,20001,2784,2784,r_2784,1,qualified_ref,1,0,none,2899009375,2899025083,15708,3125,9458,83,10,0,random_50,0,1
1,stress_random,20001,2785,2785,r_2785,1,qualified_ref,1,0,none,2900034375,2900050083,15708,3125,9458,83,10,0,random_50,0,1
1,stress_random,20001,2786,2786,r_2786,1,qualified_ref,1,0,none,2901059375,2901075083,15708,3125,9458,83,10,0,random_50,0,1
1,stress_random,20001,2787,2787,r_2787,1,qualified_ref,1,0,none,2902084375,2902100083,15708,3125,9458,83,10,0,random_50,0,1
1,stress_random,20001,2788,2788,r_2788,1,qualified_ref,1,0,none,2903109375,2903125083,15708,3125,9458,83,10,0,random_50,0,1
1,stress_random,20001,2789,2789,r_2789,1,qualified_ref,1,0,none,2904134375,2904150083,15708,3125,9458,83,10,0,random_50,0,1
1,stress_random,20001,2790,2790,r_2790,1,qualified_ref,1,0,none,2905159375,2905175083,15708,3125,9458,83,10,0,random_50,0,1
1,stress_random,20001,2791,2791,r_2791,1,qualified_ref,1,0,none,2906184375,2906200083,15708,3125,9458,83,10,0,random_50,0,1
1,stress_random,20001,2792,2792,r_2792,1,qualified_ref,1,0,none,2907209375,2907225083,15708,3125,9458,83,10,0,random_50,0,1
1,stress_random,20001,2793,2793,r_2793,1,qualified_ref,1,0,none,2908234375,2908250083,15708,3125,9458,83,10,0,random_50,0,1
1,stress_random,20001,2794,2794,r_2794,1,qualified_ref,1,0,none,2909259375,2909275083,15708,3125,9458,83,10,0,random_50,0,1
1,stress_random,20001,2795,2795,r_2795,1,qualified_ref,1,0,none,2910284375,2910300083,15708,3125,9458,83,10,0,random_50,0,1
1,stress_random,20001,2796,2796,r_2796,1,qualified_ref,1,0,none,2911309375,2911325083,15708,3125,9458,83,10,0,random_50,0,1
1,stress_random,20001,2797,2797,r_2797,1,qualified_ref,1,0,none,2912334375,2912350083,15708,3125,9458,83,10,0,random_50,0,1
1,stress_random,20001,2798,2798,r_2798,1,qualified_ref,1,0,none,2913359375,2913375083,15708,3125,9458,83,10,0,random_50,0,1
1,stress_random,20001,2799,2799,r_2799,1,qualified_ref,1,0,none,2914384375,2914400083,15708,3125,9458,83,10,0,random_50,0,1
1,stress_random,20001,2800,2800,r_2800,1,qualified_ref,1,0,none,2915409375,2915425083,15708,3125,9458,83,10,0,random_50,0,1
1,stress_random,20001,2801,2801,r_2801,1,qualified_ref,1,0,none,2916434375,2916450083,15708,3125,9458,83,10,0,random_50,0,1
1,stress_random,20001,2802,2802,r_2802,1,qualified_ref,1,0,none,2917459375,2917475083,15708,3125,9458,83,10,0,random_50,0,1
1,stress_random,20001,2803,2803,r_2803,1,qualified_ref,1,0,none,2918484375,2918500083,15708,3125,9458,83,10,0,random_50,0,1
1,stress_random,20001,2804,2804,r_2804,1,qualified_ref,1,0,none,2919509375,2919525083,15708,3125,9458,83,10,0,random_50,0,1
1,stress_random,20001,2805,2805,r_2805,1,qualified_ref,1,0,none,2920534375,2920550083,15708,3125,9458,83,10,0,random_50,0,1
1,stress_random,20001,2806,2806,r_2806,1,qualified_ref,1,0,none,2921559375,2921575083,15708,3125,9458,83,10,0,random_50,0,1
1,stress_random,20001,2807,2807,r_2807,1,qualified_ref,1,0,none,2922584375,2922600083,15708,3125,9458,83,10,0,random_50,0,1
1,stress_random,20001,2808,2808,r_2808,1,qualified_ref,1,0,none,2923609375,2923625083,15708,3125,9458,83,10,0,random_50,0,1
1,stress_random,20001,2809,2809,r_2809,1,qualified_ref,1,0,none,2924634375,2924650083,15708,3125,9458,83,10,0,random_50,0,1
1,stress_random,20001,2810,2810,r_2810,1,qualified_ref,1,0,none,2925659375,2925675083,15708,3125,9458,83,10,0,random_50,0,1
1,stress_random,20001,2811,2811,r_2811,1,qualified_ref,1,0,none,2926684375,2926700083,15708,3125,9458,83,10,0,random_50,0,1
1,stress_random,20001,2812,2812,r_2812,1,qualified_ref,1,0,none,2927709375,2927725083,15708,3125,9458,83,10,0,random_50,0,1
1,stress_random,20001,2813,2813,r_2813,1,qualified_ref,1,0,none,2928734375,2928750083,15708,3125,9458,83,10,0,random_50,0,1
1,stress_random,20001,2814,2814,r_2814,1,qualified_ref,1,0,none,2929759375,2929775083,15708,3125,9458,83,10,0,random_50,0,1
1,stress_random,20001,2815,2815,r_2815,1,qualified_ref,1,0,none,2930784375,2930800083,15708,3125,9458,83,10,0,random_50,0,1
1,stress_random,20001,2816,2816,r_2816,1,qualified_ref,1,0,none,2931809375,2931825083,15708,3125,9458,83,10,0,random_50,0,1
1,stress_random,20001,2817,2817,r_2817,1,qualified_ref,1,0,none,2932834375,2932850083,15708,3125,9458,83,10,0,random_50,0,1
1,stress_random,20001,2818,2818,r_2818,1,qualified_ref,1,0,none,2933859375,2933875083,15708,3125,9458,83,10,0,random_50,0,1
1,stress_random,20001,2819,2819,r_2819,1,qualified_ref,1,0,none,2934884375,2934900083,15708,3125,9458,83,10,0,random_50,0,1
1,stress_random,20001,2820,2820,r_2820,1,qualified_ref,1,0,none,2935909375,2935925083,15708,3125,9458,83,10,0,random_50,0,1
1,stress_random,20001,2821,2821,r_2821,1,qualified_ref,1,0,none,2936934375,2936950083,15708,3125,9458,83,10,0,random_50,0,1
1,stress_random,20001,2822,2822,r_2822,1,qualified_ref,1,0,none,2937959375,2937975083,15708,3125,9458,83,10,0,random_50,0,1
1,stress_random,20001,2823,2823,r_2823,1,qualified_ref,1,0,none,2938984375,2939000083,15708,3125,9458,83,10,0,random_50,0,1
1,stress_random,20001,2824,2824,r_2824,1,qualified_ref,1,0,none,2940009375,2940025083,15708,3125,9458,83,10,0,random_50,0,1
1,stress_random,20001,2825,2825,r_2825,1,qualified_ref,1,0,none,2941034375,2941050083,15708,3125,9458,83,10,0,random_50,0,1
1,stress_random,20001,2826,2826,r_2826,1,qualified_ref,1,0,none,2942059375,2942075083,15708,3125,9458,83,10,0,random_50,0,1
1,stress_random,20001,2827,2827,r_2827,1,qualified_ref,1,0,none,2943084375,2943100083,15708,3125,9458,83,10,0,random_50,0,1
1,stress_random,20001,2828,2828,r_2828,1,qualified_ref,1,0,none,2944109375,2944125083,15708,3125,9458,83,10,0,random_50,0,1
1,stress_random,20001,2829,2829,r_2829,1,qualified_ref,1,0,none,2945134375,2945150083,15708,3125,9458,83,10,0,random_50,0,1
1,stress_random,20001,2830,2830,r_2830,1,qualified_ref,1,0,none,2946159375,2946175083,15708,3125,9458,83,10,0,random_50,0,1
1,stress_random,20001,2831,2831,r_2831,1,qualified_ref,1,0,none,2947184375,2947200083,15708,3125,9458,83,10,0,random_50,0,1
1,stress_random,20001,2832,2832,r_2832,1,qualified_ref,1,0,none,2948209375,2948225083,15708,3125,9458,83,10,0,random_50,0,1
1,stress_random,20001,2833,2833,r_2833,1,qualified_ref,1,0,none,2949234375,2949250083,15708,3125,9458,83,10,0,random_50,0,1
1,stress_random,20001,2834,2834,r_2834,1,qualified_ref,1,0,none,2950259375,2950275083,15708,3125,9458,83,10,0,random_50,0,1
1,stress_random,20001,2835,2835,r_2835,1,qualified_ref,1,0,none,2951284375,2951300083,15708,3125,9458,83,10,0,random_50,0,1
1,stress_random,20001,2836,2836,r_2836,1,qualified_ref,1,0,none,2952309375,2952325083,15708,3125,9458,83,10,0,random_50,0,1
1,stress_random,20001,2837,2837,r_2837,1,qualified_ref,1,0,none,2953334375,2953350083,15708,3125,9458,83,10,0,random_50,0,1
1,stress_random,20001,2838,2838,r_2838,1,qualified_ref,1,0,none,2954359375,2954375083,15708,3125,9458,83,10,0,random_50,0,1
1,stress_random,20001,2839,2839,r_2839,1,qualified_ref,1,0,none,2955384375,2955400083,15708,3125,9458,83,10,0,random_50,0,1
1,stress_random,20001,2840,2840,r_2840,1,qualified_ref,1,0,none,2956409375,2956425083,15708,3125,9458,83,10,0,random_50,0,1
1,stress_random,20001,2841,2841,r_2841,1,qualified_ref,1,0,none,2957434375,2957450083,15708,3125,9458,83,10,0,random_50,0,1
1,stress_random,20001,2842,2842,r_2842,1,qualified_ref,1,0,none,2958459375,2958475083,15708,3125,9458,83,10,0,random_50,0,1
1,stress_random,20001,2843,2843,r_2843,1,qualified_ref,1,0,none,2959484375,2959500083,15708,3125,9458,83,10,0,random_50,0,1
1,stress_random,20001,2844,2844,r_2844,1,qualified_ref,1,0,none,2960509375,2960525083,15708,3125,9458,83,10,0,random_50,0,1
1,stress_random,20001,2845,2845,r_2845,1,qualified_ref,1,0,none,2961534375,2961550083,15708,3125,9458,83,10,0,random_50,0,1
1,stress_random,20001,2846,2846,r_2846,1,qualified_ref,1,0,none,2962559375,2962575083,15708,3125,9458,83,10,0,random_50,0,1
1,stress_random,20001,2847,2847,r_2847,1,qualified_ref,1,0,none,2963584375,2963600083,15708,3125,9458,83,10,0,random_50,0,1
1,stress_random,20001,2848,2848,r_2848,1,qualified_ref,1,0,none,2964609375,2964625083,15708,3125,9458,83,10,0,random_50,0,1
1,stress_random,20001,2849,2849,r_2849,1,qualified_ref,1,0,none,2965634375,2965650083,15708,3125,9458,83,10,0,random_50,0,1
1,stress_random,20001,2850,2850,r_2850,1,qualified_ref,1,0,none,2966659375,2966675083,15708,3125,9458,83,10,0,random_50,0,1
1,stress_random,20001,2851,2851,r_2851,1,qualified_ref,1,0,none,2967684375,2967700083,15708,3125,9458,83,10,0,random_50,0,1
1,stress_random,20001,2852,2852,r_2852,1,qualified_ref,1,0,none,2968709375,2968725083,15708,3125,9458,83,10,0,random_50,0,1
1,stress_random,20001,2853,2853,r_2853,1,qualified_ref,1,0,none,2969734375,2969750083,15708,3125,9458,83,10,0,random_50,0,1
1,stress_random,20001,2854,2854,r_2854,1,qualified_ref,1,0,none,2970759375,2970775083,15708,3125,9458,83,10,0,random_50,0,1
1,stress_random,20001,2855,2855,r_2855,1,qualified_ref,1,0,none,2971784375,2971800083,15708,3125,9458,83,10,0,random_50,0,1
1,stress_random,20001,2856,2856,r_2856,1,qualified_ref,1,0,none,2972809375,2972825083,15708,3125,9458,83,10,0,random_50,0,1
1,stress_random,20001,2857,2857,r_2857,1,qualified_ref,1,0,none,2973834375,2973850083,15708,3125,9458,83,10,0,random_50,0,1
1,stress_random,20001,2858,2858,r_2858,1,qualified_ref,1,0,none,2974859375,2974875083,15708,3125,9458,83,10,0,random_50,0,1
1,stress_random,20001,2859,2859,r_2859,1,qualified_ref,1,0,none,2975884375,2975900083,15708,3125,9458,83,10,0,random_50,0,1
1,stress_random,20001,2860,2860,r_2860,1,qualified_ref,1,0,none,2976909375,2976925083,15708,3125,9458,83,10,0,random_50,0,1
1,stress_random,20001,2861,2861,r_2861,1,qualified_ref,1,0,none,2977934375,2977950083,15708,3125,9458,83,10,0,random_50,0,1
1,stress_random,20001,2862,2862,r_2862,1,qualified_ref,1,0,none,2978959375,2978975083,15708,3125,9458,83,10,0,random_50,0,1
1,stress_random,20001,2863,2863,r_2863,1,qualified_ref,1,0,none,2979984375,2980000083,15708,3125,9458,83,10,0,random_50,0,1
1,stress_random,20001,2864,2864,r_2864,1,qualified_ref,1,0,none,2981009375,2981025083,15708,3125,9458,83,10,0,random_50,0,1
1,stress_random,20001,2865,2865,r_2865,1,qualified_ref,1,0,none,2982034375,2982050083,15708,3125,9458,83,10,0,random_50,0,1
1,stress_random,20001,2866,2866,r_2866,1,qualified_ref,1,0,none,2983059375,2983075083,15708,3125,9458,83,10,0,random_50,0,1
1,stress_random,20001,2867,2867,r_2867,1,qualified_ref,1,0,none,2984084375,2984100083,15708,3125,9458,83,10,0,random_50,0,1
1,stress_random,20001,2868,2868,r_2868,1,qualified_ref,1,0,none,2985109375,2985125083,15708,3125,9458,83,10,0,random_50,0,1
1,stress_random,20001,2869,2869,r_2869,1,qualified_ref,1,0,none,2986134375,2986150083,15708,3125,9458,83,10,0,random_50,0,1
1,stress_random,20001,2870,2870,r_2870,1,qualified_ref,1,0,none,2987159375,2987175083,15708,3125,9458,83,10,0,random_50,0,1
1,stress_random,20001,2871,2871,r_2871,1,qualified_ref,1,0,none,2988184375,2988200083,15708,3125,9458,83,10,0,random_50,0,1
1,stress_random,20001,2872,2872,r_2872,1,qualified_ref,1,0,none,2989209375,2989225083,15708,3125,9458,83,10,0,random_50,0,1
1,stress_random,20001,2873,2873,r_2873,1,qualified_ref,1,0,none,2990234375,2990250083,15708,3125,9458,83,10,0,random_50,0,1
1,stress_random,20001,2874,2874,r_2874,1,qualified_ref,1,0,none,2991259375,2991275083,15708,3125,9458,83,10,0,random_50,0,1
1,stress_random,20001,2875,2875,r_2875,1,qualified_ref,1,0,none,2992284375,2992300083,15708,3125,9458,83,10,0,random_50,0,1
1,stress_random,20001,2876,2876,r_2876,1,qualified_ref,1,0,none,2993309375,2993325083,15708,3125,9458,83,10,0,random_50,0,1
1,stress_random,20001,2877,2877,r_2877,1,qualified_ref,1,0,none,2994334375,2994350083,15708,3125,9458,83,10,0,random_50,0,1
1,stress_random,20001,2878,2878,r_2878,1,qualified_ref,1,0,none,2995359375,2995375083,15708,3125,9458,83,10,0,random_50,0,1
1,stress_random,20001,2879,2879,r_2879,1,qualified_ref,1,0,none,2996384375,2996400083,15708,3125,9458,83,10,0,random_50,0,1
1,stress_random,20001,2880,2880,r_2880,1,qualified_ref,1,0,none,2997409375,2997425083,15708,3125,9458,83,10,0,random_50,0,1
1,stress_random,20001,2881,2881,r_2881,1,qualified_ref,1,0,none,2998434375,2998450083,15708,3125,9458,83,10,0,random_50,0,1
1,stress_random,20001,2882,2882,r_2882,1,qualified_ref,1,0,none,2999459375,2999475083,15708,3125,9458,83,10,0,random_50,0,1
1,stress_random,20001,2883,2883,r_2883,1,qualified_ref,1,0,none,3000484375,3000500083,15708,3125,9458,83,10,0,random_50,0,1
1,stress_random,20001,2884,2884,r_2884,1,qualified_ref,1,0,none,3001509375,3001525083,15708,3125,9458,83,10,0,random_50,0,1
1,stress_random,20001,2885,2885,r_2885,1,qualified_ref,1,0,none,3002534375,3002550083,15708,3125,9458,83,10,0,random_50,0,1
1,stress_random,20001,2886,2886,r_2886,1,qualified_ref,1,0,none,3003559375,3003575083,15708,3125,9458,83,10,0,random_50,0,1
1,stress_random,20001,2887,2887,r_2887,1,qualified_ref,1,0,none,3004584375,3004600083,15708,3125,9458,83,10,0,random_50,0,1
1,stress_random,20001,2888,2888,r_2888,1,qualified_ref,1,0,none,3005609375,3005625083,15708,3125,9458,83,10,0,random_50,0,1
1,stress_random,20001,2889,2889,r_2889,1,qualified_ref,1,0,none,3006634375,3006650083,15708,3125,9458,83,10,0,random_50,0,1
1,stress_random,20001,2890,2890,r_2890,1,qualified_ref,1,0,none,3007659375,3007675083,15708,3125,9458,83,10,0,random_50,0,1
1,stress_random,20001,2891,2891,r_2891,1,qualified_ref,1,0,none,3008684375,3008700083,15708,3125,9458,83,10,0,random_50,0,1
1,stress_random,20001,2892,2892,r_2892,1,qualified_ref,1,0,none,3009709375,3009725083,15708,3125,9458,83,10,0,random_50,0,1
1,stress_random,20001,2893,2893,r_2893,1,qualified_ref,1,0,none,3010734375,3010750083,15708,3125,9458,83,10,0,random_50,0,1
1,stress_random,20001,2894,2894,r_2894,1,qualified_ref,1,0,none,3011759375,3011775083,15708,3125,9458,83,10,0,random_50,0,1
1,stress_random,20001,2895,2895,r_2895,1,qualified_ref,1,0,none,3012784375,3012800083,15708,3125,9458,83,10,0,random_50,0,1
1,stress_random,20001,2896,2896,r_2896,1,qualified_ref,1,0,none,3013809375,3013825083,15708,3125,9458,83,10,0,random_50,0,1
1,stress_random,20001,2897,2897,r_2897,1,qualified_ref,1,0,none,3014834375,3014850083,15708,3125,9458,83,10,0,random_50,0,1
1,stress_random,20001,2898,2898,r_2898,1,qualified_ref,1,0,none,3015859375,3015875083,15708,3125,9458,83,10,0,random_50,0,1
1,stress_random,20001,2899,2899,r_2899,1,qualified_ref,1,0,none,3016884375,3016900083,15708,3125,9458,83,10,0,random_50,0,1
1,stress_random,20001,2900,2900,r_2900,1,qualified_ref,1,0,none,3017909375,3017925083,15708,3125,9458,83,10,0,random_50,0,1
1,stress_random,20001,2901,2901,r_2901,1,qualified_ref,1,0,none,3018934375,3018950083,15708,3125,9458,83,10,0,random_50,0,1
1,stress_random,20001,2902,2902,r_2902,1,qualified_ref,1,0,none,3019959375,3019975083,15708,3125,9458,83,10,0,random_50,0,1
1,stress_random,20001,2903,2903,r_2903,1,qualified_ref,1,0,none,3020984375,3021000083,15708,3125,9458,83,10,0,random_50,0,1
1,stress_random,20001,2904,2904,r_2904,1,qualified_ref,1,0,none,3022009375,3022025083,15708,3125,9458,83,10,0,random_50,0,1
1,stress_random,20001,2905,2905,r_2905,1,qualified_ref,1,0,none,3023034375,3023050083,15708,3125,9458,83,10,0,random_50,0,1
1,stress_random,20001,2906,2906,r_2906,1,qualified_ref,1,0,none,3024059375,3024075083,15708,3125,9458,83,10,0,random_50,0,1
1,stress_random,20001,2907,2907,r_2907,1,qualified_ref,1,0,none,3025084375,3025100083,15708,3125,9458,83,10,0,random_50,0,1
1,stress_random,20001,2908,2908,r_2908,1,qualified_ref,1,0,none,3026109375,3026125083,15708,3125,9458,83,10,0,random_50,0,1
1,stress_random,20001,2909,2909,r_2909,1,qualified_ref,1,0,none,3027134375,3027150083,15708,3125,9458,83,10,0,random_50,0,1
1,stress_random,20001,2910,2910,r_2910,1,qualified_ref,1,0,none,3028159375,3028175083,15708,3125,9458,83,10,0,random_50,0,1
1,stress_random,20001,2911,2911,r_2911,1,qualified_ref,1,0,none,3029184375,3029200083,15708,3125,9458,83,10,0,random_50,0,1
1,stress_random,20001,2912,2912,r_2912,1,qualified_ref,1,0,none,3030209375,3030225083,15708,3125,9458,83,10,0,random_50,0,1
1,stress_random,20001,2913,2913,r_2913,1,qualified_ref,1,0,none,3031234375,3031250083,15708,3125,9458,83,10,0,random_50,0,1
1,stress_random,20001,2914,2914,r_2914,1,qualified_ref,1,0,none,3032259375,3032275083,15708,3125,9458,83,10,0,random_50,0,1
1,stress_random,20001,2915,2915,r_2915,1,qualified_ref,1,0,none,3033284375,3033300083,15708,3125,9458,83,10,0,random_50,0,1
1,stress_random,20001,2916,2916,r_2916,1,qualified_ref,1,0,none,3034309375,3034325083,15708,3125,9458,83,10,0,random_50,0,1
1,stress_random,20001,2917,2917,r_2917,1,qualified_ref,1,0,none,3035334375,3035350083,15708,3125,9458,83,10,0,random_50,0,1
1,stress_random,20001,2918,2918,r_2918,1,qualified_ref,1,0,none,3036359375,3036375083,15708,3125,9458,83,10,0,random_50,0,1
1,stress_random,20001,2919,2919,r_2919,1,qualified_ref,1,0,none,3037384375,3037400083,15708,3125,9458,83,10,0,random_50,0,1
1,stress_random,20001,2920,2920,r_2920,1,qualified_ref,1,0,none,3038409375,3038425083,15708,3125,9458,83,10,0,random_50,0,1
1,stress_random,20001,2921,2921,r_2921,1,qualified_ref,1,0,none,3039434375,3039450083,15708,3125,9458,83,10,0,random_50,0,1
1,stress_random,20001,2922,2922,r_2922,1,qualified_ref,1,0,none,3040459375,3040475083,15708,3125,9458,83,10,0,random_50,0,1
1,stress_random,20001,2923,2923,r_2923,1,qualified_ref,1,0,none,3041484375,3041500083,15708,3125,9458,83,10,0,random_50,0,1
1,stress_random,20001,2924,2924,r_2924,1,qualified_ref,1,0,none,3042509375,3042525083,15708,3125,9458,83,10,0,random_50,0,1
1,stress_random,20001,2925,2925,r_2925,1,qualified_ref,1,0,none,3043534375,3043550083,15708,3125,9458,83,10,0,random_50,0,1
1,stress_random,20001,2926,2926,r_2926,1,qualified_ref,1,0,none,3044559375,3044575083,15708,3125,9458,83,10,0,random_50,0,1
1,stress_random,20001,2927,2927,r_2927,1,qualified_ref,1,0,none,3045584375,3045600083,15708,3125,9458,83,10,0,random_50,0,1
1,stress_random,20001,2928,2928,r_2928,1,qualified_ref,1,0,none,3046609375,3046625083,15708,3125,9458,83,10,0,random_50,0,1
1,stress_random,20001,2929,2929,r_2929,1,qualified_ref,1,0,none,3047634375,3047650083,15708,3125,9458,83,10,0,random_50,0,1
1,stress_random,20001,2930,2930,r_2930,1,qualified_ref,1,0,none,3048659375,3048675083,15708,3125,9458,83,10,0,random_50,0,1
1,stress_random,20001,2931,2931,r_2931,1,qualified_ref,1,0,none,3049684375,3049700083,15708,3125,9458,83,10,0,random_50,0,1
1,stress_random,20001,2932,2932,r_2932,1,qualified_ref,1,0,none,3050709375,3050725083,15708,3125,9458,83,10,0,random_50,0,1
1,stress_random,20001,2933,2933,r_2933,1,qualified_ref,1,0,none,3051734375,3051750083,15708,3125,9458,83,10,0,random_50,0,1
1,stress_random,20001,2934,2934,r_2934,1,qualified_ref,1,0,none,3052759375,3052775083,15708,3125,9458,83,10,0,random_50,0,1
1,stress_random,20001,2935,2935,r_2935,1,qualified_ref,1,0,none,3053784375,3053800083,15708,3125,9458,83,10,0,random_50,0,1
1,stress_random,20001,2936,2936,r_2936,1,qualified_ref,1,0,none,3054809375,3054825083,15708,3125,9458,83,10,0,random_50,0,1
1,stress_random,20001,2937,2937,r_2937,1,qualified_ref,1,0,none,3055834375,3055850083,15708,3125,9458,83,10,0,random_50,0,1
1,stress_random,20001,2938,2938,r_2938,1,qualified_ref,1,0,none,3056859375,3056875083,15708,3125,9458,83,10,0,random_50,0,1
1,stress_random,20001,2939,2939,r_2939,1,qualified_ref,1,0,none,3057884375,3057900083,15708,3125,9458,83,10,0,random_50,0,1
1,stress_random,20001,2940,2940,r_2940,1,qualified_ref,1,0,none,3058909375,3058925083,15708,3125,9458,83,10,0,random_50,0,1
1,stress_random,20001,2941,2941,r_2941,1,qualified_ref,1,0,none,3059934375,3059950083,15708,3125,9458,83,10,0,random_50,0,1
1,stress_random,20001,2942,2942,r_2942,1,qualified_ref,1,0,none,3060959375,3060975083,15708,3125,9458,83,10,0,random_50,0,1
1,stress_random,20001,2943,2943,r_2943,1,qualified_ref,1,0,none,3061984375,3062000083,15708,3125,9458,83,10,0,random_50,0,1
1,stress_random,20001,2944,2944,r_2944,1,qualified_ref,1,0,none,3063009375,3063025083,15708,3125,9458,83,10,0,random_50,0,1
1,stress_random,20001,2945,2945,r_2945,1,qualified_ref,1,0,none,3064034375,3064050083,15708,3125,9458,83,10,0,random_50,0,1
1,stress_random,20001,2946,2946,r_2946,1,qualified_ref,1,0,none,3065059375,3065075083,15708,3125,9458,83,10,0,random_50,0,1
1,stress_random,20001,2947,2947,r_2947,1,qualified_ref,1,0,none,3066084375,3066100083,15708,3125,9458,83,10,0,random_50,0,1
1,stress_random,20001,2948,2948,r_2948,1,qualified_ref,1,0,none,3067109375,3067125083,15708,3125,9458,83,10,0,random_50,0,1
1,stress_random,20001,2949,2949,r_2949,1,qualified_ref,1,0,none,3068134375,3068150083,15708,3125,9458,83,10,0,random_50,0,1
1,stress_random,20001,2950,2950,r_2950,1,qualified_ref,1,0,none,3069159375,3069175083,15708,3125,9458,83,10,0,random_50,0,1
1,stress_random,20001,2951,2951,r_2951,1,qualified_ref,1,0,none,3070184375,3070200083,15708,3125,9458,83,10,0,random_50,0,1
1,stress_random,20001,2952,2952,r_2952,1,qualified_ref,1,0,none,3071209375,3071225083,15708,3125,9458,83,10,0,random_50,0,1
1,stress_random,20001,2953,2953,r_2953,1,qualified_ref,1,0,none,3072234375,3072250083,15708,3125,9458,83,10,0,random_50,0,1
1,stress_random,20001,2954,2954,r_2954,1,qualified_ref,1,0,none,3073259375,3073275083,15708,3125,9458,83,10,0,random_50,0,1
1,stress_random,20001,2955,2955,r_2955,1,qualified_ref,1,0,none,3074284375,3074300083,15708,3125,9458,83,10,0,random_50,0,1
1,stress_random,20001,2956,2956,r_2956,1,qualified_ref,1,0,none,3075309375,3075325083,15708,3125,9458,83,10,0,random_50,0,1
1,stress_random,20001,2957,2957,r_2957,1,qualified_ref,1,0,none,3076334375,3076350083,15708,3125,9458,83,10,0,random_50,0,1
1,stress_random,20001,2958,2958,r_2958,1,qualified_ref,1,0,none,3077359375,3077375083,15708,3125,9458,83,10,0,random_50,0,1
1,stress_random,20001,2959,2959,r_2959,1,qualified_ref,1,0,none,3078384375,3078400083,15708,3125,9458,83,10,0,random_50,0,1
1,stress_random,20001,2960,2960,r_2960,1,qualified_ref,1,0,none,3079409375,3079425083,15708,3125,9458,83,10,0,random_50,0,1
1,stress_random,20001,2961,2961,r_2961,1,qualified_ref,1,0,none,3080434375,3080450083,15708,3125,9458,83,10,0,random_50,0,1
1,stress_random,20001,2962,2962,r_2962,1,qualified_ref,1,0,none,3081459375,3081475083,15708,3125,9458,83,10,0,random_50,0,1
1,stress_random,20001,2963,2963,r_2963,1,qualified_ref,1,0,none,3082484375,3082500083,15708,3125,9458,83,10,0,random_50,0,1
1,stress_random,20001,2964,2964,r_2964,1,qualified_ref,1,0,none,3083509375,3083525083,15708,3125,9458,83,10,0,random_50,0,1
1,stress_random,20001,2965,2965,r_2965,1,qualified_ref,1,0,none,3084534375,3084550083,15708,3125,9458,83,10,0,random_50,0,1
1,stress_random,20001,2966,2966,r_2966,1,qualified_ref,1,0,none,3085559375,3085575083,15708,3125,9458,83,10,0,random_50,0,1
1,stress_random,20001,2967,2967,r_2967,1,qualified_ref,1,0,none,3086584375,3086600083,15708,3125,9458,83,10,0,random_50,0,1
1,stress_random,20001,2968,2968,r_2968,1,qualified_ref,1,0,none,3087609375,3087625083,15708,3125,9458,83,10,0,random_50,0,1
1,stress_random,20001,2969,2969,r_2969,1,qualified_ref,1,0,none,3088634375,3088650083,15708,3125,9458,83,10,0,random_50,0,1
1,stress_random,20001,2970,2970,r_2970,1,qualified_ref,1,0,none,3089659375,3089675083,15708,3125,9458,83,10,0,random_50,0,1
1,stress_random,20001,2971,2971,r_2971,1,qualified_ref,1,0,none,3090684375,3090700083,15708,3125,9458,83,10,0,random_50,0,1
1,stress_random,20001,2972,2972,r_2972,1,qualified_ref,1,0,none,3091709375,3091725083,15708,3125,9458,83,10,0,random_50,0,1
1,stress_random,20001,2973,2973,r_2973,1,qualified_ref,1,0,none,3092734375,3092750083,15708,3125,9458,83,10,0,random_50,0,1
1,stress_random,20001,2974,2974,r_2974,1,qualified_ref,1,0,none,3093759375,3093775083,15708,3125,9458,83,10,0,random_50,0,1
1,stress_random,20001,2975,2975,r_2975,1,qualified_ref,1,0,none,3094784375,3094800083,15708,3125,9458,83,10,0,random_50,0,1
1,stress_random,20001,2976,2976,r_2976,1,qualified_ref,1,0,none,3095809375,3095825083,15708,3125,9458,83,10,0,random_50,0,1
1,stress_random,20001,2977,2977,r_2977,1,qualified_ref,1,0,none,3096834375,3096850083,15708,3125,9458,83,10,0,random_50,0,1
1,stress_random,20001,2978,2978,r_2978,1,qualified_ref,1,0,none,3097859375,3097875083,15708,3125,9458,83,10,0,random_50,0,1
1,stress_random,20001,2979,2979,r_2979,1,qualified_ref,1,0,none,3098884375,3098900083,15708,3125,9458,83,10,0,random_50,0,1
1,stress_random,20001,2980,2980,r_2980,1,qualified_ref,1,0,none,3099909375,3099925083,15708,3125,9458,83,10,0,random_50,0,1
1,stress_random,20001,2981,2981,r_2981,1,qualified_ref,1,0,none,3100934375,3100950083,15708,3125,9458,83,10,0,random_50,0,1
1,stress_random,20001,2982,2982,r_2982,1,qualified_ref,1,0,none,3101959375,3101975083,15708,3125,9458,83,10,0,random_50,0,1
1,stress_random,20001,2983,2983,r_2983,1,qualified_ref,1,0,none,3102984375,3103000083,15708,3125,9458,83,10,0,random_50,0,1
1,stress_random,20001,2984,2984,r_2984,1,qualified_ref,1,0,none,3104009375,3104025083,15708,3125,9458,83,10,0,random_50,0,1
1,stress_random,20001,2985,2985,r_2985,1,qualified_ref,1,0,none,3105034375,3105050083,15708,3125,9458,83,10,0,random_50,0,1
1,stress_random,20001,2986,2986,r_2986,1,qualified_ref,1,0,none,3106059375,3106075083,15708,3125,9458,83,10,0,random_50,0,1
1,stress_random,20001,2987,2987,r_2987,1,qualified_ref,1,0,none,3107084375,3107100083,15708,3125,9458,83,10,0,random_50,0,1
1,stress_random,20001,2988,2988,r_2988,1,qualified_ref,1,0,none,3108109375,3108125083,15708,3125,9458,83,10,0,random_50,0,1
1,stress_random,20001,2989,2989,r_2989,1,qualified_ref,1,0,none,3109134375,3109150083,15708,3125,9458,83,10,0,random_50,0,1
1,stress_random,20001,2990,2990,r_2990,1,qualified_ref,1,0,none,3110159375,3110175083,15708,3125,9458,83,10,0,random_50,0,1
1,stress_random,20001,2991,2991,r_2991,1,qualified_ref,1,0,none,3111184375,3111200083,15708,3125,9458,83,10,0,random_50,0,1
1,stress_random,20001,2992,2992,r_2992,1,qualified_ref,1,0,none,3112209375,3112225083,15708,3125,9458,83,10,0,random_50,0,1
1,stress_random,20001,2993,2993,r_2993,1,qualified_ref,1,0,none,3113234375,3113250083,15708,3125,9458,83,10,0,random_50,0,1
1,stress_random,20001,2994,2994,r_2994,1,qualified_ref,1,0,none,3114259375,3114275083,15708,3125,9458,83,10,0,random_50,0,1
1,stress_random,20001,2995,2995,r_2995,1,qualified_ref,1,0,none,3115284375,3115300083,15708,3125,9458,83,10,0,random_50,0,1
1,stress_random,20001,2996,2996,r_2996,1,qualified_ref,1,0,none,3116309375,3116325083,15708,3125,9458,83,10,0,random_50,0,1
1,stress_random,20001,2997,2997,r_2997,1,qualified_ref,1,0,none,3117334375,3117350083,15708,3125,9458,83,10,0,random_50,0,1
1,stress_random,20001,2998,2998,r_2998,1,qualified_ref,1,0,none,3118359375,3118375083,15708,3125,9458,83,10,0,random_50,0,1
1,stress_random,20001,2999,2999,r_2999,1,qualified_ref,1,0,none,3119384375,3119400083,15708,3125,9458,83,10,0,random_50,0,1
1,stress_random,20001,3000,3000,r_3000,0,qualified_ref,1,0,none,3124509375,3124525083,15708,3125,9458,83,4,0,always_ready,0,1
1,stress_random,20001,3001,3001,r_3001,0,qualified_ref,1,0,none,3125534375,3125550083,15708,3125,9458,83,4,0,always_ready,0,1
1,stress_random,20001,3002,3002,r_3002,0,qualified_ref,1,0,none,3126559375,3126575083,15708,3125,9458,83,4,0,always_ready,0,1
1,stress_random,20001,3003,3003,r_3003,0,qualified_ref,1,0,none,3127584375,3127600083,15708,3125,9458,83,4,0,always_ready,0,1
1,stress_random,20001,3004,3004,r_3004,0,qualified_ref,1,0,none,3128609375,3128625083,15708,3125,9458,83,4,0,always_ready,0,1
1,stress_random,20001,3005,3005,r_3005,0,qualified_ref,1,0,none,3129634375,3129650083,15708,3125,9458,83,4,0,always_ready,0,1
1,stress_random,20001,3006,3006,r_3006,0,qualified_ref,1,0,none,3130659375,3130675083,15708,3125,9458,83,4,0,always_ready,0,1
1,stress_random,20001,3007,3007,r_3007,0,qualified_ref,1,0,none,3131684375,3131700083,15708,3125,9458,83,4,0,always_ready,0,1
1,stress_random,20001,3008,3008,r_3008,0,qualified_ref,1,0,none,3132709375,3132725083,15708,3125,9458,83,4,0,always_ready,0,1
1,stress_random,20001,3009,3009,r_3009,0,qualified_ref,1,0,none,3133734375,3133750083,15708,3125,9458,83,4,0,always_ready,0,1
1,stress_random,20001,3010,3010,r_3010,0,qualified_ref,1,0,none,3134759375,3134775083,15708,3125,9458,83,4,0,always_ready,0,1
1,stress_random,20001,3011,3011,r_3011,0,qualified_ref,1,0,none,3135784375,3135800083,15708,3125,9458,83,4,0,always_ready,0,1
1,stress_random,20001,3012,3012,r_3012,0,qualified_ref,1,0,none,3136809375,3136825083,15708,3125,9458,83,4,0,always_ready,0,1
1,stress_random,20001,3013,3013,r_3013,0,qualified_ref,1,0,none,3137834375,3137850083,15708,3125,9458,83,4,0,always_ready,0,1
1,stress_random,20001,3014,3014,r_3014,0,qualified_ref,1,0,none,3138859375,3138875083,15708,3125,9458,83,4,0,always_ready,0,1
1,stress_random,20001,3015,3015,r_3015,0,qualified_ref,1,0,none,3139884375,3139900083,15708,3125,9458,83,4,0,always_ready,0,1
1,stress_random,20001,3016,3016,r_3016,0,qualified_ref,1,0,none,3140909375,3140925083,15708,3125,9458,83,4,0,always_ready,0,1
1,stress_random,20001,3017,3017,r_3017,0,qualified_ref,1,0,none,3141934375,3141950083,15708,3125,9458,83,4,0,always_ready,0,1
1,stress_random,20001,3018,3018,r_3018,0,qualified_ref,1,0,none,3142959375,3142975083,15708,3125,9458,83,4,0,always_ready,0,1
1,stress_random,20001,3019,3019,r_3019,0,qualified_ref,1,0,none,3143984375,3144000083,15708,3125,9458,83,4,0,always_ready,0,1
1,stress_random,20001,3020,3020,r_3020,0,qualified_ref,1,0,none,3145009375,3145025083,15708,3125,9458,83,4,0,always_ready,0,1
1,stress_random,20001,3021,3021,r_3021,0,qualified_ref,1,0,none,3146034375,3146050083,15708,3125,9458,83,4,0,always_ready,0,1
1,stress_random,20001,3022,3022,r_3022,0,qualified_ref,1,0,none,3147059375,3147075083,15708,3125,9458,83,4,0,always_ready,0,1
1,stress_random,20001,3023,3023,r_3023,0,qualified_ref,1,0,none,3148084375,3148100083,15708,3125,9458,83,4,0,always_ready,0,1
1,stress_random,20001,3024,3024,r_3024,0,qualified_ref,1,0,none,3149109375,3149125083,15708,3125,9458,83,4,0,always_ready,0,1
1,stress_random,20001,3025,3025,r_3025,0,qualified_ref,1,0,none,3150134375,3150150083,15708,3125,9458,83,4,0,always_ready,0,1
1,stress_random,20001,3026,3026,r_3026,0,qualified_ref,1,0,none,3151159375,3151175083,15708,3125,9458,83,4,0,always_ready,0,1
1,stress_random,20001,3027,3027,r_3027,0,qualified_ref,1,0,none,3152184375,3152200083,15708,3125,9458,83,4,0,always_ready,0,1
1,stress_random,20001,3028,3028,r_3028,0,qualified_ref,1,0,none,3153209375,3153225083,15708,3125,9458,83,4,0,always_ready,0,1
1,stress_random,20001,3029,3029,r_3029,0,qualified_ref,1,0,none,3154234375,3154250083,15708,3125,9458,83,4,0,always_ready,0,1
1,stress_random,20001,3030,3030,r_3030,0,qualified_ref,1,0,none,3155259375,3155275083,15708,3125,9458,83,4,0,always_ready,0,1
1,stress_random,20001,3031,3031,r_3031,0,qualified_ref,1,0,none,3156284375,3156300083,15708,3125,9458,83,4,0,always_ready,0,1
1,stress_random,20001,3032,3032,r_3032,0,qualified_ref,1,0,none,3157309375,3157325083,15708,3125,9458,83,4,0,always_ready,0,1
1,stress_random,20001,3033,3033,r_3033,0,qualified_ref,1,0,none,3158334375,3158350083,15708,3125,9458,83,4,0,always_ready,0,1
1,stress_random,20001,3034,3034,r_3034,0,qualified_ref,1,0,none,3159359375,3159375083,15708,3125,9458,83,4,0,always_ready,0,1
1,stress_random,20001,3035,3035,r_3035,0,qualified_ref,1,0,none,3160384375,3160400083,15708,3125,9458,83,4,0,always_ready,0,1
1,stress_random,20001,3036,3036,r_3036,0,qualified_ref,1,0,none,3161409375,3161425083,15708,3125,9458,83,4,0,always_ready,0,1
1,stress_random,20001,3037,3037,r_3037,0,qualified_ref,1,0,none,3162434375,3162450083,15708,3125,9458,83,4,0,always_ready,0,1
1,stress_random,20001,3038,3038,r_3038,0,qualified_ref,1,0,none,3163459375,3163475083,15708,3125,9458,83,4,0,always_ready,0,1
1,stress_random,20001,3039,3039,r_3039,0,qualified_ref,1,0,none,3164484375,3164500083,15708,3125,9458,83,4,0,always_ready,0,1
1,stress_random,20001,3040,3040,r_3040,0,qualified_ref,1,0,none,3165509375,3165525083,15708,3125,9458,83,4,0,always_ready,0,1
1,stress_random,20001,3041,3041,r_3041,0,qualified_ref,1,0,none,3166534375,3166550083,15708,3125,9458,83,4,0,always_ready,0,1
1,stress_random,20001,3042,3042,r_3042,0,qualified_ref,1,0,none,3167559375,3167575083,15708,3125,9458,83,4,0,always_ready,0,1
1,stress_random,20001,3043,3043,r_3043,0,qualified_ref,1,0,none,3168584375,3168600083,15708,3125,9458,83,4,0,always_ready,0,1
1,stress_random,20001,3044,3044,r_3044,0,qualified_ref,1,0,none,3169609375,3169625083,15708,3125,9458,83,4,0,always_ready,0,1
1,stress_random,20001,3045,3045,r_3045,0,qualified_ref,1,0,none,3170634375,3170650083,15708,3125,9458,83,4,0,always_ready,0,1
1,stress_random,20001,3046,3046,r_3046,0,qualified_ref,1,0,none,3171659375,3171675083,15708,3125,9458,83,4,0,always_ready,0,1
1,stress_random,20001,3047,3047,r_3047,0,qualified_ref,1,0,none,3172684375,3172700083,15708,3125,9458,83,4,0,always_ready,0,1
1,stress_random,20001,3048,3048,r_3048,0,qualified_ref,1,0,none,3173709375,3173725083,15708,3125,9458,83,4,0,always_ready,0,1
1,stress_random,20001,3049,3049,r_3049,0,qualified_ref,1,0,none,3174734375,3174750083,15708,3125,9458,83,4,0,always_ready,0,1
1,stress_random,20001,3050,3050,r_3050,0,qualified_ref,1,0,none,3175759375,3175775083,15708,3125,9458,83,4,0,always_ready,0,1
1,stress_random,20001,3051,3051,r_3051,0,qualified_ref,1,0,none,3176784375,3176800083,15708,3125,9458,83,4,0,always_ready,0,1
1,stress_random,20001,3052,3052,r_3052,0,qualified_ref,1,0,none,3177809375,3177825083,15708,3125,9458,83,4,0,always_ready,0,1
1,stress_random,20001,3053,3053,r_3053,0,qualified_ref,1,0,none,3178834375,3178850083,15708,3125,9458,83,4,0,always_ready,0,1
1,stress_random,20001,3054,3054,r_3054,0,qualified_ref,1,0,none,3179859375,3179875083,15708,3125,9458,83,4,0,always_ready,0,1
1,stress_random,20001,3055,3055,r_3055,0,qualified_ref,1,0,none,3180884375,3180900083,15708,3125,9458,83,4,0,always_ready,0,1
1,stress_random,20001,3056,3056,r_3056,0,qualified_ref,1,0,none,3181909375,3181925083,15708,3125,9458,83,4,0,always_ready,0,1
1,stress_random,20001,3057,3057,r_3057,0,qualified_ref,1,0,none,3182934375,3182950083,15708,3125,9458,83,4,0,always_ready,0,1
1,stress_random,20001,3058,3058,r_3058,0,qualified_ref,1,0,none,3183959375,3183975083,15708,3125,9458,83,4,0,always_ready,0,1
1,stress_random,20001,3059,3059,r_3059,0,qualified_ref,1,0,none,3184984375,3185000083,15708,3125,9458,83,4,0,always_ready,0,1
1,stress_random,20001,3060,3060,r_3060,0,qualified_ref,1,0,none,3186009375,3186025083,15708,3125,9458,83,4,0,always_ready,0,1
1,stress_random,20001,3061,3061,r_3061,0,qualified_ref,1,0,none,3187034375,3187050083,15708,3125,9458,83,4,0,always_ready,0,1
1,stress_random,20001,3062,3062,r_3062,0,qualified_ref,1,0,none,3188059375,3188075083,15708,3125,9458,83,4,0,always_ready,0,1
1,stress_random,20001,3063,3063,r_3063,0,qualified_ref,1,0,none,3189084375,3189100083,15708,3125,9458,83,4,0,always_ready,0,1
1,stress_random,20001,3064,3064,r_3064,0,qualified_ref,1,0,none,3190109375,3190125083,15708,3125,9458,83,4,0,always_ready,0,1
1,stress_random,20001,3065,3065,r_3065,0,qualified_ref,1,0,none,3191134375,3191150083,15708,3125,9458,83,4,0,always_ready,0,1
1,stress_random,20001,3066,3066,r_3066,0,qualified_ref,1,0,none,3192159375,3192175083,15708,3125,9458,83,4,0,always_ready,0,1
1,stress_random,20001,3067,3067,r_3067,0,qualified_ref,1,0,none,3193184375,3193200083,15708,3125,9458,83,4,0,always_ready,0,1
1,stress_random,20001,3068,3068,r_3068,0,qualified_ref,1,0,none,3194209375,3194225083,15708,3125,9458,83,4,0,always_ready,0,1
1,stress_random,20001,3069,3069,r_3069,0,qualified_ref,1,0,none,3195234375,3195250083,15708,3125,9458,83,4,0,always_ready,0,1
1,stress_random,20001,3070,3070,r_3070,0,qualified_ref,1,0,none,3196259375,3196275083,15708,3125,9458,83,4,0,always_ready,0,1
1,stress_random,20001,3071,3071,r_3071,0,qualified_ref,1,0,none,3197284375,3197300083,15708,3125,9458,83,4,0,always_ready,0,1
1,stress_random,20001,3072,3072,r_3072,0,qualified_ref,1,0,none,3198309375,3198325083,15708,3125,9458,83,4,0,always_ready,0,1
1,stress_random,20001,3073,3073,r_3073,0,qualified_ref,1,0,none,3199334375,3199350083,15708,3125,9458,83,4,0,always_ready,0,1
1,stress_random,20001,3074,3074,r_3074,0,qualified_ref,1,0,none,3200359375,3200375083,15708,3125,9458,83,4,0,always_ready,0,1
1,stress_random,20001,3075,3075,r_3075,0,qualified_ref,1,0,none,3201384375,3201400083,15708,3125,9458,83,4,0,always_ready,0,1
1,stress_random,20001,3076,3076,r_3076,0,qualified_ref,1,0,none,3202409375,3202425083,15708,3125,9458,83,4,0,always_ready,0,1
1,stress_random,20001,3077,3077,r_3077,0,qualified_ref,1,0,none,3203434375,3203450083,15708,3125,9458,83,4,0,always_ready,0,1
1,stress_random,20001,3078,3078,r_3078,0,qualified_ref,1,0,none,3204459375,3204475083,15708,3125,9458,83,4,0,always_ready,0,1
1,stress_random,20001,3079,3079,r_3079,0,qualified_ref,1,0,none,3205484375,3205500083,15708,3125,9458,83,4,0,always_ready,0,1
1,stress_random,20001,3080,3080,r_3080,0,qualified_ref,1,0,none,3206509375,3206525083,15708,3125,9458,83,4,0,always_ready,0,1
1,stress_random,20001,3081,3081,r_3081,0,qualified_ref,1,0,none,3207534375,3207550083,15708,3125,9458,83,4,0,always_ready,0,1
1,stress_random,20001,3082,3082,r_3082,0,qualified_ref,1,0,none,3208559375,3208575083,15708,3125,9458,83,4,0,always_ready,0,1
1,stress_random,20001,3083,3083,r_3083,0,qualified_ref,1,0,none,3209584375,3209600083,15708,3125,9458,83,4,0,always_ready,0,1
1,stress_random,20001,3084,3084,r_3084,0,qualified_ref,1,0,none,3210609375,3210625083,15708,3125,9458,83,4,0,always_ready,0,1
1,stress_random,20001,3085,3085,r_3085,0,qualified_ref,1,0,none,3211634375,3211650083,15708,3125,9458,83,4,0,always_ready,0,1
1,stress_random,20001,3086,3086,r_3086,0,qualified_ref,1,0,none,3212659375,3212675083,15708,3125,9458,83,4,0,always_ready,0,1
1,stress_random,20001,3087,3087,r_3087,0,qualified_ref,1,0,none,3213684375,3213700083,15708,3125,9458,83,4,0,always_ready,0,1
1,stress_random,20001,3088,3088,r_3088,0,qualified_ref,1,0,none,3214709375,3214725083,15708,3125,9458,83,4,0,always_ready,0,1
1,stress_random,20001,3089,3089,r_3089,0,qualified_ref,1,0,none,3215734375,3215750083,15708,3125,9458,83,4,0,always_ready,0,1
1,stress_random,20001,3090,3090,r_3090,0,qualified_ref,1,0,none,3216759375,3216775083,15708,3125,9458,83,4,0,always_ready,0,1
1,stress_random,20001,3091,3091,r_3091,0,qualified_ref,1,0,none,3217784375,3217800083,15708,3125,9458,83,4,0,always_ready,0,1
1,stress_random,20001,3092,3092,r_3092,0,qualified_ref,1,0,none,3218809375,3218825083,15708,3125,9458,83,4,0,always_ready,0,1
1,stress_random,20001,3093,3093,r_3093,0,qualified_ref,1,0,none,3219834375,3219850083,15708,3125,9458,83,4,0,always_ready,0,1
1,stress_random,20001,3094,3094,r_3094,0,qualified_ref,1,0,none,3220859375,3220875083,15708,3125,9458,83,4,0,always_ready,0,1
1,stress_random,20001,3095,3095,r_3095,0,qualified_ref,1,0,none,3221884375,3221900083,15708,3125,9458,83,4,0,always_ready,0,1
1,stress_random,20001,3096,3096,r_3096,0,qualified_ref,1,0,none,3222909375,3222925083,15708,3125,9458,83,4,0,always_ready,0,1
1,stress_random,20001,3097,3097,r_3097,0,qualified_ref,1,0,none,3223934375,3223950083,15708,3125,9458,83,4,0,always_ready,0,1
1,stress_random,20001,3098,3098,r_3098,0,qualified_ref,1,0,none,3224959375,3224975083,15708,3125,9458,83,4,0,always_ready,0,1
1,stress_random,20001,3099,3099,r_3099,0,qualified_ref,1,0,none,3225984375,3226000083,15708,3125,9458,83,4,0,always_ready,0,1
1,stress_random,20001,3100,3100,r_3100,0,qualified_ref,1,0,none,3227009375,3227025083,15708,3125,9458,83,4,0,always_ready,0,1
1,stress_random,20001,3101,3101,r_3101,0,qualified_ref,1,0,none,3228034375,3228050083,15708,3125,9458,83,4,0,always_ready,0,1
1,stress_random,20001,3102,3102,r_3102,0,qualified_ref,1,0,none,3229059375,3229075083,15708,3125,9458,83,4,0,always_ready,0,1
1,stress_random,20001,3103,3103,r_3103,0,qualified_ref,1,0,none,3230084375,3230100083,15708,3125,9458,83,4,0,always_ready,0,1
1,stress_random,20001,3104,3104,r_3104,0,qualified_ref,1,0,none,3231109375,3231125083,15708,3125,9458,83,4,0,always_ready,0,1
1,stress_random,20001,3105,3105,r_3105,0,qualified_ref,1,0,none,3232134375,3232150083,15708,3125,9458,83,4,0,always_ready,0,1
1,stress_random,20001,3106,3106,r_3106,0,qualified_ref,1,0,none,3233159375,3233175083,15708,3125,9458,83,4,0,always_ready,0,1
1,stress_random,20001,3107,3107,r_3107,0,qualified_ref,1,0,none,3234184375,3234200083,15708,3125,9458,83,4,0,always_ready,0,1
1,stress_random,20001,3108,3108,r_3108,0,qualified_ref,1,0,none,3235209375,3235225083,15708,3125,9458,83,4,0,always_ready,0,1
1,stress_random,20001,3109,3109,r_3109,0,qualified_ref,1,0,none,3236234375,3236250083,15708,3125,9458,83,4,0,always_ready,0,1
1,stress_random,20001,3110,3110,r_3110,0,qualified_ref,1,0,none,3237259375,3237275083,15708,3125,9458,83,4,0,always_ready,0,1
1,stress_random,20001,3111,3111,r_3111,0,qualified_ref,1,0,none,3238284375,3238300083,15708,3125,9458,83,4,0,always_ready,0,1
1,stress_random,20001,3112,3112,r_3112,0,qualified_ref,1,0,none,3239309375,3239325083,15708,3125,9458,83,4,0,always_ready,0,1
1,stress_random,20001,3113,3113,r_3113,0,qualified_ref,1,0,none,3240334375,3240350083,15708,3125,9458,83,4,0,always_ready,0,1
1,stress_random,20001,3114,3114,r_3114,0,qualified_ref,1,0,none,3241359375,3241375083,15708,3125,9458,83,4,0,always_ready,0,1
1,stress_random,20001,3115,3115,r_3115,0,qualified_ref,1,0,none,3242384375,3242400083,15708,3125,9458,83,4,0,always_ready,0,1
1,stress_random,20001,3116,3116,r_3116,0,qualified_ref,1,0,none,3243409375,3243425083,15708,3125,9458,83,4,0,always_ready,0,1
1,stress_random,20001,3117,3117,r_3117,0,qualified_ref,1,0,none,3244434375,3244450083,15708,3125,9458,83,4,0,always_ready,0,1
1,stress_random,20001,3118,3118,r_3118,0,qualified_ref,1,0,none,3245459375,3245475083,15708,3125,9458,83,4,0,always_ready,0,1
1,stress_random,20001,3119,3119,r_3119,0,qualified_ref,1,0,none,3246484375,3246500083,15708,3125,9458,83,4,0,always_ready,0,1
1,stress_random,20001,3120,3120,r_3120,0,qualified_ref,1,0,none,3247509375,3247525083,15708,3125,9458,83,4,0,always_ready,0,1
1,stress_random,20001,3121,3121,r_3121,0,qualified_ref,1,0,none,3248534375,3248550083,15708,3125,9458,83,4,0,always_ready,0,1
1,stress_random,20001,3122,3122,r_3122,0,qualified_ref,1,0,none,3249559375,3249575083,15708,3125,9458,83,4,0,always_ready,0,1
1,stress_random,20001,3123,3123,r_3123,0,qualified_ref,1,0,none,3250584375,3250600083,15708,3125,9458,83,4,0,always_ready,0,1
1,stress_random,20001,3124,3124,r_3124,0,qualified_ref,1,0,none,3251609375,3251625083,15708,3125,9458,83,4,0,always_ready,0,1
1,stress_random,20001,3125,3125,r_3125,0,qualified_ref,1,0,none,3252634375,3252650083,15708,3125,9458,83,4,0,always_ready,0,1
1,stress_random,20001,3126,3126,r_3126,0,qualified_ref,1,0,none,3253659375,3253675083,15708,3125,9458,83,4,0,always_ready,0,1
1,stress_random,20001,3127,3127,r_3127,0,qualified_ref,1,0,none,3254684375,3254700083,15708,3125,9458,83,4,0,always_ready,0,1
1,stress_random,20001,3128,3128,r_3128,0,qualified_ref,1,0,none,3255709375,3255725083,15708,3125,9458,83,4,0,always_ready,0,1
1,stress_random,20001,3129,3129,r_3129,0,qualified_ref,1,0,none,3256734375,3256750083,15708,3125,9458,83,4,0,always_ready,0,1
1,stress_random,20001,3130,3130,r_3130,0,qualified_ref,1,0,none,3257759375,3257775083,15708,3125,9458,83,4,0,always_ready,0,1
1,stress_random,20001,3131,3131,r_3131,0,qualified_ref,1,0,none,3258784375,3258800083,15708,3125,9458,83,4,0,always_ready,0,1
1,stress_random,20001,3132,3132,r_3132,0,qualified_ref,1,0,none,3259809375,3259825083,15708,3125,9458,83,4,0,always_ready,0,1
1,stress_random,20001,3133,3133,r_3133,0,qualified_ref,1,0,none,3260834375,3260850083,15708,3125,9458,83,4,0,always_ready,0,1
1,stress_random,20001,3134,3134,r_3134,0,qualified_ref,1,0,none,3261859375,3261875083,15708,3125,9458,83,4,0,always_ready,0,1
1,stress_random,20001,3135,3135,r_3135,0,qualified_ref,1,0,none,3262884375,3262900083,15708,3125,9458,83,4,0,always_ready,0,1
1,stress_random,20001,3136,3136,r_3136,0,qualified_ref,1,0,none,3263909375,3263925083,15708,3125,9458,83,4,0,always_ready,0,1
1,stress_random,20001,3137,3137,r_3137,0,qualified_ref,1,0,none,3264934375,3264950083,15708,3125,9458,83,4,0,always_ready,0,1
1,stress_random,20001,3138,3138,r_3138,0,qualified_ref,1,0,none,3265959375,3265975083,15708,3125,9458,83,4,0,always_ready,0,1
1,stress_random,20001,3139,3139,r_3139,0,qualified_ref,1,0,none,3266984375,3267000083,15708,3125,9458,83,4,0,always_ready,0,1
1,stress_random,20001,3140,3140,r_3140,0,qualified_ref,1,0,none,3268009375,3268025083,15708,3125,9458,83,4,0,always_ready,0,1
1,stress_random,20001,3141,3141,r_3141,0,qualified_ref,1,0,none,3269034375,3269050083,15708,3125,9458,83,4,0,always_ready,0,1
1,stress_random,20001,3142,3142,r_3142,0,qualified_ref,1,0,none,3270059375,3270075083,15708,3125,9458,83,4,0,always_ready,0,1
1,stress_random,20001,3143,3143,r_3143,0,qualified_ref,1,0,none,3271084375,3271100083,15708,3125,9458,83,4,0,always_ready,0,1
1,stress_random,20001,3144,3144,r_3144,0,qualified_ref,1,0,none,3272109375,3272125083,15708,3125,9458,83,4,0,always_ready,0,1
1,stress_random,20001,3145,3145,r_3145,0,qualified_ref,1,0,none,3273134375,3273150083,15708,3125,9458,83,4,0,always_ready,0,1
1,stress_random,20001,3146,3146,r_3146,0,qualified_ref,1,0,none,3274159375,3274175083,15708,3125,9458,83,4,0,always_ready,0,1
1,stress_random,20001,3147,3147,r_3147,0,qualified_ref,1,0,none,3275184375,3275200083,15708,3125,9458,83,4,0,always_ready,0,1
1,stress_random,20001,3148,3148,r_3148,0,qualified_ref,1,0,none,3276209375,3276225083,15708,3125,9458,83,4,0,always_ready,0,1
1,stress_random,20001,3149,3149,r_3149,0,qualified_ref,1,0,none,3277234375,3277250083,15708,3125,9458,83,4,0,always_ready,0,1
1,stress_random,20001,3150,3150,r_3150,0,qualified_ref,1,0,none,3278259375,3278275083,15708,3125,9458,83,4,0,always_ready,0,1
1,stress_random,20001,3151,3151,r_3151,0,qualified_ref,1,0,none,3279284375,3279300083,15708,3125,9458,83,4,0,always_ready,0,1
1,stress_random,20001,3152,3152,r_3152,0,qualified_ref,1,0,none,3280309375,3280325083,15708,3125,9458,83,4,0,always_ready,0,1
1,stress_random,20001,3153,3153,r_3153,0,qualified_ref,1,0,none,3281334375,3281350083,15708,3125,9458,83,4,0,always_ready,0,1
1,stress_random,20001,3154,3154,r_3154,0,qualified_ref,1,0,none,3282359375,3282375083,15708,3125,9458,83,4,0,always_ready,0,1
1,stress_random,20001,3155,3155,r_3155,0,qualified_ref,1,0,none,3283384375,3283400083,15708,3125,9458,83,4,0,always_ready,0,1
1,stress_random,20001,3156,3156,r_3156,0,qualified_ref,1,0,none,3284409375,3284425083,15708,3125,9458,83,4,0,always_ready,0,1
1,stress_random,20001,3157,3157,r_3157,0,qualified_ref,1,0,none,3285434375,3285450083,15708,3125,9458,83,4,0,always_ready,0,1
1,stress_random,20001,3158,3158,r_3158,0,qualified_ref,1,0,none,3286459375,3286475083,15708,3125,9458,83,4,0,always_ready,0,1
1,stress_random,20001,3159,3159,r_3159,0,qualified_ref,1,0,none,3287484375,3287500083,15708,3125,9458,83,4,0,always_ready,0,1
1,stress_random,20001,3160,3160,r_3160,0,qualified_ref,1,0,none,3288509375,3288525083,15708,3125,9458,83,4,0,always_ready,0,1
1,stress_random,20001,3161,3161,r_3161,0,qualified_ref,1,0,none,3289534375,3289550083,15708,3125,9458,83,4,0,always_ready,0,1
1,stress_random,20001,3162,3162,r_3162,0,qualified_ref,1,0,none,3290559375,3290575083,15708,3125,9458,83,4,0,always_ready,0,1
1,stress_random,20001,3163,3163,r_3163,0,qualified_ref,1,0,none,3291584375,3291600083,15708,3125,9458,83,4,0,always_ready,0,1
1,stress_random,20001,3164,3164,r_3164,0,qualified_ref,1,0,none,3292609375,3292625083,15708,3125,9458,83,4,0,always_ready,0,1
1,stress_random,20001,3165,3165,r_3165,0,qualified_ref,1,0,none,3293634375,3293650083,15708,3125,9458,83,4,0,always_ready,0,1
1,stress_random,20001,3166,3166,r_3166,0,qualified_ref,1,0,none,3294659375,3294675083,15708,3125,9458,83,4,0,always_ready,0,1
1,stress_random,20001,3167,3167,r_3167,0,qualified_ref,1,0,none,3295684375,3295700083,15708,3125,9458,83,4,0,always_ready,0,1
1,stress_random,20001,3168,3168,r_3168,0,qualified_ref,1,0,none,3296709375,3296725083,15708,3125,9458,83,4,0,always_ready,0,1
1,stress_random,20001,3169,3169,r_3169,0,qualified_ref,1,0,none,3297734375,3297750083,15708,3125,9458,83,4,0,always_ready,0,1
1,stress_random,20001,3170,3170,r_3170,0,qualified_ref,1,0,none,3298759375,3298775083,15708,3125,9458,83,4,0,always_ready,0,1
1,stress_random,20001,3171,3171,r_3171,0,qualified_ref,1,0,none,3299784375,3299800083,15708,3125,9458,83,4,0,always_ready,0,1
1,stress_random,20001,3172,3172,r_3172,0,qualified_ref,1,0,none,3300809375,3300825083,15708,3125,9458,83,4,0,always_ready,0,1
1,stress_random,20001,3173,3173,r_3173,0,qualified_ref,1,0,none,3301834375,3301850083,15708,3125,9458,83,4,0,always_ready,0,1
1,stress_random,20001,3174,3174,r_3174,0,qualified_ref,1,0,none,3302859375,3302875083,15708,3125,9458,83,4,0,always_ready,0,1
1,stress_random,20001,3175,3175,r_3175,0,qualified_ref,1,0,none,3303884375,3303900083,15708,3125,9458,83,4,0,always_ready,0,1
1,stress_random,20001,3176,3176,r_3176,0,qualified_ref,1,0,none,3304909375,3304925083,15708,3125,9458,83,4,0,always_ready,0,1
1,stress_random,20001,3177,3177,r_3177,0,qualified_ref,1,0,none,3305934375,3305950083,15708,3125,9458,83,4,0,always_ready,0,1
1,stress_random,20001,3178,3178,r_3178,0,qualified_ref,1,0,none,3306959375,3306975083,15708,3125,9458,83,4,0,always_ready,0,1
1,stress_random,20001,3179,3179,r_3179,0,qualified_ref,1,0,none,3307984375,3308000083,15708,3125,9458,83,4,0,always_ready,0,1
1,stress_random,20001,3180,3180,r_3180,0,qualified_ref,1,0,none,3309009375,3309025083,15708,3125,9458,83,4,0,always_ready,0,1
1,stress_random,20001,3181,3181,r_3181,0,qualified_ref,1,0,none,3310034375,3310050083,15708,3125,9458,83,4,0,always_ready,0,1
1,stress_random,20001,3182,3182,r_3182,0,qualified_ref,1,0,none,3311059375,3311075083,15708,3125,9458,83,4,0,always_ready,0,1
1,stress_random,20001,3183,3183,r_3183,0,qualified_ref,1,0,none,3312084375,3312100083,15708,3125,9458,83,4,0,always_ready,0,1
1,stress_random,20001,3184,3184,r_3184,0,qualified_ref,1,0,none,3313109375,3313125083,15708,3125,9458,83,4,0,always_ready,0,1
1,stress_random,20001,3185,3185,r_3185,0,qualified_ref,1,0,none,3314134375,3314150083,15708,3125,9458,83,4,0,always_ready,0,1
1,stress_random,20001,3186,3186,r_3186,0,qualified_ref,1,0,none,3315159375,3315175083,15708,3125,9458,83,4,0,always_ready,0,1
1,stress_random,20001,3187,3187,r_3187,0,qualified_ref,1,0,none,3316184375,3316200083,15708,3125,9458,83,4,0,always_ready,0,1
1,stress_random,20001,3188,3188,r_3188,0,qualified_ref,1,0,none,3317209375,3317225083,15708,3125,9458,83,4,0,always_ready,0,1
1,stress_random,20001,3189,3189,r_3189,0,qualified_ref,1,0,none,3318234375,3318250083,15708,3125,9458,83,4,0,always_ready,0,1
1,stress_random,20001,3190,3190,r_3190,0,qualified_ref,1,0,none,3319259375,3319275083,15708,3125,9458,83,4,0,always_ready,0,1
1,stress_random,20001,3191,3191,r_3191,0,qualified_ref,1,0,none,3320284375,3320300083,15708,3125,9458,83,4,0,always_ready,0,1
1,stress_random,20001,3192,3192,r_3192,0,qualified_ref,1,0,none,3321309375,3321325083,15708,3125,9458,83,4,0,always_ready,0,1
1,stress_random,20001,3193,3193,r_3193,0,qualified_ref,1,0,none,3322334375,3322350083,15708,3125,9458,83,4,0,always_ready,0,1
1,stress_random,20001,3194,3194,r_3194,0,qualified_ref,1,0,none,3323359375,3323375083,15708,3125,9458,83,4,0,always_ready,0,1
1,stress_random,20001,3195,3195,r_3195,0,qualified_ref,1,0,none,3324384375,3324400083,15708,3125,9458,83,4,0,always_ready,0,1
1,stress_random,20001,3196,3196,r_3196,0,qualified_ref,1,0,none,3325409375,3325425083,15708,3125,9458,83,4,0,always_ready,0,1
1,stress_random,20001,3197,3197,r_3197,0,qualified_ref,1,0,none,3326434375,3326450083,15708,3125,9458,83,4,0,always_ready,0,1
1,stress_random,20001,3198,3198,r_3198,0,qualified_ref,1,0,none,3327459375,3327475083,15708,3125,9458,83,4,0,always_ready,0,1
1,stress_random,20001,3199,3199,r_3199,0,qualified_ref,1,0,none,3328484375,3328500083,15708,3125,9458,83,4,0,always_ready,0,1
1,stress_random,20001,3200,3200,r_3200,0,qualified_ref,1,0,none,3329509375,3329525083,15708,3125,9458,83,4,0,always_ready,0,1
1,stress_random,20001,3201,3201,r_3201,0,qualified_ref,1,0,none,3330534375,3330550083,15708,3125,9458,83,4,0,always_ready,0,1
1,stress_random,20001,3202,3202,r_3202,0,qualified_ref,1,0,none,3331559375,3331575083,15708,3125,9458,83,4,0,always_ready,0,1
1,stress_random,20001,3203,3203,r_3203,0,qualified_ref,1,0,none,3332584375,3332600083,15708,3125,9458,83,4,0,always_ready,0,1
1,stress_random,20001,3204,3204,r_3204,0,qualified_ref,1,0,none,3333609375,3333625083,15708,3125,9458,83,4,0,always_ready,0,1
1,stress_random,20001,3205,3205,r_3205,0,qualified_ref,1,0,none,3334634375,3334650083,15708,3125,9458,83,4,0,always_ready,0,1
1,stress_random,20001,3206,3206,r_3206,0,qualified_ref,1,0,none,3335659375,3335675083,15708,3125,9458,83,4,0,always_ready,0,1
1,stress_random,20001,3207,3207,r_3207,0,qualified_ref,1,0,none,3336684375,3336700083,15708,3125,9458,83,4,0,always_ready,0,1
1,stress_random,20001,3208,3208,r_3208,0,qualified_ref,1,0,none,3337709375,3337725083,15708,3125,9458,83,4,0,always_ready,0,1
1,stress_random,20001,3209,3209,r_3209,0,qualified_ref,1,0,none,3338734375,3338750083,15708,3125,9458,83,4,0,always_ready,0,1
1,stress_random,20001,3210,3210,r_3210,0,qualified_ref,1,0,none,3339759375,3339775083,15708,3125,9458,83,4,0,always_ready,0,1
1,stress_random,20001,3211,3211,r_3211,0,qualified_ref,1,0,none,3340784375,3340800083,15708,3125,9458,83,4,0,always_ready,0,1
1,stress_random,20001,3212,3212,r_3212,0,qualified_ref,1,0,none,3341809375,3341825083,15708,3125,9458,83,4,0,always_ready,0,1
1,stress_random,20001,3213,3213,r_3213,0,qualified_ref,1,0,none,3342834375,3342850083,15708,3125,9458,83,4,0,always_ready,0,1
1,stress_random,20001,3214,3214,r_3214,0,qualified_ref,1,0,none,3343859375,3343875083,15708,3125,9458,83,4,0,always_ready,0,1
1,stress_random,20001,3215,3215,r_3215,0,qualified_ref,1,0,none,3344884375,3344900083,15708,3125,9458,83,4,0,always_ready,0,1
1,stress_random,20001,3216,3216,r_3216,0,qualified_ref,1,0,none,3345909375,3345925083,15708,3125,9458,83,4,0,always_ready,0,1
1,stress_random,20001,3217,3217,r_3217,0,qualified_ref,1,0,none,3346934375,3346950083,15708,3125,9458,83,4,0,always_ready,0,1
1,stress_random,20001,3218,3218,r_3218,0,qualified_ref,1,0,none,3347959375,3347975083,15708,3125,9458,83,4,0,always_ready,0,1
1,stress_random,20001,3219,3219,r_3219,0,qualified_ref,1,0,none,3348984375,3349000083,15708,3125,9458,83,4,0,always_ready,0,1
1,stress_random,20001,3220,3220,r_3220,0,qualified_ref,1,0,none,3350009375,3350025083,15708,3125,9458,83,4,0,always_ready,0,1
1,stress_random,20001,3221,3221,r_3221,0,qualified_ref,1,0,none,3351034375,3351050083,15708,3125,9458,83,4,0,always_ready,0,1
1,stress_random,20001,3222,3222,r_3222,0,qualified_ref,1,0,none,3352059375,3352075083,15708,3125,9458,83,4,0,always_ready,0,1
1,stress_random,20001,3223,3223,r_3223,0,qualified_ref,1,0,none,3353084375,3353100083,15708,3125,9458,83,4,0,always_ready,0,1
1,stress_random,20001,3224,3224,r_3224,0,qualified_ref,1,0,none,3354109375,3354125083,15708,3125,9458,83,4,0,always_ready,0,1
1,stress_random,20001,3225,3225,r_3225,0,qualified_ref,1,0,none,3355134375,3355150083,15708,3125,9458,83,4,0,always_ready,0,1
1,stress_random,20001,3226,3226,r_3226,0,qualified_ref,1,0,none,3356159375,3356175083,15708,3125,9458,83,4,0,always_ready,0,1
1,stress_random,20001,3227,3227,r_3227,0,qualified_ref,1,0,none,3357184375,3357200083,15708,3125,9458,83,4,0,always_ready,0,1
1,stress_random,20001,3228,3228,r_3228,0,qualified_ref,1,0,none,3358209375,3358225083,15708,3125,9458,83,4,0,always_ready,0,1
1,stress_random,20001,3229,3229,r_3229,0,qualified_ref,1,0,none,3359234375,3359250083,15708,3125,9458,83,4,0,always_ready,0,1
1,stress_random,20001,3230,3230,r_3230,0,qualified_ref,1,0,none,3360259375,3360275083,15708,3125,9458,83,4,0,always_ready,0,1
1,stress_random,20001,3231,3231,r_3231,0,qualified_ref,1,0,none,3361284375,3361300083,15708,3125,9458,83,4,0,always_ready,0,1
1,stress_random,20001,3232,3232,r_3232,0,qualified_ref,1,0,none,3362309375,3362325083,15708,3125,9458,83,4,0,always_ready,0,1
1,stress_random,20001,3233,3233,r_3233,0,qualified_ref,1,0,none,3363334375,3363350083,15708,3125,9458,83,4,0,always_ready,0,1
1,stress_random,20001,3234,3234,r_3234,0,qualified_ref,1,0,none,3364359375,3364375083,15708,3125,9458,83,4,0,always_ready,0,1
1,stress_random,20001,3235,3235,r_3235,0,qualified_ref,1,0,none,3365384375,3365400083,15708,3125,9458,83,4,0,always_ready,0,1
1,stress_random,20001,3236,3236,r_3236,0,qualified_ref,1,0,none,3366409375,3366425083,15708,3125,9458,83,4,0,always_ready,0,1
1,stress_random,20001,3237,3237,r_3237,0,qualified_ref,1,0,none,3367434375,3367450083,15708,3125,9458,83,4,0,always_ready,0,1
1,stress_random,20001,3238,3238,r_3238,0,qualified_ref,1,0,none,3368459375,3368475083,15708,3125,9458,83,4,0,always_ready,0,1
1,stress_random,20001,3239,3239,r_3239,0,qualified_ref,1,0,none,3369484375,3369500083,15708,3125,9458,83,4,0,always_ready,0,1
1,stress_random,20001,3240,3240,r_3240,0,qualified_ref,1,0,none,3370509375,3370525083,15708,3125,9458,83,4,0,always_ready,0,1
1,stress_random,20001,3241,3241,r_3241,0,qualified_ref,1,0,none,3371534375,3371550083,15708,3125,9458,83,4,0,always_ready,0,1
1,stress_random,20001,3242,3242,r_3242,0,qualified_ref,1,0,none,3372559375,3372575083,15708,3125,9458,83,4,0,always_ready,0,1
1,stress_random,20001,3243,3243,r_3243,0,qualified_ref,1,0,none,3373584375,3373600083,15708,3125,9458,83,4,0,always_ready,0,1
1,stress_random,20001,3244,3244,r_3244,0,qualified_ref,1,0,none,3374609375,3374625083,15708,3125,9458,83,4,0,always_ready,0,1
1,stress_random,20001,3245,3245,r_3245,0,qualified_ref,1,0,none,3375634375,3375650083,15708,3125,9458,83,4,0,always_ready,0,1
1,stress_random,20001,3246,3246,r_3246,0,qualified_ref,1,0,none,3376659375,3376675083,15708,3125,9458,83,4,0,always_ready,0,1
1,stress_random,20001,3247,3247,r_3247,0,qualified_ref,1,0,none,3377684375,3377700083,15708,3125,9458,83,4,0,always_ready,0,1
1,stress_random,20001,3248,3248,r_3248,0,qualified_ref,1,0,none,3378709375,3378725083,15708,3125,9458,83,4,0,always_ready,0,1
1,stress_random,20001,3249,3249,r_3249,0,qualified_ref,1,0,none,3379734375,3379750083,15708,3125,9458,83,4,0,always_ready,0,1
1,stress_random,20001,3250,3250,r_3250,1,qualified_ref,1,0,none,3384859375,3384875083,15708,3125,9458,83,1,0,always_ready,0,1
1,stress_random,20001,3251,3251,r_3251,1,qualified_ref,1,0,none,3385884375,3385900083,15708,3125,9458,83,1,0,always_ready,0,1
1,stress_random,20001,3252,3252,r_3252,1,qualified_ref,1,0,none,3386909375,3386925083,15708,3125,9458,83,1,0,always_ready,0,1
1,stress_random,20001,3253,3253,r_3253,1,qualified_ref,1,0,none,3387934375,3387950083,15708,3125,9458,83,1,0,always_ready,0,1
1,stress_random,20001,3254,3254,r_3254,1,qualified_ref,1,0,none,3388959375,3388975083,15708,3125,9458,83,1,0,always_ready,0,1
1,stress_random,20001,3255,3255,r_3255,1,qualified_ref,1,0,none,3389984375,3390000083,15708,3125,9458,83,1,0,always_ready,0,1
1,stress_random,20001,3256,3256,r_3256,1,qualified_ref,1,0,none,3391009375,3391025083,15708,3125,9458,83,1,0,always_ready,0,1
1,stress_random,20001,3257,3257,r_3257,1,qualified_ref,1,0,none,3392034375,3392050083,15708,3125,9458,83,1,0,always_ready,0,1
1,stress_random,20001,3258,3258,r_3258,1,qualified_ref,1,0,none,3393059375,3393075083,15708,3125,9458,83,1,0,always_ready,0,1
1,stress_random,20001,3259,3259,r_3259,1,qualified_ref,1,0,none,3394084375,3394100083,15708,3125,9458,83,1,0,always_ready,0,1
1,stress_random,20001,3260,3260,r_3260,1,qualified_ref,1,0,none,3395109375,3395125083,15708,3125,9458,83,1,0,always_ready,0,1
1,stress_random,20001,3261,3261,r_3261,1,qualified_ref,1,0,none,3396134375,3396150083,15708,3125,9458,83,1,0,always_ready,0,1
1,stress_random,20001,3262,3262,r_3262,1,qualified_ref,1,0,none,3397159375,3397175083,15708,3125,9458,83,1,0,always_ready,0,1
1,stress_random,20001,3263,3263,r_3263,1,qualified_ref,1,0,none,3398184375,3398200083,15708,3125,9458,83,1,0,always_ready,0,1
1,stress_random,20001,3264,3264,r_3264,1,qualified_ref,1,0,none,3399209375,3399225083,15708,3125,9458,83,1,0,always_ready,0,1
1,stress_random,20001,3265,3265,r_3265,1,qualified_ref,1,0,none,3400234375,3400250083,15708,3125,9458,83,1,0,always_ready,0,1
1,stress_random,20001,3266,3266,r_3266,1,qualified_ref,1,0,none,3401259375,3401275083,15708,3125,9458,83,1,0,always_ready,0,1
1,stress_random,20001,3267,3267,r_3267,1,qualified_ref,1,0,none,3402284375,3402300083,15708,3125,9458,83,1,0,always_ready,0,1
1,stress_random,20001,3268,3268,r_3268,1,qualified_ref,1,0,none,3403309375,3403325083,15708,3125,9458,83,1,0,always_ready,0,1
1,stress_random,20001,3269,3269,r_3269,1,qualified_ref,1,0,none,3404334375,3404350083,15708,3125,9458,83,1,0,always_ready,0,1
1,stress_random,20001,3270,3270,r_3270,1,qualified_ref,1,0,none,3405359375,3405375083,15708,3125,9458,83,1,0,always_ready,0,1
1,stress_random,20001,3271,3271,r_3271,1,qualified_ref,1,0,none,3406384375,3406400083,15708,3125,9458,83,1,0,always_ready,0,1
1,stress_random,20001,3272,3272,r_3272,1,qualified_ref,1,0,none,3407409375,3407425083,15708,3125,9458,83,1,0,always_ready,0,1
1,stress_random,20001,3273,3273,r_3273,1,qualified_ref,1,0,none,3408434375,3408450083,15708,3125,9458,83,1,0,always_ready,0,1
1,stress_random,20001,3274,3274,r_3274,1,qualified_ref,1,0,none,3409459375,3409475083,15708,3125,9458,83,1,0,always_ready,0,1
1,stress_random,20001,3275,3275,r_3275,1,qualified_ref,1,0,none,3410484375,3410500083,15708,3125,9458,83,1,0,always_ready,0,1
1,stress_random,20001,3276,3276,r_3276,1,qualified_ref,1,0,none,3411509375,3411525083,15708,3125,9458,83,1,0,always_ready,0,1
1,stress_random,20001,3277,3277,r_3277,1,qualified_ref,1,0,none,3412534375,3412550083,15708,3125,9458,83,1,0,always_ready,0,1
1,stress_random,20001,3278,3278,r_3278,1,qualified_ref,1,0,none,3413559375,3413575083,15708,3125,9458,83,1,0,always_ready,0,1
1,stress_random,20001,3279,3279,r_3279,1,qualified_ref,1,0,none,3414584375,3414600083,15708,3125,9458,83,1,0,always_ready,0,1
1,stress_random,20001,3280,3280,r_3280,1,qualified_ref,1,0,none,3415609375,3415625083,15708,3125,9458,83,1,0,always_ready,0,1
1,stress_random,20001,3281,3281,r_3281,1,qualified_ref,1,0,none,3416634375,3416650083,15708,3125,9458,83,1,0,always_ready,0,1
1,stress_random,20001,3282,3282,r_3282,1,qualified_ref,1,0,none,3417659375,3417675083,15708,3125,9458,83,1,0,always_ready,0,1
1,stress_random,20001,3283,3283,r_3283,1,qualified_ref,1,0,none,3418684375,3418700083,15708,3125,9458,83,1,0,always_ready,0,1
1,stress_random,20001,3284,3284,r_3284,1,qualified_ref,1,0,none,3419709375,3419725083,15708,3125,9458,83,1,0,always_ready,0,1
1,stress_random,20001,3285,3285,r_3285,1,qualified_ref,1,0,none,3420734375,3420750083,15708,3125,9458,83,1,0,always_ready,0,1
1,stress_random,20001,3286,3286,r_3286,1,qualified_ref,1,0,none,3421759375,3421775083,15708,3125,9458,83,1,0,always_ready,0,1
1,stress_random,20001,3287,3287,r_3287,1,qualified_ref,1,0,none,3422784375,3422800083,15708,3125,9458,83,1,0,always_ready,0,1
1,stress_random,20001,3288,3288,r_3288,1,qualified_ref,1,0,none,3423809375,3423825083,15708,3125,9458,83,1,0,always_ready,0,1
1,stress_random,20001,3289,3289,r_3289,1,qualified_ref,1,0,none,3424834375,3424850083,15708,3125,9458,83,1,0,always_ready,0,1
1,stress_random,20001,3290,3290,r_3290,1,qualified_ref,1,0,none,3425859375,3425875083,15708,3125,9458,83,1,0,always_ready,0,1
1,stress_random,20001,3291,3291,r_3291,1,qualified_ref,1,0,none,3426884375,3426900083,15708,3125,9458,83,1,0,always_ready,0,1
1,stress_random,20001,3292,3292,r_3292,1,qualified_ref,1,0,none,3427909375,3427925083,15708,3125,9458,83,1,0,always_ready,0,1
1,stress_random,20001,3293,3293,r_3293,1,qualified_ref,1,0,none,3428934375,3428950083,15708,3125,9458,83,1,0,always_ready,0,1
1,stress_random,20001,3294,3294,r_3294,1,qualified_ref,1,0,none,3429959375,3429975083,15708,3125,9458,83,1,0,always_ready,0,1
1,stress_random,20001,3295,3295,r_3295,1,qualified_ref,1,0,none,3430984375,3431000083,15708,3125,9458,83,1,0,always_ready,0,1
1,stress_random,20001,3296,3296,r_3296,1,qualified_ref,1,0,none,3432009375,3432025083,15708,3125,9458,83,1,0,always_ready,0,1
1,stress_random,20001,3297,3297,r_3297,1,qualified_ref,1,0,none,3433034375,3433050083,15708,3125,9458,83,1,0,always_ready,0,1
1,stress_random,20001,3298,3298,r_3298,1,qualified_ref,1,0,none,3434059375,3434075083,15708,3125,9458,83,1,0,always_ready,0,1
1,stress_random,20001,3299,3299,r_3299,1,qualified_ref,1,0,none,3435084375,3435100083,15708,3125,9458,83,1,0,always_ready,0,1
1,stress_random,20001,3300,3300,r_3300,1,qualified_ref,1,0,none,3436109375,3436125083,15708,3125,9458,83,1,0,always_ready,0,1
1,stress_random,20001,3301,3301,r_3301,1,qualified_ref,1,0,none,3437134375,3437150083,15708,3125,9458,83,1,0,always_ready,0,1
1,stress_random,20001,3302,3302,r_3302,1,qualified_ref,1,0,none,3438159375,3438175083,15708,3125,9458,83,1,0,always_ready,0,1
1,stress_random,20001,3303,3303,r_3303,1,qualified_ref,1,0,none,3439184375,3439200083,15708,3125,9458,83,1,0,always_ready,0,1
1,stress_random,20001,3304,3304,r_3304,1,qualified_ref,1,0,none,3440209375,3440225083,15708,3125,9458,83,1,0,always_ready,0,1
1,stress_random,20001,3305,3305,r_3305,1,qualified_ref,1,0,none,3441234375,3441250083,15708,3125,9458,83,1,0,always_ready,0,1
1,stress_random,20001,3306,3306,r_3306,1,qualified_ref,1,0,none,3442259375,3442275083,15708,3125,9458,83,1,0,always_ready,0,1
1,stress_random,20001,3307,3307,r_3307,1,qualified_ref,1,0,none,3443284375,3443300083,15708,3125,9458,83,1,0,always_ready,0,1
1,stress_random,20001,3308,3308,r_3308,1,qualified_ref,1,0,none,3444309375,3444325083,15708,3125,9458,83,1,0,always_ready,0,1
1,stress_random,20001,3309,3309,r_3309,1,qualified_ref,1,0,none,3445334375,3445350083,15708,3125,9458,83,1,0,always_ready,0,1
1,stress_random,20001,3310,3310,r_3310,1,qualified_ref,1,0,none,3446359375,3446375083,15708,3125,9458,83,1,0,always_ready,0,1
1,stress_random,20001,3311,3311,r_3311,1,qualified_ref,1,0,none,3447384375,3447400083,15708,3125,9458,83,1,0,always_ready,0,1
1,stress_random,20001,3312,3312,r_3312,1,qualified_ref,1,0,none,3448409375,3448425083,15708,3125,9458,83,1,0,always_ready,0,1
1,stress_random,20001,3313,3313,r_3313,1,qualified_ref,1,0,none,3449434375,3449450083,15708,3125,9458,83,1,0,always_ready,0,1
1,stress_random,20001,3314,3314,r_3314,1,qualified_ref,1,0,none,3450459375,3450475083,15708,3125,9458,83,1,0,always_ready,0,1
1,stress_random,20001,3315,3315,r_3315,1,qualified_ref,1,0,none,3451484375,3451500083,15708,3125,9458,83,1,0,always_ready,0,1
1,stress_random,20001,3316,3316,r_3316,1,qualified_ref,1,0,none,3452509375,3452525083,15708,3125,9458,83,1,0,always_ready,0,1
1,stress_random,20001,3317,3317,r_3317,1,qualified_ref,1,0,none,3453534375,3453550083,15708,3125,9458,83,1,0,always_ready,0,1
1,stress_random,20001,3318,3318,r_3318,1,qualified_ref,1,0,none,3454559375,3454575083,15708,3125,9458,83,1,0,always_ready,0,1
1,stress_random,20001,3319,3319,r_3319,1,qualified_ref,1,0,none,3455584375,3455600083,15708,3125,9458,83,1,0,always_ready,0,1
1,stress_random,20001,3320,3320,r_3320,1,qualified_ref,1,0,none,3456609375,3456625083,15708,3125,9458,83,1,0,always_ready,0,1
1,stress_random,20001,3321,3321,r_3321,1,qualified_ref,1,0,none,3457634375,3457650083,15708,3125,9458,83,1,0,always_ready,0,1
1,stress_random,20001,3322,3322,r_3322,1,qualified_ref,1,0,none,3458659375,3458675083,15708,3125,9458,83,1,0,always_ready,0,1
1,stress_random,20001,3323,3323,r_3323,1,qualified_ref,1,0,none,3459684375,3459700083,15708,3125,9458,83,1,0,always_ready,0,1
1,stress_random,20001,3324,3324,r_3324,1,qualified_ref,1,0,none,3460709375,3460725083,15708,3125,9458,83,1,0,always_ready,0,1
1,stress_random,20001,3325,3325,r_3325,1,qualified_ref,1,0,none,3461734375,3461750083,15708,3125,9458,83,1,0,always_ready,0,1
1,stress_random,20001,3326,3326,r_3326,1,qualified_ref,1,0,none,3462759375,3462775083,15708,3125,9458,83,1,0,always_ready,0,1
1,stress_random,20001,3327,3327,r_3327,1,qualified_ref,1,0,none,3463784375,3463800083,15708,3125,9458,83,1,0,always_ready,0,1
1,stress_random,20001,3328,3328,r_3328,1,qualified_ref,1,0,none,3464809375,3464825083,15708,3125,9458,83,1,0,always_ready,0,1
1,stress_random,20001,3329,3329,r_3329,1,qualified_ref,1,0,none,3465834375,3465850083,15708,3125,9458,83,1,0,always_ready,0,1
1,stress_random,20001,3330,3330,r_3330,1,qualified_ref,1,0,none,3466859375,3466875083,15708,3125,9458,83,1,0,always_ready,0,1
1,stress_random,20001,3331,3331,r_3331,1,qualified_ref,1,0,none,3467884375,3467900083,15708,3125,9458,83,1,0,always_ready,0,1
1,stress_random,20001,3332,3332,r_3332,1,qualified_ref,1,0,none,3468909375,3468925083,15708,3125,9458,83,1,0,always_ready,0,1
1,stress_random,20001,3333,3333,r_3333,1,qualified_ref,1,0,none,3469934375,3469950083,15708,3125,9458,83,1,0,always_ready,0,1
1,stress_random,20001,3334,3334,r_3334,1,qualified_ref,1,0,none,3470959375,3470975083,15708,3125,9458,83,1,0,always_ready,0,1
1,stress_random,20001,3335,3335,r_3335,1,qualified_ref,1,0,none,3471984375,3472000083,15708,3125,9458,83,1,0,always_ready,0,1
1,stress_random,20001,3336,3336,r_3336,1,qualified_ref,1,0,none,3473009375,3473025083,15708,3125,9458,83,1,0,always_ready,0,1
1,stress_random,20001,3337,3337,r_3337,1,qualified_ref,1,0,none,3474034375,3474050083,15708,3125,9458,83,1,0,always_ready,0,1
1,stress_random,20001,3338,3338,r_3338,1,qualified_ref,1,0,none,3475059375,3475075083,15708,3125,9458,83,1,0,always_ready,0,1
1,stress_random,20001,3339,3339,r_3339,1,qualified_ref,1,0,none,3476084375,3476100083,15708,3125,9458,83,1,0,always_ready,0,1
1,stress_random,20001,3340,3340,r_3340,1,qualified_ref,1,0,none,3477109375,3477125083,15708,3125,9458,83,1,0,always_ready,0,1
1,stress_random,20001,3341,3341,r_3341,1,qualified_ref,1,0,none,3478134375,3478150083,15708,3125,9458,83,1,0,always_ready,0,1
1,stress_random,20001,3342,3342,r_3342,1,qualified_ref,1,0,none,3479159375,3479175083,15708,3125,9458,83,1,0,always_ready,0,1
1,stress_random,20001,3343,3343,r_3343,1,qualified_ref,1,0,none,3480184375,3480200083,15708,3125,9458,83,1,0,always_ready,0,1
1,stress_random,20001,3344,3344,r_3344,1,qualified_ref,1,0,none,3481209375,3481225083,15708,3125,9458,83,1,0,always_ready,0,1
1,stress_random,20001,3345,3345,r_3345,1,qualified_ref,1,0,none,3482234375,3482250083,15708,3125,9458,83,1,0,always_ready,0,1
1,stress_random,20001,3346,3346,r_3346,1,qualified_ref,1,0,none,3483259375,3483275083,15708,3125,9458,83,1,0,always_ready,0,1
1,stress_random,20001,3347,3347,r_3347,1,qualified_ref,1,0,none,3484284375,3484300083,15708,3125,9458,83,1,0,always_ready,0,1
1,stress_random,20001,3348,3348,r_3348,1,qualified_ref,1,0,none,3485309375,3485325083,15708,3125,9458,83,1,0,always_ready,0,1
1,stress_random,20001,3349,3349,r_3349,1,qualified_ref,1,0,none,3486334375,3486350083,15708,3125,9458,83,1,0,always_ready,0,1
1,stress_random,20001,3350,3350,r_3350,1,qualified_ref,1,0,none,3487359375,3487375083,15708,3125,9458,83,1,0,always_ready,0,1
1,stress_random,20001,3351,3351,r_3351,1,qualified_ref,1,0,none,3488384375,3488400083,15708,3125,9458,83,1,0,always_ready,0,1
1,stress_random,20001,3352,3352,r_3352,1,qualified_ref,1,0,none,3489409375,3489425083,15708,3125,9458,83,1,0,always_ready,0,1
1,stress_random,20001,3353,3353,r_3353,1,qualified_ref,1,0,none,3490434375,3490450083,15708,3125,9458,83,1,0,always_ready,0,1
1,stress_random,20001,3354,3354,r_3354,1,qualified_ref,1,0,none,3491459375,3491475083,15708,3125,9458,83,1,0,always_ready,0,1
1,stress_random,20001,3355,3355,r_3355,1,qualified_ref,1,0,none,3492484375,3492500083,15708,3125,9458,83,1,0,always_ready,0,1
1,stress_random,20001,3356,3356,r_3356,1,qualified_ref,1,0,none,3493509375,3493525083,15708,3125,9458,83,1,0,always_ready,0,1
1,stress_random,20001,3357,3357,r_3357,1,qualified_ref,1,0,none,3494534375,3494550083,15708,3125,9458,83,1,0,always_ready,0,1
1,stress_random,20001,3358,3358,r_3358,1,qualified_ref,1,0,none,3495559375,3495575083,15708,3125,9458,83,1,0,always_ready,0,1
1,stress_random,20001,3359,3359,r_3359,1,qualified_ref,1,0,none,3496584375,3496600083,15708,3125,9458,83,1,0,always_ready,0,1
1,stress_random,20001,3360,3360,r_3360,1,qualified_ref,1,0,none,3497609375,3497625083,15708,3125,9458,83,1,0,always_ready,0,1
1,stress_random,20001,3361,3361,r_3361,1,qualified_ref,1,0,none,3498634375,3498650083,15708,3125,9458,83,1,0,always_ready,0,1
1,stress_random,20001,3362,3362,r_3362,1,qualified_ref,1,0,none,3499659375,3499675083,15708,3125,9458,83,1,0,always_ready,0,1
1,stress_random,20001,3363,3363,r_3363,1,qualified_ref,1,0,none,3500684375,3500700083,15708,3125,9458,83,1,0,always_ready,0,1
1,stress_random,20001,3364,3364,r_3364,1,qualified_ref,1,0,none,3501709375,3501725083,15708,3125,9458,83,1,0,always_ready,0,1
1,stress_random,20001,3365,3365,r_3365,1,qualified_ref,1,0,none,3502734375,3502750083,15708,3125,9458,83,1,0,always_ready,0,1
1,stress_random,20001,3366,3366,r_3366,1,qualified_ref,1,0,none,3503759375,3503775083,15708,3125,9458,83,1,0,always_ready,0,1
1,stress_random,20001,3367,3367,r_3367,1,qualified_ref,1,0,none,3504784375,3504800083,15708,3125,9458,83,1,0,always_ready,0,1
1,stress_random,20001,3368,3368,r_3368,1,qualified_ref,1,0,none,3505809375,3505825083,15708,3125,9458,83,1,0,always_ready,0,1
1,stress_random,20001,3369,3369,r_3369,1,qualified_ref,1,0,none,3506834375,3506850083,15708,3125,9458,83,1,0,always_ready,0,1
1,stress_random,20001,3370,3370,r_3370,1,qualified_ref,1,0,none,3507859375,3507875083,15708,3125,9458,83,1,0,always_ready,0,1
1,stress_random,20001,3371,3371,r_3371,1,qualified_ref,1,0,none,3508884375,3508900083,15708,3125,9458,83,1,0,always_ready,0,1
1,stress_random,20001,3372,3372,r_3372,1,qualified_ref,1,0,none,3509909375,3509925083,15708,3125,9458,83,1,0,always_ready,0,1
1,stress_random,20001,3373,3373,r_3373,1,qualified_ref,1,0,none,3510934375,3510950083,15708,3125,9458,83,1,0,always_ready,0,1
1,stress_random,20001,3374,3374,r_3374,1,qualified_ref,1,0,none,3511959375,3511975083,15708,3125,9458,83,1,0,always_ready,0,1
1,stress_random,20001,3375,3375,r_3375,1,qualified_ref,1,0,none,3512984375,3513000083,15708,3125,9458,83,1,0,always_ready,0,1
1,stress_random,20001,3376,3376,r_3376,1,qualified_ref,1,0,none,3514009375,3514025083,15708,3125,9458,83,1,0,always_ready,0,1
1,stress_random,20001,3377,3377,r_3377,1,qualified_ref,1,0,none,3515034375,3515050083,15708,3125,9458,83,1,0,always_ready,0,1
1,stress_random,20001,3378,3378,r_3378,1,qualified_ref,1,0,none,3516059375,3516075083,15708,3125,9458,83,1,0,always_ready,0,1
1,stress_random,20001,3379,3379,r_3379,1,qualified_ref,1,0,none,3517084375,3517100083,15708,3125,9458,83,1,0,always_ready,0,1
1,stress_random,20001,3380,3380,r_3380,1,qualified_ref,1,0,none,3518109375,3518125083,15708,3125,9458,83,1,0,always_ready,0,1
1,stress_random,20001,3381,3381,r_3381,1,qualified_ref,1,0,none,3519134375,3519150083,15708,3125,9458,83,1,0,always_ready,0,1
1,stress_random,20001,3382,3382,r_3382,1,qualified_ref,1,0,none,3520159375,3520175083,15708,3125,9458,83,1,0,always_ready,0,1
1,stress_random,20001,3383,3383,r_3383,1,qualified_ref,1,0,none,3521184375,3521200083,15708,3125,9458,83,1,0,always_ready,0,1
1,stress_random,20001,3384,3384,r_3384,1,qualified_ref,1,0,none,3522209375,3522225083,15708,3125,9458,83,1,0,always_ready,0,1
1,stress_random,20001,3385,3385,r_3385,1,qualified_ref,1,0,none,3523234375,3523250083,15708,3125,9458,83,1,0,always_ready,0,1
1,stress_random,20001,3386,3386,r_3386,1,qualified_ref,1,0,none,3524259375,3524275083,15708,3125,9458,83,1,0,always_ready,0,1
1,stress_random,20001,3387,3387,r_3387,1,qualified_ref,1,0,none,3525284375,3525300083,15708,3125,9458,83,1,0,always_ready,0,1
1,stress_random,20001,3388,3388,r_3388,1,qualified_ref,1,0,none,3526309375,3526325083,15708,3125,9458,83,1,0,always_ready,0,1
1,stress_random,20001,3389,3389,r_3389,1,qualified_ref,1,0,none,3527334375,3527350083,15708,3125,9458,83,1,0,always_ready,0,1
1,stress_random,20001,3390,3390,r_3390,1,qualified_ref,1,0,none,3528359375,3528375083,15708,3125,9458,83,1,0,always_ready,0,1
1,stress_random,20001,3391,3391,r_3391,1,qualified_ref,1,0,none,3529384375,3529400083,15708,3125,9458,83,1,0,always_ready,0,1
1,stress_random,20001,3392,3392,r_3392,1,qualified_ref,1,0,none,3530409375,3530425083,15708,3125,9458,83,1,0,always_ready,0,1
1,stress_random,20001,3393,3393,r_3393,1,qualified_ref,1,0,none,3531434375,3531450083,15708,3125,9458,83,1,0,always_ready,0,1
1,stress_random,20001,3394,3394,r_3394,1,qualified_ref,1,0,none,3532459375,3532475083,15708,3125,9458,83,1,0,always_ready,0,1
1,stress_random,20001,3395,3395,r_3395,1,qualified_ref,1,0,none,3533484375,3533500083,15708,3125,9458,83,1,0,always_ready,0,1
1,stress_random,20001,3396,3396,r_3396,1,qualified_ref,1,0,none,3534509375,3534525083,15708,3125,9458,83,1,0,always_ready,0,1
1,stress_random,20001,3397,3397,r_3397,1,qualified_ref,1,0,none,3535534375,3535550083,15708,3125,9458,83,1,0,always_ready,0,1
1,stress_random,20001,3398,3398,r_3398,1,qualified_ref,1,0,none,3536559375,3536575083,15708,3125,9458,83,1,0,always_ready,0,1
1,stress_random,20001,3399,3399,r_3399,1,qualified_ref,1,0,none,3537584375,3537600083,15708,3125,9458,83,1,0,always_ready,0,1
1,stress_random,20001,3400,3400,r_3400,1,qualified_ref,1,0,none,3538609375,3538625083,15708,3125,9458,83,1,0,always_ready,0,1
1,stress_random,20001,3401,3401,r_3401,1,qualified_ref,1,0,none,3539634375,3539650083,15708,3125,9458,83,1,0,always_ready,0,1
1,stress_random,20001,3402,3402,r_3402,1,qualified_ref,1,0,none,3540659375,3540675083,15708,3125,9458,83,1,0,always_ready,0,1
1,stress_random,20001,3403,3403,r_3403,1,qualified_ref,1,0,none,3541684375,3541700083,15708,3125,9458,83,1,0,always_ready,0,1
1,stress_random,20001,3404,3404,r_3404,1,qualified_ref,1,0,none,3542709375,3542725083,15708,3125,9458,83,1,0,always_ready,0,1
1,stress_random,20001,3405,3405,r_3405,1,qualified_ref,1,0,none,3543734375,3543750083,15708,3125,9458,83,1,0,always_ready,0,1
1,stress_random,20001,3406,3406,r_3406,1,qualified_ref,1,0,none,3544759375,3544775083,15708,3125,9458,83,1,0,always_ready,0,1
1,stress_random,20001,3407,3407,r_3407,1,qualified_ref,1,0,none,3545784375,3545800083,15708,3125,9458,83,1,0,always_ready,0,1
1,stress_random,20001,3408,3408,r_3408,1,qualified_ref,1,0,none,3546809375,3546825083,15708,3125,9458,83,1,0,always_ready,0,1
1,stress_random,20001,3409,3409,r_3409,1,qualified_ref,1,0,none,3547834375,3547850083,15708,3125,9458,83,1,0,always_ready,0,1
1,stress_random,20001,3410,3410,r_3410,1,qualified_ref,1,0,none,3548859375,3548875083,15708,3125,9458,83,1,0,always_ready,0,1
1,stress_random,20001,3411,3411,r_3411,1,qualified_ref,1,0,none,3549884375,3549900083,15708,3125,9458,83,1,0,always_ready,0,1
1,stress_random,20001,3412,3412,r_3412,1,qualified_ref,1,0,none,3550909375,3550925083,15708,3125,9458,83,1,0,always_ready,0,1
1,stress_random,20001,3413,3413,r_3413,1,qualified_ref,1,0,none,3551934375,3551950083,15708,3125,9458,83,1,0,always_ready,0,1
1,stress_random,20001,3414,3414,r_3414,1,qualified_ref,1,0,none,3552959375,3552975083,15708,3125,9458,83,1,0,always_ready,0,1
1,stress_random,20001,3415,3415,r_3415,1,qualified_ref,1,0,none,3553984375,3554000083,15708,3125,9458,83,1,0,always_ready,0,1
1,stress_random,20001,3416,3416,r_3416,1,qualified_ref,1,0,none,3555009375,3555025083,15708,3125,9458,83,1,0,always_ready,0,1
1,stress_random,20001,3417,3417,r_3417,1,qualified_ref,1,0,none,3556034375,3556050083,15708,3125,9458,83,1,0,always_ready,0,1
1,stress_random,20001,3418,3418,r_3418,1,qualified_ref,1,0,none,3557059375,3557075083,15708,3125,9458,83,1,0,always_ready,0,1
1,stress_random,20001,3419,3419,r_3419,1,qualified_ref,1,0,none,3558084375,3558100083,15708,3125,9458,83,1,0,always_ready,0,1
1,stress_random,20001,3420,3420,r_3420,1,qualified_ref,1,0,none,3559109375,3559125083,15708,3125,9458,83,1,0,always_ready,0,1
1,stress_random,20001,3421,3421,r_3421,1,qualified_ref,1,0,none,3560134375,3560150083,15708,3125,9458,83,1,0,always_ready,0,1
1,stress_random,20001,3422,3422,r_3422,1,qualified_ref,1,0,none,3561159375,3561175083,15708,3125,9458,83,1,0,always_ready,0,1
1,stress_random,20001,3423,3423,r_3423,1,qualified_ref,1,0,none,3562184375,3562200083,15708,3125,9458,83,1,0,always_ready,0,1
1,stress_random,20001,3424,3424,r_3424,1,qualified_ref,1,0,none,3563209375,3563225083,15708,3125,9458,83,1,0,always_ready,0,1
1,stress_random,20001,3425,3425,r_3425,1,qualified_ref,1,0,none,3564234375,3564250083,15708,3125,9458,83,1,0,always_ready,0,1
1,stress_random,20001,3426,3426,r_3426,1,qualified_ref,1,0,none,3565259375,3565275083,15708,3125,9458,83,1,0,always_ready,0,1
1,stress_random,20001,3427,3427,r_3427,1,qualified_ref,1,0,none,3566284375,3566300083,15708,3125,9458,83,1,0,always_ready,0,1
1,stress_random,20001,3428,3428,r_3428,1,qualified_ref,1,0,none,3567309375,3567325083,15708,3125,9458,83,1,0,always_ready,0,1
1,stress_random,20001,3429,3429,r_3429,1,qualified_ref,1,0,none,3568334375,3568350083,15708,3125,9458,83,1,0,always_ready,0,1
1,stress_random,20001,3430,3430,r_3430,1,qualified_ref,1,0,none,3569359375,3569375083,15708,3125,9458,83,1,0,always_ready,0,1
1,stress_random,20001,3431,3431,r_3431,1,qualified_ref,1,0,none,3570384375,3570400083,15708,3125,9458,83,1,0,always_ready,0,1
1,stress_random,20001,3432,3432,r_3432,1,qualified_ref,1,0,none,3571409375,3571425083,15708,3125,9458,83,1,0,always_ready,0,1
1,stress_random,20001,3433,3433,r_3433,1,qualified_ref,1,0,none,3572434375,3572450083,15708,3125,9458,83,1,0,always_ready,0,1
1,stress_random,20001,3434,3434,r_3434,1,qualified_ref,1,0,none,3573459375,3573475083,15708,3125,9458,83,1,0,always_ready,0,1
1,stress_random,20001,3435,3435,r_3435,1,qualified_ref,1,0,none,3574484375,3574500083,15708,3125,9458,83,1,0,always_ready,0,1
1,stress_random,20001,3436,3436,r_3436,1,qualified_ref,1,0,none,3575509375,3575525083,15708,3125,9458,83,1,0,always_ready,0,1
1,stress_random,20001,3437,3437,r_3437,1,qualified_ref,1,0,none,3576534375,3576550083,15708,3125,9458,83,1,0,always_ready,0,1
1,stress_random,20001,3438,3438,r_3438,1,qualified_ref,1,0,none,3577559375,3577575083,15708,3125,9458,83,1,0,always_ready,0,1
1,stress_random,20001,3439,3439,r_3439,1,qualified_ref,1,0,none,3578584375,3578600083,15708,3125,9458,83,1,0,always_ready,0,1
1,stress_random,20001,3440,3440,r_3440,1,qualified_ref,1,0,none,3579609375,3579625083,15708,3125,9458,83,1,0,always_ready,0,1
1,stress_random,20001,3441,3441,r_3441,1,qualified_ref,1,0,none,3580634375,3580650083,15708,3125,9458,83,1,0,always_ready,0,1
1,stress_random,20001,3442,3442,r_3442,1,qualified_ref,1,0,none,3581659375,3581675083,15708,3125,9458,83,1,0,always_ready,0,1
1,stress_random,20001,3443,3443,r_3443,1,qualified_ref,1,0,none,3582684375,3582700083,15708,3125,9458,83,1,0,always_ready,0,1
1,stress_random,20001,3444,3444,r_3444,1,qualified_ref,1,0,none,3583709375,3583725083,15708,3125,9458,83,1,0,always_ready,0,1
1,stress_random,20001,3445,3445,r_3445,1,qualified_ref,1,0,none,3584734375,3584750083,15708,3125,9458,83,1,0,always_ready,0,1
1,stress_random,20001,3446,3446,r_3446,1,qualified_ref,1,0,none,3585759375,3585775083,15708,3125,9458,83,1,0,always_ready,0,1
1,stress_random,20001,3447,3447,r_3447,1,qualified_ref,1,0,none,3586784375,3586800083,15708,3125,9458,83,1,0,always_ready,0,1
1,stress_random,20001,3448,3448,r_3448,1,qualified_ref,1,0,none,3587809375,3587825083,15708,3125,9458,83,1,0,always_ready,0,1
1,stress_random,20001,3449,3449,r_3449,1,qualified_ref,1,0,none,3588834375,3588850083,15708,3125,9458,83,1,0,always_ready,0,1
1,stress_random,20001,3450,3450,r_3450,1,qualified_ref,1,0,none,3589859375,3589875083,15708,3125,9458,83,1,0,always_ready,0,1
1,stress_random,20001,3451,3451,r_3451,1,qualified_ref,1,0,none,3590884375,3590900083,15708,3125,9458,83,1,0,always_ready,0,1
1,stress_random,20001,3452,3452,r_3452,1,qualified_ref,1,0,none,3591909375,3591925083,15708,3125,9458,83,1,0,always_ready,0,1
1,stress_random,20001,3453,3453,r_3453,1,qualified_ref,1,0,none,3592934375,3592950083,15708,3125,9458,83,1,0,always_ready,0,1
1,stress_random,20001,3454,3454,r_3454,1,qualified_ref,1,0,none,3593959375,3593975083,15708,3125,9458,83,1,0,always_ready,0,1
1,stress_random,20001,3455,3455,r_3455,1,qualified_ref,1,0,none,3594984375,3595000083,15708,3125,9458,83,1,0,always_ready,0,1
1,stress_random,20001,3456,3456,r_3456,1,qualified_ref,1,0,none,3596009375,3596025083,15708,3125,9458,83,1,0,always_ready,0,1
1,stress_random,20001,3457,3457,r_3457,1,qualified_ref,1,0,none,3597034375,3597050083,15708,3125,9458,83,1,0,always_ready,0,1
1,stress_random,20001,3458,3458,r_3458,1,qualified_ref,1,0,none,3598059375,3598075083,15708,3125,9458,83,1,0,always_ready,0,1
1,stress_random,20001,3459,3459,r_3459,1,qualified_ref,1,0,none,3599084375,3599100083,15708,3125,9458,83,1,0,always_ready,0,1
1,stress_random,20001,3460,3460,r_3460,1,qualified_ref,1,0,none,3600109375,3600125083,15708,3125,9458,83,1,0,always_ready,0,1
1,stress_random,20001,3461,3461,r_3461,1,qualified_ref,1,0,none,3601134375,3601150083,15708,3125,9458,83,1,0,always_ready,0,1
1,stress_random,20001,3462,3462,r_3462,1,qualified_ref,1,0,none,3602159375,3602175083,15708,3125,9458,83,1,0,always_ready,0,1
1,stress_random,20001,3463,3463,r_3463,1,qualified_ref,1,0,none,3603184375,3603200083,15708,3125,9458,83,1,0,always_ready,0,1
1,stress_random,20001,3464,3464,r_3464,1,qualified_ref,1,0,none,3604209375,3604225083,15708,3125,9458,83,1,0,always_ready,0,1
1,stress_random,20001,3465,3465,r_3465,1,qualified_ref,1,0,none,3605234375,3605250083,15708,3125,9458,83,1,0,always_ready,0,1
1,stress_random,20001,3466,3466,r_3466,1,qualified_ref,1,0,none,3606259375,3606275083,15708,3125,9458,83,1,0,always_ready,0,1
1,stress_random,20001,3467,3467,r_3467,1,qualified_ref,1,0,none,3607284375,3607300083,15708,3125,9458,83,1,0,always_ready,0,1
1,stress_random,20001,3468,3468,r_3468,1,qualified_ref,1,0,none,3608309375,3608325083,15708,3125,9458,83,1,0,always_ready,0,1
1,stress_random,20001,3469,3469,r_3469,1,qualified_ref,1,0,none,3609334375,3609350083,15708,3125,9458,83,1,0,always_ready,0,1
1,stress_random,20001,3470,3470,r_3470,1,qualified_ref,1,0,none,3610359375,3610375083,15708,3125,9458,83,1,0,always_ready,0,1
1,stress_random,20001,3471,3471,r_3471,1,qualified_ref,1,0,none,3611384375,3611400083,15708,3125,9458,83,1,0,always_ready,0,1
1,stress_random,20001,3472,3472,r_3472,1,qualified_ref,1,0,none,3612409375,3612425083,15708,3125,9458,83,1,0,always_ready,0,1
1,stress_random,20001,3473,3473,r_3473,1,qualified_ref,1,0,none,3613434375,3613450083,15708,3125,9458,83,1,0,always_ready,0,1
1,stress_random,20001,3474,3474,r_3474,1,qualified_ref,1,0,none,3614459375,3614475083,15708,3125,9458,83,1,0,always_ready,0,1
1,stress_random,20001,3475,3475,r_3475,1,qualified_ref,1,0,none,3615484375,3615500083,15708,3125,9458,83,1,0,always_ready,0,1
1,stress_random,20001,3476,3476,r_3476,1,qualified_ref,1,0,none,3616509375,3616525083,15708,3125,9458,83,1,0,always_ready,0,1
1,stress_random,20001,3477,3477,r_3477,1,qualified_ref,1,0,none,3617534375,3617550083,15708,3125,9458,83,1,0,always_ready,0,1
1,stress_random,20001,3478,3478,r_3478,1,qualified_ref,1,0,none,3618559375,3618575083,15708,3125,9458,83,1,0,always_ready,0,1
1,stress_random,20001,3479,3479,r_3479,1,qualified_ref,1,0,none,3619584375,3619600083,15708,3125,9458,83,1,0,always_ready,0,1
1,stress_random,20001,3480,3480,r_3480,1,qualified_ref,1,0,none,3620609375,3620625083,15708,3125,9458,83,1,0,always_ready,0,1
1,stress_random,20001,3481,3481,r_3481,1,qualified_ref,1,0,none,3621634375,3621650083,15708,3125,9458,83,1,0,always_ready,0,1
1,stress_random,20001,3482,3482,r_3482,1,qualified_ref,1,0,none,3622659375,3622675083,15708,3125,9458,83,1,0,always_ready,0,1
1,stress_random,20001,3483,3483,r_3483,1,qualified_ref,1,0,none,3623684375,3623700083,15708,3125,9458,83,1,0,always_ready,0,1
1,stress_random,20001,3484,3484,r_3484,1,qualified_ref,1,0,none,3624709375,3624725083,15708,3125,9458,83,1,0,always_ready,0,1
1,stress_random,20001,3485,3485,r_3485,1,qualified_ref,1,0,none,3625734375,3625750083,15708,3125,9458,83,1,0,always_ready,0,1
1,stress_random,20001,3486,3486,r_3486,1,qualified_ref,1,0,none,3626759375,3626775083,15708,3125,9458,83,1,0,always_ready,0,1
1,stress_random,20001,3487,3487,r_3487,1,qualified_ref,1,0,none,3627784375,3627800083,15708,3125,9458,83,1,0,always_ready,0,1
1,stress_random,20001,3488,3488,r_3488,1,qualified_ref,1,0,none,3628809375,3628825083,15708,3125,9458,83,1,0,always_ready,0,1
1,stress_random,20001,3489,3489,r_3489,1,qualified_ref,1,0,none,3629834375,3629850083,15708,3125,9458,83,1,0,always_ready,0,1
1,stress_random,20001,3490,3490,r_3490,1,qualified_ref,1,0,none,3630859375,3630875083,15708,3125,9458,83,1,0,always_ready,0,1
1,stress_random,20001,3491,3491,r_3491,1,qualified_ref,1,0,none,3631884375,3631900083,15708,3125,9458,83,1,0,always_ready,0,1
1,stress_random,20001,3492,3492,r_3492,1,qualified_ref,1,0,none,3632909375,3632925083,15708,3125,9458,83,1,0,always_ready,0,1
1,stress_random,20001,3493,3493,r_3493,1,qualified_ref,1,0,none,3633934375,3633950083,15708,3125,9458,83,1,0,always_ready,0,1
1,stress_random,20001,3494,3494,r_3494,1,qualified_ref,1,0,none,3634959375,3634975083,15708,3125,9458,83,1,0,always_ready,0,1
1,stress_random,20001,3495,3495,r_3495,1,qualified_ref,1,0,none,3635984375,3636000083,15708,3125,9458,83,1,0,always_ready,0,1
1,stress_random,20001,3496,3496,r_3496,1,qualified_ref,1,0,none,3637009375,3637025083,15708,3125,9458,83,1,0,always_ready,0,1
1,stress_random,20001,3497,3497,r_3497,1,qualified_ref,1,0,none,3638034375,3638050083,15708,3125,9458,83,1,0,always_ready,0,1
1,stress_random,20001,3498,3498,r_3498,1,qualified_ref,1,0,none,3639059375,3639075083,15708,3125,9458,83,1,0,always_ready,0,1
1,stress_random,20001,3499,3499,r_3499,1,qualified_ref,1,0,none,3640084375,3640100083,15708,3125,9458,83,1,0,always_ready,0,1
1,stress_random,20001,3500,3500,r_3500,1,qualified_ref,1,0,none,3645209375,3645225083,15708,3125,9458,83,3,0,random_50,0,1
1,stress_random,20001,3501,3501,r_3501,1,qualified_ref,1,0,none,3646234375,3646250083,15708,3125,9458,83,3,0,random_50,0,1
1,stress_random,20001,3502,3502,r_3502,1,qualified_ref,1,0,none,3647259375,3647275083,15708,3125,9458,83,3,0,random_50,0,1
1,stress_random,20001,3503,3503,r_3503,1,qualified_ref,1,0,none,3648284375,3648300083,15708,3125,9458,83,3,0,random_50,0,1
1,stress_random,20001,3504,3504,r_3504,1,qualified_ref,1,0,none,3649309375,3649325083,15708,3125,9458,83,3,0,random_50,0,1
1,stress_random,20001,3505,3505,r_3505,1,qualified_ref,1,0,none,3650334375,3650350083,15708,3125,9458,83,3,0,random_50,0,1
1,stress_random,20001,3506,3506,r_3506,1,qualified_ref,1,0,none,3651359375,3651375083,15708,3125,9458,83,3,0,random_50,0,1
1,stress_random,20001,3507,3507,r_3507,1,qualified_ref,1,0,none,3652384375,3652400083,15708,3125,9458,83,3,0,random_50,0,1
1,stress_random,20001,3508,3508,r_3508,1,qualified_ref,1,0,none,3653409375,3653425083,15708,3125,9458,83,3,0,random_50,0,1
1,stress_random,20001,3509,3509,r_3509,1,qualified_ref,1,0,none,3654434375,3654450083,15708,3125,9458,83,3,0,random_50,0,1
1,stress_random,20001,3510,3510,r_3510,1,qualified_ref,1,0,none,3655459375,3655475083,15708,3125,9458,83,3,0,random_50,0,1
1,stress_random,20001,3511,3511,r_3511,1,qualified_ref,1,0,none,3656484375,3656500083,15708,3125,9458,83,3,0,random_50,0,1
1,stress_random,20001,3512,3512,r_3512,1,qualified_ref,1,0,none,3657509375,3657525083,15708,3125,9458,83,3,0,random_50,0,1
1,stress_random,20001,3513,3513,r_3513,1,qualified_ref,1,0,none,3658534375,3658550083,15708,3125,9458,83,3,0,random_50,0,1
1,stress_random,20001,3514,3514,r_3514,1,qualified_ref,1,0,none,3659559375,3659575083,15708,3125,9458,83,3,0,random_50,0,1
1,stress_random,20001,3515,3515,r_3515,1,qualified_ref,1,0,none,3660584375,3660600083,15708,3125,9458,83,3,0,random_50,0,1
1,stress_random,20001,3516,3516,r_3516,1,qualified_ref,1,0,none,3661609375,3661625083,15708,3125,9458,83,3,0,random_50,0,1
1,stress_random,20001,3517,3517,r_3517,1,qualified_ref,1,0,none,3662634375,3662650083,15708,3125,9458,83,3,0,random_50,0,1
1,stress_random,20001,3518,3518,r_3518,1,qualified_ref,1,0,none,3663659375,3663675083,15708,3125,9458,83,3,0,random_50,0,1
1,stress_random,20001,3519,3519,r_3519,1,qualified_ref,1,0,none,3664684375,3664700083,15708,3125,9458,83,3,0,random_50,0,1
1,stress_random,20001,3520,3520,r_3520,1,qualified_ref,1,0,none,3665709375,3665725083,15708,3125,9458,83,3,0,random_50,0,1
1,stress_random,20001,3521,3521,r_3521,1,qualified_ref,1,0,none,3666734375,3666750083,15708,3125,9458,83,3,0,random_50,0,1
1,stress_random,20001,3522,3522,r_3522,1,qualified_ref,1,0,none,3667759375,3667775083,15708,3125,9458,83,3,0,random_50,0,1
1,stress_random,20001,3523,3523,r_3523,1,qualified_ref,1,0,none,3668784375,3668800083,15708,3125,9458,83,3,0,random_50,0,1
1,stress_random,20001,3524,3524,r_3524,1,qualified_ref,1,0,none,3669809375,3669825083,15708,3125,9458,83,3,0,random_50,0,1
1,stress_random,20001,3525,3525,r_3525,1,qualified_ref,1,0,none,3670834375,3670850083,15708,3125,9458,83,3,0,random_50,0,1
1,stress_random,20001,3526,3526,r_3526,1,qualified_ref,1,0,none,3671859375,3671875083,15708,3125,9458,83,3,0,random_50,0,1
1,stress_random,20001,3527,3527,r_3527,1,qualified_ref,1,0,none,3672884375,3672900083,15708,3125,9458,83,3,0,random_50,0,1
1,stress_random,20001,3528,3528,r_3528,1,qualified_ref,1,0,none,3673909375,3673925083,15708,3125,9458,83,3,0,random_50,0,1
1,stress_random,20001,3529,3529,r_3529,1,qualified_ref,1,0,none,3674934375,3674950083,15708,3125,9458,83,3,0,random_50,0,1
1,stress_random,20001,3530,3530,r_3530,1,qualified_ref,1,0,none,3675959375,3675975083,15708,3125,9458,83,3,0,random_50,0,1
1,stress_random,20001,3531,3531,r_3531,1,qualified_ref,1,0,none,3676984375,3677000083,15708,3125,9458,83,3,0,random_50,0,1
1,stress_random,20001,3532,3532,r_3532,1,qualified_ref,1,0,none,3678009375,3678025083,15708,3125,9458,83,3,0,random_50,0,1
1,stress_random,20001,3533,3533,r_3533,1,qualified_ref,1,0,none,3679034375,3679050083,15708,3125,9458,83,3,0,random_50,0,1
1,stress_random,20001,3534,3534,r_3534,1,qualified_ref,1,0,none,3680059375,3680075083,15708,3125,9458,83,3,0,random_50,0,1
1,stress_random,20001,3535,3535,r_3535,1,qualified_ref,1,0,none,3681084375,3681100083,15708,3125,9458,83,3,0,random_50,0,1
1,stress_random,20001,3536,3536,r_3536,1,qualified_ref,1,0,none,3682109375,3682125083,15708,3125,9458,83,3,0,random_50,0,1
1,stress_random,20001,3537,3537,r_3537,1,qualified_ref,1,0,none,3683134375,3683150083,15708,3125,9458,83,3,0,random_50,0,1
1,stress_random,20001,3538,3538,r_3538,1,qualified_ref,1,0,none,3684159375,3684175083,15708,3125,9458,83,3,0,random_50,0,1
1,stress_random,20001,3539,3539,r_3539,1,qualified_ref,1,0,none,3685184375,3685200083,15708,3125,9458,83,3,0,random_50,0,1
1,stress_random,20001,3540,3540,r_3540,1,qualified_ref,1,0,none,3686209375,3686225083,15708,3125,9458,83,3,0,random_50,0,1
1,stress_random,20001,3541,3541,r_3541,1,qualified_ref,1,0,none,3687234375,3687250083,15708,3125,9458,83,3,0,random_50,0,1
1,stress_random,20001,3542,3542,r_3542,1,qualified_ref,1,0,none,3688259375,3688275083,15708,3125,9458,83,3,0,random_50,0,1
1,stress_random,20001,3543,3543,r_3543,1,qualified_ref,1,0,none,3689284375,3689300083,15708,3125,9458,83,3,0,random_50,0,1
1,stress_random,20001,3544,3544,r_3544,1,qualified_ref,1,0,none,3690309375,3690325083,15708,3125,9458,83,3,0,random_50,0,1
1,stress_random,20001,3545,3545,r_3545,1,qualified_ref,1,0,none,3691334375,3691350083,15708,3125,9458,83,3,0,random_50,0,1
1,stress_random,20001,3546,3546,r_3546,1,qualified_ref,1,0,none,3692359375,3692375083,15708,3125,9458,83,3,0,random_50,0,1
1,stress_random,20001,3547,3547,r_3547,1,qualified_ref,1,0,none,3693384375,3693400083,15708,3125,9458,83,3,0,random_50,0,1
1,stress_random,20001,3548,3548,r_3548,1,qualified_ref,1,0,none,3694409375,3694425083,15708,3125,9458,83,3,0,random_50,0,1
1,stress_random,20001,3549,3549,r_3549,1,qualified_ref,1,0,none,3695434375,3695450083,15708,3125,9458,83,3,0,random_50,0,1
1,stress_random,20001,3550,3550,r_3550,1,qualified_ref,1,0,none,3696459375,3696475083,15708,3125,9458,83,3,0,random_50,0,1
1,stress_random,20001,3551,3551,r_3551,1,qualified_ref,1,0,none,3697484375,3697500083,15708,3125,9458,83,3,0,random_50,0,1
1,stress_random,20001,3552,3552,r_3552,1,qualified_ref,1,0,none,3698509375,3698525083,15708,3125,9458,83,3,0,random_50,0,1
1,stress_random,20001,3553,3553,r_3553,1,qualified_ref,1,0,none,3699534375,3699550083,15708,3125,9458,83,3,0,random_50,0,1
1,stress_random,20001,3554,3554,r_3554,1,qualified_ref,1,0,none,3700559375,3700575083,15708,3125,9458,83,3,0,random_50,0,1
1,stress_random,20001,3555,3555,r_3555,1,qualified_ref,1,0,none,3701584375,3701600083,15708,3125,9458,83,3,0,random_50,0,1
1,stress_random,20001,3556,3556,r_3556,1,qualified_ref,1,0,none,3702609375,3702625083,15708,3125,9458,83,3,0,random_50,0,1
1,stress_random,20001,3557,3557,r_3557,1,qualified_ref,1,0,none,3703634375,3703650083,15708,3125,9458,83,3,0,random_50,0,1
1,stress_random,20001,3558,3558,r_3558,1,qualified_ref,1,0,none,3704659375,3704675083,15708,3125,9458,83,3,0,random_50,0,1
1,stress_random,20001,3559,3559,r_3559,1,qualified_ref,1,0,none,3705684375,3705700083,15708,3125,9458,83,3,0,random_50,0,1
1,stress_random,20001,3560,3560,r_3560,1,qualified_ref,1,0,none,3706709375,3706725083,15708,3125,9458,83,3,0,random_50,0,1
1,stress_random,20001,3561,3561,r_3561,1,qualified_ref,1,0,none,3707734375,3707750083,15708,3125,9458,83,3,0,random_50,0,1
1,stress_random,20001,3562,3562,r_3562,1,qualified_ref,1,0,none,3708759375,3708775083,15708,3125,9458,83,3,0,random_50,0,1
1,stress_random,20001,3563,3563,r_3563,1,qualified_ref,1,0,none,3709784375,3709800083,15708,3125,9458,83,3,0,random_50,0,1
1,stress_random,20001,3564,3564,r_3564,1,qualified_ref,1,0,none,3710809375,3710825083,15708,3125,9458,83,3,0,random_50,0,1
1,stress_random,20001,3565,3565,r_3565,1,qualified_ref,1,0,none,3711834375,3711850083,15708,3125,9458,83,3,0,random_50,0,1
1,stress_random,20001,3566,3566,r_3566,1,qualified_ref,1,0,none,3712859375,3712875083,15708,3125,9458,83,3,0,random_50,0,1
1,stress_random,20001,3567,3567,r_3567,1,qualified_ref,1,0,none,3713884375,3713900083,15708,3125,9458,83,3,0,random_50,0,1
1,stress_random,20001,3568,3568,r_3568,1,qualified_ref,1,0,none,3714909375,3714925083,15708,3125,9458,83,3,0,random_50,0,1
1,stress_random,20001,3569,3569,r_3569,1,qualified_ref,1,0,none,3715934375,3715950083,15708,3125,9458,83,3,0,random_50,0,1
1,stress_random,20001,3570,3570,r_3570,1,qualified_ref,1,0,none,3716959375,3716975083,15708,3125,9458,83,3,0,random_50,0,1
1,stress_random,20001,3571,3571,r_3571,1,qualified_ref,1,0,none,3717984375,3718000083,15708,3125,9458,83,3,0,random_50,0,1
1,stress_random,20001,3572,3572,r_3572,1,qualified_ref,1,0,none,3719009375,3719025083,15708,3125,9458,83,3,0,random_50,0,1
1,stress_random,20001,3573,3573,r_3573,1,qualified_ref,1,0,none,3720034375,3720050083,15708,3125,9458,83,3,0,random_50,0,1
1,stress_random,20001,3574,3574,r_3574,1,qualified_ref,1,0,none,3721059375,3721075083,15708,3125,9458,83,3,0,random_50,0,1
1,stress_random,20001,3575,3575,r_3575,1,qualified_ref,1,0,none,3722084375,3722100083,15708,3125,9458,83,3,0,random_50,0,1
1,stress_random,20001,3576,3576,r_3576,1,qualified_ref,1,0,none,3723109375,3723125083,15708,3125,9458,83,3,0,random_50,0,1
1,stress_random,20001,3577,3577,r_3577,1,qualified_ref,1,0,none,3724134375,3724150083,15708,3125,9458,83,3,0,random_50,0,1
1,stress_random,20001,3578,3578,r_3578,1,qualified_ref,1,0,none,3725159375,3725175083,15708,3125,9458,83,3,0,random_50,0,1
1,stress_random,20001,3579,3579,r_3579,1,qualified_ref,1,0,none,3726184375,3726200083,15708,3125,9458,83,3,0,random_50,0,1
1,stress_random,20001,3580,3580,r_3580,1,qualified_ref,1,0,none,3727209375,3727225083,15708,3125,9458,83,3,0,random_50,0,1
1,stress_random,20001,3581,3581,r_3581,1,qualified_ref,1,0,none,3728234375,3728250083,15708,3125,9458,83,3,0,random_50,0,1
1,stress_random,20001,3582,3582,r_3582,1,qualified_ref,1,0,none,3729259375,3729275083,15708,3125,9458,83,3,0,random_50,0,1
1,stress_random,20001,3583,3583,r_3583,1,qualified_ref,1,0,none,3730284375,3730300083,15708,3125,9458,83,3,0,random_50,0,1
1,stress_random,20001,3584,3584,r_3584,1,qualified_ref,1,0,none,3731309375,3731325083,15708,3125,9458,83,3,0,random_50,0,1
1,stress_random,20001,3585,3585,r_3585,1,qualified_ref,1,0,none,3732334375,3732350083,15708,3125,9458,83,3,0,random_50,0,1
1,stress_random,20001,3586,3586,r_3586,1,qualified_ref,1,0,none,3733359375,3733375083,15708,3125,9458,83,3,0,random_50,0,1
1,stress_random,20001,3587,3587,r_3587,1,qualified_ref,1,0,none,3734384375,3734400083,15708,3125,9458,83,3,0,random_50,0,1
1,stress_random,20001,3588,3588,r_3588,1,qualified_ref,1,0,none,3735409375,3735425083,15708,3125,9458,83,3,0,random_50,0,1
1,stress_random,20001,3589,3589,r_3589,1,qualified_ref,1,0,none,3736434375,3736450083,15708,3125,9458,83,3,0,random_50,0,1
1,stress_random,20001,3590,3590,r_3590,1,qualified_ref,1,0,none,3737459375,3737475083,15708,3125,9458,83,3,0,random_50,0,1
1,stress_random,20001,3591,3591,r_3591,1,qualified_ref,1,0,none,3738484375,3738500083,15708,3125,9458,83,3,0,random_50,0,1
1,stress_random,20001,3592,3592,r_3592,1,qualified_ref,1,0,none,3739509375,3739525083,15708,3125,9458,83,3,0,random_50,0,1
1,stress_random,20001,3593,3593,r_3593,1,qualified_ref,1,0,none,3740534375,3740550083,15708,3125,9458,83,3,0,random_50,0,1
1,stress_random,20001,3594,3594,r_3594,1,qualified_ref,1,0,none,3741559375,3741575083,15708,3125,9458,83,3,0,random_50,0,1
1,stress_random,20001,3595,3595,r_3595,1,qualified_ref,1,0,none,3742584375,3742600083,15708,3125,9458,83,3,0,random_50,0,1
1,stress_random,20001,3596,3596,r_3596,1,qualified_ref,1,0,none,3743609375,3743625083,15708,3125,9458,83,3,0,random_50,0,1
1,stress_random,20001,3597,3597,r_3597,1,qualified_ref,1,0,none,3744634375,3744650083,15708,3125,9458,83,3,0,random_50,0,1
1,stress_random,20001,3598,3598,r_3598,1,qualified_ref,1,0,none,3745659375,3745675083,15708,3125,9458,83,3,0,random_50,0,1
1,stress_random,20001,3599,3599,r_3599,1,qualified_ref,1,0,none,3746684375,3746700083,15708,3125,9458,83,3,0,random_50,0,1
1,stress_random,20001,3600,3600,r_3600,1,qualified_ref,1,0,none,3747709375,3747725083,15708,3125,9458,83,3,0,random_50,0,1
1,stress_random,20001,3601,3601,r_3601,1,qualified_ref,1,0,none,3748734375,3748750083,15708,3125,9458,83,3,0,random_50,0,1
1,stress_random,20001,3602,3602,r_3602,1,qualified_ref,1,0,none,3749759375,3749775083,15708,3125,9458,83,3,0,random_50,0,1
1,stress_random,20001,3603,3603,r_3603,1,qualified_ref,1,0,none,3750784375,3750800083,15708,3125,9458,83,3,0,random_50,0,1
1,stress_random,20001,3604,3604,r_3604,1,qualified_ref,1,0,none,3751809375,3751825083,15708,3125,9458,83,3,0,random_50,0,1
1,stress_random,20001,3605,3605,r_3605,1,qualified_ref,1,0,none,3752834375,3752850083,15708,3125,9458,83,3,0,random_50,0,1
1,stress_random,20001,3606,3606,r_3606,1,qualified_ref,1,0,none,3753859375,3753875083,15708,3125,9458,83,3,0,random_50,0,1
1,stress_random,20001,3607,3607,r_3607,1,qualified_ref,1,0,none,3754884375,3754900083,15708,3125,9458,83,3,0,random_50,0,1
1,stress_random,20001,3608,3608,r_3608,1,qualified_ref,1,0,none,3755909375,3755925083,15708,3125,9458,83,3,0,random_50,0,1
1,stress_random,20001,3609,3609,r_3609,1,qualified_ref,1,0,none,3756934375,3756950083,15708,3125,9458,83,3,0,random_50,0,1
1,stress_random,20001,3610,3610,r_3610,1,qualified_ref,1,0,none,3757959375,3757975083,15708,3125,9458,83,3,0,random_50,0,1
1,stress_random,20001,3611,3611,r_3611,1,qualified_ref,1,0,none,3758984375,3759000083,15708,3125,9458,83,3,0,random_50,0,1
1,stress_random,20001,3612,3612,r_3612,1,qualified_ref,1,0,none,3760009375,3760025083,15708,3125,9458,83,3,0,random_50,0,1
1,stress_random,20001,3613,3613,r_3613,1,qualified_ref,1,0,none,3761034375,3761050083,15708,3125,9458,83,3,0,random_50,0,1
1,stress_random,20001,3614,3614,r_3614,1,qualified_ref,1,0,none,3762059375,3762075083,15708,3125,9458,83,3,0,random_50,0,1
1,stress_random,20001,3615,3615,r_3615,1,qualified_ref,1,0,none,3763084375,3763100083,15708,3125,9458,83,3,0,random_50,0,1
1,stress_random,20001,3616,3616,r_3616,1,qualified_ref,1,0,none,3764109375,3764125083,15708,3125,9458,83,3,0,random_50,0,1
1,stress_random,20001,3617,3617,r_3617,1,qualified_ref,1,0,none,3765134375,3765150083,15708,3125,9458,83,3,0,random_50,0,1
1,stress_random,20001,3618,3618,r_3618,1,qualified_ref,1,0,none,3766159375,3766175083,15708,3125,9458,83,3,0,random_50,0,1
1,stress_random,20001,3619,3619,r_3619,1,qualified_ref,1,0,none,3767184375,3767200083,15708,3125,9458,83,3,0,random_50,0,1
1,stress_random,20001,3620,3620,r_3620,1,qualified_ref,1,0,none,3768209375,3768225083,15708,3125,9458,83,3,0,random_50,0,1
1,stress_random,20001,3621,3621,r_3621,1,qualified_ref,1,0,none,3769234375,3769250083,15708,3125,9458,83,3,0,random_50,0,1
1,stress_random,20001,3622,3622,r_3622,1,qualified_ref,1,0,none,3770259375,3770275083,15708,3125,9458,83,3,0,random_50,0,1
1,stress_random,20001,3623,3623,r_3623,1,qualified_ref,1,0,none,3771284375,3771300083,15708,3125,9458,83,3,0,random_50,0,1
1,stress_random,20001,3624,3624,r_3624,1,qualified_ref,1,0,none,3772309375,3772325083,15708,3125,9458,83,3,0,random_50,0,1
1,stress_random,20001,3625,3625,r_3625,1,qualified_ref,1,0,none,3773334375,3773350083,15708,3125,9458,83,3,0,random_50,0,1
1,stress_random,20001,3626,3626,r_3626,1,qualified_ref,1,0,none,3774359375,3774375083,15708,3125,9458,83,3,0,random_50,0,1
1,stress_random,20001,3627,3627,r_3627,1,qualified_ref,1,0,none,3775384375,3775400083,15708,3125,9458,83,3,0,random_50,0,1
1,stress_random,20001,3628,3628,r_3628,1,qualified_ref,1,0,none,3776409375,3776425083,15708,3125,9458,83,3,0,random_50,0,1
1,stress_random,20001,3629,3629,r_3629,1,qualified_ref,1,0,none,3777434375,3777450083,15708,3125,9458,83,3,0,random_50,0,1
1,stress_random,20001,3630,3630,r_3630,1,qualified_ref,1,0,none,3778459375,3778475083,15708,3125,9458,83,3,0,random_50,0,1
1,stress_random,20001,3631,3631,r_3631,1,qualified_ref,1,0,none,3779484375,3779500083,15708,3125,9458,83,3,0,random_50,0,1
1,stress_random,20001,3632,3632,r_3632,1,qualified_ref,1,0,none,3780509375,3780525083,15708,3125,9458,83,3,0,random_50,0,1
1,stress_random,20001,3633,3633,r_3633,1,qualified_ref,1,0,none,3781534375,3781550083,15708,3125,9458,83,3,0,random_50,0,1
1,stress_random,20001,3634,3634,r_3634,1,qualified_ref,1,0,none,3782559375,3782575083,15708,3125,9458,83,3,0,random_50,0,1
1,stress_random,20001,3635,3635,r_3635,1,qualified_ref,1,0,none,3783584375,3783600083,15708,3125,9458,83,3,0,random_50,0,1
1,stress_random,20001,3636,3636,r_3636,1,qualified_ref,1,0,none,3784609375,3784625083,15708,3125,9458,83,3,0,random_50,0,1
1,stress_random,20001,3637,3637,r_3637,1,qualified_ref,1,0,none,3785634375,3785650083,15708,3125,9458,83,3,0,random_50,0,1
1,stress_random,20001,3638,3638,r_3638,1,qualified_ref,1,0,none,3786659375,3786675083,15708,3125,9458,83,3,0,random_50,0,1
1,stress_random,20001,3639,3639,r_3639,1,qualified_ref,1,0,none,3787684375,3787700083,15708,3125,9458,83,3,0,random_50,0,1
1,stress_random,20001,3640,3640,r_3640,1,qualified_ref,1,0,none,3788709375,3788725083,15708,3125,9458,83,3,0,random_50,0,1
1,stress_random,20001,3641,3641,r_3641,1,qualified_ref,1,0,none,3789734375,3789750083,15708,3125,9458,83,3,0,random_50,0,1
1,stress_random,20001,3642,3642,r_3642,1,qualified_ref,1,0,none,3790759375,3790775083,15708,3125,9458,83,3,0,random_50,0,1
1,stress_random,20001,3643,3643,r_3643,1,qualified_ref,1,0,none,3791784375,3791800083,15708,3125,9458,83,3,0,random_50,0,1
1,stress_random,20001,3644,3644,r_3644,1,qualified_ref,1,0,none,3792809375,3792825083,15708,3125,9458,83,3,0,random_50,0,1
1,stress_random,20001,3645,3645,r_3645,1,qualified_ref,1,0,none,3793834375,3793850083,15708,3125,9458,83,3,0,random_50,0,1
1,stress_random,20001,3646,3646,r_3646,1,qualified_ref,1,0,none,3794859375,3794875083,15708,3125,9458,83,3,0,random_50,0,1
1,stress_random,20001,3647,3647,r_3647,1,qualified_ref,1,0,none,3795884375,3795900083,15708,3125,9458,83,3,0,random_50,0,1
1,stress_random,20001,3648,3648,r_3648,1,qualified_ref,1,0,none,3796909375,3796925083,15708,3125,9458,83,3,0,random_50,0,1
1,stress_random,20001,3649,3649,r_3649,1,qualified_ref,1,0,none,3797934375,3797950083,15708,3125,9458,83,3,0,random_50,0,1
1,stress_random,20001,3650,3650,r_3650,1,qualified_ref,1,0,none,3798959375,3798975083,15708,3125,9458,83,3,0,random_50,0,1
1,stress_random,20001,3651,3651,r_3651,1,qualified_ref,1,0,none,3799984375,3800000083,15708,3125,9458,83,3,0,random_50,0,1
1,stress_random,20001,3652,3652,r_3652,1,qualified_ref,1,0,none,3801009375,3801025083,15708,3125,9458,83,3,0,random_50,0,1
1,stress_random,20001,3653,3653,r_3653,1,qualified_ref,1,0,none,3802034375,3802050083,15708,3125,9458,83,3,0,random_50,0,1
1,stress_random,20001,3654,3654,r_3654,1,qualified_ref,1,0,none,3803059375,3803075083,15708,3125,9458,83,3,0,random_50,0,1
1,stress_random,20001,3655,3655,r_3655,1,qualified_ref,1,0,none,3804084375,3804100083,15708,3125,9458,83,3,0,random_50,0,1
1,stress_random,20001,3656,3656,r_3656,1,qualified_ref,1,0,none,3805109375,3805125083,15708,3125,9458,83,3,0,random_50,0,1
1,stress_random,20001,3657,3657,r_3657,1,qualified_ref,1,0,none,3806134375,3806150083,15708,3125,9458,83,3,0,random_50,0,1
1,stress_random,20001,3658,3658,r_3658,1,qualified_ref,1,0,none,3807159375,3807175083,15708,3125,9458,83,3,0,random_50,0,1
1,stress_random,20001,3659,3659,r_3659,1,qualified_ref,1,0,none,3808184375,3808200083,15708,3125,9458,83,3,0,random_50,0,1
1,stress_random,20001,3660,3660,r_3660,1,qualified_ref,1,0,none,3809209375,3809225083,15708,3125,9458,83,3,0,random_50,0,1
1,stress_random,20001,3661,3661,r_3661,1,qualified_ref,1,0,none,3810234375,3810250083,15708,3125,9458,83,3,0,random_50,0,1
1,stress_random,20001,3662,3662,r_3662,1,qualified_ref,1,0,none,3811259375,3811275083,15708,3125,9458,83,3,0,random_50,0,1
1,stress_random,20001,3663,3663,r_3663,1,qualified_ref,1,0,none,3812284375,3812300083,15708,3125,9458,83,3,0,random_50,0,1
1,stress_random,20001,3664,3664,r_3664,1,qualified_ref,1,0,none,3813309375,3813325083,15708,3125,9458,83,3,0,random_50,0,1
1,stress_random,20001,3665,3665,r_3665,1,qualified_ref,1,0,none,3814334375,3814350083,15708,3125,9458,83,3,0,random_50,0,1
1,stress_random,20001,3666,3666,r_3666,1,qualified_ref,1,0,none,3815359375,3815375083,15708,3125,9458,83,3,0,random_50,0,1
1,stress_random,20001,3667,3667,r_3667,1,qualified_ref,1,0,none,3816384375,3816400083,15708,3125,9458,83,3,0,random_50,0,1
1,stress_random,20001,3668,3668,r_3668,1,qualified_ref,1,0,none,3817409375,3817425083,15708,3125,9458,83,3,0,random_50,0,1
1,stress_random,20001,3669,3669,r_3669,1,qualified_ref,1,0,none,3818434375,3818450083,15708,3125,9458,83,3,0,random_50,0,1
1,stress_random,20001,3670,3670,r_3670,1,qualified_ref,1,0,none,3819459375,3819475083,15708,3125,9458,83,3,0,random_50,0,1
1,stress_random,20001,3671,3671,r_3671,1,qualified_ref,1,0,none,3820484375,3820500083,15708,3125,9458,83,3,0,random_50,0,1
1,stress_random,20001,3672,3672,r_3672,1,qualified_ref,1,0,none,3821509375,3821525083,15708,3125,9458,83,3,0,random_50,0,1
1,stress_random,20001,3673,3673,r_3673,1,qualified_ref,1,0,none,3822534375,3822550083,15708,3125,9458,83,3,0,random_50,0,1
1,stress_random,20001,3674,3674,r_3674,1,qualified_ref,1,0,none,3823559375,3823575083,15708,3125,9458,83,3,0,random_50,0,1
1,stress_random,20001,3675,3675,r_3675,1,qualified_ref,1,0,none,3824584375,3824600083,15708,3125,9458,83,3,0,random_50,0,1
1,stress_random,20001,3676,3676,r_3676,1,qualified_ref,1,0,none,3825609375,3825625083,15708,3125,9458,83,3,0,random_50,0,1
1,stress_random,20001,3677,3677,r_3677,1,qualified_ref,1,0,none,3826634375,3826650083,15708,3125,9458,83,3,0,random_50,0,1
1,stress_random,20001,3678,3678,r_3678,1,qualified_ref,1,0,none,3827659375,3827675083,15708,3125,9458,83,3,0,random_50,0,1
1,stress_random,20001,3679,3679,r_3679,1,qualified_ref,1,0,none,3828684375,3828700083,15708,3125,9458,83,3,0,random_50,0,1
1,stress_random,20001,3680,3680,r_3680,1,qualified_ref,1,0,none,3829709375,3829725083,15708,3125,9458,83,3,0,random_50,0,1
1,stress_random,20001,3681,3681,r_3681,1,qualified_ref,1,0,none,3830734375,3830750083,15708,3125,9458,83,3,0,random_50,0,1
1,stress_random,20001,3682,3682,r_3682,1,qualified_ref,1,0,none,3831759375,3831775083,15708,3125,9458,83,3,0,random_50,0,1
1,stress_random,20001,3683,3683,r_3683,1,qualified_ref,1,0,none,3832784375,3832800083,15708,3125,9458,83,3,0,random_50,0,1
1,stress_random,20001,3684,3684,r_3684,1,qualified_ref,1,0,none,3833809375,3833825083,15708,3125,9458,83,3,0,random_50,0,1
1,stress_random,20001,3685,3685,r_3685,1,qualified_ref,1,0,none,3834834375,3834850083,15708,3125,9458,83,3,0,random_50,0,1
1,stress_random,20001,3686,3686,r_3686,1,qualified_ref,1,0,none,3835859375,3835875083,15708,3125,9458,83,3,0,random_50,0,1
1,stress_random,20001,3687,3687,r_3687,1,qualified_ref,1,0,none,3836884375,3836900083,15708,3125,9458,83,3,0,random_50,0,1
1,stress_random,20001,3688,3688,r_3688,1,qualified_ref,1,0,none,3837909375,3837925083,15708,3125,9458,83,3,0,random_50,0,1
1,stress_random,20001,3689,3689,r_3689,1,qualified_ref,1,0,none,3838934375,3838950083,15708,3125,9458,83,3,0,random_50,0,1
1,stress_random,20001,3690,3690,r_3690,1,qualified_ref,1,0,none,3839959375,3839975083,15708,3125,9458,83,3,0,random_50,0,1
1,stress_random,20001,3691,3691,r_3691,1,qualified_ref,1,0,none,3840984375,3841000083,15708,3125,9458,83,3,0,random_50,0,1
1,stress_random,20001,3692,3692,r_3692,1,qualified_ref,1,0,none,3842009375,3842025083,15708,3125,9458,83,3,0,random_50,0,1
1,stress_random,20001,3693,3693,r_3693,1,qualified_ref,1,0,none,3843034375,3843050083,15708,3125,9458,83,3,0,random_50,0,1
1,stress_random,20001,3694,3694,r_3694,1,qualified_ref,1,0,none,3844059375,3844075083,15708,3125,9458,83,3,0,random_50,0,1
1,stress_random,20001,3695,3695,r_3695,1,qualified_ref,1,0,none,3845084375,3845100083,15708,3125,9458,83,3,0,random_50,0,1
1,stress_random,20001,3696,3696,r_3696,1,qualified_ref,1,0,none,3846109375,3846125083,15708,3125,9458,83,3,0,random_50,0,1
1,stress_random,20001,3697,3697,r_3697,1,qualified_ref,1,0,none,3847134375,3847150083,15708,3125,9458,83,3,0,random_50,0,1
1,stress_random,20001,3698,3698,r_3698,1,qualified_ref,1,0,none,3848159375,3848175083,15708,3125,9458,83,3,0,random_50,0,1
1,stress_random,20001,3699,3699,r_3699,1,qualified_ref,1,0,none,3849184375,3849200083,15708,3125,9458,83,3,0,random_50,0,1
1,stress_random,20001,3700,3700,r_3700,1,qualified_ref,1,0,none,3850209375,3850225083,15708,3125,9458,83,3,0,random_50,0,1
1,stress_random,20001,3701,3701,r_3701,1,qualified_ref,1,0,none,3851234375,3851250083,15708,3125,9458,83,3,0,random_50,0,1
1,stress_random,20001,3702,3702,r_3702,1,qualified_ref,1,0,none,3852259375,3852275083,15708,3125,9458,83,3,0,random_50,0,1
1,stress_random,20001,3703,3703,r_3703,1,qualified_ref,1,0,none,3853284375,3853300083,15708,3125,9458,83,3,0,random_50,0,1
1,stress_random,20001,3704,3704,r_3704,1,qualified_ref,1,0,none,3854309375,3854325083,15708,3125,9458,83,3,0,random_50,0,1
1,stress_random,20001,3705,3705,r_3705,1,qualified_ref,1,0,none,3855334375,3855350083,15708,3125,9458,83,3,0,random_50,0,1
1,stress_random,20001,3706,3706,r_3706,1,qualified_ref,1,0,none,3856359375,3856375083,15708,3125,9458,83,3,0,random_50,0,1
1,stress_random,20001,3707,3707,r_3707,1,qualified_ref,1,0,none,3857384375,3857400083,15708,3125,9458,83,3,0,random_50,0,1
1,stress_random,20001,3708,3708,r_3708,1,qualified_ref,1,0,none,3858409375,3858425083,15708,3125,9458,83,3,0,random_50,0,1
1,stress_random,20001,3709,3709,r_3709,1,qualified_ref,1,0,none,3859434375,3859450083,15708,3125,9458,83,3,0,random_50,0,1
1,stress_random,20001,3710,3710,r_3710,1,qualified_ref,1,0,none,3860459375,3860475083,15708,3125,9458,83,3,0,random_50,0,1
1,stress_random,20001,3711,3711,r_3711,1,qualified_ref,1,0,none,3861484375,3861500083,15708,3125,9458,83,3,0,random_50,0,1
1,stress_random,20001,3712,3712,r_3712,1,qualified_ref,1,0,none,3862509375,3862525083,15708,3125,9458,83,3,0,random_50,0,1
1,stress_random,20001,3713,3713,r_3713,1,qualified_ref,1,0,none,3863534375,3863550083,15708,3125,9458,83,3,0,random_50,0,1
1,stress_random,20001,3714,3714,r_3714,1,qualified_ref,1,0,none,3864559375,3864575083,15708,3125,9458,83,3,0,random_50,0,1
1,stress_random,20001,3715,3715,r_3715,1,qualified_ref,1,0,none,3865584375,3865600083,15708,3125,9458,83,3,0,random_50,0,1
1,stress_random,20001,3716,3716,r_3716,1,qualified_ref,1,0,none,3866609375,3866625083,15708,3125,9458,83,3,0,random_50,0,1
1,stress_random,20001,3717,3717,r_3717,1,qualified_ref,1,0,none,3867634375,3867650083,15708,3125,9458,83,3,0,random_50,0,1
1,stress_random,20001,3718,3718,r_3718,1,qualified_ref,1,0,none,3868659375,3868675083,15708,3125,9458,83,3,0,random_50,0,1
1,stress_random,20001,3719,3719,r_3719,1,qualified_ref,1,0,none,3869684375,3869700083,15708,3125,9458,83,3,0,random_50,0,1
1,stress_random,20001,3720,3720,r_3720,1,qualified_ref,1,0,none,3870709375,3870725083,15708,3125,9458,83,3,0,random_50,0,1
1,stress_random,20001,3721,3721,r_3721,1,qualified_ref,1,0,none,3871734375,3871750083,15708,3125,9458,83,3,0,random_50,0,1
1,stress_random,20001,3722,3722,r_3722,1,qualified_ref,1,0,none,3872759375,3872775083,15708,3125,9458,83,3,0,random_50,0,1
1,stress_random,20001,3723,3723,r_3723,1,qualified_ref,1,0,none,3873784375,3873800083,15708,3125,9458,83,3,0,random_50,0,1
1,stress_random,20001,3724,3724,r_3724,1,qualified_ref,1,0,none,3874809375,3874825083,15708,3125,9458,83,3,0,random_50,0,1
1,stress_random,20001,3725,3725,r_3725,1,qualified_ref,1,0,none,3875834375,3875850083,15708,3125,9458,83,3,0,random_50,0,1
1,stress_random,20001,3726,3726,r_3726,1,qualified_ref,1,0,none,3876859375,3876875083,15708,3125,9458,83,3,0,random_50,0,1
1,stress_random,20001,3727,3727,r_3727,1,qualified_ref,1,0,none,3877884375,3877900083,15708,3125,9458,83,3,0,random_50,0,1
1,stress_random,20001,3728,3728,r_3728,1,qualified_ref,1,0,none,3878909375,3878925083,15708,3125,9458,83,3,0,random_50,0,1
1,stress_random,20001,3729,3729,r_3729,1,qualified_ref,1,0,none,3879934375,3879950083,15708,3125,9458,83,3,0,random_50,0,1
1,stress_random,20001,3730,3730,r_3730,1,qualified_ref,1,0,none,3880959375,3880975083,15708,3125,9458,83,3,0,random_50,0,1
1,stress_random,20001,3731,3731,r_3731,1,qualified_ref,1,0,none,3881984375,3882000083,15708,3125,9458,83,3,0,random_50,0,1
1,stress_random,20001,3732,3732,r_3732,1,qualified_ref,1,0,none,3883009375,3883025083,15708,3125,9458,83,3,0,random_50,0,1
1,stress_random,20001,3733,3733,r_3733,1,qualified_ref,1,0,none,3884034375,3884050083,15708,3125,9458,83,3,0,random_50,0,1
1,stress_random,20001,3734,3734,r_3734,1,qualified_ref,1,0,none,3885059375,3885075083,15708,3125,9458,83,3,0,random_50,0,1
1,stress_random,20001,3735,3735,r_3735,1,qualified_ref,1,0,none,3886084375,3886100083,15708,3125,9458,83,3,0,random_50,0,1
1,stress_random,20001,3736,3736,r_3736,1,qualified_ref,1,0,none,3887109375,3887125083,15708,3125,9458,83,3,0,random_50,0,1
1,stress_random,20001,3737,3737,r_3737,1,qualified_ref,1,0,none,3888134375,3888150083,15708,3125,9458,83,3,0,random_50,0,1
1,stress_random,20001,3738,3738,r_3738,1,qualified_ref,1,0,none,3889159375,3889175083,15708,3125,9458,83,3,0,random_50,0,1
1,stress_random,20001,3739,3739,r_3739,1,qualified_ref,1,0,none,3890184375,3890200083,15708,3125,9458,83,3,0,random_50,0,1
1,stress_random,20001,3740,3740,r_3740,1,qualified_ref,1,0,none,3891209375,3891225083,15708,3125,9458,83,3,0,random_50,0,1
1,stress_random,20001,3741,3741,r_3741,1,qualified_ref,1,0,none,3892234375,3892250083,15708,3125,9458,83,3,0,random_50,0,1
1,stress_random,20001,3742,3742,r_3742,1,qualified_ref,1,0,none,3893259375,3893275083,15708,3125,9458,83,3,0,random_50,0,1
1,stress_random,20001,3743,3743,r_3743,1,qualified_ref,1,0,none,3894284375,3894300083,15708,3125,9458,83,3,0,random_50,0,1
1,stress_random,20001,3744,3744,r_3744,1,qualified_ref,1,0,none,3895309375,3895325083,15708,3125,9458,83,3,0,random_50,0,1
1,stress_random,20001,3745,3745,r_3745,1,qualified_ref,1,0,none,3896334375,3896350083,15708,3125,9458,83,3,0,random_50,0,1
1,stress_random,20001,3746,3746,r_3746,1,qualified_ref,1,0,none,3897359375,3897375083,15708,3125,9458,83,3,0,random_50,0,1
1,stress_random,20001,3747,3747,r_3747,1,qualified_ref,1,0,none,3898384375,3898400083,15708,3125,9458,83,3,0,random_50,0,1
1,stress_random,20001,3748,3748,r_3748,1,qualified_ref,1,0,none,3899409375,3899425083,15708,3125,9458,83,3,0,random_50,0,1
1,stress_random,20001,3749,3749,r_3749,1,qualified_ref,1,0,none,3900434375,3900450083,15708,3125,9458,83,3,0,random_50,0,1
1,stress_random,20001,3750,3750,r_3750,1,qualified_ref,1,0,none,3905559375,3905575083,15708,3125,9458,83,5,0,random_50,0,1
1,stress_random,20001,3751,3751,r_3751,1,qualified_ref,1,0,none,3906584375,3906600083,15708,3125,9458,83,5,0,random_50,0,1
1,stress_random,20001,3752,3752,r_3752,1,qualified_ref,1,0,none,3907609375,3907625083,15708,3125,9458,83,5,0,random_50,0,1
1,stress_random,20001,3753,3753,r_3753,1,qualified_ref,1,0,none,3908634375,3908650083,15708,3125,9458,83,5,0,random_50,0,1
1,stress_random,20001,3754,3754,r_3754,1,qualified_ref,1,0,none,3909659375,3909675083,15708,3125,9458,83,5,0,random_50,0,1
1,stress_random,20001,3755,3755,r_3755,1,qualified_ref,1,0,none,3910684375,3910700083,15708,3125,9458,83,5,0,random_50,0,1
1,stress_random,20001,3756,3756,r_3756,1,qualified_ref,1,0,none,3911709375,3911725083,15708,3125,9458,83,5,0,random_50,0,1
1,stress_random,20001,3757,3757,r_3757,1,qualified_ref,1,0,none,3912734375,3912750083,15708,3125,9458,83,5,0,random_50,0,1
1,stress_random,20001,3758,3758,r_3758,1,qualified_ref,1,0,none,3913759375,3913775083,15708,3125,9458,83,5,0,random_50,0,1
1,stress_random,20001,3759,3759,r_3759,1,qualified_ref,1,0,none,3914784375,3914800083,15708,3125,9458,83,5,0,random_50,0,1
1,stress_random,20001,3760,3760,r_3760,1,qualified_ref,1,0,none,3915809375,3915825083,15708,3125,9458,83,5,0,random_50,0,1
1,stress_random,20001,3761,3761,r_3761,1,qualified_ref,1,0,none,3916834375,3916850083,15708,3125,9458,83,5,0,random_50,0,1
1,stress_random,20001,3762,3762,r_3762,1,qualified_ref,1,0,none,3917859375,3917875083,15708,3125,9458,83,5,0,random_50,0,1
1,stress_random,20001,3763,3763,r_3763,1,qualified_ref,1,0,none,3918884375,3918900083,15708,3125,9458,83,5,0,random_50,0,1
1,stress_random,20001,3764,3764,r_3764,1,qualified_ref,1,0,none,3919909375,3919925083,15708,3125,9458,83,5,0,random_50,0,1
1,stress_random,20001,3765,3765,r_3765,1,qualified_ref,1,0,none,3920934375,3920950083,15708,3125,9458,83,5,0,random_50,0,1
1,stress_random,20001,3766,3766,r_3766,1,qualified_ref,1,0,none,3921959375,3921975083,15708,3125,9458,83,5,0,random_50,0,1
1,stress_random,20001,3767,3767,r_3767,1,qualified_ref,1,0,none,3922984375,3923000083,15708,3125,9458,83,5,0,random_50,0,1
1,stress_random,20001,3768,3768,r_3768,1,qualified_ref,1,0,none,3924009375,3924025083,15708,3125,9458,83,5,0,random_50,0,1
1,stress_random,20001,3769,3769,r_3769,1,qualified_ref,1,0,none,3925034375,3925050083,15708,3125,9458,83,5,0,random_50,0,1
1,stress_random,20001,3770,3770,r_3770,1,qualified_ref,1,0,none,3926059375,3926075083,15708,3125,9458,83,5,0,random_50,0,1
1,stress_random,20001,3771,3771,r_3771,1,qualified_ref,1,0,none,3927084375,3927100083,15708,3125,9458,83,5,0,random_50,0,1
1,stress_random,20001,3772,3772,r_3772,1,qualified_ref,1,0,none,3928109375,3928125083,15708,3125,9458,83,5,0,random_50,0,1
1,stress_random,20001,3773,3773,r_3773,1,qualified_ref,1,0,none,3929134375,3929150083,15708,3125,9458,83,5,0,random_50,0,1
1,stress_random,20001,3774,3774,r_3774,1,qualified_ref,1,0,none,3930159375,3930175083,15708,3125,9458,83,5,0,random_50,0,1
1,stress_random,20001,3775,3775,r_3775,1,qualified_ref,1,0,none,3931184375,3931200083,15708,3125,9458,83,5,0,random_50,0,1
1,stress_random,20001,3776,3776,r_3776,1,qualified_ref,1,0,none,3932209375,3932225083,15708,3125,9458,83,5,0,random_50,0,1
1,stress_random,20001,3777,3777,r_3777,1,qualified_ref,1,0,none,3933234375,3933250083,15708,3125,9458,83,5,0,random_50,0,1
1,stress_random,20001,3778,3778,r_3778,1,qualified_ref,1,0,none,3934259375,3934275083,15708,3125,9458,83,5,0,random_50,0,1
1,stress_random,20001,3779,3779,r_3779,1,qualified_ref,1,0,none,3935284375,3935300083,15708,3125,9458,83,5,0,random_50,0,1
1,stress_random,20001,3780,3780,r_3780,1,qualified_ref,1,0,none,3936309375,3936325083,15708,3125,9458,83,5,0,random_50,0,1
1,stress_random,20001,3781,3781,r_3781,1,qualified_ref,1,0,none,3937334375,3937350083,15708,3125,9458,83,5,0,random_50,0,1
1,stress_random,20001,3782,3782,r_3782,1,qualified_ref,1,0,none,3938359375,3938375083,15708,3125,9458,83,5,0,random_50,0,1
1,stress_random,20001,3783,3783,r_3783,1,qualified_ref,1,0,none,3939384375,3939400083,15708,3125,9458,83,5,0,random_50,0,1
1,stress_random,20001,3784,3784,r_3784,1,qualified_ref,1,0,none,3940409375,3940425083,15708,3125,9458,83,5,0,random_50,0,1
1,stress_random,20001,3785,3785,r_3785,1,qualified_ref,1,0,none,3941434375,3941450083,15708,3125,9458,83,5,0,random_50,0,1
1,stress_random,20001,3786,3786,r_3786,1,qualified_ref,1,0,none,3942459375,3942475083,15708,3125,9458,83,5,0,random_50,0,1
1,stress_random,20001,3787,3787,r_3787,1,qualified_ref,1,0,none,3943484375,3943500083,15708,3125,9458,83,5,0,random_50,0,1
1,stress_random,20001,3788,3788,r_3788,1,qualified_ref,1,0,none,3944509375,3944525083,15708,3125,9458,83,5,0,random_50,0,1
1,stress_random,20001,3789,3789,r_3789,1,qualified_ref,1,0,none,3945534375,3945550083,15708,3125,9458,83,5,0,random_50,0,1
1,stress_random,20001,3790,3790,r_3790,1,qualified_ref,1,0,none,3946559375,3946575083,15708,3125,9458,83,5,0,random_50,0,1
1,stress_random,20001,3791,3791,r_3791,1,qualified_ref,1,0,none,3947584375,3947600083,15708,3125,9458,83,5,0,random_50,0,1
1,stress_random,20001,3792,3792,r_3792,1,qualified_ref,1,0,none,3948609375,3948625083,15708,3125,9458,83,5,0,random_50,0,1
1,stress_random,20001,3793,3793,r_3793,1,qualified_ref,1,0,none,3949634375,3949650083,15708,3125,9458,83,5,0,random_50,0,1
1,stress_random,20001,3794,3794,r_3794,1,qualified_ref,1,0,none,3950659375,3950675083,15708,3125,9458,83,5,0,random_50,0,1
1,stress_random,20001,3795,3795,r_3795,1,qualified_ref,1,0,none,3951684375,3951700083,15708,3125,9458,83,5,0,random_50,0,1
1,stress_random,20001,3796,3796,r_3796,1,qualified_ref,1,0,none,3952709375,3952725083,15708,3125,9458,83,5,0,random_50,0,1
1,stress_random,20001,3797,3797,r_3797,1,qualified_ref,1,0,none,3953734375,3953750083,15708,3125,9458,83,5,0,random_50,0,1
1,stress_random,20001,3798,3798,r_3798,1,qualified_ref,1,0,none,3954759375,3954775083,15708,3125,9458,83,5,0,random_50,0,1
1,stress_random,20001,3799,3799,r_3799,1,qualified_ref,1,0,none,3955784375,3955800083,15708,3125,9458,83,5,0,random_50,0,1
1,stress_random,20001,3800,3800,r_3800,1,qualified_ref,1,0,none,3956809375,3956825083,15708,3125,9458,83,5,0,random_50,0,1
1,stress_random,20001,3801,3801,r_3801,1,qualified_ref,1,0,none,3957834375,3957850083,15708,3125,9458,83,5,0,random_50,0,1
1,stress_random,20001,3802,3802,r_3802,1,qualified_ref,1,0,none,3958859375,3958875083,15708,3125,9458,83,5,0,random_50,0,1
1,stress_random,20001,3803,3803,r_3803,1,qualified_ref,1,0,none,3959884375,3959900083,15708,3125,9458,83,5,0,random_50,0,1
1,stress_random,20001,3804,3804,r_3804,1,qualified_ref,1,0,none,3960909375,3960925083,15708,3125,9458,83,5,0,random_50,0,1
1,stress_random,20001,3805,3805,r_3805,1,qualified_ref,1,0,none,3961934375,3961950083,15708,3125,9458,83,5,0,random_50,0,1
1,stress_random,20001,3806,3806,r_3806,1,qualified_ref,1,0,none,3962959375,3962975083,15708,3125,9458,83,5,0,random_50,0,1
1,stress_random,20001,3807,3807,r_3807,1,qualified_ref,1,0,none,3963984375,3964000083,15708,3125,9458,83,5,0,random_50,0,1
1,stress_random,20001,3808,3808,r_3808,1,qualified_ref,1,0,none,3965009375,3965025083,15708,3125,9458,83,5,0,random_50,0,1
1,stress_random,20001,3809,3809,r_3809,1,qualified_ref,1,0,none,3966034375,3966050083,15708,3125,9458,83,5,0,random_50,0,1
1,stress_random,20001,3810,3810,r_3810,1,qualified_ref,1,0,none,3967059375,3967075083,15708,3125,9458,83,5,0,random_50,0,1
1,stress_random,20001,3811,3811,r_3811,1,qualified_ref,1,0,none,3968084375,3968100083,15708,3125,9458,83,5,0,random_50,0,1
1,stress_random,20001,3812,3812,r_3812,1,qualified_ref,1,0,none,3969109375,3969125083,15708,3125,9458,83,5,0,random_50,0,1
1,stress_random,20001,3813,3813,r_3813,1,qualified_ref,1,0,none,3970134375,3970150083,15708,3125,9458,83,5,0,random_50,0,1
1,stress_random,20001,3814,3814,r_3814,1,qualified_ref,1,0,none,3971159375,3971175083,15708,3125,9458,83,5,0,random_50,0,1
1,stress_random,20001,3815,3815,r_3815,1,qualified_ref,1,0,none,3972184375,3972200083,15708,3125,9458,83,5,0,random_50,0,1
1,stress_random,20001,3816,3816,r_3816,1,qualified_ref,1,0,none,3973209375,3973225083,15708,3125,9458,83,5,0,random_50,0,1
1,stress_random,20001,3817,3817,r_3817,1,qualified_ref,1,0,none,3974234375,3974250083,15708,3125,9458,83,5,0,random_50,0,1
1,stress_random,20001,3818,3818,r_3818,1,qualified_ref,1,0,none,3975259375,3975275083,15708,3125,9458,83,5,0,random_50,0,1
1,stress_random,20001,3819,3819,r_3819,1,qualified_ref,1,0,none,3976284375,3976300083,15708,3125,9458,83,5,0,random_50,0,1
1,stress_random,20001,3820,3820,r_3820,1,qualified_ref,1,0,none,3977309375,3977325083,15708,3125,9458,83,5,0,random_50,0,1
1,stress_random,20001,3821,3821,r_3821,1,qualified_ref,1,0,none,3978334375,3978350083,15708,3125,9458,83,5,0,random_50,0,1
1,stress_random,20001,3822,3822,r_3822,1,qualified_ref,1,0,none,3979359375,3979375083,15708,3125,9458,83,5,0,random_50,0,1
1,stress_random,20001,3823,3823,r_3823,1,qualified_ref,1,0,none,3980384375,3980400083,15708,3125,9458,83,5,0,random_50,0,1
1,stress_random,20001,3824,3824,r_3824,1,qualified_ref,1,0,none,3981409375,3981425083,15708,3125,9458,83,5,0,random_50,0,1
1,stress_random,20001,3825,3825,r_3825,1,qualified_ref,1,0,none,3982434375,3982450083,15708,3125,9458,83,5,0,random_50,0,1
1,stress_random,20001,3826,3826,r_3826,1,qualified_ref,1,0,none,3983459375,3983475083,15708,3125,9458,83,5,0,random_50,0,1
1,stress_random,20001,3827,3827,r_3827,1,qualified_ref,1,0,none,3984484375,3984500083,15708,3125,9458,83,5,0,random_50,0,1
1,stress_random,20001,3828,3828,r_3828,1,qualified_ref,1,0,none,3985509375,3985525083,15708,3125,9458,83,5,0,random_50,0,1
1,stress_random,20001,3829,3829,r_3829,1,qualified_ref,1,0,none,3986534375,3986550083,15708,3125,9458,83,5,0,random_50,0,1
1,stress_random,20001,3830,3830,r_3830,1,qualified_ref,1,0,none,3987559375,3987575083,15708,3125,9458,83,5,0,random_50,0,1
1,stress_random,20001,3831,3831,r_3831,1,qualified_ref,1,0,none,3988584375,3988600083,15708,3125,9458,83,5,0,random_50,0,1
1,stress_random,20001,3832,3832,r_3832,1,qualified_ref,1,0,none,3989609375,3989625083,15708,3125,9458,83,5,0,random_50,0,1
1,stress_random,20001,3833,3833,r_3833,1,qualified_ref,1,0,none,3990634375,3990650083,15708,3125,9458,83,5,0,random_50,0,1
1,stress_random,20001,3834,3834,r_3834,1,qualified_ref,1,0,none,3991659375,3991675083,15708,3125,9458,83,5,0,random_50,0,1
1,stress_random,20001,3835,3835,r_3835,1,qualified_ref,1,0,none,3992684375,3992700083,15708,3125,9458,83,5,0,random_50,0,1
1,stress_random,20001,3836,3836,r_3836,1,qualified_ref,1,0,none,3993709375,3993725083,15708,3125,9458,83,5,0,random_50,0,1
1,stress_random,20001,3837,3837,r_3837,1,qualified_ref,1,0,none,3994734375,3994750083,15708,3125,9458,83,5,0,random_50,0,1
1,stress_random,20001,3838,3838,r_3838,1,qualified_ref,1,0,none,3995759375,3995775083,15708,3125,9458,83,5,0,random_50,0,1
1,stress_random,20001,3839,3839,r_3839,1,qualified_ref,1,0,none,3996784375,3996800083,15708,3125,9458,83,5,0,random_50,0,1
1,stress_random,20001,3840,3840,r_3840,1,qualified_ref,1,0,none,3997809375,3997825083,15708,3125,9458,83,5,0,random_50,0,1
1,stress_random,20001,3841,3841,r_3841,1,qualified_ref,1,0,none,3998834375,3998850083,15708,3125,9458,83,5,0,random_50,0,1
1,stress_random,20001,3842,3842,r_3842,1,qualified_ref,1,0,none,3999859375,3999875083,15708,3125,9458,83,5,0,random_50,0,1
1,stress_random,20001,3843,3843,r_3843,1,qualified_ref,1,0,none,4000884375,4000900083,15708,3125,9458,83,5,0,random_50,0,1
1,stress_random,20001,3844,3844,r_3844,1,qualified_ref,1,0,none,4001909375,4001925083,15708,3125,9458,83,5,0,random_50,0,1
1,stress_random,20001,3845,3845,r_3845,1,qualified_ref,1,0,none,4002934375,4002950083,15708,3125,9458,83,5,0,random_50,0,1
1,stress_random,20001,3846,3846,r_3846,1,qualified_ref,1,0,none,4003959375,4003975083,15708,3125,9458,83,5,0,random_50,0,1
1,stress_random,20001,3847,3847,r_3847,1,qualified_ref,1,0,none,4004984375,4005000083,15708,3125,9458,83,5,0,random_50,0,1
1,stress_random,20001,3848,3848,r_3848,1,qualified_ref,1,0,none,4006009375,4006025083,15708,3125,9458,83,5,0,random_50,0,1
1,stress_random,20001,3849,3849,r_3849,1,qualified_ref,1,0,none,4007034375,4007050083,15708,3125,9458,83,5,0,random_50,0,1
1,stress_random,20001,3850,3850,r_3850,1,qualified_ref,1,0,none,4008059375,4008075083,15708,3125,9458,83,5,0,random_50,0,1
1,stress_random,20001,3851,3851,r_3851,1,qualified_ref,1,0,none,4009084375,4009100083,15708,3125,9458,83,5,0,random_50,0,1
1,stress_random,20001,3852,3852,r_3852,1,qualified_ref,1,0,none,4010109375,4010125083,15708,3125,9458,83,5,0,random_50,0,1
1,stress_random,20001,3853,3853,r_3853,1,qualified_ref,1,0,none,4011134375,4011150083,15708,3125,9458,83,5,0,random_50,0,1
1,stress_random,20001,3854,3854,r_3854,1,qualified_ref,1,0,none,4012159375,4012175083,15708,3125,9458,83,5,0,random_50,0,1
1,stress_random,20001,3855,3855,r_3855,1,qualified_ref,1,0,none,4013184375,4013200083,15708,3125,9458,83,5,0,random_50,0,1
1,stress_random,20001,3856,3856,r_3856,1,qualified_ref,1,0,none,4014209375,4014225083,15708,3125,9458,83,5,0,random_50,0,1
1,stress_random,20001,3857,3857,r_3857,1,qualified_ref,1,0,none,4015234375,4015250083,15708,3125,9458,83,5,0,random_50,0,1
1,stress_random,20001,3858,3858,r_3858,1,qualified_ref,1,0,none,4016259375,4016275083,15708,3125,9458,83,5,0,random_50,0,1
1,stress_random,20001,3859,3859,r_3859,1,qualified_ref,1,0,none,4017284375,4017300083,15708,3125,9458,83,5,0,random_50,0,1
1,stress_random,20001,3860,3860,r_3860,1,qualified_ref,1,0,none,4018309375,4018325083,15708,3125,9458,83,5,0,random_50,0,1
1,stress_random,20001,3861,3861,r_3861,1,qualified_ref,1,0,none,4019334375,4019350083,15708,3125,9458,83,5,0,random_50,0,1
1,stress_random,20001,3862,3862,r_3862,1,qualified_ref,1,0,none,4020359375,4020375083,15708,3125,9458,83,5,0,random_50,0,1
1,stress_random,20001,3863,3863,r_3863,1,qualified_ref,1,0,none,4021384375,4021400083,15708,3125,9458,83,5,0,random_50,0,1
1,stress_random,20001,3864,3864,r_3864,1,qualified_ref,1,0,none,4022409375,4022425083,15708,3125,9458,83,5,0,random_50,0,1
1,stress_random,20001,3865,3865,r_3865,1,qualified_ref,1,0,none,4023434375,4023450083,15708,3125,9458,83,5,0,random_50,0,1
1,stress_random,20001,3866,3866,r_3866,1,qualified_ref,1,0,none,4024459375,4024475083,15708,3125,9458,83,5,0,random_50,0,1
1,stress_random,20001,3867,3867,r_3867,1,qualified_ref,1,0,none,4025484375,4025500083,15708,3125,9458,83,5,0,random_50,0,1
1,stress_random,20001,3868,3868,r_3868,1,qualified_ref,1,0,none,4026509375,4026525083,15708,3125,9458,83,5,0,random_50,0,1
1,stress_random,20001,3869,3869,r_3869,1,qualified_ref,1,0,none,4027534375,4027550083,15708,3125,9458,83,5,0,random_50,0,1
1,stress_random,20001,3870,3870,r_3870,1,qualified_ref,1,0,none,4028559375,4028575083,15708,3125,9458,83,5,0,random_50,0,1
1,stress_random,20001,3871,3871,r_3871,1,qualified_ref,1,0,none,4029584375,4029600083,15708,3125,9458,83,5,0,random_50,0,1
1,stress_random,20001,3872,3872,r_3872,1,qualified_ref,1,0,none,4030609375,4030625083,15708,3125,9458,83,5,0,random_50,0,1
1,stress_random,20001,3873,3873,r_3873,1,qualified_ref,1,0,none,4031634375,4031650083,15708,3125,9458,83,5,0,random_50,0,1
1,stress_random,20001,3874,3874,r_3874,1,qualified_ref,1,0,none,4032659375,4032675083,15708,3125,9458,83,5,0,random_50,0,1
1,stress_random,20001,3875,3875,r_3875,1,qualified_ref,1,0,none,4033684375,4033700083,15708,3125,9458,83,5,0,random_50,0,1
1,stress_random,20001,3876,3876,r_3876,1,qualified_ref,1,0,none,4034709375,4034725083,15708,3125,9458,83,5,0,random_50,0,1
1,stress_random,20001,3877,3877,r_3877,1,qualified_ref,1,0,none,4035734375,4035750083,15708,3125,9458,83,5,0,random_50,0,1
1,stress_random,20001,3878,3878,r_3878,1,qualified_ref,1,0,none,4036759375,4036775083,15708,3125,9458,83,5,0,random_50,0,1
1,stress_random,20001,3879,3879,r_3879,1,qualified_ref,1,0,none,4037784375,4037800083,15708,3125,9458,83,5,0,random_50,0,1
1,stress_random,20001,3880,3880,r_3880,1,qualified_ref,1,0,none,4038809375,4038825083,15708,3125,9458,83,5,0,random_50,0,1
1,stress_random,20001,3881,3881,r_3881,1,qualified_ref,1,0,none,4039834375,4039850083,15708,3125,9458,83,5,0,random_50,0,1
1,stress_random,20001,3882,3882,r_3882,1,qualified_ref,1,0,none,4040859375,4040875083,15708,3125,9458,83,5,0,random_50,0,1
1,stress_random,20001,3883,3883,r_3883,1,qualified_ref,1,0,none,4041884375,4041900083,15708,3125,9458,83,5,0,random_50,0,1
1,stress_random,20001,3884,3884,r_3884,1,qualified_ref,1,0,none,4042909375,4042925083,15708,3125,9458,83,5,0,random_50,0,1
1,stress_random,20001,3885,3885,r_3885,1,qualified_ref,1,0,none,4043934375,4043950083,15708,3125,9458,83,5,0,random_50,0,1
1,stress_random,20001,3886,3886,r_3886,1,qualified_ref,1,0,none,4044959375,4044975083,15708,3125,9458,83,5,0,random_50,0,1
1,stress_random,20001,3887,3887,r_3887,1,qualified_ref,1,0,none,4045984375,4046000083,15708,3125,9458,83,5,0,random_50,0,1
1,stress_random,20001,3888,3888,r_3888,1,qualified_ref,1,0,none,4047009375,4047025083,15708,3125,9458,83,5,0,random_50,0,1
1,stress_random,20001,3889,3889,r_3889,1,qualified_ref,1,0,none,4048034375,4048050083,15708,3125,9458,83,5,0,random_50,0,1
1,stress_random,20001,3890,3890,r_3890,1,qualified_ref,1,0,none,4049059375,4049075083,15708,3125,9458,83,5,0,random_50,0,1
1,stress_random,20001,3891,3891,r_3891,1,qualified_ref,1,0,none,4050084375,4050100083,15708,3125,9458,83,5,0,random_50,0,1
1,stress_random,20001,3892,3892,r_3892,1,qualified_ref,1,0,none,4051109375,4051125083,15708,3125,9458,83,5,0,random_50,0,1
1,stress_random,20001,3893,3893,r_3893,1,qualified_ref,1,0,none,4052134375,4052150083,15708,3125,9458,83,5,0,random_50,0,1
1,stress_random,20001,3894,3894,r_3894,1,qualified_ref,1,0,none,4053159375,4053175083,15708,3125,9458,83,5,0,random_50,0,1
1,stress_random,20001,3895,3895,r_3895,1,qualified_ref,1,0,none,4054184375,4054200083,15708,3125,9458,83,5,0,random_50,0,1
1,stress_random,20001,3896,3896,r_3896,1,qualified_ref,1,0,none,4055209375,4055225083,15708,3125,9458,83,5,0,random_50,0,1
1,stress_random,20001,3897,3897,r_3897,1,qualified_ref,1,0,none,4056234375,4056250083,15708,3125,9458,83,5,0,random_50,0,1
1,stress_random,20001,3898,3898,r_3898,1,qualified_ref,1,0,none,4057259375,4057275083,15708,3125,9458,83,5,0,random_50,0,1
1,stress_random,20001,3899,3899,r_3899,1,qualified_ref,1,0,none,4058284375,4058300083,15708,3125,9458,83,5,0,random_50,0,1
1,stress_random,20001,3900,3900,r_3900,1,qualified_ref,1,0,none,4059309375,4059325083,15708,3125,9458,83,5,0,random_50,0,1
1,stress_random,20001,3901,3901,r_3901,1,qualified_ref,1,0,none,4060334375,4060350083,15708,3125,9458,83,5,0,random_50,0,1
1,stress_random,20001,3902,3902,r_3902,1,qualified_ref,1,0,none,4061359375,4061375083,15708,3125,9458,83,5,0,random_50,0,1
1,stress_random,20001,3903,3903,r_3903,1,qualified_ref,1,0,none,4062384375,4062400083,15708,3125,9458,83,5,0,random_50,0,1
1,stress_random,20001,3904,3904,r_3904,1,qualified_ref,1,0,none,4063409375,4063425083,15708,3125,9458,83,5,0,random_50,0,1
1,stress_random,20001,3905,3905,r_3905,1,qualified_ref,1,0,none,4064434375,4064450083,15708,3125,9458,83,5,0,random_50,0,1
1,stress_random,20001,3906,3906,r_3906,1,qualified_ref,1,0,none,4065459375,4065475083,15708,3125,9458,83,5,0,random_50,0,1
1,stress_random,20001,3907,3907,r_3907,1,qualified_ref,1,0,none,4066484375,4066500083,15708,3125,9458,83,5,0,random_50,0,1
1,stress_random,20001,3908,3908,r_3908,1,qualified_ref,1,0,none,4067509375,4067525083,15708,3125,9458,83,5,0,random_50,0,1
1,stress_random,20001,3909,3909,r_3909,1,qualified_ref,1,0,none,4068534375,4068550083,15708,3125,9458,83,5,0,random_50,0,1
1,stress_random,20001,3910,3910,r_3910,1,qualified_ref,1,0,none,4069559375,4069575083,15708,3125,9458,83,5,0,random_50,0,1
1,stress_random,20001,3911,3911,r_3911,1,qualified_ref,1,0,none,4070584375,4070600083,15708,3125,9458,83,5,0,random_50,0,1
1,stress_random,20001,3912,3912,r_3912,1,qualified_ref,1,0,none,4071609375,4071625083,15708,3125,9458,83,5,0,random_50,0,1
1,stress_random,20001,3913,3913,r_3913,1,qualified_ref,1,0,none,4072634375,4072650083,15708,3125,9458,83,5,0,random_50,0,1
1,stress_random,20001,3914,3914,r_3914,1,qualified_ref,1,0,none,4073659375,4073675083,15708,3125,9458,83,5,0,random_50,0,1
1,stress_random,20001,3915,3915,r_3915,1,qualified_ref,1,0,none,4074684375,4074700083,15708,3125,9458,83,5,0,random_50,0,1
1,stress_random,20001,3916,3916,r_3916,1,qualified_ref,1,0,none,4075709375,4075725083,15708,3125,9458,83,5,0,random_50,0,1
1,stress_random,20001,3917,3917,r_3917,1,qualified_ref,1,0,none,4076734375,4076750083,15708,3125,9458,83,5,0,random_50,0,1
1,stress_random,20001,3918,3918,r_3918,1,qualified_ref,1,0,none,4077759375,4077775083,15708,3125,9458,83,5,0,random_50,0,1
1,stress_random,20001,3919,3919,r_3919,1,qualified_ref,1,0,none,4078784375,4078800083,15708,3125,9458,83,5,0,random_50,0,1
1,stress_random,20001,3920,3920,r_3920,1,qualified_ref,1,0,none,4079809375,4079825083,15708,3125,9458,83,5,0,random_50,0,1
1,stress_random,20001,3921,3921,r_3921,1,qualified_ref,1,0,none,4080834375,4080850083,15708,3125,9458,83,5,0,random_50,0,1
1,stress_random,20001,3922,3922,r_3922,1,qualified_ref,1,0,none,4081859375,4081875083,15708,3125,9458,83,5,0,random_50,0,1
1,stress_random,20001,3923,3923,r_3923,1,qualified_ref,1,0,none,4082884375,4082900083,15708,3125,9458,83,5,0,random_50,0,1
1,stress_random,20001,3924,3924,r_3924,1,qualified_ref,1,0,none,4083909375,4083925083,15708,3125,9458,83,5,0,random_50,0,1
1,stress_random,20001,3925,3925,r_3925,1,qualified_ref,1,0,none,4084934375,4084950083,15708,3125,9458,83,5,0,random_50,0,1
1,stress_random,20001,3926,3926,r_3926,1,qualified_ref,1,0,none,4085959375,4085975083,15708,3125,9458,83,5,0,random_50,0,1
1,stress_random,20001,3927,3927,r_3927,1,qualified_ref,1,0,none,4086984375,4087000083,15708,3125,9458,83,5,0,random_50,0,1
1,stress_random,20001,3928,3928,r_3928,1,qualified_ref,1,0,none,4088009375,4088025083,15708,3125,9458,83,5,0,random_50,0,1
1,stress_random,20001,3929,3929,r_3929,1,qualified_ref,1,0,none,4089034375,4089050083,15708,3125,9458,83,5,0,random_50,0,1
1,stress_random,20001,3930,3930,r_3930,1,qualified_ref,1,0,none,4090059375,4090075083,15708,3125,9458,83,5,0,random_50,0,1
1,stress_random,20001,3931,3931,r_3931,1,qualified_ref,1,0,none,4091084375,4091100083,15708,3125,9458,83,5,0,random_50,0,1
1,stress_random,20001,3932,3932,r_3932,1,qualified_ref,1,0,none,4092109375,4092125083,15708,3125,9458,83,5,0,random_50,0,1
1,stress_random,20001,3933,3933,r_3933,1,qualified_ref,1,0,none,4093134375,4093150083,15708,3125,9458,83,5,0,random_50,0,1
1,stress_random,20001,3934,3934,r_3934,1,qualified_ref,1,0,none,4094159375,4094175083,15708,3125,9458,83,5,0,random_50,0,1
1,stress_random,20001,3935,3935,r_3935,1,qualified_ref,1,0,none,4095184375,4095200083,15708,3125,9458,83,5,0,random_50,0,1
1,stress_random,20001,3936,3936,r_3936,1,qualified_ref,1,0,none,4096209375,4096225083,15708,3125,9458,83,5,0,random_50,0,1
1,stress_random,20001,3937,3937,r_3937,1,qualified_ref,1,0,none,4097234375,4097250083,15708,3125,9458,83,5,0,random_50,0,1
1,stress_random,20001,3938,3938,r_3938,1,qualified_ref,1,0,none,4098259375,4098275083,15708,3125,9458,83,5,0,random_50,0,1
1,stress_random,20001,3939,3939,r_3939,1,qualified_ref,1,0,none,4099284375,4099300083,15708,3125,9458,83,5,0,random_50,0,1
1,stress_random,20001,3940,3940,r_3940,1,qualified_ref,1,0,none,4100309375,4100325083,15708,3125,9458,83,5,0,random_50,0,1
1,stress_random,20001,3941,3941,r_3941,1,qualified_ref,1,0,none,4101334375,4101350083,15708,3125,9458,83,5,0,random_50,0,1
1,stress_random,20001,3942,3942,r_3942,1,qualified_ref,1,0,none,4102359375,4102375083,15708,3125,9458,83,5,0,random_50,0,1
1,stress_random,20001,3943,3943,r_3943,1,qualified_ref,1,0,none,4103384375,4103400083,15708,3125,9458,83,5,0,random_50,0,1
1,stress_random,20001,3944,3944,r_3944,1,qualified_ref,1,0,none,4104409375,4104425083,15708,3125,9458,83,5,0,random_50,0,1
1,stress_random,20001,3945,3945,r_3945,1,qualified_ref,1,0,none,4105434375,4105450083,15708,3125,9458,83,5,0,random_50,0,1
1,stress_random,20001,3946,3946,r_3946,1,qualified_ref,1,0,none,4106459375,4106475083,15708,3125,9458,83,5,0,random_50,0,1
1,stress_random,20001,3947,3947,r_3947,1,qualified_ref,1,0,none,4107484375,4107500083,15708,3125,9458,83,5,0,random_50,0,1
1,stress_random,20001,3948,3948,r_3948,1,qualified_ref,1,0,none,4108509375,4108525083,15708,3125,9458,83,5,0,random_50,0,1
1,stress_random,20001,3949,3949,r_3949,1,qualified_ref,1,0,none,4109534375,4109550083,15708,3125,9458,83,5,0,random_50,0,1
1,stress_random,20001,3950,3950,r_3950,1,qualified_ref,1,0,none,4110559375,4110575083,15708,3125,9458,83,5,0,random_50,0,1
1,stress_random,20001,3951,3951,r_3951,1,qualified_ref,1,0,none,4111584375,4111600083,15708,3125,9458,83,5,0,random_50,0,1
1,stress_random,20001,3952,3952,r_3952,1,qualified_ref,1,0,none,4112609375,4112625083,15708,3125,9458,83,5,0,random_50,0,1
1,stress_random,20001,3953,3953,r_3953,1,qualified_ref,1,0,none,4113634375,4113650083,15708,3125,9458,83,5,0,random_50,0,1
1,stress_random,20001,3954,3954,r_3954,1,qualified_ref,1,0,none,4114659375,4114675083,15708,3125,9458,83,5,0,random_50,0,1
1,stress_random,20001,3955,3955,r_3955,1,qualified_ref,1,0,none,4115684375,4115700083,15708,3125,9458,83,5,0,random_50,0,1
1,stress_random,20001,3956,3956,r_3956,1,qualified_ref,1,0,none,4116709375,4116725083,15708,3125,9458,83,5,0,random_50,0,1
1,stress_random,20001,3957,3957,r_3957,1,qualified_ref,1,0,none,4117734375,4117750083,15708,3125,9458,83,5,0,random_50,0,1
1,stress_random,20001,3958,3958,r_3958,1,qualified_ref,1,0,none,4118759375,4118775083,15708,3125,9458,83,5,0,random_50,0,1
1,stress_random,20001,3959,3959,r_3959,1,qualified_ref,1,0,none,4119784375,4119800083,15708,3125,9458,83,5,0,random_50,0,1
1,stress_random,20001,3960,3960,r_3960,1,qualified_ref,1,0,none,4120809375,4120825083,15708,3125,9458,83,5,0,random_50,0,1
1,stress_random,20001,3961,3961,r_3961,1,qualified_ref,1,0,none,4121834375,4121850083,15708,3125,9458,83,5,0,random_50,0,1
1,stress_random,20001,3962,3962,r_3962,1,qualified_ref,1,0,none,4122859375,4122875083,15708,3125,9458,83,5,0,random_50,0,1
1,stress_random,20001,3963,3963,r_3963,1,qualified_ref,1,0,none,4123884375,4123900083,15708,3125,9458,83,5,0,random_50,0,1
1,stress_random,20001,3964,3964,r_3964,1,qualified_ref,1,0,none,4124909375,4124925083,15708,3125,9458,83,5,0,random_50,0,1
1,stress_random,20001,3965,3965,r_3965,1,qualified_ref,1,0,none,4125934375,4125950083,15708,3125,9458,83,5,0,random_50,0,1
1,stress_random,20001,3966,3966,r_3966,1,qualified_ref,1,0,none,4126959375,4126975083,15708,3125,9458,83,5,0,random_50,0,1
1,stress_random,20001,3967,3967,r_3967,1,qualified_ref,1,0,none,4127984375,4128000083,15708,3125,9458,83,5,0,random_50,0,1
1,stress_random,20001,3968,3968,r_3968,1,qualified_ref,1,0,none,4129009375,4129025083,15708,3125,9458,83,5,0,random_50,0,1
1,stress_random,20001,3969,3969,r_3969,1,qualified_ref,1,0,none,4130034375,4130050083,15708,3125,9458,83,5,0,random_50,0,1
1,stress_random,20001,3970,3970,r_3970,1,qualified_ref,1,0,none,4131059375,4131075083,15708,3125,9458,83,5,0,random_50,0,1
1,stress_random,20001,3971,3971,r_3971,1,qualified_ref,1,0,none,4132084375,4132100083,15708,3125,9458,83,5,0,random_50,0,1
1,stress_random,20001,3972,3972,r_3972,1,qualified_ref,1,0,none,4133109375,4133125083,15708,3125,9458,83,5,0,random_50,0,1
1,stress_random,20001,3973,3973,r_3973,1,qualified_ref,1,0,none,4134134375,4134150083,15708,3125,9458,83,5,0,random_50,0,1
1,stress_random,20001,3974,3974,r_3974,1,qualified_ref,1,0,none,4135159375,4135175083,15708,3125,9458,83,5,0,random_50,0,1
1,stress_random,20001,3975,3975,r_3975,1,qualified_ref,1,0,none,4136184375,4136200083,15708,3125,9458,83,5,0,random_50,0,1
1,stress_random,20001,3976,3976,r_3976,1,qualified_ref,1,0,none,4137209375,4137225083,15708,3125,9458,83,5,0,random_50,0,1
1,stress_random,20001,3977,3977,r_3977,1,qualified_ref,1,0,none,4138234375,4138250083,15708,3125,9458,83,5,0,random_50,0,1
1,stress_random,20001,3978,3978,r_3978,1,qualified_ref,1,0,none,4139259375,4139275083,15708,3125,9458,83,5,0,random_50,0,1
1,stress_random,20001,3979,3979,r_3979,1,qualified_ref,1,0,none,4140284375,4140300083,15708,3125,9458,83,5,0,random_50,0,1
1,stress_random,20001,3980,3980,r_3980,1,qualified_ref,1,0,none,4141309375,4141325083,15708,3125,9458,83,5,0,random_50,0,1
1,stress_random,20001,3981,3981,r_3981,1,qualified_ref,1,0,none,4142334375,4142350083,15708,3125,9458,83,5,0,random_50,0,1
1,stress_random,20001,3982,3982,r_3982,1,qualified_ref,1,0,none,4143359375,4143375083,15708,3125,9458,83,5,0,random_50,0,1
1,stress_random,20001,3983,3983,r_3983,1,qualified_ref,1,0,none,4144384375,4144400083,15708,3125,9458,83,5,0,random_50,0,1
1,stress_random,20001,3984,3984,r_3984,1,qualified_ref,1,0,none,4145409375,4145425083,15708,3125,9458,83,5,0,random_50,0,1
1,stress_random,20001,3985,3985,r_3985,1,qualified_ref,1,0,none,4146434375,4146450083,15708,3125,9458,83,5,0,random_50,0,1
1,stress_random,20001,3986,3986,r_3986,1,qualified_ref,1,0,none,4147459375,4147475083,15708,3125,9458,83,5,0,random_50,0,1
1,stress_random,20001,3987,3987,r_3987,1,qualified_ref,1,0,none,4148484375,4148500083,15708,3125,9458,83,5,0,random_50,0,1
1,stress_random,20001,3988,3988,r_3988,1,qualified_ref,1,0,none,4149509375,4149525083,15708,3125,9458,83,5,0,random_50,0,1
1,stress_random,20001,3989,3989,r_3989,1,qualified_ref,1,0,none,4150534375,4150550083,15708,3125,9458,83,5,0,random_50,0,1
1,stress_random,20001,3990,3990,r_3990,1,qualified_ref,1,0,none,4151559375,4151575083,15708,3125,9458,83,5,0,random_50,0,1
1,stress_random,20001,3991,3991,r_3991,1,qualified_ref,1,0,none,4152584375,4152600083,15708,3125,9458,83,5,0,random_50,0,1
1,stress_random,20001,3992,3992,r_3992,1,qualified_ref,1,0,none,4153609375,4153625083,15708,3125,9458,83,5,0,random_50,0,1
1,stress_random,20001,3993,3993,r_3993,1,qualified_ref,1,0,none,4154634375,4154650083,15708,3125,9458,83,5,0,random_50,0,1
1,stress_random,20001,3994,3994,r_3994,1,qualified_ref,1,0,none,4155659375,4155675083,15708,3125,9458,83,5,0,random_50,0,1
1,stress_random,20001,3995,3995,r_3995,1,qualified_ref,1,0,none,4156684375,4156700083,15708,3125,9458,83,5,0,random_50,0,1
1,stress_random,20001,3996,3996,r_3996,1,qualified_ref,1,0,none,4157709375,4157725083,15708,3125,9458,83,5,0,random_50,0,1
1,stress_random,20001,3997,3997,r_3997,1,qualified_ref,1,0,none,4158734375,4158750083,15708,3125,9458,83,5,0,random_50,0,1
1,stress_random,20001,3998,3998,r_3998,1,qualified_ref,1,0,none,4159759375,4159775083,15708,3125,9458,83,5,0,random_50,0,1
1,stress_random,20001,3999,3999,r_3999,1,qualified_ref,1,0,none,4160784375,4160800083,15708,3125,9458,83,5,0,random_50,0,1
1,stress_random,20001,4000,4000,r_4000,0,qualified_ref,1,0,none,4165909375,4165925083,15708,3125,9458,83,15,0,random_50,0,1
1,stress_random,20001,4001,4001,r_4001,0,qualified_ref,1,0,none,4166934375,4166950083,15708,3125,9458,83,15,0,random_50,0,1
1,stress_random,20001,4002,4002,r_4002,0,qualified_ref,1,0,none,4167959375,4167975083,15708,3125,9458,83,15,0,random_50,0,1
1,stress_random,20001,4003,4003,r_4003,0,qualified_ref,1,0,none,4168984375,4169000083,15708,3125,9458,83,15,0,random_50,0,1
1,stress_random,20001,4004,4004,r_4004,0,qualified_ref,1,0,none,4170009375,4170025083,15708,3125,9458,83,15,0,random_50,0,1
1,stress_random,20001,4005,4005,r_4005,0,qualified_ref,1,0,none,4171034375,4171050083,15708,3125,9458,83,15,0,random_50,0,1
1,stress_random,20001,4006,4006,r_4006,0,qualified_ref,1,0,none,4172059375,4172075083,15708,3125,9458,83,15,0,random_50,0,1
1,stress_random,20001,4007,4007,r_4007,0,qualified_ref,1,0,none,4173084375,4173100083,15708,3125,9458,83,15,0,random_50,0,1
1,stress_random,20001,4008,4008,r_4008,0,qualified_ref,1,0,none,4174109375,4174125083,15708,3125,9458,83,15,0,random_50,0,1
1,stress_random,20001,4009,4009,r_4009,0,qualified_ref,1,0,none,4175134375,4175150083,15708,3125,9458,83,15,0,random_50,0,1
1,stress_random,20001,4010,4010,r_4010,0,qualified_ref,1,0,none,4176159375,4176175083,15708,3125,9458,83,15,0,random_50,0,1
1,stress_random,20001,4011,4011,r_4011,0,qualified_ref,1,0,none,4177184375,4177200083,15708,3125,9458,83,15,0,random_50,0,1
1,stress_random,20001,4012,4012,r_4012,0,qualified_ref,1,0,none,4178209375,4178225083,15708,3125,9458,83,15,0,random_50,0,1
1,stress_random,20001,4013,4013,r_4013,0,qualified_ref,1,0,none,4179234375,4179250083,15708,3125,9458,83,15,0,random_50,0,1
1,stress_random,20001,4014,4014,r_4014,0,qualified_ref,1,0,none,4180259375,4180275083,15708,3125,9458,83,15,0,random_50,0,1
1,stress_random,20001,4015,4015,r_4015,0,qualified_ref,1,0,none,4181284375,4181300083,15708,3125,9458,83,15,0,random_50,0,1
1,stress_random,20001,4016,4016,r_4016,0,qualified_ref,1,0,none,4182309375,4182325083,15708,3125,9458,83,15,0,random_50,0,1
1,stress_random,20001,4017,4017,r_4017,0,qualified_ref,1,0,none,4183334375,4183350083,15708,3125,9458,83,15,0,random_50,0,1
1,stress_random,20001,4018,4018,r_4018,0,qualified_ref,1,0,none,4184359375,4184375083,15708,3125,9458,83,15,0,random_50,0,1
1,stress_random,20001,4019,4019,r_4019,0,qualified_ref,1,0,none,4185384375,4185400083,15708,3125,9458,83,15,0,random_50,0,1
1,stress_random,20001,4020,4020,r_4020,0,qualified_ref,1,0,none,4186409375,4186425083,15708,3125,9458,83,15,0,random_50,0,1
1,stress_random,20001,4021,4021,r_4021,0,qualified_ref,1,0,none,4187434375,4187450083,15708,3125,9458,83,15,0,random_50,0,1
1,stress_random,20001,4022,4022,r_4022,0,qualified_ref,1,0,none,4188459375,4188475083,15708,3125,9458,83,15,0,random_50,0,1
1,stress_random,20001,4023,4023,r_4023,0,qualified_ref,1,0,none,4189484375,4189500083,15708,3125,9458,83,15,0,random_50,0,1
1,stress_random,20001,4024,4024,r_4024,0,qualified_ref,1,0,none,4190509375,4190525083,15708,3125,9458,83,15,0,random_50,0,1
1,stress_random,20001,4025,4025,r_4025,0,qualified_ref,1,0,none,4191534375,4191550083,15708,3125,9458,83,15,0,random_50,0,1
1,stress_random,20001,4026,4026,r_4026,0,qualified_ref,1,0,none,4192559375,4192575083,15708,3125,9458,83,15,0,random_50,0,1
1,stress_random,20001,4027,4027,r_4027,0,qualified_ref,1,0,none,4193584375,4193600083,15708,3125,9458,83,15,0,random_50,0,1
1,stress_random,20001,4028,4028,r_4028,0,qualified_ref,1,0,none,4194609375,4194625083,15708,3125,9458,83,15,0,random_50,0,1
1,stress_random,20001,4029,4029,r_4029,0,qualified_ref,1,0,none,4195634375,4195650083,15708,3125,9458,83,15,0,random_50,0,1
1,stress_random,20001,4030,4030,r_4030,0,qualified_ref,1,0,none,4196659375,4196675083,15708,3125,9458,83,15,0,random_50,0,1
1,stress_random,20001,4031,4031,r_4031,0,qualified_ref,1,0,none,4197684375,4197700083,15708,3125,9458,83,15,0,random_50,0,1
1,stress_random,20001,4032,4032,r_4032,0,qualified_ref,1,0,none,4198709375,4198725083,15708,3125,9458,83,15,0,random_50,0,1
1,stress_random,20001,4033,4033,r_4033,0,qualified_ref,1,0,none,4199734375,4199750083,15708,3125,9458,83,15,0,random_50,0,1
1,stress_random,20001,4034,4034,r_4034,0,qualified_ref,1,0,none,4200759375,4200775083,15708,3125,9458,83,15,0,random_50,0,1
1,stress_random,20001,4035,4035,r_4035,0,qualified_ref,1,0,none,4201784375,4201800083,15708,3125,9458,83,15,0,random_50,0,1
1,stress_random,20001,4036,4036,r_4036,0,qualified_ref,1,0,none,4202809375,4202825083,15708,3125,9458,83,15,0,random_50,0,1
1,stress_random,20001,4037,4037,r_4037,0,qualified_ref,1,0,none,4203834375,4203850083,15708,3125,9458,83,15,0,random_50,0,1
1,stress_random,20001,4038,4038,r_4038,0,qualified_ref,1,0,none,4204859375,4204875083,15708,3125,9458,83,15,0,random_50,0,1
1,stress_random,20001,4039,4039,r_4039,0,qualified_ref,1,0,none,4205884375,4205900083,15708,3125,9458,83,15,0,random_50,0,1
1,stress_random,20001,4040,4040,r_4040,0,qualified_ref,1,0,none,4206909375,4206925083,15708,3125,9458,83,15,0,random_50,0,1
1,stress_random,20001,4041,4041,r_4041,0,qualified_ref,1,0,none,4207934375,4207950083,15708,3125,9458,83,15,0,random_50,0,1
1,stress_random,20001,4042,4042,r_4042,0,qualified_ref,1,0,none,4208959375,4208975083,15708,3125,9458,83,15,0,random_50,0,1
1,stress_random,20001,4043,4043,r_4043,0,qualified_ref,1,0,none,4209984375,4210000083,15708,3125,9458,83,15,0,random_50,0,1
1,stress_random,20001,4044,4044,r_4044,0,qualified_ref,1,0,none,4211009375,4211025083,15708,3125,9458,83,15,0,random_50,0,1
1,stress_random,20001,4045,4045,r_4045,0,qualified_ref,1,0,none,4212034375,4212050083,15708,3125,9458,83,15,0,random_50,0,1
1,stress_random,20001,4046,4046,r_4046,0,qualified_ref,1,0,none,4213059375,4213075083,15708,3125,9458,83,15,0,random_50,0,1
1,stress_random,20001,4047,4047,r_4047,0,qualified_ref,1,0,none,4214084375,4214100083,15708,3125,9458,83,15,0,random_50,0,1
1,stress_random,20001,4048,4048,r_4048,0,qualified_ref,1,0,none,4215109375,4215125083,15708,3125,9458,83,15,0,random_50,0,1
1,stress_random,20001,4049,4049,r_4049,0,qualified_ref,1,0,none,4216134375,4216150083,15708,3125,9458,83,15,0,random_50,0,1
1,stress_random,20001,4050,4050,r_4050,0,qualified_ref,1,0,none,4217159375,4217175083,15708,3125,9458,83,15,0,random_50,0,1
1,stress_random,20001,4051,4051,r_4051,0,qualified_ref,1,0,none,4218184375,4218200083,15708,3125,9458,83,15,0,random_50,0,1
1,stress_random,20001,4052,4052,r_4052,0,qualified_ref,1,0,none,4219209375,4219225083,15708,3125,9458,83,15,0,random_50,0,1
1,stress_random,20001,4053,4053,r_4053,0,qualified_ref,1,0,none,4220234375,4220250083,15708,3125,9458,83,15,0,random_50,0,1
1,stress_random,20001,4054,4054,r_4054,0,qualified_ref,1,0,none,4221259375,4221275083,15708,3125,9458,83,15,0,random_50,0,1
1,stress_random,20001,4055,4055,r_4055,0,qualified_ref,1,0,none,4222284375,4222300083,15708,3125,9458,83,15,0,random_50,0,1
1,stress_random,20001,4056,4056,r_4056,0,qualified_ref,1,0,none,4223309375,4223325083,15708,3125,9458,83,15,0,random_50,0,1
1,stress_random,20001,4057,4057,r_4057,0,qualified_ref,1,0,none,4224334375,4224350083,15708,3125,9458,83,15,0,random_50,0,1
1,stress_random,20001,4058,4058,r_4058,0,qualified_ref,1,0,none,4225359375,4225375083,15708,3125,9458,83,15,0,random_50,0,1
1,stress_random,20001,4059,4059,r_4059,0,qualified_ref,1,0,none,4226384375,4226400083,15708,3125,9458,83,15,0,random_50,0,1
1,stress_random,20001,4060,4060,r_4060,0,qualified_ref,1,0,none,4227409375,4227425083,15708,3125,9458,83,15,0,random_50,0,1
1,stress_random,20001,4061,4061,r_4061,0,qualified_ref,1,0,none,4228434375,4228450083,15708,3125,9458,83,15,0,random_50,0,1
1,stress_random,20001,4062,4062,r_4062,0,qualified_ref,1,0,none,4229459375,4229475083,15708,3125,9458,83,15,0,random_50,0,1
1,stress_random,20001,4063,4063,r_4063,0,qualified_ref,1,0,none,4230484375,4230500083,15708,3125,9458,83,15,0,random_50,0,1
1,stress_random,20001,4064,4064,r_4064,0,qualified_ref,1,0,none,4231509375,4231525083,15708,3125,9458,83,15,0,random_50,0,1
1,stress_random,20001,4065,4065,r_4065,0,qualified_ref,1,0,none,4232534375,4232550083,15708,3125,9458,83,15,0,random_50,0,1
1,stress_random,20001,4066,4066,r_4066,0,qualified_ref,1,0,none,4233559375,4233575083,15708,3125,9458,83,15,0,random_50,0,1
1,stress_random,20001,4067,4067,r_4067,0,qualified_ref,1,0,none,4234584375,4234600083,15708,3125,9458,83,15,0,random_50,0,1
1,stress_random,20001,4068,4068,r_4068,0,qualified_ref,1,0,none,4235609375,4235625083,15708,3125,9458,83,15,0,random_50,0,1
1,stress_random,20001,4069,4069,r_4069,0,qualified_ref,1,0,none,4236634375,4236650083,15708,3125,9458,83,15,0,random_50,0,1
1,stress_random,20001,4070,4070,r_4070,0,qualified_ref,1,0,none,4237659375,4237675083,15708,3125,9458,83,15,0,random_50,0,1
1,stress_random,20001,4071,4071,r_4071,0,qualified_ref,1,0,none,4238684375,4238700083,15708,3125,9458,83,15,0,random_50,0,1
1,stress_random,20001,4072,4072,r_4072,0,qualified_ref,1,0,none,4239709375,4239725083,15708,3125,9458,83,15,0,random_50,0,1
1,stress_random,20001,4073,4073,r_4073,0,qualified_ref,1,0,none,4240734375,4240750083,15708,3125,9458,83,15,0,random_50,0,1
1,stress_random,20001,4074,4074,r_4074,0,qualified_ref,1,0,none,4241759375,4241775083,15708,3125,9458,83,15,0,random_50,0,1
1,stress_random,20001,4075,4075,r_4075,0,qualified_ref,1,0,none,4242784375,4242800083,15708,3125,9458,83,15,0,random_50,0,1
1,stress_random,20001,4076,4076,r_4076,0,qualified_ref,1,0,none,4243809375,4243825083,15708,3125,9458,83,15,0,random_50,0,1
1,stress_random,20001,4077,4077,r_4077,0,qualified_ref,1,0,none,4244834375,4244850083,15708,3125,9458,83,15,0,random_50,0,1
1,stress_random,20001,4078,4078,r_4078,0,qualified_ref,1,0,none,4245859375,4245875083,15708,3125,9458,83,15,0,random_50,0,1
1,stress_random,20001,4079,4079,r_4079,0,qualified_ref,1,0,none,4246884375,4246900083,15708,3125,9458,83,15,0,random_50,0,1
1,stress_random,20001,4080,4080,r_4080,0,qualified_ref,1,0,none,4247909375,4247925083,15708,3125,9458,83,15,0,random_50,0,1
1,stress_random,20001,4081,4081,r_4081,0,qualified_ref,1,0,none,4248934375,4248950083,15708,3125,9458,83,15,0,random_50,0,1
1,stress_random,20001,4082,4082,r_4082,0,qualified_ref,1,0,none,4249959375,4249975083,15708,3125,9458,83,15,0,random_50,0,1
1,stress_random,20001,4083,4083,r_4083,0,qualified_ref,1,0,none,4250984375,4251000083,15708,3125,9458,83,15,0,random_50,0,1
1,stress_random,20001,4084,4084,r_4084,0,qualified_ref,1,0,none,4252009375,4252025083,15708,3125,9458,83,15,0,random_50,0,1
1,stress_random,20001,4085,4085,r_4085,0,qualified_ref,1,0,none,4253034375,4253050083,15708,3125,9458,83,15,0,random_50,0,1
1,stress_random,20001,4086,4086,r_4086,0,qualified_ref,1,0,none,4254059375,4254075083,15708,3125,9458,83,15,0,random_50,0,1
1,stress_random,20001,4087,4087,r_4087,0,qualified_ref,1,0,none,4255084375,4255100083,15708,3125,9458,83,15,0,random_50,0,1
1,stress_random,20001,4088,4088,r_4088,0,qualified_ref,1,0,none,4256109375,4256125083,15708,3125,9458,83,15,0,random_50,0,1
1,stress_random,20001,4089,4089,r_4089,0,qualified_ref,1,0,none,4257134375,4257150083,15708,3125,9458,83,15,0,random_50,0,1
1,stress_random,20001,4090,4090,r_4090,0,qualified_ref,1,0,none,4258159375,4258175083,15708,3125,9458,83,15,0,random_50,0,1
1,stress_random,20001,4091,4091,r_4091,0,qualified_ref,1,0,none,4259184375,4259200083,15708,3125,9458,83,15,0,random_50,0,1
1,stress_random,20001,4092,4092,r_4092,0,qualified_ref,1,0,none,4260209375,4260225083,15708,3125,9458,83,15,0,random_50,0,1
1,stress_random,20001,4093,4093,r_4093,0,qualified_ref,1,0,none,4261234375,4261250083,15708,3125,9458,83,15,0,random_50,0,1
1,stress_random,20001,4094,4094,r_4094,0,qualified_ref,1,0,none,4262259375,4262275083,15708,3125,9458,83,15,0,random_50,0,1
1,stress_random,20001,4095,4095,r_4095,0,qualified_ref,1,0,none,4263284375,4263300083,15708,3125,9458,83,15,0,random_50,0,1
1,stress_random,20001,4096,4096,r_4096,0,qualified_ref,1,0,none,4264309375,4264325083,15708,3125,9458,83,15,0,random_50,0,1
1,stress_random,20001,4097,4097,r_4097,0,qualified_ref,1,0,none,4265334375,4265350083,15708,3125,9458,83,15,0,random_50,0,1
1,stress_random,20001,4098,4098,r_4098,0,qualified_ref,1,0,none,4266359375,4266375083,15708,3125,9458,83,15,0,random_50,0,1
1,stress_random,20001,4099,4099,r_4099,0,qualified_ref,1,0,none,4267384375,4267400083,15708,3125,9458,83,15,0,random_50,0,1
1,stress_random,20001,4100,4100,r_4100,0,qualified_ref,1,0,none,4268409375,4268425083,15708,3125,9458,83,15,0,random_50,0,1
1,stress_random,20001,4101,4101,r_4101,0,qualified_ref,1,0,none,4269434375,4269450083,15708,3125,9458,83,15,0,random_50,0,1
1,stress_random,20001,4102,4102,r_4102,0,qualified_ref,1,0,none,4270459375,4270475083,15708,3125,9458,83,15,0,random_50,0,1
1,stress_random,20001,4103,4103,r_4103,0,qualified_ref,1,0,none,4271484375,4271500083,15708,3125,9458,83,15,0,random_50,0,1
1,stress_random,20001,4104,4104,r_4104,0,qualified_ref,1,0,none,4272509375,4272525083,15708,3125,9458,83,15,0,random_50,0,1
1,stress_random,20001,4105,4105,r_4105,0,qualified_ref,1,0,none,4273534375,4273550083,15708,3125,9458,83,15,0,random_50,0,1
1,stress_random,20001,4106,4106,r_4106,0,qualified_ref,1,0,none,4274559375,4274575083,15708,3125,9458,83,15,0,random_50,0,1
1,stress_random,20001,4107,4107,r_4107,0,qualified_ref,1,0,none,4275584375,4275600083,15708,3125,9458,83,15,0,random_50,0,1
1,stress_random,20001,4108,4108,r_4108,0,qualified_ref,1,0,none,4276609375,4276625083,15708,3125,9458,83,15,0,random_50,0,1
1,stress_random,20001,4109,4109,r_4109,0,qualified_ref,1,0,none,4277634375,4277650083,15708,3125,9458,83,15,0,random_50,0,1
1,stress_random,20001,4110,4110,r_4110,0,qualified_ref,1,0,none,4278659375,4278675083,15708,3125,9458,83,15,0,random_50,0,1
1,stress_random,20001,4111,4111,r_4111,0,qualified_ref,1,0,none,4279684375,4279700083,15708,3125,9458,83,15,0,random_50,0,1
1,stress_random,20001,4112,4112,r_4112,0,qualified_ref,1,0,none,4280709375,4280725083,15708,3125,9458,83,15,0,random_50,0,1
1,stress_random,20001,4113,4113,r_4113,0,qualified_ref,1,0,none,4281734375,4281750083,15708,3125,9458,83,15,0,random_50,0,1
1,stress_random,20001,4114,4114,r_4114,0,qualified_ref,1,0,none,4282759375,4282775083,15708,3125,9458,83,15,0,random_50,0,1
1,stress_random,20001,4115,4115,r_4115,0,qualified_ref,1,0,none,4283784375,4283800083,15708,3125,9458,83,15,0,random_50,0,1
1,stress_random,20001,4116,4116,r_4116,0,qualified_ref,1,0,none,4284809375,4284825083,15708,3125,9458,83,15,0,random_50,0,1
1,stress_random,20001,4117,4117,r_4117,0,qualified_ref,1,0,none,4285834375,4285850083,15708,3125,9458,83,15,0,random_50,0,1
1,stress_random,20001,4118,4118,r_4118,0,qualified_ref,1,0,none,4286859375,4286875083,15708,3125,9458,83,15,0,random_50,0,1
1,stress_random,20001,4119,4119,r_4119,0,qualified_ref,1,0,none,4287884375,4287900083,15708,3125,9458,83,15,0,random_50,0,1
1,stress_random,20001,4120,4120,r_4120,0,qualified_ref,1,0,none,4288909375,4288925083,15708,3125,9458,83,15,0,random_50,0,1
1,stress_random,20001,4121,4121,r_4121,0,qualified_ref,1,0,none,4289934375,4289950083,15708,3125,9458,83,15,0,random_50,0,1
1,stress_random,20001,4122,4122,r_4122,0,qualified_ref,1,0,none,4290959375,4290975083,15708,3125,9458,83,15,0,random_50,0,1
1,stress_random,20001,4123,4123,r_4123,0,qualified_ref,1,0,none,4291984375,4292000083,15708,3125,9458,83,15,0,random_50,0,1
1,stress_random,20001,4124,4124,r_4124,0,qualified_ref,1,0,none,4293009375,4293025083,15708,3125,9458,83,15,0,random_50,0,1
1,stress_random,20001,4125,4125,r_4125,0,qualified_ref,1,0,none,4294034375,4294050083,15708,3125,9458,83,15,0,random_50,0,1
1,stress_random,20001,4126,4126,r_4126,0,qualified_ref,1,0,none,4295059375,4295075083,15708,3125,9458,83,15,0,random_50,0,1
1,stress_random,20001,4127,4127,r_4127,0,qualified_ref,1,0,none,4296084375,4296100083,15708,3125,9458,83,15,0,random_50,0,1
1,stress_random,20001,4128,4128,r_4128,0,qualified_ref,1,0,none,4297109375,4297125083,15708,3125,9458,83,15,0,random_50,0,1
1,stress_random,20001,4129,4129,r_4129,0,qualified_ref,1,0,none,4298134375,4298150083,15708,3125,9458,83,15,0,random_50,0,1
1,stress_random,20001,4130,4130,r_4130,0,qualified_ref,1,0,none,4299159375,4299175083,15708,3125,9458,83,15,0,random_50,0,1
1,stress_random,20001,4131,4131,r_4131,0,qualified_ref,1,0,none,4300184375,4300200083,15708,3125,9458,83,15,0,random_50,0,1
1,stress_random,20001,4132,4132,r_4132,0,qualified_ref,1,0,none,4301209375,4301225083,15708,3125,9458,83,15,0,random_50,0,1
1,stress_random,20001,4133,4133,r_4133,0,qualified_ref,1,0,none,4302234375,4302250083,15708,3125,9458,83,15,0,random_50,0,1
1,stress_random,20001,4134,4134,r_4134,0,qualified_ref,1,0,none,4303259375,4303275083,15708,3125,9458,83,15,0,random_50,0,1
1,stress_random,20001,4135,4135,r_4135,0,qualified_ref,1,0,none,4304284375,4304300083,15708,3125,9458,83,15,0,random_50,0,1
1,stress_random,20001,4136,4136,r_4136,0,qualified_ref,1,0,none,4305309375,4305325083,15708,3125,9458,83,15,0,random_50,0,1
1,stress_random,20001,4137,4137,r_4137,0,qualified_ref,1,0,none,4306334375,4306350083,15708,3125,9458,83,15,0,random_50,0,1
1,stress_random,20001,4138,4138,r_4138,0,qualified_ref,1,0,none,4307359375,4307375083,15708,3125,9458,83,15,0,random_50,0,1
1,stress_random,20001,4139,4139,r_4139,0,qualified_ref,1,0,none,4308384375,4308400083,15708,3125,9458,83,15,0,random_50,0,1
1,stress_random,20001,4140,4140,r_4140,0,qualified_ref,1,0,none,4309409375,4309425083,15708,3125,9458,83,15,0,random_50,0,1
1,stress_random,20001,4141,4141,r_4141,0,qualified_ref,1,0,none,4310434375,4310450083,15708,3125,9458,83,15,0,random_50,0,1
1,stress_random,20001,4142,4142,r_4142,0,qualified_ref,1,0,none,4311459375,4311475083,15708,3125,9458,83,15,0,random_50,0,1
1,stress_random,20001,4143,4143,r_4143,0,qualified_ref,1,0,none,4312484375,4312500083,15708,3125,9458,83,15,0,random_50,0,1
1,stress_random,20001,4144,4144,r_4144,0,qualified_ref,1,0,none,4313509375,4313525083,15708,3125,9458,83,15,0,random_50,0,1
1,stress_random,20001,4145,4145,r_4145,0,qualified_ref,1,0,none,4314534375,4314550083,15708,3125,9458,83,15,0,random_50,0,1
1,stress_random,20001,4146,4146,r_4146,0,qualified_ref,1,0,none,4315559375,4315575083,15708,3125,9458,83,15,0,random_50,0,1
1,stress_random,20001,4147,4147,r_4147,0,qualified_ref,1,0,none,4316584375,4316600083,15708,3125,9458,83,15,0,random_50,0,1
1,stress_random,20001,4148,4148,r_4148,0,qualified_ref,1,0,none,4317609375,4317625083,15708,3125,9458,83,15,0,random_50,0,1
1,stress_random,20001,4149,4149,r_4149,0,qualified_ref,1,0,none,4318634375,4318650083,15708,3125,9458,83,15,0,random_50,0,1
1,stress_random,20001,4150,4150,r_4150,0,qualified_ref,1,0,none,4319659375,4319675083,15708,3125,9458,83,15,0,random_50,0,1
1,stress_random,20001,4151,4151,r_4151,0,qualified_ref,1,0,none,4320684375,4320700083,15708,3125,9458,83,15,0,random_50,0,1
1,stress_random,20001,4152,4152,r_4152,0,qualified_ref,1,0,none,4321709375,4321725083,15708,3125,9458,83,15,0,random_50,0,1
1,stress_random,20001,4153,4153,r_4153,0,qualified_ref,1,0,none,4322734375,4322750083,15708,3125,9458,83,15,0,random_50,0,1
1,stress_random,20001,4154,4154,r_4154,0,qualified_ref,1,0,none,4323759375,4323775083,15708,3125,9458,83,15,0,random_50,0,1
1,stress_random,20001,4155,4155,r_4155,0,qualified_ref,1,0,none,4324784375,4324800083,15708,3125,9458,83,15,0,random_50,0,1
1,stress_random,20001,4156,4156,r_4156,0,qualified_ref,1,0,none,4325809375,4325825083,15708,3125,9458,83,15,0,random_50,0,1
1,stress_random,20001,4157,4157,r_4157,0,qualified_ref,1,0,none,4326834375,4326850083,15708,3125,9458,83,15,0,random_50,0,1
1,stress_random,20001,4158,4158,r_4158,0,qualified_ref,1,0,none,4327859375,4327875083,15708,3125,9458,83,15,0,random_50,0,1
1,stress_random,20001,4159,4159,r_4159,0,qualified_ref,1,0,none,4328884375,4328900083,15708,3125,9458,83,15,0,random_50,0,1
1,stress_random,20001,4160,4160,r_4160,0,qualified_ref,1,0,none,4329909375,4329925083,15708,3125,9458,83,15,0,random_50,0,1
1,stress_random,20001,4161,4161,r_4161,0,qualified_ref,1,0,none,4330934375,4330950083,15708,3125,9458,83,15,0,random_50,0,1
1,stress_random,20001,4162,4162,r_4162,0,qualified_ref,1,0,none,4331959375,4331975083,15708,3125,9458,83,15,0,random_50,0,1
1,stress_random,20001,4163,4163,r_4163,0,qualified_ref,1,0,none,4332984375,4333000083,15708,3125,9458,83,15,0,random_50,0,1
1,stress_random,20001,4164,4164,r_4164,0,qualified_ref,1,0,none,4334009375,4334025083,15708,3125,9458,83,15,0,random_50,0,1
1,stress_random,20001,4165,4165,r_4165,0,qualified_ref,1,0,none,4335034375,4335050083,15708,3125,9458,83,15,0,random_50,0,1
1,stress_random,20001,4166,4166,r_4166,0,qualified_ref,1,0,none,4336059375,4336075083,15708,3125,9458,83,15,0,random_50,0,1
1,stress_random,20001,4167,4167,r_4167,0,qualified_ref,1,0,none,4337084375,4337100083,15708,3125,9458,83,15,0,random_50,0,1
1,stress_random,20001,4168,4168,r_4168,0,qualified_ref,1,0,none,4338109375,4338125083,15708,3125,9458,83,15,0,random_50,0,1
1,stress_random,20001,4169,4169,r_4169,0,qualified_ref,1,0,none,4339134375,4339150083,15708,3125,9458,83,15,0,random_50,0,1
1,stress_random,20001,4170,4170,r_4170,0,qualified_ref,1,0,none,4340159375,4340175083,15708,3125,9458,83,15,0,random_50,0,1
1,stress_random,20001,4171,4171,r_4171,0,qualified_ref,1,0,none,4341184375,4341200083,15708,3125,9458,83,15,0,random_50,0,1
1,stress_random,20001,4172,4172,r_4172,0,qualified_ref,1,0,none,4342209375,4342225083,15708,3125,9458,83,15,0,random_50,0,1
1,stress_random,20001,4173,4173,r_4173,0,qualified_ref,1,0,none,4343234375,4343250083,15708,3125,9458,83,15,0,random_50,0,1
1,stress_random,20001,4174,4174,r_4174,0,qualified_ref,1,0,none,4344259375,4344275083,15708,3125,9458,83,15,0,random_50,0,1
1,stress_random,20001,4175,4175,r_4175,0,qualified_ref,1,0,none,4345284375,4345300083,15708,3125,9458,83,15,0,random_50,0,1
1,stress_random,20001,4176,4176,r_4176,0,qualified_ref,1,0,none,4346309375,4346325083,15708,3125,9458,83,15,0,random_50,0,1
1,stress_random,20001,4177,4177,r_4177,0,qualified_ref,1,0,none,4347334375,4347350083,15708,3125,9458,83,15,0,random_50,0,1
1,stress_random,20001,4178,4178,r_4178,0,qualified_ref,1,0,none,4348359375,4348375083,15708,3125,9458,83,15,0,random_50,0,1
1,stress_random,20001,4179,4179,r_4179,0,qualified_ref,1,0,none,4349384375,4349400083,15708,3125,9458,83,15,0,random_50,0,1
1,stress_random,20001,4180,4180,r_4180,0,qualified_ref,1,0,none,4350409375,4350425083,15708,3125,9458,83,15,0,random_50,0,1
1,stress_random,20001,4181,4181,r_4181,0,qualified_ref,1,0,none,4351434375,4351450083,15708,3125,9458,83,15,0,random_50,0,1
1,stress_random,20001,4182,4182,r_4182,0,qualified_ref,1,0,none,4352459375,4352475083,15708,3125,9458,83,15,0,random_50,0,1
1,stress_random,20001,4183,4183,r_4183,0,qualified_ref,1,0,none,4353484375,4353500083,15708,3125,9458,83,15,0,random_50,0,1
1,stress_random,20001,4184,4184,r_4184,0,qualified_ref,1,0,none,4354509375,4354525083,15708,3125,9458,83,15,0,random_50,0,1
1,stress_random,20001,4185,4185,r_4185,0,qualified_ref,1,0,none,4355534375,4355550083,15708,3125,9458,83,15,0,random_50,0,1
1,stress_random,20001,4186,4186,r_4186,0,qualified_ref,1,0,none,4356559375,4356575083,15708,3125,9458,83,15,0,random_50,0,1
1,stress_random,20001,4187,4187,r_4187,0,qualified_ref,1,0,none,4357584375,4357600083,15708,3125,9458,83,15,0,random_50,0,1
1,stress_random,20001,4188,4188,r_4188,0,qualified_ref,1,0,none,4358609375,4358625083,15708,3125,9458,83,15,0,random_50,0,1
1,stress_random,20001,4189,4189,r_4189,0,qualified_ref,1,0,none,4359634375,4359650083,15708,3125,9458,83,15,0,random_50,0,1
1,stress_random,20001,4190,4190,r_4190,0,qualified_ref,1,0,none,4360659375,4360675083,15708,3125,9458,83,15,0,random_50,0,1
1,stress_random,20001,4191,4191,r_4191,0,qualified_ref,1,0,none,4361684375,4361700083,15708,3125,9458,83,15,0,random_50,0,1
1,stress_random,20001,4192,4192,r_4192,0,qualified_ref,1,0,none,4362709375,4362725083,15708,3125,9458,83,15,0,random_50,0,1
1,stress_random,20001,4193,4193,r_4193,0,qualified_ref,1,0,none,4363734375,4363750083,15708,3125,9458,83,15,0,random_50,0,1
1,stress_random,20001,4194,4194,r_4194,0,qualified_ref,1,0,none,4364759375,4364775083,15708,3125,9458,83,15,0,random_50,0,1
1,stress_random,20001,4195,4195,r_4195,0,qualified_ref,1,0,none,4365784375,4365800083,15708,3125,9458,83,15,0,random_50,0,1
1,stress_random,20001,4196,4196,r_4196,0,qualified_ref,1,0,none,4366809375,4366825083,15708,3125,9458,83,15,0,random_50,0,1
1,stress_random,20001,4197,4197,r_4197,0,qualified_ref,1,0,none,4367834375,4367850083,15708,3125,9458,83,15,0,random_50,0,1
1,stress_random,20001,4198,4198,r_4198,0,qualified_ref,1,0,none,4368859375,4368875083,15708,3125,9458,83,15,0,random_50,0,1
1,stress_random,20001,4199,4199,r_4199,0,qualified_ref,1,0,none,4369884375,4369900083,15708,3125,9458,83,15,0,random_50,0,1
1,stress_random,20001,4200,4200,r_4200,0,qualified_ref,1,0,none,4370909375,4370925083,15708,3125,9458,83,15,0,random_50,0,1
1,stress_random,20001,4201,4201,r_4201,0,qualified_ref,1,0,none,4371934375,4371950083,15708,3125,9458,83,15,0,random_50,0,1
1,stress_random,20001,4202,4202,r_4202,0,qualified_ref,1,0,none,4372959375,4372975083,15708,3125,9458,83,15,0,random_50,0,1
1,stress_random,20001,4203,4203,r_4203,0,qualified_ref,1,0,none,4373984375,4374000083,15708,3125,9458,83,15,0,random_50,0,1
1,stress_random,20001,4204,4204,r_4204,0,qualified_ref,1,0,none,4375009375,4375025083,15708,3125,9458,83,15,0,random_50,0,1
1,stress_random,20001,4205,4205,r_4205,0,qualified_ref,1,0,none,4376034375,4376050083,15708,3125,9458,83,15,0,random_50,0,1
1,stress_random,20001,4206,4206,r_4206,0,qualified_ref,1,0,none,4377059375,4377075083,15708,3125,9458,83,15,0,random_50,0,1
1,stress_random,20001,4207,4207,r_4207,0,qualified_ref,1,0,none,4378084375,4378100083,15708,3125,9458,83,15,0,random_50,0,1
1,stress_random,20001,4208,4208,r_4208,0,qualified_ref,1,0,none,4379109375,4379125083,15708,3125,9458,83,15,0,random_50,0,1
1,stress_random,20001,4209,4209,r_4209,0,qualified_ref,1,0,none,4380134375,4380150083,15708,3125,9458,83,15,0,random_50,0,1
1,stress_random,20001,4210,4210,r_4210,0,qualified_ref,1,0,none,4381159375,4381175083,15708,3125,9458,83,15,0,random_50,0,1
1,stress_random,20001,4211,4211,r_4211,0,qualified_ref,1,0,none,4382184375,4382200083,15708,3125,9458,83,15,0,random_50,0,1
1,stress_random,20001,4212,4212,r_4212,0,qualified_ref,1,0,none,4383209375,4383225083,15708,3125,9458,83,15,0,random_50,0,1
1,stress_random,20001,4213,4213,r_4213,0,qualified_ref,1,0,none,4384234375,4384250083,15708,3125,9458,83,15,0,random_50,0,1
1,stress_random,20001,4214,4214,r_4214,0,qualified_ref,1,0,none,4385259375,4385275083,15708,3125,9458,83,15,0,random_50,0,1
1,stress_random,20001,4215,4215,r_4215,0,qualified_ref,1,0,none,4386284375,4386300083,15708,3125,9458,83,15,0,random_50,0,1
1,stress_random,20001,4216,4216,r_4216,0,qualified_ref,1,0,none,4387309375,4387325083,15708,3125,9458,83,15,0,random_50,0,1
1,stress_random,20001,4217,4217,r_4217,0,qualified_ref,1,0,none,4388334375,4388350083,15708,3125,9458,83,15,0,random_50,0,1
1,stress_random,20001,4218,4218,r_4218,0,qualified_ref,1,0,none,4389359375,4389375083,15708,3125,9458,83,15,0,random_50,0,1
1,stress_random,20001,4219,4219,r_4219,0,qualified_ref,1,0,none,4390384375,4390400083,15708,3125,9458,83,15,0,random_50,0,1
1,stress_random,20001,4220,4220,r_4220,0,qualified_ref,1,0,none,4391409375,4391425083,15708,3125,9458,83,15,0,random_50,0,1
1,stress_random,20001,4221,4221,r_4221,0,qualified_ref,1,0,none,4392434375,4392450083,15708,3125,9458,83,15,0,random_50,0,1
1,stress_random,20001,4222,4222,r_4222,0,qualified_ref,1,0,none,4393459375,4393475083,15708,3125,9458,83,15,0,random_50,0,1
1,stress_random,20001,4223,4223,r_4223,0,qualified_ref,1,0,none,4394484375,4394500083,15708,3125,9458,83,15,0,random_50,0,1
1,stress_random,20001,4224,4224,r_4224,0,qualified_ref,1,0,none,4395509375,4395525083,15708,3125,9458,83,15,0,random_50,0,1
1,stress_random,20001,4225,4225,r_4225,0,qualified_ref,1,0,none,4396534375,4396550083,15708,3125,9458,83,15,0,random_50,0,1
1,stress_random,20001,4226,4226,r_4226,0,qualified_ref,1,0,none,4397559375,4397575083,15708,3125,9458,83,15,0,random_50,0,1
1,stress_random,20001,4227,4227,r_4227,0,qualified_ref,1,0,none,4398584375,4398600083,15708,3125,9458,83,15,0,random_50,0,1
1,stress_random,20001,4228,4228,r_4228,0,qualified_ref,1,0,none,4399609375,4399625083,15708,3125,9458,83,15,0,random_50,0,1
1,stress_random,20001,4229,4229,r_4229,0,qualified_ref,1,0,none,4400634375,4400650083,15708,3125,9458,83,15,0,random_50,0,1
1,stress_random,20001,4230,4230,r_4230,0,qualified_ref,1,0,none,4401659375,4401675083,15708,3125,9458,83,15,0,random_50,0,1
1,stress_random,20001,4231,4231,r_4231,0,qualified_ref,1,0,none,4402684375,4402700083,15708,3125,9458,83,15,0,random_50,0,1
1,stress_random,20001,4232,4232,r_4232,0,qualified_ref,1,0,none,4403709375,4403725083,15708,3125,9458,83,15,0,random_50,0,1
1,stress_random,20001,4233,4233,r_4233,0,qualified_ref,1,0,none,4404734375,4404750083,15708,3125,9458,83,15,0,random_50,0,1
1,stress_random,20001,4234,4234,r_4234,0,qualified_ref,1,0,none,4405759375,4405775083,15708,3125,9458,83,15,0,random_50,0,1
1,stress_random,20001,4235,4235,r_4235,0,qualified_ref,1,0,none,4406784375,4406800083,15708,3125,9458,83,15,0,random_50,0,1
1,stress_random,20001,4236,4236,r_4236,0,qualified_ref,1,0,none,4407809375,4407825083,15708,3125,9458,83,15,0,random_50,0,1
1,stress_random,20001,4237,4237,r_4237,0,qualified_ref,1,0,none,4408834375,4408850083,15708,3125,9458,83,15,0,random_50,0,1
1,stress_random,20001,4238,4238,r_4238,0,qualified_ref,1,0,none,4409859375,4409875083,15708,3125,9458,83,15,0,random_50,0,1
1,stress_random,20001,4239,4239,r_4239,0,qualified_ref,1,0,none,4410884375,4410900083,15708,3125,9458,83,15,0,random_50,0,1
1,stress_random,20001,4240,4240,r_4240,0,qualified_ref,1,0,none,4411909375,4411925083,15708,3125,9458,83,15,0,random_50,0,1
1,stress_random,20001,4241,4241,r_4241,0,qualified_ref,1,0,none,4412934375,4412950083,15708,3125,9458,83,15,0,random_50,0,1
1,stress_random,20001,4242,4242,r_4242,0,qualified_ref,1,0,none,4413959375,4413975083,15708,3125,9458,83,15,0,random_50,0,1
1,stress_random,20001,4243,4243,r_4243,0,qualified_ref,1,0,none,4414984375,4415000083,15708,3125,9458,83,15,0,random_50,0,1
1,stress_random,20001,4244,4244,r_4244,0,qualified_ref,1,0,none,4416009375,4416025083,15708,3125,9458,83,15,0,random_50,0,1
1,stress_random,20001,4245,4245,r_4245,0,qualified_ref,1,0,none,4417034375,4417050083,15708,3125,9458,83,15,0,random_50,0,1
1,stress_random,20001,4246,4246,r_4246,0,qualified_ref,1,0,none,4418059375,4418075083,15708,3125,9458,83,15,0,random_50,0,1
1,stress_random,20001,4247,4247,r_4247,0,qualified_ref,1,0,none,4419084375,4419100083,15708,3125,9458,83,15,0,random_50,0,1
1,stress_random,20001,4248,4248,r_4248,0,qualified_ref,1,0,none,4420109375,4420125083,15708,3125,9458,83,15,0,random_50,0,1
1,stress_random,20001,4249,4249,r_4249,0,qualified_ref,1,0,none,4421134375,4421150083,15708,3125,9458,83,15,0,random_50,0,1
1,stress_random,20001,4250,4250,r_4250,0,qualified_ref,1,0,none,4426259375,4426275083,15708,3125,9458,83,11,0,random_50,0,1
1,stress_random,20001,4251,4251,r_4251,0,qualified_ref,1,0,none,4427284375,4427300083,15708,3125,9458,83,11,0,random_50,0,1
1,stress_random,20001,4252,4252,r_4252,0,qualified_ref,1,0,none,4428309375,4428325083,15708,3125,9458,83,11,0,random_50,0,1
1,stress_random,20001,4253,4253,r_4253,0,qualified_ref,1,0,none,4429334375,4429350083,15708,3125,9458,83,11,0,random_50,0,1
1,stress_random,20001,4254,4254,r_4254,0,qualified_ref,1,0,none,4430359375,4430375083,15708,3125,9458,83,11,0,random_50,0,1
1,stress_random,20001,4255,4255,r_4255,0,qualified_ref,1,0,none,4431384375,4431400083,15708,3125,9458,83,11,0,random_50,0,1
1,stress_random,20001,4256,4256,r_4256,0,qualified_ref,1,0,none,4432409375,4432425083,15708,3125,9458,83,11,0,random_50,0,1
1,stress_random,20001,4257,4257,r_4257,0,qualified_ref,1,0,none,4433434375,4433450083,15708,3125,9458,83,11,0,random_50,0,1
1,stress_random,20001,4258,4258,r_4258,0,qualified_ref,1,0,none,4434459375,4434475083,15708,3125,9458,83,11,0,random_50,0,1
1,stress_random,20001,4259,4259,r_4259,0,qualified_ref,1,0,none,4435484375,4435500083,15708,3125,9458,83,11,0,random_50,0,1
1,stress_random,20001,4260,4260,r_4260,0,qualified_ref,1,0,none,4436509375,4436525083,15708,3125,9458,83,11,0,random_50,0,1
1,stress_random,20001,4261,4261,r_4261,0,qualified_ref,1,0,none,4437534375,4437550083,15708,3125,9458,83,11,0,random_50,0,1
1,stress_random,20001,4262,4262,r_4262,0,qualified_ref,1,0,none,4438559375,4438575083,15708,3125,9458,83,11,0,random_50,0,1
1,stress_random,20001,4263,4263,r_4263,0,qualified_ref,1,0,none,4439584375,4439600083,15708,3125,9458,83,11,0,random_50,0,1
1,stress_random,20001,4264,4264,r_4264,0,qualified_ref,1,0,none,4440609375,4440625083,15708,3125,9458,83,11,0,random_50,0,1
1,stress_random,20001,4265,4265,r_4265,0,qualified_ref,1,0,none,4441634375,4441650083,15708,3125,9458,83,11,0,random_50,0,1
1,stress_random,20001,4266,4266,r_4266,0,qualified_ref,1,0,none,4442659375,4442675083,15708,3125,9458,83,11,0,random_50,0,1
1,stress_random,20001,4267,4267,r_4267,0,qualified_ref,1,0,none,4443684375,4443700083,15708,3125,9458,83,11,0,random_50,0,1
1,stress_random,20001,4268,4268,r_4268,0,qualified_ref,1,0,none,4444709375,4444725083,15708,3125,9458,83,11,0,random_50,0,1
1,stress_random,20001,4269,4269,r_4269,0,qualified_ref,1,0,none,4445734375,4445750083,15708,3125,9458,83,11,0,random_50,0,1
1,stress_random,20001,4270,4270,r_4270,0,qualified_ref,1,0,none,4446759375,4446775083,15708,3125,9458,83,11,0,random_50,0,1
1,stress_random,20001,4271,4271,r_4271,0,qualified_ref,1,0,none,4447784375,4447800083,15708,3125,9458,83,11,0,random_50,0,1
1,stress_random,20001,4272,4272,r_4272,0,qualified_ref,1,0,none,4448809375,4448825083,15708,3125,9458,83,11,0,random_50,0,1
1,stress_random,20001,4273,4273,r_4273,0,qualified_ref,1,0,none,4449834375,4449850083,15708,3125,9458,83,11,0,random_50,0,1
1,stress_random,20001,4274,4274,r_4274,0,qualified_ref,1,0,none,4450859375,4450875083,15708,3125,9458,83,11,0,random_50,0,1
1,stress_random,20001,4275,4275,r_4275,0,qualified_ref,1,0,none,4451884375,4451900083,15708,3125,9458,83,11,0,random_50,0,1
1,stress_random,20001,4276,4276,r_4276,0,qualified_ref,1,0,none,4452909375,4452925083,15708,3125,9458,83,11,0,random_50,0,1
1,stress_random,20001,4277,4277,r_4277,0,qualified_ref,1,0,none,4453934375,4453950083,15708,3125,9458,83,11,0,random_50,0,1
1,stress_random,20001,4278,4278,r_4278,0,qualified_ref,1,0,none,4454959375,4454975083,15708,3125,9458,83,11,0,random_50,0,1
1,stress_random,20001,4279,4279,r_4279,0,qualified_ref,1,0,none,4455984375,4456000083,15708,3125,9458,83,11,0,random_50,0,1
1,stress_random,20001,4280,4280,r_4280,0,qualified_ref,1,0,none,4457009375,4457025083,15708,3125,9458,83,11,0,random_50,0,1
1,stress_random,20001,4281,4281,r_4281,0,qualified_ref,1,0,none,4458034375,4458050083,15708,3125,9458,83,11,0,random_50,0,1
1,stress_random,20001,4282,4282,r_4282,0,qualified_ref,1,0,none,4459059375,4459075083,15708,3125,9458,83,11,0,random_50,0,1
1,stress_random,20001,4283,4283,r_4283,0,qualified_ref,1,0,none,4460084375,4460100083,15708,3125,9458,83,11,0,random_50,0,1
1,stress_random,20001,4284,4284,r_4284,0,qualified_ref,1,0,none,4461109375,4461125083,15708,3125,9458,83,11,0,random_50,0,1
1,stress_random,20001,4285,4285,r_4285,0,qualified_ref,1,0,none,4462134375,4462150083,15708,3125,9458,83,11,0,random_50,0,1
1,stress_random,20001,4286,4286,r_4286,0,qualified_ref,1,0,none,4463159375,4463175083,15708,3125,9458,83,11,0,random_50,0,1
1,stress_random,20001,4287,4287,r_4287,0,qualified_ref,1,0,none,4464184375,4464200083,15708,3125,9458,83,11,0,random_50,0,1
1,stress_random,20001,4288,4288,r_4288,0,qualified_ref,1,0,none,4465209375,4465225083,15708,3125,9458,83,11,0,random_50,0,1
1,stress_random,20001,4289,4289,r_4289,0,qualified_ref,1,0,none,4466234375,4466250083,15708,3125,9458,83,11,0,random_50,0,1
1,stress_random,20001,4290,4290,r_4290,0,qualified_ref,1,0,none,4467259375,4467275083,15708,3125,9458,83,11,0,random_50,0,1
1,stress_random,20001,4291,4291,r_4291,0,qualified_ref,1,0,none,4468284375,4468300083,15708,3125,9458,83,11,0,random_50,0,1
1,stress_random,20001,4292,4292,r_4292,0,qualified_ref,1,0,none,4469309375,4469325083,15708,3125,9458,83,11,0,random_50,0,1
1,stress_random,20001,4293,4293,r_4293,0,qualified_ref,1,0,none,4470334375,4470350083,15708,3125,9458,83,11,0,random_50,0,1
1,stress_random,20001,4294,4294,r_4294,0,qualified_ref,1,0,none,4471359375,4471375083,15708,3125,9458,83,11,0,random_50,0,1
1,stress_random,20001,4295,4295,r_4295,0,qualified_ref,1,0,none,4472384375,4472400083,15708,3125,9458,83,11,0,random_50,0,1
1,stress_random,20001,4296,4296,r_4296,0,qualified_ref,1,0,none,4473409375,4473425083,15708,3125,9458,83,11,0,random_50,0,1
1,stress_random,20001,4297,4297,r_4297,0,qualified_ref,1,0,none,4474434375,4474450083,15708,3125,9458,83,11,0,random_50,0,1
1,stress_random,20001,4298,4298,r_4298,0,qualified_ref,1,0,none,4475459375,4475475083,15708,3125,9458,83,11,0,random_50,0,1
1,stress_random,20001,4299,4299,r_4299,0,qualified_ref,1,0,none,4476484375,4476500083,15708,3125,9458,83,11,0,random_50,0,1
1,stress_random,20001,4300,4300,r_4300,0,qualified_ref,1,0,none,4477509375,4477525083,15708,3125,9458,83,11,0,random_50,0,1
1,stress_random,20001,4301,4301,r_4301,0,qualified_ref,1,0,none,4478534375,4478550083,15708,3125,9458,83,11,0,random_50,0,1
1,stress_random,20001,4302,4302,r_4302,0,qualified_ref,1,0,none,4479559375,4479575083,15708,3125,9458,83,11,0,random_50,0,1
1,stress_random,20001,4303,4303,r_4303,0,qualified_ref,1,0,none,4480584375,4480600083,15708,3125,9458,83,11,0,random_50,0,1
1,stress_random,20001,4304,4304,r_4304,0,qualified_ref,1,0,none,4481609375,4481625083,15708,3125,9458,83,11,0,random_50,0,1
1,stress_random,20001,4305,4305,r_4305,0,qualified_ref,1,0,none,4482634375,4482650083,15708,3125,9458,83,11,0,random_50,0,1
1,stress_random,20001,4306,4306,r_4306,0,qualified_ref,1,0,none,4483659375,4483675083,15708,3125,9458,83,11,0,random_50,0,1
1,stress_random,20001,4307,4307,r_4307,0,qualified_ref,1,0,none,4484684375,4484700083,15708,3125,9458,83,11,0,random_50,0,1
1,stress_random,20001,4308,4308,r_4308,0,qualified_ref,1,0,none,4485709375,4485725083,15708,3125,9458,83,11,0,random_50,0,1
1,stress_random,20001,4309,4309,r_4309,0,qualified_ref,1,0,none,4486734375,4486750083,15708,3125,9458,83,11,0,random_50,0,1
1,stress_random,20001,4310,4310,r_4310,0,qualified_ref,1,0,none,4487759375,4487775083,15708,3125,9458,83,11,0,random_50,0,1
1,stress_random,20001,4311,4311,r_4311,0,qualified_ref,1,0,none,4488784375,4488800083,15708,3125,9458,83,11,0,random_50,0,1
1,stress_random,20001,4312,4312,r_4312,0,qualified_ref,1,0,none,4489809375,4489825083,15708,3125,9458,83,11,0,random_50,0,1
1,stress_random,20001,4313,4313,r_4313,0,qualified_ref,1,0,none,4490834375,4490850083,15708,3125,9458,83,11,0,random_50,0,1
1,stress_random,20001,4314,4314,r_4314,0,qualified_ref,1,0,none,4491859375,4491875083,15708,3125,9458,83,11,0,random_50,0,1
1,stress_random,20001,4315,4315,r_4315,0,qualified_ref,1,0,none,4492884375,4492900083,15708,3125,9458,83,11,0,random_50,0,1
1,stress_random,20001,4316,4316,r_4316,0,qualified_ref,1,0,none,4493909375,4493925083,15708,3125,9458,83,11,0,random_50,0,1
1,stress_random,20001,4317,4317,r_4317,0,qualified_ref,1,0,none,4494934375,4494950083,15708,3125,9458,83,11,0,random_50,0,1
1,stress_random,20001,4318,4318,r_4318,0,qualified_ref,1,0,none,4495959375,4495975083,15708,3125,9458,83,11,0,random_50,0,1
1,stress_random,20001,4319,4319,r_4319,0,qualified_ref,1,0,none,4496984375,4497000083,15708,3125,9458,83,11,0,random_50,0,1
1,stress_random,20001,4320,4320,r_4320,0,qualified_ref,1,0,none,4498009375,4498025083,15708,3125,9458,83,11,0,random_50,0,1
1,stress_random,20001,4321,4321,r_4321,0,qualified_ref,1,0,none,4499034375,4499050083,15708,3125,9458,83,11,0,random_50,0,1
1,stress_random,20001,4322,4322,r_4322,0,qualified_ref,1,0,none,4500059375,4500075083,15708,3125,9458,83,11,0,random_50,0,1
1,stress_random,20001,4323,4323,r_4323,0,qualified_ref,1,0,none,4501084375,4501100083,15708,3125,9458,83,11,0,random_50,0,1
1,stress_random,20001,4324,4324,r_4324,0,qualified_ref,1,0,none,4502109375,4502125083,15708,3125,9458,83,11,0,random_50,0,1
1,stress_random,20001,4325,4325,r_4325,0,qualified_ref,1,0,none,4503134375,4503150083,15708,3125,9458,83,11,0,random_50,0,1
1,stress_random,20001,4326,4326,r_4326,0,qualified_ref,1,0,none,4504159375,4504175083,15708,3125,9458,83,11,0,random_50,0,1
1,stress_random,20001,4327,4327,r_4327,0,qualified_ref,1,0,none,4505184375,4505200083,15708,3125,9458,83,11,0,random_50,0,1
1,stress_random,20001,4328,4328,r_4328,0,qualified_ref,1,0,none,4506209375,4506225083,15708,3125,9458,83,11,0,random_50,0,1
1,stress_random,20001,4329,4329,r_4329,0,qualified_ref,1,0,none,4507234375,4507250083,15708,3125,9458,83,11,0,random_50,0,1
1,stress_random,20001,4330,4330,r_4330,0,qualified_ref,1,0,none,4508259375,4508275083,15708,3125,9458,83,11,0,random_50,0,1
1,stress_random,20001,4331,4331,r_4331,0,qualified_ref,1,0,none,4509284375,4509300083,15708,3125,9458,83,11,0,random_50,0,1
1,stress_random,20001,4332,4332,r_4332,0,qualified_ref,1,0,none,4510309375,4510325083,15708,3125,9458,83,11,0,random_50,0,1
1,stress_random,20001,4333,4333,r_4333,0,qualified_ref,1,0,none,4511334375,4511350083,15708,3125,9458,83,11,0,random_50,0,1
1,stress_random,20001,4334,4334,r_4334,0,qualified_ref,1,0,none,4512359375,4512375083,15708,3125,9458,83,11,0,random_50,0,1
1,stress_random,20001,4335,4335,r_4335,0,qualified_ref,1,0,none,4513384375,4513400083,15708,3125,9458,83,11,0,random_50,0,1
1,stress_random,20001,4336,4336,r_4336,0,qualified_ref,1,0,none,4514409375,4514425083,15708,3125,9458,83,11,0,random_50,0,1
1,stress_random,20001,4337,4337,r_4337,0,qualified_ref,1,0,none,4515434375,4515450083,15708,3125,9458,83,11,0,random_50,0,1
1,stress_random,20001,4338,4338,r_4338,0,qualified_ref,1,0,none,4516459375,4516475083,15708,3125,9458,83,11,0,random_50,0,1
1,stress_random,20001,4339,4339,r_4339,0,qualified_ref,1,0,none,4517484375,4517500083,15708,3125,9458,83,11,0,random_50,0,1
1,stress_random,20001,4340,4340,r_4340,0,qualified_ref,1,0,none,4518509375,4518525083,15708,3125,9458,83,11,0,random_50,0,1
1,stress_random,20001,4341,4341,r_4341,0,qualified_ref,1,0,none,4519534375,4519550083,15708,3125,9458,83,11,0,random_50,0,1
1,stress_random,20001,4342,4342,r_4342,0,qualified_ref,1,0,none,4520559375,4520575083,15708,3125,9458,83,11,0,random_50,0,1
1,stress_random,20001,4343,4343,r_4343,0,qualified_ref,1,0,none,4521584375,4521600083,15708,3125,9458,83,11,0,random_50,0,1
1,stress_random,20001,4344,4344,r_4344,0,qualified_ref,1,0,none,4522609375,4522625083,15708,3125,9458,83,11,0,random_50,0,1
1,stress_random,20001,4345,4345,r_4345,0,qualified_ref,1,0,none,4523634375,4523650083,15708,3125,9458,83,11,0,random_50,0,1
1,stress_random,20001,4346,4346,r_4346,0,qualified_ref,1,0,none,4524659375,4524675083,15708,3125,9458,83,11,0,random_50,0,1
1,stress_random,20001,4347,4347,r_4347,0,qualified_ref,1,0,none,4525684375,4525700083,15708,3125,9458,83,11,0,random_50,0,1
1,stress_random,20001,4348,4348,r_4348,0,qualified_ref,1,0,none,4526709375,4526725083,15708,3125,9458,83,11,0,random_50,0,1
1,stress_random,20001,4349,4349,r_4349,0,qualified_ref,1,0,none,4527734375,4527750083,15708,3125,9458,83,11,0,random_50,0,1
1,stress_random,20001,4350,4350,r_4350,0,qualified_ref,1,0,none,4528759375,4528775083,15708,3125,9458,83,11,0,random_50,0,1
1,stress_random,20001,4351,4351,r_4351,0,qualified_ref,1,0,none,4529784375,4529800083,15708,3125,9458,83,11,0,random_50,0,1
1,stress_random,20001,4352,4352,r_4352,0,qualified_ref,1,0,none,4530809375,4530825083,15708,3125,9458,83,11,0,random_50,0,1
1,stress_random,20001,4353,4353,r_4353,0,qualified_ref,1,0,none,4531834375,4531850083,15708,3125,9458,83,11,0,random_50,0,1
1,stress_random,20001,4354,4354,r_4354,0,qualified_ref,1,0,none,4532859375,4532875083,15708,3125,9458,83,11,0,random_50,0,1
1,stress_random,20001,4355,4355,r_4355,0,qualified_ref,1,0,none,4533884375,4533900083,15708,3125,9458,83,11,0,random_50,0,1
1,stress_random,20001,4356,4356,r_4356,0,qualified_ref,1,0,none,4534909375,4534925083,15708,3125,9458,83,11,0,random_50,0,1
1,stress_random,20001,4357,4357,r_4357,0,qualified_ref,1,0,none,4535934375,4535950083,15708,3125,9458,83,11,0,random_50,0,1
1,stress_random,20001,4358,4358,r_4358,0,qualified_ref,1,0,none,4536959375,4536975083,15708,3125,9458,83,11,0,random_50,0,1
1,stress_random,20001,4359,4359,r_4359,0,qualified_ref,1,0,none,4537984375,4538000083,15708,3125,9458,83,11,0,random_50,0,1
1,stress_random,20001,4360,4360,r_4360,0,qualified_ref,1,0,none,4539009375,4539025083,15708,3125,9458,83,11,0,random_50,0,1
1,stress_random,20001,4361,4361,r_4361,0,qualified_ref,1,0,none,4540034375,4540050083,15708,3125,9458,83,11,0,random_50,0,1
1,stress_random,20001,4362,4362,r_4362,0,qualified_ref,1,0,none,4541059375,4541075083,15708,3125,9458,83,11,0,random_50,0,1
1,stress_random,20001,4363,4363,r_4363,0,qualified_ref,1,0,none,4542084375,4542100083,15708,3125,9458,83,11,0,random_50,0,1
1,stress_random,20001,4364,4364,r_4364,0,qualified_ref,1,0,none,4543109375,4543125083,15708,3125,9458,83,11,0,random_50,0,1
1,stress_random,20001,4365,4365,r_4365,0,qualified_ref,1,0,none,4544134375,4544150083,15708,3125,9458,83,11,0,random_50,0,1
1,stress_random,20001,4366,4366,r_4366,0,qualified_ref,1,0,none,4545159375,4545175083,15708,3125,9458,83,11,0,random_50,0,1
1,stress_random,20001,4367,4367,r_4367,0,qualified_ref,1,0,none,4546184375,4546200083,15708,3125,9458,83,11,0,random_50,0,1
1,stress_random,20001,4368,4368,r_4368,0,qualified_ref,1,0,none,4547209375,4547225083,15708,3125,9458,83,11,0,random_50,0,1
1,stress_random,20001,4369,4369,r_4369,0,qualified_ref,1,0,none,4548234375,4548250083,15708,3125,9458,83,11,0,random_50,0,1
1,stress_random,20001,4370,4370,r_4370,0,qualified_ref,1,0,none,4549259375,4549275083,15708,3125,9458,83,11,0,random_50,0,1
1,stress_random,20001,4371,4371,r_4371,0,qualified_ref,1,0,none,4550284375,4550300083,15708,3125,9458,83,11,0,random_50,0,1
1,stress_random,20001,4372,4372,r_4372,0,qualified_ref,1,0,none,4551309375,4551325083,15708,3125,9458,83,11,0,random_50,0,1
1,stress_random,20001,4373,4373,r_4373,0,qualified_ref,1,0,none,4552334375,4552350083,15708,3125,9458,83,11,0,random_50,0,1
1,stress_random,20001,4374,4374,r_4374,0,qualified_ref,1,0,none,4553359375,4553375083,15708,3125,9458,83,11,0,random_50,0,1
1,stress_random,20001,4375,4375,r_4375,0,qualified_ref,1,0,none,4554384375,4554400083,15708,3125,9458,83,11,0,random_50,0,1
1,stress_random,20001,4376,4376,r_4376,0,qualified_ref,1,0,none,4555409375,4555425083,15708,3125,9458,83,11,0,random_50,0,1
1,stress_random,20001,4377,4377,r_4377,0,qualified_ref,1,0,none,4556434375,4556450083,15708,3125,9458,83,11,0,random_50,0,1
1,stress_random,20001,4378,4378,r_4378,0,qualified_ref,1,0,none,4557459375,4557475083,15708,3125,9458,83,11,0,random_50,0,1
1,stress_random,20001,4379,4379,r_4379,0,qualified_ref,1,0,none,4558484375,4558500083,15708,3125,9458,83,11,0,random_50,0,1
1,stress_random,20001,4380,4380,r_4380,0,qualified_ref,1,0,none,4559509375,4559525083,15708,3125,9458,83,11,0,random_50,0,1
1,stress_random,20001,4381,4381,r_4381,0,qualified_ref,1,0,none,4560534375,4560550083,15708,3125,9458,83,11,0,random_50,0,1
1,stress_random,20001,4382,4382,r_4382,0,qualified_ref,1,0,none,4561559375,4561575083,15708,3125,9458,83,11,0,random_50,0,1
1,stress_random,20001,4383,4383,r_4383,0,qualified_ref,1,0,none,4562584375,4562600083,15708,3125,9458,83,11,0,random_50,0,1
1,stress_random,20001,4384,4384,r_4384,0,qualified_ref,1,0,none,4563609375,4563625083,15708,3125,9458,83,11,0,random_50,0,1
1,stress_random,20001,4385,4385,r_4385,0,qualified_ref,1,0,none,4564634375,4564650083,15708,3125,9458,83,11,0,random_50,0,1
1,stress_random,20001,4386,4386,r_4386,0,qualified_ref,1,0,none,4565659375,4565675083,15708,3125,9458,83,11,0,random_50,0,1
1,stress_random,20001,4387,4387,r_4387,0,qualified_ref,1,0,none,4566684375,4566700083,15708,3125,9458,83,11,0,random_50,0,1
1,stress_random,20001,4388,4388,r_4388,0,qualified_ref,1,0,none,4567709375,4567725083,15708,3125,9458,83,11,0,random_50,0,1
1,stress_random,20001,4389,4389,r_4389,0,qualified_ref,1,0,none,4568734375,4568750083,15708,3125,9458,83,11,0,random_50,0,1
1,stress_random,20001,4390,4390,r_4390,0,qualified_ref,1,0,none,4569759375,4569775083,15708,3125,9458,83,11,0,random_50,0,1
1,stress_random,20001,4391,4391,r_4391,0,qualified_ref,1,0,none,4570784375,4570800083,15708,3125,9458,83,11,0,random_50,0,1
1,stress_random,20001,4392,4392,r_4392,0,qualified_ref,1,0,none,4571809375,4571825083,15708,3125,9458,83,11,0,random_50,0,1
1,stress_random,20001,4393,4393,r_4393,0,qualified_ref,1,0,none,4572834375,4572850083,15708,3125,9458,83,11,0,random_50,0,1
1,stress_random,20001,4394,4394,r_4394,0,qualified_ref,1,0,none,4573859375,4573875083,15708,3125,9458,83,11,0,random_50,0,1
1,stress_random,20001,4395,4395,r_4395,0,qualified_ref,1,0,none,4574884375,4574900083,15708,3125,9458,83,11,0,random_50,0,1
1,stress_random,20001,4396,4396,r_4396,0,qualified_ref,1,0,none,4575909375,4575925083,15708,3125,9458,83,11,0,random_50,0,1
1,stress_random,20001,4397,4397,r_4397,0,qualified_ref,1,0,none,4576934375,4576950083,15708,3125,9458,83,11,0,random_50,0,1
1,stress_random,20001,4398,4398,r_4398,0,qualified_ref,1,0,none,4577959375,4577975083,15708,3125,9458,83,11,0,random_50,0,1
1,stress_random,20001,4399,4399,r_4399,0,qualified_ref,1,0,none,4578984375,4579000083,15708,3125,9458,83,11,0,random_50,0,1
1,stress_random,20001,4400,4400,r_4400,0,qualified_ref,1,0,none,4580009375,4580025083,15708,3125,9458,83,11,0,random_50,0,1
1,stress_random,20001,4401,4401,r_4401,0,qualified_ref,1,0,none,4581034375,4581050083,15708,3125,9458,83,11,0,random_50,0,1
1,stress_random,20001,4402,4402,r_4402,0,qualified_ref,1,0,none,4582059375,4582075083,15708,3125,9458,83,11,0,random_50,0,1
1,stress_random,20001,4403,4403,r_4403,0,qualified_ref,1,0,none,4583084375,4583100083,15708,3125,9458,83,11,0,random_50,0,1
1,stress_random,20001,4404,4404,r_4404,0,qualified_ref,1,0,none,4584109375,4584125083,15708,3125,9458,83,11,0,random_50,0,1
1,stress_random,20001,4405,4405,r_4405,0,qualified_ref,1,0,none,4585134375,4585150083,15708,3125,9458,83,11,0,random_50,0,1
1,stress_random,20001,4406,4406,r_4406,0,qualified_ref,1,0,none,4586159375,4586175083,15708,3125,9458,83,11,0,random_50,0,1
1,stress_random,20001,4407,4407,r_4407,0,qualified_ref,1,0,none,4587184375,4587200083,15708,3125,9458,83,11,0,random_50,0,1
1,stress_random,20001,4408,4408,r_4408,0,qualified_ref,1,0,none,4588209375,4588225083,15708,3125,9458,83,11,0,random_50,0,1
1,stress_random,20001,4409,4409,r_4409,0,qualified_ref,1,0,none,4589234375,4589250083,15708,3125,9458,83,11,0,random_50,0,1
1,stress_random,20001,4410,4410,r_4410,0,qualified_ref,1,0,none,4590259375,4590275083,15708,3125,9458,83,11,0,random_50,0,1
1,stress_random,20001,4411,4411,r_4411,0,qualified_ref,1,0,none,4591284375,4591300083,15708,3125,9458,83,11,0,random_50,0,1
1,stress_random,20001,4412,4412,r_4412,0,qualified_ref,1,0,none,4592309375,4592325083,15708,3125,9458,83,11,0,random_50,0,1
1,stress_random,20001,4413,4413,r_4413,0,qualified_ref,1,0,none,4593334375,4593350083,15708,3125,9458,83,11,0,random_50,0,1
1,stress_random,20001,4414,4414,r_4414,0,qualified_ref,1,0,none,4594359375,4594375083,15708,3125,9458,83,11,0,random_50,0,1
1,stress_random,20001,4415,4415,r_4415,0,qualified_ref,1,0,none,4595384375,4595400083,15708,3125,9458,83,11,0,random_50,0,1
1,stress_random,20001,4416,4416,r_4416,0,qualified_ref,1,0,none,4596409375,4596425083,15708,3125,9458,83,11,0,random_50,0,1
1,stress_random,20001,4417,4417,r_4417,0,qualified_ref,1,0,none,4597434375,4597450083,15708,3125,9458,83,11,0,random_50,0,1
1,stress_random,20001,4418,4418,r_4418,0,qualified_ref,1,0,none,4598459375,4598475083,15708,3125,9458,83,11,0,random_50,0,1
1,stress_random,20001,4419,4419,r_4419,0,qualified_ref,1,0,none,4599484375,4599500083,15708,3125,9458,83,11,0,random_50,0,1
1,stress_random,20001,4420,4420,r_4420,0,qualified_ref,1,0,none,4600509375,4600525083,15708,3125,9458,83,11,0,random_50,0,1
1,stress_random,20001,4421,4421,r_4421,0,qualified_ref,1,0,none,4601534375,4601550083,15708,3125,9458,83,11,0,random_50,0,1
1,stress_random,20001,4422,4422,r_4422,0,qualified_ref,1,0,none,4602559375,4602575083,15708,3125,9458,83,11,0,random_50,0,1
1,stress_random,20001,4423,4423,r_4423,0,qualified_ref,1,0,none,4603584375,4603600083,15708,3125,9458,83,11,0,random_50,0,1
1,stress_random,20001,4424,4424,r_4424,0,qualified_ref,1,0,none,4604609375,4604625083,15708,3125,9458,83,11,0,random_50,0,1
1,stress_random,20001,4425,4425,r_4425,0,qualified_ref,1,0,none,4605634375,4605650083,15708,3125,9458,83,11,0,random_50,0,1
1,stress_random,20001,4426,4426,r_4426,0,qualified_ref,1,0,none,4606659375,4606675083,15708,3125,9458,83,11,0,random_50,0,1
1,stress_random,20001,4427,4427,r_4427,0,qualified_ref,1,0,none,4607684375,4607700083,15708,3125,9458,83,11,0,random_50,0,1
1,stress_random,20001,4428,4428,r_4428,0,qualified_ref,1,0,none,4608709375,4608725083,15708,3125,9458,83,11,0,random_50,0,1
1,stress_random,20001,4429,4429,r_4429,0,qualified_ref,1,0,none,4609734375,4609750083,15708,3125,9458,83,11,0,random_50,0,1
1,stress_random,20001,4430,4430,r_4430,0,qualified_ref,1,0,none,4610759375,4610775083,15708,3125,9458,83,11,0,random_50,0,1
1,stress_random,20001,4431,4431,r_4431,0,qualified_ref,1,0,none,4611784375,4611800083,15708,3125,9458,83,11,0,random_50,0,1
1,stress_random,20001,4432,4432,r_4432,0,qualified_ref,1,0,none,4612809375,4612825083,15708,3125,9458,83,11,0,random_50,0,1
1,stress_random,20001,4433,4433,r_4433,0,qualified_ref,1,0,none,4613834375,4613850083,15708,3125,9458,83,11,0,random_50,0,1
1,stress_random,20001,4434,4434,r_4434,0,qualified_ref,1,0,none,4614859375,4614875083,15708,3125,9458,83,11,0,random_50,0,1
1,stress_random,20001,4435,4435,r_4435,0,qualified_ref,1,0,none,4615884375,4615900083,15708,3125,9458,83,11,0,random_50,0,1
1,stress_random,20001,4436,4436,r_4436,0,qualified_ref,1,0,none,4616909375,4616925083,15708,3125,9458,83,11,0,random_50,0,1
1,stress_random,20001,4437,4437,r_4437,0,qualified_ref,1,0,none,4617934375,4617950083,15708,3125,9458,83,11,0,random_50,0,1
1,stress_random,20001,4438,4438,r_4438,0,qualified_ref,1,0,none,4618959375,4618975083,15708,3125,9458,83,11,0,random_50,0,1
1,stress_random,20001,4439,4439,r_4439,0,qualified_ref,1,0,none,4619984375,4620000083,15708,3125,9458,83,11,0,random_50,0,1
1,stress_random,20001,4440,4440,r_4440,0,qualified_ref,1,0,none,4621009375,4621025083,15708,3125,9458,83,11,0,random_50,0,1
1,stress_random,20001,4441,4441,r_4441,0,qualified_ref,1,0,none,4622034375,4622050083,15708,3125,9458,83,11,0,random_50,0,1
1,stress_random,20001,4442,4442,r_4442,0,qualified_ref,1,0,none,4623059375,4623075083,15708,3125,9458,83,11,0,random_50,0,1
1,stress_random,20001,4443,4443,r_4443,0,qualified_ref,1,0,none,4624084375,4624100083,15708,3125,9458,83,11,0,random_50,0,1
1,stress_random,20001,4444,4444,r_4444,0,qualified_ref,1,0,none,4625109375,4625125083,15708,3125,9458,83,11,0,random_50,0,1
1,stress_random,20001,4445,4445,r_4445,0,qualified_ref,1,0,none,4626134375,4626150083,15708,3125,9458,83,11,0,random_50,0,1
1,stress_random,20001,4446,4446,r_4446,0,qualified_ref,1,0,none,4627159375,4627175083,15708,3125,9458,83,11,0,random_50,0,1
1,stress_random,20001,4447,4447,r_4447,0,qualified_ref,1,0,none,4628184375,4628200083,15708,3125,9458,83,11,0,random_50,0,1
1,stress_random,20001,4448,4448,r_4448,0,qualified_ref,1,0,none,4629209375,4629225083,15708,3125,9458,83,11,0,random_50,0,1
1,stress_random,20001,4449,4449,r_4449,0,qualified_ref,1,0,none,4630234375,4630250083,15708,3125,9458,83,11,0,random_50,0,1
1,stress_random,20001,4450,4450,r_4450,0,qualified_ref,1,0,none,4631259375,4631275083,15708,3125,9458,83,11,0,random_50,0,1
1,stress_random,20001,4451,4451,r_4451,0,qualified_ref,1,0,none,4632284375,4632300083,15708,3125,9458,83,11,0,random_50,0,1
1,stress_random,20001,4452,4452,r_4452,0,qualified_ref,1,0,none,4633309375,4633325083,15708,3125,9458,83,11,0,random_50,0,1
1,stress_random,20001,4453,4453,r_4453,0,qualified_ref,1,0,none,4634334375,4634350083,15708,3125,9458,83,11,0,random_50,0,1
1,stress_random,20001,4454,4454,r_4454,0,qualified_ref,1,0,none,4635359375,4635375083,15708,3125,9458,83,11,0,random_50,0,1
1,stress_random,20001,4455,4455,r_4455,0,qualified_ref,1,0,none,4636384375,4636400083,15708,3125,9458,83,11,0,random_50,0,1
1,stress_random,20001,4456,4456,r_4456,0,qualified_ref,1,0,none,4637409375,4637425083,15708,3125,9458,83,11,0,random_50,0,1
1,stress_random,20001,4457,4457,r_4457,0,qualified_ref,1,0,none,4638434375,4638450083,15708,3125,9458,83,11,0,random_50,0,1
1,stress_random,20001,4458,4458,r_4458,0,qualified_ref,1,0,none,4639459375,4639475083,15708,3125,9458,83,11,0,random_50,0,1
1,stress_random,20001,4459,4459,r_4459,0,qualified_ref,1,0,none,4640484375,4640500083,15708,3125,9458,83,11,0,random_50,0,1
1,stress_random,20001,4460,4460,r_4460,0,qualified_ref,1,0,none,4641509375,4641525083,15708,3125,9458,83,11,0,random_50,0,1
1,stress_random,20001,4461,4461,r_4461,0,qualified_ref,1,0,none,4642534375,4642550083,15708,3125,9458,83,11,0,random_50,0,1
1,stress_random,20001,4462,4462,r_4462,0,qualified_ref,1,0,none,4643559375,4643575083,15708,3125,9458,83,11,0,random_50,0,1
1,stress_random,20001,4463,4463,r_4463,0,qualified_ref,1,0,none,4644584375,4644600083,15708,3125,9458,83,11,0,random_50,0,1
1,stress_random,20001,4464,4464,r_4464,0,qualified_ref,1,0,none,4645609375,4645625083,15708,3125,9458,83,11,0,random_50,0,1
1,stress_random,20001,4465,4465,r_4465,0,qualified_ref,1,0,none,4646634375,4646650083,15708,3125,9458,83,11,0,random_50,0,1
1,stress_random,20001,4466,4466,r_4466,0,qualified_ref,1,0,none,4647659375,4647675083,15708,3125,9458,83,11,0,random_50,0,1
1,stress_random,20001,4467,4467,r_4467,0,qualified_ref,1,0,none,4648684375,4648700083,15708,3125,9458,83,11,0,random_50,0,1
1,stress_random,20001,4468,4468,r_4468,0,qualified_ref,1,0,none,4649709375,4649725083,15708,3125,9458,83,11,0,random_50,0,1
1,stress_random,20001,4469,4469,r_4469,0,qualified_ref,1,0,none,4650734375,4650750083,15708,3125,9458,83,11,0,random_50,0,1
1,stress_random,20001,4470,4470,r_4470,0,qualified_ref,1,0,none,4651759375,4651775083,15708,3125,9458,83,11,0,random_50,0,1
1,stress_random,20001,4471,4471,r_4471,0,qualified_ref,1,0,none,4652784375,4652800083,15708,3125,9458,83,11,0,random_50,0,1
1,stress_random,20001,4472,4472,r_4472,0,qualified_ref,1,0,none,4653809375,4653825083,15708,3125,9458,83,11,0,random_50,0,1
1,stress_random,20001,4473,4473,r_4473,0,qualified_ref,1,0,none,4654834375,4654850083,15708,3125,9458,83,11,0,random_50,0,1
1,stress_random,20001,4474,4474,r_4474,0,qualified_ref,1,0,none,4655859375,4655875083,15708,3125,9458,83,11,0,random_50,0,1
1,stress_random,20001,4475,4475,r_4475,0,qualified_ref,1,0,none,4656884375,4656900083,15708,3125,9458,83,11,0,random_50,0,1
1,stress_random,20001,4476,4476,r_4476,0,qualified_ref,1,0,none,4657909375,4657925083,15708,3125,9458,83,11,0,random_50,0,1
1,stress_random,20001,4477,4477,r_4477,0,qualified_ref,1,0,none,4658934375,4658950083,15708,3125,9458,83,11,0,random_50,0,1
1,stress_random,20001,4478,4478,r_4478,0,qualified_ref,1,0,none,4659959375,4659975083,15708,3125,9458,83,11,0,random_50,0,1
1,stress_random,20001,4479,4479,r_4479,0,qualified_ref,1,0,none,4660984375,4661000083,15708,3125,9458,83,11,0,random_50,0,1
1,stress_random,20001,4480,4480,r_4480,0,qualified_ref,1,0,none,4662009375,4662025083,15708,3125,9458,83,11,0,random_50,0,1
1,stress_random,20001,4481,4481,r_4481,0,qualified_ref,1,0,none,4663034375,4663050083,15708,3125,9458,83,11,0,random_50,0,1
1,stress_random,20001,4482,4482,r_4482,0,qualified_ref,1,0,none,4664059375,4664075083,15708,3125,9458,83,11,0,random_50,0,1
1,stress_random,20001,4483,4483,r_4483,0,qualified_ref,1,0,none,4665084375,4665100083,15708,3125,9458,83,11,0,random_50,0,1
1,stress_random,20001,4484,4484,r_4484,0,qualified_ref,1,0,none,4666109375,4666125083,15708,3125,9458,83,11,0,random_50,0,1
1,stress_random,20001,4485,4485,r_4485,0,qualified_ref,1,0,none,4667134375,4667150083,15708,3125,9458,83,11,0,random_50,0,1
1,stress_random,20001,4486,4486,r_4486,0,qualified_ref,1,0,none,4668159375,4668175083,15708,3125,9458,83,11,0,random_50,0,1
1,stress_random,20001,4487,4487,r_4487,0,qualified_ref,1,0,none,4669184375,4669200083,15708,3125,9458,83,11,0,random_50,0,1
1,stress_random,20001,4488,4488,r_4488,0,qualified_ref,1,0,none,4670209375,4670225083,15708,3125,9458,83,11,0,random_50,0,1
1,stress_random,20001,4489,4489,r_4489,0,qualified_ref,1,0,none,4671234375,4671250083,15708,3125,9458,83,11,0,random_50,0,1
1,stress_random,20001,4490,4490,r_4490,0,qualified_ref,1,0,none,4672259375,4672275083,15708,3125,9458,83,11,0,random_50,0,1
1,stress_random,20001,4491,4491,r_4491,0,qualified_ref,1,0,none,4673284375,4673300083,15708,3125,9458,83,11,0,random_50,0,1
1,stress_random,20001,4492,4492,r_4492,0,qualified_ref,1,0,none,4674309375,4674325083,15708,3125,9458,83,11,0,random_50,0,1
1,stress_random,20001,4493,4493,r_4493,0,qualified_ref,1,0,none,4675334375,4675350083,15708,3125,9458,83,11,0,random_50,0,1
1,stress_random,20001,4494,4494,r_4494,0,qualified_ref,1,0,none,4676359375,4676375083,15708,3125,9458,83,11,0,random_50,0,1
1,stress_random,20001,4495,4495,r_4495,0,qualified_ref,1,0,none,4677384375,4677400083,15708,3125,9458,83,11,0,random_50,0,1
1,stress_random,20001,4496,4496,r_4496,0,qualified_ref,1,0,none,4678409375,4678425083,15708,3125,9458,83,11,0,random_50,0,1
1,stress_random,20001,4497,4497,r_4497,0,qualified_ref,1,0,none,4679434375,4679450083,15708,3125,9458,83,11,0,random_50,0,1
1,stress_random,20001,4498,4498,r_4498,0,qualified_ref,1,0,none,4680459375,4680475083,15708,3125,9458,83,11,0,random_50,0,1
1,stress_random,20001,4499,4499,r_4499,0,qualified_ref,1,0,none,4681484375,4681500083,15708,3125,9458,83,11,0,random_50,0,1
1,stress_random,20001,4500,4500,r_4500,1,qualified_ref,1,0,none,4686609375,4686625083,15708,3125,9458,83,1,0,always_ready,0,1
1,stress_random,20001,4501,4501,r_4501,1,qualified_ref,1,0,none,4687634375,4687650083,15708,3125,9458,83,1,0,always_ready,0,1
1,stress_random,20001,4502,4502,r_4502,1,qualified_ref,1,0,none,4688659375,4688675083,15708,3125,9458,83,1,0,always_ready,0,1
1,stress_random,20001,4503,4503,r_4503,1,qualified_ref,1,0,none,4689684375,4689700083,15708,3125,9458,83,1,0,always_ready,0,1
1,stress_random,20001,4504,4504,r_4504,1,qualified_ref,1,0,none,4690709375,4690725083,15708,3125,9458,83,1,0,always_ready,0,1
1,stress_random,20001,4505,4505,r_4505,1,qualified_ref,1,0,none,4691734375,4691750083,15708,3125,9458,83,1,0,always_ready,0,1
1,stress_random,20001,4506,4506,r_4506,1,qualified_ref,1,0,none,4692759375,4692775083,15708,3125,9458,83,1,0,always_ready,0,1
1,stress_random,20001,4507,4507,r_4507,1,qualified_ref,1,0,none,4693784375,4693800083,15708,3125,9458,83,1,0,always_ready,0,1
1,stress_random,20001,4508,4508,r_4508,1,qualified_ref,1,0,none,4694809375,4694825083,15708,3125,9458,83,1,0,always_ready,0,1
1,stress_random,20001,4509,4509,r_4509,1,qualified_ref,1,0,none,4695834375,4695850083,15708,3125,9458,83,1,0,always_ready,0,1
1,stress_random,20001,4510,4510,r_4510,1,qualified_ref,1,0,none,4696859375,4696875083,15708,3125,9458,83,1,0,always_ready,0,1
1,stress_random,20001,4511,4511,r_4511,1,qualified_ref,1,0,none,4697884375,4697900083,15708,3125,9458,83,1,0,always_ready,0,1
1,stress_random,20001,4512,4512,r_4512,1,qualified_ref,1,0,none,4698909375,4698925083,15708,3125,9458,83,1,0,always_ready,0,1
1,stress_random,20001,4513,4513,r_4513,1,qualified_ref,1,0,none,4699934375,4699950083,15708,3125,9458,83,1,0,always_ready,0,1
1,stress_random,20001,4514,4514,r_4514,1,qualified_ref,1,0,none,4700959375,4700975083,15708,3125,9458,83,1,0,always_ready,0,1
1,stress_random,20001,4515,4515,r_4515,1,qualified_ref,1,0,none,4701984375,4702000083,15708,3125,9458,83,1,0,always_ready,0,1
1,stress_random,20001,4516,4516,r_4516,1,qualified_ref,1,0,none,4703009375,4703025083,15708,3125,9458,83,1,0,always_ready,0,1
1,stress_random,20001,4517,4517,r_4517,1,qualified_ref,1,0,none,4704034375,4704050083,15708,3125,9458,83,1,0,always_ready,0,1
1,stress_random,20001,4518,4518,r_4518,1,qualified_ref,1,0,none,4705059375,4705075083,15708,3125,9458,83,1,0,always_ready,0,1
1,stress_random,20001,4519,4519,r_4519,1,qualified_ref,1,0,none,4706084375,4706100083,15708,3125,9458,83,1,0,always_ready,0,1
1,stress_random,20001,4520,4520,r_4520,1,qualified_ref,1,0,none,4707109375,4707125083,15708,3125,9458,83,1,0,always_ready,0,1
1,stress_random,20001,4521,4521,r_4521,1,qualified_ref,1,0,none,4708134375,4708150083,15708,3125,9458,83,1,0,always_ready,0,1
1,stress_random,20001,4522,4522,r_4522,1,qualified_ref,1,0,none,4709159375,4709175083,15708,3125,9458,83,1,0,always_ready,0,1
1,stress_random,20001,4523,4523,r_4523,1,qualified_ref,1,0,none,4710184375,4710200083,15708,3125,9458,83,1,0,always_ready,0,1
1,stress_random,20001,4524,4524,r_4524,1,qualified_ref,1,0,none,4711209375,4711225083,15708,3125,9458,83,1,0,always_ready,0,1
1,stress_random,20001,4525,4525,r_4525,1,qualified_ref,1,0,none,4712234375,4712250083,15708,3125,9458,83,1,0,always_ready,0,1
1,stress_random,20001,4526,4526,r_4526,1,qualified_ref,1,0,none,4713259375,4713275083,15708,3125,9458,83,1,0,always_ready,0,1
1,stress_random,20001,4527,4527,r_4527,1,qualified_ref,1,0,none,4714284375,4714300083,15708,3125,9458,83,1,0,always_ready,0,1
1,stress_random,20001,4528,4528,r_4528,1,qualified_ref,1,0,none,4715309375,4715325083,15708,3125,9458,83,1,0,always_ready,0,1
1,stress_random,20001,4529,4529,r_4529,1,qualified_ref,1,0,none,4716334375,4716350083,15708,3125,9458,83,1,0,always_ready,0,1
1,stress_random,20001,4530,4530,r_4530,1,qualified_ref,1,0,none,4717359375,4717375083,15708,3125,9458,83,1,0,always_ready,0,1
1,stress_random,20001,4531,4531,r_4531,1,qualified_ref,1,0,none,4718384375,4718400083,15708,3125,9458,83,1,0,always_ready,0,1
1,stress_random,20001,4532,4532,r_4532,1,qualified_ref,1,0,none,4719409375,4719425083,15708,3125,9458,83,1,0,always_ready,0,1
1,stress_random,20001,4533,4533,r_4533,1,qualified_ref,1,0,none,4720434375,4720450083,15708,3125,9458,83,1,0,always_ready,0,1
1,stress_random,20001,4534,4534,r_4534,1,qualified_ref,1,0,none,4721459375,4721475083,15708,3125,9458,83,1,0,always_ready,0,1
1,stress_random,20001,4535,4535,r_4535,1,qualified_ref,1,0,none,4722484375,4722500083,15708,3125,9458,83,1,0,always_ready,0,1
1,stress_random,20001,4536,4536,r_4536,1,qualified_ref,1,0,none,4723509375,4723525083,15708,3125,9458,83,1,0,always_ready,0,1
1,stress_random,20001,4537,4537,r_4537,1,qualified_ref,1,0,none,4724534375,4724550083,15708,3125,9458,83,1,0,always_ready,0,1
1,stress_random,20001,4538,4538,r_4538,1,qualified_ref,1,0,none,4725559375,4725575083,15708,3125,9458,83,1,0,always_ready,0,1
1,stress_random,20001,4539,4539,r_4539,1,qualified_ref,1,0,none,4726584375,4726600083,15708,3125,9458,83,1,0,always_ready,0,1
1,stress_random,20001,4540,4540,r_4540,1,qualified_ref,1,0,none,4727609375,4727625083,15708,3125,9458,83,1,0,always_ready,0,1
1,stress_random,20001,4541,4541,r_4541,1,qualified_ref,1,0,none,4728634375,4728650083,15708,3125,9458,83,1,0,always_ready,0,1
1,stress_random,20001,4542,4542,r_4542,1,qualified_ref,1,0,none,4729659375,4729675083,15708,3125,9458,83,1,0,always_ready,0,1
1,stress_random,20001,4543,4543,r_4543,1,qualified_ref,1,0,none,4730684375,4730700083,15708,3125,9458,83,1,0,always_ready,0,1
1,stress_random,20001,4544,4544,r_4544,1,qualified_ref,1,0,none,4731709375,4731725083,15708,3125,9458,83,1,0,always_ready,0,1
1,stress_random,20001,4545,4545,r_4545,1,qualified_ref,1,0,none,4732734375,4732750083,15708,3125,9458,83,1,0,always_ready,0,1
1,stress_random,20001,4546,4546,r_4546,1,qualified_ref,1,0,none,4733759375,4733775083,15708,3125,9458,83,1,0,always_ready,0,1
1,stress_random,20001,4547,4547,r_4547,1,qualified_ref,1,0,none,4734784375,4734800083,15708,3125,9458,83,1,0,always_ready,0,1
1,stress_random,20001,4548,4548,r_4548,1,qualified_ref,1,0,none,4735809375,4735825083,15708,3125,9458,83,1,0,always_ready,0,1
1,stress_random,20001,4549,4549,r_4549,1,qualified_ref,1,0,none,4736834375,4736850083,15708,3125,9458,83,1,0,always_ready,0,1
1,stress_random,20001,4550,4550,r_4550,1,qualified_ref,1,0,none,4737859375,4737875083,15708,3125,9458,83,1,0,always_ready,0,1
1,stress_random,20001,4551,4551,r_4551,1,qualified_ref,1,0,none,4738884375,4738900083,15708,3125,9458,83,1,0,always_ready,0,1
1,stress_random,20001,4552,4552,r_4552,1,qualified_ref,1,0,none,4739909375,4739925083,15708,3125,9458,83,1,0,always_ready,0,1
1,stress_random,20001,4553,4553,r_4553,1,qualified_ref,1,0,none,4740934375,4740950083,15708,3125,9458,83,1,0,always_ready,0,1
1,stress_random,20001,4554,4554,r_4554,1,qualified_ref,1,0,none,4741959375,4741975083,15708,3125,9458,83,1,0,always_ready,0,1
1,stress_random,20001,4555,4555,r_4555,1,qualified_ref,1,0,none,4742984375,4743000083,15708,3125,9458,83,1,0,always_ready,0,1
1,stress_random,20001,4556,4556,r_4556,1,qualified_ref,1,0,none,4744009375,4744025083,15708,3125,9458,83,1,0,always_ready,0,1
1,stress_random,20001,4557,4557,r_4557,1,qualified_ref,1,0,none,4745034375,4745050083,15708,3125,9458,83,1,0,always_ready,0,1
1,stress_random,20001,4558,4558,r_4558,1,qualified_ref,1,0,none,4746059375,4746075083,15708,3125,9458,83,1,0,always_ready,0,1
1,stress_random,20001,4559,4559,r_4559,1,qualified_ref,1,0,none,4747084375,4747100083,15708,3125,9458,83,1,0,always_ready,0,1
1,stress_random,20001,4560,4560,r_4560,1,qualified_ref,1,0,none,4748109375,4748125083,15708,3125,9458,83,1,0,always_ready,0,1
1,stress_random,20001,4561,4561,r_4561,1,qualified_ref,1,0,none,4749134375,4749150083,15708,3125,9458,83,1,0,always_ready,0,1
1,stress_random,20001,4562,4562,r_4562,1,qualified_ref,1,0,none,4750159375,4750175083,15708,3125,9458,83,1,0,always_ready,0,1
1,stress_random,20001,4563,4563,r_4563,1,qualified_ref,1,0,none,4751184375,4751200083,15708,3125,9458,83,1,0,always_ready,0,1
1,stress_random,20001,4564,4564,r_4564,1,qualified_ref,1,0,none,4752209375,4752225083,15708,3125,9458,83,1,0,always_ready,0,1
1,stress_random,20001,4565,4565,r_4565,1,qualified_ref,1,0,none,4753234375,4753250083,15708,3125,9458,83,1,0,always_ready,0,1
1,stress_random,20001,4566,4566,r_4566,1,qualified_ref,1,0,none,4754259375,4754275083,15708,3125,9458,83,1,0,always_ready,0,1
1,stress_random,20001,4567,4567,r_4567,1,qualified_ref,1,0,none,4755284375,4755300083,15708,3125,9458,83,1,0,always_ready,0,1
1,stress_random,20001,4568,4568,r_4568,1,qualified_ref,1,0,none,4756309375,4756325083,15708,3125,9458,83,1,0,always_ready,0,1
1,stress_random,20001,4569,4569,r_4569,1,qualified_ref,1,0,none,4757334375,4757350083,15708,3125,9458,83,1,0,always_ready,0,1
1,stress_random,20001,4570,4570,r_4570,1,qualified_ref,1,0,none,4758359375,4758375083,15708,3125,9458,83,1,0,always_ready,0,1
1,stress_random,20001,4571,4571,r_4571,1,qualified_ref,1,0,none,4759384375,4759400083,15708,3125,9458,83,1,0,always_ready,0,1
1,stress_random,20001,4572,4572,r_4572,1,qualified_ref,1,0,none,4760409375,4760425083,15708,3125,9458,83,1,0,always_ready,0,1
1,stress_random,20001,4573,4573,r_4573,1,qualified_ref,1,0,none,4761434375,4761450083,15708,3125,9458,83,1,0,always_ready,0,1
1,stress_random,20001,4574,4574,r_4574,1,qualified_ref,1,0,none,4762459375,4762475083,15708,3125,9458,83,1,0,always_ready,0,1
1,stress_random,20001,4575,4575,r_4575,1,qualified_ref,1,0,none,4763484375,4763500083,15708,3125,9458,83,1,0,always_ready,0,1
1,stress_random,20001,4576,4576,r_4576,1,qualified_ref,1,0,none,4764509375,4764525083,15708,3125,9458,83,1,0,always_ready,0,1
1,stress_random,20001,4577,4577,r_4577,1,qualified_ref,1,0,none,4765534375,4765550083,15708,3125,9458,83,1,0,always_ready,0,1
1,stress_random,20001,4578,4578,r_4578,1,qualified_ref,1,0,none,4766559375,4766575083,15708,3125,9458,83,1,0,always_ready,0,1
1,stress_random,20001,4579,4579,r_4579,1,qualified_ref,1,0,none,4767584375,4767600083,15708,3125,9458,83,1,0,always_ready,0,1
1,stress_random,20001,4580,4580,r_4580,1,qualified_ref,1,0,none,4768609375,4768625083,15708,3125,9458,83,1,0,always_ready,0,1
1,stress_random,20001,4581,4581,r_4581,1,qualified_ref,1,0,none,4769634375,4769650083,15708,3125,9458,83,1,0,always_ready,0,1
1,stress_random,20001,4582,4582,r_4582,1,qualified_ref,1,0,none,4770659375,4770675083,15708,3125,9458,83,1,0,always_ready,0,1
1,stress_random,20001,4583,4583,r_4583,1,qualified_ref,1,0,none,4771684375,4771700083,15708,3125,9458,83,1,0,always_ready,0,1
1,stress_random,20001,4584,4584,r_4584,1,qualified_ref,1,0,none,4772709375,4772725083,15708,3125,9458,83,1,0,always_ready,0,1
1,stress_random,20001,4585,4585,r_4585,1,qualified_ref,1,0,none,4773734375,4773750083,15708,3125,9458,83,1,0,always_ready,0,1
1,stress_random,20001,4586,4586,r_4586,1,qualified_ref,1,0,none,4774759375,4774775083,15708,3125,9458,83,1,0,always_ready,0,1
1,stress_random,20001,4587,4587,r_4587,1,qualified_ref,1,0,none,4775784375,4775800083,15708,3125,9458,83,1,0,always_ready,0,1
1,stress_random,20001,4588,4588,r_4588,1,qualified_ref,1,0,none,4776809375,4776825083,15708,3125,9458,83,1,0,always_ready,0,1
1,stress_random,20001,4589,4589,r_4589,1,qualified_ref,1,0,none,4777834375,4777850083,15708,3125,9458,83,1,0,always_ready,0,1
1,stress_random,20001,4590,4590,r_4590,1,qualified_ref,1,0,none,4778859375,4778875083,15708,3125,9458,83,1,0,always_ready,0,1
1,stress_random,20001,4591,4591,r_4591,1,qualified_ref,1,0,none,4779884375,4779900083,15708,3125,9458,83,1,0,always_ready,0,1
1,stress_random,20001,4592,4592,r_4592,1,qualified_ref,1,0,none,4780909375,4780925083,15708,3125,9458,83,1,0,always_ready,0,1
1,stress_random,20001,4593,4593,r_4593,1,qualified_ref,1,0,none,4781934375,4781950083,15708,3125,9458,83,1,0,always_ready,0,1
1,stress_random,20001,4594,4594,r_4594,1,qualified_ref,1,0,none,4782959375,4782975083,15708,3125,9458,83,1,0,always_ready,0,1
1,stress_random,20001,4595,4595,r_4595,1,qualified_ref,1,0,none,4783984375,4784000083,15708,3125,9458,83,1,0,always_ready,0,1
1,stress_random,20001,4596,4596,r_4596,1,qualified_ref,1,0,none,4785009375,4785025083,15708,3125,9458,83,1,0,always_ready,0,1
1,stress_random,20001,4597,4597,r_4597,1,qualified_ref,1,0,none,4786034375,4786050083,15708,3125,9458,83,1,0,always_ready,0,1
1,stress_random,20001,4598,4598,r_4598,1,qualified_ref,1,0,none,4787059375,4787075083,15708,3125,9458,83,1,0,always_ready,0,1
1,stress_random,20001,4599,4599,r_4599,1,qualified_ref,1,0,none,4788084375,4788100083,15708,3125,9458,83,1,0,always_ready,0,1
1,stress_random,20001,4600,4600,r_4600,1,qualified_ref,1,0,none,4789109375,4789125083,15708,3125,9458,83,1,0,always_ready,0,1
1,stress_random,20001,4601,4601,r_4601,1,qualified_ref,1,0,none,4790134375,4790150083,15708,3125,9458,83,1,0,always_ready,0,1
1,stress_random,20001,4602,4602,r_4602,1,qualified_ref,1,0,none,4791159375,4791175083,15708,3125,9458,83,1,0,always_ready,0,1
1,stress_random,20001,4603,4603,r_4603,1,qualified_ref,1,0,none,4792184375,4792200083,15708,3125,9458,83,1,0,always_ready,0,1
1,stress_random,20001,4604,4604,r_4604,1,qualified_ref,1,0,none,4793209375,4793225083,15708,3125,9458,83,1,0,always_ready,0,1
1,stress_random,20001,4605,4605,r_4605,1,qualified_ref,1,0,none,4794234375,4794250083,15708,3125,9458,83,1,0,always_ready,0,1
1,stress_random,20001,4606,4606,r_4606,1,qualified_ref,1,0,none,4795259375,4795275083,15708,3125,9458,83,1,0,always_ready,0,1
1,stress_random,20001,4607,4607,r_4607,1,qualified_ref,1,0,none,4796284375,4796300083,15708,3125,9458,83,1,0,always_ready,0,1
1,stress_random,20001,4608,4608,r_4608,1,qualified_ref,1,0,none,4797309375,4797325083,15708,3125,9458,83,1,0,always_ready,0,1
1,stress_random,20001,4609,4609,r_4609,1,qualified_ref,1,0,none,4798334375,4798350083,15708,3125,9458,83,1,0,always_ready,0,1
1,stress_random,20001,4610,4610,r_4610,1,qualified_ref,1,0,none,4799359375,4799375083,15708,3125,9458,83,1,0,always_ready,0,1
1,stress_random,20001,4611,4611,r_4611,1,qualified_ref,1,0,none,4800384375,4800400083,15708,3125,9458,83,1,0,always_ready,0,1
1,stress_random,20001,4612,4612,r_4612,1,qualified_ref,1,0,none,4801409375,4801425083,15708,3125,9458,83,1,0,always_ready,0,1
1,stress_random,20001,4613,4613,r_4613,1,qualified_ref,1,0,none,4802434375,4802450083,15708,3125,9458,83,1,0,always_ready,0,1
1,stress_random,20001,4614,4614,r_4614,1,qualified_ref,1,0,none,4803459375,4803475083,15708,3125,9458,83,1,0,always_ready,0,1
1,stress_random,20001,4615,4615,r_4615,1,qualified_ref,1,0,none,4804484375,4804500083,15708,3125,9458,83,1,0,always_ready,0,1
1,stress_random,20001,4616,4616,r_4616,1,qualified_ref,1,0,none,4805509375,4805525083,15708,3125,9458,83,1,0,always_ready,0,1
1,stress_random,20001,4617,4617,r_4617,1,qualified_ref,1,0,none,4806534375,4806550083,15708,3125,9458,83,1,0,always_ready,0,1
1,stress_random,20001,4618,4618,r_4618,1,qualified_ref,1,0,none,4807559375,4807575083,15708,3125,9458,83,1,0,always_ready,0,1
1,stress_random,20001,4619,4619,r_4619,1,qualified_ref,1,0,none,4808584375,4808600083,15708,3125,9458,83,1,0,always_ready,0,1
1,stress_random,20001,4620,4620,r_4620,1,qualified_ref,1,0,none,4809609375,4809625083,15708,3125,9458,83,1,0,always_ready,0,1
1,stress_random,20001,4621,4621,r_4621,1,qualified_ref,1,0,none,4810634375,4810650083,15708,3125,9458,83,1,0,always_ready,0,1
1,stress_random,20001,4622,4622,r_4622,1,qualified_ref,1,0,none,4811659375,4811675083,15708,3125,9458,83,1,0,always_ready,0,1
1,stress_random,20001,4623,4623,r_4623,1,qualified_ref,1,0,none,4812684375,4812700083,15708,3125,9458,83,1,0,always_ready,0,1
1,stress_random,20001,4624,4624,r_4624,1,qualified_ref,1,0,none,4813709375,4813725083,15708,3125,9458,83,1,0,always_ready,0,1
1,stress_random,20001,4625,4625,r_4625,1,qualified_ref,1,0,none,4814734375,4814750083,15708,3125,9458,83,1,0,always_ready,0,1
1,stress_random,20001,4626,4626,r_4626,1,qualified_ref,1,0,none,4815759375,4815775083,15708,3125,9458,83,1,0,always_ready,0,1
1,stress_random,20001,4627,4627,r_4627,1,qualified_ref,1,0,none,4816784375,4816800083,15708,3125,9458,83,1,0,always_ready,0,1
1,stress_random,20001,4628,4628,r_4628,1,qualified_ref,1,0,none,4817809375,4817825083,15708,3125,9458,83,1,0,always_ready,0,1
1,stress_random,20001,4629,4629,r_4629,1,qualified_ref,1,0,none,4818834375,4818850083,15708,3125,9458,83,1,0,always_ready,0,1
1,stress_random,20001,4630,4630,r_4630,1,qualified_ref,1,0,none,4819859375,4819875083,15708,3125,9458,83,1,0,always_ready,0,1
1,stress_random,20001,4631,4631,r_4631,1,qualified_ref,1,0,none,4820884375,4820900083,15708,3125,9458,83,1,0,always_ready,0,1
1,stress_random,20001,4632,4632,r_4632,1,qualified_ref,1,0,none,4821909375,4821925083,15708,3125,9458,83,1,0,always_ready,0,1
1,stress_random,20001,4633,4633,r_4633,1,qualified_ref,1,0,none,4822934375,4822950083,15708,3125,9458,83,1,0,always_ready,0,1
1,stress_random,20001,4634,4634,r_4634,1,qualified_ref,1,0,none,4823959375,4823975083,15708,3125,9458,83,1,0,always_ready,0,1
1,stress_random,20001,4635,4635,r_4635,1,qualified_ref,1,0,none,4824984375,4825000083,15708,3125,9458,83,1,0,always_ready,0,1
1,stress_random,20001,4636,4636,r_4636,1,qualified_ref,1,0,none,4826009375,4826025083,15708,3125,9458,83,1,0,always_ready,0,1
1,stress_random,20001,4637,4637,r_4637,1,qualified_ref,1,0,none,4827034375,4827050083,15708,3125,9458,83,1,0,always_ready,0,1
1,stress_random,20001,4638,4638,r_4638,1,qualified_ref,1,0,none,4828059375,4828075083,15708,3125,9458,83,1,0,always_ready,0,1
1,stress_random,20001,4639,4639,r_4639,1,qualified_ref,1,0,none,4829084375,4829100083,15708,3125,9458,83,1,0,always_ready,0,1
1,stress_random,20001,4640,4640,r_4640,1,qualified_ref,1,0,none,4830109375,4830125083,15708,3125,9458,83,1,0,always_ready,0,1
1,stress_random,20001,4641,4641,r_4641,1,qualified_ref,1,0,none,4831134375,4831150083,15708,3125,9458,83,1,0,always_ready,0,1
1,stress_random,20001,4642,4642,r_4642,1,qualified_ref,1,0,none,4832159375,4832175083,15708,3125,9458,83,1,0,always_ready,0,1
1,stress_random,20001,4643,4643,r_4643,1,qualified_ref,1,0,none,4833184375,4833200083,15708,3125,9458,83,1,0,always_ready,0,1
1,stress_random,20001,4644,4644,r_4644,1,qualified_ref,1,0,none,4834209375,4834225083,15708,3125,9458,83,1,0,always_ready,0,1
1,stress_random,20001,4645,4645,r_4645,1,qualified_ref,1,0,none,4835234375,4835250083,15708,3125,9458,83,1,0,always_ready,0,1
1,stress_random,20001,4646,4646,r_4646,1,qualified_ref,1,0,none,4836259375,4836275083,15708,3125,9458,83,1,0,always_ready,0,1
1,stress_random,20001,4647,4647,r_4647,1,qualified_ref,1,0,none,4837284375,4837300083,15708,3125,9458,83,1,0,always_ready,0,1
1,stress_random,20001,4648,4648,r_4648,1,qualified_ref,1,0,none,4838309375,4838325083,15708,3125,9458,83,1,0,always_ready,0,1
1,stress_random,20001,4649,4649,r_4649,1,qualified_ref,1,0,none,4839334375,4839350083,15708,3125,9458,83,1,0,always_ready,0,1
1,stress_random,20001,4650,4650,r_4650,1,qualified_ref,1,0,none,4840359375,4840375083,15708,3125,9458,83,1,0,always_ready,0,1
1,stress_random,20001,4651,4651,r_4651,1,qualified_ref,1,0,none,4841384375,4841400083,15708,3125,9458,83,1,0,always_ready,0,1
1,stress_random,20001,4652,4652,r_4652,1,qualified_ref,1,0,none,4842409375,4842425083,15708,3125,9458,83,1,0,always_ready,0,1
1,stress_random,20001,4653,4653,r_4653,1,qualified_ref,1,0,none,4843434375,4843450083,15708,3125,9458,83,1,0,always_ready,0,1
1,stress_random,20001,4654,4654,r_4654,1,qualified_ref,1,0,none,4844459375,4844475083,15708,3125,9458,83,1,0,always_ready,0,1
1,stress_random,20001,4655,4655,r_4655,1,qualified_ref,1,0,none,4845484375,4845500083,15708,3125,9458,83,1,0,always_ready,0,1
1,stress_random,20001,4656,4656,r_4656,1,qualified_ref,1,0,none,4846509375,4846525083,15708,3125,9458,83,1,0,always_ready,0,1
1,stress_random,20001,4657,4657,r_4657,1,qualified_ref,1,0,none,4847534375,4847550083,15708,3125,9458,83,1,0,always_ready,0,1
1,stress_random,20001,4658,4658,r_4658,1,qualified_ref,1,0,none,4848559375,4848575083,15708,3125,9458,83,1,0,always_ready,0,1
1,stress_random,20001,4659,4659,r_4659,1,qualified_ref,1,0,none,4849584375,4849600083,15708,3125,9458,83,1,0,always_ready,0,1
1,stress_random,20001,4660,4660,r_4660,1,qualified_ref,1,0,none,4850609375,4850625083,15708,3125,9458,83,1,0,always_ready,0,1
1,stress_random,20001,4661,4661,r_4661,1,qualified_ref,1,0,none,4851634375,4851650083,15708,3125,9458,83,1,0,always_ready,0,1
1,stress_random,20001,4662,4662,r_4662,1,qualified_ref,1,0,none,4852659375,4852675083,15708,3125,9458,83,1,0,always_ready,0,1
1,stress_random,20001,4663,4663,r_4663,1,qualified_ref,1,0,none,4853684375,4853700083,15708,3125,9458,83,1,0,always_ready,0,1
1,stress_random,20001,4664,4664,r_4664,1,qualified_ref,1,0,none,4854709375,4854725083,15708,3125,9458,83,1,0,always_ready,0,1
1,stress_random,20001,4665,4665,r_4665,1,qualified_ref,1,0,none,4855734375,4855750083,15708,3125,9458,83,1,0,always_ready,0,1
1,stress_random,20001,4666,4666,r_4666,1,qualified_ref,1,0,none,4856759375,4856775083,15708,3125,9458,83,1,0,always_ready,0,1
1,stress_random,20001,4667,4667,r_4667,1,qualified_ref,1,0,none,4857784375,4857800083,15708,3125,9458,83,1,0,always_ready,0,1
1,stress_random,20001,4668,4668,r_4668,1,qualified_ref,1,0,none,4858809375,4858825083,15708,3125,9458,83,1,0,always_ready,0,1
1,stress_random,20001,4669,4669,r_4669,1,qualified_ref,1,0,none,4859834375,4859850083,15708,3125,9458,83,1,0,always_ready,0,1
1,stress_random,20001,4670,4670,r_4670,1,qualified_ref,1,0,none,4860859375,4860875083,15708,3125,9458,83,1,0,always_ready,0,1
1,stress_random,20001,4671,4671,r_4671,1,qualified_ref,1,0,none,4861884375,4861900083,15708,3125,9458,83,1,0,always_ready,0,1
1,stress_random,20001,4672,4672,r_4672,1,qualified_ref,1,0,none,4862909375,4862925083,15708,3125,9458,83,1,0,always_ready,0,1
1,stress_random,20001,4673,4673,r_4673,1,qualified_ref,1,0,none,4863934375,4863950083,15708,3125,9458,83,1,0,always_ready,0,1
1,stress_random,20001,4674,4674,r_4674,1,qualified_ref,1,0,none,4864959375,4864975083,15708,3125,9458,83,1,0,always_ready,0,1
1,stress_random,20001,4675,4675,r_4675,1,qualified_ref,1,0,none,4865984375,4866000083,15708,3125,9458,83,1,0,always_ready,0,1
1,stress_random,20001,4676,4676,r_4676,1,qualified_ref,1,0,none,4867009375,4867025083,15708,3125,9458,83,1,0,always_ready,0,1
1,stress_random,20001,4677,4677,r_4677,1,qualified_ref,1,0,none,4868034375,4868050083,15708,3125,9458,83,1,0,always_ready,0,1
1,stress_random,20001,4678,4678,r_4678,1,qualified_ref,1,0,none,4869059375,4869075083,15708,3125,9458,83,1,0,always_ready,0,1
1,stress_random,20001,4679,4679,r_4679,1,qualified_ref,1,0,none,4870084375,4870100083,15708,3125,9458,83,1,0,always_ready,0,1
1,stress_random,20001,4680,4680,r_4680,1,qualified_ref,1,0,none,4871109375,4871125083,15708,3125,9458,83,1,0,always_ready,0,1
1,stress_random,20001,4681,4681,r_4681,1,qualified_ref,1,0,none,4872134375,4872150083,15708,3125,9458,83,1,0,always_ready,0,1
1,stress_random,20001,4682,4682,r_4682,1,qualified_ref,1,0,none,4873159375,4873175083,15708,3125,9458,83,1,0,always_ready,0,1
1,stress_random,20001,4683,4683,r_4683,1,qualified_ref,1,0,none,4874184375,4874200083,15708,3125,9458,83,1,0,always_ready,0,1
1,stress_random,20001,4684,4684,r_4684,1,qualified_ref,1,0,none,4875209375,4875225083,15708,3125,9458,83,1,0,always_ready,0,1
1,stress_random,20001,4685,4685,r_4685,1,qualified_ref,1,0,none,4876234375,4876250083,15708,3125,9458,83,1,0,always_ready,0,1
1,stress_random,20001,4686,4686,r_4686,1,qualified_ref,1,0,none,4877259375,4877275083,15708,3125,9458,83,1,0,always_ready,0,1
1,stress_random,20001,4687,4687,r_4687,1,qualified_ref,1,0,none,4878284375,4878300083,15708,3125,9458,83,1,0,always_ready,0,1
1,stress_random,20001,4688,4688,r_4688,1,qualified_ref,1,0,none,4879309375,4879325083,15708,3125,9458,83,1,0,always_ready,0,1
1,stress_random,20001,4689,4689,r_4689,1,qualified_ref,1,0,none,4880334375,4880350083,15708,3125,9458,83,1,0,always_ready,0,1
1,stress_random,20001,4690,4690,r_4690,1,qualified_ref,1,0,none,4881359375,4881375083,15708,3125,9458,83,1,0,always_ready,0,1
1,stress_random,20001,4691,4691,r_4691,1,qualified_ref,1,0,none,4882384375,4882400083,15708,3125,9458,83,1,0,always_ready,0,1
1,stress_random,20001,4692,4692,r_4692,1,qualified_ref,1,0,none,4883409375,4883425083,15708,3125,9458,83,1,0,always_ready,0,1
1,stress_random,20001,4693,4693,r_4693,1,qualified_ref,1,0,none,4884434375,4884450083,15708,3125,9458,83,1,0,always_ready,0,1
1,stress_random,20001,4694,4694,r_4694,1,qualified_ref,1,0,none,4885459375,4885475083,15708,3125,9458,83,1,0,always_ready,0,1
1,stress_random,20001,4695,4695,r_4695,1,qualified_ref,1,0,none,4886484375,4886500083,15708,3125,9458,83,1,0,always_ready,0,1
1,stress_random,20001,4696,4696,r_4696,1,qualified_ref,1,0,none,4887509375,4887525083,15708,3125,9458,83,1,0,always_ready,0,1
1,stress_random,20001,4697,4697,r_4697,1,qualified_ref,1,0,none,4888534375,4888550083,15708,3125,9458,83,1,0,always_ready,0,1
1,stress_random,20001,4698,4698,r_4698,1,qualified_ref,1,0,none,4889559375,4889575083,15708,3125,9458,83,1,0,always_ready,0,1
1,stress_random,20001,4699,4699,r_4699,1,qualified_ref,1,0,none,4890584375,4890600083,15708,3125,9458,83,1,0,always_ready,0,1
1,stress_random,20001,4700,4700,r_4700,1,qualified_ref,1,0,none,4891609375,4891625083,15708,3125,9458,83,1,0,always_ready,0,1
1,stress_random,20001,4701,4701,r_4701,1,qualified_ref,1,0,none,4892634375,4892650083,15708,3125,9458,83,1,0,always_ready,0,1
1,stress_random,20001,4702,4702,r_4702,1,qualified_ref,1,0,none,4893659375,4893675083,15708,3125,9458,83,1,0,always_ready,0,1
1,stress_random,20001,4703,4703,r_4703,1,qualified_ref,1,0,none,4894684375,4894700083,15708,3125,9458,83,1,0,always_ready,0,1
1,stress_random,20001,4704,4704,r_4704,1,qualified_ref,1,0,none,4895709375,4895725083,15708,3125,9458,83,1,0,always_ready,0,1
1,stress_random,20001,4705,4705,r_4705,1,qualified_ref,1,0,none,4896734375,4896750083,15708,3125,9458,83,1,0,always_ready,0,1
1,stress_random,20001,4706,4706,r_4706,1,qualified_ref,1,0,none,4897759375,4897775083,15708,3125,9458,83,1,0,always_ready,0,1
1,stress_random,20001,4707,4707,r_4707,1,qualified_ref,1,0,none,4898784375,4898800083,15708,3125,9458,83,1,0,always_ready,0,1
1,stress_random,20001,4708,4708,r_4708,1,qualified_ref,1,0,none,4899809375,4899825083,15708,3125,9458,83,1,0,always_ready,0,1
1,stress_random,20001,4709,4709,r_4709,1,qualified_ref,1,0,none,4900834375,4900850083,15708,3125,9458,83,1,0,always_ready,0,1
1,stress_random,20001,4710,4710,r_4710,1,qualified_ref,1,0,none,4901859375,4901875083,15708,3125,9458,83,1,0,always_ready,0,1
1,stress_random,20001,4711,4711,r_4711,1,qualified_ref,1,0,none,4902884375,4902900083,15708,3125,9458,83,1,0,always_ready,0,1
1,stress_random,20001,4712,4712,r_4712,1,qualified_ref,1,0,none,4903909375,4903925083,15708,3125,9458,83,1,0,always_ready,0,1
1,stress_random,20001,4713,4713,r_4713,1,qualified_ref,1,0,none,4904934375,4904950083,15708,3125,9458,83,1,0,always_ready,0,1
1,stress_random,20001,4714,4714,r_4714,1,qualified_ref,1,0,none,4905959375,4905975083,15708,3125,9458,83,1,0,always_ready,0,1
1,stress_random,20001,4715,4715,r_4715,1,qualified_ref,1,0,none,4906984375,4907000083,15708,3125,9458,83,1,0,always_ready,0,1
1,stress_random,20001,4716,4716,r_4716,1,qualified_ref,1,0,none,4908009375,4908025083,15708,3125,9458,83,1,0,always_ready,0,1
1,stress_random,20001,4717,4717,r_4717,1,qualified_ref,1,0,none,4909034375,4909050083,15708,3125,9458,83,1,0,always_ready,0,1
1,stress_random,20001,4718,4718,r_4718,1,qualified_ref,1,0,none,4910059375,4910075083,15708,3125,9458,83,1,0,always_ready,0,1
1,stress_random,20001,4719,4719,r_4719,1,qualified_ref,1,0,none,4911084375,4911100083,15708,3125,9458,83,1,0,always_ready,0,1
1,stress_random,20001,4720,4720,r_4720,1,qualified_ref,1,0,none,4912109375,4912125083,15708,3125,9458,83,1,0,always_ready,0,1
1,stress_random,20001,4721,4721,r_4721,1,qualified_ref,1,0,none,4913134375,4913150083,15708,3125,9458,83,1,0,always_ready,0,1
1,stress_random,20001,4722,4722,r_4722,1,qualified_ref,1,0,none,4914159375,4914175083,15708,3125,9458,83,1,0,always_ready,0,1
1,stress_random,20001,4723,4723,r_4723,1,qualified_ref,1,0,none,4915184375,4915200083,15708,3125,9458,83,1,0,always_ready,0,1
1,stress_random,20001,4724,4724,r_4724,1,qualified_ref,1,0,none,4916209375,4916225083,15708,3125,9458,83,1,0,always_ready,0,1
1,stress_random,20001,4725,4725,r_4725,1,qualified_ref,1,0,none,4917234375,4917250083,15708,3125,9458,83,1,0,always_ready,0,1
1,stress_random,20001,4726,4726,r_4726,1,qualified_ref,1,0,none,4918259375,4918275083,15708,3125,9458,83,1,0,always_ready,0,1
1,stress_random,20001,4727,4727,r_4727,1,qualified_ref,1,0,none,4919284375,4919300083,15708,3125,9458,83,1,0,always_ready,0,1
1,stress_random,20001,4728,4728,r_4728,1,qualified_ref,1,0,none,4920309375,4920325083,15708,3125,9458,83,1,0,always_ready,0,1
1,stress_random,20001,4729,4729,r_4729,1,qualified_ref,1,0,none,4921334375,4921350083,15708,3125,9458,83,1,0,always_ready,0,1
1,stress_random,20001,4730,4730,r_4730,1,qualified_ref,1,0,none,4922359375,4922375083,15708,3125,9458,83,1,0,always_ready,0,1
1,stress_random,20001,4731,4731,r_4731,1,qualified_ref,1,0,none,4923384375,4923400083,15708,3125,9458,83,1,0,always_ready,0,1
1,stress_random,20001,4732,4732,r_4732,1,qualified_ref,1,0,none,4924409375,4924425083,15708,3125,9458,83,1,0,always_ready,0,1
1,stress_random,20001,4733,4733,r_4733,1,qualified_ref,1,0,none,4925434375,4925450083,15708,3125,9458,83,1,0,always_ready,0,1
1,stress_random,20001,4734,4734,r_4734,1,qualified_ref,1,0,none,4926459375,4926475083,15708,3125,9458,83,1,0,always_ready,0,1
1,stress_random,20001,4735,4735,r_4735,1,qualified_ref,1,0,none,4927484375,4927500083,15708,3125,9458,83,1,0,always_ready,0,1
1,stress_random,20001,4736,4736,r_4736,1,qualified_ref,1,0,none,4928509375,4928525083,15708,3125,9458,83,1,0,always_ready,0,1
1,stress_random,20001,4737,4737,r_4737,1,qualified_ref,1,0,none,4929534375,4929550083,15708,3125,9458,83,1,0,always_ready,0,1
1,stress_random,20001,4738,4738,r_4738,1,qualified_ref,1,0,none,4930559375,4930575083,15708,3125,9458,83,1,0,always_ready,0,1
1,stress_random,20001,4739,4739,r_4739,1,qualified_ref,1,0,none,4931584375,4931600083,15708,3125,9458,83,1,0,always_ready,0,1
1,stress_random,20001,4740,4740,r_4740,1,qualified_ref,1,0,none,4932609375,4932625083,15708,3125,9458,83,1,0,always_ready,0,1
1,stress_random,20001,4741,4741,r_4741,1,qualified_ref,1,0,none,4933634375,4933650083,15708,3125,9458,83,1,0,always_ready,0,1
1,stress_random,20001,4742,4742,r_4742,1,qualified_ref,1,0,none,4934659375,4934675083,15708,3125,9458,83,1,0,always_ready,0,1
1,stress_random,20001,4743,4743,r_4743,1,qualified_ref,1,0,none,4935684375,4935700083,15708,3125,9458,83,1,0,always_ready,0,1
1,stress_random,20001,4744,4744,r_4744,1,qualified_ref,1,0,none,4936709375,4936725083,15708,3125,9458,83,1,0,always_ready,0,1
1,stress_random,20001,4745,4745,r_4745,1,qualified_ref,1,0,none,4937734375,4937750083,15708,3125,9458,83,1,0,always_ready,0,1
1,stress_random,20001,4746,4746,r_4746,1,qualified_ref,1,0,none,4938759375,4938775083,15708,3125,9458,83,1,0,always_ready,0,1
1,stress_random,20001,4747,4747,r_4747,1,qualified_ref,1,0,none,4939784375,4939800083,15708,3125,9458,83,1,0,always_ready,0,1
1,stress_random,20001,4748,4748,r_4748,1,qualified_ref,1,0,none,4940809375,4940825083,15708,3125,9458,83,1,0,always_ready,0,1
1,stress_random,20001,4749,4749,r_4749,1,qualified_ref,1,0,none,4941834375,4941850083,15708,3125,9458,83,1,0,always_ready,0,1
1,stress_random,20001,4750,4750,r_4750,1,qualified_ref,1,0,none,4946959375,4946975083,15708,3125,9458,83,1,0,always_ready,0,1
1,stress_random,20001,4751,4751,r_4751,1,qualified_ref,1,0,none,4947984375,4948000083,15708,3125,9458,83,1,0,always_ready,0,1
1,stress_random,20001,4752,4752,r_4752,1,qualified_ref,1,0,none,4949009375,4949025083,15708,3125,9458,83,1,0,always_ready,0,1
1,stress_random,20001,4753,4753,r_4753,1,qualified_ref,1,0,none,4950034375,4950050083,15708,3125,9458,83,1,0,always_ready,0,1
1,stress_random,20001,4754,4754,r_4754,1,qualified_ref,1,0,none,4951059375,4951075083,15708,3125,9458,83,1,0,always_ready,0,1
1,stress_random,20001,4755,4755,r_4755,1,qualified_ref,1,0,none,4952084375,4952100083,15708,3125,9458,83,1,0,always_ready,0,1
1,stress_random,20001,4756,4756,r_4756,1,qualified_ref,1,0,none,4953109375,4953125083,15708,3125,9458,83,1,0,always_ready,0,1
1,stress_random,20001,4757,4757,r_4757,1,qualified_ref,1,0,none,4954134375,4954150083,15708,3125,9458,83,1,0,always_ready,0,1
1,stress_random,20001,4758,4758,r_4758,1,qualified_ref,1,0,none,4955159375,4955175083,15708,3125,9458,83,1,0,always_ready,0,1
1,stress_random,20001,4759,4759,r_4759,1,qualified_ref,1,0,none,4956184375,4956200083,15708,3125,9458,83,1,0,always_ready,0,1
1,stress_random,20001,4760,4760,r_4760,1,qualified_ref,1,0,none,4957209375,4957225083,15708,3125,9458,83,1,0,always_ready,0,1
1,stress_random,20001,4761,4761,r_4761,1,qualified_ref,1,0,none,4958234375,4958250083,15708,3125,9458,83,1,0,always_ready,0,1
1,stress_random,20001,4762,4762,r_4762,1,qualified_ref,1,0,none,4959259375,4959275083,15708,3125,9458,83,1,0,always_ready,0,1
1,stress_random,20001,4763,4763,r_4763,1,qualified_ref,1,0,none,4960284375,4960300083,15708,3125,9458,83,1,0,always_ready,0,1
1,stress_random,20001,4764,4764,r_4764,1,qualified_ref,1,0,none,4961309375,4961325083,15708,3125,9458,83,1,0,always_ready,0,1
1,stress_random,20001,4765,4765,r_4765,1,qualified_ref,1,0,none,4962334375,4962350083,15708,3125,9458,83,1,0,always_ready,0,1
1,stress_random,20001,4766,4766,r_4766,1,qualified_ref,1,0,none,4963359375,4963375083,15708,3125,9458,83,1,0,always_ready,0,1
1,stress_random,20001,4767,4767,r_4767,1,qualified_ref,1,0,none,4964384375,4964400083,15708,3125,9458,83,1,0,always_ready,0,1
1,stress_random,20001,4768,4768,r_4768,1,qualified_ref,1,0,none,4965409375,4965425083,15708,3125,9458,83,1,0,always_ready,0,1
1,stress_random,20001,4769,4769,r_4769,1,qualified_ref,1,0,none,4966434375,4966450083,15708,3125,9458,83,1,0,always_ready,0,1
1,stress_random,20001,4770,4770,r_4770,1,qualified_ref,1,0,none,4967459375,4967475083,15708,3125,9458,83,1,0,always_ready,0,1
1,stress_random,20001,4771,4771,r_4771,1,qualified_ref,1,0,none,4968484375,4968500083,15708,3125,9458,83,1,0,always_ready,0,1
1,stress_random,20001,4772,4772,r_4772,1,qualified_ref,1,0,none,4969509375,4969525083,15708,3125,9458,83,1,0,always_ready,0,1
1,stress_random,20001,4773,4773,r_4773,1,qualified_ref,1,0,none,4970534375,4970550083,15708,3125,9458,83,1,0,always_ready,0,1
1,stress_random,20001,4774,4774,r_4774,1,qualified_ref,1,0,none,4971559375,4971575083,15708,3125,9458,83,1,0,always_ready,0,1
1,stress_random,20001,4775,4775,r_4775,1,qualified_ref,1,0,none,4972584375,4972600083,15708,3125,9458,83,1,0,always_ready,0,1
1,stress_random,20001,4776,4776,r_4776,1,qualified_ref,1,0,none,4973609375,4973625083,15708,3125,9458,83,1,0,always_ready,0,1
1,stress_random,20001,4777,4777,r_4777,1,qualified_ref,1,0,none,4974634375,4974650083,15708,3125,9458,83,1,0,always_ready,0,1
1,stress_random,20001,4778,4778,r_4778,1,qualified_ref,1,0,none,4975659375,4975675083,15708,3125,9458,83,1,0,always_ready,0,1
1,stress_random,20001,4779,4779,r_4779,1,qualified_ref,1,0,none,4976684375,4976700083,15708,3125,9458,83,1,0,always_ready,0,1
1,stress_random,20001,4780,4780,r_4780,1,qualified_ref,1,0,none,4977709375,4977725083,15708,3125,9458,83,1,0,always_ready,0,1
1,stress_random,20001,4781,4781,r_4781,1,qualified_ref,1,0,none,4978734375,4978750083,15708,3125,9458,83,1,0,always_ready,0,1
1,stress_random,20001,4782,4782,r_4782,1,qualified_ref,1,0,none,4979759375,4979775083,15708,3125,9458,83,1,0,always_ready,0,1
1,stress_random,20001,4783,4783,r_4783,1,qualified_ref,1,0,none,4980784375,4980800083,15708,3125,9458,83,1,0,always_ready,0,1
1,stress_random,20001,4784,4784,r_4784,1,qualified_ref,1,0,none,4981809375,4981825083,15708,3125,9458,83,1,0,always_ready,0,1
1,stress_random,20001,4785,4785,r_4785,1,qualified_ref,1,0,none,4982834375,4982850083,15708,3125,9458,83,1,0,always_ready,0,1
1,stress_random,20001,4786,4786,r_4786,1,qualified_ref,1,0,none,4983859375,4983875083,15708,3125,9458,83,1,0,always_ready,0,1
1,stress_random,20001,4787,4787,r_4787,1,qualified_ref,1,0,none,4984884375,4984900083,15708,3125,9458,83,1,0,always_ready,0,1
1,stress_random,20001,4788,4788,r_4788,1,qualified_ref,1,0,none,4985909375,4985925083,15708,3125,9458,83,1,0,always_ready,0,1
1,stress_random,20001,4789,4789,r_4789,1,qualified_ref,1,0,none,4986934375,4986950083,15708,3125,9458,83,1,0,always_ready,0,1
1,stress_random,20001,4790,4790,r_4790,1,qualified_ref,1,0,none,4987959375,4987975083,15708,3125,9458,83,1,0,always_ready,0,1
1,stress_random,20001,4791,4791,r_4791,1,qualified_ref,1,0,none,4988984375,4989000083,15708,3125,9458,83,1,0,always_ready,0,1
1,stress_random,20001,4792,4792,r_4792,1,qualified_ref,1,0,none,4990009375,4990025083,15708,3125,9458,83,1,0,always_ready,0,1
1,stress_random,20001,4793,4793,r_4793,1,qualified_ref,1,0,none,4991034375,4991050083,15708,3125,9458,83,1,0,always_ready,0,1
1,stress_random,20001,4794,4794,r_4794,1,qualified_ref,1,0,none,4992059375,4992075083,15708,3125,9458,83,1,0,always_ready,0,1
1,stress_random,20001,4795,4795,r_4795,1,qualified_ref,1,0,none,4993084375,4993100083,15708,3125,9458,83,1,0,always_ready,0,1
1,stress_random,20001,4796,4796,r_4796,1,qualified_ref,1,0,none,4994109375,4994125083,15708,3125,9458,83,1,0,always_ready,0,1
1,stress_random,20001,4797,4797,r_4797,1,qualified_ref,1,0,none,4995134375,4995150083,15708,3125,9458,83,1,0,always_ready,0,1
1,stress_random,20001,4798,4798,r_4798,1,qualified_ref,1,0,none,4996159375,4996175083,15708,3125,9458,83,1,0,always_ready,0,1
1,stress_random,20001,4799,4799,r_4799,1,qualified_ref,1,0,none,4997184375,4997200083,15708,3125,9458,83,1,0,always_ready,0,1
1,stress_random,20001,4800,4800,r_4800,1,qualified_ref,1,0,none,4998209375,4998225083,15708,3125,9458,83,1,0,always_ready,0,1
1,stress_random,20001,4801,4801,r_4801,1,qualified_ref,1,0,none,4999234375,4999250083,15708,3125,9458,83,1,0,always_ready,0,1
1,stress_random,20001,4802,4802,r_4802,1,qualified_ref,1,0,none,5000259375,5000275083,15708,3125,9458,83,1,0,always_ready,0,1
1,stress_random,20001,4803,4803,r_4803,1,qualified_ref,1,0,none,5001284375,5001300083,15708,3125,9458,83,1,0,always_ready,0,1
1,stress_random,20001,4804,4804,r_4804,1,qualified_ref,1,0,none,5002309375,5002325083,15708,3125,9458,83,1,0,always_ready,0,1
1,stress_random,20001,4805,4805,r_4805,1,qualified_ref,1,0,none,5003334375,5003350083,15708,3125,9458,83,1,0,always_ready,0,1
1,stress_random,20001,4806,4806,r_4806,1,qualified_ref,1,0,none,5004359375,5004375083,15708,3125,9458,83,1,0,always_ready,0,1
1,stress_random,20001,4807,4807,r_4807,1,qualified_ref,1,0,none,5005384375,5005400083,15708,3125,9458,83,1,0,always_ready,0,1
1,stress_random,20001,4808,4808,r_4808,1,qualified_ref,1,0,none,5006409375,5006425083,15708,3125,9458,83,1,0,always_ready,0,1
1,stress_random,20001,4809,4809,r_4809,1,qualified_ref,1,0,none,5007434375,5007450083,15708,3125,9458,83,1,0,always_ready,0,1
1,stress_random,20001,4810,4810,r_4810,1,qualified_ref,1,0,none,5008459375,5008475083,15708,3125,9458,83,1,0,always_ready,0,1
1,stress_random,20001,4811,4811,r_4811,1,qualified_ref,1,0,none,5009484375,5009500083,15708,3125,9458,83,1,0,always_ready,0,1
1,stress_random,20001,4812,4812,r_4812,1,qualified_ref,1,0,none,5010509375,5010525083,15708,3125,9458,83,1,0,always_ready,0,1
1,stress_random,20001,4813,4813,r_4813,1,qualified_ref,1,0,none,5011534375,5011550083,15708,3125,9458,83,1,0,always_ready,0,1
1,stress_random,20001,4814,4814,r_4814,1,qualified_ref,1,0,none,5012559375,5012575083,15708,3125,9458,83,1,0,always_ready,0,1
1,stress_random,20001,4815,4815,r_4815,1,qualified_ref,1,0,none,5013584375,5013600083,15708,3125,9458,83,1,0,always_ready,0,1
1,stress_random,20001,4816,4816,r_4816,1,qualified_ref,1,0,none,5014609375,5014625083,15708,3125,9458,83,1,0,always_ready,0,1
1,stress_random,20001,4817,4817,r_4817,1,qualified_ref,1,0,none,5015634375,5015650083,15708,3125,9458,83,1,0,always_ready,0,1
1,stress_random,20001,4818,4818,r_4818,1,qualified_ref,1,0,none,5016659375,5016675083,15708,3125,9458,83,1,0,always_ready,0,1
1,stress_random,20001,4819,4819,r_4819,1,qualified_ref,1,0,none,5017684375,5017700083,15708,3125,9458,83,1,0,always_ready,0,1
1,stress_random,20001,4820,4820,r_4820,1,qualified_ref,1,0,none,5018709375,5018725083,15708,3125,9458,83,1,0,always_ready,0,1
1,stress_random,20001,4821,4821,r_4821,1,qualified_ref,1,0,none,5019734375,5019750083,15708,3125,9458,83,1,0,always_ready,0,1
1,stress_random,20001,4822,4822,r_4822,1,qualified_ref,1,0,none,5020759375,5020775083,15708,3125,9458,83,1,0,always_ready,0,1
1,stress_random,20001,4823,4823,r_4823,1,qualified_ref,1,0,none,5021784375,5021800083,15708,3125,9458,83,1,0,always_ready,0,1
1,stress_random,20001,4824,4824,r_4824,1,qualified_ref,1,0,none,5022809375,5022825083,15708,3125,9458,83,1,0,always_ready,0,1
1,stress_random,20001,4825,4825,r_4825,1,qualified_ref,1,0,none,5023834375,5023850083,15708,3125,9458,83,1,0,always_ready,0,1
1,stress_random,20001,4826,4826,r_4826,1,qualified_ref,1,0,none,5024859375,5024875083,15708,3125,9458,83,1,0,always_ready,0,1
1,stress_random,20001,4827,4827,r_4827,1,qualified_ref,1,0,none,5025884375,5025900083,15708,3125,9458,83,1,0,always_ready,0,1
1,stress_random,20001,4828,4828,r_4828,1,qualified_ref,1,0,none,5026909375,5026925083,15708,3125,9458,83,1,0,always_ready,0,1
1,stress_random,20001,4829,4829,r_4829,1,qualified_ref,1,0,none,5027934375,5027950083,15708,3125,9458,83,1,0,always_ready,0,1
1,stress_random,20001,4830,4830,r_4830,1,qualified_ref,1,0,none,5028959375,5028975083,15708,3125,9458,83,1,0,always_ready,0,1
1,stress_random,20001,4831,4831,r_4831,1,qualified_ref,1,0,none,5029984375,5030000083,15708,3125,9458,83,1,0,always_ready,0,1
1,stress_random,20001,4832,4832,r_4832,1,qualified_ref,1,0,none,5031009375,5031025083,15708,3125,9458,83,1,0,always_ready,0,1
1,stress_random,20001,4833,4833,r_4833,1,qualified_ref,1,0,none,5032034375,5032050083,15708,3125,9458,83,1,0,always_ready,0,1
1,stress_random,20001,4834,4834,r_4834,1,qualified_ref,1,0,none,5033059375,5033075083,15708,3125,9458,83,1,0,always_ready,0,1
1,stress_random,20001,4835,4835,r_4835,1,qualified_ref,1,0,none,5034084375,5034100083,15708,3125,9458,83,1,0,always_ready,0,1
1,stress_random,20001,4836,4836,r_4836,1,qualified_ref,1,0,none,5035109375,5035125083,15708,3125,9458,83,1,0,always_ready,0,1
1,stress_random,20001,4837,4837,r_4837,1,qualified_ref,1,0,none,5036134375,5036150083,15708,3125,9458,83,1,0,always_ready,0,1
1,stress_random,20001,4838,4838,r_4838,1,qualified_ref,1,0,none,5037159375,5037175083,15708,3125,9458,83,1,0,always_ready,0,1
1,stress_random,20001,4839,4839,r_4839,1,qualified_ref,1,0,none,5038184375,5038200083,15708,3125,9458,83,1,0,always_ready,0,1
1,stress_random,20001,4840,4840,r_4840,1,qualified_ref,1,0,none,5039209375,5039225083,15708,3125,9458,83,1,0,always_ready,0,1
1,stress_random,20001,4841,4841,r_4841,1,qualified_ref,1,0,none,5040234375,5040250083,15708,3125,9458,83,1,0,always_ready,0,1
1,stress_random,20001,4842,4842,r_4842,1,qualified_ref,1,0,none,5041259375,5041275083,15708,3125,9458,83,1,0,always_ready,0,1
1,stress_random,20001,4843,4843,r_4843,1,qualified_ref,1,0,none,5042284375,5042300083,15708,3125,9458,83,1,0,always_ready,0,1
1,stress_random,20001,4844,4844,r_4844,1,qualified_ref,1,0,none,5043309375,5043325083,15708,3125,9458,83,1,0,always_ready,0,1
1,stress_random,20001,4845,4845,r_4845,1,qualified_ref,1,0,none,5044334375,5044350083,15708,3125,9458,83,1,0,always_ready,0,1
1,stress_random,20001,4846,4846,r_4846,1,qualified_ref,1,0,none,5045359375,5045375083,15708,3125,9458,83,1,0,always_ready,0,1
1,stress_random,20001,4847,4847,r_4847,1,qualified_ref,1,0,none,5046384375,5046400083,15708,3125,9458,83,1,0,always_ready,0,1
1,stress_random,20001,4848,4848,r_4848,1,qualified_ref,1,0,none,5047409375,5047425083,15708,3125,9458,83,1,0,always_ready,0,1
1,stress_random,20001,4849,4849,r_4849,1,qualified_ref,1,0,none,5048434375,5048450083,15708,3125,9458,83,1,0,always_ready,0,1
1,stress_random,20001,4850,4850,r_4850,1,qualified_ref,1,0,none,5049459375,5049475083,15708,3125,9458,83,1,0,always_ready,0,1
1,stress_random,20001,4851,4851,r_4851,1,qualified_ref,1,0,none,5050484375,5050500083,15708,3125,9458,83,1,0,always_ready,0,1
1,stress_random,20001,4852,4852,r_4852,1,qualified_ref,1,0,none,5051509375,5051525083,15708,3125,9458,83,1,0,always_ready,0,1
1,stress_random,20001,4853,4853,r_4853,1,qualified_ref,1,0,none,5052534375,5052550083,15708,3125,9458,83,1,0,always_ready,0,1
1,stress_random,20001,4854,4854,r_4854,1,qualified_ref,1,0,none,5053559375,5053575083,15708,3125,9458,83,1,0,always_ready,0,1
1,stress_random,20001,4855,4855,r_4855,1,qualified_ref,1,0,none,5054584375,5054600083,15708,3125,9458,83,1,0,always_ready,0,1
1,stress_random,20001,4856,4856,r_4856,1,qualified_ref,1,0,none,5055609375,5055625083,15708,3125,9458,83,1,0,always_ready,0,1
1,stress_random,20001,4857,4857,r_4857,1,qualified_ref,1,0,none,5056634375,5056650083,15708,3125,9458,83,1,0,always_ready,0,1
1,stress_random,20001,4858,4858,r_4858,1,qualified_ref,1,0,none,5057659375,5057675083,15708,3125,9458,83,1,0,always_ready,0,1
1,stress_random,20001,4859,4859,r_4859,1,qualified_ref,1,0,none,5058684375,5058700083,15708,3125,9458,83,1,0,always_ready,0,1
1,stress_random,20001,4860,4860,r_4860,1,qualified_ref,1,0,none,5059709375,5059725083,15708,3125,9458,83,1,0,always_ready,0,1
1,stress_random,20001,4861,4861,r_4861,1,qualified_ref,1,0,none,5060734375,5060750083,15708,3125,9458,83,1,0,always_ready,0,1
1,stress_random,20001,4862,4862,r_4862,1,qualified_ref,1,0,none,5061759375,5061775083,15708,3125,9458,83,1,0,always_ready,0,1
1,stress_random,20001,4863,4863,r_4863,1,qualified_ref,1,0,none,5062784375,5062800083,15708,3125,9458,83,1,0,always_ready,0,1
1,stress_random,20001,4864,4864,r_4864,1,qualified_ref,1,0,none,5063809375,5063825083,15708,3125,9458,83,1,0,always_ready,0,1
1,stress_random,20001,4865,4865,r_4865,1,qualified_ref,1,0,none,5064834375,5064850083,15708,3125,9458,83,1,0,always_ready,0,1
1,stress_random,20001,4866,4866,r_4866,1,qualified_ref,1,0,none,5065859375,5065875083,15708,3125,9458,83,1,0,always_ready,0,1
1,stress_random,20001,4867,4867,r_4867,1,qualified_ref,1,0,none,5066884375,5066900083,15708,3125,9458,83,1,0,always_ready,0,1
1,stress_random,20001,4868,4868,r_4868,1,qualified_ref,1,0,none,5067909375,5067925083,15708,3125,9458,83,1,0,always_ready,0,1
1,stress_random,20001,4869,4869,r_4869,1,qualified_ref,1,0,none,5068934375,5068950083,15708,3125,9458,83,1,0,always_ready,0,1
1,stress_random,20001,4870,4870,r_4870,1,qualified_ref,1,0,none,5069959375,5069975083,15708,3125,9458,83,1,0,always_ready,0,1
1,stress_random,20001,4871,4871,r_4871,1,qualified_ref,1,0,none,5070984375,5071000083,15708,3125,9458,83,1,0,always_ready,0,1
1,stress_random,20001,4872,4872,r_4872,1,qualified_ref,1,0,none,5072009375,5072025083,15708,3125,9458,83,1,0,always_ready,0,1
1,stress_random,20001,4873,4873,r_4873,1,qualified_ref,1,0,none,5073034375,5073050083,15708,3125,9458,83,1,0,always_ready,0,1
1,stress_random,20001,4874,4874,r_4874,1,qualified_ref,1,0,none,5074059375,5074075083,15708,3125,9458,83,1,0,always_ready,0,1
1,stress_random,20001,4875,4875,r_4875,1,qualified_ref,1,0,none,5075084375,5075100083,15708,3125,9458,83,1,0,always_ready,0,1
1,stress_random,20001,4876,4876,r_4876,1,qualified_ref,1,0,none,5076109375,5076125083,15708,3125,9458,83,1,0,always_ready,0,1
1,stress_random,20001,4877,4877,r_4877,1,qualified_ref,1,0,none,5077134375,5077150083,15708,3125,9458,83,1,0,always_ready,0,1
1,stress_random,20001,4878,4878,r_4878,1,qualified_ref,1,0,none,5078159375,5078175083,15708,3125,9458,83,1,0,always_ready,0,1
1,stress_random,20001,4879,4879,r_4879,1,qualified_ref,1,0,none,5079184375,5079200083,15708,3125,9458,83,1,0,always_ready,0,1
1,stress_random,20001,4880,4880,r_4880,1,qualified_ref,1,0,none,5080209375,5080225083,15708,3125,9458,83,1,0,always_ready,0,1
1,stress_random,20001,4881,4881,r_4881,1,qualified_ref,1,0,none,5081234375,5081250083,15708,3125,9458,83,1,0,always_ready,0,1
1,stress_random,20001,4882,4882,r_4882,1,qualified_ref,1,0,none,5082259375,5082275083,15708,3125,9458,83,1,0,always_ready,0,1
1,stress_random,20001,4883,4883,r_4883,1,qualified_ref,1,0,none,5083284375,5083300083,15708,3125,9458,83,1,0,always_ready,0,1
1,stress_random,20001,4884,4884,r_4884,1,qualified_ref,1,0,none,5084309375,5084325083,15708,3125,9458,83,1,0,always_ready,0,1
1,stress_random,20001,4885,4885,r_4885,1,qualified_ref,1,0,none,5085334375,5085350083,15708,3125,9458,83,1,0,always_ready,0,1
1,stress_random,20001,4886,4886,r_4886,1,qualified_ref,1,0,none,5086359375,5086375083,15708,3125,9458,83,1,0,always_ready,0,1
1,stress_random,20001,4887,4887,r_4887,1,qualified_ref,1,0,none,5087384375,5087400083,15708,3125,9458,83,1,0,always_ready,0,1
1,stress_random,20001,4888,4888,r_4888,1,qualified_ref,1,0,none,5088409375,5088425083,15708,3125,9458,83,1,0,always_ready,0,1
1,stress_random,20001,4889,4889,r_4889,1,qualified_ref,1,0,none,5089434375,5089450083,15708,3125,9458,83,1,0,always_ready,0,1
1,stress_random,20001,4890,4890,r_4890,1,qualified_ref,1,0,none,5090459375,5090475083,15708,3125,9458,83,1,0,always_ready,0,1
1,stress_random,20001,4891,4891,r_4891,1,qualified_ref,1,0,none,5091484375,5091500083,15708,3125,9458,83,1,0,always_ready,0,1
1,stress_random,20001,4892,4892,r_4892,1,qualified_ref,1,0,none,5092509375,5092525083,15708,3125,9458,83,1,0,always_ready,0,1
1,stress_random,20001,4893,4893,r_4893,1,qualified_ref,1,0,none,5093534375,5093550083,15708,3125,9458,83,1,0,always_ready,0,1
1,stress_random,20001,4894,4894,r_4894,1,qualified_ref,1,0,none,5094559375,5094575083,15708,3125,9458,83,1,0,always_ready,0,1
1,stress_random,20001,4895,4895,r_4895,1,qualified_ref,1,0,none,5095584375,5095600083,15708,3125,9458,83,1,0,always_ready,0,1
1,stress_random,20001,4896,4896,r_4896,1,qualified_ref,1,0,none,5096609375,5096625083,15708,3125,9458,83,1,0,always_ready,0,1
1,stress_random,20001,4897,4897,r_4897,1,qualified_ref,1,0,none,5097634375,5097650083,15708,3125,9458,83,1,0,always_ready,0,1
1,stress_random,20001,4898,4898,r_4898,1,qualified_ref,1,0,none,5098659375,5098675083,15708,3125,9458,83,1,0,always_ready,0,1
1,stress_random,20001,4899,4899,r_4899,1,qualified_ref,1,0,none,5099684375,5099700083,15708,3125,9458,83,1,0,always_ready,0,1
1,stress_random,20001,4900,4900,r_4900,1,qualified_ref,1,0,none,5100709375,5100725083,15708,3125,9458,83,1,0,always_ready,0,1
1,stress_random,20001,4901,4901,r_4901,1,qualified_ref,1,0,none,5101734375,5101750083,15708,3125,9458,83,1,0,always_ready,0,1
1,stress_random,20001,4902,4902,r_4902,1,qualified_ref,1,0,none,5102759375,5102775083,15708,3125,9458,83,1,0,always_ready,0,1
1,stress_random,20001,4903,4903,r_4903,1,qualified_ref,1,0,none,5103784375,5103800083,15708,3125,9458,83,1,0,always_ready,0,1
1,stress_random,20001,4904,4904,r_4904,1,qualified_ref,1,0,none,5104809375,5104825083,15708,3125,9458,83,1,0,always_ready,0,1
1,stress_random,20001,4905,4905,r_4905,1,qualified_ref,1,0,none,5105834375,5105850083,15708,3125,9458,83,1,0,always_ready,0,1
1,stress_random,20001,4906,4906,r_4906,1,qualified_ref,1,0,none,5106859375,5106875083,15708,3125,9458,83,1,0,always_ready,0,1
1,stress_random,20001,4907,4907,r_4907,1,qualified_ref,1,0,none,5107884375,5107900083,15708,3125,9458,83,1,0,always_ready,0,1
1,stress_random,20001,4908,4908,r_4908,1,qualified_ref,1,0,none,5108909375,5108925083,15708,3125,9458,83,1,0,always_ready,0,1
1,stress_random,20001,4909,4909,r_4909,1,qualified_ref,1,0,none,5109934375,5109950083,15708,3125,9458,83,1,0,always_ready,0,1
1,stress_random,20001,4910,4910,r_4910,1,qualified_ref,1,0,none,5110959375,5110975083,15708,3125,9458,83,1,0,always_ready,0,1
1,stress_random,20001,4911,4911,r_4911,1,qualified_ref,1,0,none,5111984375,5112000083,15708,3125,9458,83,1,0,always_ready,0,1
1,stress_random,20001,4912,4912,r_4912,1,qualified_ref,1,0,none,5113009375,5113025083,15708,3125,9458,83,1,0,always_ready,0,1
1,stress_random,20001,4913,4913,r_4913,1,qualified_ref,1,0,none,5114034375,5114050083,15708,3125,9458,83,1,0,always_ready,0,1
1,stress_random,20001,4914,4914,r_4914,1,qualified_ref,1,0,none,5115059375,5115075083,15708,3125,9458,83,1,0,always_ready,0,1
1,stress_random,20001,4915,4915,r_4915,1,qualified_ref,1,0,none,5116084375,5116100083,15708,3125,9458,83,1,0,always_ready,0,1
1,stress_random,20001,4916,4916,r_4916,1,qualified_ref,1,0,none,5117109375,5117125083,15708,3125,9458,83,1,0,always_ready,0,1
1,stress_random,20001,4917,4917,r_4917,1,qualified_ref,1,0,none,5118134375,5118150083,15708,3125,9458,83,1,0,always_ready,0,1
1,stress_random,20001,4918,4918,r_4918,1,qualified_ref,1,0,none,5119159375,5119175083,15708,3125,9458,83,1,0,always_ready,0,1
1,stress_random,20001,4919,4919,r_4919,1,qualified_ref,1,0,none,5120184375,5120200083,15708,3125,9458,83,1,0,always_ready,0,1
1,stress_random,20001,4920,4920,r_4920,1,qualified_ref,1,0,none,5121209375,5121225083,15708,3125,9458,83,1,0,always_ready,0,1
1,stress_random,20001,4921,4921,r_4921,1,qualified_ref,1,0,none,5122234375,5122250083,15708,3125,9458,83,1,0,always_ready,0,1
1,stress_random,20001,4922,4922,r_4922,1,qualified_ref,1,0,none,5123259375,5123275083,15708,3125,9458,83,1,0,always_ready,0,1
1,stress_random,20001,4923,4923,r_4923,1,qualified_ref,1,0,none,5124284375,5124300083,15708,3125,9458,83,1,0,always_ready,0,1
1,stress_random,20001,4924,4924,r_4924,1,qualified_ref,1,0,none,5125309375,5125325083,15708,3125,9458,83,1,0,always_ready,0,1
1,stress_random,20001,4925,4925,r_4925,1,qualified_ref,1,0,none,5126334375,5126350083,15708,3125,9458,83,1,0,always_ready,0,1
1,stress_random,20001,4926,4926,r_4926,1,qualified_ref,1,0,none,5127359375,5127375083,15708,3125,9458,83,1,0,always_ready,0,1
1,stress_random,20001,4927,4927,r_4927,1,qualified_ref,1,0,none,5128384375,5128400083,15708,3125,9458,83,1,0,always_ready,0,1
1,stress_random,20001,4928,4928,r_4928,1,qualified_ref,1,0,none,5129409375,5129425083,15708,3125,9458,83,1,0,always_ready,0,1
1,stress_random,20001,4929,4929,r_4929,1,qualified_ref,1,0,none,5130434375,5130450083,15708,3125,9458,83,1,0,always_ready,0,1
1,stress_random,20001,4930,4930,r_4930,1,qualified_ref,1,0,none,5131459375,5131475083,15708,3125,9458,83,1,0,always_ready,0,1
1,stress_random,20001,4931,4931,r_4931,1,qualified_ref,1,0,none,5132484375,5132500083,15708,3125,9458,83,1,0,always_ready,0,1
1,stress_random,20001,4932,4932,r_4932,1,qualified_ref,1,0,none,5133509375,5133525083,15708,3125,9458,83,1,0,always_ready,0,1
1,stress_random,20001,4933,4933,r_4933,1,qualified_ref,1,0,none,5134534375,5134550083,15708,3125,9458,83,1,0,always_ready,0,1
1,stress_random,20001,4934,4934,r_4934,1,qualified_ref,1,0,none,5135559375,5135575083,15708,3125,9458,83,1,0,always_ready,0,1
1,stress_random,20001,4935,4935,r_4935,1,qualified_ref,1,0,none,5136584375,5136600083,15708,3125,9458,83,1,0,always_ready,0,1
1,stress_random,20001,4936,4936,r_4936,1,qualified_ref,1,0,none,5137609375,5137625083,15708,3125,9458,83,1,0,always_ready,0,1
1,stress_random,20001,4937,4937,r_4937,1,qualified_ref,1,0,none,5138634375,5138650083,15708,3125,9458,83,1,0,always_ready,0,1
1,stress_random,20001,4938,4938,r_4938,1,qualified_ref,1,0,none,5139659375,5139675083,15708,3125,9458,83,1,0,always_ready,0,1
1,stress_random,20001,4939,4939,r_4939,1,qualified_ref,1,0,none,5140684375,5140700083,15708,3125,9458,83,1,0,always_ready,0,1
1,stress_random,20001,4940,4940,r_4940,1,qualified_ref,1,0,none,5141709375,5141725083,15708,3125,9458,83,1,0,always_ready,0,1
1,stress_random,20001,4941,4941,r_4941,1,qualified_ref,1,0,none,5142734375,5142750083,15708,3125,9458,83,1,0,always_ready,0,1
1,stress_random,20001,4942,4942,r_4942,1,qualified_ref,1,0,none,5143759375,5143775083,15708,3125,9458,83,1,0,always_ready,0,1
1,stress_random,20001,4943,4943,r_4943,1,qualified_ref,1,0,none,5144784375,5144800083,15708,3125,9458,83,1,0,always_ready,0,1
1,stress_random,20001,4944,4944,r_4944,1,qualified_ref,1,0,none,5145809375,5145825083,15708,3125,9458,83,1,0,always_ready,0,1
1,stress_random,20001,4945,4945,r_4945,1,qualified_ref,1,0,none,5146834375,5146850083,15708,3125,9458,83,1,0,always_ready,0,1
1,stress_random,20001,4946,4946,r_4946,1,qualified_ref,1,0,none,5147859375,5147875083,15708,3125,9458,83,1,0,always_ready,0,1
1,stress_random,20001,4947,4947,r_4947,1,qualified_ref,1,0,none,5148884375,5148900083,15708,3125,9458,83,1,0,always_ready,0,1
1,stress_random,20001,4948,4948,r_4948,1,qualified_ref,1,0,none,5149909375,5149925083,15708,3125,9458,83,1,0,always_ready,0,1
1,stress_random,20001,4949,4949,r_4949,1,qualified_ref,1,0,none,5150934375,5150950083,15708,3125,9458,83,1,0,always_ready,0,1
1,stress_random,20001,4950,4950,r_4950,1,qualified_ref,1,0,none,5151959375,5151975083,15708,3125,9458,83,1,0,always_ready,0,1
1,stress_random,20001,4951,4951,r_4951,1,qualified_ref,1,0,none,5152984375,5153000083,15708,3125,9458,83,1,0,always_ready,0,1
1,stress_random,20001,4952,4952,r_4952,1,qualified_ref,1,0,none,5154009375,5154025083,15708,3125,9458,83,1,0,always_ready,0,1
1,stress_random,20001,4953,4953,r_4953,1,qualified_ref,1,0,none,5155034375,5155050083,15708,3125,9458,83,1,0,always_ready,0,1
1,stress_random,20001,4954,4954,r_4954,1,qualified_ref,1,0,none,5156059375,5156075083,15708,3125,9458,83,1,0,always_ready,0,1
1,stress_random,20001,4955,4955,r_4955,1,qualified_ref,1,0,none,5157084375,5157100083,15708,3125,9458,83,1,0,always_ready,0,1
1,stress_random,20001,4956,4956,r_4956,1,qualified_ref,1,0,none,5158109375,5158125083,15708,3125,9458,83,1,0,always_ready,0,1
1,stress_random,20001,4957,4957,r_4957,1,qualified_ref,1,0,none,5159134375,5159150083,15708,3125,9458,83,1,0,always_ready,0,1
1,stress_random,20001,4958,4958,r_4958,1,qualified_ref,1,0,none,5160159375,5160175083,15708,3125,9458,83,1,0,always_ready,0,1
1,stress_random,20001,4959,4959,r_4959,1,qualified_ref,1,0,none,5161184375,5161200083,15708,3125,9458,83,1,0,always_ready,0,1
1,stress_random,20001,4960,4960,r_4960,1,qualified_ref,1,0,none,5162209375,5162225083,15708,3125,9458,83,1,0,always_ready,0,1
1,stress_random,20001,4961,4961,r_4961,1,qualified_ref,1,0,none,5163234375,5163250083,15708,3125,9458,83,1,0,always_ready,0,1
1,stress_random,20001,4962,4962,r_4962,1,qualified_ref,1,0,none,5164259375,5164275083,15708,3125,9458,83,1,0,always_ready,0,1
1,stress_random,20001,4963,4963,r_4963,1,qualified_ref,1,0,none,5165284375,5165300083,15708,3125,9458,83,1,0,always_ready,0,1
1,stress_random,20001,4964,4964,r_4964,1,qualified_ref,1,0,none,5166309375,5166325083,15708,3125,9458,83,1,0,always_ready,0,1
1,stress_random,20001,4965,4965,r_4965,1,qualified_ref,1,0,none,5167334375,5167350083,15708,3125,9458,83,1,0,always_ready,0,1
1,stress_random,20001,4966,4966,r_4966,1,qualified_ref,1,0,none,5168359375,5168375083,15708,3125,9458,83,1,0,always_ready,0,1
1,stress_random,20001,4967,4967,r_4967,1,qualified_ref,1,0,none,5169384375,5169400083,15708,3125,9458,83,1,0,always_ready,0,1
1,stress_random,20001,4968,4968,r_4968,1,qualified_ref,1,0,none,5170409375,5170425083,15708,3125,9458,83,1,0,always_ready,0,1
1,stress_random,20001,4969,4969,r_4969,1,qualified_ref,1,0,none,5171434375,5171450083,15708,3125,9458,83,1,0,always_ready,0,1
1,stress_random,20001,4970,4970,r_4970,1,qualified_ref,1,0,none,5172459375,5172475083,15708,3125,9458,83,1,0,always_ready,0,1
1,stress_random,20001,4971,4971,r_4971,1,qualified_ref,1,0,none,5173484375,5173500083,15708,3125,9458,83,1,0,always_ready,0,1
1,stress_random,20001,4972,4972,r_4972,1,qualified_ref,1,0,none,5174509375,5174525083,15708,3125,9458,83,1,0,always_ready,0,1
1,stress_random,20001,4973,4973,r_4973,1,qualified_ref,1,0,none,5175534375,5175550083,15708,3125,9458,83,1,0,always_ready,0,1
1,stress_random,20001,4974,4974,r_4974,1,qualified_ref,1,0,none,5176559375,5176575083,15708,3125,9458,83,1,0,always_ready,0,1
1,stress_random,20001,4975,4975,r_4975,1,qualified_ref,1,0,none,5177584375,5177600083,15708,3125,9458,83,1,0,always_ready,0,1
1,stress_random,20001,4976,4976,r_4976,1,qualified_ref,1,0,none,5178609375,5178625083,15708,3125,9458,83,1,0,always_ready,0,1
1,stress_random,20001,4977,4977,r_4977,1,qualified_ref,1,0,none,5179634375,5179650083,15708,3125,9458,83,1,0,always_ready,0,1
1,stress_random,20001,4978,4978,r_4978,1,qualified_ref,1,0,none,5180659375,5180675083,15708,3125,9458,83,1,0,always_ready,0,1
1,stress_random,20001,4979,4979,r_4979,1,qualified_ref,1,0,none,5181684375,5181700083,15708,3125,9458,83,1,0,always_ready,0,1
1,stress_random,20001,4980,4980,r_4980,1,qualified_ref,1,0,none,5182709375,5182725083,15708,3125,9458,83,1,0,always_ready,0,1
1,stress_random,20001,4981,4981,r_4981,1,qualified_ref,1,0,none,5183734375,5183750083,15708,3125,9458,83,1,0,always_ready,0,1
1,stress_random,20001,4982,4982,r_4982,1,qualified_ref,1,0,none,5184759375,5184775083,15708,3125,9458,83,1,0,always_ready,0,1
1,stress_random,20001,4983,4983,r_4983,1,qualified_ref,1,0,none,5185784375,5185800083,15708,3125,9458,83,1,0,always_ready,0,1
1,stress_random,20001,4984,4984,r_4984,1,qualified_ref,1,0,none,5186809375,5186825083,15708,3125,9458,83,1,0,always_ready,0,1
1,stress_random,20001,4985,4985,r_4985,1,qualified_ref,1,0,none,5187834375,5187850083,15708,3125,9458,83,1,0,always_ready,0,1
1,stress_random,20001,4986,4986,r_4986,1,qualified_ref,1,0,none,5188859375,5188875083,15708,3125,9458,83,1,0,always_ready,0,1
1,stress_random,20001,4987,4987,r_4987,1,qualified_ref,1,0,none,5189884375,5189900083,15708,3125,9458,83,1,0,always_ready,0,1
1,stress_random,20001,4988,4988,r_4988,1,qualified_ref,1,0,none,5190909375,5190925083,15708,3125,9458,83,1,0,always_ready,0,1
1,stress_random,20001,4989,4989,r_4989,1,qualified_ref,1,0,none,5191934375,5191950083,15708,3125,9458,83,1,0,always_ready,0,1
1,stress_random,20001,4990,4990,r_4990,1,qualified_ref,1,0,none,5192959375,5192975083,15708,3125,9458,83,1,0,always_ready,0,1
1,stress_random,20001,4991,4991,r_4991,1,qualified_ref,1,0,none,5193984375,5194000083,15708,3125,9458,83,1,0,always_ready,0,1
1,stress_random,20001,4992,4992,r_4992,1,qualified_ref,1,0,none,5195009375,5195025083,15708,3125,9458,83,1,0,always_ready,0,1
1,stress_random,20001,4993,4993,r_4993,1,qualified_ref,1,0,none,5196034375,5196050083,15708,3125,9458,83,1,0,always_ready,0,1
1,stress_random,20001,4994,4994,r_4994,1,qualified_ref,1,0,none,5197059375,5197075083,15708,3125,9458,83,1,0,always_ready,0,1
1,stress_random,20001,4995,4995,r_4995,1,qualified_ref,1,0,none,5198084375,5198100083,15708,3125,9458,83,1,0,always_ready,0,1
1,stress_random,20001,4996,4996,r_4996,1,qualified_ref,1,0,none,5199109375,5199125083,15708,3125,9458,83,1,0,always_ready,0,1
1,stress_random,20001,4997,4997,r_4997,1,qualified_ref,1,0,none,5200134375,5200150083,15708,3125,9458,83,1,0,always_ready,0,1
1,stress_random,20001,4998,4998,r_4998,1,qualified_ref,1,0,none,5201159375,5201175083,15708,3125,9458,83,1,0,always_ready,0,1
1,stress_random,20001,4999,4999,r_4999,1,qualified_ref,1,0,none,5202184375,5202200083,15708,3125,9458,83,1,0,always_ready,0,1
