classification,report,path,status,slack_ps,group,start_clock,end_clock,startpoint,endpoint
OSC_FAST_REAL,/home/validmgr/ksabra/2026_SPAD/SPADMIC/results/genus_osc_pd/20260602_o4_muxless_tags_r600_o4_nominal_fast/timing_violations.rpt,1,VIOLATED,-1999,clk_osc_fast_tap7,clk_osc_fast_tap7,clk_osc_fast_tap7,(R) u_core_gen_pd_row[7].gen_pd_col[7].u_pd/hit_latched_reg/C,(F) u_core_gen_pd_row[7].gen_pd_col[7].u_pd/nfast_hit_latched_reg[0]/D
OSC_FAST_REAL,/home/validmgr/ksabra/2026_SPAD/SPADMIC/results/genus_osc_pd/20260602_o4_muxless_tags_r600_o4_nominal_fast/timing_violations.rpt,2,VIOLATED,-1999,clk_osc_fast_tap6,clk_osc_fast_tap6,clk_osc_fast_tap6,(R) u_core_gen_pd_row[7].gen_pd_col[6].u_pd/hit_latched_reg/C,(F) u_core_gen_pd_row[7].gen_pd_col[6].u_pd/nfast_hit_latched_reg[0]/D
OSC_FAST_REAL,/home/validmgr/ksabra/2026_SPAD/SPADMIC/results/genus_osc_pd/20260602_o4_muxless_tags_r600_o4_nominal_fast/timing_violations.rpt,3,VIOLATED,-1999,clk_osc_fast_tap5,clk_osc_fast_tap5,clk_osc_fast_tap5,(R) u_core_gen_pd_row[7].gen_pd_col[5].u_pd/hit_latched_reg/C,(F) u_core_gen_pd_row[7].gen_pd_col[5].u_pd/nfast_hit_latched_reg[0]/D
OSC_FAST_REAL,/home/validmgr/ksabra/2026_SPAD/SPADMIC/results/genus_osc_pd/20260602_o4_muxless_tags_r600_o4_nominal_fast/timing_violations.rpt,4,VIOLATED,-1999,clk_osc_fast_tap4,clk_osc_fast_tap4,clk_osc_fast_tap4,(R) u_core_gen_pd_row[7].gen_pd_col[4].u_pd/hit_latched_reg/C,(F) u_core_gen_pd_row[7].gen_pd_col[4].u_pd/nfast_hit_latched_reg[0]/D
OSC_FAST_REAL,/home/validmgr/ksabra/2026_SPAD/SPADMIC/results/genus_osc_pd/20260602_o4_muxless_tags_r600_o4_nominal_fast/timing_violations.rpt,5,VIOLATED,-1999,clk_osc_fast_tap3,clk_osc_fast_tap3,clk_osc_fast_tap3,(R) u_core_gen_pd_row[7].gen_pd_col[3].u_pd/hit_latched_reg/C,(F) u_core_gen_pd_row[7].gen_pd_col[3].u_pd/nfast_hit_latched_reg[0]/D
OSC_FAST_REAL,/home/validmgr/ksabra/2026_SPAD/SPADMIC/results/genus_osc_pd/20260602_o4_muxless_tags_r600_o4_nominal_fast/timing_violations.rpt,6,VIOLATED,-1999,clk_osc_fast_tap2,clk_osc_fast_tap2,clk_osc_fast_tap2,(R) u_core_gen_pd_row[7].gen_pd_col[2].u_pd/hit_latched_reg/C,(F) u_core_gen_pd_row[7].gen_pd_col[2].u_pd/nfast_hit_latched_reg[0]/D
OSC_FAST_REAL,/home/validmgr/ksabra/2026_SPAD/SPADMIC/results/genus_osc_pd/20260602_o4_muxless_tags_r600_o4_nominal_fast/timing_violations.rpt,7,VIOLATED,-1999,clk_osc_fast_tap1,clk_osc_fast_tap1,clk_osc_fast_tap1,(R) u_core_gen_pd_row[7].gen_pd_col[1].u_pd/hit_latched_reg/C,(F) u_core_gen_pd_row[7].gen_pd_col[1].u_pd/nfast_hit_latched_reg[0]/D
OSC_FAST_REAL,/home/validmgr/ksabra/2026_SPAD/SPADMIC/results/genus_osc_pd/20260602_o4_muxless_tags_r600_o4_nominal_fast/timing_violations.rpt,8,VIOLATED,-1999,clk_osc_fast_tap7,clk_osc_fast_tap7,clk_osc_fast_tap7,(R) u_core_gen_pd_row[6].gen_pd_col[7].u_pd/hit_latched_reg/C,(F) u_core_gen_pd_row[6].gen_pd_col[7].u_pd/nfast_hit_latched_reg[0]/D
OSC_FAST_REAL,/home/validmgr/ksabra/2026_SPAD/SPADMIC/results/genus_osc_pd/20260602_o4_muxless_tags_r600_o4_nominal_fast/timing_violations.rpt,9,VIOLATED,-1999,clk_osc_fast_tap6,clk_osc_fast_tap6,clk_osc_fast_tap6,(R) u_core_gen_pd_row[6].gen_pd_col[6].u_pd/hit_latched_reg/C,(F) u_core_gen_pd_row[6].gen_pd_col[6].u_pd/nfast_hit_latched_reg[0]/D
OSC_FAST_REAL,/home/validmgr/ksabra/2026_SPAD/SPADMIC/results/genus_osc_pd/20260602_o4_muxless_tags_r600_o4_nominal_fast/timing_violations.rpt,10,VIOLATED,-1999,clk_osc_fast_tap5,clk_osc_fast_tap5,clk_osc_fast_tap5,(R) u_core_gen_pd_row[6].gen_pd_col[5].u_pd/hit_latched_reg/C,(F) u_core_gen_pd_row[6].gen_pd_col[5].u_pd/nfast_hit_latched_reg[0]/D
OSC_FAST_REAL,/home/validmgr/ksabra/2026_SPAD/SPADMIC/results/genus_osc_pd/20260602_o4_muxless_tags_r600_o4_nominal_fast/timing_violations.rpt,11,VIOLATED,-1999,clk_osc_fast_tap4,clk_osc_fast_tap4,clk_osc_fast_tap4,(R) u_core_gen_pd_row[6].gen_pd_col[4].u_pd/hit_latched_reg/C,(F) u_core_gen_pd_row[6].gen_pd_col[4].u_pd/nfast_hit_latched_reg[0]/D
OSC_FAST_REAL,/home/validmgr/ksabra/2026_SPAD/SPADMIC/results/genus_osc_pd/20260602_o4_muxless_tags_r600_o4_nominal_fast/timing_violations.rpt,12,VIOLATED,-1999,clk_osc_fast_tap3,clk_osc_fast_tap3,clk_osc_fast_tap3,(R) u_core_gen_pd_row[6].gen_pd_col[3].u_pd/hit_latched_reg/C,(F) u_core_gen_pd_row[6].gen_pd_col[3].u_pd/nfast_hit_latched_reg[0]/D
OSC_FAST_REAL,/home/validmgr/ksabra/2026_SPAD/SPADMIC/results/genus_osc_pd/20260602_o4_muxless_tags_r600_o4_nominal_fast/timing_violations.rpt,13,VIOLATED,-1999,clk_osc_fast_tap2,clk_osc_fast_tap2,clk_osc_fast_tap2,(R) u_core_gen_pd_row[6].gen_pd_col[2].u_pd/hit_latched_reg/C,(F) u_core_gen_pd_row[6].gen_pd_col[2].u_pd/nfast_hit_latched_reg[0]/D
OSC_FAST_REAL,/home/validmgr/ksabra/2026_SPAD/SPADMIC/results/genus_osc_pd/20260602_o4_muxless_tags_r600_o4_nominal_fast/timing_violations.rpt,14,VIOLATED,-1999,clk_osc_fast_tap1,clk_osc_fast_tap1,clk_osc_fast_tap1,(R) u_core_gen_pd_row[6].gen_pd_col[1].u_pd/hit_latched_reg/C,(F) u_core_gen_pd_row[6].gen_pd_col[1].u_pd/nfast_hit_latched_reg[0]/D
OSC_FAST_REAL,/home/validmgr/ksabra/2026_SPAD/SPADMIC/results/genus_osc_pd/20260602_o4_muxless_tags_r600_o4_nominal_fast/timing_violations.rpt,15,VIOLATED,-1999,clk_osc_fast_tap7,clk_osc_fast_tap7,clk_osc_fast_tap7,(R) u_core_gen_pd_row[5].gen_pd_col[7].u_pd/hit_latched_reg/C,(F) u_core_gen_pd_row[5].gen_pd_col[7].u_pd/nfast_hit_latched_reg[0]/D
OSC_FAST_REAL,/home/validmgr/ksabra/2026_SPAD/SPADMIC/results/genus_osc_pd/20260602_o4_muxless_tags_r600_o4_nominal_fast/timing_violations.rpt,16,VIOLATED,-1999,clk_osc_fast_tap6,clk_osc_fast_tap6,clk_osc_fast_tap6,(R) u_core_gen_pd_row[5].gen_pd_col[6].u_pd/hit_latched_reg/C,(F) u_core_gen_pd_row[5].gen_pd_col[6].u_pd/nfast_hit_latched_reg[0]/D
OSC_FAST_REAL,/home/validmgr/ksabra/2026_SPAD/SPADMIC/results/genus_osc_pd/20260602_o4_muxless_tags_r600_o4_nominal_fast/timing_violations.rpt,17,VIOLATED,-1999,clk_osc_fast_tap5,clk_osc_fast_tap5,clk_osc_fast_tap5,(R) u_core_gen_pd_row[5].gen_pd_col[5].u_pd/hit_latched_reg/C,(F) u_core_gen_pd_row[5].gen_pd_col[5].u_pd/nfast_hit_latched_reg[0]/D
OSC_FAST_REAL,/home/validmgr/ksabra/2026_SPAD/SPADMIC/results/genus_osc_pd/20260602_o4_muxless_tags_r600_o4_nominal_fast/timing_violations.rpt,18,VIOLATED,-1999,clk_osc_fast_tap4,clk_osc_fast_tap4,clk_osc_fast_tap4,(R) u_core_gen_pd_row[5].gen_pd_col[4].u_pd/hit_latched_reg/C,(F) u_core_gen_pd_row[5].gen_pd_col[4].u_pd/nfast_hit_latched_reg[0]/D
OSC_FAST_REAL,/home/validmgr/ksabra/2026_SPAD/SPADMIC/results/genus_osc_pd/20260602_o4_muxless_tags_r600_o4_nominal_fast/timing_violations.rpt,19,VIOLATED,-1999,clk_osc_fast_tap3,clk_osc_fast_tap3,clk_osc_fast_tap3,(R) u_core_gen_pd_row[5].gen_pd_col[3].u_pd/hit_latched_reg/C,(F) u_core_gen_pd_row[5].gen_pd_col[3].u_pd/nfast_hit_latched_reg[0]/D
OSC_FAST_REAL,/home/validmgr/ksabra/2026_SPAD/SPADMIC/results/genus_osc_pd/20260602_o4_muxless_tags_r600_o4_nominal_fast/timing_violations.rpt,20,VIOLATED,-1999,clk_osc_fast_tap2,clk_osc_fast_tap2,clk_osc_fast_tap2,(R) u_core_gen_pd_row[5].gen_pd_col[2].u_pd/hit_latched_reg/C,(F) u_core_gen_pd_row[5].gen_pd_col[2].u_pd/nfast_hit_latched_reg[0]/D
OSC_FAST_REAL,/home/validmgr/ksabra/2026_SPAD/SPADMIC/results/genus_osc_pd/20260602_o4_muxless_tags_r600_o4_nominal_fast/timing_violations.rpt,21,VIOLATED,-1999,clk_osc_fast_tap1,clk_osc_fast_tap1,clk_osc_fast_tap1,(R) u_core_gen_pd_row[5].gen_pd_col[1].u_pd/hit_latched_reg/C,(F) u_core_gen_pd_row[5].gen_pd_col[1].u_pd/nfast_hit_latched_reg[0]/D
OSC_FAST_REAL,/home/validmgr/ksabra/2026_SPAD/SPADMIC/results/genus_osc_pd/20260602_o4_muxless_tags_r600_o4_nominal_fast/timing_violations.rpt,22,VIOLATED,-1999,clk_osc_fast_tap7,clk_osc_fast_tap7,clk_osc_fast_tap7,(R) u_core_gen_pd_row[4].gen_pd_col[7].u_pd/hit_latched_reg/C,(F) u_core_gen_pd_row[4].gen_pd_col[7].u_pd/nfast_hit_latched_reg[0]/D
OSC_FAST_REAL,/home/validmgr/ksabra/2026_SPAD/SPADMIC/results/genus_osc_pd/20260602_o4_muxless_tags_r600_o4_nominal_fast/timing_violations.rpt,23,VIOLATED,-1999,clk_osc_fast_tap6,clk_osc_fast_tap6,clk_osc_fast_tap6,(R) u_core_gen_pd_row[4].gen_pd_col[6].u_pd/hit_latched_reg/C,(F) u_core_gen_pd_row[4].gen_pd_col[6].u_pd/nfast_hit_latched_reg[0]/D
OSC_FAST_REAL,/home/validmgr/ksabra/2026_SPAD/SPADMIC/results/genus_osc_pd/20260602_o4_muxless_tags_r600_o4_nominal_fast/timing_violations.rpt,24,VIOLATED,-1999,clk_osc_fast_tap5,clk_osc_fast_tap5,clk_osc_fast_tap5,(R) u_core_gen_pd_row[4].gen_pd_col[5].u_pd/hit_latched_reg/C,(F) u_core_gen_pd_row[4].gen_pd_col[5].u_pd/nfast_hit_latched_reg[0]/D
OSC_FAST_REAL,/home/validmgr/ksabra/2026_SPAD/SPADMIC/results/genus_osc_pd/20260602_o4_muxless_tags_r600_o4_nominal_fast/timing_violations.rpt,25,VIOLATED,-1999,clk_osc_fast_tap4,clk_osc_fast_tap4,clk_osc_fast_tap4,(R) u_core_gen_pd_row[4].gen_pd_col[4].u_pd/hit_latched_reg/C,(F) u_core_gen_pd_row[4].gen_pd_col[4].u_pd/nfast_hit_latched_reg[0]/D
OSC_FAST_REAL,/home/validmgr/ksabra/2026_SPAD/SPADMIC/results/genus_osc_pd/20260602_o4_muxless_tags_r600_o4_nominal_fast/timing_violations.rpt,26,VIOLATED,-1999,clk_osc_fast_tap3,clk_osc_fast_tap3,clk_osc_fast_tap3,(R) u_core_gen_pd_row[4].gen_pd_col[3].u_pd/hit_latched_reg/C,(F) u_core_gen_pd_row[4].gen_pd_col[3].u_pd/nfast_hit_latched_reg[0]/D
OSC_FAST_REAL,/home/validmgr/ksabra/2026_SPAD/SPADMIC/results/genus_osc_pd/20260602_o4_muxless_tags_r600_o4_nominal_fast/timing_violations.rpt,27,VIOLATED,-1999,clk_osc_fast_tap2,clk_osc_fast_tap2,clk_osc_fast_tap2,(R) u_core_gen_pd_row[4].gen_pd_col[2].u_pd/hit_latched_reg/C,(F) u_core_gen_pd_row[4].gen_pd_col[2].u_pd/nfast_hit_latched_reg[0]/D
OSC_FAST_REAL,/home/validmgr/ksabra/2026_SPAD/SPADMIC/results/genus_osc_pd/20260602_o4_muxless_tags_r600_o4_nominal_fast/timing_violations.rpt,28,VIOLATED,-1999,clk_osc_fast_tap1,clk_osc_fast_tap1,clk_osc_fast_tap1,(R) u_core_gen_pd_row[4].gen_pd_col[1].u_pd/hit_latched_reg/C,(F) u_core_gen_pd_row[4].gen_pd_col[1].u_pd/nfast_hit_latched_reg[0]/D
OSC_FAST_REAL,/home/validmgr/ksabra/2026_SPAD/SPADMIC/results/genus_osc_pd/20260602_o4_muxless_tags_r600_o4_nominal_fast/timing_violations.rpt,29,VIOLATED,-1999,clk_osc_fast_tap7,clk_osc_fast_tap7,clk_osc_fast_tap7,(R) u_core_gen_pd_row[3].gen_pd_col[7].u_pd/hit_latched_reg/C,(F) u_core_gen_pd_row[3].gen_pd_col[7].u_pd/nfast_hit_latched_reg[0]/D
OSC_FAST_REAL,/home/validmgr/ksabra/2026_SPAD/SPADMIC/results/genus_osc_pd/20260602_o4_muxless_tags_r600_o4_nominal_fast/timing_violations.rpt,30,VIOLATED,-1999,clk_osc_fast_tap6,clk_osc_fast_tap6,clk_osc_fast_tap6,(R) u_core_gen_pd_row[3].gen_pd_col[6].u_pd/hit_latched_reg/C,(F) u_core_gen_pd_row[3].gen_pd_col[6].u_pd/nfast_hit_latched_reg[0]/D
OSC_FAST_REAL,/home/validmgr/ksabra/2026_SPAD/SPADMIC/results/genus_osc_pd/20260602_o4_muxless_tags_r600_o4_nominal_fast/timing_violations.rpt,31,VIOLATED,-1999,clk_osc_fast_tap5,clk_osc_fast_tap5,clk_osc_fast_tap5,(R) u_core_gen_pd_row[3].gen_pd_col[5].u_pd/hit_latched_reg/C,(F) u_core_gen_pd_row[3].gen_pd_col[5].u_pd/nfast_hit_latched_reg[0]/D
OSC_FAST_REAL,/home/validmgr/ksabra/2026_SPAD/SPADMIC/results/genus_osc_pd/20260602_o4_muxless_tags_r600_o4_nominal_fast/timing_violations.rpt,32,VIOLATED,-1999,clk_osc_fast_tap4,clk_osc_fast_tap4,clk_osc_fast_tap4,(R) u_core_gen_pd_row[3].gen_pd_col[4].u_pd/hit_latched_reg/C,(F) u_core_gen_pd_row[3].gen_pd_col[4].u_pd/nfast_hit_latched_reg[0]/D
OSC_FAST_REAL,/home/validmgr/ksabra/2026_SPAD/SPADMIC/results/genus_osc_pd/20260602_o4_muxless_tags_r600_o4_nominal_fast/timing_violations.rpt,33,VIOLATED,-1999,clk_osc_fast_tap3,clk_osc_fast_tap3,clk_osc_fast_tap3,(R) u_core_gen_pd_row[3].gen_pd_col[3].u_pd/hit_latched_reg/C,(F) u_core_gen_pd_row[3].gen_pd_col[3].u_pd/nfast_hit_latched_reg[0]/D
OSC_FAST_REAL,/home/validmgr/ksabra/2026_SPAD/SPADMIC/results/genus_osc_pd/20260602_o4_muxless_tags_r600_o4_nominal_fast/timing_violations.rpt,34,VIOLATED,-1999,clk_osc_fast_tap2,clk_osc_fast_tap2,clk_osc_fast_tap2,(R) u_core_gen_pd_row[3].gen_pd_col[2].u_pd/hit_latched_reg/C,(F) u_core_gen_pd_row[3].gen_pd_col[2].u_pd/nfast_hit_latched_reg[0]/D
OSC_FAST_REAL,/home/validmgr/ksabra/2026_SPAD/SPADMIC/results/genus_osc_pd/20260602_o4_muxless_tags_r600_o4_nominal_fast/timing_violations.rpt,35,VIOLATED,-1999,clk_osc_fast_tap1,clk_osc_fast_tap1,clk_osc_fast_tap1,(R) u_core_gen_pd_row[3].gen_pd_col[1].u_pd/hit_latched_reg/C,(F) u_core_gen_pd_row[3].gen_pd_col[1].u_pd/nfast_hit_latched_reg[0]/D
OSC_FAST_REAL,/home/validmgr/ksabra/2026_SPAD/SPADMIC/results/genus_osc_pd/20260602_o4_muxless_tags_r600_o4_nominal_fast/timing_violations.rpt,36,VIOLATED,-1999,clk_osc_fast_tap7,clk_osc_fast_tap7,clk_osc_fast_tap7,(R) u_core_gen_pd_row[2].gen_pd_col[7].u_pd/hit_latched_reg/C,(F) u_core_gen_pd_row[2].gen_pd_col[7].u_pd/nfast_hit_latched_reg[0]/D
OSC_FAST_REAL,/home/validmgr/ksabra/2026_SPAD/SPADMIC/results/genus_osc_pd/20260602_o4_muxless_tags_r600_o4_nominal_fast/timing_violations.rpt,37,VIOLATED,-1999,clk_osc_fast_tap6,clk_osc_fast_tap6,clk_osc_fast_tap6,(R) u_core_gen_pd_row[2].gen_pd_col[6].u_pd/hit_latched_reg/C,(F) u_core_gen_pd_row[2].gen_pd_col[6].u_pd/nfast_hit_latched_reg[0]/D
OSC_FAST_REAL,/home/validmgr/ksabra/2026_SPAD/SPADMIC/results/genus_osc_pd/20260602_o4_muxless_tags_r600_o4_nominal_fast/timing_violations.rpt,38,VIOLATED,-1999,clk_osc_fast_tap5,clk_osc_fast_tap5,clk_osc_fast_tap5,(R) u_core_gen_pd_row[2].gen_pd_col[5].u_pd/hit_latched_reg/C,(F) u_core_gen_pd_row[2].gen_pd_col[5].u_pd/nfast_hit_latched_reg[0]/D
OSC_FAST_REAL,/home/validmgr/ksabra/2026_SPAD/SPADMIC/results/genus_osc_pd/20260602_o4_muxless_tags_r600_o4_nominal_fast/timing_violations.rpt,39,VIOLATED,-1999,clk_osc_fast_tap4,clk_osc_fast_tap4,clk_osc_fast_tap4,(R) u_core_gen_pd_row[2].gen_pd_col[4].u_pd/hit_latched_reg/C,(F) u_core_gen_pd_row[2].gen_pd_col[4].u_pd/nfast_hit_latched_reg[0]/D
OSC_FAST_REAL,/home/validmgr/ksabra/2026_SPAD/SPADMIC/results/genus_osc_pd/20260602_o4_muxless_tags_r600_o4_nominal_fast/timing_violations.rpt,40,VIOLATED,-1999,clk_osc_fast_tap3,clk_osc_fast_tap3,clk_osc_fast_tap3,(R) u_core_gen_pd_row[2].gen_pd_col[3].u_pd/hit_latched_reg/C,(F) u_core_gen_pd_row[2].gen_pd_col[3].u_pd/nfast_hit_latched_reg[0]/D
OSC_FAST_REAL,/home/validmgr/ksabra/2026_SPAD/SPADMIC/results/genus_osc_pd/20260602_o4_muxless_tags_r600_o4_nominal_fast/timing_violations.rpt,41,VIOLATED,-1999,clk_osc_fast_tap2,clk_osc_fast_tap2,clk_osc_fast_tap2,(R) u_core_gen_pd_row[2].gen_pd_col[2].u_pd/hit_latched_reg/C,(F) u_core_gen_pd_row[2].gen_pd_col[2].u_pd/nfast_hit_latched_reg[0]/D
OSC_FAST_REAL,/home/validmgr/ksabra/2026_SPAD/SPADMIC/results/genus_osc_pd/20260602_o4_muxless_tags_r600_o4_nominal_fast/timing_violations.rpt,42,VIOLATED,-1999,clk_osc_fast_tap1,clk_osc_fast_tap1,clk_osc_fast_tap1,(R) u_core_gen_pd_row[2].gen_pd_col[1].u_pd/hit_latched_reg/C,(F) u_core_gen_pd_row[2].gen_pd_col[1].u_pd/nfast_hit_latched_reg[0]/D
OSC_FAST_REAL,/home/validmgr/ksabra/2026_SPAD/SPADMIC/results/genus_osc_pd/20260602_o4_muxless_tags_r600_o4_nominal_fast/timing_violations.rpt,43,VIOLATED,-1999,clk_osc_fast_tap7,clk_osc_fast_tap7,clk_osc_fast_tap7,(R) u_core_gen_pd_row[1].gen_pd_col[7].u_pd/hit_latched_reg/C,(F) u_core_gen_pd_row[1].gen_pd_col[7].u_pd/nfast_hit_latched_reg[0]/D
OSC_FAST_REAL,/home/validmgr/ksabra/2026_SPAD/SPADMIC/results/genus_osc_pd/20260602_o4_muxless_tags_r600_o4_nominal_fast/timing_violations.rpt,44,VIOLATED,-1999,clk_osc_fast_tap6,clk_osc_fast_tap6,clk_osc_fast_tap6,(R) u_core_gen_pd_row[1].gen_pd_col[6].u_pd/hit_latched_reg/C,(F) u_core_gen_pd_row[1].gen_pd_col[6].u_pd/nfast_hit_latched_reg[0]/D
OSC_FAST_REAL,/home/validmgr/ksabra/2026_SPAD/SPADMIC/results/genus_osc_pd/20260602_o4_muxless_tags_r600_o4_nominal_fast/timing_violations.rpt,45,VIOLATED,-1999,clk_osc_fast_tap5,clk_osc_fast_tap5,clk_osc_fast_tap5,(R) u_core_gen_pd_row[1].gen_pd_col[5].u_pd/hit_latched_reg/C,(F) u_core_gen_pd_row[1].gen_pd_col[5].u_pd/nfast_hit_latched_reg[0]/D
OSC_FAST_REAL,/home/validmgr/ksabra/2026_SPAD/SPADMIC/results/genus_osc_pd/20260602_o4_muxless_tags_r600_o4_nominal_fast/timing_violations.rpt,46,VIOLATED,-1999,clk_osc_fast_tap4,clk_osc_fast_tap4,clk_osc_fast_tap4,(R) u_core_gen_pd_row[1].gen_pd_col[4].u_pd/hit_latched_reg/C,(F) u_core_gen_pd_row[1].gen_pd_col[4].u_pd/nfast_hit_latched_reg[0]/D
OSC_FAST_REAL,/home/validmgr/ksabra/2026_SPAD/SPADMIC/results/genus_osc_pd/20260602_o4_muxless_tags_r600_o4_nominal_fast/timing_violations.rpt,47,VIOLATED,-1999,clk_osc_fast_tap3,clk_osc_fast_tap3,clk_osc_fast_tap3,(R) u_core_gen_pd_row[1].gen_pd_col[3].u_pd/hit_latched_reg/C,(F) u_core_gen_pd_row[1].gen_pd_col[3].u_pd/nfast_hit_latched_reg[0]/D
OSC_FAST_REAL,/home/validmgr/ksabra/2026_SPAD/SPADMIC/results/genus_osc_pd/20260602_o4_muxless_tags_r600_o4_nominal_fast/timing_violations.rpt,48,VIOLATED,-1999,clk_osc_fast_tap2,clk_osc_fast_tap2,clk_osc_fast_tap2,(R) u_core_gen_pd_row[1].gen_pd_col[2].u_pd/hit_latched_reg/C,(F) u_core_gen_pd_row[1].gen_pd_col[2].u_pd/nfast_hit_latched_reg[0]/D
OSC_FAST_REAL,/home/validmgr/ksabra/2026_SPAD/SPADMIC/results/genus_osc_pd/20260602_o4_muxless_tags_r600_o4_nominal_fast/timing_violations.rpt,49,VIOLATED,-1999,clk_osc_fast_tap1,clk_osc_fast_tap1,clk_osc_fast_tap1,(R) u_core_gen_pd_row[1].gen_pd_col[1].u_pd/hit_latched_reg/C,(F) u_core_gen_pd_row[1].gen_pd_col[1].u_pd/nfast_hit_latched_reg[0]/D
OSC_FAST_REAL,/home/validmgr/ksabra/2026_SPAD/SPADMIC/results/genus_osc_pd/20260602_o4_muxless_tags_r600_o4_nominal_fast/timing_violations.rpt,50,VIOLATED,-1999,clk_osc_fast_tap4,clk_osc_fast_tap4,clk_osc_fast_tap4,(R) u_core_gen_pd_row[0].gen_pd_col[4].u_pd/hit_latched_reg/C,(F) u_core_gen_pd_row[0].gen_pd_col[4].u_pd/nfast_hit_latched_reg[0]/D
OSC_FAST_REAL,/home/validmgr/ksabra/2026_SPAD/SPADMIC/results/genus_osc_pd/20260602_o4_muxless_tags_r600_o4_nominal_fast/timing_violations.rpt,51,VIOLATED,-1999,clk_osc_fast_tap3,clk_osc_fast_tap3,clk_osc_fast_tap3,(R) u_core_gen_pd_row[0].gen_pd_col[3].u_pd/hit_latched_reg/C,(F) u_core_gen_pd_row[0].gen_pd_col[3].u_pd/nfast_hit_latched_reg[0]/D
OSC_FAST_REAL,/home/validmgr/ksabra/2026_SPAD/SPADMIC/results/genus_osc_pd/20260602_o4_muxless_tags_r600_o4_nominal_fast/timing_violations.rpt,52,VIOLATED,-1999,clk_osc_fast_tap2,clk_osc_fast_tap2,clk_osc_fast_tap2,(R) u_core_gen_pd_row[0].gen_pd_col[2].u_pd/hit_latched_reg/C,(F) u_core_gen_pd_row[0].gen_pd_col[2].u_pd/nfast_hit_latched_reg[0]/D
OSC_FAST_REAL,/home/validmgr/ksabra/2026_SPAD/SPADMIC/results/genus_osc_pd/20260602_o4_muxless_tags_r600_o4_nominal_fast/timing_violations.rpt,53,VIOLATED,-1999,clk_osc_fast_tap1,clk_osc_fast_tap1,clk_osc_fast_tap1,(R) u_core_gen_pd_row[0].gen_pd_col[1].u_pd/hit_latched_reg/C,(F) u_core_gen_pd_row[0].gen_pd_col[1].u_pd/nfast_hit_latched_reg[0]/D
OSC_FAST_REAL,/home/validmgr/ksabra/2026_SPAD/SPADMIC/results/genus_osc_pd/20260602_o4_muxless_tags_r600_o4_nominal_fast/timing_violations.rpt,54,VIOLATED,-1998,clk_osc_fast_tap7,clk_osc_fast_tap7,clk_osc_fast_tap7,(R) u_core_gen_pd_row[0].gen_pd_col[7].u_pd/hit_latched_reg/C,(F) u_core_gen_pd_row[0].gen_pd_col[7].u_pd/nfast_hit_latched_reg[0]/D
OSC_FAST_REAL,/home/validmgr/ksabra/2026_SPAD/SPADMIC/results/genus_osc_pd/20260602_o4_muxless_tags_r600_o4_nominal_fast/timing_violations.rpt,55,VIOLATED,-1998,clk_osc_fast_tap6,clk_osc_fast_tap6,clk_osc_fast_tap6,(R) u_core_gen_pd_row[0].gen_pd_col[6].u_pd/hit_latched_reg/C,(F) u_core_gen_pd_row[0].gen_pd_col[6].u_pd/nfast_hit_latched_reg[0]/D
OSC_FAST_REAL,/home/validmgr/ksabra/2026_SPAD/SPADMIC/results/genus_osc_pd/20260602_o4_muxless_tags_r600_o4_nominal_fast/timing_violations.rpt,56,VIOLATED,-1998,clk_osc_fast_tap5,clk_osc_fast_tap5,clk_osc_fast_tap5,(R) u_core_gen_pd_row[0].gen_pd_col[5].u_pd/hit_latched_reg/C,(F) u_core_gen_pd_row[0].gen_pd_col[5].u_pd/nfast_hit_latched_reg[0]/D
OSC_FAST_REAL,/home/validmgr/ksabra/2026_SPAD/SPADMIC/results/genus_osc_pd/20260602_o4_muxless_tags_r600_o4_nominal_fast/timing_violations.rpt,57,VIOLATED,-1997,clk_osc_fast,clk_osc_fast,clk_osc_fast,(R) u_core_gen_pd_row[6].gen_pd_col[0].u_pd/hit_latched_reg/C,(F) u_core_gen_pd_row[6].gen_pd_col[0].u_pd/nfast_hit_latched_reg[4]/D
OSC_FAST_REAL,/home/validmgr/ksabra/2026_SPAD/SPADMIC/results/genus_osc_pd/20260602_o4_muxless_tags_r600_o4_nominal_fast/timing_violations.rpt,58,VIOLATED,-1997,clk_osc_fast,clk_osc_fast,clk_osc_fast,(R) u_core_gen_pd_row[5].gen_pd_col[0].u_pd/hit_latched_reg/C,(F) u_core_gen_pd_row[5].gen_pd_col[0].u_pd/nfast_hit_latched_reg[4]/D
OSC_FAST_REAL,/home/validmgr/ksabra/2026_SPAD/SPADMIC/results/genus_osc_pd/20260602_o4_muxless_tags_r600_o4_nominal_fast/timing_violations.rpt,59,VIOLATED,-1997,clk_osc_fast,clk_osc_fast,clk_osc_fast,(R) u_core_gen_pd_row[4].gen_pd_col[0].u_pd/hit_latched_reg/C,(F) u_core_gen_pd_row[4].gen_pd_col[0].u_pd/nfast_hit_latched_reg[4]/D
OSC_FAST_REAL,/home/validmgr/ksabra/2026_SPAD/SPADMIC/results/genus_osc_pd/20260602_o4_muxless_tags_r600_o4_nominal_fast/timing_violations.rpt,60,VIOLATED,-1997,clk_osc_fast,clk_osc_fast,clk_osc_fast,(R) u_core_gen_pd_row[3].gen_pd_col[0].u_pd/hit_latched_reg/C,(F) u_core_gen_pd_row[3].gen_pd_col[0].u_pd/nfast_hit_latched_reg[4]/D
OSC_FAST_REAL,/home/validmgr/ksabra/2026_SPAD/SPADMIC/results/genus_osc_pd/20260602_o4_muxless_tags_r600_o4_nominal_fast/timing_violations.rpt,61,VIOLATED,-1997,clk_osc_fast,clk_osc_fast,clk_osc_fast,(R) u_core_gen_pd_row[2].gen_pd_col[0].u_pd/hit_latched_reg/C,(F) u_core_gen_pd_row[2].gen_pd_col[0].u_pd/nfast_hit_latched_reg[4]/D
OSC_FAST_REAL,/home/validmgr/ksabra/2026_SPAD/SPADMIC/results/genus_osc_pd/20260602_o4_muxless_tags_r600_o4_nominal_fast/timing_violations.rpt,62,VIOLATED,-1997,clk_osc_fast,clk_osc_fast,clk_osc_fast,(R) u_core_gen_pd_row[7].gen_pd_col[0].u_pd/hit_latched_reg/C,(F) u_core_gen_pd_row[7].gen_pd_col[0].u_pd/nfast_hit_latched_reg[4]/D
OSC_FAST_REAL,/home/validmgr/ksabra/2026_SPAD/SPADMIC/results/genus_osc_pd/20260602_o4_muxless_tags_r600_o4_nominal_fast/timing_violations.rpt,63,VIOLATED,-1996,clk_osc_fast_tap7,clk_osc_fast_tap7,clk_osc_fast_tap7,(R) u_core_gen_pd_row[7].gen_pd_col[7].u_pd/hit_latched_reg/C,(F) u_core_gen_pd_row[7].gen_pd_col[7].u_pd/nfast_hit_latched_reg[5]/D
OSC_FAST_REAL,/home/validmgr/ksabra/2026_SPAD/SPADMIC/results/genus_osc_pd/20260602_o4_muxless_tags_r600_o4_nominal_fast/timing_violations.rpt,64,VIOLATED,-1996,clk_osc_fast_tap6,clk_osc_fast_tap6,clk_osc_fast_tap6,(R) u_core_gen_pd_row[7].gen_pd_col[6].u_pd/hit_latched_reg/C,(F) u_core_gen_pd_row[7].gen_pd_col[6].u_pd/nfast_hit_latched_reg[5]/D
OSC_FAST_REAL,/home/validmgr/ksabra/2026_SPAD/SPADMIC/results/genus_osc_pd/20260602_o4_muxless_tags_r600_o4_nominal_fast/timing_violations.rpt,65,VIOLATED,-1996,clk_osc_fast_tap5,clk_osc_fast_tap5,clk_osc_fast_tap5,(R) u_core_gen_pd_row[7].gen_pd_col[5].u_pd/hit_latched_reg/C,(F) u_core_gen_pd_row[7].gen_pd_col[5].u_pd/nfast_hit_latched_reg[5]/D
OSC_FAST_REAL,/home/validmgr/ksabra/2026_SPAD/SPADMIC/results/genus_osc_pd/20260602_o4_muxless_tags_r600_o4_nominal_fast/timing_violations.rpt,66,VIOLATED,-1996,clk_osc_fast_tap4,clk_osc_fast_tap4,clk_osc_fast_tap4,(R) u_core_gen_pd_row[7].gen_pd_col[4].u_pd/hit_latched_reg/C,(F) u_core_gen_pd_row[7].gen_pd_col[4].u_pd/nfast_hit_latched_reg[5]/D
OSC_FAST_REAL,/home/validmgr/ksabra/2026_SPAD/SPADMIC/results/genus_osc_pd/20260602_o4_muxless_tags_r600_o4_nominal_fast/timing_violations.rpt,67,VIOLATED,-1996,clk_osc_fast_tap3,clk_osc_fast_tap3,clk_osc_fast_tap3,(R) u_core_gen_pd_row[7].gen_pd_col[3].u_pd/hit_latched_reg/C,(F) u_core_gen_pd_row[7].gen_pd_col[3].u_pd/nfast_hit_latched_reg[5]/D
OSC_FAST_REAL,/home/validmgr/ksabra/2026_SPAD/SPADMIC/results/genus_osc_pd/20260602_o4_muxless_tags_r600_o4_nominal_fast/timing_violations.rpt,68,VIOLATED,-1996,clk_osc_fast_tap2,clk_osc_fast_tap2,clk_osc_fast_tap2,(R) u_core_gen_pd_row[7].gen_pd_col[2].u_pd/hit_latched_reg/C,(F) u_core_gen_pd_row[7].gen_pd_col[2].u_pd/nfast_hit_latched_reg[5]/D
OSC_FAST_REAL,/home/validmgr/ksabra/2026_SPAD/SPADMIC/results/genus_osc_pd/20260602_o4_muxless_tags_r600_o4_nominal_fast/timing_violations.rpt,69,VIOLATED,-1996,clk_osc_fast_tap1,clk_osc_fast_tap1,clk_osc_fast_tap1,(R) u_core_gen_pd_row[7].gen_pd_col[1].u_pd/hit_latched_reg/C,(F) u_core_gen_pd_row[7].gen_pd_col[1].u_pd/nfast_hit_latched_reg[5]/D
OSC_FAST_REAL,/home/validmgr/ksabra/2026_SPAD/SPADMIC/results/genus_osc_pd/20260602_o4_muxless_tags_r600_o4_nominal_fast/timing_violations.rpt,70,VIOLATED,-1996,clk_osc_fast_tap7,clk_osc_fast_tap7,clk_osc_fast_tap7,(R) u_core_gen_pd_row[6].gen_pd_col[7].u_pd/hit_latched_reg/C,(F) u_core_gen_pd_row[6].gen_pd_col[7].u_pd/nfast_hit_latched_reg[5]/D
OSC_FAST_REAL,/home/validmgr/ksabra/2026_SPAD/SPADMIC/results/genus_osc_pd/20260602_o4_muxless_tags_r600_o4_nominal_fast/timing_violations.rpt,71,VIOLATED,-1996,clk_osc_fast_tap6,clk_osc_fast_tap6,clk_osc_fast_tap6,(R) u_core_gen_pd_row[6].gen_pd_col[6].u_pd/hit_latched_reg/C,(F) u_core_gen_pd_row[6].gen_pd_col[6].u_pd/nfast_hit_latched_reg[5]/D
OSC_FAST_REAL,/home/validmgr/ksabra/2026_SPAD/SPADMIC/results/genus_osc_pd/20260602_o4_muxless_tags_r600_o4_nominal_fast/timing_violations.rpt,72,VIOLATED,-1996,clk_osc_fast_tap5,clk_osc_fast_tap5,clk_osc_fast_tap5,(R) u_core_gen_pd_row[6].gen_pd_col[5].u_pd/hit_latched_reg/C,(F) u_core_gen_pd_row[6].gen_pd_col[5].u_pd/nfast_hit_latched_reg[5]/D
OSC_FAST_REAL,/home/validmgr/ksabra/2026_SPAD/SPADMIC/results/genus_osc_pd/20260602_o4_muxless_tags_r600_o4_nominal_fast/timing_violations.rpt,73,VIOLATED,-1996,clk_osc_fast_tap4,clk_osc_fast_tap4,clk_osc_fast_tap4,(R) u_core_gen_pd_row[6].gen_pd_col[4].u_pd/hit_latched_reg/C,(F) u_core_gen_pd_row[6].gen_pd_col[4].u_pd/nfast_hit_latched_reg[5]/D
OSC_FAST_REAL,/home/validmgr/ksabra/2026_SPAD/SPADMIC/results/genus_osc_pd/20260602_o4_muxless_tags_r600_o4_nominal_fast/timing_violations.rpt,74,VIOLATED,-1996,clk_osc_fast_tap3,clk_osc_fast_tap3,clk_osc_fast_tap3,(R) u_core_gen_pd_row[6].gen_pd_col[3].u_pd/hit_latched_reg/C,(F) u_core_gen_pd_row[6].gen_pd_col[3].u_pd/nfast_hit_latched_reg[5]/D
OSC_FAST_REAL,/home/validmgr/ksabra/2026_SPAD/SPADMIC/results/genus_osc_pd/20260602_o4_muxless_tags_r600_o4_nominal_fast/timing_violations.rpt,75,VIOLATED,-1996,clk_osc_fast_tap2,clk_osc_fast_tap2,clk_osc_fast_tap2,(R) u_core_gen_pd_row[6].gen_pd_col[2].u_pd/hit_latched_reg/C,(F) u_core_gen_pd_row[6].gen_pd_col[2].u_pd/nfast_hit_latched_reg[5]/D
OSC_FAST_REAL,/home/validmgr/ksabra/2026_SPAD/SPADMIC/results/genus_osc_pd/20260602_o4_muxless_tags_r600_o4_nominal_fast/timing_violations.rpt,76,VIOLATED,-1996,clk_osc_fast_tap1,clk_osc_fast_tap1,clk_osc_fast_tap1,(R) u_core_gen_pd_row[6].gen_pd_col[1].u_pd/hit_latched_reg/C,(F) u_core_gen_pd_row[6].gen_pd_col[1].u_pd/nfast_hit_latched_reg[5]/D
OSC_FAST_REAL,/home/validmgr/ksabra/2026_SPAD/SPADMIC/results/genus_osc_pd/20260602_o4_muxless_tags_r600_o4_nominal_fast/timing_violations.rpt,77,VIOLATED,-1996,clk_osc_fast_tap7,clk_osc_fast_tap7,clk_osc_fast_tap7,(R) u_core_gen_pd_row[5].gen_pd_col[7].u_pd/hit_latched_reg/C,(F) u_core_gen_pd_row[5].gen_pd_col[7].u_pd/nfast_hit_latched_reg[5]/D
OSC_FAST_REAL,/home/validmgr/ksabra/2026_SPAD/SPADMIC/results/genus_osc_pd/20260602_o4_muxless_tags_r600_o4_nominal_fast/timing_violations.rpt,78,VIOLATED,-1996,clk_osc_fast_tap6,clk_osc_fast_tap6,clk_osc_fast_tap6,(R) u_core_gen_pd_row[5].gen_pd_col[6].u_pd/hit_latched_reg/C,(F) u_core_gen_pd_row[5].gen_pd_col[6].u_pd/nfast_hit_latched_reg[5]/D
OSC_FAST_REAL,/home/validmgr/ksabra/2026_SPAD/SPADMIC/results/genus_osc_pd/20260602_o4_muxless_tags_r600_o4_nominal_fast/timing_violations.rpt,79,VIOLATED,-1996,clk_osc_fast_tap5,clk_osc_fast_tap5,clk_osc_fast_tap5,(R) u_core_gen_pd_row[5].gen_pd_col[5].u_pd/hit_latched_reg/C,(F) u_core_gen_pd_row[5].gen_pd_col[5].u_pd/nfast_hit_latched_reg[5]/D
OSC_FAST_REAL,/home/validmgr/ksabra/2026_SPAD/SPADMIC/results/genus_osc_pd/20260602_o4_muxless_tags_r600_o4_nominal_fast/timing_violations.rpt,80,VIOLATED,-1996,clk_osc_fast_tap4,clk_osc_fast_tap4,clk_osc_fast_tap4,(R) u_core_gen_pd_row[5].gen_pd_col[4].u_pd/hit_latched_reg/C,(F) u_core_gen_pd_row[5].gen_pd_col[4].u_pd/nfast_hit_latched_reg[5]/D
OSC_FAST_REAL,/home/validmgr/ksabra/2026_SPAD/SPADMIC/results/genus_osc_pd/20260602_o4_muxless_tags_r600_o4_nominal_fast/timing_violations.rpt,81,VIOLATED,-1996,clk_osc_fast_tap3,clk_osc_fast_tap3,clk_osc_fast_tap3,(R) u_core_gen_pd_row[5].gen_pd_col[3].u_pd/hit_latched_reg/C,(F) u_core_gen_pd_row[5].gen_pd_col[3].u_pd/nfast_hit_latched_reg[5]/D
OSC_FAST_REAL,/home/validmgr/ksabra/2026_SPAD/SPADMIC/results/genus_osc_pd/20260602_o4_muxless_tags_r600_o4_nominal_fast/timing_violations.rpt,82,VIOLATED,-1996,clk_osc_fast_tap2,clk_osc_fast_tap2,clk_osc_fast_tap2,(R) u_core_gen_pd_row[5].gen_pd_col[2].u_pd/hit_latched_reg/C,(F) u_core_gen_pd_row[5].gen_pd_col[2].u_pd/nfast_hit_latched_reg[5]/D
OSC_FAST_REAL,/home/validmgr/ksabra/2026_SPAD/SPADMIC/results/genus_osc_pd/20260602_o4_muxless_tags_r600_o4_nominal_fast/timing_violations.rpt,83,VIOLATED,-1996,clk_osc_fast_tap1,clk_osc_fast_tap1,clk_osc_fast_tap1,(R) u_core_gen_pd_row[5].gen_pd_col[1].u_pd/hit_latched_reg/C,(F) u_core_gen_pd_row[5].gen_pd_col[1].u_pd/nfast_hit_latched_reg[5]/D
OSC_FAST_REAL,/home/validmgr/ksabra/2026_SPAD/SPADMIC/results/genus_osc_pd/20260602_o4_muxless_tags_r600_o4_nominal_fast/timing_violations.rpt,84,VIOLATED,-1996,clk_osc_fast_tap7,clk_osc_fast_tap7,clk_osc_fast_tap7,(R) u_core_gen_pd_row[4].gen_pd_col[7].u_pd/hit_latched_reg/C,(F) u_core_gen_pd_row[4].gen_pd_col[7].u_pd/nfast_hit_latched_reg[5]/D
OSC_FAST_REAL,/home/validmgr/ksabra/2026_SPAD/SPADMIC/results/genus_osc_pd/20260602_o4_muxless_tags_r600_o4_nominal_fast/timing_violations.rpt,85,VIOLATED,-1996,clk_osc_fast_tap6,clk_osc_fast_tap6,clk_osc_fast_tap6,(R) u_core_gen_pd_row[4].gen_pd_col[6].u_pd/hit_latched_reg/C,(F) u_core_gen_pd_row[4].gen_pd_col[6].u_pd/nfast_hit_latched_reg[5]/D
OSC_FAST_REAL,/home/validmgr/ksabra/2026_SPAD/SPADMIC/results/genus_osc_pd/20260602_o4_muxless_tags_r600_o4_nominal_fast/timing_violations.rpt,86,VIOLATED,-1996,clk_osc_fast_tap5,clk_osc_fast_tap5,clk_osc_fast_tap5,(R) u_core_gen_pd_row[4].gen_pd_col[5].u_pd/hit_latched_reg/C,(F) u_core_gen_pd_row[4].gen_pd_col[5].u_pd/nfast_hit_latched_reg[5]/D
OSC_FAST_REAL,/home/validmgr/ksabra/2026_SPAD/SPADMIC/results/genus_osc_pd/20260602_o4_muxless_tags_r600_o4_nominal_fast/timing_violations.rpt,87,VIOLATED,-1996,clk_osc_fast_tap4,clk_osc_fast_tap4,clk_osc_fast_tap4,(R) u_core_gen_pd_row[4].gen_pd_col[4].u_pd/hit_latched_reg/C,(F) u_core_gen_pd_row[4].gen_pd_col[4].u_pd/nfast_hit_latched_reg[5]/D
OSC_FAST_REAL,/home/validmgr/ksabra/2026_SPAD/SPADMIC/results/genus_osc_pd/20260602_o4_muxless_tags_r600_o4_nominal_fast/timing_violations.rpt,88,VIOLATED,-1996,clk_osc_fast_tap3,clk_osc_fast_tap3,clk_osc_fast_tap3,(R) u_core_gen_pd_row[4].gen_pd_col[3].u_pd/hit_latched_reg/C,(F) u_core_gen_pd_row[4].gen_pd_col[3].u_pd/nfast_hit_latched_reg[5]/D
OSC_FAST_REAL,/home/validmgr/ksabra/2026_SPAD/SPADMIC/results/genus_osc_pd/20260602_o4_muxless_tags_r600_o4_nominal_fast/timing_violations.rpt,89,VIOLATED,-1996,clk_osc_fast_tap2,clk_osc_fast_tap2,clk_osc_fast_tap2,(R) u_core_gen_pd_row[4].gen_pd_col[2].u_pd/hit_latched_reg/C,(F) u_core_gen_pd_row[4].gen_pd_col[2].u_pd/nfast_hit_latched_reg[5]/D
OSC_FAST_REAL,/home/validmgr/ksabra/2026_SPAD/SPADMIC/results/genus_osc_pd/20260602_o4_muxless_tags_r600_o4_nominal_fast/timing_violations.rpt,90,VIOLATED,-1996,clk_osc_fast_tap1,clk_osc_fast_tap1,clk_osc_fast_tap1,(R) u_core_gen_pd_row[4].gen_pd_col[1].u_pd/hit_latched_reg/C,(F) u_core_gen_pd_row[4].gen_pd_col[1].u_pd/nfast_hit_latched_reg[5]/D
OSC_FAST_REAL,/home/validmgr/ksabra/2026_SPAD/SPADMIC/results/genus_osc_pd/20260602_o4_muxless_tags_r600_o4_nominal_fast/timing_violations.rpt,91,VIOLATED,-1996,clk_osc_fast_tap7,clk_osc_fast_tap7,clk_osc_fast_tap7,(R) u_core_gen_pd_row[3].gen_pd_col[7].u_pd/hit_latched_reg/C,(F) u_core_gen_pd_row[3].gen_pd_col[7].u_pd/nfast_hit_latched_reg[5]/D
OSC_FAST_REAL,/home/validmgr/ksabra/2026_SPAD/SPADMIC/results/genus_osc_pd/20260602_o4_muxless_tags_r600_o4_nominal_fast/timing_violations.rpt,92,VIOLATED,-1996,clk_osc_fast_tap6,clk_osc_fast_tap6,clk_osc_fast_tap6,(R) u_core_gen_pd_row[3].gen_pd_col[6].u_pd/hit_latched_reg/C,(F) u_core_gen_pd_row[3].gen_pd_col[6].u_pd/nfast_hit_latched_reg[5]/D
OSC_FAST_REAL,/home/validmgr/ksabra/2026_SPAD/SPADMIC/results/genus_osc_pd/20260602_o4_muxless_tags_r600_o4_nominal_fast/timing_violations.rpt,93,VIOLATED,-1996,clk_osc_fast_tap5,clk_osc_fast_tap5,clk_osc_fast_tap5,(R) u_core_gen_pd_row[3].gen_pd_col[5].u_pd/hit_latched_reg/C,(F) u_core_gen_pd_row[3].gen_pd_col[5].u_pd/nfast_hit_latched_reg[5]/D
OSC_FAST_REAL,/home/validmgr/ksabra/2026_SPAD/SPADMIC/results/genus_osc_pd/20260602_o4_muxless_tags_r600_o4_nominal_fast/timing_violations.rpt,94,VIOLATED,-1996,clk_osc_fast_tap4,clk_osc_fast_tap4,clk_osc_fast_tap4,(R) u_core_gen_pd_row[3].gen_pd_col[4].u_pd/hit_latched_reg/C,(F) u_core_gen_pd_row[3].gen_pd_col[4].u_pd/nfast_hit_latched_reg[5]/D
OSC_FAST_REAL,/home/validmgr/ksabra/2026_SPAD/SPADMIC/results/genus_osc_pd/20260602_o4_muxless_tags_r600_o4_nominal_fast/timing_violations.rpt,95,VIOLATED,-1996,clk_osc_fast_tap3,clk_osc_fast_tap3,clk_osc_fast_tap3,(R) u_core_gen_pd_row[3].gen_pd_col[3].u_pd/hit_latched_reg/C,(F) u_core_gen_pd_row[3].gen_pd_col[3].u_pd/nfast_hit_latched_reg[5]/D
OSC_FAST_REAL,/home/validmgr/ksabra/2026_SPAD/SPADMIC/results/genus_osc_pd/20260602_o4_muxless_tags_r600_o4_nominal_fast/timing_violations.rpt,96,VIOLATED,-1996,clk_osc_fast_tap2,clk_osc_fast_tap2,clk_osc_fast_tap2,(R) u_core_gen_pd_row[3].gen_pd_col[2].u_pd/hit_latched_reg/C,(F) u_core_gen_pd_row[3].gen_pd_col[2].u_pd/nfast_hit_latched_reg[5]/D
OSC_FAST_REAL,/home/validmgr/ksabra/2026_SPAD/SPADMIC/results/genus_osc_pd/20260602_o4_muxless_tags_r600_o4_nominal_fast/timing_violations.rpt,97,VIOLATED,-1996,clk_osc_fast_tap1,clk_osc_fast_tap1,clk_osc_fast_tap1,(R) u_core_gen_pd_row[3].gen_pd_col[1].u_pd/hit_latched_reg/C,(F) u_core_gen_pd_row[3].gen_pd_col[1].u_pd/nfast_hit_latched_reg[5]/D
OSC_FAST_REAL,/home/validmgr/ksabra/2026_SPAD/SPADMIC/results/genus_osc_pd/20260602_o4_muxless_tags_r600_o4_nominal_fast/timing_violations.rpt,98,VIOLATED,-1996,clk_osc_fast_tap7,clk_osc_fast_tap7,clk_osc_fast_tap7,(R) u_core_gen_pd_row[2].gen_pd_col[7].u_pd/hit_latched_reg/C,(F) u_core_gen_pd_row[2].gen_pd_col[7].u_pd/nfast_hit_latched_reg[5]/D
OSC_FAST_REAL,/home/validmgr/ksabra/2026_SPAD/SPADMIC/results/genus_osc_pd/20260602_o4_muxless_tags_r600_o4_nominal_fast/timing_violations.rpt,99,VIOLATED,-1996,clk_osc_fast_tap6,clk_osc_fast_tap6,clk_osc_fast_tap6,(R) u_core_gen_pd_row[2].gen_pd_col[6].u_pd/hit_latched_reg/C,(F) u_core_gen_pd_row[2].gen_pd_col[6].u_pd/nfast_hit_latched_reg[5]/D
OSC_FAST_REAL,/home/validmgr/ksabra/2026_SPAD/SPADMIC/results/genus_osc_pd/20260602_o4_muxless_tags_r600_o4_nominal_fast/timing_violations.rpt,100,VIOLATED,-1996,clk_osc_fast_tap5,clk_osc_fast_tap5,clk_osc_fast_tap5,(R) u_core_gen_pd_row[2].gen_pd_col[5].u_pd/hit_latched_reg/C,(F) u_core_gen_pd_row[2].gen_pd_col[5].u_pd/nfast_hit_latched_reg[5]/D
OSC_FAST_REAL,/home/validmgr/ksabra/2026_SPAD/SPADMIC/results/genus_osc_pd/20260602_o4_muxless_tags_r600_o4_nominal_fast/timing_violations.rpt,101,VIOLATED,-1996,clk_osc_fast_tap4,clk_osc_fast_tap4,clk_osc_fast_tap4,(R) u_core_gen_pd_row[2].gen_pd_col[4].u_pd/hit_latched_reg/C,(F) u_core_gen_pd_row[2].gen_pd_col[4].u_pd/nfast_hit_latched_reg[5]/D
OSC_FAST_REAL,/home/validmgr/ksabra/2026_SPAD/SPADMIC/results/genus_osc_pd/20260602_o4_muxless_tags_r600_o4_nominal_fast/timing_violations.rpt,102,VIOLATED,-1996,clk_osc_fast_tap3,clk_osc_fast_tap3,clk_osc_fast_tap3,(R) u_core_gen_pd_row[2].gen_pd_col[3].u_pd/hit_latched_reg/C,(F) u_core_gen_pd_row[2].gen_pd_col[3].u_pd/nfast_hit_latched_reg[5]/D
OSC_FAST_REAL,/home/validmgr/ksabra/2026_SPAD/SPADMIC/results/genus_osc_pd/20260602_o4_muxless_tags_r600_o4_nominal_fast/timing_violations.rpt,103,VIOLATED,-1996,clk_osc_fast_tap2,clk_osc_fast_tap2,clk_osc_fast_tap2,(R) u_core_gen_pd_row[2].gen_pd_col[2].u_pd/hit_latched_reg/C,(F) u_core_gen_pd_row[2].gen_pd_col[2].u_pd/nfast_hit_latched_reg[5]/D
OSC_FAST_REAL,/home/validmgr/ksabra/2026_SPAD/SPADMIC/results/genus_osc_pd/20260602_o4_muxless_tags_r600_o4_nominal_fast/timing_violations.rpt,104,VIOLATED,-1996,clk_osc_fast_tap1,clk_osc_fast_tap1,clk_osc_fast_tap1,(R) u_core_gen_pd_row[2].gen_pd_col[1].u_pd/hit_latched_reg/C,(F) u_core_gen_pd_row[2].gen_pd_col[1].u_pd/nfast_hit_latched_reg[5]/D
OSC_FAST_REAL,/home/validmgr/ksabra/2026_SPAD/SPADMIC/results/genus_osc_pd/20260602_o4_muxless_tags_r600_o4_nominal_fast/timing_violations.rpt,105,VIOLATED,-1996,clk_osc_fast_tap7,clk_osc_fast_tap7,clk_osc_fast_tap7,(R) u_core_gen_pd_row[1].gen_pd_col[7].u_pd/hit_latched_reg/C,(F) u_core_gen_pd_row[1].gen_pd_col[7].u_pd/nfast_hit_latched_reg[5]/D
OSC_FAST_REAL,/home/validmgr/ksabra/2026_SPAD/SPADMIC/results/genus_osc_pd/20260602_o4_muxless_tags_r600_o4_nominal_fast/timing_violations.rpt,106,VIOLATED,-1996,clk_osc_fast_tap6,clk_osc_fast_tap6,clk_osc_fast_tap6,(R) u_core_gen_pd_row[1].gen_pd_col[6].u_pd/hit_latched_reg/C,(F) u_core_gen_pd_row[1].gen_pd_col[6].u_pd/nfast_hit_latched_reg[5]/D
OSC_FAST_REAL,/home/validmgr/ksabra/2026_SPAD/SPADMIC/results/genus_osc_pd/20260602_o4_muxless_tags_r600_o4_nominal_fast/timing_violations.rpt,107,VIOLATED,-1996,clk_osc_fast_tap5,clk_osc_fast_tap5,clk_osc_fast_tap5,(R) u_core_gen_pd_row[1].gen_pd_col[5].u_pd/hit_latched_reg/C,(F) u_core_gen_pd_row[1].gen_pd_col[5].u_pd/nfast_hit_latched_reg[5]/D
OSC_FAST_REAL,/home/validmgr/ksabra/2026_SPAD/SPADMIC/results/genus_osc_pd/20260602_o4_muxless_tags_r600_o4_nominal_fast/timing_violations.rpt,108,VIOLATED,-1996,clk_osc_fast_tap4,clk_osc_fast_tap4,clk_osc_fast_tap4,(R) u_core_gen_pd_row[1].gen_pd_col[4].u_pd/hit_latched_reg/C,(F) u_core_gen_pd_row[1].gen_pd_col[4].u_pd/nfast_hit_latched_reg[5]/D
OSC_FAST_REAL,/home/validmgr/ksabra/2026_SPAD/SPADMIC/results/genus_osc_pd/20260602_o4_muxless_tags_r600_o4_nominal_fast/timing_violations.rpt,109,VIOLATED,-1996,clk_osc_fast_tap3,clk_osc_fast_tap3,clk_osc_fast_tap3,(R) u_core_gen_pd_row[1].gen_pd_col[3].u_pd/hit_latched_reg/C,(F) u_core_gen_pd_row[1].gen_pd_col[3].u_pd/nfast_hit_latched_reg[5]/D
OSC_FAST_REAL,/home/validmgr/ksabra/2026_SPAD/SPADMIC/results/genus_osc_pd/20260602_o4_muxless_tags_r600_o4_nominal_fast/timing_violations.rpt,110,VIOLATED,-1996,clk_osc_fast_tap2,clk_osc_fast_tap2,clk_osc_fast_tap2,(R) u_core_gen_pd_row[1].gen_pd_col[2].u_pd/hit_latched_reg/C,(F) u_core_gen_pd_row[1].gen_pd_col[2].u_pd/nfast_hit_latched_reg[5]/D
OSC_FAST_REAL,/home/validmgr/ksabra/2026_SPAD/SPADMIC/results/genus_osc_pd/20260602_o4_muxless_tags_r600_o4_nominal_fast/timing_violations.rpt,111,VIOLATED,-1996,clk_osc_fast_tap1,clk_osc_fast_tap1,clk_osc_fast_tap1,(R) u_core_gen_pd_row[1].gen_pd_col[1].u_pd/hit_latched_reg/C,(F) u_core_gen_pd_row[1].gen_pd_col[1].u_pd/nfast_hit_latched_reg[5]/D
OSC_FAST_REAL,/home/validmgr/ksabra/2026_SPAD/SPADMIC/results/genus_osc_pd/20260602_o4_muxless_tags_r600_o4_nominal_fast/timing_violations.rpt,112,VIOLATED,-1996,clk_osc_fast_tap4,clk_osc_fast_tap4,clk_osc_fast_tap4,(R) u_core_gen_pd_row[0].gen_pd_col[4].u_pd/hit_latched_reg/C,(F) u_core_gen_pd_row[0].gen_pd_col[4].u_pd/nfast_hit_latched_reg[5]/D
OSC_FAST_REAL,/home/validmgr/ksabra/2026_SPAD/SPADMIC/results/genus_osc_pd/20260602_o4_muxless_tags_r600_o4_nominal_fast/timing_violations.rpt,113,VIOLATED,-1996,clk_osc_fast_tap3,clk_osc_fast_tap3,clk_osc_fast_tap3,(R) u_core_gen_pd_row[0].gen_pd_col[3].u_pd/hit_latched_reg/C,(F) u_core_gen_pd_row[0].gen_pd_col[3].u_pd/nfast_hit_latched_reg[5]/D
OSC_FAST_REAL,/home/validmgr/ksabra/2026_SPAD/SPADMIC/results/genus_osc_pd/20260602_o4_muxless_tags_r600_o4_nominal_fast/timing_violations.rpt,114,VIOLATED,-1996,clk_osc_fast_tap2,clk_osc_fast_tap2,clk_osc_fast_tap2,(R) u_core_gen_pd_row[0].gen_pd_col[2].u_pd/hit_latched_reg/C,(F) u_core_gen_pd_row[0].gen_pd_col[2].u_pd/nfast_hit_latched_reg[5]/D
OSC_FAST_REAL,/home/validmgr/ksabra/2026_SPAD/SPADMIC/results/genus_osc_pd/20260602_o4_muxless_tags_r600_o4_nominal_fast/timing_violations.rpt,115,VIOLATED,-1996,clk_osc_fast_tap1,clk_osc_fast_tap1,clk_osc_fast_tap1,(R) u_core_gen_pd_row[0].gen_pd_col[1].u_pd/hit_latched_reg/C,(F) u_core_gen_pd_row[0].gen_pd_col[1].u_pd/nfast_hit_latched_reg[5]/D
OSC_FAST_REAL,/home/validmgr/ksabra/2026_SPAD/SPADMIC/results/genus_osc_pd/20260602_o4_muxless_tags_r600_o4_nominal_fast/timing_violations.rpt,116,VIOLATED,-1996,clk_osc_fast_tap7,clk_osc_fast_tap7,clk_osc_fast_tap7,(R) u_core_gen_pd_row[7].gen_pd_col[7].u_pd/hit_latched_reg/C,(F) u_core_gen_pd_row[7].gen_pd_col[7].u_pd/nfast_hit_latched_reg[6]/D
OSC_FAST_REAL,/home/validmgr/ksabra/2026_SPAD/SPADMIC/results/genus_osc_pd/20260602_o4_muxless_tags_r600_o4_nominal_fast/timing_violations.rpt,117,VIOLATED,-1996,clk_osc_fast_tap6,clk_osc_fast_tap6,clk_osc_fast_tap6,(R) u_core_gen_pd_row[7].gen_pd_col[6].u_pd/hit_latched_reg/C,(F) u_core_gen_pd_row[7].gen_pd_col[6].u_pd/nfast_hit_latched_reg[6]/D
OSC_FAST_REAL,/home/validmgr/ksabra/2026_SPAD/SPADMIC/results/genus_osc_pd/20260602_o4_muxless_tags_r600_o4_nominal_fast/timing_violations.rpt,118,VIOLATED,-1996,clk_osc_fast_tap5,clk_osc_fast_tap5,clk_osc_fast_tap5,(R) u_core_gen_pd_row[7].gen_pd_col[5].u_pd/hit_latched_reg/C,(F) u_core_gen_pd_row[7].gen_pd_col[5].u_pd/nfast_hit_latched_reg[6]/D
OSC_FAST_REAL,/home/validmgr/ksabra/2026_SPAD/SPADMIC/results/genus_osc_pd/20260602_o4_muxless_tags_r600_o4_nominal_fast/timing_violations.rpt,119,VIOLATED,-1996,clk_osc_fast_tap4,clk_osc_fast_tap4,clk_osc_fast_tap4,(R) u_core_gen_pd_row[7].gen_pd_col[4].u_pd/hit_latched_reg/C,(F) u_core_gen_pd_row[7].gen_pd_col[4].u_pd/nfast_hit_latched_reg[6]/D
OSC_FAST_REAL,/home/validmgr/ksabra/2026_SPAD/SPADMIC/results/genus_osc_pd/20260602_o4_muxless_tags_r600_o4_nominal_fast/timing_violations.rpt,120,VIOLATED,-1996,clk_osc_fast_tap3,clk_osc_fast_tap3,clk_osc_fast_tap3,(R) u_core_gen_pd_row[7].gen_pd_col[3].u_pd/hit_latched_reg/C,(F) u_core_gen_pd_row[7].gen_pd_col[3].u_pd/nfast_hit_latched_reg[6]/D
OSC_FAST_REAL,/home/validmgr/ksabra/2026_SPAD/SPADMIC/results/genus_osc_pd/20260602_o4_muxless_tags_r600_o4_nominal_fast/timing_violations.rpt,121,VIOLATED,-1996,clk_osc_fast_tap2,clk_osc_fast_tap2,clk_osc_fast_tap2,(R) u_core_gen_pd_row[7].gen_pd_col[2].u_pd/hit_latched_reg/C,(F) u_core_gen_pd_row[7].gen_pd_col[2].u_pd/nfast_hit_latched_reg[6]/D
OSC_FAST_REAL,/home/validmgr/ksabra/2026_SPAD/SPADMIC/results/genus_osc_pd/20260602_o4_muxless_tags_r600_o4_nominal_fast/timing_violations.rpt,122,VIOLATED,-1996,clk_osc_fast_tap1,clk_osc_fast_tap1,clk_osc_fast_tap1,(R) u_core_gen_pd_row[7].gen_pd_col[1].u_pd/hit_latched_reg/C,(F) u_core_gen_pd_row[7].gen_pd_col[1].u_pd/nfast_hit_latched_reg[6]/D
OSC_FAST_REAL,/home/validmgr/ksabra/2026_SPAD/SPADMIC/results/genus_osc_pd/20260602_o4_muxless_tags_r600_o4_nominal_fast/timing_violations.rpt,123,VIOLATED,-1996,clk_osc_fast_tap7,clk_osc_fast_tap7,clk_osc_fast_tap7,(R) u_core_gen_pd_row[6].gen_pd_col[7].u_pd/hit_latched_reg/C,(F) u_core_gen_pd_row[6].gen_pd_col[7].u_pd/nfast_hit_latched_reg[6]/D
OSC_FAST_REAL,/home/validmgr/ksabra/2026_SPAD/SPADMIC/results/genus_osc_pd/20260602_o4_muxless_tags_r600_o4_nominal_fast/timing_violations.rpt,124,VIOLATED,-1996,clk_osc_fast_tap6,clk_osc_fast_tap6,clk_osc_fast_tap6,(R) u_core_gen_pd_row[6].gen_pd_col[6].u_pd/hit_latched_reg/C,(F) u_core_gen_pd_row[6].gen_pd_col[6].u_pd/nfast_hit_latched_reg[6]/D
OSC_FAST_REAL,/home/validmgr/ksabra/2026_SPAD/SPADMIC/results/genus_osc_pd/20260602_o4_muxless_tags_r600_o4_nominal_fast/timing_violations.rpt,125,VIOLATED,-1996,clk_osc_fast_tap5,clk_osc_fast_tap5,clk_osc_fast_tap5,(R) u_core_gen_pd_row[6].gen_pd_col[5].u_pd/hit_latched_reg/C,(F) u_core_gen_pd_row[6].gen_pd_col[5].u_pd/nfast_hit_latched_reg[6]/D
OSC_FAST_REAL,/home/validmgr/ksabra/2026_SPAD/SPADMIC/results/genus_osc_pd/20260602_o4_muxless_tags_r600_o4_nominal_fast/timing_violations.rpt,126,VIOLATED,-1996,clk_osc_fast_tap4,clk_osc_fast_tap4,clk_osc_fast_tap4,(R) u_core_gen_pd_row[6].gen_pd_col[4].u_pd/hit_latched_reg/C,(F) u_core_gen_pd_row[6].gen_pd_col[4].u_pd/nfast_hit_latched_reg[6]/D
OSC_FAST_REAL,/home/validmgr/ksabra/2026_SPAD/SPADMIC/results/genus_osc_pd/20260602_o4_muxless_tags_r600_o4_nominal_fast/timing_violations.rpt,127,VIOLATED,-1996,clk_osc_fast_tap3,clk_osc_fast_tap3,clk_osc_fast_tap3,(R) u_core_gen_pd_row[6].gen_pd_col[3].u_pd/hit_latched_reg/C,(F) u_core_gen_pd_row[6].gen_pd_col[3].u_pd/nfast_hit_latched_reg[6]/D
OSC_FAST_REAL,/home/validmgr/ksabra/2026_SPAD/SPADMIC/results/genus_osc_pd/20260602_o4_muxless_tags_r600_o4_nominal_fast/timing_violations.rpt,128,VIOLATED,-1996,clk_osc_fast_tap2,clk_osc_fast_tap2,clk_osc_fast_tap2,(R) u_core_gen_pd_row[6].gen_pd_col[2].u_pd/hit_latched_reg/C,(F) u_core_gen_pd_row[6].gen_pd_col[2].u_pd/nfast_hit_latched_reg[6]/D
OSC_FAST_REAL,/home/validmgr/ksabra/2026_SPAD/SPADMIC/results/genus_osc_pd/20260602_o4_muxless_tags_r600_o4_nominal_fast/timing_violations.rpt,129,VIOLATED,-1996,clk_osc_fast_tap1,clk_osc_fast_tap1,clk_osc_fast_tap1,(R) u_core_gen_pd_row[6].gen_pd_col[1].u_pd/hit_latched_reg/C,(F) u_core_gen_pd_row[6].gen_pd_col[1].u_pd/nfast_hit_latched_reg[6]/D
OSC_FAST_REAL,/home/validmgr/ksabra/2026_SPAD/SPADMIC/results/genus_osc_pd/20260602_o4_muxless_tags_r600_o4_nominal_fast/timing_violations.rpt,130,VIOLATED,-1996,clk_osc_fast_tap7,clk_osc_fast_tap7,clk_osc_fast_tap7,(R) u_core_gen_pd_row[5].gen_pd_col[7].u_pd/hit_latched_reg/C,(F) u_core_gen_pd_row[5].gen_pd_col[7].u_pd/nfast_hit_latched_reg[6]/D
OSC_FAST_REAL,/home/validmgr/ksabra/2026_SPAD/SPADMIC/results/genus_osc_pd/20260602_o4_muxless_tags_r600_o4_nominal_fast/timing_violations.rpt,131,VIOLATED,-1996,clk_osc_fast_tap6,clk_osc_fast_tap6,clk_osc_fast_tap6,(R) u_core_gen_pd_row[5].gen_pd_col[6].u_pd/hit_latched_reg/C,(F) u_core_gen_pd_row[5].gen_pd_col[6].u_pd/nfast_hit_latched_reg[6]/D
OSC_FAST_REAL,/home/validmgr/ksabra/2026_SPAD/SPADMIC/results/genus_osc_pd/20260602_o4_muxless_tags_r600_o4_nominal_fast/timing_violations.rpt,132,VIOLATED,-1996,clk_osc_fast_tap5,clk_osc_fast_tap5,clk_osc_fast_tap5,(R) u_core_gen_pd_row[5].gen_pd_col[5].u_pd/hit_latched_reg/C,(F) u_core_gen_pd_row[5].gen_pd_col[5].u_pd/nfast_hit_latched_reg[6]/D
OSC_FAST_REAL,/home/validmgr/ksabra/2026_SPAD/SPADMIC/results/genus_osc_pd/20260602_o4_muxless_tags_r600_o4_nominal_fast/timing_violations.rpt,133,VIOLATED,-1996,clk_osc_fast_tap4,clk_osc_fast_tap4,clk_osc_fast_tap4,(R) u_core_gen_pd_row[5].gen_pd_col[4].u_pd/hit_latched_reg/C,(F) u_core_gen_pd_row[5].gen_pd_col[4].u_pd/nfast_hit_latched_reg[6]/D
OSC_FAST_REAL,/home/validmgr/ksabra/2026_SPAD/SPADMIC/results/genus_osc_pd/20260602_o4_muxless_tags_r600_o4_nominal_fast/timing_violations.rpt,134,VIOLATED,-1996,clk_osc_fast_tap3,clk_osc_fast_tap3,clk_osc_fast_tap3,(R) u_core_gen_pd_row[5].gen_pd_col[3].u_pd/hit_latched_reg/C,(F) u_core_gen_pd_row[5].gen_pd_col[3].u_pd/nfast_hit_latched_reg[6]/D
OSC_FAST_REAL,/home/validmgr/ksabra/2026_SPAD/SPADMIC/results/genus_osc_pd/20260602_o4_muxless_tags_r600_o4_nominal_fast/timing_violations.rpt,135,VIOLATED,-1996,clk_osc_fast_tap2,clk_osc_fast_tap2,clk_osc_fast_tap2,(R) u_core_gen_pd_row[5].gen_pd_col[2].u_pd/hit_latched_reg/C,(F) u_core_gen_pd_row[5].gen_pd_col[2].u_pd/nfast_hit_latched_reg[6]/D
OSC_FAST_REAL,/home/validmgr/ksabra/2026_SPAD/SPADMIC/results/genus_osc_pd/20260602_o4_muxless_tags_r600_o4_nominal_fast/timing_violations.rpt,136,VIOLATED,-1996,clk_osc_fast_tap1,clk_osc_fast_tap1,clk_osc_fast_tap1,(R) u_core_gen_pd_row[5].gen_pd_col[1].u_pd/hit_latched_reg/C,(F) u_core_gen_pd_row[5].gen_pd_col[1].u_pd/nfast_hit_latched_reg[6]/D
OSC_FAST_REAL,/home/validmgr/ksabra/2026_SPAD/SPADMIC/results/genus_osc_pd/20260602_o4_muxless_tags_r600_o4_nominal_fast/timing_violations.rpt,137,VIOLATED,-1996,clk_osc_fast_tap7,clk_osc_fast_tap7,clk_osc_fast_tap7,(R) u_core_gen_pd_row[4].gen_pd_col[7].u_pd/hit_latched_reg/C,(F) u_core_gen_pd_row[4].gen_pd_col[7].u_pd/nfast_hit_latched_reg[6]/D
OSC_FAST_REAL,/home/validmgr/ksabra/2026_SPAD/SPADMIC/results/genus_osc_pd/20260602_o4_muxless_tags_r600_o4_nominal_fast/timing_violations.rpt,138,VIOLATED,-1996,clk_osc_fast_tap6,clk_osc_fast_tap6,clk_osc_fast_tap6,(R) u_core_gen_pd_row[4].gen_pd_col[6].u_pd/hit_latched_reg/C,(F) u_core_gen_pd_row[4].gen_pd_col[6].u_pd/nfast_hit_latched_reg[6]/D
OSC_FAST_REAL,/home/validmgr/ksabra/2026_SPAD/SPADMIC/results/genus_osc_pd/20260602_o4_muxless_tags_r600_o4_nominal_fast/timing_violations.rpt,139,VIOLATED,-1996,clk_osc_fast_tap5,clk_osc_fast_tap5,clk_osc_fast_tap5,(R) u_core_gen_pd_row[4].gen_pd_col[5].u_pd/hit_latched_reg/C,(F) u_core_gen_pd_row[4].gen_pd_col[5].u_pd/nfast_hit_latched_reg[6]/D
OSC_FAST_REAL,/home/validmgr/ksabra/2026_SPAD/SPADMIC/results/genus_osc_pd/20260602_o4_muxless_tags_r600_o4_nominal_fast/timing_violations.rpt,140,VIOLATED,-1996,clk_osc_fast_tap4,clk_osc_fast_tap4,clk_osc_fast_tap4,(R) u_core_gen_pd_row[4].gen_pd_col[4].u_pd/hit_latched_reg/C,(F) u_core_gen_pd_row[4].gen_pd_col[4].u_pd/nfast_hit_latched_reg[6]/D
OSC_FAST_REAL,/home/validmgr/ksabra/2026_SPAD/SPADMIC/results/genus_osc_pd/20260602_o4_muxless_tags_r600_o4_nominal_fast/timing_violations.rpt,141,VIOLATED,-1996,clk_osc_fast_tap3,clk_osc_fast_tap3,clk_osc_fast_tap3,(R) u_core_gen_pd_row[4].gen_pd_col[3].u_pd/hit_latched_reg/C,(F) u_core_gen_pd_row[4].gen_pd_col[3].u_pd/nfast_hit_latched_reg[6]/D
OSC_FAST_REAL,/home/validmgr/ksabra/2026_SPAD/SPADMIC/results/genus_osc_pd/20260602_o4_muxless_tags_r600_o4_nominal_fast/timing_violations.rpt,142,VIOLATED,-1996,clk_osc_fast_tap2,clk_osc_fast_tap2,clk_osc_fast_tap2,(R) u_core_gen_pd_row[4].gen_pd_col[2].u_pd/hit_latched_reg/C,(F) u_core_gen_pd_row[4].gen_pd_col[2].u_pd/nfast_hit_latched_reg[6]/D
OSC_FAST_REAL,/home/validmgr/ksabra/2026_SPAD/SPADMIC/results/genus_osc_pd/20260602_o4_muxless_tags_r600_o4_nominal_fast/timing_violations.rpt,143,VIOLATED,-1996,clk_osc_fast_tap1,clk_osc_fast_tap1,clk_osc_fast_tap1,(R) u_core_gen_pd_row[4].gen_pd_col[1].u_pd/hit_latched_reg/C,(F) u_core_gen_pd_row[4].gen_pd_col[1].u_pd/nfast_hit_latched_reg[6]/D
OSC_FAST_REAL,/home/validmgr/ksabra/2026_SPAD/SPADMIC/results/genus_osc_pd/20260602_o4_muxless_tags_r600_o4_nominal_fast/timing_violations.rpt,144,VIOLATED,-1996,clk_osc_fast_tap7,clk_osc_fast_tap7,clk_osc_fast_tap7,(R) u_core_gen_pd_row[3].gen_pd_col[7].u_pd/hit_latched_reg/C,(F) u_core_gen_pd_row[3].gen_pd_col[7].u_pd/nfast_hit_latched_reg[6]/D
OSC_FAST_REAL,/home/validmgr/ksabra/2026_SPAD/SPADMIC/results/genus_osc_pd/20260602_o4_muxless_tags_r600_o4_nominal_fast/timing_violations.rpt,145,VIOLATED,-1996,clk_osc_fast_tap6,clk_osc_fast_tap6,clk_osc_fast_tap6,(R) u_core_gen_pd_row[3].gen_pd_col[6].u_pd/hit_latched_reg/C,(F) u_core_gen_pd_row[3].gen_pd_col[6].u_pd/nfast_hit_latched_reg[6]/D
OSC_FAST_REAL,/home/validmgr/ksabra/2026_SPAD/SPADMIC/results/genus_osc_pd/20260602_o4_muxless_tags_r600_o4_nominal_fast/timing_violations.rpt,146,VIOLATED,-1996,clk_osc_fast_tap5,clk_osc_fast_tap5,clk_osc_fast_tap5,(R) u_core_gen_pd_row[3].gen_pd_col[5].u_pd/hit_latched_reg/C,(F) u_core_gen_pd_row[3].gen_pd_col[5].u_pd/nfast_hit_latched_reg[6]/D
OSC_FAST_REAL,/home/validmgr/ksabra/2026_SPAD/SPADMIC/results/genus_osc_pd/20260602_o4_muxless_tags_r600_o4_nominal_fast/timing_violations.rpt,147,VIOLATED,-1996,clk_osc_fast_tap4,clk_osc_fast_tap4,clk_osc_fast_tap4,(R) u_core_gen_pd_row[3].gen_pd_col[4].u_pd/hit_latched_reg/C,(F) u_core_gen_pd_row[3].gen_pd_col[4].u_pd/nfast_hit_latched_reg[6]/D
OSC_FAST_REAL,/home/validmgr/ksabra/2026_SPAD/SPADMIC/results/genus_osc_pd/20260602_o4_muxless_tags_r600_o4_nominal_fast/timing_violations.rpt,148,VIOLATED,-1996,clk_osc_fast_tap3,clk_osc_fast_tap3,clk_osc_fast_tap3,(R) u_core_gen_pd_row[3].gen_pd_col[3].u_pd/hit_latched_reg/C,(F) u_core_gen_pd_row[3].gen_pd_col[3].u_pd/nfast_hit_latched_reg[6]/D
OSC_FAST_REAL,/home/validmgr/ksabra/2026_SPAD/SPADMIC/results/genus_osc_pd/20260602_o4_muxless_tags_r600_o4_nominal_fast/timing_violations.rpt,149,VIOLATED,-1996,clk_osc_fast_tap2,clk_osc_fast_tap2,clk_osc_fast_tap2,(R) u_core_gen_pd_row[3].gen_pd_col[2].u_pd/hit_latched_reg/C,(F) u_core_gen_pd_row[3].gen_pd_col[2].u_pd/nfast_hit_latched_reg[6]/D
OSC_FAST_REAL,/home/validmgr/ksabra/2026_SPAD/SPADMIC/results/genus_osc_pd/20260602_o4_muxless_tags_r600_o4_nominal_fast/timing_violations.rpt,150,VIOLATED,-1996,clk_osc_fast_tap1,clk_osc_fast_tap1,clk_osc_fast_tap1,(R) u_core_gen_pd_row[3].gen_pd_col[1].u_pd/hit_latched_reg/C,(F) u_core_gen_pd_row[3].gen_pd_col[1].u_pd/nfast_hit_latched_reg[6]/D
OSC_FAST_REAL,/home/validmgr/ksabra/2026_SPAD/SPADMIC/results/genus_osc_pd/20260602_o4_muxless_tags_r600_o4_nominal_fast/timing_violations.rpt,151,VIOLATED,-1996,clk_osc_fast_tap7,clk_osc_fast_tap7,clk_osc_fast_tap7,(R) u_core_gen_pd_row[2].gen_pd_col[7].u_pd/hit_latched_reg/C,(F) u_core_gen_pd_row[2].gen_pd_col[7].u_pd/nfast_hit_latched_reg[6]/D
OSC_FAST_REAL,/home/validmgr/ksabra/2026_SPAD/SPADMIC/results/genus_osc_pd/20260602_o4_muxless_tags_r600_o4_nominal_fast/timing_violations.rpt,152,VIOLATED,-1996,clk_osc_fast_tap6,clk_osc_fast_tap6,clk_osc_fast_tap6,(R) u_core_gen_pd_row[2].gen_pd_col[6].u_pd/hit_latched_reg/C,(F) u_core_gen_pd_row[2].gen_pd_col[6].u_pd/nfast_hit_latched_reg[6]/D
OSC_FAST_REAL,/home/validmgr/ksabra/2026_SPAD/SPADMIC/results/genus_osc_pd/20260602_o4_muxless_tags_r600_o4_nominal_fast/timing_violations.rpt,153,VIOLATED,-1996,clk_osc_fast_tap5,clk_osc_fast_tap5,clk_osc_fast_tap5,(R) u_core_gen_pd_row[2].gen_pd_col[5].u_pd/hit_latched_reg/C,(F) u_core_gen_pd_row[2].gen_pd_col[5].u_pd/nfast_hit_latched_reg[6]/D
OSC_FAST_REAL,/home/validmgr/ksabra/2026_SPAD/SPADMIC/results/genus_osc_pd/20260602_o4_muxless_tags_r600_o4_nominal_fast/timing_violations.rpt,154,VIOLATED,-1996,clk_osc_fast_tap4,clk_osc_fast_tap4,clk_osc_fast_tap4,(R) u_core_gen_pd_row[2].gen_pd_col[4].u_pd/hit_latched_reg/C,(F) u_core_gen_pd_row[2].gen_pd_col[4].u_pd/nfast_hit_latched_reg[6]/D
OSC_FAST_REAL,/home/validmgr/ksabra/2026_SPAD/SPADMIC/results/genus_osc_pd/20260602_o4_muxless_tags_r600_o4_nominal_fast/timing_violations.rpt,155,VIOLATED,-1996,clk_osc_fast_tap3,clk_osc_fast_tap3,clk_osc_fast_tap3,(R) u_core_gen_pd_row[2].gen_pd_col[3].u_pd/hit_latched_reg/C,(F) u_core_gen_pd_row[2].gen_pd_col[3].u_pd/nfast_hit_latched_reg[6]/D
OSC_FAST_REAL,/home/validmgr/ksabra/2026_SPAD/SPADMIC/results/genus_osc_pd/20260602_o4_muxless_tags_r600_o4_nominal_fast/timing_violations.rpt,156,VIOLATED,-1996,clk_osc_fast_tap2,clk_osc_fast_tap2,clk_osc_fast_tap2,(R) u_core_gen_pd_row[2].gen_pd_col[2].u_pd/hit_latched_reg/C,(F) u_core_gen_pd_row[2].gen_pd_col[2].u_pd/nfast_hit_latched_reg[6]/D
OSC_FAST_REAL,/home/validmgr/ksabra/2026_SPAD/SPADMIC/results/genus_osc_pd/20260602_o4_muxless_tags_r600_o4_nominal_fast/timing_violations.rpt,157,VIOLATED,-1996,clk_osc_fast_tap1,clk_osc_fast_tap1,clk_osc_fast_tap1,(R) u_core_gen_pd_row[2].gen_pd_col[1].u_pd/hit_latched_reg/C,(F) u_core_gen_pd_row[2].gen_pd_col[1].u_pd/nfast_hit_latched_reg[6]/D
OSC_FAST_REAL,/home/validmgr/ksabra/2026_SPAD/SPADMIC/results/genus_osc_pd/20260602_o4_muxless_tags_r600_o4_nominal_fast/timing_violations.rpt,158,VIOLATED,-1996,clk_osc_fast_tap7,clk_osc_fast_tap7,clk_osc_fast_tap7,(R) u_core_gen_pd_row[1].gen_pd_col[7].u_pd/hit_latched_reg/C,(F) u_core_gen_pd_row[1].gen_pd_col[7].u_pd/nfast_hit_latched_reg[6]/D
OSC_FAST_REAL,/home/validmgr/ksabra/2026_SPAD/SPADMIC/results/genus_osc_pd/20260602_o4_muxless_tags_r600_o4_nominal_fast/timing_violations.rpt,159,VIOLATED,-1996,clk_osc_fast_tap6,clk_osc_fast_tap6,clk_osc_fast_tap6,(R) u_core_gen_pd_row[1].gen_pd_col[6].u_pd/hit_latched_reg/C,(F) u_core_gen_pd_row[1].gen_pd_col[6].u_pd/nfast_hit_latched_reg[6]/D
OSC_FAST_REAL,/home/validmgr/ksabra/2026_SPAD/SPADMIC/results/genus_osc_pd/20260602_o4_muxless_tags_r600_o4_nominal_fast/timing_violations.rpt,160,VIOLATED,-1996,clk_osc_fast_tap5,clk_osc_fast_tap5,clk_osc_fast_tap5,(R) u_core_gen_pd_row[1].gen_pd_col[5].u_pd/hit_latched_reg/C,(F) u_core_gen_pd_row[1].gen_pd_col[5].u_pd/nfast_hit_latched_reg[6]/D
OSC_FAST_REAL,/home/validmgr/ksabra/2026_SPAD/SPADMIC/results/genus_osc_pd/20260602_o4_muxless_tags_r600_o4_nominal_fast/timing_violations.rpt,161,VIOLATED,-1996,clk_osc_fast_tap4,clk_osc_fast_tap4,clk_osc_fast_tap4,(R) u_core_gen_pd_row[1].gen_pd_col[4].u_pd/hit_latched_reg/C,(F) u_core_gen_pd_row[1].gen_pd_col[4].u_pd/nfast_hit_latched_reg[6]/D
OSC_FAST_REAL,/home/validmgr/ksabra/2026_SPAD/SPADMIC/results/genus_osc_pd/20260602_o4_muxless_tags_r600_o4_nominal_fast/timing_violations.rpt,162,VIOLATED,-1996,clk_osc_fast_tap3,clk_osc_fast_tap3,clk_osc_fast_tap3,(R) u_core_gen_pd_row[1].gen_pd_col[3].u_pd/hit_latched_reg/C,(F) u_core_gen_pd_row[1].gen_pd_col[3].u_pd/nfast_hit_latched_reg[6]/D
OSC_FAST_REAL,/home/validmgr/ksabra/2026_SPAD/SPADMIC/results/genus_osc_pd/20260602_o4_muxless_tags_r600_o4_nominal_fast/timing_violations.rpt,163,VIOLATED,-1996,clk_osc_fast_tap2,clk_osc_fast_tap2,clk_osc_fast_tap2,(R) u_core_gen_pd_row[1].gen_pd_col[2].u_pd/hit_latched_reg/C,(F) u_core_gen_pd_row[1].gen_pd_col[2].u_pd/nfast_hit_latched_reg[6]/D
OSC_FAST_REAL,/home/validmgr/ksabra/2026_SPAD/SPADMIC/results/genus_osc_pd/20260602_o4_muxless_tags_r600_o4_nominal_fast/timing_violations.rpt,164,VIOLATED,-1996,clk_osc_fast_tap1,clk_osc_fast_tap1,clk_osc_fast_tap1,(R) u_core_gen_pd_row[1].gen_pd_col[1].u_pd/hit_latched_reg/C,(F) u_core_gen_pd_row[1].gen_pd_col[1].u_pd/nfast_hit_latched_reg[6]/D
OSC_FAST_REAL,/home/validmgr/ksabra/2026_SPAD/SPADMIC/results/genus_osc_pd/20260602_o4_muxless_tags_r600_o4_nominal_fast/timing_violations.rpt,165,VIOLATED,-1996,clk_osc_fast_tap4,clk_osc_fast_tap4,clk_osc_fast_tap4,(R) u_core_gen_pd_row[0].gen_pd_col[4].u_pd/hit_latched_reg/C,(F) u_core_gen_pd_row[0].gen_pd_col[4].u_pd/nfast_hit_latched_reg[6]/D
OSC_FAST_REAL,/home/validmgr/ksabra/2026_SPAD/SPADMIC/results/genus_osc_pd/20260602_o4_muxless_tags_r600_o4_nominal_fast/timing_violations.rpt,166,VIOLATED,-1996,clk_osc_fast_tap3,clk_osc_fast_tap3,clk_osc_fast_tap3,(R) u_core_gen_pd_row[0].gen_pd_col[3].u_pd/hit_latched_reg/C,(F) u_core_gen_pd_row[0].gen_pd_col[3].u_pd/nfast_hit_latched_reg[6]/D
OSC_FAST_REAL,/home/validmgr/ksabra/2026_SPAD/SPADMIC/results/genus_osc_pd/20260602_o4_muxless_tags_r600_o4_nominal_fast/timing_violations.rpt,167,VIOLATED,-1996,clk_osc_fast_tap2,clk_osc_fast_tap2,clk_osc_fast_tap2,(R) u_core_gen_pd_row[0].gen_pd_col[2].u_pd/hit_latched_reg/C,(F) u_core_gen_pd_row[0].gen_pd_col[2].u_pd/nfast_hit_latched_reg[6]/D
OSC_FAST_REAL,/home/validmgr/ksabra/2026_SPAD/SPADMIC/results/genus_osc_pd/20260602_o4_muxless_tags_r600_o4_nominal_fast/timing_violations.rpt,168,VIOLATED,-1996,clk_osc_fast_tap1,clk_osc_fast_tap1,clk_osc_fast_tap1,(R) u_core_gen_pd_row[0].gen_pd_col[1].u_pd/hit_latched_reg/C,(F) u_core_gen_pd_row[0].gen_pd_col[1].u_pd/nfast_hit_latched_reg[6]/D
OSC_FAST_REAL,/home/validmgr/ksabra/2026_SPAD/SPADMIC/results/genus_osc_pd/20260602_o4_muxless_tags_r600_o4_nominal_fast/timing_violations.rpt,169,VIOLATED,-1995,clk_osc_fast_tap7,clk_osc_fast_tap7,clk_osc_fast_tap7,(R) u_core_gen_pd_row[0].gen_pd_col[7].u_pd/hit_latched_reg/C,(F) u_core_gen_pd_row[0].gen_pd_col[7].u_pd/nfast_hit_latched_reg[5]/D
OSC_FAST_REAL,/home/validmgr/ksabra/2026_SPAD/SPADMIC/results/genus_osc_pd/20260602_o4_muxless_tags_r600_o4_nominal_fast/timing_violations.rpt,170,VIOLATED,-1995,clk_osc_fast_tap6,clk_osc_fast_tap6,clk_osc_fast_tap6,(R) u_core_gen_pd_row[0].gen_pd_col[6].u_pd/hit_latched_reg/C,(F) u_core_gen_pd_row[0].gen_pd_col[6].u_pd/nfast_hit_latched_reg[5]/D
OSC_FAST_REAL,/home/validmgr/ksabra/2026_SPAD/SPADMIC/results/genus_osc_pd/20260602_o4_muxless_tags_r600_o4_nominal_fast/timing_violations.rpt,171,VIOLATED,-1995,clk_osc_fast_tap5,clk_osc_fast_tap5,clk_osc_fast_tap5,(R) u_core_gen_pd_row[0].gen_pd_col[5].u_pd/hit_latched_reg/C,(F) u_core_gen_pd_row[0].gen_pd_col[5].u_pd/nfast_hit_latched_reg[5]/D
OSC_FAST_REAL,/home/validmgr/ksabra/2026_SPAD/SPADMIC/results/genus_osc_pd/20260602_o4_muxless_tags_r600_o4_nominal_fast/timing_violations.rpt,172,VIOLATED,-1994,clk_osc_fast_tap7,clk_osc_fast_tap7,clk_osc_fast_tap7,(R) u_core_gen_pd_row[0].gen_pd_col[7].u_pd/hit_latched_reg/C,(F) u_core_gen_pd_row[0].gen_pd_col[7].u_pd/nfast_hit_latched_reg[6]/D
OSC_FAST_REAL,/home/validmgr/ksabra/2026_SPAD/SPADMIC/results/genus_osc_pd/20260602_o4_muxless_tags_r600_o4_nominal_fast/timing_violations.rpt,173,VIOLATED,-1994,clk_osc_fast_tap6,clk_osc_fast_tap6,clk_osc_fast_tap6,(R) u_core_gen_pd_row[0].gen_pd_col[6].u_pd/hit_latched_reg/C,(F) u_core_gen_pd_row[0].gen_pd_col[6].u_pd/nfast_hit_latched_reg[6]/D
OSC_FAST_REAL,/home/validmgr/ksabra/2026_SPAD/SPADMIC/results/genus_osc_pd/20260602_o4_muxless_tags_r600_o4_nominal_fast/timing_violations.rpt,174,VIOLATED,-1994,clk_osc_fast_tap5,clk_osc_fast_tap5,clk_osc_fast_tap5,(R) u_core_gen_pd_row[0].gen_pd_col[5].u_pd/hit_latched_reg/C,(F) u_core_gen_pd_row[0].gen_pd_col[5].u_pd/nfast_hit_latched_reg[6]/D
OSC_FAST_REAL,/home/validmgr/ksabra/2026_SPAD/SPADMIC/results/genus_osc_pd/20260602_o4_muxless_tags_r600_o4_nominal_fast/timing_violations.rpt,175,VIOLATED,-1991,clk_osc_fast,clk_osc_fast,clk_osc_fast,(R) u_core_gen_pd_row[6].gen_pd_col[0].u_pd/hit_latched_reg/C,(F) u_core_gen_pd_row[6].gen_pd_col[0].u_pd/nfast_hit_latched_reg[0]/D
OSC_FAST_REAL,/home/validmgr/ksabra/2026_SPAD/SPADMIC/results/genus_osc_pd/20260602_o4_muxless_tags_r600_o4_nominal_fast/timing_violations.rpt,176,VIOLATED,-1991,clk_osc_fast,clk_osc_fast,clk_osc_fast,(R) u_core_gen_pd_row[5].gen_pd_col[0].u_pd/hit_latched_reg/C,(F) u_core_gen_pd_row[5].gen_pd_col[0].u_pd/nfast_hit_latched_reg[0]/D
OSC_FAST_REAL,/home/validmgr/ksabra/2026_SPAD/SPADMIC/results/genus_osc_pd/20260602_o4_muxless_tags_r600_o4_nominal_fast/timing_violations.rpt,177,VIOLATED,-1991,clk_osc_fast,clk_osc_fast,clk_osc_fast,(R) u_core_gen_pd_row[4].gen_pd_col[0].u_pd/hit_latched_reg/C,(F) u_core_gen_pd_row[4].gen_pd_col[0].u_pd/nfast_hit_latched_reg[0]/D
OSC_FAST_REAL,/home/validmgr/ksabra/2026_SPAD/SPADMIC/results/genus_osc_pd/20260602_o4_muxless_tags_r600_o4_nominal_fast/timing_violations.rpt,178,VIOLATED,-1991,clk_osc_fast,clk_osc_fast,clk_osc_fast,(R) u_core_gen_pd_row[3].gen_pd_col[0].u_pd/hit_latched_reg/C,(F) u_core_gen_pd_row[3].gen_pd_col[0].u_pd/nfast_hit_latched_reg[0]/D
OSC_FAST_REAL,/home/validmgr/ksabra/2026_SPAD/SPADMIC/results/genus_osc_pd/20260602_o4_muxless_tags_r600_o4_nominal_fast/timing_violations.rpt,179,VIOLATED,-1991,clk_osc_fast,clk_osc_fast,clk_osc_fast,(R) u_core_gen_pd_row[2].gen_pd_col[0].u_pd/hit_latched_reg/C,(F) u_core_gen_pd_row[2].gen_pd_col[0].u_pd/nfast_hit_latched_reg[0]/D
OSC_FAST_REAL,/home/validmgr/ksabra/2026_SPAD/SPADMIC/results/genus_osc_pd/20260602_o4_muxless_tags_r600_o4_nominal_fast/timing_violations.rpt,180,VIOLATED,-1990,clk_osc_fast_tap7,clk_osc_fast_tap7,clk_osc_fast_tap7,(R) u_core_gen_fast_tag_col[7].u_fast_tag/tag_o_reg[3]/C,(F) u_core_gen_pd_row[7].gen_pd_col[7].u_pd/nfast_hit_latched_reg[3]/D
OSC_FAST_REAL,/home/validmgr/ksabra/2026_SPAD/SPADMIC/results/genus_osc_pd/20260602_o4_muxless_tags_r600_o4_nominal_fast/timing_violations.rpt,181,VIOLATED,-1990,clk_osc_fast_tap7,clk_osc_fast_tap7,clk_osc_fast_tap7,(R) u_core_gen_fast_tag_col[7].u_fast_tag/tag_o_reg[4]/C,(F) u_core_gen_pd_row[7].gen_pd_col[7].u_pd/nfast_hit_latched_reg[4]/D
OSC_FAST_REAL,/home/validmgr/ksabra/2026_SPAD/SPADMIC/results/genus_osc_pd/20260602_o4_muxless_tags_r600_o4_nominal_fast/timing_violations.rpt,182,VIOLATED,-1990,clk_osc_fast_tap7,clk_osc_fast_tap7,clk_osc_fast_tap7,(R) u_core_gen_fast_tag_col[7].u_fast_tag/tag_o_reg[2]/C,(F) u_core_gen_pd_row[7].gen_pd_col[7].u_pd/nfast_hit_latched_reg[2]/D
OSC_FAST_REAL,/home/validmgr/ksabra/2026_SPAD/SPADMIC/results/genus_osc_pd/20260602_o4_muxless_tags_r600_o4_nominal_fast/timing_violations.rpt,183,VIOLATED,-1990,clk_osc_fast_tap7,clk_osc_fast_tap7,clk_osc_fast_tap7,(R) u_core_gen_fast_tag_col[7].u_fast_tag/tag_o_reg[1]/C,(F) u_core_gen_pd_row[7].gen_pd_col[7].u_pd/nfast_hit_latched_reg[1]/D
OSC_FAST_REAL,/home/validmgr/ksabra/2026_SPAD/SPADMIC/results/genus_osc_pd/20260602_o4_muxless_tags_r600_o4_nominal_fast/timing_violations.rpt,184,VIOLATED,-1990,clk_osc_fast_tap6,clk_osc_fast_tap6,clk_osc_fast_tap6,(R) u_core_gen_fast_tag_col[6].u_fast_tag/tag_o_reg[3]/C,(F) u_core_gen_pd_row[7].gen_pd_col[6].u_pd/nfast_hit_latched_reg[3]/D
OSC_FAST_REAL,/home/validmgr/ksabra/2026_SPAD/SPADMIC/results/genus_osc_pd/20260602_o4_muxless_tags_r600_o4_nominal_fast/timing_violations.rpt,185,VIOLATED,-1990,clk_osc_fast_tap6,clk_osc_fast_tap6,clk_osc_fast_tap6,(R) u_core_gen_fast_tag_col[6].u_fast_tag/tag_o_reg[4]/C,(F) u_core_gen_pd_row[7].gen_pd_col[6].u_pd/nfast_hit_latched_reg[4]/D
OSC_FAST_REAL,/home/validmgr/ksabra/2026_SPAD/SPADMIC/results/genus_osc_pd/20260602_o4_muxless_tags_r600_o4_nominal_fast/timing_violations.rpt,186,VIOLATED,-1990,clk_osc_fast_tap6,clk_osc_fast_tap6,clk_osc_fast_tap6,(R) u_core_gen_fast_tag_col[6].u_fast_tag/tag_o_reg[2]/C,(F) u_core_gen_pd_row[7].gen_pd_col[6].u_pd/nfast_hit_latched_reg[2]/D
OSC_FAST_REAL,/home/validmgr/ksabra/2026_SPAD/SPADMIC/results/genus_osc_pd/20260602_o4_muxless_tags_r600_o4_nominal_fast/timing_violations.rpt,187,VIOLATED,-1990,clk_osc_fast_tap6,clk_osc_fast_tap6,clk_osc_fast_tap6,(R) u_core_gen_fast_tag_col[6].u_fast_tag/tag_o_reg[1]/C,(F) u_core_gen_pd_row[7].gen_pd_col[6].u_pd/nfast_hit_latched_reg[1]/D
OSC_FAST_REAL,/home/validmgr/ksabra/2026_SPAD/SPADMIC/results/genus_osc_pd/20260602_o4_muxless_tags_r600_o4_nominal_fast/timing_violations.rpt,188,VIOLATED,-1990,clk_osc_fast_tap5,clk_osc_fast_tap5,clk_osc_fast_tap5,(R) u_core_gen_fast_tag_col[5].u_fast_tag/tag_o_reg[3]/C,(F) u_core_gen_pd_row[7].gen_pd_col[5].u_pd/nfast_hit_latched_reg[3]/D
OSC_FAST_REAL,/home/validmgr/ksabra/2026_SPAD/SPADMIC/results/genus_osc_pd/20260602_o4_muxless_tags_r600_o4_nominal_fast/timing_violations.rpt,189,VIOLATED,-1990,clk_osc_fast_tap5,clk_osc_fast_tap5,clk_osc_fast_tap5,(R) u_core_gen_fast_tag_col[5].u_fast_tag/tag_o_reg[4]/C,(F) u_core_gen_pd_row[7].gen_pd_col[5].u_pd/nfast_hit_latched_reg[4]/D
OSC_FAST_REAL,/home/validmgr/ksabra/2026_SPAD/SPADMIC/results/genus_osc_pd/20260602_o4_muxless_tags_r600_o4_nominal_fast/timing_violations.rpt,190,VIOLATED,-1990,clk_osc_fast_tap5,clk_osc_fast_tap5,clk_osc_fast_tap5,(R) u_core_gen_fast_tag_col[5].u_fast_tag/tag_o_reg[2]/C,(F) u_core_gen_pd_row[7].gen_pd_col[5].u_pd/nfast_hit_latched_reg[2]/D
OSC_FAST_REAL,/home/validmgr/ksabra/2026_SPAD/SPADMIC/results/genus_osc_pd/20260602_o4_muxless_tags_r600_o4_nominal_fast/timing_violations.rpt,191,VIOLATED,-1990,clk_osc_fast_tap5,clk_osc_fast_tap5,clk_osc_fast_tap5,(R) u_core_gen_fast_tag_col[5].u_fast_tag/tag_o_reg[1]/C,(F) u_core_gen_pd_row[7].gen_pd_col[5].u_pd/nfast_hit_latched_reg[1]/D
OSC_FAST_REAL,/home/validmgr/ksabra/2026_SPAD/SPADMIC/results/genus_osc_pd/20260602_o4_muxless_tags_r600_o4_nominal_fast/timing_violations.rpt,192,VIOLATED,-1990,clk_osc_fast_tap4,clk_osc_fast_tap4,clk_osc_fast_tap4,(R) u_core_gen_fast_tag_col[4].u_fast_tag/tag_o_reg[3]/C,(F) u_core_gen_pd_row[7].gen_pd_col[4].u_pd/nfast_hit_latched_reg[3]/D
OSC_FAST_REAL,/home/validmgr/ksabra/2026_SPAD/SPADMIC/results/genus_osc_pd/20260602_o4_muxless_tags_r600_o4_nominal_fast/timing_violations.rpt,193,VIOLATED,-1990,clk_osc_fast_tap4,clk_osc_fast_tap4,clk_osc_fast_tap4,(R) u_core_gen_fast_tag_col[4].u_fast_tag/tag_o_reg[4]/C,(F) u_core_gen_pd_row[7].gen_pd_col[4].u_pd/nfast_hit_latched_reg[4]/D
OSC_FAST_REAL,/home/validmgr/ksabra/2026_SPAD/SPADMIC/results/genus_osc_pd/20260602_o4_muxless_tags_r600_o4_nominal_fast/timing_violations.rpt,194,VIOLATED,-1990,clk_osc_fast_tap4,clk_osc_fast_tap4,clk_osc_fast_tap4,(R) u_core_gen_fast_tag_col[4].u_fast_tag/tag_o_reg[2]/C,(F) u_core_gen_pd_row[7].gen_pd_col[4].u_pd/nfast_hit_latched_reg[2]/D
OSC_FAST_REAL,/home/validmgr/ksabra/2026_SPAD/SPADMIC/results/genus_osc_pd/20260602_o4_muxless_tags_r600_o4_nominal_fast/timing_violations.rpt,195,VIOLATED,-1990,clk_osc_fast_tap4,clk_osc_fast_tap4,clk_osc_fast_tap4,(R) u_core_gen_fast_tag_col[4].u_fast_tag/tag_o_reg[1]/C,(F) u_core_gen_pd_row[7].gen_pd_col[4].u_pd/nfast_hit_latched_reg[1]/D
OSC_FAST_REAL,/home/validmgr/ksabra/2026_SPAD/SPADMIC/results/genus_osc_pd/20260602_o4_muxless_tags_r600_o4_nominal_fast/timing_violations.rpt,196,VIOLATED,-1990,clk_osc_fast_tap3,clk_osc_fast_tap3,clk_osc_fast_tap3,(R) u_core_gen_fast_tag_col[3].u_fast_tag/tag_o_reg[3]/C,(F) u_core_gen_pd_row[7].gen_pd_col[3].u_pd/nfast_hit_latched_reg[3]/D
OSC_FAST_REAL,/home/validmgr/ksabra/2026_SPAD/SPADMIC/results/genus_osc_pd/20260602_o4_muxless_tags_r600_o4_nominal_fast/timing_violations.rpt,197,VIOLATED,-1990,clk_osc_fast_tap3,clk_osc_fast_tap3,clk_osc_fast_tap3,(R) u_core_gen_fast_tag_col[3].u_fast_tag/tag_o_reg[4]/C,(F) u_core_gen_pd_row[7].gen_pd_col[3].u_pd/nfast_hit_latched_reg[4]/D
OSC_FAST_REAL,/home/validmgr/ksabra/2026_SPAD/SPADMIC/results/genus_osc_pd/20260602_o4_muxless_tags_r600_o4_nominal_fast/timing_violations.rpt,198,VIOLATED,-1990,clk_osc_fast_tap3,clk_osc_fast_tap3,clk_osc_fast_tap3,(R) u_core_gen_fast_tag_col[3].u_fast_tag/tag_o_reg[2]/C,(F) u_core_gen_pd_row[7].gen_pd_col[3].u_pd/nfast_hit_latched_reg[2]/D
OSC_FAST_REAL,/home/validmgr/ksabra/2026_SPAD/SPADMIC/results/genus_osc_pd/20260602_o4_muxless_tags_r600_o4_nominal_fast/timing_violations.rpt,199,VIOLATED,-1990,clk_osc_fast_tap3,clk_osc_fast_tap3,clk_osc_fast_tap3,(R) u_core_gen_fast_tag_col[3].u_fast_tag/tag_o_reg[1]/C,(F) u_core_gen_pd_row[7].gen_pd_col[3].u_pd/nfast_hit_latched_reg[1]/D
OSC_FAST_REAL,/home/validmgr/ksabra/2026_SPAD/SPADMIC/results/genus_osc_pd/20260602_o4_muxless_tags_r600_o4_nominal_fast/timing_violations.rpt,200,VIOLATED,-1990,clk_osc_fast_tap2,clk_osc_fast_tap2,clk_osc_fast_tap2,(R) u_core_gen_fast_tag_col[2].u_fast_tag/tag_o_reg[4]/C,(F) u_core_gen_pd_row[7].gen_pd_col[2].u_pd/nfast_hit_latched_reg[4]/D
OSC_FAST_REAL,/home/validmgr/ksabra/2026_SPAD/SPADMIC/results/genus_osc_pd/20260602_o4_muxless_tags_r600_o4_nominal_fast/timing_osc_fast_full_clock.rpt,1,VIOLATED,-1997,clk_osc_fast,clk_osc_fast,clk_osc_fast,(R) u_core_gen_pd_row[6].gen_pd_col[0].u_pd/hit_latched_reg/C,(F) u_core_gen_pd_row[6].gen_pd_col[0].u_pd/nfast_hit_latched_reg[4]/D
OSC_FAST_REAL,/home/validmgr/ksabra/2026_SPAD/SPADMIC/results/genus_osc_pd/20260602_o4_muxless_tags_r600_o4_nominal_fast/timing_osc_fast_full_clock.rpt,2,VIOLATED,-1997,clk_osc_fast,clk_osc_fast,clk_osc_fast,(R) u_core_gen_pd_row[5].gen_pd_col[0].u_pd/hit_latched_reg/C,(F) u_core_gen_pd_row[5].gen_pd_col[0].u_pd/nfast_hit_latched_reg[4]/D
OSC_FAST_REAL,/home/validmgr/ksabra/2026_SPAD/SPADMIC/results/genus_osc_pd/20260602_o4_muxless_tags_r600_o4_nominal_fast/timing_osc_fast_full_clock.rpt,3,VIOLATED,-1997,clk_osc_fast,clk_osc_fast,clk_osc_fast,(R) u_core_gen_pd_row[4].gen_pd_col[0].u_pd/hit_latched_reg/C,(F) u_core_gen_pd_row[4].gen_pd_col[0].u_pd/nfast_hit_latched_reg[4]/D
OSC_FAST_REAL,/home/validmgr/ksabra/2026_SPAD/SPADMIC/results/genus_osc_pd/20260602_o4_muxless_tags_r600_o4_nominal_fast/timing_osc_fast_full_clock.rpt,4,VIOLATED,-1997,clk_osc_fast,clk_osc_fast,clk_osc_fast,(R) u_core_gen_pd_row[3].gen_pd_col[0].u_pd/hit_latched_reg/C,(F) u_core_gen_pd_row[3].gen_pd_col[0].u_pd/nfast_hit_latched_reg[4]/D
OSC_FAST_REAL,/home/validmgr/ksabra/2026_SPAD/SPADMIC/results/genus_osc_pd/20260602_o4_muxless_tags_r600_o4_nominal_fast/timing_osc_fast_full_clock.rpt,5,VIOLATED,-1997,clk_osc_fast,clk_osc_fast,clk_osc_fast,(R) u_core_gen_pd_row[2].gen_pd_col[0].u_pd/hit_latched_reg/C,(F) u_core_gen_pd_row[2].gen_pd_col[0].u_pd/nfast_hit_latched_reg[4]/D
OSC_FAST_REAL,/home/validmgr/ksabra/2026_SPAD/SPADMIC/results/genus_osc_pd/20260602_o4_muxless_tags_r600_o4_nominal_fast/timing_osc_fast_full_clock.rpt,6,VIOLATED,-1997,clk_osc_fast,clk_osc_fast,clk_osc_fast,(R) u_core_gen_pd_row[7].gen_pd_col[0].u_pd/hit_latched_reg/C,(F) u_core_gen_pd_row[7].gen_pd_col[0].u_pd/nfast_hit_latched_reg[4]/D
OSC_FAST_REAL,/home/validmgr/ksabra/2026_SPAD/SPADMIC/results/genus_osc_pd/20260602_o4_muxless_tags_r600_o4_nominal_fast/timing_osc_fast_full_clock.rpt,7,VIOLATED,-1991,clk_osc_fast,clk_osc_fast,clk_osc_fast,(R) u_core_gen_pd_row[6].gen_pd_col[0].u_pd/hit_latched_reg/C,(F) u_core_gen_pd_row[6].gen_pd_col[0].u_pd/nfast_hit_latched_reg[0]/D
OSC_FAST_REAL,/home/validmgr/ksabra/2026_SPAD/SPADMIC/results/genus_osc_pd/20260602_o4_muxless_tags_r600_o4_nominal_fast/timing_osc_fast_full_clock.rpt,8,VIOLATED,-1991,clk_osc_fast,clk_osc_fast,clk_osc_fast,(R) u_core_gen_pd_row[5].gen_pd_col[0].u_pd/hit_latched_reg/C,(F) u_core_gen_pd_row[5].gen_pd_col[0].u_pd/nfast_hit_latched_reg[0]/D
OSC_FAST_REAL,/home/validmgr/ksabra/2026_SPAD/SPADMIC/results/genus_osc_pd/20260602_o4_muxless_tags_r600_o4_nominal_fast/timing_osc_fast_full_clock.rpt,9,VIOLATED,-1991,clk_osc_fast,clk_osc_fast,clk_osc_fast,(R) u_core_gen_pd_row[4].gen_pd_col[0].u_pd/hit_latched_reg/C,(F) u_core_gen_pd_row[4].gen_pd_col[0].u_pd/nfast_hit_latched_reg[0]/D
OSC_FAST_REAL,/home/validmgr/ksabra/2026_SPAD/SPADMIC/results/genus_osc_pd/20260602_o4_muxless_tags_r600_o4_nominal_fast/timing_osc_fast_full_clock.rpt,10,VIOLATED,-1991,clk_osc_fast,clk_osc_fast,clk_osc_fast,(R) u_core_gen_pd_row[3].gen_pd_col[0].u_pd/hit_latched_reg/C,(F) u_core_gen_pd_row[3].gen_pd_col[0].u_pd/nfast_hit_latched_reg[0]/D
OSC_FAST_REAL,/home/validmgr/ksabra/2026_SPAD/SPADMIC/results/genus_osc_pd/20260602_o4_muxless_tags_r600_o4_nominal_fast/timing_osc_fast_full_clock.rpt,11,VIOLATED,-1991,clk_osc_fast,clk_osc_fast,clk_osc_fast,(R) u_core_gen_pd_row[2].gen_pd_col[0].u_pd/hit_latched_reg/C,(F) u_core_gen_pd_row[2].gen_pd_col[0].u_pd/nfast_hit_latched_reg[0]/D
OSC_FAST_REAL,/home/validmgr/ksabra/2026_SPAD/SPADMIC/results/genus_osc_pd/20260602_o4_muxless_tags_r600_o4_nominal_fast/timing_osc_fast_full_clock.rpt,12,VIOLATED,-1990,clk_osc_fast,clk_osc_fast,clk_osc_fast,(R) u_core_gen_pd_row[7].gen_pd_col[0].u_pd/hit_latched_reg/C,(F) u_core_gen_pd_row[7].gen_pd_col[0].u_pd/nfast_hit_latched_reg[0]/D
OSC_FAST_REAL,/home/validmgr/ksabra/2026_SPAD/SPADMIC/results/genus_osc_pd/20260602_o4_muxless_tags_r600_o4_nominal_fast/timing_osc_fast_full_clock.rpt,13,VIOLATED,-1987,clk_osc_fast,clk_osc_fast,clk_osc_fast,(R) u_core_gen_pd_row[6].gen_pd_col[0].u_pd/hit_latched_reg/C,(F) u_core_gen_pd_row[6].gen_pd_col[0].u_pd/nfast_hit_latched_reg[6]/D
OSC_FAST_REAL,/home/validmgr/ksabra/2026_SPAD/SPADMIC/results/genus_osc_pd/20260602_o4_muxless_tags_r600_o4_nominal_fast/timing_osc_fast_full_clock.rpt,14,VIOLATED,-1987,clk_osc_fast,clk_osc_fast,clk_osc_fast,(R) u_core_gen_pd_row[5].gen_pd_col[0].u_pd/hit_latched_reg/C,(F) u_core_gen_pd_row[5].gen_pd_col[0].u_pd/nfast_hit_latched_reg[6]/D
OSC_FAST_REAL,/home/validmgr/ksabra/2026_SPAD/SPADMIC/results/genus_osc_pd/20260602_o4_muxless_tags_r600_o4_nominal_fast/timing_osc_fast_full_clock.rpt,15,VIOLATED,-1987,clk_osc_fast,clk_osc_fast,clk_osc_fast,(R) u_core_gen_pd_row[4].gen_pd_col[0].u_pd/hit_latched_reg/C,(F) u_core_gen_pd_row[4].gen_pd_col[0].u_pd/nfast_hit_latched_reg[6]/D
OSC_FAST_REAL,/home/validmgr/ksabra/2026_SPAD/SPADMIC/results/genus_osc_pd/20260602_o4_muxless_tags_r600_o4_nominal_fast/timing_osc_fast_full_clock.rpt,16,VIOLATED,-1987,clk_osc_fast,clk_osc_fast,clk_osc_fast,(R) u_core_gen_pd_row[3].gen_pd_col[0].u_pd/hit_latched_reg/C,(F) u_core_gen_pd_row[3].gen_pd_col[0].u_pd/nfast_hit_latched_reg[6]/D
OSC_FAST_REAL,/home/validmgr/ksabra/2026_SPAD/SPADMIC/results/genus_osc_pd/20260602_o4_muxless_tags_r600_o4_nominal_fast/timing_osc_fast_full_clock.rpt,17,VIOLATED,-1987,clk_osc_fast,clk_osc_fast,clk_osc_fast,(R) u_core_gen_pd_row[2].gen_pd_col[0].u_pd/hit_latched_reg/C,(F) u_core_gen_pd_row[2].gen_pd_col[0].u_pd/nfast_hit_latched_reg[6]/D
OSC_FAST_REAL,/home/validmgr/ksabra/2026_SPAD/SPADMIC/results/genus_osc_pd/20260602_o4_muxless_tags_r600_o4_nominal_fast/timing_osc_fast_full_clock.rpt,18,VIOLATED,-1986,clk_osc_fast,clk_osc_fast,clk_osc_fast,(R) u_core_gen_pd_row[6].gen_pd_col[0].u_pd/hit_latched_reg/C,(F) u_core_gen_pd_row[6].gen_pd_col[0].u_pd/nfast_hit_latched_reg[3]/D
OSC_FAST_REAL,/home/validmgr/ksabra/2026_SPAD/SPADMIC/results/genus_osc_pd/20260602_o4_muxless_tags_r600_o4_nominal_fast/timing_osc_fast_full_clock.rpt,19,VIOLATED,-1986,clk_osc_fast,clk_osc_fast,clk_osc_fast,(R) u_core_gen_pd_row[6].gen_pd_col[0].u_pd/hit_latched_reg/C,(F) u_core_gen_pd_row[6].gen_pd_col[0].u_pd/nfast_hit_latched_reg[2]/D
OSC_FAST_REAL,/home/validmgr/ksabra/2026_SPAD/SPADMIC/results/genus_osc_pd/20260602_o4_muxless_tags_r600_o4_nominal_fast/timing_osc_fast_full_clock.rpt,20,VIOLATED,-1986,clk_osc_fast,clk_osc_fast,clk_osc_fast,(R) u_core_gen_pd_row[6].gen_pd_col[0].u_pd/hit_latched_reg/C,(F) u_core_gen_pd_row[6].gen_pd_col[0].u_pd/nfast_hit_latched_reg[1]/D
OSC_FAST_REAL,/home/validmgr/ksabra/2026_SPAD/SPADMIC/results/genus_osc_pd/20260602_o4_muxless_tags_r600_o4_nominal_fast/timing_osc_fast_full_clock.rpt,21,VIOLATED,-1986,clk_osc_fast,clk_osc_fast,clk_osc_fast,(R) u_core_gen_pd_row[5].gen_pd_col[0].u_pd/hit_latched_reg/C,(F) u_core_gen_pd_row[5].gen_pd_col[0].u_pd/nfast_hit_latched_reg[3]/D
OSC_FAST_REAL,/home/validmgr/ksabra/2026_SPAD/SPADMIC/results/genus_osc_pd/20260602_o4_muxless_tags_r600_o4_nominal_fast/timing_osc_fast_full_clock.rpt,22,VIOLATED,-1986,clk_osc_fast,clk_osc_fast,clk_osc_fast,(R) u_core_gen_pd_row[5].gen_pd_col[0].u_pd/hit_latched_reg/C,(F) u_core_gen_pd_row[5].gen_pd_col[0].u_pd/nfast_hit_latched_reg[2]/D
OSC_FAST_REAL,/home/validmgr/ksabra/2026_SPAD/SPADMIC/results/genus_osc_pd/20260602_o4_muxless_tags_r600_o4_nominal_fast/timing_osc_fast_full_clock.rpt,23,VIOLATED,-1986,clk_osc_fast,clk_osc_fast,clk_osc_fast,(R) u_core_gen_pd_row[5].gen_pd_col[0].u_pd/hit_latched_reg/C,(F) u_core_gen_pd_row[5].gen_pd_col[0].u_pd/nfast_hit_latched_reg[1]/D
OSC_FAST_REAL,/home/validmgr/ksabra/2026_SPAD/SPADMIC/results/genus_osc_pd/20260602_o4_muxless_tags_r600_o4_nominal_fast/timing_osc_fast_full_clock.rpt,24,VIOLATED,-1986,clk_osc_fast,clk_osc_fast,clk_osc_fast,(R) u_core_gen_pd_row[4].gen_pd_col[0].u_pd/hit_latched_reg/C,(F) u_core_gen_pd_row[4].gen_pd_col[0].u_pd/nfast_hit_latched_reg[3]/D
OSC_FAST_REAL,/home/validmgr/ksabra/2026_SPAD/SPADMIC/results/genus_osc_pd/20260602_o4_muxless_tags_r600_o4_nominal_fast/timing_osc_fast_full_clock.rpt,25,VIOLATED,-1986,clk_osc_fast,clk_osc_fast,clk_osc_fast,(R) u_core_gen_pd_row[4].gen_pd_col[0].u_pd/hit_latched_reg/C,(F) u_core_gen_pd_row[4].gen_pd_col[0].u_pd/nfast_hit_latched_reg[2]/D
OSC_FAST_REAL,/home/validmgr/ksabra/2026_SPAD/SPADMIC/results/genus_osc_pd/20260602_o4_muxless_tags_r600_o4_nominal_fast/timing_osc_fast_full_clock.rpt,26,VIOLATED,-1986,clk_osc_fast,clk_osc_fast,clk_osc_fast,(R) u_core_gen_pd_row[4].gen_pd_col[0].u_pd/hit_latched_reg/C,(F) u_core_gen_pd_row[4].gen_pd_col[0].u_pd/nfast_hit_latched_reg[1]/D
OSC_FAST_REAL,/home/validmgr/ksabra/2026_SPAD/SPADMIC/results/genus_osc_pd/20260602_o4_muxless_tags_r600_o4_nominal_fast/timing_osc_fast_full_clock.rpt,27,VIOLATED,-1986,clk_osc_fast,clk_osc_fast,clk_osc_fast,(R) u_core_gen_pd_row[3].gen_pd_col[0].u_pd/hit_latched_reg/C,(F) u_core_gen_pd_row[3].gen_pd_col[0].u_pd/nfast_hit_latched_reg[3]/D
OSC_FAST_REAL,/home/validmgr/ksabra/2026_SPAD/SPADMIC/results/genus_osc_pd/20260602_o4_muxless_tags_r600_o4_nominal_fast/timing_osc_fast_full_clock.rpt,28,VIOLATED,-1986,clk_osc_fast,clk_osc_fast,clk_osc_fast,(R) u_core_gen_pd_row[3].gen_pd_col[0].u_pd/hit_latched_reg/C,(F) u_core_gen_pd_row[3].gen_pd_col[0].u_pd/nfast_hit_latched_reg[2]/D
OSC_FAST_REAL,/home/validmgr/ksabra/2026_SPAD/SPADMIC/results/genus_osc_pd/20260602_o4_muxless_tags_r600_o4_nominal_fast/timing_osc_fast_full_clock.rpt,29,VIOLATED,-1986,clk_osc_fast,clk_osc_fast,clk_osc_fast,(R) u_core_gen_pd_row[3].gen_pd_col[0].u_pd/hit_latched_reg/C,(F) u_core_gen_pd_row[3].gen_pd_col[0].u_pd/nfast_hit_latched_reg[1]/D
OSC_FAST_REAL,/home/validmgr/ksabra/2026_SPAD/SPADMIC/results/genus_osc_pd/20260602_o4_muxless_tags_r600_o4_nominal_fast/timing_osc_fast_full_clock.rpt,30,VIOLATED,-1986,clk_osc_fast,clk_osc_fast,clk_osc_fast,(R) u_core_gen_pd_row[2].gen_pd_col[0].u_pd/hit_latched_reg/C,(F) u_core_gen_pd_row[2].gen_pd_col[0].u_pd/nfast_hit_latched_reg[3]/D
OSC_FAST_REAL,/home/validmgr/ksabra/2026_SPAD/SPADMIC/results/genus_osc_pd/20260602_o4_muxless_tags_r600_o4_nominal_fast/timing_osc_fast_full_clock.rpt,31,VIOLATED,-1986,clk_osc_fast,clk_osc_fast,clk_osc_fast,(R) u_core_gen_pd_row[2].gen_pd_col[0].u_pd/hit_latched_reg/C,(F) u_core_gen_pd_row[2].gen_pd_col[0].u_pd/nfast_hit_latched_reg[2]/D
OSC_FAST_REAL,/home/validmgr/ksabra/2026_SPAD/SPADMIC/results/genus_osc_pd/20260602_o4_muxless_tags_r600_o4_nominal_fast/timing_osc_fast_full_clock.rpt,32,VIOLATED,-1986,clk_osc_fast,clk_osc_fast,clk_osc_fast,(R) u_core_gen_pd_row[2].gen_pd_col[0].u_pd/hit_latched_reg/C,(F) u_core_gen_pd_row[2].gen_pd_col[0].u_pd/nfast_hit_latched_reg[1]/D
OSC_FAST_REAL,/home/validmgr/ksabra/2026_SPAD/SPADMIC/results/genus_osc_pd/20260602_o4_muxless_tags_r600_o4_nominal_fast/timing_osc_fast_full_clock.rpt,33,VIOLATED,-1986,clk_osc_fast,clk_osc_fast,clk_osc_fast,(R) u_core_gen_pd_row[7].gen_pd_col[0].u_pd/hit_latched_reg/C,(F) u_core_gen_pd_row[7].gen_pd_col[0].u_pd/nfast_hit_latched_reg[6]/D
OSC_FAST_REAL,/home/validmgr/ksabra/2026_SPAD/SPADMIC/results/genus_osc_pd/20260602_o4_muxless_tags_r600_o4_nominal_fast/timing_osc_fast_full_clock.rpt,34,VIOLATED,-1986,clk_osc_fast,clk_osc_fast,clk_osc_fast,(R) u_core_gen_pd_row[7].gen_pd_col[0].u_pd/hit_latched_reg/C,(F) u_core_gen_pd_row[7].gen_pd_col[0].u_pd/nfast_hit_latched_reg[3]/D
OSC_FAST_REAL,/home/validmgr/ksabra/2026_SPAD/SPADMIC/results/genus_osc_pd/20260602_o4_muxless_tags_r600_o4_nominal_fast/timing_osc_fast_full_clock.rpt,35,VIOLATED,-1986,clk_osc_fast,clk_osc_fast,clk_osc_fast,(R) u_core_gen_pd_row[7].gen_pd_col[0].u_pd/hit_latched_reg/C,(F) u_core_gen_pd_row[7].gen_pd_col[0].u_pd/nfast_hit_latched_reg[2]/D
OSC_FAST_REAL,/home/validmgr/ksabra/2026_SPAD/SPADMIC/results/genus_osc_pd/20260602_o4_muxless_tags_r600_o4_nominal_fast/timing_osc_fast_full_clock.rpt,36,VIOLATED,-1986,clk_osc_fast,clk_osc_fast,clk_osc_fast,(R) u_core_gen_pd_row[7].gen_pd_col[0].u_pd/hit_latched_reg/C,(F) u_core_gen_pd_row[7].gen_pd_col[0].u_pd/nfast_hit_latched_reg[1]/D
OSC_FAST_REAL,/home/validmgr/ksabra/2026_SPAD/SPADMIC/results/genus_osc_pd/20260602_o4_muxless_tags_r600_o4_nominal_fast/timing_osc_fast_full_clock.rpt,37,VIOLATED,-1985,clk_osc_fast,clk_osc_fast,clk_osc_fast,(R) u_core_gen_pd_row[6].gen_pd_col[0].u_pd/hit_latched_reg/C,(F) u_core_gen_pd_row[6].gen_pd_col[0].u_pd/nfast_hit_latched_reg[5]/D
OSC_FAST_REAL,/home/validmgr/ksabra/2026_SPAD/SPADMIC/results/genus_osc_pd/20260602_o4_muxless_tags_r600_o4_nominal_fast/timing_osc_fast_full_clock.rpt,38,VIOLATED,-1985,clk_osc_fast,clk_osc_fast,clk_osc_fast,(R) u_core_gen_pd_row[5].gen_pd_col[0].u_pd/hit_latched_reg/C,(F) u_core_gen_pd_row[5].gen_pd_col[0].u_pd/nfast_hit_latched_reg[5]/D
OSC_FAST_REAL,/home/validmgr/ksabra/2026_SPAD/SPADMIC/results/genus_osc_pd/20260602_o4_muxless_tags_r600_o4_nominal_fast/timing_osc_fast_full_clock.rpt,39,VIOLATED,-1985,clk_osc_fast,clk_osc_fast,clk_osc_fast,(R) u_core_gen_pd_row[4].gen_pd_col[0].u_pd/hit_latched_reg/C,(F) u_core_gen_pd_row[4].gen_pd_col[0].u_pd/nfast_hit_latched_reg[5]/D
OSC_FAST_REAL,/home/validmgr/ksabra/2026_SPAD/SPADMIC/results/genus_osc_pd/20260602_o4_muxless_tags_r600_o4_nominal_fast/timing_osc_fast_full_clock.rpt,40,VIOLATED,-1985,clk_osc_fast,clk_osc_fast,clk_osc_fast,(R) u_core_gen_pd_row[3].gen_pd_col[0].u_pd/hit_latched_reg/C,(F) u_core_gen_pd_row[3].gen_pd_col[0].u_pd/nfast_hit_latched_reg[5]/D
OSC_FAST_REAL,/home/validmgr/ksabra/2026_SPAD/SPADMIC/results/genus_osc_pd/20260602_o4_muxless_tags_r600_o4_nominal_fast/timing_osc_fast_full_clock.rpt,41,VIOLATED,-1985,clk_osc_fast,clk_osc_fast,clk_osc_fast,(R) u_core_gen_pd_row[2].gen_pd_col[0].u_pd/hit_latched_reg/C,(F) u_core_gen_pd_row[2].gen_pd_col[0].u_pd/nfast_hit_latched_reg[5]/D
OSC_FAST_REAL,/home/validmgr/ksabra/2026_SPAD/SPADMIC/results/genus_osc_pd/20260602_o4_muxless_tags_r600_o4_nominal_fast/timing_osc_fast_full_clock.rpt,42,VIOLATED,-1985,clk_osc_fast,clk_osc_fast,clk_osc_fast,(R) u_core_gen_pd_row[7].gen_pd_col[0].u_pd/hit_latched_reg/C,(F) u_core_gen_pd_row[7].gen_pd_col[0].u_pd/nfast_hit_latched_reg[5]/D
OSC_FAST_REAL,/home/validmgr/ksabra/2026_SPAD/SPADMIC/results/genus_osc_pd/20260602_o4_muxless_tags_r600_o4_nominal_fast/timing_osc_fast_full_clock.rpt,43,VIOLATED,-1968,clk_osc_fast,clk_osc_fast,clk_osc_fast,(R) u_core_gen_pd_row[1].gen_pd_col[0].u_pd/hit_latched_reg/C,(F) u_core_gen_pd_row[1].gen_pd_col[0].u_pd/nfast_hit_latched_reg[4]/D
OSC_FAST_REAL,/home/validmgr/ksabra/2026_SPAD/SPADMIC/results/genus_osc_pd/20260602_o4_muxless_tags_r600_o4_nominal_fast/timing_osc_fast_full_clock.rpt,44,VIOLATED,-1968,clk_osc_fast,clk_osc_fast,clk_osc_fast,(R) u_core_gen_pd_row[0].gen_pd_col[0].u_pd/hit_latched_reg/C,(F) u_core_gen_pd_row[0].gen_pd_col[0].u_pd/nfast_hit_latched_reg[4]/D
OSC_FAST_REAL,/home/validmgr/ksabra/2026_SPAD/SPADMIC/results/genus_osc_pd/20260602_o4_muxless_tags_r600_o4_nominal_fast/timing_osc_fast_full_clock.rpt,45,VIOLATED,-1961,clk_osc_fast,clk_osc_fast,clk_osc_fast,(R) u_core_gen_pd_row[1].gen_pd_col[0].u_pd/hit_latched_reg/C,(F) u_core_gen_pd_row[1].gen_pd_col[0].u_pd/nfast_hit_latched_reg[0]/D
OSC_FAST_REAL,/home/validmgr/ksabra/2026_SPAD/SPADMIC/results/genus_osc_pd/20260602_o4_muxless_tags_r600_o4_nominal_fast/timing_osc_fast_full_clock.rpt,46,VIOLATED,-1961,clk_osc_fast,clk_osc_fast,clk_osc_fast,(R) u_core_gen_pd_row[0].gen_pd_col[0].u_pd/hit_latched_reg/C,(F) u_core_gen_pd_row[0].gen_pd_col[0].u_pd/nfast_hit_latched_reg[0]/D
OSC_FAST_REAL,/home/validmgr/ksabra/2026_SPAD/SPADMIC/results/genus_osc_pd/20260602_o4_muxless_tags_r600_o4_nominal_fast/timing_osc_fast_full_clock.rpt,47,VIOLATED,-1957,clk_osc_fast,clk_osc_fast,clk_osc_fast,(R) u_core_gen_pd_row[1].gen_pd_col[0].u_pd/hit_latched_reg/C,(F) u_core_gen_pd_row[1].gen_pd_col[0].u_pd/nfast_hit_latched_reg[6]/D
OSC_FAST_REAL,/home/validmgr/ksabra/2026_SPAD/SPADMIC/results/genus_osc_pd/20260602_o4_muxless_tags_r600_o4_nominal_fast/timing_osc_fast_full_clock.rpt,48,VIOLATED,-1957,clk_osc_fast,clk_osc_fast,clk_osc_fast,(R) u_core_gen_pd_row[0].gen_pd_col[0].u_pd/hit_latched_reg/C,(F) u_core_gen_pd_row[0].gen_pd_col[0].u_pd/nfast_hit_latched_reg[6]/D
OSC_FAST_REAL,/home/validmgr/ksabra/2026_SPAD/SPADMIC/results/genus_osc_pd/20260602_o4_muxless_tags_r600_o4_nominal_fast/timing_osc_fast_full_clock.rpt,49,VIOLATED,-1957,clk_osc_fast,clk_osc_fast,clk_osc_fast,(R) u_core_gen_pd_row[1].gen_pd_col[0].u_pd/hit_latched_reg/C,(F) u_core_gen_pd_row[1].gen_pd_col[0].u_pd/nfast_hit_latched_reg[3]/D
OSC_FAST_REAL,/home/validmgr/ksabra/2026_SPAD/SPADMIC/results/genus_osc_pd/20260602_o4_muxless_tags_r600_o4_nominal_fast/timing_osc_fast_full_clock.rpt,50,VIOLATED,-1957,clk_osc_fast,clk_osc_fast,clk_osc_fast,(R) u_core_gen_pd_row[1].gen_pd_col[0].u_pd/hit_latched_reg/C,(F) u_core_gen_pd_row[1].gen_pd_col[0].u_pd/nfast_hit_latched_reg[2]/D
OSC_FAST_REAL,/home/validmgr/ksabra/2026_SPAD/SPADMIC/results/genus_osc_pd/20260602_o4_muxless_tags_r600_o4_nominal_fast/timing_osc_fast_full_clock.rpt,51,VIOLATED,-1957,clk_osc_fast,clk_osc_fast,clk_osc_fast,(R) u_core_gen_pd_row[1].gen_pd_col[0].u_pd/hit_latched_reg/C,(F) u_core_gen_pd_row[1].gen_pd_col[0].u_pd/nfast_hit_latched_reg[1]/D
OSC_FAST_REAL,/home/validmgr/ksabra/2026_SPAD/SPADMIC/results/genus_osc_pd/20260602_o4_muxless_tags_r600_o4_nominal_fast/timing_osc_fast_full_clock.rpt,52,VIOLATED,-1957,clk_osc_fast,clk_osc_fast,clk_osc_fast,(R) u_core_gen_pd_row[0].gen_pd_col[0].u_pd/hit_latched_reg/C,(F) u_core_gen_pd_row[0].gen_pd_col[0].u_pd/nfast_hit_latched_reg[3]/D
OSC_FAST_REAL,/home/validmgr/ksabra/2026_SPAD/SPADMIC/results/genus_osc_pd/20260602_o4_muxless_tags_r600_o4_nominal_fast/timing_osc_fast_full_clock.rpt,53,VIOLATED,-1957,clk_osc_fast,clk_osc_fast,clk_osc_fast,(R) u_core_gen_pd_row[0].gen_pd_col[0].u_pd/hit_latched_reg/C,(F) u_core_gen_pd_row[0].gen_pd_col[0].u_pd/nfast_hit_latched_reg[2]/D
OSC_FAST_REAL,/home/validmgr/ksabra/2026_SPAD/SPADMIC/results/genus_osc_pd/20260602_o4_muxless_tags_r600_o4_nominal_fast/timing_osc_fast_full_clock.rpt,54,VIOLATED,-1957,clk_osc_fast,clk_osc_fast,clk_osc_fast,(R) u_core_gen_pd_row[0].gen_pd_col[0].u_pd/hit_latched_reg/C,(F) u_core_gen_pd_row[0].gen_pd_col[0].u_pd/nfast_hit_latched_reg[1]/D
OSC_FAST_REAL,/home/validmgr/ksabra/2026_SPAD/SPADMIC/results/genus_osc_pd/20260602_o4_muxless_tags_r600_o4_nominal_fast/timing_osc_fast_full_clock.rpt,55,VIOLATED,-1956,clk_osc_fast,clk_osc_fast,clk_osc_fast,(R) u_core_gen_pd_row[1].gen_pd_col[0].u_pd/hit_latched_reg/C,(F) u_core_gen_pd_row[1].gen_pd_col[0].u_pd/nfast_hit_latched_reg[5]/D
OSC_FAST_REAL,/home/validmgr/ksabra/2026_SPAD/SPADMIC/results/genus_osc_pd/20260602_o4_muxless_tags_r600_o4_nominal_fast/timing_osc_fast_full_clock.rpt,56,VIOLATED,-1956,clk_osc_fast,clk_osc_fast,clk_osc_fast,(R) u_core_gen_pd_row[0].gen_pd_col[0].u_pd/hit_latched_reg/C,(F) u_core_gen_pd_row[0].gen_pd_col[0].u_pd/nfast_hit_latched_reg[5]/D
OSC_FAST_REAL,/home/validmgr/ksabra/2026_SPAD/SPADMIC/results/genus_osc_pd/20260602_o4_muxless_tags_r600_o4_nominal_fast/timing_osc_fast_full_clock.rpt,57,VIOLATED,-1841,clk_osc_fast,clk_osc_fast,clk_osc_fast,(R) u_core_gen_pd_row[1].gen_pd_col[0].u_pd/hit_latched_reg/C,(F) u_core_gen_pd_row[1].gen_pd_col[0].u_pd/hit_latched_reg/D
OSC_FAST_REAL,/home/validmgr/ksabra/2026_SPAD/SPADMIC/results/genus_osc_pd/20260602_o4_muxless_tags_r600_o4_nominal_fast/timing_osc_fast_full_clock.rpt,58,VIOLATED,-1763,clk_osc_fast,clk_osc_fast,clk_osc_fast,(R) u_core_gen_fast_tag_col[0].u_fast_tag/tag_o_reg[5]/C,(F) u_core_gen_fast_tag_col[0].u_fast_tag/tag_o_reg[0]/D
OSC_FAST_REAL,/home/validmgr/ksabra/2026_SPAD/SPADMIC/results/genus_osc_pd/20260602_o4_muxless_tags_r600_o4_nominal_fast/timing_osc_fast_full_clock.rpt,59,VIOLATED,-1754,clk_osc_fast,clk_osc_fast,clk_osc_fast,(R) u_core_gen_pd_row[0].gen_pd_col[0].u_pd/hit_latched_reg/C,(F) u_core_gen_pd_row[0].gen_pd_col[0].u_pd/hit_latched_reg/D
OSC_FAST_REAL,/home/validmgr/ksabra/2026_SPAD/SPADMIC/results/genus_osc_pd/20260602_o4_muxless_tags_r600_o4_nominal_fast/timing_osc_fast_full_clock.rpt,60,VIOLATED,-1668,clk_osc_fast,clk_osc_fast,clk_osc_fast,(R) u_core_gen_pd_row[7].gen_pd_col[0].u_pd/hit_latched_reg/C,(F) u_core_gen_pd_row[7].gen_pd_col[0].u_pd/hit_latched_reg/D
OSC_FAST_REAL,/home/validmgr/ksabra/2026_SPAD/SPADMIC/results/genus_osc_pd/20260602_o4_muxless_tags_r600_o4_nominal_fast/timing_osc_fast_full_clock.rpt,61,VIOLATED,-1668,clk_osc_fast,clk_osc_fast,clk_osc_fast,(R) u_core_gen_pd_row[6].gen_pd_col[0].u_pd/hit_latched_reg/C,(F) u_core_gen_pd_row[6].gen_pd_col[0].u_pd/hit_latched_reg/D
OSC_FAST_REAL,/home/validmgr/ksabra/2026_SPAD/SPADMIC/results/genus_osc_pd/20260602_o4_muxless_tags_r600_o4_nominal_fast/timing_osc_fast_full_clock.rpt,62,VIOLATED,-1668,clk_osc_fast,clk_osc_fast,clk_osc_fast,(R) u_core_gen_pd_row[5].gen_pd_col[0].u_pd/hit_latched_reg/C,(F) u_core_gen_pd_row[5].gen_pd_col[0].u_pd/hit_latched_reg/D
OSC_FAST_REAL,/home/validmgr/ksabra/2026_SPAD/SPADMIC/results/genus_osc_pd/20260602_o4_muxless_tags_r600_o4_nominal_fast/timing_osc_fast_full_clock.rpt,63,VIOLATED,-1668,clk_osc_fast,clk_osc_fast,clk_osc_fast,(R) u_core_gen_pd_row[4].gen_pd_col[0].u_pd/hit_latched_reg/C,(F) u_core_gen_pd_row[4].gen_pd_col[0].u_pd/hit_latched_reg/D
OSC_FAST_REAL,/home/validmgr/ksabra/2026_SPAD/SPADMIC/results/genus_osc_pd/20260602_o4_muxless_tags_r600_o4_nominal_fast/timing_osc_fast_full_clock.rpt,64,VIOLATED,-1668,clk_osc_fast,clk_osc_fast,clk_osc_fast,(R) u_core_gen_pd_row[3].gen_pd_col[0].u_pd/hit_latched_reg/C,(F) u_core_gen_pd_row[3].gen_pd_col[0].u_pd/hit_latched_reg/D
OSC_FAST_REAL,/home/validmgr/ksabra/2026_SPAD/SPADMIC/results/genus_osc_pd/20260602_o4_muxless_tags_r600_o4_nominal_fast/timing_osc_fast_full_clock.rpt,65,VIOLATED,-1668,clk_osc_fast,clk_osc_fast,clk_osc_fast,(R) u_core_gen_pd_row[2].gen_pd_col[0].u_pd/hit_latched_reg/C,(F) u_core_gen_pd_row[2].gen_pd_col[0].u_pd/hit_latched_reg/D
OSC_FAST_REAL,/home/validmgr/ksabra/2026_SPAD/SPADMIC/results/genus_osc_pd/20260602_o4_muxless_tags_r600_o4_nominal_fast/timing_osc_fast_full_clock.rpt,66,VIOLATED,-1487,clk_osc_fast,clk_osc_fast,clk_osc_fast,(R) u_core_gen_pd_row[7].gen_pd_col[0].u_pd/q1_reg/C,(F) u_core_gen_pd_row[7].gen_pd_col[0].u_pd/q2_reg/D
OSC_FAST_REAL,/home/validmgr/ksabra/2026_SPAD/SPADMIC/results/genus_osc_pd/20260602_o4_muxless_tags_r600_o4_nominal_fast/timing_osc_fast_full_clock.rpt,67,VIOLATED,-1406,clk_osc_fast,clk_osc_fast,clk_osc_fast,(R) u_core_gen_pd_row[1].gen_pd_col[0].u_pd/q1_reg/C,(F) u_core_gen_pd_row[1].gen_pd_col[0].u_pd/q2_reg/D
OSC_FAST_REAL,/home/validmgr/ksabra/2026_SPAD/SPADMIC/results/genus_osc_pd/20260602_o4_muxless_tags_r600_o4_nominal_fast/timing_osc_fast_full_clock.rpt,68,VIOLATED,-1406,clk_osc_fast,clk_osc_fast,clk_osc_fast,(R) u_core_gen_pd_row[0].gen_pd_col[0].u_pd/q1_reg/C,(F) u_core_gen_pd_row[0].gen_pd_col[0].u_pd/q2_reg/D
OSC_FAST_REAL,/home/validmgr/ksabra/2026_SPAD/SPADMIC/results/genus_osc_pd/20260602_o4_muxless_tags_r600_o4_nominal_fast/timing_osc_fast_full_clock.rpt,69,VIOLATED,-1393,clk_osc_fast,clk_osc_fast,clk_osc_fast,(R) u_core_gen_pd_row[5].gen_pd_col[0].u_pd/q1_reg/C,(F) u_core_gen_pd_row[5].gen_pd_col[0].u_pd/q1_reg/D
OSC_FAST_REAL,/home/validmgr/ksabra/2026_SPAD/SPADMIC/results/genus_osc_pd/20260602_o4_muxless_tags_r600_o4_nominal_fast/timing_osc_fast_full_clock.rpt,70,VIOLATED,-1393,clk_osc_fast,clk_osc_fast,clk_osc_fast,(R) u_core_gen_pd_row[4].gen_pd_col[0].u_pd/q1_reg/C,(F) u_core_gen_pd_row[4].gen_pd_col[0].u_pd/q1_reg/D
OSC_FAST_REAL,/home/validmgr/ksabra/2026_SPAD/SPADMIC/results/genus_osc_pd/20260602_o4_muxless_tags_r600_o4_nominal_fast/timing_osc_fast_full_clock.rpt,71,VIOLATED,-1393,clk_osc_fast,clk_osc_fast,clk_osc_fast,(R) u_core_gen_pd_row[3].gen_pd_col[0].u_pd/q1_reg/C,(F) u_core_gen_pd_row[3].gen_pd_col[0].u_pd/q1_reg/D
OSC_FAST_REAL,/home/validmgr/ksabra/2026_SPAD/SPADMIC/results/genus_osc_pd/20260602_o4_muxless_tags_r600_o4_nominal_fast/timing_osc_fast_full_clock.rpt,72,VIOLATED,-1393,clk_osc_fast,clk_osc_fast,clk_osc_fast,(R) u_core_gen_pd_row[6].gen_pd_col[0].u_pd/q1_reg/C,(F) u_core_gen_pd_row[6].gen_pd_col[0].u_pd/q1_reg/D
OSC_FAST_REAL,/home/validmgr/ksabra/2026_SPAD/SPADMIC/results/genus_osc_pd/20260602_o4_muxless_tags_r600_o4_nominal_fast/timing_osc_fast_full_clock.rpt,73,VIOLATED,-1393,clk_osc_fast,clk_osc_fast,clk_osc_fast,(R) u_core_gen_pd_row[2].gen_pd_col[0].u_pd/q1_reg/C,(F) u_core_gen_pd_row[2].gen_pd_col[0].u_pd/q1_reg/D
OSC_FAST_REAL,/home/validmgr/ksabra/2026_SPAD/SPADMIC/results/genus_osc_pd/20260602_o4_muxless_tags_r600_o4_nominal_fast/timing_osc_fast_full_clock.rpt,74,VIOLATED,-1385,clk_osc_fast,clk_osc_fast,clk_osc_fast,(R) u_core_gen_pd_row[6].gen_pd_col[0].u_pd/q2_reg/C,(F) u_core_gen_pd_row[6].gen_pd_col[0].u_pd/q2_reg/D
OSC_FAST_REAL,/home/validmgr/ksabra/2026_SPAD/SPADMIC/results/genus_osc_pd/20260602_o4_muxless_tags_r600_o4_nominal_fast/timing_osc_fast_full_clock.rpt,75,VIOLATED,-1385,clk_osc_fast,clk_osc_fast,clk_osc_fast,(R) u_core_gen_pd_row[5].gen_pd_col[0].u_pd/q2_reg/C,(F) u_core_gen_pd_row[5].gen_pd_col[0].u_pd/q2_reg/D
OSC_FAST_REAL,/home/validmgr/ksabra/2026_SPAD/SPADMIC/results/genus_osc_pd/20260602_o4_muxless_tags_r600_o4_nominal_fast/timing_osc_fast_full_clock.rpt,76,VIOLATED,-1385,clk_osc_fast,clk_osc_fast,clk_osc_fast,(R) u_core_gen_pd_row[4].gen_pd_col[0].u_pd/q2_reg/C,(F) u_core_gen_pd_row[4].gen_pd_col[0].u_pd/q2_reg/D
OSC_FAST_REAL,/home/validmgr/ksabra/2026_SPAD/SPADMIC/results/genus_osc_pd/20260602_o4_muxless_tags_r600_o4_nominal_fast/timing_osc_fast_full_clock.rpt,77,VIOLATED,-1385,clk_osc_fast,clk_osc_fast,clk_osc_fast,(R) u_core_gen_pd_row[3].gen_pd_col[0].u_pd/q2_reg/C,(F) u_core_gen_pd_row[3].gen_pd_col[0].u_pd/q2_reg/D
OSC_FAST_REAL,/home/validmgr/ksabra/2026_SPAD/SPADMIC/results/genus_osc_pd/20260602_o4_muxless_tags_r600_o4_nominal_fast/timing_osc_fast_full_clock.rpt,78,VIOLATED,-1385,clk_osc_fast,clk_osc_fast,clk_osc_fast,(R) u_core_gen_pd_row[2].gen_pd_col[0].u_pd/q2_reg/C,(F) u_core_gen_pd_row[2].gen_pd_col[0].u_pd/q2_reg/D
OSC_FAST_REAL,/home/validmgr/ksabra/2026_SPAD/SPADMIC/results/genus_osc_pd/20260602_o4_muxless_tags_r600_o4_nominal_fast/timing_osc_fast_full_clock.rpt,79,VIOLATED,-1366,clk_osc_fast,clk_osc_fast,clk_osc_fast,(R) u_core_gen_pd_row[7].gen_pd_col[0].u_pd/q1_reg/C,(F) u_core_gen_pd_row[7].gen_pd_col[0].u_pd/q1_reg/D
OSC_FAST_REAL,/home/validmgr/ksabra/2026_SPAD/SPADMIC/results/genus_osc_pd/20260602_o4_muxless_tags_r600_o4_nominal_fast/timing_osc_fast_full_clock.rpt,80,VIOLATED,-1351,clk_osc_fast,clk_osc_fast,clk_osc_fast,(R) u_core_gen_pd_row[1].gen_pd_col[0].u_pd/q1_reg/C,(F) u_core_gen_pd_row[1].gen_pd_col[0].u_pd/q1_reg/D
OSC_FAST_REAL,/home/validmgr/ksabra/2026_SPAD/SPADMIC/results/genus_osc_pd/20260602_o4_muxless_tags_r600_o4_nominal_fast/timing_osc_fast_full_clock.rpt,81,VIOLATED,-1350,clk_osc_fast,clk_osc_fast,clk_osc_fast,(R) u_core_gen_pd_row[0].gen_pd_col[0].u_pd/q1_reg/C,(F) u_core_gen_pd_row[0].gen_pd_col[0].u_pd/q1_reg/D
OSC_FAST_REAL,/home/validmgr/ksabra/2026_SPAD/SPADMIC/results/genus_osc_pd/20260602_o4_muxless_tags_r600_o4_nominal_fast/timing_osc_fast_full_clock.rpt,82,VIOLATED,-1338,clk_osc_fast,clk_osc_fast,clk_osc_fast,(R) u_core_gen_fast_tag_col[0].u_fast_tag/tag_o_reg[5]/C,(F) u_core_gen_fast_tag_col[0].u_fast_tag/tag_o_reg[6]/D
OSC_FAST_REAL,/home/validmgr/ksabra/2026_SPAD/SPADMIC/results/genus_osc_pd/20260602_o4_muxless_tags_r600_o4_nominal_fast/timing_osc_fast_full_clock.rpt,83,VIOLATED,-1323,clk_osc_fast,clk_osc_fast,clk_osc_fast,(R) u_core_gen_fast_tag_col[0].u_fast_tag/tag_o_reg[4]/C,(F) u_core_gen_fast_tag_col[0].u_fast_tag/tag_o_reg[5]/D
OSC_FAST_REAL,/home/validmgr/ksabra/2026_SPAD/SPADMIC/results/genus_osc_pd/20260602_o4_muxless_tags_r600_o4_nominal_fast/timing_osc_fast_full_clock.rpt,84,VIOLATED,-1308,clk_osc_fast,clk_osc_fast,clk_osc_fast,(R) u_core_gen_fast_tag_col[0].u_fast_tag/tag_o_reg[1]/C,(F) u_core_gen_fast_tag_col[0].u_fast_tag/tag_o_reg[2]/D
OSC_FAST_REAL,/home/validmgr/ksabra/2026_SPAD/SPADMIC/results/genus_osc_pd/20260602_o4_muxless_tags_r600_o4_nominal_fast/timing_osc_fast_full_clock.rpt,85,VIOLATED,-1308,clk_osc_fast,clk_osc_fast,clk_osc_fast,(R) u_core_gen_fast_tag_col[0].u_fast_tag/tag_o_reg[2]/C,(F) u_core_gen_fast_tag_col[0].u_fast_tag/tag_o_reg[3]/D
OSC_FAST_REAL,/home/validmgr/ksabra/2026_SPAD/SPADMIC/results/genus_osc_pd/20260602_o4_muxless_tags_r600_o4_nominal_fast/timing_osc_fast_full_clock.rpt,86,VIOLATED,-1304,clk_osc_fast,clk_osc_fast,clk_osc_fast,(R) u_core_gen_fast_tag_col[0].u_fast_tag/tag_o_reg[3]/C,(F) u_core_gen_fast_tag_col[0].u_fast_tag/tag_o_reg[4]/D
OSC_FAST_REAL,/home/validmgr/ksabra/2026_SPAD/SPADMIC/results/genus_osc_pd/20260602_o4_muxless_tags_r600_o4_nominal_fast/timing_osc_fast_full_clock.rpt,87,VIOLATED,-714,clk_osc_fast,clk_osc_fast,clk_osc_fast,(R) u_core_gen_fast_tag_col[0].u_fast_tag/tag_o_reg[0]/C,(F) u_core_gen_fast_tag_col[0].u_fast_tag/tag_o_reg[1]/D
OSC_FAST_REAL,/home/validmgr/ksabra/2026_SPAD/SPADMIC/results/genus_osc_pd/20260602_o4_muxless_tags_r600_o4_nominal_fast/timing_osc_fast_full_clock.rpt,88,VIOLATED,-669,clk_osc_fast,clk_osc_fast,clk_osc_fast,(R) u_core_u_rst_fast_sync/sync_q_reg[0]/C,(F) u_core_u_rst_fast_sync/sync_q_reg[1]/D
OSC_FAST_REAL,/home/validmgr/ksabra/2026_SPAD/SPADMIC/results/genus_osc_pd/20260602_o4_muxless_tags_r600_o4_nominal_fast/timing_fast_count_to_nfast_hit.rpt,1,VIOLATED,-1997,clk_osc_fast,clk_osc_fast,clk_osc_fast,(R) u_core_gen_pd_row[6].gen_pd_col[0].u_pd/hit_latched_reg/C,(F) u_core_gen_pd_row[6].gen_pd_col[0].u_pd/nfast_hit_latched_reg[4]/D
OSC_FAST_REAL,/home/validmgr/ksabra/2026_SPAD/SPADMIC/results/genus_osc_pd/20260602_o4_muxless_tags_r600_o4_nominal_fast/timing_fast_count_to_nfast_hit.rpt,2,VIOLATED,-1997,clk_osc_fast,clk_osc_fast,clk_osc_fast,(R) u_core_gen_pd_row[5].gen_pd_col[0].u_pd/hit_latched_reg/C,(F) u_core_gen_pd_row[5].gen_pd_col[0].u_pd/nfast_hit_latched_reg[4]/D
OSC_FAST_REAL,/home/validmgr/ksabra/2026_SPAD/SPADMIC/results/genus_osc_pd/20260602_o4_muxless_tags_r600_o4_nominal_fast/timing_fast_count_to_nfast_hit.rpt,3,VIOLATED,-1997,clk_osc_fast,clk_osc_fast,clk_osc_fast,(R) u_core_gen_pd_row[4].gen_pd_col[0].u_pd/hit_latched_reg/C,(F) u_core_gen_pd_row[4].gen_pd_col[0].u_pd/nfast_hit_latched_reg[4]/D
OSC_FAST_REAL,/home/validmgr/ksabra/2026_SPAD/SPADMIC/results/genus_osc_pd/20260602_o4_muxless_tags_r600_o4_nominal_fast/timing_fast_count_to_nfast_hit.rpt,4,VIOLATED,-1997,clk_osc_fast,clk_osc_fast,clk_osc_fast,(R) u_core_gen_pd_row[3].gen_pd_col[0].u_pd/hit_latched_reg/C,(F) u_core_gen_pd_row[3].gen_pd_col[0].u_pd/nfast_hit_latched_reg[4]/D
OSC_FAST_REAL,/home/validmgr/ksabra/2026_SPAD/SPADMIC/results/genus_osc_pd/20260602_o4_muxless_tags_r600_o4_nominal_fast/timing_fast_count_to_nfast_hit.rpt,5,VIOLATED,-1997,clk_osc_fast,clk_osc_fast,clk_osc_fast,(R) u_core_gen_pd_row[2].gen_pd_col[0].u_pd/hit_latched_reg/C,(F) u_core_gen_pd_row[2].gen_pd_col[0].u_pd/nfast_hit_latched_reg[4]/D
OSC_FAST_REAL,/home/validmgr/ksabra/2026_SPAD/SPADMIC/results/genus_osc_pd/20260602_o4_muxless_tags_r600_o4_nominal_fast/timing_fast_count_to_nfast_hit.rpt,6,VIOLATED,-1997,clk_osc_fast,clk_osc_fast,clk_osc_fast,(R) u_core_gen_pd_row[7].gen_pd_col[0].u_pd/hit_latched_reg/C,(F) u_core_gen_pd_row[7].gen_pd_col[0].u_pd/nfast_hit_latched_reg[4]/D
OSC_FAST_REAL,/home/validmgr/ksabra/2026_SPAD/SPADMIC/results/genus_osc_pd/20260602_o4_muxless_tags_r600_o4_nominal_fast/timing_fast_count_to_nfast_hit.rpt,7,VIOLATED,-1991,clk_osc_fast,clk_osc_fast,clk_osc_fast,(R) u_core_gen_pd_row[6].gen_pd_col[0].u_pd/hit_latched_reg/C,(F) u_core_gen_pd_row[6].gen_pd_col[0].u_pd/nfast_hit_latched_reg[0]/D
OSC_FAST_REAL,/home/validmgr/ksabra/2026_SPAD/SPADMIC/results/genus_osc_pd/20260602_o4_muxless_tags_r600_o4_nominal_fast/timing_fast_count_to_nfast_hit.rpt,8,VIOLATED,-1991,clk_osc_fast,clk_osc_fast,clk_osc_fast,(R) u_core_gen_pd_row[5].gen_pd_col[0].u_pd/hit_latched_reg/C,(F) u_core_gen_pd_row[5].gen_pd_col[0].u_pd/nfast_hit_latched_reg[0]/D
OSC_FAST_REAL,/home/validmgr/ksabra/2026_SPAD/SPADMIC/results/genus_osc_pd/20260602_o4_muxless_tags_r600_o4_nominal_fast/timing_fast_count_to_nfast_hit.rpt,9,VIOLATED,-1991,clk_osc_fast,clk_osc_fast,clk_osc_fast,(R) u_core_gen_pd_row[4].gen_pd_col[0].u_pd/hit_latched_reg/C,(F) u_core_gen_pd_row[4].gen_pd_col[0].u_pd/nfast_hit_latched_reg[0]/D
OSC_FAST_REAL,/home/validmgr/ksabra/2026_SPAD/SPADMIC/results/genus_osc_pd/20260602_o4_muxless_tags_r600_o4_nominal_fast/timing_fast_count_to_nfast_hit.rpt,10,VIOLATED,-1991,clk_osc_fast,clk_osc_fast,clk_osc_fast,(R) u_core_gen_pd_row[3].gen_pd_col[0].u_pd/hit_latched_reg/C,(F) u_core_gen_pd_row[3].gen_pd_col[0].u_pd/nfast_hit_latched_reg[0]/D
OSC_FAST_REAL,/home/validmgr/ksabra/2026_SPAD/SPADMIC/results/genus_osc_pd/20260602_o4_muxless_tags_r600_o4_nominal_fast/timing_fast_count_to_nfast_hit.rpt,11,VIOLATED,-1991,clk_osc_fast,clk_osc_fast,clk_osc_fast,(R) u_core_gen_pd_row[2].gen_pd_col[0].u_pd/hit_latched_reg/C,(F) u_core_gen_pd_row[2].gen_pd_col[0].u_pd/nfast_hit_latched_reg[0]/D
OSC_FAST_REAL,/home/validmgr/ksabra/2026_SPAD/SPADMIC/results/genus_osc_pd/20260602_o4_muxless_tags_r600_o4_nominal_fast/timing_fast_count_to_nfast_hit.rpt,12,VIOLATED,-1990,clk_osc_fast,clk_osc_fast,clk_osc_fast,(R) u_core_gen_pd_row[7].gen_pd_col[0].u_pd/hit_latched_reg/C,(F) u_core_gen_pd_row[7].gen_pd_col[0].u_pd/nfast_hit_latched_reg[0]/D
OSC_FAST_REAL,/home/validmgr/ksabra/2026_SPAD/SPADMIC/results/genus_osc_pd/20260602_o4_muxless_tags_r600_o4_nominal_fast/timing_fast_count_to_nfast_hit.rpt,13,VIOLATED,-1987,clk_osc_fast,clk_osc_fast,clk_osc_fast,(R) u_core_gen_pd_row[6].gen_pd_col[0].u_pd/hit_latched_reg/C,(F) u_core_gen_pd_row[6].gen_pd_col[0].u_pd/nfast_hit_latched_reg[6]/D
OSC_FAST_REAL,/home/validmgr/ksabra/2026_SPAD/SPADMIC/results/genus_osc_pd/20260602_o4_muxless_tags_r600_o4_nominal_fast/timing_fast_count_to_nfast_hit.rpt,14,VIOLATED,-1987,clk_osc_fast,clk_osc_fast,clk_osc_fast,(R) u_core_gen_pd_row[5].gen_pd_col[0].u_pd/hit_latched_reg/C,(F) u_core_gen_pd_row[5].gen_pd_col[0].u_pd/nfast_hit_latched_reg[6]/D
OSC_FAST_REAL,/home/validmgr/ksabra/2026_SPAD/SPADMIC/results/genus_osc_pd/20260602_o4_muxless_tags_r600_o4_nominal_fast/timing_fast_count_to_nfast_hit.rpt,15,VIOLATED,-1987,clk_osc_fast,clk_osc_fast,clk_osc_fast,(R) u_core_gen_pd_row[4].gen_pd_col[0].u_pd/hit_latched_reg/C,(F) u_core_gen_pd_row[4].gen_pd_col[0].u_pd/nfast_hit_latched_reg[6]/D
OSC_FAST_REAL,/home/validmgr/ksabra/2026_SPAD/SPADMIC/results/genus_osc_pd/20260602_o4_muxless_tags_r600_o4_nominal_fast/timing_fast_count_to_nfast_hit.rpt,16,VIOLATED,-1987,clk_osc_fast,clk_osc_fast,clk_osc_fast,(R) u_core_gen_pd_row[3].gen_pd_col[0].u_pd/hit_latched_reg/C,(F) u_core_gen_pd_row[3].gen_pd_col[0].u_pd/nfast_hit_latched_reg[6]/D
OSC_FAST_REAL,/home/validmgr/ksabra/2026_SPAD/SPADMIC/results/genus_osc_pd/20260602_o4_muxless_tags_r600_o4_nominal_fast/timing_fast_count_to_nfast_hit.rpt,17,VIOLATED,-1987,clk_osc_fast,clk_osc_fast,clk_osc_fast,(R) u_core_gen_pd_row[2].gen_pd_col[0].u_pd/hit_latched_reg/C,(F) u_core_gen_pd_row[2].gen_pd_col[0].u_pd/nfast_hit_latched_reg[6]/D
OSC_FAST_REAL,/home/validmgr/ksabra/2026_SPAD/SPADMIC/results/genus_osc_pd/20260602_o4_muxless_tags_r600_o4_nominal_fast/timing_fast_count_to_nfast_hit.rpt,18,VIOLATED,-1986,clk_osc_fast,clk_osc_fast,clk_osc_fast,(R) u_core_gen_pd_row[6].gen_pd_col[0].u_pd/hit_latched_reg/C,(F) u_core_gen_pd_row[6].gen_pd_col[0].u_pd/nfast_hit_latched_reg[3]/D
OSC_FAST_REAL,/home/validmgr/ksabra/2026_SPAD/SPADMIC/results/genus_osc_pd/20260602_o4_muxless_tags_r600_o4_nominal_fast/timing_fast_count_to_nfast_hit.rpt,19,VIOLATED,-1986,clk_osc_fast,clk_osc_fast,clk_osc_fast,(R) u_core_gen_pd_row[6].gen_pd_col[0].u_pd/hit_latched_reg/C,(F) u_core_gen_pd_row[6].gen_pd_col[0].u_pd/nfast_hit_latched_reg[2]/D
OSC_FAST_REAL,/home/validmgr/ksabra/2026_SPAD/SPADMIC/results/genus_osc_pd/20260602_o4_muxless_tags_r600_o4_nominal_fast/timing_fast_count_to_nfast_hit.rpt,20,VIOLATED,-1986,clk_osc_fast,clk_osc_fast,clk_osc_fast,(R) u_core_gen_pd_row[6].gen_pd_col[0].u_pd/hit_latched_reg/C,(F) u_core_gen_pd_row[6].gen_pd_col[0].u_pd/nfast_hit_latched_reg[1]/D
OSC_FAST_REAL,/home/validmgr/ksabra/2026_SPAD/SPADMIC/results/genus_osc_pd/20260602_o4_muxless_tags_r600_o4_nominal_fast/timing_fast_count_to_nfast_hit.rpt,21,VIOLATED,-1986,clk_osc_fast,clk_osc_fast,clk_osc_fast,(R) u_core_gen_pd_row[5].gen_pd_col[0].u_pd/hit_latched_reg/C,(F) u_core_gen_pd_row[5].gen_pd_col[0].u_pd/nfast_hit_latched_reg[3]/D
OSC_FAST_REAL,/home/validmgr/ksabra/2026_SPAD/SPADMIC/results/genus_osc_pd/20260602_o4_muxless_tags_r600_o4_nominal_fast/timing_fast_count_to_nfast_hit.rpt,22,VIOLATED,-1986,clk_osc_fast,clk_osc_fast,clk_osc_fast,(R) u_core_gen_pd_row[5].gen_pd_col[0].u_pd/hit_latched_reg/C,(F) u_core_gen_pd_row[5].gen_pd_col[0].u_pd/nfast_hit_latched_reg[2]/D
OSC_FAST_REAL,/home/validmgr/ksabra/2026_SPAD/SPADMIC/results/genus_osc_pd/20260602_o4_muxless_tags_r600_o4_nominal_fast/timing_fast_count_to_nfast_hit.rpt,23,VIOLATED,-1986,clk_osc_fast,clk_osc_fast,clk_osc_fast,(R) u_core_gen_pd_row[5].gen_pd_col[0].u_pd/hit_latched_reg/C,(F) u_core_gen_pd_row[5].gen_pd_col[0].u_pd/nfast_hit_latched_reg[1]/D
OSC_FAST_REAL,/home/validmgr/ksabra/2026_SPAD/SPADMIC/results/genus_osc_pd/20260602_o4_muxless_tags_r600_o4_nominal_fast/timing_fast_count_to_nfast_hit.rpt,24,VIOLATED,-1986,clk_osc_fast,clk_osc_fast,clk_osc_fast,(R) u_core_gen_pd_row[4].gen_pd_col[0].u_pd/hit_latched_reg/C,(F) u_core_gen_pd_row[4].gen_pd_col[0].u_pd/nfast_hit_latched_reg[3]/D
OSC_FAST_REAL,/home/validmgr/ksabra/2026_SPAD/SPADMIC/results/genus_osc_pd/20260602_o4_muxless_tags_r600_o4_nominal_fast/timing_fast_count_to_nfast_hit.rpt,25,VIOLATED,-1986,clk_osc_fast,clk_osc_fast,clk_osc_fast,(R) u_core_gen_pd_row[4].gen_pd_col[0].u_pd/hit_latched_reg/C,(F) u_core_gen_pd_row[4].gen_pd_col[0].u_pd/nfast_hit_latched_reg[2]/D
OSC_FAST_REAL,/home/validmgr/ksabra/2026_SPAD/SPADMIC/results/genus_osc_pd/20260602_o4_muxless_tags_r600_o4_nominal_fast/timing_fast_count_to_nfast_hit.rpt,26,VIOLATED,-1986,clk_osc_fast,clk_osc_fast,clk_osc_fast,(R) u_core_gen_pd_row[4].gen_pd_col[0].u_pd/hit_latched_reg/C,(F) u_core_gen_pd_row[4].gen_pd_col[0].u_pd/nfast_hit_latched_reg[1]/D
OSC_FAST_REAL,/home/validmgr/ksabra/2026_SPAD/SPADMIC/results/genus_osc_pd/20260602_o4_muxless_tags_r600_o4_nominal_fast/timing_fast_count_to_nfast_hit.rpt,27,VIOLATED,-1986,clk_osc_fast,clk_osc_fast,clk_osc_fast,(R) u_core_gen_pd_row[3].gen_pd_col[0].u_pd/hit_latched_reg/C,(F) u_core_gen_pd_row[3].gen_pd_col[0].u_pd/nfast_hit_latched_reg[3]/D
OSC_FAST_REAL,/home/validmgr/ksabra/2026_SPAD/SPADMIC/results/genus_osc_pd/20260602_o4_muxless_tags_r600_o4_nominal_fast/timing_fast_count_to_nfast_hit.rpt,28,VIOLATED,-1986,clk_osc_fast,clk_osc_fast,clk_osc_fast,(R) u_core_gen_pd_row[3].gen_pd_col[0].u_pd/hit_latched_reg/C,(F) u_core_gen_pd_row[3].gen_pd_col[0].u_pd/nfast_hit_latched_reg[2]/D
OSC_FAST_REAL,/home/validmgr/ksabra/2026_SPAD/SPADMIC/results/genus_osc_pd/20260602_o4_muxless_tags_r600_o4_nominal_fast/timing_fast_count_to_nfast_hit.rpt,29,VIOLATED,-1986,clk_osc_fast,clk_osc_fast,clk_osc_fast,(R) u_core_gen_pd_row[3].gen_pd_col[0].u_pd/hit_latched_reg/C,(F) u_core_gen_pd_row[3].gen_pd_col[0].u_pd/nfast_hit_latched_reg[1]/D
OSC_FAST_REAL,/home/validmgr/ksabra/2026_SPAD/SPADMIC/results/genus_osc_pd/20260602_o4_muxless_tags_r600_o4_nominal_fast/timing_fast_count_to_nfast_hit.rpt,30,VIOLATED,-1986,clk_osc_fast,clk_osc_fast,clk_osc_fast,(R) u_core_gen_pd_row[2].gen_pd_col[0].u_pd/hit_latched_reg/C,(F) u_core_gen_pd_row[2].gen_pd_col[0].u_pd/nfast_hit_latched_reg[3]/D
OSC_FAST_REAL,/home/validmgr/ksabra/2026_SPAD/SPADMIC/results/genus_osc_pd/20260602_o4_muxless_tags_r600_o4_nominal_fast/timing_fast_count_to_nfast_hit.rpt,31,VIOLATED,-1986,clk_osc_fast,clk_osc_fast,clk_osc_fast,(R) u_core_gen_pd_row[2].gen_pd_col[0].u_pd/hit_latched_reg/C,(F) u_core_gen_pd_row[2].gen_pd_col[0].u_pd/nfast_hit_latched_reg[2]/D
OSC_FAST_REAL,/home/validmgr/ksabra/2026_SPAD/SPADMIC/results/genus_osc_pd/20260602_o4_muxless_tags_r600_o4_nominal_fast/timing_fast_count_to_nfast_hit.rpt,32,VIOLATED,-1986,clk_osc_fast,clk_osc_fast,clk_osc_fast,(R) u_core_gen_pd_row[2].gen_pd_col[0].u_pd/hit_latched_reg/C,(F) u_core_gen_pd_row[2].gen_pd_col[0].u_pd/nfast_hit_latched_reg[1]/D
OSC_FAST_REAL,/home/validmgr/ksabra/2026_SPAD/SPADMIC/results/genus_osc_pd/20260602_o4_muxless_tags_r600_o4_nominal_fast/timing_fast_count_to_nfast_hit.rpt,33,VIOLATED,-1986,clk_osc_fast,clk_osc_fast,clk_osc_fast,(R) u_core_gen_pd_row[7].gen_pd_col[0].u_pd/hit_latched_reg/C,(F) u_core_gen_pd_row[7].gen_pd_col[0].u_pd/nfast_hit_latched_reg[6]/D
OSC_FAST_REAL,/home/validmgr/ksabra/2026_SPAD/SPADMIC/results/genus_osc_pd/20260602_o4_muxless_tags_r600_o4_nominal_fast/timing_fast_count_to_nfast_hit.rpt,34,VIOLATED,-1986,clk_osc_fast,clk_osc_fast,clk_osc_fast,(R) u_core_gen_pd_row[7].gen_pd_col[0].u_pd/hit_latched_reg/C,(F) u_core_gen_pd_row[7].gen_pd_col[0].u_pd/nfast_hit_latched_reg[3]/D
OSC_FAST_REAL,/home/validmgr/ksabra/2026_SPAD/SPADMIC/results/genus_osc_pd/20260602_o4_muxless_tags_r600_o4_nominal_fast/timing_fast_count_to_nfast_hit.rpt,35,VIOLATED,-1986,clk_osc_fast,clk_osc_fast,clk_osc_fast,(R) u_core_gen_pd_row[7].gen_pd_col[0].u_pd/hit_latched_reg/C,(F) u_core_gen_pd_row[7].gen_pd_col[0].u_pd/nfast_hit_latched_reg[2]/D
OSC_FAST_REAL,/home/validmgr/ksabra/2026_SPAD/SPADMIC/results/genus_osc_pd/20260602_o4_muxless_tags_r600_o4_nominal_fast/timing_fast_count_to_nfast_hit.rpt,36,VIOLATED,-1986,clk_osc_fast,clk_osc_fast,clk_osc_fast,(R) u_core_gen_pd_row[7].gen_pd_col[0].u_pd/hit_latched_reg/C,(F) u_core_gen_pd_row[7].gen_pd_col[0].u_pd/nfast_hit_latched_reg[1]/D
OSC_FAST_REAL,/home/validmgr/ksabra/2026_SPAD/SPADMIC/results/genus_osc_pd/20260602_o4_muxless_tags_r600_o4_nominal_fast/timing_fast_count_to_nfast_hit.rpt,37,VIOLATED,-1985,clk_osc_fast,clk_osc_fast,clk_osc_fast,(R) u_core_gen_pd_row[6].gen_pd_col[0].u_pd/hit_latched_reg/C,(F) u_core_gen_pd_row[6].gen_pd_col[0].u_pd/nfast_hit_latched_reg[5]/D
OSC_FAST_REAL,/home/validmgr/ksabra/2026_SPAD/SPADMIC/results/genus_osc_pd/20260602_o4_muxless_tags_r600_o4_nominal_fast/timing_fast_count_to_nfast_hit.rpt,38,VIOLATED,-1985,clk_osc_fast,clk_osc_fast,clk_osc_fast,(R) u_core_gen_pd_row[5].gen_pd_col[0].u_pd/hit_latched_reg/C,(F) u_core_gen_pd_row[5].gen_pd_col[0].u_pd/nfast_hit_latched_reg[5]/D
OSC_FAST_REAL,/home/validmgr/ksabra/2026_SPAD/SPADMIC/results/genus_osc_pd/20260602_o4_muxless_tags_r600_o4_nominal_fast/timing_fast_count_to_nfast_hit.rpt,39,VIOLATED,-1985,clk_osc_fast,clk_osc_fast,clk_osc_fast,(R) u_core_gen_pd_row[4].gen_pd_col[0].u_pd/hit_latched_reg/C,(F) u_core_gen_pd_row[4].gen_pd_col[0].u_pd/nfast_hit_latched_reg[5]/D
OSC_FAST_REAL,/home/validmgr/ksabra/2026_SPAD/SPADMIC/results/genus_osc_pd/20260602_o4_muxless_tags_r600_o4_nominal_fast/timing_fast_count_to_nfast_hit.rpt,40,VIOLATED,-1985,clk_osc_fast,clk_osc_fast,clk_osc_fast,(R) u_core_gen_pd_row[3].gen_pd_col[0].u_pd/hit_latched_reg/C,(F) u_core_gen_pd_row[3].gen_pd_col[0].u_pd/nfast_hit_latched_reg[5]/D
OSC_FAST_REAL,/home/validmgr/ksabra/2026_SPAD/SPADMIC/results/genus_osc_pd/20260602_o4_muxless_tags_r600_o4_nominal_fast/timing_fast_count_to_nfast_hit.rpt,41,VIOLATED,-1985,clk_osc_fast,clk_osc_fast,clk_osc_fast,(R) u_core_gen_pd_row[2].gen_pd_col[0].u_pd/hit_latched_reg/C,(F) u_core_gen_pd_row[2].gen_pd_col[0].u_pd/nfast_hit_latched_reg[5]/D
OSC_FAST_REAL,/home/validmgr/ksabra/2026_SPAD/SPADMIC/results/genus_osc_pd/20260602_o4_muxless_tags_r600_o4_nominal_fast/timing_fast_count_to_nfast_hit.rpt,42,VIOLATED,-1985,clk_osc_fast,clk_osc_fast,clk_osc_fast,(R) u_core_gen_pd_row[7].gen_pd_col[0].u_pd/hit_latched_reg/C,(F) u_core_gen_pd_row[7].gen_pd_col[0].u_pd/nfast_hit_latched_reg[5]/D
OSC_FAST_REAL,/home/validmgr/ksabra/2026_SPAD/SPADMIC/results/genus_osc_pd/20260602_o4_muxless_tags_r600_o4_nominal_fast/timing_fast_count_to_nfast_hit.rpt,43,VIOLATED,-1968,clk_osc_fast,clk_osc_fast,clk_osc_fast,(R) u_core_gen_pd_row[1].gen_pd_col[0].u_pd/hit_latched_reg/C,(F) u_core_gen_pd_row[1].gen_pd_col[0].u_pd/nfast_hit_latched_reg[4]/D
OSC_FAST_REAL,/home/validmgr/ksabra/2026_SPAD/SPADMIC/results/genus_osc_pd/20260602_o4_muxless_tags_r600_o4_nominal_fast/timing_fast_count_to_nfast_hit.rpt,44,VIOLATED,-1968,clk_osc_fast,clk_osc_fast,clk_osc_fast,(R) u_core_gen_pd_row[0].gen_pd_col[0].u_pd/hit_latched_reg/C,(F) u_core_gen_pd_row[0].gen_pd_col[0].u_pd/nfast_hit_latched_reg[4]/D
OSC_FAST_REAL,/home/validmgr/ksabra/2026_SPAD/SPADMIC/results/genus_osc_pd/20260602_o4_muxless_tags_r600_o4_nominal_fast/timing_fast_count_to_nfast_hit.rpt,45,VIOLATED,-1961,clk_osc_fast,clk_osc_fast,clk_osc_fast,(R) u_core_gen_pd_row[1].gen_pd_col[0].u_pd/hit_latched_reg/C,(F) u_core_gen_pd_row[1].gen_pd_col[0].u_pd/nfast_hit_latched_reg[0]/D
OSC_FAST_REAL,/home/validmgr/ksabra/2026_SPAD/SPADMIC/results/genus_osc_pd/20260602_o4_muxless_tags_r600_o4_nominal_fast/timing_fast_count_to_nfast_hit.rpt,46,VIOLATED,-1961,clk_osc_fast,clk_osc_fast,clk_osc_fast,(R) u_core_gen_pd_row[0].gen_pd_col[0].u_pd/hit_latched_reg/C,(F) u_core_gen_pd_row[0].gen_pd_col[0].u_pd/nfast_hit_latched_reg[0]/D
OSC_FAST_REAL,/home/validmgr/ksabra/2026_SPAD/SPADMIC/results/genus_osc_pd/20260602_o4_muxless_tags_r600_o4_nominal_fast/timing_fast_count_to_nfast_hit.rpt,47,VIOLATED,-1957,clk_osc_fast,clk_osc_fast,clk_osc_fast,(R) u_core_gen_pd_row[1].gen_pd_col[0].u_pd/hit_latched_reg/C,(F) u_core_gen_pd_row[1].gen_pd_col[0].u_pd/nfast_hit_latched_reg[6]/D
OSC_FAST_REAL,/home/validmgr/ksabra/2026_SPAD/SPADMIC/results/genus_osc_pd/20260602_o4_muxless_tags_r600_o4_nominal_fast/timing_fast_count_to_nfast_hit.rpt,48,VIOLATED,-1957,clk_osc_fast,clk_osc_fast,clk_osc_fast,(R) u_core_gen_pd_row[0].gen_pd_col[0].u_pd/hit_latched_reg/C,(F) u_core_gen_pd_row[0].gen_pd_col[0].u_pd/nfast_hit_latched_reg[6]/D
OSC_FAST_REAL,/home/validmgr/ksabra/2026_SPAD/SPADMIC/results/genus_osc_pd/20260602_o4_muxless_tags_r600_o4_nominal_fast/timing_fast_count_to_nfast_hit.rpt,49,VIOLATED,-1957,clk_osc_fast,clk_osc_fast,clk_osc_fast,(R) u_core_gen_pd_row[1].gen_pd_col[0].u_pd/hit_latched_reg/C,(F) u_core_gen_pd_row[1].gen_pd_col[0].u_pd/nfast_hit_latched_reg[3]/D
OSC_FAST_REAL,/home/validmgr/ksabra/2026_SPAD/SPADMIC/results/genus_osc_pd/20260602_o4_muxless_tags_r600_o4_nominal_fast/timing_fast_count_to_nfast_hit.rpt,50,VIOLATED,-1957,clk_osc_fast,clk_osc_fast,clk_osc_fast,(R) u_core_gen_pd_row[1].gen_pd_col[0].u_pd/hit_latched_reg/C,(F) u_core_gen_pd_row[1].gen_pd_col[0].u_pd/nfast_hit_latched_reg[2]/D
OSC_FAST_REAL,/home/validmgr/ksabra/2026_SPAD/SPADMIC/results/genus_osc_pd/20260602_o4_muxless_tags_r600_o4_nominal_fast/timing_fast_count_to_nfast_hit.rpt,51,VIOLATED,-1957,clk_osc_fast,clk_osc_fast,clk_osc_fast,(R) u_core_gen_pd_row[1].gen_pd_col[0].u_pd/hit_latched_reg/C,(F) u_core_gen_pd_row[1].gen_pd_col[0].u_pd/nfast_hit_latched_reg[1]/D
OSC_FAST_REAL,/home/validmgr/ksabra/2026_SPAD/SPADMIC/results/genus_osc_pd/20260602_o4_muxless_tags_r600_o4_nominal_fast/timing_fast_count_to_nfast_hit.rpt,52,VIOLATED,-1957,clk_osc_fast,clk_osc_fast,clk_osc_fast,(R) u_core_gen_pd_row[0].gen_pd_col[0].u_pd/hit_latched_reg/C,(F) u_core_gen_pd_row[0].gen_pd_col[0].u_pd/nfast_hit_latched_reg[3]/D
OSC_FAST_REAL,/home/validmgr/ksabra/2026_SPAD/SPADMIC/results/genus_osc_pd/20260602_o4_muxless_tags_r600_o4_nominal_fast/timing_fast_count_to_nfast_hit.rpt,53,VIOLATED,-1957,clk_osc_fast,clk_osc_fast,clk_osc_fast,(R) u_core_gen_pd_row[0].gen_pd_col[0].u_pd/hit_latched_reg/C,(F) u_core_gen_pd_row[0].gen_pd_col[0].u_pd/nfast_hit_latched_reg[2]/D
OSC_FAST_REAL,/home/validmgr/ksabra/2026_SPAD/SPADMIC/results/genus_osc_pd/20260602_o4_muxless_tags_r600_o4_nominal_fast/timing_fast_count_to_nfast_hit.rpt,54,VIOLATED,-1957,clk_osc_fast,clk_osc_fast,clk_osc_fast,(R) u_core_gen_pd_row[0].gen_pd_col[0].u_pd/hit_latched_reg/C,(F) u_core_gen_pd_row[0].gen_pd_col[0].u_pd/nfast_hit_latched_reg[1]/D
OSC_FAST_REAL,/home/validmgr/ksabra/2026_SPAD/SPADMIC/results/genus_osc_pd/20260602_o4_muxless_tags_r600_o4_nominal_fast/timing_fast_count_to_nfast_hit.rpt,55,VIOLATED,-1956,clk_osc_fast,clk_osc_fast,clk_osc_fast,(R) u_core_gen_pd_row[1].gen_pd_col[0].u_pd/hit_latched_reg/C,(F) u_core_gen_pd_row[1].gen_pd_col[0].u_pd/nfast_hit_latched_reg[5]/D
OSC_FAST_REAL,/home/validmgr/ksabra/2026_SPAD/SPADMIC/results/genus_osc_pd/20260602_o4_muxless_tags_r600_o4_nominal_fast/timing_fast_count_to_nfast_hit.rpt,56,VIOLATED,-1956,clk_osc_fast,clk_osc_fast,clk_osc_fast,(R) u_core_gen_pd_row[0].gen_pd_col[0].u_pd/hit_latched_reg/C,(F) u_core_gen_pd_row[0].gen_pd_col[0].u_pd/nfast_hit_latched_reg[5]/D
CLK_SYS_REAL,/home/validmgr/ksabra/2026_SPAD/SPADMIC/results/genus_osc_pd/20260602_o4_muxless_tags_r600_o4_nominal_fast/timing_clk_sys_violations.rpt,1,VIOLATED,-1124,clk_sys,clk_sys,clk_sys,(R) u_core_u_drain_ctrl_drain_ctx_q_reg[0]/C,(R) u_core_u_drain_ctrl_emit_wr_data_q_reg[meta][flags][closed_by_maxhits]/D
CLK_SYS_REAL,/home/validmgr/ksabra/2026_SPAD/SPADMIC/results/genus_osc_pd/20260602_o4_muxless_tags_r600_o4_nominal_fast/timing_clk_sys_violations.rpt,2,VIOLATED,-1124,clk_sys,clk_sys,clk_sys,(R) u_core_u_drain_ctrl_drain_ctx_q_reg[0]/C,(R) u_core_u_drain_ctrl_emit_wr_data_q_reg[hit][ns][2]/D
CLK_SYS_REAL,/home/validmgr/ksabra/2026_SPAD/SPADMIC/results/genus_osc_pd/20260602_o4_muxless_tags_r600_o4_nominal_fast/timing_clk_sys_violations.rpt,3,VIOLATED,-1124,clk_sys,clk_sys,clk_sys,(R) u_core_u_drain_ctrl_drain_ctx_q_reg[0]/C,(R) u_core_u_drain_ctrl_emit_wr_data_q_reg[hit][ns][1]/D
CLK_SYS_REAL,/home/validmgr/ksabra/2026_SPAD/SPADMIC/results/genus_osc_pd/20260602_o4_muxless_tags_r600_o4_nominal_fast/timing_clk_sys_violations.rpt,4,VIOLATED,-1124,clk_sys,clk_sys,clk_sys,(R) u_core_u_drain_ctrl_drain_ctx_q_reg[0]/C,(R) u_core_u_drain_ctrl_emit_wr_data_q_reg[hit][ns][0]/D
CLK_SYS_REAL,/home/validmgr/ksabra/2026_SPAD/SPADMIC/results/genus_osc_pd/20260602_o4_muxless_tags_r600_o4_nominal_fast/timing_clk_sys_violations.rpt,5,VIOLATED,-1124,clk_sys,clk_sys,clk_sys,(R) u_core_u_drain_ctrl_drain_ctx_q_reg[0]/C,(R) u_core_u_drain_ctrl_emit_wr_data_q_reg[hit][nfast][6]/D
CLK_SYS_REAL,/home/validmgr/ksabra/2026_SPAD/SPADMIC/results/genus_osc_pd/20260602_o4_muxless_tags_r600_o4_nominal_fast/timing_clk_sys_violations.rpt,6,VIOLATED,-1124,clk_sys,clk_sys,clk_sys,(R) u_core_u_drain_ctrl_drain_ctx_q_reg[0]/C,(R) u_core_u_drain_ctrl_emit_wr_data_q_reg[hit][nfast][5]/D
CLK_SYS_REAL,/home/validmgr/ksabra/2026_SPAD/SPADMIC/results/genus_osc_pd/20260602_o4_muxless_tags_r600_o4_nominal_fast/timing_clk_sys_violations.rpt,7,VIOLATED,-1124,clk_sys,clk_sys,clk_sys,(R) u_core_u_drain_ctrl_drain_ctx_q_reg[0]/C,(R) u_core_u_drain_ctrl_emit_wr_data_q_reg[hit][nfast][4]/D
CLK_SYS_REAL,/home/validmgr/ksabra/2026_SPAD/SPADMIC/results/genus_osc_pd/20260602_o4_muxless_tags_r600_o4_nominal_fast/timing_clk_sys_violations.rpt,8,VIOLATED,-1124,clk_sys,clk_sys,clk_sys,(R) u_core_u_drain_ctrl_drain_ctx_q_reg[0]/C,(R) u_core_u_drain_ctrl_emit_wr_data_q_reg[hit][nfast][3]/D
CLK_SYS_REAL,/home/validmgr/ksabra/2026_SPAD/SPADMIC/results/genus_osc_pd/20260602_o4_muxless_tags_r600_o4_nominal_fast/timing_clk_sys_violations.rpt,9,VIOLATED,-1124,clk_sys,clk_sys,clk_sys,(R) u_core_u_drain_ctrl_drain_ctx_q_reg[0]/C,(R) u_core_u_drain_ctrl_emit_wr_data_q_reg[hit][nfast][2]/D
CLK_SYS_REAL,/home/validmgr/ksabra/2026_SPAD/SPADMIC/results/genus_osc_pd/20260602_o4_muxless_tags_r600_o4_nominal_fast/timing_clk_sys_violations.rpt,10,VIOLATED,-1124,clk_sys,clk_sys,clk_sys,(R) u_core_u_drain_ctrl_drain_ctx_q_reg[0]/C,(R) u_core_u_drain_ctrl_emit_wr_data_q_reg[hit][nfast][1]/D
CLK_SYS_REAL,/home/validmgr/ksabra/2026_SPAD/SPADMIC/results/genus_osc_pd/20260602_o4_muxless_tags_r600_o4_nominal_fast/timing_clk_sys_violations.rpt,11,VIOLATED,-1124,clk_sys,clk_sys,clk_sys,(R) u_core_u_drain_ctrl_drain_ctx_q_reg[0]/C,(R) u_core_u_drain_ctrl_emit_wr_data_q_reg[hit][nfast][0]/D
CLK_SYS_REAL,/home/validmgr/ksabra/2026_SPAD/SPADMIC/results/genus_osc_pd/20260602_o4_muxless_tags_r600_o4_nominal_fast/timing_clk_sys_violations.rpt,12,VIOLATED,-1124,clk_sys,clk_sys,clk_sys,(R) u_core_u_drain_ctrl_drain_ctx_q_reg[0]/C,(R) u_core_u_drain_ctrl_emit_wr_data_q_reg[hit][nf][2]/D
CLK_SYS_REAL,/home/validmgr/ksabra/2026_SPAD/SPADMIC/results/genus_osc_pd/20260602_o4_muxless_tags_r600_o4_nominal_fast/timing_clk_sys_violations.rpt,13,VIOLATED,-1124,clk_sys,clk_sys,clk_sys,(R) u_core_u_drain_ctrl_drain_ctx_q_reg[0]/C,(R) u_core_u_drain_ctrl_emit_wr_data_q_reg[hit][nf][1]/D
CLK_SYS_REAL,/home/validmgr/ksabra/2026_SPAD/SPADMIC/results/genus_osc_pd/20260602_o4_muxless_tags_r600_o4_nominal_fast/timing_clk_sys_violations.rpt,14,VIOLATED,-1124,clk_sys,clk_sys,clk_sys,(R) u_core_u_drain_ctrl_drain_ctx_q_reg[0]/C,(R) u_core_u_drain_ctrl_emit_wr_data_q_reg[hit][nf][0]/D
CLK_SYS_REAL,/home/validmgr/ksabra/2026_SPAD/SPADMIC/results/genus_osc_pd/20260602_o4_muxless_tags_r600_o4_nominal_fast/timing_clk_sys_violations.rpt,15,VIOLATED,-1124,clk_sys,clk_sys,clk_sys,(R) u_core_u_drain_ctrl_drain_ctx_q_reg[0]/C,(R) u_core_u_drain_ctrl_emit_wr_data_q_reg[hit][event_seq][3]/D
CLK_SYS_REAL,/home/validmgr/ksabra/2026_SPAD/SPADMIC/results/genus_osc_pd/20260602_o4_muxless_tags_r600_o4_nominal_fast/timing_clk_sys_violations.rpt,16,VIOLATED,-1124,clk_sys,clk_sys,clk_sys,(R) u_core_u_drain_ctrl_drain_ctx_q_reg[0]/C,(R) u_core_u_drain_ctrl_emit_wr_data_q_reg[hit][event_seq][2]/D
CLK_SYS_REAL,/home/validmgr/ksabra/2026_SPAD/SPADMIC/results/genus_osc_pd/20260602_o4_muxless_tags_r600_o4_nominal_fast/timing_clk_sys_violations.rpt,17,VIOLATED,-1124,clk_sys,clk_sys,clk_sys,(R) u_core_u_drain_ctrl_drain_ctx_q_reg[0]/C,(R) u_core_u_drain_ctrl_emit_wr_data_q_reg[hit][event_seq][1]/D
CLK_SYS_REAL,/home/validmgr/ksabra/2026_SPAD/SPADMIC/results/genus_osc_pd/20260602_o4_muxless_tags_r600_o4_nominal_fast/timing_clk_sys_violations.rpt,18,VIOLATED,-1124,clk_sys,clk_sys,clk_sys,(R) u_core_u_drain_ctrl_drain_ctx_q_reg[0]/C,(R) u_core_u_drain_ctrl_emit_wr_data_q_reg[hit][event_seq][0]/D
CLK_SYS_REAL,/home/validmgr/ksabra/2026_SPAD/SPADMIC/results/genus_osc_pd/20260602_o4_muxless_tags_r600_o4_nominal_fast/timing_clk_sys_violations.rpt,19,VIOLATED,-1117,clk_sys,clk_sys,clk_sys,(R) u_core_u_drain_ctrl_drain_ctx_q_reg[0]/C,(F) u_core_u_drain_ctrl_pd_scan_q_reg[3]/D
CLK_SYS_REAL,/home/validmgr/ksabra/2026_SPAD/SPADMIC/results/genus_osc_pd/20260602_o4_muxless_tags_r600_o4_nominal_fast/timing_clk_sys_violations.rpt,20,VIOLATED,-1117,clk_sys,clk_sys,clk_sys,(R) u_core_u_meas_ctrl/row_cnt_q_reg[3][1]/C,(F) u_core_u_meas_ctrl/total_hits_q_reg[5]/D
CLK_SYS_REAL,/home/validmgr/ksabra/2026_SPAD/SPADMIC/results/genus_osc_pd/20260602_o4_muxless_tags_r600_o4_nominal_fast/timing_clk_sys_violations.rpt,21,VIOLATED,-1115,clk_sys,clk_sys,clk_sys,(R) u_core_u_drain_ctrl_drain_ctx_q_reg[0]/C,(F) u_core_u_drain_ctrl_pd_scan_q_reg[5]/D
CLK_SYS_REAL,/home/validmgr/ksabra/2026_SPAD/SPADMIC/results/genus_osc_pd/20260602_o4_muxless_tags_r600_o4_nominal_fast/timing_clk_sys_violations.rpt,22,VIOLATED,-1114,clk_sys,clk_sys,clk_sys,(R) u_core_u_drain_ctrl_drain_ctx_q_reg[0]/C,(F) u_core_u_drain_ctrl_pd_scan_q_reg[1]/D
CLK_SYS_REAL,/home/validmgr/ksabra/2026_SPAD/SPADMIC/results/genus_osc_pd/20260602_o4_muxless_tags_r600_o4_nominal_fast/timing_clk_sys_violations.rpt,23,VIOLATED,-1114,clk_sys,clk_sys,clk_sys,(R) u_core_u_drain_ctrl_drain_ctx_q_reg[0]/C,(F) u_core_u_drain_ctrl_pd_scan_q_reg[4]/D
CLK_SYS_REAL,/home/validmgr/ksabra/2026_SPAD/SPADMIC/results/genus_osc_pd/20260602_o4_muxless_tags_r600_o4_nominal_fast/timing_clk_sys_violations.rpt,24,VIOLATED,-1113,clk_sys,clk_sys,clk_sys,(R) u_core_u_drain_ctrl_drain_ctx_q_reg[0]/C,(F) u_core_u_drain_ctrl_event_seq_q_reg[3]/D
CLK_SYS_REAL,/home/validmgr/ksabra/2026_SPAD/SPADMIC/results/genus_osc_pd/20260602_o4_muxless_tags_r600_o4_nominal_fast/timing_clk_sys_violations.rpt,25,VIOLATED,-1113,clk_sys,clk_sys,clk_sys,(R) u_core_u_drain_ctrl_drain_ctx_q_reg[0]/C,(F) u_core_u_drain_ctrl_event_seq_q_reg[2]/D
CLK_SYS_REAL,/home/validmgr/ksabra/2026_SPAD/SPADMIC/results/genus_osc_pd/20260602_o4_muxless_tags_r600_o4_nominal_fast/timing_clk_sys_violations.rpt,26,VIOLATED,-1112,clk_sys,clk_sys,clk_sys,(R) u_core_u_drain_ctrl_drain_ctx_q_reg[0]/C,(R) u_core_u_drain_ctrl_emit_wr_data_q_reg[meta][stop_slow_phase_disc][2]/D
CLK_SYS_REAL,/home/validmgr/ksabra/2026_SPAD/SPADMIC/results/genus_osc_pd/20260602_o4_muxless_tags_r600_o4_nominal_fast/timing_clk_sys_violations.rpt,27,VIOLATED,-1112,clk_sys,clk_sys,clk_sys,(R) u_core_u_drain_ctrl_drain_ctx_q_reg[0]/C,(R) u_core_u_drain_ctrl_emit_wr_data_q_reg[meta][stop_slow_phase_disc][1]/D
CLK_SYS_REAL,/home/validmgr/ksabra/2026_SPAD/SPADMIC/results/genus_osc_pd/20260602_o4_muxless_tags_r600_o4_nominal_fast/timing_clk_sys_violations.rpt,28,VIOLATED,-1112,clk_sys,clk_sys,clk_sys,(R) u_core_u_drain_ctrl_drain_ctx_q_reg[0]/C,(R) u_core_u_drain_ctrl_emit_wr_data_q_reg[meta][stop_slow_phase_disc][0]/D
CLK_SYS_REAL,/home/validmgr/ksabra/2026_SPAD/SPADMIC/results/genus_osc_pd/20260602_o4_muxless_tags_r600_o4_nominal_fast/timing_clk_sys_violations.rpt,29,VIOLATED,-1112,clk_sys,clk_sys,clk_sys,(R) u_core_u_drain_ctrl_drain_ctx_q_reg[0]/C,(R) u_core_u_drain_ctrl_emit_wr_data_q_reg[meta][phase0_snap]/D
CLK_SYS_REAL,/home/validmgr/ksabra/2026_SPAD/SPADMIC/results/genus_osc_pd/20260602_o4_muxless_tags_r600_o4_nominal_fast/timing_clk_sys_violations.rpt,30,VIOLATED,-1112,clk_sys,clk_sys,clk_sys,(R) u_core_u_drain_ctrl_drain_ctx_q_reg[0]/C,(R) u_core_u_drain_ctrl_emit_wr_data_q_reg[meta][nslow][6]/D
CLK_SYS_REAL,/home/validmgr/ksabra/2026_SPAD/SPADMIC/results/genus_osc_pd/20260602_o4_muxless_tags_r600_o4_nominal_fast/timing_clk_sys_violations.rpt,31,VIOLATED,-1112,clk_sys,clk_sys,clk_sys,(R) u_core_u_drain_ctrl_drain_ctx_q_reg[0]/C,(R) u_core_u_drain_ctrl_emit_wr_data_q_reg[meta][nslow][5]/D
CLK_SYS_REAL,/home/validmgr/ksabra/2026_SPAD/SPADMIC/results/genus_osc_pd/20260602_o4_muxless_tags_r600_o4_nominal_fast/timing_clk_sys_violations.rpt,32,VIOLATED,-1112,clk_sys,clk_sys,clk_sys,(R) u_core_u_drain_ctrl_drain_ctx_q_reg[0]/C,(R) u_core_u_drain_ctrl_emit_wr_data_q_reg[meta][nslow][4]/D
CLK_SYS_REAL,/home/validmgr/ksabra/2026_SPAD/SPADMIC/results/genus_osc_pd/20260602_o4_muxless_tags_r600_o4_nominal_fast/timing_clk_sys_violations.rpt,33,VIOLATED,-1112,clk_sys,clk_sys,clk_sys,(R) u_core_u_drain_ctrl_drain_ctx_q_reg[0]/C,(R) u_core_u_drain_ctrl_emit_wr_data_q_reg[meta][nslow][3]/D
CLK_SYS_REAL,/home/validmgr/ksabra/2026_SPAD/SPADMIC/results/genus_osc_pd/20260602_o4_muxless_tags_r600_o4_nominal_fast/timing_clk_sys_violations.rpt,34,VIOLATED,-1112,clk_sys,clk_sys,clk_sys,(R) u_core_u_drain_ctrl_drain_ctx_q_reg[0]/C,(R) u_core_u_drain_ctrl_emit_wr_data_q_reg[meta][nslow][2]/D
CLK_SYS_REAL,/home/validmgr/ksabra/2026_SPAD/SPADMIC/results/genus_osc_pd/20260602_o4_muxless_tags_r600_o4_nominal_fast/timing_clk_sys_violations.rpt,35,VIOLATED,-1112,clk_sys,clk_sys,clk_sys,(R) u_core_u_drain_ctrl_drain_ctx_q_reg[0]/C,(R) u_core_u_drain_ctrl_emit_wr_data_q_reg[meta][nslow][1]/D
CLK_SYS_REAL,/home/validmgr/ksabra/2026_SPAD/SPADMIC/results/genus_osc_pd/20260602_o4_muxless_tags_r600_o4_nominal_fast/timing_clk_sys_violations.rpt,36,VIOLATED,-1112,clk_sys,clk_sys,clk_sys,(R) u_core_u_drain_ctrl_drain_ctx_q_reg[0]/C,(R) u_core_u_drain_ctrl_emit_wr_data_q_reg[meta][nslow][0]/D
CLK_SYS_REAL,/home/validmgr/ksabra/2026_SPAD/SPADMIC/results/genus_osc_pd/20260602_o4_muxless_tags_r600_o4_nominal_fast/timing_clk_sys_violations.rpt,37,VIOLATED,-1112,clk_sys,clk_sys,clk_sys,(R) u_core_u_drain_ctrl_drain_ctx_q_reg[0]/C,(R) u_core_u_drain_ctrl_emit_wr_data_q_reg[meta][nfast][6]/D
CLK_SYS_REAL,/home/validmgr/ksabra/2026_SPAD/SPADMIC/results/genus_osc_pd/20260602_o4_muxless_tags_r600_o4_nominal_fast/timing_clk_sys_violations.rpt,38,VIOLATED,-1112,clk_sys,clk_sys,clk_sys,(R) u_core_u_drain_ctrl_drain_ctx_q_reg[0]/C,(R) u_core_u_drain_ctrl_emit_wr_data_q_reg[meta][nfast][5]/D
CLK_SYS_REAL,/home/validmgr/ksabra/2026_SPAD/SPADMIC/results/genus_osc_pd/20260602_o4_muxless_tags_r600_o4_nominal_fast/timing_clk_sys_violations.rpt,39,VIOLATED,-1112,clk_sys,clk_sys,clk_sys,(R) u_core_u_drain_ctrl_drain_ctx_q_reg[0]/C,(R) u_core_u_drain_ctrl_emit_wr_data_q_reg[meta][nfast][4]/D
CLK_SYS_REAL,/home/validmgr/ksabra/2026_SPAD/SPADMIC/results/genus_osc_pd/20260602_o4_muxless_tags_r600_o4_nominal_fast/timing_clk_sys_violations.rpt,40,VIOLATED,-1112,clk_sys,clk_sys,clk_sys,(R) u_core_u_drain_ctrl_drain_ctx_q_reg[0]/C,(R) u_core_u_drain_ctrl_emit_wr_data_q_reg[meta][nfast][3]/D
CLK_SYS_REAL,/home/validmgr/ksabra/2026_SPAD/SPADMIC/results/genus_osc_pd/20260602_o4_muxless_tags_r600_o4_nominal_fast/timing_clk_sys_violations.rpt,41,VIOLATED,-1112,clk_sys,clk_sys,clk_sys,(R) u_core_u_drain_ctrl_drain_ctx_q_reg[0]/C,(R) u_core_u_drain_ctrl_emit_wr_data_q_reg[meta][nfast][2]/D
CLK_SYS_REAL,/home/validmgr/ksabra/2026_SPAD/SPADMIC/results/genus_osc_pd/20260602_o4_muxless_tags_r600_o4_nominal_fast/timing_clk_sys_violations.rpt,42,VIOLATED,-1112,clk_sys,clk_sys,clk_sys,(R) u_core_u_drain_ctrl_drain_ctx_q_reg[0]/C,(R) u_core_u_drain_ctrl_emit_wr_data_q_reg[meta][nfast][1]/D
CLK_SYS_REAL,/home/validmgr/ksabra/2026_SPAD/SPADMIC/results/genus_osc_pd/20260602_o4_muxless_tags_r600_o4_nominal_fast/timing_clk_sys_violations.rpt,43,VIOLATED,-1112,clk_sys,clk_sys,clk_sys,(R) u_core_u_drain_ctrl_drain_ctx_q_reg[0]/C,(R) u_core_u_drain_ctrl_emit_wr_data_q_reg[meta][nfast][0]/D
CLK_SYS_REAL,/home/validmgr/ksabra/2026_SPAD/SPADMIC/results/genus_osc_pd/20260602_o4_muxless_tags_r600_o4_nominal_fast/timing_clk_sys_violations.rpt,44,VIOLATED,-1112,clk_sys,clk_sys,clk_sys,(R) u_core_u_drain_ctrl_drain_ctx_q_reg[0]/C,(R) u_core_u_drain_ctrl_emit_wr_data_q_reg[meta][hit_count][3]/D
CLK_SYS_REAL,/home/validmgr/ksabra/2026_SPAD/SPADMIC/results/genus_osc_pd/20260602_o4_muxless_tags_r600_o4_nominal_fast/timing_clk_sys_violations.rpt,45,VIOLATED,-1112,clk_sys,clk_sys,clk_sys,(R) u_core_u_drain_ctrl_drain_ctx_q_reg[0]/C,(R) u_core_u_drain_ctrl_emit_wr_data_q_reg[meta][hit_count][2]/D
CLK_SYS_REAL,/home/validmgr/ksabra/2026_SPAD/SPADMIC/results/genus_osc_pd/20260602_o4_muxless_tags_r600_o4_nominal_fast/timing_clk_sys_violations.rpt,46,VIOLATED,-1112,clk_sys,clk_sys,clk_sys,(R) u_core_u_drain_ctrl_drain_ctx_q_reg[0]/C,(R) u_core_u_drain_ctrl_emit_wr_data_q_reg[meta][hit_count][1]/D
CLK_SYS_REAL,/home/validmgr/ksabra/2026_SPAD/SPADMIC/results/genus_osc_pd/20260602_o4_muxless_tags_r600_o4_nominal_fast/timing_clk_sys_violations.rpt,47,VIOLATED,-1112,clk_sys,clk_sys,clk_sys,(R) u_core_u_drain_ctrl_drain_ctx_q_reg[0]/C,(R) u_core_u_drain_ctrl_emit_wr_data_q_reg[meta][hit_count][0]/D
CLK_SYS_REAL,/home/validmgr/ksabra/2026_SPAD/SPADMIC/results/genus_osc_pd/20260602_o4_muxless_tags_r600_o4_nominal_fast/timing_clk_sys_violations.rpt,48,VIOLATED,-1112,clk_sys,clk_sys,clk_sys,(R) u_core_u_drain_ctrl_drain_ctx_q_reg[0]/C,(R) u_core_u_drain_ctrl_emit_wr_data_q_reg[meta][flags][closed_by_watchdog]/D
CLK_SYS_REAL,/home/validmgr/ksabra/2026_SPAD/SPADMIC/results/genus_osc_pd/20260602_o4_muxless_tags_r600_o4_nominal_fast/timing_clk_sys_violations.rpt,49,VIOLATED,-1112,clk_sys,clk_sys,clk_sys,(R) u_core_u_drain_ctrl_drain_ctx_q_reg[0]/C,(R) u_core_u_drain_ctrl_emit_wr_data_q_reg[meta][flags][closed_by_fast_maxhit]/D
CLK_SYS_REAL,/home/validmgr/ksabra/2026_SPAD/SPADMIC/results/genus_osc_pd/20260602_o4_muxless_tags_r600_o4_nominal_fast/timing_clk_sys_violations.rpt,50,VIOLATED,-1112,clk_sys,clk_sys,clk_sys,(R) u_core_u_drain_ctrl_drain_ctx_q_reg[0]/C,(R) u_core_u_drain_ctrl_emit_wr_data_q_reg[meta][ctx_id][0]/D
CLK_SYS_REAL,/home/validmgr/ksabra/2026_SPAD/SPADMIC/results/genus_osc_pd/20260602_o4_muxless_tags_r600_o4_nominal_fast/timing_clk_sys_violations.rpt,51,VIOLATED,-1098,clk_sys,clk_sys,clk_sys,(R) u_core_u_meas_ctrl/row_cnt_q_reg[3][1]/C,(F) u_core_u_meas_ctrl/total_hits_q_reg[6]/D
CLK_SYS_REAL,/home/validmgr/ksabra/2026_SPAD/SPADMIC/results/genus_osc_pd/20260602_o4_muxless_tags_r600_o4_nominal_fast/timing_clk_sys_violations.rpt,52,VIOLATED,-1067,clk_sys,clk_sys,clk_sys,(R) u_core_u_meas_ctrl/row_cnt_q_reg[3][1]/C,(F) u_core_u_meas_ctrl/total_hits_q_reg[4]/D
CLK_SYS_REAL,/home/validmgr/ksabra/2026_SPAD/SPADMIC/results/genus_osc_pd/20260602_o4_muxless_tags_r600_o4_nominal_fast/timing_clk_sys_violations.rpt,53,VIOLATED,-1020,clk_sys,clk_sys,clk_sys,(R) u_core_u_drain_ctrl_drain_ctx_q_reg[0]/C,(F) u_core_u_drain_ctrl_event_seq_q_reg[0]/D
CLK_SYS_REAL,/home/validmgr/ksabra/2026_SPAD/SPADMIC/results/genus_osc_pd/20260602_o4_muxless_tags_r600_o4_nominal_fast/timing_clk_sys_violations.rpt,54,VIOLATED,-1014,clk_sys,clk_sys,clk_sys,(R) u_core_u_drain_ctrl_drain_ctx_q_reg[0]/C,(F) u_core_u_drain_ctrl_pd_scan_q_reg[2]/D
CLK_SYS_REAL,/home/validmgr/ksabra/2026_SPAD/SPADMIC/results/genus_osc_pd/20260602_o4_muxless_tags_r600_o4_nominal_fast/timing_clk_sys_violations.rpt,55,VIOLATED,-922,clk_sys,clk_sys,clk_sys,(R) u_core_u_drain_ctrl_drain_ctx_q_reg[0]/C,(R) u_core_u_drain_ctrl_pd_scan_q_reg[0]/D
CLK_SYS_REAL,/home/validmgr/ksabra/2026_SPAD/SPADMIC/results/genus_osc_pd/20260602_o4_muxless_tags_r600_o4_nominal_fast/timing_clk_sys_violations.rpt,56,VIOLATED,-861,clk_sys,clk_sys,clk_sys,(R) u_csr_r_wdt_ctx_timeout_reg[0]/C,(R) u_core_start_wdt_cnt_reg[14]/D
CLK_SYS_REAL,/home/validmgr/ksabra/2026_SPAD/SPADMIC/results/genus_osc_pd/20260602_o4_muxless_tags_r600_o4_nominal_fast/timing_clk_sys_violations.rpt,57,VIOLATED,-826,clk_sys,clk_sys,clk_sys,(R) u_core_u_drain_ctrl_drain_ctx_q_reg[0]/C,(F) u_core_u_drain_ctrl_event_seq_q_reg[1]/D
CLK_SYS_REAL,/home/validmgr/ksabra/2026_SPAD/SPADMIC/results/genus_osc_pd/20260602_o4_muxless_tags_r600_o4_nominal_fast/timing_clk_sys_violations.rpt,58,VIOLATED,-793,clk_sys,clk_sys,clk_sys,(R) u_core_u_drain_ctrl_drain_ctx_q_reg[0]/C,(F) u_core_u_drain_ctrl_emit_wr_data_q_reg[kind][0]/D
CLK_SYS_REAL,/home/validmgr/ksabra/2026_SPAD/SPADMIC/results/genus_osc_pd/20260602_o4_muxless_tags_r600_o4_nominal_fast/timing_clk_sys_violations.rpt,59,VIOLATED,-754,clk_sys,clk_sys,clk_sys,(R) u_core_u_meas_ctrl/row_cnt_q_reg[4][1]/C,(R) u_core_u_meas_ctrl/total_hits_q_reg[3]/D
CLK_SYS_REAL,/home/validmgr/ksabra/2026_SPAD/SPADMIC/results/genus_osc_pd/20260602_o4_muxless_tags_r600_o4_nominal_fast/timing_clk_sys_violations.rpt,60,VIOLATED,-739,clk_sys,clk_sys,clk_sys,(R) u_core_u_drain_ctrl_drain_ctx_q_reg[0]/C,(F) u_core_u_drain_ctrl_pd_scan_q_reg[6]/D
CLK_SYS_REAL,/home/validmgr/ksabra/2026_SPAD/SPADMIC/results/genus_osc_pd/20260602_o4_muxless_tags_r600_o4_nominal_fast/timing_clk_sys_violations.rpt,61,VIOLATED,-718,clk_sys,clk_sys,clk_sys,(R) u_csr_r_wdt_ctx_timeout_reg[0]/C,(F) u_core_start_wdt_cnt_reg[15]/D
CLK_SYS_REAL,/home/validmgr/ksabra/2026_SPAD/SPADMIC/results/genus_osc_pd/20260602_o4_muxless_tags_r600_o4_nominal_fast/timing_clk_sys_violations.rpt,62,VIOLATED,-706,clk_sys,clk_sys,clk_sys,(R) u_csr_r_wdt_ctx_timeout_reg[0]/C,(F) u_core_start_wdt_cnt_reg[10]/D
CLK_SYS_REAL,/home/validmgr/ksabra/2026_SPAD/SPADMIC/results/genus_osc_pd/20260602_o4_muxless_tags_r600_o4_nominal_fast/timing_clk_sys_violations.rpt,63,VIOLATED,-631,clk_sys,clk_sys,clk_sys,(R) u_csr_r_wdt_ctx_timeout_reg[3]/C,(F) u_core_start_wdt_cnt_reg[13]/D
CLK_SYS_REAL,/home/validmgr/ksabra/2026_SPAD/SPADMIC/results/genus_osc_pd/20260602_o4_muxless_tags_r600_o4_nominal_fast/timing_clk_sys_violations.rpt,64,VIOLATED,-448,clk_sys,clk_sys,clk_sys,(R) u_core_u_drain_ctrl_drain_ctx_q_reg[0]/C,(F) u_core_u_drain_ctrl_state_q_reg[0]/D
CLK_SYS_REAL,/home/validmgr/ksabra/2026_SPAD/SPADMIC/results/genus_osc_pd/20260602_o4_muxless_tags_r600_o4_nominal_fast/timing_clk_sys_violations.rpt,65,VIOLATED,-408,clk_sys,clk_sys,clk_sys,(R) u_csr_r_wdt_ctx_timeout_reg[0]/C,(F) u_core_start_wdt_cnt_reg[12]/D
CLK_SYS_REAL,/home/validmgr/ksabra/2026_SPAD/SPADMIC/results/genus_osc_pd/20260602_o4_muxless_tags_r600_o4_nominal_fast/timing_clk_sys_violations.rpt,66,VIOLATED,-240,clk_sys,clk_sys,clk_sys,(R) u_core_u_meas_ctrl/row_cnt_q_reg[3][1]/C,(F) u_core_u_meas_ctrl/total_hits_q_reg[2]/D
CLK_SYS_REAL,/home/validmgr/ksabra/2026_SPAD/SPADMIC/results/genus_osc_pd/20260602_o4_muxless_tags_r600_o4_nominal_fast/timing_clk_sys_violations.rpt,67,VIOLATED,-99,clk_sys,clk_sys,clk_sys,(R) u_core_u_fifo/rd_ptr_q_reg[0]/C,(F) acq_data_o[5]
CLK_SYS_REAL,/home/validmgr/ksabra/2026_SPAD/SPADMIC/results/genus_osc_pd/20260602_o4_muxless_tags_r600_o4_nominal_fast/timing_clk_sys_violations.rpt,68,VIOLATED,-79,clk_sys,clk_sys,clk_sys,(R) u_core_u_fifo/rd_ptr_q_reg[0]/C,(F) acq_data_o[48]
CLK_SYS_REAL,/home/validmgr/ksabra/2026_SPAD/SPADMIC/results/genus_osc_pd/20260602_o4_muxless_tags_r600_o4_nominal_fast/timing_clk_sys_violations.rpt,69,VIOLATED,-75,clk_sys,clk_sys,clk_sys,(R) u_core_u_fifo/rd_ptr_q_reg[0]/C,(F) acq_data_o[52]
CLK_SYS_REAL,/home/validmgr/ksabra/2026_SPAD/SPADMIC/results/genus_osc_pd/20260602_o4_muxless_tags_r600_o4_nominal_fast/timing_clk_sys_violations.rpt,70,VIOLATED,-70,clk_sys,clk_sys,clk_sys,(R) u_core_u_fifo/rd_ptr_q_reg[0]/C,(F) acq_data_o[46]
CLK_SYS_REAL,/home/validmgr/ksabra/2026_SPAD/SPADMIC/results/genus_osc_pd/20260602_o4_muxless_tags_r600_o4_nominal_fast/timing_clk_sys_violations.rpt,71,VIOLATED,-68,clk_sys,clk_sys,clk_sys,(R) u_core_u_fifo/rd_ptr_q_reg[0]/C,(F) acq_data_o[40]
CLK_SYS_REAL,/home/validmgr/ksabra/2026_SPAD/SPADMIC/results/genus_osc_pd/20260602_o4_muxless_tags_r600_o4_nominal_fast/timing_clk_sys_violations.rpt,72,VIOLATED,-68,clk_sys,clk_sys,clk_sys,(R) u_core_u_fifo/rd_ptr_q_reg[0]/C,(F) acq_data_o[41]
CLK_SYS_REAL,/home/validmgr/ksabra/2026_SPAD/SPADMIC/results/genus_osc_pd/20260602_o4_muxless_tags_r600_o4_nominal_fast/timing_clk_sys_violations.rpt,73,VIOLATED,-68,clk_sys,clk_sys,clk_sys,(R) u_core_u_fifo/rd_ptr_q_reg[0]/C,(F) acq_data_o[45]
CLK_SYS_REAL,/home/validmgr/ksabra/2026_SPAD/SPADMIC/results/genus_osc_pd/20260602_o4_muxless_tags_r600_o4_nominal_fast/timing_clk_sys_violations.rpt,74,VIOLATED,-68,clk_sys,clk_sys,clk_sys,(R) u_core_u_fifo/rd_ptr_q_reg[0]/C,(F) acq_data_o[50]
CLK_SYS_REAL,/home/validmgr/ksabra/2026_SPAD/SPADMIC/results/genus_osc_pd/20260602_o4_muxless_tags_r600_o4_nominal_fast/timing_clk_sys_violations.rpt,75,VIOLATED,-68,clk_sys,clk_sys,clk_sys,(R) u_core_u_fifo/rd_ptr_q_reg[1]/C,(F) acq_data_o[39]
CLK_SYS_REAL,/home/validmgr/ksabra/2026_SPAD/SPADMIC/results/genus_osc_pd/20260602_o4_muxless_tags_r600_o4_nominal_fast/timing_clk_sys_violations.rpt,76,VIOLATED,-68,clk_sys,clk_sys,clk_sys,(R) u_core_u_fifo/rd_ptr_q_reg[1]/C,(F) acq_data_o[42]
CLK_SYS_REAL,/home/validmgr/ksabra/2026_SPAD/SPADMIC/results/genus_osc_pd/20260602_o4_muxless_tags_r600_o4_nominal_fast/timing_clk_sys_violations.rpt,77,VIOLATED,-68,clk_sys,clk_sys,clk_sys,(R) u_core_u_fifo/rd_ptr_q_reg[1]/C,(F) acq_data_o[43]
CLK_SYS_REAL,/home/validmgr/ksabra/2026_SPAD/SPADMIC/results/genus_osc_pd/20260602_o4_muxless_tags_r600_o4_nominal_fast/timing_clk_sys_violations.rpt,78,VIOLATED,-68,clk_sys,clk_sys,clk_sys,(R) u_core_u_fifo/rd_ptr_q_reg[1]/C,(F) acq_data_o[47]
CLK_SYS_REAL,/home/validmgr/ksabra/2026_SPAD/SPADMIC/results/genus_osc_pd/20260602_o4_muxless_tags_r600_o4_nominal_fast/timing_clk_sys_violations.rpt,79,VIOLATED,-68,clk_sys,clk_sys,clk_sys,(R) u_core_u_fifo/rd_ptr_q_reg[1]/C,(F) acq_data_o[49]
CLK_SYS_REAL,/home/validmgr/ksabra/2026_SPAD/SPADMIC/results/genus_osc_pd/20260602_o4_muxless_tags_r600_o4_nominal_fast/timing_clk_sys_violations.rpt,80,VIOLATED,-68,clk_sys,clk_sys,clk_sys,(R) u_core_u_fifo/rd_ptr_q_reg[1]/C,(F) acq_data_o[51]
CLK_SYS_REAL,/home/validmgr/ksabra/2026_SPAD/SPADMIC/results/genus_osc_pd/20260602_o4_muxless_tags_r600_o4_nominal_fast/timing_clk_sys_violations.rpt,81,VIOLATED,-65,clk_sys,clk_sys,clk_sys,(R) u_core_u_fifo/rd_ptr_q_reg[0]/C,(F) acq_data_o[13]
CLK_SYS_REAL,/home/validmgr/ksabra/2026_SPAD/SPADMIC/results/genus_osc_pd/20260602_o4_muxless_tags_r600_o4_nominal_fast/timing_clk_sys_violations.rpt,82,VIOLATED,-63,clk_sys,clk_sys,clk_sys,(R) u_core_u_fifo/rd_ptr_q_reg[0]/C,(F) acq_data_o[31]
CLK_SYS_REAL,/home/validmgr/ksabra/2026_SPAD/SPADMIC/results/genus_osc_pd/20260602_o4_muxless_tags_r600_o4_nominal_fast/timing_clk_sys_violations.rpt,83,VIOLATED,-55,clk_sys,clk_sys,clk_sys,(R) u_core_u_fifo/rd_ptr_q_reg[1]/C,(F) acq_data_o[44]
CLK_SYS_REAL,/home/validmgr/ksabra/2026_SPAD/SPADMIC/results/genus_osc_pd/20260602_o4_muxless_tags_r600_o4_nominal_fast/timing_clk_sys_violations.rpt,84,VIOLATED,-53,clk_sys,clk_sys,clk_sys,(R) u_core_u_meas_ctrl/state_q_reg[0]/C,(F) u_core_u_hit_capture_bridge/snapshot_q_reg[hit_level][62]/D
CLK_SYS_REAL,/home/validmgr/ksabra/2026_SPAD/SPADMIC/results/genus_osc_pd/20260602_o4_muxless_tags_r600_o4_nominal_fast/timing_clk_sys_violations.rpt,85,VIOLATED,-53,clk_sys,clk_sys,clk_sys,(R) u_core_u_meas_ctrl/state_q_reg[0]/C,(F) u_core_u_hit_capture_bridge/snapshot_q_reg[hit_level][61]/D
CLK_SYS_REAL,/home/validmgr/ksabra/2026_SPAD/SPADMIC/results/genus_osc_pd/20260602_o4_muxless_tags_r600_o4_nominal_fast/timing_clk_sys_violations.rpt,86,VIOLATED,-53,clk_sys,clk_sys,clk_sys,(R) u_core_u_meas_ctrl/state_q_reg[0]/C,(F) u_core_u_hit_capture_bridge/snapshot_q_reg[hit_level][58]/D
CLK_SYS_REAL,/home/validmgr/ksabra/2026_SPAD/SPADMIC/results/genus_osc_pd/20260602_o4_muxless_tags_r600_o4_nominal_fast/timing_clk_sys_violations.rpt,87,VIOLATED,-53,clk_sys,clk_sys,clk_sys,(R) u_core_u_meas_ctrl/state_q_reg[0]/C,(F) u_core_u_hit_capture_bridge/snapshot_q_reg[hit_level][57]/D
CLK_SYS_REAL,/home/validmgr/ksabra/2026_SPAD/SPADMIC/results/genus_osc_pd/20260602_o4_muxless_tags_r600_o4_nominal_fast/timing_clk_sys_violations.rpt,88,VIOLATED,-53,clk_sys,clk_sys,clk_sys,(R) u_core_u_meas_ctrl/state_q_reg[0]/C,(F) u_core_u_hit_capture_bridge/snapshot_q_reg[hit_level][56]/D
CLK_SYS_REAL,/home/validmgr/ksabra/2026_SPAD/SPADMIC/results/genus_osc_pd/20260602_o4_muxless_tags_r600_o4_nominal_fast/timing_clk_sys_violations.rpt,89,VIOLATED,-53,clk_sys,clk_sys,clk_sys,(R) u_core_u_meas_ctrl/state_q_reg[0]/C,(F) u_core_u_hit_capture_bridge/snapshot_q_reg[hit_level][51]/D
CLK_SYS_REAL,/home/validmgr/ksabra/2026_SPAD/SPADMIC/results/genus_osc_pd/20260602_o4_muxless_tags_r600_o4_nominal_fast/timing_clk_sys_violations.rpt,90,VIOLATED,-53,clk_sys,clk_sys,clk_sys,(R) u_core_u_meas_ctrl/state_q_reg[0]/C,(F) u_core_u_hit_capture_bridge/snapshot_q_reg[hit_level][49]/D
CLK_SYS_REAL,/home/validmgr/ksabra/2026_SPAD/SPADMIC/results/genus_osc_pd/20260602_o4_muxless_tags_r600_o4_nominal_fast/timing_clk_sys_violations.rpt,91,VIOLATED,-53,clk_sys,clk_sys,clk_sys,(R) u_core_u_meas_ctrl/state_q_reg[0]/C,(F) u_core_u_hit_capture_bridge/snapshot_q_reg[hit_level][48]/D
CLK_SYS_REAL,/home/validmgr/ksabra/2026_SPAD/SPADMIC/results/genus_osc_pd/20260602_o4_muxless_tags_r600_o4_nominal_fast/timing_clk_sys_violations.rpt,92,VIOLATED,-53,clk_sys,clk_sys,clk_sys,(R) u_core_u_meas_ctrl/state_q_reg[0]/C,(F) u_core_u_hit_capture_bridge/snapshot_q_reg[hit_level][47]/D
CLK_SYS_REAL,/home/validmgr/ksabra/2026_SPAD/SPADMIC/results/genus_osc_pd/20260602_o4_muxless_tags_r600_o4_nominal_fast/timing_clk_sys_violations.rpt,93,VIOLATED,-53,clk_sys,clk_sys,clk_sys,(R) u_core_u_meas_ctrl/state_q_reg[0]/C,(F) u_core_u_hit_capture_bridge/snapshot_q_reg[hit_level][46]/D
CLK_SYS_REAL,/home/validmgr/ksabra/2026_SPAD/SPADMIC/results/genus_osc_pd/20260602_o4_muxless_tags_r600_o4_nominal_fast/timing_clk_sys_violations.rpt,94,VIOLATED,-53,clk_sys,clk_sys,clk_sys,(R) u_core_u_meas_ctrl/state_q_reg[0]/C,(F) u_core_u_hit_capture_bridge/snapshot_q_reg[hit_level][42]/D
CLK_SYS_REAL,/home/validmgr/ksabra/2026_SPAD/SPADMIC/results/genus_osc_pd/20260602_o4_muxless_tags_r600_o4_nominal_fast/timing_clk_sys_violations.rpt,95,VIOLATED,-53,clk_sys,clk_sys,clk_sys,(R) u_core_u_meas_ctrl/state_q_reg[0]/C,(F) u_core_u_hit_capture_bridge/snapshot_q_reg[hit_level][41]/D
CLK_SYS_REAL,/home/validmgr/ksabra/2026_SPAD/SPADMIC/results/genus_osc_pd/20260602_o4_muxless_tags_r600_o4_nominal_fast/timing_clk_sys_violations.rpt,96,VIOLATED,-53,clk_sys,clk_sys,clk_sys,(R) u_core_u_meas_ctrl/state_q_reg[0]/C,(F) u_core_u_hit_capture_bridge/snapshot_q_reg[hit_level][40]/D
CLK_SYS_REAL,/home/validmgr/ksabra/2026_SPAD/SPADMIC/results/genus_osc_pd/20260602_o4_muxless_tags_r600_o4_nominal_fast/timing_clk_sys_violations.rpt,97,VIOLATED,-53,clk_sys,clk_sys,clk_sys,(R) u_core_u_meas_ctrl/state_q_reg[0]/C,(F) u_core_u_hit_capture_bridge/snapshot_q_reg[hit_level][39]/D
CLK_SYS_REAL,/home/validmgr/ksabra/2026_SPAD/SPADMIC/results/genus_osc_pd/20260602_o4_muxless_tags_r600_o4_nominal_fast/timing_clk_sys_violations.rpt,98,VIOLATED,-53,clk_sys,clk_sys,clk_sys,(R) u_core_u_meas_ctrl/state_q_reg[0]/C,(F) u_core_u_hit_capture_bridge/snapshot_q_reg[hit_level][38]/D
CLK_SYS_REAL,/home/validmgr/ksabra/2026_SPAD/SPADMIC/results/genus_osc_pd/20260602_o4_muxless_tags_r600_o4_nominal_fast/timing_clk_sys_violations.rpt,99,VIOLATED,-53,clk_sys,clk_sys,clk_sys,(R) u_core_u_meas_ctrl/state_q_reg[0]/C,(F) u_core_u_hit_capture_bridge/snapshot_q_reg[hit_level][23]/D
CLK_SYS_REAL,/home/validmgr/ksabra/2026_SPAD/SPADMIC/results/genus_osc_pd/20260602_o4_muxless_tags_r600_o4_nominal_fast/timing_clk_sys_violations.rpt,100,VIOLATED,-53,clk_sys,clk_sys,clk_sys,(R) u_core_u_meas_ctrl/state_q_reg[0]/C,(F) u_core_u_hit_capture_bridge/snapshot_q_reg[hit_level][13]/D
