============================================================
  Generated by:           Genus(TM) Synthesis Solution 22.13-s093_1
  Generated on:           Jun 02 2026  11:13:59 am
  Module:                 mptdc_top_asic
  Operating conditions:   slow_1_62V_125C 
  Interconnect mode:      global
  Area mode:              physical library
============================================================


Path 1: VIOLATED (-1423 ps) Setup Check with Pin u_core_u_drain_ctrl_pd_scan_q_reg[5]/C->D
           View: wc_view
          Group: clk_sys
     Startpoint: (R) u_core_u_drain_ctrl_drain_ctx_q_reg[0]/C
          Clock: (R) clk_sys
       Endpoint: (F) u_core_u_drain_ctrl_pd_scan_q_reg[5]/D
          Clock: (R) clk_sys

                     Capture       Launch     
        Clock Edge:+    6250            0     
       Src Latency:+       0            0     
       Net Latency:+       0 (I)        0 (I) 
           Arrival:=    6250            0     
                                              
             Setup:-     690                  
       Uncertainty:-     300                  
     Required Time:=    5260                  
      Launch Clock:-       0                  
         Data Path:-    6684                  
             Slack:=   -1423                  

Launch clock path:
#-----------------------------------------------------------------------------------------------------------------
#              Timing Point                Flags   Arc   Edge   Cell     Fanout Load Trans Delay Arrival Instance 
#                                                                               (fF)  (ps)  (ps)   (ps)  Location 
#-----------------------------------------------------------------------------------------------------------------
  clk_sys                                  (i)     -     R     (arrival)   4859  0.0     0     0       0    (-,-) 
  u_core_u_drain_ctrl_drain_ctx_q_reg[0]/C <<<     -     R     DFRSHDX2    4859    -   150     0       0    (-,-) 
#-----------------------------------------------------------------------------------------------------------------

#------------------------------------------------------------------------------------------------------------------
#              Timing Point                Flags   Arc   Edge   Cell     Fanout  Load Trans Delay Arrival Instance 
#                                                                                (fF)  (ps)  (ps)   (ps)  Location 
#------------------------------------------------------------------------------------------------------------------
  u_core_u_drain_ctrl_drain_ctx_q_reg[0]/C -       -     R     (arrival)   4859     -   150     0       0    (-,-) 
  u_core_u_drain_ctrl_drain_ctx_q_reg[0]/Q -       C->Q  F     DFRSHDX2       2  52.7   320  1150    1150    (-,-) 
  fopt664/Q                                -       A->Q  F     BUHDX6         6 191.2   256   511    1661    (-,-) 
  fopt661/Q                                -       A->Q  F     BUHDX6         7 116.3   174   414    2075    (-,-) 
  fopt641/Q                                -       A->Q  R     INHDX3         2  25.2   126   150    2225    (-,-) 
  g123836/Q                                -       D->Q  F     ON22HDX2       1  13.7    80   537    2762    (-,-) 
  g245/Q                                   -       B->Q  R     AN22HDX1       1  13.1   499   514    3276    (-,-) 
  g219/Q                                   -       B->Q  R     AND4HDX1       1  15.4   224   622    3897    (-,-) 
  g216/Q                                   -       C->Q  R     AND4HDX2       1  35.4   261   719    4616    (-,-) 
  g214/Q                                   -       B->Q  F     NA2HDX4        2  37.4   156   190    4807    (-,-) 
  g201290/Q                                -       AN->Q F     NA2I1HDX4      2  69.5   276   410    5217    (-,-) 
  g191659/Q                                -       D->Q  R     NA4I3HDX4      3  36.6   219   285    5502    (-,-) 
  g191624/Q                                -       A->Q  R     OR2HDX2        2  40.9   238   444    5946    (-,-) 
  fopt203750/Q                             -       A->Q  F     INHDX3         3  49.5   167   211    6158    (-,-) 
  g191571/Q                                -       A->Q  R     NA4HDX2        1  14.2   319   254    6411    (-,-) 
  g191430/Q                                -       C->Q  F     ON21HDX1       1  11.2   204   272    6684    (-,-) 
  u_core_u_drain_ctrl_pd_scan_q_reg[5]/D   -       -     F     DFRSHDX1       1     -     -     0    6684    (-,-) 
#------------------------------------------------------------------------------------------------------------------

Capture clock path:
#---------------------------------------------------------------------------------------------------------------
#             Timing Point               Flags   Arc   Edge   Cell     Fanout Load Trans Delay Arrival Instance 
#                                                                             (fF)  (ps)  (ps)   (ps)  Location 
#---------------------------------------------------------------------------------------------------------------
  clk_sys                                (i)     -     R     (arrival)   4859  0.0     0     0    6250    (-,-) 
  u_core_u_drain_ctrl_pd_scan_q_reg[5]/C <<<     -     R     DFRSHDX1    4859    -   150     0    6250    (-,-) 
#---------------------------------------------------------------------------------------------------------------



Path 2: VIOLATED (-1390 ps) Setup Check with Pin u_core_u_drain_ctrl_event_seq_q_reg[3]/C->D
           View: wc_view
          Group: clk_sys
     Startpoint: (R) u_core_u_drain_ctrl_drain_ctx_q_reg[0]/C
          Clock: (R) clk_sys
       Endpoint: (F) u_core_u_drain_ctrl_event_seq_q_reg[3]/D
          Clock: (R) clk_sys

                     Capture       Launch     
        Clock Edge:+    6250            0     
       Src Latency:+       0            0     
       Net Latency:+       0 (I)        0 (I) 
           Arrival:=    6250            0     
                                              
             Setup:-     637                  
       Uncertainty:-     300                  
     Required Time:=    5313                  
      Launch Clock:-       0                  
         Data Path:-    6702                  
             Slack:=   -1390                  

Launch clock path:
#-----------------------------------------------------------------------------------------------------------------
#              Timing Point                Flags   Arc   Edge   Cell     Fanout Load Trans Delay Arrival Instance 
#                                                                               (fF)  (ps)  (ps)   (ps)  Location 
#-----------------------------------------------------------------------------------------------------------------
  clk_sys                                  (i)     -     R     (arrival)   4859  0.0     0     0       0    (-,-) 
  u_core_u_drain_ctrl_drain_ctx_q_reg[0]/C <<<     -     R     DFRSHDX2    4859    -   150     0       0    (-,-) 
#-----------------------------------------------------------------------------------------------------------------

#------------------------------------------------------------------------------------------------------------------
#              Timing Point                Flags   Arc   Edge   Cell     Fanout  Load Trans Delay Arrival Instance 
#                                                                                (fF)  (ps)  (ps)   (ps)  Location 
#------------------------------------------------------------------------------------------------------------------
  u_core_u_drain_ctrl_drain_ctx_q_reg[0]/C -       -     R     (arrival)   4859     -   150     0       0    (-,-) 
  u_core_u_drain_ctrl_drain_ctx_q_reg[0]/Q -       C->Q  F     DFRSHDX2       2  52.7   320  1150    1150    (-,-) 
  fopt664/Q                                -       A->Q  F     BUHDX6         6 191.2   256   511    1661    (-,-) 
  fopt661/Q                                -       A->Q  F     BUHDX6         7 116.3   174   414    2075    (-,-) 
  fopt641/Q                                -       A->Q  R     INHDX3         2  25.2   126   150    2225    (-,-) 
  g123836/Q                                -       D->Q  F     ON22HDX2       1  13.7    80   537    2762    (-,-) 
  g245/Q                                   -       B->Q  R     AN22HDX1       1  13.1   499   514    3276    (-,-) 
  g219/Q                                   -       B->Q  R     AND4HDX1       1  15.4   224   622    3897    (-,-) 
  g216/Q                                   -       C->Q  R     AND4HDX2       1  35.4   261   719    4616    (-,-) 
  g214/Q                                   -       B->Q  F     NA2HDX4        2  37.4   156   190    4807    (-,-) 
  fopt203679/Q                             -       A->Q  F     BUHDX3         3  55.4   167   363    5170    (-,-) 
  g191705/Q                                -       B->Q  R     NA2I1HDX2      3  38.7   352   365    5535    (-,-) 
  g203585/Q                                -       AN->Q R     NA3I1HDX2      3  30.3   379   526    6061    (-,-) 
  g191619/Q                                -       A->Q  R     OR4HDX1        1  14.2   213   397    6458    (-,-) 
  g191416/Q                                -       C->Q  F     ON21HDX1       1  12.3   198   244    6702    (-,-) 
  u_core_u_drain_ctrl_event_seq_q_reg[3]/D -       -     F     DFRRHDX2       1     -     -     0    6702    (-,-) 
#------------------------------------------------------------------------------------------------------------------

Capture clock path:
#-----------------------------------------------------------------------------------------------------------------
#              Timing Point                Flags   Arc   Edge   Cell     Fanout Load Trans Delay Arrival Instance 
#                                                                               (fF)  (ps)  (ps)   (ps)  Location 
#-----------------------------------------------------------------------------------------------------------------
  clk_sys                                  (i)     -     R     (arrival)   4859  0.0     0     0    6250    (-,-) 
  u_core_u_drain_ctrl_event_seq_q_reg[3]/C <<<     -     R     DFRRHDX2    4859    -   150     0    6250    (-,-) 
#-----------------------------------------------------------------------------------------------------------------



Path 3: VIOLATED (-1388 ps) Setup Check with Pin u_core_u_drain_ctrl_emit_wr_data_q_reg[hit][nfast][2]/C->D
           View: wc_view
          Group: clk_sys
     Startpoint: (R) u_core_u_drain_ctrl_drain_ctx_q_reg[0]/C
          Clock: (R) clk_sys
       Endpoint: (F) u_core_u_drain_ctrl_emit_wr_data_q_reg[hit][nfast][2]/D
          Clock: (R) clk_sys

                     Capture       Launch     
        Clock Edge:+    6250            0     
       Src Latency:+       0            0     
       Net Latency:+       0 (I)        0 (I) 
           Arrival:=    6250            0     
                                              
             Setup:-     526                  
       Uncertainty:-     300                  
     Required Time:=    5424                  
      Launch Clock:-       0                  
         Data Path:-    6813                  
             Slack:=   -1388                  

Launch clock path:
#-----------------------------------------------------------------------------------------------------------------
#              Timing Point                Flags   Arc   Edge   Cell     Fanout Load Trans Delay Arrival Instance 
#                                                                               (fF)  (ps)  (ps)   (ps)  Location 
#-----------------------------------------------------------------------------------------------------------------
  clk_sys                                  (i)     -     R     (arrival)   4859  0.0     0     0       0    (-,-) 
  u_core_u_drain_ctrl_drain_ctx_q_reg[0]/C <<<     -     R     DFRSHDX2    4859    -   150     0       0    (-,-) 
#-----------------------------------------------------------------------------------------------------------------

#---------------------------------------------------------------------------------------------------------------------------------
#                      Timing Point                       Flags   Arc   Edge   Cell     Fanout  Load Trans Delay Arrival Instance 
#                                                                                               (fF)  (ps)  (ps)   (ps)  Location 
#---------------------------------------------------------------------------------------------------------------------------------
  u_core_u_drain_ctrl_drain_ctx_q_reg[0]/C                -       -     R     (arrival)   4859     -   150     0       0    (-,-) 
  u_core_u_drain_ctrl_drain_ctx_q_reg[0]/Q                -       C->Q  F     DFRSHDX2       2  52.7   320  1150    1150    (-,-) 
  fopt664/Q                                               -       A->Q  F     BUHDX6         6 191.2   256   511    1661    (-,-) 
  fopt259/Q                                               -       A->Q  R     INHDX12       25 394.6   338   370    2031    (-,-) 
  fopt258/Q                                               -       A->Q  F     INHDX4         3  37.3   132   176    2207    (-,-) 
  fopt257/Q                                               -       A->Q  F     BUHDX2         2  37.0   155   345    2552    (-,-) 
  fopt256/Q                                               -       A->Q  F     BUHDX4         4 105.6   215   410    2963    (-,-) 
  fopt247/Q                                               -       A->Q  R     INHDX6         6  82.2   174   207    3169    (-,-) 
  fopt245/Q                                               -       A->Q  F     INHDX3         4  37.1   130   158    3328    (-,-) 
  g123668/Q                                               -       C->Q  F     AO22HDX0       1  11.9   208   594    3922    (-,-) 
  g1718/Q                                                 -       D->Q  R     AN22HDX2       1  21.9   153   946    4868    (-,-) 
  g1544/Q                                                 -       D->Q  F     NA4HDX2        1  25.2   355   393    5262    (-,-) 
  g1503/Q                                                 -       D->Q  R     NO5I3HDX2      1  23.2   560   630    5891    (-,-) 
  g1495/Q                                                 -       D->Q  F     NA5I3HDX2      1  13.8   274   308    6199    (-,-) 
  g191580/Q                                               -       B->Q  R     NA2HDX1        1  15.8   319   386    6585    (-,-) 
  g191493/Q                                               -       C->Q  F     NA22HDX1       1  11.2   176   228    6812    (-,-) 
  u_core_u_drain_ctrl_emit_wr_data_q_reg[hit][nfast][2]/D -       -     F     DFRQHDX4       1     -     -     0    6813    (-,-) 
#---------------------------------------------------------------------------------------------------------------------------------

Capture clock path:
#--------------------------------------------------------------------------------------------------------------------------------
#                      Timing Point                       Flags   Arc   Edge   Cell     Fanout Load Trans Delay Arrival Instance 
#                                                                                              (fF)  (ps)  (ps)   (ps)  Location 
#--------------------------------------------------------------------------------------------------------------------------------
  clk_sys                                                 (i)     -     R     (arrival)   4859  0.0     0     0    6250    (-,-) 
  u_core_u_drain_ctrl_emit_wr_data_q_reg[hit][nfast][2]/C <<<     -     R     DFRQHDX4    4859    -   150     0    6250    (-,-) 
#--------------------------------------------------------------------------------------------------------------------------------



Path 4: VIOLATED (-1388 ps) Setup Check with Pin u_core_u_drain_ctrl_emit_wr_data_q_reg[hit][nfast][4]/C->D
           View: wc_view
          Group: clk_sys
     Startpoint: (R) u_core_u_drain_ctrl_drain_ctx_q_reg[0]/C
          Clock: (R) clk_sys
       Endpoint: (F) u_core_u_drain_ctrl_emit_wr_data_q_reg[hit][nfast][4]/D
          Clock: (R) clk_sys

                     Capture       Launch     
        Clock Edge:+    6250            0     
       Src Latency:+       0            0     
       Net Latency:+       0 (I)        0 (I) 
           Arrival:=    6250            0     
                                              
             Setup:-     526                  
       Uncertainty:-     300                  
     Required Time:=    5424                  
      Launch Clock:-       0                  
         Data Path:-    6812                  
             Slack:=   -1388                  

Launch clock path:
#-----------------------------------------------------------------------------------------------------------------
#              Timing Point                Flags   Arc   Edge   Cell     Fanout Load Trans Delay Arrival Instance 
#                                                                               (fF)  (ps)  (ps)   (ps)  Location 
#-----------------------------------------------------------------------------------------------------------------
  clk_sys                                  (i)     -     R     (arrival)   4859  0.0     0     0       0    (-,-) 
  u_core_u_drain_ctrl_drain_ctx_q_reg[0]/C <<<     -     R     DFRSHDX2    4859    -   150     0       0    (-,-) 
#-----------------------------------------------------------------------------------------------------------------

#---------------------------------------------------------------------------------------------------------------------------------
#                      Timing Point                       Flags   Arc   Edge   Cell     Fanout  Load Trans Delay Arrival Instance 
#                                                                                               (fF)  (ps)  (ps)   (ps)  Location 
#---------------------------------------------------------------------------------------------------------------------------------
  u_core_u_drain_ctrl_drain_ctx_q_reg[0]/C                -       -     R     (arrival)   4859     -   150     0       0    (-,-) 
  u_core_u_drain_ctrl_drain_ctx_q_reg[0]/Q                -       C->Q  F     DFRSHDX2       2  52.7   320  1150    1150    (-,-) 
  fopt664/Q                                               -       A->Q  F     BUHDX6         6 191.2   256   511    1661    (-,-) 
  fopt259/Q                                               -       A->Q  R     INHDX12       25 394.6   338   370    2031    (-,-) 
  fopt243/Q                                               -       A->Q  F     INHDX2         2  45.1   228   291    2322    (-,-) 
  fopt242/Q                                               -       A->Q  F     BUHDX6         3 125.0   183   411    2733    (-,-) 
  fopt226/Q                                               -       A->Q  F     BUHDX6        11 151.3   211   419    3152    (-,-) 
  fopt217/Q                                               -       A->Q  F     BUHDX2         4  40.2   166   390    3542    (-,-) 
  fopt216/Q                                               -       A->Q  F     BUHDX2         2  23.4   116   321    3862    (-,-) 
  fopt215/Q                                               -       A->Q  F     BUHDX2         2  20.3   106   290    4152    (-,-) 
  g123374/Q                                               -       C->Q  F     AO22HDX0       1  15.4   240   621    4773    (-,-) 
  g1586/Q                                                 -       D->Q  R     AN22HDX1       1  12.3   469   498    5271    (-,-) 
  g1532/Q                                                 -       A->Q  R     AND4HDX1       1  23.2   290   662    5933    (-,-) 
  g1496/Q                                                 -       D->Q  F     NA5I3HDX2      1  13.8   274   266    6199    (-,-) 
  g191582/Q                                               -       B->Q  R     NA2HDX1        1  15.8   319   386    6585    (-,-) 
  g191492/Q                                               -       C->Q  F     NA22HDX1       1  11.2   176   228    6812    (-,-) 
  u_core_u_drain_ctrl_emit_wr_data_q_reg[hit][nfast][4]/D -       -     F     DFRQHDX4       1     -     -     0    6812    (-,-) 
#---------------------------------------------------------------------------------------------------------------------------------

Capture clock path:
#--------------------------------------------------------------------------------------------------------------------------------
#                      Timing Point                       Flags   Arc   Edge   Cell     Fanout Load Trans Delay Arrival Instance 
#                                                                                              (fF)  (ps)  (ps)   (ps)  Location 
#--------------------------------------------------------------------------------------------------------------------------------
  clk_sys                                                 (i)     -     R     (arrival)   4859  0.0     0     0    6250    (-,-) 
  u_core_u_drain_ctrl_emit_wr_data_q_reg[hit][nfast][4]/C <<<     -     R     DFRQHDX4    4859    -   150     0    6250    (-,-) 
#--------------------------------------------------------------------------------------------------------------------------------



Path 5: VIOLATED (-1388 ps) Setup Check with Pin u_core_u_drain_ctrl_pd_scan_q_reg[4]/C->D
           View: wc_view
          Group: clk_sys
     Startpoint: (R) u_core_u_drain_ctrl_drain_ctx_q_reg[0]/C
          Clock: (R) clk_sys
       Endpoint: (F) u_core_u_drain_ctrl_pd_scan_q_reg[4]/D
          Clock: (R) clk_sys

                     Capture       Launch     
        Clock Edge:+    6250            0     
       Src Latency:+       0            0     
       Net Latency:+       0 (I)        0 (I) 
           Arrival:=    6250            0     
                                              
             Setup:-     692                  
       Uncertainty:-     300                  
     Required Time:=    5258                  
      Launch Clock:-       0                  
         Data Path:-    6646                  
             Slack:=   -1388                  

Launch clock path:
#-----------------------------------------------------------------------------------------------------------------
#              Timing Point                Flags   Arc   Edge   Cell     Fanout Load Trans Delay Arrival Instance 
#                                                                               (fF)  (ps)  (ps)   (ps)  Location 
#-----------------------------------------------------------------------------------------------------------------
  clk_sys                                  (i)     -     R     (arrival)   4859  0.0     0     0       0    (-,-) 
  u_core_u_drain_ctrl_drain_ctx_q_reg[0]/C <<<     -     R     DFRSHDX2    4859    -   150     0       0    (-,-) 
#-----------------------------------------------------------------------------------------------------------------

#------------------------------------------------------------------------------------------------------------------
#              Timing Point                Flags   Arc   Edge   Cell     Fanout  Load Trans Delay Arrival Instance 
#                                                                                (fF)  (ps)  (ps)   (ps)  Location 
#------------------------------------------------------------------------------------------------------------------
  u_core_u_drain_ctrl_drain_ctx_q_reg[0]/C -       -     R     (arrival)   4859     -   150     0       0    (-,-) 
  u_core_u_drain_ctrl_drain_ctx_q_reg[0]/Q -       C->Q  F     DFRSHDX2       2  52.7   320  1150    1150    (-,-) 
  fopt664/Q                                -       A->Q  F     BUHDX6         6 191.2   256   511    1661    (-,-) 
  fopt661/Q                                -       A->Q  F     BUHDX6         7 116.3   174   414    2075    (-,-) 
  fopt641/Q                                -       A->Q  R     INHDX3         2  25.2   126   150    2225    (-,-) 
  g123836/Q                                -       D->Q  F     ON22HDX2       1  13.7    80   537    2762    (-,-) 
  g245/Q                                   -       B->Q  R     AN22HDX1       1  13.1   499   514    3276    (-,-) 
  g219/Q                                   -       B->Q  R     AND4HDX1       1  15.4   224   622    3897    (-,-) 
  g216/Q                                   -       C->Q  R     AND4HDX2       1  35.4   261   719    4616    (-,-) 
  g214/Q                                   -       B->Q  F     NA2HDX4        2  37.4   156   190    4807    (-,-) 
  g201290/Q                                -       AN->Q F     NA2I1HDX4      2  69.5   276   410    5217    (-,-) 
  g191659/Q                                -       D->Q  R     NA4I3HDX4      3  36.6   219   285    5502    (-,-) 
  g191624/Q                                -       A->Q  R     OR2HDX2        2  40.9   238   444    5946    (-,-) 
  fopt203750/Q                             -       A->Q  F     INHDX3         3  49.5   167   211    6158    (-,-) 
  g191577/Q                                -       A->Q  R     NA3HDX2        1  14.2   260   234    6391    (-,-) 
  g191433/Q                                -       C->Q  F     ON21HDX1       1  11.2   195   255    6646    (-,-) 
  u_core_u_drain_ctrl_pd_scan_q_reg[4]/D   -       -     F     DFRSQHDX1      1     -     -     0    6646    (-,-) 
#------------------------------------------------------------------------------------------------------------------

Capture clock path:
#---------------------------------------------------------------------------------------------------------------
#             Timing Point               Flags   Arc   Edge   Cell     Fanout Load Trans Delay Arrival Instance 
#                                                                             (fF)  (ps)  (ps)   (ps)  Location 
#---------------------------------------------------------------------------------------------------------------
  clk_sys                                (i)     -     R     (arrival)   4859  0.0     0     0    6250    (-,-) 
  u_core_u_drain_ctrl_pd_scan_q_reg[4]/C <<<     -     R     DFRSQHDX1   4859    -   150     0    6250    (-,-) 
#---------------------------------------------------------------------------------------------------------------



Path 6: VIOLATED (-1388 ps) Setup Check with Pin u_core_u_drain_ctrl_event_seq_q_reg[2]/C->D
           View: wc_view
          Group: clk_sys
     Startpoint: (R) u_core_u_drain_ctrl_drain_ctx_q_reg[0]/C
          Clock: (R) clk_sys
       Endpoint: (F) u_core_u_drain_ctrl_event_seq_q_reg[2]/D
          Clock: (R) clk_sys

                     Capture       Launch     
        Clock Edge:+    6250            0     
       Src Latency:+       0            0     
       Net Latency:+       0 (I)        0 (I) 
           Arrival:=    6250            0     
                                              
             Setup:-     670                  
       Uncertainty:-     300                  
     Required Time:=    5280                  
      Launch Clock:-       0                  
         Data Path:-    6668                  
             Slack:=   -1388                  

Launch clock path:
#-----------------------------------------------------------------------------------------------------------------
#              Timing Point                Flags   Arc   Edge   Cell     Fanout Load Trans Delay Arrival Instance 
#                                                                               (fF)  (ps)  (ps)   (ps)  Location 
#-----------------------------------------------------------------------------------------------------------------
  clk_sys                                  (i)     -     R     (arrival)   4859  0.0     0     0       0    (-,-) 
  u_core_u_drain_ctrl_drain_ctx_q_reg[0]/C <<<     -     R     DFRSHDX2    4859    -   150     0       0    (-,-) 
#-----------------------------------------------------------------------------------------------------------------

#------------------------------------------------------------------------------------------------------------------
#              Timing Point                Flags   Arc   Edge   Cell     Fanout  Load Trans Delay Arrival Instance 
#                                                                                (fF)  (ps)  (ps)   (ps)  Location 
#------------------------------------------------------------------------------------------------------------------
  u_core_u_drain_ctrl_drain_ctx_q_reg[0]/C -       -     R     (arrival)   4859     -   150     0       0    (-,-) 
  u_core_u_drain_ctrl_drain_ctx_q_reg[0]/Q -       C->Q  F     DFRSHDX2       2  52.7   320  1150    1150    (-,-) 
  fopt664/Q                                -       A->Q  F     BUHDX6         6 191.2   256   511    1661    (-,-) 
  fopt661/Q                                -       A->Q  F     BUHDX6         7 116.3   174   414    2075    (-,-) 
  fopt641/Q                                -       A->Q  R     INHDX3         2  25.2   126   150    2225    (-,-) 
  g123836/Q                                -       D->Q  F     ON22HDX2       1  13.7    80   537    2762    (-,-) 
  g245/Q                                   -       B->Q  R     AN22HDX1       1  13.1   499   514    3276    (-,-) 
  g219/Q                                   -       B->Q  R     AND4HDX1       1  15.4   224   622    3897    (-,-) 
  g216/Q                                   -       C->Q  R     AND4HDX2       1  35.4   261   719    4616    (-,-) 
  g214/Q                                   -       B->Q  F     NA2HDX4        2  37.4   156   190    4807    (-,-) 
  fopt203679/Q                             -       A->Q  F     BUHDX3         3  55.4   167   363    5170    (-,-) 
  g191705/Q                                -       B->Q  R     NA2I1HDX2      3  38.7   352   365    5535    (-,-) 
  g203585/Q                                -       AN->Q R     NA3I1HDX2      3  30.3   379   526    6061    (-,-) 
  g191618/Q                                -       A->Q  R     OR3HDX1        1  14.2   182   385    6446    (-,-) 
  g191428/Q                                -       C->Q  F     ON21HDX1       1  11.1   192   223    6668    (-,-) 
  u_core_u_drain_ctrl_event_seq_q_reg[2]/D -       -     F     DFRSHDX2       1     -     -     0    6668    (-,-) 
#------------------------------------------------------------------------------------------------------------------

Capture clock path:
#-----------------------------------------------------------------------------------------------------------------
#              Timing Point                Flags   Arc   Edge   Cell     Fanout Load Trans Delay Arrival Instance 
#                                                                               (fF)  (ps)  (ps)   (ps)  Location 
#-----------------------------------------------------------------------------------------------------------------
  clk_sys                                  (i)     -     R     (arrival)   4859  0.0     0     0    6250    (-,-) 
  u_core_u_drain_ctrl_event_seq_q_reg[2]/C <<<     -     R     DFRSHDX2    4859    -   150     0    6250    (-,-) 
#-----------------------------------------------------------------------------------------------------------------



Path 7: VIOLATED (-1387 ps) Setup Check with Pin u_core_u_drain_ctrl_pd_scan_q_reg[1]/C->D
           View: wc_view
          Group: clk_sys
     Startpoint: (R) u_core_u_drain_ctrl_drain_ctx_q_reg[0]/C
          Clock: (R) clk_sys
       Endpoint: (R) u_core_u_drain_ctrl_pd_scan_q_reg[1]/D
          Clock: (R) clk_sys

                     Capture       Launch     
        Clock Edge:+    6250            0     
       Src Latency:+       0            0     
       Net Latency:+       0 (I)        0 (I) 
           Arrival:=    6250            0     
                                              
             Setup:-     262                  
       Uncertainty:-     300                  
     Required Time:=    5688                  
      Launch Clock:-       0                  
         Data Path:-    7076                  
             Slack:=   -1387                  

Launch clock path:
#-----------------------------------------------------------------------------------------------------------------
#              Timing Point                Flags   Arc   Edge   Cell     Fanout Load Trans Delay Arrival Instance 
#                                                                               (fF)  (ps)  (ps)   (ps)  Location 
#-----------------------------------------------------------------------------------------------------------------
  clk_sys                                  (i)     -     R     (arrival)   4859  0.0     0     0       0    (-,-) 
  u_core_u_drain_ctrl_drain_ctx_q_reg[0]/C <<<     -     R     DFRSHDX2    4859    -   150     0       0    (-,-) 
#-----------------------------------------------------------------------------------------------------------------

#------------------------------------------------------------------------------------------------------------------
#              Timing Point                Flags   Arc   Edge   Cell     Fanout  Load Trans Delay Arrival Instance 
#                                                                                (fF)  (ps)  (ps)   (ps)  Location 
#------------------------------------------------------------------------------------------------------------------
  u_core_u_drain_ctrl_drain_ctx_q_reg[0]/C -       -     R     (arrival)   4859     -   150     0       0    (-,-) 
  u_core_u_drain_ctrl_drain_ctx_q_reg[0]/Q -       C->Q  F     DFRSHDX2       2  52.7   320  1150    1150    (-,-) 
  fopt664/Q                                -       A->Q  F     BUHDX6         6 191.2   256   511    1661    (-,-) 
  fopt661/Q                                -       A->Q  F     BUHDX6         7 116.3   174   414    2075    (-,-) 
  fopt641/Q                                -       A->Q  R     INHDX3         2  25.2   126   150    2225    (-,-) 
  g123836/Q                                -       D->Q  F     ON22HDX2       1  13.7    80   537    2762    (-,-) 
  g245/Q                                   -       B->Q  R     AN22HDX1       1  13.1   499   514    3276    (-,-) 
  g219/Q                                   -       B->Q  R     AND4HDX1       1  15.4   224   622    3897    (-,-) 
  g216/Q                                   -       C->Q  R     AND4HDX2       1  35.4   261   719    4616    (-,-) 
  g214/Q                                   -       B->Q  F     NA2HDX4        2  37.4   156   190    4807    (-,-) 
  g201290/Q                                -       AN->Q F     NA2I1HDX4      2  69.5   276   410    5217    (-,-) 
  g191702/Q                                -       B->Q  R     NA2I1HDX4      2  44.2   262   331    5548    (-,-) 
  g191622/Q                                -       A->Q  R     NA22HDX4       2  29.4   191   398    5946    (-,-) 
  g191609/Q                                -       A->Q  F     INHDX2         1  21.7   123   154    6100    (-,-) 
  g191584/Q                                -       A->Q  R     NA2HDX2        2  35.2   387   313    6413    (-,-) 
  g191568/Q                                -       A->Q  F     INHDX1         1  15.7   192   244    6656    (-,-) 
  g191496/Q                                -       A->Q  R     ON21HDX1       1  11.1   389   419    7076    (-,-) 
  u_core_u_drain_ctrl_pd_scan_q_reg[1]/D   -       -     R     DFRSQHDX1      1     -     -     0    7076    (-,-) 
#------------------------------------------------------------------------------------------------------------------

Capture clock path:
#---------------------------------------------------------------------------------------------------------------
#             Timing Point               Flags   Arc   Edge   Cell     Fanout Load Trans Delay Arrival Instance 
#                                                                             (fF)  (ps)  (ps)   (ps)  Location 
#---------------------------------------------------------------------------------------------------------------
  clk_sys                                (i)     -     R     (arrival)   4859  0.0     0     0    6250    (-,-) 
  u_core_u_drain_ctrl_pd_scan_q_reg[1]/C <<<     -     R     DFRSQHDX1   4859    -   150     0    6250    (-,-) 
#---------------------------------------------------------------------------------------------------------------



Path 8: VIOLATED (-1387 ps) Setup Check with Pin u_core_u_drain_ctrl_emit_wr_data_q_reg[hit][nfast][6]/C->D
           View: wc_view
          Group: clk_sys
     Startpoint: (R) u_core_u_drain_ctrl_drain_ctx_q_reg[0]/C
          Clock: (R) clk_sys
       Endpoint: (F) u_core_u_drain_ctrl_emit_wr_data_q_reg[hit][nfast][6]/D
          Clock: (R) clk_sys

                     Capture       Launch     
        Clock Edge:+    6250            0     
       Src Latency:+       0            0     
       Net Latency:+       0 (I)        0 (I) 
           Arrival:=    6250            0     
                                              
             Setup:-     526                  
       Uncertainty:-     300                  
     Required Time:=    5424                  
      Launch Clock:-       0                  
         Data Path:-    6812                  
             Slack:=   -1387                  

Launch clock path:
#-----------------------------------------------------------------------------------------------------------------
#              Timing Point                Flags   Arc   Edge   Cell     Fanout Load Trans Delay Arrival Instance 
#                                                                               (fF)  (ps)  (ps)   (ps)  Location 
#-----------------------------------------------------------------------------------------------------------------
  clk_sys                                  (i)     -     R     (arrival)   4859  0.0     0     0       0    (-,-) 
  u_core_u_drain_ctrl_drain_ctx_q_reg[0]/C <<<     -     R     DFRSHDX2    4859    -   150     0       0    (-,-) 
#-----------------------------------------------------------------------------------------------------------------

#---------------------------------------------------------------------------------------------------------------------------------
#                      Timing Point                       Flags   Arc   Edge   Cell     Fanout  Load Trans Delay Arrival Instance 
#                                                                                               (fF)  (ps)  (ps)   (ps)  Location 
#---------------------------------------------------------------------------------------------------------------------------------
  u_core_u_drain_ctrl_drain_ctx_q_reg[0]/C                -       -     R     (arrival)   4859     -   150     0       0    (-,-) 
  u_core_u_drain_ctrl_drain_ctx_q_reg[0]/Q                -       C->Q  F     DFRSHDX2       2  52.7   320  1150    1150    (-,-) 
  fopt664/Q                                               -       A->Q  F     BUHDX6         6 191.2   256   511    1661    (-,-) 
  fopt661/Q                                               -       A->Q  F     BUHDX6         7 116.3   174   414    2075    (-,-) 
  fopt641/Q                                               -       A->Q  R     INHDX3         2  25.2   126   150    2225    (-,-) 
  g123836/Q                                               -       D->Q  F     ON22HDX2       1  13.7    80   537    2762    (-,-) 
  g245/Q                                                  -       B->Q  R     AN22HDX1       1  13.1   499   514    3276    (-,-) 
  g219/Q                                                  -       B->Q  R     AND4HDX1       1  15.4   224   622    3897    (-,-) 
  g216/Q                                                  -       C->Q  R     AND4HDX2       1  35.4   261   719    4616    (-,-) 
  g214/Q                                                  -       B->Q  F     NA2HDX4        2  37.4   156   190    4807    (-,-) 
  fopt203679/Q                                            -       A->Q  F     BUHDX3         3  55.4   167   363    5170    (-,-) 
  fopt203678/Q                                            -       A->Q  F     BUHDX3         2  24.3   100   303    5473    (-,-) 
  g191625/Q                                               -       AN->Q F     NO4I1HDX4      1  67.7   155   441    5914    (-,-) 
  fopt203698/Q                                            -       A->Q  R     INHDX8         8 125.6   183   199    6113    (-,-) 
  fopt203693/Q                                            -       A->Q  F     INHDX3         4  45.1   149   180    6293    (-,-) 
  g191572/Q                                               -       A->Q  R     NA2HDX1        1  15.8   319   290    6584    (-,-) 
  g191495/Q                                               -       C->Q  F     NA22HDX1       1  11.2   176   228    6812    (-,-) 
  u_core_u_drain_ctrl_emit_wr_data_q_reg[hit][nfast][6]/D -       -     F     DFRQHDX4       1     -     -     0    6812    (-,-) 
#---------------------------------------------------------------------------------------------------------------------------------

Capture clock path:
#--------------------------------------------------------------------------------------------------------------------------------
#                      Timing Point                       Flags   Arc   Edge   Cell     Fanout Load Trans Delay Arrival Instance 
#                                                                                              (fF)  (ps)  (ps)   (ps)  Location 
#--------------------------------------------------------------------------------------------------------------------------------
  clk_sys                                                 (i)     -     R     (arrival)   4859  0.0     0     0    6250    (-,-) 
  u_core_u_drain_ctrl_emit_wr_data_q_reg[hit][nfast][6]/C <<<     -     R     DFRQHDX4    4859    -   150     0    6250    (-,-) 
#--------------------------------------------------------------------------------------------------------------------------------



Path 9: VIOLATED (-1387 ps) Setup Check with Pin u_core_u_drain_ctrl_emit_wr_data_q_reg[hit][nfast][3]/C->D
           View: wc_view
          Group: clk_sys
     Startpoint: (R) u_core_u_drain_ctrl_drain_ctx_q_reg[0]/C
          Clock: (R) clk_sys
       Endpoint: (F) u_core_u_drain_ctrl_emit_wr_data_q_reg[hit][nfast][3]/D
          Clock: (R) clk_sys

                     Capture       Launch     
        Clock Edge:+    6250            0     
       Src Latency:+       0            0     
       Net Latency:+       0 (I)        0 (I) 
           Arrival:=    6250            0     
                                              
             Setup:-     526                  
       Uncertainty:-     300                  
     Required Time:=    5424                  
      Launch Clock:-       0                  
         Data Path:-    6812                  
             Slack:=   -1387                  

Launch clock path:
#-----------------------------------------------------------------------------------------------------------------
#              Timing Point                Flags   Arc   Edge   Cell     Fanout Load Trans Delay Arrival Instance 
#                                                                               (fF)  (ps)  (ps)   (ps)  Location 
#-----------------------------------------------------------------------------------------------------------------
  clk_sys                                  (i)     -     R     (arrival)   4859  0.0     0     0       0    (-,-) 
  u_core_u_drain_ctrl_drain_ctx_q_reg[0]/C <<<     -     R     DFRSHDX2    4859    -   150     0       0    (-,-) 
#-----------------------------------------------------------------------------------------------------------------

#---------------------------------------------------------------------------------------------------------------------------------
#                      Timing Point                       Flags   Arc   Edge   Cell     Fanout  Load Trans Delay Arrival Instance 
#                                                                                               (fF)  (ps)  (ps)   (ps)  Location 
#---------------------------------------------------------------------------------------------------------------------------------
  u_core_u_drain_ctrl_drain_ctx_q_reg[0]/C                -       -     R     (arrival)   4859     -   150     0       0    (-,-) 
  u_core_u_drain_ctrl_drain_ctx_q_reg[0]/Q                -       C->Q  F     DFRSHDX2       2  52.7   320  1150    1150    (-,-) 
  fopt664/Q                                               -       A->Q  F     BUHDX6         6 191.2   256   511    1661    (-,-) 
  fopt661/Q                                               -       A->Q  F     BUHDX6         7 116.3   174   414    2075    (-,-) 
  fopt641/Q                                               -       A->Q  R     INHDX3         2  25.2   126   150    2225    (-,-) 
  g123836/Q                                               -       D->Q  F     ON22HDX2       1  13.7    80   537    2762    (-,-) 
  g245/Q                                                  -       B->Q  R     AN22HDX1       1  13.1   499   514    3276    (-,-) 
  g219/Q                                                  -       B->Q  R     AND4HDX1       1  15.4   224   622    3897    (-,-) 
  g216/Q                                                  -       C->Q  R     AND4HDX2       1  35.4   261   719    4616    (-,-) 
  g214/Q                                                  -       B->Q  F     NA2HDX4        2  37.4   156   190    4807    (-,-) 
  fopt203679/Q                                            -       A->Q  F     BUHDX3         3  55.4   167   363    5170    (-,-) 
  fopt203678/Q                                            -       A->Q  F     BUHDX3         2  24.3   100   303    5473    (-,-) 
  g191625/Q                                               -       AN->Q F     NO4I1HDX4      1  67.7   155   441    5914    (-,-) 
  fopt203698/Q                                            -       A->Q  R     INHDX8         8 125.6   183   199    6113    (-,-) 
  fopt203693/Q                                            -       A->Q  F     INHDX3         4  45.1   149   180    6293    (-,-) 
  g191581/Q                                               -       A->Q  R     NA2HDX1        1  15.8   319   290    6584    (-,-) 
  g191491/Q                                               -       C->Q  F     NA22HDX1       1  11.2   176   228    6812    (-,-) 
  u_core_u_drain_ctrl_emit_wr_data_q_reg[hit][nfast][3]/D -       -     F     DFRQHDX4       1     -     -     0    6812    (-,-) 
#---------------------------------------------------------------------------------------------------------------------------------

Capture clock path:
#--------------------------------------------------------------------------------------------------------------------------------
#                      Timing Point                       Flags   Arc   Edge   Cell     Fanout Load Trans Delay Arrival Instance 
#                                                                                              (fF)  (ps)  (ps)   (ps)  Location 
#--------------------------------------------------------------------------------------------------------------------------------
  clk_sys                                                 (i)     -     R     (arrival)   4859  0.0     0     0    6250    (-,-) 
  u_core_u_drain_ctrl_emit_wr_data_q_reg[hit][nfast][3]/C <<<     -     R     DFRQHDX4    4859    -   150     0    6250    (-,-) 
#--------------------------------------------------------------------------------------------------------------------------------



Path 10: VIOLATED (-1377 ps) Setup Check with Pin u_core_u_drain_ctrl_emit_wr_data_q_reg[meta][stop_slow_phase_disc][1]/C->D
           View: wc_view
          Group: clk_sys
     Startpoint: (R) u_core_u_drain_ctrl_drain_ctx_q_reg[0]/C
          Clock: (R) clk_sys
       Endpoint: (R) u_core_u_drain_ctrl_emit_wr_data_q_reg[meta][stop_slow_phase_disc][1]/D
          Clock: (R) clk_sys

                     Capture       Launch     
        Clock Edge:+    6250            0     
       Src Latency:+       0            0     
       Net Latency:+       0 (I)        0 (I) 
           Arrival:=    6250            0     
                                              
             Setup:-     242                  
       Uncertainty:-     300                  
     Required Time:=    5708                  
      Launch Clock:-       0                  
         Data Path:-    7086                  
             Slack:=   -1377                  

Launch clock path:
#-----------------------------------------------------------------------------------------------------------------
#              Timing Point                Flags   Arc   Edge   Cell     Fanout Load Trans Delay Arrival Instance 
#                                                                               (fF)  (ps)  (ps)   (ps)  Location 
#-----------------------------------------------------------------------------------------------------------------
  clk_sys                                  (i)     -     R     (arrival)   4859  0.0     0     0       0    (-,-) 
  u_core_u_drain_ctrl_drain_ctx_q_reg[0]/C <<<     -     R     DFRSHDX2    4859    -   150     0       0    (-,-) 
#-----------------------------------------------------------------------------------------------------------------

#-------------------------------------------------------------------------------------------------------------------------------------------------
#                              Timing Point                               Flags   Arc   Edge   Cell     Fanout  Load Trans Delay Arrival Instance 
#                                                                                                               (fF)  (ps)  (ps)   (ps)  Location 
#-------------------------------------------------------------------------------------------------------------------------------------------------
  u_core_u_drain_ctrl_drain_ctx_q_reg[0]/C                                -       -     R     (arrival)   4859     -   150     0       0    (-,-) 
  u_core_u_drain_ctrl_drain_ctx_q_reg[0]/Q                                -       C->Q  F     DFRSHDX2       2  52.7   320  1150    1150    (-,-) 
  fopt664/Q                                                               -       A->Q  F     BUHDX6         6 191.2   256   511    1661    (-,-) 
  fopt661/Q                                                               -       A->Q  F     BUHDX6         7 116.3   174   414    2075    (-,-) 
  fopt641/Q                                                               -       A->Q  R     INHDX3         2  25.2   126   150    2225    (-,-) 
  g123836/Q                                                               -       D->Q  F     ON22HDX2       1  13.7    80   537    2762    (-,-) 
  g245/Q                                                                  -       B->Q  R     AN22HDX1       1  13.1   499   514    3276    (-,-) 
  g219/Q                                                                  -       B->Q  R     AND4HDX1       1  15.4   224   622    3897    (-,-) 
  g216/Q                                                                  -       C->Q  R     AND4HDX2       1  35.4   261   719    4616    (-,-) 
  g214/Q                                                                  -       B->Q  F     NA2HDX4        2  37.4   156   190    4807    (-,-) 
  fopt203679/Q                                                            -       A->Q  F     BUHDX3         3  55.4   167   363    5170    (-,-) 
  g191657/Q                                                               -       C->Q  R     NA3I2HDX2      2  29.9   296   318    5488    (-,-) 
  g191608/Q                                                               -       A->Q  R     NA22HDX4       2  56.7   249   459    5947    (-,-) 
  fopt203706/Q                                                            -       A->Q  F     INHDX3         2  56.7   184   234    6180    (-,-) 
  fopt203705/Q                                                            -       A->Q  F     BUHDX6        16 196.5   260   460    6640    (-,-) 
  g191523/Q                                                               -       A->Q  R     ON21HDX1       1  11.1   393   446    7086    (-,-) 
  u_core_u_drain_ctrl_emit_wr_data_q_reg[meta][stop_slow_phase_disc][1]/D -       -     R     DFRHDX1        1     -     -     0    7086    (-,-) 
#-------------------------------------------------------------------------------------------------------------------------------------------------

Capture clock path:
#------------------------------------------------------------------------------------------------------------------------------------------------
#                              Timing Point                               Flags   Arc   Edge   Cell     Fanout Load Trans Delay Arrival Instance 
#                                                                                                              (fF)  (ps)  (ps)   (ps)  Location 
#------------------------------------------------------------------------------------------------------------------------------------------------
  clk_sys                                                                 (i)     -     R     (arrival)   4859  0.0     0     0    6250    (-,-) 
  u_core_u_drain_ctrl_emit_wr_data_q_reg[meta][stop_slow_phase_disc][1]/C <<<     -     R     DFRHDX1     4859    -   150     0    6250    (-,-) 
#------------------------------------------------------------------------------------------------------------------------------------------------



Path 11: VIOLATED (-1377 ps) Setup Check with Pin u_core_u_drain_ctrl_emit_wr_data_q_reg[meta][stop_slow_phase_disc][0]/C->D
           View: wc_view
          Group: clk_sys
     Startpoint: (R) u_core_u_drain_ctrl_drain_ctx_q_reg[0]/C
          Clock: (R) clk_sys
       Endpoint: (R) u_core_u_drain_ctrl_emit_wr_data_q_reg[meta][stop_slow_phase_disc][0]/D
          Clock: (R) clk_sys

                     Capture       Launch     
        Clock Edge:+    6250            0     
       Src Latency:+       0            0     
       Net Latency:+       0 (I)        0 (I) 
           Arrival:=    6250            0     
                                              
             Setup:-     242                  
       Uncertainty:-     300                  
     Required Time:=    5708                  
      Launch Clock:-       0                  
         Data Path:-    7086                  
             Slack:=   -1377                  

Launch clock path:
#-----------------------------------------------------------------------------------------------------------------
#              Timing Point                Flags   Arc   Edge   Cell     Fanout Load Trans Delay Arrival Instance 
#                                                                               (fF)  (ps)  (ps)   (ps)  Location 
#-----------------------------------------------------------------------------------------------------------------
  clk_sys                                  (i)     -     R     (arrival)   4859  0.0     0     0       0    (-,-) 
  u_core_u_drain_ctrl_drain_ctx_q_reg[0]/C <<<     -     R     DFRSHDX2    4859    -   150     0       0    (-,-) 
#-----------------------------------------------------------------------------------------------------------------

#-------------------------------------------------------------------------------------------------------------------------------------------------
#                              Timing Point                               Flags   Arc   Edge   Cell     Fanout  Load Trans Delay Arrival Instance 
#                                                                                                               (fF)  (ps)  (ps)   (ps)  Location 
#-------------------------------------------------------------------------------------------------------------------------------------------------
  u_core_u_drain_ctrl_drain_ctx_q_reg[0]/C                                -       -     R     (arrival)   4859     -   150     0       0    (-,-) 
  u_core_u_drain_ctrl_drain_ctx_q_reg[0]/Q                                -       C->Q  F     DFRSHDX2       2  52.7   320  1150    1150    (-,-) 
  fopt664/Q                                                               -       A->Q  F     BUHDX6         6 191.2   256   511    1661    (-,-) 
  fopt661/Q                                                               -       A->Q  F     BUHDX6         7 116.3   174   414    2075    (-,-) 
  fopt641/Q                                                               -       A->Q  R     INHDX3         2  25.2   126   150    2225    (-,-) 
  g123836/Q                                                               -       D->Q  F     ON22HDX2       1  13.7    80   537    2762    (-,-) 
  g245/Q                                                                  -       B->Q  R     AN22HDX1       1  13.1   499   514    3276    (-,-) 
  g219/Q                                                                  -       B->Q  R     AND4HDX1       1  15.4   224   622    3897    (-,-) 
  g216/Q                                                                  -       C->Q  R     AND4HDX2       1  35.4   261   719    4616    (-,-) 
  g214/Q                                                                  -       B->Q  F     NA2HDX4        2  37.4   156   190    4807    (-,-) 
  fopt203679/Q                                                            -       A->Q  F     BUHDX3         3  55.4   167   363    5170    (-,-) 
  g191657/Q                                                               -       C->Q  R     NA3I2HDX2      2  29.9   296   318    5488    (-,-) 
  g191608/Q                                                               -       A->Q  R     NA22HDX4       2  56.7   249   459    5947    (-,-) 
  fopt203706/Q                                                            -       A->Q  F     INHDX3         2  56.7   184   234    6180    (-,-) 
  fopt203705/Q                                                            -       A->Q  F     BUHDX6        16 196.5   260   460    6640    (-,-) 
  g191522/Q                                                               -       A->Q  R     ON21HDX1       1  11.1   393   446    7086    (-,-) 
  u_core_u_drain_ctrl_emit_wr_data_q_reg[meta][stop_slow_phase_disc][0]/D -       -     R     DFRHDX1        1     -     -     0    7086    (-,-) 
#-------------------------------------------------------------------------------------------------------------------------------------------------

Capture clock path:
#------------------------------------------------------------------------------------------------------------------------------------------------
#                              Timing Point                               Flags   Arc   Edge   Cell     Fanout Load Trans Delay Arrival Instance 
#                                                                                                              (fF)  (ps)  (ps)   (ps)  Location 
#------------------------------------------------------------------------------------------------------------------------------------------------
  clk_sys                                                                 (i)     -     R     (arrival)   4859  0.0     0     0    6250    (-,-) 
  u_core_u_drain_ctrl_emit_wr_data_q_reg[meta][stop_slow_phase_disc][0]/C <<<     -     R     DFRHDX1     4859    -   150     0    6250    (-,-) 
#------------------------------------------------------------------------------------------------------------------------------------------------



Path 12: VIOLATED (-1377 ps) Setup Check with Pin u_core_u_drain_ctrl_emit_wr_data_q_reg[meta][phase0_snap]/C->D
           View: wc_view
          Group: clk_sys
     Startpoint: (R) u_core_u_drain_ctrl_drain_ctx_q_reg[0]/C
          Clock: (R) clk_sys
       Endpoint: (R) u_core_u_drain_ctrl_emit_wr_data_q_reg[meta][phase0_snap]/D
          Clock: (R) clk_sys

                     Capture       Launch     
        Clock Edge:+    6250            0     
       Src Latency:+       0            0     
       Net Latency:+       0 (I)        0 (I) 
           Arrival:=    6250            0     
                                              
             Setup:-     242                  
       Uncertainty:-     300                  
     Required Time:=    5708                  
      Launch Clock:-       0                  
         Data Path:-    7086                  
             Slack:=   -1377                  

Launch clock path:
#-----------------------------------------------------------------------------------------------------------------
#              Timing Point                Flags   Arc   Edge   Cell     Fanout Load Trans Delay Arrival Instance 
#                                                                               (fF)  (ps)  (ps)   (ps)  Location 
#-----------------------------------------------------------------------------------------------------------------
  clk_sys                                  (i)     -     R     (arrival)   4859  0.0     0     0       0    (-,-) 
  u_core_u_drain_ctrl_drain_ctx_q_reg[0]/C <<<     -     R     DFRSHDX2    4859    -   150     0       0    (-,-) 
#-----------------------------------------------------------------------------------------------------------------

#-------------------------------------------------------------------------------------------------------------------------------------
#                        Timing Point                         Flags   Arc   Edge   Cell     Fanout  Load Trans Delay Arrival Instance 
#                                                                                                   (fF)  (ps)  (ps)   (ps)  Location 
#-------------------------------------------------------------------------------------------------------------------------------------
  u_core_u_drain_ctrl_drain_ctx_q_reg[0]/C                    -       -     R     (arrival)   4859     -   150     0       0    (-,-) 
  u_core_u_drain_ctrl_drain_ctx_q_reg[0]/Q                    -       C->Q  F     DFRSHDX2       2  52.7   320  1150    1150    (-,-) 
  fopt664/Q                                                   -       A->Q  F     BUHDX6         6 191.2   256   511    1661    (-,-) 
  fopt661/Q                                                   -       A->Q  F     BUHDX6         7 116.3   174   414    2075    (-,-) 
  fopt641/Q                                                   -       A->Q  R     INHDX3         2  25.2   126   150    2225    (-,-) 
  g123836/Q                                                   -       D->Q  F     ON22HDX2       1  13.7    80   537    2762    (-,-) 
  g245/Q                                                      -       B->Q  R     AN22HDX1       1  13.1   499   514    3276    (-,-) 
  g219/Q                                                      -       B->Q  R     AND4HDX1       1  15.4   224   622    3897    (-,-) 
  g216/Q                                                      -       C->Q  R     AND4HDX2       1  35.4   261   719    4616    (-,-) 
  g214/Q                                                      -       B->Q  F     NA2HDX4        2  37.4   156   190    4807    (-,-) 
  fopt203679/Q                                                -       A->Q  F     BUHDX3         3  55.4   167   363    5170    (-,-) 
  g191657/Q                                                   -       C->Q  R     NA3I2HDX2      2  29.9   296   318    5488    (-,-) 
  g191608/Q                                                   -       A->Q  R     NA22HDX4       2  56.7   249   459    5947    (-,-) 
  fopt203706/Q                                                -       A->Q  F     INHDX3         2  56.7   184   234    6180    (-,-) 
  fopt203705/Q                                                -       A->Q  F     BUHDX6        16 196.5   260   460    6640    (-,-) 
  g191521/Q                                                   -       A->Q  R     ON21HDX1       1  11.1   393   446    7086    (-,-) 
  u_core_u_drain_ctrl_emit_wr_data_q_reg[meta][phase0_snap]/D -       -     R     DFRHDX1        1     -     -     0    7086    (-,-) 
#-------------------------------------------------------------------------------------------------------------------------------------

Capture clock path:
#------------------------------------------------------------------------------------------------------------------------------------
#                        Timing Point                         Flags   Arc   Edge   Cell     Fanout Load Trans Delay Arrival Instance 
#                                                                                                  (fF)  (ps)  (ps)   (ps)  Location 
#------------------------------------------------------------------------------------------------------------------------------------
  clk_sys                                                     (i)     -     R     (arrival)   4859  0.0     0     0    6250    (-,-) 
  u_core_u_drain_ctrl_emit_wr_data_q_reg[meta][phase0_snap]/C <<<     -     R     DFRHDX1     4859    -   150     0    6250    (-,-) 
#------------------------------------------------------------------------------------------------------------------------------------



Path 13: VIOLATED (-1377 ps) Setup Check with Pin u_core_u_drain_ctrl_emit_wr_data_q_reg[meta][nslow][4]/C->D
           View: wc_view
          Group: clk_sys
     Startpoint: (R) u_core_u_drain_ctrl_drain_ctx_q_reg[0]/C
          Clock: (R) clk_sys
       Endpoint: (R) u_core_u_drain_ctrl_emit_wr_data_q_reg[meta][nslow][4]/D
          Clock: (R) clk_sys

                     Capture       Launch     
        Clock Edge:+    6250            0     
       Src Latency:+       0            0     
       Net Latency:+       0 (I)        0 (I) 
           Arrival:=    6250            0     
                                              
             Setup:-     242                  
       Uncertainty:-     300                  
     Required Time:=    5708                  
      Launch Clock:-       0                  
         Data Path:-    7086                  
             Slack:=   -1377                  

Launch clock path:
#-----------------------------------------------------------------------------------------------------------------
#              Timing Point                Flags   Arc   Edge   Cell     Fanout Load Trans Delay Arrival Instance 
#                                                                               (fF)  (ps)  (ps)   (ps)  Location 
#-----------------------------------------------------------------------------------------------------------------
  clk_sys                                  (i)     -     R     (arrival)   4859  0.0     0     0       0    (-,-) 
  u_core_u_drain_ctrl_drain_ctx_q_reg[0]/C <<<     -     R     DFRSHDX2    4859    -   150     0       0    (-,-) 
#-----------------------------------------------------------------------------------------------------------------

#----------------------------------------------------------------------------------------------------------------------------------
#                      Timing Point                        Flags   Arc   Edge   Cell     Fanout  Load Trans Delay Arrival Instance 
#                                                                                                (fF)  (ps)  (ps)   (ps)  Location 
#----------------------------------------------------------------------------------------------------------------------------------
  u_core_u_drain_ctrl_drain_ctx_q_reg[0]/C                 -       -     R     (arrival)   4859     -   150     0       0    (-,-) 
  u_core_u_drain_ctrl_drain_ctx_q_reg[0]/Q                 -       C->Q  F     DFRSHDX2       2  52.7   320  1150    1150    (-,-) 
  fopt664/Q                                                -       A->Q  F     BUHDX6         6 191.2   256   511    1661    (-,-) 
  fopt661/Q                                                -       A->Q  F     BUHDX6         7 116.3   174   414    2075    (-,-) 
  fopt641/Q                                                -       A->Q  R     INHDX3         2  25.2   126   150    2225    (-,-) 
  g123836/Q                                                -       D->Q  F     ON22HDX2       1  13.7    80   537    2762    (-,-) 
  g245/Q                                                   -       B->Q  R     AN22HDX1       1  13.1   499   514    3276    (-,-) 
  g219/Q                                                   -       B->Q  R     AND4HDX1       1  15.4   224   622    3897    (-,-) 
  g216/Q                                                   -       C->Q  R     AND4HDX2       1  35.4   261   719    4616    (-,-) 
  g214/Q                                                   -       B->Q  F     NA2HDX4        2  37.4   156   190    4807    (-,-) 
  fopt203679/Q                                             -       A->Q  F     BUHDX3         3  55.4   167   363    5170    (-,-) 
  g191657/Q                                                -       C->Q  R     NA3I2HDX2      2  29.9   296   318    5488    (-,-) 
  g191608/Q                                                -       A->Q  R     NA22HDX4       2  56.7   249   459    5947    (-,-) 
  fopt203706/Q                                             -       A->Q  F     INHDX3         2  56.7   184   234    6180    (-,-) 
  fopt203705/Q                                             -       A->Q  F     BUHDX6        16 196.5   260   460    6640    (-,-) 
  g191518/Q                                                -       A->Q  R     ON21HDX1       1  11.1   393   446    7086    (-,-) 
  u_core_u_drain_ctrl_emit_wr_data_q_reg[meta][nslow][4]/D -       -     R     DFRHDX1        1     -     -     0    7086    (-,-) 
#----------------------------------------------------------------------------------------------------------------------------------

Capture clock path:
#---------------------------------------------------------------------------------------------------------------------------------
#                      Timing Point                        Flags   Arc   Edge   Cell     Fanout Load Trans Delay Arrival Instance 
#                                                                                               (fF)  (ps)  (ps)   (ps)  Location 
#---------------------------------------------------------------------------------------------------------------------------------
  clk_sys                                                  (i)     -     R     (arrival)   4859  0.0     0     0    6250    (-,-) 
  u_core_u_drain_ctrl_emit_wr_data_q_reg[meta][nslow][4]/C <<<     -     R     DFRHDX1     4859    -   150     0    6250    (-,-) 
#---------------------------------------------------------------------------------------------------------------------------------



Path 14: VIOLATED (-1377 ps) Setup Check with Pin u_core_u_drain_ctrl_emit_wr_data_q_reg[meta][nslow][3]/C->D
           View: wc_view
          Group: clk_sys
     Startpoint: (R) u_core_u_drain_ctrl_drain_ctx_q_reg[0]/C
          Clock: (R) clk_sys
       Endpoint: (R) u_core_u_drain_ctrl_emit_wr_data_q_reg[meta][nslow][3]/D
          Clock: (R) clk_sys

                     Capture       Launch     
        Clock Edge:+    6250            0     
       Src Latency:+       0            0     
       Net Latency:+       0 (I)        0 (I) 
           Arrival:=    6250            0     
                                              
             Setup:-     242                  
       Uncertainty:-     300                  
     Required Time:=    5708                  
      Launch Clock:-       0                  
         Data Path:-    7086                  
             Slack:=   -1377                  

Launch clock path:
#-----------------------------------------------------------------------------------------------------------------
#              Timing Point                Flags   Arc   Edge   Cell     Fanout Load Trans Delay Arrival Instance 
#                                                                               (fF)  (ps)  (ps)   (ps)  Location 
#-----------------------------------------------------------------------------------------------------------------
  clk_sys                                  (i)     -     R     (arrival)   4859  0.0     0     0       0    (-,-) 
  u_core_u_drain_ctrl_drain_ctx_q_reg[0]/C <<<     -     R     DFRSHDX2    4859    -   150     0       0    (-,-) 
#-----------------------------------------------------------------------------------------------------------------

#----------------------------------------------------------------------------------------------------------------------------------
#                      Timing Point                        Flags   Arc   Edge   Cell     Fanout  Load Trans Delay Arrival Instance 
#                                                                                                (fF)  (ps)  (ps)   (ps)  Location 
#----------------------------------------------------------------------------------------------------------------------------------
  u_core_u_drain_ctrl_drain_ctx_q_reg[0]/C                 -       -     R     (arrival)   4859     -   150     0       0    (-,-) 
  u_core_u_drain_ctrl_drain_ctx_q_reg[0]/Q                 -       C->Q  F     DFRSHDX2       2  52.7   320  1150    1150    (-,-) 
  fopt664/Q                                                -       A->Q  F     BUHDX6         6 191.2   256   511    1661    (-,-) 
  fopt661/Q                                                -       A->Q  F     BUHDX6         7 116.3   174   414    2075    (-,-) 
  fopt641/Q                                                -       A->Q  R     INHDX3         2  25.2   126   150    2225    (-,-) 
  g123836/Q                                                -       D->Q  F     ON22HDX2       1  13.7    80   537    2762    (-,-) 
  g245/Q                                                   -       B->Q  R     AN22HDX1       1  13.1   499   514    3276    (-,-) 
  g219/Q                                                   -       B->Q  R     AND4HDX1       1  15.4   224   622    3897    (-,-) 
  g216/Q                                                   -       C->Q  R     AND4HDX2       1  35.4   261   719    4616    (-,-) 
  g214/Q                                                   -       B->Q  F     NA2HDX4        2  37.4   156   190    4807    (-,-) 
  fopt203679/Q                                             -       A->Q  F     BUHDX3         3  55.4   167   363    5170    (-,-) 
  g191657/Q                                                -       C->Q  R     NA3I2HDX2      2  29.9   296   318    5488    (-,-) 
  g191608/Q                                                -       A->Q  R     NA22HDX4       2  56.7   249   459    5947    (-,-) 
  fopt203706/Q                                             -       A->Q  F     INHDX3         2  56.7   184   234    6180    (-,-) 
  fopt203705/Q                                             -       A->Q  F     BUHDX6        16 196.5   260   460    6640    (-,-) 
  g191517/Q                                                -       A->Q  R     ON21HDX1       1  11.1   393   446    7086    (-,-) 
  u_core_u_drain_ctrl_emit_wr_data_q_reg[meta][nslow][3]/D -       -     R     DFRHDX1        1     -     -     0    7086    (-,-) 
#----------------------------------------------------------------------------------------------------------------------------------

Capture clock path:
#---------------------------------------------------------------------------------------------------------------------------------
#                      Timing Point                        Flags   Arc   Edge   Cell     Fanout Load Trans Delay Arrival Instance 
#                                                                                               (fF)  (ps)  (ps)   (ps)  Location 
#---------------------------------------------------------------------------------------------------------------------------------
  clk_sys                                                  (i)     -     R     (arrival)   4859  0.0     0     0    6250    (-,-) 
  u_core_u_drain_ctrl_emit_wr_data_q_reg[meta][nslow][3]/C <<<     -     R     DFRHDX1     4859    -   150     0    6250    (-,-) 
#---------------------------------------------------------------------------------------------------------------------------------



Path 15: VIOLATED (-1377 ps) Setup Check with Pin u_core_u_drain_ctrl_emit_wr_data_q_reg[meta][nslow][2]/C->D
           View: wc_view
          Group: clk_sys
     Startpoint: (R) u_core_u_drain_ctrl_drain_ctx_q_reg[0]/C
          Clock: (R) clk_sys
       Endpoint: (R) u_core_u_drain_ctrl_emit_wr_data_q_reg[meta][nslow][2]/D
          Clock: (R) clk_sys

                     Capture       Launch     
        Clock Edge:+    6250            0     
       Src Latency:+       0            0     
       Net Latency:+       0 (I)        0 (I) 
           Arrival:=    6250            0     
                                              
             Setup:-     242                  
       Uncertainty:-     300                  
     Required Time:=    5708                  
      Launch Clock:-       0                  
         Data Path:-    7086                  
             Slack:=   -1377                  

Launch clock path:
#-----------------------------------------------------------------------------------------------------------------
#              Timing Point                Flags   Arc   Edge   Cell     Fanout Load Trans Delay Arrival Instance 
#                                                                               (fF)  (ps)  (ps)   (ps)  Location 
#-----------------------------------------------------------------------------------------------------------------
  clk_sys                                  (i)     -     R     (arrival)   4859  0.0     0     0       0    (-,-) 
  u_core_u_drain_ctrl_drain_ctx_q_reg[0]/C <<<     -     R     DFRSHDX2    4859    -   150     0       0    (-,-) 
#-----------------------------------------------------------------------------------------------------------------

#----------------------------------------------------------------------------------------------------------------------------------
#                      Timing Point                        Flags   Arc   Edge   Cell     Fanout  Load Trans Delay Arrival Instance 
#                                                                                                (fF)  (ps)  (ps)   (ps)  Location 
#----------------------------------------------------------------------------------------------------------------------------------
  u_core_u_drain_ctrl_drain_ctx_q_reg[0]/C                 -       -     R     (arrival)   4859     -   150     0       0    (-,-) 
  u_core_u_drain_ctrl_drain_ctx_q_reg[0]/Q                 -       C->Q  F     DFRSHDX2       2  52.7   320  1150    1150    (-,-) 
  fopt664/Q                                                -       A->Q  F     BUHDX6         6 191.2   256   511    1661    (-,-) 
  fopt661/Q                                                -       A->Q  F     BUHDX6         7 116.3   174   414    2075    (-,-) 
  fopt641/Q                                                -       A->Q  R     INHDX3         2  25.2   126   150    2225    (-,-) 
  g123836/Q                                                -       D->Q  F     ON22HDX2       1  13.7    80   537    2762    (-,-) 
  g245/Q                                                   -       B->Q  R     AN22HDX1       1  13.1   499   514    3276    (-,-) 
  g219/Q                                                   -       B->Q  R     AND4HDX1       1  15.4   224   622    3897    (-,-) 
  g216/Q                                                   -       C->Q  R     AND4HDX2       1  35.4   261   719    4616    (-,-) 
  g214/Q                                                   -       B->Q  F     NA2HDX4        2  37.4   156   190    4807    (-,-) 
  fopt203679/Q                                             -       A->Q  F     BUHDX3         3  55.4   167   363    5170    (-,-) 
  g191657/Q                                                -       C->Q  R     NA3I2HDX2      2  29.9   296   318    5488    (-,-) 
  g191608/Q                                                -       A->Q  R     NA22HDX4       2  56.7   249   459    5947    (-,-) 
  fopt203706/Q                                             -       A->Q  F     INHDX3         2  56.7   184   234    6180    (-,-) 
  fopt203705/Q                                             -       A->Q  F     BUHDX6        16 196.5   260   460    6640    (-,-) 
  g191516/Q                                                -       A->Q  R     ON21HDX1       1  11.1   393   446    7086    (-,-) 
  u_core_u_drain_ctrl_emit_wr_data_q_reg[meta][nslow][2]/D -       -     R     DFRHDX1        1     -     -     0    7086    (-,-) 
#----------------------------------------------------------------------------------------------------------------------------------

Capture clock path:
#---------------------------------------------------------------------------------------------------------------------------------
#                      Timing Point                        Flags   Arc   Edge   Cell     Fanout Load Trans Delay Arrival Instance 
#                                                                                               (fF)  (ps)  (ps)   (ps)  Location 
#---------------------------------------------------------------------------------------------------------------------------------
  clk_sys                                                  (i)     -     R     (arrival)   4859  0.0     0     0    6250    (-,-) 
  u_core_u_drain_ctrl_emit_wr_data_q_reg[meta][nslow][2]/C <<<     -     R     DFRHDX1     4859    -   150     0    6250    (-,-) 
#---------------------------------------------------------------------------------------------------------------------------------



Path 16: VIOLATED (-1377 ps) Setup Check with Pin u_core_u_drain_ctrl_emit_wr_data_q_reg[meta][nslow][1]/C->D
           View: wc_view
          Group: clk_sys
     Startpoint: (R) u_core_u_drain_ctrl_drain_ctx_q_reg[0]/C
          Clock: (R) clk_sys
       Endpoint: (R) u_core_u_drain_ctrl_emit_wr_data_q_reg[meta][nslow][1]/D
          Clock: (R) clk_sys

                     Capture       Launch     
        Clock Edge:+    6250            0     
       Src Latency:+       0            0     
       Net Latency:+       0 (I)        0 (I) 
           Arrival:=    6250            0     
                                              
             Setup:-     242                  
       Uncertainty:-     300                  
     Required Time:=    5708                  
      Launch Clock:-       0                  
         Data Path:-    7086                  
             Slack:=   -1377                  

Launch clock path:
#-----------------------------------------------------------------------------------------------------------------
#              Timing Point                Flags   Arc   Edge   Cell     Fanout Load Trans Delay Arrival Instance 
#                                                                               (fF)  (ps)  (ps)   (ps)  Location 
#-----------------------------------------------------------------------------------------------------------------
  clk_sys                                  (i)     -     R     (arrival)   4859  0.0     0     0       0    (-,-) 
  u_core_u_drain_ctrl_drain_ctx_q_reg[0]/C <<<     -     R     DFRSHDX2    4859    -   150     0       0    (-,-) 
#-----------------------------------------------------------------------------------------------------------------

#----------------------------------------------------------------------------------------------------------------------------------
#                      Timing Point                        Flags   Arc   Edge   Cell     Fanout  Load Trans Delay Arrival Instance 
#                                                                                                (fF)  (ps)  (ps)   (ps)  Location 
#----------------------------------------------------------------------------------------------------------------------------------
  u_core_u_drain_ctrl_drain_ctx_q_reg[0]/C                 -       -     R     (arrival)   4859     -   150     0       0    (-,-) 
  u_core_u_drain_ctrl_drain_ctx_q_reg[0]/Q                 -       C->Q  F     DFRSHDX2       2  52.7   320  1150    1150    (-,-) 
  fopt664/Q                                                -       A->Q  F     BUHDX6         6 191.2   256   511    1661    (-,-) 
  fopt661/Q                                                -       A->Q  F     BUHDX6         7 116.3   174   414    2075    (-,-) 
  fopt641/Q                                                -       A->Q  R     INHDX3         2  25.2   126   150    2225    (-,-) 
  g123836/Q                                                -       D->Q  F     ON22HDX2       1  13.7    80   537    2762    (-,-) 
  g245/Q                                                   -       B->Q  R     AN22HDX1       1  13.1   499   514    3276    (-,-) 
  g219/Q                                                   -       B->Q  R     AND4HDX1       1  15.4   224   622    3897    (-,-) 
  g216/Q                                                   -       C->Q  R     AND4HDX2       1  35.4   261   719    4616    (-,-) 
  g214/Q                                                   -       B->Q  F     NA2HDX4        2  37.4   156   190    4807    (-,-) 
  fopt203679/Q                                             -       A->Q  F     BUHDX3         3  55.4   167   363    5170    (-,-) 
  g191657/Q                                                -       C->Q  R     NA3I2HDX2      2  29.9   296   318    5488    (-,-) 
  g191608/Q                                                -       A->Q  R     NA22HDX4       2  56.7   249   459    5947    (-,-) 
  fopt203706/Q                                             -       A->Q  F     INHDX3         2  56.7   184   234    6180    (-,-) 
  fopt203705/Q                                             -       A->Q  F     BUHDX6        16 196.5   260   460    6640    (-,-) 
  g191515/Q                                                -       A->Q  R     ON21HDX1       1  11.1   393   446    7086    (-,-) 
  u_core_u_drain_ctrl_emit_wr_data_q_reg[meta][nslow][1]/D -       -     R     DFRHDX1        1     -     -     0    7086    (-,-) 
#----------------------------------------------------------------------------------------------------------------------------------

Capture clock path:
#---------------------------------------------------------------------------------------------------------------------------------
#                      Timing Point                        Flags   Arc   Edge   Cell     Fanout Load Trans Delay Arrival Instance 
#                                                                                               (fF)  (ps)  (ps)   (ps)  Location 
#---------------------------------------------------------------------------------------------------------------------------------
  clk_sys                                                  (i)     -     R     (arrival)   4859  0.0     0     0    6250    (-,-) 
  u_core_u_drain_ctrl_emit_wr_data_q_reg[meta][nslow][1]/C <<<     -     R     DFRHDX1     4859    -   150     0    6250    (-,-) 
#---------------------------------------------------------------------------------------------------------------------------------



Path 17: VIOLATED (-1377 ps) Setup Check with Pin u_core_u_drain_ctrl_emit_wr_data_q_reg[meta][nslow][0]/C->D
           View: wc_view
          Group: clk_sys
     Startpoint: (R) u_core_u_drain_ctrl_drain_ctx_q_reg[0]/C
          Clock: (R) clk_sys
       Endpoint: (R) u_core_u_drain_ctrl_emit_wr_data_q_reg[meta][nslow][0]/D
          Clock: (R) clk_sys

                     Capture       Launch     
        Clock Edge:+    6250            0     
       Src Latency:+       0            0     
       Net Latency:+       0 (I)        0 (I) 
           Arrival:=    6250            0     
                                              
             Setup:-     242                  
       Uncertainty:-     300                  
     Required Time:=    5708                  
      Launch Clock:-       0                  
         Data Path:-    7086                  
             Slack:=   -1377                  

Launch clock path:
#-----------------------------------------------------------------------------------------------------------------
#              Timing Point                Flags   Arc   Edge   Cell     Fanout Load Trans Delay Arrival Instance 
#                                                                               (fF)  (ps)  (ps)   (ps)  Location 
#-----------------------------------------------------------------------------------------------------------------
  clk_sys                                  (i)     -     R     (arrival)   4859  0.0     0     0       0    (-,-) 
  u_core_u_drain_ctrl_drain_ctx_q_reg[0]/C <<<     -     R     DFRSHDX2    4859    -   150     0       0    (-,-) 
#-----------------------------------------------------------------------------------------------------------------

#----------------------------------------------------------------------------------------------------------------------------------
#                      Timing Point                        Flags   Arc   Edge   Cell     Fanout  Load Trans Delay Arrival Instance 
#                                                                                                (fF)  (ps)  (ps)   (ps)  Location 
#----------------------------------------------------------------------------------------------------------------------------------
  u_core_u_drain_ctrl_drain_ctx_q_reg[0]/C                 -       -     R     (arrival)   4859     -   150     0       0    (-,-) 
  u_core_u_drain_ctrl_drain_ctx_q_reg[0]/Q                 -       C->Q  F     DFRSHDX2       2  52.7   320  1150    1150    (-,-) 
  fopt664/Q                                                -       A->Q  F     BUHDX6         6 191.2   256   511    1661    (-,-) 
  fopt661/Q                                                -       A->Q  F     BUHDX6         7 116.3   174   414    2075    (-,-) 
  fopt641/Q                                                -       A->Q  R     INHDX3         2  25.2   126   150    2225    (-,-) 
  g123836/Q                                                -       D->Q  F     ON22HDX2       1  13.7    80   537    2762    (-,-) 
  g245/Q                                                   -       B->Q  R     AN22HDX1       1  13.1   499   514    3276    (-,-) 
  g219/Q                                                   -       B->Q  R     AND4HDX1       1  15.4   224   622    3897    (-,-) 
  g216/Q                                                   -       C->Q  R     AND4HDX2       1  35.4   261   719    4616    (-,-) 
  g214/Q                                                   -       B->Q  F     NA2HDX4        2  37.4   156   190    4807    (-,-) 
  fopt203679/Q                                             -       A->Q  F     BUHDX3         3  55.4   167   363    5170    (-,-) 
  g191657/Q                                                -       C->Q  R     NA3I2HDX2      2  29.9   296   318    5488    (-,-) 
  g191608/Q                                                -       A->Q  R     NA22HDX4       2  56.7   249   459    5947    (-,-) 
  fopt203706/Q                                             -       A->Q  F     INHDX3         2  56.7   184   234    6180    (-,-) 
  fopt203705/Q                                             -       A->Q  F     BUHDX6        16 196.5   260   460    6640    (-,-) 
  g191514/Q                                                -       A->Q  R     ON21HDX1       1  11.1   393   446    7086    (-,-) 
  u_core_u_drain_ctrl_emit_wr_data_q_reg[meta][nslow][0]/D -       -     R     DFRHDX1        1     -     -     0    7086    (-,-) 
#----------------------------------------------------------------------------------------------------------------------------------

Capture clock path:
#---------------------------------------------------------------------------------------------------------------------------------
#                      Timing Point                        Flags   Arc   Edge   Cell     Fanout Load Trans Delay Arrival Instance 
#                                                                                               (fF)  (ps)  (ps)   (ps)  Location 
#---------------------------------------------------------------------------------------------------------------------------------
  clk_sys                                                  (i)     -     R     (arrival)   4859  0.0     0     0    6250    (-,-) 
  u_core_u_drain_ctrl_emit_wr_data_q_reg[meta][nslow][0]/C <<<     -     R     DFRHDX1     4859    -   150     0    6250    (-,-) 
#---------------------------------------------------------------------------------------------------------------------------------



Path 18: VIOLATED (-1377 ps) Setup Check with Pin u_core_u_drain_ctrl_emit_wr_data_q_reg[meta][nfast][6]/C->D
           View: wc_view
          Group: clk_sys
     Startpoint: (R) u_core_u_drain_ctrl_drain_ctx_q_reg[0]/C
          Clock: (R) clk_sys
       Endpoint: (R) u_core_u_drain_ctrl_emit_wr_data_q_reg[meta][nfast][6]/D
          Clock: (R) clk_sys

                     Capture       Launch     
        Clock Edge:+    6250            0     
       Src Latency:+       0            0     
       Net Latency:+       0 (I)        0 (I) 
           Arrival:=    6250            0     
                                              
             Setup:-     242                  
       Uncertainty:-     300                  
     Required Time:=    5708                  
      Launch Clock:-       0                  
         Data Path:-    7086                  
             Slack:=   -1377                  

Launch clock path:
#-----------------------------------------------------------------------------------------------------------------
#              Timing Point                Flags   Arc   Edge   Cell     Fanout Load Trans Delay Arrival Instance 
#                                                                               (fF)  (ps)  (ps)   (ps)  Location 
#-----------------------------------------------------------------------------------------------------------------
  clk_sys                                  (i)     -     R     (arrival)   4859  0.0     0     0       0    (-,-) 
  u_core_u_drain_ctrl_drain_ctx_q_reg[0]/C <<<     -     R     DFRSHDX2    4859    -   150     0       0    (-,-) 
#-----------------------------------------------------------------------------------------------------------------

#----------------------------------------------------------------------------------------------------------------------------------
#                      Timing Point                        Flags   Arc   Edge   Cell     Fanout  Load Trans Delay Arrival Instance 
#                                                                                                (fF)  (ps)  (ps)   (ps)  Location 
#----------------------------------------------------------------------------------------------------------------------------------
  u_core_u_drain_ctrl_drain_ctx_q_reg[0]/C                 -       -     R     (arrival)   4859     -   150     0       0    (-,-) 
  u_core_u_drain_ctrl_drain_ctx_q_reg[0]/Q                 -       C->Q  F     DFRSHDX2       2  52.7   320  1150    1150    (-,-) 
  fopt664/Q                                                -       A->Q  F     BUHDX6         6 191.2   256   511    1661    (-,-) 
  fopt661/Q                                                -       A->Q  F     BUHDX6         7 116.3   174   414    2075    (-,-) 
  fopt641/Q                                                -       A->Q  R     INHDX3         2  25.2   126   150    2225    (-,-) 
  g123836/Q                                                -       D->Q  F     ON22HDX2       1  13.7    80   537    2762    (-,-) 
  g245/Q                                                   -       B->Q  R     AN22HDX1       1  13.1   499   514    3276    (-,-) 
  g219/Q                                                   -       B->Q  R     AND4HDX1       1  15.4   224   622    3897    (-,-) 
  g216/Q                                                   -       C->Q  R     AND4HDX2       1  35.4   261   719    4616    (-,-) 
  g214/Q                                                   -       B->Q  F     NA2HDX4        2  37.4   156   190    4807    (-,-) 
  fopt203679/Q                                             -       A->Q  F     BUHDX3         3  55.4   167   363    5170    (-,-) 
  g191657/Q                                                -       C->Q  R     NA3I2HDX2      2  29.9   296   318    5488    (-,-) 
  g191608/Q                                                -       A->Q  R     NA22HDX4       2  56.7   249   459    5947    (-,-) 
  fopt203706/Q                                             -       A->Q  F     INHDX3         2  56.7   184   234    6180    (-,-) 
  fopt203705/Q                                             -       A->Q  F     BUHDX6        16 196.5   260   460    6640    (-,-) 
  g191513/Q                                                -       A->Q  R     ON21HDX1       1  11.1   393   446    7086    (-,-) 
  u_core_u_drain_ctrl_emit_wr_data_q_reg[meta][nfast][6]/D -       -     R     DFRHDX1        1     -     -     0    7086    (-,-) 
#----------------------------------------------------------------------------------------------------------------------------------

Capture clock path:
#---------------------------------------------------------------------------------------------------------------------------------
#                      Timing Point                        Flags   Arc   Edge   Cell     Fanout Load Trans Delay Arrival Instance 
#                                                                                               (fF)  (ps)  (ps)   (ps)  Location 
#---------------------------------------------------------------------------------------------------------------------------------
  clk_sys                                                  (i)     -     R     (arrival)   4859  0.0     0     0    6250    (-,-) 
  u_core_u_drain_ctrl_emit_wr_data_q_reg[meta][nfast][6]/C <<<     -     R     DFRHDX1     4859    -   150     0    6250    (-,-) 
#---------------------------------------------------------------------------------------------------------------------------------



Path 19: VIOLATED (-1377 ps) Setup Check with Pin u_core_u_drain_ctrl_emit_wr_data_q_reg[meta][nfast][5]/C->D
           View: wc_view
          Group: clk_sys
     Startpoint: (R) u_core_u_drain_ctrl_drain_ctx_q_reg[0]/C
          Clock: (R) clk_sys
       Endpoint: (R) u_core_u_drain_ctrl_emit_wr_data_q_reg[meta][nfast][5]/D
          Clock: (R) clk_sys

                     Capture       Launch     
        Clock Edge:+    6250            0     
       Src Latency:+       0            0     
       Net Latency:+       0 (I)        0 (I) 
           Arrival:=    6250            0     
                                              
             Setup:-     242                  
       Uncertainty:-     300                  
     Required Time:=    5708                  
      Launch Clock:-       0                  
         Data Path:-    7086                  
             Slack:=   -1377                  

Launch clock path:
#-----------------------------------------------------------------------------------------------------------------
#              Timing Point                Flags   Arc   Edge   Cell     Fanout Load Trans Delay Arrival Instance 
#                                                                               (fF)  (ps)  (ps)   (ps)  Location 
#-----------------------------------------------------------------------------------------------------------------
  clk_sys                                  (i)     -     R     (arrival)   4859  0.0     0     0       0    (-,-) 
  u_core_u_drain_ctrl_drain_ctx_q_reg[0]/C <<<     -     R     DFRSHDX2    4859    -   150     0       0    (-,-) 
#-----------------------------------------------------------------------------------------------------------------

#----------------------------------------------------------------------------------------------------------------------------------
#                      Timing Point                        Flags   Arc   Edge   Cell     Fanout  Load Trans Delay Arrival Instance 
#                                                                                                (fF)  (ps)  (ps)   (ps)  Location 
#----------------------------------------------------------------------------------------------------------------------------------
  u_core_u_drain_ctrl_drain_ctx_q_reg[0]/C                 -       -     R     (arrival)   4859     -   150     0       0    (-,-) 
  u_core_u_drain_ctrl_drain_ctx_q_reg[0]/Q                 -       C->Q  F     DFRSHDX2       2  52.7   320  1150    1150    (-,-) 
  fopt664/Q                                                -       A->Q  F     BUHDX6         6 191.2   256   511    1661    (-,-) 
  fopt661/Q                                                -       A->Q  F     BUHDX6         7 116.3   174   414    2075    (-,-) 
  fopt641/Q                                                -       A->Q  R     INHDX3         2  25.2   126   150    2225    (-,-) 
  g123836/Q                                                -       D->Q  F     ON22HDX2       1  13.7    80   537    2762    (-,-) 
  g245/Q                                                   -       B->Q  R     AN22HDX1       1  13.1   499   514    3276    (-,-) 
  g219/Q                                                   -       B->Q  R     AND4HDX1       1  15.4   224   622    3897    (-,-) 
  g216/Q                                                   -       C->Q  R     AND4HDX2       1  35.4   261   719    4616    (-,-) 
  g214/Q                                                   -       B->Q  F     NA2HDX4        2  37.4   156   190    4807    (-,-) 
  fopt203679/Q                                             -       A->Q  F     BUHDX3         3  55.4   167   363    5170    (-,-) 
  g191657/Q                                                -       C->Q  R     NA3I2HDX2      2  29.9   296   318    5488    (-,-) 
  g191608/Q                                                -       A->Q  R     NA22HDX4       2  56.7   249   459    5947    (-,-) 
  fopt203706/Q                                             -       A->Q  F     INHDX3         2  56.7   184   234    6180    (-,-) 
  fopt203705/Q                                             -       A->Q  F     BUHDX6        16 196.5   260   460    6640    (-,-) 
  g191512/Q                                                -       A->Q  R     ON21HDX1       1  11.1   393   446    7086    (-,-) 
  u_core_u_drain_ctrl_emit_wr_data_q_reg[meta][nfast][5]/D -       -     R     DFRHDX1        1     -     -     0    7086    (-,-) 
#----------------------------------------------------------------------------------------------------------------------------------

Capture clock path:
#---------------------------------------------------------------------------------------------------------------------------------
#                      Timing Point                        Flags   Arc   Edge   Cell     Fanout Load Trans Delay Arrival Instance 
#                                                                                               (fF)  (ps)  (ps)   (ps)  Location 
#---------------------------------------------------------------------------------------------------------------------------------
  clk_sys                                                  (i)     -     R     (arrival)   4859  0.0     0     0    6250    (-,-) 
  u_core_u_drain_ctrl_emit_wr_data_q_reg[meta][nfast][5]/C <<<     -     R     DFRHDX1     4859    -   150     0    6250    (-,-) 
#---------------------------------------------------------------------------------------------------------------------------------



Path 20: VIOLATED (-1377 ps) Setup Check with Pin u_core_u_drain_ctrl_emit_wr_data_q_reg[meta][nfast][4]/C->D
           View: wc_view
          Group: clk_sys
     Startpoint: (R) u_core_u_drain_ctrl_drain_ctx_q_reg[0]/C
          Clock: (R) clk_sys
       Endpoint: (R) u_core_u_drain_ctrl_emit_wr_data_q_reg[meta][nfast][4]/D
          Clock: (R) clk_sys

                     Capture       Launch     
        Clock Edge:+    6250            0     
       Src Latency:+       0            0     
       Net Latency:+       0 (I)        0 (I) 
           Arrival:=    6250            0     
                                              
             Setup:-     242                  
       Uncertainty:-     300                  
     Required Time:=    5708                  
      Launch Clock:-       0                  
         Data Path:-    7086                  
             Slack:=   -1377                  

Launch clock path:
#-----------------------------------------------------------------------------------------------------------------
#              Timing Point                Flags   Arc   Edge   Cell     Fanout Load Trans Delay Arrival Instance 
#                                                                               (fF)  (ps)  (ps)   (ps)  Location 
#-----------------------------------------------------------------------------------------------------------------
  clk_sys                                  (i)     -     R     (arrival)   4859  0.0     0     0       0    (-,-) 
  u_core_u_drain_ctrl_drain_ctx_q_reg[0]/C <<<     -     R     DFRSHDX2    4859    -   150     0       0    (-,-) 
#-----------------------------------------------------------------------------------------------------------------

#----------------------------------------------------------------------------------------------------------------------------------
#                      Timing Point                        Flags   Arc   Edge   Cell     Fanout  Load Trans Delay Arrival Instance 
#                                                                                                (fF)  (ps)  (ps)   (ps)  Location 
#----------------------------------------------------------------------------------------------------------------------------------
  u_core_u_drain_ctrl_drain_ctx_q_reg[0]/C                 -       -     R     (arrival)   4859     -   150     0       0    (-,-) 
  u_core_u_drain_ctrl_drain_ctx_q_reg[0]/Q                 -       C->Q  F     DFRSHDX2       2  52.7   320  1150    1150    (-,-) 
  fopt664/Q                                                -       A->Q  F     BUHDX6         6 191.2   256   511    1661    (-,-) 
  fopt661/Q                                                -       A->Q  F     BUHDX6         7 116.3   174   414    2075    (-,-) 
  fopt641/Q                                                -       A->Q  R     INHDX3         2  25.2   126   150    2225    (-,-) 
  g123836/Q                                                -       D->Q  F     ON22HDX2       1  13.7    80   537    2762    (-,-) 
  g245/Q                                                   -       B->Q  R     AN22HDX1       1  13.1   499   514    3276    (-,-) 
  g219/Q                                                   -       B->Q  R     AND4HDX1       1  15.4   224   622    3897    (-,-) 
  g216/Q                                                   -       C->Q  R     AND4HDX2       1  35.4   261   719    4616    (-,-) 
  g214/Q                                                   -       B->Q  F     NA2HDX4        2  37.4   156   190    4807    (-,-) 
  fopt203679/Q                                             -       A->Q  F     BUHDX3         3  55.4   167   363    5170    (-,-) 
  g191657/Q                                                -       C->Q  R     NA3I2HDX2      2  29.9   296   318    5488    (-,-) 
  g191608/Q                                                -       A->Q  R     NA22HDX4       2  56.7   249   459    5947    (-,-) 
  fopt203706/Q                                             -       A->Q  F     INHDX3         2  56.7   184   234    6180    (-,-) 
  fopt203705/Q                                             -       A->Q  F     BUHDX6        16 196.5   260   460    6640    (-,-) 
  g191511/Q                                                -       A->Q  R     ON21HDX1       1  11.1   393   446    7086    (-,-) 
  u_core_u_drain_ctrl_emit_wr_data_q_reg[meta][nfast][4]/D -       -     R     DFRHDX1        1     -     -     0    7086    (-,-) 
#----------------------------------------------------------------------------------------------------------------------------------

Capture clock path:
#---------------------------------------------------------------------------------------------------------------------------------
#                      Timing Point                        Flags   Arc   Edge   Cell     Fanout Load Trans Delay Arrival Instance 
#                                                                                               (fF)  (ps)  (ps)   (ps)  Location 
#---------------------------------------------------------------------------------------------------------------------------------
  clk_sys                                                  (i)     -     R     (arrival)   4859  0.0     0     0    6250    (-,-) 
  u_core_u_drain_ctrl_emit_wr_data_q_reg[meta][nfast][4]/C <<<     -     R     DFRHDX1     4859    -   150     0    6250    (-,-) 
#---------------------------------------------------------------------------------------------------------------------------------



Path 21: VIOLATED (-1377 ps) Setup Check with Pin u_core_u_drain_ctrl_emit_wr_data_q_reg[meta][hit_count][1]/C->D
           View: wc_view
          Group: clk_sys
     Startpoint: (R) u_core_u_drain_ctrl_drain_ctx_q_reg[0]/C
          Clock: (R) clk_sys
       Endpoint: (R) u_core_u_drain_ctrl_emit_wr_data_q_reg[meta][hit_count][1]/D
          Clock: (R) clk_sys

                     Capture       Launch     
        Clock Edge:+    6250            0     
       Src Latency:+       0            0     
       Net Latency:+       0 (I)        0 (I) 
           Arrival:=    6250            0     
                                              
             Setup:-     242                  
       Uncertainty:-     300                  
     Required Time:=    5708                  
      Launch Clock:-       0                  
         Data Path:-    7086                  
             Slack:=   -1377                  

Launch clock path:
#-----------------------------------------------------------------------------------------------------------------
#              Timing Point                Flags   Arc   Edge   Cell     Fanout Load Trans Delay Arrival Instance 
#                                                                               (fF)  (ps)  (ps)   (ps)  Location 
#-----------------------------------------------------------------------------------------------------------------
  clk_sys                                  (i)     -     R     (arrival)   4859  0.0     0     0       0    (-,-) 
  u_core_u_drain_ctrl_drain_ctx_q_reg[0]/C <<<     -     R     DFRSHDX2    4859    -   150     0       0    (-,-) 
#-----------------------------------------------------------------------------------------------------------------

#--------------------------------------------------------------------------------------------------------------------------------------
#                        Timing Point                          Flags   Arc   Edge   Cell     Fanout  Load Trans Delay Arrival Instance 
#                                                                                                    (fF)  (ps)  (ps)   (ps)  Location 
#--------------------------------------------------------------------------------------------------------------------------------------
  u_core_u_drain_ctrl_drain_ctx_q_reg[0]/C                     -       -     R     (arrival)   4859     -   150     0       0    (-,-) 
  u_core_u_drain_ctrl_drain_ctx_q_reg[0]/Q                     -       C->Q  F     DFRSHDX2       2  52.7   320  1150    1150    (-,-) 
  fopt664/Q                                                    -       A->Q  F     BUHDX6         6 191.2   256   511    1661    (-,-) 
  fopt661/Q                                                    -       A->Q  F     BUHDX6         7 116.3   174   414    2075    (-,-) 
  fopt641/Q                                                    -       A->Q  R     INHDX3         2  25.2   126   150    2225    (-,-) 
  g123836/Q                                                    -       D->Q  F     ON22HDX2       1  13.7    80   537    2762    (-,-) 
  g245/Q                                                       -       B->Q  R     AN22HDX1       1  13.1   499   514    3276    (-,-) 
  g219/Q                                                       -       B->Q  R     AND4HDX1       1  15.4   224   622    3897    (-,-) 
  g216/Q                                                       -       C->Q  R     AND4HDX2       1  35.4   261   719    4616    (-,-) 
  g214/Q                                                       -       B->Q  F     NA2HDX4        2  37.4   156   190    4807    (-,-) 
  fopt203679/Q                                                 -       A->Q  F     BUHDX3         3  55.4   167   363    5170    (-,-) 
  g191657/Q                                                    -       C->Q  R     NA3I2HDX2      2  29.9   296   318    5488    (-,-) 
  g191608/Q                                                    -       A->Q  R     NA22HDX4       2  56.7   249   459    5947    (-,-) 
  fopt203706/Q                                                 -       A->Q  F     INHDX3         2  56.7   184   234    6180    (-,-) 
  fopt203705/Q                                                 -       A->Q  F     BUHDX6        16 196.5   260   460    6640    (-,-) 
  g191505/Q                                                    -       A->Q  R     ON21HDX1       1  11.1   393   446    7086    (-,-) 
  u_core_u_drain_ctrl_emit_wr_data_q_reg[meta][hit_count][1]/D -       -     R     DFRHDX1        1     -     -     0    7086    (-,-) 
#--------------------------------------------------------------------------------------------------------------------------------------

Capture clock path:
#-------------------------------------------------------------------------------------------------------------------------------------
#                        Timing Point                          Flags   Arc   Edge   Cell     Fanout Load Trans Delay Arrival Instance 
#                                                                                                   (fF)  (ps)  (ps)   (ps)  Location 
#-------------------------------------------------------------------------------------------------------------------------------------
  clk_sys                                                      (i)     -     R     (arrival)   4859  0.0     0     0    6250    (-,-) 
  u_core_u_drain_ctrl_emit_wr_data_q_reg[meta][hit_count][1]/C <<<     -     R     DFRHDX1     4859    -   150     0    6250    (-,-) 
#-------------------------------------------------------------------------------------------------------------------------------------



Path 22: VIOLATED (-1377 ps) Setup Check with Pin u_core_u_drain_ctrl_emit_wr_data_q_reg[meta][hit_count][0]/C->D
           View: wc_view
          Group: clk_sys
     Startpoint: (R) u_core_u_drain_ctrl_drain_ctx_q_reg[0]/C
          Clock: (R) clk_sys
       Endpoint: (R) u_core_u_drain_ctrl_emit_wr_data_q_reg[meta][hit_count][0]/D
          Clock: (R) clk_sys

                     Capture       Launch     
        Clock Edge:+    6250            0     
       Src Latency:+       0            0     
       Net Latency:+       0 (I)        0 (I) 
           Arrival:=    6250            0     
                                              
             Setup:-     242                  
       Uncertainty:-     300                  
     Required Time:=    5708                  
      Launch Clock:-       0                  
         Data Path:-    7086                  
             Slack:=   -1377                  

Launch clock path:
#-----------------------------------------------------------------------------------------------------------------
#              Timing Point                Flags   Arc   Edge   Cell     Fanout Load Trans Delay Arrival Instance 
#                                                                               (fF)  (ps)  (ps)   (ps)  Location 
#-----------------------------------------------------------------------------------------------------------------
  clk_sys                                  (i)     -     R     (arrival)   4859  0.0     0     0       0    (-,-) 
  u_core_u_drain_ctrl_drain_ctx_q_reg[0]/C <<<     -     R     DFRSHDX2    4859    -   150     0       0    (-,-) 
#-----------------------------------------------------------------------------------------------------------------

#--------------------------------------------------------------------------------------------------------------------------------------
#                        Timing Point                          Flags   Arc   Edge   Cell     Fanout  Load Trans Delay Arrival Instance 
#                                                                                                    (fF)  (ps)  (ps)   (ps)  Location 
#--------------------------------------------------------------------------------------------------------------------------------------
  u_core_u_drain_ctrl_drain_ctx_q_reg[0]/C                     -       -     R     (arrival)   4859     -   150     0       0    (-,-) 
  u_core_u_drain_ctrl_drain_ctx_q_reg[0]/Q                     -       C->Q  F     DFRSHDX2       2  52.7   320  1150    1150    (-,-) 
  fopt664/Q                                                    -       A->Q  F     BUHDX6         6 191.2   256   511    1661    (-,-) 
  fopt661/Q                                                    -       A->Q  F     BUHDX6         7 116.3   174   414    2075    (-,-) 
  fopt641/Q                                                    -       A->Q  R     INHDX3         2  25.2   126   150    2225    (-,-) 
  g123836/Q                                                    -       D->Q  F     ON22HDX2       1  13.7    80   537    2762    (-,-) 
  g245/Q                                                       -       B->Q  R     AN22HDX1       1  13.1   499   514    3276    (-,-) 
  g219/Q                                                       -       B->Q  R     AND4HDX1       1  15.4   224   622    3897    (-,-) 
  g216/Q                                                       -       C->Q  R     AND4HDX2       1  35.4   261   719    4616    (-,-) 
  g214/Q                                                       -       B->Q  F     NA2HDX4        2  37.4   156   190    4807    (-,-) 
  fopt203679/Q                                                 -       A->Q  F     BUHDX3         3  55.4   167   363    5170    (-,-) 
  g191657/Q                                                    -       C->Q  R     NA3I2HDX2      2  29.9   296   318    5488    (-,-) 
  g191608/Q                                                    -       A->Q  R     NA22HDX4       2  56.7   249   459    5947    (-,-) 
  fopt203706/Q                                                 -       A->Q  F     INHDX3         2  56.7   184   234    6180    (-,-) 
  fopt203705/Q                                                 -       A->Q  F     BUHDX6        16 196.5   260   460    6640    (-,-) 
  g191504/Q                                                    -       A->Q  R     ON21HDX1       1  11.1   393   446    7086    (-,-) 
  u_core_u_drain_ctrl_emit_wr_data_q_reg[meta][hit_count][0]/D -       -     R     DFRHDX1        1     -     -     0    7086    (-,-) 
#--------------------------------------------------------------------------------------------------------------------------------------

Capture clock path:
#-------------------------------------------------------------------------------------------------------------------------------------
#                        Timing Point                          Flags   Arc   Edge   Cell     Fanout Load Trans Delay Arrival Instance 
#                                                                                                   (fF)  (ps)  (ps)   (ps)  Location 
#-------------------------------------------------------------------------------------------------------------------------------------
  clk_sys                                                      (i)     -     R     (arrival)   4859  0.0     0     0    6250    (-,-) 
  u_core_u_drain_ctrl_emit_wr_data_q_reg[meta][hit_count][0]/C <<<     -     R     DFRHDX1     4859    -   150     0    6250    (-,-) 
#-------------------------------------------------------------------------------------------------------------------------------------



Path 23: VIOLATED (-1377 ps) Setup Check with Pin u_core_u_drain_ctrl_emit_wr_data_q_reg[meta][flags][closed_by_watchdog]/C->D
           View: wc_view
          Group: clk_sys
     Startpoint: (R) u_core_u_drain_ctrl_drain_ctx_q_reg[0]/C
          Clock: (R) clk_sys
       Endpoint: (R) u_core_u_drain_ctrl_emit_wr_data_q_reg[meta][flags][closed_by_watchdog]/D
          Clock: (R) clk_sys

                     Capture       Launch     
        Clock Edge:+    6250            0     
       Src Latency:+       0            0     
       Net Latency:+       0 (I)        0 (I) 
           Arrival:=    6250            0     
                                              
             Setup:-     242                  
       Uncertainty:-     300                  
     Required Time:=    5708                  
      Launch Clock:-       0                  
         Data Path:-    7086                  
             Slack:=   -1377                  

Launch clock path:
#-----------------------------------------------------------------------------------------------------------------
#              Timing Point                Flags   Arc   Edge   Cell     Fanout Load Trans Delay Arrival Instance 
#                                                                               (fF)  (ps)  (ps)   (ps)  Location 
#-----------------------------------------------------------------------------------------------------------------
  clk_sys                                  (i)     -     R     (arrival)   4859  0.0     0     0       0    (-,-) 
  u_core_u_drain_ctrl_drain_ctx_q_reg[0]/C <<<     -     R     DFRSHDX2    4859    -   150     0       0    (-,-) 
#-----------------------------------------------------------------------------------------------------------------

#---------------------------------------------------------------------------------------------------------------------------------------------------
#                               Timing Point                                Flags   Arc   Edge   Cell     Fanout  Load Trans Delay Arrival Instance 
#                                                                                                                 (fF)  (ps)  (ps)   (ps)  Location 
#---------------------------------------------------------------------------------------------------------------------------------------------------
  u_core_u_drain_ctrl_drain_ctx_q_reg[0]/C                                  -       -     R     (arrival)   4859     -   150     0       0    (-,-) 
  u_core_u_drain_ctrl_drain_ctx_q_reg[0]/Q                                  -       C->Q  F     DFRSHDX2       2  52.7   320  1150    1150    (-,-) 
  fopt664/Q                                                                 -       A->Q  F     BUHDX6         6 191.2   256   511    1661    (-,-) 
  fopt661/Q                                                                 -       A->Q  F     BUHDX6         7 116.3   174   414    2075    (-,-) 
  fopt641/Q                                                                 -       A->Q  R     INHDX3         2  25.2   126   150    2225    (-,-) 
  g123836/Q                                                                 -       D->Q  F     ON22HDX2       1  13.7    80   537    2762    (-,-) 
  g245/Q                                                                    -       B->Q  R     AN22HDX1       1  13.1   499   514    3276    (-,-) 
  g219/Q                                                                    -       B->Q  R     AND4HDX1       1  15.4   224   622    3897    (-,-) 
  g216/Q                                                                    -       C->Q  R     AND4HDX2       1  35.4   261   719    4616    (-,-) 
  g214/Q                                                                    -       B->Q  F     NA2HDX4        2  37.4   156   190    4807    (-,-) 
  fopt203679/Q                                                              -       A->Q  F     BUHDX3         3  55.4   167   363    5170    (-,-) 
  g191657/Q                                                                 -       C->Q  R     NA3I2HDX2      2  29.9   296   318    5488    (-,-) 
  g191608/Q                                                                 -       A->Q  R     NA22HDX4       2  56.7   249   459    5947    (-,-) 
  fopt203706/Q                                                              -       A->Q  F     INHDX3         2  56.7   184   234    6180    (-,-) 
  fopt203705/Q                                                              -       A->Q  F     BUHDX6        16 196.5   260   460    6640    (-,-) 
  g191503/Q                                                                 -       A->Q  R     ON21HDX1       1  11.1   393   446    7086    (-,-) 
  u_core_u_drain_ctrl_emit_wr_data_q_reg[meta][flags][closed_by_watchdog]/D -       -     R     DFRHDX1        1     -     -     0    7086    (-,-) 
#---------------------------------------------------------------------------------------------------------------------------------------------------

Capture clock path:
#--------------------------------------------------------------------------------------------------------------------------------------------------
#                               Timing Point                                Flags   Arc   Edge   Cell     Fanout Load Trans Delay Arrival Instance 
#                                                                                                                (fF)  (ps)  (ps)   (ps)  Location 
#--------------------------------------------------------------------------------------------------------------------------------------------------
  clk_sys                                                                   (i)     -     R     (arrival)   4859  0.0     0     0    6250    (-,-) 
  u_core_u_drain_ctrl_emit_wr_data_q_reg[meta][flags][closed_by_watchdog]/C <<<     -     R     DFRHDX1     4859    -   150     0    6250    (-,-) 
#--------------------------------------------------------------------------------------------------------------------------------------------------



Path 24: VIOLATED (-1377 ps) Setup Check with Pin u_core_u_drain_ctrl_emit_wr_data_q_reg[meta][flags][closed_by_maxhits]/C->D
           View: wc_view
          Group: clk_sys
     Startpoint: (R) u_core_u_drain_ctrl_drain_ctx_q_reg[0]/C
          Clock: (R) clk_sys
       Endpoint: (R) u_core_u_drain_ctrl_emit_wr_data_q_reg[meta][flags][closed_by_maxhits]/D
          Clock: (R) clk_sys

                     Capture       Launch     
        Clock Edge:+    6250            0     
       Src Latency:+       0            0     
       Net Latency:+       0 (I)        0 (I) 
           Arrival:=    6250            0     
                                              
             Setup:-     242                  
       Uncertainty:-     300                  
     Required Time:=    5708                  
      Launch Clock:-       0                  
         Data Path:-    7086                  
             Slack:=   -1377                  

Launch clock path:
#-----------------------------------------------------------------------------------------------------------------
#              Timing Point                Flags   Arc   Edge   Cell     Fanout Load Trans Delay Arrival Instance 
#                                                                               (fF)  (ps)  (ps)   (ps)  Location 
#-----------------------------------------------------------------------------------------------------------------
  clk_sys                                  (i)     -     R     (arrival)   4859  0.0     0     0       0    (-,-) 
  u_core_u_drain_ctrl_drain_ctx_q_reg[0]/C <<<     -     R     DFRSHDX2    4859    -   150     0       0    (-,-) 
#-----------------------------------------------------------------------------------------------------------------

#--------------------------------------------------------------------------------------------------------------------------------------------------
#                              Timing Point                                Flags   Arc   Edge   Cell     Fanout  Load Trans Delay Arrival Instance 
#                                                                                                                (fF)  (ps)  (ps)   (ps)  Location 
#--------------------------------------------------------------------------------------------------------------------------------------------------
  u_core_u_drain_ctrl_drain_ctx_q_reg[0]/C                                 -       -     R     (arrival)   4859     -   150     0       0    (-,-) 
  u_core_u_drain_ctrl_drain_ctx_q_reg[0]/Q                                 -       C->Q  F     DFRSHDX2       2  52.7   320  1150    1150    (-,-) 
  fopt664/Q                                                                -       A->Q  F     BUHDX6         6 191.2   256   511    1661    (-,-) 
  fopt661/Q                                                                -       A->Q  F     BUHDX6         7 116.3   174   414    2075    (-,-) 
  fopt641/Q                                                                -       A->Q  R     INHDX3         2  25.2   126   150    2225    (-,-) 
  g123836/Q                                                                -       D->Q  F     ON22HDX2       1  13.7    80   537    2762    (-,-) 
  g245/Q                                                                   -       B->Q  R     AN22HDX1       1  13.1   499   514    3276    (-,-) 
  g219/Q                                                                   -       B->Q  R     AND4HDX1       1  15.4   224   622    3897    (-,-) 
  g216/Q                                                                   -       C->Q  R     AND4HDX2       1  35.4   261   719    4616    (-,-) 
  g214/Q                                                                   -       B->Q  F     NA2HDX4        2  37.4   156   190    4807    (-,-) 
  fopt203679/Q                                                             -       A->Q  F     BUHDX3         3  55.4   167   363    5170    (-,-) 
  g191657/Q                                                                -       C->Q  R     NA3I2HDX2      2  29.9   296   318    5488    (-,-) 
  g191608/Q                                                                -       A->Q  R     NA22HDX4       2  56.7   249   459    5947    (-,-) 
  fopt203706/Q                                                             -       A->Q  F     INHDX3         2  56.7   184   234    6180    (-,-) 
  fopt203705/Q                                                             -       A->Q  F     BUHDX6        16 196.5   260   460    6640    (-,-) 
  g191502/Q                                                                -       A->Q  R     ON21HDX1       1  11.1   393   446    7086    (-,-) 
  u_core_u_drain_ctrl_emit_wr_data_q_reg[meta][flags][closed_by_maxhits]/D -       -     R     DFRHDX1        1     -     -     0    7086    (-,-) 
#--------------------------------------------------------------------------------------------------------------------------------------------------

Capture clock path:
#-------------------------------------------------------------------------------------------------------------------------------------------------
#                              Timing Point                                Flags   Arc   Edge   Cell     Fanout Load Trans Delay Arrival Instance 
#                                                                                                               (fF)  (ps)  (ps)   (ps)  Location 
#-------------------------------------------------------------------------------------------------------------------------------------------------
  clk_sys                                                                  (i)     -     R     (arrival)   4859  0.0     0     0    6250    (-,-) 
  u_core_u_drain_ctrl_emit_wr_data_q_reg[meta][flags][closed_by_maxhits]/C <<<     -     R     DFRHDX1     4859    -   150     0    6250    (-,-) 
#-------------------------------------------------------------------------------------------------------------------------------------------------



Path 25: VIOLATED (-1377 ps) Setup Check with Pin u_core_u_drain_ctrl_emit_wr_data_q_reg[meta][flags][closed_by_fast_maxhit]/C->D
           View: wc_view
          Group: clk_sys
     Startpoint: (R) u_core_u_drain_ctrl_drain_ctx_q_reg[0]/C
          Clock: (R) clk_sys
       Endpoint: (R) u_core_u_drain_ctrl_emit_wr_data_q_reg[meta][flags][closed_by_fast_maxhit]/D
          Clock: (R) clk_sys

                     Capture       Launch     
        Clock Edge:+    6250            0     
       Src Latency:+       0            0     
       Net Latency:+       0 (I)        0 (I) 
           Arrival:=    6250            0     
                                              
             Setup:-     242                  
       Uncertainty:-     300                  
     Required Time:=    5708                  
      Launch Clock:-       0                  
         Data Path:-    7086                  
             Slack:=   -1377                  

Launch clock path:
#-----------------------------------------------------------------------------------------------------------------
#              Timing Point                Flags   Arc   Edge   Cell     Fanout Load Trans Delay Arrival Instance 
#                                                                               (fF)  (ps)  (ps)   (ps)  Location 
#-----------------------------------------------------------------------------------------------------------------
  clk_sys                                  (i)     -     R     (arrival)   4859  0.0     0     0       0    (-,-) 
  u_core_u_drain_ctrl_drain_ctx_q_reg[0]/C <<<     -     R     DFRSHDX2    4859    -   150     0       0    (-,-) 
#-----------------------------------------------------------------------------------------------------------------

#------------------------------------------------------------------------------------------------------------------------------------------------------
#                                Timing Point                                  Flags   Arc   Edge   Cell     Fanout  Load Trans Delay Arrival Instance 
#                                                                                                                    (fF)  (ps)  (ps)   (ps)  Location 
#------------------------------------------------------------------------------------------------------------------------------------------------------
  u_core_u_drain_ctrl_drain_ctx_q_reg[0]/C                                     -       -     R     (arrival)   4859     -   150     0       0    (-,-) 
  u_core_u_drain_ctrl_drain_ctx_q_reg[0]/Q                                     -       C->Q  F     DFRSHDX2       2  52.7   320  1150    1150    (-,-) 
  fopt664/Q                                                                    -       A->Q  F     BUHDX6         6 191.2   256   511    1661    (-,-) 
  fopt661/Q                                                                    -       A->Q  F     BUHDX6         7 116.3   174   414    2075    (-,-) 
  fopt641/Q                                                                    -       A->Q  R     INHDX3         2  25.2   126   150    2225    (-,-) 
  g123836/Q                                                                    -       D->Q  F     ON22HDX2       1  13.7    80   537    2762    (-,-) 
  g245/Q                                                                       -       B->Q  R     AN22HDX1       1  13.1   499   514    3276    (-,-) 
  g219/Q                                                                       -       B->Q  R     AND4HDX1       1  15.4   224   622    3897    (-,-) 
  g216/Q                                                                       -       C->Q  R     AND4HDX2       1  35.4   261   719    4616    (-,-) 
  g214/Q                                                                       -       B->Q  F     NA2HDX4        2  37.4   156   190    4807    (-,-) 
  fopt203679/Q                                                                 -       A->Q  F     BUHDX3         3  55.4   167   363    5170    (-,-) 
  g191657/Q                                                                    -       C->Q  R     NA3I2HDX2      2  29.9   296   318    5488    (-,-) 
  g191608/Q                                                                    -       A->Q  R     NA22HDX4       2  56.7   249   459    5947    (-,-) 
  fopt203706/Q                                                                 -       A->Q  F     INHDX3         2  56.7   184   234    6180    (-,-) 
  fopt203705/Q                                                                 -       A->Q  F     BUHDX6        16 196.5   260   460    6640    (-,-) 
  g191501/Q                                                                    -       A->Q  R     ON21HDX1       1  11.1   393   446    7086    (-,-) 
  u_core_u_drain_ctrl_emit_wr_data_q_reg[meta][flags][closed_by_fast_maxhit]/D -       -     R     DFRHDX1        1     -     -     0    7086    (-,-) 
#------------------------------------------------------------------------------------------------------------------------------------------------------

Capture clock path:
#-----------------------------------------------------------------------------------------------------------------------------------------------------
#                                Timing Point                                  Flags   Arc   Edge   Cell     Fanout Load Trans Delay Arrival Instance 
#                                                                                                                   (fF)  (ps)  (ps)   (ps)  Location 
#-----------------------------------------------------------------------------------------------------------------------------------------------------
  clk_sys                                                                      (i)     -     R     (arrival)   4859  0.0     0     0    6250    (-,-) 
  u_core_u_drain_ctrl_emit_wr_data_q_reg[meta][flags][closed_by_fast_maxhit]/C <<<     -     R     DFRHDX1     4859    -   150     0    6250    (-,-) 
#-----------------------------------------------------------------------------------------------------------------------------------------------------



Path 26: VIOLATED (-1376 ps) Setup Check with Pin u_core_u_drain_ctrl_event_seq_q_reg[1]/C->D
           View: wc_view
          Group: clk_sys
     Startpoint: (R) u_core_u_drain_ctrl_drain_ctx_q_reg[0]/C
          Clock: (R) clk_sys
       Endpoint: (F) u_core_u_drain_ctrl_event_seq_q_reg[1]/D
          Clock: (R) clk_sys

                     Capture       Launch     
        Clock Edge:+    6250            0     
       Src Latency:+       0            0     
       Net Latency:+       0 (I)        0 (I) 
           Arrival:=    6250            0     
                                              
             Setup:-     692                  
       Uncertainty:-     300                  
     Required Time:=    5258                  
      Launch Clock:-       0                  
         Data Path:-    6635                  
             Slack:=   -1376                  

Launch clock path:
#-----------------------------------------------------------------------------------------------------------------
#              Timing Point                Flags   Arc   Edge   Cell     Fanout Load Trans Delay Arrival Instance 
#                                                                               (fF)  (ps)  (ps)   (ps)  Location 
#-----------------------------------------------------------------------------------------------------------------
  clk_sys                                  (i)     -     R     (arrival)   4859  0.0     0     0       0    (-,-) 
  u_core_u_drain_ctrl_drain_ctx_q_reg[0]/C <<<     -     R     DFRSHDX2    4859    -   150     0       0    (-,-) 
#-----------------------------------------------------------------------------------------------------------------

#-------------------------------------------------------------------------------------------------------------------
#              Timing Point                Flags    Arc   Edge   Cell     Fanout  Load Trans Delay Arrival Instance 
#                                                                                 (fF)  (ps)  (ps)   (ps)  Location 
#-------------------------------------------------------------------------------------------------------------------
  u_core_u_drain_ctrl_drain_ctx_q_reg[0]/C -       -      R     (arrival)   4859     -   150     0       0    (-,-) 
  u_core_u_drain_ctrl_drain_ctx_q_reg[0]/Q -       C->Q   F     DFRSHDX2       2  52.7   320  1150    1150    (-,-) 
  fopt664/Q                                -       A->Q   F     BUHDX6         6 191.2   256   511    1661    (-,-) 
  fopt661/Q                                -       A->Q   F     BUHDX6         7 116.3   174   414    2075    (-,-) 
  fopt641/Q                                -       A->Q   R     INHDX3         2  25.2   126   150    2225    (-,-) 
  g123836/Q                                -       D->Q   F     ON22HDX2       1  13.7    80   537    2762    (-,-) 
  g245/Q                                   -       B->Q   R     AN22HDX1       1  13.1   499   514    3276    (-,-) 
  g219/Q                                   -       B->Q   R     AND4HDX1       1  15.4   224   622    3897    (-,-) 
  g216/Q                                   -       C->Q   R     AND4HDX2       1  35.4   261   719    4616    (-,-) 
  g214/Q                                   -       B->Q   F     NA2HDX4        2  37.4   156   190    4807    (-,-) 
  fopt203679/Q                             -       A->Q   F     BUHDX3         3  55.4   167   363    5170    (-,-) 
  g191705/Q                                -       B->Q   R     NA2I1HDX2      3  38.7   352   365    5535    (-,-) 
  g203585/Q                                -       AN->Q  R     NA3I1HDX2      3  30.3   379   526    6061    (-,-) 
  fopt203681/Q                             -       A->Q   R     BUHDX2         2  29.4   173   347    6408    (-,-) 
  g191526/Q                                -       IN0->Q F     MU2IHDX2       1  11.2   211   227    6634    (-,-) 
  u_core_u_drain_ctrl_event_seq_q_reg[1]/D -       -      F     DFRSHDX1       1     -     -     0    6635    (-,-) 
#-------------------------------------------------------------------------------------------------------------------

Capture clock path:
#-----------------------------------------------------------------------------------------------------------------
#              Timing Point                Flags   Arc   Edge   Cell     Fanout Load Trans Delay Arrival Instance 
#                                                                               (fF)  (ps)  (ps)   (ps)  Location 
#-----------------------------------------------------------------------------------------------------------------
  clk_sys                                  (i)     -     R     (arrival)   4859  0.0     0     0    6250    (-,-) 
  u_core_u_drain_ctrl_event_seq_q_reg[1]/C <<<     -     R     DFRSHDX1    4859    -   150     0    6250    (-,-) 
#-----------------------------------------------------------------------------------------------------------------



Path 27: VIOLATED (-1373 ps) Setup Check with Pin u_core_u_meas_ctrl_total_hits_q_reg[5]/C->D
           View: wc_view
          Group: clk_sys
     Startpoint: (R) u_core_u_meas_ctrl_row_cnt_q_reg[6][1]/C
          Clock: (R) clk_sys
       Endpoint: (F) u_core_u_meas_ctrl_total_hits_q_reg[5]/D
          Clock: (R) clk_sys

                     Capture       Launch     
        Clock Edge:+    6250            0     
       Src Latency:+       0            0     
       Net Latency:+       0 (I)        0 (I) 
           Arrival:=    6250            0     
                                              
             Setup:-     528                  
       Uncertainty:-     300                  
     Required Time:=    5422                  
      Launch Clock:-       0                  
         Data Path:-    6796                  
             Slack:=   -1373                  

Launch clock path:
#-----------------------------------------------------------------------------------------------------------------
#              Timing Point                Flags   Arc   Edge   Cell     Fanout Load Trans Delay Arrival Instance 
#                                                                               (fF)  (ps)  (ps)   (ps)  Location 
#-----------------------------------------------------------------------------------------------------------------
  clk_sys                                  (i)     -     R     (arrival)   4859  0.0     0     0       0    (-,-) 
  u_core_u_meas_ctrl_row_cnt_q_reg[6][1]/C <<<     -     R     DFRSQHDX1   4859    -   150     0       0    (-,-) 
#-----------------------------------------------------------------------------------------------------------------

#-------------------------------------------------------------------------------------------------------------------------------------------
#                           Timing Point                            Flags    Arc   Edge   Cell     Fanout Load Trans Delay Arrival Instance 
#                                                                                                         (fF)  (ps)  (ps)   (ps)  Location 
#-------------------------------------------------------------------------------------------------------------------------------------------
  u_core_u_meas_ctrl_row_cnt_q_reg[6][1]/C                          -       -      R     (arrival)   4859    -   150     0       0    (-,-) 
  u_core_u_meas_ctrl_row_cnt_q_reg[6][1]/Q                          -       C->Q   F     DFRSQHDX1      2 37.2   304   959     959    (-,-) 
  u_core_u_meas_ctrl_csa_tree_ADD_TC_OP_133_groupi_cdnfadd_001_0/CO -       B->CO  F     FAHDX2         1 27.1   224   906    1865    (-,-) 
  u_core_u_meas_ctrl_csa_tree_ADD_TC_OP_133_groupi_cdnfadd_002_2/CO -       CI->CO F     FAHDX1         1 27.1   299   834    2699    (-,-) 
  u_core_u_meas_ctrl_csa_tree_ADD_TC_OP_133_groupi_cdnfadd_003_4/S  -       CI->S  R     FAHDX1         1 26.8   317  1175    3874    (-,-) 
  u_core_u_meas_ctrl_csa_tree_ADD_TC_OP_133_groupi_cdnfadd_003_5/S  -       CI->S  R     FAHDX1         2 21.4   272  1100    4974    (-,-) 
  u_core_u_meas_ctrl_csa_tree_ADD_TC_OP_133_groupi_g740/CO          -       CI->CO R     CAGHDX2        3 40.9   256   605    5579    (-,-) 
  u_core_u_meas_ctrl_csa_tree_ADD_TC_OP_133_groupi_g736/Q           -       B->Q   R     NA22HDX0       1 15.8   414   570    6148    (-,-) 
  u_core_u_meas_ctrl_csa_tree_ADD_TC_OP_133_groupi_g735/Q           -       C->Q   F     NA22HDX1       1 15.8   224   280    6429    (-,-) 
  g197778/Q                                                         -       A->Q   F     NA22HDX1       1 11.2   190   367    6796    (-,-) 
  u_core_u_meas_ctrl_total_hits_q_reg[5]/D                          -       -      F     DFRHDX4        1    -     -     0    6796    (-,-) 
#-------------------------------------------------------------------------------------------------------------------------------------------

Capture clock path:
#-----------------------------------------------------------------------------------------------------------------
#              Timing Point                Flags   Arc   Edge   Cell     Fanout Load Trans Delay Arrival Instance 
#                                                                               (fF)  (ps)  (ps)   (ps)  Location 
#-----------------------------------------------------------------------------------------------------------------
  clk_sys                                  (i)     -     R     (arrival)   4859  0.0     0     0    6250    (-,-) 
  u_core_u_meas_ctrl_total_hits_q_reg[5]/C <<<     -     R     DFRHDX4     4859    -   150     0    6250    (-,-) 
#-----------------------------------------------------------------------------------------------------------------



Path 28: VIOLATED (-1363 ps) Setup Check with Pin u_core_u_drain_ctrl_emit_wr_data_q_reg[hit][ns][2]/C->D
           View: wc_view
          Group: clk_sys
     Startpoint: (R) u_core_u_drain_ctrl_drain_ctx_q_reg[0]/C
          Clock: (R) clk_sys
       Endpoint: (F) u_core_u_drain_ctrl_emit_wr_data_q_reg[hit][ns][2]/D
          Clock: (R) clk_sys

                     Capture       Launch     
        Clock Edge:+    6250            0     
       Src Latency:+       0            0     
       Net Latency:+       0 (I)        0 (I) 
           Arrival:=    6250            0     
                                              
             Setup:-     542                  
       Uncertainty:-     300                  
     Required Time:=    5408                  
      Launch Clock:-       0                  
         Data Path:-    6771                  
             Slack:=   -1363                  

Launch clock path:
#-----------------------------------------------------------------------------------------------------------------
#              Timing Point                Flags   Arc   Edge   Cell     Fanout Load Trans Delay Arrival Instance 
#                                                                               (fF)  (ps)  (ps)   (ps)  Location 
#-----------------------------------------------------------------------------------------------------------------
  clk_sys                                  (i)     -     R     (arrival)   4859  0.0     0     0       0    (-,-) 
  u_core_u_drain_ctrl_drain_ctx_q_reg[0]/C <<<     -     R     DFRSHDX2    4859    -   150     0       0    (-,-) 
#-----------------------------------------------------------------------------------------------------------------

#------------------------------------------------------------------------------------------------------------------------------
#                    Timing Point                      Flags   Arc   Edge   Cell     Fanout  Load Trans Delay Arrival Instance 
#                                                                                            (fF)  (ps)  (ps)   (ps)  Location 
#------------------------------------------------------------------------------------------------------------------------------
  u_core_u_drain_ctrl_drain_ctx_q_reg[0]/C             -       -     R     (arrival)   4859     -   150     0       0    (-,-) 
  u_core_u_drain_ctrl_drain_ctx_q_reg[0]/Q             -       C->Q  F     DFRSHDX2       2  52.7   320  1150    1150    (-,-) 
  fopt664/Q                                            -       A->Q  F     BUHDX6         6 191.2   256   511    1661    (-,-) 
  fopt661/Q                                            -       A->Q  F     BUHDX6         7 116.3   174   414    2075    (-,-) 
  fopt641/Q                                            -       A->Q  R     INHDX3         2  25.2   126   150    2225    (-,-) 
  g123836/Q                                            -       D->Q  F     ON22HDX2       1  13.7    80   537    2762    (-,-) 
  g245/Q                                               -       B->Q  R     AN22HDX1       1  13.1   499   514    3276    (-,-) 
  g219/Q                                               -       B->Q  R     AND4HDX1       1  15.4   224   622    3897    (-,-) 
  g216/Q                                               -       C->Q  R     AND4HDX2       1  35.4   261   719    4616    (-,-) 
  g214/Q                                               -       B->Q  F     NA2HDX4        2  37.4   156   190    4807    (-,-) 
  fopt203679/Q                                         -       A->Q  F     BUHDX3         3  55.4   167   363    5170    (-,-) 
  fopt203678/Q                                         -       A->Q  F     BUHDX3         2  24.3   100   303    5473    (-,-) 
  g191625/Q                                            -       AN->Q F     NO4I1HDX4      1  67.7   155   441    5914    (-,-) 
  fopt203698/Q                                         -       A->Q  R     INHDX8         8 125.6   183   199    6113    (-,-) 
  fopt203695/Q                                         -       A->Q  F     INHDX4         3  61.2   148   179    6293    (-,-) 
  fopt203694/Q                                         -       A->Q  R     INHDX3         4  51.5   197   208    6500    (-,-) 
  g191498/Q                                            -       C->Q  F     ON22HDX1       1  11.2   241   270    6771    (-,-) 
  u_core_u_drain_ctrl_emit_wr_data_q_reg[hit][ns][2]/D -       -     F     DFRHDX4        1     -     -     0    6771    (-,-) 
#------------------------------------------------------------------------------------------------------------------------------

Capture clock path:
#-----------------------------------------------------------------------------------------------------------------------------
#                    Timing Point                      Flags   Arc   Edge   Cell     Fanout Load Trans Delay Arrival Instance 
#                                                                                           (fF)  (ps)  (ps)   (ps)  Location 
#-----------------------------------------------------------------------------------------------------------------------------
  clk_sys                                              (i)     -     R     (arrival)   4859  0.0     0     0    6250    (-,-) 
  u_core_u_drain_ctrl_emit_wr_data_q_reg[hit][ns][2]/C <<<     -     R     DFRHDX4     4859    -   150     0    6250    (-,-) 
#-----------------------------------------------------------------------------------------------------------------------------



Path 29: VIOLATED (-1361 ps) Setup Check with Pin u_core_u_drain_ctrl_emit_wr_data_q_reg[hit][event_seq][2]/C->D
           View: wc_view
          Group: clk_sys
     Startpoint: (R) u_core_u_drain_ctrl_drain_ctx_q_reg[0]/C
          Clock: (R) clk_sys
       Endpoint: (F) u_core_u_drain_ctrl_emit_wr_data_q_reg[hit][event_seq][2]/D
          Clock: (R) clk_sys

                     Capture       Launch     
        Clock Edge:+    6250            0     
       Src Latency:+       0            0     
       Net Latency:+       0 (I)        0 (I) 
           Arrival:=    6250            0     
                                              
             Setup:-     540                  
       Uncertainty:-     300                  
     Required Time:=    5410                  
      Launch Clock:-       0                  
         Data Path:-    6771                  
             Slack:=   -1361                  

Launch clock path:
#-----------------------------------------------------------------------------------------------------------------
#              Timing Point                Flags   Arc   Edge   Cell     Fanout Load Trans Delay Arrival Instance 
#                                                                               (fF)  (ps)  (ps)   (ps)  Location 
#-----------------------------------------------------------------------------------------------------------------
  clk_sys                                  (i)     -     R     (arrival)   4859  0.0     0     0       0    (-,-) 
  u_core_u_drain_ctrl_drain_ctx_q_reg[0]/C <<<     -     R     DFRSHDX2    4859    -   150     0       0    (-,-) 
#-----------------------------------------------------------------------------------------------------------------

#-------------------------------------------------------------------------------------------------------------------------------------
#                        Timing Point                         Flags   Arc   Edge   Cell     Fanout  Load Trans Delay Arrival Instance 
#                                                                                                   (fF)  (ps)  (ps)   (ps)  Location 
#-------------------------------------------------------------------------------------------------------------------------------------
  u_core_u_drain_ctrl_drain_ctx_q_reg[0]/C                    -       -     R     (arrival)   4859     -   150     0       0    (-,-) 
  u_core_u_drain_ctrl_drain_ctx_q_reg[0]/Q                    -       C->Q  F     DFRSHDX2       2  52.7   320  1150    1150    (-,-) 
  fopt664/Q                                                   -       A->Q  F     BUHDX6         6 191.2   256   511    1661    (-,-) 
  fopt661/Q                                                   -       A->Q  F     BUHDX6         7 116.3   174   414    2075    (-,-) 
  fopt641/Q                                                   -       A->Q  R     INHDX3         2  25.2   126   150    2225    (-,-) 
  g123836/Q                                                   -       D->Q  F     ON22HDX2       1  13.7    80   537    2762    (-,-) 
  g245/Q                                                      -       B->Q  R     AN22HDX1       1  13.1   499   514    3276    (-,-) 
  g219/Q                                                      -       B->Q  R     AND4HDX1       1  15.4   224   622    3897    (-,-) 
  g216/Q                                                      -       C->Q  R     AND4HDX2       1  35.4   261   719    4616    (-,-) 
  g214/Q                                                      -       B->Q  F     NA2HDX4        2  37.4   156   190    4807    (-,-) 
  fopt203679/Q                                                -       A->Q  F     BUHDX3         3  55.4   167   363    5170    (-,-) 
  fopt203678/Q                                                -       A->Q  F     BUHDX3         2  24.3   100   303    5473    (-,-) 
  g191625/Q                                                   -       AN->Q F     NO4I1HDX4      1  67.7   155   441    5914    (-,-) 
  fopt203698/Q                                                -       A->Q  R     INHDX8         8 125.6   183   199    6113    (-,-) 
  fopt203695/Q                                                -       A->Q  F     INHDX4         3  61.2   148   179    6293    (-,-) 
  fopt203694/Q                                                -       A->Q  R     INHDX3         4  51.5   197   208    6500    (-,-) 
  g191486/Q                                                   -       C->Q  F     ON22HDX1       1  11.2   231   270    6771    (-,-) 
  u_core_u_drain_ctrl_emit_wr_data_q_reg[hit][event_seq][2]/D -       -     F     DFRHDX4        1     -     -     0    6771    (-,-) 
#-------------------------------------------------------------------------------------------------------------------------------------

Capture clock path:
#------------------------------------------------------------------------------------------------------------------------------------
#                        Timing Point                         Flags   Arc   Edge   Cell     Fanout Load Trans Delay Arrival Instance 
#                                                                                                  (fF)  (ps)  (ps)   (ps)  Location 
#------------------------------------------------------------------------------------------------------------------------------------
  clk_sys                                                     (i)     -     R     (arrival)   4859  0.0     0     0    6250    (-,-) 
  u_core_u_drain_ctrl_emit_wr_data_q_reg[hit][event_seq][2]/C <<<     -     R     DFRHDX4     4859    -   150     0    6250    (-,-) 
#------------------------------------------------------------------------------------------------------------------------------------



Path 30: VIOLATED (-1359 ps) Setup Check with Pin u_core_u_drain_ctrl_emit_wr_data_q_reg[hit][ns][1]/C->D
           View: wc_view
          Group: clk_sys
     Startpoint: (R) u_core_u_drain_ctrl_drain_ctx_q_reg[0]/C
          Clock: (R) clk_sys
       Endpoint: (F) u_core_u_drain_ctrl_emit_wr_data_q_reg[hit][ns][1]/D
          Clock: (R) clk_sys

                     Capture       Launch     
        Clock Edge:+    6250            0     
       Src Latency:+       0            0     
       Net Latency:+       0 (I)        0 (I) 
           Arrival:=    6250            0     
                                              
             Setup:-     538                  
       Uncertainty:-     300                  
     Required Time:=    5412                  
      Launch Clock:-       0                  
         Data Path:-    6771                  
             Slack:=   -1359                  

Launch clock path:
#-----------------------------------------------------------------------------------------------------------------
#              Timing Point                Flags   Arc   Edge   Cell     Fanout Load Trans Delay Arrival Instance 
#                                                                               (fF)  (ps)  (ps)   (ps)  Location 
#-----------------------------------------------------------------------------------------------------------------
  clk_sys                                  (i)     -     R     (arrival)   4859  0.0     0     0       0    (-,-) 
  u_core_u_drain_ctrl_drain_ctx_q_reg[0]/C <<<     -     R     DFRSHDX2    4859    -   150     0       0    (-,-) 
#-----------------------------------------------------------------------------------------------------------------

#------------------------------------------------------------------------------------------------------------------------------
#                    Timing Point                      Flags   Arc   Edge   Cell     Fanout  Load Trans Delay Arrival Instance 
#                                                                                            (fF)  (ps)  (ps)   (ps)  Location 
#------------------------------------------------------------------------------------------------------------------------------
  u_core_u_drain_ctrl_drain_ctx_q_reg[0]/C             -       -     R     (arrival)   4859     -   150     0       0    (-,-) 
  u_core_u_drain_ctrl_drain_ctx_q_reg[0]/Q             -       C->Q  F     DFRSHDX2       2  52.7   320  1150    1150    (-,-) 
  fopt664/Q                                            -       A->Q  F     BUHDX6         6 191.2   256   511    1661    (-,-) 
  fopt661/Q                                            -       A->Q  F     BUHDX6         7 116.3   174   414    2075    (-,-) 
  fopt641/Q                                            -       A->Q  R     INHDX3         2  25.2   126   150    2225    (-,-) 
  g123836/Q                                            -       D->Q  F     ON22HDX2       1  13.7    80   537    2762    (-,-) 
  g245/Q                                               -       B->Q  R     AN22HDX1       1  13.1   499   514    3276    (-,-) 
  g219/Q                                               -       B->Q  R     AND4HDX1       1  15.4   224   622    3897    (-,-) 
  g216/Q                                               -       C->Q  R     AND4HDX2       1  35.4   261   719    4616    (-,-) 
  g214/Q                                               -       B->Q  F     NA2HDX4        2  37.4   156   190    4807    (-,-) 
  fopt203679/Q                                         -       A->Q  F     BUHDX3         3  55.4   167   363    5170    (-,-) 
  fopt203678/Q                                         -       A->Q  F     BUHDX3         2  24.3   100   303    5473    (-,-) 
  g191625/Q                                            -       AN->Q F     NO4I1HDX4      1  67.7   155   441    5914    (-,-) 
  fopt203698/Q                                         -       A->Q  R     INHDX8         8 125.6   183   199    6113    (-,-) 
  fopt203695/Q                                         -       A->Q  F     INHDX4         3  61.2   148   179    6293    (-,-) 
  fopt203694/Q                                         -       A->Q  R     INHDX3         4  51.5   197   208    6500    (-,-) 
  g191497/Q                                            -       C->Q  F     ON22HDX1       1  11.2   224   270    6771    (-,-) 
  u_core_u_drain_ctrl_emit_wr_data_q_reg[hit][ns][1]/D -       -     F     DFRHDX4        1     -     -     0    6771    (-,-) 
#------------------------------------------------------------------------------------------------------------------------------

Capture clock path:
#-----------------------------------------------------------------------------------------------------------------------------
#                    Timing Point                      Flags   Arc   Edge   Cell     Fanout Load Trans Delay Arrival Instance 
#                                                                                           (fF)  (ps)  (ps)   (ps)  Location 
#-----------------------------------------------------------------------------------------------------------------------------
  clk_sys                                              (i)     -     R     (arrival)   4859  0.0     0     0    6250    (-,-) 
  u_core_u_drain_ctrl_emit_wr_data_q_reg[hit][ns][1]/C <<<     -     R     DFRHDX4     4859    -   150     0    6250    (-,-) 
#-----------------------------------------------------------------------------------------------------------------------------



Path 31: VIOLATED (-1359 ps) Setup Check with Pin u_core_u_drain_ctrl_emit_wr_data_q_reg[hit][ns][0]/C->D
           View: wc_view
          Group: clk_sys
     Startpoint: (R) u_core_u_drain_ctrl_drain_ctx_q_reg[0]/C
          Clock: (R) clk_sys
       Endpoint: (F) u_core_u_drain_ctrl_emit_wr_data_q_reg[hit][ns][0]/D
          Clock: (R) clk_sys

                     Capture       Launch     
        Clock Edge:+    6250            0     
       Src Latency:+       0            0     
       Net Latency:+       0 (I)        0 (I) 
           Arrival:=    6250            0     
                                              
             Setup:-     538                  
       Uncertainty:-     300                  
     Required Time:=    5412                  
      Launch Clock:-       0                  
         Data Path:-    6771                  
             Slack:=   -1359                  

Launch clock path:
#-----------------------------------------------------------------------------------------------------------------
#              Timing Point                Flags   Arc   Edge   Cell     Fanout Load Trans Delay Arrival Instance 
#                                                                               (fF)  (ps)  (ps)   (ps)  Location 
#-----------------------------------------------------------------------------------------------------------------
  clk_sys                                  (i)     -     R     (arrival)   4859  0.0     0     0       0    (-,-) 
  u_core_u_drain_ctrl_drain_ctx_q_reg[0]/C <<<     -     R     DFRSHDX2    4859    -   150     0       0    (-,-) 
#-----------------------------------------------------------------------------------------------------------------

#------------------------------------------------------------------------------------------------------------------------------
#                    Timing Point                      Flags   Arc   Edge   Cell     Fanout  Load Trans Delay Arrival Instance 
#                                                                                            (fF)  (ps)  (ps)   (ps)  Location 
#------------------------------------------------------------------------------------------------------------------------------
  u_core_u_drain_ctrl_drain_ctx_q_reg[0]/C             -       -     R     (arrival)   4859     -   150     0       0    (-,-) 
  u_core_u_drain_ctrl_drain_ctx_q_reg[0]/Q             -       C->Q  F     DFRSHDX2       2  52.7   320  1150    1150    (-,-) 
  fopt664/Q                                            -       A->Q  F     BUHDX6         6 191.2   256   511    1661    (-,-) 
  fopt661/Q                                            -       A->Q  F     BUHDX6         7 116.3   174   414    2075    (-,-) 
  fopt641/Q                                            -       A->Q  R     INHDX3         2  25.2   126   150    2225    (-,-) 
  g123836/Q                                            -       D->Q  F     ON22HDX2       1  13.7    80   537    2762    (-,-) 
  g245/Q                                               -       B->Q  R     AN22HDX1       1  13.1   499   514    3276    (-,-) 
  g219/Q                                               -       B->Q  R     AND4HDX1       1  15.4   224   622    3897    (-,-) 
  g216/Q                                               -       C->Q  R     AND4HDX2       1  35.4   261   719    4616    (-,-) 
  g214/Q                                               -       B->Q  F     NA2HDX4        2  37.4   156   190    4807    (-,-) 
  fopt203679/Q                                         -       A->Q  F     BUHDX3         3  55.4   167   363    5170    (-,-) 
  fopt203678/Q                                         -       A->Q  F     BUHDX3         2  24.3   100   303    5473    (-,-) 
  g191625/Q                                            -       AN->Q F     NO4I1HDX4      1  67.7   155   441    5914    (-,-) 
  fopt203698/Q                                         -       A->Q  R     INHDX8         8 125.6   183   199    6113    (-,-) 
  fopt203695/Q                                         -       A->Q  F     INHDX4         3  61.2   148   179    6293    (-,-) 
  fopt203694/Q                                         -       A->Q  R     INHDX3         4  51.5   197   208    6500    (-,-) 
  g191482/Q                                            -       C->Q  F     ON22HDX1       1  11.2   224   270    6771    (-,-) 
  u_core_u_drain_ctrl_emit_wr_data_q_reg[hit][ns][0]/D -       -     F     DFRHDX4        1     -     -     0    6771    (-,-) 
#------------------------------------------------------------------------------------------------------------------------------

Capture clock path:
#-----------------------------------------------------------------------------------------------------------------------------
#                    Timing Point                      Flags   Arc   Edge   Cell     Fanout Load Trans Delay Arrival Instance 
#                                                                                           (fF)  (ps)  (ps)   (ps)  Location 
#-----------------------------------------------------------------------------------------------------------------------------
  clk_sys                                              (i)     -     R     (arrival)   4859  0.0     0     0    6250    (-,-) 
  u_core_u_drain_ctrl_emit_wr_data_q_reg[hit][ns][0]/C <<<     -     R     DFRHDX4     4859    -   150     0    6250    (-,-) 
#-----------------------------------------------------------------------------------------------------------------------------



Path 32: VIOLATED (-1359 ps) Setup Check with Pin u_core_u_drain_ctrl_emit_wr_data_q_reg[hit][nfast][0]/C->D
           View: wc_view
          Group: clk_sys
     Startpoint: (R) u_core_u_drain_ctrl_drain_ctx_q_reg[0]/C
          Clock: (R) clk_sys
       Endpoint: (F) u_core_u_drain_ctrl_emit_wr_data_q_reg[hit][nfast][0]/D
          Clock: (R) clk_sys

                     Capture       Launch     
        Clock Edge:+    6250            0     
       Src Latency:+       0            0     
       Net Latency:+       0 (I)        0 (I) 
           Arrival:=    6250            0     
                                              
             Setup:-     523                  
       Uncertainty:-     300                  
     Required Time:=    5427                  
      Launch Clock:-       0                  
         Data Path:-    6785                  
             Slack:=   -1359                  

Launch clock path:
#-----------------------------------------------------------------------------------------------------------------
#              Timing Point                Flags   Arc   Edge   Cell     Fanout Load Trans Delay Arrival Instance 
#                                                                               (fF)  (ps)  (ps)   (ps)  Location 
#-----------------------------------------------------------------------------------------------------------------
  clk_sys                                  (i)     -     R     (arrival)   4859  0.0     0     0       0    (-,-) 
  u_core_u_drain_ctrl_drain_ctx_q_reg[0]/C <<<     -     R     DFRSHDX2    4859    -   150     0       0    (-,-) 
#-----------------------------------------------------------------------------------------------------------------

#---------------------------------------------------------------------------------------------------------------------------------
#                      Timing Point                       Flags   Arc   Edge   Cell     Fanout  Load Trans Delay Arrival Instance 
#                                                                                               (fF)  (ps)  (ps)   (ps)  Location 
#---------------------------------------------------------------------------------------------------------------------------------
  u_core_u_drain_ctrl_drain_ctx_q_reg[0]/C                -       -     R     (arrival)   4859     -   150     0       0    (-,-) 
  u_core_u_drain_ctrl_drain_ctx_q_reg[0]/Q                -       C->Q  F     DFRSHDX2       2  52.7   320  1150    1150    (-,-) 
  fopt664/Q                                               -       A->Q  F     BUHDX6         6 191.2   256   511    1661    (-,-) 
  fopt661/Q                                               -       A->Q  F     BUHDX6         7 116.3   174   414    2075    (-,-) 
  fopt641/Q                                               -       A->Q  R     INHDX3         2  25.2   126   150    2225    (-,-) 
  g123836/Q                                               -       D->Q  F     ON22HDX2       1  13.7    80   537    2762    (-,-) 
  g245/Q                                                  -       B->Q  R     AN22HDX1       1  13.1   499   514    3276    (-,-) 
  g219/Q                                                  -       B->Q  R     AND4HDX1       1  15.4   224   622    3897    (-,-) 
  g216/Q                                                  -       C->Q  R     AND4HDX2       1  35.4   261   719    4616    (-,-) 
  g214/Q                                                  -       B->Q  F     NA2HDX4        2  37.4   156   190    4807    (-,-) 
  fopt203679/Q                                            -       A->Q  F     BUHDX3         3  55.4   167   363    5170    (-,-) 
  fopt203678/Q                                            -       A->Q  F     BUHDX3         2  24.3   100   303    5473    (-,-) 
  g191625/Q                                               -       AN->Q F     NO4I1HDX4      1  67.7   155   441    5914    (-,-) 
  fopt203698/Q                                            -       A->Q  R     INHDX8         8 125.6   183   199    6113    (-,-) 
  fopt203692/Q                                            -       A->Q  F     INHDX1         1  21.7   197   225    6338    (-,-) 
  g191578/Q                                               -       A->Q  R     NA2HDX2        1  15.8   237   236    6574    (-,-) 
  g191488/Q                                               -       C->Q  F     NA22HDX1       1  11.2   167   211    6785    (-,-) 
  u_core_u_drain_ctrl_emit_wr_data_q_reg[hit][nfast][0]/D -       -     F     DFRQHDX4       1     -     -     0    6785    (-,-) 
#---------------------------------------------------------------------------------------------------------------------------------

Capture clock path:
#--------------------------------------------------------------------------------------------------------------------------------
#                      Timing Point                       Flags   Arc   Edge   Cell     Fanout Load Trans Delay Arrival Instance 
#                                                                                              (fF)  (ps)  (ps)   (ps)  Location 
#--------------------------------------------------------------------------------------------------------------------------------
  clk_sys                                                 (i)     -     R     (arrival)   4859  0.0     0     0    6250    (-,-) 
  u_core_u_drain_ctrl_emit_wr_data_q_reg[hit][nfast][0]/C <<<     -     R     DFRQHDX4    4859    -   150     0    6250    (-,-) 
#--------------------------------------------------------------------------------------------------------------------------------



Path 33: VIOLATED (-1358 ps) Setup Check with Pin u_core_u_meas_ctrl_total_hits_q_reg[6]/C->D
           View: wc_view
          Group: clk_sys
     Startpoint: (R) u_core_u_meas_ctrl_row_cnt_q_reg[6][1]/C
          Clock: (R) clk_sys
       Endpoint: (F) u_core_u_meas_ctrl_total_hits_q_reg[6]/D
          Clock: (R) clk_sys

                     Capture       Launch     
        Clock Edge:+    6250            0     
       Src Latency:+       0            0     
       Net Latency:+       0 (I)        0 (I) 
           Arrival:=    6250            0     
                                              
             Setup:-     555                  
       Uncertainty:-     300                  
     Required Time:=    5395                  
      Launch Clock:-       0                  
         Data Path:-    6754                  
             Slack:=   -1358                  

Launch clock path:
#-----------------------------------------------------------------------------------------------------------------
#              Timing Point                Flags   Arc   Edge   Cell     Fanout Load Trans Delay Arrival Instance 
#                                                                               (fF)  (ps)  (ps)   (ps)  Location 
#-----------------------------------------------------------------------------------------------------------------
  clk_sys                                  (i)     -     R     (arrival)   4859  0.0     0     0       0    (-,-) 
  u_core_u_meas_ctrl_row_cnt_q_reg[6][1]/C <<<     -     R     DFRSQHDX1   4859    -   150     0       0    (-,-) 
#-----------------------------------------------------------------------------------------------------------------

#-------------------------------------------------------------------------------------------------------------------------------------------
#                           Timing Point                            Flags    Arc   Edge   Cell     Fanout Load Trans Delay Arrival Instance 
#                                                                                                         (fF)  (ps)  (ps)   (ps)  Location 
#-------------------------------------------------------------------------------------------------------------------------------------------
  u_core_u_meas_ctrl_row_cnt_q_reg[6][1]/C                          -       -      R     (arrival)   4859    -   150     0       0    (-,-) 
  u_core_u_meas_ctrl_row_cnt_q_reg[6][1]/Q                          -       C->Q   F     DFRSQHDX1      2 37.2   304   959     959    (-,-) 
  u_core_u_meas_ctrl_csa_tree_ADD_TC_OP_133_groupi_cdnfadd_001_0/CO -       B->CO  F     FAHDX2         1 27.1   224   906    1865    (-,-) 
  u_core_u_meas_ctrl_csa_tree_ADD_TC_OP_133_groupi_cdnfadd_002_2/CO -       CI->CO F     FAHDX1         1 27.1   299   834    2699    (-,-) 
  u_core_u_meas_ctrl_csa_tree_ADD_TC_OP_133_groupi_cdnfadd_003_4/S  -       CI->S  R     FAHDX1         1 26.8   317  1175    3874    (-,-) 
  u_core_u_meas_ctrl_csa_tree_ADD_TC_OP_133_groupi_cdnfadd_003_5/S  -       CI->S  F     FAHDX1         2 21.8   238   920    4793    (-,-) 
  u_core_u_meas_ctrl_csa_tree_ADD_TC_OP_133_groupi_g740/CO          -       CI->CO F     CAGHDX2        3 42.0   220   748    5541    (-,-) 
  u_core_u_meas_ctrl_csa_tree_ADD_TC_OP_133_groupi_g737/Q           -       A->Q   F     NA22HDX2       2 27.9   215   450    5991    (-,-) 
  u_core_u_meas_ctrl_csa_tree_ADD_TC_OP_133_groupi_g734/Q           -       A->Q   F     NA22HDX1       1 15.8   228   394    6385    (-,-) 
  g197748/Q                                                         -       A->Q   F     NA22HDX1       1 11.2   187   368    6754    (-,-) 
  u_core_u_meas_ctrl_total_hits_q_reg[6]/D                          -       -      F     DFRHDX2        1    -     -     0    6754    (-,-) 
#-------------------------------------------------------------------------------------------------------------------------------------------

Capture clock path:
#-----------------------------------------------------------------------------------------------------------------
#              Timing Point                Flags   Arc   Edge   Cell     Fanout Load Trans Delay Arrival Instance 
#                                                                               (fF)  (ps)  (ps)   (ps)  Location 
#-----------------------------------------------------------------------------------------------------------------
  clk_sys                                  (i)     -     R     (arrival)   4859  0.0     0     0    6250    (-,-) 
  u_core_u_meas_ctrl_total_hits_q_reg[6]/C <<<     -     R     DFRHDX2     4859    -   150     0    6250    (-,-) 
#-----------------------------------------------------------------------------------------------------------------



Path 34: VIOLATED (-1333 ps) Setup Check with Pin u_core_u_drain_ctrl_emit_wr_data_q_reg[hit][nfast][5]/C->D
           View: wc_view
          Group: clk_sys
     Startpoint: (R) u_core_u_drain_ctrl_drain_ctx_q_reg[0]/C
          Clock: (R) clk_sys
       Endpoint: (F) u_core_u_drain_ctrl_emit_wr_data_q_reg[hit][nfast][5]/D
          Clock: (R) clk_sys

                     Capture       Launch     
        Clock Edge:+    6250            0     
       Src Latency:+       0            0     
       Net Latency:+       0 (I)        0 (I) 
           Arrival:=    6250            0     
                                              
             Setup:-     523                  
       Uncertainty:-     300                  
     Required Time:=    5427                  
      Launch Clock:-       0                  
         Data Path:-    6760                  
             Slack:=   -1333                  

Launch clock path:
#-----------------------------------------------------------------------------------------------------------------
#              Timing Point                Flags   Arc   Edge   Cell     Fanout Load Trans Delay Arrival Instance 
#                                                                               (fF)  (ps)  (ps)   (ps)  Location 
#-----------------------------------------------------------------------------------------------------------------
  clk_sys                                  (i)     -     R     (arrival)   4859  0.0     0     0       0    (-,-) 
  u_core_u_drain_ctrl_drain_ctx_q_reg[0]/C <<<     -     R     DFRSHDX2    4859    -   150     0       0    (-,-) 
#-----------------------------------------------------------------------------------------------------------------

#---------------------------------------------------------------------------------------------------------------------------------
#                      Timing Point                       Flags   Arc   Edge   Cell     Fanout  Load Trans Delay Arrival Instance 
#                                                                                               (fF)  (ps)  (ps)   (ps)  Location 
#---------------------------------------------------------------------------------------------------------------------------------
  u_core_u_drain_ctrl_drain_ctx_q_reg[0]/C                -       -     R     (arrival)   4859     -   150     0       0    (-,-) 
  u_core_u_drain_ctrl_drain_ctx_q_reg[0]/Q                -       C->Q  F     DFRSHDX2       2  52.7   320  1150    1150    (-,-) 
  fopt168/Q                                               -       A->Q  F     BUHDX4         2  62.6   149   412    1561    (-,-) 
  fopt167/Q                                               -       A->Q  F     BUHDX8        21 305.4   288   467    2028    (-,-) 
  fopt100/Q                                               -       A->Q  F     BUHDX2         2  55.1   210   465    2493    (-,-) 
  fopt99/Q                                                -       A->Q  F     BUHDX8         2 131.7   152   373    2865    (-,-) 
  fopt98/Q                                                -       A->Q  R     INHDX8        23 224.8   288   288    3153    (-,-) 
  fopt97/Q                                                -       A->Q  F     INHDX2         4  37.1   190   244    3397    (-,-) 
  g123638/Q                                               -       C->Q  F     AO22HDX0       1  15.4   240   652    4049    (-,-) 
  g1747/Q                                                 -       D->Q  R     AN22HDX1       1  12.7   476   504    4553    (-,-) 
  g1548/Q                                                 -       C->Q  R     AND4HDX1       1  13.9   211   612    5165    (-,-) 
  g1499/Q                                                 -       AN->Q R     NO5I3HDX2      1  21.6   539   754    5920    (-,-) 
  g1493/Q                                                 -       E->Q  F     NA5I3HDX2      1  21.7   324   350    6270    (-,-) 
  g191583/Q                                               -       A->Q  R     NA2HDX2        1  15.8   217   284    6554    (-,-) 
  g191494/Q                                               -       C->Q  F     NA22HDX1       1  11.2   166   206    6760    (-,-) 
  u_core_u_drain_ctrl_emit_wr_data_q_reg[hit][nfast][5]/D -       -     F     DFRQHDX4       1     -     -     0    6760    (-,-) 
#---------------------------------------------------------------------------------------------------------------------------------

Capture clock path:
#--------------------------------------------------------------------------------------------------------------------------------
#                      Timing Point                       Flags   Arc   Edge   Cell     Fanout Load Trans Delay Arrival Instance 
#                                                                                              (fF)  (ps)  (ps)   (ps)  Location 
#--------------------------------------------------------------------------------------------------------------------------------
  clk_sys                                                 (i)     -     R     (arrival)   4859  0.0     0     0    6250    (-,-) 
  u_core_u_drain_ctrl_emit_wr_data_q_reg[hit][nfast][5]/C <<<     -     R     DFRQHDX4    4859    -   150     0    6250    (-,-) 
#--------------------------------------------------------------------------------------------------------------------------------



Path 35: VIOLATED (-1325 ps) Setup Check with Pin u_core_u_drain_ctrl_emit_wr_data_q_reg[hit][nfast][1]/C->D
           View: wc_view
          Group: clk_sys
     Startpoint: (R) u_core_u_drain_ctrl_drain_ctx_q_reg[0]/C
          Clock: (R) clk_sys
       Endpoint: (F) u_core_u_drain_ctrl_emit_wr_data_q_reg[hit][nfast][1]/D
          Clock: (R) clk_sys

                     Capture       Launch     
        Clock Edge:+    6250            0     
       Src Latency:+       0            0     
       Net Latency:+       0 (I)        0 (I) 
           Arrival:=    6250            0     
                                              
             Setup:-     523                  
       Uncertainty:-     300                  
     Required Time:=    5427                  
      Launch Clock:-       0                  
         Data Path:-    6752                  
             Slack:=   -1325                  

Launch clock path:
#-----------------------------------------------------------------------------------------------------------------
#              Timing Point                Flags   Arc   Edge   Cell     Fanout Load Trans Delay Arrival Instance 
#                                                                               (fF)  (ps)  (ps)   (ps)  Location 
#-----------------------------------------------------------------------------------------------------------------
  clk_sys                                  (i)     -     R     (arrival)   4859  0.0     0     0       0    (-,-) 
  u_core_u_drain_ctrl_drain_ctx_q_reg[0]/C <<<     -     R     DFRSHDX2    4859    -   150     0       0    (-,-) 
#-----------------------------------------------------------------------------------------------------------------

#---------------------------------------------------------------------------------------------------------------------------------
#                      Timing Point                       Flags   Arc   Edge   Cell     Fanout  Load Trans Delay Arrival Instance 
#                                                                                               (fF)  (ps)  (ps)   (ps)  Location 
#---------------------------------------------------------------------------------------------------------------------------------
  u_core_u_drain_ctrl_drain_ctx_q_reg[0]/C                -       -     R     (arrival)   4859     -   150     0       0    (-,-) 
  u_core_u_drain_ctrl_drain_ctx_q_reg[0]/Q                -       C->Q  F     DFRSHDX2       2  52.7   320  1150    1150    (-,-) 
  fopt664/Q                                               -       A->Q  F     BUHDX6         6 191.2   256   511    1661    (-,-) 
  fopt661/Q                                               -       A->Q  F     BUHDX6         7 116.3   174   414    2075    (-,-) 
  fopt641/Q                                               -       A->Q  R     INHDX3         2  25.2   126   150    2225    (-,-) 
  g123836/Q                                               -       D->Q  F     ON22HDX2       1  13.7    80   537    2762    (-,-) 
  g245/Q                                                  -       B->Q  R     AN22HDX1       1  13.1   499   514    3276    (-,-) 
  g219/Q                                                  -       B->Q  R     AND4HDX1       1  15.4   224   622    3897    (-,-) 
  g216/Q                                                  -       C->Q  R     AND4HDX2       1  35.4   261   719    4616    (-,-) 
  g214/Q                                                  -       B->Q  F     NA2HDX4        2  37.4   156   190    4807    (-,-) 
  fopt203679/Q                                            -       A->Q  F     BUHDX3         3  55.4   167   363    5170    (-,-) 
  fopt203678/Q                                            -       A->Q  F     BUHDX3         2  24.3   100   303    5473    (-,-) 
  g191625/Q                                               -       AN->Q F     NO4I1HDX4      1  67.7   155   441    5914    (-,-) 
  fopt203698/Q                                            -       A->Q  R     INHDX8         8 125.6   183   199    6113    (-,-) 
  fopt203695/Q                                            -       A->Q  F     INHDX4         3  61.2   148   179    6293    (-,-) 
  g191579/Q                                               -       B->Q  R     NA2HDX2        1  15.8   217   254    6547    (-,-) 
  g191489/Q                                               -       C->Q  F     NA22HDX1       1  11.2   166   206    6752    (-,-) 
  u_core_u_drain_ctrl_emit_wr_data_q_reg[hit][nfast][1]/D -       -     F     DFRQHDX4       1     -     -     0    6752    (-,-) 
#---------------------------------------------------------------------------------------------------------------------------------

Capture clock path:
#--------------------------------------------------------------------------------------------------------------------------------
#                      Timing Point                       Flags   Arc   Edge   Cell     Fanout Load Trans Delay Arrival Instance 
#                                                                                              (fF)  (ps)  (ps)   (ps)  Location 
#--------------------------------------------------------------------------------------------------------------------------------
  clk_sys                                                 (i)     -     R     (arrival)   4859  0.0     0     0    6250    (-,-) 
  u_core_u_drain_ctrl_emit_wr_data_q_reg[hit][nfast][1]/C <<<     -     R     DFRQHDX4    4859    -   150     0    6250    (-,-) 
#--------------------------------------------------------------------------------------------------------------------------------



Path 36: VIOLATED (-1301 ps) Setup Check with Pin u_core_u_drain_ctrl_emit_wr_data_q_reg[meta][nslow][6]/C->D
           View: wc_view
          Group: clk_sys
     Startpoint: (R) u_core_u_drain_ctrl_drain_ctx_q_reg[0]/C
          Clock: (R) clk_sys
       Endpoint: (R) u_core_u_drain_ctrl_emit_wr_data_q_reg[meta][nslow][6]/D
          Clock: (R) clk_sys

                     Capture       Launch     
        Clock Edge:+    6250            0     
       Src Latency:+       0            0     
       Net Latency:+       0 (I)        0 (I) 
           Arrival:=    6250            0     
                                              
             Setup:-     241                  
       Uncertainty:-     300                  
     Required Time:=    5709                  
      Launch Clock:-       0                  
         Data Path:-    7010                  
             Slack:=   -1301                  

Launch clock path:
#-----------------------------------------------------------------------------------------------------------------
#              Timing Point                Flags   Arc   Edge   Cell     Fanout Load Trans Delay Arrival Instance 
#                                                                               (fF)  (ps)  (ps)   (ps)  Location 
#-----------------------------------------------------------------------------------------------------------------
  clk_sys                                  (i)     -     R     (arrival)   4859  0.0     0     0       0    (-,-) 
  u_core_u_drain_ctrl_drain_ctx_q_reg[0]/C <<<     -     R     DFRSHDX2    4859    -   150     0       0    (-,-) 
#-----------------------------------------------------------------------------------------------------------------

#----------------------------------------------------------------------------------------------------------------------------------
#                      Timing Point                        Flags   Arc   Edge   Cell     Fanout  Load Trans Delay Arrival Instance 
#                                                                                                (fF)  (ps)  (ps)   (ps)  Location 
#----------------------------------------------------------------------------------------------------------------------------------
  u_core_u_drain_ctrl_drain_ctx_q_reg[0]/C                 -       -     R     (arrival)   4859     -   150     0       0    (-,-) 
  u_core_u_drain_ctrl_drain_ctx_q_reg[0]/Q                 -       C->Q  F     DFRSHDX2       2  52.7   320  1150    1150    (-,-) 
  fopt664/Q                                                -       A->Q  F     BUHDX6         6 191.2   256   511    1661    (-,-) 
  fopt661/Q                                                -       A->Q  F     BUHDX6         7 116.3   174   414    2075    (-,-) 
  fopt641/Q                                                -       A->Q  R     INHDX3         2  25.2   126   150    2225    (-,-) 
  g123836/Q                                                -       D->Q  F     ON22HDX2       1  13.7    80   537    2762    (-,-) 
  g245/Q                                                   -       B->Q  R     AN22HDX1       1  13.1   499   514    3276    (-,-) 
  g219/Q                                                   -       B->Q  R     AND4HDX1       1  15.4   224   622    3897    (-,-) 
  g216/Q                                                   -       C->Q  R     AND4HDX2       1  35.4   261   719    4616    (-,-) 
  g214/Q                                                   -       B->Q  F     NA2HDX4        2  37.4   156   190    4807    (-,-) 
  fopt203679/Q                                             -       A->Q  F     BUHDX3         3  55.4   167   363    5170    (-,-) 
  g191657/Q                                                -       C->Q  R     NA3I2HDX2      2  29.9   296   318    5488    (-,-) 
  g191608/Q                                                -       A->Q  R     NA22HDX4       2  56.7   249   459    5947    (-,-) 
  fopt203712/Q                                             -       A->Q  R     BUHDX6         8 183.8   303   416    6363    (-,-) 
  fopt203711/Q                                             -       A->Q  F     INHDX6         8 100.1   178   233    6596    (-,-) 
  g191520/Q                                                -       A->Q  R     ON21HDX1       1  11.1   388   414    7010    (-,-) 
  u_core_u_drain_ctrl_emit_wr_data_q_reg[meta][nslow][6]/D -       -     R     DFRHDX1        1     -     -     0    7010    (-,-) 
#----------------------------------------------------------------------------------------------------------------------------------

Capture clock path:
#---------------------------------------------------------------------------------------------------------------------------------
#                      Timing Point                        Flags   Arc   Edge   Cell     Fanout Load Trans Delay Arrival Instance 
#                                                                                               (fF)  (ps)  (ps)   (ps)  Location 
#---------------------------------------------------------------------------------------------------------------------------------
  clk_sys                                                  (i)     -     R     (arrival)   4859  0.0     0     0    6250    (-,-) 
  u_core_u_drain_ctrl_emit_wr_data_q_reg[meta][nslow][6]/C <<<     -     R     DFRHDX1     4859    -   150     0    6250    (-,-) 
#---------------------------------------------------------------------------------------------------------------------------------



Path 37: VIOLATED (-1301 ps) Setup Check with Pin u_core_u_drain_ctrl_emit_wr_data_q_reg[meta][nslow][5]/C->D
           View: wc_view
          Group: clk_sys
     Startpoint: (R) u_core_u_drain_ctrl_drain_ctx_q_reg[0]/C
          Clock: (R) clk_sys
       Endpoint: (R) u_core_u_drain_ctrl_emit_wr_data_q_reg[meta][nslow][5]/D
          Clock: (R) clk_sys

                     Capture       Launch     
        Clock Edge:+    6250            0     
       Src Latency:+       0            0     
       Net Latency:+       0 (I)        0 (I) 
           Arrival:=    6250            0     
                                              
             Setup:-     241                  
       Uncertainty:-     300                  
     Required Time:=    5709                  
      Launch Clock:-       0                  
         Data Path:-    7010                  
             Slack:=   -1301                  

Launch clock path:
#-----------------------------------------------------------------------------------------------------------------
#              Timing Point                Flags   Arc   Edge   Cell     Fanout Load Trans Delay Arrival Instance 
#                                                                               (fF)  (ps)  (ps)   (ps)  Location 
#-----------------------------------------------------------------------------------------------------------------
  clk_sys                                  (i)     -     R     (arrival)   4859  0.0     0     0       0    (-,-) 
  u_core_u_drain_ctrl_drain_ctx_q_reg[0]/C <<<     -     R     DFRSHDX2    4859    -   150     0       0    (-,-) 
#-----------------------------------------------------------------------------------------------------------------

#----------------------------------------------------------------------------------------------------------------------------------
#                      Timing Point                        Flags   Arc   Edge   Cell     Fanout  Load Trans Delay Arrival Instance 
#                                                                                                (fF)  (ps)  (ps)   (ps)  Location 
#----------------------------------------------------------------------------------------------------------------------------------
  u_core_u_drain_ctrl_drain_ctx_q_reg[0]/C                 -       -     R     (arrival)   4859     -   150     0       0    (-,-) 
  u_core_u_drain_ctrl_drain_ctx_q_reg[0]/Q                 -       C->Q  F     DFRSHDX2       2  52.7   320  1150    1150    (-,-) 
  fopt664/Q                                                -       A->Q  F     BUHDX6         6 191.2   256   511    1661    (-,-) 
  fopt661/Q                                                -       A->Q  F     BUHDX6         7 116.3   174   414    2075    (-,-) 
  fopt641/Q                                                -       A->Q  R     INHDX3         2  25.2   126   150    2225    (-,-) 
  g123836/Q                                                -       D->Q  F     ON22HDX2       1  13.7    80   537    2762    (-,-) 
  g245/Q                                                   -       B->Q  R     AN22HDX1       1  13.1   499   514    3276    (-,-) 
  g219/Q                                                   -       B->Q  R     AND4HDX1       1  15.4   224   622    3897    (-,-) 
  g216/Q                                                   -       C->Q  R     AND4HDX2       1  35.4   261   719    4616    (-,-) 
  g214/Q                                                   -       B->Q  F     NA2HDX4        2  37.4   156   190    4807    (-,-) 
  fopt203679/Q                                             -       A->Q  F     BUHDX3         3  55.4   167   363    5170    (-,-) 
  g191657/Q                                                -       C->Q  R     NA3I2HDX2      2  29.9   296   318    5488    (-,-) 
  g191608/Q                                                -       A->Q  R     NA22HDX4       2  56.7   249   459    5947    (-,-) 
  fopt203712/Q                                             -       A->Q  R     BUHDX6         8 183.8   303   416    6363    (-,-) 
  fopt203711/Q                                             -       A->Q  F     INHDX6         8 100.1   178   233    6596    (-,-) 
  g191519/Q                                                -       A->Q  R     ON21HDX1       1  11.1   388   414    7010    (-,-) 
  u_core_u_drain_ctrl_emit_wr_data_q_reg[meta][nslow][5]/D -       -     R     DFRHDX1        1     -     -     0    7010    (-,-) 
#----------------------------------------------------------------------------------------------------------------------------------

Capture clock path:
#---------------------------------------------------------------------------------------------------------------------------------
#                      Timing Point                        Flags   Arc   Edge   Cell     Fanout Load Trans Delay Arrival Instance 
#                                                                                               (fF)  (ps)  (ps)   (ps)  Location 
#---------------------------------------------------------------------------------------------------------------------------------
  clk_sys                                                  (i)     -     R     (arrival)   4859  0.0     0     0    6250    (-,-) 
  u_core_u_drain_ctrl_emit_wr_data_q_reg[meta][nslow][5]/C <<<     -     R     DFRHDX1     4859    -   150     0    6250    (-,-) 
#---------------------------------------------------------------------------------------------------------------------------------



Path 38: VIOLATED (-1301 ps) Setup Check with Pin u_core_u_drain_ctrl_emit_wr_data_q_reg[meta][nfast][3]/C->D
           View: wc_view
          Group: clk_sys
     Startpoint: (R) u_core_u_drain_ctrl_drain_ctx_q_reg[0]/C
          Clock: (R) clk_sys
       Endpoint: (R) u_core_u_drain_ctrl_emit_wr_data_q_reg[meta][nfast][3]/D
          Clock: (R) clk_sys

                     Capture       Launch     
        Clock Edge:+    6250            0     
       Src Latency:+       0            0     
       Net Latency:+       0 (I)        0 (I) 
           Arrival:=    6250            0     
                                              
             Setup:-     241                  
       Uncertainty:-     300                  
     Required Time:=    5709                  
      Launch Clock:-       0                  
         Data Path:-    7010                  
             Slack:=   -1301                  

Launch clock path:
#-----------------------------------------------------------------------------------------------------------------
#              Timing Point                Flags   Arc   Edge   Cell     Fanout Load Trans Delay Arrival Instance 
#                                                                               (fF)  (ps)  (ps)   (ps)  Location 
#-----------------------------------------------------------------------------------------------------------------
  clk_sys                                  (i)     -     R     (arrival)   4859  0.0     0     0       0    (-,-) 
  u_core_u_drain_ctrl_drain_ctx_q_reg[0]/C <<<     -     R     DFRSHDX2    4859    -   150     0       0    (-,-) 
#-----------------------------------------------------------------------------------------------------------------

#----------------------------------------------------------------------------------------------------------------------------------
#                      Timing Point                        Flags   Arc   Edge   Cell     Fanout  Load Trans Delay Arrival Instance 
#                                                                                                (fF)  (ps)  (ps)   (ps)  Location 
#----------------------------------------------------------------------------------------------------------------------------------
  u_core_u_drain_ctrl_drain_ctx_q_reg[0]/C                 -       -     R     (arrival)   4859     -   150     0       0    (-,-) 
  u_core_u_drain_ctrl_drain_ctx_q_reg[0]/Q                 -       C->Q  F     DFRSHDX2       2  52.7   320  1150    1150    (-,-) 
  fopt664/Q                                                -       A->Q  F     BUHDX6         6 191.2   256   511    1661    (-,-) 
  fopt661/Q                                                -       A->Q  F     BUHDX6         7 116.3   174   414    2075    (-,-) 
  fopt641/Q                                                -       A->Q  R     INHDX3         2  25.2   126   150    2225    (-,-) 
  g123836/Q                                                -       D->Q  F     ON22HDX2       1  13.7    80   537    2762    (-,-) 
  g245/Q                                                   -       B->Q  R     AN22HDX1       1  13.1   499   514    3276    (-,-) 
  g219/Q                                                   -       B->Q  R     AND4HDX1       1  15.4   224   622    3897    (-,-) 
  g216/Q                                                   -       C->Q  R     AND4HDX2       1  35.4   261   719    4616    (-,-) 
  g214/Q                                                   -       B->Q  F     NA2HDX4        2  37.4   156   190    4807    (-,-) 
  fopt203679/Q                                             -       A->Q  F     BUHDX3         3  55.4   167   363    5170    (-,-) 
  g191657/Q                                                -       C->Q  R     NA3I2HDX2      2  29.9   296   318    5488    (-,-) 
  g191608/Q                                                -       A->Q  R     NA22HDX4       2  56.7   249   459    5947    (-,-) 
  fopt203712/Q                                             -       A->Q  R     BUHDX6         8 183.8   303   416    6363    (-,-) 
  fopt203711/Q                                             -       A->Q  F     INHDX6         8 100.1   178   233    6596    (-,-) 
  g191533/Q                                                -       A->Q  R     ON21HDX1       1  11.1   388   414    7010    (-,-) 
  u_core_u_drain_ctrl_emit_wr_data_q_reg[meta][nfast][3]/D -       -     R     DFRHDX1        1     -     -     0    7010    (-,-) 
#----------------------------------------------------------------------------------------------------------------------------------

Capture clock path:
#---------------------------------------------------------------------------------------------------------------------------------
#                      Timing Point                        Flags   Arc   Edge   Cell     Fanout Load Trans Delay Arrival Instance 
#                                                                                               (fF)  (ps)  (ps)   (ps)  Location 
#---------------------------------------------------------------------------------------------------------------------------------
  clk_sys                                                  (i)     -     R     (arrival)   4859  0.0     0     0    6250    (-,-) 
  u_core_u_drain_ctrl_emit_wr_data_q_reg[meta][nfast][3]/C <<<     -     R     DFRHDX1     4859    -   150     0    6250    (-,-) 
#---------------------------------------------------------------------------------------------------------------------------------



Path 39: VIOLATED (-1301 ps) Setup Check with Pin u_core_u_drain_ctrl_emit_wr_data_q_reg[meta][nfast][2]/C->D
           View: wc_view
          Group: clk_sys
     Startpoint: (R) u_core_u_drain_ctrl_drain_ctx_q_reg[0]/C
          Clock: (R) clk_sys
       Endpoint: (R) u_core_u_drain_ctrl_emit_wr_data_q_reg[meta][nfast][2]/D
          Clock: (R) clk_sys

                     Capture       Launch     
        Clock Edge:+    6250            0     
       Src Latency:+       0            0     
       Net Latency:+       0 (I)        0 (I) 
           Arrival:=    6250            0     
                                              
             Setup:-     241                  
       Uncertainty:-     300                  
     Required Time:=    5709                  
      Launch Clock:-       0                  
         Data Path:-    7010                  
             Slack:=   -1301                  

Launch clock path:
#-----------------------------------------------------------------------------------------------------------------
#              Timing Point                Flags   Arc   Edge   Cell     Fanout Load Trans Delay Arrival Instance 
#                                                                               (fF)  (ps)  (ps)   (ps)  Location 
#-----------------------------------------------------------------------------------------------------------------
  clk_sys                                  (i)     -     R     (arrival)   4859  0.0     0     0       0    (-,-) 
  u_core_u_drain_ctrl_drain_ctx_q_reg[0]/C <<<     -     R     DFRSHDX2    4859    -   150     0       0    (-,-) 
#-----------------------------------------------------------------------------------------------------------------

#----------------------------------------------------------------------------------------------------------------------------------
#                      Timing Point                        Flags   Arc   Edge   Cell     Fanout  Load Trans Delay Arrival Instance 
#                                                                                                (fF)  (ps)  (ps)   (ps)  Location 
#----------------------------------------------------------------------------------------------------------------------------------
  u_core_u_drain_ctrl_drain_ctx_q_reg[0]/C                 -       -     R     (arrival)   4859     -   150     0       0    (-,-) 
  u_core_u_drain_ctrl_drain_ctx_q_reg[0]/Q                 -       C->Q  F     DFRSHDX2       2  52.7   320  1150    1150    (-,-) 
  fopt664/Q                                                -       A->Q  F     BUHDX6         6 191.2   256   511    1661    (-,-) 
  fopt661/Q                                                -       A->Q  F     BUHDX6         7 116.3   174   414    2075    (-,-) 
  fopt641/Q                                                -       A->Q  R     INHDX3         2  25.2   126   150    2225    (-,-) 
  g123836/Q                                                -       D->Q  F     ON22HDX2       1  13.7    80   537    2762    (-,-) 
  g245/Q                                                   -       B->Q  R     AN22HDX1       1  13.1   499   514    3276    (-,-) 
  g219/Q                                                   -       B->Q  R     AND4HDX1       1  15.4   224   622    3897    (-,-) 
  g216/Q                                                   -       C->Q  R     AND4HDX2       1  35.4   261   719    4616    (-,-) 
  g214/Q                                                   -       B->Q  F     NA2HDX4        2  37.4   156   190    4807    (-,-) 
  fopt203679/Q                                             -       A->Q  F     BUHDX3         3  55.4   167   363    5170    (-,-) 
  g191657/Q                                                -       C->Q  R     NA3I2HDX2      2  29.9   296   318    5488    (-,-) 
  g191608/Q                                                -       A->Q  R     NA22HDX4       2  56.7   249   459    5947    (-,-) 
  fopt203712/Q                                             -       A->Q  R     BUHDX6         8 183.8   303   416    6363    (-,-) 
  fopt203711/Q                                             -       A->Q  F     INHDX6         8 100.1   178   233    6596    (-,-) 
  g191510/Q                                                -       A->Q  R     ON21HDX1       1  11.1   388   414    7010    (-,-) 
  u_core_u_drain_ctrl_emit_wr_data_q_reg[meta][nfast][2]/D -       -     R     DFRHDX1        1     -     -     0    7010    (-,-) 
#----------------------------------------------------------------------------------------------------------------------------------

Capture clock path:
#---------------------------------------------------------------------------------------------------------------------------------
#                      Timing Point                        Flags   Arc   Edge   Cell     Fanout Load Trans Delay Arrival Instance 
#                                                                                               (fF)  (ps)  (ps)   (ps)  Location 
#---------------------------------------------------------------------------------------------------------------------------------
  clk_sys                                                  (i)     -     R     (arrival)   4859  0.0     0     0    6250    (-,-) 
  u_core_u_drain_ctrl_emit_wr_data_q_reg[meta][nfast][2]/C <<<     -     R     DFRHDX1     4859    -   150     0    6250    (-,-) 
#---------------------------------------------------------------------------------------------------------------------------------



Path 40: VIOLATED (-1301 ps) Setup Check with Pin u_core_u_drain_ctrl_emit_wr_data_q_reg[meta][nfast][1]/C->D
           View: wc_view
          Group: clk_sys
     Startpoint: (R) u_core_u_drain_ctrl_drain_ctx_q_reg[0]/C
          Clock: (R) clk_sys
       Endpoint: (R) u_core_u_drain_ctrl_emit_wr_data_q_reg[meta][nfast][1]/D
          Clock: (R) clk_sys

                     Capture       Launch     
        Clock Edge:+    6250            0     
       Src Latency:+       0            0     
       Net Latency:+       0 (I)        0 (I) 
           Arrival:=    6250            0     
                                              
             Setup:-     241                  
       Uncertainty:-     300                  
     Required Time:=    5709                  
      Launch Clock:-       0                  
         Data Path:-    7010                  
             Slack:=   -1301                  

Launch clock path:
#-----------------------------------------------------------------------------------------------------------------
#              Timing Point                Flags   Arc   Edge   Cell     Fanout Load Trans Delay Arrival Instance 
#                                                                               (fF)  (ps)  (ps)   (ps)  Location 
#-----------------------------------------------------------------------------------------------------------------
  clk_sys                                  (i)     -     R     (arrival)   4859  0.0     0     0       0    (-,-) 
  u_core_u_drain_ctrl_drain_ctx_q_reg[0]/C <<<     -     R     DFRSHDX2    4859    -   150     0       0    (-,-) 
#-----------------------------------------------------------------------------------------------------------------

#----------------------------------------------------------------------------------------------------------------------------------
#                      Timing Point                        Flags   Arc   Edge   Cell     Fanout  Load Trans Delay Arrival Instance 
#                                                                                                (fF)  (ps)  (ps)   (ps)  Location 
#----------------------------------------------------------------------------------------------------------------------------------
  u_core_u_drain_ctrl_drain_ctx_q_reg[0]/C                 -       -     R     (arrival)   4859     -   150     0       0    (-,-) 
  u_core_u_drain_ctrl_drain_ctx_q_reg[0]/Q                 -       C->Q  F     DFRSHDX2       2  52.7   320  1150    1150    (-,-) 
  fopt664/Q                                                -       A->Q  F     BUHDX6         6 191.2   256   511    1661    (-,-) 
  fopt661/Q                                                -       A->Q  F     BUHDX6         7 116.3   174   414    2075    (-,-) 
  fopt641/Q                                                -       A->Q  R     INHDX3         2  25.2   126   150    2225    (-,-) 
  g123836/Q                                                -       D->Q  F     ON22HDX2       1  13.7    80   537    2762    (-,-) 
  g245/Q                                                   -       B->Q  R     AN22HDX1       1  13.1   499   514    3276    (-,-) 
  g219/Q                                                   -       B->Q  R     AND4HDX1       1  15.4   224   622    3897    (-,-) 
  g216/Q                                                   -       C->Q  R     AND4HDX2       1  35.4   261   719    4616    (-,-) 
  g214/Q                                                   -       B->Q  F     NA2HDX4        2  37.4   156   190    4807    (-,-) 
  fopt203679/Q                                             -       A->Q  F     BUHDX3         3  55.4   167   363    5170    (-,-) 
  g191657/Q                                                -       C->Q  R     NA3I2HDX2      2  29.9   296   318    5488    (-,-) 
  g191608/Q                                                -       A->Q  R     NA22HDX4       2  56.7   249   459    5947    (-,-) 
  fopt203712/Q                                             -       A->Q  R     BUHDX6         8 183.8   303   416    6363    (-,-) 
  fopt203711/Q                                             -       A->Q  F     INHDX6         8 100.1   178   233    6596    (-,-) 
  g191509/Q                                                -       A->Q  R     ON21HDX1       1  11.1   388   414    7010    (-,-) 
  u_core_u_drain_ctrl_emit_wr_data_q_reg[meta][nfast][1]/D -       -     R     DFRHDX1        1     -     -     0    7010    (-,-) 
#----------------------------------------------------------------------------------------------------------------------------------

Capture clock path:
#---------------------------------------------------------------------------------------------------------------------------------
#                      Timing Point                        Flags   Arc   Edge   Cell     Fanout Load Trans Delay Arrival Instance 
#                                                                                               (fF)  (ps)  (ps)   (ps)  Location 
#---------------------------------------------------------------------------------------------------------------------------------
  clk_sys                                                  (i)     -     R     (arrival)   4859  0.0     0     0    6250    (-,-) 
  u_core_u_drain_ctrl_emit_wr_data_q_reg[meta][nfast][1]/C <<<     -     R     DFRHDX1     4859    -   150     0    6250    (-,-) 
#---------------------------------------------------------------------------------------------------------------------------------



Path 41: VIOLATED (-1301 ps) Setup Check with Pin u_core_u_drain_ctrl_emit_wr_data_q_reg[meta][nfast][0]/C->D
           View: wc_view
          Group: clk_sys
     Startpoint: (R) u_core_u_drain_ctrl_drain_ctx_q_reg[0]/C
          Clock: (R) clk_sys
       Endpoint: (R) u_core_u_drain_ctrl_emit_wr_data_q_reg[meta][nfast][0]/D
          Clock: (R) clk_sys

                     Capture       Launch     
        Clock Edge:+    6250            0     
       Src Latency:+       0            0     
       Net Latency:+       0 (I)        0 (I) 
           Arrival:=    6250            0     
                                              
             Setup:-     241                  
       Uncertainty:-     300                  
     Required Time:=    5709                  
      Launch Clock:-       0                  
         Data Path:-    7010                  
             Slack:=   -1301                  

Launch clock path:
#-----------------------------------------------------------------------------------------------------------------
#              Timing Point                Flags   Arc   Edge   Cell     Fanout Load Trans Delay Arrival Instance 
#                                                                               (fF)  (ps)  (ps)   (ps)  Location 
#-----------------------------------------------------------------------------------------------------------------
  clk_sys                                  (i)     -     R     (arrival)   4859  0.0     0     0       0    (-,-) 
  u_core_u_drain_ctrl_drain_ctx_q_reg[0]/C <<<     -     R     DFRSHDX2    4859    -   150     0       0    (-,-) 
#-----------------------------------------------------------------------------------------------------------------

#----------------------------------------------------------------------------------------------------------------------------------
#                      Timing Point                        Flags   Arc   Edge   Cell     Fanout  Load Trans Delay Arrival Instance 
#                                                                                                (fF)  (ps)  (ps)   (ps)  Location 
#----------------------------------------------------------------------------------------------------------------------------------
  u_core_u_drain_ctrl_drain_ctx_q_reg[0]/C                 -       -     R     (arrival)   4859     -   150     0       0    (-,-) 
  u_core_u_drain_ctrl_drain_ctx_q_reg[0]/Q                 -       C->Q  F     DFRSHDX2       2  52.7   320  1150    1150    (-,-) 
  fopt664/Q                                                -       A->Q  F     BUHDX6         6 191.2   256   511    1661    (-,-) 
  fopt661/Q                                                -       A->Q  F     BUHDX6         7 116.3   174   414    2075    (-,-) 
  fopt641/Q                                                -       A->Q  R     INHDX3         2  25.2   126   150    2225    (-,-) 
  g123836/Q                                                -       D->Q  F     ON22HDX2       1  13.7    80   537    2762    (-,-) 
  g245/Q                                                   -       B->Q  R     AN22HDX1       1  13.1   499   514    3276    (-,-) 
  g219/Q                                                   -       B->Q  R     AND4HDX1       1  15.4   224   622    3897    (-,-) 
  g216/Q                                                   -       C->Q  R     AND4HDX2       1  35.4   261   719    4616    (-,-) 
  g214/Q                                                   -       B->Q  F     NA2HDX4        2  37.4   156   190    4807    (-,-) 
  fopt203679/Q                                             -       A->Q  F     BUHDX3         3  55.4   167   363    5170    (-,-) 
  g191657/Q                                                -       C->Q  R     NA3I2HDX2      2  29.9   296   318    5488    (-,-) 
  g191608/Q                                                -       A->Q  R     NA22HDX4       2  56.7   249   459    5947    (-,-) 
  fopt203712/Q                                             -       A->Q  R     BUHDX6         8 183.8   303   416    6363    (-,-) 
  fopt203711/Q                                             -       A->Q  F     INHDX6         8 100.1   178   233    6596    (-,-) 
  g191508/Q                                                -       A->Q  R     ON21HDX1       1  11.1   388   414    7010    (-,-) 
  u_core_u_drain_ctrl_emit_wr_data_q_reg[meta][nfast][0]/D -       -     R     DFRHDX1        1     -     -     0    7010    (-,-) 
#----------------------------------------------------------------------------------------------------------------------------------

Capture clock path:
#---------------------------------------------------------------------------------------------------------------------------------
#                      Timing Point                        Flags   Arc   Edge   Cell     Fanout Load Trans Delay Arrival Instance 
#                                                                                               (fF)  (ps)  (ps)   (ps)  Location 
#---------------------------------------------------------------------------------------------------------------------------------
  clk_sys                                                  (i)     -     R     (arrival)   4859  0.0     0     0    6250    (-,-) 
  u_core_u_drain_ctrl_emit_wr_data_q_reg[meta][nfast][0]/C <<<     -     R     DFRHDX1     4859    -   150     0    6250    (-,-) 
#---------------------------------------------------------------------------------------------------------------------------------



Path 42: VIOLATED (-1301 ps) Setup Check with Pin u_core_u_drain_ctrl_emit_wr_data_q_reg[meta][hit_count][3]/C->D
           View: wc_view
          Group: clk_sys
     Startpoint: (R) u_core_u_drain_ctrl_drain_ctx_q_reg[0]/C
          Clock: (R) clk_sys
       Endpoint: (R) u_core_u_drain_ctrl_emit_wr_data_q_reg[meta][hit_count][3]/D
          Clock: (R) clk_sys

                     Capture       Launch     
        Clock Edge:+    6250            0     
       Src Latency:+       0            0     
       Net Latency:+       0 (I)        0 (I) 
           Arrival:=    6250            0     
                                              
             Setup:-     241                  
       Uncertainty:-     300                  
     Required Time:=    5709                  
      Launch Clock:-       0                  
         Data Path:-    7010                  
             Slack:=   -1301                  

Launch clock path:
#-----------------------------------------------------------------------------------------------------------------
#              Timing Point                Flags   Arc   Edge   Cell     Fanout Load Trans Delay Arrival Instance 
#                                                                               (fF)  (ps)  (ps)   (ps)  Location 
#-----------------------------------------------------------------------------------------------------------------
  clk_sys                                  (i)     -     R     (arrival)   4859  0.0     0     0       0    (-,-) 
  u_core_u_drain_ctrl_drain_ctx_q_reg[0]/C <<<     -     R     DFRSHDX2    4859    -   150     0       0    (-,-) 
#-----------------------------------------------------------------------------------------------------------------

#--------------------------------------------------------------------------------------------------------------------------------------
#                        Timing Point                          Flags   Arc   Edge   Cell     Fanout  Load Trans Delay Arrival Instance 
#                                                                                                    (fF)  (ps)  (ps)   (ps)  Location 
#--------------------------------------------------------------------------------------------------------------------------------------
  u_core_u_drain_ctrl_drain_ctx_q_reg[0]/C                     -       -     R     (arrival)   4859     -   150     0       0    (-,-) 
  u_core_u_drain_ctrl_drain_ctx_q_reg[0]/Q                     -       C->Q  F     DFRSHDX2       2  52.7   320  1150    1150    (-,-) 
  fopt664/Q                                                    -       A->Q  F     BUHDX6         6 191.2   256   511    1661    (-,-) 
  fopt661/Q                                                    -       A->Q  F     BUHDX6         7 116.3   174   414    2075    (-,-) 
  fopt641/Q                                                    -       A->Q  R     INHDX3         2  25.2   126   150    2225    (-,-) 
  g123836/Q                                                    -       D->Q  F     ON22HDX2       1  13.7    80   537    2762    (-,-) 
  g245/Q                                                       -       B->Q  R     AN22HDX1       1  13.1   499   514    3276    (-,-) 
  g219/Q                                                       -       B->Q  R     AND4HDX1       1  15.4   224   622    3897    (-,-) 
  g216/Q                                                       -       C->Q  R     AND4HDX2       1  35.4   261   719    4616    (-,-) 
  g214/Q                                                       -       B->Q  F     NA2HDX4        2  37.4   156   190    4807    (-,-) 
  fopt203679/Q                                                 -       A->Q  F     BUHDX3         3  55.4   167   363    5170    (-,-) 
  g191657/Q                                                    -       C->Q  R     NA3I2HDX2      2  29.9   296   318    5488    (-,-) 
  g191608/Q                                                    -       A->Q  R     NA22HDX4       2  56.7   249   459    5947    (-,-) 
  fopt203712/Q                                                 -       A->Q  R     BUHDX6         8 183.8   303   416    6363    (-,-) 
  fopt203711/Q                                                 -       A->Q  F     INHDX6         8 100.1   178   233    6596    (-,-) 
  g191507/Q                                                    -       A->Q  R     ON21HDX1       1  11.1   388   414    7010    (-,-) 
  u_core_u_drain_ctrl_emit_wr_data_q_reg[meta][hit_count][3]/D -       -     R     DFRHDX1        1     -     -     0    7010    (-,-) 
#--------------------------------------------------------------------------------------------------------------------------------------

Capture clock path:
#-------------------------------------------------------------------------------------------------------------------------------------
#                        Timing Point                          Flags   Arc   Edge   Cell     Fanout Load Trans Delay Arrival Instance 
#                                                                                                   (fF)  (ps)  (ps)   (ps)  Location 
#-------------------------------------------------------------------------------------------------------------------------------------
  clk_sys                                                      (i)     -     R     (arrival)   4859  0.0     0     0    6250    (-,-) 
  u_core_u_drain_ctrl_emit_wr_data_q_reg[meta][hit_count][3]/C <<<     -     R     DFRHDX1     4859    -   150     0    6250    (-,-) 
#-------------------------------------------------------------------------------------------------------------------------------------



Path 43: VIOLATED (-1301 ps) Setup Check with Pin u_core_u_drain_ctrl_emit_wr_data_q_reg[meta][hit_count][2]/C->D
           View: wc_view
          Group: clk_sys
     Startpoint: (R) u_core_u_drain_ctrl_drain_ctx_q_reg[0]/C
          Clock: (R) clk_sys
       Endpoint: (R) u_core_u_drain_ctrl_emit_wr_data_q_reg[meta][hit_count][2]/D
          Clock: (R) clk_sys

                     Capture       Launch     
        Clock Edge:+    6250            0     
       Src Latency:+       0            0     
       Net Latency:+       0 (I)        0 (I) 
           Arrival:=    6250            0     
                                              
             Setup:-     241                  
       Uncertainty:-     300                  
     Required Time:=    5709                  
      Launch Clock:-       0                  
         Data Path:-    7010                  
             Slack:=   -1301                  

Launch clock path:
#-----------------------------------------------------------------------------------------------------------------
#              Timing Point                Flags   Arc   Edge   Cell     Fanout Load Trans Delay Arrival Instance 
#                                                                               (fF)  (ps)  (ps)   (ps)  Location 
#-----------------------------------------------------------------------------------------------------------------
  clk_sys                                  (i)     -     R     (arrival)   4859  0.0     0     0       0    (-,-) 
  u_core_u_drain_ctrl_drain_ctx_q_reg[0]/C <<<     -     R     DFRSHDX2    4859    -   150     0       0    (-,-) 
#-----------------------------------------------------------------------------------------------------------------

#--------------------------------------------------------------------------------------------------------------------------------------
#                        Timing Point                          Flags   Arc   Edge   Cell     Fanout  Load Trans Delay Arrival Instance 
#                                                                                                    (fF)  (ps)  (ps)   (ps)  Location 
#--------------------------------------------------------------------------------------------------------------------------------------
  u_core_u_drain_ctrl_drain_ctx_q_reg[0]/C                     -       -     R     (arrival)   4859     -   150     0       0    (-,-) 
  u_core_u_drain_ctrl_drain_ctx_q_reg[0]/Q                     -       C->Q  F     DFRSHDX2       2  52.7   320  1150    1150    (-,-) 
  fopt664/Q                                                    -       A->Q  F     BUHDX6         6 191.2   256   511    1661    (-,-) 
  fopt661/Q                                                    -       A->Q  F     BUHDX6         7 116.3   174   414    2075    (-,-) 
  fopt641/Q                                                    -       A->Q  R     INHDX3         2  25.2   126   150    2225    (-,-) 
  g123836/Q                                                    -       D->Q  F     ON22HDX2       1  13.7    80   537    2762    (-,-) 
  g245/Q                                                       -       B->Q  R     AN22HDX1       1  13.1   499   514    3276    (-,-) 
  g219/Q                                                       -       B->Q  R     AND4HDX1       1  15.4   224   622    3897    (-,-) 
  g216/Q                                                       -       C->Q  R     AND4HDX2       1  35.4   261   719    4616    (-,-) 
  g214/Q                                                       -       B->Q  F     NA2HDX4        2  37.4   156   190    4807    (-,-) 
  fopt203679/Q                                                 -       A->Q  F     BUHDX3         3  55.4   167   363    5170    (-,-) 
  g191657/Q                                                    -       C->Q  R     NA3I2HDX2      2  29.9   296   318    5488    (-,-) 
  g191608/Q                                                    -       A->Q  R     NA22HDX4       2  56.7   249   459    5947    (-,-) 
  fopt203712/Q                                                 -       A->Q  R     BUHDX6         8 183.8   303   416    6363    (-,-) 
  fopt203711/Q                                                 -       A->Q  F     INHDX6         8 100.1   178   233    6596    (-,-) 
  g191506/Q                                                    -       A->Q  R     ON21HDX1       1  11.1   388   414    7010    (-,-) 
  u_core_u_drain_ctrl_emit_wr_data_q_reg[meta][hit_count][2]/D -       -     R     DFRHDX1        1     -     -     0    7010    (-,-) 
#--------------------------------------------------------------------------------------------------------------------------------------

Capture clock path:
#-------------------------------------------------------------------------------------------------------------------------------------
#                        Timing Point                          Flags   Arc   Edge   Cell     Fanout Load Trans Delay Arrival Instance 
#                                                                                                   (fF)  (ps)  (ps)   (ps)  Location 
#-------------------------------------------------------------------------------------------------------------------------------------
  clk_sys                                                      (i)     -     R     (arrival)   4859  0.0     0     0    6250    (-,-) 
  u_core_u_drain_ctrl_emit_wr_data_q_reg[meta][hit_count][2]/C <<<     -     R     DFRHDX1     4859    -   150     0    6250    (-,-) 
#-------------------------------------------------------------------------------------------------------------------------------------



Path 44: VIOLATED (-1279 ps) Setup Check with Pin u_core_u_drain_ctrl_emit_wr_data_q_reg[hit][nf][1]/C->D
           View: wc_view
          Group: clk_sys
     Startpoint: (R) u_core_u_drain_ctrl_pd_scan_q_reg[5]/C
          Clock: (R) clk_sys
       Endpoint: (F) u_core_u_drain_ctrl_emit_wr_data_q_reg[hit][nf][1]/D
          Clock: (R) clk_sys

                     Capture       Launch     
        Clock Edge:+    6250            0     
       Src Latency:+       0            0     
       Net Latency:+       0 (I)        0 (I) 
           Arrival:=    6250            0     
                                              
             Setup:-     522                  
       Uncertainty:-     300                  
     Required Time:=    5428                  
      Launch Clock:-       0                  
         Data Path:-    6707                  
             Slack:=   -1279                  

Launch clock path:
#---------------------------------------------------------------------------------------------------------------
#             Timing Point               Flags   Arc   Edge   Cell     Fanout Load Trans Delay Arrival Instance 
#                                                                             (fF)  (ps)  (ps)   (ps)  Location 
#---------------------------------------------------------------------------------------------------------------
  clk_sys                                (i)     -     R     (arrival)   4859  0.0     0     0       0    (-,-) 
  u_core_u_drain_ctrl_pd_scan_q_reg[5]/C <<<     -     R     DFRSHDX1    4859    -   150     0       0    (-,-) 
#---------------------------------------------------------------------------------------------------------------

#------------------------------------------------------------------------------------------------------------------------------
#                    Timing Point                      Flags   Arc   Edge   Cell     Fanout  Load Trans Delay Arrival Instance 
#                                                                                            (fF)  (ps)  (ps)   (ps)  Location 
#------------------------------------------------------------------------------------------------------------------------------
  u_core_u_drain_ctrl_pd_scan_q_reg[5]/C               -       -     R     (arrival)   4859     -   150     0       0    (-,-) 
  u_core_u_drain_ctrl_pd_scan_q_reg[5]/Q               -       C->Q  F     DFRSHDX1       2  31.5   309  1022    1022    (-,-) 
  drc_bufs202939/Q                                     -       A->Q  F     BUHDX4         5  94.8   200   458    1481    (-,-) 
  g8565/Q                                              -       A->Q  R     INHDX6         5  66.4   151   179    1660    (-,-) 
  g8546/Q                                              -       A->Q  R     AND3HDX4       6  75.5   268   637    2297    (-,-) 
  g8537/Q                                              -       A->Q  F     INHDX3         3  39.2   148   196    2492    (-,-) 
  g8517/Q                                              -       A->Q  R     NO2HDX1        2  21.8   514   462    2954    (-,-) 
  g229/Q                                               -       B->Q  F     AN22HDX1       1  12.7   326   357    3311    (-,-) 
  g222/Q                                               -       C->Q  F     AND4HDX1       1  15.8   147   615    3927    (-,-) 
  g215/Q                                               -       D->Q  F     AND4HDX2       1  38.2   158   531    4457    (-,-) 
  g214/Q                                               -       A->Q  R     NA2HDX4        2  36.6   220   223    4681    (-,-) 
  fopt203679/Q                                         -       A->Q  R     BUHDX3         3  54.7   198   323    5004    (-,-) 
  g191657/Q                                            -       C->Q  F     NA3I2HDX2      2  30.4   250   230    5233    (-,-) 
  g191608/Q                                            -       A->Q  F     NA22HDX4       2  56.7   228   517    5750    (-,-) 
  fopt203706/Q                                         -       A->Q  R     INHDX3         2  56.7   221   256    6006    (-,-) 
  fopt203704/Q                                         -       A->Q  F     INHDX3         8 100.9   276   313    6319    (-,-) 
  g191485/Q                                            -       A->Q  F     NA22HDX1       1  11.2   164   388    6706    (-,-) 
  u_core_u_drain_ctrl_emit_wr_data_q_reg[hit][nf][1]/D -       -     F     DFRQHDX4       1     -     -     0    6707    (-,-) 
#------------------------------------------------------------------------------------------------------------------------------

Capture clock path:
#-----------------------------------------------------------------------------------------------------------------------------
#                    Timing Point                      Flags   Arc   Edge   Cell     Fanout Load Trans Delay Arrival Instance 
#                                                                                           (fF)  (ps)  (ps)   (ps)  Location 
#-----------------------------------------------------------------------------------------------------------------------------
  clk_sys                                              (i)     -     R     (arrival)   4859  0.0     0     0    6250    (-,-) 
  u_core_u_drain_ctrl_emit_wr_data_q_reg[hit][nf][1]/C <<<     -     R     DFRQHDX4    4859    -   150     0    6250    (-,-) 
#-----------------------------------------------------------------------------------------------------------------------------



Path 45: VIOLATED (-1273 ps) Setup Check with Pin u_core_u_drain_ctrl_emit_wr_data_q_reg[meta][stop_slow_phase_disc][2]/C->D
           View: wc_view
          Group: clk_sys
     Startpoint: (R) u_core_u_drain_ctrl_pd_scan_q_reg[5]/C
          Clock: (R) clk_sys
       Endpoint: (F) u_core_u_drain_ctrl_emit_wr_data_q_reg[meta][stop_slow_phase_disc][2]/D
          Clock: (R) clk_sys

                     Capture       Launch     
        Clock Edge:+    6250            0     
       Src Latency:+       0            0     
       Net Latency:+       0 (I)        0 (I) 
           Arrival:=    6250            0     
                                              
             Setup:-     578                  
       Uncertainty:-     300                  
     Required Time:=    5372                  
      Launch Clock:-       0                  
         Data Path:-    6645                  
             Slack:=   -1273                  

Launch clock path:
#---------------------------------------------------------------------------------------------------------------
#             Timing Point               Flags   Arc   Edge   Cell     Fanout Load Trans Delay Arrival Instance 
#                                                                             (fF)  (ps)  (ps)   (ps)  Location 
#---------------------------------------------------------------------------------------------------------------
  clk_sys                                (i)     -     R     (arrival)   4859  0.0     0     0       0    (-,-) 
  u_core_u_drain_ctrl_pd_scan_q_reg[5]/C <<<     -     R     DFRSHDX1    4859    -   150     0       0    (-,-) 
#---------------------------------------------------------------------------------------------------------------

#-------------------------------------------------------------------------------------------------------------------------------------------------
#                              Timing Point                               Flags   Arc   Edge   Cell     Fanout  Load Trans Delay Arrival Instance 
#                                                                                                               (fF)  (ps)  (ps)   (ps)  Location 
#-------------------------------------------------------------------------------------------------------------------------------------------------
  u_core_u_drain_ctrl_pd_scan_q_reg[5]/C                                  -       -     R     (arrival)   4859     -   150     0       0    (-,-) 
  u_core_u_drain_ctrl_pd_scan_q_reg[5]/Q                                  -       C->Q  F     DFRSHDX1       2  31.5   309  1022    1022    (-,-) 
  drc_bufs202939/Q                                                        -       A->Q  F     BUHDX4         5  94.8   200   458    1481    (-,-) 
  g8565/Q                                                                 -       A->Q  R     INHDX6         5  66.4   151   179    1660    (-,-) 
  g8546/Q                                                                 -       A->Q  R     AND3HDX4       6  75.5   268   637    2297    (-,-) 
  g8537/Q                                                                 -       A->Q  F     INHDX3         3  39.2   148   196    2492    (-,-) 
  g8517/Q                                                                 -       A->Q  R     NO2HDX1        2  21.8   514   462    2954    (-,-) 
  g229/Q                                                                  -       B->Q  F     AN22HDX1       1  12.7   326   357    3311    (-,-) 
  g222/Q                                                                  -       C->Q  F     AND4HDX1       1  15.8   147   615    3927    (-,-) 
  g215/Q                                                                  -       D->Q  F     AND4HDX2       1  38.2   158   531    4457    (-,-) 
  g214/Q                                                                  -       A->Q  R     NA2HDX4        2  36.6   220   223    4681    (-,-) 
  fopt203679/Q                                                            -       A->Q  R     BUHDX3         3  54.7   198   323    5004    (-,-) 
  g191657/Q                                                               -       C->Q  F     NA3I2HDX2      2  30.4   250   230    5233    (-,-) 
  g191608/Q                                                               -       A->Q  F     NA22HDX4       2  56.7   228   517    5750    (-,-) 
  fopt203712/Q                                                            -       A->Q  F     BUHDX6         8 179.5   242   464    6214    (-,-) 
  fopt203709/Q                                                            -       A->Q  R     INHDX2         2  27.7   182   222    6436    (-,-) 
  g191524/Q                                                               -       A->Q  F     ON21HDX1       1  11.2   205   208    6645    (-,-) 
  u_core_u_drain_ctrl_emit_wr_data_q_reg[meta][stop_slow_phase_disc][2]/D -       -     F     DFRHDX1        1     -     -     0    6645    (-,-) 
#-------------------------------------------------------------------------------------------------------------------------------------------------

Capture clock path:
#------------------------------------------------------------------------------------------------------------------------------------------------
#                              Timing Point                               Flags   Arc   Edge   Cell     Fanout Load Trans Delay Arrival Instance 
#                                                                                                              (fF)  (ps)  (ps)   (ps)  Location 
#------------------------------------------------------------------------------------------------------------------------------------------------
  clk_sys                                                                 (i)     -     R     (arrival)   4859  0.0     0     0    6250    (-,-) 
  u_core_u_drain_ctrl_emit_wr_data_q_reg[meta][stop_slow_phase_disc][2]/C <<<     -     R     DFRHDX1     4859    -   150     0    6250    (-,-) 
#------------------------------------------------------------------------------------------------------------------------------------------------



Path 46: VIOLATED (-1270 ps) Setup Check with Pin u_core_u_drain_ctrl_emit_wr_data_q_reg[hit][event_seq][0]/C->D
           View: wc_view
          Group: clk_sys
     Startpoint: (R) u_core_u_drain_ctrl_drain_ctx_q_reg[0]/C
          Clock: (R) clk_sys
       Endpoint: (R) u_core_u_drain_ctrl_emit_wr_data_q_reg[hit][event_seq][0]/D
          Clock: (R) clk_sys

                     Capture       Launch     
        Clock Edge:+    6250            0     
       Src Latency:+       0            0     
       Net Latency:+       0 (I)        0 (I) 
           Arrival:=    6250            0     
                                              
             Setup:-     241                  
       Uncertainty:-     300                  
     Required Time:=    5709                  
      Launch Clock:-       0                  
         Data Path:-    6979                  
             Slack:=   -1270                  

Launch clock path:
#-----------------------------------------------------------------------------------------------------------------
#              Timing Point                Flags   Arc   Edge   Cell     Fanout Load Trans Delay Arrival Instance 
#                                                                               (fF)  (ps)  (ps)   (ps)  Location 
#-----------------------------------------------------------------------------------------------------------------
  clk_sys                                  (i)     -     R     (arrival)   4859  0.0     0     0       0    (-,-) 
  u_core_u_drain_ctrl_drain_ctx_q_reg[0]/C <<<     -     R     DFRSHDX2    4859    -   150     0       0    (-,-) 
#-----------------------------------------------------------------------------------------------------------------

#-------------------------------------------------------------------------------------------------------------------------------------
#                        Timing Point                         Flags   Arc   Edge   Cell     Fanout  Load Trans Delay Arrival Instance 
#                                                                                                   (fF)  (ps)  (ps)   (ps)  Location 
#-------------------------------------------------------------------------------------------------------------------------------------
  u_core_u_drain_ctrl_drain_ctx_q_reg[0]/C                    -       -     R     (arrival)   4859     -   150     0       0    (-,-) 
  u_core_u_drain_ctrl_drain_ctx_q_reg[0]/Q                    -       C->Q  F     DFRSHDX2       2  52.7   320  1150    1150    (-,-) 
  fopt664/Q                                                   -       A->Q  F     BUHDX6         6 191.2   256   511    1661    (-,-) 
  fopt661/Q                                                   -       A->Q  F     BUHDX6         7 116.3   174   414    2075    (-,-) 
  fopt641/Q                                                   -       A->Q  R     INHDX3         2  25.2   126   150    2225    (-,-) 
  g123836/Q                                                   -       D->Q  F     ON22HDX2       1  13.7    80   537    2762    (-,-) 
  g245/Q                                                      -       B->Q  R     AN22HDX1       1  13.1   499   514    3276    (-,-) 
  g219/Q                                                      -       B->Q  R     AND4HDX1       1  15.4   224   622    3897    (-,-) 
  g216/Q                                                      -       C->Q  R     AND4HDX2       1  35.4   261   719    4616    (-,-) 
  g214/Q                                                      -       B->Q  F     NA2HDX4        2  37.4   156   190    4807    (-,-) 
  fopt203679/Q                                                -       A->Q  F     BUHDX3         3  55.4   167   363    5170    (-,-) 
  g191657/Q                                                   -       C->Q  R     NA3I2HDX2      2  29.9   296   318    5488    (-,-) 
  g191608/Q                                                   -       A->Q  R     NA22HDX4       2  56.7   249   459    5947    (-,-) 
  fopt203712/Q                                                -       A->Q  R     BUHDX6         8 183.8   303   416    6363    (-,-) 
  fopt203709/Q                                                -       A->Q  F     INHDX2         2  27.7   161   209    6572    (-,-) 
  g191500/Q                                                   -       A->Q  R     ON21HDX1       1  11.1   387   407    6979    (-,-) 
  u_core_u_drain_ctrl_emit_wr_data_q_reg[hit][event_seq][0]/D -       -     R     DFRHDX1        1     -     -     0    6979    (-,-) 
#-------------------------------------------------------------------------------------------------------------------------------------

Capture clock path:
#------------------------------------------------------------------------------------------------------------------------------------
#                        Timing Point                         Flags   Arc   Edge   Cell     Fanout Load Trans Delay Arrival Instance 
#                                                                                                  (fF)  (ps)  (ps)   (ps)  Location 
#------------------------------------------------------------------------------------------------------------------------------------
  clk_sys                                                     (i)     -     R     (arrival)   4859  0.0     0     0    6250    (-,-) 
  u_core_u_drain_ctrl_emit_wr_data_q_reg[hit][event_seq][0]/C <<<     -     R     DFRHDX1     4859    -   150     0    6250    (-,-) 
#------------------------------------------------------------------------------------------------------------------------------------



Path 47: VIOLATED (-1251 ps) Setup Check with Pin u_core_u_drain_ctrl_emit_wr_data_q_reg[hit][nf][0]/C->D
           View: wc_view
          Group: clk_sys
     Startpoint: (R) u_core_u_drain_ctrl_drain_ctx_q_reg[0]/C
          Clock: (R) clk_sys
       Endpoint: (F) u_core_u_drain_ctrl_emit_wr_data_q_reg[hit][nf][0]/D
          Clock: (R) clk_sys

                     Capture       Launch     
        Clock Edge:+    6250            0     
       Src Latency:+       0            0     
       Net Latency:+       0 (I)        0 (I) 
           Arrival:=    6250            0     
                                              
             Setup:-     523                  
       Uncertainty:-     300                  
     Required Time:=    5427                  
      Launch Clock:-       0                  
         Data Path:-    6678                  
             Slack:=   -1251                  

Launch clock path:
#-----------------------------------------------------------------------------------------------------------------
#              Timing Point                Flags   Arc   Edge   Cell     Fanout Load Trans Delay Arrival Instance 
#                                                                               (fF)  (ps)  (ps)   (ps)  Location 
#-----------------------------------------------------------------------------------------------------------------
  clk_sys                                  (i)     -     R     (arrival)   4859  0.0     0     0       0    (-,-) 
  u_core_u_drain_ctrl_drain_ctx_q_reg[0]/C <<<     -     R     DFRSHDX2    4859    -   150     0       0    (-,-) 
#-----------------------------------------------------------------------------------------------------------------

#------------------------------------------------------------------------------------------------------------------------------
#                    Timing Point                      Flags   Arc   Edge   Cell     Fanout  Load Trans Delay Arrival Instance 
#                                                                                            (fF)  (ps)  (ps)   (ps)  Location 
#------------------------------------------------------------------------------------------------------------------------------
  u_core_u_drain_ctrl_drain_ctx_q_reg[0]/C             -       -     R     (arrival)   4859     -   150     0       0    (-,-) 
  u_core_u_drain_ctrl_drain_ctx_q_reg[0]/Q             -       C->Q  F     DFRSHDX2       2  52.7   320  1150    1150    (-,-) 
  fopt664/Q                                            -       A->Q  F     BUHDX6         6 191.2   256   511    1661    (-,-) 
  fopt661/Q                                            -       A->Q  F     BUHDX6         7 116.3   174   414    2075    (-,-) 
  fopt641/Q                                            -       A->Q  R     INHDX3         2  25.2   126   150    2225    (-,-) 
  g123836/Q                                            -       D->Q  F     ON22HDX2       1  13.7    80   537    2762    (-,-) 
  g245/Q                                               -       B->Q  R     AN22HDX1       1  13.1   499   514    3276    (-,-) 
  g219/Q                                               -       B->Q  R     AND4HDX1       1  15.4   224   622    3897    (-,-) 
  g216/Q                                               -       C->Q  R     AND4HDX2       1  35.4   261   719    4616    (-,-) 
  g214/Q                                               -       B->Q  F     NA2HDX4        2  37.4   156   190    4807    (-,-) 
  fopt203679/Q                                         -       A->Q  F     BUHDX3         3  55.4   167   363    5170    (-,-) 
  fopt203678/Q                                         -       A->Q  F     BUHDX3         2  24.3   100   303    5473    (-,-) 
  g191625/Q                                            -       AN->Q F     NO4I1HDX4      1  67.7   155   441    5914    (-,-) 
  fopt203698/Q                                         -       A->Q  R     INHDX8         8 125.6   183   199    6113    (-,-) 
  fopt203696/Q                                         -       A->Q  F     INHDX2         1  21.7   122   151    6265    (-,-) 
  g191575/Q                                            -       A->Q  R     NA2HDX2        1  15.8   224   205    6470    (-,-) 
  g191484/Q                                            -       C->Q  F     NA22HDX1       1  11.2   166   208    6678    (-,-) 
  u_core_u_drain_ctrl_emit_wr_data_q_reg[hit][nf][0]/D -       -     F     DFRQHDX4       1     -     -     0    6678    (-,-) 
#------------------------------------------------------------------------------------------------------------------------------

Capture clock path:
#-----------------------------------------------------------------------------------------------------------------------------
#                    Timing Point                      Flags   Arc   Edge   Cell     Fanout Load Trans Delay Arrival Instance 
#                                                                                           (fF)  (ps)  (ps)   (ps)  Location 
#-----------------------------------------------------------------------------------------------------------------------------
  clk_sys                                              (i)     -     R     (arrival)   4859  0.0     0     0    6250    (-,-) 
  u_core_u_drain_ctrl_emit_wr_data_q_reg[hit][nf][0]/C <<<     -     R     DFRQHDX4    4859    -   150     0    6250    (-,-) 
#-----------------------------------------------------------------------------------------------------------------------------



Path 48: VIOLATED (-1236 ps) Setup Check with Pin u_core_u_drain_ctrl_emit_wr_data_q_reg[hit][event_seq][3]/C->D
           View: wc_view
          Group: clk_sys
     Startpoint: (R) u_core_u_drain_ctrl_drain_ctx_q_reg[0]/C
          Clock: (R) clk_sys
       Endpoint: (F) u_core_u_drain_ctrl_emit_wr_data_q_reg[hit][event_seq][3]/D
          Clock: (R) clk_sys

                     Capture       Launch     
        Clock Edge:+    6250            0     
       Src Latency:+       0            0     
       Net Latency:+       0 (I)        0 (I) 
           Arrival:=    6250            0     
                                              
             Setup:-     539                  
       Uncertainty:-     300                  
     Required Time:=    5411                  
      Launch Clock:-       0                  
         Data Path:-    6647                  
             Slack:=   -1236                  

Launch clock path:
#-----------------------------------------------------------------------------------------------------------------
#              Timing Point                Flags   Arc   Edge   Cell     Fanout Load Trans Delay Arrival Instance 
#                                                                               (fF)  (ps)  (ps)   (ps)  Location 
#-----------------------------------------------------------------------------------------------------------------
  clk_sys                                  (i)     -     R     (arrival)   4859  0.0     0     0       0    (-,-) 
  u_core_u_drain_ctrl_drain_ctx_q_reg[0]/C <<<     -     R     DFRSHDX2    4859    -   150     0       0    (-,-) 
#-----------------------------------------------------------------------------------------------------------------

#-------------------------------------------------------------------------------------------------------------------------------------
#                        Timing Point                         Flags   Arc   Edge   Cell     Fanout  Load Trans Delay Arrival Instance 
#                                                                                                   (fF)  (ps)  (ps)   (ps)  Location 
#-------------------------------------------------------------------------------------------------------------------------------------
  u_core_u_drain_ctrl_drain_ctx_q_reg[0]/C                    -       -     R     (arrival)   4859     -   150     0       0    (-,-) 
  u_core_u_drain_ctrl_drain_ctx_q_reg[0]/Q                    -       C->Q  F     DFRSHDX2       2  52.7   320  1150    1150    (-,-) 
  fopt664/Q                                                   -       A->Q  F     BUHDX6         6 191.2   256   511    1661    (-,-) 
  fopt661/Q                                                   -       A->Q  F     BUHDX6         7 116.3   174   414    2075    (-,-) 
  fopt641/Q                                                   -       A->Q  R     INHDX3         2  25.2   126   150    2225    (-,-) 
  g123836/Q                                                   -       D->Q  F     ON22HDX2       1  13.7    80   537    2762    (-,-) 
  g245/Q                                                      -       B->Q  R     AN22HDX1       1  13.1   499   514    3276    (-,-) 
  g219/Q                                                      -       B->Q  R     AND4HDX1       1  15.4   224   622    3897    (-,-) 
  g216/Q                                                      -       C->Q  R     AND4HDX2       1  35.4   261   719    4616    (-,-) 
  g214/Q                                                      -       B->Q  F     NA2HDX4        2  37.4   156   190    4807    (-,-) 
  fopt203679/Q                                                -       A->Q  F     BUHDX3         3  55.4   167   363    5170    (-,-) 
  fopt203678/Q                                                -       A->Q  F     BUHDX3         2  24.3   100   303    5473    (-,-) 
  g191625/Q                                                   -       AN->Q F     NO4I1HDX4      1  67.7   155   441    5914    (-,-) 
  fopt203698/Q                                                -       A->Q  R     INHDX8         8 125.6   183   199    6113    (-,-) 
  fopt203697/Q                                                -       A->Q  R     BUHDX2         2  25.7   154   278    6392    (-,-) 
  g191483/Q                                                   -       C->Q  F     ON22HDX1       1  11.2   228   256    6647    (-,-) 
  u_core_u_drain_ctrl_emit_wr_data_q_reg[hit][event_seq][3]/D -       -     F     DFRHDX4        1     -     -     0    6647    (-,-) 
#-------------------------------------------------------------------------------------------------------------------------------------

Capture clock path:
#------------------------------------------------------------------------------------------------------------------------------------
#                        Timing Point                         Flags   Arc   Edge   Cell     Fanout Load Trans Delay Arrival Instance 
#                                                                                                  (fF)  (ps)  (ps)   (ps)  Location 
#------------------------------------------------------------------------------------------------------------------------------------
  clk_sys                                                     (i)     -     R     (arrival)   4859  0.0     0     0    6250    (-,-) 
  u_core_u_drain_ctrl_emit_wr_data_q_reg[hit][event_seq][3]/C <<<     -     R     DFRHDX4     4859    -   150     0    6250    (-,-) 
#------------------------------------------------------------------------------------------------------------------------------------



Path 49: VIOLATED (-1204 ps) Setup Check with Pin u_core_u_drain_ctrl_emit_wr_data_q_reg[hit][event_seq][1]/C->D
           View: wc_view
          Group: clk_sys
     Startpoint: (R) u_core_u_drain_ctrl_drain_ctx_q_reg[0]/C
          Clock: (R) clk_sys
       Endpoint: (F) u_core_u_drain_ctrl_emit_wr_data_q_reg[hit][event_seq][1]/D
          Clock: (R) clk_sys

                     Capture       Launch     
        Clock Edge:+    6250            0     
       Src Latency:+       0            0     
       Net Latency:+       0 (I)        0 (I) 
           Arrival:=    6250            0     
                                              
             Setup:-     522                  
       Uncertainty:-     300                  
     Required Time:=    5428                  
      Launch Clock:-       0                  
         Data Path:-    6632                  
             Slack:=   -1204                  

Launch clock path:
#-----------------------------------------------------------------------------------------------------------------
#              Timing Point                Flags   Arc   Edge   Cell     Fanout Load Trans Delay Arrival Instance 
#                                                                               (fF)  (ps)  (ps)   (ps)  Location 
#-----------------------------------------------------------------------------------------------------------------
  clk_sys                                  (i)     -     R     (arrival)   4859  0.0     0     0       0    (-,-) 
  u_core_u_drain_ctrl_drain_ctx_q_reg[0]/C <<<     -     R     DFRSHDX2    4859    -   150     0       0    (-,-) 
#-----------------------------------------------------------------------------------------------------------------

#-------------------------------------------------------------------------------------------------------------------------------------
#                        Timing Point                         Flags   Arc   Edge   Cell     Fanout  Load Trans Delay Arrival Instance 
#                                                                                                   (fF)  (ps)  (ps)   (ps)  Location 
#-------------------------------------------------------------------------------------------------------------------------------------
  u_core_u_drain_ctrl_drain_ctx_q_reg[0]/C                    -       -     R     (arrival)   4859     -   150     0       0    (-,-) 
  u_core_u_drain_ctrl_drain_ctx_q_reg[0]/Q                    -       C->Q  F     DFRSHDX2       2  52.7   320  1150    1150    (-,-) 
  fopt664/Q                                                   -       A->Q  F     BUHDX6         6 191.2   256   511    1661    (-,-) 
  fopt661/Q                                                   -       A->Q  F     BUHDX6         7 116.3   174   414    2075    (-,-) 
  fopt641/Q                                                   -       A->Q  R     INHDX3         2  25.2   126   150    2225    (-,-) 
  g123836/Q                                                   -       D->Q  F     ON22HDX2       1  13.7    80   537    2762    (-,-) 
  g245/Q                                                      -       B->Q  R     AN22HDX1       1  13.1   499   514    3276    (-,-) 
  g219/Q                                                      -       B->Q  R     AND4HDX1       1  15.4   224   622    3897    (-,-) 
  g216/Q                                                      -       C->Q  R     AND4HDX2       1  35.4   261   719    4616    (-,-) 
  g214/Q                                                      -       B->Q  F     NA2HDX4        2  37.4   156   190    4807    (-,-) 
  fopt203679/Q                                                -       A->Q  F     BUHDX3         3  55.4   167   363    5170    (-,-) 
  fopt203678/Q                                                -       A->Q  F     BUHDX3         2  24.3   100   303    5473    (-,-) 
  g191625/Q                                                   -       AN->Q F     NO4I1HDX4      1  67.7   155   441    5914    (-,-) 
  fopt203698/Q                                                -       A->Q  R     INHDX8         8 125.6   183   199    6113    (-,-) 
  g191574/Q                                                   -       A->Q  R     OR2HDX1        1  15.8   190   319    6433    (-,-) 
  g191490/Q                                                   -       C->Q  F     NA22HDX1       1  11.2   164   199    6632    (-,-) 
  u_core_u_drain_ctrl_emit_wr_data_q_reg[hit][event_seq][1]/D -       -     F     DFRQHDX4       1     -     -     0    6632    (-,-) 
#-------------------------------------------------------------------------------------------------------------------------------------

Capture clock path:
#------------------------------------------------------------------------------------------------------------------------------------
#                        Timing Point                         Flags   Arc   Edge   Cell     Fanout Load Trans Delay Arrival Instance 
#                                                                                                  (fF)  (ps)  (ps)   (ps)  Location 
#------------------------------------------------------------------------------------------------------------------------------------
  clk_sys                                                     (i)     -     R     (arrival)   4859  0.0     0     0    6250    (-,-) 
  u_core_u_drain_ctrl_emit_wr_data_q_reg[hit][event_seq][1]/C <<<     -     R     DFRQHDX4    4859    -   150     0    6250    (-,-) 
#------------------------------------------------------------------------------------------------------------------------------------



Path 50: VIOLATED (-1204 ps) Setup Check with Pin u_core_u_drain_ctrl_emit_wr_data_q_reg[hit][nf][2]/C->D
           View: wc_view
          Group: clk_sys
     Startpoint: (R) u_core_u_drain_ctrl_drain_ctx_q_reg[0]/C
          Clock: (R) clk_sys
       Endpoint: (F) u_core_u_drain_ctrl_emit_wr_data_q_reg[hit][nf][2]/D
          Clock: (R) clk_sys

                     Capture       Launch     
        Clock Edge:+    6250            0     
       Src Latency:+       0            0     
       Net Latency:+       0 (I)        0 (I) 
           Arrival:=    6250            0     
                                              
             Setup:-     522                  
       Uncertainty:-     300                  
     Required Time:=    5428                  
      Launch Clock:-       0                  
         Data Path:-    6631                  
             Slack:=   -1204                  

Launch clock path:
#-----------------------------------------------------------------------------------------------------------------
#              Timing Point                Flags   Arc   Edge   Cell     Fanout Load Trans Delay Arrival Instance 
#                                                                               (fF)  (ps)  (ps)   (ps)  Location 
#-----------------------------------------------------------------------------------------------------------------
  clk_sys                                  (i)     -     R     (arrival)   4859  0.0     0     0       0    (-,-) 
  u_core_u_drain_ctrl_drain_ctx_q_reg[0]/C <<<     -     R     DFRSHDX2    4859    -   150     0       0    (-,-) 
#-----------------------------------------------------------------------------------------------------------------

#------------------------------------------------------------------------------------------------------------------------------
#                    Timing Point                      Flags   Arc   Edge   Cell     Fanout  Load Trans Delay Arrival Instance 
#                                                                                            (fF)  (ps)  (ps)   (ps)  Location 
#------------------------------------------------------------------------------------------------------------------------------
  u_core_u_drain_ctrl_drain_ctx_q_reg[0]/C             -       -     R     (arrival)   4859     -   150     0       0    (-,-) 
  u_core_u_drain_ctrl_drain_ctx_q_reg[0]/Q             -       C->Q  F     DFRSHDX2       2  52.7   320  1150    1150    (-,-) 
  fopt664/Q                                            -       A->Q  F     BUHDX6         6 191.2   256   511    1661    (-,-) 
  fopt661/Q                                            -       A->Q  F     BUHDX6         7 116.3   174   414    2075    (-,-) 
  fopt641/Q                                            -       A->Q  R     INHDX3         2  25.2   126   150    2225    (-,-) 
  g123836/Q                                            -       D->Q  F     ON22HDX2       1  13.7    80   537    2762    (-,-) 
  g245/Q                                               -       B->Q  R     AN22HDX1       1  13.1   499   514    3276    (-,-) 
  g219/Q                                               -       B->Q  R     AND4HDX1       1  15.4   224   622    3897    (-,-) 
  g216/Q                                               -       C->Q  R     AND4HDX2       1  35.4   261   719    4616    (-,-) 
  g214/Q                                               -       B->Q  F     NA2HDX4        2  37.4   156   190    4807    (-,-) 
  fopt203679/Q                                         -       A->Q  F     BUHDX3         3  55.4   167   363    5170    (-,-) 
  fopt203678/Q                                         -       A->Q  F     BUHDX3         2  24.3   100   303    5473    (-,-) 
  g191625/Q                                            -       AN->Q F     NO4I1HDX4      1  67.7   155   441    5914    (-,-) 
  fopt203698/Q                                         -       A->Q  R     INHDX8         8 125.6   183   199    6113    (-,-) 
  g191570/Q                                            -       A->Q  R     OR2HDX1        1  15.8   188   319    6433    (-,-) 
  g191487/Q                                            -       C->Q  F     NA22HDX1       1  11.2   164   198    6631    (-,-) 
  u_core_u_drain_ctrl_emit_wr_data_q_reg[hit][nf][2]/D -       -     F     DFRQHDX4       1     -     -     0    6631    (-,-) 
#------------------------------------------------------------------------------------------------------------------------------

Capture clock path:
#-----------------------------------------------------------------------------------------------------------------------------
#                    Timing Point                      Flags   Arc   Edge   Cell     Fanout Load Trans Delay Arrival Instance 
#                                                                                           (fF)  (ps)  (ps)   (ps)  Location 
#-----------------------------------------------------------------------------------------------------------------------------
  clk_sys                                              (i)     -     R     (arrival)   4859  0.0     0     0    6250    (-,-) 
  u_core_u_drain_ctrl_emit_wr_data_q_reg[hit][nf][2]/C <<<     -     R     DFRQHDX4    4859    -   150     0    6250    (-,-) 
#-----------------------------------------------------------------------------------------------------------------------------



Path 51: VIOLATED (-1183 ps) Setup Check with Pin u_core_u_drain_ctrl_state_q_reg[0]/C->D
           View: wc_view
          Group: clk_sys
     Startpoint: (R) u_core_u_drain_ctrl_drain_ctx_q_reg[0]/C
          Clock: (R) clk_sys
       Endpoint: (F) u_core_u_drain_ctrl_state_q_reg[0]/D
          Clock: (R) clk_sys

                     Capture       Launch     
        Clock Edge:+    6250            0     
       Src Latency:+       0            0     
       Net Latency:+       0 (I)        0 (I) 
           Arrival:=    6250            0     
                                              
             Setup:-     563                  
       Uncertainty:-     300                  
     Required Time:=    5387                  
      Launch Clock:-       0                  
         Data Path:-    6570                  
             Slack:=   -1183                  

Launch clock path:
#-----------------------------------------------------------------------------------------------------------------
#              Timing Point                Flags   Arc   Edge   Cell     Fanout Load Trans Delay Arrival Instance 
#                                                                               (fF)  (ps)  (ps)   (ps)  Location 
#-----------------------------------------------------------------------------------------------------------------
  clk_sys                                  (i)     -     R     (arrival)   4859  0.0     0     0       0    (-,-) 
  u_core_u_drain_ctrl_drain_ctx_q_reg[0]/C <<<     -     R     DFRSHDX2    4859    -   150     0       0    (-,-) 
#-----------------------------------------------------------------------------------------------------------------

#------------------------------------------------------------------------------------------------------------------
#              Timing Point                Flags   Arc   Edge   Cell     Fanout  Load Trans Delay Arrival Instance 
#                                                                                (fF)  (ps)  (ps)   (ps)  Location 
#------------------------------------------------------------------------------------------------------------------
  u_core_u_drain_ctrl_drain_ctx_q_reg[0]/C -       -     R     (arrival)   4859     -   150     0       0    (-,-) 
  u_core_u_drain_ctrl_drain_ctx_q_reg[0]/Q -       C->Q  F     DFRSHDX2       2  52.7   320  1150    1150    (-,-) 
  fopt664/Q                                -       A->Q  F     BUHDX6         6 191.2   256   511    1661    (-,-) 
  fopt661/Q                                -       A->Q  F     BUHDX6         7 116.3   174   414    2075    (-,-) 
  fopt641/Q                                -       A->Q  R     INHDX3         2  25.2   126   150    2225    (-,-) 
  g123836/Q                                -       D->Q  F     ON22HDX2       1  13.7    80   537    2762    (-,-) 
  g245/Q                                   -       B->Q  R     AN22HDX1       1  13.1   499   514    3276    (-,-) 
  g219/Q                                   -       B->Q  R     AND4HDX1       1  15.4   224   622    3897    (-,-) 
  g216/Q                                   -       C->Q  R     AND4HDX2       1  35.4   261   719    4616    (-,-) 
  g214/Q                                   -       B->Q  F     NA2HDX4        2  37.4   156   190    4807    (-,-) 
  fopt203679/Q                             -       A->Q  F     BUHDX3         3  55.4   167   363    5170    (-,-) 
  fopt203678/Q                             -       A->Q  F     BUHDX3         2  24.3   100   303    5473    (-,-) 
  g191625/Q                                -       AN->Q F     NO4I1HDX4      1  67.7   155   441    5914    (-,-) 
  fopt203698/Q                             -       A->Q  R     INHDX8         8 125.6   183   199    6113    (-,-) 
  fopt203697/Q                             -       A->Q  R     BUHDX2         2  25.7   154   278    6392    (-,-) 
  g191573/Q                                -       B->Q  F     NA2HDX1        1  11.2   190   178    6569    (-,-) 
  u_core_u_drain_ctrl_state_q_reg[0]/D     -       -     F     DFRQHDX2       1     -     -     0    6570    (-,-) 
#------------------------------------------------------------------------------------------------------------------

Capture clock path:
#-------------------------------------------------------------------------------------------------------------
#            Timing Point              Flags   Arc   Edge   Cell     Fanout Load Trans Delay Arrival Instance 
#                                                                           (fF)  (ps)  (ps)   (ps)  Location 
#-------------------------------------------------------------------------------------------------------------
  clk_sys                              (i)     -     R     (arrival)   4859  0.0     0     0    6250    (-,-) 
  u_core_u_drain_ctrl_state_q_reg[0]/C <<<     -     R     DFRQHDX2    4859    -   150     0    6250    (-,-) 
#-------------------------------------------------------------------------------------------------------------



Path 52: VIOLATED (-1167 ps) Setup Check with Pin u_core_u_drain_ctrl_emit_wr_data_q_reg[meta][ctx_id][0]/C->D
           View: wc_view
          Group: clk_sys
     Startpoint: (R) u_core_u_drain_ctrl_pd_scan_q_reg[5]/C
          Clock: (R) clk_sys
       Endpoint: (F) u_core_u_drain_ctrl_emit_wr_data_q_reg[meta][ctx_id][0]/D
          Clock: (R) clk_sys

                     Capture       Launch     
        Clock Edge:+    6250            0     
       Src Latency:+       0            0     
       Net Latency:+       0 (I)        0 (I) 
           Arrival:=    6250            0     
                                              
             Setup:-     525                  
       Uncertainty:-     300                  
     Required Time:=    5425                  
      Launch Clock:-       0                  
         Data Path:-    6592                  
             Slack:=   -1167                  

Launch clock path:
#---------------------------------------------------------------------------------------------------------------
#             Timing Point               Flags   Arc   Edge   Cell     Fanout Load Trans Delay Arrival Instance 
#                                                                             (fF)  (ps)  (ps)   (ps)  Location 
#---------------------------------------------------------------------------------------------------------------
  clk_sys                                (i)     -     R     (arrival)   4859  0.0     0     0       0    (-,-) 
  u_core_u_drain_ctrl_pd_scan_q_reg[5]/C <<<     -     R     DFRSHDX1    4859    -   150     0       0    (-,-) 
#---------------------------------------------------------------------------------------------------------------

#----------------------------------------------------------------------------------------------------------------------------------
#                       Timing Point                        Flags   Arc   Edge   Cell     Fanout Load Trans Delay Arrival Instance 
#                                                                                                (fF)  (ps)  (ps)   (ps)  Location 
#----------------------------------------------------------------------------------------------------------------------------------
  u_core_u_drain_ctrl_pd_scan_q_reg[5]/C                    -       -     R     (arrival)   4859    -   150     0       0    (-,-) 
  u_core_u_drain_ctrl_pd_scan_q_reg[5]/Q                    -       C->Q  F     DFRSHDX1       2 31.5   309  1022    1022    (-,-) 
  drc_bufs202939/Q                                          -       A->Q  F     BUHDX4         5 94.8   200   458    1481    (-,-) 
  g8565/Q                                                   -       A->Q  R     INHDX6         5 66.4   151   179    1660    (-,-) 
  g8546/Q                                                   -       A->Q  R     AND3HDX4       6 75.5   268   637    2297    (-,-) 
  g8537/Q                                                   -       A->Q  F     INHDX3         3 39.2   148   196    2492    (-,-) 
  g8517/Q                                                   -       A->Q  R     NO2HDX1        2 21.8   514   462    2954    (-,-) 
  g229/Q                                                    -       B->Q  F     AN22HDX1       1 12.7   326   357    3311    (-,-) 
  g222/Q                                                    -       C->Q  F     AND4HDX1       1 15.8   147   615    3927    (-,-) 
  g215/Q                                                    -       D->Q  F     AND4HDX2       1 38.2   158   531    4457    (-,-) 
  g214/Q                                                    -       A->Q  R     NA2HDX4        2 36.6   220   223    4681    (-,-) 
  fopt203679/Q                                              -       A->Q  R     BUHDX3         3 54.7   198   323    5004    (-,-) 
  fopt203678/Q                                              -       A->Q  R     BUHDX3         2 23.8   112   245    5249    (-,-) 
  fopt203677/Q                                              -       A->Q  R     BUHDX1         1 15.5   179   270    5519    (-,-) 
  g191688/Q                                                 -       A->Q  R     NA22HDX1       1 13.7   238   360    5879    (-,-) 
  g191641/Q                                                 -       A->Q  F     NA3HDX1        1 15.8   316   313    6192    (-,-) 
  g191594/Q                                                 -       A->Q  F     NA22HDX1       1 11.2   173   401    6592    (-,-) 
  u_core_u_drain_ctrl_emit_wr_data_q_reg[meta][ctx_id][0]/D -       -     F     DFRQHDX4       1    -     -     0    6592    (-,-) 
#----------------------------------------------------------------------------------------------------------------------------------

Capture clock path:
#----------------------------------------------------------------------------------------------------------------------------------
#                       Timing Point                        Flags   Arc   Edge   Cell     Fanout Load Trans Delay Arrival Instance 
#                                                                                                (fF)  (ps)  (ps)   (ps)  Location 
#----------------------------------------------------------------------------------------------------------------------------------
  clk_sys                                                   (i)     -     R     (arrival)   4859  0.0     0     0    6250    (-,-) 
  u_core_u_drain_ctrl_emit_wr_data_q_reg[meta][ctx_id][0]/C <<<     -     R     DFRQHDX4    4859    -   150     0    6250    (-,-) 
#----------------------------------------------------------------------------------------------------------------------------------



Path 53: VIOLATED (-1161 ps) Setup Check with Pin u_core_u_drain_ctrl_pd_scan_q_reg[6]/C->D
           View: wc_view
          Group: clk_sys
     Startpoint: (R) u_core_u_drain_ctrl_drain_ctx_q_reg[0]/C
          Clock: (R) clk_sys
       Endpoint: (F) u_core_u_drain_ctrl_pd_scan_q_reg[6]/D
          Clock: (R) clk_sys

                     Capture       Launch     
        Clock Edge:+    6250            0     
       Src Latency:+       0            0     
       Net Latency:+       0 (I)        0 (I) 
           Arrival:=    6250            0     
                                              
             Setup:-     536                  
       Uncertainty:-     300                  
     Required Time:=    5414                  
      Launch Clock:-       0                  
         Data Path:-    6575                  
             Slack:=   -1161                  

Launch clock path:
#-----------------------------------------------------------------------------------------------------------------
#              Timing Point                Flags   Arc   Edge   Cell     Fanout Load Trans Delay Arrival Instance 
#                                                                               (fF)  (ps)  (ps)   (ps)  Location 
#-----------------------------------------------------------------------------------------------------------------
  clk_sys                                  (i)     -     R     (arrival)   4859  0.0     0     0       0    (-,-) 
  u_core_u_drain_ctrl_drain_ctx_q_reg[0]/C <<<     -     R     DFRSHDX2    4859    -   150     0       0    (-,-) 
#-----------------------------------------------------------------------------------------------------------------

#------------------------------------------------------------------------------------------------------------------
#              Timing Point                Flags   Arc   Edge   Cell     Fanout  Load Trans Delay Arrival Instance 
#                                                                                (fF)  (ps)  (ps)   (ps)  Location 
#------------------------------------------------------------------------------------------------------------------
  u_core_u_drain_ctrl_drain_ctx_q_reg[0]/C -       -     R     (arrival)   4859     -   150     0       0    (-,-) 
  u_core_u_drain_ctrl_drain_ctx_q_reg[0]/Q -       C->Q  F     DFRSHDX2       2  52.7   320  1150    1150    (-,-) 
  fopt664/Q                                -       A->Q  F     BUHDX6         6 191.2   256   511    1661    (-,-) 
  fopt661/Q                                -       A->Q  F     BUHDX6         7 116.3   174   414    2075    (-,-) 
  fopt641/Q                                -       A->Q  R     INHDX3         2  25.2   126   150    2225    (-,-) 
  g123836/Q                                -       D->Q  F     ON22HDX2       1  13.7    80   537    2762    (-,-) 
  g245/Q                                   -       B->Q  R     AN22HDX1       1  13.1   499   514    3276    (-,-) 
  g219/Q                                   -       B->Q  R     AND4HDX1       1  15.4   224   622    3897    (-,-) 
  g216/Q                                   -       C->Q  R     AND4HDX2       1  35.4   261   719    4616    (-,-) 
  g214/Q                                   -       B->Q  F     NA2HDX4        2  37.4   156   190    4807    (-,-) 
  g201290/Q                                -       AN->Q F     NA2I1HDX4      2  69.5   276   410    5217    (-,-) 
  g191659/Q                                -       D->Q  R     NA4I3HDX4      3  36.6   219   285    5502    (-,-) 
  g191624/Q                                -       A->Q  R     OR2HDX2        2  40.9   238   444    5946    (-,-) 
  fopt203750/Q                             -       A->Q  F     INHDX3         3  49.5   167   211    6158    (-,-) 
  fopt203749/Q                             -       A->Q  R     INHDX1         1  15.7   191   206    6363    (-,-) 
  g191548/Q                                -       A->Q  F     ON21HDX1       1  11.2   220   211    6575    (-,-) 
  u_core_u_drain_ctrl_pd_scan_q_reg[6]/D   -       -     F     DFRHDX4        1     -     -     0    6575    (-,-) 
#------------------------------------------------------------------------------------------------------------------

Capture clock path:
#---------------------------------------------------------------------------------------------------------------
#             Timing Point               Flags   Arc   Edge   Cell     Fanout Load Trans Delay Arrival Instance 
#                                                                             (fF)  (ps)  (ps)   (ps)  Location 
#---------------------------------------------------------------------------------------------------------------
  clk_sys                                (i)     -     R     (arrival)   4859  0.0     0     0    6250    (-,-) 
  u_core_u_drain_ctrl_pd_scan_q_reg[6]/C <<<     -     R     DFRHDX4     4859    -   150     0    6250    (-,-) 
#---------------------------------------------------------------------------------------------------------------



Path 54: VIOLATED (-1151 ps) Setup Check with Pin u_core_u_drain_ctrl_pd_scan_q_reg[3]/C->D
           View: wc_view
          Group: clk_sys
     Startpoint: (R) u_core_u_drain_ctrl_event_seq_q_reg[0]/C
          Clock: (R) clk_sys
       Endpoint: (F) u_core_u_drain_ctrl_pd_scan_q_reg[3]/D
          Clock: (R) clk_sys

                     Capture       Launch     
        Clock Edge:+    6250            0     
       Src Latency:+       0            0     
       Net Latency:+       0 (I)        0 (I) 
           Arrival:=    6250            0     
                                              
             Setup:-     689                  
       Uncertainty:-     300                  
     Required Time:=    5261                  
      Launch Clock:-       0                  
         Data Path:-    6412                  
             Slack:=   -1151                  

Launch clock path:
#-----------------------------------------------------------------------------------------------------------------
#              Timing Point                Flags   Arc   Edge   Cell     Fanout Load Trans Delay Arrival Instance 
#                                                                               (fF)  (ps)  (ps)   (ps)  Location 
#-----------------------------------------------------------------------------------------------------------------
  clk_sys                                  (i)     -     R     (arrival)   4859  0.0     0     0       0    (-,-) 
  u_core_u_drain_ctrl_event_seq_q_reg[0]/C <<<     -     R     DFRSHDX1    4859    -   150     0       0    (-,-) 
#-----------------------------------------------------------------------------------------------------------------

#------------------------------------------------------------------------------------------------------------------
#               Timing Point                Flags   Arc   Edge   Cell     Fanout Load Trans Delay Arrival Instance 
#                                                                                (fF)  (ps)  (ps)   (ps)  Location 
#------------------------------------------------------------------------------------------------------------------
  u_core_u_drain_ctrl_event_seq_q_reg[0]/C  -       -     R     (arrival)   4859    -   150     0       0    (-,-) 
  u_core_u_drain_ctrl_event_seq_q_reg[0]/QN -       C->QN R     DFRSHDX1       4 38.9   389  1311    1311    (-,-) 
  g201336/Q                                 -       A->Q  R     AO21HDX0       1 11.5   288   562    1873    (-,-) 
  g200777/Q                                 -       C->Q  R     OA21HDX1       2 19.3   237   533    2406    (-,-) 
  g198188/Q                                 -       A->Q  R     AO21HDX1       2 20.9   241   498    2904    (-,-) 
  g196127/Q                                 -       C->Q  R     AO31HDX1       2 32.3   381   686    3590    (-,-) 
  g191817/Q                                 -       A->Q  F     NA3HDX2        1 14.4   218   253    3844    (-,-) 
  g191779/Q                                 -       A->Q  F     AND3HDX2       5 64.5   209   512    4356    (-,-) 
  g191659/Q                                 -       AN->Q F     NA4I3HDX4      3 37.7   294  1004    5360    (-,-) 
  g191606/Q                                 -       A->Q  F     NA22HDX2       2 34.8   256   507    5867    (-,-) 
  g191546/Q                                 -       C->Q  R     NO22HDX2       1 15.7   275   307    6175    (-,-) 
  g191427/Q                                 -       A->Q  F     ON21HDX1       1 11.2   184   237    6412    (-,-) 
  u_core_u_drain_ctrl_pd_scan_q_reg[3]/D    -       -     F     DFRSQHDX1      1    -     -     0    6412    (-,-) 
#------------------------------------------------------------------------------------------------------------------

Capture clock path:
#---------------------------------------------------------------------------------------------------------------
#             Timing Point               Flags   Arc   Edge   Cell     Fanout Load Trans Delay Arrival Instance 
#                                                                             (fF)  (ps)  (ps)   (ps)  Location 
#---------------------------------------------------------------------------------------------------------------
  clk_sys                                (i)     -     R     (arrival)   4859  0.0     0     0    6250    (-,-) 
  u_core_u_drain_ctrl_pd_scan_q_reg[3]/C <<<     -     R     DFRSQHDX1   4859    -   150     0    6250    (-,-) 
#---------------------------------------------------------------------------------------------------------------



Path 55: VIOLATED (-1064 ps) Setup Check with Pin u_core_u_drain_ctrl_pd_scan_q_reg[2]/C->D
           View: wc_view
          Group: clk_sys
     Startpoint: (R) u_core_u_drain_ctrl_event_seq_q_reg[0]/C
          Clock: (R) clk_sys
       Endpoint: (F) u_core_u_drain_ctrl_pd_scan_q_reg[2]/D
          Clock: (R) clk_sys

                     Capture       Launch     
        Clock Edge:+    6250            0     
       Src Latency:+       0            0     
       Net Latency:+       0 (I)        0 (I) 
           Arrival:=    6250            0     
                                              
             Setup:-     689                  
       Uncertainty:-     300                  
     Required Time:=    5261                  
      Launch Clock:-       0                  
         Data Path:-    6325                  
             Slack:=   -1064                  

Launch clock path:
#-----------------------------------------------------------------------------------------------------------------
#              Timing Point                Flags   Arc   Edge   Cell     Fanout Load Trans Delay Arrival Instance 
#                                                                               (fF)  (ps)  (ps)   (ps)  Location 
#-----------------------------------------------------------------------------------------------------------------
  clk_sys                                  (i)     -     R     (arrival)   4859  0.0     0     0       0    (-,-) 
  u_core_u_drain_ctrl_event_seq_q_reg[0]/C <<<     -     R     DFRSHDX1    4859    -   150     0       0    (-,-) 
#-----------------------------------------------------------------------------------------------------------------

#------------------------------------------------------------------------------------------------------------------
#               Timing Point                Flags   Arc   Edge   Cell     Fanout Load Trans Delay Arrival Instance 
#                                                                                (fF)  (ps)  (ps)   (ps)  Location 
#------------------------------------------------------------------------------------------------------------------
  u_core_u_drain_ctrl_event_seq_q_reg[0]/C  -       -     R     (arrival)   4859    -   150     0       0    (-,-) 
  u_core_u_drain_ctrl_event_seq_q_reg[0]/QN -       C->QN R     DFRSHDX1       4 38.9   389  1311    1311    (-,-) 
  g201336/Q                                 -       A->Q  R     AO21HDX0       1 11.5   288   562    1873    (-,-) 
  g200777/Q                                 -       C->Q  R     OA21HDX1       2 19.3   237   533    2406    (-,-) 
  g198188/Q                                 -       A->Q  R     AO21HDX1       2 20.9   241   498    2904    (-,-) 
  g196127/Q                                 -       C->Q  R     AO31HDX1       2 32.3   381   686    3590    (-,-) 
  g191817/Q                                 -       A->Q  F     NA3HDX2        1 14.4   218   253    3844    (-,-) 
  g191779/Q                                 -       A->Q  F     AND3HDX2       5 64.5   209   512    4356    (-,-) 
  g191659/Q                                 -       AN->Q F     NA4I3HDX4      3 37.7   294  1004    5360    (-,-) 
  g191606/Q                                 -       A->Q  F     NA22HDX2       2 34.8   256   507    5867    (-,-) 
  g191585/Q                                 -       A->Q  R     INHDX1         1 15.7   202   243    6110    (-,-) 
  g191499/Q                                 -       A->Q  F     ON21HDX1       1 11.2   185   215    6325    (-,-) 
  u_core_u_drain_ctrl_pd_scan_q_reg[2]/D    -       -     F     DFRSQHDX1      1    -     -     0    6325    (-,-) 
#------------------------------------------------------------------------------------------------------------------

Capture clock path:
#---------------------------------------------------------------------------------------------------------------
#             Timing Point               Flags   Arc   Edge   Cell     Fanout Load Trans Delay Arrival Instance 
#                                                                             (fF)  (ps)  (ps)   (ps)  Location 
#---------------------------------------------------------------------------------------------------------------
  clk_sys                                (i)     -     R     (arrival)   4859  0.0     0     0    6250    (-,-) 
  u_core_u_drain_ctrl_pd_scan_q_reg[2]/C <<<     -     R     DFRSQHDX1   4859    -   150     0    6250    (-,-) 
#---------------------------------------------------------------------------------------------------------------



Path 56: VIOLATED (-1024 ps) Setup Check with Pin u_core_u_drain_ctrl_pd_scan_q_reg[0]/C->D
           View: wc_view
          Group: clk_sys
     Startpoint: (R) u_core_u_drain_ctrl_pd_scan_q_reg[5]/C
          Clock: (R) clk_sys
       Endpoint: (F) u_core_u_drain_ctrl_pd_scan_q_reg[0]/D
          Clock: (R) clk_sys

                     Capture       Launch     
        Clock Edge:+    6250            0     
       Src Latency:+       0            0     
       Net Latency:+       0 (I)        0 (I) 
           Arrival:=    6250            0     
                                              
             Setup:-     716                  
       Uncertainty:-     300                  
     Required Time:=    5234                  
      Launch Clock:-       0                  
         Data Path:-    6258                  
             Slack:=   -1024                  

Launch clock path:
#---------------------------------------------------------------------------------------------------------------
#             Timing Point               Flags   Arc   Edge   Cell     Fanout Load Trans Delay Arrival Instance 
#                                                                             (fF)  (ps)  (ps)   (ps)  Location 
#---------------------------------------------------------------------------------------------------------------
  clk_sys                                (i)     -     R     (arrival)   4859  0.0     0     0       0    (-,-) 
  u_core_u_drain_ctrl_pd_scan_q_reg[5]/C <<<     -     R     DFRSHDX1    4859    -   150     0       0    (-,-) 
#---------------------------------------------------------------------------------------------------------------

#---------------------------------------------------------------------------------------------------------------
#             Timing Point               Flags   Arc   Edge   Cell     Fanout Load Trans Delay Arrival Instance 
#                                                                             (fF)  (ps)  (ps)   (ps)  Location 
#---------------------------------------------------------------------------------------------------------------
  u_core_u_drain_ctrl_pd_scan_q_reg[5]/C -       -     R     (arrival)   4859    -   150     0       0    (-,-) 
  u_core_u_drain_ctrl_pd_scan_q_reg[5]/Q -       C->Q  F     DFRSHDX1       2 31.5   309  1022    1022    (-,-) 
  drc_bufs202939/Q                       -       A->Q  F     BUHDX4         5 94.8   200   458    1481    (-,-) 
  g8565/Q                                -       A->Q  R     INHDX6         5 66.4   151   179    1660    (-,-) 
  g8546/Q                                -       A->Q  R     AND3HDX4       6 75.5   268   637    2297    (-,-) 
  g8537/Q                                -       A->Q  F     INHDX3         3 39.2   148   196    2492    (-,-) 
  g8517/Q                                -       A->Q  R     NO2HDX1        2 21.8   514   462    2954    (-,-) 
  g229/Q                                 -       B->Q  F     AN22HDX1       1 12.7   326   357    3311    (-,-) 
  g222/Q                                 -       C->Q  F     AND4HDX1       1 15.8   147   615    3927    (-,-) 
  g215/Q                                 -       D->Q  F     AND4HDX2       1 38.2   158   531    4457    (-,-) 
  g214/Q                                 -       A->Q  R     NA2HDX4        2 36.6   220   223    4681    (-,-) 
  g201290/Q                              -       AN->Q R     NA2I1HDX4      2 69.2   360   418    5099    (-,-) 
  g191702/Q                              -       B->Q  F     NA2I1HDX4      2 44.5   174   226    5325    (-,-) 
  g191622/Q                              -       A->Q  F     NA22HDX4       2 29.0   174   429    5755    (-,-) 
  g191545/Q                              -       B->Q  F     NA22HDX0       1 11.2   278   504    6258    (-,-) 
  u_core_u_drain_ctrl_pd_scan_q_reg[0]/D -       -     F     DFRSQHDX1      1    -     -     0    6258    (-,-) 
#---------------------------------------------------------------------------------------------------------------

Capture clock path:
#---------------------------------------------------------------------------------------------------------------
#             Timing Point               Flags   Arc   Edge   Cell     Fanout Load Trans Delay Arrival Instance 
#                                                                             (fF)  (ps)  (ps)   (ps)  Location 
#---------------------------------------------------------------------------------------------------------------
  clk_sys                                (i)     -     R     (arrival)   4859  0.0     0     0    6250    (-,-) 
  u_core_u_drain_ctrl_pd_scan_q_reg[0]/C <<<     -     R     DFRSQHDX1   4859    -   150     0    6250    (-,-) 
#---------------------------------------------------------------------------------------------------------------



Path 57: VIOLATED (-955 ps) Setup Check with Pin u_core_u_drain_ctrl_event_seq_q_reg[0]/C->D
           View: wc_view
          Group: clk_sys
     Startpoint: (R) u_core_u_drain_ctrl_pd_scan_q_reg[5]/C
          Clock: (R) clk_sys
       Endpoint: (F) u_core_u_drain_ctrl_event_seq_q_reg[0]/D
          Clock: (R) clk_sys

                     Capture       Launch     
        Clock Edge:+    6250            0     
       Src Latency:+       0            0     
       Net Latency:+       0 (I)        0 (I) 
           Arrival:=    6250            0     
                                              
             Setup:-     684                  
       Uncertainty:-     300                  
     Required Time:=    5266                  
      Launch Clock:-       0                  
         Data Path:-    6221                  
             Slack:=    -955                  

Launch clock path:
#---------------------------------------------------------------------------------------------------------------
#             Timing Point               Flags   Arc   Edge   Cell     Fanout Load Trans Delay Arrival Instance 
#                                                                             (fF)  (ps)  (ps)   (ps)  Location 
#---------------------------------------------------------------------------------------------------------------
  clk_sys                                (i)     -     R     (arrival)   4859  0.0     0     0       0    (-,-) 
  u_core_u_drain_ctrl_pd_scan_q_reg[5]/C <<<     -     R     DFRSHDX1    4859    -   150     0       0    (-,-) 
#---------------------------------------------------------------------------------------------------------------

#-----------------------------------------------------------------------------------------------------------------
#              Timing Point                Flags   Arc   Edge   Cell     Fanout Load Trans Delay Arrival Instance 
#                                                                               (fF)  (ps)  (ps)   (ps)  Location 
#-----------------------------------------------------------------------------------------------------------------
  u_core_u_drain_ctrl_pd_scan_q_reg[5]/C   -       -     R     (arrival)   4859    -   150     0       0    (-,-) 
  u_core_u_drain_ctrl_pd_scan_q_reg[5]/Q   -       C->Q  F     DFRSHDX1       2 31.5   309  1022    1022    (-,-) 
  drc_bufs202939/Q                         -       A->Q  F     BUHDX4         5 94.8   200   458    1481    (-,-) 
  g8565/Q                                  -       A->Q  R     INHDX6         5 66.4   151   179    1660    (-,-) 
  g8546/Q                                  -       A->Q  R     AND3HDX4       6 75.5   268   637    2297    (-,-) 
  g8537/Q                                  -       A->Q  F     INHDX3         3 39.2   148   196    2492    (-,-) 
  g8517/Q                                  -       A->Q  R     NO2HDX1        2 21.8   514   462    2954    (-,-) 
  g229/Q                                   -       B->Q  F     AN22HDX1       1 12.7   326   357    3311    (-,-) 
  g222/Q                                   -       C->Q  F     AND4HDX1       1 15.8   147   615    3927    (-,-) 
  g215/Q                                   -       D->Q  F     AND4HDX2       1 38.2   158   531    4457    (-,-) 
  g214/Q                                   -       A->Q  R     NA2HDX4        2 36.6   220   223    4681    (-,-) 
  fopt203679/Q                             -       A->Q  R     BUHDX3         3 54.7   198   323    5004    (-,-) 
  g191705/Q                                -       B->Q  F     NA2I1HDX2      3 39.6   228   255    5259    (-,-) 
  g191623/Q                                -       A->Q  F     NA22HDX4       3 60.2   238   513    5772    (-,-) 
  g191610/Q                                -       A->Q  R     INHDX1         1 15.7   200   235    6007    (-,-) 
  g191542/Q                                -       A->Q  F     ON21HDX1       1 11.2   185   214    6221    (-,-) 
  u_core_u_drain_ctrl_event_seq_q_reg[0]/D -       -     F     DFRSHDX1       1    -     -     0    6221    (-,-) 
#-----------------------------------------------------------------------------------------------------------------

Capture clock path:
#-----------------------------------------------------------------------------------------------------------------
#              Timing Point                Flags   Arc   Edge   Cell     Fanout Load Trans Delay Arrival Instance 
#                                                                               (fF)  (ps)  (ps)   (ps)  Location 
#-----------------------------------------------------------------------------------------------------------------
  clk_sys                                  (i)     -     R     (arrival)   4859  0.0     0     0    6250    (-,-) 
  u_core_u_drain_ctrl_event_seq_q_reg[0]/C <<<     -     R     DFRSHDX1    4859    -   150     0    6250    (-,-) 
#-----------------------------------------------------------------------------------------------------------------



Path 58: VIOLATED (-941 ps) Setup Check with Pin u_core_ovf_count_r_reg[15]/C->D
           View: wc_view
          Group: clk_sys
     Startpoint: (R) u_core_ovf_count_r_reg[1]/C
          Clock: (R) clk_sys
       Endpoint: (F) u_core_ovf_count_r_reg[15]/D
          Clock: (R) clk_sys

                     Capture       Launch     
        Clock Edge:+    6250            0     
       Src Latency:+       0            0     
       Net Latency:+       0 (I)        0 (I) 
           Arrival:=    6250            0     
                                              
             Setup:-     549                  
       Uncertainty:-     300                  
     Required Time:=    5401                  
      Launch Clock:-       0                  
         Data Path:-    6342                  
             Slack:=    -941                  

Launch clock path:
#----------------------------------------------------------------------------------------------------
#        Timing Point         Flags   Arc   Edge   Cell     Fanout Load Trans Delay Arrival Instance 
#                                                                  (fF)  (ps)  (ps)   (ps)  Location 
#----------------------------------------------------------------------------------------------------
  clk_sys                     (i)     -     R     (arrival)   4859  0.0     0     0       0    (-,-) 
  u_core_ovf_count_r_reg[1]/C <<<     -     R     DFRSQHDX1   4859    -   150     0       0    (-,-) 
#----------------------------------------------------------------------------------------------------

#-----------------------------------------------------------------------------------------------------
#        Timing Point          Flags   Arc   Edge   Cell     Fanout Load Trans Delay Arrival Instance 
#                                                                   (fF)  (ps)  (ps)   (ps)  Location 
#-----------------------------------------------------------------------------------------------------
  u_core_ovf_count_r_reg[1]/C  -       -     R     (arrival)   4859    -   150     0       0    (-,-) 
  u_core_ovf_count_r_reg[1]/Q  -       C->Q  F     DFRSQHDX1      3 36.9   302   958     958    (-,-) 
  g200887/CO                   -       A->CO F     HAHDX2         2 48.1   233   576    1534    (-,-) 
  g200815/Q                    -       C->Q  R     NA3I2HDX4      3 55.2   293   339    1872    (-,-) 
  g198923/Q                    -       B->Q  F     NO2I1HDX4      3 29.8   125   178    2050    (-,-) 
  g196845/Q                    -       A->Q  F     AND2HDX2       3 29.1   133   392    2442    (-,-) 
  g191772/Q                    -       A->Q  F     AND2HDX2       3 28.0   130   392    2834    (-,-) 
  g191631/Q                    -       A->Q  F     AND2HDX2       3 28.0   131   391    3225    (-,-) 
  g191534/Q                    -       A->Q  F     AND2HDX2       3 31.9   140   402    3627    (-,-) 
  g191406/Q                    -       A->Q  F     AND2HDX2       3 53.7   188   464    4091    (-,-) 
  g191387/Q                    -       B->Q  R     NA2HDX4        3 32.2   225   260    4352    (-,-) 
  g191378/Q                    -       AN->Q R     NA2I1HDX2      3 43.8   421   457    4808    (-,-) 
  g191368/Q                    -       B->Q  F     NO2I1HDX2      3 33.5   184   257    5065    (-,-) 
  g191358/Q                    -       A->Q  R     NA2HDX1        1 14.2   285   290    5356    (-,-) 
  g191355/Q                    -       C->Q  F     ON21HDX1       1 13.7   218   282    5638    (-,-) 
  g191348/Q                    -       B->Q  R     AN21HDX1       1 15.6   446   503    6140    (-,-) 
  g191346/Q                    -       A->Q  F     NO2HDX1        1 11.2   168   202    6342    (-,-) 
  u_core_ovf_count_r_reg[15]/D -       -     F     DFRHDX2        1    -     -     0    6342    (-,-) 
#-----------------------------------------------------------------------------------------------------

Capture clock path:
#-----------------------------------------------------------------------------------------------------
#        Timing Point          Flags   Arc   Edge   Cell     Fanout Load Trans Delay Arrival Instance 
#                                                                   (fF)  (ps)  (ps)   (ps)  Location 
#-----------------------------------------------------------------------------------------------------
  clk_sys                      (i)     -     R     (arrival)   4859  0.0     0     0    6250    (-,-) 
  u_core_ovf_count_r_reg[15]/C <<<     -     R     DFRHDX2     4859    -   150     0    6250    (-,-) 
#-----------------------------------------------------------------------------------------------------



Path 59: VIOLATED (-933 ps) Setup Check with Pin u_core_u_drain_ctrl_emit_wr_data_q_reg[kind][0]/C->D
           View: wc_view
          Group: clk_sys
     Startpoint: (R) u_core_u_drain_ctrl_pd_scan_q_reg[5]/C
          Clock: (R) clk_sys
       Endpoint: (F) u_core_u_drain_ctrl_emit_wr_data_q_reg[kind][0]/D
          Clock: (R) clk_sys

                     Capture       Launch     
        Clock Edge:+    6250            0     
       Src Latency:+       0            0     
       Net Latency:+       0 (I)        0 (I) 
           Arrival:=    6250            0     
                                              
             Setup:-     533                  
       Uncertainty:-     300                  
     Required Time:=    5417                  
      Launch Clock:-       0                  
         Data Path:-    6351                  
             Slack:=    -933                  

Launch clock path:
#---------------------------------------------------------------------------------------------------------------
#             Timing Point               Flags   Arc   Edge   Cell     Fanout Load Trans Delay Arrival Instance 
#                                                                             (fF)  (ps)  (ps)   (ps)  Location 
#---------------------------------------------------------------------------------------------------------------
  clk_sys                                (i)     -     R     (arrival)   4859  0.0     0     0       0    (-,-) 
  u_core_u_drain_ctrl_pd_scan_q_reg[5]/C <<<     -     R     DFRSHDX1    4859    -   150     0       0    (-,-) 
#---------------------------------------------------------------------------------------------------------------

#--------------------------------------------------------------------------------------------------------------------------
#                   Timing Point                    Flags   Arc   Edge   Cell     Fanout Load Trans Delay Arrival Instance 
#                                                                                        (fF)  (ps)  (ps)   (ps)  Location 
#--------------------------------------------------------------------------------------------------------------------------
  u_core_u_drain_ctrl_pd_scan_q_reg[5]/C            -       -     R     (arrival)   4859    -   150     0       0    (-,-) 
  u_core_u_drain_ctrl_pd_scan_q_reg[5]/Q            -       C->Q  F     DFRSHDX1       2 31.5   309  1022    1022    (-,-) 
  drc_bufs202939/Q                                  -       A->Q  F     BUHDX4         5 94.8   200   458    1481    (-,-) 
  g8565/Q                                           -       A->Q  R     INHDX6         5 66.4   151   179    1660    (-,-) 
  g8546/Q                                           -       A->Q  R     AND3HDX4       6 75.5   268   637    2297    (-,-) 
  g8537/Q                                           -       A->Q  F     INHDX3         3 39.2   148   196    2492    (-,-) 
  g8517/Q                                           -       A->Q  R     NO2HDX1        2 21.8   514   462    2954    (-,-) 
  g229/Q                                            -       B->Q  F     AN22HDX1       1 12.7   326   357    3311    (-,-) 
  g222/Q                                            -       C->Q  F     AND4HDX1       1 15.8   147   615    3927    (-,-) 
  g215/Q                                            -       D->Q  F     AND4HDX2       1 38.2   158   531    4457    (-,-) 
  g214/Q                                            -       A->Q  R     NA2HDX4        2 36.6   220   223    4681    (-,-) 
  fopt203679/Q                                      -       A->Q  R     BUHDX3         3 54.7   198   323    5004    (-,-) 
  g191657/Q                                         -       C->Q  F     NA3I2HDX2      2 30.4   250   230    5233    (-,-) 
  fopt203700/Q                                      -       A->Q  F     BUHDX1         1 15.1   151   406    5639    (-,-) 
  g191596/Q                                         -       A->Q  R     AN21HDX1       1 15.7   466   438    6077    (-,-) 
  g191527/Q                                         -       A->Q  F     ON21HDX1       1 11.2   207   273    6350    (-,-) 
  u_core_u_drain_ctrl_emit_wr_data_q_reg[kind][0]/D -       -     F     DFRHDX4        1    -     -     0    6351    (-,-) 
#--------------------------------------------------------------------------------------------------------------------------

Capture clock path:
#--------------------------------------------------------------------------------------------------------------------------
#                   Timing Point                    Flags   Arc   Edge   Cell     Fanout Load Trans Delay Arrival Instance 
#                                                                                        (fF)  (ps)  (ps)   (ps)  Location 
#--------------------------------------------------------------------------------------------------------------------------
  clk_sys                                           (i)     -     R     (arrival)   4859  0.0     0     0    6250    (-,-) 
  u_core_u_drain_ctrl_emit_wr_data_q_reg[kind][0]/C <<<     -     R     DFRHDX4     4859    -   150     0    6250    (-,-) 
#--------------------------------------------------------------------------------------------------------------------------



Path 60: VIOLATED (-898 ps) Setup Check with Pin u_core_u_meas_ctrl_total_hits_q_reg[4]/C->D
           View: wc_view
          Group: clk_sys
     Startpoint: (R) u_core_u_meas_ctrl_row_cnt_q_reg[6][1]/C
          Clock: (R) clk_sys
       Endpoint: (F) u_core_u_meas_ctrl_total_hits_q_reg[4]/D
          Clock: (R) clk_sys

                     Capture       Launch     
        Clock Edge:+    6250            0     
       Src Latency:+       0            0     
       Net Latency:+       0 (I)        0 (I) 
           Arrival:=    6250            0     
                                              
             Setup:-     530                  
       Uncertainty:-     300                  
     Required Time:=    5420                  
      Launch Clock:-       0                  
         Data Path:-    6318                  
             Slack:=    -898                  

Launch clock path:
#-----------------------------------------------------------------------------------------------------------------
#              Timing Point                Flags   Arc   Edge   Cell     Fanout Load Trans Delay Arrival Instance 
#                                                                               (fF)  (ps)  (ps)   (ps)  Location 
#-----------------------------------------------------------------------------------------------------------------
  clk_sys                                  (i)     -     R     (arrival)   4859  0.0     0     0       0    (-,-) 
  u_core_u_meas_ctrl_row_cnt_q_reg[6][1]/C <<<     -     R     DFRSQHDX1   4859    -   150     0       0    (-,-) 
#-----------------------------------------------------------------------------------------------------------------

#-------------------------------------------------------------------------------------------------------------------------------------------
#                           Timing Point                            Flags    Arc   Edge   Cell     Fanout Load Trans Delay Arrival Instance 
#                                                                                                         (fF)  (ps)  (ps)   (ps)  Location 
#-------------------------------------------------------------------------------------------------------------------------------------------
  u_core_u_meas_ctrl_row_cnt_q_reg[6][1]/C                          -       -      R     (arrival)   4859    -   150     0       0    (-,-) 
  u_core_u_meas_ctrl_row_cnt_q_reg[6][1]/Q                          -       C->Q   F     DFRSQHDX1      2 37.2   304   959     959    (-,-) 
  u_core_u_meas_ctrl_csa_tree_ADD_TC_OP_133_groupi_cdnfadd_001_0/CO -       B->CO  F     FAHDX2         1 27.1   224   906    1865    (-,-) 
  u_core_u_meas_ctrl_csa_tree_ADD_TC_OP_133_groupi_cdnfadd_002_2/CO -       CI->CO F     FAHDX1         1 27.1   299   834    2699    (-,-) 
  u_core_u_meas_ctrl_csa_tree_ADD_TC_OP_133_groupi_cdnfadd_003_4/S  -       CI->S  R     FAHDX1         1 26.8   317  1175    3874    (-,-) 
  u_core_u_meas_ctrl_csa_tree_ADD_TC_OP_133_groupi_cdnfadd_003_5/S  -       CI->S  F     FAHDX1         2 21.8   238   920    4793    (-,-) 
  u_core_u_meas_ctrl_csa_tree_ADD_TC_OP_133_groupi_g740/CO          -       CI->CO F     CAGHDX2        3 42.0   220   748    5541    (-,-) 
  u_core_u_meas_ctrl_csa_tree_ADD_TC_OP_133_groupi_g738/Q           -       A->Q   F     EN2HDX1        1 15.8   220   412    5953    (-,-) 
  g197749/Q                                                         -       A->Q   F     NA22HDX1       1 11.2   190   365    6318    (-,-) 
  u_core_u_meas_ctrl_total_hits_q_reg[4]/D                          -       -      F     DFRQHDX4       1    -     -     0    6318    (-,-) 
#-------------------------------------------------------------------------------------------------------------------------------------------

Capture clock path:
#-----------------------------------------------------------------------------------------------------------------
#              Timing Point                Flags   Arc   Edge   Cell     Fanout Load Trans Delay Arrival Instance 
#                                                                               (fF)  (ps)  (ps)   (ps)  Location 
#-----------------------------------------------------------------------------------------------------------------
  clk_sys                                  (i)     -     R     (arrival)   4859  0.0     0     0    6250    (-,-) 
  u_core_u_meas_ctrl_total_hits_q_reg[4]/C <<<     -     R     DFRQHDX4    4859    -   150     0    6250    (-,-) 
#-----------------------------------------------------------------------------------------------------------------



Path 61: VIOLATED (-671 ps) Setup Check with Pin u_core_ovf_count_r_reg[14]/C->D
           View: wc_view
          Group: clk_sys
     Startpoint: (R) u_core_ovf_count_r_reg[2]/C
          Clock: (R) clk_sys
       Endpoint: (F) u_core_ovf_count_r_reg[14]/D
          Clock: (R) clk_sys

                     Capture       Launch     
        Clock Edge:+    6250            0     
       Src Latency:+       0            0     
       Net Latency:+       0 (I)        0 (I) 
           Arrival:=    6250            0     
                                              
             Setup:-     542                  
       Uncertainty:-     300                  
     Required Time:=    5408                  
      Launch Clock:-       0                  
         Data Path:-    6078                  
             Slack:=    -671                  

Launch clock path:
#----------------------------------------------------------------------------------------------------
#        Timing Point         Flags   Arc   Edge   Cell     Fanout Load Trans Delay Arrival Instance 
#                                                                  (fF)  (ps)  (ps)   (ps)  Location 
#----------------------------------------------------------------------------------------------------
  clk_sys                     (i)     -     R     (arrival)   4859  0.0     0     0       0    (-,-) 
  u_core_ovf_count_r_reg[2]/C <<<     -     R     DFRSQHDX1   4859    -   150     0       0    (-,-) 
#----------------------------------------------------------------------------------------------------

#-----------------------------------------------------------------------------------------------------
#        Timing Point          Flags   Arc   Edge   Cell     Fanout Load Trans Delay Arrival Instance 
#                                                                   (fF)  (ps)  (ps)   (ps)  Location 
#-----------------------------------------------------------------------------------------------------
  u_core_ovf_count_r_reg[2]/C  -       -     R     (arrival)   4859    -   150     0       0    (-,-) 
  u_core_ovf_count_r_reg[2]/Q  -       C->Q  R     DFRSQHDX1      2 27.7   318   930     930    (-,-) 
  g201593/Q                    -       B->Q  F     NA2HDX2        1 15.7   136   186    1116    (-,-) 
  g200815/Q                    -       BN->Q F     NA3I2HDX4      3 53.3   254   753    1869    (-,-) 
  g198923/Q                    -       B->Q  R     NO2I1HDX4      3 29.7   265   336    2205    (-,-) 
  g196845/Q                    -       A->Q  R     AND2HDX2       3 29.3   191   416    2621    (-,-) 
  g191772/Q                    -       A->Q  R     AND2HDX2       3 28.2   186   384    3005    (-,-) 
  g191631/Q                    -       A->Q  R     AND2HDX2       3 28.2   186   382    3387    (-,-) 
  g191534/Q                    -       A->Q  R     AND2HDX2       3 32.3   203   398    3785    (-,-) 
  g191406/Q                    -       A->Q  R     AND2HDX2       3 54.0   293   484    4269    (-,-) 
  g191387/Q                    -       B->Q  F     NA2HDX4        3 32.3   163   186    4455    (-,-) 
  g191378/Q                    -       AN->Q F     NA2I1HDX2      3 42.4   241   431    4886    (-,-) 
  g191368/Q                    -       B->Q  R     NO2I1HDX2      3 33.5   426   462    5348    (-,-) 
  g191357/Q                    -       AN->Q R     NA3I1HDX1      1 14.0   357   452    5799    (-,-) 
  g191350/Q                    -       B->Q  F     AN21HDX1       1 11.2   234   279    6078    (-,-) 
  u_core_ovf_count_r_reg[14]/D -       -     F     DFRQHDX4       1    -     -     0    6078    (-,-) 
#-----------------------------------------------------------------------------------------------------

Capture clock path:
#-----------------------------------------------------------------------------------------------------
#        Timing Point          Flags   Arc   Edge   Cell     Fanout Load Trans Delay Arrival Instance 
#                                                                   (fF)  (ps)  (ps)   (ps)  Location 
#-----------------------------------------------------------------------------------------------------
  clk_sys                      (i)     -     R     (arrival)   4859  0.0     0     0    6250    (-,-) 
  u_core_ovf_count_r_reg[14]/C <<<     -     R     DFRQHDX4    4859    -   150     0    6250    (-,-) 
#-----------------------------------------------------------------------------------------------------



Path 62: VIOLATED (-652 ps) Setup Check with Pin u_core_u_drain_ctrl_state_q_reg[1]/C->D
           View: wc_view
          Group: clk_sys
     Startpoint: (R) u_core_u_drain_ctrl_drain_ctx_q_reg[0]/C
          Clock: (R) clk_sys
       Endpoint: (F) u_core_u_drain_ctrl_state_q_reg[1]/D
          Clock: (R) clk_sys

                     Capture       Launch     
        Clock Edge:+    6250            0     
       Src Latency:+       0            0     
       Net Latency:+       0 (I)        0 (I) 
           Arrival:=    6250            0     
                                              
             Setup:-     661                  
       Uncertainty:-     300                  
     Required Time:=    5289                  
      Launch Clock:-       0                  
         Data Path:-    5941                  
             Slack:=    -652                  

Launch clock path:
#-----------------------------------------------------------------------------------------------------------------
#              Timing Point                Flags   Arc   Edge   Cell     Fanout Load Trans Delay Arrival Instance 
#                                                                               (fF)  (ps)  (ps)   (ps)  Location 
#-----------------------------------------------------------------------------------------------------------------
  clk_sys                                  (i)     -     R     (arrival)   4859  0.0     0     0       0    (-,-) 
  u_core_u_drain_ctrl_drain_ctx_q_reg[0]/C <<<     -     R     DFRSHDX2    4859    -   150     0       0    (-,-) 
#-----------------------------------------------------------------------------------------------------------------

#------------------------------------------------------------------------------------------------------------------
#              Timing Point                Flags   Arc   Edge   Cell     Fanout  Load Trans Delay Arrival Instance 
#                                                                                (fF)  (ps)  (ps)   (ps)  Location 
#------------------------------------------------------------------------------------------------------------------
  u_core_u_drain_ctrl_drain_ctx_q_reg[0]/C -       -     R     (arrival)   4859     -   150     0       0    (-,-) 
  u_core_u_drain_ctrl_drain_ctx_q_reg[0]/Q -       C->Q  F     DFRSHDX2       2  52.7   320  1150    1150    (-,-) 
  fopt664/Q                                -       A->Q  F     BUHDX6         6 191.2   256   511    1661    (-,-) 
  fopt661/Q                                -       A->Q  F     BUHDX6         7 116.3   174   414    2075    (-,-) 
  fopt638/Q                                -       A->Q  F     BUHDX4         4  68.7   157   362    2436    (-,-) 
  fopt637/Q                                -       A->Q  F     BUHDX4         5  95.9   200   396    2833    (-,-) 
  fopt636/Q                                -       A->Q  R     INHDX3         4  56.0   216   241    3074    (-,-) 
  fopt633/Q                                -       A->Q  R     BUHDX4         9  84.8   223   341    3415    (-,-) 
  fopt632/Q                                -       A->Q  R     BUHDX2         3  42.9   227   351    3767    (-,-) 
  fopt631/Q                                -       A->Q  F     INHDX3         4  53.2   173   216    3982    (-,-) 
  fopt630/Q                                -       A->Q  R     INHDX3         2  30.5   141   163    4146    (-,-) 
  fopt629/Q                                -       A->Q  F     INHDX2         1  23.5   122   144    4290    (-,-) 
  g196138/Q                                -       B->Q  R     NO2HDX2        2  21.8   342   337    4627    (-,-) 
  g191744/Q                                -       AN->Q R     NA3I2HDX1      1  20.0   376   494    5121    (-,-) 
  g191703/Q                                -       B->Q  F     NA2HDX2        2  25.8   219   239    5359    (-,-) 
  g191650/Q                                -       A->Q  R     NA2HDX1        1  13.7   289   300    5660    (-,-) 
  g191620/Q                                -       A->Q  F     NA3HDX1        1  11.2   260   281    5941    (-,-) 
  u_core_u_drain_ctrl_state_q_reg[1]/D     -       -     F     DFRSQHDX4      1     -     -     0    5941    (-,-) 
#------------------------------------------------------------------------------------------------------------------

Capture clock path:
#-------------------------------------------------------------------------------------------------------------
#            Timing Point              Flags   Arc   Edge   Cell     Fanout Load Trans Delay Arrival Instance 
#                                                                           (fF)  (ps)  (ps)   (ps)  Location 
#-------------------------------------------------------------------------------------------------------------
  clk_sys                              (i)     -     R     (arrival)   4859  0.0     0     0    6250    (-,-) 
  u_core_u_drain_ctrl_state_q_reg[1]/C <<<     -     R     DFRSQHDX4   4859    -   150     0    6250    (-,-) 
#-------------------------------------------------------------------------------------------------------------



Path 63: VIOLATED (-645 ps) Setup Check with Pin u_core_u_meas_ctrl_total_hits_q_reg[3]/C->D
           View: wc_view
          Group: clk_sys
     Startpoint: (R) u_core_u_meas_ctrl_row_cnt_q_reg[6][1]/C
          Clock: (R) clk_sys
       Endpoint: (R) u_core_u_meas_ctrl_total_hits_q_reg[3]/D
          Clock: (R) clk_sys

                     Capture       Launch     
        Clock Edge:+    6250            0     
       Src Latency:+       0            0     
       Net Latency:+       0 (I)        0 (I) 
           Arrival:=    6250            0     
                                              
             Setup:-     220                  
       Uncertainty:-     300                  
     Required Time:=    5730                  
      Launch Clock:-       0                  
         Data Path:-    6375                  
             Slack:=    -645                  

Launch clock path:
#-----------------------------------------------------------------------------------------------------------------
#              Timing Point                Flags   Arc   Edge   Cell     Fanout Load Trans Delay Arrival Instance 
#                                                                               (fF)  (ps)  (ps)   (ps)  Location 
#-----------------------------------------------------------------------------------------------------------------
  clk_sys                                  (i)     -     R     (arrival)   4859  0.0     0     0       0    (-,-) 
  u_core_u_meas_ctrl_row_cnt_q_reg[6][1]/C <<<     -     R     DFRSQHDX1   4859    -   150     0       0    (-,-) 
#-----------------------------------------------------------------------------------------------------------------

#-------------------------------------------------------------------------------------------------------------------------------------------
#                           Timing Point                            Flags    Arc   Edge   Cell     Fanout Load Trans Delay Arrival Instance 
#                                                                                                         (fF)  (ps)  (ps)   (ps)  Location 
#-------------------------------------------------------------------------------------------------------------------------------------------
  u_core_u_meas_ctrl_row_cnt_q_reg[6][1]/C                          -       -      R     (arrival)   4859    -   150     0       0    (-,-) 
  u_core_u_meas_ctrl_row_cnt_q_reg[6][1]/Q                          -       C->Q   F     DFRSQHDX1      2 37.2   304   959     959    (-,-) 
  u_core_u_meas_ctrl_csa_tree_ADD_TC_OP_133_groupi_cdnfadd_001_0/CO -       B->CO  F     FAHDX2         1 27.1   224   906    1865    (-,-) 
  u_core_u_meas_ctrl_csa_tree_ADD_TC_OP_133_groupi_cdnfadd_002_2/CO -       CI->CO F     FAHDX1         1 27.1   299   834    2699    (-,-) 
  u_core_u_meas_ctrl_csa_tree_ADD_TC_OP_133_groupi_cdnfadd_003_4/S  -       CI->S  R     FAHDX1         1 26.8   317  1175    3874    (-,-) 
  u_core_u_meas_ctrl_csa_tree_ADD_TC_OP_133_groupi_cdnfadd_003_5/S  -       CI->S  R     FAHDX1         2 21.4   272  1100    4974    (-,-) 
  u_core_u_meas_ctrl_csa_tree_ADD_TC_OP_133_groupi_fopt/Q           -       A->Q   R     BUHDX1         1 19.7   216   354    5327    (-,-) 
  u_core_u_meas_ctrl_csa_tree_ADD_TC_OP_133_groupi_g739/Q           -       A->Q   R     EN3HDX1        1 15.5   573   611    5938    (-,-) 
  g197750/Q                                                         -       A->Q   R     NA22HDX1       1 11.1   217   436    6375    (-,-) 
  u_core_u_meas_ctrl_total_hits_q_reg[3]/D                          -       -      R     DFRHDX1        1    -     -     0    6375    (-,-) 
#-------------------------------------------------------------------------------------------------------------------------------------------

Capture clock path:
#-----------------------------------------------------------------------------------------------------------------
#              Timing Point                Flags   Arc   Edge   Cell     Fanout Load Trans Delay Arrival Instance 
#                                                                               (fF)  (ps)  (ps)   (ps)  Location 
#-----------------------------------------------------------------------------------------------------------------
  clk_sys                                  (i)     -     R     (arrival)   4859  0.0     0     0    6250    (-,-) 
  u_core_u_meas_ctrl_total_hits_q_reg[3]/C <<<     -     R     DFRHDX1     4859    -   150     0    6250    (-,-) 
#-----------------------------------------------------------------------------------------------------------------



Path 64: VIOLATED (-552 ps) Setup Check with Pin u_core_last_hit_count_r_reg[2]/C->D
           View: wc_view
          Group: clk_sys
     Startpoint: (R) u_core_u_drain_ctrl_drain_ctx_q_reg[0]/C
          Clock: (R) clk_sys
       Endpoint: (F) u_core_last_hit_count_r_reg[2]/D
          Clock: (R) clk_sys

                     Capture       Launch     
        Clock Edge:+    6250            0     
       Src Latency:+       0            0     
       Net Latency:+       0 (I)        0 (I) 
           Arrival:=    6250            0     
                                              
             Setup:-     526                  
       Uncertainty:-     300                  
     Required Time:=    5424                  
      Launch Clock:-       0                  
         Data Path:-    5976                  
             Slack:=    -552                  

Launch clock path:
#-----------------------------------------------------------------------------------------------------------------
#              Timing Point                Flags   Arc   Edge   Cell     Fanout Load Trans Delay Arrival Instance 
#                                                                               (fF)  (ps)  (ps)   (ps)  Location 
#-----------------------------------------------------------------------------------------------------------------
  clk_sys                                  (i)     -     R     (arrival)   4859  0.0     0     0       0    (-,-) 
  u_core_u_drain_ctrl_drain_ctx_q_reg[0]/C <<<     -     R     DFRSHDX2    4859    -   150     0       0    (-,-) 
#-----------------------------------------------------------------------------------------------------------------

#------------------------------------------------------------------------------------------------------------------
#              Timing Point                Flags   Arc   Edge   Cell     Fanout  Load Trans Delay Arrival Instance 
#                                                                                (fF)  (ps)  (ps)   (ps)  Location 
#------------------------------------------------------------------------------------------------------------------
  u_core_u_drain_ctrl_drain_ctx_q_reg[0]/C -       -     R     (arrival)   4859     -   150     0       0    (-,-) 
  u_core_u_drain_ctrl_drain_ctx_q_reg[0]/Q -       C->Q  F     DFRSHDX2       2  52.7   320  1150    1150    (-,-) 
  fopt168/Q                                -       A->Q  F     BUHDX4         2  62.6   149   412    1561    (-,-) 
  fopt167/Q                                -       A->Q  F     BUHDX8        21 305.4   288   467    2028    (-,-) 
  fopt166/Q                                -       A->Q  F     BUHDX3         3  91.6   246   492    2520    (-,-) 
  fopt165/Q                                -       A->Q  R     INHDX6         5 109.2   215   257    2777    (-,-) 
  fopt148/Q                                -       A->Q  R     BUHDX6         7 115.5   206   328    3105    (-,-) 
  fopt146/Q                                -       A->Q  R     BUHDX3         2  26.1   119   253    3359    (-,-) 
  fopt145/Q                                -       A->Q  R     BUHDX3         3  36.0   145   245    3603    (-,-) 
  fopt144/Q                                -       A->Q  F     INHDX2         2  23.4   122   145    3748    (-,-) 
  fopt143/Q                                -       A->Q  F     BUHDX2         2  25.2   121   306    4055    (-,-) 
  g201504/Q                                -       A->Q  F     AND2HDX2       2  21.2   115   368    4423    (-,-) 
  g201314/Q                                -       A->Q  F     AND2HDX2       7  76.8   237   497    4920    (-,-) 
  g198353/Q                                -       B->Q  F     AO222HDX2      1  11.2   176  1056    5976    (-,-) 
  u_core_last_hit_count_r_reg[2]/D         -       -     F     DFRQHDX4       1     -     -     0    5976    (-,-) 
#------------------------------------------------------------------------------------------------------------------

Capture clock path:
#---------------------------------------------------------------------------------------------------------
#          Timing Point            Flags   Arc   Edge   Cell     Fanout Load Trans Delay Arrival Instance 
#                                                                       (fF)  (ps)  (ps)   (ps)  Location 
#---------------------------------------------------------------------------------------------------------
  clk_sys                          (i)     -     R     (arrival)   4859  0.0     0     0    6250    (-,-) 
  u_core_last_hit_count_r_reg[2]/C <<<     -     R     DFRQHDX4    4859    -   150     0    6250    (-,-) 
#---------------------------------------------------------------------------------------------------------



Path 65: VIOLATED (-536 ps) Setup Check with Pin u_core_start_wdt_cnt_reg[15]/C->D
           View: wc_view
          Group: clk_sys
     Startpoint: (R) u_core_start_wdt_cnt_reg[3]/C
          Clock: (R) clk_sys
       Endpoint: (F) u_core_start_wdt_cnt_reg[15]/D
          Clock: (R) clk_sys

                     Capture       Launch     
        Clock Edge:+    6250            0     
       Src Latency:+       0            0     
       Net Latency:+       0 (I)        0 (I) 
           Arrival:=    6250            0     
                                              
             Setup:-     630                  
       Uncertainty:-     300                  
     Required Time:=    5320                  
      Launch Clock:-       0                  
         Data Path:-    5856                  
             Slack:=    -536                  

Launch clock path:
#------------------------------------------------------------------------------------------------------
#         Timing Point          Flags   Arc   Edge   Cell     Fanout Load Trans Delay Arrival Instance 
#                                                                    (fF)  (ps)  (ps)   (ps)  Location 
#------------------------------------------------------------------------------------------------------
  clk_sys                       (i)     -     R     (arrival)   4859  0.0     0     0       0    (-,-) 
  u_core_start_wdt_cnt_reg[3]/C <<<     -     R     DFRRQHDX1   4859    -   150     0       0    (-,-) 
#------------------------------------------------------------------------------------------------------

#-------------------------------------------------------------------------------------------------------
#         Timing Point           Flags   Arc   Edge   Cell     Fanout Load Trans Delay Arrival Instance 
#                                                                     (fF)  (ps)  (ps)   (ps)  Location 
#-------------------------------------------------------------------------------------------------------
  u_core_start_wdt_cnt_reg[3]/C  -       -     R     (arrival)   4859    -   150     0       0    (-,-) 
  u_core_start_wdt_cnt_reg[3]/Q  -       C->Q  F     DFRRQHDX1      1 21.5   260   999     999    (-,-) 
  drc_bufs202975/Q               -       A->Q  R     INHDX2         1 29.0   190   234    1233    (-,-) 
  drc_bufs202973/Q               -       A->Q  F     INHDX3         5 58.5   180   214    1447    (-,-) 
  g201588/Q                      -       A->Q  R     NO2HDX2        1 14.8   274   277    1724    (-,-) 
  g201056/Q                      -       AN->Q R     NO5I1HDX2      3 32.7   232   572    2297    (-,-) 
  g200813/Q                      -       A->Q  R     AND2HDX4       3 50.3   185   470    2767    (-,-) 
  g198919/Q                      -       B->Q  F     NA2I1HDX4      3 58.2   186   216    2984    (-,-) 
  g198198/Q                      -       A->Q  R     NO2HDX4        3 34.8   310   322    3305    (-,-) 
  g197702/Q                      -       A->Q  R     AND2HDX2       2 20.7   154   396    3701    (-,-) 
  g196846/Q                      -       A->Q  R     AND2HDX4       3 40.5   164   418    4119    (-,-) 
  g191754/Q                      -       A->Q  R     AND2HDX2       2 30.9   197   384    4502    (-,-) 
  g191704/Q                      -       B->Q  F     NA2I1HDX2      3 45.8   252   275    4777    (-,-) 
  g191604/Q                      -       A->Q  R     NO2HDX2        2 27.3   379   394    5172    (-,-) 
  g191411/Q                      -       A->Q  F     ON21HDX1       1 15.8   272   291    5463    (-,-) 
  g191397/Q                      -       A->Q  F     NA22HDX1       1 12.2   172   393    5856    (-,-) 
  u_core_start_wdt_cnt_reg[15]/D -       -     F     DFRRQHDX4      1    -     -     0    5856    (-,-) 
#-------------------------------------------------------------------------------------------------------

Capture clock path:
#-------------------------------------------------------------------------------------------------------
#         Timing Point           Flags   Arc   Edge   Cell     Fanout Load Trans Delay Arrival Instance 
#                                                                     (fF)  (ps)  (ps)   (ps)  Location 
#-------------------------------------------------------------------------------------------------------
  clk_sys                        (i)     -     R     (arrival)   4859  0.0     0     0    6250    (-,-) 
  u_core_start_wdt_cnt_reg[15]/C <<<     -     R     DFRRQHDX4   4859    -   150     0    6250    (-,-) 
#-------------------------------------------------------------------------------------------------------



Path 66: VIOLATED (-534 ps) Setup Check with Pin u_core_start_wdt_cnt_reg[13]/C->D
           View: wc_view
          Group: clk_sys
     Startpoint: (R) u_core_start_wdt_cnt_reg[3]/C
          Clock: (R) clk_sys
       Endpoint: (F) u_core_start_wdt_cnt_reg[13]/D
          Clock: (R) clk_sys

                     Capture       Launch     
        Clock Edge:+    6250            0     
       Src Latency:+       0            0     
       Net Latency:+       0 (I)        0 (I) 
           Arrival:=    6250            0     
                                              
             Setup:-     658                  
       Uncertainty:-     300                  
     Required Time:=    5292                  
      Launch Clock:-       0                  
         Data Path:-    5825                  
             Slack:=    -534                  

Launch clock path:
#------------------------------------------------------------------------------------------------------
#         Timing Point          Flags   Arc   Edge   Cell     Fanout Load Trans Delay Arrival Instance 
#                                                                    (fF)  (ps)  (ps)   (ps)  Location 
#------------------------------------------------------------------------------------------------------
  clk_sys                       (i)     -     R     (arrival)   4859  0.0     0     0       0    (-,-) 
  u_core_start_wdt_cnt_reg[3]/C <<<     -     R     DFRRQHDX1   4859    -   150     0       0    (-,-) 
#------------------------------------------------------------------------------------------------------

#-------------------------------------------------------------------------------------------------------
#         Timing Point           Flags   Arc   Edge   Cell     Fanout Load Trans Delay Arrival Instance 
#                                                                     (fF)  (ps)  (ps)   (ps)  Location 
#-------------------------------------------------------------------------------------------------------
  u_core_start_wdt_cnt_reg[3]/C  -       -     R     (arrival)   4859    -   150     0       0    (-,-) 
  u_core_start_wdt_cnt_reg[3]/Q  -       C->Q  F     DFRRQHDX1      1 21.5   260   999     999    (-,-) 
  drc_bufs202975/Q               -       A->Q  R     INHDX2         1 29.0   190   234    1233    (-,-) 
  drc_bufs202973/Q               -       A->Q  F     INHDX3         5 58.5   180   214    1447    (-,-) 
  g201588/Q                      -       A->Q  R     NO2HDX2        1 14.8   274   277    1724    (-,-) 
  g201056/Q                      -       AN->Q R     NO5I1HDX2      3 32.7   232   572    2297    (-,-) 
  g200813/Q                      -       A->Q  R     AND2HDX4       3 50.3   185   470    2767    (-,-) 
  g198919/Q                      -       B->Q  F     NA2I1HDX4      3 58.2   186   216    2984    (-,-) 
  g198198/Q                      -       A->Q  R     NO2HDX4        3 34.8   310   322    3305    (-,-) 
  g197702/Q                      -       A->Q  R     AND2HDX2       2 20.7   154   396    3701    (-,-) 
  g196846/Q                      -       A->Q  R     AND2HDX4       3 40.5   164   418    4119    (-,-) 
  g191754/Q                      -       A->Q  R     AND2HDX2       2 30.9   197   384    4502    (-,-) 
  g191725/Q                      -       A->Q  F     INHDX1         2 24.1   215   247    4750    (-,-) 
  g191693/Q                      -       A->Q  R     NA2HDX0        1 11.2   340   336    5085    (-,-) 
  g191597/Q                      -       B->Q  R     AO21HDX1       1 14.2   187   462    5547    (-,-) 
  g191404/Q                      -       B->Q  F     NA3HDX1        1 12.2   273   278    5825    (-,-) 
  u_core_start_wdt_cnt_reg[13]/D -       -     F     DFRRQHDX4      1    -     -     0    5825    (-,-) 
#-------------------------------------------------------------------------------------------------------

Capture clock path:
#-------------------------------------------------------------------------------------------------------
#         Timing Point           Flags   Arc   Edge   Cell     Fanout Load Trans Delay Arrival Instance 
#                                                                     (fF)  (ps)  (ps)   (ps)  Location 
#-------------------------------------------------------------------------------------------------------
  clk_sys                        (i)     -     R     (arrival)   4859  0.0     0     0    6250    (-,-) 
  u_core_start_wdt_cnt_reg[13]/C <<<     -     R     DFRRQHDX4   4859    -   150     0    6250    (-,-) 
#-------------------------------------------------------------------------------------------------------



Path 67: VIOLATED (-474 ps) Setup Check with Pin u_core_last_hit_count_r_reg[3]/C->D
           View: wc_view
          Group: clk_sys
     Startpoint: (R) u_core_u_drain_ctrl_drain_ctx_q_reg[0]/C
          Clock: (R) clk_sys
       Endpoint: (F) u_core_last_hit_count_r_reg[3]/D
          Clock: (R) clk_sys

                     Capture       Launch     
        Clock Edge:+    6250            0     
       Src Latency:+       0            0     
       Net Latency:+       0 (I)        0 (I) 
           Arrival:=    6250            0     
                                              
             Setup:-     526                  
       Uncertainty:-     300                  
     Required Time:=    5424                  
      Launch Clock:-       0                  
         Data Path:-    5899                  
             Slack:=    -474                  

Launch clock path:
#-----------------------------------------------------------------------------------------------------------------
#              Timing Point                Flags   Arc   Edge   Cell     Fanout Load Trans Delay Arrival Instance 
#                                                                               (fF)  (ps)  (ps)   (ps)  Location 
#-----------------------------------------------------------------------------------------------------------------
  clk_sys                                  (i)     -     R     (arrival)   4859  0.0     0     0       0    (-,-) 
  u_core_u_drain_ctrl_drain_ctx_q_reg[0]/C <<<     -     R     DFRSHDX2    4859    -   150     0       0    (-,-) 
#-----------------------------------------------------------------------------------------------------------------

#------------------------------------------------------------------------------------------------------------------
#              Timing Point                Flags   Arc   Edge   Cell     Fanout  Load Trans Delay Arrival Instance 
#                                                                                (fF)  (ps)  (ps)   (ps)  Location 
#------------------------------------------------------------------------------------------------------------------
  u_core_u_drain_ctrl_drain_ctx_q_reg[0]/C -       -     R     (arrival)   4859     -   150     0       0    (-,-) 
  u_core_u_drain_ctrl_drain_ctx_q_reg[0]/Q -       C->Q  F     DFRSHDX2       2  52.7   320  1150    1150    (-,-) 
  fopt168/Q                                -       A->Q  F     BUHDX4         2  62.6   149   412    1561    (-,-) 
  fopt167/Q                                -       A->Q  F     BUHDX8        21 305.4   288   467    2028    (-,-) 
  fopt166/Q                                -       A->Q  F     BUHDX3         3  91.6   246   492    2520    (-,-) 
  fopt165/Q                                -       A->Q  R     INHDX6         5 109.2   215   257    2777    (-,-) 
  fopt148/Q                                -       A->Q  R     BUHDX6         7 115.5   206   328    3105    (-,-) 
  fopt146/Q                                -       A->Q  R     BUHDX3         2  26.1   119   253    3359    (-,-) 
  fopt145/Q                                -       A->Q  R     BUHDX3         3  36.0   145   245    3603    (-,-) 
  fopt144/Q                                -       A->Q  F     INHDX2         2  23.4   122   145    3748    (-,-) 
  fopt143/Q                                -       A->Q  F     BUHDX2         2  25.2   121   306    4055    (-,-) 
  g201504/Q                                -       A->Q  F     AND2HDX2       2  21.2   115   368    4423    (-,-) 
  g201314/Q                                -       A->Q  F     AND2HDX2       7  76.8   237   497    4920    (-,-) 
  g198348/Q                                -       D->Q  F     AO222HDX2      1  11.2   176   979    5899    (-,-) 
  u_core_last_hit_count_r_reg[3]/D         -       -     F     DFRQHDX4       1     -     -     0    5899    (-,-) 
#------------------------------------------------------------------------------------------------------------------

Capture clock path:
#---------------------------------------------------------------------------------------------------------
#          Timing Point            Flags   Arc   Edge   Cell     Fanout Load Trans Delay Arrival Instance 
#                                                                       (fF)  (ps)  (ps)   (ps)  Location 
#---------------------------------------------------------------------------------------------------------
  clk_sys                          (i)     -     R     (arrival)   4859  0.0     0     0    6250    (-,-) 
  u_core_last_hit_count_r_reg[3]/C <<<     -     R     DFRQHDX4    4859    -   150     0    6250    (-,-) 
#---------------------------------------------------------------------------------------------------------



Path 68: VIOLATED (-474 ps) Setup Check with Pin u_core_last_hit_count_r_reg[1]/C->D
           View: wc_view
          Group: clk_sys
     Startpoint: (R) u_core_u_drain_ctrl_drain_ctx_q_reg[0]/C
          Clock: (R) clk_sys
       Endpoint: (F) u_core_last_hit_count_r_reg[1]/D
          Clock: (R) clk_sys

                     Capture       Launch     
        Clock Edge:+    6250            0     
       Src Latency:+       0            0     
       Net Latency:+       0 (I)        0 (I) 
           Arrival:=    6250            0     
                                              
             Setup:-     526                  
       Uncertainty:-     300                  
     Required Time:=    5424                  
      Launch Clock:-       0                  
         Data Path:-    5899                  
             Slack:=    -474                  

Launch clock path:
#-----------------------------------------------------------------------------------------------------------------
#              Timing Point                Flags   Arc   Edge   Cell     Fanout Load Trans Delay Arrival Instance 
#                                                                               (fF)  (ps)  (ps)   (ps)  Location 
#-----------------------------------------------------------------------------------------------------------------
  clk_sys                                  (i)     -     R     (arrival)   4859  0.0     0     0       0    (-,-) 
  u_core_u_drain_ctrl_drain_ctx_q_reg[0]/C <<<     -     R     DFRSHDX2    4859    -   150     0       0    (-,-) 
#-----------------------------------------------------------------------------------------------------------------

#------------------------------------------------------------------------------------------------------------------
#              Timing Point                Flags   Arc   Edge   Cell     Fanout  Load Trans Delay Arrival Instance 
#                                                                                (fF)  (ps)  (ps)   (ps)  Location 
#------------------------------------------------------------------------------------------------------------------
  u_core_u_drain_ctrl_drain_ctx_q_reg[0]/C -       -     R     (arrival)   4859     -   150     0       0    (-,-) 
  u_core_u_drain_ctrl_drain_ctx_q_reg[0]/Q -       C->Q  F     DFRSHDX2       2  52.7   320  1150    1150    (-,-) 
  fopt168/Q                                -       A->Q  F     BUHDX4         2  62.6   149   412    1561    (-,-) 
  fopt167/Q                                -       A->Q  F     BUHDX8        21 305.4   288   467    2028    (-,-) 
  fopt166/Q                                -       A->Q  F     BUHDX3         3  91.6   246   492    2520    (-,-) 
  fopt165/Q                                -       A->Q  R     INHDX6         5 109.2   215   257    2777    (-,-) 
  fopt148/Q                                -       A->Q  R     BUHDX6         7 115.5   206   328    3105    (-,-) 
  fopt146/Q                                -       A->Q  R     BUHDX3         2  26.1   119   253    3359    (-,-) 
  fopt145/Q                                -       A->Q  R     BUHDX3         3  36.0   145   245    3603    (-,-) 
  fopt144/Q                                -       A->Q  F     INHDX2         2  23.4   122   145    3748    (-,-) 
  fopt143/Q                                -       A->Q  F     BUHDX2         2  25.2   121   306    4055    (-,-) 
  g201504/Q                                -       A->Q  F     AND2HDX2       2  21.2   115   368    4423    (-,-) 
  g201314/Q                                -       A->Q  F     AND2HDX2       7  76.8   237   497    4920    (-,-) 
  g198351/Q                                -       D->Q  F     AO222HDX2      1  11.2   176   979    5899    (-,-) 
  u_core_last_hit_count_r_reg[1]/D         -       -     F     DFRQHDX4       1     -     -     0    5899    (-,-) 
#------------------------------------------------------------------------------------------------------------------

Capture clock path:
#---------------------------------------------------------------------------------------------------------
#          Timing Point            Flags   Arc   Edge   Cell     Fanout Load Trans Delay Arrival Instance 
#                                                                       (fF)  (ps)  (ps)   (ps)  Location 
#---------------------------------------------------------------------------------------------------------
  clk_sys                          (i)     -     R     (arrival)   4859  0.0     0     0    6250    (-,-) 
  u_core_last_hit_count_r_reg[1]/C <<<     -     R     DFRQHDX4    4859    -   150     0    6250    (-,-) 
#---------------------------------------------------------------------------------------------------------



Path 69: VIOLATED (-474 ps) Setup Check with Pin u_core_last_hit_count_r_reg[0]/C->D
           View: wc_view
          Group: clk_sys
     Startpoint: (R) u_core_u_drain_ctrl_drain_ctx_q_reg[0]/C
          Clock: (R) clk_sys
       Endpoint: (F) u_core_last_hit_count_r_reg[0]/D
          Clock: (R) clk_sys

                     Capture       Launch     
        Clock Edge:+    6250            0     
       Src Latency:+       0            0     
       Net Latency:+       0 (I)        0 (I) 
           Arrival:=    6250            0     
                                              
             Setup:-     526                  
       Uncertainty:-     300                  
     Required Time:=    5424                  
      Launch Clock:-       0                  
         Data Path:-    5899                  
             Slack:=    -474                  

Launch clock path:
#-----------------------------------------------------------------------------------------------------------------
#              Timing Point                Flags   Arc   Edge   Cell     Fanout Load Trans Delay Arrival Instance 
#                                                                               (fF)  (ps)  (ps)   (ps)  Location 
#-----------------------------------------------------------------------------------------------------------------
  clk_sys                                  (i)     -     R     (arrival)   4859  0.0     0     0       0    (-,-) 
  u_core_u_drain_ctrl_drain_ctx_q_reg[0]/C <<<     -     R     DFRSHDX2    4859    -   150     0       0    (-,-) 
#-----------------------------------------------------------------------------------------------------------------

#------------------------------------------------------------------------------------------------------------------
#              Timing Point                Flags   Arc   Edge   Cell     Fanout  Load Trans Delay Arrival Instance 
#                                                                                (fF)  (ps)  (ps)   (ps)  Location 
#------------------------------------------------------------------------------------------------------------------
  u_core_u_drain_ctrl_drain_ctx_q_reg[0]/C -       -     R     (arrival)   4859     -   150     0       0    (-,-) 
  u_core_u_drain_ctrl_drain_ctx_q_reg[0]/Q -       C->Q  F     DFRSHDX2       2  52.7   320  1150    1150    (-,-) 
  fopt168/Q                                -       A->Q  F     BUHDX4         2  62.6   149   412    1561    (-,-) 
  fopt167/Q                                -       A->Q  F     BUHDX8        21 305.4   288   467    2028    (-,-) 
  fopt166/Q                                -       A->Q  F     BUHDX3         3  91.6   246   492    2520    (-,-) 
  fopt165/Q                                -       A->Q  R     INHDX6         5 109.2   215   257    2777    (-,-) 
  fopt148/Q                                -       A->Q  R     BUHDX6         7 115.5   206   328    3105    (-,-) 
  fopt146/Q                                -       A->Q  R     BUHDX3         2  26.1   119   253    3359    (-,-) 
  fopt145/Q                                -       A->Q  R     BUHDX3         3  36.0   145   245    3603    (-,-) 
  fopt144/Q                                -       A->Q  F     INHDX2         2  23.4   122   145    3748    (-,-) 
  fopt143/Q                                -       A->Q  F     BUHDX2         2  25.2   121   306    4055    (-,-) 
  g201504/Q                                -       A->Q  F     AND2HDX2       2  21.2   115   368    4423    (-,-) 
  g201314/Q                                -       A->Q  F     AND2HDX2       7  76.8   237   497    4920    (-,-) 
  g198352/Q                                -       D->Q  F     AO222HDX2      1  11.2   176   979    5899    (-,-) 
  u_core_last_hit_count_r_reg[0]/D         -       -     F     DFRQHDX4       1     -     -     0    5899    (-,-) 
#------------------------------------------------------------------------------------------------------------------

Capture clock path:
#---------------------------------------------------------------------------------------------------------
#          Timing Point            Flags   Arc   Edge   Cell     Fanout Load Trans Delay Arrival Instance 
#                                                                       (fF)  (ps)  (ps)   (ps)  Location 
#---------------------------------------------------------------------------------------------------------
  clk_sys                          (i)     -     R     (arrival)   4859  0.0     0     0    6250    (-,-) 
  u_core_last_hit_count_r_reg[0]/C <<<     -     R     DFRQHDX4    4859    -   150     0    6250    (-,-) 
#---------------------------------------------------------------------------------------------------------



Path 70: VIOLATED (-474 ps) Setup Check with Pin u_core_last_flags_r_reg[closed_by_watchdog]/C->D
           View: wc_view
          Group: clk_sys
     Startpoint: (R) u_core_u_drain_ctrl_drain_ctx_q_reg[0]/C
          Clock: (R) clk_sys
       Endpoint: (F) u_core_last_flags_r_reg[closed_by_watchdog]/D
          Clock: (R) clk_sys

                     Capture       Launch     
        Clock Edge:+    6250            0     
       Src Latency:+       0            0     
       Net Latency:+       0 (I)        0 (I) 
           Arrival:=    6250            0     
                                              
             Setup:-     526                  
       Uncertainty:-     300                  
     Required Time:=    5424                  
      Launch Clock:-       0                  
         Data Path:-    5899                  
             Slack:=    -474                  

Launch clock path:
#-----------------------------------------------------------------------------------------------------------------
#              Timing Point                Flags   Arc   Edge   Cell     Fanout Load Trans Delay Arrival Instance 
#                                                                               (fF)  (ps)  (ps)   (ps)  Location 
#-----------------------------------------------------------------------------------------------------------------
  clk_sys                                  (i)     -     R     (arrival)   4859  0.0     0     0       0    (-,-) 
  u_core_u_drain_ctrl_drain_ctx_q_reg[0]/C <<<     -     R     DFRSHDX2    4859    -   150     0       0    (-,-) 
#-----------------------------------------------------------------------------------------------------------------

#-----------------------------------------------------------------------------------------------------------------------
#                 Timing Point                  Flags   Arc   Edge   Cell     Fanout  Load Trans Delay Arrival Instance 
#                                                                                     (fF)  (ps)  (ps)   (ps)  Location 
#-----------------------------------------------------------------------------------------------------------------------
  u_core_u_drain_ctrl_drain_ctx_q_reg[0]/C      -       -     R     (arrival)   4859     -   150     0       0    (-,-) 
  u_core_u_drain_ctrl_drain_ctx_q_reg[0]/Q      -       C->Q  F     DFRSHDX2       2  52.7   320  1150    1150    (-,-) 
  fopt168/Q                                     -       A->Q  F     BUHDX4         2  62.6   149   412    1561    (-,-) 
  fopt167/Q                                     -       A->Q  F     BUHDX8        21 305.4   288   467    2028    (-,-) 
  fopt166/Q                                     -       A->Q  F     BUHDX3         3  91.6   246   492    2520    (-,-) 
  fopt165/Q                                     -       A->Q  R     INHDX6         5 109.2   215   257    2777    (-,-) 
  fopt148/Q                                     -       A->Q  R     BUHDX6         7 115.5   206   328    3105    (-,-) 
  fopt146/Q                                     -       A->Q  R     BUHDX3         2  26.1   119   253    3359    (-,-) 
  fopt145/Q                                     -       A->Q  R     BUHDX3         3  36.0   145   245    3603    (-,-) 
  fopt144/Q                                     -       A->Q  F     INHDX2         2  23.4   122   145    3748    (-,-) 
  fopt143/Q                                     -       A->Q  F     BUHDX2         2  25.2   121   306    4055    (-,-) 
  g201504/Q                                     -       A->Q  F     AND2HDX2       2  21.2   115   368    4423    (-,-) 
  g201314/Q                                     -       A->Q  F     AND2HDX2       7  76.8   237   497    4920    (-,-) 
  g198350/Q                                     -       D->Q  F     AO222HDX2      1  11.2   176   979    5899    (-,-) 
  u_core_last_flags_r_reg[closed_by_watchdog]/D -       -     F     DFRQHDX4       1     -     -     0    5899    (-,-) 
#-----------------------------------------------------------------------------------------------------------------------

Capture clock path:
#----------------------------------------------------------------------------------------------------------------------
#                 Timing Point                  Flags   Arc   Edge   Cell     Fanout Load Trans Delay Arrival Instance 
#                                                                                    (fF)  (ps)  (ps)   (ps)  Location 
#----------------------------------------------------------------------------------------------------------------------
  clk_sys                                       (i)     -     R     (arrival)   4859  0.0     0     0    6250    (-,-) 
  u_core_last_flags_r_reg[closed_by_watchdog]/C <<<     -     R     DFRQHDX4    4859    -   150     0    6250    (-,-) 
#----------------------------------------------------------------------------------------------------------------------



Path 71: VIOLATED (-474 ps) Setup Check with Pin u_core_last_flags_r_reg[closed_by_maxhits]/C->D
           View: wc_view
          Group: clk_sys
     Startpoint: (R) u_core_u_drain_ctrl_drain_ctx_q_reg[0]/C
          Clock: (R) clk_sys
       Endpoint: (F) u_core_last_flags_r_reg[closed_by_maxhits]/D
          Clock: (R) clk_sys

                     Capture       Launch     
        Clock Edge:+    6250            0     
       Src Latency:+       0            0     
       Net Latency:+       0 (I)        0 (I) 
           Arrival:=    6250            0     
                                              
             Setup:-     526                  
       Uncertainty:-     300                  
     Required Time:=    5424                  
      Launch Clock:-       0                  
         Data Path:-    5899                  
             Slack:=    -474                  

Launch clock path:
#-----------------------------------------------------------------------------------------------------------------
#              Timing Point                Flags   Arc   Edge   Cell     Fanout Load Trans Delay Arrival Instance 
#                                                                               (fF)  (ps)  (ps)   (ps)  Location 
#-----------------------------------------------------------------------------------------------------------------
  clk_sys                                  (i)     -     R     (arrival)   4859  0.0     0     0       0    (-,-) 
  u_core_u_drain_ctrl_drain_ctx_q_reg[0]/C <<<     -     R     DFRSHDX2    4859    -   150     0       0    (-,-) 
#-----------------------------------------------------------------------------------------------------------------

#----------------------------------------------------------------------------------------------------------------------
#                Timing Point                  Flags   Arc   Edge   Cell     Fanout  Load Trans Delay Arrival Instance 
#                                                                                    (fF)  (ps)  (ps)   (ps)  Location 
#----------------------------------------------------------------------------------------------------------------------
  u_core_u_drain_ctrl_drain_ctx_q_reg[0]/C     -       -     R     (arrival)   4859     -   150     0       0    (-,-) 
  u_core_u_drain_ctrl_drain_ctx_q_reg[0]/Q     -       C->Q  F     DFRSHDX2       2  52.7   320  1150    1150    (-,-) 
  fopt168/Q                                    -       A->Q  F     BUHDX4         2  62.6   149   412    1561    (-,-) 
  fopt167/Q                                    -       A->Q  F     BUHDX8        21 305.4   288   467    2028    (-,-) 
  fopt166/Q                                    -       A->Q  F     BUHDX3         3  91.6   246   492    2520    (-,-) 
  fopt165/Q                                    -       A->Q  R     INHDX6         5 109.2   215   257    2777    (-,-) 
  fopt148/Q                                    -       A->Q  R     BUHDX6         7 115.5   206   328    3105    (-,-) 
  fopt146/Q                                    -       A->Q  R     BUHDX3         2  26.1   119   253    3359    (-,-) 
  fopt145/Q                                    -       A->Q  R     BUHDX3         3  36.0   145   245    3603    (-,-) 
  fopt144/Q                                    -       A->Q  F     INHDX2         2  23.4   122   145    3748    (-,-) 
  fopt143/Q                                    -       A->Q  F     BUHDX2         2  25.2   121   306    4055    (-,-) 
  g201504/Q                                    -       A->Q  F     AND2HDX2       2  21.2   115   368    4423    (-,-) 
  g201314/Q                                    -       A->Q  F     AND2HDX2       7  76.8   237   497    4920    (-,-) 
  g198354/Q                                    -       D->Q  F     AO222HDX2      1  11.2   176   979    5899    (-,-) 
  u_core_last_flags_r_reg[closed_by_maxhits]/D -       -     F     DFRQHDX4       1     -     -     0    5899    (-,-) 
#----------------------------------------------------------------------------------------------------------------------

Capture clock path:
#---------------------------------------------------------------------------------------------------------------------
#                Timing Point                  Flags   Arc   Edge   Cell     Fanout Load Trans Delay Arrival Instance 
#                                                                                   (fF)  (ps)  (ps)   (ps)  Location 
#---------------------------------------------------------------------------------------------------------------------
  clk_sys                                      (i)     -     R     (arrival)   4859  0.0     0     0    6250    (-,-) 
  u_core_last_flags_r_reg[closed_by_maxhits]/C <<<     -     R     DFRQHDX4    4859    -   150     0    6250    (-,-) 
#---------------------------------------------------------------------------------------------------------------------



Path 72: VIOLATED (-474 ps) Setup Check with Pin u_core_last_flags_r_reg[closed_by_fast_maxhit]/C->D
           View: wc_view
          Group: clk_sys
     Startpoint: (R) u_core_u_drain_ctrl_drain_ctx_q_reg[0]/C
          Clock: (R) clk_sys
       Endpoint: (F) u_core_last_flags_r_reg[closed_by_fast_maxhit]/D
          Clock: (R) clk_sys

                     Capture       Launch     
        Clock Edge:+    6250            0     
       Src Latency:+       0            0     
       Net Latency:+       0 (I)        0 (I) 
           Arrival:=    6250            0     
                                              
             Setup:-     526                  
       Uncertainty:-     300                  
     Required Time:=    5424                  
      Launch Clock:-       0                  
         Data Path:-    5899                  
             Slack:=    -474                  

Launch clock path:
#-----------------------------------------------------------------------------------------------------------------
#              Timing Point                Flags   Arc   Edge   Cell     Fanout Load Trans Delay Arrival Instance 
#                                                                               (fF)  (ps)  (ps)   (ps)  Location 
#-----------------------------------------------------------------------------------------------------------------
  clk_sys                                  (i)     -     R     (arrival)   4859  0.0     0     0       0    (-,-) 
  u_core_u_drain_ctrl_drain_ctx_q_reg[0]/C <<<     -     R     DFRSHDX2    4859    -   150     0       0    (-,-) 
#-----------------------------------------------------------------------------------------------------------------

#--------------------------------------------------------------------------------------------------------------------------
#                  Timing Point                    Flags   Arc   Edge   Cell     Fanout  Load Trans Delay Arrival Instance 
#                                                                                        (fF)  (ps)  (ps)   (ps)  Location 
#--------------------------------------------------------------------------------------------------------------------------
  u_core_u_drain_ctrl_drain_ctx_q_reg[0]/C         -       -     R     (arrival)   4859     -   150     0       0    (-,-) 
  u_core_u_drain_ctrl_drain_ctx_q_reg[0]/Q         -       C->Q  F     DFRSHDX2       2  52.7   320  1150    1150    (-,-) 
  fopt168/Q                                        -       A->Q  F     BUHDX4         2  62.6   149   412    1561    (-,-) 
  fopt167/Q                                        -       A->Q  F     BUHDX8        21 305.4   288   467    2028    (-,-) 
  fopt166/Q                                        -       A->Q  F     BUHDX3         3  91.6   246   492    2520    (-,-) 
  fopt165/Q                                        -       A->Q  R     INHDX6         5 109.2   215   257    2777    (-,-) 
  fopt148/Q                                        -       A->Q  R     BUHDX6         7 115.5   206   328    3105    (-,-) 
  fopt146/Q                                        -       A->Q  R     BUHDX3         2  26.1   119   253    3359    (-,-) 
  fopt145/Q                                        -       A->Q  R     BUHDX3         3  36.0   145   245    3603    (-,-) 
  fopt144/Q                                        -       A->Q  F     INHDX2         2  23.4   122   145    3748    (-,-) 
  fopt143/Q                                        -       A->Q  F     BUHDX2         2  25.2   121   306    4055    (-,-) 
  g201504/Q                                        -       A->Q  F     AND2HDX2       2  21.2   115   368    4423    (-,-) 
  g201314/Q                                        -       A->Q  F     AND2HDX2       7  76.8   237   497    4920    (-,-) 
  g198349/Q                                        -       D->Q  F     AO222HDX2      1  11.2   176   979    5899    (-,-) 
  u_core_last_flags_r_reg[closed_by_fast_maxhit]/D -       -     F     DFRQHDX4       1     -     -     0    5899    (-,-) 
#--------------------------------------------------------------------------------------------------------------------------

Capture clock path:
#-------------------------------------------------------------------------------------------------------------------------
#                  Timing Point                    Flags   Arc   Edge   Cell     Fanout Load Trans Delay Arrival Instance 
#                                                                                       (fF)  (ps)  (ps)   (ps)  Location 
#-------------------------------------------------------------------------------------------------------------------------
  clk_sys                                          (i)     -     R     (arrival)   4859  0.0     0     0    6250    (-,-) 
  u_core_last_flags_r_reg[closed_by_fast_maxhit]/C <<<     -     R     DFRQHDX4    4859    -   150     0    6250    (-,-) 
#-------------------------------------------------------------------------------------------------------------------------



Path 73: VIOLATED (-474 ps) Late External Delay Assertion at pin acq_data_o[52]
           View: wc_view
          Group: clk_sys
     Startpoint: (R) u_core_u_fifo_rd_ptr_q_reg[1]/C
          Clock: (R) clk_sys
       Endpoint: (F) acq_data_o[52]
          Clock: (R) clk_sys

                     Capture       Launch     
        Clock Edge:+    6250            0     
       Src Latency:+       0            0     
       Net Latency:+       0 (I)        0 (I) 
           Arrival:=    6250            0     
                                              
      Output Delay:-     500                  
       Uncertainty:-     300                  
     Required Time:=    5450                  
      Launch Clock:-       0                  
         Data Path:-    5924                  
             Slack:=    -474                  

Exceptions/Constraints:
  output_delay             500             mptdc.sdc_line_362_98_1 

Launch clock path:
#--------------------------------------------------------------------------------------------------------
#          Timing Point           Flags   Arc   Edge   Cell     Fanout Load Trans Delay Arrival Instance 
#                                                                      (fF)  (ps)  (ps)   (ps)  Location 
#--------------------------------------------------------------------------------------------------------
  clk_sys                         (i)     -     R     (arrival)   4859  0.0     0     0       0    (-,-) 
  u_core_u_fifo_rd_ptr_q_reg[1]/C <<<     -     R     DFRSQHDX2   4859    -   150     0       0    (-,-) 
#--------------------------------------------------------------------------------------------------------

#---------------------------------------------------------------------------------------------------------
#          Timing Point           Flags   Arc   Edge   Cell     Fanout  Load Trans Delay Arrival Instance 
#                                                                       (fF)  (ps)  (ps)   (ps)  Location 
#---------------------------------------------------------------------------------------------------------
  u_core_u_fifo_rd_ptr_q_reg[1]/C -       -     R     (arrival)   4859     -   150     0       0    (-,-) 
  u_core_u_fifo_rd_ptr_q_reg[1]/Q -       C->Q  F     DFRSQHDX2      6  78.4   413  1326    1326    (-,-) 
  g1087/Q                         -       B->Q  F     AND2HDX2       1  13.8   100   520    1845    (-,-) 
  g1058/Q                         -       A->Q  F     AND2HDX2       3  52.1   186   442    2288    (-,-) 
  g1050/Q                         -       A->Q  R     INHDX4         6  61.1   185   209    2497    (-,-) 
  g985/Q                          -       B->Q  R     OR2HDX1        1  22.1   240   388    2885    (-,-) 
  g955/Q                          -       A->Q  F     INHDX2         1  28.1   152   193    3078    (-,-) 
  drc_bufs12633/Q                 -       A->Q  R     INHDX3         1 101.0   338   325    3403    (-,-) 
  drc_bufs12631/Q                 -       A->Q  F     INHDX12       44 578.1   387   448    3850    (-,-) 
  g11043/Q                        -       C->Q  R     AN22HDX1       1  11.4   466   496    4347    (-,-) 
  drc_bufs13080/Q                 -       A->Q  R     BUHDX0         1  14.6   334   455    4802    (-,-) 
  g10299/Q                        -       F->Q  R     AND6HDX2       1  22.6   351   735    5537    (-,-) 
  g10158/Q                        -       A->Q  F     NA4HDX2        2  24.6   370   388    5924    (-,-) 
  acq_data_o[52]                  -       -     F     (port)         -     -     -     0    5924    (-,-) 
#---------------------------------------------------------------------------------------------------------



Path 74: VIOLATED (-469 ps) Late External Delay Assertion at pin acq_data_o[0]
           View: wc_view
          Group: clk_sys
     Startpoint: (R) u_core_u_fifo_rd_ptr_q_reg[1]/C
          Clock: (R) clk_sys
       Endpoint: (F) acq_data_o[0]
          Clock: (R) clk_sys

                     Capture       Launch     
        Clock Edge:+    6250            0     
       Src Latency:+       0            0     
       Net Latency:+       0 (I)        0 (I) 
           Arrival:=    6250            0     
                                              
      Output Delay:-     500                  
       Uncertainty:-     300                  
     Required Time:=    5450                  
      Launch Clock:-       0                  
         Data Path:-    5919                  
             Slack:=    -469                  

Exceptions/Constraints:
  output_delay             500             mptdc.sdc_line_362_150_1 

Launch clock path:
#--------------------------------------------------------------------------------------------------------
#          Timing Point           Flags   Arc   Edge   Cell     Fanout Load Trans Delay Arrival Instance 
#                                                                      (fF)  (ps)  (ps)   (ps)  Location 
#--------------------------------------------------------------------------------------------------------
  clk_sys                         (i)     -     R     (arrival)   4859  0.0     0     0       0    (-,-) 
  u_core_u_fifo_rd_ptr_q_reg[1]/C <<<     -     R     DFRSQHDX2   4859    -   150     0       0    (-,-) 
#--------------------------------------------------------------------------------------------------------

#---------------------------------------------------------------------------------------------------------
#          Timing Point           Flags   Arc   Edge   Cell     Fanout  Load Trans Delay Arrival Instance 
#                                                                       (fF)  (ps)  (ps)   (ps)  Location 
#---------------------------------------------------------------------------------------------------------
  u_core_u_fifo_rd_ptr_q_reg[1]/C -       -     R     (arrival)   4859     -   150     0       0    (-,-) 
  u_core_u_fifo_rd_ptr_q_reg[1]/Q -       C->Q  F     DFRSQHDX2      6  78.4   413  1326    1326    (-,-) 
  g1087/Q                         -       B->Q  F     AND2HDX2       1  13.8   100   520    1845    (-,-) 
  g1058/Q                         -       A->Q  F     AND2HDX2       3  52.1   186   442    2288    (-,-) 
  g1050/Q                         -       A->Q  R     INHDX4         6  61.1   185   209    2497    (-,-) 
  g985/Q                          -       B->Q  R     OR2HDX1        1  22.1   240   388    2885    (-,-) 
  g955/Q                          -       A->Q  F     INHDX2         1  28.1   152   193    3078    (-,-) 
  drc_bufs12633/Q                 -       A->Q  R     INHDX3         1 101.0   338   325    3403    (-,-) 
  drc_bufs12631/Q                 -       A->Q  F     INHDX12       44 578.1   387   448    3850    (-,-) 
  g10815/Q                        -       C->Q  R     AN22HDX1       1  11.4   470   496    4347    (-,-) 
  drc_bufs13162/Q                 -       A->Q  R     BUHDX0         1  14.6   334   455    4802    (-,-) 
  g10280/Q                        -       F->Q  R     AND6HDX2       1  22.6   351   735    5537    (-,-) 
  g10152/Q                        -       A->Q  F     NA4HDX2        2  23.8   364   382    5919    (-,-) 
  acq_data_o[0]                   -       -     F     (port)         -     -     -     0    5919    (-,-) 
#---------------------------------------------------------------------------------------------------------



Path 75: VIOLATED (-469 ps) Late External Delay Assertion at pin acq_data_o[2]
           View: wc_view
          Group: clk_sys
     Startpoint: (R) u_core_u_fifo_rd_ptr_q_reg[1]/C
          Clock: (R) clk_sys
       Endpoint: (F) acq_data_o[2]
          Clock: (R) clk_sys

                     Capture       Launch     
        Clock Edge:+    6250            0     
       Src Latency:+       0            0     
       Net Latency:+       0 (I)        0 (I) 
           Arrival:=    6250            0     
                                              
      Output Delay:-     500                  
       Uncertainty:-     300                  
     Required Time:=    5450                  
      Launch Clock:-       0                  
         Data Path:-    5919                  
             Slack:=    -469                  

Exceptions/Constraints:
  output_delay             500             mptdc.sdc_line_362_148_1 

Launch clock path:
#--------------------------------------------------------------------------------------------------------
#          Timing Point           Flags   Arc   Edge   Cell     Fanout Load Trans Delay Arrival Instance 
#                                                                      (fF)  (ps)  (ps)   (ps)  Location 
#--------------------------------------------------------------------------------------------------------
  clk_sys                         (i)     -     R     (arrival)   4859  0.0     0     0       0    (-,-) 
  u_core_u_fifo_rd_ptr_q_reg[1]/C <<<     -     R     DFRSQHDX2   4859    -   150     0       0    (-,-) 
#--------------------------------------------------------------------------------------------------------

#---------------------------------------------------------------------------------------------------------
#          Timing Point           Flags   Arc   Edge   Cell     Fanout  Load Trans Delay Arrival Instance 
#                                                                       (fF)  (ps)  (ps)   (ps)  Location 
#---------------------------------------------------------------------------------------------------------
  u_core_u_fifo_rd_ptr_q_reg[1]/C -       -     R     (arrival)   4859     -   150     0       0    (-,-) 
  u_core_u_fifo_rd_ptr_q_reg[1]/Q -       C->Q  F     DFRSQHDX2      6  78.4   413  1326    1326    (-,-) 
  g1087/Q                         -       B->Q  F     AND2HDX2       1  13.8   100   520    1845    (-,-) 
  g1058/Q                         -       A->Q  F     AND2HDX2       3  52.1   186   442    2288    (-,-) 
  g1050/Q                         -       A->Q  R     INHDX4         6  61.1   185   209    2497    (-,-) 
  g985/Q                          -       B->Q  R     OR2HDX1        1  22.1   240   388    2885    (-,-) 
  g955/Q                          -       A->Q  F     INHDX2         1  28.1   152   193    3078    (-,-) 
  drc_bufs12633/Q                 -       A->Q  R     INHDX3         1 101.0   338   325    3403    (-,-) 
  drc_bufs12631/Q                 -       A->Q  F     INHDX12       44 578.1   387   448    3850    (-,-) 
  g11107/Q                        -       C->Q  R     AN22HDX1       1  11.4   470   496    4347    (-,-) 
  drc_bufs13109/Q                 -       A->Q  R     BUHDX0         1  14.6   334   455    4802    (-,-) 
  g10320/Q                        -       F->Q  R     AND6HDX2       1  22.6   351   735    5537    (-,-) 
  g10190/Q                        -       A->Q  F     NA4HDX2        2  23.8   364   382    5919    (-,-) 
  acq_data_o[2]                   -       -     F     (port)         -     -     -     0    5919    (-,-) 
#---------------------------------------------------------------------------------------------------------



Path 76: VIOLATED (-469 ps) Late External Delay Assertion at pin acq_data_o[3]
           View: wc_view
          Group: clk_sys
     Startpoint: (R) u_core_u_fifo_rd_ptr_q_reg[1]/C
          Clock: (R) clk_sys
       Endpoint: (F) acq_data_o[3]
          Clock: (R) clk_sys

                     Capture       Launch     
        Clock Edge:+    6250            0     
       Src Latency:+       0            0     
       Net Latency:+       0 (I)        0 (I) 
           Arrival:=    6250            0     
                                              
      Output Delay:-     500                  
       Uncertainty:-     300                  
     Required Time:=    5450                  
      Launch Clock:-       0                  
         Data Path:-    5919                  
             Slack:=    -469                  

Exceptions/Constraints:
  output_delay             500             mptdc.sdc_line_362_147_1 

Launch clock path:
#--------------------------------------------------------------------------------------------------------
#          Timing Point           Flags   Arc   Edge   Cell     Fanout Load Trans Delay Arrival Instance 
#                                                                      (fF)  (ps)  (ps)   (ps)  Location 
#--------------------------------------------------------------------------------------------------------
  clk_sys                         (i)     -     R     (arrival)   4859  0.0     0     0       0    (-,-) 
  u_core_u_fifo_rd_ptr_q_reg[1]/C <<<     -     R     DFRSQHDX2   4859    -   150     0       0    (-,-) 
#--------------------------------------------------------------------------------------------------------

#---------------------------------------------------------------------------------------------------------
#          Timing Point           Flags   Arc   Edge   Cell     Fanout  Load Trans Delay Arrival Instance 
#                                                                       (fF)  (ps)  (ps)   (ps)  Location 
#---------------------------------------------------------------------------------------------------------
  u_core_u_fifo_rd_ptr_q_reg[1]/C -       -     R     (arrival)   4859     -   150     0       0    (-,-) 
  u_core_u_fifo_rd_ptr_q_reg[1]/Q -       C->Q  F     DFRSQHDX2      6  78.4   413  1326    1326    (-,-) 
  g1087/Q                         -       B->Q  F     AND2HDX2       1  13.8   100   520    1845    (-,-) 
  g1058/Q                         -       A->Q  F     AND2HDX2       3  52.1   186   442    2288    (-,-) 
  g1050/Q                         -       A->Q  R     INHDX4         6  61.1   185   209    2497    (-,-) 
  g985/Q                          -       B->Q  R     OR2HDX1        1  22.1   240   388    2885    (-,-) 
  g955/Q                          -       A->Q  F     INHDX2         1  28.1   152   193    3078    (-,-) 
  drc_bufs12633/Q                 -       A->Q  R     INHDX3         1 101.0   338   325    3403    (-,-) 
  drc_bufs12631/Q                 -       A->Q  F     INHDX12       44 578.1   387   448    3850    (-,-) 
  g11095/Q                        -       C->Q  R     AN22HDX1       1  11.4   470   496    4347    (-,-) 
  drc_bufs13106/Q                 -       A->Q  R     BUHDX0         1  14.6   334   455    4802    (-,-) 
  g10318/Q                        -       F->Q  R     AND6HDX2       1  22.6   351   735    5537    (-,-) 
  g10188/Q                        -       A->Q  F     NA4HDX2        2  23.8   364   382    5919    (-,-) 
  acq_data_o[3]                   -       -     F     (port)         -     -     -     0    5919    (-,-) 
#---------------------------------------------------------------------------------------------------------



Path 77: VIOLATED (-469 ps) Late External Delay Assertion at pin acq_data_o[4]
           View: wc_view
          Group: clk_sys
     Startpoint: (R) u_core_u_fifo_rd_ptr_q_reg[1]/C
          Clock: (R) clk_sys
       Endpoint: (F) acq_data_o[4]
          Clock: (R) clk_sys

                     Capture       Launch     
        Clock Edge:+    6250            0     
       Src Latency:+       0            0     
       Net Latency:+       0 (I)        0 (I) 
           Arrival:=    6250            0     
                                              
      Output Delay:-     500                  
       Uncertainty:-     300                  
     Required Time:=    5450                  
      Launch Clock:-       0                  
         Data Path:-    5919                  
             Slack:=    -469                  

Exceptions/Constraints:
  output_delay             500             mptdc.sdc_line_362_146_1 

Launch clock path:
#--------------------------------------------------------------------------------------------------------
#          Timing Point           Flags   Arc   Edge   Cell     Fanout Load Trans Delay Arrival Instance 
#                                                                      (fF)  (ps)  (ps)   (ps)  Location 
#--------------------------------------------------------------------------------------------------------
  clk_sys                         (i)     -     R     (arrival)   4859  0.0     0     0       0    (-,-) 
  u_core_u_fifo_rd_ptr_q_reg[1]/C <<<     -     R     DFRSQHDX2   4859    -   150     0       0    (-,-) 
#--------------------------------------------------------------------------------------------------------

#---------------------------------------------------------------------------------------------------------
#          Timing Point           Flags   Arc   Edge   Cell     Fanout  Load Trans Delay Arrival Instance 
#                                                                       (fF)  (ps)  (ps)   (ps)  Location 
#---------------------------------------------------------------------------------------------------------
  u_core_u_fifo_rd_ptr_q_reg[1]/C -       -     R     (arrival)   4859     -   150     0       0    (-,-) 
  u_core_u_fifo_rd_ptr_q_reg[1]/Q -       C->Q  F     DFRSQHDX2      6  78.4   413  1326    1326    (-,-) 
  g1087/Q                         -       B->Q  F     AND2HDX2       1  13.8   100   520    1845    (-,-) 
  g1058/Q                         -       A->Q  F     AND2HDX2       3  52.1   186   442    2288    (-,-) 
  g1050/Q                         -       A->Q  R     INHDX4         6  61.1   185   209    2497    (-,-) 
  g985/Q                          -       B->Q  R     OR2HDX1        1  22.1   240   388    2885    (-,-) 
  g955/Q                          -       A->Q  F     INHDX2         1  28.1   152   193    3078    (-,-) 
  drc_bufs12633/Q                 -       A->Q  R     INHDX3         1 101.0   338   325    3403    (-,-) 
  drc_bufs12631/Q                 -       A->Q  F     INHDX12       44 578.1   387   448    3850    (-,-) 
  g11082/Q                        -       C->Q  R     AN22HDX1       1  11.4   470   496    4347    (-,-) 
  drc_bufs13101/Q                 -       A->Q  R     BUHDX0         1  14.6   334   455    4802    (-,-) 
  g10316/Q                        -       F->Q  R     AND6HDX2       1  22.6   351   735    5537    (-,-) 
  g10187/Q                        -       A->Q  F     NA4HDX2        2  23.8   364   382    5919    (-,-) 
  acq_data_o[4]                   -       -     F     (port)         -     -     -     0    5919    (-,-) 
#---------------------------------------------------------------------------------------------------------



Path 78: VIOLATED (-469 ps) Late External Delay Assertion at pin acq_data_o[5]
           View: wc_view
          Group: clk_sys
     Startpoint: (R) u_core_u_fifo_rd_ptr_q_reg[1]/C
          Clock: (R) clk_sys
       Endpoint: (F) acq_data_o[5]
          Clock: (R) clk_sys

                     Capture       Launch     
        Clock Edge:+    6250            0     
       Src Latency:+       0            0     
       Net Latency:+       0 (I)        0 (I) 
           Arrival:=    6250            0     
                                              
      Output Delay:-     500                  
       Uncertainty:-     300                  
     Required Time:=    5450                  
      Launch Clock:-       0                  
         Data Path:-    5919                  
             Slack:=    -469                  

Exceptions/Constraints:
  output_delay             500             mptdc.sdc_line_362_145_1 

Launch clock path:
#--------------------------------------------------------------------------------------------------------
#          Timing Point           Flags   Arc   Edge   Cell     Fanout Load Trans Delay Arrival Instance 
#                                                                      (fF)  (ps)  (ps)   (ps)  Location 
#--------------------------------------------------------------------------------------------------------
  clk_sys                         (i)     -     R     (arrival)   4859  0.0     0     0       0    (-,-) 
  u_core_u_fifo_rd_ptr_q_reg[1]/C <<<     -     R     DFRSQHDX2   4859    -   150     0       0    (-,-) 
#--------------------------------------------------------------------------------------------------------

#---------------------------------------------------------------------------------------------------------
#          Timing Point           Flags   Arc   Edge   Cell     Fanout  Load Trans Delay Arrival Instance 
#                                                                       (fF)  (ps)  (ps)   (ps)  Location 
#---------------------------------------------------------------------------------------------------------
  u_core_u_fifo_rd_ptr_q_reg[1]/C -       -     R     (arrival)   4859     -   150     0       0    (-,-) 
  u_core_u_fifo_rd_ptr_q_reg[1]/Q -       C->Q  F     DFRSQHDX2      6  78.4   413  1326    1326    (-,-) 
  g1087/Q                         -       B->Q  F     AND2HDX2       1  13.8   100   520    1845    (-,-) 
  g1058/Q                         -       A->Q  F     AND2HDX2       3  52.1   186   442    2288    (-,-) 
  g1050/Q                         -       A->Q  R     INHDX4         6  61.1   185   209    2497    (-,-) 
  g985/Q                          -       B->Q  R     OR2HDX1        1  22.1   240   388    2885    (-,-) 
  g955/Q                          -       A->Q  F     INHDX2         1  28.1   152   193    3078    (-,-) 
  drc_bufs12633/Q                 -       A->Q  R     INHDX3         1 101.0   338   325    3403    (-,-) 
  drc_bufs12631/Q                 -       A->Q  F     INHDX12       44 578.1   387   448    3850    (-,-) 
  g11070/Q                        -       C->Q  R     AN22HDX1       1  11.4   470   496    4347    (-,-) 
  drc_bufs13098/Q                 -       A->Q  R     BUHDX0         1  14.6   334   455    4802    (-,-) 
  g10315/Q                        -       F->Q  R     AND6HDX2       1  22.6   351   735    5537    (-,-) 
  g10184/Q                        -       A->Q  F     NA4HDX2        2  23.8   364   382    5919    (-,-) 
  acq_data_o[5]                   -       -     F     (port)         -     -     -     0    5919    (-,-) 
#---------------------------------------------------------------------------------------------------------



Path 79: VIOLATED (-469 ps) Late External Delay Assertion at pin acq_data_o[11]
           View: wc_view
          Group: clk_sys
     Startpoint: (R) u_core_u_fifo_rd_ptr_q_reg[1]/C
          Clock: (R) clk_sys
       Endpoint: (F) acq_data_o[11]
          Clock: (R) clk_sys

                     Capture       Launch     
        Clock Edge:+    6250            0     
       Src Latency:+       0            0     
       Net Latency:+       0 (I)        0 (I) 
           Arrival:=    6250            0     
                                              
      Output Delay:-     500                  
       Uncertainty:-     300                  
     Required Time:=    5450                  
      Launch Clock:-       0                  
         Data Path:-    5919                  
             Slack:=    -469                  

Exceptions/Constraints:
  output_delay             500             mptdc.sdc_line_362_139_1 

Launch clock path:
#--------------------------------------------------------------------------------------------------------
#          Timing Point           Flags   Arc   Edge   Cell     Fanout Load Trans Delay Arrival Instance 
#                                                                      (fF)  (ps)  (ps)   (ps)  Location 
#--------------------------------------------------------------------------------------------------------
  clk_sys                         (i)     -     R     (arrival)   4859  0.0     0     0       0    (-,-) 
  u_core_u_fifo_rd_ptr_q_reg[1]/C <<<     -     R     DFRSQHDX2   4859    -   150     0       0    (-,-) 
#--------------------------------------------------------------------------------------------------------

#---------------------------------------------------------------------------------------------------------
#          Timing Point           Flags   Arc   Edge   Cell     Fanout  Load Trans Delay Arrival Instance 
#                                                                       (fF)  (ps)  (ps)   (ps)  Location 
#---------------------------------------------------------------------------------------------------------
  u_core_u_fifo_rd_ptr_q_reg[1]/C -       -     R     (arrival)   4859     -   150     0       0    (-,-) 
  u_core_u_fifo_rd_ptr_q_reg[1]/Q -       C->Q  F     DFRSQHDX2      6  78.4   413  1326    1326    (-,-) 
  g1087/Q                         -       B->Q  F     AND2HDX2       1  13.8   100   520    1845    (-,-) 
  g1058/Q                         -       A->Q  F     AND2HDX2       3  52.1   186   442    2288    (-,-) 
  g1050/Q                         -       A->Q  R     INHDX4         6  61.1   185   209    2497    (-,-) 
  g985/Q                          -       B->Q  R     OR2HDX1        1  22.1   240   388    2885    (-,-) 
  g955/Q                          -       A->Q  F     INHDX2         1  28.1   152   193    3078    (-,-) 
  drc_bufs12633/Q                 -       A->Q  R     INHDX3         1 101.0   338   325    3403    (-,-) 
  drc_bufs12631/Q                 -       A->Q  F     INHDX12       44 578.1   387   448    3850    (-,-) 
  g10997/Q                        -       C->Q  R     AN22HDX1       1  11.4   470   496    4347    (-,-) 
  drc_bufs13164/Q                 -       A->Q  R     BUHDX0         1  14.6   334   455    4802    (-,-) 
  g10304/Q                        -       F->Q  R     AND6HDX2       1  22.6   351   735    5537    (-,-) 
  g10175/Q                        -       A->Q  F     NA4HDX2        2  23.8   364   382    5919    (-,-) 
  acq_data_o[11]                  -       -     F     (port)         -     -     -     0    5919    (-,-) 
#---------------------------------------------------------------------------------------------------------



Path 80: VIOLATED (-469 ps) Late External Delay Assertion at pin acq_data_o[12]
           View: wc_view
          Group: clk_sys
     Startpoint: (R) u_core_u_fifo_rd_ptr_q_reg[1]/C
          Clock: (R) clk_sys
       Endpoint: (F) acq_data_o[12]
          Clock: (R) clk_sys

                     Capture       Launch     
        Clock Edge:+    6250            0     
       Src Latency:+       0            0     
       Net Latency:+       0 (I)        0 (I) 
           Arrival:=    6250            0     
                                              
      Output Delay:-     500                  
       Uncertainty:-     300                  
     Required Time:=    5450                  
      Launch Clock:-       0                  
         Data Path:-    5919                  
             Slack:=    -469                  

Exceptions/Constraints:
  output_delay             500             mptdc.sdc_line_362_138_1 

Launch clock path:
#--------------------------------------------------------------------------------------------------------
#          Timing Point           Flags   Arc   Edge   Cell     Fanout Load Trans Delay Arrival Instance 
#                                                                      (fF)  (ps)  (ps)   (ps)  Location 
#--------------------------------------------------------------------------------------------------------
  clk_sys                         (i)     -     R     (arrival)   4859  0.0     0     0       0    (-,-) 
  u_core_u_fifo_rd_ptr_q_reg[1]/C <<<     -     R     DFRSQHDX2   4859    -   150     0       0    (-,-) 
#--------------------------------------------------------------------------------------------------------

#---------------------------------------------------------------------------------------------------------
#          Timing Point           Flags   Arc   Edge   Cell     Fanout  Load Trans Delay Arrival Instance 
#                                                                       (fF)  (ps)  (ps)   (ps)  Location 
#---------------------------------------------------------------------------------------------------------
  u_core_u_fifo_rd_ptr_q_reg[1]/C -       -     R     (arrival)   4859     -   150     0       0    (-,-) 
  u_core_u_fifo_rd_ptr_q_reg[1]/Q -       C->Q  F     DFRSQHDX2      6  78.4   413  1326    1326    (-,-) 
  g1087/Q                         -       B->Q  F     AND2HDX2       1  13.8   100   520    1845    (-,-) 
  g1058/Q                         -       A->Q  F     AND2HDX2       3  52.1   186   442    2288    (-,-) 
  g1050/Q                         -       A->Q  R     INHDX4         6  61.1   185   209    2497    (-,-) 
  g985/Q                          -       B->Q  R     OR2HDX1        1  22.1   240   388    2885    (-,-) 
  g955/Q                          -       A->Q  F     INHDX2         1  28.1   152   193    3078    (-,-) 
  drc_bufs12633/Q                 -       A->Q  R     INHDX3         1 101.0   338   325    3403    (-,-) 
  drc_bufs12631/Q                 -       A->Q  F     INHDX12       44 578.1   387   448    3850    (-,-) 
  g10983/Q                        -       C->Q  R     AN22HDX1       1  11.4   470   496    4347    (-,-) 
  drc_bufs13158/Q                 -       A->Q  R     BUHDX0         1  14.6   334   455    4802    (-,-) 
  g10303/Q                        -       F->Q  R     AND6HDX2       1  22.6   351   735    5537    (-,-) 
  g10173/Q                        -       A->Q  F     NA4HDX2        2  23.8   364   382    5919    (-,-) 
  acq_data_o[12]                  -       -     F     (port)         -     -     -     0    5919    (-,-) 
#---------------------------------------------------------------------------------------------------------



Path 81: VIOLATED (-469 ps) Late External Delay Assertion at pin acq_data_o[28]
           View: wc_view
          Group: clk_sys
     Startpoint: (R) u_core_u_fifo_rd_ptr_q_reg[1]/C
          Clock: (R) clk_sys
       Endpoint: (F) acq_data_o[28]
          Clock: (R) clk_sys

                     Capture       Launch     
        Clock Edge:+    6250            0     
       Src Latency:+       0            0     
       Net Latency:+       0 (I)        0 (I) 
           Arrival:=    6250            0     
                                              
      Output Delay:-     500                  
       Uncertainty:-     300                  
     Required Time:=    5450                  
      Launch Clock:-       0                  
         Data Path:-    5919                  
             Slack:=    -469                  

Exceptions/Constraints:
  output_delay             500             mptdc.sdc_line_362_122_1 

Launch clock path:
#--------------------------------------------------------------------------------------------------------
#          Timing Point           Flags   Arc   Edge   Cell     Fanout Load Trans Delay Arrival Instance 
#                                                                      (fF)  (ps)  (ps)   (ps)  Location 
#--------------------------------------------------------------------------------------------------------
  clk_sys                         (i)     -     R     (arrival)   4859  0.0     0     0       0    (-,-) 
  u_core_u_fifo_rd_ptr_q_reg[1]/C <<<     -     R     DFRSQHDX2   4859    -   150     0       0    (-,-) 
#--------------------------------------------------------------------------------------------------------

#---------------------------------------------------------------------------------------------------------
#          Timing Point           Flags   Arc   Edge   Cell     Fanout  Load Trans Delay Arrival Instance 
#                                                                       (fF)  (ps)  (ps)   (ps)  Location 
#---------------------------------------------------------------------------------------------------------
  u_core_u_fifo_rd_ptr_q_reg[1]/C -       -     R     (arrival)   4859     -   150     0       0    (-,-) 
  u_core_u_fifo_rd_ptr_q_reg[1]/Q -       C->Q  F     DFRSQHDX2      6  78.4   413  1326    1326    (-,-) 
  g1087/Q                         -       B->Q  F     AND2HDX2       1  13.8   100   520    1845    (-,-) 
  g1058/Q                         -       A->Q  F     AND2HDX2       3  52.1   186   442    2288    (-,-) 
  g1050/Q                         -       A->Q  R     INHDX4         6  61.1   185   209    2497    (-,-) 
  g985/Q                          -       B->Q  R     OR2HDX1        1  22.1   240   388    2885    (-,-) 
  g955/Q                          -       A->Q  F     INHDX2         1  28.1   152   193    3078    (-,-) 
  drc_bufs12633/Q                 -       A->Q  R     INHDX3         1 101.0   338   325    3403    (-,-) 
  drc_bufs12631/Q                 -       A->Q  F     INHDX12       44 578.1   387   448    3850    (-,-) 
  g10856/Q                        -       C->Q  R     AN22HDX1       1  11.4   470   496    4347    (-,-) 
  drc_bufs13094/Q                 -       A->Q  R     BUHDX0         1  14.6   334   455    4802    (-,-) 
  g10284/Q                        -       F->Q  R     AND6HDX2       1  22.6   351   735    5537    (-,-) 
  g10156/Q                        -       A->Q  F     NA4HDX2        2  23.8   364   382    5919    (-,-) 
  acq_data_o[28]                  -       -     F     (port)         -     -     -     0    5919    (-,-) 
#---------------------------------------------------------------------------------------------------------



Path 82: VIOLATED (-469 ps) Late External Delay Assertion at pin acq_data_o[29]
           View: wc_view
          Group: clk_sys
     Startpoint: (R) u_core_u_fifo_rd_ptr_q_reg[1]/C
          Clock: (R) clk_sys
       Endpoint: (F) acq_data_o[29]
          Clock: (R) clk_sys

                     Capture       Launch     
        Clock Edge:+    6250            0     
       Src Latency:+       0            0     
       Net Latency:+       0 (I)        0 (I) 
           Arrival:=    6250            0     
                                              
      Output Delay:-     500                  
       Uncertainty:-     300                  
     Required Time:=    5450                  
      Launch Clock:-       0                  
         Data Path:-    5919                  
             Slack:=    -469                  

Exceptions/Constraints:
  output_delay             500             mptdc.sdc_line_362_121_1 

Launch clock path:
#--------------------------------------------------------------------------------------------------------
#          Timing Point           Flags   Arc   Edge   Cell     Fanout Load Trans Delay Arrival Instance 
#                                                                      (fF)  (ps)  (ps)   (ps)  Location 
#--------------------------------------------------------------------------------------------------------
  clk_sys                         (i)     -     R     (arrival)   4859  0.0     0     0       0    (-,-) 
  u_core_u_fifo_rd_ptr_q_reg[1]/C <<<     -     R     DFRSQHDX2   4859    -   150     0       0    (-,-) 
#--------------------------------------------------------------------------------------------------------

#---------------------------------------------------------------------------------------------------------
#          Timing Point           Flags   Arc   Edge   Cell     Fanout  Load Trans Delay Arrival Instance 
#                                                                       (fF)  (ps)  (ps)   (ps)  Location 
#---------------------------------------------------------------------------------------------------------
  u_core_u_fifo_rd_ptr_q_reg[1]/C -       -     R     (arrival)   4859     -   150     0       0    (-,-) 
  u_core_u_fifo_rd_ptr_q_reg[1]/Q -       C->Q  F     DFRSQHDX2      6  78.4   413  1326    1326    (-,-) 
  g1087/Q                         -       B->Q  F     AND2HDX2       1  13.8   100   520    1845    (-,-) 
  g1058/Q                         -       A->Q  F     AND2HDX2       3  52.1   186   442    2288    (-,-) 
  g1050/Q                         -       A->Q  R     INHDX4         6  61.1   185   209    2497    (-,-) 
  g985/Q                          -       B->Q  R     OR2HDX1        1  22.1   240   388    2885    (-,-) 
  g955/Q                          -       A->Q  F     INHDX2         1  28.1   152   193    3078    (-,-) 
  drc_bufs12633/Q                 -       A->Q  R     INHDX3         1 101.0   338   325    3403    (-,-) 
  drc_bufs12631/Q                 -       A->Q  F     INHDX12       44 578.1   387   448    3850    (-,-) 
  g10845/Q                        -       C->Q  R     AN22HDX1       1  11.4   470   496    4347    (-,-) 
  drc_bufs13086/Q                 -       A->Q  R     BUHDX0         1  14.6   334   455    4802    (-,-) 
  g10283/Q                        -       F->Q  R     AND6HDX2       1  22.6   351   735    5537    (-,-) 
  g10153/Q                        -       A->Q  F     NA4HDX2        2  23.8   364   382    5919    (-,-) 
  acq_data_o[29]                  -       -     F     (port)         -     -     -     0    5919    (-,-) 
#---------------------------------------------------------------------------------------------------------



Path 83: VIOLATED (-469 ps) Late External Delay Assertion at pin acq_data_o[30]
           View: wc_view
          Group: clk_sys
     Startpoint: (R) u_core_u_fifo_rd_ptr_q_reg[1]/C
          Clock: (R) clk_sys
       Endpoint: (F) acq_data_o[30]
          Clock: (R) clk_sys

                     Capture       Launch     
        Clock Edge:+    6250            0     
       Src Latency:+       0            0     
       Net Latency:+       0 (I)        0 (I) 
           Arrival:=    6250            0     
                                              
      Output Delay:-     500                  
       Uncertainty:-     300                  
     Required Time:=    5450                  
      Launch Clock:-       0                  
         Data Path:-    5919                  
             Slack:=    -469                  

Exceptions/Constraints:
  output_delay             500             mptdc.sdc_line_362_120_1 

Launch clock path:
#--------------------------------------------------------------------------------------------------------
#          Timing Point           Flags   Arc   Edge   Cell     Fanout Load Trans Delay Arrival Instance 
#                                                                      (fF)  (ps)  (ps)   (ps)  Location 
#--------------------------------------------------------------------------------------------------------
  clk_sys                         (i)     -     R     (arrival)   4859  0.0     0     0       0    (-,-) 
  u_core_u_fifo_rd_ptr_q_reg[1]/C <<<     -     R     DFRSQHDX2   4859    -   150     0       0    (-,-) 
#--------------------------------------------------------------------------------------------------------

#---------------------------------------------------------------------------------------------------------
#          Timing Point           Flags   Arc   Edge   Cell     Fanout  Load Trans Delay Arrival Instance 
#                                                                       (fF)  (ps)  (ps)   (ps)  Location 
#---------------------------------------------------------------------------------------------------------
  u_core_u_fifo_rd_ptr_q_reg[1]/C -       -     R     (arrival)   4859     -   150     0       0    (-,-) 
  u_core_u_fifo_rd_ptr_q_reg[1]/Q -       C->Q  F     DFRSQHDX2      6  78.4   413  1326    1326    (-,-) 
  g1087/Q                         -       B->Q  F     AND2HDX2       1  13.8   100   520    1845    (-,-) 
  g1058/Q                         -       A->Q  F     AND2HDX2       3  52.1   186   442    2288    (-,-) 
  g1050/Q                         -       A->Q  R     INHDX4         6  61.1   185   209    2497    (-,-) 
  g985/Q                          -       B->Q  R     OR2HDX1        1  22.1   240   388    2885    (-,-) 
  g955/Q                          -       A->Q  F     INHDX2         1  28.1   152   193    3078    (-,-) 
  drc_bufs12633/Q                 -       A->Q  R     INHDX3         1 101.0   338   325    3403    (-,-) 
  drc_bufs12631/Q                 -       A->Q  F     INHDX12       44 578.1   387   448    3850    (-,-) 
  g10829/Q                        -       C->Q  R     AN22HDX1       1  11.4   470   496    4347    (-,-) 
  drc_bufs13169/Q                 -       A->Q  R     BUHDX0         1  14.6   334   455    4802    (-,-) 
  g10281/Q                        -       F->Q  R     AND6HDX2       1  22.6   351   735    5537    (-,-) 
  g10151/Q                        -       A->Q  F     NA4HDX2        2  23.8   364   382    5919    (-,-) 
  acq_data_o[30]                  -       -     F     (port)         -     -     -     0    5919    (-,-) 
#---------------------------------------------------------------------------------------------------------



Path 84: VIOLATED (-469 ps) Late External Delay Assertion at pin acq_data_o[31]
           View: wc_view
          Group: clk_sys
     Startpoint: (R) u_core_u_fifo_rd_ptr_q_reg[1]/C
          Clock: (R) clk_sys
       Endpoint: (F) acq_data_o[31]
          Clock: (R) clk_sys

                     Capture       Launch     
        Clock Edge:+    6250            0     
       Src Latency:+       0            0     
       Net Latency:+       0 (I)        0 (I) 
           Arrival:=    6250            0     
                                              
      Output Delay:-     500                  
       Uncertainty:-     300                  
     Required Time:=    5450                  
      Launch Clock:-       0                  
         Data Path:-    5919                  
             Slack:=    -469                  

Exceptions/Constraints:
  output_delay             500             mptdc.sdc_line_362_119_1 

Launch clock path:
#--------------------------------------------------------------------------------------------------------
#          Timing Point           Flags   Arc   Edge   Cell     Fanout Load Trans Delay Arrival Instance 
#                                                                      (fF)  (ps)  (ps)   (ps)  Location 
#--------------------------------------------------------------------------------------------------------
  clk_sys                         (i)     -     R     (arrival)   4859  0.0     0     0       0    (-,-) 
  u_core_u_fifo_rd_ptr_q_reg[1]/C <<<     -     R     DFRSQHDX2   4859    -   150     0       0    (-,-) 
#--------------------------------------------------------------------------------------------------------

#---------------------------------------------------------------------------------------------------------
#          Timing Point           Flags   Arc   Edge   Cell     Fanout  Load Trans Delay Arrival Instance 
#                                                                       (fF)  (ps)  (ps)   (ps)  Location 
#---------------------------------------------------------------------------------------------------------
  u_core_u_fifo_rd_ptr_q_reg[1]/C -       -     R     (arrival)   4859     -   150     0       0    (-,-) 
  u_core_u_fifo_rd_ptr_q_reg[1]/Q -       C->Q  F     DFRSQHDX2      6  78.4   413  1326    1326    (-,-) 
  g1087/Q                         -       B->Q  F     AND2HDX2       1  13.8   100   520    1845    (-,-) 
  g1058/Q                         -       A->Q  F     AND2HDX2       3  52.1   186   442    2288    (-,-) 
  g1050/Q                         -       A->Q  R     INHDX4         6  61.1   185   209    2497    (-,-) 
  g985/Q                          -       B->Q  R     OR2HDX1        1  22.1   240   388    2885    (-,-) 
  g955/Q                          -       A->Q  F     INHDX2         1  28.1   152   193    3078    (-,-) 
  drc_bufs12633/Q                 -       A->Q  R     INHDX3         1 101.0   338   325    3403    (-,-) 
  drc_bufs12631/Q                 -       A->Q  F     INHDX12       44 578.1   387   448    3850    (-,-) 
  g10807/Q                        -       C->Q  R     AN22HDX1       1  11.4   470   496    4347    (-,-) 
  drc_bufs13156/Q                 -       A->Q  R     BUHDX0         1  14.6   334   455    4802    (-,-) 
  g10322/Q                        -       F->Q  R     AND6HDX2       1  22.6   351   735    5537    (-,-) 
  g10189/Q                        -       A->Q  F     NA4HDX2        2  23.8   364   382    5919    (-,-) 
  acq_data_o[31]                  -       -     F     (port)         -     -     -     0    5919    (-,-) 
#---------------------------------------------------------------------------------------------------------



Path 85: VIOLATED (-469 ps) Late External Delay Assertion at pin acq_data_o[33]
           View: wc_view
          Group: clk_sys
     Startpoint: (R) u_core_u_fifo_rd_ptr_q_reg[1]/C
          Clock: (R) clk_sys
       Endpoint: (F) acq_data_o[33]
          Clock: (R) clk_sys

                     Capture       Launch     
        Clock Edge:+    6250            0     
       Src Latency:+       0            0     
       Net Latency:+       0 (I)        0 (I) 
           Arrival:=    6250            0     
                                              
      Output Delay:-     500                  
       Uncertainty:-     300                  
     Required Time:=    5450                  
      Launch Clock:-       0                  
         Data Path:-    5919                  
             Slack:=    -469                  

Exceptions/Constraints:
  output_delay             500             mptdc.sdc_line_362_117_1 

Launch clock path:
#--------------------------------------------------------------------------------------------------------
#          Timing Point           Flags   Arc   Edge   Cell     Fanout Load Trans Delay Arrival Instance 
#                                                                      (fF)  (ps)  (ps)   (ps)  Location 
#--------------------------------------------------------------------------------------------------------
  clk_sys                         (i)     -     R     (arrival)   4859  0.0     0     0       0    (-,-) 
  u_core_u_fifo_rd_ptr_q_reg[1]/C <<<     -     R     DFRSQHDX2   4859    -   150     0       0    (-,-) 
#--------------------------------------------------------------------------------------------------------

#---------------------------------------------------------------------------------------------------------
#          Timing Point           Flags   Arc   Edge   Cell     Fanout  Load Trans Delay Arrival Instance 
#                                                                       (fF)  (ps)  (ps)   (ps)  Location 
#---------------------------------------------------------------------------------------------------------
  u_core_u_fifo_rd_ptr_q_reg[1]/C -       -     R     (arrival)   4859     -   150     0       0    (-,-) 
  u_core_u_fifo_rd_ptr_q_reg[1]/Q -       C->Q  F     DFRSQHDX2      6  78.4   413  1326    1326    (-,-) 
  g1087/Q                         -       B->Q  F     AND2HDX2       1  13.8   100   520    1845    (-,-) 
  g1058/Q                         -       A->Q  F     AND2HDX2       3  52.1   186   442    2288    (-,-) 
  g1050/Q                         -       A->Q  R     INHDX4         6  61.1   185   209    2497    (-,-) 
  g985/Q                          -       B->Q  R     OR2HDX1        1  22.1   240   388    2885    (-,-) 
  g955/Q                          -       A->Q  F     INHDX2         1  28.1   152   193    3078    (-,-) 
  drc_bufs12633/Q                 -       A->Q  R     INHDX3         1 101.0   338   325    3403    (-,-) 
  drc_bufs12631/Q                 -       A->Q  F     INHDX12       44 578.1   387   448    3850    (-,-) 
  g11062/Q                        -       C->Q  R     AN22HDX1       1  11.4   470   496    4347    (-,-) 
  drc_bufs13091/Q                 -       A->Q  R     BUHDX0         1  14.6   334   455    4802    (-,-) 
  g10314/Q                        -       F->Q  R     AND6HDX2       1  22.6   351   735    5537    (-,-) 
  g10182/Q                        -       A->Q  F     NA4HDX2        2  23.8   364   382    5919    (-,-) 
  acq_data_o[33]                  -       -     F     (port)         -     -     -     0    5919    (-,-) 
#---------------------------------------------------------------------------------------------------------



Path 86: VIOLATED (-469 ps) Late External Delay Assertion at pin acq_data_o[39]
           View: wc_view
          Group: clk_sys
     Startpoint: (R) u_core_u_fifo_rd_ptr_q_reg[1]/C
          Clock: (R) clk_sys
       Endpoint: (F) acq_data_o[39]
          Clock: (R) clk_sys

                     Capture       Launch     
        Clock Edge:+    6250            0     
       Src Latency:+       0            0     
       Net Latency:+       0 (I)        0 (I) 
           Arrival:=    6250            0     
                                              
      Output Delay:-     500                  
       Uncertainty:-     300                  
     Required Time:=    5450                  
      Launch Clock:-       0                  
         Data Path:-    5919                  
             Slack:=    -469                  

Exceptions/Constraints:
  output_delay             500             mptdc.sdc_line_362_111_1 

Launch clock path:
#--------------------------------------------------------------------------------------------------------
#          Timing Point           Flags   Arc   Edge   Cell     Fanout Load Trans Delay Arrival Instance 
#                                                                      (fF)  (ps)  (ps)   (ps)  Location 
#--------------------------------------------------------------------------------------------------------
  clk_sys                         (i)     -     R     (arrival)   4859  0.0     0     0       0    (-,-) 
  u_core_u_fifo_rd_ptr_q_reg[1]/C <<<     -     R     DFRSQHDX2   4859    -   150     0       0    (-,-) 
#--------------------------------------------------------------------------------------------------------

#---------------------------------------------------------------------------------------------------------
#          Timing Point           Flags   Arc   Edge   Cell     Fanout  Load Trans Delay Arrival Instance 
#                                                                       (fF)  (ps)  (ps)   (ps)  Location 
#---------------------------------------------------------------------------------------------------------
  u_core_u_fifo_rd_ptr_q_reg[1]/C -       -     R     (arrival)   4859     -   150     0       0    (-,-) 
  u_core_u_fifo_rd_ptr_q_reg[1]/Q -       C->Q  F     DFRSQHDX2      6  78.4   413  1326    1326    (-,-) 
  g1087/Q                         -       B->Q  F     AND2HDX2       1  13.8   100   520    1845    (-,-) 
  g1058/Q                         -       A->Q  F     AND2HDX2       3  52.1   186   442    2288    (-,-) 
  g1050/Q                         -       A->Q  R     INHDX4         6  61.1   185   209    2497    (-,-) 
  g985/Q                          -       B->Q  R     OR2HDX1        1  22.1   240   388    2885    (-,-) 
  g955/Q                          -       A->Q  F     INHDX2         1  28.1   152   193    3078    (-,-) 
  drc_bufs12633/Q                 -       A->Q  R     INHDX3         1 101.0   338   325    3403    (-,-) 
  drc_bufs12631/Q                 -       A->Q  F     INHDX12       44 578.1   387   448    3850    (-,-) 
  g10891/Q                        -       C->Q  R     AN22HDX1       1  11.4   470   496    4347    (-,-) 
  drc_bufs13117/Q                 -       A->Q  R     BUHDX0         1  14.6   334   455    4802    (-,-) 
  g10289/Q                        -       F->Q  R     AND6HDX2       1  22.6   351   735    5537    (-,-) 
  g10147/Q                        -       A->Q  F     NA4HDX2        2  23.8   364   382    5919    (-,-) 
  acq_data_o[39]                  -       -     F     (port)         -     -     -     0    5919    (-,-) 
#---------------------------------------------------------------------------------------------------------



Path 87: VIOLATED (-469 ps) Late External Delay Assertion at pin acq_data_o[40]
           View: wc_view
          Group: clk_sys
     Startpoint: (R) u_core_u_fifo_rd_ptr_q_reg[1]/C
          Clock: (R) clk_sys
       Endpoint: (F) acq_data_o[40]
          Clock: (R) clk_sys

                     Capture       Launch     
        Clock Edge:+    6250            0     
       Src Latency:+       0            0     
       Net Latency:+       0 (I)        0 (I) 
           Arrival:=    6250            0     
                                              
      Output Delay:-     500                  
       Uncertainty:-     300                  
     Required Time:=    5450                  
      Launch Clock:-       0                  
         Data Path:-    5919                  
             Slack:=    -469                  

Exceptions/Constraints:
  output_delay             500             mptdc.sdc_line_362_110_1 

Launch clock path:
#--------------------------------------------------------------------------------------------------------
#          Timing Point           Flags   Arc   Edge   Cell     Fanout Load Trans Delay Arrival Instance 
#                                                                      (fF)  (ps)  (ps)   (ps)  Location 
#--------------------------------------------------------------------------------------------------------
  clk_sys                         (i)     -     R     (arrival)   4859  0.0     0     0       0    (-,-) 
  u_core_u_fifo_rd_ptr_q_reg[1]/C <<<     -     R     DFRSQHDX2   4859    -   150     0       0    (-,-) 
#--------------------------------------------------------------------------------------------------------

#---------------------------------------------------------------------------------------------------------
#          Timing Point           Flags   Arc   Edge   Cell     Fanout  Load Trans Delay Arrival Instance 
#                                                                       (fF)  (ps)  (ps)   (ps)  Location 
#---------------------------------------------------------------------------------------------------------
  u_core_u_fifo_rd_ptr_q_reg[1]/C -       -     R     (arrival)   4859     -   150     0       0    (-,-) 
  u_core_u_fifo_rd_ptr_q_reg[1]/Q -       C->Q  F     DFRSQHDX2      6  78.4   413  1326    1326    (-,-) 
  g1087/Q                         -       B->Q  F     AND2HDX2       1  13.8   100   520    1845    (-,-) 
  g1058/Q                         -       A->Q  F     AND2HDX2       3  52.1   186   442    2288    (-,-) 
  g1050/Q                         -       A->Q  R     INHDX4         6  61.1   185   209    2497    (-,-) 
  g985/Q                          -       B->Q  R     OR2HDX1        1  22.1   240   388    2885    (-,-) 
  g955/Q                          -       A->Q  F     INHDX2         1  28.1   152   193    3078    (-,-) 
  drc_bufs12633/Q                 -       A->Q  R     INHDX3         1 101.0   338   325    3403    (-,-) 
  drc_bufs12631/Q                 -       A->Q  F     INHDX12       44 578.1   387   448    3850    (-,-) 
  g10863/Q                        -       C->Q  R     AN22HDX1       1  11.4   470   496    4347    (-,-) 
  drc_bufs13104/Q                 -       A->Q  R     BUHDX0         1  14.6   334   455    4802    (-,-) 
  g10285/Q                        -       F->Q  R     AND6HDX2       1  22.6   351   735    5537    (-,-) 
  g10155/Q                        -       A->Q  F     NA4HDX2        2  23.8   364   382    5919    (-,-) 
  acq_data_o[40]                  -       -     F     (port)         -     -     -     0    5919    (-,-) 
#---------------------------------------------------------------------------------------------------------



Path 88: VIOLATED (-469 ps) Late External Delay Assertion at pin acq_data_o[41]
           View: wc_view
          Group: clk_sys
     Startpoint: (R) u_core_u_fifo_rd_ptr_q_reg[1]/C
          Clock: (R) clk_sys
       Endpoint: (F) acq_data_o[41]
          Clock: (R) clk_sys

                     Capture       Launch     
        Clock Edge:+    6250            0     
       Src Latency:+       0            0     
       Net Latency:+       0 (I)        0 (I) 
           Arrival:=    6250            0     
                                              
      Output Delay:-     500                  
       Uncertainty:-     300                  
     Required Time:=    5450                  
      Launch Clock:-       0                  
         Data Path:-    5919                  
             Slack:=    -469                  

Exceptions/Constraints:
  output_delay             500             mptdc.sdc_line_362_109_1 

Launch clock path:
#--------------------------------------------------------------------------------------------------------
#          Timing Point           Flags   Arc   Edge   Cell     Fanout Load Trans Delay Arrival Instance 
#                                                                      (fF)  (ps)  (ps)   (ps)  Location 
#--------------------------------------------------------------------------------------------------------
  clk_sys                         (i)     -     R     (arrival)   4859  0.0     0     0       0    (-,-) 
  u_core_u_fifo_rd_ptr_q_reg[1]/C <<<     -     R     DFRSQHDX2   4859    -   150     0       0    (-,-) 
#--------------------------------------------------------------------------------------------------------

#---------------------------------------------------------------------------------------------------------
#          Timing Point           Flags   Arc   Edge   Cell     Fanout  Load Trans Delay Arrival Instance 
#                                                                       (fF)  (ps)  (ps)   (ps)  Location 
#---------------------------------------------------------------------------------------------------------
  u_core_u_fifo_rd_ptr_q_reg[1]/C -       -     R     (arrival)   4859     -   150     0       0    (-,-) 
  u_core_u_fifo_rd_ptr_q_reg[1]/Q -       C->Q  F     DFRSQHDX2      6  78.4   413  1326    1326    (-,-) 
  g1087/Q                         -       B->Q  F     AND2HDX2       1  13.8   100   520    1845    (-,-) 
  g1058/Q                         -       A->Q  F     AND2HDX2       3  52.1   186   442    2288    (-,-) 
  g1050/Q                         -       A->Q  R     INHDX4         6  61.1   185   209    2497    (-,-) 
  g985/Q                          -       B->Q  R     OR2HDX1        1  22.1   240   388    2885    (-,-) 
  g955/Q                          -       A->Q  F     INHDX2         1  28.1   152   193    3078    (-,-) 
  drc_bufs12633/Q                 -       A->Q  R     INHDX3         1 101.0   338   325    3403    (-,-) 
  drc_bufs12631/Q                 -       A->Q  F     INHDX12       44 578.1   387   448    3850    (-,-) 
  g10838/Q                        -       C->Q  R     AN22HDX1       1  11.4   470   496    4347    (-,-) 
  drc_bufs13082/Q                 -       A->Q  R     BUHDX0         1  14.6   334   455    4802    (-,-) 
  g10282/Q                        -       F->Q  R     AND6HDX2       1  22.6   351   735    5537    (-,-) 
  g10150/Q                        -       A->Q  F     NA4HDX2        2  23.8   364   382    5919    (-,-) 
  acq_data_o[41]                  -       -     F     (port)         -     -     -     0    5919    (-,-) 
#---------------------------------------------------------------------------------------------------------



Path 89: VIOLATED (-469 ps) Late External Delay Assertion at pin acq_data_o[42]
           View: wc_view
          Group: clk_sys
     Startpoint: (R) u_core_u_fifo_rd_ptr_q_reg[1]/C
          Clock: (R) clk_sys
       Endpoint: (F) acq_data_o[42]
          Clock: (R) clk_sys

                     Capture       Launch     
        Clock Edge:+    6250            0     
       Src Latency:+       0            0     
       Net Latency:+       0 (I)        0 (I) 
           Arrival:=    6250            0     
                                              
      Output Delay:-     500                  
       Uncertainty:-     300                  
     Required Time:=    5450                  
      Launch Clock:-       0                  
         Data Path:-    5919                  
             Slack:=    -469                  

Exceptions/Constraints:
  output_delay             500             mptdc.sdc_line_362_108_1 

Launch clock path:
#--------------------------------------------------------------------------------------------------------
#          Timing Point           Flags   Arc   Edge   Cell     Fanout Load Trans Delay Arrival Instance 
#                                                                      (fF)  (ps)  (ps)   (ps)  Location 
#--------------------------------------------------------------------------------------------------------
  clk_sys                         (i)     -     R     (arrival)   4859  0.0     0     0       0    (-,-) 
  u_core_u_fifo_rd_ptr_q_reg[1]/C <<<     -     R     DFRSQHDX2   4859    -   150     0       0    (-,-) 
#--------------------------------------------------------------------------------------------------------

#---------------------------------------------------------------------------------------------------------
#          Timing Point           Flags   Arc   Edge   Cell     Fanout  Load Trans Delay Arrival Instance 
#                                                                       (fF)  (ps)  (ps)   (ps)  Location 
#---------------------------------------------------------------------------------------------------------
  u_core_u_fifo_rd_ptr_q_reg[1]/C -       -     R     (arrival)   4859     -   150     0       0    (-,-) 
  u_core_u_fifo_rd_ptr_q_reg[1]/Q -       C->Q  F     DFRSQHDX2      6  78.4   413  1326    1326    (-,-) 
  g1087/Q                         -       B->Q  F     AND2HDX2       1  13.8   100   520    1845    (-,-) 
  g1058/Q                         -       A->Q  F     AND2HDX2       3  52.1   186   442    2288    (-,-) 
  g1050/Q                         -       A->Q  R     INHDX4         6  61.1   185   209    2497    (-,-) 
  g985/Q                          -       B->Q  R     OR2HDX1        1  22.1   240   388    2885    (-,-) 
  g955/Q                          -       A->Q  F     INHDX2         1  28.1   152   193    3078    (-,-) 
  drc_bufs12633/Q                 -       A->Q  R     INHDX3         1 101.0   338   325    3403    (-,-) 
  drc_bufs12631/Q                 -       A->Q  F     INHDX12       44 578.1   387   448    3850    (-,-) 
  g11101/Q                        -       C->Q  R     AN22HDX1       1  11.4   470   496    4347    (-,-) 
  drc_bufs13108/Q                 -       A->Q  R     BUHDX0         1  14.6   334   455    4802    (-,-) 
  g10319/Q                        -       F->Q  R     AND6HDX2       1  22.6   351   735    5537    (-,-) 
  g10185/Q                        -       A->Q  F     NA4HDX2        2  23.8   364   382    5919    (-,-) 
  acq_data_o[42]                  -       -     F     (port)         -     -     -     0    5919    (-,-) 
#---------------------------------------------------------------------------------------------------------



Path 90: VIOLATED (-469 ps) Late External Delay Assertion at pin acq_data_o[44]
           View: wc_view
          Group: clk_sys
     Startpoint: (R) u_core_u_fifo_rd_ptr_q_reg[1]/C
          Clock: (R) clk_sys
       Endpoint: (F) acq_data_o[44]
          Clock: (R) clk_sys

                     Capture       Launch     
        Clock Edge:+    6250            0     
       Src Latency:+       0            0     
       Net Latency:+       0 (I)        0 (I) 
           Arrival:=    6250            0     
                                              
      Output Delay:-     500                  
       Uncertainty:-     300                  
     Required Time:=    5450                  
      Launch Clock:-       0                  
         Data Path:-    5919                  
             Slack:=    -469                  

Exceptions/Constraints:
  output_delay             500             mptdc.sdc_line_362_106_1 

Launch clock path:
#--------------------------------------------------------------------------------------------------------
#          Timing Point           Flags   Arc   Edge   Cell     Fanout Load Trans Delay Arrival Instance 
#                                                                      (fF)  (ps)  (ps)   (ps)  Location 
#--------------------------------------------------------------------------------------------------------
  clk_sys                         (i)     -     R     (arrival)   4859  0.0     0     0       0    (-,-) 
  u_core_u_fifo_rd_ptr_q_reg[1]/C <<<     -     R     DFRSQHDX2   4859    -   150     0       0    (-,-) 
#--------------------------------------------------------------------------------------------------------

#---------------------------------------------------------------------------------------------------------
#          Timing Point           Flags   Arc   Edge   Cell     Fanout  Load Trans Delay Arrival Instance 
#                                                                       (fF)  (ps)  (ps)   (ps)  Location 
#---------------------------------------------------------------------------------------------------------
  u_core_u_fifo_rd_ptr_q_reg[1]/C -       -     R     (arrival)   4859     -   150     0       0    (-,-) 
  u_core_u_fifo_rd_ptr_q_reg[1]/Q -       C->Q  F     DFRSQHDX2      6  78.4   413  1326    1326    (-,-) 
  g1087/Q                         -       B->Q  F     AND2HDX2       1  13.8   100   520    1845    (-,-) 
  g1058/Q                         -       A->Q  F     AND2HDX2       3  52.1   186   442    2288    (-,-) 
  g1050/Q                         -       A->Q  R     INHDX4         6  61.1   185   209    2497    (-,-) 
  g985/Q                          -       B->Q  R     OR2HDX1        1  22.1   240   388    2885    (-,-) 
  g955/Q                          -       A->Q  F     INHDX2         1  28.1   152   193    3078    (-,-) 
  drc_bufs12633/Q                 -       A->Q  R     INHDX3         1 101.0   338   325    3403    (-,-) 
  drc_bufs12631/Q                 -       A->Q  F     INHDX12       44 578.1   387   448    3850    (-,-) 
  g10989/Q                        -       C->Q  R     AN22HDX1       1  11.4   470   496    4347    (-,-) 
  drc_bufs13161/Q                 -       A->Q  R     BUHDX0         1  14.6   334   455    4802    (-,-) 
  g10302/Q                        -       F->Q  R     AND6HDX2       1  22.6   351   735    5537    (-,-) 
  g10170/Q                        -       A->Q  F     NA4HDX2        2  23.8   364   382    5919    (-,-) 
  acq_data_o[44]                  -       -     F     (port)         -     -     -     0    5919    (-,-) 
#---------------------------------------------------------------------------------------------------------



Path 91: VIOLATED (-469 ps) Late External Delay Assertion at pin acq_data_o[45]
           View: wc_view
          Group: clk_sys
     Startpoint: (R) u_core_u_fifo_rd_ptr_q_reg[1]/C
          Clock: (R) clk_sys
       Endpoint: (F) acq_data_o[45]
          Clock: (R) clk_sys

                     Capture       Launch     
        Clock Edge:+    6250            0     
       Src Latency:+       0            0     
       Net Latency:+       0 (I)        0 (I) 
           Arrival:=    6250            0     
                                              
      Output Delay:-     500                  
       Uncertainty:-     300                  
     Required Time:=    5450                  
      Launch Clock:-       0                  
         Data Path:-    5919                  
             Slack:=    -469                  

Exceptions/Constraints:
  output_delay             500             mptdc.sdc_line_362_105_1 

Launch clock path:
#--------------------------------------------------------------------------------------------------------
#          Timing Point           Flags   Arc   Edge   Cell     Fanout Load Trans Delay Arrival Instance 
#                                                                      (fF)  (ps)  (ps)   (ps)  Location 
#--------------------------------------------------------------------------------------------------------
  clk_sys                         (i)     -     R     (arrival)   4859  0.0     0     0       0    (-,-) 
  u_core_u_fifo_rd_ptr_q_reg[1]/C <<<     -     R     DFRSQHDX2   4859    -   150     0       0    (-,-) 
#--------------------------------------------------------------------------------------------------------

#---------------------------------------------------------------------------------------------------------
#          Timing Point           Flags   Arc   Edge   Cell     Fanout  Load Trans Delay Arrival Instance 
#                                                                       (fF)  (ps)  (ps)   (ps)  Location 
#---------------------------------------------------------------------------------------------------------
  u_core_u_fifo_rd_ptr_q_reg[1]/C -       -     R     (arrival)   4859     -   150     0       0    (-,-) 
  u_core_u_fifo_rd_ptr_q_reg[1]/Q -       C->Q  F     DFRSQHDX2      6  78.4   413  1326    1326    (-,-) 
  g1087/Q                         -       B->Q  F     AND2HDX2       1  13.8   100   520    1845    (-,-) 
  g1058/Q                         -       A->Q  F     AND2HDX2       3  52.1   186   442    2288    (-,-) 
  g1050/Q                         -       A->Q  R     INHDX4         6  61.1   185   209    2497    (-,-) 
  g985/Q                          -       B->Q  R     OR2HDX1        1  22.1   240   388    2885    (-,-) 
  g955/Q                          -       A->Q  F     INHDX2         1  28.1   152   193    3078    (-,-) 
  drc_bufs12633/Q                 -       A->Q  R     INHDX3         1 101.0   338   325    3403    (-,-) 
  drc_bufs12631/Q                 -       A->Q  F     INHDX12       44 578.1   387   448    3850    (-,-) 
  g10937/Q                        -       C->Q  R     AN22HDX1       1  11.4   470   496    4347    (-,-) 
  drc_bufs13133/Q                 -       A->Q  R     BUHDX0         1  14.6   334   455    4802    (-,-) 
  g10294/Q                        -       F->Q  R     AND6HDX2       1  22.6   351   735    5537    (-,-) 
  g10160/Q                        -       A->Q  F     NA4HDX2        2  23.8   364   382    5919    (-,-) 
  acq_data_o[45]                  -       -     F     (port)         -     -     -     0    5919    (-,-) 
#---------------------------------------------------------------------------------------------------------



Path 92: VIOLATED (-469 ps) Late External Delay Assertion at pin acq_data_o[46]
           View: wc_view
          Group: clk_sys
     Startpoint: (R) u_core_u_fifo_rd_ptr_q_reg[1]/C
          Clock: (R) clk_sys
       Endpoint: (F) acq_data_o[46]
          Clock: (R) clk_sys

                     Capture       Launch     
        Clock Edge:+    6250            0     
       Src Latency:+       0            0     
       Net Latency:+       0 (I)        0 (I) 
           Arrival:=    6250            0     
                                              
      Output Delay:-     500                  
       Uncertainty:-     300                  
     Required Time:=    5450                  
      Launch Clock:-       0                  
         Data Path:-    5919                  
             Slack:=    -469                  

Exceptions/Constraints:
  output_delay             500             mptdc.sdc_line_362_104_1 

Launch clock path:
#--------------------------------------------------------------------------------------------------------
#          Timing Point           Flags   Arc   Edge   Cell     Fanout Load Trans Delay Arrival Instance 
#                                                                      (fF)  (ps)  (ps)   (ps)  Location 
#--------------------------------------------------------------------------------------------------------
  clk_sys                         (i)     -     R     (arrival)   4859  0.0     0     0       0    (-,-) 
  u_core_u_fifo_rd_ptr_q_reg[1]/C <<<     -     R     DFRSQHDX2   4859    -   150     0       0    (-,-) 
#--------------------------------------------------------------------------------------------------------

#---------------------------------------------------------------------------------------------------------
#          Timing Point           Flags   Arc   Edge   Cell     Fanout  Load Trans Delay Arrival Instance 
#                                                                       (fF)  (ps)  (ps)   (ps)  Location 
#---------------------------------------------------------------------------------------------------------
  u_core_u_fifo_rd_ptr_q_reg[1]/C -       -     R     (arrival)   4859     -   150     0       0    (-,-) 
  u_core_u_fifo_rd_ptr_q_reg[1]/Q -       C->Q  F     DFRSQHDX2      6  78.4   413  1326    1326    (-,-) 
  g1087/Q                         -       B->Q  F     AND2HDX2       1  13.8   100   520    1845    (-,-) 
  g1058/Q                         -       A->Q  F     AND2HDX2       3  52.1   186   442    2288    (-,-) 
  g1050/Q                         -       A->Q  R     INHDX4         6  61.1   185   209    2497    (-,-) 
  g985/Q                          -       B->Q  R     OR2HDX1        1  22.1   240   388    2885    (-,-) 
  g955/Q                          -       A->Q  F     INHDX2         1  28.1   152   193    3078    (-,-) 
  drc_bufs12633/Q                 -       A->Q  R     INHDX3         1 101.0   338   325    3403    (-,-) 
  drc_bufs12631/Q                 -       A->Q  F     INHDX12       44 578.1   387   448    3850    (-,-) 
  g10876/Q                        -       C->Q  R     AN22HDX1       1  11.4   470   496    4347    (-,-) 
  drc_bufs13111/Q                 -       A->Q  R     BUHDX0         1  14.6   334   455    4802    (-,-) 
  g10286/Q                        -       F->Q  R     AND6HDX2       1  22.6   351   735    5537    (-,-) 
  g10154/Q                        -       A->Q  F     NA4HDX2        2  23.8   364   382    5919    (-,-) 
  acq_data_o[46]                  -       -     F     (port)         -     -     -     0    5919    (-,-) 
#---------------------------------------------------------------------------------------------------------



Path 93: VIOLATED (-469 ps) Late External Delay Assertion at pin acq_data_o[47]
           View: wc_view
          Group: clk_sys
     Startpoint: (R) u_core_u_fifo_rd_ptr_q_reg[1]/C
          Clock: (R) clk_sys
       Endpoint: (F) acq_data_o[47]
          Clock: (R) clk_sys

                     Capture       Launch     
        Clock Edge:+    6250            0     
       Src Latency:+       0            0     
       Net Latency:+       0 (I)        0 (I) 
           Arrival:=    6250            0     
                                              
      Output Delay:-     500                  
       Uncertainty:-     300                  
     Required Time:=    5450                  
      Launch Clock:-       0                  
         Data Path:-    5919                  
             Slack:=    -469                  

Exceptions/Constraints:
  output_delay             500             mptdc.sdc_line_362_103_1 

Launch clock path:
#--------------------------------------------------------------------------------------------------------
#          Timing Point           Flags   Arc   Edge   Cell     Fanout Load Trans Delay Arrival Instance 
#                                                                      (fF)  (ps)  (ps)   (ps)  Location 
#--------------------------------------------------------------------------------------------------------
  clk_sys                         (i)     -     R     (arrival)   4859  0.0     0     0       0    (-,-) 
  u_core_u_fifo_rd_ptr_q_reg[1]/C <<<     -     R     DFRSQHDX2   4859    -   150     0       0    (-,-) 
#--------------------------------------------------------------------------------------------------------

#---------------------------------------------------------------------------------------------------------
#          Timing Point           Flags   Arc   Edge   Cell     Fanout  Load Trans Delay Arrival Instance 
#                                                                       (fF)  (ps)  (ps)   (ps)  Location 
#---------------------------------------------------------------------------------------------------------
  u_core_u_fifo_rd_ptr_q_reg[1]/C -       -     R     (arrival)   4859     -   150     0       0    (-,-) 
  u_core_u_fifo_rd_ptr_q_reg[1]/Q -       C->Q  F     DFRSQHDX2      6  78.4   413  1326    1326    (-,-) 
  g1087/Q                         -       B->Q  F     AND2HDX2       1  13.8   100   520    1845    (-,-) 
  g1058/Q                         -       A->Q  F     AND2HDX2       3  52.1   186   442    2288    (-,-) 
  g1050/Q                         -       A->Q  R     INHDX4         6  61.1   185   209    2497    (-,-) 
  g985/Q                          -       B->Q  R     OR2HDX1        1  22.1   240   388    2885    (-,-) 
  g955/Q                          -       A->Q  F     INHDX2         1  28.1   152   193    3078    (-,-) 
  drc_bufs12633/Q                 -       A->Q  R     INHDX3         1 101.0   338   325    3403    (-,-) 
  drc_bufs12631/Q                 -       A->Q  F     INHDX12       44 578.1   387   448    3850    (-,-) 
  g10818/Q                        -       C->Q  R     AN22HDX1       1  11.4   470   496    4347    (-,-) 
  drc_bufs13166/Q                 -       A->Q  R     BUHDX0         1  14.6   334   455    4802    (-,-) 
  g10321/Q                        -       F->Q  R     AND6HDX2       1  22.6   351   735    5537    (-,-) 
  g10181/Q                        -       A->Q  F     NA4HDX2        2  23.8   364   382    5919    (-,-) 
  acq_data_o[47]                  -       -     F     (port)         -     -     -     0    5919    (-,-) 
#---------------------------------------------------------------------------------------------------------



Path 94: VIOLATED (-469 ps) Late External Delay Assertion at pin acq_data_o[48]
           View: wc_view
          Group: clk_sys
     Startpoint: (R) u_core_u_fifo_rd_ptr_q_reg[1]/C
          Clock: (R) clk_sys
       Endpoint: (F) acq_data_o[48]
          Clock: (R) clk_sys

                     Capture       Launch     
        Clock Edge:+    6250            0     
       Src Latency:+       0            0     
       Net Latency:+       0 (I)        0 (I) 
           Arrival:=    6250            0     
                                              
      Output Delay:-     500                  
       Uncertainty:-     300                  
     Required Time:=    5450                  
      Launch Clock:-       0                  
         Data Path:-    5919                  
             Slack:=    -469                  

Exceptions/Constraints:
  output_delay             500             mptdc.sdc_line_362_102_1 

Launch clock path:
#--------------------------------------------------------------------------------------------------------
#          Timing Point           Flags   Arc   Edge   Cell     Fanout Load Trans Delay Arrival Instance 
#                                                                      (fF)  (ps)  (ps)   (ps)  Location 
#--------------------------------------------------------------------------------------------------------
  clk_sys                         (i)     -     R     (arrival)   4859  0.0     0     0       0    (-,-) 
  u_core_u_fifo_rd_ptr_q_reg[1]/C <<<     -     R     DFRSQHDX2   4859    -   150     0       0    (-,-) 
#--------------------------------------------------------------------------------------------------------

#---------------------------------------------------------------------------------------------------------
#          Timing Point           Flags   Arc   Edge   Cell     Fanout  Load Trans Delay Arrival Instance 
#                                                                       (fF)  (ps)  (ps)   (ps)  Location 
#---------------------------------------------------------------------------------------------------------
  u_core_u_fifo_rd_ptr_q_reg[1]/C -       -     R     (arrival)   4859     -   150     0       0    (-,-) 
  u_core_u_fifo_rd_ptr_q_reg[1]/Q -       C->Q  F     DFRSQHDX2      6  78.4   413  1326    1326    (-,-) 
  g1087/Q                         -       B->Q  F     AND2HDX2       1  13.8   100   520    1845    (-,-) 
  g1058/Q                         -       A->Q  F     AND2HDX2       3  52.1   186   442    2288    (-,-) 
  g1050/Q                         -       A->Q  R     INHDX4         6  61.1   185   209    2497    (-,-) 
  g985/Q                          -       B->Q  R     OR2HDX1        1  22.1   240   388    2885    (-,-) 
  g955/Q                          -       A->Q  F     INHDX2         1  28.1   152   193    3078    (-,-) 
  drc_bufs12633/Q                 -       A->Q  R     INHDX3         1 101.0   338   325    3403    (-,-) 
  drc_bufs12631/Q                 -       A->Q  F     INHDX12       44 578.1   387   448    3850    (-,-) 
  g11015/Q                        -       C->Q  R     AN22HDX1       1  11.4   470   496    4347    (-,-) 
  drc_bufs13168/Q                 -       A->Q  R     BUHDX0         1  14.6   334   455    4802    (-,-) 
  g10305/Q                        -       F->Q  R     AND6HDX2       1  22.6   351   735    5537    (-,-) 
  g10180/Q                        -       A->Q  F     NA4HDX2        2  23.8   364   382    5919    (-,-) 
  acq_data_o[48]                  -       -     F     (port)         -     -     -     0    5919    (-,-) 
#---------------------------------------------------------------------------------------------------------



Path 95: VIOLATED (-469 ps) Late External Delay Assertion at pin acq_data_o[50]
           View: wc_view
          Group: clk_sys
     Startpoint: (R) u_core_u_fifo_rd_ptr_q_reg[1]/C
          Clock: (R) clk_sys
       Endpoint: (F) acq_data_o[50]
          Clock: (R) clk_sys

                     Capture       Launch     
        Clock Edge:+    6250            0     
       Src Latency:+       0            0     
       Net Latency:+       0 (I)        0 (I) 
           Arrival:=    6250            0     
                                              
      Output Delay:-     500                  
       Uncertainty:-     300                  
     Required Time:=    5450                  
      Launch Clock:-       0                  
         Data Path:-    5919                  
             Slack:=    -469                  

Exceptions/Constraints:
  output_delay             500             mptdc.sdc_line_362_100_1 

Launch clock path:
#--------------------------------------------------------------------------------------------------------
#          Timing Point           Flags   Arc   Edge   Cell     Fanout Load Trans Delay Arrival Instance 
#                                                                      (fF)  (ps)  (ps)   (ps)  Location 
#--------------------------------------------------------------------------------------------------------
  clk_sys                         (i)     -     R     (arrival)   4859  0.0     0     0       0    (-,-) 
  u_core_u_fifo_rd_ptr_q_reg[1]/C <<<     -     R     DFRSQHDX2   4859    -   150     0       0    (-,-) 
#--------------------------------------------------------------------------------------------------------

#---------------------------------------------------------------------------------------------------------
#          Timing Point           Flags   Arc   Edge   Cell     Fanout  Load Trans Delay Arrival Instance 
#                                                                       (fF)  (ps)  (ps)   (ps)  Location 
#---------------------------------------------------------------------------------------------------------
  u_core_u_fifo_rd_ptr_q_reg[1]/C -       -     R     (arrival)   4859     -   150     0       0    (-,-) 
  u_core_u_fifo_rd_ptr_q_reg[1]/Q -       C->Q  F     DFRSQHDX2      6  78.4   413  1326    1326    (-,-) 
  g1087/Q                         -       B->Q  F     AND2HDX2       1  13.8   100   520    1845    (-,-) 
  g1058/Q                         -       A->Q  F     AND2HDX2       3  52.1   186   442    2288    (-,-) 
  g1050/Q                         -       A->Q  R     INHDX4         6  61.1   185   209    2497    (-,-) 
  g985/Q                          -       B->Q  R     OR2HDX1        1  22.1   240   388    2885    (-,-) 
  g955/Q                          -       A->Q  F     INHDX2         1  28.1   152   193    3078    (-,-) 
  drc_bufs12633/Q                 -       A->Q  R     INHDX3         1 101.0   338   325    3403    (-,-) 
  drc_bufs12631/Q                 -       A->Q  F     INHDX12       44 578.1   387   448    3850    (-,-) 
  g11063/Q                        -       C->Q  R     AN22HDX1       1  11.4   470   496    4347    (-,-) 
  drc_bufs13093/Q                 -       A->Q  R     BUHDX0         1  14.6   334   455    4802    (-,-) 
  g10313/Q                        -       F->Q  R     AND6HDX2       1  22.6   351   735    5537    (-,-) 
  g10168/Q                        -       A->Q  F     NA4HDX2        2  23.8   364   382    5919    (-,-) 
  acq_data_o[50]                  -       -     F     (port)         -     -     -     0    5919    (-,-) 
#---------------------------------------------------------------------------------------------------------



Path 96: VIOLATED (-469 ps) Late External Delay Assertion at pin acq_data_o[6]
           View: wc_view
          Group: clk_sys
     Startpoint: (R) u_core_u_fifo_rd_ptr_q_reg[1]/C
          Clock: (R) clk_sys
       Endpoint: (F) acq_data_o[6]
          Clock: (R) clk_sys

                     Capture       Launch     
        Clock Edge:+    6250            0     
       Src Latency:+       0            0     
       Net Latency:+       0 (I)        0 (I) 
           Arrival:=    6250            0     
                                              
      Output Delay:-     500                  
       Uncertainty:-     300                  
     Required Time:=    5450                  
      Launch Clock:-       0                  
         Data Path:-    5919                  
             Slack:=    -469                  

Exceptions/Constraints:
  output_delay             500             mptdc.sdc_line_362_144_1 

Launch clock path:
#--------------------------------------------------------------------------------------------------------
#          Timing Point           Flags   Arc   Edge   Cell     Fanout Load Trans Delay Arrival Instance 
#                                                                      (fF)  (ps)  (ps)   (ps)  Location 
#--------------------------------------------------------------------------------------------------------
  clk_sys                         (i)     -     R     (arrival)   4859  0.0     0     0       0    (-,-) 
  u_core_u_fifo_rd_ptr_q_reg[1]/C <<<     -     R     DFRSQHDX2   4859    -   150     0       0    (-,-) 
#--------------------------------------------------------------------------------------------------------

#---------------------------------------------------------------------------------------------------------
#          Timing Point           Flags   Arc   Edge   Cell     Fanout  Load Trans Delay Arrival Instance 
#                                                                       (fF)  (ps)  (ps)   (ps)  Location 
#---------------------------------------------------------------------------------------------------------
  u_core_u_fifo_rd_ptr_q_reg[1]/C -       -     R     (arrival)   4859     -   150     0       0    (-,-) 
  u_core_u_fifo_rd_ptr_q_reg[1]/Q -       C->Q  F     DFRSQHDX2      6  78.4   413  1326    1326    (-,-) 
  g1087/Q                         -       B->Q  F     AND2HDX2       1  13.8   100   520    1845    (-,-) 
  g1058/Q                         -       A->Q  F     AND2HDX2       3  52.1   186   442    2288    (-,-) 
  g1050/Q                         -       A->Q  R     INHDX4         6  61.1   185   209    2497    (-,-) 
  g985/Q                          -       B->Q  R     OR2HDX1        1  22.1   240   388    2885    (-,-) 
  g955/Q                          -       A->Q  F     INHDX2         1  28.1   152   193    3078    (-,-) 
  drc_bufs12633/Q                 -       A->Q  R     INHDX3         1 101.0   338   325    3403    (-,-) 
  drc_bufs12631/Q                 -       A->Q  F     INHDX12       44 578.1   387   448    3850    (-,-) 
  g11054/Q                        -       C->Q  R     AN22HDX1       1  11.4   466   496    4347    (-,-) 
  drc_bufs13087/Q                 -       A->Q  R     BUHDX0         1  14.6   334   455    4802    (-,-) 
  g10312/Q                        -       F->Q  R     AND6HDX2       1  22.6   351   735    5537    (-,-) 
  g10183/Q                        -       A->Q  F     NA4HDX2        2  23.8   364   382    5919    (-,-) 
  acq_data_o[6]                   -       -     F     (port)         -     -     -     0    5919    (-,-) 
#---------------------------------------------------------------------------------------------------------



Path 97: VIOLATED (-469 ps) Late External Delay Assertion at pin acq_data_o[7]
           View: wc_view
          Group: clk_sys
     Startpoint: (R) u_core_u_fifo_rd_ptr_q_reg[1]/C
          Clock: (R) clk_sys
       Endpoint: (F) acq_data_o[7]
          Clock: (R) clk_sys

                     Capture       Launch     
        Clock Edge:+    6250            0     
       Src Latency:+       0            0     
       Net Latency:+       0 (I)        0 (I) 
           Arrival:=    6250            0     
                                              
      Output Delay:-     500                  
       Uncertainty:-     300                  
     Required Time:=    5450                  
      Launch Clock:-       0                  
         Data Path:-    5919                  
             Slack:=    -469                  

Exceptions/Constraints:
  output_delay             500             mptdc.sdc_line_362_143_1 

Launch clock path:
#--------------------------------------------------------------------------------------------------------
#          Timing Point           Flags   Arc   Edge   Cell     Fanout Load Trans Delay Arrival Instance 
#                                                                      (fF)  (ps)  (ps)   (ps)  Location 
#--------------------------------------------------------------------------------------------------------
  clk_sys                         (i)     -     R     (arrival)   4859  0.0     0     0       0    (-,-) 
  u_core_u_fifo_rd_ptr_q_reg[1]/C <<<     -     R     DFRSQHDX2   4859    -   150     0       0    (-,-) 
#--------------------------------------------------------------------------------------------------------

#---------------------------------------------------------------------------------------------------------
#          Timing Point           Flags   Arc   Edge   Cell     Fanout  Load Trans Delay Arrival Instance 
#                                                                       (fF)  (ps)  (ps)   (ps)  Location 
#---------------------------------------------------------------------------------------------------------
  u_core_u_fifo_rd_ptr_q_reg[1]/C -       -     R     (arrival)   4859     -   150     0       0    (-,-) 
  u_core_u_fifo_rd_ptr_q_reg[1]/Q -       C->Q  F     DFRSQHDX2      6  78.4   413  1326    1326    (-,-) 
  g1087/Q                         -       B->Q  F     AND2HDX2       1  13.8   100   520    1845    (-,-) 
  g1058/Q                         -       A->Q  F     AND2HDX2       3  52.1   186   442    2288    (-,-) 
  g1050/Q                         -       A->Q  R     INHDX4         6  61.1   185   209    2497    (-,-) 
  g985/Q                          -       B->Q  R     OR2HDX1        1  22.1   240   388    2885    (-,-) 
  g955/Q                          -       A->Q  F     INHDX2         1  28.1   152   193    3078    (-,-) 
  drc_bufs12633/Q                 -       A->Q  R     INHDX3         1 101.0   338   325    3403    (-,-) 
  drc_bufs12631/Q                 -       A->Q  F     INHDX12       44 578.1   387   448    3850    (-,-) 
  g11039/Q                        -       C->Q  R     AN22HDX1       1  11.4   466   496    4347    (-,-) 
  drc_bufs13079/Q                 -       A->Q  R     BUHDX0         1  14.6   334   455    4802    (-,-) 
  g10310/Q                        -       F->Q  R     AND6HDX2       1  22.6   351   735    5537    (-,-) 
  g10169/Q                        -       A->Q  F     NA4HDX2        2  23.8   364   382    5919    (-,-) 
  acq_data_o[7]                   -       -     F     (port)         -     -     -     0    5919    (-,-) 
#---------------------------------------------------------------------------------------------------------



Path 98: VIOLATED (-469 ps) Late External Delay Assertion at pin acq_data_o[8]
           View: wc_view
          Group: clk_sys
     Startpoint: (R) u_core_u_fifo_rd_ptr_q_reg[1]/C
          Clock: (R) clk_sys
       Endpoint: (F) acq_data_o[8]
          Clock: (R) clk_sys

                     Capture       Launch     
        Clock Edge:+    6250            0     
       Src Latency:+       0            0     
       Net Latency:+       0 (I)        0 (I) 
           Arrival:=    6250            0     
                                              
      Output Delay:-     500                  
       Uncertainty:-     300                  
     Required Time:=    5450                  
      Launch Clock:-       0                  
         Data Path:-    5919                  
             Slack:=    -469                  

Exceptions/Constraints:
  output_delay             500             mptdc.sdc_line_362_142_1 

Launch clock path:
#--------------------------------------------------------------------------------------------------------
#          Timing Point           Flags   Arc   Edge   Cell     Fanout Load Trans Delay Arrival Instance 
#                                                                      (fF)  (ps)  (ps)   (ps)  Location 
#--------------------------------------------------------------------------------------------------------
  clk_sys                         (i)     -     R     (arrival)   4859  0.0     0     0       0    (-,-) 
  u_core_u_fifo_rd_ptr_q_reg[1]/C <<<     -     R     DFRSQHDX2   4859    -   150     0       0    (-,-) 
#--------------------------------------------------------------------------------------------------------

#---------------------------------------------------------------------------------------------------------
#          Timing Point           Flags   Arc   Edge   Cell     Fanout  Load Trans Delay Arrival Instance 
#                                                                       (fF)  (ps)  (ps)   (ps)  Location 
#---------------------------------------------------------------------------------------------------------
  u_core_u_fifo_rd_ptr_q_reg[1]/C -       -     R     (arrival)   4859     -   150     0       0    (-,-) 
  u_core_u_fifo_rd_ptr_q_reg[1]/Q -       C->Q  F     DFRSQHDX2      6  78.4   413  1326    1326    (-,-) 
  g1087/Q                         -       B->Q  F     AND2HDX2       1  13.8   100   520    1845    (-,-) 
  g1058/Q                         -       A->Q  F     AND2HDX2       3  52.1   186   442    2288    (-,-) 
  g1050/Q                         -       A->Q  R     INHDX4         6  61.1   185   209    2497    (-,-) 
  g985/Q                          -       B->Q  R     OR2HDX1        1  22.1   240   388    2885    (-,-) 
  g955/Q                          -       A->Q  F     INHDX2         1  28.1   152   193    3078    (-,-) 
  drc_bufs12633/Q                 -       A->Q  R     INHDX3         1 101.0   338   325    3403    (-,-) 
  drc_bufs12631/Q                 -       A->Q  F     INHDX12       44 578.1   387   448    3850    (-,-) 
  g11025/Q                        -       C->Q  R     AN22HDX1       1  11.4   466   496    4347    (-,-) 
  drc_bufs13173/Q                 -       A->Q  R     BUHDX0         1  14.6   334   455    4802    (-,-) 
  g10308/Q                        -       F->Q  R     AND6HDX2       1  22.6   351   735    5537    (-,-) 
  g10179/Q                        -       A->Q  F     NA4HDX2        2  23.8   364   382    5919    (-,-) 
  acq_data_o[8]                   -       -     F     (port)         -     -     -     0    5919    (-,-) 
#---------------------------------------------------------------------------------------------------------



Path 99: VIOLATED (-469 ps) Late External Delay Assertion at pin acq_data_o[10]
           View: wc_view
          Group: clk_sys
     Startpoint: (R) u_core_u_fifo_rd_ptr_q_reg[1]/C
          Clock: (R) clk_sys
       Endpoint: (F) acq_data_o[10]
          Clock: (R) clk_sys

                     Capture       Launch     
        Clock Edge:+    6250            0     
       Src Latency:+       0            0     
       Net Latency:+       0 (I)        0 (I) 
           Arrival:=    6250            0     
                                              
      Output Delay:-     500                  
       Uncertainty:-     300                  
     Required Time:=    5450                  
      Launch Clock:-       0                  
         Data Path:-    5919                  
             Slack:=    -469                  

Exceptions/Constraints:
  output_delay             500             mptdc.sdc_line_362_140_1 

Launch clock path:
#--------------------------------------------------------------------------------------------------------
#          Timing Point           Flags   Arc   Edge   Cell     Fanout Load Trans Delay Arrival Instance 
#                                                                      (fF)  (ps)  (ps)   (ps)  Location 
#--------------------------------------------------------------------------------------------------------
  clk_sys                         (i)     -     R     (arrival)   4859  0.0     0     0       0    (-,-) 
  u_core_u_fifo_rd_ptr_q_reg[1]/C <<<     -     R     DFRSQHDX2   4859    -   150     0       0    (-,-) 
#--------------------------------------------------------------------------------------------------------

#---------------------------------------------------------------------------------------------------------
#          Timing Point           Flags   Arc   Edge   Cell     Fanout  Load Trans Delay Arrival Instance 
#                                                                       (fF)  (ps)  (ps)   (ps)  Location 
#---------------------------------------------------------------------------------------------------------
  u_core_u_fifo_rd_ptr_q_reg[1]/C -       -     R     (arrival)   4859     -   150     0       0    (-,-) 
  u_core_u_fifo_rd_ptr_q_reg[1]/Q -       C->Q  F     DFRSQHDX2      6  78.4   413  1326    1326    (-,-) 
  g1087/Q                         -       B->Q  F     AND2HDX2       1  13.8   100   520    1845    (-,-) 
  g1058/Q                         -       A->Q  F     AND2HDX2       3  52.1   186   442    2288    (-,-) 
  g1050/Q                         -       A->Q  R     INHDX4         6  61.1   185   209    2497    (-,-) 
  g985/Q                          -       B->Q  R     OR2HDX1        1  22.1   240   388    2885    (-,-) 
  g955/Q                          -       A->Q  F     INHDX2         1  28.1   152   193    3078    (-,-) 
  drc_bufs12633/Q                 -       A->Q  R     INHDX3         1 101.0   338   325    3403    (-,-) 
  drc_bufs12631/Q                 -       A->Q  F     INHDX12       44 578.1   387   448    3850    (-,-) 
  g11012/Q                        -       C->Q  R     AN22HDX1       1  11.4   466   496    4347    (-,-) 
  drc_bufs13167/Q                 -       A->Q  R     BUHDX0         1  14.6   334   455    4802    (-,-) 
  g10307/Q                        -       F->Q  R     AND6HDX2       1  22.6   351   735    5537    (-,-) 
  g10177/Q                        -       A->Q  F     NA4HDX2        2  23.8   364   382    5919    (-,-) 
  acq_data_o[10]                  -       -     F     (port)         -     -     -     0    5919    (-,-) 
#---------------------------------------------------------------------------------------------------------



Path 100: VIOLATED (-469 ps) Late External Delay Assertion at pin acq_data_o[13]
           View: wc_view
          Group: clk_sys
     Startpoint: (R) u_core_u_fifo_rd_ptr_q_reg[1]/C
          Clock: (R) clk_sys
       Endpoint: (F) acq_data_o[13]
          Clock: (R) clk_sys

                     Capture       Launch     
        Clock Edge:+    6250            0     
       Src Latency:+       0            0     
       Net Latency:+       0 (I)        0 (I) 
           Arrival:=    6250            0     
                                              
      Output Delay:-     500                  
       Uncertainty:-     300                  
     Required Time:=    5450                  
      Launch Clock:-       0                  
         Data Path:-    5919                  
             Slack:=    -469                  

Exceptions/Constraints:
  output_delay             500             mptdc.sdc_line_362_137_1 

Launch clock path:
#--------------------------------------------------------------------------------------------------------
#          Timing Point           Flags   Arc   Edge   Cell     Fanout Load Trans Delay Arrival Instance 
#                                                                      (fF)  (ps)  (ps)   (ps)  Location 
#--------------------------------------------------------------------------------------------------------
  clk_sys                         (i)     -     R     (arrival)   4859  0.0     0     0       0    (-,-) 
  u_core_u_fifo_rd_ptr_q_reg[1]/C <<<     -     R     DFRSQHDX2   4859    -   150     0       0    (-,-) 
#--------------------------------------------------------------------------------------------------------

#---------------------------------------------------------------------------------------------------------
#          Timing Point           Flags   Arc   Edge   Cell     Fanout  Load Trans Delay Arrival Instance 
#                                                                       (fF)  (ps)  (ps)   (ps)  Location 
#---------------------------------------------------------------------------------------------------------
  u_core_u_fifo_rd_ptr_q_reg[1]/C -       -     R     (arrival)   4859     -   150     0       0    (-,-) 
  u_core_u_fifo_rd_ptr_q_reg[1]/Q -       C->Q  F     DFRSQHDX2      6  78.4   413  1326    1326    (-,-) 
  g1087/Q                         -       B->Q  F     AND2HDX2       1  13.8   100   520    1845    (-,-) 
  g1058/Q                         -       A->Q  F     AND2HDX2       3  52.1   186   442    2288    (-,-) 
  g1050/Q                         -       A->Q  R     INHDX4         6  61.1   185   209    2497    (-,-) 
  g985/Q                          -       B->Q  R     OR2HDX1        1  22.1   240   388    2885    (-,-) 
  g955/Q                          -       A->Q  F     INHDX2         1  28.1   152   193    3078    (-,-) 
  drc_bufs12633/Q                 -       A->Q  R     INHDX3         1 101.0   338   325    3403    (-,-) 
  drc_bufs12631/Q                 -       A->Q  F     INHDX12       44 578.1   387   448    3850    (-,-) 
  g10970/Q                        -       C->Q  R     AN22HDX1       1  11.4   466   496    4347    (-,-) 
  drc_bufs13151/Q                 -       A->Q  R     BUHDX0         1  14.6   334   455    4802    (-,-) 
  g10300/Q                        -       F->Q  R     AND6HDX2       1  22.6   351   735    5537    (-,-) 
  g10172/Q                        -       A->Q  F     NA4HDX2        2  23.8   364   382    5919    (-,-) 
  acq_data_o[13]                  -       -     F     (port)         -     -     -     0    5919    (-,-) 
#---------------------------------------------------------------------------------------------------------


