============================================================
  Generated by:           Genus(TM) Synthesis Solution 22.13-s093_1
  Generated on:           May 18 2026  07:39:05 pm
  Module:                 mptdc_top_asic
  Operating conditions:   slow_1_62V_125C 
  Interconnect mode:      global
  Area mode:              physical library
============================================================


Path 1: VIOLATED (-2699 ps) Setup Check with Pin u_core_u_fast_cnt_bin_q_reg[6]/C->D
           View: wc_view
          Group: clk_osc_fast
     Startpoint: (R) u_core_u_fast_cnt_bin_q_reg[2]/C
          Clock: (R) clk_osc_fast
       Endpoint: (R) u_core_u_fast_cnt_bin_q_reg[6]/D
          Clock: (R) clk_osc_fast

                     Capture       Launch     
        Clock Edge:+     900            0     
       Src Latency:+       0            0     
       Net Latency:+       0 (I)        0 (I) 
           Arrival:=     900            0     
                                              
             Setup:-     334                  
       Uncertainty:-      50                  
     Required Time:=     516                  
      Launch Clock:-       0                  
         Data Path:-    3215                  
             Slack:=   -2699                  

Launch clock path:
#----------------------------------------------------------------------------------------------------------
#           Timing Point            Flags   Arc   Edge   Cell     Fanout Load Trans Delay Arrival Instance 
#                                                                        (fF)  (ps)  (ps)   (ps)  Location 
#----------------------------------------------------------------------------------------------------------
  u_core_u_osc_fast_u_stub/phase[0] (i,b)   -     R     (arrival)    111  0.0     0     0       0    (-,-) 
  u_core_u_fast_cnt_bin_q_reg[2]/C  <<<     -     R     DFRRQHDX1    111    -   150     0       0    (-,-) 
#----------------------------------------------------------------------------------------------------------

#---------------------------------------------------------------------------------------------------------
#          Timing Point            Flags   Arc   Edge   Cell     Fanout Load Trans Delay Arrival Instance 
#                                                                       (fF)  (ps)  (ps)   (ps)  Location 
#---------------------------------------------------------------------------------------------------------
  u_core_u_fast_cnt_bin_q_reg[2]/C -       -     R     (arrival)    111    -   150     0       0    (-,-) 
  u_core_u_fast_cnt_bin_q_reg[2]/Q -       C->Q  F     DFRRQHDX1      1 24.1   277  1023    1023    (-,-) 
  g189607/Q                        -       A->Q  F     BUHDX4         4 88.8   190   438    1461    (-,-) 
  g189692/Q                        -       A->Q  F     AND2HDX1       4 44.2   250   510    1970    (-,-) 
  g203613/Q                        -       A->Q  F     AO31HDX1       1 13.7   166   807    2777    (-,-) 
  g169249/Q                        -       B->Q  R     AN21HDX1       1 12.3   406   438    3215    (-,-) 
  u_core_u_fast_cnt_bin_q_reg[6]/D -       -     R     DFRRQHDX1      1    -     -     0    3215    (-,-) 
#---------------------------------------------------------------------------------------------------------

Capture clock path:
#----------------------------------------------------------------------------------------------------------
#           Timing Point            Flags   Arc   Edge   Cell     Fanout Load Trans Delay Arrival Instance 
#                                                                        (fF)  (ps)  (ps)   (ps)  Location 
#----------------------------------------------------------------------------------------------------------
  u_core_u_osc_fast_u_stub/phase[0] (i,b)   -     R     (arrival)    111  0.0     0     0     900    (-,-) 
  u_core_u_fast_cnt_bin_q_reg[6]/C  <<<     -     R     DFRRQHDX1    111    -   150     0     900    (-,-) 
#----------------------------------------------------------------------------------------------------------



Path 2: VIOLATED (-2697 ps) Setup Check with Pin u_core_gen_pd_row[7].gen_pd_col[0].u_pd/nfast_hit_latched_reg[2]/C->D
           View: wc_view
          Group: clk_osc_fast
     Startpoint: (R) u_core_u_fast_cnt_bin_q_reg[2]/C
          Clock: (R) clk_osc_fast
       Endpoint: (F) u_core_gen_pd_row[7].gen_pd_col[0].u_pd/nfast_hit_latched_reg[2]/D
          Clock: (R) clk_osc_fast

                     Capture       Launch     
        Clock Edge:+     900            0     
       Src Latency:+       0            0     
       Net Latency:+       0 (I)        0 (I) 
           Arrival:=     900            0     
                                              
             Setup:-     675                  
       Uncertainty:-      50                  
     Required Time:=     175                  
      Launch Clock:-       0                  
         Data Path:-    2872                  
             Slack:=   -2697                  

Launch clock path:
#----------------------------------------------------------------------------------------------------------
#           Timing Point            Flags   Arc   Edge   Cell     Fanout Load Trans Delay Arrival Instance 
#                                                                        (fF)  (ps)  (ps)   (ps)  Location 
#----------------------------------------------------------------------------------------------------------
  u_core_u_osc_fast_u_stub/phase[0] (i,b)   -     R     (arrival)    111  0.0     0     0       0    (-,-) 
  u_core_u_fast_cnt_bin_q_reg[2]/C  <<<     -     R     DFRRQHDX1    111    -   150     0       0    (-,-) 
#----------------------------------------------------------------------------------------------------------

#-------------------------------------------------------------------------------------------------------------------------------------------
#                           Timing Point                             Flags   Arc   Edge   Cell     Fanout Load Trans Delay Arrival Instance 
#                                                                                                         (fF)  (ps)  (ps)   (ps)  Location 
#-------------------------------------------------------------------------------------------------------------------------------------------
  u_core_u_fast_cnt_bin_q_reg[2]/C                                   -       -     R     (arrival)    111    -   150     0       0    (-,-) 
  u_core_u_fast_cnt_bin_q_reg[2]/Q                                   -       C->Q  F     DFRRQHDX1      1 24.1   277  1023    1023    (-,-) 
  g189607/Q                                                          -       A->Q  F     BUHDX4         4 88.8   190   438    1461    (-,-) 
  g189601/Q                                                          -       A->Q  F     BUHDX2         3 54.2   206   420    1881    (-,-) 
  g189600/Q                                                          -       A->Q  F     BUHDX4         8 95.5   199   417    2298    (-,-) 
  u_core_gen_pd_row[7].gen_pd_col[0].u_pd/g2812__1617/Q              -       A->Q  R     NA2HDX1        1 14.2   304   297    2595    (-,-) 
  u_core_gen_pd_row[7].gen_pd_col[0].u_pd/g2806__6260/Q              -       C->Q  F     ON21HDX1       1 12.3   211   277    2872    (-,-) 
  u_core_gen_pd_row[7].gen_pd_col[0].u_pd/nfast_hit_latched_reg[2]/D -       -     F     DFRRQHDX1      1    -     -     0    2872    (-,-) 
#-------------------------------------------------------------------------------------------------------------------------------------------

Capture clock path:
#-------------------------------------------------------------------------------------------------------------------------------------------
#                           Timing Point                             Flags   Arc   Edge   Cell     Fanout Load Trans Delay Arrival Instance 
#                                                                                                         (fF)  (ps)  (ps)   (ps)  Location 
#-------------------------------------------------------------------------------------------------------------------------------------------
  u_core_u_osc_fast_u_stub/phase[0]                                  (i,b)   -     R     (arrival)    111  0.0     0     0     900    (-,-) 
  u_core_gen_pd_row[7].gen_pd_col[0].u_pd/nfast_hit_latched_reg[2]/C <<<     -     R     DFRRQHDX1    111    -   150     0     900    (-,-) 
#-------------------------------------------------------------------------------------------------------------------------------------------



Path 3: VIOLATED (-2697 ps) Setup Check with Pin u_core_gen_pd_row[5].gen_pd_col[0].u_pd/nfast_hit_latched_reg[2]/C->D
           View: wc_view
          Group: clk_osc_fast
     Startpoint: (R) u_core_u_fast_cnt_bin_q_reg[2]/C
          Clock: (R) clk_osc_fast
       Endpoint: (F) u_core_gen_pd_row[5].gen_pd_col[0].u_pd/nfast_hit_latched_reg[2]/D
          Clock: (R) clk_osc_fast

                     Capture       Launch     
        Clock Edge:+     900            0     
       Src Latency:+       0            0     
       Net Latency:+       0 (I)        0 (I) 
           Arrival:=     900            0     
                                              
             Setup:-     675                  
       Uncertainty:-      50                  
     Required Time:=     175                  
      Launch Clock:-       0                  
         Data Path:-    2872                  
             Slack:=   -2697                  

Launch clock path:
#----------------------------------------------------------------------------------------------------------
#           Timing Point            Flags   Arc   Edge   Cell     Fanout Load Trans Delay Arrival Instance 
#                                                                        (fF)  (ps)  (ps)   (ps)  Location 
#----------------------------------------------------------------------------------------------------------
  u_core_u_osc_fast_u_stub/phase[0] (i,b)   -     R     (arrival)    111  0.0     0     0       0    (-,-) 
  u_core_u_fast_cnt_bin_q_reg[2]/C  <<<     -     R     DFRRQHDX1    111    -   150     0       0    (-,-) 
#----------------------------------------------------------------------------------------------------------

#-------------------------------------------------------------------------------------------------------------------------------------------
#                           Timing Point                             Flags   Arc   Edge   Cell     Fanout Load Trans Delay Arrival Instance 
#                                                                                                         (fF)  (ps)  (ps)   (ps)  Location 
#-------------------------------------------------------------------------------------------------------------------------------------------
  u_core_u_fast_cnt_bin_q_reg[2]/C                                   -       -     R     (arrival)    111    -   150     0       0    (-,-) 
  u_core_u_fast_cnt_bin_q_reg[2]/Q                                   -       C->Q  F     DFRRQHDX1      1 24.1   277  1023    1023    (-,-) 
  g189607/Q                                                          -       A->Q  F     BUHDX4         4 88.8   190   438    1461    (-,-) 
  g189601/Q                                                          -       A->Q  F     BUHDX2         3 54.2   206   420    1881    (-,-) 
  g189600/Q                                                          -       A->Q  F     BUHDX4         8 95.5   199   417    2298    (-,-) 
  u_core_gen_pd_row[5].gen_pd_col[0].u_pd/g2812__1617/Q              -       A->Q  R     NA2HDX1        1 14.2   303   297    2595    (-,-) 
  u_core_gen_pd_row[5].gen_pd_col[0].u_pd/g2806__6260/Q              -       C->Q  F     ON21HDX1       1 12.3   210   277    2872    (-,-) 
  u_core_gen_pd_row[5].gen_pd_col[0].u_pd/nfast_hit_latched_reg[2]/D -       -     F     DFRRQHDX1      1    -     -     0    2872    (-,-) 
#-------------------------------------------------------------------------------------------------------------------------------------------

Capture clock path:
#-------------------------------------------------------------------------------------------------------------------------------------------
#                           Timing Point                             Flags   Arc   Edge   Cell     Fanout Load Trans Delay Arrival Instance 
#                                                                                                         (fF)  (ps)  (ps)   (ps)  Location 
#-------------------------------------------------------------------------------------------------------------------------------------------
  u_core_u_osc_fast_u_stub/phase[0]                                  (i,b)   -     R     (arrival)    111  0.0     0     0     900    (-,-) 
  u_core_gen_pd_row[5].gen_pd_col[0].u_pd/nfast_hit_latched_reg[2]/C <<<     -     R     DFRRQHDX1    111    -   150     0     900    (-,-) 
#-------------------------------------------------------------------------------------------------------------------------------------------



Path 4: VIOLATED (-2697 ps) Setup Check with Pin u_core_gen_pd_row[4].gen_pd_col[0].u_pd/nfast_hit_latched_reg[2]/C->D
           View: wc_view
          Group: clk_osc_fast
     Startpoint: (R) u_core_u_fast_cnt_bin_q_reg[2]/C
          Clock: (R) clk_osc_fast
       Endpoint: (F) u_core_gen_pd_row[4].gen_pd_col[0].u_pd/nfast_hit_latched_reg[2]/D
          Clock: (R) clk_osc_fast

                     Capture       Launch     
        Clock Edge:+     900            0     
       Src Latency:+       0            0     
       Net Latency:+       0 (I)        0 (I) 
           Arrival:=     900            0     
                                              
             Setup:-     675                  
       Uncertainty:-      50                  
     Required Time:=     175                  
      Launch Clock:-       0                  
         Data Path:-    2872                  
             Slack:=   -2697                  

Launch clock path:
#----------------------------------------------------------------------------------------------------------
#           Timing Point            Flags   Arc   Edge   Cell     Fanout Load Trans Delay Arrival Instance 
#                                                                        (fF)  (ps)  (ps)   (ps)  Location 
#----------------------------------------------------------------------------------------------------------
  u_core_u_osc_fast_u_stub/phase[0] (i,b)   -     R     (arrival)    111  0.0     0     0       0    (-,-) 
  u_core_u_fast_cnt_bin_q_reg[2]/C  <<<     -     R     DFRRQHDX1    111    -   150     0       0    (-,-) 
#----------------------------------------------------------------------------------------------------------

#-------------------------------------------------------------------------------------------------------------------------------------------
#                           Timing Point                             Flags   Arc   Edge   Cell     Fanout Load Trans Delay Arrival Instance 
#                                                                                                         (fF)  (ps)  (ps)   (ps)  Location 
#-------------------------------------------------------------------------------------------------------------------------------------------
  u_core_u_fast_cnt_bin_q_reg[2]/C                                   -       -     R     (arrival)    111    -   150     0       0    (-,-) 
  u_core_u_fast_cnt_bin_q_reg[2]/Q                                   -       C->Q  F     DFRRQHDX1      1 24.1   277  1023    1023    (-,-) 
  g189607/Q                                                          -       A->Q  F     BUHDX4         4 88.8   190   438    1461    (-,-) 
  g189601/Q                                                          -       A->Q  F     BUHDX2         3 54.2   206   420    1881    (-,-) 
  g189600/Q                                                          -       A->Q  F     BUHDX4         8 95.5   199   417    2298    (-,-) 
  u_core_gen_pd_row[4].gen_pd_col[0].u_pd/g2812__1617/Q              -       A->Q  R     NA2HDX1        1 14.2   303   297    2595    (-,-) 
  u_core_gen_pd_row[4].gen_pd_col[0].u_pd/g2806__6260/Q              -       C->Q  F     ON21HDX1       1 12.3   210   277    2872    (-,-) 
  u_core_gen_pd_row[4].gen_pd_col[0].u_pd/nfast_hit_latched_reg[2]/D -       -     F     DFRRQHDX1      1    -     -     0    2872    (-,-) 
#-------------------------------------------------------------------------------------------------------------------------------------------

Capture clock path:
#-------------------------------------------------------------------------------------------------------------------------------------------
#                           Timing Point                             Flags   Arc   Edge   Cell     Fanout Load Trans Delay Arrival Instance 
#                                                                                                         (fF)  (ps)  (ps)   (ps)  Location 
#-------------------------------------------------------------------------------------------------------------------------------------------
  u_core_u_osc_fast_u_stub/phase[0]                                  (i,b)   -     R     (arrival)    111  0.0     0     0     900    (-,-) 
  u_core_gen_pd_row[4].gen_pd_col[0].u_pd/nfast_hit_latched_reg[2]/C <<<     -     R     DFRRQHDX1    111    -   150     0     900    (-,-) 
#-------------------------------------------------------------------------------------------------------------------------------------------



Path 5: VIOLATED (-2690 ps) Setup Check with Pin u_core_u_slow_cnt_dst_count_latched_reg[0]/C->D
           View: wc_view
          Group: clk_osc_fast
     Startpoint: (R) u_core_u_slow_cnt_gray_snap_ff2_async_reg[5]/C
          Clock: (R) clk_osc_fast
       Endpoint: (F) u_core_u_slow_cnt_dst_count_latched_reg[0]/D
          Clock: (R) clk_osc_fast

                     Capture       Launch     
        Clock Edge:+     900            0     
       Src Latency:+       0            0     
       Net Latency:+       0 (I)        0 (I) 
           Arrival:=     900            0     
                                              
             Setup:-     636                  
       Uncertainty:-      50                  
     Required Time:=     214                  
      Launch Clock:-       0                  
         Data Path:-    2904                  
             Slack:=   -2690                  

Launch clock path:
#-----------------------------------------------------------------------------------------------------------------------
#                 Timing Point                   Flags   Arc   Edge   Cell     Fanout Load Trans Delay Arrival Instance 
#                                                                                     (fF)  (ps)  (ps)   (ps)  Location 
#-----------------------------------------------------------------------------------------------------------------------
  u_core_u_osc_fast_u_stub/phase[0]              (i,b)   -     R     (arrival)    111  0.0     0     0       0    (-,-) 
  u_core_u_slow_cnt_gray_snap_ff2_async_reg[5]/C <<<     -     R     DFRRQHDX1    111    -   150     0       0    (-,-) 
#-----------------------------------------------------------------------------------------------------------------------

#-----------------------------------------------------------------------------------------------------------------------
#                 Timing Point                   Flags   Arc   Edge   Cell     Fanout Load Trans Delay Arrival Instance 
#                                                                                     (fF)  (ps)  (ps)   (ps)  Location 
#-----------------------------------------------------------------------------------------------------------------------
  u_core_u_slow_cnt_gray_snap_ff2_async_reg[5]/C -       -     R     (arrival)    111    -   150     0       0    (-,-) 
  u_core_u_slow_cnt_gray_snap_ff2_async_reg[5]/Q -       C->Q  F     DFRRQHDX1      2 29.0   303  1060    1060    (-,-) 
  g189720/Q                                      -       A->Q  F     EO2HDX2        5 58.5   182   969    2029    (-,-) 
  g85112/Q                                       -       B->Q  F     EN3HDX1        1 12.2   192   875    2904    (-,-) 
  u_core_u_slow_cnt_dst_count_latched_reg[0]/D   -       -     F     DFRRQHDX4      1    -     -     0    2904    (-,-) 
#-----------------------------------------------------------------------------------------------------------------------

Capture clock path:
#---------------------------------------------------------------------------------------------------------------------
#                Timing Point                  Flags   Arc   Edge   Cell     Fanout Load Trans Delay Arrival Instance 
#                                                                                   (fF)  (ps)  (ps)   (ps)  Location 
#---------------------------------------------------------------------------------------------------------------------
  u_core_u_osc_fast_u_stub/phase[0]            (i,b)   -     R     (arrival)    111  0.0     0     0     900    (-,-) 
  u_core_u_slow_cnt_dst_count_latched_reg[0]/C <<<     -     R     DFRRQHDX4    111    -   150     0     900    (-,-) 
#---------------------------------------------------------------------------------------------------------------------



Path 6: VIOLATED (-2689 ps) Setup Check with Pin u_core_u_fast_cnt_bin_q_reg[5]/C->D
           View: wc_view
          Group: clk_osc_fast
     Startpoint: (R) u_core_u_fast_cnt_bin_q_reg[0]/C
          Clock: (R) clk_osc_fast
       Endpoint: (F) u_core_u_fast_cnt_bin_q_reg[5]/D
          Clock: (R) clk_osc_fast

                     Capture       Launch     
        Clock Edge:+     900            0     
       Src Latency:+       0            0     
       Net Latency:+       0 (I)        0 (I) 
           Arrival:=     900            0     
                                              
             Setup:-     688                  
       Uncertainty:-      50                  
     Required Time:=     162                  
      Launch Clock:-       0                  
         Data Path:-    2851                  
             Slack:=   -2689                  

Launch clock path:
#----------------------------------------------------------------------------------------------------------
#           Timing Point            Flags   Arc   Edge   Cell     Fanout Load Trans Delay Arrival Instance 
#                                                                        (fF)  (ps)  (ps)   (ps)  Location 
#----------------------------------------------------------------------------------------------------------
  u_core_u_osc_fast_u_stub/phase[0] (i,b)   -     R     (arrival)    111  0.0     0     0       0    (-,-) 
  u_core_u_fast_cnt_bin_q_reg[0]/C  <<<     -     R     DFRRQHDX1    111    -   150     0       0    (-,-) 
#----------------------------------------------------------------------------------------------------------

#----------------------------------------------------------------------------------------------------------
#          Timing Point            Flags   Arc   Edge   Cell     Fanout  Load Trans Delay Arrival Instance 
#                                                                        (fF)  (ps)  (ps)   (ps)  Location 
#----------------------------------------------------------------------------------------------------------
  u_core_u_fast_cnt_bin_q_reg[0]/C -       -     R     (arrival)    111     -   150     0       0    (-,-) 
  u_core_u_fast_cnt_bin_q_reg[0]/Q -       C->Q  R     DFRRQHDX1      1  31.4   358  1008    1008    (-,-) 
  drc189663/Q                      -       A->Q  R     BUHDX6         5 123.9   219   377    1385    (-,-) 
  g189684/Q                        -       B->Q  F     NA3HDX1        2  25.1   406   409    1794    (-,-) 
  g169259/Q                        -       A->Q  R     INHDX0         1  11.8   322   401    2194    (-,-) 
  g189660/Q                        -       B->Q  R     OR2HDX1        1  14.2   175   381    2575    (-,-) 
  g189658/Q                        -       B->Q  F     NA3HDX1        1  12.3   258   275    2850    (-,-) 
  u_core_u_fast_cnt_bin_q_reg[5]/D -       -     F     DFRRQHDX1      1     -     -     0    2851    (-,-) 
#----------------------------------------------------------------------------------------------------------

Capture clock path:
#----------------------------------------------------------------------------------------------------------
#           Timing Point            Flags   Arc   Edge   Cell     Fanout Load Trans Delay Arrival Instance 
#                                                                        (fF)  (ps)  (ps)   (ps)  Location 
#----------------------------------------------------------------------------------------------------------
  u_core_u_osc_fast_u_stub/phase[0] (i,b)   -     R     (arrival)    111  0.0     0     0     900    (-,-) 
  u_core_u_fast_cnt_bin_q_reg[5]/C  <<<     -     R     DFRRQHDX1    111    -   150     0     900    (-,-) 
#----------------------------------------------------------------------------------------------------------



Path 7: VIOLATED (-2683 ps) Setup Check with Pin u_core_gen_pd_row[3].gen_pd_col[0].u_pd/nfast_hit_latched_reg[5]/C->D
           View: wc_view
          Group: clk_osc_fast
     Startpoint: (R) u_core_u_fast_cnt_bin_q_reg[5]/C
          Clock: (R) clk_osc_fast
       Endpoint: (F) u_core_gen_pd_row[3].gen_pd_col[0].u_pd/nfast_hit_latched_reg[5]/D
          Clock: (R) clk_osc_fast

                     Capture       Launch     
        Clock Edge:+     900            0     
       Src Latency:+       0            0     
       Net Latency:+       0 (I)        0 (I) 
           Arrival:=     900            0     
                                              
             Setup:-     664                  
       Uncertainty:-      50                  
     Required Time:=     186                  
      Launch Clock:-       0                  
         Data Path:-    2869                  
             Slack:=   -2683                  

Launch clock path:
#----------------------------------------------------------------------------------------------------------
#           Timing Point            Flags   Arc   Edge   Cell     Fanout Load Trans Delay Arrival Instance 
#                                                                        (fF)  (ps)  (ps)   (ps)  Location 
#----------------------------------------------------------------------------------------------------------
  u_core_u_osc_fast_u_stub/phase[0] (i,b)   -     R     (arrival)    111  0.0     0     0       0    (-,-) 
  u_core_u_fast_cnt_bin_q_reg[5]/C  <<<     -     R     DFRRQHDX1    111    -   150     0       0    (-,-) 
#----------------------------------------------------------------------------------------------------------

#--------------------------------------------------------------------------------------------------------------------------------------------
#                           Timing Point                             Flags   Arc   Edge   Cell     Fanout  Load Trans Delay Arrival Instance 
#                                                                                                          (fF)  (ps)  (ps)   (ps)  Location 
#--------------------------------------------------------------------------------------------------------------------------------------------
  u_core_u_fast_cnt_bin_q_reg[5]/C                                   -       -     R     (arrival)    111     -   150     0       0    (-,-) 
  u_core_u_fast_cnt_bin_q_reg[5]/Q                                   -       C->Q  F     DFRRQHDX1      3  75.4   485  1291    1291    (-,-) 
  g169212/Q                                                          -       A->Q  F     BUHDX12       59 570.1   359   651    1942    (-,-) 
  g71276/Q                                                           -       A->Q  F     BUHDX6         8  89.1   147   422    2364    (-,-) 
  u_core_gen_pd_row[3].gen_pd_col[0].u_pd/g25/Q                      -       B->Q  F     NA22HDX0       1  12.2   295   505    2869    (-,-) 
  u_core_gen_pd_row[3].gen_pd_col[0].u_pd/nfast_hit_latched_reg[5]/D -       -     F     DFRRQHDX4      1     -     -     0    2869    (-,-) 
#--------------------------------------------------------------------------------------------------------------------------------------------

Capture clock path:
#-------------------------------------------------------------------------------------------------------------------------------------------
#                           Timing Point                             Flags   Arc   Edge   Cell     Fanout Load Trans Delay Arrival Instance 
#                                                                                                         (fF)  (ps)  (ps)   (ps)  Location 
#-------------------------------------------------------------------------------------------------------------------------------------------
  u_core_u_osc_fast_u_stub/phase[0]                                  (i,b)   -     R     (arrival)    111  0.0     0     0     900    (-,-) 
  u_core_gen_pd_row[3].gen_pd_col[0].u_pd/nfast_hit_latched_reg[5]/C <<<     -     R     DFRRQHDX4    111    -   150     0     900    (-,-) 
#-------------------------------------------------------------------------------------------------------------------------------------------



Path 8: VIOLATED (-2677 ps) Setup Check with Pin u_core_gen_pd_row[1].gen_pd_col[0].u_pd/nfast_hit_latched_reg[6]/C->D
           View: wc_view
          Group: clk_osc_fast
     Startpoint: (R) u_core_u_fast_cnt_bin_q_reg[6]/C
          Clock: (R) clk_osc_fast
       Endpoint: (F) u_core_gen_pd_row[1].gen_pd_col[0].u_pd/nfast_hit_latched_reg[6]/D
          Clock: (R) clk_osc_fast

                     Capture       Launch     
        Clock Edge:+     900            0     
       Src Latency:+       0            0     
       Net Latency:+       0 (I)        0 (I) 
           Arrival:=     900            0     
                                              
             Setup:-     674                  
       Uncertainty:-      50                  
     Required Time:=     176                  
      Launch Clock:-       0                  
         Data Path:-    2852                  
             Slack:=   -2677                  

Launch clock path:
#----------------------------------------------------------------------------------------------------------
#           Timing Point            Flags   Arc   Edge   Cell     Fanout Load Trans Delay Arrival Instance 
#                                                                        (fF)  (ps)  (ps)   (ps)  Location 
#----------------------------------------------------------------------------------------------------------
  u_core_u_osc_fast_u_stub/phase[0] (i,b)   -     R     (arrival)    111  0.0     0     0       0    (-,-) 
  u_core_u_fast_cnt_bin_q_reg[6]/C  <<<     -     R     DFRRQHDX1    111    -   150     0       0    (-,-) 
#----------------------------------------------------------------------------------------------------------

#--------------------------------------------------------------------------------------------------------------------------------------------
#                           Timing Point                             Flags   Arc   Edge   Cell     Fanout  Load Trans Delay Arrival Instance 
#                                                                                                          (fF)  (ps)  (ps)   (ps)  Location 
#--------------------------------------------------------------------------------------------------------------------------------------------
  u_core_u_fast_cnt_bin_q_reg[6]/C                                   -       -     R     (arrival)    111     -   150     0       0    (-,-) 
  u_core_u_fast_cnt_bin_q_reg[6]/Q                                   -       C->Q  F     DFRRQHDX1      1  59.6   425  1223    1223    (-,-) 
  g71273/Q                                                           -       A->Q  F     BUHDX12       60 572.8   360   631    1854    (-,-) 
  g71272/Q                                                           -       A->Q  F     BUHDX6         8  86.1   144   420    2274    (-,-) 
  u_core_gen_pd_row[1].gen_pd_col[0].u_pd/g2815__5122/Q              -       B->Q  R     NA2HDX1        1  14.2   286   306    2580    (-,-) 
  u_core_gen_pd_row[1].gen_pd_col[0].u_pd/g2810__6783/Q              -       C->Q  F     ON21HDX1       1  12.3   210   272    2852    (-,-) 
  u_core_gen_pd_row[1].gen_pd_col[0].u_pd/nfast_hit_latched_reg[6]/D -       -     F     DFRRQHDX1      1     -     -     0    2852    (-,-) 
#--------------------------------------------------------------------------------------------------------------------------------------------

Capture clock path:
#-------------------------------------------------------------------------------------------------------------------------------------------
#                           Timing Point                             Flags   Arc   Edge   Cell     Fanout Load Trans Delay Arrival Instance 
#                                                                                                         (fF)  (ps)  (ps)   (ps)  Location 
#-------------------------------------------------------------------------------------------------------------------------------------------
  u_core_u_osc_fast_u_stub/phase[0]                                  (i,b)   -     R     (arrival)    111  0.0     0     0     900    (-,-) 
  u_core_gen_pd_row[1].gen_pd_col[0].u_pd/nfast_hit_latched_reg[6]/C <<<     -     R     DFRRQHDX1    111    -   150     0     900    (-,-) 
#-------------------------------------------------------------------------------------------------------------------------------------------



Path 9: VIOLATED (-2676 ps) Setup Check with Pin u_core_gen_pd_row[5].gen_pd_col[0].u_pd/nfast_hit_latched_reg[6]/C->D
           View: wc_view
          Group: clk_osc_fast
     Startpoint: (R) u_core_u_fast_cnt_bin_q_reg[6]/C
          Clock: (R) clk_osc_fast
       Endpoint: (F) u_core_gen_pd_row[5].gen_pd_col[0].u_pd/nfast_hit_latched_reg[6]/D
          Clock: (R) clk_osc_fast

                     Capture       Launch     
        Clock Edge:+     900            0     
       Src Latency:+       0            0     
       Net Latency:+       0 (I)        0 (I) 
           Arrival:=     900            0     
                                              
             Setup:-     674                  
       Uncertainty:-      50                  
     Required Time:=     176                  
      Launch Clock:-       0                  
         Data Path:-    2852                  
             Slack:=   -2676                  

Launch clock path:
#----------------------------------------------------------------------------------------------------------
#           Timing Point            Flags   Arc   Edge   Cell     Fanout Load Trans Delay Arrival Instance 
#                                                                        (fF)  (ps)  (ps)   (ps)  Location 
#----------------------------------------------------------------------------------------------------------
  u_core_u_osc_fast_u_stub/phase[0] (i,b)   -     R     (arrival)    111  0.0     0     0       0    (-,-) 
  u_core_u_fast_cnt_bin_q_reg[6]/C  <<<     -     R     DFRRQHDX1    111    -   150     0       0    (-,-) 
#----------------------------------------------------------------------------------------------------------

#--------------------------------------------------------------------------------------------------------------------------------------------
#                           Timing Point                             Flags   Arc   Edge   Cell     Fanout  Load Trans Delay Arrival Instance 
#                                                                                                          (fF)  (ps)  (ps)   (ps)  Location 
#--------------------------------------------------------------------------------------------------------------------------------------------
  u_core_u_fast_cnt_bin_q_reg[6]/C                                   -       -     R     (arrival)    111     -   150     0       0    (-,-) 
  u_core_u_fast_cnt_bin_q_reg[6]/Q                                   -       C->Q  F     DFRRQHDX1      1  59.6   425  1223    1223    (-,-) 
  g71273/Q                                                           -       A->Q  F     BUHDX12       60 572.8   360   631    1854    (-,-) 
  g71272/Q                                                           -       A->Q  F     BUHDX6         8  86.1   144   420    2274    (-,-) 
  u_core_gen_pd_row[5].gen_pd_col[0].u_pd/g2815__5122/Q              -       B->Q  R     NA2HDX1        1  14.2   286   306    2580    (-,-) 
  u_core_gen_pd_row[5].gen_pd_col[0].u_pd/g2810__6783/Q              -       C->Q  F     ON21HDX1       1  12.3   207   272    2852    (-,-) 
  u_core_gen_pd_row[5].gen_pd_col[0].u_pd/nfast_hit_latched_reg[6]/D -       -     F     DFRRQHDX1      1     -     -     0    2852    (-,-) 
#--------------------------------------------------------------------------------------------------------------------------------------------

Capture clock path:
#-------------------------------------------------------------------------------------------------------------------------------------------
#                           Timing Point                             Flags   Arc   Edge   Cell     Fanout Load Trans Delay Arrival Instance 
#                                                                                                         (fF)  (ps)  (ps)   (ps)  Location 
#-------------------------------------------------------------------------------------------------------------------------------------------
  u_core_u_osc_fast_u_stub/phase[0]                                  (i,b)   -     R     (arrival)    111  0.0     0     0     900    (-,-) 
  u_core_gen_pd_row[5].gen_pd_col[0].u_pd/nfast_hit_latched_reg[6]/C <<<     -     R     DFRRQHDX1    111    -   150     0     900    (-,-) 
#-------------------------------------------------------------------------------------------------------------------------------------------



Path 10: VIOLATED (-2647 ps) Setup Check with Pin u_core_gen_pd_row[7].gen_pd_col[0].u_pd/nfast_hit_latched_reg[6]/C->D
           View: wc_view
          Group: clk_osc_fast
     Startpoint: (R) u_core_u_fast_cnt_bin_q_reg[6]/C
          Clock: (R) clk_osc_fast
       Endpoint: (F) u_core_gen_pd_row[7].gen_pd_col[0].u_pd/nfast_hit_latched_reg[6]/D
          Clock: (R) clk_osc_fast

                     Capture       Launch     
        Clock Edge:+     900            0     
       Src Latency:+       0            0     
       Net Latency:+       0 (I)        0 (I) 
           Arrival:=     900            0     
                                              
             Setup:-     675                  
       Uncertainty:-      50                  
     Required Time:=     175                  
      Launch Clock:-       0                  
         Data Path:-    2823                  
             Slack:=   -2647                  

Launch clock path:
#----------------------------------------------------------------------------------------------------------
#           Timing Point            Flags   Arc   Edge   Cell     Fanout Load Trans Delay Arrival Instance 
#                                                                        (fF)  (ps)  (ps)   (ps)  Location 
#----------------------------------------------------------------------------------------------------------
  u_core_u_osc_fast_u_stub/phase[0] (i,b)   -     R     (arrival)    111  0.0     0     0       0    (-,-) 
  u_core_u_fast_cnt_bin_q_reg[6]/C  <<<     -     R     DFRRQHDX1    111    -   150     0       0    (-,-) 
#----------------------------------------------------------------------------------------------------------

#--------------------------------------------------------------------------------------------------------------------------------------------
#                           Timing Point                             Flags   Arc   Edge   Cell     Fanout  Load Trans Delay Arrival Instance 
#                                                                                                          (fF)  (ps)  (ps)   (ps)  Location 
#--------------------------------------------------------------------------------------------------------------------------------------------
  u_core_u_fast_cnt_bin_q_reg[6]/C                                   -       -     R     (arrival)    111     -   150     0       0    (-,-) 
  u_core_u_fast_cnt_bin_q_reg[6]/Q                                   -       C->Q  F     DFRRQHDX1      1  59.6   425  1223    1223    (-,-) 
  g71273/Q                                                           -       A->Q  F     BUHDX12       60 572.8   360   631    1854    (-,-) 
  g71272/Q                                                           -       A->Q  F     BUHDX6         8  86.1   144   420    2274    (-,-) 
  u_core_gen_pd_row[7].gen_pd_col[0].u_pd/g6/Q                       -       A->Q  R     NA2HDX1        1  14.2   304   272    2545    (-,-) 
  u_core_gen_pd_row[7].gen_pd_col[0].u_pd/g2810__6783/Q              -       C->Q  F     ON21HDX1       1  12.3   211   277    2822    (-,-) 
  u_core_gen_pd_row[7].gen_pd_col[0].u_pd/nfast_hit_latched_reg[6]/D -       -     F     DFRRQHDX1      1     -     -     0    2823    (-,-) 
#--------------------------------------------------------------------------------------------------------------------------------------------

Capture clock path:
#-------------------------------------------------------------------------------------------------------------------------------------------
#                           Timing Point                             Flags   Arc   Edge   Cell     Fanout Load Trans Delay Arrival Instance 
#                                                                                                         (fF)  (ps)  (ps)   (ps)  Location 
#-------------------------------------------------------------------------------------------------------------------------------------------
  u_core_u_osc_fast_u_stub/phase[0]                                  (i,b)   -     R     (arrival)    111  0.0     0     0     900    (-,-) 
  u_core_gen_pd_row[7].gen_pd_col[0].u_pd/nfast_hit_latched_reg[6]/C <<<     -     R     DFRRQHDX1    111    -   150     0     900    (-,-) 
#-------------------------------------------------------------------------------------------------------------------------------------------



Path 11: VIOLATED (-2647 ps) Setup Check with Pin u_core_gen_pd_row[0].gen_pd_col[0].u_pd/nfast_hit_latched_reg[6]/C->D
           View: wc_view
          Group: clk_osc_fast
     Startpoint: (R) u_core_u_fast_cnt_bin_q_reg[6]/C
          Clock: (R) clk_osc_fast
       Endpoint: (F) u_core_gen_pd_row[0].gen_pd_col[0].u_pd/nfast_hit_latched_reg[6]/D
          Clock: (R) clk_osc_fast

                     Capture       Launch     
        Clock Edge:+     900            0     
       Src Latency:+       0            0     
       Net Latency:+       0 (I)        0 (I) 
           Arrival:=     900            0     
                                              
             Setup:-     675                  
       Uncertainty:-      50                  
     Required Time:=     175                  
      Launch Clock:-       0                  
         Data Path:-    2822                  
             Slack:=   -2647                  

Launch clock path:
#----------------------------------------------------------------------------------------------------------
#           Timing Point            Flags   Arc   Edge   Cell     Fanout Load Trans Delay Arrival Instance 
#                                                                        (fF)  (ps)  (ps)   (ps)  Location 
#----------------------------------------------------------------------------------------------------------
  u_core_u_osc_fast_u_stub/phase[0] (i,b)   -     R     (arrival)    111  0.0     0     0       0    (-,-) 
  u_core_u_fast_cnt_bin_q_reg[6]/C  <<<     -     R     DFRRQHDX1    111    -   150     0       0    (-,-) 
#----------------------------------------------------------------------------------------------------------

#--------------------------------------------------------------------------------------------------------------------------------------------
#                           Timing Point                             Flags   Arc   Edge   Cell     Fanout  Load Trans Delay Arrival Instance 
#                                                                                                          (fF)  (ps)  (ps)   (ps)  Location 
#--------------------------------------------------------------------------------------------------------------------------------------------
  u_core_u_fast_cnt_bin_q_reg[6]/C                                   -       -     R     (arrival)    111     -   150     0       0    (-,-) 
  u_core_u_fast_cnt_bin_q_reg[6]/Q                                   -       C->Q  F     DFRRQHDX1      1  59.6   425  1223    1223    (-,-) 
  g71273/Q                                                           -       A->Q  F     BUHDX12       60 572.8   360   631    1854    (-,-) 
  g71272/Q                                                           -       A->Q  F     BUHDX6         8  86.1   144   420    2274    (-,-) 
  u_core_gen_pd_row[0].gen_pd_col[0].u_pd/g2815__5122/Q              -       A->Q  R     NA2HDX1        1  14.2   304   272    2545    (-,-) 
  u_core_gen_pd_row[0].gen_pd_col[0].u_pd/g2810__6783/Q              -       C->Q  F     ON21HDX1       1  12.3   210   277    2822    (-,-) 
  u_core_gen_pd_row[0].gen_pd_col[0].u_pd/nfast_hit_latched_reg[6]/D -       -     F     DFRRQHDX1      1     -     -     0    2822    (-,-) 
#--------------------------------------------------------------------------------------------------------------------------------------------

Capture clock path:
#-------------------------------------------------------------------------------------------------------------------------------------------
#                           Timing Point                             Flags   Arc   Edge   Cell     Fanout Load Trans Delay Arrival Instance 
#                                                                                                         (fF)  (ps)  (ps)   (ps)  Location 
#-------------------------------------------------------------------------------------------------------------------------------------------
  u_core_u_osc_fast_u_stub/phase[0]                                  (i,b)   -     R     (arrival)    111  0.0     0     0     900    (-,-) 
  u_core_gen_pd_row[0].gen_pd_col[0].u_pd/nfast_hit_latched_reg[6]/C <<<     -     R     DFRRQHDX1    111    -   150     0     900    (-,-) 
#-------------------------------------------------------------------------------------------------------------------------------------------



Path 12: VIOLATED (-2647 ps) Setup Check with Pin u_core_gen_pd_row[6].gen_pd_col[0].u_pd/nfast_hit_latched_reg[6]/C->D
           View: wc_view
          Group: clk_osc_fast
     Startpoint: (R) u_core_u_fast_cnt_bin_q_reg[6]/C
          Clock: (R) clk_osc_fast
       Endpoint: (F) u_core_gen_pd_row[6].gen_pd_col[0].u_pd/nfast_hit_latched_reg[6]/D
          Clock: (R) clk_osc_fast

                     Capture       Launch     
        Clock Edge:+     900            0     
       Src Latency:+       0            0     
       Net Latency:+       0 (I)        0 (I) 
           Arrival:=     900            0     
                                              
             Setup:-     675                  
       Uncertainty:-      50                  
     Required Time:=     175                  
      Launch Clock:-       0                  
         Data Path:-    2822                  
             Slack:=   -2647                  

Launch clock path:
#----------------------------------------------------------------------------------------------------------
#           Timing Point            Flags   Arc   Edge   Cell     Fanout Load Trans Delay Arrival Instance 
#                                                                        (fF)  (ps)  (ps)   (ps)  Location 
#----------------------------------------------------------------------------------------------------------
  u_core_u_osc_fast_u_stub/phase[0] (i,b)   -     R     (arrival)    111  0.0     0     0       0    (-,-) 
  u_core_u_fast_cnt_bin_q_reg[6]/C  <<<     -     R     DFRRQHDX1    111    -   150     0       0    (-,-) 
#----------------------------------------------------------------------------------------------------------

#--------------------------------------------------------------------------------------------------------------------------------------------
#                           Timing Point                             Flags   Arc   Edge   Cell     Fanout  Load Trans Delay Arrival Instance 
#                                                                                                          (fF)  (ps)  (ps)   (ps)  Location 
#--------------------------------------------------------------------------------------------------------------------------------------------
  u_core_u_fast_cnt_bin_q_reg[6]/C                                   -       -     R     (arrival)    111     -   150     0       0    (-,-) 
  u_core_u_fast_cnt_bin_q_reg[6]/Q                                   -       C->Q  F     DFRRQHDX1      1  59.6   425  1223    1223    (-,-) 
  g71273/Q                                                           -       A->Q  F     BUHDX12       60 572.8   360   631    1854    (-,-) 
  g71272/Q                                                           -       A->Q  F     BUHDX6         8  86.1   144   420    2274    (-,-) 
  u_core_gen_pd_row[6].gen_pd_col[0].u_pd/g2815__5122/Q              -       A->Q  R     NA2HDX1        1  14.2   303   272    2545    (-,-) 
  u_core_gen_pd_row[6].gen_pd_col[0].u_pd/g2810__6783/Q              -       C->Q  F     ON21HDX1       1  12.3   210   277    2822    (-,-) 
  u_core_gen_pd_row[6].gen_pd_col[0].u_pd/nfast_hit_latched_reg[6]/D -       -     F     DFRRQHDX1      1     -     -     0    2822    (-,-) 
#--------------------------------------------------------------------------------------------------------------------------------------------

Capture clock path:
#-------------------------------------------------------------------------------------------------------------------------------------------
#                           Timing Point                             Flags   Arc   Edge   Cell     Fanout Load Trans Delay Arrival Instance 
#                                                                                                         (fF)  (ps)  (ps)   (ps)  Location 
#-------------------------------------------------------------------------------------------------------------------------------------------
  u_core_u_osc_fast_u_stub/phase[0]                                  (i,b)   -     R     (arrival)    111  0.0     0     0     900    (-,-) 
  u_core_gen_pd_row[6].gen_pd_col[0].u_pd/nfast_hit_latched_reg[6]/C <<<     -     R     DFRRQHDX1    111    -   150     0     900    (-,-) 
#-------------------------------------------------------------------------------------------------------------------------------------------



Path 13: VIOLATED (-2647 ps) Setup Check with Pin u_core_gen_pd_row[4].gen_pd_col[0].u_pd/nfast_hit_latched_reg[6]/C->D
           View: wc_view
          Group: clk_osc_fast
     Startpoint: (R) u_core_u_fast_cnt_bin_q_reg[6]/C
          Clock: (R) clk_osc_fast
       Endpoint: (F) u_core_gen_pd_row[4].gen_pd_col[0].u_pd/nfast_hit_latched_reg[6]/D
          Clock: (R) clk_osc_fast

                     Capture       Launch     
        Clock Edge:+     900            0     
       Src Latency:+       0            0     
       Net Latency:+       0 (I)        0 (I) 
           Arrival:=     900            0     
                                              
             Setup:-     675                  
       Uncertainty:-      50                  
     Required Time:=     175                  
      Launch Clock:-       0                  
         Data Path:-    2822                  
             Slack:=   -2647                  

Launch clock path:
#----------------------------------------------------------------------------------------------------------
#           Timing Point            Flags   Arc   Edge   Cell     Fanout Load Trans Delay Arrival Instance 
#                                                                        (fF)  (ps)  (ps)   (ps)  Location 
#----------------------------------------------------------------------------------------------------------
  u_core_u_osc_fast_u_stub/phase[0] (i,b)   -     R     (arrival)    111  0.0     0     0       0    (-,-) 
  u_core_u_fast_cnt_bin_q_reg[6]/C  <<<     -     R     DFRRQHDX1    111    -   150     0       0    (-,-) 
#----------------------------------------------------------------------------------------------------------

#--------------------------------------------------------------------------------------------------------------------------------------------
#                           Timing Point                             Flags   Arc   Edge   Cell     Fanout  Load Trans Delay Arrival Instance 
#                                                                                                          (fF)  (ps)  (ps)   (ps)  Location 
#--------------------------------------------------------------------------------------------------------------------------------------------
  u_core_u_fast_cnt_bin_q_reg[6]/C                                   -       -     R     (arrival)    111     -   150     0       0    (-,-) 
  u_core_u_fast_cnt_bin_q_reg[6]/Q                                   -       C->Q  F     DFRRQHDX1      1  59.6   425  1223    1223    (-,-) 
  g71273/Q                                                           -       A->Q  F     BUHDX12       60 572.8   360   631    1854    (-,-) 
  g71272/Q                                                           -       A->Q  F     BUHDX6         8  86.1   144   420    2274    (-,-) 
  u_core_gen_pd_row[4].gen_pd_col[0].u_pd/g2815__5122/Q              -       A->Q  R     NA2HDX1        1  14.2   303   272    2545    (-,-) 
  u_core_gen_pd_row[4].gen_pd_col[0].u_pd/g2810__6783/Q              -       C->Q  F     ON21HDX1       1  12.3   210   277    2822    (-,-) 
  u_core_gen_pd_row[4].gen_pd_col[0].u_pd/nfast_hit_latched_reg[6]/D -       -     F     DFRRQHDX1      1     -     -     0    2822    (-,-) 
#--------------------------------------------------------------------------------------------------------------------------------------------

Capture clock path:
#-------------------------------------------------------------------------------------------------------------------------------------------
#                           Timing Point                             Flags   Arc   Edge   Cell     Fanout Load Trans Delay Arrival Instance 
#                                                                                                         (fF)  (ps)  (ps)   (ps)  Location 
#-------------------------------------------------------------------------------------------------------------------------------------------
  u_core_u_osc_fast_u_stub/phase[0]                                  (i,b)   -     R     (arrival)    111  0.0     0     0     900    (-,-) 
  u_core_gen_pd_row[4].gen_pd_col[0].u_pd/nfast_hit_latched_reg[6]/C <<<     -     R     DFRRQHDX1    111    -   150     0     900    (-,-) 
#-------------------------------------------------------------------------------------------------------------------------------------------



Path 14: VIOLATED (-2647 ps) Setup Check with Pin u_core_gen_pd_row[2].gen_pd_col[0].u_pd/nfast_hit_latched_reg[6]/C->D
           View: wc_view
          Group: clk_osc_fast
     Startpoint: (R) u_core_u_fast_cnt_bin_q_reg[6]/C
          Clock: (R) clk_osc_fast
       Endpoint: (F) u_core_gen_pd_row[2].gen_pd_col[0].u_pd/nfast_hit_latched_reg[6]/D
          Clock: (R) clk_osc_fast

                     Capture       Launch     
        Clock Edge:+     900            0     
       Src Latency:+       0            0     
       Net Latency:+       0 (I)        0 (I) 
           Arrival:=     900            0     
                                              
             Setup:-     675                  
       Uncertainty:-      50                  
     Required Time:=     175                  
      Launch Clock:-       0                  
         Data Path:-    2822                  
             Slack:=   -2647                  

Launch clock path:
#----------------------------------------------------------------------------------------------------------
#           Timing Point            Flags   Arc   Edge   Cell     Fanout Load Trans Delay Arrival Instance 
#                                                                        (fF)  (ps)  (ps)   (ps)  Location 
#----------------------------------------------------------------------------------------------------------
  u_core_u_osc_fast_u_stub/phase[0] (i,b)   -     R     (arrival)    111  0.0     0     0       0    (-,-) 
  u_core_u_fast_cnt_bin_q_reg[6]/C  <<<     -     R     DFRRQHDX1    111    -   150     0       0    (-,-) 
#----------------------------------------------------------------------------------------------------------

#--------------------------------------------------------------------------------------------------------------------------------------------
#                           Timing Point                             Flags   Arc   Edge   Cell     Fanout  Load Trans Delay Arrival Instance 
#                                                                                                          (fF)  (ps)  (ps)   (ps)  Location 
#--------------------------------------------------------------------------------------------------------------------------------------------
  u_core_u_fast_cnt_bin_q_reg[6]/C                                   -       -     R     (arrival)    111     -   150     0       0    (-,-) 
  u_core_u_fast_cnt_bin_q_reg[6]/Q                                   -       C->Q  F     DFRRQHDX1      1  59.6   425  1223    1223    (-,-) 
  g71273/Q                                                           -       A->Q  F     BUHDX12       60 572.8   360   631    1854    (-,-) 
  g71272/Q                                                           -       A->Q  F     BUHDX6         8  86.1   144   420    2274    (-,-) 
  u_core_gen_pd_row[2].gen_pd_col[0].u_pd/g2815__5122/Q              -       A->Q  R     NA2HDX1        1  14.2   303   272    2545    (-,-) 
  u_core_gen_pd_row[2].gen_pd_col[0].u_pd/g2810__6783/Q              -       C->Q  F     ON21HDX1       1  12.3   210   277    2822    (-,-) 
  u_core_gen_pd_row[2].gen_pd_col[0].u_pd/nfast_hit_latched_reg[6]/D -       -     F     DFRRQHDX1      1     -     -     0    2822    (-,-) 
#--------------------------------------------------------------------------------------------------------------------------------------------

Capture clock path:
#-------------------------------------------------------------------------------------------------------------------------------------------
#                           Timing Point                             Flags   Arc   Edge   Cell     Fanout Load Trans Delay Arrival Instance 
#                                                                                                         (fF)  (ps)  (ps)   (ps)  Location 
#-------------------------------------------------------------------------------------------------------------------------------------------
  u_core_u_osc_fast_u_stub/phase[0]                                  (i,b)   -     R     (arrival)    111  0.0     0     0     900    (-,-) 
  u_core_gen_pd_row[2].gen_pd_col[0].u_pd/nfast_hit_latched_reg[6]/C <<<     -     R     DFRRQHDX1    111    -   150     0     900    (-,-) 
#-------------------------------------------------------------------------------------------------------------------------------------------



Path 15: VIOLATED (-2644 ps) Setup Check with Pin u_core_gen_pd_row[0].gen_pd_col[0].u_pd/nfast_hit_latched_reg[5]/C->D
           View: wc_view
          Group: clk_osc_fast
     Startpoint: (R) u_core_u_fast_cnt_bin_q_reg[5]/C
          Clock: (R) clk_osc_fast
       Endpoint: (F) u_core_gen_pd_row[0].gen_pd_col[0].u_pd/nfast_hit_latched_reg[5]/D
          Clock: (R) clk_osc_fast

                     Capture       Launch     
        Clock Edge:+     900            0     
       Src Latency:+       0            0     
       Net Latency:+       0 (I)        0 (I) 
           Arrival:=     900            0     
                                              
             Setup:-     638                  
       Uncertainty:-      50                  
     Required Time:=     212                  
      Launch Clock:-       0                  
         Data Path:-    2855                  
             Slack:=   -2644                  

Launch clock path:
#----------------------------------------------------------------------------------------------------------
#           Timing Point            Flags   Arc   Edge   Cell     Fanout Load Trans Delay Arrival Instance 
#                                                                        (fF)  (ps)  (ps)   (ps)  Location 
#----------------------------------------------------------------------------------------------------------
  u_core_u_osc_fast_u_stub/phase[0] (i,b)   -     R     (arrival)    111  0.0     0     0       0    (-,-) 
  u_core_u_fast_cnt_bin_q_reg[5]/C  <<<     -     R     DFRRQHDX1    111    -   150     0       0    (-,-) 
#----------------------------------------------------------------------------------------------------------

#--------------------------------------------------------------------------------------------------------------------------------------------
#                           Timing Point                             Flags   Arc   Edge   Cell     Fanout  Load Trans Delay Arrival Instance 
#                                                                                                          (fF)  (ps)  (ps)   (ps)  Location 
#--------------------------------------------------------------------------------------------------------------------------------------------
  u_core_u_fast_cnt_bin_q_reg[5]/C                                   -       -     R     (arrival)    111     -   150     0       0    (-,-) 
  u_core_u_fast_cnt_bin_q_reg[5]/Q                                   -       C->Q  F     DFRRQHDX1      3  75.4   485  1291    1291    (-,-) 
  g169212/Q                                                          -       A->Q  F     BUHDX12       59 570.1   359   651    1942    (-,-) 
  g71276/Q                                                           -       A->Q  F     BUHDX6         8  89.1   147   422    2364    (-,-) 
  u_core_gen_pd_row[0].gen_pd_col[0].u_pd/g2816__8246/Q              -       A->Q  R     NA2HDX1        1  13.8   299   269    2633    (-,-) 
  u_core_gen_pd_row[0].gen_pd_col[0].u_pd/g2/Q                       -       B->Q  F     NA2HDX1        1  12.2   202   222    2855    (-,-) 
  u_core_gen_pd_row[0].gen_pd_col[0].u_pd/nfast_hit_latched_reg[5]/D -       -     F     DFRRQHDX4      1     -     -     0    2855    (-,-) 
#--------------------------------------------------------------------------------------------------------------------------------------------

Capture clock path:
#-------------------------------------------------------------------------------------------------------------------------------------------
#                           Timing Point                             Flags   Arc   Edge   Cell     Fanout Load Trans Delay Arrival Instance 
#                                                                                                         (fF)  (ps)  (ps)   (ps)  Location 
#-------------------------------------------------------------------------------------------------------------------------------------------
  u_core_u_osc_fast_u_stub/phase[0]                                  (i,b)   -     R     (arrival)    111  0.0     0     0     900    (-,-) 
  u_core_gen_pd_row[0].gen_pd_col[0].u_pd/nfast_hit_latched_reg[5]/C <<<     -     R     DFRRQHDX4    111    -   150     0     900    (-,-) 
#-------------------------------------------------------------------------------------------------------------------------------------------



Path 16: VIOLATED (-2643 ps) Setup Check with Pin u_core_gen_pd_row[6].gen_pd_col[0].u_pd/nfast_hit_latched_reg[5]/C->D
           View: wc_view
          Group: clk_osc_fast
     Startpoint: (R) u_core_u_fast_cnt_bin_q_reg[5]/C
          Clock: (R) clk_osc_fast
       Endpoint: (F) u_core_gen_pd_row[6].gen_pd_col[0].u_pd/nfast_hit_latched_reg[5]/D
          Clock: (R) clk_osc_fast

                     Capture       Launch     
        Clock Edge:+     900            0     
       Src Latency:+       0            0     
       Net Latency:+       0 (I)        0 (I) 
           Arrival:=     900            0     
                                              
             Setup:-     638                  
       Uncertainty:-      50                  
     Required Time:=     212                  
      Launch Clock:-       0                  
         Data Path:-    2855                  
             Slack:=   -2643                  

Launch clock path:
#----------------------------------------------------------------------------------------------------------
#           Timing Point            Flags   Arc   Edge   Cell     Fanout Load Trans Delay Arrival Instance 
#                                                                        (fF)  (ps)  (ps)   (ps)  Location 
#----------------------------------------------------------------------------------------------------------
  u_core_u_osc_fast_u_stub/phase[0] (i,b)   -     R     (arrival)    111  0.0     0     0       0    (-,-) 
  u_core_u_fast_cnt_bin_q_reg[5]/C  <<<     -     R     DFRRQHDX1    111    -   150     0       0    (-,-) 
#----------------------------------------------------------------------------------------------------------

#--------------------------------------------------------------------------------------------------------------------------------------------
#                           Timing Point                             Flags   Arc   Edge   Cell     Fanout  Load Trans Delay Arrival Instance 
#                                                                                                          (fF)  (ps)  (ps)   (ps)  Location 
#--------------------------------------------------------------------------------------------------------------------------------------------
  u_core_u_fast_cnt_bin_q_reg[5]/C                                   -       -     R     (arrival)    111     -   150     0       0    (-,-) 
  u_core_u_fast_cnt_bin_q_reg[5]/Q                                   -       C->Q  F     DFRRQHDX1      3  75.4   485  1291    1291    (-,-) 
  g169212/Q                                                          -       A->Q  F     BUHDX12       59 570.1   359   651    1942    (-,-) 
  g71276/Q                                                           -       A->Q  F     BUHDX6         8  89.1   147   422    2364    (-,-) 
  u_core_gen_pd_row[6].gen_pd_col[0].u_pd/g2816__8246/Q              -       A->Q  R     NA2HDX1        1  13.8   298   269    2633    (-,-) 
  u_core_gen_pd_row[6].gen_pd_col[0].u_pd/g2/Q                       -       B->Q  F     NA2HDX1        1  12.2   202   222    2855    (-,-) 
  u_core_gen_pd_row[6].gen_pd_col[0].u_pd/nfast_hit_latched_reg[5]/D -       -     F     DFRRQHDX4      1     -     -     0    2855    (-,-) 
#--------------------------------------------------------------------------------------------------------------------------------------------

Capture clock path:
#-------------------------------------------------------------------------------------------------------------------------------------------
#                           Timing Point                             Flags   Arc   Edge   Cell     Fanout Load Trans Delay Arrival Instance 
#                                                                                                         (fF)  (ps)  (ps)   (ps)  Location 
#-------------------------------------------------------------------------------------------------------------------------------------------
  u_core_u_osc_fast_u_stub/phase[0]                                  (i,b)   -     R     (arrival)    111  0.0     0     0     900    (-,-) 
  u_core_gen_pd_row[6].gen_pd_col[0].u_pd/nfast_hit_latched_reg[5]/C <<<     -     R     DFRRQHDX4    111    -   150     0     900    (-,-) 
#-------------------------------------------------------------------------------------------------------------------------------------------



Path 17: VIOLATED (-2643 ps) Setup Check with Pin u_core_gen_pd_row[4].gen_pd_col[0].u_pd/nfast_hit_latched_reg[5]/C->D
           View: wc_view
          Group: clk_osc_fast
     Startpoint: (R) u_core_u_fast_cnt_bin_q_reg[5]/C
          Clock: (R) clk_osc_fast
       Endpoint: (F) u_core_gen_pd_row[4].gen_pd_col[0].u_pd/nfast_hit_latched_reg[5]/D
          Clock: (R) clk_osc_fast

                     Capture       Launch     
        Clock Edge:+     900            0     
       Src Latency:+       0            0     
       Net Latency:+       0 (I)        0 (I) 
           Arrival:=     900            0     
                                              
             Setup:-     638                  
       Uncertainty:-      50                  
     Required Time:=     212                  
      Launch Clock:-       0                  
         Data Path:-    2855                  
             Slack:=   -2643                  

Launch clock path:
#----------------------------------------------------------------------------------------------------------
#           Timing Point            Flags   Arc   Edge   Cell     Fanout Load Trans Delay Arrival Instance 
#                                                                        (fF)  (ps)  (ps)   (ps)  Location 
#----------------------------------------------------------------------------------------------------------
  u_core_u_osc_fast_u_stub/phase[0] (i,b)   -     R     (arrival)    111  0.0     0     0       0    (-,-) 
  u_core_u_fast_cnt_bin_q_reg[5]/C  <<<     -     R     DFRRQHDX1    111    -   150     0       0    (-,-) 
#----------------------------------------------------------------------------------------------------------

#--------------------------------------------------------------------------------------------------------------------------------------------
#                           Timing Point                             Flags   Arc   Edge   Cell     Fanout  Load Trans Delay Arrival Instance 
#                                                                                                          (fF)  (ps)  (ps)   (ps)  Location 
#--------------------------------------------------------------------------------------------------------------------------------------------
  u_core_u_fast_cnt_bin_q_reg[5]/C                                   -       -     R     (arrival)    111     -   150     0       0    (-,-) 
  u_core_u_fast_cnt_bin_q_reg[5]/Q                                   -       C->Q  F     DFRRQHDX1      3  75.4   485  1291    1291    (-,-) 
  g169212/Q                                                          -       A->Q  F     BUHDX12       59 570.1   359   651    1942    (-,-) 
  g71276/Q                                                           -       A->Q  F     BUHDX6         8  89.1   147   422    2364    (-,-) 
  u_core_gen_pd_row[4].gen_pd_col[0].u_pd/g2816__8246/Q              -       A->Q  R     NA2HDX1        1  13.8   298   269    2633    (-,-) 
  u_core_gen_pd_row[4].gen_pd_col[0].u_pd/g2/Q                       -       B->Q  F     NA2HDX1        1  12.2   202   222    2855    (-,-) 
  u_core_gen_pd_row[4].gen_pd_col[0].u_pd/nfast_hit_latched_reg[5]/D -       -     F     DFRRQHDX4      1     -     -     0    2855    (-,-) 
#--------------------------------------------------------------------------------------------------------------------------------------------

Capture clock path:
#-------------------------------------------------------------------------------------------------------------------------------------------
#                           Timing Point                             Flags   Arc   Edge   Cell     Fanout Load Trans Delay Arrival Instance 
#                                                                                                         (fF)  (ps)  (ps)   (ps)  Location 
#-------------------------------------------------------------------------------------------------------------------------------------------
  u_core_u_osc_fast_u_stub/phase[0]                                  (i,b)   -     R     (arrival)    111  0.0     0     0     900    (-,-) 
  u_core_gen_pd_row[4].gen_pd_col[0].u_pd/nfast_hit_latched_reg[5]/C <<<     -     R     DFRRQHDX4    111    -   150     0     900    (-,-) 
#-------------------------------------------------------------------------------------------------------------------------------------------



Path 18: VIOLATED (-2643 ps) Setup Check with Pin u_core_gen_pd_row[2].gen_pd_col[0].u_pd/nfast_hit_latched_reg[5]/C->D
           View: wc_view
          Group: clk_osc_fast
     Startpoint: (R) u_core_u_fast_cnt_bin_q_reg[5]/C
          Clock: (R) clk_osc_fast
       Endpoint: (F) u_core_gen_pd_row[2].gen_pd_col[0].u_pd/nfast_hit_latched_reg[5]/D
          Clock: (R) clk_osc_fast

                     Capture       Launch     
        Clock Edge:+     900            0     
       Src Latency:+       0            0     
       Net Latency:+       0 (I)        0 (I) 
           Arrival:=     900            0     
                                              
             Setup:-     638                  
       Uncertainty:-      50                  
     Required Time:=     212                  
      Launch Clock:-       0                  
         Data Path:-    2855                  
             Slack:=   -2643                  

Launch clock path:
#----------------------------------------------------------------------------------------------------------
#           Timing Point            Flags   Arc   Edge   Cell     Fanout Load Trans Delay Arrival Instance 
#                                                                        (fF)  (ps)  (ps)   (ps)  Location 
#----------------------------------------------------------------------------------------------------------
  u_core_u_osc_fast_u_stub/phase[0] (i,b)   -     R     (arrival)    111  0.0     0     0       0    (-,-) 
  u_core_u_fast_cnt_bin_q_reg[5]/C  <<<     -     R     DFRRQHDX1    111    -   150     0       0    (-,-) 
#----------------------------------------------------------------------------------------------------------

#--------------------------------------------------------------------------------------------------------------------------------------------
#                           Timing Point                             Flags   Arc   Edge   Cell     Fanout  Load Trans Delay Arrival Instance 
#                                                                                                          (fF)  (ps)  (ps)   (ps)  Location 
#--------------------------------------------------------------------------------------------------------------------------------------------
  u_core_u_fast_cnt_bin_q_reg[5]/C                                   -       -     R     (arrival)    111     -   150     0       0    (-,-) 
  u_core_u_fast_cnt_bin_q_reg[5]/Q                                   -       C->Q  F     DFRRQHDX1      3  75.4   485  1291    1291    (-,-) 
  g169212/Q                                                          -       A->Q  F     BUHDX12       59 570.1   359   651    1942    (-,-) 
  g71276/Q                                                           -       A->Q  F     BUHDX6         8  89.1   147   422    2364    (-,-) 
  u_core_gen_pd_row[2].gen_pd_col[0].u_pd/g2816__8246/Q              -       A->Q  R     NA2HDX1        1  13.8   298   269    2633    (-,-) 
  u_core_gen_pd_row[2].gen_pd_col[0].u_pd/g2/Q                       -       B->Q  F     NA2HDX1        1  12.2   202   222    2855    (-,-) 
  u_core_gen_pd_row[2].gen_pd_col[0].u_pd/nfast_hit_latched_reg[5]/D -       -     F     DFRRQHDX4      1     -     -     0    2855    (-,-) 
#--------------------------------------------------------------------------------------------------------------------------------------------

Capture clock path:
#-------------------------------------------------------------------------------------------------------------------------------------------
#                           Timing Point                             Flags   Arc   Edge   Cell     Fanout Load Trans Delay Arrival Instance 
#                                                                                                         (fF)  (ps)  (ps)   (ps)  Location 
#-------------------------------------------------------------------------------------------------------------------------------------------
  u_core_u_osc_fast_u_stub/phase[0]                                  (i,b)   -     R     (arrival)    111  0.0     0     0     900    (-,-) 
  u_core_gen_pd_row[2].gen_pd_col[0].u_pd/nfast_hit_latched_reg[5]/C <<<     -     R     DFRRQHDX4    111    -   150     0     900    (-,-) 
#-------------------------------------------------------------------------------------------------------------------------------------------



Path 19: VIOLATED (-2642 ps) Setup Check with Pin u_core_gen_pd_row[3].gen_pd_col[0].u_pd/nfast_hit_latched_reg[6]/C->D
           View: wc_view
          Group: clk_osc_fast
     Startpoint: (R) u_core_u_fast_cnt_bin_q_reg[6]/C
          Clock: (R) clk_osc_fast
       Endpoint: (F) u_core_gen_pd_row[3].gen_pd_col[0].u_pd/nfast_hit_latched_reg[6]/D
          Clock: (R) clk_osc_fast

                     Capture       Launch     
        Clock Edge:+     900            0     
       Src Latency:+       0            0     
       Net Latency:+       0 (I)        0 (I) 
           Arrival:=     900            0     
                                              
             Setup:-     674                  
       Uncertainty:-      50                  
     Required Time:=     176                  
      Launch Clock:-       0                  
         Data Path:-    2818                  
             Slack:=   -2642                  

Launch clock path:
#----------------------------------------------------------------------------------------------------------
#           Timing Point            Flags   Arc   Edge   Cell     Fanout Load Trans Delay Arrival Instance 
#                                                                        (fF)  (ps)  (ps)   (ps)  Location 
#----------------------------------------------------------------------------------------------------------
  u_core_u_osc_fast_u_stub/phase[0] (i,b)   -     R     (arrival)    111  0.0     0     0       0    (-,-) 
  u_core_u_fast_cnt_bin_q_reg[6]/C  <<<     -     R     DFRRQHDX1    111    -   150     0       0    (-,-) 
#----------------------------------------------------------------------------------------------------------

#--------------------------------------------------------------------------------------------------------------------------------------------
#                           Timing Point                             Flags   Arc   Edge   Cell     Fanout  Load Trans Delay Arrival Instance 
#                                                                                                          (fF)  (ps)  (ps)   (ps)  Location 
#--------------------------------------------------------------------------------------------------------------------------------------------
  u_core_u_fast_cnt_bin_q_reg[6]/C                                   -       -     R     (arrival)    111     -   150     0       0    (-,-) 
  u_core_u_fast_cnt_bin_q_reg[6]/Q                                   -       C->Q  F     DFRRQHDX1      1  59.6   425  1223    1223    (-,-) 
  g71273/Q                                                           -       A->Q  F     BUHDX12       60 572.8   360   631    1854    (-,-) 
  g71272/Q                                                           -       A->Q  F     BUHDX6         8  86.1   144   420    2274    (-,-) 
  u_core_gen_pd_row[3].gen_pd_col[0].u_pd/g15/Q                      -       A->Q  R     NA2HDX1        1  14.2   288   272    2545    (-,-) 
  u_core_gen_pd_row[3].gen_pd_col[0].u_pd/g2810__6783/Q              -       C->Q  F     ON21HDX1       1  12.3   208   273    2818    (-,-) 
  u_core_gen_pd_row[3].gen_pd_col[0].u_pd/nfast_hit_latched_reg[6]/D -       -     F     DFRRQHDX1      1     -     -     0    2818    (-,-) 
#--------------------------------------------------------------------------------------------------------------------------------------------

Capture clock path:
#-------------------------------------------------------------------------------------------------------------------------------------------
#                           Timing Point                             Flags   Arc   Edge   Cell     Fanout Load Trans Delay Arrival Instance 
#                                                                                                         (fF)  (ps)  (ps)   (ps)  Location 
#-------------------------------------------------------------------------------------------------------------------------------------------
  u_core_u_osc_fast_u_stub/phase[0]                                  (i,b)   -     R     (arrival)    111  0.0     0     0     900    (-,-) 
  u_core_gen_pd_row[3].gen_pd_col[0].u_pd/nfast_hit_latched_reg[6]/C <<<     -     R     DFRRQHDX1    111    -   150     0     900    (-,-) 
#-------------------------------------------------------------------------------------------------------------------------------------------



Path 20: VIOLATED (-2641 ps) Setup Check with Pin u_core_gen_pd_row[5].gen_pd_col[0].u_pd/nfast_hit_latched_reg[0]/C->D
           View: wc_view
          Group: clk_osc_fast
     Startpoint: (R) u_core_u_fast_cnt_bin_q_reg[0]/C
          Clock: (R) clk_osc_fast
       Endpoint: (F) u_core_gen_pd_row[5].gen_pd_col[0].u_pd/nfast_hit_latched_reg[0]/D
          Clock: (R) clk_osc_fast

                     Capture       Launch     
        Clock Edge:+     900            0     
       Src Latency:+       0            0     
       Net Latency:+       0 (I)        0 (I) 
           Arrival:=     900            0     
                                              
             Setup:-     672                  
       Uncertainty:-      50                  
     Required Time:=     178                  
      Launch Clock:-       0                  
         Data Path:-    2820                  
             Slack:=   -2641                  

Launch clock path:
#----------------------------------------------------------------------------------------------------------
#           Timing Point            Flags   Arc   Edge   Cell     Fanout Load Trans Delay Arrival Instance 
#                                                                        (fF)  (ps)  (ps)   (ps)  Location 
#----------------------------------------------------------------------------------------------------------
  u_core_u_osc_fast_u_stub/phase[0] (i,b)   -     R     (arrival)    111  0.0     0     0       0    (-,-) 
  u_core_u_fast_cnt_bin_q_reg[0]/C  <<<     -     R     DFRRQHDX1    111    -   150     0       0    (-,-) 
#----------------------------------------------------------------------------------------------------------

#--------------------------------------------------------------------------------------------------------------------------------------------
#                           Timing Point                             Flags   Arc   Edge   Cell     Fanout  Load Trans Delay Arrival Instance 
#                                                                                                          (fF)  (ps)  (ps)   (ps)  Location 
#--------------------------------------------------------------------------------------------------------------------------------------------
  u_core_u_fast_cnt_bin_q_reg[0]/C                                   -       -     R     (arrival)    111     -   150     0       0    (-,-) 
  u_core_u_fast_cnt_bin_q_reg[0]/Q                                   -       C->Q  F     DFRRQHDX1      1  32.3   316  1079    1079    (-,-) 
  drc189663/Q                                                        -       A->Q  F     BUHDX6         5 126.7   186   448    1527    (-,-) 
  g189664/Q                                                          -       A->Q  F     BUHDX12       32 322.9   222   430    1957    (-,-) 
  g189666/Q                                                          -       A->Q  F     BUHDX6         9 114.5   172   397    2354    (-,-) 
  u_core_gen_pd_row[5].gen_pd_col[0].u_pd/g2817__7098/Q              -       A->Q  R     NA2HDX2        1  14.2   224   216    2571    (-,-) 
  u_core_gen_pd_row[5].gen_pd_col[0].u_pd/g2804__2398/Q              -       C->Q  F     ON21HDX1       1  12.3   199   249    2820    (-,-) 
  u_core_gen_pd_row[5].gen_pd_col[0].u_pd/nfast_hit_latched_reg[0]/D -       -     F     DFRRQHDX1      1     -     -     0    2820    (-,-) 
#--------------------------------------------------------------------------------------------------------------------------------------------

Capture clock path:
#-------------------------------------------------------------------------------------------------------------------------------------------
#                           Timing Point                             Flags   Arc   Edge   Cell     Fanout Load Trans Delay Arrival Instance 
#                                                                                                         (fF)  (ps)  (ps)   (ps)  Location 
#-------------------------------------------------------------------------------------------------------------------------------------------
  u_core_u_osc_fast_u_stub/phase[0]                                  (i,b)   -     R     (arrival)    111  0.0     0     0     900    (-,-) 
  u_core_gen_pd_row[5].gen_pd_col[0].u_pd/nfast_hit_latched_reg[0]/C <<<     -     R     DFRRQHDX1    111    -   150     0     900    (-,-) 
#-------------------------------------------------------------------------------------------------------------------------------------------



Path 21: VIOLATED (-2633 ps) Setup Check with Pin u_core_u_fast_cnt_bin_q_reg[4]/C->D
           View: wc_view
          Group: clk_osc_fast
     Startpoint: (R) u_core_u_fast_cnt_bin_q_reg[4]/C
          Clock: (R) clk_osc_fast
       Endpoint: (F) u_core_u_fast_cnt_bin_q_reg[4]/D
          Clock: (R) clk_osc_fast

                     Capture       Launch     
        Clock Edge:+     900            0     
       Src Latency:+       0            0     
       Net Latency:+       0 (I)        0 (I) 
           Arrival:=     900            0     
                                              
             Setup:-     675                  
       Uncertainty:-      50                  
     Required Time:=     175                  
      Launch Clock:-       0                  
         Data Path:-    2808                  
             Slack:=   -2633                  

Launch clock path:
#----------------------------------------------------------------------------------------------------------
#           Timing Point            Flags   Arc   Edge   Cell     Fanout Load Trans Delay Arrival Instance 
#                                                                        (fF)  (ps)  (ps)   (ps)  Location 
#----------------------------------------------------------------------------------------------------------
  u_core_u_osc_fast_u_stub/phase[0] (i,b)   -     R     (arrival)    111  0.0     0     0       0    (-,-) 
  u_core_u_fast_cnt_bin_q_reg[4]/C  <<<     -     R     DFRRQHDX1    111    -   150     0       0    (-,-) 
#----------------------------------------------------------------------------------------------------------

#----------------------------------------------------------------------------------------------------------
#          Timing Point            Flags   Arc   Edge   Cell     Fanout  Load Trans Delay Arrival Instance 
#                                                                        (fF)  (ps)  (ps)   (ps)  Location 
#----------------------------------------------------------------------------------------------------------
  u_core_u_fast_cnt_bin_q_reg[4]/C -       -     R     (arrival)    111     -   150     0       0    (-,-) 
  u_core_u_fast_cnt_bin_q_reg[4]/Q -       C->Q  R     DFRRQHDX1      4  84.5   797  1356    1356    (-,-) 
  g169268/Q                        -       A->Q  R     BUHDX2        11 114.6   540   693    2049    (-,-) 
  g204112/Q                        -       AN->Q R     NA3I1HDX1      1  14.0   347   472    2522    (-,-) 
  g189694/Q                        -       B->Q  F     AN21HDX1       1  12.3   213   286    2807    (-,-) 
  u_core_u_fast_cnt_bin_q_reg[4]/D -       -     F     DFRRQHDX1      1     -     -     0    2808    (-,-) 
#----------------------------------------------------------------------------------------------------------

Capture clock path:
#----------------------------------------------------------------------------------------------------------
#           Timing Point            Flags   Arc   Edge   Cell     Fanout Load Trans Delay Arrival Instance 
#                                                                        (fF)  (ps)  (ps)   (ps)  Location 
#----------------------------------------------------------------------------------------------------------
  u_core_u_osc_fast_u_stub/phase[0] (i,b)   -     R     (arrival)    111  0.0     0     0     900    (-,-) 
  u_core_u_fast_cnt_bin_q_reg[4]/C  <<<     -     R     DFRRQHDX1    111    -   150     0     900    (-,-) 
#----------------------------------------------------------------------------------------------------------



Path 22: VIOLATED (-2619 ps) Setup Check with Pin u_core_gen_pd_row[7].gen_pd_col[0].u_pd/nfast_hit_latched_reg[1]/C->D
           View: wc_view
          Group: clk_osc_fast
     Startpoint: (R) u_core_u_fast_cnt_bin_q_reg[1]/C
          Clock: (R) clk_osc_fast
       Endpoint: (F) u_core_gen_pd_row[7].gen_pd_col[0].u_pd/nfast_hit_latched_reg[1]/D
          Clock: (R) clk_osc_fast

                     Capture       Launch     
        Clock Edge:+     900            0     
       Src Latency:+       0            0     
       Net Latency:+       0 (I)        0 (I) 
           Arrival:=     900            0     
                                              
             Setup:-     693                  
       Uncertainty:-      50                  
     Required Time:=     157                  
      Launch Clock:-       0                  
         Data Path:-    2776                  
             Slack:=   -2619                  

Launch clock path:
#----------------------------------------------------------------------------------------------------------
#           Timing Point            Flags   Arc   Edge   Cell     Fanout Load Trans Delay Arrival Instance 
#                                                                        (fF)  (ps)  (ps)   (ps)  Location 
#----------------------------------------------------------------------------------------------------------
  u_core_u_osc_fast_u_stub/phase[0] (i,b)   -     R     (arrival)    111  0.0     0     0       0    (-,-) 
  u_core_u_fast_cnt_bin_q_reg[1]/C  <<<     -     R     DFRRQHDX1    111    -   150     0       0    (-,-) 
#----------------------------------------------------------------------------------------------------------

#---------------------------------------------------------------------------------------------------------------------------------------------
#                           Timing Point                             Flags    Arc   Edge   Cell     Fanout  Load Trans Delay Arrival Instance 
#                                                                                                           (fF)  (ps)  (ps)   (ps)  Location 
#---------------------------------------------------------------------------------------------------------------------------------------------
  u_core_u_fast_cnt_bin_q_reg[1]/C                                   -       -      R     (arrival)    111     -   150     0       0    (-,-) 
  u_core_u_fast_cnt_bin_q_reg[1]/Q                                   -       C->Q   F     DFRRQHDX1      1  32.3   316  1079    1079    (-,-) 
  g189605/Q                                                          -       A->Q   F     BUHDX6         6 133.0   193   455    1534    (-,-) 
  g173040/Q                                                          -       A->Q   F     BUHDX12       31 308.2   214   426    1960    (-,-) 
  g173041/Q                                                          -       A->Q   F     BUHDX6         9  88.3   144   366    2326    (-,-) 
  u_core_gen_pd_row[7].gen_pd_col[0].u_pd/g26/Q                      -       A->Q   R     INHDX1         1  12.4   160   172    2497    (-,-) 
  u_core_gen_pd_row[7].gen_pd_col[0].u_pd/g25/Q                      -       IN1->Q F     MU2IHDX1       1  12.3   275   279    2776    (-,-) 
  u_core_gen_pd_row[7].gen_pd_col[0].u_pd/nfast_hit_latched_reg[1]/D -       -      F     DFRRQHDX1      1     -     -     0    2776    (-,-) 
#---------------------------------------------------------------------------------------------------------------------------------------------

Capture clock path:
#-------------------------------------------------------------------------------------------------------------------------------------------
#                           Timing Point                             Flags   Arc   Edge   Cell     Fanout Load Trans Delay Arrival Instance 
#                                                                                                         (fF)  (ps)  (ps)   (ps)  Location 
#-------------------------------------------------------------------------------------------------------------------------------------------
  u_core_u_osc_fast_u_stub/phase[0]                                  (i,b)   -     R     (arrival)    111  0.0     0     0     900    (-,-) 
  u_core_gen_pd_row[7].gen_pd_col[0].u_pd/nfast_hit_latched_reg[1]/C <<<     -     R     DFRRQHDX1    111    -   150     0     900    (-,-) 
#-------------------------------------------------------------------------------------------------------------------------------------------



Path 23: VIOLATED (-2619 ps) Setup Check with Pin u_core_gen_pd_row[1].gen_pd_col[0].u_pd/nfast_hit_latched_reg[1]/C->D
           View: wc_view
          Group: clk_osc_fast
     Startpoint: (R) u_core_u_fast_cnt_bin_q_reg[1]/C
          Clock: (R) clk_osc_fast
       Endpoint: (F) u_core_gen_pd_row[1].gen_pd_col[0].u_pd/nfast_hit_latched_reg[1]/D
          Clock: (R) clk_osc_fast

                     Capture       Launch     
        Clock Edge:+     900            0     
       Src Latency:+       0            0     
       Net Latency:+       0 (I)        0 (I) 
           Arrival:=     900            0     
                                              
             Setup:-     693                  
       Uncertainty:-      50                  
     Required Time:=     157                  
      Launch Clock:-       0                  
         Data Path:-    2776                  
             Slack:=   -2619                  

Launch clock path:
#----------------------------------------------------------------------------------------------------------
#           Timing Point            Flags   Arc   Edge   Cell     Fanout Load Trans Delay Arrival Instance 
#                                                                        (fF)  (ps)  (ps)   (ps)  Location 
#----------------------------------------------------------------------------------------------------------
  u_core_u_osc_fast_u_stub/phase[0] (i,b)   -     R     (arrival)    111  0.0     0     0       0    (-,-) 
  u_core_u_fast_cnt_bin_q_reg[1]/C  <<<     -     R     DFRRQHDX1    111    -   150     0       0    (-,-) 
#----------------------------------------------------------------------------------------------------------

#---------------------------------------------------------------------------------------------------------------------------------------------
#                           Timing Point                             Flags    Arc   Edge   Cell     Fanout  Load Trans Delay Arrival Instance 
#                                                                                                           (fF)  (ps)  (ps)   (ps)  Location 
#---------------------------------------------------------------------------------------------------------------------------------------------
  u_core_u_fast_cnt_bin_q_reg[1]/C                                   -       -      R     (arrival)    111     -   150     0       0    (-,-) 
  u_core_u_fast_cnt_bin_q_reg[1]/Q                                   -       C->Q   F     DFRRQHDX1      1  32.3   316  1079    1079    (-,-) 
  g189605/Q                                                          -       A->Q   F     BUHDX6         6 133.0   193   455    1534    (-,-) 
  g173040/Q                                                          -       A->Q   F     BUHDX12       31 308.2   214   426    1960    (-,-) 
  g173041/Q                                                          -       A->Q   F     BUHDX6         9  88.3   144   366    2326    (-,-) 
  u_core_gen_pd_row[1].gen_pd_col[0].u_pd/g26/Q                      -       A->Q   R     INHDX1         1  12.4   160   172    2497    (-,-) 
  u_core_gen_pd_row[1].gen_pd_col[0].u_pd/g25/Q                      -       IN1->Q F     MU2IHDX1       1  12.3   275   279    2776    (-,-) 
  u_core_gen_pd_row[1].gen_pd_col[0].u_pd/nfast_hit_latched_reg[1]/D -       -      F     DFRRQHDX1      1     -     -     0    2776    (-,-) 
#---------------------------------------------------------------------------------------------------------------------------------------------

Capture clock path:
#-------------------------------------------------------------------------------------------------------------------------------------------
#                           Timing Point                             Flags   Arc   Edge   Cell     Fanout Load Trans Delay Arrival Instance 
#                                                                                                         (fF)  (ps)  (ps)   (ps)  Location 
#-------------------------------------------------------------------------------------------------------------------------------------------
  u_core_u_osc_fast_u_stub/phase[0]                                  (i,b)   -     R     (arrival)    111  0.0     0     0     900    (-,-) 
  u_core_gen_pd_row[1].gen_pd_col[0].u_pd/nfast_hit_latched_reg[1]/C <<<     -     R     DFRRQHDX1    111    -   150     0     900    (-,-) 
#-------------------------------------------------------------------------------------------------------------------------------------------



Path 24: VIOLATED (-2619 ps) Setup Check with Pin u_core_gen_pd_row[0].gen_pd_col[0].u_pd/nfast_hit_latched_reg[1]/C->D
           View: wc_view
          Group: clk_osc_fast
     Startpoint: (R) u_core_u_fast_cnt_bin_q_reg[1]/C
          Clock: (R) clk_osc_fast
       Endpoint: (F) u_core_gen_pd_row[0].gen_pd_col[0].u_pd/nfast_hit_latched_reg[1]/D
          Clock: (R) clk_osc_fast

                     Capture       Launch     
        Clock Edge:+     900            0     
       Src Latency:+       0            0     
       Net Latency:+       0 (I)        0 (I) 
           Arrival:=     900            0     
                                              
             Setup:-     692                  
       Uncertainty:-      50                  
     Required Time:=     158                  
      Launch Clock:-       0                  
         Data Path:-    2776                  
             Slack:=   -2619                  

Launch clock path:
#----------------------------------------------------------------------------------------------------------
#           Timing Point            Flags   Arc   Edge   Cell     Fanout Load Trans Delay Arrival Instance 
#                                                                        (fF)  (ps)  (ps)   (ps)  Location 
#----------------------------------------------------------------------------------------------------------
  u_core_u_osc_fast_u_stub/phase[0] (i,b)   -     R     (arrival)    111  0.0     0     0       0    (-,-) 
  u_core_u_fast_cnt_bin_q_reg[1]/C  <<<     -     R     DFRRQHDX1    111    -   150     0       0    (-,-) 
#----------------------------------------------------------------------------------------------------------

#---------------------------------------------------------------------------------------------------------------------------------------------
#                           Timing Point                             Flags    Arc   Edge   Cell     Fanout  Load Trans Delay Arrival Instance 
#                                                                                                           (fF)  (ps)  (ps)   (ps)  Location 
#---------------------------------------------------------------------------------------------------------------------------------------------
  u_core_u_fast_cnt_bin_q_reg[1]/C                                   -       -      R     (arrival)    111     -   150     0       0    (-,-) 
  u_core_u_fast_cnt_bin_q_reg[1]/Q                                   -       C->Q   F     DFRRQHDX1      1  32.3   316  1079    1079    (-,-) 
  g189605/Q                                                          -       A->Q   F     BUHDX6         6 133.0   193   455    1534    (-,-) 
  g173040/Q                                                          -       A->Q   F     BUHDX12       31 308.2   214   426    1960    (-,-) 
  g173041/Q                                                          -       A->Q   F     BUHDX6         9  88.3   144   366    2326    (-,-) 
  u_core_gen_pd_row[0].gen_pd_col[0].u_pd/g26/Q                      -       A->Q   R     INHDX1         1  12.4   160   172    2497    (-,-) 
  u_core_gen_pd_row[0].gen_pd_col[0].u_pd/g25/Q                      -       IN1->Q F     MU2IHDX1       1  12.3   274   279    2776    (-,-) 
  u_core_gen_pd_row[0].gen_pd_col[0].u_pd/nfast_hit_latched_reg[1]/D -       -      F     DFRRQHDX1      1     -     -     0    2776    (-,-) 
#---------------------------------------------------------------------------------------------------------------------------------------------

Capture clock path:
#-------------------------------------------------------------------------------------------------------------------------------------------
#                           Timing Point                             Flags   Arc   Edge   Cell     Fanout Load Trans Delay Arrival Instance 
#                                                                                                         (fF)  (ps)  (ps)   (ps)  Location 
#-------------------------------------------------------------------------------------------------------------------------------------------
  u_core_u_osc_fast_u_stub/phase[0]                                  (i,b)   -     R     (arrival)    111  0.0     0     0     900    (-,-) 
  u_core_gen_pd_row[0].gen_pd_col[0].u_pd/nfast_hit_latched_reg[1]/C <<<     -     R     DFRRQHDX1    111    -   150     0     900    (-,-) 
#-------------------------------------------------------------------------------------------------------------------------------------------



Path 25: VIOLATED (-2618 ps) Setup Check with Pin u_core_gen_pd_row[6].gen_pd_col[0].u_pd/nfast_hit_latched_reg[1]/C->D
           View: wc_view
          Group: clk_osc_fast
     Startpoint: (R) u_core_u_fast_cnt_bin_q_reg[1]/C
          Clock: (R) clk_osc_fast
       Endpoint: (F) u_core_gen_pd_row[6].gen_pd_col[0].u_pd/nfast_hit_latched_reg[1]/D
          Clock: (R) clk_osc_fast

                     Capture       Launch     
        Clock Edge:+     900            0     
       Src Latency:+       0            0     
       Net Latency:+       0 (I)        0 (I) 
           Arrival:=     900            0     
                                              
             Setup:-     692                  
       Uncertainty:-      50                  
     Required Time:=     158                  
      Launch Clock:-       0                  
         Data Path:-    2776                  
             Slack:=   -2618                  

Launch clock path:
#----------------------------------------------------------------------------------------------------------
#           Timing Point            Flags   Arc   Edge   Cell     Fanout Load Trans Delay Arrival Instance 
#                                                                        (fF)  (ps)  (ps)   (ps)  Location 
#----------------------------------------------------------------------------------------------------------
  u_core_u_osc_fast_u_stub/phase[0] (i,b)   -     R     (arrival)    111  0.0     0     0       0    (-,-) 
  u_core_u_fast_cnt_bin_q_reg[1]/C  <<<     -     R     DFRRQHDX1    111    -   150     0       0    (-,-) 
#----------------------------------------------------------------------------------------------------------

#---------------------------------------------------------------------------------------------------------------------------------------------
#                           Timing Point                             Flags    Arc   Edge   Cell     Fanout  Load Trans Delay Arrival Instance 
#                                                                                                           (fF)  (ps)  (ps)   (ps)  Location 
#---------------------------------------------------------------------------------------------------------------------------------------------
  u_core_u_fast_cnt_bin_q_reg[1]/C                                   -       -      R     (arrival)    111     -   150     0       0    (-,-) 
  u_core_u_fast_cnt_bin_q_reg[1]/Q                                   -       C->Q   F     DFRRQHDX1      1  32.3   316  1079    1079    (-,-) 
  g189605/Q                                                          -       A->Q   F     BUHDX6         6 133.0   193   455    1534    (-,-) 
  g173040/Q                                                          -       A->Q   F     BUHDX12       31 308.2   214   426    1960    (-,-) 
  g173041/Q                                                          -       A->Q   F     BUHDX6         9  88.3   144   366    2326    (-,-) 
  u_core_gen_pd_row[6].gen_pd_col[0].u_pd/g26/Q                      -       A->Q   R     INHDX1         1  12.4   160   172    2497    (-,-) 
  u_core_gen_pd_row[6].gen_pd_col[0].u_pd/g25/Q                      -       IN1->Q F     MU2IHDX1       1  12.3   273   279    2776    (-,-) 
  u_core_gen_pd_row[6].gen_pd_col[0].u_pd/nfast_hit_latched_reg[1]/D -       -      F     DFRRQHDX1      1     -     -     0    2776    (-,-) 
#---------------------------------------------------------------------------------------------------------------------------------------------

Capture clock path:
#-------------------------------------------------------------------------------------------------------------------------------------------
#                           Timing Point                             Flags   Arc   Edge   Cell     Fanout Load Trans Delay Arrival Instance 
#                                                                                                         (fF)  (ps)  (ps)   (ps)  Location 
#-------------------------------------------------------------------------------------------------------------------------------------------
  u_core_u_osc_fast_u_stub/phase[0]                                  (i,b)   -     R     (arrival)    111  0.0     0     0     900    (-,-) 
  u_core_gen_pd_row[6].gen_pd_col[0].u_pd/nfast_hit_latched_reg[1]/C <<<     -     R     DFRRQHDX1    111    -   150     0     900    (-,-) 
#-------------------------------------------------------------------------------------------------------------------------------------------



Path 26: VIOLATED (-2618 ps) Setup Check with Pin u_core_gen_pd_row[5].gen_pd_col[0].u_pd/nfast_hit_latched_reg[1]/C->D
           View: wc_view
          Group: clk_osc_fast
     Startpoint: (R) u_core_u_fast_cnt_bin_q_reg[1]/C
          Clock: (R) clk_osc_fast
       Endpoint: (F) u_core_gen_pd_row[5].gen_pd_col[0].u_pd/nfast_hit_latched_reg[1]/D
          Clock: (R) clk_osc_fast

                     Capture       Launch     
        Clock Edge:+     900            0     
       Src Latency:+       0            0     
       Net Latency:+       0 (I)        0 (I) 
           Arrival:=     900            0     
                                              
             Setup:-     692                  
       Uncertainty:-      50                  
     Required Time:=     158                  
      Launch Clock:-       0                  
         Data Path:-    2776                  
             Slack:=   -2618                  

Launch clock path:
#----------------------------------------------------------------------------------------------------------
#           Timing Point            Flags   Arc   Edge   Cell     Fanout Load Trans Delay Arrival Instance 
#                                                                        (fF)  (ps)  (ps)   (ps)  Location 
#----------------------------------------------------------------------------------------------------------
  u_core_u_osc_fast_u_stub/phase[0] (i,b)   -     R     (arrival)    111  0.0     0     0       0    (-,-) 
  u_core_u_fast_cnt_bin_q_reg[1]/C  <<<     -     R     DFRRQHDX1    111    -   150     0       0    (-,-) 
#----------------------------------------------------------------------------------------------------------

#---------------------------------------------------------------------------------------------------------------------------------------------
#                           Timing Point                             Flags    Arc   Edge   Cell     Fanout  Load Trans Delay Arrival Instance 
#                                                                                                           (fF)  (ps)  (ps)   (ps)  Location 
#---------------------------------------------------------------------------------------------------------------------------------------------
  u_core_u_fast_cnt_bin_q_reg[1]/C                                   -       -      R     (arrival)    111     -   150     0       0    (-,-) 
  u_core_u_fast_cnt_bin_q_reg[1]/Q                                   -       C->Q   F     DFRRQHDX1      1  32.3   316  1079    1079    (-,-) 
  g189605/Q                                                          -       A->Q   F     BUHDX6         6 133.0   193   455    1534    (-,-) 
  g173040/Q                                                          -       A->Q   F     BUHDX12       31 308.2   214   426    1960    (-,-) 
  g173041/Q                                                          -       A->Q   F     BUHDX6         9  88.3   144   366    2326    (-,-) 
  u_core_gen_pd_row[5].gen_pd_col[0].u_pd/g26/Q                      -       A->Q   R     INHDX1         1  12.4   160   172    2497    (-,-) 
  u_core_gen_pd_row[5].gen_pd_col[0].u_pd/g25/Q                      -       IN1->Q F     MU2IHDX1       1  12.3   272   279    2776    (-,-) 
  u_core_gen_pd_row[5].gen_pd_col[0].u_pd/nfast_hit_latched_reg[1]/D -       -      F     DFRRQHDX1      1     -     -     0    2776    (-,-) 
#---------------------------------------------------------------------------------------------------------------------------------------------

Capture clock path:
#-------------------------------------------------------------------------------------------------------------------------------------------
#                           Timing Point                             Flags   Arc   Edge   Cell     Fanout Load Trans Delay Arrival Instance 
#                                                                                                         (fF)  (ps)  (ps)   (ps)  Location 
#-------------------------------------------------------------------------------------------------------------------------------------------
  u_core_u_osc_fast_u_stub/phase[0]                                  (i,b)   -     R     (arrival)    111  0.0     0     0     900    (-,-) 
  u_core_gen_pd_row[5].gen_pd_col[0].u_pd/nfast_hit_latched_reg[1]/C <<<     -     R     DFRRQHDX1    111    -   150     0     900    (-,-) 
#-------------------------------------------------------------------------------------------------------------------------------------------



Path 27: VIOLATED (-2618 ps) Setup Check with Pin u_core_gen_pd_row[4].gen_pd_col[0].u_pd/nfast_hit_latched_reg[1]/C->D
           View: wc_view
          Group: clk_osc_fast
     Startpoint: (R) u_core_u_fast_cnt_bin_q_reg[1]/C
          Clock: (R) clk_osc_fast
       Endpoint: (F) u_core_gen_pd_row[4].gen_pd_col[0].u_pd/nfast_hit_latched_reg[1]/D
          Clock: (R) clk_osc_fast

                     Capture       Launch     
        Clock Edge:+     900            0     
       Src Latency:+       0            0     
       Net Latency:+       0 (I)        0 (I) 
           Arrival:=     900            0     
                                              
             Setup:-     692                  
       Uncertainty:-      50                  
     Required Time:=     158                  
      Launch Clock:-       0                  
         Data Path:-    2776                  
             Slack:=   -2618                  

Launch clock path:
#----------------------------------------------------------------------------------------------------------
#           Timing Point            Flags   Arc   Edge   Cell     Fanout Load Trans Delay Arrival Instance 
#                                                                        (fF)  (ps)  (ps)   (ps)  Location 
#----------------------------------------------------------------------------------------------------------
  u_core_u_osc_fast_u_stub/phase[0] (i,b)   -     R     (arrival)    111  0.0     0     0       0    (-,-) 
  u_core_u_fast_cnt_bin_q_reg[1]/C  <<<     -     R     DFRRQHDX1    111    -   150     0       0    (-,-) 
#----------------------------------------------------------------------------------------------------------

#---------------------------------------------------------------------------------------------------------------------------------------------
#                           Timing Point                             Flags    Arc   Edge   Cell     Fanout  Load Trans Delay Arrival Instance 
#                                                                                                           (fF)  (ps)  (ps)   (ps)  Location 
#---------------------------------------------------------------------------------------------------------------------------------------------
  u_core_u_fast_cnt_bin_q_reg[1]/C                                   -       -      R     (arrival)    111     -   150     0       0    (-,-) 
  u_core_u_fast_cnt_bin_q_reg[1]/Q                                   -       C->Q   F     DFRRQHDX1      1  32.3   316  1079    1079    (-,-) 
  g189605/Q                                                          -       A->Q   F     BUHDX6         6 133.0   193   455    1534    (-,-) 
  g173040/Q                                                          -       A->Q   F     BUHDX12       31 308.2   214   426    1960    (-,-) 
  g173041/Q                                                          -       A->Q   F     BUHDX6         9  88.3   144   366    2326    (-,-) 
  u_core_gen_pd_row[4].gen_pd_col[0].u_pd/g26/Q                      -       A->Q   R     INHDX1         1  12.4   160   172    2497    (-,-) 
  u_core_gen_pd_row[4].gen_pd_col[0].u_pd/g25/Q                      -       IN1->Q F     MU2IHDX1       1  12.3   272   279    2776    (-,-) 
  u_core_gen_pd_row[4].gen_pd_col[0].u_pd/nfast_hit_latched_reg[1]/D -       -      F     DFRRQHDX1      1     -     -     0    2776    (-,-) 
#---------------------------------------------------------------------------------------------------------------------------------------------

Capture clock path:
#-------------------------------------------------------------------------------------------------------------------------------------------
#                           Timing Point                             Flags   Arc   Edge   Cell     Fanout Load Trans Delay Arrival Instance 
#                                                                                                         (fF)  (ps)  (ps)   (ps)  Location 
#-------------------------------------------------------------------------------------------------------------------------------------------
  u_core_u_osc_fast_u_stub/phase[0]                                  (i,b)   -     R     (arrival)    111  0.0     0     0     900    (-,-) 
  u_core_gen_pd_row[4].gen_pd_col[0].u_pd/nfast_hit_latched_reg[1]/C <<<     -     R     DFRRQHDX1    111    -   150     0     900    (-,-) 
#-------------------------------------------------------------------------------------------------------------------------------------------



Path 28: VIOLATED (-2618 ps) Setup Check with Pin u_core_gen_pd_row[2].gen_pd_col[0].u_pd/nfast_hit_latched_reg[1]/C->D
           View: wc_view
          Group: clk_osc_fast
     Startpoint: (R) u_core_u_fast_cnt_bin_q_reg[1]/C
          Clock: (R) clk_osc_fast
       Endpoint: (F) u_core_gen_pd_row[2].gen_pd_col[0].u_pd/nfast_hit_latched_reg[1]/D
          Clock: (R) clk_osc_fast

                     Capture       Launch     
        Clock Edge:+     900            0     
       Src Latency:+       0            0     
       Net Latency:+       0 (I)        0 (I) 
           Arrival:=     900            0     
                                              
             Setup:-     692                  
       Uncertainty:-      50                  
     Required Time:=     158                  
      Launch Clock:-       0                  
         Data Path:-    2776                  
             Slack:=   -2618                  

Launch clock path:
#----------------------------------------------------------------------------------------------------------
#           Timing Point            Flags   Arc   Edge   Cell     Fanout Load Trans Delay Arrival Instance 
#                                                                        (fF)  (ps)  (ps)   (ps)  Location 
#----------------------------------------------------------------------------------------------------------
  u_core_u_osc_fast_u_stub/phase[0] (i,b)   -     R     (arrival)    111  0.0     0     0       0    (-,-) 
  u_core_u_fast_cnt_bin_q_reg[1]/C  <<<     -     R     DFRRQHDX1    111    -   150     0       0    (-,-) 
#----------------------------------------------------------------------------------------------------------

#---------------------------------------------------------------------------------------------------------------------------------------------
#                           Timing Point                             Flags    Arc   Edge   Cell     Fanout  Load Trans Delay Arrival Instance 
#                                                                                                           (fF)  (ps)  (ps)   (ps)  Location 
#---------------------------------------------------------------------------------------------------------------------------------------------
  u_core_u_fast_cnt_bin_q_reg[1]/C                                   -       -      R     (arrival)    111     -   150     0       0    (-,-) 
  u_core_u_fast_cnt_bin_q_reg[1]/Q                                   -       C->Q   F     DFRRQHDX1      1  32.3   316  1079    1079    (-,-) 
  g189605/Q                                                          -       A->Q   F     BUHDX6         6 133.0   193   455    1534    (-,-) 
  g173040/Q                                                          -       A->Q   F     BUHDX12       31 308.2   214   426    1960    (-,-) 
  g173041/Q                                                          -       A->Q   F     BUHDX6         9  88.3   144   366    2326    (-,-) 
  u_core_gen_pd_row[2].gen_pd_col[0].u_pd/g26/Q                      -       A->Q   R     INHDX1         1  12.4   160   172    2497    (-,-) 
  u_core_gen_pd_row[2].gen_pd_col[0].u_pd/g25/Q                      -       IN1->Q F     MU2IHDX1       1  12.3   272   279    2776    (-,-) 
  u_core_gen_pd_row[2].gen_pd_col[0].u_pd/nfast_hit_latched_reg[1]/D -       -      F     DFRRQHDX1      1     -     -     0    2776    (-,-) 
#---------------------------------------------------------------------------------------------------------------------------------------------

Capture clock path:
#-------------------------------------------------------------------------------------------------------------------------------------------
#                           Timing Point                             Flags   Arc   Edge   Cell     Fanout Load Trans Delay Arrival Instance 
#                                                                                                         (fF)  (ps)  (ps)   (ps)  Location 
#-------------------------------------------------------------------------------------------------------------------------------------------
  u_core_u_osc_fast_u_stub/phase[0]                                  (i,b)   -     R     (arrival)    111  0.0     0     0     900    (-,-) 
  u_core_gen_pd_row[2].gen_pd_col[0].u_pd/nfast_hit_latched_reg[1]/C <<<     -     R     DFRRQHDX1    111    -   150     0     900    (-,-) 
#-------------------------------------------------------------------------------------------------------------------------------------------



Path 29: VIOLATED (-2591 ps) Setup Check with Pin u_core_u_slow_cnt_dst_count_latched_reg[1]/C->D
           View: wc_view
          Group: clk_osc_fast
     Startpoint: (R) u_core_u_slow_cnt_gray_snap_ff2_async_reg[3]/C
          Clock: (R) clk_osc_fast
       Endpoint: (F) u_core_u_slow_cnt_dst_count_latched_reg[1]/D
          Clock: (R) clk_osc_fast

                     Capture       Launch     
        Clock Edge:+     900            0     
       Src Latency:+       0            0     
       Net Latency:+       0 (I)        0 (I) 
           Arrival:=     900            0     
                                              
             Setup:-     684                  
       Uncertainty:-      50                  
     Required Time:=     166                  
      Launch Clock:-       0                  
         Data Path:-    2757                  
             Slack:=   -2591                  

Launch clock path:
#-----------------------------------------------------------------------------------------------------------------------
#                 Timing Point                   Flags   Arc   Edge   Cell     Fanout Load Trans Delay Arrival Instance 
#                                                                                     (fF)  (ps)  (ps)   (ps)  Location 
#-----------------------------------------------------------------------------------------------------------------------
  u_core_u_osc_fast_u_stub/phase[0]              (i,b)   -     R     (arrival)    111  0.0     0     0       0    (-,-) 
  u_core_u_slow_cnt_gray_snap_ff2_async_reg[3]/C <<<     -     R     DFRRQHDX1    111    -   150     0       0    (-,-) 
#-----------------------------------------------------------------------------------------------------------------------

#-----------------------------------------------------------------------------------------------------------------------
#                 Timing Point                   Flags   Arc   Edge   Cell     Fanout Load Trans Delay Arrival Instance 
#                                                                                     (fF)  (ps)  (ps)   (ps)  Location 
#-----------------------------------------------------------------------------------------------------------------------
  u_core_u_slow_cnt_gray_snap_ff2_async_reg[3]/C -       -     R     (arrival)    111    -   150     0       0    (-,-) 
  u_core_u_slow_cnt_gray_snap_ff2_async_reg[3]/Q -       C->Q  F     DFRRQHDX1      2 28.0   299  1054    1054    (-,-) 
  g85128/Q                                       -       B->Q  F     EN3HDX2        3 57.6   181  1292    2346    (-,-) 
  g85113/Q                                       -       B->Q  F     EN2HDX1        1 12.3   246   411    2756    (-,-) 
  u_core_u_slow_cnt_dst_count_latched_reg[1]/D   -       -     F     DFRRQHDX1      1    -     -     0    2757    (-,-) 
#-----------------------------------------------------------------------------------------------------------------------

Capture clock path:
#---------------------------------------------------------------------------------------------------------------------
#                Timing Point                  Flags   Arc   Edge   Cell     Fanout Load Trans Delay Arrival Instance 
#                                                                                   (fF)  (ps)  (ps)   (ps)  Location 
#---------------------------------------------------------------------------------------------------------------------
  u_core_u_osc_fast_u_stub/phase[0]            (i,b)   -     R     (arrival)    111  0.0     0     0     900    (-,-) 
  u_core_u_slow_cnt_dst_count_latched_reg[1]/C <<<     -     R     DFRRQHDX1    111    -   150     0     900    (-,-) 
#---------------------------------------------------------------------------------------------------------------------



Path 30: VIOLATED (-2583 ps) Setup Check with Pin u_core_gen_pd_row[4].gen_pd_col[0].u_pd/nfast_hit_latched_reg[3]/C->D
           View: wc_view
          Group: clk_osc_fast
     Startpoint: (R) u_core_gen_pd_row[4].gen_pd_col[0].u_pd/q1_reg/C
          Clock: (R) clk_osc_fast
       Endpoint: (F) u_core_gen_pd_row[4].gen_pd_col[0].u_pd/nfast_hit_latched_reg[3]/D
          Clock: (R) clk_osc_fast

                     Capture       Launch     
        Clock Edge:+     900            0     
       Src Latency:+       0            0     
       Net Latency:+       0 (I)        0 (I) 
           Arrival:=     900            0     
                                              
             Setup:-     634                  
       Uncertainty:-      50                  
     Required Time:=     216                  
      Launch Clock:-       0                  
         Data Path:-    2800                  
             Slack:=   -2583                  

Launch clock path:
#-------------------------------------------------------------------------------------------------------------------------
#                  Timing Point                    Flags   Arc   Edge   Cell     Fanout Load Trans Delay Arrival Instance 
#                                                                                       (fF)  (ps)  (ps)   (ps)  Location 
#-------------------------------------------------------------------------------------------------------------------------
  u_core_u_osc_fast_u_stub/phase[0]                (i,b)   -     R     (arrival)    111  0.0     0     0       0    (-,-) 
  u_core_gen_pd_row[4].gen_pd_col[0].u_pd/q1_reg/C <<<     -     R     DFRRQHDX1    111    -   150     0       0    (-,-) 
#-------------------------------------------------------------------------------------------------------------------------

#--------------------------------------------------------------------------------------------------------------------------------------------
#                           Timing Point                             Flags   Arc   Edge   Cell     Fanout  Load Trans Delay Arrival Instance 
#                                                                                                          (fF)  (ps)  (ps)   (ps)  Location 
#--------------------------------------------------------------------------------------------------------------------------------------------
  u_core_gen_pd_row[4].gen_pd_col[0].u_pd/q1_reg/C                   -       -     R     (arrival)    111     -   150     0       0    (-,-) 
  u_core_gen_pd_row[4].gen_pd_col[0].u_pd/q1_reg/Q                   -       C->Q  F     DFRRQHDX1      3  31.9   315  1076    1076    (-,-) 
  u_core_gen_pd_row[4].gen_pd_col[0].u_pd/g2823/Q                    -       A->Q  R     INHDX1         1  14.1   198   249    1325    (-,-) 
  u_core_gen_pd_row[4].gen_pd_col[0].u_pd/g17/Q                      -       A->Q  R     AND3HDX4      13 141.9   407   792    2117    (-,-) 
  u_core_gen_pd_row[4].gen_pd_col[0].u_pd/g21/Q                      -       AN->Q R     NA2I1HDX1      1  15.8   328   445    2563    (-,-) 
  u_core_gen_pd_row[4].gen_pd_col[0].u_pd/g20/Q                      -       C->Q  F     NA22HDX1       1  12.2   185   237    2799    (-,-) 
  u_core_gen_pd_row[4].gen_pd_col[0].u_pd/nfast_hit_latched_reg[3]/D -       -     F     DFRRQHDX4      1     -     -     0    2800    (-,-) 
#--------------------------------------------------------------------------------------------------------------------------------------------

Capture clock path:
#-------------------------------------------------------------------------------------------------------------------------------------------
#                           Timing Point                             Flags   Arc   Edge   Cell     Fanout Load Trans Delay Arrival Instance 
#                                                                                                         (fF)  (ps)  (ps)   (ps)  Location 
#-------------------------------------------------------------------------------------------------------------------------------------------
  u_core_u_osc_fast_u_stub/phase[0]                                  (i,b)   -     R     (arrival)    111  0.0     0     0     900    (-,-) 
  u_core_gen_pd_row[4].gen_pd_col[0].u_pd/nfast_hit_latched_reg[3]/C <<<     -     R     DFRRQHDX4    111    -   150     0     900    (-,-) 
#-------------------------------------------------------------------------------------------------------------------------------------------



Path 31: VIOLATED (-2581 ps) Setup Check with Pin u_core_gen_pd_row[2].gen_pd_col[0].u_pd/nfast_hit_latched_reg[3]/C->D
           View: wc_view
          Group: clk_osc_fast
     Startpoint: (R) u_core_gen_pd_row[2].gen_pd_col[0].u_pd/q1_reg/C
          Clock: (R) clk_osc_fast
       Endpoint: (F) u_core_gen_pd_row[2].gen_pd_col[0].u_pd/nfast_hit_latched_reg[3]/D
          Clock: (R) clk_osc_fast

                     Capture       Launch     
        Clock Edge:+     900            0     
       Src Latency:+       0            0     
       Net Latency:+       0 (I)        0 (I) 
           Arrival:=     900            0     
                                              
             Setup:-     633                  
       Uncertainty:-      50                  
     Required Time:=     217                  
      Launch Clock:-       0                  
         Data Path:-    2798                  
             Slack:=   -2581                  

Launch clock path:
#-------------------------------------------------------------------------------------------------------------------------
#                  Timing Point                    Flags   Arc   Edge   Cell     Fanout Load Trans Delay Arrival Instance 
#                                                                                       (fF)  (ps)  (ps)   (ps)  Location 
#-------------------------------------------------------------------------------------------------------------------------
  u_core_u_osc_fast_u_stub/phase[0]                (i,b)   -     R     (arrival)    111  0.0     0     0       0    (-,-) 
  u_core_gen_pd_row[2].gen_pd_col[0].u_pd/q1_reg/C <<<     -     R     DFRRQHDX1    111    -   150     0       0    (-,-) 
#-------------------------------------------------------------------------------------------------------------------------

#--------------------------------------------------------------------------------------------------------------------------------------------
#                           Timing Point                             Flags   Arc   Edge   Cell     Fanout  Load Trans Delay Arrival Instance 
#                                                                                                          (fF)  (ps)  (ps)   (ps)  Location 
#--------------------------------------------------------------------------------------------------------------------------------------------
  u_core_gen_pd_row[2].gen_pd_col[0].u_pd/q1_reg/C                   -       -     R     (arrival)    111     -   150     0       0    (-,-) 
  u_core_gen_pd_row[2].gen_pd_col[0].u_pd/q1_reg/Q                   -       C->Q  F     DFRRQHDX1      3  31.9   315  1076    1076    (-,-) 
  u_core_gen_pd_row[2].gen_pd_col[0].u_pd/g2823/Q                    -       A->Q  R     INHDX1         1  14.1   198   249    1325    (-,-) 
  u_core_gen_pd_row[2].gen_pd_col[0].u_pd/g17/Q                      -       A->Q  R     AND3HDX4      13 141.2   406   791    2116    (-,-) 
  u_core_gen_pd_row[2].gen_pd_col[0].u_pd/g21/Q                      -       AN->Q R     NA2I1HDX1      1  15.8   326   445    2561    (-,-) 
  u_core_gen_pd_row[2].gen_pd_col[0].u_pd/g20/Q                      -       C->Q  F     NA22HDX1       1  12.2   185   236    2798    (-,-) 
  u_core_gen_pd_row[2].gen_pd_col[0].u_pd/nfast_hit_latched_reg[3]/D -       -     F     DFRRQHDX4      1     -     -     0    2798    (-,-) 
#--------------------------------------------------------------------------------------------------------------------------------------------

Capture clock path:
#-------------------------------------------------------------------------------------------------------------------------------------------
#                           Timing Point                             Flags   Arc   Edge   Cell     Fanout Load Trans Delay Arrival Instance 
#                                                                                                         (fF)  (ps)  (ps)   (ps)  Location 
#-------------------------------------------------------------------------------------------------------------------------------------------
  u_core_u_osc_fast_u_stub/phase[0]                                  (i,b)   -     R     (arrival)    111  0.0     0     0     900    (-,-) 
  u_core_gen_pd_row[2].gen_pd_col[0].u_pd/nfast_hit_latched_reg[3]/C <<<     -     R     DFRRQHDX4    111    -   150     0     900    (-,-) 
#-------------------------------------------------------------------------------------------------------------------------------------------



Path 32: VIOLATED (-2580 ps) Setup Check with Pin u_core_u_fast_cnt_bin_q_reg[3]/C->D
           View: wc_view
          Group: clk_osc_fast
     Startpoint: (R) u_core_u_fast_cnt_bin_q_reg[0]/C
          Clock: (R) clk_osc_fast
       Endpoint: (R) u_core_u_fast_cnt_bin_q_reg[3]/D
          Clock: (R) clk_osc_fast

                     Capture       Launch     
        Clock Edge:+     900            0     
       Src Latency:+       0            0     
       Net Latency:+       0 (I)        0 (I) 
           Arrival:=     900            0     
                                              
             Setup:-     328                  
       Uncertainty:-      50                  
     Required Time:=     522                  
      Launch Clock:-       0                  
         Data Path:-    3102                  
             Slack:=   -2580                  

Launch clock path:
#----------------------------------------------------------------------------------------------------------
#           Timing Point            Flags   Arc   Edge   Cell     Fanout Load Trans Delay Arrival Instance 
#                                                                        (fF)  (ps)  (ps)   (ps)  Location 
#----------------------------------------------------------------------------------------------------------
  u_core_u_osc_fast_u_stub/phase[0] (i,b)   -     R     (arrival)    111  0.0     0     0       0    (-,-) 
  u_core_u_fast_cnt_bin_q_reg[0]/C  <<<     -     R     DFRRQHDX1    111    -   150     0       0    (-,-) 
#----------------------------------------------------------------------------------------------------------

#----------------------------------------------------------------------------------------------------------
#          Timing Point            Flags   Arc   Edge   Cell     Fanout  Load Trans Delay Arrival Instance 
#                                                                        (fF)  (ps)  (ps)   (ps)  Location 
#----------------------------------------------------------------------------------------------------------
  u_core_u_fast_cnt_bin_q_reg[0]/C -       -     R     (arrival)    111     -   150     0       0    (-,-) 
  u_core_u_fast_cnt_bin_q_reg[0]/Q -       C->Q  F     DFRRQHDX1      1  32.3   316  1079    1079    (-,-) 
  drc189663/Q                      -       A->Q  F     BUHDX6         5 126.7   186   448    1527    (-,-) 
  g189684/Q                        -       B->Q  R     NA3HDX1        2  25.4   480   457    1984    (-,-) 
  g34/Q                            -       A->Q  F     EO2HDX1        1  15.5   344   714    2698    (-,-) 
  g159546/Q                        -       A->Q  R     NO2HDX1        1  12.3   364   404    3102    (-,-) 
  u_core_u_fast_cnt_bin_q_reg[3]/D -       -     R     DFRRQHDX1      1     -     -     0    3102    (-,-) 
#----------------------------------------------------------------------------------------------------------

Capture clock path:
#----------------------------------------------------------------------------------------------------------
#           Timing Point            Flags   Arc   Edge   Cell     Fanout Load Trans Delay Arrival Instance 
#                                                                        (fF)  (ps)  (ps)   (ps)  Location 
#----------------------------------------------------------------------------------------------------------
  u_core_u_osc_fast_u_stub/phase[0] (i,b)   -     R     (arrival)    111  0.0     0     0     900    (-,-) 
  u_core_u_fast_cnt_bin_q_reg[3]/C  <<<     -     R     DFRRQHDX1    111    -   150     0     900    (-,-) 
#----------------------------------------------------------------------------------------------------------



Path 33: VIOLATED (-2576 ps) Setup Check with Pin u_core_u_slow_cnt_dst_count_latched_reg[2]/C->D
           View: wc_view
          Group: clk_osc_fast
     Startpoint: (R) u_core_u_slow_cnt_gray_snap_ff2_async_reg[3]/C
          Clock: (R) clk_osc_fast
       Endpoint: (F) u_core_u_slow_cnt_dst_count_latched_reg[2]/D
          Clock: (R) clk_osc_fast

                     Capture       Launch     
        Clock Edge:+     900            0     
       Src Latency:+       0            0     
       Net Latency:+       0 (I)        0 (I) 
           Arrival:=     900            0     
                                              
             Setup:-     669                  
       Uncertainty:-      50                  
     Required Time:=     181                  
      Launch Clock:-       0                  
         Data Path:-    2757                  
             Slack:=   -2576                  

Launch clock path:
#-----------------------------------------------------------------------------------------------------------------------
#                 Timing Point                   Flags   Arc   Edge   Cell     Fanout Load Trans Delay Arrival Instance 
#                                                                                     (fF)  (ps)  (ps)   (ps)  Location 
#-----------------------------------------------------------------------------------------------------------------------
  u_core_u_osc_fast_u_stub/phase[0]              (i,b)   -     R     (arrival)    111  0.0     0     0       0    (-,-) 
  u_core_u_slow_cnt_gray_snap_ff2_async_reg[3]/C <<<     -     R     DFRRQHDX1    111    -   150     0       0    (-,-) 
#-----------------------------------------------------------------------------------------------------------------------

#-----------------------------------------------------------------------------------------------------------------------
#                 Timing Point                   Flags   Arc   Edge   Cell     Fanout Load Trans Delay Arrival Instance 
#                                                                                     (fF)  (ps)  (ps)   (ps)  Location 
#-----------------------------------------------------------------------------------------------------------------------
  u_core_u_slow_cnt_gray_snap_ff2_async_reg[3]/C -       -     R     (arrival)    111    -   150     0       0    (-,-) 
  u_core_u_slow_cnt_gray_snap_ff2_async_reg[3]/Q -       C->Q  F     DFRRQHDX1      2 28.0   299  1054    1054    (-,-) 
  g85128/Q                                       -       B->Q  F     EN3HDX2        3 57.6   181  1292    2346    (-,-) 
  g85114/Q                                       -       B->Q  F     EN2HDX1        1 12.3   191   411    2756    (-,-) 
  u_core_u_slow_cnt_dst_count_latched_reg[2]/D   -       -     F     DFRRQHDX1      1    -     -     0    2757    (-,-) 
#-----------------------------------------------------------------------------------------------------------------------

Capture clock path:
#---------------------------------------------------------------------------------------------------------------------
#                Timing Point                  Flags   Arc   Edge   Cell     Fanout Load Trans Delay Arrival Instance 
#                                                                                   (fF)  (ps)  (ps)   (ps)  Location 
#---------------------------------------------------------------------------------------------------------------------
  u_core_u_osc_fast_u_stub/phase[0]            (i,b)   -     R     (arrival)    111  0.0     0     0     900    (-,-) 
  u_core_u_slow_cnt_dst_count_latched_reg[2]/C <<<     -     R     DFRRQHDX1    111    -   150     0     900    (-,-) 
#---------------------------------------------------------------------------------------------------------------------



Path 34: VIOLATED (-2554 ps) Setup Check with Pin u_core_gen_pd_row[6].gen_pd_col[0].u_pd/nfast_hit_latched_reg[3]/C->D
           View: wc_view
          Group: clk_osc_fast
     Startpoint: (R) u_core_u_fast_cnt_bin_q_reg[3]/C
          Clock: (R) clk_osc_fast
       Endpoint: (F) u_core_gen_pd_row[6].gen_pd_col[0].u_pd/nfast_hit_latched_reg[3]/D
          Clock: (R) clk_osc_fast

                     Capture       Launch     
        Clock Edge:+     900            0     
       Src Latency:+       0            0     
       Net Latency:+       0 (I)        0 (I) 
           Arrival:=     900            0     
                                              
             Setup:-     661                  
       Uncertainty:-      50                  
     Required Time:=     189                  
      Launch Clock:-       0                  
         Data Path:-    2744                  
             Slack:=   -2554                  

Launch clock path:
#----------------------------------------------------------------------------------------------------------
#           Timing Point            Flags   Arc   Edge   Cell     Fanout Load Trans Delay Arrival Instance 
#                                                                        (fF)  (ps)  (ps)   (ps)  Location 
#----------------------------------------------------------------------------------------------------------
  u_core_u_osc_fast_u_stub/phase[0] (i,b)   -     R     (arrival)    111  0.0     0     0       0    (-,-) 
  u_core_u_fast_cnt_bin_q_reg[3]/C  <<<     -     R     DFRRQHDX1    111    -   150     0       0    (-,-) 
#----------------------------------------------------------------------------------------------------------

#--------------------------------------------------------------------------------------------------------------------------------------------
#                           Timing Point                             Flags   Arc   Edge   Cell     Fanout  Load Trans Delay Arrival Instance 
#                                                                                                          (fF)  (ps)  (ps)   (ps)  Location 
#--------------------------------------------------------------------------------------------------------------------------------------------
  u_core_u_fast_cnt_bin_q_reg[3]/C                                   -       -     R     (arrival)    111     -   150     0       0    (-,-) 
  u_core_u_fast_cnt_bin_q_reg[3]/Q                                   -       C->Q  F     DFRRQHDX1      3  76.2   488  1294    1294    (-,-) 
  g189685/Q                                                          -       A->Q  F     BUHDX12       58 564.8   356   650    1944    (-,-) 
  g71274/Q                                                           -       A->Q  F     BUHDX6         9 113.4   173   447    2391    (-,-) 
  u_core_gen_pd_row[6].gen_pd_col[0].u_pd/g20/Q                      -       A->Q  F     NA22HDX1       1  12.3   175   353    2744    (-,-) 
  u_core_gen_pd_row[6].gen_pd_col[0].u_pd/nfast_hit_latched_reg[3]/D -       -     F     DFRRQHDX2      1     -     -     0    2744    (-,-) 
#--------------------------------------------------------------------------------------------------------------------------------------------

Capture clock path:
#-------------------------------------------------------------------------------------------------------------------------------------------
#                           Timing Point                             Flags   Arc   Edge   Cell     Fanout Load Trans Delay Arrival Instance 
#                                                                                                         (fF)  (ps)  (ps)   (ps)  Location 
#-------------------------------------------------------------------------------------------------------------------------------------------
  u_core_u_osc_fast_u_stub/phase[0]                                  (i,b)   -     R     (arrival)    111  0.0     0     0     900    (-,-) 
  u_core_gen_pd_row[6].gen_pd_col[0].u_pd/nfast_hit_latched_reg[3]/C <<<     -     R     DFRRQHDX2    111    -   150     0     900    (-,-) 
#-------------------------------------------------------------------------------------------------------------------------------------------



Path 35: VIOLATED (-2554 ps) Setup Check with Pin u_core_gen_pd_row[1].gen_pd_col[0].u_pd/nfast_hit_latched_reg[3]/C->D
           View: wc_view
          Group: clk_osc_fast
     Startpoint: (R) u_core_u_fast_cnt_bin_q_reg[3]/C
          Clock: (R) clk_osc_fast
       Endpoint: (F) u_core_gen_pd_row[1].gen_pd_col[0].u_pd/nfast_hit_latched_reg[3]/D
          Clock: (R) clk_osc_fast

                     Capture       Launch     
        Clock Edge:+     900            0     
       Src Latency:+       0            0     
       Net Latency:+       0 (I)        0 (I) 
           Arrival:=     900            0     
                                              
             Setup:-     661                  
       Uncertainty:-      50                  
     Required Time:=     189                  
      Launch Clock:-       0                  
         Data Path:-    2744                  
             Slack:=   -2554                  

Launch clock path:
#----------------------------------------------------------------------------------------------------------
#           Timing Point            Flags   Arc   Edge   Cell     Fanout Load Trans Delay Arrival Instance 
#                                                                        (fF)  (ps)  (ps)   (ps)  Location 
#----------------------------------------------------------------------------------------------------------
  u_core_u_osc_fast_u_stub/phase[0] (i,b)   -     R     (arrival)    111  0.0     0     0       0    (-,-) 
  u_core_u_fast_cnt_bin_q_reg[3]/C  <<<     -     R     DFRRQHDX1    111    -   150     0       0    (-,-) 
#----------------------------------------------------------------------------------------------------------

#--------------------------------------------------------------------------------------------------------------------------------------------
#                           Timing Point                             Flags   Arc   Edge   Cell     Fanout  Load Trans Delay Arrival Instance 
#                                                                                                          (fF)  (ps)  (ps)   (ps)  Location 
#--------------------------------------------------------------------------------------------------------------------------------------------
  u_core_u_fast_cnt_bin_q_reg[3]/C                                   -       -     R     (arrival)    111     -   150     0       0    (-,-) 
  u_core_u_fast_cnt_bin_q_reg[3]/Q                                   -       C->Q  F     DFRRQHDX1      3  76.2   488  1294    1294    (-,-) 
  g189685/Q                                                          -       A->Q  F     BUHDX12       58 564.8   356   650    1944    (-,-) 
  g71274/Q                                                           -       A->Q  F     BUHDX6         9 113.4   173   447    2391    (-,-) 
  u_core_gen_pd_row[1].gen_pd_col[0].u_pd/g20/Q                      -       A->Q  F     NA22HDX1       1  12.3   175   353    2744    (-,-) 
  u_core_gen_pd_row[1].gen_pd_col[0].u_pd/nfast_hit_latched_reg[3]/D -       -     F     DFRRQHDX2      1     -     -     0    2744    (-,-) 
#--------------------------------------------------------------------------------------------------------------------------------------------

Capture clock path:
#-------------------------------------------------------------------------------------------------------------------------------------------
#                           Timing Point                             Flags   Arc   Edge   Cell     Fanout Load Trans Delay Arrival Instance 
#                                                                                                         (fF)  (ps)  (ps)   (ps)  Location 
#-------------------------------------------------------------------------------------------------------------------------------------------
  u_core_u_osc_fast_u_stub/phase[0]                                  (i,b)   -     R     (arrival)    111  0.0     0     0     900    (-,-) 
  u_core_gen_pd_row[1].gen_pd_col[0].u_pd/nfast_hit_latched_reg[3]/C <<<     -     R     DFRRQHDX2    111    -   150     0     900    (-,-) 
#-------------------------------------------------------------------------------------------------------------------------------------------



Path 36: VIOLATED (-2554 ps) Setup Check with Pin u_core_gen_pd_row[0].gen_pd_col[0].u_pd/nfast_hit_latched_reg[3]/C->D
           View: wc_view
          Group: clk_osc_fast
     Startpoint: (R) u_core_u_fast_cnt_bin_q_reg[3]/C
          Clock: (R) clk_osc_fast
       Endpoint: (F) u_core_gen_pd_row[0].gen_pd_col[0].u_pd/nfast_hit_latched_reg[3]/D
          Clock: (R) clk_osc_fast

                     Capture       Launch     
        Clock Edge:+     900            0     
       Src Latency:+       0            0     
       Net Latency:+       0 (I)        0 (I) 
           Arrival:=     900            0     
                                              
             Setup:-     661                  
       Uncertainty:-      50                  
     Required Time:=     189                  
      Launch Clock:-       0                  
         Data Path:-    2744                  
             Slack:=   -2554                  

Launch clock path:
#----------------------------------------------------------------------------------------------------------
#           Timing Point            Flags   Arc   Edge   Cell     Fanout Load Trans Delay Arrival Instance 
#                                                                        (fF)  (ps)  (ps)   (ps)  Location 
#----------------------------------------------------------------------------------------------------------
  u_core_u_osc_fast_u_stub/phase[0] (i,b)   -     R     (arrival)    111  0.0     0     0       0    (-,-) 
  u_core_u_fast_cnt_bin_q_reg[3]/C  <<<     -     R     DFRRQHDX1    111    -   150     0       0    (-,-) 
#----------------------------------------------------------------------------------------------------------

#--------------------------------------------------------------------------------------------------------------------------------------------
#                           Timing Point                             Flags   Arc   Edge   Cell     Fanout  Load Trans Delay Arrival Instance 
#                                                                                                          (fF)  (ps)  (ps)   (ps)  Location 
#--------------------------------------------------------------------------------------------------------------------------------------------
  u_core_u_fast_cnt_bin_q_reg[3]/C                                   -       -     R     (arrival)    111     -   150     0       0    (-,-) 
  u_core_u_fast_cnt_bin_q_reg[3]/Q                                   -       C->Q  F     DFRRQHDX1      3  76.2   488  1294    1294    (-,-) 
  g189685/Q                                                          -       A->Q  F     BUHDX12       58 564.8   356   650    1944    (-,-) 
  g71274/Q                                                           -       A->Q  F     BUHDX6         9 113.4   173   447    2391    (-,-) 
  u_core_gen_pd_row[0].gen_pd_col[0].u_pd/g20/Q                      -       A->Q  F     NA22HDX1       1  12.3   175   353    2744    (-,-) 
  u_core_gen_pd_row[0].gen_pd_col[0].u_pd/nfast_hit_latched_reg[3]/D -       -     F     DFRRQHDX2      1     -     -     0    2744    (-,-) 
#--------------------------------------------------------------------------------------------------------------------------------------------

Capture clock path:
#-------------------------------------------------------------------------------------------------------------------------------------------
#                           Timing Point                             Flags   Arc   Edge   Cell     Fanout Load Trans Delay Arrival Instance 
#                                                                                                         (fF)  (ps)  (ps)   (ps)  Location 
#-------------------------------------------------------------------------------------------------------------------------------------------
  u_core_u_osc_fast_u_stub/phase[0]                                  (i,b)   -     R     (arrival)    111  0.0     0     0     900    (-,-) 
  u_core_gen_pd_row[0].gen_pd_col[0].u_pd/nfast_hit_latched_reg[3]/C <<<     -     R     DFRRQHDX2    111    -   150     0     900    (-,-) 
#-------------------------------------------------------------------------------------------------------------------------------------------



Path 37: VIOLATED (-2532 ps) Setup Check with Pin u_core_gen_pd_row[7].gen_pd_col[0].u_pd/nfast_hit_latched_reg[0]/C->D
           View: wc_view
          Group: clk_osc_fast
     Startpoint: (R) u_core_gen_pd_row[7].gen_pd_col[0].u_pd/q1_reg/C
          Clock: (R) clk_osc_fast
       Endpoint: (F) u_core_gen_pd_row[7].gen_pd_col[0].u_pd/nfast_hit_latched_reg[0]/D
          Clock: (R) clk_osc_fast

                     Capture       Launch     
        Clock Edge:+     900            0     
       Src Latency:+       0            0     
       Net Latency:+       0 (I)        0 (I) 
           Arrival:=     900            0     
                                              
             Setup:-     664                  
       Uncertainty:-      50                  
     Required Time:=     186                  
      Launch Clock:-       0                  
         Data Path:-    2718                  
             Slack:=   -2532                  

Launch clock path:
#-------------------------------------------------------------------------------------------------------------------------
#                  Timing Point                    Flags   Arc   Edge   Cell     Fanout Load Trans Delay Arrival Instance 
#                                                                                       (fF)  (ps)  (ps)   (ps)  Location 
#-------------------------------------------------------------------------------------------------------------------------
  u_core_u_osc_fast_u_stub/phase[0]                (i,b)   -     R     (arrival)    111  0.0     0     0       0    (-,-) 
  u_core_gen_pd_row[7].gen_pd_col[0].u_pd/q1_reg/C <<<     -     R     DFRRQHDX1    111    -   150     0       0    (-,-) 
#-------------------------------------------------------------------------------------------------------------------------

#--------------------------------------------------------------------------------------------------------------------------------------------
#                           Timing Point                             Flags   Arc   Edge   Cell     Fanout  Load Trans Delay Arrival Instance 
#                                                                                                          (fF)  (ps)  (ps)   (ps)  Location 
#--------------------------------------------------------------------------------------------------------------------------------------------
  u_core_gen_pd_row[7].gen_pd_col[0].u_pd/q1_reg/C                   -       -     R     (arrival)    111     -   150     0       0    (-,-) 
  u_core_gen_pd_row[7].gen_pd_col[0].u_pd/q1_reg/Q                   -       C->Q  F     DFRRQHDX1      3  31.9   315  1076    1076    (-,-) 
  u_core_gen_pd_row[7].gen_pd_col[0].u_pd/g2823/Q                    -       A->Q  R     INHDX1         1  14.1   198   249    1325    (-,-) 
  u_core_gen_pd_row[7].gen_pd_col[0].u_pd/g17/Q                      -       A->Q  R     AND3HDX4      13 148.2   420   803    2128    (-,-) 
  u_core_gen_pd_row[7].gen_pd_col[0].u_pd/g24/Q                      -       A->Q  R     OR2HDX1        1  15.8   189   384    2512    (-,-) 
  u_core_gen_pd_row[7].gen_pd_col[0].u_pd/g23/Q                      -       C->Q  F     NA22HDX1       1  12.3   172   206    2718    (-,-) 
  u_core_gen_pd_row[7].gen_pd_col[0].u_pd/nfast_hit_latched_reg[0]/D -       -     F     DFRRQHDX1      1     -     -     0    2718    (-,-) 
#--------------------------------------------------------------------------------------------------------------------------------------------

Capture clock path:
#-------------------------------------------------------------------------------------------------------------------------------------------
#                           Timing Point                             Flags   Arc   Edge   Cell     Fanout Load Trans Delay Arrival Instance 
#                                                                                                         (fF)  (ps)  (ps)   (ps)  Location 
#-------------------------------------------------------------------------------------------------------------------------------------------
  u_core_u_osc_fast_u_stub/phase[0]                                  (i,b)   -     R     (arrival)    111  0.0     0     0     900    (-,-) 
  u_core_gen_pd_row[7].gen_pd_col[0].u_pd/nfast_hit_latched_reg[0]/C <<<     -     R     DFRRQHDX1    111    -   150     0     900    (-,-) 
#-------------------------------------------------------------------------------------------------------------------------------------------



Path 38: VIOLATED (-2531 ps) Setup Check with Pin u_core_gen_pd_row[1].gen_pd_col[0].u_pd/nfast_hit_latched_reg[2]/C->D
           View: wc_view
          Group: clk_osc_fast
     Startpoint: (R) u_core_gen_pd_row[1].gen_pd_col[0].u_pd/q1_reg/C
          Clock: (R) clk_osc_fast
       Endpoint: (F) u_core_gen_pd_row[1].gen_pd_col[0].u_pd/nfast_hit_latched_reg[2]/D
          Clock: (R) clk_osc_fast

                     Capture       Launch     
        Clock Edge:+     900            0     
       Src Latency:+       0            0     
       Net Latency:+       0 (I)        0 (I) 
           Arrival:=     900            0     
                                              
             Setup:-     664                  
       Uncertainty:-      50                  
     Required Time:=     186                  
      Launch Clock:-       0                  
         Data Path:-    2718                  
             Slack:=   -2531                  

Launch clock path:
#-------------------------------------------------------------------------------------------------------------------------
#                  Timing Point                    Flags   Arc   Edge   Cell     Fanout Load Trans Delay Arrival Instance 
#                                                                                       (fF)  (ps)  (ps)   (ps)  Location 
#-------------------------------------------------------------------------------------------------------------------------
  u_core_u_osc_fast_u_stub/phase[0]                (i,b)   -     R     (arrival)    111  0.0     0     0       0    (-,-) 
  u_core_gen_pd_row[1].gen_pd_col[0].u_pd/q1_reg/C <<<     -     R     DFRRQHDX1    111    -   150     0       0    (-,-) 
#-------------------------------------------------------------------------------------------------------------------------

#--------------------------------------------------------------------------------------------------------------------------------------------
#                           Timing Point                             Flags   Arc   Edge   Cell     Fanout  Load Trans Delay Arrival Instance 
#                                                                                                          (fF)  (ps)  (ps)   (ps)  Location 
#--------------------------------------------------------------------------------------------------------------------------------------------
  u_core_gen_pd_row[1].gen_pd_col[0].u_pd/q1_reg/C                   -       -     R     (arrival)    111     -   150     0       0    (-,-) 
  u_core_gen_pd_row[1].gen_pd_col[0].u_pd/q1_reg/Q                   -       C->Q  F     DFRRQHDX1      3  31.9   315  1076    1076    (-,-) 
  u_core_gen_pd_row[1].gen_pd_col[0].u_pd/g2823/Q                    -       A->Q  R     INHDX1         1  14.1   198   249    1325    (-,-) 
  u_core_gen_pd_row[1].gen_pd_col[0].u_pd/g17/Q                      -       A->Q  R     AND3HDX4      13 147.8   419   802    2128    (-,-) 
  u_core_gen_pd_row[1].gen_pd_col[0].u_pd/g2934/Q                    -       A->Q  R     OR2HDX1        1  15.8   189   384    2511    (-,-) 
  u_core_gen_pd_row[1].gen_pd_col[0].u_pd/g2933/Q                    -       C->Q  F     NA22HDX1       1  12.3   172   206    2717    (-,-) 
  u_core_gen_pd_row[1].gen_pd_col[0].u_pd/nfast_hit_latched_reg[2]/D -       -     F     DFRRQHDX1      1     -     -     0    2718    (-,-) 
#--------------------------------------------------------------------------------------------------------------------------------------------

Capture clock path:
#-------------------------------------------------------------------------------------------------------------------------------------------
#                           Timing Point                             Flags   Arc   Edge   Cell     Fanout Load Trans Delay Arrival Instance 
#                                                                                                         (fF)  (ps)  (ps)   (ps)  Location 
#-------------------------------------------------------------------------------------------------------------------------------------------
  u_core_u_osc_fast_u_stub/phase[0]                                  (i,b)   -     R     (arrival)    111  0.0     0     0     900    (-,-) 
  u_core_gen_pd_row[1].gen_pd_col[0].u_pd/nfast_hit_latched_reg[2]/C <<<     -     R     DFRRQHDX1    111    -   150     0     900    (-,-) 
#-------------------------------------------------------------------------------------------------------------------------------------------



Path 39: VIOLATED (-2531 ps) Setup Check with Pin u_core_gen_pd_row[1].gen_pd_col[0].u_pd/nfast_hit_latched_reg[0]/C->D
           View: wc_view
          Group: clk_osc_fast
     Startpoint: (R) u_core_gen_pd_row[1].gen_pd_col[0].u_pd/q1_reg/C
          Clock: (R) clk_osc_fast
       Endpoint: (F) u_core_gen_pd_row[1].gen_pd_col[0].u_pd/nfast_hit_latched_reg[0]/D
          Clock: (R) clk_osc_fast

                     Capture       Launch     
        Clock Edge:+     900            0     
       Src Latency:+       0            0     
       Net Latency:+       0 (I)        0 (I) 
           Arrival:=     900            0     
                                              
             Setup:-     664                  
       Uncertainty:-      50                  
     Required Time:=     186                  
      Launch Clock:-       0                  
         Data Path:-    2718                  
             Slack:=   -2531                  

Launch clock path:
#-------------------------------------------------------------------------------------------------------------------------
#                  Timing Point                    Flags   Arc   Edge   Cell     Fanout Load Trans Delay Arrival Instance 
#                                                                                       (fF)  (ps)  (ps)   (ps)  Location 
#-------------------------------------------------------------------------------------------------------------------------
  u_core_u_osc_fast_u_stub/phase[0]                (i,b)   -     R     (arrival)    111  0.0     0     0       0    (-,-) 
  u_core_gen_pd_row[1].gen_pd_col[0].u_pd/q1_reg/C <<<     -     R     DFRRQHDX1    111    -   150     0       0    (-,-) 
#-------------------------------------------------------------------------------------------------------------------------

#--------------------------------------------------------------------------------------------------------------------------------------------
#                           Timing Point                             Flags   Arc   Edge   Cell     Fanout  Load Trans Delay Arrival Instance 
#                                                                                                          (fF)  (ps)  (ps)   (ps)  Location 
#--------------------------------------------------------------------------------------------------------------------------------------------
  u_core_gen_pd_row[1].gen_pd_col[0].u_pd/q1_reg/C                   -       -     R     (arrival)    111     -   150     0       0    (-,-) 
  u_core_gen_pd_row[1].gen_pd_col[0].u_pd/q1_reg/Q                   -       C->Q  F     DFRRQHDX1      3  31.9   315  1076    1076    (-,-) 
  u_core_gen_pd_row[1].gen_pd_col[0].u_pd/g2823/Q                    -       A->Q  R     INHDX1         1  14.1   198   249    1325    (-,-) 
  u_core_gen_pd_row[1].gen_pd_col[0].u_pd/g17/Q                      -       A->Q  R     AND3HDX4      13 147.8   419   802    2128    (-,-) 
  u_core_gen_pd_row[1].gen_pd_col[0].u_pd/g24/Q                      -       A->Q  R     OR2HDX1        1  15.8   189   384    2511    (-,-) 
  u_core_gen_pd_row[1].gen_pd_col[0].u_pd/g23/Q                      -       C->Q  F     NA22HDX1       1  12.3   172   206    2717    (-,-) 
  u_core_gen_pd_row[1].gen_pd_col[0].u_pd/nfast_hit_latched_reg[0]/D -       -     F     DFRRQHDX1      1     -     -     0    2718    (-,-) 
#--------------------------------------------------------------------------------------------------------------------------------------------

Capture clock path:
#-------------------------------------------------------------------------------------------------------------------------------------------
#                           Timing Point                             Flags   Arc   Edge   Cell     Fanout Load Trans Delay Arrival Instance 
#                                                                                                         (fF)  (ps)  (ps)   (ps)  Location 
#-------------------------------------------------------------------------------------------------------------------------------------------
  u_core_u_osc_fast_u_stub/phase[0]                                  (i,b)   -     R     (arrival)    111  0.0     0     0     900    (-,-) 
  u_core_gen_pd_row[1].gen_pd_col[0].u_pd/nfast_hit_latched_reg[0]/C <<<     -     R     DFRRQHDX1    111    -   150     0     900    (-,-) 
#-------------------------------------------------------------------------------------------------------------------------------------------



Path 40: VIOLATED (-2529 ps) Setup Check with Pin u_core_u_fast_cnt_bin_q_reg[2]/C->D
           View: wc_view
          Group: clk_osc_fast
     Startpoint: (R) u_core_u_fast_cnt_bin_q_reg[0]/C
          Clock: (R) clk_osc_fast
       Endpoint: (F) u_core_u_fast_cnt_bin_q_reg[2]/D
          Clock: (R) clk_osc_fast

                     Capture       Launch     
        Clock Edge:+     900            0     
       Src Latency:+       0            0     
       Net Latency:+       0 (I)        0 (I) 
           Arrival:=     900            0     
                                              
             Setup:-     675                  
       Uncertainty:-      50                  
     Required Time:=     175                  
      Launch Clock:-       0                  
         Data Path:-    2704                  
             Slack:=   -2529                  

Launch clock path:
#----------------------------------------------------------------------------------------------------------
#           Timing Point            Flags   Arc   Edge   Cell     Fanout Load Trans Delay Arrival Instance 
#                                                                        (fF)  (ps)  (ps)   (ps)  Location 
#----------------------------------------------------------------------------------------------------------
  u_core_u_osc_fast_u_stub/phase[0] (i,b)   -     R     (arrival)    111  0.0     0     0       0    (-,-) 
  u_core_u_fast_cnt_bin_q_reg[0]/C  <<<     -     R     DFRRQHDX1    111    -   150     0       0    (-,-) 
#----------------------------------------------------------------------------------------------------------

#-----------------------------------------------------------------------------------------------------------
#          Timing Point            Flags    Arc   Edge   Cell     Fanout  Load Trans Delay Arrival Instance 
#                                                                         (fF)  (ps)  (ps)   (ps)  Location 
#-----------------------------------------------------------------------------------------------------------
  u_core_u_fast_cnt_bin_q_reg[0]/C -       -      R     (arrival)    111     -   150     0       0    (-,-) 
  u_core_u_fast_cnt_bin_q_reg[0]/Q -       C->Q   F     DFRRQHDX1      1  32.3   316  1079    1079    (-,-) 
  drc189663/Q                      -       A->Q   F     BUHDX6         5 126.7   186   448    1527    (-,-) 
  g189693/Q                        -       B->Q   F     AND2HDX2       6  64.2   208   549    2076    (-,-) 
  g189698/Q                        -       A->Q   R     NA2HDX1        1  18.9   368   350    2425    (-,-) 
  g72/Q                            -       IN0->Q F     MU2IHDX2       1  12.3   212   278    2704    (-,-) 
  u_core_u_fast_cnt_bin_q_reg[2]/D -       -      F     DFRRQHDX1      1     -     -     0    2704    (-,-) 
#-----------------------------------------------------------------------------------------------------------

Capture clock path:
#----------------------------------------------------------------------------------------------------------
#           Timing Point            Flags   Arc   Edge   Cell     Fanout Load Trans Delay Arrival Instance 
#                                                                        (fF)  (ps)  (ps)   (ps)  Location 
#----------------------------------------------------------------------------------------------------------
  u_core_u_osc_fast_u_stub/phase[0] (i,b)   -     R     (arrival)    111  0.0     0     0     900    (-,-) 
  u_core_u_fast_cnt_bin_q_reg[2]/C  <<<     -     R     DFRRQHDX1    111    -   150     0     900    (-,-) 
#----------------------------------------------------------------------------------------------------------



Path 41: VIOLATED (-2526 ps) Setup Check with Pin u_core_gen_pd_row[0].gen_pd_col[0].u_pd/nfast_hit_latched_reg[0]/C->D
           View: wc_view
          Group: clk_osc_fast
     Startpoint: (R) u_core_gen_pd_row[0].gen_pd_col[0].u_pd/q1_reg/C
          Clock: (R) clk_osc_fast
       Endpoint: (F) u_core_gen_pd_row[0].gen_pd_col[0].u_pd/nfast_hit_latched_reg[0]/D
          Clock: (R) clk_osc_fast

                     Capture       Launch     
        Clock Edge:+     900            0     
       Src Latency:+       0            0     
       Net Latency:+       0 (I)        0 (I) 
           Arrival:=     900            0     
                                              
             Setup:-     664                  
       Uncertainty:-      50                  
     Required Time:=     186                  
      Launch Clock:-       0                  
         Data Path:-    2712                  
             Slack:=   -2526                  

Launch clock path:
#-------------------------------------------------------------------------------------------------------------------------
#                  Timing Point                    Flags   Arc   Edge   Cell     Fanout Load Trans Delay Arrival Instance 
#                                                                                       (fF)  (ps)  (ps)   (ps)  Location 
#-------------------------------------------------------------------------------------------------------------------------
  u_core_u_osc_fast_u_stub/phase[0]                (i,b)   -     R     (arrival)    111  0.0     0     0       0    (-,-) 
  u_core_gen_pd_row[0].gen_pd_col[0].u_pd/q1_reg/C <<<     -     R     DFRRQHDX1    111    -   150     0       0    (-,-) 
#-------------------------------------------------------------------------------------------------------------------------

#--------------------------------------------------------------------------------------------------------------------------------------------
#                           Timing Point                             Flags   Arc   Edge   Cell     Fanout  Load Trans Delay Arrival Instance 
#                                                                                                          (fF)  (ps)  (ps)   (ps)  Location 
#--------------------------------------------------------------------------------------------------------------------------------------------
  u_core_gen_pd_row[0].gen_pd_col[0].u_pd/q1_reg/C                   -       -     R     (arrival)    111     -   150     0       0    (-,-) 
  u_core_gen_pd_row[0].gen_pd_col[0].u_pd/q1_reg/Q                   -       C->Q  F     DFRRQHDX1      3  31.9   315  1076    1076    (-,-) 
  u_core_gen_pd_row[0].gen_pd_col[0].u_pd/g2823/Q                    -       A->Q  R     INHDX1         1  14.1   198   249    1325    (-,-) 
  u_core_gen_pd_row[0].gen_pd_col[0].u_pd/g17/Q                      -       A->Q  R     AND3HDX4      13 145.3   414   798    2123    (-,-) 
  u_core_gen_pd_row[0].gen_pd_col[0].u_pd/g24/Q                      -       A->Q  R     OR2HDX1        1  15.8   189   383    2506    (-,-) 
  u_core_gen_pd_row[0].gen_pd_col[0].u_pd/g23/Q                      -       C->Q  F     NA22HDX1       1  12.3   172   206    2712    (-,-) 
  u_core_gen_pd_row[0].gen_pd_col[0].u_pd/nfast_hit_latched_reg[0]/D -       -     F     DFRRQHDX1      1     -     -     0    2712    (-,-) 
#--------------------------------------------------------------------------------------------------------------------------------------------

Capture clock path:
#-------------------------------------------------------------------------------------------------------------------------------------------
#                           Timing Point                             Flags   Arc   Edge   Cell     Fanout Load Trans Delay Arrival Instance 
#                                                                                                         (fF)  (ps)  (ps)   (ps)  Location 
#-------------------------------------------------------------------------------------------------------------------------------------------
  u_core_u_osc_fast_u_stub/phase[0]                                  (i,b)   -     R     (arrival)    111  0.0     0     0     900    (-,-) 
  u_core_gen_pd_row[0].gen_pd_col[0].u_pd/nfast_hit_latched_reg[0]/C <<<     -     R     DFRRQHDX1    111    -   150     0     900    (-,-) 
#-------------------------------------------------------------------------------------------------------------------------------------------



Path 42: VIOLATED (-2524 ps) Setup Check with Pin u_core_gen_pd_row[7].gen_pd_col[0].u_pd/nfast_hit_latched_reg[5]/C->D
           View: wc_view
          Group: clk_osc_fast
     Startpoint: (R) u_core_gen_pd_row[7].gen_pd_col[0].u_pd/q1_reg/C
          Clock: (R) clk_osc_fast
       Endpoint: (F) u_core_gen_pd_row[7].gen_pd_col[0].u_pd/nfast_hit_latched_reg[5]/D
          Clock: (R) clk_osc_fast

                     Capture       Launch     
        Clock Edge:+     900            0     
       Src Latency:+       0            0     
       Net Latency:+       0 (I)        0 (I) 
           Arrival:=     900            0     
                                              
             Setup:-     661                  
       Uncertainty:-      50                  
     Required Time:=     189                  
      Launch Clock:-       0                  
         Data Path:-    2713                  
             Slack:=   -2524                  

Launch clock path:
#-------------------------------------------------------------------------------------------------------------------------
#                  Timing Point                    Flags   Arc   Edge   Cell     Fanout Load Trans Delay Arrival Instance 
#                                                                                       (fF)  (ps)  (ps)   (ps)  Location 
#-------------------------------------------------------------------------------------------------------------------------
  u_core_u_osc_fast_u_stub/phase[0]                (i,b)   -     R     (arrival)    111  0.0     0     0       0    (-,-) 
  u_core_gen_pd_row[7].gen_pd_col[0].u_pd/q1_reg/C <<<     -     R     DFRRQHDX1    111    -   150     0       0    (-,-) 
#-------------------------------------------------------------------------------------------------------------------------

#--------------------------------------------------------------------------------------------------------------------------------------------
#                           Timing Point                             Flags   Arc   Edge   Cell     Fanout  Load Trans Delay Arrival Instance 
#                                                                                                          (fF)  (ps)  (ps)   (ps)  Location 
#--------------------------------------------------------------------------------------------------------------------------------------------
  u_core_gen_pd_row[7].gen_pd_col[0].u_pd/q1_reg/C                   -       -     R     (arrival)    111     -   150     0       0    (-,-) 
  u_core_gen_pd_row[7].gen_pd_col[0].u_pd/q1_reg/Q                   -       C->Q  F     DFRRQHDX1      3  31.9   315  1076    1076    (-,-) 
  u_core_gen_pd_row[7].gen_pd_col[0].u_pd/g2823/Q                    -       A->Q  R     INHDX1         1  14.1   198   249    1325    (-,-) 
  u_core_gen_pd_row[7].gen_pd_col[0].u_pd/g17/Q                      -       A->Q  R     AND3HDX4      13 148.2   420   803    2128    (-,-) 
  u_core_gen_pd_row[7].gen_pd_col[0].u_pd/g2/Q                       -       AN->Q R     NA2I1HDX2      1  15.8   223   370    2498    (-,-) 
  u_core_gen_pd_row[7].gen_pd_col[0].u_pd/g34/Q                      -       C->Q  F     NA22HDX1       1  12.3   175   215    2713    (-,-) 
  u_core_gen_pd_row[7].gen_pd_col[0].u_pd/nfast_hit_latched_reg[5]/D -       -     F     DFRRQHDX2      1     -     -     0    2713    (-,-) 
#--------------------------------------------------------------------------------------------------------------------------------------------

Capture clock path:
#-------------------------------------------------------------------------------------------------------------------------------------------
#                           Timing Point                             Flags   Arc   Edge   Cell     Fanout Load Trans Delay Arrival Instance 
#                                                                                                         (fF)  (ps)  (ps)   (ps)  Location 
#-------------------------------------------------------------------------------------------------------------------------------------------
  u_core_u_osc_fast_u_stub/phase[0]                                  (i,b)   -     R     (arrival)    111  0.0     0     0     900    (-,-) 
  u_core_gen_pd_row[7].gen_pd_col[0].u_pd/nfast_hit_latched_reg[5]/C <<<     -     R     DFRRQHDX2    111    -   150     0     900    (-,-) 
#-------------------------------------------------------------------------------------------------------------------------------------------



Path 43: VIOLATED (-2524 ps) Setup Check with Pin u_core_gen_pd_row[7].gen_pd_col[0].u_pd/nfast_hit_latched_reg[3]/C->D
           View: wc_view
          Group: clk_osc_fast
     Startpoint: (R) u_core_u_fast_cnt_bin_q_reg[3]/C
          Clock: (R) clk_osc_fast
       Endpoint: (F) u_core_gen_pd_row[7].gen_pd_col[0].u_pd/nfast_hit_latched_reg[3]/D
          Clock: (R) clk_osc_fast

                     Capture       Launch     
        Clock Edge:+     900            0     
       Src Latency:+       0            0     
       Net Latency:+       0 (I)        0 (I) 
           Arrival:=     900            0     
                                              
             Setup:-     631                  
       Uncertainty:-      50                  
     Required Time:=     219                  
      Launch Clock:-       0                  
         Data Path:-    2743                  
             Slack:=   -2524                  

Launch clock path:
#----------------------------------------------------------------------------------------------------------
#           Timing Point            Flags   Arc   Edge   Cell     Fanout Load Trans Delay Arrival Instance 
#                                                                        (fF)  (ps)  (ps)   (ps)  Location 
#----------------------------------------------------------------------------------------------------------
  u_core_u_osc_fast_u_stub/phase[0] (i,b)   -     R     (arrival)    111  0.0     0     0       0    (-,-) 
  u_core_u_fast_cnt_bin_q_reg[3]/C  <<<     -     R     DFRRQHDX1    111    -   150     0       0    (-,-) 
#----------------------------------------------------------------------------------------------------------

#--------------------------------------------------------------------------------------------------------------------------------------------
#                           Timing Point                             Flags   Arc   Edge   Cell     Fanout  Load Trans Delay Arrival Instance 
#                                                                                                          (fF)  (ps)  (ps)   (ps)  Location 
#--------------------------------------------------------------------------------------------------------------------------------------------
  u_core_u_fast_cnt_bin_q_reg[3]/C                                   -       -     R     (arrival)    111     -   150     0       0    (-,-) 
  u_core_u_fast_cnt_bin_q_reg[3]/Q                                   -       C->Q  F     DFRRQHDX1      3  76.2   488  1294    1294    (-,-) 
  g189685/Q                                                          -       A->Q  F     BUHDX12       58 564.8   356   650    1944    (-,-) 
  g71274/Q                                                           -       A->Q  F     BUHDX6         9 113.4   173   447    2391    (-,-) 
  u_core_gen_pd_row[7].gen_pd_col[0].u_pd/g2856/Q                    -       A->Q  F     NA22HDX1       1  12.2   174   352    2743    (-,-) 
  u_core_gen_pd_row[7].gen_pd_col[0].u_pd/nfast_hit_latched_reg[3]/D -       -     F     DFRRQHDX4      1     -     -     0    2743    (-,-) 
#--------------------------------------------------------------------------------------------------------------------------------------------

Capture clock path:
#-------------------------------------------------------------------------------------------------------------------------------------------
#                           Timing Point                             Flags   Arc   Edge   Cell     Fanout Load Trans Delay Arrival Instance 
#                                                                                                         (fF)  (ps)  (ps)   (ps)  Location 
#-------------------------------------------------------------------------------------------------------------------------------------------
  u_core_u_osc_fast_u_stub/phase[0]                                  (i,b)   -     R     (arrival)    111  0.0     0     0     900    (-,-) 
  u_core_gen_pd_row[7].gen_pd_col[0].u_pd/nfast_hit_latched_reg[3]/C <<<     -     R     DFRRQHDX4    111    -   150     0     900    (-,-) 
#-------------------------------------------------------------------------------------------------------------------------------------------



Path 44: VIOLATED (-2524 ps) Setup Check with Pin u_core_gen_pd_row[5].gen_pd_col[0].u_pd/nfast_hit_latched_reg[3]/C->D
           View: wc_view
          Group: clk_osc_fast
     Startpoint: (R) u_core_u_fast_cnt_bin_q_reg[3]/C
          Clock: (R) clk_osc_fast
       Endpoint: (F) u_core_gen_pd_row[5].gen_pd_col[0].u_pd/nfast_hit_latched_reg[3]/D
          Clock: (R) clk_osc_fast

                     Capture       Launch     
        Clock Edge:+     900            0     
       Src Latency:+       0            0     
       Net Latency:+       0 (I)        0 (I) 
           Arrival:=     900            0     
                                              
             Setup:-     631                  
       Uncertainty:-      50                  
     Required Time:=     219                  
      Launch Clock:-       0                  
         Data Path:-    2743                  
             Slack:=   -2524                  

Launch clock path:
#----------------------------------------------------------------------------------------------------------
#           Timing Point            Flags   Arc   Edge   Cell     Fanout Load Trans Delay Arrival Instance 
#                                                                        (fF)  (ps)  (ps)   (ps)  Location 
#----------------------------------------------------------------------------------------------------------
  u_core_u_osc_fast_u_stub/phase[0] (i,b)   -     R     (arrival)    111  0.0     0     0       0    (-,-) 
  u_core_u_fast_cnt_bin_q_reg[3]/C  <<<     -     R     DFRRQHDX1    111    -   150     0       0    (-,-) 
#----------------------------------------------------------------------------------------------------------

#--------------------------------------------------------------------------------------------------------------------------------------------
#                           Timing Point                             Flags   Arc   Edge   Cell     Fanout  Load Trans Delay Arrival Instance 
#                                                                                                          (fF)  (ps)  (ps)   (ps)  Location 
#--------------------------------------------------------------------------------------------------------------------------------------------
  u_core_u_fast_cnt_bin_q_reg[3]/C                                   -       -     R     (arrival)    111     -   150     0       0    (-,-) 
  u_core_u_fast_cnt_bin_q_reg[3]/Q                                   -       C->Q  F     DFRRQHDX1      3  76.2   488  1294    1294    (-,-) 
  g189685/Q                                                          -       A->Q  F     BUHDX12       58 564.8   356   650    1944    (-,-) 
  g71274/Q                                                           -       A->Q  F     BUHDX6         9 113.4   173   447    2391    (-,-) 
  u_core_gen_pd_row[5].gen_pd_col[0].u_pd/g16/Q                      -       A->Q  F     NA22HDX1       1  12.2   174   352    2743    (-,-) 
  u_core_gen_pd_row[5].gen_pd_col[0].u_pd/nfast_hit_latched_reg[3]/D -       -     F     DFRRQHDX4      1     -     -     0    2743    (-,-) 
#--------------------------------------------------------------------------------------------------------------------------------------------

Capture clock path:
#-------------------------------------------------------------------------------------------------------------------------------------------
#                           Timing Point                             Flags   Arc   Edge   Cell     Fanout Load Trans Delay Arrival Instance 
#                                                                                                         (fF)  (ps)  (ps)   (ps)  Location 
#-------------------------------------------------------------------------------------------------------------------------------------------
  u_core_u_osc_fast_u_stub/phase[0]                                  (i,b)   -     R     (arrival)    111  0.0     0     0     900    (-,-) 
  u_core_gen_pd_row[5].gen_pd_col[0].u_pd/nfast_hit_latched_reg[3]/C <<<     -     R     DFRRQHDX4    111    -   150     0     900    (-,-) 
#-------------------------------------------------------------------------------------------------------------------------------------------



Path 45: VIOLATED (-2524 ps) Setup Check with Pin u_core_gen_pd_row[3].gen_pd_col[0].u_pd/nfast_hit_latched_reg[3]/C->D
           View: wc_view
          Group: clk_osc_fast
     Startpoint: (R) u_core_u_fast_cnt_bin_q_reg[3]/C
          Clock: (R) clk_osc_fast
       Endpoint: (F) u_core_gen_pd_row[3].gen_pd_col[0].u_pd/nfast_hit_latched_reg[3]/D
          Clock: (R) clk_osc_fast

                     Capture       Launch     
        Clock Edge:+     900            0     
       Src Latency:+       0            0     
       Net Latency:+       0 (I)        0 (I) 
           Arrival:=     900            0     
                                              
             Setup:-     631                  
       Uncertainty:-      50                  
     Required Time:=     219                  
      Launch Clock:-       0                  
         Data Path:-    2743                  
             Slack:=   -2524                  

Launch clock path:
#----------------------------------------------------------------------------------------------------------
#           Timing Point            Flags   Arc   Edge   Cell     Fanout Load Trans Delay Arrival Instance 
#                                                                        (fF)  (ps)  (ps)   (ps)  Location 
#----------------------------------------------------------------------------------------------------------
  u_core_u_osc_fast_u_stub/phase[0] (i,b)   -     R     (arrival)    111  0.0     0     0       0    (-,-) 
  u_core_u_fast_cnt_bin_q_reg[3]/C  <<<     -     R     DFRRQHDX1    111    -   150     0       0    (-,-) 
#----------------------------------------------------------------------------------------------------------

#--------------------------------------------------------------------------------------------------------------------------------------------
#                           Timing Point                             Flags   Arc   Edge   Cell     Fanout  Load Trans Delay Arrival Instance 
#                                                                                                          (fF)  (ps)  (ps)   (ps)  Location 
#--------------------------------------------------------------------------------------------------------------------------------------------
  u_core_u_fast_cnt_bin_q_reg[3]/C                                   -       -     R     (arrival)    111     -   150     0       0    (-,-) 
  u_core_u_fast_cnt_bin_q_reg[3]/Q                                   -       C->Q  F     DFRRQHDX1      3  76.2   488  1294    1294    (-,-) 
  g189685/Q                                                          -       A->Q  F     BUHDX12       58 564.8   356   650    1944    (-,-) 
  g71274/Q                                                           -       A->Q  F     BUHDX6         9 113.4   173   447    2391    (-,-) 
  u_core_gen_pd_row[3].gen_pd_col[0].u_pd/g16/Q                      -       A->Q  F     NA22HDX1       1  12.2   174   352    2743    (-,-) 
  u_core_gen_pd_row[3].gen_pd_col[0].u_pd/nfast_hit_latched_reg[3]/D -       -     F     DFRRQHDX4      1     -     -     0    2743    (-,-) 
#--------------------------------------------------------------------------------------------------------------------------------------------

Capture clock path:
#-------------------------------------------------------------------------------------------------------------------------------------------
#                           Timing Point                             Flags   Arc   Edge   Cell     Fanout Load Trans Delay Arrival Instance 
#                                                                                                         (fF)  (ps)  (ps)   (ps)  Location 
#-------------------------------------------------------------------------------------------------------------------------------------------
  u_core_u_osc_fast_u_stub/phase[0]                                  (i,b)   -     R     (arrival)    111  0.0     0     0     900    (-,-) 
  u_core_gen_pd_row[3].gen_pd_col[0].u_pd/nfast_hit_latched_reg[3]/C <<<     -     R     DFRRQHDX4    111    -   150     0     900    (-,-) 
#-------------------------------------------------------------------------------------------------------------------------------------------



Path 46: VIOLATED (-2523 ps) Setup Check with Pin u_core_gen_pd_row[1].gen_pd_col[0].u_pd/nfast_hit_latched_reg[5]/C->D
           View: wc_view
          Group: clk_osc_fast
     Startpoint: (R) u_core_gen_pd_row[1].gen_pd_col[0].u_pd/q1_reg/C
          Clock: (R) clk_osc_fast
       Endpoint: (F) u_core_gen_pd_row[1].gen_pd_col[0].u_pd/nfast_hit_latched_reg[5]/D
          Clock: (R) clk_osc_fast

                     Capture       Launch     
        Clock Edge:+     900            0     
       Src Latency:+       0            0     
       Net Latency:+       0 (I)        0 (I) 
           Arrival:=     900            0     
                                              
             Setup:-     661                  
       Uncertainty:-      50                  
     Required Time:=     189                  
      Launch Clock:-       0                  
         Data Path:-    2712                  
             Slack:=   -2523                  

Launch clock path:
#-------------------------------------------------------------------------------------------------------------------------
#                  Timing Point                    Flags   Arc   Edge   Cell     Fanout Load Trans Delay Arrival Instance 
#                                                                                       (fF)  (ps)  (ps)   (ps)  Location 
#-------------------------------------------------------------------------------------------------------------------------
  u_core_u_osc_fast_u_stub/phase[0]                (i,b)   -     R     (arrival)    111  0.0     0     0       0    (-,-) 
  u_core_gen_pd_row[1].gen_pd_col[0].u_pd/q1_reg/C <<<     -     R     DFRRQHDX1    111    -   150     0       0    (-,-) 
#-------------------------------------------------------------------------------------------------------------------------

#--------------------------------------------------------------------------------------------------------------------------------------------
#                           Timing Point                             Flags   Arc   Edge   Cell     Fanout  Load Trans Delay Arrival Instance 
#                                                                                                          (fF)  (ps)  (ps)   (ps)  Location 
#--------------------------------------------------------------------------------------------------------------------------------------------
  u_core_gen_pd_row[1].gen_pd_col[0].u_pd/q1_reg/C                   -       -     R     (arrival)    111     -   150     0       0    (-,-) 
  u_core_gen_pd_row[1].gen_pd_col[0].u_pd/q1_reg/Q                   -       C->Q  F     DFRRQHDX1      3  31.9   315  1076    1076    (-,-) 
  u_core_gen_pd_row[1].gen_pd_col[0].u_pd/g2823/Q                    -       A->Q  R     INHDX1         1  14.1   198   249    1325    (-,-) 
  u_core_gen_pd_row[1].gen_pd_col[0].u_pd/g17/Q                      -       A->Q  R     AND3HDX4      13 147.8   419   802    2128    (-,-) 
  u_core_gen_pd_row[1].gen_pd_col[0].u_pd/g18/Q                      -       AN->Q R     NA2I1HDX2      1  15.8   223   370    2497    (-,-) 
  u_core_gen_pd_row[1].gen_pd_col[0].u_pd/g2863/Q                    -       C->Q  F     NA22HDX1       1  12.3   175   215    2712    (-,-) 
  u_core_gen_pd_row[1].gen_pd_col[0].u_pd/nfast_hit_latched_reg[5]/D -       -     F     DFRRQHDX2      1     -     -     0    2712    (-,-) 
#--------------------------------------------------------------------------------------------------------------------------------------------

Capture clock path:
#-------------------------------------------------------------------------------------------------------------------------------------------
#                           Timing Point                             Flags   Arc   Edge   Cell     Fanout Load Trans Delay Arrival Instance 
#                                                                                                         (fF)  (ps)  (ps)   (ps)  Location 
#-------------------------------------------------------------------------------------------------------------------------------------------
  u_core_u_osc_fast_u_stub/phase[0]                                  (i,b)   -     R     (arrival)    111  0.0     0     0     900    (-,-) 
  u_core_gen_pd_row[1].gen_pd_col[0].u_pd/nfast_hit_latched_reg[5]/C <<<     -     R     DFRRQHDX2    111    -   150     0     900    (-,-) 
#-------------------------------------------------------------------------------------------------------------------------------------------



Path 47: VIOLATED (-2520 ps) Setup Check with Pin u_core_gen_pd_row[6].gen_pd_col[0].u_pd/nfast_hit_latched_reg[0]/C->D
           View: wc_view
          Group: clk_osc_fast
     Startpoint: (R) u_core_u_fast_cnt_bin_q_reg[0]/C
          Clock: (R) clk_osc_fast
       Endpoint: (F) u_core_gen_pd_row[6].gen_pd_col[0].u_pd/nfast_hit_latched_reg[0]/D
          Clock: (R) clk_osc_fast

                     Capture       Launch     
        Clock Edge:+     900            0     
       Src Latency:+       0            0     
       Net Latency:+       0 (I)        0 (I) 
           Arrival:=     900            0     
                                              
             Setup:-     664                  
       Uncertainty:-      50                  
     Required Time:=     186                  
      Launch Clock:-       0                  
         Data Path:-    2706                  
             Slack:=   -2520                  

Launch clock path:
#----------------------------------------------------------------------------------------------------------
#           Timing Point            Flags   Arc   Edge   Cell     Fanout Load Trans Delay Arrival Instance 
#                                                                        (fF)  (ps)  (ps)   (ps)  Location 
#----------------------------------------------------------------------------------------------------------
  u_core_u_osc_fast_u_stub/phase[0] (i,b)   -     R     (arrival)    111  0.0     0     0       0    (-,-) 
  u_core_u_fast_cnt_bin_q_reg[0]/C  <<<     -     R     DFRRQHDX1    111    -   150     0       0    (-,-) 
#----------------------------------------------------------------------------------------------------------

#--------------------------------------------------------------------------------------------------------------------------------------------
#                           Timing Point                             Flags   Arc   Edge   Cell     Fanout  Load Trans Delay Arrival Instance 
#                                                                                                          (fF)  (ps)  (ps)   (ps)  Location 
#--------------------------------------------------------------------------------------------------------------------------------------------
  u_core_u_fast_cnt_bin_q_reg[0]/C                                   -       -     R     (arrival)    111     -   150     0       0    (-,-) 
  u_core_u_fast_cnt_bin_q_reg[0]/Q                                   -       C->Q  F     DFRRQHDX1      1  32.3   316  1079    1079    (-,-) 
  drc189663/Q                                                        -       A->Q  F     BUHDX6         5 126.7   186   448    1527    (-,-) 
  g189664/Q                                                          -       A->Q  F     BUHDX12       32 322.9   222   430    1957    (-,-) 
  g189666/Q                                                          -       A->Q  F     BUHDX6         9 114.5   172   397    2354    (-,-) 
  u_core_gen_pd_row[6].gen_pd_col[0].u_pd/g23/Q                      -       A->Q  F     NA22HDX1       1  12.3   172   352    2706    (-,-) 
  u_core_gen_pd_row[6].gen_pd_col[0].u_pd/nfast_hit_latched_reg[0]/D -       -     F     DFRRQHDX1      1     -     -     0    2706    (-,-) 
#--------------------------------------------------------------------------------------------------------------------------------------------

Capture clock path:
#-------------------------------------------------------------------------------------------------------------------------------------------
#                           Timing Point                             Flags   Arc   Edge   Cell     Fanout Load Trans Delay Arrival Instance 
#                                                                                                         (fF)  (ps)  (ps)   (ps)  Location 
#-------------------------------------------------------------------------------------------------------------------------------------------
  u_core_u_osc_fast_u_stub/phase[0]                                  (i,b)   -     R     (arrival)    111  0.0     0     0     900    (-,-) 
  u_core_gen_pd_row[6].gen_pd_col[0].u_pd/nfast_hit_latched_reg[0]/C <<<     -     R     DFRRQHDX1    111    -   150     0     900    (-,-) 
#-------------------------------------------------------------------------------------------------------------------------------------------



Path 48: VIOLATED (-2520 ps) Setup Check with Pin u_core_gen_pd_row[2].gen_pd_col[0].u_pd/nfast_hit_latched_reg[0]/C->D
           View: wc_view
          Group: clk_osc_fast
     Startpoint: (R) u_core_u_fast_cnt_bin_q_reg[0]/C
          Clock: (R) clk_osc_fast
       Endpoint: (F) u_core_gen_pd_row[2].gen_pd_col[0].u_pd/nfast_hit_latched_reg[0]/D
          Clock: (R) clk_osc_fast

                     Capture       Launch     
        Clock Edge:+     900            0     
       Src Latency:+       0            0     
       Net Latency:+       0 (I)        0 (I) 
           Arrival:=     900            0     
                                              
             Setup:-     664                  
       Uncertainty:-      50                  
     Required Time:=     186                  
      Launch Clock:-       0                  
         Data Path:-    2706                  
             Slack:=   -2520                  

Launch clock path:
#----------------------------------------------------------------------------------------------------------
#           Timing Point            Flags   Arc   Edge   Cell     Fanout Load Trans Delay Arrival Instance 
#                                                                        (fF)  (ps)  (ps)   (ps)  Location 
#----------------------------------------------------------------------------------------------------------
  u_core_u_osc_fast_u_stub/phase[0] (i,b)   -     R     (arrival)    111  0.0     0     0       0    (-,-) 
  u_core_u_fast_cnt_bin_q_reg[0]/C  <<<     -     R     DFRRQHDX1    111    -   150     0       0    (-,-) 
#----------------------------------------------------------------------------------------------------------

#--------------------------------------------------------------------------------------------------------------------------------------------
#                           Timing Point                             Flags   Arc   Edge   Cell     Fanout  Load Trans Delay Arrival Instance 
#                                                                                                          (fF)  (ps)  (ps)   (ps)  Location 
#--------------------------------------------------------------------------------------------------------------------------------------------
  u_core_u_fast_cnt_bin_q_reg[0]/C                                   -       -     R     (arrival)    111     -   150     0       0    (-,-) 
  u_core_u_fast_cnt_bin_q_reg[0]/Q                                   -       C->Q  F     DFRRQHDX1      1  32.3   316  1079    1079    (-,-) 
  drc189663/Q                                                        -       A->Q  F     BUHDX6         5 126.7   186   448    1527    (-,-) 
  g189664/Q                                                          -       A->Q  F     BUHDX12       32 322.9   222   430    1957    (-,-) 
  g189666/Q                                                          -       A->Q  F     BUHDX6         9 114.5   172   397    2354    (-,-) 
  u_core_gen_pd_row[2].gen_pd_col[0].u_pd/g23/Q                      -       A->Q  F     NA22HDX1       1  12.3   172   352    2706    (-,-) 
  u_core_gen_pd_row[2].gen_pd_col[0].u_pd/nfast_hit_latched_reg[0]/D -       -     F     DFRRQHDX1      1     -     -     0    2706    (-,-) 
#--------------------------------------------------------------------------------------------------------------------------------------------

Capture clock path:
#-------------------------------------------------------------------------------------------------------------------------------------------
#                           Timing Point                             Flags   Arc   Edge   Cell     Fanout Load Trans Delay Arrival Instance 
#                                                                                                         (fF)  (ps)  (ps)   (ps)  Location 
#-------------------------------------------------------------------------------------------------------------------------------------------
  u_core_u_osc_fast_u_stub/phase[0]                                  (i,b)   -     R     (arrival)    111  0.0     0     0     900    (-,-) 
  u_core_gen_pd_row[2].gen_pd_col[0].u_pd/nfast_hit_latched_reg[0]/C <<<     -     R     DFRRQHDX1    111    -   150     0     900    (-,-) 
#-------------------------------------------------------------------------------------------------------------------------------------------



Path 49: VIOLATED (-2519 ps) Setup Check with Pin u_core_gen_pd_row[6].gen_pd_col[0].u_pd/nfast_hit_latched_reg[2]/C->D
           View: wc_view
          Group: clk_osc_fast
     Startpoint: (R) u_core_gen_pd_row[6].gen_pd_col[0].u_pd/q1_reg/C
          Clock: (R) clk_osc_fast
       Endpoint: (F) u_core_gen_pd_row[6].gen_pd_col[0].u_pd/nfast_hit_latched_reg[2]/D
          Clock: (R) clk_osc_fast

                     Capture       Launch     
        Clock Edge:+     900            0     
       Src Latency:+       0            0     
       Net Latency:+       0 (I)        0 (I) 
           Arrival:=     900            0     
                                              
             Setup:-     664                  
       Uncertainty:-      50                  
     Required Time:=     186                  
      Launch Clock:-       0                  
         Data Path:-    2705                  
             Slack:=   -2519                  

Launch clock path:
#-------------------------------------------------------------------------------------------------------------------------
#                  Timing Point                    Flags   Arc   Edge   Cell     Fanout Load Trans Delay Arrival Instance 
#                                                                                       (fF)  (ps)  (ps)   (ps)  Location 
#-------------------------------------------------------------------------------------------------------------------------
  u_core_u_osc_fast_u_stub/phase[0]                (i,b)   -     R     (arrival)    111  0.0     0     0       0    (-,-) 
  u_core_gen_pd_row[6].gen_pd_col[0].u_pd/q1_reg/C <<<     -     R     DFRRQHDX1    111    -   150     0       0    (-,-) 
#-------------------------------------------------------------------------------------------------------------------------

#--------------------------------------------------------------------------------------------------------------------------------------------
#                           Timing Point                             Flags   Arc   Edge   Cell     Fanout  Load Trans Delay Arrival Instance 
#                                                                                                          (fF)  (ps)  (ps)   (ps)  Location 
#--------------------------------------------------------------------------------------------------------------------------------------------
  u_core_gen_pd_row[6].gen_pd_col[0].u_pd/q1_reg/C                   -       -     R     (arrival)    111     -   150     0       0    (-,-) 
  u_core_gen_pd_row[6].gen_pd_col[0].u_pd/q1_reg/Q                   -       C->Q  F     DFRRQHDX1      3  31.9   315  1076    1076    (-,-) 
  u_core_gen_pd_row[6].gen_pd_col[0].u_pd/g2823/Q                    -       A->Q  R     INHDX1         1  14.1   198   249    1325    (-,-) 
  u_core_gen_pd_row[6].gen_pd_col[0].u_pd/g17/Q                      -       A->Q  R     AND3HDX4      13 142.1   408   792    2118    (-,-) 
  u_core_gen_pd_row[6].gen_pd_col[0].u_pd/g2937/Q                    -       A->Q  R     OR2HDX1        1  15.8   189   381    2499    (-,-) 
  u_core_gen_pd_row[6].gen_pd_col[0].u_pd/g2936/Q                    -       C->Q  F     NA22HDX1       1  12.3   172   206    2705    (-,-) 
  u_core_gen_pd_row[6].gen_pd_col[0].u_pd/nfast_hit_latched_reg[2]/D -       -     F     DFRRQHDX1      1     -     -     0    2705    (-,-) 
#--------------------------------------------------------------------------------------------------------------------------------------------

Capture clock path:
#-------------------------------------------------------------------------------------------------------------------------------------------
#                           Timing Point                             Flags   Arc   Edge   Cell     Fanout Load Trans Delay Arrival Instance 
#                                                                                                         (fF)  (ps)  (ps)   (ps)  Location 
#-------------------------------------------------------------------------------------------------------------------------------------------
  u_core_u_osc_fast_u_stub/phase[0]                                  (i,b)   -     R     (arrival)    111  0.0     0     0     900    (-,-) 
  u_core_gen_pd_row[6].gen_pd_col[0].u_pd/nfast_hit_latched_reg[2]/C <<<     -     R     DFRRQHDX1    111    -   150     0     900    (-,-) 
#-------------------------------------------------------------------------------------------------------------------------------------------



Path 50: VIOLATED (-2518 ps) Setup Check with Pin u_core_gen_pd_row[0].gen_pd_col[0].u_pd/nfast_hit_latched_reg[2]/C->D
           View: wc_view
          Group: clk_osc_fast
     Startpoint: (R) u_core_gen_pd_row[0].gen_pd_col[0].u_pd/q1_reg/C
          Clock: (R) clk_osc_fast
       Endpoint: (F) u_core_gen_pd_row[0].gen_pd_col[0].u_pd/nfast_hit_latched_reg[2]/D
          Clock: (R) clk_osc_fast

                     Capture       Launch     
        Clock Edge:+     900            0     
       Src Latency:+       0            0     
       Net Latency:+       0 (I)        0 (I) 
           Arrival:=     900            0     
                                              
             Setup:-     661                  
       Uncertainty:-      50                  
     Required Time:=     189                  
      Launch Clock:-       0                  
         Data Path:-    2707                  
             Slack:=   -2518                  

Launch clock path:
#-------------------------------------------------------------------------------------------------------------------------
#                  Timing Point                    Flags   Arc   Edge   Cell     Fanout Load Trans Delay Arrival Instance 
#                                                                                       (fF)  (ps)  (ps)   (ps)  Location 
#-------------------------------------------------------------------------------------------------------------------------
  u_core_u_osc_fast_u_stub/phase[0]                (i,b)   -     R     (arrival)    111  0.0     0     0       0    (-,-) 
  u_core_gen_pd_row[0].gen_pd_col[0].u_pd/q1_reg/C <<<     -     R     DFRRQHDX1    111    -   150     0       0    (-,-) 
#-------------------------------------------------------------------------------------------------------------------------

#--------------------------------------------------------------------------------------------------------------------------------------------
#                           Timing Point                             Flags   Arc   Edge   Cell     Fanout  Load Trans Delay Arrival Instance 
#                                                                                                          (fF)  (ps)  (ps)   (ps)  Location 
#--------------------------------------------------------------------------------------------------------------------------------------------
  u_core_gen_pd_row[0].gen_pd_col[0].u_pd/q1_reg/C                   -       -     R     (arrival)    111     -   150     0       0    (-,-) 
  u_core_gen_pd_row[0].gen_pd_col[0].u_pd/q1_reg/Q                   -       C->Q  F     DFRRQHDX1      3  31.9   315  1076    1076    (-,-) 
  u_core_gen_pd_row[0].gen_pd_col[0].u_pd/g2823/Q                    -       A->Q  R     INHDX1         1  14.1   198   249    1325    (-,-) 
  u_core_gen_pd_row[0].gen_pd_col[0].u_pd/g17/Q                      -       A->Q  R     AND3HDX4      13 145.3   414   798    2123    (-,-) 
  u_core_gen_pd_row[0].gen_pd_col[0].u_pd/g2850/Q                    -       AN->Q R     NA2I1HDX2      1  15.8   223   369    2492    (-,-) 
  u_core_gen_pd_row[0].gen_pd_col[0].u_pd/g2849/Q                    -       C->Q  F     NA22HDX1       1  12.3   175   215    2707    (-,-) 
  u_core_gen_pd_row[0].gen_pd_col[0].u_pd/nfast_hit_latched_reg[2]/D -       -     F     DFRRQHDX2      1     -     -     0    2707    (-,-) 
#--------------------------------------------------------------------------------------------------------------------------------------------

Capture clock path:
#-------------------------------------------------------------------------------------------------------------------------------------------
#                           Timing Point                             Flags   Arc   Edge   Cell     Fanout Load Trans Delay Arrival Instance 
#                                                                                                         (fF)  (ps)  (ps)   (ps)  Location 
#-------------------------------------------------------------------------------------------------------------------------------------------
  u_core_u_osc_fast_u_stub/phase[0]                                  (i,b)   -     R     (arrival)    111  0.0     0     0     900    (-,-) 
  u_core_gen_pd_row[0].gen_pd_col[0].u_pd/nfast_hit_latched_reg[2]/C <<<     -     R     DFRRQHDX2    111    -   150     0     900    (-,-) 
#-------------------------------------------------------------------------------------------------------------------------------------------



Path 51: VIOLATED (-2517 ps) Setup Check with Pin u_core_gen_pd_row[4].gen_pd_col[0].u_pd/nfast_hit_latched_reg[0]/C->D
           View: wc_view
          Group: clk_osc_fast
     Startpoint: (R) u_core_u_fast_cnt_bin_q_reg[0]/C
          Clock: (R) clk_osc_fast
       Endpoint: (F) u_core_gen_pd_row[4].gen_pd_col[0].u_pd/nfast_hit_latched_reg[0]/D
          Clock: (R) clk_osc_fast

                     Capture       Launch     
        Clock Edge:+     900            0     
       Src Latency:+       0            0     
       Net Latency:+       0 (I)        0 (I) 
           Arrival:=     900            0     
                                              
             Setup:-     661                  
       Uncertainty:-      50                  
     Required Time:=     189                  
      Launch Clock:-       0                  
         Data Path:-    2706                  
             Slack:=   -2517                  

Launch clock path:
#----------------------------------------------------------------------------------------------------------
#           Timing Point            Flags   Arc   Edge   Cell     Fanout Load Trans Delay Arrival Instance 
#                                                                        (fF)  (ps)  (ps)   (ps)  Location 
#----------------------------------------------------------------------------------------------------------
  u_core_u_osc_fast_u_stub/phase[0] (i,b)   -     R     (arrival)    111  0.0     0     0       0    (-,-) 
  u_core_u_fast_cnt_bin_q_reg[0]/C  <<<     -     R     DFRRQHDX1    111    -   150     0       0    (-,-) 
#----------------------------------------------------------------------------------------------------------

#--------------------------------------------------------------------------------------------------------------------------------------------
#                           Timing Point                             Flags   Arc   Edge   Cell     Fanout  Load Trans Delay Arrival Instance 
#                                                                                                          (fF)  (ps)  (ps)   (ps)  Location 
#--------------------------------------------------------------------------------------------------------------------------------------------
  u_core_u_fast_cnt_bin_q_reg[0]/C                                   -       -     R     (arrival)    111     -   150     0       0    (-,-) 
  u_core_u_fast_cnt_bin_q_reg[0]/Q                                   -       C->Q  F     DFRRQHDX1      1  32.3   316  1079    1079    (-,-) 
  drc189663/Q                                                        -       A->Q  F     BUHDX6         5 126.7   186   448    1527    (-,-) 
  g189664/Q                                                          -       A->Q  F     BUHDX12       32 322.9   222   430    1957    (-,-) 
  g189666/Q                                                          -       A->Q  F     BUHDX6         9 114.5   172   397    2354    (-,-) 
  u_core_gen_pd_row[4].gen_pd_col[0].u_pd/g2851/Q                    -       A->Q  F     NA22HDX1       1  12.3   175   352    2706    (-,-) 
  u_core_gen_pd_row[4].gen_pd_col[0].u_pd/nfast_hit_latched_reg[0]/D -       -     F     DFRRQHDX2      1     -     -     0    2706    (-,-) 
#--------------------------------------------------------------------------------------------------------------------------------------------

Capture clock path:
#-------------------------------------------------------------------------------------------------------------------------------------------
#                           Timing Point                             Flags   Arc   Edge   Cell     Fanout Load Trans Delay Arrival Instance 
#                                                                                                         (fF)  (ps)  (ps)   (ps)  Location 
#-------------------------------------------------------------------------------------------------------------------------------------------
  u_core_u_osc_fast_u_stub/phase[0]                                  (i,b)   -     R     (arrival)    111  0.0     0     0     900    (-,-) 
  u_core_gen_pd_row[4].gen_pd_col[0].u_pd/nfast_hit_latched_reg[0]/C <<<     -     R     DFRRQHDX2    111    -   150     0     900    (-,-) 
#-------------------------------------------------------------------------------------------------------------------------------------------



Path 52: VIOLATED (-2516 ps) Setup Check with Pin u_core_gen_pd_row[5].gen_pd_col[0].u_pd/nfast_hit_latched_reg[5]/C->D
           View: wc_view
          Group: clk_osc_fast
     Startpoint: (R) u_core_u_fast_cnt_bin_q_reg[5]/C
          Clock: (R) clk_osc_fast
       Endpoint: (F) u_core_gen_pd_row[5].gen_pd_col[0].u_pd/nfast_hit_latched_reg[5]/D
          Clock: (R) clk_osc_fast

                     Capture       Launch     
        Clock Edge:+     900            0     
       Src Latency:+       0            0     
       Net Latency:+       0 (I)        0 (I) 
           Arrival:=     900            0     
                                              
             Setup:-     661                  
       Uncertainty:-      50                  
     Required Time:=     189                  
      Launch Clock:-       0                  
         Data Path:-    2706                  
             Slack:=   -2516                  

Launch clock path:
#----------------------------------------------------------------------------------------------------------
#           Timing Point            Flags   Arc   Edge   Cell     Fanout Load Trans Delay Arrival Instance 
#                                                                        (fF)  (ps)  (ps)   (ps)  Location 
#----------------------------------------------------------------------------------------------------------
  u_core_u_osc_fast_u_stub/phase[0] (i,b)   -     R     (arrival)    111  0.0     0     0       0    (-,-) 
  u_core_u_fast_cnt_bin_q_reg[5]/C  <<<     -     R     DFRRQHDX1    111    -   150     0       0    (-,-) 
#----------------------------------------------------------------------------------------------------------

#--------------------------------------------------------------------------------------------------------------------------------------------
#                           Timing Point                             Flags   Arc   Edge   Cell     Fanout  Load Trans Delay Arrival Instance 
#                                                                                                          (fF)  (ps)  (ps)   (ps)  Location 
#--------------------------------------------------------------------------------------------------------------------------------------------
  u_core_u_fast_cnt_bin_q_reg[5]/C                                   -       -     R     (arrival)    111     -   150     0       0    (-,-) 
  u_core_u_fast_cnt_bin_q_reg[5]/Q                                   -       C->Q  F     DFRRQHDX1      3  75.4   485  1291    1291    (-,-) 
  g169212/Q                                                          -       A->Q  F     BUHDX12       59 570.1   359   651    1942    (-,-) 
  g71276/Q                                                           -       A->Q  F     BUHDX6         8  89.1   147   422    2364    (-,-) 
  u_core_gen_pd_row[5].gen_pd_col[0].u_pd/g2/Q                       -       A->Q  F     NA22HDX1       1  12.3   175   342    2706    (-,-) 
  u_core_gen_pd_row[5].gen_pd_col[0].u_pd/nfast_hit_latched_reg[5]/D -       -     F     DFRRQHDX2      1     -     -     0    2706    (-,-) 
#--------------------------------------------------------------------------------------------------------------------------------------------

Capture clock path:
#-------------------------------------------------------------------------------------------------------------------------------------------
#                           Timing Point                             Flags   Arc   Edge   Cell     Fanout Load Trans Delay Arrival Instance 
#                                                                                                         (fF)  (ps)  (ps)   (ps)  Location 
#-------------------------------------------------------------------------------------------------------------------------------------------
  u_core_u_osc_fast_u_stub/phase[0]                                  (i,b)   -     R     (arrival)    111  0.0     0     0     900    (-,-) 
  u_core_gen_pd_row[5].gen_pd_col[0].u_pd/nfast_hit_latched_reg[5]/C <<<     -     R     DFRRQHDX2    111    -   150     0     900    (-,-) 
#-------------------------------------------------------------------------------------------------------------------------------------------



Path 53: VIOLATED (-2508 ps) Setup Check with Pin u_core_gen_pd_row[2].gen_pd_col[0].u_pd/nfast_hit_latched_reg[2]/C->D
           View: wc_view
          Group: clk_osc_fast
     Startpoint: (R) u_core_gen_pd_row[2].gen_pd_col[0].u_pd/q1_reg/C
          Clock: (R) clk_osc_fast
       Endpoint: (F) u_core_gen_pd_row[2].gen_pd_col[0].u_pd/nfast_hit_latched_reg[2]/D
          Clock: (R) clk_osc_fast

                     Capture       Launch     
        Clock Edge:+     900            0     
       Src Latency:+       0            0     
       Net Latency:+       0 (I)        0 (I) 
           Arrival:=     900            0     
                                              
             Setup:-     661                  
       Uncertainty:-      50                  
     Required Time:=     189                  
      Launch Clock:-       0                  
         Data Path:-    2698                  
             Slack:=   -2508                  

Launch clock path:
#-------------------------------------------------------------------------------------------------------------------------
#                  Timing Point                    Flags   Arc   Edge   Cell     Fanout Load Trans Delay Arrival Instance 
#                                                                                       (fF)  (ps)  (ps)   (ps)  Location 
#-------------------------------------------------------------------------------------------------------------------------
  u_core_u_osc_fast_u_stub/phase[0]                (i,b)   -     R     (arrival)    111  0.0     0     0       0    (-,-) 
  u_core_gen_pd_row[2].gen_pd_col[0].u_pd/q1_reg/C <<<     -     R     DFRRQHDX1    111    -   150     0       0    (-,-) 
#-------------------------------------------------------------------------------------------------------------------------

#--------------------------------------------------------------------------------------------------------------------------------------------
#                           Timing Point                             Flags   Arc   Edge   Cell     Fanout  Load Trans Delay Arrival Instance 
#                                                                                                          (fF)  (ps)  (ps)   (ps)  Location 
#--------------------------------------------------------------------------------------------------------------------------------------------
  u_core_gen_pd_row[2].gen_pd_col[0].u_pd/q1_reg/C                   -       -     R     (arrival)    111     -   150     0       0    (-,-) 
  u_core_gen_pd_row[2].gen_pd_col[0].u_pd/q1_reg/Q                   -       C->Q  F     DFRRQHDX1      3  31.9   315  1076    1076    (-,-) 
  u_core_gen_pd_row[2].gen_pd_col[0].u_pd/g2823/Q                    -       A->Q  R     INHDX1         1  14.1   198   249    1325    (-,-) 
  u_core_gen_pd_row[2].gen_pd_col[0].u_pd/g17/Q                      -       A->Q  R     AND3HDX4      13 141.2   406   791    2116    (-,-) 
  u_core_gen_pd_row[2].gen_pd_col[0].u_pd/g2850/Q                    -       AN->Q R     NA2I1HDX2      1  15.8   221   367    2483    (-,-) 
  u_core_gen_pd_row[2].gen_pd_col[0].u_pd/g2849/Q                    -       C->Q  F     NA22HDX1       1  12.3   175   214    2697    (-,-) 
  u_core_gen_pd_row[2].gen_pd_col[0].u_pd/nfast_hit_latched_reg[2]/D -       -     F     DFRRQHDX2      1     -     -     0    2698    (-,-) 
#--------------------------------------------------------------------------------------------------------------------------------------------

Capture clock path:
#-------------------------------------------------------------------------------------------------------------------------------------------
#                           Timing Point                             Flags   Arc   Edge   Cell     Fanout Load Trans Delay Arrival Instance 
#                                                                                                         (fF)  (ps)  (ps)   (ps)  Location 
#-------------------------------------------------------------------------------------------------------------------------------------------
  u_core_u_osc_fast_u_stub/phase[0]                                  (i,b)   -     R     (arrival)    111  0.0     0     0     900    (-,-) 
  u_core_gen_pd_row[2].gen_pd_col[0].u_pd/nfast_hit_latched_reg[2]/C <<<     -     R     DFRRQHDX2    111    -   150     0     900    (-,-) 
#-------------------------------------------------------------------------------------------------------------------------------------------



Path 54: VIOLATED (-2502 ps) Setup Check with Pin u_core_gen_pd_row[7].gen_pd_col[0].u_pd/nfast_hit_latched_reg[4]/C->D
           View: wc_view
          Group: clk_osc_fast
     Startpoint: (R) u_core_u_fast_cnt_bin_q_reg[4]/C
          Clock: (R) clk_osc_fast
       Endpoint: (F) u_core_gen_pd_row[7].gen_pd_col[0].u_pd/nfast_hit_latched_reg[4]/D
          Clock: (R) clk_osc_fast

                     Capture       Launch     
        Clock Edge:+     900            0     
       Src Latency:+       0            0     
       Net Latency:+       0 (I)        0 (I) 
           Arrival:=     900            0     
                                              
             Setup:-     675                  
       Uncertainty:-      50                  
     Required Time:=     175                  
      Launch Clock:-       0                  
         Data Path:-    2677                  
             Slack:=   -2502                  

Launch clock path:
#----------------------------------------------------------------------------------------------------------
#           Timing Point            Flags   Arc   Edge   Cell     Fanout Load Trans Delay Arrival Instance 
#                                                                        (fF)  (ps)  (ps)   (ps)  Location 
#----------------------------------------------------------------------------------------------------------
  u_core_u_osc_fast_u_stub/phase[0] (i,b)   -     R     (arrival)    111  0.0     0     0       0    (-,-) 
  u_core_u_fast_cnt_bin_q_reg[4]/C  <<<     -     R     DFRRQHDX1    111    -   150     0       0    (-,-) 
#----------------------------------------------------------------------------------------------------------

#--------------------------------------------------------------------------------------------------------------------------------------------
#                           Timing Point                             Flags   Arc   Edge   Cell     Fanout  Load Trans Delay Arrival Instance 
#                                                                                                          (fF)  (ps)  (ps)   (ps)  Location 
#--------------------------------------------------------------------------------------------------------------------------------------------
  u_core_u_fast_cnt_bin_q_reg[4]/C                                   -       -     R     (arrival)    111     -   150     0       0    (-,-) 
  u_core_u_fast_cnt_bin_q_reg[4]/Q                                   -       C->Q  F     DFRRQHDX1      4  86.7   528  1339    1339    (-,-) 
  g169268/Q                                                          -       A->Q  F     BUHDX2        11 113.8   383   688    2027    (-,-) 
  u_core_gen_pd_row[7].gen_pd_col[0].u_pd/g2814__1705/Q              -       A->Q  R     NA2HDX1        1  14.2   304   373    2400    (-,-) 
  u_core_gen_pd_row[7].gen_pd_col[0].u_pd/g2808__8428/Q              -       C->Q  F     ON21HDX1       1  12.3   211   277    2677    (-,-) 
  u_core_gen_pd_row[7].gen_pd_col[0].u_pd/nfast_hit_latched_reg[4]/D -       -     F     DFRRQHDX1      1     -     -     0    2677    (-,-) 
#--------------------------------------------------------------------------------------------------------------------------------------------

Capture clock path:
#-------------------------------------------------------------------------------------------------------------------------------------------
#                           Timing Point                             Flags   Arc   Edge   Cell     Fanout Load Trans Delay Arrival Instance 
#                                                                                                         (fF)  (ps)  (ps)   (ps)  Location 
#-------------------------------------------------------------------------------------------------------------------------------------------
  u_core_u_osc_fast_u_stub/phase[0]                                  (i,b)   -     R     (arrival)    111  0.0     0     0     900    (-,-) 
  u_core_gen_pd_row[7].gen_pd_col[0].u_pd/nfast_hit_latched_reg[4]/C <<<     -     R     DFRRQHDX1    111    -   150     0     900    (-,-) 
#-------------------------------------------------------------------------------------------------------------------------------------------



Path 55: VIOLATED (-2502 ps) Setup Check with Pin u_core_gen_pd_row[1].gen_pd_col[0].u_pd/nfast_hit_latched_reg[4]/C->D
           View: wc_view
          Group: clk_osc_fast
     Startpoint: (R) u_core_u_fast_cnt_bin_q_reg[4]/C
          Clock: (R) clk_osc_fast
       Endpoint: (F) u_core_gen_pd_row[1].gen_pd_col[0].u_pd/nfast_hit_latched_reg[4]/D
          Clock: (R) clk_osc_fast

                     Capture       Launch     
        Clock Edge:+     900            0     
       Src Latency:+       0            0     
       Net Latency:+       0 (I)        0 (I) 
           Arrival:=     900            0     
                                              
             Setup:-     675                  
       Uncertainty:-      50                  
     Required Time:=     175                  
      Launch Clock:-       0                  
         Data Path:-    2677                  
             Slack:=   -2502                  

Launch clock path:
#----------------------------------------------------------------------------------------------------------
#           Timing Point            Flags   Arc   Edge   Cell     Fanout Load Trans Delay Arrival Instance 
#                                                                        (fF)  (ps)  (ps)   (ps)  Location 
#----------------------------------------------------------------------------------------------------------
  u_core_u_osc_fast_u_stub/phase[0] (i,b)   -     R     (arrival)    111  0.0     0     0       0    (-,-) 
  u_core_u_fast_cnt_bin_q_reg[4]/C  <<<     -     R     DFRRQHDX1    111    -   150     0       0    (-,-) 
#----------------------------------------------------------------------------------------------------------

#--------------------------------------------------------------------------------------------------------------------------------------------
#                           Timing Point                             Flags   Arc   Edge   Cell     Fanout  Load Trans Delay Arrival Instance 
#                                                                                                          (fF)  (ps)  (ps)   (ps)  Location 
#--------------------------------------------------------------------------------------------------------------------------------------------
  u_core_u_fast_cnt_bin_q_reg[4]/C                                   -       -     R     (arrival)    111     -   150     0       0    (-,-) 
  u_core_u_fast_cnt_bin_q_reg[4]/Q                                   -       C->Q  F     DFRRQHDX1      4  86.7   528  1339    1339    (-,-) 
  g169268/Q                                                          -       A->Q  F     BUHDX2        11 113.8   383   688    2027    (-,-) 
  u_core_gen_pd_row[1].gen_pd_col[0].u_pd/g2814__1705/Q              -       A->Q  R     NA2HDX1        1  14.2   304   373    2400    (-,-) 
  u_core_gen_pd_row[1].gen_pd_col[0].u_pd/g2808__8428/Q              -       C->Q  F     ON21HDX1       1  12.3   211   277    2677    (-,-) 
  u_core_gen_pd_row[1].gen_pd_col[0].u_pd/nfast_hit_latched_reg[4]/D -       -     F     DFRRQHDX1      1     -     -     0    2677    (-,-) 
#--------------------------------------------------------------------------------------------------------------------------------------------

Capture clock path:
#-------------------------------------------------------------------------------------------------------------------------------------------
#                           Timing Point                             Flags   Arc   Edge   Cell     Fanout Load Trans Delay Arrival Instance 
#                                                                                                         (fF)  (ps)  (ps)   (ps)  Location 
#-------------------------------------------------------------------------------------------------------------------------------------------
  u_core_u_osc_fast_u_stub/phase[0]                                  (i,b)   -     R     (arrival)    111  0.0     0     0     900    (-,-) 
  u_core_gen_pd_row[1].gen_pd_col[0].u_pd/nfast_hit_latched_reg[4]/C <<<     -     R     DFRRQHDX1    111    -   150     0     900    (-,-) 
#-------------------------------------------------------------------------------------------------------------------------------------------



Path 56: VIOLATED (-2502 ps) Setup Check with Pin u_core_gen_pd_row[0].gen_pd_col[0].u_pd/nfast_hit_latched_reg[4]/C->D
           View: wc_view
          Group: clk_osc_fast
     Startpoint: (R) u_core_u_fast_cnt_bin_q_reg[4]/C
          Clock: (R) clk_osc_fast
       Endpoint: (F) u_core_gen_pd_row[0].gen_pd_col[0].u_pd/nfast_hit_latched_reg[4]/D
          Clock: (R) clk_osc_fast

                     Capture       Launch     
        Clock Edge:+     900            0     
       Src Latency:+       0            0     
       Net Latency:+       0 (I)        0 (I) 
           Arrival:=     900            0     
                                              
             Setup:-     675                  
       Uncertainty:-      50                  
     Required Time:=     175                  
      Launch Clock:-       0                  
         Data Path:-    2677                  
             Slack:=   -2502                  

Launch clock path:
#----------------------------------------------------------------------------------------------------------
#           Timing Point            Flags   Arc   Edge   Cell     Fanout Load Trans Delay Arrival Instance 
#                                                                        (fF)  (ps)  (ps)   (ps)  Location 
#----------------------------------------------------------------------------------------------------------
  u_core_u_osc_fast_u_stub/phase[0] (i,b)   -     R     (arrival)    111  0.0     0     0       0    (-,-) 
  u_core_u_fast_cnt_bin_q_reg[4]/C  <<<     -     R     DFRRQHDX1    111    -   150     0       0    (-,-) 
#----------------------------------------------------------------------------------------------------------

#--------------------------------------------------------------------------------------------------------------------------------------------
#                           Timing Point                             Flags   Arc   Edge   Cell     Fanout  Load Trans Delay Arrival Instance 
#                                                                                                          (fF)  (ps)  (ps)   (ps)  Location 
#--------------------------------------------------------------------------------------------------------------------------------------------
  u_core_u_fast_cnt_bin_q_reg[4]/C                                   -       -     R     (arrival)    111     -   150     0       0    (-,-) 
  u_core_u_fast_cnt_bin_q_reg[4]/Q                                   -       C->Q  F     DFRRQHDX1      4  86.7   528  1339    1339    (-,-) 
  g169268/Q                                                          -       A->Q  F     BUHDX2        11 113.8   383   688    2027    (-,-) 
  u_core_gen_pd_row[0].gen_pd_col[0].u_pd/g2814__1705/Q              -       A->Q  R     NA2HDX1        1  14.2   304   373    2400    (-,-) 
  u_core_gen_pd_row[0].gen_pd_col[0].u_pd/g2808__8428/Q              -       C->Q  F     ON21HDX1       1  12.3   210   277    2677    (-,-) 
  u_core_gen_pd_row[0].gen_pd_col[0].u_pd/nfast_hit_latched_reg[4]/D -       -     F     DFRRQHDX1      1     -     -     0    2677    (-,-) 
#--------------------------------------------------------------------------------------------------------------------------------------------

Capture clock path:
#-------------------------------------------------------------------------------------------------------------------------------------------
#                           Timing Point                             Flags   Arc   Edge   Cell     Fanout Load Trans Delay Arrival Instance 
#                                                                                                         (fF)  (ps)  (ps)   (ps)  Location 
#-------------------------------------------------------------------------------------------------------------------------------------------
  u_core_u_osc_fast_u_stub/phase[0]                                  (i,b)   -     R     (arrival)    111  0.0     0     0     900    (-,-) 
  u_core_gen_pd_row[0].gen_pd_col[0].u_pd/nfast_hit_latched_reg[4]/C <<<     -     R     DFRRQHDX1    111    -   150     0     900    (-,-) 
#-------------------------------------------------------------------------------------------------------------------------------------------



Path 57: VIOLATED (-2502 ps) Setup Check with Pin u_core_gen_pd_row[6].gen_pd_col[0].u_pd/nfast_hit_latched_reg[4]/C->D
           View: wc_view
          Group: clk_osc_fast
     Startpoint: (R) u_core_u_fast_cnt_bin_q_reg[4]/C
          Clock: (R) clk_osc_fast
       Endpoint: (F) u_core_gen_pd_row[6].gen_pd_col[0].u_pd/nfast_hit_latched_reg[4]/D
          Clock: (R) clk_osc_fast

                     Capture       Launch     
        Clock Edge:+     900            0     
       Src Latency:+       0            0     
       Net Latency:+       0 (I)        0 (I) 
           Arrival:=     900            0     
                                              
             Setup:-     675                  
       Uncertainty:-      50                  
     Required Time:=     175                  
      Launch Clock:-       0                  
         Data Path:-    2677                  
             Slack:=   -2502                  

Launch clock path:
#----------------------------------------------------------------------------------------------------------
#           Timing Point            Flags   Arc   Edge   Cell     Fanout Load Trans Delay Arrival Instance 
#                                                                        (fF)  (ps)  (ps)   (ps)  Location 
#----------------------------------------------------------------------------------------------------------
  u_core_u_osc_fast_u_stub/phase[0] (i,b)   -     R     (arrival)    111  0.0     0     0       0    (-,-) 
  u_core_u_fast_cnt_bin_q_reg[4]/C  <<<     -     R     DFRRQHDX1    111    -   150     0       0    (-,-) 
#----------------------------------------------------------------------------------------------------------

#--------------------------------------------------------------------------------------------------------------------------------------------
#                           Timing Point                             Flags   Arc   Edge   Cell     Fanout  Load Trans Delay Arrival Instance 
#                                                                                                          (fF)  (ps)  (ps)   (ps)  Location 
#--------------------------------------------------------------------------------------------------------------------------------------------
  u_core_u_fast_cnt_bin_q_reg[4]/C                                   -       -     R     (arrival)    111     -   150     0       0    (-,-) 
  u_core_u_fast_cnt_bin_q_reg[4]/Q                                   -       C->Q  F     DFRRQHDX1      4  86.7   528  1339    1339    (-,-) 
  g169268/Q                                                          -       A->Q  F     BUHDX2        11 113.8   383   688    2027    (-,-) 
  u_core_gen_pd_row[6].gen_pd_col[0].u_pd/g2814__1705/Q              -       A->Q  R     NA2HDX1        1  14.2   303   373    2400    (-,-) 
  u_core_gen_pd_row[6].gen_pd_col[0].u_pd/g2808__8428/Q              -       C->Q  F     ON21HDX1       1  12.3   210   277    2677    (-,-) 
  u_core_gen_pd_row[6].gen_pd_col[0].u_pd/nfast_hit_latched_reg[4]/D -       -     F     DFRRQHDX1      1     -     -     0    2677    (-,-) 
#--------------------------------------------------------------------------------------------------------------------------------------------

Capture clock path:
#-------------------------------------------------------------------------------------------------------------------------------------------
#                           Timing Point                             Flags   Arc   Edge   Cell     Fanout Load Trans Delay Arrival Instance 
#                                                                                                         (fF)  (ps)  (ps)   (ps)  Location 
#-------------------------------------------------------------------------------------------------------------------------------------------
  u_core_u_osc_fast_u_stub/phase[0]                                  (i,b)   -     R     (arrival)    111  0.0     0     0     900    (-,-) 
  u_core_gen_pd_row[6].gen_pd_col[0].u_pd/nfast_hit_latched_reg[4]/C <<<     -     R     DFRRQHDX1    111    -   150     0     900    (-,-) 
#-------------------------------------------------------------------------------------------------------------------------------------------



Path 58: VIOLATED (-2502 ps) Setup Check with Pin u_core_gen_pd_row[5].gen_pd_col[0].u_pd/nfast_hit_latched_reg[4]/C->D
           View: wc_view
          Group: clk_osc_fast
     Startpoint: (R) u_core_u_fast_cnt_bin_q_reg[4]/C
          Clock: (R) clk_osc_fast
       Endpoint: (F) u_core_gen_pd_row[5].gen_pd_col[0].u_pd/nfast_hit_latched_reg[4]/D
          Clock: (R) clk_osc_fast

                     Capture       Launch     
        Clock Edge:+     900            0     
       Src Latency:+       0            0     
       Net Latency:+       0 (I)        0 (I) 
           Arrival:=     900            0     
                                              
             Setup:-     675                  
       Uncertainty:-      50                  
     Required Time:=     175                  
      Launch Clock:-       0                  
         Data Path:-    2677                  
             Slack:=   -2502                  

Launch clock path:
#----------------------------------------------------------------------------------------------------------
#           Timing Point            Flags   Arc   Edge   Cell     Fanout Load Trans Delay Arrival Instance 
#                                                                        (fF)  (ps)  (ps)   (ps)  Location 
#----------------------------------------------------------------------------------------------------------
  u_core_u_osc_fast_u_stub/phase[0] (i,b)   -     R     (arrival)    111  0.0     0     0       0    (-,-) 
  u_core_u_fast_cnt_bin_q_reg[4]/C  <<<     -     R     DFRRQHDX1    111    -   150     0       0    (-,-) 
#----------------------------------------------------------------------------------------------------------

#--------------------------------------------------------------------------------------------------------------------------------------------
#                           Timing Point                             Flags   Arc   Edge   Cell     Fanout  Load Trans Delay Arrival Instance 
#                                                                                                          (fF)  (ps)  (ps)   (ps)  Location 
#--------------------------------------------------------------------------------------------------------------------------------------------
  u_core_u_fast_cnt_bin_q_reg[4]/C                                   -       -     R     (arrival)    111     -   150     0       0    (-,-) 
  u_core_u_fast_cnt_bin_q_reg[4]/Q                                   -       C->Q  F     DFRRQHDX1      4  86.7   528  1339    1339    (-,-) 
  g169268/Q                                                          -       A->Q  F     BUHDX2        11 113.8   383   688    2027    (-,-) 
  u_core_gen_pd_row[5].gen_pd_col[0].u_pd/g2814__1705/Q              -       A->Q  R     NA2HDX1        1  14.2   303   373    2400    (-,-) 
  u_core_gen_pd_row[5].gen_pd_col[0].u_pd/g2808__8428/Q              -       C->Q  F     ON21HDX1       1  12.3   210   277    2677    (-,-) 
  u_core_gen_pd_row[5].gen_pd_col[0].u_pd/nfast_hit_latched_reg[4]/D -       -     F     DFRRQHDX1      1     -     -     0    2677    (-,-) 
#--------------------------------------------------------------------------------------------------------------------------------------------

Capture clock path:
#-------------------------------------------------------------------------------------------------------------------------------------------
#                           Timing Point                             Flags   Arc   Edge   Cell     Fanout Load Trans Delay Arrival Instance 
#                                                                                                         (fF)  (ps)  (ps)   (ps)  Location 
#-------------------------------------------------------------------------------------------------------------------------------------------
  u_core_u_osc_fast_u_stub/phase[0]                                  (i,b)   -     R     (arrival)    111  0.0     0     0     900    (-,-) 
  u_core_gen_pd_row[5].gen_pd_col[0].u_pd/nfast_hit_latched_reg[4]/C <<<     -     R     DFRRQHDX1    111    -   150     0     900    (-,-) 
#-------------------------------------------------------------------------------------------------------------------------------------------



Path 59: VIOLATED (-2502 ps) Setup Check with Pin u_core_gen_pd_row[4].gen_pd_col[0].u_pd/nfast_hit_latched_reg[4]/C->D
           View: wc_view
          Group: clk_osc_fast
     Startpoint: (R) u_core_u_fast_cnt_bin_q_reg[4]/C
          Clock: (R) clk_osc_fast
       Endpoint: (F) u_core_gen_pd_row[4].gen_pd_col[0].u_pd/nfast_hit_latched_reg[4]/D
          Clock: (R) clk_osc_fast

                     Capture       Launch     
        Clock Edge:+     900            0     
       Src Latency:+       0            0     
       Net Latency:+       0 (I)        0 (I) 
           Arrival:=     900            0     
                                              
             Setup:-     675                  
       Uncertainty:-      50                  
     Required Time:=     175                  
      Launch Clock:-       0                  
         Data Path:-    2677                  
             Slack:=   -2502                  

Launch clock path:
#----------------------------------------------------------------------------------------------------------
#           Timing Point            Flags   Arc   Edge   Cell     Fanout Load Trans Delay Arrival Instance 
#                                                                        (fF)  (ps)  (ps)   (ps)  Location 
#----------------------------------------------------------------------------------------------------------
  u_core_u_osc_fast_u_stub/phase[0] (i,b)   -     R     (arrival)    111  0.0     0     0       0    (-,-) 
  u_core_u_fast_cnt_bin_q_reg[4]/C  <<<     -     R     DFRRQHDX1    111    -   150     0       0    (-,-) 
#----------------------------------------------------------------------------------------------------------

#--------------------------------------------------------------------------------------------------------------------------------------------
#                           Timing Point                             Flags   Arc   Edge   Cell     Fanout  Load Trans Delay Arrival Instance 
#                                                                                                          (fF)  (ps)  (ps)   (ps)  Location 
#--------------------------------------------------------------------------------------------------------------------------------------------
  u_core_u_fast_cnt_bin_q_reg[4]/C                                   -       -     R     (arrival)    111     -   150     0       0    (-,-) 
  u_core_u_fast_cnt_bin_q_reg[4]/Q                                   -       C->Q  F     DFRRQHDX1      4  86.7   528  1339    1339    (-,-) 
  g169268/Q                                                          -       A->Q  F     BUHDX2        11 113.8   383   688    2027    (-,-) 
  u_core_gen_pd_row[4].gen_pd_col[0].u_pd/g2814__1705/Q              -       A->Q  R     NA2HDX1        1  14.2   303   373    2400    (-,-) 
  u_core_gen_pd_row[4].gen_pd_col[0].u_pd/g2808__8428/Q              -       C->Q  F     ON21HDX1       1  12.3   210   277    2677    (-,-) 
  u_core_gen_pd_row[4].gen_pd_col[0].u_pd/nfast_hit_latched_reg[4]/D -       -     F     DFRRQHDX1      1     -     -     0    2677    (-,-) 
#--------------------------------------------------------------------------------------------------------------------------------------------

Capture clock path:
#-------------------------------------------------------------------------------------------------------------------------------------------
#                           Timing Point                             Flags   Arc   Edge   Cell     Fanout Load Trans Delay Arrival Instance 
#                                                                                                         (fF)  (ps)  (ps)   (ps)  Location 
#-------------------------------------------------------------------------------------------------------------------------------------------
  u_core_u_osc_fast_u_stub/phase[0]                                  (i,b)   -     R     (arrival)    111  0.0     0     0     900    (-,-) 
  u_core_gen_pd_row[4].gen_pd_col[0].u_pd/nfast_hit_latched_reg[4]/C <<<     -     R     DFRRQHDX1    111    -   150     0     900    (-,-) 
#-------------------------------------------------------------------------------------------------------------------------------------------



Path 60: VIOLATED (-2502 ps) Setup Check with Pin u_core_gen_pd_row[2].gen_pd_col[0].u_pd/nfast_hit_latched_reg[4]/C->D
           View: wc_view
          Group: clk_osc_fast
     Startpoint: (R) u_core_u_fast_cnt_bin_q_reg[4]/C
          Clock: (R) clk_osc_fast
       Endpoint: (F) u_core_gen_pd_row[2].gen_pd_col[0].u_pd/nfast_hit_latched_reg[4]/D
          Clock: (R) clk_osc_fast

                     Capture       Launch     
        Clock Edge:+     900            0     
       Src Latency:+       0            0     
       Net Latency:+       0 (I)        0 (I) 
           Arrival:=     900            0     
                                              
             Setup:-     675                  
       Uncertainty:-      50                  
     Required Time:=     175                  
      Launch Clock:-       0                  
         Data Path:-    2677                  
             Slack:=   -2502                  

Launch clock path:
#----------------------------------------------------------------------------------------------------------
#           Timing Point            Flags   Arc   Edge   Cell     Fanout Load Trans Delay Arrival Instance 
#                                                                        (fF)  (ps)  (ps)   (ps)  Location 
#----------------------------------------------------------------------------------------------------------
  u_core_u_osc_fast_u_stub/phase[0] (i,b)   -     R     (arrival)    111  0.0     0     0       0    (-,-) 
  u_core_u_fast_cnt_bin_q_reg[4]/C  <<<     -     R     DFRRQHDX1    111    -   150     0       0    (-,-) 
#----------------------------------------------------------------------------------------------------------

#--------------------------------------------------------------------------------------------------------------------------------------------
#                           Timing Point                             Flags   Arc   Edge   Cell     Fanout  Load Trans Delay Arrival Instance 
#                                                                                                          (fF)  (ps)  (ps)   (ps)  Location 
#--------------------------------------------------------------------------------------------------------------------------------------------
  u_core_u_fast_cnt_bin_q_reg[4]/C                                   -       -     R     (arrival)    111     -   150     0       0    (-,-) 
  u_core_u_fast_cnt_bin_q_reg[4]/Q                                   -       C->Q  F     DFRRQHDX1      4  86.7   528  1339    1339    (-,-) 
  g169268/Q                                                          -       A->Q  F     BUHDX2        11 113.8   383   688    2027    (-,-) 
  u_core_gen_pd_row[2].gen_pd_col[0].u_pd/g2814__1705/Q              -       A->Q  R     NA2HDX1        1  14.2   303   373    2400    (-,-) 
  u_core_gen_pd_row[2].gen_pd_col[0].u_pd/g2808__8428/Q              -       C->Q  F     ON21HDX1       1  12.3   210   277    2677    (-,-) 
  u_core_gen_pd_row[2].gen_pd_col[0].u_pd/nfast_hit_latched_reg[4]/D -       -     F     DFRRQHDX1      1     -     -     0    2677    (-,-) 
#--------------------------------------------------------------------------------------------------------------------------------------------

Capture clock path:
#-------------------------------------------------------------------------------------------------------------------------------------------
#                           Timing Point                             Flags   Arc   Edge   Cell     Fanout Load Trans Delay Arrival Instance 
#                                                                                                         (fF)  (ps)  (ps)   (ps)  Location 
#-------------------------------------------------------------------------------------------------------------------------------------------
  u_core_u_osc_fast_u_stub/phase[0]                                  (i,b)   -     R     (arrival)    111  0.0     0     0     900    (-,-) 
  u_core_gen_pd_row[2].gen_pd_col[0].u_pd/nfast_hit_latched_reg[4]/C <<<     -     R     DFRRQHDX1    111    -   150     0     900    (-,-) 
#-------------------------------------------------------------------------------------------------------------------------------------------



Path 61: VIOLATED (-2500 ps) Setup Check with Pin u_core_gen_pd_row[3].gen_pd_col[0].u_pd/nfast_hit_latched_reg[4]/C->D
           View: wc_view
          Group: clk_osc_fast
     Startpoint: (R) u_core_u_fast_cnt_bin_q_reg[4]/C
          Clock: (R) clk_osc_fast
       Endpoint: (F) u_core_gen_pd_row[3].gen_pd_col[0].u_pd/nfast_hit_latched_reg[4]/D
          Clock: (R) clk_osc_fast

                     Capture       Launch     
        Clock Edge:+     900            0     
       Src Latency:+       0            0     
       Net Latency:+       0 (I)        0 (I) 
           Arrival:=     900            0     
                                              
             Setup:-     674                  
       Uncertainty:-      50                  
     Required Time:=     176                  
      Launch Clock:-       0                  
         Data Path:-    2676                  
             Slack:=   -2500                  

Launch clock path:
#----------------------------------------------------------------------------------------------------------
#           Timing Point            Flags   Arc   Edge   Cell     Fanout Load Trans Delay Arrival Instance 
#                                                                        (fF)  (ps)  (ps)   (ps)  Location 
#----------------------------------------------------------------------------------------------------------
  u_core_u_osc_fast_u_stub/phase[0] (i,b)   -     R     (arrival)    111  0.0     0     0       0    (-,-) 
  u_core_u_fast_cnt_bin_q_reg[4]/C  <<<     -     R     DFRRQHDX1    111    -   150     0       0    (-,-) 
#----------------------------------------------------------------------------------------------------------

#--------------------------------------------------------------------------------------------------------------------------------------------
#                           Timing Point                             Flags   Arc   Edge   Cell     Fanout  Load Trans Delay Arrival Instance 
#                                                                                                          (fF)  (ps)  (ps)   (ps)  Location 
#--------------------------------------------------------------------------------------------------------------------------------------------
  u_core_u_fast_cnt_bin_q_reg[4]/C                                   -       -     R     (arrival)    111     -   150     0       0    (-,-) 
  u_core_u_fast_cnt_bin_q_reg[4]/Q                                   -       C->Q  F     DFRRQHDX1      4  86.7   528  1339    1339    (-,-) 
  g169268/Q                                                          -       A->Q  F     BUHDX2        11 113.8   383   688    2027    (-,-) 
  u_core_gen_pd_row[3].gen_pd_col[0].u_pd/g2814__1705/Q              -       A->Q  R     NA2HDX1        1  14.2   298   373    2400    (-,-) 
  u_core_gen_pd_row[3].gen_pd_col[0].u_pd/g2808__8428/Q              -       C->Q  F     ON21HDX1       1  12.3   209   276    2676    (-,-) 
  u_core_gen_pd_row[3].gen_pd_col[0].u_pd/nfast_hit_latched_reg[4]/D -       -     F     DFRRQHDX1      1     -     -     0    2676    (-,-) 
#--------------------------------------------------------------------------------------------------------------------------------------------

Capture clock path:
#-------------------------------------------------------------------------------------------------------------------------------------------
#                           Timing Point                             Flags   Arc   Edge   Cell     Fanout Load Trans Delay Arrival Instance 
#                                                                                                         (fF)  (ps)  (ps)   (ps)  Location 
#-------------------------------------------------------------------------------------------------------------------------------------------
  u_core_u_osc_fast_u_stub/phase[0]                                  (i,b)   -     R     (arrival)    111  0.0     0     0     900    (-,-) 
  u_core_gen_pd_row[3].gen_pd_col[0].u_pd/nfast_hit_latched_reg[4]/C <<<     -     R     DFRRQHDX1    111    -   150     0     900    (-,-) 
#-------------------------------------------------------------------------------------------------------------------------------------------



Path 62: VIOLATED (-2486 ps) Setup Check with Pin u_core_gen_pd_row[3].gen_pd_col[0].u_pd/nfast_hit_latched_reg[0]/C->D
           View: wc_view
          Group: clk_osc_fast
     Startpoint: (R) u_core_u_fast_cnt_bin_q_reg[0]/C
          Clock: (R) clk_osc_fast
       Endpoint: (F) u_core_gen_pd_row[3].gen_pd_col[0].u_pd/nfast_hit_latched_reg[0]/D
          Clock: (R) clk_osc_fast

                     Capture       Launch     
        Clock Edge:+     900            0     
       Src Latency:+       0            0     
       Net Latency:+       0 (I)        0 (I) 
           Arrival:=     900            0     
                                              
             Setup:-     631                  
       Uncertainty:-      50                  
     Required Time:=     219                  
      Launch Clock:-       0                  
         Data Path:-    2706                  
             Slack:=   -2486                  

Launch clock path:
#----------------------------------------------------------------------------------------------------------
#           Timing Point            Flags   Arc   Edge   Cell     Fanout Load Trans Delay Arrival Instance 
#                                                                        (fF)  (ps)  (ps)   (ps)  Location 
#----------------------------------------------------------------------------------------------------------
  u_core_u_osc_fast_u_stub/phase[0] (i,b)   -     R     (arrival)    111  0.0     0     0       0    (-,-) 
  u_core_u_fast_cnt_bin_q_reg[0]/C  <<<     -     R     DFRRQHDX1    111    -   150     0       0    (-,-) 
#----------------------------------------------------------------------------------------------------------

#--------------------------------------------------------------------------------------------------------------------------------------------
#                           Timing Point                             Flags   Arc   Edge   Cell     Fanout  Load Trans Delay Arrival Instance 
#                                                                                                          (fF)  (ps)  (ps)   (ps)  Location 
#--------------------------------------------------------------------------------------------------------------------------------------------
  u_core_u_fast_cnt_bin_q_reg[0]/C                                   -       -     R     (arrival)    111     -   150     0       0    (-,-) 
  u_core_u_fast_cnt_bin_q_reg[0]/Q                                   -       C->Q  F     DFRRQHDX1      1  32.3   316  1079    1079    (-,-) 
  drc189663/Q                                                        -       A->Q  F     BUHDX6         5 126.7   186   448    1527    (-,-) 
  g189664/Q                                                          -       A->Q  F     BUHDX12       32 322.9   222   430    1957    (-,-) 
  g189666/Q                                                          -       A->Q  F     BUHDX6         9 114.5   172   397    2354    (-,-) 
  u_core_gen_pd_row[3].gen_pd_col[0].u_pd/g33/Q                      -       A->Q  F     NA22HDX1       1  12.2   174   352    2706    (-,-) 
  u_core_gen_pd_row[3].gen_pd_col[0].u_pd/nfast_hit_latched_reg[0]/D -       -     F     DFRRQHDX4      1     -     -     0    2706    (-,-) 
#--------------------------------------------------------------------------------------------------------------------------------------------

Capture clock path:
#-------------------------------------------------------------------------------------------------------------------------------------------
#                           Timing Point                             Flags   Arc   Edge   Cell     Fanout Load Trans Delay Arrival Instance 
#                                                                                                         (fF)  (ps)  (ps)   (ps)  Location 
#-------------------------------------------------------------------------------------------------------------------------------------------
  u_core_u_osc_fast_u_stub/phase[0]                                  (i,b)   -     R     (arrival)    111  0.0     0     0     900    (-,-) 
  u_core_gen_pd_row[3].gen_pd_col[0].u_pd/nfast_hit_latched_reg[0]/C <<<     -     R     DFRRQHDX4    111    -   150     0     900    (-,-) 
#-------------------------------------------------------------------------------------------------------------------------------------------



Path 63: VIOLATED (-2476 ps) Setup Check with Pin u_core_gen_pd_row[3].gen_pd_col[0].u_pd/nfast_hit_latched_reg[2]/C->D
           View: wc_view
          Group: clk_osc_fast
     Startpoint: (R) u_core_u_fast_cnt_bin_q_reg[2]/C
          Clock: (R) clk_osc_fast
       Endpoint: (F) u_core_gen_pd_row[3].gen_pd_col[0].u_pd/nfast_hit_latched_reg[2]/D
          Clock: (R) clk_osc_fast

                     Capture       Launch     
        Clock Edge:+     900            0     
       Src Latency:+       0            0     
       Net Latency:+       0 (I)        0 (I) 
           Arrival:=     900            0     
                                              
             Setup:-     664                  
       Uncertainty:-      50                  
     Required Time:=     186                  
      Launch Clock:-       0                  
         Data Path:-    2662                  
             Slack:=   -2476                  

Launch clock path:
#----------------------------------------------------------------------------------------------------------
#           Timing Point            Flags   Arc   Edge   Cell     Fanout Load Trans Delay Arrival Instance 
#                                                                        (fF)  (ps)  (ps)   (ps)  Location 
#----------------------------------------------------------------------------------------------------------
  u_core_u_osc_fast_u_stub/phase[0] (i,b)   -     R     (arrival)    111  0.0     0     0       0    (-,-) 
  u_core_u_fast_cnt_bin_q_reg[2]/C  <<<     -     R     DFRRQHDX1    111    -   150     0       0    (-,-) 
#----------------------------------------------------------------------------------------------------------

#-------------------------------------------------------------------------------------------------------------------------------------------
#                           Timing Point                             Flags   Arc   Edge   Cell     Fanout Load Trans Delay Arrival Instance 
#                                                                                                         (fF)  (ps)  (ps)   (ps)  Location 
#-------------------------------------------------------------------------------------------------------------------------------------------
  u_core_u_fast_cnt_bin_q_reg[2]/C                                   -       -     R     (arrival)    111    -   150     0       0    (-,-) 
  u_core_u_fast_cnt_bin_q_reg[2]/Q                                   -       C->Q  F     DFRRQHDX1      1 24.1   277  1023    1023    (-,-) 
  g189607/Q                                                          -       A->Q  F     BUHDX4         4 88.8   190   438    1461    (-,-) 
  g189601/Q                                                          -       A->Q  F     BUHDX2         3 54.2   206   420    1881    (-,-) 
  g189600/Q                                                          -       A->Q  F     BUHDX4         8 95.5   199   417    2298    (-,-) 
  u_core_gen_pd_row[3].gen_pd_col[0].u_pd/g39/Q                      -       A->Q  F     NA22HDX1       1 12.3   185   364    2662    (-,-) 
  u_core_gen_pd_row[3].gen_pd_col[0].u_pd/nfast_hit_latched_reg[2]/D -       -     F     DFRRQHDX2      1    -     -     0    2662    (-,-) 
#-------------------------------------------------------------------------------------------------------------------------------------------

Capture clock path:
#-------------------------------------------------------------------------------------------------------------------------------------------
#                           Timing Point                             Flags   Arc   Edge   Cell     Fanout Load Trans Delay Arrival Instance 
#                                                                                                         (fF)  (ps)  (ps)   (ps)  Location 
#-------------------------------------------------------------------------------------------------------------------------------------------
  u_core_u_osc_fast_u_stub/phase[0]                                  (i,b)   -     R     (arrival)    111  0.0     0     0     900    (-,-) 
  u_core_gen_pd_row[3].gen_pd_col[0].u_pd/nfast_hit_latched_reg[2]/C <<<     -     R     DFRRQHDX2    111    -   150     0     900    (-,-) 
#-------------------------------------------------------------------------------------------------------------------------------------------



Path 64: VIOLATED (-2455 ps) Setup Check with Pin u_core_gen_pd_row[3].gen_pd_col[0].u_pd/nfast_hit_latched_reg[1]/C->D
           View: wc_view
          Group: clk_osc_fast
     Startpoint: (R) u_core_gen_pd_row[3].gen_pd_col[0].u_pd/q1_reg/C
          Clock: (R) clk_osc_fast
       Endpoint: (F) u_core_gen_pd_row[3].gen_pd_col[0].u_pd/nfast_hit_latched_reg[1]/D
          Clock: (R) clk_osc_fast

                     Capture       Launch     
        Clock Edge:+     900            0     
       Src Latency:+       0            0     
       Net Latency:+       0 (I)        0 (I) 
           Arrival:=     900            0     
                                              
             Setup:-     631                  
       Uncertainty:-      50                  
     Required Time:=     219                  
      Launch Clock:-       0                  
         Data Path:-    2674                  
             Slack:=   -2455                  

Launch clock path:
#-------------------------------------------------------------------------------------------------------------------------
#                  Timing Point                    Flags   Arc   Edge   Cell     Fanout Load Trans Delay Arrival Instance 
#                                                                                       (fF)  (ps)  (ps)   (ps)  Location 
#-------------------------------------------------------------------------------------------------------------------------
  u_core_u_osc_fast_u_stub/phase[0]                (i,b)   -     R     (arrival)    111  0.0     0     0       0    (-,-) 
  u_core_gen_pd_row[3].gen_pd_col[0].u_pd/q1_reg/C <<<     -     R     DFRRQHDX1    111    -   150     0       0    (-,-) 
#-------------------------------------------------------------------------------------------------------------------------

#--------------------------------------------------------------------------------------------------------------------------------------------
#                           Timing Point                             Flags   Arc   Edge   Cell     Fanout  Load Trans Delay Arrival Instance 
#                                                                                                          (fF)  (ps)  (ps)   (ps)  Location 
#--------------------------------------------------------------------------------------------------------------------------------------------
  u_core_gen_pd_row[3].gen_pd_col[0].u_pd/q1_reg/C                   -       -     R     (arrival)    111     -   150     0       0    (-,-) 
  u_core_gen_pd_row[3].gen_pd_col[0].u_pd/q1_reg/Q                   -       C->Q  F     DFRRQHDX1      3  40.5   350  1125    1125    (-,-) 
  u_core_gen_pd_row[3].gen_pd_col[0].u_pd/g2865/Q                    -       A->Q  R     INHDX2         2  24.5   185   241    1366    (-,-) 
  u_core_gen_pd_row[3].gen_pd_col[0].u_pd/g2867/Q                    -       A->Q  R     AND3HDX4      10 113.9   351   738    2104    (-,-) 
  u_core_gen_pd_row[3].gen_pd_col[0].u_pd/g7/Q                       -       AN->Q R     NA2I1HDX2      1  15.8   227   355    2459    (-,-) 
  u_core_gen_pd_row[3].gen_pd_col[0].u_pd/g2896/Q                    -       C->Q  F     NA22HDX1       1  12.2   174   215    2674    (-,-) 
  u_core_gen_pd_row[3].gen_pd_col[0].u_pd/nfast_hit_latched_reg[1]/D -       -     F     DFRRQHDX4      1     -     -     0    2674    (-,-) 
#--------------------------------------------------------------------------------------------------------------------------------------------

Capture clock path:
#-------------------------------------------------------------------------------------------------------------------------------------------
#                           Timing Point                             Flags   Arc   Edge   Cell     Fanout Load Trans Delay Arrival Instance 
#                                                                                                         (fF)  (ps)  (ps)   (ps)  Location 
#-------------------------------------------------------------------------------------------------------------------------------------------
  u_core_u_osc_fast_u_stub/phase[0]                                  (i,b)   -     R     (arrival)    111  0.0     0     0     900    (-,-) 
  u_core_gen_pd_row[3].gen_pd_col[0].u_pd/nfast_hit_latched_reg[1]/C <<<     -     R     DFRRQHDX4    111    -   150     0     900    (-,-) 
#-------------------------------------------------------------------------------------------------------------------------------------------



Path 65: VIOLATED (-2406 ps) Setup Check with Pin u_core_u_fast_cnt_bin_q_reg[1]/C->D
           View: wc_view
          Group: clk_osc_fast
     Startpoint: (R) u_core_u_fast_cnt_bin_q_reg[0]/C
          Clock: (R) clk_osc_fast
       Endpoint: (F) u_core_u_fast_cnt_bin_q_reg[1]/D
          Clock: (R) clk_osc_fast

                     Capture       Launch     
        Clock Edge:+     900            0     
       Src Latency:+       0            0     
       Net Latency:+       0 (I)        0 (I) 
           Arrival:=     900            0     
                                              
             Setup:-     682                  
       Uncertainty:-      50                  
     Required Time:=     168                  
      Launch Clock:-       0                  
         Data Path:-    2574                  
             Slack:=   -2406                  

Launch clock path:
#----------------------------------------------------------------------------------------------------------
#           Timing Point            Flags   Arc   Edge   Cell     Fanout Load Trans Delay Arrival Instance 
#                                                                        (fF)  (ps)  (ps)   (ps)  Location 
#----------------------------------------------------------------------------------------------------------
  u_core_u_osc_fast_u_stub/phase[0] (i,b)   -     R     (arrival)    111  0.0     0     0       0    (-,-) 
  u_core_u_fast_cnt_bin_q_reg[0]/C  <<<     -     R     DFRRQHDX1    111    -   150     0       0    (-,-) 
#----------------------------------------------------------------------------------------------------------

#----------------------------------------------------------------------------------------------------------
#          Timing Point            Flags   Arc   Edge   Cell     Fanout  Load Trans Delay Arrival Instance 
#                                                                        (fF)  (ps)  (ps)   (ps)  Location 
#----------------------------------------------------------------------------------------------------------
  u_core_u_fast_cnt_bin_q_reg[0]/C -       -     R     (arrival)    111     -   150     0       0    (-,-) 
  u_core_u_fast_cnt_bin_q_reg[0]/Q -       C->Q  F     DFRRQHDX1      1  32.3   316  1079    1079    (-,-) 
  drc189663/Q                      -       A->Q  F     BUHDX6         5 126.7   186   448    1527    (-,-) 
  g189664/Q                        -       A->Q  F     BUHDX12       32 322.9   222   430    1957    (-,-) 
  g189665/Q                        -       B->Q  R     NA2I1HDX1      1  14.0   298   342    2299    (-,-) 
  g161803/Q                        -       B->Q  F     AN21HDX1       1  12.3   238   275    2574    (-,-) 
  u_core_u_fast_cnt_bin_q_reg[1]/D -       -     F     DFRRQHDX1      1     -     -     0    2574    (-,-) 
#----------------------------------------------------------------------------------------------------------

Capture clock path:
#----------------------------------------------------------------------------------------------------------
#           Timing Point            Flags   Arc   Edge   Cell     Fanout Load Trans Delay Arrival Instance 
#                                                                        (fF)  (ps)  (ps)   (ps)  Location 
#----------------------------------------------------------------------------------------------------------
  u_core_u_osc_fast_u_stub/phase[0] (i,b)   -     R     (arrival)    111  0.0     0     0     900    (-,-) 
  u_core_u_fast_cnt_bin_q_reg[1]/C  <<<     -     R     DFRRQHDX1    111    -   150     0     900    (-,-) 
#----------------------------------------------------------------------------------------------------------



Path 66: VIOLATED (-2369 ps) Setup Check with Pin u_core_u_slow_cnt_dst_count_latched_reg[4]/C->D
           View: wc_view
          Group: clk_osc_fast
     Startpoint: (R) u_core_u_slow_cnt_gray_snap_ff2_async_reg[5]/C
          Clock: (R) clk_osc_fast
       Endpoint: (F) u_core_u_slow_cnt_dst_count_latched_reg[4]/D
          Clock: (R) clk_osc_fast

                     Capture       Launch     
        Clock Edge:+     900            0     
       Src Latency:+       0            0     
       Net Latency:+       0 (I)        0 (I) 
           Arrival:=     900            0     
                                              
             Setup:-     705                  
       Uncertainty:-      50                  
     Required Time:=     145                  
      Launch Clock:-       0                  
         Data Path:-    2514                  
             Slack:=   -2369                  

Launch clock path:
#-----------------------------------------------------------------------------------------------------------------------
#                 Timing Point                   Flags   Arc   Edge   Cell     Fanout Load Trans Delay Arrival Instance 
#                                                                                     (fF)  (ps)  (ps)   (ps)  Location 
#-----------------------------------------------------------------------------------------------------------------------
  u_core_u_osc_fast_u_stub/phase[0]              (i,b)   -     R     (arrival)    111  0.0     0     0       0    (-,-) 
  u_core_u_slow_cnt_gray_snap_ff2_async_reg[5]/C <<<     -     R     DFRRQHDX1    111    -   150     0       0    (-,-) 
#-----------------------------------------------------------------------------------------------------------------------

#-----------------------------------------------------------------------------------------------------------------------
#                 Timing Point                   Flags   Arc   Edge   Cell     Fanout Load Trans Delay Arrival Instance 
#                                                                                     (fF)  (ps)  (ps)   (ps)  Location 
#-----------------------------------------------------------------------------------------------------------------------
  u_core_u_slow_cnt_gray_snap_ff2_async_reg[5]/C -       -     R     (arrival)    111    -   150     0       0    (-,-) 
  u_core_u_slow_cnt_gray_snap_ff2_async_reg[5]/Q -       C->Q  F     DFRRQHDX1      2 29.0   303  1060    1060    (-,-) 
  g189720/Q                                      -       A->Q  F     EO2HDX2        5 58.5   182   969    2029    (-,-) 
  g85122/Q                                       -       A->Q  F     EN2HDX0        1 12.3   319   485    2514    (-,-) 
  u_core_u_slow_cnt_dst_count_latched_reg[4]/D   -       -     F     DFRRQHDX1      1    -     -     0    2514    (-,-) 
#-----------------------------------------------------------------------------------------------------------------------

Capture clock path:
#---------------------------------------------------------------------------------------------------------------------
#                Timing Point                  Flags   Arc   Edge   Cell     Fanout Load Trans Delay Arrival Instance 
#                                                                                   (fF)  (ps)  (ps)   (ps)  Location 
#---------------------------------------------------------------------------------------------------------------------
  u_core_u_osc_fast_u_stub/phase[0]            (i,b)   -     R     (arrival)    111  0.0     0     0     900    (-,-) 
  u_core_u_slow_cnt_dst_count_latched_reg[4]/C <<<     -     R     DFRRQHDX1    111    -   150     0     900    (-,-) 
#---------------------------------------------------------------------------------------------------------------------



Path 67: VIOLATED (-2365 ps) Setup Check with Pin u_core_u_slow_cnt_dst_count_latched_reg[3]/C->D
           View: wc_view
          Group: clk_osc_fast
     Startpoint: (R) u_core_u_slow_cnt_gray_snap_ff2_async_reg[5]/C
          Clock: (R) clk_osc_fast
       Endpoint: (F) u_core_u_slow_cnt_dst_count_latched_reg[3]/D
          Clock: (R) clk_osc_fast

                     Capture       Launch     
        Clock Edge:+     900            0     
       Src Latency:+       0            0     
       Net Latency:+       0 (I)        0 (I) 
           Arrival:=     900            0     
                                              
             Setup:-     704                  
       Uncertainty:-      50                  
     Required Time:=     146                  
      Launch Clock:-       0                  
         Data Path:-    2511                  
             Slack:=   -2365                  

Launch clock path:
#-----------------------------------------------------------------------------------------------------------------------
#                 Timing Point                   Flags   Arc   Edge   Cell     Fanout Load Trans Delay Arrival Instance 
#                                                                                     (fF)  (ps)  (ps)   (ps)  Location 
#-----------------------------------------------------------------------------------------------------------------------
  u_core_u_osc_fast_u_stub/phase[0]              (i,b)   -     R     (arrival)    111  0.0     0     0       0    (-,-) 
  u_core_u_slow_cnt_gray_snap_ff2_async_reg[5]/C <<<     -     R     DFRRQHDX1    111    -   150     0       0    (-,-) 
#-----------------------------------------------------------------------------------------------------------------------

#-----------------------------------------------------------------------------------------------------------------------
#                 Timing Point                   Flags   Arc   Edge   Cell     Fanout Load Trans Delay Arrival Instance 
#                                                                                     (fF)  (ps)  (ps)   (ps)  Location 
#-----------------------------------------------------------------------------------------------------------------------
  u_core_u_slow_cnt_gray_snap_ff2_async_reg[5]/C -       -     R     (arrival)    111    -   150     0       0    (-,-) 
  u_core_u_slow_cnt_gray_snap_ff2_async_reg[5]/Q -       C->Q  F     DFRRQHDX1      2 29.0   303  1060    1060    (-,-) 
  g189720/Q                                      -       A->Q  F     EO2HDX2        5 58.5   182   969    2029    (-,-) 
  g85119/Q                                       -       A->Q  F     EN3HDX0        1 12.3   314   482    2511    (-,-) 
  u_core_u_slow_cnt_dst_count_latched_reg[3]/D   -       -     F     DFRRQHDX1      1    -     -     0    2511    (-,-) 
#-----------------------------------------------------------------------------------------------------------------------

Capture clock path:
#---------------------------------------------------------------------------------------------------------------------
#                Timing Point                  Flags   Arc   Edge   Cell     Fanout Load Trans Delay Arrival Instance 
#                                                                                   (fF)  (ps)  (ps)   (ps)  Location 
#---------------------------------------------------------------------------------------------------------------------
  u_core_u_osc_fast_u_stub/phase[0]            (i,b)   -     R     (arrival)    111  0.0     0     0     900    (-,-) 
  u_core_u_slow_cnt_dst_count_latched_reg[3]/C <<<     -     R     DFRRQHDX1    111    -   150     0     900    (-,-) 
#---------------------------------------------------------------------------------------------------------------------



Path 68: VIOLATED (-1846 ps) Setup Check with Pin u_core_u_slow_cnt_dst_count_latched_reg[5]/C->D
           View: wc_view
          Group: clk_osc_fast
     Startpoint: (R) u_core_u_slow_cnt_gray_snap_ff2_async_reg[5]/C
          Clock: (R) clk_osc_fast
       Endpoint: (F) u_core_u_slow_cnt_dst_count_latched_reg[5]/D
          Clock: (R) clk_osc_fast

                     Capture       Launch     
        Clock Edge:+     900            0     
       Src Latency:+       0            0     
       Net Latency:+       0 (I)        0 (I) 
           Arrival:=     900            0     
                                              
             Setup:-     667                  
       Uncertainty:-      50                  
     Required Time:=     183                  
      Launch Clock:-       0                  
         Data Path:-    2029                  
             Slack:=   -1846                  

Launch clock path:
#-----------------------------------------------------------------------------------------------------------------------
#                 Timing Point                   Flags   Arc   Edge   Cell     Fanout Load Trans Delay Arrival Instance 
#                                                                                     (fF)  (ps)  (ps)   (ps)  Location 
#-----------------------------------------------------------------------------------------------------------------------
  u_core_u_osc_fast_u_stub/phase[0]              (i,b)   -     R     (arrival)    111  0.0     0     0       0    (-,-) 
  u_core_u_slow_cnt_gray_snap_ff2_async_reg[5]/C <<<     -     R     DFRRQHDX1    111    -   150     0       0    (-,-) 
#-----------------------------------------------------------------------------------------------------------------------

#-----------------------------------------------------------------------------------------------------------------------
#                 Timing Point                   Flags   Arc   Edge   Cell     Fanout Load Trans Delay Arrival Instance 
#                                                                                     (fF)  (ps)  (ps)   (ps)  Location 
#-----------------------------------------------------------------------------------------------------------------------
  u_core_u_slow_cnt_gray_snap_ff2_async_reg[5]/C -       -     R     (arrival)    111    -   150     0       0    (-,-) 
  u_core_u_slow_cnt_gray_snap_ff2_async_reg[5]/Q -       C->Q  F     DFRRQHDX1      2 29.0   303  1060    1060    (-,-) 
  g189720/Q                                      -       A->Q  F     EO2HDX2        5 58.5   182   969    2029    (-,-) 
  u_core_u_slow_cnt_dst_count_latched_reg[5]/D   -       -     F     DFRRQHDX1      5    -     -     0    2029    (-,-) 
#-----------------------------------------------------------------------------------------------------------------------

Capture clock path:
#---------------------------------------------------------------------------------------------------------------------
#                Timing Point                  Flags   Arc   Edge   Cell     Fanout Load Trans Delay Arrival Instance 
#                                                                                   (fF)  (ps)  (ps)   (ps)  Location 
#---------------------------------------------------------------------------------------------------------------------
  u_core_u_osc_fast_u_stub/phase[0]            (i,b)   -     R     (arrival)    111  0.0     0     0     900    (-,-) 
  u_core_u_slow_cnt_dst_count_latched_reg[5]/C <<<     -     R     DFRRQHDX1    111    -   150     0     900    (-,-) 
#---------------------------------------------------------------------------------------------------------------------



Path 69: VIOLATED (-1793 ps) Setup Check with Pin u_core_u_fast_cnt_bin_q_reg[0]/C->D
           View: wc_view
          Group: clk_osc_fast
     Startpoint: (R) u_core_u_fast_cnt_bin_q_reg[0]/C
          Clock: (R) clk_osc_fast
       Endpoint: (R) u_core_u_fast_cnt_bin_q_reg[0]/D
          Clock: (R) clk_osc_fast

                     Capture       Launch     
        Clock Edge:+     900            0     
       Src Latency:+       0            0     
       Net Latency:+       0 (I)        0 (I) 
           Arrival:=     900            0     
                                              
             Setup:-     326                  
       Uncertainty:-      50                  
     Required Time:=     524                  
      Launch Clock:-       0                  
         Data Path:-    2316                  
             Slack:=   -1793                  

Launch clock path:
#----------------------------------------------------------------------------------------------------------
#           Timing Point            Flags   Arc   Edge   Cell     Fanout Load Trans Delay Arrival Instance 
#                                                                        (fF)  (ps)  (ps)   (ps)  Location 
#----------------------------------------------------------------------------------------------------------
  u_core_u_osc_fast_u_stub/phase[0] (i,b)   -     R     (arrival)    111  0.0     0     0       0    (-,-) 
  u_core_u_fast_cnt_bin_q_reg[0]/C  <<<     -     R     DFRRQHDX1    111    -   150     0       0    (-,-) 
#----------------------------------------------------------------------------------------------------------

#----------------------------------------------------------------------------------------------------------
#          Timing Point            Flags   Arc   Edge   Cell     Fanout  Load Trans Delay Arrival Instance 
#                                                                        (fF)  (ps)  (ps)   (ps)  Location 
#----------------------------------------------------------------------------------------------------------
  u_core_u_fast_cnt_bin_q_reg[0]/C -       -     R     (arrival)    111     -   150     0       0    (-,-) 
  u_core_u_fast_cnt_bin_q_reg[0]/Q -       C->Q  F     DFRRQHDX1      1  32.3   316  1079    1079    (-,-) 
  drc189663/Q                      -       A->Q  F     BUHDX6         5 126.7   186   448    1527    (-,-) 
  g189664/Q                        -       A->Q  F     BUHDX12       32 322.9   222   430    1957    (-,-) 
  g189667/Q                        -       A->Q  R     NO2HDX1        1  12.3   354   359    2316    (-,-) 
  u_core_u_fast_cnt_bin_q_reg[0]/D -       -     R     DFRRQHDX1      1     -     -     0    2316    (-,-) 
#----------------------------------------------------------------------------------------------------------

Capture clock path:
#----------------------------------------------------------------------------------------------------------
#           Timing Point            Flags   Arc   Edge   Cell     Fanout Load Trans Delay Arrival Instance 
#                                                                        (fF)  (ps)  (ps)   (ps)  Location 
#----------------------------------------------------------------------------------------------------------
  u_core_u_osc_fast_u_stub/phase[0] (i,b)   -     R     (arrival)    111  0.0     0     0     900    (-,-) 
  u_core_u_fast_cnt_bin_q_reg[0]/C  <<<     -     R     DFRRQHDX1    111    -   150     0     900    (-,-) 
#----------------------------------------------------------------------------------------------------------



Path 70: VIOLATED (-1418 ps) Setup Check with Pin u_core_gen_pd_row[3].gen_pd_col[0].u_pd/hit_latched_reg/C->D
           View: wc_view
          Group: clk_osc_fast
     Startpoint: (R) u_core_gen_pd_row[3].gen_pd_col[0].u_pd/q2_reg/C
          Clock: (R) clk_osc_fast
       Endpoint: (F) u_core_gen_pd_row[3].gen_pd_col[0].u_pd/hit_latched_reg/D
          Clock: (R) clk_osc_fast

                     Capture       Launch     
        Clock Edge:+     900            0     
       Src Latency:+       0            0     
       Net Latency:+       0 (I)        0 (I) 
           Arrival:=     900            0     
                                              
             Setup:-     675                  
       Uncertainty:-      50                  
     Required Time:=     175                  
      Launch Clock:-       0                  
         Data Path:-    1594                  
             Slack:=   -1418                  

Launch clock path:
#-------------------------------------------------------------------------------------------------------------------------
#                  Timing Point                    Flags   Arc   Edge   Cell     Fanout Load Trans Delay Arrival Instance 
#                                                                                       (fF)  (ps)  (ps)   (ps)  Location 
#-------------------------------------------------------------------------------------------------------------------------
  u_core_u_osc_fast_u_stub/phase[0]                (i,b)   -     R     (arrival)    111  0.0     0     0       0    (-,-) 
  u_core_gen_pd_row[3].gen_pd_col[0].u_pd/q2_reg/C <<<     -     R     DFRRQHDX1    111    -   150     0       0    (-,-) 
#-------------------------------------------------------------------------------------------------------------------------

#----------------------------------------------------------------------------------------------------------------------------------
#                       Timing Point                        Flags   Arc   Edge   Cell     Fanout Load Trans Delay Arrival Instance 
#                                                                                                (fF)  (ps)  (ps)   (ps)  Location 
#----------------------------------------------------------------------------------------------------------------------------------
  u_core_gen_pd_row[3].gen_pd_col[0].u_pd/q2_reg/C          -       -     R     (arrival)    111    -   150     0       0    (-,-) 
  u_core_gen_pd_row[3].gen_pd_col[0].u_pd/q2_reg/Q          -       C->Q  F     DFRRQHDX1      3 35.9   331  1099    1099    (-,-) 
  u_core_gen_pd_row[3].gen_pd_col[0].u_pd/g19/Q             -       A->Q  R     INHDX1         1 15.7   214   268    1367    (-,-) 
  u_core_gen_pd_row[3].gen_pd_col[0].u_pd/g18/Q             -       A->Q  F     ON21HDX1       1 12.3   212   226    1593    (-,-) 
  u_core_gen_pd_row[3].gen_pd_col[0].u_pd/hit_latched_reg/D -       -     F     DFRRQHDX1      1    -     -     0    1594    (-,-) 
#----------------------------------------------------------------------------------------------------------------------------------

Capture clock path:
#----------------------------------------------------------------------------------------------------------------------------------
#                       Timing Point                        Flags   Arc   Edge   Cell     Fanout Load Trans Delay Arrival Instance 
#                                                                                                (fF)  (ps)  (ps)   (ps)  Location 
#----------------------------------------------------------------------------------------------------------------------------------
  u_core_u_osc_fast_u_stub/phase[0]                         (i,b)   -     R     (arrival)    111  0.0     0     0     900    (-,-) 
  u_core_gen_pd_row[3].gen_pd_col[0].u_pd/hit_latched_reg/C <<<     -     R     DFRRQHDX1    111    -   150     0     900    (-,-) 
#----------------------------------------------------------------------------------------------------------------------------------



Path 71: VIOLATED (-1359 ps) Setup Check with Pin u_core_u_slow_cnt_dst_count_latched_reg[6]/C->D
           View: wc_view
          Group: clk_osc_fast
     Startpoint: (R) u_core_u_slow_cnt_gray_snap_ff2_async_reg[6]/C
          Clock: (R) clk_osc_fast
       Endpoint: (F) u_core_u_slow_cnt_dst_count_latched_reg[6]/D
          Clock: (R) clk_osc_fast

                     Capture       Launch     
        Clock Edge:+     900            0     
       Src Latency:+       0            0     
       Net Latency:+       0 (I)        0 (I) 
           Arrival:=     900            0     
                                              
             Setup:-     682                  
       Uncertainty:-      50                  
     Required Time:=     168                  
      Launch Clock:-       0                  
         Data Path:-    1526                  
             Slack:=   -1359                  

Launch clock path:
#-----------------------------------------------------------------------------------------------------------------------
#                 Timing Point                   Flags   Arc   Edge   Cell     Fanout Load Trans Delay Arrival Instance 
#                                                                                     (fF)  (ps)  (ps)   (ps)  Location 
#-----------------------------------------------------------------------------------------------------------------------
  u_core_u_osc_fast_u_stub/phase[0]              (i,b)   -     R     (arrival)    111  0.0     0     0       0    (-,-) 
  u_core_u_slow_cnt_gray_snap_ff2_async_reg[6]/C <<<     -     R     DFRRQHDX1    111    -   150     0       0    (-,-) 
#-----------------------------------------------------------------------------------------------------------------------

#-----------------------------------------------------------------------------------------------------------------------
#                 Timing Point                   Flags   Arc   Edge   Cell     Fanout Load Trans Delay Arrival Instance 
#                                                                                     (fF)  (ps)  (ps)   (ps)  Location 
#-----------------------------------------------------------------------------------------------------------------------
  u_core_u_slow_cnt_gray_snap_ff2_async_reg[6]/C -       -     R     (arrival)    111    -   150     0       0    (-,-) 
  u_core_u_slow_cnt_gray_snap_ff2_async_reg[6]/Q -       C->Q  F     DFRRQHDX1      2 24.3   278  1025    1025    (-,-) 
  fopt169260/Q                                   -       A->Q  F     BUHDX1         2 28.7   239   501    1526    (-,-) 
  u_core_u_slow_cnt_dst_count_latched_reg[6]/D   -       -     F     DFRRQHDX1      2    -     -     0    1526    (-,-) 
#-----------------------------------------------------------------------------------------------------------------------

Capture clock path:
#---------------------------------------------------------------------------------------------------------------------
#                Timing Point                  Flags   Arc   Edge   Cell     Fanout Load Trans Delay Arrival Instance 
#                                                                                   (fF)  (ps)  (ps)   (ps)  Location 
#---------------------------------------------------------------------------------------------------------------------
  u_core_u_osc_fast_u_stub/phase[0]            (i,b)   -     R     (arrival)    111  0.0     0     0     900    (-,-) 
  u_core_u_slow_cnt_dst_count_latched_reg[6]/C <<<     -     R     DFRRQHDX1    111    -   150     0     900    (-,-) 
#---------------------------------------------------------------------------------------------------------------------



Path 72: VIOLATED (-1351 ps) Setup Check with Pin u_core_gen_pd_row[5].gen_pd_col[0].u_pd/hit_latched_reg/C->D
           View: wc_view
          Group: clk_osc_fast
     Startpoint: (R) u_core_gen_pd_row[5].gen_pd_col[0].u_pd/hit_latched_reg/C
          Clock: (R) clk_osc_fast
       Endpoint: (F) u_core_gen_pd_row[5].gen_pd_col[0].u_pd/hit_latched_reg/D
          Clock: (R) clk_osc_fast

                     Capture       Launch     
        Clock Edge:+     900            0     
       Src Latency:+       0            0     
       Net Latency:+       0 (I)        0 (I) 
           Arrival:=     900            0     
                                              
             Setup:-     673                  
       Uncertainty:-      50                  
     Required Time:=     177                  
      Launch Clock:-       0                  
         Data Path:-    1529                  
             Slack:=   -1351                  

Launch clock path:
#----------------------------------------------------------------------------------------------------------------------------------
#                       Timing Point                        Flags   Arc   Edge   Cell     Fanout Load Trans Delay Arrival Instance 
#                                                                                                (fF)  (ps)  (ps)   (ps)  Location 
#----------------------------------------------------------------------------------------------------------------------------------
  u_core_u_osc_fast_u_stub/phase[0]                         (i,b)   -     R     (arrival)    111  0.0     0     0       0    (-,-) 
  u_core_gen_pd_row[5].gen_pd_col[0].u_pd/hit_latched_reg/C <<<     -     R     DFRRQHDX1    111    -   150     0       0    (-,-) 
#----------------------------------------------------------------------------------------------------------------------------------

#----------------------------------------------------------------------------------------------------------------------------------
#                       Timing Point                        Flags   Arc   Edge   Cell     Fanout Load Trans Delay Arrival Instance 
#                                                                                                (fF)  (ps)  (ps)   (ps)  Location 
#----------------------------------------------------------------------------------------------------------------------------------
  u_core_gen_pd_row[5].gen_pd_col[0].u_pd/hit_latched_reg/C -       -     R     (arrival)    111    -   150     0       0    (-,-) 
  u_core_gen_pd_row[5].gen_pd_col[0].u_pd/hit_latched_reg/Q -       C->Q  F     DFRRQHDX1      2 29.2   304  1061    1061    (-,-) 
  u_core_gen_pd_row[5].gen_pd_col[0].u_pd/g2833/Q           -       A->Q  R     INHDX2         2 25.9   184   235    1296    (-,-) 
  u_core_gen_pd_row[5].gen_pd_col[0].u_pd/g2819__6131/Q     -       C->Q  F     ON21HDX1       1 12.3   204   232    1529    (-,-) 
  u_core_gen_pd_row[5].gen_pd_col[0].u_pd/hit_latched_reg/D -       -     F     DFRRQHDX1      1    -     -     0    1529    (-,-) 
#----------------------------------------------------------------------------------------------------------------------------------

Capture clock path:
#----------------------------------------------------------------------------------------------------------------------------------
#                       Timing Point                        Flags   Arc   Edge   Cell     Fanout Load Trans Delay Arrival Instance 
#                                                                                                (fF)  (ps)  (ps)   (ps)  Location 
#----------------------------------------------------------------------------------------------------------------------------------
  u_core_u_osc_fast_u_stub/phase[0]                         (i,b)   -     R     (arrival)    111  0.0     0     0     900    (-,-) 
  u_core_gen_pd_row[5].gen_pd_col[0].u_pd/hit_latched_reg/C <<<     -     R     DFRRQHDX1    111    -   150     0     900    (-,-) 
#----------------------------------------------------------------------------------------------------------------------------------



Path 73: VIOLATED (-1340 ps) Setup Check with Pin u_core_gen_pd_row[7].gen_pd_col[0].u_pd/hit_latched_reg/C->D
           View: wc_view
          Group: clk_osc_fast
     Startpoint: (R) u_core_gen_pd_row[7].gen_pd_col[0].u_pd/hit_latched_reg/C
          Clock: (R) clk_osc_fast
       Endpoint: (F) u_core_gen_pd_row[7].gen_pd_col[0].u_pd/hit_latched_reg/D
          Clock: (R) clk_osc_fast

                     Capture       Launch     
        Clock Edge:+     900            0     
       Src Latency:+       0            0     
       Net Latency:+       0 (I)        0 (I) 
           Arrival:=     900            0     
                                              
             Setup:-     673                  
       Uncertainty:-      50                  
     Required Time:=     177                  
      Launch Clock:-       0                  
         Data Path:-    1517                  
             Slack:=   -1340                  

Launch clock path:
#----------------------------------------------------------------------------------------------------------------------------------
#                       Timing Point                        Flags   Arc   Edge   Cell     Fanout Load Trans Delay Arrival Instance 
#                                                                                                (fF)  (ps)  (ps)   (ps)  Location 
#----------------------------------------------------------------------------------------------------------------------------------
  u_core_u_osc_fast_u_stub/phase[0]                         (i,b)   -     R     (arrival)    111  0.0     0     0       0    (-,-) 
  u_core_gen_pd_row[7].gen_pd_col[0].u_pd/hit_latched_reg/C <<<     -     R     DFRRQHDX1    111    -   150     0       0    (-,-) 
#----------------------------------------------------------------------------------------------------------------------------------

#----------------------------------------------------------------------------------------------------------------------------------
#                       Timing Point                        Flags   Arc   Edge   Cell     Fanout Load Trans Delay Arrival Instance 
#                                                                                                (fF)  (ps)  (ps)   (ps)  Location 
#----------------------------------------------------------------------------------------------------------------------------------
  u_core_gen_pd_row[7].gen_pd_col[0].u_pd/hit_latched_reg/C -       -     R     (arrival)    111    -   150     0       0    (-,-) 
  u_core_gen_pd_row[7].gen_pd_col[0].u_pd/hit_latched_reg/Q -       C->Q  F     DFRRQHDX1      2 35.9   331  1099    1099    (-,-) 
  u_core_gen_pd_row[7].gen_pd_col[0].u_pd/g2833/Q           -       A->Q  R     INHDX3         2 25.9   151   199    1298    (-,-) 
  u_core_gen_pd_row[7].gen_pd_col[0].u_pd/g2819__6131/Q     -       C->Q  F     ON21HDX1       1 12.3   204   219    1517    (-,-) 
  u_core_gen_pd_row[7].gen_pd_col[0].u_pd/hit_latched_reg/D -       -     F     DFRRQHDX1      1    -     -     0    1517    (-,-) 
#----------------------------------------------------------------------------------------------------------------------------------

Capture clock path:
#----------------------------------------------------------------------------------------------------------------------------------
#                       Timing Point                        Flags   Arc   Edge   Cell     Fanout Load Trans Delay Arrival Instance 
#                                                                                                (fF)  (ps)  (ps)   (ps)  Location 
#----------------------------------------------------------------------------------------------------------------------------------
  u_core_u_osc_fast_u_stub/phase[0]                         (i,b)   -     R     (arrival)    111  0.0     0     0     900    (-,-) 
  u_core_gen_pd_row[7].gen_pd_col[0].u_pd/hit_latched_reg/C <<<     -     R     DFRRQHDX1    111    -   150     0     900    (-,-) 
#----------------------------------------------------------------------------------------------------------------------------------



Path 74: VIOLATED (-1340 ps) Setup Check with Pin u_core_gen_pd_row[4].gen_pd_col[0].u_pd/hit_latched_reg/C->D
           View: wc_view
          Group: clk_osc_fast
     Startpoint: (R) u_core_gen_pd_row[4].gen_pd_col[0].u_pd/hit_latched_reg/C
          Clock: (R) clk_osc_fast
       Endpoint: (F) u_core_gen_pd_row[4].gen_pd_col[0].u_pd/hit_latched_reg/D
          Clock: (R) clk_osc_fast

                     Capture       Launch     
        Clock Edge:+     900            0     
       Src Latency:+       0            0     
       Net Latency:+       0 (I)        0 (I) 
           Arrival:=     900            0     
                                              
             Setup:-     673                  
       Uncertainty:-      50                  
     Required Time:=     177                  
      Launch Clock:-       0                  
         Data Path:-    1517                  
             Slack:=   -1340                  

Launch clock path:
#----------------------------------------------------------------------------------------------------------------------------------
#                       Timing Point                        Flags   Arc   Edge   Cell     Fanout Load Trans Delay Arrival Instance 
#                                                                                                (fF)  (ps)  (ps)   (ps)  Location 
#----------------------------------------------------------------------------------------------------------------------------------
  u_core_u_osc_fast_u_stub/phase[0]                         (i,b)   -     R     (arrival)    111  0.0     0     0       0    (-,-) 
  u_core_gen_pd_row[4].gen_pd_col[0].u_pd/hit_latched_reg/C <<<     -     R     DFRRQHDX1    111    -   150     0       0    (-,-) 
#----------------------------------------------------------------------------------------------------------------------------------

#----------------------------------------------------------------------------------------------------------------------------------
#                       Timing Point                        Flags   Arc   Edge   Cell     Fanout Load Trans Delay Arrival Instance 
#                                                                                                (fF)  (ps)  (ps)   (ps)  Location 
#----------------------------------------------------------------------------------------------------------------------------------
  u_core_gen_pd_row[4].gen_pd_col[0].u_pd/hit_latched_reg/C -       -     R     (arrival)    111    -   150     0       0    (-,-) 
  u_core_gen_pd_row[4].gen_pd_col[0].u_pd/hit_latched_reg/Q -       C->Q  F     DFRRQHDX1      2 35.9   331  1099    1099    (-,-) 
  u_core_gen_pd_row[4].gen_pd_col[0].u_pd/g2833/Q           -       A->Q  R     INHDX3         2 25.9   151   199    1298    (-,-) 
  u_core_gen_pd_row[4].gen_pd_col[0].u_pd/g2819__6131/Q     -       C->Q  F     ON21HDX1       1 12.3   204   219    1517    (-,-) 
  u_core_gen_pd_row[4].gen_pd_col[0].u_pd/hit_latched_reg/D -       -     F     DFRRQHDX1      1    -     -     0    1517    (-,-) 
#----------------------------------------------------------------------------------------------------------------------------------

Capture clock path:
#----------------------------------------------------------------------------------------------------------------------------------
#                       Timing Point                        Flags   Arc   Edge   Cell     Fanout Load Trans Delay Arrival Instance 
#                                                                                                (fF)  (ps)  (ps)   (ps)  Location 
#----------------------------------------------------------------------------------------------------------------------------------
  u_core_u_osc_fast_u_stub/phase[0]                         (i,b)   -     R     (arrival)    111  0.0     0     0     900    (-,-) 
  u_core_gen_pd_row[4].gen_pd_col[0].u_pd/hit_latched_reg/C <<<     -     R     DFRRQHDX1    111    -   150     0     900    (-,-) 
#----------------------------------------------------------------------------------------------------------------------------------



Path 75: VIOLATED (-1340 ps) Setup Check with Pin u_core_gen_pd_row[2].gen_pd_col[0].u_pd/hit_latched_reg/C->D
           View: wc_view
          Group: clk_osc_fast
     Startpoint: (R) u_core_gen_pd_row[2].gen_pd_col[0].u_pd/hit_latched_reg/C
          Clock: (R) clk_osc_fast
       Endpoint: (F) u_core_gen_pd_row[2].gen_pd_col[0].u_pd/hit_latched_reg/D
          Clock: (R) clk_osc_fast

                     Capture       Launch     
        Clock Edge:+     900            0     
       Src Latency:+       0            0     
       Net Latency:+       0 (I)        0 (I) 
           Arrival:=     900            0     
                                              
             Setup:-     673                  
       Uncertainty:-      50                  
     Required Time:=     177                  
      Launch Clock:-       0                  
         Data Path:-    1517                  
             Slack:=   -1340                  

Launch clock path:
#----------------------------------------------------------------------------------------------------------------------------------
#                       Timing Point                        Flags   Arc   Edge   Cell     Fanout Load Trans Delay Arrival Instance 
#                                                                                                (fF)  (ps)  (ps)   (ps)  Location 
#----------------------------------------------------------------------------------------------------------------------------------
  u_core_u_osc_fast_u_stub/phase[0]                         (i,b)   -     R     (arrival)    111  0.0     0     0       0    (-,-) 
  u_core_gen_pd_row[2].gen_pd_col[0].u_pd/hit_latched_reg/C <<<     -     R     DFRRQHDX1    111    -   150     0       0    (-,-) 
#----------------------------------------------------------------------------------------------------------------------------------

#----------------------------------------------------------------------------------------------------------------------------------
#                       Timing Point                        Flags   Arc   Edge   Cell     Fanout Load Trans Delay Arrival Instance 
#                                                                                                (fF)  (ps)  (ps)   (ps)  Location 
#----------------------------------------------------------------------------------------------------------------------------------
  u_core_gen_pd_row[2].gen_pd_col[0].u_pd/hit_latched_reg/C -       -     R     (arrival)    111    -   150     0       0    (-,-) 
  u_core_gen_pd_row[2].gen_pd_col[0].u_pd/hit_latched_reg/Q -       C->Q  F     DFRRQHDX1      2 35.9   331  1099    1099    (-,-) 
  u_core_gen_pd_row[2].gen_pd_col[0].u_pd/g2833/Q           -       A->Q  R     INHDX3         2 25.9   151   199    1298    (-,-) 
  u_core_gen_pd_row[2].gen_pd_col[0].u_pd/g2819__6131/Q     -       C->Q  F     ON21HDX1       1 12.3   204   219    1517    (-,-) 
  u_core_gen_pd_row[2].gen_pd_col[0].u_pd/hit_latched_reg/D -       -     F     DFRRQHDX1      1    -     -     0    1517    (-,-) 
#----------------------------------------------------------------------------------------------------------------------------------

Capture clock path:
#----------------------------------------------------------------------------------------------------------------------------------
#                       Timing Point                        Flags   Arc   Edge   Cell     Fanout Load Trans Delay Arrival Instance 
#                                                                                                (fF)  (ps)  (ps)   (ps)  Location 
#----------------------------------------------------------------------------------------------------------------------------------
  u_core_u_osc_fast_u_stub/phase[0]                         (i,b)   -     R     (arrival)    111  0.0     0     0     900    (-,-) 
  u_core_gen_pd_row[2].gen_pd_col[0].u_pd/hit_latched_reg/C <<<     -     R     DFRRQHDX1    111    -   150     0     900    (-,-) 
#----------------------------------------------------------------------------------------------------------------------------------



Path 76: VIOLATED (-1340 ps) Setup Check with Pin u_core_gen_pd_row[1].gen_pd_col[0].u_pd/hit_latched_reg/C->D
           View: wc_view
          Group: clk_osc_fast
     Startpoint: (R) u_core_gen_pd_row[1].gen_pd_col[0].u_pd/hit_latched_reg/C
          Clock: (R) clk_osc_fast
       Endpoint: (F) u_core_gen_pd_row[1].gen_pd_col[0].u_pd/hit_latched_reg/D
          Clock: (R) clk_osc_fast

                     Capture       Launch     
        Clock Edge:+     900            0     
       Src Latency:+       0            0     
       Net Latency:+       0 (I)        0 (I) 
           Arrival:=     900            0     
                                              
             Setup:-     673                  
       Uncertainty:-      50                  
     Required Time:=     177                  
      Launch Clock:-       0                  
         Data Path:-    1517                  
             Slack:=   -1340                  

Launch clock path:
#----------------------------------------------------------------------------------------------------------------------------------
#                       Timing Point                        Flags   Arc   Edge   Cell     Fanout Load Trans Delay Arrival Instance 
#                                                                                                (fF)  (ps)  (ps)   (ps)  Location 
#----------------------------------------------------------------------------------------------------------------------------------
  u_core_u_osc_fast_u_stub/phase[0]                         (i,b)   -     R     (arrival)    111  0.0     0     0       0    (-,-) 
  u_core_gen_pd_row[1].gen_pd_col[0].u_pd/hit_latched_reg/C <<<     -     R     DFRRQHDX1    111    -   150     0       0    (-,-) 
#----------------------------------------------------------------------------------------------------------------------------------

#----------------------------------------------------------------------------------------------------------------------------------
#                       Timing Point                        Flags   Arc   Edge   Cell     Fanout Load Trans Delay Arrival Instance 
#                                                                                                (fF)  (ps)  (ps)   (ps)  Location 
#----------------------------------------------------------------------------------------------------------------------------------
  u_core_gen_pd_row[1].gen_pd_col[0].u_pd/hit_latched_reg/C -       -     R     (arrival)    111    -   150     0       0    (-,-) 
  u_core_gen_pd_row[1].gen_pd_col[0].u_pd/hit_latched_reg/Q -       C->Q  F     DFRRQHDX1      2 35.9   331  1099    1099    (-,-) 
  u_core_gen_pd_row[1].gen_pd_col[0].u_pd/g2833/Q           -       A->Q  R     INHDX3         2 25.9   151   199    1298    (-,-) 
  u_core_gen_pd_row[1].gen_pd_col[0].u_pd/g2819__6131/Q     -       C->Q  F     ON21HDX1       1 12.3   204   219    1517    (-,-) 
  u_core_gen_pd_row[1].gen_pd_col[0].u_pd/hit_latched_reg/D -       -     F     DFRRQHDX1      1    -     -     0    1517    (-,-) 
#----------------------------------------------------------------------------------------------------------------------------------

Capture clock path:
#----------------------------------------------------------------------------------------------------------------------------------
#                       Timing Point                        Flags   Arc   Edge   Cell     Fanout Load Trans Delay Arrival Instance 
#                                                                                                (fF)  (ps)  (ps)   (ps)  Location 
#----------------------------------------------------------------------------------------------------------------------------------
  u_core_u_osc_fast_u_stub/phase[0]                         (i,b)   -     R     (arrival)    111  0.0     0     0     900    (-,-) 
  u_core_gen_pd_row[1].gen_pd_col[0].u_pd/hit_latched_reg/C <<<     -     R     DFRRQHDX1    111    -   150     0     900    (-,-) 
#----------------------------------------------------------------------------------------------------------------------------------



Path 77: VIOLATED (-1340 ps) Setup Check with Pin u_core_gen_pd_row[0].gen_pd_col[0].u_pd/hit_latched_reg/C->D
           View: wc_view
          Group: clk_osc_fast
     Startpoint: (R) u_core_gen_pd_row[0].gen_pd_col[0].u_pd/hit_latched_reg/C
          Clock: (R) clk_osc_fast
       Endpoint: (F) u_core_gen_pd_row[0].gen_pd_col[0].u_pd/hit_latched_reg/D
          Clock: (R) clk_osc_fast

                     Capture       Launch     
        Clock Edge:+     900            0     
       Src Latency:+       0            0     
       Net Latency:+       0 (I)        0 (I) 
           Arrival:=     900            0     
                                              
             Setup:-     673                  
       Uncertainty:-      50                  
     Required Time:=     177                  
      Launch Clock:-       0                  
         Data Path:-    1517                  
             Slack:=   -1340                  

Launch clock path:
#----------------------------------------------------------------------------------------------------------------------------------
#                       Timing Point                        Flags   Arc   Edge   Cell     Fanout Load Trans Delay Arrival Instance 
#                                                                                                (fF)  (ps)  (ps)   (ps)  Location 
#----------------------------------------------------------------------------------------------------------------------------------
  u_core_u_osc_fast_u_stub/phase[0]                         (i,b)   -     R     (arrival)    111  0.0     0     0       0    (-,-) 
  u_core_gen_pd_row[0].gen_pd_col[0].u_pd/hit_latched_reg/C <<<     -     R     DFRRQHDX1    111    -   150     0       0    (-,-) 
#----------------------------------------------------------------------------------------------------------------------------------

#----------------------------------------------------------------------------------------------------------------------------------
#                       Timing Point                        Flags   Arc   Edge   Cell     Fanout Load Trans Delay Arrival Instance 
#                                                                                                (fF)  (ps)  (ps)   (ps)  Location 
#----------------------------------------------------------------------------------------------------------------------------------
  u_core_gen_pd_row[0].gen_pd_col[0].u_pd/hit_latched_reg/C -       -     R     (arrival)    111    -   150     0       0    (-,-) 
  u_core_gen_pd_row[0].gen_pd_col[0].u_pd/hit_latched_reg/Q -       C->Q  F     DFRRQHDX1      2 35.9   331  1099    1099    (-,-) 
  u_core_gen_pd_row[0].gen_pd_col[0].u_pd/g2833/Q           -       A->Q  R     INHDX3         2 25.9   151   199    1298    (-,-) 
  u_core_gen_pd_row[0].gen_pd_col[0].u_pd/g2819__6131/Q     -       C->Q  F     ON21HDX1       1 12.3   204   219    1517    (-,-) 
  u_core_gen_pd_row[0].gen_pd_col[0].u_pd/hit_latched_reg/D -       -     F     DFRRQHDX1      1    -     -     0    1517    (-,-) 
#----------------------------------------------------------------------------------------------------------------------------------

Capture clock path:
#----------------------------------------------------------------------------------------------------------------------------------
#                       Timing Point                        Flags   Arc   Edge   Cell     Fanout Load Trans Delay Arrival Instance 
#                                                                                                (fF)  (ps)  (ps)   (ps)  Location 
#----------------------------------------------------------------------------------------------------------------------------------
  u_core_u_osc_fast_u_stub/phase[0]                         (i,b)   -     R     (arrival)    111  0.0     0     0     900    (-,-) 
  u_core_gen_pd_row[0].gen_pd_col[0].u_pd/hit_latched_reg/C <<<     -     R     DFRRQHDX1    111    -   150     0     900    (-,-) 
#----------------------------------------------------------------------------------------------------------------------------------



Path 78: VIOLATED (-1339 ps) Setup Check with Pin u_core_gen_pd_row[6].gen_pd_col[0].u_pd/hit_latched_reg/C->D
           View: wc_view
          Group: clk_osc_fast
     Startpoint: (R) u_core_gen_pd_row[6].gen_pd_col[0].u_pd/hit_latched_reg/C
          Clock: (R) clk_osc_fast
       Endpoint: (F) u_core_gen_pd_row[6].gen_pd_col[0].u_pd/hit_latched_reg/D
          Clock: (R) clk_osc_fast

                     Capture       Launch     
        Clock Edge:+     900            0     
       Src Latency:+       0            0     
       Net Latency:+       0 (I)        0 (I) 
           Arrival:=     900            0     
                                              
             Setup:-     673                  
       Uncertainty:-      50                  
     Required Time:=     177                  
      Launch Clock:-       0                  
         Data Path:-    1516                  
             Slack:=   -1339                  

Launch clock path:
#----------------------------------------------------------------------------------------------------------------------------------
#                       Timing Point                        Flags   Arc   Edge   Cell     Fanout Load Trans Delay Arrival Instance 
#                                                                                                (fF)  (ps)  (ps)   (ps)  Location 
#----------------------------------------------------------------------------------------------------------------------------------
  u_core_u_osc_fast_u_stub/phase[0]                         (i,b)   -     R     (arrival)    111  0.0     0     0       0    (-,-) 
  u_core_gen_pd_row[6].gen_pd_col[0].u_pd/hit_latched_reg/C <<<     -     R     DFRRQHDX1    111    -   150     0       0    (-,-) 
#----------------------------------------------------------------------------------------------------------------------------------

#----------------------------------------------------------------------------------------------------------------------------------
#                       Timing Point                        Flags   Arc   Edge   Cell     Fanout Load Trans Delay Arrival Instance 
#                                                                                                (fF)  (ps)  (ps)   (ps)  Location 
#----------------------------------------------------------------------------------------------------------------------------------
  u_core_gen_pd_row[6].gen_pd_col[0].u_pd/hit_latched_reg/C -       -     R     (arrival)    111    -   150     0       0    (-,-) 
  u_core_gen_pd_row[6].gen_pd_col[0].u_pd/hit_latched_reg/Q -       C->Q  F     DFRRQHDX1      2 35.8   331  1098    1098    (-,-) 
  u_core_gen_pd_row[6].gen_pd_col[0].u_pd/g2833/Q           -       A->Q  R     INHDX3         2 25.9   151   199    1297    (-,-) 
  u_core_gen_pd_row[6].gen_pd_col[0].u_pd/g2819__6131/Q     -       C->Q  F     ON21HDX1       1 12.3   204   219    1516    (-,-) 
  u_core_gen_pd_row[6].gen_pd_col[0].u_pd/hit_latched_reg/D -       -     F     DFRRQHDX1      1    -     -     0    1516    (-,-) 
#----------------------------------------------------------------------------------------------------------------------------------

Capture clock path:
#----------------------------------------------------------------------------------------------------------------------------------
#                       Timing Point                        Flags   Arc   Edge   Cell     Fanout Load Trans Delay Arrival Instance 
#                                                                                                (fF)  (ps)  (ps)   (ps)  Location 
#----------------------------------------------------------------------------------------------------------------------------------
  u_core_u_osc_fast_u_stub/phase[0]                         (i,b)   -     R     (arrival)    111  0.0     0     0     900    (-,-) 
  u_core_gen_pd_row[6].gen_pd_col[0].u_pd/hit_latched_reg/C <<<     -     R     DFRRQHDX1    111    -   150     0     900    (-,-) 
#----------------------------------------------------------------------------------------------------------------------------------



Path 79: VIOLATED (-989 ps) Setup Check with Pin u_core_gen_pd_row[3].gen_pd_col[0].u_pd/q2_reg/C->D
           View: wc_view
          Group: clk_osc_fast
     Startpoint: (R) u_core_gen_pd_row[3].gen_pd_col[0].u_pd/q1_reg/C
          Clock: (R) clk_osc_fast
       Endpoint: (F) u_core_gen_pd_row[3].gen_pd_col[0].u_pd/q2_reg/D
          Clock: (R) clk_osc_fast

                     Capture       Launch     
        Clock Edge:+     900            0     
       Src Latency:+       0            0     
       Net Latency:+       0 (I)        0 (I) 
           Arrival:=     900            0     
                                              
             Setup:-     714                  
       Uncertainty:-      50                  
     Required Time:=     136                  
      Launch Clock:-       0                  
         Data Path:-    1125                  
             Slack:=    -989                  

Launch clock path:
#-------------------------------------------------------------------------------------------------------------------------
#                  Timing Point                    Flags   Arc   Edge   Cell     Fanout Load Trans Delay Arrival Instance 
#                                                                                       (fF)  (ps)  (ps)   (ps)  Location 
#-------------------------------------------------------------------------------------------------------------------------
  u_core_u_osc_fast_u_stub/phase[0]                (i,b)   -     R     (arrival)    111  0.0     0     0       0    (-,-) 
  u_core_gen_pd_row[3].gen_pd_col[0].u_pd/q1_reg/C <<<     -     R     DFRRQHDX1    111    -   150     0       0    (-,-) 
#-------------------------------------------------------------------------------------------------------------------------

#-------------------------------------------------------------------------------------------------------------------------
#                  Timing Point                    Flags   Arc   Edge   Cell     Fanout Load Trans Delay Arrival Instance 
#                                                                                       (fF)  (ps)  (ps)   (ps)  Location 
#-------------------------------------------------------------------------------------------------------------------------
  u_core_gen_pd_row[3].gen_pd_col[0].u_pd/q1_reg/C -       -     R     (arrival)    111    -   150     0       0    (-,-) 
  u_core_gen_pd_row[3].gen_pd_col[0].u_pd/q1_reg/Q -       C->Q  F     DFRRQHDX1      3 40.5   350  1125    1125    (-,-) 
  u_core_gen_pd_row[3].gen_pd_col[0].u_pd/q2_reg/D -       -     F     DFRRQHDX1      3    -     -     0    1125    (-,-) 
#-------------------------------------------------------------------------------------------------------------------------

Capture clock path:
#-------------------------------------------------------------------------------------------------------------------------
#                  Timing Point                    Flags   Arc   Edge   Cell     Fanout Load Trans Delay Arrival Instance 
#                                                                                       (fF)  (ps)  (ps)   (ps)  Location 
#-------------------------------------------------------------------------------------------------------------------------
  u_core_u_osc_fast_u_stub/phase[0]                (i,b)   -     R     (arrival)    111  0.0     0     0     900    (-,-) 
  u_core_gen_pd_row[3].gen_pd_col[0].u_pd/q2_reg/C <<<     -     R     DFRRQHDX1    111    -   150     0     900    (-,-) 
#-------------------------------------------------------------------------------------------------------------------------



Path 80: VIOLATED (-930 ps) Setup Check with Pin u_core_gen_pd_row[7].gen_pd_col[0].u_pd/q2_reg/C->D
           View: wc_view
          Group: clk_osc_fast
     Startpoint: (R) u_core_gen_pd_row[7].gen_pd_col[0].u_pd/q1_reg/C
          Clock: (R) clk_osc_fast
       Endpoint: (F) u_core_gen_pd_row[7].gen_pd_col[0].u_pd/q2_reg/D
          Clock: (R) clk_osc_fast

                     Capture       Launch     
        Clock Edge:+     900            0     
       Src Latency:+       0            0     
       Net Latency:+       0 (I)        0 (I) 
           Arrival:=     900            0     
                                              
             Setup:-     704                  
       Uncertainty:-      50                  
     Required Time:=     146                  
      Launch Clock:-       0                  
         Data Path:-    1076                  
             Slack:=    -930                  

Launch clock path:
#-------------------------------------------------------------------------------------------------------------------------
#                  Timing Point                    Flags   Arc   Edge   Cell     Fanout Load Trans Delay Arrival Instance 
#                                                                                       (fF)  (ps)  (ps)   (ps)  Location 
#-------------------------------------------------------------------------------------------------------------------------
  u_core_u_osc_fast_u_stub/phase[0]                (i,b)   -     R     (arrival)    111  0.0     0     0       0    (-,-) 
  u_core_gen_pd_row[7].gen_pd_col[0].u_pd/q1_reg/C <<<     -     R     DFRRQHDX1    111    -   150     0       0    (-,-) 
#-------------------------------------------------------------------------------------------------------------------------

#-------------------------------------------------------------------------------------------------------------------------
#                  Timing Point                    Flags   Arc   Edge   Cell     Fanout Load Trans Delay Arrival Instance 
#                                                                                       (fF)  (ps)  (ps)   (ps)  Location 
#-------------------------------------------------------------------------------------------------------------------------
  u_core_gen_pd_row[7].gen_pd_col[0].u_pd/q1_reg/C -       -     R     (arrival)    111    -   150     0       0    (-,-) 
  u_core_gen_pd_row[7].gen_pd_col[0].u_pd/q1_reg/Q -       C->Q  F     DFRRQHDX1      3 31.9   315  1076    1076    (-,-) 
  u_core_gen_pd_row[7].gen_pd_col[0].u_pd/q2_reg/D -       -     F     DFRRQHDX1      3    -     -     0    1076    (-,-) 
#-------------------------------------------------------------------------------------------------------------------------

Capture clock path:
#-------------------------------------------------------------------------------------------------------------------------
#                  Timing Point                    Flags   Arc   Edge   Cell     Fanout Load Trans Delay Arrival Instance 
#                                                                                       (fF)  (ps)  (ps)   (ps)  Location 
#-------------------------------------------------------------------------------------------------------------------------
  u_core_u_osc_fast_u_stub/phase[0]                (i,b)   -     R     (arrival)    111  0.0     0     0     900    (-,-) 
  u_core_gen_pd_row[7].gen_pd_col[0].u_pd/q2_reg/C <<<     -     R     DFRRQHDX1    111    -   150     0     900    (-,-) 
#-------------------------------------------------------------------------------------------------------------------------



Path 81: VIOLATED (-930 ps) Setup Check with Pin u_core_gen_pd_row[6].gen_pd_col[0].u_pd/q2_reg/C->D
           View: wc_view
          Group: clk_osc_fast
     Startpoint: (R) u_core_gen_pd_row[6].gen_pd_col[0].u_pd/q1_reg/C
          Clock: (R) clk_osc_fast
       Endpoint: (F) u_core_gen_pd_row[6].gen_pd_col[0].u_pd/q2_reg/D
          Clock: (R) clk_osc_fast

                     Capture       Launch     
        Clock Edge:+     900            0     
       Src Latency:+       0            0     
       Net Latency:+       0 (I)        0 (I) 
           Arrival:=     900            0     
                                              
             Setup:-     704                  
       Uncertainty:-      50                  
     Required Time:=     146                  
      Launch Clock:-       0                  
         Data Path:-    1076                  
             Slack:=    -930                  

Launch clock path:
#-------------------------------------------------------------------------------------------------------------------------
#                  Timing Point                    Flags   Arc   Edge   Cell     Fanout Load Trans Delay Arrival Instance 
#                                                                                       (fF)  (ps)  (ps)   (ps)  Location 
#-------------------------------------------------------------------------------------------------------------------------
  u_core_u_osc_fast_u_stub/phase[0]                (i,b)   -     R     (arrival)    111  0.0     0     0       0    (-,-) 
  u_core_gen_pd_row[6].gen_pd_col[0].u_pd/q1_reg/C <<<     -     R     DFRRQHDX1    111    -   150     0       0    (-,-) 
#-------------------------------------------------------------------------------------------------------------------------

#-------------------------------------------------------------------------------------------------------------------------
#                  Timing Point                    Flags   Arc   Edge   Cell     Fanout Load Trans Delay Arrival Instance 
#                                                                                       (fF)  (ps)  (ps)   (ps)  Location 
#-------------------------------------------------------------------------------------------------------------------------
  u_core_gen_pd_row[6].gen_pd_col[0].u_pd/q1_reg/C -       -     R     (arrival)    111    -   150     0       0    (-,-) 
  u_core_gen_pd_row[6].gen_pd_col[0].u_pd/q1_reg/Q -       C->Q  F     DFRRQHDX1      3 31.9   315  1076    1076    (-,-) 
  u_core_gen_pd_row[6].gen_pd_col[0].u_pd/q2_reg/D -       -     F     DFRRQHDX1      3    -     -     0    1076    (-,-) 
#-------------------------------------------------------------------------------------------------------------------------

Capture clock path:
#-------------------------------------------------------------------------------------------------------------------------
#                  Timing Point                    Flags   Arc   Edge   Cell     Fanout Load Trans Delay Arrival Instance 
#                                                                                       (fF)  (ps)  (ps)   (ps)  Location 
#-------------------------------------------------------------------------------------------------------------------------
  u_core_u_osc_fast_u_stub/phase[0]                (i,b)   -     R     (arrival)    111  0.0     0     0     900    (-,-) 
  u_core_gen_pd_row[6].gen_pd_col[0].u_pd/q2_reg/C <<<     -     R     DFRRQHDX1    111    -   150     0     900    (-,-) 
#-------------------------------------------------------------------------------------------------------------------------



Path 82: VIOLATED (-930 ps) Setup Check with Pin u_core_gen_pd_row[5].gen_pd_col[0].u_pd/q2_reg/C->D
           View: wc_view
          Group: clk_osc_fast
     Startpoint: (R) u_core_gen_pd_row[5].gen_pd_col[0].u_pd/q1_reg/C
          Clock: (R) clk_osc_fast
       Endpoint: (F) u_core_gen_pd_row[5].gen_pd_col[0].u_pd/q2_reg/D
          Clock: (R) clk_osc_fast

                     Capture       Launch     
        Clock Edge:+     900            0     
       Src Latency:+       0            0     
       Net Latency:+       0 (I)        0 (I) 
           Arrival:=     900            0     
                                              
             Setup:-     704                  
       Uncertainty:-      50                  
     Required Time:=     146                  
      Launch Clock:-       0                  
         Data Path:-    1076                  
             Slack:=    -930                  

Launch clock path:
#-------------------------------------------------------------------------------------------------------------------------
#                  Timing Point                    Flags   Arc   Edge   Cell     Fanout Load Trans Delay Arrival Instance 
#                                                                                       (fF)  (ps)  (ps)   (ps)  Location 
#-------------------------------------------------------------------------------------------------------------------------
  u_core_u_osc_fast_u_stub/phase[0]                (i,b)   -     R     (arrival)    111  0.0     0     0       0    (-,-) 
  u_core_gen_pd_row[5].gen_pd_col[0].u_pd/q1_reg/C <<<     -     R     DFRRQHDX1    111    -   150     0       0    (-,-) 
#-------------------------------------------------------------------------------------------------------------------------

#-------------------------------------------------------------------------------------------------------------------------
#                  Timing Point                    Flags   Arc   Edge   Cell     Fanout Load Trans Delay Arrival Instance 
#                                                                                       (fF)  (ps)  (ps)   (ps)  Location 
#-------------------------------------------------------------------------------------------------------------------------
  u_core_gen_pd_row[5].gen_pd_col[0].u_pd/q1_reg/C -       -     R     (arrival)    111    -   150     0       0    (-,-) 
  u_core_gen_pd_row[5].gen_pd_col[0].u_pd/q1_reg/Q -       C->Q  F     DFRRQHDX1      3 31.9   315  1076    1076    (-,-) 
  u_core_gen_pd_row[5].gen_pd_col[0].u_pd/q2_reg/D -       -     F     DFRRQHDX1      3    -     -     0    1076    (-,-) 
#-------------------------------------------------------------------------------------------------------------------------

Capture clock path:
#-------------------------------------------------------------------------------------------------------------------------
#                  Timing Point                    Flags   Arc   Edge   Cell     Fanout Load Trans Delay Arrival Instance 
#                                                                                       (fF)  (ps)  (ps)   (ps)  Location 
#-------------------------------------------------------------------------------------------------------------------------
  u_core_u_osc_fast_u_stub/phase[0]                (i,b)   -     R     (arrival)    111  0.0     0     0     900    (-,-) 
  u_core_gen_pd_row[5].gen_pd_col[0].u_pd/q2_reg/C <<<     -     R     DFRRQHDX1    111    -   150     0     900    (-,-) 
#-------------------------------------------------------------------------------------------------------------------------



Path 83: VIOLATED (-930 ps) Setup Check with Pin u_core_gen_pd_row[4].gen_pd_col[0].u_pd/q2_reg/C->D
           View: wc_view
          Group: clk_osc_fast
     Startpoint: (R) u_core_gen_pd_row[4].gen_pd_col[0].u_pd/q1_reg/C
          Clock: (R) clk_osc_fast
       Endpoint: (F) u_core_gen_pd_row[4].gen_pd_col[0].u_pd/q2_reg/D
          Clock: (R) clk_osc_fast

                     Capture       Launch     
        Clock Edge:+     900            0     
       Src Latency:+       0            0     
       Net Latency:+       0 (I)        0 (I) 
           Arrival:=     900            0     
                                              
             Setup:-     704                  
       Uncertainty:-      50                  
     Required Time:=     146                  
      Launch Clock:-       0                  
         Data Path:-    1076                  
             Slack:=    -930                  

Launch clock path:
#-------------------------------------------------------------------------------------------------------------------------
#                  Timing Point                    Flags   Arc   Edge   Cell     Fanout Load Trans Delay Arrival Instance 
#                                                                                       (fF)  (ps)  (ps)   (ps)  Location 
#-------------------------------------------------------------------------------------------------------------------------
  u_core_u_osc_fast_u_stub/phase[0]                (i,b)   -     R     (arrival)    111  0.0     0     0       0    (-,-) 
  u_core_gen_pd_row[4].gen_pd_col[0].u_pd/q1_reg/C <<<     -     R     DFRRQHDX1    111    -   150     0       0    (-,-) 
#-------------------------------------------------------------------------------------------------------------------------

#-------------------------------------------------------------------------------------------------------------------------
#                  Timing Point                    Flags   Arc   Edge   Cell     Fanout Load Trans Delay Arrival Instance 
#                                                                                       (fF)  (ps)  (ps)   (ps)  Location 
#-------------------------------------------------------------------------------------------------------------------------
  u_core_gen_pd_row[4].gen_pd_col[0].u_pd/q1_reg/C -       -     R     (arrival)    111    -   150     0       0    (-,-) 
  u_core_gen_pd_row[4].gen_pd_col[0].u_pd/q1_reg/Q -       C->Q  F     DFRRQHDX1      3 31.9   315  1076    1076    (-,-) 
  u_core_gen_pd_row[4].gen_pd_col[0].u_pd/q2_reg/D -       -     F     DFRRQHDX1      3    -     -     0    1076    (-,-) 
#-------------------------------------------------------------------------------------------------------------------------

Capture clock path:
#-------------------------------------------------------------------------------------------------------------------------
#                  Timing Point                    Flags   Arc   Edge   Cell     Fanout Load Trans Delay Arrival Instance 
#                                                                                       (fF)  (ps)  (ps)   (ps)  Location 
#-------------------------------------------------------------------------------------------------------------------------
  u_core_u_osc_fast_u_stub/phase[0]                (i,b)   -     R     (arrival)    111  0.0     0     0     900    (-,-) 
  u_core_gen_pd_row[4].gen_pd_col[0].u_pd/q2_reg/C <<<     -     R     DFRRQHDX1    111    -   150     0     900    (-,-) 
#-------------------------------------------------------------------------------------------------------------------------



Path 84: VIOLATED (-930 ps) Setup Check with Pin u_core_gen_pd_row[2].gen_pd_col[0].u_pd/q2_reg/C->D
           View: wc_view
          Group: clk_osc_fast
     Startpoint: (R) u_core_gen_pd_row[2].gen_pd_col[0].u_pd/q1_reg/C
          Clock: (R) clk_osc_fast
       Endpoint: (F) u_core_gen_pd_row[2].gen_pd_col[0].u_pd/q2_reg/D
          Clock: (R) clk_osc_fast

                     Capture       Launch     
        Clock Edge:+     900            0     
       Src Latency:+       0            0     
       Net Latency:+       0 (I)        0 (I) 
           Arrival:=     900            0     
                                              
             Setup:-     704                  
       Uncertainty:-      50                  
     Required Time:=     146                  
      Launch Clock:-       0                  
         Data Path:-    1076                  
             Slack:=    -930                  

Launch clock path:
#-------------------------------------------------------------------------------------------------------------------------
#                  Timing Point                    Flags   Arc   Edge   Cell     Fanout Load Trans Delay Arrival Instance 
#                                                                                       (fF)  (ps)  (ps)   (ps)  Location 
#-------------------------------------------------------------------------------------------------------------------------
  u_core_u_osc_fast_u_stub/phase[0]                (i,b)   -     R     (arrival)    111  0.0     0     0       0    (-,-) 
  u_core_gen_pd_row[2].gen_pd_col[0].u_pd/q1_reg/C <<<     -     R     DFRRQHDX1    111    -   150     0       0    (-,-) 
#-------------------------------------------------------------------------------------------------------------------------

#-------------------------------------------------------------------------------------------------------------------------
#                  Timing Point                    Flags   Arc   Edge   Cell     Fanout Load Trans Delay Arrival Instance 
#                                                                                       (fF)  (ps)  (ps)   (ps)  Location 
#-------------------------------------------------------------------------------------------------------------------------
  u_core_gen_pd_row[2].gen_pd_col[0].u_pd/q1_reg/C -       -     R     (arrival)    111    -   150     0       0    (-,-) 
  u_core_gen_pd_row[2].gen_pd_col[0].u_pd/q1_reg/Q -       C->Q  F     DFRRQHDX1      3 31.9   315  1076    1076    (-,-) 
  u_core_gen_pd_row[2].gen_pd_col[0].u_pd/q2_reg/D -       -     F     DFRRQHDX1      3    -     -     0    1076    (-,-) 
#-------------------------------------------------------------------------------------------------------------------------

Capture clock path:
#-------------------------------------------------------------------------------------------------------------------------
#                  Timing Point                    Flags   Arc   Edge   Cell     Fanout Load Trans Delay Arrival Instance 
#                                                                                       (fF)  (ps)  (ps)   (ps)  Location 
#-------------------------------------------------------------------------------------------------------------------------
  u_core_u_osc_fast_u_stub/phase[0]                (i,b)   -     R     (arrival)    111  0.0     0     0     900    (-,-) 
  u_core_gen_pd_row[2].gen_pd_col[0].u_pd/q2_reg/C <<<     -     R     DFRRQHDX1    111    -   150     0     900    (-,-) 
#-------------------------------------------------------------------------------------------------------------------------



Path 85: VIOLATED (-930 ps) Setup Check with Pin u_core_gen_pd_row[1].gen_pd_col[0].u_pd/q2_reg/C->D
           View: wc_view
          Group: clk_osc_fast
     Startpoint: (R) u_core_gen_pd_row[1].gen_pd_col[0].u_pd/q1_reg/C
          Clock: (R) clk_osc_fast
       Endpoint: (F) u_core_gen_pd_row[1].gen_pd_col[0].u_pd/q2_reg/D
          Clock: (R) clk_osc_fast

                     Capture       Launch     
        Clock Edge:+     900            0     
       Src Latency:+       0            0     
       Net Latency:+       0 (I)        0 (I) 
           Arrival:=     900            0     
                                              
             Setup:-     704                  
       Uncertainty:-      50                  
     Required Time:=     146                  
      Launch Clock:-       0                  
         Data Path:-    1076                  
             Slack:=    -930                  

Launch clock path:
#-------------------------------------------------------------------------------------------------------------------------
#                  Timing Point                    Flags   Arc   Edge   Cell     Fanout Load Trans Delay Arrival Instance 
#                                                                                       (fF)  (ps)  (ps)   (ps)  Location 
#-------------------------------------------------------------------------------------------------------------------------
  u_core_u_osc_fast_u_stub/phase[0]                (i,b)   -     R     (arrival)    111  0.0     0     0       0    (-,-) 
  u_core_gen_pd_row[1].gen_pd_col[0].u_pd/q1_reg/C <<<     -     R     DFRRQHDX1    111    -   150     0       0    (-,-) 
#-------------------------------------------------------------------------------------------------------------------------

#-------------------------------------------------------------------------------------------------------------------------
#                  Timing Point                    Flags   Arc   Edge   Cell     Fanout Load Trans Delay Arrival Instance 
#                                                                                       (fF)  (ps)  (ps)   (ps)  Location 
#-------------------------------------------------------------------------------------------------------------------------
  u_core_gen_pd_row[1].gen_pd_col[0].u_pd/q1_reg/C -       -     R     (arrival)    111    -   150     0       0    (-,-) 
  u_core_gen_pd_row[1].gen_pd_col[0].u_pd/q1_reg/Q -       C->Q  F     DFRRQHDX1      3 31.9   315  1076    1076    (-,-) 
  u_core_gen_pd_row[1].gen_pd_col[0].u_pd/q2_reg/D -       -     F     DFRRQHDX1      3    -     -     0    1076    (-,-) 
#-------------------------------------------------------------------------------------------------------------------------

Capture clock path:
#-------------------------------------------------------------------------------------------------------------------------
#                  Timing Point                    Flags   Arc   Edge   Cell     Fanout Load Trans Delay Arrival Instance 
#                                                                                       (fF)  (ps)  (ps)   (ps)  Location 
#-------------------------------------------------------------------------------------------------------------------------
  u_core_u_osc_fast_u_stub/phase[0]                (i,b)   -     R     (arrival)    111  0.0     0     0     900    (-,-) 
  u_core_gen_pd_row[1].gen_pd_col[0].u_pd/q2_reg/C <<<     -     R     DFRRQHDX1    111    -   150     0     900    (-,-) 
#-------------------------------------------------------------------------------------------------------------------------



Path 86: VIOLATED (-930 ps) Setup Check with Pin u_core_gen_pd_row[0].gen_pd_col[0].u_pd/q2_reg/C->D
           View: wc_view
          Group: clk_osc_fast
     Startpoint: (R) u_core_gen_pd_row[0].gen_pd_col[0].u_pd/q1_reg/C
          Clock: (R) clk_osc_fast
       Endpoint: (F) u_core_gen_pd_row[0].gen_pd_col[0].u_pd/q2_reg/D
          Clock: (R) clk_osc_fast

                     Capture       Launch     
        Clock Edge:+     900            0     
       Src Latency:+       0            0     
       Net Latency:+       0 (I)        0 (I) 
           Arrival:=     900            0     
                                              
             Setup:-     704                  
       Uncertainty:-      50                  
     Required Time:=     146                  
      Launch Clock:-       0                  
         Data Path:-    1076                  
             Slack:=    -930                  

Launch clock path:
#-------------------------------------------------------------------------------------------------------------------------
#                  Timing Point                    Flags   Arc   Edge   Cell     Fanout Load Trans Delay Arrival Instance 
#                                                                                       (fF)  (ps)  (ps)   (ps)  Location 
#-------------------------------------------------------------------------------------------------------------------------
  u_core_u_osc_fast_u_stub/phase[0]                (i,b)   -     R     (arrival)    111  0.0     0     0       0    (-,-) 
  u_core_gen_pd_row[0].gen_pd_col[0].u_pd/q1_reg/C <<<     -     R     DFRRQHDX1    111    -   150     0       0    (-,-) 
#-------------------------------------------------------------------------------------------------------------------------

#-------------------------------------------------------------------------------------------------------------------------
#                  Timing Point                    Flags   Arc   Edge   Cell     Fanout Load Trans Delay Arrival Instance 
#                                                                                       (fF)  (ps)  (ps)   (ps)  Location 
#-------------------------------------------------------------------------------------------------------------------------
  u_core_gen_pd_row[0].gen_pd_col[0].u_pd/q1_reg/C -       -     R     (arrival)    111    -   150     0       0    (-,-) 
  u_core_gen_pd_row[0].gen_pd_col[0].u_pd/q1_reg/Q -       C->Q  F     DFRRQHDX1      3 31.9   315  1076    1076    (-,-) 
  u_core_gen_pd_row[0].gen_pd_col[0].u_pd/q2_reg/D -       -     F     DFRRQHDX1      3    -     -     0    1076    (-,-) 
#-------------------------------------------------------------------------------------------------------------------------

Capture clock path:
#-------------------------------------------------------------------------------------------------------------------------
#                  Timing Point                    Flags   Arc   Edge   Cell     Fanout Load Trans Delay Arrival Instance 
#                                                                                       (fF)  (ps)  (ps)   (ps)  Location 
#-------------------------------------------------------------------------------------------------------------------------
  u_core_u_osc_fast_u_stub/phase[0]                (i,b)   -     R     (arrival)    111  0.0     0     0     900    (-,-) 
  u_core_gen_pd_row[0].gen_pd_col[0].u_pd/q2_reg/C <<<     -     R     DFRRQHDX1    111    -   150     0     900    (-,-) 
#-------------------------------------------------------------------------------------------------------------------------



Path 87: VIOLATED (-735 ps) Setup Check with Pin u_core_u_slow_cnt_gray_snap_ff2_async_reg[6]/C->D
           View: wc_view
          Group: clk_osc_fast
     Startpoint: (R) u_core_u_slow_cnt_gray_snap_ff1_async_reg[6]/C
          Clock: (R) clk_osc_fast
       Endpoint: (F) u_core_u_slow_cnt_gray_snap_ff2_async_reg[6]/D
          Clock: (R) clk_osc_fast

                     Capture       Launch     
        Clock Edge:+     900            0     
       Src Latency:+       0            0     
       Net Latency:+       0 (I)        0 (I) 
           Arrival:=     900            0     
                                              
             Setup:-     671                  
       Uncertainty:-      50                  
     Required Time:=     179                  
      Launch Clock:-       0                  
         Data Path:-     914                  
             Slack:=    -735                  

Launch clock path:
#-----------------------------------------------------------------------------------------------------------------------
#                 Timing Point                   Flags   Arc   Edge   Cell     Fanout Load Trans Delay Arrival Instance 
#                                                                                     (fF)  (ps)  (ps)   (ps)  Location 
#-----------------------------------------------------------------------------------------------------------------------
  u_core_u_osc_fast_u_stub/phase[0]              (i,b)   -     R     (arrival)    111  0.0     0     0       0    (-,-) 
  u_core_u_slow_cnt_gray_snap_ff1_async_reg[6]/C <<<     -     R     DFRRQHDX1    111    -   150     0       0    (-,-) 
#-----------------------------------------------------------------------------------------------------------------------

#-----------------------------------------------------------------------------------------------------------------------
#                 Timing Point                   Flags   Arc   Edge   Cell     Fanout Load Trans Delay Arrival Instance 
#                                                                                     (fF)  (ps)  (ps)   (ps)  Location 
#-----------------------------------------------------------------------------------------------------------------------
  u_core_u_slow_cnt_gray_snap_ff1_async_reg[6]/C -       -     R     (arrival)    111    -   150     0       0    (-,-) 
  u_core_u_slow_cnt_gray_snap_ff1_async_reg[6]/Q -       C->Q  F     DFRRQHDX1      1 12.3   199   914     914    (-,-) 
  u_core_u_slow_cnt_gray_snap_ff2_async_reg[6]/D -       -     F     DFRRQHDX1      1    -     -     0     914    (-,-) 
#-----------------------------------------------------------------------------------------------------------------------

Capture clock path:
#-----------------------------------------------------------------------------------------------------------------------
#                 Timing Point                   Flags   Arc   Edge   Cell     Fanout Load Trans Delay Arrival Instance 
#                                                                                     (fF)  (ps)  (ps)   (ps)  Location 
#-----------------------------------------------------------------------------------------------------------------------
  u_core_u_osc_fast_u_stub/phase[0]              (i,b)   -     R     (arrival)    111  0.0     0     0     900    (-,-) 
  u_core_u_slow_cnt_gray_snap_ff2_async_reg[6]/C <<<     -     R     DFRRQHDX1    111    -   150     0     900    (-,-) 
#-----------------------------------------------------------------------------------------------------------------------



Path 88: VIOLATED (-735 ps) Setup Check with Pin u_core_u_slow_cnt_gray_snap_ff2_async_reg[5]/C->D
           View: wc_view
          Group: clk_osc_fast
     Startpoint: (R) u_core_u_slow_cnt_gray_snap_ff1_async_reg[5]/C
          Clock: (R) clk_osc_fast
       Endpoint: (F) u_core_u_slow_cnt_gray_snap_ff2_async_reg[5]/D
          Clock: (R) clk_osc_fast

                     Capture       Launch     
        Clock Edge:+     900            0     
       Src Latency:+       0            0     
       Net Latency:+       0 (I)        0 (I) 
           Arrival:=     900            0     
                                              
             Setup:-     671                  
       Uncertainty:-      50                  
     Required Time:=     179                  
      Launch Clock:-       0                  
         Data Path:-     914                  
             Slack:=    -735                  

Launch clock path:
#-----------------------------------------------------------------------------------------------------------------------
#                 Timing Point                   Flags   Arc   Edge   Cell     Fanout Load Trans Delay Arrival Instance 
#                                                                                     (fF)  (ps)  (ps)   (ps)  Location 
#-----------------------------------------------------------------------------------------------------------------------
  u_core_u_osc_fast_u_stub/phase[0]              (i,b)   -     R     (arrival)    111  0.0     0     0       0    (-,-) 
  u_core_u_slow_cnt_gray_snap_ff1_async_reg[5]/C <<<     -     R     DFRRQHDX1    111    -   150     0       0    (-,-) 
#-----------------------------------------------------------------------------------------------------------------------

#-----------------------------------------------------------------------------------------------------------------------
#                 Timing Point                   Flags   Arc   Edge   Cell     Fanout Load Trans Delay Arrival Instance 
#                                                                                     (fF)  (ps)  (ps)   (ps)  Location 
#-----------------------------------------------------------------------------------------------------------------------
  u_core_u_slow_cnt_gray_snap_ff1_async_reg[5]/C -       -     R     (arrival)    111    -   150     0       0    (-,-) 
  u_core_u_slow_cnt_gray_snap_ff1_async_reg[5]/Q -       C->Q  F     DFRRQHDX1      1 12.3   199   914     914    (-,-) 
  u_core_u_slow_cnt_gray_snap_ff2_async_reg[5]/D -       -     F     DFRRQHDX1      1    -     -     0     914    (-,-) 
#-----------------------------------------------------------------------------------------------------------------------

Capture clock path:
#-----------------------------------------------------------------------------------------------------------------------
#                 Timing Point                   Flags   Arc   Edge   Cell     Fanout Load Trans Delay Arrival Instance 
#                                                                                     (fF)  (ps)  (ps)   (ps)  Location 
#-----------------------------------------------------------------------------------------------------------------------
  u_core_u_osc_fast_u_stub/phase[0]              (i,b)   -     R     (arrival)    111  0.0     0     0     900    (-,-) 
  u_core_u_slow_cnt_gray_snap_ff2_async_reg[5]/C <<<     -     R     DFRRQHDX1    111    -   150     0     900    (-,-) 
#-----------------------------------------------------------------------------------------------------------------------



Path 89: VIOLATED (-735 ps) Setup Check with Pin u_core_u_slow_cnt_gray_snap_ff2_async_reg[4]/C->D
           View: wc_view
          Group: clk_osc_fast
     Startpoint: (R) u_core_u_slow_cnt_gray_snap_ff1_async_reg[4]/C
          Clock: (R) clk_osc_fast
       Endpoint: (F) u_core_u_slow_cnt_gray_snap_ff2_async_reg[4]/D
          Clock: (R) clk_osc_fast

                     Capture       Launch     
        Clock Edge:+     900            0     
       Src Latency:+       0            0     
       Net Latency:+       0 (I)        0 (I) 
           Arrival:=     900            0     
                                              
             Setup:-     671                  
       Uncertainty:-      50                  
     Required Time:=     179                  
      Launch Clock:-       0                  
         Data Path:-     914                  
             Slack:=    -735                  

Launch clock path:
#-----------------------------------------------------------------------------------------------------------------------
#                 Timing Point                   Flags   Arc   Edge   Cell     Fanout Load Trans Delay Arrival Instance 
#                                                                                     (fF)  (ps)  (ps)   (ps)  Location 
#-----------------------------------------------------------------------------------------------------------------------
  u_core_u_osc_fast_u_stub/phase[0]              (i,b)   -     R     (arrival)    111  0.0     0     0       0    (-,-) 
  u_core_u_slow_cnt_gray_snap_ff1_async_reg[4]/C <<<     -     R     DFRRQHDX1    111    -   150     0       0    (-,-) 
#-----------------------------------------------------------------------------------------------------------------------

#-----------------------------------------------------------------------------------------------------------------------
#                 Timing Point                   Flags   Arc   Edge   Cell     Fanout Load Trans Delay Arrival Instance 
#                                                                                     (fF)  (ps)  (ps)   (ps)  Location 
#-----------------------------------------------------------------------------------------------------------------------
  u_core_u_slow_cnt_gray_snap_ff1_async_reg[4]/C -       -     R     (arrival)    111    -   150     0       0    (-,-) 
  u_core_u_slow_cnt_gray_snap_ff1_async_reg[4]/Q -       C->Q  F     DFRRQHDX1      1 12.3   199   914     914    (-,-) 
  u_core_u_slow_cnt_gray_snap_ff2_async_reg[4]/D -       -     F     DFRRQHDX1      1    -     -     0     914    (-,-) 
#-----------------------------------------------------------------------------------------------------------------------

Capture clock path:
#-----------------------------------------------------------------------------------------------------------------------
#                 Timing Point                   Flags   Arc   Edge   Cell     Fanout Load Trans Delay Arrival Instance 
#                                                                                     (fF)  (ps)  (ps)   (ps)  Location 
#-----------------------------------------------------------------------------------------------------------------------
  u_core_u_osc_fast_u_stub/phase[0]              (i,b)   -     R     (arrival)    111  0.0     0     0     900    (-,-) 
  u_core_u_slow_cnt_gray_snap_ff2_async_reg[4]/C <<<     -     R     DFRRQHDX1    111    -   150     0     900    (-,-) 
#-----------------------------------------------------------------------------------------------------------------------



Path 90: VIOLATED (-735 ps) Setup Check with Pin u_core_u_slow_cnt_gray_snap_ff2_async_reg[3]/C->D
           View: wc_view
          Group: clk_osc_fast
     Startpoint: (R) u_core_u_slow_cnt_gray_snap_ff1_async_reg[3]/C
          Clock: (R) clk_osc_fast
       Endpoint: (F) u_core_u_slow_cnt_gray_snap_ff2_async_reg[3]/D
          Clock: (R) clk_osc_fast

                     Capture       Launch     
        Clock Edge:+     900            0     
       Src Latency:+       0            0     
       Net Latency:+       0 (I)        0 (I) 
           Arrival:=     900            0     
                                              
             Setup:-     671                  
       Uncertainty:-      50                  
     Required Time:=     179                  
      Launch Clock:-       0                  
         Data Path:-     914                  
             Slack:=    -735                  

Launch clock path:
#-----------------------------------------------------------------------------------------------------------------------
#                 Timing Point                   Flags   Arc   Edge   Cell     Fanout Load Trans Delay Arrival Instance 
#                                                                                     (fF)  (ps)  (ps)   (ps)  Location 
#-----------------------------------------------------------------------------------------------------------------------
  u_core_u_osc_fast_u_stub/phase[0]              (i,b)   -     R     (arrival)    111  0.0     0     0       0    (-,-) 
  u_core_u_slow_cnt_gray_snap_ff1_async_reg[3]/C <<<     -     R     DFRRQHDX1    111    -   150     0       0    (-,-) 
#-----------------------------------------------------------------------------------------------------------------------

#-----------------------------------------------------------------------------------------------------------------------
#                 Timing Point                   Flags   Arc   Edge   Cell     Fanout Load Trans Delay Arrival Instance 
#                                                                                     (fF)  (ps)  (ps)   (ps)  Location 
#-----------------------------------------------------------------------------------------------------------------------
  u_core_u_slow_cnt_gray_snap_ff1_async_reg[3]/C -       -     R     (arrival)    111    -   150     0       0    (-,-) 
  u_core_u_slow_cnt_gray_snap_ff1_async_reg[3]/Q -       C->Q  F     DFRRQHDX1      1 12.3   199   914     914    (-,-) 
  u_core_u_slow_cnt_gray_snap_ff2_async_reg[3]/D -       -     F     DFRRQHDX1      1    -     -     0     914    (-,-) 
#-----------------------------------------------------------------------------------------------------------------------

Capture clock path:
#-----------------------------------------------------------------------------------------------------------------------
#                 Timing Point                   Flags   Arc   Edge   Cell     Fanout Load Trans Delay Arrival Instance 
#                                                                                     (fF)  (ps)  (ps)   (ps)  Location 
#-----------------------------------------------------------------------------------------------------------------------
  u_core_u_osc_fast_u_stub/phase[0]              (i,b)   -     R     (arrival)    111  0.0     0     0     900    (-,-) 
  u_core_u_slow_cnt_gray_snap_ff2_async_reg[3]/C <<<     -     R     DFRRQHDX1    111    -   150     0     900    (-,-) 
#-----------------------------------------------------------------------------------------------------------------------



Path 91: VIOLATED (-735 ps) Setup Check with Pin u_core_u_slow_cnt_gray_snap_ff2_async_reg[2]/C->D
           View: wc_view
          Group: clk_osc_fast
     Startpoint: (R) u_core_u_slow_cnt_gray_snap_ff1_async_reg[2]/C
          Clock: (R) clk_osc_fast
       Endpoint: (F) u_core_u_slow_cnt_gray_snap_ff2_async_reg[2]/D
          Clock: (R) clk_osc_fast

                     Capture       Launch     
        Clock Edge:+     900            0     
       Src Latency:+       0            0     
       Net Latency:+       0 (I)        0 (I) 
           Arrival:=     900            0     
                                              
             Setup:-     671                  
       Uncertainty:-      50                  
     Required Time:=     179                  
      Launch Clock:-       0                  
         Data Path:-     914                  
             Slack:=    -735                  

Launch clock path:
#-----------------------------------------------------------------------------------------------------------------------
#                 Timing Point                   Flags   Arc   Edge   Cell     Fanout Load Trans Delay Arrival Instance 
#                                                                                     (fF)  (ps)  (ps)   (ps)  Location 
#-----------------------------------------------------------------------------------------------------------------------
  u_core_u_osc_fast_u_stub/phase[0]              (i,b)   -     R     (arrival)    111  0.0     0     0       0    (-,-) 
  u_core_u_slow_cnt_gray_snap_ff1_async_reg[2]/C <<<     -     R     DFRRQHDX1    111    -   150     0       0    (-,-) 
#-----------------------------------------------------------------------------------------------------------------------

#-----------------------------------------------------------------------------------------------------------------------
#                 Timing Point                   Flags   Arc   Edge   Cell     Fanout Load Trans Delay Arrival Instance 
#                                                                                     (fF)  (ps)  (ps)   (ps)  Location 
#-----------------------------------------------------------------------------------------------------------------------
  u_core_u_slow_cnt_gray_snap_ff1_async_reg[2]/C -       -     R     (arrival)    111    -   150     0       0    (-,-) 
  u_core_u_slow_cnt_gray_snap_ff1_async_reg[2]/Q -       C->Q  F     DFRRQHDX1      1 12.3   199   914     914    (-,-) 
  u_core_u_slow_cnt_gray_snap_ff2_async_reg[2]/D -       -     F     DFRRQHDX1      1    -     -     0     914    (-,-) 
#-----------------------------------------------------------------------------------------------------------------------

Capture clock path:
#-----------------------------------------------------------------------------------------------------------------------
#                 Timing Point                   Flags   Arc   Edge   Cell     Fanout Load Trans Delay Arrival Instance 
#                                                                                     (fF)  (ps)  (ps)   (ps)  Location 
#-----------------------------------------------------------------------------------------------------------------------
  u_core_u_osc_fast_u_stub/phase[0]              (i,b)   -     R     (arrival)    111  0.0     0     0     900    (-,-) 
  u_core_u_slow_cnt_gray_snap_ff2_async_reg[2]/C <<<     -     R     DFRRQHDX1    111    -   150     0     900    (-,-) 
#-----------------------------------------------------------------------------------------------------------------------



Path 92: VIOLATED (-735 ps) Setup Check with Pin u_core_u_slow_cnt_gray_snap_ff2_async_reg[1]/C->D
           View: wc_view
          Group: clk_osc_fast
     Startpoint: (R) u_core_u_slow_cnt_gray_snap_ff1_async_reg[1]/C
          Clock: (R) clk_osc_fast
       Endpoint: (F) u_core_u_slow_cnt_gray_snap_ff2_async_reg[1]/D
          Clock: (R) clk_osc_fast

                     Capture       Launch     
        Clock Edge:+     900            0     
       Src Latency:+       0            0     
       Net Latency:+       0 (I)        0 (I) 
           Arrival:=     900            0     
                                              
             Setup:-     671                  
       Uncertainty:-      50                  
     Required Time:=     179                  
      Launch Clock:-       0                  
         Data Path:-     914                  
             Slack:=    -735                  

Launch clock path:
#-----------------------------------------------------------------------------------------------------------------------
#                 Timing Point                   Flags   Arc   Edge   Cell     Fanout Load Trans Delay Arrival Instance 
#                                                                                     (fF)  (ps)  (ps)   (ps)  Location 
#-----------------------------------------------------------------------------------------------------------------------
  u_core_u_osc_fast_u_stub/phase[0]              (i,b)   -     R     (arrival)    111  0.0     0     0       0    (-,-) 
  u_core_u_slow_cnt_gray_snap_ff1_async_reg[1]/C <<<     -     R     DFRRQHDX1    111    -   150     0       0    (-,-) 
#-----------------------------------------------------------------------------------------------------------------------

#-----------------------------------------------------------------------------------------------------------------------
#                 Timing Point                   Flags   Arc   Edge   Cell     Fanout Load Trans Delay Arrival Instance 
#                                                                                     (fF)  (ps)  (ps)   (ps)  Location 
#-----------------------------------------------------------------------------------------------------------------------
  u_core_u_slow_cnt_gray_snap_ff1_async_reg[1]/C -       -     R     (arrival)    111    -   150     0       0    (-,-) 
  u_core_u_slow_cnt_gray_snap_ff1_async_reg[1]/Q -       C->Q  F     DFRRQHDX1      1 12.3   199   914     914    (-,-) 
  u_core_u_slow_cnt_gray_snap_ff2_async_reg[1]/D -       -     F     DFRRQHDX1      1    -     -     0     914    (-,-) 
#-----------------------------------------------------------------------------------------------------------------------

Capture clock path:
#-----------------------------------------------------------------------------------------------------------------------
#                 Timing Point                   Flags   Arc   Edge   Cell     Fanout Load Trans Delay Arrival Instance 
#                                                                                     (fF)  (ps)  (ps)   (ps)  Location 
#-----------------------------------------------------------------------------------------------------------------------
  u_core_u_osc_fast_u_stub/phase[0]              (i,b)   -     R     (arrival)    111  0.0     0     0     900    (-,-) 
  u_core_u_slow_cnt_gray_snap_ff2_async_reg[1]/C <<<     -     R     DFRRQHDX1    111    -   150     0     900    (-,-) 
#-----------------------------------------------------------------------------------------------------------------------



Path 93: VIOLATED (-735 ps) Setup Check with Pin u_core_u_slow_cnt_gray_snap_ff2_async_reg[0]/C->D
           View: wc_view
          Group: clk_osc_fast
     Startpoint: (R) u_core_u_slow_cnt_gray_snap_ff1_async_reg[0]/C
          Clock: (R) clk_osc_fast
       Endpoint: (F) u_core_u_slow_cnt_gray_snap_ff2_async_reg[0]/D
          Clock: (R) clk_osc_fast

                     Capture       Launch     
        Clock Edge:+     900            0     
       Src Latency:+       0            0     
       Net Latency:+       0 (I)        0 (I) 
           Arrival:=     900            0     
                                              
             Setup:-     671                  
       Uncertainty:-      50                  
     Required Time:=     179                  
      Launch Clock:-       0                  
         Data Path:-     914                  
             Slack:=    -735                  

Launch clock path:
#-----------------------------------------------------------------------------------------------------------------------
#                 Timing Point                   Flags   Arc   Edge   Cell     Fanout Load Trans Delay Arrival Instance 
#                                                                                     (fF)  (ps)  (ps)   (ps)  Location 
#-----------------------------------------------------------------------------------------------------------------------
  u_core_u_osc_fast_u_stub/phase[0]              (i,b)   -     R     (arrival)    111  0.0     0     0       0    (-,-) 
  u_core_u_slow_cnt_gray_snap_ff1_async_reg[0]/C <<<     -     R     DFRRQHDX1    111    -   150     0       0    (-,-) 
#-----------------------------------------------------------------------------------------------------------------------

#-----------------------------------------------------------------------------------------------------------------------
#                 Timing Point                   Flags   Arc   Edge   Cell     Fanout Load Trans Delay Arrival Instance 
#                                                                                     (fF)  (ps)  (ps)   (ps)  Location 
#-----------------------------------------------------------------------------------------------------------------------
  u_core_u_slow_cnt_gray_snap_ff1_async_reg[0]/C -       -     R     (arrival)    111    -   150     0       0    (-,-) 
  u_core_u_slow_cnt_gray_snap_ff1_async_reg[0]/Q -       C->Q  F     DFRRQHDX1      1 12.3   199   914     914    (-,-) 
  u_core_u_slow_cnt_gray_snap_ff2_async_reg[0]/D -       -     F     DFRRQHDX1      1    -     -     0     914    (-,-) 
#-----------------------------------------------------------------------------------------------------------------------

Capture clock path:
#-----------------------------------------------------------------------------------------------------------------------
#                 Timing Point                   Flags   Arc   Edge   Cell     Fanout Load Trans Delay Arrival Instance 
#                                                                                     (fF)  (ps)  (ps)   (ps)  Location 
#-----------------------------------------------------------------------------------------------------------------------
  u_core_u_osc_fast_u_stub/phase[0]              (i,b)   -     R     (arrival)    111  0.0     0     0     900    (-,-) 
  u_core_u_slow_cnt_gray_snap_ff2_async_reg[0]/C <<<     -     R     DFRRQHDX1    111    -   150     0     900    (-,-) 
#-----------------------------------------------------------------------------------------------------------------------



Path 94: VIOLATED (-735 ps) Setup Check with Pin u_core_u_rst_fast_sync/sync_q_reg[1]/C->D
           View: wc_view
          Group: clk_osc_fast
     Startpoint: (R) u_core_u_rst_fast_sync/sync_q_reg[0]/C
          Clock: (R) clk_osc_fast
       Endpoint: (F) u_core_u_rst_fast_sync/sync_q_reg[1]/D
          Clock: (R) clk_osc_fast

                     Capture       Launch     
        Clock Edge:+     900            0     
       Src Latency:+       0            0     
       Net Latency:+       0 (I)        0 (I) 
           Arrival:=     900            0     
                                              
             Setup:-     671                  
       Uncertainty:-      50                  
     Required Time:=     179                  
      Launch Clock:-       0                  
         Data Path:-     914                  
             Slack:=    -735                  

Launch clock path:
#---------------------------------------------------------------------------------------------------------------
#             Timing Point               Flags   Arc   Edge   Cell     Fanout Load Trans Delay Arrival Instance 
#                                                                             (fF)  (ps)  (ps)   (ps)  Location 
#---------------------------------------------------------------------------------------------------------------
  u_core_u_osc_fast_u_stub/phase[0]      (i,b)   -     R     (arrival)    111  0.0     0     0       0    (-,-) 
  u_core_u_rst_fast_sync/sync_q_reg[0]/C <<<     -     R     DFRRQHDX1    111    -   150     0       0    (-,-) 
#---------------------------------------------------------------------------------------------------------------

#---------------------------------------------------------------------------------------------------------------
#             Timing Point               Flags   Arc   Edge   Cell     Fanout Load Trans Delay Arrival Instance 
#                                                                             (fF)  (ps)  (ps)   (ps)  Location 
#---------------------------------------------------------------------------------------------------------------
  u_core_u_rst_fast_sync/sync_q_reg[0]/C -       -     R     (arrival)    111    -   150     0       0    (-,-) 
  u_core_u_rst_fast_sync/sync_q_reg[0]/Q -       C->Q  F     DFRRQHDX1      1 12.3   199   914     914    (-,-) 
  u_core_u_rst_fast_sync/sync_q_reg[1]/D -       -     F     DFRRQHDX1      1    -     -     0     914    (-,-) 
#---------------------------------------------------------------------------------------------------------------

Capture clock path:
#---------------------------------------------------------------------------------------------------------------
#             Timing Point               Flags   Arc   Edge   Cell     Fanout Load Trans Delay Arrival Instance 
#                                                                             (fF)  (ps)  (ps)   (ps)  Location 
#---------------------------------------------------------------------------------------------------------------
  u_core_u_osc_fast_u_stub/phase[0]      (i,b)   -     R     (arrival)    111  0.0     0     0     900    (-,-) 
  u_core_u_rst_fast_sync/sync_q_reg[1]/C <<<     -     R     DFRRQHDX1    111    -   150     0     900    (-,-) 
#---------------------------------------------------------------------------------------------------------------


