pin,direction,use,pin_family,pin_index,is_position_bus,layers,shape_count,bbox_x1,bbox_y1,bbox_x2,bbox_y2,center_x,center_y,ll_bbox_x1,ll_bbox_y1,ll_bbox_x2,ll_bbox_y2,ll_center_x,ll_center_y,width,height,side,edge_distance
AVDD,INOUT,POWER,AVDD,,NO,MET2,1,-49.605,1627.175,-40.605,1636.175,-45.105,1631.675,1.7900000000000063,1693.0349999999999,10.790000000000006,1702.0349999999999,6.290000000000006,1697.5349999999999,9.0,9.0,LEFT,1.7900000000000063
B[0],INOUT,SIGNAL,B,0,YES,MET3,1,479.72,-65.855,480.0,-65.575,479.86,-65.715,531.115,0.0049999999999954525,531.395,0.2849999999999966,531.255,0.14499999999999602,0.2799999999999727,0.28000000000000114,BOTTOM,0.0049999999999954525
B[1],INOUT,SIGNAL,B,1,YES,MET3,1,481.54,-65.855,481.82,-65.575,481.68,-65.715,532.9350000000001,0.0049999999999954525,533.215,0.2849999999999966,533.075,0.14499999999999602,0.2799999999999727,0.28000000000000114,BOTTOM,0.0049999999999954525
B[2],INOUT,SIGNAL,B,2,YES,MET3,1,508.585,-65.855,508.865,-65.575,508.725,-65.715,559.98,0.0049999999999954525,560.26,0.2849999999999966,560.12,0.14499999999999602,0.28000000000002956,0.28000000000000114,BOTTOM,0.0049999999999954525
B[3],INOUT,SIGNAL,B,3,YES,MET3,1,566.32,-65.855,566.6,-65.575,566.46,-65.715,617.715,0.0049999999999954525,617.995,0.2849999999999966,617.855,0.14499999999999602,0.2799999999999727,0.28000000000000114,BOTTOM,0.0049999999999954525
B[4],INOUT,SIGNAL,B,4,YES,MET3,1,568.14,-65.855,568.42,-65.575,568.28,-65.715,619.535,0.0049999999999954525,619.8149999999999,0.2849999999999966,619.675,0.14499999999999602,0.2799999999999727,0.28000000000000114,BOTTOM,0.0049999999999954525
B[5],INOUT,SIGNAL,B,5,YES,MET3,1,595.185,-65.855,595.465,-65.575,595.325,-65.715,646.5799999999999,0.0049999999999954525,646.86,0.2849999999999966,646.72,0.14499999999999602,0.2800000000000864,0.28000000000000114,BOTTOM,0.0049999999999954525
B[6],INOUT,SIGNAL,B,6,YES,MET3,1,652.92,-65.855,653.2,-65.575,653.06,-65.715,704.3149999999999,0.0049999999999954525,704.595,0.2849999999999966,704.4549999999999,0.14499999999999602,0.2800000000000864,0.28000000000000114,BOTTOM,0.0049999999999954525
B[7],INOUT,SIGNAL,B,7,YES,MET3,1,654.74,-65.855,655.02,-65.575,654.88,-65.715,706.135,0.0049999999999954525,706.415,0.2849999999999966,706.275,0.14499999999999602,0.2799999999999727,0.28000000000000114,BOTTOM,0.0049999999999954525
B[8],INOUT,SIGNAL,B,8,YES,MET3,1,681.785,-65.855,682.065,-65.575,681.925,-65.715,733.18,0.0049999999999954525,733.46,0.2849999999999966,733.3199999999999,0.14499999999999602,0.2800000000000864,0.28000000000000114,BOTTOM,0.0049999999999954525
B[9],INOUT,SIGNAL,B,9,YES,MET3,1,739.52,-65.855,739.8,-65.575,739.66,-65.715,790.915,0.0049999999999954525,791.1949999999999,0.2849999999999966,791.055,0.14499999999999602,0.2799999999999727,0.28000000000000114,BOTTOM,0.0049999999999954525
B[10],INOUT,SIGNAL,B,10,YES,MET3,1,741.34,-65.855,741.62,-65.575,741.48,-65.715,792.735,0.0049999999999954525,793.015,0.2849999999999966,792.875,0.14499999999999602,0.2799999999999727,0.28000000000000114,BOTTOM,0.0049999999999954525
B[11],INOUT,SIGNAL,B,11,YES,MET3,1,768.385,-65.855,768.665,-65.575,768.525,-65.715,819.78,0.0049999999999954525,820.06,0.2849999999999966,819.92,0.14499999999999602,0.2799999999999727,0.28000000000000114,BOTTOM,0.0049999999999954525
B[12],INOUT,SIGNAL,B,12,YES,MET3,1,826.12,-65.855,826.4,-65.575,826.26,-65.715,877.515,0.0049999999999954525,877.795,0.2849999999999966,877.655,0.14499999999999602,0.2799999999999727,0.28000000000000114,BOTTOM,0.0049999999999954525
B[13],INOUT,SIGNAL,B,13,YES,MET3,1,827.94,-65.855,828.22,-65.575,828.08,-65.715,879.335,0.0049999999999954525,879.615,0.2849999999999966,879.475,0.14499999999999602,0.2799999999999727,0.28000000000000114,BOTTOM,0.0049999999999954525
B[14],INOUT,SIGNAL,B,14,YES,MET3,1,854.985,-65.855,855.265,-65.575,855.125,-65.715,906.38,0.0049999999999954525,906.66,0.2849999999999966,906.52,0.14499999999999602,0.2799999999999727,0.28000000000000114,BOTTOM,0.0049999999999954525
B[15],INOUT,SIGNAL,B,15,YES,MET3,1,912.72,-65.855,913.0,-65.575,912.86,-65.715,964.115,0.0049999999999954525,964.395,0.2849999999999966,964.255,0.14499999999999602,0.2799999999999727,0.28000000000000114,BOTTOM,0.0049999999999954525
B[16],INOUT,SIGNAL,B,16,YES,MET3,1,914.54,-65.855,914.82,-65.575,914.6800000000001,-65.715,965.935,0.0049999999999954525,966.215,0.2849999999999966,966.075,0.14499999999999602,0.2800000000000864,0.28000000000000114,BOTTOM,0.0049999999999954525
B[17],INOUT,SIGNAL,B,17,YES,MET3,1,941.585,-65.855,941.865,-65.575,941.725,-65.715,992.98,0.0049999999999954525,993.26,0.2849999999999966,993.12,0.14499999999999602,0.2799999999999727,0.28000000000000114,BOTTOM,0.0049999999999954525
B[18],INOUT,SIGNAL,B,18,YES,MET3,1,999.32,-65.855,999.6,-65.575,999.46,-65.715,1050.7150000000001,0.0049999999999954525,1050.9950000000001,0.2849999999999966,1050.855,0.14499999999999602,0.2799999999999727,0.28000000000000114,BOTTOM,0.0049999999999954525
B[19],INOUT,SIGNAL,B,19,YES,MET3,1,1001.14,-65.855,1001.42,-65.575,1001.28,-65.715,1052.535,0.0049999999999954525,1052.815,0.2849999999999966,1052.675,0.14499999999999602,0.2799999999999727,0.28000000000000114,BOTTOM,0.0049999999999954525
B[20],INOUT,SIGNAL,B,20,YES,MET3,1,1028.185,-65.855,1028.465,-65.575,1028.3249999999998,-65.715,1079.58,0.0049999999999954525,1079.86,0.2849999999999966,1079.7199999999998,0.14499999999999602,0.2799999999999727,0.28000000000000114,BOTTOM,0.0049999999999954525
B[21],INOUT,SIGNAL,B,21,YES,MET3,1,1085.92,-65.855,1086.2,-65.575,1086.06,-65.715,1137.315,0.0049999999999954525,1137.595,0.2849999999999966,1137.455,0.14499999999999602,0.2799999999999727,0.28000000000000114,BOTTOM,0.0049999999999954525
B[22],INOUT,SIGNAL,B,22,YES,MET3,1,1087.74,-65.855,1088.02,-65.575,1087.88,-65.715,1139.135,0.0049999999999954525,1139.415,0.2849999999999966,1139.275,0.14499999999999602,0.2799999999999727,0.28000000000000114,BOTTOM,0.0049999999999954525
B[23],INOUT,SIGNAL,B,23,YES,MET3,1,1114.785,-65.855,1115.065,-65.575,1114.9250000000002,-65.715,1166.18,0.0049999999999954525,1166.46,0.2849999999999966,1166.3200000000002,0.14499999999999602,0.2799999999999727,0.28000000000000114,BOTTOM,0.0049999999999954525
B[24],INOUT,SIGNAL,B,24,YES,MET3,1,1172.52,-65.855,1172.8,-65.575,1172.6599999999999,-65.715,1223.915,0.0049999999999954525,1224.195,0.2849999999999966,1224.0549999999998,0.14499999999999602,0.2799999999999727,0.28000000000000114,BOTTOM,0.0049999999999954525
B[25],INOUT,SIGNAL,B,25,YES,MET3,1,1174.34,-65.855,1174.62,-65.575,1174.48,-65.715,1225.735,0.0049999999999954525,1226.0149999999999,0.2849999999999966,1225.875,0.14499999999999602,0.2799999999999727,0.28000000000000114,BOTTOM,0.0049999999999954525
B[26],INOUT,SIGNAL,B,26,YES,MET3,1,1201.385,-65.855,1201.665,-65.575,1201.525,-65.715,1252.78,0.0049999999999954525,1253.06,0.2849999999999966,1252.92,0.14499999999999602,0.2799999999999727,0.28000000000000114,BOTTOM,0.0049999999999954525
B[27],INOUT,SIGNAL,B,27,YES,MET3,1,1259.12,-65.855,1259.4,-65.575,1259.26,-65.715,1310.5149999999999,0.0049999999999954525,1310.795,0.2849999999999966,1310.655,0.14499999999999602,0.2800000000002001,0.28000000000000114,BOTTOM,0.0049999999999954525
B[28],INOUT,SIGNAL,B,28,YES,MET3,1,1260.94,-65.855,1261.22,-65.575,1261.08,-65.715,1312.335,0.0049999999999954525,1312.615,0.2849999999999966,1312.475,0.14499999999999602,0.2799999999999727,0.28000000000000114,BOTTOM,0.0049999999999954525
B[29],INOUT,SIGNAL,B,29,YES,MET3,1,1287.985,-65.855,1288.265,-65.575,1288.125,-65.715,1339.3799999999999,0.0049999999999954525,1339.66,0.2849999999999966,1339.52,0.14499999999999602,0.2800000000002001,0.28000000000000114,BOTTOM,0.0049999999999954525
B[30],INOUT,SIGNAL,B,30,YES,MET3,1,1345.72,-65.855,1346.0,-65.575,1345.8600000000001,-65.715,1397.115,0.0049999999999954525,1397.395,0.2849999999999966,1397.255,0.14499999999999602,0.2799999999999727,0.28000000000000114,BOTTOM,0.0049999999999954525
B[31],INOUT,SIGNAL,B,31,YES,MET3,1,1347.54,-65.855,1347.82,-65.575,1347.6799999999998,-65.715,1398.935,0.0049999999999954525,1399.215,0.2849999999999966,1399.0749999999998,0.14499999999999602,0.2799999999999727,0.28000000000000114,BOTTOM,0.0049999999999954525
B[32],INOUT,SIGNAL,B,32,YES,MET3,1,1374.585,-65.855,1374.865,-65.575,1374.725,-65.715,1425.98,0.0049999999999954525,1426.26,0.2849999999999966,1426.12,0.14499999999999602,0.2799999999999727,0.28000000000000114,BOTTOM,0.0049999999999954525
B[33],INOUT,SIGNAL,B,33,YES,MET3,1,1432.32,-65.855,1432.6,-65.575,1432.46,-65.715,1483.715,0.0049999999999954525,1483.995,0.2849999999999966,1483.855,0.14499999999999602,0.2799999999999727,0.28000000000000114,BOTTOM,0.0049999999999954525
B[34],INOUT,SIGNAL,B,34,YES,MET3,1,1434.14,-65.855,1434.42,-65.575,1434.2800000000002,-65.715,1485.535,0.0049999999999954525,1485.815,0.2849999999999966,1485.6750000000002,0.14499999999999602,0.2799999999999727,0.28000000000000114,BOTTOM,0.0049999999999954525
B[35],INOUT,SIGNAL,B,35,YES,MET3,1,1461.185,-65.855,1461.465,-65.575,1461.3249999999998,-65.715,1512.58,0.0049999999999954525,1512.86,0.2849999999999966,1512.7199999999998,0.14499999999999602,0.2799999999999727,0.28000000000000114,BOTTOM,0.0049999999999954525
B[36],INOUT,SIGNAL,B,36,YES,MET3,1,1518.92,-65.855,1519.2,-65.575,1519.06,-65.715,1570.315,0.0049999999999954525,1570.595,0.2849999999999966,1570.455,0.14499999999999602,0.2799999999999727,0.28000000000000114,BOTTOM,0.0049999999999954525
B[37],INOUT,SIGNAL,B,37,YES,MET3,1,1520.74,-65.855,1521.02,-65.575,1520.88,-65.715,1572.135,0.0049999999999954525,1572.415,0.2849999999999966,1572.275,0.14499999999999602,0.2799999999999727,0.28000000000000114,BOTTOM,0.0049999999999954525
B[38],INOUT,SIGNAL,B,38,YES,MET3,1,1547.785,-65.855,1548.065,-65.575,1547.9250000000002,-65.715,1599.18,0.0049999999999954525,1599.46,0.2849999999999966,1599.3200000000002,0.14499999999999602,0.2799999999999727,0.28000000000000114,BOTTOM,0.0049999999999954525
B[39],INOUT,SIGNAL,B,39,YES,MET3,1,1605.52,-65.855,1605.8,-65.575,1605.6599999999999,-65.715,1656.915,0.0049999999999954525,1657.195,0.2849999999999966,1657.0549999999998,0.14499999999999602,0.2799999999999727,0.28000000000000114,BOTTOM,0.0049999999999954525
B[40],INOUT,SIGNAL,B,40,YES,MET3,1,1607.34,-65.855,1607.62,-65.575,1607.48,-65.715,1658.735,0.0049999999999954525,1659.0149999999999,0.2849999999999966,1658.875,0.14499999999999602,0.2799999999999727,0.28000000000000114,BOTTOM,0.0049999999999954525
B[41],INOUT,SIGNAL,B,41,YES,MET3,1,1634.385,-65.855,1634.665,-65.575,1634.525,-65.715,1685.78,0.0049999999999954525,1686.06,0.2849999999999966,1685.92,0.14499999999999602,0.2799999999999727,0.28000000000000114,BOTTOM,0.0049999999999954525
B[42],INOUT,SIGNAL,B,42,YES,MET3,1,1692.12,-65.855,1692.4,-65.575,1692.26,-65.715,1743.5149999999999,0.0049999999999954525,1743.795,0.2849999999999966,1743.655,0.14499999999999602,0.2800000000002001,0.28000000000000114,BOTTOM,0.0049999999999954525
B[43],INOUT,SIGNAL,B,43,YES,MET3,1,1693.94,-65.855,1694.22,-65.575,1694.08,-65.715,1745.335,0.0049999999999954525,1745.615,0.2849999999999966,1745.475,0.14499999999999602,0.2799999999999727,0.28000000000000114,BOTTOM,0.0049999999999954525
B[44],INOUT,SIGNAL,B,44,YES,MET3,1,1720.985,-65.855,1721.265,-65.575,1721.125,-65.715,1772.3799999999999,0.0049999999999954525,1772.66,0.2849999999999966,1772.52,0.14499999999999602,0.2800000000002001,0.28000000000000114,BOTTOM,0.0049999999999954525
B[45],INOUT,SIGNAL,B,45,YES,MET3,1,1778.72,-65.855,1779.0,-65.575,1778.8600000000001,-65.715,1830.115,0.0049999999999954525,1830.395,0.2849999999999966,1830.255,0.14499999999999602,0.2799999999999727,0.28000000000000114,BOTTOM,0.0049999999999954525
B[46],INOUT,SIGNAL,B,46,YES,MET3,1,1780.54,-65.855,1780.82,-65.575,1780.6799999999998,-65.715,1831.935,0.0049999999999954525,1832.215,0.2849999999999966,1832.0749999999998,0.14499999999999602,0.2799999999999727,0.28000000000000114,BOTTOM,0.0049999999999954525
B[47],INOUT,SIGNAL,B,47,YES,MET3,1,1807.585,-65.855,1807.865,-65.575,1807.725,-65.715,1858.98,0.0049999999999954525,1859.26,0.2849999999999966,1859.12,0.14499999999999602,0.2799999999999727,0.28000000000000114,BOTTOM,0.0049999999999954525
B[48],INOUT,SIGNAL,B,48,YES,MET3,1,1865.32,-65.855,1865.6,-65.575,1865.46,-65.715,1916.715,0.0049999999999954525,1916.995,0.2849999999999966,1916.855,0.14499999999999602,0.2799999999999727,0.28000000000000114,BOTTOM,0.0049999999999954525
B[49],INOUT,SIGNAL,B,49,YES,MET3,1,1867.14,-65.855,1867.42,-65.575,1867.2800000000002,-65.715,1918.535,0.0049999999999954525,1918.815,0.2849999999999966,1918.6750000000002,0.14499999999999602,0.2799999999999727,0.28000000000000114,BOTTOM,0.0049999999999954525
B[50],INOUT,SIGNAL,B,50,YES,MET2,1,1940.105,75.755,1940.385,76.035,1940.245,75.895,1991.5,141.615,1991.78,141.89499999999998,1991.6399999999999,141.755,0.2799999999999727,0.28000000000000114,INTERNAL_NEAREST_RIGHT,8.13000000000011
B[51],INOUT,SIGNAL,B,51,YES,MET2,1,1940.105,125.755,1940.385,126.035,1940.245,125.895,1991.5,191.615,1991.78,191.89499999999998,1991.6399999999999,191.755,0.2799999999999727,0.28000000000000114,INTERNAL_NEAREST_RIGHT,8.13000000000011
B[52],INOUT,SIGNAL,B,52,YES,MET2,1,1940.105,175.755,1940.385,176.035,1940.245,175.89499999999998,1991.5,241.615,1991.78,241.89499999999998,1991.6399999999999,241.755,0.2799999999999727,0.28000000000000114,INTERNAL_NEAREST_RIGHT,8.13000000000011
B[53],INOUT,SIGNAL,B,53,YES,MET2,1,1940.105,225.755,1940.385,226.035,1940.245,225.89499999999998,1991.5,291.615,1991.78,291.895,1991.6399999999999,291.755,0.2799999999999727,0.28000000000000114,INTERNAL_NEAREST_RIGHT,8.13000000000011
B[54],INOUT,SIGNAL,B,54,YES,MET2,1,1940.105,275.755,1940.385,276.035,1940.245,275.895,1991.5,341.615,1991.78,341.89500000000004,1991.6399999999999,341.755,0.2799999999999727,0.28000000000002956,INTERNAL_NEAREST_RIGHT,8.13000000000011
B[55],INOUT,SIGNAL,B,55,YES,MET2,1,1940.105,325.755,1940.385,326.035,1940.245,325.895,1991.5,391.615,1991.78,391.89500000000004,1991.6399999999999,391.755,0.2799999999999727,0.28000000000002956,INTERNAL_NEAREST_RIGHT,8.13000000000011
B[56],INOUT,SIGNAL,B,56,YES,MET2,1,1940.105,375.755,1940.385,376.035,1940.245,375.895,1991.5,441.615,1991.78,441.89500000000004,1991.6399999999999,441.755,0.2799999999999727,0.28000000000002956,INTERNAL_NEAREST_RIGHT,8.13000000000011
B[57],INOUT,SIGNAL,B,57,YES,MET2,1,1940.105,425.755,1940.385,426.035,1940.245,425.895,1991.5,491.615,1991.78,491.89500000000004,1991.6399999999999,491.755,0.2799999999999727,0.28000000000002956,INTERNAL_NEAREST_RIGHT,8.13000000000011
B[58],INOUT,SIGNAL,B,58,YES,MET2,1,1940.105,475.755,1940.385,476.035,1940.245,475.895,1991.5,541.615,1991.78,541.895,1991.6399999999999,541.755,0.2799999999999727,0.28000000000002956,INTERNAL_NEAREST_RIGHT,8.13000000000011
B[59],INOUT,SIGNAL,B,59,YES,MET2,1,1940.105,525.755,1940.385,526.035,1940.245,525.895,1991.5,591.615,1991.78,591.895,1991.6399999999999,591.755,0.2799999999999727,0.2799999999999727,INTERNAL_NEAREST_RIGHT,8.13000000000011
B[60],INOUT,SIGNAL,B,60,YES,MET2,1,1940.105,575.755,1940.385,576.035,1940.245,575.895,1991.5,641.615,1991.78,641.895,1991.6399999999999,641.755,0.2799999999999727,0.2799999999999727,INTERNAL_NEAREST_RIGHT,8.13000000000011
B[61],INOUT,SIGNAL,B,61,YES,MET2,1,1940.105,625.755,1940.385,626.035,1940.245,625.895,1991.5,691.615,1991.78,691.895,1991.6399999999999,691.755,0.2799999999999727,0.2799999999999727,INTERNAL_NEAREST_RIGHT,8.13000000000011
B[62],INOUT,SIGNAL,B,62,YES,MET2,1,1940.105,675.755,1940.385,676.035,1940.245,675.895,1991.5,741.615,1991.78,741.895,1991.6399999999999,741.755,0.2799999999999727,0.2799999999999727,INTERNAL_NEAREST_RIGHT,8.13000000000011
B[63],INOUT,SIGNAL,B,63,YES,MET2,1,1940.105,725.755,1940.385,726.035,1940.245,725.895,1991.5,791.615,1991.78,791.895,1991.6399999999999,791.755,0.2799999999999727,0.2799999999999727,INTERNAL_NEAREST_RIGHT,8.13000000000011
Bz[0],INOUT,SIGNAL,Bz,0,YES,MET3,1,480.28,-65.855,480.56,-65.575,480.41999999999996,-65.715,531.675,0.0049999999999954525,531.955,0.2849999999999966,531.8149999999999,0.14499999999999602,0.28000000000002956,0.28000000000000114,BOTTOM,0.0049999999999954525
Bz[1],INOUT,SIGNAL,Bz,1,YES,MET3,1,482.1,-65.855,482.38,-65.575,482.24,-65.715,533.495,0.0049999999999954525,533.775,0.2849999999999966,533.635,0.14499999999999602,0.2799999999999727,0.28000000000000114,BOTTOM,0.0049999999999954525
Bz[2],INOUT,SIGNAL,Bz,2,YES,MET3,1,509.145,-65.855,509.425,-65.575,509.28499999999997,-65.715,560.54,0.0049999999999954525,560.82,0.2849999999999966,560.68,0.14499999999999602,0.28000000000002956,0.28000000000000114,BOTTOM,0.0049999999999954525
Bz[3],INOUT,SIGNAL,Bz,3,YES,MET3,1,566.88,-65.855,567.16,-65.575,567.02,-65.715,618.275,0.0049999999999954525,618.555,0.2849999999999966,618.415,0.14499999999999602,0.2799999999999727,0.28000000000000114,BOTTOM,0.0049999999999954525
Bz[4],INOUT,SIGNAL,Bz,4,YES,MET3,1,568.7,-65.855,568.98,-65.575,568.84,-65.715,620.095,0.0049999999999954525,620.375,0.2849999999999966,620.235,0.14499999999999602,0.2799999999999727,0.28000000000000114,BOTTOM,0.0049999999999954525
Bz[5],INOUT,SIGNAL,Bz,5,YES,MET3,1,595.745,-65.855,596.025,-65.575,595.885,-65.715,647.14,0.0049999999999954525,647.42,0.2849999999999966,647.28,0.14499999999999602,0.2799999999999727,0.28000000000000114,BOTTOM,0.0049999999999954525
Bz[6],INOUT,SIGNAL,Bz,6,YES,MET3,1,653.48,-65.855,653.76,-65.575,653.62,-65.715,704.875,0.0049999999999954525,705.155,0.2849999999999966,705.015,0.14499999999999602,0.2799999999999727,0.28000000000000114,BOTTOM,0.0049999999999954525
Bz[7],INOUT,SIGNAL,Bz,7,YES,MET3,1,655.3,-65.855,655.58,-65.575,655.44,-65.715,706.6949999999999,0.0049999999999954525,706.975,0.2849999999999966,706.835,0.14499999999999602,0.2800000000000864,0.28000000000000114,BOTTOM,0.0049999999999954525
Bz[8],INOUT,SIGNAL,Bz,8,YES,MET3,1,682.345,-65.855,682.625,-65.575,682.485,-65.715,733.74,0.0049999999999954525,734.02,0.2849999999999966,733.88,0.14499999999999602,0.2799999999999727,0.28000000000000114,BOTTOM,0.0049999999999954525
Bz[9],INOUT,SIGNAL,Bz,9,YES,MET3,1,740.08,-65.855,740.36,-65.575,740.22,-65.715,791.475,0.0049999999999954525,791.755,0.2849999999999966,791.615,0.14499999999999602,0.2799999999999727,0.28000000000000114,BOTTOM,0.0049999999999954525
Bz[10],INOUT,SIGNAL,Bz,10,YES,MET3,1,741.9,-65.855,742.18,-65.575,742.04,-65.715,793.295,0.0049999999999954525,793.5749999999999,0.2849999999999966,793.435,0.14499999999999602,0.2799999999999727,0.28000000000000114,BOTTOM,0.0049999999999954525
Bz[11],INOUT,SIGNAL,Bz,11,YES,MET3,1,768.945,-65.855,769.225,-65.575,769.085,-65.715,820.34,0.0049999999999954525,820.62,0.2849999999999966,820.48,0.14499999999999602,0.2799999999999727,0.28000000000000114,BOTTOM,0.0049999999999954525
Bz[12],INOUT,SIGNAL,Bz,12,YES,MET3,1,826.68,-65.855,826.96,-65.575,826.8199999999999,-65.715,878.0749999999999,0.0049999999999954525,878.355,0.2849999999999966,878.2149999999999,0.14499999999999602,0.2800000000000864,0.28000000000000114,BOTTOM,0.0049999999999954525
Bz[13],INOUT,SIGNAL,Bz,13,YES,MET3,1,828.5,-65.855,828.78,-65.575,828.64,-65.715,879.895,0.0049999999999954525,880.175,0.2849999999999966,880.035,0.14499999999999602,0.2799999999999727,0.28000000000000114,BOTTOM,0.0049999999999954525
Bz[14],INOUT,SIGNAL,Bz,14,YES,MET3,1,855.545,-65.855,855.825,-65.575,855.685,-65.715,906.9399999999999,0.0049999999999954525,907.22,0.2849999999999966,907.0799999999999,0.14499999999999602,0.2800000000000864,0.28000000000000114,BOTTOM,0.0049999999999954525
Bz[15],INOUT,SIGNAL,Bz,15,YES,MET3,1,913.28,-65.855,913.56,-65.575,913.42,-65.715,964.675,0.0049999999999954525,964.9549999999999,0.2849999999999966,964.8149999999999,0.14499999999999602,0.2799999999999727,0.28000000000000114,BOTTOM,0.0049999999999954525
Bz[16],INOUT,SIGNAL,Bz,16,YES,MET3,1,915.1,-65.855,915.38,-65.575,915.24,-65.715,966.495,0.0049999999999954525,966.775,0.2849999999999966,966.635,0.14499999999999602,0.2799999999999727,0.28000000000000114,BOTTOM,0.0049999999999954525
Bz[17],INOUT,SIGNAL,Bz,17,YES,MET3,1,942.145,-65.855,942.425,-65.575,942.285,-65.715,993.54,0.0049999999999954525,993.8199999999999,0.2849999999999966,993.68,0.14499999999999602,0.2799999999999727,0.28000000000000114,BOTTOM,0.0049999999999954525
Bz[18],INOUT,SIGNAL,Bz,18,YES,MET3,1,999.88,-65.855,1000.16,-65.575,1000.02,-65.715,1051.275,0.0049999999999954525,1051.555,0.2849999999999966,1051.415,0.14499999999999602,0.2799999999999727,0.28000000000000114,BOTTOM,0.0049999999999954525
Bz[19],INOUT,SIGNAL,Bz,19,YES,MET3,1,1001.7,-65.855,1001.98,-65.575,1001.84,-65.715,1053.095,0.0049999999999954525,1053.375,0.2849999999999966,1053.2350000000001,0.14499999999999602,0.2799999999999727,0.28000000000000114,BOTTOM,0.0049999999999954525
Bz[20],INOUT,SIGNAL,Bz,20,YES,MET3,1,1028.745,-65.855,1029.025,-65.575,1028.885,-65.715,1080.1399999999999,0.0049999999999954525,1080.42,0.2849999999999966,1080.28,0.14499999999999602,0.2800000000002001,0.28000000000000114,BOTTOM,0.0049999999999954525
Bz[21],INOUT,SIGNAL,Bz,21,YES,MET3,1,1086.48,-65.855,1086.76,-65.575,1086.62,-65.715,1137.875,0.0049999999999954525,1138.155,0.2849999999999966,1138.0149999999999,0.14499999999999602,0.2799999999999727,0.28000000000000114,BOTTOM,0.0049999999999954525
Bz[22],INOUT,SIGNAL,Bz,22,YES,MET3,1,1088.3,-65.855,1088.58,-65.575,1088.44,-65.715,1139.695,0.0049999999999954525,1139.975,0.2849999999999966,1139.835,0.14499999999999602,0.2799999999999727,0.28000000000000114,BOTTOM,0.0049999999999954525
Bz[23],INOUT,SIGNAL,Bz,23,YES,MET3,1,1115.345,-65.855,1115.625,-65.575,1115.4850000000001,-65.715,1166.74,0.0049999999999954525,1167.02,0.2849999999999966,1166.88,0.14499999999999602,0.2799999999999727,0.28000000000000114,BOTTOM,0.0049999999999954525
Bz[24],INOUT,SIGNAL,Bz,24,YES,MET3,1,1173.08,-65.855,1173.36,-65.575,1173.2199999999998,-65.715,1224.475,0.0049999999999954525,1224.7549999999999,0.2849999999999966,1224.6149999999998,0.14499999999999602,0.2799999999999727,0.28000000000000114,BOTTOM,0.0049999999999954525
Bz[25],INOUT,SIGNAL,Bz,25,YES,MET3,1,1174.9,-65.855,1175.18,-65.575,1175.04,-65.715,1226.295,0.0049999999999954525,1226.575,0.2849999999999966,1226.435,0.14499999999999602,0.2799999999999727,0.28000000000000114,BOTTOM,0.0049999999999954525
Bz[26],INOUT,SIGNAL,Bz,26,YES,MET3,1,1201.945,-65.855,1202.225,-65.575,1202.085,-65.715,1253.34,0.0049999999999954525,1253.62,0.2849999999999966,1253.48,0.14499999999999602,0.2799999999999727,0.28000000000000114,BOTTOM,0.0049999999999954525
Bz[27],INOUT,SIGNAL,Bz,27,YES,MET3,1,1259.68,-65.855,1259.96,-65.575,1259.8200000000002,-65.715,1311.075,0.0049999999999954525,1311.355,0.2849999999999966,1311.2150000000001,0.14499999999999602,0.2799999999999727,0.28000000000000114,BOTTOM,0.0049999999999954525
Bz[28],INOUT,SIGNAL,Bz,28,YES,MET3,1,1261.5,-65.855,1261.78,-65.575,1261.6399999999999,-65.715,1312.895,0.0049999999999954525,1313.175,0.2849999999999966,1313.0349999999999,0.14499999999999602,0.2799999999999727,0.28000000000000114,BOTTOM,0.0049999999999954525
Bz[29],INOUT,SIGNAL,Bz,29,YES,MET3,1,1288.545,-65.855,1288.825,-65.575,1288.685,-65.715,1339.94,0.0049999999999954525,1340.22,0.2849999999999966,1340.08,0.14499999999999602,0.2799999999999727,0.28000000000000114,BOTTOM,0.0049999999999954525
Bz[30],INOUT,SIGNAL,Bz,30,YES,MET3,1,1346.28,-65.855,1346.56,-65.575,1346.42,-65.715,1397.675,0.0049999999999954525,1397.955,0.2849999999999966,1397.815,0.14499999999999602,0.2799999999999727,0.28000000000000114,BOTTOM,0.0049999999999954525
Bz[31],INOUT,SIGNAL,Bz,31,YES,MET3,1,1348.1,-65.855,1348.38,-65.575,1348.24,-65.715,1399.495,0.0049999999999954525,1399.775,0.2849999999999966,1399.635,0.14499999999999602,0.2800000000002001,0.28000000000000114,BOTTOM,0.0049999999999954525
Bz[32],INOUT,SIGNAL,Bz,32,YES,MET3,1,1375.145,-65.855,1375.425,-65.575,1375.2849999999999,-65.715,1426.54,0.0049999999999954525,1426.82,0.2849999999999966,1426.6799999999998,0.14499999999999602,0.2799999999999727,0.28000000000000114,BOTTOM,0.0049999999999954525
Bz[33],INOUT,SIGNAL,Bz,33,YES,MET3,1,1432.88,-65.855,1433.16,-65.575,1433.02,-65.715,1484.275,0.0049999999999954525,1484.555,0.2849999999999966,1484.415,0.14499999999999602,0.2799999999999727,0.28000000000000114,BOTTOM,0.0049999999999954525
Bz[34],INOUT,SIGNAL,Bz,34,YES,MET3,1,1434.7,-65.855,1434.98,-65.575,1434.8400000000001,-65.715,1486.095,0.0049999999999954525,1486.375,0.2849999999999966,1486.2350000000001,0.14499999999999602,0.2799999999999727,0.28000000000000114,BOTTOM,0.0049999999999954525
Bz[35],INOUT,SIGNAL,Bz,35,YES,MET3,1,1461.745,-65.855,1462.025,-65.575,1461.885,-65.715,1513.1399999999999,0.0049999999999954525,1513.42,0.2849999999999966,1513.28,0.14499999999999602,0.2800000000002001,0.28000000000000114,BOTTOM,0.0049999999999954525
Bz[36],INOUT,SIGNAL,Bz,36,YES,MET3,1,1519.48,-65.855,1519.76,-65.575,1519.62,-65.715,1570.875,0.0049999999999954525,1571.155,0.2849999999999966,1571.0149999999999,0.14499999999999602,0.2799999999999727,0.28000000000000114,BOTTOM,0.0049999999999954525
Bz[37],INOUT,SIGNAL,Bz,37,YES,MET3,1,1521.3,-65.855,1521.58,-65.575,1521.44,-65.715,1572.695,0.0049999999999954525,1572.975,0.2849999999999966,1572.835,0.14499999999999602,0.2799999999999727,0.28000000000000114,BOTTOM,0.0049999999999954525
Bz[38],INOUT,SIGNAL,Bz,38,YES,MET3,1,1548.345,-65.855,1548.625,-65.575,1548.4850000000001,-65.715,1599.74,0.0049999999999954525,1600.02,0.2849999999999966,1599.88,0.14499999999999602,0.2799999999999727,0.28000000000000114,BOTTOM,0.0049999999999954525
Bz[39],INOUT,SIGNAL,Bz,39,YES,MET3,1,1606.08,-65.855,1606.36,-65.575,1606.2199999999998,-65.715,1657.475,0.0049999999999954525,1657.7549999999999,0.2849999999999966,1657.6149999999998,0.14499999999999602,0.2799999999999727,0.28000000000000114,BOTTOM,0.0049999999999954525
Bz[40],INOUT,SIGNAL,Bz,40,YES,MET3,1,1607.9,-65.855,1608.18,-65.575,1608.04,-65.715,1659.295,0.0049999999999954525,1659.575,0.2849999999999966,1659.435,0.14499999999999602,0.2799999999999727,0.28000000000000114,BOTTOM,0.0049999999999954525
Bz[41],INOUT,SIGNAL,Bz,41,YES,MET3,1,1634.945,-65.855,1635.225,-65.575,1635.085,-65.715,1686.34,0.0049999999999954525,1686.62,0.2849999999999966,1686.48,0.14499999999999602,0.2799999999999727,0.28000000000000114,BOTTOM,0.0049999999999954525
Bz[42],INOUT,SIGNAL,Bz,42,YES,MET3,1,1692.68,-65.855,1692.96,-65.575,1692.8200000000002,-65.715,1744.075,0.0049999999999954525,1744.355,0.2849999999999966,1744.2150000000001,0.14499999999999602,0.2799999999999727,0.28000000000000114,BOTTOM,0.0049999999999954525
Bz[43],INOUT,SIGNAL,Bz,43,YES,MET3,1,1694.5,-65.855,1694.78,-65.575,1694.6399999999999,-65.715,1745.895,0.0049999999999954525,1746.175,0.2849999999999966,1746.0349999999999,0.14499999999999602,0.2799999999999727,0.28000000000000114,BOTTOM,0.0049999999999954525
Bz[44],INOUT,SIGNAL,Bz,44,YES,MET3,1,1721.545,-65.855,1721.825,-65.575,1721.685,-65.715,1772.94,0.0049999999999954525,1773.22,0.2849999999999966,1773.08,0.14499999999999602,0.2799999999999727,0.28000000000000114,BOTTOM,0.0049999999999954525
Bz[45],INOUT,SIGNAL,Bz,45,YES,MET3,1,1779.28,-65.855,1779.56,-65.575,1779.42,-65.715,1830.675,0.0049999999999954525,1830.955,0.2849999999999966,1830.815,0.14499999999999602,0.2799999999999727,0.28000000000000114,BOTTOM,0.0049999999999954525
Bz[46],INOUT,SIGNAL,Bz,46,YES,MET3,1,1781.1,-65.855,1781.38,-65.575,1781.24,-65.715,1832.495,0.0049999999999954525,1832.775,0.2849999999999966,1832.635,0.14499999999999602,0.2800000000002001,0.28000000000000114,BOTTOM,0.0049999999999954525
Bz[47],INOUT,SIGNAL,Bz,47,YES,MET3,1,1808.145,-65.855,1808.425,-65.575,1808.2849999999999,-65.715,1859.54,0.0049999999999954525,1859.82,0.2849999999999966,1859.6799999999998,0.14499999999999602,0.2799999999999727,0.28000000000000114,BOTTOM,0.0049999999999954525
Bz[48],INOUT,SIGNAL,Bz,48,YES,MET3,1,1865.88,-65.855,1866.16,-65.575,1866.02,-65.715,1917.275,0.0049999999999954525,1917.555,0.2849999999999966,1917.415,0.14499999999999602,0.2799999999999727,0.28000000000000114,BOTTOM,0.0049999999999954525
Bz[49],INOUT,SIGNAL,Bz,49,YES,MET3,1,1867.7,-65.855,1867.98,-65.575,1867.8400000000001,-65.715,1919.095,0.0049999999999954525,1919.375,0.2849999999999966,1919.2350000000001,0.14499999999999602,0.2799999999999727,0.28000000000000114,BOTTOM,0.0049999999999954525
Bz[50],INOUT,SIGNAL,Bz,50,YES,MET2,1,1940.105,75.195,1940.385,75.475,1940.245,75.335,1991.5,141.055,1991.78,141.33499999999998,1991.6399999999999,141.195,0.2799999999999727,0.28000000000000114,INTERNAL_NEAREST_RIGHT,8.13000000000011
Bz[51],INOUT,SIGNAL,Bz,51,YES,MET2,1,1940.105,125.195,1940.385,125.475,1940.245,125.335,1991.5,191.055,1991.78,191.33499999999998,1991.6399999999999,191.195,0.2799999999999727,0.28000000000000114,INTERNAL_NEAREST_RIGHT,8.13000000000011
Bz[52],INOUT,SIGNAL,Bz,52,YES,MET2,1,1940.105,175.195,1940.385,175.475,1940.245,175.33499999999998,1991.5,241.055,1991.78,241.33499999999998,1991.6399999999999,241.195,0.2799999999999727,0.28000000000000114,INTERNAL_NEAREST_RIGHT,8.13000000000011
Bz[53],INOUT,SIGNAL,Bz,53,YES,MET2,1,1940.105,225.195,1940.385,225.475,1940.245,225.33499999999998,1991.5,291.055,1991.78,291.335,1991.6399999999999,291.195,0.2799999999999727,0.28000000000000114,INTERNAL_NEAREST_RIGHT,8.13000000000011
Bz[54],INOUT,SIGNAL,Bz,54,YES,MET2,1,1940.105,275.195,1940.385,275.475,1940.245,275.33500000000004,1991.5,341.055,1991.78,341.33500000000004,1991.6399999999999,341.19500000000005,0.2799999999999727,0.28000000000002956,INTERNAL_NEAREST_RIGHT,8.13000000000011
Bz[55],INOUT,SIGNAL,Bz,55,YES,MET2,1,1940.105,325.195,1940.385,325.475,1940.245,325.33500000000004,1991.5,391.055,1991.78,391.33500000000004,1991.6399999999999,391.19500000000005,0.2799999999999727,0.28000000000002956,INTERNAL_NEAREST_RIGHT,8.13000000000011
Bz[56],INOUT,SIGNAL,Bz,56,YES,MET2,1,1940.105,375.195,1940.385,375.475,1940.245,375.33500000000004,1991.5,441.055,1991.78,441.33500000000004,1991.6399999999999,441.19500000000005,0.2799999999999727,0.28000000000002956,INTERNAL_NEAREST_RIGHT,8.13000000000011
Bz[57],INOUT,SIGNAL,Bz,57,YES,MET2,1,1940.105,425.195,1940.385,425.475,1940.245,425.33500000000004,1991.5,491.055,1991.78,491.33500000000004,1991.6399999999999,491.19500000000005,0.2799999999999727,0.28000000000002956,INTERNAL_NEAREST_RIGHT,8.13000000000011
Bz[58],INOUT,SIGNAL,Bz,58,YES,MET2,1,1940.105,475.195,1940.385,475.475,1940.245,475.33500000000004,1991.5,541.055,1991.78,541.335,1991.6399999999999,541.195,0.2799999999999727,0.28000000000002956,INTERNAL_NEAREST_RIGHT,8.13000000000011
Bz[59],INOUT,SIGNAL,Bz,59,YES,MET2,1,1940.105,525.195,1940.385,525.475,1940.245,525.335,1991.5,591.0550000000001,1991.78,591.335,1991.6399999999999,591.195,0.2799999999999727,0.2799999999999727,INTERNAL_NEAREST_RIGHT,8.13000000000011
Bz[60],INOUT,SIGNAL,Bz,60,YES,MET2,1,1940.105,575.195,1940.385,575.475,1940.245,575.335,1991.5,641.0550000000001,1991.78,641.335,1991.6399999999999,641.195,0.2799999999999727,0.2799999999999727,INTERNAL_NEAREST_RIGHT,8.13000000000011
Bz[61],INOUT,SIGNAL,Bz,61,YES,MET2,1,1940.105,625.195,1940.385,625.475,1940.245,625.335,1991.5,691.0550000000001,1991.78,691.335,1991.6399999999999,691.195,0.2799999999999727,0.2799999999999727,INTERNAL_NEAREST_RIGHT,8.13000000000011
Bz[62],INOUT,SIGNAL,Bz,62,YES,MET2,1,1940.105,675.195,1940.385,675.475,1940.245,675.335,1991.5,741.0550000000001,1991.78,741.335,1991.6399999999999,741.195,0.2799999999999727,0.2799999999999727,INTERNAL_NEAREST_RIGHT,8.13000000000011
Bz[63],INOUT,SIGNAL,Bz,63,YES,MET2,1,1940.105,725.195,1940.385,725.475,1940.245,725.335,1991.5,791.0550000000001,1991.78,791.335,1991.6399999999999,791.195,0.2799999999999727,0.2799999999999727,INTERNAL_NEAREST_RIGHT,8.13000000000011
Cin[0],INOUT,SIGNAL,Cin,0,NO,MET3,1,34.895,-65.855,35.175,-65.575,35.035,-65.715,86.29,0.0049999999999954525,86.57,0.2849999999999966,86.43,0.14499999999999602,0.27999999999999403,0.28000000000000114,BOTTOM,0.0049999999999954525
Cin[1],INOUT,SIGNAL,Cin,1,NO,MET3,1,78.195,-65.855,78.475,-65.575,78.335,-65.715,129.59,0.0049999999999954525,129.87,0.2849999999999966,129.73,0.14499999999999602,0.28000000000000114,0.28000000000000114,BOTTOM,0.0049999999999954525
Cin[2],INOUT,SIGNAL,Cin,2,NO,MET3,1,121.495,-65.855,121.775,-65.575,121.635,-65.715,172.89000000000001,0.0049999999999954525,173.17000000000002,0.2849999999999966,173.03,0.14499999999999602,0.28000000000000114,0.28000000000000114,BOTTOM,0.0049999999999954525
Cin[3],INOUT,SIGNAL,Cin,3,NO,MET3,1,164.795,-65.855,165.075,-65.575,164.935,-65.715,216.19,0.0049999999999954525,216.47,0.2849999999999966,216.33,0.14499999999999602,0.28000000000000114,0.28000000000000114,BOTTOM,0.0049999999999954525
Cin[4],INOUT,SIGNAL,Cin,4,NO,MET3,1,208.095,-65.855,208.375,-65.575,208.235,-65.715,259.49,0.0049999999999954525,259.77,0.2849999999999966,259.63,0.14499999999999602,0.28000000000000114,0.28000000000000114,BOTTOM,0.0049999999999954525
Cin[5],INOUT,SIGNAL,Cin,5,NO,MET3,1,251.395,-65.855,251.675,-65.575,251.53500000000003,-65.715,302.79,0.0049999999999954525,303.07,0.2849999999999966,302.93,0.14499999999999602,0.28000000000000114,0.28000000000000114,BOTTOM,0.0049999999999954525
Cin[6],INOUT,SIGNAL,Cin,6,NO,MET3,1,294.695,-65.855,294.975,-65.575,294.83500000000004,-65.715,346.09,0.0049999999999954525,346.37,0.2849999999999966,346.23,0.14499999999999602,0.28000000000002956,0.28000000000000114,BOTTOM,0.0049999999999954525
Cin[7],INOUT,SIGNAL,Cin,7,NO,MET3,1,337.995,-65.855,338.275,-65.575,338.135,-65.715,389.39,0.0049999999999954525,389.66999999999996,0.2849999999999966,389.53,0.14499999999999602,0.2799999999999727,0.28000000000000114,BOTTOM,0.0049999999999954525
Cin[8],INOUT,SIGNAL,Cin,8,NO,MET3,1,381.295,-65.855,381.575,-65.575,381.435,-65.715,432.69,0.0049999999999954525,432.96999999999997,0.2849999999999966,432.83,0.14499999999999602,0.2799999999999727,0.28000000000000114,BOTTOM,0.0049999999999954525
Cin[9],INOUT,SIGNAL,Cin,9,NO,MET3,1,424.595,-65.855,424.875,-65.575,424.735,-65.715,475.99,0.0049999999999954525,476.27,0.2849999999999966,476.13,0.14499999999999602,0.2799999999999727,0.28000000000000114,BOTTOM,0.0049999999999954525
Cin[10],INOUT,SIGNAL,Cin,10,NO,MET3,1,467.895,-65.855,468.175,-65.575,468.03499999999997,-65.715,519.29,0.0049999999999954525,519.57,0.2849999999999966,519.43,0.14499999999999602,0.28000000000002956,0.28000000000000114,BOTTOM,0.0049999999999954525
Cin[11],INOUT,SIGNAL,Cin,11,NO,MET3,1,511.195,-65.855,511.475,-65.575,511.33500000000004,-65.715,562.59,0.0049999999999954525,562.87,0.2849999999999966,562.73,0.14499999999999602,0.28000000000002956,0.28000000000000114,BOTTOM,0.0049999999999954525
Cin[12],INOUT,SIGNAL,Cin,12,NO,MET3,1,554.495,-65.855,554.775,-65.575,554.635,-65.715,605.89,0.0049999999999954525,606.17,0.2849999999999966,606.03,0.14499999999999602,0.2799999999999727,0.28000000000000114,BOTTOM,0.0049999999999954525
Cin[13],INOUT,SIGNAL,Cin,13,NO,MET3,1,597.795,-65.855,598.075,-65.575,597.935,-65.715,649.1899999999999,0.0049999999999954525,649.47,0.2849999999999966,649.3299999999999,0.14499999999999602,0.2800000000000864,0.28000000000000114,BOTTOM,0.0049999999999954525
Cin[14],INOUT,SIGNAL,Cin,14,NO,MET3,1,641.095,-65.855,641.375,-65.575,641.235,-65.715,692.49,0.0049999999999954525,692.77,0.2849999999999966,692.63,0.14499999999999602,0.2799999999999727,0.28000000000000114,BOTTOM,0.0049999999999954525
Cin[15],INOUT,SIGNAL,Cin,15,NO,MET3,1,684.395,-65.855,684.675,-65.575,684.535,-65.715,735.79,0.0049999999999954525,736.0699999999999,0.2849999999999966,735.93,0.14499999999999602,0.2799999999999727,0.28000000000000114,BOTTOM,0.0049999999999954525
Cin[16],INOUT,SIGNAL,Cin,16,NO,MET3,1,727.695,-65.855,727.975,-65.575,727.835,-65.715,779.09,0.0049999999999954525,779.37,0.2849999999999966,779.23,0.14499999999999602,0.2799999999999727,0.28000000000000114,BOTTOM,0.0049999999999954525
Cin[17],INOUT,SIGNAL,Cin,17,NO,MET3,1,770.995,-65.855,771.275,-65.575,771.135,-65.715,822.39,0.0049999999999954525,822.67,0.2849999999999966,822.53,0.14499999999999602,0.2799999999999727,0.28000000000000114,BOTTOM,0.0049999999999954525
Cin[18],INOUT,SIGNAL,Cin,18,NO,MET3,1,814.295,-65.855,814.575,-65.575,814.435,-65.715,865.6899999999999,0.0049999999999954525,865.97,0.2849999999999966,865.8299999999999,0.14499999999999602,0.2800000000000864,0.28000000000000114,BOTTOM,0.0049999999999954525
Cin[19],INOUT,SIGNAL,Cin,19,NO,MET3,1,857.595,-65.855,857.875,-65.575,857.735,-65.715,908.99,0.0049999999999954525,909.27,0.2849999999999966,909.13,0.14499999999999602,0.2799999999999727,0.28000000000000114,BOTTOM,0.0049999999999954525
Cin[20],INOUT,SIGNAL,Cin,20,NO,MET3,1,900.895,-65.855,901.175,-65.575,901.035,-65.715,952.29,0.0049999999999954525,952.5699999999999,0.2849999999999966,952.43,0.14499999999999602,0.2799999999999727,0.28000000000000114,BOTTOM,0.0049999999999954525
Cin[21],INOUT,SIGNAL,Cin,21,NO,MET3,1,944.195,-65.855,944.475,-65.575,944.335,-65.715,995.59,0.0049999999999954525,995.87,0.2849999999999966,995.73,0.14499999999999602,0.2799999999999727,0.28000000000000114,BOTTOM,0.0049999999999954525
Cin[22],INOUT,SIGNAL,Cin,22,NO,MET3,1,987.495,-65.855,987.775,-65.575,987.635,-65.715,1038.89,0.0049999999999954525,1039.17,0.2849999999999966,1039.03,0.14499999999999602,0.2799999999999727,0.28000000000000114,BOTTOM,0.0049999999999954525
Cin[23],INOUT,SIGNAL,Cin,23,NO,MET3,1,1030.795,-65.855,1031.075,-65.575,1030.935,-65.715,1082.19,0.0049999999999954525,1082.47,0.2849999999999966,1082.33,0.14499999999999602,0.2799999999999727,0.28000000000000114,BOTTOM,0.0049999999999954525
Cin[24],INOUT,SIGNAL,Cin,24,NO,MET3,1,1074.095,-65.855,1074.375,-65.575,1074.2350000000001,-65.715,1125.49,0.0049999999999954525,1125.77,0.2849999999999966,1125.63,0.14499999999999602,0.2799999999999727,0.28000000000000114,BOTTOM,0.0049999999999954525
Cin[25],INOUT,SIGNAL,Cin,25,NO,MET3,1,1117.395,-65.855,1117.675,-65.575,1117.5349999999999,-65.715,1168.79,0.0049999999999954525,1169.07,0.2849999999999966,1168.9299999999998,0.14499999999999602,0.2799999999999727,0.28000000000000114,BOTTOM,0.0049999999999954525
Cin[26],INOUT,SIGNAL,Cin,26,NO,MET3,1,1160.695,-65.855,1160.975,-65.575,1160.835,-65.715,1212.09,0.0049999999999954525,1212.37,0.2849999999999966,1212.23,0.14499999999999602,0.2799999999999727,0.28000000000000114,BOTTOM,0.0049999999999954525
Cin[27],INOUT,SIGNAL,Cin,27,NO,MET3,1,1203.995,-65.855,1204.275,-65.575,1204.135,-65.715,1255.3899999999999,0.0049999999999954525,1255.67,0.2849999999999966,1255.53,0.14499999999999602,0.2800000000002001,0.28000000000000114,BOTTOM,0.0049999999999954525
Cin[28],INOUT,SIGNAL,Cin,28,NO,MET3,1,1247.295,-65.855,1247.575,-65.575,1247.435,-65.715,1298.69,0.0049999999999954525,1298.97,0.2849999999999966,1298.83,0.14499999999999602,0.2799999999999727,0.28000000000000114,BOTTOM,0.0049999999999954525
Cin[29],INOUT,SIGNAL,Cin,29,NO,MET3,1,1290.595,-65.855,1290.875,-65.575,1290.7350000000001,-65.715,1341.99,0.0049999999999954525,1342.27,0.2849999999999966,1342.13,0.14499999999999602,0.2799999999999727,0.28000000000000114,BOTTOM,0.0049999999999954525
Cin[30],INOUT,SIGNAL,Cin,30,NO,MET3,1,1333.895,-65.855,1334.175,-65.575,1334.0349999999999,-65.715,1385.29,0.0049999999999954525,1385.57,0.2849999999999966,1385.4299999999998,0.14499999999999602,0.2799999999999727,0.28000000000000114,BOTTOM,0.0049999999999954525
Cin[31],INOUT,SIGNAL,Cin,31,NO,MET3,1,1377.195,-65.855,1377.475,-65.575,1377.335,-65.715,1428.59,0.0049999999999954525,1428.87,0.2849999999999966,1428.73,0.14499999999999602,0.2799999999999727,0.28000000000000114,BOTTOM,0.0049999999999954525
Cin[32],INOUT,SIGNAL,Cin,32,NO,MET3,1,1420.495,-65.855,1420.775,-65.575,1420.635,-65.715,1471.8899999999999,0.0049999999999954525,1472.17,0.2849999999999966,1472.03,0.14499999999999602,0.2800000000002001,0.28000000000000114,BOTTOM,0.0049999999999954525
Cin[33],INOUT,SIGNAL,Cin,33,NO,MET3,1,1463.795,-65.855,1464.075,-65.575,1463.935,-65.715,1515.19,0.0049999999999954525,1515.47,0.2849999999999966,1515.33,0.14499999999999602,0.2799999999999727,0.28000000000000114,BOTTOM,0.0049999999999954525
Cin[34],INOUT,SIGNAL,Cin,34,NO,MET3,1,1507.095,-65.855,1507.375,-65.575,1507.2350000000001,-65.715,1558.49,0.0049999999999954525,1558.77,0.2849999999999966,1558.63,0.14499999999999602,0.2799999999999727,0.28000000000000114,BOTTOM,0.0049999999999954525
Cin[35],INOUT,SIGNAL,Cin,35,NO,MET3,1,1550.395,-65.855,1550.675,-65.575,1550.5349999999999,-65.715,1601.79,0.0049999999999954525,1602.07,0.2849999999999966,1601.9299999999998,0.14499999999999602,0.2799999999999727,0.28000000000000114,BOTTOM,0.0049999999999954525
Cin[36],INOUT,SIGNAL,Cin,36,NO,MET3,1,1593.695,-65.855,1593.975,-65.575,1593.835,-65.715,1645.09,0.0049999999999954525,1645.37,0.2849999999999966,1645.23,0.14499999999999602,0.2799999999999727,0.28000000000000114,BOTTOM,0.0049999999999954525
Cin[37],INOUT,SIGNAL,Cin,37,NO,MET3,1,1636.995,-65.855,1637.275,-65.575,1637.135,-65.715,1688.3899999999999,0.0049999999999954525,1688.67,0.2849999999999966,1688.53,0.14499999999999602,0.2800000000002001,0.28000000000000114,BOTTOM,0.0049999999999954525
Cin[38],INOUT,SIGNAL,Cin,38,NO,MET3,1,1680.295,-65.855,1680.575,-65.575,1680.435,-65.715,1731.69,0.0049999999999954525,1731.97,0.2849999999999966,1731.83,0.14499999999999602,0.2799999999999727,0.28000000000000114,BOTTOM,0.0049999999999954525
Cin[39],INOUT,SIGNAL,Cin,39,NO,MET3,1,1723.595,-65.855,1723.875,-65.575,1723.7350000000001,-65.715,1774.99,0.0049999999999954525,1775.27,0.2849999999999966,1775.13,0.14499999999999602,0.2799999999999727,0.28000000000000114,BOTTOM,0.0049999999999954525
Cin[40],INOUT,SIGNAL,Cin,40,NO,MET3,1,1766.895,-65.855,1767.175,-65.575,1767.0349999999999,-65.715,1818.29,0.0049999999999954525,1818.57,0.2849999999999966,1818.4299999999998,0.14499999999999602,0.2799999999999727,0.28000000000000114,BOTTOM,0.0049999999999954525
Cin[41],INOUT,SIGNAL,Cin,41,NO,MET3,1,1810.195,-65.855,1810.475,-65.575,1810.335,-65.715,1861.59,0.0049999999999954525,1861.87,0.2849999999999966,1861.73,0.14499999999999602,0.2799999999999727,0.28000000000000114,BOTTOM,0.0049999999999954525
Cin[42],INOUT,SIGNAL,Cin,42,NO,MET3,1,1853.495,-65.855,1853.775,-65.575,1853.635,-65.715,1904.8899999999999,0.0049999999999954525,1905.17,0.2849999999999966,1905.03,0.14499999999999602,0.2800000000002001,0.28000000000000114,BOTTOM,0.0049999999999954525
Cin[43],INOUT,SIGNAL,Cin,43,NO,MET3,1,1896.795,-65.855,1897.075,-65.575,1896.935,-65.715,1948.19,0.0049999999999954525,1948.47,0.2849999999999966,1948.33,0.14499999999999602,0.2799999999999727,0.28000000000000114,BOTTOM,0.0049999999999954525
Cout[0],INOUT,SIGNAL,Cout,0,NO,MET3,1,34.895,1659.395,35.175,1659.675,35.035,1659.5349999999999,86.29,1725.2549999999999,86.57,1725.5349999999999,86.43,1725.3949999999998,0.27999999999999403,0.2799999999999727,TOP,0.005000000000109139
Cout[1],INOUT,SIGNAL,Cout,1,NO,MET3,1,78.195,1659.395,78.475,1659.675,78.335,1659.5349999999999,129.59,1725.2549999999999,129.87,1725.5349999999999,129.73,1725.3949999999998,0.28000000000000114,0.2799999999999727,TOP,0.005000000000109139
Cout[2],INOUT,SIGNAL,Cout,2,NO,MET3,1,121.495,1659.395,121.775,1659.675,121.635,1659.5349999999999,172.89000000000001,1725.2549999999999,173.17000000000002,1725.5349999999999,173.03,1725.3949999999998,0.28000000000000114,0.2799999999999727,TOP,0.005000000000109139
Cout[3],INOUT,SIGNAL,Cout,3,NO,MET3,1,164.795,1659.395,165.075,1659.675,164.935,1659.5349999999999,216.19,1725.2549999999999,216.47,1725.5349999999999,216.33,1725.3949999999998,0.28000000000000114,0.2799999999999727,TOP,0.005000000000109139
Cout[4],INOUT,SIGNAL,Cout,4,NO,MET3,1,208.095,1659.395,208.375,1659.675,208.235,1659.5349999999999,259.49,1725.2549999999999,259.77,1725.5349999999999,259.63,1725.3949999999998,0.28000000000000114,0.2799999999999727,TOP,0.005000000000109139
Cout[5],INOUT,SIGNAL,Cout,5,NO,MET3,1,251.395,1659.395,251.675,1659.675,251.53500000000003,1659.5349999999999,302.79,1725.2549999999999,303.07,1725.5349999999999,302.93,1725.3949999999998,0.28000000000000114,0.2799999999999727,TOP,0.005000000000109139
Cout[6],INOUT,SIGNAL,Cout,6,NO,MET3,1,294.695,1659.395,294.975,1659.675,294.83500000000004,1659.5349999999999,346.09,1725.2549999999999,346.37,1725.5349999999999,346.23,1725.3949999999998,0.28000000000002956,0.2799999999999727,TOP,0.005000000000109139
Cout[7],INOUT,SIGNAL,Cout,7,NO,MET3,1,337.995,1659.395,338.275,1659.675,338.135,1659.5349999999999,389.39,1725.2549999999999,389.66999999999996,1725.5349999999999,389.53,1725.3949999999998,0.2799999999999727,0.2799999999999727,TOP,0.005000000000109139
Cout[8],INOUT,SIGNAL,Cout,8,NO,MET3,1,381.295,1659.395,381.575,1659.675,381.435,1659.5349999999999,432.69,1725.2549999999999,432.96999999999997,1725.5349999999999,432.83,1725.3949999999998,0.2799999999999727,0.2799999999999727,TOP,0.005000000000109139
Cout[9],INOUT,SIGNAL,Cout,9,NO,MET3,1,424.595,1659.395,424.875,1659.675,424.735,1659.5349999999999,475.99,1725.2549999999999,476.27,1725.5349999999999,476.13,1725.3949999999998,0.2799999999999727,0.2799999999999727,TOP,0.005000000000109139
Cout[10],INOUT,SIGNAL,Cout,10,NO,MET3,1,467.895,1659.395,468.175,1659.675,468.03499999999997,1659.5349999999999,519.29,1725.2549999999999,519.57,1725.5349999999999,519.43,1725.3949999999998,0.28000000000002956,0.2799999999999727,TOP,0.005000000000109139
Cout[11],INOUT,SIGNAL,Cout,11,NO,MET3,1,511.195,1659.395,511.475,1659.675,511.33500000000004,1659.5349999999999,562.59,1725.2549999999999,562.87,1725.5349999999999,562.73,1725.3949999999998,0.28000000000002956,0.2799999999999727,TOP,0.005000000000109139
Cout[12],INOUT,SIGNAL,Cout,12,NO,MET3,1,554.495,1659.395,554.775,1659.675,554.635,1659.5349999999999,605.89,1725.2549999999999,606.17,1725.5349999999999,606.03,1725.3949999999998,0.2799999999999727,0.2799999999999727,TOP,0.005000000000109139
Cout[13],INOUT,SIGNAL,Cout,13,NO,MET3,1,597.795,1659.395,598.075,1659.675,597.935,1659.5349999999999,649.1899999999999,1725.2549999999999,649.47,1725.5349999999999,649.3299999999999,1725.3949999999998,0.2800000000000864,0.2799999999999727,TOP,0.005000000000109139
Cout[14],INOUT,SIGNAL,Cout,14,NO,MET3,1,641.095,1659.395,641.375,1659.675,641.235,1659.5349999999999,692.49,1725.2549999999999,692.77,1725.5349999999999,692.63,1725.3949999999998,0.2799999999999727,0.2799999999999727,TOP,0.005000000000109139
Cout[15],INOUT,SIGNAL,Cout,15,NO,MET3,1,684.395,1659.395,684.675,1659.675,684.535,1659.5349999999999,735.79,1725.2549999999999,736.0699999999999,1725.5349999999999,735.93,1725.3949999999998,0.2799999999999727,0.2799999999999727,TOP,0.005000000000109139
Cout[16],INOUT,SIGNAL,Cout,16,NO,MET3,1,727.695,1659.395,727.975,1659.675,727.835,1659.5349999999999,779.09,1725.2549999999999,779.37,1725.5349999999999,779.23,1725.3949999999998,0.2799999999999727,0.2799999999999727,TOP,0.005000000000109139
Cout[17],INOUT,SIGNAL,Cout,17,NO,MET3,1,770.995,1659.395,771.275,1659.675,771.135,1659.5349999999999,822.39,1725.2549999999999,822.67,1725.5349999999999,822.53,1725.3949999999998,0.2799999999999727,0.2799999999999727,TOP,0.005000000000109139
Cout[18],INOUT,SIGNAL,Cout,18,NO,MET3,1,814.295,1659.395,814.575,1659.675,814.435,1659.5349999999999,865.6899999999999,1725.2549999999999,865.97,1725.5349999999999,865.8299999999999,1725.3949999999998,0.2800000000000864,0.2799999999999727,TOP,0.005000000000109139
Cout[19],INOUT,SIGNAL,Cout,19,NO,MET3,1,857.595,1659.395,857.875,1659.675,857.735,1659.5349999999999,908.99,1725.2549999999999,909.27,1725.5349999999999,909.13,1725.3949999999998,0.2799999999999727,0.2799999999999727,TOP,0.005000000000109139
Cout[20],INOUT,SIGNAL,Cout,20,NO,MET3,1,900.895,1659.395,901.175,1659.675,901.035,1659.5349999999999,952.29,1725.2549999999999,952.5699999999999,1725.5349999999999,952.43,1725.3949999999998,0.2799999999999727,0.2799999999999727,TOP,0.005000000000109139
Cout[21],INOUT,SIGNAL,Cout,21,NO,MET3,1,944.195,1659.395,944.475,1659.675,944.335,1659.5349999999999,995.59,1725.2549999999999,995.87,1725.5349999999999,995.73,1725.3949999999998,0.2799999999999727,0.2799999999999727,TOP,0.005000000000109139
Cout[22],INOUT,SIGNAL,Cout,22,NO,MET3,1,987.495,1659.395,987.775,1659.675,987.635,1659.5349999999999,1038.89,1725.2549999999999,1039.17,1725.5349999999999,1039.03,1725.3949999999998,0.2799999999999727,0.2799999999999727,TOP,0.005000000000109139
Cout[23],INOUT,SIGNAL,Cout,23,NO,MET3,1,1030.795,1659.395,1031.075,1659.675,1030.935,1659.5349999999999,1082.19,1725.2549999999999,1082.47,1725.5349999999999,1082.33,1725.3949999999998,0.2799999999999727,0.2799999999999727,TOP,0.005000000000109139
Cout[24],INOUT,SIGNAL,Cout,24,NO,MET3,1,1074.095,1659.395,1074.375,1659.675,1074.2350000000001,1659.5349999999999,1125.49,1725.2549999999999,1125.77,1725.5349999999999,1125.63,1725.3949999999998,0.2799999999999727,0.2799999999999727,TOP,0.005000000000109139
Cout[25],INOUT,SIGNAL,Cout,25,NO,MET3,1,1117.395,1659.395,1117.675,1659.675,1117.5349999999999,1659.5349999999999,1168.79,1725.2549999999999,1169.07,1725.5349999999999,1168.9299999999998,1725.3949999999998,0.2799999999999727,0.2799999999999727,TOP,0.005000000000109139
Cout[26],INOUT,SIGNAL,Cout,26,NO,MET3,1,1160.695,1659.395,1160.975,1659.675,1160.835,1659.5349999999999,1212.09,1725.2549999999999,1212.37,1725.5349999999999,1212.23,1725.3949999999998,0.2799999999999727,0.2799999999999727,TOP,0.005000000000109139
Cout[27],INOUT,SIGNAL,Cout,27,NO,MET3,1,1203.995,1659.395,1204.275,1659.675,1204.135,1659.5349999999999,1255.3899999999999,1725.2549999999999,1255.67,1725.5349999999999,1255.53,1725.3949999999998,0.2800000000002001,0.2799999999999727,TOP,0.005000000000109139
Cout[28],INOUT,SIGNAL,Cout,28,NO,MET3,1,1247.295,1659.395,1247.575,1659.675,1247.435,1659.5349999999999,1298.69,1725.2549999999999,1298.97,1725.5349999999999,1298.83,1725.3949999999998,0.2799999999999727,0.2799999999999727,TOP,0.005000000000109139
Cout[29],INOUT,SIGNAL,Cout,29,NO,MET3,1,1290.595,1659.395,1290.875,1659.675,1290.7350000000001,1659.5349999999999,1341.99,1725.2549999999999,1342.27,1725.5349999999999,1342.13,1725.3949999999998,0.2799999999999727,0.2799999999999727,TOP,0.005000000000109139
Cout[30],INOUT,SIGNAL,Cout,30,NO,MET3,1,1333.895,1659.395,1334.175,1659.675,1334.0349999999999,1659.5349999999999,1385.29,1725.2549999999999,1385.57,1725.5349999999999,1385.4299999999998,1725.3949999999998,0.2799999999999727,0.2799999999999727,TOP,0.005000000000109139
Cout[31],INOUT,SIGNAL,Cout,31,NO,MET3,1,1377.195,1659.395,1377.475,1659.675,1377.335,1659.5349999999999,1428.59,1725.2549999999999,1428.87,1725.5349999999999,1428.73,1725.3949999999998,0.2799999999999727,0.2799999999999727,TOP,0.005000000000109139
Cout[32],INOUT,SIGNAL,Cout,32,NO,MET3,1,1420.495,1659.395,1420.775,1659.675,1420.635,1659.5349999999999,1471.8899999999999,1725.2549999999999,1472.17,1725.5349999999999,1472.03,1725.3949999999998,0.2800000000002001,0.2799999999999727,TOP,0.005000000000109139
Cout[33],INOUT,SIGNAL,Cout,33,NO,MET3,1,1463.795,1659.395,1464.075,1659.675,1463.935,1659.5349999999999,1515.19,1725.2549999999999,1515.47,1725.5349999999999,1515.33,1725.3949999999998,0.2799999999999727,0.2799999999999727,TOP,0.005000000000109139
Cout[34],INOUT,SIGNAL,Cout,34,NO,MET3,1,1507.095,1659.395,1507.375,1659.675,1507.2350000000001,1659.5349999999999,1558.49,1725.2549999999999,1558.77,1725.5349999999999,1558.63,1725.3949999999998,0.2799999999999727,0.2799999999999727,TOP,0.005000000000109139
Cout[35],INOUT,SIGNAL,Cout,35,NO,MET3,1,1550.395,1659.395,1550.675,1659.675,1550.5349999999999,1659.5349999999999,1601.79,1725.2549999999999,1602.07,1725.5349999999999,1601.9299999999998,1725.3949999999998,0.2799999999999727,0.2799999999999727,TOP,0.005000000000109139
Cout[36],INOUT,SIGNAL,Cout,36,NO,MET3,1,1593.695,1659.395,1593.975,1659.675,1593.835,1659.5349999999999,1645.09,1725.2549999999999,1645.37,1725.5349999999999,1645.23,1725.3949999999998,0.2799999999999727,0.2799999999999727,TOP,0.005000000000109139
Cout[37],INOUT,SIGNAL,Cout,37,NO,MET3,1,1636.995,1659.395,1637.275,1659.675,1637.135,1659.5349999999999,1688.3899999999999,1725.2549999999999,1688.67,1725.5349999999999,1688.53,1725.3949999999998,0.2800000000002001,0.2799999999999727,TOP,0.005000000000109139
Cout[38],INOUT,SIGNAL,Cout,38,NO,MET3,1,1680.295,1659.395,1680.575,1659.675,1680.435,1659.5349999999999,1731.69,1725.2549999999999,1731.97,1725.5349999999999,1731.83,1725.3949999999998,0.2799999999999727,0.2799999999999727,TOP,0.005000000000109139
Cout[39],INOUT,SIGNAL,Cout,39,NO,MET3,1,1723.595,1659.395,1723.875,1659.675,1723.7350000000001,1659.5349999999999,1774.99,1725.2549999999999,1775.27,1725.5349999999999,1775.13,1725.3949999999998,0.2799999999999727,0.2799999999999727,TOP,0.005000000000109139
Cout[40],INOUT,SIGNAL,Cout,40,NO,MET3,1,1766.895,1659.395,1767.175,1659.675,1767.0349999999999,1659.5349999999999,1818.29,1725.2549999999999,1818.57,1725.5349999999999,1818.4299999999998,1725.3949999999998,0.2799999999999727,0.2799999999999727,TOP,0.005000000000109139
Cout[41],INOUT,SIGNAL,Cout,41,NO,MET3,1,1810.195,1659.395,1810.475,1659.675,1810.335,1659.5349999999999,1861.59,1725.2549999999999,1861.87,1725.5349999999999,1861.73,1725.3949999999998,0.2799999999999727,0.2799999999999727,TOP,0.005000000000109139
Cout[42],INOUT,SIGNAL,Cout,42,NO,MET3,1,1853.495,1659.395,1853.775,1659.675,1853.635,1659.5349999999999,1904.8899999999999,1725.2549999999999,1905.17,1725.5349999999999,1905.03,1725.3949999999998,0.2800000000002001,0.2799999999999727,TOP,0.005000000000109139
Cout[43],INOUT,SIGNAL,Cout,43,NO,MET3,1,1896.795,1659.395,1897.075,1659.675,1896.935,1659.5349999999999,1948.19,1725.2549999999999,1948.47,1725.5349999999999,1948.33,1725.3949999999998,0.2799999999999727,0.2799999999999727,TOP,0.005000000000109139
Din[0],INOUT,SIGNAL,Din,0,NO,MET3,1,34.335,-65.855,34.615,-65.575,34.475,-65.715,85.73,0.0049999999999954525,86.01,0.2849999999999966,85.87,0.14499999999999602,0.28000000000000114,0.28000000000000114,BOTTOM,0.0049999999999954525
Din[1],INOUT,SIGNAL,Din,1,NO,MET3,1,77.635,-65.855,77.915,-65.575,77.775,-65.715,129.03,0.0049999999999954525,129.31,0.2849999999999966,129.17000000000002,0.14499999999999602,0.28000000000000114,0.28000000000000114,BOTTOM,0.0049999999999954525
Din[2],INOUT,SIGNAL,Din,2,NO,MET3,1,120.935,-65.855,121.215,-65.575,121.075,-65.715,172.33,0.0049999999999954525,172.61,0.2849999999999966,172.47,0.14499999999999602,0.28000000000000114,0.28000000000000114,BOTTOM,0.0049999999999954525
Din[3],INOUT,SIGNAL,Din,3,NO,MET3,1,164.235,-65.855,164.515,-65.575,164.375,-65.715,215.63000000000002,0.0049999999999954525,215.91,0.2849999999999966,215.77,0.14499999999999602,0.2799999999999727,0.28000000000000114,BOTTOM,0.0049999999999954525
Din[4],INOUT,SIGNAL,Din,4,NO,MET3,1,207.535,-65.855,207.815,-65.575,207.675,-65.715,258.93,0.0049999999999954525,259.21,0.2849999999999966,259.07,0.14499999999999602,0.28000000000000114,0.28000000000000114,BOTTOM,0.0049999999999954525
Din[5],INOUT,SIGNAL,Din,5,NO,MET3,1,250.835,-65.855,251.115,-65.575,250.97500000000002,-65.715,302.23,0.0049999999999954525,302.51,0.2849999999999966,302.37,0.14499999999999602,0.28000000000000114,0.28000000000000114,BOTTOM,0.0049999999999954525
Din[6],INOUT,SIGNAL,Din,6,NO,MET3,1,294.135,-65.855,294.415,-65.575,294.275,-65.715,345.53,0.0049999999999954525,345.81,0.2849999999999966,345.66999999999996,0.14499999999999602,0.28000000000002956,0.28000000000000114,BOTTOM,0.0049999999999954525
Din[7],INOUT,SIGNAL,Din,7,NO,MET3,1,337.435,-65.855,337.715,-65.575,337.575,-65.715,388.83,0.0049999999999954525,389.10999999999996,0.2849999999999966,388.96999999999997,0.14499999999999602,0.2799999999999727,0.28000000000000114,BOTTOM,0.0049999999999954525
Din[8],INOUT,SIGNAL,Din,8,NO,MET3,1,380.735,-65.855,381.015,-65.575,380.875,-65.715,432.13,0.0049999999999954525,432.40999999999997,0.2849999999999966,432.27,0.14499999999999602,0.2799999999999727,0.28000000000000114,BOTTOM,0.0049999999999954525
Din[9],INOUT,SIGNAL,Din,9,NO,MET3,1,424.035,-65.855,424.315,-65.575,424.175,-65.715,475.43,0.0049999999999954525,475.71,0.2849999999999966,475.57,0.14499999999999602,0.2799999999999727,0.28000000000000114,BOTTOM,0.0049999999999954525
Din[10],INOUT,SIGNAL,Din,10,NO,MET3,1,467.335,-65.855,467.615,-65.575,467.475,-65.715,518.73,0.0049999999999954525,519.01,0.2849999999999966,518.87,0.14499999999999602,0.28000000000002956,0.28000000000000114,BOTTOM,0.0049999999999954525
Din[11],INOUT,SIGNAL,Din,11,NO,MET3,1,510.635,-65.855,510.915,-65.575,510.775,-65.715,562.03,0.0049999999999954525,562.3100000000001,0.2849999999999966,562.17,0.14499999999999602,0.28000000000002956,0.28000000000000114,BOTTOM,0.0049999999999954525
Din[12],INOUT,SIGNAL,Din,12,NO,MET3,1,553.935,-65.855,554.215,-65.575,554.075,-65.715,605.3299999999999,0.0049999999999954525,605.61,0.2849999999999966,605.47,0.14499999999999602,0.2800000000000864,0.28000000000000114,BOTTOM,0.0049999999999954525
Din[13],INOUT,SIGNAL,Din,13,NO,MET3,1,597.235,-65.855,597.515,-65.575,597.375,-65.715,648.63,0.0049999999999954525,648.91,0.2849999999999966,648.77,0.14499999999999602,0.2799999999999727,0.28000000000000114,BOTTOM,0.0049999999999954525
Din[14],INOUT,SIGNAL,Din,14,NO,MET3,1,640.535,-65.855,640.815,-65.575,640.675,-65.715,691.93,0.0049999999999954525,692.21,0.2849999999999966,692.0699999999999,0.14499999999999602,0.2800000000000864,0.28000000000000114,BOTTOM,0.0049999999999954525
Din[15],INOUT,SIGNAL,Din,15,NO,MET3,1,683.835,-65.855,684.115,-65.575,683.975,-65.715,735.23,0.0049999999999954525,735.51,0.2849999999999966,735.37,0.14499999999999602,0.2799999999999727,0.28000000000000114,BOTTOM,0.0049999999999954525
Din[16],INOUT,SIGNAL,Din,16,NO,MET3,1,727.135,-65.855,727.415,-65.575,727.275,-65.715,778.53,0.0049999999999954525,778.81,0.2849999999999966,778.67,0.14499999999999602,0.2799999999999727,0.28000000000000114,BOTTOM,0.0049999999999954525
Din[17],INOUT,SIGNAL,Din,17,NO,MET3,1,770.435,-65.855,770.715,-65.575,770.575,-65.715,821.8299999999999,0.0049999999999954525,822.11,0.2849999999999966,821.97,0.14499999999999602,0.2800000000000864,0.28000000000000114,BOTTOM,0.0049999999999954525
Din[18],INOUT,SIGNAL,Din,18,NO,MET3,1,813.735,-65.855,814.015,-65.575,813.875,-65.715,865.13,0.0049999999999954525,865.41,0.2849999999999966,865.27,0.14499999999999602,0.2799999999999727,0.28000000000000114,BOTTOM,0.0049999999999954525
Din[19],INOUT,SIGNAL,Din,19,NO,MET3,1,857.035,-65.855,857.315,-65.575,857.175,-65.715,908.43,0.0049999999999954525,908.71,0.2849999999999966,908.5699999999999,0.14499999999999602,0.2800000000000864,0.28000000000000114,BOTTOM,0.0049999999999954525
Din[20],INOUT,SIGNAL,Din,20,NO,MET3,1,900.335,-65.855,900.615,-65.575,900.475,-65.715,951.73,0.0049999999999954525,952.01,0.2849999999999966,951.87,0.14499999999999602,0.2799999999999727,0.28000000000000114,BOTTOM,0.0049999999999954525
Din[21],INOUT,SIGNAL,Din,21,NO,MET3,1,943.635,-65.855,943.915,-65.575,943.775,-65.715,995.03,0.0049999999999954525,995.31,0.2849999999999966,995.17,0.14499999999999602,0.2799999999999727,0.28000000000000114,BOTTOM,0.0049999999999954525
Din[22],INOUT,SIGNAL,Din,22,NO,MET3,1,986.935,-65.855,987.215,-65.575,987.075,-65.715,1038.33,0.0049999999999954525,1038.6100000000001,0.2849999999999966,1038.47,0.14499999999999602,0.2800000000000864,0.28000000000000114,BOTTOM,0.0049999999999954525
Din[23],INOUT,SIGNAL,Din,23,NO,MET3,1,1030.235,-65.855,1030.515,-65.575,1030.375,-65.715,1081.6299999999999,0.0049999999999954525,1081.91,0.2849999999999966,1081.77,0.14499999999999602,0.2800000000002001,0.28000000000000114,BOTTOM,0.0049999999999954525
Din[24],INOUT,SIGNAL,Din,24,NO,MET3,1,1073.535,-65.855,1073.815,-65.575,1073.6750000000002,-65.715,1124.93,0.0049999999999954525,1125.21,0.2849999999999966,1125.0700000000002,0.14499999999999602,0.2799999999999727,0.28000000000000114,BOTTOM,0.0049999999999954525
Din[25],INOUT,SIGNAL,Din,25,NO,MET3,1,1116.835,-65.855,1117.115,-65.575,1116.975,-65.715,1168.23,0.0049999999999954525,1168.51,0.2849999999999966,1168.37,0.14499999999999602,0.2799999999999727,0.28000000000000114,BOTTOM,0.0049999999999954525
Din[26],INOUT,SIGNAL,Din,26,NO,MET3,1,1160.135,-65.855,1160.415,-65.575,1160.275,-65.715,1211.53,0.0049999999999954525,1211.81,0.2849999999999966,1211.67,0.14499999999999602,0.2799999999999727,0.28000000000000114,BOTTOM,0.0049999999999954525
Din[27],INOUT,SIGNAL,Din,27,NO,MET3,1,1203.435,-65.855,1203.715,-65.575,1203.5749999999998,-65.715,1254.83,0.0049999999999954525,1255.11,0.2849999999999966,1254.9699999999998,0.14499999999999602,0.2799999999999727,0.28000000000000114,BOTTOM,0.0049999999999954525
Din[28],INOUT,SIGNAL,Din,28,NO,MET3,1,1246.735,-65.855,1247.015,-65.575,1246.875,-65.715,1298.1299999999999,0.0049999999999954525,1298.41,0.2849999999999966,1298.27,0.14499999999999602,0.2800000000002001,0.28000000000000114,BOTTOM,0.0049999999999954525
Din[29],INOUT,SIGNAL,Din,29,NO,MET3,1,1290.035,-65.855,1290.315,-65.575,1290.1750000000002,-65.715,1341.43,0.0049999999999954525,1341.71,0.2849999999999966,1341.5700000000002,0.14499999999999602,0.2799999999999727,0.28000000000000114,BOTTOM,0.0049999999999954525
Din[30],INOUT,SIGNAL,Din,30,NO,MET3,1,1333.335,-65.855,1333.615,-65.575,1333.475,-65.715,1384.73,0.0049999999999954525,1385.01,0.2849999999999966,1384.87,0.14499999999999602,0.2799999999999727,0.28000000000000114,BOTTOM,0.0049999999999954525
Din[31],INOUT,SIGNAL,Din,31,NO,MET3,1,1376.635,-65.855,1376.915,-65.575,1376.775,-65.715,1428.03,0.0049999999999954525,1428.31,0.2849999999999966,1428.17,0.14499999999999602,0.2799999999999727,0.28000000000000114,BOTTOM,0.0049999999999954525
Din[32],INOUT,SIGNAL,Din,32,NO,MET3,1,1419.935,-65.855,1420.215,-65.575,1420.0749999999998,-65.715,1471.33,0.0049999999999954525,1471.61,0.2849999999999966,1471.4699999999998,0.14499999999999602,0.2799999999999727,0.28000000000000114,BOTTOM,0.0049999999999954525
Din[33],INOUT,SIGNAL,Din,33,NO,MET3,1,1463.235,-65.855,1463.515,-65.575,1463.375,-65.715,1514.6299999999999,0.0049999999999954525,1514.91,0.2849999999999966,1514.77,0.14499999999999602,0.2800000000002001,0.28000000000000114,BOTTOM,0.0049999999999954525
Din[34],INOUT,SIGNAL,Din,34,NO,MET3,1,1506.535,-65.855,1506.815,-65.575,1506.6750000000002,-65.715,1557.93,0.0049999999999954525,1558.21,0.2849999999999966,1558.0700000000002,0.14499999999999602,0.2799999999999727,0.28000000000000114,BOTTOM,0.0049999999999954525
Din[35],INOUT,SIGNAL,Din,35,NO,MET3,1,1549.835,-65.855,1550.115,-65.575,1549.975,-65.715,1601.23,0.0049999999999954525,1601.51,0.2849999999999966,1601.37,0.14499999999999602,0.2799999999999727,0.28000000000000114,BOTTOM,0.0049999999999954525
Din[36],INOUT,SIGNAL,Din,36,NO,MET3,1,1593.135,-65.855,1593.415,-65.575,1593.275,-65.715,1644.53,0.0049999999999954525,1644.81,0.2849999999999966,1644.67,0.14499999999999602,0.2799999999999727,0.28000000000000114,BOTTOM,0.0049999999999954525
Din[37],INOUT,SIGNAL,Din,37,NO,MET3,1,1636.435,-65.855,1636.715,-65.575,1636.5749999999998,-65.715,1687.83,0.0049999999999954525,1688.11,0.2849999999999966,1687.9699999999998,0.14499999999999602,0.2799999999999727,0.28000000000000114,BOTTOM,0.0049999999999954525
Din[38],INOUT,SIGNAL,Din,38,NO,MET3,1,1679.735,-65.855,1680.015,-65.575,1679.875,-65.715,1731.1299999999999,0.0049999999999954525,1731.41,0.2849999999999966,1731.27,0.14499999999999602,0.2800000000002001,0.28000000000000114,BOTTOM,0.0049999999999954525
Din[39],INOUT,SIGNAL,Din,39,NO,MET3,1,1723.035,-65.855,1723.315,-65.575,1723.1750000000002,-65.715,1774.43,0.0049999999999954525,1774.71,0.2849999999999966,1774.5700000000002,0.14499999999999602,0.2799999999999727,0.28000000000000114,BOTTOM,0.0049999999999954525
Din[40],INOUT,SIGNAL,Din,40,NO,MET3,1,1766.335,-65.855,1766.615,-65.575,1766.475,-65.715,1817.73,0.0049999999999954525,1818.01,0.2849999999999966,1817.87,0.14499999999999602,0.2799999999999727,0.28000000000000114,BOTTOM,0.0049999999999954525
Din[41],INOUT,SIGNAL,Din,41,NO,MET3,1,1809.635,-65.855,1809.915,-65.575,1809.775,-65.715,1861.03,0.0049999999999954525,1861.31,0.2849999999999966,1861.17,0.14499999999999602,0.2799999999999727,0.28000000000000114,BOTTOM,0.0049999999999954525
Din[42],INOUT,SIGNAL,Din,42,NO,MET3,1,1852.935,-65.855,1853.215,-65.575,1853.0749999999998,-65.715,1904.33,0.0049999999999954525,1904.61,0.2849999999999966,1904.4699999999998,0.14499999999999602,0.2799999999999727,0.28000000000000114,BOTTOM,0.0049999999999954525
Din[43],INOUT,SIGNAL,Din,43,NO,MET3,1,1896.235,-65.855,1896.515,-65.575,1896.375,-65.715,1947.6299999999999,0.0049999999999954525,1947.91,0.2849999999999966,1947.77,0.14499999999999602,0.2800000000002001,0.28000000000000114,BOTTOM,0.0049999999999954525
Dout[0],INOUT,SIGNAL,Dout,0,NO,MET3,1,34.335,1659.395,34.615,1659.675,34.475,1659.5349999999999,85.73,1725.2549999999999,86.01,1725.5349999999999,85.87,1725.3949999999998,0.28000000000000114,0.2799999999999727,TOP,0.005000000000109139
Dout[1],INOUT,SIGNAL,Dout,1,NO,MET3,1,77.635,1659.395,77.915,1659.675,77.775,1659.5349999999999,129.03,1725.2549999999999,129.31,1725.5349999999999,129.17000000000002,1725.3949999999998,0.28000000000000114,0.2799999999999727,TOP,0.005000000000109139
Dout[2],INOUT,SIGNAL,Dout,2,NO,MET3,1,120.935,1659.395,121.215,1659.675,121.075,1659.5349999999999,172.33,1725.2549999999999,172.61,1725.5349999999999,172.47,1725.3949999999998,0.28000000000000114,0.2799999999999727,TOP,0.005000000000109139
Dout[3],INOUT,SIGNAL,Dout,3,NO,MET3,1,164.235,1659.395,164.515,1659.675,164.375,1659.5349999999999,215.63000000000002,1725.2549999999999,215.91,1725.5349999999999,215.77,1725.3949999999998,0.2799999999999727,0.2799999999999727,TOP,0.005000000000109139
Dout[4],INOUT,SIGNAL,Dout,4,NO,MET3,1,207.535,1659.395,207.815,1659.675,207.675,1659.5349999999999,258.93,1725.2549999999999,259.21,1725.5349999999999,259.07,1725.3949999999998,0.28000000000000114,0.2799999999999727,TOP,0.005000000000109139
Dout[5],INOUT,SIGNAL,Dout,5,NO,MET3,1,250.835,1659.395,251.115,1659.675,250.97500000000002,1659.5349999999999,302.23,1725.2549999999999,302.51,1725.5349999999999,302.37,1725.3949999999998,0.28000000000000114,0.2799999999999727,TOP,0.005000000000109139
Dout[6],INOUT,SIGNAL,Dout,6,NO,MET3,1,294.135,1659.395,294.415,1659.675,294.275,1659.5349999999999,345.53,1725.2549999999999,345.81,1725.5349999999999,345.66999999999996,1725.3949999999998,0.28000000000002956,0.2799999999999727,TOP,0.005000000000109139
Dout[7],INOUT,SIGNAL,Dout,7,NO,MET3,1,337.435,1659.395,337.715,1659.675,337.575,1659.5349999999999,388.83,1725.2549999999999,389.10999999999996,1725.5349999999999,388.96999999999997,1725.3949999999998,0.2799999999999727,0.2799999999999727,TOP,0.005000000000109139
Dout[8],INOUT,SIGNAL,Dout,8,NO,MET3,1,380.735,1659.395,381.015,1659.675,380.875,1659.5349999999999,432.13,1725.2549999999999,432.40999999999997,1725.5349999999999,432.27,1725.3949999999998,0.2799999999999727,0.2799999999999727,TOP,0.005000000000109139
Dout[9],INOUT,SIGNAL,Dout,9,NO,MET3,1,424.035,1659.395,424.315,1659.675,424.175,1659.5349999999999,475.43,1725.2549999999999,475.71,1725.5349999999999,475.57,1725.3949999999998,0.2799999999999727,0.2799999999999727,TOP,0.005000000000109139
Dout[10],INOUT,SIGNAL,Dout,10,NO,MET3,1,467.335,1659.395,467.615,1659.675,467.475,1659.5349999999999,518.73,1725.2549999999999,519.01,1725.5349999999999,518.87,1725.3949999999998,0.28000000000002956,0.2799999999999727,TOP,0.005000000000109139
Dout[11],INOUT,SIGNAL,Dout,11,NO,MET3,1,510.635,1659.395,510.915,1659.675,510.775,1659.5349999999999,562.03,1725.2549999999999,562.3100000000001,1725.5349999999999,562.17,1725.3949999999998,0.28000000000002956,0.2799999999999727,TOP,0.005000000000109139
Dout[12],INOUT,SIGNAL,Dout,12,NO,MET3,1,553.935,1659.395,554.215,1659.675,554.075,1659.5349999999999,605.3299999999999,1725.2549999999999,605.61,1725.5349999999999,605.47,1725.3949999999998,0.2800000000000864,0.2799999999999727,TOP,0.005000000000109139
Dout[13],INOUT,SIGNAL,Dout,13,NO,MET3,1,597.235,1659.395,597.515,1659.675,597.375,1659.5349999999999,648.63,1725.2549999999999,648.91,1725.5349999999999,648.77,1725.3949999999998,0.2799999999999727,0.2799999999999727,TOP,0.005000000000109139
Dout[14],INOUT,SIGNAL,Dout,14,NO,MET3,1,640.535,1659.395,640.815,1659.675,640.675,1659.5349999999999,691.93,1725.2549999999999,692.21,1725.5349999999999,692.0699999999999,1725.3949999999998,0.2800000000000864,0.2799999999999727,TOP,0.005000000000109139
Dout[15],INOUT,SIGNAL,Dout,15,NO,MET3,1,683.835,1659.395,684.115,1659.675,683.975,1659.5349999999999,735.23,1725.2549999999999,735.51,1725.5349999999999,735.37,1725.3949999999998,0.2799999999999727,0.2799999999999727,TOP,0.005000000000109139
Dout[16],INOUT,SIGNAL,Dout,16,NO,MET3,1,727.135,1659.395,727.415,1659.675,727.275,1659.5349999999999,778.53,1725.2549999999999,778.81,1725.5349999999999,778.67,1725.3949999999998,0.2799999999999727,0.2799999999999727,TOP,0.005000000000109139
Dout[17],INOUT,SIGNAL,Dout,17,NO,MET3,1,770.435,1659.395,770.715,1659.675,770.575,1659.5349999999999,821.8299999999999,1725.2549999999999,822.11,1725.5349999999999,821.97,1725.3949999999998,0.2800000000000864,0.2799999999999727,TOP,0.005000000000109139
Dout[18],INOUT,SIGNAL,Dout,18,NO,MET3,1,813.735,1659.395,814.015,1659.675,813.875,1659.5349999999999,865.13,1725.2549999999999,865.41,1725.5349999999999,865.27,1725.3949999999998,0.2799999999999727,0.2799999999999727,TOP,0.005000000000109139
Dout[19],INOUT,SIGNAL,Dout,19,NO,MET3,1,857.035,1659.395,857.315,1659.675,857.175,1659.5349999999999,908.43,1725.2549999999999,908.71,1725.5349999999999,908.5699999999999,1725.3949999999998,0.2800000000000864,0.2799999999999727,TOP,0.005000000000109139
Dout[20],INOUT,SIGNAL,Dout,20,NO,MET3,1,900.335,1659.395,900.615,1659.675,900.475,1659.5349999999999,951.73,1725.2549999999999,952.01,1725.5349999999999,951.87,1725.3949999999998,0.2799999999999727,0.2799999999999727,TOP,0.005000000000109139
Dout[21],INOUT,SIGNAL,Dout,21,NO,MET3,1,943.635,1659.395,943.915,1659.675,943.775,1659.5349999999999,995.03,1725.2549999999999,995.31,1725.5349999999999,995.17,1725.3949999999998,0.2799999999999727,0.2799999999999727,TOP,0.005000000000109139
Dout[22],INOUT,SIGNAL,Dout,22,NO,MET3,1,986.935,1659.395,987.215,1659.675,987.075,1659.5349999999999,1038.33,1725.2549999999999,1038.6100000000001,1725.5349999999999,1038.47,1725.3949999999998,0.2800000000000864,0.2799999999999727,TOP,0.005000000000109139
Dout[23],INOUT,SIGNAL,Dout,23,NO,MET3,1,1030.235,1659.395,1030.515,1659.675,1030.375,1659.5349999999999,1081.6299999999999,1725.2549999999999,1081.91,1725.5349999999999,1081.77,1725.3949999999998,0.2800000000002001,0.2799999999999727,TOP,0.005000000000109139
Dout[24],INOUT,SIGNAL,Dout,24,NO,MET3,1,1073.535,1659.395,1073.815,1659.675,1073.6750000000002,1659.5349999999999,1124.93,1725.2549999999999,1125.21,1725.5349999999999,1125.0700000000002,1725.3949999999998,0.2799999999999727,0.2799999999999727,TOP,0.005000000000109139
Dout[25],INOUT,SIGNAL,Dout,25,NO,MET3,1,1116.835,1659.395,1117.115,1659.675,1116.975,1659.5349999999999,1168.23,1725.2549999999999,1168.51,1725.5349999999999,1168.37,1725.3949999999998,0.2799999999999727,0.2799999999999727,TOP,0.005000000000109139
Dout[26],INOUT,SIGNAL,Dout,26,NO,MET3,1,1160.135,1659.395,1160.415,1659.675,1160.275,1659.5349999999999,1211.53,1725.2549999999999,1211.81,1725.5349999999999,1211.67,1725.3949999999998,0.2799999999999727,0.2799999999999727,TOP,0.005000000000109139
Dout[27],INOUT,SIGNAL,Dout,27,NO,MET3,1,1203.435,1659.395,1203.715,1659.675,1203.5749999999998,1659.5349999999999,1254.83,1725.2549999999999,1255.11,1725.5349999999999,1254.9699999999998,1725.3949999999998,0.2799999999999727,0.2799999999999727,TOP,0.005000000000109139
Dout[28],INOUT,SIGNAL,Dout,28,NO,MET3,1,1246.735,1659.395,1247.015,1659.675,1246.875,1659.5349999999999,1298.1299999999999,1725.2549999999999,1298.41,1725.5349999999999,1298.27,1725.3949999999998,0.2800000000002001,0.2799999999999727,TOP,0.005000000000109139
Dout[29],INOUT,SIGNAL,Dout,29,NO,MET3,1,1290.035,1659.395,1290.315,1659.675,1290.1750000000002,1659.5349999999999,1341.43,1725.2549999999999,1341.71,1725.5349999999999,1341.5700000000002,1725.3949999999998,0.2799999999999727,0.2799999999999727,TOP,0.005000000000109139
Dout[30],INOUT,SIGNAL,Dout,30,NO,MET3,1,1333.335,1659.395,1333.615,1659.675,1333.475,1659.5349999999999,1384.73,1725.2549999999999,1385.01,1725.5349999999999,1384.87,1725.3949999999998,0.2799999999999727,0.2799999999999727,TOP,0.005000000000109139
Dout[31],INOUT,SIGNAL,Dout,31,NO,MET3,1,1376.635,1659.395,1376.915,1659.675,1376.775,1659.5349999999999,1428.03,1725.2549999999999,1428.31,1725.5349999999999,1428.17,1725.3949999999998,0.2799999999999727,0.2799999999999727,TOP,0.005000000000109139
Dout[32],INOUT,SIGNAL,Dout,32,NO,MET3,1,1419.935,1659.395,1420.215,1659.675,1420.0749999999998,1659.5349999999999,1471.33,1725.2549999999999,1471.61,1725.5349999999999,1471.4699999999998,1725.3949999999998,0.2799999999999727,0.2799999999999727,TOP,0.005000000000109139
Dout[33],INOUT,SIGNAL,Dout,33,NO,MET3,1,1463.235,1659.395,1463.515,1659.675,1463.375,1659.5349999999999,1514.6299999999999,1725.2549999999999,1514.91,1725.5349999999999,1514.77,1725.3949999999998,0.2800000000002001,0.2799999999999727,TOP,0.005000000000109139
Dout[34],INOUT,SIGNAL,Dout,34,NO,MET3,1,1506.535,1659.395,1506.815,1659.675,1506.6750000000002,1659.5349999999999,1557.93,1725.2549999999999,1558.21,1725.5349999999999,1558.0700000000002,1725.3949999999998,0.2799999999999727,0.2799999999999727,TOP,0.005000000000109139
Dout[35],INOUT,SIGNAL,Dout,35,NO,MET3,1,1549.835,1659.395,1550.115,1659.675,1549.975,1659.5349999999999,1601.23,1725.2549999999999,1601.51,1725.5349999999999,1601.37,1725.3949999999998,0.2799999999999727,0.2799999999999727,TOP,0.005000000000109139
Dout[36],INOUT,SIGNAL,Dout,36,NO,MET3,1,1593.135,1659.395,1593.415,1659.675,1593.275,1659.5349999999999,1644.53,1725.2549999999999,1644.81,1725.5349999999999,1644.67,1725.3949999999998,0.2799999999999727,0.2799999999999727,TOP,0.005000000000109139
Dout[37],INOUT,SIGNAL,Dout,37,NO,MET3,1,1636.435,1659.395,1636.715,1659.675,1636.5749999999998,1659.5349999999999,1687.83,1725.2549999999999,1688.11,1725.5349999999999,1687.9699999999998,1725.3949999999998,0.2799999999999727,0.2799999999999727,TOP,0.005000000000109139
Dout[38],INOUT,SIGNAL,Dout,38,NO,MET3,1,1679.735,1659.395,1680.015,1659.675,1679.875,1659.5349999999999,1731.1299999999999,1725.2549999999999,1731.41,1725.5349999999999,1731.27,1725.3949999999998,0.2800000000002001,0.2799999999999727,TOP,0.005000000000109139
Dout[39],INOUT,SIGNAL,Dout,39,NO,MET3,1,1723.035,1659.395,1723.315,1659.675,1723.1750000000002,1659.5349999999999,1774.43,1725.2549999999999,1774.71,1725.5349999999999,1774.5700000000002,1725.3949999999998,0.2799999999999727,0.2799999999999727,TOP,0.005000000000109139
Dout[40],INOUT,SIGNAL,Dout,40,NO,MET3,1,1766.335,1659.395,1766.615,1659.675,1766.475,1659.5349999999999,1817.73,1725.2549999999999,1818.01,1725.5349999999999,1817.87,1725.3949999999998,0.2799999999999727,0.2799999999999727,TOP,0.005000000000109139
Dout[41],INOUT,SIGNAL,Dout,41,NO,MET3,1,1809.635,1659.395,1809.915,1659.675,1809.775,1659.5349999999999,1861.03,1725.2549999999999,1861.31,1725.5349999999999,1861.17,1725.3949999999998,0.2799999999999727,0.2799999999999727,TOP,0.005000000000109139
Dout[42],INOUT,SIGNAL,Dout,42,NO,MET3,1,1852.935,1659.395,1853.215,1659.675,1853.0749999999998,1659.5349999999999,1904.33,1725.2549999999999,1904.61,1725.5349999999999,1904.4699999999998,1725.3949999999998,0.2799999999999727,0.2799999999999727,TOP,0.005000000000109139
Dout[43],INOUT,SIGNAL,Dout,43,NO,MET3,1,1896.235,1659.395,1896.515,1659.675,1896.375,1659.5349999999999,1947.6299999999999,1725.2549999999999,1947.91,1725.5349999999999,1947.77,1725.3949999999998,0.2800000000002001,0.2799999999999727,TOP,0.005000000000109139
DVDD,INOUT,POWER,DVDD,,NO,MET2|MET3,2,-49.605,1656.635,-46.605,1659.675,-48.105,1658.155,1.7900000000000063,1722.495,4.790000000000006,1725.5349999999999,3.2900000000000063,1724.0149999999999,3.0,3.0399999999999636,TOP,0.005000000000109139
R[0],INOUT,SIGNAL,R,0,YES,MET3,1,477.48,1659.395,477.76,1659.675,477.62,1659.5349999999999,528.875,1725.2549999999999,529.155,1725.5349999999999,529.015,1725.3949999999998,0.2799999999999727,0.2799999999999727,TOP,0.005000000000109139
R[1],INOUT,SIGNAL,R,1,YES,MET3,1,520.78,1659.395,521.06,1659.675,520.92,1659.5349999999999,572.175,1725.2549999999999,572.4549999999999,1725.5349999999999,572.3149999999999,1725.3949999999998,0.2799999999999727,0.2799999999999727,TOP,0.005000000000109139
R[2],INOUT,SIGNAL,R,2,YES,MET3,1,549.645,1659.395,549.925,1659.675,549.785,1659.5349999999999,601.04,1725.2549999999999,601.3199999999999,1725.5349999999999,601.18,1725.3949999999998,0.2799999999999727,0.2799999999999727,TOP,0.005000000000109139
R[3],INOUT,SIGNAL,R,3,YES,MET3,1,564.08,1659.395,564.36,1659.675,564.22,1659.5349999999999,615.475,1725.2549999999999,615.755,1725.5349999999999,615.615,1725.3949999999998,0.2799999999999727,0.2799999999999727,TOP,0.005000000000109139
R[4],INOUT,SIGNAL,R,4,YES,MET3,1,607.38,1659.395,607.66,1659.675,607.52,1659.5349999999999,658.775,1725.2549999999999,659.055,1725.5349999999999,658.915,1725.3949999999998,0.2799999999999727,0.2799999999999727,TOP,0.005000000000109139
R[5],INOUT,SIGNAL,R,5,YES,MET3,1,636.245,1659.395,636.525,1659.675,636.385,1659.5349999999999,687.64,1725.2549999999999,687.92,1725.5349999999999,687.78,1725.3949999999998,0.2799999999999727,0.2799999999999727,TOP,0.005000000000109139
R[6],INOUT,SIGNAL,R,6,YES,MET3,1,650.68,1659.395,650.96,1659.675,650.8199999999999,1659.5349999999999,702.0749999999999,1725.2549999999999,702.355,1725.5349999999999,702.2149999999999,1725.3949999999998,0.2800000000000864,0.2799999999999727,TOP,0.005000000000109139
R[7],INOUT,SIGNAL,R,7,YES,MET3,1,693.98,1659.395,694.26,1659.675,694.12,1659.5349999999999,745.375,1725.2549999999999,745.655,1725.5349999999999,745.515,1725.3949999999998,0.2799999999999727,0.2799999999999727,TOP,0.005000000000109139
R[8],INOUT,SIGNAL,R,8,YES,MET3,1,722.845,1659.395,723.125,1659.675,722.985,1659.5349999999999,774.24,1725.2549999999999,774.52,1725.5349999999999,774.38,1725.3949999999998,0.2799999999999727,0.2799999999999727,TOP,0.005000000000109139
R[9],INOUT,SIGNAL,R,9,YES,MET3,1,737.28,1659.395,737.56,1659.675,737.42,1659.5349999999999,788.675,1725.2549999999999,788.9549999999999,1725.5349999999999,788.8149999999999,1725.3949999999998,0.2799999999999727,0.2799999999999727,TOP,0.005000000000109139
R[10],INOUT,SIGNAL,R,10,YES,MET3,1,780.58,1659.395,780.86,1659.675,780.72,1659.5349999999999,831.975,1725.2549999999999,832.255,1725.5349999999999,832.115,1725.3949999999998,0.2799999999999727,0.2799999999999727,TOP,0.005000000000109139
R[11],INOUT,SIGNAL,R,11,YES,MET3,1,809.445,1659.395,809.725,1659.675,809.585,1659.5349999999999,860.84,1725.2549999999999,861.12,1725.5349999999999,860.98,1725.3949999999998,0.2799999999999727,0.2799999999999727,TOP,0.005000000000109139
R[12],INOUT,SIGNAL,R,12,YES,MET3,1,823.88,1659.395,824.16,1659.675,824.02,1659.5349999999999,875.275,1725.2549999999999,875.555,1725.5349999999999,875.415,1725.3949999999998,0.2799999999999727,0.2799999999999727,TOP,0.005000000000109139
R[13],INOUT,SIGNAL,R,13,YES,MET3,1,867.18,1659.395,867.46,1659.675,867.3199999999999,1659.5349999999999,918.5749999999999,1725.2549999999999,918.855,1725.5349999999999,918.7149999999999,1725.3949999999998,0.2800000000000864,0.2799999999999727,TOP,0.005000000000109139
R[14],INOUT,SIGNAL,R,14,YES,MET3,1,896.045,1659.395,896.325,1659.675,896.185,1659.5349999999999,947.4399999999999,1725.2549999999999,947.72,1725.5349999999999,947.5799999999999,1725.3949999999998,0.2800000000000864,0.2799999999999727,TOP,0.005000000000109139
R[15],INOUT,SIGNAL,R,15,YES,MET3,1,910.48,1659.395,910.76,1659.675,910.62,1659.5349999999999,961.875,1725.2549999999999,962.155,1725.5349999999999,962.015,1725.3949999999998,0.2799999999999727,0.2799999999999727,TOP,0.005000000000109139
R[16],INOUT,SIGNAL,R,16,YES,MET3,1,953.78,1659.395,954.06,1659.675,953.92,1659.5349999999999,1005.175,1725.2549999999999,1005.4549999999999,1725.5349999999999,1005.3149999999999,1725.3949999999998,0.2799999999999727,0.2799999999999727,TOP,0.005000000000109139
R[17],INOUT,SIGNAL,R,17,YES,MET3,1,982.645,1659.395,982.925,1659.675,982.785,1659.5349999999999,1034.04,1725.2549999999999,1034.32,1725.5349999999999,1034.18,1725.3949999999998,0.2799999999999727,0.2799999999999727,TOP,0.005000000000109139
R[18],INOUT,SIGNAL,R,18,YES,MET3,1,997.08,1659.395,997.36,1659.675,997.22,1659.5349999999999,1048.4750000000001,1725.2549999999999,1048.755,1725.5349999999999,1048.615,1725.3949999999998,0.2799999999999727,0.2799999999999727,TOP,0.005000000000109139
R[19],INOUT,SIGNAL,R,19,YES,MET3,1,1040.38,1659.395,1040.66,1659.675,1040.52,1659.5349999999999,1091.775,1725.2549999999999,1092.055,1725.5349999999999,1091.915,1725.3949999999998,0.2799999999999727,0.2799999999999727,TOP,0.005000000000109139
R[20],INOUT,SIGNAL,R,20,YES,MET3,1,1069.245,1659.395,1069.525,1659.675,1069.385,1659.5349999999999,1120.6399999999999,1725.2549999999999,1120.92,1725.5349999999999,1120.78,1725.3949999999998,0.2800000000002001,0.2799999999999727,TOP,0.005000000000109139
R[21],INOUT,SIGNAL,R,21,YES,MET3,1,1083.68,1659.395,1083.96,1659.675,1083.8200000000002,1659.5349999999999,1135.075,1725.2549999999999,1135.355,1725.5349999999999,1135.2150000000001,1725.3949999999998,0.2799999999999727,0.2799999999999727,TOP,0.005000000000109139
R[22],INOUT,SIGNAL,R,22,YES,MET3,1,1126.98,1659.395,1127.26,1659.675,1127.12,1659.5349999999999,1178.375,1725.2549999999999,1178.655,1725.5349999999999,1178.5149999999999,1725.3949999999998,0.2799999999999727,0.2799999999999727,TOP,0.005000000000109139
R[23],INOUT,SIGNAL,R,23,YES,MET3,1,1155.845,1659.395,1156.125,1659.675,1155.9850000000001,1659.5349999999999,1207.24,1725.2549999999999,1207.52,1725.5349999999999,1207.38,1725.3949999999998,0.2799999999999727,0.2799999999999727,TOP,0.005000000000109139
R[24],INOUT,SIGNAL,R,24,YES,MET3,1,1170.28,1659.395,1170.56,1659.675,1170.42,1659.5349999999999,1221.675,1725.2549999999999,1221.955,1725.5349999999999,1221.815,1725.3949999999998,0.2799999999999727,0.2799999999999727,TOP,0.005000000000109139
R[25],INOUT,SIGNAL,R,25,YES,MET3,1,1213.58,1659.395,1213.86,1659.675,1213.7199999999998,1659.5349999999999,1264.975,1725.2549999999999,1265.2549999999999,1725.5349999999999,1265.1149999999998,1725.3949999999998,0.2799999999999727,0.2799999999999727,TOP,0.005000000000109139
R[26],INOUT,SIGNAL,R,26,YES,MET3,1,1242.445,1659.395,1242.725,1659.675,1242.585,1659.5349999999999,1293.84,1725.2549999999999,1294.12,1725.5349999999999,1293.98,1725.3949999999998,0.2799999999999727,0.2799999999999727,TOP,0.005000000000109139
R[27],INOUT,SIGNAL,R,27,YES,MET3,1,1256.88,1659.395,1257.16,1659.675,1257.02,1659.5349999999999,1308.275,1725.2549999999999,1308.555,1725.5349999999999,1308.415,1725.3949999999998,0.2799999999999727,0.2799999999999727,TOP,0.005000000000109139
R[28],INOUT,SIGNAL,R,28,YES,MET3,1,1300.18,1659.395,1300.46,1659.675,1300.3200000000002,1659.5349999999999,1351.575,1725.2549999999999,1351.855,1725.5349999999999,1351.7150000000001,1725.3949999999998,0.2799999999999727,0.2799999999999727,TOP,0.005000000000109139
R[29],INOUT,SIGNAL,R,29,YES,MET3,1,1329.045,1659.395,1329.325,1659.675,1329.185,1659.5349999999999,1380.44,1725.2549999999999,1380.72,1725.5349999999999,1380.58,1725.3949999999998,0.2799999999999727,0.2799999999999727,TOP,0.005000000000109139
R[30],INOUT,SIGNAL,R,30,YES,MET3,1,1343.48,1659.395,1343.76,1659.675,1343.62,1659.5349999999999,1394.875,1725.2549999999999,1395.155,1725.5349999999999,1395.0149999999999,1725.3949999999998,0.2799999999999727,0.2799999999999727,TOP,0.005000000000109139
R[31],INOUT,SIGNAL,R,31,YES,MET3,1,1386.78,1659.395,1387.06,1659.675,1386.92,1659.5349999999999,1438.175,1725.2549999999999,1438.455,1725.5349999999999,1438.315,1725.3949999999998,0.2799999999999727,0.2799999999999727,TOP,0.005000000000109139
R[32],INOUT,SIGNAL,R,32,YES,MET3,1,1415.645,1659.395,1415.925,1659.675,1415.7849999999999,1659.5349999999999,1467.04,1725.2549999999999,1467.32,1725.5349999999999,1467.1799999999998,1725.3949999999998,0.2799999999999727,0.2799999999999727,TOP,0.005000000000109139
R[33],INOUT,SIGNAL,R,33,YES,MET3,1,1430.08,1659.395,1430.36,1659.675,1430.2199999999998,1659.5349999999999,1481.475,1725.2549999999999,1481.7549999999999,1725.5349999999999,1481.6149999999998,1725.3949999999998,0.2799999999999727,0.2799999999999727,TOP,0.005000000000109139
R[34],INOUT,SIGNAL,R,34,YES,MET3,1,1473.38,1659.395,1473.66,1659.675,1473.52,1659.5349999999999,1524.775,1725.2549999999999,1525.055,1725.5349999999999,1524.915,1725.3949999999998,0.2799999999999727,0.2799999999999727,TOP,0.005000000000109139
R[35],INOUT,SIGNAL,R,35,YES,MET3,1,1502.245,1659.395,1502.525,1659.675,1502.385,1659.5349999999999,1553.6399999999999,1725.2549999999999,1553.92,1725.5349999999999,1553.78,1725.3949999999998,0.2800000000002001,0.2799999999999727,TOP,0.005000000000109139
R[36],INOUT,SIGNAL,R,36,YES,MET3,1,1516.68,1659.395,1516.96,1659.675,1516.8200000000002,1659.5349999999999,1568.075,1725.2549999999999,1568.355,1725.5349999999999,1568.2150000000001,1725.3949999999998,0.2799999999999727,0.2799999999999727,TOP,0.005000000000109139
R[37],INOUT,SIGNAL,R,37,YES,MET3,1,1559.98,1659.395,1560.26,1659.675,1560.12,1659.5349999999999,1611.375,1725.2549999999999,1611.655,1725.5349999999999,1611.5149999999999,1725.3949999999998,0.2799999999999727,0.2799999999999727,TOP,0.005000000000109139
R[38],INOUT,SIGNAL,R,38,YES,MET3,1,1588.845,1659.395,1589.125,1659.675,1588.9850000000001,1659.5349999999999,1640.24,1725.2549999999999,1640.52,1725.5349999999999,1640.38,1725.3949999999998,0.2799999999999727,0.2799999999999727,TOP,0.005000000000109139
R[39],INOUT,SIGNAL,R,39,YES,MET3,1,1603.28,1659.395,1603.56,1659.675,1603.42,1659.5349999999999,1654.675,1725.2549999999999,1654.955,1725.5349999999999,1654.815,1725.3949999999998,0.2799999999999727,0.2799999999999727,TOP,0.005000000000109139
R[40],INOUT,SIGNAL,R,40,YES,MET3,1,1646.58,1659.395,1646.86,1659.675,1646.7199999999998,1659.5349999999999,1697.975,1725.2549999999999,1698.2549999999999,1725.5349999999999,1698.1149999999998,1725.3949999999998,0.2799999999999727,0.2799999999999727,TOP,0.005000000000109139
R[41],INOUT,SIGNAL,R,41,YES,MET3,1,1675.445,1659.395,1675.725,1659.675,1675.585,1659.5349999999999,1726.84,1725.2549999999999,1727.12,1725.5349999999999,1726.98,1725.3949999999998,0.2799999999999727,0.2799999999999727,TOP,0.005000000000109139
R[42],INOUT,SIGNAL,R,42,YES,MET3,1,1689.88,1659.395,1690.16,1659.675,1690.02,1659.5349999999999,1741.275,1725.2549999999999,1741.555,1725.5349999999999,1741.415,1725.3949999999998,0.2799999999999727,0.2799999999999727,TOP,0.005000000000109139
R[43],INOUT,SIGNAL,R,43,YES,MET3,1,1733.18,1659.395,1733.46,1659.675,1733.3200000000002,1659.5349999999999,1784.575,1725.2549999999999,1784.855,1725.5349999999999,1784.7150000000001,1725.3949999999998,0.2799999999999727,0.2799999999999727,TOP,0.005000000000109139
R[44],INOUT,SIGNAL,R,44,YES,MET3,1,1762.045,1659.395,1762.325,1659.675,1762.185,1659.5349999999999,1813.44,1725.2549999999999,1813.72,1725.5349999999999,1813.58,1725.3949999999998,0.2799999999999727,0.2799999999999727,TOP,0.005000000000109139
R[45],INOUT,SIGNAL,R,45,YES,MET3,1,1776.48,1659.395,1776.76,1659.675,1776.62,1659.5349999999999,1827.875,1725.2549999999999,1828.155,1725.5349999999999,1828.0149999999999,1725.3949999999998,0.2799999999999727,0.2799999999999727,TOP,0.005000000000109139
R[46],INOUT,SIGNAL,R,46,YES,MET3,1,1819.78,1659.395,1820.06,1659.675,1819.92,1659.5349999999999,1871.175,1725.2549999999999,1871.455,1725.5349999999999,1871.315,1725.3949999999998,0.2799999999999727,0.2799999999999727,TOP,0.005000000000109139
R[47],INOUT,SIGNAL,R,47,YES,MET3,1,1848.645,1659.395,1848.925,1659.675,1848.7849999999999,1659.5349999999999,1900.04,1725.2549999999999,1900.32,1725.5349999999999,1900.1799999999998,1725.3949999999998,0.2799999999999727,0.2799999999999727,TOP,0.005000000000109139
R[48],INOUT,SIGNAL,R,48,YES,MET3,1,1863.08,1659.395,1863.36,1659.675,1863.2199999999998,1659.5349999999999,1914.475,1725.2549999999999,1914.7549999999999,1725.5349999999999,1914.6149999999998,1725.3949999999998,0.2799999999999727,0.2799999999999727,TOP,0.005000000000109139
R[49],INOUT,SIGNAL,R,49,YES,MET3,1,1906.38,1659.395,1906.66,1659.675,1906.52,1659.5349999999999,1957.775,1725.2549999999999,1958.055,1725.5349999999999,1957.915,1725.3949999999998,0.2799999999999727,0.2799999999999727,TOP,0.005000000000109139
R[50],INOUT,SIGNAL,R,50,YES,MET2,1,1940.076,1573.515,1940.365,1573.795,1940.2205,1573.6550000000002,1991.471,1639.375,1991.76,1639.655,1991.6154999999999,1639.515,0.28899999999998727,0.2799999999999727,INTERNAL_NEAREST_RIGHT,8.150000000000091
R[51],INOUT,SIGNAL,R,51,YES,MET2,1,1940.076,1523.515,1940.365,1523.795,1940.2205,1523.6550000000002,1991.471,1589.375,1991.76,1589.655,1991.6154999999999,1589.515,0.28899999999998727,0.2799999999999727,INTERNAL_NEAREST_RIGHT,8.150000000000091
R[52],INOUT,SIGNAL,R,52,YES,MET2,1,1940.076,1473.515,1940.365,1473.795,1940.2205,1473.6550000000002,1991.471,1539.375,1991.76,1539.655,1991.6154999999999,1539.515,0.28899999999998727,0.2799999999999727,INTERNAL_NEAREST_RIGHT,8.150000000000091
R[53],INOUT,SIGNAL,R,53,YES,MET2,1,1940.076,1423.515,1940.365,1423.795,1940.2205,1423.6550000000002,1991.471,1489.375,1991.76,1489.655,1991.6154999999999,1489.515,0.28899999999998727,0.2799999999999727,INTERNAL_NEAREST_RIGHT,8.150000000000091
R[54],INOUT,SIGNAL,R,54,YES,MET2,1,1940.076,1373.515,1940.365,1373.795,1940.2205,1373.6550000000002,1991.471,1439.375,1991.76,1439.655,1991.6154999999999,1439.515,0.28899999999998727,0.2799999999999727,INTERNAL_NEAREST_RIGHT,8.150000000000091
R[55],INOUT,SIGNAL,R,55,YES,MET2,1,1940.076,1323.515,1940.365,1323.795,1940.2205,1323.6550000000002,1991.471,1389.375,1991.76,1389.655,1991.6154999999999,1389.515,0.28899999999998727,0.2799999999999727,INTERNAL_NEAREST_RIGHT,8.150000000000091
R[56],INOUT,SIGNAL,R,56,YES,MET2,1,1940.076,1273.515,1940.365,1273.795,1940.2205,1273.6550000000002,1991.471,1339.375,1991.76,1339.655,1991.6154999999999,1339.515,0.28899999999998727,0.2799999999999727,INTERNAL_NEAREST_RIGHT,8.150000000000091
R[57],INOUT,SIGNAL,R,57,YES,MET2,1,1940.076,1223.515,1940.365,1223.795,1940.2205,1223.6550000000002,1991.471,1289.375,1991.76,1289.655,1991.6154999999999,1289.515,0.28899999999998727,0.2799999999999727,INTERNAL_NEAREST_RIGHT,8.150000000000091
R[58],INOUT,SIGNAL,R,58,YES,MET2,1,1940.076,1173.515,1940.365,1173.795,1940.2205,1173.6550000000002,1991.471,1239.375,1991.76,1239.655,1991.6154999999999,1239.515,0.28899999999998727,0.2799999999999727,INTERNAL_NEAREST_RIGHT,8.150000000000091
R[59],INOUT,SIGNAL,R,59,YES,MET2,1,1940.076,1123.515,1940.365,1123.795,1940.2205,1123.6550000000002,1991.471,1189.375,1991.76,1189.655,1991.6154999999999,1189.515,0.28899999999998727,0.2799999999999727,INTERNAL_NEAREST_RIGHT,8.150000000000091
R[60],INOUT,SIGNAL,R,60,YES,MET2,1,1940.076,1073.515,1940.365,1073.795,1940.2205,1073.6550000000002,1991.471,1139.375,1991.76,1139.655,1991.6154999999999,1139.515,0.28899999999998727,0.2799999999999727,INTERNAL_NEAREST_RIGHT,8.150000000000091
R[61],INOUT,SIGNAL,R,61,YES,MET2,1,1940.076,1023.515,1940.365,1023.795,1940.2205,1023.655,1991.471,1089.375,1991.76,1089.655,1991.6154999999999,1089.5149999999999,0.28899999999998727,0.2799999999999727,INTERNAL_NEAREST_RIGHT,8.150000000000091
R[62],INOUT,SIGNAL,R,62,YES,MET2,1,1940.076,973.515,1940.365,973.795,1940.2205,973.655,1991.471,1039.375,1991.76,1039.655,1991.6154999999999,1039.5149999999999,0.28899999999998727,0.2799999999999727,INTERNAL_NEAREST_RIGHT,8.150000000000091
R[63],INOUT,SIGNAL,R,63,YES,MET2,1,1940.076,923.515,1940.365,923.795,1940.2205,923.655,1991.471,989.375,1991.76,989.655,1991.6154999999999,989.515,0.28899999999998727,0.2799999999999727,INTERNAL_NEAREST_RIGHT,8.150000000000091
Rz[0],INOUT,SIGNAL,Rz,0,YES,MET3,1,478.04,1659.395,478.32,1659.675,478.18,1659.5349999999999,529.4350000000001,1725.2549999999999,529.715,1725.5349999999999,529.575,1725.3949999999998,0.2799999999999727,0.2799999999999727,TOP,0.005000000000109139
Rz[1],INOUT,SIGNAL,Rz,1,YES,MET3,1,521.34,1659.395,521.62,1659.675,521.48,1659.5349999999999,572.735,1725.2549999999999,573.015,1725.5349999999999,572.875,1725.3949999999998,0.2799999999999727,0.2799999999999727,TOP,0.005000000000109139
Rz[2],INOUT,SIGNAL,Rz,2,YES,MET3,1,550.205,1659.395,550.485,1659.675,550.345,1659.5349999999999,601.6,1725.2549999999999,601.88,1725.5349999999999,601.74,1725.3949999999998,0.2799999999999727,0.2799999999999727,TOP,0.005000000000109139
Rz[3],INOUT,SIGNAL,Rz,3,YES,MET3,1,564.64,1659.395,564.92,1659.675,564.78,1659.5349999999999,616.035,1725.2549999999999,616.3149999999999,1725.5349999999999,616.175,1725.3949999999998,0.2799999999999727,0.2799999999999727,TOP,0.005000000000109139
Rz[4],INOUT,SIGNAL,Rz,4,YES,MET3,1,607.94,1659.395,608.22,1659.675,608.08,1659.5349999999999,659.335,1725.2549999999999,659.615,1725.5349999999999,659.475,1725.3949999999998,0.2799999999999727,0.2799999999999727,TOP,0.005000000000109139
Rz[5],INOUT,SIGNAL,Rz,5,YES,MET3,1,636.805,1659.395,637.085,1659.675,636.9449999999999,1659.5349999999999,688.1999999999999,1725.2549999999999,688.48,1725.5349999999999,688.3399999999999,1725.3949999999998,0.2800000000000864,0.2799999999999727,TOP,0.005000000000109139
Rz[6],INOUT,SIGNAL,Rz,6,YES,MET3,1,651.24,1659.395,651.52,1659.675,651.38,1659.5349999999999,702.635,1725.2549999999999,702.915,1725.5349999999999,702.775,1725.3949999999998,0.2799999999999727,0.2799999999999727,TOP,0.005000000000109139
Rz[7],INOUT,SIGNAL,Rz,7,YES,MET3,1,694.54,1659.395,694.82,1659.675,694.6800000000001,1659.5349999999999,745.935,1725.2549999999999,746.215,1725.5349999999999,746.075,1725.3949999999998,0.2800000000000864,0.2799999999999727,TOP,0.005000000000109139
Rz[8],INOUT,SIGNAL,Rz,8,YES,MET3,1,723.405,1659.395,723.685,1659.675,723.545,1659.5349999999999,774.8,1725.2549999999999,775.0799999999999,1725.5349999999999,774.9399999999999,1725.3949999999998,0.2799999999999727,0.2799999999999727,TOP,0.005000000000109139
Rz[9],INOUT,SIGNAL,Rz,9,YES,MET3,1,737.84,1659.395,738.12,1659.675,737.98,1659.5349999999999,789.235,1725.2549999999999,789.515,1725.5349999999999,789.375,1725.3949999999998,0.2799999999999727,0.2799999999999727,TOP,0.005000000000109139
Rz[10],INOUT,SIGNAL,Rz,10,YES,MET3,1,781.14,1659.395,781.42,1659.675,781.28,1659.5349999999999,832.535,1725.2549999999999,832.8149999999999,1725.5349999999999,832.675,1725.3949999999998,0.2799999999999727,0.2799999999999727,TOP,0.005000000000109139
Rz[11],INOUT,SIGNAL,Rz,11,YES,MET3,1,810.005,1659.395,810.285,1659.675,810.145,1659.5349999999999,861.4,1725.2549999999999,861.68,1725.5349999999999,861.54,1725.3949999999998,0.2799999999999727,0.2799999999999727,TOP,0.005000000000109139
Rz[12],INOUT,SIGNAL,Rz,12,YES,MET3,1,824.44,1659.395,824.72,1659.675,824.58,1659.5349999999999,875.835,1725.2549999999999,876.115,1725.5349999999999,875.975,1725.3949999999998,0.2799999999999727,0.2799999999999727,TOP,0.005000000000109139
Rz[13],INOUT,SIGNAL,Rz,13,YES,MET3,1,867.74,1659.395,868.02,1659.675,867.88,1659.5349999999999,919.135,1725.2549999999999,919.415,1725.5349999999999,919.275,1725.3949999999998,0.2799999999999727,0.2799999999999727,TOP,0.005000000000109139
Rz[14],INOUT,SIGNAL,Rz,14,YES,MET3,1,896.605,1659.395,896.885,1659.675,896.745,1659.5349999999999,948.0,1725.2549999999999,948.28,1725.5349999999999,948.14,1725.3949999999998,0.2799999999999727,0.2799999999999727,TOP,0.005000000000109139
Rz[15],INOUT,SIGNAL,Rz,15,YES,MET3,1,911.04,1659.395,911.32,1659.675,911.1800000000001,1659.5349999999999,962.435,1725.2549999999999,962.715,1725.5349999999999,962.575,1725.3949999999998,0.2800000000000864,0.2799999999999727,TOP,0.005000000000109139
Rz[16],INOUT,SIGNAL,Rz,16,YES,MET3,1,954.34,1659.395,954.62,1659.675,954.48,1659.5349999999999,1005.735,1725.2549999999999,1006.015,1725.5349999999999,1005.875,1725.3949999999998,0.2799999999999727,0.2799999999999727,TOP,0.005000000000109139
Rz[17],INOUT,SIGNAL,Rz,17,YES,MET3,1,983.205,1659.395,983.485,1659.675,983.345,1659.5349999999999,1034.6000000000001,1725.2549999999999,1034.88,1725.5349999999999,1034.74,1725.3949999999998,0.2799999999999727,0.2799999999999727,TOP,0.005000000000109139
Rz[18],INOUT,SIGNAL,Rz,18,YES,MET3,1,997.64,1659.395,997.92,1659.675,997.78,1659.5349999999999,1049.035,1725.2549999999999,1049.315,1725.5349999999999,1049.175,1725.3949999999998,0.2799999999999727,0.2799999999999727,TOP,0.005000000000109139
Rz[19],INOUT,SIGNAL,Rz,19,YES,MET3,1,1040.94,1659.395,1041.22,1659.675,1041.08,1659.5349999999999,1092.335,1725.2549999999999,1092.615,1725.5349999999999,1092.475,1725.3949999999998,0.2799999999999727,0.2799999999999727,TOP,0.005000000000109139
Rz[20],INOUT,SIGNAL,Rz,20,YES,MET3,1,1069.805,1659.395,1070.085,1659.675,1069.9450000000002,1659.5349999999999,1121.2,1725.2549999999999,1121.48,1725.5349999999999,1121.3400000000001,1725.3949999999998,0.2799999999999727,0.2799999999999727,TOP,0.005000000000109139
Rz[21],INOUT,SIGNAL,Rz,21,YES,MET3,1,1084.24,1659.395,1084.52,1659.675,1084.38,1659.5349999999999,1135.635,1725.2549999999999,1135.915,1725.5349999999999,1135.775,1725.3949999999998,0.2799999999999727,0.2799999999999727,TOP,0.005000000000109139
Rz[22],INOUT,SIGNAL,Rz,22,YES,MET3,1,1127.54,1659.395,1127.82,1659.675,1127.6799999999998,1659.5349999999999,1178.935,1725.2549999999999,1179.215,1725.5349999999999,1179.0749999999998,1725.3949999999998,0.2799999999999727,0.2799999999999727,TOP,0.005000000000109139
Rz[23],INOUT,SIGNAL,Rz,23,YES,MET3,1,1156.405,1659.395,1156.685,1659.675,1156.545,1659.5349999999999,1207.8,1725.2549999999999,1208.08,1725.5349999999999,1207.94,1725.3949999999998,0.2799999999999727,0.2799999999999727,TOP,0.005000000000109139
Rz[24],INOUT,SIGNAL,Rz,24,YES,MET3,1,1170.84,1659.395,1171.12,1659.675,1170.98,1659.5349999999999,1222.235,1725.2549999999999,1222.5149999999999,1725.5349999999999,1222.375,1725.3949999999998,0.2799999999999727,0.2799999999999727,TOP,0.005000000000109139
Rz[25],INOUT,SIGNAL,Rz,25,YES,MET3,1,1214.14,1659.395,1214.42,1659.675,1214.2800000000002,1659.5349999999999,1265.535,1725.2549999999999,1265.815,1725.5349999999999,1265.6750000000002,1725.3949999999998,0.2799999999999727,0.2799999999999727,TOP,0.005000000000109139
Rz[26],INOUT,SIGNAL,Rz,26,YES,MET3,1,1243.005,1659.395,1243.285,1659.675,1243.145,1659.5349999999999,1294.4,1725.2549999999999,1294.68,1725.5349999999999,1294.54,1725.3949999999998,0.2799999999999727,0.2799999999999727,TOP,0.005000000000109139
Rz[27],INOUT,SIGNAL,Rz,27,YES,MET3,1,1257.44,1659.395,1257.72,1659.675,1257.58,1659.5349999999999,1308.835,1725.2549999999999,1309.115,1725.5349999999999,1308.975,1725.3949999999998,0.2799999999999727,0.2799999999999727,TOP,0.005000000000109139
Rz[28],INOUT,SIGNAL,Rz,28,YES,MET3,1,1300.74,1659.395,1301.02,1659.675,1300.88,1659.5349999999999,1352.135,1725.2549999999999,1352.415,1725.5349999999999,1352.275,1725.3949999999998,0.2799999999999727,0.2799999999999727,TOP,0.005000000000109139
Rz[29],INOUT,SIGNAL,Rz,29,YES,MET3,1,1329.605,1659.395,1329.885,1659.675,1329.745,1659.5349999999999,1381.0,1725.2549999999999,1381.28,1725.5349999999999,1381.1399999999999,1725.3949999999998,0.2799999999999727,0.2799999999999727,TOP,0.005000000000109139
Rz[30],INOUT,SIGNAL,Rz,30,YES,MET3,1,1344.04,1659.395,1344.32,1659.675,1344.1799999999998,1659.5349999999999,1395.435,1725.2549999999999,1395.715,1725.5349999999999,1395.5749999999998,1725.3949999999998,0.2799999999999727,0.2799999999999727,TOP,0.005000000000109139
Rz[31],INOUT,SIGNAL,Rz,31,YES,MET3,1,1387.34,1659.395,1387.62,1659.675,1387.48,1659.5349999999999,1438.735,1725.2549999999999,1439.0149999999999,1725.5349999999999,1438.875,1725.3949999999998,0.2799999999999727,0.2799999999999727,TOP,0.005000000000109139
Rz[32],INOUT,SIGNAL,Rz,32,YES,MET3,1,1416.205,1659.395,1416.485,1659.675,1416.3449999999998,1659.5349999999999,1467.6,1725.2549999999999,1467.8799999999999,1725.5349999999999,1467.7399999999998,1725.3949999999998,0.2799999999999727,0.2799999999999727,TOP,0.005000000000109139
Rz[33],INOUT,SIGNAL,Rz,33,YES,MET3,1,1430.64,1659.395,1430.92,1659.675,1430.7800000000002,1659.5349999999999,1482.035,1725.2549999999999,1482.315,1725.5349999999999,1482.1750000000002,1725.3949999999998,0.2799999999999727,0.2799999999999727,TOP,0.005000000000109139
Rz[34],INOUT,SIGNAL,Rz,34,YES,MET3,1,1473.94,1659.395,1474.22,1659.675,1474.08,1659.5349999999999,1525.335,1725.2549999999999,1525.615,1725.5349999999999,1525.475,1725.3949999999998,0.2799999999999727,0.2799999999999727,TOP,0.005000000000109139
Rz[35],INOUT,SIGNAL,Rz,35,YES,MET3,1,1502.805,1659.395,1503.085,1659.675,1502.9450000000002,1659.5349999999999,1554.2,1725.2549999999999,1554.48,1725.5349999999999,1554.3400000000001,1725.3949999999998,0.2799999999999727,0.2799999999999727,TOP,0.005000000000109139
Rz[36],INOUT,SIGNAL,Rz,36,YES,MET3,1,1517.24,1659.395,1517.52,1659.675,1517.38,1659.5349999999999,1568.635,1725.2549999999999,1568.915,1725.5349999999999,1568.775,1725.3949999999998,0.2799999999999727,0.2799999999999727,TOP,0.005000000000109139
Rz[37],INOUT,SIGNAL,Rz,37,YES,MET3,1,1560.54,1659.395,1560.82,1659.675,1560.6799999999998,1659.5349999999999,1611.935,1725.2549999999999,1612.215,1725.5349999999999,1612.0749999999998,1725.3949999999998,0.2799999999999727,0.2799999999999727,TOP,0.005000000000109139
Rz[38],INOUT,SIGNAL,Rz,38,YES,MET3,1,1589.405,1659.395,1589.685,1659.675,1589.545,1659.5349999999999,1640.8,1725.2549999999999,1641.08,1725.5349999999999,1640.94,1725.3949999999998,0.2799999999999727,0.2799999999999727,TOP,0.005000000000109139
Rz[39],INOUT,SIGNAL,Rz,39,YES,MET3,1,1603.84,1659.395,1604.12,1659.675,1603.98,1659.5349999999999,1655.235,1725.2549999999999,1655.5149999999999,1725.5349999999999,1655.375,1725.3949999999998,0.2799999999999727,0.2799999999999727,TOP,0.005000000000109139
Rz[40],INOUT,SIGNAL,Rz,40,YES,MET3,1,1647.14,1659.395,1647.42,1659.675,1647.2800000000002,1659.5349999999999,1698.535,1725.2549999999999,1698.815,1725.5349999999999,1698.6750000000002,1725.3949999999998,0.2799999999999727,0.2799999999999727,TOP,0.005000000000109139
Rz[41],INOUT,SIGNAL,Rz,41,YES,MET3,1,1676.005,1659.395,1676.285,1659.675,1676.145,1659.5349999999999,1727.4,1725.2549999999999,1727.68,1725.5349999999999,1727.54,1725.3949999999998,0.2799999999999727,0.2799999999999727,TOP,0.005000000000109139
Rz[42],INOUT,SIGNAL,Rz,42,YES,MET3,1,1690.44,1659.395,1690.72,1659.675,1690.58,1659.5349999999999,1741.835,1725.2549999999999,1742.115,1725.5349999999999,1741.975,1725.3949999999998,0.2799999999999727,0.2799999999999727,TOP,0.005000000000109139
Rz[43],INOUT,SIGNAL,Rz,43,YES,MET3,1,1733.74,1659.395,1734.02,1659.675,1733.88,1659.5349999999999,1785.135,1725.2549999999999,1785.415,1725.5349999999999,1785.275,1725.3949999999998,0.2799999999999727,0.2799999999999727,TOP,0.005000000000109139
Rz[44],INOUT,SIGNAL,Rz,44,YES,MET3,1,1762.605,1659.395,1762.885,1659.675,1762.745,1659.5349999999999,1814.0,1725.2549999999999,1814.28,1725.5349999999999,1814.1399999999999,1725.3949999999998,0.2799999999999727,0.2799999999999727,TOP,0.005000000000109139
Rz[45],INOUT,SIGNAL,Rz,45,YES,MET3,1,1777.04,1659.395,1777.32,1659.675,1777.1799999999998,1659.5349999999999,1828.435,1725.2549999999999,1828.715,1725.5349999999999,1828.5749999999998,1725.3949999999998,0.2799999999999727,0.2799999999999727,TOP,0.005000000000109139
Rz[46],INOUT,SIGNAL,Rz,46,YES,MET3,1,1820.34,1659.395,1820.62,1659.675,1820.48,1659.5349999999999,1871.735,1725.2549999999999,1872.0149999999999,1725.5349999999999,1871.875,1725.3949999999998,0.2799999999999727,0.2799999999999727,TOP,0.005000000000109139
Rz[47],INOUT,SIGNAL,Rz,47,YES,MET3,1,1849.205,1659.395,1849.485,1659.675,1849.3449999999998,1659.5349999999999,1900.6,1725.2549999999999,1900.8799999999999,1725.5349999999999,1900.7399999999998,1725.3949999999998,0.2799999999999727,0.2799999999999727,TOP,0.005000000000109139
Rz[48],INOUT,SIGNAL,Rz,48,YES,MET3,1,1863.64,1659.395,1863.92,1659.675,1863.7800000000002,1659.5349999999999,1915.035,1725.2549999999999,1915.315,1725.5349999999999,1915.1750000000002,1725.3949999999998,0.2799999999999727,0.2799999999999727,TOP,0.005000000000109139
Rz[49],INOUT,SIGNAL,Rz,49,YES,MET3,1,1906.94,1659.395,1907.22,1659.675,1907.08,1659.5349999999999,1958.335,1725.2549999999999,1958.615,1725.5349999999999,1958.475,1725.3949999999998,0.2799999999999727,0.2799999999999727,TOP,0.005000000000109139
Rz[50],INOUT,SIGNAL,Rz,50,YES,MET2,1,1940.076,1572.955,1940.365,1573.235,1940.2205,1573.0949999999998,1991.471,1638.8149999999998,1991.76,1639.0949999999998,1991.6154999999999,1638.9549999999997,0.28899999999998727,0.2799999999999727,INTERNAL_NEAREST_RIGHT,8.150000000000091
Rz[51],INOUT,SIGNAL,Rz,51,YES,MET2,1,1940.076,1522.955,1940.365,1523.235,1940.2205,1523.0949999999998,1991.471,1588.8149999999998,1991.76,1589.0949999999998,1991.6154999999999,1588.9549999999997,0.28899999999998727,0.2799999999999727,INTERNAL_NEAREST_RIGHT,8.150000000000091
Rz[52],INOUT,SIGNAL,Rz,52,YES,MET2,1,1940.076,1472.955,1940.365,1473.235,1940.2205,1473.0949999999998,1991.471,1538.8149999999998,1991.76,1539.0949999999998,1991.6154999999999,1538.9549999999997,0.28899999999998727,0.2799999999999727,INTERNAL_NEAREST_RIGHT,8.150000000000091
Rz[53],INOUT,SIGNAL,Rz,53,YES,MET2,1,1940.076,1422.955,1940.365,1423.235,1940.2205,1423.0949999999998,1991.471,1488.8149999999998,1991.76,1489.0949999999998,1991.6154999999999,1488.9549999999997,0.28899999999998727,0.2799999999999727,INTERNAL_NEAREST_RIGHT,8.150000000000091
Rz[54],INOUT,SIGNAL,Rz,54,YES,MET2,1,1940.076,1372.955,1940.365,1373.235,1940.2205,1373.0949999999998,1991.471,1438.8149999999998,1991.76,1439.0949999999998,1991.6154999999999,1438.9549999999997,0.28899999999998727,0.2799999999999727,INTERNAL_NEAREST_RIGHT,8.150000000000091
Rz[55],INOUT,SIGNAL,Rz,55,YES,MET2,1,1940.076,1322.955,1940.365,1323.235,1940.2205,1323.0949999999998,1991.471,1388.8149999999998,1991.76,1389.0949999999998,1991.6154999999999,1388.9549999999997,0.28899999999998727,0.2799999999999727,INTERNAL_NEAREST_RIGHT,8.150000000000091
Rz[56],INOUT,SIGNAL,Rz,56,YES,MET2,1,1940.076,1272.955,1940.365,1273.235,1940.2205,1273.0949999999998,1991.471,1338.8149999999998,1991.76,1339.0949999999998,1991.6154999999999,1338.9549999999997,0.28899999999998727,0.2799999999999727,INTERNAL_NEAREST_RIGHT,8.150000000000091
Rz[57],INOUT,SIGNAL,Rz,57,YES,MET2,1,1940.076,1222.955,1940.365,1223.235,1940.2205,1223.0949999999998,1991.471,1288.8149999999998,1991.76,1289.0949999999998,1991.6154999999999,1288.9549999999997,0.28899999999998727,0.2799999999999727,INTERNAL_NEAREST_RIGHT,8.150000000000091
Rz[58],INOUT,SIGNAL,Rz,58,YES,MET2,1,1940.076,1172.955,1940.365,1173.235,1940.2205,1173.0949999999998,1991.471,1238.8149999999998,1991.76,1239.0949999999998,1991.6154999999999,1238.9549999999997,0.28899999999998727,0.2799999999999727,INTERNAL_NEAREST_RIGHT,8.150000000000091
Rz[59],INOUT,SIGNAL,Rz,59,YES,MET2,1,1940.076,1122.955,1940.365,1123.235,1940.2205,1123.0949999999998,1991.471,1188.8149999999998,1991.76,1189.0949999999998,1991.6154999999999,1188.9549999999997,0.28899999999998727,0.2799999999999727,INTERNAL_NEAREST_RIGHT,8.150000000000091
Rz[60],INOUT,SIGNAL,Rz,60,YES,MET2,1,1940.076,1072.955,1940.365,1073.235,1940.2205,1073.0949999999998,1991.471,1138.8149999999998,1991.76,1139.0949999999998,1991.6154999999999,1138.9549999999997,0.28899999999998727,0.2799999999999727,INTERNAL_NEAREST_RIGHT,8.150000000000091
Rz[61],INOUT,SIGNAL,Rz,61,YES,MET2,1,1940.076,1022.955,1940.365,1023.235,1940.2205,1023.095,1991.471,1088.815,1991.76,1089.095,1991.6154999999999,1088.955,0.28899999999998727,0.2799999999999727,INTERNAL_NEAREST_RIGHT,8.150000000000091
Rz[62],INOUT,SIGNAL,Rz,62,YES,MET2,1,1940.076,972.955,1940.365,973.235,1940.2205,973.095,1991.471,1038.815,1991.76,1039.095,1991.6154999999999,1038.955,0.28899999999998727,0.2799999999999727,INTERNAL_NEAREST_RIGHT,8.150000000000091
Rz[63],INOUT,SIGNAL,Rz,63,YES,MET2,1,1940.076,922.955,1940.365,923.235,1940.2205,923.095,1991.471,988.815,1991.76,989.095,1991.6154999999999,988.955,0.28899999999998727,0.2799999999999727,INTERNAL_NEAREST_RIGHT,8.150000000000091
SUB,INOUT,GROUND,SUB,,NO,MET2|MET3,2,-49.605,1646.175,-37.105,1659.675,-43.355,1652.925,1.7900000000000063,1712.0349999999999,14.290000000000006,1725.5349999999999,8.040000000000006,1718.7849999999999,12.5,13.5,TOP,0.005000000000109139
VSS,INOUT,GROUND,VSS,,NO,MET2,1,-49.605,1636.675,-40.605,1645.675,-45.105,1641.175,1.7900000000000063,1702.5349999999999,10.790000000000006,1711.5349999999999,6.290000000000006,1707.0349999999999,9.0,9.0,LEFT,1.7900000000000063
VTUNE,INOUT,ANALOG,VTUNE,,NO,MET2,1,-49.605,-4.275,-49.325,-3.995,-49.465,-4.135,1.7900000000000063,61.585,2.0700000000000003,61.865,1.9299999999999997,61.725,0.27999999999999403,0.28000000000000025,LEFT,1.7900000000000063
Y[0],INOUT,SIGNAL,Y,0,YES,MET2,1,1940.085,24.635,1940.365,24.915,1940.225,24.775,1991.48,90.495,1991.76,90.775,1991.62,90.63499999999999,0.2799999999999727,0.2799999999999976,INTERNAL_NEAREST_RIGHT,8.150000000000091
Y[1],INOUT,SIGNAL,Y,1,YES,MET2,1,1940.085,49.635,1940.365,49.915,1940.225,49.775,1991.48,115.495,1991.76,115.775,1991.62,115.63499999999999,0.2799999999999727,0.28000000000000114,INTERNAL_NEAREST_RIGHT,8.150000000000091
Y[2],INOUT,SIGNAL,Y,2,YES,MET2,1,1940.085,74.635,1940.365,74.915,1940.225,74.775,1991.48,140.495,1991.76,140.775,1991.62,140.635,0.2799999999999727,0.28000000000000114,INTERNAL_NEAREST_RIGHT,8.150000000000091
Y[3],INOUT,SIGNAL,Y,3,YES,MET2,1,1940.085,99.635,1940.365,99.915,1940.225,99.775,1991.48,165.495,1991.76,165.775,1991.62,165.635,0.2799999999999727,0.28000000000000114,INTERNAL_NEAREST_RIGHT,8.150000000000091
Y[4],INOUT,SIGNAL,Y,4,YES,MET2,1,1940.085,124.635,1940.365,124.915,1940.225,124.775,1991.48,190.495,1991.76,190.775,1991.62,190.635,0.2799999999999727,0.28000000000000114,INTERNAL_NEAREST_RIGHT,8.150000000000091
Y[5],INOUT,SIGNAL,Y,5,YES,MET2,1,1940.085,149.635,1940.365,149.915,1940.225,149.77499999999998,1991.48,215.495,1991.76,215.77499999999998,1991.62,215.635,0.2799999999999727,0.28000000000000114,INTERNAL_NEAREST_RIGHT,8.150000000000091
Y[6],INOUT,SIGNAL,Y,6,YES,MET2,1,1940.085,174.635,1940.365,174.915,1940.225,174.77499999999998,1991.48,240.495,1991.76,240.77499999999998,1991.62,240.635,0.2799999999999727,0.28000000000000114,INTERNAL_NEAREST_RIGHT,8.150000000000091
Y[7],INOUT,SIGNAL,Y,7,YES,MET2,1,1940.085,199.635,1940.365,199.915,1940.225,199.77499999999998,1991.48,265.495,1991.76,265.775,1991.62,265.635,0.2799999999999727,0.28000000000000114,INTERNAL_NEAREST_RIGHT,8.150000000000091
Y[8],INOUT,SIGNAL,Y,8,YES,MET2,1,1940.085,224.635,1940.365,224.915,1940.225,224.77499999999998,1991.48,290.495,1991.76,290.775,1991.62,290.635,0.2799999999999727,0.28000000000000114,INTERNAL_NEAREST_RIGHT,8.150000000000091
Y[9],INOUT,SIGNAL,Y,9,YES,MET2,1,1940.085,249.635,1940.365,249.915,1940.225,249.77499999999998,1991.48,315.495,1991.76,315.775,1991.62,315.635,0.2799999999999727,0.28000000000000114,INTERNAL_NEAREST_RIGHT,8.150000000000091
Y[10],INOUT,SIGNAL,Y,10,YES,MET2,1,1940.085,274.635,1940.365,274.915,1940.225,274.775,1991.48,340.495,1991.76,340.77500000000003,1991.62,340.635,0.2799999999999727,0.28000000000002956,INTERNAL_NEAREST_RIGHT,8.150000000000091
Y[11],INOUT,SIGNAL,Y,11,YES,MET2,1,1940.085,299.635,1940.365,299.915,1940.225,299.775,1991.48,365.495,1991.76,365.77500000000003,1991.62,365.635,0.2799999999999727,0.28000000000002956,INTERNAL_NEAREST_RIGHT,8.150000000000091
Y[12],INOUT,SIGNAL,Y,12,YES,MET2,1,1940.085,324.635,1940.365,324.915,1940.225,324.775,1991.48,390.495,1991.76,390.77500000000003,1991.62,390.635,0.2799999999999727,0.28000000000002956,INTERNAL_NEAREST_RIGHT,8.150000000000091
Y[13],INOUT,SIGNAL,Y,13,YES,MET2,1,1940.085,349.635,1940.365,349.915,1940.225,349.775,1991.48,415.495,1991.76,415.77500000000003,1991.62,415.635,0.2799999999999727,0.28000000000002956,INTERNAL_NEAREST_RIGHT,8.150000000000091
Y[14],INOUT,SIGNAL,Y,14,YES,MET2,1,1940.085,374.635,1940.365,374.915,1940.225,374.775,1991.48,440.495,1991.76,440.77500000000003,1991.62,440.635,0.2799999999999727,0.28000000000002956,INTERNAL_NEAREST_RIGHT,8.150000000000091
Y[15],INOUT,SIGNAL,Y,15,YES,MET2,1,1940.085,399.635,1940.365,399.915,1940.225,399.775,1991.48,465.495,1991.76,465.77500000000003,1991.62,465.635,0.2799999999999727,0.28000000000002956,INTERNAL_NEAREST_RIGHT,8.150000000000091
Y[16],INOUT,SIGNAL,Y,16,YES,MET2,1,1940.085,424.635,1940.365,424.915,1940.225,424.775,1991.48,490.495,1991.76,490.77500000000003,1991.62,490.635,0.2799999999999727,0.28000000000002956,INTERNAL_NEAREST_RIGHT,8.150000000000091
Y[17],INOUT,SIGNAL,Y,17,YES,MET2,1,1940.085,449.635,1940.365,449.915,1940.225,449.775,1991.48,515.495,1991.76,515.775,1991.62,515.635,0.2799999999999727,0.28000000000002956,INTERNAL_NEAREST_RIGHT,8.150000000000091
Y[18],INOUT,SIGNAL,Y,18,YES,MET2,1,1940.085,474.635,1940.365,474.915,1940.225,474.775,1991.48,540.495,1991.76,540.775,1991.62,540.635,0.2799999999999727,0.28000000000002956,INTERNAL_NEAREST_RIGHT,8.150000000000091
Y[19],INOUT,SIGNAL,Y,19,YES,MET2,1,1940.085,499.635,1940.365,499.915,1940.225,499.775,1991.48,565.495,1991.76,565.775,1991.62,565.635,0.2799999999999727,0.28000000000002956,INTERNAL_NEAREST_RIGHT,8.150000000000091
Y[20],INOUT,SIGNAL,Y,20,YES,MET2,1,1940.085,524.635,1940.365,524.915,1940.225,524.775,1991.48,590.495,1991.76,590.775,1991.62,590.635,0.2799999999999727,0.2799999999999727,INTERNAL_NEAREST_RIGHT,8.150000000000091
Y[21],INOUT,SIGNAL,Y,21,YES,MET2,1,1940.085,549.635,1940.365,549.915,1940.225,549.775,1991.48,615.495,1991.76,615.775,1991.62,615.635,0.2799999999999727,0.2799999999999727,INTERNAL_NEAREST_RIGHT,8.150000000000091
Y[22],INOUT,SIGNAL,Y,22,YES,MET2,1,1940.085,574.635,1940.365,574.915,1940.225,574.775,1991.48,640.495,1991.76,640.775,1991.62,640.635,0.2799999999999727,0.2799999999999727,INTERNAL_NEAREST_RIGHT,8.150000000000091
Y[23],INOUT,SIGNAL,Y,23,YES,MET2,1,1940.085,599.635,1940.365,599.915,1940.225,599.775,1991.48,665.495,1991.76,665.775,1991.62,665.635,0.2799999999999727,0.2799999999999727,INTERNAL_NEAREST_RIGHT,8.150000000000091
Y[24],INOUT,SIGNAL,Y,24,YES,MET2,1,1940.085,624.635,1940.365,624.915,1940.225,624.775,1991.48,690.495,1991.76,690.775,1991.62,690.635,0.2799999999999727,0.2799999999999727,INTERNAL_NEAREST_RIGHT,8.150000000000091
Y[25],INOUT,SIGNAL,Y,25,YES,MET2,1,1940.085,649.635,1940.365,649.915,1940.225,649.775,1991.48,715.495,1991.76,715.775,1991.62,715.635,0.2799999999999727,0.2799999999999727,INTERNAL_NEAREST_RIGHT,8.150000000000091
Y[26],INOUT,SIGNAL,Y,26,YES,MET2,1,1940.085,674.635,1940.365,674.915,1940.225,674.775,1991.48,740.495,1991.76,740.775,1991.62,740.635,0.2799999999999727,0.2799999999999727,INTERNAL_NEAREST_RIGHT,8.150000000000091
Y[27],INOUT,SIGNAL,Y,27,YES,MET2,1,1940.085,699.635,1940.365,699.915,1940.225,699.775,1991.48,765.495,1991.76,765.775,1991.62,765.635,0.2799999999999727,0.2799999999999727,INTERNAL_NEAREST_RIGHT,8.150000000000091
Y[28],INOUT,SIGNAL,Y,28,YES,MET2,1,1940.085,724.635,1940.365,724.915,1940.225,724.775,1991.48,790.495,1991.76,790.775,1991.62,790.635,0.2799999999999727,0.2799999999999727,INTERNAL_NEAREST_RIGHT,8.150000000000091
Y[29],INOUT,SIGNAL,Y,29,YES,MET2,1,1940.085,749.635,1940.365,749.915,1940.225,749.775,1991.48,815.495,1991.76,815.775,1991.62,815.635,0.2799999999999727,0.2799999999999727,INTERNAL_NEAREST_RIGHT,8.150000000000091
Y[30],INOUT,SIGNAL,Y,30,YES,MET2,1,1940.085,774.635,1940.365,774.915,1940.225,774.775,1991.48,840.495,1991.76,840.775,1991.62,840.635,0.2799999999999727,0.2799999999999727,INTERNAL_NEAREST_RIGHT,8.150000000000091
Y[31],INOUT,SIGNAL,Y,31,YES,MET2,1,1940.085,799.635,1940.365,799.915,1940.225,799.775,1991.48,865.495,1991.76,865.775,1991.62,865.635,0.2799999999999727,0.2799999999999727,INTERNAL_NEAREST_RIGHT,8.150000000000091
Y[32],INOUT,SIGNAL,Y,32,YES,MET2,1,1940.085,824.635,1940.365,824.915,1940.225,824.775,1991.48,890.495,1991.76,890.775,1991.62,890.635,0.2799999999999727,0.2799999999999727,INTERNAL_NEAREST_RIGHT,8.150000000000091
Y[33],INOUT,SIGNAL,Y,33,YES,MET2,1,1940.085,849.635,1940.365,849.915,1940.225,849.775,1991.48,915.495,1991.76,915.775,1991.62,915.635,0.2799999999999727,0.2799999999999727,INTERNAL_NEAREST_RIGHT,8.150000000000091
Y[34],INOUT,SIGNAL,Y,34,YES,MET2,1,1940.085,874.635,1940.365,874.915,1940.225,874.775,1991.48,940.495,1991.76,940.775,1991.62,940.635,0.2799999999999727,0.2799999999999727,INTERNAL_NEAREST_RIGHT,8.150000000000091
Y[35],INOUT,SIGNAL,Y,35,YES,MET2,1,1940.085,899.635,1940.365,899.915,1940.225,899.775,1991.48,965.495,1991.76,965.775,1991.62,965.635,0.2799999999999727,0.2799999999999727,INTERNAL_NEAREST_RIGHT,8.150000000000091
Y[36],INOUT,SIGNAL,Y,36,YES,MET2,1,1940.085,924.635,1940.365,924.915,1940.225,924.775,1991.48,990.495,1991.76,990.775,1991.62,990.635,0.2799999999999727,0.2799999999999727,INTERNAL_NEAREST_RIGHT,8.150000000000091
Y[37],INOUT,SIGNAL,Y,37,YES,MET2,1,1940.085,949.635,1940.365,949.915,1940.225,949.775,1991.48,1015.495,1991.76,1015.775,1991.62,1015.635,0.2799999999999727,0.2799999999999727,INTERNAL_NEAREST_RIGHT,8.150000000000091
Y[38],INOUT,SIGNAL,Y,38,YES,MET2,1,1940.085,974.635,1940.365,974.915,1940.225,974.775,1991.48,1040.495,1991.76,1040.7749999999999,1991.62,1040.635,0.2799999999999727,0.2799999999999727,INTERNAL_NEAREST_RIGHT,8.150000000000091
Y[39],INOUT,SIGNAL,Y,39,YES,MET2,1,1940.085,999.635,1940.365,999.915,1940.225,999.775,1991.48,1065.495,1991.76,1065.7749999999999,1991.62,1065.635,0.2799999999999727,0.2799999999999727,INTERNAL_NEAREST_RIGHT,8.150000000000091
Y[40],INOUT,SIGNAL,Y,40,YES,MET2,1,1940.085,1024.635,1940.365,1024.915,1940.225,1024.775,1991.48,1090.495,1991.76,1090.7749999999999,1991.62,1090.635,0.2799999999999727,0.2799999999999727,INTERNAL_NEAREST_RIGHT,8.150000000000091
Y[41],INOUT,SIGNAL,Y,41,YES,MET2,1,1940.085,1049.635,1940.365,1049.915,1940.225,1049.775,1991.48,1115.495,1991.76,1115.7749999999999,1991.62,1115.635,0.2799999999999727,0.2799999999999727,INTERNAL_NEAREST_RIGHT,8.150000000000091
Y[42],INOUT,SIGNAL,Y,42,YES,MET2,1,1940.085,1074.635,1940.365,1074.915,1940.225,1074.775,1991.48,1140.495,1991.76,1140.7749999999999,1991.62,1140.635,0.2799999999999727,0.2799999999999727,INTERNAL_NEAREST_RIGHT,8.150000000000091
Y[43],INOUT,SIGNAL,Y,43,YES,MET2,1,1940.085,1099.635,1940.365,1099.915,1940.225,1099.775,1991.48,1165.495,1991.76,1165.7749999999999,1991.62,1165.635,0.2799999999999727,0.2799999999999727,INTERNAL_NEAREST_RIGHT,8.150000000000091
Y[44],INOUT,SIGNAL,Y,44,YES,MET2,1,1940.085,1124.635,1940.365,1124.915,1940.225,1124.775,1991.48,1190.495,1991.76,1190.7749999999999,1991.62,1190.635,0.2799999999999727,0.2799999999999727,INTERNAL_NEAREST_RIGHT,8.150000000000091
Y[45],INOUT,SIGNAL,Y,45,YES,MET2,1,1940.085,1149.635,1940.365,1149.915,1940.225,1149.775,1991.48,1215.495,1991.76,1215.7749999999999,1991.62,1215.635,0.2799999999999727,0.2799999999999727,INTERNAL_NEAREST_RIGHT,8.150000000000091
Y[46],INOUT,SIGNAL,Y,46,YES,MET2,1,1940.085,1174.635,1940.365,1174.915,1940.225,1174.775,1991.48,1240.495,1991.76,1240.7749999999999,1991.62,1240.635,0.2799999999999727,0.2799999999999727,INTERNAL_NEAREST_RIGHT,8.150000000000091
Y[47],INOUT,SIGNAL,Y,47,YES,MET2,1,1940.085,1199.635,1940.365,1199.915,1940.225,1199.775,1991.48,1265.495,1991.76,1265.7749999999999,1991.62,1265.635,0.2799999999999727,0.2799999999999727,INTERNAL_NEAREST_RIGHT,8.150000000000091
Y[48],INOUT,SIGNAL,Y,48,YES,MET2,1,1940.085,1224.635,1940.365,1224.915,1940.225,1224.775,1991.48,1290.495,1991.76,1290.7749999999999,1991.62,1290.635,0.2799999999999727,0.2799999999999727,INTERNAL_NEAREST_RIGHT,8.150000000000091
Y[49],INOUT,SIGNAL,Y,49,YES,MET2,1,1940.085,1249.635,1940.365,1249.915,1940.225,1249.775,1991.48,1315.495,1991.76,1315.7749999999999,1991.62,1315.635,0.2799999999999727,0.2799999999999727,INTERNAL_NEAREST_RIGHT,8.150000000000091
Y[50],INOUT,SIGNAL,Y,50,YES,MET2,1,1940.085,1274.635,1940.365,1274.915,1940.225,1274.775,1991.48,1340.495,1991.76,1340.7749999999999,1991.62,1340.635,0.2799999999999727,0.2799999999999727,INTERNAL_NEAREST_RIGHT,8.150000000000091
Y[51],INOUT,SIGNAL,Y,51,YES,MET2,1,1940.085,1299.635,1940.365,1299.915,1940.225,1299.775,1991.48,1365.495,1991.76,1365.7749999999999,1991.62,1365.635,0.2799999999999727,0.2799999999999727,INTERNAL_NEAREST_RIGHT,8.150000000000091
Y[52],INOUT,SIGNAL,Y,52,YES,MET2,1,1940.085,1324.635,1940.365,1324.915,1940.225,1324.775,1991.48,1390.495,1991.76,1390.7749999999999,1991.62,1390.635,0.2799999999999727,0.2799999999999727,INTERNAL_NEAREST_RIGHT,8.150000000000091
Y[53],INOUT,SIGNAL,Y,53,YES,MET2,1,1940.085,1349.635,1940.365,1349.915,1940.225,1349.775,1991.48,1415.495,1991.76,1415.7749999999999,1991.62,1415.635,0.2799999999999727,0.2799999999999727,INTERNAL_NEAREST_RIGHT,8.150000000000091
Y[54],INOUT,SIGNAL,Y,54,YES,MET2,1,1940.085,1374.635,1940.365,1374.915,1940.225,1374.775,1991.48,1440.495,1991.76,1440.7749999999999,1991.62,1440.635,0.2799999999999727,0.2799999999999727,INTERNAL_NEAREST_RIGHT,8.150000000000091
Y[55],INOUT,SIGNAL,Y,55,YES,MET2,1,1940.085,1399.635,1940.365,1399.915,1940.225,1399.775,1991.48,1465.495,1991.76,1465.7749999999999,1991.62,1465.635,0.2799999999999727,0.2799999999999727,INTERNAL_NEAREST_RIGHT,8.150000000000091
Y[56],INOUT,SIGNAL,Y,56,YES,MET2,1,1940.085,1424.635,1940.365,1424.915,1940.225,1424.775,1991.48,1490.495,1991.76,1490.7749999999999,1991.62,1490.635,0.2799999999999727,0.2799999999999727,INTERNAL_NEAREST_RIGHT,8.150000000000091
Y[57],INOUT,SIGNAL,Y,57,YES,MET2,1,1940.085,1449.635,1940.365,1449.915,1940.225,1449.775,1991.48,1515.495,1991.76,1515.7749999999999,1991.62,1515.635,0.2799999999999727,0.2799999999999727,INTERNAL_NEAREST_RIGHT,8.150000000000091
Y[58],INOUT,SIGNAL,Y,58,YES,MET2,1,1940.085,1474.635,1940.365,1474.915,1940.225,1474.775,1991.48,1540.495,1991.76,1540.7749999999999,1991.62,1540.635,0.2799999999999727,0.2799999999999727,INTERNAL_NEAREST_RIGHT,8.150000000000091
Y[59],INOUT,SIGNAL,Y,59,YES,MET2,1,1940.085,1499.635,1940.365,1499.915,1940.225,1499.775,1991.48,1565.495,1991.76,1565.7749999999999,1991.62,1565.635,0.2799999999999727,0.2799999999999727,INTERNAL_NEAREST_RIGHT,8.150000000000091
Y[60],INOUT,SIGNAL,Y,60,YES,MET2,1,1940.085,1524.635,1940.365,1524.915,1940.225,1524.775,1991.48,1590.495,1991.76,1590.7749999999999,1991.62,1590.635,0.2799999999999727,0.2799999999999727,INTERNAL_NEAREST_RIGHT,8.150000000000091
Y[61],INOUT,SIGNAL,Y,61,YES,MET2,1,1940.085,1549.635,1940.365,1549.915,1940.225,1549.775,1991.48,1615.495,1991.76,1615.7749999999999,1991.62,1615.635,0.2799999999999727,0.2799999999999727,INTERNAL_NEAREST_RIGHT,8.150000000000091
Y[62],INOUT,SIGNAL,Y,62,YES,MET2,1,1940.085,1574.635,1940.365,1574.915,1940.225,1574.775,1991.48,1640.495,1991.76,1640.7749999999999,1991.62,1640.635,0.2799999999999727,0.2799999999999727,INTERNAL_NEAREST_RIGHT,8.150000000000091
Y[63],INOUT,SIGNAL,Y,63,YES,MET2,1,1940.085,1599.635,1940.365,1599.915,1940.225,1599.775,1991.48,1665.495,1991.76,1665.7749999999999,1991.62,1665.635,0.2799999999999727,0.2799999999999727,INTERNAL_NEAREST_RIGHT,8.150000000000091
Yz[0],INOUT,SIGNAL,Yz,0,YES,MET2,1,1940.085,24.075,1940.365,24.355,1940.225,24.215,1991.48,89.935,1991.76,90.215,1991.62,90.075,0.2799999999999727,0.28000000000000114,INTERNAL_NEAREST_RIGHT,8.150000000000091
Yz[1],INOUT,SIGNAL,Yz,1,YES,MET2,1,1940.085,49.075,1940.365,49.355,1940.225,49.215,1991.48,114.935,1991.76,115.215,1991.62,115.075,0.2799999999999727,0.27999999999999403,INTERNAL_NEAREST_RIGHT,8.150000000000091
Yz[2],INOUT,SIGNAL,Yz,2,YES,MET2,1,1940.085,74.075,1940.365,74.355,1940.225,74.215,1991.48,139.935,1991.76,140.215,1991.62,140.075,0.2799999999999727,0.28000000000000114,INTERNAL_NEAREST_RIGHT,8.150000000000091
Yz[3],INOUT,SIGNAL,Yz,3,YES,MET2,1,1940.085,99.075,1940.365,99.355,1940.225,99.215,1991.48,164.935,1991.76,165.215,1991.62,165.075,0.2799999999999727,0.28000000000000114,INTERNAL_NEAREST_RIGHT,8.150000000000091
Yz[4],INOUT,SIGNAL,Yz,4,YES,MET2,1,1940.085,124.075,1940.365,124.355,1940.225,124.215,1991.48,189.935,1991.76,190.215,1991.62,190.075,0.2799999999999727,0.28000000000000114,INTERNAL_NEAREST_RIGHT,8.150000000000091
Yz[5],INOUT,SIGNAL,Yz,5,YES,MET2,1,1940.085,149.075,1940.365,149.355,1940.225,149.21499999999997,1991.48,214.935,1991.76,215.21499999999997,1991.62,215.075,0.2799999999999727,0.28000000000000114,INTERNAL_NEAREST_RIGHT,8.150000000000091
Yz[6],INOUT,SIGNAL,Yz,6,YES,MET2,1,1940.085,174.075,1940.365,174.355,1940.225,174.21499999999997,1991.48,239.935,1991.76,240.21499999999997,1991.62,240.075,0.2799999999999727,0.28000000000000114,INTERNAL_NEAREST_RIGHT,8.150000000000091
Yz[7],INOUT,SIGNAL,Yz,7,YES,MET2,1,1940.085,199.075,1940.365,199.355,1940.225,199.21499999999997,1991.48,264.935,1991.76,265.215,1991.62,265.075,0.2799999999999727,0.28000000000000114,INTERNAL_NEAREST_RIGHT,8.150000000000091
Yz[8],INOUT,SIGNAL,Yz,8,YES,MET2,1,1940.085,224.075,1940.365,224.355,1940.225,224.21499999999997,1991.48,289.935,1991.76,290.215,1991.62,290.075,0.2799999999999727,0.28000000000000114,INTERNAL_NEAREST_RIGHT,8.150000000000091
Yz[9],INOUT,SIGNAL,Yz,9,YES,MET2,1,1940.085,249.075,1940.365,249.355,1940.225,249.21499999999997,1991.48,314.935,1991.76,315.215,1991.62,315.075,0.2799999999999727,0.28000000000000114,INTERNAL_NEAREST_RIGHT,8.150000000000091
Yz[10],INOUT,SIGNAL,Yz,10,YES,MET2,1,1940.085,274.075,1940.365,274.355,1940.225,274.21500000000003,1991.48,339.935,1991.76,340.21500000000003,1991.62,340.07500000000005,0.2799999999999727,0.28000000000002956,INTERNAL_NEAREST_RIGHT,8.150000000000091
Yz[11],INOUT,SIGNAL,Yz,11,YES,MET2,1,1940.085,299.075,1940.365,299.355,1940.225,299.21500000000003,1991.48,364.935,1991.76,365.21500000000003,1991.62,365.07500000000005,0.2799999999999727,0.28000000000002956,INTERNAL_NEAREST_RIGHT,8.150000000000091
Yz[12],INOUT,SIGNAL,Yz,12,YES,MET2,1,1940.085,324.075,1940.365,324.355,1940.225,324.21500000000003,1991.48,389.935,1991.76,390.21500000000003,1991.62,390.07500000000005,0.2799999999999727,0.28000000000002956,INTERNAL_NEAREST_RIGHT,8.150000000000091
Yz[13],INOUT,SIGNAL,Yz,13,YES,MET2,1,1940.085,349.075,1940.365,349.355,1940.225,349.21500000000003,1991.48,414.935,1991.76,415.21500000000003,1991.62,415.07500000000005,0.2799999999999727,0.28000000000002956,INTERNAL_NEAREST_RIGHT,8.150000000000091
Yz[14],INOUT,SIGNAL,Yz,14,YES,MET2,1,1940.085,374.075,1940.365,374.355,1940.225,374.21500000000003,1991.48,439.935,1991.76,440.21500000000003,1991.62,440.07500000000005,0.2799999999999727,0.28000000000002956,INTERNAL_NEAREST_RIGHT,8.150000000000091
Yz[15],INOUT,SIGNAL,Yz,15,YES,MET2,1,1940.085,399.075,1940.365,399.355,1940.225,399.21500000000003,1991.48,464.935,1991.76,465.21500000000003,1991.62,465.07500000000005,0.2799999999999727,0.28000000000002956,INTERNAL_NEAREST_RIGHT,8.150000000000091
Yz[16],INOUT,SIGNAL,Yz,16,YES,MET2,1,1940.085,424.075,1940.365,424.355,1940.225,424.21500000000003,1991.48,489.935,1991.76,490.21500000000003,1991.62,490.07500000000005,0.2799999999999727,0.28000000000002956,INTERNAL_NEAREST_RIGHT,8.150000000000091
Yz[17],INOUT,SIGNAL,Yz,17,YES,MET2,1,1940.085,449.075,1940.365,449.355,1940.225,449.21500000000003,1991.48,514.935,1991.76,515.215,1991.62,515.075,0.2799999999999727,0.28000000000002956,INTERNAL_NEAREST_RIGHT,8.150000000000091
Yz[18],INOUT,SIGNAL,Yz,18,YES,MET2,1,1940.085,474.075,1940.365,474.355,1940.225,474.21500000000003,1991.48,539.935,1991.76,540.215,1991.62,540.075,0.2799999999999727,0.28000000000002956,INTERNAL_NEAREST_RIGHT,8.150000000000091
Yz[19],INOUT,SIGNAL,Yz,19,YES,MET2,1,1940.085,499.075,1940.365,499.355,1940.225,499.21500000000003,1991.48,564.935,1991.76,565.215,1991.62,565.075,0.2799999999999727,0.28000000000002956,INTERNAL_NEAREST_RIGHT,8.150000000000091
Yz[20],INOUT,SIGNAL,Yz,20,YES,MET2,1,1940.085,524.075,1940.365,524.355,1940.225,524.215,1991.48,589.9350000000001,1991.76,590.215,1991.62,590.075,0.2799999999999727,0.2799999999999727,INTERNAL_NEAREST_RIGHT,8.150000000000091
Yz[21],INOUT,SIGNAL,Yz,21,YES,MET2,1,1940.085,549.075,1940.365,549.355,1940.225,549.215,1991.48,614.9350000000001,1991.76,615.215,1991.62,615.075,0.2799999999999727,0.2799999999999727,INTERNAL_NEAREST_RIGHT,8.150000000000091
Yz[22],INOUT,SIGNAL,Yz,22,YES,MET2,1,1940.085,574.075,1940.365,574.355,1940.225,574.215,1991.48,639.9350000000001,1991.76,640.215,1991.62,640.075,0.2799999999999727,0.2799999999999727,INTERNAL_NEAREST_RIGHT,8.150000000000091
Yz[23],INOUT,SIGNAL,Yz,23,YES,MET2,1,1940.085,599.075,1940.365,599.355,1940.225,599.215,1991.48,664.9350000000001,1991.76,665.215,1991.62,665.075,0.2799999999999727,0.2799999999999727,INTERNAL_NEAREST_RIGHT,8.150000000000091
Yz[24],INOUT,SIGNAL,Yz,24,YES,MET2,1,1940.085,624.075,1940.365,624.355,1940.225,624.215,1991.48,689.9350000000001,1991.76,690.215,1991.62,690.075,0.2799999999999727,0.2799999999999727,INTERNAL_NEAREST_RIGHT,8.150000000000091
Yz[25],INOUT,SIGNAL,Yz,25,YES,MET2,1,1940.085,649.075,1940.365,649.355,1940.225,649.215,1991.48,714.9350000000001,1991.76,715.215,1991.62,715.075,0.2799999999999727,0.2799999999999727,INTERNAL_NEAREST_RIGHT,8.150000000000091
Yz[26],INOUT,SIGNAL,Yz,26,YES,MET2,1,1940.085,674.075,1940.365,674.355,1940.225,674.215,1991.48,739.9350000000001,1991.76,740.215,1991.62,740.075,0.2799999999999727,0.2799999999999727,INTERNAL_NEAREST_RIGHT,8.150000000000091
Yz[27],INOUT,SIGNAL,Yz,27,YES,MET2,1,1940.085,699.075,1940.365,699.355,1940.225,699.215,1991.48,764.9350000000001,1991.76,765.215,1991.62,765.075,0.2799999999999727,0.2799999999999727,INTERNAL_NEAREST_RIGHT,8.150000000000091
Yz[28],INOUT,SIGNAL,Yz,28,YES,MET2,1,1940.085,724.075,1940.365,724.355,1940.225,724.215,1991.48,789.9350000000001,1991.76,790.215,1991.62,790.075,0.2799999999999727,0.2799999999999727,INTERNAL_NEAREST_RIGHT,8.150000000000091
Yz[29],INOUT,SIGNAL,Yz,29,YES,MET2,1,1940.085,749.075,1940.365,749.355,1940.225,749.215,1991.48,814.9350000000001,1991.76,815.215,1991.62,815.075,0.2799999999999727,0.2799999999999727,INTERNAL_NEAREST_RIGHT,8.150000000000091
Yz[30],INOUT,SIGNAL,Yz,30,YES,MET2,1,1940.085,774.075,1940.365,774.355,1940.225,774.215,1991.48,839.9350000000001,1991.76,840.215,1991.62,840.075,0.2799999999999727,0.2799999999999727,INTERNAL_NEAREST_RIGHT,8.150000000000091
Yz[31],INOUT,SIGNAL,Yz,31,YES,MET2,1,1940.085,799.075,1940.365,799.355,1940.225,799.215,1991.48,864.9350000000001,1991.76,865.215,1991.62,865.075,0.2799999999999727,0.2799999999999727,INTERNAL_NEAREST_RIGHT,8.150000000000091
Yz[32],INOUT,SIGNAL,Yz,32,YES,MET2,1,1940.085,824.075,1940.365,824.355,1940.225,824.215,1991.48,889.9350000000001,1991.76,890.215,1991.62,890.075,0.2799999999999727,0.2799999999999727,INTERNAL_NEAREST_RIGHT,8.150000000000091
Yz[33],INOUT,SIGNAL,Yz,33,YES,MET2,1,1940.085,849.075,1940.365,849.355,1940.225,849.215,1991.48,914.9350000000001,1991.76,915.215,1991.62,915.075,0.2799999999999727,0.2799999999999727,INTERNAL_NEAREST_RIGHT,8.150000000000091
Yz[34],INOUT,SIGNAL,Yz,34,YES,MET2,1,1940.085,874.075,1940.365,874.355,1940.225,874.215,1991.48,939.9350000000001,1991.76,940.215,1991.62,940.075,0.2799999999999727,0.2799999999999727,INTERNAL_NEAREST_RIGHT,8.150000000000091
Yz[35],INOUT,SIGNAL,Yz,35,YES,MET2,1,1940.085,899.075,1940.365,899.355,1940.225,899.215,1991.48,964.9350000000001,1991.76,965.215,1991.62,965.075,0.2799999999999727,0.2799999999999727,INTERNAL_NEAREST_RIGHT,8.150000000000091
Yz[36],INOUT,SIGNAL,Yz,36,YES,MET2,1,1940.085,924.075,1940.365,924.355,1940.225,924.215,1991.48,989.9350000000001,1991.76,990.215,1991.62,990.075,0.2799999999999727,0.2799999999999727,INTERNAL_NEAREST_RIGHT,8.150000000000091
Yz[37],INOUT,SIGNAL,Yz,37,YES,MET2,1,1940.085,949.075,1940.365,949.355,1940.225,949.215,1991.48,1014.9350000000001,1991.76,1015.215,1991.62,1015.075,0.2799999999999727,0.2799999999999727,INTERNAL_NEAREST_RIGHT,8.150000000000091
Yz[38],INOUT,SIGNAL,Yz,38,YES,MET2,1,1940.085,974.075,1940.365,974.355,1940.225,974.215,1991.48,1039.935,1991.76,1040.215,1991.62,1040.075,0.2799999999999727,0.2799999999999727,INTERNAL_NEAREST_RIGHT,8.150000000000091
Yz[39],INOUT,SIGNAL,Yz,39,YES,MET2,1,1940.085,999.075,1940.365,999.355,1940.225,999.215,1991.48,1064.935,1991.76,1065.215,1991.62,1065.075,0.2799999999999727,0.2799999999999727,INTERNAL_NEAREST_RIGHT,8.150000000000091
Yz[40],INOUT,SIGNAL,Yz,40,YES,MET2,1,1940.085,1024.075,1940.365,1024.355,1940.225,1024.2150000000001,1991.48,1089.935,1991.76,1090.215,1991.62,1090.075,0.2799999999999727,0.2799999999999727,INTERNAL_NEAREST_RIGHT,8.150000000000091
Yz[41],INOUT,SIGNAL,Yz,41,YES,MET2,1,1940.085,1049.075,1940.365,1049.355,1940.225,1049.2150000000001,1991.48,1114.935,1991.76,1115.215,1991.62,1115.075,0.2799999999999727,0.2799999999999727,INTERNAL_NEAREST_RIGHT,8.150000000000091
Yz[42],INOUT,SIGNAL,Yz,42,YES,MET2,1,1940.085,1074.075,1940.365,1074.355,1940.225,1074.2150000000001,1991.48,1139.935,1991.76,1140.215,1991.62,1140.075,0.2799999999999727,0.2799999999999727,INTERNAL_NEAREST_RIGHT,8.150000000000091
Yz[43],INOUT,SIGNAL,Yz,43,YES,MET2,1,1940.085,1099.075,1940.365,1099.355,1940.225,1099.2150000000001,1991.48,1164.935,1991.76,1165.215,1991.62,1165.075,0.2799999999999727,0.2799999999999727,INTERNAL_NEAREST_RIGHT,8.150000000000091
Yz[44],INOUT,SIGNAL,Yz,44,YES,MET2,1,1940.085,1124.075,1940.365,1124.355,1940.225,1124.2150000000001,1991.48,1189.935,1991.76,1190.215,1991.62,1190.075,0.2799999999999727,0.2799999999999727,INTERNAL_NEAREST_RIGHT,8.150000000000091
Yz[45],INOUT,SIGNAL,Yz,45,YES,MET2,1,1940.085,1149.075,1940.365,1149.355,1940.225,1149.2150000000001,1991.48,1214.935,1991.76,1215.215,1991.62,1215.075,0.2799999999999727,0.2799999999999727,INTERNAL_NEAREST_RIGHT,8.150000000000091
Yz[46],INOUT,SIGNAL,Yz,46,YES,MET2,1,1940.085,1174.075,1940.365,1174.355,1940.225,1174.2150000000001,1991.48,1239.935,1991.76,1240.215,1991.62,1240.075,0.2799999999999727,0.2799999999999727,INTERNAL_NEAREST_RIGHT,8.150000000000091
Yz[47],INOUT,SIGNAL,Yz,47,YES,MET2,1,1940.085,1199.075,1940.365,1199.355,1940.225,1199.2150000000001,1991.48,1264.935,1991.76,1265.215,1991.62,1265.075,0.2799999999999727,0.2799999999999727,INTERNAL_NEAREST_RIGHT,8.150000000000091
Yz[48],INOUT,SIGNAL,Yz,48,YES,MET2,1,1940.085,1224.075,1940.365,1224.355,1940.225,1224.2150000000001,1991.48,1289.935,1991.76,1290.215,1991.62,1290.075,0.2799999999999727,0.2799999999999727,INTERNAL_NEAREST_RIGHT,8.150000000000091
Yz[49],INOUT,SIGNAL,Yz,49,YES,MET2,1,1940.085,1249.075,1940.365,1249.355,1940.225,1249.2150000000001,1991.48,1314.935,1991.76,1315.215,1991.62,1315.075,0.2799999999999727,0.2799999999999727,INTERNAL_NEAREST_RIGHT,8.150000000000091
Yz[50],INOUT,SIGNAL,Yz,50,YES,MET2,1,1940.085,1274.075,1940.365,1274.355,1940.225,1274.2150000000001,1991.48,1339.935,1991.76,1340.215,1991.62,1340.075,0.2799999999999727,0.2799999999999727,INTERNAL_NEAREST_RIGHT,8.150000000000091
Yz[51],INOUT,SIGNAL,Yz,51,YES,MET2,1,1940.085,1299.075,1940.365,1299.355,1940.225,1299.2150000000001,1991.48,1364.935,1991.76,1365.215,1991.62,1365.075,0.2799999999999727,0.2799999999999727,INTERNAL_NEAREST_RIGHT,8.150000000000091
Yz[52],INOUT,SIGNAL,Yz,52,YES,MET2,1,1940.085,1324.075,1940.365,1324.355,1940.225,1324.2150000000001,1991.48,1389.935,1991.76,1390.215,1991.62,1390.075,0.2799999999999727,0.2799999999999727,INTERNAL_NEAREST_RIGHT,8.150000000000091
Yz[53],INOUT,SIGNAL,Yz,53,YES,MET2,1,1940.085,1349.075,1940.365,1349.355,1940.225,1349.2150000000001,1991.48,1414.935,1991.76,1415.215,1991.62,1415.075,0.2799999999999727,0.2799999999999727,INTERNAL_NEAREST_RIGHT,8.150000000000091
Yz[54],INOUT,SIGNAL,Yz,54,YES,MET2,1,1940.085,1374.075,1940.365,1374.355,1940.225,1374.2150000000001,1991.48,1439.935,1991.76,1440.215,1991.62,1440.075,0.2799999999999727,0.2799999999999727,INTERNAL_NEAREST_RIGHT,8.150000000000091
Yz[55],INOUT,SIGNAL,Yz,55,YES,MET2,1,1940.085,1399.075,1940.365,1399.355,1940.225,1399.2150000000001,1991.48,1464.935,1991.76,1465.215,1991.62,1465.075,0.2799999999999727,0.2799999999999727,INTERNAL_NEAREST_RIGHT,8.150000000000091
Yz[56],INOUT,SIGNAL,Yz,56,YES,MET2,1,1940.085,1424.075,1940.365,1424.355,1940.225,1424.2150000000001,1991.48,1489.935,1991.76,1490.215,1991.62,1490.075,0.2799999999999727,0.2799999999999727,INTERNAL_NEAREST_RIGHT,8.150000000000091
Yz[57],INOUT,SIGNAL,Yz,57,YES,MET2,1,1940.085,1449.075,1940.365,1449.355,1940.225,1449.2150000000001,1991.48,1514.935,1991.76,1515.215,1991.62,1515.075,0.2799999999999727,0.2799999999999727,INTERNAL_NEAREST_RIGHT,8.150000000000091
Yz[58],INOUT,SIGNAL,Yz,58,YES,MET2,1,1940.085,1474.075,1940.365,1474.355,1940.225,1474.2150000000001,1991.48,1539.935,1991.76,1540.215,1991.62,1540.075,0.2799999999999727,0.2799999999999727,INTERNAL_NEAREST_RIGHT,8.150000000000091
Yz[59],INOUT,SIGNAL,Yz,59,YES,MET2,1,1940.085,1499.075,1940.365,1499.355,1940.225,1499.2150000000001,1991.48,1564.935,1991.76,1565.215,1991.62,1565.075,0.2799999999999727,0.2799999999999727,INTERNAL_NEAREST_RIGHT,8.150000000000091
Yz[60],INOUT,SIGNAL,Yz,60,YES,MET2,1,1940.085,1524.075,1940.365,1524.355,1940.225,1524.2150000000001,1991.48,1589.935,1991.76,1590.215,1991.62,1590.075,0.2799999999999727,0.2799999999999727,INTERNAL_NEAREST_RIGHT,8.150000000000091
Yz[61],INOUT,SIGNAL,Yz,61,YES,MET2,1,1940.085,1549.075,1940.365,1549.355,1940.225,1549.2150000000001,1991.48,1614.935,1991.76,1615.215,1991.62,1615.075,0.2799999999999727,0.2799999999999727,INTERNAL_NEAREST_RIGHT,8.150000000000091
Yz[62],INOUT,SIGNAL,Yz,62,YES,MET2,1,1940.085,1574.075,1940.365,1574.355,1940.225,1574.2150000000001,1991.48,1639.935,1991.76,1640.215,1991.62,1640.075,0.2799999999999727,0.2799999999999727,INTERNAL_NEAREST_RIGHT,8.150000000000091
Yz[63],INOUT,SIGNAL,Yz,63,YES,MET2,1,1940.085,1599.075,1940.365,1599.355,1940.225,1599.2150000000001,1991.48,1664.935,1991.76,1665.215,1991.62,1665.075,0.2799999999999727,0.2799999999999727,INTERNAL_NEAREST_RIGHT,8.150000000000091
