ns_inf,nf_inf,nslow,nfast_hit,stop_phase_disc,phase0_snap,hit_idx,correction,within_std,train_count
0,0,1,2,7,1,0,-2140.196759259259,5.778767702935435,432
0,0,1,3,4,1,0,-2140.8753117206984,5.758603145647723,401
0,0,1,3,6,1,0,-2178.4194630872485,15.785056555171675,1192
0,0,1,3,7,1,0,-2207.918367346939,1.5163965703836106,98
0,0,1,4,0,1,0,-2153.03,12.934724581487176,1000
0,0,1,4,4,1,0,-2193.1028037383176,10.068462845726657,749
0,0,1,5,0,1,0,-2170.691238670695,23.236771865815186,1655
0,0,1,6,0,0,0,-2150.2136363636364,11.41708430598196,880
0,0,1,6,0,1,0,-2190.0,11.56570067479184,810
0,0,1,7,0,0,0,-2170.08493310064,22.621755113223408,1719
0,0,1,8,0,0,0,-2187.748940677966,12.582334727025195,944
0,0,1,8,1,0,0,-2148.2433862433863,9.937184784599454,756
0,0,1,9,1,0,0,-2200.2545871559632,5.591347514869797,436
0,0,1,9,3,0,0,-2163.5958965209634,15.627691664656327,1121
0,0,1,9,7,0,0,-2133.25,1.373863166471197,120
0,0,1,10,7,0,0,-2170.304322084073,23.061346077767038,1689
0,0,1,11,7,0,0,-2170.5264367816094,22.929850342459062,1740
0,0,2,2,7,1,0,-2170.2711163614886,23.495190061974437,1693
0,0,2,3,4,1,0,-2140.429292929293,5.8601160489202275,396
0,0,2,3,6,1,0,-2177.858723404255,15.960870985833372,1175
0,0,2,3,7,1,0,-2207.876033057851,1.4914092729546837,121
0,0,2,4,0,1,0,-2153.9548872180453,12.809691268724693,931
0,0,2,4,4,1,0,-2193.4478764478763,10.244384404937417,777
0,0,2,5,0,1,0,-2170.9857142857145,22.254099370115288,1750
0,0,2,6,0,0,0,-2150.1864009378664,11.51711923460692,853
0,0,2,6,0,1,0,-2190.589928057554,11.483475532511385,834
0,0,2,7,0,0,0,-2170.5168738898756,23.199188562691653,1689
0,0,2,8,0,0,0,-2187.704704704705,12.958233046617156,999
0,0,2,8,1,0,0,-2148.5884615384616,9.663100324912056,780
0,0,2,9,1,0,0,-2199.8629213483146,5.909169831281116,445
0,0,2,9,3,0,0,-2163.637755102041,15.45262905204675,1176
0,0,2,10,7,0,0,-2170.4505928853755,23.189548976841944,1771
0,0,2,11,7,0,0,-2170.699593259733,22.772090241472373,1721
0,0,2,12,7,1,0,-3049.125141562854,23.094828193899357,1766
0,0,3,2,7,1,0,-2170.712990936556,22.892242920221783,1655
0,0,3,3,4,1,0,-2140.463700234192,5.948291501620687,427
0,0,3,3,6,1,0,-2177.597435897436,15.46159820544827,1170
0,0,3,3,7,1,0,-2207.827272727273,1.4576387557910895,110
0,0,3,4,0,1,0,-2153.9613526570047,13.073646985988695,1035
0,0,3,4,4,1,0,-2192.6793692509855,10.19145026344593,761
0,0,3,5,0,1,0,-2169.6329043088977,23.10804268967738,1787
0,0,3,6,0,0,0,-2150.494019138756,11.339105920731816,836
0,0,3,6,0,1,0,-2190.742791234141,11.765472643881834,867
0,0,3,7,0,0,0,-2170.526682134571,23.05272093172723,1724
0,0,3,8,0,0,0,-2188.0020746887967,13.244430280505714,964
0,0,3,8,1,0,0,-2148.0139470013946,10.124046559131235,717
0,0,3,9,1,0,0,-2200.963768115942,5.826488017051524,414
0,0,3,9,3,0,0,-2163.9958333333334,15.893735117085907,1200
0,0,3,10,7,0,0,-2171.5715962441313,23.125769436003203,1704
0,0,3,11,7,0,0,-2170.5865787896946,22.96438406551766,1669
0,0,3,12,7,1,0,-3050.037989479836,23.117246588250822,1711
0,0,4,2,7,1,0,-2170.082541567696,22.551202320103204,1684
0,0,4,3,4,1,0,-2140.5,5.85836346899293,426
0,0,4,3,6,1,0,-2177.5098374679214,15.95283190877626,1169
0,0,4,4,0,1,0,-2153.5072765072764,12.956205180020069,962
0,0,4,4,4,1,0,-2193.483574244415,9.952716378379447,761
0,0,4,5,0,1,0,-2169.9578567128237,22.99183230586684,1661
0,0,4,6,0,0,0,-2150.455621301775,11.106562152166802,845
0,0,4,6,0,1,0,-2190.23900789177,11.427992804207712,887
0,0,4,7,0,0,0,-2170.2564705882355,23.02045355025675,1700
0,0,4,8,0,0,0,-2188.264957264957,13.211069667192824,936
0,0,4,8,1,0,0,-2147.755905511811,10.080294335579358,762
0,0,4,9,1,0,0,-2200.345238095238,5.873860674986901,420
0,0,4,9,3,0,0,-2162.179220779221,15.908556365235587,1155
0,0,4,9,7,0,0,-2132.9850746268658,1.4350884033071585,134
0,0,4,10,7,0,0,-2170.8282710280373,23.224190675358425,1712
0,0,4,11,7,0,0,-2170.7602905569006,23.129400635678852,1652
0,0,4,12,7,1,0,-3050.9817850637523,22.908909315312847,1647
0,0,5,2,7,1,0,-2170.229228049499,23.050990469656508,1697
0,0,5,3,4,1,0,-2140.6548463356976,5.784876256019844,423
0,0,5,3,6,1,0,-2178.2538726333905,15.721985099488622,1162
0,0,5,4,0,1,0,-2152.0933191940617,12.916067574980765,943
0,0,5,4,4,1,0,-2193.054698457223,10.132839060888648,713
0,0,5,5,0,1,0,-2170.8183948447568,22.881161907595846,1707
0,0,5,6,0,0,0,-2150.635491606715,11.521910596687595,834
0,0,5,6,0,1,0,-2190.587485515643,11.53608600159224,863
0,0,5,7,0,0,0,-2170.1744885679905,23.0485726619659,1662
0,0,5,8,0,0,0,-2188.231335436383,13.379799666681304,951
0,0,5,8,1,0,0,-2147.9052631578948,9.96646871335823,760
0,0,5,9,1,0,0,-2200.5224215246635,5.762347978646456,446
0,0,5,9,3,0,0,-2162.7994880546075,15.975767691143993,1172
0,0,5,9,7,0,0,-2132.942857142857,1.4397656652676283,105
0,0,5,10,7,0,0,-2169.1451316595226,23.05283746623186,1633
0,0,5,11,7,0,0,-2170.260153031195,23.0848807674368,1699
0,0,5,12,7,1,0,-3050.6816816816818,23.257886922076217,1665
0,0,6,2,7,1,0,-2170.197084548105,23.297960788913525,1715
0,0,6,3,4,1,0,-2140.3375,5.6394675059008685,400
0,0,6,3,6,1,0,-2177.0908353609084,15.711971209443059,1233
0,0,6,3,7,1,0,-2208.261261261261,1.380114316587228,111
0,0,6,4,0,1,0,-2153.551470588235,13.041203204904505,952
0,0,6,4,4,1,0,-2192.613368283093,10.018262723555496,763
0,0,6,5,0,1,0,-2170.6600698486614,22.863535547581613,1718
0,0,6,6,0,0,0,-2150.4689331770223,11.500569674937097,853
0,0,6,6,0,1,0,-2190.4544419134395,11.136330460469846,878
0,0,6,7,0,0,0,-2171.2122641509436,22.841738950200085,1696
0,0,6,8,0,0,0,-2187.8548728813557,12.757148111992139,944
0,0,6,8,1,0,0,-2147.7555865921786,10.286281180400502,716
0,0,6,9,1,0,0,-2200.6020408163267,5.650067357162496,392
0,0,6,9,3,0,0,-2163.5717993079584,15.662615018571508,1156
0,0,6,9,7,0,0,-2132.965217391304,1.3573018943811017,115
0,0,6,10,7,0,0,-2170.892307692308,23.018032550250766,1690
0,0,6,11,7,0,0,-2171.5324357405143,22.976955899103217,1634
0,0,6,12,7,1,0,-3050.24156626506,23.17773302959349,1660
0,0,7,2,7,1,0,-2171.2410766530134,22.793892661576006,1709
0,0,7,3,4,1,0,-2140.5897435897436,5.672859951265252,429
0,0,7,3,6,1,0,-2178.258474576271,16.05246074527195,1180
0,0,7,3,7,1,0,-2207.8252427184466,1.3754235673224235,103
0,0,7,4,0,1,0,-2152.3727087576376,13.124640955016032,982
0,0,7,4,4,1,0,-2193.1020408163267,9.984306719754317,686
0,0,7,5,0,1,0,-2169.6666666666665,23.18529730347092,1629
0,0,7,6,0,0,0,-2150.913348946136,11.394130736814617,854
0,0,7,6,0,1,0,-2190.5050732807217,11.67773429253644,887
0,0,7,7,0,0,0,-2170.297053517739,22.824821857388386,1663
0,0,7,8,0,0,0,-2188.133333333333,12.771960028271595,945
0,0,7,8,1,0,0,-2148.0026109660575,10.003915341740669,766
0,0,7,9,1,0,0,-2200.244588744589,5.97204190962409,462
0,0,7,9,3,0,0,-2162.8107416879793,16.280260293967967,1173
0,0,7,9,7,0,0,-2133.127659574468,1.362366859152206,94
0,0,7,10,7,0,0,-2169.3817016317016,22.734237673740427,1716
0,0,7,11,7,0,0,-2170.8524027459953,23.181651584819672,1748
0,0,7,12,7,1,0,-3049.7566293459045,23.203063113398176,1697
0,0,8,2,7,1,0,-2171.913255956017,22.927466333838698,1637
0,0,8,3,4,1,0,-2140.744578313253,5.752092401133064,415
0,0,8,3,6,1,0,-2177.8899647887324,15.874265137653742,1136
0,0,8,3,7,1,0,-2207.8504672897197,1.331177107624216,107
0,0,8,4,0,1,0,-2152.9652432969215,12.590714864918747,1007
0,0,8,4,4,1,0,-2193.179806362379,10.06978589972583,723
0,0,8,5,0,1,0,-2169.8268674001156,23.183281136102725,1727
0,0,8,6,0,0,0,-2151.0152224824355,12.112799378822148,854
0,0,8,6,0,1,0,-2190.3498871331826,11.473668696296821,886
0,0,8,7,0,0,0,-2169.9132052076875,23.364385558828467,1613
0,0,8,8,0,0,0,-2188.0103519668737,13.13396086613415,966
0,0,8,8,1,0,0,-2147.8858695652175,10.295525426538196,736
0,0,8,9,1,0,0,-2200.6783216783215,5.885783193770423,429
0,0,8,9,3,0,0,-2162.7200342465753,15.644089741316794,1168
0,0,8,9,7,0,0,-2133.190476190476,1.4741921958947608,105
0,0,8,10,7,0,0,-2170.8229583095376,22.92865199442935,1751
0,0,8,11,7,0,0,-2170.2985436893205,23.39253361537206,1648
0,0,8,12,7,1,0,-3050.2975206611573,23.10325431292999,1694
0,0,9,2,7,1,0,-2169.4399079930995,22.81369994848037,1739
0,0,9,3,4,1,0,-2140.6227272727274,5.911731927279671,440
0,0,9,3,6,1,0,-2177.6443071491617,16.051430353679525,1133
0,0,9,3,7,1,0,-2207.9918032786886,1.3700299245407628,122
0,0,9,4,0,1,0,-2153.0419727177336,12.993029089573904,953
0,0,9,4,4,1,0,-2193.0393184796853,10.042427716979336,763
0,0,9,5,0,1,0,-2171.5886610373946,22.825760884753592,1658
0,0,9,6,0,0,0,-2150.544819557625,11.730929062896319,859
0,0,9,6,0,1,0,-2190.621212121212,11.387019454222765,858
0,0,9,7,0,0,0,-2171.296958855098,22.971555801981584,1677
0,0,9,8,0,0,0,-2187.508333333333,12.953198339533055,960
0,0,9,8,1,0,0,-2147.8804780876494,10.062569394838608,753
0,0,9,9,1,0,0,-2200.6995073891626,5.556990870966994,406
0,0,9,9,3,0,0,-2162.261845386534,15.782986902444177,1203
0,0,9,9,7,0,0,-2133.017094017094,1.426147197111798,117
0,0,9,10,7,0,0,-2169.9278818852927,23.28150129754657,1761
0,0,9,11,7,0,0,-2170.376168224299,22.866380298047588,1712
0,0,9,12,7,1,0,-3050.718440954043,23.218437206354974,1719
0,0,10,2,7,1,0,-2169.6956765861873,23.156342598365413,1781
0,0,10,3,4,1,0,-2140.302211302211,5.909187451721421,407
0,0,10,3,6,1,0,-2178.583769633508,15.71297021286168,1146
0,0,10,3,7,1,0,-2207.9504950495048,1.32288491856002,101
0,0,10,4,0,1,0,-2152.397379912664,13.371307746967318,916
0,0,10,4,4,1,0,-2193.551401869159,10.16179335040649,749
0,0,10,5,0,1,0,-2169.6784677887404,23.480841045453715,1723
0,0,10,6,0,0,0,-2150.7214611872146,11.466948560112034,876
0,0,10,6,0,1,0,-2189.954707985697,11.658442587101929,839
0,0,10,7,0,0,0,-2169.869405272839,22.898587279576642,1631
0,0,10,8,0,0,0,-2188.572927597062,12.75358442018035,953
0,0,10,8,1,0,0,-2147.989159891599,10.201487303198656,738
0,0,10,9,1,0,0,-2200.742014742015,5.71000921862803,407
0,0,10,9,3,0,0,-2163.3996865203762,15.875252321322575,1276
0,0,10,10,7,0,0,-2169.9214412285883,23.756748059700975,1693
0,0,10,11,7,0,0,-2170.9279224712295,23.092057924163107,1651
0,0,10,12,7,1,0,-3049.89352692075,22.81508905104802,1653
0,0,11,2,7,1,0,-2170.7131242740998,22.819524763866077,1722
0,0,11,3,4,1,0,-2140.646288209607,5.753050963856166,458
0,0,11,3,6,1,0,-2178.1982683982683,15.766741162081107,1155
0,0,11,3,7,1,0,-2207.902912621359,1.451578070895301,103
0,0,11,4,0,1,0,-2152.6178278688526,12.80370599022715,976
0,0,11,4,4,1,0,-2193.3548387096776,9.904674861567486,744
0,0,11,5,0,1,0,-2170.440658716638,23.326583539463122,1761
0,0,11,6,0,0,0,-2150.6732558139533,11.614204659168342,860
0,0,11,6,0,1,0,-2190.113765642776,11.630381902747896,879
0,0,11,7,0,0,0,-2170.770142180095,23.253303479909526,1688
0,0,11,8,0,0,0,-2188.2525354969575,12.756977912409486,986
0,0,11,8,1,0,0,-2148.4980184940555,10.347033029142356,757
0,0,11,9,1,0,0,-2200.677033492823,5.578796049584023,418
0,0,11,9,3,0,0,-2162.905723905724,15.98840702372294,1188
0,0,11,9,7,0,0,-2132.92,1.4190137420688722,100
0,0,11,10,7,0,0,-2170.2987326493662,23.48012587290293,1657
0,0,11,11,7,0,0,-2171.417109144543,22.779876538826976,1695
0,0,11,12,7,1,0,-3050.2343373493977,23.124047916174984,1660
0,0,12,2,7,1,0,-2169.562146892655,23.03386923890522,1770
0,0,12,3,4,1,0,-2140.7580645161293,5.848627546667613,434
0,0,12,3,6,1,0,-2178.0794066317626,16.01770873176992,1146
0,0,12,3,7,1,0,-2208.0,1.402378931241782,120
0,0,12,4,0,1,0,-2152.685222672065,13.089272435283139,988
0,0,12,4,4,1,0,-2193.296343001261,10.387532503857438,793
0,0,12,5,0,1,0,-2171.100683654444,23.199565066960876,1609
0,0,12,6,0,0,0,-2150.402644230769,11.37083155783645,832
0,0,12,6,0,1,0,-2190.5320139697324,11.609170515801303,859
0,0,12,7,0,0,0,-2170.6706689536877,23.128179695074127,1749
0,0,12,8,0,0,0,-2188.7703398558187,13.23400208989744,971
0,0,12,8,1,0,0,-2147.623955431755,9.978561138998284,718
0,0,12,9,1,0,0,-2200.8456221198157,5.88849082125971,434
0,0,12,9,3,0,0,-2162.153846153846,15.593180289204446,1170
0,0,12,9,7,0,0,-2132.8067226890757,1.3427509132576843,119
0,0,12,10,7,0,0,-2170.4158075601376,23.111440313675104,1746
0,0,12,11,7,0,0,-2170.499716713881,23.01305516736826,1765
0,0,12,12,7,1,0,-3050.2225352112678,23.085500584419766,1775
0,0,13,2,7,1,0,-2169.969715324046,22.36223028428734,1651
0,0,13,3,4,1,0,-2140.378048780488,5.9551990892574045,410
0,0,13,3,6,1,0,-2178.3959044368603,15.874408439161101,1172
0,0,13,3,7,1,0,-2208.2680412371133,1.3811355251293493,97
0,0,13,4,0,1,0,-2153.686432160804,12.954197117078849,995
0,0,13,4,4,1,0,-2192.5681198910083,9.862411370679188,734
0,0,13,5,0,1,0,-2170.9092558983666,23.087570847481555,1653
0,0,13,6,0,0,0,-2150.636261261261,11.437920591791219,888
0,0,13,6,0,1,0,-2190.4298245614036,11.417326792906435,798
0,0,13,7,0,0,0,-2171.9826139088727,23.44513079843911,1668
0,0,13,8,0,0,0,-2188.0010101010103,13.075422197586201,990
0,0,13,8,1,0,0,-2148.170610211706,10.320615358171866,803
0,0,13,9,1,0,0,-2200.309405940594,5.720452333112455,404
0,0,13,9,3,0,0,-2162.989285714286,16.035949330081376,1120
0,0,13,9,7,0,0,-2132.8958333333335,1.3729466989148,96
0,0,13,10,7,0,0,-2170.7353971962616,23.196276677779213,1712
0,0,13,11,7,0,0,-2169.8204204204203,22.99752311648731,1665
0,0,13,12,7,1,0,-3049.8994117647057,22.879811283313842,1700
0,0,14,2,7,1,0,-2170.971652593486,23.236078853341077,1658
0,0,14,3,4,1,0,-2140.6971153846152,5.6890237896194735,416
0,0,14,3,6,1,0,-2178.133108677338,15.635403867831371,1187
0,0,14,3,7,1,0,-2208.032258064516,1.2822327039880965,93
0,0,14,4,0,1,0,-2152.723140495868,13.12148424585607,968
0,0,14,4,4,1,0,-2192.512616201859,10.177973388306032,753
0,0,14,5,0,1,0,-2170.2222891566266,23.14406134371828,1660
0,0,14,6,0,0,0,-2150.2396694214876,11.551452941597832,847
0,0,14,6,0,1,0,-2190.3885647607935,11.56633790873487,857
0,0,14,7,0,0,0,-2170.569195136074,23.609095550095244,1727
0,0,14,8,0,0,0,-2187.880341880342,12.904423407236962,936
0,0,14,8,1,0,0,-2148.182978723404,10.24642444086763,705
0,0,14,9,1,0,0,-2200.7431578947367,5.597116788493533,475
0,0,14,9,3,0,0,-2162.916167664671,15.85649352863074,1169
0,0,14,9,7,0,0,-2132.990291262136,1.4845164987606907,103
0,0,14,10,7,0,0,-2170.7693672383207,23.400531885024634,1691
0,0,14,11,7,0,0,-2169.3527746319364,23.16855883682987,1766
0,0,14,12,7,1,0,-3051.374925727867,23.106414059441747,1683
0,0,15,2,7,1,0,-2170.2888752304857,23.258233781253217,1627
0,0,15,3,4,1,0,-2140.8409638554217,5.8378704680263604,415
0,0,15,3,6,1,0,-2177.858647936787,16.18755964302477,1139
0,0,15,4,0,1,0,-2152.8672286617493,13.000740467329871,949
0,0,15,4,4,1,0,-2193.054376657825,10.173610382748882,754
0,0,15,5,0,1,0,-2170.7580645161293,23.347608486935318,1736
0,0,15,6,0,0,0,-2150.294930875576,11.660644041613844,868
0,0,15,6,0,1,0,-2190.410138248848,11.793147603406958,868
0,0,15,7,0,0,0,-2170.8670588235295,23.873711302365315,1700
0,0,15,8,0,0,0,-2187.2717271727174,12.768561992023194,909
0,0,15,8,1,0,0,-2147.464864864865,10.153556592079203,740
0,0,15,9,1,0,0,-2200.6984536082473,5.631218000199609,388
0,0,15,9,3,0,0,-2163.68832309043,15.973923952558565,1139
0,0,15,10,7,0,0,-2169.4723529411763,23.70703172664073,1700
0,0,15,11,7,0,0,-2169.869222096956,23.35771118198292,1774
0,0,15,12,7,1,0,-3050.4970691676435,23.19028383968885,1706
0,0,16,2,7,1,0,-2170.119212962963,23.1438667047439,1728
0,0,16,3,4,1,0,-2140.7887931034484,5.6292228830555935,464
0,0,16,3,6,1,0,-2178.9665551839466,15.906306520677322,1196
0,0,16,3,7,1,0,-2208.1472868217056,1.5101762058485737,129
0,0,16,4,0,1,0,-2152.7288977159883,12.872030334086435,1007
0,0,16,4,4,1,0,-2192.3897849462364,9.8960295588296,744
0,0,16,5,0,1,0,-2170.44021101993,22.942872137135073,1706
0,0,16,6,0,0,0,-2150.1784897025173,11.44303149527413,874
0,0,16,6,0,1,0,-2190.8784067085953,11.675553451787327,954
0,0,16,7,0,0,0,-2170.8654416123295,23.32063630776223,1687
0,0,16,8,0,0,0,-2187.9104938271603,13.164174360322123,972
0,0,16,8,1,0,0,-2147.7863945578233,10.347267143563055,735
0,0,16,9,1,0,0,-2200.632754342432,5.759800719153932,403
0,0,16,9,3,0,0,-2162.7524834437086,15.645942721171531,1208
0,0,16,9,7,0,0,-2132.9137931034484,1.4596230355082764,116
0,0,16,10,7,0,0,-2170.2653701380177,22.829721932880144,1594
0,0,16,11,7,0,0,-2170.5461165048546,22.97947183235408,1648
0,0,16,12,7,1,0,-3050.574320050601,22.542286041095217,1581
0,0,17,2,7,1,0,-2170.5297973778306,22.574601660419354,1678
0,0,17,3,4,1,0,-2140.0305164319248,5.692966438461553,426
0,0,17,3,6,1,0,-2178.018883415435,15.818463305523899,1218
0,0,17,3,7,1,0,-2208.0721649484535,1.3641010233922075,97
0,0,17,4,0,1,0,-2152.9269602577874,13.098529090568803,931
0,0,17,4,4,1,0,-2193.0779392338177,10.030100114307425,757
0,0,17,5,0,1,0,-2170.8548387096776,23.177690394475466,1674
0,0,17,6,0,0,0,-2150.1666666666665,11.563260951487312,870
0,0,17,6,0,1,0,-2190.405498281787,11.661729618531153,873
0,0,17,7,0,0,0,-2171.338251986379,22.590069461180054,1762
0,0,17,8,0,0,0,-2188.4609297725024,12.796559515640197,1011
0,0,17,8,1,0,0,-2147.5836972343523,9.9189537740673,687
0,0,17,9,1,0,0,-2200.720873786408,5.846104936192037,412
0,0,17,9,3,0,0,-2162.541908713693,15.978593917407037,1205
0,0,17,9,7,0,0,-2133.2301587301586,1.4207235939889233,126
0,0,17,10,7,0,0,-2169.692926969523,23.249750633999046,1739
0,0,17,11,7,0,0,-2170.729043683589,22.825432581238147,1694
0,0,17,12,7,1,0,-3049.9911608721272,23.16346649300551,1697
0,0,18,2,7,1,0,-2170.994785631518,22.74187557004655,1726
0,0,18,3,4,1,0,-2140.576837416481,5.881078168396408,449
0,0,18,3,6,1,0,-2178.3137417218545,15.749069453386463,1208
0,0,18,3,7,1,0,-2208.0106382978724,1.379906571137138,94
0,0,18,4,0,1,0,-2153.034693877551,13.13038307132794,980
0,0,18,4,4,1,0,-2193.1942544459644,10.06928228746546,731
0,0,18,5,0,1,0,-2170.0308972073676,22.906179170158296,1683
0,0,18,6,0,0,0,-2150.5704622322437,11.581549788409944,887
0,0,18,6,0,1,0,-2190.8247191011237,11.5947807020059,890
0,0,18,7,0,0,0,-2170.2185697808536,23.391706873042303,1734
0,0,18,8,0,0,0,-2187.879714576962,12.833752577473113,981
0,0,18,8,1,0,0,-2147.8363402061855,10.014951143149096,776
0,0,18,9,1,0,0,-2200.689737470167,5.810792746350696,419
0,0,18,9,3,0,0,-2163.351464435146,15.75137331963282,1195
0,0,18,10,7,0,0,-2169.7903415783276,23.23599115179309,1698
0,0,18,11,7,0,0,-2170.8431130327363,23.024199084650224,1619
0,0,18,12,7,1,0,-3049.9376044568244,23.244528055307814,1795
0,0,19,2,7,1,0,-2170.0117716303707,23.303632939155438,1699
0,0,19,3,4,1,0,-2140.550925925926,5.643924878229269,432
0,0,19,3,6,1,0,-2177.8468013468014,15.78549705830474,1188
0,0,19,3,7,1,0,-2208.009009009009,1.3321762694706019,111
0,0,19,4,0,1,0,-2152.71906693712,13.005739938200726,986
0,0,19,4,4,1,0,-2193.0713342140025,10.053630820386344,757
0,0,19,5,0,1,0,-2170.516715542522,23.245921959484225,1705
0,0,19,6,0,0,0,-2150.585764294049,11.894418168861474,857
0,0,19,6,0,1,0,-2190.0586124401916,11.754981026560449,836
0,0,19,7,0,0,0,-2170.004884004884,22.973839251293064,1638
0,0,19,8,0,0,0,-2187.9630021141647,12.916372138164476,946
0,0,19,8,1,0,0,-2148.4240331491715,9.961585180739593,724
0,0,19,9,1,0,0,-2200.1666666666665,5.7292525602353725,426
0,0,19,9,3,0,0,-2163.632075471698,15.807459655825635,1166
0,0,19,9,7,0,0,-2132.8214285714284,1.4028942391119108,112
0,0,19,10,7,0,0,-2170.466467065868,23.31445572177904,1670
0,0,19,11,7,0,0,-2171.5816503173687,23.4257331155771,1733
0,0,19,12,7,1,0,-3051.403903015967,23.339485838272637,1691
0,0,20,2,7,1,0,-2170.445193929174,23.221268749134328,1779
0,0,20,3,4,1,0,-2140.48786407767,5.874690514466517,412
0,0,20,3,6,1,0,-2178.360414866033,15.821189335171512,1157
0,0,20,3,7,1,0,-2208.086956521739,1.329041612451682,115
0,0,20,4,0,1,0,-2152.5622489959837,12.910610987377785,996
0,0,20,4,4,1,0,-2192.956862745098,10.343232227017412,765
0,0,20,5,0,1,0,-2170.562126642772,23.303335028128156,1674
0,0,20,6,0,0,0,-2149.9383561643835,11.730744021106318,876
0,0,20,6,0,1,0,-2190.050647820966,11.469364229758227,849
0,0,20,7,0,0,0,-2170.0942501481923,23.51843497711094,1687
0,0,20,8,0,0,0,-2188.20281124498,13.051836417325754,996
0,0,20,8,1,0,0,-2147.614010989011,9.845407885867866,728
0,0,20,9,1,0,0,-2200.443418013857,5.727625156529519,433
0,0,20,9,3,0,0,-2163.255700325733,15.87650093184207,1228
0,0,20,9,7,0,0,-2133.1610169491523,1.3837454640231008,118
0,0,20,10,7,0,0,-2170.8197101449277,22.802376304506605,1725
0,0,20,11,7,0,0,-2170.5114908662345,23.0645379017383,1697
0,0,20,12,7,1,0,-3050.541690626797,22.767213690377933,1739
0,0,21,2,7,1,0,-2171.4794520547944,22.72956531537479,1679
0,0,21,3,4,1,0,-2140.6079295154186,5.560680767905365,454
0,0,21,3,6,1,0,-2178.1636980491944,15.56848685968295,1179
0,0,21,4,0,1,0,-2153.0738461538463,12.915928670138225,975
0,0,21,4,4,1,0,-2192.8805194805195,10.093009525835756,770
0,0,21,5,0,1,0,-2170.852179034158,23.184870489901645,1698
0,0,21,6,0,0,0,-2150.42374854482,12.144922121116128,859
0,0,21,6,0,1,0,-2190.9238521836505,11.73373988456808,893
0,0,21,7,0,0,0,-2171.211123723042,22.98975073880762,1762
0,0,21,8,0,0,0,-2187.197790055249,12.87387158945179,905
0,0,21,8,1,0,0,-2147.75,10.263702287955553,756
0,0,21,9,1,0,0,-2200.434243176179,5.986545593954012,403
0,0,21,9,3,0,0,-2163.026733500418,15.405332337673416,1197
0,0,21,9,7,0,0,-2132.9238095238097,1.371097843525419,105
0,0,21,10,7,0,0,-2170.5743440233236,23.141714145839536,1715
0,0,21,11,7,0,0,-2169.883529411765,23.108706518416867,1700
0,0,21,12,7,1,0,-3050.89368355222,23.03267285596138,1599
0,0,22,2,7,1,0,-2170.363690832834,23.45387017450452,1669
0,0,22,3,4,1,0,-2141.1002331002333,5.554705679889899,429
0,0,22,3,6,1,0,-2177.670068027211,16.11259242605535,1176
0,0,22,3,7,1,0,-2208.109090909091,1.422836185482195,110
0,0,22,4,0,1,0,-2153.9173640167364,13.034572300592917,956
0,0,22,4,4,1,0,-2192.872549019608,10.248003287110892,714
0,0,22,5,0,1,0,-2171.123957091776,22.427026637372467,1678
0,0,22,6,0,0,0,-2150.2267441860463,11.429194812054286,860
0,0,22,6,0,1,0,-2190.2057142857143,11.911241817397807,875
0,0,22,7,0,0,0,-2170.4613970588234,23.118667230607933,1632
0,0,22,8,0,0,0,-2188.691304347826,12.765967428505347,920
0,0,22,8,1,0,0,-2148.388961892247,10.149141926238304,761
0,0,22,9,1,0,0,-2200.6697674418606,6.038848453459852,430
0,0,22,9,3,0,0,-2163.4865092748737,16.025230006203984,1186
0,0,22,9,7,0,0,-2132.908163265306,1.450451968180316,98
0,0,22,10,7,0,0,-2170.877840909091,23.36339327533086,1760
0,0,22,11,7,0,0,-2171.551181102362,23.279650146883718,1651
0,0,22,12,7,1,0,-3051.4429447852763,23.37940200162127,1630
0,0,23,2,7,1,0,-2170.16936416185,22.629350427067468,1730
0,0,23,3,4,1,0,-2140.2579075425792,5.8469244104680005,411
0,0,23,3,6,1,0,-2177.9319186560565,15.575995432712363,1131
0,0,23,3,7,1,0,-2207.8809523809523,1.467138143400886,126
0,0,23,4,0,1,0,-2152.952577319588,12.909191904394797,970
0,0,23,4,4,1,0,-2192.7195121951218,10.202883580989665,738
0,0,23,5,0,1,0,-2171.7563571850974,23.175769111244183,1691
0,0,23,6,0,0,0,-2150.592289719626,11.599262238496644,856
0,0,23,6,0,1,0,-2190.069330199765,11.428874184385311,851
0,0,23,7,0,0,0,-2170.077840909091,22.8940536121003,1760
0,0,23,8,0,0,0,-2187.9852440408627,12.91115225825163,881
0,0,23,8,1,0,0,-2147.882183908046,10.178601842127435,696
0,0,23,9,1,0,0,-2200.6232558139536,5.710652518679828,430
0,0,23,9,3,0,0,-2163.0321489001694,16.049963716880207,1182
0,0,23,10,7,0,0,-2170.4514533085962,22.587484550268755,1617
0,0,23,11,7,0,0,-2170.7729952830186,22.86005934374466,1696
0,0,23,12,7,1,0,-3050.889375,23.486557583193598,1600
0,0,24,2,7,1,0,-2170.66270783848,22.846077149548236,1684
0,0,24,3,4,1,0,-2140.2576419213974,5.692176169824751,458
0,0,24,3,6,1,0,-2178.8430566967954,16.00346675233949,1217
0,0,24,3,7,1,0,-2207.9115044247787,1.398846061458923,113
0,0,24,4,0,1,0,-2152.436873747495,13.491388296320753,998
0,0,24,4,4,1,0,-2193.070365358593,10.13964345621984,739
0,0,24,5,0,1,0,-2170.878733572282,23.43488376610639,1674
0,0,24,6,0,0,0,-2150.095571095571,11.745760687922633,858
0,0,24,6,0,1,0,-2190.2662983425416,11.658436449216158,905
0,0,24,7,0,0,0,-2170.5460191981933,23.1007783941018,1771
0,0,24,8,0,0,0,-2188.1686879823596,12.972840373740734,907
0,0,24,8,1,0,0,-2147.771712158809,10.008308895364813,806
0,0,24,9,1,0,0,-2200.5023255813953,5.872184664280379,430
0,0,24,9,3,0,0,-2162.986865148862,15.918377702087726,1142
0,0,24,9,7,0,0,-2133.018018018018,1.3687765427115888,111
0,0,24,10,7,0,0,-2170.20488385944,23.49203760476208,1679
0,0,24,11,7,0,0,-2170.372159090909,23.039137104500746,1760
0,0,24,12,7,1,0,-3050.6311475409834,22.980589800585054,1708
0,0,25,2,7,1,0,-2170.242168674699,23.026420762425115,1660
0,0,25,3,4,1,0,-2140.5063025210084,5.849114903262753,476
0,0,25,3,6,1,0,-2177.839409722222,15.623257980662268,1152
0,0,25,3,7,1,0,-2207.9204545454545,1.4239955863798013,88
0,0,25,4,0,1,0,-2152.7590113285273,13.058515561986884,971
0,0,25,4,4,1,0,-2192.889466840052,9.90669111480044,769
0,0,25,5,0,1,0,-2170.5951025056947,23.728498454067704,1756
0,0,25,6,0,0,0,-2150.743023255814,11.365912323801624,860
0,0,25,6,0,1,0,-2190.669282511211,11.27646057773754,892
0,0,25,7,0,0,0,-2170.376786735277,23.21742875562348,1749
0,0,25,8,0,0,0,-2188.296812749004,12.991705513601126,1004
0,0,25,8,1,0,0,-2148.281805745554,10.036046388374066,731
0,0,25,9,1,0,0,-2200.561224489796,5.724662589600564,392
0,0,25,9,3,0,0,-2163.331918505942,15.796219805907803,1178
0,0,25,9,7,0,0,-2132.9795918367345,1.449698011306655,98
0,0,25,10,7,0,0,-2170.433962264151,22.95307204658822,1696
0,0,25,11,7,0,0,-2169.9477048227773,22.926724260562136,1721
0,0,25,12,7,1,0,-3049.2998798076924,22.64771702674144,1664
0,0,26,2,7,1,0,-2170.643534994069,22.479551331677474,1686
0,0,26,3,4,1,0,-2140.5073529411766,5.859878943070889,408
0,0,26,3,6,1,0,-2178.3347639484978,15.867299546593218,1165
0,0,26,3,7,1,0,-2208.074468085106,1.4084801054280296,94
0,0,26,4,0,1,0,-2152.841414141414,13.055209185953503,990
0,0,26,4,4,1,0,-2193.4025477707005,9.824238509903408,785
0,0,26,5,0,1,0,-2169.8778228141286,22.977056361896796,1727
0,0,26,6,0,0,0,-2150.2194543297746,11.237773160608285,843
0,0,26,6,0,1,0,-2189.767688679245,11.752219514900826,848
0,0,26,7,0,0,0,-2169.4962622196663,22.882085493223986,1739
0,0,26,8,0,0,0,-2187.4505154639173,12.793447289507373,970
0,0,26,8,1,0,0,-2148.058432934927,10.48995149040485,753
0,0,26,9,1,0,0,-2200.550480769231,5.708659899218588,416
0,0,26,9,3,0,0,-2163.56711409396,16.31507699363967,1192
0,0,26,9,7,0,0,-2133.176470588235,1.4806713151873643,85
0,0,26,10,7,0,0,-2170.4888103651356,23.02799913257941,1698
0,0,26,11,7,0,0,-2170.995887191539,22.915557592931677,1702
0,0,26,12,7,1,0,-3050.60901826484,23.23965839518116,1752
0,0,27,2,7,1,0,-2169.805988023952,23.147808578528743,1670
0,0,27,3,4,1,0,-2140.817330210773,5.665490207289038,427
0,0,27,3,6,1,0,-2178.452440033085,15.594624726125824,1209
0,0,27,3,7,1,0,-2207.875,1.4142135623730951,128
0,0,27,4,0,1,0,-2153.3804573804573,12.788490171732722,962
0,0,27,4,4,1,0,-2192.779069767442,10.10405941719679,774
0,0,27,5,0,1,0,-2171.0272572402046,22.983448253303678,1761
0,0,27,6,0,0,0,-2150.7829545454547,11.873458958262972,880
0,0,27,6,0,1,0,-2190.8739789964993,11.481931914123178,857
0,0,27,7,0,0,0,-2170.670114942529,23.121028965974293,1740
0,0,27,8,0,0,0,-2187.825232678387,12.900440671399203,967
0,0,27,8,1,0,0,-2148.3980582524273,10.085127078258012,721
0,0,27,9,1,0,0,-2200.4201877934274,5.698567974417141,426
0,0,27,9,3,0,0,-2162.402908468777,15.990352900890393,1169
0,0,27,9,7,0,0,-2132.3173076923076,9.0077577922302,104
0,0,27,10,7,0,0,-2170.337085308057,23.421002626197264,1688
0,0,27,11,7,0,0,-2170.3935018050543,22.766256537122228,1662
0,0,27,12,7,1,0,-3051.0974212034384,23.11711107153085,1745
0,0,28,2,7,1,0,-2170.7976261127596,22.943330916283728,1685
0,0,28,3,4,1,0,-2140.3654320987653,5.764496712268772,405
0,0,28,3,6,1,0,-2177.0458793542907,15.831888776169167,1177
0,0,28,3,7,1,0,-2208.139534883721,1.3990261624389722,86
0,0,28,4,0,1,0,-2153.329411764706,12.99224537024653,935
0,0,28,4,4,1,0,-2193.321882951654,10.504667786706737,786
0,0,28,5,0,1,0,-2171.0029274004683,23.147260288812816,1708
0,0,28,6,0,0,0,-2150.4723247232473,11.314721022410264,813
0,0,28,6,0,1,0,-2190.129424778761,11.503359325665393,904
0,0,28,7,0,0,0,-2169.9785074626866,23.67187671110569,1675
0,0,28,8,0,0,0,-2188.0668756530827,12.886276952908236,957
0,0,28,8,1,0,0,-2148.330623306233,10.097849721041994,738
0,0,28,9,1,0,0,-2200.069868995633,5.85929713070307,458
0,0,28,9,3,0,0,-2163.705882352941,15.898714092142614,1122
0,0,28,9,7,0,0,-2132.826923076923,1.4639403345284125,104
0,0,28,10,7,0,0,-2170.7969040247676,23.22432514286544,1615
0,0,28,11,7,0,0,-2170.4912597950574,23.194133438424394,1659
0,0,28,12,7,1,0,-3049.317543859649,23.133714715558863,1710
0,0,29,2,7,1,0,-2170.6385836385834,23.204721972127853,1638
0,0,29,3,4,1,0,-2140.5314685314684,5.823516583347102,429
0,0,29,3,6,1,0,-2177.986678507993,16.21072381987554,1126
0,0,29,3,7,1,0,-2208.095744680851,1.451845113017239,94
0,0,29,4,0,1,0,-2152.4309623430963,13.181007459635227,956
0,0,29,4,4,1,0,-2192.7450462351385,9.937705170096143,757
0,0,29,5,0,1,0,-2170.491364902507,22.74174515705721,1795
0,0,29,6,0,0,0,-2150.2590855803046,11.535649524425253,853
0,0,29,6,0,1,0,-2190.518779342723,11.477611372945567,852
0,0,29,7,0,0,0,-2170.020457280385,23.076460889902464,1662
0,0,29,8,0,0,0,-2188.388707926167,13.094198206419062,921
0,0,29,8,1,0,0,-2148.4710042432816,9.91806287164939,707
0,0,29,9,1,0,0,-2200.3917050691243,5.737219846219908,434
0,0,29,9,3,0,0,-2162.876935615322,16.101410925889557,1227
0,0,29,9,7,0,0,-2133.0485436893205,1.470609415597329,103
0,0,29,10,7,0,0,-2169.8008130081303,23.002179855052137,1722
0,0,29,11,7,0,0,-2171.161176470588,22.942842503616582,1700
0,0,29,12,7,1,0,-3050.9768250289685,22.696535396498884,1726
0,0,30,2,7,1,0,-2171.4154929577467,23.053874326656878,1704
0,0,30,3,4,1,0,-2139.995535714286,5.920980981581406,448
0,0,30,3,6,1,0,-2178.7845631891432,15.931130381282081,1179
0,0,30,3,7,1,0,-2208.0,1.4075269358667861,106
0,0,30,4,0,1,0,-2152.9059405940593,13.16566432749617,1010
0,0,30,4,4,1,0,-2192.3633802816903,9.961068434041719,710
0,0,30,5,0,1,0,-2168.740783410138,23.494672311759828,1736
0,0,30,6,0,0,0,-2149.915764139591,11.239655144198087,831
0,0,30,6,0,1,0,-2190.6798603026778,11.559380609395143,859
0,0,30,7,0,0,0,-2170.0342548076924,22.94151541402843,1664
0,0,30,8,0,0,0,-2188.2432989690724,13.124486497252835,970
0,0,30,8,1,0,0,-2148.0885558583104,10.177527996394623,734
0,0,30,9,1,0,0,-2200.2292682926827,5.562165041864708,410
0,0,30,9,3,0,0,-2162.825,15.713805565355539,1160
0,0,30,9,7,0,0,-2133.0467289719627,1.3491650417844732,107
0,0,30,10,7,0,0,-2170.482005899705,23.629330321289682,1695
0,0,30,11,7,0,0,-2169.320699708455,22.864993743036784,1715
0,0,30,12,7,1,0,-3050.6479713603817,22.89318747747268,1676
0,0,31,2,7,1,0,-2170.664122137405,22.662318243096372,1703
0,0,31,3,4,1,0,-2140.6793721973095,5.777866812009504,446
0,0,31,3,6,1,0,-2177.66203301477,16.13834441921073,1151
0,0,31,3,7,1,0,-2207.9663865546217,1.365436324134951,119
0,0,31,4,0,1,0,-2153.45493107105,12.974231519871982,943
0,0,31,4,4,1,0,-2193.065948855989,10.603699835940649,743
0,0,31,5,0,1,0,-2170.031212484994,23.09280271395611,1666
0,0,31,6,0,0,0,-2149.904925544101,11.707053748434708,873
0,0,31,6,0,1,0,-2190.8004640371228,11.88213968127802,862
0,0,31,7,0,0,0,-2170.367710251688,23.21808874371427,1629
0,0,31,8,0,0,0,-2188.026973026973,13.21701865575986,1001
0,0,31,8,1,0,0,-2147.8681022880214,10.318290808152183,743
0,0,31,9,1,0,0,-2200.1925925925925,5.890141958461892,405
0,0,31,9,3,0,0,-2162.1426056338028,16.196659418218264,1136
0,0,31,9,7,0,0,-2133.024,1.4447920268070247,125
0,0,31,10,7,0,0,-2171.167580743449,22.681845770171517,1641
0,0,31,11,7,0,0,-2171.3636363636365,23.04549300984334,1705
0,0,31,12,7,1,0,-3050.539298669891,23.2876308770381,1654
0,0,32,2,7,1,0,-2170.4499417927823,23.129100586559222,1718
0,0,32,3,4,1,0,-2140.6560975609755,5.787393734190142,410
0,0,32,3,6,1,0,-2178.138422818792,16.101871588501385,1192
0,0,32,3,7,1,0,-2208.1592920353983,1.454722986469671,113
0,0,32,4,0,1,0,-2152.7261146496817,12.728311455329935,942
0,0,32,4,4,1,0,-2193.063371356147,10.485238064916144,789
0,0,32,5,0,1,0,-2170.462829736211,23.014054399569122,1668
0,0,32,6,0,0,0,-2150.995327102804,11.421817810137854,856
0,0,32,6,0,1,0,-2190.467365967366,11.405514668659588,858
0,0,32,7,0,0,0,-2169.8642048838597,22.91254105613274,1679
0,0,32,8,0,0,0,-2188.1084953940635,12.897537294294512,977
0,0,32,8,1,0,0,-2148.1698630136984,10.3559219367491,730
0,0,32,9,1,0,0,-2200.633262260128,5.759005390568889,469
0,0,32,9,3,0,0,-2162.692183722804,16.105274489556823,1241
0,0,32,9,7,0,0,-2132.9134615384614,1.4284915185202933,104
0,0,32,10,7,0,0,-2170.471520845567,23.233785521124112,1703
0,0,32,11,7,0,0,-2171.46887966805,22.71448668285784,1687
0,0,32,12,7,1,0,-3050.927452118398,23.36579752987726,1723
0,0,33,2,7,1,0,-2169.9300057372348,23.353398397119868,1743
0,0,33,3,4,1,0,-2140.0112107623318,5.465534889510705,446
0,0,33,3,6,1,0,-2178.0471854304637,15.558379442784753,1208
0,0,33,3,7,1,0,-2207.9716981132074,1.4950077124568344,106
0,0,33,4,0,1,0,-2153.3753846153845,12.877434416867288,975
0,0,33,4,4,1,0,-2193.265625,9.998425168964111,768
0,0,33,5,0,1,0,-2170.2030804335427,22.677979641463534,1753
0,0,33,6,0,0,0,-2150.6806722689075,11.32670244439334,833
0,0,33,6,0,1,0,-2190.4757969303423,11.524792526677727,847
0,0,33,7,0,0,0,-2169.795480880649,23.19868344387308,1726
0,0,33,8,0,0,0,-2188.1841563786006,12.442213590109073,972
0,0,33,8,1,0,0,-2148.6697127937337,10.024215936398374,766
0,0,33,9,1,0,0,-2200.2313084112147,5.903448316686633,428
0,0,33,9,3,0,0,-2163.3473861720067,16.08920319474047,1186
0,0,33,9,7,0,0,-2132.7796610169494,1.4210022314905293,118
0,0,33,10,7,0,0,-2170.220606060606,22.98742343101006,1650
0,0,33,11,7,0,0,-2170.987356321839,23.342917430367176,1740
0,0,33,12,7,1,0,-3050.6157303370787,23.37425309206454,1780
0,0,34,2,7,1,0,-2170.6322360953463,23.213411631251876,1762
0,0,34,3,4,1,0,-2141.004376367615,5.835826730299289,457
0,0,34,3,6,1,0,-2177.8777403035415,15.80992900882229,1186
0,0,34,3,7,1,0,-2208.0873015873017,1.3744831136433848,126
0,0,34,4,0,1,0,-2153.082912032356,13.285052503968963,989
0,0,34,4,4,1,0,-2192.9002732240438,10.42863596127397,732
0,0,34,5,0,1,0,-2170.705226071638,23.18163394526132,1703
0,0,34,6,0,0,0,-2150.0071258907365,11.465322975462811,842
0,0,34,6,0,1,0,-2191.316371681416,11.519391005420049,904
0,0,34,7,0,0,0,-2170.7245762711864,23.133647943935298,1652
0,0,34,8,0,0,0,-2188.5201207243463,13.106363268787943,994
0,0,34,8,1,0,0,-2147.8488529014844,9.962078673871819,741
0,0,34,9,1,0,0,-2200.4622871046226,5.58590628533545,411
0,0,34,9,3,0,0,-2162.74957841484,15.992373413930338,1186
0,0,34,9,7,0,0,-2133.09,1.3935207207088223,100
0,0,34,10,7,0,0,-2169.898395721925,22.86304292584356,1683
0,0,34,11,7,0,0,-2170.982476635514,23.127307592601035,1712
0,0,34,12,7,1,0,-3050.327327327327,23.131619826570844,1665
0,0,35,2,7,1,0,-2171.402037147993,22.954212807335253,1669
0,0,35,3,6,1,0,-2187.9974126778784,10.337387076661152,773
0,0,35,3,7,1,0,-2208.0619469026547,1.3779758524038515,113
0,0,35,12,7,1,0,-3050.2847181871007,22.640233634288638,1721
0,1,1,2,0,0,1,-1715.6601178781925,20.22089216981861,1527
0,1,1,2,0,1,1,-1755.627358490566,2.7792707411515165,212
0,1,1,3,0,0,1,-1721.1040697674418,23.243483351698217,1720
0,1,1,4,0,0,1,-1753.1611940298508,4.250828022008066,335
0,1,1,4,1,0,1,-1718.6840307429547,15.961821748236689,1171
0,1,1,4,3,0,1,-1685.5891089108911,2.7762215575621743,202
0,1,1,5,3,0,1,-1738.1772679874869,13.118290109375998,959
0,1,1,5,7,0,1,-1698.271978021978,10.096386332086976,728
0,1,1,6,7,0,1,-1720.7687723480333,23.18583631796771,1678
0,1,1,7,7,0,1,-1736.228959276018,14.352860036407904,1105
0,1,1,9,6,1,1,-2572.75,7.286577826217273,536
0,1,1,9,7,1,1,-2598.385767790262,7.107854472248365,534
0,1,1,10,4,1,1,-2585.8438095238093,14.373997182826628,1050
0,1,1,10,6,1,1,-2625.3082489146163,8.743767098344659,691
0,1,1,11,0,1,1,-2598.40196681008,22.033068873268068,1627
0,1,1,11,4,1,1,-2638.091836734694,1.3708833338732525,98
0,1,1,12,0,1,1,-2600.0935464772056,22.884931345436705,1689
0,1,2,2,0,0,1,-1715.4538514920193,20.022596206904886,1441
0,1,2,2,0,1,1,-1755.4784688995214,3.121275280774689,209
0,1,2,3,0,0,1,-1719.274886877828,22.97355361521465,1768
0,1,2,4,0,0,1,-1752.7341389728097,4.328157031783376,331
0,1,2,4,1,0,1,-1717.676724137931,15.591934573739684,1160
0,1,2,4,3,0,1,-1685.5975609756097,2.904411094814284,246
0,1,2,5,3,0,1,-1737.736894164194,12.779883961635743,1011
0,1,2,5,7,0,1,-1698.1050477489769,10.075764238872708,733
0,1,2,6,7,0,1,-1721.8372093023256,23.205243764868815,1677
0,1,2,7,7,0,1,-1735.8154138915318,14.527646477474327,1051
0,1,2,7,7,1,1,-2575.369985141159,8.621207627176089,673
0,1,2,8,7,1,1,-2600.269230769231,22.987982258395853,1716
0,1,2,9,6,1,1,-2573.0732177263967,7.246980332814632,519
0,1,2,9,7,1,1,-2612.659663865546,15.974011558333242,1190
0,1,2,10,4,1,1,-2585.4708603145236,14.058202398308579,1081
0,1,2,10,6,1,1,-2626.291291291291,8.488243900819038,666
0,1,2,11,0,1,1,-2598.62101910828,21.624554137307335,1570
0,1,2,11,4,1,1,-2637.9666666666667,1.5107025592540717,120
0,1,2,12,0,1,1,-2599.989036353145,22.912321800721568,1733
0,1,3,2,0,0,1,-1715.068717277487,20.15132192482289,1528
0,1,3,2,0,1,1,-1755.4778761061948,2.8427748662092576,226
0,1,3,3,0,0,1,-1720.0546511627906,23.162907180764215,1720
0,1,3,4,0,0,1,-1753.2358208955225,4.176111934905819,335
0,1,3,4,1,0,1,-1717.780053428317,16.244642193574485,1123
0,1,3,4,3,0,1,-1685.5283018867924,2.819097765447691,212
0,1,3,5,3,0,1,-1737.8739583333333,12.70505759523787,960
0,1,3,5,7,0,1,-1698.0894941634242,10.327630632339293,771
0,1,3,6,7,0,1,-1721.4095404304828,23.007114810426163,1719
0,1,3,7,7,0,1,-1735.7599629286376,14.652250454180276,1079
0,1,3,7,7,1,1,-2575.4009584664536,8.850945277697184,626
0,1,3,8,7,1,1,-2601.251356238698,23.37600744781019,1659
0,1,3,9,6,1,1,-2573.022813688213,7.192323515984913,526
0,1,3,9,7,1,1,-2612.8894691035684,15.716121854338464,1149
0,1,3,10,4,1,1,-2585.181399631676,14.456299304084382,1086
0,1,3,10,6,1,1,-2626.026234567901,8.593400605695978,648
0,1,3,11,0,1,1,-2597.727781230578,21.865353942559505,1609
0,1,3,11,4,1,1,-2638.3529411764707,1.369464320733266,119
0,1,3,12,0,1,1,-2600.590799031477,23.228356065589413,1652
0,1,4,2,0,0,1,-1715.2219812002893,20.115373150906272,1383
0,1,4,2,0,1,1,-1755.3333333333333,2.8837681834804973,213
0,1,4,3,0,0,1,-1720.8570540708515,22.676489941016662,1609
0,1,4,4,0,0,1,-1752.8493975903614,4.2548589798778815,332
0,1,4,4,1,0,1,-1718.2510822510822,15.554155807961447,1155
0,1,4,4,3,0,1,-1685.4789473684211,2.839028549070064,190
0,1,4,5,3,0,1,-1737.276008492569,13.079303994684674,942
0,1,4,5,7,0,1,-1697.91697645601,10.150383333274574,807
0,1,4,6,7,0,1,-1720.762827822121,22.969655958542102,1754
0,1,4,7,7,0,1,-1735.4106796116505,14.485120672510602,1030
0,1,4,7,7,1,1,-2575.4961119751165,8.676736409113154,643
0,1,4,8,7,1,1,-2600.52389380531,23.208822225301837,1695
0,1,4,9,6,1,1,-2572.3570127504554,7.216913132124735,549
0,1,4,9,7,1,1,-2612.8521665250637,16.002025067651797,1177
0,1,4,10,4,1,1,-2585.3224254090474,14.566993274455706,1039
0,1,4,10,6,1,1,-2625.7590187590185,8.449558005937984,693
0,1,4,11,0,1,1,-2597.646687697161,21.798216364269642,1585
0,1,4,11,4,1,1,-2637.9813084112147,1.3183202882553262,107
0,1,4,12,0,1,1,-2600.0841463414636,23.001966880413793,1640
0,1,5,2,0,0,1,-1715.9189534141672,20.41607264851809,1567
0,1,5,2,0,1,1,-1755.3347639484978,2.9223780751949366,233
0,1,5,3,0,0,1,-1720.4773781902552,22.99594080176567,1724
0,1,5,4,0,0,1,-1752.6748251748252,4.098762708234351,286
0,1,5,4,1,0,1,-1718.2574171029669,15.775393998458707,1146
0,1,5,4,3,0,1,-1685.7285714285715,2.86815734058186,210
0,1,5,5,3,0,1,-1737.6888412017167,12.911541396456514,932
0,1,5,5,7,0,1,-1697.97699594046,10.294881535682466,739
0,1,5,6,7,0,1,-1720.8564245810055,23.44853035999489,1790
0,1,5,7,7,0,1,-1735.5635707844906,14.628022820306567,1109
0,1,5,7,7,1,1,-2576.031545741325,8.685839039428831,634
0,1,5,8,7,1,1,-2600.765306122449,23.063579780705254,1666
0,1,5,9,6,1,1,-2573.401129943503,7.303426345797336,531
0,1,5,9,7,1,1,-2612.8708333333334,15.939703551352544,1200
0,1,5,10,4,1,1,-2585.764540337711,14.46934715711875,1066
0,1,5,10,6,1,1,-2626.0241935483873,8.625976999011396,620
0,1,5,11,0,1,1,-2597.3500942803266,21.71297244792752,1591
0,1,5,11,4,1,1,-2638.0,1.3853490243498847,99
0,1,5,12,0,1,1,-2600.662390670554,22.903925646660245,1715
0,1,6,2,0,0,1,-1714.972534332085,20.258115796493183,1602
0,1,6,2,0,1,1,-1755.3434343434344,2.8272184143399364,198
0,1,6,3,0,0,1,-1720.8660092807424,22.78281967784274,1724
0,1,6,4,0,0,1,-1753.039393939394,4.2033492701751465,330
0,1,6,4,1,0,1,-1717.590909090909,15.971934701343805,1122
0,1,6,4,3,0,1,-1685.75,2.967241357998294,188
0,1,6,5,3,0,1,-1738.910186199343,12.961846246777627,913
0,1,6,5,7,0,1,-1697.3445850914206,10.075703369289446,711
0,1,6,6,7,0,1,-1719.248425872925,22.726040468616464,1747
0,1,6,7,7,0,1,-1735.56906614786,14.268959545842861,1028
0,1,6,7,7,1,1,-2576.4367088607596,8.779423256251913,632
0,1,6,8,7,1,1,-2599.7255574614064,22.75509439857634,1749
0,1,6,9,6,1,1,-2573.0074074074073,7.121689662505799,540
0,1,6,9,7,1,1,-2612.8184713375795,15.929697545966535,1256
0,1,6,10,4,1,1,-2585.5085877862593,14.52031752090122,1048
0,1,6,10,6,1,1,-2625.237878787879,8.729404595504572,660
0,1,6,11,0,1,1,-2597.5763358778627,21.829373021755217,1572
0,1,6,11,4,1,1,-2638.0086206896553,1.4172319403949274,116
0,1,6,12,0,1,1,-2600.6930870083434,23.158995191682497,1678
0,1,7,2,0,0,1,-1715.5625,20.397369259226327,1520
0,1,7,2,0,1,1,-1755.5969387755101,2.9788010902092674,196
0,1,7,3,0,0,1,-1721.683156654888,23.230492763613515,1698
0,1,7,4,0,0,1,-1753.0815709969788,4.1927853380942315,331
0,1,7,4,1,0,1,-1716.88698630137,15.473327752612477,1168
0,1,7,4,3,0,1,-1685.482608695652,2.8295263353219835,230
0,1,7,5,3,0,1,-1737.75,13.098186897429736,960
0,1,7,5,7,0,1,-1698.3970390309555,10.058367580931186,743
0,1,7,6,7,0,1,-1718.9486745628878,22.893243120818738,1773
0,1,7,7,7,0,1,-1734.9565627950897,14.915626787482374,1059
0,1,7,7,7,1,1,-2575.733429394813,8.808536961207485,694
0,1,7,8,7,1,1,-2601.3131652661064,23.3887130792888,1785
0,1,7,9,6,1,1,-2572.4193548387098,7.3325843908506565,558
0,1,7,9,7,1,1,-2612.7512437810947,15.772989831885202,1206
0,1,7,10,4,1,1,-2584.7259395050414,14.51851928748574,1091
0,1,7,10,6,1,1,-2624.811463046757,8.5789240572852,663
0,1,7,11,0,1,1,-2597.9150366748167,21.81794519042407,1636
0,1,7,11,4,1,1,-2637.695652173913,1.4426660889091003,92
0,1,7,12,0,1,1,-2600.713692946058,22.53831242105769,1687
0,1,8,2,0,0,1,-1715.9399865138234,19.97560310359535,1483
0,1,8,2,0,1,1,-1755.3316062176166,2.9192741681962384,193
0,1,8,3,0,0,1,-1721.4332932692307,22.655851727964187,1664
0,1,8,4,0,0,1,-1752.6123778501628,4.270523529887417,307
0,1,8,4,1,0,1,-1717.4953429297207,15.806225645829183,1181
0,1,8,4,3,0,1,-1685.490990990991,2.82642133748019,222
0,1,8,5,3,0,1,-1738.1285425101214,12.88546065364091,988
0,1,8,5,7,0,1,-1698.2122395833333,10.364980412097697,768
0,1,8,6,7,0,1,-1720.796285200719,23.53945398536303,1669
0,1,8,7,7,0,1,-1735.4068406840684,14.443225328359883,1111
0,1,8,7,7,1,1,-2575.5974025974024,8.57606869690671,616
0,1,8,8,7,1,1,-2600.1970760233917,23.020339155673664,1710
0,1,8,9,6,1,1,-2573.0984555984555,7.09858580245866,518
0,1,8,9,7,1,1,-2613.6110581506196,15.696456696877725,1049
0,1,8,10,4,1,1,-2585.236817761332,14.50073763325984,1081
0,1,8,10,6,1,1,-2625.3509933774835,8.321120240623548,604
0,1,8,11,0,1,1,-2597.2221526908634,21.41055463282101,1598
0,1,8,11,4,1,1,-2638.0833333333335,1.2990381053181916,108
0,1,8,12,0,1,1,-2600.080727686185,23.24725022000985,1759
0,1,9,2,0,0,1,-1715.9868938401048,20.03515484844827,1526
0,1,9,2,0,1,1,-1755.5087719298247,2.8353829965696926,228
0,1,9,3,0,0,1,-1720.1443298969073,23.083835813573376,1746
0,1,9,4,0,0,1,-1753.0030581039755,4.4264277718690135,327
0,1,9,4,1,0,1,-1717.177797051171,15.934671259194028,1153
0,1,9,4,3,0,1,-1685.3737373737374,2.954489337281505,198
0,1,9,5,3,0,1,-1737.0144927536232,13.147034283691024,966
0,1,9,5,7,0,1,-1697.956462585034,10.19367596423725,735
0,1,9,6,7,0,1,-1720.0395415472778,23.09807508364645,1745
0,1,9,7,7,0,1,-1735.3691860465117,14.226924064234387,1032
0,1,9,7,7,1,1,-2575.201923076923,8.496469637623568,624
0,1,9,8,7,1,1,-2601.190476190476,22.732039323937187,1701
0,1,9,9,6,1,1,-2572.7127071823206,7.2084437801021215,543
0,1,9,9,7,1,1,-2613.0,15.878942705947768,1193
0,1,9,10,4,1,1,-2585.738872403561,14.61944095112607,1011
0,1,9,10,6,1,1,-2625.2969984202214,8.492182474838936,633
0,1,9,11,0,1,1,-2598.5603658536584,22.010917797891853,1640
0,1,9,12,0,1,1,-2600.643026004728,23.324648684013194,1692
0,1,10,2,0,0,1,-1715.6640159045726,20.354848356095253,1509
0,1,10,2,0,1,1,-1755.5324074074074,3.085039428969473,216
0,1,10,3,0,0,1,-1719.4397660818713,22.648926183269417,1710
0,1,10,4,0,0,1,-1752.6961651917404,4.419621379781489,339
0,1,10,4,1,0,1,-1717.4476843910807,16.146634800863637,1166
0,1,10,4,3,0,1,-1685.6113744075828,2.7417542914025135,211
0,1,10,5,3,0,1,-1737.5783251231528,13.168911111191074,1015
0,1,10,5,7,0,1,-1697.7871485943774,9.746118344923799,747
0,1,10,6,7,0,1,-1719.9775349119611,22.915596680325855,1647
0,1,10,7,7,0,1,-1735.635623869801,14.489072905218247,1106
0,1,10,7,7,1,1,-2576.11968503937,8.58444885281851,635
0,1,10,8,7,1,1,-2600.6765046296296,23.025652035745985,1728
0,1,10,9,6,1,1,-2572.6462093862815,7.049676368059182,554
0,1,10,9,7,1,1,-2612.9547872340427,15.843054895752523,1128
0,1,10,10,4,1,1,-2585.148182665424,14.347161490364872,1073
0,1,10,10,6,1,1,-2625.5757575757575,8.757876520099392,627
0,1,10,11,0,1,1,-2597.7454545454543,21.523442643674695,1540
0,1,10,11,4,1,1,-2637.9538461538464,1.3970382872347602,130
0,1,10,12,0,1,1,-2600.93888242142,22.996008443617473,1718
0,1,11,2,0,0,1,-1714.8865489130435,20.67489113431938,1472
0,1,11,2,0,1,1,-1755.514619883041,2.904637802215979,171
0,1,11,3,0,0,1,-1719.4692575406032,23.083417912254493,1724
0,1,11,4,0,0,1,-1753.111111111111,4.051575465017002,297
0,1,11,4,1,0,1,-1718.1845386533666,15.819719809317693,1203
0,1,11,4,3,0,1,-1685.1719457013576,2.8787456915562957,221
0,1,11,5,3,0,1,-1737.8617810760668,12.728228360570679,1078
0,1,11,5,7,0,1,-1697.7578534031413,10.095758976853801,764
0,1,11,6,7,0,1,-1720.6638755980862,22.567801857371254,1672
0,1,11,7,7,0,1,-1735.737419945105,14.37307255146578,1093
0,1,11,7,7,1,1,-2575.593093093093,8.473836099475102,666
0,1,11,8,7,1,1,-2600.598010532475,23.06262409897968,1709
0,1,11,9,6,1,1,-2573.0057471264367,7.1014788216019085,522
0,1,11,9,7,1,1,-2613.404023470243,16.089681101921805,1193
0,1,11,10,4,1,1,-2585.3623188405795,14.381050684091724,1035
0,1,11,10,6,1,1,-2625.3842443729905,8.533757968932637,622
0,1,11,11,0,1,1,-2597.5787801778906,21.908086432132333,1574
0,1,11,11,4,1,1,-2638.1632653061224,1.3679560020491117,98
0,1,11,12,0,1,1,-2601.0361990950228,23.285310889052806,1768
0,1,12,2,0,0,1,-1715.4419551934827,20.448887934702768,1473
0,1,12,2,0,1,1,-1755.7235023041474,2.8001070900431086,217
0,1,12,3,0,0,1,-1720.296866096866,22.724841544607084,1755
0,1,12,4,0,0,1,-1753.2643678160919,4.293699661678015,348
0,1,12,4,1,0,1,-1717.3162467419636,15.878800466183355,1151
0,1,12,4,3,0,1,-1685.6315789473683,2.842459662479865,209
0,1,12,5,3,0,1,-1738.1822916666667,13.257038184110806,960
0,1,12,5,7,0,1,-1698.6957123098202,10.023420479189342,723
0,1,12,6,7,0,1,-1721.5311572700298,23.250354826336466,1685
0,1,12,7,7,0,1,-1734.6177861873225,14.785939830462063,1057
0,1,12,7,7,1,1,-2575.5297709923666,8.882366910396405,655
0,1,12,8,7,1,1,-2600.083729216152,22.97718059073804,1684
0,1,12,9,6,1,1,-2572.9714285714285,7.139370577626611,490
0,1,12,9,7,1,1,-2612.726004922067,16.039800928284524,1219
0,1,12,10,4,1,1,-2585.4774774774774,14.74335816066653,1110
0,1,12,10,6,1,1,-2624.9503012048194,8.888648502352234,664
0,1,12,11,0,1,1,-2597.367901234568,21.61553412128179,1620
0,1,12,11,4,1,1,-2637.96261682243,1.5219591015924114,107
0,1,12,12,0,1,1,-2601.0817279626385,22.691264743781524,1713
0,1,13,2,0,0,1,-1716.208549222798,19.785554459069964,1544
0,1,13,2,0,1,1,-1755.6315789473683,2.9122999173400896,209
0,1,13,3,0,0,1,-1719.7389221556887,22.84152865228925,1670
0,1,13,4,0,0,1,-1753.1764705882354,4.150773428036841,323
0,1,13,4,1,0,1,-1717.7984886649874,16.10793873874499,1191
0,1,13,4,3,0,1,-1685.548223350254,2.950343590214001,197
0,1,13,5,3,0,1,-1737.4545454545455,13.024047336419432,913
0,1,13,5,7,0,1,-1697.824,10.293218997635838,750
0,1,13,6,7,0,1,-1720.3735735735736,22.923028761271816,1665
0,1,13,7,7,0,1,-1735.5771484375,14.536387038001957,1024
0,1,13,7,7,1,1,-2575.5637480798773,8.62355795768124,651
0,1,13,8,7,1,1,-2601.206413994169,22.700495485875887,1715
0,1,13,9,6,1,1,-2572.967857142857,7.305504459516261,560
0,1,13,9,7,1,1,-2613.0684345594527,16.144305546212227,1169
0,1,13,10,4,1,1,-2584.985604606526,14.246486049164952,1042
0,1,13,10,6,1,1,-2625.5075376884424,8.65447048809672,597
0,1,13,11,0,1,1,-2597.4396284829722,21.64366449714116,1615
0,1,13,11,4,1,1,-2638.254385964912,1.3430222759292951,114
0,1,13,12,0,1,1,-2601.2569239835,22.886617885188453,1697
0,1,14,2,0,0,1,-1715.570929419986,20.266301005339244,1431
0,1,14,2,0,1,1,-1755.2611111111112,2.8989727851901903,180
0,1,14,3,0,0,1,-1720.5352697095436,22.80129432276592,1687
0,1,14,4,0,0,1,-1753.07250755287,4.191150156458384,331
0,1,14,4,1,0,1,-1718.258896797153,15.962858944644061,1124
0,1,14,4,3,0,1,-1685.3349282296651,2.8858299444542013,209
0,1,14,5,3,0,1,-1738.4034034034034,13.270815459924275,999
0,1,14,5,7,0,1,-1698.3002793296089,9.91446941760827,716
0,1,14,6,7,0,1,-1720.056206088993,23.108827710622922,1708
0,1,14,7,7,0,1,-1735.6454630495791,14.54146776778948,1069
0,1,14,7,7,1,1,-2575.328767123288,8.651636624772236,657
0,1,14,8,7,1,1,-2600.6003480278423,22.902087056111203,1724
0,1,14,9,6,1,1,-2573.295825771325,7.2413388278905835,551
0,1,14,9,7,1,1,-2612.134328358209,15.817063494657086,1139
0,1,14,10,4,1,1,-2586.555659494855,14.635897098368464,1069
0,1,14,10,6,1,1,-2626.079391891892,8.451098259485544,592
0,1,14,11,0,1,1,-2597.1388157894735,21.736061926487757,1520
0,1,14,11,4,1,1,-2638.031914893617,1.364068754800131,94
0,1,14,12,0,1,1,-2600.6140958983246,23.20217593805679,1731
0,1,15,2,0,0,1,-1715.3741808650066,20.13550659009527,1526
0,1,15,2,0,1,1,-1755.7302325581395,3.1151195344265887,215
0,1,15,3,0,0,1,-1719.779144698301,22.83164405920708,1707
0,1,15,4,0,0,1,-1753.0675241157555,4.1921615699932255,311
0,1,15,4,1,0,1,-1717.5008787346221,15.877455226368255,1138
0,1,15,4,3,0,1,-1685.418410041841,2.9600965407618784,239
0,1,15,5,3,0,1,-1737.6927252985886,13.118438228789843,921
0,1,15,5,7,0,1,-1698.9360795454545,9.991055913489085,704
0,1,15,6,7,0,1,-1720.1750559284117,23.35580023545517,1788
0,1,15,7,7,0,1,-1735.3738317757009,14.271154728337118,1070
0,1,15,7,7,1,1,-2575.5548489666135,8.479223435281542,629
0,1,15,8,7,1,1,-2601.190665907797,23.22289519165015,1757
0,1,15,9,6,1,1,-2573.1684782608695,7.10574011713083,552
0,1,15,9,7,1,1,-2612.2899505766063,16.055400826943828,1214
0,1,15,10,4,1,1,-2585.9085714285716,14.425942994891335,1050
0,1,15,10,6,1,1,-2625.9015025041735,8.676449872146247,599
0,1,15,11,0,1,1,-2598.1184128952264,21.8032739417544,1613
0,1,15,11,4,1,1,-2638.188524590164,1.4276655669141607,122
0,1,15,12,0,1,1,-2601.1975524475524,23.13480346877069,1716
0,1,16,2,0,0,1,-1715.6006968641116,19.870419934277535,1435
0,1,16,2,0,1,1,-1755.375,2.7357585785299112,224
0,1,16,3,0,0,1,-1720.5338645418326,23.415711043105308,1757
0,1,16,4,0,0,1,-1753.3831168831168,4.535857214988757,308
0,1,16,4,1,0,1,-1718.1696202531646,16.21284864042763,1185
0,1,16,4,3,0,1,-1685.4761904761904,2.8942040760931707,189
0,1,16,5,3,0,1,-1737.7079918032787,12.802798812869177,976
0,1,16,5,7,0,1,-1697.1184573002754,9.829245497075592,726
0,1,16,6,7,0,1,-1720.7493946731236,23.005292703399242,1652
0,1,16,7,7,0,1,-1735.1734892787524,14.535133174558451,1026
0,1,16,7,7,1,1,-2575.5360655737704,8.575767093521918,610
0,1,16,8,7,1,1,-2600.96921182266,22.919064877261707,1624
0,1,16,9,6,1,1,-2572.7458256029686,7.479120981946678,539
0,1,16,9,7,1,1,-2612.9553571428573,15.595379577211457,1120
0,1,16,10,4,1,1,-2585.314711359404,14.293922721861621,1074
0,1,16,10,6,1,1,-2625.5219435736676,8.72275811174121,638
0,1,16,11,0,1,1,-2598.0657652120467,21.63475605142758,1627
0,1,16,11,4,1,1,-2638.0196078431372,1.4071274602701103,102
0,1,16,12,0,1,1,-2600.237762237762,23.34814289855361,1716
0,1,17,2,0,0,1,-1715.7146562905318,20.686475101354688,1542
0,1,17,2,0,1,1,-1755.8240740740741,2.878170405525064,216
0,1,17,3,0,0,1,-1721.2611502347418,23.513216592917836,1704
0,1,17,4,0,0,1,-1753.0543130990416,4.289848585380934,313
0,1,17,4,1,0,1,-1718.8935456831516,15.589545584120485,1193
0,1,17,4,3,0,1,-1685.2369668246445,2.8947997653987336,211
0,1,17,5,3,0,1,-1738.2510593220338,13.290332719431818,944
0,1,17,5,7,0,1,-1697.8433566433566,10.085540154175721,715
0,1,17,6,7,0,1,-1720.0770588235293,23.207540677351588,1700
0,1,17,7,7,0,1,-1735.322191272052,14.448872485082806,1077
0,1,17,7,7,1,1,-2575.1487603305786,8.945806679079018,605
0,1,17,8,7,1,1,-2600.6805714285715,23.11628293683754,1750
0,1,17,9,6,1,1,-2573.3520599250937,7.1665333234392845,534
0,1,17,9,7,1,1,-2612.810580204778,15.711291042321202,1172
0,1,17,10,4,1,1,-2585.3423005565865,14.28794434194179,1078
0,1,17,10,6,1,1,-2626.024673439768,8.604229944281142,689
0,1,17,11,0,1,1,-2598.620711562897,21.338241777062127,1574
0,1,17,12,0,1,1,-2599.7124784358825,22.802603677134105,1739
0,1,18,2,0,0,1,-1716.07021131561,20.55321734358125,1467
0,1,18,2,0,1,1,-1755.511961722488,2.867254572468418,209
0,1,18,3,0,0,1,-1719.6087949743005,22.95476425313223,1751
0,1,18,4,0,0,1,-1753.3262195121952,4.444815598847954,328
0,1,18,4,1,0,1,-1718.0436974789916,15.655957808463883,1190
0,1,18,4,3,0,1,-1685.665137614679,2.8787062634859057,218
0,1,18,5,3,0,1,-1737.7754114230397,13.001820389712023,1033
0,1,18,5,7,0,1,-1698.09811827957,10.286477014131323,744
0,1,18,6,7,0,1,-1719.7222222222222,23.33711650452654,1746
0,1,18,7,7,0,1,-1735.6576663452265,14.211566844053975,1037
0,1,18,7,7,1,1,-2575.672256097561,8.89064106626559,656
0,1,18,8,7,1,1,-2600.010005885815,23.064115026220655,1699
0,1,18,9,6,1,1,-2573.0393258426966,7.457265787747573,534
0,1,18,9,7,1,1,-2612.0649122807017,15.82849962664573,1140
0,1,18,10,4,1,1,-2585.708174904943,14.535632424396123,1052
0,1,18,10,6,1,1,-2625.5947521865887,8.675502615951729,686
0,1,18,11,0,1,1,-2598.953488372093,21.45500251010511,1591
0,1,18,11,4,1,1,-2637.875,1.4437364716690755,80
0,1,18,12,0,1,1,-2601.1492805755397,22.539597838141468,1668
0,1,19,2,0,0,1,-1714.9061662198392,20.417867629757037,1492
0,1,19,2,0,1,1,-1755.810945273632,2.8986323077806277,201
0,1,19,3,0,0,1,-1719.6642468239565,22.77729121630068,1653
0,1,19,4,0,0,1,-1752.5933333333332,4.362104487036355,300
0,1,19,4,1,0,1,-1717.4924578527064,15.81648544940353,1127
0,1,19,4,3,0,1,-1685.7587939698492,2.864110015992925,199
0,1,19,5,3,0,1,-1737.9576086956522,12.873268002516612,920
0,1,19,5,7,0,1,-1697.7619680851064,10.259686152899102,752
0,1,19,6,7,0,1,-1719.78055878929,23.073909070219074,1718
0,1,19,7,7,0,1,-1735.6841611996251,14.351020599381359,1067
0,1,19,7,7,1,1,-2574.882800608828,8.89033265316166,657
0,1,19,8,7,1,1,-2600.314709236032,23.413859695242635,1754
0,1,19,9,6,1,1,-2572.609712230216,7.0588873970761075,556
0,1,19,9,7,1,1,-2613.044014084507,15.862686510281005,1136
0,1,19,10,4,1,1,-2585.640535372849,14.647379881062752,1046
0,1,19,10,6,1,1,-2625.631160572337,8.685315463123121,629
0,1,19,11,0,1,1,-2597.5971267957525,21.514446823047614,1601
0,1,19,12,0,1,1,-2600.0303206997087,23.432185178253256,1715
0,1,20,2,0,0,1,-1716.1922077922077,19.827062485754293,1540
0,1,20,2,0,1,1,-1755.7957446808512,2.7523264778901653,235
0,1,20,3,0,0,1,-1720.1858823529412,23.22535710073076,1700
0,1,20,4,0,0,1,-1753.0608695652174,4.296180217448185,345
0,1,20,4,1,0,1,-1717.9840067340067,16.05573982265618,1188
0,1,20,4,3,0,1,-1685.689497716895,2.9196905483835796,219
0,1,20,5,3,0,1,-1737.6713426853707,13.000932616489287,998
0,1,20,5,7,0,1,-1698.108843537415,9.979931735145556,735
0,1,20,6,7,0,1,-1720.677848467322,23.042114002328564,1729
0,1,20,7,7,0,1,-1735.945,14.722159318544064,1000
0,1,20,7,7,1,1,-2575.218604651163,9.114787095114021,645
0,1,20,8,7,1,1,-2600.836393989983,23.359233973230502,1797
0,1,20,9,6,1,1,-2572.772277227723,7.4995461091269435,505
0,1,20,9,7,1,1,-2612.841098169717,15.869178410382402,1202
0,1,20,10,4,1,1,-2585.254752851711,14.284245297592985,1052
0,1,20,10,6,1,1,-2625.4831804281343,8.52387499505963,654
0,1,20,11,0,1,1,-2599.3259911894274,21.400186688082552,1589
0,1,20,11,4,1,1,-2637.828767123288,1.4588397948953005,146
0,1,20,12,0,1,1,-2600.6332199546487,23.363703429262873,1764
0,1,21,2,0,0,1,-1715.5460207612457,20.223871427472833,1445
0,1,21,2,0,1,1,-1755.8768472906404,2.7578112816503983,203
0,1,21,3,0,0,1,-1720.7573789846517,23.428875547564353,1694
0,1,21,4,0,0,1,-1753.6568627450981,4.359262765305708,306
0,1,21,4,1,0,1,-1717.834304746045,15.663989117517671,1201
0,1,21,4,3,0,1,-1685.206572769953,2.9093590263659066,213
0,1,21,5,3,0,1,-1737.8377518557795,12.823468015912802,943
0,1,21,5,7,0,1,-1697.7984084880636,10.309749068198949,754
0,1,21,6,7,0,1,-1720.593896713615,23.067885330952716,1704
0,1,21,7,7,0,1,-1735.8108365019011,14.312421034836245,1052
0,1,21,7,7,1,1,-2575.5375191424196,8.49180586761454,653
0,1,21,8,7,1,1,-2600.3331295843523,23.2015650078096,1636
0,1,21,9,6,1,1,-2572.706106870229,7.366721703672099,524
0,1,21,9,7,1,1,-2612.9873737373737,15.76203539425682,1188
0,1,21,10,4,1,1,-2585.116166505324,14.695820639221989,1033
0,1,21,10,6,1,1,-2625.0718954248364,8.644469746191165,612
0,1,21,11,0,1,1,-2597.195395146235,21.36742086688439,1607
0,1,21,11,4,1,1,-2637.9469026548672,1.3751312597571343,113
0,1,21,12,0,1,1,-2599.9186658864833,23.37074552463798,1709
0,1,22,2,0,0,1,-1715.9008838383838,19.892663975119795,1584
0,1,22,2,0,1,1,-1755.936170212766,2.6126065513858094,235
0,1,22,3,0,0,1,-1719.9728096676738,22.869520560236662,1655
0,1,22,4,0,0,1,-1753.414492753623,4.370430130489169,345
0,1,22,4,1,0,1,-1718.8040885860307,15.915367638386021,1174
0,1,22,4,3,0,1,-1685.8371040723982,2.9151932688361404,221
0,1,22,5,3,0,1,-1737.6811594202898,13.056724352985427,1035
0,1,22,5,7,0,1,-1697.743556701031,10.056667262186707,776
0,1,22,6,7,0,1,-1720.1202710333146,23.225812932491394,1771
0,1,22,7,7,0,1,-1735.5009560229446,14.75904295644633,1046
0,1,22,7,7,1,1,-2575.73182552504,8.55028677517469,619
0,1,22,8,7,1,1,-2601.0357761107907,23.080428154775902,1733
0,1,22,9,6,1,1,-2573.0604395604396,7.411381888090284,546
0,1,22,9,7,1,1,-2613.326887661142,16.29383038848093,1086
0,1,22,10,4,1,1,-2585.2947576656775,14.464943201271486,1011
0,1,22,10,6,1,1,-2625.5146198830407,8.493448954902252,684
0,1,22,11,0,1,1,-2597.5726872246696,21.70836009038721,1589
0,1,22,11,4,1,1,-2637.9242424242425,1.317833461414977,132
0,1,22,12,0,1,1,-2600.778048780488,23.11418118388215,1640
0,1,23,2,0,0,1,-1715.3521709166093,20.05875313420661,1451
0,1,23,2,0,1,1,-1755.6137339055795,2.9115988641613515,233
0,1,23,3,0,0,1,-1722.1388068517424,23.019835053729402,1693
0,1,23,4,0,0,1,-1752.7911392405063,4.22478191703036,316
0,1,23,4,1,0,1,-1717.5398457583547,15.651460208567007,1167
0,1,23,4,3,0,1,-1685.5,2.9164728617744267,172
0,1,23,5,3,0,1,-1737.7881002087684,13.25650210107747,958
0,1,23,5,7,0,1,-1698.5158620689656,10.201897564256637,725
0,1,23,6,7,0,1,-1720.573877068558,22.867898016046812,1692
0,1,23,7,7,0,1,-1735.8435114503816,14.481902890639239,1048
0,1,23,7,7,1,1,-2576.2420574886537,8.460754893999248,661
0,1,23,8,7,1,1,-2599.969786729858,23.382780393108593,1688
0,1,23,9,6,1,1,-2573.0646950092423,7.007091163280117,541
0,1,23,9,7,1,1,-2613.149100257069,15.97169884966567,1167
0,1,23,10,4,1,1,-2585.820465116279,14.488242218209784,1075
0,1,23,10,6,1,1,-2625.8360927152316,8.663386187264877,604
0,1,23,11,0,1,1,-2597.6447949526814,21.399770327460768,1585
0,1,23,11,4,1,1,-2638.099173553719,1.3136596956179052,121
0,1,23,12,0,1,1,-2599.912703190849,22.862997217347317,1661
0,1,24,2,0,0,1,-1715.523777628935,20.357856832809613,1493
0,1,24,2,0,1,1,-1755.23,2.842023926690019,200
0,1,24,3,0,0,1,-1721.0265129682998,23.15897670366751,1735
0,1,24,4,0,0,1,-1753.170520231214,4.188112583575087,346
0,1,24,4,1,0,1,-1719.205546492659,15.822790114828246,1226
0,1,24,4,3,0,1,-1685.549107142857,2.8264217515043533,224
0,1,24,5,3,0,1,-1738.6822633297063,13.065717415853024,919
0,1,24,5,7,0,1,-1698.558495821727,10.366074082692597,718
0,1,24,6,7,0,1,-1721.697313432836,22.59873907339461,1675
0,1,24,7,7,0,1,-1735.4315789473685,14.255976934881812,1045
0,1,24,7,7,1,1,-2575.429210134128,8.669145269549094,671
0,1,24,8,7,1,1,-2600.221238938053,22.99442070844125,1695
0,1,24,9,6,1,1,-2572.8726235741447,7.092874614821689,526
0,1,24,9,7,1,1,-2613.966720779221,16.1216367566733,1232
0,1,24,10,4,1,1,-2585.7017208413004,14.299545276875518,1046
0,1,24,10,6,1,1,-2625.2158154859967,8.618466837484084,607
0,1,24,11,0,1,1,-2598.0616903146206,21.39435878658989,1621
0,1,24,11,4,1,1,-2638.009009009009,1.4425671281480645,111
0,1,24,12,0,1,1,-2599.986430678466,23.165464681857376,1695
0,1,25,2,0,0,1,-1715.3019833653232,20.224356825118367,1563
0,1,25,2,0,1,1,-1755.1176470588234,2.7980879944203454,204
0,1,25,3,0,0,1,-1720.3335297583972,22.763124225119427,1697
0,1,25,4,0,0,1,-1752.9357798165138,4.221559408714912,327
0,1,25,4,1,0,1,-1717.6967071057193,15.88601751272717,1154
0,1,25,4,3,0,1,-1685.1106382978724,2.9093564428157372,235
0,1,25,5,3,0,1,-1737.517525773196,12.965147653281607,970
0,1,25,5,7,0,1,-1697.6822308690014,9.79234107152974,771
0,1,25,6,7,0,1,-1720.869295774648,23.04212525188457,1775
0,1,25,7,7,0,1,-1735.1833030852995,14.516620825681919,1102
0,1,25,7,7,1,1,-2574.9638364779876,8.402059518268688,636
0,1,25,8,7,1,1,-2600.152720889409,23.00763274077656,1709
0,1,25,9,6,1,1,-2572.3070707070706,7.110857433561114,495
0,1,25,9,7,1,1,-2612.9875776397516,15.863208120054685,1127
0,1,25,10,4,1,1,-2585.591165413534,14.458105050429587,1064
0,1,25,10,6,1,1,-2625.5515055467513,8.414393756946208,631
0,1,25,11,0,1,1,-2598.15967438948,21.523563750293974,1597
0,1,25,11,4,1,1,-2638.1140350877195,1.418912184565496,114
0,1,25,12,0,1,1,-2600.373074729036,22.854484108875067,1753
0,1,26,2,0,0,1,-1716.111801242236,20.087144311642575,1449
0,1,26,2,0,1,1,-1755.512077294686,2.966576946035108,207
0,1,26,3,0,0,1,-1719.9392133492252,23.224506699163317,1678
0,1,26,4,0,0,1,-1752.9472140762464,4.316323056864904,341
0,1,26,4,1,0,1,-1718.4984399375976,15.68350427864511,1282
0,1,26,4,3,0,1,-1685.1743119266055,2.9298966280683496,218
0,1,26,5,3,0,1,-1738.0242360379348,12.693038116169888,949
0,1,26,5,7,0,1,-1698.548201438849,9.755731409062241,695
0,1,26,6,7,0,1,-1720.2846062052506,23.442119382028892,1676
0,1,26,7,7,0,1,-1734.8198433420366,14.59036568194185,1149
0,1,26,7,7,1,1,-2576.0789074355084,8.803356444753314,659
0,1,26,8,7,1,1,-2600.914943886592,22.858249235955782,1693
0,1,26,9,6,1,1,-2573.2653429602888,7.043699925298832,554
0,1,26,9,7,1,1,-2613.091836734694,15.502525623492522,1176
0,1,26,10,4,1,1,-2585.6443629697524,14.64189126042272,1091
0,1,26,10,6,1,1,-2625.519071310116,8.91535008459689,603
0,1,26,11,0,1,1,-2597.992390615092,21.50256076957368,1577
0,1,26,11,4,1,1,-2637.8555555555554,1.3626861636338699,90
0,1,26,12,0,1,1,-2600.2911392405063,23.31277463041858,1659
0,1,27,2,0,0,1,-1716.4539835164835,20.36320137884186,1456
0,1,27,2,0,1,1,-1755.811320754717,2.8019979649238094,212
0,1,27,3,0,0,1,-1721.5784780023782,23.05324113471517,1682
0,1,27,4,0,0,1,-1753.210355987055,4.191734377334952,309
0,1,27,4,1,0,1,-1717.759067357513,16.15233450653499,1158
0,1,27,4,3,0,1,-1685.5610859728506,2.73772483691243,221
0,1,27,5,3,0,1,-1737.3857290589451,12.81606101415765,967
0,1,27,5,7,0,1,-1698.37890625,10.07321752488801,768
0,1,27,6,7,0,1,-1720.756948551153,23.314539969989095,1691
0,1,27,7,7,0,1,-1735.5417439703153,14.632911463074171,1078
0,1,27,7,7,1,1,-2575.6163982430453,8.576372625329205,683
0,1,27,8,7,1,1,-2600.2372464658883,23.1136847645436,1627
0,1,27,9,6,1,1,-2573.039855072464,7.401175384990769,552
0,1,27,9,7,1,1,-2612.1637279596976,16.180267886868865,1191
0,1,27,10,4,1,1,-2585.2534059945506,14.209867870352957,1101
0,1,27,10,6,1,1,-2625.3757575757577,8.746671412005998,660
0,1,27,11,0,1,1,-2597.5568976478066,21.62472740014271,1573
0,1,27,12,0,1,1,-2599.6363109048725,23.084091293472405,1724
0,1,28,2,0,0,1,-1715.5630749014454,20.355100624313106,1522
0,1,28,2,0,1,1,-1755.2735849056603,2.793297297153746,212
0,1,28,3,0,0,1,-1720.5599527466036,23.4370021205214,1693
0,1,28,4,0,0,1,-1753.1266666666668,4.4695960542650495,300
0,1,28,4,1,0,1,-1717.8481764206956,15.99098090740187,1179
0,1,28,4,3,0,1,-1685.527659574468,2.9001615602416306,235
0,1,28,5,3,0,1,-1737.1835294117648,13.043789119799884,850
0,1,28,5,7,0,1,-1698.0904392764858,9.7756268427487,774
0,1,28,6,7,0,1,-1720.278409090909,23.32989181319014,1760
0,1,28,7,7,0,1,-1735.7058270676691,14.207211311983373,1064
0,1,28,7,7,1,1,-2575.6443719412723,8.654739960900846,613
0,1,28,8,7,1,1,-2600.785185185185,22.91030466240181,1755
0,1,28,9,6,1,1,-2573.1988636363635,7.2762220829252175,528
0,1,28,9,7,1,1,-2612.1263157894737,16.131250500252932,1235
0,1,28,10,4,1,1,-2585.4114921223354,14.393879913361017,1079
0,1,28,10,6,1,1,-2625.345221112696,8.538947982949438,701
0,1,28,11,0,1,1,-2597.703804347826,21.79058025159304,1472
0,1,28,11,4,1,1,-2637.8333333333335,1.5184055963536733,108
0,1,28,12,0,1,1,-2600.457667258733,22.932433812146936,1689
0,1,29,2,0,0,1,-1715.9451962110961,20.562695983214358,1478
0,1,29,2,0,1,1,-1755.804347826087,2.850015752960837,230
0,1,29,3,0,0,1,-1720.886031560491,23.12319023078985,1711
0,1,29,4,0,0,1,-1753.2442244224424,4.428354257249013,303
0,1,29,4,1,0,1,-1717.8116071428572,15.640927570778409,1120
0,1,29,4,3,0,1,-1685.5470852017938,2.8734563844266634,223
0,1,29,5,3,0,1,-1737.7851485148515,12.94215528394228,1010
0,1,29,5,7,0,1,-1697.4742404227213,9.87629881685943,757
0,1,29,6,7,0,1,-1720.8804475853947,23.09175035691321,1698
0,1,29,7,7,0,1,-1735.7831325301204,14.520614377581348,1079
0,1,29,7,7,1,1,-2575.2419601837673,8.495181076203355,653
0,1,29,8,7,1,1,-2600.8384615384616,23.234320920546658,1690
0,1,29,9,6,1,1,-2572.4476386036963,7.310426126553523,487
0,1,29,9,7,1,1,-2612.7213973799126,15.382974930063575,1145
0,1,29,10,4,1,1,-2584.907721280603,14.503748352599853,1062
0,1,29,10,6,1,1,-2624.9614791987674,8.739337503460138,649
0,1,29,11,0,1,1,-2597.063511830635,21.49380173325015,1606
0,1,29,11,4,1,1,-2637.9270833333335,1.459486151205638,96
0,1,29,12,0,1,1,-2600.7349970291148,23.204428868593997,1683
0,1,30,2,0,0,1,-1715.159595959596,20.554652053703396,1485
0,1,30,2,0,1,1,-1755.2227272727273,2.8349173176517746,220
0,1,30,3,0,0,1,-1720.820947922762,23.101642886923127,1709
0,1,30,4,0,0,1,-1752.8024316109422,4.2946768686895345,329
0,1,30,4,1,0,1,-1717.83149872989,15.806017896134563,1181
0,1,30,4,3,0,1,-1685.819095477387,2.7541539545799525,199
0,1,30,5,3,0,1,-1738.6927651139742,12.848231925564917,1009
0,1,30,5,7,0,1,-1698.299727520436,10.21459526018246,734
0,1,30,6,7,0,1,-1720.7617951668585,23.346164000369047,1738
0,1,30,7,7,0,1,-1734.7118483412323,14.498386963567523,1055
0,1,30,7,7,1,1,-2575.5159663865547,8.904592179361194,595
0,1,30,8,7,1,1,-2602.279813845259,22.93187941252329,1719
0,1,30,9,6,1,1,-2573.2330827067667,7.217498804588078,532
0,1,30,9,7,1,1,-2612.3976970770595,16.04694270722235,1129
0,1,30,10,4,1,1,-2586.4359961501445,14.800420543401096,1039
0,1,30,10,6,1,1,-2625.3286384976527,8.71483417884065,639
0,1,30,11,0,1,1,-2597.9383233532935,21.54014004403794,1670
0,1,30,11,4,1,1,-2637.8453608247423,1.3264960913076402,97
0,1,30,12,0,1,1,-2600.7679589509694,23.339038008205172,1754
0,1,31,2,0,0,1,-1715.0270092226615,20.544849436150194,1518
0,1,31,2,0,1,1,-1755.460396039604,2.8771747421528917,202
0,1,31,3,0,0,1,-1720.9109144542772,23.397772983345533,1695
0,1,31,4,0,0,1,-1753.1189710610931,4.117486071177356,311
0,1,31,4,1,0,1,-1718.2692307692307,15.757515973809817,1170
0,1,31,4,3,0,1,-1685.6844444444444,2.7378787861023954,225
0,1,31,5,3,0,1,-1738.1351351351352,12.943361041249672,962
0,1,31,5,7,0,1,-1697.3070539419086,10.122201747795417,723
0,1,31,6,7,0,1,-1720.2414414414413,23.205013185977254,1665
0,1,31,7,7,0,1,-1736.036224976168,14.571562451201194,1049
0,1,31,7,7,1,1,-2575.5458860759495,8.703326632205334,632
0,1,31,8,7,1,1,-2600.2241086587437,23.11638882600285,1767
0,1,31,9,6,1,1,-2572.988349514563,7.247353731549808,515
0,1,31,9,7,1,1,-2612.467409948542,15.878728383494495,1166
0,1,31,10,4,1,1,-2585.9764816556913,14.376159188157665,1063
0,1,31,10,6,1,1,-2625.2969984202214,8.754341220219985,633
0,1,31,11,0,1,1,-2598.11477488903,21.70299059407077,1577
0,1,31,11,4,1,1,-2637.931623931624,1.2657655075750904,117
0,1,31,12,0,1,1,-2600.831077104179,22.971237730651943,1699
0,1,32,2,0,0,1,-1716.130689206762,20.44537794951907,1538
0,1,32,2,0,1,1,-1755.7783251231526,2.9319243589229824,203
0,1,32,3,0,0,1,-1719.6820109024834,23.022176859095108,1651
0,1,32,4,0,0,1,-1753.0825688073394,4.320058698985608,327
0,1,32,4,1,0,1,-1718.3433734939758,15.770023033759314,1162
0,1,32,4,3,0,1,-1685.9414414414414,2.714856307254539,222
0,1,32,5,3,0,1,-1737.887339055794,12.72367140212353,932
0,1,32,5,7,0,1,-1697.6622691292876,10.308278616894366,758
0,1,32,6,7,0,1,-1720.5116147308781,23.462235485846364,1765
0,1,32,7,7,0,1,-1735.5496750232126,14.625837670513837,1077
0,1,32,7,7,1,1,-2576.0749235474004,8.620199656651128,654
0,1,32,8,7,1,1,-2600.337514934289,23.17060903591218,1674
0,1,32,9,6,1,1,-2572.4248496993987,7.076724084975844,499
0,1,32,9,7,1,1,-2613.0124895920067,15.845812351306911,1201
0,1,32,10,4,1,1,-2584.9826958105646,14.585676508751172,1098
0,1,32,10,6,1,1,-2625.4147465437786,8.911065837974215,651
0,1,32,11,0,1,1,-2597.6513460275773,21.75319486938059,1523
0,1,32,11,4,1,1,-2638.1769911504425,1.4526758252818337,113
0,1,32,12,0,1,1,-2600.466002344666,23.24232062081273,1706
0,1,33,2,0,0,1,-1715.1219346049047,20.287027131314964,1468
0,1,33,2,0,1,1,-1755.5939086294416,2.98516866036633,197
0,1,33,3,0,0,1,-1720.8666278392545,23.104564137185335,1717
0,1,33,4,0,0,1,-1753.059375,4.350241327658971,320
0,1,33,4,1,0,1,-1718.322966507177,15.933228861398282,1254
0,1,33,4,3,0,1,-1685.7911111111111,2.9190426300872803,225
0,1,33,5,3,0,1,-1739.0633299284984,12.981013617967086,979
0,1,33,5,7,0,1,-1698.6157894736841,10.16584908086068,760
0,1,33,6,7,0,1,-1720.3212803793717,23.123875400444398,1687
0,1,33,7,7,0,1,-1735.6503237742832,14.740425086057666,1081
0,1,33,7,7,1,1,-2575.400921658986,8.562444294655633,651
0,1,33,8,7,1,1,-2601.7476303317535,22.536811520971717,1688
0,1,33,9,6,1,1,-2572.565693430657,7.361945335095165,548
0,1,33,9,7,1,1,-2612.539815590947,16.233737978407444,1193
0,1,33,10,4,1,1,-2586.36797752809,14.249790879327337,1068
0,1,33,10,6,1,1,-2625.546439628483,8.768620771496177,646
0,1,33,11,0,1,1,-2598.123815540114,21.80847158375156,1583
0,1,33,12,0,1,1,-2601.7315914489313,22.852499763634622,1684
0,1,34,2,0,0,1,-1715.1401993355482,20.022469403724163,1505
0,1,34,2,0,1,1,-1755.5433789954338,2.8703633642031257,219
0,1,34,3,0,0,1,-1720.2116493656285,22.77252392331959,1734
0,1,34,4,0,0,1,-1753.0858085808582,4.0564372411626755,303
0,1,34,4,1,0,1,-1717.3844221105528,15.896718324138302,1194
0,1,34,4,3,0,1,-1685.3805309734514,2.965341342162036,226
0,1,34,5,3,0,1,-1737.8766666666668,13.006464631932682,900
0,1,34,5,7,0,1,-1697.6970546984571,9.952380575694278,713
0,1,34,6,7,0,1,-1719.9477011494253,23.122167310876993,1740
0,1,34,7,7,0,1,-1735.9069325735993,14.421773115105708,1053
0,1,34,7,7,1,1,-2575.2626995645865,8.655095010115064,689
0,1,34,8,7,1,1,-2600.5893965031023,22.68667725067589,1773
0,1,34,9,6,1,1,-2572.8579439252335,7.286038850304464,535
0,1,34,9,7,1,1,-2612.824804856895,15.863757824085484,1153
0,1,34,10,4,1,1,-2585.836583101207,14.38479152218727,1077
0,1,34,10,6,1,1,-2625.411092985318,8.679766327723632,613
0,1,34,11,0,1,1,-2597.42901618929,21.342364394833222,1606
0,1,34,11,4,1,1,-2637.96261682243,1.4070930702220454,107
0,1,34,12,0,1,1,-2600.3632075471696,23.123237619649206,1696
0,1,35,7,7,1,1,-2575.687400318979,8.244734481585144,627
0,1,35,8,7,1,1,-2600.6790750141004,23.536849865045827,1773
0,1,35,9,6,1,1,-2572.7390572390573,7.239593003444365,594
0,1,35,9,7,1,1,-2612.2655007949124,15.90375771095241,1258
0,1,35,10,6,1,1,-2634.7479674796746,3.1625180252825684,246
0,2,1,2,0,0,2,-1640.6363636363637,5.851987613214514,418
0,2,1,2,0,1,2,-1681.4795180722892,17.344020362588033,1245
0,2,1,3,0,0,2,-1670.8157117542823,23.172463928226097,1693
0,2,1,4,0,0,2,-1677.475982532751,18.696003422568833,1374
0,2,1,4,1,0,2,-1637.6165191740413,4.417766321401162,339
0,2,1,5,1,0,2,-1690.510250569476,11.593406329666713,878
0,2,1,5,3,0,2,-1650.1058020477815,11.320502025490851,879
0,2,1,6,3,0,2,-1702.753125,4.287152637217785,320
0,2,1,6,7,0,2,-1662.9845701689933,19.05378666216228,1361
0,2,1,7,7,0,2,-1669.9988116458705,23.011790070474223,1683
0,2,1,8,7,0,2,-1699.9455445544554,5.632033991559989,404
0,2,1,10,6,1,2,-2537.9125,15.597377250149139,1200
0,2,1,10,7,1,2,-2578.2086811352256,7.330376215155762,599
0,2,1,11,0,1,2,-2523.5318352059926,7.101057419950168,534
0,2,1,11,4,1,2,-2563.526711185309,15.634564391335685,1198
0,2,1,12,0,1,2,-2550.7558275058277,23.13609642703439,1716
0,2,2,2,0,0,2,-1640.0746268656717,5.781631832908323,402
0,2,2,2,0,1,2,-1680.9247226624407,17.1270041142813,1262
0,2,2,3,0,0,2,-1670.8211658177702,23.447969932247762,1767
0,2,2,4,0,0,2,-1678.1716678297278,18.936257156870717,1433
0,2,2,4,1,0,2,-1637.92,4.304292431155807,300
0,2,2,5,1,0,2,-1690.9359903381642,11.611235162135856,828
0,2,2,5,3,0,2,-1650.2402745995423,11.674138835241152,874
0,2,2,6,3,0,2,-1702.7596153846155,4.4213102659001065,312
0,2,2,6,7,0,2,-1663.54704595186,18.795100691911564,1371
0,2,2,7,7,0,2,-1671.0862884160756,23.35940035707794,1692
0,2,2,8,7,0,2,-1700.1409090909092,5.863846014573712,440
0,2,2,8,7,1,2,-2540.0303776683086,17.120836747230605,1218
0,2,2,9,7,1,2,-2551.568,23.29261572745599,1750
0,2,2,10,6,1,2,-2537.426799007444,15.769686757854817,1209
0,2,2,10,7,1,2,-2577.990458015267,7.3587140392165855,524
0,2,2,11,0,1,2,-2523.135902636917,7.350938525637269,493
0,2,2,11,4,1,2,-2562.8258178603005,16.016919825826985,1131
0,2,2,12,0,1,2,-2550.547038327526,23.26156238289957,1722
0,2,3,2,0,0,2,-1640.419191919192,5.653374370328688,396
0,2,3,2,0,1,2,-1680.929061784897,17.652126251825695,1311
0,2,3,3,0,0,2,-1671.1808931599774,23.083010843311637,1769
0,2,3,4,0,0,2,-1677.5752577319588,18.92207767552658,1455
0,2,3,4,1,0,2,-1638.0390879478828,4.364324926840643,307
0,2,3,5,1,0,2,-1690.7730673316707,11.59599951735058,802
0,2,3,5,3,0,2,-1650.414779499404,11.519980918006437,839
0,2,3,6,3,0,2,-1703.2266666666667,4.49169109457579,300
0,2,3,6,7,0,2,-1663.233447098976,18.96409686825995,1465
0,2,3,7,7,0,2,-1670.1600227790432,23.129107202829655,1756
0,2,3,8,7,0,2,-1700.4404761904761,5.742388731607752,420
0,2,3,8,7,1,2,-2540.5828835774864,17.205083880822478,1297
0,2,3,9,7,1,2,-2550.5060753341436,23.270314936783272,1646
0,2,3,10,6,1,2,-2537.6966993755577,15.439701069735637,1121
0,2,3,10,7,1,2,-2578.4448818897636,7.097667451727913,508
0,2,3,11,0,1,2,-2522.9873188405795,7.140021824429177,552
0,2,3,11,4,1,2,-2562.3516483516482,15.985139820667598,1183
0,2,3,12,0,1,2,-2550.7616150442477,22.819150668135862,1808
0,2,4,2,0,0,2,-1640.5241730279897,5.628449263361177,393
0,2,4,2,0,1,2,-1680.6493506493507,17.279132284023756,1309
0,2,4,3,0,0,2,-1670.4310551558754,22.793845557288357,1668
0,2,4,4,0,0,2,-1678.4364051789794,18.812639765652435,1313
0,2,4,4,1,0,2,-1637.6698412698413,4.384555684025368,315
0,2,4,5,1,0,2,-1690.992546583851,11.134745311057767,805
0,2,4,5,3,0,2,-1650.1485642946318,11.396460061509087,801
0,2,4,6,3,0,2,-1703.2068965517242,4.324184677707844,348
0,2,4,6,7,0,2,-1663.7894356005788,18.9825444563551,1382
0,2,4,7,7,0,2,-1670.95884057971,23.059017886763737,1725
0,2,4,8,7,0,2,-1700.5582524271845,5.8578637590595575,412
0,2,4,8,7,1,2,-2540.406870229008,17.505291199356183,1310
0,2,4,9,7,1,2,-2549.7375138734737,23.23893700567918,1802
0,2,4,10,6,1,2,-2538.285240464345,15.716283168014243,1206
0,2,4,10,7,1,2,-2578.277559055118,7.25842765295608,508
0,2,4,11,0,1,2,-2522.4338085539716,6.99237273985819,491
0,2,4,11,4,1,2,-2562.3303650934995,15.762440409057765,1123
0,2,4,12,0,1,2,-2549.8431253785584,23.244159625095886,1651
0,2,5,2,0,0,2,-1640.1229314420805,5.85393677821829,423
0,2,5,2,0,1,2,-1680.6404926866821,17.27090470734533,1299
0,2,5,3,0,0,2,-1669.7531572904707,23.376564181851304,1742
0,2,5,4,0,0,2,-1678.379061371841,18.7222910593876,1385
0,2,5,4,1,0,2,-1637.966565349544,4.240717457706074,329
0,2,5,5,1,0,2,-1690.3529411764705,11.302794869298763,867
0,2,5,5,3,0,2,-1650.4487917146146,11.507188488812963,869
0,2,5,6,3,0,2,-1702.66472303207,4.249658929413353,343
0,2,5,6,7,0,2,-1661.6935714285714,19.38072573723755,1400
0,2,5,7,7,0,2,-1671.0199543899657,23.248622788705614,1754
0,2,5,8,7,0,2,-1700.4289099526065,5.844219264543643,422
0,2,5,8,7,1,2,-2541.3505477308295,17.601193110610808,1278
0,2,5,9,7,1,2,-2550.4464500601684,23.51688250958839,1662
0,2,5,10,6,1,2,-2538.2089925062446,15.97225276384804,1201
0,2,5,10,7,1,2,-2577.9772727272725,7.244345662526313,528
0,2,5,11,0,1,2,-2523.087954110899,7.353145307231371,523
0,2,5,11,4,1,2,-2563.2014681892333,15.905338791928264,1226
0,2,5,12,0,1,2,-2550.0856622114215,23.050935748903207,1646
0,2,6,2,0,0,2,-1640.3065693430658,5.804891859069785,411
0,2,6,2,0,1,2,-1680.4936329588015,17.45744308344191,1335
0,2,6,3,0,0,2,-1670.2154031287605,23.16332537453609,1662
0,2,6,4,0,0,2,-1677.8152639087018,18.7073176264325,1402
0,2,6,4,1,0,2,-1637.8774193548388,4.269676249496753,310
0,2,6,5,1,0,2,-1690.0279394644936,11.551339542693395,859
0,2,6,5,3,0,2,-1650.7528604118993,11.54439336361277,874
0,2,6,6,3,0,2,-1703.2559523809523,4.2852140912174725,336
0,2,6,6,7,0,2,-1663.1577008106117,18.783729220753397,1357
0,2,6,7,7,0,2,-1670.6442914515203,22.99551529901591,1743
0,2,6,8,7,0,2,-1700.8067415730336,5.7285760678147,445
0,2,6,8,7,1,2,-2540.823993685872,17.433643516935966,1267
0,2,6,9,7,1,2,-2550.9433849821216,22.87062151995109,1678
0,2,6,10,6,1,2,-2537.6242578456317,15.921205106150941,1179
0,2,6,10,7,1,2,-2577.8011049723755,7.308326608887023,543
0,2,6,11,0,1,2,-2523.026119402985,7.21493506051088,536
0,2,6,11,4,1,2,-2562.8528896672506,15.730749096313016,1142
0,2,6,12,0,1,2,-2550.1913294797687,22.910099117763924,1730
0,2,7,2,0,0,2,-1640.1136890951277,5.96381766931325,431
0,2,7,2,0,1,2,-1680.8776305533904,17.42123546273802,1283
0,2,7,3,0,0,2,-1669.672131147541,22.973643301810405,1708
0,2,7,4,0,0,2,-1678.0058910162004,18.87061505544839,1358
0,2,7,4,1,0,2,-1638.1851851851852,4.332937620416348,324
0,2,7,5,1,0,2,-1690.7719512195122,11.508128351037124,820
0,2,7,5,3,0,2,-1649.8939580764488,11.48756258733084,811
0,2,7,6,3,0,2,-1702.9161676646706,4.412710511192339,334
0,2,7,6,7,0,2,-1662.410998552822,18.447064187841754,1382
0,2,7,7,7,0,2,-1670.547423887588,22.973321747168786,1708
0,2,7,8,7,0,2,-1700.4511873350923,5.656352108091701,379
0,2,7,8,7,1,2,-2540.7070161912106,17.156872158422246,1297
0,2,7,9,7,1,2,-2550.548367593712,22.622201144875305,1654
0,2,7,10,6,1,2,-2537.609334485739,15.630771547700189,1157
0,2,7,10,7,1,2,-2578.0374531835205,7.32846931002469,534
0,2,7,11,0,1,2,-2523.1696606786427,7.16035030233924,501
0,2,7,11,4,1,2,-2563.093062605753,15.809990713370288,1182
0,2,7,12,0,1,2,-2550.231671554252,23.164431853007272,1705
0,2,8,2,0,0,2,-1640.6386138613861,5.961351934772816,404
0,2,8,2,0,1,2,-1680.6291230893,17.06034969080501,1243
0,2,8,3,0,0,2,-1670.227516378797,22.877500758227313,1679
0,2,8,4,0,0,2,-1677.9619113573408,19.054792424792755,1444
0,2,8,4,1,0,2,-1637.8233333333333,4.2831595295658715,300
0,2,8,5,1,0,2,-1690.4193548387098,11.27808092102552,868
0,2,8,5,3,0,2,-1650.6978922716628,11.837604125656728,854
0,2,8,6,3,0,2,-1703.033846153846,4.305498342392007,325
0,2,8,6,7,0,2,-1663.4551374819102,19.043645477827233,1382
0,2,8,7,7,0,2,-1670.788106235566,23.319391406761017,1732
0,2,8,8,7,0,2,-1700.4128878281622,5.478874683216098,419
0,2,8,8,7,1,2,-2540.0863254392666,17.058817166099686,1309
0,2,8,9,7,1,2,-2549.910138248848,23.13156098939045,1736
0,2,8,10,6,1,2,-2537.740740740741,16.112464425797825,1161
0,2,8,10,7,1,2,-2577.9517374517372,7.161915771815821,518
0,2,8,11,0,1,2,-2523.5287569573284,7.034015454074128,539
0,2,8,11,4,1,2,-2562.49649122807,15.882600707452992,1140
0,2,8,12,0,1,2,-2550.8734030197443,23.400795149397066,1722
0,2,9,2,0,0,2,-1640.6842105263158,5.772463047933604,380
0,2,9,2,0,1,2,-1680.5844155844156,17.21929840746439,1232
0,2,9,3,0,0,2,-1670.7014134275619,23.30740966881107,1698
0,2,9,4,0,0,2,-1677.9626647144948,18.29210472021404,1366
0,2,9,4,1,0,2,-1637.30421686747,4.166805895954018,332
0,2,9,5,1,0,2,-1690.4901506373117,11.406004917642242,863
0,2,9,5,3,0,2,-1650.7329479768787,11.394112209524911,865
0,2,9,6,3,0,2,-1703.094395280236,4.243676312554145,339
0,2,9,6,7,0,2,-1662.9265419265419,18.89178823766816,1443
0,2,9,7,7,0,2,-1671.2182468694098,23.422159765165297,1677
0,2,9,8,7,0,2,-1700.4632911392405,5.778225762823627,395
0,2,9,8,7,1,2,-2540.8685064935066,17.10089183828625,1232
0,2,9,9,7,1,2,-2551.506432748538,22.837199432473344,1710
0,2,9,10,6,1,2,-2537.7884444444444,15.906047760476621,1125
0,2,9,10,7,1,2,-2577.4254937163373,7.161406387993237,557
0,2,9,11,0,1,2,-2523.475925925926,7.598085411486018,540
0,2,9,11,4,1,2,-2562.258325832583,15.701733308181545,1111
0,2,9,12,0,1,2,-2550.2119281991895,23.131511859912095,1727
0,2,10,2,0,0,2,-1640.7200902934537,5.7802675148153275,443
0,2,10,2,0,1,2,-1680.2722772277227,17.69005052966735,1414
0,2,10,3,0,0,2,-1671.086698337292,23.321609539694748,1684
0,2,10,4,0,0,2,-1677.712618526623,18.905592388472705,1371
0,2,10,4,1,0,2,-1637.9383116883116,4.534796177394931,308
0,2,10,5,1,0,2,-1690.3855835240274,11.588928786825518,874
0,2,10,5,3,0,2,-1650.7020585048754,11.68534126715331,923
0,2,10,6,3,0,2,-1703.2558139534883,4.251363793597521,344
0,2,10,6,7,0,2,-1663.7865497076023,18.28373819129491,1368
0,2,10,7,7,0,2,-1670.450177935943,23.372776122438413,1686
0,2,10,8,7,0,2,-1700.3453237410072,5.679335545066393,417
0,2,10,8,7,1,2,-2539.814960629921,17.53178251712702,1270
0,2,10,9,7,1,2,-2551.0467966573815,23.242383591862534,1795
0,2,10,10,6,1,2,-2537.774586597041,16.04727073708329,1149
0,2,10,10,7,1,2,-2578.293103448276,7.136619069849731,522
0,2,10,11,0,1,2,-2522.8654205607477,6.977977410969903,535
0,2,10,11,4,1,2,-2562.6435555555554,16.1369160148318,1125
0,2,10,12,0,1,2,-2550.0546290971824,22.579713885373266,1739
0,2,11,2,0,0,2,-1640.4533622559652,5.796297585707684,461
0,2,11,2,0,1,2,-1680.1714285714286,17.300607515570825,1225
0,2,11,3,0,0,2,-1670.5646135265702,23.379445718334892,1656
0,2,11,4,0,0,2,-1678.201793721973,18.62335185864928,1338
0,2,11,4,1,0,2,-1637.9223602484471,4.274385287345089,322
0,2,11,5,1,0,2,-1690.3538283062644,11.323091121108375,862
0,2,11,5,3,0,2,-1650.6411698537684,11.818772753868423,889
0,2,11,6,3,0,2,-1703.380062305296,4.204889750724099,321
0,2,11,6,7,0,2,-1663.5466666666666,18.74761545852232,1425
0,2,11,7,7,0,2,-1669.4080664294188,23.023728673401592,1686
0,2,11,8,7,0,2,-1701.1970443349753,5.785202044256488,406
0,2,11,8,7,1,2,-2541.134474327628,17.138412789399798,1227
0,2,11,9,7,1,2,-2551.249710312862,22.66023636678251,1726
0,2,11,10,6,1,2,-2538.732031943212,16.295275433743306,1127
0,2,11,10,7,1,2,-2578.1228956228956,7.193341082257853,594
0,2,11,11,0,1,2,-2523.041257367387,7.311230642413063,509
0,2,11,11,4,1,2,-2562.917866215072,15.67831341216648,1181
0,2,11,12,0,1,2,-2550.1134204275536,23.2255712428991,1684
0,2,12,2,0,0,2,-1640.589552238806,5.629806099259005,402
0,2,12,2,0,1,2,-1679.9566563467492,17.357548762328562,1292
0,2,12,3,0,0,2,-1670.500292226768,22.758095005612034,1711
0,2,12,4,0,0,2,-1677.812965722802,18.866778504672936,1342
0,2,12,4,1,0,2,-1638.0915032679738,4.212275054992084,306
0,2,12,5,1,0,2,-1689.8636363636363,11.24204175677262,858
0,2,12,5,3,0,2,-1650.2173913043478,11.446641275282786,851
0,2,12,6,3,0,2,-1703.3156146179401,4.364237254730908,301
0,2,12,6,7,0,2,-1663.904239766082,18.886829305246827,1368
0,2,12,7,7,0,2,-1670.669281834641,23.43149295429305,1657
0,2,12,8,7,0,2,-1700.274193548387,5.8915644937282075,434
0,2,12,8,7,1,2,-2540.882218844985,17.35948239776852,1316
0,2,12,9,7,1,2,-2550.173475429248,23.358459427382854,1689
0,2,12,10,6,1,2,-2537.966580976864,15.705235119543632,1167
0,2,12,10,7,1,2,-2577.7952029520297,7.159267150972702,542
0,2,12,11,0,1,2,-2523.6529516994633,7.103713235723365,559
0,2,12,11,4,1,2,-2563.6052855924977,15.633162753879748,1173
0,2,12,12,0,1,2,-2550.688436189335,23.482869689513432,1669
0,2,13,2,0,0,2,-1640.60391198044,5.7481438996467,409
0,2,13,2,0,1,2,-1681.5289968652037,17.433346579912552,1276
0,2,13,3,0,0,2,-1670.7907385697538,22.900471406979207,1706
0,2,13,4,0,0,2,-1677.82373351839,18.653776519156086,1441
0,2,13,4,1,0,2,-1638.1073619631902,4.401353086449393,326
0,2,13,5,1,0,2,-1690.1109770808202,11.596648475343963,829
0,2,13,5,3,0,2,-1650.2511574074074,11.527970154488317,864
0,2,13,6,3,0,2,-1703.3584337349398,4.131259903473443,332
0,2,13,6,7,0,2,-1662.3675213675215,18.762884632301674,1404
0,2,13,7,7,0,2,-1670.6632653061224,23.26126586619736,1666
0,2,13,8,7,0,2,-1700.4684466019417,5.894828613548131,412
0,2,13,8,7,1,2,-2539.7795100222716,17.26408518647529,1347
0,2,13,9,7,1,2,-2550.560185185185,23.06296409676091,1728
0,2,13,10,6,1,2,-2538.446519524618,15.594749310354034,1178
0,2,13,10,7,1,2,-2577.634429400387,7.102170528885463,517
0,2,13,11,0,1,2,-2522.8217821782177,7.3809978659997695,505
0,2,13,11,4,1,2,-2563.4410480349343,15.737371612776986,1145
0,2,13,12,0,1,2,-2550.960887332166,22.523107151972408,1713
0,2,14,2,0,0,2,-1640.4683840749415,5.686650455903016,427
0,2,14,2,0,1,2,-1680.8264525993884,17.348637784610382,1308
0,2,14,3,0,0,2,-1669.5240096038415,22.98621043403361,1666
0,2,14,4,0,0,2,-1678.4398280802293,18.97861006725427,1396
0,2,14,4,1,0,2,-1637.926045016077,4.445923395733677,311
0,2,14,5,1,0,2,-1690.784,11.416988644727027,875
0,2,14,5,3,0,2,-1650.3483516483516,11.715800007295925,910
0,2,14,6,3,0,2,-1702.8816199376947,4.301525324450558,321
0,2,14,6,7,0,2,-1662.8844256518676,18.671996227872423,1419
0,2,14,7,7,0,2,-1671.6678301337988,22.806331482181943,1719
0,2,14,8,7,0,2,-1700.9710467706013,5.812708526914637,449
0,2,14,8,7,1,2,-2540.49766718507,17.561566728867252,1286
0,2,14,9,7,1,2,-2550.9691577698695,23.29503376228963,1686
0,2,14,10,6,1,2,-2538.1854905193736,15.619107683877337,1213
0,2,14,10,7,1,2,-2577.56400742115,7.171700432622552,539
0,2,14,11,0,1,2,-2523.8057692307693,6.909216627622058,520
0,2,14,11,4,1,2,-2562.7389830508473,15.578603502924208,1180
0,2,14,12,0,1,2,-2550.0651135005974,22.95374683586016,1674
0,2,15,2,0,0,2,-1640.2105263157894,5.845615238614948,399
0,2,15,2,0,1,2,-1680.9660883280758,17.021501104206568,1268
0,2,15,3,0,0,2,-1670.5671981776766,23.24800761314747,1756
0,2,15,4,0,0,2,-1677.9606299212599,18.5749431875474,1397
0,2,15,4,1,0,2,-1637.9357798165138,4.5013254507992295,327
0,2,15,5,1,0,2,-1690.430693069307,11.705763517153176,808
0,2,15,5,3,0,2,-1650.3405017921148,11.667944476297452,837
0,2,15,6,3,0,2,-1702.7218309859154,4.311393621300521,284
0,2,15,6,7,0,2,-1662.6486686390533,18.96255492679064,1352
0,2,15,7,7,0,2,-1670.5117748420448,23.089454796770816,1741
0,2,15,8,7,0,2,-1700.6344086021506,5.823912416284768,465
0,2,15,8,7,1,2,-2540.7370786516854,17.085787391624603,1335
0,2,15,9,7,1,2,-2550.1579272054287,23.048744991275562,1621
0,2,15,10,6,1,2,-2537.9296013570824,15.798486010706927,1179
0,2,15,10,7,1,2,-2578.0641509433963,7.077178158927296,530
0,2,15,11,0,1,2,-2522.8502772643255,7.4037099729924725,541
0,2,15,11,4,1,2,-2562.545914069082,16.210136710317677,1187
0,2,15,12,0,1,2,-2550.656474820144,23.564292379404872,1668
0,2,16,2,0,0,2,-1640.987684729064,5.742619684962381,406
0,2,16,2,0,1,2,-1680.4220830070478,17.274002112686244,1277
0,2,16,3,0,0,2,-1671.2281722933644,22.91761014482485,1718
0,2,16,4,0,0,2,-1677.9126145172656,18.677696659438887,1419
0,2,16,4,1,0,2,-1637.9463722397477,4.232251240378296,317
0,2,16,5,1,0,2,-1690.26392251816,11.72415321603945,826
0,2,16,5,3,0,2,-1650.650115473441,11.372700640074777,866
0,2,16,6,3,0,2,-1703.0066225165563,4.119082854156578,302
0,2,16,6,7,0,2,-1663.146468401487,18.81975047587448,1345
0,2,16,7,7,0,2,-1670.9707401032701,22.930780969276412,1743
0,2,16,8,7,0,2,-1700.324455205811,5.927022494307886,413
0,2,16,8,7,1,2,-2540.4862174578866,17.20118438340273,1306
0,2,16,9,7,1,2,-2550.612446087492,23.147032357452623,1623
0,2,16,10,6,1,2,-2538.463394342762,15.547492838718371,1202
0,2,16,10,7,1,2,-2578.1632302405496,7.3127828023961685,582
0,2,16,11,0,1,2,-2522.8191681735984,7.4418683631341285,553
0,2,16,11,4,1,2,-2563.1238416175233,16.031056508328952,1187
0,2,16,12,0,1,2,-2550.444130925508,22.98300811342127,1772
0,2,17,2,0,0,2,-1640.5264483627204,5.875057702085514,397
0,2,17,2,0,1,2,-1680.5565015479876,17.50640916220366,1292
0,2,17,3,0,0,2,-1671.7830028328613,23.26311978771034,1765
0,2,17,4,0,0,2,-1677.8556624722428,18.602524724224665,1351
0,2,17,4,1,0,2,-1638.301948051948,4.327096305680351,308
0,2,17,5,1,0,2,-1690.5968645016796,11.567266207011071,893
0,2,17,5,3,0,2,-1649.8684807256236,11.54615816799648,882
0,2,17,6,3,0,2,-1703.3403614457832,4.384577007155622,332
0,2,17,6,7,0,2,-1663.1152204836415,18.896012025592448,1406
0,2,17,7,7,0,2,-1670.422093023256,22.9163235269321,1720
0,2,17,8,7,0,2,-1700.6635514018692,5.778535734760665,428
0,2,17,8,7,1,2,-2540.596870342772,17.30615240943064,1342
0,2,17,9,7,1,2,-2550.7447823494335,23.580496459260658,1677
0,2,17,10,6,1,2,-2537.6121575342468,15.891684613819278,1168
0,2,17,10,7,1,2,-2578.051689860835,7.315477758778492,503
0,2,17,11,0,1,2,-2522.9077490774907,7.088448512439875,542
0,2,17,11,4,1,2,-2562.864995957963,15.98727399935418,1237
0,2,17,12,0,1,2,-2549.7601208459214,22.850066511121252,1655
0,2,18,2,0,0,2,-1640.3741007194244,5.7061623233127445,417
0,2,18,2,0,1,2,-1680.394675019577,17.29614646926923,1277
0,2,18,3,0,0,2,-1669.6948275862069,23.19067580969808,1740
0,2,18,4,0,0,2,-1677.6589552238806,19.102807923183406,1340
0,2,18,4,1,0,2,-1637.7162629757786,4.365139333119162,289
0,2,18,5,1,0,2,-1690.9086651053865,11.556848384736977,854
0,2,18,5,3,0,2,-1650.1118881118882,11.515230551885185,858
0,2,18,6,3,0,2,-1703.25,4.308592645881905,340
0,2,18,6,7,0,2,-1663.0759312320918,18.666964201478386,1396
0,2,18,7,7,0,2,-1671.7069988137605,22.91276531976154,1686
0,2,18,8,7,0,2,-1699.9647355163727,5.746427276323894,397
0,2,18,8,7,1,2,-2540.60031225605,17.16256842029691,1281
0,2,18,9,7,1,2,-2551.2754561506767,23.164090637637027,1699
0,2,18,10,6,1,2,-2537.90059982862,15.636412735657476,1167
0,2,18,10,7,1,2,-2577.8030303030305,7.405914296957575,528
0,2,18,11,0,1,2,-2522.8112522686024,7.060841406882481,551
0,2,18,11,4,1,2,-2563.2472573839664,15.841955553806729,1185
0,2,18,12,0,1,2,-2550.2826214160327,23.259299704343846,1709
0,2,19,2,0,0,2,-1640.624060150376,5.620319611709524,399
0,2,19,2,0,1,2,-1680.3935926773456,17.047179700987666,1311
0,2,19,3,0,0,2,-1670.973482616382,22.97057899877489,1697
0,2,19,4,0,0,2,-1677.6243654822335,18.824779261050562,1379
0,2,19,4,1,0,2,-1638.331081081081,4.275777965433221,296
0,2,19,5,1,0,2,-1690.878459687124,11.581382858495347,831
0,2,19,5,3,0,2,-1650.5595375722544,11.60382555090776,865
0,2,19,6,3,0,2,-1702.9810126582279,4.342856084967045,316
0,2,19,6,7,0,2,-1663.092511013216,18.766639090157234,1362
0,2,19,7,7,0,2,-1671.9467703349283,23.157979684381804,1672
0,2,19,8,7,0,2,-1700.450800915332,5.414235034248425,437
0,2,19,8,7,1,2,-2539.7846153846153,17.29718115372166,1235
0,2,19,9,7,1,2,-2551.138342277877,23.008151113134613,1677
0,2,19,10,6,1,2,-2537.4124783362217,15.736171346914183,1154
0,2,19,10,7,1,2,-2578.0380761523047,6.979827296099776,499
0,2,19,11,0,1,2,-2523.538752362949,7.165799836106596,529
0,2,19,11,4,1,2,-2562.8840947546532,15.955763747583164,1182
0,2,19,12,0,1,2,-2550.0604623592176,23.137867161051393,1687
0,2,20,2,0,0,2,-1640.3675417661098,5.855743680566472,419
0,2,20,2,0,1,2,-1680.6403225806453,17.364256573409865,1240
0,2,20,3,0,0,2,-1671.3001138952163,23.239821785371653,1756
0,2,20,4,0,0,2,-1677.6434599156119,18.73608689946698,1422
0,2,20,4,1,0,2,-1638.3113553113553,4.375478957985429,273
0,2,20,5,1,0,2,-1690.9650900900901,11.420500661190523,888
0,2,20,5,3,0,2,-1650.5951834862385,11.637988441600413,872
0,2,20,6,3,0,2,-1703.1006097560976,4.428180226267725,328
0,2,20,6,7,0,2,-1662.848377997179,18.768698269878737,1418
0,2,20,7,7,0,2,-1670.7346820809248,23.08528068785307,1730
0,2,20,8,7,0,2,-1700.4919168591225,5.7904559742696335,433
0,2,20,8,7,1,2,-2540.747720364742,17.360740812242078,1316
0,2,20,9,7,1,2,-2550.729104919976,23.669017875723213,1687
0,2,20,10,6,1,2,-2538.7606112054327,15.992105765866455,1178
0,2,20,10,7,1,2,-2578.3599290780144,7.251795375265585,564
0,2,20,11,0,1,2,-2523.049281314168,7.199819933955844,487
0,2,20,11,4,1,2,-2562.7360754070264,15.894163432322067,1167
0,2,20,12,0,1,2,-2549.9586826347304,23.163725372127974,1670
0,2,21,2,0,0,2,-1640.5773672055427,5.907223080539292,433
0,2,21,2,0,1,2,-1680.8882769472857,17.195550796987444,1271
0,2,21,3,0,0,2,-1670.3584905660377,23.06272336321572,1749
0,2,21,4,0,0,2,-1677.424091233072,18.733846274434246,1403
0,2,21,4,1,0,2,-1638.1636904761904,4.255247818862323,336
0,2,21,5,1,0,2,-1690.4068396226414,11.616749472820267,848
0,2,21,5,3,0,2,-1649.8856812933025,11.38207346491608,866
0,2,21,6,3,0,2,-1702.9331306990882,4.29480808890348,329
0,2,21,6,7,0,2,-1662.749815498155,18.809124492461073,1355
0,2,21,7,7,0,2,-1670.620548744892,23.52948190650453,1713
0,2,21,8,7,0,2,-1700.4573459715639,5.80380905881364,422
0,2,21,8,7,1,2,-2539.786217697729,16.977451475365676,1277
0,2,21,9,7,1,2,-2549.432574430823,23.194983836134472,1713
0,2,21,10,6,1,2,-2537.8192567567567,16.08416737007656,1184
0,2,21,10,7,1,2,-2577.943025540275,7.546235708048128,509
0,2,21,11,0,1,2,-2523.3050193050194,7.328714213723696,518
0,2,21,11,4,1,2,-2564.239375542064,15.805131961343749,1153
0,2,21,12,0,1,2,-2551.083384426732,23.259586734421745,1631
0,2,22,2,0,0,2,-1639.7690355329948,5.936205318859906,394
0,2,22,2,0,1,2,-1680.5245398773006,17.362368841316652,1304
0,2,22,3,0,0,2,-1670.1963636363637,22.98421564019982,1650
0,2,22,4,0,0,2,-1678.6060836501902,18.631955691097243,1315
0,2,22,4,1,0,2,-1637.842900302115,4.491627261326363,331
0,2,22,5,1,0,2,-1691.2834928229665,11.322576221767275,836
0,2,22,5,3,0,2,-1650.6526946107786,11.193950538869652,835
0,2,22,6,3,0,2,-1703.1101449275363,4.358504760418863,345
0,2,22,6,7,0,2,-1664.0650464617584,18.58187224822243,1399
0,2,22,7,7,0,2,-1670.3853859752505,22.60597328214537,1697
0,2,22,8,7,0,2,-1700.4052757793766,5.8236490478862475,417
0,2,22,8,7,1,2,-2539.375190258752,17.193987462825156,1314
0,2,22,9,7,1,2,-2551.3016505406945,23.068383718470812,1757
0,2,22,10,6,1,2,-2538.1541774332472,15.731692044179034,1161
0,2,22,10,7,1,2,-2578.6607495069034,7.150074676542288,507
0,2,22,11,0,1,2,-2523.006968641115,7.285369344898075,574
0,2,22,11,4,1,2,-2563.2733990147785,15.436292034116583,1218
0,2,22,12,0,1,2,-2548.9536571747626,23.35047412465207,1791
0,2,23,2,0,0,2,-1640.8305084745762,5.768356443706842,413
0,2,23,2,0,1,2,-1680.4196018376722,17.72661322363775,1306
0,2,23,3,0,0,2,-1670.3926345609066,23.202873030181074,1765
0,2,23,4,0,0,2,-1678.0475852272727,18.37290904518906,1408
0,2,23,4,1,0,2,-1637.7275641025642,4.305572919882401,312
0,2,23,5,1,0,2,-1690.2599277978338,11.68395773471081,831
0,2,23,5,3,0,2,-1650.2459826946847,11.374730165324042,809
0,2,23,6,3,0,2,-1703.3247588424438,4.433212620416771,311
0,2,23,6,7,0,2,-1662.8701117318435,18.950056396167856,1432
0,2,23,7,7,0,2,-1670.5056179775281,23.37877115342657,1691
0,2,23,8,7,0,2,-1700.414117647059,5.685712805234688,425
0,2,23,8,7,1,2,-2541.042173560422,17.348949707126067,1233
0,2,23,9,7,1,2,-2550.596997690531,23.10187679692328,1732
0,2,23,10,6,1,2,-2538.149344978166,15.772273001721192,1145
0,2,23,10,7,1,2,-2578.0939226519336,7.197325309560293,543
0,2,23,11,0,1,2,-2522.7741935483873,7.113358231944397,527
0,2,23,11,4,1,2,-2563.685411572942,15.609397021066657,1227
0,2,23,12,0,1,2,-2550.0820152314,23.427267419399907,1707
0,2,24,2,0,0,2,-1640.584541062802,5.8289923936885195,414
0,2,24,2,0,1,2,-1681.502030869212,17.32908283903347,1231
0,2,24,3,0,0,2,-1670.9090392268333,23.055257130210375,1759
0,2,24,4,0,0,2,-1678.2913165266107,18.712755957410433,1428
0,2,24,4,1,0,2,-1637.997159090909,4.362481166678457,352
0,2,24,5,1,0,2,-1690.1705607476636,11.299196591382236,856
0,2,24,5,3,0,2,-1650.5539568345323,11.571800252433889,834
0,2,24,6,3,0,2,-1703.0830860534124,4.346857929506882,337
0,2,24,6,7,0,2,-1663.6591569767443,18.196703489755446,1376
0,2,24,7,7,0,2,-1670.7604994324631,23.76899957831179,1762
0,2,24,8,7,0,2,-1700.5489260143197,5.946810183014308,419
0,2,24,8,7,1,2,-2540.051374819103,17.465520144328874,1382
0,2,24,9,7,1,2,-2550.8392226148408,22.932495650477147,1698
0,2,24,10,6,1,2,-2537.9293712316967,16.02808174243837,1161
0,2,24,10,7,1,2,-2577.9839285714284,7.173718820121378,560
0,2,24,11,0,1,2,-2523.063551401869,7.233597526988086,535
0,2,24,11,4,1,2,-2562.8192041522493,15.914488558509625,1156
0,2,24,12,0,1,2,-2549.7078853046596,23.198099610001535,1674
0,2,25,2,0,0,2,-1640.2687224669603,5.888317385128704,454
0,2,25,2,0,1,2,-1679.5237315875613,17.171104162334654,1222
0,2,25,3,0,0,2,-1669.2943201376936,22.986913059055812,1743
0,2,25,4,0,0,2,-1678.014423076923,18.615593301129785,1456
0,2,25,4,1,0,2,-1638.3674911660778,4.364885954371612,283
0,2,25,5,1,0,2,-1690.9016759776537,11.563927127022966,895
0,2,25,5,3,0,2,-1650.5452380952381,11.114677177170798,840
0,2,25,6,3,0,2,-1702.700288184438,4.245638538854787,347
0,2,25,6,7,0,2,-1663.1688218390805,18.757476035763244,1392
0,2,25,7,7,0,2,-1669.934367541766,23.57123439595158,1676
0,2,25,8,7,0,2,-1700.6043010752687,5.872698157732692,465
0,2,25,8,7,1,2,-2540.5270700636943,17.54568830339228,1256
0,2,25,9,7,1,2,-2550.0600240096037,23.529833398972286,1666
0,2,25,10,6,1,2,-2537.10103626943,15.625617190062595,1158
0,2,25,10,7,1,2,-2577.915187376726,6.929534460864712,507
0,2,25,11,0,1,2,-2523.2649253731342,7.464390663659898,536
0,2,25,11,4,1,2,-2563.420118343195,15.903667131225628,1183
0,2,25,12,0,1,2,-2550.4845422116528,22.81190338066989,1682
0,2,26,2,0,0,2,-1640.4858611825193,5.626592259378331,389
0,2,26,2,0,1,2,-1680.5551020408163,17.66824733143987,1225
0,2,26,3,0,0,2,-1671.618368511124,23.369299958845996,1753
0,2,26,4,0,0,2,-1677.6076134699854,18.807876625172668,1366
0,2,26,4,1,0,2,-1638.164705882353,4.131221322960665,340
0,2,26,5,1,0,2,-1690.234718826406,11.735623467575275,818
0,2,26,5,3,0,2,-1650.75117370892,11.597274288513914,852
0,2,26,6,3,0,2,-1703.0222841225627,4.312262016166296,359
0,2,26,6,7,0,2,-1662.0796524257785,18.793308433515726,1381
0,2,26,7,7,0,2,-1670.0188457008244,23.210353140272517,1698
0,2,26,8,7,0,2,-1700.7381489841987,5.816537737040671,443
0,2,26,8,7,1,2,-2540.9375975039,17.35921771802734,1282
0,2,26,9,7,1,2,-2550.0764256319812,23.19601904699438,1701
0,2,26,10,6,1,2,-2537.7556866048863,15.634977666583314,1187
0,2,26,10,7,1,2,-2577.5658436213994,6.921873394038098,486
0,2,26,11,0,1,2,-2523.3410852713178,7.384507272668637,516
0,2,26,11,4,1,2,-2562.6099044309294,15.587421890461389,1151
0,2,26,12,0,1,2,-2550.0300057703403,22.858737771366773,1733
0,2,27,2,0,0,2,-1640.7179487179487,5.574850243067648,429
0,2,27,2,0,1,2,-1680.2201210287444,17.08435387533165,1322
0,2,27,3,0,0,2,-1670.75,23.40249691169724,1692
0,2,27,4,0,0,2,-1677.773144876325,18.834337852346593,1415
0,2,27,4,1,0,2,-1638.087774294671,4.257960392905461,319
0,2,27,5,1,0,2,-1689.6666666666667,11.519177230038608,861
0,2,27,5,3,0,2,-1651.103971962617,11.340716616778876,856
0,2,27,6,3,0,2,-1703.2685185185185,4.398245612952906,324
0,2,27,6,7,0,2,-1663.499263622975,18.53026619588135,1358
0,2,27,7,7,0,2,-1670.8557126030623,22.81760073218353,1698
0,2,27,8,7,0,2,-1700.6190476190477,5.730136745314457,441
0,2,27,8,7,1,2,-2540.476387738194,17.282560304548134,1207
0,2,27,9,7,1,2,-2548.9450231481483,22.914618307425176,1728
0,2,27,10,6,1,2,-2538.5756551141167,15.525208657559189,1183
0,2,27,10,7,1,2,-2578.386617100372,7.219292569915815,538
0,2,27,11,0,1,2,-2523.1493848857644,7.140358116585059,569
0,2,27,11,4,1,2,-2563.515544041451,15.818902255592633,1158
0,2,27,12,0,1,2,-2550.167466986795,23.556581480295797,1666
0,2,28,2,0,0,2,-1640.5831202046036,5.701224482237406,391
0,2,28,2,0,1,2,-1680.4792,17.422008132238794,1250
0,2,28,3,0,0,2,-1671.1123903508771,22.93901573673994,1824
0,2,28,4,0,0,2,-1677.7013081395348,19.205555716562458,1376
0,2,28,4,1,0,2,-1637.9806451612903,4.339571805454467,310
0,2,28,5,1,0,2,-1690.8451834862385,11.723599061992829,872
0,2,28,5,3,0,2,-1650.5822784810127,11.744467986890193,869
0,2,28,6,3,0,2,-1702.7938144329896,4.522425551946365,291
0,2,28,6,7,0,2,-1662.8233164373642,18.80250821412704,1381
0,2,28,7,7,0,2,-1671.0537190082644,22.684298482016956,1694
0,2,28,8,7,0,2,-1699.9010416666667,5.678504695902809,384
0,2,28,8,7,1,2,-2540.533117932149,17.023791727593807,1238
0,2,28,9,7,1,2,-2550.598847262248,23.06663443224786,1735
0,2,28,10,6,1,2,-2537.8645920941967,15.740034809958564,1189
0,2,28,10,7,1,2,-2577.9351145038167,7.35960113072687,524
0,2,28,11,0,1,2,-2523.435100548446,7.216480993796171,547
0,2,28,11,4,1,2,-2562.6824324324325,15.714153614252512,1184
0,2,28,12,0,1,2,-2550.609933373713,22.53580228594814,1651
0,2,29,2,0,0,2,-1640.6765957446808,5.93741159902662,470
0,2,29,2,0,1,2,-1680.7512116316639,17.196229749436245,1238
0,2,29,3,0,0,2,-1670.6905594405594,22.678824301878485,1716
0,2,29,4,0,0,2,-1677.2691466083152,19.169627175686934,1371
0,2,29,4,1,0,2,-1637.7791411042945,4.375790256255749,326
0,2,29,5,1,0,2,-1690.6340882002385,11.615341929945957,839
0,2,29,5,3,0,2,-1649.907995618839,11.681529387932395,913
0,2,29,6,3,0,2,-1703.2074303405573,4.2276921981442515,323
0,2,29,6,7,0,2,-1663.813855843247,18.888877760400927,1429
0,2,29,7,7,0,2,-1671.587915407855,22.506970498766545,1655
0,2,29,8,7,0,2,-1700.1909871244636,5.798475851571959,466
0,2,29,8,7,1,2,-2540.554135338346,17.06146787077387,1330
0,2,29,9,7,1,2,-2550.060119047619,23.593493453049703,1680
0,2,29,10,6,1,2,-2538.068239258635,16.24391461769331,1187
0,2,29,10,7,1,2,-2578.3024118738404,7.443504828180753,539
0,2,29,11,0,1,2,-2522.7157258064517,7.133931490085354,496
0,2,29,11,4,1,2,-2562.5069324090123,15.611744138967794,1154
0,2,29,12,0,1,2,-2550.6782857142857,23.146784717873942,1750
0,2,30,2,0,0,2,-1640.9770114942528,5.619295598461364,435
0,2,30,2,0,1,2,-1680.8973354231975,17.150348227086525,1276
0,2,30,3,0,0,2,-1671.3275964391692,22.914538253310187,1685
0,2,30,4,0,0,2,-1677.8890410958904,19.070669307805435,1460
0,2,30,4,1,0,2,-1638.1271676300578,4.327090568387971,346
0,2,30,5,1,0,2,-1690.8085351787774,11.545417903031193,867
0,2,30,5,3,0,2,-1650.0931899641578,11.650051208865468,837
0,2,30,6,3,0,2,-1703.094155844156,4.370900483925481,308
0,2,30,6,7,0,2,-1663.134252539913,18.59577185739847,1378
0,2,30,7,7,0,2,-1669.6202008269345,22.364810626517755,1693
0,2,30,8,7,0,2,-1700.5275938189845,5.910835837939941,453
0,2,30,8,7,1,2,-2540.9198717948716,17.109329513321686,1248
0,2,30,9,7,1,2,-2549.6375291375293,22.641404188734274,1716
0,2,30,10,6,1,2,-2538.0176767676767,16.16660493555698,1188
0,2,30,10,7,1,2,-2577.810810810811,7.488821716024794,592
0,2,30,11,0,1,2,-2522.9026217228466,7.102372912670781,534
0,2,30,11,4,1,2,-2563.5620121422376,15.461330667025777,1153
0,2,30,12,0,1,2,-2549.2516166960613,23.001371378132454,1701
0,2,31,2,0,0,2,-1640.6406619385343,5.75656283186193,423
0,2,31,2,0,1,2,-1680.3227383863082,17.07121560642471,1227
0,2,31,3,0,0,2,-1671.172131147541,22.981988078067435,1708
0,2,31,4,0,0,2,-1678.5052870090635,18.625522620669106,1324
0,2,31,4,1,0,2,-1637.7084548104956,4.258021235599045,343
0,2,31,5,1,0,2,-1690.926799007444,11.5350733439001,806
0,2,31,5,3,0,2,-1650.9083431257345,11.41909932238044,851
0,2,31,6,3,0,2,-1702.8895705521472,4.3441041562008555,326
0,2,31,6,7,0,2,-1663.9295485636114,18.689370621163643,1462
0,2,31,7,7,0,2,-1671.0483401281303,23.374106553515432,1717
0,2,31,8,7,0,2,-1700.5936794582392,5.834601833992744,443
0,2,31,8,7,1,2,-2540.3505237711524,17.41354891642537,1241
0,2,31,9,7,1,2,-2550.0268878718534,23.08567438284282,1748
0,2,31,10,6,1,2,-2537.5461672473866,16.20304938437683,1148
0,2,31,10,7,1,2,-2578.6408450704225,7.391793650410378,568
0,2,31,11,0,1,2,-2522.5677179962895,7.337892896290403,539
0,2,31,11,4,1,2,-2562.804149377593,16.21806224399998,1205
0,2,31,12,0,1,2,-2550.2047058823528,23.502299791795103,1700
0,2,32,2,0,0,2,-1640.7604395604396,5.879539473623883,455
0,2,32,2,0,1,2,-1680.0338983050847,17.31219963331641,1298
0,2,32,3,0,0,2,-1670.5668906536348,23.142198410367076,1637
0,2,32,4,0,0,2,-1678.007215007215,18.699413295921286,1386
0,2,32,4,1,0,2,-1637.6964285714287,4.252812694687887,336
0,2,32,5,1,0,2,-1690.4800469483569,11.777807012603132,852
0,2,32,5,3,0,2,-1650.2081339712918,11.57427566994219,836
0,2,32,6,3,0,2,-1702.6131147540984,4.373672179172831,305
0,2,32,6,7,0,2,-1662.5504587155963,18.36120457904897,1417
0,2,32,7,7,0,2,-1670.4004643064422,23.246336335121313,1723
0,2,32,8,7,0,2,-1700.4107579462102,5.796675690329486,409
0,2,32,8,7,1,2,-2540.4794414274634,17.158814267210154,1289
0,2,32,9,7,1,2,-2549.582462253194,23.10342335974819,1722
0,2,32,10,6,1,2,-2538.058109280139,16.1872474159541,1153
0,2,32,10,7,1,2,-2578.0517928286854,7.130632726426017,502
0,2,32,11,0,1,2,-2523.157221206581,7.305863886215171,547
0,2,32,11,4,1,2,-2563.1909167367535,15.818718136550581,1189
0,2,32,12,0,1,2,-2550.4317632850243,22.7471966904957,1656
0,2,33,2,0,0,2,-1640.58407079646,5.834328777034227,452
0,2,33,2,0,1,2,-1680.3660990712074,17.38041483299827,1292
0,2,33,3,0,0,2,-1669.9965397923875,23.359336053844107,1734
0,2,33,4,0,0,2,-1678.9176300578035,18.633959028206966,1384
0,2,33,4,1,0,2,-1638.0900900900901,4.284652861326705,333
0,2,33,5,1,0,2,-1690.8360277136258,11.61948252116947,866
0,2,33,5,3,0,2,-1650.0034403669724,11.702592714319035,872
0,2,33,6,3,0,2,-1702.7377521613832,4.496279424680891,347
0,2,33,6,7,0,2,-1661.9539007092199,19.225942940412132,1410
0,2,33,7,7,0,2,-1671.2147492625368,22.896481563885537,1695
0,2,33,8,7,0,2,-1700.418052256532,5.66910676414128,421
0,2,33,8,7,1,2,-2540.491329479769,17.49504256689036,1211
0,2,33,9,7,1,2,-2550.934693877551,23.678811501391586,1715
0,2,33,10,6,1,2,-2538.134404057481,15.994811863706882,1183
0,2,33,10,7,1,2,-2578.0788461538464,7.165055062750704,520
0,2,33,11,0,1,2,-2522.21992481203,7.165506975772121,532
0,2,33,11,4,1,2,-2563.4679433805163,15.856638537063237,1201
0,2,33,12,0,1,2,-2550.579836829837,23.23100349781548,1716
0,2,34,2,0,0,2,-1640.841059602649,5.502268504935696,453
0,2,34,2,0,1,2,-1680.2769353551475,17.008070555831637,1253
0,2,34,3,0,0,2,-1669.3209518282067,23.0398417649504,1723
0,2,34,4,0,0,2,-1677.979879275654,18.948010277583496,1491
0,2,34,4,1,0,2,-1637.7993730407522,4.2747196922627175,319
0,2,34,5,1,0,2,-1690.0696864111499,11.17892797542578,861
0,2,34,5,3,0,2,-1651.4782096584217,11.699307202600247,849
0,2,34,6,3,0,2,-1702.9488817891374,4.263367291976495,313
0,2,34,6,7,0,2,-1663.0119940029986,18.509769050332768,1334
0,2,34,7,7,0,2,-1671.5418326693227,22.71012269688133,1757
0,2,34,8,7,0,2,-1700.2392344497607,5.843263113678824,418
0,2,34,8,7,1,2,-2540.152358855375,17.290453206461642,1293
0,2,34,9,7,1,2,-2551.705571847507,23.184130949844217,1705
0,2,34,10,6,1,2,-2537.794520547945,15.677690199037338,1168
0,2,34,10,7,1,2,-2578.242537313433,7.211680790958113,536
0,2,34,11,0,1,2,-2522.9981132075472,7.357578317886823,530
0,2,34,11,4,1,2,-2563.4798628963154,16.2524871678544,1167
0,2,34,12,0,1,2,-2550.9755542922117,23.241740068869284,1759
0,2,35,8,7,1,2,-2540.807419100237,16.78559277797792,1267
0,2,35,9,7,1,2,-2550.35263462652,22.78529790301756,1727
0,2,35,10,6,1,2,-2547.8558897243106,10.402213671707539,798
0,2,35,10,7,1,2,-2577.6654478976234,7.349436542180385,547
0,3,1,2,0,1,3,-1620.471297359357,22.83528179469325,1742
0,3,1,3,0,0,3,-1605.4522471910113,14.484350479306732,1068
0,3,1,3,0,1,3,-1645.1041055718474,8.526103484144931,682
0,3,1,4,0,0,3,-1620.8143382352941,22.836760125774102,1632
0,3,1,5,0,0,3,-1642.7451253481895,10.212802464368561,718
0,3,1,5,1,0,3,-1603.46192893401,12.774451912327459,985
0,3,1,6,1,0,3,-1656.0336134453783,2.8073516127161815,238
0,3,1,6,3,0,3,-1622.8758389261745,16.26561263824391,1192
0,3,1,6,7,0,3,-1587.861952861953,4.2944408773433125,297
0,3,1,7,7,0,3,-1619.6704009433963,22.712865636129752,1696
0,3,1,8,7,0,3,-1625.661195009849,19.601365018471185,1523
0,3,1,10,6,1,3,-2462.9758064516127,1.4111520673500744,124
0,3,1,10,7,1,3,-2478.087954110899,7.137003204578433,523
0,3,1,11,4,1,3,-2475.7382753403936,8.502533362181673,661
0,3,1,11,6,1,3,-2515.271954674221,14.5327501936131,1059
0,3,1,12,0,1,3,-2488.284659557014,16.154509884525652,1219
0,3,1,12,4,1,3,-2528.7384898710866,7.109362172544875,543
0,3,2,2,0,1,3,-1620.0262569832403,22.938267481212083,1790
0,3,2,3,0,0,3,-1605.510733452594,14.741098135434145,1118
0,3,2,3,0,1,3,-1645.4065573770492,8.677762589402343,610
0,3,2,4,0,0,3,-1620.3244030285382,23.18606599002542,1717
0,3,2,5,0,0,3,-1643.0737134909596,10.270546975074286,719
0,3,2,5,1,0,3,-1602.4100106496273,13.118820707752418,939
0,3,2,6,1,0,3,-1655.4357798165138,2.8362018449524538,218
0,3,2,6,3,0,3,-1622.9885057471265,16.080226875018766,1131
0,3,2,6,7,0,3,-1587.696319018405,4.174467962416163,326
0,3,2,7,7,0,3,-1620.3937463810075,22.52397876174575,1727
0,3,2,8,7,0,3,-1625.6209850107066,20.06761843886759,1401
0,3,2,8,7,1,3,-2465.0677083333335,2.815618448482686,192
0,3,2,9,7,1,3,-2499.9004029936673,23.213456801918916,1737
0,3,2,10,6,1,3,-2463.1181818181817,1.3261826160821792,110
0,3,2,10,7,1,3,-2502.253350350989,22.18315043705876,1567
0,3,2,11,4,1,3,-2475.443267776097,8.723446637764125,661
0,3,2,11,6,1,3,-2514.7681992337166,14.413432439483278,1044
0,3,2,12,0,1,3,-2487.7652388797364,15.778431180276542,1214
0,3,2,12,4,1,3,-2527.597249508841,7.175656860160657,509
0,3,3,2,0,1,3,-1620.4837935174069,23.140497628779613,1666
0,3,3,3,0,0,3,-1605.097014925373,14.696935614701909,1072
0,3,3,3,0,1,3,-1645.3283582089553,8.916694338970768,603
0,3,3,4,0,0,3,-1620.5675057208239,22.839543701183207,1748
0,3,3,5,0,0,3,-1643.1103896103896,9.887787093925711,770
0,3,3,5,1,0,3,-1603.1318327974277,12.97523341902626,933
0,3,3,6,1,0,3,-1655.7217741935483,2.9373858381627094,248
0,3,3,6,3,0,3,-1623.3746701846965,15.651503464137107,1137
0,3,3,6,7,0,3,-1588.1305637982196,4.408736670480672,337
0,3,3,7,7,0,3,-1620.8429468874929,22.869727788310644,1751
0,3,3,8,7,0,3,-1625.2475862068966,20.190166888884946,1450
0,3,3,8,7,1,3,-2465.6009389671362,2.890067020090774,213
0,3,3,9,7,1,3,-2500.703985932005,23.12927521893477,1706
0,3,3,10,6,1,3,-2463.031914893617,1.2837124329822236,94
0,3,3,10,7,1,3,-2503.8888888888887,21.507797550465728,1566
0,3,3,11,4,1,3,-2475.3492063492063,8.801981613410357,630
0,3,3,11,6,1,3,-2516.261770244821,14.290674526087384,1062
0,3,3,12,0,1,3,-2488.6747899159664,15.525450607087475,1190
0,3,3,12,4,1,3,-2528.0767888307155,6.953174384148025,573
0,3,4,2,0,1,3,-1620.5702179176756,23.101613293371567,1652
0,3,4,3,0,0,3,-1605.7934044616877,14.211612413826105,1031
0,3,4,3,0,1,3,-1645.0799373040752,8.7202178510089,638
0,3,4,4,0,0,3,-1619.7942063971032,23.074893471898402,1657
0,3,4,5,0,0,3,-1642.6429548563613,9.913429050353121,731
0,3,4,5,1,0,3,-1602.9128586609988,12.854737107811191,941
0,3,4,6,1,0,3,-1655.3719806763286,2.852541444889107,207
0,3,4,6,3,0,3,-1623.0130095403297,16.179307634722306,1153
0,3,4,6,7,0,3,-1588.3801169590643,4.27374166540745,342
0,3,4,7,7,0,3,-1619.7808535178776,23.09217181799126,1734
0,3,4,8,7,0,3,-1625.2489711934156,20.04820362934521,1458
0,3,4,8,7,1,3,-2465.401960784314,3.0622937830337853,204
0,3,4,9,7,1,3,-2500.459731543624,23.53680183551834,1788
0,3,4,10,6,1,3,-2463.0760869565215,1.4613401806580588,92
0,3,4,10,7,1,3,-2503.026038437694,21.55157752298486,1613
0,3,4,11,4,1,3,-2475.696223316913,8.608126274237895,609
0,3,4,11,6,1,3,-2515.5030837004406,14.600939539114826,1135
0,3,4,12,0,1,3,-2488.8917145200985,15.86043793990231,1219
0,3,4,12,4,1,3,-2527.8638941398867,7.002592063625347,529
0,3,5,2,0,1,3,-1621.1945676274945,23.47774228723317,1804
0,3,5,3,0,0,3,-1606.5665158371041,14.47711131800423,1105
0,3,5,3,0,1,3,-1645.3803680981596,8.790477690301946,652
0,3,5,4,0,0,3,-1619.9168577981652,23.26826677580737,1744
0,3,5,5,0,0,3,-1642.6740638002773,10.054249865184966,721
0,3,5,5,1,0,3,-1602.0281690140846,13.198758420434446,923
0,3,5,6,1,0,3,-1655.4639175257732,2.9429694508663617,194
0,3,5,6,3,0,3,-1622.4754521963823,15.957457178713112,1161
0,3,5,6,7,0,3,-1587.9213836477988,4.128073313328225,318
0,3,5,7,7,0,3,-1620.4542102028272,22.957234749132226,1627
0,3,5,8,7,0,3,-1625.859097127223,20.326624531584,1462
0,3,5,8,7,1,3,-2465.31914893617,2.879911220309529,235
0,3,5,9,7,1,3,-2500.5931490384614,23.33423483992659,1664
0,3,5,10,6,1,3,-2462.9636363636364,1.2786873431874564,110
0,3,5,10,7,1,3,-2503.238332296204,21.956308353095352,1607
0,3,5,11,4,1,3,-2476.1194244604317,8.508910925399793,695
0,3,5,11,6,1,3,-2515.75799086758,14.264458100934663,1095
0,3,5,12,0,1,3,-2487.6437659033077,15.717134393835668,1179
0,3,5,12,4,1,3,-2528.4087591240877,7.258827743558079,548
0,3,6,2,0,1,3,-1620.8653846153845,22.82036829272588,1768
0,3,6,3,0,0,3,-1605.34795042898,14.508667344578802,1049
0,3,6,3,0,1,3,-1645.1017699115043,8.76672256869478,678
0,3,6,4,0,0,3,-1620.2702860478691,23.23405437869161,1713
0,3,6,5,0,0,3,-1642.950819672131,10.15442442456177,732
0,3,6,5,1,0,3,-1603.2486772486773,12.828315277287814,945
0,3,6,6,1,0,3,-1655.7095238095237,2.8729286140333974,210
0,3,6,6,3,0,3,-1623.6224215246637,15.782093487681827,1115
0,3,6,6,7,0,3,-1587.8885350318471,4.390601835527012,314
0,3,6,7,7,0,3,-1620.772106824926,23.220712244965082,1685
0,3,6,8,7,0,3,-1625.920613742495,19.931998354289252,1499
0,3,6,8,7,1,3,-2465.75,2.868093711514967,208
0,3,6,9,7,1,3,-2500.080681818182,23.343708311181587,1760
0,3,6,10,6,1,3,-2462.901785714286,1.4513529488711225,112
0,3,6,10,7,1,3,-2502.709232613909,21.792183627985004,1668
0,3,6,11,4,1,3,-2475.248695652174,8.661904251149243,575
0,3,6,11,6,1,3,-2515.1477597712105,14.22702007874304,1049
0,3,6,12,0,1,3,-2487.6157205240174,16.108337287202822,1145
0,3,6,12,4,1,3,-2528.4131205673757,6.974210714188902,564
0,3,7,2,0,1,3,-1621.13305978898,23.06211088849009,1706
0,3,7,3,0,0,3,-1605.6613055818354,14.270821147818364,1057
0,3,7,3,0,1,3,-1645.8250728862974,8.79728032003293,686
0,3,7,4,0,0,3,-1620.1398401826484,23.459996301331135,1752
0,3,7,5,0,0,3,-1642.4632768361582,9.904347986432837,708
0,3,7,5,1,0,3,-1603.26034308779,13.014112943453375,991
0,3,7,6,1,0,3,-1655.5463414634146,2.8719074617513582,205
0,3,7,6,3,0,3,-1623.0730290456431,15.813004088220886,1205
0,3,7,6,7,0,3,-1587.9323076923076,4.157110967702475,325
0,3,7,7,7,0,3,-1619.6178571428572,22.964111030203796,1680
0,3,7,8,7,0,3,-1625.3220796758947,20.483674894929308,1481
0,3,7,8,7,1,3,-2465.7075471698113,2.916986624128453,212
0,3,7,9,7,1,3,-2500.6044905008634,22.782686982070054,1737
0,3,7,10,6,1,3,-2462.9591836734694,1.4136244295522011,98
0,3,7,10,7,1,3,-2503.4159132007235,21.758954284503453,1659
0,3,7,11,4,1,3,-2475.587869362364,8.450366053580561,643
0,3,7,11,6,1,3,-2515.3610074626868,14.637577195301457,1072
0,3,7,12,0,1,3,-2488.048586572438,15.927683517794689,1132
0,3,7,12,4,1,3,-2527.9642147117297,7.431510455022897,503
0,3,8,2,0,1,3,-1620.6535244922343,23.691125785469893,1674
0,3,8,3,0,0,3,-1605.5988960441582,14.256782910146919,1087
0,3,8,3,0,1,3,-1645.8256333830104,8.638854375837367,671
0,3,8,4,0,0,3,-1621.3730814639905,23.25316513112827,1694
0,3,8,5,0,0,3,-1643.300835654596,10.234371841476586,718
0,3,8,5,1,0,3,-1603.1733333333334,13.195915192876482,900
0,3,8,6,1,0,3,-1655.3619909502263,2.8244574410993253,221
0,3,8,6,3,0,3,-1623.0521446593775,15.797200011439955,1189
0,3,8,6,7,0,3,-1588.062091503268,4.432434031393443,306
0,3,8,7,7,0,3,-1620.6300114547537,23.072908341010795,1746
0,3,8,8,7,0,3,-1625.30694980695,20.201217277656188,1554
0,3,8,8,7,1,3,-2465.1463414634145,2.726213988838238,205
0,3,8,9,7,1,3,-2500.7858386535113,23.236725870319315,1723
0,3,8,10,6,1,3,-2463.0,1.2397729781347004,108
0,3,8,10,7,1,3,-2502.899196042053,21.73476149204154,1617
0,3,8,11,4,1,3,-2475.3242811501595,8.939553037505569,626
0,3,8,11,6,1,3,-2515.3042654028436,14.71625244659357,1055
0,3,8,12,0,1,3,-2487.5900783289817,15.636869434789206,1149
0,3,8,12,4,1,3,-2527.959633027523,6.801660877353115,545
0,3,9,2,0,1,3,-1620.7419168591225,22.885794842286902,1732
0,3,9,3,0,0,3,-1605.1186440677966,14.514093311066054,1003
0,3,9,3,0,1,3,-1645.2614173228346,8.591756232394898,635
0,3,9,4,0,0,3,-1620.630732578916,23.25377327510162,1679
0,3,9,5,0,0,3,-1642.5983827493262,9.965595672847396,742
0,3,9,5,1,0,3,-1602.5150905432595,13.076630423075347,994
0,3,9,6,1,0,3,-1655.643216080402,2.8983345952525186,199
0,3,9,6,3,0,3,-1622.7658862876253,15.543940526497558,1196
0,3,9,6,7,0,3,-1587.8870967741937,4.1461402132123855,310
0,3,9,7,7,0,3,-1620.993544600939,23.090845911320763,1704
0,3,9,8,7,0,3,-1625.6772665764547,20.019189984355314,1478
0,3,9,8,7,1,3,-2465.492385786802,2.8687344692730257,197
0,3,9,9,7,1,3,-2499.5982558139535,23.376163007595306,1720
0,3,9,10,7,1,3,-2502.565739570164,21.475453648509504,1582
0,3,9,11,4,1,3,-2475.0465838509317,8.466099962726066,644
0,3,9,11,6,1,3,-2514.6001890359166,14.570274266973911,1058
0,3,9,12,0,1,3,-2488.0615514333895,15.839107437165062,1186
0,3,9,12,4,1,3,-2527.6513026052103,7.027191198422943,499
0,3,10,2,0,1,3,-1620.2233736327,23.15328176635104,1737
0,3,10,3,0,0,3,-1605.9830028328613,14.558199246411744,1059
0,3,10,3,0,1,3,-1645.4070660522273,8.68134708699448,651
0,3,10,4,0,0,3,-1620.0665887850466,23.214718090632285,1712
0,3,10,5,0,0,3,-1642.7790368271956,10.241664180741148,706
0,3,10,5,1,0,3,-1602.720430107527,13.441922538670223,930
0,3,10,6,1,0,3,-1655.2892156862745,2.830104510771389,204
0,3,10,6,3,0,3,-1623.524400330852,15.535320364175396,1209
0,3,10,6,7,0,3,-1588.0776119402985,4.425833959499171,335
0,3,10,7,7,0,3,-1621.098843930636,22.970477379303542,1730
0,3,10,8,7,0,3,-1625.5964450296246,20.18146153282362,1519
0,3,10,8,7,1,3,-2465.241860465116,2.909026254415477,215
0,3,10,9,7,1,3,-2501.3741217798597,23.48505848412982,1708
0,3,10,10,6,1,3,-2462.910714285714,1.436473679928813,112
0,3,10,10,7,1,3,-2502.271903323263,21.351972584152804,1655
0,3,10,11,4,1,3,-2475.7760683760685,8.72482115575185,585
0,3,10,11,6,1,3,-2515.1838306063523,14.792497654772816,1039
0,3,10,12,0,1,3,-2488.520365752286,15.901459100605573,1203
0,3,10,12,4,1,3,-2528.351669941061,7.060787296752541,509
0,3,11,2,0,1,3,-1621.0803625377644,23.149067853081963,1655
0,3,11,3,0,0,3,-1605.2095588235295,14.679987771838064,1088
0,3,11,3,0,1,3,-1645.4173354735153,8.373072023756604,623
0,3,11,4,0,0,3,-1620.059838895282,23.460146368640704,1738
0,3,11,5,0,0,3,-1643.1217861975642,10.021832678371402,739
0,3,11,5,1,0,3,-1602.2997967479675,13.117997937086635,984
0,3,11,6,1,0,3,-1655.3267326732673,2.81828861377403,202
0,3,11,6,3,0,3,-1622.60147299509,16.00416571560077,1222
0,3,11,6,7,0,3,-1587.9905660377358,4.39087522191848,318
0,3,11,7,7,0,3,-1620.190857142857,23.15370076824779,1750
0,3,11,8,7,0,3,-1625.393288590604,20.49893650680778,1490
0,3,11,8,7,1,3,-2465.5960591133003,2.9401893705973365,203
0,3,11,9,7,1,3,-2499.9822590183326,22.899485554429592,1691
0,3,11,10,6,1,3,-2463.0416666666665,1.5405401292805363,96
0,3,11,10,7,1,3,-2503.288547664747,21.567446396962616,1563
0,3,11,11,4,1,3,-2475.527868852459,8.66858150416662,610
0,3,11,11,6,1,3,-2515.9951456310678,14.612103499107384,1030
0,3,11,12,0,1,3,-2488.048387096774,15.814830511961562,1178
0,3,11,12,4,1,3,-2527.872154115587,7.00608532709771,571
0,3,12,2,0,1,3,-1621.4666269368295,22.573857472424226,1678
0,3,12,3,0,0,3,-1605.1998223801065,14.29069055568713,1126
0,3,12,3,0,1,3,-1644.9549114331724,8.328475639251211,621
0,3,12,4,0,0,3,-1620.0290801186943,23.43584683680572,1685
0,3,12,5,0,0,3,-1643.0144546649146,9.78701176099395,761
0,3,12,5,1,0,3,-1602.3821585903083,12.93070275562937,908
0,3,12,6,1,0,3,-1655.6852791878173,2.8360329317523094,197
0,3,12,6,3,0,3,-1624.1065088757396,15.917703076892483,1183
0,3,12,6,7,0,3,-1588.0566037735848,4.314295795873934,318
0,3,12,7,7,0,3,-1620.7324985771202,23.186436901616688,1757
0,3,12,8,7,0,3,-1625.2687458526875,20.20016224434045,1507
0,3,12,8,7,1,3,-2465.427906976744,2.9716744620308266,215
0,3,12,9,7,1,3,-2499.92893081761,23.025156725943607,1590
0,3,12,10,6,1,3,-2462.9236641221373,1.311245085249178,131
0,3,12,10,7,1,3,-2503.5332103321034,21.89728772007649,1626
0,3,12,11,4,1,3,-2475.0873493975905,8.659291768835589,664
0,3,12,11,6,1,3,-2514.651439920556,14.39493509250822,1007
0,3,12,12,0,1,3,-2487.41529105126,16.04374696178936,1151
0,3,12,12,4,1,3,-2527.8171428571427,7.071666566462719,525
0,3,13,2,0,1,3,-1620.7516262566528,23.290133684512668,1691
0,3,13,3,0,0,3,-1605.9898430286241,14.190397969310812,1083
0,3,13,3,0,1,3,-1645.3102409638554,8.499299258966216,664
0,3,13,4,0,0,3,-1620.0899820035993,23.001740925463082,1667
0,3,13,5,0,0,3,-1642.6296296296296,10.302422904124503,729
0,3,13,5,1,0,3,-1602.589770354906,13.054957694564708,958
0,3,13,6,1,0,3,-1655.478672985782,2.911534528406655,211
0,3,13,6,3,0,3,-1623.5510708401978,15.756861783101908,1214
0,3,13,6,7,0,3,-1588.2492401215804,4.4062549868662835,329
0,3,13,7,7,0,3,-1620.283863368669,22.818368939209396,1698
0,3,13,8,7,0,3,-1625.8162983425414,20.273154270806657,1448
0,3,13,8,7,1,3,-2465.448717948718,2.844911949044023,234
0,3,13,9,7,1,3,-2500.5678421996413,22.956058103517574,1673
0,3,13,10,6,1,3,-2462.9115044247787,1.3472851898916245,113
0,3,13,10,7,1,3,-2503.130235602094,21.68888602275409,1528
0,3,13,11,4,1,3,-2475.8263665594855,8.900779219913595,622
0,3,13,11,6,1,3,-2515.1894075403948,14.54507742806023,1114
0,3,13,12,0,1,3,-2487.796108291032,15.829726958571605,1182
0,3,13,12,4,1,3,-2528.2512908777967,7.213168242630715,581
0,3,14,2,0,1,3,-1620.2195676905574,23.302839413434445,1758
0,3,14,3,0,0,3,-1604.6935483870968,14.43699969777813,1054
0,3,14,3,0,1,3,-1645.5716463414635,8.546735989232987,656
0,3,14,4,0,0,3,-1620.3337243401759,23.51647716912631,1705
0,3,14,5,0,0,3,-1643.5381679389313,10.194380216180774,786
0,3,14,5,1,0,3,-1602.8702757916242,13.122839333800314,979
0,3,14,6,1,0,3,-1655.478672985782,2.7559965025710165,211
0,3,14,6,3,0,3,-1622.978021978022,16.027222946517337,1183
0,3,14,6,7,0,3,-1588.2145110410095,4.0577119196495905,317
0,3,14,7,7,0,3,-1620.1156342182892,22.69416173402258,1695
0,3,14,8,7,0,3,-1625.7913621262458,20.095130692457463,1505
0,3,14,8,7,1,3,-2465.561475409836,2.9781154432523684,244
0,3,14,9,7,1,3,-2501.34182464455,23.077267789182976,1688
0,3,14,10,6,1,3,-2462.9101123595506,1.5038560880618372,89
0,3,14,10,7,1,3,-2503.0760269773145,21.516488375522087,1631
0,3,14,11,4,1,3,-2475.3273026315787,8.629038602272443,608
0,3,14,11,6,1,3,-2515.3865384615383,14.443411178799026,1040
0,3,14,12,0,1,3,-2487.730560578662,15.815325133828107,1106
0,3,14,12,4,1,3,-2528.23046875,7.5097338771273,512
0,3,15,2,0,1,3,-1620.0219907407406,22.72522516940834,1728
0,3,15,3,0,0,3,-1605.5428840716306,14.451168996560188,1061
0,3,15,3,0,1,3,-1645.501628664495,8.73548105539964,614
0,3,15,4,0,0,3,-1621.1282973621103,23.328029686269335,1668
0,3,15,5,0,0,3,-1643.533607681756,10.107340676170411,729
0,3,15,5,1,0,3,-1602.70697167756,12.911723717145103,918
0,3,15,6,1,0,3,-1655.540909090909,2.948521831649623,220
0,3,15,6,3,0,3,-1623.2208638956806,15.594994962357983,1227
0,3,15,6,7,0,3,-1588.29375,4.258222743982472,320
0,3,15,7,7,0,3,-1620.5143540669856,22.788181791610718,1672
0,3,15,8,7,0,3,-1626.3203285420946,20.003834099326145,1461
0,3,15,8,7,1,3,-2465.741293532338,2.896684726813332,201
0,3,15,9,7,1,3,-2501.5751295336786,22.876510688404576,1737
0,3,15,10,6,1,3,-2463.026086956522,1.523502084084447,115
0,3,15,10,7,1,3,-2503.520728643216,21.65283001620027,1592
0,3,15,11,4,1,3,-2476.107544141252,8.68974733433355,623
0,3,15,11,6,1,3,-2515.4138915318745,14.356443706997858,1051
0,3,15,12,0,1,3,-2488.229765013055,15.803882427106632,1149
0,3,15,12,4,1,3,-2527.7236842105262,7.21245549357802,532
0,3,16,2,0,1,3,-1621.4005813953488,23.050059267176067,1720
0,3,16,3,0,0,3,-1605.9029217719133,14.60181521201935,1061
0,3,16,3,0,1,3,-1645.7955974842766,8.658386314690631,636
0,3,16,4,0,0,3,-1620.998254799302,23.27885681004324,1719
0,3,16,5,0,0,3,-1643.6251556662517,10.154115769848099,803
0,3,16,5,1,0,3,-1603.151185770751,13.131437573408585,1012
0,3,16,6,1,0,3,-1655.639344262295,2.7056879182552946,244
0,3,16,6,3,0,3,-1622.9549002601907,15.824812129583108,1153
0,3,16,6,7,0,3,-1587.687134502924,4.302699884037472,342
0,3,16,7,7,0,3,-1621.2040579710144,23.380633278825766,1725
0,3,16,8,7,0,3,-1625.8731138545954,20.805545683338014,1458
0,3,16,8,7,1,3,-2465.3175355450235,2.8862520333899275,211
0,3,16,9,7,1,3,-2501.75,22.945415918006272,1648
0,3,16,10,6,1,3,-2463.2403846153848,1.3264701006524764,104
0,3,16,10,7,1,3,-2503.4315789473685,22.148781871094766,1615
0,3,16,11,4,1,3,-2475.81206171108,8.763114097201889,713
0,3,16,11,6,1,3,-2515.221811460259,14.690169397942993,1082
0,3,16,12,0,1,3,-2488.1138933764137,15.679363515561581,1238
0,3,16,12,4,1,3,-2528.0760233918127,7.133376385112331,513
0,3,17,2,0,1,3,-1619.8045112781954,23.065976797140827,1729
0,3,17,3,0,0,3,-1605.9878504672897,14.578849167299621,1070
0,3,17,3,0,1,3,-1644.9229534510434,8.618757937639604,623
0,3,17,4,0,0,3,-1620.0222092343658,23.128502307002954,1711
0,3,17,5,0,0,3,-1642.724279835391,9.875047897780274,729
0,3,17,5,1,0,3,-1602.4020618556701,13.09572984138355,970
0,3,17,6,1,0,3,-1655.75,2.96962077395511,244
0,3,17,6,3,0,3,-1623.6382623224729,15.665423285194562,1197
0,3,17,6,7,0,3,-1587.8501529051987,4.442516813093682,327
0,3,17,7,7,0,3,-1620.9850230414747,23.28242264589006,1736
0,3,17,8,7,0,3,-1625.4678200692042,20.41042127521602,1445
0,3,17,8,7,1,3,-2465.372641509434,2.8956386534991947,212
0,3,17,9,7,1,3,-2500.018771331058,22.93643068169457,1758
0,3,17,10,6,1,3,-2463.1415094339623,1.450040202724187,106
0,3,17,10,7,1,3,-2502.7917436845346,21.567638655978786,1623
0,3,17,11,4,1,3,-2475.3359375,8.858679839338787,640
0,3,17,11,6,1,3,-2514.6378640776697,14.569149587745937,1030
0,3,17,12,0,1,3,-2487.4535472972975,16.033628224367074,1184
0,3,17,12,4,1,3,-2527.8256880733943,7.233007973486136,545
0,3,18,2,0,1,3,-1620.346540508575,22.743250144179463,1691
0,3,18,3,0,0,3,-1605.331707317073,14.119463111221178,1025
0,3,18,3,0,1,3,-1644.7859375,8.43112476162876,640
0,3,18,4,0,0,3,-1619.9568469505177,23.254901156596258,1738
0,3,18,5,0,0,3,-1642.8728923476006,10.151609703500156,771
0,3,18,5,1,0,3,-1602.5634573304158,12.95873012740687,914
0,3,18,6,1,0,3,-1655.5668202764978,2.763555702221041,217
0,3,18,6,3,0,3,-1622.9208573784006,15.694276247483078,1213
0,3,18,6,7,0,3,-1588.3052959501558,4.197641006753906,321
0,3,18,7,7,0,3,-1619.8889552238807,22.928875696362123,1675
0,3,18,8,7,0,3,-1626.7451657458564,20.441281053414656,1448
0,3,18,8,7,1,3,-2465.62100456621,2.866547235648696,219
0,3,18,9,7,1,3,-2501.473744950952,23.74353321494356,1733
0,3,18,10,6,1,3,-2463.19801980198,1.4692882495749058,101
0,3,18,10,7,1,3,-2502.901515151515,21.121501508835703,1584
0,3,18,11,4,1,3,-2475.5176110260336,8.84934718466189,653
0,3,18,11,6,1,3,-2515.203984819734,14.180630054850795,1054
0,3,18,12,0,1,3,-2488.4393013100434,15.499655762980618,1145
0,3,18,12,4,1,3,-2528.192883895131,7.001221530394272,534
0,3,19,2,0,1,3,-1620.6859962985811,22.981085108026576,1621
0,3,19,3,0,0,3,-1604.6792097836312,14.62756873859881,1063
0,3,19,3,0,1,3,-1645.6730158730159,8.823007556010081,630
0,3,19,4,0,0,3,-1620.691247002398,23.047053217148306,1668
0,3,19,5,0,0,3,-1642.7873183619552,9.917943272326912,757
0,3,19,5,1,0,3,-1602.94617868676,13.015735650579668,929
0,3,19,6,1,0,3,-1655.4947916666667,2.979089269116884,192
0,3,19,6,3,0,3,-1622.5637642919964,15.225182441502144,1137
0,3,19,6,7,0,3,-1588.2941176470588,4.293759498041696,306
0,3,19,7,7,0,3,-1619.6411428571428,23.412409868205057,1750
0,3,19,8,7,0,3,-1625.866981769075,20.16312267838504,1481
0,3,19,8,7,1,3,-2465.6106194690265,2.8639771479725615,226
0,3,19,9,7,1,3,-2500.5635738831616,22.961986656497654,1746
0,3,19,10,6,1,3,-2462.973214285714,1.429659184256243,112
0,3,19,10,7,1,3,-2503.2720097146325,21.85757479651665,1647
0,3,19,11,4,1,3,-2475.260032102729,8.330056853898897,623
0,3,19,11,6,1,3,-2515.329388560158,14.752727966926875,1014
0,3,19,12,0,1,3,-2488.2479406919274,15.908572436858746,1214
0,3,19,12,4,1,3,-2527.3182674199625,6.9204809176073905,531
0,3,20,2,0,1,3,-1620.7497103128621,22.883197229475243,1726
0,3,20,3,0,0,3,-1605.3064220183487,14.300883883815473,1090
0,3,20,3,0,1,3,-1645.4708588957055,8.481525061012272,652
0,3,20,4,0,0,3,-1619.9658273381294,23.0542194330716,1668
0,3,20,5,0,0,3,-1643.2274459974587,10.17835154185285,787
0,3,20,5,1,0,3,-1602.7004219409282,12.809992466634665,948
0,3,20,6,1,0,3,-1655.290909090909,2.795598665902688,220
0,3,20,6,3,0,3,-1623.2149377593362,15.848068356723903,1205
0,3,20,6,7,0,3,-1587.9243421052631,4.328326173266019,304
0,3,20,7,7,0,3,-1620.2400711321873,23.046559549078147,1687
0,3,20,8,7,0,3,-1626.4295347269049,20.03054623453858,1483
0,3,20,8,7,1,3,-2465.8837209302324,2.8822576934230306,215
0,3,20,9,7,1,3,-2500.8518299881935,23.048583374876824,1694
0,3,20,10,7,1,3,-2502.3812351543943,21.642847653018766,1684
0,3,20,11,4,1,3,-2475.287901990812,8.735861421197775,653
0,3,20,11,6,1,3,-2514.9281045751636,14.13802390488437,1071
0,3,20,12,0,1,3,-2487.7519514310493,15.669257666819938,1153
0,3,20,12,4,1,3,-2527.8517857142856,7.265217799138006,560
0,3,21,2,0,1,3,-1621.1687462863933,23.026117028103798,1683
0,3,21,3,0,0,3,-1605.122467771639,14.405042848651295,1086
0,3,21,3,0,1,3,-1645.4317817014446,8.820380849738148,623
0,3,21,4,0,0,3,-1620.6439699942296,22.72532655654307,1733
0,3,21,5,0,0,3,-1642.876526458616,9.949926457510703,737
0,3,21,5,1,0,3,-1602.9341825902336,12.921365941423094,942
0,3,21,6,1,0,3,-1655.608888888889,2.8453331944479254,225
0,3,21,6,3,0,3,-1623.3515418502202,15.568711840471021,1135
0,3,21,6,7,0,3,-1588.4548387096775,4.174758150945591,310
0,3,21,7,7,0,3,-1620.2335432169434,23.373558737677918,1747
0,3,21,8,7,0,3,-1624.8849797023004,20.396450355656295,1478
0,3,21,8,7,1,3,-2465.410891089109,2.8622639029091848,202
0,3,21,9,7,1,3,-2500.663685152057,22.683483866605602,1677
0,3,21,10,6,1,3,-2463.1509433962265,1.3583595323784672,106
0,3,21,10,7,1,3,-2503.074984247007,22.069719350490512,1587
0,3,21,11,4,1,3,-2475.500770416025,8.779287293644261,649
0,3,21,11,6,1,3,-2515.2098991750686,14.481472504958308,1091
0,3,21,12,0,1,3,-2487.578151260504,16.109348815877958,1190
0,3,21,12,4,1,3,-2528.5320388349514,7.2366678701921625,515
0,3,22,2,0,1,3,-1621.58940397351,23.043371580929104,1661
0,3,22,3,0,0,3,-1605.577174929841,14.218819235653436,1069
0,3,22,3,0,1,3,-1645.6681681681682,8.759864895102904,666
0,3,22,4,0,0,3,-1620.161622276029,23.331694024151474,1652
0,3,22,5,0,0,3,-1643.3211267605634,9.902680181985161,710
0,3,22,5,1,0,3,-1602.9560776302349,12.783141003312778,979
0,3,22,6,1,0,3,-1655.6666666666667,2.847443855031489,210
0,3,22,6,3,0,3,-1623.7285714285715,15.97254284230764,1190
0,3,22,6,7,0,3,-1588.05,4.305021984377053,280
0,3,22,7,7,0,3,-1620.4597505668935,22.551731186973573,1764
0,3,22,8,7,0,3,-1624.7772380291465,20.308951226874502,1441
0,3,22,8,7,1,3,-2465.057971014493,10.960470111322453,207
0,3,22,9,7,1,3,-2501.1044520547944,23.385467100403222,1752
0,3,22,10,6,1,3,-2462.970588235294,1.3317825467654778,102
0,3,22,10,7,1,3,-2504.24,21.757956016168222,1600
0,3,22,11,4,1,3,-2475.4333333333334,8.521813957803488,660
0,3,22,11,6,1,3,-2515.727976766699,14.52995575360083,1033
0,3,22,12,0,1,3,-2488.1603603603603,15.900350040225382,1110
0,3,22,12,4,1,3,-2528.632462686567,7.295034493683924,536
0,3,23,2,0,1,3,-1620.8647058823528,22.824559558327113,1700
0,3,23,3,0,0,3,-1605.6822867853796,14.367035553976201,1067
0,3,23,3,0,1,3,-1646.10407239819,8.704449981395655,663
0,3,23,4,0,0,3,-1621.3282798833818,22.76230552950178,1715
0,3,23,5,0,0,3,-1642.803363518758,10.168827849767242,773
0,3,23,5,1,0,3,-1602.610655737705,12.908094470082244,976
0,3,23,6,1,0,3,-1655.52422907489,2.741921847655356,227
0,3,23,6,3,0,3,-1623.2773536895675,15.82174627161932,1179
0,3,23,6,7,0,3,-1588.2382550335572,4.1604093969921525,298
0,3,23,7,7,0,3,-1619.9258830341632,22.815040308746635,1727
0,3,23,8,7,0,3,-1625.0291666666667,19.90325167109834,1440
0,3,23,8,7,1,3,-2465.175,2.9672167092018573,200
0,3,23,9,7,1,3,-2500.431304347826,22.44125483545213,1725
0,3,23,10,6,1,3,-2462.9479166666665,1.495617150358535,96
0,3,23,10,7,1,3,-2502.6775956284155,21.876478918205688,1647
0,3,23,11,4,1,3,-2475.334448160535,8.453602502183967,598
0,3,23,11,6,1,3,-2515.8432087511396,14.363652848721838,1097
0,3,23,12,0,1,3,-2487.6599664991627,15.885951000585248,1194
0,3,23,12,4,1,3,-2527.6736641221373,7.2360943986879604,524
0,3,24,2,0,1,3,-1620.9509275882706,23.31069230760227,1671
0,3,24,3,0,0,3,-1604.8920606601248,14.28048140916595,1121
0,3,24,3,0,1,3,-1645.1173708920187,8.833195780946639,639
0,3,24,4,0,0,3,-1619.9237288135594,23.47890871521926,1770
0,3,24,5,0,0,3,-1642.3845089903182,10.276879642555288,723
0,3,24,5,1,0,3,-1602.2085402184707,12.799042857495142,1007
0,3,24,6,1,0,3,-1655.6093023255814,2.7946638482859294,215
0,3,24,6,3,0,3,-1623.7228306655434,15.649106476761864,1187
0,3,24,6,7,0,3,-1588.304054054054,4.269880028393023,296
0,3,24,7,7,0,3,-1621.4156069364162,23.39700315048237,1730
0,3,24,8,7,0,3,-1625.043692741367,20.046656134219752,1419
0,3,24,8,7,1,3,-2465.278761061947,2.8451465061989705,226
0,3,24,9,7,1,3,-2500.664122137405,22.83135184449084,1703
0,3,24,10,6,1,3,-2463.081300813008,1.382783195082715,123
0,3,24,10,7,1,3,-2503.4232673267325,21.54175781869745,1616
0,3,24,11,4,1,3,-2475.812680115274,8.594922468550958,694
0,3,24,11,6,1,3,-2516.109756097561,14.57658041393401,1066
0,3,24,12,0,1,3,-2487.7852916314455,15.85168643613785,1183
0,3,24,12,4,1,3,-2528.088695652174,7.21308913159166,575
0,3,25,2,0,1,3,-1621.368909512761,23.203995145019736,1724
0,3,25,3,0,0,3,-1605.362114537445,14.385264454089302,1135
0,3,25,3,0,1,3,-1645.70625,8.605846032664564,640
0,3,25,4,0,0,3,-1619.3773802654357,23.41143571337408,1733
0,3,25,5,0,0,3,-1643.6269430051814,9.834943490055045,772
0,3,25,5,1,0,3,-1602.6584615384616,13.22977479863525,975
0,3,25,6,1,0,3,-1655.3917525773195,2.9359369534326523,194
0,3,25,6,3,0,3,-1623.5344978165938,15.294514452790517,1145
0,3,25,6,7,0,3,-1587.5337837837837,4.219349797038504,296
0,3,25,7,7,0,3,-1620.3118091913902,22.9991130955982,1719
0,3,25,8,7,0,3,-1625.3574690150033,20.487504456736357,1533
0,3,25,8,7,1,3,-2465.342857142857,2.928768866838353,210
0,3,25,9,7,1,3,-2500.58290005777,22.85888255692835,1731
0,3,25,10,7,1,3,-2503.424639580603,21.615167990436333,1526
0,3,25,11,4,1,3,-2475.491827637444,8.75404428310885,673
0,3,25,11,6,1,3,-2515.0637300843487,14.112669746713067,1067
0,3,25,12,0,1,3,-2488.7384219554033,15.930251562150211,1166
0,3,25,12,4,1,3,-2528.446327683616,7.420034509759344,531
0,3,26,2,0,1,3,-1621.1562123039807,22.93735293880142,1658
0,3,26,3,0,0,3,-1605.5660893345487,14.357763012630064,1097
0,3,26,3,0,1,3,-1645.386430678466,8.794839191519328,678
0,3,26,4,0,0,3,-1620.4798833819243,22.523069559383188,1715
0,3,26,5,0,0,3,-1642.1284046692606,10.43454603193258,771
0,3,26,5,1,0,3,-1603.1680244399186,12.706833639735285,982
0,3,26,6,1,0,3,-1655.3577981651376,2.8623559160440966,218
0,3,26,6,3,0,3,-1624.0850202429149,15.841575824235058,1235
0,3,26,6,7,0,3,-1587.7025089605734,4.3553239548674965,279
0,3,26,7,7,0,3,-1621.3429242513212,22.76433081875997,1703
0,3,26,8,7,0,3,-1624.5749336870026,19.90555506241586,1508
0,3,26,8,7,1,3,-2465.35,2.908751163890214,240
0,3,26,9,7,1,3,-2501.2218203737193,22.667159119149478,1659
0,3,26,10,6,1,3,-2463.109090909091,1.422836185154918,110
0,3,26,10,7,1,3,-2503.3667731629394,21.57100574726664,1565
0,3,26,11,4,1,3,-2474.974358974359,8.61196895055907,624
0,3,26,11,6,1,3,-2516.257685352622,14.49660307139929,1106
0,3,26,12,0,1,3,-2488.0528559249788,15.67516383451289,1173
0,3,26,12,4,1,3,-2528.5908183632732,7.182969124183094,501
0,3,27,2,0,1,3,-1619.7610359034727,23.021562436280064,1699
0,3,27,3,0,0,3,-1605.4695238095237,14.446733846149941,1050
0,3,27,3,0,1,3,-1645.8791208791208,8.577442240951958,637
0,3,27,4,0,0,3,-1620.4964830011722,23.570533182862576,1706
0,3,27,5,0,0,3,-1642.6050531914893,9.792236720874559,752
0,3,27,5,1,0,3,-1602.6619289340101,13.25556763916998,985
0,3,27,6,1,0,3,-1655.70703125,2.950786007409456,256
0,3,27,6,3,0,3,-1623.1275167785234,15.875369716398417,1192
0,3,27,6,7,0,3,-1587.801152737752,4.245112306964123,347
0,3,27,7,7,0,3,-1620.201724137931,23.28506742193138,1740
0,3,27,8,7,0,3,-1626.0741239892184,20.60522671964161,1484
0,3,27,8,7,1,3,-2465.78672985782,2.829602188991839,211
0,3,27,9,7,1,3,-2499.506380510441,23.815158874853587,1724
0,3,27,10,6,1,3,-2462.9406779661017,1.463061411225165,118
0,3,27,10,7,1,3,-2502.589133089133,21.433750709018426,1638
0,3,27,11,4,1,3,-2475.1809369951534,8.54804298440841,619
0,3,27,11,6,1,3,-2515.3302667893286,14.588512141288383,1087
0,3,27,12,0,1,3,-2488.1959966638865,15.908121854499575,1199
0,3,27,12,4,1,3,-2527.662239089184,7.2770960071234985,527
0,3,28,2,0,1,3,-1621.082901554404,22.943499752058745,1737
0,3,28,3,0,0,3,-1605.2479489516863,14.297801460525251,1097
0,3,28,3,0,1,3,-1645.609442060086,8.649292948055665,699
0,3,28,4,0,0,3,-1619.810570071259,23.013093606619094,1684
0,3,28,5,0,0,3,-1643.0528455284552,10.140539467088827,738
0,3,28,5,1,0,3,-1602.0929752066115,13.09452413120421,968
0,3,28,6,1,0,3,-1655.5158371040725,2.867507604954467,221
0,3,28,6,3,0,3,-1623.1500433651345,16.085931496357944,1153
0,3,28,6,7,0,3,-1587.985119047619,4.259766647434068,336
0,3,28,7,7,0,3,-1620.491103202847,23.189473909646896,1686
0,3,28,8,7,0,3,-1625.5322259136212,20.295961122905172,1505
0,3,28,8,7,1,3,-2465.4725274725274,2.833631070044816,182
0,3,28,9,7,1,3,-2500.0544526375497,22.8080198618901,1763
0,3,28,10,6,1,3,-2463.036036036036,1.4327440309700976,111
0,3,28,10,7,1,3,-2503.043942247332,21.902668390845463,1593
0,3,28,11,4,1,3,-2475.3124065769807,8.616363185022575,669
0,3,28,11,6,1,3,-2514.83786316776,14.254907582465275,1067
0,3,28,12,0,1,3,-2488.1218229623137,15.665658433989512,1141
0,3,28,12,4,1,3,-2528.1996336996335,7.254307792714004,546
0,3,29,2,0,1,3,-1620.7513134851138,23.23945830661184,1713
0,3,29,3,0,0,3,-1605.5281105990784,14.539391674166339,1085
0,3,29,3,0,1,3,-1645.7679882525697,8.677053146831666,681
0,3,29,4,0,0,3,-1620.015725101922,22.866284415523907,1717
0,3,29,5,0,0,3,-1643.310013717421,9.89699604561547,729
0,3,29,5,1,0,3,-1601.8886462882097,13.151894027390721,916
0,3,29,6,1,0,3,-1655.436018957346,2.7501712620946486,211
0,3,29,6,3,0,3,-1622.5106022052587,15.750994353757644,1179
0,3,29,6,7,0,3,-1587.8490566037735,4.328040327062009,318
0,3,29,7,7,0,3,-1621.0779369627508,23.403834826136034,1745
0,3,29,8,7,0,3,-1625.9755627009647,20.15469229404135,1555
0,3,29,8,7,1,3,-2465.444933920705,2.754301141096649,227
0,3,29,9,7,1,3,-2500.510812390415,23.072264058234868,1711
0,3,29,10,6,1,3,-2462.9565217391305,1.495740644652362,92
0,3,29,10,7,1,3,-2502.753110674525,21.51763144075579,1527
0,3,29,11,4,1,3,-2475.255572065379,8.670460312273914,673
0,3,29,11,6,1,3,-2514.9918781725887,14.905861451468915,985
0,3,29,12,0,1,3,-2487.3563416738566,15.7939119256967,1159
0,3,29,12,4,1,3,-2528.049281314168,7.125570296573152,487
0,3,30,2,0,1,3,-1621.1070801638384,23.312533066352355,1709
0,3,30,3,0,0,3,-1605.6831501831502,13.982798497166172,1092
0,3,30,3,0,1,3,-1645.7809667673716,8.600502354935958,662
0,3,30,4,0,0,3,-1620.532429245283,22.958152768297182,1696
0,3,30,5,0,0,3,-1643.0143472022955,10.068193346216963,697
0,3,30,5,1,0,3,-1602.519659936238,12.899385279394401,941
0,3,30,6,1,0,3,-1655.4926108374384,2.993209816659206,203
0,3,30,6,3,0,3,-1622.9808362369338,15.689373065080462,1148
0,3,30,6,7,0,3,-1588.1076923076923,4.298561752011819,325
0,3,30,7,7,0,3,-1619.8305571510625,23.382725995726567,1741
0,3,30,8,7,0,3,-1625.1543167912985,20.242177028547015,1471
0,3,30,8,7,1,3,-2465.609375,2.94188779125787,192
0,3,30,9,7,1,3,-2500.2688875669246,23.12890271672578,1681
0,3,30,10,6,1,3,-2463.1559633027523,1.3557509982487488,109
0,3,30,10,7,1,3,-2502.801756587202,21.869456351968438,1594
0,3,30,11,4,1,3,-2474.8888888888887,8.600280418169392,657
0,3,30,11,6,1,3,-2515.445283018868,14.646650284014296,1060
0,3,30,12,0,1,3,-2488.089775561097,15.794142885658236,1203
0,3,30,12,4,1,3,-2528.3901515151515,7.5062636455901,528
0,3,31,2,0,1,3,-1620.4271725826193,23.184321211177277,1634
0,3,31,3,0,0,3,-1605.2542533081285,14.171265619009803,1058
0,3,31,3,0,1,3,-1645.7724458204334,8.693041017375005,646
0,3,31,4,0,0,3,-1621.1650029359953,23.270129015313373,1703
0,3,31,5,0,0,3,-1643.0732044198894,9.812828462720695,724
0,3,31,5,1,0,3,-1603.2794577685088,12.88713762967581,959
0,3,31,6,1,0,3,-1655.4419642857142,2.859231240161308,224
0,3,31,6,3,0,3,-1622.5435356200528,15.834625091587728,1137
0,3,31,6,7,0,3,-1588.34250764526,4.345069666781089,327
0,3,31,7,7,0,3,-1620.2365654205607,22.741091392818163,1712
0,3,31,8,7,0,3,-1625.0517584605175,20.19680808843152,1507
0,3,31,8,7,1,3,-2465.688995215311,2.892644267127711,209
0,3,31,9,7,1,3,-2500.7623529411767,23.31003306565311,1700
0,3,31,10,6,1,3,-2462.6666666666665,1.4234267779149545,102
0,3,31,10,7,1,3,-2502.177153329261,21.71485428178113,1637
0,3,31,11,4,1,3,-2475.359701492537,8.360382046993177,670
0,3,31,11,6,1,3,-2515.064516129032,14.500658000630152,1054
0,3,31,12,0,1,3,-2488.616785431512,15.587937256897803,1263
0,3,31,12,4,1,3,-2527.7254509018035,7.287041614987325,499
0,3,32,2,0,1,3,-1620.3670588235293,23.185326943291543,1700
0,3,32,3,0,0,3,-1605.1919096895579,14.700933678165011,1063
0,3,32,3,0,1,3,-1645.2299035369774,8.44426818998377,622
0,3,32,4,0,0,3,-1620.3965311004786,23.222968798852943,1672
0,3,32,5,0,0,3,-1642.8216374269007,10.003671823395626,684
0,3,32,5,1,0,3,-1602.4737373737373,13.001352578101544,990
0,3,32,6,1,0,3,-1655.6221198156682,2.7783012288918116,217
0,3,32,6,3,0,3,-1623.6959165942658,15.994557360806345,1151
0,3,32,6,7,0,3,-1587.887283236994,4.377624413961913,346
0,3,32,7,7,0,3,-1621.0051605504586,22.636853850924666,1744
0,3,32,8,7,0,3,-1625.8824714573539,19.596782135102785,1489
0,3,32,8,7,1,3,-2465.4267782426778,2.7477405090268445,239
0,3,32,9,7,1,3,-2500.752670039348,22.79514034109924,1779
0,3,32,10,7,1,3,-2502.7338262476896,21.120564815485203,1623
0,3,32,11,4,1,3,-2475.228260869565,8.75613765685965,644
0,3,32,11,6,1,3,-2515.1793721973095,14.446130816583743,1115
0,3,32,12,0,1,3,-2488.207972270364,15.464222886283004,1154
0,3,32,12,4,1,3,-2527.2882011605416,7.319994348873814,517
0,3,33,2,0,1,3,-1620.5351032448377,23.366360881828275,1695
0,3,33,3,0,0,3,-1605.1377649325627,14.774910372211195,1038
0,3,33,3,0,1,3,-1645.4220472440945,8.68203787342672,635
0,3,33,4,0,0,3,-1619.8965116279069,23.158623626989588,1720
0,3,33,5,0,0,3,-1643.2036516853932,10.01399796308658,712
0,3,33,5,1,0,3,-1602.7608267716535,13.204735524112706,1016
0,3,33,6,1,0,3,-1655.3711790393013,2.872433186163116,229
0,3,33,6,3,0,3,-1622.851443123939,15.854468730692403,1178
0,3,33,6,7,0,3,-1588.0233333333333,4.403345950010347,300
0,3,33,7,7,0,3,-1620.97137637028,23.279790217612298,1642
0,3,33,8,7,0,3,-1625.2937584803256,20.43535331845006,1474
0,3,33,8,7,1,3,-2465.3905579399143,2.818896404890851,233
0,3,33,9,7,1,3,-2500.117178612059,22.811437828320248,1758
0,3,33,10,6,1,3,-2462.8053097345132,1.5334523897369339,113
0,3,33,10,7,1,3,-2503.197094125079,21.862178226051856,1583
0,3,33,11,4,1,3,-2475.197802197802,8.629571745678243,637
0,3,33,11,6,1,3,-2515.9253867151956,14.536198789922864,1099
0,3,33,12,0,1,3,-2488.45025728988,15.96567434287585,1166
0,3,33,12,4,1,3,-2527.830570902394,6.852351362566992,543
0,3,34,2,0,1,3,-1620.269624573379,23.53955108480602,1758
0,3,34,3,0,0,3,-1605.3354898336413,14.702446675767613,1082
0,3,34,3,0,1,3,-1645.5996784565916,8.532830482212315,622
0,3,34,4,0,0,3,-1620.5284457478006,23.284103678146984,1705
0,3,34,5,0,0,3,-1642.4700399467376,10.263575395167848,751
0,3,34,5,1,0,3,-1603.3084886128365,12.666451605169776,966
0,3,34,6,1,0,3,-1655.2727272727273,2.8438066032168323,198
0,3,34,6,3,0,3,-1622.6822429906542,15.70709916606252,1177
0,3,34,6,7,0,3,-1587.6480836236933,4.331819087419315,287
0,3,34,7,7,0,3,-1620.583569405099,23.02282305874624,1765
0,3,34,8,7,0,3,-1625.695652173913,20.417425204941992,1495
0,3,34,8,7,1,3,-2465.5588235294117,2.99697078907512,204
0,3,34,9,7,1,3,-2500.434856175973,23.282779727953624,1773
0,3,34,10,6,1,3,-2463.0,1.503889039486091,107
0,3,34,10,7,1,3,-2503.4899874843554,21.940774470274203,1598
0,3,34,11,4,1,3,-2475.924764890282,8.5654760773072,638
0,3,34,11,6,1,3,-2516.014910536779,13.965121860269102,1006
0,3,34,12,0,1,3,-2488.2125,16.05113735584939,1200
0,3,34,12,4,1,3,-2527.818355640535,7.005562360636806,523
0,3,35,8,7,1,3,-2464.5242718446602,2.4429198675187465,206
0,3,35,9,7,1,3,-2502.1869488536154,22.998792881255657,1701
0,3,35,10,6,1,3,-2463.1293103448274,1.2967477385574944,116
0,3,35,10,7,1,3,-2503.3024268823897,21.949438710297773,1607
0,3,35,11,6,1,3,-2524.9578947368423,8.985771631136265,665
0,4,1,2,0,1,4,-1570.3216542217117,22.767913192236044,1741
0,4,1,3,0,1,4,-1570.99145785877,22.784206953173822,1756
0,4,1,4,0,0,4,-1570.5041617122474,22.88008951805241,1682
0,4,1,5,0,0,4,-1570.7198560287943,23.2232865772975,1667
0,4,1,6,0,0,4,-1608.0535714285713,1.3352319603447789,112
0,4,1,6,1,0,4,-1578.1205615194056,15.80006161905905,1211
0,4,1,6,3,0,4,-1540.807142857143,5.567631489944868,420
0,4,1,7,3,0,4,-1592.4716216216216,9.94134174791594,740
0,4,1,7,7,0,4,-1552.4594594594594,13.004769591970625,925
0,4,1,8,7,0,4,-1570.9233511586453,23.08831261956783,1683
0,4,1,9,7,0,4,-1589.7279069767442,11.549908397543893,860
0,4,1,11,6,1,4,-2427.7447368421053,10.159677713713723,760
0,4,1,11,7,1,4,-2457.956947162427,7.37121030531381,511
0,4,1,12,0,1,4,-2413.0538461538463,1.4267312745192218,130
0,4,1,12,4,1,4,-2442.958158995816,15.918356235152617,1195
0,4,1,12,6,1,4,-2480.168618266979,5.636918179978518,427
0,4,2,2,0,1,4,-1569.6822157434403,23.488125001400576,1715
0,4,2,3,0,1,4,-1571.3060171919772,23.243479990614162,1745
0,4,2,4,0,0,4,-1571.3302379570516,23.515410225038316,1723
0,4,2,5,0,0,4,-1570.6337946943484,22.522505208084695,1734
0,4,2,6,0,0,4,-1608.1063829787233,1.3563725491116123,94
0,4,2,6,1,0,4,-1577.8169717138103,15.855622878110264,1202
0,4,2,6,3,0,4,-1540.8619047619047,6.212888001907896,420
0,4,2,7,3,0,4,-1593.6204287515764,9.953279830656195,793
0,4,2,7,7,0,4,-1552.8591549295775,12.91088256316784,923
0,4,2,8,7,0,4,-1570.4441293250143,23.014031167840695,1763
0,4,2,9,7,0,4,-1590.3866822429907,11.441286944057579,856
0,4,2,9,7,1,4,-2431.0586166471276,11.364836926614574,853
0,4,2,10,7,1,4,-2451.1316989737743,23.06389639078971,1754
0,4,2,11,6,1,4,-2427.886274509804,10.116646857342259,765
0,4,2,11,7,1,4,-2467.7224489795917,12.47898258063816,980
0,4,2,12,0,1,4,-2412.9333333333334,1.418528188670396,120
0,4,2,12,4,1,4,-2442.8713298791017,15.6188912937026,1158
0,4,2,12,6,1,4,-2481.0715935334874,5.68470672339881,433
0,4,3,2,0,1,4,-1570.8478386167146,23.28727781447742,1735
0,4,3,3,0,1,4,-1570.0515046296296,22.88103816390551,1728
0,4,3,4,0,0,4,-1570.3276801938218,23.12007113502492,1651
0,4,3,5,0,0,4,-1570.1196013289036,23.25531371080704,1806
0,4,3,6,0,0,4,-1607.8230088495575,1.3118256446543175,113
0,4,3,6,1,0,4,-1577.3841354723709,15.6932901636252,1122
0,4,3,6,3,0,4,-1540.5932584269663,5.677350975753217,445
0,4,3,7,3,0,4,-1593.15445026178,10.108169863846225,764
0,4,3,7,7,0,4,-1553.0229645093946,12.839522376011983,958
0,4,3,8,7,0,4,-1570.8132495716734,23.078639586110945,1751
0,4,3,9,7,0,4,-1590.5902777777778,11.787811419890279,864
0,4,3,9,7,1,4,-2430.1132723112128,11.75813589700837,874
0,4,3,10,7,1,4,-2452.6372258446945,22.932285855731994,1687
0,4,3,11,6,1,4,-2427.7268106734437,10.092221789701188,787
0,4,3,11,7,1,4,-2468.349686847599,12.770245905519266,958
0,4,3,12,4,1,4,-2442.791385135135,16.02324831597838,1184
0,4,3,12,6,1,4,-2480.6928746928747,5.66696737720489,407
0,4,4,2,0,1,4,-1570.8666666666666,22.63365883098877,1725
0,4,4,3,0,1,4,-1570.42005899705,23.684864639178805,1695
0,4,4,4,0,0,4,-1570.228670922809,22.983300400624742,1723
0,4,4,5,0,0,4,-1570.5768115942028,23.032492140069156,1725
0,4,4,6,0,0,4,-1607.9646017699115,1.462990049649234,113
0,4,4,6,1,0,4,-1578.1565440547477,16.02335636029096,1169
0,4,4,6,3,0,4,-1540.9570707070707,5.586842000655261,396
0,4,4,7,3,0,4,-1592.6058201058202,9.99752180875222,756
0,4,4,7,7,0,4,-1553.909,12.930302355317373,1000
0,4,4,8,7,0,4,-1570.612188365651,22.9601428935673,1805
0,4,4,9,7,0,4,-1590.6187648456057,11.714468362697604,842
0,4,4,9,7,1,4,-2430.6178266178267,11.577808112798012,819
0,4,4,10,7,1,4,-2450.5573099415205,23.044019452546546,1710
0,4,4,11,6,1,4,-2428.1041666666665,10.293585347485562,768
0,4,4,11,7,1,4,-2467.8798735511064,12.943840176259526,949
0,4,4,12,0,1,4,-2412.7272727272725,1.3342283501934706,110
0,4,4,12,4,1,4,-2442.893011216566,15.798197093313386,1159
0,4,4,12,6,1,4,-2480.72247706422,5.594357356505358,436
0,4,5,2,0,1,4,-1570.026026604974,22.70995262898777,1729
0,4,5,3,0,1,4,-1570.6071842410197,23.33771001032546,1726
0,4,5,4,0,0,4,-1570.4213547646384,23.499306553542215,1742
0,4,5,5,0,0,4,-1570.3693482090428,23.306488653908843,1703
0,4,5,6,0,0,4,-1608.081081081081,1.4527707926000497,111
0,4,5,6,1,0,4,-1577.1184995737426,15.552527078125271,1173
0,4,5,6,3,0,4,-1540.6420047732697,6.055885461688811,419
0,4,5,7,3,0,4,-1593.025069637883,10.20770018667934,718
0,4,5,7,7,0,4,-1553.3263041065484,13.381454963894129,901
0,4,5,8,7,0,4,-1570.401179941003,23.17669969252142,1695
0,4,5,9,7,0,4,-1590.1602870813397,11.448789740429469,836
0,4,5,9,7,1,4,-2431.0811455847256,11.459198246945215,838
0,4,5,10,7,1,4,-2450.4140811455845,23.434041744064253,1676
0,4,5,11,6,1,4,-2427.925257731959,10.205344323834172,776
0,4,5,11,7,1,4,-2468.3267045454545,12.871166939447729,1056
0,4,5,12,0,1,4,-2413.0526315789475,1.3716560946736844,95
0,4,5,12,4,1,4,-2443.3280839895015,16.02780743314507,1143
0,4,5,12,6,1,4,-2480.8222748815165,5.835759719856257,422
0,4,6,2,0,1,4,-1569.9549041713642,23.27392384604035,1774
0,4,6,3,0,1,4,-1570.115990990991,23.046859162616137,1776
0,4,6,4,0,0,4,-1569.9928528886242,23.38962158727815,1679
0,4,6,5,0,0,4,-1570.0034802784223,22.83835535072895,1724
0,4,6,6,0,0,4,-1607.9814814814815,1.333204726112873,108
0,4,6,6,1,0,4,-1577.805,15.736061822021753,1200
0,4,6,6,3,0,4,-1540.3756345177665,5.958061145844825,394
0,4,6,7,3,0,4,-1593.6990801576871,10.104063620681444,761
0,4,6,7,7,0,4,-1553.158523344191,13.099919005464056,921
0,4,6,8,7,0,4,-1570.7622950819673,23.207286717602823,1708
0,4,6,9,7,0,4,-1591.1471610660487,11.579855773151527,863
0,4,6,9,7,1,4,-2430.490762124711,11.53478653218715,866
0,4,6,10,7,1,4,-2450.561094224924,23.151136967235242,1645
0,4,6,11,6,1,4,-2427.8097222222223,10.077817495778005,720
0,4,6,11,7,1,4,-2468.5987525987525,13.289090084867818,962
0,4,6,12,0,1,4,-2412.929203539823,1.3678794012650117,113
0,4,6,12,4,1,4,-2442.4380871050384,16.185998876164415,1171
0,4,6,12,6,1,4,-2480.3161764705883,5.787540122923873,408
0,4,7,2,0,1,4,-1569.809902200489,23.040570675582426,1636
0,4,7,3,0,1,4,-1570.2963813900058,23.078233541871093,1741
0,4,7,4,0,0,4,-1571.1977818853975,23.331117472654554,1623
0,4,7,5,0,0,4,-1570.4255568581477,23.409663310180893,1706
0,4,7,6,1,0,4,-1577.7938230383972,16.031013199919112,1198
0,4,7,6,3,0,4,-1540.5760368663593,5.887577874973407,434
0,4,7,7,3,0,4,-1592.4121532364597,9.973108372406797,757
0,4,7,7,7,0,4,-1552.9666329625884,13.035065831887342,989
0,4,7,8,7,0,4,-1569.8158205430932,23.004549316647594,1694
0,4,7,9,7,0,4,-1590.4090382387021,11.643537662385356,863
0,4,7,9,7,1,4,-2430.560570071259,11.57077831601447,842
0,4,7,10,7,1,4,-2450.1420895522388,23.39496288030363,1675
0,4,7,11,6,1,4,-2427.3012729844413,9.826704145439681,707
0,4,7,11,7,1,4,-2468.1019567456233,12.695065264128425,971
0,4,7,12,0,1,4,-2413.048076923077,1.476611294898874,104
0,4,7,12,4,1,4,-2442.7122602168474,15.540732612108794,1199
0,4,7,12,6,1,4,-2480.642180094787,5.628500847211653,422
0,4,8,2,0,1,4,-1570.11498470948,23.074303364657105,1635
0,4,8,3,0,1,4,-1570.8920741989882,23.206835435505273,1779
0,4,8,4,0,0,4,-1570.140787949015,23.180669671608516,1726
0,4,8,5,0,0,4,-1569.8690680388793,23.164771568959026,1749
0,4,8,6,0,0,4,-1607.8938053097345,1.3720524762986515,113
0,4,8,6,1,0,4,-1577.868824531516,15.588451775983197,1174
0,4,8,6,3,0,4,-1540.516129032258,5.691044605553015,434
0,4,8,7,3,0,4,-1593.0874831763122,9.90447739159893,743
0,4,8,7,7,0,4,-1553.0816326530612,12.928116384574356,980
0,4,8,8,7,0,4,-1571.8649940262844,23.166421553708297,1674
0,4,8,9,7,0,4,-1590.8632183908046,11.240153953847027,870
0,4,8,9,7,1,4,-2430.6311659192825,11.32488299605519,892
0,4,8,10,7,1,4,-2450.776323616895,23.24232709936885,1681
0,4,8,11,6,1,4,-2428.009421265141,10.113683151092083,743
0,4,8,11,7,1,4,-2468.7613762486126,12.802421381264795,901
0,4,8,12,0,1,4,-2413.191919191919,1.440235444242589,99
0,4,8,12,4,1,4,-2442.93246541904,16.066263179550123,1229
0,4,8,12,6,1,4,-2480.621978021978,5.401460978597703,455
0,4,9,2,0,1,4,-1570.4913225613404,23.16678559110624,1671
0,4,9,3,0,1,4,-1570.9946619217083,23.120769010618258,1686
0,4,9,4,0,0,4,-1571.2253193960512,23.000562737067735,1722
0,4,9,5,0,0,4,-1570.7380812242495,22.938904013279327,1699
0,4,9,6,0,0,4,-1607.8709677419354,1.377435723069565,93
0,4,9,6,1,0,4,-1578.18410041841,15.609660615327012,1195
0,4,9,6,3,0,4,-1540.3498817966904,5.5773557488086904,423
0,4,9,7,3,0,4,-1593.1517150395778,10.146912444234195,758
0,4,9,7,7,0,4,-1552.8804347826087,12.687842855763316,920
0,4,9,8,7,0,4,-1570.1014749262538,23.174884003200525,1695
0,4,9,9,7,0,4,-1589.923969072165,11.698450982095563,776
0,4,9,9,7,1,4,-2430.726932668329,11.472899774946661,802
0,4,9,10,7,1,4,-2450.9653349001173,23.24569827104979,1702
0,4,9,11,6,1,4,-2427.6422250316054,10.168227807445998,791
0,4,9,11,7,1,4,-2467.730417090539,12.885502532444749,983
0,4,9,12,0,1,4,-2413.2291666666665,1.4029668467025813,96
0,4,9,12,4,1,4,-2442.853164556962,15.815456058030316,1185
0,4,9,12,6,1,4,-2480.527638190955,5.672643508205307,398
0,4,10,2,0,1,4,-1570.5370684776458,23.16034169190398,1767
0,4,10,3,0,1,4,-1570.9205607476636,23.0434270568929,1712
0,4,10,4,0,0,4,-1570.8180758017493,23.37102489111215,1715
0,4,10,5,0,0,4,-1570.5145102781137,23.299209754480785,1654
0,4,10,6,0,0,4,-1607.9848484848485,1.392538821995296,132
0,4,10,6,1,0,4,-1578.4346712211784,16.282721829805382,1171
0,4,10,6,3,0,4,-1540.787234042553,5.690365767025827,423
0,4,10,7,3,0,4,-1592.881879194631,10.24214253547122,745
0,4,10,7,7,0,4,-1553.1604938271605,13.15353161682248,972
0,4,10,8,7,0,4,-1570.033152501507,23.29902553942397,1659
0,4,10,9,7,0,4,-1590.966592427617,11.524110378445078,898
0,4,10,9,7,1,4,-2429.7966507177034,11.859395091656426,836
0,4,10,10,7,1,4,-2450.0184085510687,23.197853294401657,1684
0,4,10,11,6,1,4,-2427.961002785515,10.251225083316653,718
0,4,10,11,7,1,4,-2468.0236382322714,13.23689044193768,973
0,4,10,12,0,1,4,-2412.9684210526316,1.2933240043028416,95
0,4,10,12,4,1,4,-2442.81641285956,16.20243034953314,1182
0,4,10,12,6,1,4,-2480.3349056603774,5.523202216655524,424
0,4,11,2,0,1,4,-1570.1942028985507,22.693649012973783,1725
0,4,11,3,0,1,4,-1570.2040094339623,23.15052024681235,1696
0,4,11,4,0,0,4,-1570.6640577965081,23.50086199055644,1661
0,4,11,5,0,0,4,-1570.5687066974597,23.028359159499363,1732
0,4,11,6,0,0,4,-1607.9716981132076,1.4950077123010956,106
0,4,11,6,1,0,4,-1578.4250207125103,16.00918761621846,1207
0,4,11,6,3,0,4,-1540.9975247524753,5.691533908340125,404
0,4,11,7,3,0,4,-1594.0180412371135,10.27694769349546,776
0,4,11,7,7,0,4,-1552.9947589098533,13.154339974388707,954
0,4,11,8,7,0,4,-1569.9335294117648,23.4992551674554,1700
0,4,11,9,7,0,4,-1590.365,11.493336112721302,800
0,4,11,9,7,1,4,-2430.3134146341463,11.61099418231311,820
0,4,11,10,7,1,4,-2450.9851767388827,23.1245896088948,1754
0,4,11,11,6,1,4,-2428.400267737617,10.282835540695313,747
0,4,11,11,7,1,4,-2468.5432489451478,12.884967641835495,948
0,4,11,12,0,1,4,-2412.9583333333335,1.345646271521995,96
0,4,11,12,4,1,4,-2443.3025641025642,15.436079733106682,1170
0,4,11,12,6,1,4,-2480.1246882793016,5.825339262383612,401
0,4,12,2,0,1,4,-1570.472191323693,22.89726668802909,1798
0,4,12,3,0,1,4,-1571.434140578854,23.376093859574873,1693
0,4,12,4,0,0,4,-1569.982748706153,22.63670987495408,1739
0,4,12,5,0,0,4,-1569.7794457274827,23.503424008181344,1732
0,4,12,6,0,0,4,-1608.0824742268042,1.3822893238008844,97
0,4,12,6,1,0,4,-1577.4352078239608,15.739515702247932,1227
0,4,12,6,3,0,4,-1540.3864734299516,5.770189141876988,414
0,4,12,7,3,0,4,-1593.0798969072166,10.43110969520721,776
0,4,12,7,7,0,4,-1552.992277992278,13.334931709253329,1036
0,4,12,8,7,0,4,-1569.4056877539176,23.133133373974857,1723
0,4,12,9,7,0,4,-1590.654420206659,11.594219455334208,871
0,4,12,9,7,1,4,-2429.926487747958,11.314140053162454,857
0,4,12,10,7,1,4,-2450.0938416422287,22.67266735021458,1705
0,4,12,11,6,1,4,-2427.97106918239,10.25255510978692,795
0,4,12,11,7,1,4,-2468.0010940919037,12.785257122077182,914
0,4,12,12,0,1,4,-2413.1964285714284,1.3217904911437242,112
0,4,12,12,4,1,4,-2443.7050123253903,16.074168159670613,1217
0,4,12,12,6,1,4,-2480.55033557047,5.885297619866103,447
0,4,13,2,0,1,4,-1570.4433174224343,23.000825127302445,1676
0,4,13,3,0,1,4,-1570.8122009569379,22.660974282731683,1672
0,4,13,4,0,0,4,-1569.8704693998811,23.173116381572566,1683
0,4,13,5,0,0,4,-1570.4012738853503,23.599276156025656,1727
0,4,13,6,1,0,4,-1577.184140969163,15.93672827032311,1135
0,4,13,6,3,0,4,-1540.4118993135012,5.737559045997035,437
0,4,13,7,3,0,4,-1592.9745308310992,10.148793565706992,746
0,4,13,7,7,0,4,-1552.317,13.07732812923808,1000
0,4,13,8,7,0,4,-1571.387443438914,23.48314117097264,1768
0,4,13,9,7,0,4,-1590.427293064877,11.674403349520624,894
0,4,13,9,7,1,4,-2430.0638554216866,11.593081425746757,830
0,4,13,10,7,1,4,-2450.9372738238844,22.964564359258738,1658
0,4,13,11,6,1,4,-2427.3523936170213,9.872432044993687,752
0,4,13,11,7,1,4,-2468.1434977578474,13.363981454721522,892
0,4,13,12,0,1,4,-2413.152380952381,1.485042583148236,105
0,4,13,12,4,1,4,-2443.0,15.755803593258644,1182
0,4,13,12,6,1,4,-2480.4289044289044,5.923183794130314,429
0,4,14,2,0,1,4,-1570.3547082611208,22.98607079690228,1731
0,4,14,3,0,1,4,-1570.9503504672898,23.169211712361843,1712
0,4,14,4,0,0,4,-1570.9873925501433,22.910136176356215,1745
0,4,14,5,0,0,4,-1570.9087232813404,23.011734106168884,1731
0,4,14,6,0,0,4,-1608.049504950495,1.359792046076554,101
0,4,14,6,1,0,4,-1577.5765765765766,15.581706921047001,1221
0,4,14,6,3,0,4,-1540.4146341463415,5.606945213067309,410
0,4,14,7,3,0,4,-1593.361997226075,10.003918699868791,721
0,4,14,7,7,0,4,-1552.8971962616822,12.829694529232414,963
0,4,14,8,7,0,4,-1570.166963755199,23.100494540174232,1683
0,4,14,9,7,0,4,-1590.6394799054374,11.56393683789375,846
0,4,14,9,7,1,4,-2430.472222222222,11.602369117391214,864
0,4,14,10,7,1,4,-2451.66027561414,23.0583750866733,1669
0,4,14,11,6,1,4,-2427.3985148514853,9.877948126019076,808
0,4,14,11,7,1,4,-2467.593984962406,12.991467344177797,931
0,4,14,12,0,1,4,-2412.8735632183907,1.484050048219427,87
0,4,14,12,4,1,4,-2443.3670995670996,15.745111239707272,1155
0,4,14,12,6,1,4,-2480.177829099307,5.701850750883458,433
0,4,15,2,0,1,4,-1570.3904593639577,23.182917402052148,1698
0,4,15,3,0,1,4,-1569.860625,22.896423292934774,1600
0,4,15,4,0,0,4,-1570.3847110006216,22.777613554443622,1609
0,4,15,5,0,0,4,-1571.0397660818714,23.16004948920961,1710
0,4,15,6,0,0,4,-1607.9142857142858,1.428380939483291,105
0,4,15,6,1,0,4,-1577.6196213425128,15.561489621404862,1162
0,4,15,6,3,0,4,-1540.3295454545455,5.743616201139,440
0,4,15,7,3,0,4,-1593.0445062586925,10.238367380600787,719
0,4,15,7,7,0,4,-1554.0193340494093,12.797591911754365,931
0,4,15,8,7,0,4,-1570.670673076923,23.14668329639627,1664
0,4,15,9,7,0,4,-1590.643192488263,11.587062282715403,852
0,4,15,9,7,1,4,-2429.9714964370546,11.53314524873461,842
0,4,15,10,7,1,4,-2450.1499402628433,23.150065801031786,1674
0,4,15,11,6,1,4,-2428.041134751773,10.1543972302449,705
0,4,15,11,7,1,4,-2467.8747454175154,13.179073460480538,982
0,4,15,12,0,1,4,-2412.82905982906,1.3854592759005386,117
0,4,15,12,4,1,4,-2443.2031114952465,15.896142745626806,1157
0,4,15,12,6,1,4,-2480.711711711712,5.682099896348966,444
0,4,16,2,0,1,4,-1571.1147733961154,23.124946834327503,1699
0,4,16,3,0,1,4,-1570.8650088809948,23.796890976436536,1689
0,4,16,4,0,0,4,-1569.7963721474546,23.191107452992714,1709
0,4,16,5,0,0,4,-1569.5607954545455,23.377673581737632,1760
0,4,16,6,0,0,4,-1608.1881188118812,1.4051734066592587,101
0,4,16,6,1,0,4,-1577.1245733788396,16.005220252465314,1172
0,4,16,6,3,0,4,-1540.267942583732,5.732470769730541,418
0,4,16,7,3,0,4,-1592.5500685871057,10.052838627325809,729
0,4,16,7,7,0,4,-1552.621,12.652721406864284,1000
0,4,16,8,7,0,4,-1570.0,23.102743301703427,1679
0,4,16,9,7,0,4,-1590.9130434782608,11.877176339111573,828
0,4,16,9,7,1,4,-2430.29702970297,11.400924536507386,808
0,4,16,10,7,1,4,-2450.908886389201,22.926586504033512,1778
0,4,16,11,6,1,4,-2427.814207650273,9.78978029085094,732
0,4,16,11,7,1,4,-2469.0491266375548,13.140190909601634,916
0,4,16,12,4,1,4,-2443.029876977153,15.986071050991123,1138
0,4,16,12,6,1,4,-2479.9846153846156,5.569321837466748,455
0,4,17,2,0,1,4,-1569.8695652173913,22.817243205581573,1633
0,4,17,3,0,1,4,-1570.0353148911124,23.136769707145188,1699
0,4,17,4,0,0,4,-1570.5162454873646,23.46342958523396,1662
0,4,17,5,0,0,4,-1570.4025746050322,23.246950996740132,1709
0,4,17,6,0,0,4,-1608.2616822429907,1.4682715924333476,107
0,4,17,6,1,0,4,-1577.915567282322,15.644126484265582,1137
0,4,17,6,3,0,4,-1540.20814479638,5.736848165570444,442
0,4,17,7,3,0,4,-1592.5888456549935,9.948027333318917,771
0,4,17,7,7,0,4,-1553.161733615222,12.813685814024206,946
0,4,17,8,7,0,4,-1569.912712360867,23.78097670495553,1707
0,4,17,9,7,0,4,-1590.3313609467455,11.364286368134135,845
0,4,17,9,7,1,4,-2430.611888111888,11.71961471899833,858
0,4,17,10,7,1,4,-2450.343470483005,22.84690382336538,1677
0,4,17,11,6,1,4,-2428.377521613833,10.178882002159327,694
0,4,17,11,7,1,4,-2468.002132196162,12.938100778086524,938
0,4,17,12,4,1,4,-2443.6682501979412,15.666405470284554,1263
0,4,17,12,6,1,4,-2480.9564270152505,5.866178036040719,459
0,4,18,2,0,1,4,-1571.4098750743606,23.085834147694765,1681
0,4,18,3,0,1,4,-1570.7127845884413,23.238561894245414,1713
0,4,18,4,0,0,4,-1570.1813898704359,23.079293488718676,1698
0,4,18,5,0,0,4,-1569.9884991374354,23.21546660271046,1739
0,4,18,6,0,0,4,-1608.1166666666666,1.450191558486241,120
0,4,18,6,1,0,4,-1578.608061749571,15.715739349783542,1166
0,4,18,6,3,0,4,-1540.411622276029,5.809740550289355,413
0,4,18,7,3,0,4,-1592.7009222661397,10.078683159101137,759
0,4,18,7,7,0,4,-1553.1487778958556,12.952753640843344,941
0,4,18,8,7,0,4,-1570.6758074344912,22.97121545590895,1641
0,4,18,9,7,0,4,-1591.1285714285714,11.64116844312422,840
0,4,18,9,7,1,4,-2430.158013544018,11.51120163567048,886
0,4,18,10,7,1,4,-2450.2525597269623,23.13018829640438,1758
0,4,18,11,6,1,4,-2427.6524822695037,10.203452214805628,705
0,4,18,11,7,1,4,-2468.085201793722,13.036750600357227,892
0,4,18,12,0,1,4,-2413.075630252101,1.397234145874477,119
0,4,18,12,4,1,4,-2443.1846405228757,16.0781453392757,1224
0,4,18,12,6,1,4,-2480.8846153846152,5.911340909537711,468
0,4,19,2,0,1,4,-1570.9089337175792,22.928803620390156,1735
0,4,19,3,0,1,4,-1571.5381840048105,22.918629432291652,1663
0,4,19,4,0,0,4,-1570.344746162928,22.608085767141333,1694
0,4,19,5,0,0,4,-1570.842014882656,23.09779111232752,1747
0,4,19,6,1,0,4,-1578.229055258467,15.928710745812104,1122
0,4,19,6,3,0,4,-1540.5600961538462,5.797151488026931,416
0,4,19,7,3,0,4,-1592.754593175853,9.968527174116828,762
0,4,19,7,7,0,4,-1553.4131551901337,13.028386732698015,973
0,4,19,8,7,0,4,-1570.38286032276,22.414427543503283,1797
0,4,19,9,7,0,4,-1590.4309723889555,11.50720223930602,833
0,4,19,9,7,1,4,-2430.8177570093458,11.19441460433124,856
0,4,19,10,7,1,4,-2450.465144230769,23.092388366334838,1664
0,4,19,11,6,1,4,-2428.076819407008,10.156101116317926,742
0,4,19,11,7,1,4,-2468.4044943820227,12.931990732056523,890
0,4,19,12,0,1,4,-2412.704081632653,1.4084959678012432,98
0,4,19,12,4,1,4,-2442.7491467576792,15.969687827430775,1172
0,4,19,12,6,1,4,-2480.4104308390024,5.989164823089813,441
0,4,20,2,0,1,4,-1570.942374854482,23.16978501804056,1718
0,4,20,3,0,1,4,-1570.5281690140846,22.46328052098707,1704
0,4,20,4,0,0,4,-1569.8828078524687,22.75386119702999,1681
0,4,20,5,0,0,4,-1570.1242707117854,23.478316547875313,1714
0,4,20,6,0,0,4,-1608.0267857142858,1.4666520514213546,112
0,4,20,6,1,0,4,-1578.4066317626528,15.288742439260977,1146
0,4,20,6,3,0,4,-1541.1051344743275,5.753807970003681,409
0,4,20,7,3,0,4,-1593.4710743801652,9.962940459149204,726
0,4,20,7,7,0,4,-1552.7627627627628,13.081433356988711,999
0,4,20,8,7,0,4,-1569.866436384571,23.29709761304013,1737
0,4,20,9,7,0,4,-1590.2244897959183,11.347307862007494,882
0,4,20,9,7,1,4,-2431.0359212050985,11.644397319132583,863
0,4,20,10,7,1,4,-2450.718497109827,23.3463233492011,1730
0,4,20,11,6,1,4,-2427.5206043956046,10.239017899476284,728
0,4,20,11,7,1,4,-2468.8704284221526,13.347064499203661,957
0,4,20,12,0,1,4,-2412.9473684210525,1.424362617347209,95
0,4,20,12,4,1,4,-2443.494290375204,15.732896408161947,1226
0,4,20,12,6,1,4,-2480.8714285714286,5.701515492466724,420
0,4,21,2,0,1,4,-1570.2802850356295,22.97421493626843,1684
0,4,21,3,0,1,4,-1570.4705882352941,22.933641693495662,1615
0,4,21,4,0,0,4,-1569.7891077636152,23.152014585982236,1726
0,4,21,5,0,0,4,-1570.3708309779536,23.167133486574162,1769
0,4,21,6,1,0,4,-1578.527754056362,15.761183333742274,1171
0,4,21,6,3,0,4,-1540.053738317757,5.715972868903756,428
0,4,21,7,3,0,4,-1593.7768924302788,9.95291157280116,753
0,4,21,7,7,0,4,-1553.3555555555556,12.947616615190437,945
0,4,21,8,7,0,4,-1570.1442365721182,23.158795942072476,1657
0,4,21,9,7,0,4,-1591.131455399061,11.379459967401548,852
0,4,21,9,7,1,4,-2430.073324905183,11.513074366116385,791
0,4,21,10,7,1,4,-2450.1880492091386,23.399445667164308,1707
0,4,21,11,6,1,4,-2428.275471698113,9.975862170039179,795
0,4,21,11,7,1,4,-2468.887423935091,13.06787181954449,986
0,4,21,12,0,1,4,-2412.8347826086956,1.444211443138974,115
0,4,21,12,4,1,4,-2443.024813895782,15.969969118094967,1209
0,4,21,12,6,1,4,-2480.3587223587224,5.669355213762535,407
0,4,22,2,0,1,4,-1570.6320141760189,23.293471003599088,1693
0,4,22,3,0,1,4,-1569.1753325272068,23.04827951000676,1654
0,4,22,4,0,0,4,-1570.7228355607206,23.125793389807168,1721
0,4,22,5,0,0,4,-1569.9939172749391,22.862834661141985,1644
0,4,22,6,1,0,4,-1578.3310463121784,15.529593729696337,1166
0,4,22,6,3,0,4,-1540.8,5.784638347937901,490
0,4,22,7,3,0,4,-1592.6454545454546,10.288450787089756,770
0,4,22,7,7,0,4,-1553.360174102285,12.878345244957124,919
0,4,22,8,7,0,4,-1571.0724719101124,22.975801279846273,1780
0,4,22,9,7,0,4,-1590.182808716707,11.597538557191012,826
0,4,22,9,7,1,4,-2430.300591715976,11.514726855734313,845
0,4,22,10,7,1,4,-2451.6911764705883,22.98065513382957,1632
0,4,22,11,6,1,4,-2428.1845764854615,10.170670745048078,791
0,4,22,11,7,1,4,-2467.4400406504064,13.262609523807235,984
0,4,22,12,0,1,4,-2413.046875,1.407898339502892,128
0,4,22,12,4,1,4,-2443.117953165655,15.564262843342132,1153
0,4,22,12,6,1,4,-2480.7673860911273,5.639964549630593,417
0,4,23,2,0,1,4,-1570.676403207331,23.13296601672856,1746
0,4,23,3,0,1,4,-1571.5725190839694,23.35627195742569,1703
0,4,23,4,0,0,4,-1570.4095292115712,23.193510347507406,1763
0,4,23,5,0,0,4,-1570.3841288096608,23.046736049324153,1739
0,4,23,6,0,0,4,-1608.125,1.458503391399587,112
0,4,23,6,1,0,4,-1576.6864197530865,15.894237015620062,1215
0,4,23,6,3,0,4,-1540.8470319634703,5.785107463090692,438
0,4,23,7,3,0,4,-1592.7809388335704,10.21826277505123,703
0,4,23,7,7,0,4,-1553.190618762475,13.01674768812105,1002
0,4,23,8,7,0,4,-1570.3762486126527,23.01047996823799,1802
0,4,23,9,7,0,4,-1590.9825986078886,11.800779545772667,862
0,4,23,9,7,1,4,-2430.4235159817354,11.724475607751542,876
0,4,23,10,7,1,4,-2450.7995283018868,23.25364953633415,1696
0,4,23,11,6,1,4,-2427.59437751004,9.90936816815311,747
0,4,23,11,7,1,4,-2468.090367428004,13.125805467841861,1007
0,4,23,12,0,1,4,-2413.021739130435,1.3185817548612162,92
0,4,23,12,4,1,4,-2442.858234295416,16.054378230853075,1178
0,4,23,12,6,1,4,-2480.5648854961833,5.848075610456449,393
0,4,24,2,0,1,4,-1570.6612244897958,22.90380659450438,1715
0,4,24,3,0,1,4,-1569.9043528064146,23.328706302625434,1746
0,4,24,4,0,0,4,-1569.5279097387174,22.46844829510668,1684
0,4,24,5,0,0,4,-1570.4286556603774,23.239008450415607,1696
0,4,24,6,0,0,4,-1608.0943396226414,1.463572147779246,106
0,4,24,6,1,0,4,-1576.9949916527546,15.950988423226255,1198
0,4,24,6,3,0,4,-1540.7532751091703,5.762232116805917,458
0,4,24,7,3,0,4,-1592.341655716163,10.00808933745826,761
0,4,24,7,7,0,4,-1552.7676659528909,12.920137806271583,934
0,4,24,8,7,0,4,-1570.9002898550725,22.74599311559007,1725
0,4,24,9,7,0,4,-1591.1896348645466,11.516693920287409,849
0,4,24,9,7,1,4,-2430.3916083916083,11.566389877693599,858
0,4,24,10,7,1,4,-2450.578735632184,22.9102724189244,1740
0,4,24,11,6,1,4,-2427.9551820728293,10.112986757465144,714
0,4,24,11,7,1,4,-2468.183653846154,13.130627808656072,1040
0,4,24,12,0,1,4,-2412.991525423729,1.4350087857112441,118
0,4,24,12,4,1,4,-2443.4747747747747,15.91664078184306,1110
0,4,24,12,6,1,4,-2480.262331838565,5.646203370476424,446
0,4,25,2,0,1,4,-1570.6731220657277,22.968759771996968,1704
0,4,25,3,0,1,4,-1570.770200573066,22.744083275186263,1745
0,4,25,4,0,0,4,-1570.670126874279,23.121579675642295,1734
0,4,25,5,0,0,4,-1569.558207217695,23.40001989091363,1718
0,4,25,6,0,0,4,-1607.8181818181818,1.2741694571893842,99
0,4,25,6,1,0,4,-1578.173285198556,15.821509180388466,1108
0,4,25,6,3,0,4,-1540.004716981132,5.705837495343642,424
0,4,25,7,3,0,4,-1593.1130012150668,10.043434886035376,823
0,4,25,7,7,0,4,-1553.3808532778355,12.554837371145867,961
0,4,25,8,7,0,4,-1570.768018018018,22.969015844492993,1776
0,4,25,9,7,0,4,-1590.2173913043478,11.35925380533994,851
0,4,25,9,7,1,4,-2430.069090909091,11.643651505677001,825
0,4,25,10,7,1,4,-2450.9516880093133,22.970257001070674,1718
0,4,25,11,6,1,4,-2427.937673130194,10.053196132544697,722
0,4,25,11,7,1,4,-2468.201238390093,13.23237416417153,969
0,4,25,12,0,1,4,-2413.2260869565216,1.432910504962112,115
0,4,25,12,4,1,4,-2443.2854799015586,15.789443441607064,1219
0,4,25,12,6,1,4,-2480.136069114471,5.67028319805426,463
0,4,26,2,0,1,4,-1570.0122878876537,23.373537596477902,1709
0,4,26,3,0,1,4,-1570.857142857143,23.000238057937583,1722
0,4,26,4,0,0,4,-1569.442273534636,23.077553775459442,1689
0,4,26,5,0,0,4,-1569.2624565469293,22.81859677411133,1726
0,4,26,6,1,0,4,-1577.9450549450548,16.162724628968498,1183
0,4,26,6,3,0,4,-1540.5714285714287,5.764010815016755,427
0,4,26,7,3,0,4,-1593.223628691983,10.240116021978277,711
0,4,26,7,7,0,4,-1552.940251572327,12.90294338299171,954
0,4,26,8,7,0,4,-1569.8953811908736,23.561406193283517,1797
0,4,26,9,7,0,4,-1590.3988165680473,11.632061325083747,845
0,4,26,9,7,1,4,-2430.310304449649,11.684011439807989,854
0,4,26,10,7,1,4,-2450.9423403052574,23.044407675274172,1769
0,4,26,11,6,1,4,-2427.689466484268,9.806647072366184,731
0,4,26,11,7,1,4,-2467.1892744479496,13.229270457736062,951
0,4,26,12,4,1,4,-2443.2681895093065,15.621907042091143,1182
0,4,26,12,6,1,4,-2480.537037037037,5.840354387259514,432
0,4,27,2,0,1,4,-1571.3243084167157,23.0851522223067,1699
0,4,27,3,0,1,4,-1569.9094036697247,23.340465778637096,1744
0,4,27,4,0,0,4,-1571.267638483965,23.203073008706625,1715
0,4,27,5,0,0,4,-1570.0298151460943,23.462355304264474,1677
0,4,27,6,0,0,4,-1607.943925233645,1.3863943397149998,107
0,4,27,6,1,0,4,-1577.0782681099083,15.862823771839821,1201
0,4,27,6,3,0,4,-1540.2777777777778,5.828701865072814,432
0,4,27,7,3,0,4,-1592.772,10.13574611627172,750
0,4,27,7,7,0,4,-1553.3568376068376,13.201463927456343,936
0,4,27,8,7,0,4,-1569.92543595911,22.930504357764804,1663
0,4,27,9,7,0,4,-1590.6990407673861,11.527958883091467,834
0,4,27,9,7,1,4,-2430.1561771561774,11.388512607781333,858
0,4,27,10,7,1,4,-2449.1818731117824,22.664694401718492,1655
0,4,27,11,6,1,4,-2428.2,10.293687386009644,790
0,4,27,11,7,1,4,-2467.193836978131,12.987805941388915,1006
0,4,27,12,0,1,4,-2412.81,1.3615799647662987,100
0,4,27,12,4,1,4,-2443.139378673384,16.40904665237328,1191
0,4,27,12,6,1,4,-2480.4400871459693,5.7966826958389674,459
0,4,28,2,0,1,4,-1570.056768558952,23.03185883857867,1603
0,4,28,3,0,1,4,-1570.2889667250438,23.50541120235841,1713
0,4,28,4,0,0,4,-1571.0088495575221,23.434398074855824,1695
0,4,28,5,0,0,4,-1570.4121175764847,22.998420373299307,1667
0,4,28,6,0,0,4,-1607.8317757009345,1.321893157613048,107
0,4,28,6,1,0,4,-1577.2408695652173,15.840023032774832,1150
0,4,28,6,3,0,4,-1540.4466230936819,5.811385839184601,459
0,4,28,7,3,0,4,-1593.5194630872484,9.942247175875098,745
0,4,28,7,7,0,4,-1553.4719101123596,12.821154375398145,979
0,4,28,8,7,0,4,-1570.4543365881677,23.09237275283327,1741
0,4,28,9,7,0,4,-1590.8009422850412,11.59339396229368,849
0,4,28,9,7,1,4,-2430.6846424384526,11.579591985304601,853
0,4,28,10,7,1,4,-2451.6824480369514,23.079606016339294,1732
0,4,28,11,6,1,4,-2427.8684210526317,10.220864272728875,722
0,4,28,11,7,1,4,-2468.3220512820512,13.051255009803056,975
0,4,28,12,0,1,4,-2413.057142857143,1.4197824877388951,105
0,4,28,12,4,1,4,-2443.185639229422,15.485732784168793,1142
0,4,28,12,6,1,4,-2480.8009478672984,5.76418086916261,422
0,4,29,2,0,1,4,-1570.0630105017503,22.83364315102664,1714
0,4,29,3,0,1,4,-1569.724926686217,23.106663174483025,1705
0,4,29,4,0,0,4,-1571.2673267326732,23.011661689080398,1717
0,4,29,5,0,0,4,-1570.6483909415972,23.207137822679563,1678
0,4,29,6,0,0,4,-1607.9113924050632,1.342488464286705,79
0,4,29,6,1,0,4,-1577.8011363636363,15.71706715668185,1232
0,4,29,6,3,0,4,-1540.633416458853,5.559273042065197,401
0,4,29,7,3,0,4,-1592.619756427605,9.85127232299203,739
0,4,29,7,7,0,4,-1553.2609137055838,12.771158225230517,985
0,4,29,8,7,0,4,-1570.5711845102505,22.813671593616025,1756
0,4,29,9,7,0,4,-1590.2987312572088,11.623447477494357,867
0,4,29,9,7,1,4,-2430.5101796407184,11.158663210204955,835
0,4,29,10,7,1,4,-2451.254833040422,22.9747594319977,1707
0,4,29,11,6,1,4,-2428.4607843137255,9.79805917162512,714
0,4,29,11,7,1,4,-2468.418067226891,12.851838685897217,952
0,4,29,12,0,1,4,-2412.9896907216494,1.4748394663456832,97
0,4,29,12,4,1,4,-2443.1794642857144,15.759887136958172,1120
0,4,29,12,6,1,4,-2480.5803571428573,5.890198263744737,448
0,4,30,2,0,1,4,-1569.693175074184,22.939015673464937,1685
0,4,30,3,0,1,4,-1570.8070175438597,23.441083490275325,1710
0,4,30,4,0,0,4,-1570.8324844368988,22.968993338951034,1767
0,4,30,5,0,0,4,-1570.4577883472057,23.47862517387682,1682
0,4,30,6,0,0,4,-1607.97,1.388920444193804,100
0,4,30,6,1,0,4,-1578.1694772344013,15.651962337744902,1186
0,4,30,6,3,0,4,-1540.848623853211,5.81401525074957,436
0,4,30,7,3,0,4,-1593.2493150684932,10.265157496834991,730
0,4,30,7,7,0,4,-1552.3933136676499,13.020318231781088,1017
0,4,30,8,7,0,4,-1570.730363423212,23.067157765853544,1706
0,4,30,9,7,0,4,-1590.833922261484,11.254816167824426,849
0,4,30,9,7,1,4,-2430.1815950920245,11.534484116615413,815
0,4,30,10,7,1,4,-2450.01981981982,22.647240561974552,1665
0,4,30,11,6,1,4,-2428.172279792746,10.213402171782546,772
0,4,30,11,7,1,4,-2468.04469273743,12.420752695879498,895
0,4,30,12,0,1,4,-2413.1747572815534,1.5543686288754623,103
0,4,30,12,4,1,4,-2443.540399652476,15.63005946350614,1151
0,4,30,12,6,1,4,-2480.8163771712157,5.6665865609823065,403
0,4,31,2,0,1,4,-1570.8997067448681,22.916984568914163,1705
0,4,31,3,0,1,4,-1570.4349419670127,22.883764098759837,1637
0,4,31,4,0,0,4,-1569.9449594438006,22.44304973806821,1726
0,4,31,5,0,0,4,-1570.3450118764845,22.91273007705704,1684
0,4,31,6,0,0,4,-1608.2056074766356,1.3653818592815041,107
0,4,31,6,1,0,4,-1578.0751131221718,15.841087695496634,1105
0,4,31,6,3,0,4,-1540.335648148148,5.554513308897966,432
0,4,31,7,3,0,4,-1592.7280593325092,9.896508545965547,809
0,4,31,7,7,0,4,-1552.6919875130072,13.132353875771555,961
0,4,31,8,7,0,4,-1570.671029149316,23.005949093786786,1681
0,4,31,9,7,0,4,-1589.9079822616409,11.684002866289092,902
0,4,31,9,7,1,4,-2430.746251441753,11.402673522395716,867
0,4,31,10,7,1,4,-2450.720387243736,22.818433958609383,1756
0,4,31,11,6,1,4,-2427.917006802721,9.933790160855768,735
0,4,31,11,7,1,4,-2467.5572597137016,12.747801183985208,978
0,4,31,12,0,1,4,-2413.060869565217,1.4282062728463818,115
0,4,31,12,4,1,4,-2443.416888888889,16.248390802011066,1125
0,4,31,12,6,1,4,-2480.1630170316303,5.565377385857091,411
0,4,32,2,0,1,4,-1571.2966565349543,23.26296391996026,1645
0,4,32,3,0,1,4,-1571.8556886227545,23.307579155345202,1670
0,4,32,4,0,0,4,-1571.8669378268448,22.96910145376758,1721
0,4,32,5,0,0,4,-1570.5441176470588,23.281319085031054,1700
0,4,32,6,1,0,4,-1577.921717171717,15.84801869998116,1188
0,4,32,6,3,0,4,-1540.2378640776699,5.929744284735501,412
0,4,32,7,3,0,4,-1592.707509881423,10.100226793623156,759
0,4,32,7,7,0,4,-1552.3128772635814,13.242122869084184,994
0,4,32,8,7,0,4,-1571.0781163434904,22.911560492639374,1805
0,4,32,9,7,0,4,-1590.1808988764044,11.807818552446689,890
0,4,32,9,7,1,4,-2430.7348394768132,11.384944749444907,841
0,4,32,10,7,1,4,-2451.3019423190112,23.083823805368457,1699
0,4,32,11,6,1,4,-2427.927125506073,10.04269326217765,741
0,4,32,11,7,1,4,-2467.928118393235,12.976605720903061,946
0,4,32,12,0,1,4,-2413.182608695652,1.3741881946861119,115
0,4,32,12,4,1,4,-2442.179376083189,15.94867931466728,1154
0,4,32,12,6,1,4,-2480.683574879227,5.870492064173804,414
0,4,33,2,0,1,4,-1570.353432835821,22.783953082517318,1675
0,4,33,3,0,1,4,-1570.991902834008,23.11139176942527,1729
0,4,33,4,0,0,4,-1569.746513038205,23.60933871886942,1649
0,4,33,5,0,0,4,-1569.7007553747821,22.49308614825407,1721
0,4,33,6,1,0,4,-1578.213567839196,15.859584344444697,1194
0,4,33,6,3,0,4,-1540.6529680365297,5.945577217641005,438
0,4,33,7,3,0,4,-1593.1372299872935,10.269876699470515,787
0,4,33,7,7,0,4,-1552.8748663101603,13.136973147764092,935
0,4,33,8,7,0,4,-1570.1115560640733,23.175892530901393,1748
0,4,33,9,7,0,4,-1590.3696629213482,11.446474404421481,890
0,4,33,9,7,1,4,-2430.6808252427186,11.3395870414078,824
0,4,33,10,7,1,4,-2449.86404293381,23.068033492793653,1677
0,4,33,11,6,1,4,-2428.3337856173675,10.204416045883699,737
0,4,33,11,7,1,4,-2467.3904179408764,13.156219287573697,981
0,4,33,12,0,1,4,-2412.867924528302,1.3533708558957878,106
0,4,33,12,4,1,4,-2443.1908462867013,15.929215806441952,1158
0,4,33,12,6,1,4,-2480.563596491228,5.608607831028772,456
0,4,34,2,0,1,4,-1571.0423375074538,22.952285084506137,1677
0,4,34,3,0,1,4,-1570.3292397660819,23.44678730860083,1710
0,4,34,4,0,0,4,-1571.3432304038004,23.079584669571428,1684
0,4,34,5,0,0,4,-1571.4130681818183,22.827648450240495,1760
0,4,34,6,1,0,4,-1578.0272804774083,15.927294502405765,1173
0,4,34,6,3,0,4,-1540.3878923766815,5.863142957015862,446
0,4,34,7,3,0,4,-1592.1553784860557,9.87523904714604,753
0,4,34,7,7,0,4,-1552.4388185654009,13.01457522259259,948
0,4,34,8,7,0,4,-1570.8782913984787,22.623986253844926,1709
0,4,34,9,7,0,4,-1589.9779141104295,11.94823202022452,815
0,4,34,9,7,1,4,-2430.6064659977706,11.674137558417325,897
0,4,34,10,7,1,4,-2450.2056451612902,23.004777913348914,1736
0,4,34,11,6,1,4,-2427.9243466299863,9.967956850592435,727
0,4,34,11,7,1,4,-2467.8038793103447,13.049157144914611,928
0,4,34,12,0,1,4,-2412.95,1.4133294030242431,120
0,4,34,12,4,1,4,-2443.1009023789993,15.87106036218032,1219
0,4,34,12,6,1,4,-2480.7190476190476,5.797546200777004,420
0,4,35,9,7,1,4,-2429.746987951807,11.305658433497111,830
0,4,35,10,7,1,4,-2450.0111699000586,22.807952496965683,1701
0,4,35,11,6,1,4,-2428.301886792453,10.265503517938797,795
0,4,35,11,7,1,4,-2467.889452332657,13.05282411386784,986
0,5,1,2,0,1,5,-1499.1117092866757,10.272710004334314,743
0,5,1,2,4,1,5,-1538.5700836820083,13.26564381592335,956
0,5,1,3,0,1,5,-1519.0174069627851,23.181191603891996,1666
0,5,1,4,0,0,5,-1495.6289592760181,8.863020262741463,663
0,5,1,4,0,1,5,-1535.3110307414104,14.982117291625293,1106
0,5,1,5,0,0,5,-1520.4122855561704,23.12160589682014,1807
0,5,1,6,0,0,5,-1532.9973142345568,15.530113178834483,1117
0,5,1,6,1,0,5,-1492.840909090909,6.926250199871496,572
0,5,1,7,1,0,5,-1544.831111111111,8.637793499694205,675
0,5,1,7,3,0,5,-1505.7632805219012,14.434473635240924,1073
0,5,1,8,3,0,5,-1557.9313725490197,1.2853610457496705,102
0,5,1,8,7,0,5,-1517.270303781773,21.322664282896785,1613
0,5,1,9,7,0,5,-1520.7865889212828,22.943864714002355,1715
0,5,1,10,7,0,5,-1555.8070175438597,3.009858634425683,228
0,5,1,10,7,1,5,-2430.0,0.0,16
0,5,1,11,7,1,5,-2365.4388185654007,2.999551914075552,237
0,5,1,12,4,1,5,-2365.734597156398,2.937853490391643,211
0,5,1,12,6,1,5,-2397.6666666666665,15.52434948787012,1167
0,5,1,12,7,1,5,-2433.1453488372094,4.175208029196981,344
0,5,2,2,0,1,5,-1498.103929024081,10.15753466867139,789
0,5,2,2,4,1,5,-1538.112554112554,12.892088515457838,924
0,5,2,3,0,1,5,-1519.4068598462447,22.639750376665074,1691
0,5,2,4,0,0,5,-1494.9872,8.50786907280244,625
0,5,2,4,0,1,5,-1535.2893738140417,14.447271824639174,1054
0,5,2,5,0,0,5,-1520.9882860665844,23.753781935694782,1622
0,5,2,6,0,0,5,-1533.535175879397,15.4929341060213,1194
0,5,2,6,1,0,5,-1492.633147113594,7.166642412347034,537
0,5,2,7,1,0,5,-1544.9729299363057,8.490209780445284,628
0,5,2,7,3,0,5,-1505.6373831775702,14.43086336471233,1070
0,5,2,8,7,0,5,-1517.3287009063445,21.571509501644098,1655
0,5,2,9,7,0,5,-1521.3372021991447,23.064911514687395,1637
0,5,2,10,7,0,5,-1555.6617647058824,2.867722472589045,204
0,5,2,10,7,1,5,-2395.345479082321,20.221264490413642,1482
0,5,2,11,7,1,5,-2400.1283822682785,23.68151727937254,1737
0,5,2,12,4,1,5,-2365.5243243243244,2.7823192158231262,185
0,5,2,12,6,1,5,-2397.9703315881325,16.03238953498091,1146
0,5,2,12,7,1,5,-2433.1298245614034,4.436766837456952,285
0,5,3,2,0,1,5,-1498.6062992125985,10.012321134138931,762
0,5,3,2,4,1,5,-1538.0348964013085,12.838349182138893,917
0,5,3,3,0,1,5,-1520.3210093896714,23.05959578280544,1704
0,5,3,4,0,0,5,-1494.9343283582089,8.581054317838593,670
0,5,3,4,0,1,5,-1535.6923076923076,14.378790043596023,1066
0,5,3,5,0,0,5,-1520.4244431065624,23.171373789239777,1661
0,5,3,6,0,0,5,-1532.6845637583892,16.096692831513938,1192
0,5,3,6,1,0,5,-1493.0191938579655,6.916808654327346,521
0,5,3,7,1,0,5,-1544.70692431562,8.58852361484727,621
0,5,3,7,3,0,5,-1506.3196172248804,14.359607351813128,1045
0,5,3,8,3,0,5,-1558.188524590164,1.4728803453072548,122
0,5,3,8,7,0,5,-1517.619254658385,21.78385639516178,1610
0,5,3,9,7,0,5,-1519.3720508166969,23.074384421327686,1653
0,5,3,10,7,0,5,-1555.6846846846847,2.9115550533336663,222
0,5,3,10,7,1,5,-2394.3394375408766,20.030565785155837,1529
0,5,3,11,7,1,5,-2401.3419096626644,23.08239074995743,1749
0,5,3,12,4,1,5,-2365.56345177665,2.992763567480462,197
0,5,3,12,6,1,5,-2398.5099394987037,15.402161049388098,1157
0,5,3,12,7,1,5,-2432.7993920972644,4.2870980111625405,329
0,5,4,2,0,1,5,-1497.8569444444445,10.005850044256748,720
0,5,4,2,4,1,5,-1537.349240780911,12.76542682339577,922
0,5,4,3,0,1,5,-1519.438994481913,23.233410053295167,1631
0,5,4,4,0,0,5,-1495.6398104265402,8.93878398037578,633
0,5,4,4,0,1,5,-1534.6462522851918,14.35499580640631,1094
0,5,4,5,0,0,5,-1520.7317507418397,22.9792158876329,1685
0,5,4,6,0,0,5,-1533.094827586207,15.820915035353156,1160
0,5,4,6,1,0,5,-1493.2785046728973,7.086581080380503,535
0,5,4,7,1,0,5,-1545.360606060606,8.63503923925842,660
0,5,4,7,3,0,5,-1505.1907775768536,14.407174534116445,1106
0,5,4,8,3,0,5,-1558.2033898305085,1.3873479273769493,118
0,5,4,8,7,0,5,-1518.2841121495328,21.421659706593402,1605
0,5,4,9,7,0,5,-1520.539358600583,23.202619904531883,1715
0,5,4,10,7,0,5,-1555.4279475982532,2.968584518071282,229
0,5,4,10,7,1,5,-2395.3268586738113,19.96474610531786,1493
0,5,4,11,7,1,5,-2399.542776203966,22.81739335067019,1765
0,5,4,12,4,1,5,-2365.4691943127964,2.906562082937664,211
0,5,4,12,6,1,5,-2397.449031171019,15.96477974813381,1187
0,5,4,12,7,1,5,-2432.6423611111113,4.3060693577128815,288
0,5,5,2,0,1,5,-1497.9249011857708,10.173379673249338,759
0,5,5,2,4,1,5,-1538.3115577889448,13.140501550174367,995
0,5,5,3,0,1,5,-1520.5539358600583,23.03271549450721,1715
0,5,5,4,0,0,5,-1495.6796875,8.668129117781415,640
0,5,5,4,0,1,5,-1535.5080875356803,14.583682905719716,1051
0,5,5,5,0,0,5,-1521.6698393813206,22.980991561407386,1681
0,5,5,6,0,0,5,-1533.7329749103942,15.660157264810302,1116
0,5,5,6,1,0,5,-1493.454011741683,7.316532130649083,511
0,5,5,7,1,0,5,-1546.0675241157555,8.856407565334983,622
0,5,5,7,3,0,5,-1505.8297244094488,14.524807123383821,1016
0,5,5,8,3,0,5,-1558.0267857142858,1.423400238679482,112
0,5,5,8,7,0,5,-1517.7873386601107,21.728169486106975,1627
0,5,5,9,7,0,5,-1521.0660104226984,23.269579919507937,1727
0,5,5,10,7,0,5,-1555.391304347826,2.718077208114068,207
0,5,5,10,7,1,5,-2395.526712328767,20.146993355000667,1460
0,5,5,11,7,1,5,-2399.6345475910693,23.067171730273063,1702
0,5,5,12,4,1,5,-2365.222222222222,2.9470182900264903,207
0,5,5,12,6,1,5,-2398.5591133004928,16.236558008442245,1218
0,5,5,12,7,1,5,-2432.8308605341244,3.9632432282767285,337
0,5,6,2,0,1,5,-1497.5389696169088,9.928948402285293,757
0,5,6,2,4,1,5,-1537.763787721124,13.251170792815895,961
0,5,6,3,0,1,5,-1520.867924528302,22.971014755673377,1749
0,5,6,4,0,0,5,-1495.5297906602254,8.823615917662114,621
0,5,6,4,0,1,5,-1534.981867633726,14.458984330910438,1103
0,5,6,5,0,0,5,-1520.5078597339782,23.12046416608389,1654
0,5,6,6,0,0,5,-1533.0625,15.857752551103049,1152
0,5,6,6,1,0,5,-1493.2544031311154,7.262337177388756,511
0,5,6,7,1,0,5,-1545.1656804733727,8.465160395031997,676
0,5,6,7,3,0,5,-1505.402163225172,14.351758591598333,1017
0,5,6,8,3,0,5,-1557.877358490566,1.385251357849703,106
0,5,6,8,7,0,5,-1517.9043977055449,21.686797428392918,1569
0,5,6,9,7,0,5,-1520.8053412462907,23.156494457628273,1685
0,5,6,10,7,0,5,-1555.6238938053098,2.6814925950146953,226
0,5,6,10,7,1,5,-2395.8005483207676,20.09864227308508,1459
0,5,6,11,7,1,5,-2400.741082410824,23.137324622989418,1626
0,5,6,12,4,1,5,-2365.425925925926,2.7409909793394864,216
0,5,6,12,6,1,5,-2397.687881429817,15.869131906712411,1147
0,5,6,12,7,1,5,-2433.345714285714,4.309845397268508,350
0,5,7,2,0,1,5,-1497.686762778506,9.868342775107333,763
0,5,7,2,4,1,5,-1537.851931330472,12.744331674605347,932
0,5,7,3,0,1,5,-1520.5279069767441,22.526556168857578,1720
0,5,7,4,0,0,5,-1495.485759493671,8.637007495278528,632
0,5,7,4,0,1,5,-1535.6051188299816,14.606208496102116,1094
0,5,7,5,0,0,5,-1518.966743119266,23.017295938677112,1744
0,5,7,6,0,0,5,-1532.8232280102477,15.532407601778566,1171
0,5,7,6,1,0,5,-1492.804788213628,7.214588702670808,543
0,5,7,7,1,0,5,-1546.057453416149,8.586324008249562,644
0,5,7,7,3,0,5,-1505.2133204633205,14.444336513453896,1036
0,5,7,8,3,0,5,-1557.7717391304348,1.460369673736913,92
0,5,7,8,7,0,5,-1517.454054054054,21.569007004140662,1665
0,5,7,9,7,0,5,-1521.2507480550569,23.311770021233023,1671
0,5,7,10,7,0,5,-1555.4615384615386,2.8468034601212593,208
0,5,7,10,7,1,5,-2396.5806010928964,20.213249879142285,1464
0,5,7,11,7,1,5,-2400.06031933767,23.05312107166332,1691
0,5,7,12,4,1,5,-2365.4634146341464,2.888982950165501,205
0,5,7,12,6,1,5,-2397.7429328621906,15.73876270454639,1132
0,5,7,12,7,1,5,-2433.0152905198775,4.322235924601053,327
0,5,8,2,0,1,5,-1497.704964539007,9.766249062124608,705
0,5,8,2,4,1,5,-1537.4726100966702,12.926714507836122,931
0,5,8,3,0,1,5,-1520.4269323671497,23.040202718613994,1656
0,5,8,4,0,0,5,-1495.0829420970267,8.849516053419132,639
0,5,8,4,0,1,5,-1535.6681901279708,14.025132606213015,1094
0,5,8,5,0,0,5,-1519.899593731863,22.975770498833548,1723
0,5,8,6,0,0,5,-1533.1606837606837,16.001596914249625,1170
0,5,8,6,1,0,5,-1492.9643527204503,7.2769293749986,533
0,5,8,7,1,0,5,-1545.2918660287082,8.792811740510793,627
0,5,8,7,3,0,5,-1505.7798334875115,14.262103137737181,1081
0,5,8,8,3,0,5,-1557.918918918919,1.3432187718660615,111
0,5,8,8,7,0,5,-1518.4056490384614,21.960481153924018,1664
0,5,8,9,7,0,5,-1520.950724637681,22.79924752882448,1725
0,5,8,10,7,0,5,-1555.744769874477,2.7621401580118334,239
0,5,8,10,7,1,5,-2395.275839368005,19.99317565113254,1519
0,5,8,11,7,1,5,-2399.97949619215,23.035800089121775,1707
0,5,8,12,4,1,5,-2365.778846153846,3.0078638304628162,208
0,5,8,12,6,1,5,-2398.1457990115323,15.878430075385543,1214
0,5,8,12,7,1,5,-2433.2865497076023,4.369591269467954,342
0,5,9,2,0,1,5,-1497.6277278562259,10.898648564711548,779
0,5,9,2,4,1,5,-1538.4670103092783,12.957800036418414,970
0,5,9,3,0,1,5,-1520.088850174216,23.03644799174097,1722
0,5,9,4,0,0,5,-1495.8723747980614,8.570237941084011,619
0,5,9,4,0,1,5,-1535.5722433460076,14.269457049007851,1052
0,5,9,5,0,0,5,-1520.8701376421304,23.17798357757105,1671
0,5,9,6,0,0,5,-1533.0025316455697,16.01573573269013,1185
0,5,9,6,1,0,5,-1493.4493554327807,7.177358157360498,543
0,5,9,7,1,0,5,-1545.4151515151516,8.734141341708948,660
0,5,9,7,3,0,5,-1505.3933823529412,14.374636579570115,1088
0,5,9,8,3,0,5,-1558.111111111111,1.3822920257191011,117
0,5,9,8,7,0,5,-1517.3171372291529,21.817752605877416,1523
0,5,9,9,7,0,5,-1520.1078600114745,23.16457771119105,1743
0,5,9,10,7,0,5,-1555.219512195122,2.9739699600090437,205
0,5,9,10,7,1,5,-2395.275740479549,20.569349921300123,1418
0,5,9,11,7,1,5,-2400.6953955135773,23.342312064532866,1694
0,5,9,12,4,1,5,-2365.549738219895,2.9080835947754946,191
0,5,9,12,6,1,5,-2398.194974003466,16.005553922595553,1154
0,5,9,12,7,1,5,-2432.982035928144,4.210726328497494,334
0,5,10,2,0,1,5,-1497.4937062937063,10.007600026542276,715
0,5,10,2,4,1,5,-1537.7538940809968,13.100960817742303,963
0,5,10,3,0,1,5,-1520.610336817654,23.057061167666127,1722
0,5,10,4,0,0,5,-1495.6,8.751632941161459,695
0,5,10,4,0,1,5,-1535.1070745697896,14.737538328793445,1046
0,5,10,5,0,0,5,-1520.0450503852994,23.51561899660357,1687
0,5,10,6,0,0,5,-1532.6325991189428,15.947982453767457,1135
0,5,10,6,1,0,5,-1493.2076124567475,7.249756767798305,578
0,5,10,7,1,0,5,-1545.268253968254,8.645731590176352,630
0,5,10,7,3,0,5,-1504.5545112781954,14.5676680815085,1064
0,5,10,8,3,0,5,-1558.099099099099,1.3620000857609063,111
0,5,10,8,7,0,5,-1517.481881754609,21.616591036265792,1573
0,5,10,9,7,0,5,-1519.5607038123167,23.270637322214377,1705
0,5,10,10,7,0,5,-1555.3755274261603,2.9335668724679005,237
0,5,10,10,7,1,5,-2396.0836033700584,20.58865116549593,1543
0,5,10,11,7,1,5,-2400.4359576968272,22.82144093837378,1702
0,5,10,12,4,1,5,-2365.74,2.8482275191625637,200
0,5,10,12,6,1,5,-2398.52798663325,15.574123099395507,1197
0,5,10,12,7,1,5,-2433.1266233766232,4.346240982460336,308
0,5,11,2,0,1,5,-1498.0973684210526,10.107110234146218,760
0,5,11,2,4,1,5,-1538.4708377518557,12.535631000456668,943
0,5,11,3,0,1,5,-1520.740675990676,22.598316675350908,1716
0,5,11,4,0,0,5,-1496.0509259259259,8.698066288995177,648
0,5,11,4,0,1,5,-1535.4298331697744,14.609464079762514,1019
0,5,11,5,0,0,5,-1519.990985576923,23.59632550618351,1664
0,5,11,6,0,0,5,-1533.0164217804668,15.945311896170768,1157
0,5,11,6,1,0,5,-1493.0192644483363,7.001474462026742,571
0,5,11,7,1,0,5,-1545.3373493975903,8.596934321108964,664
0,5,11,7,3,0,5,-1505.473731884058,14.417595625117855,1104
0,5,11,8,3,0,5,-1558.0,1.3284223283307628,102
0,5,11,8,7,0,5,-1518.906877662812,21.485415969468782,1643
0,5,11,9,7,0,5,-1519.619930475087,22.946871410434383,1726
0,5,11,10,7,0,5,-1555.7184466019417,2.8401335800537084,206
0,5,11,10,7,1,5,-2395.712517193948,20.33366497591566,1454
0,5,11,11,7,1,5,-2399.8296122209167,23.152315702975677,1702
0,5,11,12,4,1,5,-2365.1207729468597,2.9025897785610257,207
0,5,11,12,6,1,5,-2398.4677276746243,15.91454778422584,1131
0,5,11,12,7,1,5,-2432.9657534246576,4.297043238944188,292
0,5,12,2,0,1,5,-1497.2538659793815,9.979165693590721,776
0,5,12,2,4,1,5,-1538.31589958159,12.925704917786081,956
0,5,12,3,0,1,5,-1520.0677174547577,22.86027183727196,1713
0,5,12,4,0,0,5,-1495.486268174475,8.827244622426784,619
0,5,12,4,0,1,5,-1535.1333333333334,14.47728856029225,1035
0,5,12,5,0,0,5,-1520.3784742755765,23.11874799484826,1691
0,5,12,6,0,0,5,-1532.9879310344827,15.549693173446649,1160
0,5,12,6,1,0,5,-1492.844277673546,7.222031521689781,533
0,5,12,7,1,0,5,-1545.0166414523449,8.39609600081462,661
0,5,12,7,3,0,5,-1506.0205415499534,14.578662255859037,1071
0,5,12,8,3,0,5,-1558.094827586207,1.456131200583822,116
0,5,12,8,7,0,5,-1517.505148005148,21.420056677499165,1554
0,5,12,9,7,0,5,-1520.3327495621716,23.22063936832716,1713
0,5,12,10,7,0,5,-1555.3073170731707,3.0167330289191234,205
0,5,12,10,7,1,5,-2395.96350877193,20.115946409982634,1425
0,5,12,11,7,1,5,-2399.4526869158876,23.356643770057964,1712
0,5,12,12,4,1,5,-2365.1938775510203,2.821774529592494,196
0,5,12,12,6,1,5,-2397.51566469094,15.596221784693043,1181
0,5,12,12,7,1,5,-2433.006349206349,4.389014895317804,315
0,5,13,2,0,1,5,-1498.2139973082099,10.254826814018896,743
0,5,13,2,4,1,5,-1537.7111801242236,12.981688778237148,966
0,5,13,3,0,1,5,-1520.5625363583479,23.07217382407762,1719
0,5,13,4,0,0,5,-1495.9167904903418,8.745819656687734,673
0,5,13,4,0,1,5,-1535.3323323323323,14.404066884338368,999
0,5,13,5,0,0,5,-1520.991970352069,23.06082533189228,1619
0,5,13,6,0,0,5,-1532.8480801335559,16.028625024860595,1198
0,5,13,6,1,0,5,-1493.0176056338028,7.265079502840818,568
0,5,13,7,1,0,5,-1545.0937019969278,8.678175406396315,651
0,5,13,7,3,0,5,-1504.4605522682446,14.112115253700601,1014
0,5,13,8,7,0,5,-1518.00679431748,21.385183681141747,1619
0,5,13,9,7,0,5,-1520.619532654284,23.42011399429299,1669
0,5,13,10,7,0,5,-1555.8119266055046,2.880883681065454,218
0,5,13,10,7,1,5,-2395.2364261168386,19.878681347273375,1455
0,5,13,11,7,1,5,-2399.8625730994154,23.303021723548902,1710
0,5,13,12,4,1,5,-2365.4736842105262,2.696892827731767,209
0,5,13,12,6,1,5,-2397.9929203539823,15.815136229238359,1130
0,5,13,12,7,1,5,-2433.146103896104,4.245098519947857,308
0,5,14,2,0,1,5,-1497.9661705006765,9.760193260385565,739
0,5,14,2,4,1,5,-1538.7332624867163,13.10060997858376,941
0,5,14,3,0,1,5,-1521.2840023966446,23.276149572557923,1669
0,5,14,4,0,0,5,-1495.6775631500743,8.72827646841624,673
0,5,14,4,0,1,5,-1535.6775745909529,13.910582987235342,1039
0,5,14,5,0,0,5,-1519.499701848539,23.69472980524676,1677
0,5,14,6,0,0,5,-1532.9737288135593,16.05140538735895,1180
0,5,14,6,1,0,5,-1492.7987927565393,7.190128387455049,497
0,5,14,7,1,0,5,-1545.58487654321,8.606031816495786,648
0,5,14,7,3,0,5,-1505.3203505355405,14.261830520972262,1027
0,5,14,8,3,0,5,-1558.2448979591836,1.4572914806148107,98
0,5,14,8,7,0,5,-1517.6581141757538,22.013506479310838,1559
0,5,14,9,7,0,5,-1519.936545240893,23.373696723508996,1702
0,5,14,10,7,0,5,-1555.0585106382978,2.856828682759147,188
0,5,14,10,7,1,5,-2395.47311827957,20.58193899650916,1488
0,5,14,11,7,1,5,-2400.592920353982,23.142308431853262,1695
0,5,14,12,4,1,5,-2365.352380952381,2.7722466476022554,210
0,5,14,12,6,1,5,-2397.304920913884,15.470227442431858,1138
0,5,14,12,7,1,5,-2432.864238410596,4.239296523679535,302
0,5,15,2,0,1,5,-1497.7220873786407,10.215954470330173,824
0,5,15,2,4,1,5,-1537.7286324786326,12.904111874027794,936
0,5,15,3,0,1,5,-1520.5136579572447,23.31391026908565,1684
0,5,15,4,0,0,5,-1495.3338632750397,8.849913431552153,629
0,5,15,4,0,1,5,-1535.327619047619,14.337938320539555,1050
0,5,15,5,0,0,5,-1519.621168305379,23.485531586316696,1729
0,5,15,6,0,0,5,-1532.3942953020135,15.781772076429615,1192
0,5,15,6,1,0,5,-1492.856890459364,7.248663594035342,566
0,5,15,7,1,0,5,-1545.755905511811,8.729276052474594,635
0,5,15,7,3,0,5,-1505.8587464920486,14.241064706213264,1069
0,5,15,8,3,0,5,-1557.7222222222222,1.4709113661947906,108
0,5,15,8,7,0,5,-1517.3366533864541,21.987898348725846,1506
0,5,15,9,7,0,5,-1521.8185460789925,23.17045025028894,1747
0,5,15,10,7,0,5,-1555.46192893401,2.872029003042737,197
0,5,15,10,7,1,5,-2395.859051436206,19.887278536722086,1497
0,5,15,11,7,1,5,-2400.0410539215686,22.915101319811086,1632
0,5,15,12,4,1,5,-2365.5622119815666,3.061136003708124,217
0,5,15,12,6,1,5,-2397.781974248927,15.5109990452684,1165
0,5,15,12,7,1,5,-2433.0560747663553,4.512009124163956,321
0,5,16,2,0,1,5,-1498.1066666666666,10.349844872713096,750
0,5,16,2,4,1,5,-1537.622244488978,13.056935064505973,998
0,5,16,3,0,1,5,-1519.6184134337,22.969347597193206,1727
0,5,16,4,0,0,5,-1495.487987987988,8.555980987990313,666
0,5,16,4,0,1,5,-1535.5301556420234,14.70673319071601,1028
0,5,16,5,0,0,5,-1520.7055779183438,22.95044610378627,1739
0,5,16,6,0,0,5,-1533.2005076142132,16.213556810467665,1182
0,5,16,6,1,0,5,-1492.888888888889,7.253011294603455,540
0,5,16,7,1,0,5,-1545.6787330316743,8.643131706455964,663
0,5,16,7,3,0,5,-1504.8654545454544,14.072348362307503,1100
0,5,16,8,3,0,5,-1558.4183673469388,1.4208611170465513,98
0,5,16,8,7,0,5,-1518.2220137585991,21.96882470648428,1599
0,5,16,9,7,0,5,-1519.9581861012957,22.876325853982856,1698
0,5,16,10,7,0,5,-1555.710407239819,2.730310892895665,221
0,5,16,10,7,1,5,-2394.95703125,20.013751198102426,1536
0,5,16,11,7,1,5,-2400.8864315600717,22.936754202866474,1673
0,5,16,12,4,1,5,-2365.9802955665023,2.7649470036352013,203
0,5,16,12,6,1,5,-2398.7968613775065,15.967536505620584,1147
0,5,16,12,7,1,5,-2432.9085173501576,4.404738989227475,317
0,5,17,2,0,1,5,-1498.8122555410691,10.071774027943095,767
0,5,17,2,4,1,5,-1537.5272007912959,12.923422099114118,1011
0,5,17,3,0,1,5,-1520.1265450264862,22.95361898216622,1699
0,5,17,4,0,0,5,-1495.4611727416798,8.94327950962618,631
0,5,17,4,0,1,5,-1535.5811320754717,14.424625911293052,1060
0,5,17,5,0,0,5,-1520.546712802768,23.144968591171544,1734
0,5,17,6,0,0,5,-1532.890158172232,16.06361665737959,1138
0,5,17,6,1,0,5,-1492.8582375478927,7.23861367448658,522
0,5,17,7,1,0,5,-1545.6263736263736,8.402462534622375,637
0,5,17,7,3,0,5,-1505.4016544117646,14.711111403753302,1088
0,5,17,8,3,0,5,-1558.142857142857,1.392399192064378,98
0,5,17,8,7,0,5,-1519.1070991432068,21.107527033270863,1634
0,5,17,9,7,0,5,-1520.5511764705882,23.59778837652194,1700
0,5,17,10,7,0,5,-1555.7894736842106,2.951552054616187,209
0,5,17,10,7,1,5,-2394.5665594855304,20.507576218946873,1555
0,5,17,11,7,1,5,-2400.8086854460093,22.976738996032143,1704
0,5,17,12,4,1,5,-2365.753086419753,3.009713482822822,243
0,5,17,12,6,1,5,-2398.5413153457,16.148041808751756,1186
0,5,17,12,7,1,5,-2433.259786476868,4.146788659051242,281
0,5,18,2,0,1,5,-1497.710796915167,10.07898940299408,778
0,5,18,2,4,1,5,-1538.0949494949496,13.001129505999586,990
0,5,18,3,0,1,5,-1519.3879461673494,22.86613282228617,1709
0,5,18,4,0,0,5,-1495.4983870967742,8.206114791970958,620
0,5,18,4,0,1,5,-1535.3614232209738,14.672150318824759,1068
0,5,18,5,0,0,5,-1519.6486175115208,22.692744032600014,1736
0,5,18,6,0,0,5,-1533.0726351351352,15.93191153684827,1184
0,5,18,6,1,0,5,-1492.8489208633093,7.04422174457638,556
0,5,18,7,1,0,5,-1545.1338345864663,8.474738110851158,665
0,5,18,7,3,0,5,-1504.9698630136986,14.397425108429491,1095
0,5,18,8,3,0,5,-1557.7169811320755,1.3300213997742034,106
0,5,18,8,7,0,5,-1517.294670846395,21.351624118028244,1595
0,5,18,9,7,0,5,-1521.2095474271543,23.095494000584925,1613
0,5,18,10,7,0,5,-1555.7525252525252,2.971985135205625,198
0,5,18,10,7,1,5,-2395.855033557047,20.241539574029098,1490
0,5,18,11,7,1,5,-2400.4842805320436,23.00445636988074,1654
0,5,18,12,4,1,5,-2365.4816513761466,2.8465548190216783,218
0,5,18,12,6,1,5,-2398.1690862510673,15.614170602023709,1171
0,5,18,12,7,1,5,-2432.92749244713,4.167294549510163,331
0,5,19,2,0,1,5,-1498.3315579227697,10.201853704631747,751
0,5,19,2,4,1,5,-1537.6361724500525,12.851334514722629,951
0,5,19,3,0,1,5,-1519.9634221946683,23.097959023291065,1613
0,5,19,4,0,0,5,-1495.438253012048,8.687640817404876,664
0,5,19,4,0,1,5,-1535.8423864648264,14.205059186937094,1123
0,5,19,5,0,0,5,-1520.58886996025,22.571538638984396,1761
0,5,19,6,0,0,5,-1533.5764604810997,16.140443402969904,1164
0,5,19,6,1,0,5,-1492.96992481203,7.353266216762415,532
0,5,19,7,1,0,5,-1544.8153846153846,8.692334921679961,650
0,5,19,7,3,0,5,-1505.266540642722,14.314745644041054,1058
0,5,19,8,3,0,5,-1557.8653846153845,1.3732169720503957,104
0,5,19,8,7,0,5,-1518.6935985083903,21.494791657648463,1609
0,5,19,9,7,0,5,-1519.8909925415949,23.384379315568644,1743
0,5,19,10,7,0,5,-1555.389423076923,2.8364528996022793,208
0,5,19,10,7,1,5,-2395.9379537953796,20.15507810382387,1515
0,5,19,11,7,1,5,-2400.646418338109,22.697119215783655,1745
0,5,19,12,4,1,5,-2365.8118279569894,2.83261911769197,186
0,5,19,12,6,1,5,-2398.367694805195,15.784013834829356,1232
0,5,19,12,7,1,5,-2432.6815476190477,4.353065967655897,336
0,5,20,2,0,1,5,-1498.164021164021,10.011743195874512,756
0,5,20,2,4,1,5,-1537.6522187822497,13.243445629668607,969
0,5,20,3,0,1,5,-1521.2001163467132,23.11311134867769,1719
0,5,20,4,0,0,5,-1495.0761494252874,8.577651066360119,696
0,5,20,4,0,1,5,-1535.7276867030967,14.39577131050909,1098
0,5,20,5,0,0,5,-1520.7438951757,23.043009155709758,1679
0,5,20,6,0,0,5,-1533.358024691358,15.760795745079651,1215
0,5,20,6,1,0,5,-1492.9851576994433,7.113169638330515,539
0,5,20,7,1,0,5,-1545.8942598187311,8.574235821350673,662
0,5,20,7,3,0,5,-1505.6593720266412,14.243634303075222,1051
0,5,20,8,3,0,5,-1557.9433962264152,1.4063883133923611,106
0,5,20,8,7,0,5,-1518.0348321722608,21.722807307859412,1579
0,5,20,9,7,0,5,-1520.768133174792,22.656505129781443,1682
0,5,20,10,7,0,5,-1555.8271604938273,2.8478139336057415,243
0,5,20,10,7,1,5,-2395.2233567326102,20.343881938275942,1567
0,5,20,11,7,1,5,-2400.7040133779265,22.924380452290187,1794
0,5,20,12,4,1,5,-2365.804347826087,2.8069755131084726,230
0,5,20,12,6,1,5,-2397.89092495637,15.586200255764105,1146
0,5,20,12,7,1,5,-2432.695266272189,4.269616207859425,338
0,5,21,2,0,1,5,-1497.4474053295933,10.50841362633671,713
0,5,21,2,4,1,5,-1538.3723076923077,12.534254697754305,975
0,5,21,3,0,1,5,-1520.9891552511415,23.81819450002484,1752
0,5,21,4,0,0,5,-1495.2151702786377,8.728719485495668,646
0,5,21,4,0,1,5,-1535.4484629294757,14.278727661831331,1106
0,5,21,5,0,0,5,-1521.1380116959065,23.25132743791885,1710
0,5,21,6,0,0,5,-1533.0749354005168,16.146147787934474,1161
0,5,21,6,1,0,5,-1492.8954128440366,7.253602525654372,545
0,5,21,7,1,0,5,-1545.3940397350993,8.71477949769265,604
0,5,21,7,3,0,5,-1505.5670955882354,14.549013953027812,1088
0,5,21,8,3,0,5,-1558.1958762886597,1.447637074019791,97
0,5,21,8,7,0,5,-1518.2231812577065,21.628451035505837,1622
0,5,21,9,7,0,5,-1521.0748820754718,22.869934354760506,1696
0,5,21,10,7,0,5,-1555.5380952380951,2.7673222729603797,210
0,5,21,10,7,1,5,-2395.544406779661,20.024558504291072,1475
0,5,21,11,7,1,5,-2400.6666666666665,22.939534045462793,1767
0,5,21,12,4,1,5,-2365.629464285714,2.956715672943245,224
0,5,21,12,6,1,5,-2398.4108333333334,15.68094542130902,1200
0,5,21,12,7,1,5,-2433.173469387755,4.375314589668103,294
0,5,22,2,0,1,5,-1498.5254237288136,10.142879921885514,649
0,5,22,2,4,1,5,-1538.2767039674466,12.86445245034121,983
0,5,22,3,0,1,5,-1521.2609727164888,22.68489566001503,1686
0,5,22,4,0,0,5,-1496.0151057401813,8.796615057445077,662
0,5,22,4,0,1,5,-1535.043043043043,14.438269036204241,999
0,5,22,5,0,0,5,-1520.4410507025045,23.218985677735322,1637
0,5,22,6,0,0,5,-1533.5628847845207,15.7207310298868,1137
0,5,22,6,1,0,5,-1492.7976653696498,7.056878036584237,514
0,5,22,7,1,0,5,-1545.8426966292134,8.722637498326566,623
0,5,22,7,3,0,5,-1505.512891344383,14.645199828353956,1086
0,5,22,8,3,0,5,-1558.1044776119404,1.4050477057343869,134
0,5,22,8,7,0,5,-1518.0823244552057,21.46130596393064,1652
0,5,22,9,7,0,5,-1519.8343057176196,22.93958559807957,1714
0,5,22,10,7,0,5,-1555.4074074074074,2.8467280295440247,189
0,5,22,10,7,1,5,-2394.8605246321176,20.34651190308887,1563
0,5,22,11,7,1,5,-2400.3799048751484,23.376287069137724,1682
0,5,22,12,4,1,5,-2365.180487804878,2.714299937882971,205
0,5,22,12,6,1,5,-2398.6391489361704,15.871210364188649,1175
0,5,22,12,7,1,5,-2433.215976331361,4.234695285872372,338
0,5,23,2,0,1,5,-1497.7434842249656,9.962276690535349,729
0,5,23,2,4,1,5,-1537.3522842639593,13.171988327828085,985
0,5,23,3,0,1,5,-1521.7629233511586,23.153706430296147,1683
0,5,23,4,0,0,5,-1495.4962742175858,8.546335588429859,671
0,5,23,4,0,1,5,-1535.0667311411992,14.509131239146289,1034
0,5,23,5,0,0,5,-1520.887364208119,22.929464152672374,1749
0,5,23,6,0,0,5,-1532.9862660944207,15.975404385653757,1165
0,5,23,6,1,0,5,-1493.7941747572816,6.792654874320491,515
0,5,23,7,1,0,5,-1545.2033898305085,8.601174584062214,649
0,5,23,7,3,0,5,-1505.393203883495,14.426773668190224,1030
0,5,23,8,7,0,5,-1517.2887055837564,21.247299603868605,1576
0,5,23,9,7,0,5,-1520.1031105990783,23.33954120955646,1736
0,5,23,10,7,0,5,-1555.2877358490566,2.961584316909842,212
0,5,23,10,7,1,5,-2394.675992192583,20.155812129404442,1537
0,5,23,11,7,1,5,-2401.2796610169494,23.196403200348676,1652
0,5,23,12,4,1,5,-2365.353211009174,2.686871541432646,218
0,5,23,12,6,1,5,-2398.4279359430607,15.479787153911575,1124
0,5,23,12,7,1,5,-2433.451515151515,4.446218768941782,330
0,5,24,2,0,1,5,-1497.9101412066752,10.406235780143295,779
0,5,24,2,4,1,5,-1538.1950970377936,12.86409420757369,979
0,5,24,3,0,1,5,-1520.1541642055522,23.028228948299144,1693
0,5,24,4,0,0,5,-1495.3779527559054,8.663734836698739,635
0,5,24,4,0,1,5,-1535.7340823970037,14.515343793084321,1068
0,5,24,5,0,0,5,-1520.1365227537924,22.929017015145206,1714
0,5,24,6,0,0,5,-1532.7489539748954,15.964780436557804,1195
0,5,24,6,1,0,5,-1493.4116541353383,7.248392062350319,532
0,5,24,7,1,0,5,-1544.8181818181818,8.695737172322042,638
0,5,24,7,3,0,5,-1505.640522875817,14.56382973699704,1071
0,5,24,8,3,0,5,-1557.9213483146068,1.470494215592456,89
0,5,24,8,7,0,5,-1518.3647613435473,21.77155746911139,1697
0,5,24,9,7,0,5,-1520.9527921704087,23.306598660874748,1737
0,5,24,10,7,0,5,-1555.204081632653,2.9048136815363197,196
0,5,24,10,7,1,5,-2396.206157965194,20.178429364335855,1494
0,5,24,11,7,1,5,-2400.9976838448174,23.004266751795413,1727
0,5,24,12,4,1,5,-2365.1111111111113,2.8593810725017335,207
0,5,24,12,6,1,5,-2399.0008665511264,15.88539433407712,1154
0,5,24,12,7,1,5,-2432.833836858006,4.408814648739165,331
0,5,25,2,0,1,5,-1497.5738636363637,10.114975332682038,704
0,5,25,2,4,1,5,-1538.3005952380952,12.707793495292147,1008
0,5,25,3,0,1,5,-1520.262373285629,22.874323562595578,1677
0,5,25,4,0,0,5,-1495.7080181543117,8.835241590027723,661
0,5,25,4,0,1,5,-1536.054298642534,14.408982306702034,1105
0,5,25,5,0,0,5,-1520.4516676088185,23.36906341067923,1769
0,5,25,6,0,0,5,-1532.733102253033,15.898829717610372,1154
0,5,25,6,1,0,5,-1492.6247582205028,6.857939968336308,517
0,5,25,7,1,0,5,-1546.0195439739414,8.616302012942894,614
0,5,25,7,3,0,5,-1505.1985428051003,14.20153913220112,1098
0,5,25,8,3,0,5,-1558.010752688172,1.5204316284287454,93
0,5,25,8,7,0,5,-1518.6619804400978,21.62039237038102,1636
0,5,25,9,7,0,5,-1519.5658914728683,23.13693607561509,1677
0,5,25,10,7,0,5,-1555.625641025641,2.9314141112129857,195
0,5,25,10,7,1,5,-2395.740740740741,20.0677155629722,1512
0,5,25,11,7,1,5,-2401.2063492063494,23.176958639435874,1701
0,5,25,12,4,1,5,-2365.7241379310344,2.884519343591284,232
0,5,25,12,6,1,5,-2397.336170212766,15.686237707559535,1175
0,5,25,12,7,1,5,-2433.215946843854,4.450899888420704,301
0,5,26,2,0,1,5,-1498.372905027933,10.365622864572186,716
0,5,26,2,4,1,5,-1537.637894736842,12.939187145594403,950
0,5,26,3,0,1,5,-1520.188701923077,23.657902754429266,1664
0,5,26,4,0,0,5,-1495.370607028754,8.465115332185597,626
0,5,26,4,0,1,5,-1535.051406401552,14.461302436087237,1031
0,5,26,5,0,0,5,-1519.279096699479,23.0896326960166,1727
0,5,26,6,0,0,5,-1532.4442567567567,15.827947425940613,1184
0,5,26,6,1,0,5,-1492.8929219600725,6.961481056815357,551
0,5,26,7,1,0,5,-1545.3540983606558,8.443594405348714,610
0,5,26,7,3,0,5,-1505.983286908078,14.37085733498871,1077
0,5,26,8,3,0,5,-1557.967032967033,1.4407762669789568,91
0,5,26,8,7,0,5,-1516.7718204488779,21.56562920529125,1604
0,5,26,9,7,0,5,-1520.060553633218,22.707490569236587,1734
0,5,26,10,7,0,5,-1555.629268292683,2.812710167893476,205
0,5,26,10,7,1,5,-2395.5411686586986,20.3263210571293,1506
0,5,26,11,7,1,5,-2400.078524687686,23.374070996912856,1681
0,5,26,12,4,1,5,-2365.711111111111,2.803745290491955,180
0,5,26,12,6,1,5,-2397.340332458443,15.936570758879059,1143
0,5,26,12,7,1,5,-2433.0690789473683,4.409748971820461,304
0,5,27,2,0,1,5,-1497.8196286472148,10.022618286440554,754
0,5,27,2,4,1,5,-1538.4250513347022,13.280887007258212,974
0,5,27,3,0,1,5,-1520.754069767442,23.173799503680886,1720
0,5,27,4,0,0,5,-1495.8159509202453,8.470257790679211,652
0,5,27,4,0,1,5,-1535.9538319482917,14.402911229696171,1083
0,5,27,5,0,0,5,-1519.9409038238703,23.086365785071198,1726
0,5,27,6,0,0,5,-1532.7222222222222,15.91286965644877,1170
0,5,27,6,1,0,5,-1493.0458167330678,7.291039391519012,502
0,5,27,7,1,0,5,-1544.6498516320476,8.865912197138723,674
0,5,27,7,3,0,5,-1505.0230840258541,14.35194167435152,1083
0,5,27,8,3,0,5,-1558.039603960396,1.4414019032156926,101
0,5,27,8,7,0,5,-1517.2308188265636,21.551272838665394,1551
0,5,27,9,7,0,5,-1519.9079328314997,22.900762236514254,1727
0,5,27,10,7,0,5,-1555.090909090909,2.810840878855713,198
0,5,27,10,7,1,5,-2394.7489823609226,20.1851525204971,1474
0,5,27,11,7,1,5,-2400.6958762886597,23.344419436956805,1746
0,5,27,12,4,1,5,-2365.7912621359224,2.783467377281422,206
0,5,27,12,6,1,5,-2398.6321746160065,15.966457348663758,1237
0,5,27,12,7,1,5,-2433.1162079510705,4.392648883438793,327
0,5,28,2,0,1,5,-1497.6143958868895,10.122534532156362,778
0,5,28,2,4,1,5,-1538.10127826942,12.98143930043327,1017
0,5,28,3,0,1,5,-1519.6093567251462,23.23980063391841,1710
0,5,28,4,0,0,5,-1495.1664122137404,8.620308089359956,655
0,5,28,4,0,1,5,-1534.4878731343283,14.507970093118708,1072
0,5,28,5,0,0,5,-1520.8914956011731,23.013663246068912,1705
0,5,28,6,0,0,5,-1533.322934232715,15.751691367442326,1186
0,5,28,6,1,0,5,-1492.6200345423144,7.192445614593015,579
0,5,28,7,1,0,5,-1545.109965635739,8.82523737783201,582
0,5,28,7,3,0,5,-1505.3613766730402,14.763897093189769,1046
0,5,28,8,3,0,5,-1557.9126213592233,1.4011562223506657,103
0,5,28,8,7,0,5,-1518.1695018226003,21.83314764208012,1646
0,5,28,9,7,0,5,-1521.0474811812392,23.361514069742306,1727
0,5,28,10,7,0,5,-1555.6801801801803,2.95940460952286,222
0,5,28,10,7,1,5,-2394.822398939695,21.073420878876522,1509
0,5,28,11,7,1,5,-2400.055267702936,23.560828980202363,1737
0,5,28,12,4,1,5,-2365.24154589372,2.7887998087908126,207
0,5,28,12,6,1,5,-2397.2793624161072,15.75738807002847,1192
0,5,28,12,7,1,5,-2432.49375,4.325790209543045,320
0,5,29,2,0,1,5,-1498.3062068965517,9.953964524274049,725
0,5,29,2,4,1,5,-1537.7995666305526,12.936377350968703,923
0,5,29,3,0,1,5,-1520.1049723756905,22.672313370476264,1629
0,5,29,4,0,0,5,-1495.32131661442,8.618265404362043,638
0,5,29,4,0,1,5,-1535.713228492137,14.38897656084744,1081
0,5,29,5,0,0,5,-1519.4860178970916,23.011288087487664,1788
0,5,29,6,0,0,5,-1532.8730025231287,15.849423487273034,1189
0,5,29,6,1,0,5,-1493.2278978388997,7.1695113931277294,509
0,5,29,7,1,0,5,-1545.6190476190477,8.846716853901798,630
0,5,29,7,3,0,5,-1505.6639639639639,14.494163427963382,1110
0,5,29,8,3,0,5,-1557.7796610169491,1.4387824020866449,118
0,5,29,8,7,0,5,-1519.2417118746232,21.32251939514878,1659
0,5,29,9,7,0,5,-1520.939529675252,22.83547304835006,1786
0,5,29,10,7,0,5,-1555.3170731707316,3.0638651215332384,205
0,5,29,10,7,1,5,-2395.447213114754,20.013257911522363,1525
0,5,29,11,7,1,5,-2400.3682969946967,23.494790786323268,1697
0,5,29,12,4,1,5,-2365.6237623762377,2.797988970612846,202
0,5,29,12,6,1,5,-2398.1308165057067,16.089235036404514,1139
0,5,29,12,7,1,5,-2433.3430420711975,4.204958369285741,309
0,5,30,2,0,1,5,-1498.1203007518798,10.042344627805413,665
0,5,30,2,4,1,5,-1537.7230769230769,13.0045729651295,910
0,5,30,3,0,1,5,-1520.4827586206898,23.010053120098814,1682
0,5,30,4,0,0,5,-1495.2530303030303,8.566915213292775,660
0,5,30,4,0,1,5,-1535.7346752058554,14.377063662988025,1093
0,5,30,5,0,0,5,-1520.6480712166172,23.054757501670977,1685
0,5,30,6,0,0,5,-1532.7793468667255,15.518028598273144,1133
0,5,30,6,1,0,5,-1493.4585741811175,7.180961145747894,519
0,5,30,7,1,0,5,-1545.686746987952,8.534554442858584,664
0,5,30,7,3,0,5,-1505.1231617647059,14.402291749937818,1088
0,5,30,8,3,0,5,-1557.873873873874,1.3827581597012255,111
0,5,30,8,7,0,5,-1517.779076923077,21.71867241467153,1625
0,5,30,9,7,0,5,-1520.3691588785048,23.03155458862868,1712
0,5,30,10,7,0,5,-1555.6698113207547,2.880388136000268,212
0,5,30,10,7,1,5,-2394.4675675675676,19.740622872164074,1480
0,5,30,11,7,1,5,-2401.2461899179366,23.15785830072035,1706
0,5,30,12,4,1,5,-2365.75956284153,3.0076594070698124,183
0,5,30,12,6,1,5,-2398.3423344947737,16.074588298779155,1148
0,5,30,12,7,1,5,-2432.8371428571427,4.281427379857036,350
0,5,31,2,0,1,5,-1497.7445721583654,9.937281893574294,783
0,5,31,2,4,1,5,-1538.428108108108,12.990577424658303,925
0,5,31,3,0,1,5,-1519.8444573418456,22.911527264305366,1723
0,5,31,4,0,0,5,-1495.5399361022364,8.391908242929803,626
0,5,31,4,0,1,5,-1534.5621468926554,14.233504620134731,1062
0,5,31,5,0,0,5,-1520.5157342657342,23.17995596401315,1716
0,5,31,6,0,0,5,-1533.450867052023,15.768709846748372,1211
0,5,31,6,1,0,5,-1492.87109375,7.324441663274474,512
0,5,31,7,1,0,5,-1545.94089456869,8.531169415504246,626
0,5,31,7,3,0,5,-1505.5785046728972,14.520076517115209,1070
0,5,31,8,3,0,5,-1557.990909090909,1.3651204044566003,110
0,5,31,8,7,0,5,-1518.2138765117759,21.240434061997178,1571
0,5,31,9,7,0,5,-1520.0737142857142,22.694863998674755,1750
0,5,31,10,7,0,5,-1555.704641350211,2.7415577316123136,237
0,5,31,10,7,1,5,-2395.9523489932885,19.920136127597008,1490
0,5,31,11,7,1,5,-2400.7514723203767,23.75415308453891,1698
0,5,31,12,4,1,5,-2365.7244444444445,2.8054831674219156,225
0,5,31,12,6,1,5,-2397.2511170688113,16.090295814448165,1119
0,5,31,12,7,1,5,-2432.8274853801167,4.3085735410059005,342
0,5,32,2,0,1,5,-1497.8847736625514,9.97942471682049,729
0,5,32,2,4,1,5,-1537.7130977130978,13.098333318634998,962
0,5,32,3,0,1,5,-1520.1187648456057,23.06515411484841,1684
0,5,32,4,0,0,5,-1495.1453396524487,8.791298724150177,633
0,5,32,4,0,1,5,-1534.8001958863858,14.717956942901404,1021
0,5,32,5,0,0,5,-1519.854721549637,23.300738502298955,1652
0,5,32,6,0,0,5,-1533.3128342245989,16.158285546089704,1122
0,5,32,6,1,0,5,-1492.844181459566,7.317091167055567,507
0,5,32,7,1,0,5,-1545.1893129770992,8.508507210294741,655
0,5,32,7,3,0,5,-1506.116104868914,14.106789178707526,1068
0,5,32,8,3,0,5,-1557.7954545454545,1.423496742336057,88
0,5,32,8,7,0,5,-1517.8216482164821,21.872777033182494,1626
0,5,32,9,7,0,5,-1519.7448680351906,23.30549401698366,1705
0,5,32,10,7,0,5,-1555.626126126126,2.7979790554490873,222
0,5,32,10,7,1,5,-2395.6706746826985,20.360358136511884,1497
0,5,32,11,7,1,5,-2401.3335195530726,22.884210467716493,1790
0,5,32,12,4,1,5,-2365.2394957983192,2.904176028096941,238
0,5,32,12,6,1,5,-2397.9669852302345,16.00713202902181,1151
0,5,32,12,7,1,5,-2433.0702341137126,4.42459116380338,299
0,5,33,2,0,1,5,-1498.0697350069736,9.885573589905594,717
0,5,33,2,4,1,5,-1538.2484342379958,13.023219694153818,958
0,5,33,3,0,1,5,-1519.8414351851852,23.27607748580742,1728
0,5,33,4,0,0,5,-1495.6949924127466,8.799373466705074,659
0,5,33,4,0,1,5,-1534.8933463796477,14.621157723845359,1022
0,5,33,5,0,0,5,-1519.8974507531866,22.914102899598365,1726
0,5,33,6,0,0,5,-1532.8679078014184,15.9013280106508,1128
0,5,33,6,1,0,5,-1493.8566108007449,7.288924154421979,537
0,5,33,7,1,0,5,-1545.663076923077,8.811986054505539,650
0,5,33,7,3,0,5,-1505.3545369504209,14.470854890067173,1069
0,5,33,8,3,0,5,-1557.8861788617887,1.4494364030707492,123
0,5,33,8,7,0,5,-1518.4399752475247,21.69612049546696,1616
0,5,33,9,7,0,5,-1520.9391965255159,23.003979144178857,1842
0,5,33,10,7,0,5,-1555.6812227074236,2.829761711377875,229
0,5,33,10,7,1,5,-2395.7836021505377,20.50839586615763,1488
0,5,33,11,7,1,5,-2400.3428738317757,23.38630446653191,1712
0,5,33,12,4,1,5,-2365.1964285714284,2.9786121101073175,224
0,5,33,12,6,1,5,-2397.5132317562147,15.982185644058637,1247
0,5,33,12,7,1,5,-2433.009316770186,4.342113594218606,322
0,5,34,2,0,1,5,-1498.2197368421052,10.277357838525688,760
0,5,34,2,4,1,5,-1537.7718396711202,13.243290236453399,973
0,5,34,3,0,1,5,-1520.0265895953758,23.112601683435447,1730
0,5,34,4,0,0,5,-1495.463295269168,8.387867427046693,613
0,5,34,4,0,1,5,-1535.5496750232126,14.2124937644118,1077
0,5,34,5,0,0,5,-1520.6283547257876,23.75129133577574,1714
0,5,34,6,0,0,5,-1532.910669975186,15.701052114954335,1209
0,5,34,6,1,0,5,-1493.1096654275093,7.1490412880199665,538
0,5,34,7,1,0,5,-1544.8221153846155,8.809891622310277,624
0,5,34,7,3,0,5,-1505.810495626822,14.149556808227521,1029
0,5,34,8,3,0,5,-1558.0631578947368,1.4349804790778913,95
0,5,34,8,7,0,5,-1517.6961465571699,21.517168313081864,1583
0,5,34,9,7,0,5,-1521.0754375377187,22.862708108015042,1657
0,5,34,10,7,0,5,-1555.2474747474748,2.7914676431199172,198
0,5,34,10,7,1,5,-2395.7683344756683,20.192929921521696,1459
0,5,34,11,7,1,5,-2402.029460811562,22.973743847711425,1799
0,5,34,12,4,1,5,-2365.651515151515,2.733032638206964,198
0,5,34,12,6,1,5,-2398.6414273281116,15.366660759181254,1149
0,5,34,12,7,1,5,-2432.797342192691,4.3235574569206285,301
0,5,35,10,7,1,5,-2394.6617021276597,19.819104471873295,1410
0,5,35,11,7,1,5,-2400.3510011778562,22.790240344205532,1698
0,5,35,12,6,1,5,-2407.748730964467,10.306855976263229,788
0,5,35,12,7,1,5,-2433.1876923076925,4.310113605076029,325
0,6,1,2,4,1,6,-1450.2527472527472,11.41012988010743,910
0,6,1,2,6,1,6,-1490.8658959537572,11.574960214448364,865
0,6,1,3,0,1,6,-1462.8720682302771,19.03113396257902,1407
0,6,1,3,4,1,6,-1503.2597402597403,4.116493897820334,308
0,6,1,4,0,1,6,-1470.5113174695298,23.143356127744116,1723
0,6,1,5,0,0,6,-1460.8015209125476,17.36455891843546,1315
0,6,1,5,0,1,6,-1500.4336492890995,5.845491270998924,422
0,6,1,6,0,0,6,-1470.453850676073,23.184174639607928,1701
0,6,1,7,0,0,6,-1497.8266666666666,7.264686492966906,525
0,6,1,7,1,0,6,-1458.243557772236,15.55356062739946,1203
0,6,1,8,3,0,6,-1482.461937716263,15.800040659005015,1156
0,6,1,8,7,0,6,-1442.883895131086,7.1228915006504865,534
0,6,1,9,7,0,6,-1469.7881885292447,23.15974196984599,1761
0,6,1,10,7,0,6,-1480.3032207384133,17.53871168407546,1273
0,6,1,12,6,1,6,-2318.061433447099,4.385398592216987,293
0,6,1,12,7,1,6,-2337.7621722846443,7.128935062925038,534
0,6,2,2,4,1,6,-1449.914465408805,11.612625077589863,795
0,6,2,2,6,1,6,-1490.4748908296942,11.496079761330217,916
0,6,2,3,0,1,6,-1463.7862371888725,18.271411981495294,1366
0,6,2,3,4,1,6,-1503.3097643097642,4.474959015922885,297
0,6,2,4,0,1,6,-1470.4893150684932,22.62325196933562,1825
0,6,2,5,0,0,6,-1460.0808163265306,16.93683340723189,1225
0,6,2,5,0,1,6,-1500.7554479418886,5.646636540288398,413
0,6,2,6,0,0,6,-1469.3889845094664,22.714828543143376,1743
0,6,2,7,0,0,6,-1498.2442477876107,7.092597887100733,565
0,6,2,7,1,0,6,-1457.8793256433007,16.116853356061327,1127
0,6,2,8,3,0,6,-1483.3069958847736,15.346277159716742,1215
0,6,2,8,7,0,6,-1443.3522267206479,7.264899885410008,494
0,6,2,9,7,0,6,-1470.373074729036,23.443807258207265,1753
0,6,2,10,7,0,6,-1481.8110773899848,17.16000657629065,1318
0,6,2,10,7,1,6,-2320.3563218390805,5.751515565333264,435
0,6,2,11,7,1,6,-2350.183491686461,23.012909485973516,1684
0,6,2,12,6,1,6,-2317.6990291262136,4.30060194054884,309
0,6,2,12,7,1,6,-2357.539705882353,18.77157299897799,1360
0,6,3,2,4,1,6,-1450.2219541616405,11.888056491045905,829
0,6,3,2,6,1,6,-1490.622950819672,11.464747343316004,793
0,6,3,3,0,1,6,-1463.8593421973408,19.187898707525974,1429
0,6,3,3,4,1,6,-1503.3935483870969,4.380303088886956,310
0,6,3,4,0,1,6,-1471.1147928994083,23.323550459188095,1690
0,6,3,5,0,0,6,-1461.312403100775,17.405316428090376,1290
0,6,3,5,0,1,6,-1500.425629290618,5.789367859250921,437
0,6,3,6,0,0,6,-1470.3663484486874,23.218134706887486,1676
0,6,3,7,0,0,6,-1497.5690298507463,7.362096084701237,536
0,6,3,7,1,0,6,-1457.5441048034934,15.822597921474008,1145
0,6,3,8,3,0,6,-1483.3897477624084,16.00915906537359,1229
0,6,3,8,7,0,6,-1443.5680272108843,7.453972016937649,588
0,6,3,9,7,0,6,-1470.1992818671454,23.10868136612753,1671
0,6,3,10,7,0,6,-1480.7175925925926,17.310897135518566,1296
0,6,3,10,7,1,6,-2319.5162790697673,5.847159128680147,430
0,6,3,11,7,1,6,-2351.092819614711,22.969309223148453,1713
0,6,3,12,6,1,6,-2317.5867507886437,4.481600784693903,317
0,6,3,12,7,1,6,-2358.0947666195193,18.636728601092283,1414
0,6,4,2,4,1,6,-1450.5126964933495,11.64533404164652,827
0,6,4,2,6,1,6,-1490.8168846611177,11.369996200536407,841
0,6,4,3,0,1,6,-1464.2244750181028,19.12386570482512,1381
0,6,4,3,4,1,6,-1503.1732522796353,4.340774593659611,329
0,6,4,4,0,1,6,-1470.1520395550062,23.019481702839766,1618
0,6,4,5,0,0,6,-1460.2229299363057,17.882702999682795,1256
0,6,4,5,0,1,6,-1500.2516853932584,5.774374081747246,445
0,6,4,6,0,0,6,-1470.5368043087972,23.27895887090329,1671
0,6,4,7,0,0,6,-1497.9309021113245,7.2248654226707005,521
0,6,4,7,1,0,6,-1457.8543273350472,15.826859786450196,1167
0,6,4,8,3,0,6,-1482.9509043927649,16.08462230044685,1161
0,6,4,8,7,0,6,-1442.7362831858406,7.318264966153558,565
0,6,4,9,7,0,6,-1470.524609148813,22.999190641974753,1727
0,6,4,10,7,0,6,-1479.424940428912,16.79133387980952,1259
0,6,4,10,7,1,6,-2320.729857819905,5.625602398759456,422
0,6,4,11,7,1,6,-2350.8512544802866,23.260356467923962,1674
0,6,4,12,6,1,6,-2317.974063400576,4.310287463026885,347
0,6,4,12,7,1,6,-2358.894661921708,18.951979210340262,1405
0,6,5,2,4,1,6,-1451.0779976717113,11.467815679375567,859
0,6,5,2,6,1,6,-1490.6038961038962,11.584669765025547,924
0,6,5,3,0,1,6,-1463.1386281588448,19.118089858838772,1385
0,6,5,3,4,1,6,-1502.7267267267268,4.226376539608538,333
0,6,5,4,0,1,6,-1470.5879953379954,22.731786078362717,1716
0,6,5,5,0,0,6,-1460.890389197776,17.308463307669136,1259
0,6,5,5,0,1,6,-1500.5831485587582,5.614289641642591,451
0,6,5,6,0,0,6,-1470.4810810810811,23.063245776299777,1665
0,6,5,7,0,0,6,-1498.1141199226306,7.096770579547485,517
0,6,5,7,1,0,6,-1457.206274509804,15.568362836675268,1275
0,6,5,8,3,0,6,-1482.8506944444443,16.174566354007915,1152
0,6,5,8,7,0,6,-1443.50390625,7.232466971318358,512
0,6,5,9,7,0,6,-1470.5443110348772,23.16836006037371,1749
0,6,5,10,7,0,6,-1480.498819826908,17.43784620066235,1271
0,6,5,10,7,1,6,-2320.0132450331125,5.769662710440648,453
0,6,5,11,7,1,6,-2350.2058492688416,22.782073389458457,1778
0,6,5,12,6,1,6,-2317.881097560976,4.231978579495877,328
0,6,5,12,7,1,6,-2357.3333333333335,18.83826606135602,1392
0,6,6,2,4,1,6,-1450.8678787878787,11.478073895433397,825
0,6,6,2,6,1,6,-1490.5676328502416,11.827729463066012,828
0,6,6,3,0,1,6,-1463.396889790399,18.73670862134466,1479
0,6,6,3,4,1,6,-1502.7943925233644,4.408442024136577,321
0,6,6,4,0,1,6,-1470.4505300353358,23.44286521815725,1698
0,6,6,5,0,0,6,-1459.6564371257484,17.342043867719564,1336
0,6,6,5,0,1,6,-1500.6145124716554,5.962176153856465,441
0,6,6,6,0,0,6,-1469.687464549064,23.25503858536459,1763
0,6,6,7,0,0,6,-1498.130859375,7.155394657108342,512
0,6,6,7,1,0,6,-1457.3165654813529,15.799081444846314,1153
0,6,6,8,3,0,6,-1482.6587436332768,15.773783211122074,1178
0,6,6,8,7,0,6,-1443.125,7.268422334673773,544
0,6,6,9,7,0,6,-1470.4862932061978,22.815281257220864,1678
0,6,6,10,7,0,6,-1480.12174643157,16.931762757178774,1191
0,6,6,10,7,1,6,-2320.709523809524,5.64390988766015,420
0,6,6,11,7,1,6,-2350.726999398677,23.127090862593054,1663
0,6,6,12,6,1,6,-2318.0,4.2248290294079816,305
0,6,6,12,7,1,6,-2357.7073353293413,18.919593654140296,1336
0,6,7,2,4,1,6,-1451.2528735632184,11.761439421264082,870
0,6,7,2,6,1,6,-1490.9133409350056,11.4588855999148,877
0,6,7,3,0,1,6,-1462.2423133235725,18.745712917201576,1366
0,6,7,3,4,1,6,-1503.261127596439,4.443853746201903,337
0,6,7,4,0,1,6,-1470.4693760732684,23.354257803204774,1747
0,6,7,5,0,0,6,-1459.9784283513097,17.400330212975053,1298
0,6,7,5,0,1,6,-1500.0415647921761,5.794418821824711,409
0,6,7,6,0,0,6,-1470.1157957244657,23.37795442014532,1684
0,6,7,7,0,0,6,-1498.4493041749504,7.144414500949325,503
0,6,7,7,1,0,6,-1457.7541118421052,15.519922453456834,1216
0,6,7,8,3,0,6,-1482.7390202702702,15.934842975747971,1184
0,6,7,8,7,0,6,-1442.9847619047619,7.215047515975869,525
0,6,7,9,7,0,6,-1469.936952714536,23.30121036536698,1713
0,6,7,10,7,0,6,-1480.3996889580094,17.64045082605303,1286
0,6,7,10,7,1,6,-2320.5068493150684,5.7321251751801965,438
0,6,7,11,7,1,6,-2350.8400702987697,23.072379671083933,1707
0,6,7,12,6,1,6,-2317.901960784314,4.198917859076168,306
0,6,7,12,7,1,6,-2357.1328125,18.132760173826064,1408
0,6,8,2,4,1,6,-1450.5046948356808,11.928925925373568,852
0,6,8,2,6,1,6,-1490.6592244418332,11.540210958372244,851
0,6,8,3,0,1,6,-1462.846603360117,18.69672195237777,1369
0,6,8,3,4,1,6,-1502.81875,4.187588618547574,320
0,6,8,4,0,1,6,-1470.2734236888627,22.81210085542307,1697
0,6,8,5,0,0,6,-1459.9370257966616,17.51066817990839,1318
0,6,8,5,0,1,6,-1500.4724770642201,5.85424446603147,436
0,6,8,6,0,0,6,-1470.2841854934602,23.33983748599491,1682
0,6,8,7,0,0,6,-1497.8063157894737,7.09635652290168,475
0,6,8,7,1,0,6,-1457.3755458515284,15.799356442689088,1145
0,6,8,8,3,0,6,-1482.9469178082193,16.231383142509465,1168
0,6,8,8,7,0,6,-1442.782196969697,7.276200391889318,528
0,6,8,9,7,0,6,-1470.6348246674727,23.292803094458918,1654
0,6,8,10,7,0,6,-1479.98833592535,17.510512839610872,1286
0,6,8,10,7,1,6,-2320.8899297423886,5.7679212012308065,427
0,6,8,11,7,1,6,-2349.8443256090313,23.15097075731693,1683
0,6,8,12,6,1,6,-2318.0381231671554,4.352672822628836,341
0,6,8,12,7,1,6,-2358.9355333844974,18.691472169232696,1303
0,6,9,2,4,1,6,-1450.4115646258504,11.423788783054107,882
0,6,9,2,6,1,6,-1490.5757575757575,11.797945205450882,891
0,6,9,3,0,1,6,-1462.311209439528,19.222433996342534,1356
0,6,9,3,4,1,6,-1502.9315960912052,4.209328680603999,307
0,6,9,4,0,1,6,-1470.3133743704532,23.583265319025166,1787
0,6,9,5,0,0,6,-1461.073015873016,17.050189277443746,1260
0,6,9,5,0,1,6,-1500.6352040816328,5.508535626976781,392
0,6,9,6,0,0,6,-1470.1526806526806,22.880122347611387,1716
0,6,9,7,0,0,6,-1497.8594306049822,7.532833825411359,562
0,6,9,7,1,0,6,-1457.3419949706622,15.745579511172895,1193
0,6,9,8,3,0,6,-1482.7894280762564,15.717276561653769,1154
0,6,9,8,7,0,6,-1442.7566037735849,7.372770131314212,530
0,6,9,9,7,0,6,-1470.10244192972,23.041774993931007,1679
0,6,9,10,7,0,6,-1481.3687600644123,17.616259961996036,1242
0,6,9,10,7,1,6,-2320.2945544554455,5.425450663471625,404
0,6,9,11,7,1,6,-2350.5743204164255,22.62982850423621,1729
0,6,9,12,6,1,6,-2318.305031446541,4.153278597952542,318
0,6,9,12,7,1,6,-2358.817601135557,19.209504306643314,1409
0,6,10,2,4,1,6,-1450.9314420803782,11.499512973578165,846
0,6,10,2,6,1,6,-1490.9277652370204,11.679281542693728,886
0,6,10,3,0,1,6,-1462.499246987952,18.836767095592393,1328
0,6,10,3,4,1,6,-1502.993883792049,4.361349483803699,327
0,6,10,4,0,1,6,-1470.8091463414635,23.015308569289516,1640
0,6,10,5,0,0,6,-1460.909090909091,17.54511388538578,1232
0,6,10,5,0,1,6,-1500.4004424778761,5.656173679195188,452
0,6,10,6,0,0,6,-1470.6397660818714,23.247588014316637,1710
0,6,10,7,0,0,6,-1497.9241622574955,7.360668028254377,567
0,6,10,7,1,0,6,-1457.5618556701031,15.983199577104832,1164
0,6,10,8,3,0,6,-1482.2922948073701,15.993743257201594,1194
0,6,10,8,7,0,6,-1443.2873345935727,7.126500126214555,529
0,6,10,9,7,0,6,-1469.5459905660377,23.437899842328562,1696
0,6,10,10,7,0,6,-1480.8124519600308,17.35168263593924,1301
0,6,10,10,7,1,6,-2320.866983372922,5.6531896842972,421
0,6,10,11,7,1,6,-2350.2603406326034,22.82862971527208,1644
0,6,10,12,6,1,6,-2318.2362459546925,4.292596940842809,309
0,6,10,12,7,1,6,-2356.555157593123,18.95101423270716,1396
0,6,11,2,4,1,6,-1450.1043689320388,11.476919867737209,824
0,6,11,2,6,1,6,-1490.205574912892,11.442864847232391,861
0,6,11,3,0,1,6,-1462.3864455659698,18.60372750628453,1387
0,6,11,3,4,1,6,-1503.1163522012578,4.473786321713418,318
0,6,11,4,0,1,6,-1469.0673900628212,23.247065829018407,1751
0,6,11,5,0,0,6,-1461.7936507936508,17.089826854302366,1260
0,6,11,5,0,1,6,-1500.1259640102828,5.7610579406310105,389
0,6,11,6,0,0,6,-1470.0947058823529,22.935071427499096,1700
0,6,11,7,0,0,6,-1497.5500910746812,7.062029679758299,549
0,6,11,7,1,0,6,-1457.576660988075,15.947384754361996,1174
0,6,11,8,3,0,6,-1483.295041322314,16.07903183240798,1210
0,6,11,8,7,0,6,-1442.45703125,7.163145516218656,512
0,6,11,9,7,0,6,-1471.1804645622394,23.16384296158411,1679
0,6,11,10,7,0,6,-1480.8312267657993,17.500774034410444,1345
0,6,11,10,7,1,6,-2320.5445544554455,5.759236666384939,404
0,6,11,11,7,1,6,-2349.6177884615386,23.438761677082113,1664
0,6,11,12,6,1,6,-2318.0607902735564,4.299142557492695,329
0,6,11,12,7,1,6,-2358.113112391931,19.21944487999937,1388
0,6,12,2,4,1,6,-1450.8707799767171,11.376028990684086,859
0,6,12,2,6,1,6,-1490.634090909091,11.62697574965158,880
0,6,12,3,0,1,6,-1463.1780626780626,18.726048031530244,1404
0,6,12,3,4,1,6,-1503.0064516129032,4.26008749601321,310
0,6,12,4,0,1,6,-1471.4604952830189,23.165057773330453,1696
0,6,12,5,0,0,6,-1460.445391169636,17.225998133015533,1291
0,6,12,5,0,1,6,-1500.319306930693,5.873629902581216,404
0,6,12,6,0,0,6,-1469.8737024221452,23.204165557295703,1734
0,6,12,7,0,0,6,-1498.0276752767527,7.0546868657022594,542
0,6,12,7,1,0,6,-1456.7051282051282,15.777059761800324,1170
0,6,12,8,3,0,6,-1482.7964970809007,15.916754494382037,1199
0,6,12,8,7,0,6,-1443.098901098901,7.124052451723718,546
0,6,12,9,7,0,6,-1470.531196336577,23.09177639904355,1747
0,6,12,10,7,0,6,-1480.4395256916996,17.360935288261985,1265
0,6,12,10,7,1,6,-2319.861904761905,5.973750213144784,420
0,6,12,11,7,1,6,-2350.606408706167,23.228021324440647,1654
0,6,12,12,6,1,6,-2318.314371257485,4.391742052681693,334
0,6,12,12,7,1,6,-2358.6266952177016,18.700955587884344,1401
0,6,13,2,4,1,6,-1449.7717889908256,11.674365492113687,872
0,6,13,2,6,1,6,-1489.8788598574822,11.70488476838196,842
0,6,13,3,0,1,6,-1463.803893294881,18.934156373087557,1387
0,6,13,3,4,1,6,-1503.0454545454545,4.338103964341655,330
0,6,13,4,0,1,6,-1471.107709750567,22.980070424279216,1764
0,6,13,5,0,0,6,-1461.1641907740423,17.153255752373575,1279
0,6,13,5,0,1,6,-1500.578947368421,5.679568407031412,437
0,6,13,6,0,0,6,-1470.7377830750893,22.85285658216598,1678
0,6,13,7,0,0,6,-1497.9368421052632,7.1069185855999235,570
0,6,13,7,1,0,6,-1458.5226086956523,15.854142571340166,1150
0,6,13,8,3,0,6,-1482.5485921889192,15.992466730137973,1101
0,6,13,8,7,0,6,-1442.7570621468926,7.205833195901644,531
0,6,13,9,7,0,6,-1470.9609644087257,22.733308124119088,1742
0,6,13,10,7,0,6,-1480.826394344069,17.613789703143553,1273
0,6,13,10,7,1,6,-2320.3995327102803,5.959889273827541,428
0,6,13,11,7,1,6,-2351.1304347826085,23.07107298383495,1702
0,6,13,12,6,1,6,-2317.9664429530203,4.114006370948605,298
0,6,13,12,7,1,6,-2357.7200297840654,18.858266103896625,1343
0,6,14,2,4,1,6,-1449.8476420798065,11.469469641608919,827
0,6,14,2,6,1,6,-1491.1853107344632,11.511115190387898,885
0,6,14,3,0,1,6,-1463.6246312684366,19.019938639944076,1356
0,6,14,3,4,1,6,-1502.9784615384615,4.43720259444263,325
0,6,14,4,0,1,6,-1470.767131594906,22.85053842796101,1649
0,6,14,5,0,0,6,-1460.6353032659408,17.14130181809386,1286
0,6,14,5,0,1,6,-1500.3211009174313,5.599608003864313,436
0,6,14,6,0,0,6,-1470.2978971962616,23.04156231051768,1712
0,6,14,7,0,0,6,-1498.1636726546906,7.234671846829273,501
0,6,14,7,1,0,6,-1457.9139414802066,15.98906129271437,1162
0,6,14,8,3,0,6,-1482.9349662162163,15.686809971861804,1184
0,6,14,8,7,0,6,-1442.8011363636363,7.279344911819193,528
0,6,14,9,7,0,6,-1470.3777777777777,22.738079226577653,1755
0,6,14,10,7,0,6,-1481.0037230081907,17.033823419045426,1343
0,6,14,10,7,1,6,-2320.6401869158876,5.650777133129666,428
0,6,14,11,7,1,6,-2350.2492401215804,23.09062115096743,1645
0,6,14,12,6,1,6,-2317.4662576687115,4.355776375867633,326
0,6,14,12,7,1,6,-2358.2412790697676,18.55064358540175,1376
0,6,15,2,4,1,6,-1450.240373395566,11.124336178083661,857
0,6,15,2,6,1,6,-1490.012048192771,11.448990038999554,830
0,6,15,3,0,1,6,-1463.1954887218046,18.497937115505835,1463
0,6,15,3,4,1,6,-1502.9161290322581,4.321670583057765,310
0,6,15,4,0,1,6,-1469.8647199046484,23.089222849858437,1678
0,6,15,5,0,0,6,-1460.3799368088467,17.501483809693905,1266
0,6,15,5,0,1,6,-1500.3842696629213,5.858114488954894,445
0,6,15,6,0,0,6,-1470.2992489890237,22.907860414287835,1731
0,6,15,7,0,0,6,-1498.2638376383763,7.408391474477442,542
0,6,15,7,1,0,6,-1458.6790657439446,15.814559380533701,1156
0,6,15,8,3,0,6,-1483.596121416526,15.773308247949593,1186
0,6,15,8,7,0,6,-1443.157258064516,7.220006627950025,496
0,6,15,9,7,0,6,-1469.6377581120944,22.818452186023496,1695
0,6,15,10,7,0,6,-1480.2416326530613,17.855027914408005,1225
0,6,15,10,7,1,6,-2320.0569306930693,5.827489183505668,404
0,6,15,11,7,1,6,-2351.42761962447,23.231019235519625,1651
0,6,15,12,6,1,6,-2318.223974763407,4.518136529781293,317
0,6,15,12,7,1,6,-2358.1732933233307,18.71151402536932,1333
0,6,16,2,4,1,6,-1450.8468033775632,11.983379323507489,829
0,6,16,2,6,1,6,-1490.5233751425314,11.477049172479825,877
0,6,16,3,0,1,6,-1462.9588839941264,18.476076874402235,1362
0,6,16,3,4,1,6,-1503.3236245954693,4.414464874832534,309
0,6,16,4,0,1,6,-1470.4918527459263,23.104053938564167,1657
0,6,16,5,0,0,6,-1461.1207576953434,17.49363451875953,1267
0,6,16,5,0,1,6,-1500.3696682464456,5.894075214838807,422
0,6,16,6,0,0,6,-1469.7884841363102,23.227276581066416,1702
0,6,16,7,0,0,6,-1497.725897920605,7.145696180929412,529
0,6,16,7,1,0,6,-1457.1439330543933,15.88497470414178,1195
0,6,16,8,3,0,6,-1483.128813559322,15.785758984850618,1180
0,6,16,8,7,0,6,-1442.837837837838,7.050321749127738,555
0,6,16,9,7,0,6,-1470.0413555427915,23.171327307486983,1741
0,6,16,10,7,0,6,-1480.1176470588234,17.68242613856751,1258
0,6,16,10,7,1,6,-2320.1862745098038,5.849803737601967,408
0,6,16,11,7,1,6,-2349.726627218935,22.978787513851767,1690
0,6,16,12,6,1,6,-2317.623003194888,4.391217773888422,313
0,6,16,12,7,1,6,-2357.6556141672945,18.927092412359087,1327
0,6,17,2,4,1,6,-1451.1720297029703,11.27695274474181,808
0,6,17,2,6,1,6,-1490.8349282296651,11.562458850068088,836
0,6,17,3,0,1,6,-1463.3748221906117,19.01753829885724,1406
0,6,17,3,4,1,6,-1503.0716332378224,4.109256156195097,349
0,6,17,4,0,1,6,-1470.998288648032,22.996775423973272,1753
0,6,17,5,0,0,6,-1460.84857801691,17.69293926465911,1301
0,6,17,5,0,1,6,-1500.2906403940888,5.679820045327568,406
0,6,17,6,0,0,6,-1470.2068155111633,23.082761242807976,1702
0,6,17,7,0,0,6,-1497.683569979716,7.16547912630173,493
0,6,17,7,1,0,6,-1457.9705387205388,15.709429304396107,1188
0,6,17,8,3,0,6,-1483.060100166945,15.80910941695468,1198
0,6,17,8,7,0,6,-1443.026070763501,7.2445490982883936,537
0,6,17,9,7,0,6,-1469.9324970131422,23.607546079105244,1674
0,6,17,10,7,0,6,-1480.2086389568053,17.382287503321617,1227
0,6,17,10,7,1,6,-2320.9418886198546,5.676638615739989,413
0,6,17,11,7,1,6,-2351.028846153846,22.804939676934403,1664
0,6,17,12,6,1,6,-2317.797507788162,4.240377784809504,321
0,6,17,12,7,1,6,-2357.8719554627696,18.561047497563763,1437
0,6,18,2,4,1,6,-1450.7406513872136,11.695433317851553,829
0,6,18,2,6,1,6,-1490.3013245033112,11.353867503919172,906
0,6,18,3,0,1,6,-1463.3795013850415,18.615031925894534,1444
0,6,18,3,4,1,6,-1503.0927536231884,4.085687951949718,345
0,6,18,4,0,1,6,-1470.4222222222222,22.942607717144792,1710
0,6,18,5,0,0,6,-1460.554767533491,17.138600703876886,1269
0,6,18,5,0,1,6,-1500.5190476190476,5.67594079027566,420
0,6,18,6,0,0,6,-1470.0111111111112,23.04136616839018,1710
0,6,18,7,0,0,6,-1497.9203703703704,6.939630677265246,540
0,6,18,7,1,0,6,-1458.8660409556314,15.295718924959475,1172
0,6,18,8,3,0,6,-1482.6877637130801,15.37498852728279,1185
0,6,18,8,7,0,6,-1443.0038314176245,7.154559719771985,522
0,6,18,9,7,0,6,-1469.4215219976218,23.172107716877342,1682
0,6,18,10,7,0,6,-1480.7267716535432,17.373937168288283,1270
0,6,18,10,7,1,6,-2320.3814655172414,5.898473027734938,464
0,6,18,11,7,1,6,-2350.8845714285712,22.886610975840252,1750
0,6,18,12,6,1,6,-2317.9375,4.262128178184685,336
0,6,18,12,7,1,6,-2359.3669467787113,18.942521784984002,1428
0,6,19,2,4,1,6,-1450.6513545347468,11.77211979245558,849
0,6,19,2,6,1,6,-1490.8274647887324,11.667620886061286,852
0,6,19,3,0,1,6,-1462.8176011355572,18.50314310652121,1409
0,6,19,3,4,1,6,-1503.1920529801325,4.3917671800214455,302
0,6,19,4,0,1,6,-1470.436934218467,23.24885263489211,1657
0,6,19,5,0,0,6,-1459.6489959839357,17.492754925843624,1245
0,6,19,5,0,1,6,-1500.4900662251655,5.928418723490637,453
0,6,19,6,0,0,6,-1470.9241097489785,22.82630847490148,1713
0,6,19,7,0,0,6,-1498.0975609756097,7.273396850446995,533
0,6,19,7,1,0,6,-1457.699747687132,15.882818629162324,1189
0,6,19,8,3,0,6,-1482.0583038869258,15.503850882156947,1132
0,6,19,8,7,0,6,-1442.7727272727273,7.122670708146128,528
0,6,19,9,7,0,6,-1469.695652173913,23.447297886914036,1725
0,6,19,10,7,0,6,-1480.2544426494346,17.64469034545428,1238
0,6,19,10,7,1,6,-2320.4200913242007,6.108737509927344,438
0,6,19,11,7,1,6,-2349.9067357512954,23.513918650203003,1737
0,6,19,12,6,1,6,-2317.693333333333,4.492878315301845,300
0,6,19,12,7,1,6,-2358.855082912761,18.9721815032626,1387
0,6,20,2,4,1,6,-1450.5526932084308,11.449467881120247,854
0,6,20,2,6,1,6,-1490.029520295203,11.22986329654587,813
0,6,20,3,0,1,6,-1463.4016973125883,18.86897118282526,1414
0,6,20,3,4,1,6,-1503.208609271523,4.3045708095074575,302
0,6,20,4,0,1,6,-1470.0185185185185,22.799348461708313,1674
0,6,20,5,0,0,6,-1460.268412438625,17.38412562742777,1222
0,6,20,5,0,1,6,-1499.971649484536,5.72359201259387,388
0,6,20,6,0,0,6,-1469.9063376332024,22.931673956232252,1783
0,6,20,7,0,0,6,-1498.3041044776119,7.2502484479098115,536
0,6,20,7,1,0,6,-1457.7548672566372,15.879666361205405,1130
0,6,20,8,3,0,6,-1483.095486111111,15.52589393248426,1152
0,6,20,8,7,0,6,-1442.9492753623188,7.280182016944884,552
0,6,20,9,7,0,6,-1470.4781818181818,23.340583910867526,1650
0,6,20,10,7,0,6,-1480.8028503562946,17.30234858676432,1263
0,6,20,10,7,1,6,-2320.6886363636363,5.769895064070392,440
0,6,20,11,7,1,6,-2350.362507759156,22.78107144769998,1611
0,6,20,12,6,1,6,-2317.7345454545452,4.436059602156754,275
0,6,20,12,7,1,6,-2357.992641648271,18.805458603842105,1359
0,6,21,2,4,1,6,-1450.2266666666667,11.596060633790373,900
0,6,21,2,6,1,6,-1490.2598331346842,11.511064086188965,839
0,6,21,3,0,1,6,-1462.74466571835,18.65825272450902,1406
0,6,21,3,4,1,6,-1503.125786163522,4.405174399391365,318
0,6,21,4,0,1,6,-1470.2454545454545,22.851869373961065,1760
0,6,21,5,0,0,6,-1459.2788944723618,17.082471354832194,1194
0,6,21,5,0,1,6,-1500.5079726651481,5.801131398497606,439
0,6,21,6,0,0,6,-1469.375,23.389539115780963,1648
0,6,21,7,0,0,6,-1497.8989361702127,7.3767940914339425,564
0,6,21,7,1,0,6,-1457.68671679198,15.786999050229428,1197
0,6,21,8,3,0,6,-1483.2417021276597,15.820680153100978,1175
0,6,21,8,7,0,6,-1442.2326043737576,7.117556666350809,503
0,6,21,9,7,0,6,-1470.5357981220657,23.17105477805415,1704
0,6,21,10,7,0,6,-1480.8440575321727,17.604234312991355,1321
0,6,21,10,7,1,6,-2320.1589242053788,5.774209146220035,409
0,6,21,11,7,1,6,-2350.467517401392,23.17279964219194,1724
0,6,21,12,6,1,6,-2317.777108433735,4.228954278337387,332
0,6,21,12,7,1,6,-2358.005267118134,18.76184277376343,1329
0,6,22,2,4,1,6,-1450.5443864229765,11.534712671980428,766
0,6,22,2,6,1,6,-1489.7797202797203,11.409590245579375,858
0,6,22,3,0,1,6,-1463.0594405594406,18.99642858507009,1430
0,6,22,3,4,1,6,-1503.0681818181818,4.297223575823403,308
0,6,22,4,0,1,6,-1470.4071819841754,22.60314957736117,1643
0,6,22,5,0,0,6,-1460.8633491311216,17.328928215001454,1266
0,6,22,5,0,1,6,-1500.4808126410835,5.928579231980291,443
0,6,22,6,0,0,6,-1470.519298245614,23.37931388292062,1710
0,6,22,7,0,0,6,-1497.8628571428571,7.4181406622103,525
0,6,22,7,1,0,6,-1458.4396177237186,15.987874245096979,1151
0,6,22,8,3,0,6,-1482.7411003236246,15.861841617580046,1236
0,6,22,8,7,0,6,-1442.181647940075,7.285172997176094,534
0,6,22,9,7,0,6,-1471.3397727272727,23.081830909395887,1760
0,6,22,10,7,0,6,-1480.5051546391753,17.574791272129243,1261
0,6,22,10,7,1,6,-2320.8552036199094,5.318526705436114,442
0,6,22,11,7,1,6,-2350.7487091222033,22.935289429201827,1743
0,6,22,12,6,1,6,-2318.043046357616,4.314015506820374,302
0,6,22,12,7,1,6,-2357.842142857143,18.802585566347805,1400
0,6,23,2,4,1,6,-1450.3031358885016,11.364813228290062,861
0,6,23,2,6,1,6,-1490.5837438423646,11.363090876128396,812
0,6,23,3,0,1,6,-1462.820399113082,18.777637566212388,1353
0,6,23,3,4,1,6,-1502.981072555205,4.300204101725826,317
0,6,23,4,0,1,6,-1471.9549444119368,22.954422629806427,1709
0,6,23,5,0,0,6,-1460.3755760368663,17.58296863327227,1302
0,6,23,5,0,1,6,-1500.6637744034708,5.972621016417168,461
0,6,23,6,0,0,6,-1470.179720704311,23.202008825154874,1647
0,6,23,7,0,0,6,-1497.845283018868,7.350178178726158,530
0,6,23,7,1,0,6,-1457.9518581081081,16.13714072371036,1184
0,6,23,8,3,0,6,-1484.0315876974232,15.891642634570726,1203
0,6,23,8,7,0,6,-1442.9793388429753,7.3902148545088195,484
0,6,23,9,7,0,6,-1470.477337923121,23.362208854296316,1743
0,6,23,10,7,0,6,-1480.092034029389,17.124674715370574,1293
0,6,23,10,7,1,6,-2321.025761124122,5.7579426107787395,427
0,6,23,11,7,1,6,-2350.672955974843,22.735344751783117,1749
0,6,23,12,6,1,6,-2317.588850174216,4.3342426850759805,287
0,6,23,12,7,1,6,-2357.4186875891583,18.54791440196407,1402
0,6,24,2,4,1,6,-1450.9274486094316,11.599610494471321,827
0,6,24,2,6,1,6,-1491.0153846153846,11.751694661459908,780
0,6,24,3,0,1,6,-1463.5589743589744,19.16877999300755,1365
0,6,24,3,4,1,6,-1503.0441176470588,4.472904779055079,340
0,6,24,4,0,1,6,-1469.807514450867,23.499193225751807,1730
0,6,24,5,0,0,6,-1459.5143968871596,17.520660037177876,1285
0,6,24,5,0,1,6,-1500.6163069544364,5.634471054120888,417
0,6,24,6,0,0,6,-1471.4008073817763,23.308304736843013,1734
0,6,24,7,0,0,6,-1497.597539543058,7.272844326400005,569
0,6,24,7,1,0,6,-1458.2366220735787,15.854639550555998,1196
0,6,24,8,3,0,6,-1482.6557522123894,16.183709924243722,1130
0,6,24,8,7,0,6,-1443.9764492753623,7.3396745278615905,552
0,6,24,9,7,0,6,-1470.7030162412993,23.725640142743543,1724
0,6,24,10,7,0,6,-1480.6023166023167,17.020999817508695,1295
0,6,24,10,7,1,6,-2320.3782505910167,5.695479503388692,423
0,6,24,11,7,1,6,-2349.5360590573537,23.503113477340733,1761
0,6,24,12,6,1,6,-2317.8012232415904,4.283557750834843,327
0,6,24,12,7,1,6,-2356.849134948097,18.99632292625825,1445
0,6,25,2,4,1,6,-1450.5964325529542,11.87476027262026,897
0,6,25,2,6,1,6,-1490.5144578313252,11.380565049718438,830
0,6,25,3,0,1,6,-1462.5224602626124,18.67980331427026,1447
0,6,25,3,4,1,6,-1503.2106918238994,4.081282496569407,318
0,6,25,4,0,1,6,-1470.2486895748398,22.899959810440215,1717
0,6,25,5,0,0,6,-1460.0039339103068,17.352162559747804,1271
0,6,25,5,0,1,6,-1500.0864485981308,5.5794602881730295,428
0,6,25,6,0,0,6,-1471.3576555023924,23.54462476381303,1672
0,6,25,7,0,0,6,-1498.0320150659134,7.0473854515164644,531
0,6,25,7,1,0,6,-1458.2017316017316,16.194221526643357,1155
0,6,25,8,3,0,6,-1483.174319727891,15.974556312057226,1176
0,6,25,8,7,0,6,-1442.8794063079777,7.003995865891035,539
0,6,25,9,7,0,6,-1470.266174801362,23.09606061434952,1762
0,6,25,10,7,0,6,-1480.3253105590063,17.139786423106592,1288
0,6,25,10,7,1,6,-2320.3634204275536,5.676428880239133,421
0,6,25,11,7,1,6,-2350.1502683363146,22.81992627965131,1677
0,6,25,12,6,1,6,-2317.672727272727,4.428781399381884,330
0,6,25,12,7,1,6,-2357.6323633782827,18.623602861802578,1409
0,6,26,2,4,1,6,-1450.750554323725,11.266814225711714,902
0,6,26,2,6,1,6,-1490.4331848552338,11.630660419540092,898
0,6,26,3,0,1,6,-1462.6716630977874,18.952793925725594,1401
0,6,26,3,4,1,6,-1503.639846743295,4.184511485793541,261
0,6,26,4,0,1,6,-1469.5564042303172,23.26915628195311,1702
0,6,26,5,0,0,6,-1460.8995290423861,17.407732536284136,1274
0,6,26,5,0,1,6,-1501.03611738149,5.948504017749382,443
0,6,26,6,0,0,6,-1470.84043157297,22.62879926307263,1761
0,6,26,7,0,0,6,-1497.5836575875487,7.310631712666611,514
0,6,26,7,1,0,6,-1458.3187919463087,15.620522420476453,1192
0,6,26,8,3,0,6,-1482.8242122719735,16.078237741037295,1206
0,6,26,8,7,0,6,-1443.1603603603603,7.13962776025925,555
0,6,26,9,7,0,6,-1469.9683582089551,22.97213526856478,1675
0,6,26,10,7,0,6,-1480.883421650265,17.171090939945177,1321
0,6,26,10,7,1,6,-2320.5068493150684,5.846881745566214,438
0,6,26,11,7,1,6,-2350.895620875825,22.948180298726044,1667
0,6,26,12,6,1,6,-2318.125,4.344252858068333,304
0,6,26,12,7,1,6,-2358.015950069348,18.710745004005194,1442
0,6,27,2,4,1,6,-1450.3592814371257,11.455940883229085,835
0,6,27,2,6,1,6,-1490.3033838973163,11.352582102950349,857
0,6,27,3,0,1,6,-1462.327363896848,18.23869502466952,1396
0,6,27,3,4,1,6,-1503.1370716510903,4.37778619689143,321
0,6,27,4,0,1,6,-1470.0953502060036,23.275615965368267,1699
0,6,27,5,0,0,6,-1460.7335877862595,17.178186552573575,1310
0,6,27,5,0,1,6,-1500.4502369668246,5.718609966088877,422
0,6,27,6,0,0,6,-1470.6216216216217,23.025662946520498,1739
0,6,27,7,0,0,6,-1498.124497991968,7.381225658235498,498
0,6,27,7,1,0,6,-1457.6609735269,15.906011476861332,1171
0,6,27,8,3,0,6,-1482.826048951049,15.317912629552632,1144
0,6,27,8,7,0,6,-1442.903474903475,7.016413980450708,518
0,6,27,9,7,0,6,-1469.4561403508771,23.303140999114902,1710
0,6,27,10,7,0,6,-1481.508866615266,17.193670906013367,1297
0,6,27,10,7,1,6,-2320.11214953271,5.5917614679384755,428
0,6,27,11,7,1,6,-2349.9966666666664,23.53078338405315,1800
0,6,27,12,6,1,6,-2318.0755287009065,4.210155963804787,331
0,6,27,12,7,1,6,-2358.3560393258426,19.086337105068974,1424
0,6,28,2,4,1,6,-1449.97583429229,11.357993617287622,869
0,6,28,2,6,1,6,-1491.3519417475727,11.30050351644757,824
0,6,28,3,0,1,6,-1462.4922048997773,19.00792372093732,1347
0,6,28,3,4,1,6,-1502.9163987138263,4.272030612200561,311
0,6,28,4,0,1,6,-1470.578947368421,23.230236341878378,1767
0,6,28,5,0,0,6,-1460.791344667697,17.135464978094113,1294
0,6,28,5,0,1,6,-1500.7127192982457,5.746350143647427,456
0,6,28,6,0,0,6,-1469.9605855855855,23.461983350101697,1776
0,6,28,7,0,0,6,-1498.1675874769796,7.134559051140117,543
0,6,28,7,1,0,6,-1457.5554655870446,16.214527164843908,1235
0,6,28,8,3,0,6,-1482.9436501261564,15.778673808256855,1189
0,6,28,8,7,0,6,-1443.001754385965,7.221920608341055,570
0,6,28,9,7,0,6,-1470.1097992916175,22.796201672723107,1694
0,6,28,10,7,0,6,-1481.2897125567322,17.363211672520663,1322
0,6,28,10,7,1,6,-2320.267156862745,5.806073540330913,408
0,6,28,11,7,1,6,-2350.2552404438966,22.974364237518124,1622
0,6,28,12,6,1,6,-2318.048780487805,4.336586541708605,287
0,6,28,12,7,1,6,-2356.1905465288037,18.766835651758026,1354
0,6,29,2,4,1,6,-1450.386768447837,11.47784803042072,786
0,6,29,2,6,1,6,-1490.209862385321,11.549683024360009,872
0,6,29,3,0,1,6,-1462.7076598735066,19.051477893173207,1423
0,6,29,3,4,1,6,-1503.052805280528,4.4696095603717225,303
0,6,29,4,0,1,6,-1470.7769320843092,23.453177370256203,1708
0,6,29,5,0,0,6,-1460.9291338582677,17.615214031954054,1270
0,6,29,5,0,1,6,-1500.0853658536585,5.5396601540472155,410
0,6,29,6,0,0,6,-1471.1577415599534,23.02357768119292,1718
0,6,29,7,0,0,6,-1498.544747081712,7.278435557012337,514
0,6,29,7,1,0,6,-1457.817157712305,16.03933694170813,1154
0,6,29,8,3,0,6,-1482.9439868204283,15.904891104347204,1214
0,6,29,8,7,0,6,-1442.8985239852398,7.30735599900668,542
0,6,29,9,7,0,6,-1470.5670342426001,23.12645355561441,1723
0,6,29,10,7,0,6,-1481.079365079365,17.23775906597696,1323
0,6,29,10,7,1,6,-2319.5894988066825,5.75460670389161,419
0,6,29,11,7,1,6,-2350.6490329920366,22.79340928925981,1758
0,6,29,12,6,1,6,-2318.217391304348,4.139186543705341,322
0,6,29,12,7,1,6,-2357.42981186686,18.620645291681097,1382
0,6,30,2,4,1,6,-1450.6613102595797,11.688752954251576,809
0,6,30,2,6,1,6,-1491.0542540073982,11.724520493126322,811
0,6,30,3,0,1,6,-1463.5179224579372,18.924779119978233,1367
0,6,30,3,4,1,6,-1503.1873015873016,4.40200142298432,315
0,6,30,4,0,1,6,-1470.705389221557,23.028764251086926,1670
0,6,30,5,0,0,6,-1460.7304147465438,17.034670879210026,1302
0,6,30,5,0,1,6,-1500.7450110864745,5.717223419208306,451
0,6,30,6,0,0,6,-1470.6829268292684,23.391375643416723,1681
0,6,30,7,0,0,6,-1498.4039497307,7.507520025382467,557
0,6,30,7,1,0,6,-1458.0670731707316,15.917739194066048,1148
0,6,30,8,3,0,6,-1483.168918918919,15.87515205865515,1184
0,6,30,8,7,0,6,-1443.3613766730402,6.927471818134851,523
0,6,30,9,7,0,6,-1470.8971692663201,22.975531356017623,1731
0,6,30,10,7,0,6,-1480.4871987951808,17.191203760398526,1328
0,6,30,10,7,1,6,-2320.47215496368,5.8906356066923244,413
0,6,30,11,7,1,6,-2350.823734729494,22.8002376882502,1719
0,6,30,12,6,1,6,-2318.35593220339,4.279880846850267,295
0,6,30,12,7,1,6,-2357.9581856839122,18.901297825809454,1411
0,6,31,2,4,1,6,-1450.2002398081536,11.210839647479125,834
0,6,31,2,6,1,6,-1490.371362048894,11.526581897014879,859
0,6,31,3,0,1,6,-1462.9442406456346,18.92720274843631,1363
0,6,31,3,4,1,6,-1503.2730061349694,4.473748395407618,326
0,6,31,4,0,1,6,-1470.784597568037,22.87333099008647,1727
0,6,31,5,0,0,6,-1460.7391304347825,17.19712049389437,1288
0,6,31,5,0,1,6,-1500.3162790697675,5.813173901239053,430
0,6,31,6,0,0,6,-1470.9125874125873,22.81261571944008,1716
0,6,31,7,0,0,6,-1498.2368932038835,7.288919510408629,515
0,6,31,7,1,0,6,-1457.4601386481802,15.788920340748616,1154
0,6,31,8,3,0,6,-1483.6159292035397,15.890925592054584,1130
0,6,31,8,7,0,6,-1442.9858407079646,7.286535858984907,565
0,6,31,9,7,0,6,-1469.7815958066394,22.888464951924643,1717
0,6,31,10,7,0,6,-1481.1729893778452,17.076516154120593,1318
0,6,31,10,7,1,6,-2320.5761904761903,5.575149347764298,420
0,6,31,11,7,1,6,-2350.2406015037595,23.060986233143854,1729
0,6,31,12,6,1,6,-2318.228136882129,4.3846915631740675,263
0,6,31,12,7,1,6,-2357.630419331912,18.88870290432301,1407
0,6,32,2,4,1,6,-1450.3495475113123,11.229757546192241,884
0,6,32,2,6,1,6,-1490.1824324324325,11.923481920575977,888
0,6,32,3,0,1,6,-1462.9882005899706,18.757413700681763,1356
0,6,32,3,4,1,6,-1503.5239520958085,4.192704093355401,334
0,6,32,4,0,1,6,-1470.1961722488038,23.556681813775015,1672
0,6,32,5,0,0,6,-1459.1759329779131,17.25796303906304,1313
0,6,32,5,0,1,6,-1500.9262472885032,5.498864486985267,461
0,6,32,6,0,0,6,-1471.4827167980595,22.970090994768515,1649
0,6,32,7,0,0,6,-1497.8056537102473,7.258067511907398,566
0,6,32,7,1,0,6,-1457.9009235936187,16.01023782933008,1191
0,6,32,8,3,0,6,-1482.6216887417218,16.154062488955436,1208
0,6,32,8,7,0,6,-1443.0919540229886,6.973895799209741,522
0,6,32,9,7,0,6,-1470.5490311215501,23.024096442014766,1703
0,6,32,10,7,0,6,-1480.987854251012,16.935285680029423,1235
0,6,32,10,7,1,6,-2320.7995283018868,5.637216274407542,424
0,6,32,11,7,1,6,-2349.8109826589593,22.77615616795553,1730
0,6,32,12,6,1,6,-2318.009677419355,4.302651458431346,310
0,6,32,12,7,1,6,-2358.1911764705883,18.8575600013287,1360
0,6,33,2,4,1,6,-1450.3728222996515,11.426039704289213,861
0,6,33,2,6,1,6,-1491.0746634026927,11.5011811182343,817
0,6,33,3,0,1,6,-1462.4962178517399,18.53721123905176,1322
0,6,33,3,4,1,6,-1502.9737609329445,4.433757282488678,343
0,6,33,4,0,1,6,-1470.5546075085324,23.02029892296455,1758
0,6,33,5,0,0,6,-1461.6801292407108,17.04567965244443,1238
0,6,33,5,0,1,6,-1500.3058823529411,5.72101087204771,425
0,6,33,6,0,0,6,-1470.2516016307513,23.003472783520404,1717
0,6,33,7,0,0,6,-1498.0036900369005,7.1785340911056155,542
0,6,33,7,1,0,6,-1457.7607973421927,16.16986013460704,1204
0,6,33,8,3,0,6,-1483.369691923397,16.073049748412092,1201
0,6,33,8,7,0,6,-1442.7838345864661,7.0968251105329045,532
0,6,33,9,7,0,6,-1471.0115151515151,23.178239288005475,1650
0,6,33,10,7,0,6,-1480.2949125596185,17.77239932072565,1258
0,6,33,10,7,1,6,-2320.537757437071,7.3182989048756575,437
0,6,33,11,7,1,6,-2350.9083232810617,22.76019721539399,1658
0,6,33,12,6,1,6,-2317.458823529412,4.329931234725396,340
0,6,33,12,7,1,6,-2357.7879203843513,18.790238769816742,1457
0,6,34,2,4,1,6,-1451.2640692640693,11.596180102298526,924
0,6,34,2,6,1,6,-1490.7236180904522,11.437134044446449,796
0,6,34,3,0,1,6,-1463.7974044700793,19.122420294913464,1387
0,6,34,3,4,1,6,-1503.3434343434344,4.399636385726875,297
0,6,34,4,0,1,6,-1470.4265734265734,22.884856051777252,1716
0,6,34,5,0,0,6,-1460.5385802469136,17.246087205800276,1296
0,6,34,5,0,1,6,-1500.2645011600928,5.696469144485923,431
0,6,34,6,0,0,6,-1470.4070847851335,22.99077774970721,1722
0,6,34,7,0,0,6,-1498.3223300970874,7.217628527516819,515
0,6,34,7,1,0,6,-1458.3236331569665,15.99278460078839,1134
0,6,34,8,3,0,6,-1483.8767346938776,15.86669948675904,1225
0,6,34,8,7,0,6,-1442.8333333333333,7.25347936946762,540
0,6,34,9,7,0,6,-1469.364712847839,23.35566051231847,1689
0,6,34,10,7,0,6,-1480.8148450244698,17.614157369031915,1226
0,6,34,10,7,1,6,-2320.2433090024333,5.809562780968829,411
0,6,34,11,7,1,6,-2350.318101933216,22.687018379670384,1707
0,6,34,12,6,1,6,-2318.2909090909093,4.378346417811207,330
0,6,34,12,7,1,6,-2357.8639405204462,18.70479136903207,1345
0,6,35,2,6,1,6,-1499.6772151898733,5.829796503004758,474
0,6,35,10,7,1,6,-2319.5837438423646,5.3301477140278,406
0,6,35,11,7,1,6,-2350.2048549437536,23.4548445674366,1689
0,6,35,12,6,1,6,-2317.9871794871797,4.386002179740122,312
0,6,35,12,7,1,6,-2358.1824034334763,19.151240675285962,1398
0,7,1,2,6,1,7,-1402.9878048780488,12.888193912875927,984
0,7,1,2,7,1,7,-1438.0549645390072,7.388088949902092,564
0,7,1,3,0,1,7,-1388.2303370786517,4.392636957093687,356
0,7,1,3,4,1,7,-1422.8699472759226,15.774407879032571,1138
0,7,1,3,6,1,7,-1455.4126213592233,2.9934614705068485,206
0,7,1,4,0,1,7,-1420.032973621103,22.50178765148329,1668
0,7,1,5,0,0,7,-1385.5432692307693,2.8719553919593044,208
0,7,1,5,0,1,7,-1426.9309372797745,20.7066703216436,1419
0,7,1,6,0,0,7,-1419.6893203883494,22.929497265026598,1751
0,7,1,7,0,0,7,-1423.3579217447082,22.266164709491346,1559
0,7,1,7,1,0,7,-1383.2385321100917,1.4519779775316513,109
0,7,1,8,1,0,7,-1435.7575221238938,14.526739490746857,1130
0,7,1,8,3,0,7,-1395.690280065898,8.505039948999753,607
0,7,1,9,3,0,7,-1448.076225045372,7.336951026108739,551
0,7,1,9,7,0,7,-1407.7769230769231,15.891856134107476,1170
0,7,1,10,7,0,7,-1420.471645143178,23.11373410212227,1781
0,7,1,11,7,0,7,-1445.5478547854786,8.351805817572439,606
0,7,2,2,6,1,7,-1403.1798201798201,12.802645220544312,1001
0,7,2,2,7,1,7,-1443.001386962552,10.099024177533131,721
0,7,2,3,0,1,7,-1388.4563106796118,4.208428972257593,309
0,7,2,3,4,1,7,-1422.8745762711865,15.748861602337088,1180
0,7,2,3,6,1,7,-1455.4646017699115,2.7860404343404452,226
0,7,2,4,0,1,7,-1419.5359557467732,23.224177345864575,1627
0,7,2,5,0,0,7,-1385.237668161435,2.863410418686584,223
0,7,2,5,0,1,7,-1425.2693315858453,20.152763644606296,1526
0,7,2,6,0,0,7,-1420.8976660682226,22.73116506668437,1671
0,7,2,7,0,0,7,-1423.0006293266206,21.735624711632266,1589
0,7,2,7,1,0,7,-1383.125,1.3482241405848372,96
0,7,2,8,1,0,7,-1435.2318567389254,14.374188933154196,1061
0,7,2,8,3,0,7,-1395.2567567567567,8.769752017170275,666
0,7,2,9,3,0,7,-1447.8152985074628,7.146483655753207,536
0,7,2,9,7,0,7,-1408.5172413793102,15.84313602962269,1189
0,7,2,10,7,0,7,-1420.9247863247863,23.51378418304716,1755
0,7,2,11,7,0,7,-1445.3015332197615,8.438335155976075,587
0,7,2,11,7,1,7,-2285.1039697542533,14.248687908526026,1058
0,7,2,12,7,1,7,-2300.409568261377,22.984730397280885,1714
0,7,3,2,6,1,7,-1402.320079522863,13.007450625036922,1006
0,7,3,2,7,1,7,-1443.0647668393783,9.884223681969296,772
0,7,3,3,0,1,7,-1388.123167155425,4.157044326846433,341
0,7,3,3,4,1,7,-1422.6331168831168,16.049036282901568,1232
0,7,3,3,6,1,7,-1455.4583333333333,2.8590540070620776,216
0,7,3,4,0,1,7,-1419.9143695014664,22.977988931484997,1705
0,7,3,5,0,0,7,-1385.4901960784314,2.787384387955706,204
0,7,3,5,0,1,7,-1425.6113416320886,20.34320963911674,1446
0,7,3,6,0,0,7,-1419.1163434903046,23.070571820761238,1805
0,7,3,7,0,0,7,-1423.4306709265177,21.54127812196978,1565
0,7,3,7,1,0,7,-1382.8653846153845,1.3871504571691622,104
0,7,3,8,1,0,7,-1436.1424418604652,14.18899497967379,1032
0,7,3,8,3,0,7,-1394.9591527987898,8.6290065241407,661
0,7,3,9,3,0,7,-1448.3668032786886,7.030283179503583,488
0,7,3,9,7,0,7,-1407.446982055465,15.922658038644892,1226
0,7,3,10,7,0,7,-1419.9909145972138,22.932958195673553,1651
0,7,3,11,7,0,7,-1444.8780096308187,8.32570607166557,623
0,7,3,11,7,1,7,-2285.8009478672984,14.177754387826296,1055
0,7,3,12,7,1,7,-2301.8427489807805,22.880861094829253,1717
0,7,4,2,6,1,7,-1403.0685224839401,12.665250921336014,934
0,7,4,2,7,1,7,-1442.808053691275,10.259423671164729,745
0,7,4,3,0,1,7,-1388.6568627450981,4.176251950428233,306
0,7,4,3,4,1,7,-1422.5910245554614,15.452954055569986,1181
0,7,4,3,6,1,7,-1455.361111111111,2.8151650611218755,216
0,7,4,4,0,1,7,-1421.2582417582419,22.859711291418822,1638
0,7,4,5,0,0,7,-1385.285046728972,2.804879051414095,214
0,7,4,5,0,1,7,-1425.3213802435723,20.040425051752763,1478
0,7,4,6,0,0,7,-1420.598275862069,22.73070983144081,1740
0,7,4,7,0,0,7,-1422.888480392157,21.849217346875246,1632
0,7,4,8,1,0,7,-1435.3505253104106,14.242689681759941,1047
0,7,4,8,3,0,7,-1395.5671875,8.70121318205802,640
0,7,4,9,3,0,7,-1447.937823834197,7.176501865769817,579
0,7,4,9,7,0,7,-1408.3397548161122,15.928863731116216,1142
0,7,4,10,7,0,7,-1418.7331799884992,22.824431734927124,1739
0,7,4,11,7,0,7,-1445.8504983388705,8.90933894009641,602
0,7,4,11,7,1,7,-2285.6273234200744,14.331950057976696,1076
0,7,4,12,7,1,7,-2300.252747252747,23.039365179190064,1729
0,7,5,2,6,1,7,-1403.2482197355037,12.871120859167858,983
0,7,5,2,7,1,7,-1442.503355704698,10.12845295241791,745
0,7,5,3,0,1,7,-1387.8644578313254,4.605817628959144,332
0,7,5,3,4,1,7,-1423.3572023313905,15.899448830256556,1201
0,7,5,3,6,1,7,-1455.4581280788177,2.919607646804896,203
0,7,5,4,0,1,7,-1420.7028639618138,22.84577882096448,1676
0,7,5,5,0,0,7,-1385.6774193548388,2.88602173426687,217
0,7,5,5,0,1,7,-1425.7074607329844,19.83254892073081,1528
0,7,5,6,0,0,7,-1420.1802059496567,23.183234827659565,1748
0,7,5,7,0,0,7,-1423.161032575292,21.60584229568559,1627
0,7,5,7,1,0,7,-1383.0087719298247,1.3796491673154203,114
0,7,5,8,1,0,7,-1435.7779922779923,14.042026627194788,1036
0,7,5,8,3,0,7,-1395.3700159489633,8.797759275024347,627
0,7,5,9,3,0,7,-1448.1404174573056,7.317625664536619,527
0,7,5,9,7,0,7,-1408.0246179966043,15.797162015394083,1178
0,7,5,10,7,0,7,-1420.4344703770198,22.904827085871478,1671
0,7,5,11,7,0,7,-1445.0096930533118,8.862979751943318,619
0,7,5,11,7,1,7,-2285.0795135640788,14.654685741029269,1069
0,7,5,12,7,1,7,-2300.905747126437,23.030720894085235,1740
0,7,6,2,6,1,7,-1403.3788209606987,13.050604778052273,916
0,7,6,2,7,1,7,-1442.8870967741937,10.198995584172996,744
0,7,6,3,0,1,7,-1387.7963525835867,4.369469799807157,329
0,7,6,3,4,1,7,-1422.8864818024263,15.706695553045888,1154
0,7,6,3,6,1,7,-1455.3831775700935,2.7755435934837114,214
0,7,6,4,0,1,7,-1420.8115091015854,23.29184361763466,1703
0,7,6,5,0,0,7,-1385.4977578475336,2.6582209220727706,223
0,7,6,5,0,1,7,-1425.792059219381,20.4817606924373,1486
0,7,6,6,0,0,7,-1420.9333716255026,22.781864860422253,1741
0,7,6,7,0,0,7,-1423.0175757575757,21.167220087771465,1650
0,7,6,7,1,0,7,-1382.9333333333334,1.4092663856749361,105
0,7,6,8,1,0,7,-1435.0944333996024,14.430267947222777,1006
0,7,6,8,3,0,7,-1395.523489932886,8.791838720586112,596
0,7,6,9,3,0,7,-1448.0924214417746,7.300441701342982,541
0,7,6,9,7,0,7,-1408.8517210944397,15.963304376681975,1133
0,7,6,10,7,0,7,-1420.3222289521502,23.126604571465123,1651
0,7,6,11,7,0,7,-1445.9828393135726,8.905887834226546,641
0,7,6,11,7,1,7,-2285.8745551601423,14.52257146986294,1124
0,7,6,12,7,1,7,-2300.052106430155,23.074028916064016,1804
0,7,7,2,6,1,7,-1402.9035532994924,12.86855994622711,985
0,7,7,2,7,1,7,-1443.939393939394,10.209243367534603,792
0,7,7,3,0,1,7,-1388.1613924050632,4.268210793519614,316
0,7,7,3,4,1,7,-1422.6803852889668,15.976075058734796,1142
0,7,7,3,6,1,7,-1455.7184466019417,2.9474935073012336,206
0,7,7,4,0,1,7,-1420.2085227272728,22.940814067734873,1760
0,7,7,5,0,0,7,-1385.3967391304348,2.814981314590447,184
0,7,7,5,0,1,7,-1425.5107632093934,20.250793392145905,1533
0,7,7,6,0,0,7,-1420.9162817551962,23.522148926087144,1732
0,7,7,7,0,0,7,-1424.0556946182728,21.911930377148174,1598
0,7,7,7,1,0,7,-1383.079365079365,1.336918837393878,126
0,7,7,8,1,0,7,-1435.3868471953579,14.31421569317808,1034
0,7,7,8,3,0,7,-1395.8005822416303,8.62865472361043,687
0,7,7,9,3,0,7,-1448.4173228346456,7.321837625830956,508
0,7,7,9,7,0,7,-1407.5177182368193,15.860533221421283,1157
0,7,7,10,7,0,7,-1420.5483497394325,22.58802139106354,1727
0,7,7,11,7,0,7,-1445.5720858895706,8.809992580494734,652
0,7,7,11,7,1,7,-2285.5103773584906,14.42831616663614,1060
0,7,7,12,7,1,7,-2299.9119818285067,23.423045156353588,1761
0,7,8,2,6,1,7,-1402.3224043715848,12.987000255622254,915
0,7,8,2,7,1,7,-1442.7930069930069,10.322178243262263,715
0,7,8,3,0,1,7,-1388.1149425287356,4.524963421099105,348
0,7,8,3,4,1,7,-1422.3608333333334,16.220017446721634,1200
0,7,8,3,6,1,7,-1455.5760368663593,2.7782859416303864,217
0,7,8,4,0,1,7,-1420.8937313432837,23.331217754285824,1675
0,7,8,5,0,0,7,-1385.6243902439023,2.9251458574049503,205
0,7,8,5,0,1,7,-1424.9907161803715,20.35011633296222,1508
0,7,8,6,0,0,7,-1420.936268829664,23.180397250034126,1726
0,7,8,7,0,0,7,-1422.8180051813472,21.566229169238976,1544
0,7,8,8,1,0,7,-1434.8873917228104,14.525800113684836,1039
0,7,8,8,3,0,7,-1395.568659127625,8.80059404545502,619
0,7,8,9,3,0,7,-1448.1234567901236,7.116981458972533,567
0,7,8,9,7,0,7,-1408.6813559322034,15.88609321021831,1180
0,7,8,10,7,0,7,-1420.296759522456,23.071767945683387,1759
0,7,8,11,7,0,7,-1445.5247678018575,8.562925315673724,646
0,7,8,11,7,1,7,-2286.053654024052,14.283209450866527,1081
0,7,8,12,7,1,7,-2300.703471826978,23.597103282736324,1757
0,7,9,2,6,1,7,-1403.2426470588234,13.037395653671128,952
0,7,9,2,7,1,7,-1442.9239543726235,10.313430110155213,789
0,7,9,3,0,1,7,-1387.8742857142856,7.497136324046793,350
0,7,9,3,4,1,7,-1422.7712014134277,15.797183549509581,1132
0,7,9,3,6,1,7,-1455.469483568075,2.770613432942654,213
0,7,9,4,0,1,7,-1420.6829988193624,22.92978309951277,1694
0,7,9,5,0,0,7,-1385.5364806866953,3.0063879872876225,233
0,7,9,5,0,1,7,-1424.9140939597316,20.25616161169735,1490
0,7,9,6,0,0,7,-1419.435132032147,23.2315278509883,1742
0,7,9,7,0,0,7,-1422.5124703087886,21.442802696581502,1684
0,7,9,8,1,0,7,-1435.1646168401135,14.457171167763958,1057
0,7,9,8,3,0,7,-1395.1455696202531,8.697319497848166,632
0,7,9,9,3,0,7,-1447.6643356643356,7.036561914737371,572
0,7,9,9,7,0,7,-1409.0324508966696,15.928929658207784,1171
0,7,9,10,7,0,7,-1421.1869590305828,22.691735155316756,1733
0,7,9,11,7,0,7,-1445.3294701986756,8.616885801202242,604
0,7,9,11,7,1,7,-2285.6645454545455,14.555199548065316,1100
0,7,9,12,7,1,7,-2300.6793708408954,23.08319033560948,1653
0,7,10,2,6,1,7,-1402.7007223942207,13.036077964010996,969
0,7,10,2,7,1,7,-1443.4622770919068,10.173475600236944,729
0,7,10,3,0,1,7,-1387.9840764331211,4.274394352041463,314
0,7,10,3,4,1,7,-1422.9038961038962,15.967074685042212,1155
0,7,10,3,6,1,7,-1455.2957746478874,3.015115439536802,213
0,7,10,4,0,1,7,-1420.7528358208956,22.94501765616046,1675
0,7,10,5,0,0,7,-1385.3728813559321,2.9017721358671933,236
0,7,10,5,0,1,7,-1425.8205659075225,20.101182066054076,1449
0,7,10,6,0,0,7,-1420.8356973995271,22.988283631552328,1692
0,7,10,7,0,0,7,-1423.0739608801955,21.675649283061833,1636
0,7,10,7,1,0,7,-1382.8623853211009,1.4042392561051857,109
0,7,10,8,1,0,7,-1436.1476635514018,14.459956604647843,1070
0,7,10,8,3,0,7,-1395.8368263473053,8.541481563143858,668
0,7,10,9,3,0,7,-1448.072625698324,7.297632023016052,537
0,7,10,9,7,0,7,-1407.9012987012986,15.932725125202044,1155
0,7,10,10,7,0,7,-1420.0056022408965,22.815788233243243,1785
0,7,10,11,7,0,7,-1445.311403508772,8.820884230894961,684
0,7,10,11,7,1,7,-2286.291162790698,14.209196695792981,1075
0,7,10,12,7,1,7,-2300.5522041763343,23.120790224742333,1724
0,7,11,2,6,1,7,-1402.6692056583242,13.042636974108422,919
0,7,11,2,7,1,7,-1443.1034047919293,10.044636872269205,793
0,7,11,3,0,1,7,-1388.0232558139535,4.379367666744798,301
0,7,11,3,4,1,7,-1422.2657580919931,15.818257718109022,1174
0,7,11,3,6,1,7,-1455.6448598130842,2.989865550169053,214
0,7,11,4,0,1,7,-1419.572764465225,23.32669775317722,1711
0,7,11,5,0,0,7,-1385.4103773584907,2.7189908381713748,212
0,7,11,5,0,1,7,-1425.664153529815,20.303749526767756,1459
0,7,11,6,0,0,7,-1420.3607038123166,23.285492785961505,1705
0,7,11,7,0,0,7,-1424.1733416770965,21.77399823116398,1598
0,7,11,7,1,0,7,-1382.9245283018868,1.4254963598357588,106
0,7,11,8,1,0,7,-1435.613406795225,14.695758908599633,1089
0,7,11,8,3,0,7,-1395.972491909385,8.677289888547168,618
0,7,11,9,3,0,7,-1448.2734530938123,7.316284426988843,501
0,7,11,9,7,0,7,-1407.2354920100925,15.793134486840549,1189
0,7,11,10,7,0,7,-1420.745650869826,22.923939281517352,1667
0,7,11,11,7,0,7,-1446.0235478806908,8.725056105993026,637
0,7,11,11,7,1,7,-2285.4007386888275,14.588352131779894,1083
0,7,11,12,7,1,7,-2300.533407572383,22.751379648637133,1796
0,7,12,2,6,1,7,-1402.8912354804647,12.958295433544945,947
0,7,12,2,7,1,7,-1442.872258064516,10.221694421037782,775
0,7,12,3,0,1,7,-1387.8856209150326,4.369755206220736,306
0,7,12,3,4,1,7,-1423.0707070707072,16.218054863031067,1188
0,7,12,3,6,1,7,-1455.394495412844,2.7942219170267277,218
0,7,12,4,0,1,7,-1420.1501746216532,23.01339963658805,1718
0,7,12,5,0,0,7,-1385.3208333333334,2.8970501040013157,240
0,7,12,5,0,1,7,-1425.5943698016636,20.542277776187344,1563
0,7,12,6,0,0,7,-1420.1296625222026,23.244811410160427,1689
0,7,12,7,0,0,7,-1423.1285537700865,21.459497895995515,1618
0,7,12,7,1,0,7,-1383.0467289719627,1.3968133128843085,107
0,7,12,8,1,0,7,-1435.0641952983726,14.819115573385284,1106
0,7,12,8,3,0,7,-1395.3846153846155,8.755242361463468,637
0,7,12,9,3,0,7,-1448.436036036036,7.0258825586977425,555
0,7,12,9,7,0,7,-1408.0784789644013,15.929948478509413,1236
0,7,12,10,7,0,7,-1419.2784958871916,22.94449944129917,1702
0,7,12,11,7,0,7,-1445.3166144200627,8.808485141130047,638
0,7,12,11,7,1,7,-2285.1407907425264,14.330492422391286,1037
0,7,12,12,7,1,7,-2300.3053047404064,23.19163747147826,1772
0,7,13,2,6,1,7,-1403.2795100222718,13.18080718910178,898
0,7,13,2,7,1,7,-1442.5980795610426,9.735686430654344,729
0,7,13,3,0,1,7,-1387.8092307692307,4.350834511549733,325
0,7,13,3,4,1,7,-1423.0990016638934,15.969480532801938,1202
0,7,13,3,6,1,7,-1455.2488687782804,2.80699853972594,221
0,7,13,4,0,1,7,-1420.4309744779582,22.953609853680266,1724
0,7,13,5,0,0,7,-1385.5531914893618,2.959359552854248,235
0,7,13,5,0,1,7,-1425.420338983051,19.93962735027947,1475
0,7,13,6,0,0,7,-1421.1426806670784,22.795083623664546,1619
0,7,13,7,0,0,7,-1422.3826781326782,21.929311713723283,1628
0,7,13,7,1,0,7,-1382.9065420560748,1.3571046025342037,107
0,7,13,8,1,0,7,-1435.6837209302325,14.34863141083949,1075
0,7,13,8,3,0,7,-1395.3615635179153,8.680328287800508,614
0,7,13,9,3,0,7,-1448.1507633587787,7.456117127768493,524
0,7,13,9,7,0,7,-1407.6147959183672,15.656346177792113,1176
0,7,13,10,7,0,7,-1419.6751592356688,23.059259580935322,1727
0,7,13,11,7,0,7,-1445.3394777265746,8.76734405010672,651
0,7,13,11,7,1,7,-2285.057116104869,14.340871501729938,1068
0,7,13,12,7,1,7,-2301.7143746110764,23.104210467974873,1607
0,7,14,2,6,1,7,-1402.5048449612402,12.875972747756963,1032
0,7,14,2,7,1,7,-1442.6926174496643,10.165780828874253,745
0,7,14,3,0,1,7,-1388.0030303030303,4.247993098225517,330
0,7,14,3,4,1,7,-1423.4297012302284,15.431544966445564,1138
0,7,14,3,6,1,7,-1455.1773399014778,2.896928697686868,203
0,7,14,4,0,1,7,-1420.7581120943953,23.28721307071884,1695
0,7,14,5,0,0,7,-1385.048309178744,2.7605895437335204,207
0,7,14,5,0,1,7,-1425.2423435419441,19.916566767174032,1502
0,7,14,6,0,0,7,-1420.5982404692081,23.23744317330806,1705
0,7,14,7,0,0,7,-1423.9454545454546,21.958985058356664,1595
0,7,14,7,1,0,7,-1383.0747663551401,1.4384631893892061,107
0,7,14,8,1,0,7,-1434.9335205992509,14.159216369735239,1068
0,7,14,8,3,0,7,-1395.3357015985791,8.661336106953685,563
0,7,14,9,3,0,7,-1447.8402255639098,7.307609996339047,532
0,7,14,9,7,0,7,-1407.4168110918545,15.982619293053986,1154
0,7,14,10,7,0,7,-1421.1566265060242,23.335295069122857,1743
0,7,14,11,7,0,7,-1445.3427672955975,8.709071097775759,636
0,7,14,11,7,1,7,-2285.836866359447,14.485082914750215,1085
0,7,14,12,7,1,7,-2300.79682733374,23.238784136972054,1639
0,7,15,2,6,1,7,-1402.9295918367347,12.870554189287878,980
0,7,15,2,7,1,7,-1442.4008321775311,9.768837167899969,721
0,7,15,3,0,1,7,-1387.9306358381502,4.117611708917781,346
0,7,15,3,4,1,7,-1422.6209476309227,15.688339092275367,1203
0,7,15,3,6,1,7,-1455.4449152542372,2.968966534209157,236
0,7,15,4,0,1,7,-1420.904255319149,23.17999883430859,1692
0,7,15,5,0,0,7,-1385.541463414634,2.970503415491611,205
0,7,15,5,0,1,7,-1426.1218206157964,19.592874778021685,1494
0,7,15,6,0,0,7,-1421.0525100980958,22.76095985385014,1733
0,7,15,7,0,0,7,-1423.2761664564944,21.243841019660884,1586
0,7,15,7,1,0,7,-1383.0550458715597,1.4196191656736703,109
0,7,15,8,1,0,7,-1435.2949709864604,14.384907530148112,1034
0,7,15,8,3,0,7,-1395.5,8.89419461330977,642
0,7,15,9,3,0,7,-1447.8934108527133,7.014538832506155,516
0,7,15,9,7,0,7,-1407.9489711934157,16.27138254384109,1215
0,7,15,10,7,0,7,-1420.5785953177258,22.77647452001409,1794
0,7,15,11,7,0,7,-1446.142857142857,8.522427221735082,644
0,7,15,11,7,1,7,-2285.3553251649387,14.520843428895038,1061
0,7,15,12,7,1,7,-2299.6638705811865,23.102870366469098,1669
0,7,16,2,6,1,7,-1402.5670859538784,13.047815889055721,954
0,7,16,2,7,1,7,-1442.402022756005,10.096635278604026,791
0,7,16,3,0,1,7,-1387.6486486486488,4.209916753842348,333
0,7,16,3,4,1,7,-1423.143209876543,15.78933018597296,1215
0,7,16,3,6,1,7,-1455.4045454545455,2.8436495871618788,220
0,7,16,4,0,1,7,-1420.3750745378652,23.193838217420108,1677
0,7,16,5,0,0,7,-1385.4070796460178,2.895333957960911,226
0,7,16,5,0,1,7,-1426.0328317373462,20.184518590984098,1462
0,7,16,6,0,0,7,-1419.8351093662368,23.626481171275607,1783
0,7,16,7,0,0,7,-1422.7198795180723,21.560181168855834,1660
0,7,16,7,1,0,7,-1382.8715596330276,1.3952798372702244,109
0,7,16,8,1,0,7,-1435.6918181818182,14.333258411619658,1100
0,7,16,8,3,0,7,-1395.1326219512196,8.464187639317663,656
0,7,16,9,3,0,7,-1448.337142857143,7.130260893391956,525
0,7,16,9,7,0,7,-1407.3068739770868,15.928335883214157,1222
0,7,16,10,7,0,7,-1421.2396016403047,23.240231904730724,1707
0,7,16,11,7,0,7,-1444.6703470031546,8.575522951160796,634
0,7,16,11,7,1,7,-2285.8625114573783,14.359064968314351,1091
0,7,16,12,7,1,7,-2301.2095182820663,23.233870695059828,1723
0,7,17,2,6,1,7,-1403.347554630593,13.271985343452537,961
0,7,17,2,7,1,7,-1443.0140252454419,10.08573762461226,713
0,7,17,3,0,1,7,-1388.2407407407406,4.274971020875083,324
0,7,17,3,4,1,7,-1423.1205906480723,16.091342863640506,1219
0,7,17,3,6,1,7,-1455.5188679245282,2.8836923791177806,212
0,7,17,4,0,1,7,-1420.9925742574258,23.073922194815616,1616
0,7,17,5,0,0,7,-1385.6666666666667,2.7555606037235894,213
0,7,17,5,0,1,7,-1424.4668435013264,19.98622440328276,1508
0,7,17,6,0,0,7,-1419.836197021764,23.404985130328114,1746
0,7,17,7,0,0,7,-1424.268501529052,21.56428590996386,1635
0,7,17,7,1,0,7,-1383.0891089108911,1.4218869758981931,101
0,7,17,8,1,0,7,-1435.3064369900271,14.41196818986312,1103
0,7,17,8,3,0,7,-1395.1561051004637,8.475552020225937,647
0,7,17,9,3,0,7,-1447.8485915492959,7.320261635369527,568
0,7,17,9,7,0,7,-1408.1389365351629,15.977511325794561,1166
0,7,17,10,7,0,7,-1421.5326020719074,23.084912090656495,1641
0,7,17,11,7,0,7,-1445.7996941896024,8.385107661061893,654
0,7,17,11,7,1,7,-2285.8447789275633,14.69819900923154,1063
0,7,17,12,7,1,7,-2301.8287869994197,23.239354768979524,1723
0,7,18,2,6,1,7,-1403.215811965812,13.160433691136744,936
0,7,18,2,7,1,7,-1443.3595800524934,10.061065196830409,762
0,7,18,3,0,1,7,-1387.8294314381271,4.143052775259978,299
0,7,18,3,4,1,7,-1423.2036238136325,15.872005972168246,1159
0,7,18,3,6,1,7,-1455.4840182648402,2.9522022303299753,219
0,7,18,4,0,1,7,-1421.0357771260997,23.558709562360427,1705
0,7,18,5,0,0,7,-1385.5435897435898,2.965078359480985,195
0,7,18,5,0,1,7,-1426.6653543307086,20.31086056511686,1524
0,7,18,6,0,0,7,-1420.5716856628674,23.210419328935558,1667
0,7,18,7,0,0,7,-1422.753640776699,21.223584068795095,1648
0,7,18,7,1,0,7,-1383.1386138613861,1.4489989919788289,101
0,7,18,8,1,0,7,-1436.06589492431,14.455111337836072,1123
0,7,18,8,3,0,7,-1396.1194029850747,8.781425726283443,603
0,7,18,9,3,0,7,-1448.2436363636364,7.401640202409052,550
0,7,18,9,7,0,7,-1407.7589285714287,15.966340451811163,1120
0,7,18,10,7,0,7,-1419.8031358885016,22.855988359105883,1722
0,7,18,11,7,0,7,-1445.657894736842,8.732768945909351,608
0,7,18,11,7,1,7,-2284.6601307189544,14.285938434600538,1071
0,7,18,12,7,1,7,-2300.2210587550903,22.80376357790499,1719
0,7,19,2,6,1,7,-1402.8123076923077,13.001958523378216,975
0,7,19,2,7,1,7,-1443.001386962552,9.998404769638313,721
0,7,19,3,0,1,7,-1387.8950617283951,4.274685786849615,324
0,7,19,3,4,1,7,-1422.1092211280215,15.520531785774894,1117
0,7,19,3,6,1,7,-1455.6493506493507,2.8849493026692477,231
0,7,19,4,0,1,7,-1419.97060518732,23.42770473608342,1735
0,7,19,5,0,0,7,-1385.4198113207547,2.8497242439491135,212
0,7,19,5,0,1,7,-1424.7622775800712,20.29779366218732,1405
0,7,19,6,0,0,7,-1421.3030477285797,23.052846928161102,1739
0,7,19,7,0,0,7,-1423.3349784083898,21.65994131614856,1621
0,7,19,7,1,0,7,-1383.024,1.3473767106413477,125
0,7,19,8,1,0,7,-1434.429970617042,14.446911931204724,1021
0,7,19,8,3,0,7,-1395.2631578947369,8.371896001452207,608
0,7,19,9,3,0,7,-1447.741550695825,7.075340312504593,503
0,7,19,9,7,0,7,-1408.1251101321586,16.055471966083417,1135
0,7,19,10,7,0,7,-1420.0681293302541,23.009486455352473,1732
0,7,19,11,7,0,7,-1445.8306188925083,9.041019836378137,614
0,7,19,11,7,1,7,-2285.001809954751,14.492563122703803,1105
0,7,19,12,7,1,7,-2300.080452920143,22.981156955268002,1678
0,7,20,2,6,1,7,-1402.9297475301867,13.24229593321374,911
0,7,20,2,7,1,7,-1442.7415426251691,9.980334834669632,739
0,7,20,3,0,1,7,-1388.2214983713354,4.266732957763366,307
0,7,20,3,4,1,7,-1423.033167495854,15.90056877327243,1206
0,7,20,3,6,1,7,-1455.46261682243,2.8606261442765106,214
0,7,20,4,0,1,7,-1420.9240356083087,23.285102744595754,1685
0,7,20,5,0,0,7,-1385.5,2.9072039595379753,218
0,7,20,5,0,1,7,-1425.4772277227723,19.95479982056041,1515
0,7,20,6,0,0,7,-1420.032640949555,23.173672833843696,1685
0,7,20,7,0,0,7,-1423.150564617315,21.94266317151328,1594
0,7,20,7,1,0,7,-1383.032967032967,1.3130833561047883,91
0,7,20,8,1,0,7,-1435.3788706739526,14.131389371663014,1098
0,7,20,8,3,0,7,-1395.4226646248085,8.705962872128012,653
0,7,20,9,3,0,7,-1447.6,7.324458499290569,520
0,7,20,9,7,0,7,-1408.3809523809523,16.269493960332667,1155
0,7,20,10,7,0,7,-1420.3460427498555,23.04008663981663,1731
0,7,20,11,7,0,7,-1445.2340764331211,8.557280838960342,628
0,7,20,11,7,1,7,-2285.10559566787,14.305355000293664,1108
0,7,20,12,7,1,7,-2299.800899887514,22.914369850559638,1778
0,7,21,2,6,1,7,-1403.079569892473,12.811961473737314,930
0,7,21,2,7,1,7,-1442.5809906291834,10.176083601554952,747
0,7,21,3,0,1,7,-1388.0962732919254,4.20514899108642,322
0,7,21,3,4,1,7,-1423.2033613445378,15.542265134407707,1190
0,7,21,3,6,1,7,-1455.0796019900497,2.752408595309995,201
0,7,21,4,0,1,7,-1420.4671201814058,22.72073749056406,1764
0,7,21,5,0,0,7,-1385.8090909090909,2.7286208789272948,220
0,7,21,5,0,1,7,-1424.7853185595568,19.81569247116545,1444
0,7,21,6,0,0,7,-1420.5507507507507,23.287960538507722,1665
0,7,21,7,0,0,7,-1422.8813767670558,21.48480553577098,1627
0,7,21,7,1,0,7,-1382.8555555555556,1.3212881854788159,90
0,7,21,8,1,0,7,-1435.2494969818913,14.24067786960305,994
0,7,21,8,3,0,7,-1395.20367278798,8.776881143322825,599
0,7,21,9,3,0,7,-1448.2164750957854,7.108159780688548,522
0,7,21,9,7,0,7,-1408.1647157190635,15.769624685201016,1196
0,7,21,10,7,0,7,-1420.313701923077,23.43636853161203,1664
0,7,21,11,7,0,7,-1445.5812101910828,8.630679453813494,628
0,7,21,11,7,1,7,-2284.742337164751,14.415153023222995,1044
0,7,21,12,7,1,7,-2300.5142694063925,23.00996958917679,1752
0,7,22,2,6,1,7,-1403.2369230769232,13.061600434744799,975
0,7,22,2,7,1,7,-1443.0220492866408,10.158192668499412,771
0,7,22,3,0,1,7,-1388.254716981132,4.41707946017249,318
0,7,22,3,4,1,7,-1423.68,15.81647664093417,1200
0,7,22,3,6,1,7,-1455.274336283186,2.815091402403218,226
0,7,22,4,0,1,7,-1420.2417452830189,22.37429355417638,1696
0,7,22,5,0,0,7,-1385.2857142857142,2.9654583767039755,217
0,7,22,5,0,1,7,-1425.5083333333334,20.629568517587526,1440
0,7,22,6,0,0,7,-1420.6965202509982,23.057661651870824,1753
0,7,22,7,0,0,7,-1423.383728379244,21.523598876228508,1561
0,7,22,7,1,0,7,-1382.9292929292928,1.36516935911002,99
0,7,22,8,1,0,7,-1435.9847764034253,14.174519037194695,1051
0,7,22,8,3,0,7,-1395.48738170347,8.716386454798455,634
0,7,22,9,3,0,7,-1448.0898203592815,7.428831744311846,501
0,7,22,9,7,0,7,-1408.645799011532,16.14385733950419,1214
0,7,22,10,7,0,7,-1420.2927120669056,23.271995300901565,1674
0,7,22,11,7,0,7,-1445.2507788161993,8.45720624083295,642
0,7,22,11,7,1,7,-2285.15988909427,14.709991926026248,1082
0,7,22,12,7,1,7,-2301.2535211267605,23.152693782493966,1704
0,7,23,2,6,1,7,-1403.6953290870488,12.902935011009756,942
0,7,23,2,7,1,7,-1443.3935483870969,10.210871356563908,775
0,7,23,3,0,1,7,-1387.801724137931,4.272109147466143,348
0,7,23,3,4,1,7,-1423.4461152882207,15.553604036563367,1197
0,7,23,3,6,1,7,-1455.6968325791854,2.8032687633080133,221
0,7,23,4,0,1,7,-1420.4963985594238,23.02739219606337,1666
0,7,23,5,0,0,7,-1385.9913043478261,2.731445395908143,230
0,7,23,5,0,1,7,-1426.0040295500337,20.09390272388876,1489
0,7,23,6,0,0,7,-1420.5246583481878,23.075990185499588,1683
0,7,23,7,0,0,7,-1423.67188478397,21.67780907179987,1597
0,7,23,7,1,0,7,-1382.7719298245613,1.401972843838221,114
0,7,23,8,1,0,7,-1435.591928251121,14.367480949630071,1115
0,7,23,8,3,0,7,-1395.329563812601,8.497910888593081,619
0,7,23,9,3,0,7,-1447.758945386064,7.495779730328803,531
0,7,23,9,7,0,7,-1407.949452401011,15.625540385431044,1187
0,7,23,10,7,0,7,-1420.5217650566487,23.274956221339785,1677
0,7,23,11,7,0,7,-1445.9320882852292,8.612117211907698,589
0,7,23,11,7,1,7,-2285.8532818532817,14.575052032117886,1036
0,7,23,12,7,1,7,-2300.2864523536164,23.378334690041196,1742
0,7,24,2,6,1,7,-1404.715291750503,12.996146602927315,994
0,7,24,2,7,1,7,-1442.8527851458887,10.07917326084024,754
0,7,24,3,0,1,7,-1388.3482142857142,4.13401213536205,336
0,7,24,3,4,1,7,-1423.3636363636363,15.988176234032872,1122
0,7,24,3,6,1,7,-1455.5357142857142,2.728580777944127,224
0,7,24,4,0,1,7,-1421.2194141298105,23.182642497231818,1741
0,7,24,5,0,0,7,-1385.2422680412371,2.8244271402242216,194
0,7,24,5,0,1,7,-1425.4726810673444,20.489379982061127,1574
0,7,24,6,0,0,7,-1421.1732729331823,23.25325849963638,1766
0,7,24,7,0,0,7,-1422.7245901639344,21.886747661377147,1525
0,7,24,7,1,0,7,-1383.1759259259259,1.3732140165995097,108
0,7,24,8,1,0,7,-1435.7495183044316,14.321281668595761,1038
0,7,24,8,3,0,7,-1395.500745156483,8.697238168203535,671
0,7,24,9,3,0,7,-1447.9221014492753,7.507683306301556,552
0,7,24,9,7,0,7,-1407.6365894039734,16.21041951804734,1208
0,7,24,10,7,0,7,-1420.6213649851632,23.498575382797686,1685
0,7,24,11,7,0,7,-1445.6537162162163,8.700342862175651,592
0,7,24,11,7,1,7,-2285.328664799253,14.63953149331627,1071
0,7,24,12,7,1,7,-2300.9286112660347,22.956333123436362,1793
0,7,25,2,6,1,7,-1402.7970085470085,13.346765334612055,936
0,7,25,2,7,1,7,-1443.2878179384204,10.05321311321442,747
0,7,25,3,0,1,7,-1388.0714285714287,4.259938012683579,322
0,7,25,3,4,1,7,-1423.012145748988,16.034396676270948,1235
0,7,25,3,6,1,7,-1455.3497942386832,2.731667280298931,243
0,7,25,4,0,1,7,-1419.2711864406779,23.33495795383522,1711
0,7,25,5,0,0,7,-1385.5527638190954,2.8630341812997755,199
0,7,25,5,0,1,7,-1425.1078042328043,20.024776780915964,1512
0,7,25,6,0,0,7,-1419.4261744966443,23.137939333393707,1788
0,7,25,7,0,0,7,-1421.5874547647768,21.857552584436775,1658
0,7,25,8,1,0,7,-1436.1560693641618,14.51849915421894,1038
0,7,25,8,3,0,7,-1395.2854640980736,8.306357086107154,571
0,7,25,9,3,0,7,-1447.7670682730923,7.1018098151346,498
0,7,25,9,7,0,7,-1408.45593220339,16.13477948025643,1180
0,7,25,10,7,0,7,-1421.2228739002933,23.600602754838356,1705
0,7,25,11,7,0,7,-1445.5219364599093,8.584978958817626,661
0,7,25,11,7,1,7,-2285.540796963947,14.640270477967361,1054
0,7,25,12,7,1,7,-2300.0603907637656,23.408335519268242,1689
0,7,26,2,6,1,7,-1402.5614583333333,12.755487951202216,960
0,7,26,2,7,1,7,-1443.9418604651162,10.3456031006309,688
0,7,26,3,0,1,7,-1388.2408759124087,4.293137534453398,274
0,7,26,3,4,1,7,-1423.099510603589,15.339758971606942,1226
0,7,26,3,6,1,7,-1455.5636363636363,2.893652214826464,220
0,7,26,4,0,1,7,-1420.0607701564381,23.010708308946764,1662
0,7,26,5,0,0,7,-1385.4818181818182,2.7723695745241845,220
0,7,26,5,0,1,7,-1426.4173669467787,20.471152916987524,1428
0,7,26,6,0,0,7,-1420.687134502924,23.05611787185842,1710
0,7,26,7,0,0,7,-1423.568281938326,21.54787199575673,1589
0,7,26,7,1,0,7,-1382.8785046728972,1.4706491693000565,107
0,7,26,8,1,0,7,-1434.9183123877917,14.329150913890974,1114
0,7,26,8,3,0,7,-1395.483870967742,8.516774867286603,651
0,7,26,9,3,0,7,-1448.281954887218,7.278780929369298,532
0,7,26,9,7,0,7,-1408.5216216216215,15.8716411238798,1110
0,7,26,10,7,0,7,-1420.2240687679084,23.059551522007546,1745
0,7,26,11,7,0,7,-1444.8963893249609,8.55815471234913,637
0,7,26,11,7,1,7,-2285.0405405405404,14.566132991932957,1110
0,7,26,12,7,1,7,-2299.9092996555682,23.054590898725554,1742
0,7,27,2,6,1,7,-1403.6261682242991,13.261465994858911,963
0,7,27,2,7,1,7,-1442.5733333333333,10.144125831681006,750
0,7,27,3,0,1,7,-1387.948484848485,4.3001494837975525,330
0,7,27,3,4,1,7,-1422.119067443797,16.106793198528866,1201
0,7,27,3,6,1,7,-1455.7177033492824,2.875689638588562,209
0,7,27,4,0,1,7,-1421.7476525821596,23.183305706992165,1704
0,7,27,5,0,0,7,-1385.513043478261,2.8372222097799193,230
0,7,27,5,0,1,7,-1425.4167767503302,20.189655817479593,1514
0,7,27,6,0,0,7,-1420.077013521458,23.098120474326556,1701
0,7,27,7,0,0,7,-1423.0785804816223,21.678434788214002,1578
0,7,27,7,1,0,7,-1383.0,1.4208687217954463,106
0,7,27,8,1,0,7,-1435.0725338491295,14.355178200293743,1034
0,7,27,8,3,0,7,-1395.4716088328075,8.721595533050612,634
0,7,27,9,3,0,7,-1447.725338491296,7.1064029843774925,517
0,7,27,9,7,0,7,-1407.7038019451813,15.967910284162043,1131
0,7,27,10,7,0,7,-1420.112089201878,23.01374348215251,1704
0,7,27,11,7,0,7,-1445.2818897637794,8.77653831390388,635
0,7,27,11,7,1,7,-2285.3576158940396,14.103040903200675,1057
0,7,27,12,7,1,7,-2299.295400943396,22.775889841985475,1696
0,7,28,2,6,1,7,-1402.6020512820512,12.977439828814857,975
0,7,28,2,7,1,7,-1443.0932642487046,10.22653290980275,772
0,7,28,3,0,1,7,-1388.251461988304,4.336832011695834,342
0,7,28,3,4,1,7,-1422.3899422918385,15.651147399416997,1213
0,7,28,3,6,1,7,-1455.2107843137255,2.8352959822043298,204
0,7,28,4,0,1,7,-1420.2366898148148,23.36867603434689,1728
0,7,28,5,0,0,7,-1385.3849765258217,2.8104699662278243,213
0,7,28,5,0,1,7,-1425.3498659517427,19.84030361247199,1492
0,7,28,6,0,0,7,-1421.3348390739695,23.612154614251754,1771
0,7,28,7,0,0,7,-1422.624292007552,21.455864549224255,1589
0,7,28,7,1,0,7,-1382.7978723404256,1.4185682565838982,94
0,7,28,8,1,0,7,-1435.1312849162011,14.695560105122661,1074
0,7,28,8,3,0,7,-1395.570287539936,8.694440894814678,626
0,7,28,9,3,0,7,-1448.1412639405205,7.179232743764905,538
0,7,28,9,7,0,7,-1407.5799648506152,16.08526334912689,1138
0,7,28,10,7,0,7,-1420.7667450058755,22.58768522785179,1702
0,7,28,11,7,0,7,-1445.3596358118361,8.490802514074009,659
0,7,28,11,7,1,7,-2285.5042654028434,14.6879623410384,1055
0,7,28,12,7,1,7,-2300.024317912218,23.344523705796146,1686
0,7,29,2,6,1,7,-1403.4164926931107,12.792580844015854,958
0,7,29,2,7,1,7,-1442.9043126684637,10.242886309295228,742
0,7,29,3,0,1,7,-1388.0950819672132,4.125189562600917,305
0,7,29,3,4,1,7,-1423.6415739948675,15.94657514237149,1169
0,7,29,3,6,1,7,-1455.609442060086,2.962903131654731,233
0,7,29,4,0,1,7,-1421.082795067528,23.26771515097673,1703
0,7,29,5,0,1,7,-1426.138888888889,20.232589898564598,1512
0,7,29,6,0,0,7,-1420.0679314565484,22.970917961094738,1634
0,7,29,7,0,0,7,-1423.455042527339,21.256007272498838,1646
0,7,29,7,1,0,7,-1383.0430107526881,1.465840274241555,93
0,7,29,8,1,0,7,-1434.2109515260322,14.417020237346678,1114
0,7,29,8,3,0,7,-1395.3920634920635,8.5011820202884,630
0,7,29,9,3,0,7,-1448.0867924528302,7.066798205797533,530
0,7,29,9,7,0,7,-1407.4254952627045,15.458588656664032,1161
0,7,29,10,7,0,7,-1420.0498550724637,22.79302858667193,1725
0,7,29,11,7,0,7,-1445.2854938271605,8.698320368059107,648
0,7,29,11,7,1,7,-2284.721402214022,14.449743146564092,1084
0,7,29,12,7,1,7,-2301.854027861902,22.72869268250707,1651
0,7,30,2,6,1,7,-1403.232312565998,13.132534192371594,947
0,7,30,2,7,1,7,-1442.8247978436657,10.161845538276493,742
0,7,30,3,0,1,7,-1388.0,4.270765343551696,284
0,7,30,3,4,1,7,-1423.3021201413428,15.522885046574263,1132
0,7,30,3,6,1,7,-1455.4155844155844,2.963050884864616,231
0,7,30,4,0,1,7,-1421.2394766780433,22.804333913363163,1758
0,7,30,5,0,0,7,-1385.2522522522522,2.856850368276577,222
0,7,30,5,0,1,7,-1425.7758379888269,20.67034830084985,1432
0,7,30,6,0,0,7,-1420.1421021726364,23.243756841457262,1703
0,7,30,7,0,0,7,-1423.8802281368821,21.772681501607646,1578
0,7,30,7,1,0,7,-1383.0980392156862,1.4383392106550505,102
0,7,30,8,1,0,7,-1435.25956284153,14.208537435532103,1098
0,7,30,8,3,0,7,-1395.443561208267,8.686122406061834,629
0,7,30,9,3,0,7,-1448.196597353497,7.354326154454088,529
0,7,30,9,7,0,7,-1408.345259391771,15.97053217399118,1118
0,7,30,10,7,0,7,-1419.781108597285,23.539683075900268,1768
0,7,30,11,7,0,7,-1445.4228395061727,8.82373185161987,648
0,7,30,11,7,1,7,-2284.8984587488667,14.117902299891522,1103
0,7,30,12,7,1,7,-2301.4603817235397,23.13177399758476,1729
0,7,31,2,6,1,7,-1403.6344902386118,12.674458200784924,922
0,7,31,2,7,1,7,-1443.2577319587629,10.270344005444823,776
0,7,31,3,0,1,7,-1388.287833827893,4.252798038168468,337
0,7,31,3,4,1,7,-1422.941976427924,15.945518259871037,1103
0,7,31,3,6,1,7,-1455.2772727272727,2.8904909646526735,220
0,7,31,4,0,1,7,-1420.8676381299333,23.538689683773068,1647
0,7,31,5,0,0,7,-1385.8738317757009,2.8527683373971064,214
0,7,31,5,0,1,7,-1425.5546448087432,20.476222856505633,1464
0,7,31,6,0,0,7,-1420.3703051643192,22.982685581247654,1704
0,7,31,7,0,0,7,-1422.8333333333333,21.37638102746585,1596
0,7,31,7,1,0,7,-1382.9545454545455,1.3442562230593254,110
0,7,31,8,1,0,7,-1435.1114341085272,14.582370458052013,1032
0,7,31,8,3,0,7,-1395.7223088923556,9.10285917803906,641
0,7,31,9,3,0,7,-1448.172607879925,7.219439059120799,533
0,7,31,9,7,0,7,-1407.9141205615194,16.13109661185891,1211
0,7,31,10,7,0,7,-1420.3174508636093,23.418809078086223,1679
0,7,31,11,7,0,7,-1445.5,8.518305376051341,642
0,7,31,11,7,1,7,-2285.4570230607965,14.44256817970019,954
0,7,31,12,7,1,7,-2300.308092485549,23.59625211136573,1730
0,7,32,2,6,1,7,-1403.5010548523207,13.206770053966753,948
0,7,32,2,7,1,7,-1442.8477419354838,10.321292338978477,775
0,7,32,3,0,1,7,-1387.6594427244581,4.286395318798654,323
0,7,32,3,4,1,7,-1423.4341666666667,15.781127947819845,1200
0,7,32,3,6,1,7,-1455.4444444444443,2.8703106326316217,243
0,7,32,4,0,1,7,-1420.2945410917816,22.984154844581017,1667
0,7,32,5,0,0,7,-1385.8703703703704,2.9583297107573894,216
0,7,32,5,0,1,7,-1424.8716260697827,20.418626806443356,1519
0,7,32,6,0,0,7,-1420.7320024198427,23.207659272844847,1653
0,7,32,7,0,0,7,-1423.4114356743319,21.88565160482189,1609
0,7,32,7,1,0,7,-1382.9741379310344,1.380037523901834,116
0,7,32,8,1,0,7,-1434.2466150870407,14.801527482489005,1034
0,7,32,8,3,0,7,-1396.2463976945246,8.760079907823037,694
0,7,32,9,3,0,7,-1448.3473282442749,7.078996222507294,524
0,7,32,9,7,0,7,-1408.2482817869416,15.895417615508979,1164
0,7,32,10,7,0,7,-1420.2568914956012,22.83483321446548,1705
0,7,32,11,7,0,7,-1445.4629032258065,8.635088468648815,620
0,7,32,11,7,1,7,-2285.564561734213,14.22436439470683,1061
0,7,32,12,7,1,7,-2300.1977958236657,23.392886057777197,1724
0,7,33,2,6,1,7,-1403.6830491474423,12.622115390123414,997
0,7,33,2,7,1,7,-1442.7938271604937,10.138459299035036,810
0,7,33,3,0,1,7,-1387.72049689441,4.286641361616882,322
0,7,33,3,4,1,7,-1421.9345794392523,15.694674987213748,1177
0,7,33,3,6,1,7,-1455.46192893401,2.827497743199396,197
0,7,33,4,0,1,7,-1420.3024954351795,23.317996202663853,1643
0,7,33,5,0,0,7,-1385.479381443299,2.8288075570343527,194
0,7,33,5,0,1,7,-1425.9612944162436,20.38298656899602,1576
0,7,33,6,0,0,7,-1420.9714625445897,23.00199844239664,1682
0,7,33,7,0,0,7,-1423.0282451923076,21.557638421788024,1664
0,7,33,7,1,0,7,-1383.2,1.3461700905782006,115
0,7,33,8,1,0,7,-1435.9473206176203,14.69418640396388,1101
0,7,33,8,3,0,7,-1395.7369230769232,8.630893869915404,650
0,7,33,9,3,0,7,-1447.9906890130353,7.20941778090081,537
0,7,33,9,7,0,7,-1407.4536796536797,16.03352202265936,1155
0,7,33,10,7,0,7,-1420.1071856287426,22.970481106386224,1670
0,7,33,11,7,0,7,-1445.2717717717717,8.659543964080493,666
0,7,33,11,7,1,7,-2286.570192307692,14.423634316156688,1040
0,7,33,12,7,1,7,-2300.6367276887872,23.441713125002963,1748
0,7,34,2,6,1,7,-1403.1971971971973,13.124038728390998,999
0,7,34,2,7,1,7,-1442.9724770642201,10.350503626358117,763
0,7,34,3,0,1,7,-1388.2072072072071,4.391057901909175,333
0,7,34,3,4,1,7,-1422.7403685092127,15.875391928268316,1194
0,7,34,3,6,1,7,-1455.6264367816093,2.8453616123566894,174
0,7,34,4,0,1,7,-1420.638364779874,23.201537844130804,1590
0,7,34,5,0,0,7,-1385.2952380952381,2.6776813335577194,210
0,7,34,5,0,1,7,-1425.4669811320755,20.11438620480112,1484
0,7,34,6,0,0,7,-1420.5411280846063,22.888538753012295,1702
0,7,34,7,0,0,7,-1422.876445526476,21.59593972402601,1643
0,7,34,7,1,0,7,-1382.9357798165138,1.3012007817720943,109
0,7,34,8,1,0,7,-1435.815992292871,14.591081768498901,1038
0,7,34,8,3,0,7,-1395.373887240356,8.581757307224693,674
0,7,34,9,3,0,7,-1448.235831809872,7.342319009675821,547
0,7,34,9,7,0,7,-1408.1665278934222,16.01889741697274,1201
0,7,34,10,7,0,7,-1420.7650496785507,22.32127601478728,1711
0,7,34,11,7,0,7,-1445.6277955271566,8.642923231010078,626
0,7,34,11,7,1,7,-2285.6394187102633,14.738774395730678,1101
0,7,34,12,7,1,7,-2300.3979118329466,22.614173230650827,1724
0,7,35,2,6,1,7,-1407.9267707082834,10.657301292731567,833
0,7,35,2,7,1,7,-1443.6499356499357,10.155216403484264,777
0,7,35,11,7,1,7,-2285.032196969697,14.266036474371907,1056
0,7,35,12,7,1,7,-2299.933449074074,23.037476344983876,1728
1,0,1,2,0,0,8,-1811.1978193146417,8.804724459905866,642
1,0,1,2,1,0,8,-1770.5580110497237,14.33786745612566,1086
1,0,1,3,1,0,8,-1823.0196078431372,1.393123111279413,102
1,0,1,3,3,0,8,-1793.100169779287,15.702512963977297,1178
1,0,1,3,7,0,8,-1755.4018264840183,5.664775108447758,438
1,0,1,4,7,0,8,-1785.1726700971983,23.086803331523463,1749
1,0,1,5,7,0,8,-1792.5153788447112,18.670011874279897,1333
1,0,1,7,6,1,8,-2630.4158878504672,2.859633645263769,214
1,0,1,7,7,1,8,-2648.1676082862523,7.2473234052251,531
1,0,1,8,4,1,8,-2643.3468586387435,10.262974323466013,764
1,0,1,8,6,1,8,-2683.3797468354433,12.747933196353905,948
1,0,1,9,0,1,8,-2655.7673860911273,17.386271064957956,1251
1,0,1,9,4,1,8,-2695.275534441805,5.821582827253564,421
1,0,1,10,0,1,8,-2665.915133531157,22.510094855046106,1685
1,0,1,11,0,0,8,-2652.7571428571428,15.845334766217785,1190
1,0,1,11,0,1,8,-2693.4217821782177,7.070110057862097,505
1,0,1,12,0,0,8,-2666.9921875,22.834280940723097,1664
1,0,2,2,0,0,8,-1810.431643625192,8.544966281857224,651
1,0,2,2,1,0,8,-1770.423336547734,14.75858951819393,1037
1,0,2,3,1,0,8,-1823.0194174757282,1.3651742128901603,103
1,0,2,3,3,0,8,-1792.395020746888,15.723702807528609,1205
1,0,2,3,7,0,8,-1755.0392609699768,5.947097913095208,433
1,0,2,4,7,0,8,-1786.3391304347826,23.080710419015485,1725
1,0,2,5,7,0,8,-1793.140525195174,18.68912262464381,1409
1,0,2,5,7,1,8,-2633.2600619195046,4.066077593197335,323
1,0,2,6,7,1,8,-2665.818911174785,22.893534277343146,1745
1,0,2,7,6,1,8,-2630.482051282051,2.9024191322908224,195
1,0,2,7,7,1,8,-2669.8504418762745,20.417916067567955,1471
1,0,2,8,4,1,8,-2643.042524005487,10.121869310967845,729
1,0,2,8,6,1,8,-2683.114285714286,12.856458535569718,945
1,0,2,9,0,1,8,-2655.784298176051,17.38556852520734,1261
1,0,2,9,4,1,8,-2695.752551020408,5.75720432629979,392
1,0,2,10,0,1,8,-2665.4862068965517,23.064086988240142,1740
1,0,2,11,0,0,8,-2653.0766609880748,15.635626894187654,1174
1,0,2,11,0,1,8,-2692.8988764044943,6.9995370801872685,534
1,0,2,12,0,0,8,-2665.56086196855,23.1240468634854,1717
1,0,3,2,0,0,8,-1810.7410296411856,8.633010957451983,641
1,0,3,2,1,0,8,-1770.0184615384615,14.569784951423179,975
1,0,3,3,1,0,8,-1823.0747663551401,1.2876184971380933,107
1,0,3,3,3,0,8,-1792.5804794520548,15.757158487672495,1168
1,0,3,3,7,0,8,-1755.3186813186812,5.70883087064555,455
1,0,3,4,7,0,8,-1785.3783160322953,22.821606760069617,1734
1,0,3,5,7,0,8,-1792.7687366167024,18.623300370134896,1401
1,0,3,5,7,1,8,-2632.86013986014,4.2740089408849355,286
1,0,3,6,7,1,8,-2665.9861111111113,23.193275918649803,1728
1,0,3,7,6,1,8,-2630.82722513089,2.764110329392344,191
1,0,3,7,7,1,8,-2671.5138696255203,20.338164397817344,1442
1,0,3,8,4,1,8,-2643.032258064516,10.17956165785233,775
1,0,3,8,6,1,8,-2683.5113759479955,12.937579559070606,923
1,0,3,9,0,1,8,-2655.7372611464966,17.12573621503678,1256
1,0,3,9,4,1,8,-2695.6744186046512,5.723377136809852,387
1,0,3,10,0,1,8,-2665.369988545246,23.385790168136968,1746
1,0,3,11,0,0,8,-2653.2774086378736,15.68489935269544,1204
1,0,3,11,0,1,8,-2692.968253968254,7.122687572604103,567
1,0,3,12,0,0,8,-2665.242123687281,23.107891112439127,1714
1,0,4,2,0,0,8,-1810.2028301886792,8.791150755914739,636
1,0,4,2,1,0,8,-1771.1585820895523,14.370790786879411,1072
1,0,4,3,3,0,8,-1792.1309627059843,15.5870725182583,1153
1,0,4,3,7,0,8,-1755.357142857143,5.839463993869149,476
1,0,4,4,7,0,8,-1785.3398280802292,22.871279044432974,1745
1,0,4,5,7,0,8,-1792.8346863468635,18.816240330589313,1355
1,0,4,5,7,1,8,-2632.698051948052,4.3755960005297245,308
1,0,4,6,7,1,8,-2665.363526570048,23.450600213352114,1656
1,0,4,7,6,1,8,-2630.4976958525344,2.7925582874232213,217
1,0,4,7,7,1,8,-2671.1935704514362,20.447393707117826,1462
1,0,4,8,4,1,8,-2642.873772791024,10.314999464695525,713
1,0,4,8,6,1,8,-2682.8948497854076,13.111182499025265,932
1,0,4,9,0,1,8,-2654.8874120406567,17.437384625882316,1279
1,0,4,9,4,1,8,-2695.4231678487,5.699996465240865,423
1,0,4,10,0,1,8,-2665.560479041916,23.065039407832934,1670
1,0,4,11,0,0,8,-2653.1132713440406,15.864782116833117,1183
1,0,4,11,0,1,8,-2692.7200674536257,7.377959428130216,593
1,0,4,12,0,0,8,-2666.2548047117175,23.35528810555731,1613
1,0,5,2,0,0,8,-1810.1733333333334,8.387532193466152,675
1,0,5,2,1,0,8,-1770.7205081669692,14.484359062612612,1102
1,0,5,3,1,0,8,-1823.2268907563025,1.3437497690319817,119
1,0,5,3,3,0,8,-1793.3039383561643,15.629515837413404,1168
1,0,5,3,7,0,8,-1755.6460396039604,5.65037098217585,404
1,0,5,4,7,0,8,-1785.9073405535498,22.856241599433993,1662
1,0,5,5,7,0,8,-1793.4281546316556,18.30803917659046,1371
1,0,5,5,7,1,8,-2633.288088642659,4.271284905129468,361
1,0,5,6,7,1,8,-2665.6267523364486,23.117948466964965,1712
1,0,5,7,6,1,8,-2630.6971153846152,2.7768949434088293,208
1,0,5,7,7,1,8,-2669.5548469387754,20.138697695616138,1568
1,0,5,8,4,1,8,-2643.6124661246613,9.752156686740193,738
1,0,5,8,6,1,8,-2682.9439918533603,12.781331837352475,982
1,0,5,9,0,1,8,-2655.615751789976,17.51479447635994,1257
1,0,5,9,4,1,8,-2695.4441687344915,5.85123553710658,403
1,0,5,10,0,1,8,-2666.281195079086,22.985808850904125,1707
1,0,5,11,0,0,8,-2653.027777777778,15.574950706361737,1152
1,0,5,11,0,1,8,-2693.268965517241,7.394550810562334,580
1,0,5,12,0,0,8,-2665.307285546416,23.184772161885952,1702
1,0,6,2,0,0,8,-1809.814502529511,8.748075700551853,593
1,0,6,2,1,0,8,-1770.4770916334662,14.425052669889737,1004
1,0,6,3,1,0,8,-1823.1833333333334,1.4022798895573925,120
1,0,6,3,3,0,8,-1792.9659574468085,15.80069048579026,1175
1,0,6,3,7,0,8,-1755.7406542056074,5.673395161310201,428
1,0,6,4,7,0,8,-1785.262778111846,23.621618434516332,1663
1,0,6,5,7,0,8,-1792.929209621993,18.78772189161728,1455
1,0,6,5,7,1,8,-2632.547400611621,4.263139533899977,327
1,0,6,6,7,1,8,-2664.626456876457,23.60770535754502,1716
1,0,6,7,7,1,8,-2670.4443013522214,19.984015377709017,1553
1,0,6,8,4,1,8,-2643.0,9.99262462605669,746
1,0,6,8,6,1,8,-2683.0179324894516,12.90923749111551,948
1,0,6,9,0,1,8,-2655.2743902439024,17.531574727692494,1312
1,0,6,9,4,1,8,-2695.041570438799,5.958914708855873,433
1,0,6,10,0,1,8,-2665.169560185185,23.13631253412804,1728
1,0,6,11,0,0,8,-2652.8577202910265,15.947796779752586,1237
1,0,6,11,0,1,8,-2693.5901328273244,6.945910389576735,527
1,0,6,12,0,0,8,-2664.3662721893493,23.082079904749182,1690
1,0,7,2,0,0,8,-1810.4349845201239,8.83778558813557,646
1,0,7,2,1,0,8,-1770.5645161290322,14.114367563570163,1116
1,0,7,3,1,0,8,-1823.1057692307693,1.33674597153684,104
1,0,7,3,3,0,8,-1792.8378151260504,15.885929991578786,1190
1,0,7,3,7,0,8,-1755.517391304348,5.602573335284096,460
1,0,7,4,7,0,8,-1785.5068728522338,23.32334613858742,1746
1,0,7,5,7,0,8,-1792.8801418439716,19.093475621984194,1410
1,0,7,5,7,1,8,-2633.178913738019,4.447054821227674,313
1,0,7,6,7,1,8,-2664.562035448828,23.752710647343118,1749
1,0,7,7,6,1,8,-2630.8652849740934,2.9314247090911008,193
1,0,7,7,7,1,8,-2671.5527508090613,19.88364130292359,1545
1,0,7,8,4,1,8,-2643.4439890710382,9.743339013185182,732
1,0,7,8,6,1,8,-2683.3071500503524,13.179041282998126,993
1,0,7,9,0,1,8,-2654.5138778747028,17.05328234236805,1261
1,0,7,9,4,1,8,-2695.6892523364486,5.836893329500569,428
1,0,7,10,0,1,8,-2665.778488372093,23.161623784183007,1720
1,0,7,11,0,0,8,-2653.430009149131,15.933240633675851,1093
1,0,7,11,0,1,8,-2692.8990825688074,7.306331242269956,545
1,0,7,12,0,0,8,-2666.01377245509,22.976044322586105,1670
1,0,8,2,0,0,8,-1810.3937007874015,8.487654286128148,635
1,0,8,2,1,0,8,-1770.5104166666667,14.224521528154382,1056
1,0,8,3,1,0,8,-1822.8878504672898,1.422956661284489,107
1,0,8,3,3,0,8,-1793.4958053691275,15.7574414887225,1192
1,0,8,3,7,0,8,-1755.12,5.950557067399582,425
1,0,8,4,7,0,8,-1784.794825511432,22.89878629224516,1662
1,0,8,5,7,0,8,-1793.4665271966528,18.772492660452397,1434
1,0,8,5,7,1,8,-2632.9817629179333,4.325611356542641,329
1,0,8,6,7,1,8,-2665.8907753254102,23.068240092913605,1767
1,0,8,7,6,1,8,-2630.6439024390243,2.7876074873135663,205
1,0,8,7,7,1,8,-2671.0033829499325,20.540974976031578,1478
1,0,8,8,4,1,8,-2643.325997248968,10.085039968135689,727
1,0,8,8,6,1,8,-2683.113368983957,12.96238832584002,935
1,0,8,9,0,1,8,-2655.6503551696924,17.382282103552832,1267
1,0,8,9,4,1,8,-2695.326226012793,5.86905574991104,469
1,0,8,10,0,1,8,-2665.0696428571428,23.49666708617725,1680
1,0,8,11,0,0,8,-2652.758591785415,16.047145399387198,1193
1,0,8,11,0,1,8,-2692.3938223938226,7.396866214187043,518
1,0,8,12,0,0,8,-2665.2154798761608,23.465553609387403,1615
1,0,9,2,0,0,8,-1810.0642750373693,8.685523596158323,669
1,0,9,2,1,0,8,-1770.386075949367,14.437060055526176,1106
1,0,9,3,1,0,8,-1823.0777777777778,1.3517706724841323,90
1,0,9,3,3,0,8,-1792.69723183391,15.653581986729172,1156
1,0,9,3,7,0,8,-1755.6945107398567,5.892614481626991,419
1,0,9,4,7,0,8,-1785.557210965435,23.085037486428998,1678
1,0,9,5,7,0,8,-1793.448707909162,18.74545918115673,1277
1,0,9,5,7,1,8,-2632.8371335504885,4.236439057546972,307
1,0,9,6,7,1,8,-2665.2543387193296,23.31835339500436,1671
1,0,9,7,6,1,8,-2630.1458333333335,2.7021564175743333,192
1,0,9,7,7,1,8,-2670.3739468567724,20.172252919733122,1543
1,0,9,8,4,1,8,-2642.946808510638,10.077747786701993,752
1,0,9,8,6,1,8,-2682.903887688985,13.190105510326712,926
1,0,9,9,0,1,8,-2654.418548387097,17.64254785075019,1240
1,0,9,9,4,1,8,-2695.29216152019,5.693072869794991,421
1,0,9,10,0,1,8,-2666.5360946745564,23.101862142518872,1690
1,0,9,11,0,0,8,-2653.4473244147157,16.053935051372452,1196
1,0,9,11,0,1,8,-2692.689338235294,6.778059619767524,544
1,0,9,12,0,0,8,-2665.419297200715,22.881818426716567,1679
1,0,10,2,0,0,8,-1810.1525157232704,8.667350539200175,636
1,0,10,2,1,0,8,-1770.808365758755,13.92591738988772,1028
1,0,10,3,1,0,8,-1823.1836734693877,1.3120084213468104,98
1,0,10,3,3,0,8,-1792.7615262321144,16.103808165047933,1258
1,0,10,3,7,0,8,-1755.7334801762115,5.6930963489011965,454
1,0,10,4,7,0,8,-1785.6979827089338,22.877114937446226,1735
1,0,10,5,7,0,8,-1792.8207617625094,19.123297569969132,1339
1,0,10,5,7,1,8,-2633.2063492063494,4.372928008678492,315
1,0,10,6,7,1,8,-2665.5758280069726,23.213537125898707,1721
1,0,10,7,6,1,8,-2630.6894736842105,2.9007067626874425,190
1,0,10,7,7,1,8,-2669.330369357045,19.771876688820807,1462
1,0,10,8,4,1,8,-2643.209103840683,10.161306530422076,703
1,0,10,8,6,1,8,-2683.579175704989,13.030945987644277,922
1,0,10,9,0,1,8,-2655.98586017282,17.285272133945224,1273
1,0,10,9,4,1,8,-2695.328431372549,5.778168470467775,408
1,0,10,10,0,1,8,-2665.319593450028,23.052552219011524,1771
1,0,10,11,0,0,8,-2653.2390939597317,16.016006523158673,1192
1,0,10,11,0,1,8,-2692.724007561437,7.102238139162589,529
1,0,10,12,0,0,8,-2666.021276595745,22.932360635734128,1739
1,0,11,2,0,0,8,-1810.5353535353536,8.73238353103853,693
1,0,11,2,1,0,8,-1770.5938104448742,14.523621804375846,1034
1,0,11,3,3,0,8,-1793.1813559322034,16.184979169088344,1180
1,0,11,3,7,0,8,-1755.3774038461538,5.6957616657119035,416
1,0,11,4,7,0,8,-1785.8628158844765,23.351609509412146,1662
1,0,11,5,7,0,8,-1793.9651162790697,18.53807449103091,1462
1,0,11,5,7,1,8,-2633.158501440922,4.370546698854341,347
1,0,11,6,7,1,8,-2665.595025510204,23.320551301601714,1568
1,0,11,7,6,1,8,-2630.3137254901962,2.9438549892038726,204
1,0,11,7,7,1,8,-2670.0356915232633,20.321162621042735,1569
1,0,11,8,4,1,8,-2642.8194070080863,9.940645993874847,742
1,0,11,8,6,1,8,-2682.7689906347555,13.050080272952183,961
1,0,11,9,0,1,8,-2655.7,17.077530883286602,1310
1,0,11,9,4,1,8,-2695.0504587155965,5.91043431011802,436
1,0,11,10,0,1,8,-2665.5228832951943,23.24341501037825,1748
1,0,11,11,0,0,8,-2653.5183887915937,15.753828485151768,1142
1,0,11,11,0,1,8,-2693.1007194244603,7.209900231863419,556
1,0,11,12,0,0,8,-2666.3169590643274,22.818969847595007,1710
1,0,12,2,0,0,8,-1810.5856,8.655141399164696,625
1,0,12,2,1,0,8,-1770.1162377994676,14.611617117552898,1127
1,0,12,3,3,0,8,-1792.196319018405,15.708732074879318,1141
1,0,12,3,7,0,8,-1755.8799019607843,5.6653217542043945,408
1,0,12,4,7,0,8,-1785.0553337136337,23.31558379267149,1753
1,0,12,5,7,0,8,-1792.7982770997846,18.467221613747142,1393
1,0,12,5,7,1,8,-2633.031358885017,4.190048676400048,287
1,0,12,6,7,1,8,-2665.388952164009,22.785737477387546,1756
1,0,12,7,6,1,8,-2630.5803571428573,2.6897238068467,224
1,0,12,7,7,1,8,-2670.9702265372166,20.027014610005146,1545
1,0,12,8,4,1,8,-2643.1304347826085,10.154023778276613,759
1,0,12,8,6,1,8,-2683.3938428874735,12.799485968987845,942
1,0,12,9,0,1,8,-2656.0323824209713,17.11354074252025,1297
1,0,12,9,4,1,8,-2694.8899297423886,5.713664687771487,427
1,0,12,10,0,1,8,-2665.884834663626,23.16386936866714,1754
1,0,12,11,0,0,8,-2653.0552884615386,15.890833137382456,1248
1,0,12,11,0,1,8,-2692.8592321755027,7.420530943512819,547
1,0,12,12,0,0,8,-2665.186392224128,23.288618874619527,1749
1,0,13,2,0,0,8,-1810.101246105919,8.523416435386562,642
1,0,13,2,1,0,8,-1770.1449953227316,14.226239795303892,1069
1,0,13,3,1,0,8,-1823.0204081632653,1.4212641099632113,98
1,0,13,3,3,0,8,-1793.0214861235452,15.472836519172674,1117
1,0,13,3,7,0,8,-1755.759493670886,5.527869985731673,395
1,0,13,4,7,0,8,-1785.918918918919,23.038162673530366,1776
1,0,13,5,7,0,8,-1792.9978601997148,18.57584586579121,1402
1,0,13,5,7,1,8,-2632.774480712166,4.37176689656952,337
1,0,13,6,7,1,8,-2666.120260663507,22.8330353697799,1688
1,0,13,7,6,1,8,-2630.347222222222,2.8226582668172124,216
1,0,13,7,7,1,8,-2670.987919463087,20.150503891508873,1490
1,0,13,8,4,1,8,-2642.922666666667,10.25849336995077,750
1,0,13,8,6,1,8,-2683.180170575693,13.26483363954169,938
1,0,13,9,0,1,8,-2655.1639215686273,17.78311030370462,1275
1,0,13,9,4,1,8,-2695.424836601307,5.790864427049757,459
1,0,13,10,0,1,8,-2665.783371040724,23.155558335924333,1768
1,0,13,11,0,0,8,-2652.6922435362803,15.674797636778795,1199
1,0,13,11,0,1,8,-2692.900390625,7.056125430957992,512
1,0,13,12,0,0,8,-2666.96252230815,23.316851704557564,1681
1,0,14,2,0,0,8,-1810.5141509433963,8.84962357878466,636
1,0,14,2,1,0,8,-1770.0520732883317,14.359188525917455,1037
1,0,14,3,1,0,8,-1822.9418604651162,1.441532220931279,86
1,0,14,3,3,0,8,-1792.7021097046413,16.032505081181842,1185
1,0,14,3,7,0,8,-1755.274599542334,5.77199267490492,437
1,0,14,4,7,0,8,-1785.9347214406303,23.080544878266412,1777
1,0,14,5,7,0,8,-1793.8195329087048,18.7450013321205,1413
1,0,14,5,7,1,8,-2632.7524752475247,4.44936144918547,303
1,0,14,6,7,1,8,-2665.6051527860996,22.88341247755584,1669
1,0,14,7,6,1,8,-2630.5470085470088,2.7765677836163407,234
1,0,14,7,7,1,8,-2670.374649859944,20.270381076014257,1428
1,0,14,8,4,1,8,-2642.586118251928,10.3704351668207,778
1,0,14,8,6,1,8,-2683.206040992449,12.993552719146567,927
1,0,14,9,0,1,8,-2654.9103554868625,17.191295765738655,1294
1,0,14,9,4,1,8,-2695.291169451074,5.794507589387695,419
1,0,14,10,0,1,8,-2664.944382022472,23.110427310210145,1780
1,0,14,11,0,0,8,-2653.556313993174,16.12904665936773,1172
1,0,14,11,0,1,8,-2693.4341637010675,7.280850921257355,562
1,0,14,12,0,0,8,-2665.5115180153575,22.919580320703215,1693
1,0,15,2,0,0,8,-1809.917591125198,8.583487144917784,631
1,0,15,2,1,0,8,-1769.5753931544866,14.682394746846725,1081
1,0,15,3,1,0,8,-1823.076923076923,1.517160224786012,104
1,0,15,3,3,0,8,-1793.5555555555557,15.80918768512157,1188
1,0,15,3,7,0,8,-1755.590909090909,5.723230897072621,440
1,0,15,4,7,0,8,-1784.7669724770642,22.882657943626825,1635
1,0,15,5,7,0,8,-1793.36917562724,18.91556175168195,1395
1,0,15,5,7,1,8,-2632.84126984127,4.28065545046024,315
1,0,15,6,7,1,8,-2664.8480138169257,23.186732598485893,1737
1,0,15,7,6,1,8,-2630.2663316582916,2.9509256038940546,199
1,0,15,7,7,1,8,-2671.526902887139,20.399840090332134,1524
1,0,15,8,4,1,8,-2643.747155499368,9.871963589172815,791
1,0,15,8,6,1,8,-2682.7614379084966,13.232739606646229,918
1,0,15,9,0,1,8,-2656.149220489978,16.97447769031991,1347
1,0,15,9,4,1,8,-2695.1560975609755,5.7509298837665,410
1,0,15,10,0,1,8,-2665.333142857143,23.254477635993542,1750
1,0,15,11,0,0,8,-2652.491394148021,15.995384821156987,1162
1,0,15,11,0,1,8,-2693.0317164179105,7.148277741155664,536
1,0,15,12,0,0,8,-2665.4183614177805,22.730525820018517,1721
1,0,16,2,0,0,8,-1810.249621785174,8.64091281574272,661
1,0,16,2,1,0,8,-1770.6285714285714,14.518875820880945,1120
1,0,16,3,1,0,8,-1822.7549019607843,1.309365019790117,102
1,0,16,3,3,0,8,-1792.8125516102396,15.915249562403122,1211
1,0,16,3,7,0,8,-1755.7291666666667,5.774567584403816,432
1,0,16,4,7,0,8,-1785.0279043280182,23.289840001959824,1756
1,0,16,5,7,0,8,-1792.4091872791519,18.79801659649333,1415
1,0,16,5,7,1,8,-2632.6118421052633,4.427856410817953,304
1,0,16,6,7,1,8,-2665.2067757009345,23.15975604113251,1712
1,0,16,7,6,1,8,-2630.6569037656905,2.841611091203974,239
1,0,16,7,7,1,8,-2670.4630738522956,20.160396422142064,1503
1,0,16,8,4,1,8,-2643.27012987013,10.110417219212435,770
1,0,16,8,6,1,8,-2683.1415384615384,13.11231434100736,975
1,0,16,9,0,1,8,-2655.825946817083,17.049210768868733,1241
1,0,16,9,4,1,8,-2695.396860986547,5.562275965236145,446
1,0,16,10,0,1,8,-2665.764428739694,22.836822850659168,1698
1,0,16,11,0,0,8,-2653.0562913907283,15.937537746641862,1208
1,0,16,11,0,1,8,-2692.952290076336,7.3885881745419875,524
1,0,16,12,0,0,8,-2664.81850117096,23.078520577362674,1708
1,0,17,2,0,0,8,-1810.3385335413416,8.332364415810314,641
1,0,17,2,1,0,8,-1769.5467422096317,14.346331247571477,1059
1,0,17,3,1,0,8,-1822.7777777777778,1.4463856419816907,99
1,0,17,3,3,0,8,-1792.8423271500844,15.413018609112394,1186
1,0,17,3,7,0,8,-1755.8736141906872,5.832814127099597,451
1,0,17,4,7,0,8,-1785.1597222222222,23.232793272797167,1728
1,0,17,5,7,0,8,-1792.6287242169594,18.87742537186759,1309
1,0,17,5,7,1,8,-2632.7770700636943,4.2741985893148815,314
1,0,17,6,7,1,8,-2665.5955056179773,22.953882825126108,1691
1,0,17,7,6,1,8,-2630.7744680851065,2.9858152658319637,235
1,0,17,7,7,1,8,-2670.6821008984107,20.096721314930672,1447
1,0,17,8,4,1,8,-2643.313672922252,9.93171056330839,746
1,0,17,8,6,1,8,-2682.475935828877,12.970192423534256,935
1,0,17,9,0,1,8,-2656.1802670623147,17.292114013323086,1348
1,0,17,9,4,1,8,-2695.265402843602,5.638870446184147,422
1,0,17,10,0,1,8,-2665.374633000587,22.693740605773357,1703
1,0,17,11,0,0,8,-2652.598962834918,15.621050408494714,1157
1,0,17,11,0,1,8,-2692.8355640535374,7.068344116128587,523
1,0,17,12,0,0,8,-2665.106533254856,23.157160899579516,1699
1,0,18,2,0,0,8,-1810.3130699088147,8.602281771092644,658
1,0,18,2,1,0,8,-1771.2238010657193,14.566610708784435,1126
1,0,18,3,1,0,8,-1823.069306930693,1.3734211511623484,101
1,0,18,3,3,0,8,-1792.4336947456213,15.880666293071924,1199
1,0,18,3,7,0,8,-1755.9973045822103,6.083648116522943,371
1,0,18,4,7,0,8,-1785.329946204423,23.275807646039116,1673
1,0,18,5,7,0,8,-1793.5920177383591,18.632414867861197,1353
1,0,18,5,7,1,8,-2633.0095541401274,4.2967071296671815,314
1,0,18,6,7,1,8,-2665.496575342466,23.012652607924096,1752
1,0,18,7,6,1,8,-2630.3762376237623,2.8470985235342345,202
1,0,18,7,7,1,8,-2671.2773279352227,20.104534811466767,1482
1,0,18,8,4,1,8,-2643.0012903225806,9.987282152151412,775
1,0,18,8,6,1,8,-2683.1376811594205,12.692847320070655,966
1,0,18,9,0,1,8,-2656.0188679245284,17.413116468128212,1272
1,0,18,9,4,1,8,-2695.1912832929784,5.628939539323169,413
1,0,18,10,0,1,8,-2665.4488505747127,23.004627816541213,1740
1,0,18,11,0,0,8,-2652.956816257409,15.883700889919629,1181
1,0,18,11,0,1,8,-2692.8048780487807,7.177422820355672,533
1,0,18,12,0,0,8,-2664.4915648632928,22.78607327652472,1719
1,0,19,2,0,0,8,-1810.975,8.390619762587066,640
1,0,19,2,1,0,8,-1770.0028142589117,14.25198684539141,1066
1,0,19,3,1,0,8,-1823.0247933884298,1.3933894100165731,121
1,0,19,3,3,0,8,-1792.6658053402239,15.909854054903002,1161
1,0,19,3,7,0,8,-1755.4647887323943,5.999994489672236,426
1,0,19,4,7,0,8,-1783.870643827525,23.110595588798127,1693
1,0,19,5,7,0,8,-1792.979870596693,18.84061256422033,1391
1,0,19,5,7,1,8,-2633.127976190476,4.325140041670846,336
1,0,19,6,7,1,8,-2665.788372093023,23.27618514760611,1720
1,0,19,7,6,1,8,-2630.5515695067265,2.960999823942237,223
1,0,19,7,7,1,8,-2670.3249651324963,20.28772406490596,1434
1,0,19,8,4,1,8,-2642.9919786096257,10.159815982124146,748
1,0,19,8,6,1,8,-2683.2328205128206,12.920433022176217,975
1,0,19,9,0,1,8,-2656.2641937925814,16.976779714722884,1321
1,0,19,9,4,1,8,-2695.6992840095463,5.986881000866314,419
1,0,19,10,0,1,8,-2665.2846153846153,22.854622879892627,1690
1,0,19,11,0,0,8,-2652.650087260035,16.011685441336848,1146
1,0,19,11,0,1,8,-2692.5767857142855,7.2657093615530846,560
1,0,19,12,0,0,8,-2665.5422826729746,23.09847950927834,1691
1,0,20,2,0,0,8,-1810.4099099099099,8.512232374178613,666
1,0,20,2,1,0,8,-1770.984585741811,14.412574570621793,1038
1,0,20,3,1,0,8,-1822.9112903225807,1.448091607165677,124
1,0,20,3,3,0,8,-1793.0076988879384,15.856686292530327,1169
1,0,20,3,7,0,8,-1755.9377990430621,5.820764426193132,418
1,0,20,4,7,0,8,-1785.9730215827337,23.134781112118226,1668
1,0,20,5,7,0,8,-1792.8802122820318,18.704215235659245,1319
1,0,20,5,7,1,8,-2632.996960486322,4.373516929821022,329
1,0,20,6,7,1,8,-2665.631455399061,22.655624476421835,1704
1,0,20,7,6,1,8,-2630.5159574468084,3.0273154737321013,188
1,0,20,7,7,1,8,-2671.2381902860943,20.324655847387618,1503
1,0,20,8,4,1,8,-2642.6750663129974,9.854605572543136,754
1,0,20,8,6,1,8,-2683.1617021276597,13.062510155779082,940
1,0,20,9,0,1,8,-2655.6424581005585,17.576825352969742,1253
1,0,20,9,4,1,8,-2695.279301745636,5.686471280217929,401
1,0,20,10,0,1,8,-2665.4997163925127,23.169805857913698,1763
1,0,20,11,0,0,8,-2652.560810810811,15.667620833602697,1184
1,0,20,11,0,1,8,-2693.096590909091,7.148595150136797,528
1,0,20,12,0,0,8,-2665.1577726218097,23.01748409703179,1724
1,0,21,2,0,0,8,-1810.1273031825795,8.787108434362079,597
1,0,21,2,1,0,8,-1770.8404452690168,14.395118625647603,1078
1,0,21,3,1,0,8,-1823.1592920353983,1.436357066480441,113
1,0,21,3,3,0,8,-1793.5640809443507,15.816656904108099,1186
1,0,21,3,7,0,8,-1755.5591647331787,5.780646424384702,431
1,0,21,4,7,0,8,-1786.0054878048782,22.806809940009376,1640
1,0,21,5,7,0,8,-1793.4785766158316,18.405179443919874,1377
1,0,21,5,7,1,8,-2632.784126984127,4.393834292881302,315
1,0,21,6,7,1,8,-2665.9808841099166,22.694761582354637,1674
1,0,21,7,6,1,8,-2630.572972972973,2.8826272411960727,185
1,0,21,7,7,1,8,-2671.29993136582,20.091758110980187,1457
1,0,21,8,4,1,8,-2643.587365591398,10.01372185144589,744
1,0,21,8,6,1,8,-2683.109879032258,13.22452752315902,992
1,0,21,9,0,1,8,-2655.0258014073497,17.05058812925644,1279
1,0,21,9,4,1,8,-2695.9573934837094,5.686962553093276,399
1,0,21,10,0,1,8,-2665.1558289396603,23.179144281953562,1707
1,0,21,11,0,0,8,-2653.035993740219,15.824604569207901,1278
1,0,21,11,0,1,8,-2693.041420118343,7.494920065024145,507
1,0,21,12,0,0,8,-2664.8205282112845,23.602517541447597,1666
1,0,22,2,0,0,8,-1810.7587301587303,8.640374678072522,630
1,0,22,2,1,0,8,-1771.5333978702806,14.146758708943032,1033
1,0,22,3,1,0,8,-1823.0588235294117,1.4336538362319238,102
1,0,22,3,3,0,8,-1792.3515825491872,15.672779374479589,1169
1,0,22,3,7,0,8,-1755.3371824480369,5.725590091829388,433
1,0,22,4,7,0,8,-1786.3281990521327,23.339476171106917,1688
1,0,22,5,7,0,8,-1793.4615969581748,18.619929031700952,1315
1,0,22,5,7,1,8,-2632.826865671642,4.405545423001652,335
1,0,22,6,7,1,8,-2665.2580459770115,23.04225425690416,1740
1,0,22,7,6,1,8,-2630.462311557789,2.7303131197984567,199
1,0,22,7,7,1,8,-2670.4668567355666,20.390821674967786,1403
1,0,22,8,4,1,8,-2642.802403204272,9.999249349300365,749
1,0,22,8,6,1,8,-2682.716804979253,13.172951341808675,964
1,0,22,9,0,1,8,-2655.72247706422,17.37995653843631,1308
1,0,22,9,4,1,8,-2695.644278606965,5.4958446176962195,402
1,0,22,10,0,1,8,-2665.5531531531533,23.16240541461704,1665
1,0,22,11,0,0,8,-2652.662162162162,16.107925300552864,1184
1,0,22,11,0,1,8,-2693.224043715847,7.002919326541031,549
1,0,22,12,0,0,8,-2665.4175044352455,23.55590556715461,1691
1,0,23,2,0,0,8,-1810.7996794871794,8.439068936358927,624
1,0,23,2,1,0,8,-1771.2129894937918,14.350886721961706,1047
1,0,23,3,1,0,8,-1822.855855855856,1.517743980397741,111
1,0,23,3,3,0,8,-1792.860824742268,15.53550012932451,1164
1,0,23,3,7,0,8,-1755.3954545454546,5.628900851206404,440
1,0,23,4,7,0,8,-1784.1884229178972,23.11915886976459,1693
1,0,23,5,7,0,8,-1792.2399425287356,18.859809850129423,1392
1,0,23,5,7,1,8,-2633.0888157894738,4.328076170071777,304
1,0,23,6,7,1,8,-2665.0047647409174,22.851306934965372,1679
1,0,23,7,6,1,8,-2630.2146341463413,2.755531994679502,205
1,0,23,7,7,1,8,-2670.860130718954,20.4313303559505,1530
1,0,23,8,4,1,8,-2642.6856330014225,10.17636265516926,703
1,0,23,8,6,1,8,-2683.300626304802,12.997166048215124,958
1,0,23,9,0,1,8,-2655.6455592105262,17.256345038738836,1216
1,0,23,9,4,1,8,-2695.3333333333335,5.685787763000473,453
1,0,23,10,0,1,8,-2664.5587167070216,23.16640644770579,1652
1,0,23,11,0,0,8,-2653.0823723228996,16.143808080717438,1214
1,0,23,11,0,1,8,-2693.0781527531085,7.211664283445723,563
1,0,23,12,0,0,8,-2665.3885714285716,22.713265745274416,1750
1,0,24,2,0,0,8,-1810.789644012945,8.683266439202317,618
1,0,24,2,1,0,8,-1770.636920384952,14.381574253349582,1143
1,0,24,3,1,0,8,-1823.2456140350878,1.3608653302606863,114
1,0,24,3,3,0,8,-1793.0438144329896,15.484799260274851,1164
1,0,24,3,7,0,8,-1755.7965367965369,5.954167382439748,462
1,0,24,4,7,0,8,-1784.9297834991223,22.351356398167407,1709
1,0,24,5,7,0,8,-1793.0211565585332,18.822483129447985,1418
1,0,24,5,7,1,8,-2632.96261682243,4.145917709089425,321
1,0,24,6,7,1,8,-2666.274105518496,22.97587661414983,1649
1,0,24,7,6,1,8,-2630.721951219512,3.0276379102412894,205
1,0,24,7,7,1,8,-2670.5084196891194,20.306426701341213,1544
1,0,24,8,4,1,8,-2643.433029908973,10.381337727060687,769
1,0,24,8,6,1,8,-2682.8184747583246,13.179921675594654,931
1,0,24,9,0,1,8,-2656.1318427139554,17.551300617051993,1297
1,0,24,9,4,1,8,-2695.36815920398,5.698806813581503,402
1,0,24,10,0,1,8,-2665.3400243309,23.060917507787387,1644
1,0,24,11,0,0,8,-2652.5576114381834,15.746715348050282,1189
1,0,24,11,0,1,8,-2692.8956356736244,7.244609323729528,527
1,0,24,12,0,0,8,-2665.666077738516,22.99602651800887,1698
1,0,25,2,0,0,8,-1810.4806547619048,8.488415469931095,672
1,0,25,2,1,0,8,-1770.123935666982,14.538070741242429,1057
1,0,25,3,1,0,8,-1823.2038834951456,1.3319029623912115,103
1,0,25,3,3,0,8,-1792.7998212689902,15.970234823749482,1119
1,0,25,3,7,0,8,-1756.002331002331,5.787414540281087,429
1,0,25,4,7,0,8,-1785.9564977973569,22.881151989552645,1816
1,0,25,5,7,0,8,-1793.4106007067137,18.742865610683122,1415
1,0,25,5,7,1,8,-2632.685358255452,4.4843866151026255,321
1,0,25,6,7,1,8,-2665.469340974212,23.14150576886176,1745
1,0,25,7,6,1,8,-2630.761421319797,2.753665578924361,197
1,0,25,7,7,1,8,-2670.0788579197824,20.022062142912556,1471
1,0,25,8,4,1,8,-2642.8299492385786,10.334581271095775,788
1,0,25,8,6,1,8,-2682.8952282157675,12.989798824343945,964
1,0,25,9,0,1,8,-2655.3201153568853,17.24767350606007,1387
1,0,25,9,4,1,8,-2695.9245283018868,5.6966526305245075,424
1,0,25,10,0,1,8,-2665.126861226921,23.16808070180434,1679
1,0,25,11,0,0,8,-2652.945922746781,16.023898277092886,1165
1,0,25,11,0,1,8,-2692.7668711656443,7.197963713547329,489
1,0,25,12,0,0,8,-2665.607100591716,23.397556070130936,1690
1,0,26,2,0,0,8,-1810.0121028744327,8.48580760306001,661
1,0,26,2,1,0,8,-1771.1902985074628,14.44583227300185,1072
1,0,26,3,3,0,8,-1792.7306052855924,15.810117711609626,1173
1,0,26,3,7,0,8,-1755.4433497536945,5.76514861325426,406
1,0,26,4,7,0,8,-1785.3973589435775,22.58398954260819,1666
1,0,26,5,7,0,8,-1792.9824433065105,19.153588952035268,1367
1,0,26,5,7,1,8,-2632.933130699088,4.290559678798608,329
1,0,26,6,7,1,8,-2665.7741162372677,23.227943361379154,1669
1,0,26,7,6,1,8,-2630.3981042654027,2.906569810993358,211
1,0,26,7,7,1,8,-2670.188552188552,20.0519729650415,1485
1,0,26,8,4,1,8,-2642.2992227979275,10.307065307375433,772
1,0,26,8,6,1,8,-2682.818863879957,12.605753632675546,933
1,0,26,9,0,1,8,-2654.485398579321,16.995855381175648,1267
1,0,26,9,4,1,8,-2695.4566210045664,5.752640013086957,438
1,0,26,10,0,1,8,-2665.140578854105,23.101697943307,1693
1,0,26,11,0,0,8,-2652.587327376117,15.688798342271193,1231
1,0,26,11,0,1,8,-2692.993031358885,7.265734113237958,574
1,0,26,12,0,0,8,-2665.9176187612748,22.888284122500586,1663
1,0,27,2,0,0,8,-1810.6192052980132,8.773116788056264,604
1,0,27,2,1,0,8,-1770.7634194831014,14.707745820299275,1006
1,0,27,3,1,0,8,-1822.9478260869564,1.4496984891103393,115
1,0,27,3,3,0,8,-1793.296357615894,15.853476021515581,1208
1,0,27,3,7,0,8,-1755.1208226221079,5.837411771277677,389
1,0,27,4,7,0,8,-1785.8416316736652,23.563570741375674,1667
1,0,27,5,7,0,8,-1793.467752885268,19.059251561992994,1473
1,0,27,5,7,1,8,-2633.326153846154,4.340658472775227,325
1,0,27,6,7,1,8,-2666.0535714285716,23.378169234748125,1680
1,0,27,7,6,1,8,-2630.5795454545455,2.832662272526865,264
1,0,27,7,7,1,8,-2671.2030124426983,20.50478031605466,1527
1,0,27,8,4,1,8,-2643.125884016973,10.031195777034604,707
1,0,27,8,6,1,8,-2683.17940552017,13.008109526242922,942
1,0,27,9,0,1,8,-2655.13643533123,17.200877496869204,1268
1,0,27,9,4,1,8,-2695.0786802030457,5.8402074127290575,394
1,0,27,10,0,1,8,-2664.6818720379147,23.01130678812715,1688
1,0,27,11,0,0,8,-2654.044839255499,15.681706703777067,1182
1,0,27,11,0,1,8,-2693.0233393177737,7.053106652055536,557
1,0,27,12,0,0,8,-2666.3452243958573,23.057601176522077,1738
1,0,28,2,0,0,8,-1810.592,8.612823927128565,625
1,0,28,2,1,0,8,-1771.1441090555015,14.633419749767821,1027
1,0,28,3,1,0,8,-1822.8455284552845,1.4144005042177463,123
1,0,28,3,3,0,8,-1793.1964586846543,15.582864100149216,1186
1,0,28,3,7,0,8,-1755.8207547169811,5.630186782357906,424
1,0,28,4,7,0,8,-1784.9904363419007,22.81951649189906,1673
1,0,28,5,7,0,8,-1793.278436845778,18.413106767634545,1433
1,0,28,5,7,1,8,-2633.2927631578946,4.246881239233318,304
1,0,28,6,7,1,8,-2664.72018089316,23.258841502776033,1769
1,0,28,7,6,1,8,-2630.679802955665,3.0287515452545724,203
1,0,28,7,7,1,8,-2669.191447368421,19.995250896943002,1520
1,0,28,8,4,1,8,-2643.02752293578,9.83137127252955,763
1,0,28,8,6,1,8,-2683.296442687747,12.80273976336787,1012
1,0,28,9,0,1,8,-2654.408473221423,17.522174376248373,1251
1,0,28,9,4,1,8,-2695.813852813853,5.682812116727535,462
1,0,28,10,0,1,8,-2665.0428655314154,23.32378077722707,1703
1,0,28,11,0,0,8,-2652.593371059014,16.086731017472417,1237
1,0,28,11,0,1,8,-2692.905626134301,7.172883571348189,551
1,0,28,12,0,0,8,-2664.9778911564626,23.342468301178073,1764
1,0,29,2,0,0,8,-1810.4197138314785,8.753213858893934,629
1,0,29,2,1,0,8,-1770.4162724692526,14.179176441994574,1057
1,0,29,3,1,0,8,-1823.063063063063,1.3967741423864029,111
1,0,29,3,3,0,8,-1792.2235393734125,16.265603089509636,1181
1,0,29,3,7,0,8,-1755.510022271715,5.692609380492139,449
1,0,29,4,7,0,8,-1785.2369194591417,23.038009151025808,1701
1,0,29,5,7,0,8,-1792.8314285714287,18.870540478708183,1400
1,0,29,5,7,1,8,-2632.7237237237237,4.283000331553614,333
1,0,29,6,7,1,8,-2665.5363363363363,23.158988962407538,1665
1,0,29,7,6,1,8,-2630.5837320574165,2.902551829495648,209
1,0,29,7,7,1,8,-2669.1297915265636,19.800789150900403,1487
1,0,29,8,4,1,8,-2642.9149746192893,10.179187940665487,788
1,0,29,8,6,1,8,-2683.340625,12.732652235258646,960
1,0,29,9,0,1,8,-2655.5095693779904,17.077396412672723,1254
1,0,29,9,4,1,8,-2695.65625,5.720207884813179,416
1,0,29,10,0,1,8,-2665.6782857142857,23.064206961762828,1750
1,0,29,11,0,0,8,-2653.221859706362,15.905605887954668,1226
1,0,29,11,0,1,8,-2693.2314814814813,7.151801743419209,540
1,0,29,12,0,0,8,-2665.1540166204986,22.867959941808753,1805
1,0,30,2,0,0,8,-1810.5341098169717,8.23465655833873,601
1,0,30,2,1,0,8,-1770.1907407407407,14.445706378885546,1080
1,0,30,3,1,0,8,-1822.8235294117646,1.3989615527334567,85
1,0,30,3,3,0,8,-1793.9932773109244,16.401832911970537,1190
1,0,30,3,7,0,8,-1755.3200934579438,5.478749771350431,428
1,0,30,4,7,0,8,-1784.796884016157,23.199111837728292,1733
1,0,30,5,7,0,8,-1793.6137184115523,18.632108835962686,1385
1,0,30,5,7,1,8,-2633.3735294117646,4.26392589221753,340
1,0,30,6,7,1,8,-2664.9068509615386,22.81139436069043,1664
1,0,30,7,6,1,8,-2630.708520179372,2.894291436985727,223
1,0,30,7,7,1,8,-2669.4155405405404,19.864497778852286,1480
1,0,30,8,4,1,8,-2643.1223684210527,10.19917564627701,760
1,0,30,8,6,1,8,-2683.789038262668,13.248049701611356,967
1,0,30,9,0,1,8,-2654.9016653449644,17.693437685052594,1261
1,0,30,9,4,1,8,-2695.5048543689322,5.575821218388105,412
1,0,30,10,0,1,8,-2664.7453453453454,23.32571338158485,1665
1,0,30,11,0,0,8,-2654.22,15.855031844313114,1150
1,0,30,11,0,1,8,-2693.3988764044943,7.055430522736364,534
1,0,30,12,0,0,8,-2665.5446685878965,23.34641131186455,1735
1,0,31,2,0,0,8,-1811.0409165302783,8.78325824203867,611
1,0,31,2,1,0,8,-1769.9491017964071,14.626774051494346,1002
1,0,31,3,1,0,8,-1822.9690721649486,1.3731865884707346,97
1,0,31,3,3,0,8,-1792.662393162393,15.937957844603307,1170
1,0,31,3,7,0,8,-1755.3261339092874,5.819783378558274,463
1,0,31,4,7,0,8,-1785.2229299363057,23.184903789696214,1727
1,0,31,5,7,0,8,-1792.5836131631968,18.667099521364804,1489
1,0,31,5,7,1,8,-2633.19943019943,4.2184102966931105,351
1,0,31,6,7,1,8,-2665.200117716304,22.91273667733844,1699
1,0,31,7,6,1,8,-2630.4454545454546,2.8479222526970194,220
1,0,31,7,7,1,8,-2670.6922024623805,19.630364874524798,1462
1,0,31,8,4,1,8,-2643.1111111111113,10.06829276058238,747
1,0,31,8,6,1,8,-2683.3177570093458,13.030787345858743,963
1,0,31,9,0,1,8,-2656.409516380655,17.06256277012545,1282
1,0,31,9,4,1,8,-2694.934831460674,5.612007614568504,445
1,0,31,10,0,1,8,-2665.3644314868807,23.03549334263808,1715
1,0,31,11,0,0,8,-2652.3743718592964,15.84439767989936,1194
1,0,31,11,0,1,8,-2693.0,7.023769168546393,537
1,0,31,12,0,0,8,-2665.819512195122,23.019352616522948,1640
1,0,32,2,0,0,8,-1810.5007429420505,8.59854592466781,673
1,0,32,2,1,0,8,-1770.18068833652,14.405718069634599,1046
1,0,32,3,1,0,8,-1823.0471698113208,1.4818529671130032,106
1,0,32,3,3,0,8,-1793.510729613734,15.996327794258526,1165
1,0,32,3,7,0,8,-1755.6057007125892,5.5966027866003225,421
1,0,32,4,7,0,8,-1786.0376616076448,23.05967131323665,1779
1,0,32,5,7,0,8,-1792.682621502209,18.747610743567225,1358
1,0,32,5,7,1,8,-2633.1454545454544,4.411080463450118,330
1,0,32,6,7,1,8,-2665.373954599761,23.06359583974493,1674
1,0,32,7,6,1,8,-2630.476439790576,2.8612266060327767,191
1,0,32,7,7,1,8,-2670.9647979139504,20.145819445374404,1534
1,0,32,8,4,1,8,-2642.9423815621,9.90740790180016,781
1,0,32,8,6,1,8,-2682.36875,13.148885508041472,960
1,0,32,9,0,1,8,-2656.018532818533,17.522265046608645,1295
1,0,32,9,4,1,8,-2695.6738660907126,5.781058252060852,463
1,0,32,10,0,1,8,-2666.2390532544377,22.7661305384839,1690
1,0,32,11,0,0,8,-2652.923832923833,16.139540887756937,1221
1,0,32,11,0,1,8,-2692.6745454545453,7.001395138516529,550
1,0,32,12,0,0,8,-2664.7659574468084,23.419185008192002,1692
1,0,33,2,0,0,8,-1810.7895569620252,8.60609614999751,632
1,0,33,2,1,0,8,-1770.8012939001849,14.237368438840152,1082
1,0,33,3,1,0,8,-1823.1927710843374,1.4095870651493325,83
1,0,33,3,3,0,8,-1793.2643869891576,16.083580418226155,1199
1,0,33,3,7,0,8,-1755.7122641509434,5.556505669101373,424
1,0,33,4,7,0,8,-1785.2831647828673,22.793113093636205,1681
1,0,33,5,7,0,8,-1793.0807142857143,18.68341279785881,1400
1,0,33,5,7,1,8,-2632.786833855799,4.301164347124359,319
1,0,33,6,7,1,8,-2665.1668584579975,22.91199467590615,1738
1,0,33,7,6,1,8,-2630.373205741627,2.920714627173513,209
1,0,33,7,7,1,8,-2670.0271164021165,20.049111134751602,1512
1,0,33,8,4,1,8,-2642.6961690885073,9.993665027093147,757
1,0,33,8,6,1,8,-2682.6673170731706,12.714023566161515,1025
1,0,33,9,0,1,8,-2655.400904295403,17.109794806148546,1327
1,0,33,9,4,1,8,-2695.6827133479214,5.850993189297986,457
1,0,33,10,0,1,8,-2665.8811230585425,23.556324928536608,1674
1,0,33,11,0,0,8,-2653.9148745519715,15.837461631632173,1116
1,0,33,11,0,1,8,-2692.5587703435804,7.418799730873277,553
1,0,33,12,0,0,8,-2665.3123529411764,22.88499560575917,1700
1,0,34,2,0,0,8,-1810.475894245723,8.744371783401885,643
1,0,34,2,1,0,8,-1770.666026871401,14.165249623019376,1042
1,0,34,3,1,0,8,-1822.969696969697,1.4103122760914955,99
1,0,34,3,3,0,8,-1792.854721549637,16.06483659679348,1239
1,0,34,3,7,0,8,-1755.688524590164,5.729576041630589,427
1,0,34,4,7,0,8,-1785.166003411029,23.14024679223745,1759
1,0,34,5,7,0,8,-1792.8009880028228,19.41737609556996,1417
1,0,34,5,7,1,8,-2632.733746130031,4.280093662199469,323
1,0,34,6,7,1,8,-2665.858250276855,23.46050275265391,1806
1,0,34,7,6,1,8,-2630.417840375587,2.7931944510824263,213
1,0,34,7,7,1,8,-2670.9966532797857,20.089541580178693,1494
1,0,34,8,4,1,8,-2643.6639231824415,9.883315198584468,729
1,0,34,8,6,1,8,-2683.5278372591006,12.715835792651317,934
1,0,34,9,0,1,8,-2654.9931402439024,17.265920063125538,1312
1,0,34,9,4,1,8,-2695.376651982379,5.736234722442081,454
1,0,34,10,0,1,8,-2665.58124635993,23.536782897733506,1717
1,0,34,11,0,0,8,-2653.503971756399,16.089259850828945,1133
1,0,34,11,0,1,8,-2692.654368932039,7.084027935130266,515
1,0,34,12,0,0,8,-2664.453434225844,22.59904824995952,1718
1,0,35,5,7,1,8,-2632.7635135135133,3.9281752288923593,296
1,0,35,6,7,1,8,-2665.634421364985,23.51945723402161,1685
1,0,35,7,6,1,8,-2630.5745614035086,2.948187412474628,228
1,0,35,7,7,1,8,-2671.016903313049,19.996358313135833,1479
1,0,35,8,6,1,8,-2692.75,7.362165850741866,572
1,1,1,3,6,1,9,-2196.05574516496,11.405359122271845,879
1,1,1,3,7,1,9,-2228.1954887218044,7.23759882776648,532
1,1,1,4,0,1,9,-2180.3133640552996,2.7362486043562058,217
1,1,1,4,4,1,9,-2213.253401360544,15.88903074307658,1176
1,1,1,4,6,1,9,-2248.0848484848484,4.203037949838545,330
1,1,1,5,0,1,9,-2216.0674362089917,23.049151277066773,1646
1,1,1,6,0,0,9,-2178.0,1.4538350536762075,88
1,1,1,6,0,1,9,-2218.1768060836503,21.87517403303468,1578
1,1,1,7,0,0,9,-2214.4993917274937,23.016721407516684,1644
1,1,1,8,0,0,9,-2215.511655011655,23.672182868991104,1716
1,1,1,9,1,0,9,-2227.5450785773364,15.971070652355694,1209
1,1,1,9,3,0,9,-2187.8200339558575,7.175572077088484,589
1,1,1,10,3,0,9,-2240.8555555555554,8.4364906150991,630
1,1,1,10,7,0,9,-2200.8978388998034,14.40630507723702,1018
1,1,1,11,7,0,9,-2215.186813186813,22.801411624910664,1729
1,1,1,12,7,0,9,-2238.1988873435325,9.898269689768206,719
1,1,2,2,7,1,9,-2215.2049616066156,22.98894002451798,1693
1,1,2,3,6,1,9,-2195.179171332587,11.53481184046086,893
1,1,2,3,7,1,9,-2236.158550396376,11.463359470767735,883
1,1,2,4,0,1,9,-2180.7466063348415,2.802560202074673,221
1,1,2,4,4,1,9,-2212.35646140503,15.72532261502609,1153
1,1,2,4,6,1,9,-2247.9728096676736,4.3365778226843545,331
1,1,2,5,0,1,9,-2214.957250144425,23.245814697086363,1731
1,1,2,6,0,0,9,-2177.8598130841124,1.3838088983797987,107
1,1,2,6,0,1,9,-2218.065758293839,21.720975361015764,1688
1,1,2,7,0,0,9,-2216.7716159809183,22.99352439137094,1677
1,1,2,8,0,0,9,-2215.7123059866963,23.24984427393206,1804
1,1,2,9,1,0,9,-2227.526544821584,16.182070050127205,1149
1,1,2,9,3,0,9,-2187.9476439790574,7.199043629488434,573
1,1,2,10,3,0,9,-2240.509375,8.716717392945634,640
1,1,2,10,7,0,9,-2200.919923736892,14.062073799337215,1049
1,1,2,11,7,0,9,-2215.9017375674057,23.379048720800494,1669
1,1,2,12,7,0,9,-2237.965373961219,10.056911072305239,722
1,1,2,12,7,1,9,-3078.391891891892,12.791192751703765,962
1,1,3,2,7,1,9,-2216.1714285714284,23.200744893501753,1645
1,1,3,3,6,1,9,-2194.761501210654,11.375604485321341,826
1,1,3,3,7,1,9,-2235.599526066351,11.099754480977118,844
1,1,3,4,0,1,9,-2180.5137614678897,2.9307439607916916,218
1,1,3,4,4,1,9,-2212.975922953451,15.732241834407118,1246
1,1,3,4,6,1,9,-2248.214057507987,4.327879066185013,313
1,1,3,5,0,1,9,-2215.760465116279,22.5648330994558,1720
1,1,3,6,0,0,9,-2178.198198198198,1.4002562176408098,111
1,1,3,6,0,1,9,-2218.500297796307,21.448884482267918,1679
1,1,3,7,0,0,9,-2215.4610350981557,23.42948840054078,1681
1,1,3,8,0,0,9,-2214.7308126410835,23.42772129492973,1772
1,1,3,9,1,0,9,-2227.9134532990574,15.837387532638463,1167
1,1,3,9,3,0,9,-2187.5171102661598,7.057793201953148,526
1,1,3,10,3,0,9,-2240.772525849335,8.574891120457737,677
1,1,3,10,7,0,9,-2200.597142857143,14.602628316206616,1050
1,1,3,11,7,0,9,-2216.1685584562997,23.31659099259142,1762
1,1,3,12,7,0,9,-2238.0950520833335,10.260034544334468,768
1,1,3,12,7,1,9,-3077.8486707566462,13.251831808849111,978
1,1,4,2,7,1,9,-2215.234553089382,22.975656632315328,1667
1,1,4,3,6,1,9,-2195.364559819413,11.353306574728586,886
1,1,4,3,7,1,9,-2235.538095238095,11.79097621837525,840
1,1,4,4,0,1,9,-2180.766666666667,2.8347895416369453,210
1,1,4,4,4,1,9,-2212.669535283993,15.697525527993413,1162
1,1,4,4,6,1,9,-2247.7872340425533,4.16349250706118,329
1,1,4,5,0,1,9,-2217.020232985898,23.282319918612107,1631
1,1,4,6,0,0,9,-2177.808080808081,1.4885201631604077,99
1,1,4,6,0,1,9,-2217.673531193216,21.66812385386143,1651
1,1,4,7,0,0,9,-2215.2444577591373,23.00671042383756,1669
1,1,4,8,0,0,9,-2215.748798076923,23.555032197504335,1664
1,1,4,9,1,0,9,-2228.123794212219,15.822237385808318,1244
1,1,4,9,3,0,9,-2188.0807692307694,7.274905192610627,520
1,1,4,10,3,0,9,-2240.6995230524644,8.592914026846362,629
1,1,4,10,7,0,9,-2200.969245107176,14.506802886917537,1073
1,1,4,11,7,0,9,-2215.9754098360654,22.872200782315478,1708
1,1,4,12,7,0,9,-2237.826612903226,10.278686128435586,744
1,1,4,12,7,1,9,-3077.7790368271953,12.852482357701488,1059
1,1,5,2,7,1,9,-2215.7933930571107,22.942802949684406,1786
1,1,5,3,6,1,9,-2195.3890214797134,11.309234351665781,838
1,1,5,3,7,1,9,-2235.4035674470456,11.674511230407026,897
1,1,5,4,0,1,9,-2180.977900552486,2.730947665343925,181
1,1,5,4,4,1,9,-2212.7778723404253,15.978416950353399,1175
1,1,5,4,6,1,9,-2247.6460481099657,4.33420938354268,291
1,1,5,5,0,1,9,-2215.401678657074,23.21220110537985,1668
1,1,5,6,0,0,9,-2177.9464285714284,1.462869524326098,112
1,1,5,6,0,1,9,-2217.678814082767,21.140650538768657,1619
1,1,5,7,0,0,9,-2215.3885386819484,23.47865665865628,1745
1,1,5,8,0,0,9,-2214.9725209080048,22.958753936029748,1674
1,1,5,9,1,0,9,-2227.4776119402986,15.717495525281578,1139
1,1,5,9,3,0,9,-2188.2866242038217,7.351979633267498,471
1,1,5,10,3,0,9,-2240.6187399030696,8.5452348213655,619
1,1,5,10,7,0,9,-2199.9112534309243,14.429193987949827,1093
1,1,5,11,7,0,9,-2214.6987951807228,23.021930319960678,1660
1,1,5,12,7,0,9,-2237.7101063829787,10.194961416659735,752
1,1,5,12,7,1,9,-3078.288501026694,13.134899951148686,974
1,1,6,2,7,1,9,-2215.5907222548444,22.92969332165701,1703
1,1,6,3,6,1,9,-2196.493932038835,11.565031914359857,824
1,1,6,3,7,1,9,-2236.310810810811,11.791095465057571,814
1,1,6,4,0,1,9,-2180.5581395348836,2.8974915020059924,215
1,1,6,4,4,1,9,-2212.8990590248077,16.089731513990078,1169
1,1,6,4,6,1,9,-2247.85625,4.188297498815042,320
1,1,6,5,0,1,9,-2215.806851742469,23.042038170420426,1693
1,1,6,6,0,0,9,-2178.095744680851,1.4444990952540464,94
1,1,6,6,0,1,9,-2218.2868453105966,21.558264477258238,1642
1,1,6,7,0,0,9,-2214.792661619103,22.829445213273395,1717
1,1,6,8,0,0,9,-2216.238938053097,22.847554687861898,1695
1,1,6,9,1,0,9,-2227.8567753001716,16.345568203400585,1166
1,1,6,9,3,0,9,-2187.7301587301586,7.426799069615422,504
1,1,6,10,3,0,9,-2240.9757281553398,8.888434352961879,618
1,1,6,10,7,0,9,-2200.617924528302,14.44502458683903,1060
1,1,6,11,7,0,9,-2215.679858239811,23.006592485512147,1693
1,1,6,12,7,0,9,-2238.542817679558,9.764185929554108,724
1,1,6,12,7,1,9,-3078.595698924731,12.917853894601224,930
1,1,7,2,7,1,9,-2214.770857814336,23.108041271698212,1702
1,1,7,3,6,1,9,-2195.2207637231504,11.283933638865923,838
1,1,7,3,7,1,9,-2235.40133037694,11.52047817143631,902
1,1,7,4,0,1,9,-2180.586854460094,2.890524581988539,213
1,1,7,4,4,1,9,-2212.9590592334494,15.93970225025196,1148
1,1,7,4,6,1,9,-2248.245033112583,4.299956702946396,302
1,1,7,5,0,1,9,-2215.0204081632655,22.8228906453047,1666
1,1,7,6,0,0,9,-2177.970297029703,1.3820306879978321,101
1,1,7,6,0,1,9,-2217.662297128589,21.144799857545017,1602
1,1,7,7,0,0,9,-2215.733493397359,23.20962035951309,1666
1,1,7,8,0,0,9,-2216.0500287521563,22.626357831458844,1739
1,1,7,9,1,0,9,-2228.2918492550393,15.762696125081781,1141
1,1,7,9,3,0,9,-2188.255769230769,7.120255868981931,520
1,1,7,10,3,0,9,-2240.776923076923,8.719796561315746,650
1,1,7,10,7,0,9,-2201.0067307692307,14.384719218828614,1040
1,1,7,11,7,0,9,-2215.593348891482,22.656683340367955,1714
1,1,7,12,7,0,9,-2237.569536423841,10.161940377529497,755
1,1,7,12,7,1,9,-3078.142564102564,12.939273692272463,975
1,1,8,2,7,1,9,-2215.5422057917435,23.23594930386822,1623
1,1,8,3,6,1,9,-2195.053827751196,11.157344532808297,836
1,1,8,3,7,1,9,-2235.553293413174,11.412797651340773,835
1,1,8,4,0,1,9,-2180.4271844660193,3.003564037528671,206
1,1,8,4,4,1,9,-2212.129957805907,15.639234080201408,1185
1,1,8,4,6,1,9,-2248.3562874251497,4.339141515383088,334
1,1,8,5,0,1,9,-2216.467857142857,23.26639545167252,1680
1,1,8,6,0,0,9,-2177.8811881188117,1.4575656413926772,101
1,1,8,6,0,1,9,-2218.528195488722,21.588538498191845,1596
1,1,8,7,0,0,9,-2215.605357142857,23.185347278927395,1680
1,1,8,8,0,0,9,-2216.245634458673,22.720352149112838,1718
1,1,8,9,1,0,9,-2227.960344827586,15.492383441831738,1160
1,1,8,9,3,0,9,-2188.232342007435,7.37573098247724,538
1,1,8,10,3,0,9,-2240.536082474227,8.637595153851102,679
1,1,8,10,7,0,9,-2200.484259259259,14.37757166717488,1080
1,1,8,11,7,0,9,-2215.3686956521738,23.17356702030126,1725
1,1,8,12,7,0,9,-2238.131443298969,10.370867254411513,776
1,1,8,12,7,1,9,-3078.1053740779766,12.565925734365438,949
1,1,9,2,7,1,9,-2214.5890821835633,22.912754393881343,1667
1,1,9,3,6,1,9,-2195.6974789915967,11.518019949615454,833
1,1,9,3,7,1,9,-2235.7141216991963,11.454588434967366,871
1,1,9,4,0,1,9,-2180.5701357466064,2.873000304715359,221
1,1,9,4,4,1,9,-2212.976763485477,16.04788863913599,1205
1,1,9,4,6,1,9,-2248.182634730539,4.1411688308039665,334
1,1,9,5,0,1,9,-2214.891580161476,22.790070697947833,1734
1,1,9,6,0,0,9,-2178.161616161616,1.502234502014975,99
1,1,9,6,0,1,9,-2217.5623812539584,21.688779818356394,1579
1,1,9,7,0,0,9,-2215.96,23.06663054666877,1675
1,1,9,8,0,0,9,-2214.7379888268156,22.774950916559984,1790
1,1,9,9,1,0,9,-2228.4121679520135,15.609270069309709,1167
1,1,9,9,3,0,9,-2187.7904191616767,7.080516971470544,501
1,1,9,10,3,0,9,-2240.3761194029853,8.98582780592919,670
1,1,9,10,7,0,9,-2200.3654970760235,14.556669478673834,1026
1,1,9,11,7,0,9,-2216.091425326519,23.388993569015344,1761
1,1,9,12,7,0,9,-2237.5602165087957,9.665870538521817,739
1,1,9,12,7,1,9,-3078.222105263158,12.908998729578242,950
1,1,10,2,7,1,9,-2215.280473372781,22.91258220812318,1690
1,1,10,3,6,1,9,-2195.8732718894007,11.403676943018054,868
1,1,10,3,7,1,9,-2235.994026284349,11.779179439052573,837
1,1,10,4,0,1,9,-2180.358744394619,2.924537024565401,223
1,1,10,4,4,1,9,-2213.5164737310774,15.734508282080128,1123
1,1,10,4,6,1,9,-2247.65,4.294182110764491,320
1,1,10,5,0,1,9,-2215.1235059760957,23.180077495896526,1757
1,1,10,6,0,0,9,-2178.177570093458,1.3452101529103653,107
1,1,10,6,0,1,9,-2218.718487394958,21.6589710457827,1666
1,1,10,7,0,0,9,-2216.148104956268,23.48453223777573,1715
1,1,10,8,0,0,9,-2214.946167349327,22.77777045787318,1709
1,1,10,9,1,0,9,-2228.0721112076453,15.52283189260708,1151
1,1,10,9,3,0,9,-2188.34404536862,7.000321859145772,529
1,1,10,10,3,0,9,-2241.063897763578,8.773093130882833,626
1,1,10,10,7,0,9,-2201.449864498645,14.591640064844222,1107
1,1,10,11,7,0,9,-2216.343930635838,22.505623719439832,1730
1,1,10,12,7,0,9,-2237.998643147897,10.150896695478474,737
1,1,10,12,7,1,9,-3077.7591093117408,12.833591897403181,988
1,1,11,2,7,1,9,-2215.171753441053,22.82561721343697,1671
1,1,11,3,6,1,9,-2196.6451990632318,11.523395168178197,854
1,1,11,3,7,1,9,-2235.8229166666665,11.674595829839708,864
1,1,11,4,0,1,9,-2180.78391959799,2.670994904883872,199
1,1,11,4,4,1,9,-2212.72908036454,16.109412802597298,1207
1,1,11,4,6,1,9,-2247.8603174603177,4.486259080129679,315
1,1,11,5,0,1,9,-2216.3282114320837,23.64912972763905,1627
1,1,11,6,0,0,9,-2178.1041666666665,1.4323579531560806,96
1,1,11,6,0,1,9,-2217.738687061823,21.54617466952875,1569
1,1,11,7,0,0,9,-2215.2492492492493,23.333996921856674,1665
1,1,11,8,0,0,9,-2215.5550847457625,23.15763419180273,1652
1,1,11,9,1,0,9,-2228.474190726159,16.010904765663344,1143
1,1,11,9,3,0,9,-2187.852252252252,7.411931540563507,555
1,1,11,10,3,0,9,-2240.111811023622,8.416618489574692,635
1,1,11,10,7,0,9,-2199.871916508539,14.013469690233386,1054
1,1,11,11,7,0,9,-2214.259927797834,23.49677642831745,1662
1,1,11,12,7,0,9,-2238.54617414248,10.102109546482156,758
1,1,11,12,7,1,9,-3077.9916579770593,12.730376883017579,959
1,1,12,2,7,1,9,-2216.244945118429,23.060868685092277,1731
1,1,12,3,6,1,9,-2195.5741626794256,11.550927483758887,836
1,1,12,3,7,1,9,-2236.0102857142856,11.534539803987593,875
1,1,12,4,0,1,9,-2180.1036036036035,2.8934666365616897,222
1,1,12,4,4,1,9,-2212.392797319933,16.051184306314315,1194
1,1,12,4,6,1,9,-2248.6202531645567,4.349607278907281,316
1,1,12,5,0,1,9,-2215.2611898017,23.09790213425153,1765
1,1,12,6,0,1,9,-2218.4569961489087,21.965964726863834,1558
1,1,12,7,0,0,9,-2215.8442028985505,23.09738106989469,1656
1,1,12,8,0,0,9,-2215.1053247513164,22.976302972229806,1709
1,1,12,9,1,0,9,-2227.9880136986303,16.02229376284455,1168
1,1,12,9,3,0,9,-2187.884393063584,7.014307369090788,519
1,1,12,10,3,0,9,-2240.063565891473,8.73204858868758,645
1,1,12,10,7,0,9,-2200.7929475587703,14.370881279305072,1106
1,1,12,11,7,0,9,-2216.2030804335427,22.59350480603905,1753
1,1,12,12,7,0,9,-2239.0351123595506,10.445291006061506,712
1,1,12,12,7,1,9,-3077.8693877551023,12.76703670216514,980
1,1,13,2,7,1,9,-2215.7193492155725,23.37700322705,1721
1,1,13,3,6,1,9,-2195.1310507674143,11.443947548651451,847
1,1,13,3,7,1,9,-2234.9334186939823,11.20056575371583,781
1,1,13,4,0,1,9,-2180.5471698113206,2.952875399101542,212
1,1,13,4,4,1,9,-2212.731330472103,15.807612292340291,1165
1,1,13,4,6,1,9,-2247.7115384615386,4.294465154886429,312
1,1,13,5,0,1,9,-2214.67700729927,23.071315055549956,1644
1,1,13,6,0,0,9,-2177.8793103448274,1.4212377585482132,116
1,1,13,6,0,1,9,-2218.2134484885873,21.458913682852604,1621
1,1,13,7,0,0,9,-2215.249560632689,22.723339079916236,1707
1,1,13,8,0,0,9,-2214.7495559502663,23.22756704926584,1689
1,1,13,9,1,0,9,-2228.1127118644067,15.340430941136729,1180
1,1,13,9,3,0,9,-2187.8167641325535,7.1852100407553054,513
1,1,13,10,3,0,9,-2240.1610169491523,8.476458265667908,590
1,1,13,10,7,0,9,-2199.6035120147876,14.56564294474796,1082
1,1,13,11,7,0,9,-2216.1667638483964,23.123755098978773,1715
1,1,13,12,7,0,9,-2237.621659634318,10.245730917218548,711
1,1,13,12,7,1,9,-3077.80207253886,12.621767358372269,965
1,1,14,2,7,1,9,-2216.1476590636253,23.4255951669591,1666
1,1,14,3,6,1,9,-2195.890887290168,11.350269688192611,834
1,1,14,3,7,1,9,-2235.5980511571256,11.470523409407472,821
1,1,14,4,0,1,9,-2180.757575757576,2.801842499925961,198
1,1,14,4,4,1,9,-2213.7982378854626,15.630614838921083,1135
1,1,14,4,6,1,9,-2248.016501650165,4.462131641256912,303
1,1,14,5,0,1,9,-2215.6036585365855,22.923339608556244,1640
1,1,14,6,0,1,9,-2218.232298136646,21.437720290184668,1610
1,1,14,7,0,0,9,-2215.2158393753484,22.87673350705222,1793
1,1,14,8,0,0,9,-2214.8500296384113,22.984377280920935,1687
1,1,14,9,1,0,9,-2228.0594639865994,15.967428584245113,1194
1,1,14,9,3,0,9,-2188.0463458110517,7.1301617646179825,561
1,1,14,10,3,0,9,-2240.1205564142197,8.692816821674954,647
1,1,14,10,7,0,9,-2200.164684354986,14.424563425798324,1093
1,1,14,11,7,0,9,-2215.102564102564,23.037162327998654,1755
1,1,14,12,7,0,9,-2237.780205655527,9.940272477369595,778
1,1,14,12,7,1,9,-3078.4984423676015,12.887594059596049,963
1,1,15,2,7,1,9,-2215.2386904761906,23.535627566540978,1680
1,1,15,3,6,1,9,-2195.3490011750882,11.47957603155433,851
1,1,15,3,7,1,9,-2235.518292682927,11.541691426622934,820
1,1,15,4,0,1,9,-2180.359090909091,2.914409201192215,220
1,1,15,4,4,1,9,-2214.6421232876714,15.908460517566686,1168
1,1,15,4,6,1,9,-2248.13125,4.219185162768223,320
1,1,15,5,0,1,9,-2215.191241685144,23.812448783832576,1804
1,1,15,6,0,0,9,-2177.8275862068967,1.4637920880155992,116
1,1,15,6,0,1,9,-2217.9157303370785,21.455578236227097,1602
1,1,15,7,0,0,9,-2215.277199074074,23.01114642402123,1728
1,1,15,8,0,0,9,-2216.4103151862464,22.972641188313826,1745
1,1,15,9,1,0,9,-2228.1139013452917,15.7993737325033,1115
1,1,15,9,3,0,9,-2187.9063670411983,6.976326790751972,534
1,1,15,10,3,0,9,-2240.900166389351,8.540401193859262,601
1,1,15,10,7,0,9,-2201.0790020790023,14.551006989520154,962
1,1,15,11,7,0,9,-2215.4628002343293,23.277224208441933,1707
1,1,15,12,7,0,9,-2238.2076923076925,10.134882252090678,780
1,1,15,12,7,1,9,-3077.5608465608466,12.771941441015334,945
1,1,16,2,7,1,9,-2215.918082524272,22.67716042762584,1648
1,1,16,3,6,1,9,-2195.1801909307874,11.469779279456985,838
1,1,16,3,7,1,9,-2235.530637254902,11.274387187603573,816
1,1,16,4,0,1,9,-2180.5463414634146,2.9340804486168084,205
1,1,16,4,4,1,9,-2213.405179615706,16.138666238013986,1197
1,1,16,4,6,1,9,-2247.734939759036,4.47842037924806,332
1,1,16,5,0,1,9,-2215.349765258216,23.373969560098484,1704
1,1,16,6,0,0,9,-2178.1735537190084,1.3153743512777718,121
1,1,16,6,0,1,9,-2217.696463022508,22.100017176324158,1555
1,1,16,7,0,0,9,-2215.9248719408083,23.263359245331507,1757
1,1,16,8,0,0,9,-2215.489470688674,23.12982162451789,1757
1,1,16,9,1,0,9,-2228.5298126064736,16.085759745027243,1174
1,1,16,9,3,0,9,-2187.9347408829176,6.9558218190412235,521
1,1,16,10,3,0,9,-2240.157142857143,8.532239779016441,630
1,1,16,10,7,0,9,-2200.0387453874537,14.217484840139491,1084
1,1,16,11,7,0,9,-2215.754604872252,23.008764402754284,1683
1,1,16,12,7,0,9,-2237.585,9.935807717530455,800
1,1,16,12,7,1,9,-3077.682978723404,13.211597406124346,940
1,1,17,2,7,1,9,-2216.052807115064,23.249211565632077,1799
1,1,17,3,6,1,9,-2195.6631823461094,11.734991050651294,861
1,1,17,3,7,1,9,-2236.0981818181817,11.428992758842751,825
1,1,17,4,0,1,9,-2179.986301369863,2.889880710386333,219
1,1,17,4,4,1,9,-2212.1641414141413,16.063871682175574,1188
1,1,17,4,6,1,9,-2248.0,4.37797517889002,324
1,1,17,5,0,1,9,-2215.3866666666668,22.645854616538543,1650
1,1,17,6,0,0,9,-2178.1071428571427,1.472104560536662,112
1,1,17,6,0,1,9,-2217.678876678877,21.70553134677848,1638
1,1,17,7,0,0,9,-2215.4340690435765,23.076998510217134,1767
1,1,17,8,0,0,9,-2215.6637731481483,23.184466236074197,1728
1,1,17,9,1,0,9,-2227.392207792208,15.43216772694677,1155
1,1,17,9,3,0,9,-2188.145132743363,6.908004734098803,565
1,1,17,10,3,0,9,-2240.5347758887174,8.607082337903208,647
1,1,17,10,7,0,9,-2200.631884057971,14.294647754332125,1035
1,1,17,11,7,0,9,-2215.723049434187,22.84390694619594,1679
1,1,17,12,7,0,9,-2238.764705882353,10.061203228824771,731
1,1,17,12,7,1,9,-3078.1614583333335,12.664746590689854,960
1,1,18,2,7,1,9,-2214.2739255014326,23.42142950879928,1745
1,1,18,3,6,1,9,-2195.2085682074407,11.55245938284169,887
1,1,18,3,7,1,9,-2234.8915525114157,11.404592196093052,876
1,1,18,4,0,1,9,-2180.7244897959185,2.8276355313914667,196
1,1,18,4,4,1,9,-2213.58683127572,15.871775017993732,1215
1,1,18,4,6,1,9,-2247.6810035842295,4.419170245457666,279
1,1,18,5,0,1,9,-2215.917495611469,22.99046240389187,1709
1,1,18,6,0,1,9,-2218.663190184049,21.782670145257644,1630
1,1,18,7,0,0,9,-2216.70040253019,23.363085425927018,1739
1,1,18,8,0,0,9,-2216.034857142857,23.48235658306023,1750
1,1,18,9,1,0,9,-2227.8761987794246,15.790929719323234,1147
1,1,18,9,3,0,9,-2187.858527131783,7.458239354211592,516
1,1,18,10,3,0,9,-2240.857575757576,8.907488518010032,660
1,1,18,10,7,0,9,-2200.5159574468084,14.282847942887452,1128
1,1,18,11,7,0,9,-2214.9238258877435,23.232537183599714,1746
1,1,18,12,7,0,9,-2237.992,10.157424345393204,750
1,1,18,12,7,1,9,-3078.436923076923,12.597511792130916,975
1,1,19,2,7,1,9,-2215.56354226567,23.752772648642786,1739
1,1,19,3,6,1,9,-2195.583233532934,11.419227679715524,835
1,1,19,3,7,1,9,-2235.4688601645125,11.47018434971845,851
1,1,19,4,0,1,9,-2180.586046511628,2.716151637703255,215
1,1,19,4,4,1,9,-2213.0693641618495,16.08370377669883,1211
1,1,19,4,6,1,9,-2248.097643097643,4.527569252257605,297
1,1,19,5,0,1,9,-2214.6754966887415,23.128311211139902,1661
1,1,19,6,0,1,9,-2217.45329153605,21.514262532114223,1595
1,1,19,7,0,0,9,-2215.362536023055,23.539003928798802,1735
1,1,19,8,0,0,9,-2216.863361547763,22.99207475716331,1654
1,1,19,9,1,0,9,-2227.856181665265,16.013724324762425,1189
1,1,19,9,3,0,9,-2187.7504911591354,7.097872114992831,509
1,1,19,10,3,0,9,-2240.452339688042,8.60060649799849,577
1,1,19,10,7,0,9,-2199.5351299326276,14.572657157434914,1039
1,1,19,11,7,0,9,-2215.558289396602,22.883405219734804,1707
1,1,19,12,7,0,9,-2237.5577689243028,10.076449938442433,753
1,1,19,12,7,1,9,-3078.1618852459014,13.22528711964576,976
1,1,20,2,7,1,9,-2215.401764705882,22.82483934234974,1700
1,1,20,3,6,1,9,-2195.2255017709563,11.704141547047634,847
1,1,20,3,7,1,9,-2235.1891592920356,11.782348324304225,904
1,1,20,4,0,1,9,-2180.598086124402,2.7601394062732196,209
1,1,20,4,4,1,9,-2213.455479452055,15.65749866662196,1168
1,1,20,4,6,1,9,-2248.285714285714,4.339531381770881,357
1,1,20,5,0,1,9,-2214.7213761985336,23.10583267439233,1773
1,1,20,6,0,0,9,-2178.1145833333335,1.435195919201406,96
1,1,20,6,0,1,9,-2218.6822822822824,21.61248842805676,1665
1,1,20,7,0,0,9,-2215.0669014084506,22.87107124270497,1704
1,1,20,8,0,0,9,-2215.5723720418273,23.28154038657793,1817
1,1,20,9,1,0,9,-2227.7034834324554,15.608406654712084,1177
1,1,20,9,3,0,9,-2188.115452930728,7.2120256242923935,563
1,1,20,10,3,0,9,-2240.712715855573,8.699088441868863,637
1,1,20,10,7,0,9,-2201.3948339483395,14.10801148539132,1084
1,1,20,11,7,0,9,-2213.3647416413373,22.605607005656143,1645
1,1,20,12,7,0,9,-2237.352303523035,10.03465547055514,738
1,1,20,12,7,1,9,-3077.8976143141153,13.100333653131141,1006
1,1,21,2,7,1,9,-2215.6123167155424,23.138151219314924,1705
1,1,21,3,6,1,9,-2195.7630662020906,11.500727922495907,861
1,1,21,3,7,1,9,-2235.849187935035,11.575956883243434,862
1,1,21,4,0,1,9,-2180.391891891892,2.912311089160528,222
1,1,21,4,4,1,9,-2213.300675675676,16.021389826568043,1184
1,1,21,4,6,1,9,-2248.0456140350875,4.3174094806763,285
1,1,21,5,0,1,9,-2215.1838024124067,23.315324481407195,1741
1,1,21,6,0,0,9,-2178.0934579439254,1.4243064241840893,107
1,1,21,6,0,1,9,-2218.9641283826304,21.923905176757973,1589
1,1,21,7,0,0,9,-2214.838348082596,22.95857122190284,1695
1,1,21,8,0,0,9,-2216.1060786650773,22.966643142980477,1678
1,1,21,9,1,0,9,-2229.011705685619,16.159578274185314,1196
1,1,21,9,3,0,9,-2187.2774451097803,7.333301823165755,501
1,1,21,10,3,0,9,-2240.5628140703516,8.68612309718595,597
1,1,21,10,7,0,9,-2201.3056300268095,14.277771475101797,1119
1,1,21,11,7,0,9,-2215.836526946108,22.99914567349284,1670
1,1,21,12,7,0,9,-2238.1162790697676,10.081421426990174,774
1,1,21,12,7,1,9,-3077.9070981210857,12.762841244414274,958
1,1,22,2,7,1,9,-2215.986276849642,23.23590604164361,1676
1,1,22,3,6,1,9,-2195.591232227488,11.694368916626303,844
1,1,22,3,7,1,9,-2235.811659192825,11.486215112294305,892
1,1,22,4,0,1,9,-2180.336448598131,2.7221621601401997,214
1,1,22,4,4,1,9,-2213.3069565217393,15.926424428760395,1150
1,1,22,4,6,1,9,-2248.342105263158,4.206206665831688,304
1,1,22,5,0,1,9,-2215.050944476245,22.94699681476716,1747
1,1,22,6,0,1,9,-2218.08230958231,21.6410999137104,1628
1,1,22,7,0,0,9,-2215.6691471093304,23.049221453932237,1747
1,1,22,8,0,0,9,-2215.1981595092025,23.272024260396268,1630
1,1,22,9,1,0,9,-2228.314056939502,15.903572247512164,1124
1,1,22,9,3,0,9,-2187.778546712803,7.239555653090641,578
1,1,22,10,3,0,9,-2240.914156626506,8.842165796644583,664
1,1,22,10,7,0,9,-2200.2897623400368,14.210456064146111,1094
1,1,22,11,7,0,9,-2215.750432276657,22.999197294270477,1735
1,1,22,12,7,0,9,-2238.3783783783783,10.191575423072425,703
1,1,22,12,7,1,9,-3077.1046632124353,12.8224394071065,965
1,1,23,2,7,1,9,-2216.935049736688,22.654912271777533,1709
1,1,23,3,6,1,9,-2195.5843230403802,11.470426347690701,842
1,1,23,3,7,1,9,-2235.1270022883295,11.447267555738794,874
1,1,23,4,0,1,9,-2180.5345622119817,2.915073477479604,217
1,1,23,4,4,1,9,-2212.3407079646017,16.034636940079988,1130
1,1,23,4,6,1,9,-2248.1419141914193,4.45546265719086,303
1,1,23,5,0,1,9,-2216.062749572162,22.934927386155273,1753
1,1,23,6,0,0,9,-2177.8705035971225,1.4584634290012366,139
1,1,23,6,0,1,9,-2218.6100746268658,21.674097225522416,1608
1,1,23,7,0,0,9,-2215.8431831480398,22.742792801027985,1709
1,1,23,8,0,0,9,-2215.64586943963,23.06226868369285,1731
1,1,23,9,1,0,9,-2226.8372287145244,16.177264585884824,1198
1,1,23,9,3,0,9,-2187.9196787148594,7.205919469391095,498
1,1,23,10,3,0,9,-2240.8577981651374,8.617755587193862,654
1,1,23,10,7,0,9,-2201.355058365759,14.823324102487907,1028
1,1,23,11,7,0,9,-2215.7074115044247,23.02768894926485,1808
1,1,23,12,7,0,9,-2237.8249370277076,10.216341569870357,794
1,1,23,12,7,1,9,-3077.9743040685225,13.05897442189808,934
1,1,24,2,7,1,9,-2215.817922374429,22.966559435509737,1752
1,1,24,3,6,1,9,-2195.3612975391497,11.677063163905231,894
1,1,24,3,7,1,9,-2235.2675893886967,11.30493350884204,867
1,1,24,4,0,1,9,-2180.4484126984125,2.9522182709980145,252
1,1,24,4,4,1,9,-2213.1751037344397,15.880415484012111,1205
1,1,24,4,6,1,9,-2247.6823529411763,4.195128168087002,340
1,1,24,5,0,1,9,-2216.3129584352077,22.70101412598775,1636
1,1,24,6,0,0,9,-2178.1473684210528,1.399010334488751,95
1,1,24,6,0,1,9,-2217.584713375796,21.554156841481582,1570
1,1,24,7,0,0,9,-2215.8107784431136,22.873594403849268,1670
1,1,24,8,0,0,9,-2215.158628704242,23.155333968751847,1721
1,1,24,9,1,0,9,-2227.887019230769,16.20123525561696,1248
1,1,24,9,3,0,9,-2188.083179297597,7.245784921954079,541
1,1,24,10,3,0,9,-2241.1857835218093,8.72295125901469,619
1,1,24,10,7,0,9,-2201.2702702702704,14.100809387024619,1073
1,1,24,11,7,0,9,-2215.465182648402,23.231241218965742,1752
1,1,24,12,7,0,9,-2238.061776061776,10.169163443171934,777
1,1,24,12,7,1,9,-3077.9968119022315,12.77604819487607,941
1,1,25,2,7,1,9,-2215.3293697978597,23.315923750011624,1682
1,1,25,3,6,1,9,-2195.2092485549133,12.07477311083824,865
1,1,25,3,7,1,9,-2235.356626506024,11.457750497014535,830
1,1,25,4,0,1,9,-2180.148936170213,2.8937108869617876,235
1,1,25,4,4,1,9,-2213.5794960903563,16.44051690479276,1151
1,1,25,4,6,1,9,-2247.970588235294,4.29345728656096,306
1,1,25,5,0,1,9,-2215.7947993216508,22.666237996496747,1769
1,1,25,6,0,0,9,-2178.015625,1.3634994900530766,128
1,1,25,6,0,1,9,-2218.0995085995087,21.50832476405968,1628
1,1,25,7,0,0,9,-2215.967528562838,23.041261409173902,1663
1,1,25,8,0,0,9,-2216.0023282887078,23.590215097832033,1718
1,1,25,9,1,0,9,-2228.4406779661017,15.804455866344286,1121
1,1,25,9,3,0,9,-2187.5377532228363,7.1085993184459735,543
1,1,25,10,3,0,9,-2240.2783171521037,8.695321943716232,618
1,1,25,10,7,0,9,-2200.4795008912656,14.095549559969106,1122
1,1,25,11,7,0,9,-2216.366255144033,23.316002924677814,1701
1,1,25,12,7,0,9,-2237.93564993565,9.938730092510282,777
1,1,25,12,7,1,9,-3077.124744376278,13.027530279354037,978
1,1,26,2,7,1,9,-2215.072121212121,23.131696967384972,1650
1,1,26,3,6,1,9,-2196.213936430318,11.573067605199656,818
1,1,26,3,7,1,9,-2235.950561797753,11.78638639188347,890
1,1,26,4,0,1,9,-2180.9083333333333,3.002764929616836,240
1,1,26,4,4,1,9,-2213.098765432099,15.609381692723108,1215
1,1,26,4,6,1,9,-2248.3825503355706,4.22932764002782,298
1,1,26,5,0,1,9,-2215.630778232885,23.3772834009027,1709
1,1,26,6,0,0,9,-2177.7708333333335,1.3805129376735081,96
1,1,26,6,0,1,9,-2217.729498164015,21.503443096068857,1634
1,1,26,7,0,0,9,-2215.961854460094,23.035318368443466,1704
1,1,26,8,0,0,9,-2214.966891133558,23.090110973974742,1782
1,1,26,9,1,0,9,-2228.3930976430975,15.760983648139955,1188
1,1,26,9,3,0,9,-2187.366386554622,7.114209680649705,595
1,1,26,10,3,0,9,-2240.350689127106,8.994697450120173,653
1,1,26,10,7,0,9,-2201.051087984863,14.604377243529626,1057
1,1,26,11,7,0,9,-2215.882560187904,23.08772761011286,1703
1,1,26,12,7,0,9,-2237.4521276595747,9.742309882958121,752
1,1,26,12,7,1,9,-3078.6872998932763,12.87893628607786,937
1,1,27,2,7,1,9,-2215.3817567567567,23.19896764118746,1776
1,1,27,3,6,1,9,-2195.5555555555557,11.827226099808648,891
1,1,27,3,7,1,9,-2234.9186320754716,11.161834062516789,848
1,1,27,4,0,1,9,-2180.0,2.784497200125856,219
1,1,27,4,4,1,9,-2212.951137320977,15.503380775557227,1187
1,1,27,4,6,1,9,-2248.2252559726962,4.263157951510302,293
1,1,27,5,0,1,9,-2215.0928008998876,23.15242309302892,1778
1,1,27,6,0,0,9,-2177.965217391304,1.4321187393238586,115
1,1,27,6,0,1,9,-2218.665201005025,21.637757690531053,1592
1,1,27,7,0,0,9,-2215.841067285383,23.411833578949874,1724
1,1,27,8,0,0,9,-2214.5711733174508,23.143739221456823,1679
1,1,27,9,1,0,9,-2227.401724137931,15.983795580699535,1160
1,1,27,9,3,0,9,-2188.054716981132,7.192162034543141,530
1,1,27,10,3,0,9,-2240.9791332263244,8.595486584083098,623
1,1,27,10,7,0,9,-2200.9007490636704,14.469957234216855,1068
1,1,27,11,7,0,9,-2213.8615023474176,23.1392157746005,1704
1,1,27,12,7,0,9,-2238.462365591398,9.934526672687413,744
1,1,27,12,7,1,9,-3078.6248715313463,12.885298318362466,973
1,1,28,2,7,1,9,-2215.902985074627,22.967613154290415,1742
1,1,28,3,6,1,9,-2195.407100591716,11.644840765148789,845
1,1,28,3,7,1,9,-2235.717798594848,11.322346841995621,854
1,1,28,4,0,1,9,-2180.5227272727275,2.8737735435500196,220
1,1,28,4,4,1,9,-2212.515879828326,15.719017656081636,1165
1,1,28,4,6,1,9,-2248.0323529411767,4.431386755845979,340
1,1,28,5,0,1,9,-2215.9335727109515,22.926020362844923,1671
1,1,28,6,0,0,9,-2178.1481481481483,1.4517857124853208,108
1,1,28,6,0,1,9,-2217.777777777778,21.51416415431833,1620
1,1,28,7,0,0,9,-2215.1481264637,23.10313811230784,1708
1,1,28,8,0,0,9,-2216.1035280508963,22.915976334405425,1729
1,1,28,9,1,0,9,-2227.0697674418607,15.94290424063781,1204
1,1,28,9,3,0,9,-2187.887573964497,7.33511611597586,507
1,1,28,10,3,0,9,-2240.762658227848,8.55773381939813,632
1,1,28,10,7,0,9,-2200.2618613138684,14.388187248665009,1096
1,1,28,11,7,0,9,-2215.0207015526166,22.41443066373151,1739
1,1,28,12,7,0,9,-2238.4152777777776,10.253781954375283,720
1,1,28,12,7,1,9,-3077.812227074236,13.290411844770906,916
1,1,29,2,7,1,9,-2215.2755220417635,23.38359290335634,1724
1,1,29,3,6,1,9,-2196.1950113378684,11.485298601139819,882
1,1,29,3,7,1,9,-2235.594951923077,11.557886231122977,832
1,1,29,4,0,1,9,-2180.5157894736844,2.939255752147039,190
1,1,29,4,4,1,9,-2212.155274261603,15.488867093139119,1185
1,1,29,4,6,1,9,-2247.8192771084337,4.1315552611195985,332
1,1,29,5,0,1,9,-2215.8707403055228,23.414338246626436,1702
1,1,29,6,0,0,9,-2177.875,1.3997767677838746,120
1,1,29,6,0,1,9,-2217.598148148148,21.709151999130587,1620
1,1,29,7,0,0,9,-2215.6744985673354,23.31804661844991,1745
1,1,29,8,0,0,9,-2215.4265569917743,22.459420511143023,1702
1,1,29,9,1,0,9,-2228.3772084805655,16.077054187838087,1132
1,1,29,9,3,0,9,-2188.4549098196394,7.184337153947968,499
1,1,29,10,3,0,9,-2239.7990726429675,8.685993935001877,647
1,1,29,10,7,0,9,-2200.7006610009444,14.118816914457627,1059
1,1,29,11,7,0,9,-2214.6043123543122,23.37180887170186,1716
1,1,29,12,7,0,9,-2237.3684210526317,10.195899724445985,760
1,1,29,12,7,1,9,-3077.9907597535935,12.777632087450177,974
1,1,30,2,7,1,9,-2215.758462421113,22.684057054502414,1743
1,1,30,3,6,1,9,-2196.207701283547,11.736658761957901,857
1,1,30,3,7,1,9,-2235.059718969555,11.535301399415767,854
1,1,30,4,0,1,9,-2180.4313725490197,2.947281246036467,204
1,1,30,4,4,1,9,-2212.400339270568,16.02672280354098,1179
1,1,30,4,6,1,9,-2247.828025477707,4.3017969049589135,314
1,1,30,5,0,1,9,-2215.926122931442,22.96934648344652,1692
1,1,30,6,0,0,9,-2177.931818181818,1.3382099184794385,88
1,1,30,6,0,1,9,-2217.747147147147,21.922776683326216,1665
1,1,30,7,0,0,9,-2215.847487001733,23.305666562373364,1731
1,1,30,8,0,0,9,-2216.456953642384,23.424108208955705,1661
1,1,30,9,1,0,9,-2227.8251561106154,16.086345143853507,1121
1,1,30,9,3,0,9,-2188.10394265233,7.158969525738996,558
1,1,30,10,3,0,9,-2240.511811023622,8.711171343042446,635
1,1,30,10,7,0,9,-2200.9233576642337,14.66759307233563,1096
1,1,30,11,7,0,9,-2214.7458006718925,22.974602481554328,1786
1,1,30,12,7,0,9,-2237.685601056803,10.06551675498851,757
1,1,30,12,7,1,9,-3077.6465863453814,13.167502835359036,996
1,1,31,2,7,1,9,-2215.5889423076924,23.2533707820392,1664
1,1,31,3,6,1,9,-2195.39549436796,11.14097982736211,799
1,1,31,3,7,1,9,-2235.3306451612902,11.70135803095271,868
1,1,31,4,0,1,9,-2180.268181818182,2.835791754852634,220
1,1,31,4,4,1,9,-2213.7208333333333,15.888976240554623,1200
1,1,31,4,6,1,9,-2247.4645161290323,4.342999438278449,310
1,1,31,5,0,1,9,-2215.490919742238,23.306427820891372,1707
1,1,31,6,0,1,9,-2218.371601208459,21.836836103952958,1655
1,1,31,7,0,0,9,-2214.578886310905,23.370295058081997,1724
1,1,31,8,0,0,9,-2214.8942252715838,22.6157581495971,1749
1,1,31,9,1,0,9,-2228.561497326203,15.68172343234364,1122
1,1,31,9,3,0,9,-2188.230490018149,7.466285719501875,551
1,1,31,10,3,0,9,-2239.9921259842517,8.856419054764935,635
1,1,31,10,7,0,9,-2201.753861003861,14.84333354506919,1036
1,1,31,11,7,0,9,-2215.494730679157,22.88696581210631,1708
1,1,31,12,7,0,9,-2237.2258883248733,10.089057239726722,788
1,1,31,12,7,1,9,-3077.8982706002034,13.063030041944545,983
1,1,32,2,7,1,9,-2215.8199189345687,23.222707608934563,1727
1,1,32,3,6,1,9,-2195.012048192771,11.535690009617849,830
1,1,32,3,7,1,9,-2235.3874285714287,11.369918291669842,875
1,1,32,4,0,1,9,-2180.370535714286,3.009097467784689,224
1,1,32,4,4,1,9,-2213.0989193682462,15.905613865783629,1203
1,1,32,4,6,1,9,-2247.91788856305,4.33755369780128,341
1,1,32,5,0,1,9,-2216.6805149210063,23.082642899939007,1709
1,1,32,6,0,0,9,-2178.326923076923,1.3759074471268629,104
1,1,32,6,0,1,9,-2218.179768041237,21.784660212297265,1552
1,1,32,7,0,0,9,-2215.1763341067285,23.044952470272694,1724
1,1,32,8,0,0,9,-2214.600350058343,23.5727632888689,1714
1,1,32,9,1,0,9,-2228.3723494486853,15.73431711333635,1179
1,1,32,9,3,0,9,-2188.6152450090744,7.23502671106797,551
1,1,32,10,3,0,9,-2240.012121212121,8.84529519098585,660
1,1,32,10,7,0,9,-2200.0444033302497,14.31086959503616,1081
1,1,32,11,7,0,9,-2215.4486517498567,22.831885213543977,1743
1,1,32,12,7,0,9,-2238.688654353562,10.05673368370732,758
1,1,32,12,7,1,9,-3078.4147368421054,13.042464801075848,950
1,1,33,2,7,1,9,-2215.063408958697,23.176788357563584,1719
1,1,33,3,6,1,9,-2194.9630836047772,11.74090286333932,921
1,1,33,3,7,1,9,-2235.7828638497654,11.60059239481022,852
1,1,33,4,0,1,9,-2180.615,2.9574947170345816,200
1,1,33,4,4,1,9,-2214.047210300429,15.713540904427225,1165
1,1,33,4,6,1,9,-2248.1739130434785,4.218511729112426,322
1,1,33,5,0,1,9,-2214.8326434062683,22.992370602106774,1691
1,1,33,6,0,0,9,-2178.0224719101125,1.3980526431189317,89
1,1,33,6,0,1,9,-2217.764705882353,21.49030746008356,1581
1,1,33,7,0,0,9,-2214.7479815455595,23.16455934505924,1734
1,1,33,8,0,0,9,-2215.1667681071212,22.751486351137284,1643
1,1,33,9,1,0,9,-2228.607826810991,16.076583123250636,1201
1,1,33,9,3,0,9,-2187.7274401473296,7.2763980755517075,543
1,1,33,10,3,0,9,-2240.4167893961708,8.72902903340088,679
1,1,33,10,7,0,9,-2200.3188137164043,14.596720596063975,1079
1,1,33,11,7,0,9,-2215.9994428969358,23.43165251371151,1795
1,1,33,12,7,0,9,-2237.851274787535,9.985072701064851,706
1,1,33,12,7,1,9,-3077.846949327818,13.008920195529775,967
1,1,34,2,7,1,9,-2215.745337995338,23.023269275863612,1716
1,1,34,3,6,1,9,-2194.765776699029,11.469979542588991,824
1,1,34,3,7,1,9,-2236.1519721577724,11.525976494980188,862
1,1,34,4,0,1,9,-2180.436936936937,2.6834638073402317,222
1,1,34,4,4,1,9,-2213.0294599018002,16.17799265527075,1222
1,1,34,4,6,1,9,-2248.228125,4.584739249276175,320
1,1,34,5,0,1,9,-2215.256544502618,23.085367333383473,1719
1,1,34,6,0,0,9,-2178.0857142857144,1.3600720267619553,105
1,1,34,6,0,1,9,-2217.948427672956,21.956929982524787,1590
1,1,34,7,0,0,9,-2216.468035190616,23.311488966608522,1705
1,1,34,8,0,0,9,-2216.0817717206132,22.96895943658899,1761
1,1,34,9,1,0,9,-2227.9905417024934,15.88157203005627,1163
1,1,34,9,3,0,9,-2187.6418685121107,6.91231121517409,578
1,1,34,10,3,0,9,-2239.729641693811,8.195207994492948,614
1,1,34,10,7,0,9,-2199.5423406279733,14.073845810955715,1051
1,1,34,11,7,0,9,-2215.625979843225,22.81556307768733,1786
1,1,34,12,7,0,9,-2237.7146631439896,10.140386265066388,757
1,1,34,12,7,1,9,-3077.9176470588236,12.87665295232946,935
1,1,35,2,7,1,9,-2215.647920328061,23.19065171480568,1707
1,1,35,3,6,1,9,-2197.241469816273,10.354831346911391,762
1,1,35,3,7,1,9,-2234.9298454221166,11.53616352270158,841
1,1,35,12,7,1,9,-3077.1927966101694,12.761539768567076,944
1,2,1,2,7,0,10,-1322.861111111111,1.410662658455438,108
1,2,1,3,7,1,10,-2133.2073170731705,4.301836830998186,328
1,2,1,4,4,1,10,-2133.3657718120803,4.373935487999556,298
1,2,1,4,6,1,10,-2168.671129707113,15.63569979021308,1195
1,2,1,4,7,1,10,-2201.0,2.833473385922494,210
1,2,1,5,0,1,10,-2146.292596944771,11.602106020579072,851
1,2,1,5,4,1,10,-2186.0215311004786,11.407922016602875,836
1,2,1,6,0,1,10,-2165.089411764706,23.413148761939446,1700
1,2,1,7,0,0,10,-2142.47311827957,10.007756559372314,744
1,2,1,7,0,1,10,-2183.267094017094,13.055733034143046,936
1,2,1,8,0,0,10,-2165.9783499122295,22.929206425053106,1709
1,2,1,9,0,0,10,-2180.097815764482,14.619612585608847,1053
1,2,1,9,1,0,10,-2140.3030303030305,8.485762937653732,660
1,2,1,10,1,0,10,-2192.595323741007,7.1048098818217,556
1,2,1,10,3,0,10,-2152.1385017421603,15.677803897162942,1148
1,2,1,11,7,0,10,-2165.2524383247273,23.001121566333854,1743
1,2,1,12,7,0,10,-2165.290759270159,22.851007616731852,1699
1,2,2,2,7,0,10,-1322.9550561797753,1.4449455676633312,89
1,2,2,2,7,1,10,-2163.009129640901,21.70662664543845,1643
1,2,2,3,7,1,10,-2166.1592920353983,23.416644247584934,1695
1,2,2,4,4,1,10,-2132.8823529411766,4.352146191184044,289
1,2,2,4,6,1,10,-2166.991349480969,15.771286858777453,1156
1,2,2,4,7,1,10,-2200.592391304348,2.9455468855442186,184
1,2,2,5,0,1,10,-2145.814814814815,11.454336190241595,864
1,2,2,5,4,1,10,-2185.7541966426857,11.55004802965027,834
1,2,2,6,0,1,10,-2165.092560046866,23.25094722529013,1707
1,2,2,7,0,0,10,-2142.613836477987,9.888717145889634,795
1,2,2,7,0,1,10,-2183.074844074844,13.155420344328684,962
1,2,2,8,0,0,10,-2166.059929494712,23.062474380588935,1702
1,2,2,9,0,0,10,-2180.7334510150044,14.394869581268175,1133
1,2,2,9,1,0,10,-2140.137026239067,8.720900762418033,686
1,2,2,10,1,0,10,-2193.214990138067,7.005994344471483,507
1,2,2,10,3,0,10,-2152.703734439834,15.895541617543923,1205
1,2,2,11,7,0,10,-2164.3939573459716,22.834649535527685,1688
1,2,2,12,7,0,10,-2165.808680753855,22.919705746573978,1751
1,2,3,2,7,0,10,-1322.8181818181818,1.3298853489960432,121
1,2,3,2,7,1,10,-2162.800123762376,21.64529594665781,1616
1,2,3,3,7,1,10,-2165.332351208014,22.984847483918116,1697
1,2,3,4,4,1,10,-2132.6414473684213,4.621146247538164,304
1,2,3,4,6,1,10,-2166.8572656921756,15.743655482921483,1163
1,2,3,4,7,1,10,-2200.581151832461,2.934264222302148,191
1,2,3,5,0,1,10,-2146.015476190476,11.649688265302188,840
1,2,3,5,4,1,10,-2186.1921296296296,11.305936375043965,864
1,2,3,6,0,1,10,-2166.064125831821,23.062386819688882,1653
1,2,3,7,0,0,10,-2142.5414364640883,10.078542171436435,724
1,2,3,7,0,1,10,-2182.8249733191037,13.066258191223532,937
1,2,3,8,0,0,10,-2165.300302114804,22.982796006911112,1655
1,2,3,9,0,0,10,-2180.5306859205775,14.319521547998216,1108
1,2,3,9,1,0,10,-2140.262830482115,8.851336689736584,643
1,2,3,10,1,0,10,-2193.1081593927893,7.330738345875027,527
1,2,3,10,3,0,10,-2153.0252393385554,15.909072244640909,1149
1,2,3,11,7,0,10,-2165.8631813125694,23.120330663519248,1798
1,2,3,12,7,0,10,-2165.342805320435,23.35156146478555,1654
1,2,4,2,7,0,10,-1322.9611650485438,1.4408892216944742,103
1,2,4,2,7,1,10,-2162.93984962406,21.379730427690788,1596
1,2,4,3,7,1,10,-2165.430246189918,22.95211641413856,1706
1,2,4,4,4,1,10,-2133.2039215686273,4.137535535654914,255
1,2,4,4,6,1,10,-2168.2508532423208,15.667084938398462,1172
1,2,4,4,7,1,10,-2200.5148936170212,2.8766838711384843,235
1,2,4,5,0,1,10,-2145.6633906633906,11.395167358064967,814
1,2,4,5,4,1,10,-2185.870348139256,11.552167681856766,833
1,2,4,6,0,1,10,-2165.389618138425,23.26128667657153,1676
1,2,4,7,0,0,10,-2142.751020408163,10.290437852870847,735
1,2,4,7,0,1,10,-2182.3023255813955,12.897773989011148,946
1,2,4,8,0,0,10,-2166.0654587960257,22.644569880439587,1711
1,2,4,9,0,0,10,-2180.921965317919,14.779584132189806,1038
1,2,4,9,1,0,10,-2139.832817337461,8.48345177288861,646
1,2,4,10,1,0,10,-2193.5603603603604,7.221929557777129,555
1,2,4,10,3,0,10,-2152.603463203463,15.425126691894528,1155
1,2,4,11,7,0,10,-2164.592,23.057303621303863,1750
1,2,4,12,7,0,10,-2165.9934911242603,22.74019625424744,1690
1,2,5,2,7,1,10,-2164.290676416819,21.629565769698974,1641
1,2,5,3,7,1,10,-2165.255017709563,23.212023005602415,1694
1,2,5,4,4,1,10,-2132.9624277456646,4.237361882736559,346
1,2,5,4,6,1,10,-2167.8740425531914,15.911332995721141,1175
1,2,5,4,7,1,10,-2200.6363636363635,2.7577422527519624,198
1,2,5,5,0,1,10,-2145.11799761621,11.438873053277005,839
1,2,5,5,4,1,10,-2185.1171393341556,11.586157807001845,811
1,2,5,6,0,1,10,-2166.259259259259,22.76192075052344,1701
1,2,5,7,0,0,10,-2143.1723122238586,10.027564327762224,679
1,2,5,7,0,1,10,-2182.508474576271,13.072185428267375,1003
1,2,5,8,0,0,10,-2164.6721034870643,23.41007056826082,1778
1,2,5,9,0,0,10,-2180.9926267281107,14.939445853465342,1085
1,2,5,9,1,0,10,-2140.5664451827242,8.78970272958966,602
1,2,5,10,1,0,10,-2193.1948998178505,7.038295677752278,549
1,2,5,10,3,0,10,-2153.214285714286,16.06542247685447,1162
1,2,5,11,7,0,10,-2166.0348699763595,23.520763709010847,1692
1,2,5,12,7,0,10,-2165.1977633902297,23.077160938334295,1699
1,2,6,2,7,0,10,-1323.0566037735848,1.5223503965776746,106
1,2,6,2,7,1,10,-2162.1972872996303,21.668942642736102,1622
1,2,6,3,7,1,10,-2166.173457508731,23.2556314566543,1718
1,2,6,4,4,1,10,-2132.7413793103447,4.334148068235562,290
1,2,6,4,6,1,10,-2168.3122432210353,15.977473552296296,1217
1,2,6,4,7,1,10,-2200.733333333333,2.785221771871275,210
1,2,6,5,0,1,10,-2145.560414269275,11.472891862975803,869
1,2,6,5,4,1,10,-2185.8213457076567,11.7438085202337,862
1,2,6,6,0,1,10,-2165.5626062322945,23.15277909042871,1765
1,2,6,7,0,0,10,-2142.5493827160494,10.239509819678789,810
1,2,6,7,0,1,10,-2183.0767716535433,12.933430854646591,1016
1,2,6,8,0,0,10,-2164.4841222288796,22.801180806240488,1669
1,2,6,9,0,0,10,-2180.4397098821396,14.374783398036849,1103
1,2,6,9,1,0,10,-2140.404984423676,8.74230449754187,642
1,2,6,10,1,0,10,-2192.7214285714285,7.36261585609994,560
1,2,6,10,3,0,10,-2152.8830610490113,15.836440891362988,1163
1,2,6,11,7,0,10,-2166.158239143367,22.914240295515054,1681
1,2,6,12,7,0,10,-2166.514454277286,23.334067361460903,1695
1,2,7,2,7,0,10,-1322.950495049505,1.4027994473587118,101
1,2,7,2,7,1,10,-2163.027127003699,21.594811543068143,1622
1,2,7,3,7,1,10,-2165.5987035945786,23.147622854441153,1697
1,2,7,4,4,1,10,-2132.969040247678,4.300511310444786,323
1,2,7,4,6,1,10,-2167.5813333333335,15.73202842043403,1125
1,2,7,4,7,1,10,-2200.5916230366493,2.8285628017462927,191
1,2,7,5,0,1,10,-2145.930588235294,11.518420270828427,850
1,2,7,5,4,1,10,-2184.6035834266518,11.435963612861974,893
1,2,7,6,0,1,10,-2165.4358974358975,23.64786338004886,1677
1,2,7,7,0,0,10,-2143.405612244898,10.129456395631266,784
1,2,7,7,0,1,10,-2183.4228395061727,13.48094268978928,972
1,2,7,8,0,0,10,-2164.626210826211,23.12602404666103,1755
1,2,7,9,0,0,10,-2180.4026340545624,14.208025524323176,1063
1,2,7,9,1,0,10,-2140.543076923077,8.678469720327483,650
1,2,7,10,1,0,10,-2193.305301645338,7.220984885378326,547
1,2,7,10,3,0,10,-2153.613264427218,15.873839272123364,1161
1,2,7,11,7,0,10,-2165.453786523554,23.06700809654132,1677
1,2,7,12,7,0,10,-2166.362048192771,22.571244754788207,1660
1,2,8,2,7,0,10,-1323.0900900900901,1.339285472684651,111
1,2,8,2,7,1,10,-2162.492471769134,21.95247532597638,1594
1,2,8,3,7,1,10,-2166.1267267267267,23.15904354012813,1665
1,2,8,4,4,1,10,-2132.950867052023,4.426720213630469,346
1,2,8,4,6,1,10,-2168.1179401993354,15.793919213744624,1204
1,2,8,4,7,1,10,-2200.632558139535,2.7550985235962404,215
1,2,8,5,0,1,10,-2144.338383838384,11.57089004260022,792
1,2,8,5,4,1,10,-2185.9473684210525,11.450408280960271,855
1,2,8,6,0,1,10,-2166.2396365701306,22.553952896032666,1761
1,2,8,7,0,0,10,-2143.398395721925,10.024120513995676,748
1,2,8,7,0,1,10,-2182.654858299595,12.458973429081988,988
1,2,8,8,0,0,10,-2165.5951134380452,23.240055376678423,1719
1,2,8,9,0,0,10,-2180.846153846154,14.468978241763933,1040
1,2,8,9,1,0,10,-2140.2928802588995,8.844209766694737,618
1,2,8,10,1,0,10,-2193.014732965009,7.246753529434939,543
1,2,8,10,3,0,10,-2153.1001669449083,16.215163763103007,1198
1,2,8,11,7,0,10,-2165.5941943127964,23.14590317078359,1688
1,2,8,12,7,0,10,-2164.608440797186,23.143879935319053,1706
1,2,9,2,7,0,10,-1323.018018018018,1.4703188475040834,111
1,2,9,2,7,1,10,-2162.9579145728644,21.97277581595632,1592
1,2,9,3,7,1,10,-2164.779062690201,23.335610122514655,1643
1,2,9,4,4,1,10,-2132.654205607477,4.320716171005262,321
1,2,9,4,6,1,10,-2167.8640350877195,15.791345771034809,1140
1,2,9,4,7,1,10,-2200.738738738739,2.723642604826691,222
1,2,9,5,0,1,10,-2145.8063337393423,11.81733728437399,821
1,2,9,5,4,1,10,-2185.3615560640733,11.730856077254025,874
1,2,9,6,0,1,10,-2165.118653736452,22.98958468535992,1753
1,2,9,7,0,0,10,-2143.480996068152,10.008808338445599,763
1,2,9,7,0,1,10,-2183.0778128286015,13.150437568943081,951
1,2,9,8,0,0,10,-2165.8863361547765,23.49324726354893,1654
1,2,9,9,0,0,10,-2180.873595505618,14.350153511297169,1068
1,2,9,9,1,0,10,-2140.600614439324,8.61393859846136,651
1,2,9,10,1,0,10,-2193.154657293497,7.185514397118745,569
1,2,9,10,3,0,10,-2152.289585097375,15.9230516814191,1181
1,2,9,11,7,0,10,-2165.301625526791,23.30048571001085,1661
1,2,9,12,7,0,10,-2164.6666666666665,23.178650802580908,1701
1,2,10,2,7,0,10,-1323.1698113207547,1.4824234246414236,106
1,2,10,2,7,1,10,-2163.933933933934,21.4268044184623,1665
1,2,10,3,7,1,10,-2165.2355029585797,23.593077284533504,1690
1,2,10,4,4,1,10,-2133.122023809524,4.402379302572633,336
1,2,10,4,6,1,10,-2168.458762886598,16.152490169508436,1164
1,2,10,4,7,1,10,-2200.6774193548385,2.920939305873128,217
1,2,10,5,0,1,10,-2145.629186602871,11.552307079527795,836
1,2,10,5,4,1,10,-2185.93954050786,11.36047673781538,827
1,2,10,6,0,1,10,-2165.781755196305,23.513809802387296,1732
1,2,10,7,0,0,10,-2143.2398373983738,10.201795154020303,738
1,2,10,7,0,1,10,-2182.423672566372,13.014573749244345,904
1,2,10,8,0,0,10,-2166.094373865699,23.300157181191793,1653
1,2,10,9,0,0,10,-2180.7129455909944,14.257619053658361,1066
1,2,10,9,1,0,10,-2140.630177514793,8.576970022105584,676
1,2,10,10,1,0,10,-2192.8382899628255,7.3748456258270725,538
1,2,10,10,3,0,10,-2153.179666958808,15.978462944432355,1141
1,2,10,11,7,0,10,-2165.093607305936,23.068448975358116,1752
1,2,10,12,7,0,10,-2165.138089758343,22.968343382373753,1738
1,2,11,2,7,0,10,-1323.2636363636364,1.3729680703957714,110
1,2,11,2,7,1,10,-2164.2495250158327,21.9796625316658,1579
1,2,11,3,7,1,10,-2165.0757225433526,22.841310819866596,1730
1,2,11,4,4,1,10,-2133.050704225352,4.2879087532704885,355
1,2,11,4,6,1,10,-2168.225043782837,16.282778169866468,1142
1,2,11,4,7,1,10,-2200.078431372549,2.8186572887962904,204
1,2,11,5,0,1,10,-2145.162844036697,11.253178763320745,872
1,2,11,5,4,1,10,-2185.07233065442,11.773037516454371,871
1,2,11,6,0,1,10,-2165.073684210526,22.87973131974038,1805
1,2,11,7,0,0,10,-2143.9098250336474,10.224858097705601,743
1,2,11,7,0,1,10,-2183.134593993326,13.078555932559244,899
1,2,11,8,0,0,10,-2164.3955002960333,23.28274740451603,1689
1,2,11,9,0,0,10,-2180.6634103019537,14.350207247642206,1126
1,2,11,9,1,0,10,-2140.358006042296,8.397610846411457,662
1,2,11,10,1,0,10,-2192.858,7.311486579302287,500
1,2,11,10,3,0,10,-2153.046990931575,15.697425540636592,1213
1,2,11,11,7,0,10,-2166.2775461584274,23.14298542892332,1679
1,2,11,12,7,0,10,-2164.618264322178,22.879745454513074,1763
1,2,12,2,7,0,10,-1323.198113207547,1.3696150907373876,106
1,2,12,2,7,1,10,-2163.1151255358236,21.442190132938055,1633
1,2,12,3,7,1,10,-2164.1992775436483,23.09552759785316,1661
1,2,12,4,4,1,10,-2133.436137071651,4.237108287031284,321
1,2,12,4,6,1,10,-2168.2827938671207,15.991589368346398,1174
1,2,12,4,7,1,10,-2200.375,2.923503890881625,224
1,2,12,5,0,1,10,-2145.734030197445,11.175097424885656,861
1,2,12,5,4,1,10,-2185.239470517449,11.688462296737825,831
1,2,12,6,0,1,10,-2165.8380080137376,23.699260037247733,1747
1,2,12,7,0,0,10,-2143.0454545454545,9.854555238770223,726
1,2,12,7,0,1,10,-2182.6197802197803,12.998158954857947,910
1,2,12,8,0,0,10,-2166.5346869712353,23.12680067835736,1773
1,2,12,9,0,0,10,-2180.3522190745985,14.488366675369319,1059
1,2,12,9,1,0,10,-2139.9476439790574,8.89167201790922,573
1,2,12,10,1,0,10,-2192.9032258064517,7.587337852408686,558
1,2,12,10,3,0,10,-2153.6264755480606,15.840199268739877,1186
1,2,12,11,7,0,10,-2165.858276643991,23.39993615368204,1764
1,2,12,12,7,0,10,-2165.9444132509825,23.285999785851402,1781
1,2,13,2,7,0,10,-1323.0,1.4484609817538918,102
1,2,13,2,7,1,10,-2162.658369632856,21.388565138561045,1607
1,2,13,3,7,1,10,-2165.09853372434,23.079099561289034,1705
1,2,13,4,4,1,10,-2133.2419354838707,4.215507025363408,310
1,2,13,4,6,1,10,-2168.2770034843206,15.806977930633272,1148
1,2,13,4,7,1,10,-2200.955882352941,2.9873942194662932,204
1,2,13,5,0,1,10,-2145.0423529411764,11.620695296316669,850
1,2,13,5,4,1,10,-2185.3070866141734,11.429598923691627,889
1,2,13,6,0,1,10,-2165.8193473193473,22.909292066272364,1716
1,2,13,7,0,0,10,-2142.545953360768,10.253355070877026,729
1,2,13,7,0,1,10,-2183.3551502145924,12.9606306010685,932
1,2,13,8,0,0,10,-2164.8694638694637,23.264326361723917,1716
1,2,13,9,0,0,10,-2180.76599808978,14.531843292169917,1047
1,2,13,9,1,0,10,-2140.419003115265,8.846764739596548,642
1,2,13,10,1,0,10,-2192.948818897638,7.241431169061117,508
1,2,13,10,3,0,10,-2153.1838235294117,15.604994112890475,1088
1,2,13,11,7,0,10,-2165.8133943903836,23.010750910240837,1747
1,2,13,12,7,0,10,-2166.7235396182764,23.010167641414768,1729
1,2,14,2,7,0,10,-1323.2604166666667,1.3937717984876643,96
1,2,14,2,7,1,10,-2162.796214511041,21.702071849910322,1585
1,2,14,3,7,1,10,-2165.3689262147573,22.81276795457703,1667
1,2,14,4,4,1,10,-2133.0602409638554,4.357100278040122,332
1,2,14,4,6,1,10,-2168.238704177323,15.29536319953792,1173
1,2,14,4,7,1,10,-2200.559633027523,2.811937830126954,218
1,2,14,5,0,1,10,-2145.1166281755195,11.53662811090504,866
1,2,14,5,4,1,10,-2185.6022727272725,11.742164586611782,792
1,2,14,6,0,1,10,-2165.000605693519,22.997893135484286,1651
1,2,14,7,0,0,10,-2143.321060382916,10.40618435391313,679
1,2,14,7,0,1,10,-2183.49797979798,12.89003592785218,990
1,2,14,8,0,0,10,-2166.4774985388663,23.305117716979964,1711
1,2,14,9,0,0,10,-2181.0760456273765,14.065636345610443,1052
1,2,14,9,1,0,10,-2140.5092879256968,8.781968956262238,646
1,2,14,10,1,0,10,-2192.994434137291,7.275774133674265,539
1,2,14,10,3,0,10,-2153.3067331670823,16.110740402800396,1203
1,2,14,11,7,0,10,-2166.3349112426035,23.14682285808369,1690
1,2,14,12,7,0,10,-2165.3531105990783,23.132688573700513,1736
1,2,15,2,7,0,10,-1322.9263157894736,1.4742855916539794,95
1,2,15,2,7,1,10,-2163.0500916310325,21.33921700383731,1637
1,2,15,3,7,1,10,-2164.8485200232153,22.54044489920552,1723
1,2,15,4,4,1,10,-2132.7399380804954,4.245615038386611,323
1,2,15,4,6,1,10,-2168.498742665549,16.07036727034527,1193
1,2,15,5,0,1,10,-2145.5096700796357,11.534469674687749,879
1,2,15,5,4,1,10,-2185.8032786885246,11.61163869503403,854
1,2,15,6,0,1,10,-2165.746575342466,23.279685711151686,1752
1,2,15,7,0,0,10,-2142.576056338028,10.174075931845639,710
1,2,15,7,0,1,10,-2182.4947916666665,13.361635611238164,960
1,2,15,8,0,0,10,-2164.873359954364,23.36429772946606,1753
1,2,15,9,0,0,10,-2180.758687258687,14.360622634391612,1036
1,2,15,9,1,0,10,-2140.479069767442,8.823064158722444,645
1,2,15,10,1,0,10,-2193.38752362949,7.2236167043207455,529
1,2,15,10,3,0,10,-2153.822202166065,15.649245775600413,1108
1,2,15,11,7,0,10,-2163.947696139477,23.235483108037993,1606
1,2,15,12,7,0,10,-2165.749707602339,23.02250202148995,1710
1,2,16,2,7,0,10,-1322.77868852459,1.457104107026575,122
1,2,16,2,7,1,10,-2163.6872682323856,21.771594393891846,1618
1,2,16,3,7,1,10,-2165.550088915234,23.11979469267751,1687
1,2,16,4,4,1,10,-2133.203804347826,4.256617186798522,368
1,2,16,4,6,1,10,-2168.031489361702,15.994196684100093,1175
1,2,16,4,7,1,10,-2200.3640350877195,2.8690614392381244,228
1,2,16,5,0,1,10,-2144.9018691588785,11.236401802978836,856
1,2,16,5,4,1,10,-2186.1299885974913,11.304693796176515,877
1,2,16,6,0,1,10,-2164.4367884961052,22.92361794196058,1669
1,2,16,7,0,0,10,-2143.273936170213,9.86029872207636,752
1,2,16,7,0,1,10,-2183.0331606217615,12.933986993397523,965
1,2,16,8,0,0,10,-2165.1879232505644,22.95491239663092,1772
1,2,16,9,0,0,10,-2180.342504743833,14.200694713562598,1054
1,2,16,9,1,0,10,-2140.4267912772584,8.47435743534808,642
1,2,16,10,1,0,10,-2192.3017077798863,7.145682267732209,527
1,2,16,10,3,0,10,-2152.7596964586846,15.706694888686695,1186
1,2,16,11,7,0,10,-2165.1116306253653,22.829299190952668,1711
1,2,16,12,7,0,10,-2165.250143102461,22.939202982373814,1747
1,2,17,2,7,0,10,-1322.9818181818182,1.3946770117185254,110
1,2,17,2,7,1,10,-2162.9234393404004,21.903526119948378,1698
1,2,17,3,7,1,10,-2166.5076380728556,23.36593129792664,1702
1,2,17,4,4,1,10,-2132.9015384615386,4.542736969145438,325
1,2,17,4,6,1,10,-2168.06,15.824866508132999,1200
1,2,17,4,7,1,10,-2200.259259259259,2.9497971381253936,216
1,2,17,5,0,1,10,-2145.7661574618096,11.73214899404306,851
1,2,17,5,4,1,10,-2185.7560414269274,11.534222895099086,869
1,2,17,6,0,1,10,-2166.3457076566124,23.395370551604444,1724
1,2,17,7,0,0,10,-2142.551552795031,9.988260846169375,805
1,2,17,7,0,1,10,-2183.0463242698893,13.223231299692374,993
1,2,17,8,0,0,10,-2164.601033295063,22.966527309513747,1742
1,2,17,9,0,0,10,-2179.6854684512427,14.686511257807563,1046
1,2,17,9,1,0,10,-2140.9656786271453,8.424135607381922,641
1,2,17,10,1,0,10,-2193.4039603960396,7.041544621167822,505
1,2,17,10,3,0,10,-2152.7152717860226,15.782331939737533,1159
1,2,17,11,7,0,10,-2164.906326034063,23.140367902187027,1644
1,2,17,12,7,0,10,-2165.5201590005677,23.340692451381088,1761
1,2,18,2,7,0,10,-1323.1290322580646,1.4235032240566547,93
1,2,18,2,7,1,10,-2163.0056998100063,21.34675489889094,1579
1,2,18,3,7,1,10,-2166.5774058577404,23.524989269066463,1673
1,2,18,4,4,1,10,-2132.8348623853212,4.278201116896765,327
1,2,18,4,6,1,10,-2167.789294817332,15.725495296070882,1177
1,2,18,4,7,1,10,-2200.5,2.8981240151514003,228
1,2,18,5,0,1,10,-2145.5995397008055,11.494464561440003,869
1,2,18,5,4,1,10,-2185.871794871795,11.466701168404217,897
1,2,18,6,0,1,10,-2164.1458213256483,23.076943184634484,1735
1,2,18,7,0,0,10,-2142.8516556291393,10.129452527951992,755
1,2,18,7,0,1,10,-2182.8322295805738,12.895508865224961,906
1,2,18,8,0,0,10,-2166.134132420091,23.080481075331768,1752
1,2,18,9,0,0,10,-2180.821828358209,14.715491165396598,1072
1,2,18,9,1,0,10,-2140.720634920635,8.507030868661637,630
1,2,18,10,1,0,10,-2193.2714570858284,7.080811245615759,501
1,2,18,10,3,0,10,-2152.7307366638443,15.80593502229599,1181
1,2,18,11,7,0,10,-2165.263285024155,23.175465013224574,1656
1,2,18,12,7,0,10,-2165.6242387332522,23.073165880249743,1642
1,2,19,2,7,0,10,-1322.9557522123894,1.5479897356936765,113
1,2,19,2,7,1,10,-2162.6068111455106,21.6423693654728,1615
1,2,19,3,7,1,10,-2166.3590040532717,23.06285835968342,1727
1,2,19,4,4,1,10,-2133.125850340136,4.387033901715142,294
1,2,19,4,6,1,10,-2167.7050610820243,16.369647737701303,1146
1,2,19,4,7,1,10,-2200.6231155778896,2.809472194373116,199
1,2,19,5,0,1,10,-2145.972850678733,11.75933962200666,884
1,2,19,5,4,1,10,-2185.901983663944,11.836880769730788,857
1,2,19,6,0,1,10,-2166.4460606060607,22.98541961295915,1650
1,2,19,7,0,0,10,-2143.0624133148403,10.242292958623409,721
1,2,19,7,0,1,10,-2182.763520678685,13.061412374862082,943
1,2,19,8,0,0,10,-2164.9913743530765,23.042137945780798,1739
1,2,19,9,0,0,10,-2180.980732177264,14.162544384142516,1038
1,2,19,9,1,0,10,-2140.3765625,8.808753497722082,640
1,2,19,10,1,0,10,-2192.9461538461537,7.110730286466519,520
1,2,19,10,3,0,10,-2153.4839826839825,15.974559148297192,1155
1,2,19,11,7,0,10,-2164.790711009174,23.190606904044472,1744
1,2,19,12,7,0,10,-2165.6455245998814,22.90334350855336,1687
1,2,20,2,7,0,10,-1323.016393442623,1.4597529913891762,122
1,2,20,2,7,1,10,-2162.7361963190183,21.939690962278867,1630
1,2,20,3,7,1,10,-2166.461410327596,22.903214364275815,1801
1,2,20,4,4,1,10,-2133.314705882353,4.349890624354411,340
1,2,20,4,6,1,10,-2168.2384105960264,15.90082557762407,1057
1,2,20,4,7,1,10,-2200.2714285714287,2.869817126535316,210
1,2,20,5,0,1,10,-2144.872921615202,11.643425688876459,842
1,2,20,5,4,1,10,-2185.83939038687,11.859918830126153,853
1,2,20,6,0,1,10,-2165.3852643419573,23.25187431423829,1778
1,2,20,7,0,0,10,-2142.9777486910994,10.321825458512457,764
1,2,20,7,0,1,10,-2183.493278179938,12.9915136690417,967
1,2,20,8,0,0,10,-2165.7686139747993,22.93634450442484,1746
1,2,20,9,0,0,10,-2180.8141517476556,14.345317609701887,1173
1,2,20,9,1,0,10,-2140.526050420168,8.71146701253265,595
1,2,20,10,1,0,10,-2192.7376425855514,7.1589496591464865,526
1,2,20,10,3,0,10,-2153.605488850772,15.98655430086727,1166
1,2,20,11,7,0,10,-2166.018039687312,23.145640210190304,1663
1,2,20,12,7,0,10,-2164.424189814815,23.10182859206574,1728
1,2,21,2,7,0,10,-1323.2524271844661,1.412279343285316,103
1,2,21,2,7,1,10,-2163.0112289457265,21.372433400768443,1603
1,2,21,3,7,1,10,-2164.9772863120143,22.973556576682395,1673
1,2,21,4,4,1,10,-2133.209726443769,4.3089392045641075,329
1,2,21,4,6,1,10,-2168.750219876869,15.606446767000962,1137
1,2,21,4,7,1,10,-2200.52534562212,2.8301459790356014,217
1,2,21,5,0,1,10,-2145.1730531520398,11.767828835353187,809
1,2,21,5,4,1,10,-2185.281288723668,11.377446083391057,807
1,2,21,6,0,1,10,-2165.4635535307516,23.337460323345123,1756
1,2,21,7,0,0,10,-2143.208762886598,10.131874045105013,776
1,2,21,7,0,1,10,-2182.782105263158,13.181561914840046,950
1,2,21,8,0,0,10,-2166.9903498190592,23.27513940564666,1658
1,2,21,9,0,0,10,-2180.8583410997203,14.53569914789513,1073
1,2,21,9,1,0,10,-2140.4729299363057,8.670594184760562,628
1,2,21,10,1,0,10,-2193.022684310019,7.130398699312481,529
1,2,21,10,3,0,10,-2152.751742160279,15.471347196449846,1148
1,2,21,11,7,0,10,-2164.9029761904762,23.446153927663495,1680
1,2,21,12,7,0,10,-2165.3255549231644,23.008619584324418,1757
1,2,22,2,7,0,10,-1323.126050420168,1.4115646117451959,119
1,2,22,2,7,1,10,-2162.971410419314,21.562852685249382,1574
1,2,22,3,7,1,10,-2164.8890207715135,22.65957912982756,1685
1,2,22,4,4,1,10,-2132.9744408945685,4.281543542268374,313
1,2,22,4,6,1,10,-2168.383873794917,15.811218220869765,1141
1,2,22,4,7,1,10,-2200.3555555555554,2.9781094344471346,225
1,2,22,5,0,1,10,-2145.772517321016,11.755898028969455,866
1,2,22,5,4,1,10,-2185.838407494145,11.291833499820084,854
1,2,22,6,0,1,10,-2165.6921269095183,23.074531497296135,1702
1,2,22,7,0,0,10,-2142.5099075297226,10.05921540950299,757
1,2,22,7,0,1,10,-2182.4754464285716,13.26958878062233,896
1,2,22,8,0,0,10,-2166.2299528301887,22.764202471174368,1696
1,2,22,9,0,0,10,-2180.634842519685,14.44292073044775,1016
1,2,22,9,1,0,10,-2140.391585760518,8.654949408561142,618
1,2,22,10,1,0,10,-2192.9321705426355,7.096596242868936,516
1,2,22,10,3,0,10,-2152.8123938879457,15.910550552595183,1178
1,2,22,11,7,0,10,-2164.923254472014,22.82633187603177,1733
1,2,22,12,7,0,10,-2165.7559009786987,23.254573491346537,1737
1,2,23,2,7,0,10,-1322.9126213592233,1.4950195381990083,103
1,2,23,2,7,1,10,-2163.066140776699,21.66601336441864,1648
1,2,23,3,7,1,10,-2165.8010849909583,22.911607251881478,1659
1,2,23,4,4,1,10,-2132.93661971831,4.3503517564154,284
1,2,23,4,6,1,10,-2168.252158894646,15.559911779285118,1158
1,2,23,4,7,1,10,-2200.457142857143,2.8150228668892496,210
1,2,23,5,0,1,10,-2145.1690307328604,11.709790038666423,846
1,2,23,5,4,1,10,-2185.5183946488296,11.882364065888439,897
1,2,23,6,0,1,10,-2164.6215161649943,23.505472802294538,1794
1,2,23,7,0,0,10,-2142.579651941098,9.86725893078778,747
1,2,23,7,0,1,10,-2183.3555992141455,13.008810414986247,1018
1,2,23,8,0,0,10,-2165.6940966010734,22.918226876645253,1677
1,2,23,9,0,0,10,-2179.681818181818,14.626369174382697,1034
1,2,23,9,1,0,10,-2140.625386996904,8.642302150468867,646
1,2,23,10,1,0,10,-2192.635160680529,7.283690511648838,529
1,2,23,10,3,0,10,-2153.500850340136,15.73467289935962,1176
1,2,23,11,7,0,10,-2165.060799073538,22.914263504900415,1727
1,2,23,12,7,0,10,-2166.1960904092853,23.1246133548078,1637
1,2,24,2,7,0,10,-1322.9905660377358,1.4952458182894885,106
1,2,24,2,7,1,10,-2162.6380597014927,21.403278779262244,1608
1,2,24,3,7,1,10,-2165.7632933104633,22.693624076293464,1749
1,2,24,4,4,1,10,-2133.123167155425,4.269796735666682,341
1,2,24,4,6,1,10,-2167.972839506173,16.245951789603527,1215
1,2,24,4,7,1,10,-2200.502487562189,2.8653434030257707,201
1,2,24,5,0,1,10,-2146.035107587769,11.464649081242737,883
1,2,24,5,4,1,10,-2185.8508875739644,11.327779742191858,845
1,2,24,6,0,1,10,-2165.42174432497,23.666871730493177,1674
1,2,24,7,0,0,10,-2142.9046961325967,9.975828800988808,724
1,2,24,7,0,1,10,-2183.171858216971,12.907358191072188,931
1,2,24,8,0,0,10,-2166.0621605310803,23.085166731766385,1657
1,2,24,9,0,0,10,-2180.8567708333335,14.637143794524206,1152
1,2,24,9,1,0,10,-2140.275187969925,8.541859828265427,665
1,2,24,10,1,0,10,-2193.3527204502816,7.196216505753608,533
1,2,24,10,3,0,10,-2152.8763666947016,16.106323189394725,1189
1,2,24,11,7,0,10,-2164.9410029498526,22.94929771606576,1695
1,2,24,12,7,0,10,-2165.21172453045,23.369970351161935,1757
1,2,25,2,7,0,10,-1323.0204081632653,1.3626174679636869,98
1,2,25,2,7,1,10,-2162.9872804360994,21.671976854751772,1651
1,2,25,3,7,1,10,-2165.3279258400926,23.34690267275912,1726
1,2,25,4,4,1,10,-2132.7823529411767,4.4018358861706615,340
1,2,25,4,6,1,10,-2167.9574105621805,15.611059246840362,1174
1,2,25,4,7,1,10,-2200.6079295154186,2.8034793727572427,227
1,2,25,5,0,1,10,-2145.147754137116,11.893266999420343,846
1,2,25,5,4,1,10,-2185.56220657277,11.233736447323938,852
1,2,25,6,0,1,10,-2165.1746674378255,23.385808483402087,1729
1,2,25,7,0,0,10,-2142.8416779431664,10.170965889108668,739
1,2,25,7,0,1,10,-2182.5104510451047,12.846780521289979,909
1,2,25,8,0,0,10,-2164.8854829381144,23.091581264346864,1729
1,2,25,9,0,0,10,-2180.754646840149,14.798561505932545,1076
1,2,25,9,1,0,10,-2140.4870550161813,8.65318809123483,618
1,2,25,10,1,0,10,-2192.4154411764707,7.374452907631096,544
1,2,25,10,3,0,10,-2152.825021872266,15.691720749027805,1143
1,2,25,11,7,0,10,-2166.580056980057,23.101972658979356,1755
1,2,25,12,7,0,10,-2164.1294387170674,23.105871511610523,1746
1,2,26,2,7,0,10,-1322.919642857143,1.4087633435212692,112
1,2,26,2,7,1,10,-2162.587985436893,21.686888713180785,1648
1,2,26,3,7,1,10,-2164.7686524002315,23.24294529635161,1729
1,2,26,4,4,1,10,-2133.1778523489934,4.401637060276491,298
1,2,26,4,6,1,10,-2168.251851851852,15.901417835004766,1215
1,2,26,4,7,1,10,-2200.1805555555557,2.826755709045414,216
1,2,26,5,0,1,10,-2145.2589928057555,11.606252839767784,834
1,2,26,5,4,1,10,-2185.4171364148815,11.517236703887384,887
1,2,26,6,0,1,10,-2165.4212818917235,23.131153778962904,1607
1,2,26,7,0,0,10,-2143.0663956639564,9.71084289157521,738
1,2,26,7,0,1,10,-2182.0641711229946,13.035621690949803,935
1,2,26,8,0,0,10,-2165.797556719023,23.45688493150581,1719
1,2,26,9,0,0,10,-2180.205633802817,14.566021500213417,1065
1,2,26,9,1,0,10,-2140.8,8.350084417169915,665
1,2,26,10,1,0,10,-2192.8506375227685,7.0444532142810665,549
1,2,26,10,3,0,10,-2152.603836530442,15.694349698834548,1199
1,2,26,11,7,0,10,-2164.313503866746,22.64008258284347,1681
1,2,26,12,7,0,10,-2165.987297921478,23.39254486059802,1732
1,2,27,2,7,0,10,-1323.0,1.388262484996021,110
1,2,27,2,7,1,10,-2163.5554164057608,21.954332199983366,1597
1,2,27,3,7,1,10,-2165.1824858757063,22.909796797431763,1770
1,2,27,4,4,1,10,-2132.504792332268,4.3446720379884765,313
1,2,27,4,6,1,10,-2168.2477804681193,15.767451773485377,1239
1,2,27,4,7,1,10,-2200.446511627907,2.87178324267053,215
1,2,27,5,0,1,10,-2145.7617951668585,11.391742492127786,869
1,2,27,5,4,1,10,-2185.7532934131737,11.533817937680217,835
1,2,27,6,0,1,10,-2165.753246753247,23.4152854890636,1694
1,2,27,7,0,0,10,-2143.3132992327364,10.026706135057838,782
1,2,27,7,0,1,10,-2183.1687116564417,12.64107154285419,978
1,2,27,8,0,0,10,-2166.2242603550294,23.6013489400703,1690
1,2,27,9,0,0,10,-2180.4543726235743,14.504844145780126,1052
1,2,27,9,1,0,10,-2140.99176276771,8.556331298812315,607
1,2,27,10,1,0,10,-2193.1642335766423,7.215051554744981,548
1,2,27,10,3,0,10,-2154.0415973377703,16.033137485056347,1202
1,2,27,11,7,0,10,-2165.7700288184437,22.71265489779608,1735
1,2,27,12,7,0,10,-2165.642099056604,22.911048177945144,1696
1,2,28,2,7,0,10,-1322.834862385321,1.4368272991781268,109
1,2,28,2,7,1,10,-2162.5874491574664,21.827104262314585,1721
1,2,28,3,7,1,10,-2165.729191797346,23.04434555270083,1658
1,2,28,4,4,1,10,-2133.2111801242236,4.522421626218956,322
1,2,28,4,6,1,10,-2168.088161209068,15.831865937735593,1191
1,2,28,4,7,1,10,-2200.5806451612902,2.773175249830643,217
1,2,28,5,0,1,10,-2145.7396313364056,11.361526389160234,868
1,2,28,5,4,1,10,-2185.741100323625,11.73171252764267,927
1,2,28,6,0,1,10,-2164.602779386219,23.266830478094477,1727
1,2,28,7,0,0,10,-2143.117962466488,10.442592927812514,746
1,2,28,7,0,1,10,-2183.17620650954,12.82889798633621,891
1,2,28,8,0,0,10,-2165.5926573426573,22.937335677830802,1716
1,2,28,9,0,0,10,-2180.784369114878,14.338838140348741,1062
1,2,28,9,1,0,10,-2140.3814589665653,8.792029220291628,658
1,2,28,10,1,0,10,-2192.8018181818184,7.107409473292011,550
1,2,28,10,3,0,10,-2153.5945945945946,15.919662259532945,1110
1,2,28,11,7,0,10,-2165.968009478673,23.327747656589853,1688
1,2,28,12,7,0,10,-2165.7461899179366,23.025918168953954,1706
1,2,29,2,7,0,10,-1322.9568965517242,1.464477318629135,116
1,2,29,2,7,1,10,-2164.140146878825,21.403864176627867,1634
1,2,29,3,7,1,10,-2165.81802015412,22.990154489041057,1687
1,2,29,4,4,1,10,-2133.390243902439,4.215986120000056,328
1,2,29,4,6,1,10,-2167.8323840520748,16.124804919690625,1229
1,2,29,4,7,1,10,-2200.59900990099,2.8236271543961315,202
1,2,29,5,0,1,10,-2145.4694610778442,11.816459202884218,835
1,2,29,5,4,1,10,-2185.3879849812265,11.233984548305493,799
1,2,29,6,0,1,10,-2165.9908536585367,22.86941805551613,1640
1,2,29,7,0,0,10,-2142.745478036176,10.252299116482313,774
1,2,29,7,0,1,10,-2182.5561277033985,12.68064895503393,971
1,2,29,8,0,0,10,-2164.4203076923077,23.011086690428723,1625
1,2,29,9,0,0,10,-2180.0057197330793,14.536629572034249,1049
1,2,29,9,1,0,10,-2140.193893129771,8.844230928798634,655
1,2,29,10,1,0,10,-2192.9263565891474,7.3665388397303415,516
1,2,29,10,3,0,10,-2152.7398794142982,16.036657070922963,1161
1,2,29,11,7,0,10,-2166.049477735019,23.0141762249879,1819
1,2,29,12,7,0,10,-2165.0312312312312,23.2093278335126,1665
1,2,30,2,7,0,10,-1323.1568627450981,1.3265397862621562,102
1,2,30,2,7,1,10,-2162.4180537772086,21.528292001916306,1562
1,2,30,3,7,1,10,-2165.49156626506,23.23568197459229,1660
1,2,30,4,4,1,10,-2133.018927444795,4.300937626249591,317
1,2,30,4,6,1,10,-2167.9351535836176,16.00909169145545,1172
1,2,30,4,7,1,10,-2200.125,2.993221508613666,200
1,2,30,5,0,1,10,-2145.7241379310344,11.555892197109047,841
1,2,30,5,4,1,10,-2186.161816065192,11.410149453680893,859
1,2,30,6,0,1,10,-2166.2015855039635,23.31030805916503,1766
1,2,30,7,0,0,10,-2143.094262295082,10.022276819796557,732
1,2,30,7,0,1,10,-2183.055,13.102212599444305,1000
1,2,30,8,0,0,10,-2164.6413874191653,23.04356794654136,1701
1,2,30,9,0,0,10,-2180.8556985294117,14.109288003584393,1088
1,2,30,9,1,0,10,-2140.337442218798,8.62049553254671,649
1,2,30,10,1,0,10,-2192.7522935779816,7.176869015656807,545
1,2,30,10,3,0,10,-2153.132895816243,15.748184287331481,1219
1,2,30,11,7,0,10,-2165.6024590163934,23.240558880798087,1708
1,2,30,12,7,0,10,-2164.9627329192544,22.750401494019872,1771
1,2,31,2,7,0,10,-1323.1475409836066,1.4296172313997038,122
1,2,31,2,7,1,10,-2162.492924528302,21.547554843851277,1696
1,2,31,3,7,1,10,-2165.14343786295,23.18054636709111,1722
1,2,31,4,4,1,10,-2132.6120401337794,4.214561735247198,299
1,2,31,4,6,1,10,-2168.0611390284757,15.945744927148429,1194
1,2,31,4,7,1,10,-2200.4265402843603,2.8910807227769104,211
1,2,31,5,0,1,10,-2146.038503850385,11.352132164995146,909
1,2,31,5,4,1,10,-2186.0983412322275,11.560516522732303,844
1,2,31,6,0,1,10,-2165.713952130765,22.706197756243984,1713
1,2,31,7,0,0,10,-2143.208718626156,10.098394555451042,757
1,2,31,7,0,1,10,-2183.343300110742,13.056974433527833,903
1,2,31,8,0,0,10,-2165.3457076566124,22.94338788630876,1724
1,2,31,9,0,0,10,-2180.8050699300697,14.69359341968311,1144
1,2,31,9,1,0,10,-2140.201309328969,8.796874812663551,611
1,2,31,10,1,0,10,-2192.779270633397,7.070201332182541,521
1,2,31,10,3,0,10,-2152.9247751430908,16.32767189252188,1223
1,2,31,11,7,0,10,-2165.720782959125,23.42515340756523,1737
1,2,31,12,7,0,10,-2164.536614645858,22.674404321822895,1666
1,2,32,2,7,0,10,-1322.8865979381444,1.3150695850036047,97
1,2,32,2,7,1,10,-2162.8058007566206,21.89191877352088,1586
1,2,32,3,7,1,10,-2164.720353982301,23.32109389637372,1695
1,2,32,4,4,1,10,-2133.243161094225,4.1815004042394515,329
1,2,32,4,6,1,10,-2167.547577854671,15.737146213697022,1156
1,2,32,4,7,1,10,-2200.287878787879,3.0456053029249697,198
1,2,32,5,0,1,10,-2145.4156626506024,11.509116155518402,830
1,2,32,5,4,1,10,-2184.8781902552205,11.67791905590466,862
1,2,32,6,0,1,10,-2164.8740435550326,23.03883975654763,1699
1,2,32,7,0,0,10,-2143.01321003963,10.351922960663144,757
1,2,32,7,0,1,10,-2183.056759545924,12.87640213387849,969
1,2,32,8,0,0,10,-2165.0441767068273,23.32412241434047,1743
1,2,32,9,0,0,10,-2180.0972615675164,14.331070666848523,1059
1,2,32,9,1,0,10,-2140.842349304482,8.585052214744653,647
1,2,32,10,1,0,10,-2192.880626223092,7.098926106031637,511
1,2,32,10,3,0,10,-2153.400339270568,15.882120894037355,1179
1,2,32,11,7,0,10,-2165.3924611973393,22.79816163126507,1804
1,2,32,12,7,0,10,-2164.513321492007,23.124984761705083,1689
1,2,33,2,7,0,10,-1323.0776699029127,1.4120791004623663,103
1,2,33,2,7,1,10,-2162.556756756757,21.564441960050043,1665
1,2,33,3,7,1,10,-2165.2309048178613,23.160608379258672,1702
1,2,33,4,4,1,10,-2132.873015873016,4.147640612406235,315
1,2,33,4,6,1,10,-2167.0814249363866,15.49139089506277,1179
1,2,33,4,7,1,10,-2200.2314814814813,2.895099568173456,216
1,2,33,5,0,1,10,-2145.563986409966,11.477346576943562,883
1,2,33,5,4,1,10,-2186.275534441805,11.632642866466032,842
1,2,33,6,0,1,10,-2166.2789651293588,23.246558743548754,1778
1,2,33,7,0,0,10,-2143.561038961039,10.054244511022329,770
1,2,33,7,0,1,10,-2183.189845474614,12.999208100270872,906
1,2,33,8,0,0,10,-2165.349736379613,23.05397511978974,1707
1,2,33,9,0,0,10,-2180.9089201877932,14.447059426203463,1065
1,2,33,9,1,0,10,-2140.855670103093,8.696981656876126,679
1,2,33,10,1,0,10,-2192.5610619469026,7.288631390428953,565
1,2,33,10,3,0,10,-2152.61937716263,15.478708614506061,1156
1,2,33,11,7,0,10,-2166.043453401944,22.88458497729492,1749
1,2,33,12,7,0,10,-2166.571181556196,23.26029825633762,1735
1,2,34,2,7,1,10,-2162.660038486209,21.946547408818265,1559
1,2,34,3,7,1,10,-2166.137989778535,23.58819361850058,1761
1,2,34,4,4,1,10,-2132.8837920489295,4.194646397958856,327
1,2,34,4,6,1,10,-2168.799828178694,15.851446321602443,1164
1,2,34,4,7,1,10,-2200.3314285714287,2.90691504893358,175
1,2,34,5,0,1,10,-2145.366403607666,11.70474416136856,887
1,2,34,5,4,1,10,-2185.312345679012,11.437537103424056,810
1,2,34,6,0,1,10,-2165.652769505658,23.188850556412238,1679
1,2,34,7,0,0,10,-2143.372060857538,10.218695449665272,723
1,2,34,7,0,1,10,-2183.506382978723,12.796981097720089,940
1,2,34,8,0,0,10,-2164.476082004556,22.530237786541488,1756
1,2,34,9,0,0,10,-2180.647533632287,14.039166249610687,1115
1,2,34,9,1,0,10,-2140.1941747572814,8.480770083711537,618
1,2,34,10,1,0,10,-2193.3985890652557,7.18708410303713,567
1,2,34,10,3,0,10,-2152.5963060686017,16.02597123935926,1137
1,2,34,11,7,0,10,-2165.1812240047534,22.593040308850878,1683
1,2,34,12,7,0,10,-2165.2223522527793,22.76395149143095,1709
1,2,35,2,7,1,10,-2163.5093333333334,21.608561101780385,1500
1,2,35,3,7,1,10,-2164.6666666666665,23.500990585629694,1695
1,2,35,4,6,1,10,-2177.906439854192,10.48413694225327,823
1,2,35,4,7,1,10,-2200.576923076923,2.9490802454477687,234
1,3,1,2,7,0,11,-1247.5122807017544,15.776643520189912,1140
1,3,1,4,6,1,11,-2085.2633928571427,5.57756180000366,448
1,3,1,4,7,1,11,-2108.253358925144,7.473119663769169,521
1,3,1,5,4,1,11,-2098.56345177665,12.845836563600496,985
1,3,1,5,6,1,11,-2137.4940867279893,10.113431785762698,761
1,3,1,6,0,1,11,-2111.3928571428573,20.229513820219523,1512
1,3,1,6,4,1,11,-2150.452736318408,2.896043788971885,201
1,3,1,7,0,1,11,-2115.964734010759,23.314309658490494,1673
1,3,1,8,0,0,11,-2108.0415492957745,18.659599889156652,1420
1,3,1,8,0,1,11,-2148.042042042042,4.189007282986992,333
1,3,1,9,0,0,11,-2115.6893982808024,23.104021082539433,1745
1,3,1,10,0,0,11,-2145.4560570071258,5.658205538483521,421
1,3,1,10,1,0,11,-2107.7554806070825,15.895609323474273,1186
1,3,1,10,3,0,11,-2077.753968253968,1.325491870272977,126
1,3,1,11,3,0,11,-2129.9352451433856,14.462605043504919,1081
1,3,1,11,7,0,11,-2091.0065789473683,8.704389931855799,608
1,3,1,12,7,0,11,-2116.0770142180095,22.738649949178736,1688
1,3,2,2,7,0,11,-1248.2848158131178,15.993448607826052,1113
1,3,2,2,7,1,11,-2087.544933078394,7.231714472439741,523
1,3,2,3,7,1,11,-2115.1180428134558,23.155242835840276,1635
1,3,2,4,6,1,11,-2085.253012048193,5.954533300878154,415
1,3,2,4,7,1,11,-2124.872888173773,17.187853209025306,1243
1,3,2,5,4,1,11,-2098.424864864865,12.852259370532815,925
1,3,2,5,6,1,11,-2137.931818181818,9.974668633208598,748
1,3,2,6,0,1,11,-2111.408640226629,19.999915272306925,1412
1,3,2,6,4,1,11,-2150.717391304348,2.8042130063923745,230
1,3,2,7,0,1,11,-2116.1915393654526,23.075790394472282,1702
1,3,2,8,0,0,11,-2108.691496837667,18.51844851565441,1423
1,3,2,8,0,1,11,-2148.1216617210684,4.350385183354239,337
1,3,2,9,0,0,11,-2113.9657817109146,22.950710496488412,1695
1,3,2,10,0,0,11,-2145.4018058690745,5.937689724748868,443
1,3,2,10,1,0,11,-2108.0767841011743,16.23362835497128,1107
1,3,2,10,3,0,11,-2078.081818181818,1.4655549255793383,110
1,3,2,11,3,0,11,-2130.003838771593,14.081609705754245,1042
1,3,2,11,7,0,11,-2090.6116352201257,8.86490801881591,636
1,3,2,12,7,0,11,-2115.794658753709,22.75294942149721,1685
1,3,3,2,7,0,11,-1247.7398042414356,15.777872810823721,1226
1,3,3,2,7,1,11,-2088.3643410852715,7.198124200614465,516
1,3,3,3,7,1,11,-2115.2658300057046,22.659614784149046,1753
1,3,3,4,6,1,11,-2085.4545454545455,5.669113067737267,440
1,3,3,4,7,1,11,-2125.616504854369,17.56339012190477,1236
1,3,3,5,4,1,11,-2097.748691099476,12.912256682436627,955
1,3,3,5,6,1,11,-2138.445623342175,10.078358156257332,754
1,3,3,6,0,1,11,-2110.0449285228046,20.155032795370964,1469
1,3,3,6,4,1,11,-2150.3834196891194,2.978008291155727,193
1,3,3,7,0,1,11,-2116.1820843091336,22.65762342277501,1708
1,3,3,8,0,0,11,-2108.5465376023826,18.871017332421744,1343
1,3,3,8,0,1,11,-2147.9413580246915,4.319738576071776,324
1,3,3,9,0,0,11,-2115.7767601602745,23.09861559972653,1747
1,3,3,10,0,0,11,-2145.3514739229026,5.783023387852918,441
1,3,3,10,1,0,11,-2108.7596899224804,15.600082639894563,1161
1,3,3,11,3,0,11,-2130.7658986175115,14.226299338051373,1085
1,3,3,11,7,0,11,-2090.4725925925927,8.945451396380196,675
1,3,3,12,7,0,11,-2115.4305799648505,23.043405766990162,1707
1,3,4,2,7,0,11,-1247.5271786022433,15.857238798875075,1159
1,3,4,2,7,1,11,-2088.2725527831094,7.185143756134919,521
1,3,4,3,7,1,11,-2116.747290359384,23.502971006006742,1753
1,3,4,4,6,1,11,-2085.8800959232613,5.464514870815949,417
1,3,4,4,7,1,11,-2126.1929411764704,17.150007979682915,1275
1,3,4,5,4,1,11,-2097.277419354839,13.079016511571224,930
1,3,4,5,6,1,11,-2137.6979695431473,10.227868068017818,788
1,3,4,6,0,1,11,-2110.8623279098874,20.627358774206364,1598
1,3,4,6,4,1,11,-2150.75,2.9828677476486862,200
1,3,4,7,0,1,11,-2115.5850815850818,23.046403201292964,1716
1,3,4,8,0,0,11,-2107.9992862241256,18.956974449795787,1401
1,3,4,8,0,1,11,-2147.9112426035504,4.313641934596214,338
1,3,4,9,0,0,11,-2114.9449378330373,23.399557707337575,1689
1,3,4,10,0,0,11,-2145.343820224719,5.722888307130251,445
1,3,4,10,1,0,11,-2108.0303797468355,15.796621609897299,1185
1,3,4,10,3,0,11,-2077.9565217391305,1.458953194176516,115
1,3,4,11,3,0,11,-2130.048552754435,14.36302296912932,1071
1,3,4,11,7,0,11,-2090.3627167630057,8.676088168880542,692
1,3,4,12,7,0,11,-2114.6882893226175,23.255849246363038,1742
1,3,5,2,7,0,11,-1248.2317708333333,16.08719505635071,1152
1,3,5,2,7,1,11,-2087.9737302977233,6.933586112743524,571
1,3,5,3,7,1,11,-2115.804475853946,24.03529851663424,1698
1,3,5,4,6,1,11,-2085.2923832923834,5.893861877586437,407
1,3,5,4,7,1,11,-2125.758565737052,17.16866982152043,1255
1,3,5,5,4,1,11,-2098.172638436482,13.257229215854716,921
1,3,5,5,6,1,11,-2137.4055482166445,10.306818657080752,757
1,3,5,6,0,1,11,-2110.6245662734214,20.2560276299776,1441
1,3,5,6,4,1,11,-2150.438679245283,2.892901877863477,212
1,3,5,7,0,1,11,-2115.7382075471696,23.54013238359005,1696
1,3,5,8,0,0,11,-2109.2363238512035,18.61180521252656,1371
1,3,5,8,0,1,11,-2147.58940397351,4.222725530209562,302
1,3,5,9,0,0,11,-2115.648602395893,22.45039583812971,1753
1,3,5,10,0,0,11,-2145.377828054299,5.828216338608448,442
1,3,5,10,1,0,11,-2107.054121565362,15.721384591423515,1201
1,3,5,10,3,0,11,-2077.8793103448274,1.468961469982135,116
1,3,5,11,3,0,11,-2130.927203065134,14.618994736978738,1044
1,3,5,11,7,0,11,-2090.5087719298244,8.674027829049828,627
1,3,5,12,7,0,11,-2114.5967270601986,23.135887320346953,1711
1,3,6,2,7,0,11,-1248.1068200493016,15.465606164291193,1217
1,3,6,2,7,1,11,-2088.2915057915056,7.19354368211172,518
1,3,6,3,7,1,11,-2114.9622181596587,22.873092072692796,1641
1,3,6,4,6,1,11,-2085.4848484848485,5.755365262554914,462
1,3,6,4,7,1,11,-2125.144634525661,17.274274015190507,1286
1,3,6,5,4,1,11,-2096.9791013584118,12.893729370587693,957
1,3,6,5,6,1,11,-2137.716119828816,10.482136686295123,701
1,3,6,6,0,1,11,-2110.6583050847457,20.13860085966619,1475
1,3,6,6,4,1,11,-2150.6748768472908,2.7206036273250773,203
1,3,6,7,0,1,11,-2114.8415554265816,23.043597739238706,1723
1,3,6,8,0,0,11,-2107.526011560694,18.53545001378022,1384
1,3,6,8,0,1,11,-2147.875,4.170742054532766,336
1,3,6,9,0,0,11,-2115.0938399539436,23.259539169951214,1737
1,3,6,10,0,0,11,-2145.3478260869565,5.743393465645476,437
1,3,6,10,1,0,11,-2107.6089906700595,16.195496308467813,1179
1,3,6,10,3,0,11,-2077.9893617021276,1.364400584478597,94
1,3,6,11,3,0,11,-2130.666349809886,14.158455829171464,1052
1,3,6,11,7,0,11,-2089.8221528861154,8.50618985680449,641
1,3,6,12,7,0,11,-2115.7388337468983,22.92693986000679,1612
1,3,7,2,7,0,11,-1247.9210300429183,15.866631240503938,1165
1,3,7,2,7,1,11,-2087.8905380333954,7.286165219523625,539
1,3,7,3,7,1,11,-2115.4142857142856,23.459297795576468,1750
1,3,7,4,6,1,11,-2085.3614457831327,5.584354895200386,415
1,3,7,4,7,1,11,-2125.7220520673814,17.418726279261097,1306
1,3,7,5,4,1,11,-2098.017003188098,13.096459270682159,941
1,3,7,5,6,1,11,-2137.722438391699,10.473151506822411,771
1,3,7,6,0,1,11,-2110.7959459459457,19.446224806904567,1480
1,3,7,6,4,1,11,-2150.3705583756346,2.8462721531294437,197
1,3,7,7,0,1,11,-2114.900473933649,23.035508336605524,1688
1,3,7,8,0,0,11,-2108.0103168754604,19.0688520065995,1357
1,3,7,8,0,1,11,-2147.91059602649,4.252224230151043,302
1,3,7,9,0,0,11,-2115.6207302709067,23.350604624599363,1698
1,3,7,10,0,0,11,-2145.4772727272725,5.92094285405012,396
1,3,7,10,1,0,11,-2108.491286307054,15.760530524448995,1205
1,3,7,10,3,0,11,-2077.915254237288,1.4413757033458225,118
1,3,7,11,3,0,11,-2130.092406221409,14.479934280674305,1093
1,3,7,11,7,0,11,-2090.3766025641025,8.569521348963438,624
1,3,7,12,7,0,11,-2115.8956268221573,23.271227711171818,1715
1,3,8,2,7,0,11,-1247.8542372881357,15.930275216892094,1180
1,3,8,2,7,1,11,-2088.090909090909,7.1992725464999205,561
1,3,8,3,7,1,11,-2114.871852266368,22.975981402693563,1787
1,3,8,4,6,1,11,-2085.5214285714287,5.841315723941937,420
1,3,8,4,7,1,11,-2126.435358255452,17.220343027003658,1284
1,3,8,5,4,1,11,-2098.5476653696496,13.350216206499688,1028
1,3,8,5,6,1,11,-2137.66930171278,10.300747298170965,759
1,3,8,6,0,1,11,-2110.581879194631,20.333239073862927,1490
1,3,8,6,4,1,11,-2150.602510460251,2.8411489911576138,239
1,3,8,7,0,1,11,-2115.55595026643,23.016622853697164,1689
1,3,8,8,0,0,11,-2107.8834399431416,18.626903610917662,1407
1,3,8,8,0,1,11,-2147.66975308642,4.352402337969315,324
1,3,8,9,0,0,11,-2115.589330024814,23.327080617191957,1612
1,3,8,10,0,0,11,-2145.6136919315404,5.7061206200776375,409
1,3,8,10,1,0,11,-2107.381201044386,15.804755041906333,1149
1,3,8,10,3,0,11,-2078.0227272727275,1.4998278134084815,88
1,3,8,11,3,0,11,-2130.6773308957954,14.518383284810643,1094
1,3,8,11,7,0,11,-2090.922314049587,8.80527159535548,605
1,3,8,12,7,0,11,-2115.1352181929933,22.897197526701188,1627
1,3,9,2,7,0,11,-1248.885407341092,16.01239817705199,1117
1,3,9,2,7,1,11,-2088.021466905188,7.142022382725735,559
1,3,9,3,7,1,11,-2115.368735083532,22.63052991162385,1676
1,3,9,4,6,1,11,-2085.8602409638556,5.611926623133111,415
1,3,9,4,7,1,11,-2125.1339421613393,17.076077113128044,1314
1,3,9,5,4,1,11,-2098.430785123967,12.951648902780317,968
1,3,9,5,6,1,11,-2137.563035495716,10.249578531025781,817
1,3,9,6,0,1,11,-2109.8582729070536,20.016811139557614,1517
1,3,9,6,4,1,11,-2150.725,2.8773903106678964,200
1,3,9,7,0,1,11,-2115.811004784689,23.34649392128003,1672
1,3,9,8,0,0,11,-2107.7784214337435,18.884729739924484,1381
1,3,9,8,0,1,11,-2148.214953271028,4.211010720628466,321
1,3,9,9,0,0,11,-2116.282672974571,22.81508317528811,1691
1,3,9,10,0,0,11,-2145.509090909091,5.590162551783807,440
1,3,9,10,1,0,11,-2108.071000855432,15.865751670575133,1169
1,3,9,10,3,0,11,-2078.282608695652,1.3778219025412828,92
1,3,9,11,3,0,11,-2130.1815668202767,14.382696700012001,1085
1,3,9,11,7,0,11,-2090.0153139356817,8.850454592432566,653
1,3,9,12,7,0,11,-2115.0158730158732,22.424614995319324,1701
1,3,10,2,7,0,11,-1247.969957081545,15.884182444473039,1165
1,3,10,2,7,1,11,-2089.114285714286,7.079298170340401,525
1,3,10,3,7,1,11,-2115.2975352112676,23.27401265974765,1704
1,3,10,4,6,1,11,-2085.841232227488,5.761525140192634,422
1,3,10,4,7,1,11,-2126.139768339768,17.244364575120972,1295
1,3,10,5,4,1,11,-2097.9594298245615,12.92528711646468,912
1,3,10,5,6,1,11,-2137.9793672627234,10.019697966034471,727
1,3,10,6,0,1,11,-2110.3458745874586,20.4022706578903,1515
1,3,10,6,4,1,11,-2150.2382978723404,2.746491238767641,235
1,3,10,7,0,1,11,-2114.985465116279,22.993864659782442,1720
1,3,10,8,0,0,11,-2108.429268292683,19.02035533017688,1435
1,3,10,8,0,1,11,-2147.7855072463767,4.303731961996385,345
1,3,10,9,0,0,11,-2115.0330132052823,23.103285811545653,1666
1,3,10,10,0,0,11,-2144.9246575342468,5.9076828119034,438
1,3,10,10,1,0,11,-2108.4242424242425,16.1104968915897,1221
1,3,10,10,3,0,11,-2077.865979381443,1.3594182048021015,97
1,3,10,11,3,0,11,-2131.0550887021477,14.89896723950548,1071
1,3,10,11,7,0,11,-2090.7728658536585,8.665458924508178,656
1,3,10,12,7,0,11,-2115.209421112372,22.85660431325152,1762
1,3,11,2,7,0,11,-1248.1003401360545,16.052903605582177,1176
1,3,11,2,7,1,11,-2088.4658040665436,7.2474888729023075,541
1,3,11,3,7,1,11,-2114.7992937021777,22.958525945040876,1699
1,3,11,4,6,1,11,-2085.6785714285716,5.569818143305388,420
1,3,11,4,7,1,11,-2125.6656076250993,17.23555952560307,1259
1,3,11,5,4,1,11,-2097.839009287926,13.011897605900993,969
1,3,11,5,6,1,11,-2137.623978201635,10.176388361551734,734
1,3,11,6,0,1,11,-2110.575422626788,20.16598468249351,1538
1,3,11,6,4,1,11,-2150.344186046512,2.6837410822172387,215
1,3,11,7,0,1,11,-2115.7719190680564,23.05104768647472,1631
1,3,11,8,0,0,11,-2107.9389204545455,18.84952275059438,1408
1,3,11,8,0,1,11,-2147.890365448505,4.383365589086415,301
1,3,11,9,0,0,11,-2115.18482601255,22.87955661458358,1753
1,3,11,10,0,0,11,-2145.25,5.698643438338022,432
1,3,11,10,1,0,11,-2108.708985985161,15.78378936247437,1213
1,3,11,10,3,0,11,-2078.029126213592,1.4842624966752065,103
1,3,11,11,3,0,11,-2130.571035747021,14.231400608218172,1091
1,3,11,11,7,0,11,-2089.869706840391,8.701489683677293,614
1,3,11,12,7,0,11,-2115.3341190335886,22.956307998139515,1697
1,3,12,2,7,0,11,-1248.709090909091,15.446832299831852,1210
1,3,12,2,7,1,11,-2087.8557312252965,7.304022983105692,506
1,3,12,3,7,1,11,-2114.5231296402058,22.87136342969152,1751
1,3,12,4,6,1,11,-2085.688221709007,5.624285416364294,433
1,3,12,4,7,1,11,-2126.1958684009182,17.324833415092883,1307
1,3,12,5,4,1,11,-2098.694472361809,12.870328136047949,995
1,3,12,5,6,1,11,-2137.777927321669,9.870790958336437,743
1,3,12,6,0,1,11,-2111.38785046729,20.03707609597769,1498
1,3,12,6,4,1,11,-2150.7725118483413,2.874203428736707,211
1,3,12,7,0,1,11,-2114.6145188519977,23.525641196485356,1777
1,3,12,8,0,0,11,-2108.442657342657,19.016018236794274,1430
1,3,12,8,0,1,11,-2147.7293447293446,4.192411999653058,351
1,3,12,9,0,0,11,-2115.6600120992134,22.843624311559942,1653
1,3,12,10,0,0,11,-2145.553911205074,5.791821029052749,473
1,3,12,10,1,0,11,-2107.612848689772,15.653007367412823,1183
1,3,12,11,3,0,11,-2130.6977401129943,14.41698015978396,1062
1,3,12,11,7,0,11,-2091.0153609831027,8.6606838374685,651
1,3,12,12,7,0,11,-2116.0511432009625,22.70790630864675,1662
1,3,13,2,7,0,11,-1247.7540563620837,16.091677154353672,1171
1,3,13,2,7,1,11,-2087.6363636363635,7.226636481421905,561
1,3,13,3,7,1,11,-2115.1715456674474,23.27539454633208,1708
1,3,13,4,6,1,11,-2085.5058004640373,5.686662765432525,431
1,3,13,4,7,1,11,-2125.4285714285716,17.199606822597097,1281
1,3,13,5,4,1,11,-2097.702564102564,12.795742224176681,975
1,3,13,5,6,1,11,-2137.9893048128342,10.079093258156398,748
1,3,13,6,0,1,11,-2110.132062627638,19.91883427949988,1469
1,3,13,6,4,1,11,-2150.50622406639,2.793175340227849,241
1,3,13,7,0,1,11,-2116.2643331321665,22.86031448442404,1657
1,3,13,8,0,0,11,-2107.7430801987225,18.77200615461032,1409
1,3,13,8,0,1,11,-2148.1117824773414,4.251484207993344,331
1,3,13,9,0,0,11,-2114.710821998817,23.024472003369898,1691
1,3,13,10,0,0,11,-2145.798,5.757881207570547,500
1,3,13,10,1,0,11,-2107.5664983164984,15.653221896826812,1188
1,3,13,10,3,0,11,-2078.025,1.4575235845998251,120
1,3,13,11,3,0,11,-2130.922190201729,14.473026267655007,1041
1,3,13,11,7,0,11,-2089.915309446254,8.78883620527132,614
1,3,13,12,7,0,11,-2116.3541791942275,23.055612502407413,1663
1,3,14,2,7,0,11,-1248.0059021922427,15.7287547410521,1186
1,3,14,2,7,1,11,-2088.3271028037384,7.150682211619556,535
1,3,14,3,7,1,11,-2115.4969951923076,22.989755047101923,1664
1,3,14,4,6,1,11,-2084.9908045977013,5.800507948037187,435
1,3,14,4,7,1,11,-2124.6993006993007,17.15835631491592,1287
1,3,14,5,4,1,11,-2097.4973432518595,13.261261064282104,941
1,3,14,5,6,1,11,-2138.3253012048194,10.267112062473451,747
1,3,14,6,0,1,11,-2110.3064182194616,20.283429074945893,1449
1,3,14,6,4,1,11,-2150.5049504950493,3.0266923502011522,202
1,3,14,7,0,1,11,-2115.6865222623346,23.24465284187039,1662
1,3,14,8,0,0,11,-2108.4525386313467,18.4519878691122,1359
1,3,14,8,0,1,11,-2148.190625,4.289293311093646,320
1,3,14,9,0,0,11,-2115.7990681421084,23.07431056609565,1717
1,3,14,10,0,0,11,-2145.68345323741,5.793450330528631,417
1,3,14,10,1,0,11,-2107.3612068965517,15.842099475257443,1160
1,3,14,10,3,0,11,-2077.7837837837837,1.3517116639343212,111
1,3,14,11,3,0,11,-2130.435185185185,14.551360600861969,1080
1,3,14,11,7,0,11,-2090.986342943854,8.493403410710778,659
1,3,14,12,7,0,11,-2114.823972206138,22.888067396677705,1727
1,3,15,2,7,0,11,-1247.8833333333334,15.615101308946022,1200
1,3,15,2,7,1,11,-2087.9888268156424,7.253064973549712,537
1,3,15,3,7,1,11,-2116.077012159815,23.247700166833052,1727
1,3,15,4,6,1,11,-2085.270693512304,5.738961018198133,447
1,3,15,4,7,1,11,-2126.1008403361343,17.321669994422162,1309
1,3,15,5,4,1,11,-2098.6960257787327,12.704734745633896,931
1,3,15,5,6,1,11,-2137.9283854166665,10.239391181552008,768
1,3,15,6,0,1,11,-2110.796437659033,20.00863140800365,1572
1,3,15,6,4,1,11,-2150.3291139240505,2.6769283943837454,237
1,3,15,7,0,1,11,-2115.7415005861667,22.901785840821926,1706
1,3,15,8,0,0,11,-2108.4841269841268,18.685444922307127,1386
1,3,15,8,0,1,11,-2147.8365384615386,4.309598507930479,312
1,3,15,9,0,0,11,-2115.557225433526,22.72002038743147,1730
1,3,15,10,0,0,11,-2145.420792079208,5.898578731870231,404
1,3,15,10,1,0,11,-2108.2035175879396,15.637635131889992,1194
1,3,15,10,3,0,11,-2077.9908256880735,1.3978713360648836,109
1,3,15,11,3,0,11,-2130.48166023166,14.48453614051799,1036
1,3,15,11,7,0,11,-2090.97528830313,8.29587036513125,607
1,3,15,12,7,0,11,-2115.5749287749286,23.01743296802829,1755
1,3,16,2,7,0,11,-1247.2629727352682,16.088759170228958,1137
1,3,16,2,7,1,11,-2087.5657142857144,7.125404965191934,525
1,3,16,3,7,1,11,-2115.752341920375,23.167805538823036,1708
1,3,16,4,6,1,11,-2085.5313225058003,5.756732595566103,431
1,3,16,4,7,1,11,-2124.850237717908,17.853708545250523,1262
1,3,16,5,4,1,11,-2097.8478027867095,13.027071655690408,933
1,3,16,5,6,1,11,-2137.865652724968,10.139068435099766,789
1,3,16,6,0,1,11,-2110.5516769336073,20.17757153745355,1461
1,3,16,6,4,1,11,-2150.7578475336322,2.8180422607798237,223
1,3,16,7,0,1,11,-2115.0593824228026,23.227293483429477,1684
1,3,16,8,0,0,11,-2107.944162436548,18.68118652234535,1379
1,3,16,8,0,1,11,-2147.9333333333334,4.271304297695857,330
1,3,16,9,0,0,11,-2116.2498540572096,23.208351739461495,1713
1,3,16,10,0,0,11,-2145.566964285714,5.6331272778008605,448
1,3,16,10,1,0,11,-2108.3690773067333,15.74347902781766,1203
1,3,16,10,3,0,11,-2077.9636363636364,1.4265487450488066,110
1,3,16,11,3,0,11,-2130.640407784986,14.20857728332361,1079
1,3,16,11,7,0,11,-2090.3475699558176,8.843423914089371,679
1,3,16,12,7,0,11,-2116.2977855477857,23.26522900976993,1716
1,3,17,2,7,0,11,-1248.1822222222222,15.885972692755823,1125
1,3,17,2,7,1,11,-2087.7158671586717,7.359538773834847,542
1,3,17,3,7,1,11,-2114.968604651163,23.151928753984752,1720
1,3,17,4,6,1,11,-2085.656179775281,5.848728951603344,445
1,3,17,4,7,1,11,-2125.090342679128,16.926345854735285,1284
1,3,17,5,4,1,11,-2097.679540709812,12.825739834197753,958
1,3,17,5,6,1,11,-2137.92876344086,10.138769971530598,744
1,3,17,6,0,1,11,-2110.580222658808,20.545219389608707,1527
1,3,17,6,4,1,11,-2150.451327433628,2.9358665496245466,226
1,3,17,7,0,1,11,-2115.9162045594576,23.08638714932964,1623
1,3,17,8,0,0,11,-2107.97995545657,18.795118124872904,1347
1,3,17,8,0,1,11,-2147.705882352941,4.363143846163493,340
1,3,17,9,0,0,11,-2117.1506300114547,22.986989999257407,1746
1,3,17,10,0,0,11,-2145.597374179431,5.61880183176444,457
1,3,17,10,1,0,11,-2108.4179357022,15.732738768992933,1182
1,3,17,10,3,0,11,-2078.0714285714284,1.4312474935964643,112
1,3,17,11,3,0,11,-2130.8802946593,14.31551973397328,1086
1,3,17,11,7,0,11,-2091.038748137109,8.7327426197937,671
1,3,17,12,7,0,11,-2114.7601156069363,22.839518636511084,1730
1,3,18,2,7,0,11,-1248.3061403508773,15.907466993693438,1140
1,3,18,2,7,1,11,-2087.688588007737,7.144388536544688,517
1,3,18,3,7,1,11,-2116.55734870317,22.856651946753242,1735
1,3,18,4,6,1,11,-2085.373831775701,5.7750241565992555,428
1,3,18,4,7,1,11,-2125.65213882163,17.386483479246934,1239
1,3,18,5,4,1,11,-2099.4242424242425,12.433638162965039,957
1,3,18,5,6,1,11,-2137.8396349413297,9.901554215244373,767
1,3,18,6,0,1,11,-2110.82602739726,20.124982956859082,1460
1,3,18,6,4,1,11,-2150.9617021276595,2.855867658388389,235
1,3,18,7,0,1,11,-2115.569558101473,22.973399325409577,1833
1,3,18,8,0,0,11,-2108.7373665480427,18.56599440442408,1405
1,3,18,8,0,1,11,-2148.4314285714286,4.3358486681937105,350
1,3,18,9,0,0,11,-2116.1105200945626,23.005374188945684,1692
1,3,18,10,0,0,11,-2145.21978021978,5.8158597066518505,455
1,3,18,10,1,0,11,-2107.387878787879,15.52292621760596,1155
1,3,18,10,3,0,11,-2077.9655172413795,1.431968950884697,116
1,3,18,11,3,0,11,-2130.5069637883007,14.598406120396405,1077
1,3,18,11,7,0,11,-2090.340390879479,8.58734186099888,614
1,3,18,12,7,0,11,-2115.1978352375227,22.987040614298294,1663
1,3,19,2,7,0,11,-1247.666958041958,15.97178759996175,1144
1,3,19,2,7,1,11,-2087.770137524558,7.492774003032354,509
1,3,19,3,7,1,11,-2115.3374558303885,23.314483861362884,1698
1,3,19,4,6,1,11,-2085.351089588378,5.747321095986787,413
1,3,19,4,7,1,11,-2125.2984956452888,17.37136792850523,1263
1,3,19,5,4,1,11,-2097.7650862068967,13.162560737359406,928
1,3,19,5,6,1,11,-2138.2837653478855,10.194090308909992,733
1,3,19,6,0,1,11,-2111.5582356995174,20.300292629166243,1451
1,3,19,6,4,1,11,-2150.6543778801843,2.912770500234573,217
1,3,19,7,0,1,11,-2116.9031462060457,23.39460851478923,1621
1,3,19,8,0,0,11,-2107.6446164672766,19.05844064891159,1421
1,3,19,8,0,1,11,-2148.1041009463725,4.5099136046164725,317
1,3,19,9,0,0,11,-2115.306906906907,23.312322207555432,1665
1,3,19,10,0,0,11,-2145.393285371703,5.911720910320213,417
1,3,19,10,1,0,11,-2108.236268526591,15.602488211406667,1147
1,3,19,11,3,0,11,-2131.3870967741937,14.33500557467046,1023
1,3,19,11,7,0,11,-2090.530959752322,8.594122911349338,646
1,3,19,12,7,0,11,-2115.7769276044733,22.5299546279886,1699
1,3,20,2,7,0,11,-1247.7219387755101,15.866044101325421,1176
1,3,20,2,7,1,11,-2087.8797127468583,7.196016845777776,557
1,3,20,3,7,1,11,-2115.146383467279,22.97067556317945,1742
1,3,20,4,6,1,11,-2086.246376811594,5.783716431672691,414
1,3,20,4,7,1,11,-2126.0039154267815,17.195157401894576,1277
1,3,20,5,4,1,11,-2097.3056443024493,12.822258339703328,939
1,3,20,5,6,1,11,-2137.914246196404,9.840124709980051,723
1,3,20,6,0,1,11,-2109.4621959237343,20.436815542000204,1521
1,3,20,6,4,1,11,-2150.1822429906542,2.9512333262361614,214
1,3,20,7,0,1,11,-2115.7548387096776,23.255832334769263,1705
1,3,20,8,0,0,11,-2107.7976022566995,19.01244696314292,1418
1,3,20,8,0,1,11,-2147.9397590361446,4.535268479690963,332
1,3,20,9,0,0,11,-2114.7368421052633,23.26190238593089,1748
1,3,20,10,0,0,11,-2145.650442477876,5.530040629382321,452
1,3,20,10,1,0,11,-2107.895850973751,15.681530733842378,1181
1,3,20,10,3,0,11,-2078.0353982300885,1.3365468885679763,113
1,3,20,11,3,0,11,-2130.1923076923076,14.336664215548497,1118
1,3,20,11,7,0,11,-2090.3322528363046,8.441128778509063,617
1,3,20,12,7,0,11,-2115.120260663507,22.994211448149507,1688
1,3,21,2,7,0,11,-1248.3006700167505,15.579403237804843,1194
1,3,21,2,7,1,11,-2087.7263779527557,7.055595665042495,508
1,3,21,3,7,1,11,-2114.960303561004,23.34673913090943,1713
1,3,21,4,6,1,11,-2085.941798941799,5.610534209738613,378
1,3,21,4,7,1,11,-2125.4573268921094,17.253911277381842,1242
1,3,21,5,4,1,11,-2098.0801687763715,13.275715717748149,948
1,3,21,5,6,1,11,-2137.9247311827958,10.022004348621138,744
1,3,21,6,0,1,11,-2109.726927939317,20.115375695258574,1582
1,3,21,6,4,1,11,-2150.638743455497,2.7572591468937704,191
1,3,21,7,0,1,11,-2115.8219988172677,22.91623888252033,1691
1,3,21,8,0,0,11,-2107.225270758123,18.228072045221275,1385
1,3,21,8,0,1,11,-2147.8701754385966,4.322197496327157,285
1,3,21,9,0,0,11,-2115.612565445026,22.775786625718826,1719
1,3,21,10,0,0,11,-2145.850710900474,5.841020731906831,422
1,3,21,10,1,0,11,-2109.437392795883,15.66668603053203,1166
1,3,21,10,3,0,11,-2077.9285714285716,1.4303560280125274,98
1,3,21,11,3,0,11,-2130.8478873239437,14.420816909062044,1065
1,3,21,11,7,0,11,-2090.588957055215,8.74799192469458,652
1,3,21,12,7,0,11,-2115.4376513317193,22.689937851679034,1652
1,3,22,2,7,0,11,-1248.0346869712353,15.784279105005478,1182
1,3,22,2,7,1,11,-2088.7047970479703,7.175548827381851,542
1,3,22,3,7,1,11,-2115.5929357266937,23.39263358847703,1727
1,3,22,4,6,1,11,-2085.4797297297296,5.934100865444282,444
1,3,22,4,7,1,11,-2126.0122605363986,17.674012869319245,1305
1,3,22,5,4,1,11,-2097.844017094017,12.731582411497287,936
1,3,22,5,6,1,11,-2138.403120936281,10.176532356580555,769
1,3,22,6,0,1,11,-2110.0756192959584,20.4337774815227,1534
1,3,22,6,4,1,11,-2150.591346153846,2.870828430898299,208
1,3,22,7,0,1,11,-2115.803539823009,22.835794222953542,1695
1,3,22,8,0,0,11,-2108.3638968481378,18.85051169378603,1396
1,3,22,8,0,1,11,-2147.498452012384,4.184872219986002,323
1,3,22,9,0,0,11,-2114.025950512975,23.458329676644116,1657
1,3,22,10,0,0,11,-2145.174334140436,5.802113654700489,413
1,3,22,10,1,0,11,-2107.301680672269,16.134380448881846,1190
1,3,22,10,3,0,11,-2077.9719626168226,1.4368835946871787,107
1,3,22,11,3,0,11,-2130.4484346224676,14.629072832940379,1086
1,3,22,11,7,0,11,-2090.4264036418817,8.469456018269982,659
1,3,22,12,7,0,11,-2115.960023515579,23.001256024790255,1701
1,3,23,2,7,0,11,-1247.9791833466772,16.074622291026575,1249
1,3,23,2,7,1,11,-2087.9021526418787,7.173705469308948,511
1,3,23,3,7,1,11,-2114.609251369446,23.049566049216857,1643
1,3,23,4,6,1,11,-2085.858536585366,5.625246904504194,410
1,3,23,4,7,1,11,-2125.9516757599376,17.48383071957137,1283
1,3,23,5,4,1,11,-2098.6798378926037,12.921978824928042,987
1,3,23,5,6,1,11,-2138.368632707775,10.117382515312832,746
1,3,23,6,0,1,11,-2110.036265950302,19.977993965214278,1489
1,3,23,6,4,1,11,-2150.4626865671644,2.851176024238075,201
1,3,23,7,0,1,11,-2115.461815995189,22.996239140830802,1663
1,3,23,8,0,0,11,-2108.214285714286,18.8932846078573,1414
1,3,23,8,0,1,11,-2148.0612903225806,4.276656624502459,310
1,3,23,9,0,0,11,-2115.4562715765246,22.90872438270148,1738
1,3,23,10,0,0,11,-2145.4214285714284,5.785121956822782,420
1,3,23,10,1,0,11,-2107.9931623931625,15.969092618519667,1170
1,3,23,10,3,0,11,-2077.8467741935483,1.3798337608441704,124
1,3,23,11,3,0,11,-2130.2071794871795,14.507934159727572,975
1,3,23,11,7,0,11,-2090.7776025236594,8.656760268877624,634
1,3,23,12,7,0,11,-2115.5318396226417,23.440061566442477,1696
1,3,24,2,7,0,11,-1247.707460184409,16.01902953665862,1193
1,3,24,2,7,1,11,-2087.569498069498,7.358051570508264,518
1,3,24,3,7,1,11,-2114.6681741096663,23.512384649028924,1769
1,3,24,4,6,1,11,-2085.28,5.58225760775098,450
1,3,24,4,7,1,11,-2125.930933137399,17.46526957222942,1361
1,3,24,5,4,1,11,-2098.1967044284243,13.27811629147097,971
1,3,24,5,6,1,11,-2138.005925925926,10.29059090527943,675
1,3,24,6,0,1,11,-2111.3534540576793,20.02029033987211,1491
1,3,24,6,4,1,11,-2150.489539748954,2.866429447799942,239
1,3,24,7,0,1,11,-2115.931884908984,23.132644884146558,1703
1,3,24,8,0,0,11,-2107.771041369472,18.498361424117007,1402
1,3,24,8,0,1,11,-2148.193251533742,4.070251629130797,326
1,3,24,9,0,0,11,-2116.2477823772915,23.44192944892578,1691
1,3,24,10,0,0,11,-2145.2185273159143,5.8150218049475795,421
1,3,24,10,1,0,11,-2107.585964912281,15.754046415263034,1140
1,3,24,10,3,0,11,-2078.0721649484535,1.4013794579450538,97
1,3,24,11,3,0,11,-2130.1036468330135,14.59033697202959,1042
1,3,24,11,7,0,11,-2091.0675039246466,8.863352779803385,637
1,3,24,12,7,0,11,-2115.8878873239437,23.14783705501671,1775
1,3,25,2,7,0,11,-1247.5668085106383,15.833885170775623,1175
1,3,25,2,7,1,11,-2088.2883895131085,7.397690197190145,534
1,3,25,3,7,1,11,-2115.658668266347,22.677795590894746,1667
1,3,25,4,6,1,11,-2085.5242966751916,5.868010982840889,391
1,3,25,4,7,1,11,-2125.1522435897436,17.224643983291436,1248
1,3,25,5,4,1,11,-2097.6574803149606,12.755684356966526,1016
1,3,25,5,6,1,11,-2137.4326424870465,10.228319508154927,772
1,3,25,6,0,1,11,-2110.094065656566,20.441048895173253,1584
1,3,25,6,4,1,11,-2150.7654320987654,2.766368889004257,243
1,3,25,7,0,1,11,-2114.3974201474202,23.545604622299408,1628
1,3,25,8,0,0,11,-2108.917590027701,18.458067946257607,1444
1,3,25,8,0,1,11,-2147.95,4.219893363594839,300
1,3,25,9,0,0,11,-2115.2904707233065,23.071956300159506,1742
1,3,25,10,0,0,11,-2145.694252873563,5.922941105473134,435
1,3,25,10,1,0,11,-2107.8754416961133,16.136876902986085,1132
1,3,25,10,3,0,11,-2078.0434782608695,1.321338612105978,115
1,3,25,11,3,0,11,-2131.0583409298088,14.741227825170284,1097
1,3,25,11,7,0,11,-2090.3260233918127,8.548476898620805,684
1,3,25,12,7,0,11,-2116.254004576659,23.42927453027959,1748
1,3,26,2,7,0,11,-1247.3587140439931,16.03338060977547,1182
1,3,26,2,7,1,11,-2088.7689393939395,7.253762164659537,528
1,3,26,3,7,1,11,-2115.537492844877,23.089164096920857,1747
1,3,26,4,6,1,11,-2085.4345898004435,5.769178062662053,451
1,3,26,4,7,1,11,-2126.1721698113206,17.275998883728214,1272
1,3,26,5,4,1,11,-2097.6694648478488,13.179162598078834,953
1,3,26,5,6,1,11,-2137.7005730659025,10.18260355430174,698
1,3,26,6,0,1,11,-2109.9400131839157,20.23056846932622,1517
1,3,26,6,4,1,11,-2150.5754716981132,2.77096847453196,212
1,3,26,7,0,1,11,-2115.9791418355185,22.912569872087836,1678
1,3,26,8,0,0,11,-2107.49605734767,19.07466424336426,1395
1,3,26,8,0,1,11,-2147.511111111111,4.476645254511139,315
1,3,26,9,0,0,11,-2114.6750902527074,23.51900361685621,1662
1,3,26,10,0,0,11,-2145.870026525199,5.655595407623538,377
1,3,26,10,1,0,11,-2108.36,16.391168353697243,1150
1,3,26,10,3,0,11,-2077.8,1.3999999996540802,110
1,3,26,11,3,0,11,-2130.515717092338,14.365364662690794,1018
1,3,26,11,7,0,11,-2090.382716049383,8.742288172943747,648
1,3,26,12,7,0,11,-2115.462464183381,23.658528165529845,1745
1,3,27,2,7,0,11,-1248.559688581315,15.63707336973916,1156
1,3,27,2,7,1,11,-2087.8211538461537,7.474619530864522,520
1,3,27,3,7,1,11,-2115.3169533169535,23.071867902407302,1628
1,3,27,4,6,1,11,-2085.4716981132074,5.6858476566112754,477
1,3,27,4,7,1,11,-2124.974828375286,17.53514873452853,1311
1,3,27,5,4,1,11,-2098.3784067085953,12.975642201578783,954
1,3,27,5,6,1,11,-2138.299191374663,10.024201140764742,742
1,3,27,6,0,1,11,-2110.151515151515,20.52977188176608,1452
1,3,27,6,4,1,11,-2150.4930875576038,2.970080939872127,217
1,3,27,7,0,1,11,-2116.030284675954,22.77361376256191,1651
1,3,27,8,0,0,11,-2107.597149287322,18.802137696824026,1333
1,3,27,8,0,1,11,-2148.2888198757764,4.32317880786963,322
1,3,27,9,0,0,11,-2115.008206330598,23.085064739263576,1706
1,3,27,10,0,0,11,-2145.8997772828507,5.728934488613168,449
1,3,27,10,1,0,11,-2107.9662408759123,16.13288088730918,1096
1,3,27,11,3,0,11,-2130.477038425492,14.35721108898479,1067
1,3,27,11,7,0,11,-2090.613251155624,8.467642211568156,649
1,3,27,12,7,0,11,-2115.532894736842,23.4783340875011,1672
1,3,28,2,7,0,11,-1248.80752780154,16.036466510138172,1169
1,3,28,2,7,1,11,-2088.068093385214,6.96525796676392,514
1,3,28,3,7,1,11,-2115.2396891811118,22.71846039457826,1673
1,3,28,4,6,1,11,-2085.5323741007196,5.873121506756262,417
1,3,28,4,7,1,11,-2125.9368340943684,17.291787169735098,1314
1,3,28,5,4,1,11,-2097.251828631139,12.782167784507408,957
1,3,28,5,6,1,11,-2138.9413369713507,10.007260494489955,733
1,3,28,6,0,1,11,-2109.977896851976,19.857467170022826,1493
1,3,28,6,4,1,11,-2150.5473251028807,3.009043817714207,243
1,3,28,7,0,1,11,-2115.961249277039,23.354788716379957,1729
1,3,28,8,0,0,11,-2108.413182140326,18.507456593142866,1411
1,3,28,8,0,1,11,-2148.165625,4.38969741089588,320
1,3,28,9,0,0,11,-2115.505604719764,22.74724135442852,1695
1,3,28,10,0,0,11,-2145.7986270022884,5.801498894178412,437
1,3,28,10,1,0,11,-2108.030276816609,15.724321086330628,1156
1,3,28,10,3,0,11,-2077.9310344827586,1.4246847077355087,116
1,3,28,11,3,0,11,-2131.530828516378,14.31804019534241,1038
1,3,28,11,7,0,11,-2090.661341853035,8.620338206117175,626
1,3,28,12,7,0,11,-2115.147662485747,22.78718602357311,1754
1,3,29,2,7,0,11,-1249.0577405857741,15.924482240995644,1195
1,3,29,2,7,1,11,-2088.307385229541,7.079906439902906,501
1,3,29,3,7,1,11,-2117.155172413793,22.982178295871197,1740
1,3,29,4,6,1,11,-2085.2488262910797,5.8593900428419925,426
1,3,29,4,7,1,11,-2125.6083860759495,17.132745663683856,1264
1,3,29,5,4,1,11,-2098.4145342886386,12.78749683661127,977
1,3,29,5,6,1,11,-2137.532786885246,10.1204638435112,732
1,3,29,6,0,1,11,-2110.2177049180327,19.938721237058363,1525
1,3,29,6,4,1,11,-2150.6755555555555,2.9358440434034665,225
1,3,29,7,0,1,11,-2116.382598996096,22.973681407577086,1793
1,3,29,8,0,0,11,-2108.4526098901097,18.928486187312092,1456
1,3,29,8,0,1,11,-2147.809523809524,4.260773992080946,336
1,3,29,9,0,0,11,-2115.1517599538374,23.134483359894627,1733
1,3,29,10,0,0,11,-2145.5848101265824,5.606485588940375,395
1,3,29,10,1,0,11,-2107.8413736713,15.765483543986095,1223
1,3,29,10,3,0,11,-2077.9583333333335,1.3686723085023116,96
1,3,29,11,3,0,11,-2130.4731084776663,14.466994992755307,1097
1,3,29,11,7,0,11,-2090.259911894273,8.780150119204855,681
1,3,29,12,7,0,11,-2116.215028901734,23.135139667334165,1730
1,3,30,2,7,0,11,-1248.8258232235703,15.412074945684145,1154
1,3,30,2,7,1,11,-2088.522267206478,7.504284209575353,494
1,3,30,3,7,1,11,-2116.3717647058825,23.174035225886037,1700
1,3,30,4,6,1,11,-2085.557457212714,5.867089379616523,409
1,3,30,4,7,1,11,-2125.7136186770426,17.503276217486274,1285
1,3,30,5,4,1,11,-2098.0088105726873,13.016167916080464,908
1,3,30,5,6,1,11,-2137.5821727019497,10.279428290362981,718
1,3,30,6,0,1,11,-2109.3179419525068,20.12232958039502,1516
1,3,30,6,4,1,11,-2150.644230769231,2.8247473310795606,208
1,3,30,7,0,1,11,-2115.967507002801,22.927068823156596,1785
1,3,30,8,0,0,11,-2109.053304904051,18.74398272805976,1407
1,3,30,8,0,1,11,-2148.238938053097,4.260557256462821,339
1,3,30,9,0,0,11,-2115.951008645533,22.759547962977685,1735
1,3,30,10,0,0,11,-2145.5544794188863,5.899075360103276,413
1,3,30,10,1,0,11,-2107.759211653813,15.468278579861675,1167
1,3,30,10,3,0,11,-2077.940170940171,1.385459276572751,117
1,3,30,11,3,0,11,-2130.348581884721,14.361500273984916,1093
1,3,30,11,7,0,11,-2090.135520684736,8.965469145413252,701
1,3,30,12,7,0,11,-2116.152359295054,22.664284547191766,1759
1,3,31,2,7,0,11,-1248.0510204081634,16.004488602294654,1176
1,3,31,2,7,1,11,-2087.9659735349715,6.964857441136676,529
1,3,31,3,7,1,11,-2115.2089378990136,23.142782505521943,1723
1,3,31,4,6,1,11,-2085.2716346153848,5.782995898180928,416
1,3,31,4,7,1,11,-2124.932634730539,16.883094357751848,1336
1,3,31,5,4,1,11,-2099.107614213198,12.602175015479332,985
1,3,31,5,6,1,11,-2138.32770745429,10.2002898501758,711
1,3,31,6,0,1,11,-2111.2749836708035,20.173467708714718,1531
1,3,31,6,4,1,11,-2150.519823788546,2.8195828673877177,227
1,3,31,7,0,1,11,-2114.9626777251183,23.014891232040913,1688
1,3,31,8,0,0,11,-2107.991929567131,18.64616096092642,1363
1,3,31,8,0,1,11,-2147.817073170732,4.407250259224978,328
1,3,31,9,0,0,11,-2115.162272993556,23.203438556724766,1707
1,3,31,10,0,0,11,-2144.8840262582057,5.861429275731812,457
1,3,31,10,1,0,11,-2107.6814159292035,15.933193207363864,1130
1,3,31,10,3,0,11,-2078.045045045045,1.4039031011862408,111
1,3,31,11,3,0,11,-2129.861386138614,14.405552405677383,1111
1,3,31,11,7,0,11,-2090.465625,8.851486788099304,640
1,3,31,12,7,0,11,-2115.935138183869,23.452698562773076,1773
1,3,32,2,7,0,11,-1248.7821782178219,15.50067855028275,1212
1,3,32,2,7,1,11,-2088.3497164461246,7.3562214012256515,529
1,3,32,3,7,1,11,-2116.021424435437,23.337262009219582,1727
1,3,32,4,6,1,11,-2085.31914893617,5.802077335162518,423
1,3,32,4,7,1,11,-2125.432558139535,17.03945791431978,1290
1,3,32,5,4,1,11,-2098.070588235294,12.793185902528815,935
1,3,32,5,6,1,11,-2137.683181225554,10.057722132518919,767
1,3,32,6,0,1,11,-2109.862258953168,20.155600835383154,1452
1,3,32,6,4,1,11,-2150.6666666666665,3.0037014205296177,225
1,3,32,7,0,1,11,-2115.7968843618933,23.045402133539444,1669
1,3,32,8,0,0,11,-2107.893009985735,18.732480193271964,1402
1,3,32,8,0,1,11,-2148.440366972477,4.304391881316767,327
1,3,32,9,0,0,11,-2115.4981296758106,22.54146904985544,1604
1,3,32,10,0,0,11,-2145.816705336427,5.711656116714312,431
1,3,32,10,1,0,11,-2107.724167378309,16.003199564347664,1171
1,3,32,10,3,0,11,-2078.072727272727,1.386356184802544,110
1,3,32,11,3,0,11,-2130.36505032022,14.32345420196467,1093
1,3,32,11,7,0,11,-2090.1163166397414,8.648739036310383,619
1,3,32,12,7,0,11,-2115.076490438695,23.20255597248484,1778
1,3,33,2,7,0,11,-1248.84144295302,15.948823164548251,1192
1,3,33,2,7,1,11,-2087.644100580271,7.400992471838265,517
1,3,33,3,7,1,11,-2115.8757870635377,22.151350720603833,1747
1,3,33,4,6,1,11,-2085.597989949749,5.616665437121388,398
1,3,33,4,7,1,11,-2124.9969278033795,17.23270716974703,1302
1,3,33,5,4,1,11,-2098.445320197044,13.181966905565982,1015
1,3,33,5,6,1,11,-2137.8324324324326,10.097713256090277,740
1,3,33,6,0,1,11,-2109.8129642133695,20.438032213515584,1481
1,3,33,6,4,1,11,-2150.291304347826,2.806423229274271,230
1,3,33,7,0,1,11,-2115.5502257336343,23.17859955596762,1772
1,3,33,8,0,0,11,-2108.9688195991093,18.73070777694806,1347
1,3,33,8,0,1,11,-2147.752941176471,4.225012028698368,340
1,3,33,9,0,0,11,-2115.787543655413,22.947775063110374,1718
1,3,33,10,0,0,11,-2145.7475,5.652764257443386,400
1,3,33,10,1,0,11,-2108.2839300582846,16.0949043153935,1201
1,3,33,10,3,0,11,-2078.089285714286,1.4426759077911435,112
1,3,33,11,3,0,11,-2130.038497652582,14.092965034760288,1065
1,3,33,11,7,0,11,-2090.706557377049,8.687891873047903,610
1,3,33,12,7,0,11,-2115.021777516186,23.27760905089255,1699
1,3,34,2,7,0,11,-1246.983695652174,16.29777554733244,1104
1,3,34,2,7,1,11,-2087.9358288770054,7.326080902460746,561
1,3,34,3,7,1,11,-2115.265134529148,22.972341423953633,1784
1,3,34,4,6,1,11,-2085.4825,6.079859681789935,400
1,3,34,4,7,1,11,-2125.6352848101264,17.488804427382433,1264
1,3,34,5,4,1,11,-2098.4927536231885,13.015973991965017,966
1,3,34,5,6,1,11,-2137.95966620306,9.66085762885972,719
1,3,34,6,0,1,11,-2109.768115942029,20.11399683915222,1449
1,3,34,6,4,1,11,-2150.324324324324,2.8353056057532733,222
1,3,34,7,0,1,11,-2114.9864226682407,23.165982466481715,1694
1,3,34,8,0,0,11,-2107.173363095238,18.72626685266021,1344
1,3,34,8,0,1,11,-2148.2730061349694,4.28175701211649,326
1,3,34,9,0,0,11,-2114.9637096774195,22.924072149900695,1736
1,3,34,10,0,0,11,-2145.8571428571427,5.930818086518241,441
1,3,34,10,1,0,11,-2107.2799642218247,15.735838429854596,1118
1,3,34,10,3,0,11,-2078.04,1.370547335852449,125
1,3,34,11,3,0,11,-2130.9841713221604,14.266247587057807,1074
1,3,34,11,7,0,11,-2090.1289256198347,8.657098916850657,605
1,3,34,12,7,0,11,-2115.4497716894975,23.230942745875048,1752
1,3,35,2,7,1,11,-2087.519114688129,6.640838897920624,497
1,3,35,3,7,1,11,-2115.3183649971215,23.24880995161492,1737
1,3,35,4,6,1,11,-2085.6941176470586,5.747681945917303,425
1,3,35,4,7,1,11,-2124.81990881459,17.37745452666954,1316
1,3,35,5,6,1,11,-2147.817901234568,4.312720265391236,324
1,4,1,2,7,0,12,-1185.5947488584475,22.60705469974412,1752
1,4,1,3,7,0,12,-1212.5478927203064,7.099903226638837,522
1,4,1,5,6,1,12,-2050.2266666666665,14.491049892446616,1050
1,4,1,5,7,1,12,-2087.9762773722628,7.329409263855961,548
1,4,1,6,0,1,12,-2035.4075,5.803140852162624,400
1,4,1,6,4,1,12,-2073.7605284888523,15.906844660999896,1211
1,4,1,6,6,1,12,-2103.048387096774,1.3845625763487452,124
1,4,1,7,0,1,12,-2066.417299824664,22.854097846634495,1711
1,4,1,8,0,0,12,-2033.1854103343464,4.318508259282709,329
1,4,1,8,0,1,12,-2073.257852447042,18.83141885450426,1369
1,4,1,9,0,0,12,-2065.3249571673327,22.58290265894972,1751
1,4,1,10,0,0,12,-2070.981682496608,20.245080904578273,1474
1,4,1,10,1,0,12,-2030.4128440366972,2.9027383755525555,218
1,4,1,11,1,0,12,-2083.1932773109243,13.19681481240226,952
1,4,1,11,3,0,12,-2043.954732510288,9.833420950494844,729
1,4,1,12,3,0,12,-2095.60103626943,5.727978688756042,386
1,4,1,12,7,0,12,-2055.6747905559787,17.41431280893628,1313
1,4,2,2,7,0,12,-1185.9430604982206,23.337898220747523,1686
1,4,2,3,7,0,12,-1213.7761194029852,7.2210738348831995,536
1,4,2,3,7,1,12,-2052.567736185383,15.615573150587286,1122
1,4,2,4,7,1,12,-2064.6311188811187,23.20878554027629,1716
1,4,2,5,6,1,12,-2049.6196319018404,14.15634871017781,1141
1,4,2,5,7,1,12,-2090.4532710280373,8.718431985101006,642
1,4,2,6,0,1,12,-2035.1658536585367,5.851145802102718,410
1,4,2,6,4,1,12,-2072.439024390244,16.007531211719513,1148
1,4,2,6,6,1,12,-2103.1176470588234,1.3812051974691126,102
1,4,2,7,0,1,12,-2065.3079161816067,23.18506444319141,1718
1,4,2,8,0,0,12,-2033.595238095238,4.3833456195957154,294
1,4,2,8,0,1,12,-2073.1813546977423,18.779857852147718,1373
1,4,2,9,0,0,12,-2066.17,22.930199326987875,1700
1,4,2,10,0,0,12,-2070.978426395939,20.298521902643383,1576
1,4,2,10,1,0,12,-2030.8636363636363,2.7846242533173307,198
1,4,2,11,1,0,12,-2082.9473684210525,12.939591160091949,950
1,4,2,11,3,0,12,-2042.5226666666667,10.334867499004899,750
1,4,2,12,3,0,12,-2094.8192771084337,5.598503626067055,415
1,4,2,12,7,0,12,-2054.721212121212,17.69072274553118,1320
1,4,3,2,7,0,12,-1184.7584795321638,23.049872854824567,1710
1,4,3,3,7,0,12,-1212.8610603290676,7.145835338031594,547
1,4,3,3,7,1,12,-2053.354221061793,15.69267600167409,1149
1,4,3,4,7,1,12,-2066.5834312573443,23.12841142953554,1702
1,4,3,5,6,1,12,-2050.856610800745,14.23695188381276,1074
1,4,3,5,7,1,12,-2090.769357495881,8.87471929619613,607
1,4,3,6,0,1,12,-2035.621505376344,5.748751140024451,465
1,4,3,6,4,1,12,-2072.4528954191874,15.634731930059642,1157
1,4,3,6,6,1,12,-2103.032967032967,1.4099376451566088,91
1,4,3,7,0,1,12,-2066.151270207852,23.21635322954422,1732
1,4,3,8,0,0,12,-2033.3375,4.310434287836651,320
1,4,3,8,0,1,12,-2073.298118668596,18.744553962760815,1382
1,4,3,9,0,0,12,-2066.739465875371,22.932808906547486,1685
1,4,3,10,0,0,12,-2070.764387271496,20.481244731773586,1477
1,4,3,10,1,0,12,-2030.245283018868,2.9181000563174755,212
1,4,3,11,1,0,12,-2083.25790513834,12.997707564641924,1012
1,4,3,11,3,0,12,-2042.8158602150538,9.975761811628791,744
1,4,3,12,3,0,12,-2095.872437357631,5.875484081689397,439
1,4,3,12,7,0,12,-2055.9140684410645,17.16564988342263,1315
1,4,4,2,7,0,12,-1185.4425754060326,22.854671941682625,1724
1,4,4,3,7,0,12,-1213.081081081081,6.945262349382659,555
1,4,4,3,7,1,12,-2052.4598976109214,16.128089967393773,1172
1,4,4,4,7,1,12,-2064.5388692579504,23.43441760578182,1698
1,4,4,5,6,1,12,-2049.827783063749,14.17801157128192,1051
1,4,4,5,7,1,12,-2090.829307568438,8.732922751193927,621
1,4,4,6,0,1,12,-2035.522565320665,5.778376357074473,421
1,4,4,6,4,1,12,-2073.862966175195,15.843673341657817,1153
1,4,4,6,6,1,12,-2102.875,1.4379528271201711,96
1,4,4,7,0,1,12,-2065.956242707118,23.0663610434715,1714
1,4,4,8,0,0,12,-2032.8440366972477,4.385493835585658,327
1,4,4,8,0,1,12,-2072.2371888726207,18.429739771809658,1366
1,4,4,9,0,0,12,-2065.942143727162,22.935294031992427,1642
1,4,4,10,0,0,12,-2071.1176470588234,20.05752579428474,1496
1,4,4,10,1,0,12,-2030.4158415841584,2.9138363223566945,202
1,4,4,11,1,0,12,-2083.9184549356223,13.293153977806087,932
1,4,4,11,3,0,12,-2042.5402455661665,9.77733428376338,733
1,4,4,12,3,0,12,-2095.7494199535963,5.843460134706251,431
1,4,4,12,7,0,12,-2055.5955826351865,17.551366337270295,1313
1,4,5,2,7,0,12,-1185.9947795823666,23.40264616356814,1724
1,4,5,3,7,0,12,-1212.6322067594433,7.351574161044089,503
1,4,5,3,7,1,12,-2053.84431630972,16.058931211279308,1214
1,4,5,4,7,1,12,-2065.3532136653157,23.230629647726307,1727
1,4,5,5,6,1,12,-2050.2467166979363,14.575677956971738,1066
1,4,5,5,7,1,12,-2090.085,8.692397540386096,600
1,4,5,6,0,1,12,-2035.4135514018692,5.706571347691662,428
1,4,5,6,4,1,12,-2073.9042735042735,16.08835855151776,1170
1,4,5,6,6,1,12,-2103.026785714286,1.4848029053194558,112
1,4,5,7,0,1,12,-2065.4238095238097,22.795026708251857,1680
1,4,5,8,0,0,12,-2033.2275449101796,4.398797667387919,334
1,4,5,8,0,1,12,-2072.9445644348452,18.778668631733805,1389
1,4,5,9,0,0,12,-2065.398158803222,23.32628019184445,1738
1,4,5,10,0,0,12,-2070.353825136612,20.502843974711734,1464
1,4,5,10,1,0,12,-2030.6294416243654,2.646661759692252,197
1,4,5,11,1,0,12,-2082.7656090071646,13.127955609637729,977
1,4,5,11,3,0,12,-2043.1648793565685,10.241109388142068,746
1,4,5,12,3,0,12,-2095.491183879093,5.738907632551193,397
1,4,5,12,7,0,12,-2055.775115919629,17.741697205495765,1294
1,4,6,2,7,0,12,-1185.587093089663,23.298432214084738,1751
1,4,6,3,7,0,12,-1212.7281368821293,6.973895319001866,526
1,4,6,3,7,1,12,-2053.3289241622574,15.616838222148981,1134
1,4,6,4,7,1,12,-2065.5717689100657,23.3534499015172,1679
1,4,6,5,6,1,12,-2050.4887585532747,14.283528261351968,1023
1,4,6,5,7,1,12,-2090.084142394822,8.64769125668852,618
1,4,6,6,0,1,12,-2035.1398104265402,5.857055368942419,422
1,4,6,6,4,1,12,-2073.1540425531916,16.134095476602813,1175
1,4,6,6,6,1,12,-2103.0564516129034,1.4881381487946383,124
1,4,6,7,0,1,12,-2065.5347467608954,22.82829400179674,1698
1,4,6,8,0,0,12,-2032.7439024390244,4.2514301054707175,328
1,4,6,8,0,1,12,-2072.9931271477662,19.013287653712116,1455
1,4,6,9,0,0,12,-2066.0101735487733,23.12693393079636,1671
1,4,6,10,0,0,12,-2070.386080105056,20.042518574748623,1523
1,4,6,10,1,0,12,-2030.6778846153845,2.9412666270406542,208
1,4,6,11,1,0,12,-2082.825848849945,12.89137828699439,913
1,4,6,11,3,0,12,-2042.899433427762,10.0975314469483,706
1,4,6,12,3,0,12,-2095.786240786241,5.691582419539746,407
1,4,6,12,7,0,12,-2055.7238924050635,17.218225148196254,1264
1,4,7,2,7,0,12,-1185.4183381088826,22.801480537813017,1745
1,4,7,3,7,0,12,-1213.1132437619963,7.261541031575133,521
1,4,7,3,7,1,12,-2053.210076857387,15.618539889946847,1171
1,4,7,4,7,1,12,-2064.9187425860023,22.864470821344472,1686
1,4,7,5,6,1,12,-2050.555446516192,14.597633039483085,1019
1,4,7,5,7,1,12,-2090.22,8.452358796869836,650
1,4,7,6,0,1,12,-2035.2518337408312,5.68252611034028,409
1,4,7,6,4,1,12,-2073.3367697594504,15.937430985034847,1164
1,4,7,6,6,1,12,-2102.971153846154,1.4375241186228123,104
1,4,7,7,0,1,12,-2064.3580533024333,22.938715307140747,1726
1,4,7,8,0,0,12,-2032.503164556962,4.21457568601978,316
1,4,7,8,0,1,12,-2072.397079276773,18.761668001149378,1438
1,4,7,9,0,0,12,-2065.6067677946326,23.33787344482901,1714
1,4,7,10,0,0,12,-2070.0047781569965,20.38950018475092,1465
1,4,7,10,1,0,12,-2030.4484304932735,2.771699508418436,223
1,4,7,11,1,0,12,-2082.9453044375646,12.751822595180954,969
1,4,7,11,3,0,12,-2043.1763224181361,10.077740319690447,794
1,4,7,12,3,0,12,-2095.486547085202,5.742887838223998,446
1,4,7,12,7,0,12,-2054.691785983421,16.948722267082957,1327
1,4,8,2,7,0,12,-1186.113662456946,23.4493799148056,1742
1,4,8,3,7,0,12,-1212.671669793621,7.433954630748217,533
1,4,8,3,7,1,12,-2053.0025273799492,15.789500751033296,1187
1,4,8,4,7,1,12,-2065.2561183836083,22.724510656830084,1757
1,4,8,5,6,1,12,-2050.333656644035,14.300543698168095,1031
1,4,8,5,7,1,12,-2090.9612141652615,8.67359271972347,593
1,4,8,6,0,1,12,-2035.1017699115043,5.669612874089333,452
1,4,8,6,4,1,12,-2071.650124069479,15.901813144260299,1209
1,4,8,6,6,1,12,-2102.761061946903,1.3843265269051195,113
1,4,8,7,0,1,12,-2065.5742874469374,22.832226830571557,1649
1,4,8,8,0,0,12,-2032.920634920635,4.278041338265832,315
1,4,8,8,0,1,12,-2072.7865986890024,18.621747058786628,1373
1,4,8,9,0,0,12,-2065.3644970414202,22.878757748346576,1690
1,4,8,10,0,0,12,-2071.0567081604427,20.326813739432904,1446
1,4,8,10,1,0,12,-2030.420792079208,2.7406300074244503,202
1,4,8,11,1,0,12,-2083.1677215189875,12.784497975236668,948
1,4,8,11,3,0,12,-2043.542899408284,10.10607614385733,676
1,4,8,12,3,0,12,-2095.175519630485,5.729599921613325,433
1,4,8,12,7,0,12,-2056.470680218921,17.442559601817038,1279
1,4,9,2,7,0,12,-1186.79,22.635266991238186,1700
1,4,9,3,7,0,12,-1213.2296296296297,7.502533636959994,540
1,4,9,3,7,1,12,-2052.472972972973,15.889375145446728,1184
1,4,9,4,7,1,12,-2065.943980929678,23.30687046964652,1678
1,4,9,5,6,1,12,-2050.919776119403,14.660940999599621,1072
1,4,9,5,7,1,12,-2090.6831395348836,8.54136007930723,688
1,4,9,6,0,1,12,-2035.3025,8.04058416720856,400
1,4,9,6,4,1,12,-2073.0017167381975,15.733892139566116,1165
1,4,9,6,6,1,12,-2102.8854166666665,1.4921306891386816,96
1,4,9,7,0,1,12,-2065.2753792298718,23.10134464208117,1714
1,4,9,8,0,0,12,-2033.1103202846975,4.0791022279828795,281
1,4,9,8,0,1,12,-2073.4480056980055,19.163920360983575,1404
1,4,9,9,0,0,12,-2065.266981689309,22.909866332108397,1693
1,4,9,10,0,0,12,-2070.9662921348313,20.077695761352373,1513
1,4,9,10,1,0,12,-2030.4881516587677,2.9148422110047902,211
1,4,9,11,1,0,12,-2082.8142857142857,13.216274278659409,910
1,4,9,11,3,0,12,-2042.31677852349,10.026089474891236,745
1,4,9,12,3,0,12,-2096.0780911062907,5.859376807530443,461
1,4,9,12,7,0,12,-2055.3433307024466,17.509939699376783,1267
1,4,10,2,7,0,12,-1186.8785100286532,23.172435014153997,1745
1,4,10,3,7,0,12,-1213.242700729927,7.400029690567672,548
1,4,10,3,7,1,12,-2052.8501314636283,15.853110032564018,1141
1,4,10,4,7,1,12,-2066.1323877068558,23.13076131228235,1692
1,4,10,5,6,1,12,-2049.8621940163193,14.480144078011033,1103
1,4,10,5,7,1,12,-2090.729893778452,8.814383428470496,659
1,4,10,6,0,1,12,-2035.6843373493975,5.761452333788822,415
1,4,10,6,4,1,12,-2072.97853014038,16.012728261544407,1211
1,4,10,7,0,1,12,-2065.6628119293973,22.607977168573637,1643
1,4,10,8,0,0,12,-2032.9770491803279,4.538664259435524,305
1,4,10,8,0,1,12,-2073.224834680382,18.932712760753326,1361
1,4,10,9,0,0,12,-2066.0305064063455,23.068517126492413,1639
1,4,10,10,0,0,12,-2070.7662337662337,20.208855688098836,1463
1,4,10,10,1,0,12,-2030.3690987124464,2.8722869346457975,233
1,4,10,11,1,0,12,-2083.5286016949153,13.012999846060163,944
1,4,10,11,3,0,12,-2043.5162601626016,10.310117171724315,738
1,4,10,12,3,0,12,-2095.038288288288,5.737962154214875,444
1,4,10,12,7,0,12,-2055.4175,17.311408389171806,1200
1,4,11,2,7,0,12,-1184.7211764705883,23.288318678065455,1700
1,4,11,3,7,0,12,-1213.2889305816136,7.234157133889903,533
1,4,11,3,7,1,12,-2053.163126593033,15.947840844664274,1177
1,4,11,4,7,1,12,-2064.5643076923075,22.98828504121971,1625
1,4,11,5,6,1,12,-2051.2390476190476,14.28642376016018,1050
1,4,11,5,7,1,12,-2090.53785488959,8.616394713434106,634
1,4,11,6,0,1,12,-2036.1351351351352,5.789418367240732,407
1,4,11,6,4,1,12,-2072.62411971831,15.759875596035414,1136
1,4,11,6,6,1,12,-2102.765306122449,1.3232691455924361,98
1,4,11,7,0,1,12,-2065.9624573378837,23.37218675844202,1758
1,4,11,8,0,0,12,-2032.973293768546,4.232402788543002,337
1,4,11,8,0,1,12,-2072.2919655667147,18.630519268579903,1394
1,4,11,9,0,0,12,-2064.8825958702064,23.19143922741839,1695
1,4,11,10,0,0,12,-2070.266487213997,20.620268470110744,1486
1,4,11,10,1,0,12,-2030.2217194570135,2.9120872664299955,221
1,4,11,11,1,0,12,-2083.520939734423,13.173483780269287,979
1,4,11,11,3,0,12,-2042.5790155440413,9.962506138760496,772
1,4,11,12,3,0,12,-2095.80846325167,5.841165609649752,449
1,4,11,12,7,0,12,-2055.255961844197,17.12494021404404,1258
1,4,12,2,7,0,12,-1185.7382169222033,23.00875469755439,1761
1,4,12,3,7,0,12,-1212.8117001828155,7.124847106187859,547
1,4,12,3,7,1,12,-2054.031331592689,15.790536877659255,1149
1,4,12,4,7,1,12,-2066.083284799068,23.240294600368728,1717
1,4,12,5,6,1,12,-2050.5347018572825,14.21942684460796,1023
1,4,12,5,7,1,12,-2090.1679748822608,8.527453742276817,637
1,4,12,6,0,1,12,-2035.461716937355,5.9125723002251815,431
1,4,12,6,4,1,12,-2072.630730050934,15.68910513733787,1178
1,4,12,6,6,1,12,-2103.064516129032,1.3955108643879497,124
1,4,12,7,0,1,12,-2065.0359712230215,23.17713876273817,1668
1,4,12,8,0,0,12,-2032.8025889967637,4.291542796649819,309
1,4,12,8,0,1,12,-2072.7776173285197,18.910496123514445,1385
1,4,12,9,0,0,12,-2064.3141361256544,22.932360851524493,1719
1,4,12,10,0,0,12,-2070.7907458563536,19.75341071316241,1448
1,4,12,10,1,0,12,-2030.5876777251185,2.9200467130039436,211
1,4,12,11,1,0,12,-2082.9356136820925,13.064993055362505,994
1,4,12,11,3,0,12,-2043.0638020833333,10.04222035760903,768
1,4,12,12,3,0,12,-2095.461187214612,5.681187448692302,438
1,4,12,12,7,0,12,-2055.1780604133546,17.28784906608292,1258
1,4,13,2,7,0,12,-1186.206733608978,22.799203663220787,1693
1,4,13,3,7,0,12,-1213.2593320235756,7.379918615283492,509
1,4,13,3,7,1,12,-2052.40796460177,16.235788293801235,1130
1,4,13,4,7,1,12,-2065.514454277286,23.07404262350545,1695
1,4,13,5,6,1,12,-2050.508903467666,14.849657865553244,1067
1,4,13,5,7,1,12,-2089.9761146496817,8.553376965536254,628
1,4,13,6,0,1,12,-2035.661800486618,5.653840558427628,411
1,4,13,6,4,1,12,-2072.432550043516,15.494405701125062,1149
1,4,13,6,6,1,12,-2102.9478260869564,1.3695031042003103,115
1,4,13,7,0,1,12,-2065.2644675925926,22.755877068389687,1728
1,4,13,8,0,0,12,-2032.871473354232,4.547116764503216,319
1,4,13,8,0,1,12,-2074.115,18.91092815207168,1400
1,4,13,9,0,0,12,-2065.3612256923984,22.937356322310162,1697
1,4,13,10,0,0,12,-2070.5922199865863,20.245178438360526,1491
1,4,13,10,1,0,12,-2029.931914893617,2.512022697963211,235
1,4,13,11,1,0,12,-2082.6337271750804,12.998144995607795,931
1,4,13,11,3,0,12,-2042.8699186991869,9.943438426648394,738
1,4,13,12,3,0,12,-2095.2889390519185,5.631461085211864,443
1,4,13,12,7,0,12,-2055.1858617950757,17.727450932172463,1259
1,4,14,2,7,0,12,-1185.6034968979131,23.03532511656158,1773
1,4,14,3,7,0,12,-1213.1345454545456,7.265865854211484,550
1,4,14,3,7,1,12,-2052.4430823117336,15.83849641802963,1142
1,4,14,4,7,1,12,-2066.251305861869,22.862761270437428,1723
1,4,14,5,6,1,12,-2050.539831302718,14.181018015214768,1067
1,4,14,5,7,1,12,-2090.728096676737,8.787441034951362,662
1,4,14,6,0,1,12,-2035.6330749354006,5.794030751838168,387
1,4,14,6,4,1,12,-2073.8120567375886,15.74914598686351,1128
1,4,14,6,6,1,12,-2102.935779816514,1.4731556927059313,109
1,4,14,7,0,1,12,-2064.679881656805,22.934713308482657,1690
1,4,14,8,0,0,12,-2032.688581314879,4.449630565963737,289
1,4,14,8,0,1,12,-2073.274871039057,18.547007995964595,1357
1,4,14,9,0,0,12,-2065.163614163614,23.23406607236342,1638
1,4,14,10,0,0,12,-2070.5028938906753,20.06158904396961,1555
1,4,14,10,1,0,12,-2030.0274725274726,2.7684075611621806,182
1,4,14,11,1,0,12,-2083.2988047808767,12.894081171137861,1004
1,4,14,11,3,0,12,-2042.8937125748503,9.950134172419276,668
1,4,14,12,3,0,12,-2095.40350877193,5.615507325711788,399
1,4,14,12,7,0,12,-2055.4324942791764,17.30349575892048,1311
1,4,15,2,7,0,12,-1184.784097504353,22.624976109957974,1723
1,4,15,3,7,0,12,-1213.367458866545,7.3234417098957065,547
1,4,15,3,7,1,12,-2053.1387234042554,15.63129398231394,1175
1,4,15,4,7,1,12,-2065.7971274685815,23.488874917526942,1671
1,4,15,5,6,1,12,-2050.4238833181403,14.909569228010717,1097
1,4,15,5,7,1,12,-2090.4512578616354,8.890448640677329,636
1,4,15,6,0,1,12,-2035.4864300626305,5.657160886998678,479
1,4,15,6,4,1,12,-2073.201342281879,15.806816075354213,1192
1,4,15,6,6,1,12,-2102.9716981132074,1.299183685709261,106
1,4,15,7,0,1,12,-2065.4354371742907,23.203844190198236,1727
1,4,15,8,0,0,12,-2033.1424332344213,4.447238734140547,337
1,4,15,8,0,1,12,-2072.6015907447577,18.46220027837422,1383
1,4,15,9,0,0,12,-2065.791471962617,23.149510949009926,1712
1,4,15,10,0,0,12,-2070.546703296703,19.861692520833902,1456
1,4,15,10,1,0,12,-2030.5617021276596,2.8448200924155187,235
1,4,15,11,1,0,12,-2083.2005842259005,12.800722641602636,1027
1,4,15,11,3,0,12,-2042.6396761133603,10.236923031236868,741
1,4,15,12,3,0,12,-2095.359102244389,5.842122662153979,401
1,4,15,12,7,0,12,-2056.17517674784,17.306849821226784,1273
1,4,16,2,7,0,12,-1185.0244484197972,23.197757556368956,1677
1,4,16,3,7,0,12,-1213.2456445993032,7.407779613376036,574
1,4,16,3,7,1,12,-2053.314737718568,15.656253034155707,1201
1,4,16,4,7,1,12,-2065.63216374269,22.71578309791327,1710
1,4,16,5,6,1,12,-2050.259541984733,14.553645321897045,1048
1,4,16,5,7,1,12,-2090.335832083958,8.830638161236667,667
1,4,16,6,0,1,12,-2035.6203090507727,5.741813090340628,453
1,4,16,6,4,1,12,-2073.510931174089,16.465805628759654,1235
1,4,16,6,6,1,12,-2102.7,1.3853125675757727,110
1,4,16,7,0,1,12,-2065.1596109839816,23.648799425455113,1748
1,4,16,8,0,0,12,-2032.9679487179487,4.34994823398504,312
1,4,16,8,0,1,12,-2073.124911284599,18.772630357575622,1409
1,4,16,9,0,0,12,-2066.93968066233,22.965892065420892,1691
1,4,16,10,0,0,12,-2069.439087947883,20.388667330634945,1535
1,4,16,10,1,0,12,-2030.6459330143541,2.70547826566945,209
1,4,16,11,1,0,12,-2082.965628356606,13.02212032391874,931
1,4,16,11,3,0,12,-2042.9937027707808,10.145476372432618,794
1,4,16,12,3,0,12,-2095.7159624413143,5.652003561761513,426
1,4,16,12,7,0,12,-2055.7310664605875,16.91232074062934,1294
1,4,17,2,7,0,12,-1185.8359659781288,23.20275823170511,1646
1,4,17,3,7,0,12,-1212.9324817518248,6.908751171238962,548
1,4,17,3,7,1,12,-2052.849417637271,15.646674506843265,1202
1,4,17,4,7,1,12,-2065.980880648899,22.79067892376633,1726
1,4,17,5,6,1,12,-2050.6255924170614,14.884933347661816,1055
1,4,17,5,7,1,12,-2090.530821917808,8.334760229993769,584
1,4,17,6,0,1,12,-2035.7044917257683,5.8520089023445925,423
1,4,17,6,4,1,12,-2073.9560067681896,15.65273831890963,1182
1,4,17,6,6,1,12,-2103.0,1.4462859741631298,109
1,4,17,7,0,1,12,-2065.7553873034362,23.240898202369824,1717
1,4,17,8,0,0,12,-2033.2598187311178,4.273029161487236,331
1,4,17,8,0,1,12,-2072.5602536997885,19.207292452990774,1419
1,4,17,9,0,0,12,-2065.192729371033,22.80292178652857,1733
1,4,17,10,0,0,12,-2069.957765667575,19.87209409241039,1468
1,4,17,10,1,0,12,-2030.1948717948717,2.6895761479911178,195
1,4,17,11,1,0,12,-2083.4697130712007,12.592965110305203,941
1,4,17,11,3,0,12,-2042.7909836065573,9.857801859580729,732
1,4,17,12,3,0,12,-2095.81330472103,5.541640557296558,466
1,4,17,12,7,0,12,-2055.607755406413,17.72487728247453,1341
1,4,18,2,7,0,12,-1186.0183758150563,23.193043516231864,1687
1,4,18,3,7,0,12,-1213.1408450704225,7.312256578364077,497
1,4,18,3,7,1,12,-2052.518488085456,15.737833506143843,1217
1,4,18,4,7,1,12,-2065.5193798449613,23.06107392734203,1677
1,4,18,5,6,1,12,-2050.2053654024053,14.098779606172204,1081
1,4,18,5,7,1,12,-2090.094573643411,8.777811262164839,645
1,4,18,6,0,1,12,-2035.9564270152505,5.720644215527616,459
1,4,18,6,4,1,12,-2073.3278829604133,16.144519342853744,1162
1,4,18,7,0,1,12,-2064.919610231425,23.341000562933225,1642
1,4,18,8,0,0,12,-2033.4906832298136,4.258886234156324,322
1,4,18,8,0,1,12,-2073.4781976744184,18.6184795424692,1376
1,4,18,9,0,0,12,-2065.5056246299587,23.194446628243472,1689
1,4,18,10,0,0,12,-2070.0038834951456,20.21845061908369,1545
1,4,18,10,1,0,12,-2030.3626373626373,2.8670790876582237,182
1,4,18,11,1,0,12,-2083.0216049382716,13.0508086837716,972
1,4,18,11,3,0,12,-2042.8719676549865,9.962655128343258,742
1,4,18,12,3,0,12,-2095.4153846153845,5.644503756310978,455
1,4,18,12,7,0,12,-2054.8996789727125,17.696896461252436,1246
1,4,19,2,7,0,12,-1185.9852356615559,23.312064811460395,1761
1,4,19,3,7,0,12,-1212.824427480916,7.23380625372985,524
1,4,19,3,7,1,12,-2053.525925925926,15.829257001795547,1215
1,4,19,4,7,1,12,-2065.616883116883,23.110488134887742,1694
1,4,19,5,6,1,12,-2050.9402843601897,14.370560939630783,1055
1,4,19,5,7,1,12,-2090.495207667732,8.632215981511823,626
1,4,19,6,0,1,12,-2035.4368686868686,5.802172554906084,396
1,4,19,6,4,1,12,-2073.7316239316237,15.964269128803105,1170
1,4,19,6,6,1,12,-2102.89,1.4205280709392318,100
1,4,19,7,0,1,12,-2066.060982830077,23.199787656060955,1689
1,4,19,8,0,0,12,-2032.9140401146133,4.230270640766253,349
1,4,19,8,0,1,12,-2072.7691761363635,18.715232581283654,1408
1,4,19,9,0,0,12,-2065.7299703264093,22.622880889982184,1685
1,4,19,10,0,0,12,-2071.784300341297,20.186499711106197,1465
1,4,19,10,1,0,12,-2030.576923076923,2.7897212008831445,208
1,4,19,11,1,0,12,-2082.613463626493,12.987691201596121,921
1,4,19,11,3,0,12,-2042.4224965706446,10.278419803559201,729
1,4,19,12,3,0,12,-2095.243373493976,5.916776083456187,415
1,4,19,12,7,0,12,-2055.7239709443097,17.025347813508347,1239
1,4,20,2,7,0,12,-1185.6859988283538,22.780654689958276,1707
1,4,20,3,7,0,12,-1213.003838771593,7.123801353521371,521
1,4,20,3,7,1,12,-2053.507258753202,16.0404774153919,1171
1,4,20,4,7,1,12,-2065.1113662456946,23.00522072915067,1742
1,4,20,5,6,1,12,-2049.834879406308,14.17445664827753,1078
1,4,20,5,7,1,12,-2090.87284144427,8.60840925047223,637
1,4,20,6,0,1,12,-2035.8456057007127,5.774660918029874,421
1,4,20,6,4,1,12,-2072.9510729613735,15.839327682197451,1165
1,4,20,6,6,1,12,-2102.909090909091,1.4639845248193317,99
1,4,20,7,0,1,12,-2065.2323699421963,22.75794452257523,1730
1,4,20,8,0,0,12,-2032.970238095238,4.099107909962377,336
1,4,20,8,0,1,12,-2073.424588992137,18.971966718961905,1399
1,4,20,9,0,0,12,-2065.026047565119,23.094968661390634,1766
1,4,20,10,0,0,12,-2071.0739589807336,20.132503872323994,1609
1,4,20,10,1,0,12,-2030.3894736842105,2.771261300658959,190
1,4,20,11,1,0,12,-2082.9753846153844,13.071692226855664,975
1,4,20,11,3,0,12,-2042.973277074543,10.090343817070133,711
1,4,20,12,3,0,12,-2095.3611793611794,5.800937531995842,407
1,4,20,12,7,0,12,-2054.70431372549,17.373803274350582,1275
1,4,21,2,7,0,12,-1185.5619987661937,22.69015906507877,1621
1,4,21,3,7,0,12,-1213.4700704225352,7.407824564861644,568
1,4,21,3,7,1,12,-2052.417910447761,15.919401399172521,1206
1,4,21,4,7,1,12,-2065.3781942078363,23.00754292849111,1761
1,4,21,5,6,1,12,-2051.001828153565,14.250308580753968,1094
1,4,21,5,7,1,12,-2090.427652733119,9.059489382227847,622
1,4,21,6,0,1,12,-2035.2797356828194,5.678515342417312,454
1,4,21,6,4,1,12,-2072.672191528545,15.822370931702025,1086
1,4,21,6,6,1,12,-2102.9223300970875,1.425763773157837,103
1,4,21,7,0,1,12,-2066.0579302587175,22.824968976202797,1778
1,4,21,8,0,0,12,-2033.421364985163,4.476170394580379,337
1,4,21,8,0,1,12,-2073.5625,18.732290570808466,1376
1,4,21,9,0,0,12,-2065.2061024755326,23.009474848907907,1737
1,4,21,10,0,0,12,-2071.100811907984,20.157666405177284,1478
1,4,21,10,1,0,12,-2030.6157205240174,2.9271977196324177,229
1,4,21,11,1,0,12,-2082.458557588805,12.755827915938168,929
1,4,21,11,3,0,12,-2042.6911957950065,10.145487724710799,761
1,4,21,12,3,0,12,-2095.904522613065,5.705584820173695,398
1,4,21,12,7,0,12,-2055.232018561485,17.52727174380143,1293
1,4,22,2,7,0,12,-1185.2638475282906,22.7954118496832,1679
1,4,22,3,7,0,12,-1213.0344168260037,7.215261668916535,523
1,4,22,3,7,1,12,-2052.71632996633,16.064563632834282,1188
1,4,22,4,7,1,12,-2065.263537906137,22.868990276006812,1662
1,4,22,5,6,1,12,-2050.252132701422,14.38274811427755,1055
1,4,22,5,7,1,12,-2090.684210526316,8.747733043450436,665
1,4,22,6,0,1,12,-2035.5504201680671,5.808171206603775,476
1,4,22,6,4,1,12,-2073.149435273675,15.615612304341482,1151
1,4,22,6,6,1,12,-2103.105769230769,1.2854082656140926,104
1,4,22,7,0,1,12,-2064.85349940688,22.71044740477776,1686
1,4,22,8,0,0,12,-2033.0449438202247,4.3269734404278895,356
1,4,22,8,0,1,12,-2073.097212294496,18.80684671322238,1399
1,4,22,9,0,0,12,-2066.116715542522,23.221182735366177,1705
1,4,22,10,0,0,12,-2070.556996587031,19.660071814302867,1465
1,4,22,10,1,0,12,-2030.9375,2.8841305682142626,208
1,4,22,11,1,0,12,-2082.8201058201057,13.174185837335141,945
1,4,22,11,3,0,12,-2042.4980988593156,9.900598946697677,789
1,4,22,12,3,0,12,-2095.24200913242,5.801579660400672,438
1,4,22,12,7,0,12,-2055.7846277021617,17.232760263601268,1249
1,4,23,2,7,0,12,-1185.696158323632,22.982371574090337,1718
1,4,23,3,7,0,12,-1212.9116541353383,7.1220360863895085,532
1,4,23,3,7,1,12,-2052.946443514644,16.03945377219718,1195
1,4,23,4,7,1,12,-2065.865162037037,23.34689068881403,1728
1,4,23,5,6,1,12,-2050.674780915287,14.296872443351361,1027
1,4,23,5,7,1,12,-2090.6795952782463,8.762283414038508,593
1,4,23,6,0,1,12,-2036.1344339622642,5.8975805048832335,424
1,4,23,6,4,1,12,-2073.0460750853244,15.779828786767524,1172
1,4,23,6,6,1,12,-2102.967032967033,1.3784092552539355,91
1,4,23,7,0,1,12,-2064.7888422315536,22.820097548191708,1667
1,4,23,8,0,0,12,-2032.860534124629,4.303902412411282,337
1,4,23,8,0,1,12,-2072.6666666666665,18.4146885202302,1416
1,4,23,9,0,0,12,-2065.7337478801583,22.92243162976443,1769
1,4,23,10,0,0,12,-2070.8533154722036,20.08756577554097,1493
1,4,23,10,1,0,12,-2030.862559241706,2.9134548293691274,211
1,4,23,11,1,0,12,-2083.312227074236,13.0329906825249,916
1,4,23,11,3,0,12,-2043.1513944223107,10.000580397262157,753
1,4,23,12,3,0,12,-2095.180904522613,5.622320662585365,398
1,4,23,12,7,0,12,-2055.71328125,17.47314399611571,1280
1,4,24,2,7,0,12,-1185.5905923344949,22.96897831688988,1722
1,4,24,3,7,0,12,-1213.3841584158415,6.965185457001756,505
1,4,24,3,7,1,12,-2052.718035563082,15.858741004578858,1181
1,4,24,4,7,1,12,-2065.923420905534,23.110502146901872,1789
1,4,24,5,6,1,12,-2050.561065197429,14.503734016660799,1089
1,4,24,5,7,1,12,-2090.6747572815534,8.709778217133861,618
1,4,24,6,0,1,12,-2035.591006423983,5.847615635684022,467
1,4,24,6,4,1,12,-2072.0306905370844,15.959584910135263,1173
1,4,24,6,6,1,12,-2103.2636363636366,1.3729680701413984,110
1,4,24,7,0,1,12,-2065.1641879833433,22.50978614752407,1681
1,4,24,8,0,0,12,-2033.0564784053156,4.105761233467818,301
1,4,24,8,0,1,12,-2072.4283593170007,19.010289806850093,1347
1,4,24,9,0,0,12,-2065.046119235096,23.216230821957605,1778
1,4,24,10,0,0,12,-2070.53050397878,20.668111190168077,1508
1,4,24,10,1,0,12,-2030.5196078431372,3.052579725973901,204
1,4,24,11,1,0,12,-2083.370636550308,12.977203207344074,974
1,4,24,11,3,0,12,-2043.1162123385939,10.134078677749788,697
1,4,24,12,3,0,12,-2095.6811989100815,5.706180088908494,367
1,4,24,12,7,0,12,-2055.193675889328,17.35091321099443,1265
1,4,25,2,7,0,12,-1185.7078977932636,22.67589745844981,1722
1,4,25,3,7,0,12,-1212.6432748538011,7.013453973881136,513
1,4,25,3,7,1,12,-2053.1345514950167,15.971845106133008,1204
1,4,25,4,7,1,12,-2066.0283600493217,22.945879275637193,1622
1,4,25,5,6,1,12,-2049.983333333333,14.44851293887067,1020
1,4,25,5,7,1,12,-2090.6475155279504,8.581811803239768,644
1,4,25,6,0,1,12,-2035.4444444444443,5.760317440479661,396
1,4,25,6,4,1,12,-2073.0151878497204,15.584962505543913,1251
1,4,25,6,6,1,12,-2102.864,1.3933786275649511,125
1,4,25,7,0,1,12,-2065.6741839762612,22.76691502128402,1685
1,4,25,8,0,0,12,-2032.987987987988,4.244746603749723,333
1,4,25,8,0,1,12,-2073.2558303886926,18.47636996069607,1415
1,4,25,9,0,0,12,-2065.3644970414202,23.08852874605991,1690
1,4,25,10,0,0,12,-2070.914248021108,20.09523585625112,1516
1,4,25,10,1,0,12,-2030.6702127659576,2.902267264360142,188
1,4,25,11,1,0,12,-2082.3273305084745,13.1560007121484,944
1,4,25,11,3,0,12,-2043.3121693121693,10.191832504102903,756
1,4,25,12,3,0,12,-2095.257756563246,5.737737217689826,419
1,4,25,12,7,0,12,-2055.835471698113,17.580695519981717,1325
1,4,26,2,7,0,12,-1185.5860306643951,23.067946649171933,1761
1,4,26,3,7,0,12,-1212.8136200716847,7.287321007635717,558
1,4,26,3,7,1,12,-2052.931380753138,15.954285457308028,1195
1,4,26,4,7,1,12,-2065.9206815511166,22.507138076601734,1702
1,4,26,5,6,1,12,-2051.43879472693,14.469251821211214,1062
1,4,26,5,7,1,12,-2091.2512234910278,8.873527870685313,613
1,4,26,6,0,1,12,-2035.6844783715012,5.869417724359749,393
1,4,26,6,4,1,12,-2073.5322175732217,15.802640254572907,1195
1,4,26,6,6,1,12,-2102.9449541284403,1.445238067347048,109
1,4,26,7,0,1,12,-2065.7172177879133,22.96710428299333,1754
1,4,26,8,0,0,12,-2032.736994219653,4.395566103469698,346
1,4,26,8,0,1,12,-2072.8385490753913,18.864802184995938,1406
1,4,26,9,0,0,12,-2064.635860542335,22.786033405111148,1807
1,4,26,10,0,0,12,-2069.646782841823,19.844449635552003,1492
1,4,26,10,1,0,12,-2030.2096069868996,2.822197465667547,229
1,4,26,11,1,0,12,-2083.277207392197,13.220960351383354,974
1,4,26,11,3,0,12,-2043.9381868131868,10.329743303323454,728
1,4,26,12,3,0,12,-2096.064935064935,5.439006933680753,385
1,4,26,12,7,0,12,-2055.393574297189,16.89402709481577,1245
1,4,27,2,7,0,12,-1184.9078014184397,22.780009913679272,1692
1,4,27,3,7,0,12,-1213.4315589353612,7.0634059527526905,526
1,4,27,3,7,1,12,-2053.6399317406144,15.696243414672738,1172
1,4,27,4,7,1,12,-2064.8666260657733,22.848542667212232,1642
1,4,27,5,6,1,12,-2050.6625,14.187281307330172,1120
1,4,27,5,7,1,12,-2089.991341991342,8.639480174165836,693
1,4,27,6,0,1,12,-2035.910138248848,5.805506561250748,434
1,4,27,6,4,1,12,-2073.2980849292258,15.976494119743826,1201
1,4,27,6,6,1,12,-2102.7881355932204,1.3768774231601721,118
1,4,27,7,0,1,12,-2064.9405496354457,23.150749577067366,1783
1,4,27,8,0,0,12,-2033.2445820433436,4.2102918346621,323
1,4,27,8,0,1,12,-2072.8978723404257,18.63663922796432,1410
1,4,27,9,0,0,12,-2067.1877437325907,22.9486981486866,1795
1,4,27,10,0,0,12,-2070.4372093023258,20.60723216398206,1505
1,4,27,10,1,0,12,-2030.438596491228,2.90352202260734,228
1,4,27,11,1,0,12,-2082.889237199582,12.965925085235297,957
1,4,27,11,3,0,12,-2043.1070460704607,9.809330175056173,738
1,4,27,12,3,0,12,-2095.3719806763283,5.824883108494044,414
1,4,27,12,7,0,12,-2054.991004497751,17.067945443461937,1334
1,4,28,2,7,0,12,-1185.3700178465199,23.037019181438808,1681
1,4,28,3,7,0,12,-1213.2570888468808,7.382992246514192,529
1,4,28,3,7,1,12,-2052.1084236864053,15.942345689668999,1199
1,4,28,4,7,1,12,-2066.786618444846,23.42165917913596,1659
1,4,28,5,6,1,12,-2050.711759504863,14.032992374268481,1131
1,4,28,5,7,1,12,-2090.1415241057543,8.706919836680935,643
1,4,28,6,0,1,12,-2035.6293859649122,5.857287825939119,456
1,4,28,6,4,1,12,-2073.2420796100732,15.826636440508953,1231
1,4,28,6,6,1,12,-2103.045045045045,1.4481263905389083,111
1,4,28,7,0,1,12,-2064.795389048991,23.254690123614253,1735
1,4,28,8,0,0,12,-2032.723602484472,4.2595893356276795,322
1,4,28,8,0,1,12,-2073.767883211679,18.77088494974083,1370
1,4,28,9,0,0,12,-2064.9359634076613,23.05707770771055,1749
1,4,28,10,0,0,12,-2070.5348688419704,19.87125628617495,1563
1,4,28,10,1,0,12,-2030.7834101382489,2.922044196830297,217
1,4,28,11,1,0,12,-2082.873796791444,12.952860152034154,935
1,4,28,11,3,0,12,-2042.749658002736,10.321055962924929,731
1,4,28,12,3,0,12,-2095.9046511627907,5.9363074219445515,430
1,4,28,12,7,0,12,-2055.019940915805,17.060636961365564,1354
1,4,29,2,7,0,12,-1185.880496054115,22.91342788971433,1774
1,4,29,3,7,0,12,-1212.9767891682786,7.047191227511661,517
1,4,29,3,7,1,12,-2053.0074257425745,15.76275566990667,1212
1,4,29,4,7,1,12,-2064.9613095238096,23.232116587634582,1680
1,4,29,5,6,1,12,-2050.7742857142857,14.344320452764755,1050
1,4,29,5,7,1,12,-2090.442073170732,8.526840583433524,656
1,4,29,6,0,1,12,-2035.3098591549297,5.612506698038091,426
1,4,29,6,4,1,12,-2072.8602243313203,15.913684246009076,1159
1,4,29,6,6,1,12,-2102.8951612903224,1.4017186940196036,124
1,4,29,7,0,1,12,-2065.119782214156,23.097838711183222,1653
1,4,29,8,0,0,12,-2032.8559322033898,4.20574416935659,354
1,4,29,8,0,1,12,-2072.739590684545,18.673491923249554,1417
1,4,29,9,0,0,12,-2065.0507789959606,23.001838049070756,1733
1,4,29,10,0,0,12,-2070.978058510638,20.067808519724966,1504
1,4,29,10,1,0,12,-2030.1971830985915,2.8248713543638413,213
1,4,29,11,1,0,12,-2082.885593220339,12.983677989680238,944
1,4,29,11,3,0,12,-2042.994236311239,10.300525779471057,694
1,4,29,12,3,0,12,-2095.6516853932585,5.819573951753494,445
1,4,29,12,7,0,12,-2055.427001569859,17.207563576138995,1274
1,4,30,2,7,0,12,-1185.5025670279522,23.211474020645593,1753
1,4,30,3,7,0,12,-1212.4761029411766,7.094904102554187,544
1,4,30,3,7,1,12,-2053.081850533808,15.54835385520593,1124
1,4,30,4,7,1,12,-2064.7590290112494,22.77645014822312,1689
1,4,30,5,6,1,12,-2050.507561436673,14.30271034331167,1058
1,4,30,5,7,1,12,-2090.6216617210684,8.639200883000836,674
1,4,30,6,0,1,12,-2035.6346666666666,5.408376055307091,375
1,4,30,6,4,1,12,-2072.9974768713205,15.940358574395523,1189
1,4,30,6,6,1,12,-2102.9883720930234,1.4017778246884691,86
1,4,30,7,0,1,12,-2065.3670212765956,23.45965149148612,1692
1,4,30,8,0,0,12,-2033.1521739130435,4.442015475571994,322
1,4,30,8,0,1,12,-2072.3686763686765,19.062829046653533,1443
1,4,30,9,0,0,12,-2065.1467517401393,23.084730841698097,1724
1,4,30,10,0,0,12,-2070.9593604263823,20.418808212975783,1501
1,4,30,10,1,0,12,-2030.2311111111112,2.7243610644075718,225
1,4,30,11,1,0,12,-2082.5837053571427,13.2429109278351,896
1,4,30,11,3,0,12,-2042.8191489361702,10.290423937218037,752
1,4,30,12,3,0,12,-2095.7764705882355,5.774541429356548,425
1,4,30,12,7,0,12,-2055.5910470409713,17.46434856153569,1318
1,4,31,2,7,0,12,-1185.2904761904763,22.984728983389157,1680
1,4,31,3,7,0,12,-1212.5819112627987,7.278066570328369,586
1,4,31,3,7,1,12,-2052.5232558139537,15.943118075930782,1204
1,4,31,4,7,1,12,-2065.471452798191,22.862565377253,1769
1,4,31,5,6,1,12,-2050.9743346007604,14.455264248079445,1052
1,4,31,5,7,1,12,-2090.679817905918,8.784681243530239,659
1,4,31,6,0,1,12,-2035.6019900497513,5.630478185411497,402
1,4,31,6,4,1,12,-2072.459436379163,15.72062951468349,1171
1,4,31,6,6,1,12,-2102.9186046511627,1.4077453216339042,86
1,4,31,7,0,1,12,-2065.3979089790896,23.202456089133026,1626
1,4,31,8,0,0,12,-2033.1295681063123,4.406257572319747,301
1,4,31,8,0,1,12,-2072.406498194946,19.05318684348628,1385
1,4,31,9,0,0,12,-2064.9172453703704,23.109982186735955,1728
1,4,31,10,0,0,12,-2070.1528532608695,20.0393398423039,1472
1,4,31,10,1,0,12,-2030.472081218274,2.841941538713916,197
1,4,31,11,1,0,12,-2083.579,12.725476769023052,1000
1,4,31,11,3,0,12,-2042.9592391304348,10.243819529439504,736
1,4,31,12,3,0,12,-2094.9504716981132,5.750709534860476,424
1,4,31,12,7,0,12,-2055.48369132856,17.439426150703227,1257
1,4,32,2,7,0,12,-1185.2349854227405,22.860998410473247,1715
1,4,32,3,7,0,12,-1213.3577981651376,7.393678102661796,545
1,4,32,3,7,1,12,-2053.352536543422,15.999233107650268,1163
1,4,32,4,7,1,12,-2065.881570996979,23.024993485852914,1655
1,4,32,5,6,1,12,-2050.141891891892,14.517535060022961,1036
1,4,32,5,7,1,12,-2090.71654676259,8.644635689473402,695
1,4,32,6,0,1,12,-2035.70202020202,5.912843063282217,396
1,4,32,6,4,1,12,-2072.9661436829065,15.762314124721565,1211
1,4,32,6,6,1,12,-2103.0673076923076,1.4627714939401468,104
1,4,32,7,0,1,12,-2065.2384105960264,23.34658364158405,1661
1,4,32,8,0,0,12,-2033.371335504886,4.459615294481857,307
1,4,32,8,0,1,12,-2073.5182328190745,18.593194738004097,1426
1,4,32,9,0,0,12,-2064.9691577698695,22.685173122522762,1686
1,4,32,10,0,0,12,-2070.607830126078,20.33451548418529,1507
1,4,32,10,1,0,12,-2030.12,2.8888752137436873,225
1,4,32,11,1,0,12,-2082.9439252336447,12.996084239875689,963
1,4,32,11,3,0,12,-2043.0552486187846,9.942360823777173,724
1,4,32,12,3,0,12,-2095.437799043062,5.908165377110096,418
1,4,32,12,7,0,12,-2054.7646604938273,17.25666854129157,1296
1,4,33,2,7,0,12,-1185.029876977153,22.77772008098906,1707
1,4,33,3,7,0,12,-1213.2723577235772,7.324574971024147,492
1,4,33,3,7,1,12,-2053.3795493934144,15.892395894983158,1154
1,4,33,4,7,1,12,-2065.351051401869,23.488588625642738,1712
1,4,33,5,6,1,12,-2050.75161588181,14.524287446501923,1083
1,4,33,5,7,1,12,-2090.2137518684603,8.677275915514823,669
1,4,33,6,0,1,12,-2035.756690997567,5.775539725716921,411
1,4,33,6,4,1,12,-2072.759303246239,15.946884028009183,1263
1,4,33,6,6,1,12,-2102.9320388349515,1.4364339332523006,103
1,4,33,7,0,1,12,-2065.215294117647,23.19438576027416,1700
1,4,33,8,0,0,12,-2033.2328767123288,4.251576816093735,292
1,4,33,8,0,1,12,-2072.666191155492,18.91903647462016,1402
1,4,33,9,0,0,12,-2064.8386514148106,23.533633029148337,1661
1,4,33,10,0,0,12,-2071.1346153846152,20.06120728793418,1508
1,4,33,10,1,0,12,-2030.3436123348017,2.8572484823127073,227
1,4,33,11,1,0,12,-2082.483076923077,13.116811321740732,975
1,4,33,11,3,0,12,-2043.202479338843,10.01412470351077,726
1,4,33,12,3,0,12,-2095.914988814318,5.772489251441807,447
1,4,33,12,7,0,12,-2055.24375,17.325422749161554,1280
1,4,34,2,7,0,12,-1185.4497690531177,22.772555373467892,1732
1,4,34,3,7,0,12,-1211.8783269961978,6.92329139505539,526
1,4,34,3,7,1,12,-2053.0874125874125,15.749993305090161,1144
1,4,34,4,7,1,12,-2065.1910714285714,23.404462156867748,1680
1,4,34,5,6,1,12,-2050.1715867158673,14.34434473563923,1084
1,4,34,5,7,1,12,-2090.373754152824,8.845189893088763,602
1,4,34,6,0,1,12,-2035.5827664399094,5.851377151487713,441
1,4,34,6,4,1,12,-2073.257459505541,15.973289918446323,1173
1,4,34,6,6,1,12,-2103.098901098901,1.5267212951819702,91
1,4,34,7,0,1,12,-2065.6854323853745,23.26984084495152,1723
1,4,34,8,0,0,12,-2033.0029239766081,4.321507844128034,342
1,4,34,8,0,1,12,-2072.9017667844523,18.940885266722763,1415
1,4,34,9,0,0,12,-2065.4028776978416,22.935778159387105,1668
1,4,34,10,0,0,12,-2070.973768394114,20.436220471694877,1563
1,4,34,10,1,0,12,-2030.3910891089108,2.9164130624468783,202
1,4,34,11,1,0,12,-2082.558482613277,12.811266948117888,949
1,4,34,11,3,0,12,-2042.7365728900256,10.106829248667706,782
1,4,34,12,3,0,12,-2095.6768149882905,5.9022879833784385,427
1,4,34,12,7,0,12,-2055.1360655737703,16.997478431962364,1220
1,4,35,3,7,1,12,-2052.0392156862745,15.649948347287747,1173
1,4,35,4,7,1,12,-2065.5958668197472,23.001590947848054,1742
1,4,35,5,6,1,12,-2058.2984356197353,10.507574940321783,831
1,4,35,5,7,1,12,-2090.4783306581057,8.917623493476533,623
1,5,1,2,7,0,13,-1134.5663507109005,22.737667465108327,1688
1,5,1,3,7,0,13,-1138.2300319488818,21.502941154034886,1565
1,5,1,5,7,1,13,-1988.3089770354907,7.551116191566352,479
1,5,1,6,4,1,13,-1987.6565295169946,7.561323968491109,559
1,5,1,6,6,1,13,-2028.8361998361997,15.859106312933921,1221
1,5,1,7,0,1,13,-2001.3,14.409615783465062,1110
1,5,1,7,4,1,13,-2040.788524590164,8.56964904234884,610
1,5,1,8,0,1,13,-2015.4452599388378,23.04599643188408,1635
1,5,1,9,0,0,13,-1997.792656587473,12.925112014545876,926
1,5,1,9,0,1,13,-2037.9723320158103,10.117128210671876,759
1,5,1,10,0,0,13,-2015.3520378027172,23.14228550303762,1693
1,5,1,11,0,0,13,-2034.5609467455622,11.229932067984404,845
1,5,1,11,1,0,13,-1996.1036446469247,11.537280778623112,878
1,5,1,12,1,0,13,-2047.9968847352025,4.235658185455015,321
1,5,1,12,3,0,13,-2013.3155216284988,16.05399672409743,1179
1,5,1,12,7,0,13,-1980.5560975609756,3.0925598190456536,205
1,5,2,2,7,0,13,-1136.0995343422585,22.72987576741827,1718
1,5,2,3,7,0,13,-1138.2608695652175,20.943438095106075,1518
1,5,2,3,7,1,13,-1977.893203883495,1.4136135708564193,103
1,5,2,4,7,1,13,-2014.7856723429243,22.680667232722623,1703
1,5,2,5,7,1,13,-2016.0681557846506,23.011587417574532,1746
1,5,2,6,4,1,13,-1987.7575757575758,7.016129914116098,495
1,5,2,6,6,1,13,-2028.5397236614854,15.757380942100452,1158
1,5,2,7,0,1,13,-2000.7532110091743,14.565530938635158,1090
1,5,2,7,4,1,13,-2040.529702970297,8.973279489473889,606
1,5,2,8,0,1,13,-2016.0844827586207,22.79169264158353,1740
1,5,2,9,0,0,13,-1997.4984771573604,13.181445493404057,985
1,5,2,9,0,1,13,-2037.9698162729658,10.188531570200151,762
1,5,2,10,0,0,13,-2015.1894247530506,23.155014686476896,1721
1,5,2,11,0,0,13,-2035.4561797752808,11.674556556874407,890
1,5,2,11,1,0,13,-1995.3681868743047,11.5066905209964,899
1,5,2,12,1,0,13,-2048.017595307918,4.227370121854578,341
1,5,2,12,3,0,13,-2013.377245508982,16.055150745691716,1169
1,5,2,12,7,0,13,-1980.4675925925926,2.818402775438891,216
1,5,3,2,7,0,13,-1134.599238716694,22.915876121822016,1839
1,5,3,3,7,0,13,-1137.5456215554195,21.888584592261534,1633
1,5,3,3,7,1,13,-1978.0188679245282,1.4470603388008696,106
1,5,3,4,7,1,13,-2015.4741480611046,22.08476835404515,1702
1,5,3,5,7,1,13,-2016.1153381642512,23.266142523621355,1656
1,5,3,6,4,1,13,-1988.2599620493359,7.308515113720235,527
1,5,3,6,6,1,13,-2027.6783831282953,16.051112566084633,1138
1,5,3,7,0,1,13,-2000.8817504655494,14.614282901298203,1074
1,5,3,7,4,1,13,-2040.9337442218798,8.875803833155992,649
1,5,3,8,0,1,13,-2015.2241478913922,23.02851610057819,1731
1,5,3,9,0,0,13,-1998.0520607375272,13.04952609592248,922
1,5,3,9,0,1,13,-2038.0632258064516,10.26713528758898,775
1,5,3,10,0,0,13,-2016.0856653340948,22.850533014617522,1751
1,5,3,11,0,0,13,-2035.1324422843256,11.39560166430305,823
1,5,3,11,1,0,13,-1995.580204778157,11.563747024083352,879
1,5,3,12,1,0,13,-2047.7679180887371,4.122782134235434,293
1,5,3,12,3,0,13,-2012.3726765799256,15.86904929572014,1076
1,5,3,12,7,0,13,-1980.5070422535211,2.88369174950362,213
1,5,4,2,7,0,13,-1135.7577675489067,23.216113557898307,1738
1,5,4,3,7,0,13,-1138.041327489042,21.847786640307667,1597
1,5,4,3,7,1,13,-1978.0283018867924,1.437093156113625,106
1,5,4,4,7,1,13,-2016.244321669736,22.759947264737168,1629
1,5,4,5,7,1,13,-2016.323202805377,23.37132308519241,1711
1,5,4,6,4,1,13,-1987.8333333333333,7.1195597696279895,528
1,5,4,6,6,1,13,-2028.5034782608695,15.611018574869073,1150
1,5,4,7,0,1,13,-2000.5529411764705,14.122705730194973,1105
1,5,4,7,4,1,13,-2041.0840064620356,8.498753273944827,619
1,5,4,8,0,1,13,-2015.5473948524796,23.319402240075984,1593
1,5,4,9,0,0,13,-1998.1849894291754,13.002058173800044,946
1,5,4,9,0,1,13,-2037.6021798365123,9.933829884529521,734
1,5,4,10,0,0,13,-2015.8638713383114,23.134011819743584,1741
1,5,4,11,0,0,13,-2034.9697322467987,11.694660783767432,859
1,5,4,11,1,0,13,-1995.0,11.705137287010588,879
1,5,4,12,1,0,13,-2048.1774193548385,4.256775220349128,310
1,5,4,12,3,0,13,-2012.4015477214102,15.986760354519793,1163
1,5,4,12,7,0,13,-1980.595667870036,2.9913924660617908,277
1,5,5,2,7,0,13,-1134.8681185722928,22.92663342435486,1653
1,5,5,3,7,0,13,-1138.7654557042702,21.575156376200777,1569
1,5,5,3,7,1,13,-1977.9906542056074,1.4240611080986274,107
1,5,5,4,7,1,13,-2015.6195652173913,23.248789980554616,1656
1,5,5,5,7,1,13,-2014.9648725212464,23.436779188943255,1765
1,5,5,6,4,1,13,-1988.1338289962825,7.2181056314842795,538
1,5,5,6,6,1,13,-2027.7712014134277,15.892965229503698,1132
1,5,5,7,0,1,13,-1999.858925143954,14.367478404265318,1042
1,5,5,7,4,1,13,-2040.6482649842271,8.736103258579941,634
1,5,5,8,0,1,13,-2016.3832835820895,23.41760954878666,1675
1,5,5,9,0,0,13,-1998.6512378902046,13.156219641662918,929
1,5,5,9,0,1,13,-2037.9196675900278,10.285760584587825,722
1,5,5,10,0,0,13,-2014.8770983213428,23.009223012066922,1668
1,5,5,11,0,0,13,-2035.5400739827373,11.366739699139515,811
1,5,5,11,1,0,13,-1994.9462025316457,11.57785316415548,948
1,5,5,12,1,0,13,-2048.0116959064326,4.324536691024181,342
1,5,5,12,3,0,13,-2012.8773913043478,15.9191902834893,1150
1,5,5,12,7,0,13,-1980.705,2.796064198204027,200
1,5,6,2,7,0,13,-1135.7475504322767,22.92425099375536,1735
1,5,6,3,7,0,13,-1138.3680682510665,21.804036753654344,1641
1,5,6,3,7,1,13,-1978.0961538461538,1.437942111175981,104
1,5,6,4,7,1,13,-2015.5278592375366,22.768874760970693,1705
1,5,6,5,7,1,13,-2016.462392108508,22.969652496956165,1622
1,5,6,6,4,1,13,-1988.2014260249555,7.350681011670412,561
1,5,6,6,6,1,13,-2027.743031358885,15.711998407176742,1148
1,5,6,7,0,1,13,-2000.6462646264627,14.504600033799543,1111
1,5,6,7,4,1,13,-2040.51166407465,8.698926706587152,643
1,5,6,8,0,1,13,-2016.2559766763848,23.45830152299615,1715
1,5,6,9,0,0,13,-1997.6168768186226,12.881526345619065,1031
1,5,6,9,0,1,13,-2037.6208718626156,9.891497905354536,757
1,5,6,10,0,0,13,-2015.5884455032758,22.98427118192691,1679
1,5,6,11,0,0,13,-2035.2459584295611,11.535896924199514,866
1,5,6,11,1,0,13,-1995.7078507078506,11.242997655496053,777
1,5,6,12,1,0,13,-2047.9971098265896,4.418496693869337,346
1,5,6,12,3,0,13,-2013.3025064822818,15.837226331746253,1157
1,5,6,12,7,0,13,-1979.8617021276596,2.8193897929926095,188
1,5,7,2,7,0,13,-1135.913669064748,23.55443677556261,1668
1,5,7,3,7,0,13,-1138.0466666666666,21.773425652536375,1650
1,5,7,3,7,1,13,-1976.774193548387,10.605465249900522,93
1,5,7,4,7,1,13,-2015.928529238039,23.622528116947375,1693
1,5,7,5,7,1,13,-2015.51198630137,22.888873743796164,1752
1,5,7,6,4,1,13,-1988.2685370741483,7.310192192006758,499
1,5,7,6,6,1,13,-2028.3637160385626,15.78986844547408,1141
1,5,7,7,0,1,13,-1999.9681467181467,14.577179394970416,1036
1,5,7,7,4,1,13,-2040.8303425774877,8.694971979788765,613
1,5,7,8,0,1,13,-2014.7780996523754,23.244680824979053,1726
1,5,7,9,0,0,13,-1997.384533898305,13.186786135996519,944
1,5,7,9,0,1,13,-2038.1450980392158,9.907341578174584,765
1,5,7,10,0,0,13,-2015.2385147891755,22.82966453303216,1589
1,5,7,11,0,0,13,-2035.107142857143,11.342731947254391,840
1,5,7,11,1,0,13,-1995.4865181711607,11.268392283916272,853
1,5,7,12,1,0,13,-2048.0813953488373,4.382085932785579,344
1,5,7,12,3,0,13,-2013.4712837837837,15.885172407193714,1184
1,5,7,12,7,0,13,-1980.5353535353536,2.86502113203723,198
1,5,8,2,7,0,13,-1135.9255319148936,23.231167123051105,1692
1,5,8,3,7,0,13,-1137.6635279347145,21.522840769984434,1593
1,5,8,3,7,1,13,-1977.9304347826087,1.3939106023247676,115
1,5,8,4,7,1,13,-2014.9625698324023,23.65008524176887,1790
1,5,8,5,7,1,13,-2016.1642484039467,22.730964786579513,1723
1,5,8,6,4,1,13,-1987.4952741020793,7.255561478860855,529
1,5,8,6,6,1,13,-2028.337606837607,15.946160626205206,1170
1,5,8,7,0,1,13,-2000.9886899151743,14.251870068573012,1061
1,5,8,7,4,1,13,-2040.768094534712,8.45359134103857,677
1,5,8,8,0,1,13,-2015.8637147786085,22.974880655119744,1739
1,5,8,9,0,0,13,-1998.5786163522012,13.31502688929636,954
1,5,8,9,0,1,13,-2038.5778078484439,10.025291160530047,739
1,5,8,10,0,0,13,-2016.25,23.21663898987725,1724
1,5,8,11,0,0,13,-2035.6771561771561,11.646881604985204,858
1,5,8,11,1,0,13,-1995.4596577017114,11.643395806118564,818
1,5,8,12,1,0,13,-2047.6146788990825,4.404421444514178,327
1,5,8,12,3,0,13,-2013.2116040955632,15.72664100684939,1172
1,5,8,12,7,0,13,-1980.7316017316018,2.8989916946238696,231
1,5,9,2,7,0,13,-1135.6267857142857,23.306638573012737,1680
1,5,9,3,7,0,13,-1138.0032637075717,21.858956013884164,1532
1,5,9,3,7,1,13,-1977.701030927835,1.4584623201340319,97
1,5,9,4,7,1,13,-2014.9700176366844,22.919939267999528,1701
1,5,9,5,7,1,13,-2015.754288876591,23.065327981103774,1807
1,5,9,6,4,1,13,-1987.6673346693387,6.99509956653745,499
1,5,9,6,6,1,13,-2027.3114610673665,15.877128817110254,1143
1,5,9,7,0,1,13,-2000.6537369914854,14.238981623391394,1057
1,5,9,7,4,1,13,-2040.2314960629922,8.480916055001286,635
1,5,9,8,0,1,13,-2015.3767867352774,22.946786299012878,1749
1,5,9,9,0,0,13,-1998.2597535934292,12.993177894873783,974
1,5,9,9,0,1,13,-2037.6662030598052,10.197758673707206,719
1,5,9,10,0,0,13,-2014.904652498564,23.205821482316512,1741
1,5,9,11,0,0,13,-2035.379932356257,11.710475888794697,887
1,5,9,11,1,0,13,-1995.4353348729792,11.579969902726376,866
1,5,9,12,1,0,13,-2047.816199376947,4.44213602574902,321
1,5,9,12,3,0,13,-2013.105305466238,15.873525578639315,1244
1,5,9,12,7,0,13,-1980.5741626794259,2.741756219942235,209
1,5,10,2,7,0,13,-1135.3529411764705,22.86709362105613,1717
1,5,10,3,7,0,13,-1137.741857659831,21.835489685786527,1658
1,5,10,3,7,1,13,-1978.2553191489362,1.4942170097111471,94
1,5,10,4,7,1,13,-2015.0064139941692,23.18654140445126,1715
1,5,10,5,7,1,13,-2015.5309684684685,23.13978157642078,1776
1,5,10,6,4,1,13,-1987.8823529411766,7.313215200766541,493
1,5,10,6,6,1,13,-2027.391455972101,15.808775449981816,1147
1,5,10,7,0,1,13,-1999.3720238095239,14.741606808647873,1008
1,5,10,7,4,1,13,-2040.6046875,8.5100111943443,640
1,5,10,8,0,1,13,-2015.1591836734694,22.42309230952071,1715
1,5,10,9,0,0,13,-1997.8858638743457,12.705383249635188,955
1,5,10,9,0,1,13,-2037.9929971988795,10.008047531196741,714
1,5,10,10,0,0,13,-2014.4451109778045,22.770887859852486,1667
1,5,10,11,0,0,13,-2035.1529680365297,11.659236166845439,876
1,5,10,11,1,0,13,-1995.598615916955,11.13285184675508,867
1,5,10,12,1,0,13,-2047.9737704918032,4.267986112412562,305
1,5,10,12,3,0,13,-2013.237089201878,15.843946578117265,1278
1,5,10,12,7,0,13,-1980.1628959276018,2.913640681516105,221
1,5,11,2,7,0,13,-1136.0394265232974,22.85625171464787,1674
1,5,11,3,7,0,13,-1138.1394348894348,21.446026021461325,1628
1,5,11,3,7,1,13,-1978.075,1.3611422896619747,120
1,5,11,4,7,1,13,-2015.4303797468353,23.42974195834945,1659
1,5,11,5,7,1,13,-2015.3976331360948,23.43199641378599,1690
1,5,11,6,4,1,13,-1987.7562380038387,7.294470104210679,521
1,5,11,6,6,1,13,-2028.3698384201077,15.977925373962998,1114
1,5,11,7,0,1,13,-2000.7937853107344,14.455589467030089,1062
1,5,11,7,4,1,13,-2040.2386363636363,8.570744604525235,616
1,5,11,8,0,1,13,-2015.7141155449672,22.859239565419745,1679
1,5,11,9,0,0,13,-1997.8954314720813,13.197608975925785,985
1,5,11,9,0,1,13,-2038.0854922279793,10.201236686737113,772
1,5,11,10,0,0,13,-2014.9994004796163,23.211143743593155,1668
1,5,11,11,0,0,13,-2035.6222222222223,11.522110845525443,855
1,5,11,11,1,0,13,-1995.8066361556064,11.597774657826735,874
1,5,11,12,1,0,13,-2048.2169811320755,4.39912380558677,318
1,5,11,12,3,0,13,-2014.0069625761532,15.81204728207725,1149
1,5,11,12,7,0,13,-1980.6093023255814,2.9564131279051815,215
1,5,12,2,7,0,13,-1135.463102847182,23.04140611416232,1721
1,5,12,3,7,0,13,-1138.4554455445545,22.01943887040501,1616
1,5,12,3,7,1,13,-1978.064935064935,1.3707298496548577,77
1,5,12,4,7,1,13,-2014.680376028202,22.753108600257026,1702
1,5,12,5,7,1,13,-2015.7977660199883,23.315115482050608,1701
1,5,12,6,4,1,13,-1988.1497227356747,7.376697142769997,541
1,5,12,6,6,1,13,-2028.1097453906937,16.110932432137837,1139
1,5,12,7,0,1,13,-1999.9673913043478,14.560494313186755,1104
1,5,12,7,4,1,13,-2039.5496183206108,8.616346740468515,655
1,5,12,8,0,1,13,-2015.039085989176,22.947067897272934,1663
1,5,12,9,0,0,13,-1998.212087912088,13.172234661200322,910
1,5,12,9,0,1,13,-2038.090458488228,10.37383017877965,807
1,5,12,10,0,0,13,-2014.933831990794,23.523821761434213,1738
1,5,12,11,0,0,13,-2035.6609124537608,11.221223007161138,811
1,5,12,11,1,0,13,-1994.9486260454003,11.43538237383359,837
1,5,12,12,1,0,13,-2048.123493975904,4.271627023784851,332
1,5,12,12,3,0,13,-2012.932536293766,15.943957957825877,1171
1,5,12,12,7,0,13,-1980.632075471698,2.849447055694667,212
1,5,13,2,7,0,13,-1134.2728842832469,22.49498956365983,1737
1,5,13,3,7,0,13,-1137.726253298153,21.470993428004718,1516
1,5,13,3,7,1,13,-1977.9685039370079,1.495068048794648,127
1,5,13,4,7,1,13,-2015.519680196802,23.146039781892743,1626
1,5,13,5,7,1,13,-2014.5395560614684,22.95468923830361,1757
1,5,13,6,4,1,13,-1988.044859813084,7.229084993298657,535
1,5,13,6,6,1,13,-2028.469146238377,15.796589075022066,1183
1,5,13,7,0,1,13,-2000.5556603773584,14.493255296605962,1060
1,5,13,7,4,1,13,-2040.7085201793723,8.554945198351634,669
1,5,13,8,0,1,13,-2016.147417295415,23.308431290936124,1723
1,5,13,9,0,0,13,-1998.0521564694081,12.720247716532837,997
1,5,13,9,0,1,13,-2037.850605652759,9.995450999500463,743
1,5,13,10,0,0,13,-2016.7290098436595,23.133473600281956,1727
1,5,13,11,0,0,13,-2035.0339393939394,11.515209951994054,825
1,5,13,11,1,0,13,-1995.1235294117646,11.454155650296952,850
1,5,13,12,1,0,13,-2047.9803921568628,4.25643778189488,306
1,5,13,12,3,0,13,-2012.9286941580756,16.124704148043296,1164
1,5,13,12,7,0,13,-1980.3854166666667,2.987368517449697,192
1,5,14,2,7,0,13,-1136.2024677509814,23.150073790654094,1783
1,5,14,3,7,0,13,-1138.1961274203622,21.379624173212957,1601
1,5,14,3,7,1,13,-1977.9770992366412,1.3950055343318293,131
1,5,14,4,7,1,13,-2015.390034364261,22.962759165127178,1746
1,5,14,5,7,1,13,-2015.7682855471035,23.149654836786475,1709
1,5,14,6,4,1,13,-1987.9583333333333,6.840593427099015,528
1,5,14,6,6,1,13,-2028.1126878130217,15.768774409103132,1198
1,5,14,7,0,1,13,-2000.8093385214008,14.16497538217618,1028
1,5,14,7,4,1,13,-2040.2920065252854,8.692192483283309,613
1,5,14,8,0,1,13,-2015.409144196952,22.603239989017464,1706
1,5,14,9,0,0,13,-1997.766738660907,12.94187101746276,926
1,5,14,9,0,1,13,-2038.2339901477833,10.280999133920478,812
1,5,14,10,0,0,13,-2014.9124212936463,22.903365853198927,1747
1,5,14,11,0,0,13,-2035.4150513112884,11.398499637366413,877
1,5,14,11,1,0,13,-1994.9757869249395,11.711809593087978,826
1,5,14,12,1,0,13,-2048.0529411764705,4.278897280624451,340
1,5,14,12,3,0,13,-2013.4123182207015,15.762655312337499,1169
1,5,14,12,7,0,13,-1980.8125,2.747394599159093,192
1,5,15,2,7,0,13,-1134.7755463673952,23.198961059122592,1693
1,5,15,3,7,0,13,-1138.7474747474748,21.400860661598944,1584
1,5,15,3,7,1,13,-1978.0192307692307,1.427617496515287,104
1,5,15,4,7,1,13,-2015.118574766355,22.81698991563571,1712
1,5,15,5,7,1,13,-2015.804298642534,23.217424599877944,1768
1,5,15,6,4,1,13,-1988.014787430684,6.864126481071013,541
1,5,15,6,6,1,13,-2028.0462962962963,15.868632997800752,1188
1,5,15,7,0,1,13,-2000.772072072072,14.271351452597118,1110
1,5,15,7,4,1,13,-2039.5725190839694,8.540009595057848,655
1,5,15,8,0,1,13,-2015.5825358851675,22.895756721831667,1672
1,5,15,9,0,0,13,-1997.8274760383385,12.867972605510545,939
1,5,15,9,0,1,13,-2037.9243697478992,10.048754815491314,714
1,5,15,10,0,0,13,-2015.8414201183432,23.385671795361436,1690
1,5,15,11,0,0,13,-2036.1086419753087,11.362839559134393,810
1,5,15,11,1,0,13,-1995.2433035714287,11.660992659309645,896
1,5,15,12,1,0,13,-2048.062706270627,4.51758886763569,303
1,5,15,12,3,0,13,-2012.8522336769759,15.806785054974624,1164
1,5,15,12,7,0,13,-1980.540909090909,2.8672379948401403,220
1,5,16,2,7,0,13,-1134.5968122786305,23.07929484457999,1694
1,5,16,3,7,0,13,-1137.4230031948882,22.164704000748802,1565
1,5,16,3,7,1,13,-1978.1979166666667,1.3664109897844847,96
1,5,16,4,7,1,13,-2016.030048076923,23.274677990780766,1664
1,5,16,5,7,1,13,-2015.8820453224869,23.434270895669275,1721
1,5,16,6,4,1,13,-1988.338078291815,7.140402453395731,562
1,5,16,6,6,1,13,-2027.6793570219966,15.927061868280632,1182
1,5,16,7,0,1,13,-2001.1772511848342,14.372098232670371,1055
1,5,16,7,4,1,13,-2039.78125,8.475002085094175,672
1,5,16,8,0,1,13,-2016.0047505938242,23.371572074481563,1684
1,5,16,9,0,0,13,-1998.1952965235173,12.992986088235927,978
1,5,16,9,0,1,13,-2038.6021080368907,10.383923714511912,759
1,5,16,10,0,0,13,-2016.2773255813954,22.856945355553645,1720
1,5,16,11,0,0,13,-2035.3823529411766,11.604498888920055,850
1,5,16,11,1,0,13,-1995.967213114754,11.43073438089521,854
1,5,16,12,1,0,13,-2048.063492063492,4.292011834013915,315
1,5,16,12,3,0,13,-2012.3876843018213,15.49354858653125,1153
1,5,16,12,7,0,13,-1980.7282051282052,2.9962325675560035,195
1,5,17,2,7,0,13,-1136.0450236966824,22.886084295561993,1688
1,5,17,3,7,0,13,-1137.456936226167,21.882169501500243,1521
1,5,17,3,7,1,13,-1978.1,1.380821011838596,120
1,5,17,4,7,1,13,-2014.6303501945524,22.555313799393723,1799
1,5,17,5,7,1,13,-2015.6100116414436,22.739102185844928,1718
1,5,17,6,4,1,13,-1988.1307847082494,7.040340642777108,497
1,5,17,6,6,1,13,-2028.032562125107,15.813739176271442,1167
1,5,17,7,0,1,13,-2000.7311627906977,14.415215025417618,1075
1,5,17,7,4,1,13,-2040.959349593496,8.646817520631993,615
1,5,17,8,0,1,13,-2015.6326175275683,23.023726021048514,1723
1,5,17,9,0,0,13,-1997.8842975206612,13.176136758477115,968
1,5,17,9,0,1,13,-2037.4407894736842,9.797780060500097,760
1,5,17,10,0,0,13,-2016.111111111111,22.93101362244268,1683
1,5,17,11,0,0,13,-2035.672268907563,11.718155202870676,833
1,5,17,11,1,0,13,-1994.420338983051,11.693623444567905,885
1,5,17,12,1,0,13,-2047.776357827476,4.030373914629416,313
1,5,17,12,3,0,13,-2012.696413678065,15.842729316921696,1199
1,5,17,12,7,0,13,-1980.75,2.9124118625764286,224
1,5,18,2,7,0,13,-1134.8143578238924,23.345578033260054,1783
1,5,18,3,7,0,13,-1137.93,21.717276532745252,1600
1,5,18,3,7,1,13,-1977.7064220183486,1.5041395621025286,109
1,5,18,4,7,1,13,-2015.2664277180406,22.563982745655053,1674
1,5,18,5,7,1,13,-2016.384117647059,23.300241997930723,1700
1,5,18,6,4,1,13,-1988.421965317919,7.208241589415204,519
1,5,18,6,6,1,13,-2027.9115929941618,15.764018447481858,1199
1,5,18,7,0,1,13,-1999.8531073446327,14.127715969608328,1062
1,5,18,7,4,1,13,-2041.0752351097178,8.5654760773072,638
1,5,18,8,0,1,13,-2016.0222757375075,23.06001091565924,1661
1,5,18,9,0,0,13,-1998.3694915254237,13.00682898737907,885
1,5,18,9,0,1,13,-2038.448798988622,10.037330848779225,791
1,5,18,10,0,0,13,-2014.7803738317757,23.37175961548218,1712
1,5,18,11,0,0,13,-2035.3247191011235,11.521214247220739,890
1,5,18,11,1,0,13,-1995.233676975945,11.44028421741759,873
1,5,18,12,1,0,13,-2047.8945578231292,4.516685352527671,294
1,5,18,12,3,0,13,-2013.34588441331,15.913909578999021,1142
1,5,18,12,7,0,13,-1980.2843137254902,2.7613489563206524,204
1,5,19,2,7,0,13,-1135.4113516676418,23.39602097392339,1709
1,5,19,3,7,0,13,-1138.0374003678726,21.47481833564342,1631
1,5,19,3,7,1,13,-1977.8974358974358,1.5156427391909189,117
1,5,19,4,7,1,13,-2016.601841196778,22.756383215413276,1738
1,5,19,5,7,1,13,-2016.4433293978748,23.055884824545224,1694
1,5,19,6,4,1,13,-1987.9922178988327,7.296922339303957,514
1,5,19,6,6,1,13,-2028.3037974683543,15.975510305508605,1106
1,5,19,7,0,1,13,-2000.9535984848485,14.116289427547956,1056
1,5,19,7,4,1,13,-2040.370731707317,8.45509161758624,615
1,5,19,8,0,1,13,-2015.8193624557262,23.291549877521156,1694
1,5,19,9,0,0,13,-1998.8809523809523,13.308931197164638,966
1,5,19,9,0,1,13,-2038.0749014454666,10.188030557729844,761
1,5,19,10,0,0,13,-2015.748717948718,22.993696455858412,1755
1,5,19,11,0,0,13,-2035.621015348288,11.709860521967945,847
1,5,19,11,1,0,13,-1995.7967479674796,11.29138051688333,861
1,5,19,12,1,0,13,-2047.877966101695,4.280664758931959,295
1,5,19,12,3,0,13,-2012.8313953488373,15.390454533357254,1204
1,5,19,12,7,0,13,-1980.1666666666667,2.820231143604859,216
1,5,20,2,7,0,13,-1135.7086374695864,22.993432857908164,1644
1,5,20,3,7,0,13,-1137.875313283208,21.596699067590503,1596
1,5,20,3,7,1,13,-1978.0618556701031,1.441751748025784,97
1,5,20,4,7,1,13,-2015.7247596153845,22.96092965904719,1664
1,5,20,5,7,1,13,-2015.4662162162163,23.050546359786743,1776
1,5,20,6,4,1,13,-1987.463878326996,7.066874162897232,526
1,5,20,6,6,1,13,-2027.9956933677863,15.707955336949993,1161
1,5,20,7,0,1,13,-2000.365367180417,14.314678637775293,1103
1,5,20,7,4,1,13,-2040.4190193164934,8.758934012832073,673
1,5,20,8,0,1,13,-2014.5313901345291,22.919069964168113,1784
1,5,20,9,0,0,13,-1997.8710317460318,13.012480049195734,1008
1,5,20,9,0,1,13,-2037.6857923497269,10.068734559465055,732
1,5,20,10,0,0,13,-2014.496511627907,23.398295245361076,1720
1,5,20,11,0,0,13,-2036.0057937427578,11.617751781966332,863
1,5,20,11,1,0,13,-1996.276073619632,11.244460582260135,815
1,5,20,12,1,0,13,-2048.018927444795,4.194741501368382,317
1,5,20,12,3,0,13,-2013.1578029642546,15.91521886468679,1147
1,5,20,12,7,0,13,-1980.2971698113208,2.9494789288241616,212
1,5,21,2,7,0,13,-1135.6975782634377,22.987928726655163,1693
1,5,21,3,7,0,13,-1138.692454026633,21.697958902787796,1577
1,5,21,3,7,1,13,-1977.9708737864078,1.4907892656173274,103
1,5,21,4,7,1,13,-2016.1159243441123,23.15565250774099,1639
1,5,21,5,7,1,13,-2015.8198795180722,22.98185696116884,1660
1,5,21,6,4,1,13,-1988.291338582677,7.2718421847424635,508
1,5,21,6,6,1,13,-2027.9042179261862,16.37039850034577,1138
1,5,21,7,0,1,13,-2000.3721804511279,14.284587905733092,1064
1,5,21,7,4,1,13,-2041.0906148867314,8.661087845305891,618
1,5,21,8,0,1,13,-2015.9144777031154,23.483991959672423,1637
1,5,21,9,0,0,13,-1997.3504531722053,13.13720462327973,993
1,5,21,9,0,1,13,-2038.6497948016415,10.306277387261401,731
1,5,21,10,0,0,13,-2015.105988023952,22.71922133428362,1670
1,5,21,11,0,0,13,-2034.9088838268792,11.85191038811015,878
1,5,21,11,1,0,13,-1995.1127562642369,11.546964472576807,878
1,5,21,12,1,0,13,-2047.7904191616767,4.280344067129413,334
1,5,21,12,3,0,13,-2013.7345207803223,15.560871335258067,1179
1,5,21,12,7,0,13,-1980.3761467889908,2.9809455762794594,218
1,5,22,2,7,0,13,-1135.8414424728105,22.939220351126828,1747
1,5,22,3,7,0,13,-1137.385954008701,21.745681333468422,1609
1,5,22,4,7,1,13,-2014.8472222222222,23.395770464275614,1728
1,5,22,5,7,1,13,-2015.454273759713,23.190043001398365,1673
1,5,22,6,4,1,13,-1987.9907578558225,7.074328611532962,541
1,5,22,6,6,1,13,-2027.335910652921,15.963490856379487,1164
1,5,22,7,0,1,13,-2000.3104799216455,14.50247632826449,1021
1,5,22,7,4,1,13,-2040.635,8.47359280353134,600
1,5,22,8,0,1,13,-2014.48115942029,22.83382486741709,1725
1,5,22,9,0,0,13,-1998.4409756097562,13.268288952636526,1025
1,5,22,9,0,1,13,-2037.8904494382023,10.088335617346988,712
1,5,22,10,0,0,13,-2015.8928785158587,23.030874929815663,1671
1,5,22,11,0,0,13,-2035.293844367015,11.482889223491284,861
1,5,22,11,1,0,13,-1995.6417370325694,11.852358532077838,829
1,5,22,12,1,0,13,-2047.6464646464647,4.337557687621847,297
1,5,22,12,3,0,13,-2013.2281275551923,15.882627349478923,1223
1,5,22,12,7,0,13,-1980.553488372093,2.811219121245057,215
1,5,23,2,7,0,13,-1135.4794841735052,23.174699462174157,1706
1,5,23,3,7,0,13,-1137.9477203647416,21.699207946427435,1645
1,5,23,3,7,1,13,-1978.1190476190477,1.4398365362546022,126
1,5,23,4,7,1,13,-2015.2615912993704,23.012744444228687,1747
1,5,23,5,7,1,13,-2015.0847058823529,23.42462005911031,1700
1,5,23,6,4,1,13,-1988.172794117647,7.315344136805603,544
1,5,23,6,6,1,13,-2028.6110108303249,15.671012631129399,1108
1,5,23,7,0,1,13,-2000.8316651501366,14.396183463640385,1099
1,5,23,7,4,1,13,-2040.0323574730355,8.636140824462668,649
1,5,23,8,0,1,13,-2016.2013460459898,23.148896430033023,1783
1,5,23,9,0,0,13,-1997.7340862422998,12.810341703301082,974
1,5,23,9,0,1,13,-2037.6186666666667,9.889721173450924,750
1,5,23,10,0,0,13,-2015.3417498532003,22.833347855096058,1703
1,5,23,11,0,0,13,-2035.487573964497,11.431562221537023,845
1,5,23,11,1,0,13,-1995.6289537712896,11.468237682717213,822
1,5,23,12,1,0,13,-2047.7337278106509,4.28083506168129,338
1,5,23,12,3,0,13,-2013.3698275862068,15.758805528798094,1160
1,5,23,12,7,0,13,-1980.2565445026178,2.894686700852626,191
1,5,24,2,7,0,13,-1135.4040697674418,22.85716735985008,1720
1,5,24,3,7,0,13,-1138.6332678454487,21.43473104151255,1527
1,5,24,3,7,1,13,-1977.801886792453,1.4884448721820442,106
1,5,24,4,7,1,13,-2015.8321001707457,22.988966564287672,1757
1,5,24,5,7,1,13,-2015.2942569567792,22.981480874154144,1689
1,5,24,6,4,1,13,-1988.3142329020334,7.08550633418699,541
1,5,24,6,6,1,13,-2028.0977382875606,15.928788765138378,1238
1,5,24,7,0,1,13,-2000.14598540146,14.838812860020399,1096
1,5,24,7,4,1,13,-2040.0182648401826,8.472156996514046,657
1,5,24,8,0,1,13,-2015.9440389294405,23.200685497004066,1644
1,5,24,9,0,0,13,-1998.390041493776,13.035036746622733,964
1,5,24,9,0,1,13,-2038.1935914552737,9.990979191533977,749
1,5,24,10,0,0,13,-2015.1927710843374,23.412620338528082,1660
1,5,24,11,0,0,13,-2036.0102974828376,11.500617201742552,874
1,5,24,11,1,0,13,-1995.3766233766235,11.728473568959235,847
1,5,24,12,1,0,13,-2047.6920634920634,4.342163223153352,315
1,5,24,12,3,0,13,-2012.5826086956522,15.862004154680065,1150
1,5,24,12,7,0,13,-1980.4026548672566,2.949695054806494,226
1,5,25,2,7,0,13,-1136.1747343565526,22.676258051952864,1694
1,5,25,3,7,0,13,-1138.3233180927498,21.55195077778575,1531
1,5,25,3,7,1,13,-1977.9139784946237,1.3005864184330425,93
1,5,25,4,7,1,13,-2015.6732329084589,22.48209926982335,1726
1,5,25,5,7,1,13,-2016.060961313013,23.03228861594398,1706
1,5,25,6,4,1,13,-1987.652650822669,6.952174525514062,547
1,5,25,6,6,1,13,-2028.2886877828055,15.591589233912183,1105
1,5,25,7,0,1,13,-2000.0865921787708,14.23868582587995,1074
1,5,25,7,4,1,13,-2041.267254038179,8.675192894419862,681
1,5,25,8,0,1,13,-2016.143023255814,23.33812152770231,1720
1,5,25,9,0,0,13,-1998.059855521156,13.139111545208717,969
1,5,25,9,0,1,13,-2038.316844919786,10.146909368121321,748
1,5,25,10,0,0,13,-2015.0664670658682,22.910835003828858,1670
1,5,25,11,0,0,13,-2036.0210772833723,11.75290190929574,854
1,5,25,11,1,0,13,-1996.3656542056074,11.469715825356387,856
1,5,25,12,1,0,13,-2047.7621951219512,4.3824244388394655,328
1,5,25,12,3,0,13,-2013.340206185567,15.92991734517958,1164
1,5,25,12,7,0,13,-1980.7539267015707,2.8167733898553937,191
1,5,26,2,7,0,13,-1135.7853745541022,22.66912287922045,1682
1,5,26,3,7,0,13,-1137.4109931292942,21.601865167479556,1601
1,5,26,3,7,1,13,-1977.906976744186,1.3144507530341207,129
1,5,26,4,7,1,13,-2015.5101190476191,22.906458695859698,1680
1,5,26,5,7,1,13,-2015.3520964962665,23.075695990826674,1741
1,5,26,6,4,1,13,-1988.1130434782608,7.173096132685789,575
1,5,26,6,6,1,13,-2027.6469072164948,15.717924816526054,1164
1,5,26,7,0,1,13,-2001.371909000989,14.19422160666185,1011
1,5,26,7,4,1,13,-2041.2879019908116,8.465575225488985,653
1,5,26,8,0,1,13,-2015.7333725721012,23.179853364216754,1699
1,5,26,9,0,0,13,-1997.9772051536174,13.023972549482506,1009
1,5,26,9,0,1,13,-2038.4979591836734,10.377483929456464,735
1,5,26,10,0,0,13,-2015.292441860465,22.98039991132446,1720
1,5,26,11,0,0,13,-2035.5368898978434,11.373698230543516,881
1,5,26,11,1,0,13,-1995.7197674418605,11.52749311948394,860
1,5,26,12,1,0,13,-2048.2354740061164,4.132687813765487,327
1,5,26,12,3,0,13,-2012.6012058570197,16.07428808886798,1161
1,5,26,12,7,0,13,-1980.7540106951872,2.9872138325061557,187
1,5,27,2,7,0,13,-1136.4971297359357,22.90427699154872,1742
1,5,27,3,7,0,13,-1139.1871419478039,21.409067548789974,1571
1,5,27,3,7,1,13,-1978.1028037383178,1.4004977715973148,107
1,5,27,4,7,1,13,-2015.3020895522388,23.39915986100333,1675
1,5,27,5,7,1,13,-2015.6394029850746,23.310854551946047,1675
1,5,27,6,4,1,13,-1987.8533834586467,7.162003425245417,532
1,5,27,6,6,1,13,-2027.652754590985,15.78226075426303,1198
1,5,27,7,0,1,13,-2000.9931906614786,14.337542632199716,1028
1,5,27,7,4,1,13,-2040.9632587859426,8.539716921461867,626
1,5,27,8,0,1,13,-2015.7006190208217,23.412413309427617,1777
1,5,27,9,0,0,13,-1998.3386613386613,12.876660491798962,1001
1,5,27,9,0,1,13,-2038.2262958280658,10.045943325705785,791
1,5,27,10,0,0,13,-2015.41715285881,22.60118871762404,1714
1,5,27,11,0,0,13,-2035.075682382134,11.521173913977444,806
1,5,27,11,1,0,13,-1996.0128504672898,11.66024371370742,856
1,5,27,12,1,0,13,-2047.7620689655173,4.552597878521863,290
1,5,27,12,3,0,13,-2013.6554756195044,15.904604454039907,1251
1,5,27,12,7,0,13,-1980.5774647887324,2.9534509384490355,213
1,5,28,2,7,0,13,-1135.0446859903382,22.9804670948287,1656
1,5,28,3,7,0,13,-1138.2366412213742,21.639540214098815,1572
1,5,28,3,7,1,13,-1977.8163265306123,1.5409176882081104,98
1,5,28,4,7,1,13,-2014.6658739595719,23.244681812406867,1682
1,5,28,5,7,1,13,-2015.3341176470587,23.608700056111903,1700
1,5,28,6,4,1,13,-1987.6394686907022,7.393968906338997,527
1,5,28,6,6,1,13,-2027.3301141352063,15.934674508734911,1139
1,5,28,7,0,1,13,-2001.0993377483444,14.58588143104479,1057
1,5,28,7,4,1,13,-2040.0727272727272,8.704797448688888,660
1,5,28,8,0,1,13,-2015.943373493976,23.367425028762455,1660
1,5,28,9,0,0,13,-1997.5974710221285,12.901598643429235,949
1,5,28,9,0,1,13,-2037.498724489796,9.86231739985996,784
1,5,28,10,0,0,13,-2015.208508088676,23.007220571662113,1669
1,5,28,11,0,0,13,-2035.9213615023475,11.406989210161179,852
1,5,28,11,1,0,13,-1995.5779294653014,11.652262121602647,879
1,5,28,12,1,0,13,-2047.798076923077,4.364879813825366,312
1,5,28,12,3,0,13,-2013.179117911791,15.914922194512048,1111
1,5,28,12,7,0,13,-1980.25,2.65492205365951,216
1,5,29,2,7,0,13,-1134.7154017857142,23.433450303834523,1792
1,5,29,3,7,0,13,-1138.3301465901848,21.661292426583135,1569
1,5,29,4,7,1,13,-2016.3157894736842,22.668697969925915,1710
1,5,29,5,7,1,13,-2015.6263473053891,22.82609128923521,1670
1,5,29,6,4,1,13,-1988.2597402597403,7.423279379184592,539
1,5,29,6,6,1,13,-2027.502254283138,16.04106667231637,1109
1,5,29,7,0,1,13,-2000.4807692307693,14.54653062602315,1040
1,5,29,7,4,1,13,-2040.468998410175,8.551224632583132,629
1,5,29,8,0,1,13,-2015.5766033254156,23.22779273216793,1684
1,5,29,9,0,0,13,-1997.7987742594485,12.995613250930752,979
1,5,29,9,0,1,13,-2037.4131326949384,10.498989198043581,731
1,5,29,10,0,0,13,-2015.092202618099,23.073205899764126,1757
1,5,29,11,0,0,13,-2035.0266021765417,11.712260380951413,827
1,5,29,11,1,0,13,-1995.0404761904763,11.63966043367495,840
1,5,29,12,1,0,13,-2047.531914893617,4.203745215905879,329
1,5,29,12,3,0,13,-2012.8435146443514,15.957310656239828,1195
1,5,29,12,7,0,13,-1980.2489082969432,2.9602993380296656,229
1,5,30,2,7,0,13,-1135.1800810654313,23.033182613901968,1727
1,5,30,3,7,0,13,-1138.0249543517955,21.46301404566539,1643
1,5,30,3,7,1,13,-1977.90625,1.4511355108977775,96
1,5,30,4,7,1,13,-2014.9143029571514,23.297553506938897,1657
1,5,30,5,7,1,13,-2015.0522875816994,23.297596757423783,1683
1,5,30,6,4,1,13,-1987.782258064516,7.438793784316556,496
1,5,30,6,6,1,13,-2028.4714167357083,15.591639568118774,1207
1,5,30,7,0,1,13,-1999.6969981238274,14.320675117792355,1066
1,5,30,7,4,1,13,-2040.8584905660377,8.644922906588253,636
1,5,30,8,0,1,13,-2014.7582857142856,23.27908632052761,1750
1,5,30,9,0,0,13,-1998.0153172866521,12.953535274309704,914
1,5,30,9,0,1,13,-2038.2216427640155,10.045289926834364,767
1,5,30,10,0,0,13,-2015.3724137931035,23.090012219317313,1740
1,5,30,11,0,0,13,-2035.4166666666667,11.54836253227317,888
1,5,30,11,1,0,13,-1995.6472642607682,11.711815127774955,859
1,5,30,12,1,0,13,-2048.0451612903225,4.524259961503255,310
1,5,30,12,3,0,13,-2012.3478260869565,15.898016905932689,1219
1,5,30,12,7,0,13,-1980.4587155963302,2.6700242589045966,218
1,5,31,2,7,0,13,-1136.2641186537364,23.052418170185792,1753
1,5,31,3,7,0,13,-1138.8338461538463,21.57244878879932,1625
1,5,31,3,7,1,13,-1978.2252252252251,1.333455071155268,111
1,5,31,4,7,1,13,-2014.958833619211,22.71197128842269,1749
1,5,31,5,7,1,13,-2015.6416321703134,23.299997958077963,1691
1,5,31,6,4,1,13,-1987.9116607773851,7.134693893867763,566
1,5,31,6,6,1,13,-2028.112359550562,15.525354768007036,1157
1,5,31,7,0,1,13,-2000.9254143646408,14.43334073056582,1086
1,5,31,7,4,1,13,-2040.5485436893205,8.611635435224866,618
1,5,31,8,0,1,13,-2015.7329512893982,22.89849978571161,1745
1,5,31,9,0,0,13,-1998.2811816192561,12.890497251495335,914
1,5,31,9,0,1,13,-2037.9628647214854,9.97669434177922,754
1,5,31,10,0,0,13,-2016.1777509068925,23.642333647207664,1654
1,5,31,11,0,0,13,-2035.5085995085994,11.655341163861182,814
1,5,31,11,1,0,13,-1995.561282932417,11.228592785741673,873
1,5,31,12,1,0,13,-2048.0736196319017,4.41491932718199,326
1,5,31,12,3,0,13,-2013.1465798045604,16.021555503288905,1228
1,5,31,12,7,0,13,-1980.816593886463,2.788229269562329,229
1,5,32,2,7,0,13,-1136.027421236873,22.68921105394617,1714
1,5,32,3,7,0,13,-1137.76609963548,21.416499078562683,1646
1,5,32,3,7,1,13,-1977.9420289855072,1.4181438978582264,138
1,5,32,4,7,1,13,-2015.9434708875071,23.456927404026917,1769
1,5,32,5,7,1,13,-2015.045428072219,23.049545994142367,1717
1,5,32,6,4,1,13,-1987.810506566604,7.252076258738986,533
1,5,32,6,6,1,13,-2027.7190517998245,16.153132884918836,1139
1,5,32,7,0,1,13,-1999.6296296296296,14.201874353247042,1026
1,5,32,7,4,1,13,-2040.203366058906,8.733510764186756,713
1,5,32,8,0,1,13,-2015.2885398487492,23.20226067994705,1719
1,5,32,9,0,0,13,-1998.1617647058824,13.021277361014302,952
1,5,32,9,0,1,13,-2038.0580474934036,9.704842377981686,758
1,5,32,10,0,0,13,-2015.3349056603774,22.967750329082612,1696
1,5,32,11,0,0,13,-2035.8486682808716,11.395067299477374,826
1,5,32,11,1,0,13,-1996.2234299516908,11.544895847051144,828
1,5,32,12,1,0,13,-2048.087323943662,4.133781462161554,355
1,5,32,12,3,0,13,-2012.7812765957447,16.058212933757968,1175
1,5,32,12,7,0,13,-1980.51269035533,2.777007001904739,197
1,5,33,2,7,0,13,-1136.5900116144019,22.839776063162763,1722
1,5,33,3,7,0,13,-1138.3214285714287,21.887956603220104,1624
1,5,33,3,7,1,13,-1977.8735632183907,1.4368275855925914,87
1,5,33,4,7,1,13,-2015.7467986030267,23.233627146443833,1718
1,5,33,5,7,1,13,-2015.3484761357101,23.571466745703827,1739
1,5,33,6,4,1,13,-1987.804347826087,7.075789192040358,552
1,5,33,6,6,1,13,-2027.6559322033897,15.812736458339131,1180
1,5,33,7,0,1,13,-2000.304389312977,14.568471519472906,1048
1,5,33,7,4,1,13,-2040.9535928143712,8.949589474522172,668
1,5,33,8,0,1,13,-2015.3849206349207,22.81647720448948,1764
1,5,33,9,0,0,13,-1998.807241746539,12.995621067846132,939
1,5,33,9,0,1,13,-2038.3811475409836,10.011377396333563,732
1,5,33,10,0,0,13,-2015.4416331224843,22.735304965399177,1739
1,5,33,11,0,0,13,-2035.6396292004636,11.395193467478164,863
1,5,33,11,1,0,13,-1996.2945285215367,11.52365003919181,859
1,5,33,12,1,0,13,-2048.0059523809523,4.164042541006969,336
1,5,33,12,3,0,13,-2013.159432387312,15.935191900745659,1198
1,5,33,12,7,0,13,-1980.1674641148325,2.6818000418051486,209
1,5,34,2,7,0,13,-1135.1845130066545,23.336419165925427,1653
1,5,34,3,7,0,13,-1137.8057464084948,21.916863345293027,1601
1,5,34,3,7,1,13,-1977.826923076923,1.3828781837687971,104
1,5,34,4,7,1,13,-2014.1768470040722,22.910812211229466,1719
1,5,34,5,7,1,13,-2016.3267211201867,23.552902743378482,1714
1,5,34,6,4,1,13,-1987.983725135624,7.249225627542815,553
1,5,34,6,6,1,13,-2028.0790378006873,15.645743372315772,1164
1,5,34,7,0,1,13,-2000.9392478302796,14.491216127501515,1037
1,5,34,7,4,1,13,-2040.5139751552795,8.58324909014849,644
1,5,34,8,0,1,13,-2015.1084266352386,22.87129382052898,1697
1,5,34,9,0,0,13,-1998.371237458194,13.20228426599443,897
1,5,34,9,0,1,13,-2037.7719298245613,9.888204790647107,741
1,5,34,10,0,0,13,-2014.6798143851508,23.219112376395415,1724
1,5,34,11,0,0,13,-2035.5724137931034,11.784996205068353,870
1,5,34,11,1,0,13,-1995.3329355608591,11.363389638634292,838
1,5,34,12,1,0,13,-2047.957095709571,4.171426552853928,303
1,5,34,12,3,0,13,-2013.5339207048457,15.591097766430673,1135
1,5,34,12,7,0,13,-1980.27868852459,2.9797008003607894,183
1,5,35,4,7,1,13,-2016.0090252707582,23.024902343547758,1662
1,5,35,5,7,1,13,-2015.264519838988,22.939281817454685,1739
1,5,35,6,6,1,13,-2037.0064516129032,10.32035056554956,775
1,6,1,2,3,0,14,-1105.1116121758737,11.683343176211721,887
1,6,1,2,7,0,14,-1065.2635838150288,11.258697492932049,865
1,6,1,3,7,0,14,-1085.6504576659038,23.345767182262716,1748
1,6,1,4,7,0,14,-1103.3493723849372,12.876193108941994,956
1,6,1,6,6,1,14,-1939.9229607250754,8.895590322508435,662
1,6,1,6,7,1,14,-1967.5809352517986,7.1902909549788,556
1,6,1,7,4,1,14,-1953.504258943782,16.04342166731469,1174
1,6,1,7,6,1,14,-1992.6908752327747,7.309426745328,537
1,6,1,8,0,1,14,-1965.7373974208676,22.828613116300428,1706
1,6,1,9,0,1,14,-1964.4442488262912,23.048971946028555,1704
1,6,1,10,0,0,14,-1962.6989860583017,21.22138748239425,1578
1,6,1,10,0,1,14,-2002.8666666666666,1.462114146816183,90
1,6,1,11,0,0,14,-1965.9772727272727,23.936086055530065,1628
1,6,1,12,0,0,14,-2000.3084112149534,2.8462509032729093,214
1,6,1,12,1,0,14,-1968.0821917808219,16.276558695385358,1241
1,6,1,12,3,0,14,-1932.7176470588236,4.289142968555543,340
1,6,2,2,3,0,14,-1105.3875968992247,11.522539954579754,903
1,6,2,2,7,0,14,-1065.5942028985507,11.45573565673421,828
1,6,2,3,7,0,14,-1085.7712952158693,23.384842198458472,1714
1,6,2,4,7,0,14,-1103.1416026344675,13.255023414935065,911
1,6,2,4,7,1,14,-1942.7079772079771,10.042157244301938,702
1,6,2,5,7,1,14,-1966.7480181200453,22.686135428773103,1766
1,6,2,6,6,1,14,-1939.8802395209582,8.976884750436808,668
1,6,2,6,7,1,14,-1980.1733457595526,14.118713751452733,1073
1,6,2,7,4,1,14,-1953.2542222222223,15.815865239799813,1125
1,6,2,7,6,1,14,-1992.5486891385767,7.164497635694368,534
1,6,2,8,0,1,14,-1965.2191950464396,22.923731466924274,1615
1,6,2,9,0,1,14,-1964.7622950819673,23.189847418727744,1708
1,6,2,10,0,0,14,-1963.5083384805434,21.324410285297407,1619
1,6,2,10,0,1,14,-2002.9166666666667,1.415966213284999,84
1,6,2,11,0,0,14,-1965.589296102385,22.948053778511657,1719
1,6,2,12,0,0,14,-2000.8226600985222,2.8350513357933074,203
1,6,2,12,1,0,14,-1967.480883602379,16.06036350846529,1177
1,6,2,12,3,0,14,-1933.1931464174454,4.453996393103346,321
1,6,3,2,3,0,14,-1105.6752767527676,11.553941786365954,813
1,6,3,2,7,0,14,-1065.4926553672317,11.398840374155824,885
1,6,3,3,7,0,14,-1085.6706552706553,23.037806642519737,1755
1,6,3,4,7,0,14,-1103.5482502651114,13.094142952216481,943
1,6,3,4,7,1,14,-1942.2161803713527,10.170154663925013,754
1,6,3,5,7,1,14,-1965.3830155979203,23.26223873175623,1731
1,6,3,6,6,1,14,-1940.453125,8.815876458650537,640
1,6,3,6,7,1,14,-1980.4386920980926,14.408189457681598,1101
1,6,3,7,4,1,14,-1953.0636833046472,15.832309919262382,1162
1,6,3,7,6,1,14,-1993.012,7.155966461659884,500
1,6,3,8,0,1,14,-1965.7791027825099,22.8114891674496,1761
1,6,3,9,0,1,14,-1965.001799640072,23.30411080569776,1667
1,6,3,10,0,0,14,-1963.9545454545455,21.403343867006885,1540
1,6,3,10,0,1,14,-2002.8846153846155,1.3299389731722566,78
1,6,3,11,0,0,14,-1965.955206515416,23.14138891006926,1719
1,6,3,12,0,0,14,-2000.2272727272727,2.9299677034531055,220
1,6,3,12,1,0,14,-1968.8235831809873,15.804476940578695,1094
1,6,3,12,3,0,14,-1932.478527607362,4.390924023827954,326
1,6,4,2,3,0,14,-1105.1563876651983,11.524145928181659,908
1,6,4,2,7,0,14,-1066.6317073170733,11.655668337845691,820
1,6,4,3,7,0,14,-1085.3855494839102,22.850696416121973,1647
1,6,4,4,7,0,14,-1103.1889596602973,13.099098248587495,942
1,6,4,4,7,1,14,-1943.4692810457516,10.11118116001646,765
1,6,4,5,7,1,14,-1965.6913507109005,22.569248278211877,1688
1,6,4,6,6,1,14,-1940.2981651376147,8.300810339399865,654
1,6,4,6,7,1,14,-1980.9700193423598,14.535292559368756,1034
1,6,4,7,4,1,14,-1953.2364106988784,15.888992164932136,1159
1,6,4,7,6,1,14,-1993.3474903474903,7.263843358920496,518
1,6,4,8,0,1,14,-1965.2161676646706,22.845680725872313,1670
1,6,4,9,0,1,14,-1965.3568439928272,23.386458858536017,1673
1,6,4,10,0,0,14,-1962.0204342273307,21.791789408750414,1566
1,6,4,10,0,1,14,-2003.0731707317073,1.415194730574546,123
1,6,4,11,0,0,14,-1965.7981981981982,22.715873914172995,1665
1,6,4,12,0,0,14,-2000.3021978021977,2.933680058637012,182
1,6,4,12,1,0,14,-1968.711475409836,15.673158619164917,1220
1,6,4,12,3,0,14,-1932.6970684039088,4.435872190418118,307
1,6,5,2,3,0,14,-1105.3942992874108,11.399102594007617,842
1,6,5,2,7,0,14,-1065.5905420991926,11.768707282532604,867
1,6,5,3,7,0,14,-1085.7976878612717,23.20747326753559,1730
1,6,5,4,7,0,14,-1102.404458598726,13.25933158058652,942
1,6,5,4,7,1,14,-1943.2010243277848,10.166062845464893,781
1,6,5,5,7,1,14,-1965.9896656534954,22.999654078491968,1645
1,6,5,6,6,1,14,-1941.0690737833595,8.733177212702172,637
1,6,5,6,7,1,14,-1981.0259117082533,14.580845518383063,1042
1,6,5,7,4,1,14,-1953.6921075455334,16.071007282995854,1153
1,6,5,7,6,1,14,-1992.578125,7.182997910648102,512
1,6,5,8,0,1,14,-1965.5543026706232,23.376803553834034,1685
1,6,5,9,0,1,14,-1964.8386132695757,23.312277851261953,1673
1,6,5,10,0,0,14,-1963.306641837368,21.56923399954814,1611
1,6,5,10,0,1,14,-2002.9908256880733,1.3579221367950474,109
1,6,5,11,0,0,14,-1965.9648271679805,23.25576879567681,1649
1,6,5,12,0,0,14,-2000.5196078431372,2.8188107357782335,204
1,6,5,12,1,0,14,-1967.720684039088,15.761485513452827,1228
1,6,5,12,3,0,14,-1933.1056105610562,4.336741663650727,303
1,6,6,2,3,0,14,-1106.5647348951911,11.173188326678957,811
1,6,6,2,7,0,14,-1065.8361650485438,10.977297970353291,824
1,6,6,3,7,0,14,-1084.5314685314686,23.385904405920087,1716
1,6,6,4,7,0,14,-1103.3933054393306,12.94743626399806,956
1,6,6,4,7,1,14,-1943.0104302477184,10.032016319971826,767
1,6,6,5,7,1,14,-1965.4072532699167,22.779562354533947,1682
1,6,6,6,6,1,14,-1940.4552845528456,8.49184403782138,615
1,6,6,6,7,1,14,-1979.9981834695732,14.224360153201657,1101
1,6,6,7,4,1,14,-1952.9795918367347,16.082854553646296,1078
1,6,6,7,6,1,14,-1992.6812977099237,7.207896528242893,524
1,6,6,8,0,1,14,-1965.102847181871,23.55569754266785,1721
1,6,6,9,0,1,14,-1965.281030444965,23.10031967227339,1708
1,6,6,10,0,0,14,-1962.5339682539682,21.477251644979646,1575
1,6,6,11,0,0,14,-1965.773293768546,23.100829152842888,1685
1,6,6,12,0,0,14,-2000.7991266375545,2.7917218750434554,229
1,6,6,12,1,0,14,-1967.9766277128547,16.1075616989974,1198
1,6,6,12,3,0,14,-1932.8666666666666,4.327688631279869,300
1,6,7,2,3,0,14,-1105.5916473317866,11.473881358751687,862
1,6,7,2,7,0,14,-1065.1829419035846,11.484009660047906,809
1,6,7,3,7,0,14,-1084.6938775510205,22.92978616801187,1715
1,6,7,4,7,0,14,-1102.9662576687117,13.125159907608655,978
1,6,7,4,7,1,14,-1942.8228346456692,10.322940502913507,762
1,6,7,5,7,1,14,-1966.1330621731552,23.44162738997607,1721
1,6,7,6,6,1,14,-1940.342356687898,8.641607367043406,628
1,6,7,6,7,1,14,-1981.2573800738007,14.446848472055626,1084
1,6,7,7,4,1,14,-1953.1176470588234,15.837809210711626,1207
1,6,7,7,6,1,14,-1993.212341197822,7.427588255667773,551
1,6,7,8,0,1,14,-1965.434037692747,23.674937063816447,1751
1,6,7,9,0,1,14,-1964.7175792507205,23.200586470683955,1735
1,6,7,10,0,0,14,-1961.844895287958,22.125419512454894,1528
1,6,7,10,0,1,14,-2002.9739130434782,1.4108946873209376,115
1,6,7,11,0,0,14,-1965.7189384800965,23.289868800411337,1658
1,6,7,12,0,0,14,-2000.35,2.797766966814078,200
1,6,7,12,1,0,14,-1968.6638865721434,15.84673113443448,1199
1,6,7,12,3,0,14,-1933.1337579617834,4.325300389273349,314
1,6,8,2,3,0,14,-1104.9093023255814,11.735601052838117,860
1,6,8,2,7,0,14,-1065.9226327944573,11.438045606418617,866
1,6,8,3,7,0,14,-1084.1156827668456,23.072977448486466,1677
1,6,8,4,7,0,14,-1103.402710551791,13.1549140701131,1033
1,6,8,4,7,1,14,-1942.6433289299869,10.086789744945495,757
1,6,8,5,7,1,14,-1966.8059701492537,22.80691198216519,1742
1,6,8,6,6,1,14,-1939.998355263158,8.839113728496983,608
1,6,8,6,7,1,14,-1980.9107981220657,14.739953237009313,1065
1,6,8,7,4,1,14,-1952.1922442244224,15.59814575739838,1212
1,6,8,7,6,1,14,-1993.4858757062148,7.354443686302189,531
1,6,8,8,0,1,14,-1965.0183066361556,22.921832824098512,1748
1,6,8,9,0,1,14,-1966.1127733026467,23.00855267550302,1738
1,6,8,10,0,0,14,-1963.522229179712,21.54363080107218,1597
1,6,8,10,0,1,14,-2002.940170940171,1.4692901844302944,117
1,6,8,11,0,0,14,-1965.81660692951,23.029469177871196,1674
1,6,8,12,0,0,14,-2000.409691629956,2.901388607616955,227
1,6,8,12,1,0,14,-1967.691914893617,15.900286982339924,1175
1,6,8,12,3,0,14,-1932.984984984985,4.192415905679001,333
1,6,9,2,3,0,14,-1105.6610738255033,11.627914484876637,894
1,6,9,2,7,0,14,-1065.5949943117178,11.5614703754093,879
1,6,9,3,7,0,14,-1085.5240121580548,23.029547579445847,1645
1,6,9,4,7,0,14,-1102.7658688865765,13.182238251010785,961
1,6,9,4,7,1,14,-1942.6995827538246,10.236637538167848,719
1,6,9,5,7,1,14,-1965.6728358208954,22.825342213920916,1675
1,6,9,6,6,1,14,-1940.316265060241,8.484712007929962,664
1,6,9,6,7,1,14,-1980.5238970588234,14.062667602825092,1088
1,6,9,7,4,1,14,-1953.5222222222221,15.824192293093088,1170
1,6,9,7,6,1,14,-1993.3319755600814,6.851477605910607,491
1,6,9,8,0,1,14,-1965.494499131442,23.378035432269726,1727
1,6,9,9,0,1,14,-1966.2803684513528,22.932335959614267,1737
1,6,9,10,0,0,14,-1963.9252981795355,21.956672944840836,1593
1,6,9,11,0,0,14,-1965.8188235294117,22.91136627306769,1700
1,6,9,12,0,0,14,-2000.4439655172414,2.938501517981269,232
1,6,9,12,1,0,14,-1968.0094827586206,15.592573820696206,1160
1,6,9,12,3,0,14,-1932.6375838926174,4.406698325971973,298
1,6,10,2,3,0,14,-1105.1453488372092,11.633293810368999,860
1,6,10,2,7,0,14,-1065.8291571753987,11.500637477442197,878
1,6,10,3,7,0,14,-1085.0036101083033,22.717778498152335,1662
1,6,10,4,7,0,14,-1102.9837486457204,12.988650610026124,923
1,6,10,4,7,1,14,-1942.6213333333333,10.16126361347537,750
1,6,10,5,7,1,14,-1965.0978647686832,23.004497630200206,1686
1,6,10,6,6,1,14,-1940.287480680062,8.739801174222343,647
1,6,10,6,7,1,14,-1980.1487603305786,14.611903170261906,1089
1,6,10,7,4,1,14,-1953.1698275862068,15.930656413460737,1160
1,6,10,7,6,1,14,-1992.7201646090534,7.329115283389022,486
1,6,10,8,0,1,14,-1966.2568274259152,22.73816403296057,1721
1,6,10,9,0,1,14,-1965.406410990269,23.026246792011253,1747
1,6,10,10,0,0,14,-1963.470663265306,21.78461136714923,1568
1,6,10,10,0,1,14,-2003.0210526315789,1.3990895338566776,95
1,6,10,11,0,0,14,-1965.918165989553,22.660601923057786,1723
1,6,10,12,0,0,14,-2000.6326530612246,2.643388962280604,196
1,6,10,12,1,0,14,-1968.5625531914893,15.817177636194836,1175
1,6,10,12,3,0,14,-1933.2745098039215,4.333688211883637,306
1,6,11,2,3,0,14,-1105.8582766439908,11.206335498588754,882
1,6,11,2,7,0,14,-1065.881188118812,11.60064621681169,808
1,6,11,3,7,0,14,-1084.9061784897026,23.189457150278574,1748
1,6,11,4,7,0,14,-1103.2764140875133,13.042881772930771,937
1,6,11,4,7,1,14,-1942.7126582278481,9.86143064939065,790
1,6,11,5,7,1,14,-1965.1309592188397,22.927577976692145,1741
1,6,11,6,6,1,14,-1940.374787052811,8.715017375238125,587
1,6,11,6,7,1,14,-1980.438077634011,14.489602084886384,1082
1,6,11,7,4,1,14,-1952.1132572431957,15.8309880996437,1139
1,6,11,7,6,1,14,-1992.9080459770114,7.256069755007181,522
1,6,11,8,0,1,14,-1965.4652250146114,23.101150799410455,1711
1,6,11,9,0,1,14,-1964.8577481840193,23.51826309585968,1652
1,6,11,10,0,0,14,-1962.9950586781965,21.757435886354866,1619
1,6,11,10,0,1,14,-2003.0188679245282,1.4470603389617687,106
1,6,11,11,0,0,14,-1965.764364480557,22.950985295786573,1723
1,6,11,12,0,0,14,-2000.8423423423424,2.918936297328424,222
1,6,11,12,1,0,14,-1967.2455696202533,15.565664345975483,1185
1,6,11,12,3,0,14,-1932.6836734693877,3.9904569976520547,294
1,6,12,2,3,0,14,-1105.6614268440146,11.546195503802648,827
1,6,12,2,7,0,14,-1065.472706155633,11.789412787945722,861
1,6,12,3,7,0,14,-1085.9319248826291,23.200520363150876,1704
1,6,12,4,7,0,14,-1103.071283095723,12.829963107645339,982
1,6,12,4,7,1,14,-1942.1882352941177,9.9581407639082,765
1,6,12,5,7,1,14,-1966.1593505712567,22.767469119108153,1663
1,6,12,6,6,1,14,-1941.0189573459716,8.789424612056173,633
1,6,12,6,7,1,14,-1980.6650717703349,14.150888017849782,1045
1,6,12,7,4,1,14,-1952.9381188118812,15.973946375199633,1212
1,6,12,7,6,1,14,-1993.134,7.255345891134327,500
1,6,12,8,0,1,14,-1965.2244779582365,23.193027982602988,1724
1,6,12,9,0,1,14,-1964.8881695114774,23.185420316405065,1699
1,6,12,10,0,0,14,-1962.6791277258567,21.752842057005555,1605
1,6,12,10,0,1,14,-2002.8347107438017,1.4678207123034608,121
1,6,12,11,0,0,14,-1964.899411764706,22.99631427515301,1700
1,6,12,12,0,0,14,-2000.7960199004974,2.989731028367942,201
1,6,12,12,1,0,14,-1967.1119658119658,16.086208258492782,1170
1,6,12,12,3,0,14,-1932.8383233532934,4.379206946065687,334
1,6,13,2,3,0,14,-1105.2800925925926,11.477847907340163,864
1,6,13,2,7,0,14,-1065.7266355140187,11.539956627332462,856
1,6,13,3,7,0,14,-1086.047423887588,22.946980416280777,1708
1,6,13,4,7,0,14,-1102.7147335423197,13.113407843262529,957
1,6,13,4,7,1,14,-1943.0856389986825,10.121230472515766,759
1,6,13,5,7,1,14,-1965.788790560472,22.823607131424893,1695
1,6,13,6,6,1,14,-1940.221324717286,8.40096526047508,619
1,6,13,6,7,1,14,-1980.835282651072,14.197409462521572,1026
1,6,13,7,4,1,14,-1953.188085106383,16.08565988015653,1175
1,6,13,7,6,1,14,-1992.7717601547388,7.413859635642462,517
1,6,13,8,0,1,14,-1964.886972040452,22.68807343512453,1681
1,6,13,9,0,1,14,-1965.5148169668798,22.687579148672697,1721
1,6,13,10,0,0,14,-1963.9764996907854,21.725519806835006,1617
1,6,13,10,0,1,14,-2002.9711538461538,1.410514982064202,104
1,6,13,11,0,0,14,-1964.9589296826384,23.087793930977227,1607
1,6,13,12,0,0,14,-2000.55,3.0639027400011027,200
1,6,13,12,1,0,14,-1967.0261551874455,15.64150513698872,1147
1,6,13,12,3,0,14,-1932.6809210526317,4.151747152063387,304
1,6,14,2,3,0,14,-1105.6802395209581,11.647601277142464,835
1,6,14,2,7,0,14,-1064.910935738444,11.708213322907813,887
1,6,14,3,7,0,14,-1086.0077134986225,23.254963533233518,1815
1,6,14,4,7,0,14,-1103.677811550152,13.07888714025805,987
1,6,14,4,7,1,14,-1942.689384010485,9.758511693506176,763
1,6,14,5,7,1,14,-1965.6491633006347,22.66047716199152,1733
1,6,14,6,6,1,14,-1940.563862928349,8.5589290989391,642
1,6,14,6,7,1,14,-1980.5884057971014,14.533474965072248,1035
1,6,14,7,4,1,14,-1953.2578125,15.837456417314858,1152
1,6,14,7,6,1,14,-1992.5597147950089,7.2557371183777315,561
1,6,14,8,0,1,14,-1965.2888888888888,23.158939661179193,1755
1,6,14,9,0,1,14,-1965.0890570430734,22.99184162478905,1718
1,6,14,10,0,0,14,-1962.4683626875408,21.802076473246064,1533
1,6,14,10,0,1,14,-2002.9174311926606,1.5272956272566198,109
1,6,14,11,0,0,14,-1965.7635440180586,22.905265752186864,1772
1,6,14,12,0,0,14,-2000.6468085106383,2.8892206903227495,235
1,6,14,12,1,0,14,-1966.8563968668407,15.567347314892954,1149
1,6,14,12,3,0,14,-1933.1305732484077,4.3389975422280935,314
1,6,15,2,3,0,14,-1105.6701509872241,11.402381869087312,861
1,6,15,2,7,0,14,-1065.6658624849215,11.959543983365295,829
1,6,15,3,7,0,14,-1085.224592925323,22.621313890393598,1781
1,6,15,4,7,0,14,-1102.6219262295083,13.096172118536318,976
1,6,15,4,7,1,14,-1942.5429362880886,10.094372487724877,722
1,6,15,5,7,1,14,-1966.4277144571086,23.3315998389588,1667
1,6,15,6,6,1,14,-1940.6949404761904,8.65857533215378,672
1,6,15,6,7,1,14,-1980.6890524379025,14.606677019281372,1087
1,6,15,7,4,1,14,-1953.111204013378,15.597953779099388,1196
1,6,15,7,6,1,14,-1993.2207792207791,7.404898252607673,539
1,6,15,8,0,1,14,-1967.0511739915714,22.777179584386282,1661
1,6,15,9,0,1,14,-1965.6,23.59296782017897,1685
1,6,15,10,0,0,14,-1963.5238095238096,21.710859085218853,1554
1,6,15,11,0,0,14,-1965.686951433587,23.00921431189917,1709
1,6,15,12,0,0,14,-2000.8028846153845,2.8224020298000307,208
1,6,15,12,1,0,14,-1967.8206611570247,15.835259419588514,1210
1,6,15,12,3,0,14,-1933.062874251497,4.356040489300379,334
1,6,16,2,3,0,14,-1106.086330935252,11.629047820200483,834
1,6,16,2,7,0,14,-1065.2941176470588,12.273008192940189,816
1,6,16,3,7,0,14,-1085.4338866628507,23.187510132922956,1747
1,6,16,4,7,0,14,-1102.4477296726504,13.19947531111364,947
1,6,16,4,7,1,14,-1942.8346994535518,9.819477037082805,732
1,6,16,5,7,1,14,-1964.9826889786498,22.807398510441775,1733
1,6,16,6,6,1,14,-1940.6349206349207,8.764288265643222,630
1,6,16,6,7,1,14,-1981.1870229007634,14.404242361434326,1048
1,6,16,7,4,1,14,-1953.0118443316412,15.878713154865066,1182
1,6,16,7,6,1,14,-1992.633147113594,7.180660191415194,537
1,6,16,8,0,1,14,-1964.6531927357937,22.887574366851254,1707
1,6,16,9,0,1,14,-1965.9790130459444,23.302253578312648,1763
1,6,16,10,0,0,14,-1963.0375234521575,21.527412438559935,1599
1,6,16,10,0,1,14,-2002.83,1.4700680256855636,100
1,6,16,11,0,0,14,-1964.922056384743,23.020600406815877,1809
1,6,16,12,0,0,14,-2000.5983263598325,2.7224768216215507,239
1,6,16,12,1,0,14,-1967.4832214765102,16.166179389851166,1192
1,6,16,12,3,0,14,-1933.0949367088608,4.425598686098383,316
1,6,17,2,3,0,14,-1105.5579196217493,11.94157674876609,846
1,6,17,2,7,0,14,-1065.8314606741574,11.722959279583105,890
1,6,17,3,7,0,14,-1085.7841814837523,22.79495722146665,1631
1,6,17,4,7,0,14,-1102.5497435897437,12.568309248662757,975
1,6,17,4,7,1,14,-1943.6013071895425,9.997738220874137,765
1,6,17,5,7,1,14,-1965.8161180476732,23.03898416350742,1762
1,6,17,6,6,1,14,-1941.3059210526317,8.603768555818077,608
1,6,17,6,7,1,14,-1980.5449438202247,14.053630646919014,1068
1,6,17,7,4,1,14,-1953.5060435132957,15.58057750488532,1241
1,6,17,7,6,1,14,-1992.5153846153846,7.152444031328538,520
1,6,17,8,0,1,14,-1966.0905982905983,23.024433879730104,1755
1,6,17,9,0,1,14,-1965.8146426496223,22.7738786191426,1721
1,6,17,10,0,0,14,-1963.1866261398177,21.45970573133586,1645
1,6,17,10,0,1,14,-2003.0720720720722,1.4123758764318477,111
1,6,17,11,0,0,14,-1966.0383963862225,22.95714945117284,1771
1,6,17,12,0,0,14,-2000.74,2.5695135725933547,200
1,6,17,12,1,0,14,-1967.4590592334496,15.636135774929112,1148
1,6,17,12,3,0,14,-1932.9689655172415,4.161697552148803,290
1,6,18,2,3,0,14,-1105.582558139535,11.351730652389971,860
1,6,18,2,7,0,14,-1065.1335830212236,11.290108506260356,801
1,6,18,3,7,0,14,-1084.8057343475716,22.941469063923332,1709
1,6,18,4,7,0,14,-1102.328125,12.831737789508246,896
1,6,18,4,7,1,14,-1942.56608811749,9.959998675496585,749
1,6,18,5,7,1,14,-1965.670922809054,23.36771603678527,1723
1,6,18,6,6,1,14,-1941.0473372781064,8.782082789272986,676
1,6,18,6,7,1,14,-1980.127358490566,14.227524698988445,1060
1,6,18,7,4,1,14,-1953.7439330543932,16.043759289726008,1195
1,6,18,7,6,1,14,-1992.8275229357798,7.003509887543441,545
1,6,18,8,0,1,14,-1965.086247086247,22.721651507332812,1716
1,6,18,9,0,1,14,-1965.7186788154897,22.97665234867856,1756
1,6,18,10,0,0,14,-1963.1164122137404,21.97439083972134,1572
1,6,18,10,0,1,14,-2002.9035087719299,1.3952884266376955,114
1,6,18,11,0,0,14,-1964.7364475201846,22.844701072234447,1734
1,6,18,12,0,0,14,-2000.1570247933885,2.8905896463358642,242
1,6,18,12,1,0,14,-1967.4250214224508,15.858986282473603,1167
1,6,18,12,3,0,14,-1933.252396166134,4.274547863178415,313
1,6,19,2,3,0,14,-1105.5470183486239,11.580792794626646,872
1,6,19,2,7,0,14,-1065.509561304837,11.495202145279944,889
1,6,19,3,7,0,14,-1084.3364485981308,23.017062515160305,1712
1,6,19,4,7,0,14,-1103.481288981289,12.804306837869493,962
1,6,19,4,7,1,14,-1942.7242302543507,10.04815656616351,747
1,6,19,5,7,1,14,-1965.53007742704,23.557593954609583,1679
1,6,19,6,6,1,14,-1940.148514851485,8.45221802510948,606
1,6,19,6,7,1,14,-1980.1477832512314,14.933871723129803,1015
1,6,19,7,4,1,14,-1952.9180187873612,15.56579188029817,1171
1,6,19,7,6,1,14,-1993.3460144927535,7.301343835035364,552
1,6,19,8,0,1,14,-1964.7858783008037,23.37223288760415,1742
1,6,19,9,0,1,14,-1965.2596944770858,23.165186396320806,1702
1,6,19,10,0,0,14,-1963.0415879017014,21.398626872040698,1587
1,6,19,10,0,1,14,-2002.8557692307693,1.3757394460449701,104
1,6,19,11,0,0,14,-1965.0769675925926,22.94668190063968,1728
1,6,19,12,0,0,14,-2000.467248908297,2.858377992076626,229
1,6,19,12,1,0,14,-1968.0969957081545,15.506997990657831,1165
1,6,19,12,3,0,14,-1932.8098159509202,4.406565301622676,326
1,6,20,2,3,0,14,-1105.2883295194508,11.346091826118025,874
1,6,20,2,7,0,14,-1065.395908543923,11.847950976661778,831
1,6,20,3,7,0,14,-1085.5274660366215,22.99431056302135,1693
1,6,20,4,7,0,14,-1102.6627335299902,12.928261238229242,1017
1,6,20,4,7,1,14,-1942.8732394366198,10.137243278411605,781
1,6,20,5,7,1,14,-1965.0457831325302,23.09160021068644,1660
1,6,20,6,6,1,14,-1940.5716463414635,8.868675402024456,656
1,6,20,6,7,1,14,-1980.1689774696706,14.428754310332945,1154
1,6,20,7,4,1,14,-1952.7695004382122,15.768493270786902,1141
1,6,20,7,6,1,14,-1993.080944350759,7.018178596414651,593
1,6,20,8,0,1,14,-1965.5546921697548,22.904767181386017,1673
1,6,20,9,0,1,14,-1965.8565525383708,22.905716900922844,1694
1,6,20,10,0,0,14,-1962.7552742616033,21.334312458935067,1659
1,6,20,10,0,1,14,-2002.81,1.3906473313036054,100
1,6,20,11,0,0,14,-1965.7234553089381,22.523406646625844,1667
1,6,20,12,0,0,14,-2000.4213197969543,2.946244668894803,197
1,6,20,12,1,0,14,-1968.4995663486557,15.681297099944805,1153
1,6,20,12,3,0,14,-1932.9771428571428,4.4200249329949015,350
1,6,21,2,3,0,14,-1106.0845714285715,11.706395893525482,875
1,6,21,2,7,0,14,-1065.357142857143,11.594358038379184,882
1,6,21,3,7,0,14,-1086.8030120481928,22.716781453411382,1660
1,6,21,4,7,0,14,-1103.9325353645268,12.874205858531047,919
1,6,21,4,7,1,14,-1943.0013812154696,9.915596747863443,724
1,6,21,5,7,1,14,-1965.3698296836983,23.31925814030655,1644
1,6,21,6,6,1,14,-1940.4468390804598,8.69221750654963,696
1,6,21,6,7,1,14,-1979.7711781888997,14.372740985000773,1027
1,6,21,7,4,1,14,-1953.5665796344647,15.751059385487903,1149
1,6,21,7,6,1,14,-1993.0691699604743,7.04482809361418,506
1,6,21,8,0,1,14,-1965.3221957040573,22.918919219410927,1676
1,6,21,9,0,1,14,-1965.2374701670644,22.831533678566437,1676
1,6,21,10,0,0,14,-1962.6047678795483,21.46128088014307,1594
1,6,21,10,0,1,14,-2002.9537037037037,1.4101763698088303,108
1,6,21,11,0,0,14,-1964.3713768115942,22.805926152415477,1656
1,6,21,12,0,0,14,-2000.4239631336407,2.9095388897730774,217
1,6,21,12,1,0,14,-1967.761524822695,15.677457338375993,1128
1,6,21,12,3,0,14,-1932.8614864864865,4.232005205645568,296
1,6,22,2,3,0,14,-1105.4054669703874,11.569816484426573,878
1,6,22,2,7,0,14,-1065.4977168949772,11.396596635786128,876
1,6,22,3,7,0,14,-1084.7898633257403,22.966840754469164,1756
1,6,22,4,7,0,14,-1104.4676409185804,12.63327683456769,958
1,6,22,4,7,1,14,-1942.954887218045,10.22604027343436,798
1,6,22,5,7,1,14,-1965.3331402085748,22.71789617699613,1726
1,6,22,6,6,1,14,-1940.4525993883792,8.542395672427718,654
1,6,22,6,7,1,14,-1980.8635496183206,14.431315596413302,1048
1,6,22,7,4,1,14,-1953.3047285464097,15.865623172662016,1142
1,6,22,7,6,1,14,-1993.2217973231357,7.130344965847112,523
1,6,22,8,0,1,14,-1965.1358024691358,23.151618317203344,1701
1,6,22,9,0,1,14,-1965.637330183107,23.20316953841424,1693
1,6,22,10,0,0,14,-1963.0572139303483,21.579033499320907,1608
1,6,22,10,0,1,14,-2002.9117647058824,1.3939852669193031,102
1,6,22,11,0,0,14,-1965.6407185628743,22.975154911255537,1670
1,6,22,12,1,0,14,-1968.4106830122591,15.79632817926373,1142
1,6,22,12,3,0,14,-1933.3874643874644,4.178122659175152,351
1,6,23,2,3,0,14,-1105.7533185840707,11.580804515876055,904
1,6,23,2,7,0,14,-1065.9366359447004,11.856550182572024,868
1,6,23,3,7,0,14,-1085.9573060733615,23.556612490360322,1663
1,6,23,4,7,0,14,-1103.5980099502488,13.273307521375848,1005
1,6,23,4,7,1,14,-1942.987161198288,10.183962977504928,701
1,6,23,5,7,1,14,-1965.461222091657,22.82337717400584,1702
1,6,23,6,6,1,14,-1940.3302752293578,8.54764131768273,654
1,6,23,6,7,1,14,-1980.1734496124031,14.773088371691314,1032
1,6,23,7,4,1,14,-1952.7587443946188,15.807647074972031,1115
1,6,23,7,6,1,14,-1992.6899224806202,7.282556891446863,516
1,6,23,8,0,1,14,-1966.2231404958677,23.24741994663571,1694
1,6,23,9,0,1,14,-1964.912797281993,23.100506321048794,1766
1,6,23,10,0,0,14,-1964.23289391086,22.17261784320511,1593
1,6,23,10,0,1,14,-2003.1764705882354,1.367778825606285,102
1,6,23,11,0,0,14,-1965.4382857142857,23.231589759975076,1750
1,6,23,12,0,0,14,-2000.545,2.894473181703863,200
1,6,23,12,1,0,14,-1968.132635253054,15.718227862001408,1146
1,6,23,12,3,0,14,-1933.012012012012,4.357159705153336,333
1,6,24,2,3,0,14,-1104.7632794457274,11.558789997090237,866
1,6,24,2,7,0,14,-1065.278409090909,11.648780163062147,880
1,6,24,3,7,0,14,-1085.1567944250871,23.061646233660205,1722
1,6,24,4,7,0,14,-1103.4145021645022,12.837067779188013,924
1,6,24,4,7,1,14,-1943.2724795640327,10.215891883997957,734
1,6,24,5,7,1,14,-1965.1322360953461,23.23966076712298,1762
1,6,24,6,6,1,14,-1940.6773109243697,8.533477691309335,595
1,6,24,6,7,1,14,-1981.6848701880035,14.117586329957199,1117
1,6,24,7,4,1,14,-1952.9882352941177,15.947915100265154,1190
1,6,24,7,6,1,14,-1992.9501915708813,7.347518279447281,522
1,6,24,8,0,1,14,-1965.6976744186047,23.22604781095645,1720
1,6,24,9,0,1,14,-1965.9762868710236,22.82462658643037,1729
1,6,24,10,0,0,14,-1961.3253676470588,21.654798264015568,1632
1,6,24,10,0,1,14,-2003.0608695652174,1.346731673503515,115
1,6,24,11,0,0,14,-1965.4903339191565,23.598955803224992,1707
1,6,24,12,0,0,14,-2000.4568527918782,2.9607270755453876,197
1,6,24,12,1,0,14,-1968.2961443806398,15.787142666345419,1219
1,6,24,12,3,0,14,-1933.2293577981652,4.366188606938009,327
1,6,25,2,3,0,14,-1105.3125748502994,11.5178288229755,835
1,6,25,2,7,0,14,-1065.3578708946773,11.497250289080606,883
1,6,25,3,7,0,14,-1086.8220640569396,23.260256085805214,1686
1,6,25,4,7,0,14,-1102.422637590862,12.635762698068577,963
1,6,25,4,7,1,14,-1943.2235772357724,9.935708626089816,738
1,6,25,5,7,1,14,-1965.827731092437,23.154260584335415,1666
1,6,25,6,6,1,14,-1940.305466237942,8.479212467891871,622
1,6,25,6,7,1,14,-1979.9102564102564,14.353248956678874,1092
1,6,25,7,4,1,14,-1952.9366255144032,16.047001954910062,1215
1,6,25,7,6,1,14,-1992.7057761732851,7.220238492764056,554
1,6,25,8,0,1,14,-1965.8935294117648,23.063719010640483,1700
1,6,25,9,0,1,14,-1965.7893783946893,22.753374451257336,1657
1,6,25,10,0,0,14,-1963.8698588090854,21.431553504483965,1629
1,6,25,10,0,1,14,-2002.951923076923,1.409990505169258,104
1,6,25,11,0,0,14,-1965.6289671090594,22.732169805298525,1733
1,6,25,12,0,0,14,-2000.45,2.980581090373573,220
1,6,25,12,1,0,14,-1967.8362369337979,15.74478544681494,1148
1,6,25,12,3,0,14,-1932.3067092651756,4.179883327865551,313
1,6,26,2,3,0,14,-1105.4552845528456,11.566679308044515,861
1,6,26,2,7,0,14,-1065.5108695652175,11.895626107935472,828
1,6,26,3,7,0,14,-1085.5836782968659,23.34688039290613,1691
1,6,26,4,7,0,14,-1102.860576923077,12.858354948235297,1040
1,6,26,4,7,1,14,-1943.1602739726027,10.248972413934242,730
1,6,26,5,7,1,14,-1965.4840801886792,23.157881647698407,1696
1,6,26,6,6,1,14,-1940.6184012066365,8.816416155325117,663
1,6,26,6,7,1,14,-1981.5043562439496,14.499198175153168,1033
1,6,26,7,4,1,14,-1952.427592116538,15.88221511939098,1167
1,6,26,7,6,1,14,-1993.0613496932515,7.088998866346099,489
1,6,26,8,0,1,14,-1964.2988304093567,23.376380062596933,1710
1,6,26,9,0,1,14,-1965.5804597701149,22.908585646884216,1740
1,6,26,10,0,0,14,-1964.1709813365442,21.32517430601899,1661
1,6,26,10,0,1,14,-2002.9583333333333,1.4106489840338527,120
1,6,26,11,0,0,14,-1964.8480138169257,23.157639493794942,1737
1,6,26,12,0,0,14,-2000.2928870292887,2.856027838122223,239
1,6,26,12,1,0,14,-1968.2816,16.056372611511126,1250
1,6,26,12,3,0,14,-1932.6345029239767,4.35397004608125,342
1,6,27,2,3,0,14,-1106.0990675990677,11.514183978771978,858
1,6,27,2,7,0,14,-1065.098976109215,11.611378294206345,879
1,6,27,3,7,0,14,-1085.2202591283863,22.5824966237386,1698
1,6,27,4,7,0,14,-1103.2332233223322,13.030832382494694,909
1,6,27,4,7,1,14,-1943.0748299319728,10.156656230656345,735
1,6,27,5,7,1,14,-1964.9446386946388,23.15124263098148,1716
1,6,27,6,6,1,14,-1940.5198098256735,8.692447345320739,631
1,6,27,6,7,1,14,-1980.220494053065,14.82455681773772,1093
1,6,27,7,4,1,14,-1953.0984540276647,15.692558006268573,1229
1,6,27,7,6,1,14,-1993.3327137546469,7.2426663636698185,538
1,6,27,8,0,1,14,-1965.6899135446686,23.13126523571684,1735
1,6,27,9,0,1,14,-1965.5775669642858,22.88323449309693,1792
1,6,27,10,0,0,14,-1962.8066795118818,22.016266692107045,1557
1,6,27,10,0,1,14,-2003.0537634408602,1.3389579594710375,93
1,6,27,11,0,0,14,-1965.6838632273545,22.77706036029944,1667
1,6,27,12,0,0,14,-2000.5585585585586,2.9044379979737887,222
1,6,27,12,1,0,14,-1968.028156996587,16.060733463998673,1172
1,6,28,2,3,0,14,-1105.8158844765344,11.463373911107007,831
1,6,28,2,7,0,14,-1065.8943089430895,11.844687038898298,861
1,6,28,3,7,0,14,-1085.454328358209,23.121783437373907,1675
1,6,28,4,7,0,14,-1102.9318955732122,12.935793321146178,881
1,6,28,4,7,1,14,-1942.6421768707482,10.035914589896244,735
1,6,28,5,7,1,14,-1964.902130109384,23.010289832605704,1737
1,6,28,6,6,1,14,-1940.4152139461173,8.852123219459159,631
1,6,28,6,7,1,14,-1980.7257194244605,14.242735887502187,1112
1,6,28,7,4,1,14,-1952.7395577395578,15.853216431415596,1221
1,6,28,7,6,1,14,-1992.873786407767,7.237281595026487,515
1,6,28,8,0,1,14,-1964.8744131455398,23.265525943454442,1704
1,6,28,9,0,1,14,-1965.683284457478,23.216878449321243,1705
1,6,28,10,0,0,14,-1962.6618618618618,21.518043664333213,1665
1,6,28,10,0,1,14,-2003.0625,1.422279671543591,112
1,6,28,11,0,0,14,-1965.620669406929,23.13610768524603,1703
1,6,28,12,0,0,14,-2000.4188481675392,2.6708550572577314,191
1,6,28,12,1,0,14,-1968.1734513274337,16.12890560617166,1130
1,6,28,12,3,0,14,-1933.1973244147157,4.381230054182778,299
1,6,29,2,3,0,14,-1106.1443538998835,11.673981303893303,859
1,6,29,2,7,0,14,-1065.673420738975,11.635839034584716,839
1,6,29,3,7,0,14,-1085.4640787949015,22.831760025590636,1726
1,6,29,4,7,0,14,-1102.497830802603,13.137455175318037,922
1,6,29,4,7,1,14,-1943.4371794871795,10.128654566478888,780
1,6,29,5,7,1,14,-1966.8351254480287,23.42723673252803,1674
1,6,29,6,6,1,14,-1940.6328125,8.600028246450742,640
1,6,29,6,7,1,14,-1980.5009208103131,14.444390701052539,1086
1,6,29,7,4,1,14,-1952.695004382121,16.030094985537993,1141
1,6,29,7,6,1,14,-1993.3346303501946,7.157000270966341,514
1,6,29,8,0,1,14,-1965.6867763558805,22.602343623224293,1641
1,6,29,9,0,1,14,-1965.1712038717483,23.541272265574605,1653
1,6,29,10,0,0,14,-1963.5027692307692,21.92892347196508,1625
1,6,29,10,0,1,14,-2003.0902255639098,1.3514606223477013,133
1,6,29,11,0,0,14,-1965.9593023255813,23.284029250070358,1720
1,6,29,12,0,0,14,-2000.530303030303,3.0726211804243118,198
1,6,29,12,1,0,14,-1967.5378450578808,15.988005900251688,1123
1,6,29,12,3,0,14,-1933.2201257861636,4.212362456881818,318
1,6,30,2,3,0,14,-1105.7202643171806,11.512823110135335,908
1,6,30,2,7,0,14,-1065.1695760598504,11.72082453371874,802
1,6,30,3,7,0,14,-1084.989367655288,23.00303863027614,1787
1,6,30,4,7,0,14,-1102.9053069719043,13.01301609392725,961
1,6,30,4,7,1,14,-1943.1330589849108,10.21430807963373,729
1,6,30,5,7,1,14,-1965.4360636417207,23.34327006778244,1697
1,6,30,6,6,1,14,-1940.5117845117845,8.250539979102774,594
1,6,30,6,7,1,14,-1980.6128456735057,14.348161445368842,1121
1,6,30,7,4,1,14,-1953.677366255144,15.762003788651489,1215
1,6,30,7,6,1,14,-1992.9271653543308,7.393909112549612,508
1,6,30,8,0,1,14,-1964.9078624078625,23.66582690809134,1628
1,6,30,9,0,1,14,-1965.8016928657798,23.393109642687072,1654
1,6,30,10,0,0,14,-1963.1939924906133,22.044383809188513,1598
1,6,30,10,0,1,14,-2002.9166666666667,1.4117561953248705,96
1,6,30,11,0,0,14,-1965.4637931034483,22.757425451891446,1740
1,6,30,12,0,0,14,-2000.4045454545455,2.7609249557304323,220
1,6,30,12,1,0,14,-1969.2078032230704,15.632117397400414,1179
1,6,30,12,3,0,14,-1933.0152905198777,4.517354760129681,327
1,6,31,2,3,0,14,-1104.70293398533,11.621412502603546,818
1,6,31,2,7,0,14,-1064.8809248554912,11.46992726719789,865
1,6,31,3,7,0,14,-1084.9321240491515,22.864601671368156,1709
1,6,31,4,7,0,14,-1103.0492424242425,12.811624670539222,1056
1,6,31,4,7,1,14,-1943.0824324324324,10.053906839239765,740
1,6,31,5,7,1,14,-1965.9946555819477,23.066218729926472,1684
1,6,31,6,6,1,14,-1940.5986949429036,8.695433816642932,613
1,6,31,6,7,1,14,-1980.4181654676258,14.359545275516044,1112
1,6,31,7,4,1,14,-1953.108199492815,15.707979420282603,1183
1,6,31,7,6,1,14,-1993.2705223880596,6.996504224929883,536
1,6,31,8,0,1,14,-1965.1136231884059,23.2360505743265,1725
1,6,31,9,0,1,14,-1965.9513023782558,23.744580498732535,1766
1,6,31,10,0,0,14,-1962.9236732259988,21.19422393739882,1677
1,6,31,10,0,1,14,-2003.209090909091,1.38888741951772,110
1,6,31,11,0,0,14,-1965.6030534351146,23.135025342652497,1703
1,6,31,12,0,0,14,-2000.5,2.83854530515423,218
1,6,31,12,1,0,14,-1967.636815920398,15.724170042533986,1206
1,6,31,12,3,0,14,-1932.8327974276526,4.483376034147009,311
1,6,32,2,3,0,14,-1105.9171461449941,11.299970697780035,869
1,6,32,2,7,0,14,-1065.0358796296296,11.334553025231925,864
1,6,32,3,7,0,14,-1085.614564831261,22.432770181979183,1689
1,6,32,4,7,0,14,-1103.894250513347,12.770526730736789,974
1,6,32,4,7,1,14,-1942.9933244325769,10.172147541700033,749
1,6,32,5,7,1,14,-1965.1348837209302,23.09458190482791,1720
1,6,32,6,6,1,14,-1940.274924471299,8.525593577014243,662
1,6,32,6,7,1,14,-1980.472920696325,14.454080620889627,1034
1,6,32,7,4,1,14,-1952.6050632911392,15.897911908640697,1185
1,6,32,7,6,1,14,-1992.3973880597016,7.400881898711656,536
1,6,32,8,0,1,14,-1965.6068476977568,22.926685685216434,1694
1,6,32,9,0,1,14,-1965.4410911201394,23.179392887686635,1723
1,6,32,10,0,0,14,-1963.0868713259308,21.21424176428885,1531
1,6,32,10,0,1,14,-2003.111111111111,1.4189063911587045,117
1,6,32,11,0,0,14,-1964.3601226993865,23.25122343869621,1630
1,6,32,12,0,0,14,-2000.7098445595855,2.853732484812263,193
1,6,32,12,1,0,14,-1967.6828231292518,15.92560011327603,1176
1,6,32,12,3,0,14,-1933.367781155015,4.239952715331399,329
1,6,33,2,3,0,14,-1105.1496437054632,11.295383250290174,842
1,6,33,2,7,0,14,-1065.3091954022989,11.53673923715453,870
1,6,33,3,7,0,14,-1085.126334519573,22.515502643306515,1686
1,6,33,4,7,0,14,-1102.88,12.975306276643554,925
1,6,33,4,7,1,14,-1942.5402777777779,10.102037194435695,720
1,6,33,5,7,1,14,-1965.9028797289666,22.769675011317194,1771
1,6,33,6,6,1,14,-1940.093023255814,8.698963549117304,645
1,6,33,6,7,1,14,-1979.7117701575532,14.654860319101093,1079
1,6,33,7,4,1,14,-1953.5620437956204,15.78637558837114,1233
1,6,33,7,6,1,14,-1992.5479204339963,7.08983686800825,553
1,6,33,8,0,1,14,-1964.9210064365125,22.74480420055071,1709
1,6,33,9,0,1,14,-1965.0239808153476,22.83171466852857,1668
1,6,33,10,0,0,14,-1962.752993068683,21.687288523009762,1587
1,6,33,10,0,1,14,-2003.042372881356,1.4403040391463884,118
1,6,33,11,0,0,14,-1965.4441193680516,22.874679742388544,1709
1,6,33,12,0,0,14,-2000.2588832487309,2.8973968312822036,197
1,6,33,12,1,0,14,-1968.0299032541777,16.236298825486944,1137
1,6,33,12,3,0,14,-1933.0294117647059,4.360333007034001,374
1,6,34,2,3,0,14,-1106.4068181818182,11.572123591702253,880
1,6,34,2,7,0,14,-1065.3297746144722,11.197585035414408,843
1,6,34,3,7,0,14,-1085.366567164179,23.33784227912821,1675
1,6,34,4,7,0,14,-1102.5765864332604,13.182490332530588,914
1,6,34,4,7,1,14,-1943.3027397260273,9.982594065444342,730
1,6,34,5,7,1,14,-1965.78362907842,23.072001133107687,1747
1,6,34,6,6,1,14,-1941.0032679738563,8.782409024546256,612
1,6,34,6,7,1,14,-1980.1650294695482,14.162829232702261,1018
1,6,34,7,4,1,14,-1953.5755033557048,15.674413936829437,1192
1,6,34,7,6,1,14,-1993.9848484848485,7.1541308775719346,528
1,6,34,8,0,1,14,-1965.1596439169139,23.009739336295944,1685
1,6,34,9,0,1,14,-1965.250898203593,23.231970971934356,1670
1,6,34,10,0,0,14,-1963.642190416926,21.456882271660948,1607
1,6,34,10,0,1,14,-2002.9574468085107,1.4210791046930378,94
1,6,34,11,0,0,14,-1965.1455696202531,22.85834915171139,1738
1,6,34,12,0,0,14,-2000.9435897435897,2.8014460434573523,195
1,6,34,12,1,0,14,-1967.9595872742907,15.85659890412653,1163
1,6,34,12,3,0,14,-1933.073394495413,4.225392344452313,327
1,6,35,4,7,1,14,-1942.3753351206435,9.693071664454234,746
1,6,35,5,7,1,14,-1965.0323312535452,23.433679931749303,1763
1,6,35,6,6,1,14,-1940.781499202552,8.801466583474541,627
1,6,35,6,7,1,14,-1980.471264367816,14.447756919691637,1044
1,6,35,7,6,1,14,-2002.763440860215,1.7621946816660397,93
0,0,1,12,7,1,0,-3090.0,0.0,19
0,0,2,9,7,0,0,-2132.8548387096776,1.3777819266331781,124
0,0,3,9,7,0,0,-2133.0084033613443,1.3992542936319643,119
0,0,4,3,7,1,0,-2208.0654205607475,1.4678551209538582,107
0,0,5,3,7,1,0,-2208.0461538461536,1.3692307694236343,130
0,0,10,9,7,0,0,-2132.9895833333335,1.4683805680198012,96
0,0,15,9,7,0,0,-2133.1344537815125,1.3837251497018077,119
0,0,18,9,7,0,0,-2132.7619047619046,1.4110030850505406,105
0,0,21,3,7,1,0,-2207.8333333333335,1.3844373102621097,108
0,0,23,9,7,0,0,-2133.074074074074,1.3791013159574066,108
0,1,1,7,7,1,1,-2590.0,0.0,20
0,1,9,11,4,1,1,-2637.898305084746,1.4751606087761149,118
0,1,17,11,4,1,1,-2637.969696969697,1.4526502804163184,99
0,1,19,11,4,1,1,-2638.2268907563025,1.4403371150771334,119
0,1,27,11,4,1,1,-2638.137614678899,1.3025584559642096,109
0,1,33,11,4,1,1,-2638.0434782608695,1.3425563178956534,92
0,3,9,10,6,1,3,-2463.0666666666666,1.4160082504475053,105
0,3,20,10,6,1,3,-2463.196581196581,1.3665060337469643,117
0,3,25,10,6,1,3,-2463.025316455696,1.395967824141984,79
0,3,32,10,6,1,3,-2462.915966386555,1.369412754634493,119
0,4,1,9,7,1,4,-2450.0,0.0,20
0,4,3,12,0,1,4,-2412.896226415094,1.4853323456187626,106
0,4,7,6,0,0,4,-1608.078431372549,1.473200294696027,102
0,4,13,6,0,0,4,-1608.1868131868132,1.4366634721724327,91
0,4,16,12,0,1,4,-2413.153846153846,1.3781902207513834,78
0,4,17,12,0,1,4,-2413.0521739130436,1.388420924986174,115
0,4,19,6,0,0,4,-1608.104761904762,1.3587375760176659,105
0,4,21,6,0,0,4,-1608.080808080808,1.5087406459311368,99
0,4,22,6,0,0,4,-1607.9893617021276,1.3952402436633184,94
0,4,26,6,0,0,4,-1607.857142857143,1.4846149779193811,98
0,4,26,12,0,1,4,-2412.860465116279,1.3906898965587335,129
0,4,32,6,0,0,4,-1608.0283018867924,1.4305134793280223,106
0,4,33,6,0,0,4,-1607.7717391304348,1.3839394061028663,92
0,4,34,6,0,0,4,-1607.989010989011,1.433465833699935,91
0,5,2,8,3,0,5,-1558.24,1.4499655167421965,100
0,5,13,8,3,0,5,-1558.16,1.3469966590776594,100
0,5,20,1,0,1,5,-1367.0,0.0,1
0,5,23,8,3,0,5,-1557.9722222222222,1.4873437254861417,108
0,7,1,11,7,1,7,-2310.0,0.0,19
0,7,4,7,1,0,7,-1382.8431372549019,1.4193694958421055,102
0,7,8,7,1,0,7,-1383.1752577319587,1.4784382208703166,97
0,7,9,7,1,0,7,-1382.9204545454545,1.375281714253369,88
0,7,25,7,1,0,7,-1382.8229166666667,1.457700755563701,96
0,7,29,5,0,0,7,-1385.2270742358078,2.8285754433140347,229
1,0,1,5,7,1,8,-2640.0,0.0,20
1,0,4,3,1,0,8,-1823.1981981981983,1.3139570918894674,111
1,0,6,7,6,1,8,-2630.580808080808,2.817878590767009,198
1,0,11,3,1,0,8,-1822.9532710280373,1.416743518763604,107
1,0,12,3,1,0,8,-1823.1272727272728,1.4529536742942935,110
1,0,26,3,1,0,8,-1823.0481927710844,1.3162891839254298,83
1,1,12,6,0,0,9,-2178.2190476190476,1.4539335962769793,105
1,1,14,6,0,0,9,-2177.722222222222,1.3866648861672641,108
1,1,18,6,0,0,9,-2178.2545454545457,1.351338485113034,110
1,1,19,6,0,0,9,-2178.2523364485983,1.4148310415612426,107
1,1,20,3,0,1,9,-2037.0,0.0,1
1,1,22,6,0,0,9,-2178.1415094339623,1.4435195411348847,106
1,1,31,6,0,0,9,-2178.1960784313724,1.2370047292243107,102
1,2,5,2,7,0,10,-1323.035294117647,1.4344259669710653,85
1,2,15,4,7,1,10,-2200.8406593406594,3.0222427455799807,182
1,2,34,2,7,0,10,-1322.972972972973,1.3914763659493903,111
1,3,3,10,3,0,11,-2077.90625,1.30765474705673,96
1,3,12,10,3,0,11,-2077.678899082569,1.3263783476754207,109
1,3,19,10,3,0,11,-2077.8828828828828,1.393283365137228,111
1,3,27,10,3,0,11,-2077.9268292682927,1.374392588316066,123
1,4,18,6,6,1,12,-2103.3069306930693,1.460656127187387,101
1,5,20,6,0,1,13,-1877.0,0.0,1
1,5,22,3,7,1,13,-1978.076923076923,1.372214170292635,117
1,5,29,3,7,1,13,-1977.723404255319,1.4247377909708216,94
1,5,35,3,7,1,13,-1977.8059701492537,1.1228801717595418,67
1,6,1,4,7,1,14,-1960.0,0.0,20
1,6,6,10,0,1,14,-2003.206611570248,1.3042673466639663,121
1,6,9,10,0,1,14,-2002.8990825688074,1.3810310874128808,109
1,6,15,10,0,1,14,-2003.0483870967741,1.3189367584104776,124
1,6,22,12,0,0,14,-2000.4052631578948,2.8467846468294327,190
1,6,27,12,3,0,14,-1933.1566666666668,4.2267547309092715,300
0,0,15,3,7,1,0,-2207.8137254901962,1.4123432907486102,102
0,2,1,8,7,1,2,-2570.0,0.0,28
0,4,7,8,7,1,4,-2266.0,0.0,1
1,1,7,0,7,1,9,-2036.0,0.0,1
1,2,1,2,7,1,10,-2200.0,0.0,24
1,3,1,2,7,1,11,-2100.0,0.0,24
1,4,10,6,6,1,12,-2102.758333333333,1.3904186022611715,120
0,3,1,8,7,1,3,-2470.0,0.0,23
0,6,1,10,7,1,6,-2330.0,0.0,25
1,1,1,12,7,1,9,-3100.0,0.0,18
1,1,12,2,0,1,9,-2018.0,0.0,1
1,5,1,3,7,1,13,-1980.0,0.0,24
0,0,12,2,0,1,0,-2010.0,0.0,1
0,4,12,0,0,1,4,-1450.0,0.0,1
0,6,12,1,0,1,6,-1330.0,0.0,1
1,2,12,3,0,1,10,-2000.0,0.0,1
1,3,12,4,0,1,11,-1980.0,0.0,1
1,4,1,3,7,1,12,-2080.0,0.0,16
0,1,17,0,0,0,1,-1572.0,0.0,1
0,6,17,3,0,0,6,-1312.0,0.0,1
1,4,17,7,0,0,12,-1942.0,0.0,1
1,5,17,7,0,0,13,-1842.0,0.0,1
0,4,35,12,6,1,4,-2490.0,0.0,20
0,6,22,5,1,0,6,-1296.0,0.0,1
1,0,22,0,1,0,8,-1606.0,0.0,1
1,3,22,8,1,0,11,-1947.0,1.0,2
1,1,27,9,7,0,9,-2050.0,0.0,1
1,0,27,2,7,0,8,-1592.0,0.0,1
1,2,27,10,7,0,10,-2032.0,0.0,1
0,0,33,0,7,1,0,-2024.0,0.0,1
0,4,33,8,7,1,4,-2264.0,0.0,1
1,6,33,3,7,1,14,-1774.0,0.0,1
0,7,33,10,7,1,7,-2126.0,0.0,1
1,2,33,1,7,1,10,-2016.0,0.0,1
1,3,33,1,7,1,11,-1916.0,0.0,1
0,5,4,10,4,1,5,-2209.0,0.0,1
1,6,4,5,4,1,14,-1819.0,0.0,1
0,3,4,9,6,1,3,-2331.0,0.0,1
0,7,4,1,6,1,7,-1291.0,0.0,1
1,5,4,4,6,1,13,-1841.0,0.0,1
1,6,4,5,6,1,14,-1821.0,0.0,1
0,2,9,0,0,1,2,-1533.0,0.0,1
1,0,9,8,0,1,8,-2483.0,0.0,1
1,5,9,6,0,1,13,-1824.0,1.0,2
0,2,19,4,7,0,2,-1501.0,0.0,1
1,5,19,0,7,0,13,-991.0,0.0,1
1,6,19,0,7,0,14,-891.0,0.0,1
0,4,19,5,7,0,4,-1383.0,0.0,1
0,1,25,6,7,1,1,-2465.0,0.0,1
1,5,25,2,7,1,13,-1855.0,0.0,1
0,0,25,10,7,1,0,-2887.0,0.0,1
1,4,25,1,7,1,12,-1877.0,0.0,1
0,4,30,10,4,1,4,-2309.0,0.0,1
0,6,30,0,4,1,6,-1309.0,0.0,1
1,0,30,6,4,1,8,-2499.0,0.0,1
0,0,30,1,6,1,0,-1991.0,0.0,1
0,6,30,0,6,1,6,-1311.0,0.0,1
0,0,1,3,0,1,0,-2034.0,0.0,1
1,1,1,3,0,1,9,-2044.0,0.0,1
1,6,1,6,0,1,14,-1784.0,0.0,1
0,3,1,0,0,1,3,-1496.0,0.0,1
0,4,1,0,0,1,4,-1396.0,0.0,1
0,7,6,4,0,0,7,-1238.0,0.0,1
1,4,6,7,0,0,12,-1888.0,0.0,1
1,5,6,8,0,0,13,-1870.0,0.0,1
0,2,6,1,0,0,2,-1502.0,0.0,1
0,6,6,4,0,0,6,-1342.0,0.0,1
0,2,11,3,3,0,2,-1484.0,0.0,1
0,3,11,4,3,0,3,-1464.0,0.0,1
0,7,11,6,3,0,7,-1224.0,0.0,1
1,3,11,9,3,0,11,-1976.0,0.0,1
1,2,16,10,7,0,10,-1979.0,1.0,2
0,7,22,0,7,1,7,-1272.0,0.0,1
0,1,27,9,0,1,1,-2416.0,0.0,1
0,6,27,1,0,1,6,-1276.0,0.0,1
1,4,27,5,0,1,12,-1906.0,0.0,1
0,7,27,2,0,1,7,-1258.0,0.0,1
1,6,32,8,0,0,14,-1772.0,0.0,1
1,5,3,9,1,0,13,-1835.0,0.0,1
0,0,3,6,1,0,0,-1987.0,0.0,1
0,4,8,6,7,0,4,-1409.0,0.0,1
1,2,8,10,7,0,10,-2039.0,0.0,1
1,3,8,10,7,0,11,-1941.0,0.0,1
