###############################################################
#  Generated by:      Cadence Innovus 22.33-s094_1
#  OS:                Linux x86_64(Host ID lyoelectrosrv01.in2p3.fr)
#  Generated on:      Tue Jul  7 22:46:22 2026
#  Design:            mptdc_axis_core
#  Command:           verifyConnectivity -type special -nets {VDD VSS} -report /sim/ksabra/SPADMIC_work/innovus/mptdc_ro6_via_stack_ckpt_proof_20260707_224542/reports/00_initial_verify_connectivity_special_detailed.rpt > /sim/ksabra/SPADMIC_work/innovus/mptdc_ro6_via_stack_ckpt_proof_20260707_224542/reports/00_initial_verify_connectivity_special_detailed.console.rpt
###############################################################
Verify Connectivity Report is created on Tue Jul  7 22:46:22 2026



Net VDD, Pin Pin: FE_OFC1764_u_core_fast_tag_col_6__0/vddi; Direction: INOUT; Use: POWER;: has an unconnected terminal at (347.850, 718.060) (348.140, 718.640)
Net VDD, Pin Pin: FE_OFC1621_FE_DBTN51_hit_latched_41/vddi; Direction: INOUT; Use: POWER;: has an unconnected terminal at (323.120, 575.280) (325.360, 576.080)
Net VDD, Pin Pin: FE_OFC1598_FE_OCPN4968_u_core_fast_tag_col_7__4/vddi; Direction: INOUT; Use: POWER;: has an unconnected terminal at (370.160, 611.120) (371.840, 611.920)
Net VDD, Pin Pin: FE_OFC1546_u_core_pd_hit_level_48/vddi; Direction: INOUT; Use: POWER;: has an unconnected terminal at (152.320, 485.680) (154.560, 486.480)
Net VDD, Pin Pin: FE_OFC1538_n/vddi; Direction: INOUT; Use: POWER;: has an unconnected terminal at (474.880, 414.000) (477.680, 414.800)
Net VDD, Pin Pin: FE_OFC1537_n/vddi; Direction: INOUT; Use: POWER;: has an unconnected terminal at (470.960, 414.000) (473.760, 414.800)
Net VDD, Pin Pin: FE_OFC1507_u_core_u_fifo_n_8266/vddi; Direction: INOUT; Use: POWER;: has an unconnected terminal at (852.880, 422.960) (856.800, 423.760)
Net VDD, Pin Pin: FE_RC_113_0/vddi; Direction: INOUT; Use: POWER;: has an unconnected terminal at (557.930, 431.605) (558.270, 431.920)
Net VDD, Pin Pin: FE_OFC1365_u_core_n_1562/vddi; Direction: INOUT; Use: POWER;: has an unconnected terminal at (388.680, 709.100) (389.020, 709.680)
Net VDD, Pin Pin: FE_OFC1160_u_core_u_meas_ctrl_n_128/vddi; Direction: INOUT; Use: POWER;: has an unconnected terminal at (247.520, 387.120) (250.320, 387.920)
Net VDD, Pin Pin: FE_OFC1093_FE_RN_1_0/vddi; Direction: INOUT; Use: POWER;: has an unconnected terminal at (773.360, 763.440) (775.600, 764.240)
Net VDD, Pin Pin: FE_RC_76_0/vddi; Direction: INOUT; Use: POWER;: has an unconnected terminal at (431.340, 430.760) (431.570, 431.920)
Net VDD, Pin Pin: FE_RC_68_0/vddi; Direction: INOUT; Use: POWER;: has an unconnected terminal at (231.280, 431.920) (235.760, 432.720)
Net VDD, Pin Pin: FE_RC_67_0/vddi; Direction: INOUT; Use: POWER;: has an unconnected terminal at (244.720, 431.920) (249.200, 432.720)
Net VDD, Pin Pin: FE_OFC622_packet_active_o/vddi; Direction: INOUT; Use: POWER;: has an unconnected terminal at (800.420, 780.780) (800.710, 781.360)
Net VDD, Pin Pin: FE_OFC613_FE_DBTN0_u_core_rst_sys_drain_n/vddi; Direction: INOUT; Use: POWER;: has an unconnected terminal at (396.570, 217.680) (396.860, 218.260)
Net VDD, Pin Pin: FE_OFC569_u_core_n_67823/vddi; Direction: INOUT; Use: POWER;: has an unconnected terminal at (587.440, 243.760) (589.680, 244.560)
Net VDD, Pin Pin: FE_OFC554_u_core_n_68384/vddi; Direction: INOUT; Use: POWER;: has an unconnected terminal at (595.280, 234.800) (597.520, 235.600)
Net VDD, Pin Pin: FE_OFC537_u_core_n_68661/vddi; Direction: INOUT; Use: POWER;: has an unconnected terminal at (295.770, 280.400) (296.060, 280.980)
Net VDD, Pin Pin: FE_OCPC479_u_core_pd_hit_level_58/vddi; Direction: INOUT; Use: POWER;: has an unconnected terminal at (248.080, 163.120) (250.320, 163.920)
Net VDD, Pin Pin: FE_RC_20_0/vddi; Direction: INOUT; Use: POWER;: has an unconnected terminal at (862.400, 252.720) (865.200, 253.520)
Net VDD, Pin Pin: FE_OFC185_u_core_gen_fast_tag_col_2__u_fast_tag_n_41/vddi; Direction: INOUT; Use: POWER;: has an unconnected terminal at (299.220, 190.800) (299.510, 191.380)
Net VDD, Pin Pin: u_rst_core_sync/sync_q_reg[2]/vddi; Direction: INOUT; Use: POWER;: has an unconnected terminal at (892.000, 81.645) (892.340, 82.480)
Net VDD, Pin Pin: u_core_gen_pd_row[0].gen_pd_col[1].u_pd/FE_OFC927_u_core_pd_hit_level_1/vddi; Direction: INOUT; Use: POWER;: has an unconnected terminal at (624.960, 548.400) (627.200, 549.200)
Net VDD, Pin Pin: u_core_gen_pd_row[0].gen_pd_col[1].u_pd/FE_OFC926_u_core_pd_hit_level_1/vddi; Direction: INOUT; Use: POWER;: has an unconnected terminal at (621.600, 548.400) (623.840, 549.200)
Net VDD, Pin Pin: u_core_gen_pd_row[0].gen_pd_col[1].u_pd/g439__2346/vddi; Direction: INOUT; Use: POWER;: has an unconnected terminal at (620.010, 547.820) (620.300, 548.400)
Net VDD, Pin Pin: u_core_gen_pd_row[0].gen_pd_col[1].u_pd/nfast_hit_latched_reg[3]/vddi; Direction: INOUT; Use: POWER;: has an unconnected terminal at (632.215, 520.880) (632.555, 521.520)
Net VDD, Pin Pin: u_core_gen_pd_row[0].gen_pd_col[2].u_pd/FE_OFC1566_FE_OCPN48315_n/vddi; Direction: INOUT; Use: POWER;: has an unconnected terminal at (533.680, 190.000) (535.920, 190.800)
Net VDD, Pin Pin: u_core_gen_pd_row[0].gen_pd_col[2].u_pd/FE_OCPC1052_FE_OFN4900_u_core_pd_hit_level_2/vddi; Direction: INOUT; Use: POWER;: has an unconnected terminal at (538.160, 198.960) (540.960, 199.760)
Net VDD, Pin Pin: u_core_gen_pd_row[0].gen_pd_col[2].u_pd/g458/vddi; Direction: INOUT; Use: POWER;: has an unconnected terminal at (514.170, 217.680) (514.460, 218.260)
Net VDD, Pin Pin: u_core_gen_pd_row[0].gen_pd_col[3].u_pd/g436__5115/vddi; Direction: INOUT; Use: POWER;: has an unconnected terminal at (520.890, 262.480) (521.180, 263.060)
Net VDD, Pin Pin: u_core_gen_pd_row[0].gen_pd_col[4].u_pd/g445__2802/vddi; Direction: INOUT; Use: POWER;: has an unconnected terminal at (614.880, 324.400) (617.680, 325.200)
Net VDD, Pin Pin: u_core_gen_pd_row[0].gen_pd_col[4].u_pd/g450/vddi; Direction: INOUT; Use: POWER;: has an unconnected terminal at (613.290, 325.200) (613.580, 325.780)
Net VDD, Pin Pin: u_core_gen_pd_row[0].gen_pd_col[6].u_pd/q2_reg/vddi; Direction: INOUT; Use: POWER;: has an unconnected terminal at (507.840, 674.640) (508.180, 675.475)
Net VDD, Pin Pin: u_core_gen_pd_row[0].gen_pd_col[6].u_pd/g442__6260/vddi; Direction: INOUT; Use: POWER;: has an unconnected terminal at (526.490, 665.680) (526.780, 666.260)
Net VDD, Pin Pin: u_core_gen_pd_row[0].gen_pd_col[6].u_pd/nfast_hit_latched_reg[3]/vddi; Direction: INOUT; Use: POWER;: has an unconnected terminal at (540.375, 674.640) (540.715, 675.280)
Net VDD, Pin Pin: u_core_gen_pd_row[1].gen_pd_col[0].u_pd/g442__6417/vddi; Direction: INOUT; Use: POWER;: has an unconnected terminal at (514.080, 503.600) (518.000, 504.400)
Net VDD, Pin Pin: u_core_gen_pd_row[1].gen_pd_col[1].u_pd/g443__5122/vddi; Direction: INOUT; Use: POWER;: has an unconnected terminal at (595.280, 566.320) (599.200, 567.120)
Net VDD, Pin Pin: u_core_gen_pd_row[1].gen_pd_col[1].u_pd/g444__8246/vddi; Direction: INOUT; Use: POWER;: has an unconnected terminal at (601.440, 566.320) (605.360, 567.120)
Net VDD, Pin Pin: u_core_gen_pd_row[1].gen_pd_col[1].u_pd/g458/vddi; Direction: INOUT; Use: POWER;: has an unconnected terminal at (592.660, 567.120) (592.950, 567.700)
Net VDD, Pin Pin: u_core_gen_pd_row[1].gen_pd_col[3].u_pd/g436__2398/vddi; Direction: INOUT; Use: POWER;: has an unconnected terminal at (486.080, 252.720) (490.000, 253.520)
Net VDD, Pin Pin: u_core_gen_pd_row[1].gen_pd_col[3].u_pd/g437__5107/vddi; Direction: INOUT; Use: POWER;: has an unconnected terminal at (492.800, 252.720) (496.720, 253.520)
Net VDD, Pin Pin: u_core_gen_pd_row[1].gen_pd_col[4].u_pd/hit_latched_reg/vddi; Direction: INOUT; Use: POWER;: has an unconnected terminal at (614.800, 352.080) (615.140, 352.915)
Net VDD, Pin Pin: u_core_gen_pd_row[1].gen_pd_col[5].u_pd/g437__7410/vddi; Direction: INOUT; Use: POWER;: has an unconnected terminal at (515.380, 332.780) (515.670, 333.360)
Net VDD, Pin Pin: u_core_gen_pd_row[1].gen_pd_col[7].u_pd/FE_RC_10_0/vddi; Direction: INOUT; Use: POWER;: has an unconnected terminal at (467.040, 620.080) (470.400, 620.880)
Net VDD, Pin Pin: u_core_gen_pd_row[1].gen_pd_col[7].u_pd/g441__7410/vddi; Direction: INOUT; Use: POWER;: has an unconnected terminal at (459.380, 610.540) (459.670, 611.120)
Net VDD, Pin Pin: u_core_gen_pd_row[2].gen_pd_col[1].u_pd/FE_OFC931_hit_latched_41/vddi; Direction: INOUT; Use: POWER;: has an unconnected terminal at (515.200, 539.440) (517.440, 540.240)
Net VDD, Pin Pin: u_core_gen_pd_row[2].gen_pd_col[2].u_pd/g439__4319/vddi; Direction: INOUT; Use: POWER;: has an unconnected terminal at (466.660, 199.760) (466.950, 200.340)
Net VDD, Pin Pin: u_core_gen_pd_row[2].gen_pd_col[2].u_pd/g29/vddi; Direction: INOUT; Use: POWER;: has an unconnected terminal at (487.200, 216.880) (491.120, 217.680)
Net VDD, Pin Pin: u_core_gen_pd_row[2].gen_pd_col[5].u_pd/g444__5115/vddi; Direction: INOUT; Use: POWER;: has an unconnected terminal at (485.520, 324.400) (489.440, 325.200)
Net VDD, Pin Pin: u_core_gen_pd_row[2].gen_pd_col[7].u_pd/g443__5122/vddi; Direction: INOUT; Use: POWER;: has an unconnected terminal at (412.720, 646.960) (416.640, 647.760)
Net VDD, Pin Pin: u_core_gen_pd_row[3].gen_pd_col[2].u_pd/g468/vddi; Direction: INOUT; Use: POWER;: has an unconnected terminal at (366.980, 198.380) (367.270, 198.960)
Net VDD, Pin Pin: u_core_gen_pd_row[3].gen_pd_col[4].u_pd/g452/vddi; Direction: INOUT; Use: POWER;: has an unconnected terminal at (363.620, 332.780) (363.910, 333.360)
Net VDD, Pin Pin: u_core_gen_pd_row[3].gen_pd_col[6].u_pd/g441__2802/vddi; Direction: INOUT; Use: POWER;: has an unconnected terminal at (392.180, 665.680) (392.470, 666.260)
Net VDD, Pin Pin: u_core_gen_pd_row[3].gen_pd_col[6].u_pd/g464/vddi; Direction: INOUT; Use: POWER;: has an unconnected terminal at (396.570, 674.640) (396.860, 675.220)
Net VDD, Pin Pin: u_core_gen_pd_row[3].gen_pd_col[7].u_pd/nfast_hit_latched_reg[0]/vddi; Direction: INOUT; Use: POWER;: has an unconnected terminal at (398.580, 602.960) (400.220, 603.600)
Net VDD, Pin Pin: u_core_gen_pd_row[4].gen_pd_col[1].u_pd/g441__7482/vddi; Direction: INOUT; Use: POWER;: has an unconnected terminal at (336.740, 522.320) (337.030, 522.900)
Net VDD, Pin Pin: u_core_gen_pd_row[4].gen_pd_col[2].u_pd/FE_OFC1651_FE_DBTN26_u_core_pd_hit_level_34/vddi; Direction: INOUT; Use: POWER;: has an unconnected terminal at (336.180, 207.340) (336.470, 207.920)
Net VDD, Pin Pin: u_core_gen_pd_row[4].gen_pd_col[2].u_pd/g437__7410/vddi; Direction: INOUT; Use: POWER;: has an unconnected terminal at (339.540, 207.340) (339.830, 207.920)
Net VDD, Pin Pin: u_core_gen_pd_row[4].gen_pd_col[3].u_pd/g441__7098/vddi; Direction: INOUT; Use: POWER;: has an unconnected terminal at (324.240, 261.680) (328.160, 262.480)
Net VDD, Pin Pin: u_core_gen_pd_row[4].gen_pd_col[3].u_pd/g442__6131/vddi; Direction: INOUT; Use: POWER;: has an unconnected terminal at (308.180, 261.100) (308.470, 261.680)
Net VDD, Pin Pin: u_core_gen_pd_row[4].gen_pd_col[4].u_pd/g450/vddi; Direction: INOUT; Use: POWER;: has an unconnected terminal at (341.130, 368.620) (341.420, 369.200)
Net VDD, Pin Pin: u_core_gen_pd_row[4].gen_pd_col[5].u_pd/g445__7098/vddi; Direction: INOUT; Use: POWER;: has an unconnected terminal at (269.360, 324.400) (272.160, 325.200)
Net VDD, Pin Pin: u_core_gen_pd_row[5].gen_pd_col[1].u_pd/FE_OFC685_n_11/vddi; Direction: INOUT; Use: POWER;: has an unconnected terminal at (257.600, 539.440) (259.840, 540.240)
Net VDD, Pin Pin: u_core_gen_pd_row[5].gen_pd_col[2].u_pd/FE_RC_32_0/vddi; Direction: INOUT; Use: POWER;: has an unconnected terminal at (268.240, 207.920) (272.160, 208.720)
Net VDD, Pin Pin: u_core_gen_pd_row[5].gen_pd_col[2].u_pd/g468/vddi; Direction: INOUT; Use: POWER;: has an unconnected terminal at (231.460, 216.300) (231.750, 216.880)
Net VDD, Pin Pin: u_core_gen_pd_row[5].gen_pd_col[2].u_pd/g29/vddi; Direction: INOUT; Use: POWER;: has an unconnected terminal at (234.080, 216.880) (238.000, 217.680)
Net VDD, Pin Pin: u_core_gen_pd_row[5].gen_pd_col[4].u_pd/g458/vddi; Direction: INOUT; Use: POWER;: has an unconnected terminal at (146.250, 368.620) (146.540, 369.200)
Net VDD, Pin Pin: u_core_gen_pd_row[5].gen_pd_col[6].u_pd/g444__1617/vddi; Direction: INOUT; Use: POWER;: has an unconnected terminal at (295.680, 646.960) (299.600, 647.760)
Net VDD, Pin Pin: u_core_gen_pd_row[5].gen_pd_col[6].u_pd/g446__1705/vddi; Direction: INOUT; Use: POWER;: has an unconnected terminal at (291.760, 646.960) (294.560, 647.760)
Net VDD, Pin Pin: u_core_gen_pd_row[5].gen_pd_col[6].u_pd/nfast_hit_latched_reg[3]/vddi; Direction: INOUT; Use: POWER;: has an unconnected terminal at (261.765, 664.240) (262.105, 664.880)
Net VDD, Pin Pin: u_core_gen_pd_row[6].gen_pd_col[1].u_pd/g446__4733/vddi; Direction: INOUT; Use: POWER;: has an unconnected terminal at (124.880, 584.240) (127.680, 585.040)
Net VDD, Pin Pin: u_core_gen_pd_row[6].gen_pd_col[2].u_pd/FE_RC_47_0/vddi; Direction: INOUT; Use: POWER;: has an unconnected terminal at (137.200, 198.960) (141.120, 199.760)
Net VDD, Pin Pin: u_core_gen_pd_row[6].gen_pd_col[2].u_pd/nfast_hit_latched_reg[1]/vddi; Direction: INOUT; Use: POWER;: has an unconnected terminal at (111.910, 198.940) (112.820, 198.960)
Net VDD, Pin Pin: u_core_gen_pd_row[6].gen_pd_col[4].u_pd/g464/vddi; Direction: INOUT; Use: POWER;: has an unconnected terminal at (102.660, 359.660) (102.950, 360.240)
Net VDD, Pin Pin: u_core_gen_pd_row[6].gen_pd_col[6].u_pd/nfast_hit_latched_reg[1]/vddi; Direction: INOUT; Use: POWER;: has an unconnected terminal at (265.125, 726.960) (265.465, 727.600)
Net VDD, Pin Pin: u_core_gen_pd_row[6].gen_pd_col[7].u_pd/g437__7410/vddi; Direction: INOUT; Use: POWER;: has an unconnected terminal at (195.440, 584.240) (199.360, 585.040)
Net VDD, Pin Pin: u_core_gen_pd_row[6].gen_pd_col[7].u_pd/g445__5526/vddi; Direction: INOUT; Use: POWER;: has an unconnected terminal at (243.600, 611.120) (246.400, 611.920)
Net VDD, Pin Pin: u_core_gen_pd_row[7].gen_pd_col[0].u_pd/g458/vddi; Direction: INOUT; Use: POWER;: has an unconnected terminal at (143.450, 495.440) (143.740, 496.020)
Net VDD, Pin Pin: u_core_gen_pd_row[7].gen_pd_col[1].u_pd/g443__5477/vddi; Direction: INOUT; Use: POWER;: has an unconnected terminal at (132.160, 584.240) (136.080, 585.040)
Net VDD, Pin Pin: u_core_gen_pd_row[7].gen_pd_col[1].u_pd/g458/vddi; Direction: INOUT; Use: POWER;: has an unconnected terminal at (143.450, 583.660) (143.740, 584.240)
Net VDD, Pin Pin: u_core_gen_pd_row[7].gen_pd_col[2].u_pd/g443__5122/vddi; Direction: INOUT; Use: POWER;: has an unconnected terminal at (246.400, 190.000) (250.320, 190.800)
Net VDD, Pin Pin: u_core_gen_pd_row[7].gen_pd_col[2].u_pd/g445__7098/vddi; Direction: INOUT; Use: POWER;: has an unconnected terminal at (258.160, 190.000) (260.960, 190.800)
Net VDD, Pin Pin: u_core_gen_pd_row[7].gen_pd_col[7].u_pd/FE_RC_132_0/vddi; Direction: INOUT; Use: POWER;: has an unconnected terminal at (331.050, 611.920) (331.340, 612.500)
Net VDD, Pin Pin: u_core_u_phase_buf_fast/gen_phase_buf[0].u_iso/vddi; Direction: INOUT; Use: POWER;: has an unconnected terminal at (131.600, 198.960) (136.080, 199.760)
Net VDD, Pin Pin: u_core_u_phase_buf_fast/gen_phase_buf[3].u_iso/vddi; Direction: INOUT; Use: POWER;: has an unconnected terminal at (173.600, 198.960) (178.080, 199.760)
Net VDD, Pin Pin: u_core_u_phase_buf_fast/gen_phase_buf[4].u_iso/vddi; Direction: INOUT; Use: POWER;: has an unconnected terminal at (99.680, 198.960) (104.160, 199.760)
Net VDD, Pin Pin: u_core_u_phase_buf_fast/gen_phase_buf[5].u_iso/vddi; Direction: INOUT; Use: POWER;: has an unconnected terminal at (159.600, 198.960) (164.080, 199.760)
Net VDD, Pin Pin: u_core_u_phase_buf_fast/gen_phase_buf[7].u_iso/vddi; Direction: INOUT; Use: POWER;: has an unconnected terminal at (179.200, 198.960) (183.680, 199.760)
Net VDD, Pin Pin: u_core_u_phase_buf_slow/gen_phase_buf[3].u_iso/vddi; Direction: INOUT; Use: POWER;: has an unconnected terminal at (180.320, 602.160) (184.800, 602.960)
Net VDD, Pin Pin: u_core_u_phase_buf_slow/gen_phase_buf[4].u_drv/vddi; Direction: INOUT; Use: POWER;: has an unconnected terminal at (189.840, 602.160) (201.040, 602.960)
Net VDD, Pin Pin: u_core_u_phase_buf_slow/gen_phase_buf[4].u_iso/vddi; Direction: INOUT; Use: POWER;: has an unconnected terminal at (128.240, 593.200) (132.720, 594.000)
Net VDD, Pin Pin: u_core_u_phase_buf_slow/gen_phase_buf[5].u_drv/vddi; Direction: INOUT; Use: POWER;: has an unconnected terminal at (143.920, 593.200) (155.120, 594.000)
Net VDD, Pin Pin: u_core_u_phase_buf_slow/gen_phase_buf[5].u_iso/vddi; Direction: INOUT; Use: POWER;: has an unconnected terminal at (157.360, 593.200) (161.840, 594.000)
Net VDD, Pin Pin: u_core_u_phase_buf_slow/gen_phase_buf[6].u_drv/vddi; Direction: INOUT; Use: POWER;: has an unconnected terminal at (211.120, 602.160) (222.320, 602.960)
Net VDD, Pin Pin: u_core_u_phase_buf_slow/gen_phase_buf[6].u_iso/vddi; Direction: INOUT; Use: POWER;: has an unconnected terminal at (204.400, 602.160) (208.880, 602.960)
Net VDD, Pin Pin: u_core_u_phase_buf_slow/gen_phase_buf[7].u_iso/vddi; Direction: INOUT; Use: POWER;: has an unconnected terminal at (175.840, 593.200) (180.320, 594.000)
Net VDD, Pin Pin: u_core_u_rst_drain_sync/sync_q_reg[0]/vddi; Direction: INOUT; Use: POWER;: has an unconnected terminal at (650.640, 171.245) (650.980, 172.080)
Net VDD, Pin Pin: g143__2398/vddi; Direction: INOUT; Use: POWER;: has an unconnected terminal at (898.240, 73.520) (901.040, 74.320)
Net VDD, Pin Pin: soft_rst_hold_q_reg[0]/vddi; Direction: INOUT; Use: POWER;: has an unconnected terminal at (943.900, 65.360) (944.240, 66.195)
Net VDD, Pin Pin: soft_rst_hold_q_reg[1]/vddi; Direction: INOUT; Use: POWER;: has an unconnected terminal at (943.900, 81.645) (944.240, 82.480)
Net VDD, Pin Pin: g153__5526/vddi; Direction: INOUT; Use: POWER;: has an unconnected terminal at (21.060, 343.980) (21.370, 344.280)
Net VDD, Pin Pin: g154__6783/vddi; Direction: INOUT; Use: POWER;: has an unconnected terminal at (25.295, 594.000) (25.580, 594.640)
Net VDD, Pin Pin: u_core_u_osc_fast_u_ro_tune4/VDD; Direction: INOUT; Use: POWER;: has an unconnected terminal at (52.430, 170.710) (57.575, 173.945)
Net VDD, Pin Pin: u_core_u_osc_slow_u_ro_tune4/VDD; Direction: INOUT; Use: POWER;: has an unconnected terminal at (52.430, 627.355) (57.575, 630.590)
Net VDD, Pin Pin: u_core_g34729/vddi; Direction: INOUT; Use: POWER;: has an unconnected terminal at (438.820, 111.020) (439.130, 111.320)
Net VDD, Pin Pin: u_core_g34738/vddi; Direction: INOUT; Use: POWER;: has an unconnected terminal at (536.950, 111.020) (537.260, 111.320)
Net VDD, Pin Pin: u_core_g34739/vddi; Direction: INOUT; Use: POWER;: has an unconnected terminal at (261.300, 102.060) (261.610, 102.360)
Net VDD, Pin Pin: u_core_g34740/vddi; Direction: INOUT; Use: POWER;: has an unconnected terminal at (335.350, 119.980) (335.660, 120.280)
Net VDD, Pin Pin: u_core_u_slow_epoch_johnson_o_reg[19]/vddi; Direction: INOUT; Use: POWER;: has an unconnected terminal at (465.100, 746.320) (465.440, 747.155)
Net VDD, Pin Pin: u_core_u_slow_epoch_johnson_o_reg[22]/vddi; Direction: INOUT; Use: POWER;: has an unconnected terminal at (476.480, 762.605) (476.820, 763.440)
Net VDD, Pin Pin: u_core_u_slow_epoch_johnson_o_reg[25]/vddi; Direction: INOUT; Use: POWER;: has an unconnected terminal at (494.400, 780.525) (494.740, 781.360)
Net VDD, Pin Pin: u_core_u_slow_epoch_johnson_o_reg[26]/vddi; Direction: INOUT; Use: POWER;: has an unconnected terminal at (510.080, 780.525) (510.420, 781.360)
Net VDD, Pin Pin: u_core_u_slow_epoch_johnson_o_reg[31]/vddi; Direction: INOUT; Use: POWER;: has an unconnected terminal at (516.060, 773.200) (516.400, 774.035)
Net VDD, Pin Pin: u_core_u_slow_epoch_johnson_o_reg[32]/vddi; Direction: INOUT; Use: POWER;: has an unconnected terminal at (526.320, 780.525) (526.660, 781.360)
Net VDD, Pin Pin: u_core_u_slow_epoch_johnson_o_reg[35]/vddi; Direction: INOUT; Use: POWER;: has an unconnected terminal at (547.420, 773.200) (547.760, 774.035)
Net VDD, Pin Pin: u_core_u_slow_epoch_johnson_o_reg[36]/vddi; Direction: INOUT; Use: POWER;: has an unconnected terminal at (557.680, 780.525) (558.020, 781.360)
Net VDD, Pin Pin: u_core_u_slow_epoch_johnson_o_reg[37]/vddi; Direction: INOUT; Use: POWER;: has an unconnected terminal at (572.240, 780.525) (572.580, 781.360)
Net VDD, Pin Pin: u_core_u_slow_epoch_johnson_o_reg[40]/vddi; Direction: INOUT; Use: POWER;: has an unconnected terminal at (578.780, 780.525) (579.120, 781.360)
Net VDD, Pin Pin: u_core_u_slow_epoch_johnson_o_reg[41]/vddi; Direction: INOUT; Use: POWER;: has an unconnected terminal at (589.600, 771.565) (589.940, 772.400)
Net VDD, Pin Pin: u_core_u_slow_epoch_johnson_o_reg[43]/vddi; Direction: INOUT; Use: POWER;: has an unconnected terminal at (605.280, 780.525) (605.620, 781.360)
Net VDD, Pin Pin: u_core_u_slow_epoch_johnson_o_reg[54]/vddi; Direction: INOUT; Use: POWER;: has an unconnected terminal at (635.520, 710.480) (635.860, 711.315)
Net VDD, Pin Pin: u_core_u_stop_epoch_capture_slow_epoch_johnson_stop_o_reg[3]/vddi; Direction: INOUT; Use: POWER;: has an unconnected terminal at (532.300, 692.560) (532.640, 693.395)
Net VDD, Pin Pin: u_core_u_stop_epoch_capture_slow_epoch_johnson_stop_o_reg[13]/vddi; Direction: INOUT; Use: POWER;: has an unconnected terminal at (482.640, 708.845) (482.980, 709.680)
Net VDD, Pin Pin: u_core_u_stop_epoch_capture_slow_epoch_johnson_stop_o_reg[18]/vddi; Direction: INOUT; Use: POWER;: has an unconnected terminal at (489.360, 735.725) (489.700, 736.560)
Net VDD, Pin Pin: u_core_u_stop_epoch_capture_slow_epoch_johnson_stop_o_reg[31]/vddi; Direction: INOUT; Use: POWER;: has an unconnected terminal at (540.320, 780.525) (540.660, 781.360)
Net VDD, Pin Pin: u_core_u_stop_epoch_capture_slow_epoch_johnson_stop_o_reg[32]/vddi; Direction: INOUT; Use: POWER;: has an unconnected terminal at (539.200, 762.605) (539.540, 763.440)
Net VDD, Pin Pin: u_core_g44208/vddi; Direction: INOUT; Use: POWER;: has an unconnected terminal at (577.360, 279.600) (583.520, 280.400)
Net VDD, Pin Pin: u_core_g44305/vddi; Direction: INOUT; Use: POWER;: has an unconnected terminal at (646.800, 216.880) (652.960, 217.680)
Net VDD, Pin Pin: u_core_g44343/vddi; Direction: INOUT; Use: POWER;: has an unconnected terminal at (351.120, 73.520) (356.160, 74.320)
Net VDD, Pin Pin: u_core_g44348/vddi; Direction: INOUT; Use: POWER;: has an unconnected terminal at (439.600, 73.520) (444.640, 74.320)
Net VDD, Pin Pin: u_core_g44392/vddi; Direction: INOUT; Use: POWER;: has an unconnected terminal at (733.600, 727.600) (738.080, 728.400)
Net VDD, Pin Pin: u_core_g44411/vddi; Direction: INOUT; Use: POWER;: has an unconnected terminal at (850.080, 781.360) (853.440, 782.160)
Net VDD, Pin Pin: u_core_g44413/vddi; Direction: INOUT; Use: POWER;: has an unconnected terminal at (614.410, 780.780) (614.740, 781.360)
Net VDD, Pin Pin: u_core_g44414/vddi; Direction: INOUT; Use: POWER;: has an unconnected terminal at (718.480, 781.360) (721.280, 782.160)
Net VDD, Pin Pin: u_core_g44415/vddi; Direction: INOUT; Use: POWER;: has an unconnected terminal at (897.120, 781.360) (899.920, 782.160)
Net VDD, Pin Pin: u_core_g44420/vddi; Direction: INOUT; Use: POWER;: has an unconnected terminal at (894.500, 780.780) (894.790, 781.360)
Net VDD, Pin Pin: u_core_g44421/vddi; Direction: INOUT; Use: POWER;: has an unconnected terminal at (752.820, 780.780) (753.110, 781.360)
Net VDD, Pin Pin: u_core_g44423/vddi; Direction: INOUT; Use: POWER;: has an unconnected terminal at (414.870, 699.560) (415.180, 699.860)
Net VDD, Pin Pin: u_core_g44436/vddi; Direction: INOUT; Use: POWER;: has an unconnected terminal at (628.880, 190.000) (631.680, 190.800)
Net VDD, Pin Pin: u_core_g44440/vddi; Direction: INOUT; Use: POWER;: has an unconnected terminal at (69.780, 433.580) (70.090, 433.880)
Net VDD, Pin Pin: u_core_g44469/vddi; Direction: INOUT; Use: POWER;: has an unconnected terminal at (395.700, 466.600) (396.010, 466.900)
Net VDD, Pin Pin: u_core_g44475/vddi; Direction: INOUT; Use: POWER;: has an unconnected terminal at (394.020, 457.640) (394.330, 457.940)
Net VDD, Pin Pin: u_core_g44476/vddi; Direction: INOUT; Use: POWER;: has an unconnected terminal at (408.020, 469.420) (408.330, 469.720)
Net VDD, Pin Pin: u_core_g44480/vddi; Direction: INOUT; Use: POWER;: has an unconnected terminal at (505.460, 305.320) (505.770, 305.620)
Net VDD, Pin Pin: u_core_g44492/vddi; Direction: INOUT; Use: POWER;: has an unconnected terminal at (220.420, 487.340) (220.730, 487.640)
Net VDD, Pin Pin: u_core_g44520/vddi; Direction: INOUT; Use: POWER;: has an unconnected terminal at (631.590, 421.800) (631.900, 422.100)
Net VDD, Pin Pin: u_core_g44546/vddi; Direction: INOUT; Use: POWER;: has an unconnected terminal at (261.990, 242.600) (262.300, 242.900)
Net VDD, Pin Pin: u_core_g44568/vddi; Direction: INOUT; Use: POWER;: has an unconnected terminal at (627.670, 439.720) (627.980, 440.020)
Net VDD, Pin Pin: u_core_g44586/vddi; Direction: INOUT; Use: POWER;: has an unconnected terminal at (397.940, 403.880) (398.250, 404.180)
Net VDD, Pin Pin: u_core_g44614/vddi; Direction: INOUT; Use: POWER;: has an unconnected terminal at (357.620, 424.620) (357.930, 424.920)
Net VDD, Pin Pin: u_core_g44619/vddi; Direction: INOUT; Use: POWER;: has an unconnected terminal at (397.940, 412.840) (398.250, 413.140)
Net VDD, Pin Pin: u_core_g44639/vddi; Direction: INOUT; Use: POWER;: has an unconnected terminal at (223.350, 693.420) (223.660, 693.720)
Net VDD, Pin Pin: u_core_g44650/vddi; Direction: INOUT; Use: POWER;: has an unconnected terminal at (804.250, 780.780) (804.550, 781.360)
Net VDD, Pin Pin: u_core_g44655/vddi; Direction: INOUT; Use: POWER;: has an unconnected terminal at (854.560, 772.400) (857.360, 773.200)
Net VDD, Pin Pin: u_core_g44659/vddi; Direction: INOUT; Use: POWER;: has an unconnected terminal at (855.120, 781.360) (857.360, 782.160)
Net VDD, Pin Pin: u_core_g44689/vddi; Direction: INOUT; Use: POWER;: has an unconnected terminal at (477.030, 469.420) (477.340, 469.720)
Net VDD, Pin Pin: u_core_g44705/vddi; Direction: INOUT; Use: POWER;: has an unconnected terminal at (574.470, 290.220) (574.780, 290.520)
Net VDD, Pin Pin: u_core_g44715/vddi; Direction: INOUT; Use: POWER;: has an unconnected terminal at (217.750, 711.340) (218.060, 711.640)
Net VDD, Pin Pin: u_core_g44719/vddi; Direction: INOUT; Use: POWER;: has an unconnected terminal at (211.590, 251.560) (211.900, 251.860)
Net VDD, Pin Pin: u_core_g44722/vddi; Direction: INOUT; Use: POWER;: has an unconnected terminal at (189.190, 242.600) (189.500, 242.900)
Net VDD, Pin Pin: u_core_g44761/vddi; Direction: INOUT; Use: POWER;: has an unconnected terminal at (577.270, 361.900) (577.580, 362.200)
Net VDD, Pin Pin: u_core_g44763/vddi; Direction: INOUT; Use: POWER;: has an unconnected terminal at (107.860, 269.480) (108.170, 269.780)
Net VDD, Pin Pin: u_core_g44777/vddi; Direction: INOUT; Use: POWER;: has an unconnected terminal at (374.980, 538.280) (375.290, 538.580)
Net VDD, Pin Pin: u_core_g44809/vddi; Direction: INOUT; Use: POWER;: has an unconnected terminal at (478.150, 421.800) (478.460, 422.100)
Net VDD, Pin Pin: u_core_g44817/vddi; Direction: INOUT; Use: POWER;: has an unconnected terminal at (180.660, 305.320) (180.970, 305.620)
Net VDD, Pin Pin: u_core_g44877/vddi; Direction: INOUT; Use: POWER;: has an unconnected terminal at (260.870, 451.500) (261.180, 451.800)
Net VDD, Pin Pin: u_core_g44911/vddi; Direction: INOUT; Use: POWER;: has an unconnected terminal at (845.040, 781.360) (847.840, 782.160)
Net VDD, Pin Pin: u_core_g44926/vddi; Direction: INOUT; Use: POWER;: has an unconnected terminal at (835.610, 780.780) (835.910, 781.360)
Net VDD, Pin Pin: u_core_g44928/vddi; Direction: INOUT; Use: POWER;: has an unconnected terminal at (841.120, 781.360) (843.920, 782.160)
Net VDD, Pin Pin: u_core_g44930/vddi; Direction: INOUT; Use: POWER;: has an unconnected terminal at (383.640, 74.320) (383.980, 74.575)
Net VDD, Pin Pin: u_core_ro_code_loaded_q_reg/vddi; Direction: INOUT; Use: POWER;: has an unconnected terminal at (645.980, 208.720) (646.320, 209.555)
Net VDD, Pin Pin: u_core_ro_fast_code_q_reg[0]/vddi; Direction: INOUT; Use: POWER;: has an unconnected terminal at (639.260, 117.485) (639.600, 118.320)
Net VDD, Pin Pin: u_core_ro_fast_code_q_reg[1]/vddi; Direction: INOUT; Use: POWER;: has an unconnected terminal at (640.380, 144.365) (640.720, 145.200)
Net VDD, Pin Pin: u_core_ro_fast_code_q_reg[4]/vddi; Direction: INOUT; Use: POWER;: has an unconnected terminal at (661.660, 137.040) (662.000, 137.875)
Net VDD, Pin Pin: u_core_ro_fast_code_q_reg[5]/vddi; Direction: INOUT; Use: POWER;: has an unconnected terminal at (639.820, 137.040) (640.160, 137.875)
Net VDD, Pin Pin: u_core_ro_slow_code_q_reg[5]/vddi; Direction: INOUT; Use: POWER;: has an unconnected terminal at (640.380, 108.525) (640.720, 109.360)
Net VDD, Pin Pin: u_core_u_ctx_bank_ctx_snapshot_q_reg[0][nfast_hit_packed][21]/vddi; Direction: INOUT; Use: POWER;: has an unconnected terminal at (591.800, 289.360) (592.700, 289.990)
Net VDD, Pin Pin: u_core_u_ctx_bank_ctx_snapshot_q_reg[0][nfast_hit_packed][141]/vddi; Direction: INOUT; Use: POWER;: has an unconnected terminal at (492.020, 413.370) (492.920, 414.000)
Net VDD, Pin Pin: u_core_u_ctx_bank_ctx_snapshot_q_reg[0][nfast_hit_packed][171]/vddi; Direction: INOUT; Use: POWER;: has an unconnected terminal at (393.560, 450.640) (394.460, 451.270)
Net VDD, Pin Pin: u_core_u_ctx_bank_ctx_snapshot_q_reg[0][nfast_hit_packed][186]/vddi; Direction: INOUT; Use: POWER;: has an unconnected terminal at (400.180, 217.680) (401.080, 218.310)
Net VDD, Pin Pin: u_core_u_ctx_bank_ctx_snapshot_q_reg[0][nfast_hit_packed][212]/vddi; Direction: INOUT; Use: POWER;: has an unconnected terminal at (399.160, 726.970) (400.060, 727.600)
Net VDD, Pin Pin: u_core_u_ctx_bank_ctx_snapshot_q_reg[0][nfast_hit_packed][230]/vddi; Direction: INOUT; Use: POWER;: has an unconnected terminal at (352.120, 449.210) (353.020, 449.840)
Net VDD, Pin Pin: u_core_u_ctx_bank_ctx_snapshot_q_reg[0][nfast_hit_packed][339]/vddi; Direction: INOUT; Use: POWER;: has an unconnected terminal at (54.200, 504.400) (55.100, 505.030)
Net VDD, Pin Pin: u_core_u_ctx_bank_ctx_snapshot_q_reg[0][nfast_hit_packed][366]/vddi; Direction: INOUT; Use: POWER;: has an unconnected terminal at (53.640, 359.610) (54.540, 360.240)
Net VDD, Pin Pin: u_core_u_ctx_bank_ctx_snapshot_q_reg[0][nfast_hit_packed][367]/vddi; Direction: INOUT; Use: POWER;: has an unconnected terminal at (47.480, 377.530) (48.380, 378.160)
Net VDD, Pin Pin: u_core_u_ctx_bank_ctx_snapshot_q_reg[0][nfast_hit_packed][373]/vddi; Direction: INOUT; Use: POWER;: has an unconnected terminal at (92.280, 280.400) (93.180, 281.030)
Net VDD, Pin Pin: u_core_u_ctx_bank_ctx_snapshot_q_reg[1][nfast_hit_packed][59]/vddi; Direction: INOUT; Use: POWER;: has an unconnected terminal at (530.100, 468.560) (531.000, 469.190)
Net VDD, Pin Pin: u_core_u_ctx_bank_ctx_snapshot_q_reg[1][nfast_hit_packed][127]/vddi; Direction: INOUT; Use: POWER;: has an unconnected terminal at (473.640, 261.050) (474.540, 261.680)
Net VDD, Pin Pin: u_core_u_ctx_bank_ctx_snapshot_q_reg[1][nfast_hit_packed][136]/vddi; Direction: INOUT; Use: POWER;: has an unconnected terminal at (465.800, 307.280) (466.700, 307.910)
Net VDD, Pin Pin: u_core_u_ctx_bank_ctx_snapshot_q_reg[1][nfast_hit_packed][140]/vddi; Direction: INOUT; Use: POWER;: has an unconnected terminal at (473.540, 432.720) (474.440, 433.350)
Net VDD, Pin Pin: u_core_u_ctx_bank_ctx_snapshot_q_reg[1][nfast_hit_packed][141]/vddi; Direction: INOUT; Use: POWER;: has an unconnected terminal at (479.140, 413.370) (480.040, 414.000)
Net VDD, Pin Pin: u_core_u_ctx_bank_ctx_snapshot_q_reg[1][nfast_hit_packed][212]/vddi; Direction: INOUT; Use: POWER;: has an unconnected terminal at (405.780, 726.970) (406.680, 727.600)
Net VDD, Pin Pin: u_core_u_ctx_bank_ctx_snapshot_q_reg[1][nfast_hit_packed][252]/vddi; Direction: INOUT; Use: POWER;: has an unconnected terminal at (281.000, 432.720) (281.900, 433.350)
Net VDD, Pin Pin: u_core_u_ctx_bank_ctx_snapshot_q_reg[1][nfast_hit_packed][366]/vddi; Direction: INOUT; Use: POWER;: has an unconnected terminal at (64.740, 343.120) (65.640, 343.750)
Net VDD, Pin Pin: u_core_u_ctx_bank_ctx_snapshot_q_reg[1][nfast_hit_packed][374]/vddi; Direction: INOUT; Use: POWER;: has an unconnected terminal at (103.480, 305.850) (104.380, 306.480)
Net VDD, Pin Pin: u_core_u_ctx_bank_ctx_snapshot_q_reg[1][nfast_hit_packed][378]/vddi; Direction: INOUT; Use: POWER;: has an unconnected terminal at (210.900, 728.400) (211.800, 729.030)
Net VDD, Pin Pin: u_core_u_ctx_bank_ctx_snapshot_q_reg[1][nfast_hit_packed][380]/vddi; Direction: INOUT; Use: POWER;: has an unconnected terminal at (191.300, 701.520) (192.200, 702.150)
Net VDD, Pin Pin: u_core_u_ctx_bank_ctx_snapshot_q_reg[1][nfast_hit_packed][381]/vddi; Direction: INOUT; Use: POWER;: has an unconnected terminal at (186.820, 692.560) (187.720, 693.190)
Net VDD, Pin Pin: u_core_u_ctx_bank_ctx_snapshot_q_reg[1][nfast_hit_packed][392]/vddi; Direction: INOUT; Use: POWER;: has an unconnected terminal at (54.200, 485.050) (55.100, 485.680)
Net VDD, Pin Pin: u_core_u_ctx_bank_ctx_snapshot_q_reg[1][nfast_hit_packed][394]/vddi; Direction: INOUT; Use: POWER;: has an unconnected terminal at (51.960, 468.560) (52.860, 469.190)
Net VDD, Pin Pin: u_core_u_ctx_bank_ctx_snapshot_q_reg[1][stop_slow_phase_disc][2]/vddi; Direction: INOUT; Use: POWER;: has an unconnected terminal at (591.800, 610.490) (592.700, 611.120)
Net VDD, Pin Pin: u_core_u_drain_ctrl_emit_wr_data_q_reg[meta][hit_count][2]/vddi; Direction: INOUT; Use: POWER;: has an unconnected terminal at (671.880, 261.050) (672.780, 261.680)
Net VDD, Pin Pin: u_core_u_drain_ctrl_pending_wr_data_q_reg[hit][nfast][6]/vddi; Direction: INOUT; Use: POWER;: has an unconnected terminal at (670.200, 423.760) (671.100, 424.390)
Net VDD, Pin Pin: u_core_u_drain_ctrl_stride_pending_rec_q_reg[hit][nfast][4]/vddi; Direction: INOUT; Use: POWER;: has an unconnected terminal at (495.480, 432.720) (496.380, 433.350)
Net VDD, Pin Pin: u_core_u_fifo_mem_reg[0][7]/vddi; Direction: INOUT; Use: POWER;: has an unconnected terminal at (972.500, 753.850) (973.400, 754.480)
Net VDD, Pin Pin: u_core_u_fifo_mem_reg[1][33]/vddi; Direction: INOUT; Use: POWER;: has an unconnected terminal at (1038.680, 646.330) (1039.580, 646.960)
Net VDD, Pin Pin: u_core_u_fifo_mem_reg[1][34]/vddi; Direction: INOUT; Use: POWER;: has an unconnected terminal at (1030.740, 674.640) (1031.640, 675.270)
Net VDD, Pin Pin: u_core_u_fifo_mem_reg[4][49]/vddi; Direction: INOUT; Use: POWER;: has an unconnected terminal at (1034.760, 467.130) (1035.660, 467.760)
Net VDD, Pin Pin: u_core_u_fifo_mem_reg[5][5]/vddi; Direction: INOUT; Use: POWER;: has an unconnected terminal at (1028.600, 735.930) (1029.500, 736.560)
Net VDD, Pin Pin: u_core_u_fifo_mem_reg[8][44]/vddi; Direction: INOUT; Use: POWER;: has an unconnected terminal at (782.760, 753.850) (783.660, 754.480)
Net VDD, Pin Pin: u_core_u_fifo_mem_reg[11][7]/vddi; Direction: INOUT; Use: POWER;: has an unconnected terminal at (926.020, 780.730) (926.920, 781.360)
Net VDD, Pin Pin: u_core_u_fifo_mem_reg[12][6]/vddi; Direction: INOUT; Use: POWER;: has an unconnected terminal at (891.400, 780.730) (892.300, 781.360)
Net VDD, Pin Pin: u_core_u_fifo_mem_reg[12][7]/vddi; Direction: INOUT; Use: POWER;: has an unconnected terminal at (950.100, 780.730) (951.000, 781.360)
Net VDD, Pin Pin: u_core_u_fifo_mem_reg[12][8]/vddi; Direction: INOUT; Use: POWER;: has an unconnected terminal at (914.260, 780.730) (915.160, 781.360)
Net VDD, Pin Pin: u_core_u_fifo_mem_reg[13][6]/vddi; Direction: INOUT; Use: POWER;: has an unconnected terminal at (878.520, 780.730) (879.420, 781.360)
Net VDD, Pin Pin: u_core_u_fifo_mem_reg[13][7]/vddi; Direction: INOUT; Use: POWER;: has an unconnected terminal at (945.160, 780.730) (946.060, 781.360)
Net VDD, Pin Pin: u_core_u_fifo_mem_reg[13][8]/vddi; Direction: INOUT; Use: POWER;: has an unconnected terminal at (910.440, 780.730) (911.340, 781.360)
Net VDD, Pin Pin: u_core_u_fifo_mem_reg[15][7]/vddi; Direction: INOUT; Use: POWER;: has an unconnected terminal at (962.980, 771.770) (963.880, 772.400)
Net VDD, Pin Pin: u_core_u_fifo_mem_reg[15][31]/vddi; Direction: INOUT; Use: POWER;: has an unconnected terminal at (957.380, 753.850) (958.280, 754.480)
Net VDD, Pin Pin: u_core_u_fifo_mem_reg[16][2]/vddi; Direction: INOUT; Use: POWER;: has an unconnected terminal at (694.840, 744.890) (695.740, 745.520)
Net VDD, Pin Pin: u_core_u_fifo_mem_reg[21][44]/vddi; Direction: INOUT; Use: POWER;: has an unconnected terminal at (645.000, 755.280) (645.900, 755.910)
Net VDD, Pin Pin: u_core_u_fifo_mem_reg[23][46]/vddi; Direction: INOUT; Use: POWER;: has an unconnected terminal at (746.360, 502.970) (747.260, 503.600)
Net VDD, Pin Pin: u_core_u_fifo_mem_reg[32][5]/vddi; Direction: INOUT; Use: POWER;: has an unconnected terminal at (984.360, 262.480) (985.260, 263.110)
Net VDD, Pin Pin: u_core_u_fifo_mem_reg[35][33]/vddi; Direction: INOUT; Use: POWER;: has an unconnected terminal at (1035.320, 262.480) (1036.220, 263.110)
Net VDD, Pin Pin: u_core_u_fifo_mem_reg[37][12]/vddi; Direction: INOUT; Use: POWER;: has an unconnected terminal at (1013.940, 440.250) (1014.840, 440.880)
Net VDD, Pin Pin: u_core_u_fifo_mem_reg[38][5]/vddi; Direction: INOUT; Use: POWER;: has an unconnected terminal at (984.260, 287.930) (985.160, 288.560)
Net VDD, Pin Pin: u_core_u_fifo_mem_reg[41][13]/vddi; Direction: INOUT; Use: POWER;: has an unconnected terminal at (923.880, 405.840) (924.780, 406.470)
Net VDD, Pin Pin: u_core_u_fifo_mem_reg[46][29]/vddi; Direction: INOUT; Use: POWER;: has an unconnected terminal at (688.580, 422.330) (689.480, 422.960)
Net VDD, Pin Pin: u_core_u_fifo_mem_reg[47][40]/vddi; Direction: INOUT; Use: POWER;: has an unconnected terminal at (696.520, 325.200) (697.420, 325.830)
Net VDD, Pin Pin: u_core_u_fifo_mem_reg[48][45]/vddi; Direction: INOUT; Use: POWER;: has an unconnected terminal at (792.180, 74.320) (793.080, 74.950)
Net VDD, Pin Pin: u_core_u_fifo_mem_reg[48][48]/vddi; Direction: INOUT; Use: POWER;: has an unconnected terminal at (820.840, 74.320) (821.740, 74.950)
Net VDD, Pin Pin: u_core_u_fifo_mem_reg[52][39]/vddi; Direction: INOUT; Use: POWER;: has an unconnected terminal at (756.340, 154.960) (757.240, 155.590)
Net VDD, Pin Pin: u_core_u_fifo_mem_reg[54][46]/vddi; Direction: INOUT; Use: POWER;: has an unconnected terminal at (870.680, 101.200) (871.580, 101.830)
Net VDD, Pin Pin: u_core_u_fifo_mem_reg[56][34]/vddi; Direction: INOUT; Use: POWER;: has an unconnected terminal at (992.100, 110.160) (993.000, 110.790)
Net VDD, Pin Pin: u_core_u_fifo_mem_reg[56][43]/vddi; Direction: INOUT; Use: POWER;: has an unconnected terminal at (693.060, 110.160) (693.960, 110.790)
Net VDD, Pin Pin: u_core_u_fifo_mem_reg[57][34]/vddi; Direction: INOUT; Use: POWER;: has an unconnected terminal at (992.660, 119.120) (993.560, 119.750)
Net VDD, Pin Pin: u_core_u_fifo_mem_reg[58][41]/vddi; Direction: INOUT; Use: POWER;: has an unconnected terminal at (684.200, 137.040) (685.100, 137.670)
Net VDD, Pin Pin: u_core_u_fifo_mem_reg[58][43]/vddi; Direction: INOUT; Use: POWER;: has an unconnected terminal at (680.840, 128.080) (681.740, 128.710)
Net VDD, Pin Pin: u_core_u_fifo_mem_reg[59][34]/vddi; Direction: INOUT; Use: POWER;: has an unconnected terminal at (969.700, 110.160) (970.600, 110.790)
Net VDD, Pin Pin: u_core_u_fifo_mem_reg[59][43]/vddi; Direction: INOUT; Use: POWER;: has an unconnected terminal at (683.640, 110.160) (684.540, 110.790)
Net VDD, Pin Pin: u_core_u_fifo_mem_reg[60][12]/vddi; Direction: INOUT; Use: POWER;: has an unconnected terminal at (1014.500, 226.640) (1015.400, 227.270)
Net VDD, Pin Pin: u_core_u_fifo_mem_reg[61][4]/vddi; Direction: INOUT; Use: POWER;: has an unconnected terminal at (715.560, 278.970) (716.460, 279.600)
Net VDD, Pin Pin: u_core_u_fifo_mem_reg[61][34]/vddi; Direction: INOUT; Use: POWER;: has an unconnected terminal at (1021.880, 117.690) (1022.780, 118.320)
Net VDD, Pin Pin: u_core_u_fifo_mem_reg[62][34]/vddi; Direction: INOUT; Use: POWER;: has an unconnected terminal at (964.200, 101.200) (965.100, 101.830)
Net VDD, Pin Pin: u_core_u_fifo_mem_reg[63][29]/vddi; Direction: INOUT; Use: POWER;: has an unconnected terminal at (715.560, 208.720) (716.460, 209.350)
Net VDD, Pin Pin: u_core_u_hit_capture_bridge_snapshot_q_reg[hit_level][49]/vddi; Direction: INOUT; Use: POWER;: has an unconnected terminal at (239.560, 108.730) (240.460, 109.360)
Net VDD, Pin Pin: u_core_u_hit_capture_bridge_snapshot_q_reg[hit_level][50]/vddi; Direction: INOUT; Use: POWER;: has an unconnected terminal at (239.000, 137.040) (239.900, 137.670)
Net VDD, Pin Pin: u_core_u_hit_capture_bridge_snapshot_q_reg[hit_level][52]/vddi; Direction: INOUT; Use: POWER;: has an unconnected terminal at (247.960, 101.200) (248.860, 101.830)
Net VDD, Pin Pin: u_core_u_hit_capture_bridge_snapshot_q_reg[nfast_hit_packed][10]/vddi; Direction: INOUT; Use: POWER;: has an unconnected terminal at (647.240, 502.970) (648.140, 503.600)
Net VDD, Pin Pin: u_core_u_hit_capture_bridge_snapshot_q_reg[nfast_hit_packed][29]/vddi; Direction: INOUT; Use: POWER;: has an unconnected terminal at (664.600, 387.920) (665.500, 388.550)
Net VDD, Pin Pin: u_core_u_hit_capture_bridge_snapshot_q_reg[nfast_hit_packed][30]/vddi; Direction: INOUT; Use: POWER;: has an unconnected terminal at (652.180, 361.040) (653.080, 361.670)
Net VDD, Pin Pin: u_core_u_hit_capture_bridge_snapshot_q_reg[nfast_hit_packed][253]/vddi; Direction: INOUT; Use: POWER;: has an unconnected terminal at (292.760, 368.570) (293.660, 369.200)
Net VDD, Pin Pin: u_core_u_hit_capture_bridge_snapshot_q_reg[nfast_hit_packed][286]/vddi; Direction: INOUT; Use: POWER;: has an unconnected terminal at (249.080, 468.560) (249.980, 469.190)
Net VDD, Pin Pin: u_core_u_hit_capture_bridge_snapshot_q_reg[nfast_hit_packed][351]/vddi; Direction: INOUT; Use: POWER;: has an unconnected terminal at (111.320, 208.720) (112.220, 209.350)
Net VDD, Pin Pin: u_core_u_hit_capture_bridge_snapshot_q_reg[nfast_hit_packed][361]/vddi; Direction: INOUT; Use: POWER;: has an unconnected terminal at (134.280, 253.520) (135.180, 254.150)
Net VDD, Pin Pin: u_core_u_hit_capture_bridge_snapshot_q_reg[nfast_hit_packed][379]/vddi; Direction: INOUT; Use: POWER;: has an unconnected terminal at (253.460, 726.970) (254.360, 727.600)
Net VDD, Pin Pin: u_core_u_hit_capture_bridge_snapshot_q_reg[nfast_hit_packed][381]/vddi; Direction: INOUT; Use: POWER;: has an unconnected terminal at (236.660, 726.970) (237.560, 727.600)
Net VDD, Pin Pin: u_core_u_hit_capture_bridge_snapshot_q_reg[nslow_snap][2]/vddi; Direction: INOUT; Use: POWER;: has an unconnected terminal at (575.560, 683.600) (576.460, 684.230)
Net VDD, Pin Pin: u_core_g71038/vddi; Direction: INOUT; Use: POWER;: has an unconnected terminal at (367.360, 440.880) (370.720, 441.680)
Net VDD, Pin Pin: u_core_g71040/vddi; Direction: INOUT; Use: POWER;: has an unconnected terminal at (369.040, 431.920) (372.400, 432.720)
Net VDD, Pin Pin: u_core_g71042/vddi; Direction: INOUT; Use: POWER;: has an unconnected terminal at (344.960, 414.000) (349.440, 414.800)
Net VDD, Pin Pin: u_core_g71043/vddi; Direction: INOUT; Use: POWER;: has an unconnected terminal at (370.160, 449.840) (373.520, 450.640)
Net VDD, Pin Pin: u_core_g71054/vddi; Direction: INOUT; Use: POWER;: has an unconnected terminal at (435.680, 422.960) (441.840, 423.760)
Net VDD, Pin Pin: u_core_g71062/vddi; Direction: INOUT; Use: POWER;: has an unconnected terminal at (305.760, 440.880) (309.120, 441.680)
Net VDD, Pin Pin: u_core_g71067/vddi; Direction: INOUT; Use: POWER;: has an unconnected terminal at (309.680, 405.040) (313.040, 405.840)
Net VDD, Pin Pin: u_core_g71073/vddi; Direction: INOUT; Use: POWER;: has an unconnected terminal at (319.200, 449.840) (322.560, 450.640)
Net VDD, Pin Pin: u_core_g71081/vddi; Direction: INOUT; Use: POWER;: has an unconnected terminal at (191.010, 423.760) (191.350, 424.075)
Net VDD, Pin Pin: u_core_g71082/vddi; Direction: INOUT; Use: POWER;: has an unconnected terminal at (308.560, 422.960) (311.920, 423.760)
Net VDD, Pin Pin: u_core_g71085/vddi; Direction: INOUT; Use: POWER;: has an unconnected terminal at (179.760, 440.880) (183.120, 441.680)
Net VDD, Pin Pin: u_core_g71097/vddi; Direction: INOUT; Use: POWER;: has an unconnected terminal at (455.280, 467.760) (458.640, 468.560)
Net VDD, Pin Pin: u_core_g71098/vddi; Direction: INOUT; Use: POWER;: has an unconnected terminal at (428.960, 467.760) (432.320, 468.560)
Net VDD, Pin Pin: u_core_g71099/vddi; Direction: INOUT; Use: POWER;: has an unconnected terminal at (445.760, 387.120) (449.120, 387.920)
Net VDD, Pin Pin: u_core_g71100/vddi; Direction: INOUT; Use: POWER;: has an unconnected terminal at (412.160, 405.040) (415.520, 405.840)
Net VDD, Pin Pin: u_core_g71121/vddi; Direction: INOUT; Use: POWER;: has an unconnected terminal at (179.760, 476.720) (183.120, 477.520)
Net VDD, Pin Pin: u_core_g71124/vddi; Direction: INOUT; Use: POWER;: has an unconnected terminal at (311.920, 449.840) (315.280, 450.640)
Net VDD, Pin Pin: u_core_g71141/vddi; Direction: INOUT; Use: POWER;: has an unconnected terminal at (317.520, 458.800) (320.880, 459.600)
Net VDD, Pin Pin: u_core_g71156/vddi; Direction: INOUT; Use: POWER;: has an unconnected terminal at (336.000, 458.800) (339.360, 459.600)
Net VDD, Pin Pin: u_core_g71161/vddi; Direction: INOUT; Use: POWER;: has an unconnected terminal at (544.320, 405.040) (547.680, 405.840)
Net VDD, Pin Pin: u_core_g71165/vddi; Direction: INOUT; Use: POWER;: has an unconnected terminal at (431.760, 458.800) (435.120, 459.600)
Net VDD, Pin Pin: u_core_g71167/vddi; Direction: INOUT; Use: POWER;: has an unconnected terminal at (188.720, 396.080) (192.080, 396.880)
Net VDD, Pin Pin: u_core_g71168/vddi; Direction: INOUT; Use: POWER;: has an unconnected terminal at (185.360, 449.840) (188.720, 450.640)
Net VDD, Pin Pin: u_core_g71172/vddi; Direction: INOUT; Use: POWER;: has an unconnected terminal at (326.480, 449.840) (329.840, 450.640)
Net VDD, Pin Pin: u_core_g71181/vddi; Direction: INOUT; Use: POWER;: has an unconnected terminal at (437.920, 387.120) (441.280, 387.920)
Net VDD, Pin Pin: u_core_g71184/vddi; Direction: INOUT; Use: POWER;: has an unconnected terminal at (185.920, 458.800) (189.280, 459.600)
Net VDD, Pin Pin: u_core_g71197/vddi; Direction: INOUT; Use: POWER;: has an unconnected terminal at (449.120, 467.760) (452.480, 468.560)
Net VDD, Pin Pin: u_core_g71200/vddi; Direction: INOUT; Use: POWER;: has an unconnected terminal at (196.000, 449.840) (199.360, 450.640)
Net VDD, Pin Pin: u_core_g71204/vddi; Direction: INOUT; Use: POWER;: has an unconnected terminal at (336.560, 449.840) (339.920, 450.640)
Net VDD, Pin Pin: u_core_g71212/vddi; Direction: INOUT; Use: POWER;: has an unconnected terminal at (435.680, 458.800) (439.040, 459.600)
Net VDD, Pin Pin: u_core_g71214/vddi; Direction: INOUT; Use: POWER;: has an unconnected terminal at (449.120, 476.720) (452.480, 477.520)
Net VDD, Pin Pin: u_core_g71235/vddi; Direction: INOUT; Use: POWER;: has an unconnected terminal at (365.680, 458.800) (367.920, 459.600)
Net VDD, Pin Pin: u_core_g71237/vddi; Direction: INOUT; Use: POWER;: has an unconnected terminal at (370.720, 458.800) (372.960, 459.600)
Net VDD, Pin Pin: u_core_g71265/vddi; Direction: INOUT; Use: POWER;: has an unconnected terminal at (201.420, 449.430) (203.100, 449.840)
Net VDD, Pin Pin: u_core_g71266/vddi; Direction: INOUT; Use: POWER;: has an unconnected terminal at (198.620, 441.680) (200.300, 442.090)
Net VDD, Pin Pin: u_core_g71267/vddi; Direction: INOUT; Use: POWER;: has an unconnected terminal at (202.540, 440.470) (204.220, 440.880)
Net VDD, Pin Pin: u_core_g71270/vddi; Direction: INOUT; Use: POWER;: has an unconnected terminal at (284.100, 440.470) (285.780, 440.880)
Net VDD, Pin Pin: u_core_g71272/vddi; Direction: INOUT; Use: POWER;: has an unconnected terminal at (259.660, 404.630) (261.340, 405.040)
Net VDD, Pin Pin: u_core_g71276/vddi; Direction: INOUT; Use: POWER;: has an unconnected terminal at (360.260, 440.470) (361.940, 440.880)
Net VDD, Pin Pin: u_core_g71294/vddi; Direction: INOUT; Use: POWER;: has an unconnected terminal at (572.320, 691.760) (577.360, 692.560)
Net VDD, Pin Pin: u_core_g71298/vddi; Direction: INOUT; Use: POWER;: has an unconnected terminal at (418.320, 405.040) (420.560, 405.840)
Net VDD, Pin Pin: u_core_g71300/vddi; Direction: INOUT; Use: POWER;: has an unconnected terminal at (422.800, 405.040) (425.040, 405.840)
Net VDD, Pin Pin: u_core_g71303/vddi; Direction: INOUT; Use: POWER;: has an unconnected terminal at (422.420, 441.680) (422.710, 442.260)
Net VDD, Pin Pin: u_core_g71307/vddi; Direction: INOUT; Use: POWER;: has an unconnected terminal at (447.620, 432.720) (447.910, 433.300)
Net VDD, Pin Pin: u_core_g71308/vddi; Direction: INOUT; Use: POWER;: has an unconnected terminal at (529.380, 432.720) (529.670, 433.300)
Net VDD, Pin Pin: u_core_g71310/vddi; Direction: INOUT; Use: POWER;: has an unconnected terminal at (418.320, 396.080) (420.560, 396.880)
Net VDD, Pin Pin: u_core_g71345/vddi; Direction: INOUT; Use: POWER;: has an unconnected terminal at (637.280, 315.440) (641.200, 316.240)
Net VDD, Pin Pin: u_core_g71348/vddi; Direction: INOUT; Use: POWER;: has an unconnected terminal at (582.400, 422.960) (585.760, 423.760)
Net VDD, Pin Pin: u_core_g71364/vddi; Direction: INOUT; Use: POWER;: has an unconnected terminal at (524.160, 396.080) (527.520, 396.880)
Net VDD, Pin Pin: u_core_g71412/vddi; Direction: INOUT; Use: POWER;: has an unconnected terminal at (591.360, 449.840) (594.720, 450.640)
Net VDD, Pin Pin: u_core_g71439/vddi; Direction: INOUT; Use: POWER;: has an unconnected terminal at (560.560, 709.680) (564.480, 710.480)
Net VDD, Pin Pin: u_core_g71452/vddi; Direction: INOUT; Use: POWER;: has an unconnected terminal at (623.840, 288.560) (626.080, 289.360)
Net VDD, Pin Pin: u_core_g71462/vddi; Direction: INOUT; Use: POWER;: has an unconnected terminal at (544.880, 736.560) (548.240, 737.360)
Net VDD, Pin Pin: u_core_g71463/vddi; Direction: INOUT; Use: POWER;: has an unconnected terminal at (565.600, 709.680) (569.520, 710.480)
Net VDD, Pin Pin: u_core_g71464/vddi; Direction: INOUT; Use: POWER;: has an unconnected terminal at (832.070, 780.200) (832.380, 780.500)
Net VDD, Pin Pin: u_core_g71468/vddi; Direction: INOUT; Use: POWER;: has an unconnected terminal at (818.630, 780.200) (818.940, 780.500)
Net VDD, Pin Pin: u_core_g71494/vddi; Direction: INOUT; Use: POWER;: has an unconnected terminal at (810.320, 781.360) (813.680, 782.160)
Net VDD, Pin Pin: u_core_g71496/vddi; Direction: INOUT; Use: POWER;: has an unconnected terminal at (825.440, 781.360) (828.240, 782.160)
Net VDD, Pin Pin: u_core_g71529/vddi; Direction: INOUT; Use: POWER;: has an unconnected terminal at (823.290, 780.780) (823.580, 781.360)
Net VDD, Pin Pin: u_core_g71534/vddi; Direction: INOUT; Use: POWER;: has an unconnected terminal at (498.960, 709.680) (502.320, 710.480)
Net VDD, Pin Pin: u_core_g71543/vddi; Direction: INOUT; Use: POWER;: has an unconnected terminal at (761.600, 458.800) (764.960, 459.600)
Net VDD, Pin Pin: u_core_g71544/vddi; Direction: INOUT; Use: POWER;: has an unconnected terminal at (594.720, 288.560) (596.960, 289.360)
Net VDD, Pin Pin: u_core_g71575/vddi; Direction: INOUT; Use: POWER;: has an unconnected terminal at (554.960, 727.600) (558.320, 728.400)
Net VDD, Pin Pin: u_core_g71590/vddi; Direction: INOUT; Use: POWER;: has an unconnected terminal at (789.040, 440.880) (791.280, 441.680)
Net VDD, Pin Pin: u_core_g71591/vddi; Direction: INOUT; Use: POWER;: has an unconnected terminal at (506.240, 709.680) (509.600, 710.480)
Net VDD, Pin Pin: u_core_g71765/vddi; Direction: INOUT; Use: POWER;: has an unconnected terminal at (565.130, 727.020) (565.420, 727.600)
Net VDD, Pin Pin: u_core_g71772/vddi; Direction: INOUT; Use: POWER;: has an unconnected terminal at (510.720, 709.680) (514.080, 710.480)
Net VDD, Pin Pin: u_core_g71902/vddi; Direction: INOUT; Use: POWER;: has an unconnected terminal at (561.770, 727.020) (562.060, 727.600)
Net VDD, Pin Pin: u_core_g72797/vddi; Direction: INOUT; Use: POWER;: has an unconnected terminal at (945.190, 397.740) (945.500, 398.040)
Net VDD, Pin Pin: u_core_g72800/vddi; Direction: INOUT; Use: POWER;: has an unconnected terminal at (918.870, 448.680) (919.180, 448.980)
Net VDD, Pin Pin: u_core_g72839/vddi; Direction: INOUT; Use: POWER;: has an unconnected terminal at (919.430, 108.200) (919.740, 108.500)
Net VDD, Pin Pin: u_core_g72938/vddi; Direction: INOUT; Use: POWER;: has an unconnected terminal at (930.500, 108.200) (930.810, 108.500)
Net VDD, Pin Pin: u_core_g72962/vddi; Direction: INOUT; Use: POWER;: has an unconnected terminal at (1019.670, 200.620) (1019.980, 200.920)
Net VDD, Pin Pin: u_core_g73009/vddi; Direction: INOUT; Use: POWER;: has an unconnected terminal at (797.220, 153.000) (797.530, 153.300)
Net VDD, Pin Pin: u_core_g73555/vddi; Direction: INOUT; Use: POWER;: has an unconnected terminal at (650.630, 756.140) (650.940, 756.440)
Net VDD, Pin Pin: u_core_g73726/vddi; Direction: INOUT; Use: POWER;: has an unconnected terminal at (993.780, 126.120) (994.090, 126.420)
Net VDD, Pin Pin: u_core_g73737/vddi; Direction: INOUT; Use: POWER;: has an unconnected terminal at (808.420, 197.800) (808.730, 198.100)
Net VDD, Pin Pin: u_core_g73856/vddi; Direction: INOUT; Use: POWER;: has an unconnected terminal at (1025.700, 630.700) (1026.010, 631.000)
Net VDD, Pin Pin: u_core_g73911/vddi; Direction: INOUT; Use: POWER;: has an unconnected terminal at (581.840, 736.560) (585.200, 737.360)
Net VDD, Pin Pin: u_core_g73923/vddi; Direction: INOUT; Use: POWER;: has an unconnected terminal at (618.240, 154.160) (621.040, 154.960)
Net VDD, Pin Pin: u_core_g74550/vddi; Direction: INOUT; Use: POWER;: has an unconnected terminal at (737.300, 269.480) (737.610, 269.780)
Net VDD, Pin Pin: u_core_g74569/vddi; Direction: INOUT; Use: POWER;: has an unconnected terminal at (695.430, 155.820) (695.740, 156.120)
Net VDD, Pin Pin: u_core_g74572/vddi; Direction: INOUT; Use: POWER;: has an unconnected terminal at (690.260, 128.940) (690.570, 129.240)
Net VDD, Pin Pin: u_core_g74583/vddi; Direction: INOUT; Use: POWER;: has an unconnected terminal at (738.980, 756.140) (739.290, 756.440)
Net VDD, Pin Pin: u_core_g74633/vddi; Direction: INOUT; Use: POWER;: has an unconnected terminal at (980.900, 126.120) (981.210, 126.420)
Net VDD, Pin Pin: u_core_g74638/vddi; Direction: INOUT; Use: POWER;: has an unconnected terminal at (680.310, 209.580) (680.620, 209.880)
Net VDD, Pin Pin: u_core_g74640/vddi; Direction: INOUT; Use: POWER;: has an unconnected terminal at (684.100, 128.940) (684.410, 129.240)
Net VDD, Pin Pin: u_core_g74653/vddi; Direction: INOUT; Use: POWER;: has an unconnected terminal at (874.630, 188.840) (874.940, 189.140)
Net VDD, Pin Pin: u_core_g74732/vddi; Direction: INOUT; Use: POWER;: has an unconnected terminal at (963.540, 370.860) (963.850, 371.160)
Net VDD, Pin Pin: u_core_g74781/vddi; Direction: INOUT; Use: POWER;: has an unconnected terminal at (958.500, 475.560) (958.810, 475.860)
Net VDD, Pin Pin: u_core_g74790/vddi; Direction: INOUT; Use: POWER;: has an unconnected terminal at (1006.660, 502.440) (1006.970, 502.740)
Net VDD, Pin Pin: u_core_g74905/vddi; Direction: INOUT; Use: POWER;: has an unconnected terminal at (732.390, 523.180) (732.700, 523.480)
Net VDD, Pin Pin: u_core_g74944/vddi; Direction: INOUT; Use: POWER;: has an unconnected terminal at (871.700, 502.440) (872.010, 502.740)
Net VDD, Pin Pin: u_core_g74996/vddi; Direction: INOUT; Use: POWER;: has an unconnected terminal at (957.940, 639.660) (958.250, 639.960)
Net VDD, Pin Pin: u_core_g75008/vddi; Direction: INOUT; Use: POWER;: has an unconnected terminal at (951.780, 475.560) (952.090, 475.860)
Net VDD, Pin Pin: u_core_g75016/vddi; Direction: INOUT; Use: POWER;: has an unconnected terminal at (900.820, 179.880) (901.130, 180.180)
Net VDD, Pin Pin: u_core_g75024/vddi; Direction: INOUT; Use: POWER;: has an unconnected terminal at (901.380, 117.160) (901.690, 117.460)
Net VDD, Pin Pin: u_core_g75078/vddi; Direction: INOUT; Use: POWER;: has an unconnected terminal at (1022.900, 385.960) (1023.210, 386.260)
Net VDD, Pin Pin: u_core_g75113/vddi; Direction: INOUT; Use: POWER;: has an unconnected terminal at (1026.950, 451.500) (1027.260, 451.800)
Net VDD, Pin Pin: u_core_g75139/vddi; Direction: INOUT; Use: POWER;: has an unconnected terminal at (730.580, 451.500) (730.890, 451.800)
Net VDD, Pin Pin: u_core_g75142/vddi; Direction: INOUT; Use: POWER;: has an unconnected terminal at (988.740, 448.680) (989.050, 448.980)
Net VDD, Pin Pin: u_core_g75251/vddi; Direction: INOUT; Use: POWER;: has an unconnected terminal at (959.060, 215.720) (959.370, 216.020)
Net VDD, Pin Pin: u_core_g75255/vddi; Direction: INOUT; Use: POWER;: has an unconnected terminal at (720.630, 218.540) (720.940, 218.840)
Net VDD, Pin Pin: u_core_g75395/vddi; Direction: INOUT; Use: POWER;: has an unconnected terminal at (707.620, 332.200) (707.930, 332.500)
Net VDD, Pin Pin: u_core_g75444/vddi; Direction: INOUT; Use: POWER;: has an unconnected terminal at (985.380, 296.360) (985.690, 296.660)
Net VDD, Pin Pin: u_core_g75471/vddi; Direction: INOUT; Use: POWER;: has an unconnected terminal at (964.660, 299.180) (964.970, 299.480)
Net VDD, Pin Pin: u_core_g75475/vddi; Direction: INOUT; Use: POWER;: has an unconnected terminal at (801.540, 449.260) (801.830, 449.840)
Net VDD, Pin Pin: u_core_g75491/vddi; Direction: INOUT; Use: POWER;: has an unconnected terminal at (622.160, 270.640) (624.960, 271.440)
Net VDD, Pin Pin: u_core_g75502/vddi; Direction: INOUT; Use: POWER;: has an unconnected terminal at (658.000, 422.960) (660.240, 423.760)
Net VDD, Pin Pin: u_core_g75522/vddi; Direction: INOUT; Use: POWER;: has an unconnected terminal at (625.520, 611.120) (627.760, 611.920)
Net VDD, Pin Pin: u_core_g75531/vddi; Direction: INOUT; Use: POWER;: has an unconnected terminal at (721.060, 117.160) (721.370, 117.460)
Net VDD, Pin Pin: u_core_g75532/vddi; Direction: INOUT; Use: POWER;: has an unconnected terminal at (797.220, 117.160) (797.530, 117.460)
Net VDD, Pin Pin: u_core_g75545/vddi; Direction: INOUT; Use: POWER;: has an unconnected terminal at (537.220, 728.400) (537.510, 728.980)
Net VDD, Pin Pin: u_core_g75546/vddi; Direction: INOUT; Use: POWER;: has an unconnected terminal at (665.280, 440.880) (669.200, 441.680)
Net VDD, Pin Pin: u_core_g75587/vddi; Direction: INOUT; Use: POWER;: has an unconnected terminal at (909.350, 460.460) (909.660, 460.760)
Net VDD, Pin Pin: u_core_g75590/vddi; Direction: INOUT; Use: POWER;: has an unconnected terminal at (699.780, 368.040) (700.090, 368.340)
Net VDD, Pin Pin: u_core_g75603/vddi; Direction: INOUT; Use: POWER;: has an unconnected terminal at (920.420, 326.060) (920.730, 326.360)
Net VDD, Pin Pin: u_core_g75621/vddi; Direction: INOUT; Use: POWER;: has an unconnected terminal at (912.580, 179.880) (912.890, 180.180)
Net VDD, Pin Pin: u_core_g75646/vddi; Direction: INOUT; Use: POWER;: has an unconnected terminal at (781.540, 90.280) (781.850, 90.580)
Net VDD, Pin Pin: u_core_g75682/vddi; Direction: INOUT; Use: POWER;: has an unconnected terminal at (835.430, 155.820) (835.740, 156.120)
Net VDD, Pin Pin: u_core_g75699/vddi; Direction: INOUT; Use: POWER;: has an unconnected terminal at (769.780, 388.780) (770.090, 389.080)
Net VDD, Pin Pin: u_core_g75704/vddi; Direction: INOUT; Use: POWER;: has an unconnected terminal at (1021.780, 269.480) (1022.090, 269.780)
Net VDD, Pin Pin: u_core_g75709/vddi; Direction: INOUT; Use: POWER;: has an unconnected terminal at (760.390, 272.300) (760.700, 272.600)
Net VDD, Pin Pin: u_core_g75732/vddi; Direction: INOUT; Use: POWER;: has an unconnected terminal at (724.980, 218.540) (725.290, 218.840)
Net VDD, Pin Pin: u_core_g75793/vddi; Direction: INOUT; Use: POWER;: has an unconnected terminal at (846.540, 280.400) (848.220, 280.810)
Net VDD, Pin Pin: u_core_g75796/vddi; Direction: INOUT; Use: POWER;: has an unconnected terminal at (845.980, 405.840) (847.660, 406.250)
Net VDD, Pin Pin: u_core_g75863/vddi; Direction: INOUT; Use: POWER;: has an unconnected terminal at (964.100, 762.280) (964.410, 762.580)
Net VDD, Pin Pin: u_core_g75915/vddi; Direction: INOUT; Use: POWER;: has an unconnected terminal at (668.420, 502.440) (668.730, 502.740)
Net VDD, Pin Pin: u_core_g75916/vddi; Direction: INOUT; Use: POWER;: has an unconnected terminal at (732.820, 502.440) (733.130, 502.740)
Net VDD, Pin Pin: u_core_g75955/vddi; Direction: INOUT; Use: POWER;: has an unconnected terminal at (907.670, 415.660) (907.980, 415.960)
Net VDD, Pin Pin: u_core_g75968/vddi; Direction: INOUT; Use: POWER;: has an unconnected terminal at (736.310, 209.580) (736.620, 209.880)
Net VDD, Pin Pin: u_core_g75988/vddi; Direction: INOUT; Use: POWER;: has an unconnected terminal at (884.150, 245.420) (884.460, 245.720)
Net VDD, Pin Pin: u_core_g76058/vddi; Direction: INOUT; Use: POWER;: has an unconnected terminal at (640.420, 708.520) (640.730, 708.820)
Net VDD, Pin Pin: u_core_g76104/vddi; Direction: INOUT; Use: POWER;: has an unconnected terminal at (760.390, 603.820) (760.700, 604.120)
Net VDD, Pin Pin: u_core_g76113/vddi; Direction: INOUT; Use: POWER;: has an unconnected terminal at (754.660, 532.140) (754.970, 532.440)
Net VDD, Pin Pin: u_core_g76757/vddi; Direction: INOUT; Use: POWER;: has an unconnected terminal at (747.940, 702.380) (748.250, 702.680)
Net VDD, Pin Pin: u_core_g76770/vddi; Direction: INOUT; Use: POWER;: has an unconnected terminal at (673.590, 117.160) (673.900, 117.460)
Net VDD, Pin Pin: u_core_g76772/vddi; Direction: INOUT; Use: POWER;: has an unconnected terminal at (672.470, 111.020) (672.780, 111.320)
Net VDD, Pin Pin: u_core_g76782/vddi; Direction: INOUT; Use: POWER;: has an unconnected terminal at (655.670, 137.900) (655.980, 138.200)
Net VDD, Pin Pin: u_core_g76788/vddi; Direction: INOUT; Use: POWER;: has an unconnected terminal at (628.320, 611.120) (632.240, 611.920)
Net VDD, Pin Pin: u_core_g76794/vddi; Direction: INOUT; Use: POWER;: has an unconnected terminal at (530.880, 709.680) (534.240, 710.480)
Net VDD, Pin Pin: u_core_g76836/vddi; Direction: INOUT; Use: POWER;: has an unconnected terminal at (652.960, 422.960) (656.880, 423.760)
Net VDD, Pin Pin: u_core_g76847/vddi; Direction: INOUT; Use: POWER;: has an unconnected terminal at (671.440, 252.720) (675.360, 253.520)
Net VDD, Pin Pin: u_core_g77354/vddi; Direction: INOUT; Use: POWER;: has an unconnected terminal at (849.340, 458.390) (851.020, 458.800)
Net VDD, Pin Pin: u_core_g77406/vddi; Direction: INOUT; Use: POWER;: has an unconnected terminal at (535.360, 709.680) (538.720, 710.480)
Net VDD, Pin Pin: u_core_g77408/vddi; Direction: INOUT; Use: POWER;: has an unconnected terminal at (654.640, 216.880) (657.440, 217.680)
Net VDD, Pin Pin: u_core_g77446/vddi; Direction: INOUT; Use: POWER;: has an unconnected terminal at (603.680, 655.920) (608.160, 656.720)
Net VDD, Pin Pin: u_core_g77452/vddi; Direction: INOUT; Use: POWER;: has an unconnected terminal at (361.200, 655.920) (365.680, 656.720)
Net VDD, Pin Pin: u_core_g77464/vddi; Direction: INOUT; Use: POWER;: has an unconnected terminal at (398.160, 655.920) (402.640, 656.720)
Net VDD, Pin Pin: u_core_g77484/vddi; Direction: INOUT; Use: POWER;: has an unconnected terminal at (285.040, 512.560) (289.520, 513.360)
Net VDD, Pin Pin: u_core_g77493/vddi; Direction: INOUT; Use: POWER;: has an unconnected terminal at (611.520, 440.880) (616.000, 441.680)
Net VDD, Pin Pin: u_core_g77586/vddi; Direction: INOUT; Use: POWER;: has an unconnected terminal at (227.920, 539.440) (232.400, 540.240)
Net VDD, Pin Pin: u_core_g77590/vddi; Direction: INOUT; Use: POWER;: has an unconnected terminal at (158.480, 440.880) (162.960, 441.680)
Net VDD, Pin Pin: u_core_g77626/vddi; Direction: INOUT; Use: POWER;: has an unconnected terminal at (95.200, 297.520) (99.680, 298.320)
Net VDD, Pin Pin: u_core_g77642/vddi; Direction: INOUT; Use: POWER;: has an unconnected terminal at (461.440, 73.520) (465.920, 74.320)
Net VDD, Pin Pin: u_core_g77653/vddi; Direction: INOUT; Use: POWER;: has an unconnected terminal at (133.280, 449.840) (137.760, 450.640)
Net VDD, Pin Pin: u_core_g77691/vddi; Direction: INOUT; Use: POWER;: has an unconnected terminal at (575.120, 727.600) (578.480, 728.400)
Net VDD, Pin Pin: u_core_g78240/vddi; Direction: INOUT; Use: POWER;: has an unconnected terminal at (568.400, 360.240) (572.880, 361.040)
Net VDD, Pin Pin: u_core_g78246/vddi; Direction: INOUT; Use: POWER;: has an unconnected terminal at (262.080, 91.440) (266.560, 92.240)
Net VDD, Pin Pin: u_core_g78248/vddi; Direction: INOUT; Use: POWER;: has an unconnected terminal at (300.160, 64.560) (304.640, 65.360)
Net VDD, Pin Pin: u_core_g78255/vddi; Direction: INOUT; Use: POWER;: has an unconnected terminal at (334.880, 109.360) (339.360, 110.160)
Net VDD, Pin Pin: u_core_g78265/vddi; Direction: INOUT; Use: POWER;: has an unconnected terminal at (619.360, 440.880) (623.840, 441.680)
Net VDD, Pin Pin: u_core_g78306/vddi; Direction: INOUT; Use: POWER;: has an unconnected terminal at (559.440, 602.160) (563.920, 602.960)
Net VDD, Pin Pin: u_core_g78318/vddi; Direction: INOUT; Use: POWER;: has an unconnected terminal at (377.440, 422.960) (381.920, 423.760)
Net VDD, Pin Pin: u_core_g78369/vddi; Direction: INOUT; Use: POWER;: has an unconnected terminal at (535.920, 611.120) (540.400, 611.920)
Net VDD, Pin Pin: u_core_g78375/vddi; Direction: INOUT; Use: POWER;: has an unconnected terminal at (529.200, 611.120) (533.680, 611.920)
Net VDD, Pin Pin: u_core_g78393/vddi; Direction: INOUT; Use: POWER;: has an unconnected terminal at (607.040, 611.120) (611.520, 611.920)
Net VDD, Pin Pin: u_core_g78416/vddi; Direction: INOUT; Use: POWER;: has an unconnected terminal at (122.080, 449.840) (126.560, 450.640)
Net VDD, Pin Pin: u_core_g78479/vddi; Direction: INOUT; Use: POWER;: has an unconnected terminal at (376.320, 449.840) (380.800, 450.640)
Net VDD, Pin Pin: u_core_g78496/vddi; Direction: INOUT; Use: POWER;: has an unconnected terminal at (268.800, 449.840) (273.280, 450.640)
Net VDD, Pin Pin: u_core_g78501/vddi; Direction: INOUT; Use: POWER;: has an unconnected terminal at (311.920, 476.720) (316.400, 477.520)
Net VDD, Pin Pin: u_core_g78508/vddi; Direction: INOUT; Use: POWER;: has an unconnected terminal at (286.720, 503.600) (291.200, 504.400)
Net VDD, Pin Pin: u_core_g78582/vddi; Direction: INOUT; Use: POWER;: has an unconnected terminal at (282.800, 127.280) (287.280, 128.080)
Net VDD, Pin Pin: u_core_g78586/vddi; Direction: INOUT; Use: POWER;: has an unconnected terminal at (255.360, 297.520) (259.840, 298.320)
Net VDD, Pin Pin: u_core_g78605/vddi; Direction: INOUT; Use: POWER;: has an unconnected terminal at (241.360, 664.880) (245.840, 665.680)
Net VDD, Pin Pin: u_core_g78609/vddi; Direction: INOUT; Use: POWER;: has an unconnected terminal at (236.320, 673.840) (240.800, 674.640)
Net VDD, Pin Pin: u_core_g78682/vddi; Direction: INOUT; Use: POWER;: has an unconnected terminal at (140.000, 449.840) (144.480, 450.640)
Net VDD, Pin Pin: u_core_g78732/vddi; Direction: INOUT; Use: POWER;: has an unconnected terminal at (463.120, 82.480) (467.600, 83.280)
Net VDD, Pin Pin: u_core_g78758/vddi; Direction: INOUT; Use: POWER;: has an unconnected terminal at (431.760, 190.000) (436.240, 190.800)
Net VDD, Pin Pin: u_core_g78785/vddi; Direction: INOUT; Use: POWER;: has an unconnected terminal at (533.680, 118.320) (538.160, 119.120)
Net VDD, Pin Pin: u_core_g78789/vddi; Direction: INOUT; Use: POWER;: has an unconnected terminal at (567.840, 109.360) (572.320, 110.160)
Net VDD, Pin Pin: u_core_g78814/vddi; Direction: INOUT; Use: POWER;: has an unconnected terminal at (412.720, 118.320) (417.200, 119.120)
Net VDD, Pin Pin: u_core_g78822/vddi; Direction: INOUT; Use: POWER;: has an unconnected terminal at (369.040, 127.280) (373.520, 128.080)
Net VDD, Pin Pin: u_core_g78828/vddi; Direction: INOUT; Use: POWER;: has an unconnected terminal at (368.480, 109.360) (372.960, 110.160)
Net VDD, Pin Pin: u_core_g78833/vddi; Direction: INOUT; Use: POWER;: has an unconnected terminal at (57.120, 485.680) (61.600, 486.480)
Net VDD, Pin Pin: u_core_g78841/vddi; Direction: INOUT; Use: POWER;: has an unconnected terminal at (310.240, 100.400) (314.720, 101.200)
Net VDD, Pin Pin: u_core_g78845/vddi; Direction: INOUT; Use: POWER;: has an unconnected terminal at (376.320, 431.920) (380.800, 432.720)
Net VDD, Pin Pin: u_core_g78846/vddi; Direction: INOUT; Use: POWER;: has an unconnected terminal at (254.800, 100.400) (259.280, 101.200)
Net VDD, Pin Pin: u_core_g78851/vddi; Direction: INOUT; Use: POWER;: has an unconnected terminal at (341.600, 109.360) (346.080, 110.160)
Net VDD, Pin Pin: u_core_g78903/vddi; Direction: INOUT; Use: POWER;: has an unconnected terminal at (571.200, 602.160) (575.680, 602.960)
Net VDD, Pin Pin: u_core_g78956/vddi; Direction: INOUT; Use: POWER;: has an unconnected terminal at (510.160, 629.040) (514.640, 629.840)
Net VDD, Pin Pin: u_core_g78973/vddi; Direction: INOUT; Use: POWER;: has an unconnected terminal at (483.280, 449.840) (487.760, 450.640)
Net VDD, Pin Pin: u_core_g78995/vddi; Direction: INOUT; Use: POWER;: has an unconnected terminal at (446.320, 297.520) (450.800, 298.320)
Net VDD, Pin Pin: u_core_g79005/vddi; Direction: INOUT; Use: POWER;: has an unconnected terminal at (483.280, 422.960) (487.760, 423.760)
Net VDD, Pin Pin: u_core_g79042/vddi; Direction: INOUT; Use: POWER;: has an unconnected terminal at (406.000, 243.760) (410.480, 244.560)
Net VDD, Pin Pin: u_core_g79061/vddi; Direction: INOUT; Use: POWER;: has an unconnected terminal at (825.910, 702.380) (826.220, 702.680)
Net VDD, Pin Pin: u_core_g79083/vddi; Direction: INOUT; Use: POWER;: has an unconnected terminal at (578.480, 682.800) (582.400, 683.600)
Net VDD, Pin Pin: u_core_g79102/vddi; Direction: INOUT; Use: POWER;: has an unconnected terminal at (490.560, 620.080) (492.800, 620.880)
Net VDD, Pin Pin: u_core_g79107/vddi; Direction: INOUT; Use: POWER;: has an unconnected terminal at (147.280, 225.840) (149.520, 226.640)
Net VDD, Pin Pin: u_core_g79131/vddi; Direction: INOUT; Use: POWER;: has an unconnected terminal at (551.040, 136.240) (553.280, 137.040)
Net VDD, Pin Pin: u_core_g79134/vddi; Direction: INOUT; Use: POWER;: has an unconnected terminal at (167.440, 584.240) (169.680, 585.040)
Net VDD, Pin Pin: u_core_g79135/vddi; Direction: INOUT; Use: POWER;: has an unconnected terminal at (106.400, 216.880) (108.640, 217.680)
Net VDD, Pin Pin: u_core_g79150/vddi; Direction: INOUT; Use: POWER;: has an unconnected terminal at (253.680, 145.200) (255.920, 146.000)
Net VDD, Pin Pin: u_core_g79151/vddi; Direction: INOUT; Use: POWER;: has an unconnected terminal at (402.640, 664.880) (404.880, 665.680)
Net VDD, Pin Pin: u_core_g79177/vddi; Direction: INOUT; Use: POWER;: has an unconnected terminal at (536.480, 154.160) (538.720, 154.960)
Net VDD, Pin Pin: u_core_g79199/vddi; Direction: INOUT; Use: POWER;: has an unconnected terminal at (314.720, 163.120) (316.960, 163.920)
Net VDD, Pin Pin: u_core_g79201/vddi; Direction: INOUT; Use: POWER;: has an unconnected terminal at (355.040, 136.240) (357.280, 137.040)
Net VDD, Pin Pin: u_core_g79213/vddi; Direction: INOUT; Use: POWER;: has an unconnected terminal at (245.280, 145.200) (247.520, 146.000)
Net VDD, Pin Pin: u_core_g79214/vddi; Direction: INOUT; Use: POWER;: has an unconnected terminal at (319.760, 163.120) (322.000, 163.920)
Net VDD, Pin Pin: u_core_g79227/vddi; Direction: INOUT; Use: POWER;: has an unconnected terminal at (555.520, 261.680) (557.760, 262.480)
Net VDD, Pin Pin: u_core_g79245/vddi; Direction: INOUT; Use: POWER;: has an unconnected terminal at (570.640, 566.320) (572.880, 567.120)
Net VDD, Pin Pin: u_core_g79327/vddi; Direction: INOUT; Use: POWER;: has an unconnected terminal at (351.680, 279.600) (353.920, 280.400)
Net VDD, Pin Pin: u_core_g79336/vddi; Direction: INOUT; Use: POWER;: has an unconnected terminal at (380.800, 333.360) (383.040, 334.160)
Net VDD, Pin Pin: u_core_g79345/vddi; Direction: INOUT; Use: POWER;: has an unconnected terminal at (271.040, 476.720) (273.280, 477.520)
Net VDD, Pin Pin: u_core_g79355/vddi; Direction: INOUT; Use: POWER;: has an unconnected terminal at (329.280, 216.880) (331.520, 217.680)
Net VDD, Pin Pin: u_core_g79356/vddi; Direction: INOUT; Use: POWER;: has an unconnected terminal at (357.840, 207.920) (360.080, 208.720)
Net VDD, Pin Pin: u_core_g79360/vddi; Direction: INOUT; Use: POWER;: has an unconnected terminal at (343.840, 279.600) (346.080, 280.400)
Net VDD, Pin Pin: u_core_g79389/vddi; Direction: INOUT; Use: POWER;: has an unconnected terminal at (660.620, 288.150) (662.300, 288.560)
Net VDD, Pin Pin: u_core_g79428/vddi; Direction: INOUT; Use: POWER;: has an unconnected terminal at (97.440, 225.840) (99.680, 226.640)
Net VDD, Pin Pin: u_core_g79436/vddi; Direction: INOUT; Use: POWER;: has an unconnected terminal at (70.000, 387.120) (72.240, 387.920)
Net VDD, Pin Pin: u_core_g79450/vddi; Direction: INOUT; Use: POWER;: has an unconnected terminal at (140.560, 530.480) (142.800, 531.280)
Net VDD, Pin Pin: u_core_g79473/vddi; Direction: INOUT; Use: POWER;: has an unconnected terminal at (566.160, 342.320) (568.400, 343.120)
Net VDD, Pin Pin: u_core_g79492/vddi; Direction: INOUT; Use: POWER;: has an unconnected terminal at (316.960, 270.640) (319.200, 271.440)
Net VDD, Pin Pin: u_core_g79494/vddi; Direction: INOUT; Use: POWER;: has an unconnected terminal at (248.640, 709.680) (250.880, 710.480)
Net VDD, Pin Pin: u_core_g79513/vddi; Direction: INOUT; Use: POWER;: has an unconnected terminal at (257.040, 279.600) (259.280, 280.400)
Net VDD, Pin Pin: u_core_g79515/vddi; Direction: INOUT; Use: POWER;: has an unconnected terminal at (273.840, 225.840) (276.080, 226.640)
Net VDD, Pin Pin: u_core_g79540/vddi; Direction: INOUT; Use: POWER;: has an unconnected terminal at (539.840, 709.680) (543.200, 710.480)
Net VDD, Pin Pin: u_core_g79555/vddi; Direction: INOUT; Use: POWER;: has an unconnected terminal at (327.600, 279.600) (329.840, 280.400)
Net VDD, Pin Pin: u_core_g79575/vddi; Direction: INOUT; Use: POWER;: has an unconnected terminal at (524.160, 288.560) (526.400, 289.360)
Net VDD, Pin Pin: u_core_g79577/vddi; Direction: INOUT; Use: POWER;: has an unconnected terminal at (311.360, 163.120) (313.600, 163.920)
Net VDD, Pin Pin: u_core_g79628/vddi; Direction: INOUT; Use: POWER;: has an unconnected terminal at (449.120, 700.720) (451.360, 701.520)
Net VDD, Pin Pin: u_core_g79638/vddi; Direction: INOUT; Use: POWER;: has an unconnected terminal at (599.840, 198.375) (600.140, 198.960)
Net VDD, Pin Pin: u_core_g79692/vddi; Direction: INOUT; Use: POWER;: has an unconnected terminal at (833.840, 449.840) (836.080, 450.640)
Net VDD, Pin Pin: u_core_g79819/vddi; Direction: INOUT; Use: POWER;: has an unconnected terminal at (114.240, 225.840) (118.160, 226.640)
Net VDD, Pin Pin: u_core_g79823/vddi; Direction: INOUT; Use: POWER;: has an unconnected terminal at (139.440, 476.720) (143.360, 477.520)
Net VDD, Pin Pin: u_core_g79825/vddi; Direction: INOUT; Use: POWER;: has an unconnected terminal at (195.440, 521.520) (199.360, 522.320)
Net VDD, Pin Pin: u_core_g79846/vddi; Direction: INOUT; Use: POWER;: has an unconnected terminal at (617.120, 727.600) (619.920, 728.400)
Net VDD, Pin Pin: u_core_g79850/vddi; Direction: INOUT; Use: POWER;: has an unconnected terminal at (630.000, 207.920) (632.800, 208.720)
Net VDD, Pin Pin: u_core_g79863/vddi; Direction: INOUT; Use: POWER;: has an unconnected terminal at (645.120, 225.840) (648.480, 226.640)
Net VDD, Pin Pin: u_core_g79866/vddi; Direction: INOUT; Use: POWER;: has an unconnected terminal at (314.720, 718.640) (318.640, 719.440)
Net VDD, Pin Pin: u_core_g79870/vddi; Direction: INOUT; Use: POWER;: has an unconnected terminal at (249.200, 145.200) (253.120, 146.000)
Net VDD, Pin Pin: u_core_g79888/vddi; Direction: INOUT; Use: POWER;: has an unconnected terminal at (530.320, 154.160) (534.240, 154.960)
Net VDD, Pin Pin: u_core_g79900/vddi; Direction: INOUT; Use: POWER;: has an unconnected terminal at (257.600, 145.200) (261.520, 146.000)
Net VDD, Pin Pin: u_core_g79956/vddi; Direction: INOUT; Use: POWER;: has an unconnected terminal at (313.040, 181.040) (316.960, 181.840)
Net VDD, Pin Pin: u_core_g79971/vddi; Direction: INOUT; Use: POWER;: has an unconnected terminal at (614.880, 503.600) (618.800, 504.400)
Net VDD, Pin Pin: u_core_g79978/vddi; Direction: INOUT; Use: POWER;: has an unconnected terminal at (558.880, 261.680) (562.800, 262.480)
Net VDD, Pin Pin: u_core_g79998/vddi; Direction: INOUT; Use: POWER;: has an unconnected terminal at (601.440, 387.120) (605.360, 387.920)
Net VDD, Pin Pin: u_core_g80041/vddi; Direction: INOUT; Use: POWER;: has an unconnected terminal at (409.360, 539.440) (413.280, 540.240)
Net VDD, Pin Pin: u_core_g80051/vddi; Direction: INOUT; Use: POWER;: has an unconnected terminal at (375.760, 333.360) (379.680, 334.160)
Net VDD, Pin Pin: u_core_g80064/vddi; Direction: INOUT; Use: POWER;: has an unconnected terminal at (331.520, 279.600) (335.440, 280.400)
Net VDD, Pin Pin: u_core_g80093/vddi; Direction: INOUT; Use: POWER;: has an unconnected terminal at (848.960, 431.920) (851.200, 432.720)
Net VDD, Pin Pin: u_core_g80095/vddi; Direction: INOUT; Use: POWER;: has an unconnected terminal at (748.160, 431.920) (750.400, 432.720)
Net VDD, Pin Pin: u_core_g80114/vddi; Direction: INOUT; Use: POWER;: has an unconnected terminal at (252.560, 709.680) (256.480, 710.480)
Net VDD, Pin Pin: u_core_g80153/vddi; Direction: INOUT; Use: POWER;: has an unconnected terminal at (323.680, 216.880) (327.600, 217.680)
Net VDD, Pin Pin: u_core_g80157/vddi; Direction: INOUT; Use: POWER;: has an unconnected terminal at (548.800, 216.880) (552.720, 217.680)
Net VDD, Pin Pin: u_core_g80162/vddi; Direction: INOUT; Use: POWER;: has an unconnected terminal at (208.320, 575.280) (212.240, 576.080)
Net VDD, Pin Pin: u_core_g80196/vddi; Direction: INOUT; Use: POWER;: has an unconnected terminal at (643.440, 351.280) (647.360, 352.080)
Net VDD, Pin Pin: u_core_g80279/vddi; Direction: INOUT; Use: POWER;: has an unconnected terminal at (75.040, 360.240) (78.960, 361.040)
Net VDD, Pin Pin: u_core_g80289/vddi; Direction: INOUT; Use: POWER;: has an unconnected terminal at (426.160, 602.160) (430.080, 602.960)
Net VDD, Pin Pin: u_core_g80316/vddi; Direction: INOUT; Use: POWER;: has an unconnected terminal at (266.560, 476.720) (270.480, 477.520)
Net VDD, Pin Pin: u_core_g80352/vddi; Direction: INOUT; Use: POWER;: has an unconnected terminal at (356.160, 279.600) (360.080, 280.400)
Net VDD, Pin Pin: u_core_g80361/vddi; Direction: INOUT; Use: POWER;: has an unconnected terminal at (239.680, 145.200) (243.600, 146.000)
Net VDD, Pin Pin: u_core_g80387/vddi; Direction: INOUT; Use: POWER;: has an unconnected terminal at (849.520, 772.400) (853.440, 773.200)
Net VDD, Pin Pin: u_core_g80412/vddi; Direction: INOUT; Use: POWER;: has an unconnected terminal at (428.580, 396.880) (428.870, 397.460)
Net VDD, Pin Pin: u_core_g80433/vddi; Direction: INOUT; Use: POWER;: has an unconnected terminal at (623.280, 163.120) (626.080, 163.920)
Net VDD, Pin Pin: u_core_g80445/vddi; Direction: INOUT; Use: POWER;: has an unconnected terminal at (233.130, 154.960) (233.430, 155.540)
Net VDD, Pin Pin: u_core_g80459/vddi; Direction: INOUT; Use: POWER;: has an unconnected terminal at (470.400, 306.480) (472.640, 307.280)
Net VDD, Pin Pin: u_core_g80466/vddi; Direction: INOUT; Use: POWER;: has an unconnected terminal at (450.240, 440.880) (452.480, 441.680)
Net VDD, Pin Pin: u_core_g80472/vddi; Direction: INOUT; Use: POWER;: has an unconnected terminal at (745.540, 440.300) (745.830, 440.880)
Net VDD, Pin Pin: u_core_g80474/vddi; Direction: INOUT; Use: POWER;: has an unconnected terminal at (579.220, 728.400) (579.510, 728.980)
Net VDD, Pin Pin: u_core_g80487/vddi; Direction: INOUT; Use: POWER;: has an unconnected terminal at (526.960, 190.000) (529.200, 190.800)
Net VDD, Pin Pin: u_core_g80500/vddi; Direction: INOUT; Use: POWER;: has an unconnected terminal at (1026.480, 772.400) (1028.720, 773.200)
Net VDD, Pin Pin: u_core_g80502/vddi; Direction: INOUT; Use: POWER;: has an unconnected terminal at (652.960, 243.760) (655.760, 244.560)
Net VDD, Pin Pin: u_core_g80510/vddi; Direction: INOUT; Use: POWER;: has an unconnected terminal at (594.720, 216.880) (597.520, 217.680)
Net VDD, Pin Pin: g490__6783/vddi; Direction: INOUT; Use: POWER;: has an unconnected terminal at (294.000, 109.360) (296.240, 110.160)
Net VDD, Pin Pin: g495__5122/vddi; Direction: INOUT; Use: POWER;: has an unconnected terminal at (307.440, 100.400) (309.680, 101.200)
Net VDD, Pin Pin: g501__7482/vddi; Direction: INOUT; Use: POWER;: has an unconnected terminal at (507.360, 109.360) (509.600, 110.160)
Net VDD, Pin Pin: g503__6161/vddi; Direction: INOUT; Use: POWER;: has an unconnected terminal at (510.160, 118.320) (512.400, 119.120)
Net VDD, Pin Pin: g512__5477/vddi; Direction: INOUT; Use: POWER;: has an unconnected terminal at (464.800, 118.320) (467.040, 119.120)
Net VDD, Pin Pin: g519__8428/vddi; Direction: INOUT; Use: POWER;: has an unconnected terminal at (446.320, 109.360) (449.120, 110.160)
Net VDD, Pin Pin: g2__2802/vddi; Direction: INOUT; Use: POWER;: has an unconnected terminal at (467.600, 109.360) (470.400, 110.160)
Net VDD, Pin Pin: g938__8246/vddi; Direction: INOUT; Use: POWER;: has an unconnected terminal at (163.340, 458.390) (165.020, 458.800)
Net VDD, Pin Pin: g940__6131/vddi; Direction: INOUT; Use: POWER;: has an unconnected terminal at (416.080, 458.800) (418.320, 459.600)
Net VDD, Pin Pin: g953__5477/vddi; Direction: INOUT; Use: POWER;: has an unconnected terminal at (417.760, 414.000) (420.000, 414.800)
Net VDD, Pin Pin: g954__2398/vddi; Direction: INOUT; Use: POWER;: has an unconnected terminal at (533.300, 414.800) (534.980, 415.210)
Net VDD, Pin Pin: g963__2802/vddi; Direction: INOUT; Use: POWER;: has an unconnected terminal at (234.260, 467.350) (235.940, 467.760)
Net VDD, Pin Pin: g968__6131/vddi; Direction: INOUT; Use: POWER;: has an unconnected terminal at (522.480, 458.800) (525.280, 459.600)
Net VDD, Pin Pin: g971__7482/vddi; Direction: INOUT; Use: POWER;: has an unconnected terminal at (201.780, 395.670) (203.460, 396.080)
Net VDD, Pin Pin: g976__2883/vddi; Direction: INOUT; Use: POWER;: has an unconnected terminal at (532.560, 449.840) (534.800, 450.640)
Net VDD, Pin Pin: g979__7410/vddi; Direction: INOUT; Use: POWER;: has an unconnected terminal at (542.640, 458.800) (545.440, 459.600)
Net VDD, Pin Pin: g982__2398/vddi; Direction: INOUT; Use: POWER;: has an unconnected terminal at (540.400, 387.120) (542.640, 387.920)
Net VDD, Pin Pin: g983__5107/vddi; Direction: INOUT; Use: POWER;: has an unconnected terminal at (519.120, 449.840) (521.360, 450.640)
Net VDD, Pin Pin: g986__8428/vddi; Direction: INOUT; Use: POWER;: has an unconnected terminal at (284.100, 467.350) (285.780, 467.760)
Net VDD, Pin Pin: g987__5526/vddi; Direction: INOUT; Use: POWER;: has an unconnected terminal at (254.420, 432.720) (256.100, 433.130)
Net VDD, Pin Pin: g995__7098/vddi; Direction: INOUT; Use: POWER;: has an unconnected terminal at (198.620, 459.600) (200.300, 460.010)
Net VDD, Pin Pin: g997__1881/vddi; Direction: INOUT; Use: POWER;: has an unconnected terminal at (261.900, 431.510) (263.580, 431.920)
Net VDD, Pin Pin: g999__7482/vddi; Direction: INOUT; Use: POWER;: has an unconnected terminal at (346.820, 459.600) (348.500, 460.010)
Net VDD, Pin Pin: g1001/vddi; Direction: INOUT; Use: POWER;: has an unconnected terminal at (504.180, 450.640) (504.470, 451.220)
Net VDD, Pin Pin: g1027__4319/vddi; Direction: INOUT; Use: POWER;: has an unconnected terminal at (469.280, 396.080) (471.520, 396.880)
Net VDD, Pin Pin: g973/vddi; Direction: INOUT; Use: POWER;: has an unconnected terminal at (866.880, 503.600) (870.240, 504.400)
Net VDD, Pin Pin: g80966/vddi; Direction: INOUT; Use: POWER;: has an unconnected terminal at (863.050, 405.840) (863.340, 406.420)
Net VDD, Pin Pin: g1012/vddi; Direction: INOUT; Use: POWER;: has an unconnected terminal at (858.860, 458.390) (860.540, 458.800)
Net VDD, Pin Pin: g116__2346/vddi; Direction: INOUT; Use: POWER;: has an unconnected terminal at (300.340, 108.950) (302.020, 109.360)
Net VDD, Pin Pin: g121__2398/vddi; Direction: INOUT; Use: POWER;: has an unconnected terminal at (512.400, 109.360) (515.760, 110.160)
Net VDD, Pin Pin: g1492__7098/vddi; Direction: INOUT; Use: POWER;: has an unconnected terminal at (514.720, 422.375) (515.020, 422.960)
Net VDD, Pin Pin: g1493__6131/vddi; Direction: INOUT; Use: POWER;: has an unconnected terminal at (511.360, 413.415) (511.660, 414.000)
Net VDD, Pin Pin: g1495__5115/vddi; Direction: INOUT; Use: POWER;: has an unconnected terminal at (506.320, 431.335) (506.620, 431.920)
Net VDD, Pin Pin: g1497__4733/vddi; Direction: INOUT; Use: POWER;: has an unconnected terminal at (516.960, 440.295) (517.260, 440.880)
Net VDD, Pin Pin: g1501__2883/vddi; Direction: INOUT; Use: POWER;: has an unconnected terminal at (220.640, 422.960) (224.560, 423.760)
Net VDD, Pin Pin: g1502__2346/vddi; Direction: INOUT; Use: POWER;: has an unconnected terminal at (218.960, 431.920) (223.440, 432.720)
Net VDD, Pin Pin: g1506__5477/vddi; Direction: INOUT; Use: POWER;: has an unconnected terminal at (236.880, 422.960) (240.800, 423.760)
Net VDD, Pin Pin: g1511__8428/vddi; Direction: INOUT; Use: POWER;: has an unconnected terminal at (303.520, 422.960) (307.440, 423.760)
Net VDD, Pin Pin: g1513__6783/vddi; Direction: INOUT; Use: POWER;: has an unconnected terminal at (452.480, 422.960) (455.840, 423.760)
Net VDD, Pin Pin: g1516__2802/vddi; Direction: INOUT; Use: POWER;: has an unconnected terminal at (526.960, 414.000) (530.320, 414.800)
Net VDD, Pin Pin: g1517__1705/vddi; Direction: INOUT; Use: POWER;: has an unconnected terminal at (288.400, 422.960) (292.320, 423.760)
Net VDD, Pin Pin: g1519__8246/vddi; Direction: INOUT; Use: POWER;: has an unconnected terminal at (223.440, 414.000) (227.360, 414.800)
Net VDD, Pin Pin: g1521__6131/vddi; Direction: INOUT; Use: POWER;: has an unconnected terminal at (183.120, 422.960) (187.040, 423.760)
Net VDD, Pin Pin: g1523__5115/vddi; Direction: INOUT; Use: POWER;: has an unconnected terminal at (570.640, 440.880) (574.000, 441.680)
Net VDD, Pin Pin: g1525__4733/vddi; Direction: INOUT; Use: POWER;: has an unconnected terminal at (552.160, 440.880) (555.520, 441.680)
Net VDD, Pin Pin: g1527__9315/vddi; Direction: INOUT; Use: POWER;: has an unconnected terminal at (456.400, 414.000) (459.760, 414.800)
Net VDD, Pin Pin: g1533__6417/vddi; Direction: INOUT; Use: POWER;: has an unconnected terminal at (568.960, 422.960) (572.320, 423.760)
Net VDD, Pin Pin: g1540__5526/vddi; Direction: INOUT; Use: POWER;: has an unconnected terminal at (241.920, 422.960) (245.840, 423.760)
Net VDD, Pin Pin: g1545__1705/vddi; Direction: INOUT; Use: POWER;: has an unconnected terminal at (152.320, 422.960) (156.240, 423.760)
Net VDD, Pin Pin: g1548__7098/vddi; Direction: INOUT; Use: POWER;: has an unconnected terminal at (578.480, 422.960) (581.840, 423.760)
Net VDD, Pin Pin: g1549__6131/vddi; Direction: INOUT; Use: POWER;: has an unconnected terminal at (546.560, 431.920) (549.920, 432.720)
Net VDD, Pin Pin: g1551__5115/vddi; Direction: INOUT; Use: POWER;: has an unconnected terminal at (456.960, 431.920) (460.320, 432.720)
Net VDD, Pin Pin: g1553__4733/vddi; Direction: INOUT; Use: POWER;: has an unconnected terminal at (411.600, 422.960) (414.960, 423.760)
Net VDD, Pin Pin: g1554__6161/vddi; Direction: INOUT; Use: POWER;: has an unconnected terminal at (203.840, 422.960) (207.760, 423.760)
Net VDD, Pin Pin: g1557/vddi; Direction: INOUT; Use: POWER;: has an unconnected terminal at (226.800, 422.960) (230.720, 423.760)
Net VDD, Pin Pin: g1573/vddi; Direction: INOUT; Use: POWER;: has an unconnected terminal at (324.240, 431.920) (327.600, 432.720)
Net VDD, Pin Pin: g1577/vddi; Direction: INOUT; Use: POWER;: has an unconnected terminal at (400.960, 449.840) (404.320, 450.640)
Net VDD, Pin Pin: g1578/vddi; Direction: INOUT; Use: POWER;: has an unconnected terminal at (468.720, 467.760) (472.080, 468.560)
Net VDD, Pin Pin: g1585/vddi; Direction: INOUT; Use: POWER;: has an unconnected terminal at (323.120, 440.880) (326.480, 441.680)
Net VDD, Pin Pin: g1601/vddi; Direction: INOUT; Use: POWER;: has an unconnected terminal at (225.680, 440.880) (229.040, 441.680)
Net VDD, Pin Pin: g1603/vddi; Direction: INOUT; Use: POWER;: has an unconnected terminal at (243.600, 387.120) (246.960, 387.920)
Net VDD, Pin Pin: g1614/vddi; Direction: INOUT; Use: POWER;: has an unconnected terminal at (537.040, 414.000) (540.400, 414.800)
Net VDD, Pin Pin: g1615/vddi; Direction: INOUT; Use: POWER;: has an unconnected terminal at (165.760, 458.800) (169.120, 459.600)
Net VDD, Pin Pin: g1617/vddi; Direction: INOUT; Use: POWER;: has an unconnected terminal at (152.880, 458.800) (156.240, 459.600)
Net VDD, Pin Pin: g1623/vddi; Direction: INOUT; Use: POWER;: has an unconnected terminal at (512.960, 467.760) (516.320, 468.560)
Net VDD, Pin Pin: g1631/vddi; Direction: INOUT; Use: POWER;: has an unconnected terminal at (186.480, 440.880) (189.840, 441.680)
Net VDD, Pin Pin: g1637/vddi; Direction: INOUT; Use: POWER;: has an unconnected terminal at (552.720, 414.000) (556.080, 414.800)
Net VDD, Pin Pin: g1653/vddi; Direction: INOUT; Use: POWER;: has an unconnected terminal at (408.800, 449.840) (412.160, 450.640)
Net VDD, Pin Pin: g1660/vddi; Direction: INOUT; Use: POWER;: has an unconnected terminal at (294.000, 467.760) (297.360, 468.560)
Net VDD, Pin Pin: g1661/vddi; Direction: INOUT; Use: POWER;: has an unconnected terminal at (236.880, 440.880) (240.240, 441.680)
Net VDD, Pin Pin: g1665/vddi; Direction: INOUT; Use: POWER;: has an unconnected terminal at (231.280, 422.960) (234.640, 423.760)
Net VDD, Pin Pin: g1696/vddi; Direction: INOUT; Use: POWER;: has an unconnected terminal at (321.440, 458.800) (324.800, 459.600)
Net VDD, Pin Pin: g1699/vddi; Direction: INOUT; Use: POWER;: has an unconnected terminal at (292.880, 476.720) (296.240, 477.520)
Net VDD, Pin Pin: g1700/vddi; Direction: INOUT; Use: POWER;: has an unconnected terminal at (245.840, 485.680) (249.200, 486.480)
Net VDD, Pin Pin: g1702/vddi; Direction: INOUT; Use: POWER;: has an unconnected terminal at (225.680, 449.840) (229.040, 450.640)
Net VDD, Pin Pin: g1707/vddi; Direction: INOUT; Use: POWER;: has an unconnected terminal at (243.600, 414.000) (246.960, 414.800)
Net VDD, Pin Pin: g1711/vddi; Direction: INOUT; Use: POWER;: has an unconnected terminal at (239.680, 485.680) (243.040, 486.480)
Net VDD, Pin Pin: g1720/vddi; Direction: INOUT; Use: POWER;: has an unconnected terminal at (182.560, 414.000) (185.920, 414.800)
Net VDD, Pin Pin: g1731/vddi; Direction: INOUT; Use: POWER;: has an unconnected terminal at (412.720, 378.160) (416.080, 378.960)
Net VDD, Pin Pin: g1734/vddi; Direction: INOUT; Use: POWER;: has an unconnected terminal at (170.800, 440.880) (174.160, 441.680)
Net VDD, Pin Pin: g1746/vddi; Direction: INOUT; Use: POWER;: has an unconnected terminal at (570.640, 458.800) (574.000, 459.600)
Net VDD, Pin Pin: g1755/vddi; Direction: INOUT; Use: POWER;: has an unconnected terminal at (403.200, 467.760) (406.560, 468.560)
Net VDD, Pin Pin: g1761/vddi; Direction: INOUT; Use: POWER;: has an unconnected terminal at (311.360, 414.000) (314.720, 414.800)
Net VDD, Pin Pin: g1773/vddi; Direction: INOUT; Use: POWER;: has an unconnected terminal at (144.480, 476.720) (147.840, 477.520)
Net VDD, Pin Pin: g1774/vddi; Direction: INOUT; Use: POWER;: has an unconnected terminal at (145.600, 351.280) (148.960, 352.080)
Net VDD, Pin Pin: g1783/vddi; Direction: INOUT; Use: POWER;: has an unconnected terminal at (352.240, 458.800) (355.600, 459.600)
Net VDD, Pin Pin: g8762/vddi; Direction: INOUT; Use: POWER;: has an unconnected terminal at (740.880, 530.480) (745.360, 531.280)
Net VDD, Pin Pin: g8763/vddi; Direction: INOUT; Use: POWER;: has an unconnected terminal at (954.240, 646.960) (958.720, 647.760)
Net VDD, Pin Pin: g8768/vddi; Direction: INOUT; Use: POWER;: has an unconnected terminal at (705.040, 655.920) (709.520, 656.720)
Net VDD, Pin Pin: g8825/vddi; Direction: INOUT; Use: POWER;: has an unconnected terminal at (842.940, 199.760) (843.780, 200.155)
Net VDD, Pin Pin: g8854/vddi; Direction: INOUT; Use: POWER;: has an unconnected terminal at (953.120, 458.800) (956.480, 459.600)
Net VDD, Pin Pin: g8857/vddi; Direction: INOUT; Use: POWER;: has an unconnected terminal at (969.920, 503.600) (973.840, 504.400)
Net VDD, Pin Pin: g8858/vddi; Direction: INOUT; Use: POWER;: has an unconnected terminal at (992.320, 422.960) (995.680, 423.760)
Net VDD, Pin Pin: g8860/vddi; Direction: INOUT; Use: POWER;: has an unconnected terminal at (766.080, 512.560) (769.440, 513.360)
Net VDD, Pin Pin: g8861/vddi; Direction: INOUT; Use: POWER;: has an unconnected terminal at (1016.960, 530.480) (1020.320, 531.280)
Net VDD, Pin Pin: g8866/vddi; Direction: INOUT; Use: POWER;: has an unconnected terminal at (1010.240, 342.320) (1013.600, 343.120)
Net VDD, Pin Pin: g8872/vddi; Direction: INOUT; Use: POWER;: has an unconnected terminal at (1020.320, 584.240) (1023.680, 585.040)
Net VDD, Pin Pin: g8883/vddi; Direction: INOUT; Use: POWER;: has an unconnected terminal at (691.600, 584.240) (694.960, 585.040)
Net VDD, Pin Pin: g8925/vddi; Direction: INOUT; Use: POWER;: has an unconnected terminal at (973.280, 288.560) (976.640, 289.360)
Net VDD, Pin Pin: g8935/vddi; Direction: INOUT; Use: POWER;: has an unconnected terminal at (1015.280, 306.480) (1018.640, 307.280)
Net VDD, Pin Pin: g8945/vddi; Direction: INOUT; Use: POWER;: has an unconnected terminal at (748.160, 530.480) (752.080, 531.280)
Net VDD, Pin Pin: g8951/vddi; Direction: INOUT; Use: POWER;: has an unconnected terminal at (801.360, 324.400) (804.720, 325.200)
Net VDD, Pin Pin: g8954/vddi; Direction: INOUT; Use: POWER;: has an unconnected terminal at (682.080, 745.520) (685.440, 746.320)
Net VDD, Pin Pin: g8992/vddi; Direction: INOUT; Use: POWER;: has an unconnected terminal at (689.920, 682.800) (693.280, 683.600)
Net VDD, Pin Pin: g9007/vddi; Direction: INOUT; Use: POWER;: has an unconnected terminal at (661.360, 530.480) (664.720, 531.280)
Net VDD, Pin Pin: g9043/vddi; Direction: INOUT; Use: POWER;: has an unconnected terminal at (857.360, 109.360) (861.840, 110.160)
Net VDD, Pin Pin: g9060/vddi; Direction: INOUT; Use: POWER;: has an unconnected terminal at (906.080, 181.040) (910.560, 181.840)
Net VDD, Pin Pin: g9096/vddi; Direction: INOUT; Use: POWER;: has an unconnected terminal at (840.560, 575.280) (843.920, 576.080)
Net VDD, Pin Pin: g9101/vddi; Direction: INOUT; Use: POWER;: has an unconnected terminal at (788.480, 270.640) (791.840, 271.440)
Net VDD, Pin Pin: g9105/vddi; Direction: INOUT; Use: POWER;: has an unconnected terminal at (767.760, 288.560) (771.120, 289.360)
Net VDD, Pin Pin: g9143/vddi; Direction: INOUT; Use: POWER;: has an unconnected terminal at (803.040, 136.240) (806.400, 137.040)
Net VDD, Pin Pin: g9144/vddi; Direction: INOUT; Use: POWER;: has an unconnected terminal at (1013.040, 530.480) (1016.400, 531.280)
Net VDD, Pin Pin: g9153/vddi; Direction: INOUT; Use: POWER;: has an unconnected terminal at (798.560, 145.200) (801.920, 146.000)
Net VDD, Pin Pin: g9160/vddi; Direction: INOUT; Use: POWER;: has an unconnected terminal at (700.000, 548.400) (703.360, 549.200)
Net VDD, Pin Pin: g9162/vddi; Direction: INOUT; Use: POWER;: has an unconnected terminal at (985.040, 575.280) (988.400, 576.080)
Net VDD, Pin Pin: g9182/vddi; Direction: INOUT; Use: POWER;: has an unconnected terminal at (939.120, 431.920) (942.480, 432.720)
Net VDD, Pin Pin: g9188/vddi; Direction: INOUT; Use: POWER;: has an unconnected terminal at (1017.520, 342.320) (1020.880, 343.120)
Net VDD, Pin Pin: g9204/vddi; Direction: INOUT; Use: POWER;: has an unconnected terminal at (1024.800, 584.240) (1028.160, 585.040)
Net VDD, Pin Pin: g9212/vddi; Direction: INOUT; Use: POWER;: has an unconnected terminal at (756.560, 566.320) (759.920, 567.120)
Net VDD, Pin Pin: g9237/vddi; Direction: INOUT; Use: POWER;: has an unconnected terminal at (1016.960, 369.200) (1020.320, 370.000)
Net VDD, Pin Pin: g9249/vddi; Direction: INOUT; Use: POWER;: has an unconnected terminal at (682.080, 324.400) (685.440, 325.200)
Net VDD, Pin Pin: g9257/vddi; Direction: INOUT; Use: POWER;: has an unconnected terminal at (971.600, 216.880) (974.960, 217.680)
Net VDD, Pin Pin: g9286/vddi; Direction: INOUT; Use: POWER;: has an unconnected terminal at (981.680, 530.480) (985.040, 531.280)
Net VDD, Pin Pin: g9307/vddi; Direction: INOUT; Use: POWER;: has an unconnected terminal at (947.520, 709.680) (950.880, 710.480)
Net VDD, Pin Pin: g9318/vddi; Direction: INOUT; Use: POWER;: has an unconnected terminal at (1011.360, 198.960) (1014.720, 199.760)
Net VDD, Pin Pin: g9349/vddi; Direction: INOUT; Use: POWER;: has an unconnected terminal at (875.840, 342.320) (879.200, 343.120)
Net VDD, Pin Pin: g9384/vddi; Direction: INOUT; Use: POWER;: has an unconnected terminal at (832.720, 190.000) (836.080, 190.800)
Net VDD, Pin Pin: g9409/vddi; Direction: INOUT; Use: POWER;: has an unconnected terminal at (912.800, 638.000) (916.160, 638.800)
Net VDD, Pin Pin: g9414/vddi; Direction: INOUT; Use: POWER;: has an unconnected terminal at (683.760, 611.120) (687.120, 611.920)
Net VDD, Pin Pin: g9445/vddi; Direction: INOUT; Use: POWER;: has an unconnected terminal at (896.000, 736.560) (899.360, 737.360)
Net VDD, Pin Pin: g9457/vddi; Direction: INOUT; Use: POWER;: has an unconnected terminal at (828.240, 342.320) (831.600, 343.120)
Net VDD, Pin Pin: g9476/vddi; Direction: INOUT; Use: POWER;: has an unconnected terminal at (889.840, 629.040) (893.200, 629.840)
Net VDD, Pin Pin: g9481/vddi; Direction: INOUT; Use: POWER;: has an unconnected terminal at (926.800, 530.480) (930.160, 531.280)
Net VDD, Pin Pin: g9510/vddi; Direction: INOUT; Use: POWER;: has an unconnected terminal at (1015.280, 727.600) (1018.640, 728.400)
Net VDD, Pin Pin: g9524/vddi; Direction: INOUT; Use: POWER;: has an unconnected terminal at (836.640, 664.880) (840.000, 665.680)
Net VDD, Pin Pin: g9545/vddi; Direction: INOUT; Use: POWER;: has an unconnected terminal at (979.440, 288.560) (982.800, 289.360)
Net VDD, Pin Pin: g9595/vddi; Direction: INOUT; Use: POWER;: has an unconnected terminal at (1020.880, 288.560) (1024.240, 289.360)
Net VDD, Pin Pin: g9613/vddi; Direction: INOUT; Use: POWER;: has an unconnected terminal at (694.960, 369.200) (698.320, 370.000)
Net VDD, Pin Pin: g9630/vddi; Direction: INOUT; Use: POWER;: has an unconnected terminal at (684.320, 655.920) (687.680, 656.720)
Net VDD, Pin Pin: g9633/vddi; Direction: INOUT; Use: POWER;: has an unconnected terminal at (971.040, 118.320) (974.400, 119.120)
Net VDD, Pin Pin: g9640/vddi; Direction: INOUT; Use: POWER;: has an unconnected terminal at (1002.960, 127.280) (1006.320, 128.080)
Net VDD, Pin Pin: g9646/vddi; Direction: INOUT; Use: POWER;: has an unconnected terminal at (659.120, 664.880) (662.480, 665.680)
Net VDD, Pin Pin: g9649/vddi; Direction: INOUT; Use: POWER;: has an unconnected terminal at (952.560, 288.560) (955.920, 289.360)
Net VDD, Pin Pin: g9682/vddi; Direction: INOUT; Use: POWER;: has an unconnected terminal at (1002.400, 378.160) (1005.760, 378.960)
Net VDD, Pin Pin: g9702/vddi; Direction: INOUT; Use: POWER;: has an unconnected terminal at (675.360, 745.520) (678.720, 746.320)
Net VDD, Pin Pin: g9718/vddi; Direction: INOUT; Use: POWER;: has an unconnected terminal at (974.400, 387.120) (977.760, 387.920)
Net VDD, Pin Pin: g9736/vddi; Direction: INOUT; Use: POWER;: has an unconnected terminal at (923.440, 109.360) (927.920, 110.160)
Net VDD, Pin Pin: g9743/vddi; Direction: INOUT; Use: POWER;: has an unconnected terminal at (985.040, 136.240) (988.400, 137.040)
Net VDD, Pin Pin: g9770/vddi; Direction: INOUT; Use: POWER;: has an unconnected terminal at (772.240, 136.240) (775.600, 137.040)
Net VDD, Pin Pin: g9777/vddi; Direction: INOUT; Use: POWER;: has an unconnected terminal at (915.600, 351.280) (918.960, 352.080)
Net VDD, Pin Pin: g9791/vddi; Direction: INOUT; Use: POWER;: has an unconnected terminal at (711.200, 754.480) (714.560, 755.280)
Net VDD, Pin Pin: g9799/vddi; Direction: INOUT; Use: POWER;: has an unconnected terminal at (993.440, 270.640) (996.800, 271.440)
Net VDD, Pin Pin: g9818/vddi; Direction: INOUT; Use: POWER;: has an unconnected terminal at (767.200, 754.480) (770.560, 755.280)
Net VDD, Pin Pin: g9823/vddi; Direction: INOUT; Use: POWER;: has an unconnected terminal at (655.760, 763.440) (659.120, 764.240)
Net VDD, Pin Pin: g9853/vddi; Direction: INOUT; Use: POWER;: has an unconnected terminal at (936.880, 646.960) (940.240, 647.760)
Net VDD, Pin Pin: g9886/vddi; Direction: INOUT; Use: POWER;: has an unconnected terminal at (919.520, 261.680) (922.880, 262.480)
Net VDD, Pin Pin: g9891/vddi; Direction: INOUT; Use: POWER;: has an unconnected terminal at (727.440, 754.480) (730.800, 755.280)
Net VDD, Pin Pin: g9895/vddi; Direction: INOUT; Use: POWER;: has an unconnected terminal at (707.280, 521.520) (710.640, 522.320)
Net VDD, Pin Pin: g9915/vddi; Direction: INOUT; Use: POWER;: has an unconnected terminal at (696.640, 512.560) (700.000, 513.360)
Net VDD, Pin Pin: g9932/vddi; Direction: INOUT; Use: POWER;: has an unconnected terminal at (730.800, 422.960) (734.160, 423.760)
Net VDD, Pin Pin: g9977/vddi; Direction: INOUT; Use: POWER;: has an unconnected terminal at (761.600, 288.560) (764.960, 289.360)
Net VDD, Pin Pin: g9978/vddi; Direction: INOUT; Use: POWER;: has an unconnected terminal at (749.840, 682.800) (753.200, 683.600)
Net VDD, Pin Pin: g10006/vddi; Direction: INOUT; Use: POWER;: has an unconnected terminal at (688.800, 190.000) (692.160, 190.800)
Net VDD, Pin Pin: g10067/vddi; Direction: INOUT; Use: POWER;: has an unconnected terminal at (646.240, 530.480) (649.600, 531.280)
Net VDD, Pin Pin: g10071/vddi; Direction: INOUT; Use: POWER;: has an unconnected terminal at (661.360, 521.520) (664.720, 522.320)
Net VDD, Pin Pin: g10074/vddi; Direction: INOUT; Use: POWER;: has an unconnected terminal at (1024.800, 566.320) (1028.160, 567.120)
Net VDD, Pin Pin: g80982/vddi; Direction: INOUT; Use: POWER;: has an unconnected terminal at (380.420, 709.100) (380.710, 709.680)
Net VDD, Pin Pin: u_core_u_ctx_bank_ctx_snapshot_q_reg[0][hit_level][4]/vddi; Direction: INOUT; Use: POWER;: has an unconnected terminal at (565.940, 119.120) (566.840, 119.750)
Net VDD, Pin Pin: u_core_u_ctx_bank_ctx_snapshot_q_reg[0][hit_level][6]/vddi; Direction: INOUT; Use: POWER;: has an unconnected terminal at (516.660, 128.080) (517.560, 128.710)
Net VDD, Pin Pin: u_core_u_ctx_bank_ctx_snapshot_q_reg[0][hit_level][9]/vddi; Direction: INOUT; Use: POWER;: has an unconnected terminal at (456.740, 56.400) (457.640, 57.030)
Net VDD, Pin Pin: u_core_u_ctx_bank_ctx_snapshot_q_reg[0][hit_level][20]/vddi; Direction: INOUT; Use: POWER;: has an unconnected terminal at (506.580, 83.280) (507.480, 83.910)
Net VDD, Pin Pin: u_core_u_ctx_bank_ctx_snapshot_q_reg[0][hit_level][31]/vddi; Direction: INOUT; Use: POWER;: has an unconnected terminal at (380.120, 65.360) (381.020, 65.990)
Net VDD, Pin Pin: u_core_u_ctx_bank_ctx_snapshot_q_reg[0][hit_level][35]/vddi; Direction: INOUT; Use: POWER;: has an unconnected terminal at (362.200, 119.120) (363.100, 119.750)
Net VDD, Pin Pin: u_core_u_ctx_bank_ctx_snapshot_q_reg[0][hit_level][39]/vddi; Direction: INOUT; Use: POWER;: has an unconnected terminal at (344.280, 56.400) (345.180, 57.030)
Net VDD, Pin Pin: u_core_u_ctx_bank_ctx_snapshot_q_reg[0][hit_level][40]/vddi; Direction: INOUT; Use: POWER;: has an unconnected terminal at (264.100, 83.280) (265.000, 83.910)
Net VDD, Pin Pin: u_core_u_ctx_bank_ctx_snapshot_q_reg[0][hit_level][52]/vddi; Direction: INOUT; Use: POWER;: has an unconnected terminal at (261.300, 74.320) (262.200, 74.950)
Net VDD, Pin Pin: u_core_u_ctx_bank_ctx_snapshot_q_reg[0][hit_level][55]/vddi; Direction: INOUT; Use: POWER;: has an unconnected terminal at (316.280, 65.360) (317.180, 65.990)
Net VDD, Pin Pin: u_core_u_ctx_bank_ctx_snapshot_q_reg[0][hit_level][56]/vddi; Direction: INOUT; Use: POWER;: has an unconnected terminal at (275.960, 110.160) (276.860, 110.790)
Net VDD, Pin Pin: u_core_u_ctx_bank_ctx_snapshot_q_reg[0][hit_level][61]/vddi; Direction: INOUT; Use: POWER;: has an unconnected terminal at (363.880, 56.400) (364.780, 57.030)
Net VDD, Pin Pin: u_core_u_ctx_bank_ctx_snapshot_q_reg[1][hit_level][0]/vddi; Direction: INOUT; Use: POWER;: has an unconnected terminal at (540.180, 119.120) (541.080, 119.750)
Net VDD, Pin Pin: u_core_u_ctx_bank_ctx_snapshot_q_reg[1][hit_level][2]/vddi; Direction: INOUT; Use: POWER;: has an unconnected terminal at (536.820, 101.200) (537.720, 101.830)
Net VDD, Pin Pin: u_core_u_ctx_bank_ctx_snapshot_q_reg[1][hit_level][4]/vddi; Direction: INOUT; Use: POWER;: has an unconnected terminal at (565.940, 101.200) (566.840, 101.830)
Net VDD, Pin Pin: u_core_u_ctx_bank_ctx_snapshot_q_reg[1][hit_level][7]/vddi; Direction: INOUT; Use: POWER;: has an unconnected terminal at (470.180, 56.400) (471.080, 57.030)
Net VDD, Pin Pin: u_core_u_ctx_bank_ctx_snapshot_q_reg[1][hit_level][8]/vddi; Direction: INOUT; Use: POWER;: has an unconnected terminal at (551.940, 99.770) (552.840, 100.400)
Net VDD, Pin Pin: u_core_u_ctx_bank_ctx_snapshot_q_reg[1][hit_level][17]/vddi; Direction: INOUT; Use: POWER;: has an unconnected terminal at (437.140, 56.400) (438.040, 57.030)
Net VDD, Pin Pin: u_core_u_ctx_bank_ctx_snapshot_q_reg[1][hit_level][18]/vddi; Direction: INOUT; Use: POWER;: has an unconnected terminal at (499.960, 65.360) (500.860, 65.990)
Net VDD, Pin Pin: u_core_u_ctx_bank_ctx_snapshot_q_reg[1][hit_level][19]/vddi; Direction: INOUT; Use: POWER;: has an unconnected terminal at (423.700, 56.400) (424.600, 57.030)
Net VDD, Pin Pin: u_core_u_ctx_bank_ctx_snapshot_q_reg[1][hit_level][20]/vddi; Direction: INOUT; Use: POWER;: has an unconnected terminal at (500.420, 74.320) (501.320, 74.950)
Net VDD, Pin Pin: u_core_u_ctx_bank_ctx_snapshot_q_reg[1][hit_level][23]/vddi; Direction: INOUT; Use: POWER;: has an unconnected terminal at (408.020, 56.400) (408.920, 57.030)
Net VDD, Pin Pin: u_core_u_ctx_bank_ctx_snapshot_q_reg[1][hit_level][40]/vddi; Direction: INOUT; Use: POWER;: has an unconnected terminal at (275.860, 74.320) (276.760, 74.950)
Net VDD, Pin Pin: g81372/vddi; Direction: INOUT; Use: POWER;: has an unconnected terminal at (375.760, 109.360) (380.240, 110.160)
Net VDD, Pin Pin: g81386/vddi; Direction: INOUT; Use: POWER;: has an unconnected terminal at (250.880, 163.120) (259.840, 163.920)
Net VDD, Pin Pin: g81387/vddi; Direction: INOUT; Use: POWER;: has an unconnected terminal at (388.640, 118.320) (392.000, 119.120)
Net VDD: has special routes with opens at (16.160, 16.160) (1045.040, 785.760)
Net VDD: has regular routing with opens at (855.120, 449.430) (863.520, 451.220)
Net VDD: has regular routing with opens at (403.760, 207.240) (431.200, 209.400)
Net VDD: has regular routing with opens at (851.760, 431.340) (880.320, 433.420)
Net VDD: has regular routing with opens at (815.360, 735.975) (827.680, 737.945)
Net VDD: has regular routing with opens at (477.680, 297.210) (481.600, 298.900)
Net VDD: has regular routing with opens at (567.280, 305.340) (599.200, 308.440)
Net VDD: has regular routing with opens at (765.520, 458.220) (778.400, 460.280)
Net VDD: has regular routing with opens at (752.080, 466.600) (769.440, 469.720)
Net VDD: has regular routing with opens at (864.080, 475.560) (901.040, 478.200)
Net VDD: has regular routing with opens at (448.000, 99.720) (519.680, 102.360)
Net VDD: has regular routing with opens at (476.000, 108.780) (479.920, 110.570)
Net VDD: has regular routing with opens at (493.360, 108.780) (500.640, 110.860)
Net VDD: has regular routing with opens at (865.200, 449.430) (878.080, 451.050)
Net VDD: has regular routing with opens at (386.960, 108.950) (390.320, 110.470)
Net VDD: has regular routing with opens at (338.800, 179.900) (362.880, 182.520)
Net VDD: has regular routing with opens at (262.080, 170.910) (336.560, 174.170)
Net VDD: has regular routing with opens at (504.000, 179.750) (516.320, 182.425)
Net VDD: has regular routing with opens at (317.520, 179.750) (338.240, 183.170)
Net VDD: has regular routing with opens at (518.560, 189.370) (525.840, 191.385)
Net VDD: has regular routing with opens at (453.600, 207.335) (460.320, 209.300)
Net VDD: has regular routing with opens at (386.960, 189.415) (402.640, 191.430)
Net VDD: has regular routing with opens at (303.520, 189.165) (353.360, 191.970)
Net VDD: has regular routing with opens at (278.320, 180.455) (288.960, 182.420)
Net VDD: has regular routing with opens at (237.440, 152.870) (256.480, 156.130)
Net VDD: has regular routing with opens at (621.600, 296.880) (625.520, 298.900)
Net VDD: has regular routing with opens at (451.920, 90.300) (476.560, 93.380)
Net VDD: has regular routing with opens at (468.720, 81.340) (484.400, 84.440)
Net VDD: has regular routing with opens at (315.840, 90.300) (342.160, 93.400)
Net VDD: has regular routing with opens at (325.360, 81.340) (352.800, 84.420)
Net VDD: has regular routing with opens at (298.480, 81.340) (324.240, 84.420)
Net VDD: has regular routing with opens at (454.160, 81.900) (462.000, 84.980)
Net VDD: has regular routing with opens at (407.680, 80.780) (453.600, 84.980)
Net VDD: has regular routing with opens at (366.800, 90.940) (373.520, 92.820)
Net VDD: has regular routing with opens at (363.440, 81.900) (374.080, 83.960)
Net VDD: has regular routing with opens at (348.880, 90.860) (364.560, 92.920)
Net VDD: has regular routing with opens at (388.080, 90.860) (393.120, 92.940)
Net VDD: has regular routing with opens at (865.200, 458.120) (882.560, 460.180)
Net VDD: has regular routing with opens at (855.680, 503.010) (866.320, 504.990)
Net VDD: has regular routing with opens at (633.920, 216.290) (646.240, 218.260)
Net VDD: has regular routing with opens at (568.400, 314.300) (612.640, 316.920)
Net VDD: has regular routing with opens at (566.720, 170.940) (638.400, 174.020)
Net VDD: has regular routing with opens at (646.240, 296.380) (658.560, 299.000)
Net VDD: has regular routing with opens at (402.640, 197.820) (424.480, 200.440)
Net VDD: has regular routing with opens at (426.160, 153.020) (490.000, 155.640)
Net VDD: has regular routing with opens at (396.480, 179.900) (440.160, 182.520)
Net VDD: has regular routing with opens at (473.760, 188.860) (506.800, 191.970)
Net VDD: has regular routing with opens at (426.160, 197.790) (449.120, 200.440)
Net VDD: has regular routing with opens at (442.960, 179.750) (494.480, 182.520)
Net VDD: has regular routing with opens at (338.240, 117.640) (351.120, 120.260)
Net VDD: has regular routing with opens at (320.880, 63.880) (370.160, 66.040)
Net VDD: has regular routing with opens at (322.000, 108.680) (333.200, 110.740)
Net VDD: has regular routing with opens at (342.160, 99.720) (353.920, 101.880)
Net VDD: has regular routing with opens at (268.240, 90.280) (282.240, 92.920)
Net VDD: has regular routing with opens at (264.880, 126.600) (281.120, 129.240)
Net VDD: has regular routing with opens at (244.720, 108.680) (255.920, 110.840)
Net VDD: has regular routing with opens at (299.040, 72.360) (323.120, 75.460)
Net VDD: has regular routing with opens at (250.880, 90.760) (261.520, 93.380)
Net VDD: has regular routing with opens at (283.920, 90.300) (314.720, 93.380)
Net VDD: has regular routing with opens at (244.720, 126.140) (264.320, 129.220)
Net VDD: has regular routing with opens at (241.360, 135.100) (323.120, 138.200)
Net VDD: has regular routing with opens at (278.320, 81.800) (295.120, 84.440)
Net VDD: has regular routing with opens at (356.160, 99.260) (385.280, 102.340)
Net VDD: has regular routing with opens at (281.680, 99.720) (292.320, 102.360)
Net VDD: has regular routing with opens at (327.040, 126.600) (337.680, 129.220)
Net VDD: has regular routing with opens at (283.920, 144.060) (332.640, 147.160)
Net VDD: has regular routing with opens at (357.840, 135.560) (391.440, 138.180)
Net VDD: has regular routing with opens at (367.920, 117.640) (378.560, 120.260)
Net VDD: has regular routing with opens at (315.280, 126.600) (325.920, 129.220)
Net VDD: has regular routing with opens at (383.600, 63.880) (407.680, 66.040)
Net VDD: has regular routing with opens at (409.360, 126.600) (423.920, 128.760)
Net VDD: has regular routing with opens at (424.480, 126.600) (438.480, 128.720)
Net VDD: has regular routing with opens at (402.080, 99.720) (422.800, 102.340)
Net VDD: has regular routing with opens at (408.800, 90.300) (450.800, 93.380)
Net VDD: has regular routing with opens at (491.680, 81.320) (503.440, 83.960)
Net VDD: has regular routing with opens at (409.920, 63.420) (420.560, 66.040)
Net VDD: has regular routing with opens at (517.440, 108.200) (531.440, 110.840)
Net VDD: has regular routing with opens at (448.000, 72.380) (459.760, 75.000)
Net VDD: has regular routing with opens at (520.800, 99.260) (533.680, 101.880)
Net VDD: has regular routing with opens at (448.560, 63.880) (467.040, 66.500)
Net VDD: has regular routing with opens at (514.640, 117.640) (525.280, 120.280)
Net VDD: has regular routing with opens at (473.200, 72.360) (483.840, 75.000)
Net VDD: has regular routing with opens at (595.840, 251.560) (624.400, 254.200)
Net VDD: has regular routing with opens at (614.880, 234.120) (632.240, 236.280)
Net VDD: has regular routing with opens at (598.080, 233.660) (614.320, 236.740)
Net VDD: has regular routing with opens at (607.600, 242.600) (626.640, 245.700)
Net VDD: has regular routing with opens at (432.880, 162.460) (444.640, 164.600)
Net VDD: has regular routing with opens at (385.280, 171.400) (488.880, 174.170)
Net VDD: has regular routing with opens at (338.800, 126.600) (349.440, 129.220)
Net VDD: has regular routing with opens at (316.400, 99.720) (328.720, 102.360)
Net VDD: has regular routing with opens at (265.440, 99.260) (281.120, 102.360)
Net VDD: has regular routing with opens at (329.280, 99.720) (339.920, 102.340)
Net VDD: has regular routing with opens at (251.440, 117.180) (263.200, 119.800)
Net VDD: has regular routing with opens at (323.680, 72.840) (342.720, 75.460)
Net VDD: has regular routing with opens at (286.160, 72.840) (296.800, 75.460)
Net VDD: has regular routing with opens at (352.240, 108.680) (365.120, 111.320)
Net VDD: has regular routing with opens at (323.680, 135.100) (340.480, 137.720)
Net VDD: has regular routing with opens at (275.520, 153.020) (312.480, 155.640)
Net VDD: has regular routing with opens at (352.240, 126.140) (366.240, 128.760)
Net VDD: has regular routing with opens at (398.720, 108.220) (409.360, 110.840)
Net VDD: has regular routing with opens at (421.680, 108.680) (434.000, 110.840)
Net VDD: has regular routing with opens at (409.920, 108.680) (420.560, 111.320)
Net VDD: has regular routing with opens at (485.520, 90.280) (498.400, 92.920)
Net VDD: has regular routing with opens at (424.480, 63.420) (435.120, 66.040)
Net VDD: has regular routing with opens at (486.080, 72.840) (498.400, 75.460)
Net VDD: has regular routing with opens at (436.240, 63.420) (446.880, 66.040)
Net VDD: has regular routing with opens at (505.680, 90.300) (516.320, 92.920)
Net VDD: has regular routing with opens at (518.560, 90.760) (538.160, 93.380)
Net VDD: has regular routing with opens at (551.040, 117.640) (563.920, 120.280)
Net VDD: has regular routing with opens at (469.280, 63.880) (488.320, 66.500)
Net VDD: has regular routing with opens at (541.520, 108.220) (552.160, 110.840)
Net VDD: has regular routing with opens at (508.480, 135.560) (550.480, 138.180)
Net VDD: has regular routing with opens at (582.400, 260.540) (603.680, 263.640)
Net VDD: has regular routing with opens at (590.240, 242.620) (600.880, 245.240)
Net VDD: has regular routing with opens at (874.160, 421.800) (899.360, 424.920)
Net VDD: has regular routing with opens at (852.320, 440.200) (864.080, 442.270)
Net VDD: has regular routing with opens at (882.000, 449.140) (901.600, 451.800)
Net VDD: has regular routing with opens at (866.320, 439.590) (886.480, 442.270)
Net VDD: has regular routing with opens at (616.000, 718.000) (633.920, 720.080)
Net VDD: has regular routing with opens at (561.120, 762.800) (592.480, 765.075)
Net VDD: has regular routing with opens at (512.400, 753.645) (557.760, 756.115)
Net VDD: has regular routing with opens at (598.640, 744.880) (622.720, 746.960)
Net VDD: has regular routing with opens at (608.160, 735.725) (636.160, 738.195)
Net VDD: has regular routing with opens at (600.320, 673.005) (614.320, 675.280)
Net VDD: has regular routing with opens at (514.640, 709.040) (529.760, 711.060)
Net VDD: has regular routing with opens at (560.560, 753.900) (574.560, 755.920)
Net VDD: has regular routing with opens at (501.760, 699.885) (574.000, 702.355)
Net VDD: has regular routing with opens at (576.800, 753.645) (634.480, 756.115)
Net VDD: has regular routing with opens at (537.600, 717.940) (556.640, 720.080)
Net VDD: has regular routing with opens at (603.680, 699.560) (649.040, 702.355)
Net VDD: has regular routing with opens at (583.520, 682.160) (598.080, 685.300)
Net VDD: has regular routing with opens at (606.480, 690.600) (674.240, 693.720)
Net VDD: has regular routing with opens at (459.200, 278.440) (540.400, 281.510)
Net VDD: has regular routing with opens at (346.080, 619.245) (369.600, 622.040)
Net VDD: has regular routing with opens at (308.000, 314.300) (364.560, 317.400)
Net VDD: has regular routing with opens at (740.880, 637.415) (746.480, 639.960)
Net VDD: has regular routing with opens at (931.840, 547.240) (1039.920, 550.360)
Net VDD: has regular routing with opens at (851.760, 538.280) (890.400, 541.400)
Net VDD: has regular routing with opens at (1020.320, 556.680) (1041.040, 559.320)
Net VDD: has regular routing with opens at (835.520, 547.240) (883.120, 549.880)
Net VDD: has regular routing with opens at (654.080, 529.320) (660.240, 531.865)
Net VDD: has regular routing with opens at (718.480, 224.680) (742.000, 227.800)
Net VDD: has regular routing with opens at (705.600, 225.160) (716.240, 227.800)
Net VDD: has regular routing with opens at (687.120, 224.680) (703.920, 227.320)
Net VDD: has regular routing with opens at (660.800, 538.280) (706.720, 541.400)
Net VDD: has regular routing with opens at (819.280, 126.120) (832.720, 129.240)
Net VDD: has regular routing with opens at (706.720, 233.640) (775.040, 236.760)
Net VDD: has regular routing with opens at (789.600, 224.680) (805.280, 227.780)
Net VDD: has regular routing with opens at (781.760, 556.680) (811.440, 559.320)
Net VDD: has regular routing with opens at (801.360, 153.000) (824.320, 156.120)
Net VDD: has regular routing with opens at (814.240, 556.200) (846.160, 559.320)
Net VDD: has regular routing with opens at (656.320, 394.920) (724.640, 398.040)
Net VDD: has regular routing with opens at (686.000, 403.880) (719.600, 407.000)
Net VDD: has regular routing with opens at (837.200, 153.575) (841.680, 156.120)
Net VDD: has regular routing with opens at (721.840, 403.880) (771.680, 407.000)
Net VDD: has regular routing with opens at (772.800, 403.880) (797.440, 406.520)
Net VDD: has regular routing with opens at (790.160, 161.960) (864.640, 165.080)
Net VDD: has regular routing with opens at (684.320, 467.080) (694.960, 469.720)
Net VDD: has regular routing with opens at (765.520, 394.920) (790.160, 397.560)
Net VDD: has regular routing with opens at (798.000, 395.495) (808.640, 397.560)
Net VDD: has regular routing with opens at (843.360, 252.040) (860.720, 254.680)
Net VDD: has regular routing with opens at (681.520, 475.560) (699.440, 478.200)
Net VDD: has regular routing with opens at (719.040, 618.920) (724.640, 621.465)
Net VDD: has regular routing with opens at (725.200, 619.400) (748.720, 621.465)
Net VDD: has regular routing with opens at (697.200, 494.330) (701.120, 496.025)
Net VDD: has regular routing with opens at (749.280, 618.920) (765.520, 622.040)
Net VDD: has regular routing with opens at (716.800, 610.535) (739.200, 613.080)
Net VDD: has regular routing with opens at (703.360, 494.055) (708.400, 496.600)
Net VDD: has regular routing with opens at (657.440, 637.415) (662.480, 639.110)
Net VDD: has regular routing with opens at (614.880, 645.800) (666.960, 649.460)
Net VDD: has regular routing with opens at (819.840, 90.300) (856.800, 93.400)
Net VDD: has regular routing with opens at (649.040, 636.840) (653.520, 639.385)
Net VDD: has regular routing with opens at (664.160, 636.840) (698.880, 639.480)
Net VDD: has regular routing with opens at (726.320, 117.925) (732.480, 119.705)
Net VDD: has regular routing with opens at (931.840, 520.360) (942.480, 523.000)
Net VDD: has regular routing with opens at (790.720, 637.320) (813.120, 639.960)
Net VDD: has regular routing with opens at (719.040, 126.600) (730.240, 129.240)
Net VDD: has regular routing with opens at (808.640, 645.800) (840.560, 648.920)
Net VDD: has regular routing with opens at (684.320, 117.160) (689.920, 119.705)
Net VDD: has regular routing with opens at (698.320, 117.160) (703.360, 119.705)
Net VDD: has regular routing with opens at (679.280, 627.880) (692.160, 631.000)
Net VDD: has regular routing with opens at (865.200, 269.480) (910.560, 272.600)
Net VDD: has regular routing with opens at (696.080, 628.455) (700.000, 630.150)
Net VDD: has regular routing with opens at (913.360, 502.920) (950.320, 505.560)
Net VDD: has regular routing with opens at (1001.840, 699.560) (1028.720, 702.680)
Net VDD: has regular routing with opens at (725.760, 108.200) (749.280, 111.320)
Net VDD: has regular routing with opens at (803.040, 385.960) (834.960, 388.600)
Net VDD: has regular routing with opens at (719.600, 207.525) (726.880, 209.305)
Net VDD: has regular routing with opens at (720.160, 198.375) (727.440, 200.920)
Net VDD: has regular routing with opens at (692.720, 206.760) (703.360, 209.880)
Net VDD: has regular routing with opens at (781.760, 99.260) (806.960, 102.360)
Net VDD: has regular routing with opens at (754.880, 206.760) (759.920, 209.860)
Net VDD: has regular routing with opens at (811.440, 394.920) (831.040, 398.040)
Net VDD: has regular routing with opens at (790.720, 206.760) (807.520, 209.860)
Net VDD: has regular routing with opens at (721.280, 332.200) (733.040, 334.840)
Net VDD: has regular routing with opens at (869.120, 511.400) (930.160, 514.040)
Net VDD: has regular routing with opens at (731.920, 350.120) (736.960, 352.665)
Net VDD: has regular routing with opens at (791.280, 377.000) (818.720, 380.120)
Net VDD: has regular routing with opens at (696.640, 413.320) (710.640, 415.385)
Net VDD: has regular routing with opens at (698.880, 422.375) (704.480, 424.920)
Net VDD: has regular routing with opens at (698.880, 323.240) (744.800, 325.880)
Net VDD: has regular routing with opens at (720.720, 422.475) (726.880, 424.345)
Net VDD: has regular routing with opens at (719.040, 413.415) (723.520, 415.960)
Net VDD: has regular routing with opens at (717.920, 305.320) (728.560, 307.960)
Net VDD: has regular routing with opens at (799.120, 421.800) (823.200, 424.920)
Net VDD: has regular routing with opens at (804.720, 368.520) (831.040, 371.160)
Net VDD: has regular routing with opens at (767.760, 422.280) (798.560, 424.440)
Net VDD: has regular routing with opens at (884.240, 520.360) (928.480, 523.480)
Net VDD: has regular routing with opens at (848.960, 261.095) (853.440, 263.640)
Net VDD: has regular routing with opens at (811.440, 412.840) (868.560, 415.960)
Net VDD: has regular routing with opens at (752.640, 305.320) (763.840, 307.960)
Net VDD: has regular routing with opens at (805.280, 403.880) (816.480, 406.520)
Net VDD: has regular routing with opens at (764.960, 305.320) (801.920, 308.440)
Net VDD: has regular routing with opens at (832.160, 359.080) (842.800, 361.720)
Net VDD: has regular routing with opens at (725.200, 646.280) (756.560, 648.920)
Net VDD: has regular routing with opens at (723.520, 672.680) (771.120, 675.800)
Net VDD: has regular routing with opens at (738.640, 654.760) (748.720, 657.305)
Net VDD: has regular routing with opens at (772.800, 287.880) (793.520, 290.520)
Net VDD: has regular routing with opens at (850.640, 359.650) (865.200, 361.720)
Net VDD: has regular routing with opens at (633.920, 681.640) (652.400, 684.280)
Net VDD: has regular routing with opens at (657.440, 681.640) (675.360, 684.760)
Net VDD: has regular routing with opens at (717.920, 574.695) (722.960, 577.240)
Net VDD: has regular routing with opens at (735.280, 583.080) (758.800, 585.720)
Net VDD: has regular routing with opens at (709.520, 663.720) (801.360, 666.840)
Net VDD: has regular routing with opens at (827.680, 350.870) (835.520, 352.665)
Net VDD: has regular routing with opens at (801.920, 673.530) (805.840, 675.225)
Net VDD: has regular routing with opens at (743.120, 574.120) (761.600, 576.760)
Net VDD: has regular routing with opens at (802.480, 681.640) (812.000, 684.760)
Net VDD: has regular routing with opens at (804.720, 663.720) (836.080, 666.360)
Net VDD: has regular routing with opens at (723.520, 574.600) (735.280, 577.240)
Net VDD: has regular routing with opens at (683.760, 672.680) (701.680, 675.320)
Net VDD: has regular routing with opens at (780.080, 341.160) (827.680, 344.280)
Net VDD: has regular routing with opens at (972.720, 466.600) (1013.600, 469.720)
Net VDD: has regular routing with opens at (675.920, 682.120) (689.360, 684.760)
Net VDD: has regular routing with opens at (692.720, 691.175) (697.760, 693.720)
Net VDD: has regular routing with opens at (656.880, 574.970) (660.800, 576.665)
Net VDD: has regular routing with opens at (695.520, 682.215) (701.120, 684.760)
Net VDD: has regular routing with opens at (963.760, 458.120) (992.880, 460.760)
Net VDD: has regular routing with opens at (651.280, 556.200) (701.680, 559.320)
Net VDD: has regular routing with opens at (710.080, 493.480) (735.280, 496.600)
Net VDD: has regular routing with opens at (710.080, 179.880) (750.400, 183.000)
Net VDD: has regular routing with opens at (720.160, 171.400) (736.400, 173.560)
Net VDD: has regular routing with opens at (547.120, 574.120) (654.080, 577.240)
Net VDD: has regular routing with opens at (672.560, 179.880) (703.920, 182.520)
Net VDD: has regular routing with opens at (752.640, 179.880) (768.320, 183.000)
Net VDD: has regular routing with opens at (661.920, 574.120) (666.400, 576.665)
Net VDD: has regular routing with opens at (736.960, 170.920) (795.200, 174.040)
Net VDD: has regular routing with opens at (749.280, 494.055) (754.320, 495.850)
Net VDD: has regular routing with opens at (764.400, 574.600) (785.680, 577.240)
Net VDD: has regular routing with opens at (770.000, 179.880) (806.960, 183.000)
Net VDD: has regular routing with opens at (770.560, 592.040) (828.240, 595.160)
Net VDD: has regular routing with opens at (855.680, 261.270) (859.040, 263.065)
Net VDD: has regular routing with opens at (734.720, 421.800) (767.200, 424.920)
Net VDD: has regular routing with opens at (757.680, 494.055) (768.320, 496.120)
Net VDD: has regular routing with opens at (810.880, 583.080) (859.600, 586.200)
Net VDD: has regular routing with opens at (737.520, 412.840) (747.040, 415.285)
Net VDD: has regular routing with opens at (794.080, 583.655) (804.720, 585.720)
Net VDD: has regular routing with opens at (735.840, 493.960) (748.720, 496.025)
Net VDD: has regular routing with opens at (757.120, 386.535) (767.760, 388.600)
Net VDD: has regular routing with opens at (976.080, 476.040) (999.040, 478.680)
Net VDD: has regular routing with opens at (901.600, 475.560) (917.840, 478.680)
Net VDD: has regular routing with opens at (776.160, 377.000) (785.680, 380.120)
Net VDD: has regular routing with opens at (684.320, 493.960) (695.520, 496.600)
Net VDD: has regular routing with opens at (767.760, 377.575) (773.920, 379.270)
Net VDD: has regular routing with opens at (791.840, 368.520) (802.480, 371.160)
Net VDD: has regular routing with opens at (644.000, 484.520) (697.760, 487.640)
Net VDD: has regular routing with opens at (771.680, 645.800) (800.240, 648.920)
Net VDD: has regular routing with opens at (883.680, 457.640) (905.520, 460.280)
Net VDD: has regular routing with opens at (769.440, 681.640) (785.120, 684.280)
Net VDD: has regular routing with opens at (698.880, 485.095) (703.360, 486.790)
Net VDD: has regular routing with opens at (749.280, 654.760) (775.040, 657.880)
Net VDD: has regular routing with opens at (705.040, 484.520) (709.520, 487.065)
Net VDD: has regular routing with opens at (656.320, 735.975) (663.040, 738.520)
Net VDD: has regular routing with opens at (701.680, 511.975) (706.720, 513.670)

Begin Summary
    726 Problem(s) (IMPVFC-96): Terminal(s) are not connected.
    1 Problem(s) (IMPVFC-200): Special Wires: Pieces of the net are not connected together.
    273 Problem(s) (IMPVFC-92): Pieces of the net are not connected together.
    1000 total info(s) created.
End Summary
