idx	marker_handle	box	layer	type	subType	message
1	0x7f23761d47d0	{125.16 608.0 125.16 608.0}	METTP	Connectivity	ConnectivityAntenna	Net VSS
2	0x7f23761d4830	{125.16 681.93 125.16 681.93}	METTP	Connectivity	ConnectivityAntenna	Net VSS
3	0x7f23761d4890	{205.16 608.0 205.16 608.0}	METTP	Connectivity	ConnectivityAntenna	Net VSS
4	0x7f23761d4920	{50.46 648.7 56.065 651.7}	MET2	Connectivity	UnConnectedPin	Net VSS Pin: u_core_u_osc_slow_u_ro_tune4/VSS; Direction: INOUT; Use: GROUND;
5	0x7f23761d49b0	{121.16 608.0 121.16 608.0}	METTP	Connectivity	ConnectivityAntenna	Net VDD
6	0x7f23761d4a10	{121.16 681.93 121.16 681.93}	METTP	Connectivity	ConnectivityAntenna	Net VDD
7	0x7f23761d4a70	{201.16 608.0 201.16 608.0}	METTP	Connectivity	ConnectivityAntenna	Net VDD
8	0x7f23761d4ad0	{201.16 683.3 201.16 683.3}	METTP	Connectivity	ConnectivityAntenna	Net VDD
9	0x7f23761d4b60	{47.0 681.16 47.0 681.16}	MET3	Connectivity	ConnectivityAntenna	Net VDD
10	0x7f23761d4b90	{221.745 681.16 221.745 681.16}	MET3	Connectivity	ConnectivityAntenna	Net VDD
11	0x7f23761d4bc0	{52.43 627.355 57.575 630.59}	MET1	Connectivity	UnConnectedPin	Net VDD Pin: u_core_u_osc_slow_u_ro_tune4/VDD; Direction: INOUT; Use: POWER;
12	0x7f235ca901a0	{265.705 202.17 265.965 202.43}	VIA1	Geometry	Cut_Enclosure	Regular Wire of Net u_core_gen_pd_row[7].gen_pd_col[3].u_pd/n_30 Actual: 0.010000 Required: 0.060000 Type: Enclosure # 10 60 160 1 : 265.5800 202.1600 265.8600 202.7090 2     LEF Description:   ENCLOSURE ABOVE   0.010000 0.060000 ;
13	0x7f235caa6380	{298.63 201.19 298.89 201.45}	VIA1	Geometry	Cut_Enclosure	Regular Wire of Net u_core_fast_phase[2] Actual: 0.010000 Required: 0.060000 Type: Enclosure # 10 60 160 1 : 298.6200 201.1800 298.9000 201.7290 2     LEF Description:   ENCLOSURE ABOVE   0.010000 0.060000 ;
14	0x7f235caa6500	{299.75 193.35 300.01 193.61}	VIA1	Geometry	Cut_Enclosure	Regular Wire of Net u_core_gen_fast_tag_col[2].u_fast_tag_n_41 Actual: 0.010000 Required: 0.060000 Type: Enclosure # 10 60 160 1 : 299.7400 193.0710 300.0200 193.6200 2     LEF Description:   ENCLOSURE ABOVE   0.010000 0.060000 ;
15	0x7f235caa6530	{300.07 169.365 300.33 169.625}	VIA1	Geometry	Cut_Enclosure	Regular Wire of Net u_core_n_58229 Actual: 0.010000 Required: 0.060000 Type: Enclosure # 10 60 160 1 : 300.3000 169.3550 300.5800 169.9040 2     LEF Description:   ENCLOSURE ABOVE   0.010000 0.060000 ;
16	0x7f235caa6710	{300.45 192.015 300.71 192.275}	VIA1	Geometry	Cut_Enclosure	Regular Wire of Net u_core_n_42002 Actual: 0.010000 Required: 0.060000 Type: Enclosure # 10 60 160 1 : 300.3000 192.0050 300.5800 192.5540 2     LEF Description:   ENCLOSURE ABOVE   0.010000 0.060000 ;
17	0x7f235caa6c80	{302.69 170.56 302.95 170.82}	VIA1	Geometry	Cut_Enclosure	Regular Wire of Net u_core_n_72446 Actual: 0.010000 Required: 0.060000 Type: Enclosure # 10 60 160 1 : 302.5400 170.5500 302.8200 171.0990 2     LEF Description:   ENCLOSURE ABOVE   0.010000 0.060000 ;
18	0x7f235caa6da0	{303.11 170.39 303.37 170.65}	VIA1	Geometry	Cut_Enclosure	Regular Wire of Net u_core_pd_hit_level[60] Actual: 0.010000 Required: 0.060000 Type: Enclosure # 10 60 160 1 : 303.1000 170.3800 303.3800 170.9290 2     LEF Description:   ENCLOSURE ABOVE   0.010000 0.060000 ;
19	0x7f235caa6e90	{303.67 193.91 303.93 194.17}	VIA1	Geometry	Cut_Enclosure	Regular Wire of Net u_core_fast_tag_col[2][0] Actual: 0.010000 Required: 0.060000 Type: Enclosure # 10 60 160 1 : 303.6600 193.9000 303.9400 194.1800 2     LEF Description:   ENCLOSURE ABOVE   0.010000 0.060000 ;
20	0x7f235caa6ec0	{303.67 197.27 303.93 197.53}	VIA1	Geometry	Cut_Enclosure	Regular Wire of Net u_core_fast_phase[2] Actual: 0.010000 Required: 0.060000 Type: Enclosure # 10 60 160 1 : 303.6600 197.2600 303.9400 197.8090 2     LEF Description:   ENCLOSURE ABOVE   0.010000 0.060000 ;
21	0x7f235caa70a0	{304.4 171.09 304.66 171.35}	VIA1	Geometry	Cut_Enclosure	Regular Wire of Net u_core_n_69129 & Regular Wire of Net FE_OFN55_FE_DBTN0_u_core_rst_sys_drain_n Actual: 0.010000 Required: 0.060000 Type: Enclosure # 10 60 160 1 : 304.2200 170.9400 304.5000 171.3600 2     LEF Description:   ENCLOSURE ABOVE   0.010000 0.060000 ;
22	0x7f235caa7100	{304.6 191.53 304.86 191.79}	VIA1	Geometry	Cut_Enclosure	Regular Wire of Net u_core_n_42002 Actual: 0.010000 Required: 0.060000 Type: Enclosure # 10 60 160 1 : 304.7800 191.5200 305.0600 192.0690 2     LEF Description:   ENCLOSURE ABOVE   0.010000 0.060000 ;
23	0x7f235caa7160	{304.675 179.565 304.935 179.825}	VIA1	Geometry	Cut_Enclosure	Regular Wire of Net u_core_n_67069 & Regular Wire of Net u_core_n_69011 Actual: 0.010000 Required: 0.060000 Type: Enclosure # 10 60 160 1 : 304.7800 179.5550 305.0600 180.1040 2     LEF Description:   ENCLOSURE ABOVE   0.010000 0.060000 ;
24	0x7f235caa7220	{304.79 178.23 305.05 178.49}	VIA1	Geometry	Cut_Enclosure	Regular Wire of Net u_core_n_69011 Actual: 0.010000 Required: 0.060000 Type: Enclosure # 10 60 160 1 : 304.7800 178.2200 305.0600 178.7690 2     LEF Description:   ENCLOSURE ABOVE   0.010000 0.060000 ;
25	0x7f235caa7250	{304.98 170.56 305.24 170.82}	VIA1	Geometry	Cut_Enclosure	Regular Wire of Net u_core_hit_capture_snapshot[hit_level][60] & Regular Wire of Net u_core_n_69129 Actual: 0.010000 Required: 0.060000 Type: Enclosure # 10 60 160 1 : 304.7800 170.2810 305.0600 170.8300 2     LEF Description:   ENCLOSURE ABOVE   0.010000 0.060000 ;
26	0x7f235caa72e0	{305.49 201.02 305.75 201.28}	VIA1	Geometry	Cut_Enclosure	Regular Wire of Net u_core_u_meas_ctrl_n_128 Actual: 0.010000 Required: 0.060000 Type: Enclosure # 10 60 160 1 : 305.3400 200.7410 305.6200 201.2900 2     LEF Description:   ENCLOSURE ABOVE   0.010000 0.060000 ;
27	0x7f235caa7310	{305.72 183.1 305.98 183.36}	VIA1	Geometry	Cut_Enclosure	Regular Wire of Net u_core_hit_capture_snapshot[hit_level][34] & Regular Wire of Net u_core_n_72446 Actual: 0.010000 Required: 0.060000 Type: Enclosure # 10 60 160 1 : 305.9000 183.0900 306.1800 183.5400 2     LEF Description:   ENCLOSURE ABOVE   0.010000 0.060000 ;
28	0x7f235caa73d0	{305.91 175.99 306.17 176.25}	VIA1	Geometry	Cut_Enclosure	Regular Wire of Net u_core_hit_capture_snapshot[hit_level][34] Actual: 0.010000 Required: 0.060000 Type: Enclosure # 10 60 160 1 : 305.9000 175.7110 306.1800 176.2600 2     LEF Description:   ENCLOSURE ABOVE   0.010000 0.060000 ;
29	0x7f235caa7400	{306.3 182.57 306.56 182.83}	VIA1	Geometry	Cut_Enclosure	Regular Wire of Net u_core_n_69011 & Regular Wire of Net FE_OFN55_FE_DBTN0_u_core_rst_sys_drain_n Actual: 0.010000 Required: 0.060000 Type: Enclosure # 10 60 160 1 : 306.4600 182.5600 306.7400 182.9800 2     LEF Description:   ENCLOSURE ABOVE   0.010000 0.060000 ;
30	0x7f235caa7520	{306.47 174.87 306.73 175.13}	VIA1	Geometry	Cut_Enclosure	Regular Wire of Net u_core_n_67214 Actual: 0.010000 Required: 0.060000 Type: Enclosure # 10 60 160 1 : 306.4600 174.8600 306.7400 175.4090 2     LEF Description:   ENCLOSURE ABOVE   0.010000 0.060000 ;
31	0x7f235caa7550	{306.47 187.75 306.73 188.01}	VIA1	Geometry	Cut_Enclosure	Regular Wire of Net FE_OFN194_u_core_fast_tag_col_2__4 & Regular Wire of Net FE_OFN55_FE_DBTN0_u_core_rst_sys_drain_n Actual: 0.010000 Required: 0.060000 Type: Enclosure # 10 60 160 1 : 306.4600 187.7400 306.7400 188.0200 2     LEF Description:   ENCLOSURE ABOVE   0.010000 0.060000 ;
32	0x7f235caa75b0	{306.61 200.975 306.87 201.235}	VIA1	Geometry	Cut_Enclosure	Regular Wire of Net u_core_n_72446 Actual: 0.010000 Required: 0.060000 Type: Enclosure # 10 60 160 1 : 306.4600 200.9650 306.7400 201.4600 2     LEF Description:   ENCLOSURE ABOVE   0.010000 0.060000 ;
33	0x7f235caa7730	{307.59 183.27 307.85 183.53}	VIA1	Geometry	Cut_Enclosure	Regular Wire of Net FE_OFN4920_u_core_pd_hit_level_34 Actual: 0.010000 Required: 0.060000 Type: Enclosure # 10 60 160 1 : 307.5800 183.2600 307.8600 183.8090 2     LEF Description:   ENCLOSURE ABOVE   0.010000 0.060000 ;
34	0x7f235caa7760	{307.73 188.525 307.99 188.785}	VIA1	Geometry	Cut_Enclosure	Regular Wire of Net FE_OFN195_u_core_fast_tag_col_2__4 Actual: 0.010000 Required: 0.060000 Type: Enclosure # 10 60 160 1 : 307.5800 188.3000 307.8600 188.7950 2     LEF Description:   ENCLOSURE ABOVE   0.010000 0.060000 ;
35	0x7f235ca9ad10	{287.43 192.23 287.69 192.49}	VIA1	Geometry	Cut_Enclosure	Regular Wire of Net u_core_fast_phase[2] Actual: 0.010000 Required: 0.060000 Type: Enclosure # 10 60 160 1 : 287.4200 192.2200 287.7000 192.5000 2     LEF Description:   ENCLOSURE ABOVE   0.010000 0.060000 ;
36	0x7f235ca9aa70	{286.31 197.27 286.57 197.53}	VIA1	Geometry	Cut_Enclosure	Regular Wire of Net u_core_fast_phase[2] & Regular Wire of Net u_core_gen_pd_row[4].gen_pd_col[2].u_pd/n_21 Actual: 0.010000 Required: 0.060000 Type: Enclosure # 10 60 160 1 : 286.3000 196.9910 286.5800 197.5400 2     LEF Description:   ENCLOSURE ABOVE   0.010000 0.060000 ;
37	0x7f235ca9a560	{284.21 200.92 284.47 201.18}	VIA1	Geometry	Cut_Enclosure	Regular Wire of Net u_core_gen_pd_row[4].gen_pd_col[2].u_pd/n_20 Actual: 0.010000 Required: 0.010000 Type: Enclosure # 10 10 160 1 : 284.0600 200.6410 284.3400 201.4590 2     LEF Description:   ENCLOSURE ABOVE   0.010000 0.060000 ;
38	0x7f235ca9a530	{284.07 188.31 284.33 188.57}	VIA1	Geometry	Cut_Enclosure	Regular Wire of Net rst_core_n Actual: 0.010000 Required: 0.060000 Type: Enclosure # 10 60 160 1 : 284.0600 188.3000 284.3400 188.8490 2     LEF Description:   ENCLOSURE ABOVE   0.010000 0.060000 ;
39	0x7f235ca9a1d0	{282.53 201.02 282.79 201.28}	VIA1	Geometry	Cut_Enclosure	Regular Wire of Net rst_core_n Actual: 0.010000 Required: 0.060000 Type: Enclosure # 10 60 160 1 : 282.3800 200.7410 282.6600 201.2900 2     LEF Description:   ENCLOSURE ABOVE   0.010000 0.060000 ;
40	0x7f235ca9a110	{282.0 188.07 282.26 188.33}	VIA1	Geometry	Cut_Enclosure	Regular Wire of Net u_core_gen_rst_fast_tap[2].u_rst_fast_sync/sync_q[0] Actual: 0.010000 Required: 0.060000 Type: Enclosure # 10 60 160 1 : 281.8200 188.0600 282.1000 188.6090 2     LEF Description:   ENCLOSURE ABOVE   0.010000 0.060000 ;
41	0x7f235ca9ae30	{287.835 200.49 288.095 200.75}	VIA1	Geometry	Cut_Enclosure	Regular Wire of Net u_core_gen_pd_row[4].gen_pd_col[2].u_pd/n_21 Actual: 0.010000 Required: 0.060000 Type: Enclosure # 10 60 160 1 : 287.9800 200.4800 288.2600 200.9000 2     LEF Description:   ENCLOSURE ABOVE   0.010000 0.060000 ;
42	0x7f235ca9b0d0	{288.55 188.31 288.81 188.57}	VIA1	Geometry	Cut_Enclosure	Regular Wire of Net u_core_fast_phase[2] Actual: 0.010000 Required: 0.060000 Type: Enclosure # 10 60 160 1 : 288.5400 188.3000 288.8200 188.5800 2     LEF Description:   ENCLOSURE ABOVE   0.010000 0.060000 ;
43	0x7f235ca9b640	{291.91 192.23 292.17 192.49}	VIA1	Geometry	Cut_Enclosure	Regular Wire of Net rst_core_n Actual: 0.010000 Required: 0.060000 Type: Enclosure # 10 60 160 1 : 291.9000 192.2200 292.1800 192.7690 2     LEF Description:   ENCLOSURE ABOVE   0.010000 0.060000 ;
44	0x7f235ca9b670	{292.08 201.43 292.34 201.69}	VIA1	Geometry	Cut_Enclosure	Regular Wire of Net u_core_gen_pd_row[4].gen_pd_col[2].u_pd/n_30 Actual: 0.010000 Required: 0.060000 Type: Enclosure # 10 60 160 1 : 291.9000 201.1800 292.1800 201.7000 2     LEF Description:   ENCLOSURE ABOVE   0.010000 0.060000 ;
45	0x7f235ca9b6d0	{292.1 197.5 292.36 197.76}	VIA1	Geometry	Cut_Enclosure	Regular Wire of Net u_core_gen_pd_row[4].gen_pd_col[2].u_pd/q2 & Regular Wire of Net rst_core_n Actual: 0.010000 Required: 0.060000 Type: Enclosure # 10 60 160 1 : 291.9000 197.2210 292.1800 197.7700 2     LEF Description:   ENCLOSURE ABOVE   0.010000 0.060000 ;
46	0x7f235ca9b910	{293.03 195.59 293.29 195.85}	VIA1	Geometry	Cut_Enclosure	Regular Wire of Net u_core_gen_pd_row[4].gen_pd_col[2].u_pd/n_5 Actual: 0.010000 Required: 0.060000 Type: Enclosure # 10 60 160 1 : 293.0200 195.5800 293.3000 195.8600 2     LEF Description:   ENCLOSURE ABOVE   0.010000 0.060000 ;
47	0x7f235ca9ba60	{294.035 197.485 294.295 197.745}	VIA1	Geometry	Cut_Enclosure	Regular Wire of Net FE_OFN186_u_core_fast_tag_col_2__2 Actual: 0.010000 Required: 0.010000 Type: Enclosure # 10 10 160 1 : 294.1400 197.2600 294.4200 198.0240 2     LEF Description:   ENCLOSURE ABOVE   0.010000 0.060000 ;
48	0x7f235ca9bbe0	{294.15 186.63 294.41 186.89}	VIA1	Geometry	Cut_Enclosure	Regular Wire of Net u_core_rst_fast_tap_n[2] Actual: 0.010000 Required: 0.060000 Type: Enclosure # 10 60 160 1 : 294.1400 186.6200 294.4200 186.9000 2     LEF Description:   ENCLOSURE ABOVE   0.010000 0.060000 ;
49	0x7f235ca9bc10	{294.15 201.19 294.41 201.45}	VIA1	Geometry	Cut_Enclosure	Regular Wire of Net u_core_gen_pd_row[4].gen_pd_col[2].u_pd/n_20 Actual: 0.010000 Required: 0.060000 Type: Enclosure # 10 60 160 1 : 294.1400 200.9110 294.4200 201.4600 2     LEF Description:   ENCLOSURE ABOVE   0.010000 0.060000 ;
50	0x7f235ca9bdc0	{294.925 192.62 295.185 192.88}	VIA1	Geometry	Cut_Enclosure	Regular Wire of Net FE_OFN136_u_core_meas_pd_clear Actual: 0.010000 Required: 0.060000 Type: Enclosure # 10 60 160 1 : 294.7000 192.6100 294.9800 193.1590 2     LEF Description:   ENCLOSURE ABOVE   0.010000 0.060000 ;
51	0x7f235ca9bf40	{295.83 196.15 296.09 196.41}	VIA1	Geometry	Cut_Enclosure	Regular Wire of Net u_core_fast_tag_col[2][2] Actual: 0.010000 Required: 0.060000 Type: Enclosure # 10 60 160 1 : 295.8200 195.8710 296.1000 196.4200 2     LEF Description:   ENCLOSURE ABOVE   0.010000 0.060000 ;
52	0x7f235ca9bfa0	{295.97 192.62 296.23 192.88}	VIA1	Geometry	Cut_Enclosure	Regular Wire of Net u_core_rst_fast_tap_n[2] Actual: 0.010000 Required: 0.060000 Type: Enclosure # 10 60 160 1 : 295.8200 192.6100 296.1000 193.0600 2     LEF Description:   ENCLOSURE ABOVE   0.010000 0.060000 ;
53	0x7f235caa6260	{297.09 191.53 297.35 191.79}	VIA1	Geometry	Cut_Enclosure	Regular Wire of Net u_core_gen_fast_tag_col[2].u_fast_tag_n_41 Actual: 0.010000 Required: 0.060000 Type: Enclosure # 10 60 160 1 : 296.9400 191.5200 297.2200 191.9400 2     LEF Description:   ENCLOSURE ABOVE   0.010000 0.060000 ;
54	0x7f235caa62f0	{298.07 195.59 298.33 195.85}	VIA1	Geometry	Cut_Enclosure	Regular Wire of Net u_core_fast_tag_col[2][2] Actual: 0.010000 Required: 0.060000 Type: Enclosure # 10 60 160 1 : 298.0600 195.5800 298.3400 195.8600 2     LEF Description:   ENCLOSURE ABOVE   0.010000 0.060000 ;
55	0x7f235ca91a30	{279.76 196.88 280.02 197.14}	VIA1	Geometry	Cut_Enclosure	Regular Wire of Net u_core_gen_pd_row[4].gen_pd_col[2].u_pd/n_21 Actual: 0.010000 Required: 0.060000 Type: Enclosure # 10 60 160 1 : 279.5800 196.7000 279.8600 197.1500 2     LEF Description:   ENCLOSURE ABOVE   0.010000 0.060000 ;
56	0x7f235ca91a00	{279.59 186.63 279.85 186.89}	VIA1	Geometry	Cut_Enclosure	Regular Wire of Net u_core_gen_pd_row[5].gen_pd_col[2].u_pd/n_5 Actual: 0.010000 Required: 0.060000 Type: Enclosure # 10 60 160 1 : 279.5800 186.6200 279.8600 186.9000 2     LEF Description:   ENCLOSURE ABOVE   0.010000 0.060000 ;
57	0x7f235ca91970	{279.03 192.79 279.29 193.05}	VIA1	Geometry	Cut_Enclosure	Regular Wire of Net u_core_gen_pd_row[5].gen_pd_col[2].u_pd/n_13 Actual: 0.010000 Required: 0.060000 Type: Enclosure # 10 60 160 1 : 279.0200 192.7800 279.3000 193.3290 2     LEF Description:   ENCLOSURE ABOVE   0.010000 0.060000 ;
58	0x7f235ca91880	{278.66 188.54 278.92 188.8}	VIA1	Geometry	Cut_Enclosure	Regular Wire of Net u_core_gen_pd_row[5].gen_pd_col[2].u_pd/q2 & Regular Wire of Net u_core_gen_pd_row[5].gen_pd_col[2].u_pd/n_5 Actual: 0.010000 Required: 0.060000 Type: Enclosure # 10 60 160 1 : 278.4600 188.3000 278.7400 188.8100 2     LEF Description:   ENCLOSURE ABOVE   0.010000 0.060000 ;
59	0x7f235ca91850	{278.625 191.53 278.885 191.79}	VIA1	Geometry	Cut_Enclosure	Regular Wire of Net u_core_gen_pd_row[5].gen_pd_col[2].u_pd/n_21 Actual: 0.010000 Required: 0.060000 Type: Enclosure # 10 60 160 1 : 278.4600 191.5200 278.7400 191.9400 2     LEF Description:   ENCLOSURE ABOVE   0.010000 0.060000 ;
60	0x7f235ca91730	{278.1 197.5 278.36 197.76}	VIA1	Geometry	Cut_Enclosure	Regular Wire of Net u_core_gen_pd_row[5].gen_pd_col[2].u_pd/q1 Actual: 0.010000 Required: 0.060000 Type: Enclosure # 10 60 160 1 : 277.9000 197.2210 278.1800 197.7700 2     LEF Description:   ENCLOSURE ABOVE   0.010000 0.060000 ;
61	0x7f235ca916a0	{277.35 192.79 277.61 193.05}	VIA1	Geometry	Cut_Enclosure	Regular Wire of Net u_core_gen_pd_row[5].gen_pd_col[2].u_pd/n_5 Actual: 0.010000 Required: 0.060000 Type: Enclosure # 10 60 160 1 : 277.3400 192.7800 277.6200 193.0600 2     LEF Description:   ENCLOSURE ABOVE   0.010000 0.060000 ;
62	0x7f235ca913d0	{276.23 192.79 276.49 193.05}	VIA1	Geometry	Cut_Enclosure	Regular Wire of Net u_core_n_41714 Actual: 0.010000 Required: 0.060000 Type: Enclosure # 10 60 160 1 : 276.2200 192.7800 276.5000 193.0600 2     LEF Description:   ENCLOSURE ABOVE   0.010000 0.060000 ;
63	0x7f235ca90e60	{273.85 192.09 274.11 192.35}	VIA1	Geometry	Cut_Enclosure	Regular Wire of Net u_core_n_41714 & Regular Wire of Net u_core_fast_phase[2] Actual: 0.010000 Required: 0.060000 Type: Enclosure # 10 60 160 1 : 273.9800 192.0800 274.2600 192.6290 2     LEF Description:   ENCLOSURE ABOVE   0.010000 0.060000 ;
64	0x7f235ca90e30	{273.43 192.79 273.69 193.05}	VIA1	Geometry	Cut_Enclosure	Regular Wire of Net u_core_gen_pd_row[5].gen_pd_col[2].u_pd/q1 Actual: 0.010000 Required: 0.060000 Type: Enclosure # 10 60 160 1 : 273.4200 192.7800 273.7000 193.3290 2     LEF Description:   ENCLOSURE ABOVE   0.010000 0.060000 ;
65	0x7f235ca90d70	{272.87 188.31 273.13 188.57}	VIA1	Geometry	Cut_Enclosure	Regular Wire of Net u_core_fast_phase[2] Actual: 0.010000 Required: 0.060000 Type: Enclosure # 10 60 160 1 : 272.8600 188.0310 273.1400 188.5800 2     LEF Description:   ENCLOSURE ABOVE   0.010000 0.060000 ;
66	0x7f235ca901d0	{265.73 201.075 265.99 201.335}	VIA1	Geometry	Cut_Enclosure	Regular Wire of Net u_core_gen_pd_row[7].gen_pd_col[3].u_pd/FE_OCPN68700_n Actual: 0.010000 Required: 0.060000 Type: Enclosure # 10 60 160 1 : 265.5800 201.0650 265.8600 201.4600 2     LEF Description:   ENCLOSURE ABOVE   0.010000 0.060000 ;
67	0x7f235ca90200	{265.76 196.88 266.02 197.14}	VIA1	Geometry	Cut_Enclosure	Regular Wire of Net u_core_gen_pd_row[5].gen_pd_col[2].u_pd/n_22 Actual: 0.010000 Required: 0.060000 Type: Enclosure # 10 60 160 1 : 265.5800 196.7000 265.8600 197.1500 2     LEF Description:   ENCLOSURE ABOVE   0.010000 0.060000 ;
68	0x7f235ca902f0	{266.29 192.06 266.55 192.32}	VIA1	Geometry	Cut_Enclosure	Regular Wire of Net rst_core_n Actual: 0.010000 Required: 0.060000 Type: Enclosure # 10 60 160 1 : 266.1400 192.0500 266.4200 192.5990 2     LEF Description:   ENCLOSURE ABOVE   0.010000 0.060000 ;
69	0x7f235ca90350	{266.32 187.92 266.58 188.18}	VIA1	Geometry	Cut_Enclosure	Regular Wire of Net u_core_gen_pd_row[5].gen_pd_col[2].u_pd/n_21 Actual: 0.010000 Required: 0.060000 Type: Enclosure # 10 60 160 1 : 266.1400 187.9100 266.4200 188.4590 2     LEF Description:   ENCLOSURE ABOVE   0.010000 0.060000 ;
70	0x7f235ca904d0	{267.41 201.02 267.67 201.28}	VIA1	Geometry	Cut_Enclosure	Regular Wire of Net rst_core_n Actual: 0.010000 Required: 0.060000 Type: Enclosure # 10 60 160 1 : 267.2600 201.0100 267.5400 201.4600 2     LEF Description:   ENCLOSURE ABOVE   0.010000 0.060000 ;
71	0x7f235ca905c0	{267.83 197.27 268.09 197.53}	VIA1	Geometry	Cut_Enclosure	Regular Wire of Net u_core_gen_pd_row[5].gen_pd_col[2].u_pd/n_20 & Regular Wire of Net rst_core_n Actual: 0.010000 Required: 0.060000 Type: Enclosure # 10 60 160 1 : 267.8200 197.2600 268.1000 197.5400 2     LEF Description:   ENCLOSURE ABOVE   0.010000 0.060000 ;
72	0x7f235ca90620	{267.97 191.96 268.23 192.22}	VIA1	Geometry	Cut_Enclosure	Regular Wire of Net u_core_gen_pd_row[5].gen_pd_col[2].u_pd/n_20 Actual: 0.010000 Required: 0.060000 Type: Enclosure # 10 60 160 1 : 267.8200 191.9500 268.1000 192.4990 2     LEF Description:   ENCLOSURE ABOVE   0.010000 0.060000 ;
73	0x7f235ca90830	{269.09 200.92 269.35 201.18}	VIA1	Geometry	Cut_Enclosure	Regular Wire of Net u_core_gen_pd_row[7].gen_pd_col[3].u_pd/n_20 Actual: 0.010000 Required: 0.060000 Type: Enclosure # 10 60 160 1 : 268.9400 200.9100 269.2200 201.4590 2     LEF Description:   ENCLOSURE ABOVE   0.010000 0.060000 ;
74	0x7f235ca90b60	{271.595 200.49 271.855 200.75}	VIA1	Geometry	Cut_Enclosure	Regular Wire of Net u_core_gen_pd_row[5].gen_pd_col[2].u_pd/n_22 Actual: 0.010000 Required: 0.060000 Type: Enclosure # 10 60 160 1 : 271.7400 200.2110 272.0200 200.7600 2     LEF Description:   ENCLOSURE ABOVE   0.010000 0.060000 ;
75	0x7f235ca90bf0	{272.17 191.96 272.43 192.22}	VIA1	Geometry	Cut_Enclosure	Regular Wire of Net u_core_gen_pd_row[5].gen_pd_col[2].u_pd/n_19 Actual: 0.010000 Required: 0.060000 Type: Enclosure # 10 60 160 1 : 272.3000 191.6810 272.5800 192.2300 2     LEF Description:   ENCLOSURE ABOVE   0.010000 0.060000 ;
76	0x7f235ca90c50	{272.31 197.27 272.57 197.53}	VIA1	Geometry	Cut_Enclosure	Regular Wire of Net u_core_fast_phase[2] Actual: 0.010000 Required: 0.060000 Type: Enclosure # 10 60 160 1 : 272.3000 197.2600 272.5800 197.5400 2     LEF Description:   ENCLOSURE ABOVE   0.010000 0.060000 ;
77	0x7f235ca9a050	{281.83 193.91 282.09 194.17}	VIA1	Geometry	Cut_Enclosure	Regular Wire of Net u_core_gen_rst_fast_tap[2].u_rst_fast_sync/sync_q[0] Actual: 0.010000 Required: 0.060000 Type: Enclosure # 10 60 160 1 : 281.8200 193.6310 282.1000 194.1800 2     LEF Description:   ENCLOSURE ABOVE   0.010000 0.060000 ;
78	0x7f235ca9a080	{281.83 197.27 282.09 197.53}	VIA1	Geometry	Cut_Enclosure	Regular Wire of Net u_core_gen_pd_row[4].gen_pd_col[2].u_pd/n_20 Actual: 0.010000 Required: 0.060000 Type: Enclosure # 10 60 160 1 : 281.8200 197.2600 282.1000 197.8090 2     LEF Description:   ENCLOSURE ABOVE   0.010000 0.060000 ;
79	0x7f235ca9a200	{282.81 179.52 283.07 179.78}	VIA1	Geometry	Cut_Enclosure	Regular Wire of Net FE_OFN4933_hit_latched_41 & Regular Wire of Net FE_OCPN5038_u_core_pd_hit_level_56 Actual: 0.010000 Required: 0.060000 Type: Enclosure # 10 60 160 1 : 282.9400 179.3400 283.2200 179.7900 2     LEF Description:   ENCLOSURE ABOVE   0.010000 0.060000 ;
80	0x7f235ca9a0e0	{281.97 183.055 282.23 183.315}	VIA1	Geometry	Cut_Enclosure	Regular Wire of Net FE_DBTN29_u_core_pd_hit_level_43 Actual: 0.010000 Required: 0.060000 Type: Enclosure # 10 60 160 1 : 281.8200 182.7760 282.1000 183.3250 2     LEF Description:   ENCLOSURE ABOVE   0.010000 0.060000 ;
81	0x7f235ca9a2c0	{282.95 183.83 283.21 184.09}	VIA1	Geometry	Cut_Enclosure	Regular Wire of Net u_core_pd_hit_level[42] & Regular Wire of Net FE_OCPN5038_u_core_pd_hit_level_56 Actual: 0.010000 Required: 0.060000 Type: Enclosure # 10 60 160 1 : 282.9400 183.8200 283.2200 184.3690 2     LEF Description:   ENCLOSURE ABOVE   0.010000 0.060000 ;
82	0x7f235ca9a3e0	{283.51 173.19 283.77 173.45}	VIA1	Geometry	Cut_Enclosure	Regular Wire of Net FE_OCPN4975_u_core_pd_hit_level_44 Actual: 0.010000 Required: 0.060000 Type: Enclosure # 10 60 160 1 : 283.5000 173.1800 283.7800 173.4600 2     LEF Description:   ENCLOSURE ABOVE   0.010000 0.060000 ;
83	0x7f235ca9a4d0	{284.07 180.47 284.33 180.73}	VIA1	Geometry	Cut_Enclosure	Regular Wire of Net FE_OCPN48338_u_core_pd_hit_level_40 Actual: 0.010000 Required: 0.060000 Type: Enclosure # 10 60 160 1 : 284.0600 180.1910 284.3400 180.7400 2     LEF Description:   ENCLOSURE ABOVE   0.010000 0.060000 ;
84	0x7f235ca9a500	{284.07 183.83 284.33 184.09}	VIA1	Geometry	Cut_Enclosure	Regular Wire of Net u_core_pd_hit_level[43] Actual: 0.010000 Required: 0.060000 Type: Enclosure # 10 60 160 1 : 284.0600 183.5510 284.3400 184.1000 2     LEF Description:   ENCLOSURE ABOVE   0.010000 0.060000 ;
85	0x7f235ca9a5f0	{284.63 183.83 284.89 184.09}	VIA1	Geometry	Cut_Enclosure	Regular Wire of Net u_core_n_69668 & Regular Wire of Net FE_OFN4933_hit_latched_41 Actual: 0.010000 Required: 0.060000 Type: Enclosure # 10 60 160 1 : 284.6200 183.5510 284.9000 184.1000 2     LEF Description:   ENCLOSURE ABOVE   0.010000 0.060000 ;
86	0x7f235ca9a620	{284.77 174.095 285.03 174.355}	VIA1	Geometry	Cut_Enclosure	Regular Wire of Net u_core_n_64846 Actual: 0.010000 Required: 0.060000 Type: Enclosure # 10 60 160 1 : 284.6200 174.0850 284.9000 174.5800 2     LEF Description:   ENCLOSURE ABOVE   0.010000 0.060000 ;
87	0x7f235ca9a770	{285.33 182.57 285.59 182.83}	VIA1	Geometry	Cut_Enclosure	Regular Wire of Net u_core_n_62396 Actual: 0.010000 Required: 0.060000 Type: Enclosure # 10 60 160 1 : 285.1800 182.5600 285.4600 183.1090 2     LEF Description:   ENCLOSURE ABOVE   0.010000 0.060000 ;
88	0x7f235ca9a8c0	{285.75 184.39 286.01 184.65}	VIA1	Geometry	Cut_Enclosure	Regular Wire of Net u_core_n_64846 Actual: 0.010000 Required: 0.060000 Type: Enclosure # 10 60 160 1 : 285.7400 184.1110 286.0200 184.6600 2     LEF Description:   ENCLOSURE ABOVE   0.010000 0.060000 ;
89	0x7f235ca9a9e0	{286.31 169.83 286.57 170.09}	VIA1	Geometry	Cut_Enclosure	Regular Wire of Net FE_OFN4933_hit_latched_41 Actual: 0.010000 Required: 0.060000 Type: Enclosure # 10 60 160 1 : 286.3000 169.8200 286.5800 170.1000 2     LEF Description:   ENCLOSURE ABOVE   0.010000 0.060000 ;
90	0x7f235ca9aa10	{286.31 174.87 286.57 175.13}	VIA1	Geometry	Cut_Enclosure	Regular Wire of Net FE_DBTN29_u_core_pd_hit_level_43 Actual: 0.010000 Required: 0.060000 Type: Enclosure # 10 60 160 1 : 286.3000 174.8600 286.5800 175.1400 2     LEF Description:   ENCLOSURE ABOVE   0.010000 0.060000 ;
91	0x7f235ca9aa40	{286.31 183.83 286.57 184.09}	VIA1	Geometry	Cut_Enclosure	Regular Wire of Net u_core_pd_hit_level[42] Actual: 0.010000 Required: 0.060000 Type: Enclosure # 10 60 160 1 : 286.3000 183.8200 286.5800 184.3690 2     LEF Description:   ENCLOSURE ABOVE   0.010000 0.060000 ;
92	0x7f235ca9ab30	{286.73 179.565 286.99 179.825}	VIA1	Geometry	Cut_Enclosure	Regular Wire of Net u_core_n_69668 Actual: 0.010000 Required: 0.060000 Type: Enclosure # 10 60 160 1 : 286.8600 179.3400 287.1400 179.8350 2     LEF Description:   ENCLOSURE ABOVE   0.010000 0.060000 ;
93	0x7f235ca9ac20	{286.87 178.23 287.13 178.49}	VIA1	Geometry	Cut_Enclosure	Regular Wire of Net FE_DBTN29_u_core_pd_hit_level_43 Actual: 0.010000 Required: 0.060000 Type: Enclosure # 10 60 160 1 : 286.8600 177.9510 287.1400 178.5000 2     LEF Description:   ENCLOSURE ABOVE   0.010000 0.060000 ;
94	0x7f235ca9add0	{287.57 183.055 287.83 183.315}	VIA1	Geometry	Cut_Enclosure	Regular Wire of Net FE_OCPN4979_u_core_pd_hit_level_42 Actual: 0.010000 Required: 0.060000 Type: Enclosure # 10 60 160 1 : 287.4200 183.0450 287.7000 183.5400 2     LEF Description:   ENCLOSURE ABOVE   0.010000 0.060000 ;
95	0x7f235ca9af20	{288.36 178.96 288.62 179.22}	VIA1	Geometry	Cut_Enclosure	Regular Wire of Net FE_OCPN4979_u_core_pd_hit_level_42 Actual: 0.010000 Required: 0.060000 Type: Enclosure # 10 60 160 1 : 288.5400 178.9500 288.8200 179.4990 2     LEF Description:   ENCLOSURE ABOVE   0.010000 0.060000 ;
96	0x7f235ca9b100	{288.84 174.68 289.1 174.94}	VIA1	Geometry	Cut_Enclosure	Regular Wire of Net FE_OCPN4979_u_core_pd_hit_level_42 Actual: 0.010000 Required: 0.060000 Type: Enclosure # 10 60 160 1 : 288.8300 174.6700 289.3790 174.9500 2     LEF Description:   ENCLOSURE ABOVE   0.010000 0.060000 ;
97	0x7f235ca9b490	{290.935 173.58 291.195 173.84}	VIA1	Geometry	Cut_Enclosure	Regular Wire of Net u_core_n_64846 Actual: 0.010000 Required: 0.060000 Type: Enclosure # 10 60 160 1 : 290.7800 173.5700 291.0600 174.0200 2     LEF Description:   ENCLOSURE ABOVE   0.010000 0.060000 ;
98	0x7f235ca9b7c0	{292.61 170.605 292.87 170.865}	VIA1	Geometry	Cut_Enclosure	Regular Wire of Net n_4923 Actual: 0.010000 Required: 0.060000 Type: Enclosure # 10 60 160 1 : 292.4600 170.5950 292.7400 171.1440 2     LEF Description:   ENCLOSURE ABOVE   0.010000 0.060000 ;
99	0x7f235ca9bca0	{294.29 174.17 294.55 174.43}	VIA1	Geometry	Cut_Enclosure	Regular Wire of Net u_core_n_58999 Actual: 0.010000 Required: 0.060000 Type: Enclosure # 10 60 160 1 : 294.1400 174.1600 294.4200 174.5800 2     LEF Description:   ENCLOSURE ABOVE   0.010000 0.060000 ;
100	0x7f235ca9bd60	{294.71 169.83 294.97 170.09}	VIA1	Geometry	Cut_Enclosure	Regular Wire of Net u_core_n_58999 Actual: 0.010000 Required: 0.060000 Type: Enclosure # 10 60 160 1 : 294.7000 169.8200 294.9800 170.3690 2     LEF Description:   ENCLOSURE ABOVE   0.010000 0.060000 ;
101	0x7f235ca9be80	{295.64 171.57 295.9 171.83}	VIA1	Geometry	Cut_Enclosure	Regular Wire of Net n_4923 Actual: 0.010000 Required: 0.060000 Type: Enclosure # 10 60 160 1 : 295.8200 171.5000 296.1000 171.8400 2     LEF Description:   ENCLOSURE ABOVE   0.010000 0.060000 ;
102	0x7f235ca9bf10	{295.83 174.87 296.09 175.13}	VIA1	Geometry	Cut_Enclosure	Regular Wire of Net u_core_n_67069 Actual: 0.010000 Required: 0.060000 Type: Enclosure # 10 60 160 1 : 295.8200 174.8600 296.1000 175.4090 2     LEF Description:   ENCLOSURE ABOVE   0.010000 0.060000 ;
103	0x7f235caa6020	{296.25 169.48 296.51 169.74}	VIA1	Geometry	Cut_Enclosure	Regular Wire of Net u_core_n_58230 Actual: 0.010000 Required: 0.060000 Type: Enclosure # 10 60 160 1 : 296.3800 169.2010 296.6600 169.7500 2     LEF Description:   ENCLOSURE ABOVE   0.010000 0.060000 ;
104	0x7f235ca91e80	{281.41 171.09 281.67 171.35}	VIA1	Geometry	Cut_Enclosure	Regular Wire of Net u_core_n_67707 Actual: 0.010000 Required: 0.060000 Type: Enclosure # 10 60 160 1 : 281.2600 170.9400 281.5400 171.3600 2     LEF Description:   ENCLOSURE ABOVE   0.010000 0.060000 ;
105	0x7f235ca91c70	{280.71 183.83 280.97 184.09}	VIA1	Geometry	Cut_Enclosure	Regular Wire of Net u_core_pd_hit_level[43] Actual: 0.010000 Required: 0.060000 Type: Enclosure # 10 60 160 1 : 280.7000 183.5510 280.9800 184.1000 2     LEF Description:   ENCLOSURE ABOVE   0.010000 0.060000 ;
106	0x7f235ca91c40	{280.71 174.87 280.97 175.13}	VIA1	Geometry	Cut_Enclosure	Regular Wire of Net u_core_n_69243 Actual: 0.010000 Required: 0.060000 Type: Enclosure # 10 60 160 1 : 280.7000 174.5910 280.9800 175.1400 2     LEF Description:   ENCLOSURE ABOVE   0.010000 0.060000 ;
107	0x7f235ca91b20	{280.66 180.05 280.92 180.31}	VIA1	Geometry	Cut_Enclosure	Regular Wire of Net n_4916 Actual: 0.010000 Required: 0.060000 Type: Enclosure # 10 60 160 1 : 280.7000 180.0400 280.9800 180.5890 2     LEF Description:   ENCLOSURE ABOVE   0.010000 0.060000 ;
108	0x7f235ca91af0	{280.15 180.47 280.41 180.73}	VIA1	Geometry	Cut_Enclosure	Regular Wire of Net u_core_n_69610 Actual: 0.010000 Required: 0.060000 Type: Enclosure # 10 60 160 1 : 280.1400 180.1910 280.4200 180.7400 2     LEF Description:   ENCLOSURE ABOVE   0.010000 0.060000 ;
109	0x7f235ca919a0	{279.17 175.29 279.43 175.55}	VIA1	Geometry	Cut_Enclosure	Regular Wire of Net u_core_n_69243 & Regular Wire of Net FE_OCPN4975_u_core_pd_hit_level_44 Actual: 0.010000 Required: 0.060000 Type: Enclosure # 10 60 160 1 : 279.0200 175.0110 279.3000 175.5600 2     LEF Description:   ENCLOSURE ABOVE   0.010000 0.060000 ;
110	0x7f235ca91940	{279.03 174.87 279.29 175.13}	VIA1	Geometry	Cut_Enclosure	Regular Wire of Net u_core_n_69610 & Regular Wire of Net FE_OCPN4975_u_core_pd_hit_level_44 Actual: 0.010000 Required: 0.060000 Type: Enclosure # 10 60 160 1 : 279.0200 174.8600 279.3000 175.1400 2     LEF Description:   ENCLOSURE ABOVE   0.010000 0.060000 ;
111	0x7f235ca91910	{279.03 169.83 279.29 170.09}	VIA1	Geometry	Cut_Enclosure	Regular Wire of Net u_core_n_69610 Actual: 0.010000 Required: 0.060000 Type: Enclosure # 10 60 160 1 : 279.0200 169.8200 279.3000 170.1000 2     LEF Description:   ENCLOSURE ABOVE   0.010000 0.060000 ;
112	0x7f235ca918b0	{278.89 179.495 279.15 179.755}	VIA1	Geometry	Cut_Enclosure	Regular Wire of Net FE_OCPN4975_u_core_pd_hit_level_44 Actual: 0.010000 Required: 0.010000 Type: Enclosure # 10 10 160 1 : 279.0200 179.2160 279.3000 180.0340 2     LEF Description:   ENCLOSURE ABOVE   0.010000 0.060000 ;
113	0x7f235ca91760	{278.33 178.96 278.59 179.22}	VIA1	Geometry	Cut_Enclosure	Regular Wire of Net FE_OFN207_u_core_pd_hit_level_47 & Regular Wire of Net u_core_n_69610 Actual: 0.010000 Required: 0.060000 Type: Enclosure # 10 60 160 1 : 278.4600 178.7800 278.7400 179.2300 2     LEF Description:   ENCLOSURE ABOVE   0.010000 0.060000 ;
114	0x7f235ca914f0	{276.93 169.41 277.19 169.67}	VIA1	Geometry	Cut_Enclosure	Regular Wire of Net u_core_n_69672 Actual: 0.010000 Required: 0.060000 Type: Enclosure # 10 60 160 1 : 276.7800 169.2600 277.0600 169.6800 2     LEF Description:   ENCLOSURE ABOVE   0.010000 0.060000 ;
115	0x7f235ca914c0	{276.79 169.83 277.05 170.09}	VIA1	Geometry	Cut_Enclosure	Regular Wire of Net FE_OFN48228_u_core_pd_hit_level_41 Actual: 0.010000 Required: 0.060000 Type: Enclosure # 10 60 160 1 : 276.7800 169.8200 277.0600 170.1000 2     LEF Description:   ENCLOSURE ABOVE   0.010000 0.060000 ;
116	0x7f235ca912e0	{276.06 179.11 276.32 179.37}	VIA1	Geometry	Cut_Enclosure	Regular Wire of Net u_core_gen_pd_row[5].gen_pd_col[2].u_pd/n_30 Actual: 0.010000 Required: 0.060000 Type: Enclosure # 10 60 160 1 : 276.2200 179.1000 276.5000 179.6200 2     LEF Description:   ENCLOSURE ABOVE   0.010000 0.060000 ;
117	0x7f235ca91280	{275.81 182.53 276.07 182.79}	VIA1	Geometry	Cut_Enclosure	Regular Wire of Net u_core_gen_pd_row[5].gen_pd_col[2].u_pd/n_30 Actual: 0.010000 Required: 0.060000 Type: Enclosure # 10 60 160 1 : 275.6600 182.2510 275.9400 182.8000 2     LEF Description:   ENCLOSURE ABOVE   0.010000 0.060000 ;
118	0x7f235ca91190	{275.11 169.83 275.37 170.09}	VIA1	Geometry	Cut_Enclosure	Regular Wire of Net u_core_pd_hit_level[45] Actual: 0.010000 Required: 0.060000 Type: Enclosure # 10 60 160 1 : 275.1000 169.8200 275.3800 170.1000 2     LEF Description:   ENCLOSURE ABOVE   0.010000 0.060000 ;
119	0x7f235ca910d0	{274.69 174.095 274.95 174.355}	VIA1	Geometry	Cut_Enclosure	Regular Wire of Net u_core_n_69610 Actual: 0.010000 Required: 0.060000 Type: Enclosure # 10 60 160 1 : 274.5400 173.8160 274.8200 174.3650 2     LEF Description:   ENCLOSURE ABOVE   0.010000 0.060000 ;
120	0x7f235ca910a0	{274.55 184.39 274.81 184.65}	VIA1	Geometry	Cut_Enclosure	Regular Wire of Net u_core_pd_hit_level[42] & Regular Wire of Net u_core_gen_pd_row[5].gen_pd_col[2].u_pd/q2 Actual: 0.010000 Required: 0.060000 Type: Enclosure # 10 60 160 1 : 274.5400 184.3800 274.8200 184.6600 2     LEF Description:   ENCLOSURE ABOVE   0.010000 0.060000 ;
121	0x7f235ca90ef0	{273.99 184.39 274.25 184.65}	VIA1	Geometry	Cut_Enclosure	Regular Wire of Net u_core_gen_pd_row[5].gen_pd_col[2].u_pd/q2 Actual: 0.010000 Required: 0.060000 Type: Enclosure # 10 60 160 1 : 273.9800 184.3800 274.2600 184.6600 2     LEF Description:   ENCLOSURE ABOVE   0.010000 0.060000 ;
122	0x7f235ca90ec0	{273.99 179.35 274.25 179.61}	VIA1	Geometry	Cut_Enclosure	Regular Wire of Net u_core_gen_pd_row[5].gen_pd_col[2].u_pd/n_20 Actual: 0.010000 Required: 0.060000 Type: Enclosure # 10 60 160 1 : 273.9800 179.3400 274.2600 179.6200 2     LEF Description:   ENCLOSURE ABOVE   0.010000 0.060000 ;
123	0x7f235ca90dd0	{273.01 170.53 273.27 170.79}	VIA1	Geometry	Cut_Enclosure	Regular Wire of Net u_core_n_59003 Actual: 0.010000 Required: 0.060000 Type: Enclosure # 10 60 160 1 : 272.8600 170.3800 273.1400 170.8000 2     LEF Description:   ENCLOSURE ABOVE   0.010000 0.060000 ;
124	0x7f235ca90d40	{272.87 183.83 273.13 184.09}	VIA1	Geometry	Cut_Enclosure	Regular Wire of Net u_core_gen_pd_row[5].gen_pd_col[2].u_pd/n_19 Actual: 0.010000 Required: 0.060000 Type: Enclosure # 10 60 160 1 : 272.8600 183.8200 273.1400 184.1000 2     LEF Description:   ENCLOSURE ABOVE   0.010000 0.060000 ;
125	0x7f235ca90c20	{272.31 175.43 272.57 175.69}	VIA1	Geometry	Cut_Enclosure	Regular Wire of Net FE_OFN48228_u_core_pd_hit_level_41 Actual: 0.010000 Required: 0.060000 Type: Enclosure # 10 60 160 1 : 272.3000 175.4200 272.5800 175.7000 2     LEF Description:   ENCLOSURE ABOVE   0.010000 0.060000 ;
126	0x7f235ca90470	{267.395 184.25 267.655 184.51}	VIA1	Geometry	Cut_Enclosure	Regular Wire of Net u_core_pd_hit_level[42] Actual: 0.010000 Required: 0.060000 Type: Enclosure # 10 60 160 1 : 267.2600 184.2400 267.5400 184.7890 2     LEF Description:   ENCLOSURE ABOVE   0.010000 0.060000 ;
127	0x7f235ca90500	{267.56 170.02 267.82 170.28}	VIA1	Geometry	Cut_Enclosure	Regular Wire of Net FE_OCPN5023_u_core_pd_hit_level_58 Actual: 0.010000 Required: 0.060000 Type: Enclosure # 10 60 160 1 : 267.5500 170.0100 268.0990 170.2900 2     LEF Description:   ENCLOSURE ABOVE   0.010000 0.060000 ;
128	0x7f235ca908f0	{269.655 171.12 269.915 171.38}	VIA1	Geometry	Cut_Enclosure	Regular Wire of Net u_core_n_64847 Actual: 0.010000 Required: 0.060000 Type: Enclosure # 10 60 160 1 : 269.5000 171.1100 269.7800 171.6590 2     LEF Description:   ENCLOSURE ABOVE   0.010000 0.060000 ;
129	0x7f235ca91670	{277.35 174.87 277.61 175.13}	VIA1	Geometry	Cut_Enclosure	Regular Wire of Net u_core_n_69672 & Regular Wire of Net FE_OFN48228_u_core_pd_hit_level_41 Actual: 0.010000 Required: 0.060000 Type: Enclosure # 10 60 160 1 : 277.3400 174.8600 277.6200 175.1400 2     LEF Description:   ENCLOSURE ABOVE   0.010000 0.060000 ;
130	0x7f235ca91eb0	{281.655 180.61 281.915 180.87}	VIA1	Geometry	Cut_Enclosure	Regular Wire of Net u_core_n_69668 & Regular Wire of Net FE_DBTN29_u_core_pd_hit_level_43 Actual: 0.010000 Required: 0.060000 Type: Enclosure # 10 60 160 1 : 281.8200 180.6000 282.1000 181.1490 2     LEF Description:   ENCLOSURE ABOVE   0.010000 0.060000 ;
131	0x7f235ca9a020	{281.83 169.83 282.09 170.09}	VIA1	Geometry	Cut_Enclosure	Regular Wire of Net u_core_n_69672 Actual: 0.010000 Required: 0.060000 Type: Enclosure # 10 60 160 1 : 281.8200 169.5510 282.1000 170.1000 2     LEF Description:   ENCLOSURE ABOVE   0.010000 0.060000 ;
132	0x7f235caa6440	{299.19 139.03 299.45 139.29}	VIA1	Geometry	Cut_Enclosure	Regular Wire of Net u_core_n_67342 & Regular Wire of Net CTS_16 Actual: 0.010000 Required: 0.060000 Type: Enclosure # 10 60 160 1 : 299.1800 139.0200 299.4600 139.5690 2     LEF Description:   ENCLOSURE ABOVE   0.010000 0.060000 ;
133	0x7f235caa66b0	{300.31 160.87 300.57 161.13}	VIA1	Geometry	Cut_Enclosure	Regular Wire of Net u_core_n_67605 Actual: 0.010000 Required: 0.060000 Type: Enclosure # 10 60 160 1 : 300.3000 160.8600 300.5800 161.4090 2     LEF Description:   ENCLOSURE ABOVE   0.010000 0.060000 ;
134	0x7f235caa66e0	{300.37 166.44 300.63 166.7}	VIA1	Geometry	Cut_Enclosure	Regular Wire of Net u_core_n_58142 Actual: 0.010000 Required: 0.060000 Type: Enclosure # 10 60 160 1 : 300.3000 166.4300 300.5800 166.7400 2     LEF Description:   ENCLOSURE ABOVE   0.010000 0.060000 ;
135	0x7f235caa69e0	{301.85 138.255 302.11 138.515}	VIA1	Geometry	Cut_Enclosure	Regular Wire of Net u_core_n_64295 Actual: 0.010000 Required: 0.060000 Type: Enclosure # 10 60 160 1 : 301.9800 138.2450 302.2600 138.7940 2     LEF Description:   ENCLOSURE ABOVE   0.010000 0.060000 ;
136	0x7f235caa6ad0	{301.99 156.95 302.25 157.21}	VIA1	Geometry	Cut_Enclosure	Regular Wire of Net u_core_n_64350 Actual: 0.010000 Required: 0.060000 Type: Enclosure # 10 60 160 1 : 301.9800 156.9400 302.2600 157.4890 2     LEF Description:   ENCLOSURE ABOVE   0.010000 0.060000 ;
137	0x7f235caa6d70	{303.11 138.47 303.37 138.73}	VIA1	Geometry	Cut_Enclosure	Regular Wire of Net n_4779 Actual: 0.010000 Required: 0.060000 Type: Enclosure # 10 60 160 1 : 303.1000 138.4600 303.3800 138.7400 2     LEF Description:   ENCLOSURE ABOVE   0.010000 0.060000 ;
138	0x7f235caa7010	{304.23 149.11 304.49 149.37}	VIA1	Geometry	Cut_Enclosure	Regular Wire of Net u_core_hit_capture_snapshot[hit_level][41] Actual: 0.010000 Required: 0.060000 Type: Enclosure # 10 60 160 1 : 304.2200 148.8310 304.5000 149.3800 2     LEF Description:   ENCLOSURE ABOVE   0.010000 0.060000 ;
139	0x7f235caa7130	{304.675 165.135 304.935 165.395}	VIA1	Geometry	Cut_Enclosure	Regular Wire of Net u_core_n_67605 Actual: 0.010000 Required: 0.060000 Type: Enclosure # 10 60 160 1 : 304.7800 165.1250 305.0600 165.6200 2     LEF Description:   ENCLOSURE ABOVE   0.010000 0.060000 ;
140	0x7f235caa71c0	{304.79 139.03 305.05 139.29}	VIA1	Geometry	Cut_Enclosure	Regular Wire of Net FE_OFN106_u_core_n_68661 Actual: 0.010000 Required: 0.060000 Type: Enclosure # 10 60 160 1 : 304.7800 139.0200 305.0600 139.5690 2     LEF Description:   ENCLOSURE ABOVE   0.010000 0.060000 ;
141	0x7f235caa71f0	{304.79 166.47 305.05 166.73}	VIA1	Geometry	Cut_Enclosure	Regular Wire of Net u_core_n_69129 Actual: 0.010000 Required: 0.060000 Type: Enclosure # 10 60 160 1 : 304.7800 166.4600 305.0600 167.0090 2     LEF Description:   ENCLOSURE ABOVE   0.010000 0.060000 ;
142	0x7f235caa73a0	{305.91 139.03 306.17 139.29}	VIA1	Geometry	Cut_Enclosure	Regular Wire of Net u_core_hit_capture_snapshot[hit_level][36] Actual: 0.010000 Required: 0.060000 Type: Enclosure # 10 60 160 1 : 305.9000 139.0200 306.1800 139.3000 2     LEF Description:   ENCLOSURE ABOVE   0.010000 0.060000 ;
143	0x7f235caa7430	{306.33 146.73 306.59 146.99}	VIA1	Geometry	Cut_Enclosure	Regular Wire of Net u_core_ctx_snapshot[hit_level][34] Actual: 0.010000 Required: 0.060000 Type: Enclosure # 10 60 160 1 : 306.4600 146.7200 306.7400 147.1400 2     LEF Description:   ENCLOSURE ABOVE   0.010000 0.060000 ;
144	0x7f235caa7460	{306.33 152.685 306.59 152.945}	VIA1	Geometry	Cut_Enclosure	Regular Wire of Net u_core_n_64350 & Regular Wire of Net u_core_hit_capture_snapshot[hit_level][34] Actual: 0.010000 Required: 0.060000 Type: Enclosure # 10 60 160 1 : 306.4600 152.4600 306.7400 152.9550 2     LEF Description:   ENCLOSURE ABOVE   0.010000 0.060000 ;
145	0x7f235caa74f0	{306.47 165.91 306.73 166.17}	VIA1	Geometry	Cut_Enclosure	Regular Wire of Net FE_OFN55_FE_DBTN0_u_core_rst_sys_drain_n Actual: 0.010000 Required: 0.060000 Type: Enclosure # 10 60 160 1 : 306.4600 165.9000 306.7400 166.1800 2     LEF Description:   ENCLOSURE ABOVE   0.010000 0.060000 ;
146	0x7f235caa7640	{307.03 141.83 307.29 142.09}	VIA1	Geometry	Cut_Enclosure	Regular Wire of Net n_4779 Actual: 0.010000 Required: 0.060000 Type: Enclosure # 10 60 160 1 : 307.0200 141.5510 307.3000 142.1000 2     LEF Description:   ENCLOSURE ABOVE   0.010000 0.060000 ;
147	0x7f235caa76a0	{307.34 147.26 307.6 147.52}	VIA1	Geometry	Cut_Enclosure	Regular Wire of Net n_4777 Actual: 0.010000 Required: 0.060000 Type: Enclosure # 10 60 160 1 : 307.5800 147.2500 307.8600 147.7990 2     LEF Description:   ENCLOSURE ABOVE   0.010000 0.060000 ;
148	0x7f235caa77c0	{308.01 137.77 308.27 138.03}	VIA1	Geometry	Cut_Enclosure	Regular Wire of Net u_core_ctx_snapshot[hit_level][36] Actual: 0.010000 Required: 0.060000 Type: Enclosure # 10 60 160 1 : 308.1400 137.7600 308.4200 138.1800 2     LEF Description:   ENCLOSURE ABOVE   0.010000 0.060000 ;
149	0x7f235ca9ab00	{286.73 160.52 286.99 160.78}	VIA1	Geometry	Cut_Enclosure	Regular Wire of Net u_core_n_58375 Actual: 0.010000 Required: 0.060000 Type: Enclosure # 10 60 160 1 : 286.8600 160.5100 287.1400 161.0590 2     LEF Description:   ENCLOSURE ABOVE   0.010000 0.060000 ;
150	0x7f235ca9a9b0	{286.31 167.03 286.57 167.29}	VIA1	Geometry	Cut_Enclosure	Regular Wire of Net u_core_hit_capture_snapshot[hit_level][44] Actual: 0.010000 Required: 0.060000 Type: Enclosure # 10 60 160 1 : 286.3000 166.7510 286.5800 167.3000 2     LEF Description:   ENCLOSURE ABOVE   0.010000 0.060000 ;
151	0x7f235ca9a8f0	{286.12 162.61 286.38 162.87}	VIA1	Geometry	Cut_Enclosure	Regular Wire of Net u_core_n_63922 Actual: 0.010000 Required: 0.060000 Type: Enclosure # 10 60 160 1 : 286.3000 162.5400 286.5800 162.8800 2     LEF Description:   ENCLOSURE ABOVE   0.010000 0.060000 ;
152	0x7f235ca9a7d0	{285.43 157.37 285.69 157.63}	VIA1	Geometry	Cut_Enclosure	Regular Wire of Net u_core_n_63922 Actual: 0.010000 Required: 0.060000 Type: Enclosure # 10 60 160 1 : 285.1800 157.3600 285.4600 157.7800 2     LEF Description:   ENCLOSURE ABOVE   0.010000 0.060000 ;
153	0x7f235ca9a740	{285.19 160.87 285.45 161.13}	VIA1	Geometry	Cut_Enclosure	Regular Wire of Net u_core_n_67707 Actual: 0.010000 Required: 0.060000 Type: Enclosure # 10 60 160 1 : 285.1800 160.8600 285.4600 161.4090 2     LEF Description:   ENCLOSURE ABOVE   0.010000 0.060000 ;
154	0x7f235ca9a4a0	{284.07 160.87 284.33 161.13}	VIA1	Geometry	Cut_Enclosure	Regular Wire of Net u_core_n_72446 Actual: 0.010000 Required: 0.060000 Type: Enclosure # 10 60 160 1 : 284.0600 160.8600 284.3400 161.4090 2     LEF Description:   ENCLOSURE ABOVE   0.010000 0.060000 ;
155	0x7f235ca9a290	{282.95 160.87 283.21 161.13}	VIA1	Geometry	Cut_Enclosure	Regular Wire of Net FE_OCPN5038_u_core_pd_hit_level_56 Actual: 0.010000 Required: 0.060000 Type: Enclosure # 10 60 160 1 : 282.9400 160.8600 283.2200 161.1400 2     LEF Description:   ENCLOSURE ABOVE   0.010000 0.060000 ;
156	0x7f235ca9abf0	{286.87 155.27 287.13 155.53}	VIA1	Geometry	Cut_Enclosure	Regular Wire of Net FE_OCPN48338_u_core_pd_hit_level_40 & Regular Wire of Net FE_DBTN29_u_core_pd_hit_level_43 Actual: 0.010000 Required: 0.060000 Type: Enclosure # 10 60 160 1 : 286.8600 155.2600 287.1400 155.5400 2     LEF Description:   ENCLOSURE ABOVE   0.010000 0.060000 ;
157	0x7f235ca9ace0	{287.43 156.95 287.69 157.21}	VIA1	Geometry	Cut_Enclosure	Regular Wire of Net FE_OFN4933_hit_latched_41 & Regular Wire of Net u_core_n_58145 Actual: 0.010000 Required: 0.060000 Type: Enclosure # 10 60 160 1 : 287.4200 156.9400 287.7000 157.2200 2     LEF Description:   ENCLOSURE ABOVE   0.010000 0.060000 ;
158	0x7f235ca9ae00	{287.8 153.65 288.06 153.91}	VIA1	Geometry	Cut_Enclosure	Regular Wire of Net u_core_n_58377 Actual: 0.010000 Required: 0.060000 Type: Enclosure # 10 60 160 1 : 287.9800 153.3710 288.2600 153.9200 2     LEF Description:   ENCLOSURE ABOVE   0.010000 0.060000 ;
159	0x7f235ca9b0a0	{288.55 156.95 288.81 157.21}	VIA1	Geometry	Cut_Enclosure	Regular Wire of Net FE_OFN207_u_core_pd_hit_level_47 Actual: 0.010000 Required: 0.060000 Type: Enclosure # 10 60 160 1 : 288.5400 156.9400 288.8200 157.4890 2     LEF Description:   ENCLOSURE ABOVE   0.010000 0.060000 ;
160	0x7f235ca9b340	{290.55 160.405 290.81 160.665}	VIA1	Geometry	Cut_Enclosure	Regular Wire of Net u_core_n_58374 Actual: 0.010000 Required: 0.060000 Type: Enclosure # 10 60 160 1 : 290.7800 160.3000 291.0600 160.6750 2     LEF Description:   ENCLOSURE ABOVE   0.010000 0.060000 ;
161	0x7f235ca9b460	{290.79 165.91 291.05 166.17}	VIA1	Geometry	Cut_Enclosure	Regular Wire of Net u_core_n_58230 Actual: 0.010000 Required: 0.060000 Type: Enclosure # 10 60 160 1 : 290.7800 165.9000 291.0600 166.1800 2     LEF Description:   ENCLOSURE ABOVE   0.010000 0.060000 ;
162	0x7f235ca9b550	{291.35 164.23 291.61 164.49}	VIA1	Geometry	Cut_Enclosure	Regular Wire of Net u_core_n_58374 Actual: 0.010000 Required: 0.060000 Type: Enclosure # 10 60 160 1 : 291.3400 163.9510 291.6200 164.5000 2     LEF Description:   ENCLOSURE ABOVE   0.010000 0.060000 ;
163	0x7f235ca9b6a0	{292.085 165.56 292.345 165.82}	VIA1	Geometry	Cut_Enclosure	Regular Wire of Net u_core_n_62396 Actual: 0.010000 Required: 0.060000 Type: Enclosure # 10 60 160 1 : 291.9000 165.5500 292.1800 166.0990 2     LEF Description:   ENCLOSURE ABOVE   0.010000 0.060000 ;
164	0x7f235ca9bbb0	{294.15 160.87 294.41 161.13}	VIA1	Geometry	Cut_Enclosure	Regular Wire of Net u_core_n_72446 Actual: 0.010000 Required: 0.060000 Type: Enclosure # 10 60 160 1 : 294.1400 160.8600 294.4200 161.4090 2     LEF Description:   ENCLOSURE ABOVE   0.010000 0.060000 ;
165	0x7f235ca9bc70	{294.285 166.53 294.545 166.79}	VIA1	Geometry	Cut_Enclosure	Regular Wire of Net u_core_n_58143 Actual: 0.010000 Required: 0.060000 Type: Enclosure # 10 60 160 1 : 294.1400 166.5200 294.4200 167.0690 2     LEF Description:   ENCLOSURE ABOVE   0.010000 0.060000 ;
166	0x7f235ca9bdf0	{295.27 160.87 295.53 161.13}	VIA1	Geometry	Cut_Enclosure	Regular Wire of Net u_core_pd_hit_level[45] Actual: 0.010000 Required: 0.060000 Type: Enclosure # 10 60 160 1 : 295.2600 160.8600 295.5400 161.4090 2     LEF Description:   ENCLOSURE ABOVE   0.010000 0.060000 ;
167	0x7f235caa6050	{296.275 156.175 296.535 156.435}	VIA1	Geometry	Cut_Enclosure	Regular Wire of Net u_core_n_67179 Actual: 0.010000 Required: 0.060000 Type: Enclosure # 10 60 160 1 : 296.3800 155.8960 296.6600 156.4450 2     LEF Description:   ENCLOSURE ABOVE   0.010000 0.060000 ;
168	0x7f235caa60e0	{296.39 157.51 296.65 157.77}	VIA1	Geometry	Cut_Enclosure	Regular Wire of Net u_core_n_69090 Actual: 0.010000 Required: 0.060000 Type: Enclosure # 10 60 160 1 : 296.3800 157.5000 296.6600 158.0490 2     LEF Description:   ENCLOSURE ABOVE   0.010000 0.060000 ;
169	0x7f235caa6170	{296.545 162.13 296.805 162.39}	VIA1	Geometry	Cut_Enclosure	Regular Wire of Net u_core_n_69090 Actual: 0.010000 Required: 0.060000 Type: Enclosure # 10 60 160 1 : 296.3800 161.8510 296.6600 162.4000 2     LEF Description:   ENCLOSURE ABOVE   0.010000 0.060000 ;
170	0x7f235caa6230	{296.95 160.87 297.21 161.13}	VIA1	Geometry	Cut_Enclosure	Regular Wire of Net u_core_hit_capture_snapshot[hit_level][45] Actual: 0.010000 Required: 0.060000 Type: Enclosure # 10 60 160 1 : 296.9400 160.8600 297.2200 161.4090 2     LEF Description:   ENCLOSURE ABOVE   0.010000 0.060000 ;
171	0x7f235ca91e50	{281.27 160.87 281.53 161.13}	VIA1	Geometry	Cut_Enclosure	Regular Wire of Net u_core_hit_capture_snapshot[hit_level][56] Actual: 0.010000 Required: 0.060000 Type: Enclosure # 10 60 160 1 : 281.2600 160.8600 281.5400 161.1400 2     LEF Description:   ENCLOSURE ABOVE   0.010000 0.060000 ;
172	0x7f235ca91ca0	{280.825 156.175 281.085 156.435}	VIA1	Geometry	Cut_Enclosure	Regular Wire of Net u_core_n_67570 Actual: 0.010000 Required: 0.060000 Type: Enclosure # 10 60 160 1 : 280.7000 156.1650 280.9800 156.6600 2     LEF Description:   ENCLOSURE ABOVE   0.010000 0.060000 ;
173	0x7f235ca91c10	{280.71 157.51 280.97 157.77}	VIA1	Geometry	Cut_Enclosure	Regular Wire of Net u_core_n_69126 Actual: 0.010000 Required: 0.060000 Type: Enclosure # 10 60 160 1 : 280.7000 157.5000 280.9800 157.7800 2     LEF Description:   ENCLOSURE ABOVE   0.010000 0.060000 ;
174	0x7f235ca918e0	{279.03 156.95 279.29 157.21}	VIA1	Geometry	Cut_Enclosure	Regular Wire of Net FE_OFN55_FE_DBTN0_u_core_rst_sys_drain_n Actual: 0.010000 Required: 0.060000 Type: Enclosure # 10 60 160 1 : 279.0200 156.6710 279.3000 157.2200 2     LEF Description:   ENCLOSURE ABOVE   0.010000 0.060000 ;
175	0x7f235ca91400	{276.345 161.645 276.605 161.905}	VIA1	Geometry	Cut_Enclosure	Regular Wire of Net u_core_n_67614 Actual: 0.010000 Required: 0.060000 Type: Enclosure # 10 60 160 1 : 276.2200 161.6350 276.5000 162.1840 2     LEF Description:   ENCLOSURE ABOVE   0.010000 0.060000 ;
176	0x7f235ca913a0	{276.23 165.91 276.49 166.17}	VIA1	Geometry	Cut_Enclosure	Regular Wire of Net u_core_n_67614 Actual: 0.010000 Required: 0.060000 Type: Enclosure # 10 60 160 1 : 276.2200 165.6310 276.5000 166.1800 2     LEF Description:   ENCLOSURE ABOVE   0.010000 0.060000 ;
177	0x7f235ca91370	{276.23 160.31 276.49 160.57}	VIA1	Geometry	Cut_Enclosure	Regular Wire of Net u_core_n_69120 Actual: 0.010000 Required: 0.060000 Type: Enclosure # 10 60 160 1 : 276.2200 160.3000 276.5000 160.8490 2     LEF Description:   ENCLOSURE ABOVE   0.010000 0.060000 ;
178	0x7f235ca91070	{274.55 165.91 274.81 166.17}	VIA1	Geometry	Cut_Enclosure	Regular Wire of Net u_core_hit_capture_snapshot[hit_level][44] Actual: 0.010000 Required: 0.060000 Type: Enclosure # 10 60 160 1 : 274.5400 165.9000 274.8200 166.4490 2     LEF Description:   ENCLOSURE ABOVE   0.010000 0.060000 ;
179	0x7f235ca91040	{274.55 160.87 274.81 161.13}	VIA1	Geometry	Cut_Enclosure	Regular Wire of Net FE_OFN55_FE_DBTN0_u_core_rst_sys_drain_n Actual: 0.010000 Required: 0.060000 Type: Enclosure # 10 60 160 1 : 274.5400 160.5910 274.8200 161.1400 2     LEF Description:   ENCLOSURE ABOVE   0.010000 0.060000 ;
180	0x7f235ca90f80	{274.145 164.65 274.405 164.91}	VIA1	Geometry	Cut_Enclosure	Regular Wire of Net u_core_n_69120 Actual: 0.010000 Required: 0.060000 Type: Enclosure # 10 60 160 1 : 273.9800 164.3710 274.2600 164.9200 2     LEF Description:   ENCLOSURE ABOVE   0.010000 0.060000 ;
181	0x7f235ca90d10	{272.87 165.91 273.13 166.17}	VIA1	Geometry	Cut_Enclosure	Regular Wire of Net FE_OCPN4975_u_core_pd_hit_level_44 Actual: 0.010000 Required: 0.060000 Type: Enclosure # 10 60 160 1 : 272.8600 165.9000 273.1400 166.4490 2     LEF Description:   ENCLOSURE ABOVE   0.010000 0.060000 ;
182	0x7f235ca90c80	{272.37 160.34 272.63 160.6}	VIA1	Geometry	Cut_Enclosure	Regular Wire of Net u_core_n_58144 Actual: 0.010000 Required: 0.060000 Type: Enclosure # 10 60 160 1 : 272.3000 160.3000 272.5800 160.6100 2     LEF Description:   ENCLOSURE ABOVE   0.010000 0.060000 ;
183	0x7f235ca90bc0	{271.75 165.91 272.01 166.17}	VIA1	Geometry	Cut_Enclosure	Regular Wire of Net u_core_n_72446 Actual: 0.010000 Required: 0.060000 Type: Enclosure # 10 60 160 1 : 271.7400 165.6310 272.0200 166.1800 2     LEF Description:   ENCLOSURE ABOVE   0.010000 0.060000 ;
184	0x7f235ca90290	{266.285 160.25 266.545 160.51}	VIA1	Geometry	Cut_Enclosure	Regular Wire of Net u_core_n_58145 Actual: 0.010000 Required: 0.060000 Type: Enclosure # 10 60 160 1 : 266.1400 159.9710 266.4200 160.5200 2     LEF Description:   ENCLOSURE ABOVE   0.010000 0.060000 ;
185	0x7f235ca903b0	{267.03 157.415 267.29 157.675}	VIA1	Geometry	Cut_Enclosure	Regular Wire of Net u_core_n_58231 Actual: 0.010000 Required: 0.060000 Type: Enclosure # 10 60 160 1 : 267.2600 157.4050 267.5400 157.7800 2     LEF Description:   ENCLOSURE ABOVE   0.010000 0.060000 ;
186	0x7f235ca904a0	{267.41 165.18 267.67 165.44}	VIA1	Geometry	Cut_Enclosure	Regular Wire of Net u_core_n_72446 Actual: 0.010000 Required: 0.060000 Type: Enclosure # 10 60 160 1 : 267.2600 165.1700 267.5400 165.7190 2     LEF Description:   ENCLOSURE ABOVE   0.010000 0.060000 ;
187	0x7f235ca90590	{267.83 165.35 268.09 165.61}	VIA1	Geometry	Cut_Enclosure	Regular Wire of Net FE_OCPN5023_u_core_pd_hit_level_58 Actual: 0.010000 Required: 0.060000 Type: Enclosure # 10 60 160 1 : 267.8200 165.3400 268.1000 165.8890 2     LEF Description:   ENCLOSURE ABOVE   0.010000 0.060000 ;
188	0x7f235ca90740	{268.835 156.175 269.095 156.435}	VIA1	Geometry	Cut_Enclosure	Regular Wire of Net u_core_n_67609 Actual: 0.010000 Required: 0.060000 Type: Enclosure # 10 60 160 1 : 268.9400 156.1650 269.2200 156.6600 2     LEF Description:   ENCLOSURE ABOVE   0.010000 0.060000 ;
189	0x7f235ca907d0	{268.95 157.51 269.21 157.77}	VIA1	Geometry	Cut_Enclosure	Regular Wire of Net u_core_n_69468 Actual: 0.010000 Required: 0.060000 Type: Enclosure # 10 60 160 1 : 268.9400 157.5000 269.2200 158.0490 2     LEF Description:   ENCLOSURE ABOVE   0.010000 0.060000 ;
190	0x7f235ca90860	{269.12 164.65 269.38 164.91}	VIA1	Geometry	Cut_Enclosure	Regular Wire of Net u_core_n_69468 Actual: 0.010000 Required: 0.060000 Type: Enclosure # 10 60 160 1 : 268.9400 164.3710 269.2200 164.9200 2     LEF Description:   ENCLOSURE ABOVE   0.010000 0.060000 ;
191	0x7f235ca90950	{269.7 165.18 269.96 165.44}	VIA1	Geometry	Cut_Enclosure	Regular Wire of Net u_core_hit_capture_snapshot[hit_level][58] Actual: 0.010000 Required: 0.060000 Type: Enclosure # 10 60 160 1 : 269.5000 164.9010 269.7800 165.4500 2     LEF Description:   ENCLOSURE ABOVE   0.010000 0.060000 ;
192	0x7f235ca90aa0	{270.63 156.95 270.89 157.21}	VIA1	Geometry	Cut_Enclosure	Regular Wire of Net FE_OFN55_FE_DBTN0_u_core_rst_sys_drain_n Actual: 0.010000 Required: 0.060000 Type: Enclosure # 10 60 160 1 : 270.6200 156.9400 270.9000 157.2200 2     LEF Description:   ENCLOSURE ABOVE   0.010000 0.060000 ;
193	0x7f235ca91ee0	{281.675 162.13 281.935 162.39}	VIA1	Geometry	Cut_Enclosure	Regular Wire of Net u_core_n_69126 Actual: 0.010000 Required: 0.060000 Type: Enclosure # 10 60 160 1 : 281.8200 161.9800 282.1000 162.4000 2     LEF Description:   ENCLOSURE ABOVE   0.010000 0.060000 ;
194	0x7f235ca9b1f0	{289.28 144.21 289.54 144.47}	VIA1	Geometry	Cut_Enclosure	Regular Wire of Net u_core_n_69121 Actual: 0.010000 Required: 0.060000 Type: Enclosure # 10 60 160 1 : 289.1000 143.9310 289.3800 144.4800 2     LEF Description:   ENCLOSURE ABOVE   0.010000 0.060000 ;
195	0x7f235ca9b160	{289.11 140.15 289.37 140.41}	VIA1	Geometry	Cut_Enclosure	Regular Wire of Net u_core_hit_capture_snapshot[hit_level][46] Actual: 0.010000 Required: 0.060000 Type: Enclosure # 10 60 160 1 : 289.1000 140.1400 289.3800 140.4200 2     LEF Description:   ENCLOSURE ABOVE   0.010000 0.060000 ;
196	0x7f235ca9af50	{288.41 151.56 288.67 151.82}	VIA1	Geometry	Cut_Enclosure	Regular Wire of Net u_core_n_58011 Actual: 0.010000 Required: 0.060000 Type: Enclosure # 10 60 160 1 : 288.5400 151.3400 288.8200 151.8300 2     LEF Description:   ENCLOSURE ABOVE   0.010000 0.060000 ;
197	0x7f235ca9aec0	{287.99 143.51 288.25 143.77}	VIA1	Geometry	Cut_Enclosure	Regular Wire of Net FE_OFN4933_hit_latched_41 Actual: 0.010000 Required: 0.060000 Type: Enclosure # 10 60 160 1 : 287.9800 143.5000 288.2600 143.7800 2     LEF Description:   ENCLOSURE ABOVE   0.010000 0.060000 ;
198	0x7f235ca9ada0	{287.57 143.68 287.83 143.94}	VIA1	Geometry	Cut_Enclosure	Regular Wire of Net u_core_n_72446 Actual: 0.010000 Required: 0.060000 Type: Enclosure # 10 60 160 1 : 287.4200 143.4010 287.7000 143.9500 2     LEF Description:   ENCLOSURE ABOVE   0.010000 0.060000 ;
199	0x7f235ca9abc0	{286.87 151.91 287.13 152.17}	VIA1	Geometry	Cut_Enclosure	Regular Wire of Net u_core_n_58145 & Regular Wire of Net FE_DBTN29_u_core_pd_hit_level_43 Actual: 0.010000 Required: 0.060000 Type: Enclosure # 10 60 160 1 : 286.8600 151.9000 287.1400 152.1800 2     LEF Description:   ENCLOSURE ABOVE   0.010000 0.060000 ;
200	0x7f235ca9ab90	{286.87 147.99 287.13 148.25}	VIA1	Geometry	Cut_Enclosure	Regular Wire of Net u_core_hit_capture_snapshot[hit_level][41] & Regular Wire of Net FE_DBTN29_u_core_pd_hit_level_43 Actual: 0.010000 Required: 0.060000 Type: Enclosure # 10 60 160 1 : 286.8600 147.9800 287.1400 148.5290 2     LEF Description:   ENCLOSURE ABOVE   0.010000 0.060000 ;
201	0x7f235ca9aad0	{286.465 146.73 286.725 146.99}	VIA1	Geometry	Cut_Enclosure	Regular Wire of Net u_core_n_69528 Actual: 0.010000 Required: 0.060000 Type: Enclosure # 10 60 160 1 : 286.3000 146.7200 286.5800 147.1400 2     LEF Description:   ENCLOSURE ABOVE   0.010000 0.060000 ;
202	0x7f235ca9a890	{285.75 151.91 286.01 152.17}	VIA1	Geometry	Cut_Enclosure	Regular Wire of Net u_core_n_67570 Actual: 0.010000 Required: 0.060000 Type: Enclosure # 10 60 160 1 : 285.7400 151.9000 286.0200 152.1800 2     LEF Description:   ENCLOSURE ABOVE   0.010000 0.060000 ;
203	0x7f235ca9a710	{285.19 147.99 285.45 148.25}	VIA1	Geometry	Cut_Enclosure	Regular Wire of Net FE_OFN48228_u_core_pd_hit_level_41 Actual: 0.010000 Required: 0.060000 Type: Enclosure # 10 60 160 1 : 285.1800 147.9800 285.4600 148.2600 2     LEF Description:   ENCLOSURE ABOVE   0.010000 0.060000 ;
204	0x7f235ca9a470	{284.07 147.99 284.33 148.25}	VIA1	Geometry	Cut_Enclosure	Regular Wire of Net u_core_n_72446 Actual: 0.010000 Required: 0.060000 Type: Enclosure # 10 60 160 1 : 284.0600 147.9800 284.3400 148.2600 2     LEF Description:   ENCLOSURE ABOVE   0.010000 0.060000 ;
205	0x7f235ca9a260	{282.95 142.95 283.21 143.21}	VIA1	Geometry	Cut_Enclosure	Regular Wire of Net FE_OFN55_FE_DBTN0_u_core_rst_sys_drain_n Actual: 0.010000 Required: 0.060000 Type: Enclosure # 10 60 160 1 : 282.9400 142.6710 283.2200 143.2200 2     LEF Description:   ENCLOSURE ABOVE   0.010000 0.060000 ;
206	0x7f235ca9b220	{289.86 143.68 290.12 143.94}	VIA1	Geometry	Cut_Enclosure	Regular Wire of Net u_core_hit_capture_snapshot[hit_level][46] Actual: 0.010000 Required: 0.060000 Type: Enclosure # 10 60 160 1 : 289.6600 143.4010 289.9400 143.9500 2     LEF Description:   ENCLOSURE ABOVE   0.010000 0.060000 ;
207	0x7f235ca9b370	{290.675 147.215 290.935 147.475}	VIA1	Geometry	Cut_Enclosure	Regular Wire of Net u_core_n_67177 Actual: 0.010000 Required: 0.060000 Type: Enclosure # 10 60 160 1 : 290.7800 147.2050 291.0600 147.7540 2     LEF Description:   ENCLOSURE ABOVE   0.010000 0.060000 ;
208	0x7f235ca9b430	{290.79 148.55 291.05 148.81}	VIA1	Geometry	Cut_Enclosure	Regular Wire of Net u_core_n_69528 Actual: 0.010000 Required: 0.060000 Type: Enclosure # 10 60 160 1 : 290.7800 148.2710 291.0600 148.8200 2     LEF Description:   ENCLOSURE ABOVE   0.010000 0.060000 ;
209	0x7f235ca9b700	{292.23 151.445 292.49 151.705}	VIA1	Geometry	Cut_Enclosure	Regular Wire of Net u_core_n_58010 & Regular Wire of Net FE_OFN55_FE_DBTN0_u_core_rst_sys_drain_n Actual: 0.010000 Required: 0.060000 Type: Enclosure # 10 60 160 1 : 292.4600 151.1660 292.7400 151.7150 2     LEF Description:   ENCLOSURE ABOVE   0.010000 0.060000 ;
210	0x7f235ca9b8e0	{293.03 151.91 293.29 152.17}	VIA1	Geometry	Cut_Enclosure	Regular Wire of Net u_core_n_67179 Actual: 0.010000 Required: 0.060000 Type: Enclosure # 10 60 160 1 : 293.0200 151.9000 293.3000 152.4490 2     LEF Description:   ENCLOSURE ABOVE   0.010000 0.060000 ;
211	0x7f235ca9bb50	{294.15 142.39 294.41 142.65}	VIA1	Geometry	Cut_Enclosure	Regular Wire of Net u_core_n_69121 Actual: 0.010000 Required: 0.060000 Type: Enclosure # 10 60 160 1 : 294.1400 142.3800 294.4200 142.9290 2     LEF Description:   ENCLOSURE ABOVE   0.010000 0.060000 ;
212	0x7f235ca9bb80	{294.15 147.99 294.41 148.25}	VIA1	Geometry	Cut_Enclosure	Regular Wire of Net u_core_n_67177 Actual: 0.010000 Required: 0.060000 Type: Enclosure # 10 60 160 1 : 294.1400 147.9800 294.4200 148.2600 2     LEF Description:   ENCLOSURE ABOVE   0.010000 0.060000 ;
213	0x7f235ca9bc40	{294.265 143.725 294.525 143.985}	VIA1	Geometry	Cut_Enclosure	Regular Wire of Net u_core_n_67342 & Regular Wire of Net u_core_n_69121 Actual: 0.010000 Required: 0.060000 Type: Enclosure # 10 60 160 1 : 294.1400 143.7150 294.4200 144.2640 2     LEF Description:   ENCLOSURE ABOVE   0.010000 0.060000 ;
214	0x7f235caa6200	{296.95 142.95 297.21 143.21}	VIA1	Geometry	Cut_Enclosure	Regular Wire of Net u_core_n_64295 Actual: 0.010000 Required: 0.060000 Type: Enclosure # 10 60 160 1 : 296.9400 142.6710 297.2200 143.2200 2     LEF Description:   ENCLOSURE ABOVE   0.010000 0.060000 ;
215	0x7f235ca91e20	{281.27 147.99 281.53 148.25}	VIA1	Geometry	Cut_Enclosure	Regular Wire of Net u_core_n_67186 & Regular Wire of Net CTS_16 Actual: 0.010000 Required: 0.060000 Type: Enclosure # 10 60 160 1 : 281.2600 147.7110 281.5400 148.2600 2     LEF Description:   ENCLOSURE ABOVE   0.010000 0.060000 ;
216	0x7f235ca91df0	{281.27 142.39 281.53 142.65}	VIA1	Geometry	Cut_Enclosure	Regular Wire of Net u_core_n_69118 Actual: 0.010000 Required: 0.060000 Type: Enclosure # 10 60 160 1 : 281.2600 142.3800 281.5400 142.9290 2     LEF Description:   ENCLOSURE ABOVE   0.010000 0.060000 ;
217	0x7f235ca91d60	{281.155 143.725 281.415 143.985}	VIA1	Geometry	Cut_Enclosure	Regular Wire of Net u_core_n_67186 Actual: 0.010000 Required: 0.060000 Type: Enclosure # 10 60 160 1 : 281.2600 143.7150 281.5400 144.2640 2     LEF Description:   ENCLOSURE ABOVE   0.010000 0.060000 ;
218	0x7f235ca91640	{277.35 142.39 277.61 142.65}	VIA1	Geometry	Cut_Enclosure	Regular Wire of Net u_core_n_69516 Actual: 0.010000 Required: 0.060000 Type: Enclosure # 10 60 160 1 : 277.3400 142.3800 277.6200 142.6600 2     LEF Description:   ENCLOSURE ABOVE   0.010000 0.060000 ;
219	0x7f235ca91610	{277.35 139.03 277.61 139.29}	VIA1	Geometry	Cut_Enclosure	Regular Wire of Net u_core_n_67617 Actual: 0.010000 Required: 0.060000 Type: Enclosure # 10 60 160 1 : 277.3400 139.0200 277.6200 139.5690 2     LEF Description:   ENCLOSURE ABOVE   0.010000 0.060000 ;
220	0x7f235ca91430	{276.42 143.68 276.68 143.94}	VIA1	Geometry	Cut_Enclosure	Regular Wire of Net u_core_hit_capture_snapshot[hit_level][55] Actual: 0.010000 Required: 0.060000 Type: Enclosure # 10 60 160 1 : 276.2200 143.6700 276.5000 144.2190 2     LEF Description:   ENCLOSURE ABOVE   0.010000 0.060000 ;
221	0x7f235ca912b0	{275.84 144.21 276.1 144.47}	VIA1	Geometry	Cut_Enclosure	Regular Wire of Net u_core_n_69516 Actual: 0.010000 Required: 0.060000 Type: Enclosure # 10 60 160 1 : 275.6600 143.9310 275.9400 144.4800 2     LEF Description:   ENCLOSURE ABOVE   0.010000 0.060000 ;
222	0x7f235ca91250	{275.67 150.79 275.93 151.05}	VIA1	Geometry	Cut_Enclosure	Regular Wire of Net u_core_hit_capture_snapshot[hit_level][56] Actual: 0.010000 Required: 0.060000 Type: Enclosure # 10 60 160 1 : 275.6600 150.7800 275.9400 151.3290 2     LEF Description:   ENCLOSURE ABOVE   0.010000 0.060000 ;
223	0x7f235ca91160	{275.11 140.15 275.37 140.41}	VIA1	Geometry	Cut_Enclosure	Regular Wire of Net u_core_hit_capture_snapshot[hit_level][51] Actual: 0.010000 Required: 0.060000 Type: Enclosure # 10 60 160 1 : 275.1000 140.1400 275.3800 140.4200 2     LEF Description:   ENCLOSURE ABOVE   0.010000 0.060000 ;
224	0x7f235ca91010	{274.55 143.51 274.81 143.77}	VIA1	Geometry	Cut_Enclosure	Regular Wire of Net FE_OFN201_u_core_pd_hit_level_55 Actual: 0.010000 Required: 0.060000 Type: Enclosure # 10 60 160 1 : 274.5400 143.5000 274.8200 143.7800 2     LEF Description:   ENCLOSURE ABOVE   0.010000 0.060000 ;
225	0x7f235ca90f50	{274.13 143.68 274.39 143.94}	VIA1	Geometry	Cut_Enclosure	Regular Wire of Net u_core_n_72446 Actual: 0.010000 Required: 0.060000 Type: Enclosure # 10 60 160 1 : 273.9800 143.6700 274.2600 144.2190 2     LEF Description:   ENCLOSURE ABOVE   0.010000 0.060000 ;
226	0x7f235ca90320	{266.32 146.73 266.58 146.99}	VIA1	Geometry	Cut_Enclosure	Regular Wire of Net u_core_n_69069 Actual: 0.010000 Required: 0.060000 Type: Enclosure # 10 60 160 1 : 266.1400 146.7200 266.4200 147.1400 2     LEF Description:   ENCLOSURE ABOVE   0.010000 0.060000 ;
227	0x7f235ca90380	{266.9 147.26 267.16 147.52}	VIA1	Geometry	Cut_Enclosure	Regular Wire of Net u_core_hit_capture_snapshot[hit_level][51] Actual: 0.010000 Required: 0.060000 Type: Enclosure # 10 60 160 1 : 266.7000 147.2500 266.9800 147.7000 2     LEF Description:   ENCLOSURE ABOVE   0.010000 0.060000 ;
228	0x7f235ca90440	{267.27 142.95 267.53 143.21}	VIA1	Geometry	Cut_Enclosure	Regular Wire of Net u_core_n_72446 Actual: 0.010000 Required: 0.060000 Type: Enclosure # 10 60 160 1 : 267.2600 142.9400 267.5400 143.4890 2     LEF Description:   ENCLOSURE ABOVE   0.010000 0.060000 ;
229	0x7f235ca906e0	{268.39 142.95 268.65 143.21}	VIA1	Geometry	Cut_Enclosure	Regular Wire of Net FE_OCPN48338_u_core_pd_hit_level_40 Actual: 0.010000 Required: 0.060000 Type: Enclosure # 10 60 160 1 : 268.3800 142.9400 268.6600 143.4890 2     LEF Description:   ENCLOSURE ABOVE   0.010000 0.060000 ;
230	0x7f235ca90920	{269.665 144.21 269.925 144.47}	VIA1	Geometry	Cut_Enclosure	Regular Wire of Net u_core_n_69118 Actual: 0.010000 Required: 0.060000 Type: Enclosure # 10 60 160 1 : 269.5000 143.9310 269.7800 144.4800 2     LEF Description:   ENCLOSURE ABOVE   0.010000 0.060000 ;
231	0x7f235ca90b00	{271.19 149.11 271.45 149.37}	VIA1	Geometry	Cut_Enclosure	Regular Wire of Net u_core_hit_capture_snapshot[hit_level][40] Actual: 0.010000 Required: 0.060000 Type: Enclosure # 10 60 160 1 : 271.1800 149.1000 271.4600 149.3800 2     LEF Description:   ENCLOSURE ABOVE   0.010000 0.060000 ;
232	0x7f235ca91520	{277.235 143.725 277.495 143.985}	VIA1	Geometry	Cut_Enclosure	Regular Wire of Net u_core_n_67617 Actual: 0.010000 Required: 0.060000 Type: Enclosure # 10 60 160 1 : 277.3400 143.4460 277.6200 143.9950 2     LEF Description:   ENCLOSURE ABOVE   0.010000 0.060000 ;
233	0x7f235ca905f0	{267.83 201.75 268.09 202.01}	VIA1	Geometry	Cut_Enclosure	Regular Wire of Net FE_OFN136_u_core_meas_pd_clear Actual: 0.010000 Required: 0.060000 Type: Enclosure # 10 60 160 1 : 267.8200 201.7400 268.1000 202.2890 2     LEF Description:   ENCLOSURE ABOVE   0.010000 0.060000 ;
234	0x7f235ca90b30	{271.19 201.75 271.45 202.01}	VIA1	Geometry	Cut_Enclosure	Regular Wire of Net u_core_gen_pd_row[5].gen_pd_col[2].u_pd/n_11 Actual: 0.010000 Required: 0.060000 Type: Enclosure # 10 60 160 1 : 271.1800 201.7400 271.4600 202.0200 2     LEF Description:   ENCLOSURE ABOVE   0.010000 0.060000 ;
235	0x7f235ca90da0	{272.87 201.75 273.13 202.01}	VIA1	Geometry	Cut_Enclosure	Regular Wire of Net u_core_gen_pd_row[5].gen_pd_col[2].u_pd/n_13 Actual: 0.010000 Required: 0.060000 Type: Enclosure # 10 60 160 1 : 272.8600 201.7400 273.1400 202.0200 2     LEF Description:   ENCLOSURE ABOVE   0.010000 0.060000 ;
236	0x7f235ca90f20	{273.99 201.75 274.25 202.01}	VIA1	Geometry	Cut_Enclosure	Regular Wire of Net u_core_n_41714 Actual: 0.010000 Required: 0.060000 Type: Enclosure # 10 60 160 1 : 273.9800 201.7400 274.2600 202.2890 2     LEF Description:   ENCLOSURE ABOVE   0.010000 0.060000 ;
237	0x7f235ca9a2f0	{282.95 201.75 283.21 202.01}	VIA1	Geometry	Cut_Enclosure	Regular Wire of Net FE_OFN136_u_core_meas_pd_clear Actual: 0.010000 Required: 0.060000 Type: Enclosure # 10 60 160 1 : 282.9400 201.7400 283.2200 202.2890 2     LEF Description:   ENCLOSURE ABOVE   0.010000 0.060000 ;
238	0x7f235ca9ad40	{287.43 201.75 287.69 202.01}	VIA1	Geometry	Cut_Enclosure	Regular Wire of Net u_core_gen_pd_row[4].gen_pd_col[2].u_pd/n_13 Actual: 0.010000 Required: 0.060000 Type: Enclosure # 10 60 160 1 : 287.4200 201.7400 287.7000 202.2890 2     LEF Description:   ENCLOSURE ABOVE   0.010000 0.060000 ;
239	0x7f235ca9b190	{289.11 201.75 289.37 202.01}	VIA1	Geometry	Cut_Enclosure	Regular Wire of Net u_core_gen_pd_row[4].gen_pd_col[2].u_pd/n_5 Actual: 0.010000 Required: 0.060000 Type: Enclosure # 10 60 160 1 : 289.1000 201.7400 289.3800 202.0200 2     LEF Description:   ENCLOSURE ABOVE   0.010000 0.060000 ;
240	0x7f235ca9b2e0	{290.23 201.75 290.49 202.01}	VIA1	Geometry	Cut_Enclosure	Regular Wire of Net u_core_n_41714 Actual: 0.010000 Required: 0.060000 Type: Enclosure # 10 60 160 1 : 290.2200 201.7400 290.5000 202.2890 2     LEF Description:   ENCLOSURE ABOVE   0.010000 0.060000 ;
241	0x7f235caa7670	{307.03 201.75 307.29 202.01}	VIA1	Geometry	Cut_Enclosure	Regular Wire of Net FE_OFN191_u_core_fast_tag_col_2__1 Actual: 0.010000 Required: 0.060000 Type: Enclosure # 10 60 160 1 : 307.0200 201.7400 307.3000 202.2890 2     LEF Description:   ENCLOSURE ABOVE   0.010000 0.060000 ;
242	0x7f23761d5ee0	{179.21 202.125 179.47 202.385}	VIA1	Geometry	Cut_Enclosure	Regular Wire of Net u_core_u_phase_buf_fast/gen_phase_buf[7].iso_tap Actual: 0.010000 Required: 0.060000 Type: Enclosure # 10 60 160 1 : 179.3400 202.1150 179.6200 202.5800 2     LEF Description:   ENCLOSURE ABOVE   0.010000 0.060000 ;
243	0x7f235e75e620	{179.35 202.31 179.61 202.57}	VIA2	Geometry	Cut_Enclosure	Regular Wire of Net u_core_u_phase_buf_fast/gen_phase_buf[7].iso_tap Actual: 0.010000 Required: 0.060000 Type: Enclosure # 10 60 160 1 : 179.3400 202.1150 179.6200 202.5800 2     LEF Description:   ENCLOSURE BELOW   0.010000 0.060000 ;
244	0x7f235e75f220	{179.21 202.125 179.47 202.385}	MET2	Geometry	Wire_Extension	Regular Wire of Net u_core_u_phase_buf_fast/gen_phase_buf[7].iso_tap Actual: 0.140000 Required: 0.190000 Type: Wire Extension # 140 190 96 1 : 179.2100 202.1250 179.4700 202.3850 34     LEF Description:  WIREEXTENSION 0.190000 ; 
245	0x7f235e75f250	{179.35 202.31 179.48 202.395}	MET2	Geometry	Wire_Extension	Regular Wire of Net u_core_u_phase_buf_fast/gen_phase_buf[7].iso_tap Actual: 0.140000 Required: 0.190000 Type: Wire Extension # 140 190 96 1 : 179.3500 202.3100 179.6100 202.5700 35     LEF Description:  WIREEXTENSION 0.190000 ; 
246	0x7f235e75f700	{179.2 202.115 179.62 202.395}	MET2	Geometry	Minimal_Area	Regular Wire of Net u_core_u_phase_buf_fast/gen_phase_buf[7].iso_tap Actual: 0.16940000 Required: 0.20200000 Type: Minimum Area # 169400 202000 64 1 : 179.3400 202.1150 179.6200 202.5800 2     LEF Description:  AREA 0.202000 ; 
247	0x7f235e768410	{179.34 202.16 180.89 202.3}	MET3	Geometry	Parallel_Run_Length_Spacing	Regular Wire of Net u_core_u_phase_buf_fast/gen_phase_buf[7].iso_tap & Special Wire of Net VDD Actual: 0.140000 Required: 0.280000 Type: ParallelRunLength Spacing # 140 280 3 2 : 179.3400 200.1600 180.8900 202.1600 3: 179.3400 202.3000 180.8900 202.5800 3     LEF Description:  SPACING 0.280000 
248	0x7f235e768650	{222.915 202.17 223.175 202.43}	VIA1	Geometry	Cut_Enclosure	Regular Wire of Net u_core_gen_pd_row[6].gen_pd_col[3].u_pd/FE_RN_23_0 Actual: 0.010000 Required: 0.060000 Type: Enclosure # 10 60 160 1 : 223.0200 201.8910 223.3000 202.4400 2     LEF Description:   ENCLOSURE ABOVE   0.010000 0.060000 ;
249	0x7f235ca86800	{253.385 202.17 253.645 202.43}	VIA1	Geometry	Cut_Enclosure	Regular Wire of Net u_core_gen_pd_row[7].gen_pd_col[3].u_pd/FE_RN_22_0 Actual: 0.010000 Required: 0.060000 Type: Enclosure # 10 60 160 1 : 253.2600 202.1600 253.5400 202.7090 2     LEF Description:   ENCLOSURE ABOVE   0.010000 0.060000 ;
250	0x7f235ca86710	{252.15 192.79 252.41 193.05}	VIA1	Geometry	Cut_Enclosure	Regular Wire of Net u_core_gen_pd_row[7].gen_pd_col[3].u_pd/n_13 Actual: 0.010000 Required: 0.060000 Type: Enclosure # 10 60 160 1 : 252.1400 192.7800 252.4200 193.0600 2     LEF Description:   ENCLOSURE ABOVE   0.010000 0.060000 ;
251	0x7f235ca86590	{251.03 192.79 251.29 193.05}	VIA1	Geometry	Cut_Enclosure	Regular Wire of Net u_core_n_41714 Actual: 0.010000 Required: 0.060000 Type: Enclosure # 10 60 160 1 : 251.0200 192.7800 251.3000 193.0600 2     LEF Description:   ENCLOSURE ABOVE   0.010000 0.060000 ;
252	0x7f235ca864a0	{250.1 200.96 250.36 201.22}	VIA1	Geometry	Cut_Enclosure	Regular Wire of Net u_core_gen_pd_row[7].gen_pd_col[3].u_pd/q2 Actual: 0.010000 Required: 0.060000 Type: Enclosure # 10 60 160 1 : 249.9000 200.9500 250.1800 201.4990 2     LEF Description:   ENCLOSURE ABOVE   0.010000 0.060000 ;
253	0x7f235ca86380	{249.35 187.75 249.61 188.01}	VIA1	Geometry	Cut_Enclosure	Regular Wire of Net u_core_gen_pd_row[7].gen_pd_col[2].u_pd/n_11 Actual: 0.010000 Required: 0.060000 Type: Enclosure # 10 60 160 1 : 249.3400 187.4710 249.6200 188.0200 2     LEF Description:   ENCLOSURE ABOVE   0.010000 0.060000 ;
254	0x7f235ca86260	{249.16 197.5 249.42 197.76}	VIA1	Geometry	Cut_Enclosure	Regular Wire of Net u_core_gen_pd_row[7].gen_pd_col[3].u_pd/q1 Actual: 0.010000 Required: 0.060000 Type: Enclosure # 10 60 160 1 : 249.3400 197.4900 249.6200 198.0390 2     LEF Description:   ENCLOSURE ABOVE   0.010000 0.060000 ;
255	0x7f235ca86230	{248.945 189.01 249.205 189.27}	VIA1	Geometry	Cut_Enclosure	Regular Wire of Net u_core_gen_pd_row[7].gen_pd_col[2].u_pd/n_22 Actual: 0.010000 Required: 0.060000 Type: Enclosure # 10 60 160 1 : 248.7800 188.7310 249.0600 189.2800 2     LEF Description:   ENCLOSURE ABOVE   0.010000 0.060000 ;
256	0x7f235ca86830	{253.41 201.075 253.67 201.335}	VIA1	Geometry	Cut_Enclosure	Regular Wire of Net u_core_gen_pd_row[7].gen_pd_col[3].u_pd/n_19 Actual: 0.010000 Required: 0.060000 Type: Enclosure # 10 60 160 1 : 253.2600 201.0650 253.5400 201.4600 2     LEF Description:   ENCLOSURE ABOVE   0.010000 0.060000 ;
257	0x7f235ca86860	{253.425 191.53 253.685 191.79}	VIA1	Geometry	Cut_Enclosure	Regular Wire of Net u_core_gen_pd_row[7].gen_pd_col[3].u_pd/n_22 Actual: 0.010000 Required: 0.060000 Type: Enclosure # 10 60 160 1 : 253.2600 191.5200 253.5400 191.9400 2     LEF Description:   ENCLOSURE ABOVE   0.010000 0.060000 ;
258	0x7f235ca86890	{253.69 200.92 253.95 201.18}	VIA1	Geometry	Cut_Enclosure	Regular Wire of Net u_core_gen_pd_row[7].gen_pd_col[3].u_pd/n_19 Actual: 0.010000 Required: 0.060000 Type: Enclosure # 10 60 160 1 : 253.8200 200.9100 254.1000 201.4590 2     LEF Description:   ENCLOSURE ABOVE   0.010000 0.060000 ;
259	0x7f235ca86950	{253.83 192.79 254.09 193.05}	VIA1	Geometry	Cut_Enclosure	Regular Wire of Net u_core_gen_pd_row[7].gen_pd_col[3].u_pd/n_11 Actual: 0.010000 Required: 0.060000 Type: Enclosure # 10 60 160 1 : 253.8200 192.7800 254.1000 193.0600 2     LEF Description:   ENCLOSURE ABOVE   0.010000 0.060000 ;
260	0x7f235ca86ad0	{254.95 197.27 255.21 197.53}	VIA1	Geometry	Cut_Enclosure	Regular Wire of Net u_core_fast_phase[3] Actual: 0.010000 Required: 0.060000 Type: Enclosure # 10 60 160 1 : 254.9400 197.2600 255.2200 197.5400 2     LEF Description:   ENCLOSURE ABOVE   0.010000 0.060000 ;
261	0x7f235ca86b30	{255.37 201.05 255.63 201.31}	VIA1	Geometry	Cut_Enclosure	Regular Wire of Net u_core_n_41714 Actual: 0.010000 Required: 0.060000 Type: Enclosure # 10 60 160 1 : 255.5000 200.7710 255.7800 201.3200 2     LEF Description:   ENCLOSURE ABOVE   0.010000 0.060000 ;
262	0x7f235ca86bc0	{255.51 187.19 255.77 187.45}	VIA1	Geometry	Cut_Enclosure	Regular Wire of Net u_core_slow_phase[7] Actual: 0.010000 Required: 0.060000 Type: Enclosure # 10 60 160 1 : 255.5000 187.1800 255.7800 187.7290 2     LEF Description:   ENCLOSURE ABOVE   0.010000 0.060000 ;
263	0x7f235ca86c80	{255.93 192.015 256.19 192.275}	VIA1	Geometry	Cut_Enclosure	Regular Wire of Net u_core_gen_pd_row[7].gen_pd_col[3].u_pd/n_11 Actual: 0.010000 Required: 0.060000 Type: Enclosure # 10 60 160 1 : 256.0600 192.0050 256.3400 192.5540 2     LEF Description:   ENCLOSURE ABOVE   0.010000 0.060000 ;
264	0x7f235ca86d40	{256.21 188.525 256.47 188.785}	VIA1	Geometry	Cut_Enclosure	Regular Wire of Net u_core_gen_pd_row[7].gen_pd_col[2].u_pd/n_11 Actual: 0.010000 Required: 0.060000 Type: Enclosure # 10 60 160 1 : 256.0600 188.2460 256.3400 188.7950 2     LEF Description:   ENCLOSURE ABOVE   0.010000 0.060000 ;
265	0x7f235ca86dd0	{256.63 193.35 256.89 193.61}	VIA1	Geometry	Cut_Enclosure	Regular Wire of Net u_core_slow_phase[7] Actual: 0.010000 Required: 0.060000 Type: Enclosure # 10 60 160 1 : 256.6200 193.3400 256.9000 193.6200 2     LEF Description:   ENCLOSURE ABOVE   0.010000 0.060000 ;
266	0x7f235ca87070	{258.17 188.58 258.43 188.84}	VIA1	Geometry	Cut_Enclosure	Regular Wire of Net u_core_gen_pd_row[7].gen_pd_col[2].u_pd/n_20 Actual: 0.010000 Required: 0.060000 Type: Enclosure # 10 60 160 1 : 258.3000 188.3010 258.5800 188.8500 2     LEF Description:   ENCLOSURE ABOVE   0.010000 0.060000 ;
267	0x7f235ca87220	{259.01 201.02 259.27 201.28}	VIA1	Geometry	Cut_Enclosure	Regular Wire of Net u_core_gen_pd_row[5].gen_pd_col[2].u_pd/FE_OFN4906_u_core_pd_hit_level_42 Actual: 0.010000 Required: 0.060000 Type: Enclosure # 10 60 160 1 : 258.8600 201.0100 259.1400 201.4600 2     LEF Description:   ENCLOSURE ABOVE   0.010000 0.060000 ;
268	0x7f235ca87340	{259.43 187.75 259.69 188.01}	VIA1	Geometry	Cut_Enclosure	Regular Wire of Net FE_OFN136_u_core_meas_pd_clear & Regular Wire of Net u_core_gen_pd_row[5].gen_pd_col[2].u_pd/FE_OFN4906_u_core_pd_hit_level_42 Actual: 0.010000 Required: 0.060000 Type: Enclosure # 10 60 160 1 : 259.4200 187.4710 259.7000 188.0200 2     LEF Description:   ENCLOSURE ABOVE   0.010000 0.060000 ;
269	0x7f235ca87370	{259.43 197.27 259.69 197.53}	VIA1	Geometry	Cut_Enclosure	Regular Wire of Net u_core_gen_pd_row[7].gen_pd_col[3].u_pd/n_20 Actual: 0.010000 Required: 0.060000 Type: Enclosure # 10 60 160 1 : 259.4200 197.2600 259.7000 197.8090 2     LEF Description:   ENCLOSURE ABOVE   0.010000 0.060000 ;
270	0x7f235ca87430	{259.85 188.48 260.11 188.74}	VIA1	Geometry	Cut_Enclosure	Regular Wire of Net rst_core_n & Regular Wire of Net FE_DBTN32_u_core_pd_hit_level_58 Actual: 0.010000 Required: 0.060000 Type: Enclosure # 10 60 160 1 : 259.9800 188.4700 260.2600 189.0190 2     LEF Description:   ENCLOSURE ABOVE   0.010000 0.060000 ;
271	0x7f235ca874c0	{260.13 200.975 260.39 201.235}	VIA1	Geometry	Cut_Enclosure	Regular Wire of Net u_core_gen_pd_row[5].gen_pd_col[2].u_pd/FE_OFN48229_n Actual: 0.010000 Required: 0.060000 Type: Enclosure # 10 60 160 1 : 259.9800 200.9650 260.2600 201.4600 2     LEF Description:   ENCLOSURE ABOVE   0.010000 0.060000 ;
272	0x7f235ca87790	{261.5 196.88 261.76 197.14}	VIA1	Geometry	Cut_Enclosure	Regular Wire of Net u_core_gen_pd_row[7].gen_pd_col[3].u_pd/n_22 Actual: 0.010000 Required: 0.060000 Type: Enclosure # 10 60 160 1 : 261.6600 196.7000 261.9400 197.1500 2     LEF Description:   ENCLOSURE ABOVE   0.010000 0.060000 ;
273	0x7f235ca87970	{262.37 200.975 262.63 201.235}	VIA1	Geometry	Cut_Enclosure	Regular Wire of Net u_core_gen_pd_row[7].gen_pd_col[3].u_pd/FE_OCPN68700_n Actual: 0.010000 Required: 0.060000 Type: Enclosure # 10 60 160 1 : 262.2200 200.9650 262.5000 201.4600 2     LEF Description:   ENCLOSURE ABOVE   0.010000 0.060000 ;
274	0x7f235ca86140	{247.67 187.75 247.93 188.01}	VIA1	Geometry	Cut_Enclosure	Regular Wire of Net u_core_gen_pd_row[7].gen_pd_col[2].u_pd/n_13 Actual: 0.010000 Required: 0.060000 Type: Enclosure # 10 60 160 1 : 247.6600 187.4710 247.9400 188.0200 2     LEF Description:   ENCLOSURE ABOVE   0.010000 0.060000 ;
275	0x7f235e769fa0	{246.55 196.71 246.81 196.97}	VIA1	Geometry	Cut_Enclosure	Regular Wire of Net u_core_n_41714 Actual: 0.010000 Required: 0.060000 Type: Enclosure # 10 60 160 1 : 246.5400 196.7000 246.8200 197.2490 2     LEF Description:   ENCLOSURE ABOVE   0.010000 0.060000 ;
276	0x7f235e769f70	{246.55 187.75 246.81 188.01}	VIA1	Geometry	Cut_Enclosure	Regular Wire of Net u_core_n_41714 Actual: 0.010000 Required: 0.060000 Type: Enclosure # 10 60 160 1 : 246.5400 187.7400 246.8200 188.2890 2     LEF Description:   ENCLOSURE ABOVE   0.010000 0.060000 ;
277	0x7f235e769e20	{245.43 196.71 245.69 196.97}	VIA1	Geometry	Cut_Enclosure	Regular Wire of Net u_core_gen_pd_row[7].gen_pd_col[3].u_pd/n_5 Actual: 0.010000 Required: 0.060000 Type: Enclosure # 10 60 160 1 : 245.4200 196.4310 245.7000 196.9800 2     LEF Description:   ENCLOSURE ABOVE   0.010000 0.060000 ;
278	0x7f235e769c10	{244.73 192.06 244.99 192.32}	VIA1	Geometry	Cut_Enclosure	Regular Wire of Net rst_core_n Actual: 0.010000 Required: 0.060000 Type: Enclosure # 10 60 160 1 : 244.8600 191.7810 245.1400 192.3300 2     LEF Description:   ENCLOSURE ABOVE   0.010000 0.060000 ;
279	0x7f235e769bb0	{244.31 201.19 244.57 201.45}	VIA1	Geometry	Cut_Enclosure	Regular Wire of Net u_core_fast_phase[3] Actual: 0.010000 Required: 0.060000 Type: Enclosure # 10 60 160 1 : 244.3000 201.1800 244.5800 201.4600 2     LEF Description:   ENCLOSURE ABOVE   0.010000 0.060000 ;
280	0x7f235e769b80	{244.31 192.79 244.57 193.05}	VIA1	Geometry	Cut_Enclosure	Regular Wire of Net FE_OFN136_u_core_meas_pd_clear Actual: 0.010000 Required: 0.060000 Type: Enclosure # 10 60 160 1 : 244.3000 192.7800 244.5800 193.0600 2     LEF Description:   ENCLOSURE ABOVE   0.010000 0.060000 ;
281	0x7f235e769af0	{244.17 188.48 244.43 188.74}	VIA1	Geometry	Cut_Enclosure	Regular Wire of Net rst_core_n & Regular Wire of Net FE_OFN201_u_core_pd_hit_level_55 Actual: 0.010000 Required: 0.060000 Type: Enclosure # 10 60 160 1 : 244.3000 188.3000 244.5800 188.7500 2     LEF Description:   ENCLOSURE ABOVE   0.010000 0.060000 ;
282	0x7f235e7684a0	{248.08 191.569 248.36 191.849}	MET2	Geometry	Off_Grid	Regular Wire of Net u_core_pd_hit_level[58] Type: Off Grid or Wrong Way # -1 -1 210 1 : 248.0800 191.8490 248.3600 191.8490 2
283	0x7f235e768c50	{232.55 192.23 232.81 192.49}	VIA1	Geometry	Cut_Enclosure	Regular Wire of Net u_core_fast_phase[3] Actual: 0.010000 Required: 0.060000 Type: Enclosure # 10 60 160 1 : 232.5400 192.2200 232.8200 192.5000 2     LEF Description:   ENCLOSURE ABOVE   0.010000 0.060000 ;
284	0x7f235e768d10	{233.67 197.27 233.93 197.53}	VIA1	Geometry	Cut_Enclosure	Regular Wire of Net u_core_fast_phase[3] Actual: 0.010000 Required: 0.060000 Type: Enclosure # 10 60 160 1 : 233.6600 196.9910 233.9400 197.5400 2     LEF Description:   ENCLOSURE ABOVE   0.010000 0.060000 ;
285	0x7f235e769010	{236.065 200.49 236.325 200.75}	VIA1	Geometry	Cut_Enclosure	Regular Wire of Net u_core_gen_pd_row[6].gen_pd_col[3].u_pd/n_22 Actual: 0.010000 Required: 0.060000 Type: Enclosure # 10 60 160 1 : 235.9000 200.2110 236.1800 200.7600 2     LEF Description:   ENCLOSURE ABOVE   0.010000 0.060000 ;
286	0x7f235e7690d0	{236.47 187.19 236.73 187.45}	VIA1	Geometry	Cut_Enclosure	Regular Wire of Net u_core_pd_hit_level[58] Actual: 0.010000 Required: 0.060000 Type: Enclosure # 10 60 160 1 : 236.4600 187.1800 236.7400 187.4600 2     LEF Description:   ENCLOSURE ABOVE   0.010000 0.060000 ;
287	0x7f235e769340	{237.76 201.58 238.02 201.84}	VIA1	Geometry	Cut_Enclosure	Regular Wire of Net u_core_gen_pd_row[7].gen_pd_col[3].u_pd/n_21 Actual: 0.010000 Required: 0.060000 Type: Enclosure # 10 60 160 1 : 237.5800 201.5700 237.8600 202.0200 2     LEF Description:   ENCLOSURE ABOVE   0.010000 0.060000 ;
288	0x7f235e7693d0	{238.15 197.27 238.41 197.53}	VIA1	Geometry	Cut_Enclosure	Regular Wire of Net u_core_gen_pd_row[6].gen_pd_col[3].u_pd/n_20 & Regular Wire of Net u_core_gen_pd_row[7].gen_pd_col[3].u_pd/n_21 Actual: 0.010000 Required: 0.060000 Type: Enclosure # 10 60 160 1 : 238.1400 197.2600 238.4200 197.5400 2     LEF Description:   ENCLOSURE ABOVE   0.010000 0.060000 ;
289	0x7f235e769460	{239.1 192.62 239.36 192.88}	VIA1	Geometry	Cut_Enclosure	Regular Wire of Net u_core_gen_pd_row[6].gen_pd_col[3].u_pd/n_21 Actual: 0.010000 Required: 0.060000 Type: Enclosure # 10 60 160 1 : 239.2600 192.6100 239.5400 193.0600 2     LEF Description:   ENCLOSURE ABOVE   0.010000 0.060000 ;
290	0x7f235e769550	{239.44 188.525 239.7 188.785}	VIA1	Geometry	Cut_Enclosure	Regular Wire of Net FE_DBTN32_u_core_pd_hit_level_58 Actual: 0.010000 Required: 0.060000 Type: Enclosure # 10 60 160 1 : 239.2600 188.3000 239.5400 188.7950 2     LEF Description:   ENCLOSURE ABOVE   0.010000 0.060000 ;
291	0x7f235e769580	{239.83 201.19 240.09 201.45}	VIA1	Geometry	Cut_Enclosure	Regular Wire of Net u_core_gen_pd_row[7].gen_pd_col[3].u_pd/n_20 Actual: 0.010000 Required: 0.060000 Type: Enclosure # 10 60 160 1 : 239.8200 200.9110 240.1000 201.4600 2     LEF Description:   ENCLOSURE ABOVE   0.010000 0.060000 ;
292	0x7f235e769610	{240.22 196.88 240.48 197.14}	VIA1	Geometry	Cut_Enclosure	Regular Wire of Net u_core_gen_pd_row[6].gen_pd_col[3].u_pd/n_22 Actual: 0.010000 Required: 0.060000 Type: Enclosure # 10 60 160 1 : 240.3800 196.8700 240.6600 197.4190 2     LEF Description:   ENCLOSURE ABOVE   0.010000 0.060000 ;
293	0x7f235e769880	{242.49 188.58 242.75 188.84}	VIA1	Geometry	Cut_Enclosure	Regular Wire of Net u_core_gen_pd_row[6].gen_pd_col[2].u_pd/n_20 Actual: 0.010000 Required: 0.060000 Type: Enclosure # 10 60 160 1 : 242.6200 188.3010 242.9000 188.8500 2     LEF Description:   ENCLOSURE ABOVE   0.010000 0.060000 ;
294	0x7f235e7698e0	{243.05 191.96 243.31 192.22}	VIA1	Geometry	Cut_Enclosure	Regular Wire of Net u_core_gen_pd_row[6].gen_pd_col[3].u_pd/n_20 & Regular Wire of Net FE_OFN194_u_core_fast_tag_col_2__4 Actual: 0.010000 Required: 0.060000 Type: Enclosure # 10 60 160 1 : 243.1800 191.6810 243.4600 192.2300 2     LEF Description:   ENCLOSURE ABOVE   0.010000 0.060000 ;
295	0x7f235e769a30	{243.75 187.75 244.01 188.01}	VIA1	Geometry	Cut_Enclosure	Regular Wire of Net FE_OFN136_u_core_meas_pd_clear Actual: 0.010000 Required: 0.060000 Type: Enclosure # 10 60 160 1 : 243.7400 187.7400 244.0200 188.0200 2     LEF Description:   ENCLOSURE ABOVE   0.010000 0.060000 ;
296	0x7f235e769a60	{243.75 196.71 244.01 196.97}	VIA1	Geometry	Cut_Enclosure	Regular Wire of Net u_core_gen_pd_row[7].gen_pd_col[3].u_pd/n_13 Actual: 0.010000 Required: 0.060000 Type: Enclosure # 10 60 160 1 : 243.7400 196.7000 244.0200 197.2490 2     LEF Description:   ENCLOSURE ABOVE   0.010000 0.060000 ;
297	0x7f235e769ac0	{244.155 197.97 244.415 198.23}	VIA1	Geometry	Cut_Enclosure	Regular Wire of Net u_core_gen_pd_row[7].gen_pd_col[3].u_pd/n_21 Actual: 0.010000 Required: 0.060000 Type: Enclosure # 10 60 160 1 : 244.3000 197.6910 244.5800 198.2400 2     LEF Description:   ENCLOSURE ABOVE   0.010000 0.060000 ;
298	0x7f235ca87c70	{263.77 179.89 264.03 180.15}	VIA1	Geometry	Cut_Enclosure	Regular Wire of Net u_core_gen_pd_row[5].gen_pd_col[2].u_pd/FE_OFN4906_u_core_pd_hit_level_42 Actual: 0.010000 Required: 0.060000 Type: Enclosure # 10 60 160 1 : 263.9000 179.8800 264.1800 180.4290 2     LEF Description:   ENCLOSURE ABOVE   0.010000 0.060000 ;
299	0x7f235ca87940	{262.37 183.13 262.63 183.39}	VIA1	Geometry	Cut_Enclosure	Regular Wire of Net u_core_n_64847 Actual: 0.010000 Required: 0.060000 Type: Enclosure # 10 60 160 1 : 262.2200 183.1200 262.5000 183.5400 2     LEF Description:   ENCLOSURE ABOVE   0.010000 0.060000 ;
300	0x7f235ca87640	{260.69 180.09 260.95 180.35}	VIA1	Geometry	Cut_Enclosure	Regular Wire of Net u_core_gen_pd_row[7].gen_pd_col[2].u_pd/n_30 Actual: 0.010000 Required: 0.060000 Type: Enclosure # 10 60 160 1 : 260.5400 179.8110 260.8200 180.3600 2     LEF Description:   ENCLOSURE ABOVE   0.010000 0.060000 ;
301	0x7f235ca87310	{259.43 178.23 259.69 178.49}	VIA1	Geometry	Cut_Enclosure	Regular Wire of Net FE_DBTN32_u_core_pd_hit_level_58 Actual: 0.010000 Required: 0.060000 Type: Enclosure # 10 60 160 1 : 259.4200 178.2200 259.7000 178.5000 2     LEF Description:   ENCLOSURE ABOVE   0.010000 0.060000 ;
302	0x7f235ca87250	{259.015 182.54 259.275 182.8}	VIA1	Geometry	Cut_Enclosure	Regular Wire of Net FE_OCPN48304_u_core_pd_hit_level_57 Actual: 0.010000 Required: 0.060000 Type: Enclosure # 10 60 160 1 : 258.8600 182.5300 259.1400 183.0790 2     LEF Description:   ENCLOSURE ABOVE   0.010000 0.060000 ;
303	0x7f235ca871f0	{258.87 178.23 259.13 178.49}	VIA1	Geometry	Cut_Enclosure	Regular Wire of Net u_core_gen_pd_row[7].gen_pd_col[2].u_pd/q2 Actual: 0.010000 Required: 0.060000 Type: Enclosure # 10 60 160 1 : 258.8600 177.9510 259.1400 178.5000 2     LEF Description:   ENCLOSURE ABOVE   0.010000 0.060000 ;
304	0x7f235ca86fe0	{257.75 178.79 258.01 179.05}	VIA1	Geometry	Cut_Enclosure	Regular Wire of Net u_core_gen_pd_row[7].gen_pd_col[2].u_pd/n_19 Actual: 0.010000 Required: 0.060000 Type: Enclosure # 10 60 160 1 : 257.7400 178.7800 258.0200 179.3290 2     LEF Description:   ENCLOSURE ABOVE   0.010000 0.060000 ;
305	0x7f235ca86e00	{256.92 183.64 257.18 183.9}	VIA1	Geometry	Cut_Enclosure	Regular Wire of Net u_core_pd_hit_level[60] Actual: 0.010000 Required: 0.060000 Type: Enclosure # 10 60 160 1 : 256.9100 183.6300 257.4590 183.9100 2     LEF Description:   ENCLOSURE ABOVE   0.010000 0.060000 ;
306	0x7f235ca86d10	{256.21 179.62 256.47 179.88}	VIA1	Geometry	Cut_Enclosure	Regular Wire of Net u_core_gen_pd_row[7].gen_pd_col[2].u_pd/n_19 Actual: 0.010000 Required: 0.060000 Type: Enclosure # 10 60 160 1 : 256.0600 179.6100 256.3400 180.1590 2     LEF Description:   ENCLOSURE ABOVE   0.010000 0.060000 ;
307	0x7f235ca86350	{249.35 178.79 249.61 179.05}	VIA1	Geometry	Cut_Enclosure	Regular Wire of Net u_core_gen_pd_row[7].gen_pd_col[2].u_pd/n_13 Actual: 0.010000 Required: 0.060000 Type: Enclosure # 10 60 160 1 : 249.3400 178.7800 249.6200 179.3290 2     LEF Description:   ENCLOSURE ABOVE   0.010000 0.060000 ;
308	0x7f235ca863e0	{249.755 180.05 250.015 180.31}	VIA1	Geometry	Cut_Enclosure	Regular Wire of Net u_core_gen_pd_row[7].gen_pd_col[2].u_pd/n_21 Actual: 0.010000 Required: 0.060000 Type: Enclosure # 10 60 160 1 : 249.9000 179.7710 250.1800 180.3200 2     LEF Description:   ENCLOSURE ABOVE   0.010000 0.060000 ;
309	0x7f235ca86560	{251.03 178.79 251.29 179.05}	VIA1	Geometry	Cut_Enclosure	Regular Wire of Net u_core_gen_pd_row[7].gen_pd_col[2].u_pd/n_5 & Regular Wire of Net FE_OCPN68705_u_core_pd_hit_level_48 Actual: 0.010000 Required: 0.060000 Type: Enclosure # 10 60 160 1 : 251.0200 178.5110 251.3000 179.0600 2     LEF Description:   ENCLOSURE ABOVE   0.010000 0.060000 ;
310	0x7f235ca866e0	{252.15 178.79 252.41 179.05}	VIA1	Geometry	Cut_Enclosure	Regular Wire of Net u_core_n_41714 Actual: 0.010000 Required: 0.060000 Type: Enclosure # 10 60 160 1 : 252.1400 178.7800 252.4200 179.3290 2     LEF Description:   ENCLOSURE ABOVE   0.010000 0.060000 ;
311	0x7f235ca86740	{252.34 183.04 252.6 183.3}	VIA1	Geometry	Cut_Enclosure	Regular Wire of Net u_core_gen_pd_row[7].gen_pd_col[2].u_pd/q1 Actual: 0.010000 Required: 0.060000 Type: Enclosure # 10 60 160 1 : 252.1400 183.0300 252.4200 183.5400 2     LEF Description:   ENCLOSURE ABOVE   0.010000 0.060000 ;
312	0x7f235ca867d0	{253.27 184.95 253.53 185.21}	VIA1	Geometry	Cut_Enclosure	Regular Wire of Net u_core_gen_pd_row[7].gen_pd_col[2].u_pd/n_13 Actual: 0.010000 Required: 0.060000 Type: Enclosure # 10 60 160 1 : 253.2600 184.9400 253.5400 185.2200 2     LEF Description:   ENCLOSURE ABOVE   0.010000 0.060000 ;
313	0x7f235ca869b0	{254.53 179.49 254.79 179.75}	VIA1	Geometry	Cut_Enclosure	Regular Wire of Net u_core_n_41714 Actual: 0.010000 Required: 0.060000 Type: Enclosure # 10 60 160 1 : 254.3800 179.3400 254.6600 179.7600 2     LEF Description:   ENCLOSURE ABOVE   0.010000 0.060000 ;
314	0x7f235ca86aa0	{254.95 178.79 255.21 179.05}	VIA1	Geometry	Cut_Enclosure	Regular Wire of Net u_core_gen_pd_row[7].gen_pd_col[2].u_pd/q1 Actual: 0.010000 Required: 0.060000 Type: Enclosure # 10 60 160 1 : 254.9400 178.7800 255.2200 179.0600 2     LEF Description:   ENCLOSURE ABOVE   0.010000 0.060000 ;
315	0x7f235ca900e0	{265.03 184.39 265.29 184.65}	VIA1	Geometry	Cut_Enclosure	Regular Wire of Net u_core_gen_pd_row[5].gen_pd_col[2].u_pd/FE_OFN4906_u_core_pd_hit_level_42 Actual: 0.010000 Required: 0.060000 Type: Enclosure # 10 60 160 1 : 265.0200 184.3800 265.3000 184.6600 2     LEF Description:   ENCLOSURE ABOVE   0.010000 0.060000 ;
316	0x7f235ca900b0	{265.03 169.83 265.29 170.09}	VIA1	Geometry	Cut_Enclosure	Regular Wire of Net FE_DBTN33_u_core_pd_hit_level_59 Actual: 0.010000 Required: 0.060000 Type: Enclosure # 10 60 160 1 : 265.0200 169.8200 265.3000 170.1000 2     LEF Description:   ENCLOSURE ABOVE   0.010000 0.060000 ;
317	0x7f235ca87f70	{264.61 173.61 264.87 173.87}	VIA1	Geometry	Cut_Enclosure	Regular Wire of Net u_core_n_62391 & Regular Wire of Net u_core_n_69593 Actual: 0.010000 Required: 0.060000 Type: Enclosure # 10 60 160 1 : 264.4600 173.6000 264.7400 174.0200 2     LEF Description:   ENCLOSURE ABOVE   0.010000 0.060000 ;
318	0x7f235ca87d90	{263.91 174.87 264.17 175.13}	VIA1	Geometry	Cut_Enclosure	Regular Wire of Net u_core_n_69593 Actual: 0.010000 Required: 0.060000 Type: Enclosure # 10 60 160 1 : 263.9000 174.8600 264.1800 175.1400 2     LEF Description:   ENCLOSURE ABOVE   0.010000 0.060000 ;
319	0x7f235ca87d60	{263.91 169.83 264.17 170.09}	VIA1	Geometry	Cut_Enclosure	Regular Wire of Net FE_DBTN33_u_core_pd_hit_level_59 Actual: 0.010000 Required: 0.060000 Type: Enclosure # 10 60 160 1 : 263.9000 169.5510 264.1800 170.1000 2     LEF Description:   ENCLOSURE ABOVE   0.010000 0.060000 ;
320	0x7f235ca87c10	{263.35 174.87 263.61 175.13}	VIA1	Geometry	Cut_Enclosure	Regular Wire of Net u_core_pd_hit_level[59] Actual: 0.010000 Required: 0.060000 Type: Enclosure # 10 60 160 1 : 263.3400 174.5910 263.6200 175.1400 2     LEF Description:   ENCLOSURE ABOVE   0.010000 0.060000 ;
321	0x7f235ca87a30	{262.65 170.605 262.91 170.865}	VIA1	Geometry	Cut_Enclosure	Regular Wire of Net u_core_pd_hit_level[59] Actual: 0.010000 Required: 0.060000 Type: Enclosure # 10 60 160 1 : 262.7800 170.3800 263.0600 170.8750 2     LEF Description:   ENCLOSURE ABOVE   0.010000 0.060000 ;
322	0x7f235ca87910	{262.23 174.87 262.49 175.13}	VIA1	Geometry	Cut_Enclosure	Regular Wire of Net FE_DBTN32_u_core_pd_hit_level_58 Actual: 0.010000 Required: 0.060000 Type: Enclosure # 10 60 160 1 : 262.2200 174.8600 262.5000 175.4090 2     LEF Description:   ENCLOSURE ABOVE   0.010000 0.060000 ;
323	0x7f235ca87520	{260.38 170.15 260.64 170.41}	VIA1	Geometry	Cut_Enclosure	Regular Wire of Net u_core_gen_pd_row[7].gen_pd_col[2].u_pd/n_30 Actual: 0.010000 Required: 0.060000 Type: Enclosure # 10 60 160 1 : 260.5400 170.1400 260.8200 170.6890 2     LEF Description:   ENCLOSURE ABOVE   0.010000 0.060000 ;
324	0x7f235ca870d0	{258.31 170.39 258.57 170.65}	VIA1	Geometry	Cut_Enclosure	Regular Wire of Net u_core_gen_pd_row[7].gen_pd_col[2].u_pd/n_20 Actual: 0.010000 Required: 0.060000 Type: Enclosure # 10 60 160 1 : 258.3000 170.3800 258.5800 170.6600 2     LEF Description:   ENCLOSURE ABOVE   0.010000 0.060000 ;
325	0x7f235ca86da0	{256.63 175.99 256.89 176.25}	VIA1	Geometry	Cut_Enclosure	Regular Wire of Net u_core_gen_pd_row[7].gen_pd_col[2].u_pd/n_5 Actual: 0.010000 Required: 0.060000 Type: Enclosure # 10 60 160 1 : 256.6200 175.9800 256.9000 176.5290 2     LEF Description:   ENCLOSURE ABOVE   0.010000 0.060000 ;
326	0x7f235ca86c20	{255.7 174.08 255.96 174.34}	VIA1	Geometry	Cut_Enclosure	Regular Wire of Net u_core_gen_pd_row[7].gen_pd_col[2].u_pd/q2 Actual: 0.010000 Required: 0.060000 Type: Enclosure # 10 60 160 1 : 255.5000 174.0700 255.7800 174.6190 2     LEF Description:   ENCLOSURE ABOVE   0.010000 0.060000 ;
327	0x7f235ca86440	{249.91 174.31 250.17 174.57}	VIA1	Geometry	Cut_Enclosure	Regular Wire of Net u_core_fast_phase[2] & Regular Wire of Net u_core_gen_pd_row[7].gen_pd_col[2].u_pd/n_21 Actual: 0.010000 Required: 0.060000 Type: Enclosure # 10 60 160 1 : 249.9000 174.0310 250.1800 174.5800 2     LEF Description:   ENCLOSURE ABOVE   0.010000 0.060000 ;
328	0x7f235ca86980	{254.39 170.39 254.65 170.65}	VIA1	Geometry	Cut_Enclosure	Regular Wire of Net u_core_fast_phase[2] Actual: 0.010000 Required: 0.060000 Type: Enclosure # 10 60 160 1 : 254.3800 170.3800 254.6600 170.9290 2     LEF Description:   ENCLOSURE ABOVE   0.010000 0.060000 ;
329	0x7f235ca861a0	{248.09 170.93 248.35 171.19}	VIA1	Geometry	Cut_Enclosure	Regular Wire of Net u_core_pd_hit_level[58] Actual: 0.010000 Required: 0.010000 Type: Enclosure # 10 10 160 1 : 248.0800 170.9200 248.3600 171.4690 2     LEF Description:   ENCLOSURE ABOVE   0.010000 0.060000 ;
330	0x7f235e769f40	{246.55 183.27 246.81 183.53}	VIA1	Geometry	Cut_Enclosure	Regular Wire of Net u_core_fast_phase[2] Actual: 0.010000 Required: 0.060000 Type: Enclosure # 10 60 160 1 : 246.5400 182.9910 246.8200 183.5400 2     LEF Description:   ENCLOSURE ABOVE   0.010000 0.060000 ;
331	0x7f235e769ee0	{246.38 178.96 246.64 179.22}	VIA1	Geometry	Cut_Enclosure	Regular Wire of Net u_core_gen_pd_row[6].gen_pd_col[2].u_pd/n_22 Actual: 0.010000 Required: 0.060000 Type: Enclosure # 10 60 160 1 : 246.5400 178.7800 246.8200 179.2300 2     LEF Description:   ENCLOSURE ABOVE   0.010000 0.060000 ;
332	0x7f235e769e80	{245.82 170.0 246.08 170.26}	VIA1	Geometry	Cut_Enclosure	Regular Wire of Net u_core_gen_pd_row[6].gen_pd_col[2].u_pd/n_21 Actual: 0.010000 Required: 0.060000 Type: Enclosure # 10 60 160 1 : 245.9800 169.8200 246.2600 170.2700 2     LEF Description:   ENCLOSURE ABOVE   0.010000 0.060000 ;
333	0x7f235e769df0	{245.43 174.31 245.69 174.57}	VIA1	Geometry	Cut_Enclosure	Regular Wire of Net u_core_gen_pd_row[7].gen_pd_col[2].u_pd/n_20 Actual: 0.010000 Required: 0.060000 Type: Enclosure # 10 60 160 1 : 245.4200 174.3000 245.7000 174.8490 2     LEF Description:   ENCLOSURE ABOVE   0.010000 0.060000 ;
334	0x7f235e769b50	{244.31 179.35 244.57 179.61}	VIA1	Geometry	Cut_Enclosure	Regular Wire of Net u_core_gen_pd_row[6].gen_pd_col[2].u_pd/n_20 & Regular Wire of Net FE_OFN201_u_core_pd_hit_level_55 Actual: 0.010000 Required: 0.060000 Type: Enclosure # 10 60 160 1 : 244.3000 179.3400 244.5800 179.6200 2     LEF Description:   ENCLOSURE ABOVE   0.010000 0.060000 ;
335	0x7f235e768cb0	{233.11 177.67 233.37 177.93}	VIA1	Geometry	Cut_Enclosure	Regular Wire of Net u_core_gen_pd_row[6].gen_pd_col[2].u_pd/n_13 Actual: 0.010000 Required: 0.060000 Type: Enclosure # 10 60 160 1 : 233.1000 177.6600 233.3800 177.9400 2     LEF Description:   ENCLOSURE ABOVE   0.010000 0.060000 ;
336	0x7f235e768ce0	{233.48 170.62 233.74 170.88}	VIA1	Geometry	Cut_Enclosure	Regular Wire of Net u_core_gen_pd_row[6].gen_pd_col[2].u_pd/q2 Actual: 0.010000 Required: 0.060000 Type: Enclosure # 10 60 160 1 : 233.6600 170.3800 233.9400 170.8900 2     LEF Description:   ENCLOSURE ABOVE   0.010000 0.060000 ;
337	0x7f235e768da0	{234.04 179.58 234.3 179.84}	VIA1	Geometry	Cut_Enclosure	Regular Wire of Net u_core_gen_pd_row[6].gen_pd_col[2].u_pd/q1 Actual: 0.010000 Required: 0.060000 Type: Enclosure # 10 60 160 1 : 234.2200 179.3400 234.5000 179.8500 2     LEF Description:   ENCLOSURE ABOVE   0.010000 0.060000 ;
338	0x7f235e768dd0	{234.23 174.87 234.49 175.13}	VIA1	Geometry	Cut_Enclosure	Regular Wire of Net u_core_n_41714 Actual: 0.010000 Required: 0.060000 Type: Enclosure # 10 60 160 1 : 234.2200 174.8600 234.5000 175.1400 2     LEF Description:   ENCLOSURE ABOVE   0.010000 0.060000 ;
339	0x7f235e768f20	{235.35 174.87 235.61 175.13}	VIA1	Geometry	Cut_Enclosure	Regular Wire of Net u_core_gen_pd_row[6].gen_pd_col[2].u_pd/n_5 Actual: 0.010000 Required: 0.060000 Type: Enclosure # 10 60 160 1 : 235.3400 174.5910 235.6200 175.1400 2     LEF Description:   ENCLOSURE ABOVE   0.010000 0.060000 ;
340	0x7f235e768f50	{235.35 183.83 235.61 184.09}	VIA1	Geometry	Cut_Enclosure	Regular Wire of Net u_core_gen_pd_row[6].gen_pd_col[2].u_pd/n_13 Actual: 0.010000 Required: 0.060000 Type: Enclosure # 10 60 160 1 : 235.3400 183.5510 235.6200 184.1000 2     LEF Description:   ENCLOSURE ABOVE   0.010000 0.060000 ;
341	0x7f235e769160	{236.625 173.61 236.885 173.87}	VIA1	Geometry	Cut_Enclosure	Regular Wire of Net u_core_gen_pd_row[6].gen_pd_col[2].u_pd/n_21 Actual: 0.010000 Required: 0.060000 Type: Enclosure # 10 60 160 1 : 236.4600 173.6000 236.7400 174.0200 2     LEF Description:   ENCLOSURE ABOVE   0.010000 0.060000 ;
342	0x7f235e769190	{236.625 182.57 236.885 182.83}	VIA1	Geometry	Cut_Enclosure	Regular Wire of Net u_core_gen_pd_row[6].gen_pd_col[2].u_pd/n_22 Actual: 0.010000 Required: 0.060000 Type: Enclosure # 10 60 160 1 : 236.4600 182.5600 236.7400 182.9800 2     LEF Description:   ENCLOSURE ABOVE   0.010000 0.060000 ;
343	0x7f235e7691f0	{237.03 174.87 237.29 175.13}	VIA1	Geometry	Cut_Enclosure	Regular Wire of Net u_core_gen_pd_row[6].gen_pd_col[2].u_pd/n_13 Actual: 0.010000 Required: 0.060000 Type: Enclosure # 10 60 160 1 : 237.0200 174.8600 237.3000 175.4090 2     LEF Description:   ENCLOSURE ABOVE   0.010000 0.060000 ;
344	0x7f235e769220	{237.03 183.83 237.29 184.09}	VIA1	Geometry	Cut_Enclosure	Regular Wire of Net u_core_gen_pd_row[6].gen_pd_col[2].u_pd/n_11 Actual: 0.010000 Required: 0.060000 Type: Enclosure # 10 60 160 1 : 237.0200 183.8200 237.3000 184.1000 2     LEF Description:   ENCLOSURE ABOVE   0.010000 0.060000 ;
345	0x7f235e7694f0	{239.27 170.39 239.53 170.65}	VIA1	Geometry	Cut_Enclosure	Regular Wire of Net u_core_fast_phase[2] Actual: 0.010000 Required: 0.060000 Type: Enclosure # 10 60 160 1 : 239.2600 170.3800 239.5400 170.6600 2     LEF Description:   ENCLOSURE ABOVE   0.010000 0.060000 ;
346	0x7f235e7695b0	{240.0 183.66 240.26 183.92}	VIA1	Geometry	Cut_Enclosure	Regular Wire of Net u_core_gen_pd_row[7].gen_pd_col[2].u_pd/n_22 Actual: 0.010000 Required: 0.060000 Type: Enclosure # 10 60 160 1 : 239.8200 183.6500 240.1000 184.1000 2     LEF Description:   ENCLOSURE ABOVE   0.010000 0.060000 ;
347	0x7f235e7697f0	{242.07 183.27 242.33 183.53}	VIA1	Geometry	Cut_Enclosure	Regular Wire of Net u_core_gen_pd_row[7].gen_pd_col[2].u_pd/n_20 Actual: 0.010000 Required: 0.060000 Type: Enclosure # 10 60 160 1 : 242.0600 183.2600 242.3400 183.5400 2     LEF Description:   ENCLOSURE ABOVE   0.010000 0.060000 ;
348	0x7f235e769970	{243.36 174.7 243.62 174.96}	VIA1	Geometry	Cut_Enclosure	Regular Wire of Net u_core_gen_pd_row[7].gen_pd_col[2].u_pd/n_21 Actual: 0.010000 Required: 0.060000 Type: Enclosure # 10 60 160 1 : 243.1800 174.4210 243.4600 174.9700 2     LEF Description:   ENCLOSURE ABOVE   0.010000 0.060000 ;
349	0x7f235e768830	{227.88 197.5 228.14 197.76}	VIA1	Geometry	Cut_Enclosure	Regular Wire of Net u_core_gen_pd_row[6].gen_pd_col[3].u_pd/q1 Actual: 0.010000 Required: 0.060000 Type: Enclosure # 10 60 160 1 : 228.0600 197.4900 228.3400 198.0390 2     LEF Description:   ENCLOSURE ABOVE   0.010000 0.060000 ;
350	0x7f235e768770	{226.76 192.0 227.02 192.26}	VIA1	Geometry	Cut_Enclosure	Regular Wire of Net u_core_gen_pd_row[6].gen_pd_col[3].u_pd/q2 Actual: 0.010000 Required: 0.060000 Type: Enclosure # 10 60 160 1 : 226.9400 191.9900 227.2200 192.5390 2     LEF Description:   ENCLOSURE ABOVE   0.010000 0.060000 ;
351	0x7f235e768470	{220.595 191.569 220.875 191.849}	MET2	Geometry	Off_Grid	Regular Wire of Net u_core_pd_hit_level[58] Type: Off Grid or Wrong Way # -1 -1 210 1 : 220.5950 191.5690 220.8750 191.5690 2
352	0x7f235e768590	{219.67 197.27 219.93 197.53}	VIA1	Geometry	Cut_Enclosure	Regular Wire of Net u_core_fast_phase[3] Actual: 0.010000 Required: 0.060000 Type: Enclosure # 10 60 160 1 : 219.6600 197.2600 219.9400 197.5400 2     LEF Description:   ENCLOSURE ABOVE   0.010000 0.060000 ;
353	0x7f235e7685f0	{220.405 200.975 220.665 201.235}	VIA1	Geometry	Cut_Enclosure	Regular Wire of Net u_core_gen_pd_row[6].gen_pd_col[3].u_pd/n_30 Actual: 0.010000 Required: 0.060000 Type: Enclosure # 10 60 160 1 : 220.2200 200.6960 220.5000 201.2450 2     LEF Description:   ENCLOSURE ABOVE   0.010000 0.060000 ;
354	0x7f235e768620	{222.89 201.075 223.15 201.335}	VIA1	Geometry	Cut_Enclosure	Regular Wire of Net u_core_gen_pd_row[6].gen_pd_col[3].u_pd/n_19 Actual: 0.010000 Required: 0.060000 Type: Enclosure # 10 60 160 1 : 223.0200 200.7960 223.3000 201.3450 2     LEF Description:   ENCLOSURE ABOVE   0.010000 0.060000 ;
355	0x7f235e768680	{224.15 197.27 224.41 197.53}	VIA1	Geometry	Cut_Enclosure	Regular Wire of Net u_core_gen_pd_row[6].gen_pd_col[3].u_pd/n_20 Actual: 0.010000 Required: 0.060000 Type: Enclosure # 10 60 160 1 : 224.1400 197.2600 224.4200 197.8090 2     LEF Description:   ENCLOSURE ABOVE   0.010000 0.060000 ;
356	0x7f235e768710	{225.83 193.91 226.09 194.17}	VIA1	Geometry	Cut_Enclosure	Regular Wire of Net u_core_gen_pd_row[6].gen_pd_col[3].u_pd/n_5 Actual: 0.010000 Required: 0.060000 Type: Enclosure # 10 60 160 1 : 225.8200 193.9000 226.1000 194.1800 2     LEF Description:   ENCLOSURE ABOVE   0.010000 0.060000 ;
357	0x7f235e768740	{226.22 197.03 226.48 197.29}	VIA1	Geometry	Cut_Enclosure	Regular Wire of Net u_core_gen_pd_row[6].gen_pd_col[3].u_pd/n_30 Actual: 0.010000 Required: 0.060000 Type: Enclosure # 10 60 160 1 : 226.3800 196.7510 226.6600 197.3000 2     LEF Description:   ENCLOSURE ABOVE   0.010000 0.060000 ;
358	0x7f235e7687a0	{226.81 200.92 227.07 201.18}	VIA1	Geometry	Cut_Enclosure	Regular Wire of Net u_core_gen_pd_row[6].gen_pd_col[3].u_pd/n_19 Actual: 0.010000 Required: 0.060000 Type: Enclosure # 10 60 160 1 : 226.9400 200.6410 227.2200 201.1900 2     LEF Description:   ENCLOSURE ABOVE   0.010000 0.060000 ;
359	0x7f235e7687d0	{226.95 195.59 227.21 195.85}	VIA1	Geometry	Cut_Enclosure	Regular Wire of Net u_core_gen_pd_row[6].gen_pd_col[3].u_pd/n_13 Actual: 0.010000 Required: 0.060000 Type: Enclosure # 10 60 160 1 : 226.9400 195.5800 227.2200 195.8600 2     LEF Description:   ENCLOSURE ABOVE   0.010000 0.060000 ;
360	0x7f235e768890	{228.49 201.05 228.75 201.31}	VIA1	Geometry	Cut_Enclosure	Regular Wire of Net u_core_n_41714 Actual: 0.010000 Required: 0.060000 Type: Enclosure # 10 60 160 1 : 228.6200 201.0400 228.9000 201.4600 2     LEF Description:   ENCLOSURE ABOVE   0.010000 0.060000 ;
361	0x7f235e7688f0	{229.19 187.75 229.45 188.01}	VIA1	Geometry	Cut_Enclosure	Regular Wire of Net u_core_n_41714 Actual: 0.010000 Required: 0.060000 Type: Enclosure # 10 60 160 1 : 229.1800 187.7400 229.4600 188.2890 2     LEF Description:   ENCLOSURE ABOVE   0.010000 0.060000 ;
362	0x7f235e7689e0	{230.31 187.75 230.57 188.01}	VIA1	Geometry	Cut_Enclosure	Regular Wire of Net u_core_gen_pd_row[6].gen_pd_col[3].u_pd/n_5 Actual: 0.010000 Required: 0.060000 Type: Enclosure # 10 60 160 1 : 230.3000 187.7400 230.5800 188.2890 2     LEF Description:   ENCLOSURE ABOVE   0.010000 0.060000 ;
363	0x7f235e768ad0	{231.585 189.01 231.845 189.27}	VIA1	Geometry	Cut_Enclosure	Regular Wire of Net u_core_gen_pd_row[6].gen_pd_col[3].u_pd/n_21 Actual: 0.010000 Required: 0.060000 Type: Enclosure # 10 60 160 1 : 231.4200 189.0000 231.7000 189.5490 2     LEF Description:   ENCLOSURE ABOVE   0.010000 0.060000 ;
364	0x7f235e75e050	{209.775 196.88 210.035 197.14}	VIA1	Geometry	Cut_Enclosure	Regular Wire of Net u_core_gen_pd_row[6].gen_pd_col[3].u_pd/FE_OCPN4989_u_core_pd_hit_level_51 Actual: 0.010000 Required: 0.060000 Type: Enclosure # 10 60 160 1 : 209.5800 196.6010 209.8600 197.1500 2     LEF Description:   ENCLOSURE ABOVE   0.010000 0.060000 ;
365	0x7f235e75e020	{199.885 196.88 200.145 197.14}	VIA1	Geometry	Cut_Enclosure	Regular Wire of Net u_core_fast_phase_raw[2] Actual: 0.010000 Required: 0.060000 Type: Enclosure # 10 60 160 1 : 200.0600 196.6010 200.3400 197.1500 2     LEF Description:   ENCLOSURE ABOVE   0.010000 0.060000 ;
366	0x7f23761d4aa0	{201.16 193.3 201.16 193.3}	METTP	Connectivity	ConnectivityAntenna	Net VDD
367	0x7f23761d48c0	{205.16 193.3 205.16 193.3}	METTP	Connectivity	ConnectivityAntenna	Net VSS
368	0x7f235e75e080	{213.05 197.49 213.31 197.75}	VIA1	Geometry	Cut_Enclosure	Regular Wire of Net u_core_gen_pd_row[6].gen_pd_col[3].u_pd/FE_RN_1 Actual: 0.010000 Required: 0.060000 Type: Enclosure # 10 60 160 1 : 212.9400 197.2600 213.2200 197.7600 2     LEF Description:   ENCLOSURE ABOVE   0.010000 0.060000 ;
369	0x7f235e75e7d0	{200.07 196.15 200.33 196.41}	VIA2	Geometry	Cut_Enclosure	Regular Wire of Net u_core_fast_phase_raw[2] Actual: 0.010000 Required: 0.060000 Type: Enclosure # 10 60 160 1 : 200.0600 196.1400 200.3400 196.6890 2     LEF Description:   ENCLOSURE BELOW   0.010000 0.060000 ;
370	0x7f235e75e800	{209.59 196.15 209.85 196.41}	VIA2	Geometry	Cut_Enclosure	Regular Wire of Net u_core_gen_pd_row[6].gen_pd_col[3].u_pd/FE_OCPN4989_u_core_pd_hit_level_51 Actual: 0.010000 Required: 0.060000 Type: Enclosure # 10 60 160 1 : 209.5800 196.1400 209.8600 196.6890 2     LEF Description:   ENCLOSURE BELOW   0.010000 0.060000 ;
371	0x7f235e75e830	{212.95 197.27 213.21 197.53}	VIA2	Geometry	Cut_Enclosure	Regular Wire of Net u_core_gen_pd_row[6].gen_pd_col[3].u_pd/FE_RN_1 Actual: 0.010000 Required: 0.060000 Type: Enclosure # 10 60 160 1 : 212.9400 197.2600 213.2200 197.7600 2     LEF Description:   ENCLOSURE BELOW   0.010000 0.060000 ;
372	0x7f235e75f4c0	{199.885 196.88 200.145 197.14}	MET2	Geometry	Wire_Extension	Regular Wire of Net u_core_fast_phase_raw[2] Actual: 0.140000 Required: 0.190000 Type: Wire Extension # 140 190 96 1 : 199.8850 196.8800 200.1450 197.1400 34     LEF Description:  WIREEXTENSION 0.190000 ; 
373	0x7f235e75f4f0	{200.07 196.15 200.33 196.41}	MET2	Geometry	Wire_Extension	Regular Wire of Net u_core_fast_phase_raw[2] Actual: 0.140000 Required: 0.190000 Type: Wire Extension # 140 190 96 1 : 200.0700 196.1500 200.3300 196.4100 35     LEF Description:  WIREEXTENSION 0.190000 ; 
374	0x7f235e75f520	{209.59 196.15 209.85 196.41}	MET2	Geometry	Wire_Extension	Regular Wire of Net u_core_gen_pd_row[6].gen_pd_col[3].u_pd/FE_OCPN4989_u_core_pd_hit_level_51 Actual: 0.140000 Required: 0.190000 Type: Wire Extension # 140 190 96 1 : 209.5900 196.1500 209.8500 196.4100 35     LEF Description:  WIREEXTENSION 0.190000 ; 
375	0x7f235e75f550	{209.775 196.88 210.035 197.14}	MET2	Geometry	Wire_Extension	Regular Wire of Net u_core_gen_pd_row[6].gen_pd_col[3].u_pd/FE_OCPN4989_u_core_pd_hit_level_51 Actual: 0.140000 Required: 0.190000 Type: Wire Extension # 140 190 96 1 : 209.7750 196.8800 210.0350 197.1400 34     LEF Description:  WIREEXTENSION 0.190000 ; 
376	0x7f235e75f580	{213.04 197.48 213.21 197.53}	MET2	Geometry	Wire_Extension	Regular Wire of Net u_core_gen_pd_row[6].gen_pd_col[3].u_pd/FE_RN_1 Actual: 0.140000 Required: 0.190000 Type: Wire Extension # 140 190 96 1 : 212.9500 197.2700 213.2100 197.5300 35     LEF Description:  WIREEXTENSION 0.190000 ; 
377	0x7f235e75f5b0	{213.05 197.49 213.31 197.75}	MET2	Geometry	Wire_Extension	Regular Wire of Net u_core_gen_pd_row[6].gen_pd_col[3].u_pd/FE_RN_1 Actual: 0.140000 Required: 0.190000 Type: Wire Extension # 140 190 96 1 : 213.0500 197.4900 213.3100 197.7500 34     LEF Description:  WIREEXTENSION 0.190000 ; 
378	0x7f235e75f7c0	{212.94 197.48 213.32 197.76}	MET2	Geometry	Minimal_Area	Regular Wire of Net u_core_gen_pd_row[6].gen_pd_col[3].u_pd/FE_RN_1 Actual: 0.16800000 Required: 0.20200000 Type: Minimum Area # 168000 202000 64 1 : 212.9400 197.2600 213.2200 197.7600 2     LEF Description:  AREA 0.202000 ; 
379	0x7f235e75fdc0	{203.98 188.63 204.26 190.9}	MET2	Geometry	Metal_Short	Regular Wire of Net u_core_fast_phase_raw[6] & Blockage of Cell u_core_u_osc_fast_u_ro_tune4 Type: Metal Short # -1 -1 9 2 : 203.8400 188.4900 204.4000 191.0400 2: 203.8400 188.4900 204.4000 191.0400 2
380	0x7f235e75feb0	{212.94 197.26 214.34 197.54}	MET3	Geometry	Metal_Short	Regular Wire of Net u_core_fast_phase[3] & Regular Wire of Net u_core_gen_pd_row[6].gen_pd_col[3].u_pd/FE_RN_1 Type: Metal Short # -1 -1 9 2 : 212.9400 197.2600 214.3400 197.5400 3: 212.9400 197.2600 214.3400 197.5400 3
381	0x7f235e7683e0	{203.71 187.93 203.98 190.9}	MET2	Geometry	Parallel_Run_Length_Spacing	Regular Wire of Net u_core_fast_phase_raw[6] & Blockage of Cell u_core_u_osc_fast_u_ro_tune4 Actual: 0.270000 Required: 0.280000 Type: ParallelRunLength Spacing # 270 280 3 2 : 188.6050 120.4000 203.7100 190.9000 2: 203.9800 187.9300 203.9900 191.1800 2     LEF Description:  SPACING 0.280000 
382	0x7f235e768500	{214.07 195.59 214.33 195.85}	VIA1	Geometry	Cut_Enclosure	Regular Wire of Net u_core_gen_pd_row[6].gen_pd_col[3].u_pd/FE_OCPN4989_u_core_pd_hit_level_51 Actual: 0.010000 Required: 0.060000 Type: Enclosure # 10 60 160 1 : 214.0600 195.5800 214.3400 196.1290 2     LEF Description:   ENCLOSURE ABOVE   0.010000 0.060000 ;
383	0x7f235e768530	{214.77 200.975 215.03 201.235}	VIA1	Geometry	Cut_Enclosure	Regular Wire of Net FE_DBTN31_u_core_pd_hit_level_51 Actual: 0.010000 Required: 0.060000 Type: Enclosure # 10 60 160 1 : 214.6200 200.9650 214.9000 201.5140 2     LEF Description:   ENCLOSURE ABOVE   0.010000 0.060000 ;
384	0x7f235e7688c0	{229.05 173.57 229.31 173.83}	VIA1	Geometry	Cut_Enclosure	Regular Wire of Net u_core_gen_pd_row[6].gen_pd_col[2].u_pd/n_30 Actual: 0.010000 Required: 0.060000 Type: Enclosure # 10 60 160 1 : 229.1800 173.2910 229.4600 173.8400 2     LEF Description:   ENCLOSURE ABOVE   0.010000 0.060000 ;
385	0x7f235e768920	{229.33 179.49 229.59 179.75}	VIA1	Geometry	Cut_Enclosure	Regular Wire of Net u_core_n_41714 Actual: 0.010000 Required: 0.060000 Type: Enclosure # 10 60 160 1 : 229.1800 179.4800 229.4600 180.0290 2     LEF Description:   ENCLOSURE ABOVE   0.010000 0.060000 ;
386	0x7f235e768950	{229.75 178.79 230.01 179.05}	VIA1	Geometry	Cut_Enclosure	Regular Wire of Net u_core_gen_pd_row[6].gen_pd_col[2].u_pd/q1 Actual: 0.010000 Required: 0.060000 Type: Enclosure # 10 60 160 1 : 229.7400 178.7800 230.0200 179.3290 2     LEF Description:   ENCLOSURE ABOVE   0.010000 0.060000 ;
387	0x7f235e7689b0	{230.31 175.43 230.57 175.69}	VIA1	Geometry	Cut_Enclosure	Regular Wire of Net FE_DBTN30_u_core_pd_hit_level_50 Actual: 0.010000 Required: 0.060000 Type: Enclosure # 10 60 160 1 : 230.3000 175.4200 230.5800 175.9690 2     LEF Description:   ENCLOSURE ABOVE   0.010000 0.060000 ;
388	0x7f235e768a40	{230.87 175.43 231.13 175.69}	VIA1	Geometry	Cut_Enclosure	Regular Wire of Net u_core_gen_pd_row[6].gen_pd_col[2].u_pd/q2 & Regular Wire of Net u_core_gen_pd_row[6].gen_pd_col[2].u_pd/n_19 Actual: 0.010000 Required: 0.060000 Type: Enclosure # 10 60 160 1 : 230.8600 175.4200 231.1400 175.7000 2     LEF Description:   ENCLOSURE ABOVE   0.010000 0.060000 ;
389	0x7f235e768a70	{231.01 179.62 231.27 179.88}	VIA1	Geometry	Cut_Enclosure	Regular Wire of Net u_core_gen_pd_row[6].gen_pd_col[2].u_pd/n_19 Actual: 0.010000 Required: 0.060000 Type: Enclosure # 10 60 160 1 : 230.8600 179.3410 231.1400 179.8900 2     LEF Description:   ENCLOSURE ABOVE   0.010000 0.060000 ;
390	0x7f235e768aa0	{231.57 183.055 231.83 183.315}	VIA1	Geometry	Cut_Enclosure	Regular Wire of Net FE_OCPN68668_u_core_pd_hit_level_50 Actual: 0.010000 Required: 0.060000 Type: Enclosure # 10 60 160 1 : 231.4200 182.7760 231.7000 183.3250 2     LEF Description:   ENCLOSURE ABOVE   0.010000 0.060000 ;
391	0x7f235e7684d0	{220.595 191.569 248.36 191.849}	MET3	Geometry	Off_Grid	Regular Wire of Net u_core_pd_hit_level[58] Type: Off Grid or Wrong Way # -1 -1 210 1 : 220.5950 191.5690 248.3600 191.5690 3
392	0x7f235e768b60	{231.99 174.87 232.25 175.13}	VIA1	Geometry	Cut_Enclosure	Regular Wire of Net u_core_gen_pd_row[6].gen_pd_col[2].u_pd/n_19 Actual: 0.010000 Required: 0.060000 Type: Enclosure # 10 60 160 1 : 231.9800 174.8600 232.2600 175.1400 2     LEF Description:   ENCLOSURE ABOVE   0.010000 0.060000 ;
393	0x7f235e768b90	{231.99 187.75 232.25 188.01}	VIA1	Geometry	Cut_Enclosure	Regular Wire of Net u_core_gen_pd_row[6].gen_pd_col[3].u_pd/n_13 Actual: 0.010000 Required: 0.060000 Type: Enclosure # 10 60 160 1 : 231.9800 187.7400 232.2600 188.2890 2     LEF Description:   ENCLOSURE ABOVE   0.010000 0.060000 ;
394	0x7f235ca86500	{250.855 155.13 251.115 155.39}	VIA1	Geometry	Cut_Enclosure	Regular Wire of Net u_core_n_69588 Actual: 0.010000 Required: 0.060000 Type: Enclosure # 10 60 160 1 : 251.0200 155.1200 251.3000 155.5400 2     LEF Description:   ENCLOSURE ABOVE   0.010000 0.060000 ;
395	0x7f235ca86470	{250.05 165.135 250.31 165.395}	VIA1	Geometry	Cut_Enclosure	Regular Wire of Net FE_OCPN5023_u_core_pd_hit_level_58 Actual: 0.010000 Required: 0.060000 Type: Enclosure # 10 60 160 1 : 249.9000 165.1250 250.1800 165.6200 2     LEF Description:   ENCLOSURE ABOVE   0.010000 0.060000 ;
396	0x7f235ca86410	{249.86 155.69 250.12 155.95}	VIA1	Geometry	Cut_Enclosure	Regular Wire of Net n_4915 Actual: 0.010000 Required: 0.060000 Type: Enclosure # 10 60 160 1 : 249.9000 155.6800 250.1800 156.1000 2     LEF Description:   ENCLOSURE ABOVE   0.010000 0.060000 ;
397	0x7f235ca86320	{249.35 155.27 249.61 155.53}	VIA1	Geometry	Cut_Enclosure	Regular Wire of Net u_core_n_69600 Actual: 0.010000 Required: 0.060000 Type: Enclosure # 10 60 160 1 : 249.3400 154.9910 249.6200 155.5400 2     LEF Description:   ENCLOSURE ABOVE   0.010000 0.060000 ;
398	0x7f235ca866b0	{252.01 156.22 252.27 156.48}	VIA1	Geometry	Cut_Enclosure	Regular Wire of Net FE_OFN4928_hit_latched_41 Actual: 0.010000 Required: 0.060000 Type: Enclosure # 10 60 160 1 : 252.1400 156.2100 252.4200 156.7590 2     LEF Description:   ENCLOSURE ABOVE   0.010000 0.060000 ;
399	0x7f235ca86770	{253.27 155.27 253.53 155.53}	VIA1	Geometry	Cut_Enclosure	Regular Wire of Net FE_OCPN68705_u_core_pd_hit_level_48 Actual: 0.010000 Required: 0.060000 Type: Enclosure # 10 60 160 1 : 253.2600 155.2600 253.5400 155.5400 2     LEF Description:   ENCLOSURE ABOVE   0.010000 0.060000 ;
400	0x7f235ca867a0	{253.27 160.87 253.53 161.13}	VIA1	Geometry	Cut_Enclosure	Regular Wire of Net FE_OFN4928_hit_latched_41 Actual: 0.010000 Required: 0.060000 Type: Enclosure # 10 60 160 1 : 253.2600 160.5910 253.5400 161.1400 2     LEF Description:   ENCLOSURE ABOVE   0.010000 0.060000 ;
401	0x7f235ca86b90	{255.51 160.87 255.77 161.13}	VIA1	Geometry	Cut_Enclosure	Regular Wire of Net FE_OFN201_u_core_pd_hit_level_55 Actual: 0.010000 Required: 0.060000 Type: Enclosure # 10 60 160 1 : 255.5000 160.5910 255.7800 161.1400 2     LEF Description:   ENCLOSURE ABOVE   0.010000 0.060000 ;
402	0x7f235ca87010	{258.12 153.65 258.38 153.91}	VIA1	Geometry	Cut_Enclosure	Regular Wire of Net u_core_n_63924 Actual: 0.010000 Required: 0.060000 Type: Enclosure # 10 60 160 1 : 258.3000 153.3710 258.5800 153.9200 2     LEF Description:   ENCLOSURE ABOVE   0.010000 0.060000 ;
403	0x7f235ca873a0	{259.57 161.645 259.83 161.905}	VIA1	Geometry	Cut_Enclosure	Regular Wire of Net n_4925 Actual: 0.010000 Required: 0.060000 Type: Enclosure # 10 60 160 1 : 259.4200 161.3660 259.7000 161.9150 2     LEF Description:   ENCLOSURE ABOVE   0.010000 0.060000 ;
404	0x7f235ca87850	{261.67 156.95 261.93 157.21}	VIA1	Geometry	Cut_Enclosure	Regular Wire of Net u_core_n_58998 Actual: 0.010000 Required: 0.060000 Type: Enclosure # 10 60 160 1 : 261.6600 156.6710 261.9400 157.2200 2     LEF Description:   ENCLOSURE ABOVE   0.010000 0.060000 ;
405	0x7f235ca879a0	{262.42 165.74 262.68 166.0}	VIA1	Geometry	Cut_Enclosure	Regular Wire of Net FE_OCPN5023_u_core_pd_hit_level_58 Actual: 0.010000 Required: 0.060000 Type: Enclosure # 10 60 160 1 : 262.2200 165.4610 262.5000 166.0100 2     LEF Description:   ENCLOSURE ABOVE   0.010000 0.060000 ;
406	0x7f235ca87a00	{262.6 155.21 262.86 155.47}	VIA1	Geometry	Cut_Enclosure	Regular Wire of Net n_4925 & Regular Wire of Net u_core_n_58376 Actual: 0.010000 Required: 0.060000 Type: Enclosure # 10 60 160 1 : 262.7800 155.2000 263.0600 155.5400 2     LEF Description:   ENCLOSURE ABOVE   0.010000 0.060000 ;
407	0x7f235ca87b20	{262.79 160.87 263.05 161.13}	VIA1	Geometry	Cut_Enclosure	Regular Wire of Net u_core_n_58232 Actual: 0.010000 Required: 0.060000 Type: Enclosure # 10 60 160 1 : 262.7800 160.8600 263.0600 161.1400 2     LEF Description:   ENCLOSURE ABOVE   0.010000 0.060000 ;
408	0x7f235ca87b50	{263.21 157.3 263.47 157.56}	VIA1	Geometry	Cut_Enclosure	Regular Wire of Net u_core_n_58232 Actual: 0.010000 Required: 0.060000 Type: Enclosure # 10 60 160 1 : 263.3400 157.2900 263.6200 157.8390 2     LEF Description:   ENCLOSURE ABOVE   0.010000 0.060000 ;
409	0x7f235ca87be0	{263.35 162.55 263.61 162.81}	VIA1	Geometry	Cut_Enclosure	Regular Wire of Net u_core_n_58376 Actual: 0.010000 Required: 0.060000 Type: Enclosure # 10 60 160 1 : 263.3400 162.5400 263.6200 162.8200 2     LEF Description:   ENCLOSURE ABOVE   0.010000 0.060000 ;
410	0x7f235ca87df0	{264.05 165.135 264.31 165.395}	VIA1	Geometry	Cut_Enclosure	Regular Wire of Net u_core_n_69593 Actual: 0.010000 Required: 0.060000 Type: Enclosure # 10 60 160 1 : 263.9000 165.1250 264.1800 165.6200 2     LEF Description:   ENCLOSURE ABOVE   0.010000 0.060000 ;
411	0x7f235ca87e20	{264.085 161.22 264.345 161.48}	VIA1	Geometry	Cut_Enclosure	Regular Wire of Net u_core_n_62399 Actual: 0.010000 Required: 0.060000 Type: Enclosure # 10 60 160 1 : 263.9000 161.2100 264.1800 161.7000 2     LEF Description:   ENCLOSURE ABOVE   0.010000 0.060000 ;
412	0x7f235ca86200	{248.23 165.91 248.49 166.17}	VIA1	Geometry	Cut_Enclosure	Regular Wire of Net u_core_pd_hit_level[58] Actual: 0.010000 Required: 0.060000 Type: Enclosure # 10 60 160 1 : 248.2200 165.9000 248.5000 166.4490 2     LEF Description:   ENCLOSURE ABOVE   0.010000 0.060000 ;
413	0x7f235ca86170	{248.09 156.245 248.35 156.505}	VIA1	Geometry	Cut_Enclosure	Regular Wire of Net FE_OFN223_hit_latched_41 Actual: 0.010000 Required: 0.060000 Type: Enclosure # 10 60 160 1 : 248.2200 155.9660 248.5000 156.5150 2     LEF Description:   ENCLOSURE ABOVE   0.010000 0.060000 ;
414	0x7f235ca860e0	{247.53 156.78 247.79 157.04}	VIA1	Geometry	Cut_Enclosure	Regular Wire of Net FE_OFN201_u_core_pd_hit_level_55 Actual: 0.010000 Required: 0.060000 Type: Enclosure # 10 60 160 1 : 247.6600 156.7700 247.9400 157.2200 2     LEF Description:   ENCLOSURE ABOVE   0.010000 0.060000 ;
415	0x7f235ca860b0	{247.25 156.25 247.51 156.51}	VIA1	Geometry	Cut_Enclosure	Regular Wire of Net u_core_n_58998 Actual: 0.010000 Required: 0.060000 Type: Enclosure # 10 60 160 1 : 247.1000 156.2400 247.3800 156.6600 2     LEF Description:   ENCLOSURE ABOVE   0.010000 0.060000 ;
416	0x7f235ca86020	{246.97 153.17 247.23 153.43}	VIA1	Geometry	Cut_Enclosure	Regular Wire of Net u_core_n_67705 Actual: 0.010000 Required: 0.060000 Type: Enclosure # 10 60 160 1 : 247.1000 152.8910 247.3800 153.4400 2     LEF Description:   ENCLOSURE ABOVE   0.010000 0.060000 ;
417	0x7f235e769cd0	{245.01 152.685 245.27 152.945}	VIA1	Geometry	Cut_Enclosure	Regular Wire of Net u_core_n_64848 Actual: 0.010000 Required: 0.060000 Type: Enclosure # 10 60 160 1 : 244.8600 152.6750 245.1400 153.2240 2     LEF Description:   ENCLOSURE ABOVE   0.010000 0.060000 ;
418	0x7f235e769ca0	{244.87 160.31 245.13 160.57}	VIA1	Geometry	Cut_Enclosure	Regular Wire of Net u_core_n_64848 Actual: 0.010000 Required: 0.060000 Type: Enclosure # 10 60 160 1 : 244.8600 160.3000 245.1400 160.5800 2     LEF Description:   ENCLOSURE ABOVE   0.010000 0.060000 ;
419	0x7f235e769be0	{244.45 162.13 244.71 162.39}	VIA1	Geometry	Cut_Enclosure	Regular Wire of Net u_core_n_62399 & Regular Wire of Net FE_OFN201_u_core_pd_hit_level_55 Actual: 0.010000 Required: 0.060000 Type: Enclosure # 10 60 160 1 : 244.3000 161.8510 244.5800 162.4000 2     LEF Description:   ENCLOSURE ABOVE   0.010000 0.060000 ;
420	0x7f235e769a90	{243.895 155.66 244.155 155.92}	VIA1	Geometry	Cut_Enclosure	Regular Wire of Net u_core_n_64848 Actual: 0.010000 Required: 0.060000 Type: Enclosure # 10 60 160 1 : 243.7400 155.6500 244.0200 156.1000 2     LEF Description:   ENCLOSURE ABOVE   0.010000 0.060000 ;
421	0x7f235e769a00	{243.75 160.87 244.01 161.13}	VIA1	Geometry	Cut_Enclosure	Regular Wire of Net u_core_n_69588 Actual: 0.010000 Required: 0.060000 Type: Enclosure # 10 60 160 1 : 243.7400 160.8600 244.0200 161.1400 2     LEF Description:   ENCLOSURE ABOVE   0.010000 0.060000 ;
422	0x7f235e769760	{241.8 156.76 242.06 157.02}	VIA1	Geometry	Cut_Enclosure	Regular Wire of Net FE_OCPN68668_u_core_pd_hit_level_50 Actual: 0.010000 Required: 0.060000 Type: Enclosure # 10 60 160 1 : 241.7900 156.7500 242.3390 157.0300 2     LEF Description:   ENCLOSURE ABOVE   0.010000 0.060000 ;
423	0x7f235e7696d0	{241.12 161.645 241.38 161.905}	VIA1	Geometry	Cut_Enclosure	Regular Wire of Net FE_DBTN30_u_core_pd_hit_level_50 Actual: 0.010000 Required: 0.010000 Type: Enclosure # 10 10 160 1 : 240.9400 161.3660 241.2200 162.1840 2     LEF Description:   ENCLOSURE ABOVE   0.010000 0.060000 ;
424	0x7f235e769430	{238.57 166.285 238.83 166.545}	VIA1	Geometry	Cut_Enclosure	Regular Wire of Net u_core_pd_hit_level[50] Actual: 0.010000 Required: 0.010000 Type: Enclosure # 10 10 160 1 : 238.7000 166.0060 238.9800 166.8240 2     LEF Description:   ENCLOSURE ABOVE   0.010000 0.060000 ;
425	0x7f235e7693a0	{238.15 160.31 238.41 160.57}	VIA1	Geometry	Cut_Enclosure	Regular Wire of Net u_core_pd_hit_level[50] Actual: 0.010000 Required: 0.060000 Type: Enclosure # 10 60 160 1 : 238.1400 160.3000 238.4200 160.5800 2     LEF Description:   ENCLOSURE ABOVE   0.010000 0.060000 ;
426	0x7f235e769310	{237.59 167.03 237.85 167.29}	VIA1	Geometry	Cut_Enclosure	Regular Wire of Net u_core_gen_pd_row[6].gen_pd_col[2].u_pd/FE_OCPN4996_u_core_pd_hit_level_50 Actual: 0.010000 Required: 0.060000 Type: Enclosure # 10 60 160 1 : 237.5800 166.7510 237.8600 167.3000 2     LEF Description:   ENCLOSURE ABOVE   0.010000 0.060000 ;
427	0x7f235e769250	{237.17 161.645 237.43 161.905}	VIA1	Geometry	Cut_Enclosure	Regular Wire of Net u_core_n_69588 Actual: 0.010000 Required: 0.060000 Type: Enclosure # 10 60 160 1 : 237.0200 161.3660 237.3000 161.9150 2     LEF Description:   ENCLOSURE ABOVE   0.010000 0.060000 ;
428	0x7f235e7691c0	{237.03 160.31 237.29 160.57}	VIA1	Geometry	Cut_Enclosure	Regular Wire of Net FE_OFN48246_FE_OCPN4989_u_core_pd_hit_level_51 Actual: 0.010000 Required: 0.060000 Type: Enclosure # 10 60 160 1 : 237.0200 160.3000 237.3000 160.8490 2     LEF Description:   ENCLOSURE ABOVE   0.010000 0.060000 ;
429	0x7f235e768f80	{235.54 161.04 235.8 161.3}	VIA1	Geometry	Cut_Enclosure	Regular Wire of Net u_core_pd_hit_level[50] Actual: 0.010000 Required: 0.060000 Type: Enclosure # 10 60 160 1 : 235.3400 160.8600 235.6200 161.3100 2     LEF Description:   ENCLOSURE ABOVE   0.010000 0.060000 ;
430	0x7f235e768e00	{234.37 156.175 234.63 156.435}	VIA1	Geometry	Cut_Enclosure	Regular Wire of Net u_core_n_69600 Actual: 0.010000 Required: 0.060000 Type: Enclosure # 10 60 160 1 : 234.2200 156.1650 234.5000 156.6600 2     LEF Description:   ENCLOSURE ABOVE   0.010000 0.060000 ;
431	0x7f235e768d70	{233.81 161.645 234.07 161.905}	VIA1	Geometry	Cut_Enclosure	Regular Wire of Net FE_OFN48246_FE_OCPN4989_u_core_pd_hit_level_51 Actual: 0.010000 Required: 0.060000 Type: Enclosure # 10 60 160 1 : 233.6600 161.6350 233.9400 162.1840 2     LEF Description:   ENCLOSURE ABOVE   0.010000 0.060000 ;
432	0x7f235e768c80	{233.11 156.95 233.37 157.21}	VIA1	Geometry	Cut_Enclosure	Regular Wire of Net u_core_pd_hit_level[53] Actual: 0.010000 Required: 0.060000 Type: Enclosure # 10 60 160 1 : 233.1000 156.9400 233.3800 157.2200 2     LEF Description:   ENCLOSURE ABOVE   0.010000 0.060000 ;
433	0x7f235e768bf0	{232.55 160.87 232.81 161.13}	VIA1	Geometry	Cut_Enclosure	Regular Wire of Net FE_DBTN31_u_core_pd_hit_level_51 Actual: 0.010000 Required: 0.060000 Type: Enclosure # 10 60 160 1 : 232.5400 160.8600 232.8200 161.4090 2     LEF Description:   ENCLOSURE ABOVE   0.010000 0.060000 ;
434	0x7f235e7697c0	{242.07 160.87 242.33 161.13}	VIA1	Geometry	Cut_Enclosure	Regular Wire of Net FE_DBTN30_u_core_pd_hit_level_50 Actual: 0.010000 Required: 0.060000 Type: Enclosure # 10 60 160 1 : 242.0600 160.8600 242.3400 161.1400 2     LEF Description:   ENCLOSURE ABOVE   0.010000 0.060000 ;
435	0x7f235e769820	{242.445 165.74 242.705 166.0}	VIA1	Geometry	Cut_Enclosure	Regular Wire of Net u_core_gen_pd_row[6].gen_pd_col[2].u_pd/FE_OCPN4996_u_core_pd_hit_level_50 Actual: 0.010000 Required: 0.060000 Type: Enclosure # 10 60 160 1 : 242.6200 165.7300 242.9000 166.2790 2     LEF Description:   ENCLOSURE ABOVE   0.010000 0.060000 ;
436	0x7f235e769940	{243.19 160.87 243.45 161.13}	VIA1	Geometry	Cut_Enclosure	Regular Wire of Net FE_DBTN31_u_core_pd_hit_level_51 Actual: 0.010000 Required: 0.060000 Type: Enclosure # 10 60 160 1 : 243.1800 160.8600 243.4600 161.4090 2     LEF Description:   ENCLOSURE ABOVE   0.010000 0.060000 ;
437	0x7f235e7699d0	{243.75 153.59 244.01 153.85}	VIA1	Geometry	Cut_Enclosure	Regular Wire of Net FE_OFN223_hit_latched_41 Actual: 0.010000 Required: 0.060000 Type: Enclosure # 10 60 160 1 : 243.7400 153.5800 244.0200 153.8600 2     LEF Description:   ENCLOSURE ABOVE   0.010000 0.060000 ;
438	0x7f235ca86bf0	{255.625 143.725 255.885 143.985}	VIA1	Geometry	Cut_Enclosure	Regular Wire of Net u_core_n_67120 Actual: 0.010000 Required: 0.060000 Type: Enclosure # 10 60 160 1 : 255.5000 143.5000 255.7800 143.9950 2     LEF Description:   ENCLOSURE ABOVE   0.010000 0.060000 ;
439	0x7f235ca86b60	{255.51 142.39 255.77 142.65}	VIA1	Geometry	Cut_Enclosure	Regular Wire of Net u_core_n_69049 Actual: 0.010000 Required: 0.060000 Type: Enclosure # 10 60 160 1 : 255.5000 142.3800 255.7800 142.9290 2     LEF Description:   ENCLOSURE ABOVE   0.010000 0.060000 ;
440	0x7f235ca86920	{253.83 151.91 254.09 152.17}	VIA1	Geometry	Cut_Enclosure	Regular Wire of Net FE_OFN4928_hit_latched_41 Actual: 0.010000 Required: 0.060000 Type: Enclosure # 10 60 160 1 : 253.8200 151.9000 254.1000 152.4490 2     LEF Description:   ENCLOSURE ABOVE   0.010000 0.060000 ;
441	0x7f235ca868f0	{253.83 142.95 254.09 143.21}	VIA1	Geometry	Cut_Enclosure	Regular Wire of Net FE_OFN55_FE_DBTN0_u_core_rst_sys_drain_n Actual: 0.010000 Required: 0.060000 Type: Enclosure # 10 60 160 1 : 253.8200 142.9400 254.1000 143.2200 2     LEF Description:   ENCLOSURE ABOVE   0.010000 0.060000 ;
442	0x7f235ca868c0	{253.83 139.03 254.09 139.29}	VIA1	Geometry	Cut_Enclosure	Regular Wire of Net u_core_n_67120 Actual: 0.010000 Required: 0.060000 Type: Enclosure # 10 60 160 1 : 253.8200 139.0200 254.1000 139.3000 2     LEF Description:   ENCLOSURE ABOVE   0.010000 0.060000 ;
443	0x7f235ca86680	{252.01 143.68 252.27 143.94}	VIA1	Geometry	Cut_Enclosure	Regular Wire of Net u_core_n_72446 & Regular Wire of Net u_core_hit_capture_snapshot[hit_level][54] Actual: 0.010000 Required: 0.060000 Type: Enclosure # 10 60 160 1 : 252.1400 143.5000 252.4200 143.9500 2     LEF Description:   ENCLOSURE ABOVE   0.010000 0.060000 ;
444	0x7f235ca86620	{251.59 143.51 251.85 143.77}	VIA1	Geometry	Cut_Enclosure	Regular Wire of Net FE_OFN4928_hit_latched_41 Actual: 0.010000 Required: 0.060000 Type: Enclosure # 10 60 160 1 : 251.5800 143.5000 251.8600 144.0490 2     LEF Description:   ENCLOSURE ABOVE   0.010000 0.060000 ;
445	0x7f235ca865f0	{251.59 140.15 251.85 140.41}	VIA1	Geometry	Cut_Enclosure	Regular Wire of Net u_core_hit_capture_snapshot[hit_level][54] Actual: 0.010000 Required: 0.060000 Type: Enclosure # 10 60 160 1 : 251.5800 140.1400 251.8600 140.4200 2     LEF Description:   ENCLOSURE ABOVE   0.010000 0.060000 ;
446	0x7f235ca864d0	{250.3 144.21 250.56 144.47}	VIA1	Geometry	Cut_Enclosure	Regular Wire of Net u_core_n_69013 Actual: 0.010000 Required: 0.060000 Type: Enclosure # 10 60 160 1 : 250.4600 144.0600 250.7400 144.4800 2     LEF Description:   ENCLOSURE ABOVE   0.010000 0.060000 ;
447	0x7f235ca863b0	{249.72 143.68 249.98 143.94}	VIA1	Geometry	Cut_Enclosure	Regular Wire of Net u_core_hit_capture_snapshot[hit_level][54] Actual: 0.010000 Required: 0.060000 Type: Enclosure # 10 60 160 1 : 249.9000 143.5000 250.1800 143.9500 2     LEF Description:   ENCLOSURE ABOVE   0.010000 0.060000 ;
448	0x7f235ca862f0	{249.35 151.91 249.61 152.17}	VIA1	Geometry	Cut_Enclosure	Regular Wire of Net u_core_n_69600 Actual: 0.010000 Required: 0.060000 Type: Enclosure # 10 60 160 1 : 249.3400 151.9000 249.6200 152.4490 2     LEF Description:   ENCLOSURE ABOVE   0.010000 0.060000 ;
449	0x7f235ca86c50	{255.83 151.49 256.09 151.75}	VIA1	Geometry	Cut_Enclosure	Regular Wire of Net u_core_n_63924 Actual: 0.010000 Required: 0.060000 Type: Enclosure # 10 60 160 1 : 256.0600 151.4800 256.3400 152.0290 2     LEF Description:   ENCLOSURE ABOVE   0.010000 0.060000 ;
450	0x7f235ca86ef0	{257.19 151.91 257.45 152.17}	VIA1	Geometry	Cut_Enclosure	Regular Wire of Net u_core_n_67705 Actual: 0.010000 Required: 0.060000 Type: Enclosure # 10 60 160 1 : 257.1800 151.9000 257.4600 152.4490 2     LEF Description:   ENCLOSURE ABOVE   0.010000 0.060000 ;
451	0x7f235ca86fb0	{257.75 142.95 258.01 143.21}	VIA1	Geometry	Cut_Enclosure	Regular Wire of Net u_core_n_72446 Actual: 0.010000 Required: 0.060000 Type: Enclosure # 10 60 160 1 : 257.7400 142.9400 258.0200 143.4890 2     LEF Description:   ENCLOSURE ABOVE   0.010000 0.060000 ;
452	0x7f235ca87130	{258.73 151.56 258.99 151.82}	VIA1	Geometry	Cut_Enclosure	Regular Wire of Net u_core_n_58377 Actual: 0.010000 Required: 0.060000 Type: Enclosure # 10 60 160 1 : 258.8600 151.5500 259.1400 152.0990 2     LEF Description:   ENCLOSURE ABOVE   0.010000 0.060000 ;
453	0x7f235ca871c0	{258.87 142.95 259.13 143.21}	VIA1	Geometry	Cut_Enclosure	Regular Wire of Net FE_OCPN68705_u_core_pd_hit_level_48 Actual: 0.010000 Required: 0.060000 Type: Enclosure # 10 60 160 1 : 258.8600 142.9400 259.1400 143.4890 2     LEF Description:   ENCLOSURE ABOVE   0.010000 0.060000 ;
454	0x7f235ca874f0	{260.145 144.21 260.405 144.47}	VIA1	Geometry	Cut_Enclosure	Regular Wire of Net u_core_n_69049 Actual: 0.010000 Required: 0.060000 Type: Enclosure # 10 60 160 1 : 259.9800 144.0600 260.2600 144.4800 2     LEF Description:   ENCLOSURE ABOVE   0.010000 0.060000 ;
455	0x7f235ca875e0	{260.55 142.95 260.81 143.21}	VIA1	Geometry	Cut_Enclosure	Regular Wire of Net u_core_hit_capture_snapshot[hit_level][48] Actual: 0.010000 Required: 0.060000 Type: Enclosure # 10 60 160 1 : 260.5400 142.6710 260.8200 143.2200 2     LEF Description:   ENCLOSURE ABOVE   0.010000 0.060000 ;
456	0x7f235ca879d0	{262.55 151.445 262.81 151.705}	VIA1	Geometry	Cut_Enclosure	Regular Wire of Net u_core_n_58376 Actual: 0.010000 Required: 0.060000 Type: Enclosure # 10 60 160 1 : 262.7800 151.4350 263.0600 151.9840 2     LEF Description:   ENCLOSURE ABOVE   0.010000 0.060000 ;
457	0x7f235ca87af0	{262.79 142.95 263.05 143.21}	VIA1	Geometry	Cut_Enclosure	Regular Wire of Net FE_OFN55_FE_DBTN0_u_core_rst_sys_drain_n Actual: 0.010000 Required: 0.060000 Type: Enclosure # 10 60 160 1 : 262.7800 142.9400 263.0600 143.2200 2     LEF Description:   ENCLOSURE ABOVE   0.010000 0.060000 ;
458	0x7f235ca87d30	{263.91 140.15 264.17 140.41}	VIA1	Geometry	Cut_Enclosure	Regular Wire of Net u_core_hit_capture_snapshot[hit_level][48] Actual: 0.010000 Required: 0.060000 Type: Enclosure # 10 60 160 1 : 263.9000 139.8710 264.1800 140.4200 2     LEF Description:   ENCLOSURE ABOVE   0.010000 0.060000 ;
459	0x7f235ca87e80	{264.47 142.39 264.73 142.65}	VIA1	Geometry	Cut_Enclosure	Regular Wire of Net u_core_n_69069 Actual: 0.010000 Required: 0.060000 Type: Enclosure # 10 60 160 1 : 264.4600 142.3800 264.7400 142.6600 2     LEF Description:   ENCLOSURE ABOVE   0.010000 0.060000 ;
460	0x7f235ca87eb0	{264.47 151.91 264.73 152.17}	VIA1	Geometry	Cut_Enclosure	Regular Wire of Net u_core_n_67609 Actual: 0.010000 Required: 0.060000 Type: Enclosure # 10 60 160 1 : 264.4600 151.9000 264.7400 152.4490 2     LEF Description:   ENCLOSURE ABOVE   0.010000 0.060000 ;
461	0x7f235ca87ee0	{264.585 143.725 264.845 143.985}	VIA1	Geometry	Cut_Enclosure	Regular Wire of Net u_core_n_67113 Actual: 0.010000 Required: 0.060000 Type: Enclosure # 10 60 160 1 : 264.4600 143.4460 264.7400 143.9950 2     LEF Description:   ENCLOSURE ABOVE   0.010000 0.060000 ;
462	0x7f235ca87f40	{264.61 147.26 264.87 147.52}	VIA1	Geometry	Cut_Enclosure	Regular Wire of Net u_core_n_72446 Actual: 0.010000 Required: 0.060000 Type: Enclosure # 10 60 160 1 : 264.4600 147.2500 264.7400 147.7000 2     LEF Description:   ENCLOSURE ABOVE   0.010000 0.060000 ;
463	0x7f235ca90050	{265.03 139.03 265.29 139.29}	VIA1	Geometry	Cut_Enclosure	Regular Wire of Net u_core_n_67113 Actual: 0.010000 Required: 0.060000 Type: Enclosure # 10 60 160 1 : 265.0200 139.0200 265.3000 139.3000 2     LEF Description:   ENCLOSURE ABOVE   0.010000 0.060000 ;
464	0x7f235ca90080	{265.03 147.43 265.29 147.69}	VIA1	Geometry	Cut_Enclosure	Regular Wire of Net FE_OFN48246_FE_OCPN4989_u_core_pd_hit_level_51 Actual: 0.010000 Required: 0.060000 Type: Enclosure # 10 60 160 1 : 265.0200 147.4200 265.3000 147.7000 2     LEF Description:   ENCLOSURE ABOVE   0.010000 0.060000 ;
465	0x7f235ca861d0	{248.23 151.91 248.49 152.17}	VIA1	Geometry	Cut_Enclosure	Regular Wire of Net FE_OFN223_hit_latched_41 Actual: 0.010000 Required: 0.060000 Type: Enclosure # 10 60 160 1 : 248.2200 151.9000 248.5000 152.4490 2     LEF Description:   ENCLOSURE ABOVE   0.010000 0.060000 ;
466	0x7f235ca86080	{247.11 142.95 247.37 143.21}	VIA1	Geometry	Cut_Enclosure	Regular Wire of Net FE_OFN55_FE_DBTN0_u_core_rst_sys_drain_n Actual: 0.010000 Required: 0.060000 Type: Enclosure # 10 60 160 1 : 247.1000 142.9400 247.3800 143.2200 2     LEF Description:   ENCLOSURE ABOVE   0.010000 0.060000 ;
467	0x7f235e769f10	{246.55 151.91 246.81 152.17}	VIA1	Geometry	Cut_Enclosure	Regular Wire of Net u_core_n_69580 Actual: 0.010000 Required: 0.060000 Type: Enclosure # 10 60 160 1 : 246.5400 151.6310 246.8200 152.1800 2     LEF Description:   ENCLOSURE ABOVE   0.010000 0.060000 ;
468	0x7f235e769dc0	{245.43 142.39 245.69 142.65}	VIA1	Geometry	Cut_Enclosure	Regular Wire of Net u_core_n_69013 Actual: 0.010000 Required: 0.060000 Type: Enclosure # 10 60 160 1 : 245.4200 142.3800 245.7000 142.9290 2     LEF Description:   ENCLOSURE ABOVE   0.010000 0.060000 ;
469	0x7f235e769d30	{245.315 143.725 245.575 143.985}	VIA1	Geometry	Cut_Enclosure	Regular Wire of Net u_core_n_67183 & Regular Wire of Net u_core_n_69013 Actual: 0.010000 Required: 0.060000 Type: Enclosure # 10 60 160 1 : 245.4200 143.7150 245.7000 144.2640 2     LEF Description:   ENCLOSURE ABOVE   0.010000 0.060000 ;
470	0x7f235e769790	{242.07 143.51 242.33 143.77}	VIA1	Geometry	Cut_Enclosure	Regular Wire of Net FE_OCPN68668_u_core_pd_hit_level_50 Actual: 0.010000 Required: 0.060000 Type: Enclosure # 10 60 160 1 : 242.0600 143.5000 242.3400 144.0490 2     LEF Description:   ENCLOSURE ABOVE   0.010000 0.060000 ;
471	0x7f235e769730	{241.51 139.03 241.77 139.29}	VIA1	Geometry	Cut_Enclosure	Regular Wire of Net u_core_n_67183 Actual: 0.010000 Required: 0.060000 Type: Enclosure # 10 60 160 1 : 241.5000 139.0200 241.7800 139.5690 2     LEF Description:   ENCLOSURE ABOVE   0.010000 0.060000 ;
472	0x7f235e7696a0	{240.95 151.91 241.21 152.17}	VIA1	Geometry	Cut_Enclosure	Regular Wire of Net u_core_n_69247 Actual: 0.010000 Required: 0.060000 Type: Enclosure # 10 60 160 1 : 240.9400 151.9000 241.2200 152.4490 2     LEF Description:   ENCLOSURE ABOVE   0.010000 0.060000 ;
473	0x7f235e769640	{240.78 144.21 241.04 144.47}	VIA1	Geometry	Cut_Enclosure	Regular Wire of Net u_core_n_69526 Actual: 0.010000 Required: 0.060000 Type: Enclosure # 10 60 160 1 : 240.9400 144.0600 241.2200 144.4800 2     LEF Description:   ENCLOSURE ABOVE   0.010000 0.060000 ;
474	0x7f235e7695e0	{240.2 143.68 240.46 143.94}	VIA1	Geometry	Cut_Enclosure	Regular Wire of Net u_core_hit_capture_snapshot[hit_level][50] Actual: 0.010000 Required: 0.060000 Type: Enclosure # 10 60 160 1 : 240.3800 143.4010 240.6600 143.9500 2     LEF Description:   ENCLOSURE ABOVE   0.010000 0.060000 ;
475	0x7f235e769520	{239.41 151.49 239.67 151.75}	VIA1	Geometry	Cut_Enclosure	Regular Wire of Net u_core_n_69247 Actual: 0.010000 Required: 0.060000 Type: Enclosure # 10 60 160 1 : 239.2600 151.4800 239.5400 152.0290 2     LEF Description:   ENCLOSURE ABOVE   0.010000 0.060000 ;
476	0x7f235e7694c0	{239.27 151.91 239.53 152.17}	VIA1	Geometry	Cut_Enclosure	Regular Wire of Net u_core_n_69600 & Regular Wire of Net u_core_n_69247 Actual: 0.010000 Required: 0.060000 Type: Enclosure # 10 60 160 1 : 239.2600 151.9000 239.5400 152.1800 2     LEF Description:   ENCLOSURE ABOVE   0.010000 0.060000 ;
477	0x7f235e7692e0	{237.59 151.91 237.85 152.17}	VIA1	Geometry	Cut_Enclosure	Regular Wire of Net u_core_n_69580 Actual: 0.010000 Required: 0.060000 Type: Enclosure # 10 60 160 1 : 237.5800 151.6310 237.8600 152.1800 2     LEF Description:   ENCLOSURE ABOVE   0.010000 0.060000 ;
478	0x7f235e7692b0	{237.59 142.95 237.85 143.21}	VIA1	Geometry	Cut_Enclosure	Regular Wire of Net FE_OFN55_FE_DBTN0_u_core_rst_sys_drain_n Actual: 0.010000 Required: 0.060000 Type: Enclosure # 10 60 160 1 : 237.5800 142.9400 237.8600 143.2200 2     LEF Description:   ENCLOSURE ABOVE   0.010000 0.060000 ;
479	0x7f235e769130	{236.61 148.41 236.87 148.67}	VIA1	Geometry	Cut_Enclosure	Regular Wire of Net u_core_n_69580 Actual: 0.010000 Required: 0.060000 Type: Enclosure # 10 60 160 1 : 236.4600 148.4000 236.7400 148.8200 2     LEF Description:   ENCLOSURE ABOVE   0.010000 0.060000 ;
480	0x7f235e7690a0	{236.47 147.99 236.73 148.25}	VIA1	Geometry	Cut_Enclosure	Regular Wire of Net FE_OFN48227_u_core_pd_hit_level_49 Actual: 0.010000 Required: 0.060000 Type: Enclosure # 10 60 160 1 : 236.4600 147.9800 236.7400 148.2600 2     LEF Description:   ENCLOSURE ABOVE   0.010000 0.060000 ;
481	0x7f235e768fe0	{235.91 142.39 236.17 142.65}	VIA1	Geometry	Cut_Enclosure	Regular Wire of Net u_core_n_69526 Actual: 0.010000 Required: 0.060000 Type: Enclosure # 10 60 160 1 : 235.9000 142.3800 236.1800 142.9290 2     LEF Description:   ENCLOSURE ABOVE   0.010000 0.060000 ;
482	0x7f235e768fb0	{235.795 143.725 236.055 143.985}	VIA1	Geometry	Cut_Enclosure	Regular Wire of Net u_core_n_67635 & Regular Wire of Net u_core_n_69526 Actual: 0.010000 Required: 0.060000 Type: Enclosure # 10 60 160 1 : 235.9000 143.5000 236.1800 143.9950 2     LEF Description:   ENCLOSURE ABOVE   0.010000 0.060000 ;
483	0x7f235e769850	{242.49 143.68 242.75 143.94}	VIA1	Geometry	Cut_Enclosure	Regular Wire of Net u_core_n_72446 Actual: 0.010000 Required: 0.060000 Type: Enclosure # 10 60 160 1 : 242.6200 143.5000 242.9000 143.9500 2     LEF Description:   ENCLOSURE ABOVE   0.010000 0.060000 ;
484	0x7f235e768980	{230.31 139.03 230.57 139.29}	VIA1	Geometry	Cut_Enclosure	Regular Wire of Net u_core_n_67635 Actual: 0.010000 Required: 0.060000 Type: Enclosure # 10 60 160 1 : 230.3000 139.0200 230.5800 139.5690 2     LEF Description:   ENCLOSURE ABOVE   0.010000 0.060000 ;
485	0x7f235e768800	{227.51 165.35 227.77 165.61}	VIA1	Geometry	Cut_Enclosure	Regular Wire of Net u_core_gen_pd_row[6].gen_pd_col[2].u_pd/n_20 Actual: 0.010000 Required: 0.060000 Type: Enclosure # 10 60 160 1 : 227.5000 165.3400 227.7800 165.6200 2     LEF Description:   ENCLOSURE ABOVE   0.010000 0.060000 ;
486	0x7f235e7686e0	{225.44 165.59 225.7 165.85}	VIA1	Geometry	Cut_Enclosure	Regular Wire of Net u_core_gen_pd_row[6].gen_pd_col[2].u_pd/n_30 Actual: 0.010000 Required: 0.060000 Type: Enclosure # 10 60 160 1 : 225.2600 165.5800 225.5400 166.1290 2     LEF Description:   ENCLOSURE ABOVE   0.010000 0.060000 ;
487	0x7f235e768b00	{231.99 157.51 232.25 157.77}	VIA1	Geometry	Cut_Enclosure	Regular Wire of Net FE_OFN48227_u_core_pd_hit_level_49 Actual: 0.010000 Required: 0.060000 Type: Enclosure # 10 60 160 1 : 231.9800 157.5000 232.2600 157.7800 2     LEF Description:   ENCLOSURE ABOVE   0.010000 0.060000 ;
488	0x7f235e768b30	{231.99 165.35 232.25 165.61}	VIA1	Geometry	Cut_Enclosure	Regular Wire of Net u_core_fast_phase[2] Actual: 0.010000 Required: 0.060000 Type: Enclosure # 10 60 160 1 : 231.9800 165.3400 232.2600 165.8890 2     LEF Description:   ENCLOSURE ABOVE   0.010000 0.060000 ;
489	0x7f235e768c20	{232.55 168.71 232.81 168.97}	VIA1	Geometry	Cut_Enclosure	Regular Wire of Net u_core_gen_pd_row[6].gen_pd_col[2].u_pd/n_5 & Regular Wire of Net FE_DBTN31_u_core_pd_hit_level_51 Actual: 0.010000 Required: 0.060000 Type: Enclosure # 10 60 160 1 : 232.5400 168.7000 232.8200 168.9800 2     LEF Description:   ENCLOSURE ABOVE   0.010000 0.060000 ;
490	0x7f235e7683b0	{195.86 196.325 196.0 196.605}	MET2	Geometry	Parallel_Run_Length_Spacing	Regular Wire of Net u_core_u_phase_buf_fast/gen_phase_buf[2].iso_tap Actual: 0.140000 Required: 0.280000 Type: ParallelRunLength Spacing # 140 280 3 2 : 195.5800 196.3250 195.8600 196.6050 2: 196.0000 196.3250 196.2800 196.6050 2     LEF Description:  SPACING 0.280000 
491	0x7f235e768380	{195.41 197.48 195.58 197.76}	MET2	Geometry	Parallel_Run_Length_Spacing	Regular Wire of Net u_core_fast_phase[3] & Regular Wire of Net u_core_u_phase_buf_fast/gen_phase_buf[2].iso_tap Actual: 0.170000 Required: 0.280000 Type: ParallelRunLength Spacing # 170 280 3 2 : 195.1300 197.4800 195.4100 197.7600 2: 195.5800 197.4800 195.8600 197.7600 2     LEF Description:  SPACING 0.280000 
492	0x7f235e75fe80	{195.58 196.14 196.42 196.42}	MET3	Geometry	Metal_Short	Regular Wire of Net u_core_u_phase_buf_fast/gen_phase_buf[2].iso_tap & Regular Wire of Net u_core_fast_phase_raw[2] Type: Metal Short # -1 -1 9 2 : 195.5800 196.1400 196.4200 196.4200 3: 195.5800 196.1400 196.4200 196.4200 3
493	0x7f235e75f790	{196.0 196.325 196.42 196.605}	MET2	Geometry	Minimal_Area	Regular Wire of Net u_core_u_phase_buf_fast/gen_phase_buf[2].iso_tap Actual: 0.16940000 Required: 0.20200000 Type: Minimum Area # 169400 202000 64 1 : 196.1400 196.1400 196.4200 196.6050 2     LEF Description:  AREA 0.202000 ; 
494	0x7f235e75f760	{195.02 197.48 195.41 197.76}	MET2	Geometry	Minimal_Area	Regular Wire of Net u_core_fast_phase[3] Actual: 0.17080000 Required: 0.20200000 Type: Minimum Area # 170800 202000 64 1 : 195.0200 197.2600 195.3000 197.7600 2     LEF Description:  AREA 0.202000 ; 
495	0x7f235e75f730	{183.075 201.57 183.54 201.85}	MET2	Geometry	Minimal_Area	Regular Wire of Net u_core_fast_phase_raw[7] Actual: 0.17780000 Required: 0.20200000 Type: Minimum Area # 177800 202000 64 1 : 183.2600 201.5700 183.5400 202.0200 2     LEF Description:  AREA 0.202000 ; 
496	0x7f235e75f490	{196.15 196.325 196.28 196.41}	MET2	Geometry	Wire_Extension	Regular Wire of Net u_core_u_phase_buf_fast/gen_phase_buf[2].iso_tap Actual: 0.140000 Required: 0.190000 Type: Wire Extension # 140 190 96 1 : 196.1500 196.1500 196.4100 196.4100 35     LEF Description:  WIREEXTENSION 0.190000 ; 
497	0x7f235e75f430	{195.59 196.15 195.85 196.41}	MET2	Geometry	Wire_Extension	Regular Wire of Net u_core_u_phase_buf_fast/gen_phase_buf[2].iso_tap Actual: 0.140000 Required: 0.190000 Type: Wire Extension # 140 190 96 1 : 195.5900 196.1500 195.8500 196.4100 35     LEF Description:  WIREEXTENSION 0.190000 ; 
498	0x7f235e75f400	{195.14 197.49 195.4 197.75}	MET2	Geometry	Wire_Extension	Regular Wire of Net u_core_fast_phase[3] Actual: 0.140000 Required: 0.190000 Type: Wire Extension # 140 190 96 1 : 195.1400 197.4900 195.4000 197.7500 34     LEF Description:  WIREEXTENSION 0.190000 ; 
499	0x7f235e75f3d0	{195.13 197.48 195.29 197.53}	MET2	Geometry	Wire_Extension	Regular Wire of Net u_core_fast_phase[3] Actual: 0.140000 Required: 0.190000 Type: Wire Extension # 140 190 96 1 : 195.0300 197.2700 195.2900 197.5300 35     LEF Description:  WIREEXTENSION 0.190000 ; 
500	0x7f235e75f3a0	{187.75 196.15 188.01 196.41}	MET2	Geometry	Wire_Extension	Regular Wire of Net u_core_fast_phase_raw[2] Actual: 0.140000 Required: 0.190000 Type: Wire Extension # 140 190 96 1 : 187.7500 196.1500 188.0100 196.4100 35     LEF Description:  WIREEXTENSION 0.190000 ; 
501	0x7f235e75f370	{186.63 196.71 186.89 196.97}	MET2	Geometry	Wire_Extension	Regular Wire of Net FE_OFN191_u_core_fast_tag_col_2__1 Actual: 0.140000 Required: 0.190000 Type: Wire Extension # 140 190 96 1 : 186.6300 196.7100 186.8900 196.9700 35     LEF Description:  WIREEXTENSION 0.190000 ; 
502	0x7f235e75f340	{185.51 197.27 185.77 197.53}	MET2	Geometry	Wire_Extension	Regular Wire of Net u_core_u_phase_buf_fast/gen_phase_buf[3].iso_tap Actual: 0.140000 Required: 0.190000 Type: Wire Extension # 140 190 96 1 : 185.5100 197.2700 185.7700 197.5300 35     LEF Description:  WIREEXTENSION 0.190000 ; 
503	0x7f235e75f310	{185.51 196.71 185.77 196.97}	MET2	Geometry	Wire_Extension	Regular Wire of Net u_core_u_phase_buf_fast/gen_phase_buf[3].iso_tap Actual: 0.140000 Required: 0.190000 Type: Wire Extension # 140 190 96 1 : 185.5100 196.7100 185.7700 196.9700 34     LEF Description:  WIREEXTENSION 0.190000 ; 
504	0x7f235e75f280	{183.26 201.74 183.345 201.84}	MET2	Geometry	Wire_Extension	Regular Wire of Net u_core_fast_phase_raw[7] Actual: 0.140000 Required: 0.190000 Type: Wire Extension # 140 190 96 1 : 183.0850 201.5800 183.3450 201.8400 34     LEF Description:  WIREEXTENSION 0.190000 ; 
505	0x7f235e75e7a0	{196.15 196.15 196.41 196.41}	VIA2	Geometry	Cut_Enclosure	Regular Wire of Net u_core_u_phase_buf_fast/gen_phase_buf[2].iso_tap Actual: 0.010000 Required: 0.060000 Type: Enclosure # 10 60 160 1 : 196.1400 196.1400 196.4200 196.6050 2     LEF Description:   ENCLOSURE BELOW   0.010000 0.060000 ;
506	0x7f235e75e770	{195.59 196.15 195.85 196.41}	VIA2	Geometry	Cut_Enclosure	Regular Wire of Net u_core_u_phase_buf_fast/gen_phase_buf[2].iso_tap Actual: 0.010000 Required: 0.060000 Type: Enclosure # 10 60 160 1 : 195.5800 196.1400 195.8600 196.6890 2     LEF Description:   ENCLOSURE BELOW   0.010000 0.060000 ;
507	0x7f235e75e710	{187.75 196.15 188.01 196.41}	VIA2	Geometry	Cut_Enclosure	Regular Wire of Net u_core_fast_phase_raw[2] Actual: 0.010000 Required: 0.060000 Type: Enclosure # 10 60 160 1 : 187.7400 195.8710 188.0200 196.4200 2     LEF Description:   ENCLOSURE BELOW   0.010000 0.060000 ;
508	0x7f235e75e6e0	{186.63 196.71 186.89 196.97}	VIA2	Geometry	Cut_Enclosure	Regular Wire of Net FE_OFN191_u_core_fast_tag_col_2__1 Actual: 0.010000 Required: 0.060000 Type: Enclosure # 10 60 160 1 : 186.6200 196.7000 186.9000 197.2490 2     LEF Description:   ENCLOSURE BELOW   0.010000 0.060000 ;
509	0x7f235e75e6b0	{185.51 197.27 185.77 197.53}	VIA2	Geometry	Cut_Enclosure	Regular Wire of Net u_core_u_phase_buf_fast/gen_phase_buf[3].iso_tap Actual: 0.010000 Required: 0.060000 Type: Enclosure # 10 60 160 1 : 185.5000 196.9910 185.7800 197.5400 2     LEF Description:   ENCLOSURE BELOW   0.010000 0.060000 ;
510	0x7f23761d5f10	{183.085 201.58 183.345 201.84}	VIA1	Geometry	Cut_Enclosure	Regular Wire of Net u_core_fast_phase_raw[7] Actual: 0.010000 Required: 0.060000 Type: Enclosure # 10 60 160 1 : 183.2600 201.5700 183.5400 202.0200 2     LEF Description:   ENCLOSURE ABOVE   0.010000 0.060000 ;
511	0x7f23761d5f40	{185.51 196.71 185.77 196.97}	VIA1	Geometry	Cut_Enclosure	Regular Wire of Net u_core_u_phase_buf_fast/gen_phase_buf[3].iso_tap Actual: 0.010000 Required: 0.060000 Type: Enclosure # 10 60 160 1 : 185.5000 196.7000 185.7800 197.2490 2     LEF Description:   ENCLOSURE ABOVE   0.010000 0.060000 ;
512	0x7f23761d5f70	{195.14 197.49 195.4 197.75}	VIA1	Geometry	Cut_Enclosure	Regular Wire of Net u_core_fast_phase[3] Actual: 0.010000 Required: 0.060000 Type: Enclosure # 10 60 160 1 : 195.0200 197.2600 195.3000 197.7600 2     LEF Description:   ENCLOSURE ABOVE   0.010000 0.060000 ;
513	0x7f23761d5fa0	{196.01 196.335 196.27 196.595}	VIA1	Geometry	Cut_Enclosure	Regular Wire of Net u_core_u_phase_buf_fast/gen_phase_buf[2].iso_tap Actual: 0.010000 Required: 0.060000 Type: Enclosure # 10 60 160 1 : 196.1400 196.1400 196.4200 196.6050 2     LEF Description:   ENCLOSURE ABOVE   0.010000 0.060000 ;
514	0x7f235e75e740	{195.03 197.27 195.29 197.53}	VIA2	Geometry	Cut_Enclosure	Regular Wire of Net u_core_fast_phase[3] Actual: 0.010000 Required: 0.060000 Type: Enclosure # 10 60 160 1 : 195.0200 197.2600 195.3000 197.7600 2     LEF Description:   ENCLOSURE BELOW   0.010000 0.060000 ;
515	0x7f235e75f460	{196.01 196.335 196.27 196.595}	MET2	Geometry	Wire_Extension	Regular Wire of Net u_core_u_phase_buf_fast/gen_phase_buf[2].iso_tap Actual: 0.140000 Required: 0.190000 Type: Wire Extension # 140 190 96 1 : 196.0100 196.3350 196.2700 196.5950 34     LEF Description:  WIREEXTENSION 0.190000 ; 
516	0x7f235e768350	{187.485 187.93 187.74 190.9}	MET2	Geometry	Parallel_Run_Length_Spacing	Regular Wire of Net u_core_fast_phase_raw[2] & Blockage of Cell u_core_u_osc_fast_u_ro_tune4 Actual: 0.255000 Required: 0.280000 Type: ParallelRunLength Spacing # 255 280 3 2 : 184.2550 120.4000 187.4850 190.9000 2: 187.7400 187.9300 187.7650 191.1800 2     LEF Description:  SPACING 0.280000 
517	0x7f235e768320	{184.1 187.93 184.255 190.9}	MET2	Geometry	Parallel_Run_Length_Spacing	Regular Wire of Net u_core_fast_phase_raw[7] & Blockage of Cell u_core_u_osc_fast_u_ro_tune4 Actual: 0.155000 Required: 0.280000 Type: ParallelRunLength Spacing # 155 280 3 2 : 183.9750 187.9300 184.1000 191.1800 2: 184.2550 120.4000 187.4850 190.9000 2     LEF Description:  SPACING 0.280000 
518	0x7f235e75fd90	{187.74 188.63 188.02 190.9}	MET2	Geometry	Metal_Short	Regular Wire of Net u_core_fast_phase_raw[2] & Blockage of Cell u_core_u_osc_fast_u_ro_tune4 Type: Metal Short # -1 -1 9 2 : 187.6000 188.4900 188.1600 191.0400 2: 187.6000 188.4900 188.1600 191.0400 2
519	0x7f235e75fd60	{183.82 188.63 184.1 190.9}	MET2	Geometry	Metal_Short	Regular Wire of Net u_core_fast_phase_raw[7] & Blockage of Cell u_core_u_osc_fast_u_ro_tune4 Type: Metal Short # -1 -1 9 2 : 183.6800 188.4900 184.2400 191.0400 2: 183.6800 188.4900 184.2400 191.0400 2
520	0x7f235e75e590	{173.75 197.27 174.01 197.53}	VIA2	Geometry	Cut_Enclosure	Regular Wire of Net u_core_fast_phase_raw[3] Actual: 0.010000 Required: 0.060000 Type: Enclosure # 10 60 160 1 : 173.7400 196.9910 174.0200 197.5400 2     LEF Description:   ENCLOSURE BELOW   0.010000 0.060000 ;
521	0x7f23761d5eb0	{177.81 196.335 178.07 196.595}	VIA1	Geometry	Cut_Enclosure	Regular Wire of Net u_core_u_phase_buf_fast/gen_phase_buf[3].iso_tap Actual: 0.010000 Required: 0.060000 Type: Enclosure # 10 60 160 1 : 177.6600 196.3250 177.9400 196.8740 2     LEF Description:   ENCLOSURE ABOVE   0.010000 0.060000 ;
522	0x7f23761d5e80	{173.935 196.88 174.195 197.14}	VIA1	Geometry	Cut_Enclosure	Regular Wire of Net u_core_fast_phase_raw[3] Actual: 0.010000 Required: 0.060000 Type: Enclosure # 10 60 160 1 : 173.7400 196.8700 174.0200 197.4190 2     LEF Description:   ENCLOSURE ABOVE   0.010000 0.060000 ;
523	0x7f235e75e560	{167.59 197.27 167.85 197.53}	VIA2	Geometry	Cut_Enclosure	Regular Wire of Net u_core_fast_phase_raw[3] Actual: 0.010000 Required: 0.060000 Type: Enclosure # 10 60 160 1 : 167.5800 196.9910 167.8600 197.5400 2     LEF Description:   ENCLOSURE BELOW   0.010000 0.060000 ;
524	0x7f235e75e5c0	{174.87 198.95 175.13 199.21}	VIA2	Geometry	Cut_Enclosure	Regular Wire of Net u_core_pd_hit_level[50] Actual: 0.010000 Required: 0.060000 Type: Enclosure # 10 60 160 1 : 174.8600 198.9400 175.1400 199.4890 2     LEF Description:   ENCLOSURE BELOW   0.010000 0.060000 ;
525	0x7f235e75e5f0	{177.67 197.27 177.93 197.53}	VIA2	Geometry	Cut_Enclosure	Regular Wire of Net u_core_u_phase_buf_fast/gen_phase_buf[3].iso_tap Actual: 0.010000 Required: 0.060000 Type: Enclosure # 10 60 160 1 : 177.6600 196.9910 177.9400 197.5400 2     LEF Description:   ENCLOSURE BELOW   0.010000 0.060000 ;
526	0x7f235e75f100	{167.59 197.27 167.85 197.53}	MET2	Geometry	Wire_Extension	Regular Wire of Net u_core_fast_phase_raw[3] Actual: 0.140000 Required: 0.190000 Type: Wire Extension # 140 190 96 1 : 167.5900 197.2700 167.8500 197.5300 35     LEF Description:  WIREEXTENSION 0.190000 ; 
527	0x7f235e75f130	{173.75 197.27 174.01 197.53}	MET2	Geometry	Wire_Extension	Regular Wire of Net u_core_fast_phase_raw[3] Actual: 0.140000 Required: 0.190000 Type: Wire Extension # 140 190 96 1 : 173.7500 197.2700 174.0100 197.5300 35     LEF Description:  WIREEXTENSION 0.190000 ; 
528	0x7f235e75f160	{173.935 196.88 174.02 197.14}	MET2	Geometry	Wire_Extension	Regular Wire of Net u_core_fast_phase_raw[3] Actual: 0.140000 Required: 0.190000 Type: Wire Extension # 140 190 96 1 : 173.9350 196.8800 174.1950 197.1400 34     LEF Description:  WIREEXTENSION 0.190000 ; 
529	0x7f235e75f190	{174.87 198.95 175.13 199.21}	MET2	Geometry	Wire_Extension	Regular Wire of Net u_core_pd_hit_level[50] Actual: 0.140000 Required: 0.190000 Type: Wire Extension # 140 190 96 1 : 174.8700 198.9500 175.1300 199.2100 35     LEF Description:  WIREEXTENSION 0.190000 ; 
530	0x7f235e75f1c0	{177.67 197.27 177.93 197.53}	MET2	Geometry	Wire_Extension	Regular Wire of Net u_core_u_phase_buf_fast/gen_phase_buf[3].iso_tap Actual: 0.140000 Required: 0.190000 Type: Wire Extension # 140 190 96 1 : 177.6700 197.2700 177.9300 197.5300 35     LEF Description:  WIREEXTENSION 0.190000 ; 
531	0x7f235e75f1f0	{177.81 196.335 178.07 196.595}	MET2	Geometry	Wire_Extension	Regular Wire of Net u_core_u_phase_buf_fast/gen_phase_buf[3].iso_tap Actual: 0.140000 Required: 0.190000 Type: Wire Extension # 140 190 96 1 : 177.8100 196.3350 178.0700 196.5950 34     LEF Description:  WIREEXTENSION 0.190000 ; 
532	0x7f235e75fd30	{167.58 188.63 167.86 190.9}	MET2	Geometry	Metal_Short	Regular Wire of Net u_core_fast_phase_raw[3] & Blockage of Cell u_core_u_osc_fast_u_ro_tune4 Type: Metal Short # -1 -1 9 2 : 167.4400 188.4900 168.0000 191.0400 2: 167.4400 188.4900 168.0000 191.0400 2
533	0x7f235e7682f0	{167.86 187.93 168.03 190.9}	MET2	Geometry	Parallel_Run_Length_Spacing	Regular Wire of Net u_core_fast_phase_raw[3] & Blockage of Cell u_core_u_osc_fast_u_ro_tune4 Actual: 0.170000 Required: 0.280000 Type: ParallelRunLength Spacing # 170 280 3 2 : 167.7500 187.9300 167.8600 191.1800 2: 168.0300 120.4000 183.1350 190.9000 2     LEF Description:  SPACING 0.280000 
534	0x7f235e75f0a0	{163.485 196.88 163.745 197.14}	MET2	Geometry	Wire_Extension	Regular Wire of Net u_core_fast_phase_raw[5] Actual: 0.140000 Required: 0.190000 Type: Wire Extension # 140 190 96 1 : 163.4850 196.8800 163.7450 197.1400 34     LEF Description:  WIREEXTENSION 0.190000 ; 
535	0x7f23761d5e50	{163.485 196.88 163.745 197.14}	VIA1	Geometry	Cut_Enclosure	Regular Wire of Net u_core_fast_phase_raw[5] Actual: 0.010000 Required: 0.060000 Type: Enclosure # 10 60 160 1 : 163.6600 196.6010 163.9400 197.1500 2     LEF Description:   ENCLOSURE ABOVE   0.010000 0.060000 ;
536	0x7f23761d5e20	{159.61 196.335 159.87 196.595}	VIA1	Geometry	Cut_Enclosure	Regular Wire of Net u_core_u_phase_buf_fast/gen_phase_buf[5].iso_tap Actual: 0.010000 Required: 0.060000 Type: Enclosure # 10 60 160 1 : 159.7400 196.3250 160.0200 196.8740 2     LEF Description:   ENCLOSURE ABOVE   0.010000 0.060000 ;
537	0x7f235e75e4d0	{150.23 196.15 150.49 196.41}	VIA2	Geometry	Cut_Enclosure	Regular Wire of Net u_core_pd_hit_level[50] Actual: 0.010000 Required: 0.060000 Type: Enclosure # 10 60 160 1 : 150.2200 196.1400 150.5000 196.6890 2     LEF Description:   ENCLOSURE BELOW   0.010000 0.060000 ;
538	0x7f235e75e500	{163.11 196.15 163.37 196.41}	VIA2	Geometry	Cut_Enclosure	Regular Wire of Net u_core_fast_phase_raw[5] Actual: 0.010000 Required: 0.060000 Type: Enclosure # 10 60 160 1 : 163.1000 195.8710 163.3800 196.4200 2     LEF Description:   ENCLOSURE BELOW   0.010000 0.060000 ;
539	0x7f235e75e530	{163.67 196.15 163.93 196.41}	VIA2	Geometry	Cut_Enclosure	Regular Wire of Net u_core_fast_phase_raw[5] Actual: 0.010000 Required: 0.060000 Type: Enclosure # 10 60 160 1 : 163.6600 196.1400 163.9400 196.6890 2     LEF Description:   ENCLOSURE BELOW   0.010000 0.060000 ;
540	0x7f235e75f010	{150.23 196.15 150.49 196.41}	MET2	Geometry	Wire_Extension	Regular Wire of Net u_core_pd_hit_level[50] Actual: 0.140000 Required: 0.190000 Type: Wire Extension # 140 190 96 1 : 150.2300 196.1500 150.4900 196.4100 35     LEF Description:  WIREEXTENSION 0.190000 ; 
541	0x7f235e75f040	{159.74 196.335 159.87 196.595}	MET2	Geometry	Wire_Extension	Regular Wire of Net u_core_u_phase_buf_fast/gen_phase_buf[5].iso_tap Actual: 0.140000 Required: 0.190000 Type: Wire Extension # 140 190 96 1 : 159.6100 196.3350 159.8700 196.5950 34     LEF Description:  WIREEXTENSION 0.190000 ; 
542	0x7f235e75f070	{163.11 196.15 163.37 196.41}	MET2	Geometry	Wire_Extension	Regular Wire of Net u_core_fast_phase_raw[5] Actual: 0.140000 Required: 0.190000 Type: Wire Extension # 140 190 96 1 : 163.1100 196.1500 163.3700 196.4100 35     LEF Description:  WIREEXTENSION 0.190000 ; 
543	0x7f235e75f0d0	{163.67 196.15 163.93 196.41}	MET2	Geometry	Wire_Extension	Regular Wire of Net u_core_fast_phase_raw[5] Actual: 0.140000 Required: 0.190000 Type: Wire Extension # 140 190 96 1 : 163.6700 196.1500 163.9300 196.4100 35     LEF Description:  WIREEXTENSION 0.190000 ; 
544	0x7f235e75fd00	{163.1 188.63 163.38 190.9}	MET2	Geometry	Metal_Short	Regular Wire of Net u_core_fast_phase_raw[5] & Blockage of Cell u_core_u_osc_fast_u_ro_tune4 Type: Metal Short # -1 -1 9 2 : 162.9600 188.4900 163.5200 191.0400 2: 162.9600 188.4900 163.5200 191.0400 2
545	0x7f23761d5df0	{140.71 196.71 140.97 196.97}	VIA1	Geometry	Cut_Enclosure	Regular Wire of Net u_core_pd_hit_level[50] Actual: 0.010000 Required: 0.060000 Type: Enclosure # 10 60 160 1 : 140.7000 196.4310 140.9800 196.9800 2     LEF Description:   ENCLOSURE ABOVE   0.010000 0.060000 ;
546	0x7f23761d5dc0	{140.15 196.71 140.41 196.97}	VIA1	Geometry	Cut_Enclosure	Regular Wire of Net FE_OFN191_u_core_fast_tag_col_2__1 Actual: 0.010000 Required: 0.060000 Type: Enclosure # 10 60 160 1 : 140.1400 196.7000 140.4200 196.9800 2     LEF Description:   ENCLOSURE ABOVE   0.010000 0.060000 ;
547	0x7f23761d5d90	{139.03 196.71 139.29 196.97}	VIA1	Geometry	Cut_Enclosure	Regular Wire of Net FE_DBTN30_u_core_pd_hit_level_50 Actual: 0.010000 Required: 0.060000 Type: Enclosure # 10 60 160 1 : 139.0200 196.7000 139.3000 197.2490 2     LEF Description:   ENCLOSURE ABOVE   0.010000 0.060000 ;
548	0x7f23761d5d30	{137.69 197.505 137.95 197.765}	VIA1	Geometry	Cut_Enclosure	Regular Wire of Net u_core_gen_pd_row[6].gen_pd_col[2].u_pd/n_27 & Regular Wire of Net u_core_gen_pd_row[6].gen_pd_col[2].u_pd/n_14 Actual: 0.010000 Required: 0.060000 Type: Enclosure # 10 60 160 1 : 137.9000 197.4950 138.1800 198.0440 2     LEF Description:   ENCLOSURE ABOVE   0.010000 0.060000 ;
549	0x7f23761d5d00	{135.485 196.88 135.745 197.14}	VIA1	Geometry	Cut_Enclosure	Regular Wire of Net u_core_fast_phase_raw[0] Actual: 0.010000 Required: 0.060000 Type: Enclosure # 10 60 160 1 : 135.6600 196.6010 135.9400 197.1500 2     LEF Description:   ENCLOSURE ABOVE   0.010000 0.060000 ;
550	0x7f23761d5d60	{137.91 196.15 138.17 196.41}	VIA1	Geometry	Cut_Enclosure	Regular Wire of Net u_core_gen_pd_row[6].gen_pd_col[2].u_pd/n_14 Actual: 0.010000 Required: 0.060000 Type: Enclosure # 10 60 160 1 : 137.9000 196.1400 138.1800 196.6890 2     LEF Description:   ENCLOSURE ABOVE   0.010000 0.060000 ;
551	0x7f235e75e3b0	{135.67 195.59 135.93 195.85}	VIA2	Geometry	Cut_Enclosure	Regular Wire of Net u_core_fast_phase_raw[0] Actual: 0.010000 Required: 0.060000 Type: Enclosure # 10 60 160 1 : 135.6600 195.5800 135.9400 196.1290 2     LEF Description:   ENCLOSURE BELOW   0.010000 0.060000 ;
552	0x7f235e75e3e0	{137.91 197.27 138.17 197.53}	VIA2	Geometry	Cut_Enclosure	Regular Wire of Net u_core_gen_pd_row[6].gen_pd_col[2].u_pd/n_14 Actual: 0.010000 Required: 0.060000 Type: Enclosure # 10 60 160 1 : 137.9000 196.9910 138.1800 197.5400 2     LEF Description:   ENCLOSURE BELOW   0.010000 0.060000 ;
553	0x7f235e75e410	{137.91 197.83 138.17 198.09}	VIA2	Geometry	Cut_Enclosure	Regular Wire of Net u_core_gen_pd_row[6].gen_pd_col[2].u_pd/n_27 Actual: 0.010000 Required: 0.060000 Type: Enclosure # 10 60 160 1 : 137.9000 197.5510 138.1800 198.1000 2     LEF Description:   ENCLOSURE BELOW   0.010000 0.060000 ;
554	0x7f235e75e440	{140.15 196.71 140.41 196.97}	VIA2	Geometry	Cut_Enclosure	Regular Wire of Net FE_OFN191_u_core_fast_tag_col_2__1 Actual: 0.010000 Required: 0.060000 Type: Enclosure # 10 60 160 1 : 140.1400 196.7000 140.4200 196.9800 2     LEF Description:   ENCLOSURE BELOW   0.010000 0.060000 ;
555	0x7f235e75e470	{140.71 196.15 140.97 196.41}	VIA2	Geometry	Cut_Enclosure	Regular Wire of Net u_core_pd_hit_level[50] Actual: 0.010000 Required: 0.060000 Type: Enclosure # 10 60 160 1 : 140.7000 196.1400 140.9800 196.6890 2     LEF Description:   ENCLOSURE BELOW   0.010000 0.060000 ;
556	0x7f235e75e4a0	{142.39 195.59 142.65 195.85}	VIA2	Geometry	Cut_Enclosure	Regular Wire of Net u_core_fast_phase_raw[0] Actual: 0.010000 Required: 0.060000 Type: Enclosure # 10 60 160 1 : 142.3800 195.3110 142.6600 195.8600 2     LEF Description:   ENCLOSURE BELOW   0.010000 0.060000 ;
557	0x7f235e75ee30	{135.485 196.88 135.745 197.14}	MET2	Geometry	Wire_Extension	Regular Wire of Net u_core_fast_phase_raw[0] Actual: 0.140000 Required: 0.190000 Type: Wire Extension # 140 190 96 1 : 135.4850 196.8800 135.7450 197.1400 34     LEF Description:  WIREEXTENSION 0.190000 ; 
558	0x7f235e75ee60	{135.67 195.59 135.93 195.85}	MET2	Geometry	Wire_Extension	Regular Wire of Net u_core_fast_phase_raw[0] Actual: 0.140000 Required: 0.190000 Type: Wire Extension # 140 190 96 1 : 135.6700 195.5900 135.9300 195.8500 35     LEF Description:  WIREEXTENSION 0.190000 ; 
559	0x7f235e75ee90	{137.9 197.505 137.95 197.54}	MET2	Geometry	Wire_Extension	Regular Wire of Net u_core_gen_pd_row[6].gen_pd_col[2].u_pd/n_14 & Regular Wire of Net u_core_gen_pd_row[6].gen_pd_col[2].u_pd/n_27 Actual: 0.140000 Required: 0.190000 Type: Wire Extension # 140 190 96 1 : 137.6900 197.5050 137.9500 197.7650 34     LEF Description:  WIREEXTENSION 0.190000 ; 
560	0x7f235e75eec0	{137.91 196.15 138.17 196.41}	MET2	Geometry	Wire_Extension	Regular Wire of Net u_core_gen_pd_row[6].gen_pd_col[2].u_pd/n_14 Actual: 0.140000 Required: 0.190000 Type: Wire Extension # 140 190 96 1 : 137.9100 196.1500 138.1700 196.4100 34     LEF Description:  WIREEXTENSION 0.190000 ; 
561	0x7f235e75eef0	{137.91 197.27 138.17 197.53}	MET2	Geometry	Wire_Extension	Regular Wire of Net u_core_gen_pd_row[6].gen_pd_col[2].u_pd/n_14 Actual: 0.140000 Required: 0.190000 Type: Wire Extension # 140 190 96 1 : 137.9100 197.2700 138.1700 197.5300 35     LEF Description:  WIREEXTENSION 0.190000 ; 
562	0x7f235e75ef20	{137.91 197.83 138.17 198.09}	MET2	Geometry	Wire_Extension	Regular Wire of Net u_core_gen_pd_row[6].gen_pd_col[2].u_pd/n_27 Actual: 0.140000 Required: 0.190000 Type: Wire Extension # 140 190 96 1 : 137.9100 197.8300 138.1700 198.0900 35     LEF Description:  WIREEXTENSION 0.190000 ; 
563	0x7f235e75ef50	{139.03 196.71 139.29 196.97}	MET2	Geometry	Wire_Extension	Regular Wire of Net FE_DBTN30_u_core_pd_hit_level_50 Actual: 0.140000 Required: 0.190000 Type: Wire Extension # 140 190 96 1 : 139.0300 196.7100 139.2900 196.9700 34     LEF Description:  WIREEXTENSION 0.190000 ; 
564	0x7f235e75ef80	{140.71 196.15 140.97 196.41}	MET2	Geometry	Wire_Extension	Regular Wire of Net u_core_pd_hit_level[50] Actual: 0.140000 Required: 0.190000 Type: Wire Extension # 140 190 96 1 : 140.7100 196.1500 140.9700 196.4100 35     LEF Description:  WIREEXTENSION 0.190000 ; 
565	0x7f235e75efb0	{140.71 196.71 140.97 196.97}	MET2	Geometry	Wire_Extension	Regular Wire of Net u_core_pd_hit_level[50] Actual: 0.140000 Required: 0.190000 Type: Wire Extension # 140 190 96 1 : 140.7100 196.7100 140.9700 196.9700 34     LEF Description:  WIREEXTENSION 0.190000 ; 
566	0x7f235e75efe0	{142.39 195.59 142.65 195.85}	MET2	Geometry	Wire_Extension	Regular Wire of Net u_core_fast_phase_raw[0] Actual: 0.140000 Required: 0.190000 Type: Wire Extension # 140 190 96 1 : 142.3900 195.5900 142.6500 195.8500 35     LEF Description:  WIREEXTENSION 0.190000 ; 
567	0x7f235e75f610	{140.15 196.71 140.41 196.97}	MET3	Geometry	Wire_Extension	Regular Wire of Net FE_OFN191_u_core_fast_tag_col_2__1 Actual: 0.140000 Required: 0.190000 Type: Wire Extension # 140 190 96 1 : 140.1500 196.7100 140.4100 196.9700 35     LEF Description:  WIREEXTENSION 0.190000 ; 
568	0x7f235e75f6d0	{140.14 196.7 140.42 196.98}	MET2	Geometry	Minimal_Area	Regular Wire of Net FE_OFN191_u_core_fast_tag_col_2__1 Actual: 0.07840000 Required: 0.20200000 Type: Minimum Area # 78400 202000 64 0      LEF Description:  AREA 0.202000 ; 
569	0x7f235e75fc70	{137.9 197.495 138.18 197.54}	MET2	Geometry	Metal_Short	Regular Wire of Net u_core_gen_pd_row[6].gen_pd_col[2].u_pd/n_27 & Regular Wire of Net u_core_gen_pd_row[6].gen_pd_col[2].u_pd/n_14 Type: Metal Short # -1 -1 9 2 : 137.9000 197.4950 138.1800 197.5400 2: 137.9000 197.4950 138.1800 197.5400 2
570	0x7f235e75fca0	{142.38 188.63 142.66 190.9}	MET2	Geometry	Metal_Short	Regular Wire of Net u_core_fast_phase_raw[0] & Blockage of Cell u_core_u_osc_fast_u_ro_tune4 Type: Metal Short # -1 -1 9 2 : 142.2400 188.4900 142.8000 191.0400 2: 142.2400 188.4900 142.8000 191.0400 2
571	0x7f235e75fcd0	{146.86 188.63 147.14 190.9}	MET2	Geometry	Metal_Short	Regular Wire of Net u_core_fast_phase_raw[1] & Blockage of Cell u_core_u_osc_fast_u_ro_tune4 Type: Metal Short # -1 -1 9 2 : 146.7200 188.4900 147.2800 191.0400 2: 146.7200 188.4900 147.2800 191.0400 2
572	0x7f235e768170	{138.23 196.14 138.425 196.42}	MET1	Geometry	Parallel_Run_Length_Spacing	Regular Wire of Net u_core_gen_pd_row[6].gen_pd_col[2].u_pd/n_14 & Pin of Cell u_core_gen_pd_row[6].gen_pd_col[2].u_pd/FE_RC_47_0 Actual: 0.195000 Required: 0.230000 Type: ParallelRunLength Spacing # 195 230 3 2 : 137.9500 196.1400 138.2300 196.4200 1: 138.4250 196.1400 138.6550 196.4200 1     LEF Description:  SPACING 0.230000 
573	0x7f235e75e650	{183.27 201.75 183.53 202.01}	VIA2	Geometry	Cut_Enclosure	Regular Wire of Net u_core_fast_phase_raw[7] Actual: 0.010000 Required: 0.060000 Type: Enclosure # 10 60 160 1 : 183.2600 201.5700 183.5400 202.0200 2     LEF Description:   ENCLOSURE BELOW   0.010000 0.060000 ;
574	0x7f235e75e680	{183.83 201.75 184.09 202.01}	VIA2	Geometry	Cut_Enclosure	Regular Wire of Net u_core_fast_phase_raw[7] Actual: 0.010000 Required: 0.060000 Type: Enclosure # 10 60 160 1 : 183.8200 201.4710 184.1000 202.0200 2     LEF Description:   ENCLOSURE BELOW   0.010000 0.060000 ;
575	0x7f235e75f2b0	{183.27 201.75 183.53 202.01}	MET2	Geometry	Wire_Extension	Regular Wire of Net u_core_fast_phase_raw[7] Actual: 0.140000 Required: 0.190000 Type: Wire Extension # 140 190 96 1 : 183.2700 201.7500 183.5300 202.0100 35     LEF Description:  WIREEXTENSION 0.190000 ; 
576	0x7f235e75f2e0	{183.83 201.75 184.09 202.01}	MET2	Geometry	Wire_Extension	Regular Wire of Net u_core_fast_phase_raw[7] Actual: 0.140000 Required: 0.190000 Type: Wire Extension # 140 190 96 1 : 183.8300 201.7500 184.0900 202.0100 35     LEF Description:  WIREEXTENSION 0.190000 ; 
577	0x7f235e75fe50	{183.26 201.74 184.1 202.02}	MET3	Geometry	Metal_Short	Regular Wire of Net u_core_fast_phase_raw[7] & Special Wire of Net VDD Type: Metal Short # -1 -1 9 2 : 183.2600 201.7400 184.1000 202.0200 3: 183.2600 201.7400 184.1000 202.0200 3
578	0x7f235e768560	{217.99 201.75 218.25 202.01}	VIA1	Geometry	Cut_Enclosure	Regular Wire of Net u_core_gen_pd_row[6].gen_pd_col[3].u_pd/FE_RN_23_0 Actual: 0.010000 Required: 0.060000 Type: Enclosure # 10 60 160 1 : 217.9800 201.4710 218.2600 202.0200 2     LEF Description:   ENCLOSURE ABOVE   0.010000 0.060000 ;
579	0x7f235e7685c0	{219.67 201.75 219.93 202.01}	VIA1	Geometry	Cut_Enclosure	Regular Wire of Net FE_DBTN31_u_core_pd_hit_level_51 Actual: 0.010000 Required: 0.060000 Type: Enclosure # 10 60 160 1 : 219.6600 201.7400 219.9400 202.2890 2     LEF Description:   ENCLOSURE ABOVE   0.010000 0.060000 ;
580	0x7f235e7686b0	{224.71 201.75 224.97 202.01}	VIA1	Geometry	Cut_Enclosure	Regular Wire of Net u_core_gen_pd_row[6].gen_pd_col[3].u_pd/q2 Actual: 0.010000 Required: 0.060000 Type: Enclosure # 10 60 160 1 : 224.7000 201.4710 224.9800 202.0200 2     LEF Description:   ENCLOSURE ABOVE   0.010000 0.060000 ;
581	0x7f235e768860	{228.07 201.75 228.33 202.01}	VIA1	Geometry	Cut_Enclosure	Regular Wire of Net u_core_gen_pd_row[6].gen_pd_col[3].u_pd/q1 Actual: 0.010000 Required: 0.060000 Type: Enclosure # 10 60 160 1 : 228.0600 201.4710 228.3400 202.0200 2     LEF Description:   ENCLOSURE ABOVE   0.010000 0.060000 ;
582	0x7f235e768d40	{233.67 201.75 233.93 202.01}	VIA1	Geometry	Cut_Enclosure	Regular Wire of Net u_core_n_41714 Actual: 0.010000 Required: 0.060000 Type: Enclosure # 10 60 160 1 : 233.6600 201.7400 233.9400 202.2890 2     LEF Description:   ENCLOSURE ABOVE   0.010000 0.060000 ;
583	0x7f235e768ec0	{234.79 201.75 235.05 202.01}	VIA1	Geometry	Cut_Enclosure	Regular Wire of Net u_core_gen_pd_row[6].gen_pd_col[3].u_pd/n_13 Actual: 0.010000 Required: 0.060000 Type: Enclosure # 10 60 160 1 : 234.7800 201.7400 235.0600 202.0200 2     LEF Description:   ENCLOSURE ABOVE   0.010000 0.060000 ;
584	0x7f235e769100	{236.47 201.75 236.73 202.01}	VIA1	Geometry	Cut_Enclosure	Regular Wire of Net u_core_gen_pd_row[6].gen_pd_col[3].u_pd/n_11 Actual: 0.010000 Required: 0.060000 Type: Enclosure # 10 60 160 1 : 236.4600 201.7400 236.7400 202.2890 2     LEF Description:   ENCLOSURE ABOVE   0.010000 0.060000 ;
585	0x7f235ca86650	{251.59 201.75 251.85 202.01}	VIA1	Geometry	Cut_Enclosure	Regular Wire of Net u_core_gen_pd_row[7].gen_pd_col[3].u_pd/q2 Actual: 0.010000 Required: 0.060000 Type: Enclosure # 10 60 160 1 : 251.5800 201.7400 251.8600 202.0200 2     LEF Description:   ENCLOSURE ABOVE   0.010000 0.060000 ;
586	0x7f235ca86b00	{254.95 201.75 255.21 202.01}	VIA1	Geometry	Cut_Enclosure	Regular Wire of Net u_core_gen_pd_row[7].gen_pd_col[3].u_pd/q1 Actual: 0.010000 Required: 0.060000 Type: Enclosure # 10 60 160 1 : 254.9400 201.4710 255.2200 202.0200 2     LEF Description:   ENCLOSURE ABOVE   0.010000 0.060000 ;
587	0x7f235ca87dc0	{263.91 201.75 264.17 202.01}	VIA1	Geometry	Cut_Enclosure	Regular Wire of Net u_core_gen_pd_row[7].gen_pd_col[3].u_pd/FE_RN_22_0 Actual: 0.010000 Required: 0.060000 Type: Enclosure # 10 60 160 1 : 263.9000 201.7400 264.1800 202.2890 2     LEF Description:   ENCLOSURE ABOVE   0.010000 0.060000 ;
588	0x7f235e75e8c0	{99.69 202.125 99.95 202.385}	MET2	Geometry	Wire_Extension	Regular Wire of Net u_core_u_phase_buf_fast/gen_phase_buf[4].iso_tap Actual: 0.140000 Required: 0.190000 Type: Wire Extension # 140 190 96 1 : 99.6900 202.1250 99.9500 202.3850 34     LEF Description:  WIREEXTENSION 0.190000 ; 
589	0x7f23761d5a30	{99.69 202.125 99.95 202.385}	VIA1	Geometry	Cut_Enclosure	Regular Wire of Net u_core_u_phase_buf_fast/gen_phase_buf[4].iso_tap Actual: 0.010000 Required: 0.060000 Type: Enclosure # 10 60 160 1 : 99.8200 202.1150 100.1000 202.6640 2     LEF Description:   ENCLOSURE ABOVE   0.010000 0.060000 ;
590	0x7f235e75fc40	{126.14 188.63 126.42 190.9}	MET2	Geometry	Metal_Short	Regular Wire of Net u_core_fast_phase_raw[4] & Blockage of Cell u_core_u_osc_fast_u_ro_tune4 Type: Metal Short # -1 -1 9 2 : 126.0000 188.4900 126.5600 191.0400 2: 126.0000 188.4900 126.5600 191.0400 2
591	0x7f235e75f6a0	{131.6 196.325 132.02 196.605}	MET2	Geometry	Minimal_Area	Regular Wire of Net u_core_u_phase_buf_fast/gen_phase_buf[0].iso_tap Actual: 0.16940000 Required: 0.20200000 Type: Minimum Area # 169400 202000 64 1 : 131.7400 196.1400 132.0200 196.6050 2     LEF Description:  AREA 0.202000 ; 
592	0x7f235e75ee00	{131.75 196.325 131.88 196.41}	MET2	Geometry	Wire_Extension	Regular Wire of Net u_core_u_phase_buf_fast/gen_phase_buf[0].iso_tap Actual: 0.140000 Required: 0.190000 Type: Wire Extension # 140 190 96 1 : 131.7500 196.1500 132.0100 196.4100 35     LEF Description:  WIREEXTENSION 0.190000 ; 
593	0x7f235e75edd0	{131.61 196.335 131.87 196.595}	MET2	Geometry	Wire_Extension	Regular Wire of Net u_core_u_phase_buf_fast/gen_phase_buf[0].iso_tap Actual: 0.140000 Required: 0.190000 Type: Wire Extension # 140 190 96 1 : 131.6100 196.3350 131.8700 196.5950 34     LEF Description:  WIREEXTENSION 0.190000 ; 
594	0x7f23761d5cd0	{131.61 196.335 131.87 196.595}	VIA1	Geometry	Cut_Enclosure	Regular Wire of Net u_core_u_phase_buf_fast/gen_phase_buf[0].iso_tap Actual: 0.010000 Required: 0.060000 Type: Enclosure # 10 60 160 1 : 131.7400 196.1400 132.0200 196.6050 2     LEF Description:   ENCLOSURE ABOVE   0.010000 0.060000 ;
595	0x7f23761d5ca0	{123.91 196.71 124.17 196.97}	VIA1	Geometry	Cut_Enclosure	Regular Wire of Net u_core_gen_pd_row[6].gen_pd_col[2].u_pd/n_27 Actual: 0.010000 Required: 0.060000 Type: Enclosure # 10 60 160 1 : 123.9000 196.7000 124.1800 197.2490 2     LEF Description:   ENCLOSURE ABOVE   0.010000 0.060000 ;
596	0x7f23761d5c70	{118.87 197.27 119.13 197.53}	VIA1	Geometry	Cut_Enclosure	Regular Wire of Net u_core_fast_phase[2] Actual: 0.010000 Required: 0.060000 Type: Enclosure # 10 60 160 1 : 118.8600 197.2600 119.1400 197.8090 2     LEF Description:   ENCLOSURE ABOVE   0.010000 0.060000 ;
597	0x7f23761d49e0	{121.16 193.3 121.16 193.3}	METTP	Connectivity	ConnectivityAntenna	Net VDD
598	0x7f23761d4800	{125.16 193.3 125.16 193.3}	METTP	Connectivity	ConnectivityAntenna	Net VSS
599	0x7f235e75e320	{123.91 197.83 124.17 198.09}	VIA2	Geometry	Cut_Enclosure	Regular Wire of Net u_core_gen_pd_row[6].gen_pd_col[2].u_pd/n_27 Actual: 0.010000 Required: 0.060000 Type: Enclosure # 10 60 160 1 : 123.9000 197.5510 124.1800 198.1000 2     LEF Description:   ENCLOSURE BELOW   0.010000 0.060000 ;
600	0x7f235e75e350	{129.51 196.15 129.77 196.41}	VIA2	Geometry	Cut_Enclosure	Regular Wire of Net u_core_u_phase_buf_fast/gen_phase_buf[0].iso_tap Actual: 0.010000 Required: 0.060000 Type: Enclosure # 10 60 160 1 : 129.5000 196.1400 129.7800 196.6890 2     LEF Description:   ENCLOSURE BELOW   0.010000 0.060000 ;
601	0x7f235e75e380	{131.75 196.15 132.01 196.41}	VIA2	Geometry	Cut_Enclosure	Regular Wire of Net u_core_u_phase_buf_fast/gen_phase_buf[0].iso_tap Actual: 0.010000 Required: 0.060000 Type: Enclosure # 10 60 160 1 : 131.7400 196.1400 132.0200 196.6050 2     LEF Description:   ENCLOSURE BELOW   0.010000 0.060000 ;
602	0x7f235e75ed10	{118.87 197.27 119.13 197.53}	MET2	Geometry	Wire_Extension	Regular Wire of Net u_core_fast_phase[2] Actual: 0.140000 Required: 0.190000 Type: Wire Extension # 140 190 96 1 : 118.8700 197.2700 119.1300 197.5300 34     LEF Description:  WIREEXTENSION 0.190000 ; 
603	0x7f235e75ed40	{123.91 196.71 124.17 196.97}	MET2	Geometry	Wire_Extension	Regular Wire of Net u_core_gen_pd_row[6].gen_pd_col[2].u_pd/n_27 Actual: 0.140000 Required: 0.190000 Type: Wire Extension # 140 190 96 1 : 123.9100 196.7100 124.1700 196.9700 34     LEF Description:  WIREEXTENSION 0.190000 ; 
604	0x7f235e75ed70	{123.91 197.83 124.17 198.09}	MET2	Geometry	Wire_Extension	Regular Wire of Net u_core_gen_pd_row[6].gen_pd_col[2].u_pd/n_27 Actual: 0.140000 Required: 0.190000 Type: Wire Extension # 140 190 96 1 : 123.9100 197.8300 124.1700 198.0900 35     LEF Description:  WIREEXTENSION 0.190000 ; 
605	0x7f235e75eda0	{129.51 196.15 129.77 196.41}	MET2	Geometry	Wire_Extension	Regular Wire of Net u_core_u_phase_buf_fast/gen_phase_buf[0].iso_tap Actual: 0.140000 Required: 0.190000 Type: Wire Extension # 140 190 96 1 : 129.5100 196.1500 129.7700 196.4100 35     LEF Description:  WIREEXTENSION 0.190000 ; 
606	0x7f235e768110	{118.63 197.26 118.81 197.54}	MET1	Geometry	Parallel_Run_Length_Spacing	Regular Wire of Net u_core_fast_phase[2] & Blockage of Cell u_core_gen_pd_row[6].gen_pd_col[2].u_pd/nfast_hit_latched_reg[1] Actual: 0.180000 Required: 0.230000 Type: ParallelRunLength Spacing # 180 230 3 2 : 118.4800 197.2600 118.6300 197.5400 1: 118.8100 197.2600 119.0900 197.5400 1     LEF Description:  SPACING 0.230000 
607	0x7f235e768140	{123.63 196.7 123.85 196.98}	MET1	Geometry	Parallel_Run_Length_Spacing	Regular Wire of Net u_core_gen_pd_row[6].gen_pd_col[2].u_pd/n_27 & Blockage of Cell u_core_gen_pd_row[6].gen_pd_col[2].u_pd/nfast_hit_latched_reg[1] Actual: 0.220000 Required: 0.230000 Type: ParallelRunLength Spacing # 220 230 3 2 : 123.4050 196.7000 123.6300 196.9800 1: 123.8500 196.7000 124.1300 196.9800 1     LEF Description:  SPACING 0.230000 
608	0x7f235e75e0e0	{112.15 197.27 112.41 197.53}	VIA2	Geometry	Cut_Enclosure	Regular Wire of Net u_core_gen_pd_row[6].gen_pd_col[2].u_pd/n_14 Actual: 0.010000 Required: 0.060000 Type: Enclosure # 10 60 160 1 : 112.1400 197.2600 112.4200 197.8090 2     LEF Description:   ENCLOSURE BELOW   0.010000 0.060000 ;
609	0x7f23761d5a60	{103.565 201.58 103.825 201.84}	VIA1	Geometry	Cut_Enclosure	Regular Wire of Net u_core_fast_phase_raw[4] Actual: 0.010000 Required: 0.060000 Type: Enclosure # 10 60 160 1 : 103.7400 201.5700 104.0200 202.1190 2     LEF Description:   ENCLOSURE ABOVE   0.010000 0.060000 ;
610	0x7f23761d5a90	{112.01 197.54 112.27 197.8}	VIA1	Geometry	Cut_Enclosure	Regular Wire of Net u_core_gen_pd_row[6].gen_pd_col[2].u_pd/n_14 Actual: 0.010000 Required: 0.060000 Type: Enclosure # 10 60 160 1 : 112.1400 197.2610 112.4200 197.8100 2     LEF Description:   ENCLOSURE ABOVE   0.010000 0.060000 ;
611	0x7f23761d5ac0	{113.1 197.5 113.36 197.76}	VIA1	Geometry	Cut_Enclosure	Regular Wire of Net u_core_pd_nfast_hit_packed[351] Actual: 0.010000 Required: 0.060000 Type: Enclosure # 10 60 160 1 : 113.2600 197.2600 113.5400 197.7700 2     LEF Description:   ENCLOSURE ABOVE   0.010000 0.060000 ;
612	0x7f235e75e110	{112.71 197.27 112.97 197.53}	VIA2	Geometry	Cut_Enclosure	Regular Wire of Net u_core_pd_nfast_hit_packed[351] Actual: 0.010000 Required: 0.060000 Type: Enclosure # 10 60 160 1 : 112.7000 197.2600 112.9800 197.8090 2     LEF Description:   ENCLOSURE BELOW   0.010000 0.060000 ;
613	0x7f235e75e140	{113.27 197.27 113.53 197.53}	VIA2	Geometry	Cut_Enclosure	Regular Wire of Net u_core_pd_nfast_hit_packed[351] Actual: 0.010000 Required: 0.060000 Type: Enclosure # 10 60 160 1 : 113.2600 197.2600 113.5400 197.7700 2     LEF Description:   ENCLOSURE BELOW   0.010000 0.060000 ;
614	0x7f235e75e200	{114.95 192.23 115.21 192.49}	VIA2	Geometry	Cut_Enclosure	Regular Wire of Net u_core_fe_osc_fast_en Actual: 0.010000 Required: 0.060000 Type: Enclosure # 10 60 160 1 : 114.9400 191.9510 115.2200 192.5000 2     LEF Description:   ENCLOSURE BELOW   0.010000 0.060000 ;
615	0x7f235e75e8f0	{103.74 201.58 103.825 201.84}	MET2	Geometry	Wire_Extension	Regular Wire of Net u_core_fast_phase_raw[4] Actual: 0.140000 Required: 0.190000 Type: Wire Extension # 140 190 96 1 : 103.5650 201.5800 103.8250 201.8400 34     LEF Description:  WIREEXTENSION 0.190000 ; 
616	0x7f235e75e920	{112.14 197.54 112.27 197.54}	MET2	Geometry	Wire_Extension	Regular Wire of Net u_core_gen_pd_row[6].gen_pd_col[2].u_pd/n_14 Actual: 0.140000 Required: 0.190000 Type: Wire Extension # 140 190 96 1 : 112.0100 197.5400 112.2700 197.8000 34     LEF Description:  WIREEXTENSION 0.190000 ; 
617	0x7f235e75e950	{112.15 197.27 112.41 197.53}	MET2	Geometry	Wire_Extension	Regular Wire of Net u_core_gen_pd_row[6].gen_pd_col[2].u_pd/n_14 Actual: 0.140000 Required: 0.190000 Type: Wire Extension # 140 190 96 1 : 112.1500 197.2700 112.4100 197.5300 35     LEF Description:  WIREEXTENSION 0.190000 ; 
618	0x7f235e75e980	{112.71 197.27 112.97 197.53}	MET2	Geometry	Wire_Extension	Regular Wire of Net u_core_pd_nfast_hit_packed[351] Actual: 0.140000 Required: 0.190000 Type: Wire Extension # 140 190 96 1 : 112.7100 197.2700 112.9700 197.5300 35     LEF Description:  WIREEXTENSION 0.190000 ; 
619	0x7f235e75e9b0	{113.26 197.5 113.36 197.54}	MET2	Geometry	Wire_Extension	Regular Wire of Net u_core_pd_nfast_hit_packed[351] Actual: 0.140000 Required: 0.190000 Type: Wire Extension # 140 190 96 1 : 113.1000 197.5000 113.3600 197.7600 34     LEF Description:  WIREEXTENSION 0.190000 ; 
620	0x7f235e75e9e0	{113.27 197.27 113.53 197.53}	MET2	Geometry	Wire_Extension	Regular Wire of Net u_core_pd_nfast_hit_packed[351] Actual: 0.140000 Required: 0.190000 Type: Wire Extension # 140 190 96 1 : 113.2700 197.2700 113.5300 197.5300 35     LEF Description:  WIREEXTENSION 0.190000 ; 
621	0x7f235e75eb30	{114.95 192.23 115.21 192.49}	MET2	Geometry	Wire_Extension	Regular Wire of Net u_core_fe_osc_fast_en Actual: 0.140000 Required: 0.190000 Type: Wire Extension # 140 190 96 1 : 114.9500 192.2300 115.2100 192.4900 35     LEF Description:  WIREEXTENSION 0.190000 ; 
622	0x7f235e75f640	{112.0 197.53 112.42 197.81}	MET2	Geometry	Minimal_Area	Regular Wire of Net u_core_gen_pd_row[6].gen_pd_col[2].u_pd/n_14 Actual: 0.19320000 Required: 0.20200000 Type: Minimum Area # 193200 202000 64 1 : 112.1400 197.2600 112.4200 197.8100 2     LEF Description:  AREA 0.202000 ; 
623	0x7f235e75f670	{113.09 197.49 113.54 197.77}	MET2	Geometry	Minimal_Area	Regular Wire of Net u_core_pd_nfast_hit_packed[351] Actual: 0.19040000 Required: 0.20200000 Type: Minimum Area # 190400 202000 64 1 : 113.2600 197.2600 113.5400 197.7700 2     LEF Description:  AREA 0.202000 ; 
624	0x7f235e75fa60	{114.94 188.63 115.22 190.9}	MET2	Geometry	Metal_Short	Regular Wire of Net u_core_fe_osc_fast_en & Blockage of Cell u_core_u_osc_fast_u_ro_tune4 Type: Metal Short # -1 -1 9 2 : 114.8000 188.4900 115.3600 191.0400 2: 114.8000 188.4900 115.3600 191.0400 2
625	0x7f235e75fdf0	{112.7 197.26 113.54 197.54}	MET3	Geometry	Metal_Short	Regular Wire of Net u_core_pd_nfast_hit_packed[351] & Regular Wire of Net u_core_gen_pd_row[6].gen_pd_col[2].u_pd/n_14 Type: Metal Short # -1 -1 9 2 : 112.7000 197.2600 113.5400 197.5400 3: 112.7000 197.2600 113.5400 197.5400 3
626	0x7f235e75fee0	{111.91 197.81 111.95 197.94}	MET1	Geometry	Parallel_Run_Length_Spacing	Regular Wire of Net u_core_gen_pd_row[6].gen_pd_col[2].u_pd/n_14 & Pin of Cell u_core_gen_pd_row[6].gen_pd_col[2].u_pd/nfast_hit_latched_reg[1] Actual: 0.130000 Required: 0.230000 Type: ParallelRunLength Spacing # 130 230 3 2 : 111.6200 197.9400 111.9100 198.2300 1: 111.9500 197.5300 112.2300 197.8100 1     LEF Description:  SPACING 0.230000 
627	0x7f235e75ff10	{113.0 197.49 113.04 197.77}	MET1	Geometry	Parallel_Run_Length_Spacing	Regular Wire of Net u_core_pd_nfast_hit_packed[351] & Blockage of Cell u_core_gen_pd_row[6].gen_pd_col[2].u_pd/nfast_hit_latched_reg[1] Actual: 0.040000 Required: 0.230000 Type: ParallelRunLength Spacing # 40 230 3 2 : 112.7700 197.4900 113.0000 197.7700 1: 113.0400 197.4900 113.3200 197.7700 1     LEF Description:  SPACING 0.230000 
628	0x7f235e75ff40	{113.04 197.77 113.42 197.86}	MET1	Geometry	Parallel_Run_Length_Spacing	Regular Wire of Net u_core_pd_nfast_hit_packed[351] & Blockage of Cell u_core_gen_pd_row[6].gen_pd_col[2].u_pd/nfast_hit_latched_reg[1] Actual: 0.090000 Required: 0.230000 Type: ParallelRunLength Spacing # 90 230 3 2 : 113.0400 197.4900 113.4200 197.7700 1: 113.0400 197.8600 113.4200 198.0900 1     LEF Description:  SPACING 0.230000 
629	0x7f235e7681a0	{112.98 197.49 113.09 197.77}	MET2	Geometry	Parallel_Run_Length_Spacing	Regular Wire of Net u_core_pd_nfast_hit_packed[351] Actual: 0.110000 Required: 0.280000 Type: ParallelRunLength Spacing # 110 280 3 2 : 112.7000 197.4900 112.9800 197.7700 2: 113.0900 197.4900 113.3700 197.7700 2     LEF Description:  SPACING 0.280000 
630	0x7f23761d4bf0	{52.43 170.71 57.575 173.945}	MET1	Connectivity	UnConnectedPin	Net VDD Pin: u_core_u_osc_fast_u_ro_tune4/VDD; Direction: INOUT; Use: POWER;
631	0x7f23761d4950	{50.46 149.6 56.065 152.6}	MET2	Connectivity	UnConnectedPin	Net VSS Pin: u_core_u_osc_fast_u_ro_tune4/VSS; Direction: INOUT; Use: GROUND;
632	0x7f235caa74c0	{306.47 124.47 306.73 124.73}	VIA1	Geometry	Cut_Enclosure	Regular Wire of Net u_core_u_drain_ctrl_n_1842 Actual: 0.010000 Required: 0.060000 Type: Enclosure # 10 60 160 1 : 306.4600 124.1910 306.7400 124.7400 2     LEF Description:   ENCLOSURE ABOVE   0.010000 0.060000 ;
633	0x7f235caa7340	{305.77 126.29 306.03 126.55}	VIA1	Geometry	Cut_Enclosure	Regular Wire of Net n_1751 Actual: 0.010000 Required: 0.060000 Type: Enclosure # 10 60 160 1 : 305.9000 126.0110 306.1800 126.5600 2     LEF Description:   ENCLOSURE ABOVE   0.010000 0.060000 ;
634	0x7f235caa72b0	{305.35 125.03 305.61 125.29}	VIA1	Geometry	Cut_Enclosure	Regular Wire of Net u_core_ctx_snapshot[hit_level][32] Actual: 0.010000 Required: 0.060000 Type: Enclosure # 10 60 160 1 : 305.3400 124.7510 305.6200 125.3000 2     LEF Description:   ENCLOSURE ABOVE   0.010000 0.060000 ;
635	0x7f235caa70d0	{304.6 121.5 304.86 121.76}	VIA1	Geometry	Cut_Enclosure	Regular Wire of Net n_1751 Actual: 0.010000 Required: 0.060000 Type: Enclosure # 10 60 160 1 : 304.7800 121.4900 305.0600 121.9400 2     LEF Description:   ENCLOSURE ABOVE   0.010000 0.060000 ;
636	0x7f235caa6fe0	{304.23 132.87 304.49 133.13}	VIA1	Geometry	Cut_Enclosure	Regular Wire of Net n_4775 Actual: 0.010000 Required: 0.060000 Type: Enclosure # 10 60 160 1 : 304.2200 132.8600 304.5000 133.1400 2     LEF Description:   ENCLOSURE ABOVE   0.010000 0.060000 ;
637	0x7f235caa6e00	{303.53 120.38 303.79 120.64}	VIA1	Geometry	Cut_Enclosure	Regular Wire of Net n_1755 Actual: 0.010000 Required: 0.060000 Type: Enclosure # 10 60 160 1 : 303.6600 120.1010 303.9400 120.6500 2     LEF Description:   ENCLOSURE ABOVE   0.010000 0.060000 ;
638	0x7f235caa6bf0	{302.55 125.03 302.81 125.29}	VIA1	Geometry	Cut_Enclosure	Regular Wire of Net u_core_n_67633 Actual: 0.010000 Required: 0.060000 Type: Enclosure # 10 60 160 1 : 302.5400 125.0200 302.8200 125.5690 2     LEF Description:   ENCLOSURE ABOVE   0.010000 0.060000 ;
639	0x7f235caa6b30	{302.41 119.81 302.67 120.07}	VIA1	Geometry	Cut_Enclosure	Regular Wire of Net FE_RN_2_0 & Regular Wire of Net u_core_hit_capture_snapshot[hit_level][51] Actual: 0.010000 Required: 0.060000 Type: Enclosure # 10 60 160 1 : 302.5400 119.5310 302.8200 120.0800 2     LEF Description:   ENCLOSURE ABOVE   0.010000 0.060000 ;
640	0x7f235caa6830	{301.06 134.72 301.32 134.98}	VIA1	Geometry	Cut_Enclosure	Regular Wire of Net u_core_hit_capture_snapshot[hit_level][59] Actual: 0.010000 Required: 0.060000 Type: Enclosure # 10 60 160 1 : 300.8600 134.4410 301.1400 134.9900 2     LEF Description:   ENCLOSURE ABOVE   0.010000 0.060000 ;
641	0x7f235caa6740	{300.48 135.25 300.74 135.51}	VIA1	Geometry	Cut_Enclosure	Regular Wire of Net u_core_n_69476 Actual: 0.010000 Required: 0.060000 Type: Enclosure # 10 60 160 1 : 300.3000 135.1000 300.5800 135.5200 2     LEF Description:   ENCLOSURE ABOVE   0.010000 0.060000 ;
642	0x7f235caa6410	{299.19 134.55 299.45 134.81}	VIA1	Geometry	Cut_Enclosure	Regular Wire of Net FE_DBTN33_u_core_pd_hit_level_59 & Regular Wire of Net CTS_16 Actual: 0.010000 Required: 0.060000 Type: Enclosure # 10 60 160 1 : 299.1800 134.5400 299.4600 134.8200 2     LEF Description:   ENCLOSURE ABOVE   0.010000 0.060000 ;
643	0x7f235caa63b0	{298.77 134.72 299.03 134.98}	VIA1	Geometry	Cut_Enclosure	Regular Wire of Net u_core_n_72446 Actual: 0.010000 Required: 0.060000 Type: Enclosure # 10 60 160 1 : 298.6200 134.7100 298.9000 135.2590 2     LEF Description:   ENCLOSURE ABOVE   0.010000 0.060000 ;
644	0x7f235caa75e0	{307.03 124.47 307.29 124.73}	VIA1	Geometry	Cut_Enclosure	Regular Wire of Net u_core_u_drain_ctrl_n_1841 Actual: 0.010000 Required: 0.060000 Type: Enclosure # 10 60 160 1 : 307.0200 124.4600 307.3000 124.7400 2     LEF Description:   ENCLOSURE ABOVE   0.010000 0.060000 ;
645	0x7f235caa7610	{307.03 131.19 307.29 131.45}	VIA1	Geometry	Cut_Enclosure	Regular Wire of Net u_core_hit_capture_snapshot[hit_level][59] Actual: 0.010000 Required: 0.060000 Type: Enclosure # 10 60 160 1 : 307.0200 131.1800 307.3000 131.7290 2     LEF Description:   ENCLOSURE ABOVE   0.010000 0.060000 ;
646	0x7f235caa7790	{308.01 128.81 308.27 129.07}	VIA1	Geometry	Cut_Enclosure	Regular Wire of Net u_core_ctx_snapshot[hit_level][32] Actual: 0.010000 Required: 0.060000 Type: Enclosure # 10 60 160 1 : 308.1400 128.8000 308.4200 129.2200 2     LEF Description:   ENCLOSURE ABOVE   0.010000 0.060000 ;
647	0x7f235caa7490	{306.47 112.71 306.73 112.97}	VIA1	Geometry	Cut_Enclosure	Regular Wire of Net n_1665 & Regular Wire of Net u_core_u_drain_ctrl_n_1842 Actual: 0.010000 Required: 0.060000 Type: Enclosure # 10 60 160 1 : 306.4600 112.7000 306.7400 113.2490 2     LEF Description:   ENCLOSURE ABOVE   0.010000 0.060000 ;
648	0x7f235caa7280	{305.35 103.19 305.61 103.45}	VIA1	Geometry	Cut_Enclosure	Regular Wire of Net n_1649 Actual: 0.010000 Required: 0.060000 Type: Enclosure # 10 60 160 1 : 305.3400 103.1800 305.6200 103.4600 2     LEF Description:   ENCLOSURE ABOVE   0.010000 0.060000 ;
649	0x7f235caa7190	{304.79 112.15 305.05 112.41}	VIA1	Geometry	Cut_Enclosure	Regular Wire of Net n_1649 Actual: 0.010000 Required: 0.060000 Type: Enclosure # 10 60 160 1 : 304.7800 112.1400 305.0600 112.4200 2     LEF Description:   ENCLOSURE ABOVE   0.010000 0.060000 ;
650	0x7f235caa6fb0	{304.23 106.55 304.49 106.81}	VIA1	Geometry	Cut_Enclosure	Regular Wire of Net n_1660 Actual: 0.010000 Required: 0.060000 Type: Enclosure # 10 60 160 1 : 304.2200 106.5400 304.5000 106.8200 2     LEF Description:   ENCLOSURE ABOVE   0.010000 0.060000 ;
651	0x7f235caa6f20	{304.115 107.885 304.375 108.145}	VIA1	Geometry	Cut_Enclosure	Regular Wire of Net u_core_u_drain_ctrl_n_1836 Actual: 0.010000 Required: 0.060000 Type: Enclosure # 10 60 160 1 : 304.2200 107.6600 304.5000 108.1550 2     LEF Description:   ENCLOSURE ABOVE   0.010000 0.060000 ;
652	0x7f235caa6ef0	{303.81 117.33 304.07 117.59}	VIA1	Geometry	Cut_Enclosure	Regular Wire of Net n_4935 Actual: 0.010000 Required: 0.060000 Type: Enclosure # 10 60 160 1 : 303.6600 117.0510 303.9400 117.6000 2     LEF Description:   ENCLOSURE ABOVE   0.010000 0.060000 ;
653	0x7f235caa6e60	{303.67 103.75 303.93 104.01}	VIA1	Geometry	Cut_Enclosure	Regular Wire of Net n_4927 Actual: 0.010000 Required: 0.060000 Type: Enclosure # 10 60 160 1 : 303.6600 103.7400 303.9400 104.0200 2     LEF Description:   ENCLOSURE ABOVE   0.010000 0.060000 ;
654	0x7f235caa6c50	{302.69 108.41 302.95 108.67}	VIA1	Geometry	Cut_Enclosure	Regular Wire of Net n_1759 & Regular Wire of Net u_core_hit_capture_snapshot[hit_level][51] Actual: 0.010000 Required: 0.060000 Type: Enclosure # 10 60 160 1 : 302.5400 108.2200 302.8200 108.6800 2     LEF Description:   ENCLOSURE ABOVE   0.010000 0.060000 ;
655	0x7f235caa6bc0	{302.55 116.07 302.81 116.33}	VIA1	Geometry	Cut_Enclosure	Regular Wire of Net FE_RN_2_0 & Regular Wire of Net u_core_hit_capture_snapshot[hit_level][51] Actual: 0.010000 Required: 0.060000 Type: Enclosure # 10 60 160 1 : 302.5400 116.0600 302.8200 116.6090 2     LEF Description:   ENCLOSURE ABOVE   0.010000 0.060000 ;
656	0x7f235caa6b90	{302.55 103.19 302.81 103.45}	VIA1	Geometry	Cut_Enclosure	Regular Wire of Net u_core_ctx_snapshot[hit_level][46] & Regular Wire of Net u_core_hit_capture_snapshot[hit_level][51] Actual: 0.010000 Required: 0.060000 Type: Enclosure # 10 60 160 1 : 302.5400 103.1800 302.8200 103.4600 2     LEF Description:   ENCLOSURE ABOVE   0.010000 0.060000 ;
657	0x7f235caa6b00	{302.13 116.8 302.39 117.06}	VIA1	Geometry	Cut_Enclosure	Regular Wire of Net n_1759 Actual: 0.010000 Required: 0.060000 Type: Enclosure # 10 60 160 1 : 301.9800 116.5210 302.2600 117.0700 2     LEF Description:   ENCLOSURE ABOVE   0.010000 0.060000 ;
658	0x7f235caa69b0	{301.57 116.8 301.83 117.06}	VIA1	Geometry	Cut_Enclosure	Regular Wire of Net FE_RN_3_0 Actual: 0.010000 Required: 0.060000 Type: Enclosure # 10 60 160 1 : 301.4200 116.5210 301.7000 117.0700 2     LEF Description:   ENCLOSURE ABOVE   0.010000 0.060000 ;
659	0x7f235caa6980	{301.57 107.84 301.83 108.1}	VIA1	Geometry	Cut_Enclosure	Regular Wire of Net n_1746 & Regular Wire of Net u_core_u_drain_ctrl_n_1836 Actual: 0.010000 Required: 0.060000 Type: Enclosure # 10 60 160 1 : 301.4200 107.6600 301.7000 108.1100 2     LEF Description:   ENCLOSURE ABOVE   0.010000 0.060000 ;
660	0x7f235caa6950	{301.43 103.75 301.69 104.01}	VIA1	Geometry	Cut_Enclosure	Regular Wire of Net u_core_u_drain_ctrl_n_1835 Actual: 0.010000 Required: 0.060000 Type: Enclosure # 10 60 160 1 : 301.4200 103.7400 301.7000 104.2890 2     LEF Description:   ENCLOSURE ABOVE   0.010000 0.060000 ;
661	0x7f235caa6800	{300.87 103.75 301.13 104.01}	VIA1	Geometry	Cut_Enclosure	Regular Wire of Net u_core_u_drain_ctrl_n_1836 Actual: 0.010000 Required: 0.060000 Type: Enclosure # 10 60 160 1 : 300.8600 103.7400 301.1400 104.0200 2     LEF Description:   ENCLOSURE ABOVE   0.010000 0.060000 ;
662	0x7f235caa6770	{300.5 106.72 300.76 106.98}	VIA1	Geometry	Cut_Enclosure	Regular Wire of Net n_1752 Actual: 0.010000 Required: 0.060000 Type: Enclosure # 10 60 160 1 : 300.3000 106.4410 300.5800 106.9900 2     LEF Description:   ENCLOSURE ABOVE   0.010000 0.060000 ;
663	0x7f235caa6680	{300.31 116.07 300.57 116.33}	VIA1	Geometry	Cut_Enclosure	Regular Wire of Net n_1761 Actual: 0.010000 Required: 0.060000 Type: Enclosure # 10 60 160 1 : 300.3000 116.0600 300.5800 116.6090 2     LEF Description:   ENCLOSURE ABOVE   0.010000 0.060000 ;
664	0x7f235caa64d0	{299.75 103.19 300.01 103.45}	VIA1	Geometry	Cut_Enclosure	Regular Wire of Net u_core_ctx_snapshot[hit_level][44] Actual: 0.010000 Required: 0.060000 Type: Enclosure # 10 60 160 1 : 299.7400 102.9110 300.0200 103.4600 2     LEF Description:   ENCLOSURE ABOVE   0.010000 0.060000 ;
665	0x7f235caa7580	{306.585 111.375 306.845 111.635}	VIA1	Geometry	Cut_Enclosure	Regular Wire of Net u_core_u_drain_ctrl_n_1842 Actual: 0.010000 Required: 0.060000 Type: Enclosure # 10 60 160 1 : 306.4600 111.3650 306.7400 111.9140 2     LEF Description:   ENCLOSURE ABOVE   0.010000 0.060000 ;
666	0x7f235caa7700	{307.59 103.19 307.85 103.45}	VIA1	Geometry	Cut_Enclosure	Regular Wire of Net n_1651 Actual: 0.010000 Required: 0.060000 Type: Enclosure # 10 60 160 1 : 307.5800 103.1800 307.8600 103.7290 2     LEF Description:   ENCLOSURE ABOVE   0.010000 0.060000 ;
667	0x7f235ca9b2b0	{290.23 124.47 290.49 124.73}	VIA1	Geometry	Cut_Enclosure	Regular Wire of Net u_core_n_69022 Actual: 0.010000 Required: 0.060000 Type: Enclosure # 10 60 160 1 : 290.2200 124.4600 290.5000 124.7400 2     LEF Description:   ENCLOSURE ABOVE   0.010000 0.060000 ;
668	0x7f235ca9b070	{288.55 125.03 288.81 125.29}	VIA1	Geometry	Cut_Enclosure	Regular Wire of Net FE_OFN55_FE_DBTN0_u_core_rst_sys_drain_n Actual: 0.010000 Required: 0.060000 Type: Enclosure # 10 60 160 1 : 288.5400 125.0200 288.8200 125.5690 2     LEF Description:   ENCLOSURE ABOVE   0.010000 0.060000 ;
669	0x7f235ca9ae90	{287.99 121.11 288.25 121.37}	VIA1	Geometry	Cut_Enclosure	Regular Wire of Net u_core_ctx_snapshot[hit_level][50] Actual: 0.010000 Required: 0.060000 Type: Enclosure # 10 60 160 1 : 287.9800 120.8310 288.2600 121.3800 2     LEF Description:   ENCLOSURE ABOVE   0.010000 0.060000 ;
670	0x7f235ca9ac50	{287.01 129.295 287.27 129.555}	VIA1	Geometry	Cut_Enclosure	Regular Wire of Net u_core_n_65641 Actual: 0.010000 Required: 0.060000 Type: Enclosure # 10 60 160 1 : 286.8600 129.2850 287.1400 129.7800 2     LEF Description:   ENCLOSURE ABOVE   0.010000 0.060000 ;
671	0x7f235ca9ab60	{286.87 121.67 287.13 121.93}	VIA1	Geometry	Cut_Enclosure	Regular Wire of Net u_core_u_drain_ctrl_n_1833 & Regular Wire of Net u_core_u_drain_ctrl_n_1834 Actual: 0.010000 Required: 0.060000 Type: Enclosure # 10 60 160 1 : 286.8600 121.6600 287.1400 122.2090 2     LEF Description:   ENCLOSURE ABOVE   0.010000 0.060000 ;
672	0x7f235ca9a980	{286.31 121.67 286.57 121.93}	VIA1	Geometry	Cut_Enclosure	Regular Wire of Net u_core_u_drain_ctrl_n_1834 Actual: 0.010000 Required: 0.060000 Type: Enclosure # 10 60 160 1 : 286.3000 121.6600 286.5800 121.9400 2     LEF Description:   ENCLOSURE ABOVE   0.010000 0.060000 ;
673	0x7f235ca9a800	{285.61 119.85 285.87 120.11}	VIA1	Geometry	Cut_Enclosure	Regular Wire of Net n_1748 & Regular Wire of Net n_4787 Actual: 0.010000 Required: 0.060000 Type: Enclosure # 10 60 160 1 : 285.7400 119.8400 286.0200 120.2600 2     LEF Description:   ENCLOSURE ABOVE   0.010000 0.060000 ;
674	0x7f235ca9a6e0	{285.19 121.11 285.45 121.37}	VIA1	Geometry	Cut_Enclosure	Regular Wire of Net u_core_ctx_snapshot[hit_level][48] Actual: 0.010000 Required: 0.060000 Type: Enclosure # 10 60 160 1 : 285.1800 121.1000 285.4600 121.6490 2     LEF Description:   ENCLOSURE ABOVE   0.010000 0.060000 ;
675	0x7f235ca9a5c0	{284.63 130.63 284.89 130.89}	VIA1	Geometry	Cut_Enclosure	Regular Wire of Net FE_OFN64_u_core_n_67823 Actual: 0.010000 Required: 0.060000 Type: Enclosure # 10 60 160 1 : 284.6200 130.6200 284.9000 130.9000 2     LEF Description:   ENCLOSURE ABOVE   0.010000 0.060000 ;
676	0x7f235ca9a440	{284.07 130.07 284.33 130.33}	VIA1	Geometry	Cut_Enclosure	Regular Wire of Net FE_OFN106_u_core_n_68661 Actual: 0.010000 Required: 0.060000 Type: Enclosure # 10 60 160 1 : 284.0600 130.0600 284.3400 130.3400 2     LEF Description:   ENCLOSURE ABOVE   0.010000 0.060000 ;
677	0x7f235ca9a230	{282.95 130.07 283.21 130.33}	VIA1	Geometry	Cut_Enclosure	Regular Wire of Net u_core_hit_capture_snapshot[hit_level][44] Actual: 0.010000 Required: 0.060000 Type: Enclosure # 10 60 160 1 : 282.9400 130.0600 283.2200 130.6090 2     LEF Description:   ENCLOSURE ABOVE   0.010000 0.060000 ;
678	0x7f235ca9b310	{290.345 125.805 290.605 126.065}	VIA1	Geometry	Cut_Enclosure	Regular Wire of Net u_core_n_67633 Actual: 0.010000 Required: 0.060000 Type: Enclosure # 10 60 160 1 : 290.2200 125.7950 290.5000 126.3440 2     LEF Description:   ENCLOSURE ABOVE   0.010000 0.060000 ;
679	0x7f235ca9b400	{290.79 132.87 291.05 133.13}	VIA1	Geometry	Cut_Enclosure	Regular Wire of Net n_4787 & Regular Wire of Net FE_OCPN4979_u_core_pd_hit_level_42 Actual: 0.010000 Required: 0.060000 Type: Enclosure # 10 60 160 1 : 290.7800 132.8600 291.0600 133.1400 2     LEF Description:   ENCLOSURE ABOVE   0.010000 0.060000 ;
680	0x7f235ca9b4c0	{291.16 129.34 291.42 129.6}	VIA1	Geometry	Cut_Enclosure	Regular Wire of Net u_core_hit_capture_snapshot[hit_level][42] Actual: 0.010000 Required: 0.060000 Type: Enclosure # 10 60 160 1 : 291.3400 129.3300 291.6200 129.7800 2     LEF Description:   ENCLOSURE ABOVE   0.010000 0.060000 ;
681	0x7f235ca9b580	{291.74 128.81 292.0 129.07}	VIA1	Geometry	Cut_Enclosure	Regular Wire of Net u_core_n_69022 Actual: 0.010000 Required: 0.060000 Type: Enclosure # 10 60 160 1 : 291.9000 128.5310 292.1800 129.0800 2     LEF Description:   ENCLOSURE ABOVE   0.010000 0.060000 ;
682	0x7f235ca9b760	{292.47 123.91 292.73 124.17}	VIA1	Geometry	Cut_Enclosure	Regular Wire of Net u_core_hit_capture_snapshot[hit_level][42] Actual: 0.010000 Required: 0.060000 Type: Enclosure # 10 60 160 1 : 292.4600 123.9000 292.7400 124.4490 2     LEF Description:   ENCLOSURE ABOVE   0.010000 0.060000 ;
683	0x7f235ca9b7f0	{292.915 120.335 293.175 120.595}	VIA1	Geometry	Cut_Enclosure	Regular Wire of Net u_core_u_drain_ctrl_n_1833 Actual: 0.010000 Required: 0.060000 Type: Enclosure # 10 60 160 1 : 293.0200 120.3250 293.3000 120.8740 2     LEF Description:   ENCLOSURE ABOVE   0.010000 0.060000 ;
684	0x7f235ca9b880	{293.03 121.67 293.29 121.93}	VIA1	Geometry	Cut_Enclosure	Regular Wire of Net n_1665 Actual: 0.010000 Required: 0.060000 Type: Enclosure # 10 60 160 1 : 293.0200 121.6600 293.3000 121.9400 2     LEF Description:   ENCLOSURE ABOVE   0.010000 0.060000 ;
685	0x7f235ca9b8b0	{293.03 129.51 293.29 129.77}	VIA1	Geometry	Cut_Enclosure	Regular Wire of Net FE_OCPN4979_u_core_pd_hit_level_42 Actual: 0.010000 Required: 0.060000 Type: Enclosure # 10 60 160 1 : 293.0200 129.5000 293.3000 129.7800 2     LEF Description:   ENCLOSURE ABOVE   0.010000 0.060000 ;
686	0x7f235ca9b940	{293.45 129.34 293.71 129.6}	VIA1	Geometry	Cut_Enclosure	Regular Wire of Net u_core_n_72446 Actual: 0.010000 Required: 0.060000 Type: Enclosure # 10 60 160 1 : 293.5800 129.3300 293.8600 129.7800 2     LEF Description:   ENCLOSURE ABOVE   0.010000 0.060000 ;
687	0x7f235ca9bd00	{294.71 121.11 294.97 121.37}	VIA1	Geometry	Cut_Enclosure	Regular Wire of Net n_1655 Actual: 0.010000 Required: 0.060000 Type: Enclosure # 10 60 160 1 : 294.7000 121.1000 294.9800 121.3800 2     LEF Description:   ENCLOSURE ABOVE   0.010000 0.060000 ;
688	0x7f235ca9bd30	{294.71 133.99 294.97 134.25}	VIA1	Geometry	Cut_Enclosure	Regular Wire of Net FE_OFN55_FE_DBTN0_u_core_rst_sys_drain_n Actual: 0.010000 Required: 0.060000 Type: Enclosure # 10 60 160 1 : 294.7000 133.9800 294.9800 134.2600 2     LEF Description:   ENCLOSURE ABOVE   0.010000 0.060000 ;
689	0x7f235caa60b0	{296.39 133.43 296.65 133.69}	VIA1	Geometry	Cut_Enclosure	Regular Wire of Net u_core_n_69476 Actual: 0.010000 Required: 0.060000 Type: Enclosure # 10 60 160 1 : 296.3800 133.4200 296.6600 133.9690 2     LEF Description:   ENCLOSURE ABOVE   0.010000 0.060000 ;
690	0x7f235caa6110	{296.505 134.765 296.765 135.025}	VIA1	Geometry	Cut_Enclosure	Regular Wire of Net u_core_n_67185 Actual: 0.010000 Required: 0.060000 Type: Enclosure # 10 60 160 1 : 296.3800 134.4860 296.6600 135.0350 2     LEF Description:   ENCLOSURE ABOVE   0.010000 0.060000 ;
691	0x7f235caa61d0	{296.95 130.07 297.21 130.33}	VIA1	Geometry	Cut_Enclosure	Regular Wire of Net u_core_n_67185 Actual: 0.010000 Required: 0.060000 Type: Enclosure # 10 60 160 1 : 296.9400 130.0600 297.2200 130.3400 2     LEF Description:   ENCLOSURE ABOVE   0.010000 0.060000 ;
692	0x7f235ca91be0	{280.71 133.99 280.97 134.25}	VIA1	Geometry	Cut_Enclosure	Regular Wire of Net u_core_n_65641 Actual: 0.010000 Required: 0.060000 Type: Enclosure # 10 60 160 1 : 280.7000 133.7110 280.9800 134.2600 2     LEF Description:   ENCLOSURE ABOVE   0.010000 0.060000 ;
693	0x7f235ca91bb0	{280.71 131.19 280.97 131.45}	VIA1	Geometry	Cut_Enclosure	Regular Wire of Net n_4863 Actual: 0.010000 Required: 0.060000 Type: Enclosure # 10 60 160 1 : 280.7000 131.1800 280.9800 131.4600 2     LEF Description:   ENCLOSURE ABOVE   0.010000 0.060000 ;
694	0x7f235ca91820	{278.61 120.335 278.87 120.595}	VIA1	Geometry	Cut_Enclosure	Regular Wire of Net u_core_n_66368 Actual: 0.010000 Required: 0.060000 Type: Enclosure # 10 60 160 1 : 278.4600 120.3250 278.7400 120.8200 2     LEF Description:   ENCLOSURE ABOVE   0.010000 0.060000 ;
695	0x7f235ca91700	{277.91 125.03 278.17 125.29}	VIA1	Geometry	Cut_Enclosure	Regular Wire of Net u_core_n_66368 Actual: 0.010000 Required: 0.060000 Type: Enclosure # 10 60 160 1 : 277.9000 124.7510 278.1800 125.3000 2     LEF Description:   ENCLOSURE ABOVE   0.010000 0.060000 ;
696	0x7f235ca91340	{276.23 121.67 276.49 121.93}	VIA1	Geometry	Cut_Enclosure	Regular Wire of Net FE_OFN96_u_core_n_68384 Actual: 0.010000 Required: 0.060000 Type: Enclosure # 10 60 160 1 : 276.2200 121.6600 276.5000 122.2090 2     LEF Description:   ENCLOSURE ABOVE   0.010000 0.060000 ;
697	0x7f235ca91220	{275.67 133.99 275.93 134.25}	VIA1	Geometry	Cut_Enclosure	Regular Wire of Net FE_OFN82_u_core_n_68100 Actual: 0.010000 Required: 0.060000 Type: Enclosure # 10 60 160 1 : 275.6600 133.7110 275.9400 134.2600 2     LEF Description:   ENCLOSURE ABOVE   0.010000 0.060000 ;
698	0x7f235ca91130	{275.11 133.43 275.37 133.69}	VIA1	Geometry	Cut_Enclosure	Regular Wire of Net FE_OFN96_u_core_n_68384 Actual: 0.010000 Required: 0.060000 Type: Enclosure # 10 60 160 1 : 275.1000 133.4200 275.3800 133.7000 2     LEF Description:   ENCLOSURE ABOVE   0.010000 0.060000 ;
699	0x7f235ca90fe0	{274.55 121.11 274.81 121.37}	VIA1	Geometry	Cut_Enclosure	Regular Wire of Net u_core_hit_capture_snapshot[hit_level][56] & Regular Wire of Net u_core_hit_capture_snapshot[hit_level][58] Actual: 0.010000 Required: 0.060000 Type: Enclosure # 10 60 160 1 : 274.5400 121.1000 274.8200 121.6490 2     LEF Description:   ENCLOSURE ABOVE   0.010000 0.060000 ;
700	0x7f235ca90e90	{273.99 134.55 274.25 134.81}	VIA1	Geometry	Cut_Enclosure	Regular Wire of Net n_4863 Actual: 0.010000 Required: 0.060000 Type: Enclosure # 10 60 160 1 : 273.9800 134.5400 274.2600 135.0890 2     LEF Description:   ENCLOSURE ABOVE   0.010000 0.060000 ;
701	0x7f235ca90140	{265.59 130.07 265.85 130.33}	VIA1	Geometry	Cut_Enclosure	Regular Wire of Net n_4867 Actual: 0.010000 Required: 0.060000 Type: Enclosure # 10 60 160 1 : 265.5800 130.0600 265.8600 130.3400 2     LEF Description:   ENCLOSURE ABOVE   0.010000 0.060000 ;
702	0x7f235ca90170	{265.59 133.99 265.85 134.25}	VIA1	Geometry	Cut_Enclosure	Regular Wire of Net u_core_hit_capture_snapshot[hit_level][48] Actual: 0.010000 Required: 0.060000 Type: Enclosure # 10 60 160 1 : 265.5800 133.9800 265.8600 134.2600 2     LEF Description:   ENCLOSURE ABOVE   0.010000 0.060000 ;
703	0x7f235ca90260	{266.15 121.11 266.41 121.37}	VIA1	Geometry	Cut_Enclosure	Regular Wire of Net n_4869 Actual: 0.010000 Required: 0.060000 Type: Enclosure # 10 60 160 1 : 266.1400 121.1000 266.4200 121.6490 2     LEF Description:   ENCLOSURE ABOVE   0.010000 0.060000 ;
704	0x7f235ca90560	{267.83 123.91 268.09 124.17}	VIA1	Geometry	Cut_Enclosure	Regular Wire of Net n_4875 Actual: 0.010000 Required: 0.060000 Type: Enclosure # 10 60 160 1 : 267.8200 123.9000 268.1000 124.4490 2     LEF Description:   ENCLOSURE ABOVE   0.010000 0.060000 ;
705	0x7f235ca90650	{268.08 129.34 268.34 129.6}	VIA1	Geometry	Cut_Enclosure	Regular Wire of Net n_4791 Actual: 0.010000 Required: 0.060000 Type: Enclosure # 10 60 160 1 : 267.8200 129.3300 268.1000 129.8790 2     LEF Description:   ENCLOSURE ABOVE   0.010000 0.060000 ;
706	0x7f235ca90710	{268.64 120.38 268.9 120.64}	VIA1	Geometry	Cut_Enclosure	Regular Wire of Net n_4793 Actual: 0.010000 Required: 0.060000 Type: Enclosure # 10 60 160 1 : 268.3800 120.1010 268.6600 120.6500 2     LEF Description:   ENCLOSURE ABOVE   0.010000 0.060000 ;
707	0x7f235ca90800	{269.09 128.81 269.35 129.07}	VIA1	Geometry	Cut_Enclosure	Regular Wire of Net u_core_ctx_snapshot[hit_level][48] Actual: 0.010000 Required: 0.060000 Type: Enclosure # 10 60 160 1 : 268.9400 128.8000 269.2200 129.2200 2     LEF Description:   ENCLOSURE ABOVE   0.010000 0.060000 ;
708	0x7f235ca908c0	{269.65 119.85 269.91 120.11}	VIA1	Geometry	Cut_Enclosure	Regular Wire of Net u_core_ctx_snapshot[hit_level][50] Actual: 0.010000 Required: 0.060000 Type: Enclosure # 10 60 160 1 : 269.5000 119.5710 269.7800 120.1200 2     LEF Description:   ENCLOSURE ABOVE   0.010000 0.060000 ;
709	0x7f235ca90a70	{270.63 130.07 270.89 130.33}	VIA1	Geometry	Cut_Enclosure	Regular Wire of Net u_core_n_66315 Actual: 0.010000 Required: 0.060000 Type: Enclosure # 10 60 160 1 : 270.6200 130.0600 270.9000 130.6090 2     LEF Description:   ENCLOSURE ABOVE   0.010000 0.060000 ;
710	0x7f235ca90ce0	{272.73 134.765 272.99 135.025}	VIA1	Geometry	Cut_Enclosure	Regular Wire of Net u_core_n_66315 Actual: 0.010000 Required: 0.060000 Type: Enclosure # 10 60 160 1 : 272.8600 134.7550 273.1400 135.3040 2     LEF Description:   ENCLOSURE ABOVE   0.010000 0.060000 ;
711	0x7f235ca9afb0	{288.435 111.375 288.695 111.635}	VIA1	Geometry	Cut_Enclosure	Regular Wire of Net u_core_u_drain_ctrl_n_1830 & Regular Wire of Net n_4927 Actual: 0.010000 Required: 0.060000 Type: Enclosure # 10 60 160 1 : 288.5400 111.0960 288.8200 111.6450 2     LEF Description:   ENCLOSURE ABOVE   0.010000 0.060000 ;
712	0x7f235ca9af80	{288.435 107.885 288.695 108.145}	VIA1	Geometry	Cut_Enclosure	Regular Wire of Net u_core_u_drain_ctrl_n_1832 Actual: 0.010000 Required: 0.060000 Type: Enclosure # 10 60 160 1 : 288.5400 107.8750 288.8200 108.4240 2     LEF Description:   ENCLOSURE ABOVE   0.010000 0.060000 ;
713	0x7f235ca9ad70	{287.57 117.37 287.83 117.63}	VIA1	Geometry	Cut_Enclosure	Regular Wire of Net n_1761 Actual: 0.010000 Required: 0.060000 Type: Enclosure # 10 60 160 1 : 287.4200 117.0910 287.7000 117.6400 2     LEF Description:   ENCLOSURE ABOVE   0.010000 0.060000 ;
714	0x7f235ca9aaa0	{286.45 116.8 286.71 117.06}	VIA1	Geometry	Cut_Enclosure	Regular Wire of Net n_1745 Actual: 0.010000 Required: 0.060000 Type: Enclosure # 10 60 160 1 : 286.3000 116.5210 286.5800 117.0700 2     LEF Description:   ENCLOSURE ABOVE   0.010000 0.060000 ;
715	0x7f235ca9a860	{285.75 103.19 286.01 103.45}	VIA1	Geometry	Cut_Enclosure	Regular Wire of Net n_4787 Actual: 0.010000 Required: 0.060000 Type: Enclosure # 10 60 160 1 : 285.7400 103.1800 286.0200 103.7290 2     LEF Description:   ENCLOSURE ABOVE   0.010000 0.060000 ;
716	0x7f235ca9a7a0	{285.38 115.68 285.64 115.94}	VIA1	Geometry	Cut_Enclosure	Regular Wire of Net n_1748 Actual: 0.010000 Required: 0.060000 Type: Enclosure # 10 60 160 1 : 285.1800 115.5000 285.4600 115.9500 2     LEF Description:   ENCLOSURE ABOVE   0.010000 0.060000 ;
717	0x7f235ca9a3b0	{283.51 112.15 283.77 112.41}	VIA1	Geometry	Cut_Enclosure	Regular Wire of Net u_core_u_drain_ctrl_n_1830 Actual: 0.010000 Required: 0.060000 Type: Enclosure # 10 60 160 1 : 283.5000 111.8710 283.7800 112.4200 2     LEF Description:   ENCLOSURE ABOVE   0.010000 0.060000 ;
718	0x7f235ca9a380	{283.51 107.11 283.77 107.37}	VIA1	Geometry	Cut_Enclosure	Regular Wire of Net u_core_u_drain_ctrl_n_1832 Actual: 0.010000 Required: 0.060000 Type: Enclosure # 10 60 160 1 : 283.5000 107.1000 283.7800 107.6490 2     LEF Description:   ENCLOSURE ABOVE   0.010000 0.060000 ;
719	0x7f235ca9a350	{283.09 110.89 283.35 111.15}	VIA1	Geometry	Cut_Enclosure	Regular Wire of Net n_1744 Actual: 0.010000 Required: 0.060000 Type: Enclosure # 10 60 160 1 : 282.9400 110.8800 283.2200 111.4290 2     LEF Description:   ENCLOSURE ABOVE   0.010000 0.060000 ;
720	0x7f235ca9a320	{283.09 108.37 283.35 108.63}	VIA1	Geometry	Cut_Enclosure	Regular Wire of Net n_1745 Actual: 0.010000 Required: 0.060000 Type: Enclosure # 10 60 160 1 : 282.9400 108.3600 283.2200 108.9090 2     LEF Description:   ENCLOSURE ABOVE   0.010000 0.060000 ;
721	0x7f235ca9a170	{282.39 112.71 282.65 112.97}	VIA1	Geometry	Cut_Enclosure	Regular Wire of Net u_core_ctx_snapshot[hit_level][56] Actual: 0.010000 Required: 0.060000 Type: Enclosure # 10 60 160 1 : 282.3800 112.7000 282.6600 112.9800 2     LEF Description:   ENCLOSURE ABOVE   0.010000 0.060000 ;
722	0x7f235ca9a140	{282.39 106.55 282.65 106.81}	VIA1	Geometry	Cut_Enclosure	Regular Wire of Net u_core_ctx_snapshot[hit_level][52] Actual: 0.010000 Required: 0.060000 Type: Enclosure # 10 60 160 1 : 282.3800 106.5400 282.6600 106.8200 2     LEF Description:   ENCLOSURE ABOVE   0.010000 0.060000 ;
723	0x7f235ca9b010	{288.55 106.55 288.81 106.81}	VIA1	Geometry	Cut_Enclosure	Regular Wire of Net n_4926 Actual: 0.010000 Required: 0.060000 Type: Enclosure # 10 60 160 1 : 288.5400 106.5400 288.8200 106.8200 2     LEF Description:   ENCLOSURE ABOVE   0.010000 0.060000 ;
724	0x7f235ca9b040	{288.55 112.71 288.81 112.97}	VIA1	Geometry	Cut_Enclosure	Regular Wire of Net n_4927 Actual: 0.010000 Required: 0.060000 Type: Enclosure # 10 60 160 1 : 288.5400 112.4310 288.8200 112.9800 2     LEF Description:   ENCLOSURE ABOVE   0.010000 0.060000 ;
725	0x7f235ca9b250	{290.23 107.11 290.49 107.37}	VIA1	Geometry	Cut_Enclosure	Regular Wire of Net n_1652 & Regular Wire of Net u_core_hit_capture_snapshot[hit_level][46] Actual: 0.010000 Required: 0.060000 Type: Enclosure # 10 60 160 1 : 290.2200 107.1000 290.5000 107.3800 2     LEF Description:   ENCLOSURE ABOVE   0.010000 0.060000 ;
726	0x7f235ca9b280	{290.23 112.15 290.49 112.41}	VIA1	Geometry	Cut_Enclosure	Regular Wire of Net n_1652 & Regular Wire of Net u_core_hit_capture_snapshot[hit_level][46] Actual: 0.010000 Required: 0.060000 Type: Enclosure # 10 60 160 1 : 290.2200 112.1400 290.5000 112.4200 2     LEF Description:   ENCLOSURE ABOVE   0.010000 0.060000 ;
727	0x7f235ca9b3d0	{290.79 116.07 291.05 116.33}	VIA1	Geometry	Cut_Enclosure	Regular Wire of Net n_1652 Actual: 0.010000 Required: 0.060000 Type: Enclosure # 10 60 160 1 : 290.7800 115.7910 291.0600 116.3400 2     LEF Description:   ENCLOSURE ABOVE   0.010000 0.060000 ;
728	0x7f235ca9b790	{292.585 116.845 292.845 117.105}	VIA1	Geometry	Cut_Enclosure	Regular Wire of Net u_core_u_drain_ctrl_n_1834 & Regular Wire of Net n_1665 Actual: 0.010000 Required: 0.060000 Type: Enclosure # 10 60 160 1 : 292.4600 116.8350 292.7400 117.3840 2     LEF Description:   ENCLOSURE ABOVE   0.010000 0.060000 ;
729	0x7f235ca9ba30	{294.035 111.375 294.295 111.635}	VIA1	Geometry	Cut_Enclosure	Regular Wire of Net u_core_u_drain_ctrl_n_1829 Actual: 0.010000 Required: 0.060000 Type: Enclosure # 10 60 160 1 : 294.1400 111.3650 294.4200 111.9140 2     LEF Description:   ENCLOSURE ABOVE   0.010000 0.060000 ;
730	0x7f235ca9baf0	{294.15 103.75 294.41 104.01}	VIA1	Geometry	Cut_Enclosure	Regular Wire of Net n_4926 & Regular Wire of Net n_4927 Actual: 0.010000 Required: 0.060000 Type: Enclosure # 10 60 160 1 : 294.1400 103.7400 294.4200 104.2890 2     LEF Description:   ENCLOSURE ABOVE   0.010000 0.060000 ;
731	0x7f235ca9bb20	{294.15 112.71 294.41 112.97}	VIA1	Geometry	Cut_Enclosure	Regular Wire of Net n_4927 Actual: 0.010000 Required: 0.060000 Type: Enclosure # 10 60 160 1 : 294.1400 112.4310 294.4200 112.9800 2     LEF Description:   ENCLOSURE ABOVE   0.010000 0.060000 ;
732	0x7f235ca9be50	{295.46 115.68 295.72 115.94}	VIA1	Geometry	Cut_Enclosure	Regular Wire of Net n_1744 & Regular Wire of Net n_1655 Actual: 0.010000 Required: 0.060000 Type: Enclosure # 10 60 160 1 : 295.2600 115.5000 295.5400 115.9500 2     LEF Description:   ENCLOSURE ABOVE   0.010000 0.060000 ;
733	0x7f235ca9bee0	{295.83 103.19 296.09 103.45}	VIA1	Geometry	Cut_Enclosure	Regular Wire of Net n_1655 Actual: 0.010000 Required: 0.060000 Type: Enclosure # 10 60 160 1 : 295.8200 103.1800 296.1000 103.7290 2     LEF Description:   ENCLOSURE ABOVE   0.010000 0.060000 ;
734	0x7f235caa6140	{296.53 116.8 296.79 117.06}	VIA1	Geometry	Cut_Enclosure	Regular Wire of Net n_1743 Actual: 0.010000 Required: 0.060000 Type: Enclosure # 10 60 160 1 : 296.3800 116.7900 296.6600 117.3390 2     LEF Description:   ENCLOSURE ABOVE   0.010000 0.060000 ;
735	0x7f235caa62c0	{297.65 117.37 297.91 117.63}	VIA1	Geometry	Cut_Enclosure	Regular Wire of Net FE_RN_3_0 Actual: 0.010000 Required: 0.060000 Type: Enclosure # 10 60 160 1 : 297.5000 117.0910 297.7800 117.6400 2     LEF Description:   ENCLOSURE ABOVE   0.010000 0.060000 ;
736	0x7f235ca91d00	{280.85 117.33 281.11 117.59}	VIA1	Geometry	Cut_Enclosure	Regular Wire of Net u_core_ctx_snapshot[hit_level][56] Actual: 0.010000 Required: 0.060000 Type: Enclosure # 10 60 160 1 : 280.7000 117.1800 280.9800 117.6000 2     LEF Description:   ENCLOSURE ABOVE   0.010000 0.060000 ;
737	0x7f235ca91b80	{280.71 112.15 280.97 112.41}	VIA1	Geometry	Cut_Enclosure	Regular Wire of Net u_core_ctx_snapshot[hit_level][58] Actual: 0.010000 Required: 0.060000 Type: Enclosure # 10 60 160 1 : 280.7000 111.8710 280.9800 112.4200 2     LEF Description:   ENCLOSURE ABOVE   0.010000 0.060000 ;
738	0x7f235ca91a90	{279.84 116.8 280.1 117.06}	VIA1	Geometry	Cut_Enclosure	Regular Wire of Net n_4799 Actual: 0.010000 Required: 0.060000 Type: Enclosure # 10 60 160 1 : 279.5800 116.6200 279.8600 117.0700 2     LEF Description:   ENCLOSURE ABOVE   0.010000 0.060000 ;
739	0x7f235ca915e0	{277.35 116.07 277.61 116.33}	VIA1	Geometry	Cut_Enclosure	Regular Wire of Net n_4875 Actual: 0.010000 Required: 0.060000 Type: Enclosure # 10 60 160 1 : 277.3400 116.0600 277.6200 116.6090 2     LEF Description:   ENCLOSURE ABOVE   0.010000 0.060000 ;
740	0x7f235ca915b0	{277.35 113.27 277.61 113.53}	VIA1	Geometry	Cut_Enclosure	Regular Wire of Net n_4799 Actual: 0.010000 Required: 0.060000 Type: Enclosure # 10 60 160 1 : 277.3400 113.2600 277.6200 113.5400 2     LEF Description:   ENCLOSURE ABOVE   0.010000 0.060000 ;
741	0x7f235ca91580	{277.35 103.19 277.61 103.45}	VIA1	Geometry	Cut_Enclosure	Regular Wire of Net n_4877 Actual: 0.010000 Required: 0.060000 Type: Enclosure # 10 60 160 1 : 277.3400 102.9110 277.6200 103.4600 2     LEF Description:   ENCLOSURE ABOVE   0.010000 0.060000 ;
742	0x7f235ca91490	{276.79 117.75 277.05 118.01}	VIA1	Geometry	Cut_Enclosure	Regular Wire of Net FE_OFN152_u_core_drain_read_ctx_0 & Regular Wire of Net FE_OFN96_u_core_n_68384 Actual: 0.010000 Required: 0.060000 Type: Enclosure # 10 60 160 1 : 276.7800 117.4710 277.0600 118.0200 2     LEF Description:   ENCLOSURE ABOVE   0.010000 0.060000 ;
743	0x7f235ca911f0	{275.67 104.31 275.93 104.57}	VIA1	Geometry	Cut_Enclosure	Regular Wire of Net n_4801 & Regular Wire of Net FE_OFN82_u_core_n_68100 Actual: 0.010000 Required: 0.060000 Type: Enclosure # 10 60 160 1 : 275.6600 104.3000 275.9400 104.5800 2     LEF Description:   ENCLOSURE ABOVE   0.010000 0.060000 ;
744	0x7f235ca90110	{265.59 103.19 265.85 103.45}	VIA1	Geometry	Cut_Enclosure	Regular Wire of Net u_core_n_64875 Actual: 0.010000 Required: 0.060000 Type: Enclosure # 10 60 160 1 : 265.5800 103.1800 265.8600 103.4600 2     LEF Description:   ENCLOSURE ABOVE   0.010000 0.060000 ;
745	0x7f235ca90230	{266.01 116.845 266.27 117.105}	VIA1	Geometry	Cut_Enclosure	Regular Wire of Net u_core_n_64871 Actual: 0.010000 Required: 0.060000 Type: Enclosure # 10 60 160 1 : 266.1400 116.5660 266.4200 117.1150 2     LEF Description:   ENCLOSURE ABOVE   0.010000 0.060000 ;
746	0x7f235ca903e0	{267.27 112.15 267.53 112.41}	VIA1	Geometry	Cut_Enclosure	Regular Wire of Net u_core_n_64871 Actual: 0.010000 Required: 0.060000 Type: Enclosure # 10 60 160 1 : 267.2600 112.1400 267.5400 112.4200 2     LEF Description:   ENCLOSURE ABOVE   0.010000 0.060000 ;
747	0x7f235ca90410	{267.27 116.63 267.53 116.89}	VIA1	Geometry	Cut_Enclosure	Regular Wire of Net n_4799 Actual: 0.010000 Required: 0.060000 Type: Enclosure # 10 60 160 1 : 267.2600 116.6200 267.5400 116.9000 2     LEF Description:   ENCLOSURE ABOVE   0.010000 0.060000 ;
748	0x7f235ca906b0	{268.39 115.51 268.65 115.77}	VIA1	Geometry	Cut_Enclosure	Regular Wire of Net FE_OFN64_u_core_n_67823 Actual: 0.010000 Required: 0.060000 Type: Enclosure # 10 60 160 1 : 268.3800 115.2310 268.6600 115.7800 2     LEF Description:   ENCLOSURE ABOVE   0.010000 0.060000 ;
749	0x7f235ca907a0	{268.95 116.07 269.21 116.33}	VIA1	Geometry	Cut_Enclosure	Regular Wire of Net FE_OFN106_u_core_n_68661 Actual: 0.010000 Required: 0.060000 Type: Enclosure # 10 60 160 1 : 268.9400 115.7910 269.2200 116.3400 2     LEF Description:   ENCLOSURE ABOVE   0.010000 0.060000 ;
750	0x7f235ca909e0	{270.07 116.07 270.33 116.33}	VIA1	Geometry	Cut_Enclosure	Regular Wire of Net u_core_hit_capture_snapshot[hit_level][56] & Regular Wire of Net u_core_hit_capture_snapshot[hit_level][40] Actual: 0.010000 Required: 0.060000 Type: Enclosure # 10 60 160 1 : 270.0600 115.7910 270.3400 116.3400 2     LEF Description:   ENCLOSURE ABOVE   0.010000 0.060000 ;
751	0x7f235ca91b50	{280.71 107.11 280.97 107.37}	VIA1	Geometry	Cut_Enclosure	Regular Wire of Net u_core_ctx_snapshot[hit_level][54] Actual: 0.010000 Required: 0.060000 Type: Enclosure # 10 60 160 1 : 280.7000 107.1000 280.9800 107.6490 2     LEF Description:   ENCLOSURE ABOVE   0.010000 0.060000 ;
752	0x7f235ca91f70	{281.83 106.55 282.09 106.81}	VIA1	Geometry	Cut_Enclosure	Regular Wire of Net u_core_u_drain_ctrl_n_1831 Actual: 0.010000 Required: 0.060000 Type: Enclosure # 10 60 160 1 : 281.8200 106.2710 282.1000 106.8200 2     LEF Description:   ENCLOSURE ABOVE   0.010000 0.060000 ;
753	0x7f235ca91fa0	{281.83 112.71 282.09 112.97}	VIA1	Geometry	Cut_Enclosure	Regular Wire of Net u_core_u_drain_ctrl_n_1829 Actual: 0.010000 Required: 0.060000 Type: Enclosure # 10 60 160 1 : 281.8200 112.4310 282.1000 112.9800 2     LEF Description:   ENCLOSURE ABOVE   0.010000 0.060000 ;
754	0x7f235caa6320	{298.49 93.455 298.75 93.715}	VIA1	Geometry	Cut_Enclosure	Regular Wire of Net u_core_n_64859 Actual: 0.010000 Required: 0.060000 Type: Enclosure # 10 60 160 1 : 298.6200 93.1760 298.9000 93.7250 2     LEF Description:   ENCLOSURE ABOVE   0.010000 0.060000 ;
755	0x7f235caa6350	{298.63 80.23 298.89 80.49}	VIA1	Geometry	Cut_Enclosure	Regular Wire of Net u_core_hit_capture_snapshot[hit_level][53] Actual: 0.010000 Required: 0.060000 Type: Enclosure # 10 60 160 1 : 298.6200 79.9510 298.9000 80.5000 2     LEF Description:   ENCLOSURE ABOVE   0.010000 0.060000 ;
756	0x7f235caa63e0	{299.19 76.31 299.45 76.57}	VIA1	Geometry	Cut_Enclosure	Regular Wire of Net u_core_hit_capture_snapshot[hit_level][53] Actual: 0.010000 Required: 0.060000 Type: Enclosure # 10 60 160 1 : 299.1800 76.3000 299.4600 76.5800 2     LEF Description:   ENCLOSURE ABOVE   0.010000 0.060000 ;
757	0x7f235caa6470	{299.75 80.23 300.01 80.49}	VIA1	Geometry	Cut_Enclosure	Regular Wire of Net FE_OFN82_u_core_n_68100 & Regular Wire of Net FE_OFN96_u_core_n_68384 Actual: 0.010000 Required: 0.060000 Type: Enclosure # 10 60 160 1 : 299.7400 80.2200 300.0200 80.5000 2     LEF Description:   ENCLOSURE ABOVE   0.010000 0.060000 ;
758	0x7f235caa64a0	{299.75 93.67 300.01 93.93}	VIA1	Geometry	Cut_Enclosure	Regular Wire of Net n_4794 Actual: 0.010000 Required: 0.060000 Type: Enclosure # 10 60 160 1 : 299.7400 93.6600 300.0200 93.9400 2     LEF Description:   ENCLOSURE ABOVE   0.010000 0.060000 ;
759	0x7f235caa6560	{300.17 101.93 300.43 102.19}	VIA1	Geometry	Cut_Enclosure	Regular Wire of Net n_1746 & Regular Wire of Net n_1752 Actual: 0.010000 Required: 0.060000 Type: Enclosure # 10 60 160 1 : 300.3000 101.9200 300.5800 102.3400 2     LEF Description:   ENCLOSURE ABOVE   0.010000 0.060000 ;
760	0x7f235caa65c0	{300.31 76.31 300.57 76.57}	VIA1	Geometry	Cut_Enclosure	Regular Wire of Net FE_OFN106_u_core_n_68661 & Regular Wire of Net u_core_hit_capture_snapshot[hit_level][55] Actual: 0.010000 Required: 0.060000 Type: Enclosure # 10 60 160 1 : 300.3000 76.3000 300.5800 76.5800 2     LEF Description:   ENCLOSURE ABOVE   0.010000 0.060000 ;
761	0x7f235caa65f0	{300.31 79.67 300.57 79.93}	VIA1	Geometry	Cut_Enclosure	Regular Wire of Net FE_OFN96_u_core_n_68384 & Regular Wire of Net u_core_hit_capture_snapshot[hit_level][55] Actual: 0.010000 Required: 0.060000 Type: Enclosure # 10 60 160 1 : 300.3000 79.6600 300.5800 79.9400 2     LEF Description:   ENCLOSURE ABOVE   0.010000 0.060000 ;
762	0x7f235caa6620	{300.31 85.27 300.57 85.53}	VIA1	Geometry	Cut_Enclosure	Regular Wire of Net u_core_hit_capture_snapshot[hit_level][55] Actual: 0.010000 Required: 0.060000 Type: Enclosure # 10 60 160 1 : 300.3000 84.9910 300.5800 85.5400 2     LEF Description:   ENCLOSURE ABOVE   0.010000 0.060000 ;
763	0x7f235caa6650	{300.31 98.15 300.57 98.41}	VIA1	Geometry	Cut_Enclosure	Regular Wire of Net u_core_ctx_snapshot[hit_level][40] Actual: 0.010000 Required: 0.060000 Type: Enclosure # 10 60 160 1 : 300.3000 98.1400 300.5800 98.4200 2     LEF Description:   ENCLOSURE ABOVE   0.010000 0.060000 ;
764	0x7f235caa67a0	{300.73 99.41 300.99 99.67}	VIA1	Geometry	Cut_Enclosure	Regular Wire of Net n_1752 Actual: 0.010000 Required: 0.060000 Type: Enclosure # 10 60 160 1 : 300.8600 99.2600 301.1400 99.6800 2     LEF Description:   ENCLOSURE ABOVE   0.010000 0.060000 ;
765	0x7f235caa67d0	{300.87 94.79 301.13 95.05}	VIA1	Geometry	Cut_Enclosure	Regular Wire of Net FE_OFN64_u_core_n_67823 Actual: 0.010000 Required: 0.060000 Type: Enclosure # 10 60 160 1 : 300.8600 94.7800 301.1400 95.0600 2     LEF Description:   ENCLOSURE ABOVE   0.010000 0.060000 ;
766	0x7f235caa6890	{301.43 80.79 301.69 81.05}	VIA1	Geometry	Cut_Enclosure	Regular Wire of Net n_4872 Actual: 0.010000 Required: 0.060000 Type: Enclosure # 10 60 160 1 : 301.4200 80.7800 301.7000 81.0600 2     LEF Description:   ENCLOSURE ABOVE   0.010000 0.060000 ;
767	0x7f235caa68c0	{301.43 85.27 301.69 85.53}	VIA1	Geometry	Cut_Enclosure	Regular Wire of Net FE_OFN82_u_core_n_68100 Actual: 0.010000 Required: 0.060000 Type: Enclosure # 10 60 160 1 : 301.4200 84.9910 301.7000 85.5400 2     LEF Description:   ENCLOSURE ABOVE   0.010000 0.060000 ;
768	0x7f235caa68f0	{301.43 94.23 301.69 94.49}	VIA1	Geometry	Cut_Enclosure	Regular Wire of Net FE_OFN106_u_core_n_68661 Actual: 0.010000 Required: 0.060000 Type: Enclosure # 10 60 160 1 : 301.4200 94.2200 301.7000 94.5000 2     LEF Description:   ENCLOSURE ABOVE   0.010000 0.060000 ;
769	0x7f235caa6920	{301.43 97.59 301.69 97.85}	VIA1	Geometry	Cut_Enclosure	Regular Wire of Net u_core_u_drain_ctrl_n_1838 Actual: 0.010000 Required: 0.060000 Type: Enclosure # 10 60 160 1 : 301.4200 97.3110 301.7000 97.8600 2     LEF Description:   ENCLOSURE ABOVE   0.010000 0.060000 ;
770	0x7f235caa6a40	{301.99 75.75 302.25 76.01}	VIA1	Geometry	Cut_Enclosure	Regular Wire of Net n_4796 Actual: 0.010000 Required: 0.060000 Type: Enclosure # 10 60 160 1 : 301.9800 75.7400 302.2600 76.0200 2     LEF Description:   ENCLOSURE ABOVE   0.010000 0.060000 ;
771	0x7f235caa6a70	{301.99 85.83 302.25 86.09}	VIA1	Geometry	Cut_Enclosure	Regular Wire of Net FE_OFN96_u_core_n_68384 Actual: 0.010000 Required: 0.060000 Type: Enclosure # 10 60 160 1 : 301.9800 85.8200 302.2600 86.3690 2     LEF Description:   ENCLOSURE ABOVE   0.010000 0.060000 ;
772	0x7f235caa6aa0	{301.99 97.59 302.25 97.85}	VIA1	Geometry	Cut_Enclosure	Regular Wire of Net u_core_u_drain_ctrl_n_1837 Actual: 0.010000 Required: 0.060000 Type: Enclosure # 10 60 160 1 : 301.9800 97.5800 302.2600 97.8600 2     LEF Description:   ENCLOSURE ABOVE   0.010000 0.060000 ;
773	0x7f235caa6b60	{302.55 94.23 302.81 94.49}	VIA1	Geometry	Cut_Enclosure	Regular Wire of Net u_core_hit_capture_snapshot[hit_level][51] Actual: 0.010000 Required: 0.060000 Type: Enclosure # 10 60 160 1 : 302.5400 94.2200 302.8200 94.5000 2     LEF Description:   ENCLOSURE ABOVE   0.010000 0.060000 ;
774	0x7f235caa6c20	{302.69 81.005 302.95 81.265}	VIA1	Geometry	Cut_Enclosure	Regular Wire of Net u_core_n_66356 Actual: 0.010000 Required: 0.060000 Type: Enclosure # 10 60 160 1 : 302.5400 80.7260 302.8200 81.2750 2     LEF Description:   ENCLOSURE ABOVE   0.010000 0.060000 ;
775	0x7f235caa6ce0	{303.11 71.27 303.37 71.53}	VIA1	Geometry	Cut_Enclosure	Regular Wire of Net u_core_n_64861 Actual: 0.010000 Required: 0.060000 Type: Enclosure # 10 60 160 1 : 303.1000 71.2600 303.3800 71.8090 2     LEF Description:   ENCLOSURE ABOVE   0.010000 0.060000 ;
776	0x7f235caa6d10	{303.11 84.71 303.37 84.97}	VIA1	Geometry	Cut_Enclosure	Regular Wire of Net n_4874 & Regular Wire of Net u_core_hit_capture_snapshot[hit_level][45] Actual: 0.010000 Required: 0.060000 Type: Enclosure # 10 60 160 1 : 303.1000 84.7000 303.3800 84.9800 2     LEF Description:   ENCLOSURE ABOVE   0.010000 0.060000 ;
777	0x7f235caa6d40	{303.11 98.15 303.37 98.41}	VIA1	Geometry	Cut_Enclosure	Regular Wire of Net u_core_ctx_snapshot[hit_level][42] & Regular Wire of Net u_core_hit_capture_snapshot[hit_level][45] Actual: 0.010000 Required: 0.060000 Type: Enclosure # 10 60 160 1 : 303.1000 98.1400 303.3800 98.6890 2     LEF Description:   ENCLOSURE ABOVE   0.010000 0.060000 ;
778	0x7f235caa6dd0	{303.25 75.535 303.51 75.795}	VIA1	Geometry	Cut_Enclosure	Regular Wire of Net u_core_n_64861 Actual: 0.010000 Required: 0.060000 Type: Enclosure # 10 60 160 1 : 303.1000 75.2560 303.3800 75.8050 2     LEF Description:   ENCLOSURE ABOVE   0.010000 0.060000 ;
779	0x7f235caa6f50	{304.23 80.23 304.49 80.49}	VIA1	Geometry	Cut_Enclosure	Regular Wire of Net u_core_n_66365 Actual: 0.010000 Required: 0.060000 Type: Enclosure # 10 60 160 1 : 304.2200 80.2200 304.5000 80.7690 2     LEF Description:   ENCLOSURE ABOVE   0.010000 0.060000 ;
780	0x7f235caa6f80	{304.23 95.35 304.49 95.61}	VIA1	Geometry	Cut_Enclosure	Regular Wire of Net n_4870 & Regular Wire of Net u_core_hit_capture_snapshot[hit_level][51] Actual: 0.010000 Required: 0.060000 Type: Enclosure # 10 60 160 1 : 304.2200 95.3400 304.5000 95.6200 2     LEF Description:   ENCLOSURE ABOVE   0.010000 0.060000 ;
781	0x7f235caa7070	{304.37 84.495 304.63 84.755}	VIA1	Geometry	Cut_Enclosure	Regular Wire of Net u_core_n_66365 Actual: 0.010000 Required: 0.060000 Type: Enclosure # 10 60 160 1 : 304.2200 84.2160 304.5000 84.7650 2     LEF Description:   ENCLOSURE ABOVE   0.010000 0.060000 ;
782	0x7f235caa7370	{305.91 88.07 306.17 88.33}	VIA1	Geometry	Cut_Enclosure	Regular Wire of Net n_4794 Actual: 0.010000 Required: 0.060000 Type: Enclosure # 10 60 160 1 : 305.9000 88.0600 306.1800 88.6090 2     LEF Description:   ENCLOSURE ABOVE   0.010000 0.060000 ;
783	0x7f235ca9afe0	{288.55 94.23 288.81 94.49}	VIA1	Geometry	Cut_Enclosure	Regular Wire of Net u_core_hit_capture_snapshot[hit_level][42] Actual: 0.010000 Required: 0.060000 Type: Enclosure # 10 60 160 1 : 288.5400 94.2200 288.8200 94.7690 2     LEF Description:   ENCLOSURE ABOVE   0.010000 0.060000 ;
784	0x7f235ca9acb0	{287.43 94.23 287.69 94.49}	VIA1	Geometry	Cut_Enclosure	Regular Wire of Net FE_OFN82_u_core_n_68100 Actual: 0.010000 Required: 0.060000 Type: Enclosure # 10 60 160 1 : 287.4200 93.9510 287.7000 94.5000 2     LEF Description:   ENCLOSURE ABOVE   0.010000 0.060000 ;
785	0x7f235ca9a830	{285.75 93.67 286.01 93.93}	VIA1	Geometry	Cut_Enclosure	Regular Wire of Net n_4861 Actual: 0.010000 Required: 0.060000 Type: Enclosure # 10 60 160 1 : 285.7400 93.6600 286.0200 94.2090 2     LEF Description:   ENCLOSURE ABOVE   0.010000 0.060000 ;
786	0x7f235ca9a6b0	{285.19 101.51 285.45 101.77}	VIA1	Geometry	Cut_Enclosure	Regular Wire of Net FE_OFN126_u_core_drain_read_ctx_0 Actual: 0.010000 Required: 0.060000 Type: Enclosure # 10 60 160 1 : 285.1800 101.5000 285.4600 101.7800 2     LEF Description:   ENCLOSURE ABOVE   0.010000 0.060000 ;
787	0x7f235ca9a590	{284.49 93.455 284.75 93.715}	VIA1	Geometry	Cut_Enclosure	Regular Wire of Net u_core_n_66318 Actual: 0.010000 Required: 0.060000 Type: Enclosure # 10 60 160 1 : 284.6200 93.4450 284.9000 93.9940 2     LEF Description:   ENCLOSURE ABOVE   0.010000 0.060000 ;
788	0x7f235ca9a410	{284.07 89.19 284.33 89.45}	VIA1	Geometry	Cut_Enclosure	Regular Wire of Net u_core_n_64257 Actual: 0.010000 Required: 0.060000 Type: Enclosure # 10 60 160 1 : 284.0600 89.1800 284.3400 89.7290 2     LEF Description:   ENCLOSURE ABOVE   0.010000 0.060000 ;
789	0x7f235ca9a0b0	{281.97 90.45 282.23 90.71}	VIA1	Geometry	Cut_Enclosure	Regular Wire of Net u_core_ctx_snapshot[hit_level][40] Actual: 0.010000 Required: 0.060000 Type: Enclosure # 10 60 160 1 : 281.8200 90.4400 282.1000 90.9890 2     LEF Description:   ENCLOSURE ABOVE   0.010000 0.060000 ;
790	0x7f235ca9b1c0	{289.25 101.93 289.51 102.19}	VIA1	Geometry	Cut_Enclosure	Regular Wire of Net u_core_ctx_snapshot[hit_level][44] Actual: 0.010000 Required: 0.060000 Type: Enclosure # 10 60 160 1 : 289.1000 101.9200 289.3800 102.4690 2     LEF Description:   ENCLOSURE ABOVE   0.010000 0.060000 ;
791	0x7f235ca9b520	{291.35 94.23 291.61 94.49}	VIA1	Geometry	Cut_Enclosure	Regular Wire of Net u_core_hit_capture_snapshot[hit_level][42] Actual: 0.010000 Required: 0.060000 Type: Enclosure # 10 60 160 1 : 291.3400 94.2200 291.6200 94.7690 2     LEF Description:   ENCLOSURE ABOVE   0.010000 0.060000 ;
792	0x7f235ca9b610	{291.91 97.03 292.17 97.29}	VIA1	Geometry	Cut_Enclosure	Regular Wire of Net n_4861 Actual: 0.010000 Required: 0.060000 Type: Enclosure # 10 60 160 1 : 291.9000 96.7510 292.1800 97.3000 2     LEF Description:   ENCLOSURE ABOVE   0.010000 0.060000 ;
793	0x7f235ca9b730	{292.47 94.23 292.73 94.49}	VIA1	Geometry	Cut_Enclosure	Regular Wire of Net FE_OFN106_u_core_n_68661 Actual: 0.010000 Required: 0.060000 Type: Enclosure # 10 60 160 1 : 292.4600 93.9510 292.7400 94.5000 2     LEF Description:   ENCLOSURE ABOVE   0.010000 0.060000 ;
794	0x7f235ca9b850	{293.03 94.79 293.29 95.05}	VIA1	Geometry	Cut_Enclosure	Regular Wire of Net FE_OFN64_u_core_n_67823 Actual: 0.010000 Required: 0.060000 Type: Enclosure # 10 60 160 1 : 293.0200 94.7800 293.3000 95.0600 2     LEF Description:   ENCLOSURE ABOVE   0.010000 0.060000 ;
795	0x7f235ca9b9a0	{293.59 99.83 293.85 100.09}	VIA1	Geometry	Cut_Enclosure	Regular Wire of Net FE_OFN126_u_core_drain_read_ctx_0 Actual: 0.010000 Required: 0.060000 Type: Enclosure # 10 60 160 1 : 293.5800 99.8200 293.8600 100.3690 2     LEF Description:   ENCLOSURE ABOVE   0.010000 0.060000 ;
796	0x7f235ca9ba90	{294.15 88.07 294.41 88.33}	VIA1	Geometry	Cut_Enclosure	Regular Wire of Net n_4785 Actual: 0.010000 Required: 0.060000 Type: Enclosure # 10 60 160 1 : 294.1400 88.0600 294.4200 88.6090 2     LEF Description:   ENCLOSURE ABOVE   0.010000 0.060000 ;
797	0x7f235ca9bac0	{294.15 98.15 294.41 98.41}	VIA1	Geometry	Cut_Enclosure	Regular Wire of Net n_4785 Actual: 0.010000 Required: 0.060000 Type: Enclosure # 10 60 160 1 : 294.1400 97.8710 294.4200 98.4200 2     LEF Description:   ENCLOSURE ABOVE   0.010000 0.060000 ;
798	0x7f235ca9be20	{295.41 93.455 295.67 93.715}	VIA1	Geometry	Cut_Enclosure	Regular Wire of Net u_core_n_64257 Actual: 0.010000 Required: 0.060000 Type: Enclosure # 10 60 160 1 : 295.2600 93.1760 295.5400 93.7250 2     LEF Description:   ENCLOSURE ABOVE   0.010000 0.060000 ;
799	0x7f235ca9beb0	{295.83 89.19 296.09 89.45}	VIA1	Geometry	Cut_Enclosure	Regular Wire of Net u_core_n_64859 Actual: 0.010000 Required: 0.060000 Type: Enclosure # 10 60 160 1 : 295.8200 89.1800 296.1000 89.7290 2     LEF Description:   ENCLOSURE ABOVE   0.010000 0.060000 ;
800	0x7f235caa61a0	{296.64 98.88 296.9 99.14}	VIA1	Geometry	Cut_Enclosure	Regular Wire of Net n_4861 Actual: 0.010000 Required: 0.060000 Type: Enclosure # 10 60 160 1 : 296.3800 98.6010 296.6600 99.1500 2     LEF Description:   ENCLOSURE ABOVE   0.010000 0.060000 ;
801	0x7f235caa6290	{297.65 99.41 297.91 99.67}	VIA1	Geometry	Cut_Enclosure	Regular Wire of Net u_core_ctx_snapshot[hit_level][42] Actual: 0.010000 Required: 0.060000 Type: Enclosure # 10 60 160 1 : 297.5000 99.1310 297.7800 99.6800 2     LEF Description:   ENCLOSURE ABOVE   0.010000 0.060000 ;
802	0x7f235ca91dc0	{281.27 94.23 281.53 94.49}	VIA1	Geometry	Cut_Enclosure	Regular Wire of Net u_core_n_66383 Actual: 0.010000 Required: 0.060000 Type: Enclosure # 10 60 160 1 : 281.2600 94.2200 281.5400 94.7690 2     LEF Description:   ENCLOSURE ABOVE   0.010000 0.060000 ;
803	0x7f235ca91d30	{280.96 89.92 281.22 90.18}	VIA1	Geometry	Cut_Enclosure	Regular Wire of Net n_4783 Actual: 0.010000 Required: 0.060000 Type: Enclosure # 10 60 160 1 : 280.7000 89.9100 280.9800 90.4590 2     LEF Description:   ENCLOSURE ABOVE   0.010000 0.060000 ;
804	0x7f235ca91cd0	{280.85 101.93 281.11 102.19}	VIA1	Geometry	Cut_Enclosure	Regular Wire of Net u_core_ctx_snapshot[hit_level][58] Actual: 0.010000 Required: 0.060000 Type: Enclosure # 10 60 160 1 : 280.7000 101.9200 280.9800 102.4690 2     LEF Description:   ENCLOSURE ABOVE   0.010000 0.060000 ;
805	0x7f235ca917f0	{278.61 98.925 278.87 99.185}	VIA1	Geometry	Cut_Enclosure	Regular Wire of Net u_core_n_66383 & Regular Wire of Net n_4801 Actual: 0.010000 Required: 0.060000 Type: Enclosure # 10 60 160 1 : 278.4600 98.9150 278.7400 99.4640 2     LEF Description:   ENCLOSURE ABOVE   0.010000 0.060000 ;
806	0x7f235ca917c0	{278.47 89.19 278.73 89.45}	VIA1	Geometry	Cut_Enclosure	Regular Wire of Net n_4859 Actual: 0.010000 Required: 0.060000 Type: Enclosure # 10 60 160 1 : 278.4600 89.1800 278.7400 89.4600 2     LEF Description:   ENCLOSURE ABOVE   0.010000 0.060000 ;
807	0x7f235ca916d0	{277.91 90.87 278.17 91.13}	VIA1	Geometry	Cut_Enclosure	Regular Wire of Net FE_OFN152_u_core_drain_read_ctx_0 Actual: 0.010000 Required: 0.060000 Type: Enclosure # 10 60 160 1 : 277.9000 90.8600 278.1800 91.1400 2     LEF Description:   ENCLOSURE ABOVE   0.010000 0.060000 ;
808	0x7f235ca91550	{277.35 98.71 277.61 98.97}	VIA1	Geometry	Cut_Enclosure	Regular Wire of Net n_4877 Actual: 0.010000 Required: 0.060000 Type: Enclosure # 10 60 160 1 : 277.3400 98.7000 277.6200 99.2490 2     LEF Description:   ENCLOSURE ABOVE   0.010000 0.060000 ;
809	0x7f235ca91460	{276.79 101.51 277.05 101.77}	VIA1	Geometry	Cut_Enclosure	Regular Wire of Net FE_OFN152_u_core_drain_read_ctx_0 & Regular Wire of Net FE_OFN96_u_core_n_68384 Actual: 0.010000 Required: 0.060000 Type: Enclosure # 10 60 160 1 : 276.7800 101.5000 277.0600 101.7800 2     LEF Description:   ENCLOSURE ABOVE   0.010000 0.060000 ;
810	0x7f235ca91310	{276.23 97.59 276.49 97.85}	VIA1	Geometry	Cut_Enclosure	Regular Wire of Net FE_OFN96_u_core_n_68384 Actual: 0.010000 Required: 0.060000 Type: Enclosure # 10 60 160 1 : 276.2200 97.3110 276.5000 97.8600 2     LEF Description:   ENCLOSURE ABOVE   0.010000 0.060000 ;
811	0x7f235ca911c0	{275.67 98.15 275.93 98.41}	VIA1	Geometry	Cut_Enclosure	Regular Wire of Net FE_OFN82_u_core_n_68100 Actual: 0.010000 Required: 0.060000 Type: Enclosure # 10 60 160 1 : 275.6600 98.1400 275.9400 98.6890 2     LEF Description:   ENCLOSURE ABOVE   0.010000 0.060000 ;
812	0x7f235ca902c0	{266.29 93.455 266.55 93.715}	VIA1	Geometry	Cut_Enclosure	Regular Wire of Net u_core_n_64863 Actual: 0.010000 Required: 0.060000 Type: Enclosure # 10 60 160 1 : 266.1400 93.1760 266.4200 93.7250 2     LEF Description:   ENCLOSURE ABOVE   0.010000 0.060000 ;
813	0x7f235ca90530	{267.69 98.925 267.95 99.185}	VIA1	Geometry	Cut_Enclosure	Regular Wire of Net u_core_n_64875 Actual: 0.010000 Required: 0.060000 Type: Enclosure # 10 60 160 1 : 267.8200 98.9150 268.1000 99.4640 2     LEF Description:   ENCLOSURE ABOVE   0.010000 0.060000 ;
814	0x7f235ca90680	{268.39 89.19 268.65 89.45}	VIA1	Geometry	Cut_Enclosure	Regular Wire of Net u_core_hit_capture_snapshot[hit_level][40] Actual: 0.010000 Required: 0.060000 Type: Enclosure # 10 60 160 1 : 268.3800 89.1800 268.6600 89.4600 2     LEF Description:   ENCLOSURE ABOVE   0.010000 0.060000 ;
815	0x7f235ca90770	{268.95 98.71 269.21 98.97}	VIA1	Geometry	Cut_Enclosure	Regular Wire of Net n_4801 & Regular Wire of Net FE_OFN106_u_core_n_68661 Actual: 0.010000 Required: 0.060000 Type: Enclosure # 10 60 160 1 : 268.9400 98.7000 269.2200 98.9800 2     LEF Description:   ENCLOSURE ABOVE   0.010000 0.060000 ;
816	0x7f235ca90890	{269.51 89.19 269.77 89.45}	VIA1	Geometry	Cut_Enclosure	Regular Wire of Net FE_OFN106_u_core_n_68661 & Regular Wire of Net FE_OFN64_u_core_n_67823 Actual: 0.010000 Required: 0.060000 Type: Enclosure # 10 60 160 1 : 269.5000 89.1800 269.7800 89.4600 2     LEF Description:   ENCLOSURE ABOVE   0.010000 0.060000 ;
817	0x7f235ca90980	{270.07 88.63 270.33 88.89}	VIA1	Geometry	Cut_Enclosure	Regular Wire of Net FE_OFN64_u_core_n_67823 Actual: 0.010000 Required: 0.060000 Type: Enclosure # 10 60 160 1 : 270.0600 88.6200 270.3400 88.9000 2     LEF Description:   ENCLOSURE ABOVE   0.010000 0.060000 ;
818	0x7f235ca909b0	{270.07 97.59 270.33 97.85}	VIA1	Geometry	Cut_Enclosure	Regular Wire of Net FE_OFN64_u_core_n_67823 & Regular Wire of Net u_core_hit_capture_snapshot[hit_level][40] Actual: 0.010000 Required: 0.060000 Type: Enclosure # 10 60 160 1 : 270.0600 97.3110 270.3400 97.8600 2     LEF Description:   ENCLOSURE ABOVE   0.010000 0.060000 ;
819	0x7f235ca90a40	{270.63 98.15 270.89 98.41}	VIA1	Geometry	Cut_Enclosure	Regular Wire of Net FE_OFN106_u_core_n_68661 Actual: 0.010000 Required: 0.060000 Type: Enclosure # 10 60 160 1 : 270.6200 98.1400 270.9000 98.4200 2     LEF Description:   ENCLOSURE ABOVE   0.010000 0.060000 ;
820	0x7f235ca90ad0	{271.19 95.35 271.45 95.61}	VIA1	Geometry	Cut_Enclosure	Regular Wire of Net n_4877 Actual: 0.010000 Required: 0.060000 Type: Enclosure # 10 60 160 1 : 271.1800 95.3400 271.4600 95.8890 2     LEF Description:   ENCLOSURE ABOVE   0.010000 0.060000 ;
821	0x7f235ca90b90	{271.75 98.15 272.01 98.41}	VIA1	Geometry	Cut_Enclosure	Regular Wire of Net u_core_hit_capture_snapshot[hit_level][58] Actual: 0.010000 Required: 0.060000 Type: Enclosure # 10 60 160 1 : 271.7400 98.1400 272.0200 98.4200 2     LEF Description:   ENCLOSURE ABOVE   0.010000 0.060000 ;
822	0x7f235ca90cb0	{272.45 89.965 272.71 90.225}	VIA1	Geometry	Cut_Enclosure	Regular Wire of Net u_core_n_65976 Actual: 0.010000 Required: 0.060000 Type: Enclosure # 10 60 160 1 : 272.3000 89.7400 272.5800 90.2350 2     LEF Description:   ENCLOSURE ABOVE   0.010000 0.060000 ;
823	0x7f235ca90fb0	{274.55 98.15 274.81 98.41}	VIA1	Geometry	Cut_Enclosure	Regular Wire of Net u_core_hit_capture_snapshot[hit_level][58] Actual: 0.010000 Required: 0.060000 Type: Enclosure # 10 60 160 1 : 274.5400 98.1400 274.8200 98.6890 2     LEF Description:   ENCLOSURE ABOVE   0.010000 0.060000 ;
824	0x7f235ca91f40	{281.83 98.15 282.09 98.41}	VIA1	Geometry	Cut_Enclosure	Regular Wire of Net u_core_n_66318 & Regular Wire of Net u_core_ctx_snapshot[hit_level][40] Actual: 0.010000 Required: 0.060000 Type: Enclosure # 10 60 160 1 : 281.8200 98.1400 282.1000 98.6890 2     LEF Description:   ENCLOSURE ABOVE   0.010000 0.060000 ;
825	0x7f235ca91100	{275.11 77.43 275.37 77.69}	VIA1	Geometry	Cut_Enclosure	Regular Wire of Net n_4859 Actual: 0.010000 Required: 0.060000 Type: Enclosure # 10 60 160 1 : 275.1000 77.4200 275.3800 77.7000 2     LEF Description:   ENCLOSURE ABOVE   0.010000 0.060000 ;
826	0x7f235ca90e00	{273.43 85.27 273.69 85.53}	VIA1	Geometry	Cut_Enclosure	Regular Wire of Net u_core_n_65976 Actual: 0.010000 Required: 0.060000 Type: Enclosure # 10 60 160 1 : 273.4200 85.2600 273.7000 85.5400 2     LEF Description:   ENCLOSURE ABOVE   0.010000 0.060000 ;
827	0x7f235ca90a10	{270.63 76.31 270.89 76.57}	VIA1	Geometry	Cut_Enclosure	Regular Wire of Net u_core_n_64863 Actual: 0.010000 Required: 0.060000 Type: Enclosure # 10 60 160 1 : 270.6200 76.3000 270.9000 76.8490 2     LEF Description:   ENCLOSURE ABOVE   0.010000 0.060000 ;
828	0x7f235ca91790	{278.47 85.27 278.73 85.53}	VIA1	Geometry	Cut_Enclosure	Regular Wire of Net u_core_hit_capture_snapshot[hit_level][40] Actual: 0.010000 Required: 0.060000 Type: Enclosure # 10 60 160 1 : 278.4600 85.2600 278.7400 85.5400 2     LEF Description:   ENCLOSURE ABOVE   0.010000 0.060000 ;
829	0x7f235ca919d0	{279.59 85.27 279.85 85.53}	VIA1	Geometry	Cut_Enclosure	Regular Wire of Net FE_OFN82_u_core_n_68100 Actual: 0.010000 Required: 0.060000 Type: Enclosure # 10 60 160 1 : 279.5800 84.9910 279.8600 85.5400 2     LEF Description:   ENCLOSURE ABOVE   0.010000 0.060000 ;
830	0x7f235ca91d90	{281.27 84.71 281.53 84.97}	VIA1	Geometry	Cut_Enclosure	Regular Wire of Net n_4859 Actual: 0.010000 Required: 0.060000 Type: Enclosure # 10 60 160 1 : 281.2600 84.4310 281.5400 84.9800 2     LEF Description:   ENCLOSURE ABOVE   0.010000 0.060000 ;
831	0x7f235ca91f10	{281.83 80.23 282.09 80.49}	VIA1	Geometry	Cut_Enclosure	Regular Wire of Net u_core_n_66334 Actual: 0.010000 Required: 0.060000 Type: Enclosure # 10 60 160 1 : 281.8200 80.2200 282.1000 80.7690 2     LEF Description:   ENCLOSURE ABOVE   0.010000 0.060000 ;
832	0x7f235ca9a1a0	{282.53 84.495 282.79 84.755}	VIA1	Geometry	Cut_Enclosure	Regular Wire of Net u_core_n_66310 Actual: 0.010000 Required: 0.060000 Type: Enclosure # 10 60 160 1 : 282.3800 84.2160 282.6600 84.7650 2     LEF Description:   ENCLOSURE ABOVE   0.010000 0.060000 ;
833	0x7f235ca9a650	{285.05 84.495 285.31 84.755}	VIA1	Geometry	Cut_Enclosure	Regular Wire of Net u_core_n_66334 Actual: 0.010000 Required: 0.060000 Type: Enclosure # 10 60 160 1 : 285.1800 84.2160 285.4600 84.7650 2     LEF Description:   ENCLOSURE ABOVE   0.010000 0.060000 ;
834	0x7f235ca9a680	{285.19 76.31 285.45 76.57}	VIA1	Geometry	Cut_Enclosure	Regular Wire of Net u_core_n_66310 Actual: 0.010000 Required: 0.060000 Type: Enclosure # 10 60 160 1 : 285.1800 76.3000 285.4600 76.8490 2     LEF Description:   ENCLOSURE ABOVE   0.010000 0.060000 ;
835	0x7f235ca9a920	{286.31 70.15 286.57 70.41}	VIA1	Geometry	Cut_Enclosure	Regular Wire of Net n_4789 Actual: 0.010000 Required: 0.060000 Type: Enclosure # 10 60 160 1 : 286.3000 70.1400 286.5800 70.6890 2     LEF Description:   ENCLOSURE ABOVE   0.010000 0.060000 ;
836	0x7f235ca9a950	{286.31 84.71 286.57 84.97}	VIA1	Geometry	Cut_Enclosure	Regular Wire of Net n_4865 Actual: 0.010000 Required: 0.060000 Type: Enclosure # 10 60 160 1 : 286.3000 84.4310 286.5800 84.9800 2     LEF Description:   ENCLOSURE ABOVE   0.010000 0.060000 ;
837	0x7f235ca9ae60	{287.99 85.27 288.25 85.53}	VIA1	Geometry	Cut_Enclosure	Regular Wire of Net FE_OFN82_u_core_n_68100 Actual: 0.010000 Required: 0.060000 Type: Enclosure # 10 60 160 1 : 287.9800 85.2600 288.2600 85.5400 2     LEF Description:   ENCLOSURE ABOVE   0.010000 0.060000 ;
838	0x7f235ca9b130	{289.11 85.27 289.37 85.53}	VIA1	Geometry	Cut_Enclosure	Regular Wire of Net u_core_hit_capture_snapshot[hit_level][46] Actual: 0.010000 Required: 0.060000 Type: Enclosure # 10 60 160 1 : 289.1000 85.2600 289.3800 85.5400 2     LEF Description:   ENCLOSURE ABOVE   0.010000 0.060000 ;
839	0x7f235ca9b3a0	{290.79 83.59 291.05 83.85}	VIA1	Geometry	Cut_Enclosure	Regular Wire of Net FE_OFN152_u_core_drain_read_ctx_0 Actual: 0.010000 Required: 0.060000 Type: Enclosure # 10 60 160 1 : 290.7800 83.5800 291.0600 84.1290 2     LEF Description:   ENCLOSURE ABOVE   0.010000 0.060000 ;
840	0x7f235ca9b4f0	{291.35 85.27 291.61 85.53}	VIA1	Geometry	Cut_Enclosure	Regular Wire of Net n_4865 Actual: 0.010000 Required: 0.060000 Type: Enclosure # 10 60 160 1 : 291.3400 84.9910 291.6200 85.5400 2     LEF Description:   ENCLOSURE ABOVE   0.010000 0.060000 ;
841	0x7f235ca9b5b0	{291.91 76.31 292.17 76.57}	VIA1	Geometry	Cut_Enclosure	Regular Wire of Net u_core_hit_capture_snapshot[hit_level][46] Actual: 0.010000 Required: 0.060000 Type: Enclosure # 10 60 160 1 : 291.9000 76.3000 292.1800 76.5800 2     LEF Description:   ENCLOSURE ABOVE   0.010000 0.060000 ;
842	0x7f235ca9b5e0	{291.91 79.11 292.17 79.37}	VIA1	Geometry	Cut_Enclosure	Regular Wire of Net n_4865 Actual: 0.010000 Required: 0.060000 Type: Enclosure # 10 60 160 1 : 291.9000 79.1000 292.1800 79.3800 2     LEF Description:   ENCLOSURE ABOVE   0.010000 0.060000 ;
843	0x7f235ca9b820	{293.03 76.31 293.29 76.57}	VIA1	Geometry	Cut_Enclosure	Regular Wire of Net FE_OFN106_u_core_n_68661 Actual: 0.010000 Required: 0.060000 Type: Enclosure # 10 60 160 1 : 293.0200 76.3000 293.3000 76.8490 2     LEF Description:   ENCLOSURE ABOVE   0.010000 0.060000 ;
844	0x7f235ca9b970	{293.59 76.87 293.85 77.13}	VIA1	Geometry	Cut_Enclosure	Regular Wire of Net FE_OFN64_u_core_n_67823 & Regular Wire of Net n_4789 Actual: 0.010000 Required: 0.060000 Type: Enclosure # 10 60 160 1 : 293.5800 76.8600 293.8600 77.1400 2     LEF Description:   ENCLOSURE ABOVE   0.010000 0.060000 ;
845	0x7f235ca9b9d0	{293.84 84.54 294.1 84.8}	VIA1	Geometry	Cut_Enclosure	Regular Wire of Net n_4789 Actual: 0.010000 Required: 0.060000 Type: Enclosure # 10 60 160 1 : 293.5800 84.2610 293.8600 84.8100 2     LEF Description:   ENCLOSURE ABOVE   0.010000 0.060000 ;
846	0x7f235ca9bcd0	{294.71 75.75 294.97 76.01}	VIA1	Geometry	Cut_Enclosure	Regular Wire of Net n_4789 Actual: 0.010000 Required: 0.060000 Type: Enclosure # 10 60 160 1 : 294.7000 75.7400 294.9800 76.0200 2     LEF Description:   ENCLOSURE ABOVE   0.010000 0.060000 ;
847	0x7f235ca9bd90	{294.85 84.01 295.11 84.27}	VIA1	Geometry	Cut_Enclosure	Regular Wire of Net u_core_ctx_snapshot[hit_level][46] Actual: 0.010000 Required: 0.060000 Type: Enclosure # 10 60 160 1 : 294.7000 84.0000 294.9800 84.4200 2     LEF Description:   ENCLOSURE ABOVE   0.010000 0.060000 ;
848	0x7f235ca9bf70	{295.97 75.535 296.23 75.795}	VIA1	Geometry	Cut_Enclosure	Regular Wire of Net u_core_n_65874 Actual: 0.010000 Required: 0.060000 Type: Enclosure # 10 60 160 1 : 295.8200 75.2560 296.1000 75.8050 2     LEF Description:   ENCLOSURE ABOVE   0.010000 0.060000 ;
849	0x7f235caa6080	{296.39 71.27 296.65 71.53}	VIA1	Geometry	Cut_Enclosure	Regular Wire of Net u_core_n_65874 Actual: 0.010000 Required: 0.060000 Type: Enclosure # 10 60 160 1 : 296.3800 71.2600 296.6600 71.5400 2     LEF Description:   ENCLOSURE ABOVE   0.010000 0.060000 ;
850	0x7f235ca91ac0	{280.15 85.83 280.41 86.09}	VIA1	Geometry	Cut_Enclosure	Regular Wire of Net FE_OFN96_u_core_n_68384 Actual: 0.010000 Required: 0.060000 Type: Enclosure # 10 60 160 1 : 280.1400 85.8200 280.4200 86.3690 2     LEF Description:   ENCLOSURE ABOVE   0.010000 0.060000 ;
851	0x7f235ca9ac80	{287.43 85.83 287.69 86.09}	VIA1	Geometry	Cut_Enclosure	Regular Wire of Net FE_OFN96_u_core_n_68384 & Regular Wire of Net FE_OFN82_u_core_n_68100 Actual: 0.010000 Required: 0.060000 Type: Enclosure # 10 60 160 1 : 287.4200 85.8200 287.7000 86.1000 2     LEF Description:   ENCLOSURE ABOVE   0.010000 0.060000 ;
852	0x7f235ca91a60	{279.84 102.46 280.1 102.72}	VIA1	Geometry	Cut_Enclosure	Regular Wire of Net n_4801 Actual: 0.010000 Required: 0.060000 Type: Enclosure # 10 60 160 1 : 279.5800 102.4500 279.8600 102.9000 2     LEF Description:   ENCLOSURE ABOVE   0.010000 0.060000 ;
853	0x7f235ca9aef0	{288.24 102.46 288.5 102.72}	VIA1	Geometry	Cut_Enclosure	Regular Wire of Net n_4863 Actual: 0.010000 Required: 0.060000 Type: Enclosure # 10 60 160 1 : 287.9800 102.4500 288.2600 102.9000 2     LEF Description:   ENCLOSURE ABOVE   0.010000 0.060000 ;
854	0x7f235ca9ba00	{294.035 102.415 294.295 102.675}	VIA1	Geometry	Cut_Enclosure	Regular Wire of Net u_core_u_drain_ctrl_n_1831 Actual: 0.010000 Required: 0.060000 Type: Enclosure # 10 60 160 1 : 294.1400 102.4050 294.4200 102.9540 2     LEF Description:   ENCLOSURE ABOVE   0.010000 0.060000 ;
855	0x7f235caa6e30	{303.555 102.415 303.815 102.675}	VIA1	Geometry	Cut_Enclosure	Regular Wire of Net u_core_u_drain_ctrl_n_1838 Actual: 0.010000 Required: 0.060000 Type: Enclosure # 10 60 160 1 : 303.6600 102.4050 303.9400 102.9000 2     LEF Description:   ENCLOSURE ABOVE   0.010000 0.060000 ;
856	0x7f235caa6590	{300.31 67.35 300.57 67.61}	VIA1	Geometry	Cut_Enclosure	Regular Wire of Net u_core_hit_capture_snapshot[hit_level][55] Actual: 0.010000 Required: 0.060000 Type: Enclosure # 10 60 160 1 : 300.3000 67.3400 300.5800 67.8890 2     LEF Description:   ENCLOSURE ABOVE   0.010000 0.060000 ;
857	0x7f235caa6860	{301.43 67.35 301.69 67.61}	VIA1	Geometry	Cut_Enclosure	Regular Wire of Net FE_OFN106_u_core_n_68661 Actual: 0.010000 Required: 0.060000 Type: Enclosure # 10 60 160 1 : 301.4200 67.3400 301.7000 67.8890 2     LEF Description:   ENCLOSURE ABOVE   0.010000 0.060000 ;
858	0x7f235caa6a10	{301.99 67.91 302.25 68.17}	VIA1	Geometry	Cut_Enclosure	Regular Wire of Net FE_OFN64_u_core_n_67823 Actual: 0.010000 Required: 0.060000 Type: Enclosure # 10 60 160 1 : 301.9800 67.9000 302.2600 68.4490 2     LEF Description:   ENCLOSURE ABOVE   0.010000 0.060000 ;
859	0x7f235caa6cb0	{303.11 66.79 303.37 67.05}	VIA1	Geometry	Cut_Enclosure	Regular Wire of Net n_4798 Actual: 0.010000 Required: 0.060000 Type: Enclosure # 10 60 160 1 : 303.1000 66.7800 303.3800 67.0600 2     LEF Description:   ENCLOSURE ABOVE   0.010000 0.060000 ;
860	0x7f235caa7040	{304.37 66.575 304.63 66.835}	VIA1	Geometry	Cut_Enclosure	Regular Wire of Net u_core_n_64867 Actual: 0.010000 Required: 0.060000 Type: Enclosure # 10 60 160 1 : 304.2200 66.5650 304.5000 67.1140 2     LEF Description:   ENCLOSURE ABOVE   0.010000 0.060000 ;
861	0x7f235caa76d0	{307.59 67.35 307.85 67.61}	VIA1	Geometry	Cut_Enclosure	Regular Wire of Net u_core_n_64867 Actual: 0.010000 Required: 0.060000 Type: Enclosure # 10 60 160 1 : 307.5800 67.3400 307.8600 67.6200 2     LEF Description:   ENCLOSURE ABOVE   0.010000 0.060000 ;
862	0x7f235ca87820	{261.67 122.23 261.93 122.49}	VIA1	Geometry	Cut_Enclosure	Regular Wire of Net n_4793 Actual: 0.010000 Required: 0.060000 Type: Enclosure # 10 60 160 1 : 261.6600 121.9510 261.9400 122.5000 2     LEF Description:   ENCLOSURE ABOVE   0.010000 0.060000 ;
863	0x7f235ca877c0	{261.53 134.765 261.79 135.025}	VIA1	Geometry	Cut_Enclosure	Regular Wire of Net u_core_n_66339 Actual: 0.010000 Required: 0.060000 Type: Enclosure # 10 60 160 1 : 261.6600 134.5400 261.9400 135.0350 2     LEF Description:   ENCLOSURE ABOVE   0.010000 0.060000 ;
864	0x7f235ca87760	{261.11 130.07 261.37 130.33}	VIA1	Geometry	Cut_Enclosure	Regular Wire of Net FE_OFN106_u_core_n_68661 Actual: 0.010000 Required: 0.060000 Type: Enclosure # 10 60 160 1 : 261.1000 129.7910 261.3800 130.3400 2     LEF Description:   ENCLOSURE ABOVE   0.010000 0.060000 ;
865	0x7f235ca87730	{261.11 125.59 261.37 125.85}	VIA1	Geometry	Cut_Enclosure	Regular Wire of Net n_4869 & Regular Wire of Net FE_OFN106_u_core_n_68661 Actual: 0.010000 Required: 0.060000 Type: Enclosure # 10 60 160 1 : 261.1000 125.5800 261.3800 126.1290 2     LEF Description:   ENCLOSURE ABOVE   0.010000 0.060000 ;
866	0x7f235ca875b0	{260.55 130.63 260.81 130.89}	VIA1	Geometry	Cut_Enclosure	Regular Wire of Net FE_OFN64_u_core_n_67823 Actual: 0.010000 Required: 0.060000 Type: Enclosure # 10 60 160 1 : 260.5400 130.3510 260.8200 130.9000 2     LEF Description:   ENCLOSURE ABOVE   0.010000 0.060000 ;
867	0x7f235ca87400	{259.85 125.805 260.11 126.065}	VIA1	Geometry	Cut_Enclosure	Regular Wire of Net u_core_n_66345 Actual: 0.010000 Required: 0.060000 Type: Enclosure # 10 60 160 1 : 259.9800 125.7950 260.2600 126.3440 2     LEF Description:   ENCLOSURE ABOVE   0.010000 0.060000 ;
868	0x7f235ca872e0	{259.43 132.87 259.69 133.13}	VIA1	Geometry	Cut_Enclosure	Regular Wire of Net n_4867 Actual: 0.010000 Required: 0.060000 Type: Enclosure # 10 60 160 1 : 259.4200 132.8600 259.7000 133.1400 2     LEF Description:   ENCLOSURE ABOVE   0.010000 0.060000 ;
869	0x7f235ca872b0	{259.43 129.51 259.69 129.77}	VIA1	Geometry	Cut_Enclosure	Regular Wire of Net n_4791 Actual: 0.010000 Required: 0.060000 Type: Enclosure # 10 60 160 1 : 259.4200 129.5000 259.7000 130.0490 2     LEF Description:   ENCLOSURE ABOVE   0.010000 0.060000 ;
870	0x7f235ca87040	{258.17 129.295 258.43 129.555}	VIA1	Geometry	Cut_Enclosure	Regular Wire of Net u_core_n_64554 Actual: 0.010000 Required: 0.060000 Type: Enclosure # 10 60 160 1 : 258.3000 129.2850 258.5800 129.7800 2     LEF Description:   ENCLOSURE ABOVE   0.010000 0.060000 ;
871	0x7f235ca86f80	{257.75 123.91 258.01 124.17}	VIA1	Geometry	Cut_Enclosure	Regular Wire of Net n_4869 Actual: 0.010000 Required: 0.060000 Type: Enclosure # 10 60 160 1 : 257.7400 123.9000 258.0200 124.4490 2     LEF Description:   ENCLOSURE ABOVE   0.010000 0.060000 ;
872	0x7f235ca86a70	{254.95 131.19 255.21 131.45}	VIA1	Geometry	Cut_Enclosure	Regular Wire of Net n_4791 Actual: 0.010000 Required: 0.060000 Type: Enclosure # 10 60 160 1 : 254.9400 130.9110 255.2200 131.4600 2     LEF Description:   ENCLOSURE ABOVE   0.010000 0.060000 ;
873	0x7f235ca862c0	{249.35 133.99 249.61 134.25}	VIA1	Geometry	Cut_Enclosure	Regular Wire of Net u_core_n_66339 Actual: 0.010000 Required: 0.060000 Type: Enclosure # 10 60 160 1 : 249.3400 133.9800 249.6200 134.5290 2     LEF Description:   ENCLOSURE ABOVE   0.010000 0.060000 ;
874	0x7f235ca865c0	{251.59 121.11 251.85 121.37}	VIA1	Geometry	Cut_Enclosure	Regular Wire of Net u_core_n_64855 Actual: 0.010000 Required: 0.060000 Type: Enclosure # 10 60 160 1 : 251.5800 120.8310 251.8600 121.3800 2     LEF Description:   ENCLOSURE ABOVE   0.010000 0.060000 ;
875	0x7f235ca878b0	{262.23 124.47 262.49 124.73}	VIA1	Geometry	Cut_Enclosure	Regular Wire of Net FE_OFN96_u_core_n_68384 Actual: 0.010000 Required: 0.060000 Type: Enclosure # 10 60 160 1 : 262.2200 124.4600 262.5000 124.7400 2     LEF Description:   ENCLOSURE ABOVE   0.010000 0.060000 ;
876	0x7f235ca878e0	{262.23 130.07 262.49 130.33}	VIA1	Geometry	Cut_Enclosure	Regular Wire of Net u_core_hit_capture_snapshot[hit_level][48] Actual: 0.010000 Required: 0.060000 Type: Enclosure # 10 60 160 1 : 262.2200 130.0600 262.5000 130.3400 2     LEF Description:   ENCLOSURE ABOVE   0.010000 0.060000 ;
877	0x7f235ca87a90	{262.79 125.03 263.05 125.29}	VIA1	Geometry	Cut_Enclosure	Regular Wire of Net FE_OFN82_u_core_n_68100 Actual: 0.010000 Required: 0.060000 Type: Enclosure # 10 60 160 1 : 262.7800 125.0200 263.0600 125.5690 2     LEF Description:   ENCLOSURE ABOVE   0.010000 0.060000 ;
878	0x7f235ca87ac0	{262.79 134.55 263.05 134.81}	VIA1	Geometry	Cut_Enclosure	Regular Wire of Net n_4867 Actual: 0.010000 Required: 0.060000 Type: Enclosure # 10 60 160 1 : 262.7800 134.2710 263.0600 134.8200 2     LEF Description:   ENCLOSURE ABOVE   0.010000 0.060000 ;
879	0x7f235ca87cd0	{263.91 125.03 264.17 125.29}	VIA1	Geometry	Cut_Enclosure	Regular Wire of Net u_core_hit_capture_snapshot[hit_level][50] Actual: 0.010000 Required: 0.060000 Type: Enclosure # 10 60 160 1 : 263.9000 125.0200 264.1800 125.3000 2     LEF Description:   ENCLOSURE ABOVE   0.010000 0.060000 ;
880	0x7f235ca87d00	{263.91 133.43 264.17 133.69}	VIA1	Geometry	Cut_Enclosure	Regular Wire of Net FE_OFN96_u_core_n_68384 Actual: 0.010000 Required: 0.060000 Type: Enclosure # 10 60 160 1 : 263.9000 133.4200 264.1800 133.7000 2     LEF Description:   ENCLOSURE ABOVE   0.010000 0.060000 ;
881	0x7f235ca87e50	{264.47 133.99 264.73 134.25}	VIA1	Geometry	Cut_Enclosure	Regular Wire of Net FE_OFN82_u_core_n_68100 Actual: 0.010000 Required: 0.060000 Type: Enclosure # 10 60 160 1 : 264.4600 133.9800 264.7400 134.2600 2     LEF Description:   ENCLOSURE ABOVE   0.010000 0.060000 ;
882	0x7f235ca90020	{265.03 128.39 265.29 128.65}	VIA1	Geometry	Cut_Enclosure	Regular Wire of Net FE_OFN152_u_core_drain_read_ctx_0 Actual: 0.010000 Required: 0.060000 Type: Enclosure # 10 60 160 1 : 265.0200 128.3800 265.3000 128.6600 2     LEF Description:   ENCLOSURE ABOVE   0.010000 0.060000 ;
883	0x7f235ca86110	{247.67 125.03 247.93 125.29}	VIA1	Geometry	Cut_Enclosure	Regular Wire of Net u_core_n_66345 Actual: 0.010000 Required: 0.060000 Type: Enclosure # 10 60 160 1 : 247.6600 125.0200 247.9400 125.5690 2     LEF Description:   ENCLOSURE ABOVE   0.010000 0.060000 ;
884	0x7f235e768bc0	{232.55 125.03 232.81 125.29}	VIA1	Geometry	Cut_Enclosure	Regular Wire of Net u_core_n_67182 Actual: 0.010000 Required: 0.060000 Type: Enclosure # 10 60 160 1 : 232.5400 125.0200 232.8200 125.5690 2     LEF Description:   ENCLOSURE ABOVE   0.010000 0.060000 ;
885	0x7f235e768e90	{234.79 121.11 235.05 121.37}	VIA1	Geometry	Cut_Enclosure	Regular Wire of Net u_core_hit_capture_snapshot[hit_level][49] Actual: 0.010000 Required: 0.060000 Type: Enclosure # 10 60 160 1 : 234.7800 120.8310 235.0600 121.3800 2     LEF Description:   ENCLOSURE ABOVE   0.010000 0.060000 ;
886	0x7f235e768ef0	{235.195 119.85 235.455 120.11}	VIA1	Geometry	Cut_Enclosure	Regular Wire of Net u_core_n_69123 Actual: 0.010000 Required: 0.060000 Type: Enclosure # 10 60 160 1 : 235.3400 119.5710 235.6200 120.1200 2     LEF Description:   ENCLOSURE ABOVE   0.010000 0.060000 ;
887	0x7f235e769070	{236.47 121.11 236.73 121.37}	VIA1	Geometry	Cut_Enclosure	Regular Wire of Net FE_OFN48227_u_core_pd_hit_level_49 & Regular Wire of Net FE_OFN55_FE_DBTN0_u_core_rst_sys_drain_n Actual: 0.010000 Required: 0.060000 Type: Enclosure # 10 60 160 1 : 236.4600 121.1000 236.7400 121.3800 2     LEF Description:   ENCLOSURE ABOVE   0.010000 0.060000 ;
888	0x7f235e769280	{237.59 121.11 237.85 121.37}	VIA1	Geometry	Cut_Enclosure	Regular Wire of Net u_core_n_72446 Actual: 0.010000 Required: 0.060000 Type: Enclosure # 10 60 160 1 : 237.5800 121.1000 237.8600 121.6490 2     LEF Description:   ENCLOSURE ABOVE   0.010000 0.060000 ;
889	0x7f235e769370	{238.15 130.63 238.41 130.89}	VIA1	Geometry	Cut_Enclosure	Regular Wire of Net u_core_n_69074 Actual: 0.010000 Required: 0.060000 Type: Enclosure # 10 60 160 1 : 238.1400 130.3510 238.4200 130.9000 2     LEF Description:   ENCLOSURE ABOVE   0.010000 0.060000 ;
890	0x7f235e769400	{238.265 129.295 238.525 129.555}	VIA1	Geometry	Cut_Enclosure	Regular Wire of Net u_core_n_67182 & Regular Wire of Net u_core_n_69074 Actual: 0.010000 Required: 0.060000 Type: Enclosure # 10 60 160 1 : 238.1400 129.0160 238.4200 129.5650 2     LEF Description:   ENCLOSURE ABOVE   0.010000 0.060000 ;
891	0x7f235e769670	{240.95 130.07 241.21 130.33}	VIA1	Geometry	Cut_Enclosure	Regular Wire of Net u_core_hit_capture_snapshot[hit_level][53] Actual: 0.010000 Required: 0.060000 Type: Enclosure # 10 60 160 1 : 240.9400 130.0600 241.2200 130.3400 2     LEF Description:   ENCLOSURE ABOVE   0.010000 0.060000 ;
892	0x7f235e769700	{241.355 128.81 241.615 129.07}	VIA1	Geometry	Cut_Enclosure	Regular Wire of Net u_core_n_69074 Actual: 0.010000 Required: 0.060000 Type: Enclosure # 10 60 160 1 : 241.5000 128.8000 241.7800 129.3490 2     LEF Description:   ENCLOSURE ABOVE   0.010000 0.060000 ;
893	0x7f235e7698b0	{242.63 130.07 242.89 130.33}	VIA1	Geometry	Cut_Enclosure	Regular Wire of Net u_core_pd_hit_level[53] Actual: 0.010000 Required: 0.060000 Type: Enclosure # 10 60 160 1 : 242.6200 130.0600 242.9000 130.3400 2     LEF Description:   ENCLOSURE ABOVE   0.010000 0.060000 ;
894	0x7f235e769910	{243.19 121.11 243.45 121.37}	VIA1	Geometry	Cut_Enclosure	Regular Wire of Net u_core_n_72446 Actual: 0.010000 Required: 0.060000 Type: Enclosure # 10 60 160 1 : 243.1800 121.1000 243.4600 121.6490 2     LEF Description:   ENCLOSURE ABOVE   0.010000 0.060000 ;
895	0x7f235e7699a0	{243.75 130.07 244.01 130.33}	VIA1	Geometry	Cut_Enclosure	Regular Wire of Net u_core_n_72446 Actual: 0.010000 Required: 0.060000 Type: Enclosure # 10 60 160 1 : 243.7400 130.0600 244.0200 130.3400 2     LEF Description:   ENCLOSURE ABOVE   0.010000 0.060000 ;
896	0x7f235e769b20	{244.31 121.11 244.57 121.37}	VIA1	Geometry	Cut_Enclosure	Regular Wire of Net FE_OFN223_hit_latched_41 Actual: 0.010000 Required: 0.060000 Type: Enclosure # 10 60 160 1 : 244.3000 121.1000 244.5800 121.3800 2     LEF Description:   ENCLOSURE ABOVE   0.010000 0.060000 ;
897	0x7f235e769c70	{244.87 130.07 245.13 130.33}	VIA1	Geometry	Cut_Enclosure	Regular Wire of Net u_core_n_64554 Actual: 0.010000 Required: 0.060000 Type: Enclosure # 10 60 160 1 : 244.8600 129.7910 245.1400 130.3400 2     LEF Description:   ENCLOSURE ABOVE   0.010000 0.060000 ;
898	0x7f235e769e50	{245.585 119.85 245.845 120.11}	VIA1	Geometry	Cut_Enclosure	Regular Wire of Net u_core_n_69125 Actual: 0.010000 Required: 0.060000 Type: Enclosure # 10 60 160 1 : 245.4200 119.5710 245.7000 120.1200 2     LEF Description:   ENCLOSURE ABOVE   0.010000 0.060000 ;
899	0x7f235e769eb0	{245.99 121.11 246.25 121.37}	VIA1	Geometry	Cut_Enclosure	Regular Wire of Net u_core_hit_capture_snapshot[hit_level][52] & Regular Wire of Net FE_OFN223_hit_latched_41 Actual: 0.010000 Required: 0.060000 Type: Enclosure # 10 60 160 1 : 245.9800 121.1000 246.2600 121.3800 2     LEF Description:   ENCLOSURE ABOVE   0.010000 0.060000 ;
900	0x7f235ca87a60	{262.79 116.07 263.05 116.33}	VIA1	Geometry	Cut_Enclosure	Regular Wire of Net u_core_hit_capture_snapshot[hit_level][50] Actual: 0.010000 Required: 0.060000 Type: Enclosure # 10 60 160 1 : 262.7800 116.0600 263.0600 116.3400 2     LEF Description:   ENCLOSURE ABOVE   0.010000 0.060000 ;
901	0x7f235ca877f0	{261.67 116.07 261.93 116.33}	VIA1	Geometry	Cut_Enclosure	Regular Wire of Net FE_OFN106_u_core_n_68661 Actual: 0.010000 Required: 0.060000 Type: Enclosure # 10 60 160 1 : 261.6600 116.0600 261.9400 116.3400 2     LEF Description:   ENCLOSURE ABOVE   0.010000 0.060000 ;
902	0x7f235ca87700	{261.11 115.51 261.37 115.77}	VIA1	Geometry	Cut_Enclosure	Regular Wire of Net FE_OFN64_u_core_n_67823 Actual: 0.010000 Required: 0.060000 Type: Enclosure # 10 60 160 1 : 261.1000 115.5000 261.3800 115.7800 2     LEF Description:   ENCLOSURE ABOVE   0.010000 0.060000 ;
903	0x7f235ca876d0	{261.11 112.15 261.37 112.41}	VIA1	Geometry	Cut_Enclosure	Regular Wire of Net u_core_hit_capture_snapshot[hit_level][54] Actual: 0.010000 Required: 0.060000 Type: Enclosure # 10 60 160 1 : 261.1000 112.1400 261.3800 112.4200 2     LEF Description:   ENCLOSURE ABOVE   0.010000 0.060000 ;
904	0x7f235ca876a0	{261.11 103.19 261.37 103.45}	VIA1	Geometry	Cut_Enclosure	Regular Wire of Net n_4795 Actual: 0.010000 Required: 0.060000 Type: Enclosure # 10 60 160 1 : 261.1000 103.1800 261.3800 103.4600 2     LEF Description:   ENCLOSURE ABOVE   0.010000 0.060000 ;
905	0x7f235ca87610	{260.69 108.37 260.95 108.63}	VIA1	Geometry	Cut_Enclosure	Regular Wire of Net u_core_ctx_snapshot[hit_level][54] Actual: 0.010000 Required: 0.060000 Type: Enclosure # 10 60 160 1 : 260.5400 108.0910 260.8200 108.6400 2     LEF Description:   ENCLOSURE ABOVE   0.010000 0.060000 ;
906	0x7f235ca87490	{259.99 116.63 260.25 116.89}	VIA1	Geometry	Cut_Enclosure	Regular Wire of Net n_4793 Actual: 0.010000 Required: 0.060000 Type: Enclosure # 10 60 160 1 : 259.9800 116.6200 260.2600 117.1690 2     LEF Description:   ENCLOSURE ABOVE   0.010000 0.060000 ;
907	0x7f235ca87460	{259.99 112.15 260.25 112.41}	VIA1	Geometry	Cut_Enclosure	Regular Wire of Net FE_OFN106_u_core_n_68661 & Regular Wire of Net u_core_hit_capture_snapshot[hit_level][54] Actual: 0.010000 Required: 0.060000 Type: Enclosure # 10 60 160 1 : 259.9800 112.1400 260.2600 112.4200 2     LEF Description:   ENCLOSURE ABOVE   0.010000 0.060000 ;
908	0x7f235ca873d0	{259.68 107.84 259.94 108.1}	VIA1	Geometry	Cut_Enclosure	Regular Wire of Net n_4873 Actual: 0.010000 Required: 0.060000 Type: Enclosure # 10 60 160 1 : 259.4200 107.8300 259.7000 108.3790 2     LEF Description:   ENCLOSURE ABOVE   0.010000 0.060000 ;
909	0x7f235ca87280	{259.43 112.71 259.69 112.97}	VIA1	Geometry	Cut_Enclosure	Regular Wire of Net FE_OFN64_u_core_n_67823 & Regular Wire of Net FE_OFN106_u_core_n_68661 Actual: 0.010000 Required: 0.060000 Type: Enclosure # 10 60 160 1 : 259.4200 112.7000 259.7000 113.2490 2     LEF Description:   ENCLOSURE ABOVE   0.010000 0.060000 ;
910	0x7f235ca87190	{258.87 103.19 259.13 103.45}	VIA1	Geometry	Cut_Enclosure	Regular Wire of Net u_core_hit_capture_snapshot[hit_level][54] Actual: 0.010000 Required: 0.060000 Type: Enclosure # 10 60 160 1 : 258.8600 103.1800 259.1400 103.4600 2     LEF Description:   ENCLOSURE ABOVE   0.010000 0.060000 ;
911	0x7f235ca87100	{258.73 116.845 258.99 117.105}	VIA1	Geometry	Cut_Enclosure	Regular Wire of Net u_core_n_64855 Actual: 0.010000 Required: 0.060000 Type: Enclosure # 10 60 160 1 : 258.8600 116.6200 259.1400 117.1150 2     LEF Description:   ENCLOSURE ABOVE   0.010000 0.060000 ;
912	0x7f235ca870a0	{258.31 111.59 258.57 111.85}	VIA1	Geometry	Cut_Enclosure	Regular Wire of Net n_4797 Actual: 0.010000 Required: 0.060000 Type: Enclosure # 10 60 160 1 : 258.3000 111.3110 258.5800 111.8600 2     LEF Description:   ENCLOSURE ABOVE   0.010000 0.060000 ;
913	0x7f235ca86f50	{257.75 103.19 258.01 103.45}	VIA1	Geometry	Cut_Enclosure	Regular Wire of Net FE_OFN82_u_core_n_68100 Actual: 0.010000 Required: 0.060000 Type: Enclosure # 10 60 160 1 : 257.7400 102.9110 258.0200 103.4600 2     LEF Description:   ENCLOSURE ABOVE   0.010000 0.060000 ;
914	0x7f235ca86ec0	{257.19 107.11 257.45 107.37}	VIA1	Geometry	Cut_Enclosure	Regular Wire of Net n_4797 Actual: 0.010000 Required: 0.060000 Type: Enclosure # 10 60 160 1 : 257.1800 107.1000 257.4600 107.6490 2     LEF Description:   ENCLOSURE ABOVE   0.010000 0.060000 ;
915	0x7f235ca86e90	{257.19 103.75 257.45 104.01}	VIA1	Geometry	Cut_Enclosure	Regular Wire of Net FE_OFN96_u_core_n_68384 Actual: 0.010000 Required: 0.060000 Type: Enclosure # 10 60 160 1 : 257.1800 103.4710 257.4600 104.0200 2     LEF Description:   ENCLOSURE ABOVE   0.010000 0.060000 ;
916	0x7f235ca86e30	{257.05 111.375 257.31 111.635}	VIA1	Geometry	Cut_Enclosure	Regular Wire of Net u_core_n_64865 Actual: 0.010000 Required: 0.060000 Type: Enclosure # 10 60 160 1 : 257.1800 111.3650 257.4600 111.8600 2     LEF Description:   ENCLOSURE ABOVE   0.010000 0.060000 ;
917	0x7f235ca86d70	{256.63 108.79 256.89 109.05}	VIA1	Geometry	Cut_Enclosure	Regular Wire of Net FE_OFN126_u_core_drain_read_ctx_0 Actual: 0.010000 Required: 0.060000 Type: Enclosure # 10 60 160 1 : 256.6200 108.5110 256.9000 109.0600 2     LEF Description:   ENCLOSURE ABOVE   0.010000 0.060000 ;
918	0x7f235ca86ce0	{256.07 102.63 256.33 102.89}	VIA1	Geometry	Cut_Enclosure	Regular Wire of Net n_4873 Actual: 0.010000 Required: 0.060000 Type: Enclosure # 10 60 160 1 : 256.0600 102.6200 256.3400 102.9000 2     LEF Description:   ENCLOSURE ABOVE   0.010000 0.060000 ;
919	0x7f235ca86290	{249.35 104.31 249.61 104.57}	VIA1	Geometry	Cut_Enclosure	Regular Wire of Net u_core_hit_capture_snapshot[hit_level][52] Actual: 0.010000 Required: 0.060000 Type: Enclosure # 10 60 160 1 : 249.3400 104.3000 249.6200 104.5800 2     LEF Description:   ENCLOSURE ABOVE   0.010000 0.060000 ;
920	0x7f235ca86a40	{254.95 113.27 255.21 113.53}	VIA1	Geometry	Cut_Enclosure	Regular Wire of Net n_4797 Actual: 0.010000 Required: 0.060000 Type: Enclosure # 10 60 160 1 : 254.9400 113.2600 255.2200 113.5400 2     LEF Description:   ENCLOSURE ABOVE   0.010000 0.060000 ;
921	0x7f235e768e30	{234.675 116.845 234.935 117.105}	VIA1	Geometry	Cut_Enclosure	Regular Wire of Net u_core_n_67181 & Regular Wire of Net u_core_hit_capture_snapshot[hit_level][49] Actual: 0.010000 Required: 0.060000 Type: Enclosure # 10 60 160 1 : 234.7800 116.6200 235.0600 117.1150 2     LEF Description:   ENCLOSURE ABOVE   0.010000 0.060000 ;
922	0x7f235e768e60	{234.79 115.51 235.05 115.77}	VIA1	Geometry	Cut_Enclosure	Regular Wire of Net u_core_n_69123 & Regular Wire of Net u_core_hit_capture_snapshot[hit_level][49] Actual: 0.010000 Required: 0.060000 Type: Enclosure # 10 60 160 1 : 234.7800 115.5000 235.0600 115.7800 2     LEF Description:   ENCLOSURE ABOVE   0.010000 0.060000 ;
923	0x7f235e769040	{236.47 116.07 236.73 116.33}	VIA1	Geometry	Cut_Enclosure	Regular Wire of Net FE_OFN55_FE_DBTN0_u_core_rst_sys_drain_n Actual: 0.010000 Required: 0.060000 Type: Enclosure # 10 60 160 1 : 236.4600 116.0600 236.7400 116.6090 2     LEF Description:   ENCLOSURE ABOVE   0.010000 0.060000 ;
924	0x7f235e769490	{239.27 103.19 239.53 103.45}	VIA1	Geometry	Cut_Enclosure	Regular Wire of Net u_core_n_67092 Actual: 0.010000 Required: 0.060000 Type: Enclosure # 10 60 160 1 : 239.2600 103.1800 239.5400 103.7290 2     LEF Description:   ENCLOSURE ABOVE   0.010000 0.060000 ;
925	0x7f235e769c40	{244.87 112.15 245.13 112.41}	VIA1	Geometry	Cut_Enclosure	Regular Wire of Net u_core_n_64865 Actual: 0.010000 Required: 0.060000 Type: Enclosure # 10 60 160 1 : 244.8600 111.8710 245.1400 112.4200 2     LEF Description:   ENCLOSURE ABOVE   0.010000 0.060000 ;
926	0x7f235e769d00	{245.315 116.845 245.575 117.105}	VIA1	Geometry	Cut_Enclosure	Regular Wire of Net u_core_n_67092 & Regular Wire of Net u_core_n_69125 Actual: 0.010000 Required: 0.060000 Type: Enclosure # 10 60 160 1 : 245.4200 116.6200 245.7000 117.1150 2     LEF Description:   ENCLOSURE ABOVE   0.010000 0.060000 ;
927	0x7f235e769d60	{245.43 107.11 245.69 107.37}	VIA1	Geometry	Cut_Enclosure	Regular Wire of Net u_core_n_66362 Actual: 0.010000 Required: 0.060000 Type: Enclosure # 10 60 160 1 : 245.4200 106.8310 245.7000 107.3800 2     LEF Description:   ENCLOSURE ABOVE   0.010000 0.060000 ;
928	0x7f235e769d90	{245.43 115.51 245.69 115.77}	VIA1	Geometry	Cut_Enclosure	Regular Wire of Net u_core_n_69125 Actual: 0.010000 Required: 0.060000 Type: Enclosure # 10 60 160 1 : 245.4200 115.5000 245.7000 116.0490 2     LEF Description:   ENCLOSURE ABOVE   0.010000 0.060000 ;
929	0x7f235ca86050	{247.11 116.07 247.37 116.33}	VIA1	Geometry	Cut_Enclosure	Regular Wire of Net FE_OFN55_FE_DBTN0_u_core_rst_sys_drain_n Actual: 0.010000 Required: 0.060000 Type: Enclosure # 10 60 160 1 : 247.1000 116.0600 247.3800 116.3400 2     LEF Description:   ENCLOSURE ABOVE   0.010000 0.060000 ;
930	0x7f23761d4b30	{221.745 121.16 221.745 121.16}	MET3	Connectivity	ConnectivityAntenna	Net VDD
931	0x7f23761d4a40	{201.16 118.0 201.16 118.0}	METTP	Connectivity	ConnectivityAntenna	Net VDD
932	0x7f23761d48f0	{221.745 125.16 221.745 125.16}	MET3	Connectivity	ConnectivityAntenna	Net VSS
933	0x7f23761d4860	{205.16 118.0 205.16 118.0}	METTP	Connectivity	ConnectivityAntenna	Net VSS
934	0x7f235e768a10	{230.87 107.11 231.13 107.37}	VIA1	Geometry	Cut_Enclosure	Regular Wire of Net u_core_n_67181 Actual: 0.010000 Required: 0.060000 Type: Enclosure # 10 60 160 1 : 230.8600 107.1000 231.1400 107.3800 2     LEF Description:   ENCLOSURE ABOVE   0.010000 0.060000 ;
935	0x7f235ca86530	{251.03 89.19 251.29 89.45}	VIA1	Geometry	Cut_Enclosure	Regular Wire of Net u_core_n_66351 Actual: 0.010000 Required: 0.060000 Type: Enclosure # 10 60 160 1 : 251.0200 89.1800 251.3000 89.4600 2     LEF Description:   ENCLOSURE ABOVE   0.010000 0.060000 ;
936	0x7f235ca869e0	{254.81 93.455 255.07 93.715}	VIA1	Geometry	Cut_Enclosure	Regular Wire of Net u_core_n_66351 Actual: 0.010000 Required: 0.060000 Type: Enclosure # 10 60 160 1 : 254.9400 93.4450 255.2200 93.9400 2     LEF Description:   ENCLOSURE ABOVE   0.010000 0.060000 ;
937	0x7f235ca86cb0	{256.07 93.67 256.33 93.93}	VIA1	Geometry	Cut_Enclosure	Regular Wire of Net n_4871 Actual: 0.010000 Required: 0.060000 Type: Enclosure # 10 60 160 1 : 256.0600 93.3910 256.3400 93.9400 2     LEF Description:   ENCLOSURE ABOVE   0.010000 0.060000 ;
938	0x7f235ca86e60	{257.19 94.79 257.45 95.05}	VIA1	Geometry	Cut_Enclosure	Regular Wire of Net FE_OFN96_u_core_n_68384 Actual: 0.010000 Required: 0.060000 Type: Enclosure # 10 60 160 1 : 257.1800 94.7800 257.4600 95.3290 2     LEF Description:   ENCLOSURE ABOVE   0.010000 0.060000 ;
939	0x7f235ca86f20	{257.75 94.23 258.01 94.49}	VIA1	Geometry	Cut_Enclosure	Regular Wire of Net FE_OFN82_u_core_n_68100 Actual: 0.010000 Required: 0.060000 Type: Enclosure # 10 60 160 1 : 257.7400 94.2200 258.0200 94.5000 2     LEF Description:   ENCLOSURE ABOVE   0.010000 0.060000 ;
940	0x7f235ca87160	{258.87 94.23 259.13 94.49}	VIA1	Geometry	Cut_Enclosure	Regular Wire of Net u_core_hit_capture_snapshot[hit_level][52] Actual: 0.010000 Required: 0.060000 Type: Enclosure # 10 60 160 1 : 258.8600 94.2200 259.1400 94.5000 2     LEF Description:   ENCLOSURE ABOVE   0.010000 0.060000 ;
941	0x7f235ca87550	{260.55 77.43 260.81 77.69}	VIA1	Geometry	Cut_Enclosure	Regular Wire of Net n_4795 Actual: 0.010000 Required: 0.060000 Type: Enclosure # 10 60 160 1 : 260.5400 77.4200 260.8200 77.7000 2     LEF Description:   ENCLOSURE ABOVE   0.010000 0.060000 ;
942	0x7f235ca87580	{260.55 101.51 260.81 101.77}	VIA1	Geometry	Cut_Enclosure	Regular Wire of Net FE_OFN126_u_core_drain_read_ctx_0 Actual: 0.010000 Required: 0.060000 Type: Enclosure # 10 60 160 1 : 260.5400 101.5000 260.8200 101.7800 2     LEF Description:   ENCLOSURE ABOVE   0.010000 0.060000 ;
943	0x7f235ca87670	{261.11 88.07 261.37 88.33}	VIA1	Geometry	Cut_Enclosure	Regular Wire of Net n_4871 Actual: 0.010000 Required: 0.060000 Type: Enclosure # 10 60 160 1 : 261.1000 88.0600 261.3800 88.3400 2     LEF Description:   ENCLOSURE ABOVE   0.010000 0.060000 ;
944	0x7f235ca87880	{262.23 94.23 262.49 94.49}	VIA1	Geometry	Cut_Enclosure	Regular Wire of Net u_core_hit_capture_snapshot[hit_level][52] Actual: 0.010000 Required: 0.060000 Type: Enclosure # 10 60 160 1 : 262.2200 94.2200 262.5000 94.5000 2     LEF Description:   ENCLOSURE ABOVE   0.010000 0.060000 ;
945	0x7f235ca87b80	{263.35 86.39 263.61 86.65}	VIA1	Geometry	Cut_Enclosure	Regular Wire of Net n_4783 Actual: 0.010000 Required: 0.060000 Type: Enclosure # 10 60 160 1 : 263.3400 86.3800 263.6200 86.6600 2     LEF Description:   ENCLOSURE ABOVE   0.010000 0.060000 ;
946	0x7f235ca87bb0	{263.35 94.23 263.61 94.49}	VIA1	Geometry	Cut_Enclosure	Regular Wire of Net FE_OFN106_u_core_n_68661 Actual: 0.010000 Required: 0.060000 Type: Enclosure # 10 60 160 1 : 263.3400 94.2200 263.6200 94.7690 2     LEF Description:   ENCLOSURE ABOVE   0.010000 0.060000 ;
947	0x7f235ca87ca0	{263.91 94.79 264.17 95.05}	VIA1	Geometry	Cut_Enclosure	Regular Wire of Net FE_OFN64_u_core_n_67823 Actual: 0.010000 Required: 0.060000 Type: Enclosure # 10 60 160 1 : 263.9000 94.7800 264.1800 95.3290 2     LEF Description:   ENCLOSURE ABOVE   0.010000 0.060000 ;
948	0x7f235ca87f10	{264.61 101.93 264.87 102.19}	VIA1	Geometry	Cut_Enclosure	Regular Wire of Net u_core_ctx_snapshot[hit_level][52] Actual: 0.010000 Required: 0.060000 Type: Enclosure # 10 60 160 1 : 264.4600 101.9200 264.7400 102.4690 2     LEF Description:   ENCLOSURE ABOVE   0.010000 0.060000 ;
949	0x7f235ca87fa0	{265.03 93.67 265.29 93.93}	VIA1	Geometry	Cut_Enclosure	Regular Wire of Net n_4795 Actual: 0.010000 Required: 0.060000 Type: Enclosure # 10 60 160 1 : 265.0200 93.6600 265.3000 93.9400 2     LEF Description:   ENCLOSURE ABOVE   0.010000 0.060000 ;
950	0x7f235ca86a10	{254.81 102.415 255.07 102.675}	VIA1	Geometry	Cut_Enclosure	Regular Wire of Net u_core_n_66362 Actual: 0.010000 Required: 0.060000 Type: Enclosure # 10 60 160 1 : 254.9400 102.4050 255.2200 102.9000 2     LEF Description:   ENCLOSURE ABOVE   0.010000 0.060000 ;
951	0x7f235ca87c40	{263.6 102.46 263.86 102.72}	VIA1	Geometry	Cut_Enclosure	Regular Wire of Net n_4871 Actual: 0.010000 Required: 0.060000 Type: Enclosure # 10 60 160 1 : 263.3400 102.4500 263.6200 102.9000 2     LEF Description:   ENCLOSURE ABOVE   0.010000 0.060000 ;
952	0x7f235e75f910	{117.055 121.025 117.28 121.285}	VIA1	Geometry	Cut_Spacing	Regular Wire of Net u_core_ro_fast_code_q[6] & Regular Wire of Net u_core_ro_fast_code_q[7] Actual: 0.225000 Required: 0.260000 Type: Same Layer Cut Spacing # 225 260 33 2 : 116.7950 121.0250 117.0550 121.2850 34: 117.2800 121.0250 117.5400 121.2850 34     LEF Description:  SPACING 0.260000 ; 
953	0x7f235e75f8e0	{116.57 121.025 116.795 121.285}	VIA1	Geometry	Cut_Spacing	Regular Wire of Net u_core_ro_fast_code_q[0] & Regular Wire of Net u_core_ro_fast_code_q[6] Actual: 0.225000 Required: 0.260000 Type: Same Layer Cut Spacing # 225 260 33 2 : 116.3100 121.0250 116.5700 121.2850 34: 116.7950 121.0250 117.0550 121.2850 34     LEF Description:  SPACING 0.260000 ; 
954	0x7f235e75f8b0	{116.085 121.025 116.31 121.285}	VIA1	Geometry	Cut_Spacing	Regular Wire of Net u_core_ro_fast_code_q[1] & Regular Wire of Net u_core_ro_fast_code_q[0] Actual: 0.225000 Required: 0.260000 Type: Same Layer Cut Spacing # 225 260 33 2 : 115.8250 121.0250 116.0850 121.2850 34: 116.3100 121.0250 116.5700 121.2850 34     LEF Description:  SPACING 0.260000 ; 
955	0x7f23761d5c40	{117.28 121.025 117.54 121.285}	VIA1	Geometry	Cut_Enclosure	Regular Wire of Net u_core_ro_fast_code_q[7] Actual: 0.010000 Required: 0.060000 Type: Enclosure # 10 60 160 1 : 117.1800 120.7460 117.4600 121.2950 2     LEF Description:   ENCLOSURE ABOVE   0.010000 0.060000 ;
956	0x7f23761d5c10	{116.795 121.025 117.055 121.285}	VIA1	Geometry	Cut_Enclosure	Regular Wire of Net u_core_ro_fast_code_q[6] Actual: 0.010000 Required: 0.060000 Type: Enclosure # 10 60 160 1 : 116.6200 120.7460 116.9000 121.2950 2     LEF Description:   ENCLOSURE ABOVE   0.010000 0.060000 ;
957	0x7f23761d5be0	{116.31 121.025 116.57 121.285}	VIA1	Geometry	Cut_Enclosure	Regular Wire of Net u_core_ro_fast_code_q[0] & Regular Wire of Net u_core_ro_fast_code_q[1] Actual: 0.010000 Required: 0.060000 Type: Enclosure # 10 60 160 1 : 116.0600 120.7460 116.3400 121.2950 2     LEF Description:   ENCLOSURE ABOVE   0.010000 0.060000 ;
958	0x7f235e75ec20	{116.31 121.025 116.34 121.285}	MET2	Geometry	Wire_Extension	Regular Wire of Net u_core_ro_fast_code_q[1] & Regular Wire of Net u_core_ro_fast_code_q[0] Actual: 0.140000 Required: 0.190000 Type: Wire Extension # 140 190 96 1 : 116.3100 121.0250 116.5700 121.2850 34     LEF Description:  WIREEXTENSION 0.190000 ; 
959	0x7f235e75ec80	{116.795 121.025 117.055 121.285}	MET2	Geometry	Wire_Extension	Regular Wire of Net u_core_ro_fast_code_q[6] Actual: 0.140000 Required: 0.190000 Type: Wire Extension # 140 190 96 1 : 116.7950 121.0250 117.0550 121.2850 34     LEF Description:  WIREEXTENSION 0.190000 ; 
960	0x7f235e75ece0	{117.28 121.025 117.54 121.285}	MET2	Geometry	Wire_Extension	Regular Wire of Net u_core_ro_fast_code_q[7] Actual: 0.140000 Required: 0.190000 Type: Wire Extension # 140 190 96 1 : 117.2800 121.0250 117.5400 121.2850 34     LEF Description:  WIREEXTENSION 0.190000 ; 
961	0x7f235e75fb80	{116.62 120.4 116.9 121.295}	MET2	Geometry	Metal_Short	Regular Wire of Net u_core_ro_fast_code_q[6] & Blockage of Cell u_core_u_osc_fast_u_ro_tune4 Type: Metal Short # -1 -1 9 2 : 116.4800 120.2600 117.0400 121.4350 2: 116.4800 120.2600 117.0400 121.4350 2
962	0x7f235e75fbb0	{116.62 121.015 117.065 121.295}	MET2	Geometry	Metal_Short	Regular Wire of Net u_core_ro_fast_code_q[6] & Blockage of Cell u_core_u_osc_fast_u_ro_tune4 Type: Metal Short # -1 -1 9 2 : 116.4800 120.8750 117.2050 121.4350 2: 116.4800 120.8750 117.2050 121.4350 2
963	0x7f235e75fbe0	{117.18 120.4 117.46 121.295}	MET2	Geometry	Metal_Short	Regular Wire of Net u_core_ro_fast_code_q[7] & Blockage of Cell u_core_u_osc_fast_u_ro_tune4 Type: Metal Short # -1 -1 9 2 : 117.0400 120.2600 117.6000 121.4350 2: 117.0400 120.2600 117.6000 121.4350 2
964	0x7f235e75fc10	{117.18 121.015 117.55 121.295}	MET2	Geometry	Metal_Short	Regular Wire of Net u_core_ro_fast_code_q[7] & Blockage of Cell u_core_u_osc_fast_u_ro_tune4 Type: Metal Short # -1 -1 9 2 : 117.0400 120.8750 117.6900 121.4350 2: 117.0400 120.8750 117.6900 121.4350 2
965	0x7f235e768080	{116.145 121.015 116.25 121.295}	MET1	Geometry	Parallel_Run_Length_Spacing	Regular Wire of Net u_core_ro_fast_code_q[1] & Regular Wire of Net u_core_ro_fast_code_q[0] Actual: 0.105000 Required: 0.230000 Type: ParallelRunLength Spacing # 105 230 3 2 : 115.8650 121.0150 116.1450 121.2950 1: 116.2500 121.0150 116.5300 121.2950 1     LEF Description:  SPACING 0.230000 
966	0x7f235e7680b0	{116.63 121.015 116.735 121.295}	MET1	Geometry	Parallel_Run_Length_Spacing	Regular Wire of Net u_core_ro_fast_code_q[0] & Regular Wire of Net u_core_ro_fast_code_q[6] Actual: 0.105000 Required: 0.230000 Type: ParallelRunLength Spacing # 105 230 3 2 : 116.3500 121.0150 116.6300 121.2950 1: 116.7350 121.0150 117.0150 121.2950 1     LEF Description:  SPACING 0.230000 
967	0x7f235e7680e0	{117.115 121.015 117.22 121.295}	MET1	Geometry	Parallel_Run_Length_Spacing	Regular Wire of Net u_core_ro_fast_code_q[6] & Regular Wire of Net u_core_ro_fast_code_q[7] Actual: 0.105000 Required: 0.230000 Type: ParallelRunLength Spacing # 105 230 3 2 : 116.8350 121.0150 117.1150 121.2950 1: 117.2200 121.0150 117.5000 121.2950 1     LEF Description:  SPACING 0.230000 
968	0x7f235e768290	{116.58 121.015 116.62 121.295}	MET2	Geometry	Parallel_Run_Length_Spacing	Regular Wire of Net u_core_ro_fast_code_q[1] & Regular Wire of Net u_core_ro_fast_code_q[6] Actual: 0.040000 Required: 0.280000 Type: ParallelRunLength Spacing # 40 280 3 2 : 116.3000 121.0150 116.5800 121.2950 2: 116.6200 121.0150 116.9000 121.2950 2     LEF Description:  SPACING 0.280000 
969	0x7f235e7682c0	{117.065 121.015 117.18 121.295}	MET2	Geometry	Parallel_Run_Length_Spacing	Regular Wire of Net u_core_ro_fast_code_q[6] & Regular Wire of Net u_core_ro_fast_code_q[7] Actual: 0.115000 Required: 0.280000 Type: ParallelRunLength Spacing # 115 280 3 2 : 116.7850 121.0150 117.0650 121.2950 2: 117.1800 121.0150 117.4600 121.2950 2     LEF Description:  SPACING 0.280000 
970	0x7f235e75fa90	{115.33 121.015 115.78 121.295}	MET2	Geometry	Metal_Short	Regular Wire of Net u_core_ro_fast_code_q[2] & Blockage of Cell u_core_u_osc_fast_u_ro_tune4 Type: Metal Short # -1 -1 9 2 : 115.1900 120.8750 115.9200 121.4350 2: 115.1900 120.8750 115.9200 121.4350 2
971	0x7f235e75fa30	{114.94 120.4 115.22 121.295}	MET2	Geometry	Metal_Short	Regular Wire of Net u_core_ro_fast_code_q[3] & Blockage of Cell u_core_u_osc_fast_u_ro_tune4 Type: Metal Short # -1 -1 9 2 : 114.8000 120.2600 115.3600 121.4350 2: 114.8000 120.2600 115.3600 121.4350 2
972	0x7f235e75fa00	{114.845 121.015 115.22 121.295}	MET2	Geometry	Metal_Short	Regular Wire of Net u_core_ro_fast_code_q[3] & Blockage of Cell u_core_u_osc_fast_u_ro_tune4 Type: Metal Short # -1 -1 9 2 : 114.7050 120.8750 115.3600 121.4350 2: 114.7050 120.8750 115.3600 121.4350 2
973	0x7f235e75f9d0	{114.38 120.4 114.66 121.295}	MET2	Geometry	Metal_Short	Regular Wire of Net u_core_ro_fast_code_q[4] & Blockage of Cell u_core_u_osc_fast_u_ro_tune4 Type: Metal Short # -1 -1 9 2 : 114.2400 120.2600 114.8000 121.4350 2: 114.2400 120.2600 114.8000 121.4350 2
974	0x7f235e75f9a0	{114.36 121.015 114.66 121.295}	MET2	Geometry	Metal_Short	Regular Wire of Net u_core_ro_fast_code_q[4] & Blockage of Cell u_core_u_osc_fast_u_ro_tune4 Type: Metal Short # -1 -1 9 2 : 114.2200 120.8750 114.8000 121.4350 2: 114.2200 120.8750 114.8000 121.4350 2
975	0x7f235e75f970	{113.82 121.015 114.155 121.295}	MET2	Geometry	Metal_Short	Regular Wire of Net u_core_ro_fast_code_q[5] & Blockage of Cell u_core_u_osc_fast_u_ro_tune4 Type: Metal Short # -1 -1 9 2 : 113.6800 120.8750 114.2950 121.4350 2: 113.6800 120.8750 114.2950 121.4350 2
976	0x7f235e75f940	{113.82 120.4 114.1 121.295}	MET2	Geometry	Metal_Short	Regular Wire of Net u_core_ro_fast_code_q[5] & Blockage of Cell u_core_u_osc_fast_u_ro_tune4 Type: Metal Short # -1 -1 9 2 : 113.6800 120.2600 114.2400 121.4350 2: 113.6800 120.2600 114.2400 121.4350 2
977	0x7f235e75f880	{115.6 121.025 115.825 121.285}	VIA1	Geometry	Cut_Spacing	Regular Wire of Net u_core_ro_fast_code_q[2] & Regular Wire of Net u_core_ro_fast_code_q[1] Actual: 0.225000 Required: 0.260000 Type: Same Layer Cut Spacing # 225 260 33 2 : 115.3400 121.0250 115.6000 121.2850 34: 115.8250 121.0250 116.0850 121.2850 34     LEF Description:  SPACING 0.260000 ; 
978	0x7f235e75f850	{115.115 121.025 115.34 121.285}	VIA1	Geometry	Cut_Spacing	Regular Wire of Net u_core_ro_fast_code_q[3] & Regular Wire of Net u_core_ro_fast_code_q[2] Actual: 0.225000 Required: 0.260000 Type: Same Layer Cut Spacing # 225 260 33 2 : 114.8550 121.0250 115.1150 121.2850 34: 115.3400 121.0250 115.6000 121.2850 34     LEF Description:  SPACING 0.260000 ; 
979	0x7f235e75f820	{114.63 121.025 114.855 121.285}	VIA1	Geometry	Cut_Spacing	Regular Wire of Net u_core_ro_fast_code_q[4] & Regular Wire of Net u_core_ro_fast_code_q[3] Actual: 0.225000 Required: 0.260000 Type: Same Layer Cut Spacing # 225 260 33 2 : 114.3700 121.0250 114.6300 121.2850 34: 114.8550 121.0250 115.1150 121.2850 34     LEF Description:  SPACING 0.260000 ; 
980	0x7f235e75f7f0	{114.145 121.025 114.37 121.285}	VIA1	Geometry	Cut_Spacing	Regular Wire of Net u_core_ro_fast_code_q[5] & Regular Wire of Net u_core_ro_fast_code_q[4] Actual: 0.225000 Required: 0.260000 Type: Same Layer Cut Spacing # 225 260 33 2 : 113.8850 121.0250 114.1450 121.2850 34: 114.3700 121.0250 114.6300 121.2850 34     LEF Description:  SPACING 0.260000 ; 
981	0x7f235e75eb60	{115.34 121.025 115.6 121.285}	MET2	Geometry	Wire_Extension	Regular Wire of Net u_core_ro_fast_code_q[2] Actual: 0.140000 Required: 0.190000 Type: Wire Extension # 140 190 96 1 : 115.3400 121.0250 115.6000 121.2850 34     LEF Description:  WIREEXTENSION 0.190000 ; 
982	0x7f235e75ead0	{114.855 121.025 115.115 121.285}	MET2	Geometry	Wire_Extension	Regular Wire of Net u_core_ro_fast_code_q[3] Actual: 0.140000 Required: 0.190000 Type: Wire Extension # 140 190 96 1 : 114.8550 121.0250 115.1150 121.2850 34     LEF Description:  WIREEXTENSION 0.190000 ; 
983	0x7f235e75ea70	{114.38 121.025 114.63 121.285}	MET2	Geometry	Wire_Extension	Regular Wire of Net u_core_ro_fast_code_q[4] Actual: 0.140000 Required: 0.190000 Type: Wire Extension # 140 190 96 1 : 114.3700 121.0250 114.6300 121.2850 34     LEF Description:  WIREEXTENSION 0.190000 ; 
984	0x7f235e75ea40	{113.885 121.025 114.145 121.285}	MET2	Geometry	Wire_Extension	Regular Wire of Net u_core_ro_fast_code_q[5] Actual: 0.140000 Required: 0.190000 Type: Wire Extension # 140 190 96 1 : 113.8850 121.0250 114.1450 121.2850 34     LEF Description:  WIREEXTENSION 0.190000 ; 
985	0x7f23761d5b80	{115.34 121.025 115.6 121.285}	VIA1	Geometry	Cut_Enclosure	Regular Wire of Net u_core_ro_fast_code_q[2] Actual: 0.010000 Required: 0.060000 Type: Enclosure # 10 60 160 1 : 115.5000 120.7460 115.7800 121.2950 2     LEF Description:   ENCLOSURE ABOVE   0.010000 0.060000 ;
986	0x7f23761d5b50	{114.855 121.025 115.115 121.285}	VIA1	Geometry	Cut_Enclosure	Regular Wire of Net u_core_ro_fast_code_q[3] Actual: 0.010000 Required: 0.060000 Type: Enclosure # 10 60 160 1 : 114.9400 120.7460 115.2200 121.2950 2     LEF Description:   ENCLOSURE ABOVE   0.010000 0.060000 ;
987	0x7f23761d5af0	{113.885 121.025 114.145 121.285}	VIA1	Geometry	Cut_Enclosure	Regular Wire of Net u_core_ro_fast_code_q[5] Actual: 0.010000 Required: 0.060000 Type: Enclosure # 10 60 160 1 : 113.8200 120.7460 114.1000 121.2950 2     LEF Description:   ENCLOSURE ABOVE   0.010000 0.060000 ;
988	0x7f23761d5b20	{114.37 121.025 114.63 121.285}	VIA1	Geometry	Cut_Enclosure	Regular Wire of Net u_core_ro_fast_code_q[4] Actual: 0.010000 Required: 0.060000 Type: Enclosure # 10 60 160 1 : 114.3800 120.7460 114.6600 121.2950 2     LEF Description:   ENCLOSURE ABOVE   0.010000 0.060000 ;
989	0x7f235e75fac0	{115.5 120.4 115.78 121.295}	MET2	Geometry	Metal_Short	Regular Wire of Net u_core_ro_fast_code_q[2] & Blockage of Cell u_core_u_osc_fast_u_ro_tune4 Type: Metal Short # -1 -1 9 2 : 115.3600 120.2600 115.9200 121.4350 2: 115.3600 120.2600 115.9200 121.4350 2
990	0x7f235e75ff70	{114.205 121.015 114.31 121.295}	MET1	Geometry	Parallel_Run_Length_Spacing	Regular Wire of Net u_core_ro_fast_code_q[5] & Regular Wire of Net u_core_ro_fast_code_q[4] Actual: 0.105000 Required: 0.230000 Type: ParallelRunLength Spacing # 105 230 3 2 : 113.9250 121.0150 114.2050 121.2950 1: 114.3100 121.0150 114.5900 121.2950 1     LEF Description:  SPACING 0.230000 
991	0x7f235e75ffa0	{114.69 121.015 114.795 121.295}	MET1	Geometry	Parallel_Run_Length_Spacing	Regular Wire of Net u_core_ro_fast_code_q[4] & Regular Wire of Net u_core_ro_fast_code_q[3] Actual: 0.105000 Required: 0.230000 Type: ParallelRunLength Spacing # 105 230 3 2 : 114.4100 121.0150 114.6900 121.2950 1: 114.7950 121.0150 115.0750 121.2950 1     LEF Description:  SPACING 0.230000 
992	0x7f235e768020	{115.175 121.015 115.28 121.295}	MET1	Geometry	Parallel_Run_Length_Spacing	Regular Wire of Net u_core_ro_fast_code_q[3] & Regular Wire of Net u_core_ro_fast_code_q[2] Actual: 0.105000 Required: 0.230000 Type: ParallelRunLength Spacing # 105 230 3 2 : 114.8950 121.0150 115.1750 121.2950 1: 115.2800 121.0150 115.5600 121.2950 1     LEF Description:  SPACING 0.230000 
993	0x7f235e768050	{115.66 121.015 115.765 121.295}	MET1	Geometry	Parallel_Run_Length_Spacing	Regular Wire of Net u_core_ro_fast_code_q[2] & Regular Wire of Net u_core_ro_fast_code_q[1] Actual: 0.105000 Required: 0.230000 Type: ParallelRunLength Spacing # 105 230 3 2 : 115.3800 121.0150 115.6600 121.2950 1: 115.7650 121.0150 116.0450 121.2950 1     LEF Description:  SPACING 0.230000 
994	0x7f235e7681d0	{114.155 121.015 114.36 121.295}	MET2	Geometry	Parallel_Run_Length_Spacing	Regular Wire of Net u_core_ro_fast_code_q[5] & Regular Wire of Net u_core_ro_fast_code_q[4] Actual: 0.205000 Required: 0.280000 Type: ParallelRunLength Spacing # 205 280 3 2 : 113.8750 121.0150 114.1550 121.2950 2: 114.3600 121.0150 114.6400 121.2950 2     LEF Description:  SPACING 0.280000 
995	0x7f235e768200	{114.66 121.015 114.845 121.295}	MET2	Geometry	Parallel_Run_Length_Spacing	Regular Wire of Net u_core_ro_fast_code_q[4] & Regular Wire of Net u_core_ro_fast_code_q[3] Actual: 0.185000 Required: 0.280000 Type: ParallelRunLength Spacing # 185 280 3 2 : 114.3800 121.0150 114.6600 121.2950 2: 114.8450 121.0150 115.1250 121.2950 2     LEF Description:  SPACING 0.280000 
996	0x7f235e768230	{115.22 121.015 115.33 121.295}	MET2	Geometry	Parallel_Run_Length_Spacing	Regular Wire of Net u_core_ro_fast_code_q[3] & Regular Wire of Net u_core_ro_fast_code_q[2] Actual: 0.110000 Required: 0.280000 Type: ParallelRunLength Spacing # 110 280 3 2 : 114.9400 121.0150 115.2200 121.2950 2: 115.3300 121.0150 115.6100 121.2950 2     LEF Description:  SPACING 0.280000 
997	0x7f235e768260	{115.78 121.015 115.815 121.295}	MET2	Geometry	Parallel_Run_Length_Spacing	Regular Wire of Net u_core_ro_fast_code_q[2] & Regular Wire of Net u_core_ro_fast_code_q[1] Actual: 0.035000 Required: 0.280000 Type: ParallelRunLength Spacing # 35 280 3 2 : 115.5000 121.0150 115.7800 121.2950 2: 115.8150 121.0150 116.0950 121.2950 2     LEF Description:  SPACING 0.280000 
998	0x7f235e75ebc0	{115.825 121.025 116.085 121.285}	MET2	Geometry	Wire_Extension	Regular Wire of Net u_core_ro_fast_code_q[1] Actual: 0.140000 Required: 0.190000 Type: Wire Extension # 140 190 96 1 : 115.8250 121.0250 116.0850 121.2850 34     LEF Description:  WIREEXTENSION 0.190000 ; 
999	0x7f23761d5bb0	{115.825 121.025 116.085 121.285}	VIA1	Geometry	Cut_Enclosure	Regular Wire of Net u_core_ro_fast_code_q[1] Actual: 0.010000 Required: 0.060000 Type: Enclosure # 10 60 160 1 : 116.0600 120.7460 116.3400 121.2950 2     LEF Description:   ENCLOSURE ABOVE   0.010000 0.060000 ;
1000	0x7f235e768440	{115.815 121.015 116.58 121.295}	MET2	Geometry	Metal_Short	Regular Wire of Net u_core_ro_fast_code_q[1] & Blockage of Cell u_core_u_osc_fast_u_ro_tune4 Type: Metal Short # -1 -1 9 2 : 115.6750 120.8750 116.4800 121.4350 2: 115.6750 120.8750 116.4800 121.4350 2
1001	0x7f235e75ebf0	{116.07 114.95 116.33 115.21}	MET2	Geometry	Wire_Extension	Regular Wire of Net u_core_ro_fast_code_q[0] Actual: 0.140000 Required: 0.190000 Type: Wire Extension # 140 190 96 1 : 116.0700 114.9500 116.3300 115.2100 35     LEF Description:  WIREEXTENSION 0.190000 ; 
1002	0x7f235e75eb00	{114.95 104.87 115.21 105.13}	MET2	Geometry	Wire_Extension	Regular Wire of Net u_core_ro_fast_code_q[3] Actual: 0.140000 Required: 0.190000 Type: Wire Extension # 140 190 96 1 : 114.9500 104.8700 115.2100 105.1300 35     LEF Description:  WIREEXTENSION 0.190000 ; 
1003	0x7f23761d47a0	{125.16 118.0 125.16 118.0}	METTP	Connectivity	ConnectivityAntenna	Net VSS
1004	0x7f23761d4980	{121.16 118.0 121.16 118.0}	METTP	Connectivity	ConnectivityAntenna	Net VDD
1005	0x7f235e75e170	{113.83 109.35 114.09 109.61}	VIA2	Geometry	Cut_Enclosure	Regular Wire of Net u_core_ro_fast_code_q[5] Actual: 0.010000 Required: 0.060000 Type: Enclosure # 10 60 160 1 : 113.8200 109.3400 114.1000 109.8890 2     LEF Description:   ENCLOSURE BELOW   0.010000 0.060000 ;
1006	0x7f235e75e1a0	{114.39 117.75 114.65 118.01}	VIA2	Geometry	Cut_Enclosure	Regular Wire of Net u_core_ro_fast_code_q[4] Actual: 0.010000 Required: 0.060000 Type: Enclosure # 10 60 160 1 : 114.3800 117.7400 114.6600 118.2890 2     LEF Description:   ENCLOSURE BELOW   0.010000 0.060000 ;
1007	0x7f235e75e1d0	{114.95 104.87 115.21 105.13}	VIA2	Geometry	Cut_Enclosure	Regular Wire of Net u_core_ro_fast_code_q[3] Actual: 0.010000 Required: 0.060000 Type: Enclosure # 10 60 160 1 : 114.9400 104.8600 115.2200 105.4090 2     LEF Description:   ENCLOSURE BELOW   0.010000 0.060000 ;
1008	0x7f235e75e260	{116.07 114.95 116.33 115.21}	VIA2	Geometry	Cut_Enclosure	Regular Wire of Net u_core_ro_fast_code_q[0] Actual: 0.010000 Required: 0.060000 Type: Enclosure # 10 60 160 1 : 116.0600 114.9400 116.3400 115.4890 2     LEF Description:   ENCLOSURE BELOW   0.010000 0.060000 ;
1009	0x7f235e75e2c0	{116.63 118.31 116.89 118.57}	VIA2	Geometry	Cut_Enclosure	Regular Wire of Net u_core_ro_fast_code_q[6] Actual: 0.010000 Required: 0.060000 Type: Enclosure # 10 60 160 1 : 116.6200 118.3000 116.9000 118.8490 2     LEF Description:   ENCLOSURE BELOW   0.010000 0.060000 ;
1010	0x7f235e75ea10	{113.83 109.35 114.09 109.61}	MET2	Geometry	Wire_Extension	Regular Wire of Net u_core_ro_fast_code_q[5] Actual: 0.140000 Required: 0.190000 Type: Wire Extension # 140 190 96 1 : 113.8300 109.3500 114.0900 109.6100 35     LEF Description:  WIREEXTENSION 0.190000 ; 
1011	0x7f235e75eaa0	{114.39 117.75 114.65 118.01}	MET2	Geometry	Wire_Extension	Regular Wire of Net u_core_ro_fast_code_q[4] Actual: 0.140000 Required: 0.190000 Type: Wire Extension # 140 190 96 1 : 114.3900 117.7500 114.6500 118.0100 35     LEF Description:  WIREEXTENSION 0.190000 ; 
1012	0x7f235e75ec50	{116.63 118.31 116.89 118.57}	MET2	Geometry	Wire_Extension	Regular Wire of Net u_core_ro_fast_code_q[6] Actual: 0.140000 Required: 0.190000 Type: Wire Extension # 140 190 96 1 : 116.6300 118.3100 116.8900 118.5700 35     LEF Description:  WIREEXTENSION 0.190000 ; 
1013	0x7f235e75ecb0	{117.19 118.87 117.45 119.13}	MET2	Geometry	Wire_Extension	Regular Wire of Net u_core_ro_fast_code_q[7] Actual: 0.140000 Required: 0.190000 Type: Wire Extension # 140 190 96 1 : 117.1900 118.8700 117.4500 119.1300 35     LEF Description:  WIREEXTENSION 0.190000 ; 
1014	0x7f235e75e2f0	{117.19 118.87 117.45 119.13}	VIA2	Geometry	Cut_Enclosure	Regular Wire of Net u_core_ro_fast_code_q[7] Actual: 0.010000 Required: 0.060000 Type: Enclosure # 10 60 160 1 : 117.1800 118.8600 117.4600 119.4090 2     LEF Description:   ENCLOSURE BELOW   0.010000 0.060000 ;
1015	0x7f235e75e290	{116.07 118.87 116.33 119.13}	VIA2	Geometry	Cut_Enclosure	Regular Wire of Net u_core_ro_fast_code_q[1] Actual: 0.010000 Required: 0.060000 Type: Enclosure # 10 60 160 1 : 116.0600 118.8600 116.3400 119.4090 2     LEF Description:   ENCLOSURE BELOW   0.010000 0.060000 ;
1016	0x7f235e75f5e0	{116.07 118.87 116.33 119.13}	MET3	Geometry	Wire_Extension	Regular Wire of Net u_core_ro_fast_code_q[1] Actual: 0.140000 Required: 0.190000 Type: Wire Extension # 140 190 96 1 : 116.0700 118.8700 116.3300 119.1300 35     LEF Description:  WIREEXTENSION 0.190000 ; 
1017	0x7f235e75fb20	{116.06 118.86 116.34 121.295}	MET2	Geometry	Metal_Short	Regular Wire of Net u_core_ro_fast_code_q[1] & Regular Wire of Net u_core_ro_fast_code_q[0] Type: Metal Short # -1 -1 9 2 : 116.0600 118.8600 116.3400 121.2950 2: 116.0600 118.8600 116.3400 121.2950 2
1018	0x7f235e75eb90	{115.51 100.39 115.77 100.65}	MET2	Geometry	Wire_Extension	Regular Wire of Net u_core_ro_fast_code_q[2] Actual: 0.140000 Required: 0.190000 Type: Wire Extension # 140 190 96 1 : 115.5100 100.3900 115.7700 100.6500 35     LEF Description:  WIREEXTENSION 0.190000 ; 
1019	0x7f235e75e230	{115.51 100.39 115.77 100.65}	VIA2	Geometry	Cut_Enclosure	Regular Wire of Net u_core_ro_fast_code_q[2] Actual: 0.010000 Required: 0.060000 Type: Enclosure # 10 60 160 1 : 115.5000 100.3800 115.7800 100.9290 2     LEF Description:   ENCLOSURE BELOW   0.010000 0.060000 ;
1020	0x7f23761d4b00	{47.0 121.16 47.0 121.16}	MET3	Connectivity	ConnectivityAntenna	Net VDD
1021	0x7f235e75fe20	{117.18 118.86 222.18 119.14}	MET3	Geometry	Metal_Short	Regular Wire of Net u_core_ro_fast_code_q[7] & Regular Wire of Net u_core_ro_fast_code_q[1] Type: Metal Short # -1 -1 9 2 : 117.1800 118.8600 222.1800 119.1400 3: 117.1800 118.8600 222.1800 119.1400 3
1022	0x7f235e75e0b0	{2.39 0.15 2.65 0.41}	VIA2	Geometry	Cut_Enclosure	Regular Wire of Net cal_start_async_i Actual: 0.010000 Required: 0.060000 Type: Enclosure # 10 60 160 1 : 2.3800 0.1400 2.6600 0.6890 2     LEF Description:   ENCLOSURE BELOW   0.010000 0.060000 ;
1023	0x7f235e75e890	{2.39 0.15 2.65 0.41}	MET2	Geometry	Wire_Extension	Regular Wire of Net cal_start_async_i Actual: 0.140000 Required: 0.190000 Type: Wire Extension # 140 190 96 1 : 2.3900 0.1500 2.6500 0.4100 35     LEF Description:  WIREEXTENSION 0.190000 ; 
1024	0x7f235e75e860	{-0.14 0.14 0.0 0.42}	MET3	Geometry	Out_Of_Die	Regular Wire of Net cal_start_async_i Type: Out Of Die # -1 -1 159 1 : -0.1400 0.1400 0.0000 0.4200 3
