classification,report,path,status,slack_ps,group,start_clock,end_clock,startpoint,endpoint
OSC_SLOW_REAL,/home/validmgr/ksabra/2026_SPAD/SPADMIC/results/genus_osc_pd/20260601_o2_raw_tag_genus/timing_violations.rpt,1,VIOLATED,-2814,clk_osc_slow,clk_osc_slow,clk_osc_slow,(R) u_core_u_slow_cnt_bin_q_reg[1]/C,(F) u_core_u_slow_cnt_gray_src_cont_q_reg[5]/D
OSC_SLOW_REAL,/home/validmgr/ksabra/2026_SPAD/SPADMIC/results/genus_osc_pd/20260601_o2_raw_tag_genus/timing_violations.rpt,2,VIOLATED,-2811,clk_osc_slow,clk_osc_slow,clk_osc_slow,(R) u_core_u_slow_cnt_bin_q_reg[1]/C,(F) u_core_u_slow_cnt_gray_src_cont_q_reg[3]/D
OSC_SLOW_REAL,/home/validmgr/ksabra/2026_SPAD/SPADMIC/results/genus_osc_pd/20260601_o2_raw_tag_genus/timing_violations.rpt,3,VIOLATED,-2806,clk_osc_slow,clk_osc_slow,clk_osc_slow,(R) u_core_u_slow_cnt_bin_q_reg[1]/C,(R) u_core_u_slow_cnt_gray_src_cont_q_reg[2]/D
OSC_SLOW_REAL,/home/validmgr/ksabra/2026_SPAD/SPADMIC/results/genus_osc_pd/20260601_o2_raw_tag_genus/timing_violations.rpt,4,VIOLATED,-2802,clk_osc_slow,clk_osc_slow,clk_osc_slow,(R) u_core_u_slow_cnt_bin_q_reg[1]/C,(F) u_core_u_slow_cnt_gray_src_cont_q_reg[4]/D
OSC_SLOW_REAL,/home/validmgr/ksabra/2026_SPAD/SPADMIC/results/genus_osc_pd/20260601_o2_raw_tag_genus/timing_violations.rpt,5,VIOLATED,-2766,clk_osc_slow,clk_osc_slow,clk_osc_slow,(R) u_core_u_slow_cnt_bin_q_reg[1]/C,(F) u_core_u_slow_cnt_bin_q_reg[6]/D
OSC_SLOW_REAL,/home/validmgr/ksabra/2026_SPAD/SPADMIC/results/genus_osc_pd/20260601_o2_raw_tag_genus/timing_violations.rpt,6,VIOLATED,-2700,clk_osc_slow,clk_osc_slow,clk_osc_slow,(R) u_core_start_wdt_cnt_reg[1]/C,(R) u_core_start_wdt_cnt_reg[4]/D
OSC_SLOW_REAL,/home/validmgr/ksabra/2026_SPAD/SPADMIC/results/genus_osc_pd/20260601_o2_raw_tag_genus/timing_violations.rpt,7,VIOLATED,-2636,clk_osc_slow,clk_osc_slow,clk_osc_slow,(R) u_core_start_wdt_cnt_reg[1]/C,(F) u_core_start_wdt_cnt_reg[5]/D
OSC_SLOW_REAL,/home/validmgr/ksabra/2026_SPAD/SPADMIC/results/genus_osc_pd/20260601_o2_raw_tag_genus/timing_violations.rpt,8,VIOLATED,-2583,clk_osc_slow,clk_osc_slow,clk_osc_slow,(R) u_core_u_slow_cnt_bin_q_reg[1]/C,(F) u_core_u_slow_cnt_gray_src_cont_q_reg[1]/D
OSC_SLOW_REAL,/home/validmgr/ksabra/2026_SPAD/SPADMIC/results/genus_osc_pd/20260601_o2_raw_tag_genus/timing_violations.rpt,9,VIOLATED,-2582,clk_osc_fast,clk_osc_fast,clk_osc_fast,(R) u_core_u_slow_cnt_gray_snap_ff2_async_reg[5]/C,(F) u_core_u_slow_cnt_dst_count_latched_reg[0]/D
OSC_SLOW_REAL,/home/validmgr/ksabra/2026_SPAD/SPADMIC/results/genus_osc_pd/20260601_o2_raw_tag_genus/timing_violations.rpt,10,VIOLATED,-2570,clk_osc_fast,clk_osc_fast,clk_osc_fast,(R) u_core_u_slow_cnt_gray_snap_ff2_async_reg[3]/C,(F) u_core_u_slow_cnt_dst_count_latched_reg[2]/D
OSC_SLOW_REAL,/home/validmgr/ksabra/2026_SPAD/SPADMIC/results/genus_osc_pd/20260601_o2_raw_tag_genus/timing_violations.rpt,11,VIOLATED,-2555,clk_osc_fast,clk_osc_fast,clk_osc_fast,(R) u_core_u_slow_cnt_gray_snap_ff2_async_reg[5]/C,(F) u_core_u_slow_cnt_dst_count_latched_reg[1]/D
OSC_FAST_REAL,/home/validmgr/ksabra/2026_SPAD/SPADMIC/results/genus_osc_pd/20260601_o2_raw_tag_genus/timing_violations.rpt,12,VIOLATED,-2487,clk_osc_fast,clk_osc_fast,clk_osc_fast,(R) u_core_gen_pd_row[0].gen_pd_col[0].u_pd/q2_reg/C,(F) u_core_gen_pd_row[0].gen_pd_col[0].u_pd/nfast_hit_latched_reg[6]/D
OSC_FAST_REAL,/home/validmgr/ksabra/2026_SPAD/SPADMIC/results/genus_osc_pd/20260601_o2_raw_tag_genus/timing_violations.rpt,13,VIOLATED,-2487,clk_osc_fast,clk_osc_fast,clk_osc_fast,(R) u_core_gen_pd_row[0].gen_pd_col[0].u_pd/q2_reg/C,(F) u_core_gen_pd_row[0].gen_pd_col[0].u_pd/nfast_hit_latched_reg[3]/D
OSC_FAST_REAL,/home/validmgr/ksabra/2026_SPAD/SPADMIC/results/genus_osc_pd/20260601_o2_raw_tag_genus/timing_violations.rpt,14,VIOLATED,-2487,clk_osc_fast,clk_osc_fast,clk_osc_fast,(R) u_core_gen_pd_row[0].gen_pd_col[0].u_pd/q2_reg/C,(F) u_core_gen_pd_row[0].gen_pd_col[0].u_pd/nfast_hit_latched_reg[1]/D
OSC_FAST_REAL,/home/validmgr/ksabra/2026_SPAD/SPADMIC/results/genus_osc_pd/20260601_o2_raw_tag_genus/timing_violations.rpt,15,VIOLATED,-2487,clk_osc_fast,clk_osc_fast,clk_osc_fast,(R) u_core_gen_pd_row[0].gen_pd_col[0].u_pd/q2_reg/C,(F) u_core_gen_pd_row[0].gen_pd_col[0].u_pd/nfast_hit_latched_reg[0]/D
OSC_FAST_REAL,/home/validmgr/ksabra/2026_SPAD/SPADMIC/results/genus_osc_pd/20260601_o2_raw_tag_genus/timing_violations.rpt,16,VIOLATED,-2461,clk_osc_fast,clk_osc_fast,clk_osc_fast,(R) u_core_gen_pd_row[0].gen_pd_col[0].u_pd/q2_reg/C,(F) u_core_gen_pd_row[0].gen_pd_col[0].u_pd/nfast_hit_latched_reg[4]/D
OSC_FAST_REAL,/home/validmgr/ksabra/2026_SPAD/SPADMIC/results/genus_osc_pd/20260601_o2_raw_tag_genus/timing_violations.rpt,17,VIOLATED,-2461,clk_osc_fast,clk_osc_fast,clk_osc_fast,(R) u_core_gen_pd_row[0].gen_pd_col[0].u_pd/q2_reg/C,(F) u_core_gen_pd_row[0].gen_pd_col[0].u_pd/nfast_hit_latched_reg[5]/D
OSC_FAST_REAL,/home/validmgr/ksabra/2026_SPAD/SPADMIC/results/genus_osc_pd/20260601_o2_raw_tag_genus/timing_violations.rpt,18,VIOLATED,-2461,clk_osc_fast,clk_osc_fast,clk_osc_fast,(R) u_core_gen_pd_row[0].gen_pd_col[0].u_pd/q2_reg/C,(F) u_core_gen_pd_row[0].gen_pd_col[0].u_pd/nfast_hit_latched_reg[2]/D
OSC_FAST_REAL,/home/validmgr/ksabra/2026_SPAD/SPADMIC/results/genus_osc_pd/20260601_o2_raw_tag_genus/timing_violations.rpt,19,VIOLATED,-2452,clk_osc_fast,clk_osc_fast,clk_osc_fast,(R) u_core_gen_pd_row[7].gen_pd_col[0].u_pd/q1_reg/C,(F) u_core_gen_pd_row[7].gen_pd_col[0].u_pd/nfast_hit_latched_reg[6]/D
OSC_FAST_REAL,/home/validmgr/ksabra/2026_SPAD/SPADMIC/results/genus_osc_pd/20260601_o2_raw_tag_genus/timing_violations.rpt,20,VIOLATED,-2452,clk_osc_fast,clk_osc_fast,clk_osc_fast,(R) u_core_gen_pd_row[7].gen_pd_col[0].u_pd/q1_reg/C,(F) u_core_gen_pd_row[7].gen_pd_col[0].u_pd/nfast_hit_latched_reg[3]/D
OSC_FAST_REAL,/home/validmgr/ksabra/2026_SPAD/SPADMIC/results/genus_osc_pd/20260601_o2_raw_tag_genus/timing_violations.rpt,21,VIOLATED,-2452,clk_osc_fast,clk_osc_fast,clk_osc_fast,(R) u_core_gen_pd_row[7].gen_pd_col[0].u_pd/q1_reg/C,(F) u_core_gen_pd_row[7].gen_pd_col[0].u_pd/nfast_hit_latched_reg[4]/D
OSC_FAST_REAL,/home/validmgr/ksabra/2026_SPAD/SPADMIC/results/genus_osc_pd/20260601_o2_raw_tag_genus/timing_violations.rpt,22,VIOLATED,-2452,clk_osc_fast,clk_osc_fast,clk_osc_fast,(R) u_core_gen_pd_row[7].gen_pd_col[0].u_pd/q1_reg/C,(F) u_core_gen_pd_row[7].gen_pd_col[0].u_pd/nfast_hit_latched_reg[5]/D
OSC_FAST_REAL,/home/validmgr/ksabra/2026_SPAD/SPADMIC/results/genus_osc_pd/20260601_o2_raw_tag_genus/timing_violations.rpt,23,VIOLATED,-2452,clk_osc_fast,clk_osc_fast,clk_osc_fast,(R) u_core_gen_pd_row[7].gen_pd_col[0].u_pd/q1_reg/C,(F) u_core_gen_pd_row[7].gen_pd_col[0].u_pd/nfast_hit_latched_reg[2]/D
OSC_FAST_REAL,/home/validmgr/ksabra/2026_SPAD/SPADMIC/results/genus_osc_pd/20260601_o2_raw_tag_genus/timing_violations.rpt,24,VIOLATED,-2452,clk_osc_fast,clk_osc_fast,clk_osc_fast,(R) u_core_gen_pd_row[7].gen_pd_col[0].u_pd/q1_reg/C,(F) u_core_gen_pd_row[7].gen_pd_col[0].u_pd/nfast_hit_latched_reg[1]/D
OSC_FAST_REAL,/home/validmgr/ksabra/2026_SPAD/SPADMIC/results/genus_osc_pd/20260601_o2_raw_tag_genus/timing_violations.rpt,25,VIOLATED,-2452,clk_osc_fast,clk_osc_fast,clk_osc_fast,(R) u_core_gen_pd_row[7].gen_pd_col[0].u_pd/q1_reg/C,(F) u_core_gen_pd_row[7].gen_pd_col[0].u_pd/nfast_hit_latched_reg[0]/D
OSC_FAST_REAL,/home/validmgr/ksabra/2026_SPAD/SPADMIC/results/genus_osc_pd/20260601_o2_raw_tag_genus/timing_violations.rpt,26,VIOLATED,-2452,clk_osc_fast,clk_osc_fast,clk_osc_fast,(R) u_core_gen_pd_row[6].gen_pd_col[0].u_pd/q1_reg/C,(F) u_core_gen_pd_row[6].gen_pd_col[0].u_pd/nfast_hit_latched_reg[6]/D
OSC_FAST_REAL,/home/validmgr/ksabra/2026_SPAD/SPADMIC/results/genus_osc_pd/20260601_o2_raw_tag_genus/timing_violations.rpt,27,VIOLATED,-2452,clk_osc_fast,clk_osc_fast,clk_osc_fast,(R) u_core_gen_pd_row[6].gen_pd_col[0].u_pd/q1_reg/C,(F) u_core_gen_pd_row[6].gen_pd_col[0].u_pd/nfast_hit_latched_reg[3]/D
OSC_FAST_REAL,/home/validmgr/ksabra/2026_SPAD/SPADMIC/results/genus_osc_pd/20260601_o2_raw_tag_genus/timing_violations.rpt,28,VIOLATED,-2452,clk_osc_fast,clk_osc_fast,clk_osc_fast,(R) u_core_gen_pd_row[6].gen_pd_col[0].u_pd/q1_reg/C,(F) u_core_gen_pd_row[6].gen_pd_col[0].u_pd/nfast_hit_latched_reg[4]/D
OSC_FAST_REAL,/home/validmgr/ksabra/2026_SPAD/SPADMIC/results/genus_osc_pd/20260601_o2_raw_tag_genus/timing_violations.rpt,29,VIOLATED,-2452,clk_osc_fast,clk_osc_fast,clk_osc_fast,(R) u_core_gen_pd_row[6].gen_pd_col[0].u_pd/q1_reg/C,(F) u_core_gen_pd_row[6].gen_pd_col[0].u_pd/nfast_hit_latched_reg[5]/D
OSC_FAST_REAL,/home/validmgr/ksabra/2026_SPAD/SPADMIC/results/genus_osc_pd/20260601_o2_raw_tag_genus/timing_violations.rpt,30,VIOLATED,-2452,clk_osc_fast,clk_osc_fast,clk_osc_fast,(R) u_core_gen_pd_row[6].gen_pd_col[0].u_pd/q1_reg/C,(F) u_core_gen_pd_row[6].gen_pd_col[0].u_pd/nfast_hit_latched_reg[2]/D
OSC_FAST_REAL,/home/validmgr/ksabra/2026_SPAD/SPADMIC/results/genus_osc_pd/20260601_o2_raw_tag_genus/timing_violations.rpt,31,VIOLATED,-2452,clk_osc_fast,clk_osc_fast,clk_osc_fast,(R) u_core_gen_pd_row[6].gen_pd_col[0].u_pd/q1_reg/C,(F) u_core_gen_pd_row[6].gen_pd_col[0].u_pd/nfast_hit_latched_reg[1]/D
OSC_FAST_REAL,/home/validmgr/ksabra/2026_SPAD/SPADMIC/results/genus_osc_pd/20260601_o2_raw_tag_genus/timing_violations.rpt,32,VIOLATED,-2452,clk_osc_fast,clk_osc_fast,clk_osc_fast,(R) u_core_gen_pd_row[6].gen_pd_col[0].u_pd/q1_reg/C,(F) u_core_gen_pd_row[6].gen_pd_col[0].u_pd/nfast_hit_latched_reg[0]/D
OSC_FAST_REAL,/home/validmgr/ksabra/2026_SPAD/SPADMIC/results/genus_osc_pd/20260601_o2_raw_tag_genus/timing_violations.rpt,33,VIOLATED,-2452,clk_osc_fast,clk_osc_fast,clk_osc_fast,(R) u_core_gen_pd_row[5].gen_pd_col[0].u_pd/q1_reg/C,(F) u_core_gen_pd_row[5].gen_pd_col[0].u_pd/nfast_hit_latched_reg[6]/D
OSC_FAST_REAL,/home/validmgr/ksabra/2026_SPAD/SPADMIC/results/genus_osc_pd/20260601_o2_raw_tag_genus/timing_violations.rpt,34,VIOLATED,-2452,clk_osc_fast,clk_osc_fast,clk_osc_fast,(R) u_core_gen_pd_row[5].gen_pd_col[0].u_pd/q1_reg/C,(F) u_core_gen_pd_row[5].gen_pd_col[0].u_pd/nfast_hit_latched_reg[3]/D
OSC_FAST_REAL,/home/validmgr/ksabra/2026_SPAD/SPADMIC/results/genus_osc_pd/20260601_o2_raw_tag_genus/timing_violations.rpt,35,VIOLATED,-2452,clk_osc_fast,clk_osc_fast,clk_osc_fast,(R) u_core_gen_pd_row[5].gen_pd_col[0].u_pd/q1_reg/C,(F) u_core_gen_pd_row[5].gen_pd_col[0].u_pd/nfast_hit_latched_reg[4]/D
OSC_FAST_REAL,/home/validmgr/ksabra/2026_SPAD/SPADMIC/results/genus_osc_pd/20260601_o2_raw_tag_genus/timing_violations.rpt,36,VIOLATED,-2452,clk_osc_fast,clk_osc_fast,clk_osc_fast,(R) u_core_gen_pd_row[5].gen_pd_col[0].u_pd/q1_reg/C,(F) u_core_gen_pd_row[5].gen_pd_col[0].u_pd/nfast_hit_latched_reg[5]/D
OSC_FAST_REAL,/home/validmgr/ksabra/2026_SPAD/SPADMIC/results/genus_osc_pd/20260601_o2_raw_tag_genus/timing_violations.rpt,37,VIOLATED,-2452,clk_osc_fast,clk_osc_fast,clk_osc_fast,(R) u_core_gen_pd_row[5].gen_pd_col[0].u_pd/q1_reg/C,(F) u_core_gen_pd_row[5].gen_pd_col[0].u_pd/nfast_hit_latched_reg[2]/D
OSC_FAST_REAL,/home/validmgr/ksabra/2026_SPAD/SPADMIC/results/genus_osc_pd/20260601_o2_raw_tag_genus/timing_violations.rpt,38,VIOLATED,-2452,clk_osc_fast,clk_osc_fast,clk_osc_fast,(R) u_core_gen_pd_row[5].gen_pd_col[0].u_pd/q1_reg/C,(F) u_core_gen_pd_row[5].gen_pd_col[0].u_pd/nfast_hit_latched_reg[1]/D
OSC_FAST_REAL,/home/validmgr/ksabra/2026_SPAD/SPADMIC/results/genus_osc_pd/20260601_o2_raw_tag_genus/timing_violations.rpt,39,VIOLATED,-2452,clk_osc_fast,clk_osc_fast,clk_osc_fast,(R) u_core_gen_pd_row[5].gen_pd_col[0].u_pd/q1_reg/C,(F) u_core_gen_pd_row[5].gen_pd_col[0].u_pd/nfast_hit_latched_reg[0]/D
OSC_FAST_REAL,/home/validmgr/ksabra/2026_SPAD/SPADMIC/results/genus_osc_pd/20260601_o2_raw_tag_genus/timing_violations.rpt,40,VIOLATED,-2452,clk_osc_fast,clk_osc_fast,clk_osc_fast,(R) u_core_gen_pd_row[4].gen_pd_col[0].u_pd/q1_reg/C,(F) u_core_gen_pd_row[4].gen_pd_col[0].u_pd/nfast_hit_latched_reg[6]/D
OSC_FAST_REAL,/home/validmgr/ksabra/2026_SPAD/SPADMIC/results/genus_osc_pd/20260601_o2_raw_tag_genus/timing_violations.rpt,41,VIOLATED,-2452,clk_osc_fast,clk_osc_fast,clk_osc_fast,(R) u_core_gen_pd_row[4].gen_pd_col[0].u_pd/q1_reg/C,(F) u_core_gen_pd_row[4].gen_pd_col[0].u_pd/nfast_hit_latched_reg[3]/D
OSC_FAST_REAL,/home/validmgr/ksabra/2026_SPAD/SPADMIC/results/genus_osc_pd/20260601_o2_raw_tag_genus/timing_violations.rpt,42,VIOLATED,-2452,clk_osc_fast,clk_osc_fast,clk_osc_fast,(R) u_core_gen_pd_row[4].gen_pd_col[0].u_pd/q1_reg/C,(F) u_core_gen_pd_row[4].gen_pd_col[0].u_pd/nfast_hit_latched_reg[4]/D
OSC_FAST_REAL,/home/validmgr/ksabra/2026_SPAD/SPADMIC/results/genus_osc_pd/20260601_o2_raw_tag_genus/timing_violations.rpt,43,VIOLATED,-2452,clk_osc_fast,clk_osc_fast,clk_osc_fast,(R) u_core_gen_pd_row[4].gen_pd_col[0].u_pd/q1_reg/C,(F) u_core_gen_pd_row[4].gen_pd_col[0].u_pd/nfast_hit_latched_reg[5]/D
OSC_FAST_REAL,/home/validmgr/ksabra/2026_SPAD/SPADMIC/results/genus_osc_pd/20260601_o2_raw_tag_genus/timing_violations.rpt,44,VIOLATED,-2452,clk_osc_fast,clk_osc_fast,clk_osc_fast,(R) u_core_gen_pd_row[4].gen_pd_col[0].u_pd/q1_reg/C,(F) u_core_gen_pd_row[4].gen_pd_col[0].u_pd/nfast_hit_latched_reg[2]/D
OSC_FAST_REAL,/home/validmgr/ksabra/2026_SPAD/SPADMIC/results/genus_osc_pd/20260601_o2_raw_tag_genus/timing_violations.rpt,45,VIOLATED,-2452,clk_osc_fast,clk_osc_fast,clk_osc_fast,(R) u_core_gen_pd_row[4].gen_pd_col[0].u_pd/q1_reg/C,(F) u_core_gen_pd_row[4].gen_pd_col[0].u_pd/nfast_hit_latched_reg[1]/D
OSC_FAST_REAL,/home/validmgr/ksabra/2026_SPAD/SPADMIC/results/genus_osc_pd/20260601_o2_raw_tag_genus/timing_violations.rpt,46,VIOLATED,-2452,clk_osc_fast,clk_osc_fast,clk_osc_fast,(R) u_core_gen_pd_row[4].gen_pd_col[0].u_pd/q1_reg/C,(F) u_core_gen_pd_row[4].gen_pd_col[0].u_pd/nfast_hit_latched_reg[0]/D
OSC_FAST_REAL,/home/validmgr/ksabra/2026_SPAD/SPADMIC/results/genus_osc_pd/20260601_o2_raw_tag_genus/timing_violations.rpt,47,VIOLATED,-2452,clk_osc_fast,clk_osc_fast,clk_osc_fast,(R) u_core_gen_pd_row[3].gen_pd_col[0].u_pd/q1_reg/C,(F) u_core_gen_pd_row[3].gen_pd_col[0].u_pd/nfast_hit_latched_reg[6]/D
OSC_FAST_REAL,/home/validmgr/ksabra/2026_SPAD/SPADMIC/results/genus_osc_pd/20260601_o2_raw_tag_genus/timing_violations.rpt,48,VIOLATED,-2452,clk_osc_fast,clk_osc_fast,clk_osc_fast,(R) u_core_gen_pd_row[3].gen_pd_col[0].u_pd/q1_reg/C,(F) u_core_gen_pd_row[3].gen_pd_col[0].u_pd/nfast_hit_latched_reg[3]/D
OSC_FAST_REAL,/home/validmgr/ksabra/2026_SPAD/SPADMIC/results/genus_osc_pd/20260601_o2_raw_tag_genus/timing_violations.rpt,49,VIOLATED,-2452,clk_osc_fast,clk_osc_fast,clk_osc_fast,(R) u_core_gen_pd_row[3].gen_pd_col[0].u_pd/q1_reg/C,(F) u_core_gen_pd_row[3].gen_pd_col[0].u_pd/nfast_hit_latched_reg[4]/D
OSC_FAST_REAL,/home/validmgr/ksabra/2026_SPAD/SPADMIC/results/genus_osc_pd/20260601_o2_raw_tag_genus/timing_violations.rpt,50,VIOLATED,-2452,clk_osc_fast,clk_osc_fast,clk_osc_fast,(R) u_core_gen_pd_row[3].gen_pd_col[0].u_pd/q1_reg/C,(F) u_core_gen_pd_row[3].gen_pd_col[0].u_pd/nfast_hit_latched_reg[5]/D
OSC_FAST_REAL,/home/validmgr/ksabra/2026_SPAD/SPADMIC/results/genus_osc_pd/20260601_o2_raw_tag_genus/timing_violations.rpt,51,VIOLATED,-2452,clk_osc_fast,clk_osc_fast,clk_osc_fast,(R) u_core_gen_pd_row[3].gen_pd_col[0].u_pd/q1_reg/C,(F) u_core_gen_pd_row[3].gen_pd_col[0].u_pd/nfast_hit_latched_reg[2]/D
OSC_FAST_REAL,/home/validmgr/ksabra/2026_SPAD/SPADMIC/results/genus_osc_pd/20260601_o2_raw_tag_genus/timing_violations.rpt,52,VIOLATED,-2452,clk_osc_fast,clk_osc_fast,clk_osc_fast,(R) u_core_gen_pd_row[3].gen_pd_col[0].u_pd/q1_reg/C,(F) u_core_gen_pd_row[3].gen_pd_col[0].u_pd/nfast_hit_latched_reg[1]/D
OSC_FAST_REAL,/home/validmgr/ksabra/2026_SPAD/SPADMIC/results/genus_osc_pd/20260601_o2_raw_tag_genus/timing_violations.rpt,53,VIOLATED,-2452,clk_osc_fast,clk_osc_fast,clk_osc_fast,(R) u_core_gen_pd_row[3].gen_pd_col[0].u_pd/q1_reg/C,(F) u_core_gen_pd_row[3].gen_pd_col[0].u_pd/nfast_hit_latched_reg[0]/D
OSC_FAST_REAL,/home/validmgr/ksabra/2026_SPAD/SPADMIC/results/genus_osc_pd/20260601_o2_raw_tag_genus/timing_violations.rpt,54,VIOLATED,-2452,clk_osc_fast,clk_osc_fast,clk_osc_fast,(R) u_core_gen_pd_row[2].gen_pd_col[0].u_pd/q1_reg/C,(F) u_core_gen_pd_row[2].gen_pd_col[0].u_pd/nfast_hit_latched_reg[6]/D
OSC_FAST_REAL,/home/validmgr/ksabra/2026_SPAD/SPADMIC/results/genus_osc_pd/20260601_o2_raw_tag_genus/timing_violations.rpt,55,VIOLATED,-2452,clk_osc_fast,clk_osc_fast,clk_osc_fast,(R) u_core_gen_pd_row[2].gen_pd_col[0].u_pd/q1_reg/C,(F) u_core_gen_pd_row[2].gen_pd_col[0].u_pd/nfast_hit_latched_reg[3]/D
OSC_FAST_REAL,/home/validmgr/ksabra/2026_SPAD/SPADMIC/results/genus_osc_pd/20260601_o2_raw_tag_genus/timing_violations.rpt,56,VIOLATED,-2452,clk_osc_fast,clk_osc_fast,clk_osc_fast,(R) u_core_gen_pd_row[2].gen_pd_col[0].u_pd/q1_reg/C,(F) u_core_gen_pd_row[2].gen_pd_col[0].u_pd/nfast_hit_latched_reg[4]/D
OSC_FAST_REAL,/home/validmgr/ksabra/2026_SPAD/SPADMIC/results/genus_osc_pd/20260601_o2_raw_tag_genus/timing_violations.rpt,57,VIOLATED,-2452,clk_osc_fast,clk_osc_fast,clk_osc_fast,(R) u_core_gen_pd_row[2].gen_pd_col[0].u_pd/q1_reg/C,(F) u_core_gen_pd_row[2].gen_pd_col[0].u_pd/nfast_hit_latched_reg[5]/D
OSC_FAST_REAL,/home/validmgr/ksabra/2026_SPAD/SPADMIC/results/genus_osc_pd/20260601_o2_raw_tag_genus/timing_violations.rpt,58,VIOLATED,-2452,clk_osc_fast,clk_osc_fast,clk_osc_fast,(R) u_core_gen_pd_row[2].gen_pd_col[0].u_pd/q1_reg/C,(F) u_core_gen_pd_row[2].gen_pd_col[0].u_pd/nfast_hit_latched_reg[2]/D
OSC_FAST_REAL,/home/validmgr/ksabra/2026_SPAD/SPADMIC/results/genus_osc_pd/20260601_o2_raw_tag_genus/timing_violations.rpt,59,VIOLATED,-2452,clk_osc_fast,clk_osc_fast,clk_osc_fast,(R) u_core_gen_pd_row[2].gen_pd_col[0].u_pd/q1_reg/C,(F) u_core_gen_pd_row[2].gen_pd_col[0].u_pd/nfast_hit_latched_reg[1]/D
OSC_FAST_REAL,/home/validmgr/ksabra/2026_SPAD/SPADMIC/results/genus_osc_pd/20260601_o2_raw_tag_genus/timing_violations.rpt,60,VIOLATED,-2452,clk_osc_fast,clk_osc_fast,clk_osc_fast,(R) u_core_gen_pd_row[2].gen_pd_col[0].u_pd/q1_reg/C,(F) u_core_gen_pd_row[2].gen_pd_col[0].u_pd/nfast_hit_latched_reg[0]/D
OSC_FAST_REAL,/home/validmgr/ksabra/2026_SPAD/SPADMIC/results/genus_osc_pd/20260601_o2_raw_tag_genus/timing_violations.rpt,61,VIOLATED,-2452,clk_osc_fast,clk_osc_fast,clk_osc_fast,(R) u_core_gen_pd_row[1].gen_pd_col[0].u_pd/q1_reg/C,(F) u_core_gen_pd_row[1].gen_pd_col[0].u_pd/nfast_hit_latched_reg[6]/D
OSC_FAST_REAL,/home/validmgr/ksabra/2026_SPAD/SPADMIC/results/genus_osc_pd/20260601_o2_raw_tag_genus/timing_violations.rpt,62,VIOLATED,-2452,clk_osc_fast,clk_osc_fast,clk_osc_fast,(R) u_core_gen_pd_row[1].gen_pd_col[0].u_pd/q1_reg/C,(F) u_core_gen_pd_row[1].gen_pd_col[0].u_pd/nfast_hit_latched_reg[3]/D
OSC_FAST_REAL,/home/validmgr/ksabra/2026_SPAD/SPADMIC/results/genus_osc_pd/20260601_o2_raw_tag_genus/timing_violations.rpt,63,VIOLATED,-2452,clk_osc_fast,clk_osc_fast,clk_osc_fast,(R) u_core_gen_pd_row[1].gen_pd_col[0].u_pd/q1_reg/C,(F) u_core_gen_pd_row[1].gen_pd_col[0].u_pd/nfast_hit_latched_reg[4]/D
OSC_FAST_REAL,/home/validmgr/ksabra/2026_SPAD/SPADMIC/results/genus_osc_pd/20260601_o2_raw_tag_genus/timing_violations.rpt,64,VIOLATED,-2452,clk_osc_fast,clk_osc_fast,clk_osc_fast,(R) u_core_gen_pd_row[1].gen_pd_col[0].u_pd/q1_reg/C,(F) u_core_gen_pd_row[1].gen_pd_col[0].u_pd/nfast_hit_latched_reg[5]/D
OSC_FAST_REAL,/home/validmgr/ksabra/2026_SPAD/SPADMIC/results/genus_osc_pd/20260601_o2_raw_tag_genus/timing_violations.rpt,65,VIOLATED,-2452,clk_osc_fast,clk_osc_fast,clk_osc_fast,(R) u_core_gen_pd_row[1].gen_pd_col[0].u_pd/q1_reg/C,(F) u_core_gen_pd_row[1].gen_pd_col[0].u_pd/nfast_hit_latched_reg[2]/D
OSC_FAST_REAL,/home/validmgr/ksabra/2026_SPAD/SPADMIC/results/genus_osc_pd/20260601_o2_raw_tag_genus/timing_violations.rpt,66,VIOLATED,-2452,clk_osc_fast,clk_osc_fast,clk_osc_fast,(R) u_core_gen_pd_row[1].gen_pd_col[0].u_pd/q1_reg/C,(F) u_core_gen_pd_row[1].gen_pd_col[0].u_pd/nfast_hit_latched_reg[1]/D
OSC_FAST_REAL,/home/validmgr/ksabra/2026_SPAD/SPADMIC/results/genus_osc_pd/20260601_o2_raw_tag_genus/timing_violations.rpt,67,VIOLATED,-2452,clk_osc_fast,clk_osc_fast,clk_osc_fast,(R) u_core_gen_pd_row[1].gen_pd_col[0].u_pd/q1_reg/C,(F) u_core_gen_pd_row[1].gen_pd_col[0].u_pd/nfast_hit_latched_reg[0]/D
OSC_SLOW_REAL,/home/validmgr/ksabra/2026_SPAD/SPADMIC/results/genus_osc_pd/20260601_o2_raw_tag_genus/timing_violations.rpt,68,VIOLATED,-2416,clk_osc_slow,clk_osc_slow,clk_osc_slow,(R) u_core_u_slow_cnt_bin_q_reg[1]/C,(F) u_core_u_slow_cnt_bin_q_reg[5]/D
OSC_SLOW_REAL,/home/validmgr/ksabra/2026_SPAD/SPADMIC/results/genus_osc_pd/20260601_o2_raw_tag_genus/timing_violations.rpt,69,VIOLATED,-2390,clk_osc_fast,clk_osc_fast,clk_osc_fast,(R) u_core_u_slow_cnt_gray_snap_ff2_async_reg[5]/C,(F) u_core_u_slow_cnt_dst_count_latched_reg[3]/D
OSC_SLOW_REAL,/home/validmgr/ksabra/2026_SPAD/SPADMIC/results/genus_osc_pd/20260601_o2_raw_tag_genus/timing_violations.rpt,70,VIOLATED,-2390,clk_osc_slow,clk_osc_slow,clk_osc_slow,(R) u_core_u_slow_cnt_bin_q_reg[1]/C,(F) u_core_u_slow_cnt_bin_q_reg[3]/D
OSC_SLOW_REAL,/home/validmgr/ksabra/2026_SPAD/SPADMIC/results/genus_osc_pd/20260601_o2_raw_tag_genus/timing_violations.rpt,71,VIOLATED,-2386,clk_osc_fast,clk_osc_fast,clk_osc_fast,(R) u_core_u_slow_cnt_gray_snap_ff2_async_reg[5]/C,(F) u_core_u_slow_cnt_dst_count_latched_reg[4]/D
OSC_SLOW_REAL,/home/validmgr/ksabra/2026_SPAD/SPADMIC/results/genus_osc_pd/20260601_o2_raw_tag_genus/timing_violations.rpt,72,VIOLATED,-2346,clk_osc_slow,clk_osc_slow,clk_osc_slow,(R) u_core_start_wdt_cnt_reg[6]/C,(F) u_core_start_wdt_cnt_reg[2]/D
OSC_FAST_REAL,/home/validmgr/ksabra/2026_SPAD/SPADMIC/results/genus_osc_pd/20260601_o2_raw_tag_genus/timing_violations.rpt,73,VIOLATED,-2335,clk_osc_fast_tap7,clk_osc_fast_tap7,clk_osc_fast_tap7,(R) u_core_gen_pd_row[7].gen_pd_col[7].u_pd/q1_reg/C,(F) u_core_gen_pd_row[7].gen_pd_col[7].u_pd/nfast_hit_latched_reg[3]/D
OSC_FAST_REAL,/home/validmgr/ksabra/2026_SPAD/SPADMIC/results/genus_osc_pd/20260601_o2_raw_tag_genus/timing_violations.rpt,74,VIOLATED,-2335,clk_osc_fast_tap7,clk_osc_fast_tap7,clk_osc_fast_tap7,(R) u_core_gen_pd_row[7].gen_pd_col[7].u_pd/q1_reg/C,(F) u_core_gen_pd_row[7].gen_pd_col[7].u_pd/nfast_hit_latched_reg[5]/D
OSC_FAST_REAL,/home/validmgr/ksabra/2026_SPAD/SPADMIC/results/genus_osc_pd/20260601_o2_raw_tag_genus/timing_violations.rpt,75,VIOLATED,-2335,clk_osc_fast_tap7,clk_osc_fast_tap7,clk_osc_fast_tap7,(R) u_core_gen_pd_row[7].gen_pd_col[7].u_pd/q1_reg/C,(F) u_core_gen_pd_row[7].gen_pd_col[7].u_pd/nfast_hit_latched_reg[0]/D
OSC_FAST_REAL,/home/validmgr/ksabra/2026_SPAD/SPADMIC/results/genus_osc_pd/20260601_o2_raw_tag_genus/timing_violations.rpt,76,VIOLATED,-2335,clk_osc_fast_tap5,clk_osc_fast_tap5,clk_osc_fast_tap5,(R) u_core_gen_pd_row[7].gen_pd_col[5].u_pd/q1_reg/C,(F) u_core_gen_pd_row[7].gen_pd_col[5].u_pd/nfast_hit_latched_reg[3]/D
OSC_FAST_REAL,/home/validmgr/ksabra/2026_SPAD/SPADMIC/results/genus_osc_pd/20260601_o2_raw_tag_genus/timing_violations.rpt,77,VIOLATED,-2335,clk_osc_fast_tap5,clk_osc_fast_tap5,clk_osc_fast_tap5,(R) u_core_gen_pd_row[7].gen_pd_col[5].u_pd/q1_reg/C,(F) u_core_gen_pd_row[7].gen_pd_col[5].u_pd/nfast_hit_latched_reg[5]/D
OSC_FAST_REAL,/home/validmgr/ksabra/2026_SPAD/SPADMIC/results/genus_osc_pd/20260601_o2_raw_tag_genus/timing_violations.rpt,78,VIOLATED,-2335,clk_osc_fast_tap5,clk_osc_fast_tap5,clk_osc_fast_tap5,(R) u_core_gen_pd_row[7].gen_pd_col[5].u_pd/q1_reg/C,(F) u_core_gen_pd_row[7].gen_pd_col[5].u_pd/nfast_hit_latched_reg[0]/D
OSC_FAST_REAL,/home/validmgr/ksabra/2026_SPAD/SPADMIC/results/genus_osc_pd/20260601_o2_raw_tag_genus/timing_violations.rpt,79,VIOLATED,-2335,clk_osc_fast_tap4,clk_osc_fast_tap4,clk_osc_fast_tap4,(R) u_core_gen_pd_row[7].gen_pd_col[4].u_pd/q1_reg/C,(F) u_core_gen_pd_row[7].gen_pd_col[4].u_pd/nfast_hit_latched_reg[3]/D
OSC_FAST_REAL,/home/validmgr/ksabra/2026_SPAD/SPADMIC/results/genus_osc_pd/20260601_o2_raw_tag_genus/timing_violations.rpt,80,VIOLATED,-2335,clk_osc_fast_tap4,clk_osc_fast_tap4,clk_osc_fast_tap4,(R) u_core_gen_pd_row[7].gen_pd_col[4].u_pd/q1_reg/C,(F) u_core_gen_pd_row[7].gen_pd_col[4].u_pd/nfast_hit_latched_reg[5]/D
OSC_FAST_REAL,/home/validmgr/ksabra/2026_SPAD/SPADMIC/results/genus_osc_pd/20260601_o2_raw_tag_genus/timing_violations.rpt,81,VIOLATED,-2335,clk_osc_fast_tap4,clk_osc_fast_tap4,clk_osc_fast_tap4,(R) u_core_gen_pd_row[7].gen_pd_col[4].u_pd/q1_reg/C,(F) u_core_gen_pd_row[7].gen_pd_col[4].u_pd/nfast_hit_latched_reg[0]/D
OSC_FAST_REAL,/home/validmgr/ksabra/2026_SPAD/SPADMIC/results/genus_osc_pd/20260601_o2_raw_tag_genus/timing_violations.rpt,82,VIOLATED,-2335,clk_osc_fast_tap3,clk_osc_fast_tap3,clk_osc_fast_tap3,(R) u_core_gen_pd_row[7].gen_pd_col[3].u_pd/q1_reg/C,(F) u_core_gen_pd_row[7].gen_pd_col[3].u_pd/nfast_hit_latched_reg[3]/D
OSC_FAST_REAL,/home/validmgr/ksabra/2026_SPAD/SPADMIC/results/genus_osc_pd/20260601_o2_raw_tag_genus/timing_violations.rpt,83,VIOLATED,-2335,clk_osc_fast_tap3,clk_osc_fast_tap3,clk_osc_fast_tap3,(R) u_core_gen_pd_row[7].gen_pd_col[3].u_pd/q1_reg/C,(F) u_core_gen_pd_row[7].gen_pd_col[3].u_pd/nfast_hit_latched_reg[5]/D
OSC_FAST_REAL,/home/validmgr/ksabra/2026_SPAD/SPADMIC/results/genus_osc_pd/20260601_o2_raw_tag_genus/timing_violations.rpt,84,VIOLATED,-2335,clk_osc_fast_tap3,clk_osc_fast_tap3,clk_osc_fast_tap3,(R) u_core_gen_pd_row[7].gen_pd_col[3].u_pd/q1_reg/C,(F) u_core_gen_pd_row[7].gen_pd_col[3].u_pd/nfast_hit_latched_reg[0]/D
OSC_FAST_REAL,/home/validmgr/ksabra/2026_SPAD/SPADMIC/results/genus_osc_pd/20260601_o2_raw_tag_genus/timing_violations.rpt,85,VIOLATED,-2335,clk_osc_fast_tap1,clk_osc_fast_tap1,clk_osc_fast_tap1,(R) u_core_gen_pd_row[7].gen_pd_col[1].u_pd/q1_reg/C,(F) u_core_gen_pd_row[7].gen_pd_col[1].u_pd/nfast_hit_latched_reg[3]/D
OSC_FAST_REAL,/home/validmgr/ksabra/2026_SPAD/SPADMIC/results/genus_osc_pd/20260601_o2_raw_tag_genus/timing_violations.rpt,86,VIOLATED,-2335,clk_osc_fast_tap1,clk_osc_fast_tap1,clk_osc_fast_tap1,(R) u_core_gen_pd_row[7].gen_pd_col[1].u_pd/q1_reg/C,(F) u_core_gen_pd_row[7].gen_pd_col[1].u_pd/nfast_hit_latched_reg[5]/D
OSC_FAST_REAL,/home/validmgr/ksabra/2026_SPAD/SPADMIC/results/genus_osc_pd/20260601_o2_raw_tag_genus/timing_violations.rpt,87,VIOLATED,-2335,clk_osc_fast_tap1,clk_osc_fast_tap1,clk_osc_fast_tap1,(R) u_core_gen_pd_row[7].gen_pd_col[1].u_pd/q1_reg/C,(F) u_core_gen_pd_row[7].gen_pd_col[1].u_pd/nfast_hit_latched_reg[0]/D
OSC_FAST_REAL,/home/validmgr/ksabra/2026_SPAD/SPADMIC/results/genus_osc_pd/20260601_o2_raw_tag_genus/timing_violations.rpt,88,VIOLATED,-2335,clk_osc_fast_tap7,clk_osc_fast_tap7,clk_osc_fast_tap7,(R) u_core_gen_pd_row[6].gen_pd_col[7].u_pd/q1_reg/C,(F) u_core_gen_pd_row[6].gen_pd_col[7].u_pd/nfast_hit_latched_reg[3]/D
OSC_FAST_REAL,/home/validmgr/ksabra/2026_SPAD/SPADMIC/results/genus_osc_pd/20260601_o2_raw_tag_genus/timing_violations.rpt,89,VIOLATED,-2335,clk_osc_fast_tap7,clk_osc_fast_tap7,clk_osc_fast_tap7,(R) u_core_gen_pd_row[6].gen_pd_col[7].u_pd/q1_reg/C,(F) u_core_gen_pd_row[6].gen_pd_col[7].u_pd/nfast_hit_latched_reg[5]/D
OSC_FAST_REAL,/home/validmgr/ksabra/2026_SPAD/SPADMIC/results/genus_osc_pd/20260601_o2_raw_tag_genus/timing_violations.rpt,90,VIOLATED,-2335,clk_osc_fast_tap7,clk_osc_fast_tap7,clk_osc_fast_tap7,(R) u_core_gen_pd_row[6].gen_pd_col[7].u_pd/q1_reg/C,(F) u_core_gen_pd_row[6].gen_pd_col[7].u_pd/nfast_hit_latched_reg[0]/D
OSC_FAST_REAL,/home/validmgr/ksabra/2026_SPAD/SPADMIC/results/genus_osc_pd/20260601_o2_raw_tag_genus/timing_violations.rpt,91,VIOLATED,-2335,clk_osc_fast_tap4,clk_osc_fast_tap4,clk_osc_fast_tap4,(R) u_core_gen_pd_row[6].gen_pd_col[4].u_pd/q1_reg/C,(F) u_core_gen_pd_row[6].gen_pd_col[4].u_pd/nfast_hit_latched_reg[3]/D
OSC_FAST_REAL,/home/validmgr/ksabra/2026_SPAD/SPADMIC/results/genus_osc_pd/20260601_o2_raw_tag_genus/timing_violations.rpt,92,VIOLATED,-2335,clk_osc_fast_tap4,clk_osc_fast_tap4,clk_osc_fast_tap4,(R) u_core_gen_pd_row[6].gen_pd_col[4].u_pd/q1_reg/C,(F) u_core_gen_pd_row[6].gen_pd_col[4].u_pd/nfast_hit_latched_reg[5]/D
OSC_FAST_REAL,/home/validmgr/ksabra/2026_SPAD/SPADMIC/results/genus_osc_pd/20260601_o2_raw_tag_genus/timing_violations.rpt,93,VIOLATED,-2335,clk_osc_fast_tap4,clk_osc_fast_tap4,clk_osc_fast_tap4,(R) u_core_gen_pd_row[6].gen_pd_col[4].u_pd/q1_reg/C,(F) u_core_gen_pd_row[6].gen_pd_col[4].u_pd/nfast_hit_latched_reg[0]/D
OSC_FAST_REAL,/home/validmgr/ksabra/2026_SPAD/SPADMIC/results/genus_osc_pd/20260601_o2_raw_tag_genus/timing_violations.rpt,94,VIOLATED,-2335,clk_osc_fast_tap3,clk_osc_fast_tap3,clk_osc_fast_tap3,(R) u_core_gen_pd_row[6].gen_pd_col[3].u_pd/q1_reg/C,(F) u_core_gen_pd_row[6].gen_pd_col[3].u_pd/nfast_hit_latched_reg[3]/D
OSC_FAST_REAL,/home/validmgr/ksabra/2026_SPAD/SPADMIC/results/genus_osc_pd/20260601_o2_raw_tag_genus/timing_violations.rpt,95,VIOLATED,-2335,clk_osc_fast_tap3,clk_osc_fast_tap3,clk_osc_fast_tap3,(R) u_core_gen_pd_row[6].gen_pd_col[3].u_pd/q1_reg/C,(F) u_core_gen_pd_row[6].gen_pd_col[3].u_pd/nfast_hit_latched_reg[5]/D
OSC_FAST_REAL,/home/validmgr/ksabra/2026_SPAD/SPADMIC/results/genus_osc_pd/20260601_o2_raw_tag_genus/timing_violations.rpt,96,VIOLATED,-2335,clk_osc_fast_tap3,clk_osc_fast_tap3,clk_osc_fast_tap3,(R) u_core_gen_pd_row[6].gen_pd_col[3].u_pd/q1_reg/C,(F) u_core_gen_pd_row[6].gen_pd_col[3].u_pd/nfast_hit_latched_reg[0]/D
OSC_FAST_REAL,/home/validmgr/ksabra/2026_SPAD/SPADMIC/results/genus_osc_pd/20260601_o2_raw_tag_genus/timing_violations.rpt,97,VIOLATED,-2335,clk_osc_fast_tap1,clk_osc_fast_tap1,clk_osc_fast_tap1,(R) u_core_gen_pd_row[6].gen_pd_col[1].u_pd/q1_reg/C,(F) u_core_gen_pd_row[6].gen_pd_col[1].u_pd/nfast_hit_latched_reg[3]/D
OSC_FAST_REAL,/home/validmgr/ksabra/2026_SPAD/SPADMIC/results/genus_osc_pd/20260601_o2_raw_tag_genus/timing_violations.rpt,98,VIOLATED,-2335,clk_osc_fast_tap1,clk_osc_fast_tap1,clk_osc_fast_tap1,(R) u_core_gen_pd_row[6].gen_pd_col[1].u_pd/q1_reg/C,(F) u_core_gen_pd_row[6].gen_pd_col[1].u_pd/nfast_hit_latched_reg[5]/D
OSC_FAST_REAL,/home/validmgr/ksabra/2026_SPAD/SPADMIC/results/genus_osc_pd/20260601_o2_raw_tag_genus/timing_violations.rpt,99,VIOLATED,-2335,clk_osc_fast_tap1,clk_osc_fast_tap1,clk_osc_fast_tap1,(R) u_core_gen_pd_row[6].gen_pd_col[1].u_pd/q1_reg/C,(F) u_core_gen_pd_row[6].gen_pd_col[1].u_pd/nfast_hit_latched_reg[0]/D
OSC_FAST_REAL,/home/validmgr/ksabra/2026_SPAD/SPADMIC/results/genus_osc_pd/20260601_o2_raw_tag_genus/timing_violations.rpt,100,VIOLATED,-2335,clk_osc_fast_tap7,clk_osc_fast_tap7,clk_osc_fast_tap7,(R) u_core_gen_pd_row[5].gen_pd_col[7].u_pd/q1_reg/C,(F) u_core_gen_pd_row[5].gen_pd_col[7].u_pd/nfast_hit_latched_reg[3]/D
OSC_FAST_REAL,/home/validmgr/ksabra/2026_SPAD/SPADMIC/results/genus_osc_pd/20260601_o2_raw_tag_genus/timing_violations.rpt,101,VIOLATED,-2335,clk_osc_fast_tap7,clk_osc_fast_tap7,clk_osc_fast_tap7,(R) u_core_gen_pd_row[5].gen_pd_col[7].u_pd/q1_reg/C,(F) u_core_gen_pd_row[5].gen_pd_col[7].u_pd/nfast_hit_latched_reg[5]/D
OSC_FAST_REAL,/home/validmgr/ksabra/2026_SPAD/SPADMIC/results/genus_osc_pd/20260601_o2_raw_tag_genus/timing_violations.rpt,102,VIOLATED,-2335,clk_osc_fast_tap7,clk_osc_fast_tap7,clk_osc_fast_tap7,(R) u_core_gen_pd_row[5].gen_pd_col[7].u_pd/q1_reg/C,(F) u_core_gen_pd_row[5].gen_pd_col[7].u_pd/nfast_hit_latched_reg[0]/D
OSC_FAST_REAL,/home/validmgr/ksabra/2026_SPAD/SPADMIC/results/genus_osc_pd/20260601_o2_raw_tag_genus/timing_violations.rpt,103,VIOLATED,-2335,clk_osc_fast_tap5,clk_osc_fast_tap5,clk_osc_fast_tap5,(R) u_core_gen_pd_row[5].gen_pd_col[5].u_pd/q1_reg/C,(F) u_core_gen_pd_row[5].gen_pd_col[5].u_pd/nfast_hit_latched_reg[3]/D
OSC_FAST_REAL,/home/validmgr/ksabra/2026_SPAD/SPADMIC/results/genus_osc_pd/20260601_o2_raw_tag_genus/timing_violations.rpt,104,VIOLATED,-2335,clk_osc_fast_tap5,clk_osc_fast_tap5,clk_osc_fast_tap5,(R) u_core_gen_pd_row[5].gen_pd_col[5].u_pd/q1_reg/C,(F) u_core_gen_pd_row[5].gen_pd_col[5].u_pd/nfast_hit_latched_reg[5]/D
OSC_FAST_REAL,/home/validmgr/ksabra/2026_SPAD/SPADMIC/results/genus_osc_pd/20260601_o2_raw_tag_genus/timing_violations.rpt,105,VIOLATED,-2335,clk_osc_fast_tap5,clk_osc_fast_tap5,clk_osc_fast_tap5,(R) u_core_gen_pd_row[5].gen_pd_col[5].u_pd/q1_reg/C,(F) u_core_gen_pd_row[5].gen_pd_col[5].u_pd/nfast_hit_latched_reg[0]/D
OSC_FAST_REAL,/home/validmgr/ksabra/2026_SPAD/SPADMIC/results/genus_osc_pd/20260601_o2_raw_tag_genus/timing_violations.rpt,106,VIOLATED,-2335,clk_osc_fast_tap4,clk_osc_fast_tap4,clk_osc_fast_tap4,(R) u_core_gen_pd_row[5].gen_pd_col[4].u_pd/q1_reg/C,(F) u_core_gen_pd_row[5].gen_pd_col[4].u_pd/nfast_hit_latched_reg[3]/D
OSC_FAST_REAL,/home/validmgr/ksabra/2026_SPAD/SPADMIC/results/genus_osc_pd/20260601_o2_raw_tag_genus/timing_violations.rpt,107,VIOLATED,-2335,clk_osc_fast_tap4,clk_osc_fast_tap4,clk_osc_fast_tap4,(R) u_core_gen_pd_row[5].gen_pd_col[4].u_pd/q1_reg/C,(F) u_core_gen_pd_row[5].gen_pd_col[4].u_pd/nfast_hit_latched_reg[5]/D
OSC_FAST_REAL,/home/validmgr/ksabra/2026_SPAD/SPADMIC/results/genus_osc_pd/20260601_o2_raw_tag_genus/timing_violations.rpt,108,VIOLATED,-2335,clk_osc_fast_tap4,clk_osc_fast_tap4,clk_osc_fast_tap4,(R) u_core_gen_pd_row[5].gen_pd_col[4].u_pd/q1_reg/C,(F) u_core_gen_pd_row[5].gen_pd_col[4].u_pd/nfast_hit_latched_reg[0]/D
OSC_FAST_REAL,/home/validmgr/ksabra/2026_SPAD/SPADMIC/results/genus_osc_pd/20260601_o2_raw_tag_genus/timing_violations.rpt,109,VIOLATED,-2335,clk_osc_fast_tap3,clk_osc_fast_tap3,clk_osc_fast_tap3,(R) u_core_gen_pd_row[5].gen_pd_col[3].u_pd/q1_reg/C,(F) u_core_gen_pd_row[5].gen_pd_col[3].u_pd/nfast_hit_latched_reg[3]/D
OSC_FAST_REAL,/home/validmgr/ksabra/2026_SPAD/SPADMIC/results/genus_osc_pd/20260601_o2_raw_tag_genus/timing_violations.rpt,110,VIOLATED,-2335,clk_osc_fast_tap3,clk_osc_fast_tap3,clk_osc_fast_tap3,(R) u_core_gen_pd_row[5].gen_pd_col[3].u_pd/q1_reg/C,(F) u_core_gen_pd_row[5].gen_pd_col[3].u_pd/nfast_hit_latched_reg[5]/D
OSC_FAST_REAL,/home/validmgr/ksabra/2026_SPAD/SPADMIC/results/genus_osc_pd/20260601_o2_raw_tag_genus/timing_violations.rpt,111,VIOLATED,-2335,clk_osc_fast_tap3,clk_osc_fast_tap3,clk_osc_fast_tap3,(R) u_core_gen_pd_row[5].gen_pd_col[3].u_pd/q1_reg/C,(F) u_core_gen_pd_row[5].gen_pd_col[3].u_pd/nfast_hit_latched_reg[0]/D
OSC_FAST_REAL,/home/validmgr/ksabra/2026_SPAD/SPADMIC/results/genus_osc_pd/20260601_o2_raw_tag_genus/timing_violations.rpt,112,VIOLATED,-2335,clk_osc_fast_tap1,clk_osc_fast_tap1,clk_osc_fast_tap1,(R) u_core_gen_pd_row[5].gen_pd_col[1].u_pd/q1_reg/C,(F) u_core_gen_pd_row[5].gen_pd_col[1].u_pd/nfast_hit_latched_reg[3]/D
OSC_FAST_REAL,/home/validmgr/ksabra/2026_SPAD/SPADMIC/results/genus_osc_pd/20260601_o2_raw_tag_genus/timing_violations.rpt,113,VIOLATED,-2335,clk_osc_fast_tap1,clk_osc_fast_tap1,clk_osc_fast_tap1,(R) u_core_gen_pd_row[5].gen_pd_col[1].u_pd/q1_reg/C,(F) u_core_gen_pd_row[5].gen_pd_col[1].u_pd/nfast_hit_latched_reg[5]/D
OSC_FAST_REAL,/home/validmgr/ksabra/2026_SPAD/SPADMIC/results/genus_osc_pd/20260601_o2_raw_tag_genus/timing_violations.rpt,114,VIOLATED,-2335,clk_osc_fast_tap1,clk_osc_fast_tap1,clk_osc_fast_tap1,(R) u_core_gen_pd_row[5].gen_pd_col[1].u_pd/q1_reg/C,(F) u_core_gen_pd_row[5].gen_pd_col[1].u_pd/nfast_hit_latched_reg[0]/D
OSC_FAST_REAL,/home/validmgr/ksabra/2026_SPAD/SPADMIC/results/genus_osc_pd/20260601_o2_raw_tag_genus/timing_violations.rpt,115,VIOLATED,-2335,clk_osc_fast_tap5,clk_osc_fast_tap5,clk_osc_fast_tap5,(R) u_core_gen_pd_row[4].gen_pd_col[5].u_pd/q1_reg/C,(F) u_core_gen_pd_row[4].gen_pd_col[5].u_pd/nfast_hit_latched_reg[3]/D
OSC_FAST_REAL,/home/validmgr/ksabra/2026_SPAD/SPADMIC/results/genus_osc_pd/20260601_o2_raw_tag_genus/timing_violations.rpt,116,VIOLATED,-2335,clk_osc_fast_tap5,clk_osc_fast_tap5,clk_osc_fast_tap5,(R) u_core_gen_pd_row[4].gen_pd_col[5].u_pd/q1_reg/C,(F) u_core_gen_pd_row[4].gen_pd_col[5].u_pd/nfast_hit_latched_reg[5]/D
OSC_FAST_REAL,/home/validmgr/ksabra/2026_SPAD/SPADMIC/results/genus_osc_pd/20260601_o2_raw_tag_genus/timing_violations.rpt,117,VIOLATED,-2335,clk_osc_fast_tap5,clk_osc_fast_tap5,clk_osc_fast_tap5,(R) u_core_gen_pd_row[4].gen_pd_col[5].u_pd/q1_reg/C,(F) u_core_gen_pd_row[4].gen_pd_col[5].u_pd/nfast_hit_latched_reg[0]/D
OSC_FAST_REAL,/home/validmgr/ksabra/2026_SPAD/SPADMIC/results/genus_osc_pd/20260601_o2_raw_tag_genus/timing_violations.rpt,118,VIOLATED,-2335,clk_osc_fast_tap4,clk_osc_fast_tap4,clk_osc_fast_tap4,(R) u_core_gen_pd_row[4].gen_pd_col[4].u_pd/q1_reg/C,(F) u_core_gen_pd_row[4].gen_pd_col[4].u_pd/nfast_hit_latched_reg[3]/D
OSC_FAST_REAL,/home/validmgr/ksabra/2026_SPAD/SPADMIC/results/genus_osc_pd/20260601_o2_raw_tag_genus/timing_violations.rpt,119,VIOLATED,-2335,clk_osc_fast_tap4,clk_osc_fast_tap4,clk_osc_fast_tap4,(R) u_core_gen_pd_row[4].gen_pd_col[4].u_pd/q1_reg/C,(F) u_core_gen_pd_row[4].gen_pd_col[4].u_pd/nfast_hit_latched_reg[5]/D
OSC_FAST_REAL,/home/validmgr/ksabra/2026_SPAD/SPADMIC/results/genus_osc_pd/20260601_o2_raw_tag_genus/timing_violations.rpt,120,VIOLATED,-2335,clk_osc_fast_tap4,clk_osc_fast_tap4,clk_osc_fast_tap4,(R) u_core_gen_pd_row[4].gen_pd_col[4].u_pd/q1_reg/C,(F) u_core_gen_pd_row[4].gen_pd_col[4].u_pd/nfast_hit_latched_reg[0]/D
OSC_FAST_REAL,/home/validmgr/ksabra/2026_SPAD/SPADMIC/results/genus_osc_pd/20260601_o2_raw_tag_genus/timing_violations.rpt,121,VIOLATED,-2335,clk_osc_fast_tap3,clk_osc_fast_tap3,clk_osc_fast_tap3,(R) u_core_gen_pd_row[4].gen_pd_col[3].u_pd/q1_reg/C,(F) u_core_gen_pd_row[4].gen_pd_col[3].u_pd/nfast_hit_latched_reg[3]/D
OSC_FAST_REAL,/home/validmgr/ksabra/2026_SPAD/SPADMIC/results/genus_osc_pd/20260601_o2_raw_tag_genus/timing_violations.rpt,122,VIOLATED,-2335,clk_osc_fast_tap3,clk_osc_fast_tap3,clk_osc_fast_tap3,(R) u_core_gen_pd_row[4].gen_pd_col[3].u_pd/q1_reg/C,(F) u_core_gen_pd_row[4].gen_pd_col[3].u_pd/nfast_hit_latched_reg[5]/D
OSC_FAST_REAL,/home/validmgr/ksabra/2026_SPAD/SPADMIC/results/genus_osc_pd/20260601_o2_raw_tag_genus/timing_violations.rpt,123,VIOLATED,-2335,clk_osc_fast_tap3,clk_osc_fast_tap3,clk_osc_fast_tap3,(R) u_core_gen_pd_row[4].gen_pd_col[3].u_pd/q1_reg/C,(F) u_core_gen_pd_row[4].gen_pd_col[3].u_pd/nfast_hit_latched_reg[0]/D
OSC_FAST_REAL,/home/validmgr/ksabra/2026_SPAD/SPADMIC/results/genus_osc_pd/20260601_o2_raw_tag_genus/timing_violations.rpt,124,VIOLATED,-2335,clk_osc_fast_tap7,clk_osc_fast_tap7,clk_osc_fast_tap7,(R) u_core_gen_pd_row[3].gen_pd_col[7].u_pd/q1_reg/C,(F) u_core_gen_pd_row[3].gen_pd_col[7].u_pd/nfast_hit_latched_reg[3]/D
OSC_FAST_REAL,/home/validmgr/ksabra/2026_SPAD/SPADMIC/results/genus_osc_pd/20260601_o2_raw_tag_genus/timing_violations.rpt,125,VIOLATED,-2335,clk_osc_fast_tap7,clk_osc_fast_tap7,clk_osc_fast_tap7,(R) u_core_gen_pd_row[3].gen_pd_col[7].u_pd/q1_reg/C,(F) u_core_gen_pd_row[3].gen_pd_col[7].u_pd/nfast_hit_latched_reg[5]/D
OSC_FAST_REAL,/home/validmgr/ksabra/2026_SPAD/SPADMIC/results/genus_osc_pd/20260601_o2_raw_tag_genus/timing_violations.rpt,126,VIOLATED,-2335,clk_osc_fast_tap7,clk_osc_fast_tap7,clk_osc_fast_tap7,(R) u_core_gen_pd_row[3].gen_pd_col[7].u_pd/q1_reg/C,(F) u_core_gen_pd_row[3].gen_pd_col[7].u_pd/nfast_hit_latched_reg[0]/D
OSC_FAST_REAL,/home/validmgr/ksabra/2026_SPAD/SPADMIC/results/genus_osc_pd/20260601_o2_raw_tag_genus/timing_violations.rpt,127,VIOLATED,-2335,clk_osc_fast_tap4,clk_osc_fast_tap4,clk_osc_fast_tap4,(R) u_core_gen_pd_row[3].gen_pd_col[4].u_pd/q1_reg/C,(F) u_core_gen_pd_row[3].gen_pd_col[4].u_pd/nfast_hit_latched_reg[3]/D
OSC_FAST_REAL,/home/validmgr/ksabra/2026_SPAD/SPADMIC/results/genus_osc_pd/20260601_o2_raw_tag_genus/timing_violations.rpt,128,VIOLATED,-2335,clk_osc_fast_tap4,clk_osc_fast_tap4,clk_osc_fast_tap4,(R) u_core_gen_pd_row[3].gen_pd_col[4].u_pd/q1_reg/C,(F) u_core_gen_pd_row[3].gen_pd_col[4].u_pd/nfast_hit_latched_reg[5]/D
OSC_FAST_REAL,/home/validmgr/ksabra/2026_SPAD/SPADMIC/results/genus_osc_pd/20260601_o2_raw_tag_genus/timing_violations.rpt,129,VIOLATED,-2335,clk_osc_fast_tap4,clk_osc_fast_tap4,clk_osc_fast_tap4,(R) u_core_gen_pd_row[3].gen_pd_col[4].u_pd/q1_reg/C,(F) u_core_gen_pd_row[3].gen_pd_col[4].u_pd/nfast_hit_latched_reg[0]/D
OSC_FAST_REAL,/home/validmgr/ksabra/2026_SPAD/SPADMIC/results/genus_osc_pd/20260601_o2_raw_tag_genus/timing_violations.rpt,130,VIOLATED,-2335,clk_osc_fast_tap3,clk_osc_fast_tap3,clk_osc_fast_tap3,(R) u_core_gen_pd_row[3].gen_pd_col[3].u_pd/q1_reg/C,(F) u_core_gen_pd_row[3].gen_pd_col[3].u_pd/nfast_hit_latched_reg[3]/D
OSC_FAST_REAL,/home/validmgr/ksabra/2026_SPAD/SPADMIC/results/genus_osc_pd/20260601_o2_raw_tag_genus/timing_violations.rpt,131,VIOLATED,-2335,clk_osc_fast_tap3,clk_osc_fast_tap3,clk_osc_fast_tap3,(R) u_core_gen_pd_row[3].gen_pd_col[3].u_pd/q1_reg/C,(F) u_core_gen_pd_row[3].gen_pd_col[3].u_pd/nfast_hit_latched_reg[5]/D
OSC_FAST_REAL,/home/validmgr/ksabra/2026_SPAD/SPADMIC/results/genus_osc_pd/20260601_o2_raw_tag_genus/timing_violations.rpt,132,VIOLATED,-2335,clk_osc_fast_tap3,clk_osc_fast_tap3,clk_osc_fast_tap3,(R) u_core_gen_pd_row[3].gen_pd_col[3].u_pd/q1_reg/C,(F) u_core_gen_pd_row[3].gen_pd_col[3].u_pd/nfast_hit_latched_reg[0]/D
OSC_FAST_REAL,/home/validmgr/ksabra/2026_SPAD/SPADMIC/results/genus_osc_pd/20260601_o2_raw_tag_genus/timing_violations.rpt,133,VIOLATED,-2335,clk_osc_fast_tap7,clk_osc_fast_tap7,clk_osc_fast_tap7,(R) u_core_gen_pd_row[2].gen_pd_col[7].u_pd/q1_reg/C,(F) u_core_gen_pd_row[2].gen_pd_col[7].u_pd/nfast_hit_latched_reg[3]/D
OSC_FAST_REAL,/home/validmgr/ksabra/2026_SPAD/SPADMIC/results/genus_osc_pd/20260601_o2_raw_tag_genus/timing_violations.rpt,134,VIOLATED,-2335,clk_osc_fast_tap7,clk_osc_fast_tap7,clk_osc_fast_tap7,(R) u_core_gen_pd_row[2].gen_pd_col[7].u_pd/q1_reg/C,(F) u_core_gen_pd_row[2].gen_pd_col[7].u_pd/nfast_hit_latched_reg[5]/D
OSC_FAST_REAL,/home/validmgr/ksabra/2026_SPAD/SPADMIC/results/genus_osc_pd/20260601_o2_raw_tag_genus/timing_violations.rpt,135,VIOLATED,-2335,clk_osc_fast_tap7,clk_osc_fast_tap7,clk_osc_fast_tap7,(R) u_core_gen_pd_row[2].gen_pd_col[7].u_pd/q1_reg/C,(F) u_core_gen_pd_row[2].gen_pd_col[7].u_pd/nfast_hit_latched_reg[0]/D
OSC_FAST_REAL,/home/validmgr/ksabra/2026_SPAD/SPADMIC/results/genus_osc_pd/20260601_o2_raw_tag_genus/timing_violations.rpt,136,VIOLATED,-2335,clk_osc_fast_tap5,clk_osc_fast_tap5,clk_osc_fast_tap5,(R) u_core_gen_pd_row[2].gen_pd_col[5].u_pd/q1_reg/C,(F) u_core_gen_pd_row[2].gen_pd_col[5].u_pd/nfast_hit_latched_reg[3]/D
OSC_FAST_REAL,/home/validmgr/ksabra/2026_SPAD/SPADMIC/results/genus_osc_pd/20260601_o2_raw_tag_genus/timing_violations.rpt,137,VIOLATED,-2335,clk_osc_fast_tap5,clk_osc_fast_tap5,clk_osc_fast_tap5,(R) u_core_gen_pd_row[2].gen_pd_col[5].u_pd/q1_reg/C,(F) u_core_gen_pd_row[2].gen_pd_col[5].u_pd/nfast_hit_latched_reg[5]/D
OSC_FAST_REAL,/home/validmgr/ksabra/2026_SPAD/SPADMIC/results/genus_osc_pd/20260601_o2_raw_tag_genus/timing_violations.rpt,138,VIOLATED,-2335,clk_osc_fast_tap5,clk_osc_fast_tap5,clk_osc_fast_tap5,(R) u_core_gen_pd_row[2].gen_pd_col[5].u_pd/q1_reg/C,(F) u_core_gen_pd_row[2].gen_pd_col[5].u_pd/nfast_hit_latched_reg[0]/D
OSC_FAST_REAL,/home/validmgr/ksabra/2026_SPAD/SPADMIC/results/genus_osc_pd/20260601_o2_raw_tag_genus/timing_violations.rpt,139,VIOLATED,-2335,clk_osc_fast_tap4,clk_osc_fast_tap4,clk_osc_fast_tap4,(R) u_core_gen_pd_row[2].gen_pd_col[4].u_pd/q1_reg/C,(F) u_core_gen_pd_row[2].gen_pd_col[4].u_pd/nfast_hit_latched_reg[3]/D
OSC_FAST_REAL,/home/validmgr/ksabra/2026_SPAD/SPADMIC/results/genus_osc_pd/20260601_o2_raw_tag_genus/timing_violations.rpt,140,VIOLATED,-2335,clk_osc_fast_tap4,clk_osc_fast_tap4,clk_osc_fast_tap4,(R) u_core_gen_pd_row[2].gen_pd_col[4].u_pd/q1_reg/C,(F) u_core_gen_pd_row[2].gen_pd_col[4].u_pd/nfast_hit_latched_reg[5]/D
OSC_FAST_REAL,/home/validmgr/ksabra/2026_SPAD/SPADMIC/results/genus_osc_pd/20260601_o2_raw_tag_genus/timing_violations.rpt,141,VIOLATED,-2335,clk_osc_fast_tap4,clk_osc_fast_tap4,clk_osc_fast_tap4,(R) u_core_gen_pd_row[2].gen_pd_col[4].u_pd/q1_reg/C,(F) u_core_gen_pd_row[2].gen_pd_col[4].u_pd/nfast_hit_latched_reg[0]/D
OSC_FAST_REAL,/home/validmgr/ksabra/2026_SPAD/SPADMIC/results/genus_osc_pd/20260601_o2_raw_tag_genus/timing_violations.rpt,142,VIOLATED,-2335,clk_osc_fast_tap3,clk_osc_fast_tap3,clk_osc_fast_tap3,(R) u_core_gen_pd_row[2].gen_pd_col[3].u_pd/q1_reg/C,(F) u_core_gen_pd_row[2].gen_pd_col[3].u_pd/nfast_hit_latched_reg[3]/D
OSC_FAST_REAL,/home/validmgr/ksabra/2026_SPAD/SPADMIC/results/genus_osc_pd/20260601_o2_raw_tag_genus/timing_violations.rpt,143,VIOLATED,-2335,clk_osc_fast_tap3,clk_osc_fast_tap3,clk_osc_fast_tap3,(R) u_core_gen_pd_row[2].gen_pd_col[3].u_pd/q1_reg/C,(F) u_core_gen_pd_row[2].gen_pd_col[3].u_pd/nfast_hit_latched_reg[5]/D
OSC_FAST_REAL,/home/validmgr/ksabra/2026_SPAD/SPADMIC/results/genus_osc_pd/20260601_o2_raw_tag_genus/timing_violations.rpt,144,VIOLATED,-2335,clk_osc_fast_tap3,clk_osc_fast_tap3,clk_osc_fast_tap3,(R) u_core_gen_pd_row[2].gen_pd_col[3].u_pd/q1_reg/C,(F) u_core_gen_pd_row[2].gen_pd_col[3].u_pd/nfast_hit_latched_reg[0]/D
OSC_FAST_REAL,/home/validmgr/ksabra/2026_SPAD/SPADMIC/results/genus_osc_pd/20260601_o2_raw_tag_genus/timing_violations.rpt,145,VIOLATED,-2335,clk_osc_fast_tap2,clk_osc_fast_tap2,clk_osc_fast_tap2,(R) u_core_gen_pd_row[2].gen_pd_col[2].u_pd/q1_reg/C,(F) u_core_gen_pd_row[2].gen_pd_col[2].u_pd/nfast_hit_latched_reg[3]/D
OSC_FAST_REAL,/home/validmgr/ksabra/2026_SPAD/SPADMIC/results/genus_osc_pd/20260601_o2_raw_tag_genus/timing_violations.rpt,146,VIOLATED,-2335,clk_osc_fast_tap2,clk_osc_fast_tap2,clk_osc_fast_tap2,(R) u_core_gen_pd_row[2].gen_pd_col[2].u_pd/q1_reg/C,(F) u_core_gen_pd_row[2].gen_pd_col[2].u_pd/nfast_hit_latched_reg[5]/D
OSC_FAST_REAL,/home/validmgr/ksabra/2026_SPAD/SPADMIC/results/genus_osc_pd/20260601_o2_raw_tag_genus/timing_violations.rpt,147,VIOLATED,-2335,clk_osc_fast_tap2,clk_osc_fast_tap2,clk_osc_fast_tap2,(R) u_core_gen_pd_row[2].gen_pd_col[2].u_pd/q1_reg/C,(F) u_core_gen_pd_row[2].gen_pd_col[2].u_pd/nfast_hit_latched_reg[0]/D
OSC_FAST_REAL,/home/validmgr/ksabra/2026_SPAD/SPADMIC/results/genus_osc_pd/20260601_o2_raw_tag_genus/timing_violations.rpt,148,VIOLATED,-2335,clk_osc_fast_tap1,clk_osc_fast_tap1,clk_osc_fast_tap1,(R) u_core_gen_pd_row[2].gen_pd_col[1].u_pd/q1_reg/C,(F) u_core_gen_pd_row[2].gen_pd_col[1].u_pd/nfast_hit_latched_reg[3]/D
OSC_FAST_REAL,/home/validmgr/ksabra/2026_SPAD/SPADMIC/results/genus_osc_pd/20260601_o2_raw_tag_genus/timing_violations.rpt,149,VIOLATED,-2335,clk_osc_fast_tap1,clk_osc_fast_tap1,clk_osc_fast_tap1,(R) u_core_gen_pd_row[2].gen_pd_col[1].u_pd/q1_reg/C,(F) u_core_gen_pd_row[2].gen_pd_col[1].u_pd/nfast_hit_latched_reg[5]/D
OSC_FAST_REAL,/home/validmgr/ksabra/2026_SPAD/SPADMIC/results/genus_osc_pd/20260601_o2_raw_tag_genus/timing_violations.rpt,150,VIOLATED,-2335,clk_osc_fast_tap1,clk_osc_fast_tap1,clk_osc_fast_tap1,(R) u_core_gen_pd_row[2].gen_pd_col[1].u_pd/q1_reg/C,(F) u_core_gen_pd_row[2].gen_pd_col[1].u_pd/nfast_hit_latched_reg[0]/D
OSC_FAST_REAL,/home/validmgr/ksabra/2026_SPAD/SPADMIC/results/genus_osc_pd/20260601_o2_raw_tag_genus/timing_violations.rpt,151,VIOLATED,-2335,clk_osc_fast_tap7,clk_osc_fast_tap7,clk_osc_fast_tap7,(R) u_core_gen_pd_row[0].gen_pd_col[7].u_pd/q1_reg/C,(F) u_core_gen_pd_row[0].gen_pd_col[7].u_pd/nfast_hit_latched_reg[3]/D
OSC_FAST_REAL,/home/validmgr/ksabra/2026_SPAD/SPADMIC/results/genus_osc_pd/20260601_o2_raw_tag_genus/timing_violations.rpt,152,VIOLATED,-2335,clk_osc_fast_tap7,clk_osc_fast_tap7,clk_osc_fast_tap7,(R) u_core_gen_pd_row[0].gen_pd_col[7].u_pd/q1_reg/C,(F) u_core_gen_pd_row[0].gen_pd_col[7].u_pd/nfast_hit_latched_reg[5]/D
OSC_FAST_REAL,/home/validmgr/ksabra/2026_SPAD/SPADMIC/results/genus_osc_pd/20260601_o2_raw_tag_genus/timing_violations.rpt,153,VIOLATED,-2335,clk_osc_fast_tap7,clk_osc_fast_tap7,clk_osc_fast_tap7,(R) u_core_gen_pd_row[0].gen_pd_col[7].u_pd/q1_reg/C,(F) u_core_gen_pd_row[0].gen_pd_col[7].u_pd/nfast_hit_latched_reg[0]/D
OSC_FAST_REAL,/home/validmgr/ksabra/2026_SPAD/SPADMIC/results/genus_osc_pd/20260601_o2_raw_tag_genus/timing_violations.rpt,154,VIOLATED,-2335,clk_osc_fast_tap5,clk_osc_fast_tap5,clk_osc_fast_tap5,(R) u_core_gen_pd_row[0].gen_pd_col[5].u_pd/q1_reg/C,(F) u_core_gen_pd_row[0].gen_pd_col[5].u_pd/nfast_hit_latched_reg[3]/D
OSC_FAST_REAL,/home/validmgr/ksabra/2026_SPAD/SPADMIC/results/genus_osc_pd/20260601_o2_raw_tag_genus/timing_violations.rpt,155,VIOLATED,-2335,clk_osc_fast_tap5,clk_osc_fast_tap5,clk_osc_fast_tap5,(R) u_core_gen_pd_row[0].gen_pd_col[5].u_pd/q1_reg/C,(F) u_core_gen_pd_row[0].gen_pd_col[5].u_pd/nfast_hit_latched_reg[5]/D
OSC_FAST_REAL,/home/validmgr/ksabra/2026_SPAD/SPADMIC/results/genus_osc_pd/20260601_o2_raw_tag_genus/timing_violations.rpt,156,VIOLATED,-2335,clk_osc_fast_tap5,clk_osc_fast_tap5,clk_osc_fast_tap5,(R) u_core_gen_pd_row[0].gen_pd_col[5].u_pd/q1_reg/C,(F) u_core_gen_pd_row[0].gen_pd_col[5].u_pd/nfast_hit_latched_reg[0]/D
OSC_FAST_REAL,/home/validmgr/ksabra/2026_SPAD/SPADMIC/results/genus_osc_pd/20260601_o2_raw_tag_genus/timing_violations.rpt,157,VIOLATED,-2335,clk_osc_fast_tap4,clk_osc_fast_tap4,clk_osc_fast_tap4,(R) u_core_gen_pd_row[0].gen_pd_col[4].u_pd/q1_reg/C,(F) u_core_gen_pd_row[0].gen_pd_col[4].u_pd/nfast_hit_latched_reg[3]/D
OSC_FAST_REAL,/home/validmgr/ksabra/2026_SPAD/SPADMIC/results/genus_osc_pd/20260601_o2_raw_tag_genus/timing_violations.rpt,158,VIOLATED,-2335,clk_osc_fast_tap4,clk_osc_fast_tap4,clk_osc_fast_tap4,(R) u_core_gen_pd_row[0].gen_pd_col[4].u_pd/q1_reg/C,(F) u_core_gen_pd_row[0].gen_pd_col[4].u_pd/nfast_hit_latched_reg[5]/D
OSC_FAST_REAL,/home/validmgr/ksabra/2026_SPAD/SPADMIC/results/genus_osc_pd/20260601_o2_raw_tag_genus/timing_violations.rpt,159,VIOLATED,-2335,clk_osc_fast_tap4,clk_osc_fast_tap4,clk_osc_fast_tap4,(R) u_core_gen_pd_row[0].gen_pd_col[4].u_pd/q1_reg/C,(F) u_core_gen_pd_row[0].gen_pd_col[4].u_pd/nfast_hit_latched_reg[0]/D
OSC_FAST_REAL,/home/validmgr/ksabra/2026_SPAD/SPADMIC/results/genus_osc_pd/20260601_o2_raw_tag_genus/timing_violations.rpt,160,VIOLATED,-2335,clk_osc_fast_tap3,clk_osc_fast_tap3,clk_osc_fast_tap3,(R) u_core_gen_pd_row[0].gen_pd_col[3].u_pd/q1_reg/C,(F) u_core_gen_pd_row[0].gen_pd_col[3].u_pd/nfast_hit_latched_reg[5]/D
OSC_FAST_REAL,/home/validmgr/ksabra/2026_SPAD/SPADMIC/results/genus_osc_pd/20260601_o2_raw_tag_genus/timing_violations.rpt,161,VIOLATED,-2335,clk_osc_fast_tap3,clk_osc_fast_tap3,clk_osc_fast_tap3,(R) u_core_gen_pd_row[0].gen_pd_col[3].u_pd/q1_reg/C,(F) u_core_gen_pd_row[0].gen_pd_col[3].u_pd/nfast_hit_latched_reg[0]/D
OSC_FAST_REAL,/home/validmgr/ksabra/2026_SPAD/SPADMIC/results/genus_osc_pd/20260601_o2_raw_tag_genus/timing_violations.rpt,162,VIOLATED,-2335,clk_osc_fast_tap2,clk_osc_fast_tap2,clk_osc_fast_tap2,(R) u_core_gen_pd_row[0].gen_pd_col[2].u_pd/q1_reg/C,(F) u_core_gen_pd_row[0].gen_pd_col[2].u_pd/nfast_hit_latched_reg[3]/D
OSC_FAST_REAL,/home/validmgr/ksabra/2026_SPAD/SPADMIC/results/genus_osc_pd/20260601_o2_raw_tag_genus/timing_violations.rpt,163,VIOLATED,-2335,clk_osc_fast_tap2,clk_osc_fast_tap2,clk_osc_fast_tap2,(R) u_core_gen_pd_row[0].gen_pd_col[2].u_pd/q1_reg/C,(F) u_core_gen_pd_row[0].gen_pd_col[2].u_pd/nfast_hit_latched_reg[5]/D
OSC_FAST_REAL,/home/validmgr/ksabra/2026_SPAD/SPADMIC/results/genus_osc_pd/20260601_o2_raw_tag_genus/timing_violations.rpt,164,VIOLATED,-2335,clk_osc_fast_tap2,clk_osc_fast_tap2,clk_osc_fast_tap2,(R) u_core_gen_pd_row[0].gen_pd_col[2].u_pd/q1_reg/C,(F) u_core_gen_pd_row[0].gen_pd_col[2].u_pd/nfast_hit_latched_reg[0]/D
OSC_FAST_REAL,/home/validmgr/ksabra/2026_SPAD/SPADMIC/results/genus_osc_pd/20260601_o2_raw_tag_genus/timing_violations.rpt,165,VIOLATED,-2335,clk_osc_fast_tap1,clk_osc_fast_tap1,clk_osc_fast_tap1,(R) u_core_gen_pd_row[0].gen_pd_col[1].u_pd/q1_reg/C,(F) u_core_gen_pd_row[0].gen_pd_col[1].u_pd/nfast_hit_latched_reg[3]/D
OSC_FAST_REAL,/home/validmgr/ksabra/2026_SPAD/SPADMIC/results/genus_osc_pd/20260601_o2_raw_tag_genus/timing_violations.rpt,166,VIOLATED,-2335,clk_osc_fast_tap1,clk_osc_fast_tap1,clk_osc_fast_tap1,(R) u_core_gen_pd_row[0].gen_pd_col[1].u_pd/q1_reg/C,(F) u_core_gen_pd_row[0].gen_pd_col[1].u_pd/nfast_hit_latched_reg[5]/D
OSC_FAST_REAL,/home/validmgr/ksabra/2026_SPAD/SPADMIC/results/genus_osc_pd/20260601_o2_raw_tag_genus/timing_violations.rpt,167,VIOLATED,-2335,clk_osc_fast_tap1,clk_osc_fast_tap1,clk_osc_fast_tap1,(R) u_core_gen_pd_row[0].gen_pd_col[1].u_pd/q1_reg/C,(F) u_core_gen_pd_row[0].gen_pd_col[1].u_pd/nfast_hit_latched_reg[0]/D
OSC_FAST_REAL,/home/validmgr/ksabra/2026_SPAD/SPADMIC/results/genus_osc_pd/20260601_o2_raw_tag_genus/timing_violations.rpt,168,VIOLATED,-2334,clk_osc_fast_tap3,clk_osc_fast_tap3,clk_osc_fast_tap3,(R) u_core_gen_pd_row[0].gen_pd_col[3].u_pd/hit_latched_reg/C,(F) u_core_gen_pd_row[0].gen_pd_col[3].u_pd/nfast_hit_latched_reg[3]/D
OSC_FAST_REAL,/home/validmgr/ksabra/2026_SPAD/SPADMIC/results/genus_osc_pd/20260601_o2_raw_tag_genus/timing_violations.rpt,169,VIOLATED,-2334,clk_osc_fast_tap7,clk_osc_fast_tap7,clk_osc_fast_tap7,(R) u_core_gen_pd_row[7].gen_pd_col[7].u_pd/hit_latched_reg/C,(F) u_core_gen_pd_row[7].gen_pd_col[7].u_pd/nfast_hit_latched_reg[6]/D
OSC_FAST_REAL,/home/validmgr/ksabra/2026_SPAD/SPADMIC/results/genus_osc_pd/20260601_o2_raw_tag_genus/timing_violations.rpt,170,VIOLATED,-2334,clk_osc_fast_tap7,clk_osc_fast_tap7,clk_osc_fast_tap7,(R) u_core_gen_pd_row[7].gen_pd_col[7].u_pd/hit_latched_reg/C,(F) u_core_gen_pd_row[7].gen_pd_col[7].u_pd/nfast_hit_latched_reg[4]/D
OSC_FAST_REAL,/home/validmgr/ksabra/2026_SPAD/SPADMIC/results/genus_osc_pd/20260601_o2_raw_tag_genus/timing_violations.rpt,171,VIOLATED,-2334,clk_osc_fast_tap7,clk_osc_fast_tap7,clk_osc_fast_tap7,(R) u_core_gen_pd_row[7].gen_pd_col[7].u_pd/hit_latched_reg/C,(F) u_core_gen_pd_row[7].gen_pd_col[7].u_pd/nfast_hit_latched_reg[2]/D
OSC_FAST_REAL,/home/validmgr/ksabra/2026_SPAD/SPADMIC/results/genus_osc_pd/20260601_o2_raw_tag_genus/timing_violations.rpt,172,VIOLATED,-2334,clk_osc_fast_tap7,clk_osc_fast_tap7,clk_osc_fast_tap7,(R) u_core_gen_pd_row[7].gen_pd_col[7].u_pd/hit_latched_reg/C,(F) u_core_gen_pd_row[7].gen_pd_col[7].u_pd/nfast_hit_latched_reg[1]/D
OSC_FAST_REAL,/home/validmgr/ksabra/2026_SPAD/SPADMIC/results/genus_osc_pd/20260601_o2_raw_tag_genus/timing_violations.rpt,173,VIOLATED,-2334,clk_osc_fast_tap5,clk_osc_fast_tap5,clk_osc_fast_tap5,(R) u_core_gen_pd_row[7].gen_pd_col[5].u_pd/hit_latched_reg/C,(F) u_core_gen_pd_row[7].gen_pd_col[5].u_pd/nfast_hit_latched_reg[6]/D
OSC_FAST_REAL,/home/validmgr/ksabra/2026_SPAD/SPADMIC/results/genus_osc_pd/20260601_o2_raw_tag_genus/timing_violations.rpt,174,VIOLATED,-2334,clk_osc_fast_tap5,clk_osc_fast_tap5,clk_osc_fast_tap5,(R) u_core_gen_pd_row[7].gen_pd_col[5].u_pd/hit_latched_reg/C,(F) u_core_gen_pd_row[7].gen_pd_col[5].u_pd/nfast_hit_latched_reg[4]/D
OSC_FAST_REAL,/home/validmgr/ksabra/2026_SPAD/SPADMIC/results/genus_osc_pd/20260601_o2_raw_tag_genus/timing_violations.rpt,175,VIOLATED,-2334,clk_osc_fast_tap5,clk_osc_fast_tap5,clk_osc_fast_tap5,(R) u_core_gen_pd_row[7].gen_pd_col[5].u_pd/hit_latched_reg/C,(F) u_core_gen_pd_row[7].gen_pd_col[5].u_pd/nfast_hit_latched_reg[2]/D
OSC_FAST_REAL,/home/validmgr/ksabra/2026_SPAD/SPADMIC/results/genus_osc_pd/20260601_o2_raw_tag_genus/timing_violations.rpt,176,VIOLATED,-2334,clk_osc_fast_tap5,clk_osc_fast_tap5,clk_osc_fast_tap5,(R) u_core_gen_pd_row[7].gen_pd_col[5].u_pd/hit_latched_reg/C,(F) u_core_gen_pd_row[7].gen_pd_col[5].u_pd/nfast_hit_latched_reg[1]/D
OSC_FAST_REAL,/home/validmgr/ksabra/2026_SPAD/SPADMIC/results/genus_osc_pd/20260601_o2_raw_tag_genus/timing_violations.rpt,177,VIOLATED,-2334,clk_osc_fast_tap4,clk_osc_fast_tap4,clk_osc_fast_tap4,(R) u_core_gen_pd_row[7].gen_pd_col[4].u_pd/hit_latched_reg/C,(F) u_core_gen_pd_row[7].gen_pd_col[4].u_pd/nfast_hit_latched_reg[6]/D
OSC_FAST_REAL,/home/validmgr/ksabra/2026_SPAD/SPADMIC/results/genus_osc_pd/20260601_o2_raw_tag_genus/timing_violations.rpt,178,VIOLATED,-2334,clk_osc_fast_tap4,clk_osc_fast_tap4,clk_osc_fast_tap4,(R) u_core_gen_pd_row[7].gen_pd_col[4].u_pd/hit_latched_reg/C,(F) u_core_gen_pd_row[7].gen_pd_col[4].u_pd/nfast_hit_latched_reg[4]/D
OSC_FAST_REAL,/home/validmgr/ksabra/2026_SPAD/SPADMIC/results/genus_osc_pd/20260601_o2_raw_tag_genus/timing_violations.rpt,179,VIOLATED,-2334,clk_osc_fast_tap4,clk_osc_fast_tap4,clk_osc_fast_tap4,(R) u_core_gen_pd_row[7].gen_pd_col[4].u_pd/hit_latched_reg/C,(F) u_core_gen_pd_row[7].gen_pd_col[4].u_pd/nfast_hit_latched_reg[2]/D
OSC_FAST_REAL,/home/validmgr/ksabra/2026_SPAD/SPADMIC/results/genus_osc_pd/20260601_o2_raw_tag_genus/timing_violations.rpt,180,VIOLATED,-2334,clk_osc_fast_tap4,clk_osc_fast_tap4,clk_osc_fast_tap4,(R) u_core_gen_pd_row[7].gen_pd_col[4].u_pd/hit_latched_reg/C,(F) u_core_gen_pd_row[7].gen_pd_col[4].u_pd/nfast_hit_latched_reg[1]/D
OSC_FAST_REAL,/home/validmgr/ksabra/2026_SPAD/SPADMIC/results/genus_osc_pd/20260601_o2_raw_tag_genus/timing_violations.rpt,181,VIOLATED,-2334,clk_osc_fast_tap3,clk_osc_fast_tap3,clk_osc_fast_tap3,(R) u_core_gen_pd_row[7].gen_pd_col[3].u_pd/hit_latched_reg/C,(F) u_core_gen_pd_row[7].gen_pd_col[3].u_pd/nfast_hit_latched_reg[6]/D
OSC_FAST_REAL,/home/validmgr/ksabra/2026_SPAD/SPADMIC/results/genus_osc_pd/20260601_o2_raw_tag_genus/timing_violations.rpt,182,VIOLATED,-2334,clk_osc_fast_tap3,clk_osc_fast_tap3,clk_osc_fast_tap3,(R) u_core_gen_pd_row[7].gen_pd_col[3].u_pd/hit_latched_reg/C,(F) u_core_gen_pd_row[7].gen_pd_col[3].u_pd/nfast_hit_latched_reg[4]/D
OSC_FAST_REAL,/home/validmgr/ksabra/2026_SPAD/SPADMIC/results/genus_osc_pd/20260601_o2_raw_tag_genus/timing_violations.rpt,183,VIOLATED,-2334,clk_osc_fast_tap3,clk_osc_fast_tap3,clk_osc_fast_tap3,(R) u_core_gen_pd_row[7].gen_pd_col[3].u_pd/hit_latched_reg/C,(F) u_core_gen_pd_row[7].gen_pd_col[3].u_pd/nfast_hit_latched_reg[2]/D
OSC_FAST_REAL,/home/validmgr/ksabra/2026_SPAD/SPADMIC/results/genus_osc_pd/20260601_o2_raw_tag_genus/timing_violations.rpt,184,VIOLATED,-2334,clk_osc_fast_tap3,clk_osc_fast_tap3,clk_osc_fast_tap3,(R) u_core_gen_pd_row[7].gen_pd_col[3].u_pd/hit_latched_reg/C,(F) u_core_gen_pd_row[7].gen_pd_col[3].u_pd/nfast_hit_latched_reg[1]/D
OSC_FAST_REAL,/home/validmgr/ksabra/2026_SPAD/SPADMIC/results/genus_osc_pd/20260601_o2_raw_tag_genus/timing_violations.rpt,185,VIOLATED,-2334,clk_osc_fast_tap7,clk_osc_fast_tap7,clk_osc_fast_tap7,(R) u_core_gen_pd_row[6].gen_pd_col[7].u_pd/hit_latched_reg/C,(F) u_core_gen_pd_row[6].gen_pd_col[7].u_pd/nfast_hit_latched_reg[6]/D
OSC_FAST_REAL,/home/validmgr/ksabra/2026_SPAD/SPADMIC/results/genus_osc_pd/20260601_o2_raw_tag_genus/timing_violations.rpt,186,VIOLATED,-2334,clk_osc_fast_tap7,clk_osc_fast_tap7,clk_osc_fast_tap7,(R) u_core_gen_pd_row[6].gen_pd_col[7].u_pd/hit_latched_reg/C,(F) u_core_gen_pd_row[6].gen_pd_col[7].u_pd/nfast_hit_latched_reg[4]/D
OSC_FAST_REAL,/home/validmgr/ksabra/2026_SPAD/SPADMIC/results/genus_osc_pd/20260601_o2_raw_tag_genus/timing_violations.rpt,187,VIOLATED,-2334,clk_osc_fast_tap7,clk_osc_fast_tap7,clk_osc_fast_tap7,(R) u_core_gen_pd_row[6].gen_pd_col[7].u_pd/hit_latched_reg/C,(F) u_core_gen_pd_row[6].gen_pd_col[7].u_pd/nfast_hit_latched_reg[2]/D
OSC_FAST_REAL,/home/validmgr/ksabra/2026_SPAD/SPADMIC/results/genus_osc_pd/20260601_o2_raw_tag_genus/timing_violations.rpt,188,VIOLATED,-2334,clk_osc_fast_tap7,clk_osc_fast_tap7,clk_osc_fast_tap7,(R) u_core_gen_pd_row[6].gen_pd_col[7].u_pd/hit_latched_reg/C,(F) u_core_gen_pd_row[6].gen_pd_col[7].u_pd/nfast_hit_latched_reg[1]/D
OSC_FAST_REAL,/home/validmgr/ksabra/2026_SPAD/SPADMIC/results/genus_osc_pd/20260601_o2_raw_tag_genus/timing_violations.rpt,189,VIOLATED,-2334,clk_osc_fast_tap4,clk_osc_fast_tap4,clk_osc_fast_tap4,(R) u_core_gen_pd_row[6].gen_pd_col[4].u_pd/hit_latched_reg/C,(F) u_core_gen_pd_row[6].gen_pd_col[4].u_pd/nfast_hit_latched_reg[6]/D
OSC_FAST_REAL,/home/validmgr/ksabra/2026_SPAD/SPADMIC/results/genus_osc_pd/20260601_o2_raw_tag_genus/timing_violations.rpt,190,VIOLATED,-2334,clk_osc_fast_tap4,clk_osc_fast_tap4,clk_osc_fast_tap4,(R) u_core_gen_pd_row[6].gen_pd_col[4].u_pd/hit_latched_reg/C,(F) u_core_gen_pd_row[6].gen_pd_col[4].u_pd/nfast_hit_latched_reg[4]/D
OSC_FAST_REAL,/home/validmgr/ksabra/2026_SPAD/SPADMIC/results/genus_osc_pd/20260601_o2_raw_tag_genus/timing_violations.rpt,191,VIOLATED,-2334,clk_osc_fast_tap4,clk_osc_fast_tap4,clk_osc_fast_tap4,(R) u_core_gen_pd_row[6].gen_pd_col[4].u_pd/hit_latched_reg/C,(F) u_core_gen_pd_row[6].gen_pd_col[4].u_pd/nfast_hit_latched_reg[2]/D
OSC_FAST_REAL,/home/validmgr/ksabra/2026_SPAD/SPADMIC/results/genus_osc_pd/20260601_o2_raw_tag_genus/timing_violations.rpt,192,VIOLATED,-2334,clk_osc_fast_tap4,clk_osc_fast_tap4,clk_osc_fast_tap4,(R) u_core_gen_pd_row[6].gen_pd_col[4].u_pd/hit_latched_reg/C,(F) u_core_gen_pd_row[6].gen_pd_col[4].u_pd/nfast_hit_latched_reg[1]/D
OSC_FAST_REAL,/home/validmgr/ksabra/2026_SPAD/SPADMIC/results/genus_osc_pd/20260601_o2_raw_tag_genus/timing_violations.rpt,193,VIOLATED,-2334,clk_osc_fast_tap3,clk_osc_fast_tap3,clk_osc_fast_tap3,(R) u_core_gen_pd_row[6].gen_pd_col[3].u_pd/hit_latched_reg/C,(F) u_core_gen_pd_row[6].gen_pd_col[3].u_pd/nfast_hit_latched_reg[6]/D
OSC_FAST_REAL,/home/validmgr/ksabra/2026_SPAD/SPADMIC/results/genus_osc_pd/20260601_o2_raw_tag_genus/timing_violations.rpt,194,VIOLATED,-2334,clk_osc_fast_tap3,clk_osc_fast_tap3,clk_osc_fast_tap3,(R) u_core_gen_pd_row[6].gen_pd_col[3].u_pd/hit_latched_reg/C,(F) u_core_gen_pd_row[6].gen_pd_col[3].u_pd/nfast_hit_latched_reg[4]/D
OSC_FAST_REAL,/home/validmgr/ksabra/2026_SPAD/SPADMIC/results/genus_osc_pd/20260601_o2_raw_tag_genus/timing_violations.rpt,195,VIOLATED,-2334,clk_osc_fast_tap3,clk_osc_fast_tap3,clk_osc_fast_tap3,(R) u_core_gen_pd_row[6].gen_pd_col[3].u_pd/hit_latched_reg/C,(F) u_core_gen_pd_row[6].gen_pd_col[3].u_pd/nfast_hit_latched_reg[2]/D
OSC_FAST_REAL,/home/validmgr/ksabra/2026_SPAD/SPADMIC/results/genus_osc_pd/20260601_o2_raw_tag_genus/timing_violations.rpt,196,VIOLATED,-2334,clk_osc_fast_tap3,clk_osc_fast_tap3,clk_osc_fast_tap3,(R) u_core_gen_pd_row[6].gen_pd_col[3].u_pd/hit_latched_reg/C,(F) u_core_gen_pd_row[6].gen_pd_col[3].u_pd/nfast_hit_latched_reg[1]/D
OSC_FAST_REAL,/home/validmgr/ksabra/2026_SPAD/SPADMIC/results/genus_osc_pd/20260601_o2_raw_tag_genus/timing_violations.rpt,197,VIOLATED,-2334,clk_osc_fast_tap1,clk_osc_fast_tap1,clk_osc_fast_tap1,(R) u_core_gen_pd_row[6].gen_pd_col[1].u_pd/hit_latched_reg/C,(F) u_core_gen_pd_row[6].gen_pd_col[1].u_pd/nfast_hit_latched_reg[6]/D
OSC_FAST_REAL,/home/validmgr/ksabra/2026_SPAD/SPADMIC/results/genus_osc_pd/20260601_o2_raw_tag_genus/timing_violations.rpt,198,VIOLATED,-2334,clk_osc_fast_tap1,clk_osc_fast_tap1,clk_osc_fast_tap1,(R) u_core_gen_pd_row[6].gen_pd_col[1].u_pd/hit_latched_reg/C,(F) u_core_gen_pd_row[6].gen_pd_col[1].u_pd/nfast_hit_latched_reg[4]/D
OSC_FAST_REAL,/home/validmgr/ksabra/2026_SPAD/SPADMIC/results/genus_osc_pd/20260601_o2_raw_tag_genus/timing_violations.rpt,199,VIOLATED,-2334,clk_osc_fast_tap1,clk_osc_fast_tap1,clk_osc_fast_tap1,(R) u_core_gen_pd_row[6].gen_pd_col[1].u_pd/hit_latched_reg/C,(F) u_core_gen_pd_row[6].gen_pd_col[1].u_pd/nfast_hit_latched_reg[2]/D
OSC_FAST_REAL,/home/validmgr/ksabra/2026_SPAD/SPADMIC/results/genus_osc_pd/20260601_o2_raw_tag_genus/timing_violations.rpt,200,VIOLATED,-2334,clk_osc_fast_tap1,clk_osc_fast_tap1,clk_osc_fast_tap1,(R) u_core_gen_pd_row[6].gen_pd_col[1].u_pd/hit_latched_reg/C,(F) u_core_gen_pd_row[6].gen_pd_col[1].u_pd/nfast_hit_latched_reg[1]/D
OSC_SLOW_REAL,/home/validmgr/ksabra/2026_SPAD/SPADMIC/results/genus_osc_pd/20260601_o2_raw_tag_genus/timing_osc_fast_full_clock.rpt,1,VIOLATED,-2582,clk_osc_fast,clk_osc_fast,clk_osc_fast,(R) u_core_u_slow_cnt_gray_snap_ff2_async_reg[5]/C,(F) u_core_u_slow_cnt_dst_count_latched_reg[0]/D
OSC_SLOW_REAL,/home/validmgr/ksabra/2026_SPAD/SPADMIC/results/genus_osc_pd/20260601_o2_raw_tag_genus/timing_osc_fast_full_clock.rpt,2,VIOLATED,-2570,clk_osc_fast,clk_osc_fast,clk_osc_fast,(R) u_core_u_slow_cnt_gray_snap_ff2_async_reg[3]/C,(F) u_core_u_slow_cnt_dst_count_latched_reg[2]/D
OSC_SLOW_REAL,/home/validmgr/ksabra/2026_SPAD/SPADMIC/results/genus_osc_pd/20260601_o2_raw_tag_genus/timing_osc_fast_full_clock.rpt,3,VIOLATED,-2555,clk_osc_fast,clk_osc_fast,clk_osc_fast,(R) u_core_u_slow_cnt_gray_snap_ff2_async_reg[5]/C,(F) u_core_u_slow_cnt_dst_count_latched_reg[1]/D
OSC_FAST_REAL,/home/validmgr/ksabra/2026_SPAD/SPADMIC/results/genus_osc_pd/20260601_o2_raw_tag_genus/timing_osc_fast_full_clock.rpt,4,VIOLATED,-2487,clk_osc_fast,clk_osc_fast,clk_osc_fast,(R) u_core_gen_pd_row[0].gen_pd_col[0].u_pd/q2_reg/C,(F) u_core_gen_pd_row[0].gen_pd_col[0].u_pd/nfast_hit_latched_reg[6]/D
OSC_FAST_REAL,/home/validmgr/ksabra/2026_SPAD/SPADMIC/results/genus_osc_pd/20260601_o2_raw_tag_genus/timing_osc_fast_full_clock.rpt,5,VIOLATED,-2487,clk_osc_fast,clk_osc_fast,clk_osc_fast,(R) u_core_gen_pd_row[0].gen_pd_col[0].u_pd/q2_reg/C,(F) u_core_gen_pd_row[0].gen_pd_col[0].u_pd/nfast_hit_latched_reg[3]/D
OSC_FAST_REAL,/home/validmgr/ksabra/2026_SPAD/SPADMIC/results/genus_osc_pd/20260601_o2_raw_tag_genus/timing_osc_fast_full_clock.rpt,6,VIOLATED,-2487,clk_osc_fast,clk_osc_fast,clk_osc_fast,(R) u_core_gen_pd_row[0].gen_pd_col[0].u_pd/q2_reg/C,(F) u_core_gen_pd_row[0].gen_pd_col[0].u_pd/nfast_hit_latched_reg[1]/D
OSC_FAST_REAL,/home/validmgr/ksabra/2026_SPAD/SPADMIC/results/genus_osc_pd/20260601_o2_raw_tag_genus/timing_osc_fast_full_clock.rpt,7,VIOLATED,-2487,clk_osc_fast,clk_osc_fast,clk_osc_fast,(R) u_core_gen_pd_row[0].gen_pd_col[0].u_pd/q2_reg/C,(F) u_core_gen_pd_row[0].gen_pd_col[0].u_pd/nfast_hit_latched_reg[0]/D
OSC_FAST_REAL,/home/validmgr/ksabra/2026_SPAD/SPADMIC/results/genus_osc_pd/20260601_o2_raw_tag_genus/timing_osc_fast_full_clock.rpt,8,VIOLATED,-2461,clk_osc_fast,clk_osc_fast,clk_osc_fast,(R) u_core_gen_pd_row[0].gen_pd_col[0].u_pd/q2_reg/C,(F) u_core_gen_pd_row[0].gen_pd_col[0].u_pd/nfast_hit_latched_reg[4]/D
OSC_FAST_REAL,/home/validmgr/ksabra/2026_SPAD/SPADMIC/results/genus_osc_pd/20260601_o2_raw_tag_genus/timing_osc_fast_full_clock.rpt,9,VIOLATED,-2461,clk_osc_fast,clk_osc_fast,clk_osc_fast,(R) u_core_gen_pd_row[0].gen_pd_col[0].u_pd/q2_reg/C,(F) u_core_gen_pd_row[0].gen_pd_col[0].u_pd/nfast_hit_latched_reg[5]/D
OSC_FAST_REAL,/home/validmgr/ksabra/2026_SPAD/SPADMIC/results/genus_osc_pd/20260601_o2_raw_tag_genus/timing_osc_fast_full_clock.rpt,10,VIOLATED,-2461,clk_osc_fast,clk_osc_fast,clk_osc_fast,(R) u_core_gen_pd_row[0].gen_pd_col[0].u_pd/q2_reg/C,(F) u_core_gen_pd_row[0].gen_pd_col[0].u_pd/nfast_hit_latched_reg[2]/D
OSC_FAST_REAL,/home/validmgr/ksabra/2026_SPAD/SPADMIC/results/genus_osc_pd/20260601_o2_raw_tag_genus/timing_osc_fast_full_clock.rpt,11,VIOLATED,-2452,clk_osc_fast,clk_osc_fast,clk_osc_fast,(R) u_core_gen_pd_row[7].gen_pd_col[0].u_pd/q1_reg/C,(F) u_core_gen_pd_row[7].gen_pd_col[0].u_pd/nfast_hit_latched_reg[6]/D
OSC_FAST_REAL,/home/validmgr/ksabra/2026_SPAD/SPADMIC/results/genus_osc_pd/20260601_o2_raw_tag_genus/timing_osc_fast_full_clock.rpt,12,VIOLATED,-2452,clk_osc_fast,clk_osc_fast,clk_osc_fast,(R) u_core_gen_pd_row[7].gen_pd_col[0].u_pd/q1_reg/C,(F) u_core_gen_pd_row[7].gen_pd_col[0].u_pd/nfast_hit_latched_reg[3]/D
OSC_FAST_REAL,/home/validmgr/ksabra/2026_SPAD/SPADMIC/results/genus_osc_pd/20260601_o2_raw_tag_genus/timing_osc_fast_full_clock.rpt,13,VIOLATED,-2452,clk_osc_fast,clk_osc_fast,clk_osc_fast,(R) u_core_gen_pd_row[7].gen_pd_col[0].u_pd/q1_reg/C,(F) u_core_gen_pd_row[7].gen_pd_col[0].u_pd/nfast_hit_latched_reg[4]/D
OSC_FAST_REAL,/home/validmgr/ksabra/2026_SPAD/SPADMIC/results/genus_osc_pd/20260601_o2_raw_tag_genus/timing_osc_fast_full_clock.rpt,14,VIOLATED,-2452,clk_osc_fast,clk_osc_fast,clk_osc_fast,(R) u_core_gen_pd_row[7].gen_pd_col[0].u_pd/q1_reg/C,(F) u_core_gen_pd_row[7].gen_pd_col[0].u_pd/nfast_hit_latched_reg[5]/D
OSC_FAST_REAL,/home/validmgr/ksabra/2026_SPAD/SPADMIC/results/genus_osc_pd/20260601_o2_raw_tag_genus/timing_osc_fast_full_clock.rpt,15,VIOLATED,-2452,clk_osc_fast,clk_osc_fast,clk_osc_fast,(R) u_core_gen_pd_row[7].gen_pd_col[0].u_pd/q1_reg/C,(F) u_core_gen_pd_row[7].gen_pd_col[0].u_pd/nfast_hit_latched_reg[2]/D
OSC_FAST_REAL,/home/validmgr/ksabra/2026_SPAD/SPADMIC/results/genus_osc_pd/20260601_o2_raw_tag_genus/timing_osc_fast_full_clock.rpt,16,VIOLATED,-2452,clk_osc_fast,clk_osc_fast,clk_osc_fast,(R) u_core_gen_pd_row[7].gen_pd_col[0].u_pd/q1_reg/C,(F) u_core_gen_pd_row[7].gen_pd_col[0].u_pd/nfast_hit_latched_reg[1]/D
OSC_FAST_REAL,/home/validmgr/ksabra/2026_SPAD/SPADMIC/results/genus_osc_pd/20260601_o2_raw_tag_genus/timing_osc_fast_full_clock.rpt,17,VIOLATED,-2452,clk_osc_fast,clk_osc_fast,clk_osc_fast,(R) u_core_gen_pd_row[7].gen_pd_col[0].u_pd/q1_reg/C,(F) u_core_gen_pd_row[7].gen_pd_col[0].u_pd/nfast_hit_latched_reg[0]/D
OSC_FAST_REAL,/home/validmgr/ksabra/2026_SPAD/SPADMIC/results/genus_osc_pd/20260601_o2_raw_tag_genus/timing_osc_fast_full_clock.rpt,18,VIOLATED,-2452,clk_osc_fast,clk_osc_fast,clk_osc_fast,(R) u_core_gen_pd_row[6].gen_pd_col[0].u_pd/q1_reg/C,(F) u_core_gen_pd_row[6].gen_pd_col[0].u_pd/nfast_hit_latched_reg[6]/D
OSC_FAST_REAL,/home/validmgr/ksabra/2026_SPAD/SPADMIC/results/genus_osc_pd/20260601_o2_raw_tag_genus/timing_osc_fast_full_clock.rpt,19,VIOLATED,-2452,clk_osc_fast,clk_osc_fast,clk_osc_fast,(R) u_core_gen_pd_row[6].gen_pd_col[0].u_pd/q1_reg/C,(F) u_core_gen_pd_row[6].gen_pd_col[0].u_pd/nfast_hit_latched_reg[3]/D
OSC_FAST_REAL,/home/validmgr/ksabra/2026_SPAD/SPADMIC/results/genus_osc_pd/20260601_o2_raw_tag_genus/timing_osc_fast_full_clock.rpt,20,VIOLATED,-2452,clk_osc_fast,clk_osc_fast,clk_osc_fast,(R) u_core_gen_pd_row[6].gen_pd_col[0].u_pd/q1_reg/C,(F) u_core_gen_pd_row[6].gen_pd_col[0].u_pd/nfast_hit_latched_reg[4]/D
OSC_FAST_REAL,/home/validmgr/ksabra/2026_SPAD/SPADMIC/results/genus_osc_pd/20260601_o2_raw_tag_genus/timing_osc_fast_full_clock.rpt,21,VIOLATED,-2452,clk_osc_fast,clk_osc_fast,clk_osc_fast,(R) u_core_gen_pd_row[6].gen_pd_col[0].u_pd/q1_reg/C,(F) u_core_gen_pd_row[6].gen_pd_col[0].u_pd/nfast_hit_latched_reg[5]/D
OSC_FAST_REAL,/home/validmgr/ksabra/2026_SPAD/SPADMIC/results/genus_osc_pd/20260601_o2_raw_tag_genus/timing_osc_fast_full_clock.rpt,22,VIOLATED,-2452,clk_osc_fast,clk_osc_fast,clk_osc_fast,(R) u_core_gen_pd_row[6].gen_pd_col[0].u_pd/q1_reg/C,(F) u_core_gen_pd_row[6].gen_pd_col[0].u_pd/nfast_hit_latched_reg[2]/D
OSC_FAST_REAL,/home/validmgr/ksabra/2026_SPAD/SPADMIC/results/genus_osc_pd/20260601_o2_raw_tag_genus/timing_osc_fast_full_clock.rpt,23,VIOLATED,-2452,clk_osc_fast,clk_osc_fast,clk_osc_fast,(R) u_core_gen_pd_row[6].gen_pd_col[0].u_pd/q1_reg/C,(F) u_core_gen_pd_row[6].gen_pd_col[0].u_pd/nfast_hit_latched_reg[1]/D
OSC_FAST_REAL,/home/validmgr/ksabra/2026_SPAD/SPADMIC/results/genus_osc_pd/20260601_o2_raw_tag_genus/timing_osc_fast_full_clock.rpt,24,VIOLATED,-2452,clk_osc_fast,clk_osc_fast,clk_osc_fast,(R) u_core_gen_pd_row[6].gen_pd_col[0].u_pd/q1_reg/C,(F) u_core_gen_pd_row[6].gen_pd_col[0].u_pd/nfast_hit_latched_reg[0]/D
OSC_FAST_REAL,/home/validmgr/ksabra/2026_SPAD/SPADMIC/results/genus_osc_pd/20260601_o2_raw_tag_genus/timing_osc_fast_full_clock.rpt,25,VIOLATED,-2452,clk_osc_fast,clk_osc_fast,clk_osc_fast,(R) u_core_gen_pd_row[5].gen_pd_col[0].u_pd/q1_reg/C,(F) u_core_gen_pd_row[5].gen_pd_col[0].u_pd/nfast_hit_latched_reg[6]/D
OSC_FAST_REAL,/home/validmgr/ksabra/2026_SPAD/SPADMIC/results/genus_osc_pd/20260601_o2_raw_tag_genus/timing_osc_fast_full_clock.rpt,26,VIOLATED,-2452,clk_osc_fast,clk_osc_fast,clk_osc_fast,(R) u_core_gen_pd_row[5].gen_pd_col[0].u_pd/q1_reg/C,(F) u_core_gen_pd_row[5].gen_pd_col[0].u_pd/nfast_hit_latched_reg[3]/D
OSC_FAST_REAL,/home/validmgr/ksabra/2026_SPAD/SPADMIC/results/genus_osc_pd/20260601_o2_raw_tag_genus/timing_osc_fast_full_clock.rpt,27,VIOLATED,-2452,clk_osc_fast,clk_osc_fast,clk_osc_fast,(R) u_core_gen_pd_row[5].gen_pd_col[0].u_pd/q1_reg/C,(F) u_core_gen_pd_row[5].gen_pd_col[0].u_pd/nfast_hit_latched_reg[4]/D
OSC_FAST_REAL,/home/validmgr/ksabra/2026_SPAD/SPADMIC/results/genus_osc_pd/20260601_o2_raw_tag_genus/timing_osc_fast_full_clock.rpt,28,VIOLATED,-2452,clk_osc_fast,clk_osc_fast,clk_osc_fast,(R) u_core_gen_pd_row[5].gen_pd_col[0].u_pd/q1_reg/C,(F) u_core_gen_pd_row[5].gen_pd_col[0].u_pd/nfast_hit_latched_reg[5]/D
OSC_FAST_REAL,/home/validmgr/ksabra/2026_SPAD/SPADMIC/results/genus_osc_pd/20260601_o2_raw_tag_genus/timing_osc_fast_full_clock.rpt,29,VIOLATED,-2452,clk_osc_fast,clk_osc_fast,clk_osc_fast,(R) u_core_gen_pd_row[5].gen_pd_col[0].u_pd/q1_reg/C,(F) u_core_gen_pd_row[5].gen_pd_col[0].u_pd/nfast_hit_latched_reg[2]/D
OSC_FAST_REAL,/home/validmgr/ksabra/2026_SPAD/SPADMIC/results/genus_osc_pd/20260601_o2_raw_tag_genus/timing_osc_fast_full_clock.rpt,30,VIOLATED,-2452,clk_osc_fast,clk_osc_fast,clk_osc_fast,(R) u_core_gen_pd_row[5].gen_pd_col[0].u_pd/q1_reg/C,(F) u_core_gen_pd_row[5].gen_pd_col[0].u_pd/nfast_hit_latched_reg[1]/D
OSC_FAST_REAL,/home/validmgr/ksabra/2026_SPAD/SPADMIC/results/genus_osc_pd/20260601_o2_raw_tag_genus/timing_osc_fast_full_clock.rpt,31,VIOLATED,-2452,clk_osc_fast,clk_osc_fast,clk_osc_fast,(R) u_core_gen_pd_row[5].gen_pd_col[0].u_pd/q1_reg/C,(F) u_core_gen_pd_row[5].gen_pd_col[0].u_pd/nfast_hit_latched_reg[0]/D
OSC_FAST_REAL,/home/validmgr/ksabra/2026_SPAD/SPADMIC/results/genus_osc_pd/20260601_o2_raw_tag_genus/timing_osc_fast_full_clock.rpt,32,VIOLATED,-2452,clk_osc_fast,clk_osc_fast,clk_osc_fast,(R) u_core_gen_pd_row[4].gen_pd_col[0].u_pd/q1_reg/C,(F) u_core_gen_pd_row[4].gen_pd_col[0].u_pd/nfast_hit_latched_reg[6]/D
OSC_FAST_REAL,/home/validmgr/ksabra/2026_SPAD/SPADMIC/results/genus_osc_pd/20260601_o2_raw_tag_genus/timing_osc_fast_full_clock.rpt,33,VIOLATED,-2452,clk_osc_fast,clk_osc_fast,clk_osc_fast,(R) u_core_gen_pd_row[4].gen_pd_col[0].u_pd/q1_reg/C,(F) u_core_gen_pd_row[4].gen_pd_col[0].u_pd/nfast_hit_latched_reg[3]/D
OSC_FAST_REAL,/home/validmgr/ksabra/2026_SPAD/SPADMIC/results/genus_osc_pd/20260601_o2_raw_tag_genus/timing_osc_fast_full_clock.rpt,34,VIOLATED,-2452,clk_osc_fast,clk_osc_fast,clk_osc_fast,(R) u_core_gen_pd_row[4].gen_pd_col[0].u_pd/q1_reg/C,(F) u_core_gen_pd_row[4].gen_pd_col[0].u_pd/nfast_hit_latched_reg[4]/D
OSC_FAST_REAL,/home/validmgr/ksabra/2026_SPAD/SPADMIC/results/genus_osc_pd/20260601_o2_raw_tag_genus/timing_osc_fast_full_clock.rpt,35,VIOLATED,-2452,clk_osc_fast,clk_osc_fast,clk_osc_fast,(R) u_core_gen_pd_row[4].gen_pd_col[0].u_pd/q1_reg/C,(F) u_core_gen_pd_row[4].gen_pd_col[0].u_pd/nfast_hit_latched_reg[5]/D
OSC_FAST_REAL,/home/validmgr/ksabra/2026_SPAD/SPADMIC/results/genus_osc_pd/20260601_o2_raw_tag_genus/timing_osc_fast_full_clock.rpt,36,VIOLATED,-2452,clk_osc_fast,clk_osc_fast,clk_osc_fast,(R) u_core_gen_pd_row[4].gen_pd_col[0].u_pd/q1_reg/C,(F) u_core_gen_pd_row[4].gen_pd_col[0].u_pd/nfast_hit_latched_reg[2]/D
OSC_FAST_REAL,/home/validmgr/ksabra/2026_SPAD/SPADMIC/results/genus_osc_pd/20260601_o2_raw_tag_genus/timing_osc_fast_full_clock.rpt,37,VIOLATED,-2452,clk_osc_fast,clk_osc_fast,clk_osc_fast,(R) u_core_gen_pd_row[4].gen_pd_col[0].u_pd/q1_reg/C,(F) u_core_gen_pd_row[4].gen_pd_col[0].u_pd/nfast_hit_latched_reg[1]/D
OSC_FAST_REAL,/home/validmgr/ksabra/2026_SPAD/SPADMIC/results/genus_osc_pd/20260601_o2_raw_tag_genus/timing_osc_fast_full_clock.rpt,38,VIOLATED,-2452,clk_osc_fast,clk_osc_fast,clk_osc_fast,(R) u_core_gen_pd_row[4].gen_pd_col[0].u_pd/q1_reg/C,(F) u_core_gen_pd_row[4].gen_pd_col[0].u_pd/nfast_hit_latched_reg[0]/D
OSC_FAST_REAL,/home/validmgr/ksabra/2026_SPAD/SPADMIC/results/genus_osc_pd/20260601_o2_raw_tag_genus/timing_osc_fast_full_clock.rpt,39,VIOLATED,-2452,clk_osc_fast,clk_osc_fast,clk_osc_fast,(R) u_core_gen_pd_row[3].gen_pd_col[0].u_pd/q1_reg/C,(F) u_core_gen_pd_row[3].gen_pd_col[0].u_pd/nfast_hit_latched_reg[6]/D
OSC_FAST_REAL,/home/validmgr/ksabra/2026_SPAD/SPADMIC/results/genus_osc_pd/20260601_o2_raw_tag_genus/timing_osc_fast_full_clock.rpt,40,VIOLATED,-2452,clk_osc_fast,clk_osc_fast,clk_osc_fast,(R) u_core_gen_pd_row[3].gen_pd_col[0].u_pd/q1_reg/C,(F) u_core_gen_pd_row[3].gen_pd_col[0].u_pd/nfast_hit_latched_reg[3]/D
OSC_FAST_REAL,/home/validmgr/ksabra/2026_SPAD/SPADMIC/results/genus_osc_pd/20260601_o2_raw_tag_genus/timing_osc_fast_full_clock.rpt,41,VIOLATED,-2452,clk_osc_fast,clk_osc_fast,clk_osc_fast,(R) u_core_gen_pd_row[3].gen_pd_col[0].u_pd/q1_reg/C,(F) u_core_gen_pd_row[3].gen_pd_col[0].u_pd/nfast_hit_latched_reg[4]/D
OSC_FAST_REAL,/home/validmgr/ksabra/2026_SPAD/SPADMIC/results/genus_osc_pd/20260601_o2_raw_tag_genus/timing_osc_fast_full_clock.rpt,42,VIOLATED,-2452,clk_osc_fast,clk_osc_fast,clk_osc_fast,(R) u_core_gen_pd_row[3].gen_pd_col[0].u_pd/q1_reg/C,(F) u_core_gen_pd_row[3].gen_pd_col[0].u_pd/nfast_hit_latched_reg[5]/D
OSC_FAST_REAL,/home/validmgr/ksabra/2026_SPAD/SPADMIC/results/genus_osc_pd/20260601_o2_raw_tag_genus/timing_osc_fast_full_clock.rpt,43,VIOLATED,-2452,clk_osc_fast,clk_osc_fast,clk_osc_fast,(R) u_core_gen_pd_row[3].gen_pd_col[0].u_pd/q1_reg/C,(F) u_core_gen_pd_row[3].gen_pd_col[0].u_pd/nfast_hit_latched_reg[2]/D
OSC_FAST_REAL,/home/validmgr/ksabra/2026_SPAD/SPADMIC/results/genus_osc_pd/20260601_o2_raw_tag_genus/timing_osc_fast_full_clock.rpt,44,VIOLATED,-2452,clk_osc_fast,clk_osc_fast,clk_osc_fast,(R) u_core_gen_pd_row[3].gen_pd_col[0].u_pd/q1_reg/C,(F) u_core_gen_pd_row[3].gen_pd_col[0].u_pd/nfast_hit_latched_reg[1]/D
OSC_FAST_REAL,/home/validmgr/ksabra/2026_SPAD/SPADMIC/results/genus_osc_pd/20260601_o2_raw_tag_genus/timing_osc_fast_full_clock.rpt,45,VIOLATED,-2452,clk_osc_fast,clk_osc_fast,clk_osc_fast,(R) u_core_gen_pd_row[3].gen_pd_col[0].u_pd/q1_reg/C,(F) u_core_gen_pd_row[3].gen_pd_col[0].u_pd/nfast_hit_latched_reg[0]/D
OSC_FAST_REAL,/home/validmgr/ksabra/2026_SPAD/SPADMIC/results/genus_osc_pd/20260601_o2_raw_tag_genus/timing_osc_fast_full_clock.rpt,46,VIOLATED,-2452,clk_osc_fast,clk_osc_fast,clk_osc_fast,(R) u_core_gen_pd_row[2].gen_pd_col[0].u_pd/q1_reg/C,(F) u_core_gen_pd_row[2].gen_pd_col[0].u_pd/nfast_hit_latched_reg[6]/D
OSC_FAST_REAL,/home/validmgr/ksabra/2026_SPAD/SPADMIC/results/genus_osc_pd/20260601_o2_raw_tag_genus/timing_osc_fast_full_clock.rpt,47,VIOLATED,-2452,clk_osc_fast,clk_osc_fast,clk_osc_fast,(R) u_core_gen_pd_row[2].gen_pd_col[0].u_pd/q1_reg/C,(F) u_core_gen_pd_row[2].gen_pd_col[0].u_pd/nfast_hit_latched_reg[3]/D
OSC_FAST_REAL,/home/validmgr/ksabra/2026_SPAD/SPADMIC/results/genus_osc_pd/20260601_o2_raw_tag_genus/timing_osc_fast_full_clock.rpt,48,VIOLATED,-2452,clk_osc_fast,clk_osc_fast,clk_osc_fast,(R) u_core_gen_pd_row[2].gen_pd_col[0].u_pd/q1_reg/C,(F) u_core_gen_pd_row[2].gen_pd_col[0].u_pd/nfast_hit_latched_reg[4]/D
OSC_FAST_REAL,/home/validmgr/ksabra/2026_SPAD/SPADMIC/results/genus_osc_pd/20260601_o2_raw_tag_genus/timing_osc_fast_full_clock.rpt,49,VIOLATED,-2452,clk_osc_fast,clk_osc_fast,clk_osc_fast,(R) u_core_gen_pd_row[2].gen_pd_col[0].u_pd/q1_reg/C,(F) u_core_gen_pd_row[2].gen_pd_col[0].u_pd/nfast_hit_latched_reg[5]/D
OSC_FAST_REAL,/home/validmgr/ksabra/2026_SPAD/SPADMIC/results/genus_osc_pd/20260601_o2_raw_tag_genus/timing_osc_fast_full_clock.rpt,50,VIOLATED,-2452,clk_osc_fast,clk_osc_fast,clk_osc_fast,(R) u_core_gen_pd_row[2].gen_pd_col[0].u_pd/q1_reg/C,(F) u_core_gen_pd_row[2].gen_pd_col[0].u_pd/nfast_hit_latched_reg[2]/D
OSC_FAST_REAL,/home/validmgr/ksabra/2026_SPAD/SPADMIC/results/genus_osc_pd/20260601_o2_raw_tag_genus/timing_osc_fast_full_clock.rpt,51,VIOLATED,-2452,clk_osc_fast,clk_osc_fast,clk_osc_fast,(R) u_core_gen_pd_row[2].gen_pd_col[0].u_pd/q1_reg/C,(F) u_core_gen_pd_row[2].gen_pd_col[0].u_pd/nfast_hit_latched_reg[1]/D
OSC_FAST_REAL,/home/validmgr/ksabra/2026_SPAD/SPADMIC/results/genus_osc_pd/20260601_o2_raw_tag_genus/timing_osc_fast_full_clock.rpt,52,VIOLATED,-2452,clk_osc_fast,clk_osc_fast,clk_osc_fast,(R) u_core_gen_pd_row[2].gen_pd_col[0].u_pd/q1_reg/C,(F) u_core_gen_pd_row[2].gen_pd_col[0].u_pd/nfast_hit_latched_reg[0]/D
OSC_FAST_REAL,/home/validmgr/ksabra/2026_SPAD/SPADMIC/results/genus_osc_pd/20260601_o2_raw_tag_genus/timing_osc_fast_full_clock.rpt,53,VIOLATED,-2452,clk_osc_fast,clk_osc_fast,clk_osc_fast,(R) u_core_gen_pd_row[1].gen_pd_col[0].u_pd/q1_reg/C,(F) u_core_gen_pd_row[1].gen_pd_col[0].u_pd/nfast_hit_latched_reg[6]/D
OSC_FAST_REAL,/home/validmgr/ksabra/2026_SPAD/SPADMIC/results/genus_osc_pd/20260601_o2_raw_tag_genus/timing_osc_fast_full_clock.rpt,54,VIOLATED,-2452,clk_osc_fast,clk_osc_fast,clk_osc_fast,(R) u_core_gen_pd_row[1].gen_pd_col[0].u_pd/q1_reg/C,(F) u_core_gen_pd_row[1].gen_pd_col[0].u_pd/nfast_hit_latched_reg[3]/D
OSC_FAST_REAL,/home/validmgr/ksabra/2026_SPAD/SPADMIC/results/genus_osc_pd/20260601_o2_raw_tag_genus/timing_osc_fast_full_clock.rpt,55,VIOLATED,-2452,clk_osc_fast,clk_osc_fast,clk_osc_fast,(R) u_core_gen_pd_row[1].gen_pd_col[0].u_pd/q1_reg/C,(F) u_core_gen_pd_row[1].gen_pd_col[0].u_pd/nfast_hit_latched_reg[4]/D
OSC_FAST_REAL,/home/validmgr/ksabra/2026_SPAD/SPADMIC/results/genus_osc_pd/20260601_o2_raw_tag_genus/timing_osc_fast_full_clock.rpt,56,VIOLATED,-2452,clk_osc_fast,clk_osc_fast,clk_osc_fast,(R) u_core_gen_pd_row[1].gen_pd_col[0].u_pd/q1_reg/C,(F) u_core_gen_pd_row[1].gen_pd_col[0].u_pd/nfast_hit_latched_reg[5]/D
OSC_FAST_REAL,/home/validmgr/ksabra/2026_SPAD/SPADMIC/results/genus_osc_pd/20260601_o2_raw_tag_genus/timing_osc_fast_full_clock.rpt,57,VIOLATED,-2452,clk_osc_fast,clk_osc_fast,clk_osc_fast,(R) u_core_gen_pd_row[1].gen_pd_col[0].u_pd/q1_reg/C,(F) u_core_gen_pd_row[1].gen_pd_col[0].u_pd/nfast_hit_latched_reg[2]/D
OSC_FAST_REAL,/home/validmgr/ksabra/2026_SPAD/SPADMIC/results/genus_osc_pd/20260601_o2_raw_tag_genus/timing_osc_fast_full_clock.rpt,58,VIOLATED,-2452,clk_osc_fast,clk_osc_fast,clk_osc_fast,(R) u_core_gen_pd_row[1].gen_pd_col[0].u_pd/q1_reg/C,(F) u_core_gen_pd_row[1].gen_pd_col[0].u_pd/nfast_hit_latched_reg[1]/D
OSC_FAST_REAL,/home/validmgr/ksabra/2026_SPAD/SPADMIC/results/genus_osc_pd/20260601_o2_raw_tag_genus/timing_osc_fast_full_clock.rpt,59,VIOLATED,-2452,clk_osc_fast,clk_osc_fast,clk_osc_fast,(R) u_core_gen_pd_row[1].gen_pd_col[0].u_pd/q1_reg/C,(F) u_core_gen_pd_row[1].gen_pd_col[0].u_pd/nfast_hit_latched_reg[0]/D
OSC_SLOW_REAL,/home/validmgr/ksabra/2026_SPAD/SPADMIC/results/genus_osc_pd/20260601_o2_raw_tag_genus/timing_osc_fast_full_clock.rpt,60,VIOLATED,-2390,clk_osc_fast,clk_osc_fast,clk_osc_fast,(R) u_core_u_slow_cnt_gray_snap_ff2_async_reg[5]/C,(F) u_core_u_slow_cnt_dst_count_latched_reg[3]/D
OSC_SLOW_REAL,/home/validmgr/ksabra/2026_SPAD/SPADMIC/results/genus_osc_pd/20260601_o2_raw_tag_genus/timing_osc_fast_full_clock.rpt,61,VIOLATED,-2386,clk_osc_fast,clk_osc_fast,clk_osc_fast,(R) u_core_u_slow_cnt_gray_snap_ff2_async_reg[5]/C,(F) u_core_u_slow_cnt_dst_count_latched_reg[4]/D
OSC_SLOW_REAL,/home/validmgr/ksabra/2026_SPAD/SPADMIC/results/genus_osc_pd/20260601_o2_raw_tag_genus/timing_osc_fast_full_clock.rpt,62,VIOLATED,-2017,clk_osc_fast,clk_osc_fast,clk_osc_fast,(R) u_core_u_slow_cnt_gray_snap_ff2_async_reg[5]/C,(F) u_core_u_slow_cnt_dst_count_latched_reg[5]/D
OSC_FAST_REAL,/home/validmgr/ksabra/2026_SPAD/SPADMIC/results/genus_osc_pd/20260601_o2_raw_tag_genus/timing_osc_fast_full_clock.rpt,63,VIOLATED,-1914,clk_osc_fast,clk_osc_fast,clk_osc_fast,(R) u_core_gen_fast_tag_col[0].u_fast_tag_tag_o_reg[6]/C,(F) u_core_gen_fast_tag_col[0].u_fast_tag_tag_o_reg[0]/D
OSC_FAST_REAL,/home/validmgr/ksabra/2026_SPAD/SPADMIC/results/genus_osc_pd/20260601_o2_raw_tag_genus/timing_osc_fast_full_clock.rpt,64,VIOLATED,-1680,clk_osc_fast,clk_osc_fast,clk_osc_fast,(R) u_core_gen_pd_row[0].gen_pd_col[0].u_pd/q1_reg/C,(F) u_core_gen_pd_row[0].gen_pd_col[0].u_pd/hit_latched_reg/D
OSC_FAST_REAL,/home/validmgr/ksabra/2026_SPAD/SPADMIC/results/genus_osc_pd/20260601_o2_raw_tag_genus/timing_osc_fast_full_clock.rpt,65,VIOLATED,-1643,clk_osc_fast,clk_osc_fast,clk_osc_fast,(R) u_core_gen_pd_row[7].gen_pd_col[0].u_pd/q2_reg/C,(F) u_core_gen_pd_row[7].gen_pd_col[0].u_pd/q2_reg/D
OSC_FAST_REAL,/home/validmgr/ksabra/2026_SPAD/SPADMIC/results/genus_osc_pd/20260601_o2_raw_tag_genus/timing_osc_fast_full_clock.rpt,66,VIOLATED,-1643,clk_osc_fast,clk_osc_fast,clk_osc_fast,(R) u_core_gen_pd_row[6].gen_pd_col[0].u_pd/q2_reg/C,(F) u_core_gen_pd_row[6].gen_pd_col[0].u_pd/q2_reg/D
OSC_FAST_REAL,/home/validmgr/ksabra/2026_SPAD/SPADMIC/results/genus_osc_pd/20260601_o2_raw_tag_genus/timing_osc_fast_full_clock.rpt,67,VIOLATED,-1639,clk_osc_fast,clk_osc_fast,clk_osc_fast,(R) u_core_gen_pd_row[5].gen_pd_col[0].u_pd/q2_reg/C,(F) u_core_gen_pd_row[5].gen_pd_col[0].u_pd/q2_reg/D
OSC_FAST_REAL,/home/validmgr/ksabra/2026_SPAD/SPADMIC/results/genus_osc_pd/20260601_o2_raw_tag_genus/timing_osc_fast_full_clock.rpt,68,VIOLATED,-1639,clk_osc_fast,clk_osc_fast,clk_osc_fast,(R) u_core_gen_pd_row[4].gen_pd_col[0].u_pd/q2_reg/C,(F) u_core_gen_pd_row[4].gen_pd_col[0].u_pd/q2_reg/D
OSC_FAST_REAL,/home/validmgr/ksabra/2026_SPAD/SPADMIC/results/genus_osc_pd/20260601_o2_raw_tag_genus/timing_osc_fast_full_clock.rpt,69,VIOLATED,-1639,clk_osc_fast,clk_osc_fast,clk_osc_fast,(R) u_core_gen_pd_row[3].gen_pd_col[0].u_pd/q2_reg/C,(F) u_core_gen_pd_row[3].gen_pd_col[0].u_pd/q2_reg/D
OSC_FAST_REAL,/home/validmgr/ksabra/2026_SPAD/SPADMIC/results/genus_osc_pd/20260601_o2_raw_tag_genus/timing_osc_fast_full_clock.rpt,70,VIOLATED,-1639,clk_osc_fast,clk_osc_fast,clk_osc_fast,(R) u_core_gen_pd_row[2].gen_pd_col[0].u_pd/q2_reg/C,(F) u_core_gen_pd_row[2].gen_pd_col[0].u_pd/q2_reg/D
OSC_FAST_REAL,/home/validmgr/ksabra/2026_SPAD/SPADMIC/results/genus_osc_pd/20260601_o2_raw_tag_genus/timing_osc_fast_full_clock.rpt,71,VIOLATED,-1639,clk_osc_fast,clk_osc_fast,clk_osc_fast,(R) u_core_gen_pd_row[1].gen_pd_col[0].u_pd/q2_reg/C,(F) u_core_gen_pd_row[1].gen_pd_col[0].u_pd/q2_reg/D
OSC_FAST_REAL,/home/validmgr/ksabra/2026_SPAD/SPADMIC/results/genus_osc_pd/20260601_o2_raw_tag_genus/timing_osc_fast_full_clock.rpt,72,VIOLATED,-1633,clk_osc_fast,clk_osc_fast,clk_osc_fast,(R) u_core_gen_pd_row[7].gen_pd_col[0].u_pd/q1_reg/C,(F) u_core_gen_pd_row[7].gen_pd_col[0].u_pd/hit_latched_reg/D
OSC_FAST_REAL,/home/validmgr/ksabra/2026_SPAD/SPADMIC/results/genus_osc_pd/20260601_o2_raw_tag_genus/timing_osc_fast_full_clock.rpt,73,VIOLATED,-1633,clk_osc_fast,clk_osc_fast,clk_osc_fast,(R) u_core_gen_pd_row[6].gen_pd_col[0].u_pd/q1_reg/C,(F) u_core_gen_pd_row[6].gen_pd_col[0].u_pd/hit_latched_reg/D
OSC_FAST_REAL,/home/validmgr/ksabra/2026_SPAD/SPADMIC/results/genus_osc_pd/20260601_o2_raw_tag_genus/timing_osc_fast_full_clock.rpt,74,VIOLATED,-1633,clk_osc_fast,clk_osc_fast,clk_osc_fast,(R) u_core_gen_pd_row[5].gen_pd_col[0].u_pd/q1_reg/C,(F) u_core_gen_pd_row[5].gen_pd_col[0].u_pd/hit_latched_reg/D
OSC_FAST_REAL,/home/validmgr/ksabra/2026_SPAD/SPADMIC/results/genus_osc_pd/20260601_o2_raw_tag_genus/timing_osc_fast_full_clock.rpt,75,VIOLATED,-1633,clk_osc_fast,clk_osc_fast,clk_osc_fast,(R) u_core_gen_pd_row[4].gen_pd_col[0].u_pd/q1_reg/C,(F) u_core_gen_pd_row[4].gen_pd_col[0].u_pd/hit_latched_reg/D
OSC_FAST_REAL,/home/validmgr/ksabra/2026_SPAD/SPADMIC/results/genus_osc_pd/20260601_o2_raw_tag_genus/timing_osc_fast_full_clock.rpt,76,VIOLATED,-1633,clk_osc_fast,clk_osc_fast,clk_osc_fast,(R) u_core_gen_pd_row[3].gen_pd_col[0].u_pd/q1_reg/C,(F) u_core_gen_pd_row[3].gen_pd_col[0].u_pd/hit_latched_reg/D
OSC_FAST_REAL,/home/validmgr/ksabra/2026_SPAD/SPADMIC/results/genus_osc_pd/20260601_o2_raw_tag_genus/timing_osc_fast_full_clock.rpt,77,VIOLATED,-1633,clk_osc_fast,clk_osc_fast,clk_osc_fast,(R) u_core_gen_pd_row[2].gen_pd_col[0].u_pd/q1_reg/C,(F) u_core_gen_pd_row[2].gen_pd_col[0].u_pd/hit_latched_reg/D
OSC_FAST_REAL,/home/validmgr/ksabra/2026_SPAD/SPADMIC/results/genus_osc_pd/20260601_o2_raw_tag_genus/timing_osc_fast_full_clock.rpt,78,VIOLATED,-1633,clk_osc_fast,clk_osc_fast,clk_osc_fast,(R) u_core_gen_pd_row[1].gen_pd_col[0].u_pd/q1_reg/C,(F) u_core_gen_pd_row[1].gen_pd_col[0].u_pd/hit_latched_reg/D
OSC_FAST_REAL,/home/validmgr/ksabra/2026_SPAD/SPADMIC/results/genus_osc_pd/20260601_o2_raw_tag_genus/timing_osc_fast_full_clock.rpt,79,VIOLATED,-1602,clk_osc_fast,clk_osc_fast,clk_osc_fast,(R) u_core_gen_fast_tag_col[0].u_fast_tag_tag_o_reg[6]/C,(F) u_core_gen_fast_tag_col[0].u_fast_tag_tag_o_reg[6]/D
OSC_FAST_REAL,/home/validmgr/ksabra/2026_SPAD/SPADMIC/results/genus_osc_pd/20260601_o2_raw_tag_genus/timing_osc_fast_full_clock.rpt,80,VIOLATED,-1578,clk_osc_fast,clk_osc_fast,clk_osc_fast,(R) u_core_gen_fast_tag_col[0].u_fast_tag_tag_o_reg[5]/C,(F) u_core_gen_fast_tag_col[0].u_fast_tag_tag_o_reg[5]/D
OSC_FAST_REAL,/home/validmgr/ksabra/2026_SPAD/SPADMIC/results/genus_osc_pd/20260601_o2_raw_tag_genus/timing_osc_fast_full_clock.rpt,81,VIOLATED,-1570,clk_osc_fast,clk_osc_fast,clk_osc_fast,(R) u_core_gen_pd_row[0].gen_pd_col[0].u_pd/q2_reg/C,(F) u_core_gen_pd_row[0].gen_pd_col[0].u_pd/q2_reg/D
OSC_FAST_REAL,/home/validmgr/ksabra/2026_SPAD/SPADMIC/results/genus_osc_pd/20260601_o2_raw_tag_genus/timing_osc_fast_full_clock.rpt,82,VIOLATED,-1551,clk_osc_fast,clk_osc_fast,clk_osc_fast,(R) u_core_gen_pd_row[0].gen_pd_col[0].u_pd/q1_reg/C,(F) u_core_gen_pd_row[0].gen_pd_col[0].u_pd/q1_reg/D
OSC_FAST_REAL,/home/validmgr/ksabra/2026_SPAD/SPADMIC/results/genus_osc_pd/20260601_o2_raw_tag_genus/timing_osc_fast_full_clock.rpt,83,VIOLATED,-1501,clk_osc_fast,clk_osc_fast,clk_osc_fast,(R) u_core_gen_pd_row[6].gen_pd_col[0].u_pd/q1_reg/C,(F) u_core_gen_pd_row[6].gen_pd_col[0].u_pd/q1_reg/D
OSC_FAST_REAL,/home/validmgr/ksabra/2026_SPAD/SPADMIC/results/genus_osc_pd/20260601_o2_raw_tag_genus/timing_osc_fast_full_clock.rpt,84,VIOLATED,-1499,clk_osc_fast,clk_osc_fast,clk_osc_fast,(R) u_core_gen_pd_row[7].gen_pd_col[0].u_pd/q1_reg/C,(F) u_core_gen_pd_row[7].gen_pd_col[0].u_pd/q1_reg/D
OSC_FAST_REAL,/home/validmgr/ksabra/2026_SPAD/SPADMIC/results/genus_osc_pd/20260601_o2_raw_tag_genus/timing_osc_fast_full_clock.rpt,85,VIOLATED,-1497,clk_osc_fast,clk_osc_fast,clk_osc_fast,(R) u_core_gen_pd_row[5].gen_pd_col[0].u_pd/q1_reg/C,(F) u_core_gen_pd_row[5].gen_pd_col[0].u_pd/q1_reg/D
OSC_FAST_REAL,/home/validmgr/ksabra/2026_SPAD/SPADMIC/results/genus_osc_pd/20260601_o2_raw_tag_genus/timing_osc_fast_full_clock.rpt,86,VIOLATED,-1497,clk_osc_fast,clk_osc_fast,clk_osc_fast,(R) u_core_gen_pd_row[4].gen_pd_col[0].u_pd/q1_reg/C,(F) u_core_gen_pd_row[4].gen_pd_col[0].u_pd/q1_reg/D
OSC_FAST_REAL,/home/validmgr/ksabra/2026_SPAD/SPADMIC/results/genus_osc_pd/20260601_o2_raw_tag_genus/timing_osc_fast_full_clock.rpt,87,VIOLATED,-1497,clk_osc_fast,clk_osc_fast,clk_osc_fast,(R) u_core_gen_pd_row[3].gen_pd_col[0].u_pd/q1_reg/C,(F) u_core_gen_pd_row[3].gen_pd_col[0].u_pd/q1_reg/D
OSC_FAST_REAL,/home/validmgr/ksabra/2026_SPAD/SPADMIC/results/genus_osc_pd/20260601_o2_raw_tag_genus/timing_osc_fast_full_clock.rpt,88,VIOLATED,-1497,clk_osc_fast,clk_osc_fast,clk_osc_fast,(R) u_core_gen_pd_row[2].gen_pd_col[0].u_pd/q1_reg/C,(F) u_core_gen_pd_row[2].gen_pd_col[0].u_pd/q1_reg/D
OSC_FAST_REAL,/home/validmgr/ksabra/2026_SPAD/SPADMIC/results/genus_osc_pd/20260601_o2_raw_tag_genus/timing_osc_fast_full_clock.rpt,89,VIOLATED,-1497,clk_osc_fast,clk_osc_fast,clk_osc_fast,(R) u_core_gen_pd_row[1].gen_pd_col[0].u_pd/q1_reg/C,(F) u_core_gen_pd_row[1].gen_pd_col[0].u_pd/q1_reg/D
OSC_FAST_REAL,/home/validmgr/ksabra/2026_SPAD/SPADMIC/results/genus_osc_pd/20260601_o2_raw_tag_genus/timing_osc_fast_full_clock.rpt,90,VIOLATED,-1485,clk_osc_fast,clk_osc_fast,clk_osc_fast,(R) u_core_gen_fast_tag_col[0].u_fast_tag_tag_o_reg[4]/C,(F) u_core_gen_fast_tag_col[0].u_fast_tag_tag_o_reg[4]/D
OSC_FAST_REAL,/home/validmgr/ksabra/2026_SPAD/SPADMIC/results/genus_osc_pd/20260601_o2_raw_tag_genus/timing_osc_fast_full_clock.rpt,91,VIOLATED,-1483,clk_osc_fast,clk_osc_fast,clk_osc_fast,(R) u_core_gen_fast_tag_col[0].u_fast_tag_tag_o_reg[2]/C,(F) u_core_gen_fast_tag_col[0].u_fast_tag_tag_o_reg[2]/D
OSC_FAST_REAL,/home/validmgr/ksabra/2026_SPAD/SPADMIC/results/genus_osc_pd/20260601_o2_raw_tag_genus/timing_osc_fast_full_clock.rpt,92,VIOLATED,-1483,clk_osc_fast,clk_osc_fast,clk_osc_fast,(R) u_core_gen_fast_tag_col[0].u_fast_tag_tag_o_reg[3]/C,(F) u_core_gen_fast_tag_col[0].u_fast_tag_tag_o_reg[3]/D
OSC_FAST_REAL,/home/validmgr/ksabra/2026_SPAD/SPADMIC/results/genus_osc_pd/20260601_o2_raw_tag_genus/timing_osc_fast_full_clock.rpt,93,VIOLATED,-1475,clk_osc_fast,clk_osc_fast,clk_osc_fast,(R) u_core_gen_fast_tag_col[0].u_fast_tag_tag_o_reg[1]/C,(F) u_core_gen_fast_tag_col[0].u_fast_tag_tag_o_reg[1]/D
OSC_SLOW_REAL,/home/validmgr/ksabra/2026_SPAD/SPADMIC/results/genus_osc_pd/20260601_o2_raw_tag_genus/timing_osc_fast_full_clock.rpt,94,VIOLATED,-1338,clk_osc_fast,clk_osc_fast,clk_osc_fast,(R) u_core_u_slow_cnt_gray_snap_ff2_async_reg[6]/C,(F) u_core_u_slow_cnt_dst_count_latched_reg[6]/D
OSC_SLOW_REAL,/home/validmgr/ksabra/2026_SPAD/SPADMIC/results/genus_osc_pd/20260601_o2_raw_tag_genus/timing_osc_fast_full_clock.rpt,95,VIOLATED,-735,clk_osc_fast,clk_osc_fast,clk_osc_fast,(R) u_core_u_slow_cnt_gray_snap_ff1_async_reg[6]/C,(F) u_core_u_slow_cnt_gray_snap_ff2_async_reg[6]/D
OSC_SLOW_REAL,/home/validmgr/ksabra/2026_SPAD/SPADMIC/results/genus_osc_pd/20260601_o2_raw_tag_genus/timing_osc_fast_full_clock.rpt,96,VIOLATED,-735,clk_osc_fast,clk_osc_fast,clk_osc_fast,(R) u_core_u_slow_cnt_gray_snap_ff1_async_reg[5]/C,(F) u_core_u_slow_cnt_gray_snap_ff2_async_reg[5]/D
OSC_SLOW_REAL,/home/validmgr/ksabra/2026_SPAD/SPADMIC/results/genus_osc_pd/20260601_o2_raw_tag_genus/timing_osc_fast_full_clock.rpt,97,VIOLATED,-735,clk_osc_fast,clk_osc_fast,clk_osc_fast,(R) u_core_u_slow_cnt_gray_snap_ff1_async_reg[4]/C,(F) u_core_u_slow_cnt_gray_snap_ff2_async_reg[4]/D
OSC_SLOW_REAL,/home/validmgr/ksabra/2026_SPAD/SPADMIC/results/genus_osc_pd/20260601_o2_raw_tag_genus/timing_osc_fast_full_clock.rpt,98,VIOLATED,-735,clk_osc_fast,clk_osc_fast,clk_osc_fast,(R) u_core_u_slow_cnt_gray_snap_ff1_async_reg[3]/C,(F) u_core_u_slow_cnt_gray_snap_ff2_async_reg[3]/D
OSC_SLOW_REAL,/home/validmgr/ksabra/2026_SPAD/SPADMIC/results/genus_osc_pd/20260601_o2_raw_tag_genus/timing_osc_fast_full_clock.rpt,99,VIOLATED,-735,clk_osc_fast,clk_osc_fast,clk_osc_fast,(R) u_core_u_slow_cnt_gray_snap_ff1_async_reg[2]/C,(F) u_core_u_slow_cnt_gray_snap_ff2_async_reg[2]/D
OSC_SLOW_REAL,/home/validmgr/ksabra/2026_SPAD/SPADMIC/results/genus_osc_pd/20260601_o2_raw_tag_genus/timing_osc_fast_full_clock.rpt,100,VIOLATED,-735,clk_osc_fast,clk_osc_fast,clk_osc_fast,(R) u_core_u_slow_cnt_gray_snap_ff1_async_reg[1]/C,(F) u_core_u_slow_cnt_gray_snap_ff2_async_reg[1]/D
OSC_SLOW_REAL,/home/validmgr/ksabra/2026_SPAD/SPADMIC/results/genus_osc_pd/20260601_o2_raw_tag_genus/timing_osc_counter_hotspots.rpt,1,VIOLATED,-2814,clk_osc_slow,clk_osc_slow,clk_osc_slow,(R) u_core_u_slow_cnt_bin_q_reg[1]/C,(F) u_core_u_slow_cnt_gray_src_cont_q_reg[5]/D
OSC_SLOW_REAL,/home/validmgr/ksabra/2026_SPAD/SPADMIC/results/genus_osc_pd/20260601_o2_raw_tag_genus/timing_osc_counter_hotspots.rpt,2,VIOLATED,-2811,clk_osc_slow,clk_osc_slow,clk_osc_slow,(R) u_core_u_slow_cnt_bin_q_reg[1]/C,(F) u_core_u_slow_cnt_gray_src_cont_q_reg[3]/D
OSC_SLOW_REAL,/home/validmgr/ksabra/2026_SPAD/SPADMIC/results/genus_osc_pd/20260601_o2_raw_tag_genus/timing_osc_counter_hotspots.rpt,3,VIOLATED,-2806,clk_osc_slow,clk_osc_slow,clk_osc_slow,(R) u_core_u_slow_cnt_bin_q_reg[1]/C,(R) u_core_u_slow_cnt_gray_src_cont_q_reg[2]/D
OSC_SLOW_REAL,/home/validmgr/ksabra/2026_SPAD/SPADMIC/results/genus_osc_pd/20260601_o2_raw_tag_genus/timing_osc_counter_hotspots.rpt,4,VIOLATED,-2802,clk_osc_slow,clk_osc_slow,clk_osc_slow,(R) u_core_u_slow_cnt_bin_q_reg[1]/C,(F) u_core_u_slow_cnt_gray_src_cont_q_reg[4]/D
OSC_SLOW_REAL,/home/validmgr/ksabra/2026_SPAD/SPADMIC/results/genus_osc_pd/20260601_o2_raw_tag_genus/timing_osc_counter_hotspots.rpt,5,VIOLATED,-2766,clk_osc_slow,clk_osc_slow,clk_osc_slow,(R) u_core_u_slow_cnt_bin_q_reg[1]/C,(F) u_core_u_slow_cnt_bin_q_reg[6]/D
OSC_SLOW_REAL,/home/validmgr/ksabra/2026_SPAD/SPADMIC/results/genus_osc_pd/20260601_o2_raw_tag_genus/timing_osc_counter_hotspots.rpt,6,VIOLATED,-2700,clk_osc_slow,clk_osc_slow,clk_osc_slow,(R) u_core_start_wdt_cnt_reg[1]/C,(R) u_core_start_wdt_cnt_reg[4]/D
OSC_SLOW_REAL,/home/validmgr/ksabra/2026_SPAD/SPADMIC/results/genus_osc_pd/20260601_o2_raw_tag_genus/timing_osc_counter_hotspots.rpt,7,VIOLATED,-2636,clk_osc_slow,clk_osc_slow,clk_osc_slow,(R) u_core_start_wdt_cnt_reg[1]/C,(F) u_core_start_wdt_cnt_reg[5]/D
OSC_SLOW_REAL,/home/validmgr/ksabra/2026_SPAD/SPADMIC/results/genus_osc_pd/20260601_o2_raw_tag_genus/timing_osc_counter_hotspots.rpt,8,VIOLATED,-2583,clk_osc_slow,clk_osc_slow,clk_osc_slow,(R) u_core_u_slow_cnt_bin_q_reg[1]/C,(F) u_core_u_slow_cnt_gray_src_cont_q_reg[1]/D
OSC_SLOW_REAL,/home/validmgr/ksabra/2026_SPAD/SPADMIC/results/genus_osc_pd/20260601_o2_raw_tag_genus/timing_osc_counter_hotspots.rpt,9,VIOLATED,-2582,clk_osc_fast,clk_osc_fast,clk_osc_fast,(R) u_core_u_slow_cnt_gray_snap_ff2_async_reg[5]/C,(F) u_core_u_slow_cnt_dst_count_latched_reg[0]/D
OSC_SLOW_REAL,/home/validmgr/ksabra/2026_SPAD/SPADMIC/results/genus_osc_pd/20260601_o2_raw_tag_genus/timing_osc_counter_hotspots.rpt,10,VIOLATED,-2570,clk_osc_fast,clk_osc_fast,clk_osc_fast,(R) u_core_u_slow_cnt_gray_snap_ff2_async_reg[3]/C,(F) u_core_u_slow_cnt_dst_count_latched_reg[2]/D
OSC_SLOW_REAL,/home/validmgr/ksabra/2026_SPAD/SPADMIC/results/genus_osc_pd/20260601_o2_raw_tag_genus/timing_osc_counter_hotspots.rpt,11,VIOLATED,-2555,clk_osc_fast,clk_osc_fast,clk_osc_fast,(R) u_core_u_slow_cnt_gray_snap_ff2_async_reg[5]/C,(F) u_core_u_slow_cnt_dst_count_latched_reg[1]/D
OSC_SLOW_REAL,/home/validmgr/ksabra/2026_SPAD/SPADMIC/results/genus_osc_pd/20260601_o2_raw_tag_genus/timing_osc_counter_hotspots.rpt,12,VIOLATED,-2416,clk_osc_slow,clk_osc_slow,clk_osc_slow,(R) u_core_u_slow_cnt_bin_q_reg[1]/C,(F) u_core_u_slow_cnt_bin_q_reg[5]/D
OSC_SLOW_REAL,/home/validmgr/ksabra/2026_SPAD/SPADMIC/results/genus_osc_pd/20260601_o2_raw_tag_genus/timing_osc_counter_hotspots.rpt,13,VIOLATED,-2390,clk_osc_fast,clk_osc_fast,clk_osc_fast,(R) u_core_u_slow_cnt_gray_snap_ff2_async_reg[5]/C,(F) u_core_u_slow_cnt_dst_count_latched_reg[3]/D
OSC_SLOW_REAL,/home/validmgr/ksabra/2026_SPAD/SPADMIC/results/genus_osc_pd/20260601_o2_raw_tag_genus/timing_osc_counter_hotspots.rpt,14,VIOLATED,-2390,clk_osc_slow,clk_osc_slow,clk_osc_slow,(R) u_core_u_slow_cnt_bin_q_reg[1]/C,(F) u_core_u_slow_cnt_bin_q_reg[3]/D
OSC_SLOW_REAL,/home/validmgr/ksabra/2026_SPAD/SPADMIC/results/genus_osc_pd/20260601_o2_raw_tag_genus/timing_osc_counter_hotspots.rpt,15,VIOLATED,-2386,clk_osc_fast,clk_osc_fast,clk_osc_fast,(R) u_core_u_slow_cnt_gray_snap_ff2_async_reg[5]/C,(F) u_core_u_slow_cnt_dst_count_latched_reg[4]/D
OSC_SLOW_REAL,/home/validmgr/ksabra/2026_SPAD/SPADMIC/results/genus_osc_pd/20260601_o2_raw_tag_genus/timing_osc_counter_hotspots.rpt,16,VIOLATED,-2346,clk_osc_slow,clk_osc_slow,clk_osc_slow,(R) u_core_start_wdt_cnt_reg[6]/C,(F) u_core_start_wdt_cnt_reg[2]/D
OSC_SLOW_REAL,/home/validmgr/ksabra/2026_SPAD/SPADMIC/results/genus_osc_pd/20260601_o2_raw_tag_genus/timing_osc_counter_hotspots.rpt,17,VIOLATED,-2257,clk_osc_slow,clk_osc_slow,clk_osc_slow,(R) u_core_u_slow_cnt_bin_q_reg[1]/C,(F) u_core_u_slow_cnt_bin_q_reg[4]/D
OSC_SLOW_REAL,/home/validmgr/ksabra/2026_SPAD/SPADMIC/results/genus_osc_pd/20260601_o2_raw_tag_genus/timing_osc_counter_hotspots.rpt,18,VIOLATED,-2206,clk_osc_slow,clk_osc_slow,clk_osc_slow,(R) u_core_start_wdt_cnt_reg[4]/C,(F) u_core_start_wdt_cnt_reg[6]/D
OSC_SLOW_REAL,/home/validmgr/ksabra/2026_SPAD/SPADMIC/results/genus_osc_pd/20260601_o2_raw_tag_genus/timing_osc_counter_hotspots.rpt,19,VIOLATED,-2198,clk_osc_slow,clk_osc_slow,clk_osc_slow,(R) u_core_u_slow_cnt_bin_q_reg[1]/C,(F) u_core_u_slow_cnt_bin_q_reg[2]/D
OSC_SLOW_REAL,/home/validmgr/ksabra/2026_SPAD/SPADMIC/results/genus_osc_pd/20260601_o2_raw_tag_genus/timing_osc_counter_hotspots.rpt,20,VIOLATED,-2197,clk_osc_slow,clk_osc_slow,clk_osc_slow,(R) u_core_start_wdt_cnt_reg[6]/C,(F) u_core_start_wdt_cnt_reg[3]/D
OSC_SLOW_REAL,/home/validmgr/ksabra/2026_SPAD/SPADMIC/results/genus_osc_pd/20260601_o2_raw_tag_genus/timing_osc_counter_hotspots.rpt,21,VIOLATED,-2167,clk_osc_slow,clk_osc_slow,clk_osc_slow,(R) u_core_start_wdt_cnt_reg[6]/C,(F) u_core_start_timeout_latched_reg/D
OSC_SLOW_REAL,/home/validmgr/ksabra/2026_SPAD/SPADMIC/results/genus_osc_pd/20260601_o2_raw_tag_genus/timing_osc_counter_hotspots.rpt,22,VIOLATED,-2156,clk_osc_slow,clk_osc_slow,clk_osc_slow,(R) u_core_start_wdt_cnt_reg[1]/C,(F) u_core_start_wdt_cnt_reg[1]/D
OSC_SLOW_REAL,/home/validmgr/ksabra/2026_SPAD/SPADMIC/results/genus_osc_pd/20260601_o2_raw_tag_genus/timing_osc_counter_hotspots.rpt,23,VIOLATED,-2155,clk_osc_slow,clk_osc_slow,clk_osc_slow,(R) u_core_start_wdt_cnt_reg[1]/C,(F) u_core_start_wdt_cnt_reg[7]/D
OSC_SLOW_REAL,/home/validmgr/ksabra/2026_SPAD/SPADMIC/results/genus_osc_pd/20260601_o2_raw_tag_genus/timing_osc_counter_hotspots.rpt,24,VIOLATED,-2154,clk_osc_slow,clk_osc_slow,clk_osc_slow,(R) u_core_start_wdt_cnt_reg[6]/C,(F) u_core_start_wdt_cnt_reg[0]/D
OSC_SLOW_REAL,/home/validmgr/ksabra/2026_SPAD/SPADMIC/results/genus_osc_pd/20260601_o2_raw_tag_genus/timing_osc_counter_hotspots.rpt,25,VIOLATED,-2017,clk_osc_fast,clk_osc_fast,clk_osc_fast,(R) u_core_u_slow_cnt_gray_snap_ff2_async_reg[5]/C,(F) u_core_u_slow_cnt_dst_count_latched_reg[5]/D
OSC_SLOW_REAL,/home/validmgr/ksabra/2026_SPAD/SPADMIC/results/genus_osc_pd/20260601_o2_raw_tag_genus/timing_osc_counter_hotspots.rpt,26,VIOLATED,-1998,clk_osc_slow,clk_osc_slow,clk_osc_slow,(R) u_core_u_slow_cnt_bin_q_reg[0]/C,(F) u_core_u_slow_cnt_bin_q_reg[1]/D
OSC_SLOW_REAL,/home/validmgr/ksabra/2026_SPAD/SPADMIC/results/genus_osc_pd/20260601_o2_raw_tag_genus/timing_osc_counter_hotspots.rpt,27,VIOLATED,-1338,clk_osc_fast,clk_osc_fast,clk_osc_fast,(R) u_core_u_slow_cnt_gray_snap_ff2_async_reg[6]/C,(F) u_core_u_slow_cnt_dst_count_latched_reg[6]/D
OSC_SLOW_REAL,/home/validmgr/ksabra/2026_SPAD/SPADMIC/results/genus_osc_pd/20260601_o2_raw_tag_genus/timing_osc_counter_hotspots.rpt,28,VIOLATED,-1046,clk_osc_slow,clk_osc_slow,clk_osc_slow,(R) u_core_u_slow_cnt_bin_q_reg[0]/C,(F) u_core_u_slow_cnt_bin_q_reg[0]/D
OSC_SLOW_REAL,/home/validmgr/ksabra/2026_SPAD/SPADMIC/results/genus_osc_pd/20260601_o2_raw_tag_genus/timing_osc_counter_hotspots.rpt,29,VIOLATED,-1032,clk_osc_slow,clk_osc_slow,clk_osc_slow,(R) u_core_u_slow_cnt_bin_q_reg[1]/C,(F) u_core_u_slow_cnt_gray_src_cont_q_reg[0]/D
OSC_SLOW_REAL,/home/validmgr/ksabra/2026_SPAD/SPADMIC/results/genus_osc_pd/20260601_o2_raw_tag_genus/timing_osc_counter_hotspots.rpt,30,VIOLATED,-735,clk_osc_fast,clk_osc_fast,clk_osc_fast,(R) u_core_u_slow_cnt_gray_snap_ff1_async_reg[6]/C,(F) u_core_u_slow_cnt_gray_snap_ff2_async_reg[6]/D
OSC_SLOW_REAL,/home/validmgr/ksabra/2026_SPAD/SPADMIC/results/genus_osc_pd/20260601_o2_raw_tag_genus/timing_osc_counter_hotspots.rpt,31,VIOLATED,-735,clk_osc_fast,clk_osc_fast,clk_osc_fast,(R) u_core_u_slow_cnt_gray_snap_ff1_async_reg[5]/C,(F) u_core_u_slow_cnt_gray_snap_ff2_async_reg[5]/D
OSC_SLOW_REAL,/home/validmgr/ksabra/2026_SPAD/SPADMIC/results/genus_osc_pd/20260601_o2_raw_tag_genus/timing_osc_counter_hotspots.rpt,32,VIOLATED,-735,clk_osc_fast,clk_osc_fast,clk_osc_fast,(R) u_core_u_slow_cnt_gray_snap_ff1_async_reg[4]/C,(F) u_core_u_slow_cnt_gray_snap_ff2_async_reg[4]/D
OSC_SLOW_REAL,/home/validmgr/ksabra/2026_SPAD/SPADMIC/results/genus_osc_pd/20260601_o2_raw_tag_genus/timing_osc_counter_hotspots.rpt,33,VIOLATED,-735,clk_osc_fast,clk_osc_fast,clk_osc_fast,(R) u_core_u_slow_cnt_gray_snap_ff1_async_reg[3]/C,(F) u_core_u_slow_cnt_gray_snap_ff2_async_reg[3]/D
OSC_SLOW_REAL,/home/validmgr/ksabra/2026_SPAD/SPADMIC/results/genus_osc_pd/20260601_o2_raw_tag_genus/timing_osc_counter_hotspots.rpt,34,VIOLATED,-735,clk_osc_fast,clk_osc_fast,clk_osc_fast,(R) u_core_u_slow_cnt_gray_snap_ff1_async_reg[2]/C,(F) u_core_u_slow_cnt_gray_snap_ff2_async_reg[2]/D
OSC_SLOW_REAL,/home/validmgr/ksabra/2026_SPAD/SPADMIC/results/genus_osc_pd/20260601_o2_raw_tag_genus/timing_osc_counter_hotspots.rpt,35,VIOLATED,-735,clk_osc_fast,clk_osc_fast,clk_osc_fast,(R) u_core_u_slow_cnt_gray_snap_ff1_async_reg[1]/C,(F) u_core_u_slow_cnt_gray_snap_ff2_async_reg[1]/D
OSC_SLOW_REAL,/home/validmgr/ksabra/2026_SPAD/SPADMIC/results/genus_osc_pd/20260601_o2_raw_tag_genus/timing_osc_counter_hotspots.rpt,36,VIOLATED,-735,clk_osc_fast,clk_osc_fast,clk_osc_fast,(R) u_core_u_slow_cnt_gray_snap_ff1_async_reg[0]/C,(F) u_core_u_slow_cnt_gray_snap_ff2_async_reg[0]/D
OSC_FAST_REAL,/home/validmgr/ksabra/2026_SPAD/SPADMIC/results/genus_osc_pd/20260601_o2_raw_tag_genus/timing_fast_count_to_nfast_hit.rpt,1,VIOLATED,-3051,clk_osc_fast_tap1,clk_osc_fast,clk_osc_fast_tap1,(R) u_core_u_fast_cnt_bin_q_reg[4]/C,(F) u_core_gen_pd_row[3].gen_pd_col[1].u_pd/nfast_hit_latched_reg[4]/D
OSC_FAST_REAL,/home/validmgr/ksabra/2026_SPAD/SPADMIC/results/genus_osc_pd/20260601_o2_raw_tag_genus/timing_fast_count_to_nfast_hit.rpt,2,VIOLATED,-3051,clk_osc_fast_tap1,clk_osc_fast,clk_osc_fast_tap1,(R) u_core_u_fast_cnt_bin_q_reg[4]/C,(F) u_core_gen_pd_row[0].gen_pd_col[1].u_pd/nfast_hit_latched_reg[4]/D
OSC_FAST_REAL,/home/validmgr/ksabra/2026_SPAD/SPADMIC/results/genus_osc_pd/20260601_o2_raw_tag_genus/timing_fast_count_to_nfast_hit.rpt,3,VIOLATED,-3051,clk_osc_fast_tap1,clk_osc_fast,clk_osc_fast_tap1,(R) u_core_u_fast_cnt_bin_q_reg[4]/C,(F) u_core_gen_pd_row[5].gen_pd_col[1].u_pd/nfast_hit_latched_reg[4]/D
OSC_FAST_REAL,/home/validmgr/ksabra/2026_SPAD/SPADMIC/results/genus_osc_pd/20260601_o2_raw_tag_genus/timing_fast_count_to_nfast_hit.rpt,4,VIOLATED,-3051,clk_osc_fast_tap1,clk_osc_fast,clk_osc_fast_tap1,(R) u_core_u_fast_cnt_bin_q_reg[4]/C,(F) u_core_gen_pd_row[4].gen_pd_col[1].u_pd/nfast_hit_latched_reg[4]/D
OSC_FAST_REAL,/home/validmgr/ksabra/2026_SPAD/SPADMIC/results/genus_osc_pd/20260601_o2_raw_tag_genus/timing_fast_count_to_nfast_hit.rpt,5,VIOLATED,-3051,clk_osc_fast_tap1,clk_osc_fast,clk_osc_fast_tap1,(R) u_core_u_fast_cnt_bin_q_reg[4]/C,(F) u_core_gen_pd_row[2].gen_pd_col[1].u_pd/nfast_hit_latched_reg[4]/D
OSC_FAST_REAL,/home/validmgr/ksabra/2026_SPAD/SPADMIC/results/genus_osc_pd/20260601_o2_raw_tag_genus/timing_fast_count_to_nfast_hit.rpt,6,VIOLATED,-3051,clk_osc_fast_tap1,clk_osc_fast,clk_osc_fast_tap1,(R) u_core_u_fast_cnt_bin_q_reg[4]/C,(F) u_core_gen_pd_row[1].gen_pd_col[1].u_pd/nfast_hit_latched_reg[4]/D
OSC_FAST_REAL,/home/validmgr/ksabra/2026_SPAD/SPADMIC/results/genus_osc_pd/20260601_o2_raw_tag_genus/timing_fast_count_to_nfast_hit.rpt,7,VIOLATED,-3050,clk_osc_fast_tap1,clk_osc_fast,clk_osc_fast_tap1,(R) u_core_u_fast_cnt_bin_q_reg[0]/C,(F) u_core_gen_pd_row[6].gen_pd_col[1].u_pd/nfast_hit_latched_reg[0]/D
OSC_FAST_REAL,/home/validmgr/ksabra/2026_SPAD/SPADMIC/results/genus_osc_pd/20260601_o2_raw_tag_genus/timing_fast_count_to_nfast_hit.rpt,8,VIOLATED,-3048,clk_osc_fast_tap1,clk_osc_fast,clk_osc_fast_tap1,(R) u_core_u_fast_cnt_bin_q_reg[4]/C,(F) u_core_gen_pd_row[7].gen_pd_col[1].u_pd/nfast_hit_latched_reg[4]/D
OSC_FAST_REAL,/home/validmgr/ksabra/2026_SPAD/SPADMIC/results/genus_osc_pd/20260601_o2_raw_tag_genus/timing_fast_count_to_nfast_hit.rpt,9,VIOLATED,-3048,clk_osc_fast_tap1,clk_osc_fast,clk_osc_fast_tap1,(R) u_core_u_fast_cnt_bin_q_reg[0]/C,(F) u_core_gen_pd_row[3].gen_pd_col[1].u_pd/nfast_hit_latched_reg[0]/D
OSC_FAST_REAL,/home/validmgr/ksabra/2026_SPAD/SPADMIC/results/genus_osc_pd/20260601_o2_raw_tag_genus/timing_fast_count_to_nfast_hit.rpt,10,VIOLATED,-3043,clk_osc_fast_tap1,clk_osc_fast,clk_osc_fast_tap1,(R) u_core_u_fast_cnt_bin_q_reg[5]/C,(F) u_core_gen_pd_row[3].gen_pd_col[1].u_pd/nfast_hit_latched_reg[5]/D
OSC_FAST_REAL,/home/validmgr/ksabra/2026_SPAD/SPADMIC/results/genus_osc_pd/20260601_o2_raw_tag_genus/timing_fast_count_to_nfast_hit.rpt,11,VIOLATED,-3043,clk_osc_fast_tap1,clk_osc_fast,clk_osc_fast_tap1,(R) u_core_u_fast_cnt_bin_q_reg[5]/C,(F) u_core_gen_pd_row[2].gen_pd_col[1].u_pd/nfast_hit_latched_reg[5]/D
OSC_FAST_REAL,/home/validmgr/ksabra/2026_SPAD/SPADMIC/results/genus_osc_pd/20260601_o2_raw_tag_genus/timing_fast_count_to_nfast_hit.rpt,12,VIOLATED,-3043,clk_osc_fast_tap1,clk_osc_fast,clk_osc_fast_tap1,(R) u_core_u_fast_cnt_bin_q_reg[5]/C,(F) u_core_gen_pd_row[0].gen_pd_col[1].u_pd/nfast_hit_latched_reg[5]/D
OSC_FAST_REAL,/home/validmgr/ksabra/2026_SPAD/SPADMIC/results/genus_osc_pd/20260601_o2_raw_tag_genus/timing_fast_count_to_nfast_hit.rpt,13,VIOLATED,-3043,clk_osc_fast_tap1,clk_osc_fast,clk_osc_fast_tap1,(R) u_core_u_fast_cnt_bin_q_reg[4]/C,(F) u_core_gen_pd_row[6].gen_pd_col[1].u_pd/nfast_hit_latched_reg[4]/D
OSC_FAST_REAL,/home/validmgr/ksabra/2026_SPAD/SPADMIC/results/genus_osc_pd/20260601_o2_raw_tag_genus/timing_fast_count_to_nfast_hit.rpt,14,VIOLATED,-3036,clk_osc_fast_tap1,clk_osc_fast,clk_osc_fast_tap1,(R) u_core_u_fast_cnt_bin_q_reg[1]/C,(F) u_core_gen_pd_row[2].gen_pd_col[1].u_pd/nfast_hit_latched_reg[1]/D
OSC_FAST_REAL,/home/validmgr/ksabra/2026_SPAD/SPADMIC/results/genus_osc_pd/20260601_o2_raw_tag_genus/timing_fast_count_to_nfast_hit.rpt,15,VIOLATED,-3036,clk_osc_fast_tap1,clk_osc_fast,clk_osc_fast_tap1,(R) u_core_u_fast_cnt_bin_q_reg[1]/C,(F) u_core_gen_pd_row[0].gen_pd_col[1].u_pd/nfast_hit_latched_reg[1]/D
OSC_FAST_REAL,/home/validmgr/ksabra/2026_SPAD/SPADMIC/results/genus_osc_pd/20260601_o2_raw_tag_genus/timing_fast_count_to_nfast_hit.rpt,16,VIOLATED,-3035,clk_osc_fast_tap1,clk_osc_fast,clk_osc_fast_tap1,(R) u_core_u_fast_cnt_bin_q_reg[3]/C,(F) u_core_gen_pd_row[7].gen_pd_col[1].u_pd/nfast_hit_latched_reg[3]/D
OSC_FAST_REAL,/home/validmgr/ksabra/2026_SPAD/SPADMIC/results/genus_osc_pd/20260601_o2_raw_tag_genus/timing_fast_count_to_nfast_hit.rpt,17,VIOLATED,-3035,clk_osc_fast_tap1,clk_osc_fast,clk_osc_fast_tap1,(R) u_core_u_fast_cnt_bin_q_reg[3]/C,(F) u_core_gen_pd_row[6].gen_pd_col[1].u_pd/nfast_hit_latched_reg[3]/D
OSC_FAST_REAL,/home/validmgr/ksabra/2026_SPAD/SPADMIC/results/genus_osc_pd/20260601_o2_raw_tag_genus/timing_fast_count_to_nfast_hit.rpt,18,VIOLATED,-3034,clk_osc_fast_tap1,clk_osc_fast,clk_osc_fast_tap1,(R) u_core_u_fast_cnt_bin_q_reg[5]/C,(F) u_core_gen_pd_row[7].gen_pd_col[1].u_pd/nfast_hit_latched_reg[5]/D
OSC_FAST_REAL,/home/validmgr/ksabra/2026_SPAD/SPADMIC/results/genus_osc_pd/20260601_o2_raw_tag_genus/timing_fast_count_to_nfast_hit.rpt,19,VIOLATED,-3034,clk_osc_fast_tap1,clk_osc_fast,clk_osc_fast_tap1,(R) u_core_u_fast_cnt_bin_q_reg[5]/C,(F) u_core_gen_pd_row[5].gen_pd_col[1].u_pd/nfast_hit_latched_reg[5]/D
OSC_FAST_REAL,/home/validmgr/ksabra/2026_SPAD/SPADMIC/results/genus_osc_pd/20260601_o2_raw_tag_genus/timing_fast_count_to_nfast_hit.rpt,20,VIOLATED,-3034,clk_osc_fast_tap1,clk_osc_fast,clk_osc_fast_tap1,(R) u_core_u_fast_cnt_bin_q_reg[0]/C,(F) u_core_gen_pd_row[2].gen_pd_col[1].u_pd/nfast_hit_latched_reg[0]/D
OSC_FAST_REAL,/home/validmgr/ksabra/2026_SPAD/SPADMIC/results/genus_osc_pd/20260601_o2_raw_tag_genus/timing_fast_count_to_nfast_hit.rpt,21,VIOLATED,-3034,clk_osc_fast_tap1,clk_osc_fast,clk_osc_fast_tap1,(R) u_core_u_fast_cnt_bin_q_reg[1]/C,(F) u_core_gen_pd_row[3].gen_pd_col[1].u_pd/nfast_hit_latched_reg[1]/D
OSC_FAST_REAL,/home/validmgr/ksabra/2026_SPAD/SPADMIC/results/genus_osc_pd/20260601_o2_raw_tag_genus/timing_fast_count_to_nfast_hit.rpt,22,VIOLATED,-3034,clk_osc_fast_tap1,clk_osc_fast,clk_osc_fast_tap1,(R) u_core_u_fast_cnt_bin_q_reg[0]/C,(F) u_core_gen_pd_row[0].gen_pd_col[1].u_pd/nfast_hit_latched_reg[0]/D
OSC_FAST_REAL,/home/validmgr/ksabra/2026_SPAD/SPADMIC/results/genus_osc_pd/20260601_o2_raw_tag_genus/timing_fast_count_to_nfast_hit.rpt,23,VIOLATED,-3032,clk_osc_fast_tap1,clk_osc_fast,clk_osc_fast_tap1,(R) u_core_u_fast_cnt_bin_q_reg[1]/C,(F) u_core_gen_pd_row[6].gen_pd_col[1].u_pd/nfast_hit_latched_reg[1]/D
OSC_FAST_REAL,/home/validmgr/ksabra/2026_SPAD/SPADMIC/results/genus_osc_pd/20260601_o2_raw_tag_genus/timing_fast_count_to_nfast_hit.rpt,24,VIOLATED,-3032,clk_osc_fast_tap1,clk_osc_fast,clk_osc_fast_tap1,(R) u_core_u_fast_cnt_bin_q_reg[5]/C,(F) u_core_gen_pd_row[6].gen_pd_col[1].u_pd/nfast_hit_latched_reg[5]/D
OSC_FAST_REAL,/home/validmgr/ksabra/2026_SPAD/SPADMIC/results/genus_osc_pd/20260601_o2_raw_tag_genus/timing_fast_count_to_nfast_hit.rpt,25,VIOLATED,-3032,clk_osc_fast_tap1,clk_osc_fast,clk_osc_fast_tap1,(R) u_core_u_fast_cnt_bin_q_reg[1]/C,(F) u_core_gen_pd_row[7].gen_pd_col[1].u_pd/nfast_hit_latched_reg[1]/D
OSC_FAST_REAL,/home/validmgr/ksabra/2026_SPAD/SPADMIC/results/genus_osc_pd/20260601_o2_raw_tag_genus/timing_fast_count_to_nfast_hit.rpt,26,VIOLATED,-3032,clk_osc_fast_tap1,clk_osc_fast,clk_osc_fast_tap1,(R) u_core_u_fast_cnt_bin_q_reg[1]/C,(F) u_core_gen_pd_row[5].gen_pd_col[1].u_pd/nfast_hit_latched_reg[1]/D
OSC_FAST_REAL,/home/validmgr/ksabra/2026_SPAD/SPADMIC/results/genus_osc_pd/20260601_o2_raw_tag_genus/timing_fast_count_to_nfast_hit.rpt,27,VIOLATED,-3032,clk_osc_fast_tap1,clk_osc_fast,clk_osc_fast_tap1,(R) u_core_u_fast_cnt_bin_q_reg[1]/C,(F) u_core_gen_pd_row[1].gen_pd_col[1].u_pd/nfast_hit_latched_reg[1]/D
OSC_FAST_REAL,/home/validmgr/ksabra/2026_SPAD/SPADMIC/results/genus_osc_pd/20260601_o2_raw_tag_genus/timing_fast_count_to_nfast_hit.rpt,28,VIOLATED,-3032,clk_osc_fast_tap1,clk_osc_fast,clk_osc_fast_tap1,(R) u_core_u_fast_cnt_bin_q_reg[1]/C,(F) u_core_gen_pd_row[4].gen_pd_col[1].u_pd/nfast_hit_latched_reg[1]/D
OSC_FAST_REAL,/home/validmgr/ksabra/2026_SPAD/SPADMIC/results/genus_osc_pd/20260601_o2_raw_tag_genus/timing_fast_count_to_nfast_hit.rpt,29,VIOLATED,-3031,clk_osc_fast_tap1,clk_osc_fast,clk_osc_fast_tap1,(R) u_core_u_fast_cnt_bin_q_reg[5]/C,(F) u_core_gen_pd_row[1].gen_pd_col[1].u_pd/nfast_hit_latched_reg[5]/D
OSC_FAST_REAL,/home/validmgr/ksabra/2026_SPAD/SPADMIC/results/genus_osc_pd/20260601_o2_raw_tag_genus/timing_fast_count_to_nfast_hit.rpt,30,VIOLATED,-3030,clk_osc_fast_tap1,clk_osc_fast,clk_osc_fast_tap1,(R) u_core_u_fast_cnt_bin_q_reg[3]/C,(F) u_core_gen_pd_row[2].gen_pd_col[1].u_pd/nfast_hit_latched_reg[3]/D
OSC_FAST_REAL,/home/validmgr/ksabra/2026_SPAD/SPADMIC/results/genus_osc_pd/20260601_o2_raw_tag_genus/timing_fast_count_to_nfast_hit.rpt,31,VIOLATED,-3030,clk_osc_fast_tap1,clk_osc_fast,clk_osc_fast_tap1,(R) u_core_u_fast_cnt_bin_q_reg[3]/C,(F) u_core_gen_pd_row[1].gen_pd_col[1].u_pd/nfast_hit_latched_reg[3]/D
OSC_FAST_REAL,/home/validmgr/ksabra/2026_SPAD/SPADMIC/results/genus_osc_pd/20260601_o2_raw_tag_genus/timing_fast_count_to_nfast_hit.rpt,32,VIOLATED,-3030,clk_osc_fast_tap1,clk_osc_fast,clk_osc_fast_tap1,(R) u_core_u_fast_cnt_bin_q_reg[3]/C,(F) u_core_gen_pd_row[0].gen_pd_col[1].u_pd/nfast_hit_latched_reg[3]/D
OSC_FAST_REAL,/home/validmgr/ksabra/2026_SPAD/SPADMIC/results/genus_osc_pd/20260601_o2_raw_tag_genus/timing_fast_count_to_nfast_hit.rpt,33,VIOLATED,-3030,clk_osc_fast_tap1,clk_osc_fast,clk_osc_fast_tap1,(R) u_core_u_fast_cnt_bin_q_reg[3]/C,(F) u_core_gen_pd_row[3].gen_pd_col[1].u_pd/nfast_hit_latched_reg[3]/D
OSC_FAST_REAL,/home/validmgr/ksabra/2026_SPAD/SPADMIC/results/genus_osc_pd/20260601_o2_raw_tag_genus/timing_fast_count_to_nfast_hit.rpt,34,VIOLATED,-3026,clk_osc_fast_tap1,clk_osc_fast,clk_osc_fast_tap1,(R) u_core_u_fast_cnt_bin_q_reg[5]/C,(F) u_core_gen_pd_row[4].gen_pd_col[1].u_pd/nfast_hit_latched_reg[5]/D
OSC_FAST_REAL,/home/validmgr/ksabra/2026_SPAD/SPADMIC/results/genus_osc_pd/20260601_o2_raw_tag_genus/timing_fast_count_to_nfast_hit.rpt,35,VIOLATED,-3025,clk_osc_fast_tap1,clk_osc_fast,clk_osc_fast_tap1,(R) u_core_u_fast_cnt_bin_q_reg[3]/C,(F) u_core_gen_pd_row[5].gen_pd_col[1].u_pd/nfast_hit_latched_reg[3]/D
OSC_FAST_REAL,/home/validmgr/ksabra/2026_SPAD/SPADMIC/results/genus_osc_pd/20260601_o2_raw_tag_genus/timing_fast_count_to_nfast_hit.rpt,36,VIOLATED,-3025,clk_osc_fast_tap1,clk_osc_fast,clk_osc_fast_tap1,(R) u_core_u_fast_cnt_bin_q_reg[3]/C,(F) u_core_gen_pd_row[4].gen_pd_col[1].u_pd/nfast_hit_latched_reg[3]/D
OSC_FAST_REAL,/home/validmgr/ksabra/2026_SPAD/SPADMIC/results/genus_osc_pd/20260601_o2_raw_tag_genus/timing_fast_count_to_nfast_hit.rpt,37,VIOLATED,-3018,clk_osc_fast_tap1,clk_osc_fast,clk_osc_fast_tap1,(R) u_core_u_fast_cnt_bin_q_reg[0]/C,(F) u_core_gen_pd_row[4].gen_pd_col[1].u_pd/nfast_hit_latched_reg[0]/D
OSC_FAST_REAL,/home/validmgr/ksabra/2026_SPAD/SPADMIC/results/genus_osc_pd/20260601_o2_raw_tag_genus/timing_fast_count_to_nfast_hit.rpt,38,VIOLATED,-3018,clk_osc_fast_tap1,clk_osc_fast,clk_osc_fast_tap1,(R) u_core_u_fast_cnt_bin_q_reg[0]/C,(F) u_core_gen_pd_row[7].gen_pd_col[1].u_pd/nfast_hit_latched_reg[0]/D
OSC_FAST_REAL,/home/validmgr/ksabra/2026_SPAD/SPADMIC/results/genus_osc_pd/20260601_o2_raw_tag_genus/timing_fast_count_to_nfast_hit.rpt,39,VIOLATED,-3018,clk_osc_fast_tap1,clk_osc_fast,clk_osc_fast_tap1,(R) u_core_u_fast_cnt_bin_q_reg[0]/C,(F) u_core_gen_pd_row[5].gen_pd_col[1].u_pd/nfast_hit_latched_reg[0]/D
OSC_FAST_REAL,/home/validmgr/ksabra/2026_SPAD/SPADMIC/results/genus_osc_pd/20260601_o2_raw_tag_genus/timing_fast_count_to_nfast_hit.rpt,40,VIOLATED,-3018,clk_osc_fast_tap1,clk_osc_fast,clk_osc_fast_tap1,(R) u_core_u_fast_cnt_bin_q_reg[0]/C,(F) u_core_gen_pd_row[1].gen_pd_col[1].u_pd/nfast_hit_latched_reg[0]/D
OSC_FAST_REAL,/home/validmgr/ksabra/2026_SPAD/SPADMIC/results/genus_osc_pd/20260601_o2_raw_tag_genus/timing_fast_count_to_nfast_hit.rpt,41,VIOLATED,-3005,clk_osc_fast_tap1,clk_osc_fast,clk_osc_fast_tap1,(R) u_core_u_fast_cnt_bin_q_reg[2]/C,(F) u_core_gen_pd_row[6].gen_pd_col[1].u_pd/nfast_hit_latched_reg[2]/D
OSC_FAST_REAL,/home/validmgr/ksabra/2026_SPAD/SPADMIC/results/genus_osc_pd/20260601_o2_raw_tag_genus/timing_fast_count_to_nfast_hit.rpt,42,VIOLATED,-3005,clk_osc_fast_tap1,clk_osc_fast,clk_osc_fast_tap1,(R) u_core_u_fast_cnt_bin_q_reg[2]/C,(F) u_core_gen_pd_row[2].gen_pd_col[1].u_pd/nfast_hit_latched_reg[2]/D
OSC_FAST_REAL,/home/validmgr/ksabra/2026_SPAD/SPADMIC/results/genus_osc_pd/20260601_o2_raw_tag_genus/timing_fast_count_to_nfast_hit.rpt,43,VIOLATED,-3005,clk_osc_fast_tap1,clk_osc_fast,clk_osc_fast_tap1,(R) u_core_u_fast_cnt_bin_q_reg[2]/C,(F) u_core_gen_pd_row[0].gen_pd_col[1].u_pd/nfast_hit_latched_reg[2]/D
OSC_FAST_REAL,/home/validmgr/ksabra/2026_SPAD/SPADMIC/results/genus_osc_pd/20260601_o2_raw_tag_genus/timing_fast_count_to_nfast_hit.rpt,44,VIOLATED,-3004,clk_osc_fast_tap1,clk_osc_fast,clk_osc_fast_tap1,(R) u_core_u_fast_cnt_bin_q_reg[2]/C,(F) u_core_gen_pd_row[3].gen_pd_col[1].u_pd/nfast_hit_latched_reg[2]/D
OSC_FAST_REAL,/home/validmgr/ksabra/2026_SPAD/SPADMIC/results/genus_osc_pd/20260601_o2_raw_tag_genus/timing_fast_count_to_nfast_hit.rpt,45,VIOLATED,-3000,clk_osc_fast_tap1,clk_osc_fast,clk_osc_fast_tap1,(R) u_core_u_fast_cnt_bin_q_reg[2]/C,(F) u_core_gen_pd_row[7].gen_pd_col[1].u_pd/nfast_hit_latched_reg[2]/D
OSC_FAST_REAL,/home/validmgr/ksabra/2026_SPAD/SPADMIC/results/genus_osc_pd/20260601_o2_raw_tag_genus/timing_fast_count_to_nfast_hit.rpt,46,VIOLATED,-3000,clk_osc_fast_tap1,clk_osc_fast,clk_osc_fast_tap1,(R) u_core_u_fast_cnt_bin_q_reg[2]/C,(F) u_core_gen_pd_row[5].gen_pd_col[1].u_pd/nfast_hit_latched_reg[2]/D
OSC_FAST_REAL,/home/validmgr/ksabra/2026_SPAD/SPADMIC/results/genus_osc_pd/20260601_o2_raw_tag_genus/timing_fast_count_to_nfast_hit.rpt,47,VIOLATED,-3000,clk_osc_fast_tap1,clk_osc_fast,clk_osc_fast_tap1,(R) u_core_u_fast_cnt_bin_q_reg[2]/C,(F) u_core_gen_pd_row[4].gen_pd_col[1].u_pd/nfast_hit_latched_reg[2]/D
OSC_FAST_REAL,/home/validmgr/ksabra/2026_SPAD/SPADMIC/results/genus_osc_pd/20260601_o2_raw_tag_genus/timing_fast_count_to_nfast_hit.rpt,48,VIOLATED,-3000,clk_osc_fast_tap1,clk_osc_fast,clk_osc_fast_tap1,(R) u_core_u_fast_cnt_bin_q_reg[2]/C,(F) u_core_gen_pd_row[1].gen_pd_col[1].u_pd/nfast_hit_latched_reg[2]/D
OSC_FAST_REAL,/home/validmgr/ksabra/2026_SPAD/SPADMIC/results/genus_osc_pd/20260601_o2_raw_tag_genus/timing_fast_count_to_nfast_hit.rpt,49,VIOLATED,-2986,clk_osc_fast_tap2,clk_osc_fast,clk_osc_fast_tap2,(R) u_core_u_fast_cnt_bin_q_reg[1]/C,(F) u_core_gen_pd_row[3].gen_pd_col[2].u_pd/nfast_hit_latched_reg[1]/D
OSC_FAST_REAL,/home/validmgr/ksabra/2026_SPAD/SPADMIC/results/genus_osc_pd/20260601_o2_raw_tag_genus/timing_fast_count_to_nfast_hit.rpt,50,VIOLATED,-2986,clk_osc_fast_tap2,clk_osc_fast,clk_osc_fast_tap2,(R) u_core_u_fast_cnt_bin_q_reg[1]/C,(F) u_core_gen_pd_row[2].gen_pd_col[2].u_pd/nfast_hit_latched_reg[1]/D
OSC_FAST_REAL,/home/validmgr/ksabra/2026_SPAD/SPADMIC/results/genus_osc_pd/20260601_o2_raw_tag_genus/timing_fast_count_to_nfast_hit.rpt,51,VIOLATED,-2986,clk_osc_fast_tap2,clk_osc_fast,clk_osc_fast_tap2,(R) u_core_u_fast_cnt_bin_q_reg[1]/C,(F) u_core_gen_pd_row[7].gen_pd_col[2].u_pd/nfast_hit_latched_reg[1]/D
OSC_FAST_REAL,/home/validmgr/ksabra/2026_SPAD/SPADMIC/results/genus_osc_pd/20260601_o2_raw_tag_genus/timing_fast_count_to_nfast_hit.rpt,52,VIOLATED,-2986,clk_osc_fast_tap2,clk_osc_fast,clk_osc_fast_tap2,(R) u_core_u_fast_cnt_bin_q_reg[1]/C,(F) u_core_gen_pd_row[6].gen_pd_col[2].u_pd/nfast_hit_latched_reg[1]/D
OSC_FAST_REAL,/home/validmgr/ksabra/2026_SPAD/SPADMIC/results/genus_osc_pd/20260601_o2_raw_tag_genus/timing_fast_count_to_nfast_hit.rpt,53,VIOLATED,-2986,clk_osc_fast_tap2,clk_osc_fast,clk_osc_fast_tap2,(R) u_core_u_fast_cnt_bin_q_reg[1]/C,(F) u_core_gen_pd_row[5].gen_pd_col[2].u_pd/nfast_hit_latched_reg[1]/D
OSC_FAST_REAL,/home/validmgr/ksabra/2026_SPAD/SPADMIC/results/genus_osc_pd/20260601_o2_raw_tag_genus/timing_fast_count_to_nfast_hit.rpt,54,VIOLATED,-2986,clk_osc_fast_tap2,clk_osc_fast,clk_osc_fast_tap2,(R) u_core_u_fast_cnt_bin_q_reg[1]/C,(F) u_core_gen_pd_row[4].gen_pd_col[2].u_pd/nfast_hit_latched_reg[1]/D
OSC_FAST_REAL,/home/validmgr/ksabra/2026_SPAD/SPADMIC/results/genus_osc_pd/20260601_o2_raw_tag_genus/timing_fast_count_to_nfast_hit.rpt,55,VIOLATED,-2984,clk_osc_fast_tap2,clk_osc_fast,clk_osc_fast_tap2,(R) u_core_u_fast_cnt_bin_q_reg[1]/C,(F) u_core_gen_pd_row[0].gen_pd_col[2].u_pd/nfast_hit_latched_reg[1]/D
OSC_FAST_REAL,/home/validmgr/ksabra/2026_SPAD/SPADMIC/results/genus_osc_pd/20260601_o2_raw_tag_genus/timing_fast_count_to_nfast_hit.rpt,56,VIOLATED,-2984,clk_osc_fast_tap2,clk_osc_fast,clk_osc_fast_tap2,(R) u_core_u_fast_cnt_bin_q_reg[1]/C,(F) u_core_gen_pd_row[1].gen_pd_col[2].u_pd/nfast_hit_latched_reg[1]/D
OSC_FAST_REAL,/home/validmgr/ksabra/2026_SPAD/SPADMIC/results/genus_osc_pd/20260601_o2_raw_tag_genus/timing_fast_count_to_nfast_hit.rpt,57,VIOLATED,-2980,clk_osc_fast_tap2,clk_osc_fast,clk_osc_fast_tap2,(R) u_core_u_fast_cnt_bin_q_reg[3]/C,(F) u_core_gen_pd_row[1].gen_pd_col[2].u_pd/nfast_hit_latched_reg[3]/D
OSC_FAST_REAL,/home/validmgr/ksabra/2026_SPAD/SPADMIC/results/genus_osc_pd/20260601_o2_raw_tag_genus/timing_fast_count_to_nfast_hit.rpt,58,VIOLATED,-2980,clk_osc_fast_tap2,clk_osc_fast,clk_osc_fast_tap2,(R) u_core_u_fast_cnt_bin_q_reg[3]/C,(F) u_core_gen_pd_row[0].gen_pd_col[2].u_pd/nfast_hit_latched_reg[3]/D
OSC_FAST_REAL,/home/validmgr/ksabra/2026_SPAD/SPADMIC/results/genus_osc_pd/20260601_o2_raw_tag_genus/timing_fast_count_to_nfast_hit.rpt,59,VIOLATED,-2980,clk_osc_fast_tap2,clk_osc_fast,clk_osc_fast_tap2,(R) u_core_u_fast_cnt_bin_q_reg[0]/C,(F) u_core_gen_pd_row[5].gen_pd_col[2].u_pd/nfast_hit_latched_reg[0]/D
OSC_FAST_REAL,/home/validmgr/ksabra/2026_SPAD/SPADMIC/results/genus_osc_pd/20260601_o2_raw_tag_genus/timing_fast_count_to_nfast_hit.rpt,60,VIOLATED,-2980,clk_osc_fast_tap2,clk_osc_fast,clk_osc_fast_tap2,(R) u_core_u_fast_cnt_bin_q_reg[0]/C,(F) u_core_gen_pd_row[0].gen_pd_col[2].u_pd/nfast_hit_latched_reg[0]/D
OSC_FAST_REAL,/home/validmgr/ksabra/2026_SPAD/SPADMIC/results/genus_osc_pd/20260601_o2_raw_tag_genus/timing_fast_count_to_nfast_hit.rpt,61,VIOLATED,-2977,clk_osc_fast_tap1,clk_osc_fast,clk_osc_fast_tap1,(R) u_core_u_fast_cnt_bin_q_reg[6]/C,(F) u_core_gen_pd_row[3].gen_pd_col[1].u_pd/nfast_hit_latched_reg[6]/D
OSC_FAST_REAL,/home/validmgr/ksabra/2026_SPAD/SPADMIC/results/genus_osc_pd/20260601_o2_raw_tag_genus/timing_fast_count_to_nfast_hit.rpt,62,VIOLATED,-2977,clk_osc_fast_tap1,clk_osc_fast,clk_osc_fast_tap1,(R) u_core_u_fast_cnt_bin_q_reg[6]/C,(F) u_core_gen_pd_row[2].gen_pd_col[1].u_pd/nfast_hit_latched_reg[6]/D
OSC_FAST_REAL,/home/validmgr/ksabra/2026_SPAD/SPADMIC/results/genus_osc_pd/20260601_o2_raw_tag_genus/timing_fast_count_to_nfast_hit.rpt,63,VIOLATED,-2977,clk_osc_fast_tap1,clk_osc_fast,clk_osc_fast_tap1,(R) u_core_u_fast_cnt_bin_q_reg[6]/C,(F) u_core_gen_pd_row[6].gen_pd_col[1].u_pd/nfast_hit_latched_reg[6]/D
OSC_FAST_REAL,/home/validmgr/ksabra/2026_SPAD/SPADMIC/results/genus_osc_pd/20260601_o2_raw_tag_genus/timing_fast_count_to_nfast_hit.rpt,64,VIOLATED,-2977,clk_osc_fast_tap1,clk_osc_fast,clk_osc_fast_tap1,(R) u_core_u_fast_cnt_bin_q_reg[6]/C,(F) u_core_gen_pd_row[0].gen_pd_col[1].u_pd/nfast_hit_latched_reg[6]/D
OSC_FAST_REAL,/home/validmgr/ksabra/2026_SPAD/SPADMIC/results/genus_osc_pd/20260601_o2_raw_tag_genus/timing_fast_count_to_nfast_hit.rpt,65,VIOLATED,-2976,clk_osc_fast_tap2,clk_osc_fast,clk_osc_fast_tap2,(R) u_core_u_fast_cnt_bin_q_reg[3]/C,(F) u_core_gen_pd_row[7].gen_pd_col[2].u_pd/nfast_hit_latched_reg[3]/D
OSC_FAST_REAL,/home/validmgr/ksabra/2026_SPAD/SPADMIC/results/genus_osc_pd/20260601_o2_raw_tag_genus/timing_fast_count_to_nfast_hit.rpt,66,VIOLATED,-2976,clk_osc_fast_tap2,clk_osc_fast,clk_osc_fast_tap2,(R) u_core_u_fast_cnt_bin_q_reg[3]/C,(F) u_core_gen_pd_row[3].gen_pd_col[2].u_pd/nfast_hit_latched_reg[3]/D
OSC_FAST_REAL,/home/validmgr/ksabra/2026_SPAD/SPADMIC/results/genus_osc_pd/20260601_o2_raw_tag_genus/timing_fast_count_to_nfast_hit.rpt,67,VIOLATED,-2976,clk_osc_fast_tap2,clk_osc_fast,clk_osc_fast_tap2,(R) u_core_u_fast_cnt_bin_q_reg[3]/C,(F) u_core_gen_pd_row[2].gen_pd_col[2].u_pd/nfast_hit_latched_reg[3]/D
OSC_FAST_REAL,/home/validmgr/ksabra/2026_SPAD/SPADMIC/results/genus_osc_pd/20260601_o2_raw_tag_genus/timing_fast_count_to_nfast_hit.rpt,68,VIOLATED,-2975,clk_osc_fast_tap2,clk_osc_fast,clk_osc_fast_tap2,(R) u_core_u_fast_cnt_bin_q_reg[3]/C,(F) u_core_gen_pd_row[5].gen_pd_col[2].u_pd/nfast_hit_latched_reg[3]/D
OSC_FAST_REAL,/home/validmgr/ksabra/2026_SPAD/SPADMIC/results/genus_osc_pd/20260601_o2_raw_tag_genus/timing_fast_count_to_nfast_hit.rpt,69,VIOLATED,-2975,clk_osc_fast_tap2,clk_osc_fast,clk_osc_fast_tap2,(R) u_core_u_fast_cnt_bin_q_reg[3]/C,(F) u_core_gen_pd_row[4].gen_pd_col[2].u_pd/nfast_hit_latched_reg[3]/D
OSC_FAST_REAL,/home/validmgr/ksabra/2026_SPAD/SPADMIC/results/genus_osc_pd/20260601_o2_raw_tag_genus/timing_fast_count_to_nfast_hit.rpt,70,VIOLATED,-2971,clk_osc_fast_tap2,clk_osc_fast,clk_osc_fast_tap2,(R) u_core_u_fast_cnt_bin_q_reg[4]/C,(F) u_core_gen_pd_row[7].gen_pd_col[2].u_pd/nfast_hit_latched_reg[4]/D
OSC_FAST_REAL,/home/validmgr/ksabra/2026_SPAD/SPADMIC/results/genus_osc_pd/20260601_o2_raw_tag_genus/timing_fast_count_to_nfast_hit.rpt,71,VIOLATED,-2971,clk_osc_fast_tap2,clk_osc_fast,clk_osc_fast_tap2,(R) u_core_u_fast_cnt_bin_q_reg[4]/C,(F) u_core_gen_pd_row[6].gen_pd_col[2].u_pd/nfast_hit_latched_reg[4]/D
OSC_FAST_REAL,/home/validmgr/ksabra/2026_SPAD/SPADMIC/results/genus_osc_pd/20260601_o2_raw_tag_genus/timing_fast_count_to_nfast_hit.rpt,72,VIOLATED,-2971,clk_osc_fast_tap2,clk_osc_fast,clk_osc_fast_tap2,(R) u_core_u_fast_cnt_bin_q_reg[4]/C,(F) u_core_gen_pd_row[5].gen_pd_col[2].u_pd/nfast_hit_latched_reg[4]/D
OSC_FAST_REAL,/home/validmgr/ksabra/2026_SPAD/SPADMIC/results/genus_osc_pd/20260601_o2_raw_tag_genus/timing_fast_count_to_nfast_hit.rpt,73,VIOLATED,-2971,clk_osc_fast_tap2,clk_osc_fast,clk_osc_fast_tap2,(R) u_core_u_fast_cnt_bin_q_reg[4]/C,(F) u_core_gen_pd_row[4].gen_pd_col[2].u_pd/nfast_hit_latched_reg[4]/D
OSC_FAST_REAL,/home/validmgr/ksabra/2026_SPAD/SPADMIC/results/genus_osc_pd/20260601_o2_raw_tag_genus/timing_fast_count_to_nfast_hit.rpt,74,VIOLATED,-2971,clk_osc_fast_tap2,clk_osc_fast,clk_osc_fast_tap2,(R) u_core_u_fast_cnt_bin_q_reg[4]/C,(F) u_core_gen_pd_row[3].gen_pd_col[2].u_pd/nfast_hit_latched_reg[4]/D
OSC_FAST_REAL,/home/validmgr/ksabra/2026_SPAD/SPADMIC/results/genus_osc_pd/20260601_o2_raw_tag_genus/timing_fast_count_to_nfast_hit.rpt,75,VIOLATED,-2971,clk_osc_fast_tap2,clk_osc_fast,clk_osc_fast_tap2,(R) u_core_u_fast_cnt_bin_q_reg[4]/C,(F) u_core_gen_pd_row[2].gen_pd_col[2].u_pd/nfast_hit_latched_reg[4]/D
OSC_FAST_REAL,/home/validmgr/ksabra/2026_SPAD/SPADMIC/results/genus_osc_pd/20260601_o2_raw_tag_genus/timing_fast_count_to_nfast_hit.rpt,76,VIOLATED,-2971,clk_osc_fast_tap2,clk_osc_fast,clk_osc_fast_tap2,(R) u_core_u_fast_cnt_bin_q_reg[4]/C,(F) u_core_gen_pd_row[1].gen_pd_col[2].u_pd/nfast_hit_latched_reg[4]/D
OSC_FAST_REAL,/home/validmgr/ksabra/2026_SPAD/SPADMIC/results/genus_osc_pd/20260601_o2_raw_tag_genus/timing_fast_count_to_nfast_hit.rpt,77,VIOLATED,-2971,clk_osc_fast_tap2,clk_osc_fast,clk_osc_fast_tap2,(R) u_core_u_fast_cnt_bin_q_reg[4]/C,(F) u_core_gen_pd_row[0].gen_pd_col[2].u_pd/nfast_hit_latched_reg[4]/D
OSC_FAST_REAL,/home/validmgr/ksabra/2026_SPAD/SPADMIC/results/genus_osc_pd/20260601_o2_raw_tag_genus/timing_fast_count_to_nfast_hit.rpt,78,VIOLATED,-2969,clk_osc_fast_tap2,clk_osc_fast,clk_osc_fast_tap2,(R) u_core_u_fast_cnt_bin_q_reg[0]/C,(F) u_core_gen_pd_row[1].gen_pd_col[2].u_pd/nfast_hit_latched_reg[0]/D
OSC_FAST_REAL,/home/validmgr/ksabra/2026_SPAD/SPADMIC/results/genus_osc_pd/20260601_o2_raw_tag_genus/timing_fast_count_to_nfast_hit.rpt,79,VIOLATED,-2968,clk_osc_fast_tap2,clk_osc_fast,clk_osc_fast_tap2,(R) u_core_u_fast_cnt_bin_q_reg[0]/C,(F) u_core_gen_pd_row[7].gen_pd_col[2].u_pd/nfast_hit_latched_reg[0]/D
OSC_FAST_REAL,/home/validmgr/ksabra/2026_SPAD/SPADMIC/results/genus_osc_pd/20260601_o2_raw_tag_genus/timing_fast_count_to_nfast_hit.rpt,80,VIOLATED,-2968,clk_osc_fast_tap2,clk_osc_fast,clk_osc_fast_tap2,(R) u_core_u_fast_cnt_bin_q_reg[0]/C,(F) u_core_gen_pd_row[6].gen_pd_col[2].u_pd/nfast_hit_latched_reg[0]/D
OSC_FAST_REAL,/home/validmgr/ksabra/2026_SPAD/SPADMIC/results/genus_osc_pd/20260601_o2_raw_tag_genus/timing_fast_count_to_nfast_hit.rpt,81,VIOLATED,-2968,clk_osc_fast_tap2,clk_osc_fast,clk_osc_fast_tap2,(R) u_core_u_fast_cnt_bin_q_reg[0]/C,(F) u_core_gen_pd_row[4].gen_pd_col[2].u_pd/nfast_hit_latched_reg[0]/D
OSC_FAST_REAL,/home/validmgr/ksabra/2026_SPAD/SPADMIC/results/genus_osc_pd/20260601_o2_raw_tag_genus/timing_fast_count_to_nfast_hit.rpt,82,VIOLATED,-2968,clk_osc_fast_tap2,clk_osc_fast,clk_osc_fast_tap2,(R) u_core_u_fast_cnt_bin_q_reg[0]/C,(F) u_core_gen_pd_row[3].gen_pd_col[2].u_pd/nfast_hit_latched_reg[0]/D
OSC_FAST_REAL,/home/validmgr/ksabra/2026_SPAD/SPADMIC/results/genus_osc_pd/20260601_o2_raw_tag_genus/timing_fast_count_to_nfast_hit.rpt,83,VIOLATED,-2968,clk_osc_fast_tap2,clk_osc_fast,clk_osc_fast_tap2,(R) u_core_u_fast_cnt_bin_q_reg[0]/C,(F) u_core_gen_pd_row[2].gen_pd_col[2].u_pd/nfast_hit_latched_reg[0]/D
OSC_FAST_REAL,/home/validmgr/ksabra/2026_SPAD/SPADMIC/results/genus_osc_pd/20260601_o2_raw_tag_genus/timing_fast_count_to_nfast_hit.rpt,84,VIOLATED,-2966,clk_osc_fast_tap1,clk_osc_fast,clk_osc_fast_tap1,(R) u_core_u_fast_cnt_bin_q_reg[6]/C,(F) u_core_gen_pd_row[7].gen_pd_col[1].u_pd/nfast_hit_latched_reg[6]/D
OSC_FAST_REAL,/home/validmgr/ksabra/2026_SPAD/SPADMIC/results/genus_osc_pd/20260601_o2_raw_tag_genus/timing_fast_count_to_nfast_hit.rpt,85,VIOLATED,-2966,clk_osc_fast_tap1,clk_osc_fast,clk_osc_fast_tap1,(R) u_core_u_fast_cnt_bin_q_reg[6]/C,(F) u_core_gen_pd_row[5].gen_pd_col[1].u_pd/nfast_hit_latched_reg[6]/D
OSC_FAST_REAL,/home/validmgr/ksabra/2026_SPAD/SPADMIC/results/genus_osc_pd/20260601_o2_raw_tag_genus/timing_fast_count_to_nfast_hit.rpt,86,VIOLATED,-2966,clk_osc_fast_tap1,clk_osc_fast,clk_osc_fast_tap1,(R) u_core_u_fast_cnt_bin_q_reg[6]/C,(F) u_core_gen_pd_row[1].gen_pd_col[1].u_pd/nfast_hit_latched_reg[6]/D
OSC_FAST_REAL,/home/validmgr/ksabra/2026_SPAD/SPADMIC/results/genus_osc_pd/20260601_o2_raw_tag_genus/timing_fast_count_to_nfast_hit.rpt,87,VIOLATED,-2966,clk_osc_fast_tap1,clk_osc_fast,clk_osc_fast_tap1,(R) u_core_u_fast_cnt_bin_q_reg[6]/C,(F) u_core_gen_pd_row[4].gen_pd_col[1].u_pd/nfast_hit_latched_reg[6]/D
OSC_FAST_REAL,/home/validmgr/ksabra/2026_SPAD/SPADMIC/results/genus_osc_pd/20260601_o2_raw_tag_genus/timing_fast_count_to_nfast_hit.rpt,88,VIOLATED,-2965,clk_osc_fast_tap2,clk_osc_fast,clk_osc_fast_tap2,(R) u_core_u_fast_cnt_bin_q_reg[3]/C,(F) u_core_gen_pd_row[6].gen_pd_col[2].u_pd/nfast_hit_latched_reg[3]/D
OSC_FAST_REAL,/home/validmgr/ksabra/2026_SPAD/SPADMIC/results/genus_osc_pd/20260601_o2_raw_tag_genus/timing_fast_count_to_nfast_hit.rpt,89,VIOLATED,-2963,clk_osc_fast_tap2,clk_osc_fast,clk_osc_fast_tap2,(R) u_core_u_fast_cnt_bin_q_reg[5]/C,(F) u_core_gen_pd_row[3].gen_pd_col[2].u_pd/nfast_hit_latched_reg[5]/D
OSC_FAST_REAL,/home/validmgr/ksabra/2026_SPAD/SPADMIC/results/genus_osc_pd/20260601_o2_raw_tag_genus/timing_fast_count_to_nfast_hit.rpt,90,VIOLATED,-2963,clk_osc_fast_tap2,clk_osc_fast,clk_osc_fast_tap2,(R) u_core_u_fast_cnt_bin_q_reg[5]/C,(F) u_core_gen_pd_row[2].gen_pd_col[2].u_pd/nfast_hit_latched_reg[5]/D
OSC_FAST_REAL,/home/validmgr/ksabra/2026_SPAD/SPADMIC/results/genus_osc_pd/20260601_o2_raw_tag_genus/timing_fast_count_to_nfast_hit.rpt,91,VIOLATED,-2963,clk_osc_fast_tap2,clk_osc_fast,clk_osc_fast_tap2,(R) u_core_u_fast_cnt_bin_q_reg[5]/C,(F) u_core_gen_pd_row[1].gen_pd_col[2].u_pd/nfast_hit_latched_reg[5]/D
OSC_FAST_REAL,/home/validmgr/ksabra/2026_SPAD/SPADMIC/results/genus_osc_pd/20260601_o2_raw_tag_genus/timing_fast_count_to_nfast_hit.rpt,92,VIOLATED,-2963,clk_osc_fast_tap2,clk_osc_fast,clk_osc_fast_tap2,(R) u_core_u_fast_cnt_bin_q_reg[5]/C,(F) u_core_gen_pd_row[0].gen_pd_col[2].u_pd/nfast_hit_latched_reg[5]/D
OSC_FAST_REAL,/home/validmgr/ksabra/2026_SPAD/SPADMIC/results/genus_osc_pd/20260601_o2_raw_tag_genus/timing_fast_count_to_nfast_hit.rpt,93,VIOLATED,-2963,clk_osc_fast_tap2,clk_osc_fast,clk_osc_fast_tap2,(R) u_core_u_fast_cnt_bin_q_reg[2]/C,(F) u_core_gen_pd_row[7].gen_pd_col[2].u_pd/nfast_hit_latched_reg[2]/D
OSC_FAST_REAL,/home/validmgr/ksabra/2026_SPAD/SPADMIC/results/genus_osc_pd/20260601_o2_raw_tag_genus/timing_fast_count_to_nfast_hit.rpt,94,VIOLATED,-2963,clk_osc_fast_tap2,clk_osc_fast,clk_osc_fast_tap2,(R) u_core_u_fast_cnt_bin_q_reg[2]/C,(F) u_core_gen_pd_row[6].gen_pd_col[2].u_pd/nfast_hit_latched_reg[2]/D
OSC_FAST_REAL,/home/validmgr/ksabra/2026_SPAD/SPADMIC/results/genus_osc_pd/20260601_o2_raw_tag_genus/timing_fast_count_to_nfast_hit.rpt,95,VIOLATED,-2963,clk_osc_fast_tap2,clk_osc_fast,clk_osc_fast_tap2,(R) u_core_u_fast_cnt_bin_q_reg[2]/C,(F) u_core_gen_pd_row[5].gen_pd_col[2].u_pd/nfast_hit_latched_reg[2]/D
OSC_FAST_REAL,/home/validmgr/ksabra/2026_SPAD/SPADMIC/results/genus_osc_pd/20260601_o2_raw_tag_genus/timing_fast_count_to_nfast_hit.rpt,96,VIOLATED,-2963,clk_osc_fast_tap2,clk_osc_fast,clk_osc_fast_tap2,(R) u_core_u_fast_cnt_bin_q_reg[2]/C,(F) u_core_gen_pd_row[4].gen_pd_col[2].u_pd/nfast_hit_latched_reg[2]/D
OSC_FAST_REAL,/home/validmgr/ksabra/2026_SPAD/SPADMIC/results/genus_osc_pd/20260601_o2_raw_tag_genus/timing_fast_count_to_nfast_hit.rpt,97,VIOLATED,-2963,clk_osc_fast_tap2,clk_osc_fast,clk_osc_fast_tap2,(R) u_core_u_fast_cnt_bin_q_reg[2]/C,(F) u_core_gen_pd_row[3].gen_pd_col[2].u_pd/nfast_hit_latched_reg[2]/D
OSC_FAST_REAL,/home/validmgr/ksabra/2026_SPAD/SPADMIC/results/genus_osc_pd/20260601_o2_raw_tag_genus/timing_fast_count_to_nfast_hit.rpt,98,VIOLATED,-2963,clk_osc_fast_tap2,clk_osc_fast,clk_osc_fast_tap2,(R) u_core_u_fast_cnt_bin_q_reg[2]/C,(F) u_core_gen_pd_row[2].gen_pd_col[2].u_pd/nfast_hit_latched_reg[2]/D
OSC_FAST_REAL,/home/validmgr/ksabra/2026_SPAD/SPADMIC/results/genus_osc_pd/20260601_o2_raw_tag_genus/timing_fast_count_to_nfast_hit.rpt,99,VIOLATED,-2963,clk_osc_fast_tap2,clk_osc_fast,clk_osc_fast_tap2,(R) u_core_u_fast_cnt_bin_q_reg[2]/C,(F) u_core_gen_pd_row[1].gen_pd_col[2].u_pd/nfast_hit_latched_reg[2]/D
OSC_FAST_REAL,/home/validmgr/ksabra/2026_SPAD/SPADMIC/results/genus_osc_pd/20260601_o2_raw_tag_genus/timing_fast_count_to_nfast_hit.rpt,100,VIOLATED,-2963,clk_osc_fast_tap2,clk_osc_fast,clk_osc_fast_tap2,(R) u_core_u_fast_cnt_bin_q_reg[2]/C,(F) u_core_gen_pd_row[0].gen_pd_col[2].u_pd/nfast_hit_latched_reg[2]/D
OSC_FAST_REAL,/home/validmgr/ksabra/2026_SPAD/SPADMIC/results/genus_osc_pd/20260601_o2_raw_tag_genus/timing_fast_count_to_nfast_hit.rpt,101,VIOLATED,-2962,clk_osc_fast_tap2,clk_osc_fast,clk_osc_fast_tap2,(R) u_core_u_fast_cnt_bin_q_reg[5]/C,(F) u_core_gen_pd_row[7].gen_pd_col[2].u_pd/nfast_hit_latched_reg[5]/D
OSC_FAST_REAL,/home/validmgr/ksabra/2026_SPAD/SPADMIC/results/genus_osc_pd/20260601_o2_raw_tag_genus/timing_fast_count_to_nfast_hit.rpt,102,VIOLATED,-2962,clk_osc_fast_tap2,clk_osc_fast,clk_osc_fast_tap2,(R) u_core_u_fast_cnt_bin_q_reg[5]/C,(F) u_core_gen_pd_row[6].gen_pd_col[2].u_pd/nfast_hit_latched_reg[5]/D
OSC_FAST_REAL,/home/validmgr/ksabra/2026_SPAD/SPADMIC/results/genus_osc_pd/20260601_o2_raw_tag_genus/timing_fast_count_to_nfast_hit.rpt,103,VIOLATED,-2962,clk_osc_fast_tap2,clk_osc_fast,clk_osc_fast_tap2,(R) u_core_u_fast_cnt_bin_q_reg[5]/C,(F) u_core_gen_pd_row[5].gen_pd_col[2].u_pd/nfast_hit_latched_reg[5]/D
OSC_FAST_REAL,/home/validmgr/ksabra/2026_SPAD/SPADMIC/results/genus_osc_pd/20260601_o2_raw_tag_genus/timing_fast_count_to_nfast_hit.rpt,104,VIOLATED,-2962,clk_osc_fast_tap2,clk_osc_fast,clk_osc_fast_tap2,(R) u_core_u_fast_cnt_bin_q_reg[5]/C,(F) u_core_gen_pd_row[4].gen_pd_col[2].u_pd/nfast_hit_latched_reg[5]/D
OSC_FAST_REAL,/home/validmgr/ksabra/2026_SPAD/SPADMIC/results/genus_osc_pd/20260601_o2_raw_tag_genus/timing_fast_count_to_nfast_hit.rpt,105,VIOLATED,-2944,clk_osc_fast_tap3,clk_osc_fast,clk_osc_fast_tap3,(R) u_core_u_fast_cnt_bin_q_reg[3]/C,(F) u_core_gen_pd_row[5].gen_pd_col[3].u_pd/nfast_hit_latched_reg[3]/D
OSC_FAST_REAL,/home/validmgr/ksabra/2026_SPAD/SPADMIC/results/genus_osc_pd/20260601_o2_raw_tag_genus/timing_fast_count_to_nfast_hit.rpt,106,VIOLATED,-2942,clk_osc_fast_tap3,clk_osc_fast,clk_osc_fast_tap3,(R) u_core_u_fast_cnt_bin_q_reg[3]/C,(F) u_core_gen_pd_row[4].gen_pd_col[3].u_pd/nfast_hit_latched_reg[3]/D
OSC_FAST_REAL,/home/validmgr/ksabra/2026_SPAD/SPADMIC/results/genus_osc_pd/20260601_o2_raw_tag_genus/timing_fast_count_to_nfast_hit.rpt,107,VIOLATED,-2936,clk_osc_fast_tap3,clk_osc_fast,clk_osc_fast_tap3,(R) u_core_u_fast_cnt_bin_q_reg[1]/C,(F) u_core_gen_pd_row[7].gen_pd_col[3].u_pd/nfast_hit_latched_reg[1]/D
OSC_FAST_REAL,/home/validmgr/ksabra/2026_SPAD/SPADMIC/results/genus_osc_pd/20260601_o2_raw_tag_genus/timing_fast_count_to_nfast_hit.rpt,108,VIOLATED,-2936,clk_osc_fast_tap3,clk_osc_fast,clk_osc_fast_tap3,(R) u_core_u_fast_cnt_bin_q_reg[1]/C,(F) u_core_gen_pd_row[6].gen_pd_col[3].u_pd/nfast_hit_latched_reg[1]/D
OSC_FAST_REAL,/home/validmgr/ksabra/2026_SPAD/SPADMIC/results/genus_osc_pd/20260601_o2_raw_tag_genus/timing_fast_count_to_nfast_hit.rpt,109,VIOLATED,-2936,clk_osc_fast_tap3,clk_osc_fast,clk_osc_fast_tap3,(R) u_core_u_fast_cnt_bin_q_reg[1]/C,(F) u_core_gen_pd_row[5].gen_pd_col[3].u_pd/nfast_hit_latched_reg[1]/D
OSC_FAST_REAL,/home/validmgr/ksabra/2026_SPAD/SPADMIC/results/genus_osc_pd/20260601_o2_raw_tag_genus/timing_fast_count_to_nfast_hit.rpt,110,VIOLATED,-2936,clk_osc_fast_tap3,clk_osc_fast,clk_osc_fast_tap3,(R) u_core_u_fast_cnt_bin_q_reg[1]/C,(F) u_core_gen_pd_row[3].gen_pd_col[3].u_pd/nfast_hit_latched_reg[1]/D
OSC_FAST_REAL,/home/validmgr/ksabra/2026_SPAD/SPADMIC/results/genus_osc_pd/20260601_o2_raw_tag_genus/timing_fast_count_to_nfast_hit.rpt,111,VIOLATED,-2936,clk_osc_fast_tap3,clk_osc_fast,clk_osc_fast_tap3,(R) u_core_u_fast_cnt_bin_q_reg[1]/C,(F) u_core_gen_pd_row[2].gen_pd_col[3].u_pd/nfast_hit_latched_reg[1]/D
OSC_FAST_REAL,/home/validmgr/ksabra/2026_SPAD/SPADMIC/results/genus_osc_pd/20260601_o2_raw_tag_genus/timing_fast_count_to_nfast_hit.rpt,112,VIOLATED,-2936,clk_osc_fast_tap3,clk_osc_fast,clk_osc_fast_tap3,(R) u_core_u_fast_cnt_bin_q_reg[1]/C,(F) u_core_gen_pd_row[1].gen_pd_col[3].u_pd/nfast_hit_latched_reg[1]/D
OSC_FAST_REAL,/home/validmgr/ksabra/2026_SPAD/SPADMIC/results/genus_osc_pd/20260601_o2_raw_tag_genus/timing_fast_count_to_nfast_hit.rpt,113,VIOLATED,-2936,clk_osc_fast_tap3,clk_osc_fast,clk_osc_fast_tap3,(R) u_core_u_fast_cnt_bin_q_reg[1]/C,(F) u_core_gen_pd_row[0].gen_pd_col[3].u_pd/nfast_hit_latched_reg[1]/D
OSC_FAST_REAL,/home/validmgr/ksabra/2026_SPAD/SPADMIC/results/genus_osc_pd/20260601_o2_raw_tag_genus/timing_fast_count_to_nfast_hit.rpt,114,VIOLATED,-2936,clk_osc_fast_tap3,clk_osc_fast,clk_osc_fast_tap3,(R) u_core_u_fast_cnt_bin_q_reg[1]/C,(F) u_core_gen_pd_row[4].gen_pd_col[3].u_pd/nfast_hit_latched_reg[1]/D
OSC_FAST_REAL,/home/validmgr/ksabra/2026_SPAD/SPADMIC/results/genus_osc_pd/20260601_o2_raw_tag_genus/timing_fast_count_to_nfast_hit.rpt,115,VIOLATED,-2930,clk_osc_fast_tap3,clk_osc_fast,clk_osc_fast_tap3,(R) u_core_u_fast_cnt_bin_q_reg[3]/C,(F) u_core_gen_pd_row[6].gen_pd_col[3].u_pd/nfast_hit_latched_reg[3]/D
OSC_FAST_REAL,/home/validmgr/ksabra/2026_SPAD/SPADMIC/results/genus_osc_pd/20260601_o2_raw_tag_genus/timing_fast_count_to_nfast_hit.rpt,116,VIOLATED,-2930,clk_osc_fast_tap3,clk_osc_fast,clk_osc_fast_tap3,(R) u_core_u_fast_cnt_bin_q_reg[0]/C,(F) u_core_gen_pd_row[7].gen_pd_col[3].u_pd/nfast_hit_latched_reg[0]/D
OSC_FAST_REAL,/home/validmgr/ksabra/2026_SPAD/SPADMIC/results/genus_osc_pd/20260601_o2_raw_tag_genus/timing_fast_count_to_nfast_hit.rpt,117,VIOLATED,-2930,clk_osc_fast_tap3,clk_osc_fast,clk_osc_fast_tap3,(R) u_core_u_fast_cnt_bin_q_reg[0]/C,(F) u_core_gen_pd_row[6].gen_pd_col[3].u_pd/nfast_hit_latched_reg[0]/D
OSC_FAST_REAL,/home/validmgr/ksabra/2026_SPAD/SPADMIC/results/genus_osc_pd/20260601_o2_raw_tag_genus/timing_fast_count_to_nfast_hit.rpt,118,VIOLATED,-2930,clk_osc_fast_tap3,clk_osc_fast,clk_osc_fast_tap3,(R) u_core_u_fast_cnt_bin_q_reg[0]/C,(F) u_core_gen_pd_row[4].gen_pd_col[3].u_pd/nfast_hit_latched_reg[0]/D
OSC_FAST_REAL,/home/validmgr/ksabra/2026_SPAD/SPADMIC/results/genus_osc_pd/20260601_o2_raw_tag_genus/timing_fast_count_to_nfast_hit.rpt,119,VIOLATED,-2930,clk_osc_fast_tap3,clk_osc_fast,clk_osc_fast_tap3,(R) u_core_u_fast_cnt_bin_q_reg[0]/C,(F) u_core_gen_pd_row[3].gen_pd_col[3].u_pd/nfast_hit_latched_reg[0]/D
OSC_FAST_REAL,/home/validmgr/ksabra/2026_SPAD/SPADMIC/results/genus_osc_pd/20260601_o2_raw_tag_genus/timing_fast_count_to_nfast_hit.rpt,120,VIOLATED,-2930,clk_osc_fast_tap3,clk_osc_fast,clk_osc_fast_tap3,(R) u_core_u_fast_cnt_bin_q_reg[0]/C,(F) u_core_gen_pd_row[2].gen_pd_col[3].u_pd/nfast_hit_latched_reg[0]/D
OSC_FAST_REAL,/home/validmgr/ksabra/2026_SPAD/SPADMIC/results/genus_osc_pd/20260601_o2_raw_tag_genus/timing_fast_count_to_nfast_hit.rpt,121,VIOLATED,-2930,clk_osc_fast_tap3,clk_osc_fast,clk_osc_fast_tap3,(R) u_core_u_fast_cnt_bin_q_reg[0]/C,(F) u_core_gen_pd_row[1].gen_pd_col[3].u_pd/nfast_hit_latched_reg[0]/D
OSC_FAST_REAL,/home/validmgr/ksabra/2026_SPAD/SPADMIC/results/genus_osc_pd/20260601_o2_raw_tag_genus/timing_fast_count_to_nfast_hit.rpt,122,VIOLATED,-2930,clk_osc_fast_tap3,clk_osc_fast,clk_osc_fast_tap3,(R) u_core_u_fast_cnt_bin_q_reg[0]/C,(F) u_core_gen_pd_row[0].gen_pd_col[3].u_pd/nfast_hit_latched_reg[0]/D
OSC_FAST_REAL,/home/validmgr/ksabra/2026_SPAD/SPADMIC/results/genus_osc_pd/20260601_o2_raw_tag_genus/timing_fast_count_to_nfast_hit.rpt,123,VIOLATED,-2926,clk_osc_fast_tap3,clk_osc_fast,clk_osc_fast_tap3,(R) u_core_u_fast_cnt_bin_q_reg[3]/C,(F) u_core_gen_pd_row[3].gen_pd_col[3].u_pd/nfast_hit_latched_reg[3]/D
OSC_FAST_REAL,/home/validmgr/ksabra/2026_SPAD/SPADMIC/results/genus_osc_pd/20260601_o2_raw_tag_genus/timing_fast_count_to_nfast_hit.rpt,124,VIOLATED,-2926,clk_osc_fast_tap3,clk_osc_fast,clk_osc_fast_tap3,(R) u_core_u_fast_cnt_bin_q_reg[3]/C,(F) u_core_gen_pd_row[2].gen_pd_col[3].u_pd/nfast_hit_latched_reg[3]/D
OSC_FAST_REAL,/home/validmgr/ksabra/2026_SPAD/SPADMIC/results/genus_osc_pd/20260601_o2_raw_tag_genus/timing_fast_count_to_nfast_hit.rpt,125,VIOLATED,-2926,clk_osc_fast_tap3,clk_osc_fast,clk_osc_fast_tap3,(R) u_core_u_fast_cnt_bin_q_reg[3]/C,(F) u_core_gen_pd_row[1].gen_pd_col[3].u_pd/nfast_hit_latched_reg[3]/D
OSC_FAST_REAL,/home/validmgr/ksabra/2026_SPAD/SPADMIC/results/genus_osc_pd/20260601_o2_raw_tag_genus/timing_fast_count_to_nfast_hit.rpt,126,VIOLATED,-2926,clk_osc_fast_tap3,clk_osc_fast,clk_osc_fast_tap3,(R) u_core_u_fast_cnt_bin_q_reg[3]/C,(F) u_core_gen_pd_row[0].gen_pd_col[3].u_pd/nfast_hit_latched_reg[3]/D
OSC_FAST_REAL,/home/validmgr/ksabra/2026_SPAD/SPADMIC/results/genus_osc_pd/20260601_o2_raw_tag_genus/timing_fast_count_to_nfast_hit.rpt,127,VIOLATED,-2926,clk_osc_fast_tap3,clk_osc_fast,clk_osc_fast_tap3,(R) u_core_u_fast_cnt_bin_q_reg[4]/C,(F) u_core_gen_pd_row[3].gen_pd_col[3].u_pd/nfast_hit_latched_reg[4]/D
OSC_FAST_REAL,/home/validmgr/ksabra/2026_SPAD/SPADMIC/results/genus_osc_pd/20260601_o2_raw_tag_genus/timing_fast_count_to_nfast_hit.rpt,128,VIOLATED,-2926,clk_osc_fast_tap3,clk_osc_fast,clk_osc_fast_tap3,(R) u_core_u_fast_cnt_bin_q_reg[4]/C,(F) u_core_gen_pd_row[2].gen_pd_col[3].u_pd/nfast_hit_latched_reg[4]/D
OSC_FAST_REAL,/home/validmgr/ksabra/2026_SPAD/SPADMIC/results/genus_osc_pd/20260601_o2_raw_tag_genus/timing_fast_count_to_nfast_hit.rpt,129,VIOLATED,-2926,clk_osc_fast_tap3,clk_osc_fast,clk_osc_fast_tap3,(R) u_core_u_fast_cnt_bin_q_reg[4]/C,(F) u_core_gen_pd_row[1].gen_pd_col[3].u_pd/nfast_hit_latched_reg[4]/D
OSC_FAST_REAL,/home/validmgr/ksabra/2026_SPAD/SPADMIC/results/genus_osc_pd/20260601_o2_raw_tag_genus/timing_fast_count_to_nfast_hit.rpt,130,VIOLATED,-2926,clk_osc_fast_tap3,clk_osc_fast,clk_osc_fast_tap3,(R) u_core_u_fast_cnt_bin_q_reg[4]/C,(F) u_core_gen_pd_row[6].gen_pd_col[3].u_pd/nfast_hit_latched_reg[4]/D
OSC_FAST_REAL,/home/validmgr/ksabra/2026_SPAD/SPADMIC/results/genus_osc_pd/20260601_o2_raw_tag_genus/timing_fast_count_to_nfast_hit.rpt,131,VIOLATED,-2926,clk_osc_fast_tap3,clk_osc_fast,clk_osc_fast_tap3,(R) u_core_u_fast_cnt_bin_q_reg[4]/C,(F) u_core_gen_pd_row[4].gen_pd_col[3].u_pd/nfast_hit_latched_reg[4]/D
OSC_FAST_REAL,/home/validmgr/ksabra/2026_SPAD/SPADMIC/results/genus_osc_pd/20260601_o2_raw_tag_genus/timing_fast_count_to_nfast_hit.rpt,132,VIOLATED,-2923,clk_osc_fast_tap2,clk_osc_fast,clk_osc_fast_tap2,(R) u_core_u_fast_cnt_bin_q_reg[6]/C,(F) u_core_gen_pd_row[7].gen_pd_col[2].u_pd/nfast_hit_latched_reg[6]/D
OSC_FAST_REAL,/home/validmgr/ksabra/2026_SPAD/SPADMIC/results/genus_osc_pd/20260601_o2_raw_tag_genus/timing_fast_count_to_nfast_hit.rpt,133,VIOLATED,-2923,clk_osc_fast_tap2,clk_osc_fast,clk_osc_fast_tap2,(R) u_core_u_fast_cnt_bin_q_reg[6]/C,(F) u_core_gen_pd_row[6].gen_pd_col[2].u_pd/nfast_hit_latched_reg[6]/D
OSC_FAST_REAL,/home/validmgr/ksabra/2026_SPAD/SPADMIC/results/genus_osc_pd/20260601_o2_raw_tag_genus/timing_fast_count_to_nfast_hit.rpt,134,VIOLATED,-2923,clk_osc_fast_tap2,clk_osc_fast,clk_osc_fast_tap2,(R) u_core_u_fast_cnt_bin_q_reg[6]/C,(F) u_core_gen_pd_row[5].gen_pd_col[2].u_pd/nfast_hit_latched_reg[6]/D
OSC_FAST_REAL,/home/validmgr/ksabra/2026_SPAD/SPADMIC/results/genus_osc_pd/20260601_o2_raw_tag_genus/timing_fast_count_to_nfast_hit.rpt,135,VIOLATED,-2923,clk_osc_fast_tap2,clk_osc_fast,clk_osc_fast_tap2,(R) u_core_u_fast_cnt_bin_q_reg[6]/C,(F) u_core_gen_pd_row[4].gen_pd_col[2].u_pd/nfast_hit_latched_reg[6]/D
OSC_FAST_REAL,/home/validmgr/ksabra/2026_SPAD/SPADMIC/results/genus_osc_pd/20260601_o2_raw_tag_genus/timing_fast_count_to_nfast_hit.rpt,136,VIOLATED,-2923,clk_osc_fast_tap2,clk_osc_fast,clk_osc_fast_tap2,(R) u_core_u_fast_cnt_bin_q_reg[6]/C,(F) u_core_gen_pd_row[3].gen_pd_col[2].u_pd/nfast_hit_latched_reg[6]/D
OSC_FAST_REAL,/home/validmgr/ksabra/2026_SPAD/SPADMIC/results/genus_osc_pd/20260601_o2_raw_tag_genus/timing_fast_count_to_nfast_hit.rpt,137,VIOLATED,-2923,clk_osc_fast_tap2,clk_osc_fast,clk_osc_fast_tap2,(R) u_core_u_fast_cnt_bin_q_reg[6]/C,(F) u_core_gen_pd_row[2].gen_pd_col[2].u_pd/nfast_hit_latched_reg[6]/D
OSC_FAST_REAL,/home/validmgr/ksabra/2026_SPAD/SPADMIC/results/genus_osc_pd/20260601_o2_raw_tag_genus/timing_fast_count_to_nfast_hit.rpt,138,VIOLATED,-2923,clk_osc_fast_tap2,clk_osc_fast,clk_osc_fast_tap2,(R) u_core_u_fast_cnt_bin_q_reg[6]/C,(F) u_core_gen_pd_row[1].gen_pd_col[2].u_pd/nfast_hit_latched_reg[6]/D
OSC_FAST_REAL,/home/validmgr/ksabra/2026_SPAD/SPADMIC/results/genus_osc_pd/20260601_o2_raw_tag_genus/timing_fast_count_to_nfast_hit.rpt,139,VIOLATED,-2923,clk_osc_fast_tap2,clk_osc_fast,clk_osc_fast_tap2,(R) u_core_u_fast_cnt_bin_q_reg[6]/C,(F) u_core_gen_pd_row[0].gen_pd_col[2].u_pd/nfast_hit_latched_reg[6]/D
OSC_FAST_REAL,/home/validmgr/ksabra/2026_SPAD/SPADMIC/results/genus_osc_pd/20260601_o2_raw_tag_genus/timing_fast_count_to_nfast_hit.rpt,140,VIOLATED,-2922,clk_osc_fast_tap3,clk_osc_fast,clk_osc_fast_tap3,(R) u_core_u_fast_cnt_bin_q_reg[0]/C,(F) u_core_gen_pd_row[5].gen_pd_col[3].u_pd/nfast_hit_latched_reg[0]/D
OSC_FAST_REAL,/home/validmgr/ksabra/2026_SPAD/SPADMIC/results/genus_osc_pd/20260601_o2_raw_tag_genus/timing_fast_count_to_nfast_hit.rpt,141,VIOLATED,-2921,clk_osc_fast_tap3,clk_osc_fast,clk_osc_fast_tap3,(R) u_core_u_fast_cnt_bin_q_reg[4]/C,(F) u_core_gen_pd_row[7].gen_pd_col[3].u_pd/nfast_hit_latched_reg[4]/D
OSC_FAST_REAL,/home/validmgr/ksabra/2026_SPAD/SPADMIC/results/genus_osc_pd/20260601_o2_raw_tag_genus/timing_fast_count_to_nfast_hit.rpt,142,VIOLATED,-2921,clk_osc_fast_tap3,clk_osc_fast,clk_osc_fast_tap3,(R) u_core_u_fast_cnt_bin_q_reg[4]/C,(F) u_core_gen_pd_row[5].gen_pd_col[3].u_pd/nfast_hit_latched_reg[4]/D
OSC_FAST_REAL,/home/validmgr/ksabra/2026_SPAD/SPADMIC/results/genus_osc_pd/20260601_o2_raw_tag_genus/timing_fast_count_to_nfast_hit.rpt,143,VIOLATED,-2921,clk_osc_fast_tap3,clk_osc_fast,clk_osc_fast_tap3,(R) u_core_u_fast_cnt_bin_q_reg[4]/C,(F) u_core_gen_pd_row[0].gen_pd_col[3].u_pd/nfast_hit_latched_reg[4]/D
OSC_FAST_REAL,/home/validmgr/ksabra/2026_SPAD/SPADMIC/results/genus_osc_pd/20260601_o2_raw_tag_genus/timing_fast_count_to_nfast_hit.rpt,144,VIOLATED,-2917,clk_osc_fast_tap3,clk_osc_fast,clk_osc_fast_tap3,(R) u_core_u_fast_cnt_bin_q_reg[2]/C,(F) u_core_gen_pd_row[3].gen_pd_col[3].u_pd/nfast_hit_latched_reg[2]/D
OSC_FAST_REAL,/home/validmgr/ksabra/2026_SPAD/SPADMIC/results/genus_osc_pd/20260601_o2_raw_tag_genus/timing_fast_count_to_nfast_hit.rpt,145,VIOLATED,-2917,clk_osc_fast_tap3,clk_osc_fast,clk_osc_fast_tap3,(R) u_core_u_fast_cnt_bin_q_reg[2]/C,(F) u_core_gen_pd_row[2].gen_pd_col[3].u_pd/nfast_hit_latched_reg[2]/D
OSC_FAST_REAL,/home/validmgr/ksabra/2026_SPAD/SPADMIC/results/genus_osc_pd/20260601_o2_raw_tag_genus/timing_fast_count_to_nfast_hit.rpt,146,VIOLATED,-2917,clk_osc_fast_tap3,clk_osc_fast,clk_osc_fast_tap3,(R) u_core_u_fast_cnt_bin_q_reg[2]/C,(F) u_core_gen_pd_row[1].gen_pd_col[3].u_pd/nfast_hit_latched_reg[2]/D
OSC_FAST_REAL,/home/validmgr/ksabra/2026_SPAD/SPADMIC/results/genus_osc_pd/20260601_o2_raw_tag_genus/timing_fast_count_to_nfast_hit.rpt,147,VIOLATED,-2917,clk_osc_fast_tap3,clk_osc_fast,clk_osc_fast_tap3,(R) u_core_u_fast_cnt_bin_q_reg[2]/C,(F) u_core_gen_pd_row[4].gen_pd_col[3].u_pd/nfast_hit_latched_reg[2]/D
OSC_FAST_REAL,/home/validmgr/ksabra/2026_SPAD/SPADMIC/results/genus_osc_pd/20260601_o2_raw_tag_genus/timing_fast_count_to_nfast_hit.rpt,148,VIOLATED,-2917,clk_osc_fast_tap3,clk_osc_fast,clk_osc_fast_tap3,(R) u_core_u_fast_cnt_bin_q_reg[5]/C,(F) u_core_gen_pd_row[5].gen_pd_col[3].u_pd/nfast_hit_latched_reg[5]/D
OSC_FAST_REAL,/home/validmgr/ksabra/2026_SPAD/SPADMIC/results/genus_osc_pd/20260601_o2_raw_tag_genus/timing_fast_count_to_nfast_hit.rpt,149,VIOLATED,-2913,clk_osc_fast_tap3,clk_osc_fast,clk_osc_fast_tap3,(R) u_core_u_fast_cnt_bin_q_reg[5]/C,(F) u_core_gen_pd_row[3].gen_pd_col[3].u_pd/nfast_hit_latched_reg[5]/D
OSC_FAST_REAL,/home/validmgr/ksabra/2026_SPAD/SPADMIC/results/genus_osc_pd/20260601_o2_raw_tag_genus/timing_fast_count_to_nfast_hit.rpt,150,VIOLATED,-2913,clk_osc_fast_tap3,clk_osc_fast,clk_osc_fast_tap3,(R) u_core_u_fast_cnt_bin_q_reg[5]/C,(F) u_core_gen_pd_row[1].gen_pd_col[3].u_pd/nfast_hit_latched_reg[5]/D
OSC_FAST_REAL,/home/validmgr/ksabra/2026_SPAD/SPADMIC/results/genus_osc_pd/20260601_o2_raw_tag_genus/timing_fast_count_to_nfast_hit.rpt,151,VIOLATED,-2913,clk_osc_fast_tap3,clk_osc_fast,clk_osc_fast_tap3,(R) u_core_u_fast_cnt_bin_q_reg[5]/C,(F) u_core_gen_pd_row[0].gen_pd_col[3].u_pd/nfast_hit_latched_reg[5]/D
OSC_FAST_REAL,/home/validmgr/ksabra/2026_SPAD/SPADMIC/results/genus_osc_pd/20260601_o2_raw_tag_genus/timing_fast_count_to_nfast_hit.rpt,152,VIOLATED,-2913,clk_osc_fast_tap3,clk_osc_fast,clk_osc_fast_tap3,(R) u_core_u_fast_cnt_bin_q_reg[5]/C,(F) u_core_gen_pd_row[2].gen_pd_col[3].u_pd/nfast_hit_latched_reg[5]/D
OSC_FAST_REAL,/home/validmgr/ksabra/2026_SPAD/SPADMIC/results/genus_osc_pd/20260601_o2_raw_tag_genus/timing_fast_count_to_nfast_hit.rpt,153,VIOLATED,-2912,clk_osc_fast_tap3,clk_osc_fast,clk_osc_fast_tap3,(R) u_core_u_fast_cnt_bin_q_reg[5]/C,(F) u_core_gen_pd_row[7].gen_pd_col[3].u_pd/nfast_hit_latched_reg[5]/D
OSC_FAST_REAL,/home/validmgr/ksabra/2026_SPAD/SPADMIC/results/genus_osc_pd/20260601_o2_raw_tag_genus/timing_fast_count_to_nfast_hit.rpt,154,VIOLATED,-2912,clk_osc_fast_tap3,clk_osc_fast,clk_osc_fast_tap3,(R) u_core_u_fast_cnt_bin_q_reg[5]/C,(F) u_core_gen_pd_row[6].gen_pd_col[3].u_pd/nfast_hit_latched_reg[5]/D
OSC_FAST_REAL,/home/validmgr/ksabra/2026_SPAD/SPADMIC/results/genus_osc_pd/20260601_o2_raw_tag_genus/timing_fast_count_to_nfast_hit.rpt,155,VIOLATED,-2901,clk_osc_fast_tap3,clk_osc_fast,clk_osc_fast_tap3,(R) u_core_u_fast_cnt_bin_q_reg[2]/C,(F) u_core_gen_pd_row[5].gen_pd_col[3].u_pd/nfast_hit_latched_reg[2]/D
OSC_FAST_REAL,/home/validmgr/ksabra/2026_SPAD/SPADMIC/results/genus_osc_pd/20260601_o2_raw_tag_genus/timing_fast_count_to_nfast_hit.rpt,156,VIOLATED,-2901,clk_osc_fast_tap3,clk_osc_fast,clk_osc_fast_tap3,(R) u_core_u_fast_cnt_bin_q_reg[5]/C,(F) u_core_gen_pd_row[4].gen_pd_col[3].u_pd/nfast_hit_latched_reg[5]/D
OSC_FAST_REAL,/home/validmgr/ksabra/2026_SPAD/SPADMIC/results/genus_osc_pd/20260601_o2_raw_tag_genus/timing_fast_count_to_nfast_hit.rpt,157,VIOLATED,-2900,clk_osc_fast_tap3,clk_osc_fast,clk_osc_fast_tap3,(R) u_core_u_fast_cnt_bin_q_reg[2]/C,(F) u_core_gen_pd_row[7].gen_pd_col[3].u_pd/nfast_hit_latched_reg[2]/D
OSC_FAST_REAL,/home/validmgr/ksabra/2026_SPAD/SPADMIC/results/genus_osc_pd/20260601_o2_raw_tag_genus/timing_fast_count_to_nfast_hit.rpt,158,VIOLATED,-2900,clk_osc_fast_tap3,clk_osc_fast,clk_osc_fast_tap3,(R) u_core_u_fast_cnt_bin_q_reg[2]/C,(F) u_core_gen_pd_row[6].gen_pd_col[3].u_pd/nfast_hit_latched_reg[2]/D
OSC_FAST_REAL,/home/validmgr/ksabra/2026_SPAD/SPADMIC/results/genus_osc_pd/20260601_o2_raw_tag_genus/timing_fast_count_to_nfast_hit.rpt,159,VIOLATED,-2900,clk_osc_fast_tap3,clk_osc_fast,clk_osc_fast_tap3,(R) u_core_u_fast_cnt_bin_q_reg[2]/C,(F) u_core_gen_pd_row[0].gen_pd_col[3].u_pd/nfast_hit_latched_reg[2]/D
OSC_FAST_REAL,/home/validmgr/ksabra/2026_SPAD/SPADMIC/results/genus_osc_pd/20260601_o2_raw_tag_genus/timing_fast_count_to_nfast_hit.rpt,160,VIOLATED,-2900,clk_osc_fast_tap3,clk_osc_fast,clk_osc_fast_tap3,(R) u_core_u_fast_cnt_bin_q_reg[6]/C,(F) u_core_gen_pd_row[1].gen_pd_col[3].u_pd/nfast_hit_latched_reg[6]/D
OSC_FAST_REAL,/home/validmgr/ksabra/2026_SPAD/SPADMIC/results/genus_osc_pd/20260601_o2_raw_tag_genus/timing_fast_count_to_nfast_hit.rpt,161,VIOLATED,-2896,clk_osc_fast_tap3,clk_osc_fast,clk_osc_fast_tap3,(R) u_core_u_fast_cnt_bin_q_reg[3]/C,(F) u_core_gen_pd_row[7].gen_pd_col[3].u_pd/nfast_hit_latched_reg[3]/D
OSC_FAST_REAL,/home/validmgr/ksabra/2026_SPAD/SPADMIC/results/genus_osc_pd/20260601_o2_raw_tag_genus/timing_fast_count_to_nfast_hit.rpt,162,VIOLATED,-2894,clk_osc_fast_tap4,clk_osc_fast,clk_osc_fast_tap4,(R) u_core_u_fast_cnt_bin_q_reg[1]/C,(F) u_core_gen_pd_row[7].gen_pd_col[4].u_pd/nfast_hit_latched_reg[1]/D
OSC_FAST_REAL,/home/validmgr/ksabra/2026_SPAD/SPADMIC/results/genus_osc_pd/20260601_o2_raw_tag_genus/timing_fast_count_to_nfast_hit.rpt,163,VIOLATED,-2894,clk_osc_fast_tap4,clk_osc_fast,clk_osc_fast_tap4,(R) u_core_u_fast_cnt_bin_q_reg[3]/C,(F) u_core_gen_pd_row[3].gen_pd_col[4].u_pd/nfast_hit_latched_reg[3]/D
OSC_FAST_REAL,/home/validmgr/ksabra/2026_SPAD/SPADMIC/results/genus_osc_pd/20260601_o2_raw_tag_genus/timing_fast_count_to_nfast_hit.rpt,164,VIOLATED,-2894,clk_osc_fast_tap4,clk_osc_fast,clk_osc_fast_tap4,(R) u_core_u_fast_cnt_bin_q_reg[3]/C,(F) u_core_gen_pd_row[2].gen_pd_col[4].u_pd/nfast_hit_latched_reg[3]/D
OSC_FAST_REAL,/home/validmgr/ksabra/2026_SPAD/SPADMIC/results/genus_osc_pd/20260601_o2_raw_tag_genus/timing_fast_count_to_nfast_hit.rpt,165,VIOLATED,-2894,clk_osc_fast_tap4,clk_osc_fast,clk_osc_fast_tap4,(R) u_core_u_fast_cnt_bin_q_reg[3]/C,(F) u_core_gen_pd_row[1].gen_pd_col[4].u_pd/nfast_hit_latched_reg[3]/D
OSC_FAST_REAL,/home/validmgr/ksabra/2026_SPAD/SPADMIC/results/genus_osc_pd/20260601_o2_raw_tag_genus/timing_fast_count_to_nfast_hit.rpt,166,VIOLATED,-2894,clk_osc_fast_tap4,clk_osc_fast,clk_osc_fast_tap4,(R) u_core_u_fast_cnt_bin_q_reg[3]/C,(F) u_core_gen_pd_row[0].gen_pd_col[4].u_pd/nfast_hit_latched_reg[3]/D
OSC_FAST_REAL,/home/validmgr/ksabra/2026_SPAD/SPADMIC/results/genus_osc_pd/20260601_o2_raw_tag_genus/timing_fast_count_to_nfast_hit.rpt,167,VIOLATED,-2894,clk_osc_fast_tap4,clk_osc_fast,clk_osc_fast_tap4,(R) u_core_u_fast_cnt_bin_q_reg[3]/C,(F) u_core_gen_pd_row[5].gen_pd_col[4].u_pd/nfast_hit_latched_reg[3]/D
OSC_FAST_REAL,/home/validmgr/ksabra/2026_SPAD/SPADMIC/results/genus_osc_pd/20260601_o2_raw_tag_genus/timing_fast_count_to_nfast_hit.rpt,168,VIOLATED,-2894,clk_osc_fast_tap4,clk_osc_fast,clk_osc_fast_tap4,(R) u_core_u_fast_cnt_bin_q_reg[3]/C,(F) u_core_gen_pd_row[4].gen_pd_col[4].u_pd/nfast_hit_latched_reg[3]/D
OSC_FAST_REAL,/home/validmgr/ksabra/2026_SPAD/SPADMIC/results/genus_osc_pd/20260601_o2_raw_tag_genus/timing_fast_count_to_nfast_hit.rpt,169,VIOLATED,-2889,clk_osc_fast_tap3,clk_osc_fast,clk_osc_fast_tap3,(R) u_core_u_fast_cnt_bin_q_reg[6]/C,(F) u_core_gen_pd_row[0].gen_pd_col[3].u_pd/nfast_hit_latched_reg[6]/D
OSC_FAST_REAL,/home/validmgr/ksabra/2026_SPAD/SPADMIC/results/genus_osc_pd/20260601_o2_raw_tag_genus/timing_fast_count_to_nfast_hit.rpt,170,VIOLATED,-2882,clk_osc_fast_tap4,clk_osc_fast,clk_osc_fast_tap4,(R) u_core_u_fast_cnt_bin_q_reg[5]/C,(F) u_core_gen_pd_row[3].gen_pd_col[4].u_pd/nfast_hit_latched_reg[5]/D
OSC_FAST_REAL,/home/validmgr/ksabra/2026_SPAD/SPADMIC/results/genus_osc_pd/20260601_o2_raw_tag_genus/timing_fast_count_to_nfast_hit.rpt,171,VIOLATED,-2873,clk_osc_fast_tap3,clk_osc_fast,clk_osc_fast_tap3,(R) u_core_u_fast_cnt_bin_q_reg[6]/C,(F) u_core_gen_pd_row[7].gen_pd_col[3].u_pd/nfast_hit_latched_reg[6]/D
OSC_FAST_REAL,/home/validmgr/ksabra/2026_SPAD/SPADMIC/results/genus_osc_pd/20260601_o2_raw_tag_genus/timing_fast_count_to_nfast_hit.rpt,172,VIOLATED,-2873,clk_osc_fast_tap3,clk_osc_fast,clk_osc_fast_tap3,(R) u_core_u_fast_cnt_bin_q_reg[6]/C,(F) u_core_gen_pd_row[6].gen_pd_col[3].u_pd/nfast_hit_latched_reg[6]/D
OSC_FAST_REAL,/home/validmgr/ksabra/2026_SPAD/SPADMIC/results/genus_osc_pd/20260601_o2_raw_tag_genus/timing_fast_count_to_nfast_hit.rpt,173,VIOLATED,-2873,clk_osc_fast_tap3,clk_osc_fast,clk_osc_fast_tap3,(R) u_core_u_fast_cnt_bin_q_reg[6]/C,(F) u_core_gen_pd_row[5].gen_pd_col[3].u_pd/nfast_hit_latched_reg[6]/D
OSC_FAST_REAL,/home/validmgr/ksabra/2026_SPAD/SPADMIC/results/genus_osc_pd/20260601_o2_raw_tag_genus/timing_fast_count_to_nfast_hit.rpt,174,VIOLATED,-2873,clk_osc_fast_tap3,clk_osc_fast,clk_osc_fast_tap3,(R) u_core_u_fast_cnt_bin_q_reg[6]/C,(F) u_core_gen_pd_row[4].gen_pd_col[3].u_pd/nfast_hit_latched_reg[6]/D
OSC_FAST_REAL,/home/validmgr/ksabra/2026_SPAD/SPADMIC/results/genus_osc_pd/20260601_o2_raw_tag_genus/timing_fast_count_to_nfast_hit.rpt,175,VIOLATED,-2873,clk_osc_fast_tap3,clk_osc_fast,clk_osc_fast_tap3,(R) u_core_u_fast_cnt_bin_q_reg[6]/C,(F) u_core_gen_pd_row[3].gen_pd_col[3].u_pd/nfast_hit_latched_reg[6]/D
OSC_FAST_REAL,/home/validmgr/ksabra/2026_SPAD/SPADMIC/results/genus_osc_pd/20260601_o2_raw_tag_genus/timing_fast_count_to_nfast_hit.rpt,176,VIOLATED,-2873,clk_osc_fast_tap3,clk_osc_fast,clk_osc_fast_tap3,(R) u_core_u_fast_cnt_bin_q_reg[6]/C,(F) u_core_gen_pd_row[2].gen_pd_col[3].u_pd/nfast_hit_latched_reg[6]/D
OSC_FAST_REAL,/home/validmgr/ksabra/2026_SPAD/SPADMIC/results/genus_osc_pd/20260601_o2_raw_tag_genus/timing_fast_count_to_nfast_hit.rpt,177,VIOLATED,-2871,clk_osc_fast_tap4,clk_osc_fast,clk_osc_fast_tap4,(R) u_core_u_fast_cnt_bin_q_reg[4]/C,(F) u_core_gen_pd_row[5].gen_pd_col[4].u_pd/nfast_hit_latched_reg[4]/D
OSC_FAST_REAL,/home/validmgr/ksabra/2026_SPAD/SPADMIC/results/genus_osc_pd/20260601_o2_raw_tag_genus/timing_fast_count_to_nfast_hit.rpt,178,VIOLATED,-2871,clk_osc_fast_tap4,clk_osc_fast,clk_osc_fast_tap4,(R) u_core_u_fast_cnt_bin_q_reg[4]/C,(F) u_core_gen_pd_row[4].gen_pd_col[4].u_pd/nfast_hit_latched_reg[4]/D
OSC_FAST_REAL,/home/validmgr/ksabra/2026_SPAD/SPADMIC/results/genus_osc_pd/20260601_o2_raw_tag_genus/timing_fast_count_to_nfast_hit.rpt,179,VIOLATED,-2871,clk_osc_fast_tap4,clk_osc_fast,clk_osc_fast_tap4,(R) u_core_u_fast_cnt_bin_q_reg[4]/C,(F) u_core_gen_pd_row[0].gen_pd_col[4].u_pd/nfast_hit_latched_reg[4]/D
OSC_FAST_REAL,/home/validmgr/ksabra/2026_SPAD/SPADMIC/results/genus_osc_pd/20260601_o2_raw_tag_genus/timing_fast_count_to_nfast_hit.rpt,180,VIOLATED,-2868,clk_osc_fast_tap4,clk_osc_fast,clk_osc_fast_tap4,(R) u_core_u_fast_cnt_bin_q_reg[4]/C,(F) u_core_gen_pd_row[7].gen_pd_col[4].u_pd/nfast_hit_latched_reg[4]/D
OSC_FAST_REAL,/home/validmgr/ksabra/2026_SPAD/SPADMIC/results/genus_osc_pd/20260601_o2_raw_tag_genus/timing_fast_count_to_nfast_hit.rpt,181,VIOLATED,-2868,clk_osc_fast_tap4,clk_osc_fast,clk_osc_fast_tap4,(R) u_core_u_fast_cnt_bin_q_reg[4]/C,(F) u_core_gen_pd_row[6].gen_pd_col[4].u_pd/nfast_hit_latched_reg[4]/D
OSC_FAST_REAL,/home/validmgr/ksabra/2026_SPAD/SPADMIC/results/genus_osc_pd/20260601_o2_raw_tag_genus/timing_fast_count_to_nfast_hit.rpt,182,VIOLATED,-2868,clk_osc_fast_tap4,clk_osc_fast,clk_osc_fast_tap4,(R) u_core_u_fast_cnt_bin_q_reg[4]/C,(F) u_core_gen_pd_row[3].gen_pd_col[4].u_pd/nfast_hit_latched_reg[4]/D
OSC_FAST_REAL,/home/validmgr/ksabra/2026_SPAD/SPADMIC/results/genus_osc_pd/20260601_o2_raw_tag_genus/timing_fast_count_to_nfast_hit.rpt,183,VIOLATED,-2868,clk_osc_fast_tap4,clk_osc_fast,clk_osc_fast_tap4,(R) u_core_u_fast_cnt_bin_q_reg[4]/C,(F) u_core_gen_pd_row[2].gen_pd_col[4].u_pd/nfast_hit_latched_reg[4]/D
OSC_FAST_REAL,/home/validmgr/ksabra/2026_SPAD/SPADMIC/results/genus_osc_pd/20260601_o2_raw_tag_genus/timing_fast_count_to_nfast_hit.rpt,184,VIOLATED,-2868,clk_osc_fast_tap4,clk_osc_fast,clk_osc_fast_tap4,(R) u_core_u_fast_cnt_bin_q_reg[4]/C,(F) u_core_gen_pd_row[1].gen_pd_col[4].u_pd/nfast_hit_latched_reg[4]/D
OSC_FAST_REAL,/home/validmgr/ksabra/2026_SPAD/SPADMIC/results/genus_osc_pd/20260601_o2_raw_tag_genus/timing_fast_count_to_nfast_hit.rpt,185,VIOLATED,-2868,clk_osc_fast_tap4,clk_osc_fast,clk_osc_fast_tap4,(R) u_core_u_fast_cnt_bin_q_reg[0]/C,(F) u_core_gen_pd_row[5].gen_pd_col[4].u_pd/nfast_hit_latched_reg[0]/D
OSC_FAST_REAL,/home/validmgr/ksabra/2026_SPAD/SPADMIC/results/genus_osc_pd/20260601_o2_raw_tag_genus/timing_fast_count_to_nfast_hit.rpt,186,VIOLATED,-2868,clk_osc_fast_tap4,clk_osc_fast,clk_osc_fast_tap4,(R) u_core_u_fast_cnt_bin_q_reg[0]/C,(F) u_core_gen_pd_row[4].gen_pd_col[4].u_pd/nfast_hit_latched_reg[0]/D
OSC_FAST_REAL,/home/validmgr/ksabra/2026_SPAD/SPADMIC/results/genus_osc_pd/20260601_o2_raw_tag_genus/timing_fast_count_to_nfast_hit.rpt,187,VIOLATED,-2868,clk_osc_fast_tap4,clk_osc_fast,clk_osc_fast_tap4,(R) u_core_u_fast_cnt_bin_q_reg[0]/C,(F) u_core_gen_pd_row[3].gen_pd_col[4].u_pd/nfast_hit_latched_reg[0]/D
OSC_FAST_REAL,/home/validmgr/ksabra/2026_SPAD/SPADMIC/results/genus_osc_pd/20260601_o2_raw_tag_genus/timing_fast_count_to_nfast_hit.rpt,188,VIOLATED,-2868,clk_osc_fast_tap4,clk_osc_fast,clk_osc_fast_tap4,(R) u_core_u_fast_cnt_bin_q_reg[0]/C,(F) u_core_gen_pd_row[0].gen_pd_col[4].u_pd/nfast_hit_latched_reg[0]/D
OSC_FAST_REAL,/home/validmgr/ksabra/2026_SPAD/SPADMIC/results/genus_osc_pd/20260601_o2_raw_tag_genus/timing_fast_count_to_nfast_hit.rpt,189,VIOLATED,-2868,clk_osc_fast_tap4,clk_osc_fast,clk_osc_fast_tap4,(R) u_core_u_fast_cnt_bin_q_reg[0]/C,(F) u_core_gen_pd_row[2].gen_pd_col[4].u_pd/nfast_hit_latched_reg[0]/D
OSC_FAST_REAL,/home/validmgr/ksabra/2026_SPAD/SPADMIC/results/genus_osc_pd/20260601_o2_raw_tag_genus/timing_fast_count_to_nfast_hit.rpt,190,VIOLATED,-2868,clk_osc_fast_tap4,clk_osc_fast,clk_osc_fast_tap4,(R) u_core_u_fast_cnt_bin_q_reg[0]/C,(F) u_core_gen_pd_row[1].gen_pd_col[4].u_pd/nfast_hit_latched_reg[0]/D
OSC_FAST_REAL,/home/validmgr/ksabra/2026_SPAD/SPADMIC/results/genus_osc_pd/20260601_o2_raw_tag_genus/timing_fast_count_to_nfast_hit.rpt,191,VIOLATED,-2865,clk_osc_fast_tap4,clk_osc_fast,clk_osc_fast_tap4,(R) u_core_u_fast_cnt_bin_q_reg[0]/C,(F) u_core_gen_pd_row[6].gen_pd_col[4].u_pd/nfast_hit_latched_reg[0]/D
OSC_FAST_REAL,/home/validmgr/ksabra/2026_SPAD/SPADMIC/results/genus_osc_pd/20260601_o2_raw_tag_genus/timing_fast_count_to_nfast_hit.rpt,192,VIOLATED,-2864,clk_osc_fast_tap4,clk_osc_fast,clk_osc_fast_tap4,(R) u_core_u_fast_cnt_bin_q_reg[0]/C,(F) u_core_gen_pd_row[7].gen_pd_col[4].u_pd/nfast_hit_latched_reg[0]/D
OSC_FAST_REAL,/home/validmgr/ksabra/2026_SPAD/SPADMIC/results/genus_osc_pd/20260601_o2_raw_tag_genus/timing_fast_count_to_nfast_hit.rpt,193,VIOLATED,-2864,clk_osc_fast_tap4,clk_osc_fast,clk_osc_fast_tap4,(R) u_core_u_fast_cnt_bin_q_reg[1]/C,(F) u_core_gen_pd_row[6].gen_pd_col[4].u_pd/nfast_hit_latched_reg[1]/D
OSC_FAST_REAL,/home/validmgr/ksabra/2026_SPAD/SPADMIC/results/genus_osc_pd/20260601_o2_raw_tag_genus/timing_fast_count_to_nfast_hit.rpt,194,VIOLATED,-2864,clk_osc_fast_tap4,clk_osc_fast,clk_osc_fast_tap4,(R) u_core_u_fast_cnt_bin_q_reg[1]/C,(F) u_core_gen_pd_row[0].gen_pd_col[4].u_pd/nfast_hit_latched_reg[1]/D
OSC_FAST_REAL,/home/validmgr/ksabra/2026_SPAD/SPADMIC/results/genus_osc_pd/20260601_o2_raw_tag_genus/timing_fast_count_to_nfast_hit.rpt,195,VIOLATED,-2863,clk_osc_fast_tap4,clk_osc_fast,clk_osc_fast_tap4,(R) u_core_u_fast_cnt_bin_q_reg[5]/C,(F) u_core_gen_pd_row[0].gen_pd_col[4].u_pd/nfast_hit_latched_reg[5]/D
OSC_FAST_REAL,/home/validmgr/ksabra/2026_SPAD/SPADMIC/results/genus_osc_pd/20260601_o2_raw_tag_genus/timing_fast_count_to_nfast_hit.rpt,196,VIOLATED,-2862,clk_osc_fast_tap4,clk_osc_fast,clk_osc_fast_tap4,(R) u_core_u_fast_cnt_bin_q_reg[5]/C,(F) u_core_gen_pd_row[7].gen_pd_col[4].u_pd/nfast_hit_latched_reg[5]/D
OSC_FAST_REAL,/home/validmgr/ksabra/2026_SPAD/SPADMIC/results/genus_osc_pd/20260601_o2_raw_tag_genus/timing_fast_count_to_nfast_hit.rpt,197,VIOLATED,-2862,clk_osc_fast_tap4,clk_osc_fast,clk_osc_fast_tap4,(R) u_core_u_fast_cnt_bin_q_reg[5]/C,(F) u_core_gen_pd_row[6].gen_pd_col[4].u_pd/nfast_hit_latched_reg[5]/D
OSC_FAST_REAL,/home/validmgr/ksabra/2026_SPAD/SPADMIC/results/genus_osc_pd/20260601_o2_raw_tag_genus/timing_fast_count_to_nfast_hit.rpt,198,VIOLATED,-2862,clk_osc_fast_tap4,clk_osc_fast,clk_osc_fast_tap4,(R) u_core_u_fast_cnt_bin_q_reg[5]/C,(F) u_core_gen_pd_row[5].gen_pd_col[4].u_pd/nfast_hit_latched_reg[5]/D
OSC_FAST_REAL,/home/validmgr/ksabra/2026_SPAD/SPADMIC/results/genus_osc_pd/20260601_o2_raw_tag_genus/timing_fast_count_to_nfast_hit.rpt,199,VIOLATED,-2862,clk_osc_fast_tap4,clk_osc_fast,clk_osc_fast_tap4,(R) u_core_u_fast_cnt_bin_q_reg[5]/C,(F) u_core_gen_pd_row[4].gen_pd_col[4].u_pd/nfast_hit_latched_reg[5]/D
OSC_FAST_REAL,/home/validmgr/ksabra/2026_SPAD/SPADMIC/results/genus_osc_pd/20260601_o2_raw_tag_genus/timing_fast_count_to_nfast_hit.rpt,200,VIOLATED,-2852,clk_osc_fast_tap4,clk_osc_fast,clk_osc_fast_tap4,(R) u_core_u_fast_cnt_bin_q_reg[1]/C,(F) u_core_gen_pd_row[5].gen_pd_col[4].u_pd/nfast_hit_latched_reg[1]/D
OSC_FAST_REAL,/home/validmgr/ksabra/2026_SPAD/SPADMIC/results/genus_osc_pd/20260601_o2_raw_tag_genus/timing_fast_count_to_nfast_hit.rpt,201,VIOLATED,-2852,clk_osc_fast_tap4,clk_osc_fast,clk_osc_fast_tap4,(R) u_core_u_fast_cnt_bin_q_reg[1]/C,(F) u_core_gen_pd_row[4].gen_pd_col[4].u_pd/nfast_hit_latched_reg[1]/D
OSC_FAST_REAL,/home/validmgr/ksabra/2026_SPAD/SPADMIC/results/genus_osc_pd/20260601_o2_raw_tag_genus/timing_fast_count_to_nfast_hit.rpt,202,VIOLATED,-2852,clk_osc_fast_tap4,clk_osc_fast,clk_osc_fast_tap4,(R) u_core_u_fast_cnt_bin_q_reg[1]/C,(F) u_core_gen_pd_row[3].gen_pd_col[4].u_pd/nfast_hit_latched_reg[1]/D
OSC_FAST_REAL,/home/validmgr/ksabra/2026_SPAD/SPADMIC/results/genus_osc_pd/20260601_o2_raw_tag_genus/timing_fast_count_to_nfast_hit.rpt,203,VIOLATED,-2852,clk_osc_fast_tap4,clk_osc_fast,clk_osc_fast_tap4,(R) u_core_u_fast_cnt_bin_q_reg[1]/C,(F) u_core_gen_pd_row[2].gen_pd_col[4].u_pd/nfast_hit_latched_reg[1]/D
OSC_FAST_REAL,/home/validmgr/ksabra/2026_SPAD/SPADMIC/results/genus_osc_pd/20260601_o2_raw_tag_genus/timing_fast_count_to_nfast_hit.rpt,204,VIOLATED,-2852,clk_osc_fast_tap4,clk_osc_fast,clk_osc_fast_tap4,(R) u_core_u_fast_cnt_bin_q_reg[1]/C,(F) u_core_gen_pd_row[1].gen_pd_col[4].u_pd/nfast_hit_latched_reg[1]/D
OSC_FAST_REAL,/home/validmgr/ksabra/2026_SPAD/SPADMIC/results/genus_osc_pd/20260601_o2_raw_tag_genus/timing_fast_count_to_nfast_hit.rpt,205,VIOLATED,-2851,clk_osc_fast_tap5,clk_osc_fast,clk_osc_fast_tap5,(R) u_core_u_fast_cnt_bin_q_reg[3]/C,(F) u_core_gen_pd_row[5].gen_pd_col[5].u_pd/nfast_hit_latched_reg[3]/D
OSC_FAST_REAL,/home/validmgr/ksabra/2026_SPAD/SPADMIC/results/genus_osc_pd/20260601_o2_raw_tag_genus/timing_fast_count_to_nfast_hit.rpt,206,VIOLATED,-2851,clk_osc_fast_tap4,clk_osc_fast,clk_osc_fast_tap4,(R) u_core_u_fast_cnt_bin_q_reg[2]/C,(F) u_core_gen_pd_row[5].gen_pd_col[4].u_pd/nfast_hit_latched_reg[2]/D
OSC_FAST_REAL,/home/validmgr/ksabra/2026_SPAD/SPADMIC/results/genus_osc_pd/20260601_o2_raw_tag_genus/timing_fast_count_to_nfast_hit.rpt,207,VIOLATED,-2851,clk_osc_fast_tap4,clk_osc_fast,clk_osc_fast_tap4,(R) u_core_u_fast_cnt_bin_q_reg[2]/C,(F) u_core_gen_pd_row[4].gen_pd_col[4].u_pd/nfast_hit_latched_reg[2]/D
OSC_FAST_REAL,/home/validmgr/ksabra/2026_SPAD/SPADMIC/results/genus_osc_pd/20260601_o2_raw_tag_genus/timing_fast_count_to_nfast_hit.rpt,208,VIOLATED,-2850,clk_osc_fast_tap4,clk_osc_fast,clk_osc_fast_tap4,(R) u_core_u_fast_cnt_bin_q_reg[5]/C,(F) u_core_gen_pd_row[2].gen_pd_col[4].u_pd/nfast_hit_latched_reg[5]/D
OSC_FAST_REAL,/home/validmgr/ksabra/2026_SPAD/SPADMIC/results/genus_osc_pd/20260601_o2_raw_tag_genus/timing_fast_count_to_nfast_hit.rpt,209,VIOLATED,-2850,clk_osc_fast_tap4,clk_osc_fast,clk_osc_fast_tap4,(R) u_core_u_fast_cnt_bin_q_reg[5]/C,(F) u_core_gen_pd_row[1].gen_pd_col[4].u_pd/nfast_hit_latched_reg[5]/D
OSC_FAST_REAL,/home/validmgr/ksabra/2026_SPAD/SPADMIC/results/genus_osc_pd/20260601_o2_raw_tag_genus/timing_fast_count_to_nfast_hit.rpt,210,VIOLATED,-2850,clk_osc_fast_tap4,clk_osc_fast,clk_osc_fast_tap4,(R) u_core_u_fast_cnt_bin_q_reg[2]/C,(F) u_core_gen_pd_row[7].gen_pd_col[4].u_pd/nfast_hit_latched_reg[2]/D
OSC_FAST_REAL,/home/validmgr/ksabra/2026_SPAD/SPADMIC/results/genus_osc_pd/20260601_o2_raw_tag_genus/timing_fast_count_to_nfast_hit.rpt,211,VIOLATED,-2850,clk_osc_fast_tap4,clk_osc_fast,clk_osc_fast_tap4,(R) u_core_u_fast_cnt_bin_q_reg[2]/C,(F) u_core_gen_pd_row[6].gen_pd_col[4].u_pd/nfast_hit_latched_reg[2]/D
OSC_FAST_REAL,/home/validmgr/ksabra/2026_SPAD/SPADMIC/results/genus_osc_pd/20260601_o2_raw_tag_genus/timing_fast_count_to_nfast_hit.rpt,212,VIOLATED,-2850,clk_osc_fast_tap4,clk_osc_fast,clk_osc_fast_tap4,(R) u_core_u_fast_cnt_bin_q_reg[2]/C,(F) u_core_gen_pd_row[3].gen_pd_col[4].u_pd/nfast_hit_latched_reg[2]/D
OSC_FAST_REAL,/home/validmgr/ksabra/2026_SPAD/SPADMIC/results/genus_osc_pd/20260601_o2_raw_tag_genus/timing_fast_count_to_nfast_hit.rpt,213,VIOLATED,-2850,clk_osc_fast_tap4,clk_osc_fast,clk_osc_fast_tap4,(R) u_core_u_fast_cnt_bin_q_reg[2]/C,(F) u_core_gen_pd_row[2].gen_pd_col[4].u_pd/nfast_hit_latched_reg[2]/D
OSC_FAST_REAL,/home/validmgr/ksabra/2026_SPAD/SPADMIC/results/genus_osc_pd/20260601_o2_raw_tag_genus/timing_fast_count_to_nfast_hit.rpt,214,VIOLATED,-2850,clk_osc_fast_tap4,clk_osc_fast,clk_osc_fast_tap4,(R) u_core_u_fast_cnt_bin_q_reg[2]/C,(F) u_core_gen_pd_row[1].gen_pd_col[4].u_pd/nfast_hit_latched_reg[2]/D
OSC_FAST_REAL,/home/validmgr/ksabra/2026_SPAD/SPADMIC/results/genus_osc_pd/20260601_o2_raw_tag_genus/timing_fast_count_to_nfast_hit.rpt,215,VIOLATED,-2850,clk_osc_fast_tap4,clk_osc_fast,clk_osc_fast_tap4,(R) u_core_u_fast_cnt_bin_q_reg[2]/C,(F) u_core_gen_pd_row[0].gen_pd_col[4].u_pd/nfast_hit_latched_reg[2]/D
OSC_FAST_REAL,/home/validmgr/ksabra/2026_SPAD/SPADMIC/results/genus_osc_pd/20260601_o2_raw_tag_genus/timing_fast_count_to_nfast_hit.rpt,216,VIOLATED,-2850,clk_osc_fast_tap5,clk_osc_fast,clk_osc_fast_tap5,(R) u_core_u_fast_cnt_bin_q_reg[3]/C,(F) u_core_gen_pd_row[4].gen_pd_col[5].u_pd/nfast_hit_latched_reg[3]/D
OSC_FAST_REAL,/home/validmgr/ksabra/2026_SPAD/SPADMIC/results/genus_osc_pd/20260601_o2_raw_tag_genus/timing_fast_count_to_nfast_hit.rpt,217,VIOLATED,-2850,clk_osc_fast_tap4,clk_osc_fast,clk_osc_fast_tap4,(R) u_core_u_fast_cnt_bin_q_reg[3]/C,(F) u_core_gen_pd_row[7].gen_pd_col[4].u_pd/nfast_hit_latched_reg[3]/D
OSC_FAST_REAL,/home/validmgr/ksabra/2026_SPAD/SPADMIC/results/genus_osc_pd/20260601_o2_raw_tag_genus/timing_fast_count_to_nfast_hit.rpt,218,VIOLATED,-2850,clk_osc_fast_tap4,clk_osc_fast,clk_osc_fast_tap4,(R) u_core_u_fast_cnt_bin_q_reg[3]/C,(F) u_core_gen_pd_row[6].gen_pd_col[4].u_pd/nfast_hit_latched_reg[3]/D
OSC_FAST_REAL,/home/validmgr/ksabra/2026_SPAD/SPADMIC/results/genus_osc_pd/20260601_o2_raw_tag_genus/timing_fast_count_to_nfast_hit.rpt,219,VIOLATED,-2849,clk_osc_fast_tap5,clk_osc_fast,clk_osc_fast_tap5,(R) u_core_u_fast_cnt_bin_q_reg[4]/C,(F) u_core_gen_pd_row[7].gen_pd_col[5].u_pd/nfast_hit_latched_reg[4]/D
OSC_FAST_REAL,/home/validmgr/ksabra/2026_SPAD/SPADMIC/results/genus_osc_pd/20260601_o2_raw_tag_genus/timing_fast_count_to_nfast_hit.rpt,220,VIOLATED,-2841,clk_osc_fast_tap5,clk_osc_fast,clk_osc_fast_tap5,(R) u_core_u_fast_cnt_bin_q_reg[1]/C,(F) u_core_gen_pd_row[6].gen_pd_col[5].u_pd/nfast_hit_latched_reg[1]/D
OSC_FAST_REAL,/home/validmgr/ksabra/2026_SPAD/SPADMIC/results/genus_osc_pd/20260601_o2_raw_tag_genus/timing_fast_count_to_nfast_hit.rpt,221,VIOLATED,-2841,clk_osc_fast_tap5,clk_osc_fast,clk_osc_fast_tap5,(R) u_core_u_fast_cnt_bin_q_reg[1]/C,(F) u_core_gen_pd_row[5].gen_pd_col[5].u_pd/nfast_hit_latched_reg[1]/D
OSC_FAST_REAL,/home/validmgr/ksabra/2026_SPAD/SPADMIC/results/genus_osc_pd/20260601_o2_raw_tag_genus/timing_fast_count_to_nfast_hit.rpt,222,VIOLATED,-2841,clk_osc_fast_tap5,clk_osc_fast,clk_osc_fast_tap5,(R) u_core_u_fast_cnt_bin_q_reg[1]/C,(F) u_core_gen_pd_row[4].gen_pd_col[5].u_pd/nfast_hit_latched_reg[1]/D
OSC_FAST_REAL,/home/validmgr/ksabra/2026_SPAD/SPADMIC/results/genus_osc_pd/20260601_o2_raw_tag_genus/timing_fast_count_to_nfast_hit.rpt,223,VIOLATED,-2841,clk_osc_fast_tap5,clk_osc_fast,clk_osc_fast_tap5,(R) u_core_u_fast_cnt_bin_q_reg[1]/C,(F) u_core_gen_pd_row[3].gen_pd_col[5].u_pd/nfast_hit_latched_reg[1]/D
OSC_FAST_REAL,/home/validmgr/ksabra/2026_SPAD/SPADMIC/results/genus_osc_pd/20260601_o2_raw_tag_genus/timing_fast_count_to_nfast_hit.rpt,224,VIOLATED,-2841,clk_osc_fast_tap5,clk_osc_fast,clk_osc_fast_tap5,(R) u_core_u_fast_cnt_bin_q_reg[1]/C,(F) u_core_gen_pd_row[1].gen_pd_col[5].u_pd/nfast_hit_latched_reg[1]/D
OSC_FAST_REAL,/home/validmgr/ksabra/2026_SPAD/SPADMIC/results/genus_osc_pd/20260601_o2_raw_tag_genus/timing_fast_count_to_nfast_hit.rpt,225,VIOLATED,-2841,clk_osc_fast_tap5,clk_osc_fast,clk_osc_fast_tap5,(R) u_core_u_fast_cnt_bin_q_reg[1]/C,(F) u_core_gen_pd_row[0].gen_pd_col[5].u_pd/nfast_hit_latched_reg[1]/D
OSC_FAST_REAL,/home/validmgr/ksabra/2026_SPAD/SPADMIC/results/genus_osc_pd/20260601_o2_raw_tag_genus/timing_fast_count_to_nfast_hit.rpt,226,VIOLATED,-2841,clk_osc_fast_tap5,clk_osc_fast,clk_osc_fast_tap5,(R) u_core_u_fast_cnt_bin_q_reg[2]/C,(F) u_core_gen_pd_row[7].gen_pd_col[5].u_pd/nfast_hit_latched_reg[2]/D
OSC_FAST_REAL,/home/validmgr/ksabra/2026_SPAD/SPADMIC/results/genus_osc_pd/20260601_o2_raw_tag_genus/timing_fast_count_to_nfast_hit.rpt,227,VIOLATED,-2840,clk_osc_fast_tap5,clk_osc_fast,clk_osc_fast_tap5,(R) u_core_u_fast_cnt_bin_q_reg[1]/C,(F) u_core_gen_pd_row[7].gen_pd_col[5].u_pd/nfast_hit_latched_reg[1]/D
OSC_FAST_REAL,/home/validmgr/ksabra/2026_SPAD/SPADMIC/results/genus_osc_pd/20260601_o2_raw_tag_genus/timing_fast_count_to_nfast_hit.rpt,228,VIOLATED,-2840,clk_osc_fast_tap5,clk_osc_fast,clk_osc_fast_tap5,(R) u_core_u_fast_cnt_bin_q_reg[1]/C,(F) u_core_gen_pd_row[2].gen_pd_col[5].u_pd/nfast_hit_latched_reg[1]/D
OSC_FAST_REAL,/home/validmgr/ksabra/2026_SPAD/SPADMIC/results/genus_osc_pd/20260601_o2_raw_tag_genus/timing_fast_count_to_nfast_hit.rpt,229,VIOLATED,-2839,clk_osc_fast_tap5,clk_osc_fast,clk_osc_fast_tap5,(R) u_core_u_fast_cnt_bin_q_reg[5]/C,(F) u_core_gen_pd_row[7].gen_pd_col[5].u_pd/nfast_hit_latched_reg[5]/D
OSC_FAST_REAL,/home/validmgr/ksabra/2026_SPAD/SPADMIC/results/genus_osc_pd/20260601_o2_raw_tag_genus/timing_fast_count_to_nfast_hit.rpt,230,VIOLATED,-2830,clk_osc_fast_tap5,clk_osc_fast,clk_osc_fast_tap5,(R) u_core_u_fast_cnt_bin_q_reg[0]/C,(F) u_core_gen_pd_row[4].gen_pd_col[5].u_pd/nfast_hit_latched_reg[0]/D
OSC_FAST_REAL,/home/validmgr/ksabra/2026_SPAD/SPADMIC/results/genus_osc_pd/20260601_o2_raw_tag_genus/timing_fast_count_to_nfast_hit.rpt,231,VIOLATED,-2830,clk_osc_fast_tap5,clk_osc_fast,clk_osc_fast_tap5,(R) u_core_u_fast_cnt_bin_q_reg[0]/C,(F) u_core_gen_pd_row[3].gen_pd_col[5].u_pd/nfast_hit_latched_reg[0]/D
OSC_FAST_REAL,/home/validmgr/ksabra/2026_SPAD/SPADMIC/results/genus_osc_pd/20260601_o2_raw_tag_genus/timing_fast_count_to_nfast_hit.rpt,232,VIOLATED,-2830,clk_osc_fast_tap5,clk_osc_fast,clk_osc_fast_tap5,(R) u_core_u_fast_cnt_bin_q_reg[0]/C,(F) u_core_gen_pd_row[1].gen_pd_col[5].u_pd/nfast_hit_latched_reg[0]/D
OSC_FAST_REAL,/home/validmgr/ksabra/2026_SPAD/SPADMIC/results/genus_osc_pd/20260601_o2_raw_tag_genus/timing_fast_count_to_nfast_hit.rpt,233,VIOLATED,-2830,clk_osc_fast_tap5,clk_osc_fast,clk_osc_fast_tap5,(R) u_core_u_fast_cnt_bin_q_reg[0]/C,(F) u_core_gen_pd_row[0].gen_pd_col[5].u_pd/nfast_hit_latched_reg[0]/D
OSC_FAST_REAL,/home/validmgr/ksabra/2026_SPAD/SPADMIC/results/genus_osc_pd/20260601_o2_raw_tag_genus/timing_fast_count_to_nfast_hit.rpt,234,VIOLATED,-2830,clk_osc_fast_tap5,clk_osc_fast,clk_osc_fast_tap5,(R) u_core_u_fast_cnt_bin_q_reg[0]/C,(F) u_core_gen_pd_row[5].gen_pd_col[5].u_pd/nfast_hit_latched_reg[0]/D
OSC_FAST_REAL,/home/validmgr/ksabra/2026_SPAD/SPADMIC/results/genus_osc_pd/20260601_o2_raw_tag_genus/timing_fast_count_to_nfast_hit.rpt,235,VIOLATED,-2828,clk_osc_fast_tap5,clk_osc_fast,clk_osc_fast_tap5,(R) u_core_u_fast_cnt_bin_q_reg[3]/C,(F) u_core_gen_pd_row[6].gen_pd_col[5].u_pd/nfast_hit_latched_reg[3]/D
OSC_FAST_REAL,/home/validmgr/ksabra/2026_SPAD/SPADMIC/results/genus_osc_pd/20260601_o2_raw_tag_genus/timing_fast_count_to_nfast_hit.rpt,236,VIOLATED,-2827,clk_osc_fast_tap4,clk_osc_fast,clk_osc_fast_tap4,(R) u_core_u_fast_cnt_bin_q_reg[6]/C,(F) u_core_gen_pd_row[6].gen_pd_col[4].u_pd/nfast_hit_latched_reg[6]/D
OSC_FAST_REAL,/home/validmgr/ksabra/2026_SPAD/SPADMIC/results/genus_osc_pd/20260601_o2_raw_tag_genus/timing_fast_count_to_nfast_hit.rpt,237,VIOLATED,-2827,clk_osc_fast_tap4,clk_osc_fast,clk_osc_fast_tap4,(R) u_core_u_fast_cnt_bin_q_reg[6]/C,(F) u_core_gen_pd_row[5].gen_pd_col[4].u_pd/nfast_hit_latched_reg[6]/D
OSC_FAST_REAL,/home/validmgr/ksabra/2026_SPAD/SPADMIC/results/genus_osc_pd/20260601_o2_raw_tag_genus/timing_fast_count_to_nfast_hit.rpt,238,VIOLATED,-2827,clk_osc_fast_tap4,clk_osc_fast,clk_osc_fast_tap4,(R) u_core_u_fast_cnt_bin_q_reg[6]/C,(F) u_core_gen_pd_row[3].gen_pd_col[4].u_pd/nfast_hit_latched_reg[6]/D
OSC_FAST_REAL,/home/validmgr/ksabra/2026_SPAD/SPADMIC/results/genus_osc_pd/20260601_o2_raw_tag_genus/timing_fast_count_to_nfast_hit.rpt,239,VIOLATED,-2827,clk_osc_fast_tap4,clk_osc_fast,clk_osc_fast_tap4,(R) u_core_u_fast_cnt_bin_q_reg[6]/C,(F) u_core_gen_pd_row[2].gen_pd_col[4].u_pd/nfast_hit_latched_reg[6]/D
OSC_FAST_REAL,/home/validmgr/ksabra/2026_SPAD/SPADMIC/results/genus_osc_pd/20260601_o2_raw_tag_genus/timing_fast_count_to_nfast_hit.rpt,240,VIOLATED,-2827,clk_osc_fast_tap4,clk_osc_fast,clk_osc_fast_tap4,(R) u_core_u_fast_cnt_bin_q_reg[6]/C,(F) u_core_gen_pd_row[1].gen_pd_col[4].u_pd/nfast_hit_latched_reg[6]/D
OSC_FAST_REAL,/home/validmgr/ksabra/2026_SPAD/SPADMIC/results/genus_osc_pd/20260601_o2_raw_tag_genus/timing_fast_count_to_nfast_hit.rpt,241,VIOLATED,-2827,clk_osc_fast_tap5,clk_osc_fast,clk_osc_fast_tap5,(R) u_core_u_fast_cnt_bin_q_reg[3]/C,(F) u_core_gen_pd_row[3].gen_pd_col[5].u_pd/nfast_hit_latched_reg[3]/D
OSC_FAST_REAL,/home/validmgr/ksabra/2026_SPAD/SPADMIC/results/genus_osc_pd/20260601_o2_raw_tag_genus/timing_fast_count_to_nfast_hit.rpt,242,VIOLATED,-2827,clk_osc_fast_tap5,clk_osc_fast,clk_osc_fast_tap5,(R) u_core_u_fast_cnt_bin_q_reg[3]/C,(F) u_core_gen_pd_row[2].gen_pd_col[5].u_pd/nfast_hit_latched_reg[3]/D
OSC_FAST_REAL,/home/validmgr/ksabra/2026_SPAD/SPADMIC/results/genus_osc_pd/20260601_o2_raw_tag_genus/timing_fast_count_to_nfast_hit.rpt,243,VIOLATED,-2827,clk_osc_fast_tap5,clk_osc_fast,clk_osc_fast_tap5,(R) u_core_u_fast_cnt_bin_q_reg[3]/C,(F) u_core_gen_pd_row[1].gen_pd_col[5].u_pd/nfast_hit_latched_reg[3]/D
OSC_FAST_REAL,/home/validmgr/ksabra/2026_SPAD/SPADMIC/results/genus_osc_pd/20260601_o2_raw_tag_genus/timing_fast_count_to_nfast_hit.rpt,244,VIOLATED,-2827,clk_osc_fast_tap5,clk_osc_fast,clk_osc_fast_tap5,(R) u_core_u_fast_cnt_bin_q_reg[3]/C,(F) u_core_gen_pd_row[0].gen_pd_col[5].u_pd/nfast_hit_latched_reg[3]/D
OSC_FAST_REAL,/home/validmgr/ksabra/2026_SPAD/SPADMIC/results/genus_osc_pd/20260601_o2_raw_tag_genus/timing_fast_count_to_nfast_hit.rpt,245,VIOLATED,-2827,clk_osc_fast_tap4,clk_osc_fast,clk_osc_fast_tap4,(R) u_core_u_fast_cnt_bin_q_reg[6]/C,(F) u_core_gen_pd_row[7].gen_pd_col[4].u_pd/nfast_hit_latched_reg[6]/D
OSC_FAST_REAL,/home/validmgr/ksabra/2026_SPAD/SPADMIC/results/genus_osc_pd/20260601_o2_raw_tag_genus/timing_fast_count_to_nfast_hit.rpt,246,VIOLATED,-2827,clk_osc_fast_tap4,clk_osc_fast,clk_osc_fast_tap4,(R) u_core_u_fast_cnt_bin_q_reg[6]/C,(F) u_core_gen_pd_row[4].gen_pd_col[4].u_pd/nfast_hit_latched_reg[6]/D
OSC_FAST_REAL,/home/validmgr/ksabra/2026_SPAD/SPADMIC/results/genus_osc_pd/20260601_o2_raw_tag_genus/timing_fast_count_to_nfast_hit.rpt,247,VIOLATED,-2827,clk_osc_fast_tap4,clk_osc_fast,clk_osc_fast_tap4,(R) u_core_u_fast_cnt_bin_q_reg[6]/C,(F) u_core_gen_pd_row[0].gen_pd_col[4].u_pd/nfast_hit_latched_reg[6]/D
OSC_FAST_REAL,/home/validmgr/ksabra/2026_SPAD/SPADMIC/results/genus_osc_pd/20260601_o2_raw_tag_genus/timing_fast_count_to_nfast_hit.rpt,248,VIOLATED,-2827,clk_osc_fast_tap5,clk_osc_fast,clk_osc_fast_tap5,(R) u_core_u_fast_cnt_bin_q_reg[0]/C,(F) u_core_gen_pd_row[6].gen_pd_col[5].u_pd/nfast_hit_latched_reg[0]/D
OSC_FAST_REAL,/home/validmgr/ksabra/2026_SPAD/SPADMIC/results/genus_osc_pd/20260601_o2_raw_tag_genus/timing_fast_count_to_nfast_hit.rpt,249,VIOLATED,-2827,clk_osc_fast_tap5,clk_osc_fast,clk_osc_fast_tap5,(R) u_core_u_fast_cnt_bin_q_reg[0]/C,(F) u_core_gen_pd_row[2].gen_pd_col[5].u_pd/nfast_hit_latched_reg[0]/D
OSC_FAST_REAL,/home/validmgr/ksabra/2026_SPAD/SPADMIC/results/genus_osc_pd/20260601_o2_raw_tag_genus/timing_fast_count_to_nfast_hit.rpt,250,VIOLATED,-2826,clk_osc_fast_tap5,clk_osc_fast,clk_osc_fast_tap5,(R) u_core_u_fast_cnt_bin_q_reg[3]/C,(F) u_core_gen_pd_row[7].gen_pd_col[5].u_pd/nfast_hit_latched_reg[3]/D
OSC_FAST_REAL,/home/validmgr/ksabra/2026_SPAD/SPADMIC/results/genus_osc_pd/20260601_o2_raw_tag_genus/timing_fast_count_to_nfast_hit.rpt,251,VIOLATED,-2825,clk_osc_fast_tap5,clk_osc_fast,clk_osc_fast_tap5,(R) u_core_u_fast_cnt_bin_q_reg[0]/C,(F) u_core_gen_pd_row[7].gen_pd_col[5].u_pd/nfast_hit_latched_reg[0]/D
OSC_FAST_REAL,/home/validmgr/ksabra/2026_SPAD/SPADMIC/results/genus_osc_pd/20260601_o2_raw_tag_genus/timing_fast_count_to_nfast_hit.rpt,252,VIOLATED,-2822,clk_osc_fast_tap5,clk_osc_fast,clk_osc_fast_tap5,(R) u_core_u_fast_cnt_bin_q_reg[4]/C,(F) u_core_gen_pd_row[3].gen_pd_col[5].u_pd/nfast_hit_latched_reg[4]/D
OSC_FAST_REAL,/home/validmgr/ksabra/2026_SPAD/SPADMIC/results/genus_osc_pd/20260601_o2_raw_tag_genus/timing_fast_count_to_nfast_hit.rpt,253,VIOLATED,-2818,clk_osc_fast_tap5,clk_osc_fast,clk_osc_fast_tap5,(R) u_core_u_fast_cnt_bin_q_reg[4]/C,(F) u_core_gen_pd_row[6].gen_pd_col[5].u_pd/nfast_hit_latched_reg[4]/D
OSC_FAST_REAL,/home/validmgr/ksabra/2026_SPAD/SPADMIC/results/genus_osc_pd/20260601_o2_raw_tag_genus/timing_fast_count_to_nfast_hit.rpt,254,VIOLATED,-2818,clk_osc_fast_tap5,clk_osc_fast,clk_osc_fast_tap5,(R) u_core_u_fast_cnt_bin_q_reg[4]/C,(F) u_core_gen_pd_row[5].gen_pd_col[5].u_pd/nfast_hit_latched_reg[4]/D
OSC_FAST_REAL,/home/validmgr/ksabra/2026_SPAD/SPADMIC/results/genus_osc_pd/20260601_o2_raw_tag_genus/timing_fast_count_to_nfast_hit.rpt,255,VIOLATED,-2818,clk_osc_fast_tap5,clk_osc_fast,clk_osc_fast_tap5,(R) u_core_u_fast_cnt_bin_q_reg[4]/C,(F) u_core_gen_pd_row[4].gen_pd_col[5].u_pd/nfast_hit_latched_reg[4]/D
OSC_FAST_REAL,/home/validmgr/ksabra/2026_SPAD/SPADMIC/results/genus_osc_pd/20260601_o2_raw_tag_genus/timing_fast_count_to_nfast_hit.rpt,256,VIOLATED,-2818,clk_osc_fast_tap5,clk_osc_fast,clk_osc_fast_tap5,(R) u_core_u_fast_cnt_bin_q_reg[4]/C,(F) u_core_gen_pd_row[2].gen_pd_col[5].u_pd/nfast_hit_latched_reg[4]/D
OSC_FAST_REAL,/home/validmgr/ksabra/2026_SPAD/SPADMIC/results/genus_osc_pd/20260601_o2_raw_tag_genus/timing_fast_count_to_nfast_hit.rpt,257,VIOLATED,-2818,clk_osc_fast_tap5,clk_osc_fast,clk_osc_fast_tap5,(R) u_core_u_fast_cnt_bin_q_reg[4]/C,(F) u_core_gen_pd_row[1].gen_pd_col[5].u_pd/nfast_hit_latched_reg[4]/D
OSC_FAST_REAL,/home/validmgr/ksabra/2026_SPAD/SPADMIC/results/genus_osc_pd/20260601_o2_raw_tag_genus/timing_fast_count_to_nfast_hit.rpt,258,VIOLATED,-2818,clk_osc_fast_tap5,clk_osc_fast,clk_osc_fast_tap5,(R) u_core_u_fast_cnt_bin_q_reg[4]/C,(F) u_core_gen_pd_row[0].gen_pd_col[5].u_pd/nfast_hit_latched_reg[4]/D
OSC_FAST_REAL,/home/validmgr/ksabra/2026_SPAD/SPADMIC/results/genus_osc_pd/20260601_o2_raw_tag_genus/timing_fast_count_to_nfast_hit.rpt,259,VIOLATED,-2809,clk_osc_fast_tap5,clk_osc_fast,clk_osc_fast_tap5,(R) u_core_u_fast_cnt_bin_q_reg[2]/C,(F) u_core_gen_pd_row[6].gen_pd_col[5].u_pd/nfast_hit_latched_reg[2]/D
OSC_FAST_REAL,/home/validmgr/ksabra/2026_SPAD/SPADMIC/results/genus_osc_pd/20260601_o2_raw_tag_genus/timing_fast_count_to_nfast_hit.rpt,260,VIOLATED,-2809,clk_osc_fast_tap5,clk_osc_fast,clk_osc_fast_tap5,(R) u_core_u_fast_cnt_bin_q_reg[2]/C,(F) u_core_gen_pd_row[5].gen_pd_col[5].u_pd/nfast_hit_latched_reg[2]/D
OSC_FAST_REAL,/home/validmgr/ksabra/2026_SPAD/SPADMIC/results/genus_osc_pd/20260601_o2_raw_tag_genus/timing_fast_count_to_nfast_hit.rpt,261,VIOLATED,-2809,clk_osc_fast_tap5,clk_osc_fast,clk_osc_fast_tap5,(R) u_core_u_fast_cnt_bin_q_reg[2]/C,(F) u_core_gen_pd_row[4].gen_pd_col[5].u_pd/nfast_hit_latched_reg[2]/D
OSC_FAST_REAL,/home/validmgr/ksabra/2026_SPAD/SPADMIC/results/genus_osc_pd/20260601_o2_raw_tag_genus/timing_fast_count_to_nfast_hit.rpt,262,VIOLATED,-2809,clk_osc_fast_tap5,clk_osc_fast,clk_osc_fast_tap5,(R) u_core_u_fast_cnt_bin_q_reg[2]/C,(F) u_core_gen_pd_row[3].gen_pd_col[5].u_pd/nfast_hit_latched_reg[2]/D
OSC_FAST_REAL,/home/validmgr/ksabra/2026_SPAD/SPADMIC/results/genus_osc_pd/20260601_o2_raw_tag_genus/timing_fast_count_to_nfast_hit.rpt,263,VIOLATED,-2809,clk_osc_fast_tap5,clk_osc_fast,clk_osc_fast_tap5,(R) u_core_u_fast_cnt_bin_q_reg[2]/C,(F) u_core_gen_pd_row[2].gen_pd_col[5].u_pd/nfast_hit_latched_reg[2]/D
OSC_FAST_REAL,/home/validmgr/ksabra/2026_SPAD/SPADMIC/results/genus_osc_pd/20260601_o2_raw_tag_genus/timing_fast_count_to_nfast_hit.rpt,264,VIOLATED,-2809,clk_osc_fast_tap5,clk_osc_fast,clk_osc_fast_tap5,(R) u_core_u_fast_cnt_bin_q_reg[2]/C,(F) u_core_gen_pd_row[1].gen_pd_col[5].u_pd/nfast_hit_latched_reg[2]/D
OSC_FAST_REAL,/home/validmgr/ksabra/2026_SPAD/SPADMIC/results/genus_osc_pd/20260601_o2_raw_tag_genus/timing_fast_count_to_nfast_hit.rpt,265,VIOLATED,-2809,clk_osc_fast_tap5,clk_osc_fast,clk_osc_fast_tap5,(R) u_core_u_fast_cnt_bin_q_reg[2]/C,(F) u_core_gen_pd_row[0].gen_pd_col[5].u_pd/nfast_hit_latched_reg[2]/D
OSC_FAST_REAL,/home/validmgr/ksabra/2026_SPAD/SPADMIC/results/genus_osc_pd/20260601_o2_raw_tag_genus/timing_fast_count_to_nfast_hit.rpt,266,VIOLATED,-2809,clk_osc_fast_tap5,clk_osc_fast,clk_osc_fast_tap5,(R) u_core_u_fast_cnt_bin_q_reg[5]/C,(F) u_core_gen_pd_row[6].gen_pd_col[5].u_pd/nfast_hit_latched_reg[5]/D
OSC_FAST_REAL,/home/validmgr/ksabra/2026_SPAD/SPADMIC/results/genus_osc_pd/20260601_o2_raw_tag_genus/timing_fast_count_to_nfast_hit.rpt,267,VIOLATED,-2809,clk_osc_fast_tap5,clk_osc_fast,clk_osc_fast_tap5,(R) u_core_u_fast_cnt_bin_q_reg[5]/C,(F) u_core_gen_pd_row[5].gen_pd_col[5].u_pd/nfast_hit_latched_reg[5]/D
OSC_FAST_REAL,/home/validmgr/ksabra/2026_SPAD/SPADMIC/results/genus_osc_pd/20260601_o2_raw_tag_genus/timing_fast_count_to_nfast_hit.rpt,268,VIOLATED,-2809,clk_osc_fast_tap5,clk_osc_fast,clk_osc_fast_tap5,(R) u_core_u_fast_cnt_bin_q_reg[5]/C,(F) u_core_gen_pd_row[4].gen_pd_col[5].u_pd/nfast_hit_latched_reg[5]/D
OSC_FAST_REAL,/home/validmgr/ksabra/2026_SPAD/SPADMIC/results/genus_osc_pd/20260601_o2_raw_tag_genus/timing_fast_count_to_nfast_hit.rpt,269,VIOLATED,-2805,clk_osc_fast_tap5,clk_osc_fast,clk_osc_fast_tap5,(R) u_core_u_fast_cnt_bin_q_reg[5]/C,(F) u_core_gen_pd_row[3].gen_pd_col[5].u_pd/nfast_hit_latched_reg[5]/D
OSC_FAST_REAL,/home/validmgr/ksabra/2026_SPAD/SPADMIC/results/genus_osc_pd/20260601_o2_raw_tag_genus/timing_fast_count_to_nfast_hit.rpt,270,VIOLATED,-2805,clk_osc_fast_tap5,clk_osc_fast,clk_osc_fast_tap5,(R) u_core_u_fast_cnt_bin_q_reg[5]/C,(F) u_core_gen_pd_row[2].gen_pd_col[5].u_pd/nfast_hit_latched_reg[5]/D
OSC_FAST_REAL,/home/validmgr/ksabra/2026_SPAD/SPADMIC/results/genus_osc_pd/20260601_o2_raw_tag_genus/timing_fast_count_to_nfast_hit.rpt,271,VIOLATED,-2805,clk_osc_fast_tap5,clk_osc_fast,clk_osc_fast_tap5,(R) u_core_u_fast_cnt_bin_q_reg[5]/C,(F) u_core_gen_pd_row[1].gen_pd_col[5].u_pd/nfast_hit_latched_reg[5]/D
OSC_FAST_REAL,/home/validmgr/ksabra/2026_SPAD/SPADMIC/results/genus_osc_pd/20260601_o2_raw_tag_genus/timing_fast_count_to_nfast_hit.rpt,272,VIOLATED,-2805,clk_osc_fast_tap5,clk_osc_fast,clk_osc_fast_tap5,(R) u_core_u_fast_cnt_bin_q_reg[5]/C,(F) u_core_gen_pd_row[0].gen_pd_col[5].u_pd/nfast_hit_latched_reg[5]/D
OSC_FAST_REAL,/home/validmgr/ksabra/2026_SPAD/SPADMIC/results/genus_osc_pd/20260601_o2_raw_tag_genus/timing_fast_count_to_nfast_hit.rpt,273,VIOLATED,-2801,clk_osc_fast_tap6,clk_osc_fast,clk_osc_fast_tap6,(R) u_core_u_fast_cnt_bin_q_reg[3]/C,(F) u_core_gen_pd_row[5].gen_pd_col[6].u_pd/nfast_hit_latched_reg[3]/D
OSC_FAST_REAL,/home/validmgr/ksabra/2026_SPAD/SPADMIC/results/genus_osc_pd/20260601_o2_raw_tag_genus/timing_fast_count_to_nfast_hit.rpt,274,VIOLATED,-2801,clk_osc_fast_tap6,clk_osc_fast,clk_osc_fast_tap6,(R) u_core_u_fast_cnt_bin_q_reg[3]/C,(F) u_core_gen_pd_row[4].gen_pd_col[6].u_pd/nfast_hit_latched_reg[3]/D
OSC_FAST_REAL,/home/validmgr/ksabra/2026_SPAD/SPADMIC/results/genus_osc_pd/20260601_o2_raw_tag_genus/timing_fast_count_to_nfast_hit.rpt,275,VIOLATED,-2801,clk_osc_fast_tap6,clk_osc_fast,clk_osc_fast_tap6,(R) u_core_u_fast_cnt_bin_q_reg[3]/C,(F) u_core_gen_pd_row[3].gen_pd_col[6].u_pd/nfast_hit_latched_reg[3]/D
OSC_FAST_REAL,/home/validmgr/ksabra/2026_SPAD/SPADMIC/results/genus_osc_pd/20260601_o2_raw_tag_genus/timing_fast_count_to_nfast_hit.rpt,276,VIOLATED,-2799,clk_osc_fast_tap6,clk_osc_fast,clk_osc_fast_tap6,(R) u_core_u_fast_cnt_bin_q_reg[4]/C,(F) u_core_gen_pd_row[7].gen_pd_col[6].u_pd/nfast_hit_latched_reg[4]/D
OSC_FAST_REAL,/home/validmgr/ksabra/2026_SPAD/SPADMIC/results/genus_osc_pd/20260601_o2_raw_tag_genus/timing_fast_count_to_nfast_hit.rpt,277,VIOLATED,-2791,clk_osc_fast_tap6,clk_osc_fast,clk_osc_fast_tap6,(R) u_core_u_fast_cnt_bin_q_reg[1]/C,(F) u_core_gen_pd_row[6].gen_pd_col[6].u_pd/nfast_hit_latched_reg[1]/D
OSC_FAST_REAL,/home/validmgr/ksabra/2026_SPAD/SPADMIC/results/genus_osc_pd/20260601_o2_raw_tag_genus/timing_fast_count_to_nfast_hit.rpt,278,VIOLATED,-2791,clk_osc_fast_tap6,clk_osc_fast,clk_osc_fast_tap6,(R) u_core_u_fast_cnt_bin_q_reg[1]/C,(F) u_core_gen_pd_row[5].gen_pd_col[6].u_pd/nfast_hit_latched_reg[1]/D
OSC_FAST_REAL,/home/validmgr/ksabra/2026_SPAD/SPADMIC/results/genus_osc_pd/20260601_o2_raw_tag_genus/timing_fast_count_to_nfast_hit.rpt,279,VIOLATED,-2791,clk_osc_fast_tap6,clk_osc_fast,clk_osc_fast_tap6,(R) u_core_u_fast_cnt_bin_q_reg[1]/C,(F) u_core_gen_pd_row[4].gen_pd_col[6].u_pd/nfast_hit_latched_reg[1]/D
OSC_FAST_REAL,/home/validmgr/ksabra/2026_SPAD/SPADMIC/results/genus_osc_pd/20260601_o2_raw_tag_genus/timing_fast_count_to_nfast_hit.rpt,280,VIOLATED,-2791,clk_osc_fast_tap6,clk_osc_fast,clk_osc_fast_tap6,(R) u_core_u_fast_cnt_bin_q_reg[1]/C,(F) u_core_gen_pd_row[3].gen_pd_col[6].u_pd/nfast_hit_latched_reg[1]/D
OSC_FAST_REAL,/home/validmgr/ksabra/2026_SPAD/SPADMIC/results/genus_osc_pd/20260601_o2_raw_tag_genus/timing_fast_count_to_nfast_hit.rpt,281,VIOLATED,-2791,clk_osc_fast_tap6,clk_osc_fast,clk_osc_fast_tap6,(R) u_core_u_fast_cnt_bin_q_reg[1]/C,(F) u_core_gen_pd_row[2].gen_pd_col[6].u_pd/nfast_hit_latched_reg[1]/D
OSC_FAST_REAL,/home/validmgr/ksabra/2026_SPAD/SPADMIC/results/genus_osc_pd/20260601_o2_raw_tag_genus/timing_fast_count_to_nfast_hit.rpt,282,VIOLATED,-2791,clk_osc_fast_tap6,clk_osc_fast,clk_osc_fast_tap6,(R) u_core_u_fast_cnt_bin_q_reg[1]/C,(F) u_core_gen_pd_row[1].gen_pd_col[6].u_pd/nfast_hit_latched_reg[1]/D
OSC_FAST_REAL,/home/validmgr/ksabra/2026_SPAD/SPADMIC/results/genus_osc_pd/20260601_o2_raw_tag_genus/timing_fast_count_to_nfast_hit.rpt,283,VIOLATED,-2791,clk_osc_fast_tap6,clk_osc_fast,clk_osc_fast_tap6,(R) u_core_u_fast_cnt_bin_q_reg[1]/C,(F) u_core_gen_pd_row[0].gen_pd_col[6].u_pd/nfast_hit_latched_reg[1]/D
OSC_FAST_REAL,/home/validmgr/ksabra/2026_SPAD/SPADMIC/results/genus_osc_pd/20260601_o2_raw_tag_genus/timing_fast_count_to_nfast_hit.rpt,284,VIOLATED,-2791,clk_osc_fast_tap6,clk_osc_fast,clk_osc_fast_tap6,(R) u_core_u_fast_cnt_bin_q_reg[2]/C,(F) u_core_gen_pd_row[7].gen_pd_col[6].u_pd/nfast_hit_latched_reg[2]/D
OSC_FAST_REAL,/home/validmgr/ksabra/2026_SPAD/SPADMIC/results/genus_osc_pd/20260601_o2_raw_tag_genus/timing_fast_count_to_nfast_hit.rpt,285,VIOLATED,-2790,clk_osc_fast_tap6,clk_osc_fast,clk_osc_fast_tap6,(R) u_core_u_fast_cnt_bin_q_reg[1]/C,(F) u_core_gen_pd_row[7].gen_pd_col[6].u_pd/nfast_hit_latched_reg[1]/D
OSC_FAST_REAL,/home/validmgr/ksabra/2026_SPAD/SPADMIC/results/genus_osc_pd/20260601_o2_raw_tag_genus/timing_fast_count_to_nfast_hit.rpt,286,VIOLATED,-2789,clk_osc_fast_tap6,clk_osc_fast,clk_osc_fast_tap6,(R) u_core_u_fast_cnt_bin_q_reg[5]/C,(F) u_core_gen_pd_row[7].gen_pd_col[6].u_pd/nfast_hit_latched_reg[5]/D
OSC_FAST_REAL,/home/validmgr/ksabra/2026_SPAD/SPADMIC/results/genus_osc_pd/20260601_o2_raw_tag_genus/timing_fast_count_to_nfast_hit.rpt,287,VIOLATED,-2780,clk_osc_fast_tap6,clk_osc_fast,clk_osc_fast_tap6,(R) u_core_u_fast_cnt_bin_q_reg[0]/C,(F) u_core_gen_pd_row[6].gen_pd_col[6].u_pd/nfast_hit_latched_reg[0]/D
OSC_FAST_REAL,/home/validmgr/ksabra/2026_SPAD/SPADMIC/results/genus_osc_pd/20260601_o2_raw_tag_genus/timing_fast_count_to_nfast_hit.rpt,288,VIOLATED,-2780,clk_osc_fast_tap6,clk_osc_fast,clk_osc_fast_tap6,(R) u_core_u_fast_cnt_bin_q_reg[0]/C,(F) u_core_gen_pd_row[4].gen_pd_col[6].u_pd/nfast_hit_latched_reg[0]/D
OSC_FAST_REAL,/home/validmgr/ksabra/2026_SPAD/SPADMIC/results/genus_osc_pd/20260601_o2_raw_tag_genus/timing_fast_count_to_nfast_hit.rpt,289,VIOLATED,-2780,clk_osc_fast_tap6,clk_osc_fast,clk_osc_fast_tap6,(R) u_core_u_fast_cnt_bin_q_reg[0]/C,(F) u_core_gen_pd_row[3].gen_pd_col[6].u_pd/nfast_hit_latched_reg[0]/D
OSC_FAST_REAL,/home/validmgr/ksabra/2026_SPAD/SPADMIC/results/genus_osc_pd/20260601_o2_raw_tag_genus/timing_fast_count_to_nfast_hit.rpt,290,VIOLATED,-2780,clk_osc_fast_tap6,clk_osc_fast,clk_osc_fast_tap6,(R) u_core_u_fast_cnt_bin_q_reg[0]/C,(F) u_core_gen_pd_row[2].gen_pd_col[6].u_pd/nfast_hit_latched_reg[0]/D
OSC_FAST_REAL,/home/validmgr/ksabra/2026_SPAD/SPADMIC/results/genus_osc_pd/20260601_o2_raw_tag_genus/timing_fast_count_to_nfast_hit.rpt,291,VIOLATED,-2778,clk_osc_fast_tap6,clk_osc_fast,clk_osc_fast_tap6,(R) u_core_u_fast_cnt_bin_q_reg[3]/C,(F) u_core_gen_pd_row[6].gen_pd_col[6].u_pd/nfast_hit_latched_reg[3]/D
OSC_FAST_REAL,/home/validmgr/ksabra/2026_SPAD/SPADMIC/results/genus_osc_pd/20260601_o2_raw_tag_genus/timing_fast_count_to_nfast_hit.rpt,292,VIOLATED,-2777,clk_osc_fast_tap5,clk_osc_fast,clk_osc_fast_tap5,(R) u_core_u_fast_cnt_bin_q_reg[6]/C,(F) u_core_gen_pd_row[3].gen_pd_col[5].u_pd/nfast_hit_latched_reg[6]/D
OSC_FAST_REAL,/home/validmgr/ksabra/2026_SPAD/SPADMIC/results/genus_osc_pd/20260601_o2_raw_tag_genus/timing_fast_count_to_nfast_hit.rpt,293,VIOLATED,-2777,clk_osc_fast_tap6,clk_osc_fast,clk_osc_fast_tap6,(R) u_core_u_fast_cnt_bin_q_reg[3]/C,(F) u_core_gen_pd_row[1].gen_pd_col[6].u_pd/nfast_hit_latched_reg[3]/D
OSC_FAST_REAL,/home/validmgr/ksabra/2026_SPAD/SPADMIC/results/genus_osc_pd/20260601_o2_raw_tag_genus/timing_fast_count_to_nfast_hit.rpt,294,VIOLATED,-2777,clk_osc_fast_tap6,clk_osc_fast,clk_osc_fast_tap6,(R) u_core_u_fast_cnt_bin_q_reg[3]/C,(F) u_core_gen_pd_row[0].gen_pd_col[6].u_pd/nfast_hit_latched_reg[3]/D
OSC_FAST_REAL,/home/validmgr/ksabra/2026_SPAD/SPADMIC/results/genus_osc_pd/20260601_o2_raw_tag_genus/timing_fast_count_to_nfast_hit.rpt,295,VIOLATED,-2777,clk_osc_fast_tap6,clk_osc_fast,clk_osc_fast_tap6,(R) u_core_u_fast_cnt_bin_q_reg[0]/C,(F) u_core_gen_pd_row[5].gen_pd_col[6].u_pd/nfast_hit_latched_reg[0]/D
OSC_FAST_REAL,/home/validmgr/ksabra/2026_SPAD/SPADMIC/results/genus_osc_pd/20260601_o2_raw_tag_genus/timing_fast_count_to_nfast_hit.rpt,296,VIOLATED,-2777,clk_osc_fast_tap6,clk_osc_fast,clk_osc_fast_tap6,(R) u_core_u_fast_cnt_bin_q_reg[3]/C,(F) u_core_gen_pd_row[2].gen_pd_col[6].u_pd/nfast_hit_latched_reg[3]/D
OSC_FAST_REAL,/home/validmgr/ksabra/2026_SPAD/SPADMIC/results/genus_osc_pd/20260601_o2_raw_tag_genus/timing_fast_count_to_nfast_hit.rpt,297,VIOLATED,-2777,clk_osc_fast_tap6,clk_osc_fast,clk_osc_fast_tap6,(R) u_core_u_fast_cnt_bin_q_reg[0]/C,(F) u_core_gen_pd_row[1].gen_pd_col[6].u_pd/nfast_hit_latched_reg[0]/D
OSC_FAST_REAL,/home/validmgr/ksabra/2026_SPAD/SPADMIC/results/genus_osc_pd/20260601_o2_raw_tag_genus/timing_fast_count_to_nfast_hit.rpt,298,VIOLATED,-2777,clk_osc_fast_tap6,clk_osc_fast,clk_osc_fast_tap6,(R) u_core_u_fast_cnt_bin_q_reg[0]/C,(F) u_core_gen_pd_row[0].gen_pd_col[6].u_pd/nfast_hit_latched_reg[0]/D
OSC_FAST_REAL,/home/validmgr/ksabra/2026_SPAD/SPADMIC/results/genus_osc_pd/20260601_o2_raw_tag_genus/timing_fast_count_to_nfast_hit.rpt,299,VIOLATED,-2776,clk_osc_fast_tap6,clk_osc_fast,clk_osc_fast_tap6,(R) u_core_u_fast_cnt_bin_q_reg[3]/C,(F) u_core_gen_pd_row[7].gen_pd_col[6].u_pd/nfast_hit_latched_reg[3]/D
OSC_FAST_REAL,/home/validmgr/ksabra/2026_SPAD/SPADMIC/results/genus_osc_pd/20260601_o2_raw_tag_genus/timing_fast_count_to_nfast_hit.rpt,300,VIOLATED,-2775,clk_osc_fast_tap6,clk_osc_fast,clk_osc_fast_tap6,(R) u_core_u_fast_cnt_bin_q_reg[0]/C,(F) u_core_gen_pd_row[7].gen_pd_col[6].u_pd/nfast_hit_latched_reg[0]/D
CLK_SYS_REAL,/home/validmgr/ksabra/2026_SPAD/SPADMIC/results/genus_osc_pd/20260601_o2_raw_tag_genus/timing_clk_sys_violations.rpt,1,VIOLATED,-642,clk_sys,clk_sys,clk_sys,(R) u_core_u_drain_ctrl_drain_ctx_q_reg[0]/C,(F) u_core_u_drain_ctrl_pd_scan_q_reg[1]/D
CLK_SYS_REAL,/home/validmgr/ksabra/2026_SPAD/SPADMIC/results/genus_osc_pd/20260601_o2_raw_tag_genus/timing_clk_sys_violations.rpt,2,VIOLATED,-640,clk_sys,clk_sys,clk_sys,(R) u_core_u_drain_ctrl_drain_ctx_q_reg[0]/C,(F) u_core_u_drain_ctrl_pd_scan_q_reg[2]/D
CLK_SYS_REAL,/home/validmgr/ksabra/2026_SPAD/SPADMIC/results/genus_osc_pd/20260601_o2_raw_tag_genus/timing_clk_sys_violations.rpt,3,VIOLATED,-640,clk_sys,clk_sys,clk_sys,(R) u_core_u_drain_ctrl_drain_ctx_q_reg[0]/C,(F) u_core_u_drain_ctrl_emit_wr_data_q_reg[hit][nfast][0]/D
CLK_SYS_REAL,/home/validmgr/ksabra/2026_SPAD/SPADMIC/results/genus_osc_pd/20260601_o2_raw_tag_genus/timing_clk_sys_violations.rpt,4,VIOLATED,-640,clk_sys,clk_sys,clk_sys,(R) u_core_u_drain_ctrl_drain_ctx_q_reg[0]/C,(R) u_core_u_drain_ctrl_emit_wr_data_q_reg[meta][stop_slow_phase_disc][1]/D
CLK_SYS_REAL,/home/validmgr/ksabra/2026_SPAD/SPADMIC/results/genus_osc_pd/20260601_o2_raw_tag_genus/timing_clk_sys_violations.rpt,5,VIOLATED,-640,clk_sys,clk_sys,clk_sys,(R) u_core_u_drain_ctrl_drain_ctx_q_reg[0]/C,(R) u_core_u_drain_ctrl_emit_wr_data_q_reg[meta][nslow][2]/D
CLK_SYS_REAL,/home/validmgr/ksabra/2026_SPAD/SPADMIC/results/genus_osc_pd/20260601_o2_raw_tag_genus/timing_clk_sys_violations.rpt,6,VIOLATED,-640,clk_sys,clk_sys,clk_sys,(R) u_core_u_drain_ctrl_drain_ctx_q_reg[0]/C,(R) u_core_u_drain_ctrl_emit_wr_data_q_reg[meta][nslow][1]/D
CLK_SYS_REAL,/home/validmgr/ksabra/2026_SPAD/SPADMIC/results/genus_osc_pd/20260601_o2_raw_tag_genus/timing_clk_sys_violations.rpt,7,VIOLATED,-640,clk_sys,clk_sys,clk_sys,(R) u_core_u_drain_ctrl_drain_ctx_q_reg[0]/C,(R) u_core_u_drain_ctrl_emit_wr_data_q_reg[meta][nslow][0]/D
CLK_SYS_REAL,/home/validmgr/ksabra/2026_SPAD/SPADMIC/results/genus_osc_pd/20260601_o2_raw_tag_genus/timing_clk_sys_violations.rpt,8,VIOLATED,-640,clk_sys,clk_sys,clk_sys,(R) u_core_u_drain_ctrl_drain_ctx_q_reg[0]/C,(R) u_core_u_drain_ctrl_emit_wr_data_q_reg[meta][nfast][1]/D
CLK_SYS_REAL,/home/validmgr/ksabra/2026_SPAD/SPADMIC/results/genus_osc_pd/20260601_o2_raw_tag_genus/timing_clk_sys_violations.rpt,9,VIOLATED,-640,clk_sys,clk_sys,clk_sys,(R) u_core_u_drain_ctrl_drain_ctx_q_reg[0]/C,(R) u_core_u_drain_ctrl_emit_wr_data_q_reg[meta][nfast][0]/D
CLK_SYS_REAL,/home/validmgr/ksabra/2026_SPAD/SPADMIC/results/genus_osc_pd/20260601_o2_raw_tag_genus/timing_clk_sys_violations.rpt,10,VIOLATED,-640,clk_sys,clk_sys,clk_sys,(R) u_core_u_drain_ctrl_drain_ctx_q_reg[0]/C,(R) u_core_u_drain_ctrl_emit_wr_data_q_reg[meta][hit_count][3]/D
CLK_SYS_REAL,/home/validmgr/ksabra/2026_SPAD/SPADMIC/results/genus_osc_pd/20260601_o2_raw_tag_genus/timing_clk_sys_violations.rpt,11,VIOLATED,-640,clk_sys,clk_sys,clk_sys,(R) u_core_u_drain_ctrl_drain_ctx_q_reg[0]/C,(R) u_core_u_drain_ctrl_emit_wr_data_q_reg[meta][hit_count][2]/D
CLK_SYS_REAL,/home/validmgr/ksabra/2026_SPAD/SPADMIC/results/genus_osc_pd/20260601_o2_raw_tag_genus/timing_clk_sys_violations.rpt,12,VIOLATED,-640,clk_sys,clk_sys,clk_sys,(R) u_core_u_drain_ctrl_drain_ctx_q_reg[0]/C,(R) u_core_u_drain_ctrl_emit_wr_data_q_reg[meta][hit_count][0]/D
CLK_SYS_REAL,/home/validmgr/ksabra/2026_SPAD/SPADMIC/results/genus_osc_pd/20260601_o2_raw_tag_genus/timing_clk_sys_violations.rpt,13,VIOLATED,-640,clk_sys,clk_sys,clk_sys,(R) u_core_u_drain_ctrl_drain_ctx_q_reg[0]/C,(R) u_core_u_drain_ctrl_emit_wr_data_q_reg[meta][flags][closed_by_watchdog]/D
CLK_SYS_REAL,/home/validmgr/ksabra/2026_SPAD/SPADMIC/results/genus_osc_pd/20260601_o2_raw_tag_genus/timing_clk_sys_violations.rpt,14,VIOLATED,-640,clk_sys,clk_sys,clk_sys,(R) u_core_u_drain_ctrl_drain_ctx_q_reg[0]/C,(R) u_core_u_drain_ctrl_emit_wr_data_q_reg[meta][flags][closed_by_maxhits]/D
CLK_SYS_REAL,/home/validmgr/ksabra/2026_SPAD/SPADMIC/results/genus_osc_pd/20260601_o2_raw_tag_genus/timing_clk_sys_violations.rpt,15,VIOLATED,-640,clk_sys,clk_sys,clk_sys,(R) u_core_u_drain_ctrl_drain_ctx_q_reg[0]/C,(R) u_core_u_drain_ctrl_emit_wr_data_q_reg[meta][flags][closed_by_fast_maxhit]/D
CLK_SYS_REAL,/home/validmgr/ksabra/2026_SPAD/SPADMIC/results/genus_osc_pd/20260601_o2_raw_tag_genus/timing_clk_sys_violations.rpt,16,VIOLATED,-640,clk_sys,clk_sys,clk_sys,(R) u_core_u_drain_ctrl_drain_ctx_q_reg[0]/C,(R) u_core_u_drain_ctrl_emit_wr_data_q_reg[meta][ctx_id][0]/D
CLK_SYS_REAL,/home/validmgr/ksabra/2026_SPAD/SPADMIC/results/genus_osc_pd/20260601_o2_raw_tag_genus/timing_clk_sys_violations.rpt,17,VIOLATED,-640,clk_sys,clk_sys,clk_sys,(R) u_core_u_drain_ctrl_drain_ctx_q_reg[0]/C,(R) u_core_u_drain_ctrl_emit_wr_data_q_reg[hit][ns][2]/D
CLK_SYS_REAL,/home/validmgr/ksabra/2026_SPAD/SPADMIC/results/genus_osc_pd/20260601_o2_raw_tag_genus/timing_clk_sys_violations.rpt,18,VIOLATED,-640,clk_sys,clk_sys,clk_sys,(R) u_core_u_drain_ctrl_drain_ctx_q_reg[0]/C,(R) u_core_u_drain_ctrl_emit_wr_data_q_reg[hit][ns][1]/D
CLK_SYS_REAL,/home/validmgr/ksabra/2026_SPAD/SPADMIC/results/genus_osc_pd/20260601_o2_raw_tag_genus/timing_clk_sys_violations.rpt,19,VIOLATED,-640,clk_sys,clk_sys,clk_sys,(R) u_core_u_drain_ctrl_drain_ctx_q_reg[0]/C,(R) u_core_u_drain_ctrl_emit_wr_data_q_reg[hit][ns][0]/D
CLK_SYS_REAL,/home/validmgr/ksabra/2026_SPAD/SPADMIC/results/genus_osc_pd/20260601_o2_raw_tag_genus/timing_clk_sys_violations.rpt,20,VIOLATED,-640,clk_sys,clk_sys,clk_sys,(R) u_core_u_drain_ctrl_drain_ctx_q_reg[0]/C,(R) u_core_u_drain_ctrl_emit_wr_data_q_reg[hit][nfast][5]/D
CLK_SYS_REAL,/home/validmgr/ksabra/2026_SPAD/SPADMIC/results/genus_osc_pd/20260601_o2_raw_tag_genus/timing_clk_sys_violations.rpt,21,VIOLATED,-640,clk_sys,clk_sys,clk_sys,(R) u_core_u_drain_ctrl_drain_ctx_q_reg[0]/C,(R) u_core_u_drain_ctrl_emit_wr_data_q_reg[hit][nfast][4]/D
CLK_SYS_REAL,/home/validmgr/ksabra/2026_SPAD/SPADMIC/results/genus_osc_pd/20260601_o2_raw_tag_genus/timing_clk_sys_violations.rpt,22,VIOLATED,-640,clk_sys,clk_sys,clk_sys,(R) u_core_u_drain_ctrl_drain_ctx_q_reg[0]/C,(R) u_core_u_drain_ctrl_emit_wr_data_q_reg[hit][nfast][2]/D
CLK_SYS_REAL,/home/validmgr/ksabra/2026_SPAD/SPADMIC/results/genus_osc_pd/20260601_o2_raw_tag_genus/timing_clk_sys_violations.rpt,23,VIOLATED,-640,clk_sys,clk_sys,clk_sys,(R) u_core_u_drain_ctrl_drain_ctx_q_reg[0]/C,(R) u_core_u_drain_ctrl_emit_wr_data_q_reg[hit][nf][2]/D
CLK_SYS_REAL,/home/validmgr/ksabra/2026_SPAD/SPADMIC/results/genus_osc_pd/20260601_o2_raw_tag_genus/timing_clk_sys_violations.rpt,24,VIOLATED,-640,clk_sys,clk_sys,clk_sys,(R) u_core_u_drain_ctrl_drain_ctx_q_reg[0]/C,(R) u_core_u_drain_ctrl_emit_wr_data_q_reg[hit][nf][1]/D
CLK_SYS_REAL,/home/validmgr/ksabra/2026_SPAD/SPADMIC/results/genus_osc_pd/20260601_o2_raw_tag_genus/timing_clk_sys_violations.rpt,25,VIOLATED,-640,clk_sys,clk_sys,clk_sys,(R) u_core_u_drain_ctrl_drain_ctx_q_reg[0]/C,(R) u_core_u_drain_ctrl_emit_wr_data_q_reg[hit][nf][0]/D
CLK_SYS_REAL,/home/validmgr/ksabra/2026_SPAD/SPADMIC/results/genus_osc_pd/20260601_o2_raw_tag_genus/timing_clk_sys_violations.rpt,26,VIOLATED,-640,clk_sys,clk_sys,clk_sys,(R) u_core_u_drain_ctrl_drain_ctx_q_reg[0]/C,(R) u_core_u_drain_ctrl_emit_wr_data_q_reg[hit][event_seq][3]/D
CLK_SYS_REAL,/home/validmgr/ksabra/2026_SPAD/SPADMIC/results/genus_osc_pd/20260601_o2_raw_tag_genus/timing_clk_sys_violations.rpt,27,VIOLATED,-640,clk_sys,clk_sys,clk_sys,(R) u_core_u_drain_ctrl_drain_ctx_q_reg[0]/C,(R) u_core_u_drain_ctrl_emit_wr_data_q_reg[hit][event_seq][2]/D
CLK_SYS_REAL,/home/validmgr/ksabra/2026_SPAD/SPADMIC/results/genus_osc_pd/20260601_o2_raw_tag_genus/timing_clk_sys_violations.rpt,28,VIOLATED,-640,clk_sys,clk_sys,clk_sys,(R) u_core_u_drain_ctrl_drain_ctx_q_reg[0]/C,(R) u_core_u_drain_ctrl_emit_wr_data_q_reg[hit][event_seq][1]/D
CLK_SYS_REAL,/home/validmgr/ksabra/2026_SPAD/SPADMIC/results/genus_osc_pd/20260601_o2_raw_tag_genus/timing_clk_sys_violations.rpt,29,VIOLATED,-638,clk_sys,clk_sys,clk_sys,(R) u_core_u_drain_ctrl_drain_ctx_q_reg[0]/C,(F) u_core_u_drain_ctrl_emit_wr_data_q_reg[hit][nfast][1]/D
CLK_SYS_REAL,/home/validmgr/ksabra/2026_SPAD/SPADMIC/results/genus_osc_pd/20260601_o2_raw_tag_genus/timing_clk_sys_violations.rpt,30,VIOLATED,-634,clk_sys,clk_sys,clk_sys,(R) u_core_u_drain_ctrl_pd_scan_q_reg[2]/C,(F) u_core_u_drain_ctrl_emit_wr_data_q_reg[meta][stop_slow_phase_disc][2]/D
CLK_SYS_REAL,/home/validmgr/ksabra/2026_SPAD/SPADMIC/results/genus_osc_pd/20260601_o2_raw_tag_genus/timing_clk_sys_violations.rpt,31,VIOLATED,-634,clk_sys,clk_sys,clk_sys,(R) u_core_u_drain_ctrl_pd_scan_q_reg[2]/C,(F) u_core_u_drain_ctrl_emit_wr_data_q_reg[meta][stop_slow_phase_disc][0]/D
CLK_SYS_REAL,/home/validmgr/ksabra/2026_SPAD/SPADMIC/results/genus_osc_pd/20260601_o2_raw_tag_genus/timing_clk_sys_violations.rpt,32,VIOLATED,-634,clk_sys,clk_sys,clk_sys,(R) u_core_u_drain_ctrl_pd_scan_q_reg[2]/C,(F) u_core_u_drain_ctrl_emit_wr_data_q_reg[meta][phase0_snap]/D
CLK_SYS_REAL,/home/validmgr/ksabra/2026_SPAD/SPADMIC/results/genus_osc_pd/20260601_o2_raw_tag_genus/timing_clk_sys_violations.rpt,33,VIOLATED,-634,clk_sys,clk_sys,clk_sys,(R) u_core_u_drain_ctrl_pd_scan_q_reg[2]/C,(F) u_core_u_drain_ctrl_emit_wr_data_q_reg[meta][nslow][6]/D
CLK_SYS_REAL,/home/validmgr/ksabra/2026_SPAD/SPADMIC/results/genus_osc_pd/20260601_o2_raw_tag_genus/timing_clk_sys_violations.rpt,34,VIOLATED,-634,clk_sys,clk_sys,clk_sys,(R) u_core_u_drain_ctrl_pd_scan_q_reg[2]/C,(F) u_core_u_drain_ctrl_emit_wr_data_q_reg[meta][nslow][5]/D
CLK_SYS_REAL,/home/validmgr/ksabra/2026_SPAD/SPADMIC/results/genus_osc_pd/20260601_o2_raw_tag_genus/timing_clk_sys_violations.rpt,35,VIOLATED,-634,clk_sys,clk_sys,clk_sys,(R) u_core_u_drain_ctrl_pd_scan_q_reg[2]/C,(F) u_core_u_drain_ctrl_emit_wr_data_q_reg[meta][nslow][4]/D
CLK_SYS_REAL,/home/validmgr/ksabra/2026_SPAD/SPADMIC/results/genus_osc_pd/20260601_o2_raw_tag_genus/timing_clk_sys_violations.rpt,36,VIOLATED,-634,clk_sys,clk_sys,clk_sys,(R) u_core_u_drain_ctrl_pd_scan_q_reg[2]/C,(F) u_core_u_drain_ctrl_emit_wr_data_q_reg[meta][nslow][3]/D
CLK_SYS_REAL,/home/validmgr/ksabra/2026_SPAD/SPADMIC/results/genus_osc_pd/20260601_o2_raw_tag_genus/timing_clk_sys_violations.rpt,37,VIOLATED,-634,clk_sys,clk_sys,clk_sys,(R) u_core_u_drain_ctrl_pd_scan_q_reg[2]/C,(F) u_core_u_drain_ctrl_emit_wr_data_q_reg[meta][nfast][6]/D
CLK_SYS_REAL,/home/validmgr/ksabra/2026_SPAD/SPADMIC/results/genus_osc_pd/20260601_o2_raw_tag_genus/timing_clk_sys_violations.rpt,38,VIOLATED,-634,clk_sys,clk_sys,clk_sys,(R) u_core_u_drain_ctrl_pd_scan_q_reg[2]/C,(F) u_core_u_drain_ctrl_emit_wr_data_q_reg[meta][nfast][5]/D
CLK_SYS_REAL,/home/validmgr/ksabra/2026_SPAD/SPADMIC/results/genus_osc_pd/20260601_o2_raw_tag_genus/timing_clk_sys_violations.rpt,39,VIOLATED,-634,clk_sys,clk_sys,clk_sys,(R) u_core_u_drain_ctrl_pd_scan_q_reg[2]/C,(F) u_core_u_drain_ctrl_emit_wr_data_q_reg[meta][nfast][4]/D
CLK_SYS_REAL,/home/validmgr/ksabra/2026_SPAD/SPADMIC/results/genus_osc_pd/20260601_o2_raw_tag_genus/timing_clk_sys_violations.rpt,40,VIOLATED,-634,clk_sys,clk_sys,clk_sys,(R) u_core_u_drain_ctrl_pd_scan_q_reg[2]/C,(F) u_core_u_drain_ctrl_emit_wr_data_q_reg[meta][nfast][3]/D
CLK_SYS_REAL,/home/validmgr/ksabra/2026_SPAD/SPADMIC/results/genus_osc_pd/20260601_o2_raw_tag_genus/timing_clk_sys_violations.rpt,41,VIOLATED,-634,clk_sys,clk_sys,clk_sys,(R) u_core_u_drain_ctrl_pd_scan_q_reg[2]/C,(F) u_core_u_drain_ctrl_emit_wr_data_q_reg[meta][nfast][2]/D
CLK_SYS_REAL,/home/validmgr/ksabra/2026_SPAD/SPADMIC/results/genus_osc_pd/20260601_o2_raw_tag_genus/timing_clk_sys_violations.rpt,42,VIOLATED,-634,clk_sys,clk_sys,clk_sys,(R) u_core_u_drain_ctrl_pd_scan_q_reg[2]/C,(F) u_core_u_drain_ctrl_emit_wr_data_q_reg[meta][hit_count][1]/D
CLK_SYS_REAL,/home/validmgr/ksabra/2026_SPAD/SPADMIC/results/genus_osc_pd/20260601_o2_raw_tag_genus/timing_clk_sys_violations.rpt,43,VIOLATED,-634,clk_sys,clk_sys,clk_sys,(R) u_core_u_drain_ctrl_drain_ctx_q_reg[0]/C,(F) u_core_u_drain_ctrl_pd_scan_q_reg[4]/D
CLK_SYS_REAL,/home/validmgr/ksabra/2026_SPAD/SPADMIC/results/genus_osc_pd/20260601_o2_raw_tag_genus/timing_clk_sys_violations.rpt,44,VIOLATED,-634,clk_sys,clk_sys,clk_sys,(R) u_core_u_drain_ctrl_drain_ctx_q_reg[0]/C,(F) u_core_u_drain_ctrl_pd_scan_q_reg[5]/D
CLK_SYS_REAL,/home/validmgr/ksabra/2026_SPAD/SPADMIC/results/genus_osc_pd/20260601_o2_raw_tag_genus/timing_clk_sys_violations.rpt,45,VIOLATED,-624,clk_sys,clk_sys,clk_sys,(R) u_core_u_drain_ctrl_drain_ctx_q_reg[0]/C,(R) u_core_u_drain_ctrl_emit_wr_data_q_reg[hit][event_seq][0]/D
CLK_SYS_REAL,/home/validmgr/ksabra/2026_SPAD/SPADMIC/results/genus_osc_pd/20260601_o2_raw_tag_genus/timing_clk_sys_violations.rpt,46,VIOLATED,-611,clk_sys,clk_sys,clk_sys,(R) u_core_u_meas_ctrl_row_cnt_q_reg[2][3]/C,(F) u_core_u_meas_ctrl_total_hits_q_reg[5]/D
CLK_SYS_REAL,/home/validmgr/ksabra/2026_SPAD/SPADMIC/results/genus_osc_pd/20260601_o2_raw_tag_genus/timing_clk_sys_violations.rpt,47,VIOLATED,-598,clk_sys,clk_sys,clk_sys,(R) u_core_u_drain_ctrl_drain_ctx_q_reg[0]/C,(F) u_core_u_drain_ctrl_pd_scan_q_reg[3]/D
CLK_SYS_REAL,/home/validmgr/ksabra/2026_SPAD/SPADMIC/results/genus_osc_pd/20260601_o2_raw_tag_genus/timing_clk_sys_violations.rpt,48,VIOLATED,-594,clk_sys,clk_sys,clk_sys,(R) u_core_u_drain_ctrl_drain_ctx_q_reg[0]/C,(F) u_core_u_drain_ctrl_pd_scan_q_reg[0]/D
CLK_SYS_REAL,/home/validmgr/ksabra/2026_SPAD/SPADMIC/results/genus_osc_pd/20260601_o2_raw_tag_genus/timing_clk_sys_violations.rpt,49,VIOLATED,-584,clk_sys,clk_sys,clk_sys,(R) u_core_u_drain_ctrl_drain_ctx_q_reg[0]/C,(F) u_core_u_drain_ctrl_emit_wr_data_q_reg[hit][nfast][3]/D
CLK_SYS_REAL,/home/validmgr/ksabra/2026_SPAD/SPADMIC/results/genus_osc_pd/20260601_o2_raw_tag_genus/timing_clk_sys_violations.rpt,50,VIOLATED,-580,clk_sys,clk_sys,clk_sys,(R) u_core_u_drain_ctrl_pd_scan_q_reg[2]/C,(F) u_core_u_drain_ctrl_emit_wr_data_q_reg[hit][nfast][6]/D
CLK_SYS_REAL,/home/validmgr/ksabra/2026_SPAD/SPADMIC/results/genus_osc_pd/20260601_o2_raw_tag_genus/timing_clk_sys_violations.rpt,51,VIOLATED,-573,clk_sys,clk_sys,clk_sys,(R) u_core_u_meas_ctrl_row_cnt_q_reg[6][1]/C,(F) u_core_u_meas_ctrl_total_hits_q_reg[4]/D
CLK_SYS_REAL,/home/validmgr/ksabra/2026_SPAD/SPADMIC/results/genus_osc_pd/20260601_o2_raw_tag_genus/timing_clk_sys_violations.rpt,52,VIOLATED,-554,clk_sys,clk_sys,clk_sys,(R) u_core_u_drain_ctrl_pd_scan_q_reg[2]/C,(F) u_core_u_drain_ctrl_event_seq_q_reg[3]/D
CLK_SYS_REAL,/home/validmgr/ksabra/2026_SPAD/SPADMIC/results/genus_osc_pd/20260601_o2_raw_tag_genus/timing_clk_sys_violations.rpt,53,VIOLATED,-538,clk_sys,clk_sys,clk_sys,(R) u_core_u_drain_ctrl_pd_scan_q_reg[2]/C,(F) u_core_u_drain_ctrl_event_seq_q_reg[2]/D
CLK_SYS_REAL,/home/validmgr/ksabra/2026_SPAD/SPADMIC/results/genus_osc_pd/20260601_o2_raw_tag_genus/timing_clk_sys_violations.rpt,54,VIOLATED,-537,clk_sys,clk_sys,clk_sys,(R) u_core_u_drain_ctrl_pd_scan_q_reg[2]/C,(F) u_core_u_drain_ctrl_event_seq_q_reg[0]/D
CLK_SYS_REAL,/home/validmgr/ksabra/2026_SPAD/SPADMIC/results/genus_osc_pd/20260601_o2_raw_tag_genus/timing_clk_sys_violations.rpt,55,VIOLATED,-536,clk_sys,clk_sys,clk_sys,(R) u_core_u_drain_ctrl_pd_scan_q_reg[2]/C,(F) u_core_u_drain_ctrl_event_seq_q_reg[1]/D
CLK_SYS_REAL,/home/validmgr/ksabra/2026_SPAD/SPADMIC/results/genus_osc_pd/20260601_o2_raw_tag_genus/timing_clk_sys_violations.rpt,56,VIOLATED,-371,clk_sys,clk_sys,clk_sys,(R) u_core_u_meas_ctrl_row_cnt_q_reg[2][3]/C,(F) u_core_u_meas_ctrl_total_hits_q_reg[6]/D
CLK_SYS_REAL,/home/validmgr/ksabra/2026_SPAD/SPADMIC/results/genus_osc_pd/20260601_o2_raw_tag_genus/timing_clk_sys_violations.rpt,57,VIOLATED,-361,clk_sys,clk_sys,clk_sys,(R) u_core_u_meas_ctrl_row_cnt_q_reg[6][1]/C,(F) u_core_u_meas_ctrl_total_hits_q_reg[3]/D
CLK_SYS_REAL,/home/validmgr/ksabra/2026_SPAD/SPADMIC/results/genus_osc_pd/20260601_o2_raw_tag_genus/timing_clk_sys_violations.rpt,58,VIOLATED,-299,clk_sys,clk_sys,clk_sys,(R) u_core_u_drain_ctrl_drain_ctx_q_reg[0]/C,(F) u_core_u_drain_ctrl_state_q_reg[0]/D
CLK_SYS_REAL,/home/validmgr/ksabra/2026_SPAD/SPADMIC/results/genus_osc_pd/20260601_o2_raw_tag_genus/timing_clk_sys_violations.rpt,59,VIOLATED,-121,clk_sys,clk_sys,clk_sys,(R) u_core_u_drain_ctrl_drain_ctx_q_reg[0]/C,(R) u_core_u_drain_ctrl_emit_wr_data_q_reg[kind][0]/D
CLK_SYS_REAL,/home/validmgr/ksabra/2026_SPAD/SPADMIC/results/genus_osc_pd/20260601_o2_raw_tag_genus/timing_clk_sys_violations.rpt,60,VIOLATED,-33,clk_sys,clk_sys,clk_sys,(R) u_core_u_meas_ctrl_row_cnt_q_reg[6][1]/C,(F) u_core_u_meas_ctrl_total_hits_q_reg[2]/D
CLK_SYS_REAL,/home/validmgr/ksabra/2026_SPAD/SPADMIC/results/genus_osc_pd/20260601_o2_raw_tag_genus/timing_clk_sys_violations.rpt,61,VIOLATED,-24,clk_sys,clk_sys,clk_sys,(R) u_core_u_fifo_rd_ptr_q_reg[3]/C,(F) acq_data_o[28]
CLK_SYS_REAL,/home/validmgr/ksabra/2026_SPAD/SPADMIC/results/genus_osc_pd/20260601_o2_raw_tag_genus/timing_clk_sys_violations.rpt,62,VIOLATED,-21,clk_sys,clk_sys,clk_sys,(R) u_core_u_fifo_rd_ptr_q_reg[3]/C,(F) acq_data_o[3]
CLK_SYS_REAL,/home/validmgr/ksabra/2026_SPAD/SPADMIC/results/genus_osc_pd/20260601_o2_raw_tag_genus/timing_clk_sys_violations.rpt,63,VIOLATED,-9,clk_sys,clk_sys,clk_sys,(R) u_core_u_fifo_rd_ptr_q_reg[3]/C,(F) acq_data_o[8]
CLK_SYS_REAL,/home/validmgr/ksabra/2026_SPAD/SPADMIC/results/genus_osc_pd/20260601_o2_raw_tag_genus/timing_clk_sys_violations.rpt,64,MET,-0,clk_sys,clk_sys,clk_sys,(R) u_core_u_fifo_rd_ptr_q_reg[2]/C,(F) acq_data_o[50]
