###############################################################
#  Generated by:      Cadence Innovus 22.33-s094_1
#  OS:                Linux x86_64(Host ID lyoelectrosrv01.in2p3.fr)
#  Generated on:      Wed Jul  8 02:37:39 2026
#  Design:            mptdc_axis_core
#  Command:           verifyConnectivity -type special -nets {VDD VSS} -report /sim/ksabra/SPADMIC_work/innovus/20260708_mptdc_ro6_optionA_mettp_freeall_timingrescue_022618/reports/postplace_pre_route_pg_topology_after_ro_pg_hookup_verify_special.rpt > /sim/ksabra/SPADMIC_work/innovus/20260708_mptdc_ro6_optionA_mettp_freeall_timingrescue_022618/reports/postplace_pre_route_pg_topology_after_ro_pg_hookup_verify_special.console.rpt
###############################################################
Verify Connectivity Report is created on Wed Jul  8 02:37:39 2026



Net VDD, Pin Pin: FE_OFC1411_u_core_n_1533/vddi; Direction: INOUT; Use: POWER;: has an unconnected terminal at (287.460, 293.020) (287.800, 293.600)
Net VDD, Pin Pin: FE_OFC1347_u_core_pd_hit_level_59/vddi; Direction: INOUT; Use: POWER;: has an unconnected terminal at (650.720, 132.320) (652.400, 133.120)
Net VDD, Pin Pin: FE_OFC1281_u_core_n_1550/vddi; Direction: INOUT; Use: POWER;: has an unconnected terminal at (455.460, 301.980) (455.750, 302.560)
Net VDD, Pin Pin: FE_OFC1280_u_core_n_1550/vddi; Direction: INOUT; Use: POWER;: has an unconnected terminal at (457.520, 302.560) (460.320, 303.360)
Net VDD, Pin Pin: FE_OFC1237_u_core_fast_tag_col_6__0/vddi; Direction: INOUT; Use: POWER;: has an unconnected terminal at (138.880, 338.400) (141.680, 339.200)
Net VDD, Pin Pin: FE_OFC1223_FE_OCPN41817_u_core_pd_hit_level_11/vddi; Direction: INOUT; Use: POWER;: has an unconnected terminal at (653.520, 401.120) (655.760, 401.920)
Net VDD, Pin Pin: FE_OFC1188_u_core_n_1562/vddi; Direction: INOUT; Use: POWER;: has an unconnected terminal at (124.500, 337.820) (124.790, 338.400)
Net VDD, Pin Pin: FE_OFC1173_FE_DBTN0_u_core_rst_sys_drain_n/vddi; Direction: INOUT; Use: POWER;: has an unconnected terminal at (600.880, 356.320) (603.120, 357.120)
Net VDD, Pin Pin: FE_OFC1101_u_core_pd_hit_level_4/vddi; Direction: INOUT; Use: POWER;: has an unconnected terminal at (462.000, 508.640) (464.240, 509.440)
Net VDD, Pin Pin: FE_OFC1073_u_core_n_68384/vddi; Direction: INOUT; Use: POWER;: has an unconnected terminal at (751.520, 347.360) (753.760, 348.160)
Net VDD, Pin Pin: FE_RC_29_0/vddi; Direction: INOUT; Use: POWER;: has an unconnected terminal at (395.450, 203.420) (395.740, 204.000)
Net VDD, Pin Pin: FE_OFC762_u_core_fast_tag_col_0__2/vddi; Direction: INOUT; Use: POWER;: has an unconnected terminal at (332.640, 311.520) (334.880, 312.320)
Net VDD, Pin Pin: FE_OFC536_u_core_n_68100/vddi; Direction: INOUT; Use: POWER;: has an unconnected terminal at (327.130, 355.740) (327.420, 356.320)
Net VDD, Pin Pin: FE_OFC366_u_core_n_58000/vddi; Direction: INOUT; Use: POWER;: has an unconnected terminal at (454.810, 357.120) (455.100, 357.700)
Net VDD, Pin Pin: FE_OFC294_u_core_n_1532/vddi; Direction: INOUT; Use: POWER;: has an unconnected terminal at (291.760, 293.600) (294.560, 294.400)
Net VDD, Pin Pin: FE_OFC99_u_core_fast_tag_col_0__0/vddi; Direction: INOUT; Use: POWER;: has an unconnected terminal at (339.360, 293.600) (342.160, 294.400)
Net VDD, Pin Pin: FE_OFC85_u_core_u_stop_epoch_capture_n_392_BAR/vddi; Direction: INOUT; Use: POWER;: has an unconnected terminal at (282.800, 553.440) (285.040, 554.240)
Net VDD, Pin Pin: u_rst_core_sync/sync_q_reg[3]/vddi; Direction: INOUT; Use: POWER;: has an unconnected terminal at (830.780, 149.405) (831.120, 150.240)
Net VDD, Pin Pin: u_core_gen_pd_row[0].gen_pd_col[1].u_pd/g445__5107/vddi; Direction: INOUT; Use: POWER;: has an unconnected terminal at (278.880, 463.840) (281.680, 464.640)
Net VDD, Pin Pin: u_core_gen_pd_row[0].gen_pd_col[2].u_pd/g441__2802/vddi; Direction: INOUT; Use: POWER;: has an unconnected terminal at (636.250, 436.380) (636.540, 436.960)
Net VDD, Pin Pin: u_core_gen_pd_row[0].gen_pd_col[3].u_pd/g443__2346/vddi; Direction: INOUT; Use: POWER;: has an unconnected terminal at (543.760, 410.080) (547.680, 410.880)
Net VDD, Pin Pin: u_core_gen_pd_row[0].gen_pd_col[6].u_pd/nfast_hit_latched_reg[0]/vddi; Direction: INOUT; Use: POWER;: has an unconnected terminal at (139.480, 463.210) (139.530, 463.840)
Net VDD, Pin Pin: u_core_gen_pd_row[0].gen_pd_col[6].u_pd/nfast_hit_latched_reg[5]/vddi; Direction: INOUT; Use: POWER;: has an unconnected terminal at (152.295, 472.160) (152.635, 472.800)
Net VDD, Pin Pin: u_core_gen_pd_row[1].gen_pd_col[2].u_pd/g438__4733/vddi; Direction: INOUT; Use: POWER;: has an unconnected terminal at (650.720, 419.040) (654.640, 419.840)
Net VDD, Pin Pin: u_core_gen_pd_row[1].gen_pd_col[2].u_pd/g444__1666/vddi; Direction: INOUT; Use: POWER;: has an unconnected terminal at (648.480, 401.120) (652.400, 401.920)
Net VDD, Pin Pin: u_core_gen_pd_row[1].gen_pd_col[2].u_pd/g26/vddi; Direction: INOUT; Use: POWER;: has an unconnected terminal at (647.450, 418.460) (647.740, 419.040)
Net VDD, Pin Pin: u_core_gen_pd_row[1].gen_pd_col[3].u_pd/g29/vddi; Direction: INOUT; Use: POWER;: has an unconnected terminal at (589.120, 410.080) (593.040, 410.880)
Net VDD, Pin Pin: u_core_gen_pd_row[1].gen_pd_col[4].u_pd/FE_OFC1169_u_core_fast_tag_col_4__0/vddi; Direction: INOUT; Use: POWER;: has an unconnected terminal at (444.730, 545.280) (445.020, 545.860)
Net VDD, Pin Pin: u_core_gen_pd_row[1].gen_pd_col[4].u_pd/q1_reg/vddi; Direction: INOUT; Use: POWER;: has an unconnected terminal at (476.180, 525.920) (477.790, 526.560)
Net VDD, Pin Pin: u_core_gen_pd_row[1].gen_pd_col[5].u_pd/FE_OCPC963_u_core_pd_hit_level_13/vddi; Direction: INOUT; Use: POWER;: has an unconnected terminal at (510.160, 419.040) (512.960, 419.840)
Net VDD, Pin Pin: u_core_gen_pd_row[1].gen_pd_col[5].u_pd/g445__5526/vddi; Direction: INOUT; Use: POWER;: has an unconnected terminal at (534.800, 410.080) (537.600, 410.880)
Net VDD, Pin Pin: u_core_gen_pd_row[1].gen_pd_col[7].u_pd/g443__5477/vddi; Direction: INOUT; Use: POWER;: has an unconnected terminal at (197.120, 419.040) (201.040, 419.840)
Net VDD, Pin Pin: u_core_gen_pd_row[2].gen_pd_col[4].u_pd/g450/vddi; Direction: INOUT; Use: POWER;: has an unconnected terminal at (468.250, 410.880) (468.540, 411.460)
Net VDD, Pin Pin: u_core_gen_pd_row[2].gen_pd_col[5].u_pd/g458/vddi; Direction: INOUT; Use: POWER;: has an unconnected terminal at (533.770, 401.920) (534.060, 402.500)
Net VDD, Pin Pin: u_core_gen_pd_row[2].gen_pd_col[6].u_pd/g450/vddi; Direction: INOUT; Use: POWER;: has an unconnected terminal at (156.890, 384.000) (157.180, 384.580)
Net VDD, Pin Pin: u_core_gen_pd_row[2].gen_pd_col[6].u_pd/g458/vddi; Direction: INOUT; Use: POWER;: has an unconnected terminal at (145.130, 409.500) (145.420, 410.080)
Net VDD, Pin Pin: u_core_gen_pd_row[2].gen_pd_col[6].u_pd/g463/vddi; Direction: INOUT; Use: POWER;: has an unconnected terminal at (156.890, 401.920) (157.180, 402.500)
Net VDD, Pin Pin: u_core_gen_pd_row[2].gen_pd_col[6].u_pd/g26/vddi; Direction: INOUT; Use: POWER;: has an unconnected terminal at (142.800, 383.200) (145.040, 384.000)
Net VDD, Pin Pin: u_core_gen_pd_row[3].gen_pd_col[1].u_pd/g441__5526/vddi; Direction: INOUT; Use: POWER;: has an unconnected terminal at (278.500, 357.120) (278.790, 357.700)
Net VDD, Pin Pin: u_core_gen_pd_row[3].gen_pd_col[2].u_pd/g458/vddi; Direction: INOUT; Use: POWER;: has an unconnected terminal at (570.260, 391.580) (570.550, 392.160)
Net VDD, Pin Pin: u_core_gen_pd_row[3].gen_pd_col[5].u_pd/FE_OFC1394_u_core_pd_hit_level_29/vddi; Direction: INOUT; Use: POWER;: has an unconnected terminal at (514.080, 356.320) (516.320, 357.120)
Net VDD, Pin Pin: u_core_gen_pd_row[3].gen_pd_col[6].u_pd/FE_OCPC1006_hit_latched_41/vddi; Direction: INOUT; Use: POWER;: has an unconnected terminal at (149.520, 338.400) (152.320, 339.200)
Net VDD, Pin Pin: u_core_gen_pd_row[3].gen_pd_col[6].u_pd/g445__7098/vddi; Direction: INOUT; Use: POWER;: has an unconnected terminal at (138.320, 356.320) (141.120, 357.120)
Net VDD, Pin Pin: u_core_gen_pd_row[3].gen_pd_col[6].u_pd/g463/vddi; Direction: INOUT; Use: POWER;: has an unconnected terminal at (160.810, 337.820) (161.100, 338.400)
Net VDD, Pin Pin: u_core_gen_pd_row[4].gen_pd_col[1].u_pd/g443__6161/vddi; Direction: INOUT; Use: POWER;: has an unconnected terminal at (268.800, 221.920) (272.720, 222.720)
Net VDD, Pin Pin: u_core_gen_pd_row[4].gen_pd_col[1].u_pd/g458/vddi; Direction: INOUT; Use: POWER;: has an unconnected terminal at (275.050, 222.720) (275.340, 223.300)
Net VDD, Pin Pin: u_core_gen_pd_row[4].gen_pd_col[2].u_pd/g29/vddi; Direction: INOUT; Use: POWER;: has an unconnected terminal at (644.000, 204.000) (647.920, 204.800)
Net VDD, Pin Pin: u_core_gen_pd_row[4].gen_pd_col[6].u_pd/hit_latched_reg/vddi; Direction: INOUT; Use: POWER;: has an unconnected terminal at (128.160, 177.920) (128.500, 178.755)
Net VDD, Pin Pin: u_core_gen_pd_row[4].gen_pd_col[6].u_pd/g443__2346/vddi; Direction: INOUT; Use: POWER;: has an unconnected terminal at (123.760, 204.000) (127.680, 204.800)
Net VDD, Pin Pin: u_core_gen_pd_row[4].gen_pd_col[6].u_pd/g458/vddi; Direction: INOUT; Use: POWER;: has an unconnected terminal at (230.250, 203.420) (230.540, 204.000)
Net VDD, Pin Pin: u_core_gen_pd_row[4].gen_pd_col[6].u_pd/nfast_hit_latched_reg[5]/vddi; Direction: INOUT; Use: POWER;: has an unconnected terminal at (142.775, 203.360) (143.115, 204.000)
Net VDD, Pin Pin: u_core_gen_pd_row[4].gen_pd_col[7].u_pd/g458/vddi; Direction: INOUT; Use: POWER;: has an unconnected terminal at (243.780, 221.340) (244.070, 221.920)
Net VDD, Pin Pin: u_core_gen_pd_row[5].gen_pd_col[0].u_pd/g442__4733/vddi; Direction: INOUT; Use: POWER;: has an unconnected terminal at (332.820, 168.960) (333.110, 169.540)
Net VDD, Pin Pin: u_core_gen_pd_row[5].gen_pd_col[1].u_pd/g444__8428/vddi; Direction: INOUT; Use: POWER;: has an unconnected terminal at (265.440, 204.000) (269.360, 204.800)
Net VDD, Pin Pin: u_core_gen_pd_row[5].gen_pd_col[2].u_pd/nfast_hit_latched_reg[0]/vddi; Direction: INOUT; Use: POWER;: has an unconnected terminal at (643.480, 142.080) (643.530, 142.710)
Net VDD, Pin Pin: u_core_gen_pd_row[5].gen_pd_col[2].u_pd/g443__1881/vddi; Direction: INOUT; Use: POWER;: has an unconnected terminal at (616.000, 195.040) (619.920, 195.840)
Net VDD, Pin Pin: u_core_gen_pd_row[5].gen_pd_col[2].u_pd/g458/vddi; Direction: INOUT; Use: POWER;: has an unconnected terminal at (582.580, 203.420) (582.870, 204.000)
Net VDD, Pin Pin: u_core_gen_pd_row[5].gen_pd_col[3].u_pd/FE_OFC343_u_core_pd_hit_level_43/vddi; Direction: INOUT; Use: POWER;: has an unconnected terminal at (583.520, 168.160) (586.320, 168.960)
Net VDD, Pin Pin: u_core_gen_pd_row[5].gen_pd_col[3].u_pd/g444__2398/vddi; Direction: INOUT; Use: POWER;: has an unconnected terminal at (585.200, 204.000) (589.120, 204.800)
Net VDD, Pin Pin: u_core_gen_pd_row[5].gen_pd_col[3].u_pd/nfast_hit_latched_reg[4]/vddi; Direction: INOUT; Use: POWER;: has an unconnected terminal at (572.565, 142.080) (572.905, 142.720)
Net VDD, Pin Pin: u_core_gen_pd_row[5].gen_pd_col[4].u_pd/g442__1705/vddi; Direction: INOUT; Use: POWER;: has an unconnected terminal at (458.730, 176.540) (459.020, 177.120)
Net VDD, Pin Pin: u_core_gen_pd_row[5].gen_pd_col[5].u_pd/g442__2883/vddi; Direction: INOUT; Use: POWER;: has an unconnected terminal at (514.820, 194.460) (515.110, 195.040)
Net VDD, Pin Pin: u_core_gen_pd_row[5].gen_pd_col[6].u_pd/g458/vddi; Direction: INOUT; Use: POWER;: has an unconnected terminal at (230.810, 186.880) (231.100, 187.460)
Net VDD, Pin Pin: u_core_gen_pd_row[6].gen_pd_col[2].u_pd/g443__5477/vddi; Direction: INOUT; Use: POWER;: has an unconnected terminal at (617.680, 123.360) (621.600, 124.160)
Net VDD, Pin Pin: u_core_gen_pd_row[6].gen_pd_col[2].u_pd/g445__5107/vddi; Direction: INOUT; Use: POWER;: has an unconnected terminal at (621.600, 141.280) (624.400, 142.080)
Net VDD, Pin Pin: u_core_gen_pd_row[6].gen_pd_col[2].u_pd/g458/vddi; Direction: INOUT; Use: POWER;: has an unconnected terminal at (615.620, 124.160) (615.910, 124.740)
Net VDD, Pin Pin: u_core_gen_pd_row[6].gen_pd_col[3].u_pd/g458/vddi; Direction: INOUT; Use: POWER;: has an unconnected terminal at (608.810, 124.160) (609.100, 124.740)
Net VDD, Pin Pin: u_core_gen_pd_row[6].gen_pd_col[6].u_pd/FE_OFC357_hit_latched_41/vddi; Direction: INOUT; Use: POWER;: has an unconnected terminal at (144.480, 87.520) (147.280, 88.320)
Net VDD, Pin Pin: u_core_gen_pd_row[6].gen_pd_col[6].u_pd/g446__2883/vddi; Direction: INOUT; Use: POWER;: has an unconnected terminal at (122.080, 114.400) (124.880, 115.200)
Net VDD, Pin Pin: u_core_gen_pd_row[6].gen_pd_col[6].u_pd/nfast_hit_latched_reg[3]/vddi; Direction: INOUT; Use: POWER;: has an unconnected terminal at (143.895, 70.400) (144.235, 71.040)
Net VDD, Pin Pin: u_core_gen_pd_row[6].gen_pd_col[7].u_pd/g458/vddi; Direction: INOUT; Use: POWER;: has an unconnected terminal at (221.380, 131.740) (221.670, 132.320)
Net VDD, Pin Pin: u_core_gen_pd_row[6].gen_pd_col[7].u_pd/g11/vddi; Direction: INOUT; Use: POWER;: has an unconnected terminal at (217.280, 105.440) (220.640, 106.240)
Net VDD, Pin Pin: u_core_gen_pd_row[7].gen_pd_col[0].u_pd/g431__3680/vddi; Direction: INOUT; Use: POWER;: has an unconnected terminal at (330.960, 141.280) (334.320, 142.080)
Net VDD, Pin Pin: u_core_gen_pd_row[7].gen_pd_col[1].u_pd/g452/vddi; Direction: INOUT; Use: POWER;: has an unconnected terminal at (290.730, 149.660) (291.020, 150.240)
Net VDD, Pin Pin: u_core_gen_pd_row[7].gen_pd_col[3].u_pd/g445__7410/vddi; Direction: INOUT; Use: POWER;: has an unconnected terminal at (604.800, 141.280) (607.600, 142.080)
Net VDD, Pin Pin: u_core_gen_pd_row[7].gen_pd_col[3].u_pd/g458/vddi; Direction: INOUT; Use: POWER;: has an unconnected terminal at (586.500, 140.700) (586.790, 141.280)
Net VDD, Pin Pin: u_core_gen_pd_row[7].gen_pd_col[3].u_pd/q2_reg/vddi; Direction: INOUT; Use: POWER;: has an unconnected terminal at (600.770, 140.640) (602.380, 141.280)
Net VDD, Pin Pin: u_core_gen_pd_row[7].gen_pd_col[5].u_pd/g431__5122/vddi; Direction: INOUT; Use: POWER;: has an unconnected terminal at (527.520, 141.280) (530.880, 142.080)
Net VDD, Pin Pin: u_core_gen_pd_row[7].gen_pd_col[7].u_pd/FE_OFC1416_u_core_fast_tag_col_7__0/vddi; Direction: INOUT; Use: POWER;: has an unconnected terminal at (226.800, 168.160) (228.480, 168.960)
Net VDD, Pin Pin: u_core_gen_rst_fast_tap[6].u_rst_fast_sync/sync_q_reg[0]/vddi; Direction: INOUT; Use: POWER;: has an unconnected terminal at (129.100, 285.440) (129.440, 286.275)
Net VDD, Pin Pin: u_core_u_phase_buf_fast/gen_phase_buf[5].u_iso/vddi; Direction: INOUT; Use: POWER;: has an unconnected terminal at (169.120, 284.640) (173.600, 285.440)
Net VDD, Pin Pin: u_core_u_phase_buf_slow/gen_phase_buf[0].u_drv/vddi; Direction: INOUT; Use: POWER;: has an unconnected terminal at (210.000, 669.920) (221.200, 670.720)
Net VDD, Pin Pin: u_core_u_phase_buf_slow/gen_phase_buf[0].u_iso/vddi; Direction: INOUT; Use: POWER;: has an unconnected terminal at (147.280, 687.840) (151.760, 688.640)
Net VDD, Pin Pin: u_core_u_phase_buf_slow/gen_phase_buf[1].u_drv/vddi; Direction: INOUT; Use: POWER;: has an unconnected terminal at (160.160, 517.600) (171.360, 518.400)
Net VDD, Pin Pin: u_core_u_phase_buf_slow/gen_phase_buf[1].u_iso/vddi; Direction: INOUT; Use: POWER;: has an unconnected terminal at (154.000, 571.360) (158.480, 572.160)
Net VDD, Pin Pin: u_core_u_phase_buf_slow/gen_phase_buf[2].u_drv/vddi; Direction: INOUT; Use: POWER;: has an unconnected terminal at (195.440, 526.560) (206.640, 527.360)
Net VDD, Pin Pin: u_core_u_phase_buf_slow/gen_phase_buf[2].u_iso/vddi; Direction: INOUT; Use: POWER;: has an unconnected terminal at (192.080, 607.200) (196.560, 608.000)
Net VDD, Pin Pin: u_core_u_phase_buf_slow/gen_phase_buf[3].u_drv/vddi; Direction: INOUT; Use: POWER;: has an unconnected terminal at (190.960, 580.320) (202.160, 581.120)
Net VDD, Pin Pin: u_core_u_phase_buf_slow/gen_phase_buf[3].u_iso/vddi; Direction: INOUT; Use: POWER;: has an unconnected terminal at (184.800, 643.040) (189.280, 643.840)
Net VDD, Pin Pin: u_core_u_phase_buf_slow/gen_phase_buf[4].u_iso/vddi; Direction: INOUT; Use: POWER;: has an unconnected terminal at (143.360, 598.240) (147.840, 599.040)
Net VDD, Pin Pin: u_core_u_phase_buf_slow/gen_phase_buf[5].u_drv/vddi; Direction: INOUT; Use: POWER;: has an unconnected terminal at (225.120, 544.480) (236.320, 545.280)
Net VDD, Pin Pin: u_core_u_phase_buf_slow/gen_phase_buf[5].u_iso/vddi; Direction: INOUT; Use: POWER;: has an unconnected terminal at (174.160, 598.240) (178.640, 599.040)
Net VDD, Pin Pin: u_core_u_phase_buf_slow/gen_phase_buf[6].u_drv/vddi; Direction: INOUT; Use: POWER;: has an unconnected terminal at (207.200, 553.440) (218.400, 554.240)
Net VDD, Pin Pin: u_core_u_phase_buf_slow/gen_phase_buf[6].u_iso/vddi; Direction: INOUT; Use: POWER;: has an unconnected terminal at (208.320, 652.000) (212.800, 652.800)
Net VDD, Pin Pin: u_core_u_phase_buf_slow/gen_phase_buf[7].u_drv/vddi; Direction: INOUT; Use: POWER;: has an unconnected terminal at (178.080, 517.600) (189.280, 518.400)
Net VDD, Pin Pin: u_core_u_phase_buf_slow/gen_phase_buf[7].u_iso/vddi; Direction: INOUT; Use: POWER;: has an unconnected terminal at (184.800, 607.200) (189.280, 608.000)
Net VDD, Pin Pin: u_core_u_rst_tx_sync/sync_q_reg[1]/vddi; Direction: INOUT; Use: POWER;: has an unconnected terminal at (344.320, 695.965) (344.660, 696.800)
Net VDD, Pin Pin: soft_rst_hold_q_reg[0]/vddi; Direction: INOUT; Use: POWER;: has an unconnected terminal at (850.380, 113.565) (850.720, 114.400)
Net VDD, Pin Pin: g125__6260/vddi; Direction: INOUT; Use: POWER;: has an unconnected terminal at (863.520, 114.400) (866.320, 115.200)
Net VDD, Pin Pin: g127__8428/vddi; Direction: INOUT; Use: POWER;: has an unconnected terminal at (841.680, 114.400) (846.160, 115.200)
Net VDD, Pin Pin: g153__5526/vddi; Direction: INOUT; Use: POWER;: has an unconnected terminal at (27.220, 525.400) (27.530, 525.700)
Net VDD, Pin Pin: g154__6783/vddi; Direction: INOUT; Use: POWER;: has an unconnected terminal at (25.200, 571.360) (30.240, 572.160)
Net VDD, Pin Pin: u_core_u_osc_fast_u_ro_tune4/VDD; Direction: INOUT; Use: POWER;: has an unconnected terminal at (57.470, 256.390) (60.695, 259.625)
Net VDD, Pin Pin: u_core_u_osc_slow_u_ro_tune4/VDD; Direction: INOUT; Use: POWER;: has an unconnected terminal at (57.470, 713.035) (60.695, 716.270)
Net VDD, Pin Pin: u_core_u_slow_epoch_johnson_o_reg[5]/vddi; Direction: INOUT; Use: POWER;: has an unconnected terminal at (291.500, 570.525) (291.840, 571.360)
Net VDD, Pin Pin: u_core_u_slow_epoch_johnson_o_reg[10]/vddi; Direction: INOUT; Use: POWER;: has an unconnected terminal at (247.260, 545.280) (247.600, 546.115)
Net VDD, Pin Pin: u_core_u_slow_epoch_johnson_o_reg[16]/vddi; Direction: INOUT; Use: POWER;: has an unconnected terminal at (211.980, 563.200) (212.320, 564.035)
Net VDD, Pin Pin: u_core_u_slow_epoch_johnson_o_reg[21]/vddi; Direction: INOUT; Use: POWER;: has an unconnected terminal at (207.500, 599.040) (207.840, 599.875)
Net VDD, Pin Pin: u_core_u_slow_epoch_johnson_o_reg[26]/vddi; Direction: INOUT; Use: POWER;: has an unconnected terminal at (208.620, 625.920) (208.960, 626.755)
Net VDD, Pin Pin: u_core_u_slow_epoch_johnson_o_reg[52]/vddi; Direction: INOUT; Use: POWER;: has an unconnected terminal at (320.240, 687.005) (320.580, 687.840)
Net VDD, Pin Pin: u_core_u_stop_epoch_capture_slow_epoch_johnson_stop_o_reg[0]/vddi; Direction: INOUT; Use: POWER;: has an unconnected terminal at (307.740, 581.120) (308.080, 581.955)
Net VDD, Pin Pin: u_core_u_stop_epoch_capture_slow_epoch_johnson_stop_o_reg[22]/vddi; Direction: INOUT; Use: POWER;: has an unconnected terminal at (234.560, 606.365) (234.900, 607.200)
Net VDD, Pin Pin: u_core_g44309/vddi; Direction: INOUT; Use: POWER;: has an unconnected terminal at (721.840, 257.760) (724.640, 258.560)
Net VDD, Pin Pin: u_core_g44413/vddi; Direction: INOUT; Use: POWER;: has an unconnected terminal at (374.730, 929.180) (375.060, 929.760)
Net VDD, Pin Pin: u_core_g44415/vddi; Direction: INOUT; Use: POWER;: has an unconnected terminal at (825.440, 929.760) (828.240, 930.560)
Net VDD, Pin Pin: u_core_g44419/vddi; Direction: INOUT; Use: POWER;: has an unconnected terminal at (602.740, 858.880) (603.030, 859.460)
Net VDD, Pin Pin: u_core_g44448/vddi; Direction: INOUT; Use: POWER;: has an unconnected terminal at (477.030, 349.020) (477.340, 349.320)
Net VDD, Pin Pin: u_core_g44459/vddi; Direction: INOUT; Use: POWER;: has an unconnected terminal at (469.190, 35.420) (469.500, 35.720)
Net VDD, Pin Pin: u_core_g44462/vddi; Direction: INOUT; Use: POWER;: has an unconnected terminal at (426.070, 41.560) (426.380, 41.860)
Net VDD, Pin Pin: u_core_g44466/vddi; Direction: INOUT; Use: POWER;: has an unconnected terminal at (414.180, 41.560) (414.490, 41.860)
Net VDD, Pin Pin: u_core_g44494/vddi; Direction: INOUT; Use: POWER;: has an unconnected terminal at (329.620, 184.920) (329.930, 185.220)
Net VDD, Pin Pin: u_core_g44534/vddi; Direction: INOUT; Use: POWER;: has an unconnected terminal at (487.110, 35.420) (487.420, 35.720)
Net VDD, Pin Pin: u_core_g44551/vddi; Direction: INOUT; Use: POWER;: has an unconnected terminal at (580.070, 328.280) (580.380, 328.580)
Net VDD, Pin Pin: u_core_g44561/vddi; Direction: INOUT; Use: POWER;: has an unconnected terminal at (569.990, 283.480) (570.300, 283.780)
Net VDD, Pin Pin: u_core_g44563/vddi; Direction: INOUT; Use: POWER;: has an unconnected terminal at (271.940, 122.200) (272.250, 122.500)
Net VDD, Pin Pin: u_core_g44609/vddi; Direction: INOUT; Use: POWER;: has an unconnected terminal at (196.340, 456.540) (196.650, 456.840)
Net VDD, Pin Pin: u_core_g44632/vddi; Direction: INOUT; Use: POWER;: has an unconnected terminal at (229.510, 50.520) (229.820, 50.820)
Net VDD, Pin Pin: u_core_g44647/vddi; Direction: INOUT; Use: POWER;: has an unconnected terminal at (190.740, 337.240) (191.050, 337.540)
Net VDD, Pin Pin: u_core_g44655/vddi; Direction: INOUT; Use: POWER;: has an unconnected terminal at (675.360, 876.000) (678.160, 876.800)
Net VDD, Pin Pin: u_core_g44685/vddi; Direction: INOUT; Use: POWER;: has an unconnected terminal at (214.260, 35.420) (214.570, 35.720)
Net VDD, Pin Pin: u_core_g44707/vddi; Direction: INOUT; Use: POWER;: has an unconnected terminal at (319.540, 417.880) (319.850, 418.180)
Net VDD, Pin Pin: u_core_g44708/vddi; Direction: INOUT; Use: POWER;: has an unconnected terminal at (322.340, 402.780) (322.650, 403.080)
Net VDD, Pin Pin: u_core_g44733/vddi; Direction: INOUT; Use: POWER;: has an unconnected terminal at (585.670, 364.120) (585.980, 364.420)
Net VDD, Pin Pin: u_core_g44740/vddi; Direction: INOUT; Use: POWER;: has an unconnected terminal at (586.230, 349.020) (586.540, 349.320)
Net VDD, Pin Pin: u_core_g44741/vddi; Direction: INOUT; Use: POWER;: has an unconnected terminal at (517.910, 313.180) (518.220, 313.480)
Net VDD, Pin Pin: u_core_g44784/vddi; Direction: INOUT; Use: POWER;: has an unconnected terminal at (277.540, 301.400) (277.850, 301.700)
Net VDD, Pin Pin: u_core_g44785/vddi; Direction: INOUT; Use: POWER;: has an unconnected terminal at (200.260, 202.840) (200.570, 203.140)
Net VDD, Pin Pin: u_core_g44875/vddi; Direction: INOUT; Use: POWER;: has an unconnected terminal at (185.140, 375.900) (185.450, 376.200)
Net VDD, Pin Pin: u_core_g44927/vddi; Direction: INOUT; Use: POWER;: has an unconnected terminal at (717.920, 257.760) (720.160, 258.560)
Net VDD, Pin Pin: u_core_ro_fast_code_q_reg[1]/vddi; Direction: INOUT; Use: POWER;: has an unconnected terminal at (808.380, 328.605) (808.720, 329.440)
Net VDD, Pin Pin: u_core_ro_fast_code_q_reg[3]/vddi; Direction: INOUT; Use: POWER;: has an unconnected terminal at (816.220, 303.360) (816.560, 304.195)
Net VDD, Pin Pin: u_core_ro_fast_code_q_reg[5]/vddi; Direction: INOUT; Use: POWER;: has an unconnected terminal at (811.180, 312.320) (811.520, 313.155)
Net VDD, Pin Pin: u_core_ro_slow_code_q_reg[3]/vddi; Direction: INOUT; Use: POWER;: has an unconnected terminal at (815.100, 348.160) (815.440, 348.995)
Net VDD, Pin Pin: u_core_start_wdt_cnt_reg[5]/vddi; Direction: INOUT; Use: POWER;: has an unconnected terminal at (823.500, 392.960) (823.840, 393.795)
Net VDD, Pin Pin: u_core_u_ctx_bank_ctx_snapshot_q_reg[0][nfast_hit_packed][42]/vddi; Direction: INOUT; Use: POWER;: has an unconnected terminal at (195.320, 509.440) (196.220, 510.070)
Net VDD, Pin Pin: u_core_u_ctx_bank_ctx_snapshot_q_reg[0][nfast_hit_packed][48]/vddi; Direction: INOUT; Use: POWER;: has an unconnected terminal at (205.860, 508.010) (206.760, 508.640)
Net VDD, Pin Pin: u_core_u_ctx_bank_ctx_snapshot_q_reg[0][nfast_hit_packed][49]/vddi; Direction: INOUT; Use: POWER;: has an unconnected terminal at (222.200, 516.970) (223.100, 517.600)
Net VDD, Pin Pin: u_core_u_ctx_bank_ctx_snapshot_q_reg[0][nfast_hit_packed][51]/vddi; Direction: INOUT; Use: POWER;: has an unconnected terminal at (227.700, 516.970) (228.600, 517.600)
Net VDD, Pin Pin: u_core_u_ctx_bank_ctx_snapshot_q_reg[0][nfast_hit_packed][64]/vddi; Direction: INOUT; Use: POWER;: has an unconnected terminal at (264.200, 525.930) (265.100, 526.560)
Net VDD, Pin Pin: u_core_u_ctx_bank_ctx_snapshot_q_reg[0][nfast_hit_packed][156]/vddi; Direction: INOUT; Use: POWER;: has an unconnected terminal at (177.960, 357.120) (178.860, 357.750)
Net VDD, Pin Pin: u_core_u_ctx_bank_ctx_snapshot_q_reg[0][nfast_hit_packed][271]/vddi; Direction: INOUT; Use: POWER;: has an unconnected terminal at (214.360, 203.370) (215.260, 204.000)
Net VDD, Pin Pin: u_core_u_ctx_bank_ctx_snapshot_q_reg[0][nfast_hit_packed][272]/vddi; Direction: INOUT; Use: POWER;: has an unconnected terminal at (195.880, 203.370) (196.780, 204.000)
Net VDD, Pin Pin: u_core_u_ctx_bank_ctx_snapshot_q_reg[0][nfast_hit_packed][321]/vddi; Direction: INOUT; Use: POWER;: has an unconnected terminal at (493.240, 204.800) (494.140, 205.430)
Net VDD, Pin Pin: u_core_u_ctx_bank_ctx_snapshot_q_reg[0][nfast_hit_packed][336]/vddi; Direction: INOUT; Use: POWER;: has an unconnected terminal at (386.180, 25.600) (387.080, 26.230)
Net VDD, Pin Pin: u_core_u_ctx_bank_ctx_snapshot_q_reg[0][nfast_hit_packed][337]/vddi; Direction: INOUT; Use: POWER;: has an unconnected terminal at (357.160, 25.600) (358.060, 26.230)
Net VDD, Pin Pin: u_core_u_ctx_bank_ctx_snapshot_q_reg[0][nfast_hit_packed][344]/vddi; Direction: INOUT; Use: POWER;: has an unconnected terminal at (302.180, 43.520) (303.080, 44.150)
Net VDD, Pin Pin: u_core_u_ctx_bank_ctx_snapshot_q_reg[0][nfast_hit_packed][358]/vddi; Direction: INOUT; Use: POWER;: has an unconnected terminal at (542.980, 25.600) (543.880, 26.230)
Net VDD, Pin Pin: u_core_u_ctx_bank_ctx_snapshot_q_reg[0][nfast_hit_packed][359]/vddi; Direction: INOUT; Use: POWER;: has an unconnected terminal at (568.740, 25.600) (569.640, 26.230)
Net VDD, Pin Pin: u_core_u_ctx_bank_ctx_snapshot_q_reg[0][nfast_hit_packed][364]/vddi; Direction: INOUT; Use: POWER;: has an unconnected terminal at (418.200, 25.600) (419.100, 26.230)
Net VDD, Pin Pin: u_core_u_ctx_bank_ctx_snapshot_q_reg[0][nfast_hit_packed][371]/vddi; Direction: INOUT; Use: POWER;: has an unconnected terminal at (488.100, 25.600) (489.000, 26.230)
Net VDD, Pin Pin: u_core_u_ctx_bank_ctx_snapshot_q_reg[0][nfast_hit_packed][372]/vddi; Direction: INOUT; Use: POWER;: has an unconnected terminal at (500.980, 25.600) (501.880, 26.230)
Net VDD, Pin Pin: u_core_u_ctx_bank_ctx_snapshot_q_reg[0][nfast_hit_packed][373]/vddi; Direction: INOUT; Use: POWER;: has an unconnected terminal at (517.220, 25.600) (518.120, 26.230)
Net VDD, Pin Pin: u_core_u_ctx_bank_ctx_snapshot_q_reg[0][nfast_hit_packed][375]/vddi; Direction: INOUT; Use: POWER;: has an unconnected terminal at (538.040, 25.600) (538.940, 26.230)
Net VDD, Pin Pin: u_core_u_ctx_bank_ctx_snapshot_q_reg[0][nfast_hit_packed][381]/vddi; Direction: INOUT; Use: POWER;: has an unconnected terminal at (184.580, 25.600) (185.480, 26.230)
Net VDD, Pin Pin: u_core_u_ctx_bank_ctx_snapshot_q_reg[0][nfast_hit_packed][392]/vddi; Direction: INOUT; Use: POWER;: has an unconnected terminal at (406.440, 25.600) (407.340, 26.230)
Net VDD, Pin Pin: u_core_u_ctx_bank_ctx_snapshot_q_reg[0][nfast_hit_packed][407]/vddi; Direction: INOUT; Use: POWER;: has an unconnected terminal at (667.860, 70.400) (668.760, 71.030)
Net VDD, Pin Pin: u_core_u_ctx_bank_ctx_snapshot_q_reg[1][nfast_hit_packed][52]/vddi; Direction: INOUT; Use: POWER;: has an unconnected terminal at (250.200, 518.400) (251.100, 519.030)
Net VDD, Pin Pin: u_core_u_ctx_bank_ctx_snapshot_q_reg[1][nfast_hit_packed][64]/vddi; Direction: INOUT; Use: POWER;: has an unconnected terminal at (264.200, 518.400) (265.100, 519.030)
Net VDD, Pin Pin: u_core_u_ctx_bank_ctx_snapshot_q_reg[1][nfast_hit_packed][99]/vddi; Direction: INOUT; Use: POWER;: has an unconnected terminal at (219.960, 464.640) (220.860, 465.270)
Net VDD, Pin Pin: u_core_u_ctx_bank_ctx_snapshot_q_reg[1][nfast_hit_packed][106]/vddi; Direction: INOUT; Use: POWER;: has an unconnected terminal at (258.040, 463.210) (258.940, 463.840)
Net VDD, Pin Pin: u_core_u_ctx_bank_ctx_snapshot_q_reg[1][nfast_hit_packed][154]/vddi; Direction: INOUT; Use: POWER;: has an unconnected terminal at (181.880, 382.570) (182.780, 383.200)
Net VDD, Pin Pin: u_core_u_ctx_bank_ctx_snapshot_q_reg[1][nfast_hit_packed][193]/vddi; Direction: INOUT; Use: POWER;: has an unconnected terminal at (523.380, 330.240) (524.280, 330.870)
Net VDD, Pin Pin: u_core_u_ctx_bank_ctx_snapshot_q_reg[1][nfast_hit_packed][257]/vddi; Direction: INOUT; Use: POWER;: has an unconnected terminal at (403.080, 249.600) (403.980, 250.230)
Net VDD, Pin Pin: u_core_u_ctx_bank_ctx_snapshot_q_reg[1][nfast_hit_packed][272]/vddi; Direction: INOUT; Use: POWER;: has an unconnected terminal at (183.560, 203.370) (184.460, 204.000)
Net VDD, Pin Pin: u_core_u_ctx_bank_ctx_snapshot_q_reg[1][nfast_hit_packed][336]/vddi; Direction: INOUT; Use: POWER;: has an unconnected terminal at (382.360, 25.600) (383.260, 26.230)
Net VDD, Pin Pin: u_core_u_ctx_bank_ctx_snapshot_q_reg[1][nfast_hit_packed][337]/vddi; Direction: INOUT; Use: POWER;: has an unconnected terminal at (344.280, 25.600) (345.180, 26.230)
Net VDD, Pin Pin: u_core_u_ctx_bank_ctx_snapshot_q_reg[1][nfast_hit_packed][341]/vddi; Direction: INOUT; Use: POWER;: has an unconnected terminal at (370.040, 25.600) (370.940, 26.230)
Net VDD, Pin Pin: u_core_u_ctx_bank_ctx_snapshot_q_reg[1][nfast_hit_packed][344]/vddi; Direction: INOUT; Use: POWER;: has an unconnected terminal at (302.180, 25.600) (303.080, 26.230)
Net VDD, Pin Pin: u_core_u_ctx_bank_ctx_snapshot_q_reg[1][nfast_hit_packed][345]/vddi; Direction: INOUT; Use: POWER;: has an unconnected terminal at (285.380, 25.600) (286.280, 26.230)
Net VDD, Pin Pin: u_core_u_ctx_bank_ctx_snapshot_q_reg[1][nfast_hit_packed][352]/vddi; Direction: INOUT; Use: POWER;: has an unconnected terminal at (649.480, 43.520) (650.380, 44.150)
Net VDD, Pin Pin: u_core_u_ctx_bank_ctx_snapshot_q_reg[1][nfast_hit_packed][358]/vddi; Direction: INOUT; Use: POWER;: has an unconnected terminal at (555.860, 25.600) (556.760, 26.230)
Net VDD, Pin Pin: u_core_u_ctx_bank_ctx_snapshot_q_reg[1][nfast_hit_packed][360]/vddi; Direction: INOUT; Use: POWER;: has an unconnected terminal at (588.340, 34.560) (589.240, 35.190)
Net VDD, Pin Pin: u_core_u_ctx_bank_ctx_snapshot_q_reg[1][nfast_hit_packed][365]/vddi; Direction: INOUT; Use: POWER;: has an unconnected terminal at (434.340, 25.600) (435.240, 26.230)
Net VDD, Pin Pin: u_core_u_ctx_bank_ctx_snapshot_q_reg[1][nfast_hit_packed][366]/vddi; Direction: INOUT; Use: POWER;: has an unconnected terminal at (430.520, 25.600) (431.420, 26.230)
Net VDD, Pin Pin: u_core_u_ctx_bank_ctx_snapshot_q_reg[1][nfast_hit_packed][367]/vddi; Direction: INOUT; Use: POWER;: has an unconnected terminal at (454.600, 25.600) (455.500, 26.230)
Net VDD, Pin Pin: u_core_u_ctx_bank_ctx_snapshot_q_reg[1][nfast_hit_packed][368]/vddi; Direction: INOUT; Use: POWER;: has an unconnected terminal at (474.100, 25.600) (475.000, 26.230)
Net VDD, Pin Pin: u_core_u_ctx_bank_ctx_snapshot_q_reg[1][nfast_hit_packed][369]/vddi; Direction: INOUT; Use: POWER;: has an unconnected terminal at (458.980, 25.600) (459.880, 26.230)
Net VDD, Pin Pin: u_core_u_ctx_bank_ctx_snapshot_q_reg[1][nfast_hit_packed][371]/vddi; Direction: INOUT; Use: POWER;: has an unconnected terminal at (487.540, 42.090) (488.440, 42.720)
Net VDD, Pin Pin: u_core_u_ctx_bank_ctx_snapshot_q_reg[1][nfast_hit_packed][380]/vddi; Direction: INOUT; Use: POWER;: has an unconnected terminal at (207.080, 25.600) (207.980, 26.230)
Net VDD, Pin Pin: u_core_u_ctx_bank_ctx_snapshot_q_reg[1][nfast_hit_packed][387]/vddi; Direction: INOUT; Use: POWER;: has an unconnected terminal at (214.820, 25.600) (215.720, 26.230)
Net VDD, Pin Pin: u_core_u_ctx_bank_ctx_snapshot_q_reg[1][nfast_hit_packed][388]/vddi; Direction: INOUT; Use: POWER;: has an unconnected terminal at (228.820, 25.600) (229.720, 26.230)
Net VDD, Pin Pin: u_core_u_ctx_bank_ctx_snapshot_q_reg[1][nfast_hit_packed][389]/vddi; Direction: INOUT; Use: POWER;: has an unconnected terminal at (250.760, 25.600) (251.660, 26.230)
Net VDD, Pin Pin: u_core_u_ctx_bank_ctx_snapshot_q_reg[1][nfast_hit_packed][390]/vddi; Direction: INOUT; Use: POWER;: has an unconnected terminal at (265.880, 25.600) (266.780, 26.230)
Net VDD, Pin Pin: u_core_u_ctx_bank_ctx_snapshot_q_reg[1][nfast_hit_packed][414]/vddi; Direction: INOUT; Use: POWER;: has an unconnected terminal at (516.100, 95.850) (517.000, 96.480)
Net VDD, Pin Pin: u_core_u_fifo_count_q_reg[0]/vddi; Direction: INOUT; Use: POWER;: has an unconnected terminal at (793.960, 794.730) (794.860, 795.360)
Net VDD, Pin Pin: u_core_u_fifo_mem_reg[0][33]/vddi; Direction: INOUT; Use: POWER;: has an unconnected terminal at (526.280, 749.930) (527.180, 750.560)
Net VDD, Pin Pin: u_core_u_fifo_mem_reg[4][2]/vddi; Direction: INOUT; Use: POWER;: has an unconnected terminal at (344.280, 740.970) (345.180, 741.600)
Net VDD, Pin Pin: u_core_u_fifo_mem_reg[4][43]/vddi; Direction: INOUT; Use: POWER;: has an unconnected terminal at (355.480, 706.560) (356.380, 707.190)
Net VDD, Pin Pin: u_core_u_fifo_mem_reg[12][12]/vddi; Direction: INOUT; Use: POWER;: has an unconnected terminal at (709.400, 848.490) (710.300, 849.120)
Net VDD, Pin Pin: u_core_u_fifo_mem_reg[12][31]/vddi; Direction: INOUT; Use: POWER;: has an unconnected terminal at (540.840, 840.960) (541.740, 841.590)
Net VDD, Pin Pin: u_core_u_fifo_mem_reg[16][7]/vddi; Direction: INOUT; Use: POWER;: has an unconnected terminal at (613.540, 947.050) (614.440, 947.680)
Net VDD, Pin Pin: u_core_u_fifo_mem_reg[16][13]/vddi; Direction: INOUT; Use: POWER;: has an unconnected terminal at (738.520, 947.050) (739.420, 947.680)
Net VDD, Pin Pin: u_core_u_fifo_mem_reg[16][40]/vddi; Direction: INOUT; Use: POWER;: has an unconnected terminal at (413.160, 947.050) (414.060, 947.680)
Net VDD, Pin Pin: u_core_u_fifo_mem_reg[16][43]/vddi; Direction: INOUT; Use: POWER;: has an unconnected terminal at (472.520, 947.050) (473.420, 947.680)
Net VDD, Pin Pin: u_core_u_fifo_mem_reg[16][46]/vddi; Direction: INOUT; Use: POWER;: has an unconnected terminal at (679.160, 947.050) (680.060, 947.680)
Net VDD, Pin Pin: u_core_u_fifo_mem_reg[16][47]/vddi; Direction: INOUT; Use: POWER;: has an unconnected terminal at (632.680, 947.050) (633.580, 947.680)
Net VDD, Pin Pin: u_core_u_fifo_mem_reg[17][6]/vddi; Direction: INOUT; Use: POWER;: has an unconnected terminal at (579.480, 947.050) (580.380, 947.680)
Net VDD, Pin Pin: u_core_u_fifo_mem_reg[17][10]/vddi; Direction: INOUT; Use: POWER;: has an unconnected terminal at (754.660, 947.050) (755.560, 947.680)
Net VDD, Pin Pin: u_core_u_fifo_mem_reg[17][13]/vddi; Direction: INOUT; Use: POWER;: has an unconnected terminal at (742.340, 947.050) (743.240, 947.680)
Net VDD, Pin Pin: u_core_u_fifo_mem_reg[17][31]/vddi; Direction: INOUT; Use: POWER;: has an unconnected terminal at (543.640, 947.050) (544.540, 947.680)
Net VDD, Pin Pin: u_core_u_fifo_mem_reg[17][40]/vddi; Direction: INOUT; Use: POWER;: has an unconnected terminal at (424.920, 947.050) (425.820, 947.680)
Net VDD, Pin Pin: u_core_u_fifo_mem_reg[17][45]/vddi; Direction: INOUT; Use: POWER;: has an unconnected terminal at (567.720, 947.050) (568.620, 947.680)
Net VDD, Pin Pin: u_core_u_fifo_mem_reg[18][6]/vddi; Direction: INOUT; Use: POWER;: has an unconnected terminal at (597.960, 947.050) (598.860, 947.680)
Net VDD, Pin Pin: u_core_u_fifo_mem_reg[18][10]/vddi; Direction: INOUT; Use: POWER;: has an unconnected terminal at (766.980, 947.050) (767.880, 947.680)
Net VDD, Pin Pin: u_core_u_fifo_mem_reg[18][13]/vddi; Direction: INOUT; Use: POWER;: has an unconnected terminal at (718.820, 947.050) (719.720, 947.680)
Net VDD, Pin Pin: u_core_u_fifo_mem_reg[18][31]/vddi; Direction: INOUT; Use: POWER;: has an unconnected terminal at (507.800, 947.050) (508.700, 947.680)
Net VDD, Pin Pin: u_core_u_fifo_mem_reg[18][43]/vddi; Direction: INOUT; Use: POWER;: has an unconnected terminal at (460.200, 947.050) (461.100, 947.680)
Net VDD, Pin Pin: u_core_u_fifo_mem_reg[18][46]/vddi; Direction: INOUT; Use: POWER;: has an unconnected terminal at (694.740, 947.050) (695.640, 947.680)
Net VDD, Pin Pin: u_core_u_fifo_mem_reg[19][31]/vddi; Direction: INOUT; Use: POWER;: has an unconnected terminal at (520.120, 947.050) (521.020, 947.680)
Net VDD, Pin Pin: u_core_u_fifo_mem_reg[19][45]/vddi; Direction: INOUT; Use: POWER;: has an unconnected terminal at (555.400, 947.050) (556.300, 947.680)
Net VDD, Pin Pin: u_core_u_fifo_mem_reg[19][46]/vddi; Direction: INOUT; Use: POWER;: has an unconnected terminal at (690.920, 947.050) (691.820, 947.680)
Net VDD, Pin Pin: u_core_u_fifo_mem_reg[20][40]/vddi; Direction: INOUT; Use: POWER;: has an unconnected terminal at (440.500, 947.050) (441.400, 947.680)
Net VDD, Pin Pin: u_core_u_fifo_mem_reg[21][40]/vddi; Direction: INOUT; Use: POWER;: has an unconnected terminal at (436.680, 947.050) (437.580, 947.680)
Net VDD, Pin Pin: u_core_u_fifo_mem_reg[22][7]/vddi; Direction: INOUT; Use: POWER;: has an unconnected terminal at (610.280, 947.050) (611.180, 947.680)
Net VDD, Pin Pin: u_core_u_fifo_mem_reg[22][43]/vddi; Direction: INOUT; Use: POWER;: has an unconnected terminal at (488.100, 947.050) (489.000, 947.680)
Net VDD, Pin Pin: u_core_u_fifo_mem_reg[22][46]/vddi; Direction: INOUT; Use: POWER;: has an unconnected terminal at (667.960, 947.050) (668.860, 947.680)
Net VDD, Pin Pin: u_core_u_fifo_mem_reg[22][47]/vddi; Direction: INOUT; Use: POWER;: has an unconnected terminal at (643.880, 947.050) (644.780, 947.680)
Net VDD, Pin Pin: u_core_u_fifo_mem_reg[23][10]/vddi; Direction: INOUT; Use: POWER;: has an unconnected terminal at (787.800, 947.050) (788.700, 947.680)
Net VDD, Pin Pin: u_core_u_fifo_mem_reg[23][11]/vddi; Direction: INOUT; Use: POWER;: has an unconnected terminal at (706.500, 947.050) (707.400, 947.680)
Net VDD, Pin Pin: u_core_u_fifo_mem_reg[23][31]/vddi; Direction: INOUT; Use: POWER;: has an unconnected terminal at (531.880, 947.050) (532.780, 947.680)
Net VDD, Pin Pin: u_core_u_fifo_mem_reg[23][40]/vddi; Direction: INOUT; Use: POWER;: has an unconnected terminal at (400.840, 947.050) (401.740, 947.680)
Net VDD, Pin Pin: u_core_u_fifo_mem_reg[23][43]/vddi; Direction: INOUT; Use: POWER;: has an unconnected terminal at (484.280, 947.050) (485.180, 947.680)
Net VDD, Pin Pin: u_core_u_fifo_mem_reg[23][46]/vddi; Direction: INOUT; Use: POWER;: has an unconnected terminal at (656.200, 947.050) (657.100, 947.680)
Net VDD, Pin Pin: u_core_u_fifo_mem_reg[24][40]/vddi; Direction: INOUT; Use: POWER;: has an unconnected terminal at (418.660, 794.730) (419.560, 795.360)
Net VDD, Pin Pin: u_core_u_fifo_mem_reg[25][29]/vddi; Direction: INOUT; Use: POWER;: has an unconnected terminal at (355.480, 911.210) (356.380, 911.840)
Net VDD, Pin Pin: u_core_u_fifo_mem_reg[26][44]/vddi; Direction: INOUT; Use: POWER;: has an unconnected terminal at (404.660, 823.040) (405.560, 823.670)
Net VDD, Pin Pin: u_core_u_fifo_mem_reg[27][12]/vddi; Direction: INOUT; Use: POWER;: has an unconnected terminal at (904.280, 876.800) (905.180, 877.430)
Net VDD, Pin Pin: u_core_u_fifo_mem_reg[28][0]/vddi; Direction: INOUT; Use: POWER;: has an unconnected terminal at (834.280, 911.210) (835.180, 911.840)
Net VDD, Pin Pin: u_core_u_fifo_mem_reg[28][2]/vddi; Direction: INOUT; Use: POWER;: has an unconnected terminal at (326.360, 823.040) (327.260, 823.670)
Net VDD, Pin Pin: u_core_u_fifo_mem_reg[28][4]/vddi; Direction: INOUT; Use: POWER;: has an unconnected terminal at (324.120, 787.200) (325.020, 787.830)
Net VDD, Pin Pin: u_core_u_fifo_mem_reg[28][29]/vddi; Direction: INOUT; Use: POWER;: has an unconnected terminal at (342.600, 902.250) (343.500, 902.880)
Net VDD, Pin Pin: u_core_u_fifo_mem_reg[28][34]/vddi; Direction: INOUT; Use: POWER;: has an unconnected terminal at (847.160, 911.210) (848.060, 911.840)
Net VDD, Pin Pin: u_core_u_fifo_mem_reg[30][29]/vddi; Direction: INOUT; Use: POWER;: has an unconnected terminal at (335.880, 875.370) (336.780, 876.000)
Net VDD, Pin Pin: u_core_u_fifo_mem_reg[34][40]/vddi; Direction: INOUT; Use: POWER;: has an unconnected terminal at (499.860, 516.970) (500.760, 517.600)
Net VDD, Pin Pin: u_core_u_fifo_mem_reg[45][40]/vddi; Direction: INOUT; Use: POWER;: has an unconnected terminal at (532.440, 579.690) (533.340, 580.320)
Net VDD, Pin Pin: u_core_u_fifo_mem_reg[46][31]/vddi; Direction: INOUT; Use: POWER;: has an unconnected terminal at (543.640, 608.000) (544.540, 608.630)
Net VDD, Pin Pin: u_core_u_fifo_mem_reg[48][10]/vddi; Direction: INOUT; Use: POWER;: has an unconnected terminal at (932.840, 463.210) (933.740, 463.840)
Net VDD, Pin Pin: u_core_u_fifo_mem_reg[48][11]/vddi; Direction: INOUT; Use: POWER;: has an unconnected terminal at (949.080, 561.770) (949.980, 562.400)
Net VDD, Pin Pin: u_core_u_fifo_mem_reg[48][12]/vddi; Direction: INOUT; Use: POWER;: has an unconnected terminal at (914.260, 437.760) (915.160, 438.390)
Net VDD, Pin Pin: u_core_u_fifo_mem_reg[48][47]/vddi; Direction: INOUT; Use: POWER;: has an unconnected terminal at (865.540, 428.800) (866.440, 429.430)
Net VDD, Pin Pin: u_core_u_fifo_mem_reg[49][6]/vddi; Direction: INOUT; Use: POWER;: has an unconnected terminal at (940.020, 599.040) (940.920, 599.670)
Net VDD, Pin Pin: u_core_u_fifo_mem_reg[49][7]/vddi; Direction: INOUT; Use: POWER;: has an unconnected terminal at (949.080, 625.920) (949.980, 626.550)
Net VDD, Pin Pin: u_core_u_fifo_mem_reg[49][10]/vddi; Direction: INOUT; Use: POWER;: has an unconnected terminal at (919.960, 463.210) (920.860, 463.840)
Net VDD, Pin Pin: u_core_u_fifo_mem_reg[49][12]/vddi; Direction: INOUT; Use: POWER;: has an unconnected terminal at (901.380, 437.760) (902.280, 438.390)
Net VDD, Pin Pin: u_core_u_fifo_mem_reg[50][0]/vddi; Direction: INOUT; Use: POWER;: has an unconnected terminal at (949.080, 696.170) (949.980, 696.800)
Net VDD, Pin Pin: u_core_u_fifo_mem_reg[51][0]/vddi; Direction: INOUT; Use: POWER;: has an unconnected terminal at (943.480, 705.130) (944.380, 705.760)
Net VDD, Pin Pin: u_core_u_fifo_mem_reg[53][32]/vddi; Direction: INOUT; Use: POWER;: has an unconnected terminal at (852.760, 767.850) (853.660, 768.480)
Net VDD, Pin Pin: u_core_u_fifo_mem_reg[55][0]/vddi; Direction: INOUT; Use: POWER;: has an unconnected terminal at (926.680, 742.400) (927.580, 743.030)
Net VDD, Pin Pin: u_core_u_fifo_mem_reg[57][12]/vddi; Direction: INOUT; Use: POWER;: has an unconnected terminal at (933.960, 518.400) (934.860, 519.030)
Net VDD, Pin Pin: u_core_u_fifo_mem_reg[60][40]/vddi; Direction: INOUT; Use: POWER;: has an unconnected terminal at (758.120, 516.970) (759.020, 517.600)
Net VDD, Pin Pin: u_core_u_hit_capture_bridge_snapshot_q_reg[hit_level][49]/vddi; Direction: INOUT; Use: POWER;: has an unconnected terminal at (739.640, 133.120) (740.540, 133.750)
Net VDD, Pin Pin: u_core_u_hit_capture_bridge_snapshot_q_reg[hit_level][55]/vddi; Direction: INOUT; Use: POWER;: has an unconnected terminal at (725.540, 106.240) (726.440, 106.870)
Net VDD, Pin Pin: u_core_u_hit_capture_bridge_snapshot_q_reg[hit_level][59]/vddi; Direction: INOUT; Use: POWER;: has an unconnected terminal at (732.820, 142.080) (733.720, 142.710)
Net VDD, Pin Pin: u_core_u_hit_capture_bridge_snapshot_q_reg[nfast_hit_packed][119]/vddi; Direction: INOUT; Use: POWER;: has an unconnected terminal at (316.280, 375.040) (317.180, 375.670)
Net VDD, Pin Pin: u_core_u_hit_capture_bridge_snapshot_q_reg[nfast_hit_packed][267]/vddi; Direction: INOUT; Use: POWER;: has an unconnected terminal at (184.120, 168.960) (185.020, 169.590)
Net VDD, Pin Pin: u_core_u_hit_capture_bridge_snapshot_q_reg[nfast_hit_packed][337]/vddi; Direction: INOUT; Use: POWER;: has an unconnected terminal at (328.040, 25.600) (328.940, 26.230)
Net VDD, Pin Pin: u_core_u_hit_capture_bridge_snapshot_q_reg[nfast_hit_packed][345]/vddi; Direction: INOUT; Use: POWER;: has an unconnected terminal at (279.880, 25.600) (280.780, 26.230)
Net VDD, Pin Pin: u_core_u_hit_capture_bridge_snapshot_q_reg[nfast_hit_packed][346]/vddi; Direction: INOUT; Use: POWER;: has an unconnected terminal at (297.240, 52.480) (298.140, 53.110)
Net VDD, Pin Pin: u_core_u_hit_capture_bridge_snapshot_q_reg[nfast_hit_packed][352]/vddi; Direction: INOUT; Use: POWER;: has an unconnected terminal at (635.940, 51.050) (636.840, 51.680)
Net VDD, Pin Pin: u_core_u_hit_capture_bridge_snapshot_q_reg[nfast_hit_packed][353]/vddi; Direction: INOUT; Use: POWER;: has an unconnected terminal at (654.980, 34.560) (655.880, 35.190)
Net VDD, Pin Pin: u_core_u_hit_capture_bridge_snapshot_q_reg[nfast_hit_packed][358]/vddi; Direction: INOUT; Use: POWER;: has an unconnected terminal at (586.100, 25.600) (587.000, 26.230)
Net VDD, Pin Pin: u_core_u_hit_capture_bridge_snapshot_q_reg[nfast_hit_packed][380]/vddi; Direction: INOUT; Use: POWER;: has an unconnected terminal at (169.560, 34.560) (170.460, 35.190)
Net VDD, Pin Pin: u_core_u_meas_ctrl_row_cnt_q_reg[4][3]/vddi; Direction: INOUT; Use: POWER;: has an unconnected terminal at (790.040, 240.640) (790.940, 241.270)
Net VDD, Pin Pin: u_core_u_meas_ctrl_row_cnt_q_reg[5][3]/vddi; Direction: INOUT; Use: POWER;: has an unconnected terminal at (768.760, 249.600) (769.660, 250.230)
Net VDD, Pin Pin: u_core_g71020/vddi; Direction: INOUT; Use: POWER;: has an unconnected terminal at (248.080, 625.120) (250.880, 625.920)
Net VDD, Pin Pin: u_core_g71062/vddi; Direction: INOUT; Use: POWER;: has an unconnected terminal at (394.240, 230.880) (397.600, 231.680)
Net VDD, Pin Pin: u_core_g71063/vddi; Direction: INOUT; Use: POWER;: has an unconnected terminal at (393.120, 481.760) (396.480, 482.560)
Net VDD, Pin Pin: u_core_g71081/vddi; Direction: INOUT; Use: POWER;: has an unconnected terminal at (400.400, 96.480) (403.760, 97.280)
Net VDD, Pin Pin: u_core_g71107/vddi; Direction: INOUT; Use: POWER;: has an unconnected terminal at (388.080, 204.000) (391.440, 204.800)
Net VDD, Pin Pin: u_core_g71156/vddi; Direction: INOUT; Use: POWER;: has an unconnected terminal at (379.120, 248.800) (382.480, 249.600)
Net VDD, Pin Pin: u_core_g71239/vddi; Direction: INOUT; Use: POWER;: has an unconnected terminal at (398.720, 195.040) (400.960, 195.840)
Net VDD, Pin Pin: u_core_g71248/vddi; Direction: INOUT; Use: POWER;: has an unconnected terminal at (752.080, 257.760) (756.560, 258.560)
Net VDD, Pin Pin: u_core_g71270/vddi; Direction: INOUT; Use: POWER;: has an unconnected terminal at (395.740, 212.550) (397.420, 212.960)
Net VDD, Pin Pin: u_core_g71271/vddi; Direction: INOUT; Use: POWER;: has an unconnected terminal at (450.420, 203.590) (452.100, 204.000)
Net VDD, Pin Pin: u_core_g71275/vddi; Direction: INOUT; Use: POWER;: has an unconnected terminal at (433.440, 463.840) (435.680, 464.640)
Net VDD, Pin Pin: u_core_g71287/vddi; Direction: INOUT; Use: POWER;: has an unconnected terminal at (752.640, 248.800) (757.120, 249.600)
Net VDD, Pin Pin: u_core_g71314/vddi; Direction: INOUT; Use: POWER;: has an unconnected terminal at (738.080, 374.240) (744.240, 375.040)
Net VDD, Pin Pin: u_core_g71369/vddi; Direction: INOUT; Use: POWER;: has an unconnected terminal at (455.930, 310.940) (456.220, 311.520)
Net VDD, Pin Pin: u_core_g71371/vddi; Direction: INOUT; Use: POWER;: has an unconnected terminal at (750.960, 338.400) (757.120, 339.200)
Net VDD, Pin Pin: u_core_g71374/vddi; Direction: INOUT; Use: POWER;: has an unconnected terminal at (751.520, 150.240) (757.680, 151.040)
Net VDD, Pin Pin: u_core_g71383/vddi; Direction: INOUT; Use: POWER;: has an unconnected terminal at (741.440, 445.920) (745.920, 446.720)
Net VDD, Pin Pin: u_core_g71401/vddi; Direction: INOUT; Use: POWER;: has an unconnected terminal at (704.480, 410.080) (710.080, 410.880)
Net VDD, Pin Pin: u_core_g71417/vddi; Direction: INOUT; Use: POWER;: has an unconnected terminal at (418.880, 607.200) (424.480, 608.000)
Net VDD, Pin Pin: u_core_g71424/vddi; Direction: INOUT; Use: POWER;: has an unconnected terminal at (750.960, 275.680) (755.440, 276.480)
Net VDD, Pin Pin: u_core_g71439/vddi; Direction: INOUT; Use: POWER;: has an unconnected terminal at (310.800, 598.240) (314.720, 599.040)
Net VDD, Pin Pin: u_core_g71452/vddi; Direction: INOUT; Use: POWER;: has an unconnected terminal at (720.160, 401.120) (722.400, 401.920)
Net VDD, Pin Pin: u_core_g71474/vddi; Direction: INOUT; Use: POWER;: has an unconnected terminal at (747.220, 122.860) (747.510, 123.360)
Net VDD, Pin Pin: u_core_g71487/vddi; Direction: INOUT; Use: POWER;: has an unconnected terminal at (712.320, 338.400) (715.680, 339.200)
Net VDD, Pin Pin: u_core_g71496/vddi; Direction: INOUT; Use: POWER;: has an unconnected terminal at (651.840, 876.000) (654.640, 876.800)
Net VDD, Pin Pin: u_core_g71505/vddi; Direction: INOUT; Use: POWER;: has an unconnected terminal at (303.520, 616.160) (307.440, 616.960)
Net VDD, Pin Pin: u_core_g71506/vddi; Direction: INOUT; Use: POWER;: has an unconnected terminal at (620.480, 302.560) (623.280, 303.360)
Net VDD, Pin Pin: u_core_g71508/vddi; Direction: INOUT; Use: POWER;: has an unconnected terminal at (766.640, 338.400) (771.120, 339.200)
Net VDD, Pin Pin: u_core_g71510/vddi; Direction: INOUT; Use: POWER;: has an unconnected terminal at (771.680, 248.800) (776.160, 249.600)
Net VDD, Pin Pin: u_core_g71529/vddi; Direction: INOUT; Use: POWER;: has an unconnected terminal at (651.460, 867.840) (651.750, 868.420)
Net VDD, Pin Pin: u_core_g71539/vddi; Direction: INOUT; Use: POWER;: has an unconnected terminal at (257.600, 616.160) (261.520, 616.960)
Net VDD, Pin Pin: u_core_g71765/vddi; Direction: INOUT; Use: POWER;: has an unconnected terminal at (301.460, 608.000) (301.750, 608.580)
Net VDD, Pin Pin: u_core_g71921/vddi; Direction: INOUT; Use: POWER;: has an unconnected terminal at (742.560, 114.400) (748.720, 115.200)
Net VDD, Pin Pin: u_core_g72774/vddi; Direction: INOUT; Use: POWER;: has an unconnected terminal at (697.110, 644.700) (697.420, 645.000)
Net VDD, Pin Pin: u_core_g72792/vddi; Direction: INOUT; Use: POWER;: has an unconnected terminal at (538.070, 704.600) (538.380, 704.900)
Net VDD, Pin Pin: u_core_g72995/vddi; Direction: INOUT; Use: POWER;: has an unconnected terminal at (901.380, 534.360) (901.690, 534.660)
Net VDD, Pin Pin: u_core_g73559/vddi; Direction: INOUT; Use: POWER;: has an unconnected terminal at (435.030, 940.380) (435.340, 940.680)
Net VDD, Pin Pin: u_core_g73617/vddi; Direction: INOUT; Use: POWER;: has an unconnected terminal at (645.590, 581.980) (645.900, 582.280)
Net VDD, Pin Pin: u_core_g73620/vddi; Direction: INOUT; Use: POWER;: has an unconnected terminal at (603.590, 581.980) (603.900, 582.280)
Net VDD, Pin Pin: u_core_g73655/vddi; Direction: INOUT; Use: POWER;: has an unconnected terminal at (562.150, 528.220) (562.460, 528.520)
Net VDD, Pin Pin: u_core_g73671/vddi; Direction: INOUT; Use: POWER;: has an unconnected terminal at (608.070, 516.440) (608.380, 516.740)
Net VDD, Pin Pin: u_core_g73730/vddi; Direction: INOUT; Use: POWER;: has an unconnected terminal at (755.350, 680.540) (755.660, 680.840)
Net VDD, Pin Pin: u_core_g73754/vddi; Direction: INOUT; Use: POWER;: has an unconnected terminal at (367.830, 767.320) (368.140, 767.620)
Net VDD, Pin Pin: u_core_g73763/vddi; Direction: INOUT; Use: POWER;: has an unconnected terminal at (340.390, 868.700) (340.700, 869.000)
Net VDD, Pin Pin: u_core_g73768/vddi; Direction: INOUT; Use: POWER;: has an unconnected terminal at (839.220, 830.040) (839.530, 830.340)
Net VDD, Pin Pin: u_core_g73774/vddi; Direction: INOUT; Use: POWER;: has an unconnected terminal at (331.300, 758.360) (331.610, 758.660)
Net VDD, Pin Pin: u_core_g73789/vddi; Direction: INOUT; Use: POWER;: has an unconnected terminal at (474.660, 895.580) (474.970, 895.880)
Net VDD, Pin Pin: u_core_g73795/vddi; Direction: INOUT; Use: POWER;: has an unconnected terminal at (529.670, 931.420) (529.980, 931.720)
Net VDD, Pin Pin: u_core_g73796/vddi; Direction: INOUT; Use: POWER;: has an unconnected terminal at (502.230, 892.760) (502.540, 893.060)
Net VDD, Pin Pin: u_core_g73868/vddi; Direction: INOUT; Use: POWER;: has an unconnected terminal at (349.910, 740.440) (350.220, 740.740)
Net VDD, Pin Pin: u_core_g73923/vddi; Direction: INOUT; Use: POWER;: has an unconnected terminal at (832.720, 401.120) (835.520, 401.920)
Net VDD, Pin Pin: u_core_g73924/vddi; Direction: INOUT; Use: POWER;: has an unconnected terminal at (848.400, 401.120) (851.200, 401.920)
Net VDD, Pin Pin: u_core_g74530/vddi; Direction: INOUT; Use: POWER;: has an unconnected terminal at (375.540, 865.880) (375.850, 866.180)
Net VDD, Pin Pin: u_core_g74548/vddi; Direction: INOUT; Use: POWER;: has an unconnected terminal at (807.860, 859.740) (808.170, 860.040)
Net VDD, Pin Pin: u_core_g74560/vddi; Direction: INOUT; Use: POWER;: has an unconnected terminal at (920.420, 519.260) (920.730, 519.560)
Net VDD, Pin Pin: u_core_g74593/vddi; Direction: INOUT; Use: POWER;: has an unconnected terminal at (683.670, 767.320) (683.980, 767.620)
Net VDD, Pin Pin: u_core_g74603/vddi; Direction: INOUT; Use: POWER;: has an unconnected terminal at (414.180, 686.680) (414.490, 686.980)
Net VDD, Pin Pin: u_core_g74656/vddi; Direction: INOUT; Use: POWER;: has an unconnected terminal at (922.660, 456.540) (922.970, 456.840)
Net VDD, Pin Pin: u_core_g74690/vddi; Direction: INOUT; Use: POWER;: has an unconnected terminal at (661.140, 507.480) (661.450, 507.780)
Net VDD, Pin Pin: u_core_g74772/vddi; Direction: INOUT; Use: POWER;: has an unconnected terminal at (408.580, 707.420) (408.890, 707.720)
Net VDD, Pin Pin: u_core_g74803/vddi; Direction: INOUT; Use: POWER;: has an unconnected terminal at (449.460, 686.680) (449.770, 686.980)
Net VDD, Pin Pin: u_core_g74817/vddi; Direction: INOUT; Use: POWER;: has an unconnected terminal at (504.900, 877.660) (505.210, 877.960)
Net VDD, Pin Pin: u_core_g74845/vddi; Direction: INOUT; Use: POWER;: has an unconnected terminal at (666.740, 779.100) (667.050, 779.400)
Net VDD, Pin Pin: u_core_g74861/vddi; Direction: INOUT; Use: POWER;: has an unconnected terminal at (527.860, 839.000) (528.170, 839.300)
Net VDD, Pin Pin: u_core_g74884/vddi; Direction: INOUT; Use: POWER;: has an unconnected terminal at (583.300, 946.520) (583.610, 946.820)
Net VDD, Pin Pin: u_core_g74885/vddi; Direction: INOUT; Use: POWER;: has an unconnected terminal at (591.140, 928.600) (591.450, 928.900)
Net VDD, Pin Pin: u_core_g74894/vddi; Direction: INOUT; Use: POWER;: has an unconnected terminal at (510.630, 940.380) (510.940, 940.680)
Net VDD, Pin Pin: u_core_g74898/vddi; Direction: INOUT; Use: POWER;: has an unconnected terminal at (393.030, 904.540) (393.340, 904.840)
Net VDD, Pin Pin: u_core_g74910/vddi; Direction: INOUT; Use: POWER;: has an unconnected terminal at (768.660, 928.600) (768.970, 928.900)
Net VDD, Pin Pin: u_core_g74945/vddi; Direction: INOUT; Use: POWER;: has an unconnected terminal at (829.140, 874.840) (829.450, 875.140)
Net VDD, Pin Pin: u_core_g74995/vddi; Direction: INOUT; Use: POWER;: has an unconnected terminal at (558.790, 877.660) (559.100, 877.960)
Net VDD, Pin Pin: u_core_g75020/vddi; Direction: INOUT; Use: POWER;: has an unconnected terminal at (861.620, 677.720) (861.930, 678.020)
Net VDD, Pin Pin: u_core_g75026/vddi; Direction: INOUT; Use: POWER;: has an unconnected terminal at (922.660, 474.460) (922.970, 474.760)
Net VDD, Pin Pin: u_core_g75060/vddi; Direction: INOUT; Use: POWER;: has an unconnected terminal at (702.580, 480.600) (702.890, 480.900)
Net VDD, Pin Pin: u_core_g75069/vddi; Direction: INOUT; Use: POWER;: has an unconnected terminal at (507.140, 528.220) (507.450, 528.520)
Net VDD, Pin Pin: u_core_g75071/vddi; Direction: INOUT; Use: POWER;: has an unconnected terminal at (457.430, 564.060) (457.740, 564.360)
Net VDD, Pin Pin: u_core_g75171/vddi; Direction: INOUT; Use: POWER;: has an unconnected terminal at (648.260, 779.100) (648.570, 779.400)
Net VDD, Pin Pin: u_core_g75267/vddi; Direction: INOUT; Use: POWER;: has an unconnected terminal at (783.220, 564.060) (783.530, 564.360)
Net VDD, Pin Pin: u_core_g75320/vddi; Direction: INOUT; Use: POWER;: has an unconnected terminal at (522.390, 886.620) (522.700, 886.920)
Net VDD, Pin Pin: u_core_g75354/vddi; Direction: INOUT; Use: POWER;: has an unconnected terminal at (361.110, 910.680) (361.420, 910.980)
Net VDD, Pin Pin: u_core_g75498/vddi; Direction: INOUT; Use: POWER;: has an unconnected terminal at (388.080, 535.520) (390.320, 536.320)
Net VDD, Pin Pin: u_core_g75512/vddi; Direction: INOUT; Use: POWER;: has an unconnected terminal at (735.280, 481.760) (737.520, 482.560)
Net VDD, Pin Pin: u_core_g75544/vddi; Direction: INOUT; Use: POWER;: has an unconnected terminal at (778.960, 374.240) (782.320, 375.040)
Net VDD, Pin Pin: u_core_g75545/vddi; Direction: INOUT; Use: POWER;: has an unconnected terminal at (266.740, 606.620) (267.030, 607.200)
Net VDD, Pin Pin: u_core_g75692/vddi; Direction: INOUT; Use: POWER;: has an unconnected terminal at (612.980, 498.520) (613.290, 498.820)
Net VDD, Pin Pin: u_core_g75707/vddi; Direction: INOUT; Use: POWER;: has an unconnected terminal at (490.900, 525.400) (491.210, 525.700)
Net VDD, Pin Pin: u_core_g75714/vddi; Direction: INOUT; Use: POWER;: has an unconnected terminal at (620.950, 501.340) (621.260, 501.640)
Net VDD, Pin Pin: u_core_g75793/vddi; Direction: INOUT; Use: POWER;: has an unconnected terminal at (764.020, 723.270) (765.700, 723.680)
Net VDD, Pin Pin: u_core_g75851/vddi; Direction: INOUT; Use: POWER;: has an unconnected terminal at (787.700, 841.820) (788.010, 842.120)
Net VDD, Pin Pin: u_core_g75882/vddi; Direction: INOUT; Use: POWER;: has an unconnected terminal at (530.230, 803.160) (530.540, 803.460)
Net VDD, Pin Pin: u_core_g75910/vddi; Direction: INOUT; Use: POWER;: has an unconnected terminal at (402.550, 940.380) (402.860, 940.680)
Net VDD, Pin Pin: u_core_g75934/vddi; Direction: INOUT; Use: POWER;: has an unconnected terminal at (706.500, 615.000) (706.810, 615.300)
Net VDD, Pin Pin: u_core_g76036/vddi; Direction: INOUT; Use: POWER;: has an unconnected terminal at (519.460, 805.980) (519.770, 806.280)
Net VDD, Pin Pin: u_core_g76773/vddi; Direction: INOUT; Use: POWER;: has an unconnected terminal at (844.390, 337.240) (844.700, 337.540)
Net VDD, Pin Pin: u_core_g76825/vddi; Direction: INOUT; Use: POWER;: has an unconnected terminal at (785.120, 347.360) (789.600, 348.160)
Net VDD, Pin Pin: u_core_g77358/vddi; Direction: INOUT; Use: POWER;: has an unconnected terminal at (745.740, 678.470) (747.420, 678.880)
Net VDD, Pin Pin: u_core_g77398/vddi; Direction: INOUT; Use: POWER;: has an unconnected terminal at (734.720, 230.880) (739.200, 231.680)
Net VDD, Pin Pin: u_core_g77418/vddi; Direction: INOUT; Use: POWER;: has an unconnected terminal at (413.840, 607.200) (418.320, 608.000)
Net VDD, Pin Pin: u_core_g77420/vddi; Direction: INOUT; Use: POWER;: has an unconnected terminal at (395.360, 616.160) (399.840, 616.960)
Net VDD, Pin Pin: u_core_g77466/vddi; Direction: INOUT; Use: POWER;: has an unconnected terminal at (290.080, 302.560) (294.560, 303.360)
Net VDD, Pin Pin: u_core_g77546/vddi; Direction: INOUT; Use: POWER;: has an unconnected terminal at (535.920, 159.200) (540.400, 160.000)
Net VDD, Pin Pin: u_core_g77585/vddi; Direction: INOUT; Use: POWER;: has an unconnected terminal at (266.000, 123.360) (270.480, 124.160)
Net VDD, Pin Pin: u_core_g77593/vddi; Direction: INOUT; Use: POWER;: has an unconnected terminal at (325.920, 60.640) (330.400, 61.440)
Net VDD, Pin Pin: u_core_g77602/vddi; Direction: INOUT; Use: POWER;: has an unconnected terminal at (560.000, 33.760) (564.480, 34.560)
Net VDD, Pin Pin: u_core_g77604/vddi; Direction: INOUT; Use: POWER;: has an unconnected terminal at (589.680, 42.720) (594.160, 43.520)
Net VDD, Pin Pin: u_core_g77629/vddi; Direction: INOUT; Use: POWER;: has an unconnected terminal at (314.720, 401.120) (319.200, 401.920)
Net VDD, Pin Pin: u_core_g78213/vddi; Direction: INOUT; Use: POWER;: has an unconnected terminal at (749.280, 777.440) (752.640, 778.240)
Net VDD, Pin Pin: u_core_g78220/vddi; Direction: INOUT; Use: POWER;: has an unconnected terminal at (754.880, 777.440) (757.680, 778.240)
Net VDD, Pin Pin: u_core_g78228/vddi; Direction: INOUT; Use: POWER;: has an unconnected terminal at (774.660, 687.430) (776.340, 687.840)
Net VDD, Pin Pin: u_core_g78277/vddi; Direction: INOUT; Use: POWER;: has an unconnected terminal at (575.120, 481.760) (579.600, 482.560)
Net VDD, Pin Pin: u_core_g78286/vddi; Direction: INOUT; Use: POWER;: has an unconnected terminal at (247.520, 347.360) (252.000, 348.160)
Net VDD, Pin Pin: u_core_g78311/vddi; Direction: INOUT; Use: POWER;: has an unconnected terminal at (236.320, 508.640) (240.800, 509.440)
Net VDD, Pin Pin: u_core_g78345/vddi; Direction: INOUT; Use: POWER;: has an unconnected terminal at (608.160, 454.880) (612.640, 455.680)
Net VDD, Pin Pin: u_core_g78369/vddi; Direction: INOUT; Use: POWER;: has an unconnected terminal at (200.480, 454.880) (204.960, 455.680)
Net VDD, Pin Pin: u_core_g78400/vddi; Direction: INOUT; Use: POWER;: has an unconnected terminal at (595.840, 356.320) (600.320, 357.120)
Net VDD, Pin Pin: u_core_g78440/vddi; Direction: INOUT; Use: POWER;: has an unconnected terminal at (176.400, 401.120) (180.880, 401.920)
Net VDD, Pin Pin: u_core_g78459/vddi; Direction: INOUT; Use: POWER;: has an unconnected terminal at (561.120, 284.640) (565.600, 285.440)
Net VDD, Pin Pin: u_core_g78492/vddi; Direction: INOUT; Use: POWER;: has an unconnected terminal at (267.120, 302.560) (271.600, 303.360)
Net VDD, Pin Pin: u_core_g78551/vddi; Direction: INOUT; Use: POWER;: has an unconnected terminal at (232.960, 445.920) (237.440, 446.720)
Net VDD, Pin Pin: u_core_g78562/vddi; Direction: INOUT; Use: POWER;: has an unconnected terminal at (366.800, 186.080) (371.280, 186.880)
Net VDD, Pin Pin: u_core_g78627/vddi; Direction: INOUT; Use: POWER;: has an unconnected terminal at (331.520, 60.640) (336.000, 61.440)
Net VDD, Pin Pin: u_core_g78648/vddi; Direction: INOUT; Use: POWER;: has an unconnected terminal at (665.840, 356.320) (670.320, 357.120)
Net VDD, Pin Pin: u_core_g78667/vddi; Direction: INOUT; Use: POWER;: has an unconnected terminal at (204.400, 51.680) (208.880, 52.480)
Net VDD, Pin Pin: u_core_g78682/vddi; Direction: INOUT; Use: POWER;: has an unconnected terminal at (393.120, 132.320) (397.600, 133.120)
Net VDD, Pin Pin: u_core_g78708/vddi; Direction: INOUT; Use: POWER;: has an unconnected terminal at (551.600, 132.320) (556.080, 133.120)
Net VDD, Pin Pin: u_core_g78754/vddi; Direction: INOUT; Use: POWER;: has an unconnected terminal at (401.520, 598.240) (406.000, 599.040)
Net VDD, Pin Pin: u_core_g78837/vddi; Direction: INOUT; Use: POWER;: has an unconnected terminal at (743.120, 212.960) (747.600, 213.760)
Net VDD, Pin Pin: u_core_g78851/vddi; Direction: INOUT; Use: POWER;: has an unconnected terminal at (743.120, 195.040) (747.600, 195.840)
Net VDD, Pin Pin: u_core_g78853/vddi; Direction: INOUT; Use: POWER;: has an unconnected terminal at (676.480, 132.320) (680.960, 133.120)
Net VDD, Pin Pin: u_core_g78874/vddi; Direction: INOUT; Use: POWER;: has an unconnected terminal at (516.320, 329.440) (520.800, 330.240)
Net VDD, Pin Pin: u_core_g78884/vddi; Direction: INOUT; Use: POWER;: has an unconnected terminal at (534.800, 329.440) (539.280, 330.240)
Net VDD, Pin Pin: u_core_g78995/vddi; Direction: INOUT; Use: POWER;: has an unconnected terminal at (541.520, 329.440) (546.000, 330.240)
Net VDD, Pin Pin: u_core_g79014/vddi; Direction: INOUT; Use: POWER;: has an unconnected terminal at (170.800, 419.040) (175.280, 419.840)
Net VDD, Pin Pin: u_core_g79089/vddi; Direction: INOUT; Use: POWER;: has an unconnected terminal at (625.520, 141.280) (627.760, 142.080)
Net VDD, Pin Pin: u_core_g79098/vddi; Direction: INOUT; Use: POWER;: has an unconnected terminal at (655.200, 204.000) (657.440, 204.800)
Net VDD, Pin Pin: u_core_g79112/vddi; Direction: INOUT; Use: POWER;: has an unconnected terminal at (566.160, 69.600) (568.400, 70.400)
Net VDD, Pin Pin: u_core_g79131/vddi; Direction: INOUT; Use: POWER;: has an unconnected terminal at (672.000, 481.760) (674.240, 482.560)
Net VDD, Pin Pin: u_core_g79159/vddi; Direction: INOUT; Use: POWER;: has an unconnected terminal at (482.160, 454.880) (484.400, 455.680)
Net VDD, Pin Pin: u_core_g79162/vddi; Direction: INOUT; Use: POWER;: has an unconnected terminal at (356.720, 598.240) (358.960, 599.040)
Net VDD, Pin Pin: u_core_g79163/vddi; Direction: INOUT; Use: POWER;: has an unconnected terminal at (776.160, 419.040) (778.400, 419.840)
Net VDD, Pin Pin: u_core_g79171/vddi; Direction: INOUT; Use: POWER;: has an unconnected terminal at (586.880, 42.720) (589.120, 43.520)
Net VDD, Pin Pin: u_core_g79176/vddi; Direction: INOUT; Use: POWER;: has an unconnected terminal at (364.000, 159.200) (366.240, 160.000)
Net VDD, Pin Pin: u_core_g79184/vddi; Direction: INOUT; Use: POWER;: has an unconnected terminal at (715.680, 365.280) (717.920, 366.080)
Net VDD, Pin Pin: u_core_g79188/vddi; Direction: INOUT; Use: POWER;: has an unconnected terminal at (649.600, 356.320) (651.840, 357.120)
Net VDD, Pin Pin: u_core_g79259/vddi; Direction: INOUT; Use: POWER;: has an unconnected terminal at (425.600, 526.560) (427.840, 527.360)
Net VDD, Pin Pin: u_core_g79292/vddi; Direction: INOUT; Use: POWER;: has an unconnected terminal at (434.000, 445.920) (436.240, 446.720)
Net VDD, Pin Pin: u_core_g79331/vddi; Direction: INOUT; Use: POWER;: has an unconnected terminal at (421.120, 293.600) (423.360, 294.400)
Net VDD, Pin Pin: u_core_g79341/vddi; Direction: INOUT; Use: POWER;: has an unconnected terminal at (161.840, 302.560) (164.080, 303.360)
Net VDD, Pin Pin: u_core_g79420/vddi; Direction: INOUT; Use: POWER;: has an unconnected terminal at (319.760, 33.760) (322.000, 34.560)
Net VDD, Pin Pin: u_core_g79421/vddi; Direction: INOUT; Use: POWER;: has an unconnected terminal at (315.840, 33.760) (318.080, 34.560)
Net VDD, Pin Pin: u_core_g79429/vddi; Direction: INOUT; Use: POWER;: has an unconnected terminal at (659.680, 42.720) (661.920, 43.520)
Net VDD, Pin Pin: u_core_g79459/vddi; Direction: INOUT; Use: POWER;: has an unconnected terminal at (432.880, 150.240) (435.120, 151.040)
Net VDD, Pin Pin: u_core_g79476/vddi; Direction: INOUT; Use: POWER;: has an unconnected terminal at (515.760, 490.720) (518.000, 491.520)
Net VDD, Pin Pin: u_core_g79535/vddi; Direction: INOUT; Use: POWER;: has an unconnected terminal at (252.000, 284.640) (254.240, 285.440)
Net VDD, Pin Pin: u_core_g79560/vddi; Direction: INOUT; Use: POWER;: has an unconnected terminal at (313.040, 454.880) (315.280, 455.680)
Net VDD, Pin Pin: u_core_g79579/vddi; Direction: INOUT; Use: POWER;: has an unconnected terminal at (301.840, 553.440) (304.080, 554.240)
Net VDD, Pin Pin: u_core_g79583/vddi; Direction: INOUT; Use: POWER;: has an unconnected terminal at (260.400, 490.720) (262.640, 491.520)
Net VDD, Pin Pin: u_core_g79587/vddi; Direction: INOUT; Use: POWER;: has an unconnected terminal at (495.600, 293.600) (497.840, 294.400)
Net VDD, Pin Pin: u_core_g79624/vddi; Direction: INOUT; Use: POWER;: has an unconnected terminal at (233.520, 374.240) (235.760, 375.040)
Net VDD, Pin Pin: u_core_g79680/vddi; Direction: INOUT; Use: POWER;: has an unconnected terminal at (764.960, 786.400) (768.320, 787.200)
Net VDD, Pin Pin: u_core_g79689/vddi; Direction: INOUT; Use: POWER;: has an unconnected terminal at (309.680, 616.160) (312.480, 616.960)
Net VDD, Pin Pin: u_core_g79691/vddi; Direction: INOUT; Use: POWER;: has an unconnected terminal at (783.440, 374.240) (786.800, 375.040)
Net VDD, Pin Pin: u_core_g79824/vddi; Direction: INOUT; Use: POWER;: has an unconnected terminal at (324.800, 33.760) (328.720, 34.560)
Net VDD, Pin Pin: u_core_g79854/vddi; Direction: INOUT; Use: POWER;: has an unconnected terminal at (237.440, 204.000) (241.360, 204.800)
Net VDD, Pin Pin: u_core_g79857/vddi; Direction: INOUT; Use: POWER;: has an unconnected terminal at (494.480, 248.800) (498.400, 249.600)
Net VDD, Pin Pin: u_core_g79896/vddi; Direction: INOUT; Use: POWER;: has an unconnected terminal at (511.840, 60.640) (515.760, 61.440)
Net VDD, Pin Pin: u_core_g79904/vddi; Direction: INOUT; Use: POWER;: has an unconnected terminal at (571.760, 114.400) (575.680, 115.200)
Net VDD, Pin Pin: u_core_g79955/vddi; Direction: INOUT; Use: POWER;: has an unconnected terminal at (506.800, 150.240) (510.720, 151.040)
Net VDD, Pin Pin: u_core_g79995/vddi; Direction: INOUT; Use: POWER;: has an unconnected terminal at (627.760, 454.880) (631.680, 455.680)
Net VDD, Pin Pin: u_core_g80036/vddi; Direction: INOUT; Use: POWER;: has an unconnected terminal at (236.320, 383.200) (240.240, 384.000)
Net VDD, Pin Pin: u_core_g80077/vddi; Direction: INOUT; Use: POWER;: has an unconnected terminal at (748.160, 436.960) (750.960, 437.760)
Net VDD, Pin Pin: u_core_g80098/vddi; Direction: INOUT; Use: POWER;: has an unconnected terminal at (337.120, 598.240) (340.480, 599.040)
Net VDD, Pin Pin: u_core_g80119/vddi; Direction: INOUT; Use: POWER;: has an unconnected terminal at (355.600, 141.280) (359.520, 142.080)
Net VDD, Pin Pin: u_core_g80154/vddi; Direction: INOUT; Use: POWER;: has an unconnected terminal at (296.800, 356.320) (300.720, 357.120)
Net VDD, Pin Pin: u_core_g80205/vddi; Direction: INOUT; Use: POWER;: has an unconnected terminal at (158.480, 60.640) (162.400, 61.440)
Net VDD, Pin Pin: u_core_g80239/vddi; Direction: INOUT; Use: POWER;: has an unconnected terminal at (246.400, 230.880) (250.320, 231.680)
Net VDD, Pin Pin: u_core_g80272/vddi; Direction: INOUT; Use: POWER;: has an unconnected terminal at (291.760, 338.400) (295.680, 339.200)
Net VDD, Pin Pin: u_core_g80315/vddi; Direction: INOUT; Use: POWER;: has an unconnected terminal at (550.480, 374.240) (554.400, 375.040)
Net VDD, Pin Pin: u_core_g80324/vddi; Direction: INOUT; Use: POWER;: has an unconnected terminal at (240.800, 293.600) (244.720, 294.400)
Net VDD, Pin Pin: u_core_g80408/vddi; Direction: INOUT; Use: POWER;: has an unconnected terminal at (747.690, 705.180) (747.980, 705.760)
Net VDD, Pin Pin: u_core_g80423/vddi; Direction: INOUT; Use: POWER;: has an unconnected terminal at (673.120, 105.440) (675.360, 106.240)
Net VDD, Pin Pin: u_core_g80432/vddi; Direction: INOUT; Use: POWER;: has an unconnected terminal at (666.400, 123.360) (668.640, 124.160)
Net VDD, Pin Pin: u_core_g80435/vddi; Direction: INOUT; Use: POWER;: has an unconnected terminal at (658.560, 401.120) (660.800, 401.920)
Net VDD, Pin Pin: u_core_g80438/vddi; Direction: INOUT; Use: POWER;: has an unconnected terminal at (654.640, 132.320) (656.880, 133.120)
Net VDD, Pin Pin: u_core_g80448/vddi; Direction: INOUT; Use: POWER;: has an unconnected terminal at (779.520, 445.920) (782.320, 446.720)
Net VDD, Pin Pin: u_core_g80453/vddi; Direction: INOUT; Use: POWER;: has an unconnected terminal at (752.640, 419.040) (754.880, 419.840)
Net VDD, Pin Pin: u_core_g80489/vddi; Direction: INOUT; Use: POWER;: has an unconnected terminal at (647.360, 347.360) (649.600, 348.160)
Net VDD, Pin Pin: u_core_g80500/vddi; Direction: INOUT; Use: POWER;: has an unconnected terminal at (927.360, 876.000) (929.600, 876.800)
Net VDD, Pin Pin: u_core_u_meas_ctrl_total_hits_q_reg[1]/vddi; Direction: INOUT; Use: POWER;: has an unconnected terminal at (804.135, 346.720) (804.475, 347.360)
Net VDD, Pin Pin: u_core_u_meas_ctrl_WALLACE_CSA_DUMMY_OP15_groupi_cdnfadd_003_1/vddi; Direction: INOUT; Use: POWER;: has an unconnected terminal at (772.980, 231.680) (773.270, 232.180)
Net VDD, Pin Pin: u_core_u_meas_ctrl_WALLACE_CSA_DUMMY_OP15_groupi_cdnfadd_003_5/vddi; Direction: INOUT; Use: POWER;: has an unconnected terminal at (781.380, 267.520) (781.670, 268.020)
Net VDD, Pin Pin: u_core_u_meas_ctrl_WALLACE_CSA_DUMMY_OP15_groupi_g194/vddi; Direction: INOUT; Use: POWER;: has an unconnected terminal at (796.880, 284.640) (799.120, 285.440)
Net VDD, Pin Pin: u_core_u_meas_ctrl_WALLACE_CSA_DUMMY_OP15_groupi_g200/vddi; Direction: INOUT; Use: POWER;: has an unconnected terminal at (789.040, 284.640) (791.280, 285.440)
Net VDD, Pin Pin: u_core_u_meas_ctrl_WALLACE_CSA_DUMMY_OP15_groupi_g202/vddi; Direction: INOUT; Use: POWER;: has an unconnected terminal at (794.250, 285.440) (794.550, 286.020)
Net VDD, Pin Pin: g478__2883/vddi; Direction: INOUT; Use: POWER;: has an unconnected terminal at (693.280, 204.000) (695.520, 204.800)
Net VDD, Pin Pin: g480__1666/vddi; Direction: INOUT; Use: POWER;: has an unconnected terminal at (696.640, 204.000) (698.880, 204.800)
Net VDD, Pin Pin: g499__1881/vddi; Direction: INOUT; Use: POWER;: has an unconnected terminal at (689.360, 347.360) (691.600, 348.160)
Net VDD, Pin Pin: g953__5477/vddi; Direction: INOUT; Use: POWER;: has an unconnected terminal at (403.200, 338.400) (405.440, 339.200)
Net VDD, Pin Pin: g959__5526/vddi; Direction: INOUT; Use: POWER;: has an unconnected terminal at (381.920, 347.360) (384.160, 348.160)
Net VDD, Pin Pin: g961__3680/vddi; Direction: INOUT; Use: POWER;: has an unconnected terminal at (369.980, 375.040) (371.660, 375.450)
Net VDD, Pin Pin: g964__1705/vddi; Direction: INOUT; Use: POWER;: has an unconnected terminal at (409.920, 374.240) (412.160, 375.040)
Net VDD, Pin Pin: g980__6417/vddi; Direction: INOUT; Use: POWER;: has an unconnected terminal at (408.800, 481.760) (411.040, 482.560)
Net VDD, Pin Pin: g983__5107/vddi; Direction: INOUT; Use: POWER;: has an unconnected terminal at (384.160, 383.200) (386.400, 384.000)
Net VDD, Pin Pin: g994__8246/vddi; Direction: INOUT; Use: POWER;: has an unconnected terminal at (377.260, 366.080) (378.940, 366.490)
Net VDD, Pin Pin: g1004/vddi; Direction: INOUT; Use: POWER;: has an unconnected terminal at (386.020, 319.900) (386.310, 320.480)
Net VDD, Pin Pin: g1026__6260/vddi; Direction: INOUT; Use: POWER;: has an unconnected terminal at (403.760, 311.520) (406.560, 312.320)
Net VDD, Pin Pin: g1035__2802/vddi; Direction: INOUT; Use: POWER;: has an unconnected terminal at (399.280, 311.520) (401.520, 312.320)
Net VDD, Pin Pin: g938/vddi; Direction: INOUT; Use: POWER;: has an unconnected terminal at (777.840, 687.840) (781.200, 688.640)
Net VDD, Pin Pin: g976/vddi; Direction: INOUT; Use: POWER;: has an unconnected terminal at (731.920, 777.440) (735.280, 778.240)
Net VDD, Pin Pin: g1005/vddi; Direction: INOUT; Use: POWER;: has an unconnected terminal at (777.660, 768.070) (779.340, 768.480)
Net VDD, Pin Pin: g1012/vddi; Direction: INOUT; Use: POWER;: has an unconnected terminal at (781.020, 768.070) (782.700, 768.480)
Net VDD, Pin Pin: g1510__4319/vddi; Direction: INOUT; Use: POWER;: has an unconnected terminal at (399.280, 454.880) (402.640, 455.680)
Net VDD, Pin Pin: g1513__6783/vddi; Direction: INOUT; Use: POWER;: has an unconnected terminal at (405.440, 383.200) (408.800, 384.000)
Net VDD, Pin Pin: g1514__3680/vddi; Direction: INOUT; Use: POWER;: has an unconnected terminal at (399.280, 212.960) (403.200, 213.760)
Net VDD, Pin Pin: g1519__8246/vddi; Direction: INOUT; Use: POWER;: has an unconnected terminal at (404.320, 168.160) (408.240, 168.960)
Net VDD, Pin Pin: g1520__7098/vddi; Direction: INOUT; Use: POWER;: has an unconnected terminal at (406.560, 51.680) (410.480, 52.480)
Net VDD, Pin Pin: g1521__6131/vddi; Direction: INOUT; Use: POWER;: has an unconnected terminal at (406.000, 96.480) (409.920, 97.280)
Net VDD, Pin Pin: g1528__9945/vddi; Direction: INOUT; Use: POWER;: has an unconnected terminal at (393.120, 329.440) (396.480, 330.240)
Net VDD, Pin Pin: g1531__1666/vddi; Direction: INOUT; Use: POWER;: has an unconnected terminal at (406.000, 212.960) (409.920, 213.760)
Net VDD, Pin Pin: g1532__7410/vddi; Direction: INOUT; Use: POWER;: has an unconnected terminal at (389.760, 445.920) (393.120, 446.720)
Net VDD, Pin Pin: g1538__4319/vddi; Direction: INOUT; Use: POWER;: has an unconnected terminal at (389.200, 320.480) (392.560, 321.280)
Net VDD, Pin Pin: g1541__6783/vddi; Direction: INOUT; Use: POWER;: has an unconnected terminal at (394.240, 239.840) (398.160, 240.640)
Net VDD, Pin Pin: g1560/vddi; Direction: INOUT; Use: POWER;: has an unconnected terminal at (398.720, 392.160) (402.080, 392.960)
Net VDD, Pin Pin: g1594/vddi; Direction: INOUT; Use: POWER;: has an unconnected terminal at (383.040, 248.800) (386.400, 249.600)
Net VDD, Pin Pin: g1613/vddi; Direction: INOUT; Use: POWER;: has an unconnected terminal at (428.400, 51.680) (431.760, 52.480)
Net VDD, Pin Pin: g1617/vddi; Direction: INOUT; Use: POWER;: has an unconnected terminal at (384.720, 60.640) (388.080, 61.440)
Net VDD, Pin Pin: g1644/vddi; Direction: INOUT; Use: POWER;: has an unconnected terminal at (451.920, 374.240) (455.280, 375.040)
Net VDD, Pin Pin: g1653/vddi; Direction: INOUT; Use: POWER;: has an unconnected terminal at (374.640, 320.480) (378.000, 321.280)
Net VDD, Pin Pin: g1659/vddi; Direction: INOUT; Use: POWER;: has an unconnected terminal at (380.240, 338.400) (383.600, 339.200)
Net VDD, Pin Pin: g1668/vddi; Direction: INOUT; Use: POWER;: has an unconnected terminal at (409.920, 454.880) (413.280, 455.680)
Net VDD, Pin Pin: g1689/vddi; Direction: INOUT; Use: POWER;: has an unconnected terminal at (370.720, 320.480) (374.080, 321.280)
Net VDD, Pin Pin: g1710/vddi; Direction: INOUT; Use: POWER;: has an unconnected terminal at (381.360, 51.680) (384.720, 52.480)
Net VDD, Pin Pin: g1713/vddi; Direction: INOUT; Use: POWER;: has an unconnected terminal at (441.840, 51.680) (445.200, 52.480)
Net VDD, Pin Pin: g1724/vddi; Direction: INOUT; Use: POWER;: has an unconnected terminal at (403.200, 454.880) (406.560, 455.680)
Net VDD, Pin Pin: g1737/vddi; Direction: INOUT; Use: POWER;: has an unconnected terminal at (439.040, 463.840) (442.400, 464.640)
Net VDD, Pin Pin: g1743/vddi; Direction: INOUT; Use: POWER;: has an unconnected terminal at (444.080, 356.320) (447.440, 357.120)
Net VDD, Pin Pin: g1747/vddi; Direction: INOUT; Use: POWER;: has an unconnected terminal at (363.440, 365.280) (366.800, 366.080)
Net VDD, Pin Pin: g1754/vddi; Direction: INOUT; Use: POWER;: has an unconnected terminal at (400.400, 320.480) (403.760, 321.280)
Net VDD, Pin Pin: g1776/vddi; Direction: INOUT; Use: POWER;: has an unconnected terminal at (421.680, 51.680) (425.040, 52.480)
Net VDD, Pin Pin: g8751/vddi; Direction: INOUT; Use: POWER;: has an unconnected terminal at (747.040, 831.200) (751.520, 832.000)
Net VDD, Pin Pin: g8757/vddi; Direction: INOUT; Use: POWER;: has an unconnected terminal at (425.040, 786.400) (429.520, 787.200)
Net VDD, Pin Pin: g8760/vddi; Direction: INOUT; Use: POWER;: has an unconnected terminal at (420.000, 786.400) (424.480, 787.200)
Net VDD, Pin Pin: g8779/vddi; Direction: INOUT; Use: POWER;: has an unconnected terminal at (479.920, 858.080) (484.400, 858.880)
Net VDD, Pin Pin: g8783/vddi; Direction: INOUT; Use: POWER;: has an unconnected terminal at (560.000, 687.840) (566.160, 688.640)
Net VDD, Pin Pin: g8852/vddi; Direction: INOUT; Use: POWER;: has an unconnected terminal at (708.960, 858.080) (712.320, 858.880)
Net VDD, Pin Pin: g8857/vddi; Direction: INOUT; Use: POWER;: has an unconnected terminal at (819.840, 804.320) (823.760, 805.120)
Net VDD, Pin Pin: g8860/vddi; Direction: INOUT; Use: POWER;: has an unconnected terminal at (636.160, 929.760) (639.520, 930.560)
Net VDD, Pin Pin: g8890/vddi; Direction: INOUT; Use: POWER;: has an unconnected terminal at (412.720, 786.400) (416.640, 787.200)
Net VDD, Pin Pin: g8948/vddi; Direction: INOUT; Use: POWER;: has an unconnected terminal at (558.320, 893.920) (561.680, 894.720)
Net VDD, Pin Pin: g8984/vddi; Direction: INOUT; Use: POWER;: has an unconnected terminal at (397.040, 705.760) (400.400, 706.560)
Net VDD, Pin Pin: g8993/vddi; Direction: INOUT; Use: POWER;: has an unconnected terminal at (490.560, 858.080) (493.920, 858.880)
Net VDD, Pin Pin: g9007/vddi; Direction: INOUT; Use: POWER;: has an unconnected terminal at (456.960, 867.040) (460.320, 867.840)
Net VDD, Pin Pin: g9015/vddi; Direction: INOUT; Use: POWER;: has an unconnected terminal at (674.060, 642.630) (675.740, 643.040)
Net VDD, Pin Pin: g9030/vddi; Direction: INOUT; Use: POWER;: has an unconnected terminal at (671.620, 778.240) (673.300, 778.650)
Net VDD, Pin Pin: g9069/vddi; Direction: INOUT; Use: POWER;: has an unconnected terminal at (779.520, 472.800) (784.000, 473.600)
Net VDD, Pin Pin: g9088/vddi; Direction: INOUT; Use: POWER;: has an unconnected terminal at (715.680, 867.040) (719.040, 867.840)
Net VDD, Pin Pin: g9089/vddi; Direction: INOUT; Use: POWER;: has an unconnected terminal at (714.560, 858.080) (717.920, 858.880)
Net VDD, Pin Pin: g9090/vddi; Direction: INOUT; Use: POWER;: has an unconnected terminal at (619.360, 732.640) (622.720, 733.440)
Net VDD, Pin Pin: g9136/vddi; Direction: INOUT; Use: POWER;: has an unconnected terminal at (885.360, 508.640) (888.720, 509.440)
Net VDD, Pin Pin: g9151/vddi; Direction: INOUT; Use: POWER;: has an unconnected terminal at (701.120, 858.080) (704.480, 858.880)
Net VDD, Pin Pin: g9152/vddi; Direction: INOUT; Use: POWER;: has an unconnected terminal at (706.160, 876.000) (709.520, 876.800)
Net VDD, Pin Pin: g9162/vddi; Direction: INOUT; Use: POWER;: has an unconnected terminal at (883.680, 876.000) (887.040, 876.800)
Net VDD, Pin Pin: g9175/vddi; Direction: INOUT; Use: POWER;: has an unconnected terminal at (806.400, 813.280) (809.760, 814.080)
Net VDD, Pin Pin: g9176/vddi; Direction: INOUT; Use: POWER;: has an unconnected terminal at (689.360, 517.600) (692.720, 518.400)
Net VDD, Pin Pin: g9193/vddi; Direction: INOUT; Use: POWER;: has an unconnected terminal at (915.600, 526.560) (918.960, 527.360)
Net VDD, Pin Pin: g9198/vddi; Direction: INOUT; Use: POWER;: has an unconnected terminal at (468.160, 884.960) (471.520, 885.760)
Net VDD, Pin Pin: g9221/vddi; Direction: INOUT; Use: POWER;: has an unconnected terminal at (697.760, 920.800) (701.120, 921.600)
Net VDD, Pin Pin: g9235/vddi; Direction: INOUT; Use: POWER;: has an unconnected terminal at (730.800, 589.280) (734.160, 590.080)
Net VDD, Pin Pin: g9263/vddi; Direction: INOUT; Use: POWER;: has an unconnected terminal at (739.200, 840.160) (742.560, 840.960)
Net VDD, Pin Pin: g9291/vddi; Direction: INOUT; Use: POWER;: has an unconnected terminal at (721.280, 508.640) (724.640, 509.440)
Net VDD, Pin Pin: g9325/vddi; Direction: INOUT; Use: POWER;: has an unconnected terminal at (408.240, 938.720) (411.600, 939.520)
Net VDD, Pin Pin: g9341/vddi; Direction: INOUT; Use: POWER;: has an unconnected terminal at (678.720, 732.640) (682.080, 733.440)
Net VDD, Pin Pin: g9392/vddi; Direction: INOUT; Use: POWER;: has an unconnected terminal at (770.000, 544.480) (773.360, 545.280)
Net VDD, Pin Pin: g9402/vddi; Direction: INOUT; Use: POWER;: has an unconnected terminal at (600.320, 929.760) (603.680, 930.560)
Net VDD, Pin Pin: g9405/vddi; Direction: INOUT; Use: POWER;: has an unconnected terminal at (605.360, 929.760) (608.720, 930.560)
Net VDD, Pin Pin: g9426/vddi; Direction: INOUT; Use: POWER;: has an unconnected terminal at (640.640, 660.960) (644.000, 661.760)
Net VDD, Pin Pin: g9440/vddi; Direction: INOUT; Use: POWER;: has an unconnected terminal at (877.520, 625.120) (880.880, 625.920)
Net VDD, Pin Pin: g9463/vddi; Direction: INOUT; Use: POWER;: has an unconnected terminal at (584.080, 929.760) (587.440, 930.560)
Net VDD, Pin Pin: g9468/vddi; Direction: INOUT; Use: POWER;: has an unconnected terminal at (866.880, 858.080) (870.240, 858.880)
Net VDD, Pin Pin: g9482/vddi; Direction: INOUT; Use: POWER;: has an unconnected terminal at (608.160, 616.160) (611.520, 616.960)
Net VDD, Pin Pin: g9487/vddi; Direction: INOUT; Use: POWER;: has an unconnected terminal at (629.440, 634.080) (632.800, 634.880)
Net VDD, Pin Pin: g9501/vddi; Direction: INOUT; Use: POWER;: has an unconnected terminal at (874.720, 607.200) (878.080, 608.000)
Net VDD, Pin Pin: g9518/vddi; Direction: INOUT; Use: POWER;: has an unconnected terminal at (511.840, 849.120) (515.200, 849.920)
Net VDD, Pin Pin: g9524/vddi; Direction: INOUT; Use: POWER;: has an unconnected terminal at (469.840, 920.800) (473.200, 921.600)
Net VDD, Pin Pin: g9557/vddi; Direction: INOUT; Use: POWER;: has an unconnected terminal at (689.920, 876.000) (693.280, 876.800)
Net VDD, Pin Pin: g9568/vddi; Direction: INOUT; Use: POWER;: has an unconnected terminal at (634.480, 902.880) (637.840, 903.680)
Net VDD, Pin Pin: g9618/vddi; Direction: INOUT; Use: POWER;: has an unconnected terminal at (906.640, 759.520) (911.120, 760.320)
Net VDD, Pin Pin: g9626/vddi; Direction: INOUT; Use: POWER;: has an unconnected terminal at (776.160, 813.280) (779.520, 814.080)
Net VDD, Pin Pin: g9638/vddi; Direction: INOUT; Use: POWER;: has an unconnected terminal at (440.160, 759.520) (443.520, 760.320)
Net VDD, Pin Pin: g9680/vddi; Direction: INOUT; Use: POWER;: has an unconnected terminal at (890.960, 669.920) (894.320, 670.720)
Net VDD, Pin Pin: g9720/vddi; Direction: INOUT; Use: POWER;: has an unconnected terminal at (594.160, 562.400) (597.520, 563.200)
Net VDD, Pin Pin: g9799/vddi; Direction: INOUT; Use: POWER;: has an unconnected terminal at (603.680, 634.080) (607.040, 634.880)
Net VDD, Pin Pin: g9800/vddi; Direction: INOUT; Use: POWER;: has an unconnected terminal at (879.760, 445.920) (884.240, 446.720)
Net VDD, Pin Pin: g9840/vddi; Direction: INOUT; Use: POWER;: has an unconnected terminal at (407.680, 831.200) (411.040, 832.000)
Net VDD, Pin Pin: g9842/vddi; Direction: INOUT; Use: POWER;: has an unconnected terminal at (521.360, 840.160) (524.720, 840.960)
Net VDD, Pin Pin: g9870/vddi; Direction: INOUT; Use: POWER;: has an unconnected terminal at (505.120, 589.280) (508.480, 590.080)
Net VDD, Pin Pin: g9934/vddi; Direction: INOUT; Use: POWER;: has an unconnected terminal at (553.280, 687.840) (556.640, 688.640)
Net VDD, Pin Pin: g9937/vddi; Direction: INOUT; Use: POWER;: has an unconnected terminal at (509.040, 768.480) (512.400, 769.280)
Net VDD, Pin Pin: g9968/vddi; Direction: INOUT; Use: POWER;: has an unconnected terminal at (369.600, 768.480) (372.960, 769.280)
Net VDD, Pin Pin: g10010/vddi; Direction: INOUT; Use: POWER;: has an unconnected terminal at (835.520, 562.400) (840.000, 563.200)
Net VDD, Pin Pin: g10027/vddi; Direction: INOUT; Use: POWER;: has an unconnected terminal at (845.600, 634.080) (848.960, 634.880)
Net VDD, Pin Pin: g10036/vddi; Direction: INOUT; Use: POWER;: has an unconnected terminal at (440.720, 687.840) (444.080, 688.640)
Net VDD, Pin Pin: g10059/vddi; Direction: INOUT; Use: POWER;: has an unconnected terminal at (817.040, 643.040) (821.520, 643.840)
Net VDD, Pin Pin: g10062/vddi; Direction: INOUT; Use: POWER;: has an unconnected terminal at (756.000, 643.040) (759.360, 643.840)
Net VDD, Pin Pin: g80982/vddi; Direction: INOUT; Use: POWER;: has an unconnected terminal at (127.680, 338.400) (131.600, 339.200)
Net VDD, Pin Pin: u_core_u_stop_epoch_capture_slow_epoch_johnson_stop_o_reg[42]/vddi; Direction: INOUT; Use: POWER;: has an unconnected terminal at (282.690, 608.000) (284.300, 608.640)
Net VDD, Pin Pin: u_core_u_ctx_bank_ctx_snapshot_q_reg[0][hit_level][52]/vddi; Direction: INOUT; Use: POWER;: has an unconnected terminal at (714.440, 97.280) (715.340, 97.910)
Net VDD, Pin Pin: u_core_u_ctx_bank_ctx_snapshot_q_reg[1][hit_level][6]/vddi; Direction: INOUT; Use: POWER;: has an unconnected terminal at (693.060, 418.410) (693.960, 419.040)
Net VDD, Pin Pin: u_core_u_ctx_bank_ctx_snapshot_q_reg[1][hit_level][50]/vddi; Direction: INOUT; Use: POWER;: has an unconnected terminal at (707.720, 122.730) (708.620, 123.360)
Net VDD, Pin Pin: u_core_u_ctx_bank_ctx_snapshot_q_reg[1][hit_level][52]/vddi; Direction: INOUT; Use: POWER;: has an unconnected terminal at (713.880, 106.240) (714.780, 106.870)
Net VDD, Pin Pin: u_core_u_ctx_bank_ctx_snapshot_q_reg[1][hit_level][54]/vddi; Direction: INOUT; Use: POWER;: has an unconnected terminal at (696.980, 88.320) (697.880, 88.950)
Net VDD, Pin Pin: u_core_u_ctx_bank_ctx_snapshot_q_reg[1][hit_level][59]/vddi; Direction: INOUT; Use: POWER;: has an unconnected terminal at (742.900, 186.880) (743.800, 187.510)
Net VDD: has special routes with opens at (21.200, 21.200) (956.000, 952.080)
Net VDD: has regular routing with opens at (766.080, 776.820) (790.160, 778.920)
Net VDD: has regular routing with opens at (647.920, 257.080) (698.880, 259.700)
Net VDD: has regular routing with opens at (772.240, 758.840) (803.040, 761.000)
Net VDD: has regular routing with opens at (638.960, 857.495) (648.480, 860.170)
Net VDD: has regular routing with opens at (575.680, 866.360) (642.320, 869.000)
Net VDD: has regular routing with opens at (698.880, 327.740) (714.000, 330.830)
Net VDD: has regular routing with opens at (692.160, 364.140) (715.120, 367.220)
Net VDD: has regular routing with opens at (804.160, 785.815) (817.040, 787.780)
Net VDD: has regular routing with opens at (808.640, 794.200) (842.800, 796.840)
Net VDD: has regular routing with opens at (679.840, 185.490) (693.840, 187.580)
Net VDD: has regular routing with opens at (775.040, 857.495) (780.640, 859.505)
Net VDD: has regular routing with opens at (787.360, 857.580) (794.080, 860.040)
Net VDD: has regular routing with opens at (694.400, 328.740) (698.320, 330.550)
Net VDD: has regular routing with opens at (658.560, 364.120) (691.040, 367.240)
Net VDD: has regular routing with opens at (768.320, 732.060) (780.640, 734.030)
Net VDD: has regular routing with opens at (700.000, 257.350) (703.920, 259.140)
Net VDD: has regular routing with opens at (709.520, 113.770) (718.480, 115.785)
Net VDD: has regular routing with opens at (666.400, 238.700) (708.960, 241.780)
Net VDD: has regular routing with opens at (699.440, 176.540) (708.400, 178.505)
Net VDD: has regular routing with opens at (666.960, 400.540) (675.360, 402.505)
Net VDD: has regular routing with opens at (651.280, 149.655) (658.560, 151.630)
Net VDD: has regular routing with opens at (647.920, 390.870) (678.160, 393.640)
Net VDD: has regular routing with opens at (649.600, 337.230) (681.520, 340.490)
Net VDD: has regular routing with opens at (637.840, 292.460) (644.000, 294.985)
Net VDD: has regular routing with opens at (646.800, 238.670) (664.160, 241.780)
Net VDD: has regular routing with opens at (626.640, 185.030) (679.280, 188.170)
Net VDD: has regular routing with opens at (664.160, 113.110) (679.280, 115.785)
Net VDD: has regular routing with opens at (724.640, 409.440) (728.560, 411.460)
Net VDD: has regular routing with opens at (714.560, 328.280) (756.560, 331.380)
Net VDD: has regular routing with opens at (650.160, 319.370) (753.200, 322.420)
Net VDD: has regular routing with opens at (664.720, 220.780) (739.200, 223.860)
Net VDD: has regular routing with opens at (695.520, 167.000) (754.320, 170.120)
Net VDD: has regular routing with opens at (735.280, 247.660) (748.720, 250.280)
Net VDD: has regular routing with opens at (731.920, 300.860) (738.080, 305.060)
Net VDD: has regular routing with opens at (732.480, 283.500) (742.560, 287.140)
Net VDD: has regular routing with opens at (721.840, 309.820) (740.320, 313.460)
Net VDD: has regular routing with opens at (727.440, 212.280) (740.880, 214.900)
Net VDD: has regular routing with opens at (708.400, 194.360) (729.120, 196.500)
Net VDD: has regular routing with opens at (715.120, 247.100) (733.600, 250.740)
Net VDD: has regular routing with opens at (731.920, 194.460) (740.880, 196.340)
Net VDD: has regular routing with opens at (733.600, 257.080) (748.720, 259.140)
Net VDD: has regular routing with opens at (730.800, 266.020) (748.160, 268.660)
Net VDD: has regular routing with opens at (720.720, 865.880) (768.880, 869.000)
Net VDD: has regular routing with opens at (778.960, 418.340) (801.360, 420.675)
Net VDD: has regular routing with opens at (684.320, 373.560) (728.560, 375.670)
Net VDD: has regular routing with opens at (792.960, 391.480) (804.160, 393.640)
Net VDD: has regular routing with opens at (721.280, 427.320) (747.040, 429.480)
Net VDD: has regular routing with opens at (684.320, 247.660) (713.440, 250.280)
Net VDD: has regular routing with opens at (609.280, 247.660) (655.200, 250.740)
Net VDD: has regular routing with opens at (622.160, 265.580) (692.720, 268.660)
Net VDD: has regular routing with opens at (691.600, 274.540) (733.600, 277.640)
Net VDD: has regular routing with opens at (701.120, 184.940) (741.440, 188.020)
Net VDD: has regular routing with opens at (684.880, 158.040) (730.800, 161.140)
Net VDD: has regular routing with opens at (670.320, 122.190) (680.960, 124.840)
Net VDD: has regular routing with opens at (743.120, 176.440) (754.880, 179.060)
Net VDD: has regular routing with opens at (681.520, 149.560) (692.160, 152.200)
Net VDD: has regular routing with opens at (712.880, 149.560) (749.840, 151.720)
Net VDD: has regular routing with opens at (694.400, 149.100) (712.320, 152.200)
Net VDD: has regular routing with opens at (740.320, 221.240) (751.520, 223.400)
Net VDD: has regular routing with opens at (684.320, 131.180) (696.080, 133.800)
Net VDD: has regular routing with opens at (682.080, 176.440) (693.280, 178.505)
Net VDD: has regular routing with opens at (740.880, 203.320) (756.000, 205.940)
Net VDD: has regular routing with opens at (668.080, 175.960) (681.520, 178.600)
Net VDD: has regular routing with opens at (715.120, 212.280) (726.320, 214.440)
Net VDD: has regular routing with opens at (659.680, 193.900) (670.320, 196.520)
Net VDD: has regular routing with opens at (650.720, 211.820) (670.880, 214.900)
Net VDD: has regular routing with opens at (674.800, 229.740) (720.720, 232.360)
Net VDD: has regular routing with opens at (685.440, 211.800) (702.240, 214.900)
Net VDD: has regular routing with opens at (705.040, 257.080) (716.800, 259.700)
Net VDD: has regular routing with opens at (702.800, 266.040) (714.000, 268.200)
Net VDD: has regular routing with opens at (637.840, 328.300) (655.760, 330.920)
Net VDD: has regular routing with opens at (734.720, 275.000) (747.600, 277.620)
Net VDD: has regular routing with opens at (675.920, 292.460) (700.000, 295.540)
Net VDD: has regular routing with opens at (675.920, 283.500) (719.600, 286.600)
Net VDD: has regular routing with opens at (595.280, 373.100) (682.640, 376.180)
Net VDD: has regular routing with opens at (710.080, 292.440) (734.160, 295.080)
Net VDD: has regular routing with opens at (658.000, 346.070) (682.640, 348.840)
Net VDD: has regular routing with opens at (666.400, 301.880) (722.960, 304.520)
Net VDD: has regular routing with opens at (740.880, 310.840) (753.200, 313.460)
Net VDD: has regular routing with opens at (673.120, 472.120) (714.560, 474.760)
Net VDD: has regular routing with opens at (678.160, 409.400) (703.920, 412.040)
Net VDD: has regular routing with opens at (671.440, 382.520) (682.080, 385.140)
Net VDD: has regular routing with opens at (689.920, 454.200) (707.280, 456.360)
Net VDD: has regular routing with opens at (701.680, 346.220) (750.400, 349.300)
Net VDD: has regular routing with opens at (651.280, 427.320) (715.120, 429.960)
Net VDD: has regular routing with opens at (678.720, 391.480) (697.200, 393.640)
Net VDD: has regular routing with opens at (722.960, 337.260) (748.720, 339.880)
Net VDD: has regular routing with opens at (667.520, 436.280) (678.160, 438.900)
Net VDD: has regular routing with opens at (743.120, 355.640) (761.600, 358.260)
Net VDD: has regular routing with opens at (753.200, 373.560) (765.520, 376.180)
Net VDD: has regular routing with opens at (738.640, 382.520) (759.360, 384.680)
Net VDD: has regular routing with opens at (655.760, 248.120) (668.640, 250.740)
Net VDD: has regular routing with opens at (655.760, 274.540) (690.480, 277.620)
Net VDD: has regular routing with opens at (721.840, 176.440) (741.440, 179.060)
Net VDD: has regular routing with opens at (647.920, 176.440) (667.520, 179.060)
Net VDD: has regular routing with opens at (709.520, 176.540) (720.720, 178.600)
Net VDD: has regular routing with opens at (644.560, 157.870) (683.760, 160.680)
Net VDD: has regular routing with opens at (673.120, 140.120) (707.280, 143.220)
Net VDD: has regular routing with opens at (668.640, 86.840) (693.840, 89.000)
Net VDD: has regular routing with opens at (680.400, 113.260) (706.160, 116.340)
Net VDD: has regular routing with opens at (729.680, 202.860) (740.320, 205.480)
Net VDD: has regular routing with opens at (722.400, 229.720) (734.160, 232.360)
Net VDD: has regular routing with opens at (682.640, 167.000) (694.960, 169.640)
Net VDD: has regular routing with opens at (664.160, 167.480) (682.080, 170.100)
Net VDD: has regular routing with opens at (740.880, 229.740) (751.520, 232.360)
Net VDD: has regular routing with opens at (739.760, 239.160) (751.520, 241.800)
Net VDD: has regular routing with opens at (672.000, 211.800) (683.760, 214.440)
Net VDD: has regular routing with opens at (672.000, 203.320) (684.320, 205.960)
Net VDD: has regular routing with opens at (743.680, 283.960) (755.440, 286.120)
Net VDD: has regular routing with opens at (686.000, 310.380) (720.720, 313.000)
Net VDD: has regular routing with opens at (740.880, 301.880) (752.640, 304.500)
Net VDD: has regular routing with opens at (689.360, 445.240) (700.000, 447.400)
Net VDD: has regular routing with opens at (679.280, 436.280) (689.920, 438.900)
Net VDD: has regular routing with opens at (744.240, 364.140) (771.120, 367.220)
Net VDD: has regular routing with opens at (766.080, 373.560) (777.840, 375.720)
Net VDD: has regular routing with opens at (760.480, 382.520) (771.680, 384.580)
Net VDD: has regular routing with opens at (761.040, 740.440) (828.240, 743.560)
Net VDD: has regular routing with opens at (782.320, 732.050) (796.880, 734.120)
Net VDD: has regular routing with opens at (298.480, 669.280) (328.720, 671.555)
Net VDD: has regular routing with opens at (266.560, 642.315) (283.360, 644.480)
Net VDD: has regular routing with opens at (240.800, 642.205) (255.360, 644.480)
Net VDD: has regular routing with opens at (299.600, 660.380) (316.400, 662.400)
Net VDD: has regular routing with opens at (344.960, 642.400) (360.080, 644.675)
Net VDD: has regular routing with opens at (273.840, 570.525) (287.840, 572.800)
Net VDD: has regular routing with opens at (252.000, 651.360) (266.560, 653.440)
Net VDD: has regular routing with opens at (273.840, 588.580) (289.520, 590.720)
Net VDD: has regular routing with opens at (283.920, 642.400) (299.600, 644.480)
Net VDD: has regular routing with opens at (290.080, 588.445) (304.640, 590.720)
Net VDD: has regular routing with opens at (318.080, 660.320) (344.400, 662.400)
Net VDD: has regular routing with opens at (271.040, 615.325) (285.600, 617.600)
Net VDD: has regular routing with opens at (341.600, 632.380) (376.880, 635.715)
Net VDD: has regular routing with opens at (268.800, 652.000) (295.680, 653.635)
Net VDD: has regular routing with opens at (296.800, 651.300) (311.360, 653.440)
Net VDD: has regular routing with opens at (332.640, 650.860) (360.080, 653.440)
Net VDD: has regular routing with opens at (219.520, 283.805) (251.440, 286.480)
Net VDD: has regular routing with opens at (521.920, 265.885) (543.200, 268.355)
Net VDD: has regular routing with opens at (449.680, 292.440) (479.360, 295.540)
Net VDD: has regular routing with opens at (281.680, 293.035) (285.600, 294.980)
Net VDD: has regular routing with opens at (295.680, 292.765) (338.240, 295.235)
Net VDD: has regular routing with opens at (820.960, 409.380) (824.320, 411.135)
Net VDD: has regular routing with opens at (698.880, 758.840) (710.080, 761.480)
Net VDD: has regular routing with opens at (328.160, 776.280) (369.040, 779.400)
Net VDD: has regular routing with opens at (678.160, 749.400) (714.000, 752.520)
Net VDD: has regular routing with opens at (469.280, 866.360) (483.840, 869.000)
Net VDD: has regular routing with opens at (668.080, 910.680) (749.840, 913.800)
Net VDD: has regular routing with opens at (667.520, 758.360) (697.200, 761.000)
Net VDD: has regular routing with opens at (700.000, 902.200) (730.240, 904.840)
Net VDD: has regular routing with opens at (396.480, 865.880) (455.840, 869.000)
Net VDD: has regular routing with opens at (462.000, 866.455) (467.040, 869.000)
Net VDD: has regular routing with opens at (776.720, 642.455) (781.760, 645.000)
Net VDD: has regular routing with opens at (768.320, 642.645) (776.160, 644.425)
Net VDD: has regular routing with opens at (761.600, 642.455) (766.640, 645.000)
Net VDD: has regular routing with opens at (454.160, 875.415) (458.640, 877.960)
Net VDD: has regular routing with opens at (783.440, 507.480) (823.200, 510.600)
Net VDD: has regular routing with opens at (790.720, 642.360) (801.920, 645.000)
Net VDD: has regular routing with opens at (483.280, 767.895) (498.960, 769.960)
Net VDD: has regular routing with opens at (823.200, 516.920) (845.600, 519.560)
Net VDD: has regular routing with opens at (512.960, 767.800) (530.880, 769.960)
Net VDD: has regular routing with opens at (482.720, 794.680) (493.920, 797.320)
Net VDD: has regular routing with opens at (543.200, 597.080) (582.400, 600.200)
Net VDD: has regular routing with opens at (487.200, 632.920) (575.120, 636.040)
Net VDD: has regular routing with opens at (536.480, 623.960) (602.000, 627.080)
Net VDD: has regular routing with opens at (481.040, 776.280) (485.520, 778.825)
Net VDD: has regular routing with opens at (787.360, 543.320) (829.360, 546.440)
Net VDD: has regular routing with opens at (468.720, 606.615) (473.200, 608.310)
Net VDD: has regular routing with opens at (474.880, 606.040) (479.360, 608.585)
Net VDD: has regular routing with opens at (784.560, 525.880) (826.560, 528.040)
Net VDD: has regular routing with opens at (412.160, 695.640) (454.720, 698.760)
Net VDD: has regular routing with opens at (731.920, 902.295) (735.840, 903.990)
Net VDD: has regular routing with opens at (442.400, 606.040) (446.880, 608.585)
Net VDD: has regular routing with opens at (460.320, 606.040) (467.040, 608.585)
Net VDD: has regular routing with opens at (827.120, 722.520) (887.040, 725.640)
Net VDD: has regular routing with opens at (433.440, 713.560) (473.760, 716.680)
Net VDD: has regular routing with opens at (350.000, 848.710) (355.040, 850.505)
Net VDD: has regular routing with opens at (329.840, 847.960) (347.760, 851.080)
Net VDD: has regular routing with opens at (349.440, 857.495) (355.040, 860.040)
Net VDD: has regular routing with opens at (358.400, 848.535) (363.440, 851.080)
Net VDD: has regular routing with opens at (452.480, 704.600) (533.120, 707.720)
Net VDD: has regular routing with opens at (526.400, 892.760) (546.560, 895.880)
Net VDD: has regular routing with opens at (533.680, 919.640) (544.320, 922.280)
Net VDD: has regular routing with opens at (801.360, 462.680) (824.880, 465.320)
Net VDD: has regular routing with opens at (524.720, 902.570) (528.640, 904.265)
Net VDD: has regular routing with opens at (518.000, 902.295) (521.920, 904.265)
Net VDD: has regular routing with opens at (736.960, 803.160) (810.880, 806.280)
Net VDD: has regular routing with opens at (456.960, 821.080) (518.560, 824.200)
Net VDD: has regular routing with opens at (822.640, 615.575) (829.360, 618.120)
Net VDD: has regular routing with opens at (446.880, 830.040) (503.440, 833.160)
Net VDD: has regular routing with opens at (832.160, 615.000) (844.480, 617.640)
Net VDD: has regular routing with opens at (833.840, 650.840) (843.920, 653.960)
Net VDD: has regular routing with opens at (385.280, 723.000) (408.800, 725.640)
Net VDD: has regular routing with opens at (790.720, 444.760) (826.560, 447.400)
Net VDD: has regular routing with opens at (366.800, 723.095) (372.400, 725.640)
Net VDD: has regular routing with opens at (841.680, 732.050) (864.640, 734.600)
Net VDD: has regular routing with opens at (404.320, 731.480) (455.280, 734.600)
Net VDD: has regular routing with opens at (735.840, 794.200) (759.920, 797.320)
Net VDD: has regular routing with opens at (556.640, 758.840) (599.200, 761.480)
Net VDD: has regular routing with opens at (634.480, 597.080) (666.960, 600.200)
Net VDD: has regular routing with opens at (777.840, 668.760) (813.680, 671.880)
Net VDD: has regular routing with opens at (745.920, 660.280) (772.240, 662.920)
Net VDD: has regular routing with opens at (766.080, 597.080) (839.440, 600.200)
Net VDD: has regular routing with opens at (789.040, 650.840) (832.720, 653.940)
Net VDD: has regular routing with opens at (651.280, 570.200) (672.560, 572.840)
Net VDD: has regular routing with opens at (773.360, 659.800) (801.920, 662.920)
Net VDD: has regular routing with opens at (546.560, 588.120) (613.200, 591.240)
Net VDD: has regular routing with opens at (566.160, 579.735) (572.320, 581.605)
Net VDD: has regular routing with opens at (642.320, 561.815) (654.080, 563.880)
Net VDD: has regular routing with opens at (522.480, 650.840) (549.360, 653.480)
Net VDD: has regular routing with opens at (525.280, 641.880) (548.240, 645.000)
Net VDD: has regular routing with opens at (552.720, 561.240) (571.200, 563.880)
Net VDD: has regular routing with opens at (516.320, 650.840) (520.800, 653.385)
Net VDD: has regular routing with opens at (399.840, 650.840) (515.200, 653.960)
Net VDD: has regular routing with opens at (574.560, 579.160) (598.640, 581.800)
Net VDD: has regular routing with opens at (468.720, 633.495) (472.640, 635.190)
Net VDD: has regular routing with opens at (649.600, 579.160) (665.280, 581.800)
Net VDD: has regular routing with opens at (474.320, 632.920) (479.920, 635.465)
Net VDD: has regular routing with opens at (708.400, 794.680) (734.160, 797.320)
Net VDD: has regular routing with opens at (805.840, 713.560) (844.480, 716.200)
Net VDD: has regular routing with opens at (442.960, 632.920) (448.560, 635.465)
Net VDD: has regular routing with opens at (553.280, 534.840) (565.040, 537.480)
Net VDD: has regular routing with opens at (446.320, 642.360) (469.840, 644.520)
Net VDD: has regular routing with opens at (556.080, 552.280) (567.280, 554.920)
Net VDD: has regular routing with opens at (644.000, 525.400) (667.520, 528.040)
Net VDD: has regular routing with opens at (350.000, 866.360) (361.760, 869.000)
Net VDD: has regular routing with opens at (336.000, 884.280) (348.320, 886.345)
Net VDD: has regular routing with opens at (510.720, 516.440) (586.880, 519.560)
Net VDD: has regular routing with opens at (339.360, 874.840) (372.960, 877.960)
Net VDD: has regular routing with opens at (349.440, 892.760) (422.240, 895.880)
Net VDD: has regular routing with opens at (538.160, 525.880) (558.320, 528.520)
Net VDD: has regular routing with opens at (472.640, 901.720) (510.160, 904.840)
Net VDD: has regular routing with opens at (631.680, 534.360) (656.880, 537.480)
Net VDD: has regular routing with opens at (453.040, 910.680) (495.600, 913.800)
Net VDD: has regular routing with opens at (364.000, 785.815) (375.200, 787.880)
Net VDD: has regular routing with opens at (486.080, 866.360) (502.880, 869.000)
Net VDD: has regular routing with opens at (656.320, 498.520) (666.960, 501.160)
Net VDD: has regular routing with opens at (481.600, 848.535) (495.040, 850.600)
Net VDD: has regular routing with opens at (371.840, 812.120) (383.600, 814.760)
Net VDD: has regular routing with opens at (364.000, 794.680) (375.760, 797.320)
Net VDD: has regular routing with opens at (617.120, 507.480) (658.560, 510.600)
Net VDD: has regular routing with opens at (715.120, 749.880) (738.080, 752.520)
Net VDD: has regular routing with opens at (476.000, 731.480) (500.080, 734.600)
Net VDD: has regular routing with opens at (455.280, 695.640) (476.000, 698.760)
Net VDD: has regular routing with opens at (484.960, 938.135) (492.800, 940.680)
Net VDD: has regular routing with opens at (724.640, 767.320) (745.360, 769.960)
Net VDD: has regular routing with opens at (487.200, 929.080) (497.840, 931.145)
Net VDD: has regular routing with opens at (792.400, 839.000) (810.320, 841.640)
Net VDD: has regular routing with opens at (794.640, 713.560) (805.280, 716.200)
Net VDD: has regular routing with opens at (778.960, 713.560) (793.520, 716.680)
Net VDD: has regular routing with opens at (455.280, 929.175) (458.640, 931.145)
Net VDD: has regular routing with opens at (752.640, 695.640) (776.160, 698.190)
Net VDD: has regular routing with opens at (436.800, 937.560) (476.000, 940.680)
Net VDD: has regular routing with opens at (812.560, 839.575) (816.480, 841.370)
Net VDD: has regular routing with opens at (502.320, 767.895) (507.920, 769.590)
Net VDD: has regular routing with opens at (724.640, 741.010) (735.280, 743.560)
Net VDD: has regular routing with opens at (542.080, 687.355) (548.240, 689.225)
Net VDD: has regular routing with opens at (834.400, 695.640) (838.880, 698.185)
Net VDD: has regular routing with opens at (812.000, 847.960) (832.720, 851.080)
Net VDD: has regular routing with opens at (543.760, 669.335) (548.240, 671.880)
Net VDD: has regular routing with opens at (533.120, 776.280) (537.600, 778.825)
Net VDD: has regular routing with opens at (514.640, 677.720) (549.360, 680.360)
Net VDD: has regular routing with opens at (502.320, 776.280) (532.560, 779.400)
Net VDD: has regular routing with opens at (819.840, 839.000) (838.880, 841.640)
Net VDD: has regular routing with opens at (471.520, 669.335) (474.880, 671.305)
Net VDD: has regular routing with opens at (728.000, 758.930) (734.720, 760.905)
Net VDD: has regular routing with opens at (674.800, 776.280) (721.840, 779.400)
Net VDD: has regular routing with opens at (488.880, 677.720) (507.920, 680.360)
Net VDD: has regular routing with opens at (389.760, 696.120) (400.960, 698.185)
Net VDD: has regular routing with opens at (442.960, 660.375) (446.880, 662.345)
Net VDD: has regular routing with opens at (458.640, 669.335) (463.120, 671.880)
Net VDD: has regular routing with opens at (366.800, 704.600) (376.880, 707.720)
Net VDD: has regular routing with opens at (390.320, 848.535) (394.240, 850.330)
Net VDD: has regular routing with opens at (644.000, 749.400) (673.120, 752.520)
Net VDD: has regular routing with opens at (366.800, 848.440) (383.040, 851.080)
Net VDD: has regular routing with opens at (395.920, 678.295) (402.080, 680.265)
Net VDD: has regular routing with opens at (639.520, 901.720) (680.400, 904.840)
Net VDD: has regular routing with opens at (400.400, 847.960) (424.480, 850.755)
Net VDD: has regular routing with opens at (412.720, 705.450) (417.760, 707.145)
Net VDD: has regular routing with opens at (504.000, 892.760) (508.480, 895.305)
Net VDD: has regular routing with opens at (486.080, 893.240) (497.840, 895.880)
Net VDD: has regular routing with opens at (777.280, 516.440) (782.320, 518.985)
Net VDD: has regular routing with opens at (873.600, 507.480) (884.800, 510.120)
Net VDD: has regular routing with opens at (504.560, 803.735) (508.480, 805.430)
Net VDD: has regular routing with opens at (767.200, 517.015) (775.600, 518.795)
Net VDD: has regular routing with opens at (495.040, 794.200) (522.480, 797.320)
Net VDD: has regular routing with opens at (762.160, 534.840) (787.920, 537.480)
Net VDD: has regular routing with opens at (510.160, 803.160) (515.760, 805.705)
Net VDD: has regular routing with opens at (419.440, 812.120) (508.480, 815.240)
Net VDD: has regular routing with opens at (762.720, 526.165) (772.240, 527.945)
Net VDD: has regular routing with opens at (496.160, 723.000) (506.800, 725.065)
Net VDD: has regular routing with opens at (587.440, 892.760) (697.200, 895.880)
Net VDD: has regular routing with opens at (500.640, 731.480) (544.880, 734.600)
Net VDD: has regular routing with opens at (875.280, 516.440) (910.000, 519.560)
Net VDD: has regular routing with opens at (477.120, 722.520) (495.040, 725.160)
Net VDD: has regular routing with opens at (499.520, 714.135) (504.000, 716.680)
Net VDD: has regular routing with opens at (792.400, 462.680) (798.000, 465.780)
Net VDD: has regular routing with opens at (764.400, 623.960) (785.120, 626.505)
Net VDD: has regular routing with opens at (619.360, 821.080) (676.480, 824.200)
Net VDD: has regular routing with opens at (724.640, 615.000) (773.360, 618.120)
Net VDD: has regular routing with opens at (736.960, 632.920) (845.040, 636.040)
Net VDD: has regular routing with opens at (764.960, 462.680) (789.040, 465.780)
Net VDD: has regular routing with opens at (622.160, 812.120) (680.400, 815.240)
Net VDD: has regular routing with opens at (831.600, 740.440) (867.440, 743.560)
Net VDD: has regular routing with opens at (509.040, 588.600) (545.440, 591.240)
Net VDD: has regular routing with opens at (546.000, 606.520) (557.760, 609.160)
Net VDD: has regular routing with opens at (514.080, 570.200) (539.840, 573.320)
Net VDD: has regular routing with opens at (627.200, 803.160) (688.800, 806.280)
Net VDD: has regular routing with opens at (549.360, 641.880) (605.920, 645.000)
Net VDD: has regular routing with opens at (653.520, 785.720) (674.800, 788.360)
Net VDD: has regular routing with opens at (468.720, 615.480) (479.360, 618.120)
Net VDD: has regular routing with opens at (861.280, 543.320) (920.080, 546.440)
Net VDD: has regular routing with opens at (476.560, 623.960) (523.040, 627.080)
Net VDD: has regular routing with opens at (855.120, 534.360) (885.360, 537.480)
Net VDD: has regular routing with opens at (419.440, 623.960) (460.880, 626.600)
Net VDD: has regular routing with opens at (498.960, 543.320) (520.240, 546.440)
Net VDD: has regular routing with opens at (463.120, 624.535) (475.440, 626.600)
Net VDD: has regular routing with opens at (524.160, 552.760) (534.800, 555.400)
Net VDD: has regular routing with opens at (630.560, 731.480) (664.720, 734.600)
Net VDD: has regular routing with opens at (363.440, 866.360) (374.080, 869.000)
Net VDD: has regular routing with opens at (616.000, 704.600) (647.360, 707.720)
Net VDD: has regular routing with opens at (778.960, 865.880) (791.280, 868.425)
Net VDD: has regular routing with opens at (511.840, 525.400) (521.920, 528.520)
Net VDD: has regular routing with opens at (362.320, 883.800) (381.920, 886.440)
Net VDD: has regular routing with opens at (523.040, 543.320) (552.160, 545.960)
Net VDD: has regular routing with opens at (826.560, 758.935) (831.040, 760.575)
Net VDD: has regular routing with opens at (525.840, 920.490) (530.880, 922.185)
Net VDD: has regular routing with opens at (473.760, 919.640) (523.600, 922.760)
Net VDD: has regular routing with opens at (630.000, 722.520) (665.840, 725.640)
Net VDD: has regular routing with opens at (516.880, 938.040) (533.680, 940.680)
Net VDD: has regular routing with opens at (531.440, 929.080) (557.760, 931.240)
Net VDD: has regular routing with opens at (379.120, 830.040) (406.560, 833.160)
Net VDD: has regular routing with opens at (528.640, 865.880) (535.360, 868.425)
Net VDD: has regular routing with opens at (372.400, 830.040) (376.880, 832.585)
Net VDD: has regular routing with opens at (631.680, 695.640) (645.120, 698.280)
Net VDD: has regular routing with opens at (528.640, 857.770) (533.120, 859.465)
Net VDD: has regular routing with opens at (544.320, 839.480) (565.040, 841.640)
Net VDD: has regular routing with opens at (608.720, 714.040) (639.520, 716.680)
Net VDD: has regular routing with opens at (366.240, 695.640) (385.840, 698.280)
Net VDD: has regular routing with opens at (378.000, 704.600) (394.800, 707.720)
Net VDD: has regular routing with opens at (402.640, 678.200) (425.600, 680.265)
Net VDD: has regular routing with opens at (404.880, 695.640) (409.360, 698.185)
Net VDD: has regular routing with opens at (869.680, 462.700) (891.520, 465.800)
Net VDD: has regular routing with opens at (740.880, 561.240) (781.760, 563.880)
Net VDD: has regular routing with opens at (845.600, 713.560) (850.080, 716.105)
Net VDD: has regular routing with opens at (831.040, 507.480) (857.920, 510.120)
Net VDD: has regular routing with opens at (851.760, 714.135) (857.920, 715.915)
Net VDD: has regular routing with opens at (841.120, 695.640) (902.720, 698.760)
Net VDD: has regular routing with opens at (851.760, 758.380) (856.800, 761.480)
Net VDD: has regular routing with opens at (451.360, 821.655) (455.280, 823.350)
Net VDD: has regular routing with opens at (841.680, 677.720) (858.480, 680.840)
Net VDD: has regular routing with opens at (838.320, 525.400) (902.160, 528.040)
Net VDD: has regular routing with opens at (539.280, 821.560) (576.800, 824.200)
Net VDD: has regular routing with opens at (600.880, 687.255) (612.080, 689.320)
Net VDD: has regular routing with opens at (618.240, 695.640) (629.440, 698.280)
Net VDD: has regular routing with opens at (830.480, 543.800) (859.600, 546.440)
Net VDD: has regular routing with opens at (432.880, 830.040) (444.080, 832.680)
Net VDD: has regular routing with opens at (603.120, 669.240) (623.280, 671.880)
Net VDD: has regular routing with opens at (601.440, 678.200) (622.720, 680.840)
Net VDD: has regular routing with opens at (828.800, 526.165) (836.640, 527.945)
Net VDD: has regular routing with opens at (576.800, 633.400) (601.440, 636.040)
Net VDD: has regular routing with opens at (606.480, 642.360) (631.120, 645.000)
Net VDD: has regular routing with opens at (458.080, 722.520) (474.880, 725.160)
Net VDD: has regular routing with opens at (607.600, 857.495) (610.960, 859.465)
Net VDD: has regular routing with opens at (410.480, 723.000) (456.400, 725.640)
Net VDD: has regular routing with opens at (834.400, 677.720) (841.120, 680.265)
Net VDD: has regular routing with opens at (579.040, 874.840) (628.320, 877.960)
Net VDD: has regular routing with opens at (602.560, 902.200) (623.840, 904.840)
Net VDD: has regular routing with opens at (827.120, 462.680) (855.680, 465.800)
Net VDD: has regular routing with opens at (526.400, 883.800) (679.840, 886.920)
Net VDD: has regular routing with opens at (912.240, 713.560) (940.240, 716.200)
Net VDD: has regular routing with opens at (887.600, 722.520) (928.480, 725.640)
Net VDD: has regular routing with opens at (905.520, 704.600) (932.400, 707.720)
Net VDD: has regular routing with opens at (904.960, 695.640) (918.400, 698.760)
Net VDD: has regular routing with opens at (564.480, 901.720) (588.000, 904.840)
Net VDD: has regular routing with opens at (891.520, 758.380) (902.160, 761.000)
Net VDD: has regular routing with opens at (561.120, 812.120) (584.080, 815.240)
Net VDD: has regular routing with opens at (924.000, 668.780) (950.880, 671.860)
Net VDD: has regular routing with opens at (726.320, 597.080) (744.800, 600.200)
Net VDD: has regular routing with opens at (722.400, 659.800) (726.880, 662.345)
Net VDD: has regular routing with opens at (718.480, 669.335) (729.680, 671.880)
Net VDD: has regular routing with opens at (546.000, 803.160) (605.920, 806.280)
Net VDD: has regular routing with opens at (713.440, 659.800) (718.480, 662.345)
Net VDD: has regular routing with opens at (769.440, 570.200) (781.760, 572.840)
Net VDD: has regular routing with opens at (555.520, 776.280) (586.880, 779.400)
Net VDD: has regular routing with opens at (758.240, 552.760) (769.440, 555.400)
Net VDD: has regular routing with opens at (721.280, 633.495) (726.880, 635.190)
Net VDD: has regular routing with opens at (707.840, 632.920) (719.600, 635.560)
Net VDD: has regular routing with opens at (534.240, 740.440) (593.040, 743.080)
Net VDD: has regular routing with opens at (828.240, 444.780) (838.880, 447.400)
Net VDD: has regular routing with opens at (698.880, 641.880) (734.160, 645.000)
Net VDD: has regular routing with opens at (828.800, 668.760) (833.840, 671.305)
Net VDD: has regular routing with opens at (728.000, 632.920) (734.720, 635.465)
Net VDD: has regular routing with opens at (817.600, 884.280) (859.600, 886.920)
Net VDD: has regular routing with opens at (807.520, 892.760) (872.480, 895.880)
Net VDD: has regular routing with opens at (552.720, 723.000) (565.040, 725.065)
Net VDD: has regular routing with opens at (824.880, 865.880) (865.200, 869.000)
Net VDD: has regular routing with opens at (553.840, 749.400) (567.280, 752.040)
Net VDD: has regular routing with opens at (729.680, 579.735) (747.600, 582.280)
Net VDD: has regular routing with opens at (776.720, 892.760) (791.840, 895.400)
Net VDD: has regular routing with opens at (739.760, 902.200) (778.400, 904.840)
Net VDD: has regular routing with opens at (809.200, 732.055) (813.680, 734.600)
Net VDD: has regular routing with opens at (752.080, 821.655) (756.560, 824.200)
Net VDD: has regular routing with opens at (702.800, 812.120) (775.600, 815.240)
Net VDD: has regular routing with opens at (714.560, 803.160) (720.720, 805.705)
Net VDD: has regular routing with opens at (817.040, 704.600) (844.480, 707.240)
Net VDD: has regular routing with opens at (808.080, 695.640) (814.240, 698.185)
Net VDD: has regular routing with opens at (721.840, 714.135) (726.880, 716.680)
Net VDD: has regular routing with opens at (787.920, 561.240) (834.400, 564.360)
Net VDD: has regular routing with opens at (694.960, 714.040) (720.720, 716.680)
Net VDD: has regular routing with opens at (710.080, 695.640) (721.280, 698.280)
Net VDD: has regular routing with opens at (636.160, 570.200) (640.640, 572.745)
Net VDD: has regular routing with opens at (719.600, 704.600) (740.880, 707.720)
Net VDD: has regular routing with opens at (809.760, 749.420) (827.680, 752.520)
Net VDD: has regular routing with opens at (847.840, 650.840) (932.400, 653.960)
Net VDD: has regular routing with opens at (876.960, 668.760) (887.600, 671.400)

Begin Summary
    586 Problem(s) (IMPVFC-96): Terminal(s) are not connected.
    1 Problem(s) (IMPVFC-200): Special Wires: Pieces of the net are not connected together.
    413 Problem(s) (IMPVFC-92): Pieces of the net are not connected together.
    1000 total info(s) created.
End Summary
