objType,layer,purpose,llx,lly,urx,ury,width,height,cx,cy
label,PAD,drawing,2051.749000,2124.545000,2051.831000,2124.645000,0.082000,0.100000,2051.790000,2124.595000
label,METTPL,pin,-61.881000,170.649000,-31.879000,173.935000,30.002000,3.286000,-46.880000,172.292000
label,METTPL,pin,-153.095000,170.649000,-107.665000,173.935000,45.430000,3.286000,-130.380000,172.292000
label,METTPL,pin,-77.309000,15.469000,-16.451000,18.755000,60.858000,3.286000,-46.880000,17.112000
label,METTPL,pin,-168.524000,15.469000,-92.236000,18.755000,76.288000,3.286000,-130.380000,17.112000
label,MET5,pin,-108.166000,170.399000,14.406000,173.685000,122.572000,3.286000,-46.880000,172.042000
label,MET5,pin,-115.881000,15.839000,22.121000,19.125000,138.002000,3.286000,-46.880000,17.482000
label,MET4,pin,-123.595000,170.399000,29.835000,173.685000,153.430000,3.286000,-46.880000,172.042000
label,MET4,pin,-131.309000,15.839000,37.549000,19.125000,168.858000,3.286000,-46.880000,17.482000
label,MET5,pin,-261.095000,170.399000,0.335000,173.685000,261.430000,3.286000,-130.380000,172.042000
label,MET5,pin,-268.809000,15.839000,8.049000,19.125000,276.858000,3.286000,-130.380000,17.482000
label,MET4,pin,-276.524000,170.399000,15.764000,173.685000,292.288000,3.286000,-130.380000,172.042000
label,MET4,pin,-284.238000,15.839000,23.478000,19.125000,307.716000,3.286000,-130.380000,17.482000
label,MET4,TEXT,-145.595000,38.909000,-115.165000,42.195000,30.430000,3.286000,-130.380000,40.552000
label,MET4,TEXT,-145.381000,15.839000,-115.379000,19.125000,30.002000,3.286000,-130.380000,17.482000
label,MET4,TEXT,-145.381000,170.049000,-115.379000,173.335000,30.002000,3.286000,-130.380000,171.692000
label,MET4,TEXT,-145.238000,148.029000,-115.522000,151.315000,29.716000,3.286000,-130.380000,149.672000
label,MET5,TEXT,-145.595000,38.909000,-115.165000,42.195000,30.430000,3.286000,-130.380000,40.552000
label,MET5,TEXT,-145.381000,15.839000,-115.379000,19.125000,30.002000,3.286000,-130.380000,17.482000
label,MET5,TEXT,-145.381000,170.049000,-115.379000,173.335000,30.002000,3.286000,-130.380000,171.692000
label,MET5,TEXT,-145.238000,148.029000,-115.522000,151.315000,29.716000,3.286000,-130.380000,149.672000
label,METTPL,TEXT,-145.845000,38.909000,-115.415000,42.195000,30.430000,3.286000,-130.630000,40.552000
label,METTPL,TEXT,-145.488000,148.029000,-115.772000,151.315000,29.716000,3.286000,-130.630000,149.672000
label,MET4,TEXT,-62.095000,38.909000,-31.665000,42.195000,30.430000,3.286000,-46.880000,40.552000
label,MET4,TEXT,-61.881000,15.839000,-31.879000,19.125000,30.002000,3.286000,-46.880000,17.482000
label,MET4,TEXT,-61.881000,170.049000,-31.879000,173.335000,30.002000,3.286000,-46.880000,171.692000
label,MET4,TEXT,-61.738000,148.029000,-32.022000,151.315000,29.716000,3.286000,-46.880000,149.672000
label,MET5,TEXT,-62.095000,38.909000,-31.665000,42.195000,30.430000,3.286000,-46.880000,40.552000
label,MET5,TEXT,-61.881000,15.839000,-31.879000,19.125000,30.002000,3.286000,-46.880000,17.482000
label,MET5,TEXT,-61.881000,170.049000,-31.879000,173.335000,30.002000,3.286000,-46.880000,171.692000
label,MET5,TEXT,-61.738000,148.029000,-32.022000,151.315000,29.716000,3.286000,-46.880000,149.672000
label,METTPL,TEXT,-61.845000,38.909000,-31.415000,42.195000,30.430000,3.286000,-46.630000,40.552000
label,METTPL,TEXT,-61.488000,148.029000,-31.772000,151.315000,29.716000,3.286000,-46.630000,149.672000
label,METTPL,TEXT,-145.631000,15.594000,-115.629000,18.880000,30.002000,3.286000,-130.630000,17.237000
label,METTPL,TEXT,-61.631000,15.594000,-31.629000,18.880000,30.002000,3.286000,-46.630000,17.237000
label,METTPL,TEXT,-145.631000,170.299000,-115.629000,173.585000,30.002000,3.286000,-130.630000,171.942000
label,METTPL,TEXT,-61.631000,170.299000,-31.629000,173.585000,30.002000,3.286000,-46.630000,171.942000
label,METTPL,pin,80.834000,148.029000,105.406000,151.315000,24.572000,3.286000,93.120000,149.672000
label,METTPL,pin,-56.238000,148.029000,-16.522000,151.315000,39.716000,3.286000,-36.380000,149.672000
label,MET5,pin,72.976000,15.839000,113.264000,19.125000,40.288000,3.286000,93.120000,17.482000
label,MET4,pin,65.262000,15.839000,120.978000,19.125000,55.716000,3.286000,93.120000,17.482000
label,MET4,pin,57.548000,170.399000,128.692000,173.685000,71.144000,3.286000,93.120000,172.042000
label,MET5,pin,42.119000,170.399000,144.121000,173.685000,102.002000,3.286000,93.120000,172.042000
label,METTPL,pin,18.976000,170.649000,167.264000,173.935000,148.288000,3.286000,93.120000,172.292000
label,METTPL,pin,3.548000,15.469000,182.692000,18.755000,179.144000,3.286000,93.120000,17.112000
label,METTPL,pin,-133.666000,15.469000,60.906000,18.755000,194.572000,3.286000,-36.380000,17.112000
label,MET5,pin,-149.095000,15.839000,76.335000,19.125000,225.430000,3.286000,-36.380000,17.482000
label,MET4,pin,-156.809000,15.839000,84.049000,19.125000,240.858000,3.286000,-36.380000,17.482000
label,METTPL,pin,-179.952000,170.649000,107.192000,173.935000,287.144000,3.286000,-36.380000,172.292000
label,MET5,pin,-195.381000,170.399000,122.621000,173.685000,318.002000,3.286000,-36.380000,172.042000
label,MET4,pin,-203.095000,170.399000,130.335000,173.685000,333.430000,3.286000,-36.380000,172.042000
label,METTPL,pin,80.476000,38.909000,105.764000,42.195000,25.288000,3.286000,93.120000,40.552000
label,METTPL,pin,-56.952000,38.909000,-15.808000,42.195000,41.144000,3.286000,-36.380000,40.552000
label,METTPL,TEXT,80.941000,15.594000,105.799000,18.880000,24.858000,3.286000,93.370000,17.237000
label,MET4,TEXT,-49.024000,38.909000,-23.736000,42.195000,25.288000,3.286000,-36.380000,40.552000
label,MET4,TEXT,-48.666000,148.029000,-24.094000,151.315000,24.572000,3.286000,-36.380000,149.672000
label,MET5,TEXT,-49.024000,38.909000,-23.736000,42.195000,25.288000,3.286000,-36.380000,40.552000
label,MET5,TEXT,-48.666000,148.029000,-24.094000,151.315000,24.572000,3.286000,-36.380000,149.672000
label,MET4,TEXT,80.476000,38.909000,105.764000,42.195000,25.288000,3.286000,93.120000,40.552000
label,MET5,TEXT,80.476000,38.909000,105.764000,42.195000,25.288000,3.286000,93.120000,40.552000
label,METTPL,TEXT,-49.014000,37.009000,-23.726000,40.295000,25.288000,3.286000,-36.370000,38.652000
label,MET5,TEXT,80.691000,170.049000,105.549000,173.335000,24.858000,3.286000,93.120000,171.692000
label,METTPL,TEXT,81.084000,148.029000,105.656000,151.315000,24.572000,3.286000,93.370000,149.672000
label,MET4,TEXT,-48.809000,170.049000,-23.951000,173.335000,24.858000,3.286000,-36.380000,171.692000
label,METTPL,TEXT,80.941000,170.299000,105.799000,173.585000,24.858000,3.286000,93.370000,171.942000
label,METTPL,TEXT,80.466000,37.009000,105.754000,40.295000,25.288000,3.286000,93.110000,38.652000
label,METTPL,TEXT,-49.059000,15.594000,-24.201000,18.880000,24.858000,3.286000,-36.630000,17.237000
label,MET5,TEXT,80.691000,15.839000,105.549000,19.125000,24.858000,3.286000,93.120000,17.482000
label,MET5,TEXT,-48.809000,15.839000,-23.951000,19.125000,24.858000,3.286000,-36.380000,17.482000
label,METTPL,TEXT,-49.059000,170.299000,-24.201000,173.585000,24.858000,3.286000,-36.630000,171.942000
label,MET4,TEXT,-48.809000,15.839000,-23.951000,19.125000,24.858000,3.286000,-36.380000,17.482000
label,MET5,TEXT,-48.809000,170.049000,-23.951000,173.335000,24.858000,3.286000,-36.380000,171.692000
label,MET4,TEXT,80.691000,170.049000,105.549000,173.335000,24.858000,3.286000,93.120000,171.692000
label,MET4,TEXT,80.691000,15.839000,105.549000,19.125000,24.858000,3.286000,93.120000,17.482000
label,MET5,TEXT,80.834000,148.029000,105.406000,151.315000,24.572000,3.286000,93.120000,149.672000
label,METTPL,TEXT,-48.916000,148.029000,-24.344000,151.315000,24.572000,3.286000,-36.630000,149.672000
label,MET4,TEXT,80.834000,148.029000,105.406000,151.315000,24.572000,3.286000,93.120000,149.672000
label,METTPL,pin,213.791000,170.649000,240.649000,173.935000,26.858000,3.286000,227.220000,172.292000
label,METTPL,pin,122.576000,170.649000,164.864000,173.935000,42.288000,3.286000,143.720000,172.292000
label,METTPL,pin,198.362000,15.469000,256.078000,18.755000,57.716000,3.286000,227.220000,17.112000
label,METTPL,pin,107.148000,15.469000,180.292000,18.755000,73.144000,3.286000,143.720000,17.112000
label,MET5,pin,167.505000,170.399000,286.935000,173.685000,119.430000,3.286000,227.220000,172.042000
label,MET5,pin,159.791000,15.839000,294.649000,19.125000,134.858000,3.286000,227.220000,17.482000
label,MET4,pin,152.076000,170.399000,302.364000,173.685000,150.288000,3.286000,227.220000,172.042000
label,MET4,pin,144.362000,15.839000,310.078000,19.125000,165.716000,3.286000,227.220000,17.482000
label,MET5,pin,14.576000,170.399000,272.864000,173.685000,258.288000,3.286000,143.720000,172.042000
label,MET5,pin,6.862000,15.839000,280.578000,19.125000,273.716000,3.286000,143.720000,17.482000
label,MET4,pin,-0.852000,170.399000,288.292000,173.685000,289.144000,3.286000,143.720000,172.042000
label,MET4,pin,-8.566000,15.839000,296.006000,19.125000,304.572000,3.286000,143.720000,17.482000
label,MET4,TEXT,130.076000,38.909000,157.364000,42.195000,27.288000,3.286000,143.720000,40.552000
label,MET4,TEXT,130.291000,15.839000,157.149000,19.125000,26.858000,3.286000,143.720000,17.482000
label,MET4,TEXT,130.291000,170.049000,157.149000,173.335000,26.858000,3.286000,143.720000,171.692000
label,MET4,TEXT,130.434000,148.029000,157.006000,151.315000,26.572000,3.286000,143.720000,149.672000
label,MET5,TEXT,130.076000,38.909000,157.364000,42.195000,27.288000,3.286000,143.720000,40.552000
label,MET5,TEXT,130.291000,15.839000,157.149000,19.125000,26.858000,3.286000,143.720000,17.482000
label,MET5,TEXT,130.291000,170.049000,157.149000,173.335000,26.858000,3.286000,143.720000,171.692000
label,MET5,TEXT,130.434000,148.029000,157.006000,151.315000,26.572000,3.286000,143.720000,149.672000
label,METTPL,TEXT,129.826000,38.909000,157.114000,42.195000,27.288000,3.286000,143.470000,40.552000
label,METTPL,TEXT,130.184000,148.029000,156.756000,151.315000,26.572000,3.286000,143.470000,149.672000
label,MET4,TEXT,213.576000,38.909000,240.864000,42.195000,27.288000,3.286000,227.220000,40.552000
label,MET4,TEXT,213.791000,15.839000,240.649000,19.125000,26.858000,3.286000,227.220000,17.482000
label,MET4,TEXT,213.791000,170.049000,240.649000,173.335000,26.858000,3.286000,227.220000,171.692000
label,MET4,TEXT,213.934000,148.029000,240.506000,151.315000,26.572000,3.286000,227.220000,149.672000
label,MET5,TEXT,213.576000,38.909000,240.864000,42.195000,27.288000,3.286000,227.220000,40.552000
label,MET5,TEXT,213.791000,15.839000,240.649000,19.125000,26.858000,3.286000,227.220000,17.482000
label,MET5,TEXT,213.791000,170.049000,240.649000,173.335000,26.858000,3.286000,227.220000,171.692000
label,MET5,TEXT,213.934000,148.029000,240.506000,151.315000,26.572000,3.286000,227.220000,149.672000
label,METTPL,TEXT,213.826000,38.909000,241.114000,42.195000,27.288000,3.286000,227.470000,40.552000
label,METTPL,TEXT,214.184000,148.029000,240.756000,151.315000,26.572000,3.286000,227.470000,149.672000
label,METTPL,TEXT,130.041000,15.594000,156.899000,18.880000,26.858000,3.286000,143.470000,17.237000
label,METTPL,TEXT,214.041000,15.594000,240.899000,18.880000,26.858000,3.286000,227.470000,17.237000
label,METTPL,TEXT,130.041000,170.299000,156.899000,173.585000,26.858000,3.286000,143.470000,171.942000
label,METTPL,TEXT,214.041000,170.299000,240.899000,173.585000,26.858000,3.286000,227.470000,171.942000
label,METTPL,pin,307.791000,170.649000,334.649000,173.935000,26.858000,3.286000,321.220000,172.292000
label,METTPL,pin,216.576000,170.649000,258.864000,173.935000,42.288000,3.286000,237.720000,172.292000
label,METTPL,pin,292.362000,15.469000,350.078000,18.755000,57.716000,3.286000,321.220000,17.112000
label,METTPL,pin,201.148000,15.469000,274.292000,18.755000,73.144000,3.286000,237.720000,17.112000
label,MET5,pin,261.505000,170.399000,380.935000,173.685000,119.430000,3.286000,321.220000,172.042000
label,MET5,pin,253.791000,15.839000,388.649000,19.125000,134.858000,3.286000,321.220000,17.482000
label,MET4,pin,246.076000,170.399000,396.364000,173.685000,150.288000,3.286000,321.220000,172.042000
label,MET4,pin,238.362000,15.839000,404.078000,19.125000,165.716000,3.286000,321.220000,17.482000
label,MET5,pin,108.576000,170.399000,366.864000,173.685000,258.288000,3.286000,237.720000,172.042000
label,MET5,pin,100.862000,15.839000,374.578000,19.125000,273.716000,3.286000,237.720000,17.482000
label,MET4,pin,93.148000,170.399000,382.292000,173.685000,289.144000,3.286000,237.720000,172.042000
label,MET4,pin,85.434000,15.839000,390.006000,19.125000,304.572000,3.286000,237.720000,17.482000
label,MET4,TEXT,224.076000,38.909000,251.364000,42.195000,27.288000,3.286000,237.720000,40.552000
label,MET4,TEXT,224.291000,15.839000,251.149000,19.125000,26.858000,3.286000,237.720000,17.482000
label,MET4,TEXT,224.291000,170.049000,251.149000,173.335000,26.858000,3.286000,237.720000,171.692000
label,MET4,TEXT,224.434000,148.029000,251.006000,151.315000,26.572000,3.286000,237.720000,149.672000
label,MET5,TEXT,224.076000,38.909000,251.364000,42.195000,27.288000,3.286000,237.720000,40.552000
label,MET5,TEXT,224.291000,15.839000,251.149000,19.125000,26.858000,3.286000,237.720000,17.482000
label,MET5,TEXT,224.291000,170.049000,251.149000,173.335000,26.858000,3.286000,237.720000,171.692000
label,MET5,TEXT,224.434000,148.029000,251.006000,151.315000,26.572000,3.286000,237.720000,149.672000
label,METTPL,TEXT,223.826000,38.909000,251.114000,42.195000,27.288000,3.286000,237.470000,40.552000
label,METTPL,TEXT,224.184000,148.029000,250.756000,151.315000,26.572000,3.286000,237.470000,149.672000
label,MET4,TEXT,307.576000,38.909000,334.864000,42.195000,27.288000,3.286000,321.220000,40.552000
label,MET4,TEXT,307.791000,15.839000,334.649000,19.125000,26.858000,3.286000,321.220000,17.482000
label,MET4,TEXT,307.791000,170.049000,334.649000,173.335000,26.858000,3.286000,321.220000,171.692000
label,MET4,TEXT,307.934000,148.029000,334.506000,151.315000,26.572000,3.286000,321.220000,149.672000
label,MET5,TEXT,307.576000,38.909000,334.864000,42.195000,27.288000,3.286000,321.220000,40.552000
label,MET5,TEXT,307.791000,15.839000,334.649000,19.125000,26.858000,3.286000,321.220000,17.482000
label,MET5,TEXT,307.791000,170.049000,334.649000,173.335000,26.858000,3.286000,321.220000,171.692000
label,MET5,TEXT,307.934000,148.029000,334.506000,151.315000,26.572000,3.286000,321.220000,149.672000
label,METTPL,TEXT,307.826000,38.909000,335.114000,42.195000,27.288000,3.286000,321.470000,40.552000
label,METTPL,TEXT,308.184000,148.029000,334.756000,151.315000,26.572000,3.286000,321.470000,149.672000
label,METTPL,TEXT,224.041000,15.594000,250.899000,18.880000,26.858000,3.286000,237.470000,17.237000
label,METTPL,TEXT,308.041000,15.594000,334.899000,18.880000,26.858000,3.286000,321.470000,17.237000
label,METTPL,TEXT,224.041000,170.299000,250.899000,173.585000,26.858000,3.286000,237.470000,171.942000
label,METTPL,TEXT,308.041000,170.299000,334.899000,173.585000,26.858000,3.286000,321.470000,171.942000
label,METTPL,pin,401.791000,170.649000,428.649000,173.935000,26.858000,3.286000,415.220000,172.292000
label,METTPL,pin,310.576000,170.649000,352.864000,173.935000,42.288000,3.286000,331.720000,172.292000
label,METTPL,pin,386.362000,15.469000,444.078000,18.755000,57.716000,3.286000,415.220000,17.112000
label,METTPL,pin,295.148000,15.469000,368.292000,18.755000,73.144000,3.286000,331.720000,17.112000
label,MET5,pin,355.505000,170.399000,474.935000,173.685000,119.430000,3.286000,415.220000,172.042000
label,MET5,pin,347.791000,15.839000,482.649000,19.125000,134.858000,3.286000,415.220000,17.482000
label,MET4,pin,340.076000,170.399000,490.364000,173.685000,150.288000,3.286000,415.220000,172.042000
label,MET4,pin,332.362000,15.839000,498.078000,19.125000,165.716000,3.286000,415.220000,17.482000
label,MET5,pin,202.576000,170.399000,460.864000,173.685000,258.288000,3.286000,331.720000,172.042000
label,MET5,pin,194.862000,15.839000,468.578000,19.125000,273.716000,3.286000,331.720000,17.482000
label,MET4,pin,187.148000,170.399000,476.292000,173.685000,289.144000,3.286000,331.720000,172.042000
label,MET4,pin,179.434000,15.839000,484.006000,19.125000,304.572000,3.286000,331.720000,17.482000
label,MET4,TEXT,318.076000,38.909000,345.364000,42.195000,27.288000,3.286000,331.720000,40.552000
label,MET4,TEXT,318.291000,15.839000,345.149000,19.125000,26.858000,3.286000,331.720000,17.482000
label,MET4,TEXT,318.291000,170.049000,345.149000,173.335000,26.858000,3.286000,331.720000,171.692000
label,MET4,TEXT,318.434000,148.029000,345.006000,151.315000,26.572000,3.286000,331.720000,149.672000
label,MET5,TEXT,318.076000,38.909000,345.364000,42.195000,27.288000,3.286000,331.720000,40.552000
label,MET5,TEXT,318.291000,15.839000,345.149000,19.125000,26.858000,3.286000,331.720000,17.482000
label,MET5,TEXT,318.291000,170.049000,345.149000,173.335000,26.858000,3.286000,331.720000,171.692000
label,MET5,TEXT,318.434000,148.029000,345.006000,151.315000,26.572000,3.286000,331.720000,149.672000
label,METTPL,TEXT,317.826000,38.909000,345.114000,42.195000,27.288000,3.286000,331.470000,40.552000
label,METTPL,TEXT,318.184000,148.029000,344.756000,151.315000,26.572000,3.286000,331.470000,149.672000
label,MET4,TEXT,401.576000,38.909000,428.864000,42.195000,27.288000,3.286000,415.220000,40.552000
label,MET4,TEXT,401.791000,15.839000,428.649000,19.125000,26.858000,3.286000,415.220000,17.482000
label,MET4,TEXT,401.791000,170.049000,428.649000,173.335000,26.858000,3.286000,415.220000,171.692000
label,MET4,TEXT,401.934000,148.029000,428.506000,151.315000,26.572000,3.286000,415.220000,149.672000
label,MET5,TEXT,401.576000,38.909000,428.864000,42.195000,27.288000,3.286000,415.220000,40.552000
label,MET5,TEXT,401.791000,15.839000,428.649000,19.125000,26.858000,3.286000,415.220000,17.482000
label,MET5,TEXT,401.791000,170.049000,428.649000,173.335000,26.858000,3.286000,415.220000,171.692000
label,MET5,TEXT,401.934000,148.029000,428.506000,151.315000,26.572000,3.286000,415.220000,149.672000
label,METTPL,TEXT,401.826000,38.909000,429.114000,42.195000,27.288000,3.286000,415.470000,40.552000
label,METTPL,TEXT,402.184000,148.029000,428.756000,151.315000,26.572000,3.286000,415.470000,149.672000
label,METTPL,TEXT,318.041000,15.594000,344.899000,18.880000,26.858000,3.286000,331.470000,17.237000
label,METTPL,TEXT,402.041000,15.594000,428.899000,18.880000,26.858000,3.286000,415.470000,17.237000
label,METTPL,TEXT,318.041000,170.299000,344.899000,173.585000,26.858000,3.286000,331.470000,171.942000
label,METTPL,TEXT,402.041000,170.299000,428.899000,173.585000,26.858000,3.286000,415.470000,171.942000
label,METTPL,pin,495.505000,170.649000,522.935000,173.935000,27.430000,3.286000,509.220000,172.292000
label,METTPL,pin,404.291000,170.649000,447.149000,173.935000,42.858000,3.286000,425.720000,172.292000
label,METTPL,pin,480.076000,15.469000,538.364000,18.755000,58.288000,3.286000,509.220000,17.112000
label,METTPL,pin,388.862000,15.469000,462.578000,18.755000,73.716000,3.286000,425.720000,17.112000
label,MET5,pin,449.219000,170.399000,569.221000,173.685000,120.002000,3.286000,509.220000,172.042000
label,MET5,pin,441.505000,15.839000,576.935000,19.125000,135.430000,3.286000,509.220000,17.482000
label,MET4,pin,433.791000,170.399000,584.649000,173.685000,150.858000,3.286000,509.220000,172.042000
label,MET4,pin,426.076000,15.839000,592.364000,19.125000,166.288000,3.286000,509.220000,17.482000
label,MET5,pin,296.291000,170.399000,555.149000,173.685000,258.858000,3.286000,425.720000,172.042000
label,MET5,pin,288.576000,15.839000,562.864000,19.125000,274.288000,3.286000,425.720000,17.482000
label,MET4,pin,280.862000,170.399000,570.578000,173.685000,289.716000,3.286000,425.720000,172.042000
label,MET4,pin,273.148000,15.839000,578.292000,19.125000,305.144000,3.286000,425.720000,17.482000
label,MET4,TEXT,411.791000,38.909000,439.649000,42.195000,27.858000,3.286000,425.720000,40.552000
label,MET4,TEXT,412.005000,15.839000,439.435000,19.125000,27.430000,3.286000,425.720000,17.482000
label,MET4,TEXT,412.005000,170.049000,439.435000,173.335000,27.430000,3.286000,425.720000,171.692000
label,MET4,TEXT,412.148000,148.029000,439.292000,151.315000,27.144000,3.286000,425.720000,149.672000
label,MET5,TEXT,411.791000,38.909000,439.649000,42.195000,27.858000,3.286000,425.720000,40.552000
label,MET5,TEXT,412.005000,15.839000,439.435000,19.125000,27.430000,3.286000,425.720000,17.482000
label,MET5,TEXT,412.005000,170.049000,439.435000,173.335000,27.430000,3.286000,425.720000,171.692000
label,MET5,TEXT,412.148000,148.029000,439.292000,151.315000,27.144000,3.286000,425.720000,149.672000
label,METTPL,TEXT,411.541000,38.909000,439.399000,42.195000,27.858000,3.286000,425.470000,40.552000
label,METTPL,TEXT,411.898000,148.029000,439.042000,151.315000,27.144000,3.286000,425.470000,149.672000
label,MET4,TEXT,495.291000,38.909000,523.149000,42.195000,27.858000,3.286000,509.220000,40.552000
label,MET4,TEXT,495.505000,15.839000,522.935000,19.125000,27.430000,3.286000,509.220000,17.482000
label,MET4,TEXT,495.505000,170.049000,522.935000,173.335000,27.430000,3.286000,509.220000,171.692000
label,MET4,TEXT,495.648000,148.029000,522.792000,151.315000,27.144000,3.286000,509.220000,149.672000
label,MET5,TEXT,495.291000,38.909000,523.149000,42.195000,27.858000,3.286000,509.220000,40.552000
label,MET5,TEXT,495.505000,15.839000,522.935000,19.125000,27.430000,3.286000,509.220000,17.482000
label,MET5,TEXT,495.505000,170.049000,522.935000,173.335000,27.430000,3.286000,509.220000,171.692000
label,MET5,TEXT,495.648000,148.029000,522.792000,151.315000,27.144000,3.286000,509.220000,149.672000
label,METTPL,TEXT,495.541000,38.909000,523.399000,42.195000,27.858000,3.286000,509.470000,40.552000
label,METTPL,TEXT,495.898000,148.029000,523.042000,151.315000,27.144000,3.286000,509.470000,149.672000
label,METTPL,TEXT,411.755000,15.594000,439.185000,18.880000,27.430000,3.286000,425.470000,17.237000
label,METTPL,TEXT,495.755000,15.594000,523.185000,18.880000,27.430000,3.286000,509.470000,17.237000
label,METTPL,TEXT,411.755000,170.299000,439.185000,173.585000,27.430000,3.286000,425.470000,171.942000
label,METTPL,TEXT,495.755000,170.299000,523.185000,173.585000,27.430000,3.286000,509.470000,171.942000
label,METTPL,pin,589.505000,170.649000,616.935000,173.935000,27.430000,3.286000,603.220000,172.292000
label,METTPL,pin,498.291000,170.649000,541.149000,173.935000,42.858000,3.286000,519.720000,172.292000
label,METTPL,pin,574.076000,15.469000,632.364000,18.755000,58.288000,3.286000,603.220000,17.112000
label,METTPL,pin,482.862000,15.469000,556.578000,18.755000,73.716000,3.286000,519.720000,17.112000
label,MET5,pin,543.219000,170.399000,663.221000,173.685000,120.002000,3.286000,603.220000,172.042000
label,MET5,pin,535.505000,15.839000,670.935000,19.125000,135.430000,3.286000,603.220000,17.482000
label,MET4,pin,527.791000,170.399000,678.649000,173.685000,150.858000,3.286000,603.220000,172.042000
label,MET4,pin,520.076000,15.839000,686.364000,19.125000,166.288000,3.286000,603.220000,17.482000
label,MET5,pin,390.291000,170.399000,649.149000,173.685000,258.858000,3.286000,519.720000,172.042000
label,MET5,pin,382.576000,15.839000,656.864000,19.125000,274.288000,3.286000,519.720000,17.482000
label,MET4,pin,374.862000,170.399000,664.578000,173.685000,289.716000,3.286000,519.720000,172.042000
label,MET4,pin,367.148000,15.839000,672.292000,19.125000,305.144000,3.286000,519.720000,17.482000
label,MET4,TEXT,505.791000,38.909000,533.649000,42.195000,27.858000,3.286000,519.720000,40.552000
label,MET4,TEXT,506.005000,15.839000,533.435000,19.125000,27.430000,3.286000,519.720000,17.482000
label,MET4,TEXT,506.005000,170.049000,533.435000,173.335000,27.430000,3.286000,519.720000,171.692000
label,MET4,TEXT,506.148000,148.029000,533.292000,151.315000,27.144000,3.286000,519.720000,149.672000
label,MET5,TEXT,505.791000,38.909000,533.649000,42.195000,27.858000,3.286000,519.720000,40.552000
label,MET5,TEXT,506.005000,15.839000,533.435000,19.125000,27.430000,3.286000,519.720000,17.482000
label,MET5,TEXT,506.005000,170.049000,533.435000,173.335000,27.430000,3.286000,519.720000,171.692000
label,MET5,TEXT,506.148000,148.029000,533.292000,151.315000,27.144000,3.286000,519.720000,149.672000
label,METTPL,TEXT,505.541000,38.909000,533.399000,42.195000,27.858000,3.286000,519.470000,40.552000
label,METTPL,TEXT,505.898000,148.029000,533.042000,151.315000,27.144000,3.286000,519.470000,149.672000
label,MET4,TEXT,589.291000,38.909000,617.149000,42.195000,27.858000,3.286000,603.220000,40.552000
label,MET4,TEXT,589.505000,15.839000,616.935000,19.125000,27.430000,3.286000,603.220000,17.482000
label,MET4,TEXT,589.505000,170.049000,616.935000,173.335000,27.430000,3.286000,603.220000,171.692000
label,MET4,TEXT,589.648000,148.029000,616.792000,151.315000,27.144000,3.286000,603.220000,149.672000
label,MET5,TEXT,589.291000,38.909000,617.149000,42.195000,27.858000,3.286000,603.220000,40.552000
label,MET5,TEXT,589.505000,15.839000,616.935000,19.125000,27.430000,3.286000,603.220000,17.482000
label,MET5,TEXT,589.505000,170.049000,616.935000,173.335000,27.430000,3.286000,603.220000,171.692000
label,MET5,TEXT,589.648000,148.029000,616.792000,151.315000,27.144000,3.286000,603.220000,149.672000
label,METTPL,TEXT,589.541000,38.909000,617.399000,42.195000,27.858000,3.286000,603.470000,40.552000
label,METTPL,TEXT,589.898000,148.029000,617.042000,151.315000,27.144000,3.286000,603.470000,149.672000
label,METTPL,TEXT,505.755000,15.594000,533.185000,18.880000,27.430000,3.286000,519.470000,17.237000
label,METTPL,TEXT,589.755000,15.594000,617.185000,18.880000,27.430000,3.286000,603.470000,17.237000
label,METTPL,TEXT,505.755000,170.299000,533.185000,173.585000,27.430000,3.286000,519.470000,171.942000
label,METTPL,TEXT,589.755000,170.299000,617.185000,173.585000,27.430000,3.286000,603.470000,171.942000
label,METTPL,pin,683.505000,170.649000,710.935000,173.935000,27.430000,3.286000,697.220000,172.292000
label,METTPL,pin,592.291000,170.649000,635.149000,173.935000,42.858000,3.286000,613.720000,172.292000
label,METTPL,pin,668.076000,15.469000,726.364000,18.755000,58.288000,3.286000,697.220000,17.112000
label,METTPL,pin,576.862000,15.469000,650.578000,18.755000,73.716000,3.286000,613.720000,17.112000
label,MET5,pin,637.219000,170.399000,757.221000,173.685000,120.002000,3.286000,697.220000,172.042000
label,MET5,pin,629.505000,15.839000,764.935000,19.125000,135.430000,3.286000,697.220000,17.482000
label,MET4,pin,621.791000,170.399000,772.649000,173.685000,150.858000,3.286000,697.220000,172.042000
label,MET4,pin,614.076000,15.839000,780.364000,19.125000,166.288000,3.286000,697.220000,17.482000
label,MET5,pin,484.291000,170.399000,743.149000,173.685000,258.858000,3.286000,613.720000,172.042000
label,MET5,pin,476.576000,15.839000,750.864000,19.125000,274.288000,3.286000,613.720000,17.482000
label,MET4,pin,468.862000,170.399000,758.578000,173.685000,289.716000,3.286000,613.720000,172.042000
label,MET4,pin,461.148000,15.839000,766.292000,19.125000,305.144000,3.286000,613.720000,17.482000
label,MET4,TEXT,599.791000,38.909000,627.649000,42.195000,27.858000,3.286000,613.720000,40.552000
label,MET4,TEXT,600.005000,15.839000,627.435000,19.125000,27.430000,3.286000,613.720000,17.482000
label,MET4,TEXT,600.005000,170.049000,627.435000,173.335000,27.430000,3.286000,613.720000,171.692000
label,MET4,TEXT,600.148000,148.029000,627.292000,151.315000,27.144000,3.286000,613.720000,149.672000
label,MET5,TEXT,599.791000,38.909000,627.649000,42.195000,27.858000,3.286000,613.720000,40.552000
label,MET5,TEXT,600.005000,15.839000,627.435000,19.125000,27.430000,3.286000,613.720000,17.482000
label,MET5,TEXT,600.005000,170.049000,627.435000,173.335000,27.430000,3.286000,613.720000,171.692000
label,MET5,TEXT,600.148000,148.029000,627.292000,151.315000,27.144000,3.286000,613.720000,149.672000
label,METTPL,TEXT,599.541000,38.909000,627.399000,42.195000,27.858000,3.286000,613.470000,40.552000
label,METTPL,TEXT,599.898000,148.029000,627.042000,151.315000,27.144000,3.286000,613.470000,149.672000
label,MET4,TEXT,683.291000,38.909000,711.149000,42.195000,27.858000,3.286000,697.220000,40.552000
label,MET4,TEXT,683.505000,15.839000,710.935000,19.125000,27.430000,3.286000,697.220000,17.482000
label,MET4,TEXT,683.505000,170.049000,710.935000,173.335000,27.430000,3.286000,697.220000,171.692000
label,MET4,TEXT,683.648000,148.029000,710.792000,151.315000,27.144000,3.286000,697.220000,149.672000
label,MET5,TEXT,683.291000,38.909000,711.149000,42.195000,27.858000,3.286000,697.220000,40.552000
label,MET5,TEXT,683.505000,15.839000,710.935000,19.125000,27.430000,3.286000,697.220000,17.482000
label,MET5,TEXT,683.505000,170.049000,710.935000,173.335000,27.430000,3.286000,697.220000,171.692000
label,MET5,TEXT,683.648000,148.029000,710.792000,151.315000,27.144000,3.286000,697.220000,149.672000
label,METTPL,TEXT,683.541000,38.909000,711.399000,42.195000,27.858000,3.286000,697.470000,40.552000
label,METTPL,TEXT,683.898000,148.029000,711.042000,151.315000,27.144000,3.286000,697.470000,149.672000
label,METTPL,TEXT,599.755000,15.594000,627.185000,18.880000,27.430000,3.286000,613.470000,17.237000
label,METTPL,TEXT,683.755000,15.594000,711.185000,18.880000,27.430000,3.286000,697.470000,17.237000
label,METTPL,TEXT,599.755000,170.299000,627.185000,173.585000,27.430000,3.286000,613.470000,171.942000
label,METTPL,TEXT,683.755000,170.299000,711.185000,173.585000,27.430000,3.286000,697.470000,171.942000
label,METTPL,TEXT,689.112000,38.909000,726.828000,42.195000,37.716000,3.286000,707.970000,40.552000
label,METTPL,TEXT,690.765000,170.039000,725.195000,173.325000,34.430000,3.286000,707.980000,171.682000
label,MET5,TEXT,689.112000,37.909000,726.828000,41.195000,37.716000,3.286000,707.970000,39.552000
label,METTPL,TEXT,689.469000,148.229000,726.471000,151.515000,37.002000,3.286000,707.970000,149.872000
label,MET5,TEXT,690.755000,15.819000,725.185000,19.105000,34.430000,3.286000,707.970000,17.462000
label,MET4,TEXT,690.755000,170.039000,725.185000,173.325000,34.430000,3.286000,707.970000,171.682000
label,MET4,TEXT,690.755000,15.819000,725.185000,19.105000,34.430000,3.286000,707.970000,17.462000
label,METTPL,TEXT,690.765000,15.279000,725.195000,18.565000,34.430000,3.286000,707.980000,16.922000
label,MET4,TEXT,689.469000,148.029000,726.471000,151.315000,37.002000,3.286000,707.970000,149.672000
label,MET5,TEXT,689.469000,148.029000,726.471000,151.315000,37.002000,3.286000,707.970000,149.672000
label,METTPL,TEXT,783.745000,15.279000,818.175000,18.565000,34.430000,3.286000,800.960000,16.922000
label,MET5,TEXT,783.755000,15.819000,818.185000,19.105000,34.430000,3.286000,800.970000,17.462000
label,MET4,TEXT,783.755000,15.819000,818.185000,19.105000,34.430000,3.286000,800.970000,17.462000
label,MET4,TEXT,689.112000,37.909000,726.828000,41.195000,37.716000,3.286000,707.970000,39.552000
label,MET5,TEXT,690.755000,170.039000,725.185000,173.325000,34.430000,3.286000,707.970000,171.682000
label,MET4,TEXT,782.112000,37.909000,819.828000,41.195000,37.716000,3.286000,800.970000,39.552000
label,MET5,TEXT,782.112000,37.909000,819.828000,41.195000,37.716000,3.286000,800.970000,39.552000
label,METTPL,TEXT,782.112000,38.909000,819.828000,42.195000,37.716000,3.286000,800.970000,40.552000
label,MET4,TEXT,782.469000,148.029000,819.471000,151.315000,37.002000,3.286000,800.970000,149.672000
label,MET5,TEXT,782.469000,148.029000,819.471000,151.315000,37.002000,3.286000,800.970000,149.672000
label,METTPL,TEXT,782.469000,148.229000,819.471000,151.515000,37.002000,3.286000,800.970000,149.872000
label,MET4,TEXT,783.755000,170.039000,818.185000,173.325000,34.430000,3.286000,800.970000,171.682000
label,MET5,TEXT,783.755000,170.039000,818.185000,173.325000,34.430000,3.286000,800.970000,171.682000
label,METTPL,TEXT,783.745000,170.039000,818.175000,173.325000,34.430000,3.286000,800.960000,171.682000
label,METTPL,pin,881.648000,170.649000,908.792000,173.935000,27.144000,3.286000,895.220000,172.292000
label,METTPL,pin,790.434000,170.649000,833.006000,173.935000,42.572000,3.286000,811.720000,172.292000
label,METTPL,pin,866.219000,15.469000,924.221000,18.755000,58.002000,3.286000,895.220000,17.112000
label,METTPL,pin,775.005000,15.469000,848.435000,18.755000,73.430000,3.286000,811.720000,17.112000
label,MET5,pin,835.362000,170.399000,955.078000,173.685000,119.716000,3.286000,895.220000,172.042000
label,MET5,pin,827.648000,15.839000,962.792000,19.125000,135.144000,3.286000,895.220000,17.482000
label,MET4,pin,819.934000,170.399000,970.506000,173.685000,150.572000,3.286000,895.220000,172.042000
label,MET4,pin,812.219000,15.839000,978.221000,19.125000,166.002000,3.286000,895.220000,17.482000
label,MET5,pin,682.434000,170.399000,941.006000,173.685000,258.572000,3.286000,811.720000,172.042000
label,MET5,pin,674.719000,15.839000,948.721000,19.125000,274.002000,3.286000,811.720000,17.482000
label,MET4,pin,667.005000,170.399000,956.435000,173.685000,289.430000,3.286000,811.720000,172.042000
label,MET4,pin,659.291000,15.839000,964.149000,19.125000,304.858000,3.286000,811.720000,17.482000
label,MET4,TEXT,797.934000,38.909000,825.506000,42.195000,27.572000,3.286000,811.720000,40.552000
label,MET4,TEXT,798.148000,15.839000,825.292000,19.125000,27.144000,3.286000,811.720000,17.482000
label,MET4,TEXT,798.148000,170.049000,825.292000,173.335000,27.144000,3.286000,811.720000,171.692000
label,MET4,TEXT,798.291000,148.029000,825.149000,151.315000,26.858000,3.286000,811.720000,149.672000
label,MET5,TEXT,797.934000,38.909000,825.506000,42.195000,27.572000,3.286000,811.720000,40.552000
label,MET5,TEXT,798.148000,15.839000,825.292000,19.125000,27.144000,3.286000,811.720000,17.482000
label,MET5,TEXT,798.148000,170.049000,825.292000,173.335000,27.144000,3.286000,811.720000,171.692000
label,MET5,TEXT,798.291000,148.029000,825.149000,151.315000,26.858000,3.286000,811.720000,149.672000
label,METTPL,TEXT,797.684000,38.909000,825.256000,42.195000,27.572000,3.286000,811.470000,40.552000
label,METTPL,TEXT,798.041000,148.029000,824.899000,151.315000,26.858000,3.286000,811.470000,149.672000
label,MET4,TEXT,881.434000,38.909000,909.006000,42.195000,27.572000,3.286000,895.220000,40.552000
label,MET4,TEXT,881.648000,15.839000,908.792000,19.125000,27.144000,3.286000,895.220000,17.482000
label,MET4,TEXT,881.648000,170.049000,908.792000,173.335000,27.144000,3.286000,895.220000,171.692000
label,MET4,TEXT,881.791000,148.029000,908.649000,151.315000,26.858000,3.286000,895.220000,149.672000
label,MET5,TEXT,881.434000,38.909000,909.006000,42.195000,27.572000,3.286000,895.220000,40.552000
label,MET5,TEXT,881.648000,15.839000,908.792000,19.125000,27.144000,3.286000,895.220000,17.482000
label,MET5,TEXT,881.648000,170.049000,908.792000,173.335000,27.144000,3.286000,895.220000,171.692000
label,MET5,TEXT,881.791000,148.029000,908.649000,151.315000,26.858000,3.286000,895.220000,149.672000
label,METTPL,TEXT,881.684000,38.909000,909.256000,42.195000,27.572000,3.286000,895.470000,40.552000
label,METTPL,TEXT,882.041000,148.029000,908.899000,151.315000,26.858000,3.286000,895.470000,149.672000
label,METTPL,TEXT,797.898000,15.594000,825.042000,18.880000,27.144000,3.286000,811.470000,17.237000
label,METTPL,TEXT,881.898000,15.594000,909.042000,18.880000,27.144000,3.286000,895.470000,17.237000
label,METTPL,TEXT,797.898000,170.299000,825.042000,173.585000,27.144000,3.286000,811.470000,171.942000
label,METTPL,TEXT,881.898000,170.299000,909.042000,173.585000,27.144000,3.286000,895.470000,171.942000
label,METTPL,pin,975.648000,170.649000,1002.792000,173.935000,27.144000,3.286000,989.220000,172.292000
label,METTPL,pin,884.434000,170.649000,927.006000,173.935000,42.572000,3.286000,905.720000,172.292000
label,METTPL,pin,960.219000,15.469000,1018.221000,18.755000,58.002000,3.286000,989.220000,17.112000
label,METTPL,pin,869.005000,15.469000,942.435000,18.755000,73.430000,3.286000,905.720000,17.112000
label,MET5,pin,929.362000,170.399000,1049.078000,173.685000,119.716000,3.286000,989.220000,172.042000
label,MET5,pin,921.648000,15.839000,1056.792000,19.125000,135.144000,3.286000,989.220000,17.482000
label,MET4,pin,913.934000,170.399000,1064.506000,173.685000,150.572000,3.286000,989.220000,172.042000
label,MET4,pin,906.219000,15.839000,1072.221000,19.125000,166.002000,3.286000,989.220000,17.482000
label,MET5,pin,776.434000,170.399000,1035.006000,173.685000,258.572000,3.286000,905.720000,172.042000
label,MET5,pin,768.719000,15.839000,1042.721000,19.125000,274.002000,3.286000,905.720000,17.482000
label,MET4,pin,761.005000,170.399000,1050.435000,173.685000,289.430000,3.286000,905.720000,172.042000
label,MET4,pin,753.291000,15.839000,1058.149000,19.125000,304.858000,3.286000,905.720000,17.482000
label,MET4,TEXT,891.934000,38.909000,919.506000,42.195000,27.572000,3.286000,905.720000,40.552000
label,MET4,TEXT,892.148000,15.839000,919.292000,19.125000,27.144000,3.286000,905.720000,17.482000
label,MET4,TEXT,892.148000,170.049000,919.292000,173.335000,27.144000,3.286000,905.720000,171.692000
label,MET4,TEXT,892.291000,148.029000,919.149000,151.315000,26.858000,3.286000,905.720000,149.672000
label,MET5,TEXT,891.934000,38.909000,919.506000,42.195000,27.572000,3.286000,905.720000,40.552000
label,MET5,TEXT,892.148000,15.839000,919.292000,19.125000,27.144000,3.286000,905.720000,17.482000
label,MET5,TEXT,892.148000,170.049000,919.292000,173.335000,27.144000,3.286000,905.720000,171.692000
label,MET5,TEXT,892.291000,148.029000,919.149000,151.315000,26.858000,3.286000,905.720000,149.672000
label,METTPL,TEXT,891.684000,38.909000,919.256000,42.195000,27.572000,3.286000,905.470000,40.552000
label,METTPL,TEXT,892.041000,148.029000,918.899000,151.315000,26.858000,3.286000,905.470000,149.672000
label,MET4,TEXT,975.434000,38.909000,1003.006000,42.195000,27.572000,3.286000,989.220000,40.552000
label,MET4,TEXT,975.648000,15.839000,1002.792000,19.125000,27.144000,3.286000,989.220000,17.482000
label,MET4,TEXT,975.648000,170.049000,1002.792000,173.335000,27.144000,3.286000,989.220000,171.692000
label,MET4,TEXT,975.791000,148.029000,1002.649000,151.315000,26.858000,3.286000,989.220000,149.672000
label,MET5,TEXT,975.434000,38.909000,1003.006000,42.195000,27.572000,3.286000,989.220000,40.552000
label,MET5,TEXT,975.648000,15.839000,1002.792000,19.125000,27.144000,3.286000,989.220000,17.482000
label,MET5,TEXT,975.648000,170.049000,1002.792000,173.335000,27.144000,3.286000,989.220000,171.692000
label,MET5,TEXT,975.791000,148.029000,1002.649000,151.315000,26.858000,3.286000,989.220000,149.672000
label,METTPL,TEXT,975.684000,38.909000,1003.256000,42.195000,27.572000,3.286000,989.470000,40.552000
label,METTPL,TEXT,976.041000,148.029000,1002.899000,151.315000,26.858000,3.286000,989.470000,149.672000
label,METTPL,TEXT,891.898000,15.594000,919.042000,18.880000,27.144000,3.286000,905.470000,17.237000
label,METTPL,TEXT,975.898000,15.594000,1003.042000,18.880000,27.144000,3.286000,989.470000,17.237000
label,METTPL,TEXT,891.898000,170.299000,919.042000,173.585000,27.144000,3.286000,905.470000,171.942000
label,METTPL,TEXT,975.898000,170.299000,1003.042000,173.585000,27.144000,3.286000,989.470000,171.942000
label,METTPL,pin,1069.648000,170.649000,1096.792000,173.935000,27.144000,3.286000,1083.220000,172.292000
label,METTPL,pin,978.434000,170.649000,1021.006000,173.935000,42.572000,3.286000,999.720000,172.292000
label,METTPL,pin,1054.219000,15.469000,1112.221000,18.755000,58.002000,3.286000,1083.220000,17.112000
label,METTPL,pin,963.005000,15.469000,1036.435000,18.755000,73.430000,3.286000,999.720000,17.112000
label,MET5,pin,1023.362000,170.399000,1143.078000,173.685000,119.716000,3.286000,1083.220000,172.042000
label,MET5,pin,1015.648000,15.839000,1150.792000,19.125000,135.144000,3.286000,1083.220000,17.482000
label,MET4,pin,1007.934000,170.399000,1158.506000,173.685000,150.572000,3.286000,1083.220000,172.042000
label,MET4,pin,1000.219000,15.839000,1166.221000,19.125000,166.002000,3.286000,1083.220000,17.482000
label,MET5,pin,870.434000,170.399000,1129.006000,173.685000,258.572000,3.286000,999.720000,172.042000
label,MET5,pin,862.719000,15.839000,1136.721000,19.125000,274.002000,3.286000,999.720000,17.482000
label,MET4,pin,855.005000,170.399000,1144.435000,173.685000,289.430000,3.286000,999.720000,172.042000
label,MET4,pin,847.291000,15.839000,1152.149000,19.125000,304.858000,3.286000,999.720000,17.482000
label,MET4,TEXT,985.934000,38.909000,1013.506000,42.195000,27.572000,3.286000,999.720000,40.552000
label,MET4,TEXT,986.148000,15.839000,1013.292000,19.125000,27.144000,3.286000,999.720000,17.482000
label,MET4,TEXT,986.148000,170.049000,1013.292000,173.335000,27.144000,3.286000,999.720000,171.692000
label,MET4,TEXT,986.291000,148.029000,1013.149000,151.315000,26.858000,3.286000,999.720000,149.672000
label,MET5,TEXT,985.934000,38.909000,1013.506000,42.195000,27.572000,3.286000,999.720000,40.552000
label,MET5,TEXT,986.148000,15.839000,1013.292000,19.125000,27.144000,3.286000,999.720000,17.482000
label,MET5,TEXT,986.148000,170.049000,1013.292000,173.335000,27.144000,3.286000,999.720000,171.692000
label,MET5,TEXT,986.291000,148.029000,1013.149000,151.315000,26.858000,3.286000,999.720000,149.672000
label,METTPL,TEXT,985.684000,38.909000,1013.256000,42.195000,27.572000,3.286000,999.470000,40.552000
label,METTPL,TEXT,986.041000,148.029000,1012.899000,151.315000,26.858000,3.286000,999.470000,149.672000
label,MET4,TEXT,1069.434000,38.909000,1097.006000,42.195000,27.572000,3.286000,1083.220000,40.552000
label,MET4,TEXT,1069.648000,15.839000,1096.792000,19.125000,27.144000,3.286000,1083.220000,17.482000
label,MET4,TEXT,1069.648000,170.049000,1096.792000,173.335000,27.144000,3.286000,1083.220000,171.692000
label,MET4,TEXT,1069.791000,148.029000,1096.649000,151.315000,26.858000,3.286000,1083.220000,149.672000
label,MET5,TEXT,1069.434000,38.909000,1097.006000,42.195000,27.572000,3.286000,1083.220000,40.552000
label,MET5,TEXT,1069.648000,15.839000,1096.792000,19.125000,27.144000,3.286000,1083.220000,17.482000
label,MET5,TEXT,1069.648000,170.049000,1096.792000,173.335000,27.144000,3.286000,1083.220000,171.692000
label,MET5,TEXT,1069.791000,148.029000,1096.649000,151.315000,26.858000,3.286000,1083.220000,149.672000
label,METTPL,TEXT,1069.684000,38.909000,1097.256000,42.195000,27.572000,3.286000,1083.470000,40.552000
label,METTPL,TEXT,1070.041000,148.029000,1096.899000,151.315000,26.858000,3.286000,1083.470000,149.672000
label,METTPL,TEXT,985.898000,15.594000,1013.042000,18.880000,27.144000,3.286000,999.470000,17.237000
label,METTPL,TEXT,1069.898000,15.594000,1097.042000,18.880000,27.144000,3.286000,1083.470000,17.237000
label,METTPL,TEXT,985.898000,170.299000,1013.042000,173.585000,27.144000,3.286000,999.470000,171.942000
label,METTPL,TEXT,1069.898000,170.299000,1097.042000,173.585000,27.144000,3.286000,1083.470000,171.942000
label,METTPL,pin,1163.648000,170.649000,1190.792000,173.935000,27.144000,3.286000,1177.220000,172.292000
label,METTPL,pin,1072.434000,170.649000,1115.006000,173.935000,42.572000,3.286000,1093.720000,172.292000
label,METTPL,pin,1148.219000,15.469000,1206.221000,18.755000,58.002000,3.286000,1177.220000,17.112000
label,METTPL,pin,1057.005000,15.469000,1130.435000,18.755000,73.430000,3.286000,1093.720000,17.112000
label,MET5,pin,1117.362000,170.399000,1237.078000,173.685000,119.716000,3.286000,1177.220000,172.042000
label,MET5,pin,1109.648000,15.839000,1244.792000,19.125000,135.144000,3.286000,1177.220000,17.482000
label,MET4,pin,1101.934000,170.399000,1252.506000,173.685000,150.572000,3.286000,1177.220000,172.042000
label,MET4,pin,1094.219000,15.839000,1260.221000,19.125000,166.002000,3.286000,1177.220000,17.482000
label,MET5,pin,964.434000,170.399000,1223.006000,173.685000,258.572000,3.286000,1093.720000,172.042000
label,MET5,pin,956.719000,15.839000,1230.721000,19.125000,274.002000,3.286000,1093.720000,17.482000
label,MET4,pin,949.005000,170.399000,1238.435000,173.685000,289.430000,3.286000,1093.720000,172.042000
label,MET4,pin,941.291000,15.839000,1246.149000,19.125000,304.858000,3.286000,1093.720000,17.482000
label,MET4,TEXT,1079.934000,38.909000,1107.506000,42.195000,27.572000,3.286000,1093.720000,40.552000
label,MET4,TEXT,1080.148000,15.839000,1107.292000,19.125000,27.144000,3.286000,1093.720000,17.482000
label,MET4,TEXT,1080.148000,170.049000,1107.292000,173.335000,27.144000,3.286000,1093.720000,171.692000
label,MET4,TEXT,1080.291000,148.029000,1107.149000,151.315000,26.858000,3.286000,1093.720000,149.672000
label,MET5,TEXT,1079.934000,38.909000,1107.506000,42.195000,27.572000,3.286000,1093.720000,40.552000
label,MET5,TEXT,1080.148000,15.839000,1107.292000,19.125000,27.144000,3.286000,1093.720000,17.482000
label,MET5,TEXT,1080.148000,170.049000,1107.292000,173.335000,27.144000,3.286000,1093.720000,171.692000
label,MET5,TEXT,1080.291000,148.029000,1107.149000,151.315000,26.858000,3.286000,1093.720000,149.672000
label,METTPL,TEXT,1079.684000,38.909000,1107.256000,42.195000,27.572000,3.286000,1093.470000,40.552000
label,METTPL,TEXT,1080.041000,148.029000,1106.899000,151.315000,26.858000,3.286000,1093.470000,149.672000
label,MET4,TEXT,1163.434000,38.909000,1191.006000,42.195000,27.572000,3.286000,1177.220000,40.552000
label,MET4,TEXT,1163.648000,15.839000,1190.792000,19.125000,27.144000,3.286000,1177.220000,17.482000
label,MET4,TEXT,1163.648000,170.049000,1190.792000,173.335000,27.144000,3.286000,1177.220000,171.692000
label,MET4,TEXT,1163.791000,148.029000,1190.649000,151.315000,26.858000,3.286000,1177.220000,149.672000
label,MET5,TEXT,1163.434000,38.909000,1191.006000,42.195000,27.572000,3.286000,1177.220000,40.552000
label,MET5,TEXT,1163.648000,15.839000,1190.792000,19.125000,27.144000,3.286000,1177.220000,17.482000
label,MET5,TEXT,1163.648000,170.049000,1190.792000,173.335000,27.144000,3.286000,1177.220000,171.692000
label,MET5,TEXT,1163.791000,148.029000,1190.649000,151.315000,26.858000,3.286000,1177.220000,149.672000
label,METTPL,TEXT,1163.684000,38.909000,1191.256000,42.195000,27.572000,3.286000,1177.470000,40.552000
label,METTPL,TEXT,1164.041000,148.029000,1190.899000,151.315000,26.858000,3.286000,1177.470000,149.672000
label,METTPL,TEXT,1079.898000,15.594000,1107.042000,18.880000,27.144000,3.286000,1093.470000,17.237000
label,METTPL,TEXT,1163.898000,15.594000,1191.042000,18.880000,27.144000,3.286000,1177.470000,17.237000
label,METTPL,TEXT,1079.898000,170.299000,1107.042000,173.585000,27.144000,3.286000,1093.470000,171.942000
label,METTPL,TEXT,1163.898000,170.299000,1191.042000,173.585000,27.144000,3.286000,1177.470000,171.942000
label,METTPL,pin,1257.362000,170.649000,1285.078000,173.935000,27.716000,3.286000,1271.220000,172.292000
label,METTPL,pin,1166.148000,170.649000,1209.292000,173.935000,43.144000,3.286000,1187.720000,172.292000
label,METTPL,pin,1241.934000,15.469000,1300.506000,18.755000,58.572000,3.286000,1271.220000,17.112000
label,METTPL,pin,1150.719000,15.469000,1224.721000,18.755000,74.002000,3.286000,1187.720000,17.112000
label,MET5,pin,1211.076000,170.399000,1331.364000,173.685000,120.288000,3.286000,1271.220000,172.042000
label,MET5,pin,1203.362000,15.839000,1339.078000,19.125000,135.716000,3.286000,1271.220000,17.482000
label,MET4,pin,1195.648000,170.399000,1346.792000,173.685000,151.144000,3.286000,1271.220000,172.042000
label,MET4,pin,1187.934000,15.839000,1354.506000,19.125000,166.572000,3.286000,1271.220000,17.482000
label,MET5,pin,1058.148000,170.399000,1317.292000,173.685000,259.144000,3.286000,1187.720000,172.042000
label,MET5,pin,1050.434000,15.839000,1325.006000,19.125000,274.572000,3.286000,1187.720000,17.482000
label,MET4,pin,1042.719000,170.399000,1332.721000,173.685000,290.002000,3.286000,1187.720000,172.042000
label,MET4,pin,1035.005000,15.839000,1340.435000,19.125000,305.430000,3.286000,1187.720000,17.482000
label,MET4,TEXT,1173.648000,38.909000,1201.792000,42.195000,28.144000,3.286000,1187.720000,40.552000
label,MET4,TEXT,1173.862000,15.839000,1201.578000,19.125000,27.716000,3.286000,1187.720000,17.482000
label,MET4,TEXT,1173.862000,170.049000,1201.578000,173.335000,27.716000,3.286000,1187.720000,171.692000
label,MET4,TEXT,1174.005000,148.029000,1201.435000,151.315000,27.430000,3.286000,1187.720000,149.672000
label,MET5,TEXT,1173.648000,38.909000,1201.792000,42.195000,28.144000,3.286000,1187.720000,40.552000
label,MET5,TEXT,1173.862000,15.839000,1201.578000,19.125000,27.716000,3.286000,1187.720000,17.482000
label,MET5,TEXT,1173.862000,170.049000,1201.578000,173.335000,27.716000,3.286000,1187.720000,171.692000
label,MET5,TEXT,1174.005000,148.029000,1201.435000,151.315000,27.430000,3.286000,1187.720000,149.672000
label,METTPL,TEXT,1173.398000,38.909000,1201.542000,42.195000,28.144000,3.286000,1187.470000,40.552000
label,METTPL,TEXT,1173.755000,148.029000,1201.185000,151.315000,27.430000,3.286000,1187.470000,149.672000
label,MET4,TEXT,1257.148000,38.909000,1285.292000,42.195000,28.144000,3.286000,1271.220000,40.552000
label,MET4,TEXT,1257.362000,15.839000,1285.078000,19.125000,27.716000,3.286000,1271.220000,17.482000
label,MET4,TEXT,1257.362000,170.049000,1285.078000,173.335000,27.716000,3.286000,1271.220000,171.692000
label,MET4,TEXT,1257.505000,148.029000,1284.935000,151.315000,27.430000,3.286000,1271.220000,149.672000
label,MET5,TEXT,1257.148000,38.909000,1285.292000,42.195000,28.144000,3.286000,1271.220000,40.552000
label,MET5,TEXT,1257.362000,15.839000,1285.078000,19.125000,27.716000,3.286000,1271.220000,17.482000
label,MET5,TEXT,1257.362000,170.049000,1285.078000,173.335000,27.716000,3.286000,1271.220000,171.692000
label,MET5,TEXT,1257.505000,148.029000,1284.935000,151.315000,27.430000,3.286000,1271.220000,149.672000
label,METTPL,TEXT,1257.398000,38.909000,1285.542000,42.195000,28.144000,3.286000,1271.470000,40.552000
label,METTPL,TEXT,1257.755000,148.029000,1285.185000,151.315000,27.430000,3.286000,1271.470000,149.672000
label,METTPL,TEXT,1173.612000,15.594000,1201.328000,18.880000,27.716000,3.286000,1187.470000,17.237000
label,METTPL,TEXT,1257.612000,15.594000,1285.328000,18.880000,27.716000,3.286000,1271.470000,17.237000
label,METTPL,TEXT,1173.612000,170.299000,1201.328000,173.585000,27.716000,3.286000,1187.470000,171.942000
label,METTPL,TEXT,1257.612000,170.299000,1285.328000,173.585000,27.716000,3.286000,1271.470000,171.942000
label,METTPL,pin,1351.362000,170.649000,1379.078000,173.935000,27.716000,3.286000,1365.220000,172.292000
label,METTPL,pin,1260.148000,170.649000,1303.292000,173.935000,43.144000,3.286000,1281.720000,172.292000
label,METTPL,pin,1335.934000,15.469000,1394.506000,18.755000,58.572000,3.286000,1365.220000,17.112000
label,METTPL,pin,1244.719000,15.469000,1318.721000,18.755000,74.002000,3.286000,1281.720000,17.112000
label,MET5,pin,1305.076000,170.399000,1425.364000,173.685000,120.288000,3.286000,1365.220000,172.042000
label,MET5,pin,1297.362000,15.839000,1433.078000,19.125000,135.716000,3.286000,1365.220000,17.482000
label,MET4,pin,1289.648000,170.399000,1440.792000,173.685000,151.144000,3.286000,1365.220000,172.042000
label,MET4,pin,1281.934000,15.839000,1448.506000,19.125000,166.572000,3.286000,1365.220000,17.482000
label,MET5,pin,1152.148000,170.399000,1411.292000,173.685000,259.144000,3.286000,1281.720000,172.042000
label,MET5,pin,1144.434000,15.839000,1419.006000,19.125000,274.572000,3.286000,1281.720000,17.482000
label,MET4,pin,1136.719000,170.399000,1426.721000,173.685000,290.002000,3.286000,1281.720000,172.042000
label,MET4,pin,1129.005000,15.839000,1434.435000,19.125000,305.430000,3.286000,1281.720000,17.482000
label,MET4,TEXT,1267.648000,38.909000,1295.792000,42.195000,28.144000,3.286000,1281.720000,40.552000
label,MET4,TEXT,1267.862000,15.839000,1295.578000,19.125000,27.716000,3.286000,1281.720000,17.482000
label,MET4,TEXT,1267.862000,170.049000,1295.578000,173.335000,27.716000,3.286000,1281.720000,171.692000
label,MET4,TEXT,1268.005000,148.029000,1295.435000,151.315000,27.430000,3.286000,1281.720000,149.672000
label,MET5,TEXT,1267.648000,38.909000,1295.792000,42.195000,28.144000,3.286000,1281.720000,40.552000
label,MET5,TEXT,1267.862000,15.839000,1295.578000,19.125000,27.716000,3.286000,1281.720000,17.482000
label,MET5,TEXT,1267.862000,170.049000,1295.578000,173.335000,27.716000,3.286000,1281.720000,171.692000
label,MET5,TEXT,1268.005000,148.029000,1295.435000,151.315000,27.430000,3.286000,1281.720000,149.672000
label,METTPL,TEXT,1267.398000,38.909000,1295.542000,42.195000,28.144000,3.286000,1281.470000,40.552000
label,METTPL,TEXT,1267.755000,148.029000,1295.185000,151.315000,27.430000,3.286000,1281.470000,149.672000
label,MET4,TEXT,1351.148000,38.909000,1379.292000,42.195000,28.144000,3.286000,1365.220000,40.552000
label,MET4,TEXT,1351.362000,15.839000,1379.078000,19.125000,27.716000,3.286000,1365.220000,17.482000
label,MET4,TEXT,1351.362000,170.049000,1379.078000,173.335000,27.716000,3.286000,1365.220000,171.692000
label,MET4,TEXT,1351.505000,148.029000,1378.935000,151.315000,27.430000,3.286000,1365.220000,149.672000
label,MET5,TEXT,1351.148000,38.909000,1379.292000,42.195000,28.144000,3.286000,1365.220000,40.552000
label,MET5,TEXT,1351.362000,15.839000,1379.078000,19.125000,27.716000,3.286000,1365.220000,17.482000
label,MET5,TEXT,1351.362000,170.049000,1379.078000,173.335000,27.716000,3.286000,1365.220000,171.692000
label,MET5,TEXT,1351.505000,148.029000,1378.935000,151.315000,27.430000,3.286000,1365.220000,149.672000
label,METTPL,TEXT,1351.398000,38.909000,1379.542000,42.195000,28.144000,3.286000,1365.470000,40.552000
label,METTPL,TEXT,1351.755000,148.029000,1379.185000,151.315000,27.430000,3.286000,1365.470000,149.672000
label,METTPL,TEXT,1267.612000,15.594000,1295.328000,18.880000,27.716000,3.286000,1281.470000,17.237000
label,METTPL,TEXT,1351.612000,15.594000,1379.328000,18.880000,27.716000,3.286000,1365.470000,17.237000
label,METTPL,TEXT,1267.612000,170.299000,1295.328000,173.585000,27.716000,3.286000,1281.470000,171.942000
label,METTPL,TEXT,1351.612000,170.299000,1379.328000,173.585000,27.716000,3.286000,1365.470000,171.942000
label,METTPL,pin,1445.362000,170.649000,1473.078000,173.935000,27.716000,3.286000,1459.220000,172.292000
label,METTPL,pin,1354.148000,170.649000,1397.292000,173.935000,43.144000,3.286000,1375.720000,172.292000
label,METTPL,pin,1429.934000,15.469000,1488.506000,18.755000,58.572000,3.286000,1459.220000,17.112000
label,METTPL,pin,1338.719000,15.469000,1412.721000,18.755000,74.002000,3.286000,1375.720000,17.112000
label,MET5,pin,1399.076000,170.399000,1519.364000,173.685000,120.288000,3.286000,1459.220000,172.042000
label,MET5,pin,1391.362000,15.839000,1527.078000,19.125000,135.716000,3.286000,1459.220000,17.482000
label,MET4,pin,1383.648000,170.399000,1534.792000,173.685000,151.144000,3.286000,1459.220000,172.042000
label,MET4,pin,1375.934000,15.839000,1542.506000,19.125000,166.572000,3.286000,1459.220000,17.482000
label,MET5,pin,1246.148000,170.399000,1505.292000,173.685000,259.144000,3.286000,1375.720000,172.042000
label,MET5,pin,1238.434000,15.839000,1513.006000,19.125000,274.572000,3.286000,1375.720000,17.482000
label,MET4,pin,1230.719000,170.399000,1520.721000,173.685000,290.002000,3.286000,1375.720000,172.042000
label,MET4,pin,1223.005000,15.839000,1528.435000,19.125000,305.430000,3.286000,1375.720000,17.482000
label,MET4,TEXT,1361.648000,38.909000,1389.792000,42.195000,28.144000,3.286000,1375.720000,40.552000
label,MET4,TEXT,1361.862000,15.839000,1389.578000,19.125000,27.716000,3.286000,1375.720000,17.482000
label,MET4,TEXT,1361.862000,170.049000,1389.578000,173.335000,27.716000,3.286000,1375.720000,171.692000
label,MET4,TEXT,1362.005000,148.029000,1389.435000,151.315000,27.430000,3.286000,1375.720000,149.672000
label,MET5,TEXT,1361.648000,38.909000,1389.792000,42.195000,28.144000,3.286000,1375.720000,40.552000
label,MET5,TEXT,1361.862000,15.839000,1389.578000,19.125000,27.716000,3.286000,1375.720000,17.482000
label,MET5,TEXT,1361.862000,170.049000,1389.578000,173.335000,27.716000,3.286000,1375.720000,171.692000
label,MET5,TEXT,1362.005000,148.029000,1389.435000,151.315000,27.430000,3.286000,1375.720000,149.672000
label,METTPL,TEXT,1361.398000,38.909000,1389.542000,42.195000,28.144000,3.286000,1375.470000,40.552000
label,METTPL,TEXT,1361.755000,148.029000,1389.185000,151.315000,27.430000,3.286000,1375.470000,149.672000
label,MET4,TEXT,1445.148000,38.909000,1473.292000,42.195000,28.144000,3.286000,1459.220000,40.552000
label,MET4,TEXT,1445.362000,15.839000,1473.078000,19.125000,27.716000,3.286000,1459.220000,17.482000
label,MET4,TEXT,1445.362000,170.049000,1473.078000,173.335000,27.716000,3.286000,1459.220000,171.692000
label,MET4,TEXT,1445.505000,148.029000,1472.935000,151.315000,27.430000,3.286000,1459.220000,149.672000
label,MET5,TEXT,1445.148000,38.909000,1473.292000,42.195000,28.144000,3.286000,1459.220000,40.552000
label,MET5,TEXT,1445.362000,15.839000,1473.078000,19.125000,27.716000,3.286000,1459.220000,17.482000
label,MET5,TEXT,1445.362000,170.049000,1473.078000,173.335000,27.716000,3.286000,1459.220000,171.692000
label,MET5,TEXT,1445.505000,148.029000,1472.935000,151.315000,27.430000,3.286000,1459.220000,149.672000
label,METTPL,TEXT,1445.398000,38.909000,1473.542000,42.195000,28.144000,3.286000,1459.470000,40.552000
label,METTPL,TEXT,1445.755000,148.029000,1473.185000,151.315000,27.430000,3.286000,1459.470000,149.672000
label,METTPL,TEXT,1361.612000,15.594000,1389.328000,18.880000,27.716000,3.286000,1375.470000,17.237000
label,METTPL,TEXT,1445.612000,15.594000,1473.328000,18.880000,27.716000,3.286000,1459.470000,17.237000
label,METTPL,TEXT,1361.612000,170.299000,1389.328000,173.585000,27.716000,3.286000,1375.470000,171.942000
label,METTPL,TEXT,1445.612000,170.299000,1473.328000,173.585000,27.716000,3.286000,1459.470000,171.942000
label,METTPL,pin,1539.362000,170.649000,1567.078000,173.935000,27.716000,3.286000,1553.220000,172.292000
label,METTPL,pin,1448.148000,170.649000,1491.292000,173.935000,43.144000,3.286000,1469.720000,172.292000
label,METTPL,pin,1523.934000,15.469000,1582.506000,18.755000,58.572000,3.286000,1553.220000,17.112000
label,METTPL,pin,1432.719000,15.469000,1506.721000,18.755000,74.002000,3.286000,1469.720000,17.112000
label,MET5,pin,1493.076000,170.399000,1613.364000,173.685000,120.288000,3.286000,1553.220000,172.042000
label,MET5,pin,1485.362000,15.839000,1621.078000,19.125000,135.716000,3.286000,1553.220000,17.482000
label,MET4,pin,1477.648000,170.399000,1628.792000,173.685000,151.144000,3.286000,1553.220000,172.042000
label,MET4,pin,1469.934000,15.839000,1636.506000,19.125000,166.572000,3.286000,1553.220000,17.482000
label,MET5,pin,1340.148000,170.399000,1599.292000,173.685000,259.144000,3.286000,1469.720000,172.042000
label,MET5,pin,1332.434000,15.839000,1607.006000,19.125000,274.572000,3.286000,1469.720000,17.482000
label,MET4,pin,1324.719000,170.399000,1614.721000,173.685000,290.002000,3.286000,1469.720000,172.042000
label,MET4,pin,1317.005000,15.839000,1622.435000,19.125000,305.430000,3.286000,1469.720000,17.482000
label,MET4,TEXT,1455.648000,38.909000,1483.792000,42.195000,28.144000,3.286000,1469.720000,40.552000
label,MET4,TEXT,1455.862000,15.839000,1483.578000,19.125000,27.716000,3.286000,1469.720000,17.482000
label,MET4,TEXT,1455.862000,170.049000,1483.578000,173.335000,27.716000,3.286000,1469.720000,171.692000
label,MET4,TEXT,1456.005000,148.029000,1483.435000,151.315000,27.430000,3.286000,1469.720000,149.672000
label,MET5,TEXT,1455.648000,38.909000,1483.792000,42.195000,28.144000,3.286000,1469.720000,40.552000
label,MET5,TEXT,1455.862000,15.839000,1483.578000,19.125000,27.716000,3.286000,1469.720000,17.482000
label,MET5,TEXT,1455.862000,170.049000,1483.578000,173.335000,27.716000,3.286000,1469.720000,171.692000
label,MET5,TEXT,1456.005000,148.029000,1483.435000,151.315000,27.430000,3.286000,1469.720000,149.672000
label,METTPL,TEXT,1455.398000,38.909000,1483.542000,42.195000,28.144000,3.286000,1469.470000,40.552000
label,METTPL,TEXT,1455.755000,148.029000,1483.185000,151.315000,27.430000,3.286000,1469.470000,149.672000
label,MET4,TEXT,1539.148000,38.909000,1567.292000,42.195000,28.144000,3.286000,1553.220000,40.552000
label,MET4,TEXT,1539.362000,15.839000,1567.078000,19.125000,27.716000,3.286000,1553.220000,17.482000
label,MET4,TEXT,1539.362000,170.049000,1567.078000,173.335000,27.716000,3.286000,1553.220000,171.692000
label,MET4,TEXT,1539.505000,148.029000,1566.935000,151.315000,27.430000,3.286000,1553.220000,149.672000
label,MET5,TEXT,1539.148000,38.909000,1567.292000,42.195000,28.144000,3.286000,1553.220000,40.552000
label,MET5,TEXT,1539.362000,15.839000,1567.078000,19.125000,27.716000,3.286000,1553.220000,17.482000
label,MET5,TEXT,1539.362000,170.049000,1567.078000,173.335000,27.716000,3.286000,1553.220000,171.692000
label,MET5,TEXT,1539.505000,148.029000,1566.935000,151.315000,27.430000,3.286000,1553.220000,149.672000
label,METTPL,TEXT,1539.398000,38.909000,1567.542000,42.195000,28.144000,3.286000,1553.470000,40.552000
label,METTPL,TEXT,1539.755000,148.029000,1567.185000,151.315000,27.430000,3.286000,1553.470000,149.672000
label,METTPL,TEXT,1455.612000,15.594000,1483.328000,18.880000,27.716000,3.286000,1469.470000,17.237000
label,METTPL,TEXT,1539.612000,15.594000,1567.328000,18.880000,27.716000,3.286000,1553.470000,17.237000
label,METTPL,TEXT,1455.612000,170.299000,1483.328000,173.585000,27.716000,3.286000,1469.470000,171.942000
label,METTPL,TEXT,1539.612000,170.299000,1567.328000,173.585000,27.716000,3.286000,1553.470000,171.942000
label,METTPL,pin,1632.219000,170.649000,1662.221000,173.935000,30.002000,3.286000,1647.220000,172.292000
label,METTPL,pin,1541.005000,170.649000,1586.435000,173.935000,45.430000,3.286000,1563.720000,172.292000
label,METTPL,pin,1616.791000,15.469000,1677.649000,18.755000,60.858000,3.286000,1647.220000,17.112000
label,METTPL,pin,1525.576000,15.469000,1601.864000,18.755000,76.288000,3.286000,1563.720000,17.112000
label,MET5,pin,1585.934000,170.399000,1708.506000,173.685000,122.572000,3.286000,1647.220000,172.042000
label,MET5,pin,1578.219000,15.839000,1716.221000,19.125000,138.002000,3.286000,1647.220000,17.482000
label,MET4,pin,1570.505000,170.399000,1723.935000,173.685000,153.430000,3.286000,1647.220000,172.042000
label,MET4,pin,1562.791000,15.839000,1731.649000,19.125000,168.858000,3.286000,1647.220000,17.482000
label,MET5,pin,1433.005000,170.399000,1694.435000,173.685000,261.430000,3.286000,1563.720000,172.042000
label,MET5,pin,1425.291000,15.839000,1702.149000,19.125000,276.858000,3.286000,1563.720000,17.482000
label,MET4,pin,1417.576000,170.399000,1709.864000,173.685000,292.288000,3.286000,1563.720000,172.042000
label,MET4,pin,1409.862000,15.839000,1717.578000,19.125000,307.716000,3.286000,1563.720000,17.482000
label,MET4,TEXT,1548.505000,38.909000,1578.935000,42.195000,30.430000,3.286000,1563.720000,40.552000
label,MET4,TEXT,1548.719000,15.839000,1578.721000,19.125000,30.002000,3.286000,1563.720000,17.482000
label,MET4,TEXT,1548.719000,170.049000,1578.721000,173.335000,30.002000,3.286000,1563.720000,171.692000
label,MET4,TEXT,1548.862000,148.029000,1578.578000,151.315000,29.716000,3.286000,1563.720000,149.672000
label,MET5,TEXT,1548.505000,38.909000,1578.935000,42.195000,30.430000,3.286000,1563.720000,40.552000
label,MET5,TEXT,1548.719000,15.839000,1578.721000,19.125000,30.002000,3.286000,1563.720000,17.482000
label,MET5,TEXT,1548.719000,170.049000,1578.721000,173.335000,30.002000,3.286000,1563.720000,171.692000
label,MET5,TEXT,1548.862000,148.029000,1578.578000,151.315000,29.716000,3.286000,1563.720000,149.672000
label,METTPL,TEXT,1548.255000,38.909000,1578.685000,42.195000,30.430000,3.286000,1563.470000,40.552000
label,METTPL,TEXT,1548.612000,148.029000,1578.328000,151.315000,29.716000,3.286000,1563.470000,149.672000
label,MET4,TEXT,1632.005000,38.909000,1662.435000,42.195000,30.430000,3.286000,1647.220000,40.552000
label,MET4,TEXT,1632.219000,15.839000,1662.221000,19.125000,30.002000,3.286000,1647.220000,17.482000
label,MET4,TEXT,1632.219000,170.049000,1662.221000,173.335000,30.002000,3.286000,1647.220000,171.692000
label,MET4,TEXT,1632.362000,148.029000,1662.078000,151.315000,29.716000,3.286000,1647.220000,149.672000
label,MET5,TEXT,1632.005000,38.909000,1662.435000,42.195000,30.430000,3.286000,1647.220000,40.552000
label,MET5,TEXT,1632.219000,15.839000,1662.221000,19.125000,30.002000,3.286000,1647.220000,17.482000
label,MET5,TEXT,1632.219000,170.049000,1662.221000,173.335000,30.002000,3.286000,1647.220000,171.692000
label,MET5,TEXT,1632.362000,148.029000,1662.078000,151.315000,29.716000,3.286000,1647.220000,149.672000
label,METTPL,TEXT,1632.255000,38.909000,1662.685000,42.195000,30.430000,3.286000,1647.470000,40.552000
label,METTPL,TEXT,1632.612000,148.029000,1662.328000,151.315000,29.716000,3.286000,1647.470000,149.672000
label,METTPL,TEXT,1548.469000,15.594000,1578.471000,18.880000,30.002000,3.286000,1563.470000,17.237000
label,METTPL,TEXT,1632.469000,15.594000,1662.471000,18.880000,30.002000,3.286000,1647.470000,17.237000
label,METTPL,TEXT,1548.469000,170.299000,1578.471000,173.585000,30.002000,3.286000,1563.470000,171.942000
label,METTPL,TEXT,1632.469000,170.299000,1662.471000,173.585000,30.002000,3.286000,1647.470000,171.942000
label,METTPL,pin,1729.076000,170.649000,1753.364000,173.935000,24.288000,3.286000,1741.220000,172.292000
label,METTPL,pin,1637.862000,170.649000,1677.578000,173.935000,39.716000,3.286000,1657.720000,172.292000
label,METTPL,pin,1713.648000,15.469000,1768.792000,18.755000,55.144000,3.286000,1741.220000,17.112000
label,METTPL,pin,1622.434000,15.469000,1693.006000,18.755000,70.572000,3.286000,1657.720000,17.112000
label,MET5,pin,1682.791000,170.399000,1799.649000,173.685000,116.858000,3.286000,1741.220000,172.042000
label,MET5,pin,1675.076000,15.839000,1807.364000,19.125000,132.288000,3.286000,1741.220000,17.482000
label,MET4,pin,1667.362000,170.399000,1815.078000,173.685000,147.716000,3.286000,1741.220000,172.042000
label,MET4,pin,1659.648000,15.839000,1822.792000,19.125000,163.144000,3.286000,1741.220000,17.482000
label,MET5,pin,1529.862000,170.399000,1785.578000,173.685000,255.716000,3.286000,1657.720000,172.042000
label,MET5,pin,1522.148000,15.839000,1793.292000,19.125000,271.144000,3.286000,1657.720000,17.482000
label,MET4,pin,1514.434000,170.399000,1801.006000,173.685000,286.572000,3.286000,1657.720000,172.042000
label,MET4,pin,1506.719000,15.839000,1808.721000,19.125000,302.002000,3.286000,1657.720000,17.482000
label,MET4,TEXT,1645.362000,38.909000,1670.078000,42.195000,24.716000,3.286000,1657.720000,40.552000
label,MET4,TEXT,1645.576000,15.839000,1669.864000,19.125000,24.288000,3.286000,1657.720000,17.482000
label,MET4,TEXT,1645.576000,170.049000,1669.864000,173.335000,24.288000,3.286000,1657.720000,171.692000
label,MET4,TEXT,1645.719000,148.029000,1669.721000,151.315000,24.002000,3.286000,1657.720000,149.672000
label,MET5,TEXT,1645.362000,38.909000,1670.078000,42.195000,24.716000,3.286000,1657.720000,40.552000
label,MET5,TEXT,1645.576000,15.839000,1669.864000,19.125000,24.288000,3.286000,1657.720000,17.482000
label,MET5,TEXT,1645.576000,170.049000,1669.864000,173.335000,24.288000,3.286000,1657.720000,171.692000
label,MET5,TEXT,1645.719000,148.029000,1669.721000,151.315000,24.002000,3.286000,1657.720000,149.672000
label,METTPL,TEXT,1645.112000,38.909000,1669.828000,42.195000,24.716000,3.286000,1657.470000,40.552000
label,METTPL,TEXT,1645.469000,148.029000,1669.471000,151.315000,24.002000,3.286000,1657.470000,149.672000
label,MET4,TEXT,1728.862000,38.909000,1753.578000,42.195000,24.716000,3.286000,1741.220000,40.552000
label,MET4,TEXT,1729.076000,15.839000,1753.364000,19.125000,24.288000,3.286000,1741.220000,17.482000
label,MET4,TEXT,1729.076000,170.049000,1753.364000,173.335000,24.288000,3.286000,1741.220000,171.692000
label,MET4,TEXT,1729.219000,148.029000,1753.221000,151.315000,24.002000,3.286000,1741.220000,149.672000
label,MET5,TEXT,1728.862000,38.909000,1753.578000,42.195000,24.716000,3.286000,1741.220000,40.552000
label,MET5,TEXT,1729.076000,15.839000,1753.364000,19.125000,24.288000,3.286000,1741.220000,17.482000
label,MET5,TEXT,1729.076000,170.049000,1753.364000,173.335000,24.288000,3.286000,1741.220000,171.692000
label,MET5,TEXT,1729.219000,148.029000,1753.221000,151.315000,24.002000,3.286000,1741.220000,149.672000
label,METTPL,TEXT,1729.112000,38.909000,1753.828000,42.195000,24.716000,3.286000,1741.470000,40.552000
label,METTPL,TEXT,1729.469000,148.029000,1753.471000,151.315000,24.002000,3.286000,1741.470000,149.672000
label,METTPL,TEXT,1645.326000,15.594000,1669.614000,18.880000,24.288000,3.286000,1657.470000,17.237000
label,METTPL,TEXT,1729.326000,15.594000,1753.614000,18.880000,24.288000,3.286000,1741.470000,17.237000
label,METTPL,TEXT,1645.326000,170.299000,1669.614000,173.585000,24.288000,3.286000,1657.470000,171.942000
label,METTPL,TEXT,1729.326000,170.299000,1753.614000,173.585000,24.288000,3.286000,1741.470000,171.942000
label,METTPL,pin,1819.291000,170.649000,1851.149000,173.935000,31.858000,3.286000,1835.220000,172.292000
label,METTPL,pin,1728.076000,170.649000,1775.364000,173.935000,47.288000,3.286000,1751.720000,172.292000
label,METTPL,pin,1803.862000,15.469000,1866.578000,18.755000,62.716000,3.286000,1835.220000,17.112000
label,METTPL,pin,1712.648000,15.469000,1790.792000,18.755000,78.144000,3.286000,1751.720000,17.112000
label,MET5,pin,1773.005000,170.399000,1897.435000,173.685000,124.430000,3.286000,1835.220000,172.042000
label,MET5,pin,1765.291000,15.839000,1905.149000,19.125000,139.858000,3.286000,1835.220000,17.482000
label,MET4,pin,1757.576000,170.399000,1912.864000,173.685000,155.288000,3.286000,1835.220000,172.042000
label,MET4,pin,1749.862000,15.839000,1920.578000,19.125000,170.716000,3.286000,1835.220000,17.482000
label,MET5,pin,1620.076000,170.399000,1883.364000,173.685000,263.288000,3.286000,1751.720000,172.042000
label,MET5,pin,1612.362000,15.839000,1891.078000,19.125000,278.716000,3.286000,1751.720000,17.482000
label,MET4,pin,1604.648000,170.399000,1898.792000,173.685000,294.144000,3.286000,1751.720000,172.042000
label,MET4,pin,1596.934000,15.839000,1906.506000,19.125000,309.572000,3.286000,1751.720000,17.482000
label,MET4,TEXT,1735.576000,38.909000,1767.864000,42.195000,32.288000,3.286000,1751.720000,40.552000
label,MET4,TEXT,1735.791000,15.839000,1767.649000,19.125000,31.858000,3.286000,1751.720000,17.482000
label,MET4,TEXT,1735.791000,170.049000,1767.649000,173.335000,31.858000,3.286000,1751.720000,171.692000
label,MET4,TEXT,1735.934000,148.029000,1767.506000,151.315000,31.572000,3.286000,1751.720000,149.672000
label,MET5,TEXT,1735.576000,38.909000,1767.864000,42.195000,32.288000,3.286000,1751.720000,40.552000
label,MET5,TEXT,1735.791000,15.839000,1767.649000,19.125000,31.858000,3.286000,1751.720000,17.482000
label,MET5,TEXT,1735.791000,170.049000,1767.649000,173.335000,31.858000,3.286000,1751.720000,171.692000
label,MET5,TEXT,1735.934000,148.029000,1767.506000,151.315000,31.572000,3.286000,1751.720000,149.672000
label,METTPL,TEXT,1735.326000,38.909000,1767.614000,42.195000,32.288000,3.286000,1751.470000,40.552000
label,METTPL,TEXT,1735.684000,148.029000,1767.256000,151.315000,31.572000,3.286000,1751.470000,149.672000
label,MET4,TEXT,1819.076000,38.909000,1851.364000,42.195000,32.288000,3.286000,1835.220000,40.552000
label,MET4,TEXT,1819.291000,15.839000,1851.149000,19.125000,31.858000,3.286000,1835.220000,17.482000
label,MET4,TEXT,1819.291000,170.049000,1851.149000,173.335000,31.858000,3.286000,1835.220000,171.692000
label,MET4,TEXT,1819.434000,148.029000,1851.006000,151.315000,31.572000,3.286000,1835.220000,149.672000
label,MET5,TEXT,1819.076000,38.909000,1851.364000,42.195000,32.288000,3.286000,1835.220000,40.552000
label,MET5,TEXT,1819.291000,15.839000,1851.149000,19.125000,31.858000,3.286000,1835.220000,17.482000
label,MET5,TEXT,1819.291000,170.049000,1851.149000,173.335000,31.858000,3.286000,1835.220000,171.692000
label,MET5,TEXT,1819.434000,148.029000,1851.006000,151.315000,31.572000,3.286000,1835.220000,149.672000
label,METTPL,TEXT,1819.326000,38.909000,1851.614000,42.195000,32.288000,3.286000,1835.470000,40.552000
label,METTPL,TEXT,1819.684000,148.029000,1851.256000,151.315000,31.572000,3.286000,1835.470000,149.672000
label,METTPL,TEXT,1735.541000,15.594000,1767.399000,18.880000,31.858000,3.286000,1751.470000,17.237000
label,METTPL,TEXT,1819.541000,15.594000,1851.399000,18.880000,31.858000,3.286000,1835.470000,17.237000
label,METTPL,TEXT,1735.541000,170.299000,1767.399000,173.585000,31.858000,3.286000,1751.470000,171.942000
label,METTPL,TEXT,1819.541000,170.299000,1851.399000,173.585000,31.858000,3.286000,1835.470000,171.942000
label,METTPL,pin,1917.291000,170.649000,1941.149000,173.935000,23.858000,3.286000,1929.220000,172.292000
label,METTPL,pin,1826.076000,170.649000,1865.364000,173.935000,39.288000,3.286000,1845.720000,172.292000
label,METTPL,pin,1901.862000,15.469000,1956.578000,18.755000,54.716000,3.286000,1929.220000,17.112000
label,METTPL,pin,1810.648000,15.469000,1880.792000,18.755000,70.144000,3.286000,1845.720000,17.112000
label,MET5,pin,1871.005000,170.399000,1987.435000,173.685000,116.430000,3.286000,1929.220000,172.042000
label,MET5,pin,1863.291000,15.839000,1995.149000,19.125000,131.858000,3.286000,1929.220000,17.482000
label,MET4,pin,1855.576000,170.399000,2002.864000,173.685000,147.288000,3.286000,1929.220000,172.042000
label,MET4,pin,1847.862000,15.839000,2010.578000,19.125000,162.716000,3.286000,1929.220000,17.482000
label,MET5,pin,1718.076000,170.399000,1973.364000,173.685000,255.288000,3.286000,1845.720000,172.042000
label,MET5,pin,1710.362000,15.839000,1981.078000,19.125000,270.716000,3.286000,1845.720000,17.482000
label,MET4,pin,1702.648000,170.399000,1988.792000,173.685000,286.144000,3.286000,1845.720000,172.042000
label,MET4,pin,1694.934000,15.839000,1996.506000,19.125000,301.572000,3.286000,1845.720000,17.482000
label,MET4,TEXT,1833.576000,38.909000,1857.864000,42.195000,24.288000,3.286000,1845.720000,40.552000
label,MET4,TEXT,1833.791000,15.839000,1857.649000,19.125000,23.858000,3.286000,1845.720000,17.482000
label,MET4,TEXT,1833.791000,170.049000,1857.649000,173.335000,23.858000,3.286000,1845.720000,171.692000
label,MET4,TEXT,1833.934000,148.029000,1857.506000,151.315000,23.572000,3.286000,1845.720000,149.672000
label,MET5,TEXT,1833.576000,38.909000,1857.864000,42.195000,24.288000,3.286000,1845.720000,40.552000
label,MET5,TEXT,1833.791000,15.839000,1857.649000,19.125000,23.858000,3.286000,1845.720000,17.482000
label,MET5,TEXT,1833.791000,170.049000,1857.649000,173.335000,23.858000,3.286000,1845.720000,171.692000
label,MET5,TEXT,1833.934000,148.029000,1857.506000,151.315000,23.572000,3.286000,1845.720000,149.672000
label,METTPL,TEXT,1833.326000,38.909000,1857.614000,42.195000,24.288000,3.286000,1845.470000,40.552000
label,METTPL,TEXT,1833.684000,148.029000,1857.256000,151.315000,23.572000,3.286000,1845.470000,149.672000
label,MET4,TEXT,1917.076000,38.909000,1941.364000,42.195000,24.288000,3.286000,1929.220000,40.552000
label,MET4,TEXT,1917.291000,15.839000,1941.149000,19.125000,23.858000,3.286000,1929.220000,17.482000
label,MET4,TEXT,1917.291000,170.049000,1941.149000,173.335000,23.858000,3.286000,1929.220000,171.692000
label,MET4,TEXT,1917.434000,148.029000,1941.006000,151.315000,23.572000,3.286000,1929.220000,149.672000
label,MET5,TEXT,1917.076000,38.909000,1941.364000,42.195000,24.288000,3.286000,1929.220000,40.552000
label,MET5,TEXT,1917.291000,15.839000,1941.149000,19.125000,23.858000,3.286000,1929.220000,17.482000
label,MET5,TEXT,1917.291000,170.049000,1941.149000,173.335000,23.858000,3.286000,1929.220000,171.692000
label,MET5,TEXT,1917.434000,148.029000,1941.006000,151.315000,23.572000,3.286000,1929.220000,149.672000
label,METTPL,TEXT,1917.326000,38.909000,1941.614000,42.195000,24.288000,3.286000,1929.470000,40.552000
label,METTPL,TEXT,1917.684000,148.029000,1941.256000,151.315000,23.572000,3.286000,1929.470000,149.672000
label,METTPL,TEXT,1833.541000,15.594000,1857.399000,18.880000,23.858000,3.286000,1845.470000,17.237000
label,METTPL,TEXT,1917.541000,15.594000,1941.399000,18.880000,23.858000,3.286000,1929.470000,17.237000
label,METTPL,TEXT,1833.541000,170.299000,1857.399000,173.585000,23.858000,3.286000,1845.470000,171.942000
label,METTPL,TEXT,1917.541000,170.299000,1941.399000,173.585000,23.858000,3.286000,1929.470000,171.942000
label,METTPL,pin,2011.076000,170.649000,2035.364000,173.935000,24.288000,3.286000,2023.220000,172.292000
label,METTPL,pin,1919.862000,170.649000,1959.578000,173.935000,39.716000,3.286000,1939.720000,172.292000
label,METTPL,pin,1995.648000,15.469000,2050.792000,18.755000,55.144000,3.286000,2023.220000,17.112000
label,METTPL,pin,1904.434000,15.469000,1975.006000,18.755000,70.572000,3.286000,1939.720000,17.112000
label,MET5,pin,1964.791000,170.399000,2081.649000,173.685000,116.858000,3.286000,2023.220000,172.042000
label,MET5,pin,1957.076000,15.839000,2089.364000,19.125000,132.288000,3.286000,2023.220000,17.482000
label,MET4,pin,1949.362000,170.399000,2097.078000,173.685000,147.716000,3.286000,2023.220000,172.042000
label,MET4,pin,1941.648000,15.839000,2104.792000,19.125000,163.144000,3.286000,2023.220000,17.482000
label,MET5,pin,1811.862000,170.399000,2067.578000,173.685000,255.716000,3.286000,1939.720000,172.042000
label,MET5,pin,1804.148000,15.839000,2075.292000,19.125000,271.144000,3.286000,1939.720000,17.482000
label,MET4,pin,1796.434000,170.399000,2083.006000,173.685000,286.572000,3.286000,1939.720000,172.042000
label,MET4,pin,1788.719000,15.839000,2090.721000,19.125000,302.002000,3.286000,1939.720000,17.482000
label,MET4,TEXT,1927.362000,38.909000,1952.078000,42.195000,24.716000,3.286000,1939.720000,40.552000
label,MET4,TEXT,1927.576000,15.839000,1951.864000,19.125000,24.288000,3.286000,1939.720000,17.482000
label,MET4,TEXT,1927.576000,170.049000,1951.864000,173.335000,24.288000,3.286000,1939.720000,171.692000
label,MET4,TEXT,1927.719000,148.029000,1951.721000,151.315000,24.002000,3.286000,1939.720000,149.672000
label,MET5,TEXT,1927.362000,38.909000,1952.078000,42.195000,24.716000,3.286000,1939.720000,40.552000
label,MET5,TEXT,1927.576000,15.839000,1951.864000,19.125000,24.288000,3.286000,1939.720000,17.482000
label,MET5,TEXT,1927.576000,170.049000,1951.864000,173.335000,24.288000,3.286000,1939.720000,171.692000
label,MET5,TEXT,1927.719000,148.029000,1951.721000,151.315000,24.002000,3.286000,1939.720000,149.672000
label,METTPL,TEXT,1927.112000,38.909000,1951.828000,42.195000,24.716000,3.286000,1939.470000,40.552000
label,METTPL,TEXT,1927.469000,148.029000,1951.471000,151.315000,24.002000,3.286000,1939.470000,149.672000
label,MET4,TEXT,2010.862000,38.909000,2035.578000,42.195000,24.716000,3.286000,2023.220000,40.552000
label,MET4,TEXT,2011.076000,15.839000,2035.364000,19.125000,24.288000,3.286000,2023.220000,17.482000
label,MET4,TEXT,2011.076000,170.049000,2035.364000,173.335000,24.288000,3.286000,2023.220000,171.692000
label,MET4,TEXT,2011.219000,148.029000,2035.221000,151.315000,24.002000,3.286000,2023.220000,149.672000
label,MET5,TEXT,2010.862000,38.909000,2035.578000,42.195000,24.716000,3.286000,2023.220000,40.552000
label,MET5,TEXT,2011.076000,15.839000,2035.364000,19.125000,24.288000,3.286000,2023.220000,17.482000
label,MET5,TEXT,2011.076000,170.049000,2035.364000,173.335000,24.288000,3.286000,2023.220000,171.692000
label,MET5,TEXT,2011.219000,148.029000,2035.221000,151.315000,24.002000,3.286000,2023.220000,149.672000
label,METTPL,TEXT,2011.112000,38.909000,2035.828000,42.195000,24.716000,3.286000,2023.470000,40.552000
label,METTPL,TEXT,2011.469000,148.029000,2035.471000,151.315000,24.002000,3.286000,2023.470000,149.672000
label,METTPL,TEXT,1927.326000,15.594000,1951.614000,18.880000,24.288000,3.286000,1939.470000,17.237000
label,METTPL,TEXT,2011.326000,15.594000,2035.614000,18.880000,24.288000,3.286000,2023.470000,17.237000
label,METTPL,TEXT,1927.326000,170.299000,1951.614000,173.585000,24.288000,3.286000,1939.470000,171.942000
label,METTPL,TEXT,2011.326000,170.299000,2035.614000,173.585000,24.288000,3.286000,2023.470000,171.942000
label,METTPL,pin,2103.791000,170.649000,2130.649000,173.935000,26.858000,3.286000,2117.220000,172.292000
label,METTPL,pin,2012.576000,170.649000,2054.864000,173.935000,42.288000,3.286000,2033.720000,172.292000
label,METTPL,pin,2088.362000,15.469000,2146.078000,18.755000,57.716000,3.286000,2117.220000,17.112000
label,METTPL,pin,1997.148000,15.469000,2070.292000,18.755000,73.144000,3.286000,2033.720000,17.112000
label,MET5,pin,2057.505000,170.399000,2176.935000,173.685000,119.430000,3.286000,2117.220000,172.042000
label,MET5,pin,2049.791000,15.839000,2184.649000,19.125000,134.858000,3.286000,2117.220000,17.482000
label,MET4,pin,2042.076000,170.399000,2192.364000,173.685000,150.288000,3.286000,2117.220000,172.042000
label,MET4,pin,2034.362000,15.839000,2200.078000,19.125000,165.716000,3.286000,2117.220000,17.482000
label,MET5,pin,1904.576000,170.399000,2162.864000,173.685000,258.288000,3.286000,2033.720000,172.042000
label,MET5,pin,1896.862000,15.839000,2170.578000,19.125000,273.716000,3.286000,2033.720000,17.482000
label,MET4,pin,1889.148000,170.399000,2178.292000,173.685000,289.144000,3.286000,2033.720000,172.042000
label,MET4,pin,1881.434000,15.839000,2186.006000,19.125000,304.572000,3.286000,2033.720000,17.482000
label,MET4,TEXT,2020.076000,38.909000,2047.364000,42.195000,27.288000,3.286000,2033.720000,40.552000
label,MET4,TEXT,2020.291000,15.839000,2047.149000,19.125000,26.858000,3.286000,2033.720000,17.482000
label,MET4,TEXT,2020.291000,170.049000,2047.149000,173.335000,26.858000,3.286000,2033.720000,171.692000
label,MET4,TEXT,2020.434000,148.029000,2047.006000,151.315000,26.572000,3.286000,2033.720000,149.672000
label,MET5,TEXT,2020.076000,38.909000,2047.364000,42.195000,27.288000,3.286000,2033.720000,40.552000
label,MET5,TEXT,2020.291000,15.839000,2047.149000,19.125000,26.858000,3.286000,2033.720000,17.482000
label,MET5,TEXT,2020.291000,170.049000,2047.149000,173.335000,26.858000,3.286000,2033.720000,171.692000
label,MET5,TEXT,2020.434000,148.029000,2047.006000,151.315000,26.572000,3.286000,2033.720000,149.672000
label,METTPL,TEXT,2019.826000,38.909000,2047.114000,42.195000,27.288000,3.286000,2033.470000,40.552000
label,METTPL,TEXT,2020.184000,148.029000,2046.756000,151.315000,26.572000,3.286000,2033.470000,149.672000
label,MET4,TEXT,2103.576000,38.909000,2130.864000,42.195000,27.288000,3.286000,2117.220000,40.552000
label,MET4,TEXT,2103.791000,15.839000,2130.649000,19.125000,26.858000,3.286000,2117.220000,17.482000
label,MET4,TEXT,2103.791000,170.049000,2130.649000,173.335000,26.858000,3.286000,2117.220000,171.692000
label,MET4,TEXT,2103.934000,148.029000,2130.506000,151.315000,26.572000,3.286000,2117.220000,149.672000
label,MET5,TEXT,2103.576000,38.909000,2130.864000,42.195000,27.288000,3.286000,2117.220000,40.552000
label,MET5,TEXT,2103.791000,15.839000,2130.649000,19.125000,26.858000,3.286000,2117.220000,17.482000
label,MET5,TEXT,2103.791000,170.049000,2130.649000,173.335000,26.858000,3.286000,2117.220000,171.692000
label,MET5,TEXT,2103.934000,148.029000,2130.506000,151.315000,26.572000,3.286000,2117.220000,149.672000
label,METTPL,TEXT,2103.826000,38.909000,2131.114000,42.195000,27.288000,3.286000,2117.470000,40.552000
label,METTPL,TEXT,2104.184000,148.029000,2130.756000,151.315000,26.572000,3.286000,2117.470000,149.672000
label,METTPL,TEXT,2020.041000,15.594000,2046.899000,18.880000,26.858000,3.286000,2033.470000,17.237000
label,METTPL,TEXT,2104.041000,15.594000,2130.899000,18.880000,26.858000,3.286000,2117.470000,17.237000
label,METTPL,TEXT,2020.041000,170.299000,2046.899000,173.585000,26.858000,3.286000,2033.470000,171.942000
label,METTPL,TEXT,2104.041000,170.299000,2130.899000,173.585000,26.858000,3.286000,2117.470000,171.942000
label,METTPL,pin,2197.505000,170.649000,2224.935000,173.935000,27.430000,3.286000,2211.220000,172.292000
label,METTPL,pin,2106.291000,170.649000,2149.149000,173.935000,42.858000,3.286000,2127.720000,172.292000
label,METTPL,pin,2182.076000,15.469000,2240.364000,18.755000,58.288000,3.286000,2211.220000,17.112000
label,METTPL,pin,2090.862000,15.469000,2164.578000,18.755000,73.716000,3.286000,2127.720000,17.112000
label,MET5,pin,2151.219000,170.399000,2271.221000,173.685000,120.002000,3.286000,2211.220000,172.042000
label,MET5,pin,2143.505000,15.839000,2278.935000,19.125000,135.430000,3.286000,2211.220000,17.482000
label,MET4,pin,2135.791000,170.399000,2286.649000,173.685000,150.858000,3.286000,2211.220000,172.042000
label,MET4,pin,2128.076000,15.839000,2294.364000,19.125000,166.288000,3.286000,2211.220000,17.482000
label,MET5,pin,1998.291000,170.399000,2257.149000,173.685000,258.858000,3.286000,2127.720000,172.042000
label,MET5,pin,1990.576000,15.839000,2264.864000,19.125000,274.288000,3.286000,2127.720000,17.482000
label,MET4,pin,1982.862000,170.399000,2272.578000,173.685000,289.716000,3.286000,2127.720000,172.042000
label,MET4,pin,1975.148000,15.839000,2280.292000,19.125000,305.144000,3.286000,2127.720000,17.482000
label,MET4,TEXT,2113.791000,38.909000,2141.649000,42.195000,27.858000,3.286000,2127.720000,40.552000
label,MET4,TEXT,2114.005000,15.839000,2141.435000,19.125000,27.430000,3.286000,2127.720000,17.482000
label,MET4,TEXT,2114.005000,170.049000,2141.435000,173.335000,27.430000,3.286000,2127.720000,171.692000
label,MET4,TEXT,2114.148000,148.029000,2141.292000,151.315000,27.144000,3.286000,2127.720000,149.672000
label,MET5,TEXT,2113.791000,38.909000,2141.649000,42.195000,27.858000,3.286000,2127.720000,40.552000
label,MET5,TEXT,2114.005000,15.839000,2141.435000,19.125000,27.430000,3.286000,2127.720000,17.482000
label,MET5,TEXT,2114.005000,170.049000,2141.435000,173.335000,27.430000,3.286000,2127.720000,171.692000
label,MET5,TEXT,2114.148000,148.029000,2141.292000,151.315000,27.144000,3.286000,2127.720000,149.672000
label,METTPL,TEXT,2113.541000,38.909000,2141.399000,42.195000,27.858000,3.286000,2127.470000,40.552000
label,METTPL,TEXT,2113.898000,148.029000,2141.042000,151.315000,27.144000,3.286000,2127.470000,149.672000
label,MET4,TEXT,2197.291000,38.909000,2225.149000,42.195000,27.858000,3.286000,2211.220000,40.552000
label,MET4,TEXT,2197.505000,15.839000,2224.935000,19.125000,27.430000,3.286000,2211.220000,17.482000
label,MET4,TEXT,2197.505000,170.049000,2224.935000,173.335000,27.430000,3.286000,2211.220000,171.692000
label,MET4,TEXT,2197.648000,148.029000,2224.792000,151.315000,27.144000,3.286000,2211.220000,149.672000
label,MET5,TEXT,2197.291000,38.909000,2225.149000,42.195000,27.858000,3.286000,2211.220000,40.552000
label,MET5,TEXT,2197.505000,15.839000,2224.935000,19.125000,27.430000,3.286000,2211.220000,17.482000
label,MET5,TEXT,2197.505000,170.049000,2224.935000,173.335000,27.430000,3.286000,2211.220000,171.692000
label,MET5,TEXT,2197.648000,148.029000,2224.792000,151.315000,27.144000,3.286000,2211.220000,149.672000
label,METTPL,TEXT,2197.541000,38.909000,2225.399000,42.195000,27.858000,3.286000,2211.470000,40.552000
label,METTPL,TEXT,2197.898000,148.029000,2225.042000,151.315000,27.144000,3.286000,2211.470000,149.672000
label,METTPL,TEXT,2113.755000,15.594000,2141.185000,18.880000,27.430000,3.286000,2127.470000,17.237000
label,METTPL,TEXT,2197.755000,15.594000,2225.185000,18.880000,27.430000,3.286000,2211.470000,17.237000
label,METTPL,TEXT,2113.755000,170.299000,2141.185000,173.585000,27.430000,3.286000,2127.470000,171.942000
label,METTPL,TEXT,2197.755000,170.299000,2225.185000,173.585000,27.430000,3.286000,2211.470000,171.942000
label,METTPL,pin,2291.505000,170.649000,2318.935000,173.935000,27.430000,3.286000,2305.220000,172.292000
label,METTPL,pin,2200.291000,170.649000,2243.149000,173.935000,42.858000,3.286000,2221.720000,172.292000
label,METTPL,pin,2276.076000,15.469000,2334.364000,18.755000,58.288000,3.286000,2305.220000,17.112000
label,METTPL,pin,2184.862000,15.469000,2258.578000,18.755000,73.716000,3.286000,2221.720000,17.112000
label,MET5,pin,2245.219000,170.399000,2365.221000,173.685000,120.002000,3.286000,2305.220000,172.042000
label,MET5,pin,2237.505000,15.839000,2372.935000,19.125000,135.430000,3.286000,2305.220000,17.482000
label,MET4,pin,2229.791000,170.399000,2380.649000,173.685000,150.858000,3.286000,2305.220000,172.042000
label,MET4,pin,2222.076000,15.839000,2388.364000,19.125000,166.288000,3.286000,2305.220000,17.482000
label,MET5,pin,2092.291000,170.399000,2351.149000,173.685000,258.858000,3.286000,2221.720000,172.042000
label,MET5,pin,2084.576000,15.839000,2358.864000,19.125000,274.288000,3.286000,2221.720000,17.482000
label,MET4,pin,2076.862000,170.399000,2366.578000,173.685000,289.716000,3.286000,2221.720000,172.042000
label,MET4,pin,2069.148000,15.839000,2374.292000,19.125000,305.144000,3.286000,2221.720000,17.482000
label,MET4,TEXT,2207.791000,38.909000,2235.649000,42.195000,27.858000,3.286000,2221.720000,40.552000
label,MET4,TEXT,2208.005000,15.839000,2235.435000,19.125000,27.430000,3.286000,2221.720000,17.482000
label,MET4,TEXT,2208.005000,170.049000,2235.435000,173.335000,27.430000,3.286000,2221.720000,171.692000
label,MET4,TEXT,2208.148000,148.029000,2235.292000,151.315000,27.144000,3.286000,2221.720000,149.672000
label,MET5,TEXT,2207.791000,38.909000,2235.649000,42.195000,27.858000,3.286000,2221.720000,40.552000
label,MET5,TEXT,2208.005000,15.839000,2235.435000,19.125000,27.430000,3.286000,2221.720000,17.482000
label,MET5,TEXT,2208.005000,170.049000,2235.435000,173.335000,27.430000,3.286000,2221.720000,171.692000
label,MET5,TEXT,2208.148000,148.029000,2235.292000,151.315000,27.144000,3.286000,2221.720000,149.672000
label,METTPL,TEXT,2207.541000,38.909000,2235.399000,42.195000,27.858000,3.286000,2221.470000,40.552000
label,METTPL,TEXT,2207.898000,148.029000,2235.042000,151.315000,27.144000,3.286000,2221.470000,149.672000
label,MET4,TEXT,2291.291000,38.909000,2319.149000,42.195000,27.858000,3.286000,2305.220000,40.552000
label,MET4,TEXT,2291.505000,15.839000,2318.935000,19.125000,27.430000,3.286000,2305.220000,17.482000
label,MET4,TEXT,2291.505000,170.049000,2318.935000,173.335000,27.430000,3.286000,2305.220000,171.692000
label,MET4,TEXT,2291.648000,148.029000,2318.792000,151.315000,27.144000,3.286000,2305.220000,149.672000
label,MET5,TEXT,2291.291000,38.909000,2319.149000,42.195000,27.858000,3.286000,2305.220000,40.552000
label,MET5,TEXT,2291.505000,15.839000,2318.935000,19.125000,27.430000,3.286000,2305.220000,17.482000
label,MET5,TEXT,2291.505000,170.049000,2318.935000,173.335000,27.430000,3.286000,2305.220000,171.692000
label,MET5,TEXT,2291.648000,148.029000,2318.792000,151.315000,27.144000,3.286000,2305.220000,149.672000
label,METTPL,TEXT,2291.541000,38.909000,2319.399000,42.195000,27.858000,3.286000,2305.470000,40.552000
label,METTPL,TEXT,2291.898000,148.029000,2319.042000,151.315000,27.144000,3.286000,2305.470000,149.672000
label,METTPL,TEXT,2207.755000,15.594000,2235.185000,18.880000,27.430000,3.286000,2221.470000,17.237000
label,METTPL,TEXT,2291.755000,15.594000,2319.185000,18.880000,27.430000,3.286000,2305.470000,17.237000
label,METTPL,TEXT,2207.755000,170.299000,2235.185000,173.585000,27.430000,3.286000,2221.470000,171.942000
label,METTPL,TEXT,2291.755000,170.299000,2319.185000,173.585000,27.430000,3.286000,2305.470000,171.942000
label,METTPL,pin,2384.219000,170.649000,2414.221000,173.935000,30.002000,3.286000,2399.220000,172.292000
label,METTPL,pin,2293.005000,170.649000,2338.435000,173.935000,45.430000,3.286000,2315.720000,172.292000
label,METTPL,pin,2368.791000,15.469000,2429.649000,18.755000,60.858000,3.286000,2399.220000,17.112000
label,METTPL,pin,2277.576000,15.469000,2353.864000,18.755000,76.288000,3.286000,2315.720000,17.112000
label,MET5,pin,2337.934000,170.399000,2460.506000,173.685000,122.572000,3.286000,2399.220000,172.042000
label,MET5,pin,2330.219000,15.839000,2468.221000,19.125000,138.002000,3.286000,2399.220000,17.482000
label,MET4,pin,2322.505000,170.399000,2475.935000,173.685000,153.430000,3.286000,2399.220000,172.042000
label,MET4,pin,2314.791000,15.839000,2483.649000,19.125000,168.858000,3.286000,2399.220000,17.482000
label,MET5,pin,2185.005000,170.399000,2446.435000,173.685000,261.430000,3.286000,2315.720000,172.042000
label,MET5,pin,2177.291000,15.839000,2454.149000,19.125000,276.858000,3.286000,2315.720000,17.482000
label,MET4,pin,2169.576000,170.399000,2461.864000,173.685000,292.288000,3.286000,2315.720000,172.042000
label,MET4,pin,2161.862000,15.839000,2469.578000,19.125000,307.716000,3.286000,2315.720000,17.482000
label,MET4,TEXT,2300.505000,38.909000,2330.935000,42.195000,30.430000,3.286000,2315.720000,40.552000
label,MET4,TEXT,2300.719000,15.839000,2330.721000,19.125000,30.002000,3.286000,2315.720000,17.482000
label,MET4,TEXT,2300.719000,170.049000,2330.721000,173.335000,30.002000,3.286000,2315.720000,171.692000
label,MET4,TEXT,2300.862000,148.029000,2330.578000,151.315000,29.716000,3.286000,2315.720000,149.672000
label,MET5,TEXT,2300.505000,38.909000,2330.935000,42.195000,30.430000,3.286000,2315.720000,40.552000
label,MET5,TEXT,2300.719000,15.839000,2330.721000,19.125000,30.002000,3.286000,2315.720000,17.482000
label,MET5,TEXT,2300.719000,170.049000,2330.721000,173.335000,30.002000,3.286000,2315.720000,171.692000
label,MET5,TEXT,2300.862000,148.029000,2330.578000,151.315000,29.716000,3.286000,2315.720000,149.672000
label,METTPL,TEXT,2300.255000,38.909000,2330.685000,42.195000,30.430000,3.286000,2315.470000,40.552000
label,METTPL,TEXT,2300.612000,148.029000,2330.328000,151.315000,29.716000,3.286000,2315.470000,149.672000
label,MET4,TEXT,2384.005000,38.909000,2414.435000,42.195000,30.430000,3.286000,2399.220000,40.552000
label,MET4,TEXT,2384.219000,15.839000,2414.221000,19.125000,30.002000,3.286000,2399.220000,17.482000
label,MET4,TEXT,2384.219000,170.049000,2414.221000,173.335000,30.002000,3.286000,2399.220000,171.692000
label,MET4,TEXT,2384.362000,148.029000,2414.078000,151.315000,29.716000,3.286000,2399.220000,149.672000
label,MET5,TEXT,2384.005000,38.909000,2414.435000,42.195000,30.430000,3.286000,2399.220000,40.552000
label,MET5,TEXT,2384.219000,15.839000,2414.221000,19.125000,30.002000,3.286000,2399.220000,17.482000
label,MET5,TEXT,2384.219000,170.049000,2414.221000,173.335000,30.002000,3.286000,2399.220000,171.692000
label,MET5,TEXT,2384.362000,148.029000,2414.078000,151.315000,29.716000,3.286000,2399.220000,149.672000
label,METTPL,TEXT,2384.255000,38.909000,2414.685000,42.195000,30.430000,3.286000,2399.470000,40.552000
label,METTPL,TEXT,2384.612000,148.029000,2414.328000,151.315000,29.716000,3.286000,2399.470000,149.672000
label,METTPL,TEXT,2300.469000,15.594000,2330.471000,18.880000,30.002000,3.286000,2315.470000,17.237000
label,METTPL,TEXT,2384.469000,15.594000,2414.471000,18.880000,30.002000,3.286000,2399.470000,17.237000
label,METTPL,TEXT,2300.469000,170.299000,2330.471000,173.585000,30.002000,3.286000,2315.470000,171.942000
label,METTPL,TEXT,2384.469000,170.299000,2414.471000,173.585000,30.002000,3.286000,2399.470000,171.942000
label,METTPL,pin,2478.148000,170.649000,2508.292000,173.935000,30.144000,3.286000,2493.220000,172.292000
label,METTPL,pin,2386.934000,170.649000,2432.506000,173.935000,45.572000,3.286000,2409.720000,172.292000
label,METTPL,pin,2462.719000,15.469000,2523.721000,18.755000,61.002000,3.286000,2493.220000,17.112000
label,METTPL,pin,2371.505000,15.469000,2447.935000,18.755000,76.430000,3.286000,2409.720000,17.112000
label,MET5,pin,2431.862000,170.399000,2554.578000,173.685000,122.716000,3.286000,2493.220000,172.042000
label,MET5,pin,2424.148000,15.839000,2562.292000,19.125000,138.144000,3.286000,2493.220000,17.482000
label,MET4,pin,2416.434000,170.399000,2570.006000,173.685000,153.572000,3.286000,2493.220000,172.042000
label,MET4,pin,2408.719000,15.839000,2577.721000,19.125000,169.002000,3.286000,2493.220000,17.482000
label,MET5,pin,2278.934000,170.399000,2540.506000,173.685000,261.572000,3.286000,2409.720000,172.042000
label,MET5,pin,2271.219000,15.839000,2548.221000,19.125000,277.002000,3.286000,2409.720000,17.482000
label,MET4,pin,2263.505000,170.399000,2555.935000,173.685000,292.430000,3.286000,2409.720000,172.042000
label,MET4,pin,2255.791000,15.839000,2563.649000,19.125000,307.858000,3.286000,2409.720000,17.482000
label,MET4,TEXT,2394.434000,38.909000,2425.006000,42.195000,30.572000,3.286000,2409.720000,40.552000
label,MET4,TEXT,2394.648000,15.839000,2424.792000,19.125000,30.144000,3.286000,2409.720000,17.482000
label,MET4,TEXT,2394.648000,170.049000,2424.792000,173.335000,30.144000,3.286000,2409.720000,171.692000
label,MET4,TEXT,2394.791000,148.029000,2424.649000,151.315000,29.858000,3.286000,2409.720000,149.672000
label,MET5,TEXT,2394.434000,38.909000,2425.006000,42.195000,30.572000,3.286000,2409.720000,40.552000
label,MET5,TEXT,2394.648000,15.839000,2424.792000,19.125000,30.144000,3.286000,2409.720000,17.482000
label,MET5,TEXT,2394.648000,170.049000,2424.792000,173.335000,30.144000,3.286000,2409.720000,171.692000
label,MET5,TEXT,2394.791000,148.029000,2424.649000,151.315000,29.858000,3.286000,2409.720000,149.672000
label,METTPL,TEXT,2394.184000,38.909000,2424.756000,42.195000,30.572000,3.286000,2409.470000,40.552000
label,METTPL,TEXT,2394.541000,148.029000,2424.399000,151.315000,29.858000,3.286000,2409.470000,149.672000
label,MET4,TEXT,2477.934000,38.909000,2508.506000,42.195000,30.572000,3.286000,2493.220000,40.552000
label,MET4,TEXT,2478.148000,15.839000,2508.292000,19.125000,30.144000,3.286000,2493.220000,17.482000
label,MET4,TEXT,2478.148000,170.049000,2508.292000,173.335000,30.144000,3.286000,2493.220000,171.692000
label,MET4,TEXT,2478.291000,148.029000,2508.149000,151.315000,29.858000,3.286000,2493.220000,149.672000
label,MET5,TEXT,2477.934000,38.909000,2508.506000,42.195000,30.572000,3.286000,2493.220000,40.552000
label,MET5,TEXT,2478.148000,15.839000,2508.292000,19.125000,30.144000,3.286000,2493.220000,17.482000
label,MET5,TEXT,2478.148000,170.049000,2508.292000,173.335000,30.144000,3.286000,2493.220000,171.692000
label,MET5,TEXT,2478.291000,148.029000,2508.149000,151.315000,29.858000,3.286000,2493.220000,149.672000
label,METTPL,TEXT,2478.184000,38.909000,2508.756000,42.195000,30.572000,3.286000,2493.470000,40.552000
label,METTPL,TEXT,2478.541000,148.029000,2508.399000,151.315000,29.858000,3.286000,2493.470000,149.672000
label,METTPL,TEXT,2394.398000,15.594000,2424.542000,18.880000,30.144000,3.286000,2409.470000,17.237000
label,METTPL,TEXT,2478.398000,15.594000,2508.542000,18.880000,30.144000,3.286000,2493.470000,17.237000
label,METTPL,TEXT,2394.398000,170.299000,2424.542000,173.585000,30.144000,3.286000,2409.470000,171.942000
label,METTPL,TEXT,2478.398000,170.299000,2508.542000,173.585000,30.144000,3.286000,2493.470000,171.942000
label,METTPL,pin,2572.005000,170.649000,2602.435000,173.935000,30.430000,3.286000,2587.220000,172.292000
label,METTPL,pin,2480.791000,170.649000,2526.649000,173.935000,45.858000,3.286000,2503.720000,172.292000
label,METTPL,pin,2556.576000,15.469000,2617.864000,18.755000,61.288000,3.286000,2587.220000,17.112000
label,METTPL,pin,2465.362000,15.469000,2542.078000,18.755000,76.716000,3.286000,2503.720000,17.112000
label,MET5,pin,2525.719000,170.399000,2648.721000,173.685000,123.002000,3.286000,2587.220000,172.042000
label,MET5,pin,2518.005000,15.839000,2656.435000,19.125000,138.430000,3.286000,2587.220000,17.482000
label,MET4,pin,2510.291000,170.399000,2664.149000,173.685000,153.858000,3.286000,2587.220000,172.042000
label,MET4,pin,2502.576000,15.839000,2671.864000,19.125000,169.288000,3.286000,2587.220000,17.482000
label,MET5,pin,2372.791000,170.399000,2634.649000,173.685000,261.858000,3.286000,2503.720000,172.042000
label,MET5,pin,2365.076000,15.839000,2642.364000,19.125000,277.288000,3.286000,2503.720000,17.482000
label,MET4,pin,2357.362000,170.399000,2650.078000,173.685000,292.716000,3.286000,2503.720000,172.042000
label,MET4,pin,2349.648000,15.839000,2657.792000,19.125000,308.144000,3.286000,2503.720000,17.482000
label,MET4,TEXT,2488.291000,38.909000,2519.149000,42.195000,30.858000,3.286000,2503.720000,40.552000
label,MET4,TEXT,2488.505000,15.839000,2518.935000,19.125000,30.430000,3.286000,2503.720000,17.482000
label,MET4,TEXT,2488.505000,170.049000,2518.935000,173.335000,30.430000,3.286000,2503.720000,171.692000
label,MET4,TEXT,2488.648000,148.029000,2518.792000,151.315000,30.144000,3.286000,2503.720000,149.672000
label,MET5,TEXT,2488.291000,38.909000,2519.149000,42.195000,30.858000,3.286000,2503.720000,40.552000
label,MET5,TEXT,2488.505000,15.839000,2518.935000,19.125000,30.430000,3.286000,2503.720000,17.482000
label,MET5,TEXT,2488.505000,170.049000,2518.935000,173.335000,30.430000,3.286000,2503.720000,171.692000
label,MET5,TEXT,2488.648000,148.029000,2518.792000,151.315000,30.144000,3.286000,2503.720000,149.672000
label,METTPL,TEXT,2488.041000,38.909000,2518.899000,42.195000,30.858000,3.286000,2503.470000,40.552000
label,METTPL,TEXT,2488.398000,148.029000,2518.542000,151.315000,30.144000,3.286000,2503.470000,149.672000
label,MET4,TEXT,2571.791000,38.909000,2602.649000,42.195000,30.858000,3.286000,2587.220000,40.552000
label,MET4,TEXT,2572.005000,15.839000,2602.435000,19.125000,30.430000,3.286000,2587.220000,17.482000
label,MET4,TEXT,2572.005000,170.049000,2602.435000,173.335000,30.430000,3.286000,2587.220000,171.692000
label,MET4,TEXT,2572.148000,148.029000,2602.292000,151.315000,30.144000,3.286000,2587.220000,149.672000
label,MET5,TEXT,2571.791000,38.909000,2602.649000,42.195000,30.858000,3.286000,2587.220000,40.552000
label,MET5,TEXT,2572.005000,15.839000,2602.435000,19.125000,30.430000,3.286000,2587.220000,17.482000
label,MET5,TEXT,2572.005000,170.049000,2602.435000,173.335000,30.430000,3.286000,2587.220000,171.692000
label,MET5,TEXT,2572.148000,148.029000,2602.292000,151.315000,30.144000,3.286000,2587.220000,149.672000
label,METTPL,TEXT,2572.041000,38.909000,2602.899000,42.195000,30.858000,3.286000,2587.470000,40.552000
label,METTPL,TEXT,2572.398000,148.029000,2602.542000,151.315000,30.144000,3.286000,2587.470000,149.672000
label,METTPL,TEXT,2488.255000,15.594000,2518.685000,18.880000,30.430000,3.286000,2503.470000,17.237000
label,METTPL,TEXT,2572.255000,15.594000,2602.685000,18.880000,30.430000,3.286000,2587.470000,17.237000
label,METTPL,TEXT,2488.255000,170.299000,2518.685000,173.585000,30.430000,3.286000,2503.470000,171.942000
label,METTPL,TEXT,2572.255000,170.299000,2602.685000,173.585000,30.430000,3.286000,2587.470000,171.942000
label,METTPL,pin,2666.219000,170.649000,2696.221000,173.935000,30.002000,3.286000,2681.220000,172.292000
label,METTPL,pin,2575.005000,170.649000,2620.435000,173.935000,45.430000,3.286000,2597.720000,172.292000
label,METTPL,pin,2650.791000,15.469000,2711.649000,18.755000,60.858000,3.286000,2681.220000,17.112000
label,METTPL,pin,2559.576000,15.469000,2635.864000,18.755000,76.288000,3.286000,2597.720000,17.112000
label,MET5,pin,2619.934000,170.399000,2742.506000,173.685000,122.572000,3.286000,2681.220000,172.042000
label,MET5,pin,2612.219000,15.839000,2750.221000,19.125000,138.002000,3.286000,2681.220000,17.482000
label,MET4,pin,2604.505000,170.399000,2757.935000,173.685000,153.430000,3.286000,2681.220000,172.042000
label,MET4,pin,2596.791000,15.839000,2765.649000,19.125000,168.858000,3.286000,2681.220000,17.482000
label,MET5,pin,2467.005000,170.399000,2728.435000,173.685000,261.430000,3.286000,2597.720000,172.042000
label,MET5,pin,2459.291000,15.839000,2736.149000,19.125000,276.858000,3.286000,2597.720000,17.482000
label,MET4,pin,2451.576000,170.399000,2743.864000,173.685000,292.288000,3.286000,2597.720000,172.042000
label,MET4,pin,2443.862000,15.839000,2751.578000,19.125000,307.716000,3.286000,2597.720000,17.482000
label,MET4,TEXT,2582.505000,38.909000,2612.935000,42.195000,30.430000,3.286000,2597.720000,40.552000
label,MET4,TEXT,2582.719000,15.839000,2612.721000,19.125000,30.002000,3.286000,2597.720000,17.482000
label,MET4,TEXT,2582.719000,170.049000,2612.721000,173.335000,30.002000,3.286000,2597.720000,171.692000
label,MET4,TEXT,2582.862000,148.029000,2612.578000,151.315000,29.716000,3.286000,2597.720000,149.672000
label,MET5,TEXT,2582.505000,38.909000,2612.935000,42.195000,30.430000,3.286000,2597.720000,40.552000
label,MET5,TEXT,2582.719000,15.839000,2612.721000,19.125000,30.002000,3.286000,2597.720000,17.482000
label,MET5,TEXT,2582.719000,170.049000,2612.721000,173.335000,30.002000,3.286000,2597.720000,171.692000
label,MET5,TEXT,2582.862000,148.029000,2612.578000,151.315000,29.716000,3.286000,2597.720000,149.672000
label,METTPL,TEXT,2582.255000,38.909000,2612.685000,42.195000,30.430000,3.286000,2597.470000,40.552000
label,METTPL,TEXT,2582.612000,148.029000,2612.328000,151.315000,29.716000,3.286000,2597.470000,149.672000
label,MET4,TEXT,2666.005000,38.909000,2696.435000,42.195000,30.430000,3.286000,2681.220000,40.552000
label,MET4,TEXT,2666.219000,15.839000,2696.221000,19.125000,30.002000,3.286000,2681.220000,17.482000
label,MET4,TEXT,2666.219000,170.049000,2696.221000,173.335000,30.002000,3.286000,2681.220000,171.692000
label,MET4,TEXT,2666.362000,148.029000,2696.078000,151.315000,29.716000,3.286000,2681.220000,149.672000
label,MET5,TEXT,2666.005000,38.909000,2696.435000,42.195000,30.430000,3.286000,2681.220000,40.552000
label,MET5,TEXT,2666.219000,15.839000,2696.221000,19.125000,30.002000,3.286000,2681.220000,17.482000
label,MET5,TEXT,2666.219000,170.049000,2696.221000,173.335000,30.002000,3.286000,2681.220000,171.692000
label,MET5,TEXT,2666.362000,148.029000,2696.078000,151.315000,29.716000,3.286000,2681.220000,149.672000
label,METTPL,TEXT,2666.255000,38.909000,2696.685000,42.195000,30.430000,3.286000,2681.470000,40.552000
label,METTPL,TEXT,2666.612000,148.029000,2696.328000,151.315000,29.716000,3.286000,2681.470000,149.672000
label,METTPL,TEXT,2582.469000,15.594000,2612.471000,18.880000,30.002000,3.286000,2597.470000,17.237000
label,METTPL,TEXT,2666.469000,15.594000,2696.471000,18.880000,30.002000,3.286000,2681.470000,17.237000
label,METTPL,TEXT,2582.469000,170.299000,2612.471000,173.585000,30.002000,3.286000,2597.470000,171.942000
label,METTPL,TEXT,2666.469000,170.299000,2696.471000,173.585000,30.002000,3.286000,2681.470000,171.942000
label,METTPL,pin,2760.005000,170.649000,2790.435000,173.935000,30.430000,3.286000,2775.220000,172.292000
label,METTPL,pin,2668.791000,170.649000,2714.649000,173.935000,45.858000,3.286000,2691.720000,172.292000
label,METTPL,pin,2744.576000,15.469000,2805.864000,18.755000,61.288000,3.286000,2775.220000,17.112000
label,METTPL,pin,2653.362000,15.469000,2730.078000,18.755000,76.716000,3.286000,2691.720000,17.112000
label,MET5,pin,2713.719000,170.399000,2836.721000,173.685000,123.002000,3.286000,2775.220000,172.042000
label,MET5,pin,2706.005000,15.839000,2844.435000,19.125000,138.430000,3.286000,2775.220000,17.482000
label,MET4,pin,2698.291000,170.399000,2852.149000,173.685000,153.858000,3.286000,2775.220000,172.042000
label,MET4,pin,2690.576000,15.839000,2859.864000,19.125000,169.288000,3.286000,2775.220000,17.482000
label,MET5,pin,2560.791000,170.399000,2822.649000,173.685000,261.858000,3.286000,2691.720000,172.042000
label,MET5,pin,2553.076000,15.839000,2830.364000,19.125000,277.288000,3.286000,2691.720000,17.482000
label,MET4,pin,2545.362000,170.399000,2838.078000,173.685000,292.716000,3.286000,2691.720000,172.042000
label,MET4,pin,2537.648000,15.839000,2845.792000,19.125000,308.144000,3.286000,2691.720000,17.482000
label,MET4,TEXT,2676.291000,38.909000,2707.149000,42.195000,30.858000,3.286000,2691.720000,40.552000
label,MET4,TEXT,2676.505000,15.839000,2706.935000,19.125000,30.430000,3.286000,2691.720000,17.482000
label,MET4,TEXT,2676.505000,170.049000,2706.935000,173.335000,30.430000,3.286000,2691.720000,171.692000
label,MET4,TEXT,2676.648000,148.029000,2706.792000,151.315000,30.144000,3.286000,2691.720000,149.672000
label,MET5,TEXT,2676.291000,38.909000,2707.149000,42.195000,30.858000,3.286000,2691.720000,40.552000
label,MET5,TEXT,2676.505000,15.839000,2706.935000,19.125000,30.430000,3.286000,2691.720000,17.482000
label,MET5,TEXT,2676.505000,170.049000,2706.935000,173.335000,30.430000,3.286000,2691.720000,171.692000
label,MET5,TEXT,2676.648000,148.029000,2706.792000,151.315000,30.144000,3.286000,2691.720000,149.672000
label,METTPL,TEXT,2676.041000,38.909000,2706.899000,42.195000,30.858000,3.286000,2691.470000,40.552000
label,METTPL,TEXT,2676.398000,148.029000,2706.542000,151.315000,30.144000,3.286000,2691.470000,149.672000
label,MET4,TEXT,2759.791000,38.909000,2790.649000,42.195000,30.858000,3.286000,2775.220000,40.552000
label,MET4,TEXT,2760.005000,15.839000,2790.435000,19.125000,30.430000,3.286000,2775.220000,17.482000
label,MET4,TEXT,2760.005000,170.049000,2790.435000,173.335000,30.430000,3.286000,2775.220000,171.692000
label,MET4,TEXT,2760.148000,148.029000,2790.292000,151.315000,30.144000,3.286000,2775.220000,149.672000
label,MET5,TEXT,2759.791000,38.909000,2790.649000,42.195000,30.858000,3.286000,2775.220000,40.552000
label,MET5,TEXT,2760.005000,15.839000,2790.435000,19.125000,30.430000,3.286000,2775.220000,17.482000
label,MET5,TEXT,2760.005000,170.049000,2790.435000,173.335000,30.430000,3.286000,2775.220000,171.692000
label,MET5,TEXT,2760.148000,148.029000,2790.292000,151.315000,30.144000,3.286000,2775.220000,149.672000
label,METTPL,TEXT,2760.041000,38.909000,2790.899000,42.195000,30.858000,3.286000,2775.470000,40.552000
label,METTPL,TEXT,2760.398000,148.029000,2790.542000,151.315000,30.144000,3.286000,2775.470000,149.672000
label,METTPL,TEXT,2676.255000,15.594000,2706.685000,18.880000,30.430000,3.286000,2691.470000,17.237000
label,METTPL,TEXT,2760.255000,15.594000,2790.685000,18.880000,30.430000,3.286000,2775.470000,17.237000
label,METTPL,TEXT,2676.255000,170.299000,2706.685000,173.585000,30.430000,3.286000,2691.470000,171.942000
label,METTPL,TEXT,2760.255000,170.299000,2790.685000,173.585000,30.430000,3.286000,2775.470000,171.942000
label,METTPL,pin,2854.005000,170.649000,2884.435000,173.935000,30.430000,3.286000,2869.220000,172.292000
label,METTPL,pin,2762.791000,170.649000,2808.649000,173.935000,45.858000,3.286000,2785.720000,172.292000
label,METTPL,pin,2838.576000,15.469000,2899.864000,18.755000,61.288000,3.286000,2869.220000,17.112000
label,METTPL,pin,2747.362000,15.469000,2824.078000,18.755000,76.716000,3.286000,2785.720000,17.112000
label,MET5,pin,2807.719000,170.399000,2930.721000,173.685000,123.002000,3.286000,2869.220000,172.042000
label,MET5,pin,2800.005000,15.839000,2938.435000,19.125000,138.430000,3.286000,2869.220000,17.482000
label,MET4,pin,2792.291000,170.399000,2946.149000,173.685000,153.858000,3.286000,2869.220000,172.042000
label,MET4,pin,2784.576000,15.839000,2953.864000,19.125000,169.288000,3.286000,2869.220000,17.482000
label,MET5,pin,2654.791000,170.399000,2916.649000,173.685000,261.858000,3.286000,2785.720000,172.042000
label,MET5,pin,2647.076000,15.839000,2924.364000,19.125000,277.288000,3.286000,2785.720000,17.482000
label,MET4,pin,2639.362000,170.399000,2932.078000,173.685000,292.716000,3.286000,2785.720000,172.042000
label,MET4,pin,2631.648000,15.839000,2939.792000,19.125000,308.144000,3.286000,2785.720000,17.482000
label,MET4,TEXT,2770.291000,38.909000,2801.149000,42.195000,30.858000,3.286000,2785.720000,40.552000
label,MET4,TEXT,2770.505000,15.839000,2800.935000,19.125000,30.430000,3.286000,2785.720000,17.482000
label,MET4,TEXT,2770.505000,170.049000,2800.935000,173.335000,30.430000,3.286000,2785.720000,171.692000
label,MET4,TEXT,2770.648000,148.029000,2800.792000,151.315000,30.144000,3.286000,2785.720000,149.672000
label,MET5,TEXT,2770.291000,38.909000,2801.149000,42.195000,30.858000,3.286000,2785.720000,40.552000
label,MET5,TEXT,2770.505000,15.839000,2800.935000,19.125000,30.430000,3.286000,2785.720000,17.482000
label,MET5,TEXT,2770.505000,170.049000,2800.935000,173.335000,30.430000,3.286000,2785.720000,171.692000
label,MET5,TEXT,2770.648000,148.029000,2800.792000,151.315000,30.144000,3.286000,2785.720000,149.672000
label,METTPL,TEXT,2770.041000,38.909000,2800.899000,42.195000,30.858000,3.286000,2785.470000,40.552000
label,METTPL,TEXT,2770.398000,148.029000,2800.542000,151.315000,30.144000,3.286000,2785.470000,149.672000
label,MET4,TEXT,2853.791000,38.909000,2884.649000,42.195000,30.858000,3.286000,2869.220000,40.552000
label,MET4,TEXT,2854.005000,15.839000,2884.435000,19.125000,30.430000,3.286000,2869.220000,17.482000
label,MET4,TEXT,2854.005000,170.049000,2884.435000,173.335000,30.430000,3.286000,2869.220000,171.692000
label,MET4,TEXT,2854.148000,148.029000,2884.292000,151.315000,30.144000,3.286000,2869.220000,149.672000
label,MET5,TEXT,2853.791000,38.909000,2884.649000,42.195000,30.858000,3.286000,2869.220000,40.552000
label,MET5,TEXT,2854.005000,15.839000,2884.435000,19.125000,30.430000,3.286000,2869.220000,17.482000
label,MET5,TEXT,2854.005000,170.049000,2884.435000,173.335000,30.430000,3.286000,2869.220000,171.692000
label,MET5,TEXT,2854.148000,148.029000,2884.292000,151.315000,30.144000,3.286000,2869.220000,149.672000
label,METTPL,TEXT,2854.041000,38.909000,2884.899000,42.195000,30.858000,3.286000,2869.470000,40.552000
label,METTPL,TEXT,2854.398000,148.029000,2884.542000,151.315000,30.144000,3.286000,2869.470000,149.672000
label,METTPL,TEXT,2770.255000,15.594000,2800.685000,18.880000,30.430000,3.286000,2785.470000,17.237000
label,METTPL,TEXT,2854.255000,15.594000,2884.685000,18.880000,30.430000,3.286000,2869.470000,17.237000
label,METTPL,TEXT,2770.255000,170.299000,2800.685000,173.585000,30.430000,3.286000,2785.470000,171.942000
label,METTPL,TEXT,2854.255000,170.299000,2884.685000,173.585000,30.430000,3.286000,2869.470000,171.942000
label,METTPL,pin,2948.005000,170.649000,2978.435000,173.935000,30.430000,3.286000,2963.220000,172.292000
label,METTPL,pin,2856.791000,170.649000,2902.649000,173.935000,45.858000,3.286000,2879.720000,172.292000
label,METTPL,pin,2932.576000,15.469000,2993.864000,18.755000,61.288000,3.286000,2963.220000,17.112000
label,METTPL,pin,2841.362000,15.469000,2918.078000,18.755000,76.716000,3.286000,2879.720000,17.112000
label,MET5,pin,2901.719000,170.399000,3024.721000,173.685000,123.002000,3.286000,2963.220000,172.042000
label,MET5,pin,2894.005000,15.839000,3032.435000,19.125000,138.430000,3.286000,2963.220000,17.482000
label,MET4,pin,2886.291000,170.399000,3040.149000,173.685000,153.858000,3.286000,2963.220000,172.042000
label,MET4,pin,2878.576000,15.839000,3047.864000,19.125000,169.288000,3.286000,2963.220000,17.482000
label,MET5,pin,2748.791000,170.399000,3010.649000,173.685000,261.858000,3.286000,2879.720000,172.042000
label,MET5,pin,2741.076000,15.839000,3018.364000,19.125000,277.288000,3.286000,2879.720000,17.482000
label,MET4,pin,2733.362000,170.399000,3026.078000,173.685000,292.716000,3.286000,2879.720000,172.042000
label,MET4,pin,2725.648000,15.839000,3033.792000,19.125000,308.144000,3.286000,2879.720000,17.482000
label,MET4,TEXT,2864.291000,38.909000,2895.149000,42.195000,30.858000,3.286000,2879.720000,40.552000
label,MET4,TEXT,2864.505000,15.839000,2894.935000,19.125000,30.430000,3.286000,2879.720000,17.482000
label,MET4,TEXT,2864.505000,170.049000,2894.935000,173.335000,30.430000,3.286000,2879.720000,171.692000
label,MET4,TEXT,2864.648000,148.029000,2894.792000,151.315000,30.144000,3.286000,2879.720000,149.672000
label,MET5,TEXT,2864.291000,38.909000,2895.149000,42.195000,30.858000,3.286000,2879.720000,40.552000
label,MET5,TEXT,2864.505000,15.839000,2894.935000,19.125000,30.430000,3.286000,2879.720000,17.482000
label,MET5,TEXT,2864.505000,170.049000,2894.935000,173.335000,30.430000,3.286000,2879.720000,171.692000
label,MET5,TEXT,2864.648000,148.029000,2894.792000,151.315000,30.144000,3.286000,2879.720000,149.672000
label,METTPL,TEXT,2864.041000,38.909000,2894.899000,42.195000,30.858000,3.286000,2879.470000,40.552000
label,METTPL,TEXT,2864.398000,148.029000,2894.542000,151.315000,30.144000,3.286000,2879.470000,149.672000
label,MET4,TEXT,2947.791000,38.909000,2978.649000,42.195000,30.858000,3.286000,2963.220000,40.552000
label,MET4,TEXT,2948.005000,15.839000,2978.435000,19.125000,30.430000,3.286000,2963.220000,17.482000
label,MET4,TEXT,2948.005000,170.049000,2978.435000,173.335000,30.430000,3.286000,2963.220000,171.692000
label,MET4,TEXT,2948.148000,148.029000,2978.292000,151.315000,30.144000,3.286000,2963.220000,149.672000
label,MET5,TEXT,2947.791000,38.909000,2978.649000,42.195000,30.858000,3.286000,2963.220000,40.552000
label,MET5,TEXT,2948.005000,15.839000,2978.435000,19.125000,30.430000,3.286000,2963.220000,17.482000
label,MET5,TEXT,2948.005000,170.049000,2978.435000,173.335000,30.430000,3.286000,2963.220000,171.692000
label,MET5,TEXT,2948.148000,148.029000,2978.292000,151.315000,30.144000,3.286000,2963.220000,149.672000
label,METTPL,TEXT,2948.041000,38.909000,2978.899000,42.195000,30.858000,3.286000,2963.470000,40.552000
label,METTPL,TEXT,2948.398000,148.029000,2978.542000,151.315000,30.144000,3.286000,2963.470000,149.672000
label,METTPL,TEXT,2864.255000,15.594000,2894.685000,18.880000,30.430000,3.286000,2879.470000,17.237000
label,METTPL,TEXT,2948.255000,15.594000,2978.685000,18.880000,30.430000,3.286000,2963.470000,17.237000
label,METTPL,TEXT,2864.255000,170.299000,2894.685000,173.585000,30.430000,3.286000,2879.470000,171.942000
label,METTPL,TEXT,2948.255000,170.299000,2978.685000,173.585000,30.430000,3.286000,2963.470000,171.942000
label,METTPL,pin,3042.005000,170.649000,3072.435000,173.935000,30.430000,3.286000,3057.220000,172.292000
label,METTPL,pin,2950.791000,170.649000,2996.649000,173.935000,45.858000,3.286000,2973.720000,172.292000
label,METTPL,pin,3026.576000,15.469000,3087.864000,18.755000,61.288000,3.286000,3057.220000,17.112000
label,METTPL,pin,2935.362000,15.469000,3012.078000,18.755000,76.716000,3.286000,2973.720000,17.112000
label,MET5,pin,2995.719000,170.399000,3118.721000,173.685000,123.002000,3.286000,3057.220000,172.042000
label,MET5,pin,2988.005000,15.839000,3126.435000,19.125000,138.430000,3.286000,3057.220000,17.482000
label,MET4,pin,2980.291000,170.399000,3134.149000,173.685000,153.858000,3.286000,3057.220000,172.042000
label,MET4,pin,2972.576000,15.839000,3141.864000,19.125000,169.288000,3.286000,3057.220000,17.482000
label,MET5,pin,2842.791000,170.399000,3104.649000,173.685000,261.858000,3.286000,2973.720000,172.042000
label,MET5,pin,2835.076000,15.839000,3112.364000,19.125000,277.288000,3.286000,2973.720000,17.482000
label,MET4,pin,2827.362000,170.399000,3120.078000,173.685000,292.716000,3.286000,2973.720000,172.042000
label,MET4,pin,2819.648000,15.839000,3127.792000,19.125000,308.144000,3.286000,2973.720000,17.482000
label,MET4,TEXT,2958.291000,38.909000,2989.149000,42.195000,30.858000,3.286000,2973.720000,40.552000
label,MET4,TEXT,2958.505000,15.839000,2988.935000,19.125000,30.430000,3.286000,2973.720000,17.482000
label,MET4,TEXT,2958.505000,170.049000,2988.935000,173.335000,30.430000,3.286000,2973.720000,171.692000
label,MET4,TEXT,2958.648000,148.029000,2988.792000,151.315000,30.144000,3.286000,2973.720000,149.672000
label,MET5,TEXT,2958.291000,38.909000,2989.149000,42.195000,30.858000,3.286000,2973.720000,40.552000
label,MET5,TEXT,2958.505000,15.839000,2988.935000,19.125000,30.430000,3.286000,2973.720000,17.482000
label,MET5,TEXT,2958.505000,170.049000,2988.935000,173.335000,30.430000,3.286000,2973.720000,171.692000
label,MET5,TEXT,2958.648000,148.029000,2988.792000,151.315000,30.144000,3.286000,2973.720000,149.672000
label,METTPL,TEXT,2958.041000,38.909000,2988.899000,42.195000,30.858000,3.286000,2973.470000,40.552000
label,METTPL,TEXT,2958.398000,148.029000,2988.542000,151.315000,30.144000,3.286000,2973.470000,149.672000
label,MET4,TEXT,3041.791000,38.909000,3072.649000,42.195000,30.858000,3.286000,3057.220000,40.552000
label,MET4,TEXT,3042.005000,15.839000,3072.435000,19.125000,30.430000,3.286000,3057.220000,17.482000
label,MET4,TEXT,3042.005000,170.049000,3072.435000,173.335000,30.430000,3.286000,3057.220000,171.692000
label,MET4,TEXT,3042.148000,148.029000,3072.292000,151.315000,30.144000,3.286000,3057.220000,149.672000
label,MET5,TEXT,3041.791000,38.909000,3072.649000,42.195000,30.858000,3.286000,3057.220000,40.552000
label,MET5,TEXT,3042.005000,15.839000,3072.435000,19.125000,30.430000,3.286000,3057.220000,17.482000
label,MET5,TEXT,3042.005000,170.049000,3072.435000,173.335000,30.430000,3.286000,3057.220000,171.692000
label,MET5,TEXT,3042.148000,148.029000,3072.292000,151.315000,30.144000,3.286000,3057.220000,149.672000
label,METTPL,TEXT,3042.041000,38.909000,3072.899000,42.195000,30.858000,3.286000,3057.470000,40.552000
label,METTPL,TEXT,3042.398000,148.029000,3072.542000,151.315000,30.144000,3.286000,3057.470000,149.672000
label,METTPL,TEXT,2958.255000,15.594000,2988.685000,18.880000,30.430000,3.286000,2973.470000,17.237000
label,METTPL,TEXT,3042.255000,15.594000,3072.685000,18.880000,30.430000,3.286000,3057.470000,17.237000
label,METTPL,TEXT,2958.255000,170.299000,2988.685000,173.585000,30.430000,3.286000,2973.470000,171.942000
label,METTPL,TEXT,3042.255000,170.299000,3072.685000,173.585000,30.430000,3.286000,3057.470000,171.942000
label,METTPL,pin,3136.005000,170.649000,3166.435000,173.935000,30.430000,3.286000,3151.220000,172.292000
label,METTPL,pin,3044.791000,170.649000,3090.649000,173.935000,45.858000,3.286000,3067.720000,172.292000
label,METTPL,pin,3120.576000,15.469000,3181.864000,18.755000,61.288000,3.286000,3151.220000,17.112000
label,METTPL,pin,3029.362000,15.469000,3106.078000,18.755000,76.716000,3.286000,3067.720000,17.112000
label,MET5,pin,3089.719000,170.399000,3212.721000,173.685000,123.002000,3.286000,3151.220000,172.042000
label,MET5,pin,3082.005000,15.839000,3220.435000,19.125000,138.430000,3.286000,3151.220000,17.482000
label,MET4,pin,3074.291000,170.399000,3228.149000,173.685000,153.858000,3.286000,3151.220000,172.042000
label,MET4,pin,3066.576000,15.839000,3235.864000,19.125000,169.288000,3.286000,3151.220000,17.482000
label,MET5,pin,2936.791000,170.399000,3198.649000,173.685000,261.858000,3.286000,3067.720000,172.042000
label,MET5,pin,2929.076000,15.839000,3206.364000,19.125000,277.288000,3.286000,3067.720000,17.482000
label,MET4,pin,2921.362000,170.399000,3214.078000,173.685000,292.716000,3.286000,3067.720000,172.042000
label,MET4,pin,2913.648000,15.839000,3221.792000,19.125000,308.144000,3.286000,3067.720000,17.482000
label,MET4,TEXT,3052.291000,38.909000,3083.149000,42.195000,30.858000,3.286000,3067.720000,40.552000
label,MET4,TEXT,3052.505000,15.839000,3082.935000,19.125000,30.430000,3.286000,3067.720000,17.482000
label,MET4,TEXT,3052.505000,170.049000,3082.935000,173.335000,30.430000,3.286000,3067.720000,171.692000
label,MET4,TEXT,3052.648000,148.029000,3082.792000,151.315000,30.144000,3.286000,3067.720000,149.672000
label,MET5,TEXT,3052.291000,38.909000,3083.149000,42.195000,30.858000,3.286000,3067.720000,40.552000
label,MET5,TEXT,3052.505000,15.839000,3082.935000,19.125000,30.430000,3.286000,3067.720000,17.482000
label,MET5,TEXT,3052.505000,170.049000,3082.935000,173.335000,30.430000,3.286000,3067.720000,171.692000
label,MET5,TEXT,3052.648000,148.029000,3082.792000,151.315000,30.144000,3.286000,3067.720000,149.672000
label,METTPL,TEXT,3052.041000,38.909000,3082.899000,42.195000,30.858000,3.286000,3067.470000,40.552000
label,METTPL,TEXT,3052.398000,148.029000,3082.542000,151.315000,30.144000,3.286000,3067.470000,149.672000
label,MET4,TEXT,3135.791000,38.909000,3166.649000,42.195000,30.858000,3.286000,3151.220000,40.552000
label,MET4,TEXT,3136.005000,15.839000,3166.435000,19.125000,30.430000,3.286000,3151.220000,17.482000
label,MET4,TEXT,3136.005000,170.049000,3166.435000,173.335000,30.430000,3.286000,3151.220000,171.692000
label,MET4,TEXT,3136.148000,148.029000,3166.292000,151.315000,30.144000,3.286000,3151.220000,149.672000
label,MET5,TEXT,3135.791000,38.909000,3166.649000,42.195000,30.858000,3.286000,3151.220000,40.552000
label,MET5,TEXT,3136.005000,15.839000,3166.435000,19.125000,30.430000,3.286000,3151.220000,17.482000
label,MET5,TEXT,3136.005000,170.049000,3166.435000,173.335000,30.430000,3.286000,3151.220000,171.692000
label,MET5,TEXT,3136.148000,148.029000,3166.292000,151.315000,30.144000,3.286000,3151.220000,149.672000
label,METTPL,TEXT,3136.041000,38.909000,3166.899000,42.195000,30.858000,3.286000,3151.470000,40.552000
label,METTPL,TEXT,3136.398000,148.029000,3166.542000,151.315000,30.144000,3.286000,3151.470000,149.672000
label,METTPL,TEXT,3052.255000,15.594000,3082.685000,18.880000,30.430000,3.286000,3067.470000,17.237000
label,METTPL,TEXT,3136.255000,15.594000,3166.685000,18.880000,30.430000,3.286000,3151.470000,17.237000
label,METTPL,TEXT,3052.255000,170.299000,3082.685000,173.585000,30.430000,3.286000,3067.470000,171.942000
label,METTPL,TEXT,3136.255000,170.299000,3166.685000,173.585000,30.430000,3.286000,3151.470000,171.942000
label,METTPL,pin,3230.005000,170.649000,3260.435000,173.935000,30.430000,3.286000,3245.220000,172.292000
label,METTPL,pin,3138.791000,170.649000,3184.649000,173.935000,45.858000,3.286000,3161.720000,172.292000
label,METTPL,pin,3214.576000,15.469000,3275.864000,18.755000,61.288000,3.286000,3245.220000,17.112000
label,METTPL,pin,3123.362000,15.469000,3200.078000,18.755000,76.716000,3.286000,3161.720000,17.112000
label,MET5,pin,3183.719000,170.399000,3306.721000,173.685000,123.002000,3.286000,3245.220000,172.042000
label,MET5,pin,3176.005000,15.839000,3314.435000,19.125000,138.430000,3.286000,3245.220000,17.482000
label,MET4,pin,3168.291000,170.399000,3322.149000,173.685000,153.858000,3.286000,3245.220000,172.042000
label,MET4,pin,3160.576000,15.839000,3329.864000,19.125000,169.288000,3.286000,3245.220000,17.482000
label,MET5,pin,3030.791000,170.399000,3292.649000,173.685000,261.858000,3.286000,3161.720000,172.042000
label,MET5,pin,3023.076000,15.839000,3300.364000,19.125000,277.288000,3.286000,3161.720000,17.482000
label,MET4,pin,3015.362000,170.399000,3308.078000,173.685000,292.716000,3.286000,3161.720000,172.042000
label,MET4,pin,3007.648000,15.839000,3315.792000,19.125000,308.144000,3.286000,3161.720000,17.482000
label,MET4,TEXT,3146.291000,38.909000,3177.149000,42.195000,30.858000,3.286000,3161.720000,40.552000
label,MET4,TEXT,3146.505000,15.839000,3176.935000,19.125000,30.430000,3.286000,3161.720000,17.482000
label,MET4,TEXT,3146.505000,170.049000,3176.935000,173.335000,30.430000,3.286000,3161.720000,171.692000
label,MET4,TEXT,3146.648000,148.029000,3176.792000,151.315000,30.144000,3.286000,3161.720000,149.672000
label,MET5,TEXT,3146.291000,38.909000,3177.149000,42.195000,30.858000,3.286000,3161.720000,40.552000
label,MET5,TEXT,3146.505000,15.839000,3176.935000,19.125000,30.430000,3.286000,3161.720000,17.482000
label,MET5,TEXT,3146.505000,170.049000,3176.935000,173.335000,30.430000,3.286000,3161.720000,171.692000
label,MET5,TEXT,3146.648000,148.029000,3176.792000,151.315000,30.144000,3.286000,3161.720000,149.672000
label,METTPL,TEXT,3146.041000,38.909000,3176.899000,42.195000,30.858000,3.286000,3161.470000,40.552000
label,METTPL,TEXT,3146.398000,148.029000,3176.542000,151.315000,30.144000,3.286000,3161.470000,149.672000
label,MET4,TEXT,3229.791000,38.909000,3260.649000,42.195000,30.858000,3.286000,3245.220000,40.552000
label,MET4,TEXT,3230.005000,15.839000,3260.435000,19.125000,30.430000,3.286000,3245.220000,17.482000
label,MET4,TEXT,3230.005000,170.049000,3260.435000,173.335000,30.430000,3.286000,3245.220000,171.692000
label,MET4,TEXT,3230.148000,148.029000,3260.292000,151.315000,30.144000,3.286000,3245.220000,149.672000
label,MET5,TEXT,3229.791000,38.909000,3260.649000,42.195000,30.858000,3.286000,3245.220000,40.552000
label,MET5,TEXT,3230.005000,15.839000,3260.435000,19.125000,30.430000,3.286000,3245.220000,17.482000
label,MET5,TEXT,3230.005000,170.049000,3260.435000,173.335000,30.430000,3.286000,3245.220000,171.692000
label,MET5,TEXT,3230.148000,148.029000,3260.292000,151.315000,30.144000,3.286000,3245.220000,149.672000
label,METTPL,TEXT,3230.041000,38.909000,3260.899000,42.195000,30.858000,3.286000,3245.470000,40.552000
label,METTPL,TEXT,3230.398000,148.029000,3260.542000,151.315000,30.144000,3.286000,3245.470000,149.672000
label,METTPL,TEXT,3146.255000,15.594000,3176.685000,18.880000,30.430000,3.286000,3161.470000,17.237000
label,METTPL,TEXT,3230.255000,15.594000,3260.685000,18.880000,30.430000,3.286000,3245.470000,17.237000
label,METTPL,TEXT,3146.255000,170.299000,3176.685000,173.585000,30.430000,3.286000,3161.470000,171.942000
label,METTPL,TEXT,3230.255000,170.299000,3260.685000,173.585000,30.430000,3.286000,3245.470000,171.942000
label,METTPL,pin,3324.005000,170.649000,3354.435000,173.935000,30.430000,3.286000,3339.220000,172.292000
label,METTPL,pin,3232.791000,170.649000,3278.649000,173.935000,45.858000,3.286000,3255.720000,172.292000
label,METTPL,pin,3308.576000,15.469000,3369.864000,18.755000,61.288000,3.286000,3339.220000,17.112000
label,METTPL,pin,3217.362000,15.469000,3294.078000,18.755000,76.716000,3.286000,3255.720000,17.112000
label,MET5,pin,3277.719000,170.399000,3400.721000,173.685000,123.002000,3.286000,3339.220000,172.042000
label,MET5,pin,3270.005000,15.839000,3408.435000,19.125000,138.430000,3.286000,3339.220000,17.482000
label,MET4,pin,3262.291000,170.399000,3416.149000,173.685000,153.858000,3.286000,3339.220000,172.042000
label,MET4,pin,3254.576000,15.839000,3423.864000,19.125000,169.288000,3.286000,3339.220000,17.482000
label,MET5,pin,3124.791000,170.399000,3386.649000,173.685000,261.858000,3.286000,3255.720000,172.042000
label,MET5,pin,3117.076000,15.839000,3394.364000,19.125000,277.288000,3.286000,3255.720000,17.482000
label,MET4,pin,3109.362000,170.399000,3402.078000,173.685000,292.716000,3.286000,3255.720000,172.042000
label,MET4,pin,3101.648000,15.839000,3409.792000,19.125000,308.144000,3.286000,3255.720000,17.482000
label,MET4,TEXT,3240.291000,38.909000,3271.149000,42.195000,30.858000,3.286000,3255.720000,40.552000
label,MET4,TEXT,3240.505000,15.839000,3270.935000,19.125000,30.430000,3.286000,3255.720000,17.482000
label,MET4,TEXT,3240.505000,170.049000,3270.935000,173.335000,30.430000,3.286000,3255.720000,171.692000
label,MET4,TEXT,3240.648000,148.029000,3270.792000,151.315000,30.144000,3.286000,3255.720000,149.672000
label,MET5,TEXT,3240.291000,38.909000,3271.149000,42.195000,30.858000,3.286000,3255.720000,40.552000
label,MET5,TEXT,3240.505000,15.839000,3270.935000,19.125000,30.430000,3.286000,3255.720000,17.482000
label,MET5,TEXT,3240.505000,170.049000,3270.935000,173.335000,30.430000,3.286000,3255.720000,171.692000
label,MET5,TEXT,3240.648000,148.029000,3270.792000,151.315000,30.144000,3.286000,3255.720000,149.672000
label,METTPL,TEXT,3240.041000,38.909000,3270.899000,42.195000,30.858000,3.286000,3255.470000,40.552000
label,METTPL,TEXT,3240.398000,148.029000,3270.542000,151.315000,30.144000,3.286000,3255.470000,149.672000
label,MET4,TEXT,3323.791000,38.909000,3354.649000,42.195000,30.858000,3.286000,3339.220000,40.552000
label,MET4,TEXT,3324.005000,15.839000,3354.435000,19.125000,30.430000,3.286000,3339.220000,17.482000
label,MET4,TEXT,3324.005000,170.049000,3354.435000,173.335000,30.430000,3.286000,3339.220000,171.692000
label,MET4,TEXT,3324.148000,148.029000,3354.292000,151.315000,30.144000,3.286000,3339.220000,149.672000
label,MET5,TEXT,3323.791000,38.909000,3354.649000,42.195000,30.858000,3.286000,3339.220000,40.552000
label,MET5,TEXT,3324.005000,15.839000,3354.435000,19.125000,30.430000,3.286000,3339.220000,17.482000
label,MET5,TEXT,3324.005000,170.049000,3354.435000,173.335000,30.430000,3.286000,3339.220000,171.692000
label,MET5,TEXT,3324.148000,148.029000,3354.292000,151.315000,30.144000,3.286000,3339.220000,149.672000
label,METTPL,TEXT,3324.041000,38.909000,3354.899000,42.195000,30.858000,3.286000,3339.470000,40.552000
label,METTPL,TEXT,3324.398000,148.029000,3354.542000,151.315000,30.144000,3.286000,3339.470000,149.672000
label,METTPL,TEXT,3240.255000,15.594000,3270.685000,18.880000,30.430000,3.286000,3255.470000,17.237000
label,METTPL,TEXT,3324.255000,15.594000,3354.685000,18.880000,30.430000,3.286000,3339.470000,17.237000
label,METTPL,TEXT,3240.255000,170.299000,3270.685000,173.585000,30.430000,3.286000,3255.470000,171.942000
label,METTPL,TEXT,3324.255000,170.299000,3354.685000,173.585000,30.430000,3.286000,3339.470000,171.942000
label,METTPL,pin,3418.005000,170.649000,3448.435000,173.935000,30.430000,3.286000,3433.220000,172.292000
label,METTPL,pin,3326.791000,170.649000,3372.649000,173.935000,45.858000,3.286000,3349.720000,172.292000
label,METTPL,pin,3402.576000,15.469000,3463.864000,18.755000,61.288000,3.286000,3433.220000,17.112000
label,METTPL,pin,3311.362000,15.469000,3388.078000,18.755000,76.716000,3.286000,3349.720000,17.112000
label,MET5,pin,3371.719000,170.399000,3494.721000,173.685000,123.002000,3.286000,3433.220000,172.042000
label,MET5,pin,3364.005000,15.839000,3502.435000,19.125000,138.430000,3.286000,3433.220000,17.482000
label,MET4,pin,3356.291000,170.399000,3510.149000,173.685000,153.858000,3.286000,3433.220000,172.042000
label,MET4,pin,3348.576000,15.839000,3517.864000,19.125000,169.288000,3.286000,3433.220000,17.482000
label,MET5,pin,3218.791000,170.399000,3480.649000,173.685000,261.858000,3.286000,3349.720000,172.042000
label,MET5,pin,3211.076000,15.839000,3488.364000,19.125000,277.288000,3.286000,3349.720000,17.482000
label,MET4,pin,3203.362000,170.399000,3496.078000,173.685000,292.716000,3.286000,3349.720000,172.042000
label,MET4,pin,3195.648000,15.839000,3503.792000,19.125000,308.144000,3.286000,3349.720000,17.482000
label,MET4,TEXT,3334.291000,38.909000,3365.149000,42.195000,30.858000,3.286000,3349.720000,40.552000
label,MET4,TEXT,3334.505000,15.839000,3364.935000,19.125000,30.430000,3.286000,3349.720000,17.482000
label,MET4,TEXT,3334.505000,170.049000,3364.935000,173.335000,30.430000,3.286000,3349.720000,171.692000
label,MET4,TEXT,3334.648000,148.029000,3364.792000,151.315000,30.144000,3.286000,3349.720000,149.672000
label,MET5,TEXT,3334.291000,38.909000,3365.149000,42.195000,30.858000,3.286000,3349.720000,40.552000
label,MET5,TEXT,3334.505000,15.839000,3364.935000,19.125000,30.430000,3.286000,3349.720000,17.482000
label,MET5,TEXT,3334.505000,170.049000,3364.935000,173.335000,30.430000,3.286000,3349.720000,171.692000
label,MET5,TEXT,3334.648000,148.029000,3364.792000,151.315000,30.144000,3.286000,3349.720000,149.672000
label,METTPL,TEXT,3334.041000,38.909000,3364.899000,42.195000,30.858000,3.286000,3349.470000,40.552000
label,METTPL,TEXT,3334.398000,148.029000,3364.542000,151.315000,30.144000,3.286000,3349.470000,149.672000
label,MET4,TEXT,3417.791000,38.909000,3448.649000,42.195000,30.858000,3.286000,3433.220000,40.552000
label,MET4,TEXT,3418.005000,15.839000,3448.435000,19.125000,30.430000,3.286000,3433.220000,17.482000
label,MET4,TEXT,3418.005000,170.049000,3448.435000,173.335000,30.430000,3.286000,3433.220000,171.692000
label,MET4,TEXT,3418.148000,148.029000,3448.292000,151.315000,30.144000,3.286000,3433.220000,149.672000
label,MET5,TEXT,3417.791000,38.909000,3448.649000,42.195000,30.858000,3.286000,3433.220000,40.552000
label,MET5,TEXT,3418.005000,15.839000,3448.435000,19.125000,30.430000,3.286000,3433.220000,17.482000
label,MET5,TEXT,3418.005000,170.049000,3448.435000,173.335000,30.430000,3.286000,3433.220000,171.692000
label,MET5,TEXT,3418.148000,148.029000,3448.292000,151.315000,30.144000,3.286000,3433.220000,149.672000
label,METTPL,TEXT,3418.041000,38.909000,3448.899000,42.195000,30.858000,3.286000,3433.470000,40.552000
label,METTPL,TEXT,3418.398000,148.029000,3448.542000,151.315000,30.144000,3.286000,3433.470000,149.672000
label,METTPL,TEXT,3334.255000,15.594000,3364.685000,18.880000,30.430000,3.286000,3349.470000,17.237000
label,METTPL,TEXT,3418.255000,15.594000,3448.685000,18.880000,30.430000,3.286000,3433.470000,17.237000
label,METTPL,TEXT,3334.255000,170.299000,3364.685000,173.585000,30.430000,3.286000,3349.470000,171.942000
label,METTPL,TEXT,3418.255000,170.299000,3448.685000,173.585000,30.430000,3.286000,3433.470000,171.942000
label,METTPL,pin,3434.975000,276.519000,3465.405000,279.805000,30.430000,3.286000,3450.190000,278.162000
label,METTPL,pin,3427.261000,193.019000,3473.119000,196.305000,45.858000,3.286000,3450.190000,194.662000
label,METTPL,pin,3574.726000,276.519000,3636.014000,279.805000,61.288000,3.286000,3605.370000,278.162000
label,METTPL,pin,3567.012000,193.019000,3643.728000,196.305000,76.716000,3.286000,3605.370000,194.662000
label,MET5,pin,3388.939000,276.519000,3511.941000,279.805000,123.002000,3.286000,3450.440000,278.162000
label,MET5,pin,3535.785000,276.519000,3674.215000,279.805000,138.430000,3.286000,3605.000000,278.162000
label,MET4,pin,3373.511000,276.519000,3527.369000,279.805000,153.858000,3.286000,3450.440000,278.162000
label,MET4,pin,3520.356000,276.519000,3689.644000,279.805000,169.288000,3.286000,3605.000000,278.162000
label,MET5,pin,3319.511000,193.019000,3581.369000,196.305000,261.858000,3.286000,3450.440000,194.662000
label,MET5,pin,3466.356000,193.019000,3743.644000,196.305000,277.288000,3.286000,3605.000000,194.662000
label,MET4,pin,3304.082000,193.019000,3596.798000,196.305000,292.716000,3.286000,3450.440000,194.662000
label,MET4,pin,3450.928000,193.019000,3759.072000,196.305000,308.144000,3.286000,3605.000000,194.662000
label,MET4,TEXT,3566.501000,193.019000,3597.359000,196.305000,30.858000,3.286000,3581.930000,194.662000
label,MET4,TEXT,3589.785000,193.019000,3620.215000,196.305000,30.430000,3.286000,3605.000000,194.662000
label,MET4,TEXT,3435.575000,193.019000,3466.005000,196.305000,30.430000,3.286000,3450.790000,194.662000
label,MET4,TEXT,3457.738000,193.019000,3487.882000,196.305000,30.144000,3.286000,3472.810000,194.662000
label,MET5,TEXT,3566.501000,193.019000,3597.359000,196.305000,30.858000,3.286000,3581.930000,194.662000
label,MET5,TEXT,3589.785000,193.019000,3620.215000,196.305000,30.430000,3.286000,3605.000000,194.662000
label,MET5,TEXT,3435.575000,193.019000,3466.005000,196.305000,30.430000,3.286000,3450.790000,194.662000
label,MET5,TEXT,3457.738000,193.019000,3487.882000,196.305000,30.144000,3.286000,3472.810000,194.662000
label,METTPL,TEXT,3566.501000,192.769000,3597.359000,196.055000,30.858000,3.286000,3581.930000,194.412000
label,METTPL,TEXT,3457.738000,192.769000,3487.882000,196.055000,30.144000,3.286000,3472.810000,194.412000
label,MET4,TEXT,3566.501000,276.519000,3597.359000,279.805000,30.858000,3.286000,3581.930000,278.162000
label,MET4,TEXT,3589.785000,276.519000,3620.215000,279.805000,30.430000,3.286000,3605.000000,278.162000
label,MET4,TEXT,3435.575000,276.519000,3466.005000,279.805000,30.430000,3.286000,3450.790000,278.162000
label,MET4,TEXT,3457.738000,276.519000,3487.882000,279.805000,30.144000,3.286000,3472.810000,278.162000
label,MET5,TEXT,3566.501000,276.519000,3597.359000,279.805000,30.858000,3.286000,3581.930000,278.162000
label,MET5,TEXT,3589.785000,276.519000,3620.215000,279.805000,30.430000,3.286000,3605.000000,278.162000
label,MET5,TEXT,3435.575000,276.519000,3466.005000,279.805000,30.430000,3.286000,3450.790000,278.162000
label,MET5,TEXT,3457.738000,276.519000,3487.882000,279.805000,30.144000,3.286000,3472.810000,278.162000
label,METTPL,TEXT,3566.501000,276.769000,3597.359000,280.055000,30.858000,3.286000,3581.930000,278.412000
label,METTPL,TEXT,3457.738000,276.769000,3487.882000,280.055000,30.144000,3.286000,3472.810000,278.412000
label,METTPL,TEXT,3590.030000,192.769000,3620.460000,196.055000,30.430000,3.286000,3605.245000,194.412000
label,METTPL,TEXT,3590.030000,276.769000,3620.460000,280.055000,30.430000,3.286000,3605.245000,278.412000
label,METTPL,TEXT,3435.325000,192.769000,3465.755000,196.055000,30.430000,3.286000,3450.540000,194.412000
label,METTPL,TEXT,3435.325000,276.769000,3465.755000,280.055000,30.430000,3.286000,3450.540000,278.412000
label,METTPL,pin,3434.975000,370.519000,3465.405000,373.805000,30.430000,3.286000,3450.190000,372.162000
label,METTPL,pin,3427.261000,287.019000,3473.119000,290.305000,45.858000,3.286000,3450.190000,288.662000
label,METTPL,pin,3574.726000,370.519000,3636.014000,373.805000,61.288000,3.286000,3605.370000,372.162000
label,METTPL,pin,3567.012000,287.019000,3643.728000,290.305000,76.716000,3.286000,3605.370000,288.662000
label,MET5,pin,3388.939000,370.519000,3511.941000,373.805000,123.002000,3.286000,3450.440000,372.162000
label,MET5,pin,3535.785000,370.519000,3674.215000,373.805000,138.430000,3.286000,3605.000000,372.162000
label,MET4,pin,3373.511000,370.519000,3527.369000,373.805000,153.858000,3.286000,3450.440000,372.162000
label,MET4,pin,3520.356000,370.519000,3689.644000,373.805000,169.288000,3.286000,3605.000000,372.162000
label,MET5,pin,3319.511000,287.019000,3581.369000,290.305000,261.858000,3.286000,3450.440000,288.662000
label,MET5,pin,3466.356000,287.019000,3743.644000,290.305000,277.288000,3.286000,3605.000000,288.662000
label,MET4,pin,3304.082000,287.019000,3596.798000,290.305000,292.716000,3.286000,3450.440000,288.662000
label,MET4,pin,3450.928000,287.019000,3759.072000,290.305000,308.144000,3.286000,3605.000000,288.662000
label,MET4,TEXT,3566.501000,287.019000,3597.359000,290.305000,30.858000,3.286000,3581.930000,288.662000
label,MET4,TEXT,3589.785000,287.019000,3620.215000,290.305000,30.430000,3.286000,3605.000000,288.662000
label,MET4,TEXT,3435.575000,287.019000,3466.005000,290.305000,30.430000,3.286000,3450.790000,288.662000
label,MET4,TEXT,3457.738000,287.019000,3487.882000,290.305000,30.144000,3.286000,3472.810000,288.662000
label,MET5,TEXT,3566.501000,287.019000,3597.359000,290.305000,30.858000,3.286000,3581.930000,288.662000
label,MET5,TEXT,3589.785000,287.019000,3620.215000,290.305000,30.430000,3.286000,3605.000000,288.662000
label,MET5,TEXT,3435.575000,287.019000,3466.005000,290.305000,30.430000,3.286000,3450.790000,288.662000
label,MET5,TEXT,3457.738000,287.019000,3487.882000,290.305000,30.144000,3.286000,3472.810000,288.662000
label,METTPL,TEXT,3566.501000,286.769000,3597.359000,290.055000,30.858000,3.286000,3581.930000,288.412000
label,METTPL,TEXT,3457.738000,286.769000,3487.882000,290.055000,30.144000,3.286000,3472.810000,288.412000
label,MET4,TEXT,3566.501000,370.519000,3597.359000,373.805000,30.858000,3.286000,3581.930000,372.162000
label,MET4,TEXT,3589.785000,370.519000,3620.215000,373.805000,30.430000,3.286000,3605.000000,372.162000
label,MET4,TEXT,3435.575000,370.519000,3466.005000,373.805000,30.430000,3.286000,3450.790000,372.162000
label,MET4,TEXT,3457.738000,370.519000,3487.882000,373.805000,30.144000,3.286000,3472.810000,372.162000
label,MET5,TEXT,3566.501000,370.519000,3597.359000,373.805000,30.858000,3.286000,3581.930000,372.162000
label,MET5,TEXT,3589.785000,370.519000,3620.215000,373.805000,30.430000,3.286000,3605.000000,372.162000
label,MET5,TEXT,3435.575000,370.519000,3466.005000,373.805000,30.430000,3.286000,3450.790000,372.162000
label,MET5,TEXT,3457.738000,370.519000,3487.882000,373.805000,30.144000,3.286000,3472.810000,372.162000
label,METTPL,TEXT,3566.501000,370.769000,3597.359000,374.055000,30.858000,3.286000,3581.930000,372.412000
label,METTPL,TEXT,3457.738000,370.769000,3487.882000,374.055000,30.144000,3.286000,3472.810000,372.412000
label,METTPL,TEXT,3590.030000,286.769000,3620.460000,290.055000,30.430000,3.286000,3605.245000,288.412000
label,METTPL,TEXT,3590.030000,370.769000,3620.460000,374.055000,30.430000,3.286000,3605.245000,372.412000
label,METTPL,TEXT,3435.325000,286.769000,3465.755000,290.055000,30.430000,3.286000,3450.540000,288.412000
label,METTPL,TEXT,3435.325000,370.769000,3465.755000,374.055000,30.430000,3.286000,3450.540000,372.412000
label,METTPL,pin,3434.975000,464.519000,3465.405000,467.805000,30.430000,3.286000,3450.190000,466.162000
label,METTPL,pin,3427.261000,381.019000,3473.119000,384.305000,45.858000,3.286000,3450.190000,382.662000
label,METTPL,pin,3574.726000,464.519000,3636.014000,467.805000,61.288000,3.286000,3605.370000,466.162000
label,METTPL,pin,3567.012000,381.019000,3643.728000,384.305000,76.716000,3.286000,3605.370000,382.662000
label,MET5,pin,3388.939000,464.519000,3511.941000,467.805000,123.002000,3.286000,3450.440000,466.162000
label,MET5,pin,3535.785000,464.519000,3674.215000,467.805000,138.430000,3.286000,3605.000000,466.162000
label,MET4,pin,3373.511000,464.519000,3527.369000,467.805000,153.858000,3.286000,3450.440000,466.162000
label,MET4,pin,3520.356000,464.519000,3689.644000,467.805000,169.288000,3.286000,3605.000000,466.162000
label,MET5,pin,3319.511000,381.019000,3581.369000,384.305000,261.858000,3.286000,3450.440000,382.662000
label,MET5,pin,3466.356000,381.019000,3743.644000,384.305000,277.288000,3.286000,3605.000000,382.662000
label,MET4,pin,3304.082000,381.019000,3596.798000,384.305000,292.716000,3.286000,3450.440000,382.662000
label,MET4,pin,3450.928000,381.019000,3759.072000,384.305000,308.144000,3.286000,3605.000000,382.662000
label,MET4,TEXT,3566.501000,381.019000,3597.359000,384.305000,30.858000,3.286000,3581.930000,382.662000
label,MET4,TEXT,3589.785000,381.019000,3620.215000,384.305000,30.430000,3.286000,3605.000000,382.662000
label,MET4,TEXT,3435.575000,381.019000,3466.005000,384.305000,30.430000,3.286000,3450.790000,382.662000
label,MET4,TEXT,3457.738000,381.019000,3487.882000,384.305000,30.144000,3.286000,3472.810000,382.662000
label,MET5,TEXT,3566.501000,381.019000,3597.359000,384.305000,30.858000,3.286000,3581.930000,382.662000
label,MET5,TEXT,3589.785000,381.019000,3620.215000,384.305000,30.430000,3.286000,3605.000000,382.662000
label,MET5,TEXT,3435.575000,381.019000,3466.005000,384.305000,30.430000,3.286000,3450.790000,382.662000
label,MET5,TEXT,3457.738000,381.019000,3487.882000,384.305000,30.144000,3.286000,3472.810000,382.662000
label,METTPL,TEXT,3566.501000,380.769000,3597.359000,384.055000,30.858000,3.286000,3581.930000,382.412000
label,METTPL,TEXT,3457.738000,380.769000,3487.882000,384.055000,30.144000,3.286000,3472.810000,382.412000
label,MET4,TEXT,3566.501000,464.519000,3597.359000,467.805000,30.858000,3.286000,3581.930000,466.162000
label,MET4,TEXT,3589.785000,464.519000,3620.215000,467.805000,30.430000,3.286000,3605.000000,466.162000
label,MET4,TEXT,3435.575000,464.519000,3466.005000,467.805000,30.430000,3.286000,3450.790000,466.162000
label,MET4,TEXT,3457.738000,464.519000,3487.882000,467.805000,30.144000,3.286000,3472.810000,466.162000
label,MET5,TEXT,3566.501000,464.519000,3597.359000,467.805000,30.858000,3.286000,3581.930000,466.162000
label,MET5,TEXT,3589.785000,464.519000,3620.215000,467.805000,30.430000,3.286000,3605.000000,466.162000
label,MET5,TEXT,3435.575000,464.519000,3466.005000,467.805000,30.430000,3.286000,3450.790000,466.162000
label,MET5,TEXT,3457.738000,464.519000,3487.882000,467.805000,30.144000,3.286000,3472.810000,466.162000
label,METTPL,TEXT,3566.501000,464.769000,3597.359000,468.055000,30.858000,3.286000,3581.930000,466.412000
label,METTPL,TEXT,3457.738000,464.769000,3487.882000,468.055000,30.144000,3.286000,3472.810000,466.412000
label,METTPL,TEXT,3590.030000,380.769000,3620.460000,384.055000,30.430000,3.286000,3605.245000,382.412000
label,METTPL,TEXT,3590.030000,464.769000,3620.460000,468.055000,30.430000,3.286000,3605.245000,466.412000
label,METTPL,TEXT,3435.325000,380.769000,3465.755000,384.055000,30.430000,3.286000,3450.540000,382.412000
label,METTPL,TEXT,3435.325000,464.769000,3465.755000,468.055000,30.430000,3.286000,3450.540000,466.412000
label,METTPL,pin,3434.975000,558.519000,3465.405000,561.805000,30.430000,3.286000,3450.190000,560.162000
label,METTPL,pin,3427.261000,475.019000,3473.119000,478.305000,45.858000,3.286000,3450.190000,476.662000
label,METTPL,pin,3574.726000,558.519000,3636.014000,561.805000,61.288000,3.286000,3605.370000,560.162000
label,METTPL,pin,3567.012000,475.019000,3643.728000,478.305000,76.716000,3.286000,3605.370000,476.662000
label,MET5,pin,3388.939000,558.519000,3511.941000,561.805000,123.002000,3.286000,3450.440000,560.162000
label,MET5,pin,3535.785000,558.519000,3674.215000,561.805000,138.430000,3.286000,3605.000000,560.162000
label,MET4,pin,3373.511000,558.519000,3527.369000,561.805000,153.858000,3.286000,3450.440000,560.162000
label,MET4,pin,3520.356000,558.519000,3689.644000,561.805000,169.288000,3.286000,3605.000000,560.162000
label,MET5,pin,3319.511000,475.019000,3581.369000,478.305000,261.858000,3.286000,3450.440000,476.662000
label,MET5,pin,3466.356000,475.019000,3743.644000,478.305000,277.288000,3.286000,3605.000000,476.662000
label,MET4,pin,3304.082000,475.019000,3596.798000,478.305000,292.716000,3.286000,3450.440000,476.662000
label,MET4,pin,3450.928000,475.019000,3759.072000,478.305000,308.144000,3.286000,3605.000000,476.662000
label,MET4,TEXT,3566.501000,475.019000,3597.359000,478.305000,30.858000,3.286000,3581.930000,476.662000
label,MET4,TEXT,3589.785000,475.019000,3620.215000,478.305000,30.430000,3.286000,3605.000000,476.662000
label,MET4,TEXT,3435.575000,475.019000,3466.005000,478.305000,30.430000,3.286000,3450.790000,476.662000
label,MET4,TEXT,3457.738000,475.019000,3487.882000,478.305000,30.144000,3.286000,3472.810000,476.662000
label,MET5,TEXT,3566.501000,475.019000,3597.359000,478.305000,30.858000,3.286000,3581.930000,476.662000
label,MET5,TEXT,3589.785000,475.019000,3620.215000,478.305000,30.430000,3.286000,3605.000000,476.662000
label,MET5,TEXT,3435.575000,475.019000,3466.005000,478.305000,30.430000,3.286000,3450.790000,476.662000
label,MET5,TEXT,3457.738000,475.019000,3487.882000,478.305000,30.144000,3.286000,3472.810000,476.662000
label,METTPL,TEXT,3566.501000,474.769000,3597.359000,478.055000,30.858000,3.286000,3581.930000,476.412000
label,METTPL,TEXT,3457.738000,474.769000,3487.882000,478.055000,30.144000,3.286000,3472.810000,476.412000
label,MET4,TEXT,3566.501000,558.519000,3597.359000,561.805000,30.858000,3.286000,3581.930000,560.162000
label,MET4,TEXT,3589.785000,558.519000,3620.215000,561.805000,30.430000,3.286000,3605.000000,560.162000
label,MET4,TEXT,3435.575000,558.519000,3466.005000,561.805000,30.430000,3.286000,3450.790000,560.162000
label,MET4,TEXT,3457.738000,558.519000,3487.882000,561.805000,30.144000,3.286000,3472.810000,560.162000
label,MET5,TEXT,3566.501000,558.519000,3597.359000,561.805000,30.858000,3.286000,3581.930000,560.162000
label,MET5,TEXT,3589.785000,558.519000,3620.215000,561.805000,30.430000,3.286000,3605.000000,560.162000
label,MET5,TEXT,3435.575000,558.519000,3466.005000,561.805000,30.430000,3.286000,3450.790000,560.162000
label,MET5,TEXT,3457.738000,558.519000,3487.882000,561.805000,30.144000,3.286000,3472.810000,560.162000
label,METTPL,TEXT,3566.501000,558.769000,3597.359000,562.055000,30.858000,3.286000,3581.930000,560.412000
label,METTPL,TEXT,3457.738000,558.769000,3487.882000,562.055000,30.144000,3.286000,3472.810000,560.412000
label,METTPL,TEXT,3590.030000,474.769000,3620.460000,478.055000,30.430000,3.286000,3605.245000,476.412000
label,METTPL,TEXT,3590.030000,558.769000,3620.460000,562.055000,30.430000,3.286000,3605.245000,560.412000
label,METTPL,TEXT,3435.325000,474.769000,3465.755000,478.055000,30.430000,3.286000,3450.540000,476.412000
label,METTPL,TEXT,3435.325000,558.769000,3465.755000,562.055000,30.430000,3.286000,3450.540000,560.412000
label,METTPL,pin,3434.975000,652.519000,3465.405000,655.805000,30.430000,3.286000,3450.190000,654.162000
label,METTPL,pin,3427.261000,569.019000,3473.119000,572.305000,45.858000,3.286000,3450.190000,570.662000
label,METTPL,pin,3574.726000,652.519000,3636.014000,655.805000,61.288000,3.286000,3605.370000,654.162000
label,METTPL,pin,3567.012000,569.019000,3643.728000,572.305000,76.716000,3.286000,3605.370000,570.662000
label,MET5,pin,3388.939000,652.519000,3511.941000,655.805000,123.002000,3.286000,3450.440000,654.162000
label,MET5,pin,3535.785000,652.519000,3674.215000,655.805000,138.430000,3.286000,3605.000000,654.162000
label,MET4,pin,3373.511000,652.519000,3527.369000,655.805000,153.858000,3.286000,3450.440000,654.162000
label,MET4,pin,3520.356000,652.519000,3689.644000,655.805000,169.288000,3.286000,3605.000000,654.162000
label,MET5,pin,3319.511000,569.019000,3581.369000,572.305000,261.858000,3.286000,3450.440000,570.662000
label,MET5,pin,3466.356000,569.019000,3743.644000,572.305000,277.288000,3.286000,3605.000000,570.662000
label,MET4,pin,3304.082000,569.019000,3596.798000,572.305000,292.716000,3.286000,3450.440000,570.662000
label,MET4,pin,3450.928000,569.019000,3759.072000,572.305000,308.144000,3.286000,3605.000000,570.662000
label,MET4,TEXT,3566.501000,569.019000,3597.359000,572.305000,30.858000,3.286000,3581.930000,570.662000
label,MET4,TEXT,3589.785000,569.019000,3620.215000,572.305000,30.430000,3.286000,3605.000000,570.662000
label,MET4,TEXT,3435.575000,569.019000,3466.005000,572.305000,30.430000,3.286000,3450.790000,570.662000
label,MET4,TEXT,3457.738000,569.019000,3487.882000,572.305000,30.144000,3.286000,3472.810000,570.662000
label,MET5,TEXT,3566.501000,569.019000,3597.359000,572.305000,30.858000,3.286000,3581.930000,570.662000
label,MET5,TEXT,3589.785000,569.019000,3620.215000,572.305000,30.430000,3.286000,3605.000000,570.662000
label,MET5,TEXT,3435.575000,569.019000,3466.005000,572.305000,30.430000,3.286000,3450.790000,570.662000
label,MET5,TEXT,3457.738000,569.019000,3487.882000,572.305000,30.144000,3.286000,3472.810000,570.662000
label,METTPL,TEXT,3566.501000,568.769000,3597.359000,572.055000,30.858000,3.286000,3581.930000,570.412000
label,METTPL,TEXT,3457.738000,568.769000,3487.882000,572.055000,30.144000,3.286000,3472.810000,570.412000
label,MET4,TEXT,3566.501000,652.519000,3597.359000,655.805000,30.858000,3.286000,3581.930000,654.162000
label,MET4,TEXT,3589.785000,652.519000,3620.215000,655.805000,30.430000,3.286000,3605.000000,654.162000
label,MET4,TEXT,3435.575000,652.519000,3466.005000,655.805000,30.430000,3.286000,3450.790000,654.162000
label,MET4,TEXT,3457.738000,652.519000,3487.882000,655.805000,30.144000,3.286000,3472.810000,654.162000
label,MET5,TEXT,3566.501000,652.519000,3597.359000,655.805000,30.858000,3.286000,3581.930000,654.162000
label,MET5,TEXT,3589.785000,652.519000,3620.215000,655.805000,30.430000,3.286000,3605.000000,654.162000
label,MET5,TEXT,3435.575000,652.519000,3466.005000,655.805000,30.430000,3.286000,3450.790000,654.162000
label,MET5,TEXT,3457.738000,652.519000,3487.882000,655.805000,30.144000,3.286000,3472.810000,654.162000
label,METTPL,TEXT,3566.501000,652.769000,3597.359000,656.055000,30.858000,3.286000,3581.930000,654.412000
label,METTPL,TEXT,3457.738000,652.769000,3487.882000,656.055000,30.144000,3.286000,3472.810000,654.412000
label,METTPL,TEXT,3590.030000,568.769000,3620.460000,572.055000,30.430000,3.286000,3605.245000,570.412000
label,METTPL,TEXT,3590.030000,652.769000,3620.460000,656.055000,30.430000,3.286000,3605.245000,654.412000
label,METTPL,TEXT,3435.325000,568.769000,3465.755000,572.055000,30.430000,3.286000,3450.540000,570.412000
label,METTPL,TEXT,3435.325000,652.769000,3465.755000,656.055000,30.430000,3.286000,3450.540000,654.412000
label,METTPL,pin,3434.975000,746.519000,3465.405000,749.805000,30.430000,3.286000,3450.190000,748.162000
label,METTPL,pin,3427.261000,663.019000,3473.119000,666.305000,45.858000,3.286000,3450.190000,664.662000
label,METTPL,pin,3574.726000,746.519000,3636.014000,749.805000,61.288000,3.286000,3605.370000,748.162000
label,METTPL,pin,3567.012000,663.019000,3643.728000,666.305000,76.716000,3.286000,3605.370000,664.662000
label,MET5,pin,3388.939000,746.519000,3511.941000,749.805000,123.002000,3.286000,3450.440000,748.162000
label,MET5,pin,3535.785000,746.519000,3674.215000,749.805000,138.430000,3.286000,3605.000000,748.162000
label,MET4,pin,3373.511000,746.519000,3527.369000,749.805000,153.858000,3.286000,3450.440000,748.162000
label,MET4,pin,3520.356000,746.519000,3689.644000,749.805000,169.288000,3.286000,3605.000000,748.162000
label,MET5,pin,3319.511000,663.019000,3581.369000,666.305000,261.858000,3.286000,3450.440000,664.662000
label,MET5,pin,3466.356000,663.019000,3743.644000,666.305000,277.288000,3.286000,3605.000000,664.662000
label,MET4,pin,3304.082000,663.019000,3596.798000,666.305000,292.716000,3.286000,3450.440000,664.662000
label,MET4,pin,3450.928000,663.019000,3759.072000,666.305000,308.144000,3.286000,3605.000000,664.662000
label,MET4,TEXT,3566.501000,663.019000,3597.359000,666.305000,30.858000,3.286000,3581.930000,664.662000
label,MET4,TEXT,3589.785000,663.019000,3620.215000,666.305000,30.430000,3.286000,3605.000000,664.662000
label,MET4,TEXT,3435.575000,663.019000,3466.005000,666.305000,30.430000,3.286000,3450.790000,664.662000
label,MET4,TEXT,3457.738000,663.019000,3487.882000,666.305000,30.144000,3.286000,3472.810000,664.662000
label,MET5,TEXT,3566.501000,663.019000,3597.359000,666.305000,30.858000,3.286000,3581.930000,664.662000
label,MET5,TEXT,3589.785000,663.019000,3620.215000,666.305000,30.430000,3.286000,3605.000000,664.662000
label,MET5,TEXT,3435.575000,663.019000,3466.005000,666.305000,30.430000,3.286000,3450.790000,664.662000
label,MET5,TEXT,3457.738000,663.019000,3487.882000,666.305000,30.144000,3.286000,3472.810000,664.662000
label,METTPL,TEXT,3566.501000,662.769000,3597.359000,666.055000,30.858000,3.286000,3581.930000,664.412000
label,METTPL,TEXT,3457.738000,662.769000,3487.882000,666.055000,30.144000,3.286000,3472.810000,664.412000
label,MET4,TEXT,3566.501000,746.519000,3597.359000,749.805000,30.858000,3.286000,3581.930000,748.162000
label,MET4,TEXT,3589.785000,746.519000,3620.215000,749.805000,30.430000,3.286000,3605.000000,748.162000
label,MET4,TEXT,3435.575000,746.519000,3466.005000,749.805000,30.430000,3.286000,3450.790000,748.162000
label,MET4,TEXT,3457.738000,746.519000,3487.882000,749.805000,30.144000,3.286000,3472.810000,748.162000
label,MET5,TEXT,3566.501000,746.519000,3597.359000,749.805000,30.858000,3.286000,3581.930000,748.162000
label,MET5,TEXT,3589.785000,746.519000,3620.215000,749.805000,30.430000,3.286000,3605.000000,748.162000
label,MET5,TEXT,3435.575000,746.519000,3466.005000,749.805000,30.430000,3.286000,3450.790000,748.162000
label,MET5,TEXT,3457.738000,746.519000,3487.882000,749.805000,30.144000,3.286000,3472.810000,748.162000
label,METTPL,TEXT,3566.501000,746.769000,3597.359000,750.055000,30.858000,3.286000,3581.930000,748.412000
label,METTPL,TEXT,3457.738000,746.769000,3487.882000,750.055000,30.144000,3.286000,3472.810000,748.412000
label,METTPL,TEXT,3590.030000,662.769000,3620.460000,666.055000,30.430000,3.286000,3605.245000,664.412000
label,METTPL,TEXT,3590.030000,746.769000,3620.460000,750.055000,30.430000,3.286000,3605.245000,748.412000
label,METTPL,TEXT,3435.325000,662.769000,3465.755000,666.055000,30.430000,3.286000,3450.540000,664.412000
label,METTPL,TEXT,3435.325000,746.769000,3465.755000,750.055000,30.430000,3.286000,3450.540000,748.412000
label,METTPL,pin,3434.975000,840.519000,3465.405000,843.805000,30.430000,3.286000,3450.190000,842.162000
label,METTPL,pin,3427.261000,757.019000,3473.119000,760.305000,45.858000,3.286000,3450.190000,758.662000
label,METTPL,pin,3574.726000,840.519000,3636.014000,843.805000,61.288000,3.286000,3605.370000,842.162000
label,METTPL,pin,3567.012000,757.019000,3643.728000,760.305000,76.716000,3.286000,3605.370000,758.662000
label,MET5,pin,3388.939000,840.519000,3511.941000,843.805000,123.002000,3.286000,3450.440000,842.162000
label,MET5,pin,3535.785000,840.519000,3674.215000,843.805000,138.430000,3.286000,3605.000000,842.162000
label,MET4,pin,3373.511000,840.519000,3527.369000,843.805000,153.858000,3.286000,3450.440000,842.162000
label,MET4,pin,3520.356000,840.519000,3689.644000,843.805000,169.288000,3.286000,3605.000000,842.162000
pathSeg,MET1,drawing,210.685000,265.350000,220.685000,304.900000,10.000000,39.550000,215.685000,285.125000
label,MET5,pin,3319.511000,757.019000,3581.369000,760.305000,261.858000,3.286000,3450.440000,758.662000
label,MET5,pin,3466.356000,757.019000,3743.644000,760.305000,277.288000,3.286000,3605.000000,758.662000
label,MET4,pin,3304.082000,757.019000,3596.798000,760.305000,292.716000,3.286000,3450.440000,758.662000
label,MET4,pin,3450.928000,757.019000,3759.072000,760.305000,308.144000,3.286000,3605.000000,758.662000
label,MET4,TEXT,3566.501000,757.019000,3597.359000,760.305000,30.858000,3.286000,3581.930000,758.662000
label,MET4,TEXT,3589.785000,757.019000,3620.215000,760.305000,30.430000,3.286000,3605.000000,758.662000
label,MET4,TEXT,3435.575000,757.019000,3466.005000,760.305000,30.430000,3.286000,3450.790000,758.662000
label,MET4,TEXT,3457.738000,757.019000,3487.882000,760.305000,30.144000,3.286000,3472.810000,758.662000
label,MET5,TEXT,3566.501000,757.019000,3597.359000,760.305000,30.858000,3.286000,3581.930000,758.662000
label,MET5,TEXT,3589.785000,757.019000,3620.215000,760.305000,30.430000,3.286000,3605.000000,758.662000
label,MET5,TEXT,3435.575000,757.019000,3466.005000,760.305000,30.430000,3.286000,3450.790000,758.662000
label,MET5,TEXT,3457.738000,757.019000,3487.882000,760.305000,30.144000,3.286000,3472.810000,758.662000
label,METTPL,TEXT,3566.501000,756.769000,3597.359000,760.055000,30.858000,3.286000,3581.930000,758.412000
label,METTPL,TEXT,3457.738000,756.769000,3487.882000,760.055000,30.144000,3.286000,3472.810000,758.412000
label,MET4,TEXT,3566.501000,840.519000,3597.359000,843.805000,30.858000,3.286000,3581.930000,842.162000
label,MET4,TEXT,3589.785000,840.519000,3620.215000,843.805000,30.430000,3.286000,3605.000000,842.162000
label,MET4,TEXT,3435.575000,840.519000,3466.005000,843.805000,30.430000,3.286000,3450.790000,842.162000
label,MET4,TEXT,3457.738000,840.519000,3487.882000,843.805000,30.144000,3.286000,3472.810000,842.162000
label,MET5,TEXT,3566.501000,840.519000,3597.359000,843.805000,30.858000,3.286000,3581.930000,842.162000
label,MET5,TEXT,3589.785000,840.519000,3620.215000,843.805000,30.430000,3.286000,3605.000000,842.162000
label,MET5,TEXT,3435.575000,840.519000,3466.005000,843.805000,30.430000,3.286000,3450.790000,842.162000
label,MET5,TEXT,3457.738000,840.519000,3487.882000,843.805000,30.144000,3.286000,3472.810000,842.162000
label,METTPL,TEXT,3566.501000,840.769000,3597.359000,844.055000,30.858000,3.286000,3581.930000,842.412000
label,METTPL,TEXT,3457.738000,840.769000,3487.882000,844.055000,30.144000,3.286000,3472.810000,842.412000
label,METTPL,TEXT,3590.030000,756.769000,3620.460000,760.055000,30.430000,3.286000,3605.245000,758.412000
label,METTPL,TEXT,3590.030000,840.769000,3620.460000,844.055000,30.430000,3.286000,3605.245000,842.412000
label,METTPL,TEXT,3435.325000,756.769000,3465.755000,760.055000,30.430000,3.286000,3450.540000,758.412000
label,METTPL,TEXT,3435.325000,840.769000,3465.755000,844.055000,30.430000,3.286000,3450.540000,842.412000
label,METTPL,pin,3434.975000,934.519000,3465.405000,937.805000,30.430000,3.286000,3450.190000,936.162000
label,METTPL,pin,3427.261000,851.019000,3473.119000,854.305000,45.858000,3.286000,3450.190000,852.662000
label,METTPL,pin,3574.726000,934.519000,3636.014000,937.805000,61.288000,3.286000,3605.370000,936.162000
label,METTPL,pin,3567.012000,851.019000,3643.728000,854.305000,76.716000,3.286000,3605.370000,852.662000
label,MET5,pin,3388.939000,934.519000,3511.941000,937.805000,123.002000,3.286000,3450.440000,936.162000
label,MET5,pin,3535.785000,934.519000,3674.215000,937.805000,138.430000,3.286000,3605.000000,936.162000
label,MET4,pin,3373.511000,934.519000,3527.369000,937.805000,153.858000,3.286000,3450.440000,936.162000
label,MET4,pin,3520.356000,934.519000,3689.644000,937.805000,169.288000,3.286000,3605.000000,936.162000
pathSeg,MET1,drawing,303.845000,265.350000,313.845000,304.405000,10.000000,39.055000,308.845000,284.877500
label,MET5,pin,3319.511000,851.019000,3581.369000,854.305000,261.858000,3.286000,3450.440000,852.662000
label,MET5,pin,3466.356000,851.019000,3743.644000,854.305000,277.288000,3.286000,3605.000000,852.662000
label,MET4,pin,3304.082000,851.019000,3596.798000,854.305000,292.716000,3.286000,3450.440000,852.662000
label,MET4,pin,3450.928000,851.019000,3759.072000,854.305000,308.144000,3.286000,3605.000000,852.662000
label,MET4,TEXT,3566.501000,851.019000,3597.359000,854.305000,30.858000,3.286000,3581.930000,852.662000
label,MET4,TEXT,3589.785000,851.019000,3620.215000,854.305000,30.430000,3.286000,3605.000000,852.662000
label,MET4,TEXT,3435.575000,851.019000,3466.005000,854.305000,30.430000,3.286000,3450.790000,852.662000
label,MET4,TEXT,3457.738000,851.019000,3487.882000,854.305000,30.144000,3.286000,3472.810000,852.662000
label,MET5,TEXT,3566.501000,851.019000,3597.359000,854.305000,30.858000,3.286000,3581.930000,852.662000
label,MET5,TEXT,3589.785000,851.019000,3620.215000,854.305000,30.430000,3.286000,3605.000000,852.662000
label,MET5,TEXT,3435.575000,851.019000,3466.005000,854.305000,30.430000,3.286000,3450.790000,852.662000
label,MET5,TEXT,3457.738000,851.019000,3487.882000,854.305000,30.144000,3.286000,3472.810000,852.662000
label,METTPL,TEXT,3566.501000,850.769000,3597.359000,854.055000,30.858000,3.286000,3581.930000,852.412000
label,METTPL,TEXT,3457.738000,850.769000,3487.882000,854.055000,30.144000,3.286000,3472.810000,852.412000
label,MET4,TEXT,3566.501000,934.519000,3597.359000,937.805000,30.858000,3.286000,3581.930000,936.162000
label,MET4,TEXT,3589.785000,934.519000,3620.215000,937.805000,30.430000,3.286000,3605.000000,936.162000
label,MET4,TEXT,3435.575000,934.519000,3466.005000,937.805000,30.430000,3.286000,3450.790000,936.162000
label,MET4,TEXT,3457.738000,934.519000,3487.882000,937.805000,30.144000,3.286000,3472.810000,936.162000
label,MET5,TEXT,3566.501000,934.519000,3597.359000,937.805000,30.858000,3.286000,3581.930000,936.162000
label,MET5,TEXT,3589.785000,934.519000,3620.215000,937.805000,30.430000,3.286000,3605.000000,936.162000
label,MET5,TEXT,3435.575000,934.519000,3466.005000,937.805000,30.430000,3.286000,3450.790000,936.162000
label,MET5,TEXT,3457.738000,934.519000,3487.882000,937.805000,30.144000,3.286000,3472.810000,936.162000
label,METTPL,TEXT,3566.501000,934.769000,3597.359000,938.055000,30.858000,3.286000,3581.930000,936.412000
label,METTPL,TEXT,3457.738000,934.769000,3487.882000,938.055000,30.144000,3.286000,3472.810000,936.412000
label,METTPL,TEXT,3590.030000,850.769000,3620.460000,854.055000,30.430000,3.286000,3605.245000,852.412000
label,METTPL,TEXT,3590.030000,934.769000,3620.460000,938.055000,30.430000,3.286000,3605.245000,936.412000
label,METTPL,TEXT,3435.325000,850.769000,3465.755000,854.055000,30.430000,3.286000,3450.540000,852.412000
label,METTPL,TEXT,3435.325000,934.769000,3465.755000,938.055000,30.430000,3.286000,3450.540000,936.412000
label,METTPL,pin,3434.975000,1028.519000,3465.405000,1031.805000,30.430000,3.286000,3450.190000,1030.162000
label,METTPL,pin,3427.261000,945.019000,3473.119000,948.305000,45.858000,3.286000,3450.190000,946.662000
label,METTPL,pin,3574.726000,1028.519000,3636.014000,1031.805000,61.288000,3.286000,3605.370000,1030.162000
label,METTPL,pin,3567.012000,945.019000,3643.728000,948.305000,76.716000,3.286000,3605.370000,946.662000
label,MET5,pin,3388.939000,1028.519000,3511.941000,1031.805000,123.002000,3.286000,3450.440000,1030.162000
label,MET5,pin,3535.785000,1028.519000,3674.215000,1031.805000,138.430000,3.286000,3605.000000,1030.162000
label,MET4,pin,3373.511000,1028.519000,3527.369000,1031.805000,153.858000,3.286000,3450.440000,1030.162000
label,MET4,pin,3520.356000,1028.519000,3689.644000,1031.805000,169.288000,3.286000,3605.000000,1030.162000
pathSeg,METTP,drawing,81.315000,2577.310000,1933.545000,2612.310000,1852.230000,35.000000,1007.430000,2594.810000
label,MET5,pin,3319.511000,945.019000,3581.369000,948.305000,261.858000,3.286000,3450.440000,946.662000
label,MET5,pin,3466.356000,945.019000,3743.644000,948.305000,277.288000,3.286000,3605.000000,946.662000
label,MET4,pin,3304.082000,945.019000,3596.798000,948.305000,292.716000,3.286000,3450.440000,946.662000
label,MET4,pin,3450.928000,945.019000,3759.072000,948.305000,308.144000,3.286000,3605.000000,946.662000
label,MET4,TEXT,3566.501000,945.019000,3597.359000,948.305000,30.858000,3.286000,3581.930000,946.662000
label,MET4,TEXT,3589.785000,945.019000,3620.215000,948.305000,30.430000,3.286000,3605.000000,946.662000
label,MET4,TEXT,3435.575000,945.019000,3466.005000,948.305000,30.430000,3.286000,3450.790000,946.662000
label,MET4,TEXT,3457.738000,945.019000,3487.882000,948.305000,30.144000,3.286000,3472.810000,946.662000
label,MET5,TEXT,3566.501000,945.019000,3597.359000,948.305000,30.858000,3.286000,3581.930000,946.662000
label,MET5,TEXT,3589.785000,945.019000,3620.215000,948.305000,30.430000,3.286000,3605.000000,946.662000
label,MET5,TEXT,3435.575000,945.019000,3466.005000,948.305000,30.430000,3.286000,3450.790000,946.662000
label,MET5,TEXT,3457.738000,945.019000,3487.882000,948.305000,30.144000,3.286000,3472.810000,946.662000
label,METTPL,TEXT,3566.501000,944.769000,3597.359000,948.055000,30.858000,3.286000,3581.930000,946.412000
label,METTPL,TEXT,3457.738000,944.769000,3487.882000,948.055000,30.144000,3.286000,3472.810000,946.412000
label,MET4,TEXT,3566.501000,1028.519000,3597.359000,1031.805000,30.858000,3.286000,3581.930000,1030.162000
label,MET4,TEXT,3589.785000,1028.519000,3620.215000,1031.805000,30.430000,3.286000,3605.000000,1030.162000
label,MET4,TEXT,3435.575000,1028.519000,3466.005000,1031.805000,30.430000,3.286000,3450.790000,1030.162000
label,MET4,TEXT,3457.738000,1028.519000,3487.882000,1031.805000,30.144000,3.286000,3472.810000,1030.162000
label,MET5,TEXT,3566.501000,1028.519000,3597.359000,1031.805000,30.858000,3.286000,3581.930000,1030.162000
label,MET5,TEXT,3589.785000,1028.519000,3620.215000,1031.805000,30.430000,3.286000,3605.000000,1030.162000
label,MET5,TEXT,3435.575000,1028.519000,3466.005000,1031.805000,30.430000,3.286000,3450.790000,1030.162000
label,MET5,TEXT,3457.738000,1028.519000,3487.882000,1031.805000,30.144000,3.286000,3472.810000,1030.162000
label,METTPL,TEXT,3566.501000,1028.769000,3597.359000,1032.055000,30.858000,3.286000,3581.930000,1030.412000
label,METTPL,TEXT,3457.738000,1028.769000,3487.882000,1032.055000,30.144000,3.286000,3472.810000,1030.412000
label,METTPL,TEXT,3590.030000,944.769000,3620.460000,948.055000,30.430000,3.286000,3605.245000,946.412000
label,METTPL,TEXT,3590.030000,1028.769000,3620.460000,1032.055000,30.430000,3.286000,3605.245000,1030.412000
label,METTPL,TEXT,3435.325000,944.769000,3465.755000,948.055000,30.430000,3.286000,3450.540000,946.412000
label,METTPL,TEXT,3435.325000,1028.769000,3465.755000,1032.055000,30.430000,3.286000,3450.540000,1030.412000
label,METTPL,pin,3434.975000,1122.519000,3465.405000,1125.805000,30.430000,3.286000,3450.190000,1124.162000
label,METTPL,pin,3427.261000,1039.019000,3473.119000,1042.305000,45.858000,3.286000,3450.190000,1040.662000
label,METTPL,pin,3574.726000,1122.519000,3636.014000,1125.805000,61.288000,3.286000,3605.370000,1124.162000
label,METTPL,pin,3567.012000,1039.019000,3643.728000,1042.305000,76.716000,3.286000,3605.370000,1040.662000
label,MET5,pin,3388.939000,1122.519000,3511.941000,1125.805000,123.002000,3.286000,3450.440000,1124.162000
label,MET5,pin,3535.785000,1122.519000,3674.215000,1125.805000,138.430000,3.286000,3605.000000,1124.162000
label,MET4,pin,3373.511000,1122.519000,3527.369000,1125.805000,153.858000,3.286000,3450.440000,1124.162000
label,MET4,pin,3520.356000,1122.519000,3689.644000,1125.805000,169.288000,3.286000,3605.000000,1124.162000
pathSeg,METTP,drawing,95.650000,2508.495000,1947.880000,2543.495000,1852.230000,35.000000,1021.765000,2525.995000
label,MET5,pin,3319.511000,1039.019000,3581.369000,1042.305000,261.858000,3.286000,3450.440000,1040.662000
label,MET5,pin,3466.356000,1039.019000,3743.644000,1042.305000,277.288000,3.286000,3605.000000,1040.662000
label,MET4,pin,3304.082000,1039.019000,3596.798000,1042.305000,292.716000,3.286000,3450.440000,1040.662000
label,MET4,pin,3450.928000,1039.019000,3759.072000,1042.305000,308.144000,3.286000,3605.000000,1040.662000
label,MET4,TEXT,3566.501000,1039.019000,3597.359000,1042.305000,30.858000,3.286000,3581.930000,1040.662000
label,MET4,TEXT,3589.785000,1039.019000,3620.215000,1042.305000,30.430000,3.286000,3605.000000,1040.662000
label,MET4,TEXT,3435.575000,1039.019000,3466.005000,1042.305000,30.430000,3.286000,3450.790000,1040.662000
label,MET4,TEXT,3457.738000,1039.019000,3487.882000,1042.305000,30.144000,3.286000,3472.810000,1040.662000
label,MET5,TEXT,3566.501000,1039.019000,3597.359000,1042.305000,30.858000,3.286000,3581.930000,1040.662000
label,MET5,TEXT,3589.785000,1039.019000,3620.215000,1042.305000,30.430000,3.286000,3605.000000,1040.662000
label,MET5,TEXT,3435.575000,1039.019000,3466.005000,1042.305000,30.430000,3.286000,3450.790000,1040.662000
label,MET5,TEXT,3457.738000,1039.019000,3487.882000,1042.305000,30.144000,3.286000,3472.810000,1040.662000
label,METTPL,TEXT,3566.501000,1038.769000,3597.359000,1042.055000,30.858000,3.286000,3581.930000,1040.412000
label,METTPL,TEXT,3457.738000,1038.769000,3487.882000,1042.055000,30.144000,3.286000,3472.810000,1040.412000
label,MET4,TEXT,3566.501000,1122.519000,3597.359000,1125.805000,30.858000,3.286000,3581.930000,1124.162000
label,MET4,TEXT,3589.785000,1122.519000,3620.215000,1125.805000,30.430000,3.286000,3605.000000,1124.162000
label,MET4,TEXT,3435.575000,1122.519000,3466.005000,1125.805000,30.430000,3.286000,3450.790000,1124.162000
label,MET4,TEXT,3457.738000,1122.519000,3487.882000,1125.805000,30.144000,3.286000,3472.810000,1124.162000
label,MET5,TEXT,3566.501000,1122.519000,3597.359000,1125.805000,30.858000,3.286000,3581.930000,1124.162000
label,MET5,TEXT,3589.785000,1122.519000,3620.215000,1125.805000,30.430000,3.286000,3605.000000,1124.162000
label,MET5,TEXT,3435.575000,1122.519000,3466.005000,1125.805000,30.430000,3.286000,3450.790000,1124.162000
label,MET5,TEXT,3457.738000,1122.519000,3487.882000,1125.805000,30.144000,3.286000,3472.810000,1124.162000
label,METTPL,TEXT,3566.501000,1122.769000,3597.359000,1126.055000,30.858000,3.286000,3581.930000,1124.412000
label,METTPL,TEXT,3457.738000,1122.769000,3487.882000,1126.055000,30.144000,3.286000,3472.810000,1124.412000
label,METTPL,TEXT,3590.030000,1038.769000,3620.460000,1042.055000,30.430000,3.286000,3605.245000,1040.412000
label,METTPL,TEXT,3590.030000,1122.769000,3620.460000,1126.055000,30.430000,3.286000,3605.245000,1124.412000
label,METTPL,TEXT,3435.325000,1038.769000,3465.755000,1042.055000,30.430000,3.286000,3450.540000,1040.412000
label,METTPL,TEXT,3435.325000,1122.769000,3465.755000,1126.055000,30.430000,3.286000,3450.540000,1124.412000
label,METTPL,pin,3434.975000,1216.519000,3465.405000,1219.805000,30.430000,3.286000,3450.190000,1218.162000
label,METTPL,pin,3427.261000,1133.019000,3473.119000,1136.305000,45.858000,3.286000,3450.190000,1134.662000
label,METTPL,pin,3574.726000,1216.519000,3636.014000,1219.805000,61.288000,3.286000,3605.370000,1218.162000
label,METTPL,pin,3567.012000,1133.019000,3643.728000,1136.305000,76.716000,3.286000,3605.370000,1134.662000
label,MET5,pin,3388.939000,1216.519000,3511.941000,1219.805000,123.002000,3.286000,3450.440000,1218.162000
label,MET5,pin,3535.785000,1216.519000,3674.215000,1219.805000,138.430000,3.286000,3605.000000,1218.162000
label,MET4,pin,3373.511000,1216.519000,3527.369000,1219.805000,153.858000,3.286000,3450.440000,1218.162000
label,MET4,pin,3520.356000,1216.519000,3689.644000,1219.805000,169.288000,3.286000,3605.000000,1218.162000
label,MET5,pin,3319.511000,1133.019000,3581.369000,1136.305000,261.858000,3.286000,3450.440000,1134.662000
label,MET5,pin,3466.356000,1133.019000,3743.644000,1136.305000,277.288000,3.286000,3605.000000,1134.662000
label,MET4,pin,3304.082000,1133.019000,3596.798000,1136.305000,292.716000,3.286000,3450.440000,1134.662000
label,MET4,pin,3450.928000,1133.019000,3759.072000,1136.305000,308.144000,3.286000,3605.000000,1134.662000
label,MET4,TEXT,3566.501000,1133.019000,3597.359000,1136.305000,30.858000,3.286000,3581.930000,1134.662000
label,MET4,TEXT,3589.785000,1133.019000,3620.215000,1136.305000,30.430000,3.286000,3605.000000,1134.662000
label,MET4,TEXT,3435.575000,1133.019000,3466.005000,1136.305000,30.430000,3.286000,3450.790000,1134.662000
label,MET4,TEXT,3457.738000,1133.019000,3487.882000,1136.305000,30.144000,3.286000,3472.810000,1134.662000
label,MET5,TEXT,3566.501000,1133.019000,3597.359000,1136.305000,30.858000,3.286000,3581.930000,1134.662000
label,MET5,TEXT,3589.785000,1133.019000,3620.215000,1136.305000,30.430000,3.286000,3605.000000,1134.662000
label,MET5,TEXT,3435.575000,1133.019000,3466.005000,1136.305000,30.430000,3.286000,3450.790000,1134.662000
label,MET5,TEXT,3457.738000,1133.019000,3487.882000,1136.305000,30.144000,3.286000,3472.810000,1134.662000
label,METTPL,TEXT,3566.501000,1132.769000,3597.359000,1136.055000,30.858000,3.286000,3581.930000,1134.412000
label,METTPL,TEXT,3457.738000,1132.769000,3487.882000,1136.055000,30.144000,3.286000,3472.810000,1134.412000
label,MET4,TEXT,3566.501000,1216.519000,3597.359000,1219.805000,30.858000,3.286000,3581.930000,1218.162000
label,MET4,TEXT,3589.785000,1216.519000,3620.215000,1219.805000,30.430000,3.286000,3605.000000,1218.162000
label,MET4,TEXT,3435.575000,1216.519000,3466.005000,1219.805000,30.430000,3.286000,3450.790000,1218.162000
label,MET4,TEXT,3457.738000,1216.519000,3487.882000,1219.805000,30.144000,3.286000,3472.810000,1218.162000
label,MET5,TEXT,3566.501000,1216.519000,3597.359000,1219.805000,30.858000,3.286000,3581.930000,1218.162000
label,MET5,TEXT,3589.785000,1216.519000,3620.215000,1219.805000,30.430000,3.286000,3605.000000,1218.162000
label,MET5,TEXT,3435.575000,1216.519000,3466.005000,1219.805000,30.430000,3.286000,3450.790000,1218.162000
label,MET5,TEXT,3457.738000,1216.519000,3487.882000,1219.805000,30.144000,3.286000,3472.810000,1218.162000
label,METTPL,TEXT,3566.501000,1216.769000,3597.359000,1220.055000,30.858000,3.286000,3581.930000,1218.412000
label,METTPL,TEXT,3457.738000,1216.769000,3487.882000,1220.055000,30.144000,3.286000,3472.810000,1218.412000
label,METTPL,TEXT,3590.030000,1132.769000,3620.460000,1136.055000,30.430000,3.286000,3605.245000,1134.412000
label,METTPL,TEXT,3590.030000,1216.769000,3620.460000,1220.055000,30.430000,3.286000,3605.245000,1218.412000
label,METTPL,TEXT,3435.325000,1132.769000,3465.755000,1136.055000,30.430000,3.286000,3450.540000,1134.412000
label,METTPL,TEXT,3435.325000,1216.769000,3465.755000,1220.055000,30.430000,3.286000,3450.540000,1218.412000
label,METTPL,pin,3434.975000,1310.519000,3465.405000,1313.805000,30.430000,3.286000,3450.190000,1312.162000
label,METTPL,pin,3427.261000,1227.019000,3473.119000,1230.305000,45.858000,3.286000,3450.190000,1228.662000
label,METTPL,pin,3574.726000,1310.519000,3636.014000,1313.805000,61.288000,3.286000,3605.370000,1312.162000
label,METTPL,pin,3567.012000,1227.019000,3643.728000,1230.305000,76.716000,3.286000,3605.370000,1228.662000
label,MET5,pin,3388.939000,1310.519000,3511.941000,1313.805000,123.002000,3.286000,3450.440000,1312.162000
label,MET5,pin,3535.785000,1310.519000,3674.215000,1313.805000,138.430000,3.286000,3605.000000,1312.162000
label,MET4,pin,3373.511000,1310.519000,3527.369000,1313.805000,153.858000,3.286000,3450.440000,1312.162000
label,MET4,pin,3520.356000,1310.519000,3689.644000,1313.805000,169.288000,3.286000,3605.000000,1312.162000
label,MET5,pin,3319.511000,1227.019000,3581.369000,1230.305000,261.858000,3.286000,3450.440000,1228.662000
label,MET5,pin,3466.356000,1227.019000,3743.644000,1230.305000,277.288000,3.286000,3605.000000,1228.662000
label,MET4,pin,3304.082000,1227.019000,3596.798000,1230.305000,292.716000,3.286000,3450.440000,1228.662000
label,MET4,pin,3450.928000,1227.019000,3759.072000,1230.305000,308.144000,3.286000,3605.000000,1228.662000
label,MET4,TEXT,3566.501000,1227.019000,3597.359000,1230.305000,30.858000,3.286000,3581.930000,1228.662000
label,MET4,TEXT,3589.785000,1227.019000,3620.215000,1230.305000,30.430000,3.286000,3605.000000,1228.662000
label,MET4,TEXT,3435.575000,1227.019000,3466.005000,1230.305000,30.430000,3.286000,3450.790000,1228.662000
label,MET4,TEXT,3457.738000,1227.019000,3487.882000,1230.305000,30.144000,3.286000,3472.810000,1228.662000
label,MET5,TEXT,3566.501000,1227.019000,3597.359000,1230.305000,30.858000,3.286000,3581.930000,1228.662000
label,MET5,TEXT,3589.785000,1227.019000,3620.215000,1230.305000,30.430000,3.286000,3605.000000,1228.662000
label,MET5,TEXT,3435.575000,1227.019000,3466.005000,1230.305000,30.430000,3.286000,3450.790000,1228.662000
label,MET5,TEXT,3457.738000,1227.019000,3487.882000,1230.305000,30.144000,3.286000,3472.810000,1228.662000
label,METTPL,TEXT,3566.501000,1226.769000,3597.359000,1230.055000,30.858000,3.286000,3581.930000,1228.412000
label,METTPL,TEXT,3457.738000,1226.769000,3487.882000,1230.055000,30.144000,3.286000,3472.810000,1228.412000
label,MET4,TEXT,3566.501000,1310.519000,3597.359000,1313.805000,30.858000,3.286000,3581.930000,1312.162000
label,MET4,TEXT,3589.785000,1310.519000,3620.215000,1313.805000,30.430000,3.286000,3605.000000,1312.162000
label,MET4,TEXT,3435.575000,1310.519000,3466.005000,1313.805000,30.430000,3.286000,3450.790000,1312.162000
label,MET4,TEXT,3457.738000,1310.519000,3487.882000,1313.805000,30.144000,3.286000,3472.810000,1312.162000
label,MET5,TEXT,3566.501000,1310.519000,3597.359000,1313.805000,30.858000,3.286000,3581.930000,1312.162000
label,MET5,TEXT,3589.785000,1310.519000,3620.215000,1313.805000,30.430000,3.286000,3605.000000,1312.162000
label,MET5,TEXT,3435.575000,1310.519000,3466.005000,1313.805000,30.430000,3.286000,3450.790000,1312.162000
label,MET5,TEXT,3457.738000,1310.519000,3487.882000,1313.805000,30.144000,3.286000,3472.810000,1312.162000
label,METTPL,TEXT,3566.501000,1310.769000,3597.359000,1314.055000,30.858000,3.286000,3581.930000,1312.412000
label,METTPL,TEXT,3457.738000,1310.769000,3487.882000,1314.055000,30.144000,3.286000,3472.810000,1312.412000
label,METTPL,TEXT,3590.030000,1226.769000,3620.460000,1230.055000,30.430000,3.286000,3605.245000,1228.412000
label,METTPL,TEXT,3590.030000,1310.769000,3620.460000,1314.055000,30.430000,3.286000,3605.245000,1312.412000
label,METTPL,TEXT,3435.325000,1226.769000,3465.755000,1230.055000,30.430000,3.286000,3450.540000,1228.412000
label,METTPL,TEXT,3435.325000,1310.769000,3465.755000,1314.055000,30.430000,3.286000,3450.540000,1312.412000
label,METTPL,pin,3434.975000,1404.519000,3465.405000,1407.805000,30.430000,3.286000,3450.190000,1406.162000
label,METTPL,pin,3427.261000,1321.019000,3473.119000,1324.305000,45.858000,3.286000,3450.190000,1322.662000
label,METTPL,pin,3574.726000,1404.519000,3636.014000,1407.805000,61.288000,3.286000,3605.370000,1406.162000
label,METTPL,pin,3567.012000,1321.019000,3643.728000,1324.305000,76.716000,3.286000,3605.370000,1322.662000
label,MET5,pin,3388.939000,1404.519000,3511.941000,1407.805000,123.002000,3.286000,3450.440000,1406.162000
label,MET5,pin,3535.785000,1404.519000,3674.215000,1407.805000,138.430000,3.286000,3605.000000,1406.162000
label,MET4,pin,3373.511000,1404.519000,3527.369000,1407.805000,153.858000,3.286000,3450.440000,1406.162000
label,MET4,pin,3520.356000,1404.519000,3689.644000,1407.805000,169.288000,3.286000,3605.000000,1406.162000
label,MET5,pin,3319.511000,1321.019000,3581.369000,1324.305000,261.858000,3.286000,3450.440000,1322.662000
label,MET5,pin,3466.356000,1321.019000,3743.644000,1324.305000,277.288000,3.286000,3605.000000,1322.662000
label,MET4,pin,3304.082000,1321.019000,3596.798000,1324.305000,292.716000,3.286000,3450.440000,1322.662000
label,MET4,pin,3450.928000,1321.019000,3759.072000,1324.305000,308.144000,3.286000,3605.000000,1322.662000
label,MET4,TEXT,3566.501000,1321.019000,3597.359000,1324.305000,30.858000,3.286000,3581.930000,1322.662000
label,MET4,TEXT,3589.785000,1321.019000,3620.215000,1324.305000,30.430000,3.286000,3605.000000,1322.662000
label,MET4,TEXT,3435.575000,1321.019000,3466.005000,1324.305000,30.430000,3.286000,3450.790000,1322.662000
label,MET4,TEXT,3457.738000,1321.019000,3487.882000,1324.305000,30.144000,3.286000,3472.810000,1322.662000
label,MET5,TEXT,3566.501000,1321.019000,3597.359000,1324.305000,30.858000,3.286000,3581.930000,1322.662000
label,MET5,TEXT,3589.785000,1321.019000,3620.215000,1324.305000,30.430000,3.286000,3605.000000,1322.662000
label,MET5,TEXT,3435.575000,1321.019000,3466.005000,1324.305000,30.430000,3.286000,3450.790000,1322.662000
label,MET5,TEXT,3457.738000,1321.019000,3487.882000,1324.305000,30.144000,3.286000,3472.810000,1322.662000
label,METTPL,TEXT,3566.501000,1320.769000,3597.359000,1324.055000,30.858000,3.286000,3581.930000,1322.412000
label,METTPL,TEXT,3457.738000,1320.769000,3487.882000,1324.055000,30.144000,3.286000,3472.810000,1322.412000
label,MET4,TEXT,3566.501000,1404.519000,3597.359000,1407.805000,30.858000,3.286000,3581.930000,1406.162000
label,MET4,TEXT,3589.785000,1404.519000,3620.215000,1407.805000,30.430000,3.286000,3605.000000,1406.162000
label,MET4,TEXT,3435.575000,1404.519000,3466.005000,1407.805000,30.430000,3.286000,3450.790000,1406.162000
label,MET4,TEXT,3457.738000,1404.519000,3487.882000,1407.805000,30.144000,3.286000,3472.810000,1406.162000
label,MET5,TEXT,3566.501000,1404.519000,3597.359000,1407.805000,30.858000,3.286000,3581.930000,1406.162000
label,MET5,TEXT,3589.785000,1404.519000,3620.215000,1407.805000,30.430000,3.286000,3605.000000,1406.162000
label,MET5,TEXT,3435.575000,1404.519000,3466.005000,1407.805000,30.430000,3.286000,3450.790000,1406.162000
label,MET5,TEXT,3457.738000,1404.519000,3487.882000,1407.805000,30.144000,3.286000,3472.810000,1406.162000
label,METTPL,TEXT,3566.501000,1404.769000,3597.359000,1408.055000,30.858000,3.286000,3581.930000,1406.412000
label,METTPL,TEXT,3457.738000,1404.769000,3487.882000,1408.055000,30.144000,3.286000,3472.810000,1406.412000
label,METTPL,TEXT,3590.030000,1320.769000,3620.460000,1324.055000,30.430000,3.286000,3605.245000,1322.412000
label,METTPL,TEXT,3590.030000,1404.769000,3620.460000,1408.055000,30.430000,3.286000,3605.245000,1406.412000
label,METTPL,TEXT,3435.325000,1320.769000,3465.755000,1324.055000,30.430000,3.286000,3450.540000,1322.412000
label,METTPL,TEXT,3435.325000,1404.769000,3465.755000,1408.055000,30.430000,3.286000,3450.540000,1406.412000
label,METTPL,pin,3434.975000,1498.519000,3465.405000,1501.805000,30.430000,3.286000,3450.190000,1500.162000
label,METTPL,pin,3427.261000,1415.019000,3473.119000,1418.305000,45.858000,3.286000,3450.190000,1416.662000
label,METTPL,pin,3574.726000,1498.519000,3636.014000,1501.805000,61.288000,3.286000,3605.370000,1500.162000
label,METTPL,pin,3567.012000,1415.019000,3643.728000,1418.305000,76.716000,3.286000,3605.370000,1416.662000
label,MET5,pin,3388.939000,1498.519000,3511.941000,1501.805000,123.002000,3.286000,3450.440000,1500.162000
label,MET5,pin,3535.785000,1498.519000,3674.215000,1501.805000,138.430000,3.286000,3605.000000,1500.162000
label,MET4,pin,3373.511000,1498.519000,3527.369000,1501.805000,153.858000,3.286000,3450.440000,1500.162000
label,MET4,pin,3520.356000,1498.519000,3689.644000,1501.805000,169.288000,3.286000,3605.000000,1500.162000
label,MET5,pin,3319.511000,1415.019000,3581.369000,1418.305000,261.858000,3.286000,3450.440000,1416.662000
label,MET5,pin,3466.356000,1415.019000,3743.644000,1418.305000,277.288000,3.286000,3605.000000,1416.662000
label,MET4,pin,3304.082000,1415.019000,3596.798000,1418.305000,292.716000,3.286000,3450.440000,1416.662000
label,MET4,pin,3450.928000,1415.019000,3759.072000,1418.305000,308.144000,3.286000,3605.000000,1416.662000
label,MET4,TEXT,3566.501000,1415.019000,3597.359000,1418.305000,30.858000,3.286000,3581.930000,1416.662000
label,MET4,TEXT,3589.785000,1415.019000,3620.215000,1418.305000,30.430000,3.286000,3605.000000,1416.662000
label,MET4,TEXT,3435.575000,1415.019000,3466.005000,1418.305000,30.430000,3.286000,3450.790000,1416.662000
label,MET4,TEXT,3457.738000,1415.019000,3487.882000,1418.305000,30.144000,3.286000,3472.810000,1416.662000
label,MET5,TEXT,3566.501000,1415.019000,3597.359000,1418.305000,30.858000,3.286000,3581.930000,1416.662000
label,MET5,TEXT,3589.785000,1415.019000,3620.215000,1418.305000,30.430000,3.286000,3605.000000,1416.662000
label,MET5,TEXT,3435.575000,1415.019000,3466.005000,1418.305000,30.430000,3.286000,3450.790000,1416.662000
label,MET5,TEXT,3457.738000,1415.019000,3487.882000,1418.305000,30.144000,3.286000,3472.810000,1416.662000
label,METTPL,TEXT,3566.501000,1414.769000,3597.359000,1418.055000,30.858000,3.286000,3581.930000,1416.412000
label,METTPL,TEXT,3457.738000,1414.769000,3487.882000,1418.055000,30.144000,3.286000,3472.810000,1416.412000
label,MET4,TEXT,3566.501000,1498.519000,3597.359000,1501.805000,30.858000,3.286000,3581.930000,1500.162000
label,MET4,TEXT,3589.785000,1498.519000,3620.215000,1501.805000,30.430000,3.286000,3605.000000,1500.162000
label,MET4,TEXT,3435.575000,1498.519000,3466.005000,1501.805000,30.430000,3.286000,3450.790000,1500.162000
label,MET4,TEXT,3457.738000,1498.519000,3487.882000,1501.805000,30.144000,3.286000,3472.810000,1500.162000
label,MET5,TEXT,3566.501000,1498.519000,3597.359000,1501.805000,30.858000,3.286000,3581.930000,1500.162000
label,MET5,TEXT,3589.785000,1498.519000,3620.215000,1501.805000,30.430000,3.286000,3605.000000,1500.162000
label,MET5,TEXT,3435.575000,1498.519000,3466.005000,1501.805000,30.430000,3.286000,3450.790000,1500.162000
label,MET5,TEXT,3457.738000,1498.519000,3487.882000,1501.805000,30.144000,3.286000,3472.810000,1500.162000
label,METTPL,TEXT,3566.501000,1498.769000,3597.359000,1502.055000,30.858000,3.286000,3581.930000,1500.412000
label,METTPL,TEXT,3457.738000,1498.769000,3487.882000,1502.055000,30.144000,3.286000,3472.810000,1500.412000
label,METTPL,TEXT,3590.030000,1414.769000,3620.460000,1418.055000,30.430000,3.286000,3605.245000,1416.412000
label,METTPL,TEXT,3590.030000,1498.769000,3620.460000,1502.055000,30.430000,3.286000,3605.245000,1500.412000
label,METTPL,TEXT,3435.325000,1414.769000,3465.755000,1418.055000,30.430000,3.286000,3450.540000,1416.412000
label,METTPL,TEXT,3435.325000,1498.769000,3465.755000,1502.055000,30.430000,3.286000,3450.540000,1500.412000
label,METTPL,pin,3434.975000,1592.519000,3465.405000,1595.805000,30.430000,3.286000,3450.190000,1594.162000
label,METTPL,pin,3427.261000,1509.019000,3473.119000,1512.305000,45.858000,3.286000,3450.190000,1510.662000
label,METTPL,pin,3574.726000,1592.519000,3636.014000,1595.805000,61.288000,3.286000,3605.370000,1594.162000
label,METTPL,pin,3567.012000,1509.019000,3643.728000,1512.305000,76.716000,3.286000,3605.370000,1510.662000
label,MET5,pin,3388.939000,1592.519000,3511.941000,1595.805000,123.002000,3.286000,3450.440000,1594.162000
label,MET5,pin,3535.785000,1592.519000,3674.215000,1595.805000,138.430000,3.286000,3605.000000,1594.162000
label,MET4,pin,3373.511000,1592.519000,3527.369000,1595.805000,153.858000,3.286000,3450.440000,1594.162000
label,MET4,pin,3520.356000,1592.519000,3689.644000,1595.805000,169.288000,3.286000,3605.000000,1594.162000
label,MET5,pin,3319.511000,1509.019000,3581.369000,1512.305000,261.858000,3.286000,3450.440000,1510.662000
label,MET5,pin,3466.356000,1509.019000,3743.644000,1512.305000,277.288000,3.286000,3605.000000,1510.662000
label,MET4,pin,3304.082000,1509.019000,3596.798000,1512.305000,292.716000,3.286000,3450.440000,1510.662000
label,MET4,pin,3450.928000,1509.019000,3759.072000,1512.305000,308.144000,3.286000,3605.000000,1510.662000
label,MET4,TEXT,3566.501000,1509.019000,3597.359000,1512.305000,30.858000,3.286000,3581.930000,1510.662000
label,MET4,TEXT,3589.785000,1509.019000,3620.215000,1512.305000,30.430000,3.286000,3605.000000,1510.662000
label,MET4,TEXT,3435.575000,1509.019000,3466.005000,1512.305000,30.430000,3.286000,3450.790000,1510.662000
label,MET4,TEXT,3457.738000,1509.019000,3487.882000,1512.305000,30.144000,3.286000,3472.810000,1510.662000
label,MET5,TEXT,3566.501000,1509.019000,3597.359000,1512.305000,30.858000,3.286000,3581.930000,1510.662000
label,MET5,TEXT,3589.785000,1509.019000,3620.215000,1512.305000,30.430000,3.286000,3605.000000,1510.662000
label,MET5,TEXT,3435.575000,1509.019000,3466.005000,1512.305000,30.430000,3.286000,3450.790000,1510.662000
label,MET5,TEXT,3457.738000,1509.019000,3487.882000,1512.305000,30.144000,3.286000,3472.810000,1510.662000
label,METTPL,TEXT,3566.501000,1508.769000,3597.359000,1512.055000,30.858000,3.286000,3581.930000,1510.412000
label,METTPL,TEXT,3457.738000,1508.769000,3487.882000,1512.055000,30.144000,3.286000,3472.810000,1510.412000
label,MET4,TEXT,3566.501000,1592.519000,3597.359000,1595.805000,30.858000,3.286000,3581.930000,1594.162000
label,MET4,TEXT,3589.785000,1592.519000,3620.215000,1595.805000,30.430000,3.286000,3605.000000,1594.162000
label,MET4,TEXT,3435.575000,1592.519000,3466.005000,1595.805000,30.430000,3.286000,3450.790000,1594.162000
label,MET4,TEXT,3457.738000,1592.519000,3487.882000,1595.805000,30.144000,3.286000,3472.810000,1594.162000
label,MET5,TEXT,3566.501000,1592.519000,3597.359000,1595.805000,30.858000,3.286000,3581.930000,1594.162000
label,MET5,TEXT,3589.785000,1592.519000,3620.215000,1595.805000,30.430000,3.286000,3605.000000,1594.162000
label,MET5,TEXT,3435.575000,1592.519000,3466.005000,1595.805000,30.430000,3.286000,3450.790000,1594.162000
label,MET5,TEXT,3457.738000,1592.519000,3487.882000,1595.805000,30.144000,3.286000,3472.810000,1594.162000
label,METTPL,TEXT,3566.501000,1592.769000,3597.359000,1596.055000,30.858000,3.286000,3581.930000,1594.412000
label,METTPL,TEXT,3457.738000,1592.769000,3487.882000,1596.055000,30.144000,3.286000,3472.810000,1594.412000
label,METTPL,TEXT,3590.030000,1508.769000,3620.460000,1512.055000,30.430000,3.286000,3605.245000,1510.412000
label,METTPL,TEXT,3590.030000,1592.769000,3620.460000,1596.055000,30.430000,3.286000,3605.245000,1594.412000
label,METTPL,TEXT,3435.325000,1508.769000,3465.755000,1512.055000,30.430000,3.286000,3450.540000,1510.412000
label,METTPL,TEXT,3435.325000,1592.769000,3465.755000,1596.055000,30.430000,3.286000,3450.540000,1594.412000
label,METTPL,pin,3434.975000,1686.519000,3465.405000,1689.805000,30.430000,3.286000,3450.190000,1688.162000
label,METTPL,pin,3427.261000,1603.019000,3473.119000,1606.305000,45.858000,3.286000,3450.190000,1604.662000
label,METTPL,pin,3574.726000,1686.519000,3636.014000,1689.805000,61.288000,3.286000,3605.370000,1688.162000
label,METTPL,pin,3567.012000,1603.019000,3643.728000,1606.305000,76.716000,3.286000,3605.370000,1604.662000
label,MET5,pin,3388.939000,1686.519000,3511.941000,1689.805000,123.002000,3.286000,3450.440000,1688.162000
label,MET5,pin,3535.785000,1686.519000,3674.215000,1689.805000,138.430000,3.286000,3605.000000,1688.162000
label,MET4,pin,3373.511000,1686.519000,3527.369000,1689.805000,153.858000,3.286000,3450.440000,1688.162000
label,MET4,pin,3520.356000,1686.519000,3689.644000,1689.805000,169.288000,3.286000,3605.000000,1688.162000
label,MET5,pin,3319.511000,1603.019000,3581.369000,1606.305000,261.858000,3.286000,3450.440000,1604.662000
label,MET5,pin,3466.356000,1603.019000,3743.644000,1606.305000,277.288000,3.286000,3605.000000,1604.662000
label,MET4,pin,3304.082000,1603.019000,3596.798000,1606.305000,292.716000,3.286000,3450.440000,1604.662000
label,MET4,pin,3450.928000,1603.019000,3759.072000,1606.305000,308.144000,3.286000,3605.000000,1604.662000
label,MET4,TEXT,3566.501000,1603.019000,3597.359000,1606.305000,30.858000,3.286000,3581.930000,1604.662000
label,MET4,TEXT,3589.785000,1603.019000,3620.215000,1606.305000,30.430000,3.286000,3605.000000,1604.662000
label,MET4,TEXT,3435.575000,1603.019000,3466.005000,1606.305000,30.430000,3.286000,3450.790000,1604.662000
label,MET4,TEXT,3457.738000,1603.019000,3487.882000,1606.305000,30.144000,3.286000,3472.810000,1604.662000
label,MET5,TEXT,3566.501000,1603.019000,3597.359000,1606.305000,30.858000,3.286000,3581.930000,1604.662000
label,MET5,TEXT,3589.785000,1603.019000,3620.215000,1606.305000,30.430000,3.286000,3605.000000,1604.662000
label,MET5,TEXT,3435.575000,1603.019000,3466.005000,1606.305000,30.430000,3.286000,3450.790000,1604.662000
label,MET5,TEXT,3457.738000,1603.019000,3487.882000,1606.305000,30.144000,3.286000,3472.810000,1604.662000
label,METTPL,TEXT,3566.501000,1602.769000,3597.359000,1606.055000,30.858000,3.286000,3581.930000,1604.412000
label,METTPL,TEXT,3457.738000,1602.769000,3487.882000,1606.055000,30.144000,3.286000,3472.810000,1604.412000
label,MET4,TEXT,3566.501000,1686.519000,3597.359000,1689.805000,30.858000,3.286000,3581.930000,1688.162000
label,MET4,TEXT,3589.785000,1686.519000,3620.215000,1689.805000,30.430000,3.286000,3605.000000,1688.162000
label,MET4,TEXT,3435.575000,1686.519000,3466.005000,1689.805000,30.430000,3.286000,3450.790000,1688.162000
label,MET4,TEXT,3457.738000,1686.519000,3487.882000,1689.805000,30.144000,3.286000,3472.810000,1688.162000
label,MET5,TEXT,3566.501000,1686.519000,3597.359000,1689.805000,30.858000,3.286000,3581.930000,1688.162000
label,MET5,TEXT,3589.785000,1686.519000,3620.215000,1689.805000,30.430000,3.286000,3605.000000,1688.162000
label,MET5,TEXT,3435.575000,1686.519000,3466.005000,1689.805000,30.430000,3.286000,3450.790000,1688.162000
label,MET5,TEXT,3457.738000,1686.519000,3487.882000,1689.805000,30.144000,3.286000,3472.810000,1688.162000
label,METTPL,TEXT,3566.501000,1686.769000,3597.359000,1690.055000,30.858000,3.286000,3581.930000,1688.412000
label,METTPL,TEXT,3457.738000,1686.769000,3487.882000,1690.055000,30.144000,3.286000,3472.810000,1688.412000
label,METTPL,TEXT,3590.030000,1602.769000,3620.460000,1606.055000,30.430000,3.286000,3605.245000,1604.412000
label,METTPL,TEXT,3590.030000,1686.769000,3620.460000,1690.055000,30.430000,3.286000,3605.245000,1688.412000
label,METTPL,TEXT,3435.325000,1602.769000,3465.755000,1606.055000,30.430000,3.286000,3450.540000,1604.412000
label,METTPL,TEXT,3435.325000,1686.769000,3465.755000,1690.055000,30.430000,3.286000,3450.540000,1688.412000
label,METTPL,pin,3434.975000,1780.519000,3465.405000,1783.805000,30.430000,3.286000,3450.190000,1782.162000
label,METTPL,pin,3427.261000,1697.019000,3473.119000,1700.305000,45.858000,3.286000,3450.190000,1698.662000
label,METTPL,pin,3574.726000,1780.519000,3636.014000,1783.805000,61.288000,3.286000,3605.370000,1782.162000
label,METTPL,pin,3567.012000,1697.019000,3643.728000,1700.305000,76.716000,3.286000,3605.370000,1698.662000
label,MET5,pin,3388.939000,1780.519000,3511.941000,1783.805000,123.002000,3.286000,3450.440000,1782.162000
label,MET5,pin,3535.785000,1780.519000,3674.215000,1783.805000,138.430000,3.286000,3605.000000,1782.162000
label,MET4,pin,3373.511000,1780.519000,3527.369000,1783.805000,153.858000,3.286000,3450.440000,1782.162000
label,MET4,pin,3520.356000,1780.519000,3689.644000,1783.805000,169.288000,3.286000,3605.000000,1782.162000
label,MET5,pin,3319.511000,1697.019000,3581.369000,1700.305000,261.858000,3.286000,3450.440000,1698.662000
label,MET5,pin,3466.356000,1697.019000,3743.644000,1700.305000,277.288000,3.286000,3605.000000,1698.662000
label,MET4,pin,3304.082000,1697.019000,3596.798000,1700.305000,292.716000,3.286000,3450.440000,1698.662000
label,MET4,pin,3450.928000,1697.019000,3759.072000,1700.305000,308.144000,3.286000,3605.000000,1698.662000
label,MET4,TEXT,3566.501000,1697.019000,3597.359000,1700.305000,30.858000,3.286000,3581.930000,1698.662000
label,MET4,TEXT,3589.785000,1697.019000,3620.215000,1700.305000,30.430000,3.286000,3605.000000,1698.662000
label,MET4,TEXT,3435.575000,1697.019000,3466.005000,1700.305000,30.430000,3.286000,3450.790000,1698.662000
label,MET4,TEXT,3457.738000,1697.019000,3487.882000,1700.305000,30.144000,3.286000,3472.810000,1698.662000
label,MET5,TEXT,3566.501000,1697.019000,3597.359000,1700.305000,30.858000,3.286000,3581.930000,1698.662000
label,MET5,TEXT,3589.785000,1697.019000,3620.215000,1700.305000,30.430000,3.286000,3605.000000,1698.662000
label,MET5,TEXT,3435.575000,1697.019000,3466.005000,1700.305000,30.430000,3.286000,3450.790000,1698.662000
label,MET5,TEXT,3457.738000,1697.019000,3487.882000,1700.305000,30.144000,3.286000,3472.810000,1698.662000
label,METTPL,TEXT,3566.501000,1696.769000,3597.359000,1700.055000,30.858000,3.286000,3581.930000,1698.412000
label,METTPL,TEXT,3457.738000,1696.769000,3487.882000,1700.055000,30.144000,3.286000,3472.810000,1698.412000
label,MET4,TEXT,3566.501000,1780.519000,3597.359000,1783.805000,30.858000,3.286000,3581.930000,1782.162000
label,MET4,TEXT,3589.785000,1780.519000,3620.215000,1783.805000,30.430000,3.286000,3605.000000,1782.162000
label,MET4,TEXT,3435.575000,1780.519000,3466.005000,1783.805000,30.430000,3.286000,3450.790000,1782.162000
label,MET4,TEXT,3457.738000,1780.519000,3487.882000,1783.805000,30.144000,3.286000,3472.810000,1782.162000
label,MET5,TEXT,3566.501000,1780.519000,3597.359000,1783.805000,30.858000,3.286000,3581.930000,1782.162000
label,MET5,TEXT,3589.785000,1780.519000,3620.215000,1783.805000,30.430000,3.286000,3605.000000,1782.162000
label,MET5,TEXT,3435.575000,1780.519000,3466.005000,1783.805000,30.430000,3.286000,3450.790000,1782.162000
label,MET5,TEXT,3457.738000,1780.519000,3487.882000,1783.805000,30.144000,3.286000,3472.810000,1782.162000
label,METTPL,TEXT,3566.501000,1780.769000,3597.359000,1784.055000,30.858000,3.286000,3581.930000,1782.412000
label,METTPL,TEXT,3457.738000,1780.769000,3487.882000,1784.055000,30.144000,3.286000,3472.810000,1782.412000
label,METTPL,TEXT,3590.030000,1696.769000,3620.460000,1700.055000,30.430000,3.286000,3605.245000,1698.412000
label,METTPL,TEXT,3590.030000,1780.769000,3620.460000,1784.055000,30.430000,3.286000,3605.245000,1782.412000
label,METTPL,TEXT,3435.325000,1696.769000,3465.755000,1700.055000,30.430000,3.286000,3450.540000,1698.412000
label,METTPL,TEXT,3435.325000,1780.769000,3465.755000,1784.055000,30.430000,3.286000,3450.540000,1782.412000
label,METTPL,pin,3434.975000,1874.519000,3465.405000,1877.805000,30.430000,3.286000,3450.190000,1876.162000
label,METTPL,pin,3427.261000,1791.019000,3473.119000,1794.305000,45.858000,3.286000,3450.190000,1792.662000
label,METTPL,pin,3574.726000,1874.519000,3636.014000,1877.805000,61.288000,3.286000,3605.370000,1876.162000
label,METTPL,pin,3567.012000,1791.019000,3643.728000,1794.305000,76.716000,3.286000,3605.370000,1792.662000
label,MET5,pin,3388.939000,1874.519000,3511.941000,1877.805000,123.002000,3.286000,3450.440000,1876.162000
label,MET5,pin,3535.785000,1874.519000,3674.215000,1877.805000,138.430000,3.286000,3605.000000,1876.162000
label,MET4,pin,3373.511000,1874.519000,3527.369000,1877.805000,153.858000,3.286000,3450.440000,1876.162000
label,MET4,pin,3520.356000,1874.519000,3689.644000,1877.805000,169.288000,3.286000,3605.000000,1876.162000
label,MET5,pin,3319.511000,1791.019000,3581.369000,1794.305000,261.858000,3.286000,3450.440000,1792.662000
label,MET5,pin,3466.356000,1791.019000,3743.644000,1794.305000,277.288000,3.286000,3605.000000,1792.662000
label,MET4,pin,3304.082000,1791.019000,3596.798000,1794.305000,292.716000,3.286000,3450.440000,1792.662000
label,MET4,pin,3450.928000,1791.019000,3759.072000,1794.305000,308.144000,3.286000,3605.000000,1792.662000
label,MET4,TEXT,3566.501000,1791.019000,3597.359000,1794.305000,30.858000,3.286000,3581.930000,1792.662000
label,MET4,TEXT,3589.785000,1791.019000,3620.215000,1794.305000,30.430000,3.286000,3605.000000,1792.662000
label,MET4,TEXT,3435.575000,1791.019000,3466.005000,1794.305000,30.430000,3.286000,3450.790000,1792.662000
label,MET4,TEXT,3457.738000,1791.019000,3487.882000,1794.305000,30.144000,3.286000,3472.810000,1792.662000
label,MET5,TEXT,3566.501000,1791.019000,3597.359000,1794.305000,30.858000,3.286000,3581.930000,1792.662000
label,MET5,TEXT,3589.785000,1791.019000,3620.215000,1794.305000,30.430000,3.286000,3605.000000,1792.662000
label,MET5,TEXT,3435.575000,1791.019000,3466.005000,1794.305000,30.430000,3.286000,3450.790000,1792.662000
label,MET5,TEXT,3457.738000,1791.019000,3487.882000,1794.305000,30.144000,3.286000,3472.810000,1792.662000
label,METTPL,TEXT,3566.501000,1790.769000,3597.359000,1794.055000,30.858000,3.286000,3581.930000,1792.412000
label,METTPL,TEXT,3457.738000,1790.769000,3487.882000,1794.055000,30.144000,3.286000,3472.810000,1792.412000
label,MET4,TEXT,3566.501000,1874.519000,3597.359000,1877.805000,30.858000,3.286000,3581.930000,1876.162000
label,MET4,TEXT,3589.785000,1874.519000,3620.215000,1877.805000,30.430000,3.286000,3605.000000,1876.162000
label,MET4,TEXT,3435.575000,1874.519000,3466.005000,1877.805000,30.430000,3.286000,3450.790000,1876.162000
label,MET4,TEXT,3457.738000,1874.519000,3487.882000,1877.805000,30.144000,3.286000,3472.810000,1876.162000
label,MET5,TEXT,3566.501000,1874.519000,3597.359000,1877.805000,30.858000,3.286000,3581.930000,1876.162000
label,MET5,TEXT,3589.785000,1874.519000,3620.215000,1877.805000,30.430000,3.286000,3605.000000,1876.162000
label,MET5,TEXT,3435.575000,1874.519000,3466.005000,1877.805000,30.430000,3.286000,3450.790000,1876.162000
label,MET5,TEXT,3457.738000,1874.519000,3487.882000,1877.805000,30.144000,3.286000,3472.810000,1876.162000
label,METTPL,TEXT,3566.501000,1874.769000,3597.359000,1878.055000,30.858000,3.286000,3581.930000,1876.412000
label,METTPL,TEXT,3457.738000,1874.769000,3487.882000,1878.055000,30.144000,3.286000,3472.810000,1876.412000
label,METTPL,TEXT,3590.030000,1790.769000,3620.460000,1794.055000,30.430000,3.286000,3605.245000,1792.412000
label,METTPL,TEXT,3590.030000,1874.769000,3620.460000,1878.055000,30.430000,3.286000,3605.245000,1876.412000
label,METTPL,TEXT,3435.325000,1790.769000,3465.755000,1794.055000,30.430000,3.286000,3450.540000,1792.412000
label,METTPL,TEXT,3435.325000,1874.769000,3465.755000,1878.055000,30.430000,3.286000,3450.540000,1876.412000
label,METTPL,pin,3434.975000,1968.519000,3465.405000,1971.805000,30.430000,3.286000,3450.190000,1970.162000
label,METTPL,pin,3427.261000,1885.019000,3473.119000,1888.305000,45.858000,3.286000,3450.190000,1886.662000
label,METTPL,pin,3574.726000,1968.519000,3636.014000,1971.805000,61.288000,3.286000,3605.370000,1970.162000
label,METTPL,pin,3567.012000,1885.019000,3643.728000,1888.305000,76.716000,3.286000,3605.370000,1886.662000
label,MET5,pin,3388.939000,1968.519000,3511.941000,1971.805000,123.002000,3.286000,3450.440000,1970.162000
label,MET5,pin,3535.785000,1968.519000,3674.215000,1971.805000,138.430000,3.286000,3605.000000,1970.162000
label,MET4,pin,3373.511000,1968.519000,3527.369000,1971.805000,153.858000,3.286000,3450.440000,1970.162000
label,MET4,pin,3520.356000,1968.519000,3689.644000,1971.805000,169.288000,3.286000,3605.000000,1970.162000
label,MET5,pin,3319.511000,1885.019000,3581.369000,1888.305000,261.858000,3.286000,3450.440000,1886.662000
label,MET5,pin,3466.356000,1885.019000,3743.644000,1888.305000,277.288000,3.286000,3605.000000,1886.662000
label,MET4,pin,3304.082000,1885.019000,3596.798000,1888.305000,292.716000,3.286000,3450.440000,1886.662000
label,MET4,pin,3450.928000,1885.019000,3759.072000,1888.305000,308.144000,3.286000,3605.000000,1886.662000
label,MET4,TEXT,3566.501000,1885.019000,3597.359000,1888.305000,30.858000,3.286000,3581.930000,1886.662000
label,MET4,TEXT,3589.785000,1885.019000,3620.215000,1888.305000,30.430000,3.286000,3605.000000,1886.662000
label,MET4,TEXT,3435.575000,1885.019000,3466.005000,1888.305000,30.430000,3.286000,3450.790000,1886.662000
label,MET4,TEXT,3457.738000,1885.019000,3487.882000,1888.305000,30.144000,3.286000,3472.810000,1886.662000
label,MET5,TEXT,3566.501000,1885.019000,3597.359000,1888.305000,30.858000,3.286000,3581.930000,1886.662000
label,MET5,TEXT,3589.785000,1885.019000,3620.215000,1888.305000,30.430000,3.286000,3605.000000,1886.662000
label,MET5,TEXT,3435.575000,1885.019000,3466.005000,1888.305000,30.430000,3.286000,3450.790000,1886.662000
label,MET5,TEXT,3457.738000,1885.019000,3487.882000,1888.305000,30.144000,3.286000,3472.810000,1886.662000
label,METTPL,TEXT,3566.501000,1884.769000,3597.359000,1888.055000,30.858000,3.286000,3581.930000,1886.412000
label,METTPL,TEXT,3457.738000,1884.769000,3487.882000,1888.055000,30.144000,3.286000,3472.810000,1886.412000
label,MET4,TEXT,3566.501000,1968.519000,3597.359000,1971.805000,30.858000,3.286000,3581.930000,1970.162000
label,MET4,TEXT,3589.785000,1968.519000,3620.215000,1971.805000,30.430000,3.286000,3605.000000,1970.162000
label,MET4,TEXT,3435.575000,1968.519000,3466.005000,1971.805000,30.430000,3.286000,3450.790000,1970.162000
label,MET4,TEXT,3457.738000,1968.519000,3487.882000,1971.805000,30.144000,3.286000,3472.810000,1970.162000
label,MET5,TEXT,3566.501000,1968.519000,3597.359000,1971.805000,30.858000,3.286000,3581.930000,1970.162000
label,MET5,TEXT,3589.785000,1968.519000,3620.215000,1971.805000,30.430000,3.286000,3605.000000,1970.162000
label,MET5,TEXT,3435.575000,1968.519000,3466.005000,1971.805000,30.430000,3.286000,3450.790000,1970.162000
label,MET5,TEXT,3457.738000,1968.519000,3487.882000,1971.805000,30.144000,3.286000,3472.810000,1970.162000
label,METTPL,TEXT,3566.501000,1968.769000,3597.359000,1972.055000,30.858000,3.286000,3581.930000,1970.412000
label,METTPL,TEXT,3457.738000,1968.769000,3487.882000,1972.055000,30.144000,3.286000,3472.810000,1970.412000
label,METTPL,TEXT,3590.030000,1884.769000,3620.460000,1888.055000,30.430000,3.286000,3605.245000,1886.412000
label,METTPL,TEXT,3590.030000,1968.769000,3620.460000,1972.055000,30.430000,3.286000,3605.245000,1970.412000
label,METTPL,TEXT,3435.325000,1884.769000,3465.755000,1888.055000,30.430000,3.286000,3450.540000,1886.412000
label,METTPL,TEXT,3435.325000,1968.769000,3465.755000,1972.055000,30.430000,3.286000,3450.540000,1970.412000
label,METTPL,pin,3434.975000,2062.519000,3465.405000,2065.805000,30.430000,3.286000,3450.190000,2064.162000
label,METTPL,pin,3427.261000,1979.019000,3473.119000,1982.305000,45.858000,3.286000,3450.190000,1980.662000
label,METTPL,pin,3574.726000,2062.519000,3636.014000,2065.805000,61.288000,3.286000,3605.370000,2064.162000
label,METTPL,pin,3567.012000,1979.019000,3643.728000,1982.305000,76.716000,3.286000,3605.370000,1980.662000
label,MET5,pin,3388.939000,2062.519000,3511.941000,2065.805000,123.002000,3.286000,3450.440000,2064.162000
label,MET5,pin,3535.785000,2062.519000,3674.215000,2065.805000,138.430000,3.286000,3605.000000,2064.162000
label,MET4,pin,3373.511000,2062.519000,3527.369000,2065.805000,153.858000,3.286000,3450.440000,2064.162000
label,MET4,pin,3520.356000,2062.519000,3689.644000,2065.805000,169.288000,3.286000,3605.000000,2064.162000
label,MET5,pin,3319.511000,1979.019000,3581.369000,1982.305000,261.858000,3.286000,3450.440000,1980.662000
label,MET5,pin,3466.356000,1979.019000,3743.644000,1982.305000,277.288000,3.286000,3605.000000,1980.662000
label,MET4,pin,3304.082000,1979.019000,3596.798000,1982.305000,292.716000,3.286000,3450.440000,1980.662000
label,MET4,pin,3450.928000,1979.019000,3759.072000,1982.305000,308.144000,3.286000,3605.000000,1980.662000
label,MET4,TEXT,3566.501000,1979.019000,3597.359000,1982.305000,30.858000,3.286000,3581.930000,1980.662000
label,MET4,TEXT,3589.785000,1979.019000,3620.215000,1982.305000,30.430000,3.286000,3605.000000,1980.662000
label,MET4,TEXT,3435.575000,1979.019000,3466.005000,1982.305000,30.430000,3.286000,3450.790000,1980.662000
label,MET4,TEXT,3457.738000,1979.019000,3487.882000,1982.305000,30.144000,3.286000,3472.810000,1980.662000
label,MET5,TEXT,3566.501000,1979.019000,3597.359000,1982.305000,30.858000,3.286000,3581.930000,1980.662000
label,MET5,TEXT,3589.785000,1979.019000,3620.215000,1982.305000,30.430000,3.286000,3605.000000,1980.662000
label,MET5,TEXT,3435.575000,1979.019000,3466.005000,1982.305000,30.430000,3.286000,3450.790000,1980.662000
label,MET5,TEXT,3457.738000,1979.019000,3487.882000,1982.305000,30.144000,3.286000,3472.810000,1980.662000
label,METTPL,TEXT,3566.501000,1978.769000,3597.359000,1982.055000,30.858000,3.286000,3581.930000,1980.412000
label,METTPL,TEXT,3457.738000,1978.769000,3487.882000,1982.055000,30.144000,3.286000,3472.810000,1980.412000
label,MET4,TEXT,3566.501000,2062.519000,3597.359000,2065.805000,30.858000,3.286000,3581.930000,2064.162000
label,MET4,TEXT,3589.785000,2062.519000,3620.215000,2065.805000,30.430000,3.286000,3605.000000,2064.162000
label,MET4,TEXT,3435.575000,2062.519000,3466.005000,2065.805000,30.430000,3.286000,3450.790000,2064.162000
label,MET4,TEXT,3457.738000,2062.519000,3487.882000,2065.805000,30.144000,3.286000,3472.810000,2064.162000
label,MET5,TEXT,3566.501000,2062.519000,3597.359000,2065.805000,30.858000,3.286000,3581.930000,2064.162000
label,MET5,TEXT,3589.785000,2062.519000,3620.215000,2065.805000,30.430000,3.286000,3605.000000,2064.162000
label,MET5,TEXT,3435.575000,2062.519000,3466.005000,2065.805000,30.430000,3.286000,3450.790000,2064.162000
label,MET5,TEXT,3457.738000,2062.519000,3487.882000,2065.805000,30.144000,3.286000,3472.810000,2064.162000
label,METTPL,TEXT,3566.501000,2062.769000,3597.359000,2066.055000,30.858000,3.286000,3581.930000,2064.412000
label,METTPL,TEXT,3457.738000,2062.769000,3487.882000,2066.055000,30.144000,3.286000,3472.810000,2064.412000
label,METTPL,TEXT,3590.030000,1978.769000,3620.460000,1982.055000,30.430000,3.286000,3605.245000,1980.412000
label,METTPL,TEXT,3590.030000,2062.769000,3620.460000,2066.055000,30.430000,3.286000,3605.245000,2064.412000
label,METTPL,TEXT,3435.325000,1978.769000,3465.755000,1982.055000,30.430000,3.286000,3450.540000,1980.412000
label,METTPL,TEXT,3435.325000,2062.769000,3465.755000,2066.055000,30.430000,3.286000,3450.540000,2064.412000
label,METTPL,pin,3434.975000,2156.519000,3465.405000,2159.805000,30.430000,3.286000,3450.190000,2158.162000
label,METTPL,pin,3427.261000,2073.019000,3473.119000,2076.305000,45.858000,3.286000,3450.190000,2074.662000
label,METTPL,pin,3574.726000,2156.519000,3636.014000,2159.805000,61.288000,3.286000,3605.370000,2158.162000
label,METTPL,pin,3567.012000,2073.019000,3643.728000,2076.305000,76.716000,3.286000,3605.370000,2074.662000
label,MET5,pin,3388.939000,2156.519000,3511.941000,2159.805000,123.002000,3.286000,3450.440000,2158.162000
label,MET5,pin,3535.785000,2156.519000,3674.215000,2159.805000,138.430000,3.286000,3605.000000,2158.162000
label,MET4,pin,3373.511000,2156.519000,3527.369000,2159.805000,153.858000,3.286000,3450.440000,2158.162000
label,MET4,pin,3520.356000,2156.519000,3689.644000,2159.805000,169.288000,3.286000,3605.000000,2158.162000
label,MET5,pin,3319.511000,2073.019000,3581.369000,2076.305000,261.858000,3.286000,3450.440000,2074.662000
label,MET5,pin,3466.356000,2073.019000,3743.644000,2076.305000,277.288000,3.286000,3605.000000,2074.662000
label,MET4,pin,3304.082000,2073.019000,3596.798000,2076.305000,292.716000,3.286000,3450.440000,2074.662000
label,MET4,pin,3450.928000,2073.019000,3759.072000,2076.305000,308.144000,3.286000,3605.000000,2074.662000
label,MET4,TEXT,3566.501000,2073.019000,3597.359000,2076.305000,30.858000,3.286000,3581.930000,2074.662000
label,MET4,TEXT,3589.785000,2073.019000,3620.215000,2076.305000,30.430000,3.286000,3605.000000,2074.662000
label,MET4,TEXT,3435.575000,2073.019000,3466.005000,2076.305000,30.430000,3.286000,3450.790000,2074.662000
label,MET4,TEXT,3457.738000,2073.019000,3487.882000,2076.305000,30.144000,3.286000,3472.810000,2074.662000
label,MET5,TEXT,3566.501000,2073.019000,3597.359000,2076.305000,30.858000,3.286000,3581.930000,2074.662000
label,MET5,TEXT,3589.785000,2073.019000,3620.215000,2076.305000,30.430000,3.286000,3605.000000,2074.662000
label,MET5,TEXT,3435.575000,2073.019000,3466.005000,2076.305000,30.430000,3.286000,3450.790000,2074.662000
label,MET5,TEXT,3457.738000,2073.019000,3487.882000,2076.305000,30.144000,3.286000,3472.810000,2074.662000
label,METTPL,TEXT,3566.501000,2072.769000,3597.359000,2076.055000,30.858000,3.286000,3581.930000,2074.412000
label,METTPL,TEXT,3457.738000,2072.769000,3487.882000,2076.055000,30.144000,3.286000,3472.810000,2074.412000
label,MET4,TEXT,3566.501000,2156.519000,3597.359000,2159.805000,30.858000,3.286000,3581.930000,2158.162000
label,MET4,TEXT,3589.785000,2156.519000,3620.215000,2159.805000,30.430000,3.286000,3605.000000,2158.162000
label,MET4,TEXT,3435.575000,2156.519000,3466.005000,2159.805000,30.430000,3.286000,3450.790000,2158.162000
label,MET4,TEXT,3457.738000,2156.519000,3487.882000,2159.805000,30.144000,3.286000,3472.810000,2158.162000
label,MET5,TEXT,3566.501000,2156.519000,3597.359000,2159.805000,30.858000,3.286000,3581.930000,2158.162000
label,MET5,TEXT,3589.785000,2156.519000,3620.215000,2159.805000,30.430000,3.286000,3605.000000,2158.162000
label,MET5,TEXT,3435.575000,2156.519000,3466.005000,2159.805000,30.430000,3.286000,3450.790000,2158.162000
label,MET5,TEXT,3457.738000,2156.519000,3487.882000,2159.805000,30.144000,3.286000,3472.810000,2158.162000
label,METTPL,TEXT,3566.501000,2156.769000,3597.359000,2160.055000,30.858000,3.286000,3581.930000,2158.412000
label,METTPL,TEXT,3457.738000,2156.769000,3487.882000,2160.055000,30.144000,3.286000,3472.810000,2158.412000
label,METTPL,TEXT,3590.030000,2072.769000,3620.460000,2076.055000,30.430000,3.286000,3605.245000,2074.412000
label,METTPL,TEXT,3590.030000,2156.769000,3620.460000,2160.055000,30.430000,3.286000,3605.245000,2158.412000
label,METTPL,TEXT,3435.325000,2072.769000,3465.755000,2076.055000,30.430000,3.286000,3450.540000,2074.412000
label,METTPL,TEXT,3435.325000,2156.769000,3465.755000,2160.055000,30.430000,3.286000,3450.540000,2158.412000
label,METTPL,pin,3434.975000,2250.519000,3465.405000,2253.805000,30.430000,3.286000,3450.190000,2252.162000
label,METTPL,pin,3427.261000,2167.019000,3473.119000,2170.305000,45.858000,3.286000,3450.190000,2168.662000
label,METTPL,pin,3574.726000,2250.519000,3636.014000,2253.805000,61.288000,3.286000,3605.370000,2252.162000
label,METTPL,pin,3567.012000,2167.019000,3643.728000,2170.305000,76.716000,3.286000,3605.370000,2168.662000
label,MET5,pin,3388.939000,2250.519000,3511.941000,2253.805000,123.002000,3.286000,3450.440000,2252.162000
label,MET5,pin,3535.785000,2250.519000,3674.215000,2253.805000,138.430000,3.286000,3605.000000,2252.162000
label,MET4,pin,3373.511000,2250.519000,3527.369000,2253.805000,153.858000,3.286000,3450.440000,2252.162000
label,MET4,pin,3520.356000,2250.519000,3689.644000,2253.805000,169.288000,3.286000,3605.000000,2252.162000
pathSeg,MET3,drawing,2079.045000,477.065000,2114.045000,2869.230000,35.000000,2392.165000,2096.545000,1673.147500
label,MET5,pin,3319.511000,2167.019000,3581.369000,2170.305000,261.858000,3.286000,3450.440000,2168.662000
label,MET5,pin,3466.356000,2167.019000,3743.644000,2170.305000,277.288000,3.286000,3605.000000,2168.662000
label,MET4,pin,3304.082000,2167.019000,3596.798000,2170.305000,292.716000,3.286000,3450.440000,2168.662000
label,MET4,pin,3450.928000,2167.019000,3759.072000,2170.305000,308.144000,3.286000,3605.000000,2168.662000
label,MET4,TEXT,3566.501000,2167.019000,3597.359000,2170.305000,30.858000,3.286000,3581.930000,2168.662000
label,MET4,TEXT,3589.785000,2167.019000,3620.215000,2170.305000,30.430000,3.286000,3605.000000,2168.662000
label,MET4,TEXT,3435.575000,2167.019000,3466.005000,2170.305000,30.430000,3.286000,3450.790000,2168.662000
label,MET4,TEXT,3457.738000,2167.019000,3487.882000,2170.305000,30.144000,3.286000,3472.810000,2168.662000
label,MET5,TEXT,3566.501000,2167.019000,3597.359000,2170.305000,30.858000,3.286000,3581.930000,2168.662000
label,MET5,TEXT,3589.785000,2167.019000,3620.215000,2170.305000,30.430000,3.286000,3605.000000,2168.662000
label,MET5,TEXT,3435.575000,2167.019000,3466.005000,2170.305000,30.430000,3.286000,3450.790000,2168.662000
label,MET5,TEXT,3457.738000,2167.019000,3487.882000,2170.305000,30.144000,3.286000,3472.810000,2168.662000
label,METTPL,TEXT,3566.501000,2166.769000,3597.359000,2170.055000,30.858000,3.286000,3581.930000,2168.412000
label,METTPL,TEXT,3457.738000,2166.769000,3487.882000,2170.055000,30.144000,3.286000,3472.810000,2168.412000
label,MET4,TEXT,3566.501000,2250.519000,3597.359000,2253.805000,30.858000,3.286000,3581.930000,2252.162000
label,MET4,TEXT,3589.785000,2250.519000,3620.215000,2253.805000,30.430000,3.286000,3605.000000,2252.162000
label,MET4,TEXT,3435.575000,2250.519000,3466.005000,2253.805000,30.430000,3.286000,3450.790000,2252.162000
label,MET4,TEXT,3457.738000,2250.519000,3487.882000,2253.805000,30.144000,3.286000,3472.810000,2252.162000
label,MET5,TEXT,3566.501000,2250.519000,3597.359000,2253.805000,30.858000,3.286000,3581.930000,2252.162000
label,MET5,TEXT,3589.785000,2250.519000,3620.215000,2253.805000,30.430000,3.286000,3605.000000,2252.162000
label,MET5,TEXT,3435.575000,2250.519000,3466.005000,2253.805000,30.430000,3.286000,3450.790000,2252.162000
label,MET5,TEXT,3457.738000,2250.519000,3487.882000,2253.805000,30.144000,3.286000,3472.810000,2252.162000
label,METTPL,TEXT,3566.501000,2250.769000,3597.359000,2254.055000,30.858000,3.286000,3581.930000,2252.412000
label,METTPL,TEXT,3457.738000,2250.769000,3487.882000,2254.055000,30.144000,3.286000,3472.810000,2252.412000
label,METTPL,TEXT,3590.030000,2166.769000,3620.460000,2170.055000,30.430000,3.286000,3605.245000,2168.412000
label,METTPL,TEXT,3590.030000,2250.769000,3620.460000,2254.055000,30.430000,3.286000,3605.245000,2252.412000
label,METTPL,TEXT,3435.325000,2166.769000,3465.755000,2170.055000,30.430000,3.286000,3450.540000,2168.412000
label,METTPL,TEXT,3435.325000,2250.769000,3465.755000,2254.055000,30.430000,3.286000,3450.540000,2252.412000
label,METTPL,pin,3434.975000,2344.519000,3465.405000,2347.805000,30.430000,3.286000,3450.190000,2346.162000
label,METTPL,pin,3427.261000,2261.019000,3473.119000,2264.305000,45.858000,3.286000,3450.190000,2262.662000
label,METTPL,pin,3574.726000,2344.519000,3636.014000,2347.805000,61.288000,3.286000,3605.370000,2346.162000
label,METTPL,pin,3567.012000,2261.019000,3643.728000,2264.305000,76.716000,3.286000,3605.370000,2262.662000
label,MET5,pin,3388.939000,2344.519000,3511.941000,2347.805000,123.002000,3.286000,3450.440000,2346.162000
label,MET5,pin,3535.785000,2344.519000,3674.215000,2347.805000,138.430000,3.286000,3605.000000,2346.162000
label,MET4,pin,3373.511000,2344.519000,3527.369000,2347.805000,153.858000,3.286000,3450.440000,2346.162000
label,MET4,pin,3520.356000,2344.519000,3689.644000,2347.805000,169.288000,3.286000,3605.000000,2346.162000
pathSeg,MET3,drawing,2032.080000,478.870000,2067.080000,2871.035000,35.000000,2392.165000,2049.580000,1674.952500
label,MET5,pin,3319.511000,2261.019000,3581.369000,2264.305000,261.858000,3.286000,3450.440000,2262.662000
label,MET5,pin,3466.356000,2261.019000,3743.644000,2264.305000,277.288000,3.286000,3605.000000,2262.662000
label,MET4,pin,3304.082000,2261.019000,3596.798000,2264.305000,292.716000,3.286000,3450.440000,2262.662000
label,MET4,pin,3450.928000,2261.019000,3759.072000,2264.305000,308.144000,3.286000,3605.000000,2262.662000
label,MET4,TEXT,3566.501000,2261.019000,3597.359000,2264.305000,30.858000,3.286000,3581.930000,2262.662000
label,MET4,TEXT,3589.785000,2261.019000,3620.215000,2264.305000,30.430000,3.286000,3605.000000,2262.662000
label,MET4,TEXT,3435.575000,2261.019000,3466.005000,2264.305000,30.430000,3.286000,3450.790000,2262.662000
label,MET4,TEXT,3457.738000,2261.019000,3487.882000,2264.305000,30.144000,3.286000,3472.810000,2262.662000
label,MET5,TEXT,3566.501000,2261.019000,3597.359000,2264.305000,30.858000,3.286000,3581.930000,2262.662000
label,MET5,TEXT,3589.785000,2261.019000,3620.215000,2264.305000,30.430000,3.286000,3605.000000,2262.662000
label,MET5,TEXT,3435.575000,2261.019000,3466.005000,2264.305000,30.430000,3.286000,3450.790000,2262.662000
label,MET5,TEXT,3457.738000,2261.019000,3487.882000,2264.305000,30.144000,3.286000,3472.810000,2262.662000
label,METTPL,TEXT,3566.501000,2260.769000,3597.359000,2264.055000,30.858000,3.286000,3581.930000,2262.412000
label,METTPL,TEXT,3457.738000,2260.769000,3487.882000,2264.055000,30.144000,3.286000,3472.810000,2262.412000
label,MET4,TEXT,3566.501000,2344.519000,3597.359000,2347.805000,30.858000,3.286000,3581.930000,2346.162000
label,MET4,TEXT,3589.785000,2344.519000,3620.215000,2347.805000,30.430000,3.286000,3605.000000,2346.162000
label,MET4,TEXT,3435.575000,2344.519000,3466.005000,2347.805000,30.430000,3.286000,3450.790000,2346.162000
label,MET4,TEXT,3457.738000,2344.519000,3487.882000,2347.805000,30.144000,3.286000,3472.810000,2346.162000
label,MET5,TEXT,3566.501000,2344.519000,3597.359000,2347.805000,30.858000,3.286000,3581.930000,2346.162000
label,MET5,TEXT,3589.785000,2344.519000,3620.215000,2347.805000,30.430000,3.286000,3605.000000,2346.162000
label,MET5,TEXT,3435.575000,2344.519000,3466.005000,2347.805000,30.430000,3.286000,3450.790000,2346.162000
label,MET5,TEXT,3457.738000,2344.519000,3487.882000,2347.805000,30.144000,3.286000,3472.810000,2346.162000
label,METTPL,TEXT,3566.501000,2344.769000,3597.359000,2348.055000,30.858000,3.286000,3581.930000,2346.412000
label,METTPL,TEXT,3457.738000,2344.769000,3487.882000,2348.055000,30.144000,3.286000,3472.810000,2346.412000
label,METTPL,TEXT,3590.030000,2260.769000,3620.460000,2264.055000,30.430000,3.286000,3605.245000,2262.412000
label,METTPL,TEXT,3590.030000,2344.769000,3620.460000,2348.055000,30.430000,3.286000,3605.245000,2346.412000
label,METTPL,TEXT,3435.325000,2260.769000,3465.755000,2264.055000,30.430000,3.286000,3450.540000,2262.412000
label,METTPL,TEXT,3435.325000,2344.769000,3465.755000,2348.055000,30.430000,3.286000,3450.540000,2346.412000
label,METTPL,pin,3434.975000,2438.519000,3465.405000,2441.805000,30.430000,3.286000,3450.190000,2440.162000
label,METTPL,pin,3427.261000,2355.019000,3473.119000,2358.305000,45.858000,3.286000,3450.190000,2356.662000
label,METTPL,pin,3574.726000,2438.519000,3636.014000,2441.805000,61.288000,3.286000,3605.370000,2440.162000
label,METTPL,pin,3567.012000,2355.019000,3643.728000,2358.305000,76.716000,3.286000,3605.370000,2356.662000
label,MET5,pin,3388.939000,2438.519000,3511.941000,2441.805000,123.002000,3.286000,3450.440000,2440.162000
label,MET5,pin,3535.785000,2438.519000,3674.215000,2441.805000,138.430000,3.286000,3605.000000,2440.162000
label,MET4,pin,3373.511000,2438.519000,3527.369000,2441.805000,153.858000,3.286000,3450.440000,2440.162000
label,MET4,pin,3520.356000,2438.519000,3689.644000,2441.805000,169.288000,3.286000,3605.000000,2440.162000
label,MET5,pin,3319.511000,2355.019000,3581.369000,2358.305000,261.858000,3.286000,3450.440000,2356.662000
label,MET5,pin,3466.356000,2355.019000,3743.644000,2358.305000,277.288000,3.286000,3605.000000,2356.662000
label,MET4,pin,3304.082000,2355.019000,3596.798000,2358.305000,292.716000,3.286000,3450.440000,2356.662000
label,MET4,pin,3450.928000,2355.019000,3759.072000,2358.305000,308.144000,3.286000,3605.000000,2356.662000
label,MET4,TEXT,3566.501000,2355.019000,3597.359000,2358.305000,30.858000,3.286000,3581.930000,2356.662000
label,MET4,TEXT,3589.785000,2355.019000,3620.215000,2358.305000,30.430000,3.286000,3605.000000,2356.662000
label,MET4,TEXT,3435.575000,2355.019000,3466.005000,2358.305000,30.430000,3.286000,3450.790000,2356.662000
label,MET4,TEXT,3457.738000,2355.019000,3487.882000,2358.305000,30.144000,3.286000,3472.810000,2356.662000
label,MET5,TEXT,3566.501000,2355.019000,3597.359000,2358.305000,30.858000,3.286000,3581.930000,2356.662000
label,MET5,TEXT,3589.785000,2355.019000,3620.215000,2358.305000,30.430000,3.286000,3605.000000,2356.662000
label,MET5,TEXT,3435.575000,2355.019000,3466.005000,2358.305000,30.430000,3.286000,3450.790000,2356.662000
label,MET5,TEXT,3457.738000,2355.019000,3487.882000,2358.305000,30.144000,3.286000,3472.810000,2356.662000
label,METTPL,TEXT,3566.501000,2354.769000,3597.359000,2358.055000,30.858000,3.286000,3581.930000,2356.412000
label,METTPL,TEXT,3457.738000,2354.769000,3487.882000,2358.055000,30.144000,3.286000,3472.810000,2356.412000
label,MET4,TEXT,3566.501000,2438.519000,3597.359000,2441.805000,30.858000,3.286000,3581.930000,2440.162000
label,MET4,TEXT,3589.785000,2438.519000,3620.215000,2441.805000,30.430000,3.286000,3605.000000,2440.162000
label,MET4,TEXT,3435.575000,2438.519000,3466.005000,2441.805000,30.430000,3.286000,3450.790000,2440.162000
label,MET4,TEXT,3457.738000,2438.519000,3487.882000,2441.805000,30.144000,3.286000,3472.810000,2440.162000
label,MET5,TEXT,3566.501000,2438.519000,3597.359000,2441.805000,30.858000,3.286000,3581.930000,2440.162000
label,MET5,TEXT,3589.785000,2438.519000,3620.215000,2441.805000,30.430000,3.286000,3605.000000,2440.162000
label,MET5,TEXT,3435.575000,2438.519000,3466.005000,2441.805000,30.430000,3.286000,3450.790000,2440.162000
label,MET5,TEXT,3457.738000,2438.519000,3487.882000,2441.805000,30.144000,3.286000,3472.810000,2440.162000
label,METTPL,TEXT,3566.501000,2438.769000,3597.359000,2442.055000,30.858000,3.286000,3581.930000,2440.412000
label,METTPL,TEXT,3457.738000,2438.769000,3487.882000,2442.055000,30.144000,3.286000,3472.810000,2440.412000
label,METTPL,TEXT,3590.030000,2354.769000,3620.460000,2358.055000,30.430000,3.286000,3605.245000,2356.412000
label,METTPL,TEXT,3590.030000,2438.769000,3620.460000,2442.055000,30.430000,3.286000,3605.245000,2440.412000
label,METTPL,TEXT,3435.325000,2354.769000,3465.755000,2358.055000,30.430000,3.286000,3450.540000,2356.412000
label,METTPL,TEXT,3435.325000,2438.769000,3465.755000,2442.055000,30.430000,3.286000,3450.540000,2440.412000
label,METTPL,pin,3434.975000,2532.519000,3465.405000,2535.805000,30.430000,3.286000,3450.190000,2534.162000
label,METTPL,pin,3427.261000,2449.019000,3473.119000,2452.305000,45.858000,3.286000,3450.190000,2450.662000
label,METTPL,pin,3574.726000,2532.519000,3636.014000,2535.805000,61.288000,3.286000,3605.370000,2534.162000
label,METTPL,pin,3567.012000,2449.019000,3643.728000,2452.305000,76.716000,3.286000,3605.370000,2450.662000
label,MET5,pin,3388.939000,2532.519000,3511.941000,2535.805000,123.002000,3.286000,3450.440000,2534.162000
label,MET5,pin,3535.785000,2532.519000,3674.215000,2535.805000,138.430000,3.286000,3605.000000,2534.162000
label,MET4,pin,3373.511000,2532.519000,3527.369000,2535.805000,153.858000,3.286000,3450.440000,2534.162000
label,MET4,pin,3520.356000,2532.519000,3689.644000,2535.805000,169.288000,3.286000,3605.000000,2534.162000
label,MET5,pin,3319.511000,2449.019000,3581.369000,2452.305000,261.858000,3.286000,3450.440000,2450.662000
label,MET5,pin,3466.356000,2449.019000,3743.644000,2452.305000,277.288000,3.286000,3605.000000,2450.662000
label,MET4,pin,3304.082000,2449.019000,3596.798000,2452.305000,292.716000,3.286000,3450.440000,2450.662000
label,MET4,pin,3450.928000,2449.019000,3759.072000,2452.305000,308.144000,3.286000,3605.000000,2450.662000
label,MET4,TEXT,3566.501000,2449.019000,3597.359000,2452.305000,30.858000,3.286000,3581.930000,2450.662000
label,MET4,TEXT,3589.785000,2449.019000,3620.215000,2452.305000,30.430000,3.286000,3605.000000,2450.662000
label,MET4,TEXT,3435.575000,2449.019000,3466.005000,2452.305000,30.430000,3.286000,3450.790000,2450.662000
label,MET4,TEXT,3457.738000,2449.019000,3487.882000,2452.305000,30.144000,3.286000,3472.810000,2450.662000
label,MET5,TEXT,3566.501000,2449.019000,3597.359000,2452.305000,30.858000,3.286000,3581.930000,2450.662000
label,MET5,TEXT,3589.785000,2449.019000,3620.215000,2452.305000,30.430000,3.286000,3605.000000,2450.662000
label,MET5,TEXT,3435.575000,2449.019000,3466.005000,2452.305000,30.430000,3.286000,3450.790000,2450.662000
label,MET5,TEXT,3457.738000,2449.019000,3487.882000,2452.305000,30.144000,3.286000,3472.810000,2450.662000
label,METTPL,TEXT,3566.501000,2448.769000,3597.359000,2452.055000,30.858000,3.286000,3581.930000,2450.412000
label,METTPL,TEXT,3457.738000,2448.769000,3487.882000,2452.055000,30.144000,3.286000,3472.810000,2450.412000
label,MET4,TEXT,3566.501000,2532.519000,3597.359000,2535.805000,30.858000,3.286000,3581.930000,2534.162000
label,MET4,TEXT,3589.785000,2532.519000,3620.215000,2535.805000,30.430000,3.286000,3605.000000,2534.162000
label,MET4,TEXT,3435.575000,2532.519000,3466.005000,2535.805000,30.430000,3.286000,3450.790000,2534.162000
label,MET4,TEXT,3457.738000,2532.519000,3487.882000,2535.805000,30.144000,3.286000,3472.810000,2534.162000
label,MET5,TEXT,3566.501000,2532.519000,3597.359000,2535.805000,30.858000,3.286000,3581.930000,2534.162000
label,MET5,TEXT,3589.785000,2532.519000,3620.215000,2535.805000,30.430000,3.286000,3605.000000,2534.162000
label,MET5,TEXT,3435.575000,2532.519000,3466.005000,2535.805000,30.430000,3.286000,3450.790000,2534.162000
label,MET5,TEXT,3457.738000,2532.519000,3487.882000,2535.805000,30.144000,3.286000,3472.810000,2534.162000
label,METTPL,TEXT,3566.501000,2532.769000,3597.359000,2536.055000,30.858000,3.286000,3581.930000,2534.412000
label,METTPL,TEXT,3457.738000,2532.769000,3487.882000,2536.055000,30.144000,3.286000,3472.810000,2534.412000
label,METTPL,TEXT,3590.030000,2448.769000,3620.460000,2452.055000,30.430000,3.286000,3605.245000,2450.412000
label,METTPL,TEXT,3590.030000,2532.769000,3620.460000,2536.055000,30.430000,3.286000,3605.245000,2534.412000
label,METTPL,TEXT,3435.325000,2448.769000,3465.755000,2452.055000,30.430000,3.286000,3450.540000,2450.412000
label,METTPL,TEXT,3435.325000,2532.769000,3465.755000,2536.055000,30.430000,3.286000,3450.540000,2534.412000
label,METTPL,pin,3332.034000,2549.489000,3356.606000,2552.775000,24.572000,3.286000,3344.320000,2551.132000
label,METTPL,pin,3407.819000,2549.489000,3447.821000,2552.775000,40.002000,3.286000,3427.820000,2551.132000
label,METTPL,pin,3316.605000,2704.669000,3372.035000,2707.955000,55.430000,3.286000,3344.320000,2706.312000
label,METTPL,pin,3392.391000,2704.669000,3463.249000,2707.955000,70.858000,3.286000,3427.820000,2706.312000
label,MET5,pin,3285.748000,2549.739000,3402.892000,2553.025000,117.144000,3.286000,3344.320000,2551.382000
label,MET5,pin,3278.034000,2704.299000,3410.606000,2707.585000,132.572000,3.286000,3344.320000,2705.942000
label,MET4,pin,3270.319000,2549.739000,3418.321000,2553.025000,148.002000,3.286000,3344.320000,2551.382000
label,MET4,pin,3262.605000,2704.299000,3426.035000,2707.585000,163.430000,3.286000,3344.320000,2705.942000
label,MET5,pin,3299.819000,2549.739000,3555.821000,2553.025000,256.002000,3.286000,3427.820000,2551.382000
label,MET5,pin,3292.105000,2704.299000,3563.535000,2707.585000,271.430000,3.286000,3427.820000,2705.942000
label,MET4,pin,3284.391000,2549.739000,3571.249000,2553.025000,286.858000,3.286000,3427.820000,2551.382000
label,MET4,pin,3276.676000,2704.299000,3578.964000,2707.585000,302.288000,3.286000,3427.820000,2705.942000
label,MET4,TEXT,3415.319000,2681.229000,3440.321000,2684.515000,25.002000,3.286000,3427.820000,2682.872000
label,MET4,TEXT,3415.534000,2704.299000,3440.106000,2707.585000,24.572000,3.286000,3427.820000,2705.942000
label,MET4,TEXT,3415.534000,2550.089000,3440.106000,2553.375000,24.572000,3.286000,3427.820000,2551.732000
label,MET4,TEXT,3415.676000,2572.109000,3439.964000,2575.395000,24.288000,3.286000,3427.820000,2573.752000
label,MET5,TEXT,3415.319000,2681.229000,3440.321000,2684.515000,25.002000,3.286000,3427.820000,2682.872000
label,MET5,TEXT,3415.534000,2704.299000,3440.106000,2707.585000,24.572000,3.286000,3427.820000,2705.942000
label,MET5,TEXT,3415.534000,2550.089000,3440.106000,2553.375000,24.572000,3.286000,3427.820000,2551.732000
label,MET5,TEXT,3415.676000,2572.109000,3439.964000,2575.395000,24.288000,3.286000,3427.820000,2573.752000
label,METTPL,TEXT,3415.569000,2681.229000,3440.571000,2684.515000,25.002000,3.286000,3428.070000,2682.872000
label,METTPL,TEXT,3415.926000,2572.109000,3440.214000,2575.395000,24.288000,3.286000,3428.070000,2573.752000
label,MET4,TEXT,3331.819000,2681.229000,3356.821000,2684.515000,25.002000,3.286000,3344.320000,2682.872000
label,MET4,TEXT,3332.034000,2704.299000,3356.606000,2707.585000,24.572000,3.286000,3344.320000,2705.942000
label,MET4,TEXT,3332.034000,2550.089000,3356.606000,2553.375000,24.572000,3.286000,3344.320000,2551.732000
label,MET4,TEXT,3332.176000,2572.109000,3356.464000,2575.395000,24.288000,3.286000,3344.320000,2573.752000
label,MET5,TEXT,3331.819000,2681.229000,3356.821000,2684.515000,25.002000,3.286000,3344.320000,2682.872000
label,MET5,TEXT,3332.034000,2704.299000,3356.606000,2707.585000,24.572000,3.286000,3344.320000,2705.942000
label,MET5,TEXT,3332.034000,2550.089000,3356.606000,2553.375000,24.572000,3.286000,3344.320000,2551.732000
label,MET5,TEXT,3332.176000,2572.109000,3356.464000,2575.395000,24.288000,3.286000,3344.320000,2573.752000
label,METTPL,TEXT,3331.569000,2681.229000,3356.571000,2684.515000,25.002000,3.286000,3344.070000,2682.872000
label,METTPL,TEXT,3331.926000,2572.109000,3356.214000,2575.395000,24.288000,3.286000,3344.070000,2573.752000
label,METTPL,TEXT,3415.784000,2704.544000,3440.356000,2707.830000,24.572000,3.286000,3428.070000,2706.187000
label,METTPL,TEXT,3331.784000,2704.544000,3356.356000,2707.830000,24.572000,3.286000,3344.070000,2706.187000
label,METTPL,TEXT,3415.784000,2549.839000,3440.356000,2553.125000,24.572000,3.286000,3428.070000,2551.482000
label,METTPL,TEXT,3331.784000,2549.839000,3356.356000,2553.125000,24.572000,3.286000,3344.070000,2551.482000
label,METTPL,pin,3238.176000,2549.489000,3262.464000,2552.775000,24.288000,3.286000,3250.320000,2551.132000
label,METTPL,pin,3313.962000,2549.489000,3353.678000,2552.775000,39.716000,3.286000,3333.820000,2551.132000
label,METTPL,pin,3222.748000,2704.669000,3277.892000,2707.955000,55.144000,3.286000,3250.320000,2706.312000
label,METTPL,pin,3298.534000,2704.669000,3369.106000,2707.955000,70.572000,3.286000,3333.820000,2706.312000
label,MET5,pin,3191.891000,2549.739000,3308.749000,2553.025000,116.858000,3.286000,3250.320000,2551.382000
label,MET5,pin,3184.176000,2704.299000,3316.464000,2707.585000,132.288000,3.286000,3250.320000,2705.942000
label,MET4,pin,3176.462000,2549.739000,3324.178000,2553.025000,147.716000,3.286000,3250.320000,2551.382000
label,MET4,pin,3168.748000,2704.299000,3331.892000,2707.585000,163.144000,3.286000,3250.320000,2705.942000
label,MET5,pin,3205.962000,2549.739000,3461.678000,2553.025000,255.716000,3.286000,3333.820000,2551.382000
label,MET5,pin,3198.248000,2704.299000,3469.392000,2707.585000,271.144000,3.286000,3333.820000,2705.942000
label,MET4,pin,3190.534000,2549.739000,3477.106000,2553.025000,286.572000,3.286000,3333.820000,2551.382000
label,MET4,pin,3182.819000,2704.299000,3484.821000,2707.585000,302.002000,3.286000,3333.820000,2705.942000
label,MET4,TEXT,3321.462000,2681.229000,3346.178000,2684.515000,24.716000,3.286000,3333.820000,2682.872000
label,MET4,TEXT,3321.676000,2704.299000,3345.964000,2707.585000,24.288000,3.286000,3333.820000,2705.942000
label,MET4,TEXT,3321.676000,2550.089000,3345.964000,2553.375000,24.288000,3.286000,3333.820000,2551.732000
label,MET4,TEXT,3321.819000,2572.109000,3345.821000,2575.395000,24.002000,3.286000,3333.820000,2573.752000
label,MET5,TEXT,3321.462000,2681.229000,3346.178000,2684.515000,24.716000,3.286000,3333.820000,2682.872000
label,MET5,TEXT,3321.676000,2704.299000,3345.964000,2707.585000,24.288000,3.286000,3333.820000,2705.942000
label,MET5,TEXT,3321.676000,2550.089000,3345.964000,2553.375000,24.288000,3.286000,3333.820000,2551.732000
label,MET5,TEXT,3321.819000,2572.109000,3345.821000,2575.395000,24.002000,3.286000,3333.820000,2573.752000
label,METTPL,TEXT,3321.712000,2681.229000,3346.428000,2684.515000,24.716000,3.286000,3334.070000,2682.872000
label,METTPL,TEXT,3322.069000,2572.109000,3346.071000,2575.395000,24.002000,3.286000,3334.070000,2573.752000
label,MET4,TEXT,3237.962000,2681.229000,3262.678000,2684.515000,24.716000,3.286000,3250.320000,2682.872000
label,MET4,TEXT,3238.176000,2704.299000,3262.464000,2707.585000,24.288000,3.286000,3250.320000,2705.942000
label,MET4,TEXT,3238.176000,2550.089000,3262.464000,2553.375000,24.288000,3.286000,3250.320000,2551.732000
label,MET4,TEXT,3238.319000,2572.109000,3262.321000,2575.395000,24.002000,3.286000,3250.320000,2573.752000
label,MET5,TEXT,3237.962000,2681.229000,3262.678000,2684.515000,24.716000,3.286000,3250.320000,2682.872000
label,MET5,TEXT,3238.176000,2704.299000,3262.464000,2707.585000,24.288000,3.286000,3250.320000,2705.942000
label,MET5,TEXT,3238.176000,2550.089000,3262.464000,2553.375000,24.288000,3.286000,3250.320000,2551.732000
label,MET5,TEXT,3238.319000,2572.109000,3262.321000,2575.395000,24.002000,3.286000,3250.320000,2573.752000
label,METTPL,TEXT,3237.712000,2681.229000,3262.428000,2684.515000,24.716000,3.286000,3250.070000,2682.872000
label,METTPL,TEXT,3238.069000,2572.109000,3262.071000,2575.395000,24.002000,3.286000,3250.070000,2573.752000
label,METTPL,TEXT,3321.926000,2704.544000,3346.214000,2707.830000,24.288000,3.286000,3334.070000,2706.187000
label,METTPL,TEXT,3237.926000,2704.544000,3262.214000,2707.830000,24.288000,3.286000,3250.070000,2706.187000
label,METTPL,TEXT,3321.926000,2549.839000,3346.214000,2553.125000,24.288000,3.286000,3334.070000,2551.482000
label,METTPL,TEXT,3237.926000,2549.839000,3262.214000,2553.125000,24.288000,3.286000,3250.070000,2551.482000
label,METTPL,pin,3144.034000,2549.489000,3168.606000,2552.775000,24.572000,3.286000,3156.320000,2551.132000
label,METTPL,pin,3219.819000,2549.489000,3259.821000,2552.775000,40.002000,3.286000,3239.820000,2551.132000
label,METTPL,pin,3128.605000,2704.669000,3184.035000,2707.955000,55.430000,3.286000,3156.320000,2706.312000
label,METTPL,pin,3204.391000,2704.669000,3275.249000,2707.955000,70.858000,3.286000,3239.820000,2706.312000
label,MET5,pin,3097.748000,2549.739000,3214.892000,2553.025000,117.144000,3.286000,3156.320000,2551.382000
label,MET5,pin,3090.034000,2704.299000,3222.606000,2707.585000,132.572000,3.286000,3156.320000,2705.942000
label,MET4,pin,3082.319000,2549.739000,3230.321000,2553.025000,148.002000,3.286000,3156.320000,2551.382000
label,MET4,pin,3074.605000,2704.299000,3238.035000,2707.585000,163.430000,3.286000,3156.320000,2705.942000
label,MET5,pin,3111.819000,2549.739000,3367.821000,2553.025000,256.002000,3.286000,3239.820000,2551.382000
label,MET5,pin,3104.105000,2704.299000,3375.535000,2707.585000,271.430000,3.286000,3239.820000,2705.942000
label,MET4,pin,3096.391000,2549.739000,3383.249000,2553.025000,286.858000,3.286000,3239.820000,2551.382000
label,MET4,pin,3088.676000,2704.299000,3390.964000,2707.585000,302.288000,3.286000,3239.820000,2705.942000
label,MET4,TEXT,3227.319000,2681.229000,3252.321000,2684.515000,25.002000,3.286000,3239.820000,2682.872000
label,MET4,TEXT,3227.534000,2704.299000,3252.106000,2707.585000,24.572000,3.286000,3239.820000,2705.942000
label,MET4,TEXT,3227.534000,2550.089000,3252.106000,2553.375000,24.572000,3.286000,3239.820000,2551.732000
label,MET4,TEXT,3227.676000,2572.109000,3251.964000,2575.395000,24.288000,3.286000,3239.820000,2573.752000
label,MET5,TEXT,3227.319000,2681.229000,3252.321000,2684.515000,25.002000,3.286000,3239.820000,2682.872000
label,MET5,TEXT,3227.534000,2704.299000,3252.106000,2707.585000,24.572000,3.286000,3239.820000,2705.942000
label,MET5,TEXT,3227.534000,2550.089000,3252.106000,2553.375000,24.572000,3.286000,3239.820000,2551.732000
label,MET5,TEXT,3227.676000,2572.109000,3251.964000,2575.395000,24.288000,3.286000,3239.820000,2573.752000
label,METTPL,TEXT,3227.569000,2681.229000,3252.571000,2684.515000,25.002000,3.286000,3240.070000,2682.872000
label,METTPL,TEXT,3227.926000,2572.109000,3252.214000,2575.395000,24.288000,3.286000,3240.070000,2573.752000
label,MET4,TEXT,3143.819000,2681.229000,3168.821000,2684.515000,25.002000,3.286000,3156.320000,2682.872000
label,MET4,TEXT,3144.034000,2704.299000,3168.606000,2707.585000,24.572000,3.286000,3156.320000,2705.942000
label,MET4,TEXT,3144.034000,2550.089000,3168.606000,2553.375000,24.572000,3.286000,3156.320000,2551.732000
label,MET4,TEXT,3144.176000,2572.109000,3168.464000,2575.395000,24.288000,3.286000,3156.320000,2573.752000
label,MET5,TEXT,3143.819000,2681.229000,3168.821000,2684.515000,25.002000,3.286000,3156.320000,2682.872000
label,MET5,TEXT,3144.034000,2704.299000,3168.606000,2707.585000,24.572000,3.286000,3156.320000,2705.942000
label,MET5,TEXT,3144.034000,2550.089000,3168.606000,2553.375000,24.572000,3.286000,3156.320000,2551.732000
label,MET5,TEXT,3144.176000,2572.109000,3168.464000,2575.395000,24.288000,3.286000,3156.320000,2573.752000
label,METTPL,TEXT,3143.569000,2681.229000,3168.571000,2684.515000,25.002000,3.286000,3156.070000,2682.872000
label,METTPL,TEXT,3143.926000,2572.109000,3168.214000,2575.395000,24.288000,3.286000,3156.070000,2573.752000
label,METTPL,TEXT,3227.784000,2704.544000,3252.356000,2707.830000,24.572000,3.286000,3240.070000,2706.187000
label,METTPL,TEXT,3143.784000,2704.544000,3168.356000,2707.830000,24.572000,3.286000,3156.070000,2706.187000
label,METTPL,TEXT,3227.784000,2549.839000,3252.356000,2553.125000,24.572000,3.286000,3240.070000,2551.482000
label,METTPL,TEXT,3143.784000,2549.839000,3168.356000,2553.125000,24.572000,3.286000,3156.070000,2551.482000
label,METTPL,pin,3050.176000,2549.489000,3074.464000,2552.775000,24.288000,3.286000,3062.320000,2551.132000
label,METTPL,pin,3125.962000,2549.489000,3165.678000,2552.775000,39.716000,3.286000,3145.820000,2551.132000
label,METTPL,pin,3034.748000,2704.669000,3089.892000,2707.955000,55.144000,3.286000,3062.320000,2706.312000
label,METTPL,pin,3110.534000,2704.669000,3181.106000,2707.955000,70.572000,3.286000,3145.820000,2706.312000
label,MET5,pin,3003.891000,2549.739000,3120.749000,2553.025000,116.858000,3.286000,3062.320000,2551.382000
label,MET5,pin,2996.176000,2704.299000,3128.464000,2707.585000,132.288000,3.286000,3062.320000,2705.942000
label,MET4,pin,2988.462000,2549.739000,3136.178000,2553.025000,147.716000,3.286000,3062.320000,2551.382000
label,MET4,pin,2980.748000,2704.299000,3143.892000,2707.585000,163.144000,3.286000,3062.320000,2705.942000
label,MET5,pin,3017.962000,2549.739000,3273.678000,2553.025000,255.716000,3.286000,3145.820000,2551.382000
label,MET5,pin,3010.248000,2704.299000,3281.392000,2707.585000,271.144000,3.286000,3145.820000,2705.942000
label,MET4,pin,3002.534000,2549.739000,3289.106000,2553.025000,286.572000,3.286000,3145.820000,2551.382000
label,MET4,pin,2994.819000,2704.299000,3296.821000,2707.585000,302.002000,3.286000,3145.820000,2705.942000
label,MET4,TEXT,3133.462000,2681.229000,3158.178000,2684.515000,24.716000,3.286000,3145.820000,2682.872000
label,MET4,TEXT,3133.676000,2704.299000,3157.964000,2707.585000,24.288000,3.286000,3145.820000,2705.942000
label,MET4,TEXT,3133.676000,2550.089000,3157.964000,2553.375000,24.288000,3.286000,3145.820000,2551.732000
label,MET4,TEXT,3133.819000,2572.109000,3157.821000,2575.395000,24.002000,3.286000,3145.820000,2573.752000
label,MET5,TEXT,3133.462000,2681.229000,3158.178000,2684.515000,24.716000,3.286000,3145.820000,2682.872000
label,MET5,TEXT,3133.676000,2704.299000,3157.964000,2707.585000,24.288000,3.286000,3145.820000,2705.942000
label,MET5,TEXT,3133.676000,2550.089000,3157.964000,2553.375000,24.288000,3.286000,3145.820000,2551.732000
label,MET5,TEXT,3133.819000,2572.109000,3157.821000,2575.395000,24.002000,3.286000,3145.820000,2573.752000
label,METTPL,TEXT,3133.712000,2681.229000,3158.428000,2684.515000,24.716000,3.286000,3146.070000,2682.872000
label,METTPL,TEXT,3134.069000,2572.109000,3158.071000,2575.395000,24.002000,3.286000,3146.070000,2573.752000
label,MET4,TEXT,3049.962000,2681.229000,3074.678000,2684.515000,24.716000,3.286000,3062.320000,2682.872000
label,MET4,TEXT,3050.176000,2704.299000,3074.464000,2707.585000,24.288000,3.286000,3062.320000,2705.942000
label,MET4,TEXT,3050.176000,2550.089000,3074.464000,2553.375000,24.288000,3.286000,3062.320000,2551.732000
label,MET4,TEXT,3050.319000,2572.109000,3074.321000,2575.395000,24.002000,3.286000,3062.320000,2573.752000
label,MET5,TEXT,3049.962000,2681.229000,3074.678000,2684.515000,24.716000,3.286000,3062.320000,2682.872000
label,MET5,TEXT,3050.176000,2704.299000,3074.464000,2707.585000,24.288000,3.286000,3062.320000,2705.942000
label,MET5,TEXT,3050.176000,2550.089000,3074.464000,2553.375000,24.288000,3.286000,3062.320000,2551.732000
label,MET5,TEXT,3050.319000,2572.109000,3074.321000,2575.395000,24.002000,3.286000,3062.320000,2573.752000
label,METTPL,TEXT,3049.712000,2681.229000,3074.428000,2684.515000,24.716000,3.286000,3062.070000,2682.872000
label,METTPL,TEXT,3050.069000,2572.109000,3074.071000,2575.395000,24.002000,3.286000,3062.070000,2573.752000
label,METTPL,TEXT,3133.926000,2704.544000,3158.214000,2707.830000,24.288000,3.286000,3146.070000,2706.187000
label,METTPL,TEXT,3049.926000,2704.544000,3074.214000,2707.830000,24.288000,3.286000,3062.070000,2706.187000
label,METTPL,TEXT,3133.926000,2549.839000,3158.214000,2553.125000,24.288000,3.286000,3146.070000,2551.482000
label,METTPL,TEXT,3049.926000,2549.839000,3074.214000,2553.125000,24.288000,3.286000,3062.070000,2551.482000
label,METTPL,pin,2956.034000,2549.489000,2980.606000,2552.775000,24.572000,3.286000,2968.320000,2551.132000
label,METTPL,pin,3031.819000,2549.489000,3071.821000,2552.775000,40.002000,3.286000,3051.820000,2551.132000
label,METTPL,pin,2940.605000,2704.669000,2996.035000,2707.955000,55.430000,3.286000,2968.320000,2706.312000
label,METTPL,pin,3016.391000,2704.669000,3087.249000,2707.955000,70.858000,3.286000,3051.820000,2706.312000
label,MET5,pin,2909.748000,2549.739000,3026.892000,2553.025000,117.144000,3.286000,2968.320000,2551.382000
label,MET5,pin,2902.034000,2704.299000,3034.606000,2707.585000,132.572000,3.286000,2968.320000,2705.942000
label,MET4,pin,2894.319000,2549.739000,3042.321000,2553.025000,148.002000,3.286000,2968.320000,2551.382000
label,MET4,pin,2886.605000,2704.299000,3050.035000,2707.585000,163.430000,3.286000,2968.320000,2705.942000
label,MET5,pin,2923.819000,2549.739000,3179.821000,2553.025000,256.002000,3.286000,3051.820000,2551.382000
label,MET5,pin,2916.105000,2704.299000,3187.535000,2707.585000,271.430000,3.286000,3051.820000,2705.942000
label,MET4,pin,2908.391000,2549.739000,3195.249000,2553.025000,286.858000,3.286000,3051.820000,2551.382000
label,MET4,pin,2900.676000,2704.299000,3202.964000,2707.585000,302.288000,3.286000,3051.820000,2705.942000
label,MET4,TEXT,3039.319000,2681.229000,3064.321000,2684.515000,25.002000,3.286000,3051.820000,2682.872000
label,MET4,TEXT,3039.534000,2704.299000,3064.106000,2707.585000,24.572000,3.286000,3051.820000,2705.942000
label,MET4,TEXT,3039.534000,2550.089000,3064.106000,2553.375000,24.572000,3.286000,3051.820000,2551.732000
label,MET4,TEXT,3039.676000,2572.109000,3063.964000,2575.395000,24.288000,3.286000,3051.820000,2573.752000
label,MET5,TEXT,3039.319000,2681.229000,3064.321000,2684.515000,25.002000,3.286000,3051.820000,2682.872000
label,MET5,TEXT,3039.534000,2704.299000,3064.106000,2707.585000,24.572000,3.286000,3051.820000,2705.942000
label,MET5,TEXT,3039.534000,2550.089000,3064.106000,2553.375000,24.572000,3.286000,3051.820000,2551.732000
label,MET5,TEXT,3039.676000,2572.109000,3063.964000,2575.395000,24.288000,3.286000,3051.820000,2573.752000
label,METTPL,TEXT,3039.569000,2681.229000,3064.571000,2684.515000,25.002000,3.286000,3052.070000,2682.872000
label,METTPL,TEXT,3039.926000,2572.109000,3064.214000,2575.395000,24.288000,3.286000,3052.070000,2573.752000
label,MET4,TEXT,2955.819000,2681.229000,2980.821000,2684.515000,25.002000,3.286000,2968.320000,2682.872000
label,MET4,TEXT,2956.034000,2704.299000,2980.606000,2707.585000,24.572000,3.286000,2968.320000,2705.942000
label,MET4,TEXT,2956.034000,2550.089000,2980.606000,2553.375000,24.572000,3.286000,2968.320000,2551.732000
label,MET4,TEXT,2956.176000,2572.109000,2980.464000,2575.395000,24.288000,3.286000,2968.320000,2573.752000
label,MET5,TEXT,2955.819000,2681.229000,2980.821000,2684.515000,25.002000,3.286000,2968.320000,2682.872000
label,MET5,TEXT,2956.034000,2704.299000,2980.606000,2707.585000,24.572000,3.286000,2968.320000,2705.942000
label,MET5,TEXT,2956.034000,2550.089000,2980.606000,2553.375000,24.572000,3.286000,2968.320000,2551.732000
label,MET5,TEXT,2956.176000,2572.109000,2980.464000,2575.395000,24.288000,3.286000,2968.320000,2573.752000
label,METTPL,TEXT,2955.569000,2681.229000,2980.571000,2684.515000,25.002000,3.286000,2968.070000,2682.872000
label,METTPL,TEXT,2955.926000,2572.109000,2980.214000,2575.395000,24.288000,3.286000,2968.070000,2573.752000
label,METTPL,TEXT,3039.784000,2704.544000,3064.356000,2707.830000,24.572000,3.286000,3052.070000,2706.187000
label,METTPL,TEXT,2955.784000,2704.544000,2980.356000,2707.830000,24.572000,3.286000,2968.070000,2706.187000
label,METTPL,TEXT,3039.784000,2549.839000,3064.356000,2553.125000,24.572000,3.286000,3052.070000,2551.482000
label,METTPL,TEXT,2955.784000,2549.839000,2980.356000,2553.125000,24.572000,3.286000,2968.070000,2551.482000
label,METTPL,pin,2862.176000,2549.489000,2886.464000,2552.775000,24.288000,3.286000,2874.320000,2551.132000
label,METTPL,pin,2937.962000,2549.489000,2977.678000,2552.775000,39.716000,3.286000,2957.820000,2551.132000
label,METTPL,pin,2846.748000,2704.669000,2901.892000,2707.955000,55.144000,3.286000,2874.320000,2706.312000
label,METTPL,pin,2922.534000,2704.669000,2993.106000,2707.955000,70.572000,3.286000,2957.820000,2706.312000
label,MET5,pin,2815.891000,2549.739000,2932.749000,2553.025000,116.858000,3.286000,2874.320000,2551.382000
label,MET5,pin,2808.176000,2704.299000,2940.464000,2707.585000,132.288000,3.286000,2874.320000,2705.942000
label,MET4,pin,2800.462000,2549.739000,2948.178000,2553.025000,147.716000,3.286000,2874.320000,2551.382000
label,MET4,pin,2792.748000,2704.299000,2955.892000,2707.585000,163.144000,3.286000,2874.320000,2705.942000
label,MET5,pin,2829.962000,2549.739000,3085.678000,2553.025000,255.716000,3.286000,2957.820000,2551.382000
label,MET5,pin,2822.248000,2704.299000,3093.392000,2707.585000,271.144000,3.286000,2957.820000,2705.942000
label,MET4,pin,2814.534000,2549.739000,3101.106000,2553.025000,286.572000,3.286000,2957.820000,2551.382000
label,MET4,pin,2806.819000,2704.299000,3108.821000,2707.585000,302.002000,3.286000,2957.820000,2705.942000
label,MET4,TEXT,2945.462000,2681.229000,2970.178000,2684.515000,24.716000,3.286000,2957.820000,2682.872000
label,MET4,TEXT,2945.676000,2704.299000,2969.964000,2707.585000,24.288000,3.286000,2957.820000,2705.942000
label,MET4,TEXT,2945.676000,2550.089000,2969.964000,2553.375000,24.288000,3.286000,2957.820000,2551.732000
label,MET4,TEXT,2945.819000,2572.109000,2969.821000,2575.395000,24.002000,3.286000,2957.820000,2573.752000
label,MET5,TEXT,2945.462000,2681.229000,2970.178000,2684.515000,24.716000,3.286000,2957.820000,2682.872000
label,MET5,TEXT,2945.676000,2704.299000,2969.964000,2707.585000,24.288000,3.286000,2957.820000,2705.942000
label,MET5,TEXT,2945.676000,2550.089000,2969.964000,2553.375000,24.288000,3.286000,2957.820000,2551.732000
label,MET5,TEXT,2945.819000,2572.109000,2969.821000,2575.395000,24.002000,3.286000,2957.820000,2573.752000
label,METTPL,TEXT,2945.712000,2681.229000,2970.428000,2684.515000,24.716000,3.286000,2958.070000,2682.872000
label,METTPL,TEXT,2946.069000,2572.109000,2970.071000,2575.395000,24.002000,3.286000,2958.070000,2573.752000
label,MET4,TEXT,2861.962000,2681.229000,2886.678000,2684.515000,24.716000,3.286000,2874.320000,2682.872000
label,MET4,TEXT,2862.176000,2704.299000,2886.464000,2707.585000,24.288000,3.286000,2874.320000,2705.942000
label,MET4,TEXT,2862.176000,2550.089000,2886.464000,2553.375000,24.288000,3.286000,2874.320000,2551.732000
label,MET4,TEXT,2862.319000,2572.109000,2886.321000,2575.395000,24.002000,3.286000,2874.320000,2573.752000
label,MET5,TEXT,2861.962000,2681.229000,2886.678000,2684.515000,24.716000,3.286000,2874.320000,2682.872000
label,MET5,TEXT,2862.176000,2704.299000,2886.464000,2707.585000,24.288000,3.286000,2874.320000,2705.942000
label,MET5,TEXT,2862.176000,2550.089000,2886.464000,2553.375000,24.288000,3.286000,2874.320000,2551.732000
label,MET5,TEXT,2862.319000,2572.109000,2886.321000,2575.395000,24.002000,3.286000,2874.320000,2573.752000
label,METTPL,TEXT,2861.712000,2681.229000,2886.428000,2684.515000,24.716000,3.286000,2874.070000,2682.872000
label,METTPL,TEXT,2862.069000,2572.109000,2886.071000,2575.395000,24.002000,3.286000,2874.070000,2573.752000
label,METTPL,TEXT,2945.926000,2704.544000,2970.214000,2707.830000,24.288000,3.286000,2958.070000,2706.187000
label,METTPL,TEXT,2861.926000,2704.544000,2886.214000,2707.830000,24.288000,3.286000,2874.070000,2706.187000
label,METTPL,TEXT,2945.926000,2549.839000,2970.214000,2553.125000,24.288000,3.286000,2958.070000,2551.482000
label,METTPL,TEXT,2861.926000,2549.839000,2886.214000,2553.125000,24.288000,3.286000,2874.070000,2551.482000
label,METTPL,pin,2768.034000,2549.489000,2792.606000,2552.775000,24.572000,3.286000,2780.320000,2551.132000
label,METTPL,pin,2843.819000,2549.489000,2883.821000,2552.775000,40.002000,3.286000,2863.820000,2551.132000
label,METTPL,pin,2752.605000,2704.669000,2808.035000,2707.955000,55.430000,3.286000,2780.320000,2706.312000
label,METTPL,pin,2828.391000,2704.669000,2899.249000,2707.955000,70.858000,3.286000,2863.820000,2706.312000
label,MET5,pin,2721.748000,2549.739000,2838.892000,2553.025000,117.144000,3.286000,2780.320000,2551.382000
label,MET5,pin,2714.034000,2704.299000,2846.606000,2707.585000,132.572000,3.286000,2780.320000,2705.942000
label,MET4,pin,2706.319000,2549.739000,2854.321000,2553.025000,148.002000,3.286000,2780.320000,2551.382000
label,MET4,pin,2698.605000,2704.299000,2862.035000,2707.585000,163.430000,3.286000,2780.320000,2705.942000
label,MET5,pin,2735.819000,2549.739000,2991.821000,2553.025000,256.002000,3.286000,2863.820000,2551.382000
label,MET5,pin,2728.105000,2704.299000,2999.535000,2707.585000,271.430000,3.286000,2863.820000,2705.942000
label,MET4,pin,2720.391000,2549.739000,3007.249000,2553.025000,286.858000,3.286000,2863.820000,2551.382000
label,MET4,pin,2712.676000,2704.299000,3014.964000,2707.585000,302.288000,3.286000,2863.820000,2705.942000
label,MET4,TEXT,2851.319000,2681.229000,2876.321000,2684.515000,25.002000,3.286000,2863.820000,2682.872000
label,MET4,TEXT,2851.534000,2704.299000,2876.106000,2707.585000,24.572000,3.286000,2863.820000,2705.942000
label,MET4,TEXT,2851.534000,2550.089000,2876.106000,2553.375000,24.572000,3.286000,2863.820000,2551.732000
label,MET4,TEXT,2851.676000,2572.109000,2875.964000,2575.395000,24.288000,3.286000,2863.820000,2573.752000
label,MET5,TEXT,2851.319000,2681.229000,2876.321000,2684.515000,25.002000,3.286000,2863.820000,2682.872000
label,MET5,TEXT,2851.534000,2704.299000,2876.106000,2707.585000,24.572000,3.286000,2863.820000,2705.942000
label,MET5,TEXT,2851.534000,2550.089000,2876.106000,2553.375000,24.572000,3.286000,2863.820000,2551.732000
label,MET5,TEXT,2851.676000,2572.109000,2875.964000,2575.395000,24.288000,3.286000,2863.820000,2573.752000
label,METTPL,TEXT,2851.569000,2681.229000,2876.571000,2684.515000,25.002000,3.286000,2864.070000,2682.872000
label,METTPL,TEXT,2851.926000,2572.109000,2876.214000,2575.395000,24.288000,3.286000,2864.070000,2573.752000
label,MET4,TEXT,2767.819000,2681.229000,2792.821000,2684.515000,25.002000,3.286000,2780.320000,2682.872000
label,MET4,TEXT,2768.034000,2704.299000,2792.606000,2707.585000,24.572000,3.286000,2780.320000,2705.942000
label,MET4,TEXT,2768.034000,2550.089000,2792.606000,2553.375000,24.572000,3.286000,2780.320000,2551.732000
label,MET4,TEXT,2768.176000,2572.109000,2792.464000,2575.395000,24.288000,3.286000,2780.320000,2573.752000
label,MET5,TEXT,2767.819000,2681.229000,2792.821000,2684.515000,25.002000,3.286000,2780.320000,2682.872000
label,MET5,TEXT,2768.034000,2704.299000,2792.606000,2707.585000,24.572000,3.286000,2780.320000,2705.942000
label,MET5,TEXT,2768.034000,2550.089000,2792.606000,2553.375000,24.572000,3.286000,2780.320000,2551.732000
label,MET5,TEXT,2768.176000,2572.109000,2792.464000,2575.395000,24.288000,3.286000,2780.320000,2573.752000
label,METTPL,TEXT,2767.569000,2681.229000,2792.571000,2684.515000,25.002000,3.286000,2780.070000,2682.872000
label,METTPL,TEXT,2767.926000,2572.109000,2792.214000,2575.395000,24.288000,3.286000,2780.070000,2573.752000
label,METTPL,TEXT,2851.784000,2704.544000,2876.356000,2707.830000,24.572000,3.286000,2864.070000,2706.187000
label,METTPL,TEXT,2767.784000,2704.544000,2792.356000,2707.830000,24.572000,3.286000,2780.070000,2706.187000
label,METTPL,TEXT,2851.784000,2549.839000,2876.356000,2553.125000,24.572000,3.286000,2864.070000,2551.482000
label,METTPL,TEXT,2767.784000,2549.839000,2792.356000,2553.125000,24.572000,3.286000,2780.070000,2551.482000
label,METTPL,pin,2674.176000,2549.489000,2698.464000,2552.775000,24.288000,3.286000,2686.320000,2551.132000
label,METTPL,pin,2749.962000,2549.489000,2789.678000,2552.775000,39.716000,3.286000,2769.820000,2551.132000
label,METTPL,pin,2658.748000,2704.669000,2713.892000,2707.955000,55.144000,3.286000,2686.320000,2706.312000
label,METTPL,pin,2734.534000,2704.669000,2805.106000,2707.955000,70.572000,3.286000,2769.820000,2706.312000
label,MET5,pin,2627.891000,2549.739000,2744.749000,2553.025000,116.858000,3.286000,2686.320000,2551.382000
label,MET5,pin,2620.176000,2704.299000,2752.464000,2707.585000,132.288000,3.286000,2686.320000,2705.942000
label,MET4,pin,2612.462000,2549.739000,2760.178000,2553.025000,147.716000,3.286000,2686.320000,2551.382000
label,MET4,pin,2604.748000,2704.299000,2767.892000,2707.585000,163.144000,3.286000,2686.320000,2705.942000
label,MET5,pin,2641.962000,2549.739000,2897.678000,2553.025000,255.716000,3.286000,2769.820000,2551.382000
label,MET5,pin,2634.248000,2704.299000,2905.392000,2707.585000,271.144000,3.286000,2769.820000,2705.942000
label,MET4,pin,2626.534000,2549.739000,2913.106000,2553.025000,286.572000,3.286000,2769.820000,2551.382000
label,MET4,pin,2618.819000,2704.299000,2920.821000,2707.585000,302.002000,3.286000,2769.820000,2705.942000
label,MET4,TEXT,2757.462000,2681.229000,2782.178000,2684.515000,24.716000,3.286000,2769.820000,2682.872000
label,MET4,TEXT,2757.676000,2704.299000,2781.964000,2707.585000,24.288000,3.286000,2769.820000,2705.942000
label,MET4,TEXT,2757.676000,2550.089000,2781.964000,2553.375000,24.288000,3.286000,2769.820000,2551.732000
label,MET4,TEXT,2757.819000,2572.109000,2781.821000,2575.395000,24.002000,3.286000,2769.820000,2573.752000
label,MET5,TEXT,2757.462000,2681.229000,2782.178000,2684.515000,24.716000,3.286000,2769.820000,2682.872000
label,MET5,TEXT,2757.676000,2704.299000,2781.964000,2707.585000,24.288000,3.286000,2769.820000,2705.942000
label,MET5,TEXT,2757.676000,2550.089000,2781.964000,2553.375000,24.288000,3.286000,2769.820000,2551.732000
label,MET5,TEXT,2757.819000,2572.109000,2781.821000,2575.395000,24.002000,3.286000,2769.820000,2573.752000
label,METTPL,TEXT,2757.712000,2681.229000,2782.428000,2684.515000,24.716000,3.286000,2770.070000,2682.872000
label,METTPL,TEXT,2758.069000,2572.109000,2782.071000,2575.395000,24.002000,3.286000,2770.070000,2573.752000
label,MET4,TEXT,2673.962000,2681.229000,2698.678000,2684.515000,24.716000,3.286000,2686.320000,2682.872000
label,MET4,TEXT,2674.176000,2704.299000,2698.464000,2707.585000,24.288000,3.286000,2686.320000,2705.942000
label,MET4,TEXT,2674.176000,2550.089000,2698.464000,2553.375000,24.288000,3.286000,2686.320000,2551.732000
label,MET4,TEXT,2674.319000,2572.109000,2698.321000,2575.395000,24.002000,3.286000,2686.320000,2573.752000
label,MET5,TEXT,2673.962000,2681.229000,2698.678000,2684.515000,24.716000,3.286000,2686.320000,2682.872000
label,MET5,TEXT,2674.176000,2704.299000,2698.464000,2707.585000,24.288000,3.286000,2686.320000,2705.942000
label,MET5,TEXT,2674.176000,2550.089000,2698.464000,2553.375000,24.288000,3.286000,2686.320000,2551.732000
label,MET5,TEXT,2674.319000,2572.109000,2698.321000,2575.395000,24.002000,3.286000,2686.320000,2573.752000
label,METTPL,TEXT,2673.712000,2681.229000,2698.428000,2684.515000,24.716000,3.286000,2686.070000,2682.872000
label,METTPL,TEXT,2674.069000,2572.109000,2698.071000,2575.395000,24.002000,3.286000,2686.070000,2573.752000
label,METTPL,TEXT,2757.926000,2704.544000,2782.214000,2707.830000,24.288000,3.286000,2770.070000,2706.187000
label,METTPL,TEXT,2673.926000,2704.544000,2698.214000,2707.830000,24.288000,3.286000,2686.070000,2706.187000
label,METTPL,TEXT,2757.926000,2549.839000,2782.214000,2553.125000,24.288000,3.286000,2770.070000,2551.482000
label,METTPL,TEXT,2673.926000,2549.839000,2698.214000,2553.125000,24.288000,3.286000,2686.070000,2551.482000
label,METTPL,pin,2580.034000,2549.489000,2604.606000,2552.775000,24.572000,3.286000,2592.320000,2551.132000
label,METTPL,pin,2655.819000,2549.489000,2695.821000,2552.775000,40.002000,3.286000,2675.820000,2551.132000
label,METTPL,pin,2564.605000,2704.669000,2620.035000,2707.955000,55.430000,3.286000,2592.320000,2706.312000
label,METTPL,pin,2640.391000,2704.669000,2711.249000,2707.955000,70.858000,3.286000,2675.820000,2706.312000
label,MET5,pin,2533.748000,2549.739000,2650.892000,2553.025000,117.144000,3.286000,2592.320000,2551.382000
label,MET5,pin,2526.034000,2704.299000,2658.606000,2707.585000,132.572000,3.286000,2592.320000,2705.942000
label,MET4,pin,2518.319000,2549.739000,2666.321000,2553.025000,148.002000,3.286000,2592.320000,2551.382000
label,MET4,pin,2510.605000,2704.299000,2674.035000,2707.585000,163.430000,3.286000,2592.320000,2705.942000
label,MET5,pin,2547.819000,2549.739000,2803.821000,2553.025000,256.002000,3.286000,2675.820000,2551.382000
label,MET5,pin,2540.105000,2704.299000,2811.535000,2707.585000,271.430000,3.286000,2675.820000,2705.942000
label,MET4,pin,2532.391000,2549.739000,2819.249000,2553.025000,286.858000,3.286000,2675.820000,2551.382000
label,MET4,pin,2524.676000,2704.299000,2826.964000,2707.585000,302.288000,3.286000,2675.820000,2705.942000
label,MET4,TEXT,2663.319000,2681.229000,2688.321000,2684.515000,25.002000,3.286000,2675.820000,2682.872000
label,MET4,TEXT,2663.534000,2704.299000,2688.106000,2707.585000,24.572000,3.286000,2675.820000,2705.942000
label,MET4,TEXT,2663.534000,2550.089000,2688.106000,2553.375000,24.572000,3.286000,2675.820000,2551.732000
label,MET4,TEXT,2663.676000,2572.109000,2687.964000,2575.395000,24.288000,3.286000,2675.820000,2573.752000
label,MET5,TEXT,2663.319000,2681.229000,2688.321000,2684.515000,25.002000,3.286000,2675.820000,2682.872000
label,MET5,TEXT,2663.534000,2704.299000,2688.106000,2707.585000,24.572000,3.286000,2675.820000,2705.942000
label,MET5,TEXT,2663.534000,2550.089000,2688.106000,2553.375000,24.572000,3.286000,2675.820000,2551.732000
label,MET5,TEXT,2663.676000,2572.109000,2687.964000,2575.395000,24.288000,3.286000,2675.820000,2573.752000
label,METTPL,TEXT,2663.569000,2681.229000,2688.571000,2684.515000,25.002000,3.286000,2676.070000,2682.872000
label,METTPL,TEXT,2663.926000,2572.109000,2688.214000,2575.395000,24.288000,3.286000,2676.070000,2573.752000
label,MET4,TEXT,2579.819000,2681.229000,2604.821000,2684.515000,25.002000,3.286000,2592.320000,2682.872000
label,MET4,TEXT,2580.034000,2704.299000,2604.606000,2707.585000,24.572000,3.286000,2592.320000,2705.942000
label,MET4,TEXT,2580.034000,2550.089000,2604.606000,2553.375000,24.572000,3.286000,2592.320000,2551.732000
label,MET4,TEXT,2580.176000,2572.109000,2604.464000,2575.395000,24.288000,3.286000,2592.320000,2573.752000
label,MET5,TEXT,2579.819000,2681.229000,2604.821000,2684.515000,25.002000,3.286000,2592.320000,2682.872000
label,MET5,TEXT,2580.034000,2704.299000,2604.606000,2707.585000,24.572000,3.286000,2592.320000,2705.942000
label,MET5,TEXT,2580.034000,2550.089000,2604.606000,2553.375000,24.572000,3.286000,2592.320000,2551.732000
label,MET5,TEXT,2580.176000,2572.109000,2604.464000,2575.395000,24.288000,3.286000,2592.320000,2573.752000
label,METTPL,TEXT,2579.569000,2681.229000,2604.571000,2684.515000,25.002000,3.286000,2592.070000,2682.872000
label,METTPL,TEXT,2579.926000,2572.109000,2604.214000,2575.395000,24.288000,3.286000,2592.070000,2573.752000
label,METTPL,TEXT,2663.784000,2704.544000,2688.356000,2707.830000,24.572000,3.286000,2676.070000,2706.187000
label,METTPL,TEXT,2579.784000,2704.544000,2604.356000,2707.830000,24.572000,3.286000,2592.070000,2706.187000
label,METTPL,TEXT,2663.784000,2549.839000,2688.356000,2553.125000,24.572000,3.286000,2676.070000,2551.482000
label,METTPL,TEXT,2579.784000,2549.839000,2604.356000,2553.125000,24.572000,3.286000,2592.070000,2551.482000
label,METTPL,pin,2486.176000,2549.489000,2510.464000,2552.775000,24.288000,3.286000,2498.320000,2551.132000
label,METTPL,pin,2561.962000,2549.489000,2601.678000,2552.775000,39.716000,3.286000,2581.820000,2551.132000
label,METTPL,pin,2470.748000,2704.669000,2525.892000,2707.955000,55.144000,3.286000,2498.320000,2706.312000
label,METTPL,pin,2546.534000,2704.669000,2617.106000,2707.955000,70.572000,3.286000,2581.820000,2706.312000
label,MET5,pin,2439.891000,2549.739000,2556.749000,2553.025000,116.858000,3.286000,2498.320000,2551.382000
label,MET5,pin,2432.176000,2704.299000,2564.464000,2707.585000,132.288000,3.286000,2498.320000,2705.942000
label,MET4,pin,2424.462000,2549.739000,2572.178000,2553.025000,147.716000,3.286000,2498.320000,2551.382000
label,MET4,pin,2416.748000,2704.299000,2579.892000,2707.585000,163.144000,3.286000,2498.320000,2705.942000
label,MET5,pin,2453.962000,2549.739000,2709.678000,2553.025000,255.716000,3.286000,2581.820000,2551.382000
label,MET5,pin,2446.248000,2704.299000,2717.392000,2707.585000,271.144000,3.286000,2581.820000,2705.942000
label,MET4,pin,2438.534000,2549.739000,2725.106000,2553.025000,286.572000,3.286000,2581.820000,2551.382000
label,MET4,pin,2430.819000,2704.299000,2732.821000,2707.585000,302.002000,3.286000,2581.820000,2705.942000
label,MET4,TEXT,2569.462000,2681.229000,2594.178000,2684.515000,24.716000,3.286000,2581.820000,2682.872000
label,MET4,TEXT,2569.676000,2704.299000,2593.964000,2707.585000,24.288000,3.286000,2581.820000,2705.942000
label,MET4,TEXT,2569.676000,2550.089000,2593.964000,2553.375000,24.288000,3.286000,2581.820000,2551.732000
label,MET4,TEXT,2569.819000,2572.109000,2593.821000,2575.395000,24.002000,3.286000,2581.820000,2573.752000
label,MET5,TEXT,2569.462000,2681.229000,2594.178000,2684.515000,24.716000,3.286000,2581.820000,2682.872000
label,MET5,TEXT,2569.676000,2704.299000,2593.964000,2707.585000,24.288000,3.286000,2581.820000,2705.942000
label,MET5,TEXT,2569.676000,2550.089000,2593.964000,2553.375000,24.288000,3.286000,2581.820000,2551.732000
label,MET5,TEXT,2569.819000,2572.109000,2593.821000,2575.395000,24.002000,3.286000,2581.820000,2573.752000
label,METTPL,TEXT,2569.712000,2681.229000,2594.428000,2684.515000,24.716000,3.286000,2582.070000,2682.872000
label,METTPL,TEXT,2570.069000,2572.109000,2594.071000,2575.395000,24.002000,3.286000,2582.070000,2573.752000
label,MET4,TEXT,2485.962000,2681.229000,2510.678000,2684.515000,24.716000,3.286000,2498.320000,2682.872000
label,MET4,TEXT,2486.176000,2704.299000,2510.464000,2707.585000,24.288000,3.286000,2498.320000,2705.942000
label,MET4,TEXT,2486.176000,2550.089000,2510.464000,2553.375000,24.288000,3.286000,2498.320000,2551.732000
label,MET4,TEXT,2486.319000,2572.109000,2510.321000,2575.395000,24.002000,3.286000,2498.320000,2573.752000
label,MET5,TEXT,2485.962000,2681.229000,2510.678000,2684.515000,24.716000,3.286000,2498.320000,2682.872000
label,MET5,TEXT,2486.176000,2704.299000,2510.464000,2707.585000,24.288000,3.286000,2498.320000,2705.942000
label,MET5,TEXT,2486.176000,2550.089000,2510.464000,2553.375000,24.288000,3.286000,2498.320000,2551.732000
label,MET5,TEXT,2486.319000,2572.109000,2510.321000,2575.395000,24.002000,3.286000,2498.320000,2573.752000
label,METTPL,TEXT,2485.712000,2681.229000,2510.428000,2684.515000,24.716000,3.286000,2498.070000,2682.872000
label,METTPL,TEXT,2486.069000,2572.109000,2510.071000,2575.395000,24.002000,3.286000,2498.070000,2573.752000
label,METTPL,TEXT,2569.926000,2704.544000,2594.214000,2707.830000,24.288000,3.286000,2582.070000,2706.187000
label,METTPL,TEXT,2485.926000,2704.544000,2510.214000,2707.830000,24.288000,3.286000,2498.070000,2706.187000
label,METTPL,TEXT,2569.926000,2549.839000,2594.214000,2553.125000,24.288000,3.286000,2582.070000,2551.482000
label,METTPL,TEXT,2485.926000,2549.839000,2510.214000,2553.125000,24.288000,3.286000,2498.070000,2551.482000
label,METTPL,pin,2392.034000,2549.489000,2416.606000,2552.775000,24.572000,3.286000,2404.320000,2551.132000
label,METTPL,pin,2467.819000,2549.489000,2507.821000,2552.775000,40.002000,3.286000,2487.820000,2551.132000
label,METTPL,pin,2376.605000,2704.669000,2432.035000,2707.955000,55.430000,3.286000,2404.320000,2706.312000
label,METTPL,pin,2452.391000,2704.669000,2523.249000,2707.955000,70.858000,3.286000,2487.820000,2706.312000
label,MET5,pin,2345.748000,2549.739000,2462.892000,2553.025000,117.144000,3.286000,2404.320000,2551.382000
label,MET5,pin,2338.034000,2704.299000,2470.606000,2707.585000,132.572000,3.286000,2404.320000,2705.942000
label,MET4,pin,2330.319000,2549.739000,2478.321000,2553.025000,148.002000,3.286000,2404.320000,2551.382000
label,MET4,pin,2322.605000,2704.299000,2486.035000,2707.585000,163.430000,3.286000,2404.320000,2705.942000
label,MET5,pin,2359.819000,2549.739000,2615.821000,2553.025000,256.002000,3.286000,2487.820000,2551.382000
label,MET5,pin,2352.105000,2704.299000,2623.535000,2707.585000,271.430000,3.286000,2487.820000,2705.942000
label,MET4,pin,2344.391000,2549.739000,2631.249000,2553.025000,286.858000,3.286000,2487.820000,2551.382000
label,MET4,pin,2336.676000,2704.299000,2638.964000,2707.585000,302.288000,3.286000,2487.820000,2705.942000
label,MET4,TEXT,2475.319000,2681.229000,2500.321000,2684.515000,25.002000,3.286000,2487.820000,2682.872000
label,MET4,TEXT,2475.534000,2704.299000,2500.106000,2707.585000,24.572000,3.286000,2487.820000,2705.942000
label,MET4,TEXT,2475.534000,2550.089000,2500.106000,2553.375000,24.572000,3.286000,2487.820000,2551.732000
label,MET4,TEXT,2475.676000,2572.109000,2499.964000,2575.395000,24.288000,3.286000,2487.820000,2573.752000
label,MET5,TEXT,2475.319000,2681.229000,2500.321000,2684.515000,25.002000,3.286000,2487.820000,2682.872000
label,MET5,TEXT,2475.534000,2704.299000,2500.106000,2707.585000,24.572000,3.286000,2487.820000,2705.942000
label,MET5,TEXT,2475.534000,2550.089000,2500.106000,2553.375000,24.572000,3.286000,2487.820000,2551.732000
label,MET5,TEXT,2475.676000,2572.109000,2499.964000,2575.395000,24.288000,3.286000,2487.820000,2573.752000
label,METTPL,TEXT,2475.569000,2681.229000,2500.571000,2684.515000,25.002000,3.286000,2488.070000,2682.872000
label,METTPL,TEXT,2475.926000,2572.109000,2500.214000,2575.395000,24.288000,3.286000,2488.070000,2573.752000
label,MET4,TEXT,2391.819000,2681.229000,2416.821000,2684.515000,25.002000,3.286000,2404.320000,2682.872000
label,MET4,TEXT,2392.034000,2704.299000,2416.606000,2707.585000,24.572000,3.286000,2404.320000,2705.942000
label,MET4,TEXT,2392.034000,2550.089000,2416.606000,2553.375000,24.572000,3.286000,2404.320000,2551.732000
label,MET4,TEXT,2392.176000,2572.109000,2416.464000,2575.395000,24.288000,3.286000,2404.320000,2573.752000
label,MET5,TEXT,2391.819000,2681.229000,2416.821000,2684.515000,25.002000,3.286000,2404.320000,2682.872000
label,MET5,TEXT,2392.034000,2704.299000,2416.606000,2707.585000,24.572000,3.286000,2404.320000,2705.942000
label,MET5,TEXT,2392.034000,2550.089000,2416.606000,2553.375000,24.572000,3.286000,2404.320000,2551.732000
label,MET5,TEXT,2392.176000,2572.109000,2416.464000,2575.395000,24.288000,3.286000,2404.320000,2573.752000
label,METTPL,TEXT,2391.569000,2681.229000,2416.571000,2684.515000,25.002000,3.286000,2404.070000,2682.872000
label,METTPL,TEXT,2391.926000,2572.109000,2416.214000,2575.395000,24.288000,3.286000,2404.070000,2573.752000
label,METTPL,TEXT,2475.784000,2704.544000,2500.356000,2707.830000,24.572000,3.286000,2488.070000,2706.187000
label,METTPL,TEXT,2391.784000,2704.544000,2416.356000,2707.830000,24.572000,3.286000,2404.070000,2706.187000
label,METTPL,TEXT,2475.784000,2549.839000,2500.356000,2553.125000,24.572000,3.286000,2488.070000,2551.482000
label,METTPL,TEXT,2391.784000,2549.839000,2416.356000,2553.125000,24.572000,3.286000,2404.070000,2551.482000
label,METTPL,pin,2298.176000,2549.489000,2322.464000,2552.775000,24.288000,3.286000,2310.320000,2551.132000
label,METTPL,pin,2373.962000,2549.489000,2413.678000,2552.775000,39.716000,3.286000,2393.820000,2551.132000
label,METTPL,pin,2282.748000,2704.669000,2337.892000,2707.955000,55.144000,3.286000,2310.320000,2706.312000
label,METTPL,pin,2358.534000,2704.669000,2429.106000,2707.955000,70.572000,3.286000,2393.820000,2706.312000
label,MET5,pin,2251.891000,2549.739000,2368.749000,2553.025000,116.858000,3.286000,2310.320000,2551.382000
label,MET5,pin,2244.176000,2704.299000,2376.464000,2707.585000,132.288000,3.286000,2310.320000,2705.942000
label,MET4,pin,2236.462000,2549.739000,2384.178000,2553.025000,147.716000,3.286000,2310.320000,2551.382000
label,MET4,pin,2228.748000,2704.299000,2391.892000,2707.585000,163.144000,3.286000,2310.320000,2705.942000
label,MET5,pin,2265.962000,2549.739000,2521.678000,2553.025000,255.716000,3.286000,2393.820000,2551.382000
label,MET5,pin,2258.248000,2704.299000,2529.392000,2707.585000,271.144000,3.286000,2393.820000,2705.942000
label,MET4,pin,2250.534000,2549.739000,2537.106000,2553.025000,286.572000,3.286000,2393.820000,2551.382000
label,MET4,pin,2242.819000,2704.299000,2544.821000,2707.585000,302.002000,3.286000,2393.820000,2705.942000
label,MET4,TEXT,2381.462000,2681.229000,2406.178000,2684.515000,24.716000,3.286000,2393.820000,2682.872000
label,MET4,TEXT,2381.676000,2704.299000,2405.964000,2707.585000,24.288000,3.286000,2393.820000,2705.942000
label,MET4,TEXT,2381.676000,2550.089000,2405.964000,2553.375000,24.288000,3.286000,2393.820000,2551.732000
label,MET4,TEXT,2381.819000,2572.109000,2405.821000,2575.395000,24.002000,3.286000,2393.820000,2573.752000
label,MET5,TEXT,2381.462000,2681.229000,2406.178000,2684.515000,24.716000,3.286000,2393.820000,2682.872000
label,MET5,TEXT,2381.676000,2704.299000,2405.964000,2707.585000,24.288000,3.286000,2393.820000,2705.942000
label,MET5,TEXT,2381.676000,2550.089000,2405.964000,2553.375000,24.288000,3.286000,2393.820000,2551.732000
label,MET5,TEXT,2381.819000,2572.109000,2405.821000,2575.395000,24.002000,3.286000,2393.820000,2573.752000
label,METTPL,TEXT,2381.712000,2681.229000,2406.428000,2684.515000,24.716000,3.286000,2394.070000,2682.872000
label,METTPL,TEXT,2382.069000,2572.109000,2406.071000,2575.395000,24.002000,3.286000,2394.070000,2573.752000
label,MET4,TEXT,2297.962000,2681.229000,2322.678000,2684.515000,24.716000,3.286000,2310.320000,2682.872000
label,MET4,TEXT,2298.176000,2704.299000,2322.464000,2707.585000,24.288000,3.286000,2310.320000,2705.942000
label,MET4,TEXT,2298.176000,2550.089000,2322.464000,2553.375000,24.288000,3.286000,2310.320000,2551.732000
label,MET4,TEXT,2298.319000,2572.109000,2322.321000,2575.395000,24.002000,3.286000,2310.320000,2573.752000
label,MET5,TEXT,2297.962000,2681.229000,2322.678000,2684.515000,24.716000,3.286000,2310.320000,2682.872000
label,MET5,TEXT,2298.176000,2704.299000,2322.464000,2707.585000,24.288000,3.286000,2310.320000,2705.942000
label,MET5,TEXT,2298.176000,2550.089000,2322.464000,2553.375000,24.288000,3.286000,2310.320000,2551.732000
label,MET5,TEXT,2298.319000,2572.109000,2322.321000,2575.395000,24.002000,3.286000,2310.320000,2573.752000
label,METTPL,TEXT,2297.712000,2681.229000,2322.428000,2684.515000,24.716000,3.286000,2310.070000,2682.872000
label,METTPL,TEXT,2298.069000,2572.109000,2322.071000,2575.395000,24.002000,3.286000,2310.070000,2573.752000
label,METTPL,TEXT,2381.926000,2704.544000,2406.214000,2707.830000,24.288000,3.286000,2394.070000,2706.187000
label,METTPL,TEXT,2297.926000,2704.544000,2322.214000,2707.830000,24.288000,3.286000,2310.070000,2706.187000
label,METTPL,TEXT,2381.926000,2549.839000,2406.214000,2553.125000,24.288000,3.286000,2394.070000,2551.482000
label,METTPL,TEXT,2297.926000,2549.839000,2322.214000,2553.125000,24.288000,3.286000,2310.070000,2551.482000
label,METTPL,pin,2204.034000,2549.489000,2228.606000,2552.775000,24.572000,3.286000,2216.320000,2551.132000
label,METTPL,pin,2279.819000,2549.489000,2319.821000,2552.775000,40.002000,3.286000,2299.820000,2551.132000
label,METTPL,pin,2188.605000,2704.669000,2244.035000,2707.955000,55.430000,3.286000,2216.320000,2706.312000
label,METTPL,pin,2264.391000,2704.669000,2335.249000,2707.955000,70.858000,3.286000,2299.820000,2706.312000
label,MET5,pin,2157.748000,2549.739000,2274.892000,2553.025000,117.144000,3.286000,2216.320000,2551.382000
label,MET5,pin,2150.034000,2704.299000,2282.606000,2707.585000,132.572000,3.286000,2216.320000,2705.942000
label,MET4,pin,2142.319000,2549.739000,2290.321000,2553.025000,148.002000,3.286000,2216.320000,2551.382000
label,MET4,pin,2134.605000,2704.299000,2298.035000,2707.585000,163.430000,3.286000,2216.320000,2705.942000
label,MET5,pin,2171.819000,2549.739000,2427.821000,2553.025000,256.002000,3.286000,2299.820000,2551.382000
label,MET5,pin,2164.105000,2704.299000,2435.535000,2707.585000,271.430000,3.286000,2299.820000,2705.942000
label,MET4,pin,2156.391000,2549.739000,2443.249000,2553.025000,286.858000,3.286000,2299.820000,2551.382000
label,MET4,pin,2148.676000,2704.299000,2450.964000,2707.585000,302.288000,3.286000,2299.820000,2705.942000
label,MET4,TEXT,2287.319000,2681.229000,2312.321000,2684.515000,25.002000,3.286000,2299.820000,2682.872000
label,MET4,TEXT,2287.534000,2704.299000,2312.106000,2707.585000,24.572000,3.286000,2299.820000,2705.942000
label,MET4,TEXT,2287.534000,2550.089000,2312.106000,2553.375000,24.572000,3.286000,2299.820000,2551.732000
label,MET4,TEXT,2287.676000,2572.109000,2311.964000,2575.395000,24.288000,3.286000,2299.820000,2573.752000
label,MET5,TEXT,2287.319000,2681.229000,2312.321000,2684.515000,25.002000,3.286000,2299.820000,2682.872000
label,MET5,TEXT,2287.534000,2704.299000,2312.106000,2707.585000,24.572000,3.286000,2299.820000,2705.942000
label,MET5,TEXT,2287.534000,2550.089000,2312.106000,2553.375000,24.572000,3.286000,2299.820000,2551.732000
label,MET5,TEXT,2287.676000,2572.109000,2311.964000,2575.395000,24.288000,3.286000,2299.820000,2573.752000
label,METTPL,TEXT,2287.569000,2681.229000,2312.571000,2684.515000,25.002000,3.286000,2300.070000,2682.872000
label,METTPL,TEXT,2287.926000,2572.109000,2312.214000,2575.395000,24.288000,3.286000,2300.070000,2573.752000
label,MET4,TEXT,2203.819000,2681.229000,2228.821000,2684.515000,25.002000,3.286000,2216.320000,2682.872000
label,MET4,TEXT,2204.034000,2704.299000,2228.606000,2707.585000,24.572000,3.286000,2216.320000,2705.942000
label,MET4,TEXT,2204.034000,2550.089000,2228.606000,2553.375000,24.572000,3.286000,2216.320000,2551.732000
label,MET4,TEXT,2204.176000,2572.109000,2228.464000,2575.395000,24.288000,3.286000,2216.320000,2573.752000
label,MET5,TEXT,2203.819000,2681.229000,2228.821000,2684.515000,25.002000,3.286000,2216.320000,2682.872000
label,MET5,TEXT,2204.034000,2704.299000,2228.606000,2707.585000,24.572000,3.286000,2216.320000,2705.942000
label,MET5,TEXT,2204.034000,2550.089000,2228.606000,2553.375000,24.572000,3.286000,2216.320000,2551.732000
label,MET5,TEXT,2204.176000,2572.109000,2228.464000,2575.395000,24.288000,3.286000,2216.320000,2573.752000
label,METTPL,TEXT,2203.569000,2681.229000,2228.571000,2684.515000,25.002000,3.286000,2216.070000,2682.872000
label,METTPL,TEXT,2203.926000,2572.109000,2228.214000,2575.395000,24.288000,3.286000,2216.070000,2573.752000
label,METTPL,TEXT,2287.784000,2704.544000,2312.356000,2707.830000,24.572000,3.286000,2300.070000,2706.187000
label,METTPL,TEXT,2203.784000,2704.544000,2228.356000,2707.830000,24.572000,3.286000,2216.070000,2706.187000
label,METTPL,TEXT,2287.784000,2549.839000,2312.356000,2553.125000,24.572000,3.286000,2300.070000,2551.482000
label,METTPL,TEXT,2203.784000,2549.839000,2228.356000,2553.125000,24.572000,3.286000,2216.070000,2551.482000
label,METTPL,pin,2110.176000,2549.489000,2134.464000,2552.775000,24.288000,3.286000,2122.320000,2551.132000
label,METTPL,pin,2185.962000,2549.489000,2225.678000,2552.775000,39.716000,3.286000,2205.820000,2551.132000
label,METTPL,pin,2094.748000,2704.669000,2149.892000,2707.955000,55.144000,3.286000,2122.320000,2706.312000
label,METTPL,pin,2170.534000,2704.669000,2241.106000,2707.955000,70.572000,3.286000,2205.820000,2706.312000
label,MET5,pin,2063.891000,2549.739000,2180.749000,2553.025000,116.858000,3.286000,2122.320000,2551.382000
label,MET5,pin,2056.176000,2704.299000,2188.464000,2707.585000,132.288000,3.286000,2122.320000,2705.942000
label,MET4,pin,2048.462000,2549.739000,2196.178000,2553.025000,147.716000,3.286000,2122.320000,2551.382000
label,MET4,pin,2040.748000,2704.299000,2203.892000,2707.585000,163.144000,3.286000,2122.320000,2705.942000
label,MET5,pin,2077.962000,2549.739000,2333.678000,2553.025000,255.716000,3.286000,2205.820000,2551.382000
label,MET5,pin,2070.248000,2704.299000,2341.392000,2707.585000,271.144000,3.286000,2205.820000,2705.942000
label,MET4,pin,2062.534000,2549.739000,2349.106000,2553.025000,286.572000,3.286000,2205.820000,2551.382000
label,MET4,pin,2054.819000,2704.299000,2356.821000,2707.585000,302.002000,3.286000,2205.820000,2705.942000
label,MET4,TEXT,2193.462000,2681.229000,2218.178000,2684.515000,24.716000,3.286000,2205.820000,2682.872000
label,MET4,TEXT,2193.676000,2704.299000,2217.964000,2707.585000,24.288000,3.286000,2205.820000,2705.942000
label,MET4,TEXT,2193.676000,2550.089000,2217.964000,2553.375000,24.288000,3.286000,2205.820000,2551.732000
label,MET4,TEXT,2193.819000,2572.109000,2217.821000,2575.395000,24.002000,3.286000,2205.820000,2573.752000
label,MET5,TEXT,2193.462000,2681.229000,2218.178000,2684.515000,24.716000,3.286000,2205.820000,2682.872000
label,MET5,TEXT,2193.676000,2704.299000,2217.964000,2707.585000,24.288000,3.286000,2205.820000,2705.942000
label,MET5,TEXT,2193.676000,2550.089000,2217.964000,2553.375000,24.288000,3.286000,2205.820000,2551.732000
label,MET5,TEXT,2193.819000,2572.109000,2217.821000,2575.395000,24.002000,3.286000,2205.820000,2573.752000
label,METTPL,TEXT,2193.712000,2681.229000,2218.428000,2684.515000,24.716000,3.286000,2206.070000,2682.872000
label,METTPL,TEXT,2194.069000,2572.109000,2218.071000,2575.395000,24.002000,3.286000,2206.070000,2573.752000
label,MET4,TEXT,2109.962000,2681.229000,2134.678000,2684.515000,24.716000,3.286000,2122.320000,2682.872000
label,MET4,TEXT,2110.176000,2704.299000,2134.464000,2707.585000,24.288000,3.286000,2122.320000,2705.942000
label,MET4,TEXT,2110.176000,2550.089000,2134.464000,2553.375000,24.288000,3.286000,2122.320000,2551.732000
label,MET4,TEXT,2110.319000,2572.109000,2134.321000,2575.395000,24.002000,3.286000,2122.320000,2573.752000
label,MET5,TEXT,2109.962000,2681.229000,2134.678000,2684.515000,24.716000,3.286000,2122.320000,2682.872000
label,MET5,TEXT,2110.176000,2704.299000,2134.464000,2707.585000,24.288000,3.286000,2122.320000,2705.942000
label,MET5,TEXT,2110.176000,2550.089000,2134.464000,2553.375000,24.288000,3.286000,2122.320000,2551.732000
label,MET5,TEXT,2110.319000,2572.109000,2134.321000,2575.395000,24.002000,3.286000,2122.320000,2573.752000
label,METTPL,TEXT,2109.712000,2681.229000,2134.428000,2684.515000,24.716000,3.286000,2122.070000,2682.872000
label,METTPL,TEXT,2110.069000,2572.109000,2134.071000,2575.395000,24.002000,3.286000,2122.070000,2573.752000
label,METTPL,TEXT,2193.926000,2704.544000,2218.214000,2707.830000,24.288000,3.286000,2206.070000,2706.187000
label,METTPL,TEXT,2109.926000,2704.544000,2134.214000,2707.830000,24.288000,3.286000,2122.070000,2706.187000
label,METTPL,TEXT,2193.926000,2549.839000,2218.214000,2553.125000,24.288000,3.286000,2206.070000,2551.482000
label,METTPL,TEXT,2109.926000,2549.839000,2134.214000,2553.125000,24.288000,3.286000,2122.070000,2551.482000
label,METTPL,pin,2016.034000,2549.489000,2040.606000,2552.775000,24.572000,3.286000,2028.320000,2551.132000
label,METTPL,pin,2091.819000,2549.489000,2131.821000,2552.775000,40.002000,3.286000,2111.820000,2551.132000
label,METTPL,pin,2000.605000,2704.669000,2056.035000,2707.955000,55.430000,3.286000,2028.320000,2706.312000
label,METTPL,pin,2076.391000,2704.669000,2147.249000,2707.955000,70.858000,3.286000,2111.820000,2706.312000
label,MET5,pin,1969.748000,2549.739000,2086.892000,2553.025000,117.144000,3.286000,2028.320000,2551.382000
label,MET5,pin,1962.034000,2704.299000,2094.606000,2707.585000,132.572000,3.286000,2028.320000,2705.942000
label,MET4,pin,1954.319000,2549.739000,2102.321000,2553.025000,148.002000,3.286000,2028.320000,2551.382000
label,MET4,pin,1946.605000,2704.299000,2110.035000,2707.585000,163.430000,3.286000,2028.320000,2705.942000
label,MET5,pin,1983.819000,2549.739000,2239.821000,2553.025000,256.002000,3.286000,2111.820000,2551.382000
label,MET5,pin,1976.105000,2704.299000,2247.535000,2707.585000,271.430000,3.286000,2111.820000,2705.942000
label,MET4,pin,1968.391000,2549.739000,2255.249000,2553.025000,286.858000,3.286000,2111.820000,2551.382000
label,MET4,pin,1960.676000,2704.299000,2262.964000,2707.585000,302.288000,3.286000,2111.820000,2705.942000
label,MET4,TEXT,2099.319000,2681.229000,2124.321000,2684.515000,25.002000,3.286000,2111.820000,2682.872000
label,MET4,TEXT,2099.534000,2704.299000,2124.106000,2707.585000,24.572000,3.286000,2111.820000,2705.942000
label,MET4,TEXT,2099.534000,2550.089000,2124.106000,2553.375000,24.572000,3.286000,2111.820000,2551.732000
label,MET4,TEXT,2099.676000,2572.109000,2123.964000,2575.395000,24.288000,3.286000,2111.820000,2573.752000
label,MET5,TEXT,2099.319000,2681.229000,2124.321000,2684.515000,25.002000,3.286000,2111.820000,2682.872000
label,MET5,TEXT,2099.534000,2704.299000,2124.106000,2707.585000,24.572000,3.286000,2111.820000,2705.942000
label,MET5,TEXT,2099.534000,2550.089000,2124.106000,2553.375000,24.572000,3.286000,2111.820000,2551.732000
label,MET5,TEXT,2099.676000,2572.109000,2123.964000,2575.395000,24.288000,3.286000,2111.820000,2573.752000
label,METTPL,TEXT,2099.569000,2681.229000,2124.571000,2684.515000,25.002000,3.286000,2112.070000,2682.872000
label,METTPL,TEXT,2099.926000,2572.109000,2124.214000,2575.395000,24.288000,3.286000,2112.070000,2573.752000
label,MET4,TEXT,2015.819000,2681.229000,2040.821000,2684.515000,25.002000,3.286000,2028.320000,2682.872000
label,MET4,TEXT,2016.034000,2704.299000,2040.606000,2707.585000,24.572000,3.286000,2028.320000,2705.942000
label,MET4,TEXT,2016.034000,2550.089000,2040.606000,2553.375000,24.572000,3.286000,2028.320000,2551.732000
label,MET4,TEXT,2016.176000,2572.109000,2040.464000,2575.395000,24.288000,3.286000,2028.320000,2573.752000
label,MET5,TEXT,2015.819000,2681.229000,2040.821000,2684.515000,25.002000,3.286000,2028.320000,2682.872000
label,MET5,TEXT,2016.034000,2704.299000,2040.606000,2707.585000,24.572000,3.286000,2028.320000,2705.942000
label,MET5,TEXT,2016.034000,2550.089000,2040.606000,2553.375000,24.572000,3.286000,2028.320000,2551.732000
label,MET5,TEXT,2016.176000,2572.109000,2040.464000,2575.395000,24.288000,3.286000,2028.320000,2573.752000
label,METTPL,TEXT,2015.569000,2681.229000,2040.571000,2684.515000,25.002000,3.286000,2028.070000,2682.872000
label,METTPL,TEXT,2015.926000,2572.109000,2040.214000,2575.395000,24.288000,3.286000,2028.070000,2573.752000
label,METTPL,TEXT,2099.784000,2704.544000,2124.356000,2707.830000,24.572000,3.286000,2112.070000,2706.187000
label,METTPL,TEXT,2015.784000,2704.544000,2040.356000,2707.830000,24.572000,3.286000,2028.070000,2706.187000
label,METTPL,TEXT,2099.784000,2549.839000,2124.356000,2553.125000,24.572000,3.286000,2112.070000,2551.482000
label,METTPL,TEXT,2015.784000,2549.839000,2040.356000,2553.125000,24.572000,3.286000,2028.070000,2551.482000
label,METTPL,pin,1922.176000,2549.489000,1946.464000,2552.775000,24.288000,3.286000,1934.320000,2551.132000
label,METTPL,pin,1997.962000,2549.489000,2037.678000,2552.775000,39.716000,3.286000,2017.820000,2551.132000
label,METTPL,pin,1906.748000,2704.669000,1961.892000,2707.955000,55.144000,3.286000,1934.320000,2706.312000
label,METTPL,pin,1982.534000,2704.669000,2053.106000,2707.955000,70.572000,3.286000,2017.820000,2706.312000
label,MET5,pin,1875.891000,2549.739000,1992.749000,2553.025000,116.858000,3.286000,1934.320000,2551.382000
label,MET5,pin,1868.176000,2704.299000,2000.464000,2707.585000,132.288000,3.286000,1934.320000,2705.942000
label,MET4,pin,1860.462000,2549.739000,2008.178000,2553.025000,147.716000,3.286000,1934.320000,2551.382000
label,MET4,pin,1852.748000,2704.299000,2015.892000,2707.585000,163.144000,3.286000,1934.320000,2705.942000
label,MET5,pin,1889.962000,2549.739000,2145.678000,2553.025000,255.716000,3.286000,2017.820000,2551.382000
label,MET5,pin,1882.248000,2704.299000,2153.392000,2707.585000,271.144000,3.286000,2017.820000,2705.942000
label,MET4,pin,1874.534000,2549.739000,2161.106000,2553.025000,286.572000,3.286000,2017.820000,2551.382000
label,MET4,pin,1866.819000,2704.299000,2168.821000,2707.585000,302.002000,3.286000,2017.820000,2705.942000
label,MET4,TEXT,2005.462000,2681.229000,2030.178000,2684.515000,24.716000,3.286000,2017.820000,2682.872000
label,MET4,TEXT,2005.676000,2704.299000,2029.964000,2707.585000,24.288000,3.286000,2017.820000,2705.942000
label,MET4,TEXT,2005.676000,2550.089000,2029.964000,2553.375000,24.288000,3.286000,2017.820000,2551.732000
label,MET4,TEXT,2005.819000,2572.109000,2029.821000,2575.395000,24.002000,3.286000,2017.820000,2573.752000
label,MET5,TEXT,2005.462000,2681.229000,2030.178000,2684.515000,24.716000,3.286000,2017.820000,2682.872000
label,MET5,TEXT,2005.676000,2704.299000,2029.964000,2707.585000,24.288000,3.286000,2017.820000,2705.942000
label,MET5,TEXT,2005.676000,2550.089000,2029.964000,2553.375000,24.288000,3.286000,2017.820000,2551.732000
label,MET5,TEXT,2005.819000,2572.109000,2029.821000,2575.395000,24.002000,3.286000,2017.820000,2573.752000
label,METTPL,TEXT,2005.712000,2681.229000,2030.428000,2684.515000,24.716000,3.286000,2018.070000,2682.872000
label,METTPL,TEXT,2006.069000,2572.109000,2030.071000,2575.395000,24.002000,3.286000,2018.070000,2573.752000
label,MET4,TEXT,1921.962000,2681.229000,1946.678000,2684.515000,24.716000,3.286000,1934.320000,2682.872000
label,MET4,TEXT,1922.176000,2704.299000,1946.464000,2707.585000,24.288000,3.286000,1934.320000,2705.942000
label,MET4,TEXT,1922.176000,2550.089000,1946.464000,2553.375000,24.288000,3.286000,1934.320000,2551.732000
label,MET4,TEXT,1922.319000,2572.109000,1946.321000,2575.395000,24.002000,3.286000,1934.320000,2573.752000
label,MET5,TEXT,1921.962000,2681.229000,1946.678000,2684.515000,24.716000,3.286000,1934.320000,2682.872000
label,MET5,TEXT,1922.176000,2704.299000,1946.464000,2707.585000,24.288000,3.286000,1934.320000,2705.942000
label,MET5,TEXT,1922.176000,2550.089000,1946.464000,2553.375000,24.288000,3.286000,1934.320000,2551.732000
label,MET5,TEXT,1922.319000,2572.109000,1946.321000,2575.395000,24.002000,3.286000,1934.320000,2573.752000
label,METTPL,TEXT,1921.712000,2681.229000,1946.428000,2684.515000,24.716000,3.286000,1934.070000,2682.872000
label,METTPL,TEXT,1922.069000,2572.109000,1946.071000,2575.395000,24.002000,3.286000,1934.070000,2573.752000
label,METTPL,TEXT,2005.926000,2704.544000,2030.214000,2707.830000,24.288000,3.286000,2018.070000,2706.187000
label,METTPL,TEXT,1921.926000,2704.544000,1946.214000,2707.830000,24.288000,3.286000,1934.070000,2706.187000
label,METTPL,TEXT,2005.926000,2549.839000,2030.214000,2553.125000,24.288000,3.286000,2018.070000,2551.482000
label,METTPL,TEXT,1921.926000,2549.839000,1946.214000,2553.125000,24.288000,3.286000,1934.070000,2551.482000
label,METTPL,pin,1828.034000,2549.489000,1852.606000,2552.775000,24.572000,3.286000,1840.320000,2551.132000
label,METTPL,pin,1903.819000,2549.489000,1943.821000,2552.775000,40.002000,3.286000,1923.820000,2551.132000
label,METTPL,pin,1812.605000,2704.669000,1868.035000,2707.955000,55.430000,3.286000,1840.320000,2706.312000
label,METTPL,pin,1888.391000,2704.669000,1959.249000,2707.955000,70.858000,3.286000,1923.820000,2706.312000
label,MET5,pin,1781.748000,2549.739000,1898.892000,2553.025000,117.144000,3.286000,1840.320000,2551.382000
label,MET5,pin,1774.034000,2704.299000,1906.606000,2707.585000,132.572000,3.286000,1840.320000,2705.942000
label,MET4,pin,1766.319000,2549.739000,1914.321000,2553.025000,148.002000,3.286000,1840.320000,2551.382000
label,MET4,pin,1758.605000,2704.299000,1922.035000,2707.585000,163.430000,3.286000,1840.320000,2705.942000
label,MET5,pin,1795.819000,2549.739000,2051.821000,2553.025000,256.002000,3.286000,1923.820000,2551.382000
label,MET5,pin,1788.105000,2704.299000,2059.535000,2707.585000,271.430000,3.286000,1923.820000,2705.942000
label,MET4,pin,1780.391000,2549.739000,2067.249000,2553.025000,286.858000,3.286000,1923.820000,2551.382000
label,MET4,pin,1772.676000,2704.299000,2074.964000,2707.585000,302.288000,3.286000,1923.820000,2705.942000
label,MET4,TEXT,1911.319000,2681.229000,1936.321000,2684.515000,25.002000,3.286000,1923.820000,2682.872000
label,MET4,TEXT,1911.534000,2704.299000,1936.106000,2707.585000,24.572000,3.286000,1923.820000,2705.942000
label,MET4,TEXT,1911.534000,2550.089000,1936.106000,2553.375000,24.572000,3.286000,1923.820000,2551.732000
label,MET4,TEXT,1911.676000,2572.109000,1935.964000,2575.395000,24.288000,3.286000,1923.820000,2573.752000
label,MET5,TEXT,1911.319000,2681.229000,1936.321000,2684.515000,25.002000,3.286000,1923.820000,2682.872000
label,MET5,TEXT,1911.534000,2704.299000,1936.106000,2707.585000,24.572000,3.286000,1923.820000,2705.942000
label,MET5,TEXT,1911.534000,2550.089000,1936.106000,2553.375000,24.572000,3.286000,1923.820000,2551.732000
label,MET5,TEXT,1911.676000,2572.109000,1935.964000,2575.395000,24.288000,3.286000,1923.820000,2573.752000
label,METTPL,TEXT,1911.569000,2681.229000,1936.571000,2684.515000,25.002000,3.286000,1924.070000,2682.872000
label,METTPL,TEXT,1911.926000,2572.109000,1936.214000,2575.395000,24.288000,3.286000,1924.070000,2573.752000
label,MET4,TEXT,1827.819000,2681.229000,1852.821000,2684.515000,25.002000,3.286000,1840.320000,2682.872000
label,MET4,TEXT,1828.034000,2704.299000,1852.606000,2707.585000,24.572000,3.286000,1840.320000,2705.942000
label,MET4,TEXT,1828.034000,2550.089000,1852.606000,2553.375000,24.572000,3.286000,1840.320000,2551.732000
label,MET4,TEXT,1828.176000,2572.109000,1852.464000,2575.395000,24.288000,3.286000,1840.320000,2573.752000
label,MET5,TEXT,1827.819000,2681.229000,1852.821000,2684.515000,25.002000,3.286000,1840.320000,2682.872000
label,MET5,TEXT,1828.034000,2704.299000,1852.606000,2707.585000,24.572000,3.286000,1840.320000,2705.942000
label,MET5,TEXT,1828.034000,2550.089000,1852.606000,2553.375000,24.572000,3.286000,1840.320000,2551.732000
label,MET5,TEXT,1828.176000,2572.109000,1852.464000,2575.395000,24.288000,3.286000,1840.320000,2573.752000
label,METTPL,TEXT,1827.569000,2681.229000,1852.571000,2684.515000,25.002000,3.286000,1840.070000,2682.872000
label,METTPL,TEXT,1827.926000,2572.109000,1852.214000,2575.395000,24.288000,3.286000,1840.070000,2573.752000
label,METTPL,TEXT,1911.784000,2704.544000,1936.356000,2707.830000,24.572000,3.286000,1924.070000,2706.187000
label,METTPL,TEXT,1827.784000,2704.544000,1852.356000,2707.830000,24.572000,3.286000,1840.070000,2706.187000
label,METTPL,TEXT,1911.784000,2549.839000,1936.356000,2553.125000,24.572000,3.286000,1924.070000,2551.482000
label,METTPL,TEXT,1827.784000,2549.839000,1852.356000,2553.125000,24.572000,3.286000,1840.070000,2551.482000
label,METTPL,pin,1734.176000,2549.489000,1758.464000,2552.775000,24.288000,3.286000,1746.320000,2551.132000
label,METTPL,pin,1809.962000,2549.489000,1849.678000,2552.775000,39.716000,3.286000,1829.820000,2551.132000
label,METTPL,pin,1718.748000,2704.669000,1773.892000,2707.955000,55.144000,3.286000,1746.320000,2706.312000
label,METTPL,pin,1794.534000,2704.669000,1865.106000,2707.955000,70.572000,3.286000,1829.820000,2706.312000
label,MET5,pin,1687.891000,2549.739000,1804.749000,2553.025000,116.858000,3.286000,1746.320000,2551.382000
label,MET5,pin,1680.176000,2704.299000,1812.464000,2707.585000,132.288000,3.286000,1746.320000,2705.942000
label,MET4,pin,1672.462000,2549.739000,1820.178000,2553.025000,147.716000,3.286000,1746.320000,2551.382000
label,MET4,pin,1664.748000,2704.299000,1827.892000,2707.585000,163.144000,3.286000,1746.320000,2705.942000
label,MET5,pin,1701.962000,2549.739000,1957.678000,2553.025000,255.716000,3.286000,1829.820000,2551.382000
label,MET5,pin,1694.248000,2704.299000,1965.392000,2707.585000,271.144000,3.286000,1829.820000,2705.942000
label,MET4,pin,1686.534000,2549.739000,1973.106000,2553.025000,286.572000,3.286000,1829.820000,2551.382000
label,MET4,pin,1678.819000,2704.299000,1980.821000,2707.585000,302.002000,3.286000,1829.820000,2705.942000
label,MET4,TEXT,1817.462000,2681.229000,1842.178000,2684.515000,24.716000,3.286000,1829.820000,2682.872000
label,MET4,TEXT,1817.676000,2704.299000,1841.964000,2707.585000,24.288000,3.286000,1829.820000,2705.942000
label,MET4,TEXT,1817.676000,2550.089000,1841.964000,2553.375000,24.288000,3.286000,1829.820000,2551.732000
label,MET4,TEXT,1817.819000,2572.109000,1841.821000,2575.395000,24.002000,3.286000,1829.820000,2573.752000
label,MET5,TEXT,1817.462000,2681.229000,1842.178000,2684.515000,24.716000,3.286000,1829.820000,2682.872000
label,MET5,TEXT,1817.676000,2704.299000,1841.964000,2707.585000,24.288000,3.286000,1829.820000,2705.942000
label,MET5,TEXT,1817.676000,2550.089000,1841.964000,2553.375000,24.288000,3.286000,1829.820000,2551.732000
label,MET5,TEXT,1817.819000,2572.109000,1841.821000,2575.395000,24.002000,3.286000,1829.820000,2573.752000
label,METTPL,TEXT,1817.712000,2681.229000,1842.428000,2684.515000,24.716000,3.286000,1830.070000,2682.872000
label,METTPL,TEXT,1818.069000,2572.109000,1842.071000,2575.395000,24.002000,3.286000,1830.070000,2573.752000
label,MET4,TEXT,1733.962000,2681.229000,1758.678000,2684.515000,24.716000,3.286000,1746.320000,2682.872000
label,MET4,TEXT,1734.176000,2704.299000,1758.464000,2707.585000,24.288000,3.286000,1746.320000,2705.942000
label,MET4,TEXT,1734.176000,2550.089000,1758.464000,2553.375000,24.288000,3.286000,1746.320000,2551.732000
label,MET4,TEXT,1734.319000,2572.109000,1758.321000,2575.395000,24.002000,3.286000,1746.320000,2573.752000
label,MET5,TEXT,1733.962000,2681.229000,1758.678000,2684.515000,24.716000,3.286000,1746.320000,2682.872000
label,MET5,TEXT,1734.176000,2704.299000,1758.464000,2707.585000,24.288000,3.286000,1746.320000,2705.942000
label,MET5,TEXT,1734.176000,2550.089000,1758.464000,2553.375000,24.288000,3.286000,1746.320000,2551.732000
label,MET5,TEXT,1734.319000,2572.109000,1758.321000,2575.395000,24.002000,3.286000,1746.320000,2573.752000
label,METTPL,TEXT,1733.712000,2681.229000,1758.428000,2684.515000,24.716000,3.286000,1746.070000,2682.872000
label,METTPL,TEXT,1734.069000,2572.109000,1758.071000,2575.395000,24.002000,3.286000,1746.070000,2573.752000
label,METTPL,TEXT,1817.926000,2704.544000,1842.214000,2707.830000,24.288000,3.286000,1830.070000,2706.187000
label,METTPL,TEXT,1733.926000,2704.544000,1758.214000,2707.830000,24.288000,3.286000,1746.070000,2706.187000
label,METTPL,TEXT,1817.926000,2549.839000,1842.214000,2553.125000,24.288000,3.286000,1830.070000,2551.482000
label,METTPL,TEXT,1733.926000,2549.839000,1758.214000,2553.125000,24.288000,3.286000,1746.070000,2551.482000
label,METTPL,pin,1640.034000,2549.489000,1664.606000,2552.775000,24.572000,3.286000,1652.320000,2551.132000
label,METTPL,pin,1715.819000,2549.489000,1755.821000,2552.775000,40.002000,3.286000,1735.820000,2551.132000
label,METTPL,pin,1624.605000,2704.669000,1680.035000,2707.955000,55.430000,3.286000,1652.320000,2706.312000
label,METTPL,pin,1700.391000,2704.669000,1771.249000,2707.955000,70.858000,3.286000,1735.820000,2706.312000
label,MET5,pin,1593.748000,2549.739000,1710.892000,2553.025000,117.144000,3.286000,1652.320000,2551.382000
label,MET5,pin,1586.034000,2704.299000,1718.606000,2707.585000,132.572000,3.286000,1652.320000,2705.942000
label,MET4,pin,1578.319000,2549.739000,1726.321000,2553.025000,148.002000,3.286000,1652.320000,2551.382000
label,MET4,pin,1570.605000,2704.299000,1734.035000,2707.585000,163.430000,3.286000,1652.320000,2705.942000
label,MET5,pin,1607.819000,2549.739000,1863.821000,2553.025000,256.002000,3.286000,1735.820000,2551.382000
label,MET5,pin,1600.105000,2704.299000,1871.535000,2707.585000,271.430000,3.286000,1735.820000,2705.942000
label,MET4,pin,1592.391000,2549.739000,1879.249000,2553.025000,286.858000,3.286000,1735.820000,2551.382000
label,MET4,pin,1584.676000,2704.299000,1886.964000,2707.585000,302.288000,3.286000,1735.820000,2705.942000
label,MET4,TEXT,1723.319000,2681.229000,1748.321000,2684.515000,25.002000,3.286000,1735.820000,2682.872000
label,MET4,TEXT,1723.534000,2704.299000,1748.106000,2707.585000,24.572000,3.286000,1735.820000,2705.942000
label,MET4,TEXT,1723.534000,2550.089000,1748.106000,2553.375000,24.572000,3.286000,1735.820000,2551.732000
label,MET4,TEXT,1723.676000,2572.109000,1747.964000,2575.395000,24.288000,3.286000,1735.820000,2573.752000
label,MET5,TEXT,1723.319000,2681.229000,1748.321000,2684.515000,25.002000,3.286000,1735.820000,2682.872000
label,MET5,TEXT,1723.534000,2704.299000,1748.106000,2707.585000,24.572000,3.286000,1735.820000,2705.942000
label,MET5,TEXT,1723.534000,2550.089000,1748.106000,2553.375000,24.572000,3.286000,1735.820000,2551.732000
label,MET5,TEXT,1723.676000,2572.109000,1747.964000,2575.395000,24.288000,3.286000,1735.820000,2573.752000
label,METTPL,TEXT,1723.569000,2681.229000,1748.571000,2684.515000,25.002000,3.286000,1736.070000,2682.872000
label,METTPL,TEXT,1723.926000,2572.109000,1748.214000,2575.395000,24.288000,3.286000,1736.070000,2573.752000
label,MET4,TEXT,1639.819000,2681.229000,1664.821000,2684.515000,25.002000,3.286000,1652.320000,2682.872000
label,MET4,TEXT,1640.034000,2704.299000,1664.606000,2707.585000,24.572000,3.286000,1652.320000,2705.942000
label,MET4,TEXT,1640.034000,2550.089000,1664.606000,2553.375000,24.572000,3.286000,1652.320000,2551.732000
label,MET4,TEXT,1640.176000,2572.109000,1664.464000,2575.395000,24.288000,3.286000,1652.320000,2573.752000
label,MET5,TEXT,1639.819000,2681.229000,1664.821000,2684.515000,25.002000,3.286000,1652.320000,2682.872000
label,MET5,TEXT,1640.034000,2704.299000,1664.606000,2707.585000,24.572000,3.286000,1652.320000,2705.942000
label,MET5,TEXT,1640.034000,2550.089000,1664.606000,2553.375000,24.572000,3.286000,1652.320000,2551.732000
label,MET5,TEXT,1640.176000,2572.109000,1664.464000,2575.395000,24.288000,3.286000,1652.320000,2573.752000
label,METTPL,TEXT,1639.569000,2681.229000,1664.571000,2684.515000,25.002000,3.286000,1652.070000,2682.872000
label,METTPL,TEXT,1639.926000,2572.109000,1664.214000,2575.395000,24.288000,3.286000,1652.070000,2573.752000
label,METTPL,TEXT,1723.784000,2704.544000,1748.356000,2707.830000,24.572000,3.286000,1736.070000,2706.187000
label,METTPL,TEXT,1639.784000,2704.544000,1664.356000,2707.830000,24.572000,3.286000,1652.070000,2706.187000
label,METTPL,TEXT,1723.784000,2549.839000,1748.356000,2553.125000,24.572000,3.286000,1736.070000,2551.482000
label,METTPL,TEXT,1639.784000,2549.839000,1664.356000,2553.125000,24.572000,3.286000,1652.070000,2551.482000
label,METTPL,pin,1546.176000,2549.489000,1570.464000,2552.775000,24.288000,3.286000,1558.320000,2551.132000
label,METTPL,pin,1621.962000,2549.489000,1661.678000,2552.775000,39.716000,3.286000,1641.820000,2551.132000
label,METTPL,pin,1530.748000,2704.669000,1585.892000,2707.955000,55.144000,3.286000,1558.320000,2706.312000
label,METTPL,pin,1606.534000,2704.669000,1677.106000,2707.955000,70.572000,3.286000,1641.820000,2706.312000
label,MET5,pin,1499.891000,2549.739000,1616.749000,2553.025000,116.858000,3.286000,1558.320000,2551.382000
label,MET5,pin,1492.176000,2704.299000,1624.464000,2707.585000,132.288000,3.286000,1558.320000,2705.942000
label,MET4,pin,1484.462000,2549.739000,1632.178000,2553.025000,147.716000,3.286000,1558.320000,2551.382000
label,MET4,pin,1476.748000,2704.299000,1639.892000,2707.585000,163.144000,3.286000,1558.320000,2705.942000
label,MET5,pin,1513.962000,2549.739000,1769.678000,2553.025000,255.716000,3.286000,1641.820000,2551.382000
label,MET5,pin,1506.248000,2704.299000,1777.392000,2707.585000,271.144000,3.286000,1641.820000,2705.942000
label,MET4,pin,1498.534000,2549.739000,1785.106000,2553.025000,286.572000,3.286000,1641.820000,2551.382000
label,MET4,pin,1490.819000,2704.299000,1792.821000,2707.585000,302.002000,3.286000,1641.820000,2705.942000
label,MET4,TEXT,1629.462000,2681.229000,1654.178000,2684.515000,24.716000,3.286000,1641.820000,2682.872000
label,MET4,TEXT,1629.676000,2704.299000,1653.964000,2707.585000,24.288000,3.286000,1641.820000,2705.942000
label,MET4,TEXT,1629.676000,2550.089000,1653.964000,2553.375000,24.288000,3.286000,1641.820000,2551.732000
label,MET4,TEXT,1629.819000,2572.109000,1653.821000,2575.395000,24.002000,3.286000,1641.820000,2573.752000
label,MET5,TEXT,1629.462000,2681.229000,1654.178000,2684.515000,24.716000,3.286000,1641.820000,2682.872000
label,MET5,TEXT,1629.676000,2704.299000,1653.964000,2707.585000,24.288000,3.286000,1641.820000,2705.942000
label,MET5,TEXT,1629.676000,2550.089000,1653.964000,2553.375000,24.288000,3.286000,1641.820000,2551.732000
label,MET5,TEXT,1629.819000,2572.109000,1653.821000,2575.395000,24.002000,3.286000,1641.820000,2573.752000
label,METTPL,TEXT,1629.712000,2681.229000,1654.428000,2684.515000,24.716000,3.286000,1642.070000,2682.872000
label,METTPL,TEXT,1630.069000,2572.109000,1654.071000,2575.395000,24.002000,3.286000,1642.070000,2573.752000
label,MET4,TEXT,1545.962000,2681.229000,1570.678000,2684.515000,24.716000,3.286000,1558.320000,2682.872000
label,MET4,TEXT,1546.176000,2704.299000,1570.464000,2707.585000,24.288000,3.286000,1558.320000,2705.942000
label,MET4,TEXT,1546.176000,2550.089000,1570.464000,2553.375000,24.288000,3.286000,1558.320000,2551.732000
label,MET4,TEXT,1546.319000,2572.109000,1570.321000,2575.395000,24.002000,3.286000,1558.320000,2573.752000
label,MET5,TEXT,1545.962000,2681.229000,1570.678000,2684.515000,24.716000,3.286000,1558.320000,2682.872000
label,MET5,TEXT,1546.176000,2704.299000,1570.464000,2707.585000,24.288000,3.286000,1558.320000,2705.942000
label,MET5,TEXT,1546.176000,2550.089000,1570.464000,2553.375000,24.288000,3.286000,1558.320000,2551.732000
label,MET5,TEXT,1546.319000,2572.109000,1570.321000,2575.395000,24.002000,3.286000,1558.320000,2573.752000
label,METTPL,TEXT,1545.712000,2681.229000,1570.428000,2684.515000,24.716000,3.286000,1558.070000,2682.872000
label,METTPL,TEXT,1546.069000,2572.109000,1570.071000,2575.395000,24.002000,3.286000,1558.070000,2573.752000
label,METTPL,TEXT,1629.926000,2704.544000,1654.214000,2707.830000,24.288000,3.286000,1642.070000,2706.187000
label,METTPL,TEXT,1545.926000,2704.544000,1570.214000,2707.830000,24.288000,3.286000,1558.070000,2706.187000
label,METTPL,TEXT,1629.926000,2549.839000,1654.214000,2553.125000,24.288000,3.286000,1642.070000,2551.482000
label,METTPL,TEXT,1545.926000,2549.839000,1570.214000,2553.125000,24.288000,3.286000,1558.070000,2551.482000
label,METTPL,pin,1450.605000,2549.489000,1478.035000,2552.775000,27.430000,3.286000,1464.320000,2551.132000
label,METTPL,pin,1526.391000,2549.489000,1569.249000,2552.775000,42.858000,3.286000,1547.820000,2551.132000
label,METTPL,pin,1435.176000,2704.669000,1493.464000,2707.955000,58.288000,3.286000,1464.320000,2706.312000
label,METTPL,pin,1510.962000,2704.669000,1584.678000,2707.955000,73.716000,3.286000,1547.820000,2706.312000
label,MET5,pin,1404.319000,2549.739000,1524.321000,2553.025000,120.002000,3.286000,1464.320000,2551.382000
label,MET5,pin,1396.605000,2704.299000,1532.035000,2707.585000,135.430000,3.286000,1464.320000,2705.942000
label,MET4,pin,1388.891000,2549.739000,1539.749000,2553.025000,150.858000,3.286000,1464.320000,2551.382000
label,MET4,pin,1381.176000,2704.299000,1547.464000,2707.585000,166.288000,3.286000,1464.320000,2705.942000
label,MET5,pin,1418.391000,2549.739000,1677.249000,2553.025000,258.858000,3.286000,1547.820000,2551.382000
label,MET5,pin,1410.676000,2704.299000,1684.964000,2707.585000,274.288000,3.286000,1547.820000,2705.942000
label,MET4,pin,1402.962000,2549.739000,1692.678000,2553.025000,289.716000,3.286000,1547.820000,2551.382000
label,MET4,pin,1395.248000,2704.299000,1700.392000,2707.585000,305.144000,3.286000,1547.820000,2705.942000
label,MET4,TEXT,1533.891000,2681.229000,1561.749000,2684.515000,27.858000,3.286000,1547.820000,2682.872000
label,MET4,TEXT,1534.105000,2704.299000,1561.535000,2707.585000,27.430000,3.286000,1547.820000,2705.942000
label,MET4,TEXT,1534.105000,2550.089000,1561.535000,2553.375000,27.430000,3.286000,1547.820000,2551.732000
label,MET4,TEXT,1534.248000,2572.109000,1561.392000,2575.395000,27.144000,3.286000,1547.820000,2573.752000
label,MET5,TEXT,1533.891000,2681.229000,1561.749000,2684.515000,27.858000,3.286000,1547.820000,2682.872000
label,MET5,TEXT,1534.105000,2704.299000,1561.535000,2707.585000,27.430000,3.286000,1547.820000,2705.942000
label,MET5,TEXT,1534.105000,2550.089000,1561.535000,2553.375000,27.430000,3.286000,1547.820000,2551.732000
label,MET5,TEXT,1534.248000,2572.109000,1561.392000,2575.395000,27.144000,3.286000,1547.820000,2573.752000
label,METTPL,TEXT,1534.141000,2681.229000,1561.999000,2684.515000,27.858000,3.286000,1548.070000,2682.872000
label,METTPL,TEXT,1534.498000,2572.109000,1561.642000,2575.395000,27.144000,3.286000,1548.070000,2573.752000
label,MET4,TEXT,1450.391000,2681.229000,1478.249000,2684.515000,27.858000,3.286000,1464.320000,2682.872000
label,MET4,TEXT,1450.605000,2704.299000,1478.035000,2707.585000,27.430000,3.286000,1464.320000,2705.942000
label,MET4,TEXT,1450.605000,2550.089000,1478.035000,2553.375000,27.430000,3.286000,1464.320000,2551.732000
label,MET4,TEXT,1450.748000,2572.109000,1477.892000,2575.395000,27.144000,3.286000,1464.320000,2573.752000
label,MET5,TEXT,1450.391000,2681.229000,1478.249000,2684.515000,27.858000,3.286000,1464.320000,2682.872000
label,MET5,TEXT,1450.605000,2704.299000,1478.035000,2707.585000,27.430000,3.286000,1464.320000,2705.942000
label,MET5,TEXT,1450.605000,2550.089000,1478.035000,2553.375000,27.430000,3.286000,1464.320000,2551.732000
label,MET5,TEXT,1450.748000,2572.109000,1477.892000,2575.395000,27.144000,3.286000,1464.320000,2573.752000
label,METTPL,TEXT,1450.141000,2681.229000,1477.999000,2684.515000,27.858000,3.286000,1464.070000,2682.872000
label,METTPL,TEXT,1450.498000,2572.109000,1477.642000,2575.395000,27.144000,3.286000,1464.070000,2573.752000
label,METTPL,TEXT,1534.355000,2704.544000,1561.785000,2707.830000,27.430000,3.286000,1548.070000,2706.187000
label,METTPL,TEXT,1450.355000,2704.544000,1477.785000,2707.830000,27.430000,3.286000,1464.070000,2706.187000
label,METTPL,TEXT,1534.355000,2549.839000,1561.785000,2553.125000,27.430000,3.286000,1548.070000,2551.482000
label,METTPL,TEXT,1450.355000,2549.839000,1477.785000,2553.125000,27.430000,3.286000,1464.070000,2551.482000
label,METTPL,pin,1356.748000,2549.489000,1383.892000,2552.775000,27.144000,3.286000,1370.320000,2551.132000
label,METTPL,pin,1432.534000,2549.489000,1475.106000,2552.775000,42.572000,3.286000,1453.820000,2551.132000
label,METTPL,pin,1341.319000,2704.669000,1399.321000,2707.955000,58.002000,3.286000,1370.320000,2706.312000
label,METTPL,pin,1417.105000,2704.669000,1490.535000,2707.955000,73.430000,3.286000,1453.820000,2706.312000
label,MET5,pin,1310.462000,2549.739000,1430.178000,2553.025000,119.716000,3.286000,1370.320000,2551.382000
label,MET5,pin,1302.748000,2704.299000,1437.892000,2707.585000,135.144000,3.286000,1370.320000,2705.942000
label,MET4,pin,1295.034000,2549.739000,1445.606000,2553.025000,150.572000,3.286000,1370.320000,2551.382000
label,MET4,pin,1287.319000,2704.299000,1453.321000,2707.585000,166.002000,3.286000,1370.320000,2705.942000
label,MET5,pin,1324.534000,2549.739000,1583.106000,2553.025000,258.572000,3.286000,1453.820000,2551.382000
label,MET5,pin,1316.819000,2704.299000,1590.821000,2707.585000,274.002000,3.286000,1453.820000,2705.942000
label,MET4,pin,1309.105000,2549.739000,1598.535000,2553.025000,289.430000,3.286000,1453.820000,2551.382000
label,MET4,pin,1301.391000,2704.299000,1606.249000,2707.585000,304.858000,3.286000,1453.820000,2705.942000
label,MET4,TEXT,1440.034000,2681.229000,1467.606000,2684.515000,27.572000,3.286000,1453.820000,2682.872000
label,MET4,TEXT,1440.248000,2704.299000,1467.392000,2707.585000,27.144000,3.286000,1453.820000,2705.942000
label,MET4,TEXT,1440.248000,2550.089000,1467.392000,2553.375000,27.144000,3.286000,1453.820000,2551.732000
label,MET4,TEXT,1440.391000,2572.109000,1467.249000,2575.395000,26.858000,3.286000,1453.820000,2573.752000
label,MET5,TEXT,1440.034000,2681.229000,1467.606000,2684.515000,27.572000,3.286000,1453.820000,2682.872000
label,MET5,TEXT,1440.248000,2704.299000,1467.392000,2707.585000,27.144000,3.286000,1453.820000,2705.942000
label,MET5,TEXT,1440.248000,2550.089000,1467.392000,2553.375000,27.144000,3.286000,1453.820000,2551.732000
label,MET5,TEXT,1440.391000,2572.109000,1467.249000,2575.395000,26.858000,3.286000,1453.820000,2573.752000
label,METTPL,TEXT,1440.284000,2681.229000,1467.856000,2684.515000,27.572000,3.286000,1454.070000,2682.872000
label,METTPL,TEXT,1440.641000,2572.109000,1467.499000,2575.395000,26.858000,3.286000,1454.070000,2573.752000
label,MET4,TEXT,1356.534000,2681.229000,1384.106000,2684.515000,27.572000,3.286000,1370.320000,2682.872000
label,MET4,TEXT,1356.748000,2704.299000,1383.892000,2707.585000,27.144000,3.286000,1370.320000,2705.942000
label,MET4,TEXT,1356.748000,2550.089000,1383.892000,2553.375000,27.144000,3.286000,1370.320000,2551.732000
label,MET4,TEXT,1356.891000,2572.109000,1383.749000,2575.395000,26.858000,3.286000,1370.320000,2573.752000
label,MET5,TEXT,1356.534000,2681.229000,1384.106000,2684.515000,27.572000,3.286000,1370.320000,2682.872000
label,MET5,TEXT,1356.748000,2704.299000,1383.892000,2707.585000,27.144000,3.286000,1370.320000,2705.942000
label,MET5,TEXT,1356.748000,2550.089000,1383.892000,2553.375000,27.144000,3.286000,1370.320000,2551.732000
label,MET5,TEXT,1356.891000,2572.109000,1383.749000,2575.395000,26.858000,3.286000,1370.320000,2573.752000
label,METTPL,TEXT,1356.284000,2681.229000,1383.856000,2684.515000,27.572000,3.286000,1370.070000,2682.872000
label,METTPL,TEXT,1356.641000,2572.109000,1383.499000,2575.395000,26.858000,3.286000,1370.070000,2573.752000
label,METTPL,TEXT,1440.498000,2704.544000,1467.642000,2707.830000,27.144000,3.286000,1454.070000,2706.187000
label,METTPL,TEXT,1356.498000,2704.544000,1383.642000,2707.830000,27.144000,3.286000,1370.070000,2706.187000
label,METTPL,TEXT,1440.498000,2549.839000,1467.642000,2553.125000,27.144000,3.286000,1454.070000,2551.482000
label,METTPL,TEXT,1356.498000,2549.839000,1383.642000,2553.125000,27.144000,3.286000,1370.070000,2551.482000
label,METTPL,pin,1262.605000,2549.489000,1290.035000,2552.775000,27.430000,3.286000,1276.320000,2551.132000
label,METTPL,pin,1338.391000,2549.489000,1381.249000,2552.775000,42.858000,3.286000,1359.820000,2551.132000
label,METTPL,pin,1247.176000,2704.669000,1305.464000,2707.955000,58.288000,3.286000,1276.320000,2706.312000
label,METTPL,pin,1322.962000,2704.669000,1396.678000,2707.955000,73.716000,3.286000,1359.820000,2706.312000
label,MET5,pin,1216.319000,2549.739000,1336.321000,2553.025000,120.002000,3.286000,1276.320000,2551.382000
label,MET5,pin,1208.605000,2704.299000,1344.035000,2707.585000,135.430000,3.286000,1276.320000,2705.942000
label,MET4,pin,1200.891000,2549.739000,1351.749000,2553.025000,150.858000,3.286000,1276.320000,2551.382000
label,MET4,pin,1193.176000,2704.299000,1359.464000,2707.585000,166.288000,3.286000,1276.320000,2705.942000
label,MET5,pin,1230.391000,2549.739000,1489.249000,2553.025000,258.858000,3.286000,1359.820000,2551.382000
label,MET5,pin,1222.676000,2704.299000,1496.964000,2707.585000,274.288000,3.286000,1359.820000,2705.942000
label,MET4,pin,1214.962000,2549.739000,1504.678000,2553.025000,289.716000,3.286000,1359.820000,2551.382000
label,MET4,pin,1207.248000,2704.299000,1512.392000,2707.585000,305.144000,3.286000,1359.820000,2705.942000
label,MET4,TEXT,1345.891000,2681.229000,1373.749000,2684.515000,27.858000,3.286000,1359.820000,2682.872000
label,MET4,TEXT,1346.105000,2704.299000,1373.535000,2707.585000,27.430000,3.286000,1359.820000,2705.942000
label,MET4,TEXT,1346.105000,2550.089000,1373.535000,2553.375000,27.430000,3.286000,1359.820000,2551.732000
label,MET4,TEXT,1346.248000,2572.109000,1373.392000,2575.395000,27.144000,3.286000,1359.820000,2573.752000
label,MET5,TEXT,1345.891000,2681.229000,1373.749000,2684.515000,27.858000,3.286000,1359.820000,2682.872000
label,MET5,TEXT,1346.105000,2704.299000,1373.535000,2707.585000,27.430000,3.286000,1359.820000,2705.942000
label,MET5,TEXT,1346.105000,2550.089000,1373.535000,2553.375000,27.430000,3.286000,1359.820000,2551.732000
label,MET5,TEXT,1346.248000,2572.109000,1373.392000,2575.395000,27.144000,3.286000,1359.820000,2573.752000
label,METTPL,TEXT,1346.141000,2681.229000,1373.999000,2684.515000,27.858000,3.286000,1360.070000,2682.872000
label,METTPL,TEXT,1346.498000,2572.109000,1373.642000,2575.395000,27.144000,3.286000,1360.070000,2573.752000
label,MET4,TEXT,1262.391000,2681.229000,1290.249000,2684.515000,27.858000,3.286000,1276.320000,2682.872000
label,MET4,TEXT,1262.605000,2704.299000,1290.035000,2707.585000,27.430000,3.286000,1276.320000,2705.942000
label,MET4,TEXT,1262.605000,2550.089000,1290.035000,2553.375000,27.430000,3.286000,1276.320000,2551.732000
label,MET4,TEXT,1262.748000,2572.109000,1289.892000,2575.395000,27.144000,3.286000,1276.320000,2573.752000
label,MET5,TEXT,1262.391000,2681.229000,1290.249000,2684.515000,27.858000,3.286000,1276.320000,2682.872000
label,MET5,TEXT,1262.605000,2704.299000,1290.035000,2707.585000,27.430000,3.286000,1276.320000,2705.942000
label,MET5,TEXT,1262.605000,2550.089000,1290.035000,2553.375000,27.430000,3.286000,1276.320000,2551.732000
label,MET5,TEXT,1262.748000,2572.109000,1289.892000,2575.395000,27.144000,3.286000,1276.320000,2573.752000
label,METTPL,TEXT,1262.141000,2681.229000,1289.999000,2684.515000,27.858000,3.286000,1276.070000,2682.872000
label,METTPL,TEXT,1262.498000,2572.109000,1289.642000,2575.395000,27.144000,3.286000,1276.070000,2573.752000
label,METTPL,TEXT,1346.355000,2704.544000,1373.785000,2707.830000,27.430000,3.286000,1360.070000,2706.187000
label,METTPL,TEXT,1262.355000,2704.544000,1289.785000,2707.830000,27.430000,3.286000,1276.070000,2706.187000
label,METTPL,TEXT,1346.355000,2549.839000,1373.785000,2553.125000,27.430000,3.286000,1360.070000,2551.482000
label,METTPL,TEXT,1262.355000,2549.839000,1289.785000,2553.125000,27.430000,3.286000,1276.070000,2551.482000
label,METTPL,pin,1168.748000,2549.489000,1195.892000,2552.775000,27.144000,3.286000,1182.320000,2551.132000
label,METTPL,pin,1244.534000,2549.489000,1287.106000,2552.775000,42.572000,3.286000,1265.820000,2551.132000
label,METTPL,pin,1153.319000,2704.669000,1211.321000,2707.955000,58.002000,3.286000,1182.320000,2706.312000
label,METTPL,pin,1229.105000,2704.669000,1302.535000,2707.955000,73.430000,3.286000,1265.820000,2706.312000
label,MET5,pin,1122.462000,2549.739000,1242.178000,2553.025000,119.716000,3.286000,1182.320000,2551.382000
label,MET5,pin,1114.748000,2704.299000,1249.892000,2707.585000,135.144000,3.286000,1182.320000,2705.942000
label,MET4,pin,1107.034000,2549.739000,1257.606000,2553.025000,150.572000,3.286000,1182.320000,2551.382000
label,MET4,pin,1099.319000,2704.299000,1265.321000,2707.585000,166.002000,3.286000,1182.320000,2705.942000
label,MET5,pin,1136.534000,2549.739000,1395.106000,2553.025000,258.572000,3.286000,1265.820000,2551.382000
label,MET5,pin,1128.819000,2704.299000,1402.821000,2707.585000,274.002000,3.286000,1265.820000,2705.942000
label,MET4,pin,1121.105000,2549.739000,1410.535000,2553.025000,289.430000,3.286000,1265.820000,2551.382000
label,MET4,pin,1113.391000,2704.299000,1418.249000,2707.585000,304.858000,3.286000,1265.820000,2705.942000
label,MET4,TEXT,1252.034000,2681.229000,1279.606000,2684.515000,27.572000,3.286000,1265.820000,2682.872000
label,MET4,TEXT,1252.248000,2704.299000,1279.392000,2707.585000,27.144000,3.286000,1265.820000,2705.942000
label,MET4,TEXT,1252.248000,2550.089000,1279.392000,2553.375000,27.144000,3.286000,1265.820000,2551.732000
label,MET4,TEXT,1252.391000,2572.109000,1279.249000,2575.395000,26.858000,3.286000,1265.820000,2573.752000
label,MET5,TEXT,1252.034000,2681.229000,1279.606000,2684.515000,27.572000,3.286000,1265.820000,2682.872000
label,MET5,TEXT,1252.248000,2704.299000,1279.392000,2707.585000,27.144000,3.286000,1265.820000,2705.942000
label,MET5,TEXT,1252.248000,2550.089000,1279.392000,2553.375000,27.144000,3.286000,1265.820000,2551.732000
label,MET5,TEXT,1252.391000,2572.109000,1279.249000,2575.395000,26.858000,3.286000,1265.820000,2573.752000
label,METTPL,TEXT,1252.284000,2681.229000,1279.856000,2684.515000,27.572000,3.286000,1266.070000,2682.872000
label,METTPL,TEXT,1252.641000,2572.109000,1279.499000,2575.395000,26.858000,3.286000,1266.070000,2573.752000
label,MET4,TEXT,1168.534000,2681.229000,1196.106000,2684.515000,27.572000,3.286000,1182.320000,2682.872000
label,MET4,TEXT,1168.748000,2704.299000,1195.892000,2707.585000,27.144000,3.286000,1182.320000,2705.942000
label,MET4,TEXT,1168.748000,2550.089000,1195.892000,2553.375000,27.144000,3.286000,1182.320000,2551.732000
label,MET4,TEXT,1168.891000,2572.109000,1195.749000,2575.395000,26.858000,3.286000,1182.320000,2573.752000
label,MET5,TEXT,1168.534000,2681.229000,1196.106000,2684.515000,27.572000,3.286000,1182.320000,2682.872000
label,MET5,TEXT,1168.748000,2704.299000,1195.892000,2707.585000,27.144000,3.286000,1182.320000,2705.942000
label,MET5,TEXT,1168.748000,2550.089000,1195.892000,2553.375000,27.144000,3.286000,1182.320000,2551.732000
label,MET5,TEXT,1168.891000,2572.109000,1195.749000,2575.395000,26.858000,3.286000,1182.320000,2573.752000
label,METTPL,TEXT,1168.284000,2681.229000,1195.856000,2684.515000,27.572000,3.286000,1182.070000,2682.872000
label,METTPL,TEXT,1168.641000,2572.109000,1195.499000,2575.395000,26.858000,3.286000,1182.070000,2573.752000
label,METTPL,TEXT,1252.498000,2704.544000,1279.642000,2707.830000,27.144000,3.286000,1266.070000,2706.187000
label,METTPL,TEXT,1168.498000,2704.544000,1195.642000,2707.830000,27.144000,3.286000,1182.070000,2706.187000
label,METTPL,TEXT,1252.498000,2549.839000,1279.642000,2553.125000,27.144000,3.286000,1266.070000,2551.482000
label,METTPL,TEXT,1168.498000,2549.839000,1195.642000,2553.125000,27.144000,3.286000,1182.070000,2551.482000
label,METTPL,pin,1074.605000,2549.489000,1102.035000,2552.775000,27.430000,3.286000,1088.320000,2551.132000
label,METTPL,pin,1150.391000,2549.489000,1193.249000,2552.775000,42.858000,3.286000,1171.820000,2551.132000
label,METTPL,pin,1059.176000,2704.669000,1117.464000,2707.955000,58.288000,3.286000,1088.320000,2706.312000
label,METTPL,pin,1134.962000,2704.669000,1208.678000,2707.955000,73.716000,3.286000,1171.820000,2706.312000
label,MET5,pin,1028.319000,2549.739000,1148.321000,2553.025000,120.002000,3.286000,1088.320000,2551.382000
label,MET5,pin,1020.605000,2704.299000,1156.035000,2707.585000,135.430000,3.286000,1088.320000,2705.942000
label,MET4,pin,1012.891000,2549.739000,1163.749000,2553.025000,150.858000,3.286000,1088.320000,2551.382000
label,MET4,pin,1005.176000,2704.299000,1171.464000,2707.585000,166.288000,3.286000,1088.320000,2705.942000
label,MET5,pin,1042.391000,2549.739000,1301.249000,2553.025000,258.858000,3.286000,1171.820000,2551.382000
label,MET5,pin,1034.676000,2704.299000,1308.964000,2707.585000,274.288000,3.286000,1171.820000,2705.942000
label,MET4,pin,1026.962000,2549.739000,1316.678000,2553.025000,289.716000,3.286000,1171.820000,2551.382000
label,MET4,pin,1019.248000,2704.299000,1324.392000,2707.585000,305.144000,3.286000,1171.820000,2705.942000
label,MET4,TEXT,1157.891000,2681.229000,1185.749000,2684.515000,27.858000,3.286000,1171.820000,2682.872000
label,MET4,TEXT,1158.105000,2704.299000,1185.535000,2707.585000,27.430000,3.286000,1171.820000,2705.942000
label,MET4,TEXT,1158.105000,2550.089000,1185.535000,2553.375000,27.430000,3.286000,1171.820000,2551.732000
label,MET4,TEXT,1158.248000,2572.109000,1185.392000,2575.395000,27.144000,3.286000,1171.820000,2573.752000
label,MET5,TEXT,1157.891000,2681.229000,1185.749000,2684.515000,27.858000,3.286000,1171.820000,2682.872000
label,MET5,TEXT,1158.105000,2704.299000,1185.535000,2707.585000,27.430000,3.286000,1171.820000,2705.942000
label,MET5,TEXT,1158.105000,2550.089000,1185.535000,2553.375000,27.430000,3.286000,1171.820000,2551.732000
label,MET5,TEXT,1158.248000,2572.109000,1185.392000,2575.395000,27.144000,3.286000,1171.820000,2573.752000
label,METTPL,TEXT,1158.141000,2681.229000,1185.999000,2684.515000,27.858000,3.286000,1172.070000,2682.872000
label,METTPL,TEXT,1158.498000,2572.109000,1185.642000,2575.395000,27.144000,3.286000,1172.070000,2573.752000
label,MET4,TEXT,1074.391000,2681.229000,1102.249000,2684.515000,27.858000,3.286000,1088.320000,2682.872000
label,MET4,TEXT,1074.605000,2704.299000,1102.035000,2707.585000,27.430000,3.286000,1088.320000,2705.942000
label,MET4,TEXT,1074.605000,2550.089000,1102.035000,2553.375000,27.430000,3.286000,1088.320000,2551.732000
label,MET4,TEXT,1074.748000,2572.109000,1101.892000,2575.395000,27.144000,3.286000,1088.320000,2573.752000
label,MET5,TEXT,1074.391000,2681.229000,1102.249000,2684.515000,27.858000,3.286000,1088.320000,2682.872000
label,MET5,TEXT,1074.605000,2704.299000,1102.035000,2707.585000,27.430000,3.286000,1088.320000,2705.942000
label,MET5,TEXT,1074.605000,2550.089000,1102.035000,2553.375000,27.430000,3.286000,1088.320000,2551.732000
label,MET5,TEXT,1074.748000,2572.109000,1101.892000,2575.395000,27.144000,3.286000,1088.320000,2573.752000
label,METTPL,TEXT,1074.141000,2681.229000,1101.999000,2684.515000,27.858000,3.286000,1088.070000,2682.872000
label,METTPL,TEXT,1074.498000,2572.109000,1101.642000,2575.395000,27.144000,3.286000,1088.070000,2573.752000
label,METTPL,TEXT,1158.355000,2704.544000,1185.785000,2707.830000,27.430000,3.286000,1172.070000,2706.187000
label,METTPL,TEXT,1074.355000,2704.544000,1101.785000,2707.830000,27.430000,3.286000,1088.070000,2706.187000
label,METTPL,TEXT,1158.355000,2549.839000,1185.785000,2553.125000,27.430000,3.286000,1172.070000,2551.482000
label,METTPL,TEXT,1074.355000,2549.839000,1101.785000,2553.125000,27.430000,3.286000,1088.070000,2551.482000
label,METTPL,pin,980.748000,2549.489000,1007.892000,2552.775000,27.144000,3.286000,994.320000,2551.132000
label,METTPL,pin,1056.534000,2549.489000,1099.106000,2552.775000,42.572000,3.286000,1077.820000,2551.132000
label,METTPL,pin,965.319000,2704.669000,1023.321000,2707.955000,58.002000,3.286000,994.320000,2706.312000
label,METTPL,pin,1041.105000,2704.669000,1114.535000,2707.955000,73.430000,3.286000,1077.820000,2706.312000
label,MET5,pin,934.462000,2549.739000,1054.178000,2553.025000,119.716000,3.286000,994.320000,2551.382000
label,MET5,pin,926.748000,2704.299000,1061.892000,2707.585000,135.144000,3.286000,994.320000,2705.942000
label,MET4,pin,919.034000,2549.739000,1069.606000,2553.025000,150.572000,3.286000,994.320000,2551.382000
label,MET4,pin,911.319000,2704.299000,1077.321000,2707.585000,166.002000,3.286000,994.320000,2705.942000
label,MET5,pin,948.534000,2549.739000,1207.106000,2553.025000,258.572000,3.286000,1077.820000,2551.382000
label,MET5,pin,940.819000,2704.299000,1214.821000,2707.585000,274.002000,3.286000,1077.820000,2705.942000
label,MET4,pin,933.105000,2549.739000,1222.535000,2553.025000,289.430000,3.286000,1077.820000,2551.382000
label,MET4,pin,925.391000,2704.299000,1230.249000,2707.585000,304.858000,3.286000,1077.820000,2705.942000
label,MET4,TEXT,1064.034000,2681.229000,1091.606000,2684.515000,27.572000,3.286000,1077.820000,2682.872000
label,MET4,TEXT,1064.248000,2704.299000,1091.392000,2707.585000,27.144000,3.286000,1077.820000,2705.942000
label,MET4,TEXT,1064.248000,2550.089000,1091.392000,2553.375000,27.144000,3.286000,1077.820000,2551.732000
label,MET4,TEXT,1064.391000,2572.109000,1091.249000,2575.395000,26.858000,3.286000,1077.820000,2573.752000
label,MET5,TEXT,1064.034000,2681.229000,1091.606000,2684.515000,27.572000,3.286000,1077.820000,2682.872000
label,MET5,TEXT,1064.248000,2704.299000,1091.392000,2707.585000,27.144000,3.286000,1077.820000,2705.942000
label,MET5,TEXT,1064.248000,2550.089000,1091.392000,2553.375000,27.144000,3.286000,1077.820000,2551.732000
label,MET5,TEXT,1064.391000,2572.109000,1091.249000,2575.395000,26.858000,3.286000,1077.820000,2573.752000
label,METTPL,TEXT,1064.284000,2681.229000,1091.856000,2684.515000,27.572000,3.286000,1078.070000,2682.872000
label,METTPL,TEXT,1064.641000,2572.109000,1091.499000,2575.395000,26.858000,3.286000,1078.070000,2573.752000
label,MET4,TEXT,980.534000,2681.229000,1008.106000,2684.515000,27.572000,3.286000,994.320000,2682.872000
label,MET4,TEXT,980.748000,2704.299000,1007.892000,2707.585000,27.144000,3.286000,994.320000,2705.942000
label,MET4,TEXT,980.748000,2550.089000,1007.892000,2553.375000,27.144000,3.286000,994.320000,2551.732000
label,MET4,TEXT,980.891000,2572.109000,1007.749000,2575.395000,26.858000,3.286000,994.320000,2573.752000
label,MET5,TEXT,980.534000,2681.229000,1008.106000,2684.515000,27.572000,3.286000,994.320000,2682.872000
label,MET5,TEXT,980.748000,2704.299000,1007.892000,2707.585000,27.144000,3.286000,994.320000,2705.942000
label,MET5,TEXT,980.748000,2550.089000,1007.892000,2553.375000,27.144000,3.286000,994.320000,2551.732000
label,MET5,TEXT,980.891000,2572.109000,1007.749000,2575.395000,26.858000,3.286000,994.320000,2573.752000
label,METTPL,TEXT,980.284000,2681.229000,1007.856000,2684.515000,27.572000,3.286000,994.070000,2682.872000
label,METTPL,TEXT,980.641000,2572.109000,1007.499000,2575.395000,26.858000,3.286000,994.070000,2573.752000
label,METTPL,TEXT,1064.498000,2704.544000,1091.642000,2707.830000,27.144000,3.286000,1078.070000,2706.187000
label,METTPL,TEXT,980.498000,2704.544000,1007.642000,2707.830000,27.144000,3.286000,994.070000,2706.187000
label,METTPL,TEXT,1064.498000,2549.839000,1091.642000,2553.125000,27.144000,3.286000,1078.070000,2551.482000
label,METTPL,TEXT,980.498000,2549.839000,1007.642000,2553.125000,27.144000,3.286000,994.070000,2551.482000
label,METTPL,pin,886.605000,2549.489000,914.035000,2552.775000,27.430000,3.286000,900.320000,2551.132000
label,METTPL,pin,962.391000,2549.489000,1005.249000,2552.775000,42.858000,3.286000,983.820000,2551.132000
label,METTPL,pin,871.176000,2704.669000,929.464000,2707.955000,58.288000,3.286000,900.320000,2706.312000
label,METTPL,pin,946.962000,2704.669000,1020.678000,2707.955000,73.716000,3.286000,983.820000,2706.312000
label,MET5,pin,840.319000,2549.739000,960.321000,2553.025000,120.002000,3.286000,900.320000,2551.382000
label,MET5,pin,832.605000,2704.299000,968.035000,2707.585000,135.430000,3.286000,900.320000,2705.942000
label,MET4,pin,824.891000,2549.739000,975.749000,2553.025000,150.858000,3.286000,900.320000,2551.382000
label,MET4,pin,817.176000,2704.299000,983.464000,2707.585000,166.288000,3.286000,900.320000,2705.942000
label,MET5,pin,854.391000,2549.739000,1113.249000,2553.025000,258.858000,3.286000,983.820000,2551.382000
label,MET5,pin,846.676000,2704.299000,1120.964000,2707.585000,274.288000,3.286000,983.820000,2705.942000
label,MET4,pin,838.962000,2549.739000,1128.678000,2553.025000,289.716000,3.286000,983.820000,2551.382000
label,MET4,pin,831.248000,2704.299000,1136.392000,2707.585000,305.144000,3.286000,983.820000,2705.942000
label,MET4,TEXT,969.891000,2681.229000,997.749000,2684.515000,27.858000,3.286000,983.820000,2682.872000
label,MET4,TEXT,970.105000,2704.299000,997.535000,2707.585000,27.430000,3.286000,983.820000,2705.942000
label,MET4,TEXT,970.105000,2550.089000,997.535000,2553.375000,27.430000,3.286000,983.820000,2551.732000
label,MET4,TEXT,970.248000,2572.109000,997.392000,2575.395000,27.144000,3.286000,983.820000,2573.752000
label,MET5,TEXT,969.891000,2681.229000,997.749000,2684.515000,27.858000,3.286000,983.820000,2682.872000
label,MET5,TEXT,970.105000,2704.299000,997.535000,2707.585000,27.430000,3.286000,983.820000,2705.942000
label,MET5,TEXT,970.105000,2550.089000,997.535000,2553.375000,27.430000,3.286000,983.820000,2551.732000
label,MET5,TEXT,970.248000,2572.109000,997.392000,2575.395000,27.144000,3.286000,983.820000,2573.752000
label,METTPL,TEXT,970.141000,2681.229000,997.999000,2684.515000,27.858000,3.286000,984.070000,2682.872000
label,METTPL,TEXT,970.498000,2572.109000,997.642000,2575.395000,27.144000,3.286000,984.070000,2573.752000
label,MET4,TEXT,886.391000,2681.229000,914.249000,2684.515000,27.858000,3.286000,900.320000,2682.872000
label,MET4,TEXT,886.605000,2704.299000,914.035000,2707.585000,27.430000,3.286000,900.320000,2705.942000
label,MET4,TEXT,886.605000,2550.089000,914.035000,2553.375000,27.430000,3.286000,900.320000,2551.732000
label,MET4,TEXT,886.748000,2572.109000,913.892000,2575.395000,27.144000,3.286000,900.320000,2573.752000
label,MET5,TEXT,886.391000,2681.229000,914.249000,2684.515000,27.858000,3.286000,900.320000,2682.872000
label,MET5,TEXT,886.605000,2704.299000,914.035000,2707.585000,27.430000,3.286000,900.320000,2705.942000
label,MET5,TEXT,886.605000,2550.089000,914.035000,2553.375000,27.430000,3.286000,900.320000,2551.732000
label,MET5,TEXT,886.748000,2572.109000,913.892000,2575.395000,27.144000,3.286000,900.320000,2573.752000
label,METTPL,TEXT,886.141000,2681.229000,913.999000,2684.515000,27.858000,3.286000,900.070000,2682.872000
label,METTPL,TEXT,886.498000,2572.109000,913.642000,2575.395000,27.144000,3.286000,900.070000,2573.752000
label,METTPL,TEXT,970.355000,2704.544000,997.785000,2707.830000,27.430000,3.286000,984.070000,2706.187000
label,METTPL,TEXT,886.355000,2704.544000,913.785000,2707.830000,27.430000,3.286000,900.070000,2706.187000
label,METTPL,TEXT,970.355000,2549.839000,997.785000,2553.125000,27.430000,3.286000,984.070000,2551.482000
label,METTPL,TEXT,886.355000,2549.839000,913.785000,2553.125000,27.430000,3.286000,900.070000,2551.482000
label,METTPL,pin,792.748000,2549.489000,819.892000,2552.775000,27.144000,3.286000,806.320000,2551.132000
label,METTPL,pin,868.534000,2549.489000,911.106000,2552.775000,42.572000,3.286000,889.820000,2551.132000
label,METTPL,pin,777.319000,2704.669000,835.321000,2707.955000,58.002000,3.286000,806.320000,2706.312000
label,METTPL,pin,853.105000,2704.669000,926.535000,2707.955000,73.430000,3.286000,889.820000,2706.312000
label,MET5,pin,746.462000,2549.739000,866.178000,2553.025000,119.716000,3.286000,806.320000,2551.382000
label,MET5,pin,738.748000,2704.299000,873.892000,2707.585000,135.144000,3.286000,806.320000,2705.942000
label,MET4,pin,731.034000,2549.739000,881.606000,2553.025000,150.572000,3.286000,806.320000,2551.382000
label,MET4,pin,723.319000,2704.299000,889.321000,2707.585000,166.002000,3.286000,806.320000,2705.942000
label,MET5,pin,760.534000,2549.739000,1019.106000,2553.025000,258.572000,3.286000,889.820000,2551.382000
label,MET5,pin,752.819000,2704.299000,1026.821000,2707.585000,274.002000,3.286000,889.820000,2705.942000
label,MET4,pin,745.105000,2549.739000,1034.535000,2553.025000,289.430000,3.286000,889.820000,2551.382000
label,MET4,pin,737.391000,2704.299000,1042.249000,2707.585000,304.858000,3.286000,889.820000,2705.942000
label,MET4,TEXT,876.034000,2681.229000,903.606000,2684.515000,27.572000,3.286000,889.820000,2682.872000
label,MET4,TEXT,876.248000,2704.299000,903.392000,2707.585000,27.144000,3.286000,889.820000,2705.942000
label,MET4,TEXT,876.248000,2550.089000,903.392000,2553.375000,27.144000,3.286000,889.820000,2551.732000
label,MET4,TEXT,876.391000,2572.109000,903.249000,2575.395000,26.858000,3.286000,889.820000,2573.752000
label,MET5,TEXT,876.034000,2681.229000,903.606000,2684.515000,27.572000,3.286000,889.820000,2682.872000
label,MET5,TEXT,876.248000,2704.299000,903.392000,2707.585000,27.144000,3.286000,889.820000,2705.942000
label,MET5,TEXT,876.248000,2550.089000,903.392000,2553.375000,27.144000,3.286000,889.820000,2551.732000
label,MET5,TEXT,876.391000,2572.109000,903.249000,2575.395000,26.858000,3.286000,889.820000,2573.752000
label,METTPL,TEXT,876.284000,2681.229000,903.856000,2684.515000,27.572000,3.286000,890.070000,2682.872000
label,METTPL,TEXT,876.641000,2572.109000,903.499000,2575.395000,26.858000,3.286000,890.070000,2573.752000
label,MET4,TEXT,792.534000,2681.229000,820.106000,2684.515000,27.572000,3.286000,806.320000,2682.872000
label,MET4,TEXT,792.748000,2704.299000,819.892000,2707.585000,27.144000,3.286000,806.320000,2705.942000
label,MET4,TEXT,792.748000,2550.089000,819.892000,2553.375000,27.144000,3.286000,806.320000,2551.732000
label,MET4,TEXT,792.891000,2572.109000,819.749000,2575.395000,26.858000,3.286000,806.320000,2573.752000
label,MET5,TEXT,792.534000,2681.229000,820.106000,2684.515000,27.572000,3.286000,806.320000,2682.872000
label,MET5,TEXT,792.748000,2704.299000,819.892000,2707.585000,27.144000,3.286000,806.320000,2705.942000
label,MET5,TEXT,792.748000,2550.089000,819.892000,2553.375000,27.144000,3.286000,806.320000,2551.732000
label,MET5,TEXT,792.891000,2572.109000,819.749000,2575.395000,26.858000,3.286000,806.320000,2573.752000
label,METTPL,TEXT,792.284000,2681.229000,819.856000,2684.515000,27.572000,3.286000,806.070000,2682.872000
label,METTPL,TEXT,792.641000,2572.109000,819.499000,2575.395000,26.858000,3.286000,806.070000,2573.752000
label,METTPL,TEXT,876.498000,2704.544000,903.642000,2707.830000,27.144000,3.286000,890.070000,2706.187000
label,METTPL,TEXT,792.498000,2704.544000,819.642000,2707.830000,27.144000,3.286000,806.070000,2706.187000
label,METTPL,TEXT,876.498000,2549.839000,903.642000,2553.125000,27.144000,3.286000,890.070000,2551.482000
label,METTPL,TEXT,792.498000,2549.839000,819.642000,2553.125000,27.144000,3.286000,806.070000,2551.482000
label,METTPL,pin,698.605000,2549.489000,726.035000,2552.775000,27.430000,3.286000,712.320000,2551.132000
label,METTPL,pin,774.391000,2549.489000,817.249000,2552.775000,42.858000,3.286000,795.820000,2551.132000
label,METTPL,pin,683.176000,2704.669000,741.464000,2707.955000,58.288000,3.286000,712.320000,2706.312000
label,METTPL,pin,758.962000,2704.669000,832.678000,2707.955000,73.716000,3.286000,795.820000,2706.312000
label,MET5,pin,652.319000,2549.739000,772.321000,2553.025000,120.002000,3.286000,712.320000,2551.382000
label,MET5,pin,644.605000,2704.299000,780.035000,2707.585000,135.430000,3.286000,712.320000,2705.942000
label,MET4,pin,636.891000,2549.739000,787.749000,2553.025000,150.858000,3.286000,712.320000,2551.382000
label,MET4,pin,629.176000,2704.299000,795.464000,2707.585000,166.288000,3.286000,712.320000,2705.942000
label,MET5,pin,666.391000,2549.739000,925.249000,2553.025000,258.858000,3.286000,795.820000,2551.382000
label,MET5,pin,658.676000,2704.299000,932.964000,2707.585000,274.288000,3.286000,795.820000,2705.942000
label,MET4,pin,650.962000,2549.739000,940.678000,2553.025000,289.716000,3.286000,795.820000,2551.382000
label,MET4,pin,643.248000,2704.299000,948.392000,2707.585000,305.144000,3.286000,795.820000,2705.942000
label,MET4,TEXT,781.891000,2681.229000,809.749000,2684.515000,27.858000,3.286000,795.820000,2682.872000
label,MET4,TEXT,782.105000,2704.299000,809.535000,2707.585000,27.430000,3.286000,795.820000,2705.942000
label,MET4,TEXT,782.105000,2550.089000,809.535000,2553.375000,27.430000,3.286000,795.820000,2551.732000
label,MET4,TEXT,782.248000,2572.109000,809.392000,2575.395000,27.144000,3.286000,795.820000,2573.752000
label,MET5,TEXT,781.891000,2681.229000,809.749000,2684.515000,27.858000,3.286000,795.820000,2682.872000
label,MET5,TEXT,782.105000,2704.299000,809.535000,2707.585000,27.430000,3.286000,795.820000,2705.942000
label,MET5,TEXT,782.105000,2550.089000,809.535000,2553.375000,27.430000,3.286000,795.820000,2551.732000
label,MET5,TEXT,782.248000,2572.109000,809.392000,2575.395000,27.144000,3.286000,795.820000,2573.752000
label,METTPL,TEXT,782.141000,2681.229000,809.999000,2684.515000,27.858000,3.286000,796.070000,2682.872000
label,METTPL,TEXT,782.498000,2572.109000,809.642000,2575.395000,27.144000,3.286000,796.070000,2573.752000
label,MET4,TEXT,698.391000,2681.229000,726.249000,2684.515000,27.858000,3.286000,712.320000,2682.872000
label,MET4,TEXT,698.605000,2704.299000,726.035000,2707.585000,27.430000,3.286000,712.320000,2705.942000
label,MET4,TEXT,698.605000,2550.089000,726.035000,2553.375000,27.430000,3.286000,712.320000,2551.732000
label,MET4,TEXT,698.748000,2572.109000,725.892000,2575.395000,27.144000,3.286000,712.320000,2573.752000
label,MET5,TEXT,698.391000,2681.229000,726.249000,2684.515000,27.858000,3.286000,712.320000,2682.872000
label,MET5,TEXT,698.605000,2704.299000,726.035000,2707.585000,27.430000,3.286000,712.320000,2705.942000
label,MET5,TEXT,698.605000,2550.089000,726.035000,2553.375000,27.430000,3.286000,712.320000,2551.732000
label,MET5,TEXT,698.748000,2572.109000,725.892000,2575.395000,27.144000,3.286000,712.320000,2573.752000
label,METTPL,TEXT,698.141000,2681.229000,725.999000,2684.515000,27.858000,3.286000,712.070000,2682.872000
label,METTPL,TEXT,698.498000,2572.109000,725.642000,2575.395000,27.144000,3.286000,712.070000,2573.752000
label,METTPL,TEXT,782.355000,2704.544000,809.785000,2707.830000,27.430000,3.286000,796.070000,2706.187000
label,METTPL,TEXT,698.355000,2704.544000,725.785000,2707.830000,27.430000,3.286000,712.070000,2706.187000
label,METTPL,TEXT,782.355000,2549.839000,809.785000,2553.125000,27.430000,3.286000,796.070000,2551.482000
label,METTPL,TEXT,698.355000,2549.839000,725.785000,2553.125000,27.430000,3.286000,712.070000,2551.482000
label,METTPL,pin,604.748000,2549.489000,631.892000,2552.775000,27.144000,3.286000,618.320000,2551.132000
label,METTPL,pin,680.534000,2549.489000,723.106000,2552.775000,42.572000,3.286000,701.820000,2551.132000
label,METTPL,pin,589.319000,2704.669000,647.321000,2707.955000,58.002000,3.286000,618.320000,2706.312000
label,METTPL,pin,665.105000,2704.669000,738.535000,2707.955000,73.430000,3.286000,701.820000,2706.312000
label,MET5,pin,558.462000,2549.739000,678.178000,2553.025000,119.716000,3.286000,618.320000,2551.382000
label,MET5,pin,550.748000,2704.299000,685.892000,2707.585000,135.144000,3.286000,618.320000,2705.942000
label,MET4,pin,543.034000,2549.739000,693.606000,2553.025000,150.572000,3.286000,618.320000,2551.382000
label,MET4,pin,535.319000,2704.299000,701.321000,2707.585000,166.002000,3.286000,618.320000,2705.942000
label,MET5,pin,572.534000,2549.739000,831.106000,2553.025000,258.572000,3.286000,701.820000,2551.382000
label,MET5,pin,564.819000,2704.299000,838.821000,2707.585000,274.002000,3.286000,701.820000,2705.942000
label,MET4,pin,557.105000,2549.739000,846.535000,2553.025000,289.430000,3.286000,701.820000,2551.382000
label,MET4,pin,549.391000,2704.299000,854.249000,2707.585000,304.858000,3.286000,701.820000,2705.942000
label,MET4,TEXT,688.034000,2681.229000,715.606000,2684.515000,27.572000,3.286000,701.820000,2682.872000
label,MET4,TEXT,688.248000,2704.299000,715.392000,2707.585000,27.144000,3.286000,701.820000,2705.942000
label,MET4,TEXT,688.248000,2550.089000,715.392000,2553.375000,27.144000,3.286000,701.820000,2551.732000
label,MET4,TEXT,688.391000,2572.109000,715.249000,2575.395000,26.858000,3.286000,701.820000,2573.752000
label,MET5,TEXT,688.034000,2681.229000,715.606000,2684.515000,27.572000,3.286000,701.820000,2682.872000
label,MET5,TEXT,688.248000,2704.299000,715.392000,2707.585000,27.144000,3.286000,701.820000,2705.942000
label,MET5,TEXT,688.248000,2550.089000,715.392000,2553.375000,27.144000,3.286000,701.820000,2551.732000
label,MET5,TEXT,688.391000,2572.109000,715.249000,2575.395000,26.858000,3.286000,701.820000,2573.752000
label,METTPL,TEXT,688.284000,2681.229000,715.856000,2684.515000,27.572000,3.286000,702.070000,2682.872000
label,METTPL,TEXT,688.641000,2572.109000,715.499000,2575.395000,26.858000,3.286000,702.070000,2573.752000
label,MET4,TEXT,604.534000,2681.229000,632.106000,2684.515000,27.572000,3.286000,618.320000,2682.872000
label,MET4,TEXT,604.748000,2704.299000,631.892000,2707.585000,27.144000,3.286000,618.320000,2705.942000
label,MET4,TEXT,604.748000,2550.089000,631.892000,2553.375000,27.144000,3.286000,618.320000,2551.732000
label,MET4,TEXT,604.891000,2572.109000,631.749000,2575.395000,26.858000,3.286000,618.320000,2573.752000
label,MET5,TEXT,604.534000,2681.229000,632.106000,2684.515000,27.572000,3.286000,618.320000,2682.872000
label,MET5,TEXT,604.748000,2704.299000,631.892000,2707.585000,27.144000,3.286000,618.320000,2705.942000
label,MET5,TEXT,604.748000,2550.089000,631.892000,2553.375000,27.144000,3.286000,618.320000,2551.732000
label,MET5,TEXT,604.891000,2572.109000,631.749000,2575.395000,26.858000,3.286000,618.320000,2573.752000
label,METTPL,TEXT,604.284000,2681.229000,631.856000,2684.515000,27.572000,3.286000,618.070000,2682.872000
label,METTPL,TEXT,604.641000,2572.109000,631.499000,2575.395000,26.858000,3.286000,618.070000,2573.752000
label,METTPL,TEXT,688.498000,2704.544000,715.642000,2707.830000,27.144000,3.286000,702.070000,2706.187000
label,METTPL,TEXT,604.498000,2704.544000,631.642000,2707.830000,27.144000,3.286000,618.070000,2706.187000
label,METTPL,TEXT,688.498000,2549.839000,715.642000,2553.125000,27.144000,3.286000,702.070000,2551.482000
label,METTPL,TEXT,604.498000,2549.839000,631.642000,2553.125000,27.144000,3.286000,618.070000,2551.482000
label,METTPL,pin,510.605000,2549.489000,538.035000,2552.775000,27.430000,3.286000,524.320000,2551.132000
label,METTPL,pin,586.391000,2549.489000,629.249000,2552.775000,42.858000,3.286000,607.820000,2551.132000
label,METTPL,pin,495.176000,2704.669000,553.464000,2707.955000,58.288000,3.286000,524.320000,2706.312000
label,METTPL,pin,570.962000,2704.669000,644.678000,2707.955000,73.716000,3.286000,607.820000,2706.312000
label,MET5,pin,464.319000,2549.739000,584.321000,2553.025000,120.002000,3.286000,524.320000,2551.382000
label,MET5,pin,456.605000,2704.299000,592.035000,2707.585000,135.430000,3.286000,524.320000,2705.942000
label,MET4,pin,448.891000,2549.739000,599.749000,2553.025000,150.858000,3.286000,524.320000,2551.382000
label,MET4,pin,441.176000,2704.299000,607.464000,2707.585000,166.288000,3.286000,524.320000,2705.942000
label,MET5,pin,478.391000,2549.739000,737.249000,2553.025000,258.858000,3.286000,607.820000,2551.382000
label,MET5,pin,470.676000,2704.299000,744.964000,2707.585000,274.288000,3.286000,607.820000,2705.942000
label,MET4,pin,462.962000,2549.739000,752.678000,2553.025000,289.716000,3.286000,607.820000,2551.382000
label,MET4,pin,455.248000,2704.299000,760.392000,2707.585000,305.144000,3.286000,607.820000,2705.942000
label,MET4,TEXT,593.891000,2681.229000,621.749000,2684.515000,27.858000,3.286000,607.820000,2682.872000
label,MET4,TEXT,594.105000,2704.299000,621.535000,2707.585000,27.430000,3.286000,607.820000,2705.942000
label,MET4,TEXT,594.105000,2550.089000,621.535000,2553.375000,27.430000,3.286000,607.820000,2551.732000
label,MET4,TEXT,594.248000,2572.109000,621.392000,2575.395000,27.144000,3.286000,607.820000,2573.752000
label,MET5,TEXT,593.891000,2681.229000,621.749000,2684.515000,27.858000,3.286000,607.820000,2682.872000
label,MET5,TEXT,594.105000,2704.299000,621.535000,2707.585000,27.430000,3.286000,607.820000,2705.942000
label,MET5,TEXT,594.105000,2550.089000,621.535000,2553.375000,27.430000,3.286000,607.820000,2551.732000
label,MET5,TEXT,594.248000,2572.109000,621.392000,2575.395000,27.144000,3.286000,607.820000,2573.752000
label,METTPL,TEXT,594.141000,2681.229000,621.999000,2684.515000,27.858000,3.286000,608.070000,2682.872000
label,METTPL,TEXT,594.498000,2572.109000,621.642000,2575.395000,27.144000,3.286000,608.070000,2573.752000
label,MET4,TEXT,510.391000,2681.229000,538.249000,2684.515000,27.858000,3.286000,524.320000,2682.872000
label,MET4,TEXT,510.605000,2704.299000,538.035000,2707.585000,27.430000,3.286000,524.320000,2705.942000
label,MET4,TEXT,510.605000,2550.089000,538.035000,2553.375000,27.430000,3.286000,524.320000,2551.732000
label,MET4,TEXT,510.748000,2572.109000,537.892000,2575.395000,27.144000,3.286000,524.320000,2573.752000
label,MET5,TEXT,510.391000,2681.229000,538.249000,2684.515000,27.858000,3.286000,524.320000,2682.872000
label,MET5,TEXT,510.605000,2704.299000,538.035000,2707.585000,27.430000,3.286000,524.320000,2705.942000
label,MET5,TEXT,510.605000,2550.089000,538.035000,2553.375000,27.430000,3.286000,524.320000,2551.732000
label,MET5,TEXT,510.748000,2572.109000,537.892000,2575.395000,27.144000,3.286000,524.320000,2573.752000
label,METTPL,TEXT,510.141000,2681.229000,537.999000,2684.515000,27.858000,3.286000,524.070000,2682.872000
label,METTPL,TEXT,510.498000,2572.109000,537.642000,2575.395000,27.144000,3.286000,524.070000,2573.752000
label,METTPL,TEXT,594.355000,2704.544000,621.785000,2707.830000,27.430000,3.286000,608.070000,2706.187000
label,METTPL,TEXT,510.355000,2704.544000,537.785000,2707.830000,27.430000,3.286000,524.070000,2706.187000
label,METTPL,TEXT,594.355000,2549.839000,621.785000,2553.125000,27.430000,3.286000,608.070000,2551.482000
label,METTPL,TEXT,510.355000,2549.839000,537.785000,2553.125000,27.430000,3.286000,524.070000,2551.482000
label,METTPL,pin,416.748000,2549.489000,443.892000,2552.775000,27.144000,3.286000,430.320000,2551.132000
label,METTPL,pin,492.534000,2549.489000,535.106000,2552.775000,42.572000,3.286000,513.820000,2551.132000
label,METTPL,pin,401.319000,2704.669000,459.321000,2707.955000,58.002000,3.286000,430.320000,2706.312000
label,METTPL,pin,477.105000,2704.669000,550.535000,2707.955000,73.430000,3.286000,513.820000,2706.312000
label,MET5,pin,370.462000,2549.739000,490.178000,2553.025000,119.716000,3.286000,430.320000,2551.382000
label,MET5,pin,362.748000,2704.299000,497.892000,2707.585000,135.144000,3.286000,430.320000,2705.942000
label,MET4,pin,355.034000,2549.739000,505.606000,2553.025000,150.572000,3.286000,430.320000,2551.382000
label,MET4,pin,347.319000,2704.299000,513.321000,2707.585000,166.002000,3.286000,430.320000,2705.942000
label,MET5,pin,384.534000,2549.739000,643.106000,2553.025000,258.572000,3.286000,513.820000,2551.382000
label,MET5,pin,376.819000,2704.299000,650.821000,2707.585000,274.002000,3.286000,513.820000,2705.942000
label,MET4,pin,369.105000,2549.739000,658.535000,2553.025000,289.430000,3.286000,513.820000,2551.382000
label,MET4,pin,361.391000,2704.299000,666.249000,2707.585000,304.858000,3.286000,513.820000,2705.942000
label,MET4,TEXT,500.034000,2681.229000,527.606000,2684.515000,27.572000,3.286000,513.820000,2682.872000
label,MET4,TEXT,500.248000,2704.299000,527.392000,2707.585000,27.144000,3.286000,513.820000,2705.942000
label,MET4,TEXT,500.248000,2550.089000,527.392000,2553.375000,27.144000,3.286000,513.820000,2551.732000
label,MET4,TEXT,500.391000,2572.109000,527.249000,2575.395000,26.858000,3.286000,513.820000,2573.752000
label,MET5,TEXT,500.034000,2681.229000,527.606000,2684.515000,27.572000,3.286000,513.820000,2682.872000
label,MET5,TEXT,500.248000,2704.299000,527.392000,2707.585000,27.144000,3.286000,513.820000,2705.942000
label,MET5,TEXT,500.248000,2550.089000,527.392000,2553.375000,27.144000,3.286000,513.820000,2551.732000
label,MET5,TEXT,500.391000,2572.109000,527.249000,2575.395000,26.858000,3.286000,513.820000,2573.752000
label,METTPL,TEXT,500.284000,2681.229000,527.856000,2684.515000,27.572000,3.286000,514.070000,2682.872000
label,METTPL,TEXT,500.641000,2572.109000,527.499000,2575.395000,26.858000,3.286000,514.070000,2573.752000
label,MET4,TEXT,416.534000,2681.229000,444.106000,2684.515000,27.572000,3.286000,430.320000,2682.872000
label,MET4,TEXT,416.748000,2704.299000,443.892000,2707.585000,27.144000,3.286000,430.320000,2705.942000
label,MET4,TEXT,416.748000,2550.089000,443.892000,2553.375000,27.144000,3.286000,430.320000,2551.732000
label,MET4,TEXT,416.891000,2572.109000,443.749000,2575.395000,26.858000,3.286000,430.320000,2573.752000
label,MET5,TEXT,416.534000,2681.229000,444.106000,2684.515000,27.572000,3.286000,430.320000,2682.872000
label,MET5,TEXT,416.748000,2704.299000,443.892000,2707.585000,27.144000,3.286000,430.320000,2705.942000
label,MET5,TEXT,416.748000,2550.089000,443.892000,2553.375000,27.144000,3.286000,430.320000,2551.732000
label,MET5,TEXT,416.891000,2572.109000,443.749000,2575.395000,26.858000,3.286000,430.320000,2573.752000
label,METTPL,TEXT,416.284000,2681.229000,443.856000,2684.515000,27.572000,3.286000,430.070000,2682.872000
label,METTPL,TEXT,416.641000,2572.109000,443.499000,2575.395000,26.858000,3.286000,430.070000,2573.752000
label,METTPL,TEXT,500.498000,2704.544000,527.642000,2707.830000,27.144000,3.286000,514.070000,2706.187000
label,METTPL,TEXT,416.498000,2704.544000,443.642000,2707.830000,27.144000,3.286000,430.070000,2706.187000
label,METTPL,TEXT,500.498000,2549.839000,527.642000,2553.125000,27.144000,3.286000,514.070000,2551.482000
label,METTPL,TEXT,416.498000,2549.839000,443.642000,2553.125000,27.144000,3.286000,430.070000,2551.482000
label,METTPL,pin,321.105000,2549.489000,351.535000,2552.775000,30.430000,3.286000,336.320000,2551.132000
label,METTPL,pin,396.891000,2549.489000,442.749000,2552.775000,45.858000,3.286000,419.820000,2551.132000
label,METTPL,pin,305.676000,2704.669000,366.964000,2707.955000,61.288000,3.286000,336.320000,2706.312000
label,METTPL,pin,381.462000,2704.669000,458.178000,2707.955000,76.716000,3.286000,419.820000,2706.312000
label,MET5,pin,274.819000,2549.739000,397.821000,2553.025000,123.002000,3.286000,336.320000,2551.382000
label,MET5,pin,267.105000,2704.299000,405.535000,2707.585000,138.430000,3.286000,336.320000,2705.942000
label,MET4,pin,259.391000,2549.739000,413.249000,2553.025000,153.858000,3.286000,336.320000,2551.382000
label,MET4,pin,251.676000,2704.299000,420.964000,2707.585000,169.288000,3.286000,336.320000,2705.942000
label,MET5,pin,288.891000,2549.739000,550.749000,2553.025000,261.858000,3.286000,419.820000,2551.382000
label,MET5,pin,281.176000,2704.299000,558.464000,2707.585000,277.288000,3.286000,419.820000,2705.942000
label,MET4,pin,273.462000,2549.739000,566.178000,2553.025000,292.716000,3.286000,419.820000,2551.382000
label,MET4,pin,265.748000,2704.299000,573.892000,2707.585000,308.144000,3.286000,419.820000,2705.942000
label,MET4,TEXT,404.391000,2681.229000,435.249000,2684.515000,30.858000,3.286000,419.820000,2682.872000
label,MET4,TEXT,404.605000,2704.299000,435.035000,2707.585000,30.430000,3.286000,419.820000,2705.942000
label,MET4,TEXT,404.605000,2550.089000,435.035000,2553.375000,30.430000,3.286000,419.820000,2551.732000
label,MET4,TEXT,404.748000,2572.109000,434.892000,2575.395000,30.144000,3.286000,419.820000,2573.752000
label,MET5,TEXT,404.391000,2681.229000,435.249000,2684.515000,30.858000,3.286000,419.820000,2682.872000
label,MET5,TEXT,404.605000,2704.299000,435.035000,2707.585000,30.430000,3.286000,419.820000,2705.942000
label,MET5,TEXT,404.605000,2550.089000,435.035000,2553.375000,30.430000,3.286000,419.820000,2551.732000
label,MET5,TEXT,404.748000,2572.109000,434.892000,2575.395000,30.144000,3.286000,419.820000,2573.752000
label,METTPL,TEXT,404.641000,2681.229000,435.499000,2684.515000,30.858000,3.286000,420.070000,2682.872000
label,METTPL,TEXT,404.998000,2572.109000,435.142000,2575.395000,30.144000,3.286000,420.070000,2573.752000
label,MET4,TEXT,320.891000,2681.229000,351.749000,2684.515000,30.858000,3.286000,336.320000,2682.872000
label,MET4,TEXT,321.105000,2704.299000,351.535000,2707.585000,30.430000,3.286000,336.320000,2705.942000
label,MET4,TEXT,321.105000,2550.089000,351.535000,2553.375000,30.430000,3.286000,336.320000,2551.732000
label,MET4,TEXT,321.248000,2572.109000,351.392000,2575.395000,30.144000,3.286000,336.320000,2573.752000
label,MET5,TEXT,320.891000,2681.229000,351.749000,2684.515000,30.858000,3.286000,336.320000,2682.872000
label,MET5,TEXT,321.105000,2704.299000,351.535000,2707.585000,30.430000,3.286000,336.320000,2705.942000
label,MET5,TEXT,321.105000,2550.089000,351.535000,2553.375000,30.430000,3.286000,336.320000,2551.732000
label,MET5,TEXT,321.248000,2572.109000,351.392000,2575.395000,30.144000,3.286000,336.320000,2573.752000
label,METTPL,TEXT,320.641000,2681.229000,351.499000,2684.515000,30.858000,3.286000,336.070000,2682.872000
label,METTPL,TEXT,320.998000,2572.109000,351.142000,2575.395000,30.144000,3.286000,336.070000,2573.752000
label,METTPL,TEXT,404.855000,2704.544000,435.285000,2707.830000,30.430000,3.286000,420.070000,2706.187000
label,METTPL,TEXT,320.855000,2704.544000,351.285000,2707.830000,30.430000,3.286000,336.070000,2706.187000
label,METTPL,TEXT,404.855000,2549.839000,435.285000,2553.125000,30.430000,3.286000,420.070000,2551.482000
label,METTPL,TEXT,320.855000,2549.839000,351.285000,2553.125000,30.430000,3.286000,336.070000,2551.482000
label,METTPL,pin,227.105000,2549.489000,257.535000,2552.775000,30.430000,3.286000,242.320000,2551.132000
label,METTPL,pin,302.891000,2549.489000,348.749000,2552.775000,45.858000,3.286000,325.820000,2551.132000
label,METTPL,pin,211.676000,2704.669000,272.964000,2707.955000,61.288000,3.286000,242.320000,2706.312000
label,METTPL,pin,287.462000,2704.669000,364.178000,2707.955000,76.716000,3.286000,325.820000,2706.312000
label,MET5,pin,180.819000,2549.739000,303.821000,2553.025000,123.002000,3.286000,242.320000,2551.382000
label,MET5,pin,173.105000,2704.299000,311.535000,2707.585000,138.430000,3.286000,242.320000,2705.942000
label,MET4,pin,165.391000,2549.739000,319.249000,2553.025000,153.858000,3.286000,242.320000,2551.382000
label,MET4,pin,157.676000,2704.299000,326.964000,2707.585000,169.288000,3.286000,242.320000,2705.942000
label,MET5,pin,194.891000,2549.739000,456.749000,2553.025000,261.858000,3.286000,325.820000,2551.382000
label,MET5,pin,187.176000,2704.299000,464.464000,2707.585000,277.288000,3.286000,325.820000,2705.942000
label,MET4,pin,179.462000,2549.739000,472.178000,2553.025000,292.716000,3.286000,325.820000,2551.382000
label,MET4,pin,171.748000,2704.299000,479.892000,2707.585000,308.144000,3.286000,325.820000,2705.942000
label,MET4,TEXT,310.391000,2681.229000,341.249000,2684.515000,30.858000,3.286000,325.820000,2682.872000
label,MET4,TEXT,310.605000,2704.299000,341.035000,2707.585000,30.430000,3.286000,325.820000,2705.942000
label,MET4,TEXT,310.605000,2550.089000,341.035000,2553.375000,30.430000,3.286000,325.820000,2551.732000
label,MET4,TEXT,310.748000,2572.109000,340.892000,2575.395000,30.144000,3.286000,325.820000,2573.752000
label,MET5,TEXT,310.391000,2681.229000,341.249000,2684.515000,30.858000,3.286000,325.820000,2682.872000
label,MET5,TEXT,310.605000,2704.299000,341.035000,2707.585000,30.430000,3.286000,325.820000,2705.942000
label,MET5,TEXT,310.605000,2550.089000,341.035000,2553.375000,30.430000,3.286000,325.820000,2551.732000
label,MET5,TEXT,310.748000,2572.109000,340.892000,2575.395000,30.144000,3.286000,325.820000,2573.752000
label,METTPL,TEXT,310.641000,2681.229000,341.499000,2684.515000,30.858000,3.286000,326.070000,2682.872000
label,METTPL,TEXT,310.998000,2572.109000,341.142000,2575.395000,30.144000,3.286000,326.070000,2573.752000
label,MET4,TEXT,226.891000,2681.229000,257.749000,2684.515000,30.858000,3.286000,242.320000,2682.872000
label,MET4,TEXT,227.105000,2704.299000,257.535000,2707.585000,30.430000,3.286000,242.320000,2705.942000
label,MET4,TEXT,227.105000,2550.089000,257.535000,2553.375000,30.430000,3.286000,242.320000,2551.732000
label,MET4,TEXT,227.248000,2572.109000,257.392000,2575.395000,30.144000,3.286000,242.320000,2573.752000
label,MET5,TEXT,226.891000,2681.229000,257.749000,2684.515000,30.858000,3.286000,242.320000,2682.872000
label,MET5,TEXT,227.105000,2704.299000,257.535000,2707.585000,30.430000,3.286000,242.320000,2705.942000
label,MET5,TEXT,227.105000,2550.089000,257.535000,2553.375000,30.430000,3.286000,242.320000,2551.732000
label,MET5,TEXT,227.248000,2572.109000,257.392000,2575.395000,30.144000,3.286000,242.320000,2573.752000
label,METTPL,TEXT,226.641000,2681.229000,257.499000,2684.515000,30.858000,3.286000,242.070000,2682.872000
label,METTPL,TEXT,226.998000,2572.109000,257.142000,2575.395000,30.144000,3.286000,242.070000,2573.752000
label,METTPL,TEXT,310.855000,2704.544000,341.285000,2707.830000,30.430000,3.286000,326.070000,2706.187000
label,METTPL,TEXT,226.855000,2704.544000,257.285000,2707.830000,30.430000,3.286000,242.070000,2706.187000
label,METTPL,TEXT,310.855000,2549.839000,341.285000,2553.125000,30.430000,3.286000,326.070000,2551.482000
label,METTPL,TEXT,226.855000,2549.839000,257.285000,2553.125000,30.430000,3.286000,242.070000,2551.482000
label,METTPL,pin,133.105000,2549.489000,163.535000,2552.775000,30.430000,3.286000,148.320000,2551.132000
label,METTPL,pin,208.891000,2549.489000,254.749000,2552.775000,45.858000,3.286000,231.820000,2551.132000
label,METTPL,pin,117.676000,2704.669000,178.964000,2707.955000,61.288000,3.286000,148.320000,2706.312000
label,METTPL,pin,193.462000,2704.669000,270.178000,2707.955000,76.716000,3.286000,231.820000,2706.312000
label,MET5,pin,86.819000,2549.739000,209.821000,2553.025000,123.002000,3.286000,148.320000,2551.382000
label,MET5,pin,79.105000,2704.299000,217.535000,2707.585000,138.430000,3.286000,148.320000,2705.942000
label,MET4,pin,71.391000,2549.739000,225.249000,2553.025000,153.858000,3.286000,148.320000,2551.382000
label,MET4,pin,63.676000,2704.299000,232.964000,2707.585000,169.288000,3.286000,148.320000,2705.942000
label,MET5,pin,100.891000,2549.739000,362.749000,2553.025000,261.858000,3.286000,231.820000,2551.382000
label,MET5,pin,93.176000,2704.299000,370.464000,2707.585000,277.288000,3.286000,231.820000,2705.942000
label,MET4,pin,85.462000,2549.739000,378.178000,2553.025000,292.716000,3.286000,231.820000,2551.382000
label,MET4,pin,77.748000,2704.299000,385.892000,2707.585000,308.144000,3.286000,231.820000,2705.942000
label,MET4,TEXT,216.391000,2681.229000,247.249000,2684.515000,30.858000,3.286000,231.820000,2682.872000
label,MET4,TEXT,216.605000,2704.299000,247.035000,2707.585000,30.430000,3.286000,231.820000,2705.942000
label,MET4,TEXT,216.605000,2550.089000,247.035000,2553.375000,30.430000,3.286000,231.820000,2551.732000
label,MET4,TEXT,216.748000,2572.109000,246.892000,2575.395000,30.144000,3.286000,231.820000,2573.752000
label,MET5,TEXT,216.391000,2681.229000,247.249000,2684.515000,30.858000,3.286000,231.820000,2682.872000
label,MET5,TEXT,216.605000,2704.299000,247.035000,2707.585000,30.430000,3.286000,231.820000,2705.942000
label,MET5,TEXT,216.605000,2550.089000,247.035000,2553.375000,30.430000,3.286000,231.820000,2551.732000
label,MET5,TEXT,216.748000,2572.109000,246.892000,2575.395000,30.144000,3.286000,231.820000,2573.752000
label,METTPL,TEXT,216.641000,2681.229000,247.499000,2684.515000,30.858000,3.286000,232.070000,2682.872000
label,METTPL,TEXT,216.998000,2572.109000,247.142000,2575.395000,30.144000,3.286000,232.070000,2573.752000
label,MET4,TEXT,132.891000,2681.229000,163.749000,2684.515000,30.858000,3.286000,148.320000,2682.872000
label,MET4,TEXT,133.105000,2704.299000,163.535000,2707.585000,30.430000,3.286000,148.320000,2705.942000
label,MET4,TEXT,133.105000,2550.089000,163.535000,2553.375000,30.430000,3.286000,148.320000,2551.732000
label,MET4,TEXT,133.248000,2572.109000,163.392000,2575.395000,30.144000,3.286000,148.320000,2573.752000
label,MET5,TEXT,132.891000,2681.229000,163.749000,2684.515000,30.858000,3.286000,148.320000,2682.872000
label,MET5,TEXT,133.105000,2704.299000,163.535000,2707.585000,30.430000,3.286000,148.320000,2705.942000
label,MET5,TEXT,133.105000,2550.089000,163.535000,2553.375000,30.430000,3.286000,148.320000,2551.732000
label,MET5,TEXT,133.248000,2572.109000,163.392000,2575.395000,30.144000,3.286000,148.320000,2573.752000
label,METTPL,TEXT,132.641000,2681.229000,163.499000,2684.515000,30.858000,3.286000,148.070000,2682.872000
label,METTPL,TEXT,132.998000,2572.109000,163.142000,2575.395000,30.144000,3.286000,148.070000,2573.752000
label,METTPL,TEXT,216.855000,2704.544000,247.285000,2707.830000,30.430000,3.286000,232.070000,2706.187000
label,METTPL,TEXT,132.855000,2704.544000,163.285000,2707.830000,30.430000,3.286000,148.070000,2706.187000
label,METTPL,TEXT,216.855000,2549.839000,247.285000,2553.125000,30.430000,3.286000,232.070000,2551.482000
label,METTPL,TEXT,132.855000,2549.839000,163.285000,2553.125000,30.430000,3.286000,148.070000,2551.482000
label,METTPL,pin,39.105000,2549.489000,69.535000,2552.775000,30.430000,3.286000,54.320000,2551.132000
label,METTPL,pin,114.891000,2549.489000,160.749000,2552.775000,45.858000,3.286000,137.820000,2551.132000
label,METTPL,pin,23.676000,2704.669000,84.964000,2707.955000,61.288000,3.286000,54.320000,2706.312000
label,METTPL,pin,99.462000,2704.669000,176.178000,2707.955000,76.716000,3.286000,137.820000,2706.312000
label,MET5,pin,-7.181000,2549.739000,115.821000,2553.025000,123.002000,3.286000,54.320000,2551.382000
label,MET5,pin,-14.895000,2704.299000,123.535000,2707.585000,138.430000,3.286000,54.320000,2705.942000
label,MET4,pin,-22.609000,2549.739000,131.249000,2553.025000,153.858000,3.286000,54.320000,2551.382000
label,MET4,pin,-30.324000,2704.299000,138.964000,2707.585000,169.288000,3.286000,54.320000,2705.942000
label,MET5,pin,6.891000,2549.739000,268.749000,2553.025000,261.858000,3.286000,137.820000,2551.382000
label,MET5,pin,-0.824000,2704.299000,276.464000,2707.585000,277.288000,3.286000,137.820000,2705.942000
label,MET4,pin,-8.538000,2549.739000,284.178000,2553.025000,292.716000,3.286000,137.820000,2551.382000
label,MET4,pin,-16.252000,2704.299000,291.892000,2707.585000,308.144000,3.286000,137.820000,2705.942000
label,MET4,TEXT,122.391000,2681.229000,153.249000,2684.515000,30.858000,3.286000,137.820000,2682.872000
label,MET4,TEXT,122.605000,2704.299000,153.035000,2707.585000,30.430000,3.286000,137.820000,2705.942000
label,MET4,TEXT,122.605000,2550.089000,153.035000,2553.375000,30.430000,3.286000,137.820000,2551.732000
label,MET4,TEXT,122.748000,2572.109000,152.892000,2575.395000,30.144000,3.286000,137.820000,2573.752000
label,MET5,TEXT,122.391000,2681.229000,153.249000,2684.515000,30.858000,3.286000,137.820000,2682.872000
label,MET5,TEXT,122.605000,2704.299000,153.035000,2707.585000,30.430000,3.286000,137.820000,2705.942000
label,MET5,TEXT,122.605000,2550.089000,153.035000,2553.375000,30.430000,3.286000,137.820000,2551.732000
label,MET5,TEXT,122.748000,2572.109000,152.892000,2575.395000,30.144000,3.286000,137.820000,2573.752000
label,METTPL,TEXT,122.641000,2681.229000,153.499000,2684.515000,30.858000,3.286000,138.070000,2682.872000
label,METTPL,TEXT,122.998000,2572.109000,153.142000,2575.395000,30.144000,3.286000,138.070000,2573.752000
label,MET4,TEXT,38.891000,2681.229000,69.749000,2684.515000,30.858000,3.286000,54.320000,2682.872000
label,MET4,TEXT,39.105000,2704.299000,69.535000,2707.585000,30.430000,3.286000,54.320000,2705.942000
label,MET4,TEXT,39.105000,2550.089000,69.535000,2553.375000,30.430000,3.286000,54.320000,2551.732000
label,MET4,TEXT,39.248000,2572.109000,69.392000,2575.395000,30.144000,3.286000,54.320000,2573.752000
label,MET5,TEXT,38.891000,2681.229000,69.749000,2684.515000,30.858000,3.286000,54.320000,2682.872000
label,MET5,TEXT,39.105000,2704.299000,69.535000,2707.585000,30.430000,3.286000,54.320000,2705.942000
label,MET5,TEXT,39.105000,2550.089000,69.535000,2553.375000,30.430000,3.286000,54.320000,2551.732000
label,MET5,TEXT,39.248000,2572.109000,69.392000,2575.395000,30.144000,3.286000,54.320000,2573.752000
label,METTPL,TEXT,38.641000,2681.229000,69.499000,2684.515000,30.858000,3.286000,54.070000,2682.872000
label,METTPL,TEXT,38.998000,2572.109000,69.142000,2575.395000,30.144000,3.286000,54.070000,2573.752000
label,METTPL,TEXT,122.855000,2704.544000,153.285000,2707.830000,30.430000,3.286000,138.070000,2706.187000
label,METTPL,TEXT,38.855000,2704.544000,69.285000,2707.830000,30.430000,3.286000,54.070000,2706.187000
label,METTPL,TEXT,122.855000,2549.839000,153.285000,2553.125000,30.430000,3.286000,138.070000,2551.482000
label,METTPL,TEXT,38.855000,2549.839000,69.285000,2553.125000,30.430000,3.286000,54.070000,2551.482000
label,METTPL,pin,-97.966000,2572.109000,-73.394000,2575.395000,24.572000,3.286000,-85.680000,2573.752000
label,METTPL,pin,23.962000,2572.109000,63.678000,2575.395000,39.716000,3.286000,43.820000,2573.752000
label,MET5,pin,-105.824000,2704.299000,-65.536000,2707.585000,40.288000,3.286000,-85.680000,2705.942000
label,MET4,pin,-113.538000,2704.299000,-57.822000,2707.585000,55.716000,3.286000,-85.680000,2705.942000
label,MET4,pin,-121.252000,2549.739000,-50.108000,2553.025000,71.144000,3.286000,-85.680000,2551.382000
label,MET5,pin,-136.681000,2549.739000,-34.679000,2553.025000,102.002000,3.286000,-85.680000,2551.382000
label,METTPL,pin,-159.824000,2549.489000,-11.536000,2552.775000,148.288000,3.286000,-85.680000,2551.132000
label,METTPL,pin,-175.252000,2704.669000,3.892000,2707.955000,179.144000,3.286000,-85.680000,2706.312000
label,METTPL,pin,-53.466000,2704.669000,141.106000,2707.955000,194.572000,3.286000,43.820000,2706.312000
label,MET5,pin,-68.895000,2704.299000,156.535000,2707.585000,225.430000,3.286000,43.820000,2705.942000
label,MET4,pin,-76.609000,2704.299000,164.249000,2707.585000,240.858000,3.286000,43.820000,2705.942000
label,METTPL,pin,-99.752000,2549.489000,187.392000,2552.775000,287.144000,3.286000,43.820000,2551.132000
label,MET5,pin,-115.181000,2549.739000,202.821000,2553.025000,318.002000,3.286000,43.820000,2551.382000
label,MET4,pin,-122.895000,2549.739000,210.535000,2553.025000,333.430000,3.286000,43.820000,2551.382000
label,METTPL,pin,-98.324000,2681.229000,-73.036000,2684.515000,25.288000,3.286000,-85.680000,2682.872000
label,METTPL,pin,23.248000,2681.229000,64.392000,2684.515000,41.144000,3.286000,43.820000,2682.872000
label,METTPL,TEXT,-98.359000,2704.544000,-73.501000,2707.830000,24.858000,3.286000,-85.930000,2706.187000
label,MET4,TEXT,31.176000,2681.229000,56.464000,2684.515000,25.288000,3.286000,43.820000,2682.872000
label,MET4,TEXT,31.534000,2572.109000,56.106000,2575.395000,24.572000,3.286000,43.820000,2573.752000
label,MET5,TEXT,31.176000,2681.229000,56.464000,2684.515000,25.288000,3.286000,43.820000,2682.872000
label,MET5,TEXT,31.534000,2572.109000,56.106000,2575.395000,24.572000,3.286000,43.820000,2573.752000
label,MET4,TEXT,-98.324000,2681.229000,-73.036000,2684.515000,25.288000,3.286000,-85.680000,2682.872000
label,MET5,TEXT,-98.324000,2681.229000,-73.036000,2684.515000,25.288000,3.286000,-85.680000,2682.872000
label,METTPL,TEXT,31.166000,2683.129000,56.454000,2686.415000,25.288000,3.286000,43.810000,2684.772000
label,MET5,TEXT,-98.109000,2550.089000,-73.251000,2553.375000,24.858000,3.286000,-85.680000,2551.732000
label,METTPL,TEXT,-98.216000,2572.109000,-73.644000,2575.395000,24.572000,3.286000,-85.930000,2573.752000
label,MET4,TEXT,31.391000,2550.089000,56.249000,2553.375000,24.858000,3.286000,43.820000,2551.732000
label,METTPL,TEXT,-98.359000,2549.839000,-73.501000,2553.125000,24.858000,3.286000,-85.930000,2551.482000
label,METTPL,TEXT,-98.314000,2683.129000,-73.026000,2686.415000,25.288000,3.286000,-85.670000,2684.772000
label,METTPL,TEXT,31.641000,2704.544000,56.499000,2707.830000,24.858000,3.286000,44.070000,2706.187000
label,MET5,TEXT,-98.109000,2704.299000,-73.251000,2707.585000,24.858000,3.286000,-85.680000,2705.942000
label,MET5,TEXT,31.391000,2704.299000,56.249000,2707.585000,24.858000,3.286000,43.820000,2705.942000
label,METTPL,TEXT,31.641000,2549.839000,56.499000,2553.125000,24.858000,3.286000,44.070000,2551.482000
label,MET4,TEXT,31.391000,2704.299000,56.249000,2707.585000,24.858000,3.286000,43.820000,2705.942000
label,MET5,TEXT,31.391000,2550.089000,56.249000,2553.375000,24.858000,3.286000,43.820000,2551.732000
label,MET4,TEXT,-98.109000,2550.089000,-73.251000,2553.375000,24.858000,3.286000,-85.680000,2551.732000
label,MET4,TEXT,-98.109000,2704.299000,-73.251000,2707.585000,24.858000,3.286000,-85.680000,2705.942000
label,MET5,TEXT,-97.966000,2572.109000,-73.394000,2575.395000,24.572000,3.286000,-85.680000,2573.752000
label,METTPL,TEXT,31.784000,2572.109000,56.356000,2575.395000,24.572000,3.286000,44.070000,2573.752000
label,MET4,TEXT,-97.966000,2572.109000,-73.394000,2575.395000,24.572000,3.286000,-85.680000,2573.752000
label,METTPL,pin,-157.965000,2443.619000,-127.535000,2446.905000,30.430000,3.286000,-142.750000,2445.262000
label,METTPL,pin,-165.679000,2527.119000,-119.821000,2530.405000,45.858000,3.286000,-142.750000,2528.762000
label,METTPL,pin,-328.574000,2443.619000,-267.286000,2446.905000,61.288000,3.286000,-297.930000,2445.262000
label,METTPL,pin,-336.288000,2527.119000,-259.572000,2530.405000,76.716000,3.286000,-297.930000,2528.762000
label,MET5,pin,-204.501000,2443.619000,-81.499000,2446.905000,123.002000,3.286000,-143.000000,2445.262000
label,MET5,pin,-366.775000,2443.619000,-228.345000,2446.905000,138.430000,3.286000,-297.560000,2445.262000
label,MET4,pin,-219.929000,2443.619000,-66.071000,2446.905000,153.858000,3.286000,-143.000000,2445.262000
label,MET4,pin,-382.204000,2443.619000,-212.916000,2446.905000,169.288000,3.286000,-297.560000,2445.262000
label,MET5,pin,-273.929000,2527.119000,-12.071000,2530.405000,261.858000,3.286000,-143.000000,2528.762000
label,MET5,pin,-436.204000,2527.119000,-158.916000,2530.405000,277.288000,3.286000,-297.560000,2528.762000
label,MET4,pin,-289.358000,2527.119000,3.358000,2530.405000,292.716000,3.286000,-143.000000,2528.762000
label,MET4,pin,-451.632000,2527.119000,-143.488000,2530.405000,308.144000,3.286000,-297.560000,2528.762000
label,MET4,TEXT,-289.919000,2527.119000,-259.061000,2530.405000,30.858000,3.286000,-274.490000,2528.762000
label,MET4,TEXT,-312.775000,2527.119000,-282.345000,2530.405000,30.430000,3.286000,-297.560000,2528.762000
label,MET4,TEXT,-158.565000,2527.119000,-128.135000,2530.405000,30.430000,3.286000,-143.350000,2528.762000
label,MET4,TEXT,-180.442000,2527.119000,-150.298000,2530.405000,30.144000,3.286000,-165.370000,2528.762000
label,MET5,TEXT,-289.919000,2527.119000,-259.061000,2530.405000,30.858000,3.286000,-274.490000,2528.762000
label,MET5,TEXT,-312.775000,2527.119000,-282.345000,2530.405000,30.430000,3.286000,-297.560000,2528.762000
label,MET5,TEXT,-158.565000,2527.119000,-128.135000,2530.405000,30.430000,3.286000,-143.350000,2528.762000
label,MET5,TEXT,-180.442000,2527.119000,-150.298000,2530.405000,30.144000,3.286000,-165.370000,2528.762000
label,METTPL,TEXT,-289.919000,2527.369000,-259.061000,2530.655000,30.858000,3.286000,-274.490000,2529.012000
label,METTPL,TEXT,-180.442000,2527.369000,-150.298000,2530.655000,30.144000,3.286000,-165.370000,2529.012000
label,MET4,TEXT,-289.919000,2443.619000,-259.061000,2446.905000,30.858000,3.286000,-274.490000,2445.262000
label,MET4,TEXT,-312.775000,2443.619000,-282.345000,2446.905000,30.430000,3.286000,-297.560000,2445.262000
label,MET4,TEXT,-158.565000,2443.619000,-128.135000,2446.905000,30.430000,3.286000,-143.350000,2445.262000
label,MET4,TEXT,-180.442000,2443.619000,-150.298000,2446.905000,30.144000,3.286000,-165.370000,2445.262000
label,MET5,TEXT,-289.919000,2443.619000,-259.061000,2446.905000,30.858000,3.286000,-274.490000,2445.262000
label,MET5,TEXT,-312.775000,2443.619000,-282.345000,2446.905000,30.430000,3.286000,-297.560000,2445.262000
label,MET5,TEXT,-158.565000,2443.619000,-128.135000,2446.905000,30.430000,3.286000,-143.350000,2445.262000
label,MET5,TEXT,-180.442000,2443.619000,-150.298000,2446.905000,30.144000,3.286000,-165.370000,2445.262000
label,METTPL,TEXT,-289.919000,2443.369000,-259.061000,2446.655000,30.858000,3.286000,-274.490000,2445.012000
label,METTPL,TEXT,-180.442000,2443.369000,-150.298000,2446.655000,30.144000,3.286000,-165.370000,2445.012000
label,METTPL,TEXT,-313.020000,2527.369000,-282.590000,2530.655000,30.430000,3.286000,-297.805000,2529.012000
label,METTPL,TEXT,-313.020000,2443.369000,-282.590000,2446.655000,30.430000,3.286000,-297.805000,2445.012000
label,METTPL,TEXT,-158.315000,2527.369000,-127.885000,2530.655000,30.430000,3.286000,-143.100000,2529.012000
label,METTPL,TEXT,-158.315000,2443.369000,-127.885000,2446.655000,30.430000,3.286000,-143.100000,2445.012000
label,METTPL,pin,-157.965000,2349.619000,-127.535000,2352.905000,30.430000,3.286000,-142.750000,2351.262000
label,METTPL,pin,-165.679000,2433.119000,-119.821000,2436.405000,45.858000,3.286000,-142.750000,2434.762000
label,METTPL,pin,-328.574000,2349.619000,-267.286000,2352.905000,61.288000,3.286000,-297.930000,2351.262000
label,METTPL,pin,-336.288000,2433.119000,-259.572000,2436.405000,76.716000,3.286000,-297.930000,2434.762000
label,MET5,pin,-204.501000,2349.619000,-81.499000,2352.905000,123.002000,3.286000,-143.000000,2351.262000
label,MET5,pin,-366.775000,2349.619000,-228.345000,2352.905000,138.430000,3.286000,-297.560000,2351.262000
label,MET4,pin,-219.929000,2349.619000,-66.071000,2352.905000,153.858000,3.286000,-143.000000,2351.262000
label,MET4,pin,-382.204000,2349.619000,-212.916000,2352.905000,169.288000,3.286000,-297.560000,2351.262000
label,MET5,pin,-273.929000,2433.119000,-12.071000,2436.405000,261.858000,3.286000,-143.000000,2434.762000
label,MET5,pin,-436.204000,2433.119000,-158.916000,2436.405000,277.288000,3.286000,-297.560000,2434.762000
label,MET4,pin,-289.358000,2433.119000,3.358000,2436.405000,292.716000,3.286000,-143.000000,2434.762000
label,MET4,pin,-451.632000,2433.119000,-143.488000,2436.405000,308.144000,3.286000,-297.560000,2434.762000
label,MET4,TEXT,-289.919000,2433.119000,-259.061000,2436.405000,30.858000,3.286000,-274.490000,2434.762000
label,MET4,TEXT,-312.775000,2433.119000,-282.345000,2436.405000,30.430000,3.286000,-297.560000,2434.762000
label,MET4,TEXT,-158.565000,2433.119000,-128.135000,2436.405000,30.430000,3.286000,-143.350000,2434.762000
label,MET4,TEXT,-180.442000,2433.119000,-150.298000,2436.405000,30.144000,3.286000,-165.370000,2434.762000
label,MET5,TEXT,-289.919000,2433.119000,-259.061000,2436.405000,30.858000,3.286000,-274.490000,2434.762000
label,MET5,TEXT,-312.775000,2433.119000,-282.345000,2436.405000,30.430000,3.286000,-297.560000,2434.762000
label,MET5,TEXT,-158.565000,2433.119000,-128.135000,2436.405000,30.430000,3.286000,-143.350000,2434.762000
label,MET5,TEXT,-180.442000,2433.119000,-150.298000,2436.405000,30.144000,3.286000,-165.370000,2434.762000
label,METTPL,TEXT,-289.919000,2433.369000,-259.061000,2436.655000,30.858000,3.286000,-274.490000,2435.012000
label,METTPL,TEXT,-180.442000,2433.369000,-150.298000,2436.655000,30.144000,3.286000,-165.370000,2435.012000
label,MET4,TEXT,-289.919000,2349.619000,-259.061000,2352.905000,30.858000,3.286000,-274.490000,2351.262000
label,MET4,TEXT,-312.775000,2349.619000,-282.345000,2352.905000,30.430000,3.286000,-297.560000,2351.262000
label,MET4,TEXT,-158.565000,2349.619000,-128.135000,2352.905000,30.430000,3.286000,-143.350000,2351.262000
label,MET4,TEXT,-180.442000,2349.619000,-150.298000,2352.905000,30.144000,3.286000,-165.370000,2351.262000
label,MET5,TEXT,-289.919000,2349.619000,-259.061000,2352.905000,30.858000,3.286000,-274.490000,2351.262000
label,MET5,TEXT,-312.775000,2349.619000,-282.345000,2352.905000,30.430000,3.286000,-297.560000,2351.262000
label,MET5,TEXT,-158.565000,2349.619000,-128.135000,2352.905000,30.430000,3.286000,-143.350000,2351.262000
label,MET5,TEXT,-180.442000,2349.619000,-150.298000,2352.905000,30.144000,3.286000,-165.370000,2351.262000
label,METTPL,TEXT,-289.919000,2349.369000,-259.061000,2352.655000,30.858000,3.286000,-274.490000,2351.012000
label,METTPL,TEXT,-180.442000,2349.369000,-150.298000,2352.655000,30.144000,3.286000,-165.370000,2351.012000
label,METTPL,TEXT,-313.020000,2433.369000,-282.590000,2436.655000,30.430000,3.286000,-297.805000,2435.012000
label,METTPL,TEXT,-313.020000,2349.369000,-282.590000,2352.655000,30.430000,3.286000,-297.805000,2351.012000
label,METTPL,TEXT,-158.315000,2433.369000,-127.885000,2436.655000,30.430000,3.286000,-143.100000,2435.012000
label,METTPL,TEXT,-158.315000,2349.369000,-127.885000,2352.655000,30.430000,3.286000,-143.100000,2351.012000
label,METTPL,pin,-157.965000,2255.619000,-127.535000,2258.905000,30.430000,3.286000,-142.750000,2257.262000
label,METTPL,pin,-165.679000,2339.119000,-119.821000,2342.405000,45.858000,3.286000,-142.750000,2340.762000
label,METTPL,pin,-328.574000,2255.619000,-267.286000,2258.905000,61.288000,3.286000,-297.930000,2257.262000
label,METTPL,pin,-336.288000,2339.119000,-259.572000,2342.405000,76.716000,3.286000,-297.930000,2340.762000
label,MET5,pin,-204.501000,2255.619000,-81.499000,2258.905000,123.002000,3.286000,-143.000000,2257.262000
label,MET5,pin,-366.775000,2255.619000,-228.345000,2258.905000,138.430000,3.286000,-297.560000,2257.262000
label,MET4,pin,-219.929000,2255.619000,-66.071000,2258.905000,153.858000,3.286000,-143.000000,2257.262000
label,MET4,pin,-382.204000,2255.619000,-212.916000,2258.905000,169.288000,3.286000,-297.560000,2257.262000
label,MET5,pin,-273.929000,2339.119000,-12.071000,2342.405000,261.858000,3.286000,-143.000000,2340.762000
label,MET5,pin,-436.204000,2339.119000,-158.916000,2342.405000,277.288000,3.286000,-297.560000,2340.762000
label,MET4,pin,-289.358000,2339.119000,3.358000,2342.405000,292.716000,3.286000,-143.000000,2340.762000
label,MET4,pin,-451.632000,2339.119000,-143.488000,2342.405000,308.144000,3.286000,-297.560000,2340.762000
label,MET4,TEXT,-289.919000,2339.119000,-259.061000,2342.405000,30.858000,3.286000,-274.490000,2340.762000
label,MET4,TEXT,-312.775000,2339.119000,-282.345000,2342.405000,30.430000,3.286000,-297.560000,2340.762000
label,MET4,TEXT,-158.565000,2339.119000,-128.135000,2342.405000,30.430000,3.286000,-143.350000,2340.762000
label,MET4,TEXT,-180.442000,2339.119000,-150.298000,2342.405000,30.144000,3.286000,-165.370000,2340.762000
label,MET5,TEXT,-289.919000,2339.119000,-259.061000,2342.405000,30.858000,3.286000,-274.490000,2340.762000
label,MET5,TEXT,-312.775000,2339.119000,-282.345000,2342.405000,30.430000,3.286000,-297.560000,2340.762000
label,MET5,TEXT,-158.565000,2339.119000,-128.135000,2342.405000,30.430000,3.286000,-143.350000,2340.762000
label,MET5,TEXT,-180.442000,2339.119000,-150.298000,2342.405000,30.144000,3.286000,-165.370000,2340.762000
label,METTPL,TEXT,-289.919000,2339.369000,-259.061000,2342.655000,30.858000,3.286000,-274.490000,2341.012000
label,METTPL,TEXT,-180.442000,2339.369000,-150.298000,2342.655000,30.144000,3.286000,-165.370000,2341.012000
label,MET4,TEXT,-289.919000,2255.619000,-259.061000,2258.905000,30.858000,3.286000,-274.490000,2257.262000
label,MET4,TEXT,-312.775000,2255.619000,-282.345000,2258.905000,30.430000,3.286000,-297.560000,2257.262000
label,MET4,TEXT,-158.565000,2255.619000,-128.135000,2258.905000,30.430000,3.286000,-143.350000,2257.262000
label,MET4,TEXT,-180.442000,2255.619000,-150.298000,2258.905000,30.144000,3.286000,-165.370000,2257.262000
label,MET5,TEXT,-289.919000,2255.619000,-259.061000,2258.905000,30.858000,3.286000,-274.490000,2257.262000
label,MET5,TEXT,-312.775000,2255.619000,-282.345000,2258.905000,30.430000,3.286000,-297.560000,2257.262000
label,MET5,TEXT,-158.565000,2255.619000,-128.135000,2258.905000,30.430000,3.286000,-143.350000,2257.262000
label,MET5,TEXT,-180.442000,2255.619000,-150.298000,2258.905000,30.144000,3.286000,-165.370000,2257.262000
label,METTPL,TEXT,-289.919000,2255.369000,-259.061000,2258.655000,30.858000,3.286000,-274.490000,2257.012000
label,METTPL,TEXT,-180.442000,2255.369000,-150.298000,2258.655000,30.144000,3.286000,-165.370000,2257.012000
label,METTPL,TEXT,-313.020000,2339.369000,-282.590000,2342.655000,30.430000,3.286000,-297.805000,2341.012000
label,METTPL,TEXT,-313.020000,2255.369000,-282.590000,2258.655000,30.430000,3.286000,-297.805000,2257.012000
label,METTPL,TEXT,-158.315000,2339.369000,-127.885000,2342.655000,30.430000,3.286000,-143.100000,2341.012000
label,METTPL,TEXT,-158.315000,2255.369000,-127.885000,2258.655000,30.430000,3.286000,-143.100000,2257.012000
label,METTPL,pin,-157.965000,2161.619000,-127.535000,2164.905000,30.430000,3.286000,-142.750000,2163.262000
label,METTPL,pin,-165.679000,2245.119000,-119.821000,2248.405000,45.858000,3.286000,-142.750000,2246.762000
label,METTPL,pin,-328.574000,2161.619000,-267.286000,2164.905000,61.288000,3.286000,-297.930000,2163.262000
label,METTPL,pin,-336.288000,2245.119000,-259.572000,2248.405000,76.716000,3.286000,-297.930000,2246.762000
label,MET5,pin,-204.501000,2161.619000,-81.499000,2164.905000,123.002000,3.286000,-143.000000,2163.262000
label,MET5,pin,-366.775000,2161.619000,-228.345000,2164.905000,138.430000,3.286000,-297.560000,2163.262000
label,MET4,pin,-219.929000,2161.619000,-66.071000,2164.905000,153.858000,3.286000,-143.000000,2163.262000
label,MET4,pin,-382.204000,2161.619000,-212.916000,2164.905000,169.288000,3.286000,-297.560000,2163.262000
label,MET5,pin,-273.929000,2245.119000,-12.071000,2248.405000,261.858000,3.286000,-143.000000,2246.762000
label,MET5,pin,-436.204000,2245.119000,-158.916000,2248.405000,277.288000,3.286000,-297.560000,2246.762000
label,MET4,pin,-289.358000,2245.119000,3.358000,2248.405000,292.716000,3.286000,-143.000000,2246.762000
label,MET4,pin,-451.632000,2245.119000,-143.488000,2248.405000,308.144000,3.286000,-297.560000,2246.762000
label,MET4,TEXT,-289.919000,2245.119000,-259.061000,2248.405000,30.858000,3.286000,-274.490000,2246.762000
label,MET4,TEXT,-312.775000,2245.119000,-282.345000,2248.405000,30.430000,3.286000,-297.560000,2246.762000
label,MET4,TEXT,-158.565000,2245.119000,-128.135000,2248.405000,30.430000,3.286000,-143.350000,2246.762000
label,MET4,TEXT,-180.442000,2245.119000,-150.298000,2248.405000,30.144000,3.286000,-165.370000,2246.762000
label,MET5,TEXT,-289.919000,2245.119000,-259.061000,2248.405000,30.858000,3.286000,-274.490000,2246.762000
label,MET5,TEXT,-312.775000,2245.119000,-282.345000,2248.405000,30.430000,3.286000,-297.560000,2246.762000
label,MET5,TEXT,-158.565000,2245.119000,-128.135000,2248.405000,30.430000,3.286000,-143.350000,2246.762000
label,MET5,TEXT,-180.442000,2245.119000,-150.298000,2248.405000,30.144000,3.286000,-165.370000,2246.762000
label,METTPL,TEXT,-289.919000,2245.369000,-259.061000,2248.655000,30.858000,3.286000,-274.490000,2247.012000
label,METTPL,TEXT,-180.442000,2245.369000,-150.298000,2248.655000,30.144000,3.286000,-165.370000,2247.012000
label,MET4,TEXT,-289.919000,2161.619000,-259.061000,2164.905000,30.858000,3.286000,-274.490000,2163.262000
label,MET4,TEXT,-312.775000,2161.619000,-282.345000,2164.905000,30.430000,3.286000,-297.560000,2163.262000
label,MET4,TEXT,-158.565000,2161.619000,-128.135000,2164.905000,30.430000,3.286000,-143.350000,2163.262000
label,MET4,TEXT,-180.442000,2161.619000,-150.298000,2164.905000,30.144000,3.286000,-165.370000,2163.262000
label,MET5,TEXT,-289.919000,2161.619000,-259.061000,2164.905000,30.858000,3.286000,-274.490000,2163.262000
label,MET5,TEXT,-312.775000,2161.619000,-282.345000,2164.905000,30.430000,3.286000,-297.560000,2163.262000
label,MET5,TEXT,-158.565000,2161.619000,-128.135000,2164.905000,30.430000,3.286000,-143.350000,2163.262000
label,MET5,TEXT,-180.442000,2161.619000,-150.298000,2164.905000,30.144000,3.286000,-165.370000,2163.262000
label,METTPL,TEXT,-289.919000,2161.369000,-259.061000,2164.655000,30.858000,3.286000,-274.490000,2163.012000
label,METTPL,TEXT,-180.442000,2161.369000,-150.298000,2164.655000,30.144000,3.286000,-165.370000,2163.012000
label,METTPL,TEXT,-313.020000,2245.369000,-282.590000,2248.655000,30.430000,3.286000,-297.805000,2247.012000
label,METTPL,TEXT,-313.020000,2161.369000,-282.590000,2164.655000,30.430000,3.286000,-297.805000,2163.012000
label,METTPL,TEXT,-158.315000,2245.369000,-127.885000,2248.655000,30.430000,3.286000,-143.100000,2247.012000
label,METTPL,TEXT,-158.315000,2161.369000,-127.885000,2164.655000,30.430000,3.286000,-143.100000,2163.012000
label,METTPL,pin,-157.965000,2067.619000,-127.535000,2070.905000,30.430000,3.286000,-142.750000,2069.262000
label,METTPL,pin,-165.679000,2151.119000,-119.821000,2154.405000,45.858000,3.286000,-142.750000,2152.762000
label,METTPL,pin,-328.574000,2067.619000,-267.286000,2070.905000,61.288000,3.286000,-297.930000,2069.262000
label,METTPL,pin,-336.288000,2151.119000,-259.572000,2154.405000,76.716000,3.286000,-297.930000,2152.762000
label,MET5,pin,-204.501000,2067.619000,-81.499000,2070.905000,123.002000,3.286000,-143.000000,2069.262000
label,MET5,pin,-366.775000,2067.619000,-228.345000,2070.905000,138.430000,3.286000,-297.560000,2069.262000
label,MET4,pin,-219.929000,2067.619000,-66.071000,2070.905000,153.858000,3.286000,-143.000000,2069.262000
label,MET4,pin,-382.204000,2067.619000,-212.916000,2070.905000,169.288000,3.286000,-297.560000,2069.262000
label,MET5,pin,-273.929000,2151.119000,-12.071000,2154.405000,261.858000,3.286000,-143.000000,2152.762000
label,MET5,pin,-436.204000,2151.119000,-158.916000,2154.405000,277.288000,3.286000,-297.560000,2152.762000
label,MET4,pin,-289.358000,2151.119000,3.358000,2154.405000,292.716000,3.286000,-143.000000,2152.762000
label,MET4,pin,-451.632000,2151.119000,-143.488000,2154.405000,308.144000,3.286000,-297.560000,2152.762000
label,MET4,TEXT,-289.919000,2151.119000,-259.061000,2154.405000,30.858000,3.286000,-274.490000,2152.762000
label,MET4,TEXT,-312.775000,2151.119000,-282.345000,2154.405000,30.430000,3.286000,-297.560000,2152.762000
label,MET4,TEXT,-158.565000,2151.119000,-128.135000,2154.405000,30.430000,3.286000,-143.350000,2152.762000
label,MET4,TEXT,-180.442000,2151.119000,-150.298000,2154.405000,30.144000,3.286000,-165.370000,2152.762000
label,MET5,TEXT,-289.919000,2151.119000,-259.061000,2154.405000,30.858000,3.286000,-274.490000,2152.762000
label,MET5,TEXT,-312.775000,2151.119000,-282.345000,2154.405000,30.430000,3.286000,-297.560000,2152.762000
label,MET5,TEXT,-158.565000,2151.119000,-128.135000,2154.405000,30.430000,3.286000,-143.350000,2152.762000
label,MET5,TEXT,-180.442000,2151.119000,-150.298000,2154.405000,30.144000,3.286000,-165.370000,2152.762000
label,METTPL,TEXT,-289.919000,2151.369000,-259.061000,2154.655000,30.858000,3.286000,-274.490000,2153.012000
label,METTPL,TEXT,-180.442000,2151.369000,-150.298000,2154.655000,30.144000,3.286000,-165.370000,2153.012000
label,MET4,TEXT,-289.919000,2067.619000,-259.061000,2070.905000,30.858000,3.286000,-274.490000,2069.262000
label,MET4,TEXT,-312.775000,2067.619000,-282.345000,2070.905000,30.430000,3.286000,-297.560000,2069.262000
label,MET4,TEXT,-158.565000,2067.619000,-128.135000,2070.905000,30.430000,3.286000,-143.350000,2069.262000
label,MET4,TEXT,-180.442000,2067.619000,-150.298000,2070.905000,30.144000,3.286000,-165.370000,2069.262000
label,MET5,TEXT,-289.919000,2067.619000,-259.061000,2070.905000,30.858000,3.286000,-274.490000,2069.262000
label,MET5,TEXT,-312.775000,2067.619000,-282.345000,2070.905000,30.430000,3.286000,-297.560000,2069.262000
label,MET5,TEXT,-158.565000,2067.619000,-128.135000,2070.905000,30.430000,3.286000,-143.350000,2069.262000
label,MET5,TEXT,-180.442000,2067.619000,-150.298000,2070.905000,30.144000,3.286000,-165.370000,2069.262000
label,METTPL,TEXT,-289.919000,2067.369000,-259.061000,2070.655000,30.858000,3.286000,-274.490000,2069.012000
label,METTPL,TEXT,-180.442000,2067.369000,-150.298000,2070.655000,30.144000,3.286000,-165.370000,2069.012000
label,METTPL,TEXT,-313.020000,2151.369000,-282.590000,2154.655000,30.430000,3.286000,-297.805000,2153.012000
label,METTPL,TEXT,-313.020000,2067.369000,-282.590000,2070.655000,30.430000,3.286000,-297.805000,2069.012000
label,METTPL,TEXT,-158.315000,2151.369000,-127.885000,2154.655000,30.430000,3.286000,-143.100000,2153.012000
label,METTPL,TEXT,-158.315000,2067.369000,-127.885000,2070.655000,30.430000,3.286000,-143.100000,2069.012000
label,METTPL,pin,-157.965000,1973.619000,-127.535000,1976.905000,30.430000,3.286000,-142.750000,1975.262000
label,METTPL,pin,-165.679000,2057.119000,-119.821000,2060.405000,45.858000,3.286000,-142.750000,2058.762000
label,METTPL,pin,-328.574000,1973.619000,-267.286000,1976.905000,61.288000,3.286000,-297.930000,1975.262000
label,METTPL,pin,-336.288000,2057.119000,-259.572000,2060.405000,76.716000,3.286000,-297.930000,2058.762000
label,MET5,pin,-204.501000,1973.619000,-81.499000,1976.905000,123.002000,3.286000,-143.000000,1975.262000
label,MET5,pin,-366.775000,1973.619000,-228.345000,1976.905000,138.430000,3.286000,-297.560000,1975.262000
label,MET4,pin,-219.929000,1973.619000,-66.071000,1976.905000,153.858000,3.286000,-143.000000,1975.262000
label,MET4,pin,-382.204000,1973.619000,-212.916000,1976.905000,169.288000,3.286000,-297.560000,1975.262000
label,MET5,pin,-273.929000,2057.119000,-12.071000,2060.405000,261.858000,3.286000,-143.000000,2058.762000
label,MET5,pin,-436.204000,2057.119000,-158.916000,2060.405000,277.288000,3.286000,-297.560000,2058.762000
label,MET4,pin,-289.358000,2057.119000,3.358000,2060.405000,292.716000,3.286000,-143.000000,2058.762000
label,MET4,pin,-451.632000,2057.119000,-143.488000,2060.405000,308.144000,3.286000,-297.560000,2058.762000
label,MET4,TEXT,-289.919000,2057.119000,-259.061000,2060.405000,30.858000,3.286000,-274.490000,2058.762000
label,MET4,TEXT,-312.775000,2057.119000,-282.345000,2060.405000,30.430000,3.286000,-297.560000,2058.762000
label,MET4,TEXT,-158.565000,2057.119000,-128.135000,2060.405000,30.430000,3.286000,-143.350000,2058.762000
label,MET4,TEXT,-180.442000,2057.119000,-150.298000,2060.405000,30.144000,3.286000,-165.370000,2058.762000
label,MET5,TEXT,-289.919000,2057.119000,-259.061000,2060.405000,30.858000,3.286000,-274.490000,2058.762000
label,MET5,TEXT,-312.775000,2057.119000,-282.345000,2060.405000,30.430000,3.286000,-297.560000,2058.762000
label,MET5,TEXT,-158.565000,2057.119000,-128.135000,2060.405000,30.430000,3.286000,-143.350000,2058.762000
label,MET5,TEXT,-180.442000,2057.119000,-150.298000,2060.405000,30.144000,3.286000,-165.370000,2058.762000
label,METTPL,TEXT,-289.919000,2057.369000,-259.061000,2060.655000,30.858000,3.286000,-274.490000,2059.012000
label,METTPL,TEXT,-180.442000,2057.369000,-150.298000,2060.655000,30.144000,3.286000,-165.370000,2059.012000
label,MET4,TEXT,-289.919000,1973.619000,-259.061000,1976.905000,30.858000,3.286000,-274.490000,1975.262000
label,MET4,TEXT,-312.775000,1973.619000,-282.345000,1976.905000,30.430000,3.286000,-297.560000,1975.262000
label,MET4,TEXT,-158.565000,1973.619000,-128.135000,1976.905000,30.430000,3.286000,-143.350000,1975.262000
label,MET4,TEXT,-180.442000,1973.619000,-150.298000,1976.905000,30.144000,3.286000,-165.370000,1975.262000
label,MET5,TEXT,-289.919000,1973.619000,-259.061000,1976.905000,30.858000,3.286000,-274.490000,1975.262000
label,MET5,TEXT,-312.775000,1973.619000,-282.345000,1976.905000,30.430000,3.286000,-297.560000,1975.262000
label,MET5,TEXT,-158.565000,1973.619000,-128.135000,1976.905000,30.430000,3.286000,-143.350000,1975.262000
label,MET5,TEXT,-180.442000,1973.619000,-150.298000,1976.905000,30.144000,3.286000,-165.370000,1975.262000
label,METTPL,TEXT,-289.919000,1973.369000,-259.061000,1976.655000,30.858000,3.286000,-274.490000,1975.012000
label,METTPL,TEXT,-180.442000,1973.369000,-150.298000,1976.655000,30.144000,3.286000,-165.370000,1975.012000
label,METTPL,TEXT,-313.020000,2057.369000,-282.590000,2060.655000,30.430000,3.286000,-297.805000,2059.012000
label,METTPL,TEXT,-313.020000,1973.369000,-282.590000,1976.655000,30.430000,3.286000,-297.805000,1975.012000
label,METTPL,TEXT,-158.315000,2057.369000,-127.885000,2060.655000,30.430000,3.286000,-143.100000,2059.012000
label,METTPL,TEXT,-158.315000,1973.369000,-127.885000,1976.655000,30.430000,3.286000,-143.100000,1975.012000
label,METTPL,pin,-157.965000,1879.619000,-127.535000,1882.905000,30.430000,3.286000,-142.750000,1881.262000
label,METTPL,pin,-165.679000,1963.119000,-119.821000,1966.405000,45.858000,3.286000,-142.750000,1964.762000
label,METTPL,pin,-328.574000,1879.619000,-267.286000,1882.905000,61.288000,3.286000,-297.930000,1881.262000
label,METTPL,pin,-336.288000,1963.119000,-259.572000,1966.405000,76.716000,3.286000,-297.930000,1964.762000
label,MET5,pin,-204.501000,1879.619000,-81.499000,1882.905000,123.002000,3.286000,-143.000000,1881.262000
label,MET5,pin,-366.775000,1879.619000,-228.345000,1882.905000,138.430000,3.286000,-297.560000,1881.262000
label,MET4,pin,-219.929000,1879.619000,-66.071000,1882.905000,153.858000,3.286000,-143.000000,1881.262000
label,MET4,pin,-382.204000,1879.619000,-212.916000,1882.905000,169.288000,3.286000,-297.560000,1881.262000
label,MET5,pin,-273.929000,1963.119000,-12.071000,1966.405000,261.858000,3.286000,-143.000000,1964.762000
label,MET5,pin,-436.204000,1963.119000,-158.916000,1966.405000,277.288000,3.286000,-297.560000,1964.762000
label,MET4,pin,-289.358000,1963.119000,3.358000,1966.405000,292.716000,3.286000,-143.000000,1964.762000
label,MET4,pin,-451.632000,1963.119000,-143.488000,1966.405000,308.144000,3.286000,-297.560000,1964.762000
label,MET4,TEXT,-289.919000,1963.119000,-259.061000,1966.405000,30.858000,3.286000,-274.490000,1964.762000
label,MET4,TEXT,-312.775000,1963.119000,-282.345000,1966.405000,30.430000,3.286000,-297.560000,1964.762000
label,MET4,TEXT,-158.565000,1963.119000,-128.135000,1966.405000,30.430000,3.286000,-143.350000,1964.762000
label,MET4,TEXT,-180.442000,1963.119000,-150.298000,1966.405000,30.144000,3.286000,-165.370000,1964.762000
label,MET5,TEXT,-289.919000,1963.119000,-259.061000,1966.405000,30.858000,3.286000,-274.490000,1964.762000
label,MET5,TEXT,-312.775000,1963.119000,-282.345000,1966.405000,30.430000,3.286000,-297.560000,1964.762000
label,MET5,TEXT,-158.565000,1963.119000,-128.135000,1966.405000,30.430000,3.286000,-143.350000,1964.762000
label,MET5,TEXT,-180.442000,1963.119000,-150.298000,1966.405000,30.144000,3.286000,-165.370000,1964.762000
label,METTPL,TEXT,-289.919000,1963.369000,-259.061000,1966.655000,30.858000,3.286000,-274.490000,1965.012000
label,METTPL,TEXT,-180.442000,1963.369000,-150.298000,1966.655000,30.144000,3.286000,-165.370000,1965.012000
label,MET4,TEXT,-289.919000,1879.619000,-259.061000,1882.905000,30.858000,3.286000,-274.490000,1881.262000
label,MET4,TEXT,-312.775000,1879.619000,-282.345000,1882.905000,30.430000,3.286000,-297.560000,1881.262000
label,MET4,TEXT,-158.565000,1879.619000,-128.135000,1882.905000,30.430000,3.286000,-143.350000,1881.262000
label,MET4,TEXT,-180.442000,1879.619000,-150.298000,1882.905000,30.144000,3.286000,-165.370000,1881.262000
label,MET5,TEXT,-289.919000,1879.619000,-259.061000,1882.905000,30.858000,3.286000,-274.490000,1881.262000
label,MET5,TEXT,-312.775000,1879.619000,-282.345000,1882.905000,30.430000,3.286000,-297.560000,1881.262000
label,MET5,TEXT,-158.565000,1879.619000,-128.135000,1882.905000,30.430000,3.286000,-143.350000,1881.262000
label,MET5,TEXT,-180.442000,1879.619000,-150.298000,1882.905000,30.144000,3.286000,-165.370000,1881.262000
label,METTPL,TEXT,-289.919000,1879.369000,-259.061000,1882.655000,30.858000,3.286000,-274.490000,1881.012000
label,METTPL,TEXT,-180.442000,1879.369000,-150.298000,1882.655000,30.144000,3.286000,-165.370000,1881.012000
label,METTPL,TEXT,-313.020000,1963.369000,-282.590000,1966.655000,30.430000,3.286000,-297.805000,1965.012000
label,METTPL,TEXT,-313.020000,1879.369000,-282.590000,1882.655000,30.430000,3.286000,-297.805000,1881.012000
label,METTPL,TEXT,-158.315000,1963.369000,-127.885000,1966.655000,30.430000,3.286000,-143.100000,1965.012000
label,METTPL,TEXT,-158.315000,1879.369000,-127.885000,1882.655000,30.430000,3.286000,-143.100000,1881.012000
label,METTPL,pin,-157.965000,1785.619000,-127.535000,1788.905000,30.430000,3.286000,-142.750000,1787.262000
label,METTPL,pin,-165.679000,1869.119000,-119.821000,1872.405000,45.858000,3.286000,-142.750000,1870.762000
label,METTPL,pin,-328.574000,1785.619000,-267.286000,1788.905000,61.288000,3.286000,-297.930000,1787.262000
label,METTPL,pin,-336.288000,1869.119000,-259.572000,1872.405000,76.716000,3.286000,-297.930000,1870.762000
label,MET5,pin,-204.501000,1785.619000,-81.499000,1788.905000,123.002000,3.286000,-143.000000,1787.262000
label,MET5,pin,-366.775000,1785.619000,-228.345000,1788.905000,138.430000,3.286000,-297.560000,1787.262000
label,MET4,pin,-219.929000,1785.619000,-66.071000,1788.905000,153.858000,3.286000,-143.000000,1787.262000
label,MET4,pin,-382.204000,1785.619000,-212.916000,1788.905000,169.288000,3.286000,-297.560000,1787.262000
label,MET5,pin,-273.929000,1869.119000,-12.071000,1872.405000,261.858000,3.286000,-143.000000,1870.762000
label,MET5,pin,-436.204000,1869.119000,-158.916000,1872.405000,277.288000,3.286000,-297.560000,1870.762000
label,MET4,pin,-289.358000,1869.119000,3.358000,1872.405000,292.716000,3.286000,-143.000000,1870.762000
label,MET4,pin,-451.632000,1869.119000,-143.488000,1872.405000,308.144000,3.286000,-297.560000,1870.762000
label,MET4,TEXT,-289.919000,1869.119000,-259.061000,1872.405000,30.858000,3.286000,-274.490000,1870.762000
label,MET4,TEXT,-312.775000,1869.119000,-282.345000,1872.405000,30.430000,3.286000,-297.560000,1870.762000
label,MET4,TEXT,-158.565000,1869.119000,-128.135000,1872.405000,30.430000,3.286000,-143.350000,1870.762000
label,MET4,TEXT,-180.442000,1869.119000,-150.298000,1872.405000,30.144000,3.286000,-165.370000,1870.762000
label,MET5,TEXT,-289.919000,1869.119000,-259.061000,1872.405000,30.858000,3.286000,-274.490000,1870.762000
label,MET5,TEXT,-312.775000,1869.119000,-282.345000,1872.405000,30.430000,3.286000,-297.560000,1870.762000
label,MET5,TEXT,-158.565000,1869.119000,-128.135000,1872.405000,30.430000,3.286000,-143.350000,1870.762000
label,MET5,TEXT,-180.442000,1869.119000,-150.298000,1872.405000,30.144000,3.286000,-165.370000,1870.762000
label,METTPL,TEXT,-289.919000,1869.369000,-259.061000,1872.655000,30.858000,3.286000,-274.490000,1871.012000
label,METTPL,TEXT,-180.442000,1869.369000,-150.298000,1872.655000,30.144000,3.286000,-165.370000,1871.012000
label,MET4,TEXT,-289.919000,1785.619000,-259.061000,1788.905000,30.858000,3.286000,-274.490000,1787.262000
label,MET4,TEXT,-312.775000,1785.619000,-282.345000,1788.905000,30.430000,3.286000,-297.560000,1787.262000
label,MET4,TEXT,-158.565000,1785.619000,-128.135000,1788.905000,30.430000,3.286000,-143.350000,1787.262000
label,MET4,TEXT,-180.442000,1785.619000,-150.298000,1788.905000,30.144000,3.286000,-165.370000,1787.262000
label,MET5,TEXT,-289.919000,1785.619000,-259.061000,1788.905000,30.858000,3.286000,-274.490000,1787.262000
label,MET5,TEXT,-312.775000,1785.619000,-282.345000,1788.905000,30.430000,3.286000,-297.560000,1787.262000
label,MET5,TEXT,-158.565000,1785.619000,-128.135000,1788.905000,30.430000,3.286000,-143.350000,1787.262000
label,MET5,TEXT,-180.442000,1785.619000,-150.298000,1788.905000,30.144000,3.286000,-165.370000,1787.262000
label,METTPL,TEXT,-289.919000,1785.369000,-259.061000,1788.655000,30.858000,3.286000,-274.490000,1787.012000
label,METTPL,TEXT,-180.442000,1785.369000,-150.298000,1788.655000,30.144000,3.286000,-165.370000,1787.012000
label,METTPL,TEXT,-313.020000,1869.369000,-282.590000,1872.655000,30.430000,3.286000,-297.805000,1871.012000
label,METTPL,TEXT,-313.020000,1785.369000,-282.590000,1788.655000,30.430000,3.286000,-297.805000,1787.012000
label,METTPL,TEXT,-158.315000,1869.369000,-127.885000,1872.655000,30.430000,3.286000,-143.100000,1871.012000
label,METTPL,TEXT,-158.315000,1785.369000,-127.885000,1788.655000,30.430000,3.286000,-143.100000,1787.012000
label,METTPL,pin,-157.965000,1691.619000,-127.535000,1694.905000,30.430000,3.286000,-142.750000,1693.262000
label,METTPL,pin,-165.679000,1775.119000,-119.821000,1778.405000,45.858000,3.286000,-142.750000,1776.762000
label,METTPL,pin,-328.574000,1691.619000,-267.286000,1694.905000,61.288000,3.286000,-297.930000,1693.262000
label,METTPL,pin,-336.288000,1775.119000,-259.572000,1778.405000,76.716000,3.286000,-297.930000,1776.762000
label,MET5,pin,-204.501000,1691.619000,-81.499000,1694.905000,123.002000,3.286000,-143.000000,1693.262000
label,MET5,pin,-366.775000,1691.619000,-228.345000,1694.905000,138.430000,3.286000,-297.560000,1693.262000
label,MET4,pin,-219.929000,1691.619000,-66.071000,1694.905000,153.858000,3.286000,-143.000000,1693.262000
label,MET4,pin,-382.204000,1691.619000,-212.916000,1694.905000,169.288000,3.286000,-297.560000,1693.262000
label,MET5,pin,-273.929000,1775.119000,-12.071000,1778.405000,261.858000,3.286000,-143.000000,1776.762000
label,MET5,pin,-436.204000,1775.119000,-158.916000,1778.405000,277.288000,3.286000,-297.560000,1776.762000
label,MET4,pin,-289.358000,1775.119000,3.358000,1778.405000,292.716000,3.286000,-143.000000,1776.762000
label,MET4,pin,-451.632000,1775.119000,-143.488000,1778.405000,308.144000,3.286000,-297.560000,1776.762000
label,MET4,TEXT,-289.919000,1775.119000,-259.061000,1778.405000,30.858000,3.286000,-274.490000,1776.762000
label,MET4,TEXT,-312.775000,1775.119000,-282.345000,1778.405000,30.430000,3.286000,-297.560000,1776.762000
label,MET4,TEXT,-158.565000,1775.119000,-128.135000,1778.405000,30.430000,3.286000,-143.350000,1776.762000
label,MET4,TEXT,-180.442000,1775.119000,-150.298000,1778.405000,30.144000,3.286000,-165.370000,1776.762000
label,MET5,TEXT,-289.919000,1775.119000,-259.061000,1778.405000,30.858000,3.286000,-274.490000,1776.762000
label,MET5,TEXT,-312.775000,1775.119000,-282.345000,1778.405000,30.430000,3.286000,-297.560000,1776.762000
label,MET5,TEXT,-158.565000,1775.119000,-128.135000,1778.405000,30.430000,3.286000,-143.350000,1776.762000
label,MET5,TEXT,-180.442000,1775.119000,-150.298000,1778.405000,30.144000,3.286000,-165.370000,1776.762000
label,METTPL,TEXT,-289.919000,1775.369000,-259.061000,1778.655000,30.858000,3.286000,-274.490000,1777.012000
label,METTPL,TEXT,-180.442000,1775.369000,-150.298000,1778.655000,30.144000,3.286000,-165.370000,1777.012000
label,MET4,TEXT,-289.919000,1691.619000,-259.061000,1694.905000,30.858000,3.286000,-274.490000,1693.262000
label,MET4,TEXT,-312.775000,1691.619000,-282.345000,1694.905000,30.430000,3.286000,-297.560000,1693.262000
label,MET4,TEXT,-158.565000,1691.619000,-128.135000,1694.905000,30.430000,3.286000,-143.350000,1693.262000
label,MET4,TEXT,-180.442000,1691.619000,-150.298000,1694.905000,30.144000,3.286000,-165.370000,1693.262000
label,MET5,TEXT,-289.919000,1691.619000,-259.061000,1694.905000,30.858000,3.286000,-274.490000,1693.262000
label,MET5,TEXT,-312.775000,1691.619000,-282.345000,1694.905000,30.430000,3.286000,-297.560000,1693.262000
label,MET5,TEXT,-158.565000,1691.619000,-128.135000,1694.905000,30.430000,3.286000,-143.350000,1693.262000
label,MET5,TEXT,-180.442000,1691.619000,-150.298000,1694.905000,30.144000,3.286000,-165.370000,1693.262000
label,METTPL,TEXT,-289.919000,1691.369000,-259.061000,1694.655000,30.858000,3.286000,-274.490000,1693.012000
label,METTPL,TEXT,-180.442000,1691.369000,-150.298000,1694.655000,30.144000,3.286000,-165.370000,1693.012000
label,METTPL,TEXT,-313.020000,1775.369000,-282.590000,1778.655000,30.430000,3.286000,-297.805000,1777.012000
label,METTPL,TEXT,-313.020000,1691.369000,-282.590000,1694.655000,30.430000,3.286000,-297.805000,1693.012000
label,METTPL,TEXT,-158.315000,1775.369000,-127.885000,1778.655000,30.430000,3.286000,-143.100000,1777.012000
label,METTPL,TEXT,-158.315000,1691.369000,-127.885000,1694.655000,30.430000,3.286000,-143.100000,1693.012000
label,METTPL,pin,-157.965000,1597.619000,-127.535000,1600.905000,30.430000,3.286000,-142.750000,1599.262000
label,METTPL,pin,-165.679000,1681.119000,-119.821000,1684.405000,45.858000,3.286000,-142.750000,1682.762000
label,METTPL,pin,-328.574000,1597.619000,-267.286000,1600.905000,61.288000,3.286000,-297.930000,1599.262000
label,METTPL,pin,-336.288000,1681.119000,-259.572000,1684.405000,76.716000,3.286000,-297.930000,1682.762000
label,MET5,pin,-204.501000,1597.619000,-81.499000,1600.905000,123.002000,3.286000,-143.000000,1599.262000
label,MET5,pin,-366.775000,1597.619000,-228.345000,1600.905000,138.430000,3.286000,-297.560000,1599.262000
label,MET4,pin,-219.929000,1597.619000,-66.071000,1600.905000,153.858000,3.286000,-143.000000,1599.262000
label,MET4,pin,-382.204000,1597.619000,-212.916000,1600.905000,169.288000,3.286000,-297.560000,1599.262000
label,MET5,pin,-273.929000,1681.119000,-12.071000,1684.405000,261.858000,3.286000,-143.000000,1682.762000
label,MET5,pin,-436.204000,1681.119000,-158.916000,1684.405000,277.288000,3.286000,-297.560000,1682.762000
label,MET4,pin,-289.358000,1681.119000,3.358000,1684.405000,292.716000,3.286000,-143.000000,1682.762000
label,MET4,pin,-451.632000,1681.119000,-143.488000,1684.405000,308.144000,3.286000,-297.560000,1682.762000
label,MET4,TEXT,-289.919000,1681.119000,-259.061000,1684.405000,30.858000,3.286000,-274.490000,1682.762000
label,MET4,TEXT,-312.775000,1681.119000,-282.345000,1684.405000,30.430000,3.286000,-297.560000,1682.762000
label,MET4,TEXT,-158.565000,1681.119000,-128.135000,1684.405000,30.430000,3.286000,-143.350000,1682.762000
label,MET4,TEXT,-180.442000,1681.119000,-150.298000,1684.405000,30.144000,3.286000,-165.370000,1682.762000
label,MET5,TEXT,-289.919000,1681.119000,-259.061000,1684.405000,30.858000,3.286000,-274.490000,1682.762000
label,MET5,TEXT,-312.775000,1681.119000,-282.345000,1684.405000,30.430000,3.286000,-297.560000,1682.762000
label,MET5,TEXT,-158.565000,1681.119000,-128.135000,1684.405000,30.430000,3.286000,-143.350000,1682.762000
label,MET5,TEXT,-180.442000,1681.119000,-150.298000,1684.405000,30.144000,3.286000,-165.370000,1682.762000
label,METTPL,TEXT,-289.919000,1681.369000,-259.061000,1684.655000,30.858000,3.286000,-274.490000,1683.012000
label,METTPL,TEXT,-180.442000,1681.369000,-150.298000,1684.655000,30.144000,3.286000,-165.370000,1683.012000
label,MET4,TEXT,-289.919000,1597.619000,-259.061000,1600.905000,30.858000,3.286000,-274.490000,1599.262000
label,MET4,TEXT,-312.775000,1597.619000,-282.345000,1600.905000,30.430000,3.286000,-297.560000,1599.262000
label,MET4,TEXT,-158.565000,1597.619000,-128.135000,1600.905000,30.430000,3.286000,-143.350000,1599.262000
label,MET4,TEXT,-180.442000,1597.619000,-150.298000,1600.905000,30.144000,3.286000,-165.370000,1599.262000
label,MET5,TEXT,-289.919000,1597.619000,-259.061000,1600.905000,30.858000,3.286000,-274.490000,1599.262000
label,MET5,TEXT,-312.775000,1597.619000,-282.345000,1600.905000,30.430000,3.286000,-297.560000,1599.262000
label,MET5,TEXT,-158.565000,1597.619000,-128.135000,1600.905000,30.430000,3.286000,-143.350000,1599.262000
label,MET5,TEXT,-180.442000,1597.619000,-150.298000,1600.905000,30.144000,3.286000,-165.370000,1599.262000
label,METTPL,TEXT,-289.919000,1597.369000,-259.061000,1600.655000,30.858000,3.286000,-274.490000,1599.012000
label,METTPL,TEXT,-180.442000,1597.369000,-150.298000,1600.655000,30.144000,3.286000,-165.370000,1599.012000
label,METTPL,TEXT,-313.020000,1681.369000,-282.590000,1684.655000,30.430000,3.286000,-297.805000,1683.012000
label,METTPL,TEXT,-313.020000,1597.369000,-282.590000,1600.655000,30.430000,3.286000,-297.805000,1599.012000
label,METTPL,TEXT,-158.315000,1681.369000,-127.885000,1684.655000,30.430000,3.286000,-143.100000,1683.012000
label,METTPL,TEXT,-158.315000,1597.369000,-127.885000,1600.655000,30.430000,3.286000,-143.100000,1599.012000
label,METTPL,pin,-157.965000,1503.619000,-127.535000,1506.905000,30.430000,3.286000,-142.750000,1505.262000
label,METTPL,pin,-165.679000,1587.119000,-119.821000,1590.405000,45.858000,3.286000,-142.750000,1588.762000
label,METTPL,pin,-328.574000,1503.619000,-267.286000,1506.905000,61.288000,3.286000,-297.930000,1505.262000
label,METTPL,pin,-336.288000,1587.119000,-259.572000,1590.405000,76.716000,3.286000,-297.930000,1588.762000
label,MET5,pin,-204.501000,1503.619000,-81.499000,1506.905000,123.002000,3.286000,-143.000000,1505.262000
label,MET5,pin,-366.775000,1503.619000,-228.345000,1506.905000,138.430000,3.286000,-297.560000,1505.262000
label,MET4,pin,-219.929000,1503.619000,-66.071000,1506.905000,153.858000,3.286000,-143.000000,1505.262000
label,MET4,pin,-382.204000,1503.619000,-212.916000,1506.905000,169.288000,3.286000,-297.560000,1505.262000
label,MET5,pin,-273.929000,1587.119000,-12.071000,1590.405000,261.858000,3.286000,-143.000000,1588.762000
label,MET5,pin,-436.204000,1587.119000,-158.916000,1590.405000,277.288000,3.286000,-297.560000,1588.762000
label,MET4,pin,-289.358000,1587.119000,3.358000,1590.405000,292.716000,3.286000,-143.000000,1588.762000
label,MET4,pin,-451.632000,1587.119000,-143.488000,1590.405000,308.144000,3.286000,-297.560000,1588.762000
label,MET4,TEXT,-289.919000,1587.119000,-259.061000,1590.405000,30.858000,3.286000,-274.490000,1588.762000
label,MET4,TEXT,-312.775000,1587.119000,-282.345000,1590.405000,30.430000,3.286000,-297.560000,1588.762000
label,MET4,TEXT,-158.565000,1587.119000,-128.135000,1590.405000,30.430000,3.286000,-143.350000,1588.762000
label,MET4,TEXT,-180.442000,1587.119000,-150.298000,1590.405000,30.144000,3.286000,-165.370000,1588.762000
label,MET5,TEXT,-289.919000,1587.119000,-259.061000,1590.405000,30.858000,3.286000,-274.490000,1588.762000
label,MET5,TEXT,-312.775000,1587.119000,-282.345000,1590.405000,30.430000,3.286000,-297.560000,1588.762000
label,MET5,TEXT,-158.565000,1587.119000,-128.135000,1590.405000,30.430000,3.286000,-143.350000,1588.762000
label,MET5,TEXT,-180.442000,1587.119000,-150.298000,1590.405000,30.144000,3.286000,-165.370000,1588.762000
label,METTPL,TEXT,-289.919000,1587.369000,-259.061000,1590.655000,30.858000,3.286000,-274.490000,1589.012000
label,METTPL,TEXT,-180.442000,1587.369000,-150.298000,1590.655000,30.144000,3.286000,-165.370000,1589.012000
label,MET4,TEXT,-289.919000,1503.619000,-259.061000,1506.905000,30.858000,3.286000,-274.490000,1505.262000
label,MET4,TEXT,-312.775000,1503.619000,-282.345000,1506.905000,30.430000,3.286000,-297.560000,1505.262000
label,MET4,TEXT,-158.565000,1503.619000,-128.135000,1506.905000,30.430000,3.286000,-143.350000,1505.262000
label,MET4,TEXT,-180.442000,1503.619000,-150.298000,1506.905000,30.144000,3.286000,-165.370000,1505.262000
label,MET5,TEXT,-289.919000,1503.619000,-259.061000,1506.905000,30.858000,3.286000,-274.490000,1505.262000
label,MET5,TEXT,-312.775000,1503.619000,-282.345000,1506.905000,30.430000,3.286000,-297.560000,1505.262000
label,MET5,TEXT,-158.565000,1503.619000,-128.135000,1506.905000,30.430000,3.286000,-143.350000,1505.262000
label,MET5,TEXT,-180.442000,1503.619000,-150.298000,1506.905000,30.144000,3.286000,-165.370000,1505.262000
label,METTPL,TEXT,-289.919000,1503.369000,-259.061000,1506.655000,30.858000,3.286000,-274.490000,1505.012000
label,METTPL,TEXT,-180.442000,1503.369000,-150.298000,1506.655000,30.144000,3.286000,-165.370000,1505.012000
label,METTPL,TEXT,-313.020000,1587.369000,-282.590000,1590.655000,30.430000,3.286000,-297.805000,1589.012000
label,METTPL,TEXT,-313.020000,1503.369000,-282.590000,1506.655000,30.430000,3.286000,-297.805000,1505.012000
label,METTPL,TEXT,-158.315000,1587.369000,-127.885000,1590.655000,30.430000,3.286000,-143.100000,1589.012000
label,METTPL,TEXT,-158.315000,1503.369000,-127.885000,1506.655000,30.430000,3.286000,-143.100000,1505.012000
label,METTPL,pin,-157.965000,1409.619000,-127.535000,1412.905000,30.430000,3.286000,-142.750000,1411.262000
label,METTPL,pin,-165.679000,1493.119000,-119.821000,1496.405000,45.858000,3.286000,-142.750000,1494.762000
label,METTPL,pin,-328.574000,1409.619000,-267.286000,1412.905000,61.288000,3.286000,-297.930000,1411.262000
label,METTPL,pin,-336.288000,1493.119000,-259.572000,1496.405000,76.716000,3.286000,-297.930000,1494.762000
label,MET5,pin,-204.501000,1409.619000,-81.499000,1412.905000,123.002000,3.286000,-143.000000,1411.262000
label,MET5,pin,-366.775000,1409.619000,-228.345000,1412.905000,138.430000,3.286000,-297.560000,1411.262000
label,MET4,pin,-219.929000,1409.619000,-66.071000,1412.905000,153.858000,3.286000,-143.000000,1411.262000
label,MET4,pin,-382.204000,1409.619000,-212.916000,1412.905000,169.288000,3.286000,-297.560000,1411.262000
label,MET5,pin,-273.929000,1493.119000,-12.071000,1496.405000,261.858000,3.286000,-143.000000,1494.762000
label,MET5,pin,-436.204000,1493.119000,-158.916000,1496.405000,277.288000,3.286000,-297.560000,1494.762000
label,MET4,pin,-289.358000,1493.119000,3.358000,1496.405000,292.716000,3.286000,-143.000000,1494.762000
label,MET4,pin,-451.632000,1493.119000,-143.488000,1496.405000,308.144000,3.286000,-297.560000,1494.762000
label,MET4,TEXT,-289.919000,1493.119000,-259.061000,1496.405000,30.858000,3.286000,-274.490000,1494.762000
label,MET4,TEXT,-312.775000,1493.119000,-282.345000,1496.405000,30.430000,3.286000,-297.560000,1494.762000
label,MET4,TEXT,-158.565000,1493.119000,-128.135000,1496.405000,30.430000,3.286000,-143.350000,1494.762000
label,MET4,TEXT,-180.442000,1493.119000,-150.298000,1496.405000,30.144000,3.286000,-165.370000,1494.762000
label,MET5,TEXT,-289.919000,1493.119000,-259.061000,1496.405000,30.858000,3.286000,-274.490000,1494.762000
label,MET5,TEXT,-312.775000,1493.119000,-282.345000,1496.405000,30.430000,3.286000,-297.560000,1494.762000
label,MET5,TEXT,-158.565000,1493.119000,-128.135000,1496.405000,30.430000,3.286000,-143.350000,1494.762000
label,MET5,TEXT,-180.442000,1493.119000,-150.298000,1496.405000,30.144000,3.286000,-165.370000,1494.762000
label,METTPL,TEXT,-289.919000,1493.369000,-259.061000,1496.655000,30.858000,3.286000,-274.490000,1495.012000
label,METTPL,TEXT,-180.442000,1493.369000,-150.298000,1496.655000,30.144000,3.286000,-165.370000,1495.012000
label,MET4,TEXT,-289.919000,1409.619000,-259.061000,1412.905000,30.858000,3.286000,-274.490000,1411.262000
label,MET4,TEXT,-312.775000,1409.619000,-282.345000,1412.905000,30.430000,3.286000,-297.560000,1411.262000
label,MET4,TEXT,-158.565000,1409.619000,-128.135000,1412.905000,30.430000,3.286000,-143.350000,1411.262000
label,MET4,TEXT,-180.442000,1409.619000,-150.298000,1412.905000,30.144000,3.286000,-165.370000,1411.262000
label,MET5,TEXT,-289.919000,1409.619000,-259.061000,1412.905000,30.858000,3.286000,-274.490000,1411.262000
label,MET5,TEXT,-312.775000,1409.619000,-282.345000,1412.905000,30.430000,3.286000,-297.560000,1411.262000
label,MET5,TEXT,-158.565000,1409.619000,-128.135000,1412.905000,30.430000,3.286000,-143.350000,1411.262000
label,MET5,TEXT,-180.442000,1409.619000,-150.298000,1412.905000,30.144000,3.286000,-165.370000,1411.262000
label,METTPL,TEXT,-289.919000,1409.369000,-259.061000,1412.655000,30.858000,3.286000,-274.490000,1411.012000
label,METTPL,TEXT,-180.442000,1409.369000,-150.298000,1412.655000,30.144000,3.286000,-165.370000,1411.012000
label,METTPL,TEXT,-313.020000,1493.369000,-282.590000,1496.655000,30.430000,3.286000,-297.805000,1495.012000
label,METTPL,TEXT,-313.020000,1409.369000,-282.590000,1412.655000,30.430000,3.286000,-297.805000,1411.012000
label,METTPL,TEXT,-158.315000,1493.369000,-127.885000,1496.655000,30.430000,3.286000,-143.100000,1495.012000
label,METTPL,TEXT,-158.315000,1409.369000,-127.885000,1412.655000,30.430000,3.286000,-143.100000,1411.012000
label,METTPL,pin,-157.965000,1315.619000,-127.535000,1318.905000,30.430000,3.286000,-142.750000,1317.262000
label,METTPL,pin,-165.679000,1399.119000,-119.821000,1402.405000,45.858000,3.286000,-142.750000,1400.762000
label,METTPL,pin,-328.574000,1315.619000,-267.286000,1318.905000,61.288000,3.286000,-297.930000,1317.262000
label,METTPL,pin,-336.288000,1399.119000,-259.572000,1402.405000,76.716000,3.286000,-297.930000,1400.762000
label,MET5,pin,-204.501000,1315.619000,-81.499000,1318.905000,123.002000,3.286000,-143.000000,1317.262000
label,MET5,pin,-366.775000,1315.619000,-228.345000,1318.905000,138.430000,3.286000,-297.560000,1317.262000
label,MET4,pin,-219.929000,1315.619000,-66.071000,1318.905000,153.858000,3.286000,-143.000000,1317.262000
label,MET4,pin,-382.204000,1315.619000,-212.916000,1318.905000,169.288000,3.286000,-297.560000,1317.262000
label,MET5,pin,-273.929000,1399.119000,-12.071000,1402.405000,261.858000,3.286000,-143.000000,1400.762000
label,MET5,pin,-436.204000,1399.119000,-158.916000,1402.405000,277.288000,3.286000,-297.560000,1400.762000
label,MET4,pin,-289.358000,1399.119000,3.358000,1402.405000,292.716000,3.286000,-143.000000,1400.762000
label,MET4,pin,-451.632000,1399.119000,-143.488000,1402.405000,308.144000,3.286000,-297.560000,1400.762000
label,MET4,TEXT,-289.919000,1399.119000,-259.061000,1402.405000,30.858000,3.286000,-274.490000,1400.762000
label,MET4,TEXT,-312.775000,1399.119000,-282.345000,1402.405000,30.430000,3.286000,-297.560000,1400.762000
label,MET4,TEXT,-158.565000,1399.119000,-128.135000,1402.405000,30.430000,3.286000,-143.350000,1400.762000
label,MET4,TEXT,-180.442000,1399.119000,-150.298000,1402.405000,30.144000,3.286000,-165.370000,1400.762000
label,MET5,TEXT,-289.919000,1399.119000,-259.061000,1402.405000,30.858000,3.286000,-274.490000,1400.762000
label,MET5,TEXT,-312.775000,1399.119000,-282.345000,1402.405000,30.430000,3.286000,-297.560000,1400.762000
label,MET5,TEXT,-158.565000,1399.119000,-128.135000,1402.405000,30.430000,3.286000,-143.350000,1400.762000
label,MET5,TEXT,-180.442000,1399.119000,-150.298000,1402.405000,30.144000,3.286000,-165.370000,1400.762000
label,METTPL,TEXT,-289.919000,1399.369000,-259.061000,1402.655000,30.858000,3.286000,-274.490000,1401.012000
label,METTPL,TEXT,-180.442000,1399.369000,-150.298000,1402.655000,30.144000,3.286000,-165.370000,1401.012000
label,MET4,TEXT,-289.919000,1315.619000,-259.061000,1318.905000,30.858000,3.286000,-274.490000,1317.262000
label,MET4,TEXT,-312.775000,1315.619000,-282.345000,1318.905000,30.430000,3.286000,-297.560000,1317.262000
label,MET4,TEXT,-158.565000,1315.619000,-128.135000,1318.905000,30.430000,3.286000,-143.350000,1317.262000
label,MET4,TEXT,-180.442000,1315.619000,-150.298000,1318.905000,30.144000,3.286000,-165.370000,1317.262000
label,MET5,TEXT,-289.919000,1315.619000,-259.061000,1318.905000,30.858000,3.286000,-274.490000,1317.262000
label,MET5,TEXT,-312.775000,1315.619000,-282.345000,1318.905000,30.430000,3.286000,-297.560000,1317.262000
label,MET5,TEXT,-158.565000,1315.619000,-128.135000,1318.905000,30.430000,3.286000,-143.350000,1317.262000
label,MET5,TEXT,-180.442000,1315.619000,-150.298000,1318.905000,30.144000,3.286000,-165.370000,1317.262000
label,METTPL,TEXT,-289.919000,1315.369000,-259.061000,1318.655000,30.858000,3.286000,-274.490000,1317.012000
label,METTPL,TEXT,-180.442000,1315.369000,-150.298000,1318.655000,30.144000,3.286000,-165.370000,1317.012000
label,METTPL,TEXT,-313.020000,1399.369000,-282.590000,1402.655000,30.430000,3.286000,-297.805000,1401.012000
label,METTPL,TEXT,-313.020000,1315.369000,-282.590000,1318.655000,30.430000,3.286000,-297.805000,1317.012000
label,METTPL,TEXT,-158.315000,1399.369000,-127.885000,1402.655000,30.430000,3.286000,-143.100000,1401.012000
label,METTPL,TEXT,-158.315000,1315.369000,-127.885000,1318.655000,30.430000,3.286000,-143.100000,1317.012000
label,METTPL,pin,-157.965000,1221.619000,-127.535000,1224.905000,30.430000,3.286000,-142.750000,1223.262000
label,METTPL,pin,-165.679000,1305.119000,-119.821000,1308.405000,45.858000,3.286000,-142.750000,1306.762000
label,METTPL,pin,-328.574000,1221.619000,-267.286000,1224.905000,61.288000,3.286000,-297.930000,1223.262000
label,METTPL,pin,-336.288000,1305.119000,-259.572000,1308.405000,76.716000,3.286000,-297.930000,1306.762000
label,MET5,pin,-204.501000,1221.619000,-81.499000,1224.905000,123.002000,3.286000,-143.000000,1223.262000
label,MET5,pin,-366.775000,1221.619000,-228.345000,1224.905000,138.430000,3.286000,-297.560000,1223.262000
label,MET4,pin,-219.929000,1221.619000,-66.071000,1224.905000,153.858000,3.286000,-143.000000,1223.262000
label,MET4,pin,-382.204000,1221.619000,-212.916000,1224.905000,169.288000,3.286000,-297.560000,1223.262000
label,MET5,pin,-273.929000,1305.119000,-12.071000,1308.405000,261.858000,3.286000,-143.000000,1306.762000
label,MET5,pin,-436.204000,1305.119000,-158.916000,1308.405000,277.288000,3.286000,-297.560000,1306.762000
label,MET4,pin,-289.358000,1305.119000,3.358000,1308.405000,292.716000,3.286000,-143.000000,1306.762000
label,MET4,pin,-451.632000,1305.119000,-143.488000,1308.405000,308.144000,3.286000,-297.560000,1306.762000
label,MET4,TEXT,-289.919000,1305.119000,-259.061000,1308.405000,30.858000,3.286000,-274.490000,1306.762000
label,MET4,TEXT,-312.775000,1305.119000,-282.345000,1308.405000,30.430000,3.286000,-297.560000,1306.762000
label,MET4,TEXT,-158.565000,1305.119000,-128.135000,1308.405000,30.430000,3.286000,-143.350000,1306.762000
label,MET4,TEXT,-180.442000,1305.119000,-150.298000,1308.405000,30.144000,3.286000,-165.370000,1306.762000
label,MET5,TEXT,-289.919000,1305.119000,-259.061000,1308.405000,30.858000,3.286000,-274.490000,1306.762000
label,MET5,TEXT,-312.775000,1305.119000,-282.345000,1308.405000,30.430000,3.286000,-297.560000,1306.762000
label,MET5,TEXT,-158.565000,1305.119000,-128.135000,1308.405000,30.430000,3.286000,-143.350000,1306.762000
label,MET5,TEXT,-180.442000,1305.119000,-150.298000,1308.405000,30.144000,3.286000,-165.370000,1306.762000
label,METTPL,TEXT,-289.919000,1305.369000,-259.061000,1308.655000,30.858000,3.286000,-274.490000,1307.012000
label,METTPL,TEXT,-180.442000,1305.369000,-150.298000,1308.655000,30.144000,3.286000,-165.370000,1307.012000
label,MET4,TEXT,-289.919000,1221.619000,-259.061000,1224.905000,30.858000,3.286000,-274.490000,1223.262000
label,MET4,TEXT,-312.775000,1221.619000,-282.345000,1224.905000,30.430000,3.286000,-297.560000,1223.262000
label,MET4,TEXT,-158.565000,1221.619000,-128.135000,1224.905000,30.430000,3.286000,-143.350000,1223.262000
label,MET4,TEXT,-180.442000,1221.619000,-150.298000,1224.905000,30.144000,3.286000,-165.370000,1223.262000
label,MET5,TEXT,-289.919000,1221.619000,-259.061000,1224.905000,30.858000,3.286000,-274.490000,1223.262000
label,MET5,TEXT,-312.775000,1221.619000,-282.345000,1224.905000,30.430000,3.286000,-297.560000,1223.262000
label,MET5,TEXT,-158.565000,1221.619000,-128.135000,1224.905000,30.430000,3.286000,-143.350000,1223.262000
label,MET5,TEXT,-180.442000,1221.619000,-150.298000,1224.905000,30.144000,3.286000,-165.370000,1223.262000
label,METTPL,TEXT,-289.919000,1221.369000,-259.061000,1224.655000,30.858000,3.286000,-274.490000,1223.012000
label,METTPL,TEXT,-180.442000,1221.369000,-150.298000,1224.655000,30.144000,3.286000,-165.370000,1223.012000
label,METTPL,TEXT,-313.020000,1305.369000,-282.590000,1308.655000,30.430000,3.286000,-297.805000,1307.012000
label,METTPL,TEXT,-313.020000,1221.369000,-282.590000,1224.655000,30.430000,3.286000,-297.805000,1223.012000
label,METTPL,TEXT,-158.315000,1305.369000,-127.885000,1308.655000,30.430000,3.286000,-143.100000,1307.012000
label,METTPL,TEXT,-158.315000,1221.369000,-127.885000,1224.655000,30.430000,3.286000,-143.100000,1223.012000
label,METTPL,pin,-157.965000,1127.619000,-127.535000,1130.905000,30.430000,3.286000,-142.750000,1129.262000
label,METTPL,pin,-165.679000,1211.119000,-119.821000,1214.405000,45.858000,3.286000,-142.750000,1212.762000
label,METTPL,pin,-328.574000,1127.619000,-267.286000,1130.905000,61.288000,3.286000,-297.930000,1129.262000
label,METTPL,pin,-336.288000,1211.119000,-259.572000,1214.405000,76.716000,3.286000,-297.930000,1212.762000
label,MET5,pin,-204.501000,1127.619000,-81.499000,1130.905000,123.002000,3.286000,-143.000000,1129.262000
label,MET5,pin,-366.775000,1127.619000,-228.345000,1130.905000,138.430000,3.286000,-297.560000,1129.262000
label,MET4,pin,-219.929000,1127.619000,-66.071000,1130.905000,153.858000,3.286000,-143.000000,1129.262000
label,MET4,pin,-382.204000,1127.619000,-212.916000,1130.905000,169.288000,3.286000,-297.560000,1129.262000
label,MET5,pin,-273.929000,1211.119000,-12.071000,1214.405000,261.858000,3.286000,-143.000000,1212.762000
label,MET5,pin,-436.204000,1211.119000,-158.916000,1214.405000,277.288000,3.286000,-297.560000,1212.762000
label,MET4,pin,-289.358000,1211.119000,3.358000,1214.405000,292.716000,3.286000,-143.000000,1212.762000
label,MET4,pin,-451.632000,1211.119000,-143.488000,1214.405000,308.144000,3.286000,-297.560000,1212.762000
label,MET4,TEXT,-289.919000,1211.119000,-259.061000,1214.405000,30.858000,3.286000,-274.490000,1212.762000
label,MET4,TEXT,-312.775000,1211.119000,-282.345000,1214.405000,30.430000,3.286000,-297.560000,1212.762000
label,MET4,TEXT,-158.565000,1211.119000,-128.135000,1214.405000,30.430000,3.286000,-143.350000,1212.762000
label,MET4,TEXT,-180.442000,1211.119000,-150.298000,1214.405000,30.144000,3.286000,-165.370000,1212.762000
label,MET5,TEXT,-289.919000,1211.119000,-259.061000,1214.405000,30.858000,3.286000,-274.490000,1212.762000
label,MET5,TEXT,-312.775000,1211.119000,-282.345000,1214.405000,30.430000,3.286000,-297.560000,1212.762000
label,MET5,TEXT,-158.565000,1211.119000,-128.135000,1214.405000,30.430000,3.286000,-143.350000,1212.762000
label,MET5,TEXT,-180.442000,1211.119000,-150.298000,1214.405000,30.144000,3.286000,-165.370000,1212.762000
label,METTPL,TEXT,-289.919000,1211.369000,-259.061000,1214.655000,30.858000,3.286000,-274.490000,1213.012000
label,METTPL,TEXT,-180.442000,1211.369000,-150.298000,1214.655000,30.144000,3.286000,-165.370000,1213.012000
label,MET4,TEXT,-289.919000,1127.619000,-259.061000,1130.905000,30.858000,3.286000,-274.490000,1129.262000
label,MET4,TEXT,-312.775000,1127.619000,-282.345000,1130.905000,30.430000,3.286000,-297.560000,1129.262000
label,MET4,TEXT,-158.565000,1127.619000,-128.135000,1130.905000,30.430000,3.286000,-143.350000,1129.262000
label,MET4,TEXT,-180.442000,1127.619000,-150.298000,1130.905000,30.144000,3.286000,-165.370000,1129.262000
label,MET5,TEXT,-289.919000,1127.619000,-259.061000,1130.905000,30.858000,3.286000,-274.490000,1129.262000
label,MET5,TEXT,-312.775000,1127.619000,-282.345000,1130.905000,30.430000,3.286000,-297.560000,1129.262000
label,MET5,TEXT,-158.565000,1127.619000,-128.135000,1130.905000,30.430000,3.286000,-143.350000,1129.262000
label,MET5,TEXT,-180.442000,1127.619000,-150.298000,1130.905000,30.144000,3.286000,-165.370000,1129.262000
label,METTPL,TEXT,-289.919000,1127.369000,-259.061000,1130.655000,30.858000,3.286000,-274.490000,1129.012000
label,METTPL,TEXT,-180.442000,1127.369000,-150.298000,1130.655000,30.144000,3.286000,-165.370000,1129.012000
label,METTPL,TEXT,-313.020000,1211.369000,-282.590000,1214.655000,30.430000,3.286000,-297.805000,1213.012000
label,METTPL,TEXT,-313.020000,1127.369000,-282.590000,1130.655000,30.430000,3.286000,-297.805000,1129.012000
label,METTPL,TEXT,-158.315000,1211.369000,-127.885000,1214.655000,30.430000,3.286000,-143.100000,1213.012000
label,METTPL,TEXT,-158.315000,1127.369000,-127.885000,1130.655000,30.430000,3.286000,-143.100000,1129.012000
label,METTPL,pin,-157.965000,1033.619000,-127.535000,1036.905000,30.430000,3.286000,-142.750000,1035.262000
label,METTPL,pin,-165.679000,1117.119000,-119.821000,1120.405000,45.858000,3.286000,-142.750000,1118.762000
label,METTPL,pin,-328.574000,1033.619000,-267.286000,1036.905000,61.288000,3.286000,-297.930000,1035.262000
label,METTPL,pin,-336.288000,1117.119000,-259.572000,1120.405000,76.716000,3.286000,-297.930000,1118.762000
label,MET5,pin,-204.501000,1033.619000,-81.499000,1036.905000,123.002000,3.286000,-143.000000,1035.262000
label,MET5,pin,-366.775000,1033.619000,-228.345000,1036.905000,138.430000,3.286000,-297.560000,1035.262000
label,MET4,pin,-219.929000,1033.619000,-66.071000,1036.905000,153.858000,3.286000,-143.000000,1035.262000
label,MET4,pin,-382.204000,1033.619000,-212.916000,1036.905000,169.288000,3.286000,-297.560000,1035.262000
label,MET5,pin,-273.929000,1117.119000,-12.071000,1120.405000,261.858000,3.286000,-143.000000,1118.762000
label,MET5,pin,-436.204000,1117.119000,-158.916000,1120.405000,277.288000,3.286000,-297.560000,1118.762000
label,MET4,pin,-289.358000,1117.119000,3.358000,1120.405000,292.716000,3.286000,-143.000000,1118.762000
label,MET4,pin,-451.632000,1117.119000,-143.488000,1120.405000,308.144000,3.286000,-297.560000,1118.762000
label,MET4,TEXT,-289.919000,1117.119000,-259.061000,1120.405000,30.858000,3.286000,-274.490000,1118.762000
label,MET4,TEXT,-312.775000,1117.119000,-282.345000,1120.405000,30.430000,3.286000,-297.560000,1118.762000
label,MET4,TEXT,-158.565000,1117.119000,-128.135000,1120.405000,30.430000,3.286000,-143.350000,1118.762000
label,MET4,TEXT,-180.442000,1117.119000,-150.298000,1120.405000,30.144000,3.286000,-165.370000,1118.762000
label,MET5,TEXT,-289.919000,1117.119000,-259.061000,1120.405000,30.858000,3.286000,-274.490000,1118.762000
label,MET5,TEXT,-312.775000,1117.119000,-282.345000,1120.405000,30.430000,3.286000,-297.560000,1118.762000
label,MET5,TEXT,-158.565000,1117.119000,-128.135000,1120.405000,30.430000,3.286000,-143.350000,1118.762000
label,MET5,TEXT,-180.442000,1117.119000,-150.298000,1120.405000,30.144000,3.286000,-165.370000,1118.762000
label,METTPL,TEXT,-289.919000,1117.369000,-259.061000,1120.655000,30.858000,3.286000,-274.490000,1119.012000
label,METTPL,TEXT,-180.442000,1117.369000,-150.298000,1120.655000,30.144000,3.286000,-165.370000,1119.012000
label,MET4,TEXT,-289.919000,1033.619000,-259.061000,1036.905000,30.858000,3.286000,-274.490000,1035.262000
label,MET4,TEXT,-312.775000,1033.619000,-282.345000,1036.905000,30.430000,3.286000,-297.560000,1035.262000
label,MET4,TEXT,-158.565000,1033.619000,-128.135000,1036.905000,30.430000,3.286000,-143.350000,1035.262000
label,MET4,TEXT,-180.442000,1033.619000,-150.298000,1036.905000,30.144000,3.286000,-165.370000,1035.262000
label,MET5,TEXT,-289.919000,1033.619000,-259.061000,1036.905000,30.858000,3.286000,-274.490000,1035.262000
label,MET5,TEXT,-312.775000,1033.619000,-282.345000,1036.905000,30.430000,3.286000,-297.560000,1035.262000
label,MET5,TEXT,-158.565000,1033.619000,-128.135000,1036.905000,30.430000,3.286000,-143.350000,1035.262000
label,MET5,TEXT,-180.442000,1033.619000,-150.298000,1036.905000,30.144000,3.286000,-165.370000,1035.262000
label,METTPL,TEXT,-289.919000,1033.369000,-259.061000,1036.655000,30.858000,3.286000,-274.490000,1035.012000
label,METTPL,TEXT,-180.442000,1033.369000,-150.298000,1036.655000,30.144000,3.286000,-165.370000,1035.012000
label,METTPL,TEXT,-313.020000,1117.369000,-282.590000,1120.655000,30.430000,3.286000,-297.805000,1119.012000
label,METTPL,TEXT,-313.020000,1033.369000,-282.590000,1036.655000,30.430000,3.286000,-297.805000,1035.012000
label,METTPL,TEXT,-158.315000,1117.369000,-127.885000,1120.655000,30.430000,3.286000,-143.100000,1119.012000
label,METTPL,TEXT,-158.315000,1033.369000,-127.885000,1036.655000,30.430000,3.286000,-143.100000,1035.012000
label,METTPL,pin,-157.965000,939.619000,-127.535000,942.905000,30.430000,3.286000,-142.750000,941.262000
label,METTPL,pin,-165.679000,1023.119000,-119.821000,1026.405000,45.858000,3.286000,-142.750000,1024.762000
label,METTPL,pin,-328.574000,939.619000,-267.286000,942.905000,61.288000,3.286000,-297.930000,941.262000
label,METTPL,pin,-336.288000,1023.119000,-259.572000,1026.405000,76.716000,3.286000,-297.930000,1024.762000
label,MET5,pin,-204.501000,939.619000,-81.499000,942.905000,123.002000,3.286000,-143.000000,941.262000
label,MET5,pin,-366.775000,939.619000,-228.345000,942.905000,138.430000,3.286000,-297.560000,941.262000
label,MET4,pin,-219.929000,939.619000,-66.071000,942.905000,153.858000,3.286000,-143.000000,941.262000
label,MET4,pin,-382.204000,939.619000,-212.916000,942.905000,169.288000,3.286000,-297.560000,941.262000
label,MET5,pin,-273.929000,1023.119000,-12.071000,1026.405000,261.858000,3.286000,-143.000000,1024.762000
label,MET5,pin,-436.204000,1023.119000,-158.916000,1026.405000,277.288000,3.286000,-297.560000,1024.762000
label,MET4,pin,-289.358000,1023.119000,3.358000,1026.405000,292.716000,3.286000,-143.000000,1024.762000
label,MET4,pin,-451.632000,1023.119000,-143.488000,1026.405000,308.144000,3.286000,-297.560000,1024.762000
label,MET4,TEXT,-289.919000,1023.119000,-259.061000,1026.405000,30.858000,3.286000,-274.490000,1024.762000
label,MET4,TEXT,-312.775000,1023.119000,-282.345000,1026.405000,30.430000,3.286000,-297.560000,1024.762000
label,MET4,TEXT,-158.565000,1023.119000,-128.135000,1026.405000,30.430000,3.286000,-143.350000,1024.762000
label,MET4,TEXT,-180.442000,1023.119000,-150.298000,1026.405000,30.144000,3.286000,-165.370000,1024.762000
label,MET5,TEXT,-289.919000,1023.119000,-259.061000,1026.405000,30.858000,3.286000,-274.490000,1024.762000
label,MET5,TEXT,-312.775000,1023.119000,-282.345000,1026.405000,30.430000,3.286000,-297.560000,1024.762000
label,MET5,TEXT,-158.565000,1023.119000,-128.135000,1026.405000,30.430000,3.286000,-143.350000,1024.762000
label,MET5,TEXT,-180.442000,1023.119000,-150.298000,1026.405000,30.144000,3.286000,-165.370000,1024.762000
label,METTPL,TEXT,-289.919000,1023.369000,-259.061000,1026.655000,30.858000,3.286000,-274.490000,1025.012000
label,METTPL,TEXT,-180.442000,1023.369000,-150.298000,1026.655000,30.144000,3.286000,-165.370000,1025.012000
label,MET4,TEXT,-289.919000,939.619000,-259.061000,942.905000,30.858000,3.286000,-274.490000,941.262000
label,MET4,TEXT,-312.775000,939.619000,-282.345000,942.905000,30.430000,3.286000,-297.560000,941.262000
label,MET4,TEXT,-158.565000,939.619000,-128.135000,942.905000,30.430000,3.286000,-143.350000,941.262000
label,MET4,TEXT,-180.442000,939.619000,-150.298000,942.905000,30.144000,3.286000,-165.370000,941.262000
label,MET5,TEXT,-289.919000,939.619000,-259.061000,942.905000,30.858000,3.286000,-274.490000,941.262000
label,MET5,TEXT,-312.775000,939.619000,-282.345000,942.905000,30.430000,3.286000,-297.560000,941.262000
label,MET5,TEXT,-158.565000,939.619000,-128.135000,942.905000,30.430000,3.286000,-143.350000,941.262000
label,MET5,TEXT,-180.442000,939.619000,-150.298000,942.905000,30.144000,3.286000,-165.370000,941.262000
label,METTPL,TEXT,-289.919000,939.369000,-259.061000,942.655000,30.858000,3.286000,-274.490000,941.012000
label,METTPL,TEXT,-180.442000,939.369000,-150.298000,942.655000,30.144000,3.286000,-165.370000,941.012000
label,METTPL,TEXT,-313.020000,1023.369000,-282.590000,1026.655000,30.430000,3.286000,-297.805000,1025.012000
label,METTPL,TEXT,-313.020000,939.369000,-282.590000,942.655000,30.430000,3.286000,-297.805000,941.012000
label,METTPL,TEXT,-158.315000,1023.369000,-127.885000,1026.655000,30.430000,3.286000,-143.100000,1025.012000
label,METTPL,TEXT,-158.315000,939.369000,-127.885000,942.655000,30.430000,3.286000,-143.100000,941.012000
label,METTPL,pin,-157.965000,845.619000,-127.535000,848.905000,30.430000,3.286000,-142.750000,847.262000
label,METTPL,pin,-165.679000,929.119000,-119.821000,932.405000,45.858000,3.286000,-142.750000,930.762000
label,METTPL,pin,-328.574000,845.619000,-267.286000,848.905000,61.288000,3.286000,-297.930000,847.262000
label,METTPL,pin,-336.288000,929.119000,-259.572000,932.405000,76.716000,3.286000,-297.930000,930.762000
label,MET5,pin,-204.501000,845.619000,-81.499000,848.905000,123.002000,3.286000,-143.000000,847.262000
label,MET5,pin,-366.775000,845.619000,-228.345000,848.905000,138.430000,3.286000,-297.560000,847.262000
label,MET4,pin,-219.929000,845.619000,-66.071000,848.905000,153.858000,3.286000,-143.000000,847.262000
label,MET4,pin,-382.204000,845.619000,-212.916000,848.905000,169.288000,3.286000,-297.560000,847.262000
label,MET5,pin,-273.929000,929.119000,-12.071000,932.405000,261.858000,3.286000,-143.000000,930.762000
label,MET5,pin,-436.204000,929.119000,-158.916000,932.405000,277.288000,3.286000,-297.560000,930.762000
label,MET4,pin,-289.358000,929.119000,3.358000,932.405000,292.716000,3.286000,-143.000000,930.762000
label,MET4,pin,-451.632000,929.119000,-143.488000,932.405000,308.144000,3.286000,-297.560000,930.762000
label,MET4,TEXT,-289.919000,929.119000,-259.061000,932.405000,30.858000,3.286000,-274.490000,930.762000
label,MET4,TEXT,-312.775000,929.119000,-282.345000,932.405000,30.430000,3.286000,-297.560000,930.762000
label,MET4,TEXT,-158.565000,929.119000,-128.135000,932.405000,30.430000,3.286000,-143.350000,930.762000
label,MET4,TEXT,-180.442000,929.119000,-150.298000,932.405000,30.144000,3.286000,-165.370000,930.762000
label,MET5,TEXT,-289.919000,929.119000,-259.061000,932.405000,30.858000,3.286000,-274.490000,930.762000
label,MET5,TEXT,-312.775000,929.119000,-282.345000,932.405000,30.430000,3.286000,-297.560000,930.762000
label,MET5,TEXT,-158.565000,929.119000,-128.135000,932.405000,30.430000,3.286000,-143.350000,930.762000
label,MET5,TEXT,-180.442000,929.119000,-150.298000,932.405000,30.144000,3.286000,-165.370000,930.762000
label,METTPL,TEXT,-289.919000,929.369000,-259.061000,932.655000,30.858000,3.286000,-274.490000,931.012000
label,METTPL,TEXT,-180.442000,929.369000,-150.298000,932.655000,30.144000,3.286000,-165.370000,931.012000
label,MET4,TEXT,-289.919000,845.619000,-259.061000,848.905000,30.858000,3.286000,-274.490000,847.262000
label,MET4,TEXT,-312.775000,845.619000,-282.345000,848.905000,30.430000,3.286000,-297.560000,847.262000
label,MET4,TEXT,-158.565000,845.619000,-128.135000,848.905000,30.430000,3.286000,-143.350000,847.262000
label,MET4,TEXT,-180.442000,845.619000,-150.298000,848.905000,30.144000,3.286000,-165.370000,847.262000
label,MET5,TEXT,-289.919000,845.619000,-259.061000,848.905000,30.858000,3.286000,-274.490000,847.262000
label,MET5,TEXT,-312.775000,845.619000,-282.345000,848.905000,30.430000,3.286000,-297.560000,847.262000
label,MET5,TEXT,-158.565000,845.619000,-128.135000,848.905000,30.430000,3.286000,-143.350000,847.262000
label,MET5,TEXT,-180.442000,845.619000,-150.298000,848.905000,30.144000,3.286000,-165.370000,847.262000
label,METTPL,TEXT,-289.919000,845.369000,-259.061000,848.655000,30.858000,3.286000,-274.490000,847.012000
label,METTPL,TEXT,-180.442000,845.369000,-150.298000,848.655000,30.144000,3.286000,-165.370000,847.012000
label,METTPL,TEXT,-313.020000,929.369000,-282.590000,932.655000,30.430000,3.286000,-297.805000,931.012000
label,METTPL,TEXT,-313.020000,845.369000,-282.590000,848.655000,30.430000,3.286000,-297.805000,847.012000
label,METTPL,TEXT,-158.315000,929.369000,-127.885000,932.655000,30.430000,3.286000,-143.100000,931.012000
label,METTPL,TEXT,-158.315000,845.369000,-127.885000,848.655000,30.430000,3.286000,-143.100000,847.012000
label,METTPL,pin,-157.965000,751.619000,-127.535000,754.905000,30.430000,3.286000,-142.750000,753.262000
label,METTPL,pin,-165.679000,835.119000,-119.821000,838.405000,45.858000,3.286000,-142.750000,836.762000
label,METTPL,pin,-328.574000,751.619000,-267.286000,754.905000,61.288000,3.286000,-297.930000,753.262000
label,METTPL,pin,-336.288000,835.119000,-259.572000,838.405000,76.716000,3.286000,-297.930000,836.762000
label,MET5,pin,-204.501000,751.619000,-81.499000,754.905000,123.002000,3.286000,-143.000000,753.262000
label,MET5,pin,-366.775000,751.619000,-228.345000,754.905000,138.430000,3.286000,-297.560000,753.262000
label,MET4,pin,-219.929000,751.619000,-66.071000,754.905000,153.858000,3.286000,-143.000000,753.262000
label,MET4,pin,-382.204000,751.619000,-212.916000,754.905000,169.288000,3.286000,-297.560000,753.262000
label,MET5,pin,-273.929000,835.119000,-12.071000,838.405000,261.858000,3.286000,-143.000000,836.762000
label,MET5,pin,-436.204000,835.119000,-158.916000,838.405000,277.288000,3.286000,-297.560000,836.762000
label,MET4,pin,-289.358000,835.119000,3.358000,838.405000,292.716000,3.286000,-143.000000,836.762000
label,MET4,pin,-451.632000,835.119000,-143.488000,838.405000,308.144000,3.286000,-297.560000,836.762000
label,MET4,TEXT,-289.919000,835.119000,-259.061000,838.405000,30.858000,3.286000,-274.490000,836.762000
label,MET4,TEXT,-312.775000,835.119000,-282.345000,838.405000,30.430000,3.286000,-297.560000,836.762000
label,MET4,TEXT,-158.565000,835.119000,-128.135000,838.405000,30.430000,3.286000,-143.350000,836.762000
label,MET4,TEXT,-180.442000,835.119000,-150.298000,838.405000,30.144000,3.286000,-165.370000,836.762000
label,MET5,TEXT,-289.919000,835.119000,-259.061000,838.405000,30.858000,3.286000,-274.490000,836.762000
label,MET5,TEXT,-312.775000,835.119000,-282.345000,838.405000,30.430000,3.286000,-297.560000,836.762000
label,MET5,TEXT,-158.565000,835.119000,-128.135000,838.405000,30.430000,3.286000,-143.350000,836.762000
label,MET5,TEXT,-180.442000,835.119000,-150.298000,838.405000,30.144000,3.286000,-165.370000,836.762000
label,METTPL,TEXT,-289.919000,835.369000,-259.061000,838.655000,30.858000,3.286000,-274.490000,837.012000
label,METTPL,TEXT,-180.442000,835.369000,-150.298000,838.655000,30.144000,3.286000,-165.370000,837.012000
label,MET4,TEXT,-289.919000,751.619000,-259.061000,754.905000,30.858000,3.286000,-274.490000,753.262000
label,MET4,TEXT,-312.775000,751.619000,-282.345000,754.905000,30.430000,3.286000,-297.560000,753.262000
label,MET4,TEXT,-158.565000,751.619000,-128.135000,754.905000,30.430000,3.286000,-143.350000,753.262000
label,MET4,TEXT,-180.442000,751.619000,-150.298000,754.905000,30.144000,3.286000,-165.370000,753.262000
label,MET5,TEXT,-289.919000,751.619000,-259.061000,754.905000,30.858000,3.286000,-274.490000,753.262000
label,MET5,TEXT,-312.775000,751.619000,-282.345000,754.905000,30.430000,3.286000,-297.560000,753.262000
label,MET5,TEXT,-158.565000,751.619000,-128.135000,754.905000,30.430000,3.286000,-143.350000,753.262000
label,MET5,TEXT,-180.442000,751.619000,-150.298000,754.905000,30.144000,3.286000,-165.370000,753.262000
label,METTPL,TEXT,-289.919000,751.369000,-259.061000,754.655000,30.858000,3.286000,-274.490000,753.012000
label,METTPL,TEXT,-180.442000,751.369000,-150.298000,754.655000,30.144000,3.286000,-165.370000,753.012000
label,METTPL,TEXT,-313.020000,835.369000,-282.590000,838.655000,30.430000,3.286000,-297.805000,837.012000
label,METTPL,TEXT,-313.020000,751.369000,-282.590000,754.655000,30.430000,3.286000,-297.805000,753.012000
label,METTPL,TEXT,-158.315000,835.369000,-127.885000,838.655000,30.430000,3.286000,-143.100000,837.012000
label,METTPL,TEXT,-158.315000,751.369000,-127.885000,754.655000,30.430000,3.286000,-143.100000,753.012000
label,METTPL,pin,-157.965000,657.619000,-127.535000,660.905000,30.430000,3.286000,-142.750000,659.262000
label,METTPL,pin,-165.679000,741.119000,-119.821000,744.405000,45.858000,3.286000,-142.750000,742.762000
label,METTPL,pin,-328.574000,657.619000,-267.286000,660.905000,61.288000,3.286000,-297.930000,659.262000
label,METTPL,pin,-336.288000,741.119000,-259.572000,744.405000,76.716000,3.286000,-297.930000,742.762000
label,MET5,pin,-204.501000,657.619000,-81.499000,660.905000,123.002000,3.286000,-143.000000,659.262000
label,MET5,pin,-366.775000,657.619000,-228.345000,660.905000,138.430000,3.286000,-297.560000,659.262000
label,MET4,pin,-219.929000,657.619000,-66.071000,660.905000,153.858000,3.286000,-143.000000,659.262000
label,MET4,pin,-382.204000,657.619000,-212.916000,660.905000,169.288000,3.286000,-297.560000,659.262000
label,MET5,pin,-273.929000,741.119000,-12.071000,744.405000,261.858000,3.286000,-143.000000,742.762000
label,MET5,pin,-436.204000,741.119000,-158.916000,744.405000,277.288000,3.286000,-297.560000,742.762000
label,MET4,pin,-289.358000,741.119000,3.358000,744.405000,292.716000,3.286000,-143.000000,742.762000
label,MET4,pin,-451.632000,741.119000,-143.488000,744.405000,308.144000,3.286000,-297.560000,742.762000
label,MET4,TEXT,-289.919000,741.119000,-259.061000,744.405000,30.858000,3.286000,-274.490000,742.762000
label,MET4,TEXT,-312.775000,741.119000,-282.345000,744.405000,30.430000,3.286000,-297.560000,742.762000
label,MET4,TEXT,-158.565000,741.119000,-128.135000,744.405000,30.430000,3.286000,-143.350000,742.762000
label,MET4,TEXT,-180.442000,741.119000,-150.298000,744.405000,30.144000,3.286000,-165.370000,742.762000
label,MET5,TEXT,-289.919000,741.119000,-259.061000,744.405000,30.858000,3.286000,-274.490000,742.762000
label,MET5,TEXT,-312.775000,741.119000,-282.345000,744.405000,30.430000,3.286000,-297.560000,742.762000
label,MET5,TEXT,-158.565000,741.119000,-128.135000,744.405000,30.430000,3.286000,-143.350000,742.762000
label,MET5,TEXT,-180.442000,741.119000,-150.298000,744.405000,30.144000,3.286000,-165.370000,742.762000
label,METTPL,TEXT,-289.919000,741.369000,-259.061000,744.655000,30.858000,3.286000,-274.490000,743.012000
label,METTPL,TEXT,-180.442000,741.369000,-150.298000,744.655000,30.144000,3.286000,-165.370000,743.012000
label,MET4,TEXT,-289.919000,657.619000,-259.061000,660.905000,30.858000,3.286000,-274.490000,659.262000
label,MET4,TEXT,-312.775000,657.619000,-282.345000,660.905000,30.430000,3.286000,-297.560000,659.262000
label,MET4,TEXT,-158.565000,657.619000,-128.135000,660.905000,30.430000,3.286000,-143.350000,659.262000
label,MET4,TEXT,-180.442000,657.619000,-150.298000,660.905000,30.144000,3.286000,-165.370000,659.262000
label,MET5,TEXT,-289.919000,657.619000,-259.061000,660.905000,30.858000,3.286000,-274.490000,659.262000
label,MET5,TEXT,-312.775000,657.619000,-282.345000,660.905000,30.430000,3.286000,-297.560000,659.262000
label,MET5,TEXT,-158.565000,657.619000,-128.135000,660.905000,30.430000,3.286000,-143.350000,659.262000
label,MET5,TEXT,-180.442000,657.619000,-150.298000,660.905000,30.144000,3.286000,-165.370000,659.262000
label,METTPL,TEXT,-289.919000,657.369000,-259.061000,660.655000,30.858000,3.286000,-274.490000,659.012000
label,METTPL,TEXT,-180.442000,657.369000,-150.298000,660.655000,30.144000,3.286000,-165.370000,659.012000
label,METTPL,TEXT,-313.020000,741.369000,-282.590000,744.655000,30.430000,3.286000,-297.805000,743.012000
label,METTPL,TEXT,-313.020000,657.369000,-282.590000,660.655000,30.430000,3.286000,-297.805000,659.012000
label,METTPL,TEXT,-158.315000,741.369000,-127.885000,744.655000,30.430000,3.286000,-143.100000,743.012000
label,METTPL,TEXT,-158.315000,657.369000,-127.885000,660.655000,30.430000,3.286000,-143.100000,659.012000
label,METTPL,pin,-157.965000,563.619000,-127.535000,566.905000,30.430000,3.286000,-142.750000,565.262000
label,METTPL,pin,-165.679000,647.119000,-119.821000,650.405000,45.858000,3.286000,-142.750000,648.762000
label,METTPL,pin,-328.574000,563.619000,-267.286000,566.905000,61.288000,3.286000,-297.930000,565.262000
label,METTPL,pin,-336.288000,647.119000,-259.572000,650.405000,76.716000,3.286000,-297.930000,648.762000
label,MET5,pin,-204.501000,563.619000,-81.499000,566.905000,123.002000,3.286000,-143.000000,565.262000
label,MET5,pin,-366.775000,563.619000,-228.345000,566.905000,138.430000,3.286000,-297.560000,565.262000
label,MET4,pin,-219.929000,563.619000,-66.071000,566.905000,153.858000,3.286000,-143.000000,565.262000
label,MET4,pin,-382.204000,563.619000,-212.916000,566.905000,169.288000,3.286000,-297.560000,565.262000
label,MET5,pin,-273.929000,647.119000,-12.071000,650.405000,261.858000,3.286000,-143.000000,648.762000
label,MET5,pin,-436.204000,647.119000,-158.916000,650.405000,277.288000,3.286000,-297.560000,648.762000
label,MET4,pin,-289.358000,647.119000,3.358000,650.405000,292.716000,3.286000,-143.000000,648.762000
label,MET4,pin,-451.632000,647.119000,-143.488000,650.405000,308.144000,3.286000,-297.560000,648.762000
label,MET4,TEXT,-289.919000,647.119000,-259.061000,650.405000,30.858000,3.286000,-274.490000,648.762000
label,MET4,TEXT,-312.775000,647.119000,-282.345000,650.405000,30.430000,3.286000,-297.560000,648.762000
label,MET4,TEXT,-158.565000,647.119000,-128.135000,650.405000,30.430000,3.286000,-143.350000,648.762000
label,MET4,TEXT,-180.442000,647.119000,-150.298000,650.405000,30.144000,3.286000,-165.370000,648.762000
label,MET5,TEXT,-289.919000,647.119000,-259.061000,650.405000,30.858000,3.286000,-274.490000,648.762000
label,MET5,TEXT,-312.775000,647.119000,-282.345000,650.405000,30.430000,3.286000,-297.560000,648.762000
label,MET5,TEXT,-158.565000,647.119000,-128.135000,650.405000,30.430000,3.286000,-143.350000,648.762000
label,MET5,TEXT,-180.442000,647.119000,-150.298000,650.405000,30.144000,3.286000,-165.370000,648.762000
label,METTPL,TEXT,-289.919000,647.369000,-259.061000,650.655000,30.858000,3.286000,-274.490000,649.012000
label,METTPL,TEXT,-180.442000,647.369000,-150.298000,650.655000,30.144000,3.286000,-165.370000,649.012000
label,MET4,TEXT,-289.919000,563.619000,-259.061000,566.905000,30.858000,3.286000,-274.490000,565.262000
label,MET4,TEXT,-312.775000,563.619000,-282.345000,566.905000,30.430000,3.286000,-297.560000,565.262000
label,MET4,TEXT,-158.565000,563.619000,-128.135000,566.905000,30.430000,3.286000,-143.350000,565.262000
label,MET4,TEXT,-180.442000,563.619000,-150.298000,566.905000,30.144000,3.286000,-165.370000,565.262000
label,MET5,TEXT,-289.919000,563.619000,-259.061000,566.905000,30.858000,3.286000,-274.490000,565.262000
label,MET5,TEXT,-312.775000,563.619000,-282.345000,566.905000,30.430000,3.286000,-297.560000,565.262000
label,MET5,TEXT,-158.565000,563.619000,-128.135000,566.905000,30.430000,3.286000,-143.350000,565.262000
label,MET5,TEXT,-180.442000,563.619000,-150.298000,566.905000,30.144000,3.286000,-165.370000,565.262000
label,METTPL,TEXT,-289.919000,563.369000,-259.061000,566.655000,30.858000,3.286000,-274.490000,565.012000
label,METTPL,TEXT,-180.442000,563.369000,-150.298000,566.655000,30.144000,3.286000,-165.370000,565.012000
label,METTPL,TEXT,-313.020000,647.369000,-282.590000,650.655000,30.430000,3.286000,-297.805000,649.012000
label,METTPL,TEXT,-313.020000,563.369000,-282.590000,566.655000,30.430000,3.286000,-297.805000,565.012000
label,METTPL,TEXT,-158.315000,647.369000,-127.885000,650.655000,30.430000,3.286000,-143.100000,649.012000
label,METTPL,TEXT,-158.315000,563.369000,-127.885000,566.655000,30.430000,3.286000,-143.100000,565.012000
label,METTPL,pin,-157.965000,469.619000,-127.535000,472.905000,30.430000,3.286000,-142.750000,471.262000
label,METTPL,pin,-165.679000,553.119000,-119.821000,556.405000,45.858000,3.286000,-142.750000,554.762000
label,METTPL,pin,-328.574000,469.619000,-267.286000,472.905000,61.288000,3.286000,-297.930000,471.262000
label,METTPL,pin,-336.288000,553.119000,-259.572000,556.405000,76.716000,3.286000,-297.930000,554.762000
label,MET5,pin,-204.501000,469.619000,-81.499000,472.905000,123.002000,3.286000,-143.000000,471.262000
label,MET5,pin,-366.775000,469.619000,-228.345000,472.905000,138.430000,3.286000,-297.560000,471.262000
label,MET4,pin,-219.929000,469.619000,-66.071000,472.905000,153.858000,3.286000,-143.000000,471.262000
label,MET4,pin,-382.204000,469.619000,-212.916000,472.905000,169.288000,3.286000,-297.560000,471.262000
label,MET5,pin,-273.929000,553.119000,-12.071000,556.405000,261.858000,3.286000,-143.000000,554.762000
label,MET5,pin,-436.204000,553.119000,-158.916000,556.405000,277.288000,3.286000,-297.560000,554.762000
label,MET4,pin,-289.358000,553.119000,3.358000,556.405000,292.716000,3.286000,-143.000000,554.762000
label,MET4,pin,-451.632000,553.119000,-143.488000,556.405000,308.144000,3.286000,-297.560000,554.762000
label,MET4,TEXT,-289.919000,553.119000,-259.061000,556.405000,30.858000,3.286000,-274.490000,554.762000
label,MET4,TEXT,-312.775000,553.119000,-282.345000,556.405000,30.430000,3.286000,-297.560000,554.762000
label,MET4,TEXT,-158.565000,553.119000,-128.135000,556.405000,30.430000,3.286000,-143.350000,554.762000
label,MET4,TEXT,-180.442000,553.119000,-150.298000,556.405000,30.144000,3.286000,-165.370000,554.762000
label,MET5,TEXT,-289.919000,553.119000,-259.061000,556.405000,30.858000,3.286000,-274.490000,554.762000
label,MET5,TEXT,-312.775000,553.119000,-282.345000,556.405000,30.430000,3.286000,-297.560000,554.762000
label,MET5,TEXT,-158.565000,553.119000,-128.135000,556.405000,30.430000,3.286000,-143.350000,554.762000
label,MET5,TEXT,-180.442000,553.119000,-150.298000,556.405000,30.144000,3.286000,-165.370000,554.762000
label,METTPL,TEXT,-289.919000,553.369000,-259.061000,556.655000,30.858000,3.286000,-274.490000,555.012000
label,METTPL,TEXT,-180.442000,553.369000,-150.298000,556.655000,30.144000,3.286000,-165.370000,555.012000
label,MET4,TEXT,-289.919000,469.619000,-259.061000,472.905000,30.858000,3.286000,-274.490000,471.262000
label,MET4,TEXT,-312.775000,469.619000,-282.345000,472.905000,30.430000,3.286000,-297.560000,471.262000
label,MET4,TEXT,-158.565000,469.619000,-128.135000,472.905000,30.430000,3.286000,-143.350000,471.262000
label,MET4,TEXT,-180.442000,469.619000,-150.298000,472.905000,30.144000,3.286000,-165.370000,471.262000
label,MET5,TEXT,-289.919000,469.619000,-259.061000,472.905000,30.858000,3.286000,-274.490000,471.262000
label,MET5,TEXT,-312.775000,469.619000,-282.345000,472.905000,30.430000,3.286000,-297.560000,471.262000
label,MET5,TEXT,-158.565000,469.619000,-128.135000,472.905000,30.430000,3.286000,-143.350000,471.262000
label,MET5,TEXT,-180.442000,469.619000,-150.298000,472.905000,30.144000,3.286000,-165.370000,471.262000
label,METTPL,TEXT,-289.919000,469.369000,-259.061000,472.655000,30.858000,3.286000,-274.490000,471.012000
label,METTPL,TEXT,-180.442000,469.369000,-150.298000,472.655000,30.144000,3.286000,-165.370000,471.012000
label,METTPL,TEXT,-313.020000,553.369000,-282.590000,556.655000,30.430000,3.286000,-297.805000,555.012000
label,METTPL,TEXT,-313.020000,469.369000,-282.590000,472.655000,30.430000,3.286000,-297.805000,471.012000
label,METTPL,TEXT,-158.315000,553.369000,-127.885000,556.655000,30.430000,3.286000,-143.100000,555.012000
label,METTPL,TEXT,-158.315000,469.369000,-127.885000,472.655000,30.430000,3.286000,-143.100000,471.012000
label,METTPL,pin,-157.965000,375.619000,-127.535000,378.905000,30.430000,3.286000,-142.750000,377.262000
label,METTPL,pin,-165.679000,459.119000,-119.821000,462.405000,45.858000,3.286000,-142.750000,460.762000
label,METTPL,pin,-328.574000,375.619000,-267.286000,378.905000,61.288000,3.286000,-297.930000,377.262000
label,METTPL,pin,-336.288000,459.119000,-259.572000,462.405000,76.716000,3.286000,-297.930000,460.762000
label,MET5,pin,-204.501000,375.619000,-81.499000,378.905000,123.002000,3.286000,-143.000000,377.262000
label,MET5,pin,-366.775000,375.619000,-228.345000,378.905000,138.430000,3.286000,-297.560000,377.262000
label,MET4,pin,-219.929000,375.619000,-66.071000,378.905000,153.858000,3.286000,-143.000000,377.262000
label,MET4,pin,-382.204000,375.619000,-212.916000,378.905000,169.288000,3.286000,-297.560000,377.262000
label,MET5,pin,-273.929000,459.119000,-12.071000,462.405000,261.858000,3.286000,-143.000000,460.762000
label,MET5,pin,-436.204000,459.119000,-158.916000,462.405000,277.288000,3.286000,-297.560000,460.762000
label,MET4,pin,-289.358000,459.119000,3.358000,462.405000,292.716000,3.286000,-143.000000,460.762000
label,MET4,pin,-451.632000,459.119000,-143.488000,462.405000,308.144000,3.286000,-297.560000,460.762000
label,MET4,TEXT,-289.919000,459.119000,-259.061000,462.405000,30.858000,3.286000,-274.490000,460.762000
label,MET4,TEXT,-312.775000,459.119000,-282.345000,462.405000,30.430000,3.286000,-297.560000,460.762000
label,MET4,TEXT,-158.565000,459.119000,-128.135000,462.405000,30.430000,3.286000,-143.350000,460.762000
label,MET4,TEXT,-180.442000,459.119000,-150.298000,462.405000,30.144000,3.286000,-165.370000,460.762000
label,MET5,TEXT,-289.919000,459.119000,-259.061000,462.405000,30.858000,3.286000,-274.490000,460.762000
label,MET5,TEXT,-312.775000,459.119000,-282.345000,462.405000,30.430000,3.286000,-297.560000,460.762000
label,MET5,TEXT,-158.565000,459.119000,-128.135000,462.405000,30.430000,3.286000,-143.350000,460.762000
label,MET5,TEXT,-180.442000,459.119000,-150.298000,462.405000,30.144000,3.286000,-165.370000,460.762000
label,METTPL,TEXT,-289.919000,459.369000,-259.061000,462.655000,30.858000,3.286000,-274.490000,461.012000
label,METTPL,TEXT,-180.442000,459.369000,-150.298000,462.655000,30.144000,3.286000,-165.370000,461.012000
label,MET4,TEXT,-289.919000,375.619000,-259.061000,378.905000,30.858000,3.286000,-274.490000,377.262000
label,MET4,TEXT,-312.775000,375.619000,-282.345000,378.905000,30.430000,3.286000,-297.560000,377.262000
label,MET4,TEXT,-158.565000,375.619000,-128.135000,378.905000,30.430000,3.286000,-143.350000,377.262000
label,MET4,TEXT,-180.442000,375.619000,-150.298000,378.905000,30.144000,3.286000,-165.370000,377.262000
label,MET5,TEXT,-289.919000,375.619000,-259.061000,378.905000,30.858000,3.286000,-274.490000,377.262000
label,MET5,TEXT,-312.775000,375.619000,-282.345000,378.905000,30.430000,3.286000,-297.560000,377.262000
label,MET5,TEXT,-158.565000,375.619000,-128.135000,378.905000,30.430000,3.286000,-143.350000,377.262000
label,MET5,TEXT,-180.442000,375.619000,-150.298000,378.905000,30.144000,3.286000,-165.370000,377.262000
label,METTPL,TEXT,-289.919000,375.369000,-259.061000,378.655000,30.858000,3.286000,-274.490000,377.012000
label,METTPL,TEXT,-180.442000,375.369000,-150.298000,378.655000,30.144000,3.286000,-165.370000,377.012000
label,METTPL,TEXT,-313.020000,459.369000,-282.590000,462.655000,30.430000,3.286000,-297.805000,461.012000
label,METTPL,TEXT,-313.020000,375.369000,-282.590000,378.655000,30.430000,3.286000,-297.805000,377.012000
label,METTPL,TEXT,-158.315000,459.369000,-127.885000,462.655000,30.430000,3.286000,-143.100000,461.012000
label,METTPL,TEXT,-158.315000,375.369000,-127.885000,378.655000,30.430000,3.286000,-143.100000,377.012000
label,METTPL,pin,-157.965000,281.619000,-127.535000,284.905000,30.430000,3.286000,-142.750000,283.262000
label,METTPL,pin,-165.679000,365.119000,-119.821000,368.405000,45.858000,3.286000,-142.750000,366.762000
label,METTPL,pin,-328.574000,281.619000,-267.286000,284.905000,61.288000,3.286000,-297.930000,283.262000
label,METTPL,pin,-336.288000,365.119000,-259.572000,368.405000,76.716000,3.286000,-297.930000,366.762000
label,MET5,pin,-204.501000,281.619000,-81.499000,284.905000,123.002000,3.286000,-143.000000,283.262000
label,MET5,pin,-366.775000,281.619000,-228.345000,284.905000,138.430000,3.286000,-297.560000,283.262000
label,MET4,pin,-219.929000,281.619000,-66.071000,284.905000,153.858000,3.286000,-143.000000,283.262000
label,MET4,pin,-382.204000,281.619000,-212.916000,284.905000,169.288000,3.286000,-297.560000,283.262000
label,MET5,pin,-273.929000,365.119000,-12.071000,368.405000,261.858000,3.286000,-143.000000,366.762000
label,MET5,pin,-436.204000,365.119000,-158.916000,368.405000,277.288000,3.286000,-297.560000,366.762000
label,MET4,pin,-289.358000,365.119000,3.358000,368.405000,292.716000,3.286000,-143.000000,366.762000
label,MET4,pin,-451.632000,365.119000,-143.488000,368.405000,308.144000,3.286000,-297.560000,366.762000
label,MET4,TEXT,-289.919000,365.119000,-259.061000,368.405000,30.858000,3.286000,-274.490000,366.762000
label,MET4,TEXT,-312.775000,365.119000,-282.345000,368.405000,30.430000,3.286000,-297.560000,366.762000
label,MET4,TEXT,-158.565000,365.119000,-128.135000,368.405000,30.430000,3.286000,-143.350000,366.762000
label,MET4,TEXT,-180.442000,365.119000,-150.298000,368.405000,30.144000,3.286000,-165.370000,366.762000
label,MET5,TEXT,-289.919000,365.119000,-259.061000,368.405000,30.858000,3.286000,-274.490000,366.762000
label,MET5,TEXT,-312.775000,365.119000,-282.345000,368.405000,30.430000,3.286000,-297.560000,366.762000
label,MET5,TEXT,-158.565000,365.119000,-128.135000,368.405000,30.430000,3.286000,-143.350000,366.762000
label,MET5,TEXT,-180.442000,365.119000,-150.298000,368.405000,30.144000,3.286000,-165.370000,366.762000
label,METTPL,TEXT,-289.919000,365.369000,-259.061000,368.655000,30.858000,3.286000,-274.490000,367.012000
label,METTPL,TEXT,-180.442000,365.369000,-150.298000,368.655000,30.144000,3.286000,-165.370000,367.012000
label,MET4,TEXT,-289.919000,281.619000,-259.061000,284.905000,30.858000,3.286000,-274.490000,283.262000
label,MET4,TEXT,-312.775000,281.619000,-282.345000,284.905000,30.430000,3.286000,-297.560000,283.262000
label,MET4,TEXT,-158.565000,281.619000,-128.135000,284.905000,30.430000,3.286000,-143.350000,283.262000
label,MET4,TEXT,-180.442000,281.619000,-150.298000,284.905000,30.144000,3.286000,-165.370000,283.262000
label,MET5,TEXT,-289.919000,281.619000,-259.061000,284.905000,30.858000,3.286000,-274.490000,283.262000
label,MET5,TEXT,-312.775000,281.619000,-282.345000,284.905000,30.430000,3.286000,-297.560000,283.262000
label,MET5,TEXT,-158.565000,281.619000,-128.135000,284.905000,30.430000,3.286000,-143.350000,283.262000
label,MET5,TEXT,-180.442000,281.619000,-150.298000,284.905000,30.144000,3.286000,-165.370000,283.262000
label,METTPL,TEXT,-289.919000,281.369000,-259.061000,284.655000,30.858000,3.286000,-274.490000,283.012000
label,METTPL,TEXT,-180.442000,281.369000,-150.298000,284.655000,30.144000,3.286000,-165.370000,283.012000
label,METTPL,TEXT,-313.020000,365.369000,-282.590000,368.655000,30.430000,3.286000,-297.805000,367.012000
label,METTPL,TEXT,-313.020000,281.369000,-282.590000,284.655000,30.430000,3.286000,-297.805000,283.012000
label,METTPL,TEXT,-158.315000,365.369000,-127.885000,368.655000,30.430000,3.286000,-143.100000,367.012000
label,METTPL,TEXT,-158.315000,281.369000,-127.885000,284.655000,30.430000,3.286000,-143.100000,283.012000
label,METTPL,pin,-157.965000,187.619000,-127.535000,190.905000,30.430000,3.286000,-142.750000,189.262000
label,METTPL,pin,-165.679000,271.119000,-119.821000,274.405000,45.858000,3.286000,-142.750000,272.762000
label,METTPL,pin,-328.574000,187.619000,-267.286000,190.905000,61.288000,3.286000,-297.930000,189.262000
label,METTPL,pin,-336.288000,271.119000,-259.572000,274.405000,76.716000,3.286000,-297.930000,272.762000
label,MET5,pin,-204.501000,187.619000,-81.499000,190.905000,123.002000,3.286000,-143.000000,189.262000
label,MET5,pin,-366.775000,187.619000,-228.345000,190.905000,138.430000,3.286000,-297.560000,189.262000
label,MET4,pin,-219.929000,187.619000,-66.071000,190.905000,153.858000,3.286000,-143.000000,189.262000
label,MET4,pin,-382.204000,187.619000,-212.916000,190.905000,169.288000,3.286000,-297.560000,189.262000
label,MET5,pin,-273.929000,271.119000,-12.071000,274.405000,261.858000,3.286000,-143.000000,272.762000
label,MET5,pin,-436.204000,271.119000,-158.916000,274.405000,277.288000,3.286000,-297.560000,272.762000
label,MET4,pin,-289.358000,271.119000,3.358000,274.405000,292.716000,3.286000,-143.000000,272.762000
label,MET4,pin,-451.632000,271.119000,-143.488000,274.405000,308.144000,3.286000,-297.560000,272.762000
label,MET4,TEXT,-289.919000,271.119000,-259.061000,274.405000,30.858000,3.286000,-274.490000,272.762000
label,MET4,TEXT,-312.775000,271.119000,-282.345000,274.405000,30.430000,3.286000,-297.560000,272.762000
label,MET4,TEXT,-158.565000,271.119000,-128.135000,274.405000,30.430000,3.286000,-143.350000,272.762000
label,MET4,TEXT,-180.442000,271.119000,-150.298000,274.405000,30.144000,3.286000,-165.370000,272.762000
label,MET5,TEXT,-289.919000,271.119000,-259.061000,274.405000,30.858000,3.286000,-274.490000,272.762000
label,MET5,TEXT,-312.775000,271.119000,-282.345000,274.405000,30.430000,3.286000,-297.560000,272.762000
label,MET5,TEXT,-158.565000,271.119000,-128.135000,274.405000,30.430000,3.286000,-143.350000,272.762000
label,MET5,TEXT,-180.442000,271.119000,-150.298000,274.405000,30.144000,3.286000,-165.370000,272.762000
label,METTPL,TEXT,-289.919000,271.369000,-259.061000,274.655000,30.858000,3.286000,-274.490000,273.012000
label,METTPL,TEXT,-180.442000,271.369000,-150.298000,274.655000,30.144000,3.286000,-165.370000,273.012000
label,MET4,TEXT,-289.919000,187.619000,-259.061000,190.905000,30.858000,3.286000,-274.490000,189.262000
label,MET4,TEXT,-312.775000,187.619000,-282.345000,190.905000,30.430000,3.286000,-297.560000,189.262000
label,MET4,TEXT,-158.565000,187.619000,-128.135000,190.905000,30.430000,3.286000,-143.350000,189.262000
label,MET4,TEXT,-180.442000,187.619000,-150.298000,190.905000,30.144000,3.286000,-165.370000,189.262000
label,MET5,TEXT,-289.919000,187.619000,-259.061000,190.905000,30.858000,3.286000,-274.490000,189.262000
label,MET5,TEXT,-312.775000,187.619000,-282.345000,190.905000,30.430000,3.286000,-297.560000,189.262000
label,MET5,TEXT,-158.565000,187.619000,-128.135000,190.905000,30.430000,3.286000,-143.350000,189.262000
label,MET5,TEXT,-180.442000,187.619000,-150.298000,190.905000,30.144000,3.286000,-165.370000,189.262000
label,METTPL,TEXT,-289.919000,187.369000,-259.061000,190.655000,30.858000,3.286000,-274.490000,189.012000
label,METTPL,TEXT,-180.442000,187.369000,-150.298000,190.655000,30.144000,3.286000,-165.370000,189.012000
label,METTPL,TEXT,-313.020000,271.369000,-282.590000,274.655000,30.430000,3.286000,-297.805000,273.012000
label,METTPL,TEXT,-313.020000,187.369000,-282.590000,190.655000,30.430000,3.286000,-297.805000,189.012000
label,METTPL,TEXT,-158.315000,271.369000,-127.885000,274.655000,30.430000,3.286000,-143.100000,273.012000
label,METTPL,TEXT,-158.315000,187.369000,-127.885000,190.655000,30.430000,3.286000,-143.100000,189.012000
rect,METTPL,pin,-47.130000,168.315000,-46.630000,176.555000,0.500000,8.240000,-46.880000,172.435000
rect,METTPL,pin,-130.630000,168.315000,-130.130000,176.555000,0.500000,8.240000,-130.380000,172.435000
rect,METTPL,pin,-47.130000,13.555000,-46.630000,20.955000,0.500000,7.400000,-46.880000,17.255000
rect,METTPL,pin,-130.630000,13.555000,-130.130000,20.955000,0.500000,7.400000,-130.380000,17.255000
rect,MET5,pin,-47.130000,167.815000,-46.630000,176.555000,0.500000,8.740000,-46.880000,172.185000
rect,MET5,pin,-47.130000,13.555000,-46.630000,21.695000,0.500000,8.140000,-46.880000,17.625000
rect,MET4,pin,-47.130000,167.815000,-46.630000,176.555000,0.500000,8.740000,-46.880000,172.185000
rect,MET4,pin,-47.130000,13.555000,-46.630000,21.695000,0.500000,8.140000,-46.880000,17.625000
rect,MET5,pin,-130.630000,167.815000,-130.130000,176.555000,0.500000,8.740000,-130.380000,172.185000
rect,MET5,pin,-130.630000,13.555000,-130.130000,21.695000,0.500000,8.140000,-130.380000,17.625000
rect,MET4,pin,-130.630000,167.815000,-130.130000,176.555000,0.500000,8.740000,-130.380000,172.185000
rect,MET4,pin,-130.630000,13.555000,-130.130000,21.695000,0.500000,8.140000,-130.380000,17.625000
rect,METTPL,pin,-47.130000,168.315000,-46.630000,176.555000,0.500000,8.240000,-46.880000,172.435000
rect,METTPL,pin,-130.630000,168.315000,-130.130000,176.555000,0.500000,8.240000,-130.380000,172.435000
rect,METTPL,pin,-47.130000,13.555000,-46.630000,20.955000,0.500000,7.400000,-46.880000,17.255000
rect,METTPL,pin,-130.630000,13.555000,-130.130000,20.955000,0.500000,7.400000,-130.380000,17.255000
rect,MET5,pin,-47.130000,167.815000,-46.630000,176.555000,0.500000,8.740000,-46.880000,172.185000
rect,MET5,pin,-47.130000,13.555000,-46.630000,21.695000,0.500000,8.140000,-46.880000,17.625000
rect,MET4,pin,-47.130000,167.815000,-46.630000,176.555000,0.500000,8.740000,-46.880000,172.185000
rect,MET4,pin,-47.130000,13.555000,-46.630000,21.695000,0.500000,8.140000,-46.880000,17.625000
rect,MET5,pin,-130.630000,167.815000,-130.130000,176.555000,0.500000,8.740000,-130.380000,172.185000
rect,MET5,pin,-130.630000,13.555000,-130.130000,21.695000,0.500000,8.140000,-130.380000,17.625000
rect,MET4,pin,-130.630000,167.815000,-130.130000,176.555000,0.500000,8.740000,-130.380000,172.185000
rect,MET4,pin,-130.630000,13.555000,-130.130000,21.695000,0.500000,8.140000,-130.380000,17.625000
rect,METTPL,pin,-47.130000,133.815000,-46.630000,165.815000,0.500000,32.000000,-46.880000,149.815000
rect,MET5,pin,-47.130000,133.815000,-46.630000,165.815000,0.500000,32.000000,-46.880000,149.815000
rect,MET4,pin,-47.130000,133.815000,-46.630000,165.815000,0.500000,32.000000,-46.880000,149.815000
rect,METTPL,pin,-130.630000,133.815000,-130.130000,165.815000,0.500000,32.000000,-130.380000,149.815000
rect,MET5,pin,-130.630000,133.815000,-130.130000,165.815000,0.500000,32.000000,-130.380000,149.815000
rect,MET4,pin,-130.630000,133.815000,-130.130000,165.815000,0.500000,32.000000,-130.380000,149.815000
rect,METTPL,pin,-47.130000,23.695000,-46.630000,57.695000,0.500000,34.000000,-46.880000,40.695000
rect,MET5,pin,-47.130000,23.695000,-46.630000,57.695000,0.500000,34.000000,-46.880000,40.695000
rect,MET4,pin,-47.130000,23.695000,-46.630000,57.695000,0.500000,34.000000,-46.880000,40.695000
rect,METTPL,pin,-130.630000,23.695000,-130.130000,57.695000,0.500000,34.000000,-130.380000,40.695000
rect,MET5,pin,-130.630000,23.695000,-130.130000,57.695000,0.500000,34.000000,-130.380000,40.695000
rect,MET4,pin,-130.630000,23.695000,-130.130000,57.695000,0.500000,34.000000,-130.380000,40.695000
rect,MET4,pin,-85.930000,2557.895000,-85.430000,2589.895000,0.500000,32.000000,-85.680000,2573.895000
rect,METTPL,pin,43.570000,2557.895000,44.070000,2589.895000,0.500000,32.000000,43.820000,2573.895000
rect,MET5,pin,-85.930000,2557.895000,-85.430000,2589.895000,0.500000,32.000000,-85.680000,2573.895000
rect,METTPL,pin,-85.930000,2557.895000,-85.430000,2589.895000,0.500000,32.000000,-85.680000,2573.895000
rect,MET5,pin,43.570000,2557.895000,44.070000,2589.895000,0.500000,32.000000,43.820000,2573.895000
rect,MET4,pin,43.570000,2557.895000,44.070000,2589.895000,0.500000,32.000000,43.820000,2573.895000
rect,METTPL,pin,-85.930000,2557.895000,-85.430000,2589.895000,0.500000,32.000000,-85.680000,2573.895000
rect,MET4,pin,92.870000,133.815000,93.370000,165.815000,0.500000,32.000000,93.120000,149.815000
rect,METTPL,pin,-36.630000,133.815000,-36.130000,165.815000,0.500000,32.000000,-36.380000,149.815000
rect,MET5,pin,92.870000,133.815000,93.370000,165.815000,0.500000,32.000000,93.120000,149.815000
rect,METTPL,pin,92.870000,133.815000,93.370000,165.815000,0.500000,32.000000,93.120000,149.815000
rect,MET5,pin,-36.630000,133.815000,-36.130000,165.815000,0.500000,32.000000,-36.380000,149.815000
rect,MET4,pin,-36.630000,133.815000,-36.130000,165.815000,0.500000,32.000000,-36.380000,149.815000
rect,METTPL,pin,92.870000,133.815000,93.370000,165.815000,0.500000,32.000000,93.120000,149.815000
rect,METTPL,pin,43.570000,2557.895000,44.070000,2589.895000,0.500000,32.000000,43.820000,2573.895000
rect,METTPL,pin,-36.630000,133.815000,-36.130000,165.815000,0.500000,32.000000,-36.380000,149.815000
rect,MET4,pin,-85.930000,2702.015000,-85.430000,2710.155000,0.500000,8.140000,-85.680000,2706.085000
rect,MET4,pin,-85.930000,2547.155000,-85.430000,2555.895000,0.500000,8.740000,-85.680000,2551.525000
rect,MET5,pin,43.570000,2547.155000,44.070000,2555.895000,0.500000,8.740000,43.820000,2551.525000
rect,MET4,pin,43.570000,2702.015000,44.070000,2710.155000,0.500000,8.140000,43.820000,2706.085000
rect,METTPL,pin,43.570000,2547.155000,44.070000,2555.395000,0.500000,8.240000,43.820000,2551.275000
rect,MET5,pin,43.570000,2702.015000,44.070000,2710.155000,0.500000,8.140000,43.820000,2706.085000
rect,MET5,pin,-85.930000,2702.015000,-85.430000,2710.155000,0.500000,8.140000,-85.680000,2706.085000
rect,METTPL,pin,43.570000,2702.755000,44.070000,2710.155000,0.500000,7.400000,43.820000,2706.455000
rect,METTPL,pin,-85.930000,2547.155000,-85.430000,2555.395000,0.500000,8.240000,-85.680000,2551.275000
rect,MET4,pin,43.570000,2547.155000,44.070000,2555.895000,0.500000,8.740000,43.820000,2551.525000
rect,MET5,pin,-85.930000,2547.155000,-85.430000,2555.895000,0.500000,8.740000,-85.680000,2551.525000
rect,METTPL,pin,-85.930000,2702.755000,-85.430000,2710.155000,0.500000,7.400000,-85.680000,2706.455000
rect,MET4,pin,92.870000,13.555000,93.370000,21.695000,0.500000,8.140000,93.120000,17.625000
rect,MET4,pin,92.870000,167.815000,93.370000,176.555000,0.500000,8.740000,93.120000,172.185000
rect,MET5,pin,-36.630000,167.815000,-36.130000,176.555000,0.500000,8.740000,-36.380000,172.185000
rect,MET4,pin,-36.630000,13.555000,-36.130000,21.695000,0.500000,8.140000,-36.380000,17.625000
rect,METTPL,pin,-36.630000,168.315000,-36.130000,176.555000,0.500000,8.240000,-36.380000,172.435000
rect,MET5,pin,-36.630000,13.555000,-36.130000,21.695000,0.500000,8.140000,-36.380000,17.625000
rect,MET5,pin,92.870000,13.555000,93.370000,21.695000,0.500000,8.140000,93.120000,17.625000
rect,METTPL,pin,-36.630000,13.555000,-36.130000,20.955000,0.500000,7.400000,-36.380000,17.255000
rect,METTPL,pin,92.870000,168.315000,93.370000,176.555000,0.500000,8.240000,93.120000,172.435000
rect,MET4,pin,-36.630000,167.815000,-36.130000,176.555000,0.500000,8.740000,-36.380000,172.185000
rect,MET5,pin,92.870000,167.815000,93.370000,176.555000,0.500000,8.740000,93.120000,172.185000
rect,METTPL,pin,92.870000,13.555000,93.370000,20.955000,0.500000,7.400000,93.120000,17.255000
rect,MET5,pin,-85.930000,2702.015000,-85.430000,2710.155000,0.500000,8.140000,-85.680000,2706.085000
rect,MET5,pin,92.870000,13.555000,93.370000,21.695000,0.500000,8.140000,93.120000,17.625000
rect,MET4,pin,-85.930000,2702.015000,-85.430000,2710.155000,0.500000,8.140000,-85.680000,2706.085000
rect,MET4,pin,92.870000,13.555000,93.370000,21.695000,0.500000,8.140000,93.120000,17.625000
rect,MET4,pin,-85.930000,2547.155000,-85.430000,2555.895000,0.500000,8.740000,-85.680000,2551.525000
rect,MET4,pin,92.870000,167.815000,93.370000,176.555000,0.500000,8.740000,93.120000,172.185000
rect,MET5,pin,-85.930000,2547.155000,-85.430000,2555.895000,0.500000,8.740000,-85.680000,2551.525000
rect,MET5,pin,92.870000,167.815000,93.370000,176.555000,0.500000,8.740000,93.120000,172.185000
rect,METTPL,pin,-85.930000,2547.155000,-85.430000,2555.395000,0.500000,8.240000,-85.680000,2551.275000
rect,METTPL,pin,92.870000,168.315000,93.370000,176.555000,0.500000,8.240000,93.120000,172.435000
rect,METTPL,pin,-85.930000,2702.755000,-85.430000,2710.155000,0.500000,7.400000,-85.680000,2706.455000
rect,METTPL,pin,92.870000,13.555000,93.370000,20.955000,0.500000,7.400000,93.120000,17.255000
rect,METTPL,pin,43.570000,2702.755000,44.070000,2710.155000,0.500000,7.400000,43.820000,2706.455000
rect,METTPL,pin,-36.630000,13.555000,-36.130000,20.955000,0.500000,7.400000,-36.380000,17.255000
rect,MET5,pin,43.570000,2702.015000,44.070000,2710.155000,0.500000,8.140000,43.820000,2706.085000
rect,MET5,pin,-36.630000,13.555000,-36.130000,21.695000,0.500000,8.140000,-36.380000,17.625000
rect,MET4,pin,43.570000,2702.015000,44.070000,2710.155000,0.500000,8.140000,43.820000,2706.085000
rect,MET4,pin,-36.630000,13.555000,-36.130000,21.695000,0.500000,8.140000,-36.380000,17.625000
rect,METTPL,pin,43.570000,2547.155000,44.070000,2555.395000,0.500000,8.240000,43.820000,2551.275000
rect,METTPL,pin,-36.630000,168.315000,-36.130000,176.555000,0.500000,8.240000,-36.380000,172.435000
rect,MET5,pin,43.570000,2547.155000,44.070000,2555.895000,0.500000,8.740000,43.820000,2551.525000
rect,MET5,pin,-36.630000,167.815000,-36.130000,176.555000,0.500000,8.740000,-36.380000,172.185000
rect,MET4,pin,43.570000,2547.155000,44.070000,2555.895000,0.500000,8.740000,43.820000,2551.525000
rect,MET4,pin,-36.630000,167.815000,-36.130000,176.555000,0.500000,8.740000,-36.380000,172.185000
rect,METTPL,pin,-85.930000,2666.015000,-85.430000,2700.015000,0.500000,34.000000,-85.680000,2683.015000
rect,METTPL,pin,43.570000,2666.015000,44.070000,2700.015000,0.500000,34.000000,43.820000,2683.015000
rect,MET5,pin,-85.930000,2666.015000,-85.430000,2700.015000,0.500000,34.000000,-85.680000,2683.015000
rect,MET4,pin,-85.930000,2666.015000,-85.430000,2700.015000,0.500000,34.000000,-85.680000,2683.015000
rect,MET5,pin,43.570000,2666.015000,44.070000,2700.015000,0.500000,34.000000,43.820000,2683.015000
rect,MET4,pin,43.570000,2666.015000,44.070000,2700.015000,0.500000,34.000000,43.820000,2683.015000
rect,METTPL,pin,-85.930000,2666.015000,-85.430000,2700.015000,0.500000,34.000000,-85.680000,2683.015000
rect,METTPL,pin,92.870000,23.695000,93.370000,57.695000,0.500000,34.000000,93.120000,40.695000
rect,METTPL,pin,-36.630000,23.695000,-36.130000,57.695000,0.500000,34.000000,-36.380000,40.695000
rect,MET5,pin,92.870000,23.695000,93.370000,57.695000,0.500000,34.000000,93.120000,40.695000
rect,MET4,pin,92.870000,23.695000,93.370000,57.695000,0.500000,34.000000,93.120000,40.695000
rect,MET5,pin,-36.630000,23.695000,-36.130000,57.695000,0.500000,34.000000,-36.380000,40.695000
rect,MET4,pin,-36.630000,23.695000,-36.130000,57.695000,0.500000,34.000000,-36.380000,40.695000
rect,METTPL,pin,92.870000,23.695000,93.370000,57.695000,0.500000,34.000000,93.120000,40.695000
rect,METTPL,pin,43.570000,2666.015000,44.070000,2700.015000,0.500000,34.000000,43.820000,2683.015000
rect,METTPL,pin,-36.630000,23.695000,-36.130000,57.695000,0.500000,34.000000,-36.380000,40.695000
rect,METTPL,pin,414.970000,23.695000,415.470000,57.695000,0.500000,34.000000,415.220000,40.695000
rect,MET5,pin,414.970000,23.695000,415.470000,57.695000,0.500000,34.000000,415.220000,40.695000
rect,MET4,pin,414.970000,23.695000,415.470000,57.695000,0.500000,34.000000,415.220000,40.695000
rect,METTPL,pin,331.470000,23.695000,331.970000,57.695000,0.500000,34.000000,331.720000,40.695000
rect,MET5,pin,331.470000,23.695000,331.970000,57.695000,0.500000,34.000000,331.720000,40.695000
rect,MET4,pin,331.470000,23.695000,331.970000,57.695000,0.500000,34.000000,331.720000,40.695000
rect,METTPL,pin,320.970000,23.695000,321.470000,57.695000,0.500000,34.000000,321.220000,40.695000
rect,MET5,pin,320.970000,23.695000,321.470000,57.695000,0.500000,34.000000,321.220000,40.695000
rect,MET4,pin,320.970000,23.695000,321.470000,57.695000,0.500000,34.000000,321.220000,40.695000
rect,METTPL,pin,237.470000,23.695000,237.970000,57.695000,0.500000,34.000000,237.720000,40.695000
rect,MET5,pin,237.470000,23.695000,237.970000,57.695000,0.500000,34.000000,237.720000,40.695000
rect,MET4,pin,237.470000,23.695000,237.970000,57.695000,0.500000,34.000000,237.720000,40.695000
rect,METTPL,pin,226.970000,23.695000,227.470000,57.695000,0.500000,34.000000,227.220000,40.695000
rect,MET5,pin,226.970000,23.695000,227.470000,57.695000,0.500000,34.000000,227.220000,40.695000
rect,MET4,pin,226.970000,23.695000,227.470000,57.695000,0.500000,34.000000,227.220000,40.695000
rect,METTPL,pin,143.470000,23.695000,143.970000,57.695000,0.500000,34.000000,143.720000,40.695000
rect,MET5,pin,143.470000,23.695000,143.970000,57.695000,0.500000,34.000000,143.720000,40.695000
rect,MET4,pin,143.470000,23.695000,143.970000,57.695000,0.500000,34.000000,143.720000,40.695000
rect,METTPL,pin,414.970000,168.315000,415.470000,176.555000,0.500000,8.240000,415.220000,172.435000
rect,METTPL,pin,331.470000,168.315000,331.970000,176.555000,0.500000,8.240000,331.720000,172.435000
rect,METTPL,pin,414.970000,13.555000,415.470000,20.955000,0.500000,7.400000,415.220000,17.255000
rect,METTPL,pin,331.470000,13.555000,331.970000,20.955000,0.500000,7.400000,331.720000,17.255000
rect,MET5,pin,414.970000,167.815000,415.470000,176.555000,0.500000,8.740000,415.220000,172.185000
rect,MET5,pin,414.970000,13.555000,415.470000,21.695000,0.500000,8.140000,415.220000,17.625000
rect,MET4,pin,414.970000,167.815000,415.470000,176.555000,0.500000,8.740000,415.220000,172.185000
rect,MET4,pin,414.970000,13.555000,415.470000,21.695000,0.500000,8.140000,415.220000,17.625000
rect,MET5,pin,331.470000,167.815000,331.970000,176.555000,0.500000,8.740000,331.720000,172.185000
rect,MET5,pin,331.470000,13.555000,331.970000,21.695000,0.500000,8.140000,331.720000,17.625000
rect,MET4,pin,331.470000,167.815000,331.970000,176.555000,0.500000,8.740000,331.720000,172.185000
rect,MET4,pin,331.470000,13.555000,331.970000,21.695000,0.500000,8.140000,331.720000,17.625000
rect,METTPL,pin,414.970000,168.315000,415.470000,176.555000,0.500000,8.240000,415.220000,172.435000
rect,METTPL,pin,320.970000,168.315000,321.470000,176.555000,0.500000,8.240000,321.220000,172.435000
rect,METTPL,pin,237.470000,168.315000,237.970000,176.555000,0.500000,8.240000,237.720000,172.435000
rect,METTPL,pin,320.970000,13.555000,321.470000,20.955000,0.500000,7.400000,321.220000,17.255000
rect,METTPL,pin,237.470000,13.555000,237.970000,20.955000,0.500000,7.400000,237.720000,17.255000
rect,MET5,pin,320.970000,167.815000,321.470000,176.555000,0.500000,8.740000,321.220000,172.185000
rect,MET5,pin,320.970000,13.555000,321.470000,21.695000,0.500000,8.140000,321.220000,17.625000
rect,MET4,pin,320.970000,167.815000,321.470000,176.555000,0.500000,8.740000,321.220000,172.185000
rect,MET4,pin,320.970000,13.555000,321.470000,21.695000,0.500000,8.140000,321.220000,17.625000
rect,MET5,pin,237.470000,167.815000,237.970000,176.555000,0.500000,8.740000,237.720000,172.185000
rect,MET5,pin,237.470000,13.555000,237.970000,21.695000,0.500000,8.140000,237.720000,17.625000
rect,MET4,pin,237.470000,167.815000,237.970000,176.555000,0.500000,8.740000,237.720000,172.185000
rect,MET4,pin,237.470000,13.555000,237.970000,21.695000,0.500000,8.140000,237.720000,17.625000
rect,METTPL,pin,320.970000,168.315000,321.470000,176.555000,0.500000,8.240000,321.220000,172.435000
rect,METTPL,pin,226.970000,168.315000,227.470000,176.555000,0.500000,8.240000,227.220000,172.435000
rect,METTPL,pin,143.470000,168.315000,143.970000,176.555000,0.500000,8.240000,143.720000,172.435000
rect,METTPL,pin,226.970000,13.555000,227.470000,20.955000,0.500000,7.400000,227.220000,17.255000
rect,METTPL,pin,143.470000,13.555000,143.970000,20.955000,0.500000,7.400000,143.720000,17.255000
rect,MET5,pin,226.970000,167.815000,227.470000,176.555000,0.500000,8.740000,227.220000,172.185000
rect,MET5,pin,226.970000,13.555000,227.470000,21.695000,0.500000,8.140000,227.220000,17.625000
rect,MET4,pin,226.970000,167.815000,227.470000,176.555000,0.500000,8.740000,227.220000,172.185000
rect,MET4,pin,226.970000,13.555000,227.470000,21.695000,0.500000,8.140000,227.220000,17.625000
rect,MET5,pin,143.470000,167.815000,143.970000,176.555000,0.500000,8.740000,143.720000,172.185000
rect,MET5,pin,143.470000,13.555000,143.970000,21.695000,0.500000,8.140000,143.720000,17.625000
rect,MET4,pin,143.470000,167.815000,143.970000,176.555000,0.500000,8.740000,143.720000,172.185000
rect,MET4,pin,143.470000,13.555000,143.970000,21.695000,0.500000,8.140000,143.720000,17.625000
rect,METTPL,pin,226.970000,168.315000,227.470000,176.555000,0.500000,8.240000,227.220000,172.435000
rect,METTPL,pin,331.470000,168.315000,331.970000,176.555000,0.500000,8.240000,331.720000,172.435000
rect,METTPL,pin,237.470000,168.315000,237.970000,176.555000,0.500000,8.240000,237.720000,172.435000
rect,METTPL,pin,143.470000,168.315000,143.970000,176.555000,0.500000,8.240000,143.720000,172.435000
rect,METTPL,pin,414.970000,13.555000,415.470000,20.955000,0.500000,7.400000,415.220000,17.255000
rect,METTPL,pin,320.970000,13.555000,321.470000,20.955000,0.500000,7.400000,321.220000,17.255000
rect,METTPL,pin,226.970000,13.555000,227.470000,20.955000,0.500000,7.400000,227.220000,17.255000
rect,METTPL,pin,331.470000,13.555000,331.970000,20.955000,0.500000,7.400000,331.720000,17.255000
rect,METTPL,pin,237.470000,13.555000,237.970000,20.955000,0.500000,7.400000,237.720000,17.255000
rect,METTPL,pin,143.470000,13.555000,143.970000,20.955000,0.500000,7.400000,143.720000,17.255000
rect,MET5,pin,414.970000,167.815000,415.470000,176.555000,0.500000,8.740000,415.220000,172.185000
rect,MET5,pin,320.970000,167.815000,321.470000,176.555000,0.500000,8.740000,321.220000,172.185000
rect,MET5,pin,226.970000,167.815000,227.470000,176.555000,0.500000,8.740000,227.220000,172.185000
rect,MET5,pin,414.970000,13.555000,415.470000,21.695000,0.500000,8.140000,415.220000,17.625000
rect,MET5,pin,320.970000,13.555000,321.470000,21.695000,0.500000,8.140000,321.220000,17.625000
rect,MET5,pin,226.970000,13.555000,227.470000,21.695000,0.500000,8.140000,227.220000,17.625000
rect,MET4,pin,414.970000,167.815000,415.470000,176.555000,0.500000,8.740000,415.220000,172.185000
rect,MET4,pin,320.970000,167.815000,321.470000,176.555000,0.500000,8.740000,321.220000,172.185000
rect,MET4,pin,226.970000,167.815000,227.470000,176.555000,0.500000,8.740000,227.220000,172.185000
rect,MET4,pin,414.970000,13.555000,415.470000,21.695000,0.500000,8.140000,415.220000,17.625000
rect,MET4,pin,320.970000,13.555000,321.470000,21.695000,0.500000,8.140000,321.220000,17.625000
rect,MET4,pin,226.970000,13.555000,227.470000,21.695000,0.500000,8.140000,227.220000,17.625000
rect,MET5,pin,331.470000,167.815000,331.970000,176.555000,0.500000,8.740000,331.720000,172.185000
rect,MET5,pin,237.470000,167.815000,237.970000,176.555000,0.500000,8.740000,237.720000,172.185000
rect,MET5,pin,143.470000,167.815000,143.970000,176.555000,0.500000,8.740000,143.720000,172.185000
rect,MET5,pin,331.470000,13.555000,331.970000,21.695000,0.500000,8.140000,331.720000,17.625000
rect,MET5,pin,237.470000,13.555000,237.970000,21.695000,0.500000,8.140000,237.720000,17.625000
rect,MET5,pin,143.470000,13.555000,143.970000,21.695000,0.500000,8.140000,143.720000,17.625000
rect,MET4,pin,331.470000,167.815000,331.970000,176.555000,0.500000,8.740000,331.720000,172.185000
rect,MET4,pin,237.470000,167.815000,237.970000,176.555000,0.500000,8.740000,237.720000,172.185000
rect,MET4,pin,143.470000,167.815000,143.970000,176.555000,0.500000,8.740000,143.720000,172.185000
rect,MET4,pin,331.470000,13.555000,331.970000,21.695000,0.500000,8.140000,331.720000,17.625000
rect,MET4,pin,237.470000,13.555000,237.970000,21.695000,0.500000,8.140000,237.720000,17.625000
rect,MET4,pin,143.470000,13.555000,143.970000,21.695000,0.500000,8.140000,143.720000,17.625000
rect,METTPL,pin,414.970000,133.815000,415.470000,165.815000,0.500000,32.000000,415.220000,149.815000
rect,MET5,pin,414.970000,133.815000,415.470000,165.815000,0.500000,32.000000,415.220000,149.815000
rect,MET4,pin,414.970000,133.815000,415.470000,165.815000,0.500000,32.000000,415.220000,149.815000
rect,METTPL,pin,331.470000,133.815000,331.970000,165.815000,0.500000,32.000000,331.720000,149.815000
rect,MET5,pin,331.470000,133.815000,331.970000,165.815000,0.500000,32.000000,331.720000,149.815000
rect,MET4,pin,331.470000,133.815000,331.970000,165.815000,0.500000,32.000000,331.720000,149.815000
rect,METTPL,pin,320.970000,133.815000,321.470000,165.815000,0.500000,32.000000,321.220000,149.815000
rect,MET5,pin,320.970000,133.815000,321.470000,165.815000,0.500000,32.000000,321.220000,149.815000
rect,MET4,pin,320.970000,133.815000,321.470000,165.815000,0.500000,32.000000,321.220000,149.815000
rect,METTPL,pin,237.470000,133.815000,237.970000,165.815000,0.500000,32.000000,237.720000,149.815000
rect,MET5,pin,237.470000,133.815000,237.970000,165.815000,0.500000,32.000000,237.720000,149.815000
rect,MET4,pin,237.470000,133.815000,237.970000,165.815000,0.500000,32.000000,237.720000,149.815000
rect,METTPL,pin,226.970000,133.815000,227.470000,165.815000,0.500000,32.000000,227.220000,149.815000
rect,MET5,pin,226.970000,133.815000,227.470000,165.815000,0.500000,32.000000,227.220000,149.815000
rect,MET4,pin,226.970000,133.815000,227.470000,165.815000,0.500000,32.000000,227.220000,149.815000
rect,METTPL,pin,143.470000,133.815000,143.970000,165.815000,0.500000,32.000000,143.720000,149.815000
rect,MET5,pin,143.470000,133.815000,143.970000,165.815000,0.500000,32.000000,143.720000,149.815000
rect,MET4,pin,143.470000,133.815000,143.970000,165.815000,0.500000,32.000000,143.720000,149.815000
rect,METTPL,pin,696.970000,23.695000,697.470000,57.695000,0.500000,34.000000,697.220000,40.695000
rect,MET5,pin,696.970000,23.695000,697.470000,57.695000,0.500000,34.000000,697.220000,40.695000
rect,MET4,pin,696.970000,23.695000,697.470000,57.695000,0.500000,34.000000,697.220000,40.695000
rect,METTPL,pin,613.470000,23.695000,613.970000,57.695000,0.500000,34.000000,613.720000,40.695000
rect,MET5,pin,613.470000,23.695000,613.970000,57.695000,0.500000,34.000000,613.720000,40.695000
rect,MET4,pin,613.470000,23.695000,613.970000,57.695000,0.500000,34.000000,613.720000,40.695000
rect,METTPL,pin,602.970000,23.695000,603.470000,57.695000,0.500000,34.000000,603.220000,40.695000
rect,MET5,pin,602.970000,23.695000,603.470000,57.695000,0.500000,34.000000,603.220000,40.695000
rect,MET4,pin,602.970000,23.695000,603.470000,57.695000,0.500000,34.000000,603.220000,40.695000
rect,METTPL,pin,519.470000,23.695000,519.970000,57.695000,0.500000,34.000000,519.720000,40.695000
rect,MET5,pin,519.470000,23.695000,519.970000,57.695000,0.500000,34.000000,519.720000,40.695000
rect,MET4,pin,519.470000,23.695000,519.970000,57.695000,0.500000,34.000000,519.720000,40.695000
rect,METTPL,pin,508.970000,23.695000,509.470000,57.695000,0.500000,34.000000,509.220000,40.695000
rect,MET5,pin,508.970000,23.695000,509.470000,57.695000,0.500000,34.000000,509.220000,40.695000
rect,MET4,pin,508.970000,23.695000,509.470000,57.695000,0.500000,34.000000,509.220000,40.695000
rect,METTPL,pin,425.470000,23.695000,425.970000,57.695000,0.500000,34.000000,425.720000,40.695000
rect,MET5,pin,425.470000,23.695000,425.970000,57.695000,0.500000,34.000000,425.720000,40.695000
rect,MET4,pin,425.470000,23.695000,425.970000,57.695000,0.500000,34.000000,425.720000,40.695000
rect,METTPL,pin,696.970000,168.315000,697.470000,176.555000,0.500000,8.240000,697.220000,172.435000
rect,METTPL,pin,613.470000,168.315000,613.970000,176.555000,0.500000,8.240000,613.720000,172.435000
rect,METTPL,pin,696.970000,13.555000,697.470000,20.955000,0.500000,7.400000,697.220000,17.255000
rect,METTPL,pin,613.470000,13.555000,613.970000,20.955000,0.500000,7.400000,613.720000,17.255000
rect,MET5,pin,696.970000,167.815000,697.470000,176.555000,0.500000,8.740000,697.220000,172.185000
rect,MET5,pin,696.970000,13.555000,697.470000,21.695000,0.500000,8.140000,697.220000,17.625000
rect,MET4,pin,696.970000,167.815000,697.470000,176.555000,0.500000,8.740000,697.220000,172.185000
rect,MET4,pin,696.970000,13.555000,697.470000,21.695000,0.500000,8.140000,697.220000,17.625000
rect,MET5,pin,613.470000,167.815000,613.970000,176.555000,0.500000,8.740000,613.720000,172.185000
rect,MET5,pin,613.470000,13.555000,613.970000,21.695000,0.500000,8.140000,613.720000,17.625000
rect,MET4,pin,613.470000,167.815000,613.970000,176.555000,0.500000,8.740000,613.720000,172.185000
rect,MET4,pin,613.470000,13.555000,613.970000,21.695000,0.500000,8.140000,613.720000,17.625000
rect,METTPL,pin,696.970000,168.315000,697.470000,176.555000,0.500000,8.240000,697.220000,172.435000
rect,METTPL,pin,602.970000,168.315000,603.470000,176.555000,0.500000,8.240000,603.220000,172.435000
rect,METTPL,pin,519.470000,168.315000,519.970000,176.555000,0.500000,8.240000,519.720000,172.435000
rect,METTPL,pin,602.970000,13.555000,603.470000,20.955000,0.500000,7.400000,603.220000,17.255000
rect,METTPL,pin,519.470000,13.555000,519.970000,20.955000,0.500000,7.400000,519.720000,17.255000
rect,MET5,pin,602.970000,167.815000,603.470000,176.555000,0.500000,8.740000,603.220000,172.185000
rect,MET5,pin,602.970000,13.555000,603.470000,21.695000,0.500000,8.140000,603.220000,17.625000
rect,MET4,pin,602.970000,167.815000,603.470000,176.555000,0.500000,8.740000,603.220000,172.185000
rect,MET4,pin,602.970000,13.555000,603.470000,21.695000,0.500000,8.140000,603.220000,17.625000
rect,MET5,pin,519.470000,167.815000,519.970000,176.555000,0.500000,8.740000,519.720000,172.185000
rect,MET5,pin,519.470000,13.555000,519.970000,21.695000,0.500000,8.140000,519.720000,17.625000
rect,MET4,pin,519.470000,167.815000,519.970000,176.555000,0.500000,8.740000,519.720000,172.185000
rect,MET4,pin,519.470000,13.555000,519.970000,21.695000,0.500000,8.140000,519.720000,17.625000
rect,METTPL,pin,602.970000,168.315000,603.470000,176.555000,0.500000,8.240000,603.220000,172.435000
rect,METTPL,pin,508.970000,168.315000,509.470000,176.555000,0.500000,8.240000,509.220000,172.435000
rect,METTPL,pin,425.470000,168.315000,425.970000,176.555000,0.500000,8.240000,425.720000,172.435000
rect,METTPL,pin,508.970000,13.555000,509.470000,20.955000,0.500000,7.400000,509.220000,17.255000
rect,METTPL,pin,425.470000,13.555000,425.970000,20.955000,0.500000,7.400000,425.720000,17.255000
rect,MET5,pin,508.970000,167.815000,509.470000,176.555000,0.500000,8.740000,509.220000,172.185000
rect,MET5,pin,508.970000,13.555000,509.470000,21.695000,0.500000,8.140000,509.220000,17.625000
rect,MET4,pin,508.970000,167.815000,509.470000,176.555000,0.500000,8.740000,509.220000,172.185000
rect,MET4,pin,508.970000,13.555000,509.470000,21.695000,0.500000,8.140000,509.220000,17.625000
rect,MET5,pin,425.470000,167.815000,425.970000,176.555000,0.500000,8.740000,425.720000,172.185000
rect,MET5,pin,425.470000,13.555000,425.970000,21.695000,0.500000,8.140000,425.720000,17.625000
rect,MET4,pin,425.470000,167.815000,425.970000,176.555000,0.500000,8.740000,425.720000,172.185000
rect,MET4,pin,425.470000,13.555000,425.970000,21.695000,0.500000,8.140000,425.720000,17.625000
rect,METTPL,pin,508.970000,168.315000,509.470000,176.555000,0.500000,8.240000,509.220000,172.435000
rect,METTPL,pin,613.470000,168.315000,613.970000,176.555000,0.500000,8.240000,613.720000,172.435000
rect,METTPL,pin,519.470000,168.315000,519.970000,176.555000,0.500000,8.240000,519.720000,172.435000
rect,METTPL,pin,425.470000,168.315000,425.970000,176.555000,0.500000,8.240000,425.720000,172.435000
rect,METTPL,pin,696.970000,13.555000,697.470000,20.955000,0.500000,7.400000,697.220000,17.255000
rect,METTPL,pin,602.970000,13.555000,603.470000,20.955000,0.500000,7.400000,603.220000,17.255000
rect,METTPL,pin,508.970000,13.555000,509.470000,20.955000,0.500000,7.400000,509.220000,17.255000
rect,METTPL,pin,613.470000,13.555000,613.970000,20.955000,0.500000,7.400000,613.720000,17.255000
rect,METTPL,pin,519.470000,13.555000,519.970000,20.955000,0.500000,7.400000,519.720000,17.255000
rect,METTPL,pin,425.470000,13.555000,425.970000,20.955000,0.500000,7.400000,425.720000,17.255000
rect,MET5,pin,696.970000,167.815000,697.470000,176.555000,0.500000,8.740000,697.220000,172.185000
rect,MET5,pin,602.970000,167.815000,603.470000,176.555000,0.500000,8.740000,603.220000,172.185000
rect,MET5,pin,508.970000,167.815000,509.470000,176.555000,0.500000,8.740000,509.220000,172.185000
rect,MET5,pin,696.970000,13.555000,697.470000,21.695000,0.500000,8.140000,697.220000,17.625000
rect,MET5,pin,602.970000,13.555000,603.470000,21.695000,0.500000,8.140000,603.220000,17.625000
rect,MET5,pin,508.970000,13.555000,509.470000,21.695000,0.500000,8.140000,509.220000,17.625000
rect,MET4,pin,696.970000,167.815000,697.470000,176.555000,0.500000,8.740000,697.220000,172.185000
rect,MET4,pin,602.970000,167.815000,603.470000,176.555000,0.500000,8.740000,603.220000,172.185000
rect,MET4,pin,508.970000,167.815000,509.470000,176.555000,0.500000,8.740000,509.220000,172.185000
rect,MET4,pin,696.970000,13.555000,697.470000,21.695000,0.500000,8.140000,697.220000,17.625000
rect,MET4,pin,602.970000,13.555000,603.470000,21.695000,0.500000,8.140000,603.220000,17.625000
rect,MET4,pin,508.970000,13.555000,509.470000,21.695000,0.500000,8.140000,509.220000,17.625000
rect,MET5,pin,613.470000,167.815000,613.970000,176.555000,0.500000,8.740000,613.720000,172.185000
rect,MET5,pin,519.470000,167.815000,519.970000,176.555000,0.500000,8.740000,519.720000,172.185000
rect,MET5,pin,425.470000,167.815000,425.970000,176.555000,0.500000,8.740000,425.720000,172.185000
rect,MET5,pin,613.470000,13.555000,613.970000,21.695000,0.500000,8.140000,613.720000,17.625000
rect,MET5,pin,519.470000,13.555000,519.970000,21.695000,0.500000,8.140000,519.720000,17.625000
rect,MET5,pin,425.470000,13.555000,425.970000,21.695000,0.500000,8.140000,425.720000,17.625000
rect,MET4,pin,613.470000,167.815000,613.970000,176.555000,0.500000,8.740000,613.720000,172.185000
rect,MET4,pin,519.470000,167.815000,519.970000,176.555000,0.500000,8.740000,519.720000,172.185000
rect,MET4,pin,425.470000,167.815000,425.970000,176.555000,0.500000,8.740000,425.720000,172.185000
rect,MET4,pin,613.470000,13.555000,613.970000,21.695000,0.500000,8.140000,613.720000,17.625000
rect,MET4,pin,519.470000,13.555000,519.970000,21.695000,0.500000,8.140000,519.720000,17.625000
rect,MET4,pin,425.470000,13.555000,425.970000,21.695000,0.500000,8.140000,425.720000,17.625000
rect,METTPL,pin,696.970000,133.815000,697.470000,165.815000,0.500000,32.000000,697.220000,149.815000
rect,MET5,pin,696.970000,133.815000,697.470000,165.815000,0.500000,32.000000,697.220000,149.815000
rect,MET4,pin,696.970000,133.815000,697.470000,165.815000,0.500000,32.000000,697.220000,149.815000
rect,METTPL,pin,613.470000,133.815000,613.970000,165.815000,0.500000,32.000000,613.720000,149.815000
rect,MET5,pin,613.470000,133.815000,613.970000,165.815000,0.500000,32.000000,613.720000,149.815000
rect,MET4,pin,613.470000,133.815000,613.970000,165.815000,0.500000,32.000000,613.720000,149.815000
rect,METTPL,pin,602.970000,133.815000,603.470000,165.815000,0.500000,32.000000,603.220000,149.815000
rect,MET5,pin,602.970000,133.815000,603.470000,165.815000,0.500000,32.000000,603.220000,149.815000
rect,MET4,pin,602.970000,133.815000,603.470000,165.815000,0.500000,32.000000,603.220000,149.815000
rect,METTPL,pin,519.470000,133.815000,519.970000,165.815000,0.500000,32.000000,519.720000,149.815000
rect,MET5,pin,519.470000,133.815000,519.970000,165.815000,0.500000,32.000000,519.720000,149.815000
rect,MET4,pin,519.470000,133.815000,519.970000,165.815000,0.500000,32.000000,519.720000,149.815000
rect,METTPL,pin,508.970000,133.815000,509.470000,165.815000,0.500000,32.000000,509.220000,149.815000
rect,MET5,pin,508.970000,133.815000,509.470000,165.815000,0.500000,32.000000,509.220000,149.815000
rect,MET4,pin,508.970000,133.815000,509.470000,165.815000,0.500000,32.000000,509.220000,149.815000
rect,METTPL,pin,425.470000,133.815000,425.970000,165.815000,0.500000,32.000000,425.720000,149.815000
rect,MET5,pin,425.470000,133.815000,425.970000,165.815000,0.500000,32.000000,425.720000,149.815000
rect,MET4,pin,425.470000,133.815000,425.970000,165.815000,0.500000,32.000000,425.720000,149.815000
rect,MET4,pin,707.470000,23.695000,708.470000,57.695000,1.000000,34.000000,707.970000,40.695000
rect,MET5,pin,707.470000,23.695000,708.470000,57.695000,1.000000,34.000000,707.970000,40.695000
rect,METTPL,pin,707.470000,23.695000,708.470000,57.695000,1.000000,34.000000,707.970000,40.695000
rect,MET5,pin,707.470000,133.815000,708.470000,165.815000,1.000000,32.000000,707.970000,149.815000
rect,MET4,pin,707.470000,133.815000,708.470000,165.815000,1.000000,32.000000,707.970000,149.815000
rect,METTPL,pin,707.470000,133.815000,708.470000,165.815000,1.000000,32.000000,707.970000,149.815000
rect,METTPL,pin,800.470000,168.315000,801.470000,176.555000,1.000000,8.240000,800.970000,172.435000
rect,MET5,pin,800.470000,167.815000,801.470000,176.555000,1.000000,8.740000,800.970000,172.185000
rect,MET4,pin,800.470000,167.815000,801.470000,176.555000,1.000000,8.740000,800.970000,172.185000
rect,MET5,pin,707.470000,167.815000,708.470000,176.555000,1.000000,8.740000,707.970000,172.185000
rect,MET4,pin,800.470000,13.555000,801.470000,21.695000,1.000000,8.140000,800.970000,17.625000
rect,MET5,pin,800.470000,13.555000,801.470000,21.695000,1.000000,8.140000,800.970000,17.625000
rect,METTPL,pin,800.470000,13.555000,801.470000,20.955000,1.000000,7.400000,800.970000,17.255000
rect,METTPL,pin,707.470000,13.555000,708.470000,20.955000,1.000000,7.400000,707.970000,17.255000
rect,MET4,pin,707.470000,13.555000,708.470000,21.695000,1.000000,8.140000,707.970000,17.625000
rect,MET4,pin,707.470000,167.815000,708.470000,176.555000,1.000000,8.740000,707.970000,172.185000
rect,MET5,pin,707.470000,13.555000,708.470000,21.695000,1.000000,8.140000,707.970000,17.625000
rect,METTPL,pin,707.470000,168.315000,708.470000,176.555000,1.000000,8.240000,707.970000,172.435000
rect,METTPL,pin,800.470000,23.695000,801.470000,57.695000,1.000000,34.000000,800.970000,40.695000
rect,MET5,pin,800.470000,23.695000,801.470000,57.695000,1.000000,34.000000,800.970000,40.695000
rect,MET4,pin,800.470000,23.695000,801.470000,57.695000,1.000000,34.000000,800.970000,40.695000
rect,METTPL,pin,800.470000,133.815000,801.470000,165.815000,1.000000,32.000000,800.970000,149.815000
rect,MET5,pin,800.470000,133.815000,801.470000,165.815000,1.000000,32.000000,800.970000,149.815000
rect,MET4,pin,800.470000,133.815000,801.470000,165.815000,1.000000,32.000000,800.970000,149.815000
rect,METTPL,pin,1176.970000,23.695000,1177.470000,57.695000,0.500000,34.000000,1177.220000,40.695000
rect,MET5,pin,1176.970000,23.695000,1177.470000,57.695000,0.500000,34.000000,1177.220000,40.695000
rect,MET4,pin,1176.970000,23.695000,1177.470000,57.695000,0.500000,34.000000,1177.220000,40.695000
rect,METTPL,pin,1093.470000,23.695000,1093.970000,57.695000,0.500000,34.000000,1093.720000,40.695000
rect,MET5,pin,1093.470000,23.695000,1093.970000,57.695000,0.500000,34.000000,1093.720000,40.695000
rect,MET4,pin,1093.470000,23.695000,1093.970000,57.695000,0.500000,34.000000,1093.720000,40.695000
rect,METTPL,pin,1082.970000,23.695000,1083.470000,57.695000,0.500000,34.000000,1083.220000,40.695000
rect,MET5,pin,1082.970000,23.695000,1083.470000,57.695000,0.500000,34.000000,1083.220000,40.695000
rect,MET4,pin,1082.970000,23.695000,1083.470000,57.695000,0.500000,34.000000,1083.220000,40.695000
rect,METTPL,pin,999.470000,23.695000,999.970000,57.695000,0.500000,34.000000,999.720000,40.695000
rect,MET5,pin,999.470000,23.695000,999.970000,57.695000,0.500000,34.000000,999.720000,40.695000
rect,MET4,pin,999.470000,23.695000,999.970000,57.695000,0.500000,34.000000,999.720000,40.695000
rect,METTPL,pin,988.970000,23.695000,989.470000,57.695000,0.500000,34.000000,989.220000,40.695000
rect,MET5,pin,988.970000,23.695000,989.470000,57.695000,0.500000,34.000000,989.220000,40.695000
rect,MET4,pin,988.970000,23.695000,989.470000,57.695000,0.500000,34.000000,989.220000,40.695000
rect,METTPL,pin,905.470000,23.695000,905.970000,57.695000,0.500000,34.000000,905.720000,40.695000
rect,MET5,pin,905.470000,23.695000,905.970000,57.695000,0.500000,34.000000,905.720000,40.695000
rect,MET4,pin,905.470000,23.695000,905.970000,57.695000,0.500000,34.000000,905.720000,40.695000
rect,METTPL,pin,894.970000,23.695000,895.470000,57.695000,0.500000,34.000000,895.220000,40.695000
rect,MET5,pin,894.970000,23.695000,895.470000,57.695000,0.500000,34.000000,895.220000,40.695000
rect,MET4,pin,894.970000,23.695000,895.470000,57.695000,0.500000,34.000000,895.220000,40.695000
rect,METTPL,pin,811.470000,23.695000,811.970000,57.695000,0.500000,34.000000,811.720000,40.695000
rect,MET5,pin,811.470000,23.695000,811.970000,57.695000,0.500000,34.000000,811.720000,40.695000
rect,MET4,pin,811.470000,23.695000,811.970000,57.695000,0.500000,34.000000,811.720000,40.695000
rect,METTPL,pin,1176.970000,168.315000,1177.470000,176.555000,0.500000,8.240000,1177.220000,172.435000
rect,METTPL,pin,1093.470000,168.315000,1093.970000,176.555000,0.500000,8.240000,1093.720000,172.435000
rect,METTPL,pin,1176.970000,13.555000,1177.470000,20.955000,0.500000,7.400000,1177.220000,17.255000
rect,METTPL,pin,1093.470000,13.555000,1093.970000,20.955000,0.500000,7.400000,1093.720000,17.255000
rect,MET5,pin,1176.970000,167.815000,1177.470000,176.555000,0.500000,8.740000,1177.220000,172.185000
rect,MET5,pin,1176.970000,13.555000,1177.470000,21.695000,0.500000,8.140000,1177.220000,17.625000
rect,MET4,pin,1176.970000,167.815000,1177.470000,176.555000,0.500000,8.740000,1177.220000,172.185000
rect,MET4,pin,1176.970000,13.555000,1177.470000,21.695000,0.500000,8.140000,1177.220000,17.625000
rect,MET5,pin,1093.470000,167.815000,1093.970000,176.555000,0.500000,8.740000,1093.720000,172.185000
rect,MET5,pin,1093.470000,13.555000,1093.970000,21.695000,0.500000,8.140000,1093.720000,17.625000
rect,MET4,pin,1093.470000,167.815000,1093.970000,176.555000,0.500000,8.740000,1093.720000,172.185000
rect,MET4,pin,1093.470000,13.555000,1093.970000,21.695000,0.500000,8.140000,1093.720000,17.625000
rect,METTPL,pin,1176.970000,168.315000,1177.470000,176.555000,0.500000,8.240000,1177.220000,172.435000
rect,METTPL,pin,1082.970000,168.315000,1083.470000,176.555000,0.500000,8.240000,1083.220000,172.435000
rect,METTPL,pin,999.470000,168.315000,999.970000,176.555000,0.500000,8.240000,999.720000,172.435000
rect,METTPL,pin,1082.970000,13.555000,1083.470000,20.955000,0.500000,7.400000,1083.220000,17.255000
rect,METTPL,pin,999.470000,13.555000,999.970000,20.955000,0.500000,7.400000,999.720000,17.255000
rect,MET5,pin,1082.970000,167.815000,1083.470000,176.555000,0.500000,8.740000,1083.220000,172.185000
rect,MET5,pin,1082.970000,13.555000,1083.470000,21.695000,0.500000,8.140000,1083.220000,17.625000
rect,MET4,pin,1082.970000,167.815000,1083.470000,176.555000,0.500000,8.740000,1083.220000,172.185000
rect,MET4,pin,1082.970000,13.555000,1083.470000,21.695000,0.500000,8.140000,1083.220000,17.625000
rect,MET5,pin,999.470000,167.815000,999.970000,176.555000,0.500000,8.740000,999.720000,172.185000
rect,MET5,pin,999.470000,13.555000,999.970000,21.695000,0.500000,8.140000,999.720000,17.625000
rect,MET4,pin,999.470000,167.815000,999.970000,176.555000,0.500000,8.740000,999.720000,172.185000
rect,MET4,pin,999.470000,13.555000,999.970000,21.695000,0.500000,8.140000,999.720000,17.625000
rect,METTPL,pin,1082.970000,168.315000,1083.470000,176.555000,0.500000,8.240000,1083.220000,172.435000
rect,METTPL,pin,988.970000,168.315000,989.470000,176.555000,0.500000,8.240000,989.220000,172.435000
rect,METTPL,pin,905.470000,168.315000,905.970000,176.555000,0.500000,8.240000,905.720000,172.435000
rect,METTPL,pin,988.970000,13.555000,989.470000,20.955000,0.500000,7.400000,989.220000,17.255000
rect,METTPL,pin,905.470000,13.555000,905.970000,20.955000,0.500000,7.400000,905.720000,17.255000
rect,MET5,pin,988.970000,167.815000,989.470000,176.555000,0.500000,8.740000,989.220000,172.185000
rect,MET5,pin,988.970000,13.555000,989.470000,21.695000,0.500000,8.140000,989.220000,17.625000
rect,MET4,pin,988.970000,167.815000,989.470000,176.555000,0.500000,8.740000,989.220000,172.185000
rect,MET4,pin,988.970000,13.555000,989.470000,21.695000,0.500000,8.140000,989.220000,17.625000
rect,MET5,pin,905.470000,167.815000,905.970000,176.555000,0.500000,8.740000,905.720000,172.185000
rect,MET5,pin,905.470000,13.555000,905.970000,21.695000,0.500000,8.140000,905.720000,17.625000
rect,MET4,pin,905.470000,167.815000,905.970000,176.555000,0.500000,8.740000,905.720000,172.185000
rect,MET4,pin,905.470000,13.555000,905.970000,21.695000,0.500000,8.140000,905.720000,17.625000
rect,METTPL,pin,988.970000,168.315000,989.470000,176.555000,0.500000,8.240000,989.220000,172.435000
rect,METTPL,pin,894.970000,168.315000,895.470000,176.555000,0.500000,8.240000,895.220000,172.435000
rect,METTPL,pin,811.470000,168.315000,811.970000,176.555000,0.500000,8.240000,811.720000,172.435000
rect,METTPL,pin,894.970000,13.555000,895.470000,20.955000,0.500000,7.400000,895.220000,17.255000
rect,METTPL,pin,811.470000,13.555000,811.970000,20.955000,0.500000,7.400000,811.720000,17.255000
rect,MET5,pin,894.970000,167.815000,895.470000,176.555000,0.500000,8.740000,895.220000,172.185000
rect,MET5,pin,894.970000,13.555000,895.470000,21.695000,0.500000,8.140000,895.220000,17.625000
rect,MET4,pin,894.970000,167.815000,895.470000,176.555000,0.500000,8.740000,895.220000,172.185000
rect,MET4,pin,894.970000,13.555000,895.470000,21.695000,0.500000,8.140000,895.220000,17.625000
rect,MET5,pin,811.470000,167.815000,811.970000,176.555000,0.500000,8.740000,811.720000,172.185000
rect,MET5,pin,811.470000,13.555000,811.970000,21.695000,0.500000,8.140000,811.720000,17.625000
rect,MET4,pin,811.470000,167.815000,811.970000,176.555000,0.500000,8.740000,811.720000,172.185000
rect,MET4,pin,811.470000,13.555000,811.970000,21.695000,0.500000,8.140000,811.720000,17.625000
rect,METTPL,pin,894.970000,168.315000,895.470000,176.555000,0.500000,8.240000,895.220000,172.435000
rect,METTPL,pin,1093.470000,168.315000,1093.970000,176.555000,0.500000,8.240000,1093.720000,172.435000
rect,METTPL,pin,999.470000,168.315000,999.970000,176.555000,0.500000,8.240000,999.720000,172.435000
rect,METTPL,pin,905.470000,168.315000,905.970000,176.555000,0.500000,8.240000,905.720000,172.435000
rect,METTPL,pin,811.470000,168.315000,811.970000,176.555000,0.500000,8.240000,811.720000,172.435000
rect,METTPL,pin,1176.970000,13.555000,1177.470000,20.955000,0.500000,7.400000,1177.220000,17.255000
rect,METTPL,pin,1082.970000,13.555000,1083.470000,20.955000,0.500000,7.400000,1083.220000,17.255000
rect,METTPL,pin,988.970000,13.555000,989.470000,20.955000,0.500000,7.400000,989.220000,17.255000
rect,METTPL,pin,894.970000,13.555000,895.470000,20.955000,0.500000,7.400000,895.220000,17.255000
rect,METTPL,pin,1093.470000,13.555000,1093.970000,20.955000,0.500000,7.400000,1093.720000,17.255000
rect,METTPL,pin,999.470000,13.555000,999.970000,20.955000,0.500000,7.400000,999.720000,17.255000
rect,METTPL,pin,905.470000,13.555000,905.970000,20.955000,0.500000,7.400000,905.720000,17.255000
rect,METTPL,pin,811.470000,13.555000,811.970000,20.955000,0.500000,7.400000,811.720000,17.255000
rect,MET5,pin,1176.970000,167.815000,1177.470000,176.555000,0.500000,8.740000,1177.220000,172.185000
rect,MET5,pin,1082.970000,167.815000,1083.470000,176.555000,0.500000,8.740000,1083.220000,172.185000
rect,MET5,pin,988.970000,167.815000,989.470000,176.555000,0.500000,8.740000,989.220000,172.185000
rect,MET5,pin,894.970000,167.815000,895.470000,176.555000,0.500000,8.740000,895.220000,172.185000
rect,MET5,pin,1176.970000,13.555000,1177.470000,21.695000,0.500000,8.140000,1177.220000,17.625000
rect,MET5,pin,1082.970000,13.555000,1083.470000,21.695000,0.500000,8.140000,1083.220000,17.625000
rect,MET5,pin,988.970000,13.555000,989.470000,21.695000,0.500000,8.140000,989.220000,17.625000
rect,MET5,pin,894.970000,13.555000,895.470000,21.695000,0.500000,8.140000,895.220000,17.625000
rect,MET4,pin,1176.970000,167.815000,1177.470000,176.555000,0.500000,8.740000,1177.220000,172.185000
rect,MET4,pin,1082.970000,167.815000,1083.470000,176.555000,0.500000,8.740000,1083.220000,172.185000
rect,MET4,pin,988.970000,167.815000,989.470000,176.555000,0.500000,8.740000,989.220000,172.185000
rect,MET4,pin,894.970000,167.815000,895.470000,176.555000,0.500000,8.740000,895.220000,172.185000
rect,MET4,pin,1176.970000,13.555000,1177.470000,21.695000,0.500000,8.140000,1177.220000,17.625000
rect,MET4,pin,1082.970000,13.555000,1083.470000,21.695000,0.500000,8.140000,1083.220000,17.625000
rect,MET4,pin,988.970000,13.555000,989.470000,21.695000,0.500000,8.140000,989.220000,17.625000
rect,MET4,pin,894.970000,13.555000,895.470000,21.695000,0.500000,8.140000,895.220000,17.625000
rect,MET5,pin,1093.470000,167.815000,1093.970000,176.555000,0.500000,8.740000,1093.720000,172.185000
rect,MET5,pin,999.470000,167.815000,999.970000,176.555000,0.500000,8.740000,999.720000,172.185000
rect,MET5,pin,905.470000,167.815000,905.970000,176.555000,0.500000,8.740000,905.720000,172.185000
rect,MET5,pin,811.470000,167.815000,811.970000,176.555000,0.500000,8.740000,811.720000,172.185000
rect,MET5,pin,1093.470000,13.555000,1093.970000,21.695000,0.500000,8.140000,1093.720000,17.625000
rect,MET5,pin,999.470000,13.555000,999.970000,21.695000,0.500000,8.140000,999.720000,17.625000
rect,MET5,pin,905.470000,13.555000,905.970000,21.695000,0.500000,8.140000,905.720000,17.625000
rect,MET5,pin,811.470000,13.555000,811.970000,21.695000,0.500000,8.140000,811.720000,17.625000
rect,MET4,pin,1093.470000,167.815000,1093.970000,176.555000,0.500000,8.740000,1093.720000,172.185000
rect,MET4,pin,999.470000,167.815000,999.970000,176.555000,0.500000,8.740000,999.720000,172.185000
rect,MET4,pin,905.470000,167.815000,905.970000,176.555000,0.500000,8.740000,905.720000,172.185000
rect,MET4,pin,811.470000,167.815000,811.970000,176.555000,0.500000,8.740000,811.720000,172.185000
rect,MET4,pin,1093.470000,13.555000,1093.970000,21.695000,0.500000,8.140000,1093.720000,17.625000
rect,MET4,pin,999.470000,13.555000,999.970000,21.695000,0.500000,8.140000,999.720000,17.625000
rect,MET4,pin,905.470000,13.555000,905.970000,21.695000,0.500000,8.140000,905.720000,17.625000
rect,MET4,pin,811.470000,13.555000,811.970000,21.695000,0.500000,8.140000,811.720000,17.625000
rect,METTPL,pin,1176.970000,133.815000,1177.470000,165.815000,0.500000,32.000000,1177.220000,149.815000
rect,MET5,pin,1176.970000,133.815000,1177.470000,165.815000,0.500000,32.000000,1177.220000,149.815000
rect,MET4,pin,1176.970000,133.815000,1177.470000,165.815000,0.500000,32.000000,1177.220000,149.815000
rect,METTPL,pin,1093.470000,133.815000,1093.970000,165.815000,0.500000,32.000000,1093.720000,149.815000
rect,MET5,pin,1093.470000,133.815000,1093.970000,165.815000,0.500000,32.000000,1093.720000,149.815000
rect,MET4,pin,1093.470000,133.815000,1093.970000,165.815000,0.500000,32.000000,1093.720000,149.815000
rect,METTPL,pin,1082.970000,133.815000,1083.470000,165.815000,0.500000,32.000000,1083.220000,149.815000
rect,MET5,pin,1082.970000,133.815000,1083.470000,165.815000,0.500000,32.000000,1083.220000,149.815000
rect,MET4,pin,1082.970000,133.815000,1083.470000,165.815000,0.500000,32.000000,1083.220000,149.815000
rect,METTPL,pin,999.470000,133.815000,999.970000,165.815000,0.500000,32.000000,999.720000,149.815000
rect,MET5,pin,999.470000,133.815000,999.970000,165.815000,0.500000,32.000000,999.720000,149.815000
rect,MET4,pin,999.470000,133.815000,999.970000,165.815000,0.500000,32.000000,999.720000,149.815000
rect,METTPL,pin,988.970000,133.815000,989.470000,165.815000,0.500000,32.000000,989.220000,149.815000
rect,MET5,pin,988.970000,133.815000,989.470000,165.815000,0.500000,32.000000,989.220000,149.815000
rect,MET4,pin,988.970000,133.815000,989.470000,165.815000,0.500000,32.000000,989.220000,149.815000
rect,METTPL,pin,905.470000,133.815000,905.970000,165.815000,0.500000,32.000000,905.720000,149.815000
rect,MET5,pin,905.470000,133.815000,905.970000,165.815000,0.500000,32.000000,905.720000,149.815000
rect,MET4,pin,905.470000,133.815000,905.970000,165.815000,0.500000,32.000000,905.720000,149.815000
rect,METTPL,pin,894.970000,133.815000,895.470000,165.815000,0.500000,32.000000,895.220000,149.815000
rect,MET5,pin,894.970000,133.815000,895.470000,165.815000,0.500000,32.000000,895.220000,149.815000
rect,MET4,pin,894.970000,133.815000,895.470000,165.815000,0.500000,32.000000,895.220000,149.815000
rect,METTPL,pin,811.470000,133.815000,811.970000,165.815000,0.500000,32.000000,811.720000,149.815000
rect,MET5,pin,811.470000,133.815000,811.970000,165.815000,0.500000,32.000000,811.720000,149.815000
rect,MET4,pin,811.470000,133.815000,811.970000,165.815000,0.500000,32.000000,811.720000,149.815000
rect,METTPL,pin,1552.970000,23.695000,1553.470000,57.695000,0.500000,34.000000,1553.220000,40.695000
rect,MET5,pin,1552.970000,23.695000,1553.470000,57.695000,0.500000,34.000000,1553.220000,40.695000
rect,MET4,pin,1552.970000,23.695000,1553.470000,57.695000,0.500000,34.000000,1553.220000,40.695000
rect,METTPL,pin,1469.470000,23.695000,1469.970000,57.695000,0.500000,34.000000,1469.720000,40.695000
rect,MET5,pin,1469.470000,23.695000,1469.970000,57.695000,0.500000,34.000000,1469.720000,40.695000
rect,MET4,pin,1469.470000,23.695000,1469.970000,57.695000,0.500000,34.000000,1469.720000,40.695000
rect,METTPL,pin,1458.970000,23.695000,1459.470000,57.695000,0.500000,34.000000,1459.220000,40.695000
rect,MET5,pin,1458.970000,23.695000,1459.470000,57.695000,0.500000,34.000000,1459.220000,40.695000
rect,MET4,pin,1458.970000,23.695000,1459.470000,57.695000,0.500000,34.000000,1459.220000,40.695000
rect,METTPL,pin,1375.470000,23.695000,1375.970000,57.695000,0.500000,34.000000,1375.720000,40.695000
rect,MET5,pin,1375.470000,23.695000,1375.970000,57.695000,0.500000,34.000000,1375.720000,40.695000
rect,MET4,pin,1375.470000,23.695000,1375.970000,57.695000,0.500000,34.000000,1375.720000,40.695000
rect,METTPL,pin,1364.970000,23.695000,1365.470000,57.695000,0.500000,34.000000,1365.220000,40.695000
rect,MET5,pin,1364.970000,23.695000,1365.470000,57.695000,0.500000,34.000000,1365.220000,40.695000
rect,MET4,pin,1364.970000,23.695000,1365.470000,57.695000,0.500000,34.000000,1365.220000,40.695000
rect,METTPL,pin,1281.470000,23.695000,1281.970000,57.695000,0.500000,34.000000,1281.720000,40.695000
rect,MET5,pin,1281.470000,23.695000,1281.970000,57.695000,0.500000,34.000000,1281.720000,40.695000
rect,MET4,pin,1281.470000,23.695000,1281.970000,57.695000,0.500000,34.000000,1281.720000,40.695000
rect,METTPL,pin,1270.970000,23.695000,1271.470000,57.695000,0.500000,34.000000,1271.220000,40.695000
rect,MET5,pin,1270.970000,23.695000,1271.470000,57.695000,0.500000,34.000000,1271.220000,40.695000
rect,MET4,pin,1270.970000,23.695000,1271.470000,57.695000,0.500000,34.000000,1271.220000,40.695000
rect,METTPL,pin,1187.470000,23.695000,1187.970000,57.695000,0.500000,34.000000,1187.720000,40.695000
rect,MET5,pin,1187.470000,23.695000,1187.970000,57.695000,0.500000,34.000000,1187.720000,40.695000
rect,MET4,pin,1187.470000,23.695000,1187.970000,57.695000,0.500000,34.000000,1187.720000,40.695000
rect,METTPL,pin,1552.970000,168.315000,1553.470000,176.555000,0.500000,8.240000,1553.220000,172.435000
rect,METTPL,pin,1469.470000,168.315000,1469.970000,176.555000,0.500000,8.240000,1469.720000,172.435000
rect,METTPL,pin,1552.970000,13.555000,1553.470000,20.955000,0.500000,7.400000,1553.220000,17.255000
rect,METTPL,pin,1469.470000,13.555000,1469.970000,20.955000,0.500000,7.400000,1469.720000,17.255000
rect,MET5,pin,1552.970000,167.815000,1553.470000,176.555000,0.500000,8.740000,1553.220000,172.185000
rect,MET5,pin,1552.970000,13.555000,1553.470000,21.695000,0.500000,8.140000,1553.220000,17.625000
rect,MET4,pin,1552.970000,167.815000,1553.470000,176.555000,0.500000,8.740000,1553.220000,172.185000
rect,MET4,pin,1552.970000,13.555000,1553.470000,21.695000,0.500000,8.140000,1553.220000,17.625000
rect,MET5,pin,1469.470000,167.815000,1469.970000,176.555000,0.500000,8.740000,1469.720000,172.185000
rect,MET5,pin,1469.470000,13.555000,1469.970000,21.695000,0.500000,8.140000,1469.720000,17.625000
rect,MET4,pin,1469.470000,167.815000,1469.970000,176.555000,0.500000,8.740000,1469.720000,172.185000
rect,MET4,pin,1469.470000,13.555000,1469.970000,21.695000,0.500000,8.140000,1469.720000,17.625000
rect,METTPL,pin,1552.970000,168.315000,1553.470000,176.555000,0.500000,8.240000,1553.220000,172.435000
rect,METTPL,pin,1458.970000,168.315000,1459.470000,176.555000,0.500000,8.240000,1459.220000,172.435000
rect,METTPL,pin,1375.470000,168.315000,1375.970000,176.555000,0.500000,8.240000,1375.720000,172.435000
rect,METTPL,pin,1458.970000,13.555000,1459.470000,20.955000,0.500000,7.400000,1459.220000,17.255000
rect,METTPL,pin,1375.470000,13.555000,1375.970000,20.955000,0.500000,7.400000,1375.720000,17.255000
rect,MET5,pin,1458.970000,167.815000,1459.470000,176.555000,0.500000,8.740000,1459.220000,172.185000
rect,MET5,pin,1458.970000,13.555000,1459.470000,21.695000,0.500000,8.140000,1459.220000,17.625000
rect,MET4,pin,1458.970000,167.815000,1459.470000,176.555000,0.500000,8.740000,1459.220000,172.185000
rect,MET4,pin,1458.970000,13.555000,1459.470000,21.695000,0.500000,8.140000,1459.220000,17.625000
rect,MET5,pin,1375.470000,167.815000,1375.970000,176.555000,0.500000,8.740000,1375.720000,172.185000
rect,MET5,pin,1375.470000,13.555000,1375.970000,21.695000,0.500000,8.140000,1375.720000,17.625000
rect,MET4,pin,1375.470000,167.815000,1375.970000,176.555000,0.500000,8.740000,1375.720000,172.185000
rect,MET4,pin,1375.470000,13.555000,1375.970000,21.695000,0.500000,8.140000,1375.720000,17.625000
rect,METTPL,pin,1458.970000,168.315000,1459.470000,176.555000,0.500000,8.240000,1459.220000,172.435000
rect,METTPL,pin,1364.970000,168.315000,1365.470000,176.555000,0.500000,8.240000,1365.220000,172.435000
rect,METTPL,pin,1281.470000,168.315000,1281.970000,176.555000,0.500000,8.240000,1281.720000,172.435000
rect,METTPL,pin,1364.970000,13.555000,1365.470000,20.955000,0.500000,7.400000,1365.220000,17.255000
rect,METTPL,pin,1281.470000,13.555000,1281.970000,20.955000,0.500000,7.400000,1281.720000,17.255000
rect,MET5,pin,1364.970000,167.815000,1365.470000,176.555000,0.500000,8.740000,1365.220000,172.185000
rect,MET5,pin,1364.970000,13.555000,1365.470000,21.695000,0.500000,8.140000,1365.220000,17.625000
rect,MET4,pin,1364.970000,167.815000,1365.470000,176.555000,0.500000,8.740000,1365.220000,172.185000
rect,MET4,pin,1364.970000,13.555000,1365.470000,21.695000,0.500000,8.140000,1365.220000,17.625000
rect,MET5,pin,1281.470000,167.815000,1281.970000,176.555000,0.500000,8.740000,1281.720000,172.185000
rect,MET5,pin,1281.470000,13.555000,1281.970000,21.695000,0.500000,8.140000,1281.720000,17.625000
rect,MET4,pin,1281.470000,167.815000,1281.970000,176.555000,0.500000,8.740000,1281.720000,172.185000
rect,MET4,pin,1281.470000,13.555000,1281.970000,21.695000,0.500000,8.140000,1281.720000,17.625000
rect,METTPL,pin,1364.970000,168.315000,1365.470000,176.555000,0.500000,8.240000,1365.220000,172.435000
rect,METTPL,pin,1270.970000,168.315000,1271.470000,176.555000,0.500000,8.240000,1271.220000,172.435000
rect,METTPL,pin,1187.470000,168.315000,1187.970000,176.555000,0.500000,8.240000,1187.720000,172.435000
rect,METTPL,pin,1270.970000,13.555000,1271.470000,20.955000,0.500000,7.400000,1271.220000,17.255000
rect,METTPL,pin,1187.470000,13.555000,1187.970000,20.955000,0.500000,7.400000,1187.720000,17.255000
rect,MET5,pin,1270.970000,167.815000,1271.470000,176.555000,0.500000,8.740000,1271.220000,172.185000
rect,MET5,pin,1270.970000,13.555000,1271.470000,21.695000,0.500000,8.140000,1271.220000,17.625000
rect,MET4,pin,1270.970000,167.815000,1271.470000,176.555000,0.500000,8.740000,1271.220000,172.185000
rect,MET4,pin,1270.970000,13.555000,1271.470000,21.695000,0.500000,8.140000,1271.220000,17.625000
rect,MET5,pin,1187.470000,167.815000,1187.970000,176.555000,0.500000,8.740000,1187.720000,172.185000
rect,MET5,pin,1187.470000,13.555000,1187.970000,21.695000,0.500000,8.140000,1187.720000,17.625000
rect,MET4,pin,1187.470000,167.815000,1187.970000,176.555000,0.500000,8.740000,1187.720000,172.185000
rect,MET4,pin,1187.470000,13.555000,1187.970000,21.695000,0.500000,8.140000,1187.720000,17.625000
rect,METTPL,pin,1270.970000,168.315000,1271.470000,176.555000,0.500000,8.240000,1271.220000,172.435000
rect,METTPL,pin,1469.470000,168.315000,1469.970000,176.555000,0.500000,8.240000,1469.720000,172.435000
rect,METTPL,pin,1375.470000,168.315000,1375.970000,176.555000,0.500000,8.240000,1375.720000,172.435000
rect,METTPL,pin,1281.470000,168.315000,1281.970000,176.555000,0.500000,8.240000,1281.720000,172.435000
rect,METTPL,pin,1187.470000,168.315000,1187.970000,176.555000,0.500000,8.240000,1187.720000,172.435000
rect,METTPL,pin,1552.970000,13.555000,1553.470000,20.955000,0.500000,7.400000,1553.220000,17.255000
rect,METTPL,pin,1458.970000,13.555000,1459.470000,20.955000,0.500000,7.400000,1459.220000,17.255000
rect,METTPL,pin,1364.970000,13.555000,1365.470000,20.955000,0.500000,7.400000,1365.220000,17.255000
rect,METTPL,pin,1270.970000,13.555000,1271.470000,20.955000,0.500000,7.400000,1271.220000,17.255000
rect,METTPL,pin,1469.470000,13.555000,1469.970000,20.955000,0.500000,7.400000,1469.720000,17.255000
rect,METTPL,pin,1375.470000,13.555000,1375.970000,20.955000,0.500000,7.400000,1375.720000,17.255000
rect,METTPL,pin,1281.470000,13.555000,1281.970000,20.955000,0.500000,7.400000,1281.720000,17.255000
rect,METTPL,pin,1187.470000,13.555000,1187.970000,20.955000,0.500000,7.400000,1187.720000,17.255000
rect,MET5,pin,1552.970000,167.815000,1553.470000,176.555000,0.500000,8.740000,1553.220000,172.185000
rect,MET5,pin,1458.970000,167.815000,1459.470000,176.555000,0.500000,8.740000,1459.220000,172.185000
rect,MET5,pin,1364.970000,167.815000,1365.470000,176.555000,0.500000,8.740000,1365.220000,172.185000
rect,MET5,pin,1270.970000,167.815000,1271.470000,176.555000,0.500000,8.740000,1271.220000,172.185000
rect,MET5,pin,1552.970000,13.555000,1553.470000,21.695000,0.500000,8.140000,1553.220000,17.625000
rect,MET5,pin,1458.970000,13.555000,1459.470000,21.695000,0.500000,8.140000,1459.220000,17.625000
rect,MET5,pin,1364.970000,13.555000,1365.470000,21.695000,0.500000,8.140000,1365.220000,17.625000
rect,MET5,pin,1270.970000,13.555000,1271.470000,21.695000,0.500000,8.140000,1271.220000,17.625000
rect,MET4,pin,1552.970000,167.815000,1553.470000,176.555000,0.500000,8.740000,1553.220000,172.185000
rect,MET4,pin,1458.970000,167.815000,1459.470000,176.555000,0.500000,8.740000,1459.220000,172.185000
rect,MET4,pin,1364.970000,167.815000,1365.470000,176.555000,0.500000,8.740000,1365.220000,172.185000
rect,MET4,pin,1270.970000,167.815000,1271.470000,176.555000,0.500000,8.740000,1271.220000,172.185000
rect,MET4,pin,1552.970000,13.555000,1553.470000,21.695000,0.500000,8.140000,1553.220000,17.625000
rect,MET4,pin,1458.970000,13.555000,1459.470000,21.695000,0.500000,8.140000,1459.220000,17.625000
rect,MET4,pin,1364.970000,13.555000,1365.470000,21.695000,0.500000,8.140000,1365.220000,17.625000
rect,MET4,pin,1270.970000,13.555000,1271.470000,21.695000,0.500000,8.140000,1271.220000,17.625000
rect,MET5,pin,1469.470000,167.815000,1469.970000,176.555000,0.500000,8.740000,1469.720000,172.185000
rect,MET5,pin,1375.470000,167.815000,1375.970000,176.555000,0.500000,8.740000,1375.720000,172.185000
rect,MET5,pin,1281.470000,167.815000,1281.970000,176.555000,0.500000,8.740000,1281.720000,172.185000
rect,MET5,pin,1187.470000,167.815000,1187.970000,176.555000,0.500000,8.740000,1187.720000,172.185000
rect,MET5,pin,1469.470000,13.555000,1469.970000,21.695000,0.500000,8.140000,1469.720000,17.625000
rect,MET5,pin,1375.470000,13.555000,1375.970000,21.695000,0.500000,8.140000,1375.720000,17.625000
rect,MET5,pin,1281.470000,13.555000,1281.970000,21.695000,0.500000,8.140000,1281.720000,17.625000
rect,MET5,pin,1187.470000,13.555000,1187.970000,21.695000,0.500000,8.140000,1187.720000,17.625000
rect,MET4,pin,1469.470000,167.815000,1469.970000,176.555000,0.500000,8.740000,1469.720000,172.185000
rect,MET4,pin,1375.470000,167.815000,1375.970000,176.555000,0.500000,8.740000,1375.720000,172.185000
rect,MET4,pin,1281.470000,167.815000,1281.970000,176.555000,0.500000,8.740000,1281.720000,172.185000
rect,MET4,pin,1187.470000,167.815000,1187.970000,176.555000,0.500000,8.740000,1187.720000,172.185000
rect,MET4,pin,1469.470000,13.555000,1469.970000,21.695000,0.500000,8.140000,1469.720000,17.625000
rect,MET4,pin,1375.470000,13.555000,1375.970000,21.695000,0.500000,8.140000,1375.720000,17.625000
rect,MET4,pin,1281.470000,13.555000,1281.970000,21.695000,0.500000,8.140000,1281.720000,17.625000
rect,MET4,pin,1187.470000,13.555000,1187.970000,21.695000,0.500000,8.140000,1187.720000,17.625000
rect,METTPL,pin,1552.970000,133.815000,1553.470000,165.815000,0.500000,32.000000,1553.220000,149.815000
rect,MET5,pin,1552.970000,133.815000,1553.470000,165.815000,0.500000,32.000000,1553.220000,149.815000
rect,MET4,pin,1552.970000,133.815000,1553.470000,165.815000,0.500000,32.000000,1553.220000,149.815000
rect,METTPL,pin,1469.470000,133.815000,1469.970000,165.815000,0.500000,32.000000,1469.720000,149.815000
rect,MET5,pin,1469.470000,133.815000,1469.970000,165.815000,0.500000,32.000000,1469.720000,149.815000
rect,MET4,pin,1469.470000,133.815000,1469.970000,165.815000,0.500000,32.000000,1469.720000,149.815000
rect,METTPL,pin,1458.970000,133.815000,1459.470000,165.815000,0.500000,32.000000,1459.220000,149.815000
rect,MET5,pin,1458.970000,133.815000,1459.470000,165.815000,0.500000,32.000000,1459.220000,149.815000
rect,MET4,pin,1458.970000,133.815000,1459.470000,165.815000,0.500000,32.000000,1459.220000,149.815000
rect,METTPL,pin,1375.470000,133.815000,1375.970000,165.815000,0.500000,32.000000,1375.720000,149.815000
rect,MET5,pin,1375.470000,133.815000,1375.970000,165.815000,0.500000,32.000000,1375.720000,149.815000
rect,MET4,pin,1375.470000,133.815000,1375.970000,165.815000,0.500000,32.000000,1375.720000,149.815000
rect,METTPL,pin,1364.970000,133.815000,1365.470000,165.815000,0.500000,32.000000,1365.220000,149.815000
rect,MET5,pin,1364.970000,133.815000,1365.470000,165.815000,0.500000,32.000000,1365.220000,149.815000
rect,MET4,pin,1364.970000,133.815000,1365.470000,165.815000,0.500000,32.000000,1365.220000,149.815000
rect,METTPL,pin,1281.470000,133.815000,1281.970000,165.815000,0.500000,32.000000,1281.720000,149.815000
rect,MET5,pin,1281.470000,133.815000,1281.970000,165.815000,0.500000,32.000000,1281.720000,149.815000
rect,MET4,pin,1281.470000,133.815000,1281.970000,165.815000,0.500000,32.000000,1281.720000,149.815000
rect,METTPL,pin,1270.970000,133.815000,1271.470000,165.815000,0.500000,32.000000,1271.220000,149.815000
rect,MET5,pin,1270.970000,133.815000,1271.470000,165.815000,0.500000,32.000000,1271.220000,149.815000
rect,MET4,pin,1270.970000,133.815000,1271.470000,165.815000,0.500000,32.000000,1271.220000,149.815000
rect,METTPL,pin,1187.470000,133.815000,1187.970000,165.815000,0.500000,32.000000,1187.720000,149.815000
rect,MET5,pin,1187.470000,133.815000,1187.970000,165.815000,0.500000,32.000000,1187.720000,149.815000
rect,MET4,pin,1187.470000,133.815000,1187.970000,165.815000,0.500000,32.000000,1187.720000,149.815000
rect,METTPL,pin,2680.970000,168.315000,2681.470000,176.555000,0.500000,8.240000,2681.220000,172.435000
rect,METTPL,pin,2597.470000,168.315000,2597.970000,176.555000,0.500000,8.240000,2597.720000,172.435000
rect,METTPL,pin,2680.970000,13.555000,2681.470000,20.955000,0.500000,7.400000,2681.220000,17.255000
rect,METTPL,pin,2597.470000,13.555000,2597.970000,20.955000,0.500000,7.400000,2597.720000,17.255000
rect,MET5,pin,2680.970000,167.815000,2681.470000,176.555000,0.500000,8.740000,2681.220000,172.185000
rect,MET5,pin,2680.970000,13.555000,2681.470000,21.695000,0.500000,8.140000,2681.220000,17.625000
rect,MET4,pin,2680.970000,167.815000,2681.470000,176.555000,0.500000,8.740000,2681.220000,172.185000
rect,MET4,pin,2680.970000,13.555000,2681.470000,21.695000,0.500000,8.140000,2681.220000,17.625000
rect,MET5,pin,2597.470000,167.815000,2597.970000,176.555000,0.500000,8.740000,2597.720000,172.185000
rect,MET5,pin,2597.470000,13.555000,2597.970000,21.695000,0.500000,8.140000,2597.720000,17.625000
rect,MET4,pin,2597.470000,167.815000,2597.970000,176.555000,0.500000,8.740000,2597.720000,172.185000
rect,MET4,pin,2597.470000,13.555000,2597.970000,21.695000,0.500000,8.140000,2597.720000,17.625000
rect,METTPL,pin,2680.970000,168.315000,2681.470000,176.555000,0.500000,8.240000,2681.220000,172.435000
rect,METTPL,pin,1646.970000,168.315000,1647.470000,176.555000,0.500000,8.240000,1647.220000,172.435000
rect,METTPL,pin,1563.470000,168.315000,1563.970000,176.555000,0.500000,8.240000,1563.720000,172.435000
rect,METTPL,pin,1646.970000,13.555000,1647.470000,20.955000,0.500000,7.400000,1647.220000,17.255000
rect,METTPL,pin,1563.470000,13.555000,1563.970000,20.955000,0.500000,7.400000,1563.720000,17.255000
rect,MET5,pin,1646.970000,167.815000,1647.470000,176.555000,0.500000,8.740000,1647.220000,172.185000
rect,MET5,pin,1646.970000,13.555000,1647.470000,21.695000,0.500000,8.140000,1647.220000,17.625000
rect,MET4,pin,1646.970000,167.815000,1647.470000,176.555000,0.500000,8.740000,1647.220000,172.185000
rect,MET4,pin,1646.970000,13.555000,1647.470000,21.695000,0.500000,8.140000,1647.220000,17.625000
rect,MET5,pin,1563.470000,167.815000,1563.970000,176.555000,0.500000,8.740000,1563.720000,172.185000
rect,MET5,pin,1563.470000,13.555000,1563.970000,21.695000,0.500000,8.140000,1563.720000,17.625000
rect,MET4,pin,1563.470000,167.815000,1563.970000,176.555000,0.500000,8.740000,1563.720000,172.185000
rect,MET4,pin,1563.470000,13.555000,1563.970000,21.695000,0.500000,8.140000,1563.720000,17.625000
rect,METTPL,pin,1646.970000,168.315000,1647.470000,176.555000,0.500000,8.240000,1647.220000,172.435000
rect,METTPL,pin,2597.470000,168.315000,2597.970000,176.555000,0.500000,8.240000,2597.720000,172.435000
rect,METTPL,pin,1563.470000,168.315000,1563.970000,176.555000,0.500000,8.240000,1563.720000,172.435000
rect,METTPL,pin,2680.970000,13.555000,2681.470000,20.955000,0.500000,7.400000,2681.220000,17.255000
rect,METTPL,pin,1646.970000,13.555000,1647.470000,20.955000,0.500000,7.400000,1647.220000,17.255000
rect,METTPL,pin,2597.470000,13.555000,2597.970000,20.955000,0.500000,7.400000,2597.720000,17.255000
rect,METTPL,pin,1563.470000,13.555000,1563.970000,20.955000,0.500000,7.400000,1563.720000,17.255000
rect,MET5,pin,2680.970000,167.815000,2681.470000,176.555000,0.500000,8.740000,2681.220000,172.185000
rect,MET5,pin,1646.970000,167.815000,1647.470000,176.555000,0.500000,8.740000,1647.220000,172.185000
rect,MET5,pin,2680.970000,13.555000,2681.470000,21.695000,0.500000,8.140000,2681.220000,17.625000
rect,MET5,pin,1646.970000,13.555000,1647.470000,21.695000,0.500000,8.140000,1647.220000,17.625000
rect,MET4,pin,2680.970000,167.815000,2681.470000,176.555000,0.500000,8.740000,2681.220000,172.185000
rect,MET4,pin,1646.970000,167.815000,1647.470000,176.555000,0.500000,8.740000,1647.220000,172.185000
rect,MET4,pin,2680.970000,13.555000,2681.470000,21.695000,0.500000,8.140000,2681.220000,17.625000
rect,MET4,pin,1646.970000,13.555000,1647.470000,21.695000,0.500000,8.140000,1647.220000,17.625000
rect,MET5,pin,2597.470000,167.815000,2597.970000,176.555000,0.500000,8.740000,2597.720000,172.185000
rect,MET5,pin,1563.470000,167.815000,1563.970000,176.555000,0.500000,8.740000,1563.720000,172.185000
rect,MET5,pin,2597.470000,13.555000,2597.970000,21.695000,0.500000,8.140000,2597.720000,17.625000
rect,MET5,pin,1563.470000,13.555000,1563.970000,21.695000,0.500000,8.140000,1563.720000,17.625000
rect,MET4,pin,2597.470000,167.815000,2597.970000,176.555000,0.500000,8.740000,2597.720000,172.185000
rect,MET4,pin,1563.470000,167.815000,1563.970000,176.555000,0.500000,8.740000,1563.720000,172.185000
rect,MET4,pin,2597.470000,13.555000,2597.970000,21.695000,0.500000,8.140000,2597.720000,17.625000
rect,MET4,pin,1563.470000,13.555000,1563.970000,21.695000,0.500000,8.140000,1563.720000,17.625000
rect,METTPL,pin,2680.970000,133.815000,2681.470000,165.815000,0.500000,32.000000,2681.220000,149.815000
rect,MET5,pin,2680.970000,133.815000,2681.470000,165.815000,0.500000,32.000000,2681.220000,149.815000
rect,MET4,pin,2680.970000,133.815000,2681.470000,165.815000,0.500000,32.000000,2681.220000,149.815000
rect,METTPL,pin,2597.470000,133.815000,2597.970000,165.815000,0.500000,32.000000,2597.720000,149.815000
rect,MET5,pin,2597.470000,133.815000,2597.970000,165.815000,0.500000,32.000000,2597.720000,149.815000
rect,MET4,pin,2597.470000,133.815000,2597.970000,165.815000,0.500000,32.000000,2597.720000,149.815000
rect,METTPL,pin,1646.970000,133.815000,1647.470000,165.815000,0.500000,32.000000,1647.220000,149.815000
rect,MET5,pin,1646.970000,133.815000,1647.470000,165.815000,0.500000,32.000000,1647.220000,149.815000
rect,MET4,pin,1646.970000,133.815000,1647.470000,165.815000,0.500000,32.000000,1647.220000,149.815000
rect,METTPL,pin,1563.470000,133.815000,1563.970000,165.815000,0.500000,32.000000,1563.720000,149.815000
rect,MET5,pin,1563.470000,133.815000,1563.970000,165.815000,0.500000,32.000000,1563.720000,149.815000
rect,MET4,pin,1563.470000,133.815000,1563.970000,165.815000,0.500000,32.000000,1563.720000,149.815000
rect,METTPL,pin,2680.970000,23.695000,2681.470000,57.695000,0.500000,34.000000,2681.220000,40.695000
rect,MET5,pin,2680.970000,23.695000,2681.470000,57.695000,0.500000,34.000000,2681.220000,40.695000
rect,MET4,pin,2680.970000,23.695000,2681.470000,57.695000,0.500000,34.000000,2681.220000,40.695000
rect,METTPL,pin,2597.470000,23.695000,2597.970000,57.695000,0.500000,34.000000,2597.720000,40.695000
rect,MET5,pin,2597.470000,23.695000,2597.970000,57.695000,0.500000,34.000000,2597.720000,40.695000
rect,MET4,pin,2597.470000,23.695000,2597.970000,57.695000,0.500000,34.000000,2597.720000,40.695000
rect,METTPL,pin,1646.970000,23.695000,1647.470000,57.695000,0.500000,34.000000,1647.220000,40.695000
rect,MET5,pin,1646.970000,23.695000,1647.470000,57.695000,0.500000,34.000000,1647.220000,40.695000
rect,MET4,pin,1646.970000,23.695000,1647.470000,57.695000,0.500000,34.000000,1647.220000,40.695000
rect,METTPL,pin,1563.470000,23.695000,1563.970000,57.695000,0.500000,34.000000,1563.720000,40.695000
rect,MET5,pin,1563.470000,23.695000,1563.970000,57.695000,0.500000,34.000000,1563.720000,40.695000
rect,MET4,pin,1563.470000,23.695000,1563.970000,57.695000,0.500000,34.000000,1563.720000,40.695000
rect,METTPL,pin,1740.970000,168.315000,1741.470000,176.555000,0.500000,8.240000,1741.220000,172.435000
rect,METTPL,pin,1657.470000,168.315000,1657.970000,176.555000,0.500000,8.240000,1657.720000,172.435000
rect,METTPL,pin,1740.970000,13.555000,1741.470000,20.955000,0.500000,7.400000,1741.220000,17.255000
rect,METTPL,pin,1657.470000,13.555000,1657.970000,20.955000,0.500000,7.400000,1657.720000,17.255000
rect,MET5,pin,1740.970000,167.815000,1741.470000,176.555000,0.500000,8.740000,1741.220000,172.185000
rect,MET5,pin,1740.970000,13.555000,1741.470000,21.695000,0.500000,8.140000,1741.220000,17.625000
rect,MET4,pin,1740.970000,167.815000,1741.470000,176.555000,0.500000,8.740000,1741.220000,172.185000
rect,MET4,pin,1740.970000,13.555000,1741.470000,21.695000,0.500000,8.140000,1741.220000,17.625000
rect,MET5,pin,1657.470000,167.815000,1657.970000,176.555000,0.500000,8.740000,1657.720000,172.185000
rect,MET5,pin,1657.470000,13.555000,1657.970000,21.695000,0.500000,8.140000,1657.720000,17.625000
rect,MET4,pin,1657.470000,167.815000,1657.970000,176.555000,0.500000,8.740000,1657.720000,172.185000
rect,MET4,pin,1657.470000,13.555000,1657.970000,21.695000,0.500000,8.140000,1657.720000,17.625000
rect,METTPL,pin,1740.970000,168.315000,1741.470000,176.555000,0.500000,8.240000,1741.220000,172.435000
rect,METTPL,pin,1657.470000,168.315000,1657.970000,176.555000,0.500000,8.240000,1657.720000,172.435000
rect,METTPL,pin,1740.970000,13.555000,1741.470000,20.955000,0.500000,7.400000,1741.220000,17.255000
rect,METTPL,pin,1657.470000,13.555000,1657.970000,20.955000,0.500000,7.400000,1657.720000,17.255000
rect,MET5,pin,1740.970000,167.815000,1741.470000,176.555000,0.500000,8.740000,1741.220000,172.185000
rect,MET5,pin,1740.970000,13.555000,1741.470000,21.695000,0.500000,8.140000,1741.220000,17.625000
rect,MET4,pin,1740.970000,167.815000,1741.470000,176.555000,0.500000,8.740000,1741.220000,172.185000
rect,MET4,pin,1740.970000,13.555000,1741.470000,21.695000,0.500000,8.140000,1741.220000,17.625000
rect,MET5,pin,1657.470000,167.815000,1657.970000,176.555000,0.500000,8.740000,1657.720000,172.185000
rect,MET5,pin,1657.470000,13.555000,1657.970000,21.695000,0.500000,8.140000,1657.720000,17.625000
rect,MET4,pin,1657.470000,167.815000,1657.970000,176.555000,0.500000,8.740000,1657.720000,172.185000
rect,MET4,pin,1657.470000,13.555000,1657.970000,21.695000,0.500000,8.140000,1657.720000,17.625000
rect,METTPL,pin,1740.970000,133.815000,1741.470000,165.815000,0.500000,32.000000,1741.220000,149.815000
rect,MET5,pin,1740.970000,133.815000,1741.470000,165.815000,0.500000,32.000000,1741.220000,149.815000
rect,MET4,pin,1740.970000,133.815000,1741.470000,165.815000,0.500000,32.000000,1741.220000,149.815000
rect,METTPL,pin,1657.470000,133.815000,1657.970000,165.815000,0.500000,32.000000,1657.720000,149.815000
rect,MET5,pin,1657.470000,133.815000,1657.970000,165.815000,0.500000,32.000000,1657.720000,149.815000
rect,MET4,pin,1657.470000,133.815000,1657.970000,165.815000,0.500000,32.000000,1657.720000,149.815000
rect,METTPL,pin,1740.970000,23.695000,1741.470000,57.695000,0.500000,34.000000,1741.220000,40.695000
rect,MET5,pin,1740.970000,23.695000,1741.470000,57.695000,0.500000,34.000000,1741.220000,40.695000
rect,MET4,pin,1740.970000,23.695000,1741.470000,57.695000,0.500000,34.000000,1741.220000,40.695000
rect,METTPL,pin,1657.470000,23.695000,1657.970000,57.695000,0.500000,34.000000,1657.720000,40.695000
rect,MET5,pin,1657.470000,23.695000,1657.970000,57.695000,0.500000,34.000000,1657.720000,40.695000
rect,MET4,pin,1657.470000,23.695000,1657.970000,57.695000,0.500000,34.000000,1657.720000,40.695000
rect,METTPL,pin,1834.970000,168.315000,1835.470000,176.555000,0.500000,8.240000,1835.220000,172.435000
rect,METTPL,pin,1751.470000,168.315000,1751.970000,176.555000,0.500000,8.240000,1751.720000,172.435000
rect,METTPL,pin,1834.970000,13.555000,1835.470000,20.955000,0.500000,7.400000,1835.220000,17.255000
rect,METTPL,pin,1751.470000,13.555000,1751.970000,20.955000,0.500000,7.400000,1751.720000,17.255000
rect,MET5,pin,1834.970000,167.815000,1835.470000,176.555000,0.500000,8.740000,1835.220000,172.185000
rect,MET5,pin,1834.970000,13.555000,1835.470000,21.695000,0.500000,8.140000,1835.220000,17.625000
rect,MET4,pin,1834.970000,167.815000,1835.470000,176.555000,0.500000,8.740000,1835.220000,172.185000
rect,MET4,pin,1834.970000,13.555000,1835.470000,21.695000,0.500000,8.140000,1835.220000,17.625000
rect,MET5,pin,1751.470000,167.815000,1751.970000,176.555000,0.500000,8.740000,1751.720000,172.185000
rect,MET5,pin,1751.470000,13.555000,1751.970000,21.695000,0.500000,8.140000,1751.720000,17.625000
rect,MET4,pin,1751.470000,167.815000,1751.970000,176.555000,0.500000,8.740000,1751.720000,172.185000
rect,MET4,pin,1751.470000,13.555000,1751.970000,21.695000,0.500000,8.140000,1751.720000,17.625000
rect,METTPL,pin,1834.970000,168.315000,1835.470000,176.555000,0.500000,8.240000,1835.220000,172.435000
rect,METTPL,pin,1751.470000,168.315000,1751.970000,176.555000,0.500000,8.240000,1751.720000,172.435000
rect,METTPL,pin,1834.970000,13.555000,1835.470000,20.955000,0.500000,7.400000,1835.220000,17.255000
rect,METTPL,pin,1751.470000,13.555000,1751.970000,20.955000,0.500000,7.400000,1751.720000,17.255000
rect,MET5,pin,1834.970000,167.815000,1835.470000,176.555000,0.500000,8.740000,1835.220000,172.185000
rect,MET5,pin,1834.970000,13.555000,1835.470000,21.695000,0.500000,8.140000,1835.220000,17.625000
rect,MET4,pin,1834.970000,167.815000,1835.470000,176.555000,0.500000,8.740000,1835.220000,172.185000
rect,MET4,pin,1834.970000,13.555000,1835.470000,21.695000,0.500000,8.140000,1835.220000,17.625000
rect,MET5,pin,1751.470000,167.815000,1751.970000,176.555000,0.500000,8.740000,1751.720000,172.185000
rect,MET5,pin,1751.470000,13.555000,1751.970000,21.695000,0.500000,8.140000,1751.720000,17.625000
rect,MET4,pin,1751.470000,167.815000,1751.970000,176.555000,0.500000,8.740000,1751.720000,172.185000
rect,MET4,pin,1751.470000,13.555000,1751.970000,21.695000,0.500000,8.140000,1751.720000,17.625000
rect,METTPL,pin,1834.970000,133.815000,1835.470000,165.815000,0.500000,32.000000,1835.220000,149.815000
rect,MET5,pin,1834.970000,133.815000,1835.470000,165.815000,0.500000,32.000000,1835.220000,149.815000
rect,MET4,pin,1834.970000,133.815000,1835.470000,165.815000,0.500000,32.000000,1835.220000,149.815000
rect,METTPL,pin,1751.470000,133.815000,1751.970000,165.815000,0.500000,32.000000,1751.720000,149.815000
rect,MET5,pin,1751.470000,133.815000,1751.970000,165.815000,0.500000,32.000000,1751.720000,149.815000
rect,MET4,pin,1751.470000,133.815000,1751.970000,165.815000,0.500000,32.000000,1751.720000,149.815000
rect,METTPL,pin,1834.970000,23.695000,1835.470000,57.695000,0.500000,34.000000,1835.220000,40.695000
rect,MET5,pin,1834.970000,23.695000,1835.470000,57.695000,0.500000,34.000000,1835.220000,40.695000
rect,MET4,pin,1834.970000,23.695000,1835.470000,57.695000,0.500000,34.000000,1835.220000,40.695000
rect,METTPL,pin,1751.470000,23.695000,1751.970000,57.695000,0.500000,34.000000,1751.720000,40.695000
rect,MET5,pin,1751.470000,23.695000,1751.970000,57.695000,0.500000,34.000000,1751.720000,40.695000
rect,MET4,pin,1751.470000,23.695000,1751.970000,57.695000,0.500000,34.000000,1751.720000,40.695000
rect,METTPL,pin,1928.970000,168.315000,1929.470000,176.555000,0.500000,8.240000,1929.220000,172.435000
rect,METTPL,pin,1845.470000,168.315000,1845.970000,176.555000,0.500000,8.240000,1845.720000,172.435000
rect,METTPL,pin,1928.970000,13.555000,1929.470000,20.955000,0.500000,7.400000,1929.220000,17.255000
rect,METTPL,pin,1845.470000,13.555000,1845.970000,20.955000,0.500000,7.400000,1845.720000,17.255000
rect,MET5,pin,1928.970000,167.815000,1929.470000,176.555000,0.500000,8.740000,1929.220000,172.185000
rect,MET5,pin,1928.970000,13.555000,1929.470000,21.695000,0.500000,8.140000,1929.220000,17.625000
rect,MET4,pin,1928.970000,167.815000,1929.470000,176.555000,0.500000,8.740000,1929.220000,172.185000
rect,MET4,pin,1928.970000,13.555000,1929.470000,21.695000,0.500000,8.140000,1929.220000,17.625000
rect,MET5,pin,1845.470000,167.815000,1845.970000,176.555000,0.500000,8.740000,1845.720000,172.185000
rect,MET5,pin,1845.470000,13.555000,1845.970000,21.695000,0.500000,8.140000,1845.720000,17.625000
rect,MET4,pin,1845.470000,167.815000,1845.970000,176.555000,0.500000,8.740000,1845.720000,172.185000
rect,MET4,pin,1845.470000,13.555000,1845.970000,21.695000,0.500000,8.140000,1845.720000,17.625000
rect,METTPL,pin,1928.970000,168.315000,1929.470000,176.555000,0.500000,8.240000,1929.220000,172.435000
rect,METTPL,pin,1845.470000,168.315000,1845.970000,176.555000,0.500000,8.240000,1845.720000,172.435000
rect,METTPL,pin,1928.970000,13.555000,1929.470000,20.955000,0.500000,7.400000,1929.220000,17.255000
rect,METTPL,pin,1845.470000,13.555000,1845.970000,20.955000,0.500000,7.400000,1845.720000,17.255000
rect,MET5,pin,1928.970000,167.815000,1929.470000,176.555000,0.500000,8.740000,1929.220000,172.185000
rect,MET5,pin,1928.970000,13.555000,1929.470000,21.695000,0.500000,8.140000,1929.220000,17.625000
rect,MET4,pin,1928.970000,167.815000,1929.470000,176.555000,0.500000,8.740000,1929.220000,172.185000
rect,MET4,pin,1928.970000,13.555000,1929.470000,21.695000,0.500000,8.140000,1929.220000,17.625000
rect,MET5,pin,1845.470000,167.815000,1845.970000,176.555000,0.500000,8.740000,1845.720000,172.185000
rect,MET5,pin,1845.470000,13.555000,1845.970000,21.695000,0.500000,8.140000,1845.720000,17.625000
rect,MET4,pin,1845.470000,167.815000,1845.970000,176.555000,0.500000,8.740000,1845.720000,172.185000
rect,MET4,pin,1845.470000,13.555000,1845.970000,21.695000,0.500000,8.140000,1845.720000,17.625000
rect,METTPL,pin,1928.970000,133.815000,1929.470000,165.815000,0.500000,32.000000,1929.220000,149.815000
rect,MET5,pin,1928.970000,133.815000,1929.470000,165.815000,0.500000,32.000000,1929.220000,149.815000
rect,MET4,pin,1928.970000,133.815000,1929.470000,165.815000,0.500000,32.000000,1929.220000,149.815000
rect,METTPL,pin,1845.470000,133.815000,1845.970000,165.815000,0.500000,32.000000,1845.720000,149.815000
rect,MET5,pin,1845.470000,133.815000,1845.970000,165.815000,0.500000,32.000000,1845.720000,149.815000
rect,MET4,pin,1845.470000,133.815000,1845.970000,165.815000,0.500000,32.000000,1845.720000,149.815000
rect,METTPL,pin,1928.970000,23.695000,1929.470000,57.695000,0.500000,34.000000,1929.220000,40.695000
rect,MET5,pin,1928.970000,23.695000,1929.470000,57.695000,0.500000,34.000000,1929.220000,40.695000
rect,MET4,pin,1928.970000,23.695000,1929.470000,57.695000,0.500000,34.000000,1929.220000,40.695000
rect,METTPL,pin,1845.470000,23.695000,1845.970000,57.695000,0.500000,34.000000,1845.720000,40.695000
rect,MET5,pin,1845.470000,23.695000,1845.970000,57.695000,0.500000,34.000000,1845.720000,40.695000
rect,MET4,pin,1845.470000,23.695000,1845.970000,57.695000,0.500000,34.000000,1845.720000,40.695000
rect,METTPL,pin,2022.970000,168.315000,2023.470000,176.555000,0.500000,8.240000,2023.220000,172.435000
rect,METTPL,pin,1939.470000,168.315000,1939.970000,176.555000,0.500000,8.240000,1939.720000,172.435000
rect,METTPL,pin,2022.970000,13.555000,2023.470000,20.955000,0.500000,7.400000,2023.220000,17.255000
rect,METTPL,pin,1939.470000,13.555000,1939.970000,20.955000,0.500000,7.400000,1939.720000,17.255000
rect,MET5,pin,2022.970000,167.815000,2023.470000,176.555000,0.500000,8.740000,2023.220000,172.185000
rect,MET5,pin,2022.970000,13.555000,2023.470000,21.695000,0.500000,8.140000,2023.220000,17.625000
rect,MET4,pin,2022.970000,167.815000,2023.470000,176.555000,0.500000,8.740000,2023.220000,172.185000
rect,MET4,pin,2022.970000,13.555000,2023.470000,21.695000,0.500000,8.140000,2023.220000,17.625000
rect,MET5,pin,1939.470000,167.815000,1939.970000,176.555000,0.500000,8.740000,1939.720000,172.185000
rect,MET5,pin,1939.470000,13.555000,1939.970000,21.695000,0.500000,8.140000,1939.720000,17.625000
rect,MET4,pin,1939.470000,167.815000,1939.970000,176.555000,0.500000,8.740000,1939.720000,172.185000
rect,MET4,pin,1939.470000,13.555000,1939.970000,21.695000,0.500000,8.140000,1939.720000,17.625000
rect,METTPL,pin,2022.970000,168.315000,2023.470000,176.555000,0.500000,8.240000,2023.220000,172.435000
rect,METTPL,pin,1939.470000,168.315000,1939.970000,176.555000,0.500000,8.240000,1939.720000,172.435000
rect,METTPL,pin,2022.970000,13.555000,2023.470000,20.955000,0.500000,7.400000,2023.220000,17.255000
rect,METTPL,pin,1939.470000,13.555000,1939.970000,20.955000,0.500000,7.400000,1939.720000,17.255000
rect,MET5,pin,2022.970000,167.815000,2023.470000,176.555000,0.500000,8.740000,2023.220000,172.185000
rect,MET5,pin,2022.970000,13.555000,2023.470000,21.695000,0.500000,8.140000,2023.220000,17.625000
rect,MET4,pin,2022.970000,167.815000,2023.470000,176.555000,0.500000,8.740000,2023.220000,172.185000
rect,MET4,pin,2022.970000,13.555000,2023.470000,21.695000,0.500000,8.140000,2023.220000,17.625000
rect,MET5,pin,1939.470000,167.815000,1939.970000,176.555000,0.500000,8.740000,1939.720000,172.185000
rect,MET5,pin,1939.470000,13.555000,1939.970000,21.695000,0.500000,8.140000,1939.720000,17.625000
rect,MET4,pin,1939.470000,167.815000,1939.970000,176.555000,0.500000,8.740000,1939.720000,172.185000
rect,MET4,pin,1939.470000,13.555000,1939.970000,21.695000,0.500000,8.140000,1939.720000,17.625000
rect,METTPL,pin,2022.970000,133.815000,2023.470000,165.815000,0.500000,32.000000,2023.220000,149.815000
rect,MET5,pin,2022.970000,133.815000,2023.470000,165.815000,0.500000,32.000000,2023.220000,149.815000
rect,MET4,pin,2022.970000,133.815000,2023.470000,165.815000,0.500000,32.000000,2023.220000,149.815000
rect,METTPL,pin,1939.470000,133.815000,1939.970000,165.815000,0.500000,32.000000,1939.720000,149.815000
rect,MET5,pin,1939.470000,133.815000,1939.970000,165.815000,0.500000,32.000000,1939.720000,149.815000
rect,MET4,pin,1939.470000,133.815000,1939.970000,165.815000,0.500000,32.000000,1939.720000,149.815000
rect,METTPL,pin,2022.970000,23.695000,2023.470000,57.695000,0.500000,34.000000,2023.220000,40.695000
rect,MET5,pin,2022.970000,23.695000,2023.470000,57.695000,0.500000,34.000000,2023.220000,40.695000
rect,MET4,pin,2022.970000,23.695000,2023.470000,57.695000,0.500000,34.000000,2023.220000,40.695000
rect,METTPL,pin,1939.470000,23.695000,1939.970000,57.695000,0.500000,34.000000,1939.720000,40.695000
rect,MET5,pin,1939.470000,23.695000,1939.970000,57.695000,0.500000,34.000000,1939.720000,40.695000
rect,MET4,pin,1939.470000,23.695000,1939.970000,57.695000,0.500000,34.000000,1939.720000,40.695000
rect,METTPL,pin,2116.970000,168.315000,2117.470000,176.555000,0.500000,8.240000,2117.220000,172.435000
rect,METTPL,pin,2033.470000,168.315000,2033.970000,176.555000,0.500000,8.240000,2033.720000,172.435000
rect,METTPL,pin,2116.970000,13.555000,2117.470000,20.955000,0.500000,7.400000,2117.220000,17.255000
rect,METTPL,pin,2033.470000,13.555000,2033.970000,20.955000,0.500000,7.400000,2033.720000,17.255000
rect,MET5,pin,2116.970000,167.815000,2117.470000,176.555000,0.500000,8.740000,2117.220000,172.185000
rect,MET5,pin,2116.970000,13.555000,2117.470000,21.695000,0.500000,8.140000,2117.220000,17.625000
rect,MET4,pin,2116.970000,167.815000,2117.470000,176.555000,0.500000,8.740000,2117.220000,172.185000
rect,MET4,pin,2116.970000,13.555000,2117.470000,21.695000,0.500000,8.140000,2117.220000,17.625000
rect,MET5,pin,2033.470000,167.815000,2033.970000,176.555000,0.500000,8.740000,2033.720000,172.185000
rect,MET5,pin,2033.470000,13.555000,2033.970000,21.695000,0.500000,8.140000,2033.720000,17.625000
rect,MET4,pin,2033.470000,167.815000,2033.970000,176.555000,0.500000,8.740000,2033.720000,172.185000
rect,MET4,pin,2033.470000,13.555000,2033.970000,21.695000,0.500000,8.140000,2033.720000,17.625000
rect,METTPL,pin,2116.970000,168.315000,2117.470000,176.555000,0.500000,8.240000,2117.220000,172.435000
rect,METTPL,pin,2033.470000,168.315000,2033.970000,176.555000,0.500000,8.240000,2033.720000,172.435000
rect,METTPL,pin,2116.970000,13.555000,2117.470000,20.955000,0.500000,7.400000,2117.220000,17.255000
rect,METTPL,pin,2033.470000,13.555000,2033.970000,20.955000,0.500000,7.400000,2033.720000,17.255000
rect,MET5,pin,2116.970000,167.815000,2117.470000,176.555000,0.500000,8.740000,2117.220000,172.185000
rect,MET5,pin,2116.970000,13.555000,2117.470000,21.695000,0.500000,8.140000,2117.220000,17.625000
rect,MET4,pin,2116.970000,167.815000,2117.470000,176.555000,0.500000,8.740000,2117.220000,172.185000
rect,MET4,pin,2116.970000,13.555000,2117.470000,21.695000,0.500000,8.140000,2117.220000,17.625000
rect,MET5,pin,2033.470000,167.815000,2033.970000,176.555000,0.500000,8.740000,2033.720000,172.185000
rect,MET5,pin,2033.470000,13.555000,2033.970000,21.695000,0.500000,8.140000,2033.720000,17.625000
rect,MET4,pin,2033.470000,167.815000,2033.970000,176.555000,0.500000,8.740000,2033.720000,172.185000
rect,MET4,pin,2033.470000,13.555000,2033.970000,21.695000,0.500000,8.140000,2033.720000,17.625000
rect,METTPL,pin,2116.970000,133.815000,2117.470000,165.815000,0.500000,32.000000,2117.220000,149.815000
rect,MET5,pin,2116.970000,133.815000,2117.470000,165.815000,0.500000,32.000000,2117.220000,149.815000
rect,MET4,pin,2116.970000,133.815000,2117.470000,165.815000,0.500000,32.000000,2117.220000,149.815000
rect,METTPL,pin,2033.470000,133.815000,2033.970000,165.815000,0.500000,32.000000,2033.720000,149.815000
rect,MET5,pin,2033.470000,133.815000,2033.970000,165.815000,0.500000,32.000000,2033.720000,149.815000
rect,MET4,pin,2033.470000,133.815000,2033.970000,165.815000,0.500000,32.000000,2033.720000,149.815000
rect,METTPL,pin,2116.970000,23.695000,2117.470000,57.695000,0.500000,34.000000,2117.220000,40.695000
rect,MET5,pin,2116.970000,23.695000,2117.470000,57.695000,0.500000,34.000000,2117.220000,40.695000
rect,MET4,pin,2116.970000,23.695000,2117.470000,57.695000,0.500000,34.000000,2117.220000,40.695000
rect,METTPL,pin,2033.470000,23.695000,2033.970000,57.695000,0.500000,34.000000,2033.720000,40.695000
rect,MET5,pin,2033.470000,23.695000,2033.970000,57.695000,0.500000,34.000000,2033.720000,40.695000
rect,MET4,pin,2033.470000,23.695000,2033.970000,57.695000,0.500000,34.000000,2033.720000,40.695000
rect,METTPL,pin,2210.970000,168.315000,2211.470000,176.555000,0.500000,8.240000,2211.220000,172.435000
rect,METTPL,pin,2127.470000,168.315000,2127.970000,176.555000,0.500000,8.240000,2127.720000,172.435000
rect,METTPL,pin,2210.970000,13.555000,2211.470000,20.955000,0.500000,7.400000,2211.220000,17.255000
rect,METTPL,pin,2127.470000,13.555000,2127.970000,20.955000,0.500000,7.400000,2127.720000,17.255000
rect,MET5,pin,2210.970000,167.815000,2211.470000,176.555000,0.500000,8.740000,2211.220000,172.185000
rect,MET5,pin,2210.970000,13.555000,2211.470000,21.695000,0.500000,8.140000,2211.220000,17.625000
rect,MET4,pin,2210.970000,167.815000,2211.470000,176.555000,0.500000,8.740000,2211.220000,172.185000
rect,MET4,pin,2210.970000,13.555000,2211.470000,21.695000,0.500000,8.140000,2211.220000,17.625000
rect,MET5,pin,2127.470000,167.815000,2127.970000,176.555000,0.500000,8.740000,2127.720000,172.185000
rect,MET5,pin,2127.470000,13.555000,2127.970000,21.695000,0.500000,8.140000,2127.720000,17.625000
rect,MET4,pin,2127.470000,167.815000,2127.970000,176.555000,0.500000,8.740000,2127.720000,172.185000
rect,MET4,pin,2127.470000,13.555000,2127.970000,21.695000,0.500000,8.140000,2127.720000,17.625000
rect,METTPL,pin,2210.970000,168.315000,2211.470000,176.555000,0.500000,8.240000,2211.220000,172.435000
rect,METTPL,pin,2127.470000,168.315000,2127.970000,176.555000,0.500000,8.240000,2127.720000,172.435000
rect,METTPL,pin,2210.970000,13.555000,2211.470000,20.955000,0.500000,7.400000,2211.220000,17.255000
rect,METTPL,pin,2127.470000,13.555000,2127.970000,20.955000,0.500000,7.400000,2127.720000,17.255000
rect,MET5,pin,2210.970000,167.815000,2211.470000,176.555000,0.500000,8.740000,2211.220000,172.185000
rect,MET5,pin,2210.970000,13.555000,2211.470000,21.695000,0.500000,8.140000,2211.220000,17.625000
rect,MET4,pin,2210.970000,167.815000,2211.470000,176.555000,0.500000,8.740000,2211.220000,172.185000
rect,MET4,pin,2210.970000,13.555000,2211.470000,21.695000,0.500000,8.140000,2211.220000,17.625000
rect,MET5,pin,2127.470000,167.815000,2127.970000,176.555000,0.500000,8.740000,2127.720000,172.185000
rect,MET5,pin,2127.470000,13.555000,2127.970000,21.695000,0.500000,8.140000,2127.720000,17.625000
rect,MET4,pin,2127.470000,167.815000,2127.970000,176.555000,0.500000,8.740000,2127.720000,172.185000
rect,MET4,pin,2127.470000,13.555000,2127.970000,21.695000,0.500000,8.140000,2127.720000,17.625000
rect,METTPL,pin,2210.970000,133.815000,2211.470000,165.815000,0.500000,32.000000,2211.220000,149.815000
rect,MET5,pin,2210.970000,133.815000,2211.470000,165.815000,0.500000,32.000000,2211.220000,149.815000
rect,MET4,pin,2210.970000,133.815000,2211.470000,165.815000,0.500000,32.000000,2211.220000,149.815000
rect,METTPL,pin,2127.470000,133.815000,2127.970000,165.815000,0.500000,32.000000,2127.720000,149.815000
rect,MET5,pin,2127.470000,133.815000,2127.970000,165.815000,0.500000,32.000000,2127.720000,149.815000
rect,MET4,pin,2127.470000,133.815000,2127.970000,165.815000,0.500000,32.000000,2127.720000,149.815000
rect,METTPL,pin,2210.970000,23.695000,2211.470000,57.695000,0.500000,34.000000,2211.220000,40.695000
rect,MET5,pin,2210.970000,23.695000,2211.470000,57.695000,0.500000,34.000000,2211.220000,40.695000
rect,MET4,pin,2210.970000,23.695000,2211.470000,57.695000,0.500000,34.000000,2211.220000,40.695000
rect,METTPL,pin,2127.470000,23.695000,2127.970000,57.695000,0.500000,34.000000,2127.720000,40.695000
rect,MET5,pin,2127.470000,23.695000,2127.970000,57.695000,0.500000,34.000000,2127.720000,40.695000
rect,MET4,pin,2127.470000,23.695000,2127.970000,57.695000,0.500000,34.000000,2127.720000,40.695000
rect,METTPL,pin,2304.970000,168.315000,2305.470000,176.555000,0.500000,8.240000,2305.220000,172.435000
rect,METTPL,pin,2221.470000,168.315000,2221.970000,176.555000,0.500000,8.240000,2221.720000,172.435000
rect,METTPL,pin,2304.970000,13.555000,2305.470000,20.955000,0.500000,7.400000,2305.220000,17.255000
rect,METTPL,pin,2221.470000,13.555000,2221.970000,20.955000,0.500000,7.400000,2221.720000,17.255000
rect,MET5,pin,2304.970000,167.815000,2305.470000,176.555000,0.500000,8.740000,2305.220000,172.185000
rect,MET5,pin,2304.970000,13.555000,2305.470000,21.695000,0.500000,8.140000,2305.220000,17.625000
rect,MET4,pin,2304.970000,167.815000,2305.470000,176.555000,0.500000,8.740000,2305.220000,172.185000
rect,MET4,pin,2304.970000,13.555000,2305.470000,21.695000,0.500000,8.140000,2305.220000,17.625000
rect,MET5,pin,2221.470000,167.815000,2221.970000,176.555000,0.500000,8.740000,2221.720000,172.185000
rect,MET5,pin,2221.470000,13.555000,2221.970000,21.695000,0.500000,8.140000,2221.720000,17.625000
rect,MET4,pin,2221.470000,167.815000,2221.970000,176.555000,0.500000,8.740000,2221.720000,172.185000
rect,MET4,pin,2221.470000,13.555000,2221.970000,21.695000,0.500000,8.140000,2221.720000,17.625000
rect,METTPL,pin,2304.970000,168.315000,2305.470000,176.555000,0.500000,8.240000,2305.220000,172.435000
rect,METTPL,pin,2221.470000,168.315000,2221.970000,176.555000,0.500000,8.240000,2221.720000,172.435000
rect,METTPL,pin,2304.970000,13.555000,2305.470000,20.955000,0.500000,7.400000,2305.220000,17.255000
rect,METTPL,pin,2221.470000,13.555000,2221.970000,20.955000,0.500000,7.400000,2221.720000,17.255000
rect,MET5,pin,2304.970000,167.815000,2305.470000,176.555000,0.500000,8.740000,2305.220000,172.185000
rect,MET5,pin,2304.970000,13.555000,2305.470000,21.695000,0.500000,8.140000,2305.220000,17.625000
rect,MET4,pin,2304.970000,167.815000,2305.470000,176.555000,0.500000,8.740000,2305.220000,172.185000
rect,MET4,pin,2304.970000,13.555000,2305.470000,21.695000,0.500000,8.140000,2305.220000,17.625000
rect,MET5,pin,2221.470000,167.815000,2221.970000,176.555000,0.500000,8.740000,2221.720000,172.185000
rect,MET5,pin,2221.470000,13.555000,2221.970000,21.695000,0.500000,8.140000,2221.720000,17.625000
rect,MET4,pin,2221.470000,167.815000,2221.970000,176.555000,0.500000,8.740000,2221.720000,172.185000
rect,MET4,pin,2221.470000,13.555000,2221.970000,21.695000,0.500000,8.140000,2221.720000,17.625000
rect,METTPL,pin,2304.970000,133.815000,2305.470000,165.815000,0.500000,32.000000,2305.220000,149.815000
rect,MET5,pin,2304.970000,133.815000,2305.470000,165.815000,0.500000,32.000000,2305.220000,149.815000
rect,MET4,pin,2304.970000,133.815000,2305.470000,165.815000,0.500000,32.000000,2305.220000,149.815000
rect,METTPL,pin,2221.470000,133.815000,2221.970000,165.815000,0.500000,32.000000,2221.720000,149.815000
rect,MET5,pin,2221.470000,133.815000,2221.970000,165.815000,0.500000,32.000000,2221.720000,149.815000
rect,MET4,pin,2221.470000,133.815000,2221.970000,165.815000,0.500000,32.000000,2221.720000,149.815000
rect,METTPL,pin,2304.970000,23.695000,2305.470000,57.695000,0.500000,34.000000,2305.220000,40.695000
rect,MET5,pin,2304.970000,23.695000,2305.470000,57.695000,0.500000,34.000000,2305.220000,40.695000
rect,MET4,pin,2304.970000,23.695000,2305.470000,57.695000,0.500000,34.000000,2305.220000,40.695000
rect,METTPL,pin,2221.470000,23.695000,2221.970000,57.695000,0.500000,34.000000,2221.720000,40.695000
rect,MET5,pin,2221.470000,23.695000,2221.970000,57.695000,0.500000,34.000000,2221.720000,40.695000
rect,MET4,pin,2221.470000,23.695000,2221.970000,57.695000,0.500000,34.000000,2221.720000,40.695000
rect,METTPL,pin,2398.970000,168.315000,2399.470000,176.555000,0.500000,8.240000,2399.220000,172.435000
rect,METTPL,pin,2315.470000,168.315000,2315.970000,176.555000,0.500000,8.240000,2315.720000,172.435000
rect,METTPL,pin,2398.970000,13.555000,2399.470000,20.955000,0.500000,7.400000,2399.220000,17.255000
rect,METTPL,pin,2315.470000,13.555000,2315.970000,20.955000,0.500000,7.400000,2315.720000,17.255000
rect,MET5,pin,2398.970000,167.815000,2399.470000,176.555000,0.500000,8.740000,2399.220000,172.185000
rect,MET5,pin,2398.970000,13.555000,2399.470000,21.695000,0.500000,8.140000,2399.220000,17.625000
rect,MET4,pin,2398.970000,167.815000,2399.470000,176.555000,0.500000,8.740000,2399.220000,172.185000
rect,MET4,pin,2398.970000,13.555000,2399.470000,21.695000,0.500000,8.140000,2399.220000,17.625000
rect,MET5,pin,2315.470000,167.815000,2315.970000,176.555000,0.500000,8.740000,2315.720000,172.185000
rect,MET5,pin,2315.470000,13.555000,2315.970000,21.695000,0.500000,8.140000,2315.720000,17.625000
rect,MET4,pin,2315.470000,167.815000,2315.970000,176.555000,0.500000,8.740000,2315.720000,172.185000
rect,MET4,pin,2315.470000,13.555000,2315.970000,21.695000,0.500000,8.140000,2315.720000,17.625000
rect,METTPL,pin,2398.970000,168.315000,2399.470000,176.555000,0.500000,8.240000,2399.220000,172.435000
rect,METTPL,pin,2315.470000,168.315000,2315.970000,176.555000,0.500000,8.240000,2315.720000,172.435000
rect,METTPL,pin,2398.970000,13.555000,2399.470000,20.955000,0.500000,7.400000,2399.220000,17.255000
rect,METTPL,pin,2315.470000,13.555000,2315.970000,20.955000,0.500000,7.400000,2315.720000,17.255000
rect,MET5,pin,2398.970000,167.815000,2399.470000,176.555000,0.500000,8.740000,2399.220000,172.185000
rect,MET5,pin,2398.970000,13.555000,2399.470000,21.695000,0.500000,8.140000,2399.220000,17.625000
rect,MET4,pin,2398.970000,167.815000,2399.470000,176.555000,0.500000,8.740000,2399.220000,172.185000
rect,MET4,pin,2398.970000,13.555000,2399.470000,21.695000,0.500000,8.140000,2399.220000,17.625000
rect,MET5,pin,2315.470000,167.815000,2315.970000,176.555000,0.500000,8.740000,2315.720000,172.185000
rect,MET5,pin,2315.470000,13.555000,2315.970000,21.695000,0.500000,8.140000,2315.720000,17.625000
rect,MET4,pin,2315.470000,167.815000,2315.970000,176.555000,0.500000,8.740000,2315.720000,172.185000
rect,MET4,pin,2315.470000,13.555000,2315.970000,21.695000,0.500000,8.140000,2315.720000,17.625000
rect,METTPL,pin,2398.970000,133.815000,2399.470000,165.815000,0.500000,32.000000,2399.220000,149.815000
rect,MET5,pin,2398.970000,133.815000,2399.470000,165.815000,0.500000,32.000000,2399.220000,149.815000
rect,MET4,pin,2398.970000,133.815000,2399.470000,165.815000,0.500000,32.000000,2399.220000,149.815000
rect,METTPL,pin,2315.470000,133.815000,2315.970000,165.815000,0.500000,32.000000,2315.720000,149.815000
rect,MET5,pin,2315.470000,133.815000,2315.970000,165.815000,0.500000,32.000000,2315.720000,149.815000
rect,MET4,pin,2315.470000,133.815000,2315.970000,165.815000,0.500000,32.000000,2315.720000,149.815000
rect,METTPL,pin,2398.970000,23.695000,2399.470000,57.695000,0.500000,34.000000,2399.220000,40.695000
rect,MET5,pin,2398.970000,23.695000,2399.470000,57.695000,0.500000,34.000000,2399.220000,40.695000
rect,MET4,pin,2398.970000,23.695000,2399.470000,57.695000,0.500000,34.000000,2399.220000,40.695000
rect,METTPL,pin,2315.470000,23.695000,2315.970000,57.695000,0.500000,34.000000,2315.720000,40.695000
rect,MET5,pin,2315.470000,23.695000,2315.970000,57.695000,0.500000,34.000000,2315.720000,40.695000
rect,MET4,pin,2315.470000,23.695000,2315.970000,57.695000,0.500000,34.000000,2315.720000,40.695000
rect,METTPL,pin,2492.970000,168.315000,2493.470000,176.555000,0.500000,8.240000,2493.220000,172.435000
rect,METTPL,pin,2409.470000,168.315000,2409.970000,176.555000,0.500000,8.240000,2409.720000,172.435000
rect,METTPL,pin,2492.970000,13.555000,2493.470000,20.955000,0.500000,7.400000,2493.220000,17.255000
rect,METTPL,pin,2409.470000,13.555000,2409.970000,20.955000,0.500000,7.400000,2409.720000,17.255000
rect,MET5,pin,2492.970000,167.815000,2493.470000,176.555000,0.500000,8.740000,2493.220000,172.185000
rect,MET5,pin,2492.970000,13.555000,2493.470000,21.695000,0.500000,8.140000,2493.220000,17.625000
rect,MET4,pin,2492.970000,167.815000,2493.470000,176.555000,0.500000,8.740000,2493.220000,172.185000
rect,MET4,pin,2492.970000,13.555000,2493.470000,21.695000,0.500000,8.140000,2493.220000,17.625000
rect,MET5,pin,2409.470000,167.815000,2409.970000,176.555000,0.500000,8.740000,2409.720000,172.185000
rect,MET5,pin,2409.470000,13.555000,2409.970000,21.695000,0.500000,8.140000,2409.720000,17.625000
rect,MET4,pin,2409.470000,167.815000,2409.970000,176.555000,0.500000,8.740000,2409.720000,172.185000
rect,MET4,pin,2409.470000,13.555000,2409.970000,21.695000,0.500000,8.140000,2409.720000,17.625000
rect,METTPL,pin,2492.970000,168.315000,2493.470000,176.555000,0.500000,8.240000,2493.220000,172.435000
rect,METTPL,pin,2409.470000,168.315000,2409.970000,176.555000,0.500000,8.240000,2409.720000,172.435000
rect,METTPL,pin,2492.970000,13.555000,2493.470000,20.955000,0.500000,7.400000,2493.220000,17.255000
rect,METTPL,pin,2409.470000,13.555000,2409.970000,20.955000,0.500000,7.400000,2409.720000,17.255000
rect,MET5,pin,2492.970000,167.815000,2493.470000,176.555000,0.500000,8.740000,2493.220000,172.185000
rect,MET5,pin,2492.970000,13.555000,2493.470000,21.695000,0.500000,8.140000,2493.220000,17.625000
rect,MET4,pin,2492.970000,167.815000,2493.470000,176.555000,0.500000,8.740000,2493.220000,172.185000
rect,MET4,pin,2492.970000,13.555000,2493.470000,21.695000,0.500000,8.140000,2493.220000,17.625000
rect,MET5,pin,2409.470000,167.815000,2409.970000,176.555000,0.500000,8.740000,2409.720000,172.185000
rect,MET5,pin,2409.470000,13.555000,2409.970000,21.695000,0.500000,8.140000,2409.720000,17.625000
rect,MET4,pin,2409.470000,167.815000,2409.970000,176.555000,0.500000,8.740000,2409.720000,172.185000
rect,MET4,pin,2409.470000,13.555000,2409.970000,21.695000,0.500000,8.140000,2409.720000,17.625000
rect,METTPL,pin,2492.970000,133.815000,2493.470000,165.815000,0.500000,32.000000,2493.220000,149.815000
rect,MET5,pin,2492.970000,133.815000,2493.470000,165.815000,0.500000,32.000000,2493.220000,149.815000
rect,MET4,pin,2492.970000,133.815000,2493.470000,165.815000,0.500000,32.000000,2493.220000,149.815000
rect,METTPL,pin,2409.470000,133.815000,2409.970000,165.815000,0.500000,32.000000,2409.720000,149.815000
rect,MET5,pin,2409.470000,133.815000,2409.970000,165.815000,0.500000,32.000000,2409.720000,149.815000
rect,MET4,pin,2409.470000,133.815000,2409.970000,165.815000,0.500000,32.000000,2409.720000,149.815000
rect,METTPL,pin,2492.970000,23.695000,2493.470000,57.695000,0.500000,34.000000,2493.220000,40.695000
rect,MET5,pin,2492.970000,23.695000,2493.470000,57.695000,0.500000,34.000000,2493.220000,40.695000
rect,MET4,pin,2492.970000,23.695000,2493.470000,57.695000,0.500000,34.000000,2493.220000,40.695000
rect,METTPL,pin,2409.470000,23.695000,2409.970000,57.695000,0.500000,34.000000,2409.720000,40.695000
rect,MET5,pin,2409.470000,23.695000,2409.970000,57.695000,0.500000,34.000000,2409.720000,40.695000
rect,MET4,pin,2409.470000,23.695000,2409.970000,57.695000,0.500000,34.000000,2409.720000,40.695000
rect,METTPL,pin,2586.970000,168.315000,2587.470000,176.555000,0.500000,8.240000,2587.220000,172.435000
rect,METTPL,pin,2503.470000,168.315000,2503.970000,176.555000,0.500000,8.240000,2503.720000,172.435000
rect,METTPL,pin,2586.970000,13.555000,2587.470000,20.955000,0.500000,7.400000,2587.220000,17.255000
rect,METTPL,pin,2503.470000,13.555000,2503.970000,20.955000,0.500000,7.400000,2503.720000,17.255000
rect,MET5,pin,2586.970000,167.815000,2587.470000,176.555000,0.500000,8.740000,2587.220000,172.185000
rect,MET5,pin,2586.970000,13.555000,2587.470000,21.695000,0.500000,8.140000,2587.220000,17.625000
rect,MET4,pin,2586.970000,167.815000,2587.470000,176.555000,0.500000,8.740000,2587.220000,172.185000
rect,MET4,pin,2586.970000,13.555000,2587.470000,21.695000,0.500000,8.140000,2587.220000,17.625000
rect,MET5,pin,2503.470000,167.815000,2503.970000,176.555000,0.500000,8.740000,2503.720000,172.185000
rect,MET5,pin,2503.470000,13.555000,2503.970000,21.695000,0.500000,8.140000,2503.720000,17.625000
rect,MET4,pin,2503.470000,167.815000,2503.970000,176.555000,0.500000,8.740000,2503.720000,172.185000
rect,MET4,pin,2503.470000,13.555000,2503.970000,21.695000,0.500000,8.140000,2503.720000,17.625000
rect,METTPL,pin,2586.970000,168.315000,2587.470000,176.555000,0.500000,8.240000,2587.220000,172.435000
rect,METTPL,pin,2503.470000,168.315000,2503.970000,176.555000,0.500000,8.240000,2503.720000,172.435000
rect,METTPL,pin,2586.970000,13.555000,2587.470000,20.955000,0.500000,7.400000,2587.220000,17.255000
rect,METTPL,pin,2503.470000,13.555000,2503.970000,20.955000,0.500000,7.400000,2503.720000,17.255000
rect,MET5,pin,2586.970000,167.815000,2587.470000,176.555000,0.500000,8.740000,2587.220000,172.185000
rect,MET5,pin,2586.970000,13.555000,2587.470000,21.695000,0.500000,8.140000,2587.220000,17.625000
rect,MET4,pin,2586.970000,167.815000,2587.470000,176.555000,0.500000,8.740000,2587.220000,172.185000
rect,MET4,pin,2586.970000,13.555000,2587.470000,21.695000,0.500000,8.140000,2587.220000,17.625000
rect,MET5,pin,2503.470000,167.815000,2503.970000,176.555000,0.500000,8.740000,2503.720000,172.185000
rect,MET5,pin,2503.470000,13.555000,2503.970000,21.695000,0.500000,8.140000,2503.720000,17.625000
rect,MET4,pin,2503.470000,167.815000,2503.970000,176.555000,0.500000,8.740000,2503.720000,172.185000
rect,MET4,pin,2503.470000,13.555000,2503.970000,21.695000,0.500000,8.140000,2503.720000,17.625000
rect,METTPL,pin,2586.970000,133.815000,2587.470000,165.815000,0.500000,32.000000,2587.220000,149.815000
rect,MET5,pin,2586.970000,133.815000,2587.470000,165.815000,0.500000,32.000000,2587.220000,149.815000
rect,MET4,pin,2586.970000,133.815000,2587.470000,165.815000,0.500000,32.000000,2587.220000,149.815000
rect,METTPL,pin,2503.470000,133.815000,2503.970000,165.815000,0.500000,32.000000,2503.720000,149.815000
rect,MET5,pin,2503.470000,133.815000,2503.970000,165.815000,0.500000,32.000000,2503.720000,149.815000
rect,MET4,pin,2503.470000,133.815000,2503.970000,165.815000,0.500000,32.000000,2503.720000,149.815000
rect,METTPL,pin,2586.970000,23.695000,2587.470000,57.695000,0.500000,34.000000,2587.220000,40.695000
rect,MET5,pin,2586.970000,23.695000,2587.470000,57.695000,0.500000,34.000000,2587.220000,40.695000
rect,MET4,pin,2586.970000,23.695000,2587.470000,57.695000,0.500000,34.000000,2587.220000,40.695000
rect,METTPL,pin,2503.470000,23.695000,2503.970000,57.695000,0.500000,34.000000,2503.720000,40.695000
rect,MET5,pin,2503.470000,23.695000,2503.970000,57.695000,0.500000,34.000000,2503.720000,40.695000
rect,MET4,pin,2503.470000,23.695000,2503.970000,57.695000,0.500000,34.000000,2503.720000,40.695000
rect,METTPL,pin,-146.870000,189.155000,-138.630000,189.655000,8.240000,0.500000,-142.750000,189.405000
rect,METTPL,pin,-146.870000,272.655000,-138.630000,273.155000,8.240000,0.500000,-142.750000,272.905000
rect,METTPL,pin,-301.630000,189.155000,-294.230000,189.655000,7.400000,0.500000,-297.930000,189.405000
rect,METTPL,pin,-301.630000,272.655000,-294.230000,273.155000,7.400000,0.500000,-297.930000,272.905000
rect,MET5,pin,-147.370000,189.155000,-138.630000,189.655000,8.740000,0.500000,-143.000000,189.405000
rect,MET5,pin,-301.630000,189.155000,-293.490000,189.655000,8.140000,0.500000,-297.560000,189.405000
rect,MET4,pin,-147.370000,189.155000,-138.630000,189.655000,8.740000,0.500000,-143.000000,189.405000
rect,MET4,pin,-301.630000,189.155000,-293.490000,189.655000,8.140000,0.500000,-297.560000,189.405000
rect,MET5,pin,-147.370000,272.655000,-138.630000,273.155000,8.740000,0.500000,-143.000000,272.905000
rect,MET5,pin,-301.630000,272.655000,-293.490000,273.155000,8.140000,0.500000,-297.560000,272.905000
rect,MET4,pin,-147.370000,272.655000,-138.630000,273.155000,8.740000,0.500000,-143.000000,272.905000
rect,MET4,pin,-301.630000,272.655000,-293.490000,273.155000,8.140000,0.500000,-297.560000,272.905000
rect,METTPL,pin,-146.870000,189.155000,-138.630000,189.655000,8.240000,0.500000,-142.750000,189.405000
rect,METTPL,pin,-146.870000,283.155000,-138.630000,283.655000,8.240000,0.500000,-142.750000,283.405000
rect,METTPL,pin,-146.870000,366.655000,-138.630000,367.155000,8.240000,0.500000,-142.750000,366.905000
rect,METTPL,pin,-301.630000,283.155000,-294.230000,283.655000,7.400000,0.500000,-297.930000,283.405000
rect,METTPL,pin,-301.630000,366.655000,-294.230000,367.155000,7.400000,0.500000,-297.930000,366.905000
rect,MET5,pin,-147.370000,283.155000,-138.630000,283.655000,8.740000,0.500000,-143.000000,283.405000
rect,MET5,pin,-301.630000,283.155000,-293.490000,283.655000,8.140000,0.500000,-297.560000,283.405000
rect,MET4,pin,-147.370000,283.155000,-138.630000,283.655000,8.740000,0.500000,-143.000000,283.405000
rect,MET4,pin,-301.630000,283.155000,-293.490000,283.655000,8.140000,0.500000,-297.560000,283.405000
rect,MET5,pin,-147.370000,366.655000,-138.630000,367.155000,8.740000,0.500000,-143.000000,366.905000
rect,MET5,pin,-301.630000,366.655000,-293.490000,367.155000,8.140000,0.500000,-297.560000,366.905000
rect,MET4,pin,-147.370000,366.655000,-138.630000,367.155000,8.740000,0.500000,-143.000000,366.905000
rect,MET4,pin,-301.630000,366.655000,-293.490000,367.155000,8.140000,0.500000,-297.560000,366.905000
rect,METTPL,pin,-146.870000,283.155000,-138.630000,283.655000,8.240000,0.500000,-142.750000,283.405000
rect,METTPL,pin,-146.870000,377.155000,-138.630000,377.655000,8.240000,0.500000,-142.750000,377.405000
rect,METTPL,pin,-146.870000,460.655000,-138.630000,461.155000,8.240000,0.500000,-142.750000,460.905000
rect,METTPL,pin,-301.630000,377.155000,-294.230000,377.655000,7.400000,0.500000,-297.930000,377.405000
rect,METTPL,pin,-301.630000,460.655000,-294.230000,461.155000,7.400000,0.500000,-297.930000,460.905000
rect,MET5,pin,-147.370000,377.155000,-138.630000,377.655000,8.740000,0.500000,-143.000000,377.405000
rect,MET5,pin,-301.630000,377.155000,-293.490000,377.655000,8.140000,0.500000,-297.560000,377.405000
rect,MET4,pin,-147.370000,377.155000,-138.630000,377.655000,8.740000,0.500000,-143.000000,377.405000
rect,MET4,pin,-301.630000,377.155000,-293.490000,377.655000,8.140000,0.500000,-297.560000,377.405000
rect,MET5,pin,-147.370000,460.655000,-138.630000,461.155000,8.740000,0.500000,-143.000000,460.905000
rect,MET5,pin,-301.630000,460.655000,-293.490000,461.155000,8.140000,0.500000,-297.560000,460.905000
rect,MET4,pin,-147.370000,460.655000,-138.630000,461.155000,8.740000,0.500000,-143.000000,460.905000
rect,MET4,pin,-301.630000,460.655000,-293.490000,461.155000,8.140000,0.500000,-297.560000,460.905000
rect,METTPL,pin,-146.870000,377.155000,-138.630000,377.655000,8.240000,0.500000,-142.750000,377.405000
rect,METTPL,pin,-146.870000,471.155000,-138.630000,471.655000,8.240000,0.500000,-142.750000,471.405000
rect,METTPL,pin,-146.870000,554.655000,-138.630000,555.155000,8.240000,0.500000,-142.750000,554.905000
rect,METTPL,pin,-301.630000,471.155000,-294.230000,471.655000,7.400000,0.500000,-297.930000,471.405000
rect,METTPL,pin,-301.630000,554.655000,-294.230000,555.155000,7.400000,0.500000,-297.930000,554.905000
rect,MET5,pin,-147.370000,471.155000,-138.630000,471.655000,8.740000,0.500000,-143.000000,471.405000
rect,MET5,pin,-301.630000,471.155000,-293.490000,471.655000,8.140000,0.500000,-297.560000,471.405000
rect,MET4,pin,-147.370000,471.155000,-138.630000,471.655000,8.740000,0.500000,-143.000000,471.405000
rect,MET4,pin,-301.630000,471.155000,-293.490000,471.655000,8.140000,0.500000,-297.560000,471.405000
rect,MET5,pin,-147.370000,554.655000,-138.630000,555.155000,8.740000,0.500000,-143.000000,554.905000
rect,MET5,pin,-301.630000,554.655000,-293.490000,555.155000,8.140000,0.500000,-297.560000,554.905000
rect,MET4,pin,-147.370000,554.655000,-138.630000,555.155000,8.740000,0.500000,-143.000000,554.905000
rect,MET4,pin,-301.630000,554.655000,-293.490000,555.155000,8.140000,0.500000,-297.560000,554.905000
rect,METTPL,pin,-146.870000,471.155000,-138.630000,471.655000,8.240000,0.500000,-142.750000,471.405000
rect,METTPL,pin,-146.870000,565.155000,-138.630000,565.655000,8.240000,0.500000,-142.750000,565.405000
rect,METTPL,pin,-146.870000,648.655000,-138.630000,649.155000,8.240000,0.500000,-142.750000,648.905000
rect,METTPL,pin,-301.630000,565.155000,-294.230000,565.655000,7.400000,0.500000,-297.930000,565.405000
rect,METTPL,pin,-301.630000,648.655000,-294.230000,649.155000,7.400000,0.500000,-297.930000,648.905000
rect,MET5,pin,-147.370000,565.155000,-138.630000,565.655000,8.740000,0.500000,-143.000000,565.405000
rect,MET5,pin,-301.630000,565.155000,-293.490000,565.655000,8.140000,0.500000,-297.560000,565.405000
rect,MET4,pin,-147.370000,565.155000,-138.630000,565.655000,8.740000,0.500000,-143.000000,565.405000
rect,MET4,pin,-301.630000,565.155000,-293.490000,565.655000,8.140000,0.500000,-297.560000,565.405000
rect,MET5,pin,-147.370000,648.655000,-138.630000,649.155000,8.740000,0.500000,-143.000000,648.905000
rect,MET5,pin,-301.630000,648.655000,-293.490000,649.155000,8.140000,0.500000,-297.560000,648.905000
rect,MET4,pin,-147.370000,648.655000,-138.630000,649.155000,8.740000,0.500000,-143.000000,648.905000
rect,MET4,pin,-301.630000,648.655000,-293.490000,649.155000,8.140000,0.500000,-297.560000,648.905000
rect,METTPL,pin,-146.870000,565.155000,-138.630000,565.655000,8.240000,0.500000,-142.750000,565.405000
rect,METTPL,pin,-146.870000,659.155000,-138.630000,659.655000,8.240000,0.500000,-142.750000,659.405000
rect,METTPL,pin,-146.870000,742.655000,-138.630000,743.155000,8.240000,0.500000,-142.750000,742.905000
rect,METTPL,pin,-301.630000,659.155000,-294.230000,659.655000,7.400000,0.500000,-297.930000,659.405000
rect,METTPL,pin,-301.630000,742.655000,-294.230000,743.155000,7.400000,0.500000,-297.930000,742.905000
rect,MET5,pin,-147.370000,659.155000,-138.630000,659.655000,8.740000,0.500000,-143.000000,659.405000
rect,MET5,pin,-301.630000,659.155000,-293.490000,659.655000,8.140000,0.500000,-297.560000,659.405000
rect,MET4,pin,-147.370000,659.155000,-138.630000,659.655000,8.740000,0.500000,-143.000000,659.405000
rect,MET4,pin,-301.630000,659.155000,-293.490000,659.655000,8.140000,0.500000,-297.560000,659.405000
rect,MET5,pin,-147.370000,742.655000,-138.630000,743.155000,8.740000,0.500000,-143.000000,742.905000
rect,MET5,pin,-301.630000,742.655000,-293.490000,743.155000,8.140000,0.500000,-297.560000,742.905000
rect,MET4,pin,-147.370000,742.655000,-138.630000,743.155000,8.740000,0.500000,-143.000000,742.905000
rect,MET4,pin,-301.630000,742.655000,-293.490000,743.155000,8.140000,0.500000,-297.560000,742.905000
rect,METTPL,pin,-146.870000,659.155000,-138.630000,659.655000,8.240000,0.500000,-142.750000,659.405000
rect,METTPL,pin,-146.870000,753.155000,-138.630000,753.655000,8.240000,0.500000,-142.750000,753.405000
rect,METTPL,pin,-146.870000,836.655000,-138.630000,837.155000,8.240000,0.500000,-142.750000,836.905000
rect,METTPL,pin,-301.630000,753.155000,-294.230000,753.655000,7.400000,0.500000,-297.930000,753.405000
rect,METTPL,pin,-301.630000,836.655000,-294.230000,837.155000,7.400000,0.500000,-297.930000,836.905000
rect,MET5,pin,-147.370000,753.155000,-138.630000,753.655000,8.740000,0.500000,-143.000000,753.405000
rect,MET5,pin,-301.630000,753.155000,-293.490000,753.655000,8.140000,0.500000,-297.560000,753.405000
rect,MET4,pin,-147.370000,753.155000,-138.630000,753.655000,8.740000,0.500000,-143.000000,753.405000
rect,MET4,pin,-301.630000,753.155000,-293.490000,753.655000,8.140000,0.500000,-297.560000,753.405000
rect,MET5,pin,-147.370000,836.655000,-138.630000,837.155000,8.740000,0.500000,-143.000000,836.905000
rect,MET5,pin,-301.630000,836.655000,-293.490000,837.155000,8.140000,0.500000,-297.560000,836.905000
rect,MET4,pin,-147.370000,836.655000,-138.630000,837.155000,8.740000,0.500000,-143.000000,836.905000
rect,MET4,pin,-301.630000,836.655000,-293.490000,837.155000,8.140000,0.500000,-297.560000,836.905000
rect,METTPL,pin,-146.870000,753.155000,-138.630000,753.655000,8.240000,0.500000,-142.750000,753.405000
rect,METTPL,pin,-146.870000,847.155000,-138.630000,847.655000,8.240000,0.500000,-142.750000,847.405000
rect,METTPL,pin,-146.870000,930.655000,-138.630000,931.155000,8.240000,0.500000,-142.750000,930.905000
rect,METTPL,pin,-301.630000,847.155000,-294.230000,847.655000,7.400000,0.500000,-297.930000,847.405000
rect,METTPL,pin,-301.630000,930.655000,-294.230000,931.155000,7.400000,0.500000,-297.930000,930.905000
rect,MET5,pin,-147.370000,847.155000,-138.630000,847.655000,8.740000,0.500000,-143.000000,847.405000
rect,MET5,pin,-301.630000,847.155000,-293.490000,847.655000,8.140000,0.500000,-297.560000,847.405000
rect,MET4,pin,-147.370000,847.155000,-138.630000,847.655000,8.740000,0.500000,-143.000000,847.405000
rect,MET4,pin,-301.630000,847.155000,-293.490000,847.655000,8.140000,0.500000,-297.560000,847.405000
rect,MET5,pin,-147.370000,930.655000,-138.630000,931.155000,8.740000,0.500000,-143.000000,930.905000
rect,MET5,pin,-301.630000,930.655000,-293.490000,931.155000,8.140000,0.500000,-297.560000,930.905000
rect,MET4,pin,-147.370000,930.655000,-138.630000,931.155000,8.740000,0.500000,-143.000000,930.905000
rect,MET4,pin,-301.630000,930.655000,-293.490000,931.155000,8.140000,0.500000,-297.560000,930.905000
rect,METTPL,pin,-146.870000,847.155000,-138.630000,847.655000,8.240000,0.500000,-142.750000,847.405000
rect,METTPL,pin,-146.870000,941.155000,-138.630000,941.655000,8.240000,0.500000,-142.750000,941.405000
rect,METTPL,pin,-146.870000,1024.655000,-138.630000,1025.155000,8.240000,0.500000,-142.750000,1024.905000
rect,METTPL,pin,-301.630000,941.155000,-294.230000,941.655000,7.400000,0.500000,-297.930000,941.405000
rect,METTPL,pin,-301.630000,1024.655000,-294.230000,1025.155000,7.400000,0.500000,-297.930000,1024.905000
rect,MET5,pin,-147.370000,941.155000,-138.630000,941.655000,8.740000,0.500000,-143.000000,941.405000
rect,MET5,pin,-301.630000,941.155000,-293.490000,941.655000,8.140000,0.500000,-297.560000,941.405000
rect,MET4,pin,-147.370000,941.155000,-138.630000,941.655000,8.740000,0.500000,-143.000000,941.405000
rect,MET4,pin,-301.630000,941.155000,-293.490000,941.655000,8.140000,0.500000,-297.560000,941.405000
rect,MET5,pin,-147.370000,1024.655000,-138.630000,1025.155000,8.740000,0.500000,-143.000000,1024.905000
rect,MET5,pin,-301.630000,1024.655000,-293.490000,1025.155000,8.140000,0.500000,-297.560000,1024.905000
rect,MET4,pin,-147.370000,1024.655000,-138.630000,1025.155000,8.740000,0.500000,-143.000000,1024.905000
rect,MET4,pin,-301.630000,1024.655000,-293.490000,1025.155000,8.140000,0.500000,-297.560000,1024.905000
rect,METTPL,pin,-146.870000,941.155000,-138.630000,941.655000,8.240000,0.500000,-142.750000,941.405000
rect,METTPL,pin,-146.870000,1035.155000,-138.630000,1035.655000,8.240000,0.500000,-142.750000,1035.405000
rect,METTPL,pin,-146.870000,1118.655000,-138.630000,1119.155000,8.240000,0.500000,-142.750000,1118.905000
rect,METTPL,pin,-301.630000,1035.155000,-294.230000,1035.655000,7.400000,0.500000,-297.930000,1035.405000
rect,METTPL,pin,-301.630000,1118.655000,-294.230000,1119.155000,7.400000,0.500000,-297.930000,1118.905000
rect,MET5,pin,-147.370000,1035.155000,-138.630000,1035.655000,8.740000,0.500000,-143.000000,1035.405000
rect,MET5,pin,-301.630000,1035.155000,-293.490000,1035.655000,8.140000,0.500000,-297.560000,1035.405000
rect,MET4,pin,-147.370000,1035.155000,-138.630000,1035.655000,8.740000,0.500000,-143.000000,1035.405000
rect,MET4,pin,-301.630000,1035.155000,-293.490000,1035.655000,8.140000,0.500000,-297.560000,1035.405000
rect,MET5,pin,-147.370000,1118.655000,-138.630000,1119.155000,8.740000,0.500000,-143.000000,1118.905000
rect,MET5,pin,-301.630000,1118.655000,-293.490000,1119.155000,8.140000,0.500000,-297.560000,1118.905000
rect,MET4,pin,-147.370000,1118.655000,-138.630000,1119.155000,8.740000,0.500000,-143.000000,1118.905000
rect,MET4,pin,-301.630000,1118.655000,-293.490000,1119.155000,8.140000,0.500000,-297.560000,1118.905000
rect,METTPL,pin,-146.870000,1035.155000,-138.630000,1035.655000,8.240000,0.500000,-142.750000,1035.405000
rect,METTPL,pin,-146.870000,1129.155000,-138.630000,1129.655000,8.240000,0.500000,-142.750000,1129.405000
rect,METTPL,pin,-146.870000,1212.655000,-138.630000,1213.155000,8.240000,0.500000,-142.750000,1212.905000
rect,METTPL,pin,-301.630000,1129.155000,-294.230000,1129.655000,7.400000,0.500000,-297.930000,1129.405000
rect,METTPL,pin,-301.630000,1212.655000,-294.230000,1213.155000,7.400000,0.500000,-297.930000,1212.905000
rect,MET5,pin,-147.370000,1129.155000,-138.630000,1129.655000,8.740000,0.500000,-143.000000,1129.405000
rect,MET5,pin,-301.630000,1129.155000,-293.490000,1129.655000,8.140000,0.500000,-297.560000,1129.405000
rect,MET4,pin,-147.370000,1129.155000,-138.630000,1129.655000,8.740000,0.500000,-143.000000,1129.405000
rect,MET4,pin,-301.630000,1129.155000,-293.490000,1129.655000,8.140000,0.500000,-297.560000,1129.405000
rect,MET5,pin,-147.370000,1212.655000,-138.630000,1213.155000,8.740000,0.500000,-143.000000,1212.905000
rect,MET5,pin,-301.630000,1212.655000,-293.490000,1213.155000,8.140000,0.500000,-297.560000,1212.905000
rect,MET4,pin,-147.370000,1212.655000,-138.630000,1213.155000,8.740000,0.500000,-143.000000,1212.905000
rect,MET4,pin,-301.630000,1212.655000,-293.490000,1213.155000,8.140000,0.500000,-297.560000,1212.905000
rect,METTPL,pin,-146.870000,1129.155000,-138.630000,1129.655000,8.240000,0.500000,-142.750000,1129.405000
rect,METTPL,pin,-146.870000,1223.155000,-138.630000,1223.655000,8.240000,0.500000,-142.750000,1223.405000
rect,METTPL,pin,-146.870000,1306.655000,-138.630000,1307.155000,8.240000,0.500000,-142.750000,1306.905000
rect,METTPL,pin,-301.630000,1223.155000,-294.230000,1223.655000,7.400000,0.500000,-297.930000,1223.405000
rect,METTPL,pin,-301.630000,1306.655000,-294.230000,1307.155000,7.400000,0.500000,-297.930000,1306.905000
rect,MET5,pin,-147.370000,1223.155000,-138.630000,1223.655000,8.740000,0.500000,-143.000000,1223.405000
rect,MET5,pin,-301.630000,1223.155000,-293.490000,1223.655000,8.140000,0.500000,-297.560000,1223.405000
rect,MET4,pin,-147.370000,1223.155000,-138.630000,1223.655000,8.740000,0.500000,-143.000000,1223.405000
rect,MET4,pin,-301.630000,1223.155000,-293.490000,1223.655000,8.140000,0.500000,-297.560000,1223.405000
rect,MET5,pin,-147.370000,1306.655000,-138.630000,1307.155000,8.740000,0.500000,-143.000000,1306.905000
rect,MET5,pin,-301.630000,1306.655000,-293.490000,1307.155000,8.140000,0.500000,-297.560000,1306.905000
rect,MET4,pin,-147.370000,1306.655000,-138.630000,1307.155000,8.740000,0.500000,-143.000000,1306.905000
rect,MET4,pin,-301.630000,1306.655000,-293.490000,1307.155000,8.140000,0.500000,-297.560000,1306.905000
rect,METTPL,pin,-146.870000,1223.155000,-138.630000,1223.655000,8.240000,0.500000,-142.750000,1223.405000
rect,METTPL,pin,-146.870000,1317.155000,-138.630000,1317.655000,8.240000,0.500000,-142.750000,1317.405000
rect,METTPL,pin,-146.870000,1400.655000,-138.630000,1401.155000,8.240000,0.500000,-142.750000,1400.905000
rect,METTPL,pin,-301.630000,1317.155000,-294.230000,1317.655000,7.400000,0.500000,-297.930000,1317.405000
rect,METTPL,pin,-301.630000,1400.655000,-294.230000,1401.155000,7.400000,0.500000,-297.930000,1400.905000
rect,MET5,pin,-147.370000,1317.155000,-138.630000,1317.655000,8.740000,0.500000,-143.000000,1317.405000
rect,MET5,pin,-301.630000,1317.155000,-293.490000,1317.655000,8.140000,0.500000,-297.560000,1317.405000
rect,MET4,pin,-147.370000,1317.155000,-138.630000,1317.655000,8.740000,0.500000,-143.000000,1317.405000
rect,MET4,pin,-301.630000,1317.155000,-293.490000,1317.655000,8.140000,0.500000,-297.560000,1317.405000
rect,MET5,pin,-147.370000,1400.655000,-138.630000,1401.155000,8.740000,0.500000,-143.000000,1400.905000
rect,MET5,pin,-301.630000,1400.655000,-293.490000,1401.155000,8.140000,0.500000,-297.560000,1400.905000
rect,MET4,pin,-147.370000,1400.655000,-138.630000,1401.155000,8.740000,0.500000,-143.000000,1400.905000
rect,MET4,pin,-301.630000,1400.655000,-293.490000,1401.155000,8.140000,0.500000,-297.560000,1400.905000
rect,METTPL,pin,-146.870000,1317.155000,-138.630000,1317.655000,8.240000,0.500000,-142.750000,1317.405000
rect,METTPL,pin,-146.870000,1411.155000,-138.630000,1411.655000,8.240000,0.500000,-142.750000,1411.405000
rect,METTPL,pin,-146.870000,1494.655000,-138.630000,1495.155000,8.240000,0.500000,-142.750000,1494.905000
rect,METTPL,pin,-301.630000,1411.155000,-294.230000,1411.655000,7.400000,0.500000,-297.930000,1411.405000
rect,METTPL,pin,-301.630000,1494.655000,-294.230000,1495.155000,7.400000,0.500000,-297.930000,1494.905000
rect,MET5,pin,-147.370000,1411.155000,-138.630000,1411.655000,8.740000,0.500000,-143.000000,1411.405000
rect,MET5,pin,-301.630000,1411.155000,-293.490000,1411.655000,8.140000,0.500000,-297.560000,1411.405000
rect,MET4,pin,-147.370000,1411.155000,-138.630000,1411.655000,8.740000,0.500000,-143.000000,1411.405000
rect,MET4,pin,-301.630000,1411.155000,-293.490000,1411.655000,8.140000,0.500000,-297.560000,1411.405000
rect,MET5,pin,-147.370000,1494.655000,-138.630000,1495.155000,8.740000,0.500000,-143.000000,1494.905000
rect,MET5,pin,-301.630000,1494.655000,-293.490000,1495.155000,8.140000,0.500000,-297.560000,1494.905000
rect,MET4,pin,-147.370000,1494.655000,-138.630000,1495.155000,8.740000,0.500000,-143.000000,1494.905000
rect,MET4,pin,-301.630000,1494.655000,-293.490000,1495.155000,8.140000,0.500000,-297.560000,1494.905000
rect,METTPL,pin,-146.870000,1411.155000,-138.630000,1411.655000,8.240000,0.500000,-142.750000,1411.405000
rect,METTPL,pin,-146.870000,1505.155000,-138.630000,1505.655000,8.240000,0.500000,-142.750000,1505.405000
rect,METTPL,pin,-146.870000,1588.655000,-138.630000,1589.155000,8.240000,0.500000,-142.750000,1588.905000
rect,METTPL,pin,-301.630000,1505.155000,-294.230000,1505.655000,7.400000,0.500000,-297.930000,1505.405000
rect,METTPL,pin,-301.630000,1588.655000,-294.230000,1589.155000,7.400000,0.500000,-297.930000,1588.905000
rect,MET5,pin,-147.370000,1505.155000,-138.630000,1505.655000,8.740000,0.500000,-143.000000,1505.405000
rect,MET5,pin,-301.630000,1505.155000,-293.490000,1505.655000,8.140000,0.500000,-297.560000,1505.405000
rect,MET4,pin,-147.370000,1505.155000,-138.630000,1505.655000,8.740000,0.500000,-143.000000,1505.405000
rect,MET4,pin,-301.630000,1505.155000,-293.490000,1505.655000,8.140000,0.500000,-297.560000,1505.405000
rect,MET5,pin,-147.370000,1588.655000,-138.630000,1589.155000,8.740000,0.500000,-143.000000,1588.905000
rect,MET5,pin,-301.630000,1588.655000,-293.490000,1589.155000,8.140000,0.500000,-297.560000,1588.905000
rect,MET4,pin,-147.370000,1588.655000,-138.630000,1589.155000,8.740000,0.500000,-143.000000,1588.905000
rect,MET4,pin,-301.630000,1588.655000,-293.490000,1589.155000,8.140000,0.500000,-297.560000,1588.905000
rect,METTPL,pin,-146.870000,1505.155000,-138.630000,1505.655000,8.240000,0.500000,-142.750000,1505.405000
rect,METTPL,pin,-146.870000,1599.155000,-138.630000,1599.655000,8.240000,0.500000,-142.750000,1599.405000
rect,METTPL,pin,-146.870000,1682.655000,-138.630000,1683.155000,8.240000,0.500000,-142.750000,1682.905000
rect,METTPL,pin,-301.630000,1599.155000,-294.230000,1599.655000,7.400000,0.500000,-297.930000,1599.405000
rect,METTPL,pin,-301.630000,1682.655000,-294.230000,1683.155000,7.400000,0.500000,-297.930000,1682.905000
rect,MET5,pin,-147.370000,1599.155000,-138.630000,1599.655000,8.740000,0.500000,-143.000000,1599.405000
rect,MET5,pin,-301.630000,1599.155000,-293.490000,1599.655000,8.140000,0.500000,-297.560000,1599.405000
rect,MET4,pin,-147.370000,1599.155000,-138.630000,1599.655000,8.740000,0.500000,-143.000000,1599.405000
rect,MET4,pin,-301.630000,1599.155000,-293.490000,1599.655000,8.140000,0.500000,-297.560000,1599.405000
rect,MET5,pin,-147.370000,1682.655000,-138.630000,1683.155000,8.740000,0.500000,-143.000000,1682.905000
rect,MET5,pin,-301.630000,1682.655000,-293.490000,1683.155000,8.140000,0.500000,-297.560000,1682.905000
rect,MET4,pin,-147.370000,1682.655000,-138.630000,1683.155000,8.740000,0.500000,-143.000000,1682.905000
rect,MET4,pin,-301.630000,1682.655000,-293.490000,1683.155000,8.140000,0.500000,-297.560000,1682.905000
rect,METTPL,pin,-146.870000,1599.155000,-138.630000,1599.655000,8.240000,0.500000,-142.750000,1599.405000
rect,METTPL,pin,-146.870000,1693.155000,-138.630000,1693.655000,8.240000,0.500000,-142.750000,1693.405000
rect,METTPL,pin,-146.870000,1776.655000,-138.630000,1777.155000,8.240000,0.500000,-142.750000,1776.905000
rect,METTPL,pin,-301.630000,1693.155000,-294.230000,1693.655000,7.400000,0.500000,-297.930000,1693.405000
rect,METTPL,pin,-301.630000,1776.655000,-294.230000,1777.155000,7.400000,0.500000,-297.930000,1776.905000
rect,MET5,pin,-147.370000,1693.155000,-138.630000,1693.655000,8.740000,0.500000,-143.000000,1693.405000
rect,MET5,pin,-301.630000,1693.155000,-293.490000,1693.655000,8.140000,0.500000,-297.560000,1693.405000
rect,MET4,pin,-147.370000,1693.155000,-138.630000,1693.655000,8.740000,0.500000,-143.000000,1693.405000
rect,MET4,pin,-301.630000,1693.155000,-293.490000,1693.655000,8.140000,0.500000,-297.560000,1693.405000
rect,MET5,pin,-147.370000,1776.655000,-138.630000,1777.155000,8.740000,0.500000,-143.000000,1776.905000
rect,MET5,pin,-301.630000,1776.655000,-293.490000,1777.155000,8.140000,0.500000,-297.560000,1776.905000
rect,MET4,pin,-147.370000,1776.655000,-138.630000,1777.155000,8.740000,0.500000,-143.000000,1776.905000
rect,MET4,pin,-301.630000,1776.655000,-293.490000,1777.155000,8.140000,0.500000,-297.560000,1776.905000
rect,METTPL,pin,-146.870000,1693.155000,-138.630000,1693.655000,8.240000,0.500000,-142.750000,1693.405000
rect,METTPL,pin,-146.870000,1787.155000,-138.630000,1787.655000,8.240000,0.500000,-142.750000,1787.405000
rect,METTPL,pin,-146.870000,1870.655000,-138.630000,1871.155000,8.240000,0.500000,-142.750000,1870.905000
rect,METTPL,pin,-301.630000,1787.155000,-294.230000,1787.655000,7.400000,0.500000,-297.930000,1787.405000
rect,METTPL,pin,-301.630000,1870.655000,-294.230000,1871.155000,7.400000,0.500000,-297.930000,1870.905000
rect,MET5,pin,-147.370000,1787.155000,-138.630000,1787.655000,8.740000,0.500000,-143.000000,1787.405000
rect,MET5,pin,-301.630000,1787.155000,-293.490000,1787.655000,8.140000,0.500000,-297.560000,1787.405000
rect,MET4,pin,-147.370000,1787.155000,-138.630000,1787.655000,8.740000,0.500000,-143.000000,1787.405000
rect,MET4,pin,-301.630000,1787.155000,-293.490000,1787.655000,8.140000,0.500000,-297.560000,1787.405000
rect,MET5,pin,-147.370000,1870.655000,-138.630000,1871.155000,8.740000,0.500000,-143.000000,1870.905000
rect,MET5,pin,-301.630000,1870.655000,-293.490000,1871.155000,8.140000,0.500000,-297.560000,1870.905000
rect,MET4,pin,-147.370000,1870.655000,-138.630000,1871.155000,8.740000,0.500000,-143.000000,1870.905000
rect,MET4,pin,-301.630000,1870.655000,-293.490000,1871.155000,8.140000,0.500000,-297.560000,1870.905000
rect,METTPL,pin,-146.870000,1787.155000,-138.630000,1787.655000,8.240000,0.500000,-142.750000,1787.405000
rect,METTPL,pin,-146.870000,1881.155000,-138.630000,1881.655000,8.240000,0.500000,-142.750000,1881.405000
rect,METTPL,pin,-146.870000,1964.655000,-138.630000,1965.155000,8.240000,0.500000,-142.750000,1964.905000
rect,METTPL,pin,-301.630000,1881.155000,-294.230000,1881.655000,7.400000,0.500000,-297.930000,1881.405000
rect,METTPL,pin,-301.630000,1964.655000,-294.230000,1965.155000,7.400000,0.500000,-297.930000,1964.905000
rect,MET5,pin,-147.370000,1881.155000,-138.630000,1881.655000,8.740000,0.500000,-143.000000,1881.405000
rect,MET5,pin,-301.630000,1881.155000,-293.490000,1881.655000,8.140000,0.500000,-297.560000,1881.405000
rect,MET4,pin,-147.370000,1881.155000,-138.630000,1881.655000,8.740000,0.500000,-143.000000,1881.405000
rect,MET4,pin,-301.630000,1881.155000,-293.490000,1881.655000,8.140000,0.500000,-297.560000,1881.405000
rect,MET5,pin,-147.370000,1964.655000,-138.630000,1965.155000,8.740000,0.500000,-143.000000,1964.905000
rect,MET5,pin,-301.630000,1964.655000,-293.490000,1965.155000,8.140000,0.500000,-297.560000,1964.905000
rect,MET4,pin,-147.370000,1964.655000,-138.630000,1965.155000,8.740000,0.500000,-143.000000,1964.905000
rect,MET4,pin,-301.630000,1964.655000,-293.490000,1965.155000,8.140000,0.500000,-297.560000,1964.905000
rect,METTPL,pin,-146.870000,1881.155000,-138.630000,1881.655000,8.240000,0.500000,-142.750000,1881.405000
rect,METTPL,pin,-146.870000,1975.155000,-138.630000,1975.655000,8.240000,0.500000,-142.750000,1975.405000
rect,METTPL,pin,-146.870000,2058.655000,-138.630000,2059.155000,8.240000,0.500000,-142.750000,2058.905000
rect,METTPL,pin,-301.630000,1975.155000,-294.230000,1975.655000,7.400000,0.500000,-297.930000,1975.405000
rect,METTPL,pin,-301.630000,2058.655000,-294.230000,2059.155000,7.400000,0.500000,-297.930000,2058.905000
rect,MET5,pin,-147.370000,1975.155000,-138.630000,1975.655000,8.740000,0.500000,-143.000000,1975.405000
rect,MET5,pin,-301.630000,1975.155000,-293.490000,1975.655000,8.140000,0.500000,-297.560000,1975.405000
rect,MET4,pin,-147.370000,1975.155000,-138.630000,1975.655000,8.740000,0.500000,-143.000000,1975.405000
rect,MET4,pin,-301.630000,1975.155000,-293.490000,1975.655000,8.140000,0.500000,-297.560000,1975.405000
rect,MET5,pin,-147.370000,2058.655000,-138.630000,2059.155000,8.740000,0.500000,-143.000000,2058.905000
rect,MET5,pin,-301.630000,2058.655000,-293.490000,2059.155000,8.140000,0.500000,-297.560000,2058.905000
rect,MET4,pin,-147.370000,2058.655000,-138.630000,2059.155000,8.740000,0.500000,-143.000000,2058.905000
rect,MET4,pin,-301.630000,2058.655000,-293.490000,2059.155000,8.140000,0.500000,-297.560000,2058.905000
rect,METTPL,pin,-146.870000,1975.155000,-138.630000,1975.655000,8.240000,0.500000,-142.750000,1975.405000
rect,METTPL,pin,-146.870000,2069.155000,-138.630000,2069.655000,8.240000,0.500000,-142.750000,2069.405000
rect,METTPL,pin,-146.870000,2152.655000,-138.630000,2153.155000,8.240000,0.500000,-142.750000,2152.905000
rect,METTPL,pin,-301.630000,2069.155000,-294.230000,2069.655000,7.400000,0.500000,-297.930000,2069.405000
rect,METTPL,pin,-301.630000,2152.655000,-294.230000,2153.155000,7.400000,0.500000,-297.930000,2152.905000
rect,MET5,pin,-147.370000,2069.155000,-138.630000,2069.655000,8.740000,0.500000,-143.000000,2069.405000
rect,MET5,pin,-301.630000,2069.155000,-293.490000,2069.655000,8.140000,0.500000,-297.560000,2069.405000
rect,MET4,pin,-147.370000,2069.155000,-138.630000,2069.655000,8.740000,0.500000,-143.000000,2069.405000
rect,MET4,pin,-301.630000,2069.155000,-293.490000,2069.655000,8.140000,0.500000,-297.560000,2069.405000
rect,MET5,pin,-147.370000,2152.655000,-138.630000,2153.155000,8.740000,0.500000,-143.000000,2152.905000
rect,MET5,pin,-301.630000,2152.655000,-293.490000,2153.155000,8.140000,0.500000,-297.560000,2152.905000
rect,MET4,pin,-147.370000,2152.655000,-138.630000,2153.155000,8.740000,0.500000,-143.000000,2152.905000
rect,MET4,pin,-301.630000,2152.655000,-293.490000,2153.155000,8.140000,0.500000,-297.560000,2152.905000
rect,METTPL,pin,-146.870000,2069.155000,-138.630000,2069.655000,8.240000,0.500000,-142.750000,2069.405000
rect,METTPL,pin,-146.870000,2163.155000,-138.630000,2163.655000,8.240000,0.500000,-142.750000,2163.405000
rect,METTPL,pin,-146.870000,2246.655000,-138.630000,2247.155000,8.240000,0.500000,-142.750000,2246.905000
rect,METTPL,pin,-301.630000,2163.155000,-294.230000,2163.655000,7.400000,0.500000,-297.930000,2163.405000
rect,METTPL,pin,-301.630000,2246.655000,-294.230000,2247.155000,7.400000,0.500000,-297.930000,2246.905000
rect,MET5,pin,-147.370000,2163.155000,-138.630000,2163.655000,8.740000,0.500000,-143.000000,2163.405000
rect,MET5,pin,-301.630000,2163.155000,-293.490000,2163.655000,8.140000,0.500000,-297.560000,2163.405000
rect,MET4,pin,-147.370000,2163.155000,-138.630000,2163.655000,8.740000,0.500000,-143.000000,2163.405000
rect,MET4,pin,-301.630000,2163.155000,-293.490000,2163.655000,8.140000,0.500000,-297.560000,2163.405000
rect,MET5,pin,-147.370000,2246.655000,-138.630000,2247.155000,8.740000,0.500000,-143.000000,2246.905000
rect,MET5,pin,-301.630000,2246.655000,-293.490000,2247.155000,8.140000,0.500000,-297.560000,2246.905000
rect,MET4,pin,-147.370000,2246.655000,-138.630000,2247.155000,8.740000,0.500000,-143.000000,2246.905000
rect,MET4,pin,-301.630000,2246.655000,-293.490000,2247.155000,8.140000,0.500000,-297.560000,2246.905000
rect,METTPL,pin,-146.870000,2163.155000,-138.630000,2163.655000,8.240000,0.500000,-142.750000,2163.405000
rect,METTPL,pin,-146.870000,2257.155000,-138.630000,2257.655000,8.240000,0.500000,-142.750000,2257.405000
rect,METTPL,pin,-146.870000,2340.655000,-138.630000,2341.155000,8.240000,0.500000,-142.750000,2340.905000
rect,METTPL,pin,-301.630000,2257.155000,-294.230000,2257.655000,7.400000,0.500000,-297.930000,2257.405000
rect,METTPL,pin,-301.630000,2340.655000,-294.230000,2341.155000,7.400000,0.500000,-297.930000,2340.905000
rect,MET5,pin,-147.370000,2257.155000,-138.630000,2257.655000,8.740000,0.500000,-143.000000,2257.405000
rect,MET5,pin,-301.630000,2257.155000,-293.490000,2257.655000,8.140000,0.500000,-297.560000,2257.405000
rect,MET4,pin,-147.370000,2257.155000,-138.630000,2257.655000,8.740000,0.500000,-143.000000,2257.405000
rect,MET4,pin,-301.630000,2257.155000,-293.490000,2257.655000,8.140000,0.500000,-297.560000,2257.405000
rect,MET5,pin,-147.370000,2340.655000,-138.630000,2341.155000,8.740000,0.500000,-143.000000,2340.905000
rect,MET5,pin,-301.630000,2340.655000,-293.490000,2341.155000,8.140000,0.500000,-297.560000,2340.905000
rect,MET4,pin,-147.370000,2340.655000,-138.630000,2341.155000,8.740000,0.500000,-143.000000,2340.905000
rect,MET4,pin,-301.630000,2340.655000,-293.490000,2341.155000,8.140000,0.500000,-297.560000,2340.905000
rect,METTPL,pin,-146.870000,2257.155000,-138.630000,2257.655000,8.240000,0.500000,-142.750000,2257.405000
rect,METTPL,pin,-146.870000,2351.155000,-138.630000,2351.655000,8.240000,0.500000,-142.750000,2351.405000
rect,METTPL,pin,-146.870000,2434.655000,-138.630000,2435.155000,8.240000,0.500000,-142.750000,2434.905000
rect,METTPL,pin,-301.630000,2351.155000,-294.230000,2351.655000,7.400000,0.500000,-297.930000,2351.405000
rect,METTPL,pin,-301.630000,2434.655000,-294.230000,2435.155000,7.400000,0.500000,-297.930000,2434.905000
rect,MET5,pin,-147.370000,2351.155000,-138.630000,2351.655000,8.740000,0.500000,-143.000000,2351.405000
rect,MET5,pin,-301.630000,2351.155000,-293.490000,2351.655000,8.140000,0.500000,-297.560000,2351.405000
rect,MET4,pin,-147.370000,2351.155000,-138.630000,2351.655000,8.740000,0.500000,-143.000000,2351.405000
rect,MET4,pin,-301.630000,2351.155000,-293.490000,2351.655000,8.140000,0.500000,-297.560000,2351.405000
rect,MET5,pin,-147.370000,2434.655000,-138.630000,2435.155000,8.740000,0.500000,-143.000000,2434.905000
rect,MET5,pin,-301.630000,2434.655000,-293.490000,2435.155000,8.140000,0.500000,-297.560000,2434.905000
rect,MET4,pin,-147.370000,2434.655000,-138.630000,2435.155000,8.740000,0.500000,-143.000000,2434.905000
rect,MET4,pin,-301.630000,2434.655000,-293.490000,2435.155000,8.140000,0.500000,-297.560000,2434.905000
rect,METTPL,pin,-146.870000,2351.155000,-138.630000,2351.655000,8.240000,0.500000,-142.750000,2351.405000
rect,METTPL,pin,-146.870000,2445.155000,-138.630000,2445.655000,8.240000,0.500000,-142.750000,2445.405000
rect,METTPL,pin,-146.870000,2528.655000,-138.630000,2529.155000,8.240000,0.500000,-142.750000,2528.905000
rect,METTPL,pin,-301.630000,2445.155000,-294.230000,2445.655000,7.400000,0.500000,-297.930000,2445.405000
rect,METTPL,pin,-301.630000,2528.655000,-294.230000,2529.155000,7.400000,0.500000,-297.930000,2528.905000
rect,MET5,pin,-147.370000,2445.155000,-138.630000,2445.655000,8.740000,0.500000,-143.000000,2445.405000
rect,MET5,pin,-301.630000,2445.155000,-293.490000,2445.655000,8.140000,0.500000,-297.560000,2445.405000
rect,MET4,pin,-147.370000,2445.155000,-138.630000,2445.655000,8.740000,0.500000,-143.000000,2445.405000
rect,MET4,pin,-301.630000,2445.155000,-293.490000,2445.655000,8.140000,0.500000,-297.560000,2445.405000
rect,MET5,pin,-147.370000,2528.655000,-138.630000,2529.155000,8.740000,0.500000,-143.000000,2528.905000
rect,MET5,pin,-301.630000,2528.655000,-293.490000,2529.155000,8.140000,0.500000,-297.560000,2528.905000
rect,MET4,pin,-147.370000,2528.655000,-138.630000,2529.155000,8.740000,0.500000,-143.000000,2528.905000
rect,MET4,pin,-301.630000,2528.655000,-293.490000,2529.155000,8.140000,0.500000,-297.560000,2528.905000
rect,METTPL,pin,-146.870000,2445.155000,-138.630000,2445.655000,8.240000,0.500000,-142.750000,2445.405000
rect,METTPL,pin,54.070000,2547.155000,54.570000,2555.395000,0.500000,8.240000,54.320000,2551.275000
rect,METTPL,pin,137.570000,2547.155000,138.070000,2555.395000,0.500000,8.240000,137.820000,2551.275000
rect,METTPL,pin,54.070000,2702.755000,54.570000,2710.155000,0.500000,7.400000,54.320000,2706.455000
rect,METTPL,pin,137.570000,2702.755000,138.070000,2710.155000,0.500000,7.400000,137.820000,2706.455000
rect,MET5,pin,54.070000,2547.155000,54.570000,2555.895000,0.500000,8.740000,54.320000,2551.525000
rect,MET5,pin,54.070000,2702.015000,54.570000,2710.155000,0.500000,8.140000,54.320000,2706.085000
rect,MET4,pin,54.070000,2547.155000,54.570000,2555.895000,0.500000,8.740000,54.320000,2551.525000
rect,MET4,pin,54.070000,2702.015000,54.570000,2710.155000,0.500000,8.140000,54.320000,2706.085000
rect,MET5,pin,137.570000,2547.155000,138.070000,2555.895000,0.500000,8.740000,137.820000,2551.525000
rect,MET5,pin,137.570000,2702.015000,138.070000,2710.155000,0.500000,8.140000,137.820000,2706.085000
rect,MET4,pin,137.570000,2547.155000,138.070000,2555.895000,0.500000,8.740000,137.820000,2551.525000
rect,MET4,pin,137.570000,2702.015000,138.070000,2710.155000,0.500000,8.140000,137.820000,2706.085000
rect,METTPL,pin,54.070000,2547.155000,54.570000,2555.395000,0.500000,8.240000,54.320000,2551.275000
rect,METTPL,pin,148.070000,2547.155000,148.570000,2555.395000,0.500000,8.240000,148.320000,2551.275000
rect,METTPL,pin,231.570000,2547.155000,232.070000,2555.395000,0.500000,8.240000,231.820000,2551.275000
rect,METTPL,pin,148.070000,2702.755000,148.570000,2710.155000,0.500000,7.400000,148.320000,2706.455000
rect,METTPL,pin,231.570000,2702.755000,232.070000,2710.155000,0.500000,7.400000,231.820000,2706.455000
rect,MET5,pin,148.070000,2547.155000,148.570000,2555.895000,0.500000,8.740000,148.320000,2551.525000
rect,MET5,pin,148.070000,2702.015000,148.570000,2710.155000,0.500000,8.140000,148.320000,2706.085000
rect,MET4,pin,148.070000,2547.155000,148.570000,2555.895000,0.500000,8.740000,148.320000,2551.525000
rect,MET4,pin,148.070000,2702.015000,148.570000,2710.155000,0.500000,8.140000,148.320000,2706.085000
rect,MET5,pin,231.570000,2547.155000,232.070000,2555.895000,0.500000,8.740000,231.820000,2551.525000
rect,MET5,pin,231.570000,2702.015000,232.070000,2710.155000,0.500000,8.140000,231.820000,2706.085000
rect,MET4,pin,231.570000,2547.155000,232.070000,2555.895000,0.500000,8.740000,231.820000,2551.525000
rect,MET4,pin,231.570000,2702.015000,232.070000,2710.155000,0.500000,8.140000,231.820000,2706.085000
rect,METTPL,pin,148.070000,2547.155000,148.570000,2555.395000,0.500000,8.240000,148.320000,2551.275000
rect,METTPL,pin,242.070000,2547.155000,242.570000,2555.395000,0.500000,8.240000,242.320000,2551.275000
rect,METTPL,pin,325.570000,2547.155000,326.070000,2555.395000,0.500000,8.240000,325.820000,2551.275000
rect,METTPL,pin,242.070000,2702.755000,242.570000,2710.155000,0.500000,7.400000,242.320000,2706.455000
rect,METTPL,pin,325.570000,2702.755000,326.070000,2710.155000,0.500000,7.400000,325.820000,2706.455000
rect,MET5,pin,242.070000,2547.155000,242.570000,2555.895000,0.500000,8.740000,242.320000,2551.525000
rect,MET5,pin,242.070000,2702.015000,242.570000,2710.155000,0.500000,8.140000,242.320000,2706.085000
rect,MET4,pin,242.070000,2547.155000,242.570000,2555.895000,0.500000,8.740000,242.320000,2551.525000
rect,MET4,pin,242.070000,2702.015000,242.570000,2710.155000,0.500000,8.140000,242.320000,2706.085000
rect,MET5,pin,325.570000,2547.155000,326.070000,2555.895000,0.500000,8.740000,325.820000,2551.525000
rect,MET5,pin,325.570000,2702.015000,326.070000,2710.155000,0.500000,8.140000,325.820000,2706.085000
rect,MET4,pin,325.570000,2547.155000,326.070000,2555.895000,0.500000,8.740000,325.820000,2551.525000
rect,MET4,pin,325.570000,2702.015000,326.070000,2710.155000,0.500000,8.140000,325.820000,2706.085000
rect,METTPL,pin,242.070000,2547.155000,242.570000,2555.395000,0.500000,8.240000,242.320000,2551.275000
rect,METTPL,pin,336.070000,2547.155000,336.570000,2555.395000,0.500000,8.240000,336.320000,2551.275000
rect,METTPL,pin,419.570000,2547.155000,420.070000,2555.395000,0.500000,8.240000,419.820000,2551.275000
rect,METTPL,pin,336.070000,2702.755000,336.570000,2710.155000,0.500000,7.400000,336.320000,2706.455000
rect,METTPL,pin,419.570000,2702.755000,420.070000,2710.155000,0.500000,7.400000,419.820000,2706.455000
rect,MET5,pin,336.070000,2547.155000,336.570000,2555.895000,0.500000,8.740000,336.320000,2551.525000
rect,MET5,pin,336.070000,2702.015000,336.570000,2710.155000,0.500000,8.140000,336.320000,2706.085000
rect,MET4,pin,336.070000,2547.155000,336.570000,2555.895000,0.500000,8.740000,336.320000,2551.525000
rect,MET4,pin,336.070000,2702.015000,336.570000,2710.155000,0.500000,8.140000,336.320000,2706.085000
rect,MET5,pin,419.570000,2547.155000,420.070000,2555.895000,0.500000,8.740000,419.820000,2551.525000
rect,MET5,pin,419.570000,2702.015000,420.070000,2710.155000,0.500000,8.140000,419.820000,2706.085000
rect,MET4,pin,419.570000,2547.155000,420.070000,2555.895000,0.500000,8.740000,419.820000,2551.525000
rect,MET4,pin,419.570000,2702.015000,420.070000,2710.155000,0.500000,8.140000,419.820000,2706.085000
rect,METTPL,pin,336.070000,2547.155000,336.570000,2555.395000,0.500000,8.240000,336.320000,2551.275000
rect,METTPL,pin,3446.070000,2534.055000,3454.310000,2534.555000,8.240000,0.500000,3450.190000,2534.305000
rect,METTPL,pin,3446.070000,2450.555000,3454.310000,2451.055000,8.240000,0.500000,3450.190000,2450.805000
rect,METTPL,pin,3601.670000,2534.055000,3609.070000,2534.555000,7.400000,0.500000,3605.370000,2534.305000
rect,METTPL,pin,3601.670000,2450.555000,3609.070000,2451.055000,7.400000,0.500000,3605.370000,2450.805000
rect,MET5,pin,3446.070000,2534.055000,3454.810000,2534.555000,8.740000,0.500000,3450.440000,2534.305000
rect,MET5,pin,3600.930000,2534.055000,3609.070000,2534.555000,8.140000,0.500000,3605.000000,2534.305000
rect,MET4,pin,3446.070000,2534.055000,3454.810000,2534.555000,8.740000,0.500000,3450.440000,2534.305000
rect,MET4,pin,3600.930000,2534.055000,3609.070000,2534.555000,8.140000,0.500000,3605.000000,2534.305000
rect,MET5,pin,3446.070000,2450.555000,3454.810000,2451.055000,8.740000,0.500000,3450.440000,2450.805000
rect,MET5,pin,3600.930000,2450.555000,3609.070000,2451.055000,8.140000,0.500000,3605.000000,2450.805000
rect,MET4,pin,3446.070000,2450.555000,3454.810000,2451.055000,8.740000,0.500000,3450.440000,2450.805000
rect,MET4,pin,3600.930000,2450.555000,3609.070000,2451.055000,8.140000,0.500000,3605.000000,2450.805000
rect,METTPL,pin,3446.070000,2534.055000,3454.310000,2534.555000,8.240000,0.500000,3450.190000,2534.305000
rect,METTPL,pin,3446.070000,2440.055000,3454.310000,2440.555000,8.240000,0.500000,3450.190000,2440.305000
rect,METTPL,pin,3446.070000,2356.555000,3454.310000,2357.055000,8.240000,0.500000,3450.190000,2356.805000
rect,METTPL,pin,3601.670000,2440.055000,3609.070000,2440.555000,7.400000,0.500000,3605.370000,2440.305000
rect,METTPL,pin,3601.670000,2356.555000,3609.070000,2357.055000,7.400000,0.500000,3605.370000,2356.805000
rect,MET5,pin,3446.070000,2440.055000,3454.810000,2440.555000,8.740000,0.500000,3450.440000,2440.305000
rect,MET5,pin,3600.930000,2440.055000,3609.070000,2440.555000,8.140000,0.500000,3605.000000,2440.305000
rect,MET4,pin,3446.070000,2440.055000,3454.810000,2440.555000,8.740000,0.500000,3450.440000,2440.305000
rect,MET4,pin,3600.930000,2440.055000,3609.070000,2440.555000,8.140000,0.500000,3605.000000,2440.305000
rect,MET5,pin,3446.070000,2356.555000,3454.810000,2357.055000,8.740000,0.500000,3450.440000,2356.805000
rect,MET5,pin,3600.930000,2356.555000,3609.070000,2357.055000,8.140000,0.500000,3605.000000,2356.805000
rect,MET4,pin,3446.070000,2356.555000,3454.810000,2357.055000,8.740000,0.500000,3450.440000,2356.805000
rect,MET4,pin,3600.930000,2356.555000,3609.070000,2357.055000,8.140000,0.500000,3605.000000,2356.805000
rect,METTPL,pin,3446.070000,2440.055000,3454.310000,2440.555000,8.240000,0.500000,3450.190000,2440.305000
rect,METTPL,pin,3446.070000,2346.055000,3454.310000,2346.555000,8.240000,0.500000,3450.190000,2346.305000
rect,METTPL,pin,3446.070000,2262.555000,3454.310000,2263.055000,8.240000,0.500000,3450.190000,2262.805000
rect,METTPL,pin,3601.670000,2346.055000,3609.070000,2346.555000,7.400000,0.500000,3605.370000,2346.305000
rect,METTPL,pin,3601.670000,2262.555000,3609.070000,2263.055000,7.400000,0.500000,3605.370000,2262.805000
rect,MET5,pin,3446.070000,2346.055000,3454.810000,2346.555000,8.740000,0.500000,3450.440000,2346.305000
rect,MET5,pin,3600.930000,2346.055000,3609.070000,2346.555000,8.140000,0.500000,3605.000000,2346.305000
rect,MET4,pin,3446.070000,2346.055000,3454.810000,2346.555000,8.740000,0.500000,3450.440000,2346.305000
rect,MET4,pin,3600.930000,2346.055000,3609.070000,2346.555000,8.140000,0.500000,3605.000000,2346.305000
rect,MET5,pin,3446.070000,2262.555000,3454.810000,2263.055000,8.740000,0.500000,3450.440000,2262.805000
rect,MET5,pin,3600.930000,2262.555000,3609.070000,2263.055000,8.140000,0.500000,3605.000000,2262.805000
rect,MET4,pin,3446.070000,2262.555000,3454.810000,2263.055000,8.740000,0.500000,3450.440000,2262.805000
rect,MET4,pin,3600.930000,2262.555000,3609.070000,2263.055000,8.140000,0.500000,3605.000000,2262.805000
rect,METTPL,pin,3446.070000,2346.055000,3454.310000,2346.555000,8.240000,0.500000,3450.190000,2346.305000
rect,METTPL,pin,3446.070000,2252.055000,3454.310000,2252.555000,8.240000,0.500000,3450.190000,2252.305000
rect,METTPL,pin,3446.070000,2168.555000,3454.310000,2169.055000,8.240000,0.500000,3450.190000,2168.805000
rect,METTPL,pin,3601.670000,2252.055000,3609.070000,2252.555000,7.400000,0.500000,3605.370000,2252.305000
rect,METTPL,pin,3601.670000,2168.555000,3609.070000,2169.055000,7.400000,0.500000,3605.370000,2168.805000
rect,MET5,pin,3446.070000,2252.055000,3454.810000,2252.555000,8.740000,0.500000,3450.440000,2252.305000
rect,MET5,pin,3600.930000,2252.055000,3609.070000,2252.555000,8.140000,0.500000,3605.000000,2252.305000
rect,MET4,pin,3446.070000,2252.055000,3454.810000,2252.555000,8.740000,0.500000,3450.440000,2252.305000
rect,MET4,pin,3600.930000,2252.055000,3609.070000,2252.555000,8.140000,0.500000,3605.000000,2252.305000
rect,MET5,pin,3446.070000,2168.555000,3454.810000,2169.055000,8.740000,0.500000,3450.440000,2168.805000
rect,MET5,pin,3600.930000,2168.555000,3609.070000,2169.055000,8.140000,0.500000,3605.000000,2168.805000
rect,MET4,pin,3446.070000,2168.555000,3454.810000,2169.055000,8.740000,0.500000,3450.440000,2168.805000
rect,MET4,pin,3600.930000,2168.555000,3609.070000,2169.055000,8.140000,0.500000,3605.000000,2168.805000
rect,METTPL,pin,3446.070000,2252.055000,3454.310000,2252.555000,8.240000,0.500000,3450.190000,2252.305000
rect,METTPL,pin,3446.070000,2158.055000,3454.310000,2158.555000,8.240000,0.500000,3450.190000,2158.305000
rect,METTPL,pin,3446.070000,2074.555000,3454.310000,2075.055000,8.240000,0.500000,3450.190000,2074.805000
rect,METTPL,pin,3601.670000,2158.055000,3609.070000,2158.555000,7.400000,0.500000,3605.370000,2158.305000
rect,METTPL,pin,3601.670000,2074.555000,3609.070000,2075.055000,7.400000,0.500000,3605.370000,2074.805000
rect,MET5,pin,3446.070000,2158.055000,3454.810000,2158.555000,8.740000,0.500000,3450.440000,2158.305000
rect,MET5,pin,3600.930000,2158.055000,3609.070000,2158.555000,8.140000,0.500000,3605.000000,2158.305000
rect,MET4,pin,3446.070000,2158.055000,3454.810000,2158.555000,8.740000,0.500000,3450.440000,2158.305000
rect,MET4,pin,3600.930000,2158.055000,3609.070000,2158.555000,8.140000,0.500000,3605.000000,2158.305000
rect,MET5,pin,3446.070000,2074.555000,3454.810000,2075.055000,8.740000,0.500000,3450.440000,2074.805000
rect,MET5,pin,3600.930000,2074.555000,3609.070000,2075.055000,8.140000,0.500000,3605.000000,2074.805000
rect,MET4,pin,3446.070000,2074.555000,3454.810000,2075.055000,8.740000,0.500000,3450.440000,2074.805000
rect,MET4,pin,3600.930000,2074.555000,3609.070000,2075.055000,8.140000,0.500000,3605.000000,2074.805000
rect,METTPL,pin,3446.070000,2158.055000,3454.310000,2158.555000,8.240000,0.500000,3450.190000,2158.305000
rect,METTPL,pin,3446.070000,2064.055000,3454.310000,2064.555000,8.240000,0.500000,3450.190000,2064.305000
rect,METTPL,pin,3446.070000,1980.555000,3454.310000,1981.055000,8.240000,0.500000,3450.190000,1980.805000
rect,METTPL,pin,3601.670000,2064.055000,3609.070000,2064.555000,7.400000,0.500000,3605.370000,2064.305000
rect,METTPL,pin,3601.670000,1980.555000,3609.070000,1981.055000,7.400000,0.500000,3605.370000,1980.805000
rect,MET5,pin,3446.070000,2064.055000,3454.810000,2064.555000,8.740000,0.500000,3450.440000,2064.305000
rect,MET5,pin,3600.930000,2064.055000,3609.070000,2064.555000,8.140000,0.500000,3605.000000,2064.305000
rect,MET4,pin,3446.070000,2064.055000,3454.810000,2064.555000,8.740000,0.500000,3450.440000,2064.305000
rect,MET4,pin,3600.930000,2064.055000,3609.070000,2064.555000,8.140000,0.500000,3605.000000,2064.305000
rect,MET5,pin,3446.070000,1980.555000,3454.810000,1981.055000,8.740000,0.500000,3450.440000,1980.805000
rect,MET5,pin,3600.930000,1980.555000,3609.070000,1981.055000,8.140000,0.500000,3605.000000,1980.805000
rect,MET4,pin,3446.070000,1980.555000,3454.810000,1981.055000,8.740000,0.500000,3450.440000,1980.805000
rect,MET4,pin,3600.930000,1980.555000,3609.070000,1981.055000,8.140000,0.500000,3605.000000,1980.805000
rect,METTPL,pin,3446.070000,2064.055000,3454.310000,2064.555000,8.240000,0.500000,3450.190000,2064.305000
rect,METTPL,pin,3446.070000,1970.055000,3454.310000,1970.555000,8.240000,0.500000,3450.190000,1970.305000
rect,METTPL,pin,3446.070000,1886.555000,3454.310000,1887.055000,8.240000,0.500000,3450.190000,1886.805000
rect,METTPL,pin,3601.670000,1970.055000,3609.070000,1970.555000,7.400000,0.500000,3605.370000,1970.305000
rect,METTPL,pin,3601.670000,1886.555000,3609.070000,1887.055000,7.400000,0.500000,3605.370000,1886.805000
rect,MET5,pin,3446.070000,1970.055000,3454.810000,1970.555000,8.740000,0.500000,3450.440000,1970.305000
rect,MET5,pin,3600.930000,1970.055000,3609.070000,1970.555000,8.140000,0.500000,3605.000000,1970.305000
rect,MET4,pin,3446.070000,1970.055000,3454.810000,1970.555000,8.740000,0.500000,3450.440000,1970.305000
rect,MET4,pin,3600.930000,1970.055000,3609.070000,1970.555000,8.140000,0.500000,3605.000000,1970.305000
rect,MET5,pin,3446.070000,1886.555000,3454.810000,1887.055000,8.740000,0.500000,3450.440000,1886.805000
rect,MET5,pin,3600.930000,1886.555000,3609.070000,1887.055000,8.140000,0.500000,3605.000000,1886.805000
rect,MET4,pin,3446.070000,1886.555000,3454.810000,1887.055000,8.740000,0.500000,3450.440000,1886.805000
rect,MET4,pin,3600.930000,1886.555000,3609.070000,1887.055000,8.140000,0.500000,3605.000000,1886.805000
rect,METTPL,pin,3446.070000,1970.055000,3454.310000,1970.555000,8.240000,0.500000,3450.190000,1970.305000
rect,METTPL,pin,3446.070000,1876.055000,3454.310000,1876.555000,8.240000,0.500000,3450.190000,1876.305000
rect,METTPL,pin,3446.070000,1792.555000,3454.310000,1793.055000,8.240000,0.500000,3450.190000,1792.805000
rect,METTPL,pin,3601.670000,1876.055000,3609.070000,1876.555000,7.400000,0.500000,3605.370000,1876.305000
rect,METTPL,pin,3601.670000,1792.555000,3609.070000,1793.055000,7.400000,0.500000,3605.370000,1792.805000
rect,MET5,pin,3446.070000,1876.055000,3454.810000,1876.555000,8.740000,0.500000,3450.440000,1876.305000
rect,MET5,pin,3600.930000,1876.055000,3609.070000,1876.555000,8.140000,0.500000,3605.000000,1876.305000
rect,MET4,pin,3446.070000,1876.055000,3454.810000,1876.555000,8.740000,0.500000,3450.440000,1876.305000
rect,MET4,pin,3600.930000,1876.055000,3609.070000,1876.555000,8.140000,0.500000,3605.000000,1876.305000
rect,MET5,pin,3446.070000,1792.555000,3454.810000,1793.055000,8.740000,0.500000,3450.440000,1792.805000
rect,MET5,pin,3600.930000,1792.555000,3609.070000,1793.055000,8.140000,0.500000,3605.000000,1792.805000
rect,MET4,pin,3446.070000,1792.555000,3454.810000,1793.055000,8.740000,0.500000,3450.440000,1792.805000
rect,MET4,pin,3600.930000,1792.555000,3609.070000,1793.055000,8.140000,0.500000,3605.000000,1792.805000
rect,METTPL,pin,3446.070000,1876.055000,3454.310000,1876.555000,8.240000,0.500000,3450.190000,1876.305000
rect,METTPL,pin,3446.070000,1782.055000,3454.310000,1782.555000,8.240000,0.500000,3450.190000,1782.305000
rect,METTPL,pin,3446.070000,1698.555000,3454.310000,1699.055000,8.240000,0.500000,3450.190000,1698.805000
rect,METTPL,pin,3601.670000,1782.055000,3609.070000,1782.555000,7.400000,0.500000,3605.370000,1782.305000
rect,METTPL,pin,3601.670000,1698.555000,3609.070000,1699.055000,7.400000,0.500000,3605.370000,1698.805000
rect,MET5,pin,3446.070000,1782.055000,3454.810000,1782.555000,8.740000,0.500000,3450.440000,1782.305000
rect,MET5,pin,3600.930000,1782.055000,3609.070000,1782.555000,8.140000,0.500000,3605.000000,1782.305000
rect,MET4,pin,3446.070000,1782.055000,3454.810000,1782.555000,8.740000,0.500000,3450.440000,1782.305000
rect,MET4,pin,3600.930000,1782.055000,3609.070000,1782.555000,8.140000,0.500000,3605.000000,1782.305000
rect,MET5,pin,3446.070000,1698.555000,3454.810000,1699.055000,8.740000,0.500000,3450.440000,1698.805000
rect,MET5,pin,3600.930000,1698.555000,3609.070000,1699.055000,8.140000,0.500000,3605.000000,1698.805000
rect,MET4,pin,3446.070000,1698.555000,3454.810000,1699.055000,8.740000,0.500000,3450.440000,1698.805000
rect,MET4,pin,3600.930000,1698.555000,3609.070000,1699.055000,8.140000,0.500000,3605.000000,1698.805000
rect,METTPL,pin,3446.070000,1782.055000,3454.310000,1782.555000,8.240000,0.500000,3450.190000,1782.305000
rect,METTPL,pin,3446.070000,1688.055000,3454.310000,1688.555000,8.240000,0.500000,3450.190000,1688.305000
rect,METTPL,pin,3446.070000,1604.555000,3454.310000,1605.055000,8.240000,0.500000,3450.190000,1604.805000
rect,METTPL,pin,3601.670000,1688.055000,3609.070000,1688.555000,7.400000,0.500000,3605.370000,1688.305000
rect,METTPL,pin,3601.670000,1604.555000,3609.070000,1605.055000,7.400000,0.500000,3605.370000,1604.805000
rect,MET5,pin,3446.070000,1688.055000,3454.810000,1688.555000,8.740000,0.500000,3450.440000,1688.305000
rect,MET5,pin,3600.930000,1688.055000,3609.070000,1688.555000,8.140000,0.500000,3605.000000,1688.305000
rect,MET4,pin,3446.070000,1688.055000,3454.810000,1688.555000,8.740000,0.500000,3450.440000,1688.305000
rect,MET4,pin,3600.930000,1688.055000,3609.070000,1688.555000,8.140000,0.500000,3605.000000,1688.305000
rect,MET5,pin,3446.070000,1604.555000,3454.810000,1605.055000,8.740000,0.500000,3450.440000,1604.805000
rect,MET5,pin,3600.930000,1604.555000,3609.070000,1605.055000,8.140000,0.500000,3605.000000,1604.805000
rect,MET4,pin,3446.070000,1604.555000,3454.810000,1605.055000,8.740000,0.500000,3450.440000,1604.805000
rect,MET4,pin,3600.930000,1604.555000,3609.070000,1605.055000,8.140000,0.500000,3605.000000,1604.805000
rect,METTPL,pin,3446.070000,1688.055000,3454.310000,1688.555000,8.240000,0.500000,3450.190000,1688.305000
rect,METTPL,pin,3446.070000,1594.055000,3454.310000,1594.555000,8.240000,0.500000,3450.190000,1594.305000
rect,METTPL,pin,3446.070000,1510.555000,3454.310000,1511.055000,8.240000,0.500000,3450.190000,1510.805000
rect,METTPL,pin,3601.670000,1594.055000,3609.070000,1594.555000,7.400000,0.500000,3605.370000,1594.305000
rect,METTPL,pin,3601.670000,1510.555000,3609.070000,1511.055000,7.400000,0.500000,3605.370000,1510.805000
rect,MET5,pin,3446.070000,1594.055000,3454.810000,1594.555000,8.740000,0.500000,3450.440000,1594.305000
rect,MET5,pin,3600.930000,1594.055000,3609.070000,1594.555000,8.140000,0.500000,3605.000000,1594.305000
rect,MET4,pin,3446.070000,1594.055000,3454.810000,1594.555000,8.740000,0.500000,3450.440000,1594.305000
rect,MET4,pin,3600.930000,1594.055000,3609.070000,1594.555000,8.140000,0.500000,3605.000000,1594.305000
rect,MET5,pin,3446.070000,1510.555000,3454.810000,1511.055000,8.740000,0.500000,3450.440000,1510.805000
rect,MET5,pin,3600.930000,1510.555000,3609.070000,1511.055000,8.140000,0.500000,3605.000000,1510.805000
rect,MET4,pin,3446.070000,1510.555000,3454.810000,1511.055000,8.740000,0.500000,3450.440000,1510.805000
rect,MET4,pin,3600.930000,1510.555000,3609.070000,1511.055000,8.140000,0.500000,3605.000000,1510.805000
rect,METTPL,pin,3446.070000,1594.055000,3454.310000,1594.555000,8.240000,0.500000,3450.190000,1594.305000
rect,METTPL,pin,3446.070000,1500.055000,3454.310000,1500.555000,8.240000,0.500000,3450.190000,1500.305000
rect,METTPL,pin,3446.070000,1416.555000,3454.310000,1417.055000,8.240000,0.500000,3450.190000,1416.805000
rect,METTPL,pin,3601.670000,1500.055000,3609.070000,1500.555000,7.400000,0.500000,3605.370000,1500.305000
rect,METTPL,pin,3601.670000,1416.555000,3609.070000,1417.055000,7.400000,0.500000,3605.370000,1416.805000
rect,MET5,pin,3446.070000,1500.055000,3454.810000,1500.555000,8.740000,0.500000,3450.440000,1500.305000
rect,MET5,pin,3600.930000,1500.055000,3609.070000,1500.555000,8.140000,0.500000,3605.000000,1500.305000
rect,MET4,pin,3446.070000,1500.055000,3454.810000,1500.555000,8.740000,0.500000,3450.440000,1500.305000
rect,MET4,pin,3600.930000,1500.055000,3609.070000,1500.555000,8.140000,0.500000,3605.000000,1500.305000
rect,MET5,pin,3446.070000,1416.555000,3454.810000,1417.055000,8.740000,0.500000,3450.440000,1416.805000
rect,MET5,pin,3600.930000,1416.555000,3609.070000,1417.055000,8.140000,0.500000,3605.000000,1416.805000
rect,MET4,pin,3446.070000,1416.555000,3454.810000,1417.055000,8.740000,0.500000,3450.440000,1416.805000
rect,MET4,pin,3600.930000,1416.555000,3609.070000,1417.055000,8.140000,0.500000,3605.000000,1416.805000
rect,METTPL,pin,3446.070000,1500.055000,3454.310000,1500.555000,8.240000,0.500000,3450.190000,1500.305000
rect,METTPL,pin,3446.070000,1406.055000,3454.310000,1406.555000,8.240000,0.500000,3450.190000,1406.305000
rect,METTPL,pin,3446.070000,1322.555000,3454.310000,1323.055000,8.240000,0.500000,3450.190000,1322.805000
rect,METTPL,pin,3601.670000,1406.055000,3609.070000,1406.555000,7.400000,0.500000,3605.370000,1406.305000
rect,METTPL,pin,3601.670000,1322.555000,3609.070000,1323.055000,7.400000,0.500000,3605.370000,1322.805000
rect,MET5,pin,3446.070000,1406.055000,3454.810000,1406.555000,8.740000,0.500000,3450.440000,1406.305000
rect,MET5,pin,3600.930000,1406.055000,3609.070000,1406.555000,8.140000,0.500000,3605.000000,1406.305000
rect,MET4,pin,3446.070000,1406.055000,3454.810000,1406.555000,8.740000,0.500000,3450.440000,1406.305000
rect,MET4,pin,3600.930000,1406.055000,3609.070000,1406.555000,8.140000,0.500000,3605.000000,1406.305000
rect,MET5,pin,3446.070000,1322.555000,3454.810000,1323.055000,8.740000,0.500000,3450.440000,1322.805000
rect,MET5,pin,3600.930000,1322.555000,3609.070000,1323.055000,8.140000,0.500000,3605.000000,1322.805000
rect,MET4,pin,3446.070000,1322.555000,3454.810000,1323.055000,8.740000,0.500000,3450.440000,1322.805000
rect,MET4,pin,3600.930000,1322.555000,3609.070000,1323.055000,8.140000,0.500000,3605.000000,1322.805000
rect,METTPL,pin,3446.070000,1406.055000,3454.310000,1406.555000,8.240000,0.500000,3450.190000,1406.305000
rect,METTPL,pin,3446.070000,1312.055000,3454.310000,1312.555000,8.240000,0.500000,3450.190000,1312.305000
rect,METTPL,pin,3446.070000,1228.555000,3454.310000,1229.055000,8.240000,0.500000,3450.190000,1228.805000
rect,METTPL,pin,3601.670000,1312.055000,3609.070000,1312.555000,7.400000,0.500000,3605.370000,1312.305000
rect,METTPL,pin,3601.670000,1228.555000,3609.070000,1229.055000,7.400000,0.500000,3605.370000,1228.805000
rect,MET5,pin,3446.070000,1312.055000,3454.810000,1312.555000,8.740000,0.500000,3450.440000,1312.305000
rect,MET5,pin,3600.930000,1312.055000,3609.070000,1312.555000,8.140000,0.500000,3605.000000,1312.305000
rect,MET4,pin,3446.070000,1312.055000,3454.810000,1312.555000,8.740000,0.500000,3450.440000,1312.305000
rect,MET4,pin,3600.930000,1312.055000,3609.070000,1312.555000,8.140000,0.500000,3605.000000,1312.305000
rect,MET5,pin,3446.070000,1228.555000,3454.810000,1229.055000,8.740000,0.500000,3450.440000,1228.805000
rect,MET5,pin,3600.930000,1228.555000,3609.070000,1229.055000,8.140000,0.500000,3605.000000,1228.805000
rect,MET4,pin,3446.070000,1228.555000,3454.810000,1229.055000,8.740000,0.500000,3450.440000,1228.805000
rect,MET4,pin,3600.930000,1228.555000,3609.070000,1229.055000,8.140000,0.500000,3605.000000,1228.805000
rect,METTPL,pin,3446.070000,1312.055000,3454.310000,1312.555000,8.240000,0.500000,3450.190000,1312.305000
rect,METTPL,pin,3446.070000,1218.055000,3454.310000,1218.555000,8.240000,0.500000,3450.190000,1218.305000
rect,METTPL,pin,3446.070000,1134.555000,3454.310000,1135.055000,8.240000,0.500000,3450.190000,1134.805000
rect,METTPL,pin,3601.670000,1218.055000,3609.070000,1218.555000,7.400000,0.500000,3605.370000,1218.305000
rect,METTPL,pin,3601.670000,1134.555000,3609.070000,1135.055000,7.400000,0.500000,3605.370000,1134.805000
rect,MET5,pin,3446.070000,1218.055000,3454.810000,1218.555000,8.740000,0.500000,3450.440000,1218.305000
rect,MET5,pin,3600.930000,1218.055000,3609.070000,1218.555000,8.140000,0.500000,3605.000000,1218.305000
rect,MET4,pin,3446.070000,1218.055000,3454.810000,1218.555000,8.740000,0.500000,3450.440000,1218.305000
rect,MET4,pin,3600.930000,1218.055000,3609.070000,1218.555000,8.140000,0.500000,3605.000000,1218.305000
rect,MET5,pin,3446.070000,1134.555000,3454.810000,1135.055000,8.740000,0.500000,3450.440000,1134.805000
rect,MET5,pin,3600.930000,1134.555000,3609.070000,1135.055000,8.140000,0.500000,3605.000000,1134.805000
rect,MET4,pin,3446.070000,1134.555000,3454.810000,1135.055000,8.740000,0.500000,3450.440000,1134.805000
rect,MET4,pin,3600.930000,1134.555000,3609.070000,1135.055000,8.140000,0.500000,3605.000000,1134.805000
rect,METTPL,pin,3446.070000,1218.055000,3454.310000,1218.555000,8.240000,0.500000,3450.190000,1218.305000
rect,METTPL,pin,3446.070000,1124.055000,3454.310000,1124.555000,8.240000,0.500000,3450.190000,1124.305000
rect,METTPL,pin,3446.070000,1040.555000,3454.310000,1041.055000,8.240000,0.500000,3450.190000,1040.805000
rect,METTPL,pin,3601.670000,1124.055000,3609.070000,1124.555000,7.400000,0.500000,3605.370000,1124.305000
rect,METTPL,pin,3601.670000,1040.555000,3609.070000,1041.055000,7.400000,0.500000,3605.370000,1040.805000
rect,MET5,pin,3446.070000,1124.055000,3454.810000,1124.555000,8.740000,0.500000,3450.440000,1124.305000
rect,MET5,pin,3600.930000,1124.055000,3609.070000,1124.555000,8.140000,0.500000,3605.000000,1124.305000
rect,MET4,pin,3446.070000,1124.055000,3454.810000,1124.555000,8.740000,0.500000,3450.440000,1124.305000
rect,MET4,pin,3600.930000,1124.055000,3609.070000,1124.555000,8.140000,0.500000,3605.000000,1124.305000
rect,MET5,pin,3446.070000,1040.555000,3454.810000,1041.055000,8.740000,0.500000,3450.440000,1040.805000
rect,MET5,pin,3600.930000,1040.555000,3609.070000,1041.055000,8.140000,0.500000,3605.000000,1040.805000
rect,MET4,pin,3446.070000,1040.555000,3454.810000,1041.055000,8.740000,0.500000,3450.440000,1040.805000
rect,MET4,pin,3600.930000,1040.555000,3609.070000,1041.055000,8.140000,0.500000,3605.000000,1040.805000
rect,METTPL,pin,3446.070000,1124.055000,3454.310000,1124.555000,8.240000,0.500000,3450.190000,1124.305000
rect,METTPL,pin,3446.070000,1030.055000,3454.310000,1030.555000,8.240000,0.500000,3450.190000,1030.305000
rect,METTPL,pin,3446.070000,946.555000,3454.310000,947.055000,8.240000,0.500000,3450.190000,946.805000
rect,METTPL,pin,3601.670000,1030.055000,3609.070000,1030.555000,7.400000,0.500000,3605.370000,1030.305000
rect,METTPL,pin,3601.670000,946.555000,3609.070000,947.055000,7.400000,0.500000,3605.370000,946.805000
rect,MET5,pin,3446.070000,1030.055000,3454.810000,1030.555000,8.740000,0.500000,3450.440000,1030.305000
rect,MET5,pin,3600.930000,1030.055000,3609.070000,1030.555000,8.140000,0.500000,3605.000000,1030.305000
rect,MET4,pin,3446.070000,1030.055000,3454.810000,1030.555000,8.740000,0.500000,3450.440000,1030.305000
rect,MET4,pin,3600.930000,1030.055000,3609.070000,1030.555000,8.140000,0.500000,3605.000000,1030.305000
rect,MET5,pin,3446.070000,946.555000,3454.810000,947.055000,8.740000,0.500000,3450.440000,946.805000
rect,MET5,pin,3600.930000,946.555000,3609.070000,947.055000,8.140000,0.500000,3605.000000,946.805000
rect,MET4,pin,3446.070000,946.555000,3454.810000,947.055000,8.740000,0.500000,3450.440000,946.805000
rect,MET4,pin,3600.930000,946.555000,3609.070000,947.055000,8.140000,0.500000,3605.000000,946.805000
rect,METTPL,pin,3446.070000,1030.055000,3454.310000,1030.555000,8.240000,0.500000,3450.190000,1030.305000
rect,METTPL,pin,3446.070000,936.055000,3454.310000,936.555000,8.240000,0.500000,3450.190000,936.305000
rect,METTPL,pin,3446.070000,852.555000,3454.310000,853.055000,8.240000,0.500000,3450.190000,852.805000
rect,METTPL,pin,3601.670000,936.055000,3609.070000,936.555000,7.400000,0.500000,3605.370000,936.305000
rect,METTPL,pin,3601.670000,852.555000,3609.070000,853.055000,7.400000,0.500000,3605.370000,852.805000
rect,MET5,pin,3446.070000,936.055000,3454.810000,936.555000,8.740000,0.500000,3450.440000,936.305000
rect,MET5,pin,3600.930000,936.055000,3609.070000,936.555000,8.140000,0.500000,3605.000000,936.305000
rect,MET4,pin,3446.070000,936.055000,3454.810000,936.555000,8.740000,0.500000,3450.440000,936.305000
rect,MET4,pin,3600.930000,936.055000,3609.070000,936.555000,8.140000,0.500000,3605.000000,936.305000
rect,MET5,pin,3446.070000,852.555000,3454.810000,853.055000,8.740000,0.500000,3450.440000,852.805000
rect,MET5,pin,3600.930000,852.555000,3609.070000,853.055000,8.140000,0.500000,3605.000000,852.805000
rect,MET4,pin,3446.070000,852.555000,3454.810000,853.055000,8.740000,0.500000,3450.440000,852.805000
rect,MET4,pin,3600.930000,852.555000,3609.070000,853.055000,8.140000,0.500000,3605.000000,852.805000
rect,METTPL,pin,3446.070000,936.055000,3454.310000,936.555000,8.240000,0.500000,3450.190000,936.305000
rect,METTPL,pin,3446.070000,842.055000,3454.310000,842.555000,8.240000,0.500000,3450.190000,842.305000
rect,METTPL,pin,3446.070000,758.555000,3454.310000,759.055000,8.240000,0.500000,3450.190000,758.805000
rect,METTPL,pin,3601.670000,842.055000,3609.070000,842.555000,7.400000,0.500000,3605.370000,842.305000
rect,METTPL,pin,3601.670000,758.555000,3609.070000,759.055000,7.400000,0.500000,3605.370000,758.805000
rect,MET5,pin,3446.070000,842.055000,3454.810000,842.555000,8.740000,0.500000,3450.440000,842.305000
rect,MET5,pin,3600.930000,842.055000,3609.070000,842.555000,8.140000,0.500000,3605.000000,842.305000
rect,MET4,pin,3446.070000,842.055000,3454.810000,842.555000,8.740000,0.500000,3450.440000,842.305000
rect,MET4,pin,3600.930000,842.055000,3609.070000,842.555000,8.140000,0.500000,3605.000000,842.305000
rect,MET5,pin,3446.070000,758.555000,3454.810000,759.055000,8.740000,0.500000,3450.440000,758.805000
rect,MET5,pin,3600.930000,758.555000,3609.070000,759.055000,8.140000,0.500000,3605.000000,758.805000
rect,MET4,pin,3446.070000,758.555000,3454.810000,759.055000,8.740000,0.500000,3450.440000,758.805000
rect,MET4,pin,3600.930000,758.555000,3609.070000,759.055000,8.140000,0.500000,3605.000000,758.805000
rect,METTPL,pin,3446.070000,842.055000,3454.310000,842.555000,8.240000,0.500000,3450.190000,842.305000
rect,METTPL,pin,3446.070000,748.055000,3454.310000,748.555000,8.240000,0.500000,3450.190000,748.305000
rect,METTPL,pin,3446.070000,664.555000,3454.310000,665.055000,8.240000,0.500000,3450.190000,664.805000
rect,METTPL,pin,3601.670000,748.055000,3609.070000,748.555000,7.400000,0.500000,3605.370000,748.305000
rect,METTPL,pin,3601.670000,664.555000,3609.070000,665.055000,7.400000,0.500000,3605.370000,664.805000
rect,MET5,pin,3446.070000,748.055000,3454.810000,748.555000,8.740000,0.500000,3450.440000,748.305000
rect,MET5,pin,3600.930000,748.055000,3609.070000,748.555000,8.140000,0.500000,3605.000000,748.305000
rect,MET4,pin,3446.070000,748.055000,3454.810000,748.555000,8.740000,0.500000,3450.440000,748.305000
rect,MET4,pin,3600.930000,748.055000,3609.070000,748.555000,8.140000,0.500000,3605.000000,748.305000
rect,MET5,pin,3446.070000,664.555000,3454.810000,665.055000,8.740000,0.500000,3450.440000,664.805000
rect,MET5,pin,3600.930000,664.555000,3609.070000,665.055000,8.140000,0.500000,3605.000000,664.805000
rect,MET4,pin,3446.070000,664.555000,3454.810000,665.055000,8.740000,0.500000,3450.440000,664.805000
rect,MET4,pin,3600.930000,664.555000,3609.070000,665.055000,8.140000,0.500000,3605.000000,664.805000
rect,METTPL,pin,3446.070000,748.055000,3454.310000,748.555000,8.240000,0.500000,3450.190000,748.305000
rect,METTPL,pin,3446.070000,654.055000,3454.310000,654.555000,8.240000,0.500000,3450.190000,654.305000
rect,METTPL,pin,3446.070000,570.555000,3454.310000,571.055000,8.240000,0.500000,3450.190000,570.805000
rect,METTPL,pin,3601.670000,654.055000,3609.070000,654.555000,7.400000,0.500000,3605.370000,654.305000
rect,METTPL,pin,3601.670000,570.555000,3609.070000,571.055000,7.400000,0.500000,3605.370000,570.805000
rect,MET5,pin,3446.070000,654.055000,3454.810000,654.555000,8.740000,0.500000,3450.440000,654.305000
rect,MET5,pin,3600.930000,654.055000,3609.070000,654.555000,8.140000,0.500000,3605.000000,654.305000
rect,MET4,pin,3446.070000,654.055000,3454.810000,654.555000,8.740000,0.500000,3450.440000,654.305000
rect,MET4,pin,3600.930000,654.055000,3609.070000,654.555000,8.140000,0.500000,3605.000000,654.305000
rect,MET5,pin,3446.070000,570.555000,3454.810000,571.055000,8.740000,0.500000,3450.440000,570.805000
rect,MET5,pin,3600.930000,570.555000,3609.070000,571.055000,8.140000,0.500000,3605.000000,570.805000
rect,MET4,pin,3446.070000,570.555000,3454.810000,571.055000,8.740000,0.500000,3450.440000,570.805000
rect,MET4,pin,3600.930000,570.555000,3609.070000,571.055000,8.140000,0.500000,3605.000000,570.805000
rect,METTPL,pin,3446.070000,654.055000,3454.310000,654.555000,8.240000,0.500000,3450.190000,654.305000
rect,METTPL,pin,3446.070000,560.055000,3454.310000,560.555000,8.240000,0.500000,3450.190000,560.305000
rect,METTPL,pin,3446.070000,476.555000,3454.310000,477.055000,8.240000,0.500000,3450.190000,476.805000
rect,METTPL,pin,3601.670000,560.055000,3609.070000,560.555000,7.400000,0.500000,3605.370000,560.305000
rect,METTPL,pin,3601.670000,476.555000,3609.070000,477.055000,7.400000,0.500000,3605.370000,476.805000
rect,MET5,pin,3446.070000,560.055000,3454.810000,560.555000,8.740000,0.500000,3450.440000,560.305000
rect,MET5,pin,3600.930000,560.055000,3609.070000,560.555000,8.140000,0.500000,3605.000000,560.305000
rect,MET4,pin,3446.070000,560.055000,3454.810000,560.555000,8.740000,0.500000,3450.440000,560.305000
rect,MET4,pin,3600.930000,560.055000,3609.070000,560.555000,8.140000,0.500000,3605.000000,560.305000
rect,MET5,pin,3446.070000,476.555000,3454.810000,477.055000,8.740000,0.500000,3450.440000,476.805000
rect,MET5,pin,3600.930000,476.555000,3609.070000,477.055000,8.140000,0.500000,3605.000000,476.805000
rect,MET4,pin,3446.070000,476.555000,3454.810000,477.055000,8.740000,0.500000,3450.440000,476.805000
rect,MET4,pin,3600.930000,476.555000,3609.070000,477.055000,8.140000,0.500000,3605.000000,476.805000
rect,METTPL,pin,3446.070000,560.055000,3454.310000,560.555000,8.240000,0.500000,3450.190000,560.305000
rect,METTPL,pin,3446.070000,466.055000,3454.310000,466.555000,8.240000,0.500000,3450.190000,466.305000
rect,METTPL,pin,3446.070000,382.555000,3454.310000,383.055000,8.240000,0.500000,3450.190000,382.805000
rect,METTPL,pin,3601.670000,466.055000,3609.070000,466.555000,7.400000,0.500000,3605.370000,466.305000
rect,METTPL,pin,3601.670000,382.555000,3609.070000,383.055000,7.400000,0.500000,3605.370000,382.805000
rect,MET5,pin,3446.070000,466.055000,3454.810000,466.555000,8.740000,0.500000,3450.440000,466.305000
rect,MET5,pin,3600.930000,466.055000,3609.070000,466.555000,8.140000,0.500000,3605.000000,466.305000
rect,MET4,pin,3446.070000,466.055000,3454.810000,466.555000,8.740000,0.500000,3450.440000,466.305000
rect,MET4,pin,3600.930000,466.055000,3609.070000,466.555000,8.140000,0.500000,3605.000000,466.305000
rect,MET5,pin,3446.070000,382.555000,3454.810000,383.055000,8.740000,0.500000,3450.440000,382.805000
rect,MET5,pin,3600.930000,382.555000,3609.070000,383.055000,8.140000,0.500000,3605.000000,382.805000
rect,MET4,pin,3446.070000,382.555000,3454.810000,383.055000,8.740000,0.500000,3450.440000,382.805000
rect,MET4,pin,3600.930000,382.555000,3609.070000,383.055000,8.140000,0.500000,3605.000000,382.805000
rect,METTPL,pin,3446.070000,466.055000,3454.310000,466.555000,8.240000,0.500000,3450.190000,466.305000
rect,METTPL,pin,3446.070000,372.055000,3454.310000,372.555000,8.240000,0.500000,3450.190000,372.305000
rect,METTPL,pin,3446.070000,288.555000,3454.310000,289.055000,8.240000,0.500000,3450.190000,288.805000
rect,METTPL,pin,3601.670000,372.055000,3609.070000,372.555000,7.400000,0.500000,3605.370000,372.305000
rect,METTPL,pin,3601.670000,288.555000,3609.070000,289.055000,7.400000,0.500000,3605.370000,288.805000
rect,MET5,pin,3446.070000,372.055000,3454.810000,372.555000,8.740000,0.500000,3450.440000,372.305000
rect,MET5,pin,3600.930000,372.055000,3609.070000,372.555000,8.140000,0.500000,3605.000000,372.305000
rect,MET4,pin,3446.070000,372.055000,3454.810000,372.555000,8.740000,0.500000,3450.440000,372.305000
rect,MET4,pin,3600.930000,372.055000,3609.070000,372.555000,8.140000,0.500000,3605.000000,372.305000
rect,MET5,pin,3446.070000,288.555000,3454.810000,289.055000,8.740000,0.500000,3450.440000,288.805000
rect,MET5,pin,3600.930000,288.555000,3609.070000,289.055000,8.140000,0.500000,3605.000000,288.805000
rect,MET4,pin,3446.070000,288.555000,3454.810000,289.055000,8.740000,0.500000,3450.440000,288.805000
rect,MET4,pin,3600.930000,288.555000,3609.070000,289.055000,8.140000,0.500000,3605.000000,288.805000
rect,METTPL,pin,3446.070000,372.055000,3454.310000,372.555000,8.240000,0.500000,3450.190000,372.305000
rect,METTPL,pin,3446.070000,278.055000,3454.310000,278.555000,8.240000,0.500000,3450.190000,278.305000
rect,METTPL,pin,3446.070000,194.555000,3454.310000,195.055000,8.240000,0.500000,3450.190000,194.805000
rect,METTPL,pin,3601.670000,278.055000,3609.070000,278.555000,7.400000,0.500000,3605.370000,278.305000
rect,METTPL,pin,3601.670000,194.555000,3609.070000,195.055000,7.400000,0.500000,3605.370000,194.805000
rect,MET5,pin,3446.070000,278.055000,3454.810000,278.555000,8.740000,0.500000,3450.440000,278.305000
rect,MET5,pin,3600.930000,278.055000,3609.070000,278.555000,8.140000,0.500000,3605.000000,278.305000
rect,MET4,pin,3446.070000,278.055000,3454.810000,278.555000,8.740000,0.500000,3450.440000,278.305000
rect,MET4,pin,3600.930000,278.055000,3609.070000,278.555000,8.140000,0.500000,3605.000000,278.305000
rect,MET5,pin,3446.070000,194.555000,3454.810000,195.055000,8.740000,0.500000,3450.440000,194.805000
rect,MET5,pin,3600.930000,194.555000,3609.070000,195.055000,8.140000,0.500000,3605.000000,194.805000
rect,MET4,pin,3446.070000,194.555000,3454.810000,195.055000,8.740000,0.500000,3450.440000,194.805000
rect,MET4,pin,3600.930000,194.555000,3609.070000,195.055000,8.140000,0.500000,3605.000000,194.805000
rect,METTPL,pin,3446.070000,278.055000,3454.310000,278.555000,8.240000,0.500000,3450.190000,278.305000
rect,METTPL,pin,3432.970000,168.315000,3433.470000,176.555000,0.500000,8.240000,3433.220000,172.435000
rect,METTPL,pin,3349.470000,168.315000,3349.970000,176.555000,0.500000,8.240000,3349.720000,172.435000
rect,METTPL,pin,3432.970000,13.555000,3433.470000,20.955000,0.500000,7.400000,3433.220000,17.255000
rect,METTPL,pin,3349.470000,13.555000,3349.970000,20.955000,0.500000,7.400000,3349.720000,17.255000
rect,MET5,pin,3432.970000,167.815000,3433.470000,176.555000,0.500000,8.740000,3433.220000,172.185000
rect,MET5,pin,3432.970000,13.555000,3433.470000,21.695000,0.500000,8.140000,3433.220000,17.625000
rect,MET4,pin,3432.970000,167.815000,3433.470000,176.555000,0.500000,8.740000,3433.220000,172.185000
rect,MET4,pin,3432.970000,13.555000,3433.470000,21.695000,0.500000,8.140000,3433.220000,17.625000
rect,MET5,pin,3349.470000,167.815000,3349.970000,176.555000,0.500000,8.740000,3349.720000,172.185000
rect,MET5,pin,3349.470000,13.555000,3349.970000,21.695000,0.500000,8.140000,3349.720000,17.625000
rect,MET4,pin,3349.470000,167.815000,3349.970000,176.555000,0.500000,8.740000,3349.720000,172.185000
rect,MET4,pin,3349.470000,13.555000,3349.970000,21.695000,0.500000,8.140000,3349.720000,17.625000
rect,METTPL,pin,3432.970000,168.315000,3433.470000,176.555000,0.500000,8.240000,3433.220000,172.435000
rect,METTPL,pin,3338.970000,168.315000,3339.470000,176.555000,0.500000,8.240000,3339.220000,172.435000
rect,METTPL,pin,3255.470000,168.315000,3255.970000,176.555000,0.500000,8.240000,3255.720000,172.435000
rect,METTPL,pin,3338.970000,13.555000,3339.470000,20.955000,0.500000,7.400000,3339.220000,17.255000
rect,METTPL,pin,3255.470000,13.555000,3255.970000,20.955000,0.500000,7.400000,3255.720000,17.255000
rect,MET5,pin,3338.970000,167.815000,3339.470000,176.555000,0.500000,8.740000,3339.220000,172.185000
rect,MET5,pin,3338.970000,13.555000,3339.470000,21.695000,0.500000,8.140000,3339.220000,17.625000
rect,MET4,pin,3338.970000,167.815000,3339.470000,176.555000,0.500000,8.740000,3339.220000,172.185000
rect,MET4,pin,3338.970000,13.555000,3339.470000,21.695000,0.500000,8.140000,3339.220000,17.625000
rect,MET5,pin,3255.470000,167.815000,3255.970000,176.555000,0.500000,8.740000,3255.720000,172.185000
rect,MET5,pin,3255.470000,13.555000,3255.970000,21.695000,0.500000,8.140000,3255.720000,17.625000
rect,MET4,pin,3255.470000,167.815000,3255.970000,176.555000,0.500000,8.740000,3255.720000,172.185000
rect,MET4,pin,3255.470000,13.555000,3255.970000,21.695000,0.500000,8.140000,3255.720000,17.625000
rect,METTPL,pin,3338.970000,168.315000,3339.470000,176.555000,0.500000,8.240000,3339.220000,172.435000
rect,METTPL,pin,3244.970000,168.315000,3245.470000,176.555000,0.500000,8.240000,3245.220000,172.435000
rect,METTPL,pin,3161.470000,168.315000,3161.970000,176.555000,0.500000,8.240000,3161.720000,172.435000
rect,METTPL,pin,3244.970000,13.555000,3245.470000,20.955000,0.500000,7.400000,3245.220000,17.255000
rect,METTPL,pin,3161.470000,13.555000,3161.970000,20.955000,0.500000,7.400000,3161.720000,17.255000
rect,MET5,pin,3244.970000,167.815000,3245.470000,176.555000,0.500000,8.740000,3245.220000,172.185000
rect,MET5,pin,3244.970000,13.555000,3245.470000,21.695000,0.500000,8.140000,3245.220000,17.625000
rect,MET4,pin,3244.970000,167.815000,3245.470000,176.555000,0.500000,8.740000,3245.220000,172.185000
rect,MET4,pin,3244.970000,13.555000,3245.470000,21.695000,0.500000,8.140000,3245.220000,17.625000
rect,MET5,pin,3161.470000,167.815000,3161.970000,176.555000,0.500000,8.740000,3161.720000,172.185000
rect,MET5,pin,3161.470000,13.555000,3161.970000,21.695000,0.500000,8.140000,3161.720000,17.625000
rect,MET4,pin,3161.470000,167.815000,3161.970000,176.555000,0.500000,8.740000,3161.720000,172.185000
rect,MET4,pin,3161.470000,13.555000,3161.970000,21.695000,0.500000,8.140000,3161.720000,17.625000
rect,METTPL,pin,3244.970000,168.315000,3245.470000,176.555000,0.500000,8.240000,3245.220000,172.435000
rect,METTPL,pin,3150.970000,168.315000,3151.470000,176.555000,0.500000,8.240000,3151.220000,172.435000
rect,METTPL,pin,3067.470000,168.315000,3067.970000,176.555000,0.500000,8.240000,3067.720000,172.435000
rect,METTPL,pin,3150.970000,13.555000,3151.470000,20.955000,0.500000,7.400000,3151.220000,17.255000
rect,METTPL,pin,3067.470000,13.555000,3067.970000,20.955000,0.500000,7.400000,3067.720000,17.255000
rect,MET5,pin,3150.970000,167.815000,3151.470000,176.555000,0.500000,8.740000,3151.220000,172.185000
rect,MET5,pin,3150.970000,13.555000,3151.470000,21.695000,0.500000,8.140000,3151.220000,17.625000
rect,MET4,pin,3150.970000,167.815000,3151.470000,176.555000,0.500000,8.740000,3151.220000,172.185000
rect,MET4,pin,3150.970000,13.555000,3151.470000,21.695000,0.500000,8.140000,3151.220000,17.625000
rect,MET5,pin,3067.470000,167.815000,3067.970000,176.555000,0.500000,8.740000,3067.720000,172.185000
rect,MET5,pin,3067.470000,13.555000,3067.970000,21.695000,0.500000,8.140000,3067.720000,17.625000
rect,MET4,pin,3067.470000,167.815000,3067.970000,176.555000,0.500000,8.740000,3067.720000,172.185000
rect,MET4,pin,3067.470000,13.555000,3067.970000,21.695000,0.500000,8.140000,3067.720000,17.625000
rect,METTPL,pin,3150.970000,168.315000,3151.470000,176.555000,0.500000,8.240000,3151.220000,172.435000
rect,METTPL,pin,3056.970000,168.315000,3057.470000,176.555000,0.500000,8.240000,3057.220000,172.435000
rect,METTPL,pin,2973.470000,168.315000,2973.970000,176.555000,0.500000,8.240000,2973.720000,172.435000
rect,METTPL,pin,3056.970000,13.555000,3057.470000,20.955000,0.500000,7.400000,3057.220000,17.255000
rect,METTPL,pin,2973.470000,13.555000,2973.970000,20.955000,0.500000,7.400000,2973.720000,17.255000
rect,MET5,pin,3056.970000,167.815000,3057.470000,176.555000,0.500000,8.740000,3057.220000,172.185000
rect,MET5,pin,3056.970000,13.555000,3057.470000,21.695000,0.500000,8.140000,3057.220000,17.625000
rect,MET4,pin,3056.970000,167.815000,3057.470000,176.555000,0.500000,8.740000,3057.220000,172.185000
rect,MET4,pin,3056.970000,13.555000,3057.470000,21.695000,0.500000,8.140000,3057.220000,17.625000
rect,MET5,pin,2973.470000,167.815000,2973.970000,176.555000,0.500000,8.740000,2973.720000,172.185000
rect,MET5,pin,2973.470000,13.555000,2973.970000,21.695000,0.500000,8.140000,2973.720000,17.625000
rect,MET4,pin,2973.470000,167.815000,2973.970000,176.555000,0.500000,8.740000,2973.720000,172.185000
rect,MET4,pin,2973.470000,13.555000,2973.970000,21.695000,0.500000,8.140000,2973.720000,17.625000
rect,METTPL,pin,3056.970000,168.315000,3057.470000,176.555000,0.500000,8.240000,3057.220000,172.435000
rect,METTPL,pin,2962.970000,168.315000,2963.470000,176.555000,0.500000,8.240000,2963.220000,172.435000
rect,METTPL,pin,2879.470000,168.315000,2879.970000,176.555000,0.500000,8.240000,2879.720000,172.435000
rect,METTPL,pin,2962.970000,13.555000,2963.470000,20.955000,0.500000,7.400000,2963.220000,17.255000
rect,METTPL,pin,2879.470000,13.555000,2879.970000,20.955000,0.500000,7.400000,2879.720000,17.255000
rect,MET5,pin,2962.970000,167.815000,2963.470000,176.555000,0.500000,8.740000,2963.220000,172.185000
rect,MET5,pin,2962.970000,13.555000,2963.470000,21.695000,0.500000,8.140000,2963.220000,17.625000
rect,MET4,pin,2962.970000,167.815000,2963.470000,176.555000,0.500000,8.740000,2963.220000,172.185000
rect,MET4,pin,2962.970000,13.555000,2963.470000,21.695000,0.500000,8.140000,2963.220000,17.625000
rect,MET5,pin,2879.470000,167.815000,2879.970000,176.555000,0.500000,8.740000,2879.720000,172.185000
rect,MET5,pin,2879.470000,13.555000,2879.970000,21.695000,0.500000,8.140000,2879.720000,17.625000
rect,MET4,pin,2879.470000,167.815000,2879.970000,176.555000,0.500000,8.740000,2879.720000,172.185000
rect,MET4,pin,2879.470000,13.555000,2879.970000,21.695000,0.500000,8.140000,2879.720000,17.625000
rect,METTPL,pin,2962.970000,168.315000,2963.470000,176.555000,0.500000,8.240000,2963.220000,172.435000
rect,METTPL,pin,2868.970000,168.315000,2869.470000,176.555000,0.500000,8.240000,2869.220000,172.435000
rect,METTPL,pin,2785.470000,168.315000,2785.970000,176.555000,0.500000,8.240000,2785.720000,172.435000
rect,METTPL,pin,2868.970000,13.555000,2869.470000,20.955000,0.500000,7.400000,2869.220000,17.255000
rect,METTPL,pin,2785.470000,13.555000,2785.970000,20.955000,0.500000,7.400000,2785.720000,17.255000
rect,MET5,pin,2868.970000,167.815000,2869.470000,176.555000,0.500000,8.740000,2869.220000,172.185000
rect,MET5,pin,2868.970000,13.555000,2869.470000,21.695000,0.500000,8.140000,2869.220000,17.625000
rect,MET4,pin,2868.970000,167.815000,2869.470000,176.555000,0.500000,8.740000,2869.220000,172.185000
rect,MET4,pin,2868.970000,13.555000,2869.470000,21.695000,0.500000,8.140000,2869.220000,17.625000
rect,MET5,pin,2785.470000,167.815000,2785.970000,176.555000,0.500000,8.740000,2785.720000,172.185000
rect,MET5,pin,2785.470000,13.555000,2785.970000,21.695000,0.500000,8.140000,2785.720000,17.625000
rect,MET4,pin,2785.470000,167.815000,2785.970000,176.555000,0.500000,8.740000,2785.720000,172.185000
rect,MET4,pin,2785.470000,13.555000,2785.970000,21.695000,0.500000,8.140000,2785.720000,17.625000
rect,METTPL,pin,2868.970000,168.315000,2869.470000,176.555000,0.500000,8.240000,2869.220000,172.435000
rect,METTPL,pin,2774.970000,168.315000,2775.470000,176.555000,0.500000,8.240000,2775.220000,172.435000
rect,METTPL,pin,2691.470000,168.315000,2691.970000,176.555000,0.500000,8.240000,2691.720000,172.435000
rect,METTPL,pin,2774.970000,13.555000,2775.470000,20.955000,0.500000,7.400000,2775.220000,17.255000
rect,METTPL,pin,2691.470000,13.555000,2691.970000,20.955000,0.500000,7.400000,2691.720000,17.255000
rect,MET5,pin,2774.970000,167.815000,2775.470000,176.555000,0.500000,8.740000,2775.220000,172.185000
rect,MET5,pin,2774.970000,13.555000,2775.470000,21.695000,0.500000,8.140000,2775.220000,17.625000
rect,MET4,pin,2774.970000,167.815000,2775.470000,176.555000,0.500000,8.740000,2775.220000,172.185000
rect,MET4,pin,2774.970000,13.555000,2775.470000,21.695000,0.500000,8.140000,2775.220000,17.625000
rect,MET5,pin,2691.470000,167.815000,2691.970000,176.555000,0.500000,8.740000,2691.720000,172.185000
rect,MET5,pin,2691.470000,13.555000,2691.970000,21.695000,0.500000,8.140000,2691.720000,17.625000
rect,MET4,pin,2691.470000,167.815000,2691.970000,176.555000,0.500000,8.740000,2691.720000,172.185000
rect,MET4,pin,2691.470000,13.555000,2691.970000,21.695000,0.500000,8.140000,2691.720000,17.625000
rect,METTPL,pin,2774.970000,168.315000,2775.470000,176.555000,0.500000,8.240000,2775.220000,172.435000
rect,METTPL,pin,-146.870000,272.655000,-138.630000,273.155000,8.240000,0.500000,-142.750000,272.905000
rect,METTPL,pin,-146.870000,366.655000,-138.630000,367.155000,8.240000,0.500000,-142.750000,366.905000
rect,METTPL,pin,-146.870000,460.655000,-138.630000,461.155000,8.240000,0.500000,-142.750000,460.905000
rect,METTPL,pin,-146.870000,554.655000,-138.630000,555.155000,8.240000,0.500000,-142.750000,554.905000
rect,METTPL,pin,-146.870000,648.655000,-138.630000,649.155000,8.240000,0.500000,-142.750000,648.905000
rect,METTPL,pin,-146.870000,742.655000,-138.630000,743.155000,8.240000,0.500000,-142.750000,742.905000
rect,METTPL,pin,-146.870000,836.655000,-138.630000,837.155000,8.240000,0.500000,-142.750000,836.905000
rect,METTPL,pin,-146.870000,930.655000,-138.630000,931.155000,8.240000,0.500000,-142.750000,930.905000
rect,METTPL,pin,-146.870000,1024.655000,-138.630000,1025.155000,8.240000,0.500000,-142.750000,1024.905000
rect,METTPL,pin,-146.870000,1118.655000,-138.630000,1119.155000,8.240000,0.500000,-142.750000,1118.905000
rect,METTPL,pin,-146.870000,1212.655000,-138.630000,1213.155000,8.240000,0.500000,-142.750000,1212.905000
rect,METTPL,pin,-146.870000,1306.655000,-138.630000,1307.155000,8.240000,0.500000,-142.750000,1306.905000
rect,METTPL,pin,-146.870000,1400.655000,-138.630000,1401.155000,8.240000,0.500000,-142.750000,1400.905000
rect,METTPL,pin,-146.870000,1494.655000,-138.630000,1495.155000,8.240000,0.500000,-142.750000,1494.905000
rect,METTPL,pin,-146.870000,1588.655000,-138.630000,1589.155000,8.240000,0.500000,-142.750000,1588.905000
rect,METTPL,pin,-146.870000,1682.655000,-138.630000,1683.155000,8.240000,0.500000,-142.750000,1682.905000
rect,METTPL,pin,-146.870000,1776.655000,-138.630000,1777.155000,8.240000,0.500000,-142.750000,1776.905000
rect,METTPL,pin,-146.870000,1870.655000,-138.630000,1871.155000,8.240000,0.500000,-142.750000,1870.905000
rect,METTPL,pin,-146.870000,1964.655000,-138.630000,1965.155000,8.240000,0.500000,-142.750000,1964.905000
rect,METTPL,pin,-146.870000,2058.655000,-138.630000,2059.155000,8.240000,0.500000,-142.750000,2058.905000
rect,METTPL,pin,-146.870000,2152.655000,-138.630000,2153.155000,8.240000,0.500000,-142.750000,2152.905000
rect,METTPL,pin,-146.870000,2246.655000,-138.630000,2247.155000,8.240000,0.500000,-142.750000,2246.905000
rect,METTPL,pin,-146.870000,2340.655000,-138.630000,2341.155000,8.240000,0.500000,-142.750000,2340.905000
rect,METTPL,pin,-146.870000,2434.655000,-138.630000,2435.155000,8.240000,0.500000,-142.750000,2434.905000
rect,METTPL,pin,-146.870000,2528.655000,-138.630000,2529.155000,8.240000,0.500000,-142.750000,2528.905000
rect,METTPL,pin,137.570000,2547.155000,138.070000,2555.395000,0.500000,8.240000,137.820000,2551.275000
rect,METTPL,pin,231.570000,2547.155000,232.070000,2555.395000,0.500000,8.240000,231.820000,2551.275000
rect,METTPL,pin,325.570000,2547.155000,326.070000,2555.395000,0.500000,8.240000,325.820000,2551.275000
rect,METTPL,pin,419.570000,2547.155000,420.070000,2555.395000,0.500000,8.240000,419.820000,2551.275000
rect,METTPL,pin,3446.070000,2450.555000,3454.310000,2451.055000,8.240000,0.500000,3450.190000,2450.805000
rect,METTPL,pin,3446.070000,2356.555000,3454.310000,2357.055000,8.240000,0.500000,3450.190000,2356.805000
rect,METTPL,pin,3446.070000,2262.555000,3454.310000,2263.055000,8.240000,0.500000,3450.190000,2262.805000
rect,METTPL,pin,3446.070000,2168.555000,3454.310000,2169.055000,8.240000,0.500000,3450.190000,2168.805000
rect,METTPL,pin,3446.070000,2074.555000,3454.310000,2075.055000,8.240000,0.500000,3450.190000,2074.805000
rect,METTPL,pin,3446.070000,1980.555000,3454.310000,1981.055000,8.240000,0.500000,3450.190000,1980.805000
rect,METTPL,pin,3446.070000,1886.555000,3454.310000,1887.055000,8.240000,0.500000,3450.190000,1886.805000
rect,METTPL,pin,3446.070000,1792.555000,3454.310000,1793.055000,8.240000,0.500000,3450.190000,1792.805000
rect,METTPL,pin,3446.070000,1698.555000,3454.310000,1699.055000,8.240000,0.500000,3450.190000,1698.805000
rect,METTPL,pin,3446.070000,1604.555000,3454.310000,1605.055000,8.240000,0.500000,3450.190000,1604.805000
rect,METTPL,pin,3446.070000,1510.555000,3454.310000,1511.055000,8.240000,0.500000,3450.190000,1510.805000
rect,METTPL,pin,3446.070000,1416.555000,3454.310000,1417.055000,8.240000,0.500000,3450.190000,1416.805000
rect,METTPL,pin,3446.070000,1322.555000,3454.310000,1323.055000,8.240000,0.500000,3450.190000,1322.805000
rect,METTPL,pin,3446.070000,1228.555000,3454.310000,1229.055000,8.240000,0.500000,3450.190000,1228.805000
rect,METTPL,pin,3446.070000,1134.555000,3454.310000,1135.055000,8.240000,0.500000,3450.190000,1134.805000
rect,METTPL,pin,3446.070000,1040.555000,3454.310000,1041.055000,8.240000,0.500000,3450.190000,1040.805000
rect,METTPL,pin,3446.070000,946.555000,3454.310000,947.055000,8.240000,0.500000,3450.190000,946.805000
rect,METTPL,pin,3446.070000,852.555000,3454.310000,853.055000,8.240000,0.500000,3450.190000,852.805000
rect,METTPL,pin,3446.070000,758.555000,3454.310000,759.055000,8.240000,0.500000,3450.190000,758.805000
rect,METTPL,pin,3446.070000,664.555000,3454.310000,665.055000,8.240000,0.500000,3450.190000,664.805000
rect,METTPL,pin,3446.070000,570.555000,3454.310000,571.055000,8.240000,0.500000,3450.190000,570.805000
rect,METTPL,pin,3446.070000,476.555000,3454.310000,477.055000,8.240000,0.500000,3450.190000,476.805000
rect,METTPL,pin,3446.070000,382.555000,3454.310000,383.055000,8.240000,0.500000,3450.190000,382.805000
rect,METTPL,pin,3446.070000,288.555000,3454.310000,289.055000,8.240000,0.500000,3450.190000,288.805000
rect,METTPL,pin,3446.070000,194.555000,3454.310000,195.055000,8.240000,0.500000,3450.190000,194.805000
rect,METTPL,pin,3349.470000,168.315000,3349.970000,176.555000,0.500000,8.240000,3349.720000,172.435000
rect,METTPL,pin,3255.470000,168.315000,3255.970000,176.555000,0.500000,8.240000,3255.720000,172.435000
rect,METTPL,pin,3161.470000,168.315000,3161.970000,176.555000,0.500000,8.240000,3161.720000,172.435000
rect,METTPL,pin,3067.470000,168.315000,3067.970000,176.555000,0.500000,8.240000,3067.720000,172.435000
rect,METTPL,pin,2973.470000,168.315000,2973.970000,176.555000,0.500000,8.240000,2973.720000,172.435000
rect,METTPL,pin,2879.470000,168.315000,2879.970000,176.555000,0.500000,8.240000,2879.720000,172.435000
rect,METTPL,pin,2785.470000,168.315000,2785.970000,176.555000,0.500000,8.240000,2785.720000,172.435000
rect,METTPL,pin,2691.470000,168.315000,2691.970000,176.555000,0.500000,8.240000,2691.720000,172.435000
rect,METTPL,pin,-301.630000,189.155000,-294.230000,189.655000,7.400000,0.500000,-297.930000,189.405000
rect,METTPL,pin,-301.630000,283.155000,-294.230000,283.655000,7.400000,0.500000,-297.930000,283.405000
rect,METTPL,pin,-301.630000,377.155000,-294.230000,377.655000,7.400000,0.500000,-297.930000,377.405000
rect,METTPL,pin,-301.630000,471.155000,-294.230000,471.655000,7.400000,0.500000,-297.930000,471.405000
rect,METTPL,pin,-301.630000,565.155000,-294.230000,565.655000,7.400000,0.500000,-297.930000,565.405000
rect,METTPL,pin,-301.630000,659.155000,-294.230000,659.655000,7.400000,0.500000,-297.930000,659.405000
rect,METTPL,pin,-301.630000,753.155000,-294.230000,753.655000,7.400000,0.500000,-297.930000,753.405000
rect,METTPL,pin,-301.630000,847.155000,-294.230000,847.655000,7.400000,0.500000,-297.930000,847.405000
rect,METTPL,pin,-301.630000,941.155000,-294.230000,941.655000,7.400000,0.500000,-297.930000,941.405000
rect,METTPL,pin,-301.630000,1035.155000,-294.230000,1035.655000,7.400000,0.500000,-297.930000,1035.405000
rect,METTPL,pin,-301.630000,1129.155000,-294.230000,1129.655000,7.400000,0.500000,-297.930000,1129.405000
rect,METTPL,pin,-301.630000,1223.155000,-294.230000,1223.655000,7.400000,0.500000,-297.930000,1223.405000
rect,METTPL,pin,-301.630000,1317.155000,-294.230000,1317.655000,7.400000,0.500000,-297.930000,1317.405000
rect,METTPL,pin,-301.630000,1411.155000,-294.230000,1411.655000,7.400000,0.500000,-297.930000,1411.405000
rect,METTPL,pin,-301.630000,1505.155000,-294.230000,1505.655000,7.400000,0.500000,-297.930000,1505.405000
rect,METTPL,pin,-301.630000,1599.155000,-294.230000,1599.655000,7.400000,0.500000,-297.930000,1599.405000
rect,METTPL,pin,-301.630000,1693.155000,-294.230000,1693.655000,7.400000,0.500000,-297.930000,1693.405000
rect,METTPL,pin,-301.630000,1787.155000,-294.230000,1787.655000,7.400000,0.500000,-297.930000,1787.405000
rect,METTPL,pin,-301.630000,1881.155000,-294.230000,1881.655000,7.400000,0.500000,-297.930000,1881.405000
rect,METTPL,pin,-301.630000,1975.155000,-294.230000,1975.655000,7.400000,0.500000,-297.930000,1975.405000
rect,METTPL,pin,-301.630000,2069.155000,-294.230000,2069.655000,7.400000,0.500000,-297.930000,2069.405000
rect,METTPL,pin,-301.630000,2163.155000,-294.230000,2163.655000,7.400000,0.500000,-297.930000,2163.405000
rect,METTPL,pin,-301.630000,2257.155000,-294.230000,2257.655000,7.400000,0.500000,-297.930000,2257.405000
rect,METTPL,pin,-301.630000,2351.155000,-294.230000,2351.655000,7.400000,0.500000,-297.930000,2351.405000
rect,METTPL,pin,-301.630000,2445.155000,-294.230000,2445.655000,7.400000,0.500000,-297.930000,2445.405000
rect,METTPL,pin,54.070000,2702.755000,54.570000,2710.155000,0.500000,7.400000,54.320000,2706.455000
rect,METTPL,pin,148.070000,2702.755000,148.570000,2710.155000,0.500000,7.400000,148.320000,2706.455000
rect,METTPL,pin,242.070000,2702.755000,242.570000,2710.155000,0.500000,7.400000,242.320000,2706.455000
rect,METTPL,pin,336.070000,2702.755000,336.570000,2710.155000,0.500000,7.400000,336.320000,2706.455000
rect,METTPL,pin,3601.670000,2534.055000,3609.070000,2534.555000,7.400000,0.500000,3605.370000,2534.305000
rect,METTPL,pin,3601.670000,2440.055000,3609.070000,2440.555000,7.400000,0.500000,3605.370000,2440.305000
rect,METTPL,pin,3601.670000,2346.055000,3609.070000,2346.555000,7.400000,0.500000,3605.370000,2346.305000
rect,METTPL,pin,3601.670000,2252.055000,3609.070000,2252.555000,7.400000,0.500000,3605.370000,2252.305000
rect,METTPL,pin,3601.670000,2158.055000,3609.070000,2158.555000,7.400000,0.500000,3605.370000,2158.305000
rect,METTPL,pin,3601.670000,2064.055000,3609.070000,2064.555000,7.400000,0.500000,3605.370000,2064.305000
rect,METTPL,pin,3601.670000,1970.055000,3609.070000,1970.555000,7.400000,0.500000,3605.370000,1970.305000
rect,METTPL,pin,3601.670000,1876.055000,3609.070000,1876.555000,7.400000,0.500000,3605.370000,1876.305000
rect,METTPL,pin,3601.670000,1782.055000,3609.070000,1782.555000,7.400000,0.500000,3605.370000,1782.305000
rect,METTPL,pin,3601.670000,1688.055000,3609.070000,1688.555000,7.400000,0.500000,3605.370000,1688.305000
rect,METTPL,pin,3601.670000,1594.055000,3609.070000,1594.555000,7.400000,0.500000,3605.370000,1594.305000
rect,METTPL,pin,3601.670000,1500.055000,3609.070000,1500.555000,7.400000,0.500000,3605.370000,1500.305000
rect,METTPL,pin,3601.670000,1406.055000,3609.070000,1406.555000,7.400000,0.500000,3605.370000,1406.305000
rect,METTPL,pin,3601.670000,1312.055000,3609.070000,1312.555000,7.400000,0.500000,3605.370000,1312.305000
rect,METTPL,pin,3601.670000,1218.055000,3609.070000,1218.555000,7.400000,0.500000,3605.370000,1218.305000
rect,METTPL,pin,3601.670000,1124.055000,3609.070000,1124.555000,7.400000,0.500000,3605.370000,1124.305000
rect,METTPL,pin,3601.670000,1030.055000,3609.070000,1030.555000,7.400000,0.500000,3605.370000,1030.305000
rect,METTPL,pin,3601.670000,936.055000,3609.070000,936.555000,7.400000,0.500000,3605.370000,936.305000
rect,METTPL,pin,3601.670000,842.055000,3609.070000,842.555000,7.400000,0.500000,3605.370000,842.305000
rect,METTPL,pin,3601.670000,748.055000,3609.070000,748.555000,7.400000,0.500000,3605.370000,748.305000
rect,METTPL,pin,3601.670000,654.055000,3609.070000,654.555000,7.400000,0.500000,3605.370000,654.305000
rect,METTPL,pin,3601.670000,560.055000,3609.070000,560.555000,7.400000,0.500000,3605.370000,560.305000
rect,METTPL,pin,3601.670000,466.055000,3609.070000,466.555000,7.400000,0.500000,3605.370000,466.305000
rect,METTPL,pin,3601.670000,372.055000,3609.070000,372.555000,7.400000,0.500000,3605.370000,372.305000
rect,METTPL,pin,3601.670000,278.055000,3609.070000,278.555000,7.400000,0.500000,3605.370000,278.305000
rect,METTPL,pin,3432.970000,13.555000,3433.470000,20.955000,0.500000,7.400000,3433.220000,17.255000
rect,METTPL,pin,3338.970000,13.555000,3339.470000,20.955000,0.500000,7.400000,3339.220000,17.255000
rect,METTPL,pin,3244.970000,13.555000,3245.470000,20.955000,0.500000,7.400000,3245.220000,17.255000
rect,METTPL,pin,3150.970000,13.555000,3151.470000,20.955000,0.500000,7.400000,3151.220000,17.255000
rect,METTPL,pin,3056.970000,13.555000,3057.470000,20.955000,0.500000,7.400000,3057.220000,17.255000
rect,METTPL,pin,2962.970000,13.555000,2963.470000,20.955000,0.500000,7.400000,2963.220000,17.255000
rect,METTPL,pin,2868.970000,13.555000,2869.470000,20.955000,0.500000,7.400000,2869.220000,17.255000
rect,METTPL,pin,2774.970000,13.555000,2775.470000,20.955000,0.500000,7.400000,2775.220000,17.255000
rect,METTPL,pin,-301.630000,272.655000,-294.230000,273.155000,7.400000,0.500000,-297.930000,272.905000
rect,METTPL,pin,-301.630000,366.655000,-294.230000,367.155000,7.400000,0.500000,-297.930000,366.905000
rect,METTPL,pin,-301.630000,460.655000,-294.230000,461.155000,7.400000,0.500000,-297.930000,460.905000
rect,METTPL,pin,-301.630000,554.655000,-294.230000,555.155000,7.400000,0.500000,-297.930000,554.905000
rect,METTPL,pin,-301.630000,648.655000,-294.230000,649.155000,7.400000,0.500000,-297.930000,648.905000
rect,METTPL,pin,-301.630000,742.655000,-294.230000,743.155000,7.400000,0.500000,-297.930000,742.905000
rect,METTPL,pin,-301.630000,836.655000,-294.230000,837.155000,7.400000,0.500000,-297.930000,836.905000
rect,METTPL,pin,-301.630000,930.655000,-294.230000,931.155000,7.400000,0.500000,-297.930000,930.905000
rect,METTPL,pin,-301.630000,1024.655000,-294.230000,1025.155000,7.400000,0.500000,-297.930000,1024.905000
rect,METTPL,pin,-301.630000,1118.655000,-294.230000,1119.155000,7.400000,0.500000,-297.930000,1118.905000
rect,METTPL,pin,-301.630000,1212.655000,-294.230000,1213.155000,7.400000,0.500000,-297.930000,1212.905000
rect,METTPL,pin,-301.630000,1306.655000,-294.230000,1307.155000,7.400000,0.500000,-297.930000,1306.905000
rect,METTPL,pin,-301.630000,1400.655000,-294.230000,1401.155000,7.400000,0.500000,-297.930000,1400.905000
rect,METTPL,pin,-301.630000,1494.655000,-294.230000,1495.155000,7.400000,0.500000,-297.930000,1494.905000
rect,METTPL,pin,-301.630000,1588.655000,-294.230000,1589.155000,7.400000,0.500000,-297.930000,1588.905000
rect,METTPL,pin,-301.630000,1682.655000,-294.230000,1683.155000,7.400000,0.500000,-297.930000,1682.905000
rect,METTPL,pin,-301.630000,1776.655000,-294.230000,1777.155000,7.400000,0.500000,-297.930000,1776.905000
rect,METTPL,pin,-301.630000,1870.655000,-294.230000,1871.155000,7.400000,0.500000,-297.930000,1870.905000
rect,METTPL,pin,-301.630000,1964.655000,-294.230000,1965.155000,7.400000,0.500000,-297.930000,1964.905000
rect,METTPL,pin,-301.630000,2058.655000,-294.230000,2059.155000,7.400000,0.500000,-297.930000,2058.905000
rect,METTPL,pin,-301.630000,2152.655000,-294.230000,2153.155000,7.400000,0.500000,-297.930000,2152.905000
rect,METTPL,pin,-301.630000,2246.655000,-294.230000,2247.155000,7.400000,0.500000,-297.930000,2246.905000
rect,METTPL,pin,-301.630000,2340.655000,-294.230000,2341.155000,7.400000,0.500000,-297.930000,2340.905000
rect,METTPL,pin,-301.630000,2434.655000,-294.230000,2435.155000,7.400000,0.500000,-297.930000,2434.905000
rect,METTPL,pin,-301.630000,2528.655000,-294.230000,2529.155000,7.400000,0.500000,-297.930000,2528.905000
rect,METTPL,pin,137.570000,2702.755000,138.070000,2710.155000,0.500000,7.400000,137.820000,2706.455000
rect,METTPL,pin,231.570000,2702.755000,232.070000,2710.155000,0.500000,7.400000,231.820000,2706.455000
rect,METTPL,pin,325.570000,2702.755000,326.070000,2710.155000,0.500000,7.400000,325.820000,2706.455000
rect,METTPL,pin,419.570000,2702.755000,420.070000,2710.155000,0.500000,7.400000,419.820000,2706.455000
rect,METTPL,pin,3601.670000,2450.555000,3609.070000,2451.055000,7.400000,0.500000,3605.370000,2450.805000
rect,METTPL,pin,3601.670000,2356.555000,3609.070000,2357.055000,7.400000,0.500000,3605.370000,2356.805000
rect,METTPL,pin,3601.670000,2262.555000,3609.070000,2263.055000,7.400000,0.500000,3605.370000,2262.805000
rect,METTPL,pin,3601.670000,2168.555000,3609.070000,2169.055000,7.400000,0.500000,3605.370000,2168.805000
rect,METTPL,pin,3601.670000,2074.555000,3609.070000,2075.055000,7.400000,0.500000,3605.370000,2074.805000
rect,METTPL,pin,3601.670000,1980.555000,3609.070000,1981.055000,7.400000,0.500000,3605.370000,1980.805000
rect,METTPL,pin,3601.670000,1886.555000,3609.070000,1887.055000,7.400000,0.500000,3605.370000,1886.805000
rect,METTPL,pin,3601.670000,1792.555000,3609.070000,1793.055000,7.400000,0.500000,3605.370000,1792.805000
rect,METTPL,pin,3601.670000,1698.555000,3609.070000,1699.055000,7.400000,0.500000,3605.370000,1698.805000
rect,METTPL,pin,3601.670000,1604.555000,3609.070000,1605.055000,7.400000,0.500000,3605.370000,1604.805000
rect,METTPL,pin,3601.670000,1510.555000,3609.070000,1511.055000,7.400000,0.500000,3605.370000,1510.805000
rect,METTPL,pin,3601.670000,1416.555000,3609.070000,1417.055000,7.400000,0.500000,3605.370000,1416.805000
rect,METTPL,pin,3601.670000,1322.555000,3609.070000,1323.055000,7.400000,0.500000,3605.370000,1322.805000
rect,METTPL,pin,3601.670000,1228.555000,3609.070000,1229.055000,7.400000,0.500000,3605.370000,1228.805000
rect,METTPL,pin,3601.670000,1134.555000,3609.070000,1135.055000,7.400000,0.500000,3605.370000,1134.805000
rect,METTPL,pin,3601.670000,1040.555000,3609.070000,1041.055000,7.400000,0.500000,3605.370000,1040.805000
rect,METTPL,pin,3601.670000,946.555000,3609.070000,947.055000,7.400000,0.500000,3605.370000,946.805000
rect,METTPL,pin,3601.670000,852.555000,3609.070000,853.055000,7.400000,0.500000,3605.370000,852.805000
rect,METTPL,pin,3601.670000,758.555000,3609.070000,759.055000,7.400000,0.500000,3605.370000,758.805000
rect,METTPL,pin,3601.670000,664.555000,3609.070000,665.055000,7.400000,0.500000,3605.370000,664.805000
rect,METTPL,pin,3601.670000,570.555000,3609.070000,571.055000,7.400000,0.500000,3605.370000,570.805000
rect,METTPL,pin,3601.670000,476.555000,3609.070000,477.055000,7.400000,0.500000,3605.370000,476.805000
rect,METTPL,pin,3601.670000,382.555000,3609.070000,383.055000,7.400000,0.500000,3605.370000,382.805000
rect,METTPL,pin,3601.670000,288.555000,3609.070000,289.055000,7.400000,0.500000,3605.370000,288.805000
rect,METTPL,pin,3601.670000,194.555000,3609.070000,195.055000,7.400000,0.500000,3605.370000,194.805000
rect,METTPL,pin,3349.470000,13.555000,3349.970000,20.955000,0.500000,7.400000,3349.720000,17.255000
rect,METTPL,pin,3255.470000,13.555000,3255.970000,20.955000,0.500000,7.400000,3255.720000,17.255000
rect,METTPL,pin,3161.470000,13.555000,3161.970000,20.955000,0.500000,7.400000,3161.720000,17.255000
rect,METTPL,pin,3067.470000,13.555000,3067.970000,20.955000,0.500000,7.400000,3067.720000,17.255000
rect,METTPL,pin,2973.470000,13.555000,2973.970000,20.955000,0.500000,7.400000,2973.720000,17.255000
rect,METTPL,pin,2879.470000,13.555000,2879.970000,20.955000,0.500000,7.400000,2879.720000,17.255000
rect,METTPL,pin,2785.470000,13.555000,2785.970000,20.955000,0.500000,7.400000,2785.720000,17.255000
rect,METTPL,pin,2691.470000,13.555000,2691.970000,20.955000,0.500000,7.400000,2691.720000,17.255000
rect,MET5,pin,-147.370000,189.155000,-138.630000,189.655000,8.740000,0.500000,-143.000000,189.405000
rect,MET5,pin,-147.370000,283.155000,-138.630000,283.655000,8.740000,0.500000,-143.000000,283.405000
rect,MET5,pin,-147.370000,377.155000,-138.630000,377.655000,8.740000,0.500000,-143.000000,377.405000
rect,MET5,pin,-147.370000,471.155000,-138.630000,471.655000,8.740000,0.500000,-143.000000,471.405000
rect,MET5,pin,-147.370000,565.155000,-138.630000,565.655000,8.740000,0.500000,-143.000000,565.405000
rect,MET5,pin,-147.370000,659.155000,-138.630000,659.655000,8.740000,0.500000,-143.000000,659.405000
rect,MET5,pin,-147.370000,753.155000,-138.630000,753.655000,8.740000,0.500000,-143.000000,753.405000
rect,MET5,pin,-147.370000,847.155000,-138.630000,847.655000,8.740000,0.500000,-143.000000,847.405000
rect,MET5,pin,-147.370000,941.155000,-138.630000,941.655000,8.740000,0.500000,-143.000000,941.405000
rect,MET5,pin,-147.370000,1035.155000,-138.630000,1035.655000,8.740000,0.500000,-143.000000,1035.405000
rect,MET5,pin,-147.370000,1129.155000,-138.630000,1129.655000,8.740000,0.500000,-143.000000,1129.405000
rect,MET5,pin,-147.370000,1223.155000,-138.630000,1223.655000,8.740000,0.500000,-143.000000,1223.405000
rect,MET5,pin,-147.370000,1317.155000,-138.630000,1317.655000,8.740000,0.500000,-143.000000,1317.405000
rect,MET5,pin,-147.370000,1411.155000,-138.630000,1411.655000,8.740000,0.500000,-143.000000,1411.405000
rect,MET5,pin,-147.370000,1505.155000,-138.630000,1505.655000,8.740000,0.500000,-143.000000,1505.405000
rect,MET5,pin,-147.370000,1599.155000,-138.630000,1599.655000,8.740000,0.500000,-143.000000,1599.405000
rect,MET5,pin,-147.370000,1693.155000,-138.630000,1693.655000,8.740000,0.500000,-143.000000,1693.405000
rect,MET5,pin,-147.370000,1787.155000,-138.630000,1787.655000,8.740000,0.500000,-143.000000,1787.405000
rect,MET5,pin,-147.370000,1881.155000,-138.630000,1881.655000,8.740000,0.500000,-143.000000,1881.405000
rect,MET5,pin,-147.370000,1975.155000,-138.630000,1975.655000,8.740000,0.500000,-143.000000,1975.405000
rect,MET5,pin,-147.370000,2069.155000,-138.630000,2069.655000,8.740000,0.500000,-143.000000,2069.405000
rect,MET5,pin,-147.370000,2163.155000,-138.630000,2163.655000,8.740000,0.500000,-143.000000,2163.405000
rect,MET5,pin,-147.370000,2257.155000,-138.630000,2257.655000,8.740000,0.500000,-143.000000,2257.405000
rect,MET5,pin,-147.370000,2351.155000,-138.630000,2351.655000,8.740000,0.500000,-143.000000,2351.405000
rect,MET5,pin,-147.370000,2445.155000,-138.630000,2445.655000,8.740000,0.500000,-143.000000,2445.405000
rect,MET5,pin,54.070000,2547.155000,54.570000,2555.895000,0.500000,8.740000,54.320000,2551.525000
rect,MET5,pin,148.070000,2547.155000,148.570000,2555.895000,0.500000,8.740000,148.320000,2551.525000
rect,MET5,pin,242.070000,2547.155000,242.570000,2555.895000,0.500000,8.740000,242.320000,2551.525000
rect,MET5,pin,336.070000,2547.155000,336.570000,2555.895000,0.500000,8.740000,336.320000,2551.525000
rect,MET5,pin,3446.070000,2534.055000,3454.810000,2534.555000,8.740000,0.500000,3450.440000,2534.305000
rect,MET5,pin,3446.070000,2440.055000,3454.810000,2440.555000,8.740000,0.500000,3450.440000,2440.305000
rect,MET5,pin,3446.070000,2346.055000,3454.810000,2346.555000,8.740000,0.500000,3450.440000,2346.305000
rect,MET5,pin,3446.070000,2252.055000,3454.810000,2252.555000,8.740000,0.500000,3450.440000,2252.305000
rect,MET5,pin,3446.070000,2158.055000,3454.810000,2158.555000,8.740000,0.500000,3450.440000,2158.305000
rect,MET5,pin,3446.070000,2064.055000,3454.810000,2064.555000,8.740000,0.500000,3450.440000,2064.305000
rect,MET5,pin,3446.070000,1970.055000,3454.810000,1970.555000,8.740000,0.500000,3450.440000,1970.305000
rect,MET5,pin,3446.070000,1876.055000,3454.810000,1876.555000,8.740000,0.500000,3450.440000,1876.305000
rect,MET5,pin,3446.070000,1782.055000,3454.810000,1782.555000,8.740000,0.500000,3450.440000,1782.305000
rect,MET5,pin,3446.070000,1688.055000,3454.810000,1688.555000,8.740000,0.500000,3450.440000,1688.305000
rect,MET5,pin,3446.070000,1594.055000,3454.810000,1594.555000,8.740000,0.500000,3450.440000,1594.305000
rect,MET5,pin,3446.070000,1500.055000,3454.810000,1500.555000,8.740000,0.500000,3450.440000,1500.305000
rect,MET5,pin,3446.070000,1406.055000,3454.810000,1406.555000,8.740000,0.500000,3450.440000,1406.305000
rect,MET5,pin,3446.070000,1312.055000,3454.810000,1312.555000,8.740000,0.500000,3450.440000,1312.305000
rect,MET5,pin,3446.070000,1218.055000,3454.810000,1218.555000,8.740000,0.500000,3450.440000,1218.305000
rect,MET5,pin,3446.070000,1124.055000,3454.810000,1124.555000,8.740000,0.500000,3450.440000,1124.305000
rect,MET5,pin,3446.070000,1030.055000,3454.810000,1030.555000,8.740000,0.500000,3450.440000,1030.305000
rect,MET5,pin,3446.070000,936.055000,3454.810000,936.555000,8.740000,0.500000,3450.440000,936.305000
rect,MET5,pin,3446.070000,842.055000,3454.810000,842.555000,8.740000,0.500000,3450.440000,842.305000
rect,MET5,pin,3446.070000,748.055000,3454.810000,748.555000,8.740000,0.500000,3450.440000,748.305000
rect,MET5,pin,3446.070000,654.055000,3454.810000,654.555000,8.740000,0.500000,3450.440000,654.305000
rect,MET5,pin,3446.070000,560.055000,3454.810000,560.555000,8.740000,0.500000,3450.440000,560.305000
rect,MET5,pin,3446.070000,466.055000,3454.810000,466.555000,8.740000,0.500000,3450.440000,466.305000
rect,MET5,pin,3446.070000,372.055000,3454.810000,372.555000,8.740000,0.500000,3450.440000,372.305000
rect,MET5,pin,3446.070000,278.055000,3454.810000,278.555000,8.740000,0.500000,3450.440000,278.305000
rect,MET5,pin,3432.970000,167.815000,3433.470000,176.555000,0.500000,8.740000,3433.220000,172.185000
rect,MET5,pin,3338.970000,167.815000,3339.470000,176.555000,0.500000,8.740000,3339.220000,172.185000
rect,MET5,pin,3244.970000,167.815000,3245.470000,176.555000,0.500000,8.740000,3245.220000,172.185000
rect,MET5,pin,3150.970000,167.815000,3151.470000,176.555000,0.500000,8.740000,3151.220000,172.185000
rect,MET5,pin,3056.970000,167.815000,3057.470000,176.555000,0.500000,8.740000,3057.220000,172.185000
rect,MET5,pin,2962.970000,167.815000,2963.470000,176.555000,0.500000,8.740000,2963.220000,172.185000
rect,MET5,pin,2868.970000,167.815000,2869.470000,176.555000,0.500000,8.740000,2869.220000,172.185000
rect,MET5,pin,2774.970000,167.815000,2775.470000,176.555000,0.500000,8.740000,2775.220000,172.185000
rect,MET5,pin,-301.630000,189.155000,-293.490000,189.655000,8.140000,0.500000,-297.560000,189.405000
rect,MET5,pin,-301.630000,283.155000,-293.490000,283.655000,8.140000,0.500000,-297.560000,283.405000
rect,MET5,pin,-301.630000,377.155000,-293.490000,377.655000,8.140000,0.500000,-297.560000,377.405000
rect,MET5,pin,-301.630000,471.155000,-293.490000,471.655000,8.140000,0.500000,-297.560000,471.405000
rect,MET5,pin,-301.630000,565.155000,-293.490000,565.655000,8.140000,0.500000,-297.560000,565.405000
rect,MET5,pin,-301.630000,659.155000,-293.490000,659.655000,8.140000,0.500000,-297.560000,659.405000
rect,MET5,pin,-301.630000,753.155000,-293.490000,753.655000,8.140000,0.500000,-297.560000,753.405000
rect,MET5,pin,-301.630000,847.155000,-293.490000,847.655000,8.140000,0.500000,-297.560000,847.405000
rect,MET5,pin,-301.630000,941.155000,-293.490000,941.655000,8.140000,0.500000,-297.560000,941.405000
rect,MET5,pin,-301.630000,1035.155000,-293.490000,1035.655000,8.140000,0.500000,-297.560000,1035.405000
rect,MET5,pin,-301.630000,1129.155000,-293.490000,1129.655000,8.140000,0.500000,-297.560000,1129.405000
rect,MET5,pin,-301.630000,1223.155000,-293.490000,1223.655000,8.140000,0.500000,-297.560000,1223.405000
rect,MET5,pin,-301.630000,1317.155000,-293.490000,1317.655000,8.140000,0.500000,-297.560000,1317.405000
rect,MET5,pin,-301.630000,1411.155000,-293.490000,1411.655000,8.140000,0.500000,-297.560000,1411.405000
rect,MET5,pin,-301.630000,1505.155000,-293.490000,1505.655000,8.140000,0.500000,-297.560000,1505.405000
rect,MET5,pin,-301.630000,1599.155000,-293.490000,1599.655000,8.140000,0.500000,-297.560000,1599.405000
rect,MET5,pin,-301.630000,1693.155000,-293.490000,1693.655000,8.140000,0.500000,-297.560000,1693.405000
rect,MET5,pin,-301.630000,1787.155000,-293.490000,1787.655000,8.140000,0.500000,-297.560000,1787.405000
rect,MET5,pin,-301.630000,1881.155000,-293.490000,1881.655000,8.140000,0.500000,-297.560000,1881.405000
rect,MET5,pin,-301.630000,1975.155000,-293.490000,1975.655000,8.140000,0.500000,-297.560000,1975.405000
rect,MET5,pin,-301.630000,2069.155000,-293.490000,2069.655000,8.140000,0.500000,-297.560000,2069.405000
rect,MET5,pin,-301.630000,2163.155000,-293.490000,2163.655000,8.140000,0.500000,-297.560000,2163.405000
rect,MET5,pin,-301.630000,2257.155000,-293.490000,2257.655000,8.140000,0.500000,-297.560000,2257.405000
rect,MET5,pin,-301.630000,2351.155000,-293.490000,2351.655000,8.140000,0.500000,-297.560000,2351.405000
rect,MET5,pin,-301.630000,2445.155000,-293.490000,2445.655000,8.140000,0.500000,-297.560000,2445.405000
rect,MET5,pin,54.070000,2702.015000,54.570000,2710.155000,0.500000,8.140000,54.320000,2706.085000
rect,MET5,pin,148.070000,2702.015000,148.570000,2710.155000,0.500000,8.140000,148.320000,2706.085000
rect,MET5,pin,242.070000,2702.015000,242.570000,2710.155000,0.500000,8.140000,242.320000,2706.085000
rect,MET5,pin,336.070000,2702.015000,336.570000,2710.155000,0.500000,8.140000,336.320000,2706.085000
rect,MET5,pin,3600.930000,2534.055000,3609.070000,2534.555000,8.140000,0.500000,3605.000000,2534.305000
rect,MET5,pin,3600.930000,2440.055000,3609.070000,2440.555000,8.140000,0.500000,3605.000000,2440.305000
rect,MET5,pin,3600.930000,2346.055000,3609.070000,2346.555000,8.140000,0.500000,3605.000000,2346.305000
rect,MET5,pin,3600.930000,2252.055000,3609.070000,2252.555000,8.140000,0.500000,3605.000000,2252.305000
rect,MET5,pin,3600.930000,2158.055000,3609.070000,2158.555000,8.140000,0.500000,3605.000000,2158.305000
rect,MET5,pin,3600.930000,2064.055000,3609.070000,2064.555000,8.140000,0.500000,3605.000000,2064.305000
rect,MET5,pin,3600.930000,1970.055000,3609.070000,1970.555000,8.140000,0.500000,3605.000000,1970.305000
rect,MET5,pin,3600.930000,1876.055000,3609.070000,1876.555000,8.140000,0.500000,3605.000000,1876.305000
rect,MET5,pin,3600.930000,1782.055000,3609.070000,1782.555000,8.140000,0.500000,3605.000000,1782.305000
rect,MET5,pin,3600.930000,1688.055000,3609.070000,1688.555000,8.140000,0.500000,3605.000000,1688.305000
rect,MET5,pin,3600.930000,1594.055000,3609.070000,1594.555000,8.140000,0.500000,3605.000000,1594.305000
rect,MET5,pin,3600.930000,1500.055000,3609.070000,1500.555000,8.140000,0.500000,3605.000000,1500.305000
rect,MET5,pin,3600.930000,1406.055000,3609.070000,1406.555000,8.140000,0.500000,3605.000000,1406.305000
rect,MET5,pin,3600.930000,1312.055000,3609.070000,1312.555000,8.140000,0.500000,3605.000000,1312.305000
rect,MET5,pin,3600.930000,1218.055000,3609.070000,1218.555000,8.140000,0.500000,3605.000000,1218.305000
rect,MET5,pin,3600.930000,1124.055000,3609.070000,1124.555000,8.140000,0.500000,3605.000000,1124.305000
rect,MET5,pin,3600.930000,1030.055000,3609.070000,1030.555000,8.140000,0.500000,3605.000000,1030.305000
rect,MET5,pin,3600.930000,936.055000,3609.070000,936.555000,8.140000,0.500000,3605.000000,936.305000
rect,MET5,pin,3600.930000,842.055000,3609.070000,842.555000,8.140000,0.500000,3605.000000,842.305000
rect,MET5,pin,3600.930000,748.055000,3609.070000,748.555000,8.140000,0.500000,3605.000000,748.305000
rect,MET5,pin,3600.930000,654.055000,3609.070000,654.555000,8.140000,0.500000,3605.000000,654.305000
rect,MET5,pin,3600.930000,560.055000,3609.070000,560.555000,8.140000,0.500000,3605.000000,560.305000
rect,MET5,pin,3600.930000,466.055000,3609.070000,466.555000,8.140000,0.500000,3605.000000,466.305000
rect,MET5,pin,3600.930000,372.055000,3609.070000,372.555000,8.140000,0.500000,3605.000000,372.305000
rect,MET5,pin,3600.930000,278.055000,3609.070000,278.555000,8.140000,0.500000,3605.000000,278.305000
rect,MET5,pin,3432.970000,13.555000,3433.470000,21.695000,0.500000,8.140000,3433.220000,17.625000
rect,MET5,pin,3338.970000,13.555000,3339.470000,21.695000,0.500000,8.140000,3339.220000,17.625000
rect,MET5,pin,3244.970000,13.555000,3245.470000,21.695000,0.500000,8.140000,3245.220000,17.625000
rect,MET5,pin,3150.970000,13.555000,3151.470000,21.695000,0.500000,8.140000,3151.220000,17.625000
rect,MET5,pin,3056.970000,13.555000,3057.470000,21.695000,0.500000,8.140000,3057.220000,17.625000
rect,MET5,pin,2962.970000,13.555000,2963.470000,21.695000,0.500000,8.140000,2963.220000,17.625000
rect,MET5,pin,2868.970000,13.555000,2869.470000,21.695000,0.500000,8.140000,2869.220000,17.625000
rect,MET5,pin,2774.970000,13.555000,2775.470000,21.695000,0.500000,8.140000,2775.220000,17.625000
rect,MET4,pin,-147.370000,189.155000,-138.630000,189.655000,8.740000,0.500000,-143.000000,189.405000
rect,MET4,pin,-147.370000,283.155000,-138.630000,283.655000,8.740000,0.500000,-143.000000,283.405000
rect,MET4,pin,-147.370000,377.155000,-138.630000,377.655000,8.740000,0.500000,-143.000000,377.405000
rect,MET4,pin,-147.370000,471.155000,-138.630000,471.655000,8.740000,0.500000,-143.000000,471.405000
rect,MET4,pin,-147.370000,565.155000,-138.630000,565.655000,8.740000,0.500000,-143.000000,565.405000
rect,MET4,pin,-147.370000,659.155000,-138.630000,659.655000,8.740000,0.500000,-143.000000,659.405000
rect,MET4,pin,-147.370000,753.155000,-138.630000,753.655000,8.740000,0.500000,-143.000000,753.405000
rect,MET4,pin,-147.370000,847.155000,-138.630000,847.655000,8.740000,0.500000,-143.000000,847.405000
rect,MET4,pin,-147.370000,941.155000,-138.630000,941.655000,8.740000,0.500000,-143.000000,941.405000
rect,MET4,pin,-147.370000,1035.155000,-138.630000,1035.655000,8.740000,0.500000,-143.000000,1035.405000
rect,MET4,pin,-147.370000,1129.155000,-138.630000,1129.655000,8.740000,0.500000,-143.000000,1129.405000
rect,MET4,pin,-147.370000,1223.155000,-138.630000,1223.655000,8.740000,0.500000,-143.000000,1223.405000
rect,MET4,pin,-147.370000,1317.155000,-138.630000,1317.655000,8.740000,0.500000,-143.000000,1317.405000
rect,MET4,pin,-147.370000,1411.155000,-138.630000,1411.655000,8.740000,0.500000,-143.000000,1411.405000
rect,MET4,pin,-147.370000,1505.155000,-138.630000,1505.655000,8.740000,0.500000,-143.000000,1505.405000
rect,MET4,pin,-147.370000,1599.155000,-138.630000,1599.655000,8.740000,0.500000,-143.000000,1599.405000
rect,MET4,pin,-147.370000,1693.155000,-138.630000,1693.655000,8.740000,0.500000,-143.000000,1693.405000
rect,MET4,pin,-147.370000,1787.155000,-138.630000,1787.655000,8.740000,0.500000,-143.000000,1787.405000
rect,MET4,pin,-147.370000,1881.155000,-138.630000,1881.655000,8.740000,0.500000,-143.000000,1881.405000
rect,MET4,pin,-147.370000,1975.155000,-138.630000,1975.655000,8.740000,0.500000,-143.000000,1975.405000
rect,MET4,pin,-147.370000,2069.155000,-138.630000,2069.655000,8.740000,0.500000,-143.000000,2069.405000
rect,MET4,pin,-147.370000,2163.155000,-138.630000,2163.655000,8.740000,0.500000,-143.000000,2163.405000
rect,MET4,pin,-147.370000,2257.155000,-138.630000,2257.655000,8.740000,0.500000,-143.000000,2257.405000
rect,MET4,pin,-147.370000,2351.155000,-138.630000,2351.655000,8.740000,0.500000,-143.000000,2351.405000
rect,MET4,pin,-147.370000,2445.155000,-138.630000,2445.655000,8.740000,0.500000,-143.000000,2445.405000
rect,MET4,pin,54.070000,2547.155000,54.570000,2555.895000,0.500000,8.740000,54.320000,2551.525000
rect,MET4,pin,148.070000,2547.155000,148.570000,2555.895000,0.500000,8.740000,148.320000,2551.525000
rect,MET4,pin,242.070000,2547.155000,242.570000,2555.895000,0.500000,8.740000,242.320000,2551.525000
rect,MET4,pin,336.070000,2547.155000,336.570000,2555.895000,0.500000,8.740000,336.320000,2551.525000
rect,MET4,pin,3446.070000,2534.055000,3454.810000,2534.555000,8.740000,0.500000,3450.440000,2534.305000
rect,MET4,pin,3446.070000,2440.055000,3454.810000,2440.555000,8.740000,0.500000,3450.440000,2440.305000
rect,MET4,pin,3446.070000,2346.055000,3454.810000,2346.555000,8.740000,0.500000,3450.440000,2346.305000
rect,MET4,pin,3446.070000,2252.055000,3454.810000,2252.555000,8.740000,0.500000,3450.440000,2252.305000
rect,MET4,pin,3446.070000,2158.055000,3454.810000,2158.555000,8.740000,0.500000,3450.440000,2158.305000
rect,MET4,pin,3446.070000,2064.055000,3454.810000,2064.555000,8.740000,0.500000,3450.440000,2064.305000
rect,MET4,pin,3446.070000,1970.055000,3454.810000,1970.555000,8.740000,0.500000,3450.440000,1970.305000
rect,MET4,pin,3446.070000,1876.055000,3454.810000,1876.555000,8.740000,0.500000,3450.440000,1876.305000
rect,MET4,pin,3446.070000,1782.055000,3454.810000,1782.555000,8.740000,0.500000,3450.440000,1782.305000
rect,MET4,pin,3446.070000,1688.055000,3454.810000,1688.555000,8.740000,0.500000,3450.440000,1688.305000
rect,MET4,pin,3446.070000,1594.055000,3454.810000,1594.555000,8.740000,0.500000,3450.440000,1594.305000
rect,MET4,pin,3446.070000,1500.055000,3454.810000,1500.555000,8.740000,0.500000,3450.440000,1500.305000
rect,MET4,pin,3446.070000,1406.055000,3454.810000,1406.555000,8.740000,0.500000,3450.440000,1406.305000
rect,MET4,pin,3446.070000,1312.055000,3454.810000,1312.555000,8.740000,0.500000,3450.440000,1312.305000
rect,MET4,pin,3446.070000,1218.055000,3454.810000,1218.555000,8.740000,0.500000,3450.440000,1218.305000
rect,MET4,pin,3446.070000,1124.055000,3454.810000,1124.555000,8.740000,0.500000,3450.440000,1124.305000
rect,MET4,pin,3446.070000,1030.055000,3454.810000,1030.555000,8.740000,0.500000,3450.440000,1030.305000
rect,MET4,pin,3446.070000,936.055000,3454.810000,936.555000,8.740000,0.500000,3450.440000,936.305000
rect,MET4,pin,3446.070000,842.055000,3454.810000,842.555000,8.740000,0.500000,3450.440000,842.305000
rect,MET4,pin,3446.070000,748.055000,3454.810000,748.555000,8.740000,0.500000,3450.440000,748.305000
rect,MET4,pin,3446.070000,654.055000,3454.810000,654.555000,8.740000,0.500000,3450.440000,654.305000
rect,MET4,pin,3446.070000,560.055000,3454.810000,560.555000,8.740000,0.500000,3450.440000,560.305000
rect,MET4,pin,3446.070000,466.055000,3454.810000,466.555000,8.740000,0.500000,3450.440000,466.305000
rect,MET4,pin,3446.070000,372.055000,3454.810000,372.555000,8.740000,0.500000,3450.440000,372.305000
rect,MET4,pin,3446.070000,278.055000,3454.810000,278.555000,8.740000,0.500000,3450.440000,278.305000
rect,MET4,pin,3432.970000,167.815000,3433.470000,176.555000,0.500000,8.740000,3433.220000,172.185000
rect,MET4,pin,3338.970000,167.815000,3339.470000,176.555000,0.500000,8.740000,3339.220000,172.185000
rect,MET4,pin,3244.970000,167.815000,3245.470000,176.555000,0.500000,8.740000,3245.220000,172.185000
rect,MET4,pin,3150.970000,167.815000,3151.470000,176.555000,0.500000,8.740000,3151.220000,172.185000
rect,MET4,pin,3056.970000,167.815000,3057.470000,176.555000,0.500000,8.740000,3057.220000,172.185000
rect,MET4,pin,2962.970000,167.815000,2963.470000,176.555000,0.500000,8.740000,2963.220000,172.185000
rect,MET4,pin,2868.970000,167.815000,2869.470000,176.555000,0.500000,8.740000,2869.220000,172.185000
rect,MET4,pin,2774.970000,167.815000,2775.470000,176.555000,0.500000,8.740000,2775.220000,172.185000
rect,MET4,pin,-301.630000,189.155000,-293.490000,189.655000,8.140000,0.500000,-297.560000,189.405000
rect,MET4,pin,-301.630000,283.155000,-293.490000,283.655000,8.140000,0.500000,-297.560000,283.405000
rect,MET4,pin,-301.630000,377.155000,-293.490000,377.655000,8.140000,0.500000,-297.560000,377.405000
rect,MET4,pin,-301.630000,471.155000,-293.490000,471.655000,8.140000,0.500000,-297.560000,471.405000
rect,MET4,pin,-301.630000,565.155000,-293.490000,565.655000,8.140000,0.500000,-297.560000,565.405000
rect,MET4,pin,-301.630000,659.155000,-293.490000,659.655000,8.140000,0.500000,-297.560000,659.405000
rect,MET4,pin,-301.630000,753.155000,-293.490000,753.655000,8.140000,0.500000,-297.560000,753.405000
rect,MET4,pin,-301.630000,847.155000,-293.490000,847.655000,8.140000,0.500000,-297.560000,847.405000
rect,MET4,pin,-301.630000,941.155000,-293.490000,941.655000,8.140000,0.500000,-297.560000,941.405000
rect,MET4,pin,-301.630000,1035.155000,-293.490000,1035.655000,8.140000,0.500000,-297.560000,1035.405000
rect,MET4,pin,-301.630000,1129.155000,-293.490000,1129.655000,8.140000,0.500000,-297.560000,1129.405000
rect,MET4,pin,-301.630000,1223.155000,-293.490000,1223.655000,8.140000,0.500000,-297.560000,1223.405000
rect,MET4,pin,-301.630000,1317.155000,-293.490000,1317.655000,8.140000,0.500000,-297.560000,1317.405000
rect,MET4,pin,-301.630000,1411.155000,-293.490000,1411.655000,8.140000,0.500000,-297.560000,1411.405000
rect,MET4,pin,-301.630000,1505.155000,-293.490000,1505.655000,8.140000,0.500000,-297.560000,1505.405000
rect,MET4,pin,-301.630000,1599.155000,-293.490000,1599.655000,8.140000,0.500000,-297.560000,1599.405000
rect,MET4,pin,-301.630000,1693.155000,-293.490000,1693.655000,8.140000,0.500000,-297.560000,1693.405000
rect,MET4,pin,-301.630000,1787.155000,-293.490000,1787.655000,8.140000,0.500000,-297.560000,1787.405000
rect,MET4,pin,-301.630000,1881.155000,-293.490000,1881.655000,8.140000,0.500000,-297.560000,1881.405000
rect,MET4,pin,-301.630000,1975.155000,-293.490000,1975.655000,8.140000,0.500000,-297.560000,1975.405000
rect,MET4,pin,-301.630000,2069.155000,-293.490000,2069.655000,8.140000,0.500000,-297.560000,2069.405000
rect,MET4,pin,-301.630000,2163.155000,-293.490000,2163.655000,8.140000,0.500000,-297.560000,2163.405000
rect,MET4,pin,-301.630000,2257.155000,-293.490000,2257.655000,8.140000,0.500000,-297.560000,2257.405000
rect,MET4,pin,-301.630000,2351.155000,-293.490000,2351.655000,8.140000,0.500000,-297.560000,2351.405000
rect,MET4,pin,-301.630000,2445.155000,-293.490000,2445.655000,8.140000,0.500000,-297.560000,2445.405000
rect,MET4,pin,54.070000,2702.015000,54.570000,2710.155000,0.500000,8.140000,54.320000,2706.085000
rect,MET4,pin,148.070000,2702.015000,148.570000,2710.155000,0.500000,8.140000,148.320000,2706.085000
rect,MET4,pin,242.070000,2702.015000,242.570000,2710.155000,0.500000,8.140000,242.320000,2706.085000
rect,MET4,pin,336.070000,2702.015000,336.570000,2710.155000,0.500000,8.140000,336.320000,2706.085000
rect,MET4,pin,3600.930000,2534.055000,3609.070000,2534.555000,8.140000,0.500000,3605.000000,2534.305000
rect,MET4,pin,3600.930000,2440.055000,3609.070000,2440.555000,8.140000,0.500000,3605.000000,2440.305000
rect,MET4,pin,3600.930000,2346.055000,3609.070000,2346.555000,8.140000,0.500000,3605.000000,2346.305000
rect,MET4,pin,3600.930000,2252.055000,3609.070000,2252.555000,8.140000,0.500000,3605.000000,2252.305000
rect,MET4,pin,3600.930000,2158.055000,3609.070000,2158.555000,8.140000,0.500000,3605.000000,2158.305000
rect,MET4,pin,3600.930000,2064.055000,3609.070000,2064.555000,8.140000,0.500000,3605.000000,2064.305000
rect,MET4,pin,3600.930000,1970.055000,3609.070000,1970.555000,8.140000,0.500000,3605.000000,1970.305000
rect,MET4,pin,3600.930000,1876.055000,3609.070000,1876.555000,8.140000,0.500000,3605.000000,1876.305000
rect,MET4,pin,3600.930000,1782.055000,3609.070000,1782.555000,8.140000,0.500000,3605.000000,1782.305000
rect,MET4,pin,3600.930000,1688.055000,3609.070000,1688.555000,8.140000,0.500000,3605.000000,1688.305000
rect,MET4,pin,3600.930000,1594.055000,3609.070000,1594.555000,8.140000,0.500000,3605.000000,1594.305000
rect,MET4,pin,3600.930000,1500.055000,3609.070000,1500.555000,8.140000,0.500000,3605.000000,1500.305000
rect,MET4,pin,3600.930000,1406.055000,3609.070000,1406.555000,8.140000,0.500000,3605.000000,1406.305000
rect,MET4,pin,3600.930000,1312.055000,3609.070000,1312.555000,8.140000,0.500000,3605.000000,1312.305000
rect,MET4,pin,3600.930000,1218.055000,3609.070000,1218.555000,8.140000,0.500000,3605.000000,1218.305000
rect,MET4,pin,3600.930000,1124.055000,3609.070000,1124.555000,8.140000,0.500000,3605.000000,1124.305000
rect,MET4,pin,3600.930000,1030.055000,3609.070000,1030.555000,8.140000,0.500000,3605.000000,1030.305000
rect,MET4,pin,3600.930000,936.055000,3609.070000,936.555000,8.140000,0.500000,3605.000000,936.305000
rect,MET4,pin,3600.930000,842.055000,3609.070000,842.555000,8.140000,0.500000,3605.000000,842.305000
rect,MET4,pin,3600.930000,748.055000,3609.070000,748.555000,8.140000,0.500000,3605.000000,748.305000
rect,MET4,pin,3600.930000,654.055000,3609.070000,654.555000,8.140000,0.500000,3605.000000,654.305000
rect,MET4,pin,3600.930000,560.055000,3609.070000,560.555000,8.140000,0.500000,3605.000000,560.305000
rect,MET4,pin,3600.930000,466.055000,3609.070000,466.555000,8.140000,0.500000,3605.000000,466.305000
rect,MET4,pin,3600.930000,372.055000,3609.070000,372.555000,8.140000,0.500000,3605.000000,372.305000
rect,MET4,pin,3600.930000,278.055000,3609.070000,278.555000,8.140000,0.500000,3605.000000,278.305000
rect,MET4,pin,3432.970000,13.555000,3433.470000,21.695000,0.500000,8.140000,3433.220000,17.625000
rect,MET4,pin,3338.970000,13.555000,3339.470000,21.695000,0.500000,8.140000,3339.220000,17.625000
rect,MET4,pin,3244.970000,13.555000,3245.470000,21.695000,0.500000,8.140000,3245.220000,17.625000
rect,MET4,pin,3150.970000,13.555000,3151.470000,21.695000,0.500000,8.140000,3151.220000,17.625000
rect,MET4,pin,3056.970000,13.555000,3057.470000,21.695000,0.500000,8.140000,3057.220000,17.625000
rect,MET4,pin,2962.970000,13.555000,2963.470000,21.695000,0.500000,8.140000,2963.220000,17.625000
rect,MET4,pin,2868.970000,13.555000,2869.470000,21.695000,0.500000,8.140000,2869.220000,17.625000
rect,MET4,pin,2774.970000,13.555000,2775.470000,21.695000,0.500000,8.140000,2775.220000,17.625000
rect,MET5,pin,-147.370000,272.655000,-138.630000,273.155000,8.740000,0.500000,-143.000000,272.905000
rect,MET5,pin,-147.370000,366.655000,-138.630000,367.155000,8.740000,0.500000,-143.000000,366.905000
rect,MET5,pin,-147.370000,460.655000,-138.630000,461.155000,8.740000,0.500000,-143.000000,460.905000
rect,MET5,pin,-147.370000,554.655000,-138.630000,555.155000,8.740000,0.500000,-143.000000,554.905000
rect,MET5,pin,-147.370000,648.655000,-138.630000,649.155000,8.740000,0.500000,-143.000000,648.905000
rect,MET5,pin,-147.370000,742.655000,-138.630000,743.155000,8.740000,0.500000,-143.000000,742.905000
rect,MET5,pin,-147.370000,836.655000,-138.630000,837.155000,8.740000,0.500000,-143.000000,836.905000
rect,MET5,pin,-147.370000,930.655000,-138.630000,931.155000,8.740000,0.500000,-143.000000,930.905000
rect,MET5,pin,-147.370000,1024.655000,-138.630000,1025.155000,8.740000,0.500000,-143.000000,1024.905000
rect,MET5,pin,-147.370000,1118.655000,-138.630000,1119.155000,8.740000,0.500000,-143.000000,1118.905000
rect,MET5,pin,-147.370000,1212.655000,-138.630000,1213.155000,8.740000,0.500000,-143.000000,1212.905000
rect,MET5,pin,-147.370000,1306.655000,-138.630000,1307.155000,8.740000,0.500000,-143.000000,1306.905000
rect,MET5,pin,-147.370000,1400.655000,-138.630000,1401.155000,8.740000,0.500000,-143.000000,1400.905000
rect,MET5,pin,-147.370000,1494.655000,-138.630000,1495.155000,8.740000,0.500000,-143.000000,1494.905000
rect,MET5,pin,-147.370000,1588.655000,-138.630000,1589.155000,8.740000,0.500000,-143.000000,1588.905000
rect,MET5,pin,-147.370000,1682.655000,-138.630000,1683.155000,8.740000,0.500000,-143.000000,1682.905000
rect,MET5,pin,-147.370000,1776.655000,-138.630000,1777.155000,8.740000,0.500000,-143.000000,1776.905000
rect,MET5,pin,-147.370000,1870.655000,-138.630000,1871.155000,8.740000,0.500000,-143.000000,1870.905000
rect,MET5,pin,-147.370000,1964.655000,-138.630000,1965.155000,8.740000,0.500000,-143.000000,1964.905000
rect,MET5,pin,-147.370000,2058.655000,-138.630000,2059.155000,8.740000,0.500000,-143.000000,2058.905000
rect,MET5,pin,-147.370000,2152.655000,-138.630000,2153.155000,8.740000,0.500000,-143.000000,2152.905000
rect,MET5,pin,-147.370000,2246.655000,-138.630000,2247.155000,8.740000,0.500000,-143.000000,2246.905000
rect,MET5,pin,-147.370000,2340.655000,-138.630000,2341.155000,8.740000,0.500000,-143.000000,2340.905000
rect,MET5,pin,-147.370000,2434.655000,-138.630000,2435.155000,8.740000,0.500000,-143.000000,2434.905000
rect,MET5,pin,-147.370000,2528.655000,-138.630000,2529.155000,8.740000,0.500000,-143.000000,2528.905000
rect,MET5,pin,137.570000,2547.155000,138.070000,2555.895000,0.500000,8.740000,137.820000,2551.525000
rect,MET5,pin,231.570000,2547.155000,232.070000,2555.895000,0.500000,8.740000,231.820000,2551.525000
rect,MET5,pin,325.570000,2547.155000,326.070000,2555.895000,0.500000,8.740000,325.820000,2551.525000
rect,MET5,pin,419.570000,2547.155000,420.070000,2555.895000,0.500000,8.740000,419.820000,2551.525000
rect,MET5,pin,3446.070000,2450.555000,3454.810000,2451.055000,8.740000,0.500000,3450.440000,2450.805000
rect,MET5,pin,3446.070000,2356.555000,3454.810000,2357.055000,8.740000,0.500000,3450.440000,2356.805000
rect,MET5,pin,3446.070000,2262.555000,3454.810000,2263.055000,8.740000,0.500000,3450.440000,2262.805000
rect,MET5,pin,3446.070000,2168.555000,3454.810000,2169.055000,8.740000,0.500000,3450.440000,2168.805000
rect,MET5,pin,3446.070000,2074.555000,3454.810000,2075.055000,8.740000,0.500000,3450.440000,2074.805000
rect,MET5,pin,3446.070000,1980.555000,3454.810000,1981.055000,8.740000,0.500000,3450.440000,1980.805000
rect,MET5,pin,3446.070000,1886.555000,3454.810000,1887.055000,8.740000,0.500000,3450.440000,1886.805000
rect,MET5,pin,3446.070000,1792.555000,3454.810000,1793.055000,8.740000,0.500000,3450.440000,1792.805000
rect,MET5,pin,3446.070000,1698.555000,3454.810000,1699.055000,8.740000,0.500000,3450.440000,1698.805000
rect,MET5,pin,3446.070000,1604.555000,3454.810000,1605.055000,8.740000,0.500000,3450.440000,1604.805000
rect,MET5,pin,3446.070000,1510.555000,3454.810000,1511.055000,8.740000,0.500000,3450.440000,1510.805000
rect,MET5,pin,3446.070000,1416.555000,3454.810000,1417.055000,8.740000,0.500000,3450.440000,1416.805000
rect,MET5,pin,3446.070000,1322.555000,3454.810000,1323.055000,8.740000,0.500000,3450.440000,1322.805000
rect,MET5,pin,3446.070000,1228.555000,3454.810000,1229.055000,8.740000,0.500000,3450.440000,1228.805000
rect,MET5,pin,3446.070000,1134.555000,3454.810000,1135.055000,8.740000,0.500000,3450.440000,1134.805000
rect,MET5,pin,3446.070000,1040.555000,3454.810000,1041.055000,8.740000,0.500000,3450.440000,1040.805000
rect,MET5,pin,3446.070000,946.555000,3454.810000,947.055000,8.740000,0.500000,3450.440000,946.805000
rect,MET5,pin,3446.070000,852.555000,3454.810000,853.055000,8.740000,0.500000,3450.440000,852.805000
rect,MET5,pin,3446.070000,758.555000,3454.810000,759.055000,8.740000,0.500000,3450.440000,758.805000
rect,MET5,pin,3446.070000,664.555000,3454.810000,665.055000,8.740000,0.500000,3450.440000,664.805000
rect,MET5,pin,3446.070000,570.555000,3454.810000,571.055000,8.740000,0.500000,3450.440000,570.805000
rect,MET5,pin,3446.070000,476.555000,3454.810000,477.055000,8.740000,0.500000,3450.440000,476.805000
rect,MET5,pin,3446.070000,382.555000,3454.810000,383.055000,8.740000,0.500000,3450.440000,382.805000
rect,MET5,pin,3446.070000,288.555000,3454.810000,289.055000,8.740000,0.500000,3450.440000,288.805000
rect,MET5,pin,3446.070000,194.555000,3454.810000,195.055000,8.740000,0.500000,3450.440000,194.805000
rect,MET5,pin,3349.470000,167.815000,3349.970000,176.555000,0.500000,8.740000,3349.720000,172.185000
rect,MET5,pin,3255.470000,167.815000,3255.970000,176.555000,0.500000,8.740000,3255.720000,172.185000
rect,MET5,pin,3161.470000,167.815000,3161.970000,176.555000,0.500000,8.740000,3161.720000,172.185000
rect,MET5,pin,3067.470000,167.815000,3067.970000,176.555000,0.500000,8.740000,3067.720000,172.185000
rect,MET5,pin,2973.470000,167.815000,2973.970000,176.555000,0.500000,8.740000,2973.720000,172.185000
rect,MET5,pin,2879.470000,167.815000,2879.970000,176.555000,0.500000,8.740000,2879.720000,172.185000
rect,MET5,pin,2785.470000,167.815000,2785.970000,176.555000,0.500000,8.740000,2785.720000,172.185000
rect,MET5,pin,2691.470000,167.815000,2691.970000,176.555000,0.500000,8.740000,2691.720000,172.185000
rect,MET5,pin,-301.630000,272.655000,-293.490000,273.155000,8.140000,0.500000,-297.560000,272.905000
rect,MET5,pin,-301.630000,366.655000,-293.490000,367.155000,8.140000,0.500000,-297.560000,366.905000
rect,MET5,pin,-301.630000,460.655000,-293.490000,461.155000,8.140000,0.500000,-297.560000,460.905000
rect,MET5,pin,-301.630000,554.655000,-293.490000,555.155000,8.140000,0.500000,-297.560000,554.905000
rect,MET5,pin,-301.630000,648.655000,-293.490000,649.155000,8.140000,0.500000,-297.560000,648.905000
rect,MET5,pin,-301.630000,742.655000,-293.490000,743.155000,8.140000,0.500000,-297.560000,742.905000
rect,MET5,pin,-301.630000,836.655000,-293.490000,837.155000,8.140000,0.500000,-297.560000,836.905000
rect,MET5,pin,-301.630000,930.655000,-293.490000,931.155000,8.140000,0.500000,-297.560000,930.905000
rect,MET5,pin,-301.630000,1024.655000,-293.490000,1025.155000,8.140000,0.500000,-297.560000,1024.905000
rect,MET5,pin,-301.630000,1118.655000,-293.490000,1119.155000,8.140000,0.500000,-297.560000,1118.905000
rect,MET5,pin,-301.630000,1212.655000,-293.490000,1213.155000,8.140000,0.500000,-297.560000,1212.905000
rect,MET5,pin,-301.630000,1306.655000,-293.490000,1307.155000,8.140000,0.500000,-297.560000,1306.905000
rect,MET5,pin,-301.630000,1400.655000,-293.490000,1401.155000,8.140000,0.500000,-297.560000,1400.905000
rect,MET5,pin,-301.630000,1494.655000,-293.490000,1495.155000,8.140000,0.500000,-297.560000,1494.905000
rect,MET5,pin,-301.630000,1588.655000,-293.490000,1589.155000,8.140000,0.500000,-297.560000,1588.905000
rect,MET5,pin,-301.630000,1682.655000,-293.490000,1683.155000,8.140000,0.500000,-297.560000,1682.905000
rect,MET5,pin,-301.630000,1776.655000,-293.490000,1777.155000,8.140000,0.500000,-297.560000,1776.905000
rect,MET5,pin,-301.630000,1870.655000,-293.490000,1871.155000,8.140000,0.500000,-297.560000,1870.905000
rect,MET5,pin,-301.630000,1964.655000,-293.490000,1965.155000,8.140000,0.500000,-297.560000,1964.905000
rect,MET5,pin,-301.630000,2058.655000,-293.490000,2059.155000,8.140000,0.500000,-297.560000,2058.905000
rect,MET5,pin,-301.630000,2152.655000,-293.490000,2153.155000,8.140000,0.500000,-297.560000,2152.905000
rect,MET5,pin,-301.630000,2246.655000,-293.490000,2247.155000,8.140000,0.500000,-297.560000,2246.905000
rect,MET5,pin,-301.630000,2340.655000,-293.490000,2341.155000,8.140000,0.500000,-297.560000,2340.905000
rect,MET5,pin,-301.630000,2434.655000,-293.490000,2435.155000,8.140000,0.500000,-297.560000,2434.905000
rect,MET5,pin,-301.630000,2528.655000,-293.490000,2529.155000,8.140000,0.500000,-297.560000,2528.905000
rect,MET5,pin,137.570000,2702.015000,138.070000,2710.155000,0.500000,8.140000,137.820000,2706.085000
rect,MET5,pin,231.570000,2702.015000,232.070000,2710.155000,0.500000,8.140000,231.820000,2706.085000
rect,MET5,pin,325.570000,2702.015000,326.070000,2710.155000,0.500000,8.140000,325.820000,2706.085000
rect,MET5,pin,419.570000,2702.015000,420.070000,2710.155000,0.500000,8.140000,419.820000,2706.085000
rect,MET5,pin,3600.930000,2450.555000,3609.070000,2451.055000,8.140000,0.500000,3605.000000,2450.805000
rect,MET5,pin,3600.930000,2356.555000,3609.070000,2357.055000,8.140000,0.500000,3605.000000,2356.805000
rect,MET5,pin,3600.930000,2262.555000,3609.070000,2263.055000,8.140000,0.500000,3605.000000,2262.805000
rect,MET5,pin,3600.930000,2168.555000,3609.070000,2169.055000,8.140000,0.500000,3605.000000,2168.805000
rect,MET5,pin,3600.930000,2074.555000,3609.070000,2075.055000,8.140000,0.500000,3605.000000,2074.805000
rect,MET5,pin,3600.930000,1980.555000,3609.070000,1981.055000,8.140000,0.500000,3605.000000,1980.805000
rect,MET5,pin,3600.930000,1886.555000,3609.070000,1887.055000,8.140000,0.500000,3605.000000,1886.805000
rect,MET5,pin,3600.930000,1792.555000,3609.070000,1793.055000,8.140000,0.500000,3605.000000,1792.805000
rect,MET5,pin,3600.930000,1698.555000,3609.070000,1699.055000,8.140000,0.500000,3605.000000,1698.805000
rect,MET5,pin,3600.930000,1604.555000,3609.070000,1605.055000,8.140000,0.500000,3605.000000,1604.805000
rect,MET5,pin,3600.930000,1510.555000,3609.070000,1511.055000,8.140000,0.500000,3605.000000,1510.805000
rect,MET5,pin,3600.930000,1416.555000,3609.070000,1417.055000,8.140000,0.500000,3605.000000,1416.805000
rect,MET5,pin,3600.930000,1322.555000,3609.070000,1323.055000,8.140000,0.500000,3605.000000,1322.805000
rect,MET5,pin,3600.930000,1228.555000,3609.070000,1229.055000,8.140000,0.500000,3605.000000,1228.805000
rect,MET5,pin,3600.930000,1134.555000,3609.070000,1135.055000,8.140000,0.500000,3605.000000,1134.805000
rect,MET5,pin,3600.930000,1040.555000,3609.070000,1041.055000,8.140000,0.500000,3605.000000,1040.805000
rect,MET5,pin,3600.930000,946.555000,3609.070000,947.055000,8.140000,0.500000,3605.000000,946.805000
rect,MET5,pin,3600.930000,852.555000,3609.070000,853.055000,8.140000,0.500000,3605.000000,852.805000
rect,MET5,pin,3600.930000,758.555000,3609.070000,759.055000,8.140000,0.500000,3605.000000,758.805000
rect,MET5,pin,3600.930000,664.555000,3609.070000,665.055000,8.140000,0.500000,3605.000000,664.805000
rect,MET5,pin,3600.930000,570.555000,3609.070000,571.055000,8.140000,0.500000,3605.000000,570.805000
rect,MET5,pin,3600.930000,476.555000,3609.070000,477.055000,8.140000,0.500000,3605.000000,476.805000
rect,MET5,pin,3600.930000,382.555000,3609.070000,383.055000,8.140000,0.500000,3605.000000,382.805000
rect,MET5,pin,3600.930000,288.555000,3609.070000,289.055000,8.140000,0.500000,3605.000000,288.805000
rect,MET5,pin,3600.930000,194.555000,3609.070000,195.055000,8.140000,0.500000,3605.000000,194.805000
rect,MET5,pin,3349.470000,13.555000,3349.970000,21.695000,0.500000,8.140000,3349.720000,17.625000
rect,MET5,pin,3255.470000,13.555000,3255.970000,21.695000,0.500000,8.140000,3255.720000,17.625000
rect,MET5,pin,3161.470000,13.555000,3161.970000,21.695000,0.500000,8.140000,3161.720000,17.625000
rect,MET5,pin,3067.470000,13.555000,3067.970000,21.695000,0.500000,8.140000,3067.720000,17.625000
rect,MET5,pin,2973.470000,13.555000,2973.970000,21.695000,0.500000,8.140000,2973.720000,17.625000
rect,MET5,pin,2879.470000,13.555000,2879.970000,21.695000,0.500000,8.140000,2879.720000,17.625000
rect,MET5,pin,2785.470000,13.555000,2785.970000,21.695000,0.500000,8.140000,2785.720000,17.625000
rect,MET5,pin,2691.470000,13.555000,2691.970000,21.695000,0.500000,8.140000,2691.720000,17.625000
rect,MET4,pin,-147.370000,272.655000,-138.630000,273.155000,8.740000,0.500000,-143.000000,272.905000
rect,MET4,pin,-147.370000,366.655000,-138.630000,367.155000,8.740000,0.500000,-143.000000,366.905000
rect,MET4,pin,-147.370000,460.655000,-138.630000,461.155000,8.740000,0.500000,-143.000000,460.905000
rect,MET4,pin,-147.370000,554.655000,-138.630000,555.155000,8.740000,0.500000,-143.000000,554.905000
rect,MET4,pin,-147.370000,648.655000,-138.630000,649.155000,8.740000,0.500000,-143.000000,648.905000
rect,MET4,pin,-147.370000,742.655000,-138.630000,743.155000,8.740000,0.500000,-143.000000,742.905000
rect,MET4,pin,-147.370000,836.655000,-138.630000,837.155000,8.740000,0.500000,-143.000000,836.905000
rect,MET4,pin,-147.370000,930.655000,-138.630000,931.155000,8.740000,0.500000,-143.000000,930.905000
rect,MET4,pin,-147.370000,1024.655000,-138.630000,1025.155000,8.740000,0.500000,-143.000000,1024.905000
rect,MET4,pin,-147.370000,1118.655000,-138.630000,1119.155000,8.740000,0.500000,-143.000000,1118.905000
rect,MET4,pin,-147.370000,1212.655000,-138.630000,1213.155000,8.740000,0.500000,-143.000000,1212.905000
rect,MET4,pin,-147.370000,1306.655000,-138.630000,1307.155000,8.740000,0.500000,-143.000000,1306.905000
rect,MET4,pin,-147.370000,1400.655000,-138.630000,1401.155000,8.740000,0.500000,-143.000000,1400.905000
rect,MET4,pin,-147.370000,1494.655000,-138.630000,1495.155000,8.740000,0.500000,-143.000000,1494.905000
rect,MET4,pin,-147.370000,1588.655000,-138.630000,1589.155000,8.740000,0.500000,-143.000000,1588.905000
rect,MET4,pin,-147.370000,1682.655000,-138.630000,1683.155000,8.740000,0.500000,-143.000000,1682.905000
rect,MET4,pin,-147.370000,1776.655000,-138.630000,1777.155000,8.740000,0.500000,-143.000000,1776.905000
rect,MET4,pin,-147.370000,1870.655000,-138.630000,1871.155000,8.740000,0.500000,-143.000000,1870.905000
rect,MET4,pin,-147.370000,1964.655000,-138.630000,1965.155000,8.740000,0.500000,-143.000000,1964.905000
rect,MET4,pin,-147.370000,2058.655000,-138.630000,2059.155000,8.740000,0.500000,-143.000000,2058.905000
rect,MET4,pin,-147.370000,2152.655000,-138.630000,2153.155000,8.740000,0.500000,-143.000000,2152.905000
rect,MET4,pin,-147.370000,2246.655000,-138.630000,2247.155000,8.740000,0.500000,-143.000000,2246.905000
rect,MET4,pin,-147.370000,2340.655000,-138.630000,2341.155000,8.740000,0.500000,-143.000000,2340.905000
rect,MET4,pin,-147.370000,2434.655000,-138.630000,2435.155000,8.740000,0.500000,-143.000000,2434.905000
rect,MET4,pin,-147.370000,2528.655000,-138.630000,2529.155000,8.740000,0.500000,-143.000000,2528.905000
rect,MET4,pin,137.570000,2547.155000,138.070000,2555.895000,0.500000,8.740000,137.820000,2551.525000
rect,MET4,pin,231.570000,2547.155000,232.070000,2555.895000,0.500000,8.740000,231.820000,2551.525000
rect,MET4,pin,325.570000,2547.155000,326.070000,2555.895000,0.500000,8.740000,325.820000,2551.525000
rect,MET4,pin,419.570000,2547.155000,420.070000,2555.895000,0.500000,8.740000,419.820000,2551.525000
rect,MET4,pin,3446.070000,2450.555000,3454.810000,2451.055000,8.740000,0.500000,3450.440000,2450.805000
rect,MET4,pin,3446.070000,2356.555000,3454.810000,2357.055000,8.740000,0.500000,3450.440000,2356.805000
rect,MET4,pin,3446.070000,2262.555000,3454.810000,2263.055000,8.740000,0.500000,3450.440000,2262.805000
rect,MET4,pin,3446.070000,2168.555000,3454.810000,2169.055000,8.740000,0.500000,3450.440000,2168.805000
rect,MET4,pin,3446.070000,2074.555000,3454.810000,2075.055000,8.740000,0.500000,3450.440000,2074.805000
rect,MET4,pin,3446.070000,1980.555000,3454.810000,1981.055000,8.740000,0.500000,3450.440000,1980.805000
rect,MET4,pin,3446.070000,1886.555000,3454.810000,1887.055000,8.740000,0.500000,3450.440000,1886.805000
rect,MET4,pin,3446.070000,1792.555000,3454.810000,1793.055000,8.740000,0.500000,3450.440000,1792.805000
rect,MET4,pin,3446.070000,1698.555000,3454.810000,1699.055000,8.740000,0.500000,3450.440000,1698.805000
rect,MET4,pin,3446.070000,1604.555000,3454.810000,1605.055000,8.740000,0.500000,3450.440000,1604.805000
rect,MET4,pin,3446.070000,1510.555000,3454.810000,1511.055000,8.740000,0.500000,3450.440000,1510.805000
rect,MET4,pin,3446.070000,1416.555000,3454.810000,1417.055000,8.740000,0.500000,3450.440000,1416.805000
rect,MET4,pin,3446.070000,1322.555000,3454.810000,1323.055000,8.740000,0.500000,3450.440000,1322.805000
rect,MET4,pin,3446.070000,1228.555000,3454.810000,1229.055000,8.740000,0.500000,3450.440000,1228.805000
rect,MET4,pin,3446.070000,1134.555000,3454.810000,1135.055000,8.740000,0.500000,3450.440000,1134.805000
rect,MET4,pin,3446.070000,1040.555000,3454.810000,1041.055000,8.740000,0.500000,3450.440000,1040.805000
rect,MET4,pin,3446.070000,946.555000,3454.810000,947.055000,8.740000,0.500000,3450.440000,946.805000
rect,MET4,pin,3446.070000,852.555000,3454.810000,853.055000,8.740000,0.500000,3450.440000,852.805000
rect,MET4,pin,3446.070000,758.555000,3454.810000,759.055000,8.740000,0.500000,3450.440000,758.805000
rect,MET4,pin,3446.070000,664.555000,3454.810000,665.055000,8.740000,0.500000,3450.440000,664.805000
rect,MET4,pin,3446.070000,570.555000,3454.810000,571.055000,8.740000,0.500000,3450.440000,570.805000
rect,MET4,pin,3446.070000,476.555000,3454.810000,477.055000,8.740000,0.500000,3450.440000,476.805000
rect,MET4,pin,3446.070000,382.555000,3454.810000,383.055000,8.740000,0.500000,3450.440000,382.805000
rect,MET4,pin,3446.070000,288.555000,3454.810000,289.055000,8.740000,0.500000,3450.440000,288.805000
rect,MET4,pin,3446.070000,194.555000,3454.810000,195.055000,8.740000,0.500000,3450.440000,194.805000
rect,MET4,pin,3349.470000,167.815000,3349.970000,176.555000,0.500000,8.740000,3349.720000,172.185000
rect,MET4,pin,3255.470000,167.815000,3255.970000,176.555000,0.500000,8.740000,3255.720000,172.185000
rect,MET4,pin,3161.470000,167.815000,3161.970000,176.555000,0.500000,8.740000,3161.720000,172.185000
rect,MET4,pin,3067.470000,167.815000,3067.970000,176.555000,0.500000,8.740000,3067.720000,172.185000
rect,MET4,pin,2973.470000,167.815000,2973.970000,176.555000,0.500000,8.740000,2973.720000,172.185000
rect,MET4,pin,2879.470000,167.815000,2879.970000,176.555000,0.500000,8.740000,2879.720000,172.185000
rect,MET4,pin,2785.470000,167.815000,2785.970000,176.555000,0.500000,8.740000,2785.720000,172.185000
rect,MET4,pin,2691.470000,167.815000,2691.970000,176.555000,0.500000,8.740000,2691.720000,172.185000
rect,MET4,pin,-301.630000,272.655000,-293.490000,273.155000,8.140000,0.500000,-297.560000,272.905000
rect,MET4,pin,-301.630000,366.655000,-293.490000,367.155000,8.140000,0.500000,-297.560000,366.905000
rect,MET4,pin,-301.630000,460.655000,-293.490000,461.155000,8.140000,0.500000,-297.560000,460.905000
rect,MET4,pin,-301.630000,554.655000,-293.490000,555.155000,8.140000,0.500000,-297.560000,554.905000
rect,MET4,pin,-301.630000,648.655000,-293.490000,649.155000,8.140000,0.500000,-297.560000,648.905000
rect,MET4,pin,-301.630000,742.655000,-293.490000,743.155000,8.140000,0.500000,-297.560000,742.905000
rect,MET4,pin,-301.630000,836.655000,-293.490000,837.155000,8.140000,0.500000,-297.560000,836.905000
rect,MET4,pin,-301.630000,930.655000,-293.490000,931.155000,8.140000,0.500000,-297.560000,930.905000
rect,MET4,pin,-301.630000,1024.655000,-293.490000,1025.155000,8.140000,0.500000,-297.560000,1024.905000
rect,MET4,pin,-301.630000,1118.655000,-293.490000,1119.155000,8.140000,0.500000,-297.560000,1118.905000
rect,MET4,pin,-301.630000,1212.655000,-293.490000,1213.155000,8.140000,0.500000,-297.560000,1212.905000
rect,MET4,pin,-301.630000,1306.655000,-293.490000,1307.155000,8.140000,0.500000,-297.560000,1306.905000
rect,MET4,pin,-301.630000,1400.655000,-293.490000,1401.155000,8.140000,0.500000,-297.560000,1400.905000
rect,MET4,pin,-301.630000,1494.655000,-293.490000,1495.155000,8.140000,0.500000,-297.560000,1494.905000
rect,MET4,pin,-301.630000,1588.655000,-293.490000,1589.155000,8.140000,0.500000,-297.560000,1588.905000
rect,MET4,pin,-301.630000,1682.655000,-293.490000,1683.155000,8.140000,0.500000,-297.560000,1682.905000
rect,MET4,pin,-301.630000,1776.655000,-293.490000,1777.155000,8.140000,0.500000,-297.560000,1776.905000
rect,MET4,pin,-301.630000,1870.655000,-293.490000,1871.155000,8.140000,0.500000,-297.560000,1870.905000
rect,MET4,pin,-301.630000,1964.655000,-293.490000,1965.155000,8.140000,0.500000,-297.560000,1964.905000
rect,MET4,pin,-301.630000,2058.655000,-293.490000,2059.155000,8.140000,0.500000,-297.560000,2058.905000
rect,MET4,pin,-301.630000,2152.655000,-293.490000,2153.155000,8.140000,0.500000,-297.560000,2152.905000
rect,MET4,pin,-301.630000,2246.655000,-293.490000,2247.155000,8.140000,0.500000,-297.560000,2246.905000
rect,MET4,pin,-301.630000,2340.655000,-293.490000,2341.155000,8.140000,0.500000,-297.560000,2340.905000
rect,MET4,pin,-301.630000,2434.655000,-293.490000,2435.155000,8.140000,0.500000,-297.560000,2434.905000
rect,MET4,pin,-301.630000,2528.655000,-293.490000,2529.155000,8.140000,0.500000,-297.560000,2528.905000
rect,MET4,pin,137.570000,2702.015000,138.070000,2710.155000,0.500000,8.140000,137.820000,2706.085000
rect,MET4,pin,231.570000,2702.015000,232.070000,2710.155000,0.500000,8.140000,231.820000,2706.085000
rect,MET4,pin,325.570000,2702.015000,326.070000,2710.155000,0.500000,8.140000,325.820000,2706.085000
rect,MET4,pin,419.570000,2702.015000,420.070000,2710.155000,0.500000,8.140000,419.820000,2706.085000
rect,MET4,pin,3600.930000,2450.555000,3609.070000,2451.055000,8.140000,0.500000,3605.000000,2450.805000
rect,MET4,pin,3600.930000,2356.555000,3609.070000,2357.055000,8.140000,0.500000,3605.000000,2356.805000
rect,MET4,pin,3600.930000,2262.555000,3609.070000,2263.055000,8.140000,0.500000,3605.000000,2262.805000
rect,MET4,pin,3600.930000,2168.555000,3609.070000,2169.055000,8.140000,0.500000,3605.000000,2168.805000
rect,MET4,pin,3600.930000,2074.555000,3609.070000,2075.055000,8.140000,0.500000,3605.000000,2074.805000
rect,MET4,pin,3600.930000,1980.555000,3609.070000,1981.055000,8.140000,0.500000,3605.000000,1980.805000
rect,MET4,pin,3600.930000,1886.555000,3609.070000,1887.055000,8.140000,0.500000,3605.000000,1886.805000
rect,MET4,pin,3600.930000,1792.555000,3609.070000,1793.055000,8.140000,0.500000,3605.000000,1792.805000
rect,MET4,pin,3600.930000,1698.555000,3609.070000,1699.055000,8.140000,0.500000,3605.000000,1698.805000
rect,MET4,pin,3600.930000,1604.555000,3609.070000,1605.055000,8.140000,0.500000,3605.000000,1604.805000
rect,MET4,pin,3600.930000,1510.555000,3609.070000,1511.055000,8.140000,0.500000,3605.000000,1510.805000
rect,MET4,pin,3600.930000,1416.555000,3609.070000,1417.055000,8.140000,0.500000,3605.000000,1416.805000
rect,MET4,pin,3600.930000,1322.555000,3609.070000,1323.055000,8.140000,0.500000,3605.000000,1322.805000
rect,MET4,pin,3600.930000,1228.555000,3609.070000,1229.055000,8.140000,0.500000,3605.000000,1228.805000
rect,MET4,pin,3600.930000,1134.555000,3609.070000,1135.055000,8.140000,0.500000,3605.000000,1134.805000
rect,MET4,pin,3600.930000,1040.555000,3609.070000,1041.055000,8.140000,0.500000,3605.000000,1040.805000
rect,MET4,pin,3600.930000,946.555000,3609.070000,947.055000,8.140000,0.500000,3605.000000,946.805000
rect,MET4,pin,3600.930000,852.555000,3609.070000,853.055000,8.140000,0.500000,3605.000000,852.805000
rect,MET4,pin,3600.930000,758.555000,3609.070000,759.055000,8.140000,0.500000,3605.000000,758.805000
rect,MET4,pin,3600.930000,664.555000,3609.070000,665.055000,8.140000,0.500000,3605.000000,664.805000
rect,MET4,pin,3600.930000,570.555000,3609.070000,571.055000,8.140000,0.500000,3605.000000,570.805000
rect,MET4,pin,3600.930000,476.555000,3609.070000,477.055000,8.140000,0.500000,3605.000000,476.805000
rect,MET4,pin,3600.930000,382.555000,3609.070000,383.055000,8.140000,0.500000,3605.000000,382.805000
rect,MET4,pin,3600.930000,288.555000,3609.070000,289.055000,8.140000,0.500000,3605.000000,288.805000
rect,MET4,pin,3600.930000,194.555000,3609.070000,195.055000,8.140000,0.500000,3605.000000,194.805000
rect,MET4,pin,3349.470000,13.555000,3349.970000,21.695000,0.500000,8.140000,3349.720000,17.625000
rect,MET4,pin,3255.470000,13.555000,3255.970000,21.695000,0.500000,8.140000,3255.720000,17.625000
rect,MET4,pin,3161.470000,13.555000,3161.970000,21.695000,0.500000,8.140000,3161.720000,17.625000
rect,MET4,pin,3067.470000,13.555000,3067.970000,21.695000,0.500000,8.140000,3067.720000,17.625000
rect,MET4,pin,2973.470000,13.555000,2973.970000,21.695000,0.500000,8.140000,2973.720000,17.625000
rect,MET4,pin,2879.470000,13.555000,2879.970000,21.695000,0.500000,8.140000,2879.720000,17.625000
rect,MET4,pin,2785.470000,13.555000,2785.970000,21.695000,0.500000,8.140000,2785.720000,17.625000
rect,MET4,pin,2691.470000,13.555000,2691.970000,21.695000,0.500000,8.140000,2691.720000,17.625000
rect,METTPL,pin,-181.370000,189.155000,-149.370000,189.655000,32.000000,0.500000,-165.370000,189.405000
rect,MET5,pin,-181.370000,189.155000,-149.370000,189.655000,32.000000,0.500000,-165.370000,189.405000
rect,MET4,pin,-181.370000,189.155000,-149.370000,189.655000,32.000000,0.500000,-165.370000,189.405000
rect,METTPL,pin,-181.370000,272.655000,-149.370000,273.155000,32.000000,0.500000,-165.370000,272.905000
rect,MET5,pin,-181.370000,272.655000,-149.370000,273.155000,32.000000,0.500000,-165.370000,272.905000
rect,MET4,pin,-181.370000,272.655000,-149.370000,273.155000,32.000000,0.500000,-165.370000,272.905000
rect,METTPL,pin,-181.370000,283.155000,-149.370000,283.655000,32.000000,0.500000,-165.370000,283.405000
rect,MET5,pin,-181.370000,283.155000,-149.370000,283.655000,32.000000,0.500000,-165.370000,283.405000
rect,MET4,pin,-181.370000,283.155000,-149.370000,283.655000,32.000000,0.500000,-165.370000,283.405000
rect,METTPL,pin,-181.370000,366.655000,-149.370000,367.155000,32.000000,0.500000,-165.370000,366.905000
rect,MET5,pin,-181.370000,366.655000,-149.370000,367.155000,32.000000,0.500000,-165.370000,366.905000
rect,MET4,pin,-181.370000,366.655000,-149.370000,367.155000,32.000000,0.500000,-165.370000,366.905000
rect,METTPL,pin,-181.370000,377.155000,-149.370000,377.655000,32.000000,0.500000,-165.370000,377.405000
rect,MET5,pin,-181.370000,377.155000,-149.370000,377.655000,32.000000,0.500000,-165.370000,377.405000
rect,MET4,pin,-181.370000,377.155000,-149.370000,377.655000,32.000000,0.500000,-165.370000,377.405000
rect,METTPL,pin,-181.370000,460.655000,-149.370000,461.155000,32.000000,0.500000,-165.370000,460.905000
rect,MET5,pin,-181.370000,460.655000,-149.370000,461.155000,32.000000,0.500000,-165.370000,460.905000
rect,MET4,pin,-181.370000,460.655000,-149.370000,461.155000,32.000000,0.500000,-165.370000,460.905000
rect,METTPL,pin,-181.370000,471.155000,-149.370000,471.655000,32.000000,0.500000,-165.370000,471.405000
rect,MET5,pin,-181.370000,471.155000,-149.370000,471.655000,32.000000,0.500000,-165.370000,471.405000
rect,MET4,pin,-181.370000,471.155000,-149.370000,471.655000,32.000000,0.500000,-165.370000,471.405000
rect,METTPL,pin,-181.370000,554.655000,-149.370000,555.155000,32.000000,0.500000,-165.370000,554.905000
rect,MET5,pin,-181.370000,554.655000,-149.370000,555.155000,32.000000,0.500000,-165.370000,554.905000
rect,MET4,pin,-181.370000,554.655000,-149.370000,555.155000,32.000000,0.500000,-165.370000,554.905000
rect,METTPL,pin,-181.370000,565.155000,-149.370000,565.655000,32.000000,0.500000,-165.370000,565.405000
rect,MET5,pin,-181.370000,565.155000,-149.370000,565.655000,32.000000,0.500000,-165.370000,565.405000
rect,MET4,pin,-181.370000,565.155000,-149.370000,565.655000,32.000000,0.500000,-165.370000,565.405000
rect,METTPL,pin,-181.370000,648.655000,-149.370000,649.155000,32.000000,0.500000,-165.370000,648.905000
rect,MET5,pin,-181.370000,648.655000,-149.370000,649.155000,32.000000,0.500000,-165.370000,648.905000
rect,MET4,pin,-181.370000,648.655000,-149.370000,649.155000,32.000000,0.500000,-165.370000,648.905000
rect,METTPL,pin,-181.370000,659.155000,-149.370000,659.655000,32.000000,0.500000,-165.370000,659.405000
rect,MET5,pin,-181.370000,659.155000,-149.370000,659.655000,32.000000,0.500000,-165.370000,659.405000
rect,MET4,pin,-181.370000,659.155000,-149.370000,659.655000,32.000000,0.500000,-165.370000,659.405000
rect,METTPL,pin,-181.370000,742.655000,-149.370000,743.155000,32.000000,0.500000,-165.370000,742.905000
rect,MET5,pin,-181.370000,742.655000,-149.370000,743.155000,32.000000,0.500000,-165.370000,742.905000
rect,MET4,pin,-181.370000,742.655000,-149.370000,743.155000,32.000000,0.500000,-165.370000,742.905000
rect,METTPL,pin,-181.370000,753.155000,-149.370000,753.655000,32.000000,0.500000,-165.370000,753.405000
rect,MET5,pin,-181.370000,753.155000,-149.370000,753.655000,32.000000,0.500000,-165.370000,753.405000
rect,MET4,pin,-181.370000,753.155000,-149.370000,753.655000,32.000000,0.500000,-165.370000,753.405000
rect,METTPL,pin,-181.370000,836.655000,-149.370000,837.155000,32.000000,0.500000,-165.370000,836.905000
rect,MET5,pin,-181.370000,836.655000,-149.370000,837.155000,32.000000,0.500000,-165.370000,836.905000
rect,MET4,pin,-181.370000,836.655000,-149.370000,837.155000,32.000000,0.500000,-165.370000,836.905000
rect,METTPL,pin,-181.370000,847.155000,-149.370000,847.655000,32.000000,0.500000,-165.370000,847.405000
rect,MET5,pin,-181.370000,847.155000,-149.370000,847.655000,32.000000,0.500000,-165.370000,847.405000
rect,MET4,pin,-181.370000,847.155000,-149.370000,847.655000,32.000000,0.500000,-165.370000,847.405000
rect,METTPL,pin,-181.370000,930.655000,-149.370000,931.155000,32.000000,0.500000,-165.370000,930.905000
rect,MET5,pin,-181.370000,930.655000,-149.370000,931.155000,32.000000,0.500000,-165.370000,930.905000
rect,MET4,pin,-181.370000,930.655000,-149.370000,931.155000,32.000000,0.500000,-165.370000,930.905000
rect,METTPL,pin,-181.370000,941.155000,-149.370000,941.655000,32.000000,0.500000,-165.370000,941.405000
rect,MET5,pin,-181.370000,941.155000,-149.370000,941.655000,32.000000,0.500000,-165.370000,941.405000
rect,MET4,pin,-181.370000,941.155000,-149.370000,941.655000,32.000000,0.500000,-165.370000,941.405000
rect,METTPL,pin,-181.370000,1024.655000,-149.370000,1025.155000,32.000000,0.500000,-165.370000,1024.905000
rect,MET5,pin,-181.370000,1024.655000,-149.370000,1025.155000,32.000000,0.500000,-165.370000,1024.905000
rect,MET4,pin,-181.370000,1024.655000,-149.370000,1025.155000,32.000000,0.500000,-165.370000,1024.905000
rect,METTPL,pin,-181.370000,1035.155000,-149.370000,1035.655000,32.000000,0.500000,-165.370000,1035.405000
rect,MET5,pin,-181.370000,1035.155000,-149.370000,1035.655000,32.000000,0.500000,-165.370000,1035.405000
rect,MET4,pin,-181.370000,1035.155000,-149.370000,1035.655000,32.000000,0.500000,-165.370000,1035.405000
rect,METTPL,pin,-181.370000,1118.655000,-149.370000,1119.155000,32.000000,0.500000,-165.370000,1118.905000
rect,MET5,pin,-181.370000,1118.655000,-149.370000,1119.155000,32.000000,0.500000,-165.370000,1118.905000
rect,MET4,pin,-181.370000,1118.655000,-149.370000,1119.155000,32.000000,0.500000,-165.370000,1118.905000
rect,METTPL,pin,-181.370000,1129.155000,-149.370000,1129.655000,32.000000,0.500000,-165.370000,1129.405000
rect,MET5,pin,-181.370000,1129.155000,-149.370000,1129.655000,32.000000,0.500000,-165.370000,1129.405000
rect,MET4,pin,-181.370000,1129.155000,-149.370000,1129.655000,32.000000,0.500000,-165.370000,1129.405000
rect,METTPL,pin,-181.370000,1212.655000,-149.370000,1213.155000,32.000000,0.500000,-165.370000,1212.905000
rect,MET5,pin,-181.370000,1212.655000,-149.370000,1213.155000,32.000000,0.500000,-165.370000,1212.905000
rect,MET4,pin,-181.370000,1212.655000,-149.370000,1213.155000,32.000000,0.500000,-165.370000,1212.905000
rect,METTPL,pin,-181.370000,1223.155000,-149.370000,1223.655000,32.000000,0.500000,-165.370000,1223.405000
rect,MET5,pin,-181.370000,1223.155000,-149.370000,1223.655000,32.000000,0.500000,-165.370000,1223.405000
rect,MET4,pin,-181.370000,1223.155000,-149.370000,1223.655000,32.000000,0.500000,-165.370000,1223.405000
rect,METTPL,pin,-181.370000,1306.655000,-149.370000,1307.155000,32.000000,0.500000,-165.370000,1306.905000
rect,MET5,pin,-181.370000,1306.655000,-149.370000,1307.155000,32.000000,0.500000,-165.370000,1306.905000
rect,MET4,pin,-181.370000,1306.655000,-149.370000,1307.155000,32.000000,0.500000,-165.370000,1306.905000
rect,METTPL,pin,-181.370000,1317.155000,-149.370000,1317.655000,32.000000,0.500000,-165.370000,1317.405000
rect,MET5,pin,-181.370000,1317.155000,-149.370000,1317.655000,32.000000,0.500000,-165.370000,1317.405000
rect,MET4,pin,-181.370000,1317.155000,-149.370000,1317.655000,32.000000,0.500000,-165.370000,1317.405000
rect,METTPL,pin,-181.370000,1400.655000,-149.370000,1401.155000,32.000000,0.500000,-165.370000,1400.905000
rect,MET5,pin,-181.370000,1400.655000,-149.370000,1401.155000,32.000000,0.500000,-165.370000,1400.905000
rect,MET4,pin,-181.370000,1400.655000,-149.370000,1401.155000,32.000000,0.500000,-165.370000,1400.905000
rect,METTPL,pin,-181.370000,1411.155000,-149.370000,1411.655000,32.000000,0.500000,-165.370000,1411.405000
rect,MET5,pin,-181.370000,1411.155000,-149.370000,1411.655000,32.000000,0.500000,-165.370000,1411.405000
rect,MET4,pin,-181.370000,1411.155000,-149.370000,1411.655000,32.000000,0.500000,-165.370000,1411.405000
rect,METTPL,pin,-181.370000,1494.655000,-149.370000,1495.155000,32.000000,0.500000,-165.370000,1494.905000
rect,MET5,pin,-181.370000,1494.655000,-149.370000,1495.155000,32.000000,0.500000,-165.370000,1494.905000
rect,MET4,pin,-181.370000,1494.655000,-149.370000,1495.155000,32.000000,0.500000,-165.370000,1494.905000
rect,METTPL,pin,-181.370000,1505.155000,-149.370000,1505.655000,32.000000,0.500000,-165.370000,1505.405000
rect,MET5,pin,-181.370000,1505.155000,-149.370000,1505.655000,32.000000,0.500000,-165.370000,1505.405000
rect,MET4,pin,-181.370000,1505.155000,-149.370000,1505.655000,32.000000,0.500000,-165.370000,1505.405000
rect,METTPL,pin,-181.370000,1588.655000,-149.370000,1589.155000,32.000000,0.500000,-165.370000,1588.905000
rect,MET5,pin,-181.370000,1588.655000,-149.370000,1589.155000,32.000000,0.500000,-165.370000,1588.905000
rect,MET4,pin,-181.370000,1588.655000,-149.370000,1589.155000,32.000000,0.500000,-165.370000,1588.905000
rect,METTPL,pin,-181.370000,1599.155000,-149.370000,1599.655000,32.000000,0.500000,-165.370000,1599.405000
rect,MET5,pin,-181.370000,1599.155000,-149.370000,1599.655000,32.000000,0.500000,-165.370000,1599.405000
rect,MET4,pin,-181.370000,1599.155000,-149.370000,1599.655000,32.000000,0.500000,-165.370000,1599.405000
rect,METTPL,pin,-181.370000,1682.655000,-149.370000,1683.155000,32.000000,0.500000,-165.370000,1682.905000
rect,MET5,pin,-181.370000,1682.655000,-149.370000,1683.155000,32.000000,0.500000,-165.370000,1682.905000
rect,MET4,pin,-181.370000,1682.655000,-149.370000,1683.155000,32.000000,0.500000,-165.370000,1682.905000
rect,METTPL,pin,-181.370000,1693.155000,-149.370000,1693.655000,32.000000,0.500000,-165.370000,1693.405000
rect,MET5,pin,-181.370000,1693.155000,-149.370000,1693.655000,32.000000,0.500000,-165.370000,1693.405000
rect,MET4,pin,-181.370000,1693.155000,-149.370000,1693.655000,32.000000,0.500000,-165.370000,1693.405000
rect,METTPL,pin,-181.370000,1776.655000,-149.370000,1777.155000,32.000000,0.500000,-165.370000,1776.905000
rect,MET5,pin,-181.370000,1776.655000,-149.370000,1777.155000,32.000000,0.500000,-165.370000,1776.905000
rect,MET4,pin,-181.370000,1776.655000,-149.370000,1777.155000,32.000000,0.500000,-165.370000,1776.905000
rect,METTPL,pin,-181.370000,1787.155000,-149.370000,1787.655000,32.000000,0.500000,-165.370000,1787.405000
rect,MET5,pin,-181.370000,1787.155000,-149.370000,1787.655000,32.000000,0.500000,-165.370000,1787.405000
rect,MET4,pin,-181.370000,1787.155000,-149.370000,1787.655000,32.000000,0.500000,-165.370000,1787.405000
rect,METTPL,pin,-181.370000,1870.655000,-149.370000,1871.155000,32.000000,0.500000,-165.370000,1870.905000
rect,MET5,pin,-181.370000,1870.655000,-149.370000,1871.155000,32.000000,0.500000,-165.370000,1870.905000
rect,MET4,pin,-181.370000,1870.655000,-149.370000,1871.155000,32.000000,0.500000,-165.370000,1870.905000
rect,METTPL,pin,-181.370000,1881.155000,-149.370000,1881.655000,32.000000,0.500000,-165.370000,1881.405000
rect,MET5,pin,-181.370000,1881.155000,-149.370000,1881.655000,32.000000,0.500000,-165.370000,1881.405000
rect,MET4,pin,-181.370000,1881.155000,-149.370000,1881.655000,32.000000,0.500000,-165.370000,1881.405000
rect,METTPL,pin,-181.370000,1964.655000,-149.370000,1965.155000,32.000000,0.500000,-165.370000,1964.905000
rect,MET5,pin,-181.370000,1964.655000,-149.370000,1965.155000,32.000000,0.500000,-165.370000,1964.905000
rect,MET4,pin,-181.370000,1964.655000,-149.370000,1965.155000,32.000000,0.500000,-165.370000,1964.905000
rect,METTPL,pin,-181.370000,1975.155000,-149.370000,1975.655000,32.000000,0.500000,-165.370000,1975.405000
rect,MET5,pin,-181.370000,1975.155000,-149.370000,1975.655000,32.000000,0.500000,-165.370000,1975.405000
rect,MET4,pin,-181.370000,1975.155000,-149.370000,1975.655000,32.000000,0.500000,-165.370000,1975.405000
rect,METTPL,pin,-181.370000,2058.655000,-149.370000,2059.155000,32.000000,0.500000,-165.370000,2058.905000
rect,MET5,pin,-181.370000,2058.655000,-149.370000,2059.155000,32.000000,0.500000,-165.370000,2058.905000
rect,MET4,pin,-181.370000,2058.655000,-149.370000,2059.155000,32.000000,0.500000,-165.370000,2058.905000
rect,METTPL,pin,-181.370000,2069.155000,-149.370000,2069.655000,32.000000,0.500000,-165.370000,2069.405000
rect,MET5,pin,-181.370000,2069.155000,-149.370000,2069.655000,32.000000,0.500000,-165.370000,2069.405000
rect,MET4,pin,-181.370000,2069.155000,-149.370000,2069.655000,32.000000,0.500000,-165.370000,2069.405000
rect,METTPL,pin,-181.370000,2152.655000,-149.370000,2153.155000,32.000000,0.500000,-165.370000,2152.905000
rect,MET5,pin,-181.370000,2152.655000,-149.370000,2153.155000,32.000000,0.500000,-165.370000,2152.905000
rect,MET4,pin,-181.370000,2152.655000,-149.370000,2153.155000,32.000000,0.500000,-165.370000,2152.905000
rect,METTPL,pin,-181.370000,2163.155000,-149.370000,2163.655000,32.000000,0.500000,-165.370000,2163.405000
rect,MET5,pin,-181.370000,2163.155000,-149.370000,2163.655000,32.000000,0.500000,-165.370000,2163.405000
rect,MET4,pin,-181.370000,2163.155000,-149.370000,2163.655000,32.000000,0.500000,-165.370000,2163.405000
rect,METTPL,pin,-181.370000,2246.655000,-149.370000,2247.155000,32.000000,0.500000,-165.370000,2246.905000
rect,MET5,pin,-181.370000,2246.655000,-149.370000,2247.155000,32.000000,0.500000,-165.370000,2246.905000
rect,MET4,pin,-181.370000,2246.655000,-149.370000,2247.155000,32.000000,0.500000,-165.370000,2246.905000
rect,METTPL,pin,-181.370000,2257.155000,-149.370000,2257.655000,32.000000,0.500000,-165.370000,2257.405000
rect,MET5,pin,-181.370000,2257.155000,-149.370000,2257.655000,32.000000,0.500000,-165.370000,2257.405000
rect,MET4,pin,-181.370000,2257.155000,-149.370000,2257.655000,32.000000,0.500000,-165.370000,2257.405000
rect,METTPL,pin,-181.370000,2340.655000,-149.370000,2341.155000,32.000000,0.500000,-165.370000,2340.905000
rect,MET5,pin,-181.370000,2340.655000,-149.370000,2341.155000,32.000000,0.500000,-165.370000,2340.905000
rect,MET4,pin,-181.370000,2340.655000,-149.370000,2341.155000,32.000000,0.500000,-165.370000,2340.905000
rect,METTPL,pin,-181.370000,2351.155000,-149.370000,2351.655000,32.000000,0.500000,-165.370000,2351.405000
rect,MET5,pin,-181.370000,2351.155000,-149.370000,2351.655000,32.000000,0.500000,-165.370000,2351.405000
rect,MET4,pin,-181.370000,2351.155000,-149.370000,2351.655000,32.000000,0.500000,-165.370000,2351.405000
rect,METTPL,pin,-181.370000,2434.655000,-149.370000,2435.155000,32.000000,0.500000,-165.370000,2434.905000
rect,MET5,pin,-181.370000,2434.655000,-149.370000,2435.155000,32.000000,0.500000,-165.370000,2434.905000
rect,MET4,pin,-181.370000,2434.655000,-149.370000,2435.155000,32.000000,0.500000,-165.370000,2434.905000
rect,METTPL,pin,-181.370000,2445.155000,-149.370000,2445.655000,32.000000,0.500000,-165.370000,2445.405000
rect,MET5,pin,-181.370000,2445.155000,-149.370000,2445.655000,32.000000,0.500000,-165.370000,2445.405000
rect,MET4,pin,-181.370000,2445.155000,-149.370000,2445.655000,32.000000,0.500000,-165.370000,2445.405000
rect,METTPL,pin,-181.370000,2528.655000,-149.370000,2529.155000,32.000000,0.500000,-165.370000,2528.905000
rect,MET5,pin,-181.370000,2528.655000,-149.370000,2529.155000,32.000000,0.500000,-165.370000,2528.905000
rect,MET4,pin,-181.370000,2528.655000,-149.370000,2529.155000,32.000000,0.500000,-165.370000,2528.905000
rect,METTPL,pin,54.070000,2557.895000,54.570000,2589.895000,0.500000,32.000000,54.320000,2573.895000
rect,MET5,pin,54.070000,2557.895000,54.570000,2589.895000,0.500000,32.000000,54.320000,2573.895000
rect,MET4,pin,54.070000,2557.895000,54.570000,2589.895000,0.500000,32.000000,54.320000,2573.895000
rect,METTPL,pin,137.570000,2557.895000,138.070000,2589.895000,0.500000,32.000000,137.820000,2573.895000
rect,MET5,pin,137.570000,2557.895000,138.070000,2589.895000,0.500000,32.000000,137.820000,2573.895000
rect,MET4,pin,137.570000,2557.895000,138.070000,2589.895000,0.500000,32.000000,137.820000,2573.895000
rect,METTPL,pin,148.070000,2557.895000,148.570000,2589.895000,0.500000,32.000000,148.320000,2573.895000
rect,MET5,pin,148.070000,2557.895000,148.570000,2589.895000,0.500000,32.000000,148.320000,2573.895000
rect,MET4,pin,148.070000,2557.895000,148.570000,2589.895000,0.500000,32.000000,148.320000,2573.895000
rect,METTPL,pin,231.570000,2557.895000,232.070000,2589.895000,0.500000,32.000000,231.820000,2573.895000
rect,MET5,pin,231.570000,2557.895000,232.070000,2589.895000,0.500000,32.000000,231.820000,2573.895000
rect,MET4,pin,231.570000,2557.895000,232.070000,2589.895000,0.500000,32.000000,231.820000,2573.895000
rect,METTPL,pin,242.070000,2557.895000,242.570000,2589.895000,0.500000,32.000000,242.320000,2573.895000
rect,MET5,pin,242.070000,2557.895000,242.570000,2589.895000,0.500000,32.000000,242.320000,2573.895000
rect,MET4,pin,242.070000,2557.895000,242.570000,2589.895000,0.500000,32.000000,242.320000,2573.895000
rect,METTPL,pin,325.570000,2557.895000,326.070000,2589.895000,0.500000,32.000000,325.820000,2573.895000
rect,MET5,pin,325.570000,2557.895000,326.070000,2589.895000,0.500000,32.000000,325.820000,2573.895000
rect,MET4,pin,325.570000,2557.895000,326.070000,2589.895000,0.500000,32.000000,325.820000,2573.895000
rect,METTPL,pin,336.070000,2557.895000,336.570000,2589.895000,0.500000,32.000000,336.320000,2573.895000
rect,MET5,pin,336.070000,2557.895000,336.570000,2589.895000,0.500000,32.000000,336.320000,2573.895000
rect,MET4,pin,336.070000,2557.895000,336.570000,2589.895000,0.500000,32.000000,336.320000,2573.895000
rect,METTPL,pin,419.570000,2557.895000,420.070000,2589.895000,0.500000,32.000000,419.820000,2573.895000
rect,MET5,pin,419.570000,2557.895000,420.070000,2589.895000,0.500000,32.000000,419.820000,2573.895000
rect,MET4,pin,419.570000,2557.895000,420.070000,2589.895000,0.500000,32.000000,419.820000,2573.895000
rect,METTPL,pin,3456.810000,2534.055000,3488.810000,2534.555000,32.000000,0.500000,3472.810000,2534.305000
rect,MET5,pin,3456.810000,2534.055000,3488.810000,2534.555000,32.000000,0.500000,3472.810000,2534.305000
rect,MET4,pin,3456.810000,2534.055000,3488.810000,2534.555000,32.000000,0.500000,3472.810000,2534.305000
rect,METTPL,pin,3456.810000,2450.555000,3488.810000,2451.055000,32.000000,0.500000,3472.810000,2450.805000
rect,MET5,pin,3456.810000,2450.555000,3488.810000,2451.055000,32.000000,0.500000,3472.810000,2450.805000
rect,MET4,pin,3456.810000,2450.555000,3488.810000,2451.055000,32.000000,0.500000,3472.810000,2450.805000
rect,METTPL,pin,3456.810000,2440.055000,3488.810000,2440.555000,32.000000,0.500000,3472.810000,2440.305000
rect,MET5,pin,3456.810000,2440.055000,3488.810000,2440.555000,32.000000,0.500000,3472.810000,2440.305000
rect,MET4,pin,3456.810000,2440.055000,3488.810000,2440.555000,32.000000,0.500000,3472.810000,2440.305000
rect,METTPL,pin,3456.810000,2356.555000,3488.810000,2357.055000,32.000000,0.500000,3472.810000,2356.805000
rect,MET5,pin,3456.810000,2356.555000,3488.810000,2357.055000,32.000000,0.500000,3472.810000,2356.805000
rect,MET4,pin,3456.810000,2356.555000,3488.810000,2357.055000,32.000000,0.500000,3472.810000,2356.805000
rect,METTPL,pin,3456.810000,2346.055000,3488.810000,2346.555000,32.000000,0.500000,3472.810000,2346.305000
rect,MET5,pin,3456.810000,2346.055000,3488.810000,2346.555000,32.000000,0.500000,3472.810000,2346.305000
rect,MET4,pin,3456.810000,2346.055000,3488.810000,2346.555000,32.000000,0.500000,3472.810000,2346.305000
rect,METTPL,pin,3456.810000,2262.555000,3488.810000,2263.055000,32.000000,0.500000,3472.810000,2262.805000
rect,MET5,pin,3456.810000,2262.555000,3488.810000,2263.055000,32.000000,0.500000,3472.810000,2262.805000
rect,MET4,pin,3456.810000,2262.555000,3488.810000,2263.055000,32.000000,0.500000,3472.810000,2262.805000
rect,METTPL,pin,3456.810000,2252.055000,3488.810000,2252.555000,32.000000,0.500000,3472.810000,2252.305000
rect,MET5,pin,3456.810000,2252.055000,3488.810000,2252.555000,32.000000,0.500000,3472.810000,2252.305000
rect,MET4,pin,3456.810000,2252.055000,3488.810000,2252.555000,32.000000,0.500000,3472.810000,2252.305000
rect,METTPL,pin,3456.810000,2168.555000,3488.810000,2169.055000,32.000000,0.500000,3472.810000,2168.805000
rect,MET5,pin,3456.810000,2168.555000,3488.810000,2169.055000,32.000000,0.500000,3472.810000,2168.805000
rect,MET4,pin,3456.810000,2168.555000,3488.810000,2169.055000,32.000000,0.500000,3472.810000,2168.805000
rect,METTPL,pin,3456.810000,2158.055000,3488.810000,2158.555000,32.000000,0.500000,3472.810000,2158.305000
rect,MET5,pin,3456.810000,2158.055000,3488.810000,2158.555000,32.000000,0.500000,3472.810000,2158.305000
rect,MET4,pin,3456.810000,2158.055000,3488.810000,2158.555000,32.000000,0.500000,3472.810000,2158.305000
rect,METTPL,pin,3456.810000,2074.555000,3488.810000,2075.055000,32.000000,0.500000,3472.810000,2074.805000
rect,MET5,pin,3456.810000,2074.555000,3488.810000,2075.055000,32.000000,0.500000,3472.810000,2074.805000
rect,MET4,pin,3456.810000,2074.555000,3488.810000,2075.055000,32.000000,0.500000,3472.810000,2074.805000
rect,METTPL,pin,3456.810000,2064.055000,3488.810000,2064.555000,32.000000,0.500000,3472.810000,2064.305000
rect,MET5,pin,3456.810000,2064.055000,3488.810000,2064.555000,32.000000,0.500000,3472.810000,2064.305000
rect,MET4,pin,3456.810000,2064.055000,3488.810000,2064.555000,32.000000,0.500000,3472.810000,2064.305000
rect,METTPL,pin,3456.810000,1980.555000,3488.810000,1981.055000,32.000000,0.500000,3472.810000,1980.805000
rect,MET5,pin,3456.810000,1980.555000,3488.810000,1981.055000,32.000000,0.500000,3472.810000,1980.805000
rect,MET4,pin,3456.810000,1980.555000,3488.810000,1981.055000,32.000000,0.500000,3472.810000,1980.805000
rect,METTPL,pin,3456.810000,1970.055000,3488.810000,1970.555000,32.000000,0.500000,3472.810000,1970.305000
rect,MET5,pin,3456.810000,1970.055000,3488.810000,1970.555000,32.000000,0.500000,3472.810000,1970.305000
rect,MET4,pin,3456.810000,1970.055000,3488.810000,1970.555000,32.000000,0.500000,3472.810000,1970.305000
rect,METTPL,pin,3456.810000,1886.555000,3488.810000,1887.055000,32.000000,0.500000,3472.810000,1886.805000
rect,MET5,pin,3456.810000,1886.555000,3488.810000,1887.055000,32.000000,0.500000,3472.810000,1886.805000
rect,MET4,pin,3456.810000,1886.555000,3488.810000,1887.055000,32.000000,0.500000,3472.810000,1886.805000
rect,METTPL,pin,3456.810000,1876.055000,3488.810000,1876.555000,32.000000,0.500000,3472.810000,1876.305000
rect,MET5,pin,3456.810000,1876.055000,3488.810000,1876.555000,32.000000,0.500000,3472.810000,1876.305000
rect,MET4,pin,3456.810000,1876.055000,3488.810000,1876.555000,32.000000,0.500000,3472.810000,1876.305000
rect,METTPL,pin,3456.810000,1792.555000,3488.810000,1793.055000,32.000000,0.500000,3472.810000,1792.805000
rect,MET5,pin,3456.810000,1792.555000,3488.810000,1793.055000,32.000000,0.500000,3472.810000,1792.805000
rect,MET4,pin,3456.810000,1792.555000,3488.810000,1793.055000,32.000000,0.500000,3472.810000,1792.805000
rect,METTPL,pin,3456.810000,1782.055000,3488.810000,1782.555000,32.000000,0.500000,3472.810000,1782.305000
rect,MET5,pin,3456.810000,1782.055000,3488.810000,1782.555000,32.000000,0.500000,3472.810000,1782.305000
rect,MET4,pin,3456.810000,1782.055000,3488.810000,1782.555000,32.000000,0.500000,3472.810000,1782.305000
rect,METTPL,pin,3456.810000,1698.555000,3488.810000,1699.055000,32.000000,0.500000,3472.810000,1698.805000
rect,MET5,pin,3456.810000,1698.555000,3488.810000,1699.055000,32.000000,0.500000,3472.810000,1698.805000
rect,MET4,pin,3456.810000,1698.555000,3488.810000,1699.055000,32.000000,0.500000,3472.810000,1698.805000
rect,METTPL,pin,3456.810000,1688.055000,3488.810000,1688.555000,32.000000,0.500000,3472.810000,1688.305000
rect,MET5,pin,3456.810000,1688.055000,3488.810000,1688.555000,32.000000,0.500000,3472.810000,1688.305000
rect,MET4,pin,3456.810000,1688.055000,3488.810000,1688.555000,32.000000,0.500000,3472.810000,1688.305000
rect,METTPL,pin,3456.810000,1604.555000,3488.810000,1605.055000,32.000000,0.500000,3472.810000,1604.805000
rect,MET5,pin,3456.810000,1604.555000,3488.810000,1605.055000,32.000000,0.500000,3472.810000,1604.805000
rect,MET4,pin,3456.810000,1604.555000,3488.810000,1605.055000,32.000000,0.500000,3472.810000,1604.805000
rect,METTPL,pin,3456.810000,1594.055000,3488.810000,1594.555000,32.000000,0.500000,3472.810000,1594.305000
rect,MET5,pin,3456.810000,1594.055000,3488.810000,1594.555000,32.000000,0.500000,3472.810000,1594.305000
rect,MET4,pin,3456.810000,1594.055000,3488.810000,1594.555000,32.000000,0.500000,3472.810000,1594.305000
rect,METTPL,pin,3456.810000,1510.555000,3488.810000,1511.055000,32.000000,0.500000,3472.810000,1510.805000
rect,MET5,pin,3456.810000,1510.555000,3488.810000,1511.055000,32.000000,0.500000,3472.810000,1510.805000
rect,MET4,pin,3456.810000,1510.555000,3488.810000,1511.055000,32.000000,0.500000,3472.810000,1510.805000
rect,METTPL,pin,3456.810000,1500.055000,3488.810000,1500.555000,32.000000,0.500000,3472.810000,1500.305000
rect,MET5,pin,3456.810000,1500.055000,3488.810000,1500.555000,32.000000,0.500000,3472.810000,1500.305000
rect,MET4,pin,3456.810000,1500.055000,3488.810000,1500.555000,32.000000,0.500000,3472.810000,1500.305000
rect,METTPL,pin,3456.810000,1416.555000,3488.810000,1417.055000,32.000000,0.500000,3472.810000,1416.805000
rect,MET5,pin,3456.810000,1416.555000,3488.810000,1417.055000,32.000000,0.500000,3472.810000,1416.805000
rect,MET4,pin,3456.810000,1416.555000,3488.810000,1417.055000,32.000000,0.500000,3472.810000,1416.805000
rect,METTPL,pin,3456.810000,1406.055000,3488.810000,1406.555000,32.000000,0.500000,3472.810000,1406.305000
rect,MET5,pin,3456.810000,1406.055000,3488.810000,1406.555000,32.000000,0.500000,3472.810000,1406.305000
rect,MET4,pin,3456.810000,1406.055000,3488.810000,1406.555000,32.000000,0.500000,3472.810000,1406.305000
rect,METTPL,pin,3456.810000,1322.555000,3488.810000,1323.055000,32.000000,0.500000,3472.810000,1322.805000
rect,MET5,pin,3456.810000,1322.555000,3488.810000,1323.055000,32.000000,0.500000,3472.810000,1322.805000
rect,MET4,pin,3456.810000,1322.555000,3488.810000,1323.055000,32.000000,0.500000,3472.810000,1322.805000
rect,METTPL,pin,3456.810000,1312.055000,3488.810000,1312.555000,32.000000,0.500000,3472.810000,1312.305000
rect,MET5,pin,3456.810000,1312.055000,3488.810000,1312.555000,32.000000,0.500000,3472.810000,1312.305000
rect,MET4,pin,3456.810000,1312.055000,3488.810000,1312.555000,32.000000,0.500000,3472.810000,1312.305000
rect,METTPL,pin,3456.810000,1228.555000,3488.810000,1229.055000,32.000000,0.500000,3472.810000,1228.805000
rect,MET5,pin,3456.810000,1228.555000,3488.810000,1229.055000,32.000000,0.500000,3472.810000,1228.805000
rect,MET4,pin,3456.810000,1228.555000,3488.810000,1229.055000,32.000000,0.500000,3472.810000,1228.805000
rect,METTPL,pin,3456.810000,1218.055000,3488.810000,1218.555000,32.000000,0.500000,3472.810000,1218.305000
rect,MET5,pin,3456.810000,1218.055000,3488.810000,1218.555000,32.000000,0.500000,3472.810000,1218.305000
rect,MET4,pin,3456.810000,1218.055000,3488.810000,1218.555000,32.000000,0.500000,3472.810000,1218.305000
rect,METTPL,pin,3456.810000,1134.555000,3488.810000,1135.055000,32.000000,0.500000,3472.810000,1134.805000
rect,MET5,pin,3456.810000,1134.555000,3488.810000,1135.055000,32.000000,0.500000,3472.810000,1134.805000
rect,MET4,pin,3456.810000,1134.555000,3488.810000,1135.055000,32.000000,0.500000,3472.810000,1134.805000
rect,METTPL,pin,3456.810000,1124.055000,3488.810000,1124.555000,32.000000,0.500000,3472.810000,1124.305000
rect,MET5,pin,3456.810000,1124.055000,3488.810000,1124.555000,32.000000,0.500000,3472.810000,1124.305000
rect,MET4,pin,3456.810000,1124.055000,3488.810000,1124.555000,32.000000,0.500000,3472.810000,1124.305000
rect,METTPL,pin,3456.810000,1040.555000,3488.810000,1041.055000,32.000000,0.500000,3472.810000,1040.805000
rect,MET5,pin,3456.810000,1040.555000,3488.810000,1041.055000,32.000000,0.500000,3472.810000,1040.805000
rect,MET4,pin,3456.810000,1040.555000,3488.810000,1041.055000,32.000000,0.500000,3472.810000,1040.805000
rect,METTPL,pin,3456.810000,1030.055000,3488.810000,1030.555000,32.000000,0.500000,3472.810000,1030.305000
rect,MET5,pin,3456.810000,1030.055000,3488.810000,1030.555000,32.000000,0.500000,3472.810000,1030.305000
rect,MET4,pin,3456.810000,1030.055000,3488.810000,1030.555000,32.000000,0.500000,3472.810000,1030.305000
rect,METTPL,pin,3456.810000,946.555000,3488.810000,947.055000,32.000000,0.500000,3472.810000,946.805000
rect,MET5,pin,3456.810000,946.555000,3488.810000,947.055000,32.000000,0.500000,3472.810000,946.805000
rect,MET4,pin,3456.810000,946.555000,3488.810000,947.055000,32.000000,0.500000,3472.810000,946.805000
rect,METTPL,pin,3456.810000,936.055000,3488.810000,936.555000,32.000000,0.500000,3472.810000,936.305000
rect,MET5,pin,3456.810000,936.055000,3488.810000,936.555000,32.000000,0.500000,3472.810000,936.305000
rect,MET4,pin,3456.810000,936.055000,3488.810000,936.555000,32.000000,0.500000,3472.810000,936.305000
rect,METTPL,pin,3456.810000,852.555000,3488.810000,853.055000,32.000000,0.500000,3472.810000,852.805000
rect,MET5,pin,3456.810000,852.555000,3488.810000,853.055000,32.000000,0.500000,3472.810000,852.805000
rect,MET4,pin,3456.810000,852.555000,3488.810000,853.055000,32.000000,0.500000,3472.810000,852.805000
rect,METTPL,pin,3456.810000,842.055000,3488.810000,842.555000,32.000000,0.500000,3472.810000,842.305000
rect,MET5,pin,3456.810000,842.055000,3488.810000,842.555000,32.000000,0.500000,3472.810000,842.305000
rect,MET4,pin,3456.810000,842.055000,3488.810000,842.555000,32.000000,0.500000,3472.810000,842.305000
rect,METTPL,pin,3456.810000,758.555000,3488.810000,759.055000,32.000000,0.500000,3472.810000,758.805000
rect,MET5,pin,3456.810000,758.555000,3488.810000,759.055000,32.000000,0.500000,3472.810000,758.805000
rect,MET4,pin,3456.810000,758.555000,3488.810000,759.055000,32.000000,0.500000,3472.810000,758.805000
rect,METTPL,pin,3456.810000,748.055000,3488.810000,748.555000,32.000000,0.500000,3472.810000,748.305000
rect,MET5,pin,3456.810000,748.055000,3488.810000,748.555000,32.000000,0.500000,3472.810000,748.305000
rect,MET4,pin,3456.810000,748.055000,3488.810000,748.555000,32.000000,0.500000,3472.810000,748.305000
rect,METTPL,pin,3456.810000,664.555000,3488.810000,665.055000,32.000000,0.500000,3472.810000,664.805000
rect,MET5,pin,3456.810000,664.555000,3488.810000,665.055000,32.000000,0.500000,3472.810000,664.805000
rect,MET4,pin,3456.810000,664.555000,3488.810000,665.055000,32.000000,0.500000,3472.810000,664.805000
rect,METTPL,pin,3456.810000,654.055000,3488.810000,654.555000,32.000000,0.500000,3472.810000,654.305000
rect,MET5,pin,3456.810000,654.055000,3488.810000,654.555000,32.000000,0.500000,3472.810000,654.305000
rect,MET4,pin,3456.810000,654.055000,3488.810000,654.555000,32.000000,0.500000,3472.810000,654.305000
rect,METTPL,pin,3456.810000,570.555000,3488.810000,571.055000,32.000000,0.500000,3472.810000,570.805000
rect,MET5,pin,3456.810000,570.555000,3488.810000,571.055000,32.000000,0.500000,3472.810000,570.805000
rect,MET4,pin,3456.810000,570.555000,3488.810000,571.055000,32.000000,0.500000,3472.810000,570.805000
rect,METTPL,pin,3456.810000,560.055000,3488.810000,560.555000,32.000000,0.500000,3472.810000,560.305000
rect,MET5,pin,3456.810000,560.055000,3488.810000,560.555000,32.000000,0.500000,3472.810000,560.305000
rect,MET4,pin,3456.810000,560.055000,3488.810000,560.555000,32.000000,0.500000,3472.810000,560.305000
rect,METTPL,pin,3456.810000,476.555000,3488.810000,477.055000,32.000000,0.500000,3472.810000,476.805000
rect,MET5,pin,3456.810000,476.555000,3488.810000,477.055000,32.000000,0.500000,3472.810000,476.805000
rect,MET4,pin,3456.810000,476.555000,3488.810000,477.055000,32.000000,0.500000,3472.810000,476.805000
rect,METTPL,pin,3456.810000,466.055000,3488.810000,466.555000,32.000000,0.500000,3472.810000,466.305000
rect,MET5,pin,3456.810000,466.055000,3488.810000,466.555000,32.000000,0.500000,3472.810000,466.305000
rect,MET4,pin,3456.810000,466.055000,3488.810000,466.555000,32.000000,0.500000,3472.810000,466.305000
rect,METTPL,pin,3456.810000,382.555000,3488.810000,383.055000,32.000000,0.500000,3472.810000,382.805000
rect,MET5,pin,3456.810000,382.555000,3488.810000,383.055000,32.000000,0.500000,3472.810000,382.805000
rect,MET4,pin,3456.810000,382.555000,3488.810000,383.055000,32.000000,0.500000,3472.810000,382.805000
rect,METTPL,pin,3456.810000,372.055000,3488.810000,372.555000,32.000000,0.500000,3472.810000,372.305000
rect,MET5,pin,3456.810000,372.055000,3488.810000,372.555000,32.000000,0.500000,3472.810000,372.305000
rect,MET4,pin,3456.810000,372.055000,3488.810000,372.555000,32.000000,0.500000,3472.810000,372.305000
rect,METTPL,pin,3456.810000,288.555000,3488.810000,289.055000,32.000000,0.500000,3472.810000,288.805000
rect,MET5,pin,3456.810000,288.555000,3488.810000,289.055000,32.000000,0.500000,3472.810000,288.805000
rect,MET4,pin,3456.810000,288.555000,3488.810000,289.055000,32.000000,0.500000,3472.810000,288.805000
rect,METTPL,pin,3456.810000,278.055000,3488.810000,278.555000,32.000000,0.500000,3472.810000,278.305000
rect,MET5,pin,3456.810000,278.055000,3488.810000,278.555000,32.000000,0.500000,3472.810000,278.305000
rect,MET4,pin,3456.810000,278.055000,3488.810000,278.555000,32.000000,0.500000,3472.810000,278.305000
rect,METTPL,pin,3456.810000,194.555000,3488.810000,195.055000,32.000000,0.500000,3472.810000,194.805000
rect,MET5,pin,3456.810000,194.555000,3488.810000,195.055000,32.000000,0.500000,3472.810000,194.805000
rect,MET4,pin,3456.810000,194.555000,3488.810000,195.055000,32.000000,0.500000,3472.810000,194.805000
rect,METTPL,pin,3432.970000,133.815000,3433.470000,165.815000,0.500000,32.000000,3433.220000,149.815000
rect,MET5,pin,3432.970000,133.815000,3433.470000,165.815000,0.500000,32.000000,3433.220000,149.815000
rect,MET4,pin,3432.970000,133.815000,3433.470000,165.815000,0.500000,32.000000,3433.220000,149.815000
rect,METTPL,pin,3349.470000,133.815000,3349.970000,165.815000,0.500000,32.000000,3349.720000,149.815000
rect,MET5,pin,3349.470000,133.815000,3349.970000,165.815000,0.500000,32.000000,3349.720000,149.815000
rect,MET4,pin,3349.470000,133.815000,3349.970000,165.815000,0.500000,32.000000,3349.720000,149.815000
rect,METTPL,pin,3338.970000,133.815000,3339.470000,165.815000,0.500000,32.000000,3339.220000,149.815000
rect,MET5,pin,3338.970000,133.815000,3339.470000,165.815000,0.500000,32.000000,3339.220000,149.815000
rect,MET4,pin,3338.970000,133.815000,3339.470000,165.815000,0.500000,32.000000,3339.220000,149.815000
rect,METTPL,pin,3255.470000,133.815000,3255.970000,165.815000,0.500000,32.000000,3255.720000,149.815000
rect,MET5,pin,3255.470000,133.815000,3255.970000,165.815000,0.500000,32.000000,3255.720000,149.815000
rect,MET4,pin,3255.470000,133.815000,3255.970000,165.815000,0.500000,32.000000,3255.720000,149.815000
rect,METTPL,pin,3244.970000,133.815000,3245.470000,165.815000,0.500000,32.000000,3245.220000,149.815000
rect,MET5,pin,3244.970000,133.815000,3245.470000,165.815000,0.500000,32.000000,3245.220000,149.815000
rect,MET4,pin,3244.970000,133.815000,3245.470000,165.815000,0.500000,32.000000,3245.220000,149.815000
rect,METTPL,pin,3161.470000,133.815000,3161.970000,165.815000,0.500000,32.000000,3161.720000,149.815000
rect,MET5,pin,3161.470000,133.815000,3161.970000,165.815000,0.500000,32.000000,3161.720000,149.815000
rect,MET4,pin,3161.470000,133.815000,3161.970000,165.815000,0.500000,32.000000,3161.720000,149.815000
rect,METTPL,pin,3150.970000,133.815000,3151.470000,165.815000,0.500000,32.000000,3151.220000,149.815000
rect,MET5,pin,3150.970000,133.815000,3151.470000,165.815000,0.500000,32.000000,3151.220000,149.815000
rect,MET4,pin,3150.970000,133.815000,3151.470000,165.815000,0.500000,32.000000,3151.220000,149.815000
rect,METTPL,pin,3067.470000,133.815000,3067.970000,165.815000,0.500000,32.000000,3067.720000,149.815000
rect,MET5,pin,3067.470000,133.815000,3067.970000,165.815000,0.500000,32.000000,3067.720000,149.815000
rect,MET4,pin,3067.470000,133.815000,3067.970000,165.815000,0.500000,32.000000,3067.720000,149.815000
rect,METTPL,pin,3056.970000,133.815000,3057.470000,165.815000,0.500000,32.000000,3057.220000,149.815000
rect,MET5,pin,3056.970000,133.815000,3057.470000,165.815000,0.500000,32.000000,3057.220000,149.815000
rect,MET4,pin,3056.970000,133.815000,3057.470000,165.815000,0.500000,32.000000,3057.220000,149.815000
rect,METTPL,pin,2973.470000,133.815000,2973.970000,165.815000,0.500000,32.000000,2973.720000,149.815000
rect,MET5,pin,2973.470000,133.815000,2973.970000,165.815000,0.500000,32.000000,2973.720000,149.815000
rect,MET4,pin,2973.470000,133.815000,2973.970000,165.815000,0.500000,32.000000,2973.720000,149.815000
rect,METTPL,pin,2962.970000,133.815000,2963.470000,165.815000,0.500000,32.000000,2963.220000,149.815000
rect,MET5,pin,2962.970000,133.815000,2963.470000,165.815000,0.500000,32.000000,2963.220000,149.815000
rect,MET4,pin,2962.970000,133.815000,2963.470000,165.815000,0.500000,32.000000,2963.220000,149.815000
rect,METTPL,pin,2879.470000,133.815000,2879.970000,165.815000,0.500000,32.000000,2879.720000,149.815000
rect,MET5,pin,2879.470000,133.815000,2879.970000,165.815000,0.500000,32.000000,2879.720000,149.815000
rect,MET4,pin,2879.470000,133.815000,2879.970000,165.815000,0.500000,32.000000,2879.720000,149.815000
rect,METTPL,pin,2868.970000,133.815000,2869.470000,165.815000,0.500000,32.000000,2869.220000,149.815000
rect,MET5,pin,2868.970000,133.815000,2869.470000,165.815000,0.500000,32.000000,2869.220000,149.815000
rect,MET4,pin,2868.970000,133.815000,2869.470000,165.815000,0.500000,32.000000,2869.220000,149.815000
rect,METTPL,pin,2785.470000,133.815000,2785.970000,165.815000,0.500000,32.000000,2785.720000,149.815000
rect,MET5,pin,2785.470000,133.815000,2785.970000,165.815000,0.500000,32.000000,2785.720000,149.815000
rect,MET4,pin,2785.470000,133.815000,2785.970000,165.815000,0.500000,32.000000,2785.720000,149.815000
rect,METTPL,pin,2774.970000,133.815000,2775.470000,165.815000,0.500000,32.000000,2775.220000,149.815000
rect,MET5,pin,2774.970000,133.815000,2775.470000,165.815000,0.500000,32.000000,2775.220000,149.815000
rect,MET4,pin,2774.970000,133.815000,2775.470000,165.815000,0.500000,32.000000,2775.220000,149.815000
rect,METTPL,pin,2691.470000,133.815000,2691.970000,165.815000,0.500000,32.000000,2691.720000,149.815000
rect,MET5,pin,2691.470000,133.815000,2691.970000,165.815000,0.500000,32.000000,2691.720000,149.815000
rect,MET4,pin,2691.470000,133.815000,2691.970000,165.815000,0.500000,32.000000,2691.720000,149.815000
rect,METTPL,pin,-291.490000,189.155000,-257.490000,189.655000,34.000000,0.500000,-274.490000,189.405000
rect,MET5,pin,-291.490000,189.155000,-257.490000,189.655000,34.000000,0.500000,-274.490000,189.405000
rect,MET4,pin,-291.490000,189.155000,-257.490000,189.655000,34.000000,0.500000,-274.490000,189.405000
rect,METTPL,pin,-291.490000,272.655000,-257.490000,273.155000,34.000000,0.500000,-274.490000,272.905000
rect,MET5,pin,-291.490000,272.655000,-257.490000,273.155000,34.000000,0.500000,-274.490000,272.905000
rect,MET4,pin,-291.490000,272.655000,-257.490000,273.155000,34.000000,0.500000,-274.490000,272.905000
rect,METTPL,pin,-291.490000,283.155000,-257.490000,283.655000,34.000000,0.500000,-274.490000,283.405000
rect,MET5,pin,-291.490000,283.155000,-257.490000,283.655000,34.000000,0.500000,-274.490000,283.405000
rect,MET4,pin,-291.490000,283.155000,-257.490000,283.655000,34.000000,0.500000,-274.490000,283.405000
rect,METTPL,pin,-291.490000,366.655000,-257.490000,367.155000,34.000000,0.500000,-274.490000,366.905000
rect,MET5,pin,-291.490000,366.655000,-257.490000,367.155000,34.000000,0.500000,-274.490000,366.905000
rect,MET4,pin,-291.490000,366.655000,-257.490000,367.155000,34.000000,0.500000,-274.490000,366.905000
rect,METTPL,pin,-291.490000,377.155000,-257.490000,377.655000,34.000000,0.500000,-274.490000,377.405000
rect,MET5,pin,-291.490000,377.155000,-257.490000,377.655000,34.000000,0.500000,-274.490000,377.405000
rect,MET4,pin,-291.490000,377.155000,-257.490000,377.655000,34.000000,0.500000,-274.490000,377.405000
rect,METTPL,pin,-291.490000,460.655000,-257.490000,461.155000,34.000000,0.500000,-274.490000,460.905000
rect,MET5,pin,-291.490000,460.655000,-257.490000,461.155000,34.000000,0.500000,-274.490000,460.905000
rect,MET4,pin,-291.490000,460.655000,-257.490000,461.155000,34.000000,0.500000,-274.490000,460.905000
rect,METTPL,pin,-291.490000,471.155000,-257.490000,471.655000,34.000000,0.500000,-274.490000,471.405000
rect,MET5,pin,-291.490000,471.155000,-257.490000,471.655000,34.000000,0.500000,-274.490000,471.405000
rect,MET4,pin,-291.490000,471.155000,-257.490000,471.655000,34.000000,0.500000,-274.490000,471.405000
rect,METTPL,pin,-291.490000,554.655000,-257.490000,555.155000,34.000000,0.500000,-274.490000,554.905000
rect,MET5,pin,-291.490000,554.655000,-257.490000,555.155000,34.000000,0.500000,-274.490000,554.905000
rect,MET4,pin,-291.490000,554.655000,-257.490000,555.155000,34.000000,0.500000,-274.490000,554.905000
rect,METTPL,pin,-291.490000,565.155000,-257.490000,565.655000,34.000000,0.500000,-274.490000,565.405000
rect,MET5,pin,-291.490000,565.155000,-257.490000,565.655000,34.000000,0.500000,-274.490000,565.405000
rect,MET4,pin,-291.490000,565.155000,-257.490000,565.655000,34.000000,0.500000,-274.490000,565.405000
rect,METTPL,pin,-291.490000,648.655000,-257.490000,649.155000,34.000000,0.500000,-274.490000,648.905000
rect,MET5,pin,-291.490000,648.655000,-257.490000,649.155000,34.000000,0.500000,-274.490000,648.905000
rect,MET4,pin,-291.490000,648.655000,-257.490000,649.155000,34.000000,0.500000,-274.490000,648.905000
rect,METTPL,pin,-291.490000,659.155000,-257.490000,659.655000,34.000000,0.500000,-274.490000,659.405000
rect,MET5,pin,-291.490000,659.155000,-257.490000,659.655000,34.000000,0.500000,-274.490000,659.405000
rect,MET4,pin,-291.490000,659.155000,-257.490000,659.655000,34.000000,0.500000,-274.490000,659.405000
rect,METTPL,pin,-291.490000,742.655000,-257.490000,743.155000,34.000000,0.500000,-274.490000,742.905000
rect,MET5,pin,-291.490000,742.655000,-257.490000,743.155000,34.000000,0.500000,-274.490000,742.905000
rect,MET4,pin,-291.490000,742.655000,-257.490000,743.155000,34.000000,0.500000,-274.490000,742.905000
rect,METTPL,pin,-291.490000,753.155000,-257.490000,753.655000,34.000000,0.500000,-274.490000,753.405000
rect,MET5,pin,-291.490000,753.155000,-257.490000,753.655000,34.000000,0.500000,-274.490000,753.405000
rect,MET4,pin,-291.490000,753.155000,-257.490000,753.655000,34.000000,0.500000,-274.490000,753.405000
rect,METTPL,pin,-291.490000,836.655000,-257.490000,837.155000,34.000000,0.500000,-274.490000,836.905000
rect,MET5,pin,-291.490000,836.655000,-257.490000,837.155000,34.000000,0.500000,-274.490000,836.905000
rect,MET4,pin,-291.490000,836.655000,-257.490000,837.155000,34.000000,0.500000,-274.490000,836.905000
rect,METTPL,pin,-291.490000,847.155000,-257.490000,847.655000,34.000000,0.500000,-274.490000,847.405000
rect,MET5,pin,-291.490000,847.155000,-257.490000,847.655000,34.000000,0.500000,-274.490000,847.405000
rect,MET4,pin,-291.490000,847.155000,-257.490000,847.655000,34.000000,0.500000,-274.490000,847.405000
rect,METTPL,pin,-291.490000,930.655000,-257.490000,931.155000,34.000000,0.500000,-274.490000,930.905000
rect,MET5,pin,-291.490000,930.655000,-257.490000,931.155000,34.000000,0.500000,-274.490000,930.905000
rect,MET4,pin,-291.490000,930.655000,-257.490000,931.155000,34.000000,0.500000,-274.490000,930.905000
rect,METTPL,pin,-291.490000,941.155000,-257.490000,941.655000,34.000000,0.500000,-274.490000,941.405000
rect,MET5,pin,-291.490000,941.155000,-257.490000,941.655000,34.000000,0.500000,-274.490000,941.405000
rect,MET4,pin,-291.490000,941.155000,-257.490000,941.655000,34.000000,0.500000,-274.490000,941.405000
rect,METTPL,pin,-291.490000,1024.655000,-257.490000,1025.155000,34.000000,0.500000,-274.490000,1024.905000
rect,MET5,pin,-291.490000,1024.655000,-257.490000,1025.155000,34.000000,0.500000,-274.490000,1024.905000
rect,MET4,pin,-291.490000,1024.655000,-257.490000,1025.155000,34.000000,0.500000,-274.490000,1024.905000
rect,METTPL,pin,-291.490000,1035.155000,-257.490000,1035.655000,34.000000,0.500000,-274.490000,1035.405000
rect,MET5,pin,-291.490000,1035.155000,-257.490000,1035.655000,34.000000,0.500000,-274.490000,1035.405000
rect,MET4,pin,-291.490000,1035.155000,-257.490000,1035.655000,34.000000,0.500000,-274.490000,1035.405000
rect,METTPL,pin,-291.490000,1118.655000,-257.490000,1119.155000,34.000000,0.500000,-274.490000,1118.905000
rect,MET5,pin,-291.490000,1118.655000,-257.490000,1119.155000,34.000000,0.500000,-274.490000,1118.905000
rect,MET4,pin,-291.490000,1118.655000,-257.490000,1119.155000,34.000000,0.500000,-274.490000,1118.905000
rect,METTPL,pin,-291.490000,1129.155000,-257.490000,1129.655000,34.000000,0.500000,-274.490000,1129.405000
rect,MET5,pin,-291.490000,1129.155000,-257.490000,1129.655000,34.000000,0.500000,-274.490000,1129.405000
rect,MET4,pin,-291.490000,1129.155000,-257.490000,1129.655000,34.000000,0.500000,-274.490000,1129.405000
rect,METTPL,pin,-291.490000,1212.655000,-257.490000,1213.155000,34.000000,0.500000,-274.490000,1212.905000
rect,MET5,pin,-291.490000,1212.655000,-257.490000,1213.155000,34.000000,0.500000,-274.490000,1212.905000
rect,MET4,pin,-291.490000,1212.655000,-257.490000,1213.155000,34.000000,0.500000,-274.490000,1212.905000
rect,METTPL,pin,-291.490000,1223.155000,-257.490000,1223.655000,34.000000,0.500000,-274.490000,1223.405000
rect,MET5,pin,-291.490000,1223.155000,-257.490000,1223.655000,34.000000,0.500000,-274.490000,1223.405000
rect,MET4,pin,-291.490000,1223.155000,-257.490000,1223.655000,34.000000,0.500000,-274.490000,1223.405000
rect,METTPL,pin,-291.490000,1306.655000,-257.490000,1307.155000,34.000000,0.500000,-274.490000,1306.905000
rect,MET5,pin,-291.490000,1306.655000,-257.490000,1307.155000,34.000000,0.500000,-274.490000,1306.905000
rect,MET4,pin,-291.490000,1306.655000,-257.490000,1307.155000,34.000000,0.500000,-274.490000,1306.905000
rect,METTPL,pin,-291.490000,1317.155000,-257.490000,1317.655000,34.000000,0.500000,-274.490000,1317.405000
rect,MET5,pin,-291.490000,1317.155000,-257.490000,1317.655000,34.000000,0.500000,-274.490000,1317.405000
rect,MET4,pin,-291.490000,1317.155000,-257.490000,1317.655000,34.000000,0.500000,-274.490000,1317.405000
rect,METTPL,pin,-291.490000,1400.655000,-257.490000,1401.155000,34.000000,0.500000,-274.490000,1400.905000
rect,MET5,pin,-291.490000,1400.655000,-257.490000,1401.155000,34.000000,0.500000,-274.490000,1400.905000
rect,MET4,pin,-291.490000,1400.655000,-257.490000,1401.155000,34.000000,0.500000,-274.490000,1400.905000
rect,METTPL,pin,-291.490000,1411.155000,-257.490000,1411.655000,34.000000,0.500000,-274.490000,1411.405000
rect,MET5,pin,-291.490000,1411.155000,-257.490000,1411.655000,34.000000,0.500000,-274.490000,1411.405000
rect,MET4,pin,-291.490000,1411.155000,-257.490000,1411.655000,34.000000,0.500000,-274.490000,1411.405000
rect,METTPL,pin,-291.490000,1494.655000,-257.490000,1495.155000,34.000000,0.500000,-274.490000,1494.905000
rect,MET5,pin,-291.490000,1494.655000,-257.490000,1495.155000,34.000000,0.500000,-274.490000,1494.905000
rect,MET4,pin,-291.490000,1494.655000,-257.490000,1495.155000,34.000000,0.500000,-274.490000,1494.905000
rect,METTPL,pin,-291.490000,1505.155000,-257.490000,1505.655000,34.000000,0.500000,-274.490000,1505.405000
rect,MET5,pin,-291.490000,1505.155000,-257.490000,1505.655000,34.000000,0.500000,-274.490000,1505.405000
rect,MET4,pin,-291.490000,1505.155000,-257.490000,1505.655000,34.000000,0.500000,-274.490000,1505.405000
rect,METTPL,pin,-291.490000,1588.655000,-257.490000,1589.155000,34.000000,0.500000,-274.490000,1588.905000
rect,MET5,pin,-291.490000,1588.655000,-257.490000,1589.155000,34.000000,0.500000,-274.490000,1588.905000
rect,MET4,pin,-291.490000,1588.655000,-257.490000,1589.155000,34.000000,0.500000,-274.490000,1588.905000
rect,METTPL,pin,-291.490000,1599.155000,-257.490000,1599.655000,34.000000,0.500000,-274.490000,1599.405000
rect,MET5,pin,-291.490000,1599.155000,-257.490000,1599.655000,34.000000,0.500000,-274.490000,1599.405000
rect,MET4,pin,-291.490000,1599.155000,-257.490000,1599.655000,34.000000,0.500000,-274.490000,1599.405000
rect,METTPL,pin,-291.490000,1682.655000,-257.490000,1683.155000,34.000000,0.500000,-274.490000,1682.905000
rect,MET5,pin,-291.490000,1682.655000,-257.490000,1683.155000,34.000000,0.500000,-274.490000,1682.905000
rect,MET4,pin,-291.490000,1682.655000,-257.490000,1683.155000,34.000000,0.500000,-274.490000,1682.905000
rect,METTPL,pin,-291.490000,1693.155000,-257.490000,1693.655000,34.000000,0.500000,-274.490000,1693.405000
rect,MET5,pin,-291.490000,1693.155000,-257.490000,1693.655000,34.000000,0.500000,-274.490000,1693.405000
rect,MET4,pin,-291.490000,1693.155000,-257.490000,1693.655000,34.000000,0.500000,-274.490000,1693.405000
rect,METTPL,pin,-291.490000,1776.655000,-257.490000,1777.155000,34.000000,0.500000,-274.490000,1776.905000
rect,MET5,pin,-291.490000,1776.655000,-257.490000,1777.155000,34.000000,0.500000,-274.490000,1776.905000
rect,MET4,pin,-291.490000,1776.655000,-257.490000,1777.155000,34.000000,0.500000,-274.490000,1776.905000
rect,METTPL,pin,-291.490000,1787.155000,-257.490000,1787.655000,34.000000,0.500000,-274.490000,1787.405000
rect,MET5,pin,-291.490000,1787.155000,-257.490000,1787.655000,34.000000,0.500000,-274.490000,1787.405000
rect,MET4,pin,-291.490000,1787.155000,-257.490000,1787.655000,34.000000,0.500000,-274.490000,1787.405000
rect,METTPL,pin,-291.490000,1870.655000,-257.490000,1871.155000,34.000000,0.500000,-274.490000,1870.905000
rect,MET5,pin,-291.490000,1870.655000,-257.490000,1871.155000,34.000000,0.500000,-274.490000,1870.905000
rect,MET4,pin,-291.490000,1870.655000,-257.490000,1871.155000,34.000000,0.500000,-274.490000,1870.905000
rect,METTPL,pin,-291.490000,1881.155000,-257.490000,1881.655000,34.000000,0.500000,-274.490000,1881.405000
rect,MET5,pin,-291.490000,1881.155000,-257.490000,1881.655000,34.000000,0.500000,-274.490000,1881.405000
rect,MET4,pin,-291.490000,1881.155000,-257.490000,1881.655000,34.000000,0.500000,-274.490000,1881.405000
rect,METTPL,pin,-291.490000,1964.655000,-257.490000,1965.155000,34.000000,0.500000,-274.490000,1964.905000
rect,MET5,pin,-291.490000,1964.655000,-257.490000,1965.155000,34.000000,0.500000,-274.490000,1964.905000
rect,MET4,pin,-291.490000,1964.655000,-257.490000,1965.155000,34.000000,0.500000,-274.490000,1964.905000
rect,METTPL,pin,-291.490000,1975.155000,-257.490000,1975.655000,34.000000,0.500000,-274.490000,1975.405000
rect,MET5,pin,-291.490000,1975.155000,-257.490000,1975.655000,34.000000,0.500000,-274.490000,1975.405000
rect,MET4,pin,-291.490000,1975.155000,-257.490000,1975.655000,34.000000,0.500000,-274.490000,1975.405000
rect,METTPL,pin,-291.490000,2058.655000,-257.490000,2059.155000,34.000000,0.500000,-274.490000,2058.905000
rect,MET5,pin,-291.490000,2058.655000,-257.490000,2059.155000,34.000000,0.500000,-274.490000,2058.905000
rect,MET4,pin,-291.490000,2058.655000,-257.490000,2059.155000,34.000000,0.500000,-274.490000,2058.905000
rect,METTPL,pin,-291.490000,2069.155000,-257.490000,2069.655000,34.000000,0.500000,-274.490000,2069.405000
rect,MET5,pin,-291.490000,2069.155000,-257.490000,2069.655000,34.000000,0.500000,-274.490000,2069.405000
rect,MET4,pin,-291.490000,2069.155000,-257.490000,2069.655000,34.000000,0.500000,-274.490000,2069.405000
rect,METTPL,pin,-291.490000,2152.655000,-257.490000,2153.155000,34.000000,0.500000,-274.490000,2152.905000
rect,MET5,pin,-291.490000,2152.655000,-257.490000,2153.155000,34.000000,0.500000,-274.490000,2152.905000
rect,MET4,pin,-291.490000,2152.655000,-257.490000,2153.155000,34.000000,0.500000,-274.490000,2152.905000
rect,METTPL,pin,-291.490000,2163.155000,-257.490000,2163.655000,34.000000,0.500000,-274.490000,2163.405000
rect,MET5,pin,-291.490000,2163.155000,-257.490000,2163.655000,34.000000,0.500000,-274.490000,2163.405000
rect,MET4,pin,-291.490000,2163.155000,-257.490000,2163.655000,34.000000,0.500000,-274.490000,2163.405000
rect,METTPL,pin,-291.490000,2246.655000,-257.490000,2247.155000,34.000000,0.500000,-274.490000,2246.905000
rect,MET5,pin,-291.490000,2246.655000,-257.490000,2247.155000,34.000000,0.500000,-274.490000,2246.905000
rect,MET4,pin,-291.490000,2246.655000,-257.490000,2247.155000,34.000000,0.500000,-274.490000,2246.905000
rect,METTPL,pin,-291.490000,2257.155000,-257.490000,2257.655000,34.000000,0.500000,-274.490000,2257.405000
rect,MET5,pin,-291.490000,2257.155000,-257.490000,2257.655000,34.000000,0.500000,-274.490000,2257.405000
rect,MET4,pin,-291.490000,2257.155000,-257.490000,2257.655000,34.000000,0.500000,-274.490000,2257.405000
rect,METTPL,pin,-291.490000,2340.655000,-257.490000,2341.155000,34.000000,0.500000,-274.490000,2340.905000
rect,MET5,pin,-291.490000,2340.655000,-257.490000,2341.155000,34.000000,0.500000,-274.490000,2340.905000
rect,MET4,pin,-291.490000,2340.655000,-257.490000,2341.155000,34.000000,0.500000,-274.490000,2340.905000
rect,METTPL,pin,-291.490000,2351.155000,-257.490000,2351.655000,34.000000,0.500000,-274.490000,2351.405000
rect,MET5,pin,-291.490000,2351.155000,-257.490000,2351.655000,34.000000,0.500000,-274.490000,2351.405000
rect,MET4,pin,-291.490000,2351.155000,-257.490000,2351.655000,34.000000,0.500000,-274.490000,2351.405000
rect,METTPL,pin,-291.490000,2434.655000,-257.490000,2435.155000,34.000000,0.500000,-274.490000,2434.905000
rect,MET5,pin,-291.490000,2434.655000,-257.490000,2435.155000,34.000000,0.500000,-274.490000,2434.905000
rect,MET4,pin,-291.490000,2434.655000,-257.490000,2435.155000,34.000000,0.500000,-274.490000,2434.905000
rect,METTPL,pin,-291.490000,2445.155000,-257.490000,2445.655000,34.000000,0.500000,-274.490000,2445.405000
rect,MET5,pin,-291.490000,2445.155000,-257.490000,2445.655000,34.000000,0.500000,-274.490000,2445.405000
rect,MET4,pin,-291.490000,2445.155000,-257.490000,2445.655000,34.000000,0.500000,-274.490000,2445.405000
rect,METTPL,pin,-291.490000,2528.655000,-257.490000,2529.155000,34.000000,0.500000,-274.490000,2528.905000
rect,MET5,pin,-291.490000,2528.655000,-257.490000,2529.155000,34.000000,0.500000,-274.490000,2528.905000
rect,MET4,pin,-291.490000,2528.655000,-257.490000,2529.155000,34.000000,0.500000,-274.490000,2528.905000
rect,METTPL,pin,54.070000,2666.015000,54.570000,2700.015000,0.500000,34.000000,54.320000,2683.015000
rect,MET5,pin,54.070000,2666.015000,54.570000,2700.015000,0.500000,34.000000,54.320000,2683.015000
rect,MET4,pin,54.070000,2666.015000,54.570000,2700.015000,0.500000,34.000000,54.320000,2683.015000
rect,METTPL,pin,137.570000,2666.015000,138.070000,2700.015000,0.500000,34.000000,137.820000,2683.015000
rect,MET5,pin,137.570000,2666.015000,138.070000,2700.015000,0.500000,34.000000,137.820000,2683.015000
rect,MET4,pin,137.570000,2666.015000,138.070000,2700.015000,0.500000,34.000000,137.820000,2683.015000
rect,METTPL,pin,148.070000,2666.015000,148.570000,2700.015000,0.500000,34.000000,148.320000,2683.015000
rect,MET5,pin,148.070000,2666.015000,148.570000,2700.015000,0.500000,34.000000,148.320000,2683.015000
rect,MET4,pin,148.070000,2666.015000,148.570000,2700.015000,0.500000,34.000000,148.320000,2683.015000
rect,METTPL,pin,231.570000,2666.015000,232.070000,2700.015000,0.500000,34.000000,231.820000,2683.015000
rect,MET5,pin,231.570000,2666.015000,232.070000,2700.015000,0.500000,34.000000,231.820000,2683.015000
rect,MET4,pin,231.570000,2666.015000,232.070000,2700.015000,0.500000,34.000000,231.820000,2683.015000
rect,METTPL,pin,242.070000,2666.015000,242.570000,2700.015000,0.500000,34.000000,242.320000,2683.015000
rect,MET5,pin,242.070000,2666.015000,242.570000,2700.015000,0.500000,34.000000,242.320000,2683.015000
rect,MET4,pin,242.070000,2666.015000,242.570000,2700.015000,0.500000,34.000000,242.320000,2683.015000
rect,METTPL,pin,325.570000,2666.015000,326.070000,2700.015000,0.500000,34.000000,325.820000,2683.015000
rect,MET5,pin,325.570000,2666.015000,326.070000,2700.015000,0.500000,34.000000,325.820000,2683.015000
rect,MET4,pin,325.570000,2666.015000,326.070000,2700.015000,0.500000,34.000000,325.820000,2683.015000
rect,METTPL,pin,336.070000,2666.015000,336.570000,2700.015000,0.500000,34.000000,336.320000,2683.015000
rect,MET5,pin,336.070000,2666.015000,336.570000,2700.015000,0.500000,34.000000,336.320000,2683.015000
rect,MET4,pin,336.070000,2666.015000,336.570000,2700.015000,0.500000,34.000000,336.320000,2683.015000
rect,METTPL,pin,419.570000,2666.015000,420.070000,2700.015000,0.500000,34.000000,419.820000,2683.015000
rect,MET5,pin,419.570000,2666.015000,420.070000,2700.015000,0.500000,34.000000,419.820000,2683.015000
rect,MET4,pin,419.570000,2666.015000,420.070000,2700.015000,0.500000,34.000000,419.820000,2683.015000
rect,METTPL,pin,3564.930000,2534.055000,3598.930000,2534.555000,34.000000,0.500000,3581.930000,2534.305000
rect,MET5,pin,3564.930000,2534.055000,3598.930000,2534.555000,34.000000,0.500000,3581.930000,2534.305000
rect,MET4,pin,3564.930000,2534.055000,3598.930000,2534.555000,34.000000,0.500000,3581.930000,2534.305000
rect,METTPL,pin,3564.930000,2450.555000,3598.930000,2451.055000,34.000000,0.500000,3581.930000,2450.805000
rect,MET5,pin,3564.930000,2450.555000,3598.930000,2451.055000,34.000000,0.500000,3581.930000,2450.805000
rect,MET4,pin,3564.930000,2450.555000,3598.930000,2451.055000,34.000000,0.500000,3581.930000,2450.805000
rect,METTPL,pin,3564.930000,2440.055000,3598.930000,2440.555000,34.000000,0.500000,3581.930000,2440.305000
rect,MET5,pin,3564.930000,2440.055000,3598.930000,2440.555000,34.000000,0.500000,3581.930000,2440.305000
rect,MET4,pin,3564.930000,2440.055000,3598.930000,2440.555000,34.000000,0.500000,3581.930000,2440.305000
rect,METTPL,pin,3564.930000,2356.555000,3598.930000,2357.055000,34.000000,0.500000,3581.930000,2356.805000
rect,MET5,pin,3564.930000,2356.555000,3598.930000,2357.055000,34.000000,0.500000,3581.930000,2356.805000
rect,MET4,pin,3564.930000,2356.555000,3598.930000,2357.055000,34.000000,0.500000,3581.930000,2356.805000
rect,METTPL,pin,3564.930000,2346.055000,3598.930000,2346.555000,34.000000,0.500000,3581.930000,2346.305000
rect,MET5,pin,3564.930000,2346.055000,3598.930000,2346.555000,34.000000,0.500000,3581.930000,2346.305000
rect,MET4,pin,3564.930000,2346.055000,3598.930000,2346.555000,34.000000,0.500000,3581.930000,2346.305000
rect,METTPL,pin,3564.930000,2262.555000,3598.930000,2263.055000,34.000000,0.500000,3581.930000,2262.805000
rect,MET5,pin,3564.930000,2262.555000,3598.930000,2263.055000,34.000000,0.500000,3581.930000,2262.805000
rect,MET4,pin,3564.930000,2262.555000,3598.930000,2263.055000,34.000000,0.500000,3581.930000,2262.805000
rect,METTPL,pin,3564.930000,2252.055000,3598.930000,2252.555000,34.000000,0.500000,3581.930000,2252.305000
rect,MET5,pin,3564.930000,2252.055000,3598.930000,2252.555000,34.000000,0.500000,3581.930000,2252.305000
rect,MET4,pin,3564.930000,2252.055000,3598.930000,2252.555000,34.000000,0.500000,3581.930000,2252.305000
rect,METTPL,pin,3564.930000,2168.555000,3598.930000,2169.055000,34.000000,0.500000,3581.930000,2168.805000
rect,MET5,pin,3564.930000,2168.555000,3598.930000,2169.055000,34.000000,0.500000,3581.930000,2168.805000
rect,MET4,pin,3564.930000,2168.555000,3598.930000,2169.055000,34.000000,0.500000,3581.930000,2168.805000
rect,METTPL,pin,3564.930000,2158.055000,3598.930000,2158.555000,34.000000,0.500000,3581.930000,2158.305000
rect,MET5,pin,3564.930000,2158.055000,3598.930000,2158.555000,34.000000,0.500000,3581.930000,2158.305000
rect,MET4,pin,3564.930000,2158.055000,3598.930000,2158.555000,34.000000,0.500000,3581.930000,2158.305000
rect,METTPL,pin,3564.930000,2074.555000,3598.930000,2075.055000,34.000000,0.500000,3581.930000,2074.805000
rect,MET5,pin,3564.930000,2074.555000,3598.930000,2075.055000,34.000000,0.500000,3581.930000,2074.805000
rect,MET4,pin,3564.930000,2074.555000,3598.930000,2075.055000,34.000000,0.500000,3581.930000,2074.805000
rect,METTPL,pin,3564.930000,2064.055000,3598.930000,2064.555000,34.000000,0.500000,3581.930000,2064.305000
rect,MET5,pin,3564.930000,2064.055000,3598.930000,2064.555000,34.000000,0.500000,3581.930000,2064.305000
rect,MET4,pin,3564.930000,2064.055000,3598.930000,2064.555000,34.000000,0.500000,3581.930000,2064.305000
rect,METTPL,pin,3564.930000,1980.555000,3598.930000,1981.055000,34.000000,0.500000,3581.930000,1980.805000
rect,MET5,pin,3564.930000,1980.555000,3598.930000,1981.055000,34.000000,0.500000,3581.930000,1980.805000
rect,MET4,pin,3564.930000,1980.555000,3598.930000,1981.055000,34.000000,0.500000,3581.930000,1980.805000
rect,METTPL,pin,3564.930000,1970.055000,3598.930000,1970.555000,34.000000,0.500000,3581.930000,1970.305000
rect,MET5,pin,3564.930000,1970.055000,3598.930000,1970.555000,34.000000,0.500000,3581.930000,1970.305000
rect,MET4,pin,3564.930000,1970.055000,3598.930000,1970.555000,34.000000,0.500000,3581.930000,1970.305000
rect,METTPL,pin,3564.930000,1886.555000,3598.930000,1887.055000,34.000000,0.500000,3581.930000,1886.805000
rect,MET5,pin,3564.930000,1886.555000,3598.930000,1887.055000,34.000000,0.500000,3581.930000,1886.805000
rect,MET4,pin,3564.930000,1886.555000,3598.930000,1887.055000,34.000000,0.500000,3581.930000,1886.805000
rect,METTPL,pin,3564.930000,1876.055000,3598.930000,1876.555000,34.000000,0.500000,3581.930000,1876.305000
rect,MET5,pin,3564.930000,1876.055000,3598.930000,1876.555000,34.000000,0.500000,3581.930000,1876.305000
rect,MET4,pin,3564.930000,1876.055000,3598.930000,1876.555000,34.000000,0.500000,3581.930000,1876.305000
rect,METTPL,pin,3564.930000,1792.555000,3598.930000,1793.055000,34.000000,0.500000,3581.930000,1792.805000
rect,MET5,pin,3564.930000,1792.555000,3598.930000,1793.055000,34.000000,0.500000,3581.930000,1792.805000
rect,MET4,pin,3564.930000,1792.555000,3598.930000,1793.055000,34.000000,0.500000,3581.930000,1792.805000
rect,METTPL,pin,3564.930000,1782.055000,3598.930000,1782.555000,34.000000,0.500000,3581.930000,1782.305000
rect,MET5,pin,3564.930000,1782.055000,3598.930000,1782.555000,34.000000,0.500000,3581.930000,1782.305000
rect,MET4,pin,3564.930000,1782.055000,3598.930000,1782.555000,34.000000,0.500000,3581.930000,1782.305000
rect,METTPL,pin,3564.930000,1698.555000,3598.930000,1699.055000,34.000000,0.500000,3581.930000,1698.805000
rect,MET5,pin,3564.930000,1698.555000,3598.930000,1699.055000,34.000000,0.500000,3581.930000,1698.805000
rect,MET4,pin,3564.930000,1698.555000,3598.930000,1699.055000,34.000000,0.500000,3581.930000,1698.805000
rect,METTPL,pin,3564.930000,1688.055000,3598.930000,1688.555000,34.000000,0.500000,3581.930000,1688.305000
rect,MET5,pin,3564.930000,1688.055000,3598.930000,1688.555000,34.000000,0.500000,3581.930000,1688.305000
rect,MET4,pin,3564.930000,1688.055000,3598.930000,1688.555000,34.000000,0.500000,3581.930000,1688.305000
rect,METTPL,pin,3564.930000,1604.555000,3598.930000,1605.055000,34.000000,0.500000,3581.930000,1604.805000
rect,MET5,pin,3564.930000,1604.555000,3598.930000,1605.055000,34.000000,0.500000,3581.930000,1604.805000
rect,MET4,pin,3564.930000,1604.555000,3598.930000,1605.055000,34.000000,0.500000,3581.930000,1604.805000
rect,METTPL,pin,3564.930000,1594.055000,3598.930000,1594.555000,34.000000,0.500000,3581.930000,1594.305000
rect,MET5,pin,3564.930000,1594.055000,3598.930000,1594.555000,34.000000,0.500000,3581.930000,1594.305000
rect,MET4,pin,3564.930000,1594.055000,3598.930000,1594.555000,34.000000,0.500000,3581.930000,1594.305000
rect,METTPL,pin,3564.930000,1510.555000,3598.930000,1511.055000,34.000000,0.500000,3581.930000,1510.805000
rect,MET5,pin,3564.930000,1510.555000,3598.930000,1511.055000,34.000000,0.500000,3581.930000,1510.805000
rect,MET4,pin,3564.930000,1510.555000,3598.930000,1511.055000,34.000000,0.500000,3581.930000,1510.805000
rect,METTPL,pin,3564.930000,1500.055000,3598.930000,1500.555000,34.000000,0.500000,3581.930000,1500.305000
rect,MET5,pin,3564.930000,1500.055000,3598.930000,1500.555000,34.000000,0.500000,3581.930000,1500.305000
rect,MET4,pin,3564.930000,1500.055000,3598.930000,1500.555000,34.000000,0.500000,3581.930000,1500.305000
rect,METTPL,pin,3564.930000,1416.555000,3598.930000,1417.055000,34.000000,0.500000,3581.930000,1416.805000
rect,MET5,pin,3564.930000,1416.555000,3598.930000,1417.055000,34.000000,0.500000,3581.930000,1416.805000
rect,MET4,pin,3564.930000,1416.555000,3598.930000,1417.055000,34.000000,0.500000,3581.930000,1416.805000
rect,METTPL,pin,3564.930000,1406.055000,3598.930000,1406.555000,34.000000,0.500000,3581.930000,1406.305000
rect,MET5,pin,3564.930000,1406.055000,3598.930000,1406.555000,34.000000,0.500000,3581.930000,1406.305000
rect,MET4,pin,3564.930000,1406.055000,3598.930000,1406.555000,34.000000,0.500000,3581.930000,1406.305000
rect,METTPL,pin,3564.930000,1322.555000,3598.930000,1323.055000,34.000000,0.500000,3581.930000,1322.805000
rect,MET5,pin,3564.930000,1322.555000,3598.930000,1323.055000,34.000000,0.500000,3581.930000,1322.805000
rect,MET4,pin,3564.930000,1322.555000,3598.930000,1323.055000,34.000000,0.500000,3581.930000,1322.805000
rect,METTPL,pin,3564.930000,1312.055000,3598.930000,1312.555000,34.000000,0.500000,3581.930000,1312.305000
rect,MET5,pin,3564.930000,1312.055000,3598.930000,1312.555000,34.000000,0.500000,3581.930000,1312.305000
rect,MET4,pin,3564.930000,1312.055000,3598.930000,1312.555000,34.000000,0.500000,3581.930000,1312.305000
rect,METTPL,pin,3564.930000,1228.555000,3598.930000,1229.055000,34.000000,0.500000,3581.930000,1228.805000
rect,MET5,pin,3564.930000,1228.555000,3598.930000,1229.055000,34.000000,0.500000,3581.930000,1228.805000
rect,MET4,pin,3564.930000,1228.555000,3598.930000,1229.055000,34.000000,0.500000,3581.930000,1228.805000
rect,METTPL,pin,3564.930000,1218.055000,3598.930000,1218.555000,34.000000,0.500000,3581.930000,1218.305000
rect,MET5,pin,3564.930000,1218.055000,3598.930000,1218.555000,34.000000,0.500000,3581.930000,1218.305000
rect,MET4,pin,3564.930000,1218.055000,3598.930000,1218.555000,34.000000,0.500000,3581.930000,1218.305000
rect,METTPL,pin,3564.930000,1134.555000,3598.930000,1135.055000,34.000000,0.500000,3581.930000,1134.805000
rect,MET5,pin,3564.930000,1134.555000,3598.930000,1135.055000,34.000000,0.500000,3581.930000,1134.805000
rect,MET4,pin,3564.930000,1134.555000,3598.930000,1135.055000,34.000000,0.500000,3581.930000,1134.805000
rect,METTPL,pin,3564.930000,1124.055000,3598.930000,1124.555000,34.000000,0.500000,3581.930000,1124.305000
rect,MET5,pin,3564.930000,1124.055000,3598.930000,1124.555000,34.000000,0.500000,3581.930000,1124.305000
rect,MET4,pin,3564.930000,1124.055000,3598.930000,1124.555000,34.000000,0.500000,3581.930000,1124.305000
rect,METTPL,pin,3564.930000,1040.555000,3598.930000,1041.055000,34.000000,0.500000,3581.930000,1040.805000
rect,MET5,pin,3564.930000,1040.555000,3598.930000,1041.055000,34.000000,0.500000,3581.930000,1040.805000
rect,MET4,pin,3564.930000,1040.555000,3598.930000,1041.055000,34.000000,0.500000,3581.930000,1040.805000
rect,METTPL,pin,3564.930000,1030.055000,3598.930000,1030.555000,34.000000,0.500000,3581.930000,1030.305000
rect,MET5,pin,3564.930000,1030.055000,3598.930000,1030.555000,34.000000,0.500000,3581.930000,1030.305000
rect,MET4,pin,3564.930000,1030.055000,3598.930000,1030.555000,34.000000,0.500000,3581.930000,1030.305000
rect,METTPL,pin,3564.930000,946.555000,3598.930000,947.055000,34.000000,0.500000,3581.930000,946.805000
rect,MET5,pin,3564.930000,946.555000,3598.930000,947.055000,34.000000,0.500000,3581.930000,946.805000
rect,MET4,pin,3564.930000,946.555000,3598.930000,947.055000,34.000000,0.500000,3581.930000,946.805000
rect,METTPL,pin,3564.930000,936.055000,3598.930000,936.555000,34.000000,0.500000,3581.930000,936.305000
rect,MET5,pin,3564.930000,936.055000,3598.930000,936.555000,34.000000,0.500000,3581.930000,936.305000
rect,MET4,pin,3564.930000,936.055000,3598.930000,936.555000,34.000000,0.500000,3581.930000,936.305000
rect,METTPL,pin,3564.930000,852.555000,3598.930000,853.055000,34.000000,0.500000,3581.930000,852.805000
rect,MET5,pin,3564.930000,852.555000,3598.930000,853.055000,34.000000,0.500000,3581.930000,852.805000
rect,MET4,pin,3564.930000,852.555000,3598.930000,853.055000,34.000000,0.500000,3581.930000,852.805000
rect,METTPL,pin,3564.930000,842.055000,3598.930000,842.555000,34.000000,0.500000,3581.930000,842.305000
rect,MET5,pin,3564.930000,842.055000,3598.930000,842.555000,34.000000,0.500000,3581.930000,842.305000
rect,MET4,pin,3564.930000,842.055000,3598.930000,842.555000,34.000000,0.500000,3581.930000,842.305000
rect,METTPL,pin,3564.930000,758.555000,3598.930000,759.055000,34.000000,0.500000,3581.930000,758.805000
rect,MET5,pin,3564.930000,758.555000,3598.930000,759.055000,34.000000,0.500000,3581.930000,758.805000
rect,MET4,pin,3564.930000,758.555000,3598.930000,759.055000,34.000000,0.500000,3581.930000,758.805000
rect,METTPL,pin,3564.930000,748.055000,3598.930000,748.555000,34.000000,0.500000,3581.930000,748.305000
rect,MET5,pin,3564.930000,748.055000,3598.930000,748.555000,34.000000,0.500000,3581.930000,748.305000
rect,MET4,pin,3564.930000,748.055000,3598.930000,748.555000,34.000000,0.500000,3581.930000,748.305000
rect,METTPL,pin,3564.930000,664.555000,3598.930000,665.055000,34.000000,0.500000,3581.930000,664.805000
rect,MET5,pin,3564.930000,664.555000,3598.930000,665.055000,34.000000,0.500000,3581.930000,664.805000
rect,MET4,pin,3564.930000,664.555000,3598.930000,665.055000,34.000000,0.500000,3581.930000,664.805000
rect,METTPL,pin,3564.930000,654.055000,3598.930000,654.555000,34.000000,0.500000,3581.930000,654.305000
rect,MET5,pin,3564.930000,654.055000,3598.930000,654.555000,34.000000,0.500000,3581.930000,654.305000
rect,MET4,pin,3564.930000,654.055000,3598.930000,654.555000,34.000000,0.500000,3581.930000,654.305000
rect,METTPL,pin,3564.930000,570.555000,3598.930000,571.055000,34.000000,0.500000,3581.930000,570.805000
rect,MET5,pin,3564.930000,570.555000,3598.930000,571.055000,34.000000,0.500000,3581.930000,570.805000
rect,MET4,pin,3564.930000,570.555000,3598.930000,571.055000,34.000000,0.500000,3581.930000,570.805000
rect,METTPL,pin,3564.930000,560.055000,3598.930000,560.555000,34.000000,0.500000,3581.930000,560.305000
rect,MET5,pin,3564.930000,560.055000,3598.930000,560.555000,34.000000,0.500000,3581.930000,560.305000
rect,MET4,pin,3564.930000,560.055000,3598.930000,560.555000,34.000000,0.500000,3581.930000,560.305000
rect,METTPL,pin,3564.930000,476.555000,3598.930000,477.055000,34.000000,0.500000,3581.930000,476.805000
rect,MET5,pin,3564.930000,476.555000,3598.930000,477.055000,34.000000,0.500000,3581.930000,476.805000
rect,MET4,pin,3564.930000,476.555000,3598.930000,477.055000,34.000000,0.500000,3581.930000,476.805000
rect,METTPL,pin,3564.930000,466.055000,3598.930000,466.555000,34.000000,0.500000,3581.930000,466.305000
rect,MET5,pin,3564.930000,466.055000,3598.930000,466.555000,34.000000,0.500000,3581.930000,466.305000
rect,MET4,pin,3564.930000,466.055000,3598.930000,466.555000,34.000000,0.500000,3581.930000,466.305000
rect,METTPL,pin,3564.930000,382.555000,3598.930000,383.055000,34.000000,0.500000,3581.930000,382.805000
rect,MET5,pin,3564.930000,382.555000,3598.930000,383.055000,34.000000,0.500000,3581.930000,382.805000
rect,MET4,pin,3564.930000,382.555000,3598.930000,383.055000,34.000000,0.500000,3581.930000,382.805000
rect,METTPL,pin,3564.930000,372.055000,3598.930000,372.555000,34.000000,0.500000,3581.930000,372.305000
rect,MET5,pin,3564.930000,372.055000,3598.930000,372.555000,34.000000,0.500000,3581.930000,372.305000
rect,MET4,pin,3564.930000,372.055000,3598.930000,372.555000,34.000000,0.500000,3581.930000,372.305000
rect,METTPL,pin,3564.930000,288.555000,3598.930000,289.055000,34.000000,0.500000,3581.930000,288.805000
rect,MET5,pin,3564.930000,288.555000,3598.930000,289.055000,34.000000,0.500000,3581.930000,288.805000
rect,MET4,pin,3564.930000,288.555000,3598.930000,289.055000,34.000000,0.500000,3581.930000,288.805000
rect,METTPL,pin,3564.930000,278.055000,3598.930000,278.555000,34.000000,0.500000,3581.930000,278.305000
rect,MET5,pin,3564.930000,278.055000,3598.930000,278.555000,34.000000,0.500000,3581.930000,278.305000
rect,MET4,pin,3564.930000,278.055000,3598.930000,278.555000,34.000000,0.500000,3581.930000,278.305000
rect,METTPL,pin,3564.930000,194.555000,3598.930000,195.055000,34.000000,0.500000,3581.930000,194.805000
rect,MET5,pin,3564.930000,194.555000,3598.930000,195.055000,34.000000,0.500000,3581.930000,194.805000
rect,MET4,pin,3564.930000,194.555000,3598.930000,195.055000,34.000000,0.500000,3581.930000,194.805000
rect,METTPL,pin,3432.970000,23.695000,3433.470000,57.695000,0.500000,34.000000,3433.220000,40.695000
rect,MET5,pin,3432.970000,23.695000,3433.470000,57.695000,0.500000,34.000000,3433.220000,40.695000
rect,MET4,pin,3432.970000,23.695000,3433.470000,57.695000,0.500000,34.000000,3433.220000,40.695000
rect,METTPL,pin,3349.470000,23.695000,3349.970000,57.695000,0.500000,34.000000,3349.720000,40.695000
rect,MET5,pin,3349.470000,23.695000,3349.970000,57.695000,0.500000,34.000000,3349.720000,40.695000
rect,MET4,pin,3349.470000,23.695000,3349.970000,57.695000,0.500000,34.000000,3349.720000,40.695000
rect,METTPL,pin,3338.970000,23.695000,3339.470000,57.695000,0.500000,34.000000,3339.220000,40.695000
rect,MET5,pin,3338.970000,23.695000,3339.470000,57.695000,0.500000,34.000000,3339.220000,40.695000
rect,MET4,pin,3338.970000,23.695000,3339.470000,57.695000,0.500000,34.000000,3339.220000,40.695000
rect,METTPL,pin,3255.470000,23.695000,3255.970000,57.695000,0.500000,34.000000,3255.720000,40.695000
rect,MET5,pin,3255.470000,23.695000,3255.970000,57.695000,0.500000,34.000000,3255.720000,40.695000
rect,MET4,pin,3255.470000,23.695000,3255.970000,57.695000,0.500000,34.000000,3255.720000,40.695000
rect,METTPL,pin,3244.970000,23.695000,3245.470000,57.695000,0.500000,34.000000,3245.220000,40.695000
rect,MET5,pin,3244.970000,23.695000,3245.470000,57.695000,0.500000,34.000000,3245.220000,40.695000
rect,MET4,pin,3244.970000,23.695000,3245.470000,57.695000,0.500000,34.000000,3245.220000,40.695000
rect,METTPL,pin,3161.470000,23.695000,3161.970000,57.695000,0.500000,34.000000,3161.720000,40.695000
rect,MET5,pin,3161.470000,23.695000,3161.970000,57.695000,0.500000,34.000000,3161.720000,40.695000
rect,MET4,pin,3161.470000,23.695000,3161.970000,57.695000,0.500000,34.000000,3161.720000,40.695000
rect,METTPL,pin,3150.970000,23.695000,3151.470000,57.695000,0.500000,34.000000,3151.220000,40.695000
rect,MET5,pin,3150.970000,23.695000,3151.470000,57.695000,0.500000,34.000000,3151.220000,40.695000
rect,MET4,pin,3150.970000,23.695000,3151.470000,57.695000,0.500000,34.000000,3151.220000,40.695000
rect,METTPL,pin,3067.470000,23.695000,3067.970000,57.695000,0.500000,34.000000,3067.720000,40.695000
rect,MET5,pin,3067.470000,23.695000,3067.970000,57.695000,0.500000,34.000000,3067.720000,40.695000
rect,MET4,pin,3067.470000,23.695000,3067.970000,57.695000,0.500000,34.000000,3067.720000,40.695000
rect,METTPL,pin,3056.970000,23.695000,3057.470000,57.695000,0.500000,34.000000,3057.220000,40.695000
rect,MET5,pin,3056.970000,23.695000,3057.470000,57.695000,0.500000,34.000000,3057.220000,40.695000
rect,MET4,pin,3056.970000,23.695000,3057.470000,57.695000,0.500000,34.000000,3057.220000,40.695000
rect,METTPL,pin,2973.470000,23.695000,2973.970000,57.695000,0.500000,34.000000,2973.720000,40.695000
rect,MET5,pin,2973.470000,23.695000,2973.970000,57.695000,0.500000,34.000000,2973.720000,40.695000
rect,MET4,pin,2973.470000,23.695000,2973.970000,57.695000,0.500000,34.000000,2973.720000,40.695000
rect,METTPL,pin,2962.970000,23.695000,2963.470000,57.695000,0.500000,34.000000,2963.220000,40.695000
rect,MET5,pin,2962.970000,23.695000,2963.470000,57.695000,0.500000,34.000000,2963.220000,40.695000
rect,MET4,pin,2962.970000,23.695000,2963.470000,57.695000,0.500000,34.000000,2963.220000,40.695000
rect,METTPL,pin,2879.470000,23.695000,2879.970000,57.695000,0.500000,34.000000,2879.720000,40.695000
rect,MET5,pin,2879.470000,23.695000,2879.970000,57.695000,0.500000,34.000000,2879.720000,40.695000
rect,MET4,pin,2879.470000,23.695000,2879.970000,57.695000,0.500000,34.000000,2879.720000,40.695000
rect,METTPL,pin,2868.970000,23.695000,2869.470000,57.695000,0.500000,34.000000,2869.220000,40.695000
rect,MET5,pin,2868.970000,23.695000,2869.470000,57.695000,0.500000,34.000000,2869.220000,40.695000
rect,MET4,pin,2868.970000,23.695000,2869.470000,57.695000,0.500000,34.000000,2869.220000,40.695000
rect,METTPL,pin,2785.470000,23.695000,2785.970000,57.695000,0.500000,34.000000,2785.720000,40.695000
rect,MET5,pin,2785.470000,23.695000,2785.970000,57.695000,0.500000,34.000000,2785.720000,40.695000
rect,MET4,pin,2785.470000,23.695000,2785.970000,57.695000,0.500000,34.000000,2785.720000,40.695000
rect,METTPL,pin,2774.970000,23.695000,2775.470000,57.695000,0.500000,34.000000,2775.220000,40.695000
rect,MET5,pin,2774.970000,23.695000,2775.470000,57.695000,0.500000,34.000000,2775.220000,40.695000
rect,MET4,pin,2774.970000,23.695000,2775.470000,57.695000,0.500000,34.000000,2775.220000,40.695000
rect,METTPL,pin,2691.470000,23.695000,2691.970000,57.695000,0.500000,34.000000,2691.720000,40.695000
rect,MET5,pin,2691.470000,23.695000,2691.970000,57.695000,0.500000,34.000000,2691.720000,40.695000
rect,MET4,pin,2691.470000,23.695000,2691.970000,57.695000,0.500000,34.000000,2691.720000,40.695000
rect,METTPL,pin,3344.070000,2547.155000,3344.570000,2555.395000,0.500000,8.240000,3344.320000,2551.275000
rect,METTPL,pin,3427.570000,2547.155000,3428.070000,2555.395000,0.500000,8.240000,3427.820000,2551.275000
rect,METTPL,pin,3344.070000,2702.755000,3344.570000,2710.155000,0.500000,7.400000,3344.320000,2706.455000
rect,METTPL,pin,3427.570000,2702.755000,3428.070000,2710.155000,0.500000,7.400000,3427.820000,2706.455000
rect,MET5,pin,3344.070000,2547.155000,3344.570000,2555.895000,0.500000,8.740000,3344.320000,2551.525000
rect,MET5,pin,3344.070000,2702.015000,3344.570000,2710.155000,0.500000,8.140000,3344.320000,2706.085000
rect,MET4,pin,3344.070000,2547.155000,3344.570000,2555.895000,0.500000,8.740000,3344.320000,2551.525000
rect,MET4,pin,3344.070000,2702.015000,3344.570000,2710.155000,0.500000,8.140000,3344.320000,2706.085000
rect,MET5,pin,3427.570000,2547.155000,3428.070000,2555.895000,0.500000,8.740000,3427.820000,2551.525000
rect,MET5,pin,3427.570000,2702.015000,3428.070000,2710.155000,0.500000,8.140000,3427.820000,2706.085000
rect,MET4,pin,3427.570000,2547.155000,3428.070000,2555.895000,0.500000,8.740000,3427.820000,2551.525000
rect,MET4,pin,3427.570000,2702.015000,3428.070000,2710.155000,0.500000,8.140000,3427.820000,2706.085000
rect,METTPL,pin,3344.070000,2547.155000,3344.570000,2555.395000,0.500000,8.240000,3344.320000,2551.275000
rect,METTPL,pin,3427.570000,2547.155000,3428.070000,2555.395000,0.500000,8.240000,3427.820000,2551.275000
rect,METTPL,pin,3344.070000,2702.755000,3344.570000,2710.155000,0.500000,7.400000,3344.320000,2706.455000
rect,METTPL,pin,3427.570000,2702.755000,3428.070000,2710.155000,0.500000,7.400000,3427.820000,2706.455000
rect,MET5,pin,3344.070000,2547.155000,3344.570000,2555.895000,0.500000,8.740000,3344.320000,2551.525000
rect,MET5,pin,3344.070000,2702.015000,3344.570000,2710.155000,0.500000,8.140000,3344.320000,2706.085000
rect,MET4,pin,3344.070000,2547.155000,3344.570000,2555.895000,0.500000,8.740000,3344.320000,2551.525000
rect,MET4,pin,3344.070000,2702.015000,3344.570000,2710.155000,0.500000,8.140000,3344.320000,2706.085000
rect,MET5,pin,3427.570000,2547.155000,3428.070000,2555.895000,0.500000,8.740000,3427.820000,2551.525000
rect,MET5,pin,3427.570000,2702.015000,3428.070000,2710.155000,0.500000,8.140000,3427.820000,2706.085000
rect,MET4,pin,3427.570000,2547.155000,3428.070000,2555.895000,0.500000,8.740000,3427.820000,2551.525000
rect,MET4,pin,3427.570000,2702.015000,3428.070000,2710.155000,0.500000,8.140000,3427.820000,2706.085000
rect,METTPL,pin,3344.070000,2557.895000,3344.570000,2589.895000,0.500000,32.000000,3344.320000,2573.895000
rect,MET5,pin,3344.070000,2557.895000,3344.570000,2589.895000,0.500000,32.000000,3344.320000,2573.895000
rect,MET4,pin,3344.070000,2557.895000,3344.570000,2589.895000,0.500000,32.000000,3344.320000,2573.895000
rect,METTPL,pin,3427.570000,2557.895000,3428.070000,2589.895000,0.500000,32.000000,3427.820000,2573.895000
rect,MET5,pin,3427.570000,2557.895000,3428.070000,2589.895000,0.500000,32.000000,3427.820000,2573.895000
rect,MET4,pin,3427.570000,2557.895000,3428.070000,2589.895000,0.500000,32.000000,3427.820000,2573.895000
rect,METTPL,pin,3344.070000,2666.015000,3344.570000,2700.015000,0.500000,34.000000,3344.320000,2683.015000
rect,MET5,pin,3344.070000,2666.015000,3344.570000,2700.015000,0.500000,34.000000,3344.320000,2683.015000
rect,MET4,pin,3344.070000,2666.015000,3344.570000,2700.015000,0.500000,34.000000,3344.320000,2683.015000
rect,METTPL,pin,3427.570000,2666.015000,3428.070000,2700.015000,0.500000,34.000000,3427.820000,2683.015000
rect,MET5,pin,3427.570000,2666.015000,3428.070000,2700.015000,0.500000,34.000000,3427.820000,2683.015000
rect,MET4,pin,3427.570000,2666.015000,3428.070000,2700.015000,0.500000,34.000000,3427.820000,2683.015000
rect,METTPL,pin,3250.070000,2547.155000,3250.570000,2555.395000,0.500000,8.240000,3250.320000,2551.275000
rect,METTPL,pin,3333.570000,2547.155000,3334.070000,2555.395000,0.500000,8.240000,3333.820000,2551.275000
rect,METTPL,pin,3250.070000,2702.755000,3250.570000,2710.155000,0.500000,7.400000,3250.320000,2706.455000
rect,METTPL,pin,3333.570000,2702.755000,3334.070000,2710.155000,0.500000,7.400000,3333.820000,2706.455000
rect,MET5,pin,3250.070000,2547.155000,3250.570000,2555.895000,0.500000,8.740000,3250.320000,2551.525000
rect,MET5,pin,3250.070000,2702.015000,3250.570000,2710.155000,0.500000,8.140000,3250.320000,2706.085000
rect,MET4,pin,3250.070000,2547.155000,3250.570000,2555.895000,0.500000,8.740000,3250.320000,2551.525000
rect,MET4,pin,3250.070000,2702.015000,3250.570000,2710.155000,0.500000,8.140000,3250.320000,2706.085000
rect,MET5,pin,3333.570000,2547.155000,3334.070000,2555.895000,0.500000,8.740000,3333.820000,2551.525000
rect,MET5,pin,3333.570000,2702.015000,3334.070000,2710.155000,0.500000,8.140000,3333.820000,2706.085000
rect,MET4,pin,3333.570000,2547.155000,3334.070000,2555.895000,0.500000,8.740000,3333.820000,2551.525000
rect,MET4,pin,3333.570000,2702.015000,3334.070000,2710.155000,0.500000,8.140000,3333.820000,2706.085000
rect,METTPL,pin,3250.070000,2547.155000,3250.570000,2555.395000,0.500000,8.240000,3250.320000,2551.275000
rect,METTPL,pin,3333.570000,2547.155000,3334.070000,2555.395000,0.500000,8.240000,3333.820000,2551.275000
rect,METTPL,pin,3250.070000,2702.755000,3250.570000,2710.155000,0.500000,7.400000,3250.320000,2706.455000
rect,METTPL,pin,3333.570000,2702.755000,3334.070000,2710.155000,0.500000,7.400000,3333.820000,2706.455000
rect,MET5,pin,3250.070000,2547.155000,3250.570000,2555.895000,0.500000,8.740000,3250.320000,2551.525000
rect,MET5,pin,3250.070000,2702.015000,3250.570000,2710.155000,0.500000,8.140000,3250.320000,2706.085000
rect,MET4,pin,3250.070000,2547.155000,3250.570000,2555.895000,0.500000,8.740000,3250.320000,2551.525000
rect,MET4,pin,3250.070000,2702.015000,3250.570000,2710.155000,0.500000,8.140000,3250.320000,2706.085000
rect,MET5,pin,3333.570000,2547.155000,3334.070000,2555.895000,0.500000,8.740000,3333.820000,2551.525000
rect,MET5,pin,3333.570000,2702.015000,3334.070000,2710.155000,0.500000,8.140000,3333.820000,2706.085000
rect,MET4,pin,3333.570000,2547.155000,3334.070000,2555.895000,0.500000,8.740000,3333.820000,2551.525000
rect,MET4,pin,3333.570000,2702.015000,3334.070000,2710.155000,0.500000,8.140000,3333.820000,2706.085000
rect,METTPL,pin,3250.070000,2557.895000,3250.570000,2589.895000,0.500000,32.000000,3250.320000,2573.895000
rect,MET5,pin,3250.070000,2557.895000,3250.570000,2589.895000,0.500000,32.000000,3250.320000,2573.895000
rect,MET4,pin,3250.070000,2557.895000,3250.570000,2589.895000,0.500000,32.000000,3250.320000,2573.895000
rect,METTPL,pin,3333.570000,2557.895000,3334.070000,2589.895000,0.500000,32.000000,3333.820000,2573.895000
rect,MET5,pin,3333.570000,2557.895000,3334.070000,2589.895000,0.500000,32.000000,3333.820000,2573.895000
rect,MET4,pin,3333.570000,2557.895000,3334.070000,2589.895000,0.500000,32.000000,3333.820000,2573.895000
rect,METTPL,pin,3250.070000,2666.015000,3250.570000,2700.015000,0.500000,34.000000,3250.320000,2683.015000
rect,MET5,pin,3250.070000,2666.015000,3250.570000,2700.015000,0.500000,34.000000,3250.320000,2683.015000
rect,MET4,pin,3250.070000,2666.015000,3250.570000,2700.015000,0.500000,34.000000,3250.320000,2683.015000
rect,METTPL,pin,3333.570000,2666.015000,3334.070000,2700.015000,0.500000,34.000000,3333.820000,2683.015000
rect,MET5,pin,3333.570000,2666.015000,3334.070000,2700.015000,0.500000,34.000000,3333.820000,2683.015000
rect,MET4,pin,3333.570000,2666.015000,3334.070000,2700.015000,0.500000,34.000000,3333.820000,2683.015000
rect,METTPL,pin,3156.070000,2547.155000,3156.570000,2555.395000,0.500000,8.240000,3156.320000,2551.275000
rect,METTPL,pin,3239.570000,2547.155000,3240.070000,2555.395000,0.500000,8.240000,3239.820000,2551.275000
rect,METTPL,pin,3156.070000,2702.755000,3156.570000,2710.155000,0.500000,7.400000,3156.320000,2706.455000
rect,METTPL,pin,3239.570000,2702.755000,3240.070000,2710.155000,0.500000,7.400000,3239.820000,2706.455000
rect,MET5,pin,3156.070000,2547.155000,3156.570000,2555.895000,0.500000,8.740000,3156.320000,2551.525000
rect,MET5,pin,3156.070000,2702.015000,3156.570000,2710.155000,0.500000,8.140000,3156.320000,2706.085000
rect,MET4,pin,3156.070000,2547.155000,3156.570000,2555.895000,0.500000,8.740000,3156.320000,2551.525000
rect,MET4,pin,3156.070000,2702.015000,3156.570000,2710.155000,0.500000,8.140000,3156.320000,2706.085000
rect,MET5,pin,3239.570000,2547.155000,3240.070000,2555.895000,0.500000,8.740000,3239.820000,2551.525000
rect,MET5,pin,3239.570000,2702.015000,3240.070000,2710.155000,0.500000,8.140000,3239.820000,2706.085000
rect,MET4,pin,3239.570000,2547.155000,3240.070000,2555.895000,0.500000,8.740000,3239.820000,2551.525000
rect,MET4,pin,3239.570000,2702.015000,3240.070000,2710.155000,0.500000,8.140000,3239.820000,2706.085000
rect,METTPL,pin,3156.070000,2547.155000,3156.570000,2555.395000,0.500000,8.240000,3156.320000,2551.275000
rect,METTPL,pin,3239.570000,2547.155000,3240.070000,2555.395000,0.500000,8.240000,3239.820000,2551.275000
rect,METTPL,pin,3156.070000,2702.755000,3156.570000,2710.155000,0.500000,7.400000,3156.320000,2706.455000
rect,METTPL,pin,3239.570000,2702.755000,3240.070000,2710.155000,0.500000,7.400000,3239.820000,2706.455000
rect,MET5,pin,3156.070000,2547.155000,3156.570000,2555.895000,0.500000,8.740000,3156.320000,2551.525000
rect,MET5,pin,3156.070000,2702.015000,3156.570000,2710.155000,0.500000,8.140000,3156.320000,2706.085000
rect,MET4,pin,3156.070000,2547.155000,3156.570000,2555.895000,0.500000,8.740000,3156.320000,2551.525000
rect,MET4,pin,3156.070000,2702.015000,3156.570000,2710.155000,0.500000,8.140000,3156.320000,2706.085000
rect,MET5,pin,3239.570000,2547.155000,3240.070000,2555.895000,0.500000,8.740000,3239.820000,2551.525000
rect,MET5,pin,3239.570000,2702.015000,3240.070000,2710.155000,0.500000,8.140000,3239.820000,2706.085000
rect,MET4,pin,3239.570000,2547.155000,3240.070000,2555.895000,0.500000,8.740000,3239.820000,2551.525000
rect,MET4,pin,3239.570000,2702.015000,3240.070000,2710.155000,0.500000,8.140000,3239.820000,2706.085000
rect,METTPL,pin,3156.070000,2557.895000,3156.570000,2589.895000,0.500000,32.000000,3156.320000,2573.895000
rect,MET5,pin,3156.070000,2557.895000,3156.570000,2589.895000,0.500000,32.000000,3156.320000,2573.895000
rect,MET4,pin,3156.070000,2557.895000,3156.570000,2589.895000,0.500000,32.000000,3156.320000,2573.895000
rect,METTPL,pin,3239.570000,2557.895000,3240.070000,2589.895000,0.500000,32.000000,3239.820000,2573.895000
rect,MET5,pin,3239.570000,2557.895000,3240.070000,2589.895000,0.500000,32.000000,3239.820000,2573.895000
rect,MET4,pin,3239.570000,2557.895000,3240.070000,2589.895000,0.500000,32.000000,3239.820000,2573.895000
rect,METTPL,pin,3156.070000,2666.015000,3156.570000,2700.015000,0.500000,34.000000,3156.320000,2683.015000
rect,MET5,pin,3156.070000,2666.015000,3156.570000,2700.015000,0.500000,34.000000,3156.320000,2683.015000
rect,MET4,pin,3156.070000,2666.015000,3156.570000,2700.015000,0.500000,34.000000,3156.320000,2683.015000
rect,METTPL,pin,3239.570000,2666.015000,3240.070000,2700.015000,0.500000,34.000000,3239.820000,2683.015000
rect,MET5,pin,3239.570000,2666.015000,3240.070000,2700.015000,0.500000,34.000000,3239.820000,2683.015000
rect,MET4,pin,3239.570000,2666.015000,3240.070000,2700.015000,0.500000,34.000000,3239.820000,2683.015000
rect,METTPL,pin,3062.070000,2547.155000,3062.570000,2555.395000,0.500000,8.240000,3062.320000,2551.275000
rect,METTPL,pin,3145.570000,2547.155000,3146.070000,2555.395000,0.500000,8.240000,3145.820000,2551.275000
rect,METTPL,pin,3062.070000,2702.755000,3062.570000,2710.155000,0.500000,7.400000,3062.320000,2706.455000
rect,METTPL,pin,3145.570000,2702.755000,3146.070000,2710.155000,0.500000,7.400000,3145.820000,2706.455000
rect,MET5,pin,3062.070000,2547.155000,3062.570000,2555.895000,0.500000,8.740000,3062.320000,2551.525000
rect,MET5,pin,3062.070000,2702.015000,3062.570000,2710.155000,0.500000,8.140000,3062.320000,2706.085000
rect,MET4,pin,3062.070000,2547.155000,3062.570000,2555.895000,0.500000,8.740000,3062.320000,2551.525000
rect,MET4,pin,3062.070000,2702.015000,3062.570000,2710.155000,0.500000,8.140000,3062.320000,2706.085000
rect,MET5,pin,3145.570000,2547.155000,3146.070000,2555.895000,0.500000,8.740000,3145.820000,2551.525000
rect,MET5,pin,3145.570000,2702.015000,3146.070000,2710.155000,0.500000,8.140000,3145.820000,2706.085000
rect,MET4,pin,3145.570000,2547.155000,3146.070000,2555.895000,0.500000,8.740000,3145.820000,2551.525000
rect,MET4,pin,3145.570000,2702.015000,3146.070000,2710.155000,0.500000,8.140000,3145.820000,2706.085000
rect,METTPL,pin,3062.070000,2547.155000,3062.570000,2555.395000,0.500000,8.240000,3062.320000,2551.275000
rect,METTPL,pin,3145.570000,2547.155000,3146.070000,2555.395000,0.500000,8.240000,3145.820000,2551.275000
rect,METTPL,pin,3062.070000,2702.755000,3062.570000,2710.155000,0.500000,7.400000,3062.320000,2706.455000
rect,METTPL,pin,3145.570000,2702.755000,3146.070000,2710.155000,0.500000,7.400000,3145.820000,2706.455000
rect,MET5,pin,3062.070000,2547.155000,3062.570000,2555.895000,0.500000,8.740000,3062.320000,2551.525000
rect,MET5,pin,3062.070000,2702.015000,3062.570000,2710.155000,0.500000,8.140000,3062.320000,2706.085000
rect,MET4,pin,3062.070000,2547.155000,3062.570000,2555.895000,0.500000,8.740000,3062.320000,2551.525000
rect,MET4,pin,3062.070000,2702.015000,3062.570000,2710.155000,0.500000,8.140000,3062.320000,2706.085000
rect,MET5,pin,3145.570000,2547.155000,3146.070000,2555.895000,0.500000,8.740000,3145.820000,2551.525000
rect,MET5,pin,3145.570000,2702.015000,3146.070000,2710.155000,0.500000,8.140000,3145.820000,2706.085000
rect,MET4,pin,3145.570000,2547.155000,3146.070000,2555.895000,0.500000,8.740000,3145.820000,2551.525000
rect,MET4,pin,3145.570000,2702.015000,3146.070000,2710.155000,0.500000,8.140000,3145.820000,2706.085000
rect,METTPL,pin,3062.070000,2557.895000,3062.570000,2589.895000,0.500000,32.000000,3062.320000,2573.895000
rect,MET5,pin,3062.070000,2557.895000,3062.570000,2589.895000,0.500000,32.000000,3062.320000,2573.895000
rect,MET4,pin,3062.070000,2557.895000,3062.570000,2589.895000,0.500000,32.000000,3062.320000,2573.895000
rect,METTPL,pin,3145.570000,2557.895000,3146.070000,2589.895000,0.500000,32.000000,3145.820000,2573.895000
rect,MET5,pin,3145.570000,2557.895000,3146.070000,2589.895000,0.500000,32.000000,3145.820000,2573.895000
rect,MET4,pin,3145.570000,2557.895000,3146.070000,2589.895000,0.500000,32.000000,3145.820000,2573.895000
rect,METTPL,pin,3062.070000,2666.015000,3062.570000,2700.015000,0.500000,34.000000,3062.320000,2683.015000
rect,MET5,pin,3062.070000,2666.015000,3062.570000,2700.015000,0.500000,34.000000,3062.320000,2683.015000
rect,MET4,pin,3062.070000,2666.015000,3062.570000,2700.015000,0.500000,34.000000,3062.320000,2683.015000
rect,METTPL,pin,3145.570000,2666.015000,3146.070000,2700.015000,0.500000,34.000000,3145.820000,2683.015000
rect,MET5,pin,3145.570000,2666.015000,3146.070000,2700.015000,0.500000,34.000000,3145.820000,2683.015000
rect,MET4,pin,3145.570000,2666.015000,3146.070000,2700.015000,0.500000,34.000000,3145.820000,2683.015000
rect,METTPL,pin,2968.070000,2547.155000,2968.570000,2555.395000,0.500000,8.240000,2968.320000,2551.275000
rect,METTPL,pin,3051.570000,2547.155000,3052.070000,2555.395000,0.500000,8.240000,3051.820000,2551.275000
rect,METTPL,pin,2968.070000,2702.755000,2968.570000,2710.155000,0.500000,7.400000,2968.320000,2706.455000
rect,METTPL,pin,3051.570000,2702.755000,3052.070000,2710.155000,0.500000,7.400000,3051.820000,2706.455000
rect,MET5,pin,2968.070000,2547.155000,2968.570000,2555.895000,0.500000,8.740000,2968.320000,2551.525000
rect,MET5,pin,2968.070000,2702.015000,2968.570000,2710.155000,0.500000,8.140000,2968.320000,2706.085000
rect,MET4,pin,2968.070000,2547.155000,2968.570000,2555.895000,0.500000,8.740000,2968.320000,2551.525000
rect,MET4,pin,2968.070000,2702.015000,2968.570000,2710.155000,0.500000,8.140000,2968.320000,2706.085000
rect,MET5,pin,3051.570000,2547.155000,3052.070000,2555.895000,0.500000,8.740000,3051.820000,2551.525000
rect,MET5,pin,3051.570000,2702.015000,3052.070000,2710.155000,0.500000,8.140000,3051.820000,2706.085000
rect,MET4,pin,3051.570000,2547.155000,3052.070000,2555.895000,0.500000,8.740000,3051.820000,2551.525000
rect,MET4,pin,3051.570000,2702.015000,3052.070000,2710.155000,0.500000,8.140000,3051.820000,2706.085000
rect,METTPL,pin,2968.070000,2547.155000,2968.570000,2555.395000,0.500000,8.240000,2968.320000,2551.275000
rect,METTPL,pin,3051.570000,2547.155000,3052.070000,2555.395000,0.500000,8.240000,3051.820000,2551.275000
rect,METTPL,pin,2968.070000,2702.755000,2968.570000,2710.155000,0.500000,7.400000,2968.320000,2706.455000
rect,METTPL,pin,3051.570000,2702.755000,3052.070000,2710.155000,0.500000,7.400000,3051.820000,2706.455000
rect,MET5,pin,2968.070000,2547.155000,2968.570000,2555.895000,0.500000,8.740000,2968.320000,2551.525000
rect,MET5,pin,2968.070000,2702.015000,2968.570000,2710.155000,0.500000,8.140000,2968.320000,2706.085000
rect,MET4,pin,2968.070000,2547.155000,2968.570000,2555.895000,0.500000,8.740000,2968.320000,2551.525000
rect,MET4,pin,2968.070000,2702.015000,2968.570000,2710.155000,0.500000,8.140000,2968.320000,2706.085000
rect,MET5,pin,3051.570000,2547.155000,3052.070000,2555.895000,0.500000,8.740000,3051.820000,2551.525000
rect,MET5,pin,3051.570000,2702.015000,3052.070000,2710.155000,0.500000,8.140000,3051.820000,2706.085000
rect,MET4,pin,3051.570000,2547.155000,3052.070000,2555.895000,0.500000,8.740000,3051.820000,2551.525000
rect,MET4,pin,3051.570000,2702.015000,3052.070000,2710.155000,0.500000,8.140000,3051.820000,2706.085000
rect,METTPL,pin,2968.070000,2557.895000,2968.570000,2589.895000,0.500000,32.000000,2968.320000,2573.895000
rect,MET5,pin,2968.070000,2557.895000,2968.570000,2589.895000,0.500000,32.000000,2968.320000,2573.895000
rect,MET4,pin,2968.070000,2557.895000,2968.570000,2589.895000,0.500000,32.000000,2968.320000,2573.895000
rect,METTPL,pin,3051.570000,2557.895000,3052.070000,2589.895000,0.500000,32.000000,3051.820000,2573.895000
rect,MET5,pin,3051.570000,2557.895000,3052.070000,2589.895000,0.500000,32.000000,3051.820000,2573.895000
rect,MET4,pin,3051.570000,2557.895000,3052.070000,2589.895000,0.500000,32.000000,3051.820000,2573.895000
rect,METTPL,pin,2968.070000,2666.015000,2968.570000,2700.015000,0.500000,34.000000,2968.320000,2683.015000
rect,MET5,pin,2968.070000,2666.015000,2968.570000,2700.015000,0.500000,34.000000,2968.320000,2683.015000
rect,MET4,pin,2968.070000,2666.015000,2968.570000,2700.015000,0.500000,34.000000,2968.320000,2683.015000
rect,METTPL,pin,3051.570000,2666.015000,3052.070000,2700.015000,0.500000,34.000000,3051.820000,2683.015000
rect,MET5,pin,3051.570000,2666.015000,3052.070000,2700.015000,0.500000,34.000000,3051.820000,2683.015000
rect,MET4,pin,3051.570000,2666.015000,3052.070000,2700.015000,0.500000,34.000000,3051.820000,2683.015000
rect,METTPL,pin,2874.070000,2547.155000,2874.570000,2555.395000,0.500000,8.240000,2874.320000,2551.275000
rect,METTPL,pin,2957.570000,2547.155000,2958.070000,2555.395000,0.500000,8.240000,2957.820000,2551.275000
rect,METTPL,pin,2874.070000,2702.755000,2874.570000,2710.155000,0.500000,7.400000,2874.320000,2706.455000
rect,METTPL,pin,2957.570000,2702.755000,2958.070000,2710.155000,0.500000,7.400000,2957.820000,2706.455000
rect,MET5,pin,2874.070000,2547.155000,2874.570000,2555.895000,0.500000,8.740000,2874.320000,2551.525000
rect,MET5,pin,2874.070000,2702.015000,2874.570000,2710.155000,0.500000,8.140000,2874.320000,2706.085000
rect,MET4,pin,2874.070000,2547.155000,2874.570000,2555.895000,0.500000,8.740000,2874.320000,2551.525000
rect,MET4,pin,2874.070000,2702.015000,2874.570000,2710.155000,0.500000,8.140000,2874.320000,2706.085000
rect,MET5,pin,2957.570000,2547.155000,2958.070000,2555.895000,0.500000,8.740000,2957.820000,2551.525000
rect,MET5,pin,2957.570000,2702.015000,2958.070000,2710.155000,0.500000,8.140000,2957.820000,2706.085000
rect,MET4,pin,2957.570000,2547.155000,2958.070000,2555.895000,0.500000,8.740000,2957.820000,2551.525000
rect,MET4,pin,2957.570000,2702.015000,2958.070000,2710.155000,0.500000,8.140000,2957.820000,2706.085000
rect,METTPL,pin,2874.070000,2547.155000,2874.570000,2555.395000,0.500000,8.240000,2874.320000,2551.275000
rect,METTPL,pin,2957.570000,2547.155000,2958.070000,2555.395000,0.500000,8.240000,2957.820000,2551.275000
rect,METTPL,pin,2874.070000,2702.755000,2874.570000,2710.155000,0.500000,7.400000,2874.320000,2706.455000
rect,METTPL,pin,2957.570000,2702.755000,2958.070000,2710.155000,0.500000,7.400000,2957.820000,2706.455000
rect,MET5,pin,2874.070000,2547.155000,2874.570000,2555.895000,0.500000,8.740000,2874.320000,2551.525000
rect,MET5,pin,2874.070000,2702.015000,2874.570000,2710.155000,0.500000,8.140000,2874.320000,2706.085000
rect,MET4,pin,2874.070000,2547.155000,2874.570000,2555.895000,0.500000,8.740000,2874.320000,2551.525000
rect,MET4,pin,2874.070000,2702.015000,2874.570000,2710.155000,0.500000,8.140000,2874.320000,2706.085000
rect,MET5,pin,2957.570000,2547.155000,2958.070000,2555.895000,0.500000,8.740000,2957.820000,2551.525000
rect,MET5,pin,2957.570000,2702.015000,2958.070000,2710.155000,0.500000,8.140000,2957.820000,2706.085000
rect,MET4,pin,2957.570000,2547.155000,2958.070000,2555.895000,0.500000,8.740000,2957.820000,2551.525000
rect,MET4,pin,2957.570000,2702.015000,2958.070000,2710.155000,0.500000,8.140000,2957.820000,2706.085000
rect,METTPL,pin,2874.070000,2557.895000,2874.570000,2589.895000,0.500000,32.000000,2874.320000,2573.895000
rect,MET5,pin,2874.070000,2557.895000,2874.570000,2589.895000,0.500000,32.000000,2874.320000,2573.895000
rect,MET4,pin,2874.070000,2557.895000,2874.570000,2589.895000,0.500000,32.000000,2874.320000,2573.895000
rect,METTPL,pin,2957.570000,2557.895000,2958.070000,2589.895000,0.500000,32.000000,2957.820000,2573.895000
rect,MET5,pin,2957.570000,2557.895000,2958.070000,2589.895000,0.500000,32.000000,2957.820000,2573.895000
rect,MET4,pin,2957.570000,2557.895000,2958.070000,2589.895000,0.500000,32.000000,2957.820000,2573.895000
rect,METTPL,pin,2874.070000,2666.015000,2874.570000,2700.015000,0.500000,34.000000,2874.320000,2683.015000
rect,MET5,pin,2874.070000,2666.015000,2874.570000,2700.015000,0.500000,34.000000,2874.320000,2683.015000
rect,MET4,pin,2874.070000,2666.015000,2874.570000,2700.015000,0.500000,34.000000,2874.320000,2683.015000
rect,METTPL,pin,2957.570000,2666.015000,2958.070000,2700.015000,0.500000,34.000000,2957.820000,2683.015000
rect,MET5,pin,2957.570000,2666.015000,2958.070000,2700.015000,0.500000,34.000000,2957.820000,2683.015000
rect,MET4,pin,2957.570000,2666.015000,2958.070000,2700.015000,0.500000,34.000000,2957.820000,2683.015000
rect,METTPL,pin,2780.070000,2547.155000,2780.570000,2555.395000,0.500000,8.240000,2780.320000,2551.275000
rect,METTPL,pin,2863.570000,2547.155000,2864.070000,2555.395000,0.500000,8.240000,2863.820000,2551.275000
rect,METTPL,pin,2780.070000,2702.755000,2780.570000,2710.155000,0.500000,7.400000,2780.320000,2706.455000
rect,METTPL,pin,2863.570000,2702.755000,2864.070000,2710.155000,0.500000,7.400000,2863.820000,2706.455000
rect,MET5,pin,2780.070000,2547.155000,2780.570000,2555.895000,0.500000,8.740000,2780.320000,2551.525000
rect,MET5,pin,2780.070000,2702.015000,2780.570000,2710.155000,0.500000,8.140000,2780.320000,2706.085000
rect,MET4,pin,2780.070000,2547.155000,2780.570000,2555.895000,0.500000,8.740000,2780.320000,2551.525000
rect,MET4,pin,2780.070000,2702.015000,2780.570000,2710.155000,0.500000,8.140000,2780.320000,2706.085000
rect,MET5,pin,2863.570000,2547.155000,2864.070000,2555.895000,0.500000,8.740000,2863.820000,2551.525000
rect,MET5,pin,2863.570000,2702.015000,2864.070000,2710.155000,0.500000,8.140000,2863.820000,2706.085000
rect,MET4,pin,2863.570000,2547.155000,2864.070000,2555.895000,0.500000,8.740000,2863.820000,2551.525000
rect,MET4,pin,2863.570000,2702.015000,2864.070000,2710.155000,0.500000,8.140000,2863.820000,2706.085000
rect,METTPL,pin,2780.070000,2547.155000,2780.570000,2555.395000,0.500000,8.240000,2780.320000,2551.275000
rect,METTPL,pin,2863.570000,2547.155000,2864.070000,2555.395000,0.500000,8.240000,2863.820000,2551.275000
rect,METTPL,pin,2780.070000,2702.755000,2780.570000,2710.155000,0.500000,7.400000,2780.320000,2706.455000
rect,METTPL,pin,2863.570000,2702.755000,2864.070000,2710.155000,0.500000,7.400000,2863.820000,2706.455000
rect,MET5,pin,2780.070000,2547.155000,2780.570000,2555.895000,0.500000,8.740000,2780.320000,2551.525000
rect,MET5,pin,2780.070000,2702.015000,2780.570000,2710.155000,0.500000,8.140000,2780.320000,2706.085000
rect,MET4,pin,2780.070000,2547.155000,2780.570000,2555.895000,0.500000,8.740000,2780.320000,2551.525000
rect,MET4,pin,2780.070000,2702.015000,2780.570000,2710.155000,0.500000,8.140000,2780.320000,2706.085000
rect,MET5,pin,2863.570000,2547.155000,2864.070000,2555.895000,0.500000,8.740000,2863.820000,2551.525000
rect,MET5,pin,2863.570000,2702.015000,2864.070000,2710.155000,0.500000,8.140000,2863.820000,2706.085000
rect,MET4,pin,2863.570000,2547.155000,2864.070000,2555.895000,0.500000,8.740000,2863.820000,2551.525000
rect,MET4,pin,2863.570000,2702.015000,2864.070000,2710.155000,0.500000,8.140000,2863.820000,2706.085000
rect,METTPL,pin,2780.070000,2557.895000,2780.570000,2589.895000,0.500000,32.000000,2780.320000,2573.895000
rect,MET5,pin,2780.070000,2557.895000,2780.570000,2589.895000,0.500000,32.000000,2780.320000,2573.895000
rect,MET4,pin,2780.070000,2557.895000,2780.570000,2589.895000,0.500000,32.000000,2780.320000,2573.895000
rect,METTPL,pin,2863.570000,2557.895000,2864.070000,2589.895000,0.500000,32.000000,2863.820000,2573.895000
rect,MET5,pin,2863.570000,2557.895000,2864.070000,2589.895000,0.500000,32.000000,2863.820000,2573.895000
rect,MET4,pin,2863.570000,2557.895000,2864.070000,2589.895000,0.500000,32.000000,2863.820000,2573.895000
rect,METTPL,pin,2780.070000,2666.015000,2780.570000,2700.015000,0.500000,34.000000,2780.320000,2683.015000
rect,MET5,pin,2780.070000,2666.015000,2780.570000,2700.015000,0.500000,34.000000,2780.320000,2683.015000
rect,MET4,pin,2780.070000,2666.015000,2780.570000,2700.015000,0.500000,34.000000,2780.320000,2683.015000
rect,METTPL,pin,2863.570000,2666.015000,2864.070000,2700.015000,0.500000,34.000000,2863.820000,2683.015000
rect,MET5,pin,2863.570000,2666.015000,2864.070000,2700.015000,0.500000,34.000000,2863.820000,2683.015000
rect,MET4,pin,2863.570000,2666.015000,2864.070000,2700.015000,0.500000,34.000000,2863.820000,2683.015000
rect,METTPL,pin,2686.070000,2547.155000,2686.570000,2555.395000,0.500000,8.240000,2686.320000,2551.275000
rect,METTPL,pin,2769.570000,2547.155000,2770.070000,2555.395000,0.500000,8.240000,2769.820000,2551.275000
rect,METTPL,pin,2686.070000,2702.755000,2686.570000,2710.155000,0.500000,7.400000,2686.320000,2706.455000
rect,METTPL,pin,2769.570000,2702.755000,2770.070000,2710.155000,0.500000,7.400000,2769.820000,2706.455000
rect,MET5,pin,2686.070000,2547.155000,2686.570000,2555.895000,0.500000,8.740000,2686.320000,2551.525000
rect,MET5,pin,2686.070000,2702.015000,2686.570000,2710.155000,0.500000,8.140000,2686.320000,2706.085000
rect,MET4,pin,2686.070000,2547.155000,2686.570000,2555.895000,0.500000,8.740000,2686.320000,2551.525000
rect,MET4,pin,2686.070000,2702.015000,2686.570000,2710.155000,0.500000,8.140000,2686.320000,2706.085000
rect,MET5,pin,2769.570000,2547.155000,2770.070000,2555.895000,0.500000,8.740000,2769.820000,2551.525000
rect,MET5,pin,2769.570000,2702.015000,2770.070000,2710.155000,0.500000,8.140000,2769.820000,2706.085000
rect,MET4,pin,2769.570000,2547.155000,2770.070000,2555.895000,0.500000,8.740000,2769.820000,2551.525000
rect,MET4,pin,2769.570000,2702.015000,2770.070000,2710.155000,0.500000,8.140000,2769.820000,2706.085000
rect,METTPL,pin,2686.070000,2547.155000,2686.570000,2555.395000,0.500000,8.240000,2686.320000,2551.275000
rect,METTPL,pin,2769.570000,2547.155000,2770.070000,2555.395000,0.500000,8.240000,2769.820000,2551.275000
rect,METTPL,pin,2686.070000,2702.755000,2686.570000,2710.155000,0.500000,7.400000,2686.320000,2706.455000
rect,METTPL,pin,2769.570000,2702.755000,2770.070000,2710.155000,0.500000,7.400000,2769.820000,2706.455000
rect,MET5,pin,2686.070000,2547.155000,2686.570000,2555.895000,0.500000,8.740000,2686.320000,2551.525000
rect,MET5,pin,2686.070000,2702.015000,2686.570000,2710.155000,0.500000,8.140000,2686.320000,2706.085000
rect,MET4,pin,2686.070000,2547.155000,2686.570000,2555.895000,0.500000,8.740000,2686.320000,2551.525000
rect,MET4,pin,2686.070000,2702.015000,2686.570000,2710.155000,0.500000,8.140000,2686.320000,2706.085000
rect,MET5,pin,2769.570000,2547.155000,2770.070000,2555.895000,0.500000,8.740000,2769.820000,2551.525000
rect,MET5,pin,2769.570000,2702.015000,2770.070000,2710.155000,0.500000,8.140000,2769.820000,2706.085000
rect,MET4,pin,2769.570000,2547.155000,2770.070000,2555.895000,0.500000,8.740000,2769.820000,2551.525000
rect,MET4,pin,2769.570000,2702.015000,2770.070000,2710.155000,0.500000,8.140000,2769.820000,2706.085000
rect,METTPL,pin,2686.070000,2557.895000,2686.570000,2589.895000,0.500000,32.000000,2686.320000,2573.895000
rect,MET5,pin,2686.070000,2557.895000,2686.570000,2589.895000,0.500000,32.000000,2686.320000,2573.895000
rect,MET4,pin,2686.070000,2557.895000,2686.570000,2589.895000,0.500000,32.000000,2686.320000,2573.895000
rect,METTPL,pin,2769.570000,2557.895000,2770.070000,2589.895000,0.500000,32.000000,2769.820000,2573.895000
rect,MET5,pin,2769.570000,2557.895000,2770.070000,2589.895000,0.500000,32.000000,2769.820000,2573.895000
rect,MET4,pin,2769.570000,2557.895000,2770.070000,2589.895000,0.500000,32.000000,2769.820000,2573.895000
rect,METTPL,pin,2686.070000,2666.015000,2686.570000,2700.015000,0.500000,34.000000,2686.320000,2683.015000
rect,MET5,pin,2686.070000,2666.015000,2686.570000,2700.015000,0.500000,34.000000,2686.320000,2683.015000
rect,MET4,pin,2686.070000,2666.015000,2686.570000,2700.015000,0.500000,34.000000,2686.320000,2683.015000
rect,METTPL,pin,2769.570000,2666.015000,2770.070000,2700.015000,0.500000,34.000000,2769.820000,2683.015000
rect,MET5,pin,2769.570000,2666.015000,2770.070000,2700.015000,0.500000,34.000000,2769.820000,2683.015000
rect,MET4,pin,2769.570000,2666.015000,2770.070000,2700.015000,0.500000,34.000000,2769.820000,2683.015000
rect,METTPL,pin,2592.070000,2547.155000,2592.570000,2555.395000,0.500000,8.240000,2592.320000,2551.275000
rect,METTPL,pin,2675.570000,2547.155000,2676.070000,2555.395000,0.500000,8.240000,2675.820000,2551.275000
rect,METTPL,pin,2592.070000,2702.755000,2592.570000,2710.155000,0.500000,7.400000,2592.320000,2706.455000
rect,METTPL,pin,2675.570000,2702.755000,2676.070000,2710.155000,0.500000,7.400000,2675.820000,2706.455000
rect,MET5,pin,2592.070000,2547.155000,2592.570000,2555.895000,0.500000,8.740000,2592.320000,2551.525000
rect,MET5,pin,2592.070000,2702.015000,2592.570000,2710.155000,0.500000,8.140000,2592.320000,2706.085000
rect,MET4,pin,2592.070000,2547.155000,2592.570000,2555.895000,0.500000,8.740000,2592.320000,2551.525000
rect,MET4,pin,2592.070000,2702.015000,2592.570000,2710.155000,0.500000,8.140000,2592.320000,2706.085000
rect,MET5,pin,2675.570000,2547.155000,2676.070000,2555.895000,0.500000,8.740000,2675.820000,2551.525000
rect,MET5,pin,2675.570000,2702.015000,2676.070000,2710.155000,0.500000,8.140000,2675.820000,2706.085000
rect,MET4,pin,2675.570000,2547.155000,2676.070000,2555.895000,0.500000,8.740000,2675.820000,2551.525000
rect,MET4,pin,2675.570000,2702.015000,2676.070000,2710.155000,0.500000,8.140000,2675.820000,2706.085000
rect,METTPL,pin,2592.070000,2547.155000,2592.570000,2555.395000,0.500000,8.240000,2592.320000,2551.275000
rect,METTPL,pin,2675.570000,2547.155000,2676.070000,2555.395000,0.500000,8.240000,2675.820000,2551.275000
rect,METTPL,pin,2592.070000,2702.755000,2592.570000,2710.155000,0.500000,7.400000,2592.320000,2706.455000
rect,METTPL,pin,2675.570000,2702.755000,2676.070000,2710.155000,0.500000,7.400000,2675.820000,2706.455000
rect,MET5,pin,2592.070000,2547.155000,2592.570000,2555.895000,0.500000,8.740000,2592.320000,2551.525000
rect,MET5,pin,2592.070000,2702.015000,2592.570000,2710.155000,0.500000,8.140000,2592.320000,2706.085000
rect,MET4,pin,2592.070000,2547.155000,2592.570000,2555.895000,0.500000,8.740000,2592.320000,2551.525000
rect,MET4,pin,2592.070000,2702.015000,2592.570000,2710.155000,0.500000,8.140000,2592.320000,2706.085000
rect,MET5,pin,2675.570000,2547.155000,2676.070000,2555.895000,0.500000,8.740000,2675.820000,2551.525000
rect,MET5,pin,2675.570000,2702.015000,2676.070000,2710.155000,0.500000,8.140000,2675.820000,2706.085000
rect,MET4,pin,2675.570000,2547.155000,2676.070000,2555.895000,0.500000,8.740000,2675.820000,2551.525000
rect,MET4,pin,2675.570000,2702.015000,2676.070000,2710.155000,0.500000,8.140000,2675.820000,2706.085000
rect,METTPL,pin,2592.070000,2557.895000,2592.570000,2589.895000,0.500000,32.000000,2592.320000,2573.895000
rect,MET5,pin,2592.070000,2557.895000,2592.570000,2589.895000,0.500000,32.000000,2592.320000,2573.895000
rect,MET4,pin,2592.070000,2557.895000,2592.570000,2589.895000,0.500000,32.000000,2592.320000,2573.895000
rect,METTPL,pin,2675.570000,2557.895000,2676.070000,2589.895000,0.500000,32.000000,2675.820000,2573.895000
rect,MET5,pin,2675.570000,2557.895000,2676.070000,2589.895000,0.500000,32.000000,2675.820000,2573.895000
rect,MET4,pin,2675.570000,2557.895000,2676.070000,2589.895000,0.500000,32.000000,2675.820000,2573.895000
rect,METTPL,pin,2592.070000,2666.015000,2592.570000,2700.015000,0.500000,34.000000,2592.320000,2683.015000
rect,MET5,pin,2592.070000,2666.015000,2592.570000,2700.015000,0.500000,34.000000,2592.320000,2683.015000
rect,MET4,pin,2592.070000,2666.015000,2592.570000,2700.015000,0.500000,34.000000,2592.320000,2683.015000
rect,METTPL,pin,2675.570000,2666.015000,2676.070000,2700.015000,0.500000,34.000000,2675.820000,2683.015000
rect,MET5,pin,2675.570000,2666.015000,2676.070000,2700.015000,0.500000,34.000000,2675.820000,2683.015000
rect,MET4,pin,2675.570000,2666.015000,2676.070000,2700.015000,0.500000,34.000000,2675.820000,2683.015000
rect,METTPL,pin,2498.070000,2547.155000,2498.570000,2555.395000,0.500000,8.240000,2498.320000,2551.275000
rect,METTPL,pin,2581.570000,2547.155000,2582.070000,2555.395000,0.500000,8.240000,2581.820000,2551.275000
rect,METTPL,pin,2498.070000,2702.755000,2498.570000,2710.155000,0.500000,7.400000,2498.320000,2706.455000
rect,METTPL,pin,2581.570000,2702.755000,2582.070000,2710.155000,0.500000,7.400000,2581.820000,2706.455000
rect,MET5,pin,2498.070000,2547.155000,2498.570000,2555.895000,0.500000,8.740000,2498.320000,2551.525000
rect,MET5,pin,2498.070000,2702.015000,2498.570000,2710.155000,0.500000,8.140000,2498.320000,2706.085000
rect,MET4,pin,2498.070000,2547.155000,2498.570000,2555.895000,0.500000,8.740000,2498.320000,2551.525000
rect,MET4,pin,2498.070000,2702.015000,2498.570000,2710.155000,0.500000,8.140000,2498.320000,2706.085000
rect,MET5,pin,2581.570000,2547.155000,2582.070000,2555.895000,0.500000,8.740000,2581.820000,2551.525000
rect,MET5,pin,2581.570000,2702.015000,2582.070000,2710.155000,0.500000,8.140000,2581.820000,2706.085000
rect,MET4,pin,2581.570000,2547.155000,2582.070000,2555.895000,0.500000,8.740000,2581.820000,2551.525000
rect,MET4,pin,2581.570000,2702.015000,2582.070000,2710.155000,0.500000,8.140000,2581.820000,2706.085000
rect,METTPL,pin,2498.070000,2547.155000,2498.570000,2555.395000,0.500000,8.240000,2498.320000,2551.275000
rect,METTPL,pin,2581.570000,2547.155000,2582.070000,2555.395000,0.500000,8.240000,2581.820000,2551.275000
rect,METTPL,pin,2498.070000,2702.755000,2498.570000,2710.155000,0.500000,7.400000,2498.320000,2706.455000
rect,METTPL,pin,2581.570000,2702.755000,2582.070000,2710.155000,0.500000,7.400000,2581.820000,2706.455000
rect,MET5,pin,2498.070000,2547.155000,2498.570000,2555.895000,0.500000,8.740000,2498.320000,2551.525000
rect,MET5,pin,2498.070000,2702.015000,2498.570000,2710.155000,0.500000,8.140000,2498.320000,2706.085000
rect,MET4,pin,2498.070000,2547.155000,2498.570000,2555.895000,0.500000,8.740000,2498.320000,2551.525000
rect,MET4,pin,2498.070000,2702.015000,2498.570000,2710.155000,0.500000,8.140000,2498.320000,2706.085000
rect,MET5,pin,2581.570000,2547.155000,2582.070000,2555.895000,0.500000,8.740000,2581.820000,2551.525000
rect,MET5,pin,2581.570000,2702.015000,2582.070000,2710.155000,0.500000,8.140000,2581.820000,2706.085000
rect,MET4,pin,2581.570000,2547.155000,2582.070000,2555.895000,0.500000,8.740000,2581.820000,2551.525000
rect,MET4,pin,2581.570000,2702.015000,2582.070000,2710.155000,0.500000,8.140000,2581.820000,2706.085000
rect,METTPL,pin,2498.070000,2557.895000,2498.570000,2589.895000,0.500000,32.000000,2498.320000,2573.895000
rect,MET5,pin,2498.070000,2557.895000,2498.570000,2589.895000,0.500000,32.000000,2498.320000,2573.895000
rect,MET4,pin,2498.070000,2557.895000,2498.570000,2589.895000,0.500000,32.000000,2498.320000,2573.895000
rect,METTPL,pin,2581.570000,2557.895000,2582.070000,2589.895000,0.500000,32.000000,2581.820000,2573.895000
rect,MET5,pin,2581.570000,2557.895000,2582.070000,2589.895000,0.500000,32.000000,2581.820000,2573.895000
rect,MET4,pin,2581.570000,2557.895000,2582.070000,2589.895000,0.500000,32.000000,2581.820000,2573.895000
rect,METTPL,pin,2498.070000,2666.015000,2498.570000,2700.015000,0.500000,34.000000,2498.320000,2683.015000
rect,MET5,pin,2498.070000,2666.015000,2498.570000,2700.015000,0.500000,34.000000,2498.320000,2683.015000
rect,MET4,pin,2498.070000,2666.015000,2498.570000,2700.015000,0.500000,34.000000,2498.320000,2683.015000
rect,METTPL,pin,2581.570000,2666.015000,2582.070000,2700.015000,0.500000,34.000000,2581.820000,2683.015000
rect,MET5,pin,2581.570000,2666.015000,2582.070000,2700.015000,0.500000,34.000000,2581.820000,2683.015000
rect,MET4,pin,2581.570000,2666.015000,2582.070000,2700.015000,0.500000,34.000000,2581.820000,2683.015000
rect,METTPL,pin,2404.070000,2547.155000,2404.570000,2555.395000,0.500000,8.240000,2404.320000,2551.275000
rect,METTPL,pin,2487.570000,2547.155000,2488.070000,2555.395000,0.500000,8.240000,2487.820000,2551.275000
rect,METTPL,pin,2404.070000,2702.755000,2404.570000,2710.155000,0.500000,7.400000,2404.320000,2706.455000
rect,METTPL,pin,2487.570000,2702.755000,2488.070000,2710.155000,0.500000,7.400000,2487.820000,2706.455000
rect,MET5,pin,2404.070000,2547.155000,2404.570000,2555.895000,0.500000,8.740000,2404.320000,2551.525000
rect,MET5,pin,2404.070000,2702.015000,2404.570000,2710.155000,0.500000,8.140000,2404.320000,2706.085000
rect,MET4,pin,2404.070000,2547.155000,2404.570000,2555.895000,0.500000,8.740000,2404.320000,2551.525000
rect,MET4,pin,2404.070000,2702.015000,2404.570000,2710.155000,0.500000,8.140000,2404.320000,2706.085000
rect,MET5,pin,2487.570000,2547.155000,2488.070000,2555.895000,0.500000,8.740000,2487.820000,2551.525000
rect,MET5,pin,2487.570000,2702.015000,2488.070000,2710.155000,0.500000,8.140000,2487.820000,2706.085000
rect,MET4,pin,2487.570000,2547.155000,2488.070000,2555.895000,0.500000,8.740000,2487.820000,2551.525000
rect,MET4,pin,2487.570000,2702.015000,2488.070000,2710.155000,0.500000,8.140000,2487.820000,2706.085000
rect,METTPL,pin,2404.070000,2547.155000,2404.570000,2555.395000,0.500000,8.240000,2404.320000,2551.275000
rect,METTPL,pin,2487.570000,2547.155000,2488.070000,2555.395000,0.500000,8.240000,2487.820000,2551.275000
rect,METTPL,pin,2404.070000,2702.755000,2404.570000,2710.155000,0.500000,7.400000,2404.320000,2706.455000
rect,METTPL,pin,2487.570000,2702.755000,2488.070000,2710.155000,0.500000,7.400000,2487.820000,2706.455000
rect,MET5,pin,2404.070000,2547.155000,2404.570000,2555.895000,0.500000,8.740000,2404.320000,2551.525000
rect,MET5,pin,2404.070000,2702.015000,2404.570000,2710.155000,0.500000,8.140000,2404.320000,2706.085000
rect,MET4,pin,2404.070000,2547.155000,2404.570000,2555.895000,0.500000,8.740000,2404.320000,2551.525000
rect,MET4,pin,2404.070000,2702.015000,2404.570000,2710.155000,0.500000,8.140000,2404.320000,2706.085000
rect,MET5,pin,2487.570000,2547.155000,2488.070000,2555.895000,0.500000,8.740000,2487.820000,2551.525000
rect,MET5,pin,2487.570000,2702.015000,2488.070000,2710.155000,0.500000,8.140000,2487.820000,2706.085000
rect,MET4,pin,2487.570000,2547.155000,2488.070000,2555.895000,0.500000,8.740000,2487.820000,2551.525000
rect,MET4,pin,2487.570000,2702.015000,2488.070000,2710.155000,0.500000,8.140000,2487.820000,2706.085000
rect,METTPL,pin,2404.070000,2557.895000,2404.570000,2589.895000,0.500000,32.000000,2404.320000,2573.895000
rect,MET5,pin,2404.070000,2557.895000,2404.570000,2589.895000,0.500000,32.000000,2404.320000,2573.895000
rect,MET4,pin,2404.070000,2557.895000,2404.570000,2589.895000,0.500000,32.000000,2404.320000,2573.895000
rect,METTPL,pin,2487.570000,2557.895000,2488.070000,2589.895000,0.500000,32.000000,2487.820000,2573.895000
rect,MET5,pin,2487.570000,2557.895000,2488.070000,2589.895000,0.500000,32.000000,2487.820000,2573.895000
rect,MET4,pin,2487.570000,2557.895000,2488.070000,2589.895000,0.500000,32.000000,2487.820000,2573.895000
rect,METTPL,pin,2404.070000,2666.015000,2404.570000,2700.015000,0.500000,34.000000,2404.320000,2683.015000
rect,MET5,pin,2404.070000,2666.015000,2404.570000,2700.015000,0.500000,34.000000,2404.320000,2683.015000
rect,MET4,pin,2404.070000,2666.015000,2404.570000,2700.015000,0.500000,34.000000,2404.320000,2683.015000
rect,METTPL,pin,2487.570000,2666.015000,2488.070000,2700.015000,0.500000,34.000000,2487.820000,2683.015000
rect,MET5,pin,2487.570000,2666.015000,2488.070000,2700.015000,0.500000,34.000000,2487.820000,2683.015000
rect,MET4,pin,2487.570000,2666.015000,2488.070000,2700.015000,0.500000,34.000000,2487.820000,2683.015000
rect,METTPL,pin,2310.070000,2547.155000,2310.570000,2555.395000,0.500000,8.240000,2310.320000,2551.275000
rect,METTPL,pin,2393.570000,2547.155000,2394.070000,2555.395000,0.500000,8.240000,2393.820000,2551.275000
rect,METTPL,pin,2310.070000,2702.755000,2310.570000,2710.155000,0.500000,7.400000,2310.320000,2706.455000
rect,METTPL,pin,2393.570000,2702.755000,2394.070000,2710.155000,0.500000,7.400000,2393.820000,2706.455000
rect,MET5,pin,2310.070000,2547.155000,2310.570000,2555.895000,0.500000,8.740000,2310.320000,2551.525000
rect,MET5,pin,2310.070000,2702.015000,2310.570000,2710.155000,0.500000,8.140000,2310.320000,2706.085000
rect,MET4,pin,2310.070000,2547.155000,2310.570000,2555.895000,0.500000,8.740000,2310.320000,2551.525000
rect,MET4,pin,2310.070000,2702.015000,2310.570000,2710.155000,0.500000,8.140000,2310.320000,2706.085000
rect,MET5,pin,2393.570000,2547.155000,2394.070000,2555.895000,0.500000,8.740000,2393.820000,2551.525000
rect,MET5,pin,2393.570000,2702.015000,2394.070000,2710.155000,0.500000,8.140000,2393.820000,2706.085000
rect,MET4,pin,2393.570000,2547.155000,2394.070000,2555.895000,0.500000,8.740000,2393.820000,2551.525000
rect,MET4,pin,2393.570000,2702.015000,2394.070000,2710.155000,0.500000,8.140000,2393.820000,2706.085000
rect,METTPL,pin,2310.070000,2547.155000,2310.570000,2555.395000,0.500000,8.240000,2310.320000,2551.275000
rect,METTPL,pin,2393.570000,2547.155000,2394.070000,2555.395000,0.500000,8.240000,2393.820000,2551.275000
rect,METTPL,pin,2310.070000,2702.755000,2310.570000,2710.155000,0.500000,7.400000,2310.320000,2706.455000
rect,METTPL,pin,2393.570000,2702.755000,2394.070000,2710.155000,0.500000,7.400000,2393.820000,2706.455000
rect,MET5,pin,2310.070000,2547.155000,2310.570000,2555.895000,0.500000,8.740000,2310.320000,2551.525000
rect,MET5,pin,2310.070000,2702.015000,2310.570000,2710.155000,0.500000,8.140000,2310.320000,2706.085000
rect,MET4,pin,2310.070000,2547.155000,2310.570000,2555.895000,0.500000,8.740000,2310.320000,2551.525000
rect,MET4,pin,2310.070000,2702.015000,2310.570000,2710.155000,0.500000,8.140000,2310.320000,2706.085000
rect,MET5,pin,2393.570000,2547.155000,2394.070000,2555.895000,0.500000,8.740000,2393.820000,2551.525000
rect,MET5,pin,2393.570000,2702.015000,2394.070000,2710.155000,0.500000,8.140000,2393.820000,2706.085000
rect,MET4,pin,2393.570000,2547.155000,2394.070000,2555.895000,0.500000,8.740000,2393.820000,2551.525000
rect,MET4,pin,2393.570000,2702.015000,2394.070000,2710.155000,0.500000,8.140000,2393.820000,2706.085000
rect,METTPL,pin,2310.070000,2557.895000,2310.570000,2589.895000,0.500000,32.000000,2310.320000,2573.895000
rect,MET5,pin,2310.070000,2557.895000,2310.570000,2589.895000,0.500000,32.000000,2310.320000,2573.895000
rect,MET4,pin,2310.070000,2557.895000,2310.570000,2589.895000,0.500000,32.000000,2310.320000,2573.895000
rect,METTPL,pin,2393.570000,2557.895000,2394.070000,2589.895000,0.500000,32.000000,2393.820000,2573.895000
rect,MET5,pin,2393.570000,2557.895000,2394.070000,2589.895000,0.500000,32.000000,2393.820000,2573.895000
rect,MET4,pin,2393.570000,2557.895000,2394.070000,2589.895000,0.500000,32.000000,2393.820000,2573.895000
rect,METTPL,pin,2310.070000,2666.015000,2310.570000,2700.015000,0.500000,34.000000,2310.320000,2683.015000
rect,MET5,pin,2310.070000,2666.015000,2310.570000,2700.015000,0.500000,34.000000,2310.320000,2683.015000
rect,MET4,pin,2310.070000,2666.015000,2310.570000,2700.015000,0.500000,34.000000,2310.320000,2683.015000
rect,METTPL,pin,2393.570000,2666.015000,2394.070000,2700.015000,0.500000,34.000000,2393.820000,2683.015000
rect,MET5,pin,2393.570000,2666.015000,2394.070000,2700.015000,0.500000,34.000000,2393.820000,2683.015000
rect,MET4,pin,2393.570000,2666.015000,2394.070000,2700.015000,0.500000,34.000000,2393.820000,2683.015000
rect,METTPL,pin,2216.070000,2547.155000,2216.570000,2555.395000,0.500000,8.240000,2216.320000,2551.275000
rect,METTPL,pin,2299.570000,2547.155000,2300.070000,2555.395000,0.500000,8.240000,2299.820000,2551.275000
rect,METTPL,pin,2216.070000,2702.755000,2216.570000,2710.155000,0.500000,7.400000,2216.320000,2706.455000
rect,METTPL,pin,2299.570000,2702.755000,2300.070000,2710.155000,0.500000,7.400000,2299.820000,2706.455000
rect,MET5,pin,2216.070000,2547.155000,2216.570000,2555.895000,0.500000,8.740000,2216.320000,2551.525000
rect,MET5,pin,2216.070000,2702.015000,2216.570000,2710.155000,0.500000,8.140000,2216.320000,2706.085000
rect,MET4,pin,2216.070000,2547.155000,2216.570000,2555.895000,0.500000,8.740000,2216.320000,2551.525000
rect,MET4,pin,2216.070000,2702.015000,2216.570000,2710.155000,0.500000,8.140000,2216.320000,2706.085000
rect,MET5,pin,2299.570000,2547.155000,2300.070000,2555.895000,0.500000,8.740000,2299.820000,2551.525000
rect,MET5,pin,2299.570000,2702.015000,2300.070000,2710.155000,0.500000,8.140000,2299.820000,2706.085000
rect,MET4,pin,2299.570000,2547.155000,2300.070000,2555.895000,0.500000,8.740000,2299.820000,2551.525000
rect,MET4,pin,2299.570000,2702.015000,2300.070000,2710.155000,0.500000,8.140000,2299.820000,2706.085000
rect,METTPL,pin,2216.070000,2547.155000,2216.570000,2555.395000,0.500000,8.240000,2216.320000,2551.275000
rect,METTPL,pin,2299.570000,2547.155000,2300.070000,2555.395000,0.500000,8.240000,2299.820000,2551.275000
rect,METTPL,pin,2216.070000,2702.755000,2216.570000,2710.155000,0.500000,7.400000,2216.320000,2706.455000
rect,METTPL,pin,2299.570000,2702.755000,2300.070000,2710.155000,0.500000,7.400000,2299.820000,2706.455000
rect,MET5,pin,2216.070000,2547.155000,2216.570000,2555.895000,0.500000,8.740000,2216.320000,2551.525000
rect,MET5,pin,2216.070000,2702.015000,2216.570000,2710.155000,0.500000,8.140000,2216.320000,2706.085000
rect,MET4,pin,2216.070000,2547.155000,2216.570000,2555.895000,0.500000,8.740000,2216.320000,2551.525000
rect,MET4,pin,2216.070000,2702.015000,2216.570000,2710.155000,0.500000,8.140000,2216.320000,2706.085000
rect,MET5,pin,2299.570000,2547.155000,2300.070000,2555.895000,0.500000,8.740000,2299.820000,2551.525000
rect,MET5,pin,2299.570000,2702.015000,2300.070000,2710.155000,0.500000,8.140000,2299.820000,2706.085000
rect,MET4,pin,2299.570000,2547.155000,2300.070000,2555.895000,0.500000,8.740000,2299.820000,2551.525000
rect,MET4,pin,2299.570000,2702.015000,2300.070000,2710.155000,0.500000,8.140000,2299.820000,2706.085000
rect,METTPL,pin,2216.070000,2557.895000,2216.570000,2589.895000,0.500000,32.000000,2216.320000,2573.895000
rect,MET5,pin,2216.070000,2557.895000,2216.570000,2589.895000,0.500000,32.000000,2216.320000,2573.895000
rect,MET4,pin,2216.070000,2557.895000,2216.570000,2589.895000,0.500000,32.000000,2216.320000,2573.895000
rect,METTPL,pin,2299.570000,2557.895000,2300.070000,2589.895000,0.500000,32.000000,2299.820000,2573.895000
rect,MET5,pin,2299.570000,2557.895000,2300.070000,2589.895000,0.500000,32.000000,2299.820000,2573.895000
rect,MET4,pin,2299.570000,2557.895000,2300.070000,2589.895000,0.500000,32.000000,2299.820000,2573.895000
rect,METTPL,pin,2216.070000,2666.015000,2216.570000,2700.015000,0.500000,34.000000,2216.320000,2683.015000
rect,MET5,pin,2216.070000,2666.015000,2216.570000,2700.015000,0.500000,34.000000,2216.320000,2683.015000
rect,MET4,pin,2216.070000,2666.015000,2216.570000,2700.015000,0.500000,34.000000,2216.320000,2683.015000
rect,METTPL,pin,2299.570000,2666.015000,2300.070000,2700.015000,0.500000,34.000000,2299.820000,2683.015000
rect,MET5,pin,2299.570000,2666.015000,2300.070000,2700.015000,0.500000,34.000000,2299.820000,2683.015000
rect,MET4,pin,2299.570000,2666.015000,2300.070000,2700.015000,0.500000,34.000000,2299.820000,2683.015000
rect,METTPL,pin,2122.070000,2547.155000,2122.570000,2555.395000,0.500000,8.240000,2122.320000,2551.275000
rect,METTPL,pin,2205.570000,2547.155000,2206.070000,2555.395000,0.500000,8.240000,2205.820000,2551.275000
rect,METTPL,pin,2122.070000,2702.755000,2122.570000,2710.155000,0.500000,7.400000,2122.320000,2706.455000
rect,METTPL,pin,2205.570000,2702.755000,2206.070000,2710.155000,0.500000,7.400000,2205.820000,2706.455000
rect,MET5,pin,2122.070000,2547.155000,2122.570000,2555.895000,0.500000,8.740000,2122.320000,2551.525000
rect,MET5,pin,2122.070000,2702.015000,2122.570000,2710.155000,0.500000,8.140000,2122.320000,2706.085000
rect,MET4,pin,2122.070000,2547.155000,2122.570000,2555.895000,0.500000,8.740000,2122.320000,2551.525000
rect,MET4,pin,2122.070000,2702.015000,2122.570000,2710.155000,0.500000,8.140000,2122.320000,2706.085000
rect,MET5,pin,2205.570000,2547.155000,2206.070000,2555.895000,0.500000,8.740000,2205.820000,2551.525000
rect,MET5,pin,2205.570000,2702.015000,2206.070000,2710.155000,0.500000,8.140000,2205.820000,2706.085000
rect,MET4,pin,2205.570000,2547.155000,2206.070000,2555.895000,0.500000,8.740000,2205.820000,2551.525000
rect,MET4,pin,2205.570000,2702.015000,2206.070000,2710.155000,0.500000,8.140000,2205.820000,2706.085000
rect,METTPL,pin,2122.070000,2547.155000,2122.570000,2555.395000,0.500000,8.240000,2122.320000,2551.275000
rect,METTPL,pin,2205.570000,2547.155000,2206.070000,2555.395000,0.500000,8.240000,2205.820000,2551.275000
rect,METTPL,pin,2122.070000,2702.755000,2122.570000,2710.155000,0.500000,7.400000,2122.320000,2706.455000
rect,METTPL,pin,2205.570000,2702.755000,2206.070000,2710.155000,0.500000,7.400000,2205.820000,2706.455000
rect,MET5,pin,2122.070000,2547.155000,2122.570000,2555.895000,0.500000,8.740000,2122.320000,2551.525000
rect,MET5,pin,2122.070000,2702.015000,2122.570000,2710.155000,0.500000,8.140000,2122.320000,2706.085000
rect,MET4,pin,2122.070000,2547.155000,2122.570000,2555.895000,0.500000,8.740000,2122.320000,2551.525000
rect,MET4,pin,2122.070000,2702.015000,2122.570000,2710.155000,0.500000,8.140000,2122.320000,2706.085000
rect,MET5,pin,2205.570000,2547.155000,2206.070000,2555.895000,0.500000,8.740000,2205.820000,2551.525000
rect,MET5,pin,2205.570000,2702.015000,2206.070000,2710.155000,0.500000,8.140000,2205.820000,2706.085000
rect,MET4,pin,2205.570000,2547.155000,2206.070000,2555.895000,0.500000,8.740000,2205.820000,2551.525000
rect,MET4,pin,2205.570000,2702.015000,2206.070000,2710.155000,0.500000,8.140000,2205.820000,2706.085000
rect,METTPL,pin,2122.070000,2557.895000,2122.570000,2589.895000,0.500000,32.000000,2122.320000,2573.895000
rect,MET5,pin,2122.070000,2557.895000,2122.570000,2589.895000,0.500000,32.000000,2122.320000,2573.895000
rect,MET4,pin,2122.070000,2557.895000,2122.570000,2589.895000,0.500000,32.000000,2122.320000,2573.895000
rect,METTPL,pin,2205.570000,2557.895000,2206.070000,2589.895000,0.500000,32.000000,2205.820000,2573.895000
rect,MET5,pin,2205.570000,2557.895000,2206.070000,2589.895000,0.500000,32.000000,2205.820000,2573.895000
rect,MET4,pin,2205.570000,2557.895000,2206.070000,2589.895000,0.500000,32.000000,2205.820000,2573.895000
rect,METTPL,pin,2122.070000,2666.015000,2122.570000,2700.015000,0.500000,34.000000,2122.320000,2683.015000
rect,MET5,pin,2122.070000,2666.015000,2122.570000,2700.015000,0.500000,34.000000,2122.320000,2683.015000
rect,MET4,pin,2122.070000,2666.015000,2122.570000,2700.015000,0.500000,34.000000,2122.320000,2683.015000
rect,METTPL,pin,2205.570000,2666.015000,2206.070000,2700.015000,0.500000,34.000000,2205.820000,2683.015000
rect,MET5,pin,2205.570000,2666.015000,2206.070000,2700.015000,0.500000,34.000000,2205.820000,2683.015000
rect,MET4,pin,2205.570000,2666.015000,2206.070000,2700.015000,0.500000,34.000000,2205.820000,2683.015000
rect,METTPL,pin,2028.070000,2547.155000,2028.570000,2555.395000,0.500000,8.240000,2028.320000,2551.275000
rect,METTPL,pin,2111.570000,2547.155000,2112.070000,2555.395000,0.500000,8.240000,2111.820000,2551.275000
rect,METTPL,pin,2028.070000,2702.755000,2028.570000,2710.155000,0.500000,7.400000,2028.320000,2706.455000
rect,METTPL,pin,2111.570000,2702.755000,2112.070000,2710.155000,0.500000,7.400000,2111.820000,2706.455000
rect,MET5,pin,2028.070000,2547.155000,2028.570000,2555.895000,0.500000,8.740000,2028.320000,2551.525000
rect,MET5,pin,2028.070000,2702.015000,2028.570000,2710.155000,0.500000,8.140000,2028.320000,2706.085000
rect,MET4,pin,2028.070000,2547.155000,2028.570000,2555.895000,0.500000,8.740000,2028.320000,2551.525000
rect,MET4,pin,2028.070000,2702.015000,2028.570000,2710.155000,0.500000,8.140000,2028.320000,2706.085000
rect,MET5,pin,2111.570000,2547.155000,2112.070000,2555.895000,0.500000,8.740000,2111.820000,2551.525000
rect,MET5,pin,2111.570000,2702.015000,2112.070000,2710.155000,0.500000,8.140000,2111.820000,2706.085000
rect,MET4,pin,2111.570000,2547.155000,2112.070000,2555.895000,0.500000,8.740000,2111.820000,2551.525000
rect,MET4,pin,2111.570000,2702.015000,2112.070000,2710.155000,0.500000,8.140000,2111.820000,2706.085000
rect,METTPL,pin,2028.070000,2547.155000,2028.570000,2555.395000,0.500000,8.240000,2028.320000,2551.275000
rect,METTPL,pin,2111.570000,2547.155000,2112.070000,2555.395000,0.500000,8.240000,2111.820000,2551.275000
rect,METTPL,pin,2028.070000,2702.755000,2028.570000,2710.155000,0.500000,7.400000,2028.320000,2706.455000
rect,METTPL,pin,2111.570000,2702.755000,2112.070000,2710.155000,0.500000,7.400000,2111.820000,2706.455000
rect,MET5,pin,2028.070000,2547.155000,2028.570000,2555.895000,0.500000,8.740000,2028.320000,2551.525000
rect,MET5,pin,2028.070000,2702.015000,2028.570000,2710.155000,0.500000,8.140000,2028.320000,2706.085000
rect,MET4,pin,2028.070000,2547.155000,2028.570000,2555.895000,0.500000,8.740000,2028.320000,2551.525000
rect,MET4,pin,2028.070000,2702.015000,2028.570000,2710.155000,0.500000,8.140000,2028.320000,2706.085000
rect,MET5,pin,2111.570000,2547.155000,2112.070000,2555.895000,0.500000,8.740000,2111.820000,2551.525000
rect,MET5,pin,2111.570000,2702.015000,2112.070000,2710.155000,0.500000,8.140000,2111.820000,2706.085000
rect,MET4,pin,2111.570000,2547.155000,2112.070000,2555.895000,0.500000,8.740000,2111.820000,2551.525000
rect,MET4,pin,2111.570000,2702.015000,2112.070000,2710.155000,0.500000,8.140000,2111.820000,2706.085000
rect,METTPL,pin,2028.070000,2557.895000,2028.570000,2589.895000,0.500000,32.000000,2028.320000,2573.895000
rect,MET5,pin,2028.070000,2557.895000,2028.570000,2589.895000,0.500000,32.000000,2028.320000,2573.895000
rect,MET4,pin,2028.070000,2557.895000,2028.570000,2589.895000,0.500000,32.000000,2028.320000,2573.895000
rect,METTPL,pin,2111.570000,2557.895000,2112.070000,2589.895000,0.500000,32.000000,2111.820000,2573.895000
rect,MET5,pin,2111.570000,2557.895000,2112.070000,2589.895000,0.500000,32.000000,2111.820000,2573.895000
rect,MET4,pin,2111.570000,2557.895000,2112.070000,2589.895000,0.500000,32.000000,2111.820000,2573.895000
rect,METTPL,pin,2028.070000,2666.015000,2028.570000,2700.015000,0.500000,34.000000,2028.320000,2683.015000
rect,MET5,pin,2028.070000,2666.015000,2028.570000,2700.015000,0.500000,34.000000,2028.320000,2683.015000
rect,MET4,pin,2028.070000,2666.015000,2028.570000,2700.015000,0.500000,34.000000,2028.320000,2683.015000
rect,METTPL,pin,2111.570000,2666.015000,2112.070000,2700.015000,0.500000,34.000000,2111.820000,2683.015000
rect,MET5,pin,2111.570000,2666.015000,2112.070000,2700.015000,0.500000,34.000000,2111.820000,2683.015000
rect,MET4,pin,2111.570000,2666.015000,2112.070000,2700.015000,0.500000,34.000000,2111.820000,2683.015000
rect,METTPL,pin,1934.070000,2547.155000,1934.570000,2555.395000,0.500000,8.240000,1934.320000,2551.275000
rect,METTPL,pin,2017.570000,2547.155000,2018.070000,2555.395000,0.500000,8.240000,2017.820000,2551.275000
rect,METTPL,pin,1934.070000,2702.755000,1934.570000,2710.155000,0.500000,7.400000,1934.320000,2706.455000
rect,METTPL,pin,2017.570000,2702.755000,2018.070000,2710.155000,0.500000,7.400000,2017.820000,2706.455000
rect,MET5,pin,1934.070000,2547.155000,1934.570000,2555.895000,0.500000,8.740000,1934.320000,2551.525000
rect,MET5,pin,1934.070000,2702.015000,1934.570000,2710.155000,0.500000,8.140000,1934.320000,2706.085000
rect,MET4,pin,1934.070000,2547.155000,1934.570000,2555.895000,0.500000,8.740000,1934.320000,2551.525000
rect,MET4,pin,1934.070000,2702.015000,1934.570000,2710.155000,0.500000,8.140000,1934.320000,2706.085000
rect,MET5,pin,2017.570000,2547.155000,2018.070000,2555.895000,0.500000,8.740000,2017.820000,2551.525000
rect,MET5,pin,2017.570000,2702.015000,2018.070000,2710.155000,0.500000,8.140000,2017.820000,2706.085000
rect,MET4,pin,2017.570000,2547.155000,2018.070000,2555.895000,0.500000,8.740000,2017.820000,2551.525000
rect,MET4,pin,2017.570000,2702.015000,2018.070000,2710.155000,0.500000,8.140000,2017.820000,2706.085000
rect,METTPL,pin,1934.070000,2547.155000,1934.570000,2555.395000,0.500000,8.240000,1934.320000,2551.275000
rect,METTPL,pin,2017.570000,2547.155000,2018.070000,2555.395000,0.500000,8.240000,2017.820000,2551.275000
rect,METTPL,pin,1934.070000,2702.755000,1934.570000,2710.155000,0.500000,7.400000,1934.320000,2706.455000
rect,METTPL,pin,2017.570000,2702.755000,2018.070000,2710.155000,0.500000,7.400000,2017.820000,2706.455000
rect,MET5,pin,1934.070000,2547.155000,1934.570000,2555.895000,0.500000,8.740000,1934.320000,2551.525000
rect,MET5,pin,1934.070000,2702.015000,1934.570000,2710.155000,0.500000,8.140000,1934.320000,2706.085000
rect,MET4,pin,1934.070000,2547.155000,1934.570000,2555.895000,0.500000,8.740000,1934.320000,2551.525000
rect,MET4,pin,1934.070000,2702.015000,1934.570000,2710.155000,0.500000,8.140000,1934.320000,2706.085000
rect,MET5,pin,2017.570000,2547.155000,2018.070000,2555.895000,0.500000,8.740000,2017.820000,2551.525000
rect,MET5,pin,2017.570000,2702.015000,2018.070000,2710.155000,0.500000,8.140000,2017.820000,2706.085000
rect,MET4,pin,2017.570000,2547.155000,2018.070000,2555.895000,0.500000,8.740000,2017.820000,2551.525000
rect,MET4,pin,2017.570000,2702.015000,2018.070000,2710.155000,0.500000,8.140000,2017.820000,2706.085000
rect,METTPL,pin,1934.070000,2557.895000,1934.570000,2589.895000,0.500000,32.000000,1934.320000,2573.895000
rect,MET5,pin,1934.070000,2557.895000,1934.570000,2589.895000,0.500000,32.000000,1934.320000,2573.895000
rect,MET4,pin,1934.070000,2557.895000,1934.570000,2589.895000,0.500000,32.000000,1934.320000,2573.895000
rect,METTPL,pin,2017.570000,2557.895000,2018.070000,2589.895000,0.500000,32.000000,2017.820000,2573.895000
rect,MET5,pin,2017.570000,2557.895000,2018.070000,2589.895000,0.500000,32.000000,2017.820000,2573.895000
rect,MET4,pin,2017.570000,2557.895000,2018.070000,2589.895000,0.500000,32.000000,2017.820000,2573.895000
rect,METTPL,pin,1934.070000,2666.015000,1934.570000,2700.015000,0.500000,34.000000,1934.320000,2683.015000
rect,MET5,pin,1934.070000,2666.015000,1934.570000,2700.015000,0.500000,34.000000,1934.320000,2683.015000
rect,MET4,pin,1934.070000,2666.015000,1934.570000,2700.015000,0.500000,34.000000,1934.320000,2683.015000
rect,METTPL,pin,2017.570000,2666.015000,2018.070000,2700.015000,0.500000,34.000000,2017.820000,2683.015000
rect,MET5,pin,2017.570000,2666.015000,2018.070000,2700.015000,0.500000,34.000000,2017.820000,2683.015000
rect,MET4,pin,2017.570000,2666.015000,2018.070000,2700.015000,0.500000,34.000000,2017.820000,2683.015000
rect,METTPL,pin,1840.070000,2547.155000,1840.570000,2555.395000,0.500000,8.240000,1840.320000,2551.275000
rect,METTPL,pin,1923.570000,2547.155000,1924.070000,2555.395000,0.500000,8.240000,1923.820000,2551.275000
rect,METTPL,pin,1840.070000,2702.755000,1840.570000,2710.155000,0.500000,7.400000,1840.320000,2706.455000
rect,METTPL,pin,1923.570000,2702.755000,1924.070000,2710.155000,0.500000,7.400000,1923.820000,2706.455000
rect,MET5,pin,1840.070000,2547.155000,1840.570000,2555.895000,0.500000,8.740000,1840.320000,2551.525000
rect,MET5,pin,1840.070000,2702.015000,1840.570000,2710.155000,0.500000,8.140000,1840.320000,2706.085000
rect,MET4,pin,1840.070000,2547.155000,1840.570000,2555.895000,0.500000,8.740000,1840.320000,2551.525000
rect,MET4,pin,1840.070000,2702.015000,1840.570000,2710.155000,0.500000,8.140000,1840.320000,2706.085000
rect,MET5,pin,1923.570000,2547.155000,1924.070000,2555.895000,0.500000,8.740000,1923.820000,2551.525000
rect,MET5,pin,1923.570000,2702.015000,1924.070000,2710.155000,0.500000,8.140000,1923.820000,2706.085000
rect,MET4,pin,1923.570000,2547.155000,1924.070000,2555.895000,0.500000,8.740000,1923.820000,2551.525000
rect,MET4,pin,1923.570000,2702.015000,1924.070000,2710.155000,0.500000,8.140000,1923.820000,2706.085000
rect,METTPL,pin,1840.070000,2547.155000,1840.570000,2555.395000,0.500000,8.240000,1840.320000,2551.275000
rect,METTPL,pin,1923.570000,2547.155000,1924.070000,2555.395000,0.500000,8.240000,1923.820000,2551.275000
rect,METTPL,pin,1840.070000,2702.755000,1840.570000,2710.155000,0.500000,7.400000,1840.320000,2706.455000
rect,METTPL,pin,1923.570000,2702.755000,1924.070000,2710.155000,0.500000,7.400000,1923.820000,2706.455000
rect,MET5,pin,1840.070000,2547.155000,1840.570000,2555.895000,0.500000,8.740000,1840.320000,2551.525000
rect,MET5,pin,1840.070000,2702.015000,1840.570000,2710.155000,0.500000,8.140000,1840.320000,2706.085000
rect,MET4,pin,1840.070000,2547.155000,1840.570000,2555.895000,0.500000,8.740000,1840.320000,2551.525000
rect,MET4,pin,1840.070000,2702.015000,1840.570000,2710.155000,0.500000,8.140000,1840.320000,2706.085000
rect,MET5,pin,1923.570000,2547.155000,1924.070000,2555.895000,0.500000,8.740000,1923.820000,2551.525000
rect,MET5,pin,1923.570000,2702.015000,1924.070000,2710.155000,0.500000,8.140000,1923.820000,2706.085000
rect,MET4,pin,1923.570000,2547.155000,1924.070000,2555.895000,0.500000,8.740000,1923.820000,2551.525000
rect,MET4,pin,1923.570000,2702.015000,1924.070000,2710.155000,0.500000,8.140000,1923.820000,2706.085000
rect,METTPL,pin,1840.070000,2557.895000,1840.570000,2589.895000,0.500000,32.000000,1840.320000,2573.895000
rect,MET5,pin,1840.070000,2557.895000,1840.570000,2589.895000,0.500000,32.000000,1840.320000,2573.895000
rect,MET4,pin,1840.070000,2557.895000,1840.570000,2589.895000,0.500000,32.000000,1840.320000,2573.895000
rect,METTPL,pin,1923.570000,2557.895000,1924.070000,2589.895000,0.500000,32.000000,1923.820000,2573.895000
rect,MET5,pin,1923.570000,2557.895000,1924.070000,2589.895000,0.500000,32.000000,1923.820000,2573.895000
rect,MET4,pin,1923.570000,2557.895000,1924.070000,2589.895000,0.500000,32.000000,1923.820000,2573.895000
rect,METTPL,pin,1840.070000,2666.015000,1840.570000,2700.015000,0.500000,34.000000,1840.320000,2683.015000
rect,MET5,pin,1840.070000,2666.015000,1840.570000,2700.015000,0.500000,34.000000,1840.320000,2683.015000
rect,MET4,pin,1840.070000,2666.015000,1840.570000,2700.015000,0.500000,34.000000,1840.320000,2683.015000
rect,METTPL,pin,1923.570000,2666.015000,1924.070000,2700.015000,0.500000,34.000000,1923.820000,2683.015000
rect,MET5,pin,1923.570000,2666.015000,1924.070000,2700.015000,0.500000,34.000000,1923.820000,2683.015000
rect,MET4,pin,1923.570000,2666.015000,1924.070000,2700.015000,0.500000,34.000000,1923.820000,2683.015000
rect,METTPL,pin,1746.070000,2547.155000,1746.570000,2555.395000,0.500000,8.240000,1746.320000,2551.275000
rect,METTPL,pin,1829.570000,2547.155000,1830.070000,2555.395000,0.500000,8.240000,1829.820000,2551.275000
rect,METTPL,pin,1746.070000,2702.755000,1746.570000,2710.155000,0.500000,7.400000,1746.320000,2706.455000
rect,METTPL,pin,1829.570000,2702.755000,1830.070000,2710.155000,0.500000,7.400000,1829.820000,2706.455000
rect,MET5,pin,1746.070000,2547.155000,1746.570000,2555.895000,0.500000,8.740000,1746.320000,2551.525000
rect,MET5,pin,1746.070000,2702.015000,1746.570000,2710.155000,0.500000,8.140000,1746.320000,2706.085000
rect,MET4,pin,1746.070000,2547.155000,1746.570000,2555.895000,0.500000,8.740000,1746.320000,2551.525000
rect,MET4,pin,1746.070000,2702.015000,1746.570000,2710.155000,0.500000,8.140000,1746.320000,2706.085000
rect,MET5,pin,1829.570000,2547.155000,1830.070000,2555.895000,0.500000,8.740000,1829.820000,2551.525000
rect,MET5,pin,1829.570000,2702.015000,1830.070000,2710.155000,0.500000,8.140000,1829.820000,2706.085000
rect,MET4,pin,1829.570000,2547.155000,1830.070000,2555.895000,0.500000,8.740000,1829.820000,2551.525000
rect,MET4,pin,1829.570000,2702.015000,1830.070000,2710.155000,0.500000,8.140000,1829.820000,2706.085000
rect,METTPL,pin,1746.070000,2547.155000,1746.570000,2555.395000,0.500000,8.240000,1746.320000,2551.275000
rect,METTPL,pin,1829.570000,2547.155000,1830.070000,2555.395000,0.500000,8.240000,1829.820000,2551.275000
rect,METTPL,pin,1746.070000,2702.755000,1746.570000,2710.155000,0.500000,7.400000,1746.320000,2706.455000
rect,METTPL,pin,1829.570000,2702.755000,1830.070000,2710.155000,0.500000,7.400000,1829.820000,2706.455000
rect,MET5,pin,1746.070000,2547.155000,1746.570000,2555.895000,0.500000,8.740000,1746.320000,2551.525000
rect,MET5,pin,1746.070000,2702.015000,1746.570000,2710.155000,0.500000,8.140000,1746.320000,2706.085000
rect,MET4,pin,1746.070000,2547.155000,1746.570000,2555.895000,0.500000,8.740000,1746.320000,2551.525000
rect,MET4,pin,1746.070000,2702.015000,1746.570000,2710.155000,0.500000,8.140000,1746.320000,2706.085000
rect,MET5,pin,1829.570000,2547.155000,1830.070000,2555.895000,0.500000,8.740000,1829.820000,2551.525000
rect,MET5,pin,1829.570000,2702.015000,1830.070000,2710.155000,0.500000,8.140000,1829.820000,2706.085000
rect,MET4,pin,1829.570000,2547.155000,1830.070000,2555.895000,0.500000,8.740000,1829.820000,2551.525000
rect,MET4,pin,1829.570000,2702.015000,1830.070000,2710.155000,0.500000,8.140000,1829.820000,2706.085000
rect,METTPL,pin,1746.070000,2557.895000,1746.570000,2589.895000,0.500000,32.000000,1746.320000,2573.895000
rect,MET5,pin,1746.070000,2557.895000,1746.570000,2589.895000,0.500000,32.000000,1746.320000,2573.895000
rect,MET4,pin,1746.070000,2557.895000,1746.570000,2589.895000,0.500000,32.000000,1746.320000,2573.895000
rect,METTPL,pin,1829.570000,2557.895000,1830.070000,2589.895000,0.500000,32.000000,1829.820000,2573.895000
rect,MET5,pin,1829.570000,2557.895000,1830.070000,2589.895000,0.500000,32.000000,1829.820000,2573.895000
rect,MET4,pin,1829.570000,2557.895000,1830.070000,2589.895000,0.500000,32.000000,1829.820000,2573.895000
rect,METTPL,pin,1746.070000,2666.015000,1746.570000,2700.015000,0.500000,34.000000,1746.320000,2683.015000
rect,MET5,pin,1746.070000,2666.015000,1746.570000,2700.015000,0.500000,34.000000,1746.320000,2683.015000
rect,MET4,pin,1746.070000,2666.015000,1746.570000,2700.015000,0.500000,34.000000,1746.320000,2683.015000
rect,METTPL,pin,1829.570000,2666.015000,1830.070000,2700.015000,0.500000,34.000000,1829.820000,2683.015000
rect,MET5,pin,1829.570000,2666.015000,1830.070000,2700.015000,0.500000,34.000000,1829.820000,2683.015000
rect,MET4,pin,1829.570000,2666.015000,1830.070000,2700.015000,0.500000,34.000000,1829.820000,2683.015000
rect,METTPL,pin,1652.070000,2547.155000,1652.570000,2555.395000,0.500000,8.240000,1652.320000,2551.275000
rect,METTPL,pin,1735.570000,2547.155000,1736.070000,2555.395000,0.500000,8.240000,1735.820000,2551.275000
rect,METTPL,pin,1652.070000,2702.755000,1652.570000,2710.155000,0.500000,7.400000,1652.320000,2706.455000
rect,METTPL,pin,1735.570000,2702.755000,1736.070000,2710.155000,0.500000,7.400000,1735.820000,2706.455000
rect,MET5,pin,1652.070000,2547.155000,1652.570000,2555.895000,0.500000,8.740000,1652.320000,2551.525000
rect,MET5,pin,1652.070000,2702.015000,1652.570000,2710.155000,0.500000,8.140000,1652.320000,2706.085000
rect,MET4,pin,1652.070000,2547.155000,1652.570000,2555.895000,0.500000,8.740000,1652.320000,2551.525000
rect,MET4,pin,1652.070000,2702.015000,1652.570000,2710.155000,0.500000,8.140000,1652.320000,2706.085000
rect,MET5,pin,1735.570000,2547.155000,1736.070000,2555.895000,0.500000,8.740000,1735.820000,2551.525000
rect,MET5,pin,1735.570000,2702.015000,1736.070000,2710.155000,0.500000,8.140000,1735.820000,2706.085000
rect,MET4,pin,1735.570000,2547.155000,1736.070000,2555.895000,0.500000,8.740000,1735.820000,2551.525000
rect,MET4,pin,1735.570000,2702.015000,1736.070000,2710.155000,0.500000,8.140000,1735.820000,2706.085000
rect,METTPL,pin,1652.070000,2547.155000,1652.570000,2555.395000,0.500000,8.240000,1652.320000,2551.275000
rect,METTPL,pin,1735.570000,2547.155000,1736.070000,2555.395000,0.500000,8.240000,1735.820000,2551.275000
rect,METTPL,pin,1652.070000,2702.755000,1652.570000,2710.155000,0.500000,7.400000,1652.320000,2706.455000
rect,METTPL,pin,1735.570000,2702.755000,1736.070000,2710.155000,0.500000,7.400000,1735.820000,2706.455000
rect,MET5,pin,1652.070000,2547.155000,1652.570000,2555.895000,0.500000,8.740000,1652.320000,2551.525000
rect,MET5,pin,1652.070000,2702.015000,1652.570000,2710.155000,0.500000,8.140000,1652.320000,2706.085000
rect,MET4,pin,1652.070000,2547.155000,1652.570000,2555.895000,0.500000,8.740000,1652.320000,2551.525000
rect,MET4,pin,1652.070000,2702.015000,1652.570000,2710.155000,0.500000,8.140000,1652.320000,2706.085000
rect,MET5,pin,1735.570000,2547.155000,1736.070000,2555.895000,0.500000,8.740000,1735.820000,2551.525000
rect,MET5,pin,1735.570000,2702.015000,1736.070000,2710.155000,0.500000,8.140000,1735.820000,2706.085000
rect,MET4,pin,1735.570000,2547.155000,1736.070000,2555.895000,0.500000,8.740000,1735.820000,2551.525000
rect,MET4,pin,1735.570000,2702.015000,1736.070000,2710.155000,0.500000,8.140000,1735.820000,2706.085000
rect,METTPL,pin,1652.070000,2557.895000,1652.570000,2589.895000,0.500000,32.000000,1652.320000,2573.895000
rect,MET5,pin,1652.070000,2557.895000,1652.570000,2589.895000,0.500000,32.000000,1652.320000,2573.895000
rect,MET4,pin,1652.070000,2557.895000,1652.570000,2589.895000,0.500000,32.000000,1652.320000,2573.895000
rect,METTPL,pin,1735.570000,2557.895000,1736.070000,2589.895000,0.500000,32.000000,1735.820000,2573.895000
rect,MET5,pin,1735.570000,2557.895000,1736.070000,2589.895000,0.500000,32.000000,1735.820000,2573.895000
rect,MET4,pin,1735.570000,2557.895000,1736.070000,2589.895000,0.500000,32.000000,1735.820000,2573.895000
rect,METTPL,pin,1652.070000,2666.015000,1652.570000,2700.015000,0.500000,34.000000,1652.320000,2683.015000
rect,MET5,pin,1652.070000,2666.015000,1652.570000,2700.015000,0.500000,34.000000,1652.320000,2683.015000
rect,MET4,pin,1652.070000,2666.015000,1652.570000,2700.015000,0.500000,34.000000,1652.320000,2683.015000
rect,METTPL,pin,1735.570000,2666.015000,1736.070000,2700.015000,0.500000,34.000000,1735.820000,2683.015000
rect,MET5,pin,1735.570000,2666.015000,1736.070000,2700.015000,0.500000,34.000000,1735.820000,2683.015000
rect,MET4,pin,1735.570000,2666.015000,1736.070000,2700.015000,0.500000,34.000000,1735.820000,2683.015000
rect,METTPL,pin,1558.070000,2547.155000,1558.570000,2555.395000,0.500000,8.240000,1558.320000,2551.275000
rect,METTPL,pin,1641.570000,2547.155000,1642.070000,2555.395000,0.500000,8.240000,1641.820000,2551.275000
rect,METTPL,pin,1558.070000,2702.755000,1558.570000,2710.155000,0.500000,7.400000,1558.320000,2706.455000
rect,METTPL,pin,1641.570000,2702.755000,1642.070000,2710.155000,0.500000,7.400000,1641.820000,2706.455000
rect,MET5,pin,1558.070000,2547.155000,1558.570000,2555.895000,0.500000,8.740000,1558.320000,2551.525000
rect,MET5,pin,1558.070000,2702.015000,1558.570000,2710.155000,0.500000,8.140000,1558.320000,2706.085000
rect,MET4,pin,1558.070000,2547.155000,1558.570000,2555.895000,0.500000,8.740000,1558.320000,2551.525000
rect,MET4,pin,1558.070000,2702.015000,1558.570000,2710.155000,0.500000,8.140000,1558.320000,2706.085000
rect,MET5,pin,1641.570000,2547.155000,1642.070000,2555.895000,0.500000,8.740000,1641.820000,2551.525000
rect,MET5,pin,1641.570000,2702.015000,1642.070000,2710.155000,0.500000,8.140000,1641.820000,2706.085000
rect,MET4,pin,1641.570000,2547.155000,1642.070000,2555.895000,0.500000,8.740000,1641.820000,2551.525000
rect,MET4,pin,1641.570000,2702.015000,1642.070000,2710.155000,0.500000,8.140000,1641.820000,2706.085000
rect,METTPL,pin,1558.070000,2547.155000,1558.570000,2555.395000,0.500000,8.240000,1558.320000,2551.275000
rect,METTPL,pin,1641.570000,2547.155000,1642.070000,2555.395000,0.500000,8.240000,1641.820000,2551.275000
rect,METTPL,pin,1558.070000,2702.755000,1558.570000,2710.155000,0.500000,7.400000,1558.320000,2706.455000
rect,METTPL,pin,1641.570000,2702.755000,1642.070000,2710.155000,0.500000,7.400000,1641.820000,2706.455000
rect,MET5,pin,1558.070000,2547.155000,1558.570000,2555.895000,0.500000,8.740000,1558.320000,2551.525000
rect,MET5,pin,1558.070000,2702.015000,1558.570000,2710.155000,0.500000,8.140000,1558.320000,2706.085000
rect,MET4,pin,1558.070000,2547.155000,1558.570000,2555.895000,0.500000,8.740000,1558.320000,2551.525000
rect,MET4,pin,1558.070000,2702.015000,1558.570000,2710.155000,0.500000,8.140000,1558.320000,2706.085000
rect,MET5,pin,1641.570000,2547.155000,1642.070000,2555.895000,0.500000,8.740000,1641.820000,2551.525000
rect,MET5,pin,1641.570000,2702.015000,1642.070000,2710.155000,0.500000,8.140000,1641.820000,2706.085000
rect,MET4,pin,1641.570000,2547.155000,1642.070000,2555.895000,0.500000,8.740000,1641.820000,2551.525000
rect,MET4,pin,1641.570000,2702.015000,1642.070000,2710.155000,0.500000,8.140000,1641.820000,2706.085000
rect,METTPL,pin,1558.070000,2557.895000,1558.570000,2589.895000,0.500000,32.000000,1558.320000,2573.895000
rect,MET5,pin,1558.070000,2557.895000,1558.570000,2589.895000,0.500000,32.000000,1558.320000,2573.895000
rect,MET4,pin,1558.070000,2557.895000,1558.570000,2589.895000,0.500000,32.000000,1558.320000,2573.895000
rect,METTPL,pin,1641.570000,2557.895000,1642.070000,2589.895000,0.500000,32.000000,1641.820000,2573.895000
rect,MET5,pin,1641.570000,2557.895000,1642.070000,2589.895000,0.500000,32.000000,1641.820000,2573.895000
rect,MET4,pin,1641.570000,2557.895000,1642.070000,2589.895000,0.500000,32.000000,1641.820000,2573.895000
rect,METTPL,pin,1558.070000,2666.015000,1558.570000,2700.015000,0.500000,34.000000,1558.320000,2683.015000
rect,MET5,pin,1558.070000,2666.015000,1558.570000,2700.015000,0.500000,34.000000,1558.320000,2683.015000
rect,MET4,pin,1558.070000,2666.015000,1558.570000,2700.015000,0.500000,34.000000,1558.320000,2683.015000
rect,METTPL,pin,1641.570000,2666.015000,1642.070000,2700.015000,0.500000,34.000000,1641.820000,2683.015000
rect,MET5,pin,1641.570000,2666.015000,1642.070000,2700.015000,0.500000,34.000000,1641.820000,2683.015000
rect,MET4,pin,1641.570000,2666.015000,1642.070000,2700.015000,0.500000,34.000000,1641.820000,2683.015000
rect,METTPL,pin,1464.070000,2547.155000,1464.570000,2555.395000,0.500000,8.240000,1464.320000,2551.275000
rect,METTPL,pin,1547.570000,2547.155000,1548.070000,2555.395000,0.500000,8.240000,1547.820000,2551.275000
rect,METTPL,pin,1464.070000,2702.755000,1464.570000,2710.155000,0.500000,7.400000,1464.320000,2706.455000
rect,METTPL,pin,1547.570000,2702.755000,1548.070000,2710.155000,0.500000,7.400000,1547.820000,2706.455000
rect,MET5,pin,1464.070000,2547.155000,1464.570000,2555.895000,0.500000,8.740000,1464.320000,2551.525000
rect,MET5,pin,1464.070000,2702.015000,1464.570000,2710.155000,0.500000,8.140000,1464.320000,2706.085000
rect,MET4,pin,1464.070000,2547.155000,1464.570000,2555.895000,0.500000,8.740000,1464.320000,2551.525000
rect,MET4,pin,1464.070000,2702.015000,1464.570000,2710.155000,0.500000,8.140000,1464.320000,2706.085000
rect,MET5,pin,1547.570000,2547.155000,1548.070000,2555.895000,0.500000,8.740000,1547.820000,2551.525000
rect,MET5,pin,1547.570000,2702.015000,1548.070000,2710.155000,0.500000,8.140000,1547.820000,2706.085000
rect,MET4,pin,1547.570000,2547.155000,1548.070000,2555.895000,0.500000,8.740000,1547.820000,2551.525000
rect,MET4,pin,1547.570000,2702.015000,1548.070000,2710.155000,0.500000,8.140000,1547.820000,2706.085000
rect,METTPL,pin,1464.070000,2547.155000,1464.570000,2555.395000,0.500000,8.240000,1464.320000,2551.275000
rect,METTPL,pin,1547.570000,2547.155000,1548.070000,2555.395000,0.500000,8.240000,1547.820000,2551.275000
rect,METTPL,pin,1464.070000,2702.755000,1464.570000,2710.155000,0.500000,7.400000,1464.320000,2706.455000
rect,METTPL,pin,1547.570000,2702.755000,1548.070000,2710.155000,0.500000,7.400000,1547.820000,2706.455000
rect,MET5,pin,1464.070000,2547.155000,1464.570000,2555.895000,0.500000,8.740000,1464.320000,2551.525000
rect,MET5,pin,1464.070000,2702.015000,1464.570000,2710.155000,0.500000,8.140000,1464.320000,2706.085000
rect,MET4,pin,1464.070000,2547.155000,1464.570000,2555.895000,0.500000,8.740000,1464.320000,2551.525000
rect,MET4,pin,1464.070000,2702.015000,1464.570000,2710.155000,0.500000,8.140000,1464.320000,2706.085000
rect,MET5,pin,1547.570000,2547.155000,1548.070000,2555.895000,0.500000,8.740000,1547.820000,2551.525000
rect,MET5,pin,1547.570000,2702.015000,1548.070000,2710.155000,0.500000,8.140000,1547.820000,2706.085000
rect,MET4,pin,1547.570000,2547.155000,1548.070000,2555.895000,0.500000,8.740000,1547.820000,2551.525000
rect,MET4,pin,1547.570000,2702.015000,1548.070000,2710.155000,0.500000,8.140000,1547.820000,2706.085000
rect,METTPL,pin,1464.070000,2557.895000,1464.570000,2589.895000,0.500000,32.000000,1464.320000,2573.895000
rect,MET5,pin,1464.070000,2557.895000,1464.570000,2589.895000,0.500000,32.000000,1464.320000,2573.895000
rect,MET4,pin,1464.070000,2557.895000,1464.570000,2589.895000,0.500000,32.000000,1464.320000,2573.895000
rect,METTPL,pin,1547.570000,2557.895000,1548.070000,2589.895000,0.500000,32.000000,1547.820000,2573.895000
rect,MET5,pin,1547.570000,2557.895000,1548.070000,2589.895000,0.500000,32.000000,1547.820000,2573.895000
rect,MET4,pin,1547.570000,2557.895000,1548.070000,2589.895000,0.500000,32.000000,1547.820000,2573.895000
rect,METTPL,pin,1464.070000,2666.015000,1464.570000,2700.015000,0.500000,34.000000,1464.320000,2683.015000
rect,MET5,pin,1464.070000,2666.015000,1464.570000,2700.015000,0.500000,34.000000,1464.320000,2683.015000
rect,MET4,pin,1464.070000,2666.015000,1464.570000,2700.015000,0.500000,34.000000,1464.320000,2683.015000
rect,METTPL,pin,1547.570000,2666.015000,1548.070000,2700.015000,0.500000,34.000000,1547.820000,2683.015000
rect,MET5,pin,1547.570000,2666.015000,1548.070000,2700.015000,0.500000,34.000000,1547.820000,2683.015000
rect,MET4,pin,1547.570000,2666.015000,1548.070000,2700.015000,0.500000,34.000000,1547.820000,2683.015000
rect,METTPL,pin,1370.070000,2547.155000,1370.570000,2555.395000,0.500000,8.240000,1370.320000,2551.275000
rect,METTPL,pin,1453.570000,2547.155000,1454.070000,2555.395000,0.500000,8.240000,1453.820000,2551.275000
rect,METTPL,pin,1370.070000,2702.755000,1370.570000,2710.155000,0.500000,7.400000,1370.320000,2706.455000
rect,METTPL,pin,1453.570000,2702.755000,1454.070000,2710.155000,0.500000,7.400000,1453.820000,2706.455000
rect,MET5,pin,1370.070000,2547.155000,1370.570000,2555.895000,0.500000,8.740000,1370.320000,2551.525000
rect,MET5,pin,1370.070000,2702.015000,1370.570000,2710.155000,0.500000,8.140000,1370.320000,2706.085000
rect,MET4,pin,1370.070000,2547.155000,1370.570000,2555.895000,0.500000,8.740000,1370.320000,2551.525000
rect,MET4,pin,1370.070000,2702.015000,1370.570000,2710.155000,0.500000,8.140000,1370.320000,2706.085000
rect,MET5,pin,1453.570000,2547.155000,1454.070000,2555.895000,0.500000,8.740000,1453.820000,2551.525000
rect,MET5,pin,1453.570000,2702.015000,1454.070000,2710.155000,0.500000,8.140000,1453.820000,2706.085000
rect,MET4,pin,1453.570000,2547.155000,1454.070000,2555.895000,0.500000,8.740000,1453.820000,2551.525000
rect,MET4,pin,1453.570000,2702.015000,1454.070000,2710.155000,0.500000,8.140000,1453.820000,2706.085000
rect,METTPL,pin,1370.070000,2547.155000,1370.570000,2555.395000,0.500000,8.240000,1370.320000,2551.275000
rect,METTPL,pin,1453.570000,2547.155000,1454.070000,2555.395000,0.500000,8.240000,1453.820000,2551.275000
rect,METTPL,pin,1370.070000,2702.755000,1370.570000,2710.155000,0.500000,7.400000,1370.320000,2706.455000
rect,METTPL,pin,1453.570000,2702.755000,1454.070000,2710.155000,0.500000,7.400000,1453.820000,2706.455000
rect,MET5,pin,1370.070000,2547.155000,1370.570000,2555.895000,0.500000,8.740000,1370.320000,2551.525000
rect,MET5,pin,1370.070000,2702.015000,1370.570000,2710.155000,0.500000,8.140000,1370.320000,2706.085000
rect,MET4,pin,1370.070000,2547.155000,1370.570000,2555.895000,0.500000,8.740000,1370.320000,2551.525000
rect,MET4,pin,1370.070000,2702.015000,1370.570000,2710.155000,0.500000,8.140000,1370.320000,2706.085000
rect,MET5,pin,1453.570000,2547.155000,1454.070000,2555.895000,0.500000,8.740000,1453.820000,2551.525000
rect,MET5,pin,1453.570000,2702.015000,1454.070000,2710.155000,0.500000,8.140000,1453.820000,2706.085000
rect,MET4,pin,1453.570000,2547.155000,1454.070000,2555.895000,0.500000,8.740000,1453.820000,2551.525000
rect,MET4,pin,1453.570000,2702.015000,1454.070000,2710.155000,0.500000,8.140000,1453.820000,2706.085000
rect,METTPL,pin,1370.070000,2557.895000,1370.570000,2589.895000,0.500000,32.000000,1370.320000,2573.895000
rect,MET5,pin,1370.070000,2557.895000,1370.570000,2589.895000,0.500000,32.000000,1370.320000,2573.895000
rect,MET4,pin,1370.070000,2557.895000,1370.570000,2589.895000,0.500000,32.000000,1370.320000,2573.895000
rect,METTPL,pin,1453.570000,2557.895000,1454.070000,2589.895000,0.500000,32.000000,1453.820000,2573.895000
rect,MET5,pin,1453.570000,2557.895000,1454.070000,2589.895000,0.500000,32.000000,1453.820000,2573.895000
rect,MET4,pin,1453.570000,2557.895000,1454.070000,2589.895000,0.500000,32.000000,1453.820000,2573.895000
rect,METTPL,pin,1370.070000,2666.015000,1370.570000,2700.015000,0.500000,34.000000,1370.320000,2683.015000
rect,MET5,pin,1370.070000,2666.015000,1370.570000,2700.015000,0.500000,34.000000,1370.320000,2683.015000
rect,MET4,pin,1370.070000,2666.015000,1370.570000,2700.015000,0.500000,34.000000,1370.320000,2683.015000
rect,METTPL,pin,1453.570000,2666.015000,1454.070000,2700.015000,0.500000,34.000000,1453.820000,2683.015000
rect,MET5,pin,1453.570000,2666.015000,1454.070000,2700.015000,0.500000,34.000000,1453.820000,2683.015000
rect,MET4,pin,1453.570000,2666.015000,1454.070000,2700.015000,0.500000,34.000000,1453.820000,2683.015000
rect,METTPL,pin,1276.070000,2547.155000,1276.570000,2555.395000,0.500000,8.240000,1276.320000,2551.275000
rect,METTPL,pin,1359.570000,2547.155000,1360.070000,2555.395000,0.500000,8.240000,1359.820000,2551.275000
rect,METTPL,pin,1276.070000,2702.755000,1276.570000,2710.155000,0.500000,7.400000,1276.320000,2706.455000
rect,METTPL,pin,1359.570000,2702.755000,1360.070000,2710.155000,0.500000,7.400000,1359.820000,2706.455000
rect,MET5,pin,1276.070000,2547.155000,1276.570000,2555.895000,0.500000,8.740000,1276.320000,2551.525000
rect,MET5,pin,1276.070000,2702.015000,1276.570000,2710.155000,0.500000,8.140000,1276.320000,2706.085000
rect,MET4,pin,1276.070000,2547.155000,1276.570000,2555.895000,0.500000,8.740000,1276.320000,2551.525000
rect,MET4,pin,1276.070000,2702.015000,1276.570000,2710.155000,0.500000,8.140000,1276.320000,2706.085000
rect,MET5,pin,1359.570000,2547.155000,1360.070000,2555.895000,0.500000,8.740000,1359.820000,2551.525000
rect,MET5,pin,1359.570000,2702.015000,1360.070000,2710.155000,0.500000,8.140000,1359.820000,2706.085000
rect,MET4,pin,1359.570000,2547.155000,1360.070000,2555.895000,0.500000,8.740000,1359.820000,2551.525000
rect,MET4,pin,1359.570000,2702.015000,1360.070000,2710.155000,0.500000,8.140000,1359.820000,2706.085000
rect,METTPL,pin,1276.070000,2547.155000,1276.570000,2555.395000,0.500000,8.240000,1276.320000,2551.275000
rect,METTPL,pin,1359.570000,2547.155000,1360.070000,2555.395000,0.500000,8.240000,1359.820000,2551.275000
rect,METTPL,pin,1276.070000,2702.755000,1276.570000,2710.155000,0.500000,7.400000,1276.320000,2706.455000
rect,METTPL,pin,1359.570000,2702.755000,1360.070000,2710.155000,0.500000,7.400000,1359.820000,2706.455000
rect,MET5,pin,1276.070000,2547.155000,1276.570000,2555.895000,0.500000,8.740000,1276.320000,2551.525000
rect,MET5,pin,1276.070000,2702.015000,1276.570000,2710.155000,0.500000,8.140000,1276.320000,2706.085000
rect,MET4,pin,1276.070000,2547.155000,1276.570000,2555.895000,0.500000,8.740000,1276.320000,2551.525000
rect,MET4,pin,1276.070000,2702.015000,1276.570000,2710.155000,0.500000,8.140000,1276.320000,2706.085000
rect,MET5,pin,1359.570000,2547.155000,1360.070000,2555.895000,0.500000,8.740000,1359.820000,2551.525000
rect,MET5,pin,1359.570000,2702.015000,1360.070000,2710.155000,0.500000,8.140000,1359.820000,2706.085000
rect,MET4,pin,1359.570000,2547.155000,1360.070000,2555.895000,0.500000,8.740000,1359.820000,2551.525000
rect,MET4,pin,1359.570000,2702.015000,1360.070000,2710.155000,0.500000,8.140000,1359.820000,2706.085000
rect,METTPL,pin,1276.070000,2557.895000,1276.570000,2589.895000,0.500000,32.000000,1276.320000,2573.895000
rect,MET5,pin,1276.070000,2557.895000,1276.570000,2589.895000,0.500000,32.000000,1276.320000,2573.895000
rect,MET4,pin,1276.070000,2557.895000,1276.570000,2589.895000,0.500000,32.000000,1276.320000,2573.895000
rect,METTPL,pin,1359.570000,2557.895000,1360.070000,2589.895000,0.500000,32.000000,1359.820000,2573.895000
rect,MET5,pin,1359.570000,2557.895000,1360.070000,2589.895000,0.500000,32.000000,1359.820000,2573.895000
rect,MET4,pin,1359.570000,2557.895000,1360.070000,2589.895000,0.500000,32.000000,1359.820000,2573.895000
rect,METTPL,pin,1276.070000,2666.015000,1276.570000,2700.015000,0.500000,34.000000,1276.320000,2683.015000
rect,MET5,pin,1276.070000,2666.015000,1276.570000,2700.015000,0.500000,34.000000,1276.320000,2683.015000
rect,MET4,pin,1276.070000,2666.015000,1276.570000,2700.015000,0.500000,34.000000,1276.320000,2683.015000
rect,METTPL,pin,1359.570000,2666.015000,1360.070000,2700.015000,0.500000,34.000000,1359.820000,2683.015000
rect,MET5,pin,1359.570000,2666.015000,1360.070000,2700.015000,0.500000,34.000000,1359.820000,2683.015000
rect,MET4,pin,1359.570000,2666.015000,1360.070000,2700.015000,0.500000,34.000000,1359.820000,2683.015000
rect,METTPL,pin,1182.070000,2547.155000,1182.570000,2555.395000,0.500000,8.240000,1182.320000,2551.275000
rect,METTPL,pin,1265.570000,2547.155000,1266.070000,2555.395000,0.500000,8.240000,1265.820000,2551.275000
rect,METTPL,pin,1182.070000,2702.755000,1182.570000,2710.155000,0.500000,7.400000,1182.320000,2706.455000
rect,METTPL,pin,1265.570000,2702.755000,1266.070000,2710.155000,0.500000,7.400000,1265.820000,2706.455000
rect,MET5,pin,1182.070000,2547.155000,1182.570000,2555.895000,0.500000,8.740000,1182.320000,2551.525000
rect,MET5,pin,1182.070000,2702.015000,1182.570000,2710.155000,0.500000,8.140000,1182.320000,2706.085000
rect,MET4,pin,1182.070000,2547.155000,1182.570000,2555.895000,0.500000,8.740000,1182.320000,2551.525000
rect,MET4,pin,1182.070000,2702.015000,1182.570000,2710.155000,0.500000,8.140000,1182.320000,2706.085000
rect,MET5,pin,1265.570000,2547.155000,1266.070000,2555.895000,0.500000,8.740000,1265.820000,2551.525000
rect,MET5,pin,1265.570000,2702.015000,1266.070000,2710.155000,0.500000,8.140000,1265.820000,2706.085000
rect,MET4,pin,1265.570000,2547.155000,1266.070000,2555.895000,0.500000,8.740000,1265.820000,2551.525000
rect,MET4,pin,1265.570000,2702.015000,1266.070000,2710.155000,0.500000,8.140000,1265.820000,2706.085000
rect,METTPL,pin,1182.070000,2547.155000,1182.570000,2555.395000,0.500000,8.240000,1182.320000,2551.275000
rect,METTPL,pin,1265.570000,2547.155000,1266.070000,2555.395000,0.500000,8.240000,1265.820000,2551.275000
rect,METTPL,pin,1182.070000,2702.755000,1182.570000,2710.155000,0.500000,7.400000,1182.320000,2706.455000
rect,METTPL,pin,1265.570000,2702.755000,1266.070000,2710.155000,0.500000,7.400000,1265.820000,2706.455000
rect,MET5,pin,1182.070000,2547.155000,1182.570000,2555.895000,0.500000,8.740000,1182.320000,2551.525000
rect,MET5,pin,1182.070000,2702.015000,1182.570000,2710.155000,0.500000,8.140000,1182.320000,2706.085000
rect,MET4,pin,1182.070000,2547.155000,1182.570000,2555.895000,0.500000,8.740000,1182.320000,2551.525000
rect,MET4,pin,1182.070000,2702.015000,1182.570000,2710.155000,0.500000,8.140000,1182.320000,2706.085000
rect,MET5,pin,1265.570000,2547.155000,1266.070000,2555.895000,0.500000,8.740000,1265.820000,2551.525000
rect,MET5,pin,1265.570000,2702.015000,1266.070000,2710.155000,0.500000,8.140000,1265.820000,2706.085000
rect,MET4,pin,1265.570000,2547.155000,1266.070000,2555.895000,0.500000,8.740000,1265.820000,2551.525000
rect,MET4,pin,1265.570000,2702.015000,1266.070000,2710.155000,0.500000,8.140000,1265.820000,2706.085000
rect,METTPL,pin,1182.070000,2557.895000,1182.570000,2589.895000,0.500000,32.000000,1182.320000,2573.895000
rect,MET5,pin,1182.070000,2557.895000,1182.570000,2589.895000,0.500000,32.000000,1182.320000,2573.895000
rect,MET4,pin,1182.070000,2557.895000,1182.570000,2589.895000,0.500000,32.000000,1182.320000,2573.895000
rect,METTPL,pin,1265.570000,2557.895000,1266.070000,2589.895000,0.500000,32.000000,1265.820000,2573.895000
rect,MET5,pin,1265.570000,2557.895000,1266.070000,2589.895000,0.500000,32.000000,1265.820000,2573.895000
rect,MET4,pin,1265.570000,2557.895000,1266.070000,2589.895000,0.500000,32.000000,1265.820000,2573.895000
rect,METTPL,pin,1182.070000,2666.015000,1182.570000,2700.015000,0.500000,34.000000,1182.320000,2683.015000
rect,MET5,pin,1182.070000,2666.015000,1182.570000,2700.015000,0.500000,34.000000,1182.320000,2683.015000
rect,MET4,pin,1182.070000,2666.015000,1182.570000,2700.015000,0.500000,34.000000,1182.320000,2683.015000
rect,METTPL,pin,1265.570000,2666.015000,1266.070000,2700.015000,0.500000,34.000000,1265.820000,2683.015000
rect,MET5,pin,1265.570000,2666.015000,1266.070000,2700.015000,0.500000,34.000000,1265.820000,2683.015000
rect,MET4,pin,1265.570000,2666.015000,1266.070000,2700.015000,0.500000,34.000000,1265.820000,2683.015000
rect,METTPL,pin,1088.070000,2547.155000,1088.570000,2555.395000,0.500000,8.240000,1088.320000,2551.275000
rect,METTPL,pin,1171.570000,2547.155000,1172.070000,2555.395000,0.500000,8.240000,1171.820000,2551.275000
rect,METTPL,pin,1088.070000,2702.755000,1088.570000,2710.155000,0.500000,7.400000,1088.320000,2706.455000
rect,METTPL,pin,1171.570000,2702.755000,1172.070000,2710.155000,0.500000,7.400000,1171.820000,2706.455000
rect,MET5,pin,1088.070000,2547.155000,1088.570000,2555.895000,0.500000,8.740000,1088.320000,2551.525000
rect,MET5,pin,1088.070000,2702.015000,1088.570000,2710.155000,0.500000,8.140000,1088.320000,2706.085000
rect,MET4,pin,1088.070000,2547.155000,1088.570000,2555.895000,0.500000,8.740000,1088.320000,2551.525000
rect,MET4,pin,1088.070000,2702.015000,1088.570000,2710.155000,0.500000,8.140000,1088.320000,2706.085000
rect,MET5,pin,1171.570000,2547.155000,1172.070000,2555.895000,0.500000,8.740000,1171.820000,2551.525000
rect,MET5,pin,1171.570000,2702.015000,1172.070000,2710.155000,0.500000,8.140000,1171.820000,2706.085000
rect,MET4,pin,1171.570000,2547.155000,1172.070000,2555.895000,0.500000,8.740000,1171.820000,2551.525000
rect,MET4,pin,1171.570000,2702.015000,1172.070000,2710.155000,0.500000,8.140000,1171.820000,2706.085000
rect,METTPL,pin,1088.070000,2547.155000,1088.570000,2555.395000,0.500000,8.240000,1088.320000,2551.275000
rect,METTPL,pin,1171.570000,2547.155000,1172.070000,2555.395000,0.500000,8.240000,1171.820000,2551.275000
rect,METTPL,pin,1088.070000,2702.755000,1088.570000,2710.155000,0.500000,7.400000,1088.320000,2706.455000
rect,METTPL,pin,1171.570000,2702.755000,1172.070000,2710.155000,0.500000,7.400000,1171.820000,2706.455000
rect,MET5,pin,1088.070000,2547.155000,1088.570000,2555.895000,0.500000,8.740000,1088.320000,2551.525000
rect,MET5,pin,1088.070000,2702.015000,1088.570000,2710.155000,0.500000,8.140000,1088.320000,2706.085000
rect,MET4,pin,1088.070000,2547.155000,1088.570000,2555.895000,0.500000,8.740000,1088.320000,2551.525000
rect,MET4,pin,1088.070000,2702.015000,1088.570000,2710.155000,0.500000,8.140000,1088.320000,2706.085000
rect,MET5,pin,1171.570000,2547.155000,1172.070000,2555.895000,0.500000,8.740000,1171.820000,2551.525000
rect,MET5,pin,1171.570000,2702.015000,1172.070000,2710.155000,0.500000,8.140000,1171.820000,2706.085000
rect,MET4,pin,1171.570000,2547.155000,1172.070000,2555.895000,0.500000,8.740000,1171.820000,2551.525000
rect,MET4,pin,1171.570000,2702.015000,1172.070000,2710.155000,0.500000,8.140000,1171.820000,2706.085000
rect,METTPL,pin,1088.070000,2557.895000,1088.570000,2589.895000,0.500000,32.000000,1088.320000,2573.895000
rect,MET5,pin,1088.070000,2557.895000,1088.570000,2589.895000,0.500000,32.000000,1088.320000,2573.895000
rect,MET4,pin,1088.070000,2557.895000,1088.570000,2589.895000,0.500000,32.000000,1088.320000,2573.895000
rect,METTPL,pin,1171.570000,2557.895000,1172.070000,2589.895000,0.500000,32.000000,1171.820000,2573.895000
rect,MET5,pin,1171.570000,2557.895000,1172.070000,2589.895000,0.500000,32.000000,1171.820000,2573.895000
rect,MET4,pin,1171.570000,2557.895000,1172.070000,2589.895000,0.500000,32.000000,1171.820000,2573.895000
rect,METTPL,pin,1088.070000,2666.015000,1088.570000,2700.015000,0.500000,34.000000,1088.320000,2683.015000
rect,MET5,pin,1088.070000,2666.015000,1088.570000,2700.015000,0.500000,34.000000,1088.320000,2683.015000
rect,MET4,pin,1088.070000,2666.015000,1088.570000,2700.015000,0.500000,34.000000,1088.320000,2683.015000
rect,METTPL,pin,1171.570000,2666.015000,1172.070000,2700.015000,0.500000,34.000000,1171.820000,2683.015000
rect,MET5,pin,1171.570000,2666.015000,1172.070000,2700.015000,0.500000,34.000000,1171.820000,2683.015000
rect,MET4,pin,1171.570000,2666.015000,1172.070000,2700.015000,0.500000,34.000000,1171.820000,2683.015000
rect,METTPL,pin,994.070000,2547.155000,994.570000,2555.395000,0.500000,8.240000,994.320000,2551.275000
rect,METTPL,pin,1077.570000,2547.155000,1078.070000,2555.395000,0.500000,8.240000,1077.820000,2551.275000
rect,METTPL,pin,994.070000,2702.755000,994.570000,2710.155000,0.500000,7.400000,994.320000,2706.455000
rect,METTPL,pin,1077.570000,2702.755000,1078.070000,2710.155000,0.500000,7.400000,1077.820000,2706.455000
rect,MET5,pin,994.070000,2547.155000,994.570000,2555.895000,0.500000,8.740000,994.320000,2551.525000
rect,MET5,pin,994.070000,2702.015000,994.570000,2710.155000,0.500000,8.140000,994.320000,2706.085000
rect,MET4,pin,994.070000,2547.155000,994.570000,2555.895000,0.500000,8.740000,994.320000,2551.525000
rect,MET4,pin,994.070000,2702.015000,994.570000,2710.155000,0.500000,8.140000,994.320000,2706.085000
rect,MET5,pin,1077.570000,2547.155000,1078.070000,2555.895000,0.500000,8.740000,1077.820000,2551.525000
rect,MET5,pin,1077.570000,2702.015000,1078.070000,2710.155000,0.500000,8.140000,1077.820000,2706.085000
rect,MET4,pin,1077.570000,2547.155000,1078.070000,2555.895000,0.500000,8.740000,1077.820000,2551.525000
rect,MET4,pin,1077.570000,2702.015000,1078.070000,2710.155000,0.500000,8.140000,1077.820000,2706.085000
rect,METTPL,pin,994.070000,2547.155000,994.570000,2555.395000,0.500000,8.240000,994.320000,2551.275000
rect,METTPL,pin,1077.570000,2547.155000,1078.070000,2555.395000,0.500000,8.240000,1077.820000,2551.275000
rect,METTPL,pin,994.070000,2702.755000,994.570000,2710.155000,0.500000,7.400000,994.320000,2706.455000
rect,METTPL,pin,1077.570000,2702.755000,1078.070000,2710.155000,0.500000,7.400000,1077.820000,2706.455000
rect,MET5,pin,994.070000,2547.155000,994.570000,2555.895000,0.500000,8.740000,994.320000,2551.525000
rect,MET5,pin,994.070000,2702.015000,994.570000,2710.155000,0.500000,8.140000,994.320000,2706.085000
rect,MET4,pin,994.070000,2547.155000,994.570000,2555.895000,0.500000,8.740000,994.320000,2551.525000
rect,MET4,pin,994.070000,2702.015000,994.570000,2710.155000,0.500000,8.140000,994.320000,2706.085000
rect,MET5,pin,1077.570000,2547.155000,1078.070000,2555.895000,0.500000,8.740000,1077.820000,2551.525000
rect,MET5,pin,1077.570000,2702.015000,1078.070000,2710.155000,0.500000,8.140000,1077.820000,2706.085000
rect,MET4,pin,1077.570000,2547.155000,1078.070000,2555.895000,0.500000,8.740000,1077.820000,2551.525000
rect,MET4,pin,1077.570000,2702.015000,1078.070000,2710.155000,0.500000,8.140000,1077.820000,2706.085000
rect,METTPL,pin,994.070000,2557.895000,994.570000,2589.895000,0.500000,32.000000,994.320000,2573.895000
rect,MET5,pin,994.070000,2557.895000,994.570000,2589.895000,0.500000,32.000000,994.320000,2573.895000
rect,MET4,pin,994.070000,2557.895000,994.570000,2589.895000,0.500000,32.000000,994.320000,2573.895000
rect,METTPL,pin,1077.570000,2557.895000,1078.070000,2589.895000,0.500000,32.000000,1077.820000,2573.895000
rect,MET5,pin,1077.570000,2557.895000,1078.070000,2589.895000,0.500000,32.000000,1077.820000,2573.895000
rect,MET4,pin,1077.570000,2557.895000,1078.070000,2589.895000,0.500000,32.000000,1077.820000,2573.895000
rect,METTPL,pin,994.070000,2666.015000,994.570000,2700.015000,0.500000,34.000000,994.320000,2683.015000
rect,MET5,pin,994.070000,2666.015000,994.570000,2700.015000,0.500000,34.000000,994.320000,2683.015000
rect,MET4,pin,994.070000,2666.015000,994.570000,2700.015000,0.500000,34.000000,994.320000,2683.015000
rect,METTPL,pin,1077.570000,2666.015000,1078.070000,2700.015000,0.500000,34.000000,1077.820000,2683.015000
rect,MET5,pin,1077.570000,2666.015000,1078.070000,2700.015000,0.500000,34.000000,1077.820000,2683.015000
rect,MET4,pin,1077.570000,2666.015000,1078.070000,2700.015000,0.500000,34.000000,1077.820000,2683.015000
rect,METTPL,pin,900.070000,2547.155000,900.570000,2555.395000,0.500000,8.240000,900.320000,2551.275000
rect,METTPL,pin,983.570000,2547.155000,984.070000,2555.395000,0.500000,8.240000,983.820000,2551.275000
rect,METTPL,pin,900.070000,2702.755000,900.570000,2710.155000,0.500000,7.400000,900.320000,2706.455000
rect,METTPL,pin,983.570000,2702.755000,984.070000,2710.155000,0.500000,7.400000,983.820000,2706.455000
rect,MET5,pin,900.070000,2547.155000,900.570000,2555.895000,0.500000,8.740000,900.320000,2551.525000
rect,MET5,pin,900.070000,2702.015000,900.570000,2710.155000,0.500000,8.140000,900.320000,2706.085000
rect,MET4,pin,900.070000,2547.155000,900.570000,2555.895000,0.500000,8.740000,900.320000,2551.525000
rect,MET4,pin,900.070000,2702.015000,900.570000,2710.155000,0.500000,8.140000,900.320000,2706.085000
rect,MET5,pin,983.570000,2547.155000,984.070000,2555.895000,0.500000,8.740000,983.820000,2551.525000
rect,MET5,pin,983.570000,2702.015000,984.070000,2710.155000,0.500000,8.140000,983.820000,2706.085000
rect,MET4,pin,983.570000,2547.155000,984.070000,2555.895000,0.500000,8.740000,983.820000,2551.525000
rect,MET4,pin,983.570000,2702.015000,984.070000,2710.155000,0.500000,8.140000,983.820000,2706.085000
rect,METTPL,pin,900.070000,2547.155000,900.570000,2555.395000,0.500000,8.240000,900.320000,2551.275000
rect,METTPL,pin,983.570000,2547.155000,984.070000,2555.395000,0.500000,8.240000,983.820000,2551.275000
rect,METTPL,pin,900.070000,2702.755000,900.570000,2710.155000,0.500000,7.400000,900.320000,2706.455000
rect,METTPL,pin,983.570000,2702.755000,984.070000,2710.155000,0.500000,7.400000,983.820000,2706.455000
rect,MET5,pin,900.070000,2547.155000,900.570000,2555.895000,0.500000,8.740000,900.320000,2551.525000
rect,MET5,pin,900.070000,2702.015000,900.570000,2710.155000,0.500000,8.140000,900.320000,2706.085000
rect,MET4,pin,900.070000,2547.155000,900.570000,2555.895000,0.500000,8.740000,900.320000,2551.525000
rect,MET4,pin,900.070000,2702.015000,900.570000,2710.155000,0.500000,8.140000,900.320000,2706.085000
rect,MET5,pin,983.570000,2547.155000,984.070000,2555.895000,0.500000,8.740000,983.820000,2551.525000
rect,MET5,pin,983.570000,2702.015000,984.070000,2710.155000,0.500000,8.140000,983.820000,2706.085000
rect,MET4,pin,983.570000,2547.155000,984.070000,2555.895000,0.500000,8.740000,983.820000,2551.525000
rect,MET4,pin,983.570000,2702.015000,984.070000,2710.155000,0.500000,8.140000,983.820000,2706.085000
rect,METTPL,pin,900.070000,2557.895000,900.570000,2589.895000,0.500000,32.000000,900.320000,2573.895000
rect,MET5,pin,900.070000,2557.895000,900.570000,2589.895000,0.500000,32.000000,900.320000,2573.895000
rect,MET4,pin,900.070000,2557.895000,900.570000,2589.895000,0.500000,32.000000,900.320000,2573.895000
rect,METTPL,pin,983.570000,2557.895000,984.070000,2589.895000,0.500000,32.000000,983.820000,2573.895000
rect,MET5,pin,983.570000,2557.895000,984.070000,2589.895000,0.500000,32.000000,983.820000,2573.895000
rect,MET4,pin,983.570000,2557.895000,984.070000,2589.895000,0.500000,32.000000,983.820000,2573.895000
rect,METTPL,pin,900.070000,2666.015000,900.570000,2700.015000,0.500000,34.000000,900.320000,2683.015000
rect,MET5,pin,900.070000,2666.015000,900.570000,2700.015000,0.500000,34.000000,900.320000,2683.015000
rect,MET4,pin,900.070000,2666.015000,900.570000,2700.015000,0.500000,34.000000,900.320000,2683.015000
rect,METTPL,pin,983.570000,2666.015000,984.070000,2700.015000,0.500000,34.000000,983.820000,2683.015000
rect,MET5,pin,983.570000,2666.015000,984.070000,2700.015000,0.500000,34.000000,983.820000,2683.015000
rect,MET4,pin,983.570000,2666.015000,984.070000,2700.015000,0.500000,34.000000,983.820000,2683.015000
rect,METTPL,pin,806.070000,2547.155000,806.570000,2555.395000,0.500000,8.240000,806.320000,2551.275000
rect,METTPL,pin,889.570000,2547.155000,890.070000,2555.395000,0.500000,8.240000,889.820000,2551.275000
rect,METTPL,pin,806.070000,2702.755000,806.570000,2710.155000,0.500000,7.400000,806.320000,2706.455000
rect,METTPL,pin,889.570000,2702.755000,890.070000,2710.155000,0.500000,7.400000,889.820000,2706.455000
rect,MET5,pin,806.070000,2547.155000,806.570000,2555.895000,0.500000,8.740000,806.320000,2551.525000
rect,MET5,pin,806.070000,2702.015000,806.570000,2710.155000,0.500000,8.140000,806.320000,2706.085000
rect,MET4,pin,806.070000,2547.155000,806.570000,2555.895000,0.500000,8.740000,806.320000,2551.525000
rect,MET4,pin,806.070000,2702.015000,806.570000,2710.155000,0.500000,8.140000,806.320000,2706.085000
rect,MET5,pin,889.570000,2547.155000,890.070000,2555.895000,0.500000,8.740000,889.820000,2551.525000
rect,MET5,pin,889.570000,2702.015000,890.070000,2710.155000,0.500000,8.140000,889.820000,2706.085000
rect,MET4,pin,889.570000,2547.155000,890.070000,2555.895000,0.500000,8.740000,889.820000,2551.525000
rect,MET4,pin,889.570000,2702.015000,890.070000,2710.155000,0.500000,8.140000,889.820000,2706.085000
rect,METTPL,pin,806.070000,2547.155000,806.570000,2555.395000,0.500000,8.240000,806.320000,2551.275000
rect,METTPL,pin,889.570000,2547.155000,890.070000,2555.395000,0.500000,8.240000,889.820000,2551.275000
rect,METTPL,pin,806.070000,2702.755000,806.570000,2710.155000,0.500000,7.400000,806.320000,2706.455000
rect,METTPL,pin,889.570000,2702.755000,890.070000,2710.155000,0.500000,7.400000,889.820000,2706.455000
rect,MET5,pin,806.070000,2547.155000,806.570000,2555.895000,0.500000,8.740000,806.320000,2551.525000
rect,MET5,pin,806.070000,2702.015000,806.570000,2710.155000,0.500000,8.140000,806.320000,2706.085000
rect,MET4,pin,806.070000,2547.155000,806.570000,2555.895000,0.500000,8.740000,806.320000,2551.525000
rect,MET4,pin,806.070000,2702.015000,806.570000,2710.155000,0.500000,8.140000,806.320000,2706.085000
rect,MET5,pin,889.570000,2547.155000,890.070000,2555.895000,0.500000,8.740000,889.820000,2551.525000
rect,MET5,pin,889.570000,2702.015000,890.070000,2710.155000,0.500000,8.140000,889.820000,2706.085000
rect,MET4,pin,889.570000,2547.155000,890.070000,2555.895000,0.500000,8.740000,889.820000,2551.525000
rect,MET4,pin,889.570000,2702.015000,890.070000,2710.155000,0.500000,8.140000,889.820000,2706.085000
rect,METTPL,pin,806.070000,2557.895000,806.570000,2589.895000,0.500000,32.000000,806.320000,2573.895000
rect,MET5,pin,806.070000,2557.895000,806.570000,2589.895000,0.500000,32.000000,806.320000,2573.895000
rect,MET4,pin,806.070000,2557.895000,806.570000,2589.895000,0.500000,32.000000,806.320000,2573.895000
rect,METTPL,pin,889.570000,2557.895000,890.070000,2589.895000,0.500000,32.000000,889.820000,2573.895000
rect,MET5,pin,889.570000,2557.895000,890.070000,2589.895000,0.500000,32.000000,889.820000,2573.895000
rect,MET4,pin,889.570000,2557.895000,890.070000,2589.895000,0.500000,32.000000,889.820000,2573.895000
rect,METTPL,pin,806.070000,2666.015000,806.570000,2700.015000,0.500000,34.000000,806.320000,2683.015000
rect,MET5,pin,806.070000,2666.015000,806.570000,2700.015000,0.500000,34.000000,806.320000,2683.015000
rect,MET4,pin,806.070000,2666.015000,806.570000,2700.015000,0.500000,34.000000,806.320000,2683.015000
rect,METTPL,pin,889.570000,2666.015000,890.070000,2700.015000,0.500000,34.000000,889.820000,2683.015000
rect,MET5,pin,889.570000,2666.015000,890.070000,2700.015000,0.500000,34.000000,889.820000,2683.015000
rect,MET4,pin,889.570000,2666.015000,890.070000,2700.015000,0.500000,34.000000,889.820000,2683.015000
rect,METTPL,pin,712.070000,2547.155000,712.570000,2555.395000,0.500000,8.240000,712.320000,2551.275000
rect,METTPL,pin,795.570000,2547.155000,796.070000,2555.395000,0.500000,8.240000,795.820000,2551.275000
rect,METTPL,pin,712.070000,2702.755000,712.570000,2710.155000,0.500000,7.400000,712.320000,2706.455000
rect,METTPL,pin,795.570000,2702.755000,796.070000,2710.155000,0.500000,7.400000,795.820000,2706.455000
rect,MET5,pin,712.070000,2547.155000,712.570000,2555.895000,0.500000,8.740000,712.320000,2551.525000
rect,MET5,pin,712.070000,2702.015000,712.570000,2710.155000,0.500000,8.140000,712.320000,2706.085000
rect,MET4,pin,712.070000,2547.155000,712.570000,2555.895000,0.500000,8.740000,712.320000,2551.525000
rect,MET4,pin,712.070000,2702.015000,712.570000,2710.155000,0.500000,8.140000,712.320000,2706.085000
rect,MET5,pin,795.570000,2547.155000,796.070000,2555.895000,0.500000,8.740000,795.820000,2551.525000
rect,MET5,pin,795.570000,2702.015000,796.070000,2710.155000,0.500000,8.140000,795.820000,2706.085000
rect,MET4,pin,795.570000,2547.155000,796.070000,2555.895000,0.500000,8.740000,795.820000,2551.525000
rect,MET4,pin,795.570000,2702.015000,796.070000,2710.155000,0.500000,8.140000,795.820000,2706.085000
rect,METTPL,pin,712.070000,2547.155000,712.570000,2555.395000,0.500000,8.240000,712.320000,2551.275000
rect,METTPL,pin,795.570000,2547.155000,796.070000,2555.395000,0.500000,8.240000,795.820000,2551.275000
rect,METTPL,pin,712.070000,2702.755000,712.570000,2710.155000,0.500000,7.400000,712.320000,2706.455000
rect,METTPL,pin,795.570000,2702.755000,796.070000,2710.155000,0.500000,7.400000,795.820000,2706.455000
rect,MET5,pin,712.070000,2547.155000,712.570000,2555.895000,0.500000,8.740000,712.320000,2551.525000
rect,MET5,pin,712.070000,2702.015000,712.570000,2710.155000,0.500000,8.140000,712.320000,2706.085000
rect,MET4,pin,712.070000,2547.155000,712.570000,2555.895000,0.500000,8.740000,712.320000,2551.525000
rect,MET4,pin,712.070000,2702.015000,712.570000,2710.155000,0.500000,8.140000,712.320000,2706.085000
rect,MET5,pin,795.570000,2547.155000,796.070000,2555.895000,0.500000,8.740000,795.820000,2551.525000
rect,MET5,pin,795.570000,2702.015000,796.070000,2710.155000,0.500000,8.140000,795.820000,2706.085000
rect,MET4,pin,795.570000,2547.155000,796.070000,2555.895000,0.500000,8.740000,795.820000,2551.525000
rect,MET4,pin,795.570000,2702.015000,796.070000,2710.155000,0.500000,8.140000,795.820000,2706.085000
rect,METTPL,pin,712.070000,2557.895000,712.570000,2589.895000,0.500000,32.000000,712.320000,2573.895000
rect,MET5,pin,712.070000,2557.895000,712.570000,2589.895000,0.500000,32.000000,712.320000,2573.895000
rect,MET4,pin,712.070000,2557.895000,712.570000,2589.895000,0.500000,32.000000,712.320000,2573.895000
rect,METTPL,pin,795.570000,2557.895000,796.070000,2589.895000,0.500000,32.000000,795.820000,2573.895000
rect,MET5,pin,795.570000,2557.895000,796.070000,2589.895000,0.500000,32.000000,795.820000,2573.895000
rect,MET4,pin,795.570000,2557.895000,796.070000,2589.895000,0.500000,32.000000,795.820000,2573.895000
rect,METTPL,pin,712.070000,2666.015000,712.570000,2700.015000,0.500000,34.000000,712.320000,2683.015000
rect,MET5,pin,712.070000,2666.015000,712.570000,2700.015000,0.500000,34.000000,712.320000,2683.015000
rect,MET4,pin,712.070000,2666.015000,712.570000,2700.015000,0.500000,34.000000,712.320000,2683.015000
rect,METTPL,pin,795.570000,2666.015000,796.070000,2700.015000,0.500000,34.000000,795.820000,2683.015000
rect,MET5,pin,795.570000,2666.015000,796.070000,2700.015000,0.500000,34.000000,795.820000,2683.015000
rect,MET4,pin,795.570000,2666.015000,796.070000,2700.015000,0.500000,34.000000,795.820000,2683.015000
rect,METTPL,pin,618.070000,2547.155000,618.570000,2555.395000,0.500000,8.240000,618.320000,2551.275000
rect,METTPL,pin,701.570000,2547.155000,702.070000,2555.395000,0.500000,8.240000,701.820000,2551.275000
rect,METTPL,pin,618.070000,2702.755000,618.570000,2710.155000,0.500000,7.400000,618.320000,2706.455000
rect,METTPL,pin,701.570000,2702.755000,702.070000,2710.155000,0.500000,7.400000,701.820000,2706.455000
rect,MET5,pin,618.070000,2547.155000,618.570000,2555.895000,0.500000,8.740000,618.320000,2551.525000
rect,MET5,pin,618.070000,2702.015000,618.570000,2710.155000,0.500000,8.140000,618.320000,2706.085000
rect,MET4,pin,618.070000,2547.155000,618.570000,2555.895000,0.500000,8.740000,618.320000,2551.525000
rect,MET4,pin,618.070000,2702.015000,618.570000,2710.155000,0.500000,8.140000,618.320000,2706.085000
rect,MET5,pin,701.570000,2547.155000,702.070000,2555.895000,0.500000,8.740000,701.820000,2551.525000
rect,MET5,pin,701.570000,2702.015000,702.070000,2710.155000,0.500000,8.140000,701.820000,2706.085000
rect,MET4,pin,701.570000,2547.155000,702.070000,2555.895000,0.500000,8.740000,701.820000,2551.525000
rect,MET4,pin,701.570000,2702.015000,702.070000,2710.155000,0.500000,8.140000,701.820000,2706.085000
rect,METTPL,pin,618.070000,2547.155000,618.570000,2555.395000,0.500000,8.240000,618.320000,2551.275000
rect,METTPL,pin,701.570000,2547.155000,702.070000,2555.395000,0.500000,8.240000,701.820000,2551.275000
rect,METTPL,pin,618.070000,2702.755000,618.570000,2710.155000,0.500000,7.400000,618.320000,2706.455000
rect,METTPL,pin,701.570000,2702.755000,702.070000,2710.155000,0.500000,7.400000,701.820000,2706.455000
rect,MET5,pin,618.070000,2547.155000,618.570000,2555.895000,0.500000,8.740000,618.320000,2551.525000
rect,MET5,pin,618.070000,2702.015000,618.570000,2710.155000,0.500000,8.140000,618.320000,2706.085000
rect,MET4,pin,618.070000,2547.155000,618.570000,2555.895000,0.500000,8.740000,618.320000,2551.525000
rect,MET4,pin,618.070000,2702.015000,618.570000,2710.155000,0.500000,8.140000,618.320000,2706.085000
rect,MET5,pin,701.570000,2547.155000,702.070000,2555.895000,0.500000,8.740000,701.820000,2551.525000
rect,MET5,pin,701.570000,2702.015000,702.070000,2710.155000,0.500000,8.140000,701.820000,2706.085000
rect,MET4,pin,701.570000,2547.155000,702.070000,2555.895000,0.500000,8.740000,701.820000,2551.525000
rect,MET4,pin,701.570000,2702.015000,702.070000,2710.155000,0.500000,8.140000,701.820000,2706.085000
rect,METTPL,pin,618.070000,2557.895000,618.570000,2589.895000,0.500000,32.000000,618.320000,2573.895000
rect,MET5,pin,618.070000,2557.895000,618.570000,2589.895000,0.500000,32.000000,618.320000,2573.895000
rect,MET4,pin,618.070000,2557.895000,618.570000,2589.895000,0.500000,32.000000,618.320000,2573.895000
rect,METTPL,pin,701.570000,2557.895000,702.070000,2589.895000,0.500000,32.000000,701.820000,2573.895000
rect,MET5,pin,701.570000,2557.895000,702.070000,2589.895000,0.500000,32.000000,701.820000,2573.895000
rect,MET4,pin,701.570000,2557.895000,702.070000,2589.895000,0.500000,32.000000,701.820000,2573.895000
rect,METTPL,pin,618.070000,2666.015000,618.570000,2700.015000,0.500000,34.000000,618.320000,2683.015000
rect,MET5,pin,618.070000,2666.015000,618.570000,2700.015000,0.500000,34.000000,618.320000,2683.015000
rect,MET4,pin,618.070000,2666.015000,618.570000,2700.015000,0.500000,34.000000,618.320000,2683.015000
rect,METTPL,pin,701.570000,2666.015000,702.070000,2700.015000,0.500000,34.000000,701.820000,2683.015000
rect,MET5,pin,701.570000,2666.015000,702.070000,2700.015000,0.500000,34.000000,701.820000,2683.015000
rect,MET4,pin,701.570000,2666.015000,702.070000,2700.015000,0.500000,34.000000,701.820000,2683.015000
rect,METTPL,pin,524.070000,2547.155000,524.570000,2555.395000,0.500000,8.240000,524.320000,2551.275000
rect,METTPL,pin,607.570000,2547.155000,608.070000,2555.395000,0.500000,8.240000,607.820000,2551.275000
rect,METTPL,pin,524.070000,2702.755000,524.570000,2710.155000,0.500000,7.400000,524.320000,2706.455000
rect,METTPL,pin,607.570000,2702.755000,608.070000,2710.155000,0.500000,7.400000,607.820000,2706.455000
rect,MET5,pin,524.070000,2547.155000,524.570000,2555.895000,0.500000,8.740000,524.320000,2551.525000
rect,MET5,pin,524.070000,2702.015000,524.570000,2710.155000,0.500000,8.140000,524.320000,2706.085000
rect,MET4,pin,524.070000,2547.155000,524.570000,2555.895000,0.500000,8.740000,524.320000,2551.525000
rect,MET4,pin,524.070000,2702.015000,524.570000,2710.155000,0.500000,8.140000,524.320000,2706.085000
rect,MET5,pin,607.570000,2547.155000,608.070000,2555.895000,0.500000,8.740000,607.820000,2551.525000
rect,MET5,pin,607.570000,2702.015000,608.070000,2710.155000,0.500000,8.140000,607.820000,2706.085000
rect,MET4,pin,607.570000,2547.155000,608.070000,2555.895000,0.500000,8.740000,607.820000,2551.525000
rect,MET4,pin,607.570000,2702.015000,608.070000,2710.155000,0.500000,8.140000,607.820000,2706.085000
rect,METTPL,pin,524.070000,2547.155000,524.570000,2555.395000,0.500000,8.240000,524.320000,2551.275000
rect,METTPL,pin,607.570000,2547.155000,608.070000,2555.395000,0.500000,8.240000,607.820000,2551.275000
rect,METTPL,pin,524.070000,2702.755000,524.570000,2710.155000,0.500000,7.400000,524.320000,2706.455000
rect,METTPL,pin,607.570000,2702.755000,608.070000,2710.155000,0.500000,7.400000,607.820000,2706.455000
rect,MET5,pin,524.070000,2547.155000,524.570000,2555.895000,0.500000,8.740000,524.320000,2551.525000
rect,MET5,pin,524.070000,2702.015000,524.570000,2710.155000,0.500000,8.140000,524.320000,2706.085000
rect,MET4,pin,524.070000,2547.155000,524.570000,2555.895000,0.500000,8.740000,524.320000,2551.525000
rect,MET4,pin,524.070000,2702.015000,524.570000,2710.155000,0.500000,8.140000,524.320000,2706.085000
rect,MET5,pin,607.570000,2547.155000,608.070000,2555.895000,0.500000,8.740000,607.820000,2551.525000
rect,MET5,pin,607.570000,2702.015000,608.070000,2710.155000,0.500000,8.140000,607.820000,2706.085000
rect,MET4,pin,607.570000,2547.155000,608.070000,2555.895000,0.500000,8.740000,607.820000,2551.525000
rect,MET4,pin,607.570000,2702.015000,608.070000,2710.155000,0.500000,8.140000,607.820000,2706.085000
rect,METTPL,pin,524.070000,2557.895000,524.570000,2589.895000,0.500000,32.000000,524.320000,2573.895000
rect,MET5,pin,524.070000,2557.895000,524.570000,2589.895000,0.500000,32.000000,524.320000,2573.895000
rect,MET4,pin,524.070000,2557.895000,524.570000,2589.895000,0.500000,32.000000,524.320000,2573.895000
rect,METTPL,pin,607.570000,2557.895000,608.070000,2589.895000,0.500000,32.000000,607.820000,2573.895000
rect,MET5,pin,607.570000,2557.895000,608.070000,2589.895000,0.500000,32.000000,607.820000,2573.895000
rect,MET4,pin,607.570000,2557.895000,608.070000,2589.895000,0.500000,32.000000,607.820000,2573.895000
rect,METTPL,pin,524.070000,2666.015000,524.570000,2700.015000,0.500000,34.000000,524.320000,2683.015000
rect,MET5,pin,524.070000,2666.015000,524.570000,2700.015000,0.500000,34.000000,524.320000,2683.015000
rect,MET4,pin,524.070000,2666.015000,524.570000,2700.015000,0.500000,34.000000,524.320000,2683.015000
rect,METTPL,pin,607.570000,2666.015000,608.070000,2700.015000,0.500000,34.000000,607.820000,2683.015000
rect,MET5,pin,607.570000,2666.015000,608.070000,2700.015000,0.500000,34.000000,607.820000,2683.015000
rect,MET4,pin,607.570000,2666.015000,608.070000,2700.015000,0.500000,34.000000,607.820000,2683.015000
rect,METTPL,pin,430.070000,2547.155000,430.570000,2555.395000,0.500000,8.240000,430.320000,2551.275000
rect,METTPL,pin,513.570000,2547.155000,514.070000,2555.395000,0.500000,8.240000,513.820000,2551.275000
rect,METTPL,pin,430.070000,2702.755000,430.570000,2710.155000,0.500000,7.400000,430.320000,2706.455000
rect,METTPL,pin,513.570000,2702.755000,514.070000,2710.155000,0.500000,7.400000,513.820000,2706.455000
rect,MET5,pin,430.070000,2547.155000,430.570000,2555.895000,0.500000,8.740000,430.320000,2551.525000
rect,MET5,pin,430.070000,2702.015000,430.570000,2710.155000,0.500000,8.140000,430.320000,2706.085000
rect,MET4,pin,430.070000,2547.155000,430.570000,2555.895000,0.500000,8.740000,430.320000,2551.525000
rect,MET4,pin,430.070000,2702.015000,430.570000,2710.155000,0.500000,8.140000,430.320000,2706.085000
rect,MET5,pin,513.570000,2547.155000,514.070000,2555.895000,0.500000,8.740000,513.820000,2551.525000
rect,MET5,pin,513.570000,2702.015000,514.070000,2710.155000,0.500000,8.140000,513.820000,2706.085000
rect,MET4,pin,513.570000,2547.155000,514.070000,2555.895000,0.500000,8.740000,513.820000,2551.525000
rect,MET4,pin,513.570000,2702.015000,514.070000,2710.155000,0.500000,8.140000,513.820000,2706.085000
rect,METTPL,pin,430.070000,2547.155000,430.570000,2555.395000,0.500000,8.240000,430.320000,2551.275000
rect,METTPL,pin,513.570000,2547.155000,514.070000,2555.395000,0.500000,8.240000,513.820000,2551.275000
rect,METTPL,pin,430.070000,2702.755000,430.570000,2710.155000,0.500000,7.400000,430.320000,2706.455000
rect,METTPL,pin,513.570000,2702.755000,514.070000,2710.155000,0.500000,7.400000,513.820000,2706.455000
rect,MET5,pin,430.070000,2547.155000,430.570000,2555.895000,0.500000,8.740000,430.320000,2551.525000
rect,MET5,pin,430.070000,2702.015000,430.570000,2710.155000,0.500000,8.140000,430.320000,2706.085000
rect,MET4,pin,430.070000,2547.155000,430.570000,2555.895000,0.500000,8.740000,430.320000,2551.525000
rect,MET4,pin,430.070000,2702.015000,430.570000,2710.155000,0.500000,8.140000,430.320000,2706.085000
rect,MET5,pin,513.570000,2547.155000,514.070000,2555.895000,0.500000,8.740000,513.820000,2551.525000
rect,MET5,pin,513.570000,2702.015000,514.070000,2710.155000,0.500000,8.140000,513.820000,2706.085000
rect,MET4,pin,513.570000,2547.155000,514.070000,2555.895000,0.500000,8.740000,513.820000,2551.525000
rect,MET4,pin,513.570000,2702.015000,514.070000,2710.155000,0.500000,8.140000,513.820000,2706.085000
rect,METTPL,pin,430.070000,2557.895000,430.570000,2589.895000,0.500000,32.000000,430.320000,2573.895000
rect,MET3,drawing,502.500000,569.685000,508.065000,579.685000,5.565000,10.000000,505.282500,574.685000
rect,MET5,pin,430.070000,2557.895000,430.570000,2589.895000,0.500000,32.000000,430.320000,2573.895000
rect,MET4,pin,430.070000,2557.895000,430.570000,2589.895000,0.500000,32.000000,430.320000,2573.895000
rect,MET3,drawing,502.500000,569.685000,508.065000,579.685000,5.565000,10.000000,505.282500,574.685000
rect,MET3,drawing,495.855000,569.685000,496.250000,579.685000,0.395000,10.000000,496.052500,574.685000
rect,METTPL,pin,513.570000,2557.895000,514.070000,2589.895000,0.500000,32.000000,513.820000,2573.895000
rect,MET3,drawing,495.855000,569.685000,496.250000,579.685000,0.395000,10.000000,496.052500,574.685000
rect,MET5,pin,513.570000,2557.895000,514.070000,2589.895000,0.500000,32.000000,513.820000,2573.895000
rect,MET4,pin,513.570000,2557.895000,514.070000,2589.895000,0.500000,32.000000,513.820000,2573.895000
rect,MET3,drawing,459.200000,569.685000,462.925000,579.685000,3.725000,10.000000,461.062500,574.685000
rect,MET3,drawing,459.200000,569.685000,462.925000,579.685000,3.725000,10.000000,461.062500,574.685000
rect,MET3,drawing,452.555000,569.685000,452.950000,579.685000,0.395000,10.000000,452.752500,574.685000
rect,METTPL,pin,430.070000,2666.015000,430.570000,2700.015000,0.500000,34.000000,430.320000,2683.015000
rect,MET3,drawing,452.555000,569.685000,452.950000,579.685000,0.395000,10.000000,452.752500,574.685000
rect,MET5,pin,430.070000,2666.015000,430.570000,2700.015000,0.500000,34.000000,430.320000,2683.015000
rect,MET4,pin,430.070000,2666.015000,430.570000,2700.015000,0.500000,34.000000,430.320000,2683.015000
pathSeg,METTP,drawing,303.845000,304.405000,313.845000,579.685000,10.000000,275.280000,308.845000,442.045000
pathSeg,MET2,drawing,2014.110000,566.185000,2117.910000,569.185000,103.800000,3.000000,2066.010000,567.685000
rect,METTPL,pin,513.570000,2666.015000,514.070000,2700.015000,0.500000,34.000000,513.820000,2683.015000
pathSeg,METTP,drawing,210.685000,304.900000,220.685000,579.685000,10.000000,274.785000,215.685000,442.292500
rect,MET5,pin,513.570000,2666.015000,514.070000,2700.015000,0.500000,34.000000,513.820000,2683.015000
rect,MET4,pin,513.570000,2666.015000,514.070000,2700.015000,0.500000,34.000000,513.820000,2683.015000
