============================================================
  Generated by:           Genus(TM) Synthesis Solution 22.13-s093_1
  Generated on:           May 27 2026  09:57:33 am
  Module:                 mptdc_top_asic
  Operating conditions:   slow_1_62V_125C 
  Interconnect mode:      global
  Area mode:              physical library
============================================================


Path 1: VIOLATED (-2713 ps) Setup Check with Pin u_core_u_ctx_bank_ctx_snapshot_q_reg[1][flags][closed_by_watchdog]/clk->d
           View: wc_view
          Group: clk_sys
     Startpoint: (R) u_core_u_meas_ctrl_row_cnt_q_reg[6][2]/clk
          Clock: (R) clk_sys
       Endpoint: (R) u_core_u_ctx_bank_ctx_snapshot_q_reg[1][flags][closed_by_watchdog]/d
          Clock: (R) clk_sys

                     Capture       Launch     
        Clock Edge:+    6250            0     
       Src Latency:+       0            0     
       Net Latency:+       0 (I)        0 (I) 
           Arrival:=    6250            0     
                                              
             Setup:-     687                  
       Uncertainty:-     300                  
     Required Time:=    5263                  
      Launch Clock:-       0                  
         Data Path:-    7976                  
             Slack:=   -2713                  

Launch clock path:
#-------------------------------------------------------------------------------------------------------------------------
#               Timing Point                 Flags   Arc   Edge      Cell        Fanout Load Trans Delay Arrival Instance 
#                                                                                       (fF)  (ps)  (ps)   (ps)  Location 
#-------------------------------------------------------------------------------------------------------------------------
  clk_sys                                    (i,u)   -     R     (arrival)         4853  0.0     0     0       0    (-,-) 
  u_core_u_meas_ctrl_row_cnt_q_reg[6][2]/clk <<<     -     R     unmapped_d_flop   4853    -   150     0       0    (-,-) 
#-------------------------------------------------------------------------------------------------------------------------

#--------------------------------------------------------------------------------------------------------------------------------------------------------
#                            Timing Point                              Flags    Arc    Edge       Cell         Fanout  Load Trans Delay Arrival Instance 
#                                                                                                                      (fF)  (ps)  (ps)   (ps)  Location 
#--------------------------------------------------------------------------------------------------------------------------------------------------------
  u_core_u_meas_ctrl_row_cnt_q_reg[6][2]/clk                           -       -       R     (arrival)           4853     -   150     0       0    (-,-) 
  u_core_u_meas_ctrl_row_cnt_q_reg[6][2]/q                             (u)     clk->q  R     unmapped_d_flop       12 134.4     0  1623    1623    (-,-) 
  u_core_u_meas_ctrl_csa_tree_ADD_TC_OP_137_groupi/g82/z               (u)     in_1->z F     unmapped_nand2         1  11.2     0   231    1854    (-,-) 
  u_core_u_meas_ctrl_csa_tree_ADD_TC_OP_137_groupi/g708/z              (u)     in_1->z R     unmapped_nand2         1  11.2     0   231    2085    (-,-) 
  u_core_u_meas_ctrl_csa_tree_ADD_TC_OP_137_groupi/g664/z              (u)     in_1->z R     unmapped_complex2      4  44.8     0   373    2458    (-,-) 
  u_core_u_meas_ctrl_csa_tree_ADD_TC_OP_137_groupi/g650/z              (u)     in_0->z R     unmapped_complex2      1  11.2     0   231    2689    (-,-) 
  u_core_u_meas_ctrl_csa_tree_ADD_TC_OP_137_groupi/g651/z              (u)     in_1->z F     unmapped_nand2         2  22.4     0   278    2967    (-,-) 
  u_core_u_meas_ctrl_csa_tree_ADD_TC_OP_137_groupi/g610/z              (u)     in_0->z F     unmapped_complex2      1  11.2     0   231    3198    (-,-) 
  u_core_u_meas_ctrl_csa_tree_ADD_TC_OP_137_groupi/g611/z              (u)     in_1->z R     unmapped_nand2         4  44.8     0   373    3571    (-,-) 
  u_core_u_meas_ctrl_csa_tree_ADD_TC_OP_137_groupi/g581/z              (u)     in_1->z F     unmapped_complex2      1  11.2     0   231    3802    (-,-) 
  u_core_u_meas_ctrl_csa_tree_ADD_TC_OP_137_groupi/g582/z              (u)     in_1->z R     unmapped_nand2         2  22.4     0   278    4080    (-,-) 
  u_core_u_meas_ctrl_csa_tree_ADD_TC_OP_137_groupi/g565/z              (u)     in_0->z R     unmapped_complex2      1  11.2     0   231    4312    (-,-) 
  u_core_u_meas_ctrl_csa_tree_ADD_TC_OP_137_groupi/g566/z              (u)     in_1->z F     unmapped_nand2         2  22.4     0   278    4590    (-,-) 
  u_core_u_meas_ctrl_csa_tree_ADD_TC_OP_137_groupi/g561/z              (u)     in_1->z F     unmapped_or2           3  33.6     0   327    4916    (-,-) 
  u_core_u_meas_ctrl_csa_tree_ADD_TC_OP_137_groupi/g545/z              (u)     in_1->z R     unmapped_complex2      1  11.2     0   231    5148    (-,-) 
  u_core_u_meas_ctrl_csa_tree_ADD_TC_OP_137_groupi/g544/z              (u)     in_1->z F     unmapped_nand2         1  11.2     0   231    5379    (-,-) 
  u_core_u_meas_ctrl_csa_tree_ADD_TC_OP_137_groupi/g536/z              (u)     in_0->z F     unmapped_complex2      3  33.6     0   327    5706    (-,-) 
  u_core_u_meas_ctrl_csa_tree_ADD_TC_OP_137_groupi/g532/z              (u)     in_1->z R     unmapped_nand2         1  11.2     0   231    5937    (-,-) 
  u_core_u_meas_ctrl_csa_tree_ADD_TC_OP_137_groupi/g531/z              (u)     in_0->z F     unmapped_nand2         3  33.6     0   327    6264    (-,-) 
  u_core_u_meas_ctrl_csa_tree_ADD_TC_OP_137_groupi/g530/z              (u)     in_1->z R     unmapped_nand2         1  11.2     0   231    6495    (-,-) 
  u_core_u_meas_ctrl_csa_tree_ADD_TC_OP_137_groupi/g526/z              (u)     in_0->z F     unmapped_nand2         2  22.4     0   278    6773    (-,-) 
  g51929/z                                                             (u)     in_0->z F     unmapped_or2           1  11.2     0   231    7004    (-,-) 
  g51925/z                                                             (u)     in_1->z F     unmapped_or2           1  11.2     0   231    7235    (-,-) 
  g51831/z                                                             (u)     in_1->z R     unmapped_complex2      2  22.4     0   278    7513    (-,-) 
  g51812/z                                                             (u)     in_0->z F     unmapped_complex2      1  11.2     0   231    7744    (-,-) 
  g51808/z                                                             (u)     in_0->z R     unmapped_nand2         1  11.2     0   231    7976    (-,-) 
  u_core_u_ctx_bank_ctx_snapshot_q_reg[1][flags][closed_by_watchdog]/d <<<     -       R     unmapped_d_flop        1     -     -     0    7976    (-,-) 
#--------------------------------------------------------------------------------------------------------------------------------------------------------

(u) : Net has unmapped pin(s).

Capture clock path:
#-----------------------------------------------------------------------------------------------------------------------------------------------------
#                             Timing Point                               Flags   Arc   Edge      Cell        Fanout Load Trans Delay Arrival Instance 
#                                                                                                                   (fF)  (ps)  (ps)   (ps)  Location 
#-----------------------------------------------------------------------------------------------------------------------------------------------------
  clk_sys                                                                (i,u)   -     R     (arrival)         4853  0.0     0     0    6250    (-,-) 
  u_core_u_ctx_bank_ctx_snapshot_q_reg[1][flags][closed_by_watchdog]/clk <<<     -     R     unmapped_d_flop   4853    -   150     0    6250    (-,-) 
#-----------------------------------------------------------------------------------------------------------------------------------------------------



Path 2: VIOLATED (-2713 ps) Setup Check with Pin u_core_u_ctx_bank_ctx_snapshot_q_reg[0][flags][closed_by_watchdog]/clk->d
           View: wc_view
          Group: clk_sys
     Startpoint: (R) u_core_u_meas_ctrl_row_cnt_q_reg[6][2]/clk
          Clock: (R) clk_sys
       Endpoint: (R) u_core_u_ctx_bank_ctx_snapshot_q_reg[0][flags][closed_by_watchdog]/d
          Clock: (R) clk_sys

                     Capture       Launch     
        Clock Edge:+    6250            0     
       Src Latency:+       0            0     
       Net Latency:+       0 (I)        0 (I) 
           Arrival:=    6250            0     
                                              
             Setup:-     687                  
       Uncertainty:-     300                  
     Required Time:=    5263                  
      Launch Clock:-       0                  
         Data Path:-    7976                  
             Slack:=   -2713                  

Launch clock path:
#-------------------------------------------------------------------------------------------------------------------------
#               Timing Point                 Flags   Arc   Edge      Cell        Fanout Load Trans Delay Arrival Instance 
#                                                                                       (fF)  (ps)  (ps)   (ps)  Location 
#-------------------------------------------------------------------------------------------------------------------------
  clk_sys                                    (i,u)   -     R     (arrival)         4853  0.0     0     0       0    (-,-) 
  u_core_u_meas_ctrl_row_cnt_q_reg[6][2]/clk <<<     -     R     unmapped_d_flop   4853    -   150     0       0    (-,-) 
#-------------------------------------------------------------------------------------------------------------------------

#--------------------------------------------------------------------------------------------------------------------------------------------------------
#                            Timing Point                              Flags    Arc    Edge       Cell         Fanout  Load Trans Delay Arrival Instance 
#                                                                                                                      (fF)  (ps)  (ps)   (ps)  Location 
#--------------------------------------------------------------------------------------------------------------------------------------------------------
  u_core_u_meas_ctrl_row_cnt_q_reg[6][2]/clk                           -       -       R     (arrival)           4853     -   150     0       0    (-,-) 
  u_core_u_meas_ctrl_row_cnt_q_reg[6][2]/q                             (u)     clk->q  R     unmapped_d_flop       12 134.4     0  1623    1623    (-,-) 
  u_core_u_meas_ctrl_csa_tree_ADD_TC_OP_137_groupi/g82/z               (u)     in_1->z F     unmapped_nand2         1  11.2     0   231    1854    (-,-) 
  u_core_u_meas_ctrl_csa_tree_ADD_TC_OP_137_groupi/g708/z              (u)     in_1->z R     unmapped_nand2         1  11.2     0   231    2085    (-,-) 
  u_core_u_meas_ctrl_csa_tree_ADD_TC_OP_137_groupi/g664/z              (u)     in_1->z R     unmapped_complex2      4  44.8     0   373    2458    (-,-) 
  u_core_u_meas_ctrl_csa_tree_ADD_TC_OP_137_groupi/g650/z              (u)     in_0->z R     unmapped_complex2      1  11.2     0   231    2689    (-,-) 
  u_core_u_meas_ctrl_csa_tree_ADD_TC_OP_137_groupi/g651/z              (u)     in_1->z F     unmapped_nand2         2  22.4     0   278    2967    (-,-) 
  u_core_u_meas_ctrl_csa_tree_ADD_TC_OP_137_groupi/g610/z              (u)     in_0->z F     unmapped_complex2      1  11.2     0   231    3198    (-,-) 
  u_core_u_meas_ctrl_csa_tree_ADD_TC_OP_137_groupi/g611/z              (u)     in_1->z R     unmapped_nand2         4  44.8     0   373    3571    (-,-) 
  u_core_u_meas_ctrl_csa_tree_ADD_TC_OP_137_groupi/g581/z              (u)     in_1->z F     unmapped_complex2      1  11.2     0   231    3802    (-,-) 
  u_core_u_meas_ctrl_csa_tree_ADD_TC_OP_137_groupi/g582/z              (u)     in_1->z R     unmapped_nand2         2  22.4     0   278    4080    (-,-) 
  u_core_u_meas_ctrl_csa_tree_ADD_TC_OP_137_groupi/g565/z              (u)     in_0->z R     unmapped_complex2      1  11.2     0   231    4312    (-,-) 
  u_core_u_meas_ctrl_csa_tree_ADD_TC_OP_137_groupi/g566/z              (u)     in_1->z F     unmapped_nand2         2  22.4     0   278    4590    (-,-) 
  u_core_u_meas_ctrl_csa_tree_ADD_TC_OP_137_groupi/g561/z              (u)     in_1->z F     unmapped_or2           3  33.6     0   327    4916    (-,-) 
  u_core_u_meas_ctrl_csa_tree_ADD_TC_OP_137_groupi/g545/z              (u)     in_1->z R     unmapped_complex2      1  11.2     0   231    5148    (-,-) 
  u_core_u_meas_ctrl_csa_tree_ADD_TC_OP_137_groupi/g544/z              (u)     in_1->z F     unmapped_nand2         1  11.2     0   231    5379    (-,-) 
  u_core_u_meas_ctrl_csa_tree_ADD_TC_OP_137_groupi/g536/z              (u)     in_0->z F     unmapped_complex2      3  33.6     0   327    5706    (-,-) 
  u_core_u_meas_ctrl_csa_tree_ADD_TC_OP_137_groupi/g532/z              (u)     in_1->z R     unmapped_nand2         1  11.2     0   231    5937    (-,-) 
  u_core_u_meas_ctrl_csa_tree_ADD_TC_OP_137_groupi/g531/z              (u)     in_0->z F     unmapped_nand2         3  33.6     0   327    6264    (-,-) 
  u_core_u_meas_ctrl_csa_tree_ADD_TC_OP_137_groupi/g530/z              (u)     in_1->z R     unmapped_nand2         1  11.2     0   231    6495    (-,-) 
  u_core_u_meas_ctrl_csa_tree_ADD_TC_OP_137_groupi/g526/z              (u)     in_0->z F     unmapped_nand2         2  22.4     0   278    6773    (-,-) 
  g51929/z                                                             (u)     in_0->z F     unmapped_or2           1  11.2     0   231    7004    (-,-) 
  g51925/z                                                             (u)     in_1->z F     unmapped_or2           1  11.2     0   231    7235    (-,-) 
  g51831/z                                                             (u)     in_1->z R     unmapped_complex2      2  22.4     0   278    7513    (-,-) 
  g51819/z                                                             (u)     in_0->z F     unmapped_complex2      1  11.2     0   231    7744    (-,-) 
  g51802/z                                                             (u)     in_0->z R     unmapped_nand2         1  11.2     0   231    7976    (-,-) 
  u_core_u_ctx_bank_ctx_snapshot_q_reg[0][flags][closed_by_watchdog]/d <<<     -       R     unmapped_d_flop        1     -     -     0    7976    (-,-) 
#--------------------------------------------------------------------------------------------------------------------------------------------------------

(u) : Net has unmapped pin(s).

Capture clock path:
#-----------------------------------------------------------------------------------------------------------------------------------------------------
#                             Timing Point                               Flags   Arc   Edge      Cell        Fanout Load Trans Delay Arrival Instance 
#                                                                                                                   (fF)  (ps)  (ps)   (ps)  Location 
#-----------------------------------------------------------------------------------------------------------------------------------------------------
  clk_sys                                                                (i,u)   -     R     (arrival)         4853  0.0     0     0    6250    (-,-) 
  u_core_u_ctx_bank_ctx_snapshot_q_reg[0][flags][closed_by_watchdog]/clk <<<     -     R     unmapped_d_flop   4853    -   150     0    6250    (-,-) 
#-----------------------------------------------------------------------------------------------------------------------------------------------------



Path 3: VIOLATED (-2482 ps) Setup Check with Pin u_core_u_ctx_bank_ctx_snapshot_q_reg[1][flags][closed_by_fast_maxhit]/clk->d
           View: wc_view
          Group: clk_sys
     Startpoint: (R) u_core_u_meas_ctrl_row_cnt_q_reg[6][2]/clk
          Clock: (R) clk_sys
       Endpoint: (R) u_core_u_ctx_bank_ctx_snapshot_q_reg[1][flags][closed_by_fast_maxhit]/d
          Clock: (R) clk_sys

                     Capture       Launch     
        Clock Edge:+    6250            0     
       Src Latency:+       0            0     
       Net Latency:+       0 (I)        0 (I) 
           Arrival:=    6250            0     
                                              
             Setup:-     687                  
       Uncertainty:-     300                  
     Required Time:=    5263                  
      Launch Clock:-       0                  
         Data Path:-    7744                  
             Slack:=   -2482                  

Launch clock path:
#-------------------------------------------------------------------------------------------------------------------------
#               Timing Point                 Flags   Arc   Edge      Cell        Fanout Load Trans Delay Arrival Instance 
#                                                                                       (fF)  (ps)  (ps)   (ps)  Location 
#-------------------------------------------------------------------------------------------------------------------------
  clk_sys                                    (i,u)   -     R     (arrival)         4853  0.0     0     0       0    (-,-) 
  u_core_u_meas_ctrl_row_cnt_q_reg[6][2]/clk <<<     -     R     unmapped_d_flop   4853    -   150     0       0    (-,-) 
#-------------------------------------------------------------------------------------------------------------------------

#-----------------------------------------------------------------------------------------------------------------------------------------------------------
#                              Timing Point                               Flags    Arc    Edge       Cell         Fanout  Load Trans Delay Arrival Instance 
#                                                                                                                         (fF)  (ps)  (ps)   (ps)  Location 
#-----------------------------------------------------------------------------------------------------------------------------------------------------------
  u_core_u_meas_ctrl_row_cnt_q_reg[6][2]/clk                              -       -       R     (arrival)           4853     -   150     0       0    (-,-) 
  u_core_u_meas_ctrl_row_cnt_q_reg[6][2]/q                                (u)     clk->q  F     unmapped_d_flop       12 134.4     0  1623    1623    (-,-) 
  u_core_u_meas_ctrl_csa_tree_ADD_TC_OP_137_groupi/g82/z                  (u)     in_1->z R     unmapped_nand2         1  11.2     0   231    1854    (-,-) 
  u_core_u_meas_ctrl_csa_tree_ADD_TC_OP_137_groupi/g708/z                 (u)     in_1->z F     unmapped_nand2         1  11.2     0   231    2085    (-,-) 
  u_core_u_meas_ctrl_csa_tree_ADD_TC_OP_137_groupi/g664/z                 (u)     in_1->z F     unmapped_complex2      4  44.8     0   373    2458    (-,-) 
  u_core_u_meas_ctrl_csa_tree_ADD_TC_OP_137_groupi/g650/z                 (u)     in_0->z F     unmapped_complex2      1  11.2     0   231    2689    (-,-) 
  u_core_u_meas_ctrl_csa_tree_ADD_TC_OP_137_groupi/g651/z                 (u)     in_1->z R     unmapped_nand2         2  22.4     0   278    2967    (-,-) 
  u_core_u_meas_ctrl_csa_tree_ADD_TC_OP_137_groupi/g610/z                 (u)     in_0->z R     unmapped_complex2      1  11.2     0   231    3198    (-,-) 
  u_core_u_meas_ctrl_csa_tree_ADD_TC_OP_137_groupi/g611/z                 (u)     in_1->z F     unmapped_nand2         4  44.8     0   373    3571    (-,-) 
  u_core_u_meas_ctrl_csa_tree_ADD_TC_OP_137_groupi/g581/z                 (u)     in_1->z R     unmapped_complex2      1  11.2     0   231    3802    (-,-) 
  u_core_u_meas_ctrl_csa_tree_ADD_TC_OP_137_groupi/g582/z                 (u)     in_1->z F     unmapped_nand2         2  22.4     0   278    4080    (-,-) 
  u_core_u_meas_ctrl_csa_tree_ADD_TC_OP_137_groupi/g565/z                 (u)     in_0->z F     unmapped_complex2      1  11.2     0   231    4312    (-,-) 
  u_core_u_meas_ctrl_csa_tree_ADD_TC_OP_137_groupi/g566/z                 (u)     in_1->z R     unmapped_nand2         2  22.4     0   278    4590    (-,-) 
  u_core_u_meas_ctrl_csa_tree_ADD_TC_OP_137_groupi/g561/z                 (u)     in_1->z R     unmapped_or2           3  33.6     0   327    4916    (-,-) 
  u_core_u_meas_ctrl_csa_tree_ADD_TC_OP_137_groupi/g545/z                 (u)     in_1->z F     unmapped_complex2      1  11.2     0   231    5148    (-,-) 
  u_core_u_meas_ctrl_csa_tree_ADD_TC_OP_137_groupi/g544/z                 (u)     in_1->z R     unmapped_nand2         1  11.2     0   231    5379    (-,-) 
  u_core_u_meas_ctrl_csa_tree_ADD_TC_OP_137_groupi/g536/z                 (u)     in_0->z R     unmapped_complex2      3  33.6     0   327    5706    (-,-) 
  u_core_u_meas_ctrl_csa_tree_ADD_TC_OP_137_groupi/g532/z                 (u)     in_1->z F     unmapped_nand2         1  11.2     0   231    5937    (-,-) 
  u_core_u_meas_ctrl_csa_tree_ADD_TC_OP_137_groupi/g531/z                 (u)     in_0->z R     unmapped_nand2         3  33.6     0   327    6264    (-,-) 
  u_core_u_meas_ctrl_csa_tree_ADD_TC_OP_137_groupi/g530/z                 (u)     in_1->z F     unmapped_nand2         1  11.2     0   231    6495    (-,-) 
  u_core_u_meas_ctrl_csa_tree_ADD_TC_OP_137_groupi/g526/z                 (u)     in_0->z R     unmapped_nand2         2  22.4     0   278    6773    (-,-) 
  g62226/z                                                                (u)     in_1->z R     unmapped_or2           1  11.2     0   231    7004    (-,-) 
  g61445/z                                                                (u)     in_0->z R     unmapped_or2           2  22.4     0   278    7282    (-,-) 
  g52052/z                                                                (u)     in_0->z F     unmapped_complex2      1  11.2     0   231    7513    (-,-) 
  g51960/z                                                                (u)     in_1->z R     unmapped_nand2         1  11.2     0   231    7744    (-,-) 
  u_core_u_ctx_bank_ctx_snapshot_q_reg[1][flags][closed_by_fast_maxhit]/d <<<     -       R     unmapped_d_flop        1     -     -     0    7744    (-,-) 
#-----------------------------------------------------------------------------------------------------------------------------------------------------------

(u) : Net has unmapped pin(s).

Capture clock path:
#--------------------------------------------------------------------------------------------------------------------------------------------------------
#                               Timing Point                                Flags   Arc   Edge      Cell        Fanout Load Trans Delay Arrival Instance 
#                                                                                                                      (fF)  (ps)  (ps)   (ps)  Location 
#--------------------------------------------------------------------------------------------------------------------------------------------------------
  clk_sys                                                                   (i,u)   -     R     (arrival)         4853  0.0     0     0    6250    (-,-) 
  u_core_u_ctx_bank_ctx_snapshot_q_reg[1][flags][closed_by_fast_maxhit]/clk <<<     -     R     unmapped_d_flop   4853    -   150     0    6250    (-,-) 
#--------------------------------------------------------------------------------------------------------------------------------------------------------



Path 4: VIOLATED (-2482 ps) Setup Check with Pin u_core_u_ctx_bank_ctx_snapshot_q_reg[0][flags][closed_by_fast_maxhit]/clk->d
           View: wc_view
          Group: clk_sys
     Startpoint: (R) u_core_u_meas_ctrl_row_cnt_q_reg[6][2]/clk
          Clock: (R) clk_sys
       Endpoint: (R) u_core_u_ctx_bank_ctx_snapshot_q_reg[0][flags][closed_by_fast_maxhit]/d
          Clock: (R) clk_sys

                     Capture       Launch     
        Clock Edge:+    6250            0     
       Src Latency:+       0            0     
       Net Latency:+       0 (I)        0 (I) 
           Arrival:=    6250            0     
                                              
             Setup:-     687                  
       Uncertainty:-     300                  
     Required Time:=    5263                  
      Launch Clock:-       0                  
         Data Path:-    7744                  
             Slack:=   -2482                  

Launch clock path:
#-------------------------------------------------------------------------------------------------------------------------
#               Timing Point                 Flags   Arc   Edge      Cell        Fanout Load Trans Delay Arrival Instance 
#                                                                                       (fF)  (ps)  (ps)   (ps)  Location 
#-------------------------------------------------------------------------------------------------------------------------
  clk_sys                                    (i,u)   -     R     (arrival)         4853  0.0     0     0       0    (-,-) 
  u_core_u_meas_ctrl_row_cnt_q_reg[6][2]/clk <<<     -     R     unmapped_d_flop   4853    -   150     0       0    (-,-) 
#-------------------------------------------------------------------------------------------------------------------------

#-----------------------------------------------------------------------------------------------------------------------------------------------------------
#                              Timing Point                               Flags    Arc    Edge       Cell         Fanout  Load Trans Delay Arrival Instance 
#                                                                                                                         (fF)  (ps)  (ps)   (ps)  Location 
#-----------------------------------------------------------------------------------------------------------------------------------------------------------
  u_core_u_meas_ctrl_row_cnt_q_reg[6][2]/clk                              -       -       R     (arrival)           4853     -   150     0       0    (-,-) 
  u_core_u_meas_ctrl_row_cnt_q_reg[6][2]/q                                (u)     clk->q  F     unmapped_d_flop       12 134.4     0  1623    1623    (-,-) 
  u_core_u_meas_ctrl_csa_tree_ADD_TC_OP_137_groupi/g82/z                  (u)     in_1->z R     unmapped_nand2         1  11.2     0   231    1854    (-,-) 
  u_core_u_meas_ctrl_csa_tree_ADD_TC_OP_137_groupi/g708/z                 (u)     in_1->z F     unmapped_nand2         1  11.2     0   231    2085    (-,-) 
  u_core_u_meas_ctrl_csa_tree_ADD_TC_OP_137_groupi/g664/z                 (u)     in_1->z F     unmapped_complex2      4  44.8     0   373    2458    (-,-) 
  u_core_u_meas_ctrl_csa_tree_ADD_TC_OP_137_groupi/g650/z                 (u)     in_0->z F     unmapped_complex2      1  11.2     0   231    2689    (-,-) 
  u_core_u_meas_ctrl_csa_tree_ADD_TC_OP_137_groupi/g651/z                 (u)     in_1->z R     unmapped_nand2         2  22.4     0   278    2967    (-,-) 
  u_core_u_meas_ctrl_csa_tree_ADD_TC_OP_137_groupi/g610/z                 (u)     in_0->z R     unmapped_complex2      1  11.2     0   231    3198    (-,-) 
  u_core_u_meas_ctrl_csa_tree_ADD_TC_OP_137_groupi/g611/z                 (u)     in_1->z F     unmapped_nand2         4  44.8     0   373    3571    (-,-) 
  u_core_u_meas_ctrl_csa_tree_ADD_TC_OP_137_groupi/g581/z                 (u)     in_1->z R     unmapped_complex2      1  11.2     0   231    3802    (-,-) 
  u_core_u_meas_ctrl_csa_tree_ADD_TC_OP_137_groupi/g582/z                 (u)     in_1->z F     unmapped_nand2         2  22.4     0   278    4080    (-,-) 
  u_core_u_meas_ctrl_csa_tree_ADD_TC_OP_137_groupi/g565/z                 (u)     in_0->z F     unmapped_complex2      1  11.2     0   231    4312    (-,-) 
  u_core_u_meas_ctrl_csa_tree_ADD_TC_OP_137_groupi/g566/z                 (u)     in_1->z R     unmapped_nand2         2  22.4     0   278    4590    (-,-) 
  u_core_u_meas_ctrl_csa_tree_ADD_TC_OP_137_groupi/g561/z                 (u)     in_1->z R     unmapped_or2           3  33.6     0   327    4916    (-,-) 
  u_core_u_meas_ctrl_csa_tree_ADD_TC_OP_137_groupi/g545/z                 (u)     in_1->z F     unmapped_complex2      1  11.2     0   231    5148    (-,-) 
  u_core_u_meas_ctrl_csa_tree_ADD_TC_OP_137_groupi/g544/z                 (u)     in_1->z R     unmapped_nand2         1  11.2     0   231    5379    (-,-) 
  u_core_u_meas_ctrl_csa_tree_ADD_TC_OP_137_groupi/g536/z                 (u)     in_0->z R     unmapped_complex2      3  33.6     0   327    5706    (-,-) 
  u_core_u_meas_ctrl_csa_tree_ADD_TC_OP_137_groupi/g532/z                 (u)     in_1->z F     unmapped_nand2         1  11.2     0   231    5937    (-,-) 
  u_core_u_meas_ctrl_csa_tree_ADD_TC_OP_137_groupi/g531/z                 (u)     in_0->z R     unmapped_nand2         3  33.6     0   327    6264    (-,-) 
  u_core_u_meas_ctrl_csa_tree_ADD_TC_OP_137_groupi/g530/z                 (u)     in_1->z F     unmapped_nand2         1  11.2     0   231    6495    (-,-) 
  u_core_u_meas_ctrl_csa_tree_ADD_TC_OP_137_groupi/g526/z                 (u)     in_0->z R     unmapped_nand2         2  22.4     0   278    6773    (-,-) 
  g62226/z                                                                (u)     in_1->z R     unmapped_or2           1  11.2     0   231    7004    (-,-) 
  g61445/z                                                                (u)     in_0->z R     unmapped_or2           2  22.4     0   278    7282    (-,-) 
  g52064/z                                                                (u)     in_0->z F     unmapped_complex2      1  11.2     0   231    7513    (-,-) 
  g51938/z                                                                (u)     in_1->z R     unmapped_nand2         1  11.2     0   231    7744    (-,-) 
  u_core_u_ctx_bank_ctx_snapshot_q_reg[0][flags][closed_by_fast_maxhit]/d <<<     -       R     unmapped_d_flop        1     -     -     0    7744    (-,-) 
#-----------------------------------------------------------------------------------------------------------------------------------------------------------

(u) : Net has unmapped pin(s).

Capture clock path:
#--------------------------------------------------------------------------------------------------------------------------------------------------------
#                               Timing Point                                Flags   Arc   Edge      Cell        Fanout Load Trans Delay Arrival Instance 
#                                                                                                                      (fF)  (ps)  (ps)   (ps)  Location 
#--------------------------------------------------------------------------------------------------------------------------------------------------------
  clk_sys                                                                   (i,u)   -     R     (arrival)         4853  0.0     0     0    6250    (-,-) 
  u_core_u_ctx_bank_ctx_snapshot_q_reg[0][flags][closed_by_fast_maxhit]/clk <<<     -     R     unmapped_d_flop   4853    -   150     0    6250    (-,-) 
#--------------------------------------------------------------------------------------------------------------------------------------------------------



Path 5: VIOLATED (-2076 ps) Setup Check with Pin u_core_u_ctx_bank_ctx_snapshot_q_reg[1][hit_count][3]/clk->d
           View: wc_view
          Group: clk_sys
     Startpoint: (R) u_core_u_meas_ctrl_row_cnt_q_reg[1][1]/clk
          Clock: (R) clk_sys
       Endpoint: (R) u_core_u_ctx_bank_ctx_snapshot_q_reg[1][hit_count][3]/d
          Clock: (R) clk_sys

                     Capture       Launch     
        Clock Edge:+    6250            0     
       Src Latency:+       0            0     
       Net Latency:+       0 (I)        0 (I) 
           Arrival:=    6250            0     
                                              
             Setup:-     687                  
       Uncertainty:-     300                  
     Required Time:=    5263                  
      Launch Clock:-       0                  
         Data Path:-    7339                  
             Slack:=   -2076                  

Launch clock path:
#-------------------------------------------------------------------------------------------------------------------------
#               Timing Point                 Flags   Arc   Edge      Cell        Fanout Load Trans Delay Arrival Instance 
#                                                                                       (fF)  (ps)  (ps)   (ps)  Location 
#-------------------------------------------------------------------------------------------------------------------------
  clk_sys                                    (i,u)   -     R     (arrival)         4853  0.0     0     0       0    (-,-) 
  u_core_u_meas_ctrl_row_cnt_q_reg[1][1]/clk <<<     -     R     unmapped_d_flop   4853    -   150     0       0    (-,-) 
#-------------------------------------------------------------------------------------------------------------------------

#-------------------------------------------------------------------------------------------------------------------------------------------
#                      Timing Point                       Flags    Arc    Edge       Cell         Fanout  Load Trans Delay Arrival Instance 
#                                                                                                         (fF)  (ps)  (ps)   (ps)  Location 
#-------------------------------------------------------------------------------------------------------------------------------------------
  u_core_u_meas_ctrl_row_cnt_q_reg[1][1]/clk              -       -       R     (arrival)           4853     -   150     0       0    (-,-) 
  u_core_u_meas_ctrl_row_cnt_q_reg[1][1]/q                (u)     clk->q  R     unmapped_d_flop       13 145.6     0  1637    1637    (-,-) 
  u_core_u_meas_ctrl_csa_tree_SUB_TC_OP_groupi/g583/z     (u)     in_1->z F     unmapped_complex2      1  11.2     0   231    1868    (-,-) 
  u_core_u_meas_ctrl_csa_tree_SUB_TC_OP_groupi/g903/z     (u)     in_0->z R     unmapped_complex2      1  11.2     0   231    2100    (-,-) 
  u_core_u_meas_ctrl_csa_tree_SUB_TC_OP_groupi/g893/z     (u)     in_0->z F     unmapped_nand2         4  44.8     0   373    2472    (-,-) 
  u_core_u_meas_ctrl_csa_tree_SUB_TC_OP_groupi/g1009/z    (u)     in_1->z F     unmapped_complex2      1  11.2     0   231    2704    (-,-) 
  u_core_u_meas_ctrl_csa_tree_SUB_TC_OP_groupi/g852/z     (u)     in_1->z R     unmapped_nand2         2  22.4     0   278    2982    (-,-) 
  u_core_u_meas_ctrl_csa_tree_SUB_TC_OP_groupi/g846/z     (u)     in_0->z R     unmapped_complex2      1  11.2     0   231    3213    (-,-) 
  u_core_u_meas_ctrl_csa_tree_SUB_TC_OP_groupi/g847/z     (u)     in_1->z F     unmapped_nand2         4  44.8     0   373    3586    (-,-) 
  u_core_u_meas_ctrl_csa_tree_SUB_TC_OP_groupi/g819/z     (u)     in_1->z R     unmapped_complex2      1  11.2     0   231    3817    (-,-) 
  u_core_u_meas_ctrl_csa_tree_SUB_TC_OP_groupi/g820/z     (u)     in_1->z F     unmapped_nand2         2  22.4     0   278    4095    (-,-) 
  u_core_u_meas_ctrl_csa_tree_SUB_TC_OP_groupi/g809/z     (u)     in_0->z F     unmapped_complex2      1  11.2     0   231    4326    (-,-) 
  u_core_u_meas_ctrl_csa_tree_SUB_TC_OP_groupi/g810/z     (u)     in_1->z R     unmapped_nand2         3  33.6     0   327    4653    (-,-) 
  u_core_u_meas_ctrl_csa_tree_SUB_TC_OP_groupi/g798/z     (u)     in_1->z R     unmapped_or2           1  11.2     0   231    4884    (-,-) 
  u_core_u_meas_ctrl_csa_tree_SUB_TC_OP_groupi/g794/z     (u)     in_0->z F     unmapped_complex2      1  11.2     0   231    5115    (-,-) 
  u_core_u_meas_ctrl_csa_tree_SUB_TC_OP_groupi/g787/z     (u)     in_0->z F     unmapped_complex2      1  11.2     0   231    5346    (-,-) 
  u_core_u_meas_ctrl_csa_tree_SUB_TC_OP_groupi/g784/z     (u)     in_1->z R     unmapped_nand2         1  11.2     0   231    5578    (-,-) 
  u_core_u_meas_ctrl_csa_tree_SUB_TC_OP_groupi/g1043/z    (u)     in_0->z F     unmapped_complex2      5  56.0     0   417    5994    (-,-) 
  g64578/z                                                (u)     in_0->z F     unmapped_complex2      4  44.8     0   373    6367    (-,-) 
  g62247/z                                                (u)     in_1->z F     unmapped_complex2      1  11.2     0   231    6598    (-,-) 
  g61824/z                                                (u)     in_1->z R     unmapped_nand2         2  22.4     0   278    6876    (-,-) 
  g52059/z                                                (u)     in_0->z F     unmapped_complex2      1  11.2     0   231    7108    (-,-) 
  g51949/z                                                (u)     in_0->z R     unmapped_nand2         1  11.2     0   231    7339    (-,-) 
  u_core_u_ctx_bank_ctx_snapshot_q_reg[1][hit_count][3]/d <<<     -       R     unmapped_d_flop        1     -     -     0    7339    (-,-) 
#-------------------------------------------------------------------------------------------------------------------------------------------

(u) : Net has unmapped pin(s).

Capture clock path:
#----------------------------------------------------------------------------------------------------------------------------------------
#                       Timing Point                        Flags   Arc   Edge      Cell        Fanout Load Trans Delay Arrival Instance 
#                                                                                                      (fF)  (ps)  (ps)   (ps)  Location 
#----------------------------------------------------------------------------------------------------------------------------------------
  clk_sys                                                   (i,u)   -     R     (arrival)         4853  0.0     0     0    6250    (-,-) 
  u_core_u_ctx_bank_ctx_snapshot_q_reg[1][hit_count][3]/clk <<<     -     R     unmapped_d_flop   4853    -   150     0    6250    (-,-) 
#----------------------------------------------------------------------------------------------------------------------------------------



Path 6: VIOLATED (-2076 ps) Setup Check with Pin u_core_u_ctx_bank_ctx_snapshot_q_reg[1][hit_count][2]/clk->d
           View: wc_view
          Group: clk_sys
     Startpoint: (R) u_core_u_meas_ctrl_row_cnt_q_reg[1][1]/clk
          Clock: (R) clk_sys
       Endpoint: (R) u_core_u_ctx_bank_ctx_snapshot_q_reg[1][hit_count][2]/d
          Clock: (R) clk_sys

                     Capture       Launch     
        Clock Edge:+    6250            0     
       Src Latency:+       0            0     
       Net Latency:+       0 (I)        0 (I) 
           Arrival:=    6250            0     
                                              
             Setup:-     687                  
       Uncertainty:-     300                  
     Required Time:=    5263                  
      Launch Clock:-       0                  
         Data Path:-    7339                  
             Slack:=   -2076                  

Launch clock path:
#-------------------------------------------------------------------------------------------------------------------------
#               Timing Point                 Flags   Arc   Edge      Cell        Fanout Load Trans Delay Arrival Instance 
#                                                                                       (fF)  (ps)  (ps)   (ps)  Location 
#-------------------------------------------------------------------------------------------------------------------------
  clk_sys                                    (i,u)   -     R     (arrival)         4853  0.0     0     0       0    (-,-) 
  u_core_u_meas_ctrl_row_cnt_q_reg[1][1]/clk <<<     -     R     unmapped_d_flop   4853    -   150     0       0    (-,-) 
#-------------------------------------------------------------------------------------------------------------------------

#-------------------------------------------------------------------------------------------------------------------------------------------
#                      Timing Point                       Flags    Arc    Edge       Cell         Fanout  Load Trans Delay Arrival Instance 
#                                                                                                         (fF)  (ps)  (ps)   (ps)  Location 
#-------------------------------------------------------------------------------------------------------------------------------------------
  u_core_u_meas_ctrl_row_cnt_q_reg[1][1]/clk              -       -       R     (arrival)           4853     -   150     0       0    (-,-) 
  u_core_u_meas_ctrl_row_cnt_q_reg[1][1]/q                (u)     clk->q  R     unmapped_d_flop       13 145.6     0  1637    1637    (-,-) 
  u_core_u_meas_ctrl_csa_tree_SUB_TC_OP_groupi/g583/z     (u)     in_1->z F     unmapped_complex2      1  11.2     0   231    1868    (-,-) 
  u_core_u_meas_ctrl_csa_tree_SUB_TC_OP_groupi/g903/z     (u)     in_0->z R     unmapped_complex2      1  11.2     0   231    2100    (-,-) 
  u_core_u_meas_ctrl_csa_tree_SUB_TC_OP_groupi/g893/z     (u)     in_0->z F     unmapped_nand2         4  44.8     0   373    2472    (-,-) 
  u_core_u_meas_ctrl_csa_tree_SUB_TC_OP_groupi/g1009/z    (u)     in_1->z F     unmapped_complex2      1  11.2     0   231    2704    (-,-) 
  u_core_u_meas_ctrl_csa_tree_SUB_TC_OP_groupi/g852/z     (u)     in_1->z R     unmapped_nand2         2  22.4     0   278    2982    (-,-) 
  u_core_u_meas_ctrl_csa_tree_SUB_TC_OP_groupi/g846/z     (u)     in_0->z R     unmapped_complex2      1  11.2     0   231    3213    (-,-) 
  u_core_u_meas_ctrl_csa_tree_SUB_TC_OP_groupi/g847/z     (u)     in_1->z F     unmapped_nand2         4  44.8     0   373    3586    (-,-) 
  u_core_u_meas_ctrl_csa_tree_SUB_TC_OP_groupi/g819/z     (u)     in_1->z R     unmapped_complex2      1  11.2     0   231    3817    (-,-) 
  u_core_u_meas_ctrl_csa_tree_SUB_TC_OP_groupi/g820/z     (u)     in_1->z F     unmapped_nand2         2  22.4     0   278    4095    (-,-) 
  u_core_u_meas_ctrl_csa_tree_SUB_TC_OP_groupi/g809/z     (u)     in_0->z F     unmapped_complex2      1  11.2     0   231    4326    (-,-) 
  u_core_u_meas_ctrl_csa_tree_SUB_TC_OP_groupi/g810/z     (u)     in_1->z R     unmapped_nand2         3  33.6     0   327    4653    (-,-) 
  u_core_u_meas_ctrl_csa_tree_SUB_TC_OP_groupi/g798/z     (u)     in_1->z R     unmapped_or2           1  11.2     0   231    4884    (-,-) 
  u_core_u_meas_ctrl_csa_tree_SUB_TC_OP_groupi/g794/z     (u)     in_0->z F     unmapped_complex2      1  11.2     0   231    5115    (-,-) 
  u_core_u_meas_ctrl_csa_tree_SUB_TC_OP_groupi/g787/z     (u)     in_0->z F     unmapped_complex2      1  11.2     0   231    5346    (-,-) 
  u_core_u_meas_ctrl_csa_tree_SUB_TC_OP_groupi/g784/z     (u)     in_1->z R     unmapped_nand2         1  11.2     0   231    5578    (-,-) 
  u_core_u_meas_ctrl_csa_tree_SUB_TC_OP_groupi/g1043/z    (u)     in_0->z F     unmapped_complex2      5  56.0     0   417    5994    (-,-) 
  g64578/z                                                (u)     in_0->z F     unmapped_complex2      4  44.8     0   373    6367    (-,-) 
  g62242/z                                                (u)     in_1->z F     unmapped_complex2      1  11.2     0   231    6598    (-,-) 
  g61720/z                                                (u)     in_1->z R     unmapped_nand2         2  22.4     0   278    6876    (-,-) 
  g52058/z                                                (u)     in_0->z F     unmapped_complex2      1  11.2     0   231    7108    (-,-) 
  g51952/z                                                (u)     in_0->z R     unmapped_nand2         1  11.2     0   231    7339    (-,-) 
  u_core_u_ctx_bank_ctx_snapshot_q_reg[1][hit_count][2]/d <<<     -       R     unmapped_d_flop        1     -     -     0    7339    (-,-) 
#-------------------------------------------------------------------------------------------------------------------------------------------

(u) : Net has unmapped pin(s).

Capture clock path:
#----------------------------------------------------------------------------------------------------------------------------------------
#                       Timing Point                        Flags   Arc   Edge      Cell        Fanout Load Trans Delay Arrival Instance 
#                                                                                                      (fF)  (ps)  (ps)   (ps)  Location 
#----------------------------------------------------------------------------------------------------------------------------------------
  clk_sys                                                   (i,u)   -     R     (arrival)         4853  0.0     0     0    6250    (-,-) 
  u_core_u_ctx_bank_ctx_snapshot_q_reg[1][hit_count][2]/clk <<<     -     R     unmapped_d_flop   4853    -   150     0    6250    (-,-) 
#----------------------------------------------------------------------------------------------------------------------------------------



Path 7: VIOLATED (-2076 ps) Setup Check with Pin u_core_u_ctx_bank_ctx_snapshot_q_reg[1][hit_count][1]/clk->d
           View: wc_view
          Group: clk_sys
     Startpoint: (R) u_core_u_meas_ctrl_row_cnt_q_reg[1][1]/clk
          Clock: (R) clk_sys
       Endpoint: (R) u_core_u_ctx_bank_ctx_snapshot_q_reg[1][hit_count][1]/d
          Clock: (R) clk_sys

                     Capture       Launch     
        Clock Edge:+    6250            0     
       Src Latency:+       0            0     
       Net Latency:+       0 (I)        0 (I) 
           Arrival:=    6250            0     
                                              
             Setup:-     687                  
       Uncertainty:-     300                  
     Required Time:=    5263                  
      Launch Clock:-       0                  
         Data Path:-    7339                  
             Slack:=   -2076                  

Launch clock path:
#-------------------------------------------------------------------------------------------------------------------------
#               Timing Point                 Flags   Arc   Edge      Cell        Fanout Load Trans Delay Arrival Instance 
#                                                                                       (fF)  (ps)  (ps)   (ps)  Location 
#-------------------------------------------------------------------------------------------------------------------------
  clk_sys                                    (i,u)   -     R     (arrival)         4853  0.0     0     0       0    (-,-) 
  u_core_u_meas_ctrl_row_cnt_q_reg[1][1]/clk <<<     -     R     unmapped_d_flop   4853    -   150     0       0    (-,-) 
#-------------------------------------------------------------------------------------------------------------------------

#-------------------------------------------------------------------------------------------------------------------------------------------
#                      Timing Point                       Flags    Arc    Edge       Cell         Fanout  Load Trans Delay Arrival Instance 
#                                                                                                         (fF)  (ps)  (ps)   (ps)  Location 
#-------------------------------------------------------------------------------------------------------------------------------------------
  u_core_u_meas_ctrl_row_cnt_q_reg[1][1]/clk              -       -       R     (arrival)           4853     -   150     0       0    (-,-) 
  u_core_u_meas_ctrl_row_cnt_q_reg[1][1]/q                (u)     clk->q  R     unmapped_d_flop       13 145.6     0  1637    1637    (-,-) 
  u_core_u_meas_ctrl_csa_tree_SUB_TC_OP_groupi/g583/z     (u)     in_1->z F     unmapped_complex2      1  11.2     0   231    1868    (-,-) 
  u_core_u_meas_ctrl_csa_tree_SUB_TC_OP_groupi/g903/z     (u)     in_0->z R     unmapped_complex2      1  11.2     0   231    2100    (-,-) 
  u_core_u_meas_ctrl_csa_tree_SUB_TC_OP_groupi/g893/z     (u)     in_0->z F     unmapped_nand2         4  44.8     0   373    2472    (-,-) 
  u_core_u_meas_ctrl_csa_tree_SUB_TC_OP_groupi/g1009/z    (u)     in_1->z F     unmapped_complex2      1  11.2     0   231    2704    (-,-) 
  u_core_u_meas_ctrl_csa_tree_SUB_TC_OP_groupi/g852/z     (u)     in_1->z R     unmapped_nand2         2  22.4     0   278    2982    (-,-) 
  u_core_u_meas_ctrl_csa_tree_SUB_TC_OP_groupi/g846/z     (u)     in_0->z R     unmapped_complex2      1  11.2     0   231    3213    (-,-) 
  u_core_u_meas_ctrl_csa_tree_SUB_TC_OP_groupi/g847/z     (u)     in_1->z F     unmapped_nand2         4  44.8     0   373    3586    (-,-) 
  u_core_u_meas_ctrl_csa_tree_SUB_TC_OP_groupi/g819/z     (u)     in_1->z R     unmapped_complex2      1  11.2     0   231    3817    (-,-) 
  u_core_u_meas_ctrl_csa_tree_SUB_TC_OP_groupi/g820/z     (u)     in_1->z F     unmapped_nand2         2  22.4     0   278    4095    (-,-) 
  u_core_u_meas_ctrl_csa_tree_SUB_TC_OP_groupi/g809/z     (u)     in_0->z F     unmapped_complex2      1  11.2     0   231    4326    (-,-) 
  u_core_u_meas_ctrl_csa_tree_SUB_TC_OP_groupi/g810/z     (u)     in_1->z R     unmapped_nand2         3  33.6     0   327    4653    (-,-) 
  u_core_u_meas_ctrl_csa_tree_SUB_TC_OP_groupi/g798/z     (u)     in_1->z R     unmapped_or2           1  11.2     0   231    4884    (-,-) 
  u_core_u_meas_ctrl_csa_tree_SUB_TC_OP_groupi/g794/z     (u)     in_0->z F     unmapped_complex2      1  11.2     0   231    5115    (-,-) 
  u_core_u_meas_ctrl_csa_tree_SUB_TC_OP_groupi/g787/z     (u)     in_0->z F     unmapped_complex2      1  11.2     0   231    5346    (-,-) 
  u_core_u_meas_ctrl_csa_tree_SUB_TC_OP_groupi/g784/z     (u)     in_1->z R     unmapped_nand2         1  11.2     0   231    5578    (-,-) 
  u_core_u_meas_ctrl_csa_tree_SUB_TC_OP_groupi/g1043/z    (u)     in_0->z F     unmapped_complex2      5  56.0     0   417    5994    (-,-) 
  g64578/z                                                (u)     in_0->z F     unmapped_complex2      4  44.8     0   373    6367    (-,-) 
  g62251/z                                                (u)     in_1->z F     unmapped_complex2      1  11.2     0   231    6598    (-,-) 
  g61929/z                                                (u)     in_1->z R     unmapped_nand2         2  22.4     0   278    6876    (-,-) 
  g52061/z                                                (u)     in_0->z F     unmapped_complex2      1  11.2     0   231    7108    (-,-) 
  g51947/z                                                (u)     in_0->z R     unmapped_nand2         1  11.2     0   231    7339    (-,-) 
  u_core_u_ctx_bank_ctx_snapshot_q_reg[1][hit_count][1]/d <<<     -       R     unmapped_d_flop        1     -     -     0    7339    (-,-) 
#-------------------------------------------------------------------------------------------------------------------------------------------

(u) : Net has unmapped pin(s).

Capture clock path:
#----------------------------------------------------------------------------------------------------------------------------------------
#                       Timing Point                        Flags   Arc   Edge      Cell        Fanout Load Trans Delay Arrival Instance 
#                                                                                                      (fF)  (ps)  (ps)   (ps)  Location 
#----------------------------------------------------------------------------------------------------------------------------------------
  clk_sys                                                   (i,u)   -     R     (arrival)         4853  0.0     0     0    6250    (-,-) 
  u_core_u_ctx_bank_ctx_snapshot_q_reg[1][hit_count][1]/clk <<<     -     R     unmapped_d_flop   4853    -   150     0    6250    (-,-) 
#----------------------------------------------------------------------------------------------------------------------------------------



Path 8: VIOLATED (-2076 ps) Setup Check with Pin u_core_u_ctx_bank_ctx_snapshot_q_reg[1][hit_count][0]/clk->d
           View: wc_view
          Group: clk_sys
     Startpoint: (R) u_core_u_meas_ctrl_row_cnt_q_reg[1][1]/clk
          Clock: (R) clk_sys
       Endpoint: (R) u_core_u_ctx_bank_ctx_snapshot_q_reg[1][hit_count][0]/d
          Clock: (R) clk_sys

                     Capture       Launch     
        Clock Edge:+    6250            0     
       Src Latency:+       0            0     
       Net Latency:+       0 (I)        0 (I) 
           Arrival:=    6250            0     
                                              
             Setup:-     687                  
       Uncertainty:-     300                  
     Required Time:=    5263                  
      Launch Clock:-       0                  
         Data Path:-    7339                  
             Slack:=   -2076                  

Launch clock path:
#-------------------------------------------------------------------------------------------------------------------------
#               Timing Point                 Flags   Arc   Edge      Cell        Fanout Load Trans Delay Arrival Instance 
#                                                                                       (fF)  (ps)  (ps)   (ps)  Location 
#-------------------------------------------------------------------------------------------------------------------------
  clk_sys                                    (i,u)   -     R     (arrival)         4853  0.0     0     0       0    (-,-) 
  u_core_u_meas_ctrl_row_cnt_q_reg[1][1]/clk <<<     -     R     unmapped_d_flop   4853    -   150     0       0    (-,-) 
#-------------------------------------------------------------------------------------------------------------------------

#-------------------------------------------------------------------------------------------------------------------------------------------
#                      Timing Point                       Flags    Arc    Edge       Cell         Fanout  Load Trans Delay Arrival Instance 
#                                                                                                         (fF)  (ps)  (ps)   (ps)  Location 
#-------------------------------------------------------------------------------------------------------------------------------------------
  u_core_u_meas_ctrl_row_cnt_q_reg[1][1]/clk              -       -       R     (arrival)           4853     -   150     0       0    (-,-) 
  u_core_u_meas_ctrl_row_cnt_q_reg[1][1]/q                (u)     clk->q  R     unmapped_d_flop       13 145.6     0  1637    1637    (-,-) 
  u_core_u_meas_ctrl_csa_tree_SUB_TC_OP_groupi/g583/z     (u)     in_1->z F     unmapped_complex2      1  11.2     0   231    1868    (-,-) 
  u_core_u_meas_ctrl_csa_tree_SUB_TC_OP_groupi/g903/z     (u)     in_0->z R     unmapped_complex2      1  11.2     0   231    2100    (-,-) 
  u_core_u_meas_ctrl_csa_tree_SUB_TC_OP_groupi/g893/z     (u)     in_0->z F     unmapped_nand2         4  44.8     0   373    2472    (-,-) 
  u_core_u_meas_ctrl_csa_tree_SUB_TC_OP_groupi/g1009/z    (u)     in_1->z F     unmapped_complex2      1  11.2     0   231    2704    (-,-) 
  u_core_u_meas_ctrl_csa_tree_SUB_TC_OP_groupi/g852/z     (u)     in_1->z R     unmapped_nand2         2  22.4     0   278    2982    (-,-) 
  u_core_u_meas_ctrl_csa_tree_SUB_TC_OP_groupi/g846/z     (u)     in_0->z R     unmapped_complex2      1  11.2     0   231    3213    (-,-) 
  u_core_u_meas_ctrl_csa_tree_SUB_TC_OP_groupi/g847/z     (u)     in_1->z F     unmapped_nand2         4  44.8     0   373    3586    (-,-) 
  u_core_u_meas_ctrl_csa_tree_SUB_TC_OP_groupi/g819/z     (u)     in_1->z R     unmapped_complex2      1  11.2     0   231    3817    (-,-) 
  u_core_u_meas_ctrl_csa_tree_SUB_TC_OP_groupi/g820/z     (u)     in_1->z F     unmapped_nand2         2  22.4     0   278    4095    (-,-) 
  u_core_u_meas_ctrl_csa_tree_SUB_TC_OP_groupi/g809/z     (u)     in_0->z F     unmapped_complex2      1  11.2     0   231    4326    (-,-) 
  u_core_u_meas_ctrl_csa_tree_SUB_TC_OP_groupi/g810/z     (u)     in_1->z R     unmapped_nand2         3  33.6     0   327    4653    (-,-) 
  u_core_u_meas_ctrl_csa_tree_SUB_TC_OP_groupi/g798/z     (u)     in_1->z R     unmapped_or2           1  11.2     0   231    4884    (-,-) 
  u_core_u_meas_ctrl_csa_tree_SUB_TC_OP_groupi/g794/z     (u)     in_0->z F     unmapped_complex2      1  11.2     0   231    5115    (-,-) 
  u_core_u_meas_ctrl_csa_tree_SUB_TC_OP_groupi/g787/z     (u)     in_0->z F     unmapped_complex2      1  11.2     0   231    5346    (-,-) 
  u_core_u_meas_ctrl_csa_tree_SUB_TC_OP_groupi/g784/z     (u)     in_1->z R     unmapped_nand2         1  11.2     0   231    5578    (-,-) 
  u_core_u_meas_ctrl_csa_tree_SUB_TC_OP_groupi/g1043/z    (u)     in_0->z F     unmapped_complex2      5  56.0     0   417    5994    (-,-) 
  g64578/z                                                (u)     in_0->z F     unmapped_complex2      4  44.8     0   373    6367    (-,-) 
  g62237/z                                                (u)     in_1->z F     unmapped_complex2      1  11.2     0   231    6598    (-,-) 
  g61618/z                                                (u)     in_0->z R     unmapped_nand2         2  22.4     0   278    6876    (-,-) 
  g52055/z                                                (u)     in_0->z F     unmapped_complex2      1  11.2     0   231    7108    (-,-) 
  g51955/z                                                (u)     in_0->z R     unmapped_nand2         1  11.2     0   231    7339    (-,-) 
  u_core_u_ctx_bank_ctx_snapshot_q_reg[1][hit_count][0]/d <<<     -       R     unmapped_d_flop        1     -     -     0    7339    (-,-) 
#-------------------------------------------------------------------------------------------------------------------------------------------

(u) : Net has unmapped pin(s).

Capture clock path:
#----------------------------------------------------------------------------------------------------------------------------------------
#                       Timing Point                        Flags   Arc   Edge      Cell        Fanout Load Trans Delay Arrival Instance 
#                                                                                                      (fF)  (ps)  (ps)   (ps)  Location 
#----------------------------------------------------------------------------------------------------------------------------------------
  clk_sys                                                   (i,u)   -     R     (arrival)         4853  0.0     0     0    6250    (-,-) 
  u_core_u_ctx_bank_ctx_snapshot_q_reg[1][hit_count][0]/clk <<<     -     R     unmapped_d_flop   4853    -   150     0    6250    (-,-) 
#----------------------------------------------------------------------------------------------------------------------------------------



Path 9: VIOLATED (-2076 ps) Setup Check with Pin u_core_u_ctx_bank_ctx_snapshot_q_reg[0][hit_count][3]/clk->d
           View: wc_view
          Group: clk_sys
     Startpoint: (R) u_core_u_meas_ctrl_row_cnt_q_reg[1][1]/clk
          Clock: (R) clk_sys
       Endpoint: (R) u_core_u_ctx_bank_ctx_snapshot_q_reg[0][hit_count][3]/d
          Clock: (R) clk_sys

                     Capture       Launch     
        Clock Edge:+    6250            0     
       Src Latency:+       0            0     
       Net Latency:+       0 (I)        0 (I) 
           Arrival:=    6250            0     
                                              
             Setup:-     687                  
       Uncertainty:-     300                  
     Required Time:=    5263                  
      Launch Clock:-       0                  
         Data Path:-    7339                  
             Slack:=   -2076                  

Launch clock path:
#-------------------------------------------------------------------------------------------------------------------------
#               Timing Point                 Flags   Arc   Edge      Cell        Fanout Load Trans Delay Arrival Instance 
#                                                                                       (fF)  (ps)  (ps)   (ps)  Location 
#-------------------------------------------------------------------------------------------------------------------------
  clk_sys                                    (i,u)   -     R     (arrival)         4853  0.0     0     0       0    (-,-) 
  u_core_u_meas_ctrl_row_cnt_q_reg[1][1]/clk <<<     -     R     unmapped_d_flop   4853    -   150     0       0    (-,-) 
#-------------------------------------------------------------------------------------------------------------------------

#-------------------------------------------------------------------------------------------------------------------------------------------
#                      Timing Point                       Flags    Arc    Edge       Cell         Fanout  Load Trans Delay Arrival Instance 
#                                                                                                         (fF)  (ps)  (ps)   (ps)  Location 
#-------------------------------------------------------------------------------------------------------------------------------------------
  u_core_u_meas_ctrl_row_cnt_q_reg[1][1]/clk              -       -       R     (arrival)           4853     -   150     0       0    (-,-) 
  u_core_u_meas_ctrl_row_cnt_q_reg[1][1]/q                (u)     clk->q  R     unmapped_d_flop       13 145.6     0  1637    1637    (-,-) 
  u_core_u_meas_ctrl_csa_tree_SUB_TC_OP_groupi/g583/z     (u)     in_1->z F     unmapped_complex2      1  11.2     0   231    1868    (-,-) 
  u_core_u_meas_ctrl_csa_tree_SUB_TC_OP_groupi/g903/z     (u)     in_0->z R     unmapped_complex2      1  11.2     0   231    2100    (-,-) 
  u_core_u_meas_ctrl_csa_tree_SUB_TC_OP_groupi/g893/z     (u)     in_0->z F     unmapped_nand2         4  44.8     0   373    2472    (-,-) 
  u_core_u_meas_ctrl_csa_tree_SUB_TC_OP_groupi/g1009/z    (u)     in_1->z F     unmapped_complex2      1  11.2     0   231    2704    (-,-) 
  u_core_u_meas_ctrl_csa_tree_SUB_TC_OP_groupi/g852/z     (u)     in_1->z R     unmapped_nand2         2  22.4     0   278    2982    (-,-) 
  u_core_u_meas_ctrl_csa_tree_SUB_TC_OP_groupi/g846/z     (u)     in_0->z R     unmapped_complex2      1  11.2     0   231    3213    (-,-) 
  u_core_u_meas_ctrl_csa_tree_SUB_TC_OP_groupi/g847/z     (u)     in_1->z F     unmapped_nand2         4  44.8     0   373    3586    (-,-) 
  u_core_u_meas_ctrl_csa_tree_SUB_TC_OP_groupi/g819/z     (u)     in_1->z R     unmapped_complex2      1  11.2     0   231    3817    (-,-) 
  u_core_u_meas_ctrl_csa_tree_SUB_TC_OP_groupi/g820/z     (u)     in_1->z F     unmapped_nand2         2  22.4     0   278    4095    (-,-) 
  u_core_u_meas_ctrl_csa_tree_SUB_TC_OP_groupi/g809/z     (u)     in_0->z F     unmapped_complex2      1  11.2     0   231    4326    (-,-) 
  u_core_u_meas_ctrl_csa_tree_SUB_TC_OP_groupi/g810/z     (u)     in_1->z R     unmapped_nand2         3  33.6     0   327    4653    (-,-) 
  u_core_u_meas_ctrl_csa_tree_SUB_TC_OP_groupi/g798/z     (u)     in_1->z R     unmapped_or2           1  11.2     0   231    4884    (-,-) 
  u_core_u_meas_ctrl_csa_tree_SUB_TC_OP_groupi/g794/z     (u)     in_0->z F     unmapped_complex2      1  11.2     0   231    5115    (-,-) 
  u_core_u_meas_ctrl_csa_tree_SUB_TC_OP_groupi/g787/z     (u)     in_0->z F     unmapped_complex2      1  11.2     0   231    5346    (-,-) 
  u_core_u_meas_ctrl_csa_tree_SUB_TC_OP_groupi/g784/z     (u)     in_1->z R     unmapped_nand2         1  11.2     0   231    5578    (-,-) 
  u_core_u_meas_ctrl_csa_tree_SUB_TC_OP_groupi/g1043/z    (u)     in_0->z F     unmapped_complex2      5  56.0     0   417    5994    (-,-) 
  g64578/z                                                (u)     in_0->z F     unmapped_complex2      4  44.8     0   373    6367    (-,-) 
  g62247/z                                                (u)     in_1->z F     unmapped_complex2      1  11.2     0   231    6598    (-,-) 
  g61824/z                                                (u)     in_1->z R     unmapped_nand2         2  22.4     0   278    6876    (-,-) 
  g52068/z                                                (u)     in_0->z F     unmapped_complex2      1  11.2     0   231    7108    (-,-) 
  g51930/z                                                (u)     in_0->z R     unmapped_nand2         1  11.2     0   231    7339    (-,-) 
  u_core_u_ctx_bank_ctx_snapshot_q_reg[0][hit_count][3]/d <<<     -       R     unmapped_d_flop        1     -     -     0    7339    (-,-) 
#-------------------------------------------------------------------------------------------------------------------------------------------

(u) : Net has unmapped pin(s).

Capture clock path:
#----------------------------------------------------------------------------------------------------------------------------------------
#                       Timing Point                        Flags   Arc   Edge      Cell        Fanout Load Trans Delay Arrival Instance 
#                                                                                                      (fF)  (ps)  (ps)   (ps)  Location 
#----------------------------------------------------------------------------------------------------------------------------------------
  clk_sys                                                   (i,u)   -     R     (arrival)         4853  0.0     0     0    6250    (-,-) 
  u_core_u_ctx_bank_ctx_snapshot_q_reg[0][hit_count][3]/clk <<<     -     R     unmapped_d_flop   4853    -   150     0    6250    (-,-) 
#----------------------------------------------------------------------------------------------------------------------------------------



Path 10: VIOLATED (-2076 ps) Setup Check with Pin u_core_u_ctx_bank_ctx_snapshot_q_reg[0][hit_count][2]/clk->d
           View: wc_view
          Group: clk_sys
     Startpoint: (R) u_core_u_meas_ctrl_row_cnt_q_reg[1][1]/clk
          Clock: (R) clk_sys
       Endpoint: (R) u_core_u_ctx_bank_ctx_snapshot_q_reg[0][hit_count][2]/d
          Clock: (R) clk_sys

                     Capture       Launch     
        Clock Edge:+    6250            0     
       Src Latency:+       0            0     
       Net Latency:+       0 (I)        0 (I) 
           Arrival:=    6250            0     
                                              
             Setup:-     687                  
       Uncertainty:-     300                  
     Required Time:=    5263                  
      Launch Clock:-       0                  
         Data Path:-    7339                  
             Slack:=   -2076                  

Launch clock path:
#-------------------------------------------------------------------------------------------------------------------------
#               Timing Point                 Flags   Arc   Edge      Cell        Fanout Load Trans Delay Arrival Instance 
#                                                                                       (fF)  (ps)  (ps)   (ps)  Location 
#-------------------------------------------------------------------------------------------------------------------------
  clk_sys                                    (i,u)   -     R     (arrival)         4853  0.0     0     0       0    (-,-) 
  u_core_u_meas_ctrl_row_cnt_q_reg[1][1]/clk <<<     -     R     unmapped_d_flop   4853    -   150     0       0    (-,-) 
#-------------------------------------------------------------------------------------------------------------------------

#-------------------------------------------------------------------------------------------------------------------------------------------
#                      Timing Point                       Flags    Arc    Edge       Cell         Fanout  Load Trans Delay Arrival Instance 
#                                                                                                         (fF)  (ps)  (ps)   (ps)  Location 
#-------------------------------------------------------------------------------------------------------------------------------------------
  u_core_u_meas_ctrl_row_cnt_q_reg[1][1]/clk              -       -       R     (arrival)           4853     -   150     0       0    (-,-) 
  u_core_u_meas_ctrl_row_cnt_q_reg[1][1]/q                (u)     clk->q  R     unmapped_d_flop       13 145.6     0  1637    1637    (-,-) 
  u_core_u_meas_ctrl_csa_tree_SUB_TC_OP_groupi/g583/z     (u)     in_1->z F     unmapped_complex2      1  11.2     0   231    1868    (-,-) 
  u_core_u_meas_ctrl_csa_tree_SUB_TC_OP_groupi/g903/z     (u)     in_0->z R     unmapped_complex2      1  11.2     0   231    2100    (-,-) 
  u_core_u_meas_ctrl_csa_tree_SUB_TC_OP_groupi/g893/z     (u)     in_0->z F     unmapped_nand2         4  44.8     0   373    2472    (-,-) 
  u_core_u_meas_ctrl_csa_tree_SUB_TC_OP_groupi/g1009/z    (u)     in_1->z F     unmapped_complex2      1  11.2     0   231    2704    (-,-) 
  u_core_u_meas_ctrl_csa_tree_SUB_TC_OP_groupi/g852/z     (u)     in_1->z R     unmapped_nand2         2  22.4     0   278    2982    (-,-) 
  u_core_u_meas_ctrl_csa_tree_SUB_TC_OP_groupi/g846/z     (u)     in_0->z R     unmapped_complex2      1  11.2     0   231    3213    (-,-) 
  u_core_u_meas_ctrl_csa_tree_SUB_TC_OP_groupi/g847/z     (u)     in_1->z F     unmapped_nand2         4  44.8     0   373    3586    (-,-) 
  u_core_u_meas_ctrl_csa_tree_SUB_TC_OP_groupi/g819/z     (u)     in_1->z R     unmapped_complex2      1  11.2     0   231    3817    (-,-) 
  u_core_u_meas_ctrl_csa_tree_SUB_TC_OP_groupi/g820/z     (u)     in_1->z F     unmapped_nand2         2  22.4     0   278    4095    (-,-) 
  u_core_u_meas_ctrl_csa_tree_SUB_TC_OP_groupi/g809/z     (u)     in_0->z F     unmapped_complex2      1  11.2     0   231    4326    (-,-) 
  u_core_u_meas_ctrl_csa_tree_SUB_TC_OP_groupi/g810/z     (u)     in_1->z R     unmapped_nand2         3  33.6     0   327    4653    (-,-) 
  u_core_u_meas_ctrl_csa_tree_SUB_TC_OP_groupi/g798/z     (u)     in_1->z R     unmapped_or2           1  11.2     0   231    4884    (-,-) 
  u_core_u_meas_ctrl_csa_tree_SUB_TC_OP_groupi/g794/z     (u)     in_0->z F     unmapped_complex2      1  11.2     0   231    5115    (-,-) 
  u_core_u_meas_ctrl_csa_tree_SUB_TC_OP_groupi/g787/z     (u)     in_0->z F     unmapped_complex2      1  11.2     0   231    5346    (-,-) 
  u_core_u_meas_ctrl_csa_tree_SUB_TC_OP_groupi/g784/z     (u)     in_1->z R     unmapped_nand2         1  11.2     0   231    5578    (-,-) 
  u_core_u_meas_ctrl_csa_tree_SUB_TC_OP_groupi/g1043/z    (u)     in_0->z F     unmapped_complex2      5  56.0     0   417    5994    (-,-) 
  g64578/z                                                (u)     in_0->z F     unmapped_complex2      4  44.8     0   373    6367    (-,-) 
  g62242/z                                                (u)     in_1->z F     unmapped_complex2      1  11.2     0   231    6598    (-,-) 
  g61720/z                                                (u)     in_1->z R     unmapped_nand2         2  22.4     0   278    6876    (-,-) 
  g52067/z                                                (u)     in_0->z F     unmapped_complex2      1  11.2     0   231    7108    (-,-) 
  g51933/z                                                (u)     in_0->z R     unmapped_nand2         1  11.2     0   231    7339    (-,-) 
  u_core_u_ctx_bank_ctx_snapshot_q_reg[0][hit_count][2]/d <<<     -       R     unmapped_d_flop        1     -     -     0    7339    (-,-) 
#-------------------------------------------------------------------------------------------------------------------------------------------

(u) : Net has unmapped pin(s).

Capture clock path:
#----------------------------------------------------------------------------------------------------------------------------------------
#                       Timing Point                        Flags   Arc   Edge      Cell        Fanout Load Trans Delay Arrival Instance 
#                                                                                                      (fF)  (ps)  (ps)   (ps)  Location 
#----------------------------------------------------------------------------------------------------------------------------------------
  clk_sys                                                   (i,u)   -     R     (arrival)         4853  0.0     0     0    6250    (-,-) 
  u_core_u_ctx_bank_ctx_snapshot_q_reg[0][hit_count][2]/clk <<<     -     R     unmapped_d_flop   4853    -   150     0    6250    (-,-) 
#----------------------------------------------------------------------------------------------------------------------------------------



Path 11: VIOLATED (-2076 ps) Setup Check with Pin u_core_u_ctx_bank_ctx_snapshot_q_reg[0][hit_count][1]/clk->d
           View: wc_view
          Group: clk_sys
     Startpoint: (R) u_core_u_meas_ctrl_row_cnt_q_reg[1][1]/clk
          Clock: (R) clk_sys
       Endpoint: (R) u_core_u_ctx_bank_ctx_snapshot_q_reg[0][hit_count][1]/d
          Clock: (R) clk_sys

                     Capture       Launch     
        Clock Edge:+    6250            0     
       Src Latency:+       0            0     
       Net Latency:+       0 (I)        0 (I) 
           Arrival:=    6250            0     
                                              
             Setup:-     687                  
       Uncertainty:-     300                  
     Required Time:=    5263                  
      Launch Clock:-       0                  
         Data Path:-    7339                  
             Slack:=   -2076                  

Launch clock path:
#-------------------------------------------------------------------------------------------------------------------------
#               Timing Point                 Flags   Arc   Edge      Cell        Fanout Load Trans Delay Arrival Instance 
#                                                                                       (fF)  (ps)  (ps)   (ps)  Location 
#-------------------------------------------------------------------------------------------------------------------------
  clk_sys                                    (i,u)   -     R     (arrival)         4853  0.0     0     0       0    (-,-) 
  u_core_u_meas_ctrl_row_cnt_q_reg[1][1]/clk <<<     -     R     unmapped_d_flop   4853    -   150     0       0    (-,-) 
#-------------------------------------------------------------------------------------------------------------------------

#-------------------------------------------------------------------------------------------------------------------------------------------
#                      Timing Point                       Flags    Arc    Edge       Cell         Fanout  Load Trans Delay Arrival Instance 
#                                                                                                         (fF)  (ps)  (ps)   (ps)  Location 
#-------------------------------------------------------------------------------------------------------------------------------------------
  u_core_u_meas_ctrl_row_cnt_q_reg[1][1]/clk              -       -       R     (arrival)           4853     -   150     0       0    (-,-) 
  u_core_u_meas_ctrl_row_cnt_q_reg[1][1]/q                (u)     clk->q  R     unmapped_d_flop       13 145.6     0  1637    1637    (-,-) 
  u_core_u_meas_ctrl_csa_tree_SUB_TC_OP_groupi/g583/z     (u)     in_1->z F     unmapped_complex2      1  11.2     0   231    1868    (-,-) 
  u_core_u_meas_ctrl_csa_tree_SUB_TC_OP_groupi/g903/z     (u)     in_0->z R     unmapped_complex2      1  11.2     0   231    2100    (-,-) 
  u_core_u_meas_ctrl_csa_tree_SUB_TC_OP_groupi/g893/z     (u)     in_0->z F     unmapped_nand2         4  44.8     0   373    2472    (-,-) 
  u_core_u_meas_ctrl_csa_tree_SUB_TC_OP_groupi/g1009/z    (u)     in_1->z F     unmapped_complex2      1  11.2     0   231    2704    (-,-) 
  u_core_u_meas_ctrl_csa_tree_SUB_TC_OP_groupi/g852/z     (u)     in_1->z R     unmapped_nand2         2  22.4     0   278    2982    (-,-) 
  u_core_u_meas_ctrl_csa_tree_SUB_TC_OP_groupi/g846/z     (u)     in_0->z R     unmapped_complex2      1  11.2     0   231    3213    (-,-) 
  u_core_u_meas_ctrl_csa_tree_SUB_TC_OP_groupi/g847/z     (u)     in_1->z F     unmapped_nand2         4  44.8     0   373    3586    (-,-) 
  u_core_u_meas_ctrl_csa_tree_SUB_TC_OP_groupi/g819/z     (u)     in_1->z R     unmapped_complex2      1  11.2     0   231    3817    (-,-) 
  u_core_u_meas_ctrl_csa_tree_SUB_TC_OP_groupi/g820/z     (u)     in_1->z F     unmapped_nand2         2  22.4     0   278    4095    (-,-) 
  u_core_u_meas_ctrl_csa_tree_SUB_TC_OP_groupi/g809/z     (u)     in_0->z F     unmapped_complex2      1  11.2     0   231    4326    (-,-) 
  u_core_u_meas_ctrl_csa_tree_SUB_TC_OP_groupi/g810/z     (u)     in_1->z R     unmapped_nand2         3  33.6     0   327    4653    (-,-) 
  u_core_u_meas_ctrl_csa_tree_SUB_TC_OP_groupi/g798/z     (u)     in_1->z R     unmapped_or2           1  11.2     0   231    4884    (-,-) 
  u_core_u_meas_ctrl_csa_tree_SUB_TC_OP_groupi/g794/z     (u)     in_0->z F     unmapped_complex2      1  11.2     0   231    5115    (-,-) 
  u_core_u_meas_ctrl_csa_tree_SUB_TC_OP_groupi/g787/z     (u)     in_0->z F     unmapped_complex2      1  11.2     0   231    5346    (-,-) 
  u_core_u_meas_ctrl_csa_tree_SUB_TC_OP_groupi/g784/z     (u)     in_1->z R     unmapped_nand2         1  11.2     0   231    5578    (-,-) 
  u_core_u_meas_ctrl_csa_tree_SUB_TC_OP_groupi/g1043/z    (u)     in_0->z F     unmapped_complex2      5  56.0     0   417    5994    (-,-) 
  g64578/z                                                (u)     in_0->z F     unmapped_complex2      4  44.8     0   373    6367    (-,-) 
  g62251/z                                                (u)     in_1->z F     unmapped_complex2      1  11.2     0   231    6598    (-,-) 
  g61929/z                                                (u)     in_1->z R     unmapped_nand2         2  22.4     0   278    6876    (-,-) 
  g52070/z                                                (u)     in_0->z F     unmapped_complex2      1  11.2     0   231    7108    (-,-) 
  g51928/z                                                (u)     in_0->z R     unmapped_nand2         1  11.2     0   231    7339    (-,-) 
  u_core_u_ctx_bank_ctx_snapshot_q_reg[0][hit_count][1]/d <<<     -       R     unmapped_d_flop        1     -     -     0    7339    (-,-) 
#-------------------------------------------------------------------------------------------------------------------------------------------

(u) : Net has unmapped pin(s).

Capture clock path:
#----------------------------------------------------------------------------------------------------------------------------------------
#                       Timing Point                        Flags   Arc   Edge      Cell        Fanout Load Trans Delay Arrival Instance 
#                                                                                                      (fF)  (ps)  (ps)   (ps)  Location 
#----------------------------------------------------------------------------------------------------------------------------------------
  clk_sys                                                   (i,u)   -     R     (arrival)         4853  0.0     0     0    6250    (-,-) 
  u_core_u_ctx_bank_ctx_snapshot_q_reg[0][hit_count][1]/clk <<<     -     R     unmapped_d_flop   4853    -   150     0    6250    (-,-) 
#----------------------------------------------------------------------------------------------------------------------------------------



Path 12: VIOLATED (-2076 ps) Setup Check with Pin u_core_u_ctx_bank_ctx_snapshot_q_reg[0][hit_count][0]/clk->d
           View: wc_view
          Group: clk_sys
     Startpoint: (R) u_core_u_meas_ctrl_row_cnt_q_reg[1][1]/clk
          Clock: (R) clk_sys
       Endpoint: (R) u_core_u_ctx_bank_ctx_snapshot_q_reg[0][hit_count][0]/d
          Clock: (R) clk_sys

                     Capture       Launch     
        Clock Edge:+    6250            0     
       Src Latency:+       0            0     
       Net Latency:+       0 (I)        0 (I) 
           Arrival:=    6250            0     
                                              
             Setup:-     687                  
       Uncertainty:-     300                  
     Required Time:=    5263                  
      Launch Clock:-       0                  
         Data Path:-    7339                  
             Slack:=   -2076                  

Launch clock path:
#-------------------------------------------------------------------------------------------------------------------------
#               Timing Point                 Flags   Arc   Edge      Cell        Fanout Load Trans Delay Arrival Instance 
#                                                                                       (fF)  (ps)  (ps)   (ps)  Location 
#-------------------------------------------------------------------------------------------------------------------------
  clk_sys                                    (i,u)   -     R     (arrival)         4853  0.0     0     0       0    (-,-) 
  u_core_u_meas_ctrl_row_cnt_q_reg[1][1]/clk <<<     -     R     unmapped_d_flop   4853    -   150     0       0    (-,-) 
#-------------------------------------------------------------------------------------------------------------------------

#-------------------------------------------------------------------------------------------------------------------------------------------
#                      Timing Point                       Flags    Arc    Edge       Cell         Fanout  Load Trans Delay Arrival Instance 
#                                                                                                         (fF)  (ps)  (ps)   (ps)  Location 
#-------------------------------------------------------------------------------------------------------------------------------------------
  u_core_u_meas_ctrl_row_cnt_q_reg[1][1]/clk              -       -       R     (arrival)           4853     -   150     0       0    (-,-) 
  u_core_u_meas_ctrl_row_cnt_q_reg[1][1]/q                (u)     clk->q  R     unmapped_d_flop       13 145.6     0  1637    1637    (-,-) 
  u_core_u_meas_ctrl_csa_tree_SUB_TC_OP_groupi/g583/z     (u)     in_1->z F     unmapped_complex2      1  11.2     0   231    1868    (-,-) 
  u_core_u_meas_ctrl_csa_tree_SUB_TC_OP_groupi/g903/z     (u)     in_0->z R     unmapped_complex2      1  11.2     0   231    2100    (-,-) 
  u_core_u_meas_ctrl_csa_tree_SUB_TC_OP_groupi/g893/z     (u)     in_0->z F     unmapped_nand2         4  44.8     0   373    2472    (-,-) 
  u_core_u_meas_ctrl_csa_tree_SUB_TC_OP_groupi/g1009/z    (u)     in_1->z F     unmapped_complex2      1  11.2     0   231    2704    (-,-) 
  u_core_u_meas_ctrl_csa_tree_SUB_TC_OP_groupi/g852/z     (u)     in_1->z R     unmapped_nand2         2  22.4     0   278    2982    (-,-) 
  u_core_u_meas_ctrl_csa_tree_SUB_TC_OP_groupi/g846/z     (u)     in_0->z R     unmapped_complex2      1  11.2     0   231    3213    (-,-) 
  u_core_u_meas_ctrl_csa_tree_SUB_TC_OP_groupi/g847/z     (u)     in_1->z F     unmapped_nand2         4  44.8     0   373    3586    (-,-) 
  u_core_u_meas_ctrl_csa_tree_SUB_TC_OP_groupi/g819/z     (u)     in_1->z R     unmapped_complex2      1  11.2     0   231    3817    (-,-) 
  u_core_u_meas_ctrl_csa_tree_SUB_TC_OP_groupi/g820/z     (u)     in_1->z F     unmapped_nand2         2  22.4     0   278    4095    (-,-) 
  u_core_u_meas_ctrl_csa_tree_SUB_TC_OP_groupi/g809/z     (u)     in_0->z F     unmapped_complex2      1  11.2     0   231    4326    (-,-) 
  u_core_u_meas_ctrl_csa_tree_SUB_TC_OP_groupi/g810/z     (u)     in_1->z R     unmapped_nand2         3  33.6     0   327    4653    (-,-) 
  u_core_u_meas_ctrl_csa_tree_SUB_TC_OP_groupi/g798/z     (u)     in_1->z R     unmapped_or2           1  11.2     0   231    4884    (-,-) 
  u_core_u_meas_ctrl_csa_tree_SUB_TC_OP_groupi/g794/z     (u)     in_0->z F     unmapped_complex2      1  11.2     0   231    5115    (-,-) 
  u_core_u_meas_ctrl_csa_tree_SUB_TC_OP_groupi/g787/z     (u)     in_0->z F     unmapped_complex2      1  11.2     0   231    5346    (-,-) 
  u_core_u_meas_ctrl_csa_tree_SUB_TC_OP_groupi/g784/z     (u)     in_1->z R     unmapped_nand2         1  11.2     0   231    5578    (-,-) 
  u_core_u_meas_ctrl_csa_tree_SUB_TC_OP_groupi/g1043/z    (u)     in_0->z F     unmapped_complex2      5  56.0     0   417    5994    (-,-) 
  g64578/z                                                (u)     in_0->z F     unmapped_complex2      4  44.8     0   373    6367    (-,-) 
  g62237/z                                                (u)     in_1->z F     unmapped_complex2      1  11.2     0   231    6598    (-,-) 
  g61618/z                                                (u)     in_0->z R     unmapped_nand2         2  22.4     0   278    6876    (-,-) 
  g52065/z                                                (u)     in_0->z F     unmapped_complex2      1  11.2     0   231    7108    (-,-) 
  g51936/z                                                (u)     in_0->z R     unmapped_nand2         1  11.2     0   231    7339    (-,-) 
  u_core_u_ctx_bank_ctx_snapshot_q_reg[0][hit_count][0]/d <<<     -       R     unmapped_d_flop        1     -     -     0    7339    (-,-) 
#-------------------------------------------------------------------------------------------------------------------------------------------

(u) : Net has unmapped pin(s).

Capture clock path:
#----------------------------------------------------------------------------------------------------------------------------------------
#                       Timing Point                        Flags   Arc   Edge      Cell        Fanout Load Trans Delay Arrival Instance 
#                                                                                                      (fF)  (ps)  (ps)   (ps)  Location 
#----------------------------------------------------------------------------------------------------------------------------------------
  clk_sys                                                   (i,u)   -     R     (arrival)         4853  0.0     0     0    6250    (-,-) 
  u_core_u_ctx_bank_ctx_snapshot_q_reg[0][hit_count][0]/clk <<<     -     R     unmapped_d_flop   4853    -   150     0    6250    (-,-) 
#----------------------------------------------------------------------------------------------------------------------------------------



Path 13: VIOLATED (-1055 ps) Setup Check with Pin u_core_u_ctx_bank_ctx_snapshot_q_reg[1][flags][closed_by_maxhits]/clk->d
           View: wc_view
          Group: clk_sys
     Startpoint: (R) u_core_u_meas_ctrl_row_cnt_q_reg[2][1]/clk
          Clock: (R) clk_sys
       Endpoint: (R) u_core_u_ctx_bank_ctx_snapshot_q_reg[1][flags][closed_by_maxhits]/d
          Clock: (R) clk_sys

                     Capture       Launch     
        Clock Edge:+    6250            0     
       Src Latency:+       0            0     
       Net Latency:+       0 (I)        0 (I) 
           Arrival:=    6250            0     
                                              
             Setup:-     687                  
       Uncertainty:-     300                  
     Required Time:=    5263                  
      Launch Clock:-       0                  
         Data Path:-    6318                  
             Slack:=   -1055                  

Launch clock path:
#-------------------------------------------------------------------------------------------------------------------------
#               Timing Point                 Flags   Arc   Edge      Cell        Fanout Load Trans Delay Arrival Instance 
#                                                                                       (fF)  (ps)  (ps)   (ps)  Location 
#-------------------------------------------------------------------------------------------------------------------------
  clk_sys                                    (i,u)   -     R     (arrival)         4853  0.0     0     0       0    (-,-) 
  u_core_u_meas_ctrl_row_cnt_q_reg[2][1]/clk <<<     -     R     unmapped_d_flop   4853    -   150     0       0    (-,-) 
#-------------------------------------------------------------------------------------------------------------------------

#-------------------------------------------------------------------------------------------------------------------------------------------------------
#                            Timing Point                             Flags    Arc    Edge       Cell         Fanout  Load Trans Delay Arrival Instance 
#                                                                                                                     (fF)  (ps)  (ps)   (ps)  Location 
#-------------------------------------------------------------------------------------------------------------------------------------------------------
  u_core_u_meas_ctrl_row_cnt_q_reg[2][1]/clk                          -       -       R     (arrival)           4853     -   150     0       0    (-,-) 
  u_core_u_meas_ctrl_row_cnt_q_reg[2][1]/q                            (u)     clk->q  F     unmapped_d_flop       13 145.6     0  1637    1637    (-,-) 
  u_core_u_meas_ctrl_csa_tree_SUB_TC_OP_21_groupi/g480/z              (u)     in_1->z F     unmapped_or2           1  11.2     0   231    1868    (-,-) 
  u_core_u_meas_ctrl_csa_tree_SUB_TC_OP_21_groupi/g866/z              (u)     in_0->z R     unmapped_nand2         1  11.2     0   231    2100    (-,-) 
  u_core_u_meas_ctrl_csa_tree_SUB_TC_OP_21_groupi/g810/z              (u)     in_0->z F     unmapped_nand2         4  44.8     0   373    2472    (-,-) 
  u_core_u_meas_ctrl_csa_tree_SUB_TC_OP_21_groupi/g943/z              (u)     in_0->z R     unmapped_complex2      1  11.2     0   231    2704    (-,-) 
  u_core_u_meas_ctrl_csa_tree_SUB_TC_OP_21_groupi/g787/z              (u)     in_1->z F     unmapped_nand2         2  22.4     0   278    2982    (-,-) 
  u_core_u_meas_ctrl_csa_tree_SUB_TC_OP_21_groupi/g759/z              (u)     in_0->z F     unmapped_complex2      1  11.2     0   231    3213    (-,-) 
  u_core_u_meas_ctrl_csa_tree_SUB_TC_OP_21_groupi/g760/z              (u)     in_1->z R     unmapped_nand2         4  44.8     0   373    3586    (-,-) 
  u_core_u_meas_ctrl_csa_tree_SUB_TC_OP_21_groupi/g967/z              (u)     in_1->z R     unmapped_complex2      1  11.2     0   231    3817    (-,-) 
  u_core_u_meas_ctrl_csa_tree_SUB_TC_OP_21_groupi/g727/z              (u)     in_1->z F     unmapped_nand2         2  22.4     0   278    4095    (-,-) 
  u_core_u_meas_ctrl_csa_tree_SUB_TC_OP_21_groupi/g723/z              (u)     in_0->z F     unmapped_complex2      1  11.2     0   231    4326    (-,-) 
  u_core_u_meas_ctrl_csa_tree_SUB_TC_OP_21_groupi/g724/z              (u)     in_1->z R     unmapped_nand2         3  33.6     0   327    4653    (-,-) 
  u_core_u_meas_ctrl_csa_tree_SUB_TC_OP_21_groupi/g703/z              (u)     in_1->z F     unmapped_complex2      1  11.2     0   231    4884    (-,-) 
  u_core_u_meas_ctrl_csa_tree_SUB_TC_OP_21_groupi/g983/z              (u)     in_0->z R     unmapped_complex2      1  11.2     0   231    5115    (-,-) 
  u_core_u_meas_ctrl_csa_tree_SUB_TC_OP_21_groupi/g701/z              (u)     in_1->z F     unmapped_nand2         1  11.2     0   231    5346    (-,-) 
  u_core_u_meas_ctrl_csa_tree_SUB_TC_OP_21_groupi/g985/z              (u)     in_0->z R     unmapped_complex2      1  11.2     0   231    5578    (-,-) 
  u_core_u_meas_ctrl_csa_tree_SUB_TC_OP_21_groupi/g921/z              (u)     in_1->z F     unmapped_complex2      2  22.4     0   278    5856    (-,-) 
  g61996/z                                                            (u)     in_1->z F     unmapped_or2           1  11.2     0   231    6087    (-,-) 
  g52049/z                                                            (u)     in_1->z R     unmapped_nand2         1  11.2     0   231    6318    (-,-) 
  u_core_u_ctx_bank_ctx_snapshot_q_reg[1][flags][closed_by_maxhits]/d <<<     -       R     unmapped_d_flop        1     -     -     0    6318    (-,-) 
#-------------------------------------------------------------------------------------------------------------------------------------------------------

(u) : Net has unmapped pin(s).

Capture clock path:
#----------------------------------------------------------------------------------------------------------------------------------------------------
#                             Timing Point                              Flags   Arc   Edge      Cell        Fanout Load Trans Delay Arrival Instance 
#                                                                                                                  (fF)  (ps)  (ps)   (ps)  Location 
#----------------------------------------------------------------------------------------------------------------------------------------------------
  clk_sys                                                               (i,u)   -     R     (arrival)         4853  0.0     0     0    6250    (-,-) 
  u_core_u_ctx_bank_ctx_snapshot_q_reg[1][flags][closed_by_maxhits]/clk <<<     -     R     unmapped_d_flop   4853    -   150     0    6250    (-,-) 
#----------------------------------------------------------------------------------------------------------------------------------------------------



Path 14: VIOLATED (-1055 ps) Setup Check with Pin u_core_u_ctx_bank_ctx_snapshot_q_reg[0][flags][closed_by_maxhits]/clk->d
           View: wc_view
          Group: clk_sys
     Startpoint: (R) u_core_u_meas_ctrl_row_cnt_q_reg[2][1]/clk
          Clock: (R) clk_sys
       Endpoint: (R) u_core_u_ctx_bank_ctx_snapshot_q_reg[0][flags][closed_by_maxhits]/d
          Clock: (R) clk_sys

                     Capture       Launch     
        Clock Edge:+    6250            0     
       Src Latency:+       0            0     
       Net Latency:+       0 (I)        0 (I) 
           Arrival:=    6250            0     
                                              
             Setup:-     687                  
       Uncertainty:-     300                  
     Required Time:=    5263                  
      Launch Clock:-       0                  
         Data Path:-    6318                  
             Slack:=   -1055                  

Launch clock path:
#-------------------------------------------------------------------------------------------------------------------------
#               Timing Point                 Flags   Arc   Edge      Cell        Fanout Load Trans Delay Arrival Instance 
#                                                                                       (fF)  (ps)  (ps)   (ps)  Location 
#-------------------------------------------------------------------------------------------------------------------------
  clk_sys                                    (i,u)   -     R     (arrival)         4853  0.0     0     0       0    (-,-) 
  u_core_u_meas_ctrl_row_cnt_q_reg[2][1]/clk <<<     -     R     unmapped_d_flop   4853    -   150     0       0    (-,-) 
#-------------------------------------------------------------------------------------------------------------------------

#-------------------------------------------------------------------------------------------------------------------------------------------------------
#                            Timing Point                             Flags    Arc    Edge       Cell         Fanout  Load Trans Delay Arrival Instance 
#                                                                                                                     (fF)  (ps)  (ps)   (ps)  Location 
#-------------------------------------------------------------------------------------------------------------------------------------------------------
  u_core_u_meas_ctrl_row_cnt_q_reg[2][1]/clk                          -       -       R     (arrival)           4853     -   150     0       0    (-,-) 
  u_core_u_meas_ctrl_row_cnt_q_reg[2][1]/q                            (u)     clk->q  F     unmapped_d_flop       13 145.6     0  1637    1637    (-,-) 
  u_core_u_meas_ctrl_csa_tree_SUB_TC_OP_21_groupi/g480/z              (u)     in_1->z F     unmapped_or2           1  11.2     0   231    1868    (-,-) 
  u_core_u_meas_ctrl_csa_tree_SUB_TC_OP_21_groupi/g866/z              (u)     in_0->z R     unmapped_nand2         1  11.2     0   231    2100    (-,-) 
  u_core_u_meas_ctrl_csa_tree_SUB_TC_OP_21_groupi/g810/z              (u)     in_0->z F     unmapped_nand2         4  44.8     0   373    2472    (-,-) 
  u_core_u_meas_ctrl_csa_tree_SUB_TC_OP_21_groupi/g943/z              (u)     in_0->z R     unmapped_complex2      1  11.2     0   231    2704    (-,-) 
  u_core_u_meas_ctrl_csa_tree_SUB_TC_OP_21_groupi/g787/z              (u)     in_1->z F     unmapped_nand2         2  22.4     0   278    2982    (-,-) 
  u_core_u_meas_ctrl_csa_tree_SUB_TC_OP_21_groupi/g759/z              (u)     in_0->z F     unmapped_complex2      1  11.2     0   231    3213    (-,-) 
  u_core_u_meas_ctrl_csa_tree_SUB_TC_OP_21_groupi/g760/z              (u)     in_1->z R     unmapped_nand2         4  44.8     0   373    3586    (-,-) 
  u_core_u_meas_ctrl_csa_tree_SUB_TC_OP_21_groupi/g967/z              (u)     in_1->z R     unmapped_complex2      1  11.2     0   231    3817    (-,-) 
  u_core_u_meas_ctrl_csa_tree_SUB_TC_OP_21_groupi/g727/z              (u)     in_1->z F     unmapped_nand2         2  22.4     0   278    4095    (-,-) 
  u_core_u_meas_ctrl_csa_tree_SUB_TC_OP_21_groupi/g723/z              (u)     in_0->z F     unmapped_complex2      1  11.2     0   231    4326    (-,-) 
  u_core_u_meas_ctrl_csa_tree_SUB_TC_OP_21_groupi/g724/z              (u)     in_1->z R     unmapped_nand2         3  33.6     0   327    4653    (-,-) 
  u_core_u_meas_ctrl_csa_tree_SUB_TC_OP_21_groupi/g703/z              (u)     in_1->z F     unmapped_complex2      1  11.2     0   231    4884    (-,-) 
  u_core_u_meas_ctrl_csa_tree_SUB_TC_OP_21_groupi/g983/z              (u)     in_0->z R     unmapped_complex2      1  11.2     0   231    5115    (-,-) 
  u_core_u_meas_ctrl_csa_tree_SUB_TC_OP_21_groupi/g701/z              (u)     in_1->z F     unmapped_nand2         1  11.2     0   231    5346    (-,-) 
  u_core_u_meas_ctrl_csa_tree_SUB_TC_OP_21_groupi/g985/z              (u)     in_0->z R     unmapped_complex2      1  11.2     0   231    5578    (-,-) 
  u_core_u_meas_ctrl_csa_tree_SUB_TC_OP_21_groupi/g921/z              (u)     in_1->z F     unmapped_complex2      2  22.4     0   278    5856    (-,-) 
  g61354/z                                                            (u)     in_1->z F     unmapped_or2           1  11.2     0   231    6087    (-,-) 
  g52062/z                                                            (u)     in_1->z R     unmapped_nand2         1  11.2     0   231    6318    (-,-) 
  u_core_u_ctx_bank_ctx_snapshot_q_reg[0][flags][closed_by_maxhits]/d <<<     -       R     unmapped_d_flop        1     -     -     0    6318    (-,-) 
#-------------------------------------------------------------------------------------------------------------------------------------------------------

(u) : Net has unmapped pin(s).

Capture clock path:
#----------------------------------------------------------------------------------------------------------------------------------------------------
#                             Timing Point                              Flags   Arc   Edge      Cell        Fanout Load Trans Delay Arrival Instance 
#                                                                                                                  (fF)  (ps)  (ps)   (ps)  Location 
#----------------------------------------------------------------------------------------------------------------------------------------------------
  clk_sys                                                               (i,u)   -     R     (arrival)         4853  0.0     0     0    6250    (-,-) 
  u_core_u_ctx_bank_ctx_snapshot_q_reg[0][flags][closed_by_maxhits]/clk <<<     -     R     unmapped_d_flop   4853    -   150     0    6250    (-,-) 
#----------------------------------------------------------------------------------------------------------------------------------------------------



Path 15: MET (1442 ps) Setup Check with Pin u_core_u_ctx_bank_ctx_snapshot_q_reg[1][stop_slow_phase_disc][2]/clk->d
           View: wc_view
          Group: clk_sys
     Startpoint: (R) u_core_u_meas_ctrl_state_q_reg[1]/clk
          Clock: (R) clk_sys
       Endpoint: (R) u_core_u_ctx_bank_ctx_snapshot_q_reg[1][stop_slow_phase_disc][2]/d
          Clock: (R) clk_sys

                     Capture       Launch     
        Clock Edge:+    6250            0     
       Src Latency:+       0            0     
       Net Latency:+       0 (I)        0 (I) 
           Arrival:=    6250            0     
                                              
             Setup:-     687                  
       Uncertainty:-     300                  
     Required Time:=    5263                  
      Launch Clock:-       0                  
         Data Path:-    3821                  
             Slack:=    1442                  

Launch clock path:
#--------------------------------------------------------------------------------------------------------------------
#             Timing Point              Flags   Arc   Edge      Cell        Fanout Load Trans Delay Arrival Instance 
#                                                                                  (fF)  (ps)  (ps)   (ps)  Location 
#--------------------------------------------------------------------------------------------------------------------
  clk_sys                               (i,u)   -     R     (arrival)         4853  0.0     0     0       0    (-,-) 
  u_core_u_meas_ctrl_state_q_reg[1]/clk <<<     -     R     unmapped_d_flop   4853    -   150     0       0    (-,-) 
#--------------------------------------------------------------------------------------------------------------------

#-----------------------------------------------------------------------------------------------------------------------------------------------------
#                           Timing Point                             Flags    Arc    Edge       Cell         Fanout Load Trans Delay Arrival Instance 
#                                                                                                                   (fF)  (ps)  (ps)   (ps)  Location 
#-----------------------------------------------------------------------------------------------------------------------------------------------------
  u_core_u_meas_ctrl_state_q_reg[1]/clk                              -       -       R     (arrival)           4853    -   150     0       0    (-,-) 
  u_core_u_meas_ctrl_state_q_reg[1]/q                                (u)     clk->q  R     unmapped_d_flop        6 67.2     0  1466    1466    (-,-) 
  g65402/z                                                           (u)     in_1->z F     unmapped_nand2         1 11.2     0   231    1697    (-,-) 
  g65128/z                                                           (u)     in_0->z F     unmapped_complex2      5 56.0     0   417    2114    (-,-) 
  g64899/z                                                           (u)     in_0->z F     unmapped_complex2      3 33.6     0   327    2441    (-,-) 
  g64527/z                                                           (u)     in_1->z F     unmapped_complex2    538 56.0     0   918    3358    (-,-) 
  g62692/z                                                           (u)     in_0->z F     unmapped_complex2      1 11.2     0   231    3590    (-,-) 
  g61712/z                                                           (u)     in_1->z R     unmapped_nand2         1 11.2     0   231    3821    (-,-) 
  u_core_u_ctx_bank_ctx_snapshot_q_reg[1][stop_slow_phase_disc][2]/d <<<     -       R     unmapped_d_flop        1    -     -     0    3821    (-,-) 
#-----------------------------------------------------------------------------------------------------------------------------------------------------

(u) : Net has unmapped pin(s).

Capture clock path:
#---------------------------------------------------------------------------------------------------------------------------------------------------
#                            Timing Point                              Flags   Arc   Edge      Cell        Fanout Load Trans Delay Arrival Instance 
#                                                                                                                 (fF)  (ps)  (ps)   (ps)  Location 
#---------------------------------------------------------------------------------------------------------------------------------------------------
  clk_sys                                                              (i,u)   -     R     (arrival)         4853  0.0     0     0    6250    (-,-) 
  u_core_u_ctx_bank_ctx_snapshot_q_reg[1][stop_slow_phase_disc][2]/clk <<<     -     R     unmapped_d_flop   4853    -   150     0    6250    (-,-) 
#---------------------------------------------------------------------------------------------------------------------------------------------------



Path 16: MET (1442 ps) Setup Check with Pin u_core_u_ctx_bank_ctx_snapshot_q_reg[1][stop_slow_phase_disc][1]/clk->d
           View: wc_view
          Group: clk_sys
     Startpoint: (R) u_core_u_meas_ctrl_state_q_reg[1]/clk
          Clock: (R) clk_sys
       Endpoint: (R) u_core_u_ctx_bank_ctx_snapshot_q_reg[1][stop_slow_phase_disc][1]/d
          Clock: (R) clk_sys

                     Capture       Launch     
        Clock Edge:+    6250            0     
       Src Latency:+       0            0     
       Net Latency:+       0 (I)        0 (I) 
           Arrival:=    6250            0     
                                              
             Setup:-     687                  
       Uncertainty:-     300                  
     Required Time:=    5263                  
      Launch Clock:-       0                  
         Data Path:-    3821                  
             Slack:=    1442                  

Launch clock path:
#--------------------------------------------------------------------------------------------------------------------
#             Timing Point              Flags   Arc   Edge      Cell        Fanout Load Trans Delay Arrival Instance 
#                                                                                  (fF)  (ps)  (ps)   (ps)  Location 
#--------------------------------------------------------------------------------------------------------------------
  clk_sys                               (i,u)   -     R     (arrival)         4853  0.0     0     0       0    (-,-) 
  u_core_u_meas_ctrl_state_q_reg[1]/clk <<<     -     R     unmapped_d_flop   4853    -   150     0       0    (-,-) 
#--------------------------------------------------------------------------------------------------------------------

#-----------------------------------------------------------------------------------------------------------------------------------------------------
#                           Timing Point                             Flags    Arc    Edge       Cell         Fanout Load Trans Delay Arrival Instance 
#                                                                                                                   (fF)  (ps)  (ps)   (ps)  Location 
#-----------------------------------------------------------------------------------------------------------------------------------------------------
  u_core_u_meas_ctrl_state_q_reg[1]/clk                              -       -       R     (arrival)           4853    -   150     0       0    (-,-) 
  u_core_u_meas_ctrl_state_q_reg[1]/q                                (u)     clk->q  R     unmapped_d_flop        6 67.2     0  1466    1466    (-,-) 
  g65402/z                                                           (u)     in_1->z F     unmapped_nand2         1 11.2     0   231    1697    (-,-) 
  g65128/z                                                           (u)     in_0->z F     unmapped_complex2      5 56.0     0   417    2114    (-,-) 
  g64899/z                                                           (u)     in_0->z F     unmapped_complex2      3 33.6     0   327    2441    (-,-) 
  g64527/z                                                           (u)     in_1->z F     unmapped_complex2    538 56.0     0   918    3358    (-,-) 
  g62698/z                                                           (u)     in_0->z F     unmapped_complex2      1 11.2     0   231    3590    (-,-) 
  g61721/z                                                           (u)     in_1->z R     unmapped_nand2         1 11.2     0   231    3821    (-,-) 
  u_core_u_ctx_bank_ctx_snapshot_q_reg[1][stop_slow_phase_disc][1]/d <<<     -       R     unmapped_d_flop        1    -     -     0    3821    (-,-) 
#-----------------------------------------------------------------------------------------------------------------------------------------------------

(u) : Net has unmapped pin(s).

Capture clock path:
#---------------------------------------------------------------------------------------------------------------------------------------------------
#                            Timing Point                              Flags   Arc   Edge      Cell        Fanout Load Trans Delay Arrival Instance 
#                                                                                                                 (fF)  (ps)  (ps)   (ps)  Location 
#---------------------------------------------------------------------------------------------------------------------------------------------------
  clk_sys                                                              (i,u)   -     R     (arrival)         4853  0.0     0     0    6250    (-,-) 
  u_core_u_ctx_bank_ctx_snapshot_q_reg[1][stop_slow_phase_disc][1]/clk <<<     -     R     unmapped_d_flop   4853    -   150     0    6250    (-,-) 
#---------------------------------------------------------------------------------------------------------------------------------------------------



Path 17: MET (1442 ps) Setup Check with Pin u_core_u_ctx_bank_ctx_snapshot_q_reg[1][stop_slow_phase_disc][0]/clk->d
           View: wc_view
          Group: clk_sys
     Startpoint: (R) u_core_u_meas_ctrl_state_q_reg[1]/clk
          Clock: (R) clk_sys
       Endpoint: (R) u_core_u_ctx_bank_ctx_snapshot_q_reg[1][stop_slow_phase_disc][0]/d
          Clock: (R) clk_sys

                     Capture       Launch     
        Clock Edge:+    6250            0     
       Src Latency:+       0            0     
       Net Latency:+       0 (I)        0 (I) 
           Arrival:=    6250            0     
                                              
             Setup:-     687                  
       Uncertainty:-     300                  
     Required Time:=    5263                  
      Launch Clock:-       0                  
         Data Path:-    3821                  
             Slack:=    1442                  

Launch clock path:
#--------------------------------------------------------------------------------------------------------------------
#             Timing Point              Flags   Arc   Edge      Cell        Fanout Load Trans Delay Arrival Instance 
#                                                                                  (fF)  (ps)  (ps)   (ps)  Location 
#--------------------------------------------------------------------------------------------------------------------
  clk_sys                               (i,u)   -     R     (arrival)         4853  0.0     0     0       0    (-,-) 
  u_core_u_meas_ctrl_state_q_reg[1]/clk <<<     -     R     unmapped_d_flop   4853    -   150     0       0    (-,-) 
#--------------------------------------------------------------------------------------------------------------------

#-----------------------------------------------------------------------------------------------------------------------------------------------------
#                           Timing Point                             Flags    Arc    Edge       Cell         Fanout Load Trans Delay Arrival Instance 
#                                                                                                                   (fF)  (ps)  (ps)   (ps)  Location 
#-----------------------------------------------------------------------------------------------------------------------------------------------------
  u_core_u_meas_ctrl_state_q_reg[1]/clk                              -       -       R     (arrival)           4853    -   150     0       0    (-,-) 
  u_core_u_meas_ctrl_state_q_reg[1]/q                                (u)     clk->q  R     unmapped_d_flop        6 67.2     0  1466    1466    (-,-) 
  g65402/z                                                           (u)     in_1->z F     unmapped_nand2         1 11.2     0   231    1697    (-,-) 
  g65128/z                                                           (u)     in_0->z F     unmapped_complex2      5 56.0     0   417    2114    (-,-) 
  g64899/z                                                           (u)     in_0->z F     unmapped_complex2      3 33.6     0   327    2441    (-,-) 
  g64527/z                                                           (u)     in_1->z F     unmapped_complex2    538 56.0     0   918    3358    (-,-) 
  g62704/z                                                           (u)     in_0->z F     unmapped_complex2      1 11.2     0   231    3590    (-,-) 
  g61730/z                                                           (u)     in_1->z R     unmapped_nand2         1 11.2     0   231    3821    (-,-) 
  u_core_u_ctx_bank_ctx_snapshot_q_reg[1][stop_slow_phase_disc][0]/d <<<     -       R     unmapped_d_flop        1    -     -     0    3821    (-,-) 
#-----------------------------------------------------------------------------------------------------------------------------------------------------

(u) : Net has unmapped pin(s).

Capture clock path:
#---------------------------------------------------------------------------------------------------------------------------------------------------
#                            Timing Point                              Flags   Arc   Edge      Cell        Fanout Load Trans Delay Arrival Instance 
#                                                                                                                 (fF)  (ps)  (ps)   (ps)  Location 
#---------------------------------------------------------------------------------------------------------------------------------------------------
  clk_sys                                                              (i,u)   -     R     (arrival)         4853  0.0     0     0    6250    (-,-) 
  u_core_u_ctx_bank_ctx_snapshot_q_reg[1][stop_slow_phase_disc][0]/clk <<<     -     R     unmapped_d_flop   4853    -   150     0    6250    (-,-) 
#---------------------------------------------------------------------------------------------------------------------------------------------------



Path 18: MET (1442 ps) Setup Check with Pin u_core_u_ctx_bank_ctx_snapshot_q_reg[1][slow_boundary_inc]/clk->d
           View: wc_view
          Group: clk_sys
     Startpoint: (R) u_core_u_meas_ctrl_state_q_reg[1]/clk
          Clock: (R) clk_sys
       Endpoint: (R) u_core_u_ctx_bank_ctx_snapshot_q_reg[1][slow_boundary_inc]/d
          Clock: (R) clk_sys

                     Capture       Launch     
        Clock Edge:+    6250            0     
       Src Latency:+       0            0     
       Net Latency:+       0 (I)        0 (I) 
           Arrival:=    6250            0     
                                              
             Setup:-     687                  
       Uncertainty:-     300                  
     Required Time:=    5263                  
      Launch Clock:-       0                  
         Data Path:-    3821                  
             Slack:=    1442                  

Launch clock path:
#--------------------------------------------------------------------------------------------------------------------
#             Timing Point              Flags   Arc   Edge      Cell        Fanout Load Trans Delay Arrival Instance 
#                                                                                  (fF)  (ps)  (ps)   (ps)  Location 
#--------------------------------------------------------------------------------------------------------------------
  clk_sys                               (i,u)   -     R     (arrival)         4853  0.0     0     0       0    (-,-) 
  u_core_u_meas_ctrl_state_q_reg[1]/clk <<<     -     R     unmapped_d_flop   4853    -   150     0       0    (-,-) 
#--------------------------------------------------------------------------------------------------------------------

#-----------------------------------------------------------------------------------------------------------------------------------------------
#                        Timing Point                          Flags    Arc    Edge       Cell         Fanout Load Trans Delay Arrival Instance 
#                                                                                                             (fF)  (ps)  (ps)   (ps)  Location 
#-----------------------------------------------------------------------------------------------------------------------------------------------
  u_core_u_meas_ctrl_state_q_reg[1]/clk                        -       -       R     (arrival)           4853    -   150     0       0    (-,-) 
  u_core_u_meas_ctrl_state_q_reg[1]/q                          (u)     clk->q  R     unmapped_d_flop        6 67.2     0  1466    1466    (-,-) 
  g65402/z                                                     (u)     in_1->z F     unmapped_nand2         1 11.2     0   231    1697    (-,-) 
  g65128/z                                                     (u)     in_0->z F     unmapped_complex2      5 56.0     0   417    2114    (-,-) 
  g64899/z                                                     (u)     in_0->z F     unmapped_complex2      3 33.6     0   327    2441    (-,-) 
  g64527/z                                                     (u)     in_1->z F     unmapped_complex2    538 56.0     0   918    3358    (-,-) 
  g62710/z                                                     (u)     in_0->z F     unmapped_complex2      1 11.2     0   231    3590    (-,-) 
  g61739/z                                                     (u)     in_1->z R     unmapped_nand2         1 11.2     0   231    3821    (-,-) 
  u_core_u_ctx_bank_ctx_snapshot_q_reg[1][slow_boundary_inc]/d <<<     -       R     unmapped_d_flop        1    -     -     0    3821    (-,-) 
#-----------------------------------------------------------------------------------------------------------------------------------------------

(u) : Net has unmapped pin(s).

Capture clock path:
#---------------------------------------------------------------------------------------------------------------------------------------------
#                         Timing Point                           Flags   Arc   Edge      Cell        Fanout Load Trans Delay Arrival Instance 
#                                                                                                           (fF)  (ps)  (ps)   (ps)  Location 
#---------------------------------------------------------------------------------------------------------------------------------------------
  clk_sys                                                        (i,u)   -     R     (arrival)         4853  0.0     0     0    6250    (-,-) 
  u_core_u_ctx_bank_ctx_snapshot_q_reg[1][slow_boundary_inc]/clk <<<     -     R     unmapped_d_flop   4853    -   150     0    6250    (-,-) 
#---------------------------------------------------------------------------------------------------------------------------------------------



Path 19: MET (1442 ps) Setup Check with Pin u_core_u_ctx_bank_ctx_snapshot_q_reg[1][phase0_snap]/clk->d
           View: wc_view
          Group: clk_sys
     Startpoint: (R) u_core_u_meas_ctrl_state_q_reg[1]/clk
          Clock: (R) clk_sys
       Endpoint: (R) u_core_u_ctx_bank_ctx_snapshot_q_reg[1][phase0_snap]/d
          Clock: (R) clk_sys

                     Capture       Launch     
        Clock Edge:+    6250            0     
       Src Latency:+       0            0     
       Net Latency:+       0 (I)        0 (I) 
           Arrival:=    6250            0     
                                              
             Setup:-     687                  
       Uncertainty:-     300                  
     Required Time:=    5263                  
      Launch Clock:-       0                  
         Data Path:-    3821                  
             Slack:=    1442                  

Launch clock path:
#--------------------------------------------------------------------------------------------------------------------
#             Timing Point              Flags   Arc   Edge      Cell        Fanout Load Trans Delay Arrival Instance 
#                                                                                  (fF)  (ps)  (ps)   (ps)  Location 
#--------------------------------------------------------------------------------------------------------------------
  clk_sys                               (i,u)   -     R     (arrival)         4853  0.0     0     0       0    (-,-) 
  u_core_u_meas_ctrl_state_q_reg[1]/clk <<<     -     R     unmapped_d_flop   4853    -   150     0       0    (-,-) 
#--------------------------------------------------------------------------------------------------------------------

#-----------------------------------------------------------------------------------------------------------------------------------------
#                     Timing Point                       Flags    Arc    Edge       Cell         Fanout Load Trans Delay Arrival Instance 
#                                                                                                       (fF)  (ps)  (ps)   (ps)  Location 
#-----------------------------------------------------------------------------------------------------------------------------------------
  u_core_u_meas_ctrl_state_q_reg[1]/clk                  -       -       R     (arrival)           4853    -   150     0       0    (-,-) 
  u_core_u_meas_ctrl_state_q_reg[1]/q                    (u)     clk->q  R     unmapped_d_flop        6 67.2     0  1466    1466    (-,-) 
  g65402/z                                               (u)     in_1->z F     unmapped_nand2         1 11.2     0   231    1697    (-,-) 
  g65128/z                                               (u)     in_0->z F     unmapped_complex2      5 56.0     0   417    2114    (-,-) 
  g64899/z                                               (u)     in_0->z F     unmapped_complex2      3 33.6     0   327    2441    (-,-) 
  g64527/z                                               (u)     in_1->z F     unmapped_complex2    538 56.0     0   918    3358    (-,-) 
  g62716/z                                               (u)     in_0->z F     unmapped_complex2      1 11.2     0   231    3590    (-,-) 
  g61748/z                                               (u)     in_1->z R     unmapped_nand2         1 11.2     0   231    3821    (-,-) 
  u_core_u_ctx_bank_ctx_snapshot_q_reg[1][phase0_snap]/d <<<     -       R     unmapped_d_flop        1    -     -     0    3821    (-,-) 
#-----------------------------------------------------------------------------------------------------------------------------------------

(u) : Net has unmapped pin(s).

Capture clock path:
#---------------------------------------------------------------------------------------------------------------------------------------
#                      Timing Point                        Flags   Arc   Edge      Cell        Fanout Load Trans Delay Arrival Instance 
#                                                                                                     (fF)  (ps)  (ps)   (ps)  Location 
#---------------------------------------------------------------------------------------------------------------------------------------
  clk_sys                                                  (i,u)   -     R     (arrival)         4853  0.0     0     0    6250    (-,-) 
  u_core_u_ctx_bank_ctx_snapshot_q_reg[1][phase0_snap]/clk <<<     -     R     unmapped_d_flop   4853    -   150     0    6250    (-,-) 
#---------------------------------------------------------------------------------------------------------------------------------------



Path 20: MET (1442 ps) Setup Check with Pin u_core_u_ctx_bank_ctx_snapshot_q_reg[1][nslow_snap][6]/clk->d
           View: wc_view
          Group: clk_sys
     Startpoint: (R) u_core_u_meas_ctrl_state_q_reg[1]/clk
          Clock: (R) clk_sys
       Endpoint: (R) u_core_u_ctx_bank_ctx_snapshot_q_reg[1][nslow_snap][6]/d
          Clock: (R) clk_sys

                     Capture       Launch     
        Clock Edge:+    6250            0     
       Src Latency:+       0            0     
       Net Latency:+       0 (I)        0 (I) 
           Arrival:=    6250            0     
                                              
             Setup:-     687                  
       Uncertainty:-     300                  
     Required Time:=    5263                  
      Launch Clock:-       0                  
         Data Path:-    3821                  
             Slack:=    1442                  

Launch clock path:
#--------------------------------------------------------------------------------------------------------------------
#             Timing Point              Flags   Arc   Edge      Cell        Fanout Load Trans Delay Arrival Instance 
#                                                                                  (fF)  (ps)  (ps)   (ps)  Location 
#--------------------------------------------------------------------------------------------------------------------
  clk_sys                               (i,u)   -     R     (arrival)         4853  0.0     0     0       0    (-,-) 
  u_core_u_meas_ctrl_state_q_reg[1]/clk <<<     -     R     unmapped_d_flop   4853    -   150     0       0    (-,-) 
#--------------------------------------------------------------------------------------------------------------------

#-------------------------------------------------------------------------------------------------------------------------------------------
#                      Timing Point                        Flags    Arc    Edge       Cell         Fanout Load Trans Delay Arrival Instance 
#                                                                                                         (fF)  (ps)  (ps)   (ps)  Location 
#-------------------------------------------------------------------------------------------------------------------------------------------
  u_core_u_meas_ctrl_state_q_reg[1]/clk                    -       -       R     (arrival)           4853    -   150     0       0    (-,-) 
  u_core_u_meas_ctrl_state_q_reg[1]/q                      (u)     clk->q  R     unmapped_d_flop        6 67.2     0  1466    1466    (-,-) 
  g65402/z                                                 (u)     in_1->z F     unmapped_nand2         1 11.2     0   231    1697    (-,-) 
  g65128/z                                                 (u)     in_0->z F     unmapped_complex2      5 56.0     0   417    2114    (-,-) 
  g64899/z                                                 (u)     in_0->z F     unmapped_complex2      3 33.6     0   327    2441    (-,-) 
  g64527/z                                                 (u)     in_1->z F     unmapped_complex2    538 56.0     0   918    3358    (-,-) 
  g62722/z                                                 (u)     in_0->z F     unmapped_complex2      1 11.2     0   231    3590    (-,-) 
  g61757/z                                                 (u)     in_1->z R     unmapped_nand2         1 11.2     0   231    3821    (-,-) 
  u_core_u_ctx_bank_ctx_snapshot_q_reg[1][nslow_snap][6]/d <<<     -       R     unmapped_d_flop        1    -     -     0    3821    (-,-) 
#-------------------------------------------------------------------------------------------------------------------------------------------

(u) : Net has unmapped pin(s).

Capture clock path:
#-----------------------------------------------------------------------------------------------------------------------------------------
#                       Timing Point                         Flags   Arc   Edge      Cell        Fanout Load Trans Delay Arrival Instance 
#                                                                                                       (fF)  (ps)  (ps)   (ps)  Location 
#-----------------------------------------------------------------------------------------------------------------------------------------
  clk_sys                                                    (i,u)   -     R     (arrival)         4853  0.0     0     0    6250    (-,-) 
  u_core_u_ctx_bank_ctx_snapshot_q_reg[1][nslow_snap][6]/clk <<<     -     R     unmapped_d_flop   4853    -   150     0    6250    (-,-) 
#-----------------------------------------------------------------------------------------------------------------------------------------



Path 21: MET (1442 ps) Setup Check with Pin u_core_u_ctx_bank_ctx_snapshot_q_reg[1][nslow_snap][5]/clk->d
           View: wc_view
          Group: clk_sys
     Startpoint: (R) u_core_u_meas_ctrl_state_q_reg[1]/clk
          Clock: (R) clk_sys
       Endpoint: (R) u_core_u_ctx_bank_ctx_snapshot_q_reg[1][nslow_snap][5]/d
          Clock: (R) clk_sys

                     Capture       Launch     
        Clock Edge:+    6250            0     
       Src Latency:+       0            0     
       Net Latency:+       0 (I)        0 (I) 
           Arrival:=    6250            0     
                                              
             Setup:-     687                  
       Uncertainty:-     300                  
     Required Time:=    5263                  
      Launch Clock:-       0                  
         Data Path:-    3821                  
             Slack:=    1442                  

Launch clock path:
#--------------------------------------------------------------------------------------------------------------------
#             Timing Point              Flags   Arc   Edge      Cell        Fanout Load Trans Delay Arrival Instance 
#                                                                                  (fF)  (ps)  (ps)   (ps)  Location 
#--------------------------------------------------------------------------------------------------------------------
  clk_sys                               (i,u)   -     R     (arrival)         4853  0.0     0     0       0    (-,-) 
  u_core_u_meas_ctrl_state_q_reg[1]/clk <<<     -     R     unmapped_d_flop   4853    -   150     0       0    (-,-) 
#--------------------------------------------------------------------------------------------------------------------

#-------------------------------------------------------------------------------------------------------------------------------------------
#                      Timing Point                        Flags    Arc    Edge       Cell         Fanout Load Trans Delay Arrival Instance 
#                                                                                                         (fF)  (ps)  (ps)   (ps)  Location 
#-------------------------------------------------------------------------------------------------------------------------------------------
  u_core_u_meas_ctrl_state_q_reg[1]/clk                    -       -       R     (arrival)           4853    -   150     0       0    (-,-) 
  u_core_u_meas_ctrl_state_q_reg[1]/q                      (u)     clk->q  R     unmapped_d_flop        6 67.2     0  1466    1466    (-,-) 
  g65402/z                                                 (u)     in_1->z F     unmapped_nand2         1 11.2     0   231    1697    (-,-) 
  g65128/z                                                 (u)     in_0->z F     unmapped_complex2      5 56.0     0   417    2114    (-,-) 
  g64899/z                                                 (u)     in_0->z F     unmapped_complex2      3 33.6     0   327    2441    (-,-) 
  g64527/z                                                 (u)     in_1->z F     unmapped_complex2    538 56.0     0   918    3358    (-,-) 
  g62728/z                                                 (u)     in_0->z F     unmapped_complex2      1 11.2     0   231    3590    (-,-) 
  g61766/z                                                 (u)     in_1->z R     unmapped_nand2         1 11.2     0   231    3821    (-,-) 
  u_core_u_ctx_bank_ctx_snapshot_q_reg[1][nslow_snap][5]/d <<<     -       R     unmapped_d_flop        1    -     -     0    3821    (-,-) 
#-------------------------------------------------------------------------------------------------------------------------------------------

(u) : Net has unmapped pin(s).

Capture clock path:
#-----------------------------------------------------------------------------------------------------------------------------------------
#                       Timing Point                         Flags   Arc   Edge      Cell        Fanout Load Trans Delay Arrival Instance 
#                                                                                                       (fF)  (ps)  (ps)   (ps)  Location 
#-----------------------------------------------------------------------------------------------------------------------------------------
  clk_sys                                                    (i,u)   -     R     (arrival)         4853  0.0     0     0    6250    (-,-) 
  u_core_u_ctx_bank_ctx_snapshot_q_reg[1][nslow_snap][5]/clk <<<     -     R     unmapped_d_flop   4853    -   150     0    6250    (-,-) 
#-----------------------------------------------------------------------------------------------------------------------------------------



Path 22: MET (1442 ps) Setup Check with Pin u_core_u_ctx_bank_ctx_snapshot_q_reg[1][nslow_snap][4]/clk->d
           View: wc_view
          Group: clk_sys
     Startpoint: (R) u_core_u_meas_ctrl_state_q_reg[1]/clk
          Clock: (R) clk_sys
       Endpoint: (R) u_core_u_ctx_bank_ctx_snapshot_q_reg[1][nslow_snap][4]/d
          Clock: (R) clk_sys

                     Capture       Launch     
        Clock Edge:+    6250            0     
       Src Latency:+       0            0     
       Net Latency:+       0 (I)        0 (I) 
           Arrival:=    6250            0     
                                              
             Setup:-     687                  
       Uncertainty:-     300                  
     Required Time:=    5263                  
      Launch Clock:-       0                  
         Data Path:-    3821                  
             Slack:=    1442                  

Launch clock path:
#--------------------------------------------------------------------------------------------------------------------
#             Timing Point              Flags   Arc   Edge      Cell        Fanout Load Trans Delay Arrival Instance 
#                                                                                  (fF)  (ps)  (ps)   (ps)  Location 
#--------------------------------------------------------------------------------------------------------------------
  clk_sys                               (i,u)   -     R     (arrival)         4853  0.0     0     0       0    (-,-) 
  u_core_u_meas_ctrl_state_q_reg[1]/clk <<<     -     R     unmapped_d_flop   4853    -   150     0       0    (-,-) 
#--------------------------------------------------------------------------------------------------------------------

#-------------------------------------------------------------------------------------------------------------------------------------------
#                      Timing Point                        Flags    Arc    Edge       Cell         Fanout Load Trans Delay Arrival Instance 
#                                                                                                         (fF)  (ps)  (ps)   (ps)  Location 
#-------------------------------------------------------------------------------------------------------------------------------------------
  u_core_u_meas_ctrl_state_q_reg[1]/clk                    -       -       R     (arrival)           4853    -   150     0       0    (-,-) 
  u_core_u_meas_ctrl_state_q_reg[1]/q                      (u)     clk->q  R     unmapped_d_flop        6 67.2     0  1466    1466    (-,-) 
  g65402/z                                                 (u)     in_1->z F     unmapped_nand2         1 11.2     0   231    1697    (-,-) 
  g65128/z                                                 (u)     in_0->z F     unmapped_complex2      5 56.0     0   417    2114    (-,-) 
  g64899/z                                                 (u)     in_0->z F     unmapped_complex2      3 33.6     0   327    2441    (-,-) 
  g64527/z                                                 (u)     in_1->z F     unmapped_complex2    538 56.0     0   918    3358    (-,-) 
  g62734/z                                                 (u)     in_0->z F     unmapped_complex2      1 11.2     0   231    3590    (-,-) 
  g61775/z                                                 (u)     in_1->z R     unmapped_nand2         1 11.2     0   231    3821    (-,-) 
  u_core_u_ctx_bank_ctx_snapshot_q_reg[1][nslow_snap][4]/d <<<     -       R     unmapped_d_flop        1    -     -     0    3821    (-,-) 
#-------------------------------------------------------------------------------------------------------------------------------------------

(u) : Net has unmapped pin(s).

Capture clock path:
#-----------------------------------------------------------------------------------------------------------------------------------------
#                       Timing Point                         Flags   Arc   Edge      Cell        Fanout Load Trans Delay Arrival Instance 
#                                                                                                       (fF)  (ps)  (ps)   (ps)  Location 
#-----------------------------------------------------------------------------------------------------------------------------------------
  clk_sys                                                    (i,u)   -     R     (arrival)         4853  0.0     0     0    6250    (-,-) 
  u_core_u_ctx_bank_ctx_snapshot_q_reg[1][nslow_snap][4]/clk <<<     -     R     unmapped_d_flop   4853    -   150     0    6250    (-,-) 
#-----------------------------------------------------------------------------------------------------------------------------------------



Path 23: MET (1442 ps) Setup Check with Pin u_core_u_ctx_bank_ctx_snapshot_q_reg[1][nslow_snap][3]/clk->d
           View: wc_view
          Group: clk_sys
     Startpoint: (R) u_core_u_meas_ctrl_state_q_reg[1]/clk
          Clock: (R) clk_sys
       Endpoint: (R) u_core_u_ctx_bank_ctx_snapshot_q_reg[1][nslow_snap][3]/d
          Clock: (R) clk_sys

                     Capture       Launch     
        Clock Edge:+    6250            0     
       Src Latency:+       0            0     
       Net Latency:+       0 (I)        0 (I) 
           Arrival:=    6250            0     
                                              
             Setup:-     687                  
       Uncertainty:-     300                  
     Required Time:=    5263                  
      Launch Clock:-       0                  
         Data Path:-    3821                  
             Slack:=    1442                  

Launch clock path:
#--------------------------------------------------------------------------------------------------------------------
#             Timing Point              Flags   Arc   Edge      Cell        Fanout Load Trans Delay Arrival Instance 
#                                                                                  (fF)  (ps)  (ps)   (ps)  Location 
#--------------------------------------------------------------------------------------------------------------------
  clk_sys                               (i,u)   -     R     (arrival)         4853  0.0     0     0       0    (-,-) 
  u_core_u_meas_ctrl_state_q_reg[1]/clk <<<     -     R     unmapped_d_flop   4853    -   150     0       0    (-,-) 
#--------------------------------------------------------------------------------------------------------------------

#-------------------------------------------------------------------------------------------------------------------------------------------
#                      Timing Point                        Flags    Arc    Edge       Cell         Fanout Load Trans Delay Arrival Instance 
#                                                                                                         (fF)  (ps)  (ps)   (ps)  Location 
#-------------------------------------------------------------------------------------------------------------------------------------------
  u_core_u_meas_ctrl_state_q_reg[1]/clk                    -       -       R     (arrival)           4853    -   150     0       0    (-,-) 
  u_core_u_meas_ctrl_state_q_reg[1]/q                      (u)     clk->q  R     unmapped_d_flop        6 67.2     0  1466    1466    (-,-) 
  g65402/z                                                 (u)     in_1->z F     unmapped_nand2         1 11.2     0   231    1697    (-,-) 
  g65128/z                                                 (u)     in_0->z F     unmapped_complex2      5 56.0     0   417    2114    (-,-) 
  g64899/z                                                 (u)     in_0->z F     unmapped_complex2      3 33.6     0   327    2441    (-,-) 
  g64527/z                                                 (u)     in_1->z F     unmapped_complex2    538 56.0     0   918    3358    (-,-) 
  g62740/z                                                 (u)     in_0->z F     unmapped_complex2      1 11.2     0   231    3590    (-,-) 
  g61784/z                                                 (u)     in_1->z R     unmapped_nand2         1 11.2     0   231    3821    (-,-) 
  u_core_u_ctx_bank_ctx_snapshot_q_reg[1][nslow_snap][3]/d <<<     -       R     unmapped_d_flop        1    -     -     0    3821    (-,-) 
#-------------------------------------------------------------------------------------------------------------------------------------------

(u) : Net has unmapped pin(s).

Capture clock path:
#-----------------------------------------------------------------------------------------------------------------------------------------
#                       Timing Point                         Flags   Arc   Edge      Cell        Fanout Load Trans Delay Arrival Instance 
#                                                                                                       (fF)  (ps)  (ps)   (ps)  Location 
#-----------------------------------------------------------------------------------------------------------------------------------------
  clk_sys                                                    (i,u)   -     R     (arrival)         4853  0.0     0     0    6250    (-,-) 
  u_core_u_ctx_bank_ctx_snapshot_q_reg[1][nslow_snap][3]/clk <<<     -     R     unmapped_d_flop   4853    -   150     0    6250    (-,-) 
#-----------------------------------------------------------------------------------------------------------------------------------------



Path 24: MET (1442 ps) Setup Check with Pin u_core_u_ctx_bank_ctx_snapshot_q_reg[1][nslow_snap][2]/clk->d
           View: wc_view
          Group: clk_sys
     Startpoint: (R) u_core_u_meas_ctrl_state_q_reg[1]/clk
          Clock: (R) clk_sys
       Endpoint: (R) u_core_u_ctx_bank_ctx_snapshot_q_reg[1][nslow_snap][2]/d
          Clock: (R) clk_sys

                     Capture       Launch     
        Clock Edge:+    6250            0     
       Src Latency:+       0            0     
       Net Latency:+       0 (I)        0 (I) 
           Arrival:=    6250            0     
                                              
             Setup:-     687                  
       Uncertainty:-     300                  
     Required Time:=    5263                  
      Launch Clock:-       0                  
         Data Path:-    3821                  
             Slack:=    1442                  

Launch clock path:
#--------------------------------------------------------------------------------------------------------------------
#             Timing Point              Flags   Arc   Edge      Cell        Fanout Load Trans Delay Arrival Instance 
#                                                                                  (fF)  (ps)  (ps)   (ps)  Location 
#--------------------------------------------------------------------------------------------------------------------
  clk_sys                               (i,u)   -     R     (arrival)         4853  0.0     0     0       0    (-,-) 
  u_core_u_meas_ctrl_state_q_reg[1]/clk <<<     -     R     unmapped_d_flop   4853    -   150     0       0    (-,-) 
#--------------------------------------------------------------------------------------------------------------------

#-------------------------------------------------------------------------------------------------------------------------------------------
#                      Timing Point                        Flags    Arc    Edge       Cell         Fanout Load Trans Delay Arrival Instance 
#                                                                                                         (fF)  (ps)  (ps)   (ps)  Location 
#-------------------------------------------------------------------------------------------------------------------------------------------
  u_core_u_meas_ctrl_state_q_reg[1]/clk                    -       -       R     (arrival)           4853    -   150     0       0    (-,-) 
  u_core_u_meas_ctrl_state_q_reg[1]/q                      (u)     clk->q  R     unmapped_d_flop        6 67.2     0  1466    1466    (-,-) 
  g65402/z                                                 (u)     in_1->z F     unmapped_nand2         1 11.2     0   231    1697    (-,-) 
  g65128/z                                                 (u)     in_0->z F     unmapped_complex2      5 56.0     0   417    2114    (-,-) 
  g64899/z                                                 (u)     in_0->z F     unmapped_complex2      3 33.6     0   327    2441    (-,-) 
  g64527/z                                                 (u)     in_1->z F     unmapped_complex2    538 56.0     0   918    3358    (-,-) 
  g62746/z                                                 (u)     in_0->z F     unmapped_complex2      1 11.2     0   231    3590    (-,-) 
  g61793/z                                                 (u)     in_1->z R     unmapped_nand2         1 11.2     0   231    3821    (-,-) 
  u_core_u_ctx_bank_ctx_snapshot_q_reg[1][nslow_snap][2]/d <<<     -       R     unmapped_d_flop        1    -     -     0    3821    (-,-) 
#-------------------------------------------------------------------------------------------------------------------------------------------

(u) : Net has unmapped pin(s).

Capture clock path:
#-----------------------------------------------------------------------------------------------------------------------------------------
#                       Timing Point                         Flags   Arc   Edge      Cell        Fanout Load Trans Delay Arrival Instance 
#                                                                                                       (fF)  (ps)  (ps)   (ps)  Location 
#-----------------------------------------------------------------------------------------------------------------------------------------
  clk_sys                                                    (i,u)   -     R     (arrival)         4853  0.0     0     0    6250    (-,-) 
  u_core_u_ctx_bank_ctx_snapshot_q_reg[1][nslow_snap][2]/clk <<<     -     R     unmapped_d_flop   4853    -   150     0    6250    (-,-) 
#-----------------------------------------------------------------------------------------------------------------------------------------



Path 25: MET (1442 ps) Setup Check with Pin u_core_u_ctx_bank_ctx_snapshot_q_reg[1][nslow_snap][1]/clk->d
           View: wc_view
          Group: clk_sys
     Startpoint: (R) u_core_u_meas_ctrl_state_q_reg[1]/clk
          Clock: (R) clk_sys
       Endpoint: (R) u_core_u_ctx_bank_ctx_snapshot_q_reg[1][nslow_snap][1]/d
          Clock: (R) clk_sys

                     Capture       Launch     
        Clock Edge:+    6250            0     
       Src Latency:+       0            0     
       Net Latency:+       0 (I)        0 (I) 
           Arrival:=    6250            0     
                                              
             Setup:-     687                  
       Uncertainty:-     300                  
     Required Time:=    5263                  
      Launch Clock:-       0                  
         Data Path:-    3821                  
             Slack:=    1442                  

Launch clock path:
#--------------------------------------------------------------------------------------------------------------------
#             Timing Point              Flags   Arc   Edge      Cell        Fanout Load Trans Delay Arrival Instance 
#                                                                                  (fF)  (ps)  (ps)   (ps)  Location 
#--------------------------------------------------------------------------------------------------------------------
  clk_sys                               (i,u)   -     R     (arrival)         4853  0.0     0     0       0    (-,-) 
  u_core_u_meas_ctrl_state_q_reg[1]/clk <<<     -     R     unmapped_d_flop   4853    -   150     0       0    (-,-) 
#--------------------------------------------------------------------------------------------------------------------

#-------------------------------------------------------------------------------------------------------------------------------------------
#                      Timing Point                        Flags    Arc    Edge       Cell         Fanout Load Trans Delay Arrival Instance 
#                                                                                                         (fF)  (ps)  (ps)   (ps)  Location 
#-------------------------------------------------------------------------------------------------------------------------------------------
  u_core_u_meas_ctrl_state_q_reg[1]/clk                    -       -       R     (arrival)           4853    -   150     0       0    (-,-) 
  u_core_u_meas_ctrl_state_q_reg[1]/q                      (u)     clk->q  R     unmapped_d_flop        6 67.2     0  1466    1466    (-,-) 
  g65402/z                                                 (u)     in_1->z F     unmapped_nand2         1 11.2     0   231    1697    (-,-) 
  g65128/z                                                 (u)     in_0->z F     unmapped_complex2      5 56.0     0   417    2114    (-,-) 
  g64899/z                                                 (u)     in_0->z F     unmapped_complex2      3 33.6     0   327    2441    (-,-) 
  g64527/z                                                 (u)     in_1->z F     unmapped_complex2    538 56.0     0   918    3358    (-,-) 
  g62752/z                                                 (u)     in_0->z F     unmapped_complex2      1 11.2     0   231    3590    (-,-) 
  g61802/z                                                 (u)     in_1->z R     unmapped_nand2         1 11.2     0   231    3821    (-,-) 
  u_core_u_ctx_bank_ctx_snapshot_q_reg[1][nslow_snap][1]/d <<<     -       R     unmapped_d_flop        1    -     -     0    3821    (-,-) 
#-------------------------------------------------------------------------------------------------------------------------------------------

(u) : Net has unmapped pin(s).

Capture clock path:
#-----------------------------------------------------------------------------------------------------------------------------------------
#                       Timing Point                         Flags   Arc   Edge      Cell        Fanout Load Trans Delay Arrival Instance 
#                                                                                                       (fF)  (ps)  (ps)   (ps)  Location 
#-----------------------------------------------------------------------------------------------------------------------------------------
  clk_sys                                                    (i,u)   -     R     (arrival)         4853  0.0     0     0    6250    (-,-) 
  u_core_u_ctx_bank_ctx_snapshot_q_reg[1][nslow_snap][1]/clk <<<     -     R     unmapped_d_flop   4853    -   150     0    6250    (-,-) 
#-----------------------------------------------------------------------------------------------------------------------------------------



Path 26: MET (1442 ps) Setup Check with Pin u_core_u_ctx_bank_ctx_snapshot_q_reg[1][nslow_snap][0]/clk->d
           View: wc_view
          Group: clk_sys
     Startpoint: (R) u_core_u_meas_ctrl_state_q_reg[1]/clk
          Clock: (R) clk_sys
       Endpoint: (R) u_core_u_ctx_bank_ctx_snapshot_q_reg[1][nslow_snap][0]/d
          Clock: (R) clk_sys

                     Capture       Launch     
        Clock Edge:+    6250            0     
       Src Latency:+       0            0     
       Net Latency:+       0 (I)        0 (I) 
           Arrival:=    6250            0     
                                              
             Setup:-     687                  
       Uncertainty:-     300                  
     Required Time:=    5263                  
      Launch Clock:-       0                  
         Data Path:-    3821                  
             Slack:=    1442                  

Launch clock path:
#--------------------------------------------------------------------------------------------------------------------
#             Timing Point              Flags   Arc   Edge      Cell        Fanout Load Trans Delay Arrival Instance 
#                                                                                  (fF)  (ps)  (ps)   (ps)  Location 
#--------------------------------------------------------------------------------------------------------------------
  clk_sys                               (i,u)   -     R     (arrival)         4853  0.0     0     0       0    (-,-) 
  u_core_u_meas_ctrl_state_q_reg[1]/clk <<<     -     R     unmapped_d_flop   4853    -   150     0       0    (-,-) 
#--------------------------------------------------------------------------------------------------------------------

#-------------------------------------------------------------------------------------------------------------------------------------------
#                      Timing Point                        Flags    Arc    Edge       Cell         Fanout Load Trans Delay Arrival Instance 
#                                                                                                         (fF)  (ps)  (ps)   (ps)  Location 
#-------------------------------------------------------------------------------------------------------------------------------------------
  u_core_u_meas_ctrl_state_q_reg[1]/clk                    -       -       R     (arrival)           4853    -   150     0       0    (-,-) 
  u_core_u_meas_ctrl_state_q_reg[1]/q                      (u)     clk->q  R     unmapped_d_flop        6 67.2     0  1466    1466    (-,-) 
  g65402/z                                                 (u)     in_1->z F     unmapped_nand2         1 11.2     0   231    1697    (-,-) 
  g65128/z                                                 (u)     in_0->z F     unmapped_complex2      5 56.0     0   417    2114    (-,-) 
  g64899/z                                                 (u)     in_0->z F     unmapped_complex2      3 33.6     0   327    2441    (-,-) 
  g64527/z                                                 (u)     in_1->z F     unmapped_complex2    538 56.0     0   918    3358    (-,-) 
  g62758/z                                                 (u)     in_0->z F     unmapped_complex2      1 11.2     0   231    3590    (-,-) 
  g61811/z                                                 (u)     in_1->z R     unmapped_nand2         1 11.2     0   231    3821    (-,-) 
  u_core_u_ctx_bank_ctx_snapshot_q_reg[1][nslow_snap][0]/d <<<     -       R     unmapped_d_flop        1    -     -     0    3821    (-,-) 
#-------------------------------------------------------------------------------------------------------------------------------------------

(u) : Net has unmapped pin(s).

Capture clock path:
#-----------------------------------------------------------------------------------------------------------------------------------------
#                       Timing Point                         Flags   Arc   Edge      Cell        Fanout Load Trans Delay Arrival Instance 
#                                                                                                       (fF)  (ps)  (ps)   (ps)  Location 
#-----------------------------------------------------------------------------------------------------------------------------------------
  clk_sys                                                    (i,u)   -     R     (arrival)         4853  0.0     0     0    6250    (-,-) 
  u_core_u_ctx_bank_ctx_snapshot_q_reg[1][nslow_snap][0]/clk <<<     -     R     unmapped_d_flop   4853    -   150     0    6250    (-,-) 
#-----------------------------------------------------------------------------------------------------------------------------------------



Path 27: MET (1442 ps) Setup Check with Pin u_core_u_ctx_bank_ctx_snapshot_q_reg[1][nfast_snap][6]/clk->d
           View: wc_view
          Group: clk_sys
     Startpoint: (R) u_core_u_meas_ctrl_state_q_reg[1]/clk
          Clock: (R) clk_sys
       Endpoint: (R) u_core_u_ctx_bank_ctx_snapshot_q_reg[1][nfast_snap][6]/d
          Clock: (R) clk_sys

                     Capture       Launch     
        Clock Edge:+    6250            0     
       Src Latency:+       0            0     
       Net Latency:+       0 (I)        0 (I) 
           Arrival:=    6250            0     
                                              
             Setup:-     687                  
       Uncertainty:-     300                  
     Required Time:=    5263                  
      Launch Clock:-       0                  
         Data Path:-    3821                  
             Slack:=    1442                  

Launch clock path:
#--------------------------------------------------------------------------------------------------------------------
#             Timing Point              Flags   Arc   Edge      Cell        Fanout Load Trans Delay Arrival Instance 
#                                                                                  (fF)  (ps)  (ps)   (ps)  Location 
#--------------------------------------------------------------------------------------------------------------------
  clk_sys                               (i,u)   -     R     (arrival)         4853  0.0     0     0       0    (-,-) 
  u_core_u_meas_ctrl_state_q_reg[1]/clk <<<     -     R     unmapped_d_flop   4853    -   150     0       0    (-,-) 
#--------------------------------------------------------------------------------------------------------------------

#-------------------------------------------------------------------------------------------------------------------------------------------
#                      Timing Point                        Flags    Arc    Edge       Cell         Fanout Load Trans Delay Arrival Instance 
#                                                                                                         (fF)  (ps)  (ps)   (ps)  Location 
#-------------------------------------------------------------------------------------------------------------------------------------------
  u_core_u_meas_ctrl_state_q_reg[1]/clk                    -       -       R     (arrival)           4853    -   150     0       0    (-,-) 
  u_core_u_meas_ctrl_state_q_reg[1]/q                      (u)     clk->q  R     unmapped_d_flop        6 67.2     0  1466    1466    (-,-) 
  g65402/z                                                 (u)     in_1->z F     unmapped_nand2         1 11.2     0   231    1697    (-,-) 
  g65128/z                                                 (u)     in_0->z F     unmapped_complex2      5 56.0     0   417    2114    (-,-) 
  g64899/z                                                 (u)     in_0->z F     unmapped_complex2      3 33.6     0   327    2441    (-,-) 
  g64527/z                                                 (u)     in_1->z F     unmapped_complex2    538 56.0     0   918    3358    (-,-) 
  g62764/z                                                 (u)     in_0->z F     unmapped_complex2      1 11.2     0   231    3590    (-,-) 
  g61820/z                                                 (u)     in_1->z R     unmapped_nand2         1 11.2     0   231    3821    (-,-) 
  u_core_u_ctx_bank_ctx_snapshot_q_reg[1][nfast_snap][6]/d <<<     -       R     unmapped_d_flop        1    -     -     0    3821    (-,-) 
#-------------------------------------------------------------------------------------------------------------------------------------------

(u) : Net has unmapped pin(s).

Capture clock path:
#-----------------------------------------------------------------------------------------------------------------------------------------
#                       Timing Point                         Flags   Arc   Edge      Cell        Fanout Load Trans Delay Arrival Instance 
#                                                                                                       (fF)  (ps)  (ps)   (ps)  Location 
#-----------------------------------------------------------------------------------------------------------------------------------------
  clk_sys                                                    (i,u)   -     R     (arrival)         4853  0.0     0     0    6250    (-,-) 
  u_core_u_ctx_bank_ctx_snapshot_q_reg[1][nfast_snap][6]/clk <<<     -     R     unmapped_d_flop   4853    -   150     0    6250    (-,-) 
#-----------------------------------------------------------------------------------------------------------------------------------------



Path 28: MET (1442 ps) Setup Check with Pin u_core_u_ctx_bank_ctx_snapshot_q_reg[1][nfast_snap][5]/clk->d
           View: wc_view
          Group: clk_sys
     Startpoint: (R) u_core_u_meas_ctrl_state_q_reg[1]/clk
          Clock: (R) clk_sys
       Endpoint: (R) u_core_u_ctx_bank_ctx_snapshot_q_reg[1][nfast_snap][5]/d
          Clock: (R) clk_sys

                     Capture       Launch     
        Clock Edge:+    6250            0     
       Src Latency:+       0            0     
       Net Latency:+       0 (I)        0 (I) 
           Arrival:=    6250            0     
                                              
             Setup:-     687                  
       Uncertainty:-     300                  
     Required Time:=    5263                  
      Launch Clock:-       0                  
         Data Path:-    3821                  
             Slack:=    1442                  

Launch clock path:
#--------------------------------------------------------------------------------------------------------------------
#             Timing Point              Flags   Arc   Edge      Cell        Fanout Load Trans Delay Arrival Instance 
#                                                                                  (fF)  (ps)  (ps)   (ps)  Location 
#--------------------------------------------------------------------------------------------------------------------
  clk_sys                               (i,u)   -     R     (arrival)         4853  0.0     0     0       0    (-,-) 
  u_core_u_meas_ctrl_state_q_reg[1]/clk <<<     -     R     unmapped_d_flop   4853    -   150     0       0    (-,-) 
#--------------------------------------------------------------------------------------------------------------------

#-------------------------------------------------------------------------------------------------------------------------------------------
#                      Timing Point                        Flags    Arc    Edge       Cell         Fanout Load Trans Delay Arrival Instance 
#                                                                                                         (fF)  (ps)  (ps)   (ps)  Location 
#-------------------------------------------------------------------------------------------------------------------------------------------
  u_core_u_meas_ctrl_state_q_reg[1]/clk                    -       -       R     (arrival)           4853    -   150     0       0    (-,-) 
  u_core_u_meas_ctrl_state_q_reg[1]/q                      (u)     clk->q  R     unmapped_d_flop        6 67.2     0  1466    1466    (-,-) 
  g65402/z                                                 (u)     in_1->z F     unmapped_nand2         1 11.2     0   231    1697    (-,-) 
  g65128/z                                                 (u)     in_0->z F     unmapped_complex2      5 56.0     0   417    2114    (-,-) 
  g64899/z                                                 (u)     in_0->z F     unmapped_complex2      3 33.6     0   327    2441    (-,-) 
  g64527/z                                                 (u)     in_1->z F     unmapped_complex2    538 56.0     0   918    3358    (-,-) 
  g62770/z                                                 (u)     in_0->z F     unmapped_complex2      1 11.2     0   231    3590    (-,-) 
  g61829/z                                                 (u)     in_1->z R     unmapped_nand2         1 11.2     0   231    3821    (-,-) 
  u_core_u_ctx_bank_ctx_snapshot_q_reg[1][nfast_snap][5]/d <<<     -       R     unmapped_d_flop        1    -     -     0    3821    (-,-) 
#-------------------------------------------------------------------------------------------------------------------------------------------

(u) : Net has unmapped pin(s).

Capture clock path:
#-----------------------------------------------------------------------------------------------------------------------------------------
#                       Timing Point                         Flags   Arc   Edge      Cell        Fanout Load Trans Delay Arrival Instance 
#                                                                                                       (fF)  (ps)  (ps)   (ps)  Location 
#-----------------------------------------------------------------------------------------------------------------------------------------
  clk_sys                                                    (i,u)   -     R     (arrival)         4853  0.0     0     0    6250    (-,-) 
  u_core_u_ctx_bank_ctx_snapshot_q_reg[1][nfast_snap][5]/clk <<<     -     R     unmapped_d_flop   4853    -   150     0    6250    (-,-) 
#-----------------------------------------------------------------------------------------------------------------------------------------



Path 29: MET (1442 ps) Setup Check with Pin u_core_u_ctx_bank_ctx_snapshot_q_reg[1][nfast_snap][4]/clk->d
           View: wc_view
          Group: clk_sys
     Startpoint: (R) u_core_u_meas_ctrl_state_q_reg[1]/clk
          Clock: (R) clk_sys
       Endpoint: (R) u_core_u_ctx_bank_ctx_snapshot_q_reg[1][nfast_snap][4]/d
          Clock: (R) clk_sys

                     Capture       Launch     
        Clock Edge:+    6250            0     
       Src Latency:+       0            0     
       Net Latency:+       0 (I)        0 (I) 
           Arrival:=    6250            0     
                                              
             Setup:-     687                  
       Uncertainty:-     300                  
     Required Time:=    5263                  
      Launch Clock:-       0                  
         Data Path:-    3821                  
             Slack:=    1442                  

Launch clock path:
#--------------------------------------------------------------------------------------------------------------------
#             Timing Point              Flags   Arc   Edge      Cell        Fanout Load Trans Delay Arrival Instance 
#                                                                                  (fF)  (ps)  (ps)   (ps)  Location 
#--------------------------------------------------------------------------------------------------------------------
  clk_sys                               (i,u)   -     R     (arrival)         4853  0.0     0     0       0    (-,-) 
  u_core_u_meas_ctrl_state_q_reg[1]/clk <<<     -     R     unmapped_d_flop   4853    -   150     0       0    (-,-) 
#--------------------------------------------------------------------------------------------------------------------

#-------------------------------------------------------------------------------------------------------------------------------------------
#                      Timing Point                        Flags    Arc    Edge       Cell         Fanout Load Trans Delay Arrival Instance 
#                                                                                                         (fF)  (ps)  (ps)   (ps)  Location 
#-------------------------------------------------------------------------------------------------------------------------------------------
  u_core_u_meas_ctrl_state_q_reg[1]/clk                    -       -       R     (arrival)           4853    -   150     0       0    (-,-) 
  u_core_u_meas_ctrl_state_q_reg[1]/q                      (u)     clk->q  R     unmapped_d_flop        6 67.2     0  1466    1466    (-,-) 
  g65402/z                                                 (u)     in_1->z F     unmapped_nand2         1 11.2     0   231    1697    (-,-) 
  g65128/z                                                 (u)     in_0->z F     unmapped_complex2      5 56.0     0   417    2114    (-,-) 
  g64899/z                                                 (u)     in_0->z F     unmapped_complex2      3 33.6     0   327    2441    (-,-) 
  g64527/z                                                 (u)     in_1->z F     unmapped_complex2    538 56.0     0   918    3358    (-,-) 
  g62776/z                                                 (u)     in_0->z F     unmapped_complex2      1 11.2     0   231    3590    (-,-) 
  g61840/z                                                 (u)     in_1->z R     unmapped_nand2         1 11.2     0   231    3821    (-,-) 
  u_core_u_ctx_bank_ctx_snapshot_q_reg[1][nfast_snap][4]/d <<<     -       R     unmapped_d_flop        1    -     -     0    3821    (-,-) 
#-------------------------------------------------------------------------------------------------------------------------------------------

(u) : Net has unmapped pin(s).

Capture clock path:
#-----------------------------------------------------------------------------------------------------------------------------------------
#                       Timing Point                         Flags   Arc   Edge      Cell        Fanout Load Trans Delay Arrival Instance 
#                                                                                                       (fF)  (ps)  (ps)   (ps)  Location 
#-----------------------------------------------------------------------------------------------------------------------------------------
  clk_sys                                                    (i,u)   -     R     (arrival)         4853  0.0     0     0    6250    (-,-) 
  u_core_u_ctx_bank_ctx_snapshot_q_reg[1][nfast_snap][4]/clk <<<     -     R     unmapped_d_flop   4853    -   150     0    6250    (-,-) 
#-----------------------------------------------------------------------------------------------------------------------------------------



Path 30: MET (1442 ps) Setup Check with Pin u_core_u_ctx_bank_ctx_snapshot_q_reg[1][nfast_snap][3]/clk->d
           View: wc_view
          Group: clk_sys
     Startpoint: (R) u_core_u_meas_ctrl_state_q_reg[1]/clk
          Clock: (R) clk_sys
       Endpoint: (R) u_core_u_ctx_bank_ctx_snapshot_q_reg[1][nfast_snap][3]/d
          Clock: (R) clk_sys

                     Capture       Launch     
        Clock Edge:+    6250            0     
       Src Latency:+       0            0     
       Net Latency:+       0 (I)        0 (I) 
           Arrival:=    6250            0     
                                              
             Setup:-     687                  
       Uncertainty:-     300                  
     Required Time:=    5263                  
      Launch Clock:-       0                  
         Data Path:-    3821                  
             Slack:=    1442                  

Launch clock path:
#--------------------------------------------------------------------------------------------------------------------
#             Timing Point              Flags   Arc   Edge      Cell        Fanout Load Trans Delay Arrival Instance 
#                                                                                  (fF)  (ps)  (ps)   (ps)  Location 
#--------------------------------------------------------------------------------------------------------------------
  clk_sys                               (i,u)   -     R     (arrival)         4853  0.0     0     0       0    (-,-) 
  u_core_u_meas_ctrl_state_q_reg[1]/clk <<<     -     R     unmapped_d_flop   4853    -   150     0       0    (-,-) 
#--------------------------------------------------------------------------------------------------------------------

#-------------------------------------------------------------------------------------------------------------------------------------------
#                      Timing Point                        Flags    Arc    Edge       Cell         Fanout Load Trans Delay Arrival Instance 
#                                                                                                         (fF)  (ps)  (ps)   (ps)  Location 
#-------------------------------------------------------------------------------------------------------------------------------------------
  u_core_u_meas_ctrl_state_q_reg[1]/clk                    -       -       R     (arrival)           4853    -   150     0       0    (-,-) 
  u_core_u_meas_ctrl_state_q_reg[1]/q                      (u)     clk->q  R     unmapped_d_flop        6 67.2     0  1466    1466    (-,-) 
  g65402/z                                                 (u)     in_1->z F     unmapped_nand2         1 11.2     0   231    1697    (-,-) 
  g65128/z                                                 (u)     in_0->z F     unmapped_complex2      5 56.0     0   417    2114    (-,-) 
  g64899/z                                                 (u)     in_0->z F     unmapped_complex2      3 33.6     0   327    2441    (-,-) 
  g64527/z                                                 (u)     in_1->z F     unmapped_complex2    538 56.0     0   918    3358    (-,-) 
  g62782/z                                                 (u)     in_0->z F     unmapped_complex2      1 11.2     0   231    3590    (-,-) 
  g61849/z                                                 (u)     in_1->z R     unmapped_nand2         1 11.2     0   231    3821    (-,-) 
  u_core_u_ctx_bank_ctx_snapshot_q_reg[1][nfast_snap][3]/d <<<     -       R     unmapped_d_flop        1    -     -     0    3821    (-,-) 
#-------------------------------------------------------------------------------------------------------------------------------------------

(u) : Net has unmapped pin(s).

Capture clock path:
#-----------------------------------------------------------------------------------------------------------------------------------------
#                       Timing Point                         Flags   Arc   Edge      Cell        Fanout Load Trans Delay Arrival Instance 
#                                                                                                       (fF)  (ps)  (ps)   (ps)  Location 
#-----------------------------------------------------------------------------------------------------------------------------------------
  clk_sys                                                    (i,u)   -     R     (arrival)         4853  0.0     0     0    6250    (-,-) 
  u_core_u_ctx_bank_ctx_snapshot_q_reg[1][nfast_snap][3]/clk <<<     -     R     unmapped_d_flop   4853    -   150     0    6250    (-,-) 
#-----------------------------------------------------------------------------------------------------------------------------------------



Path 31: MET (1442 ps) Setup Check with Pin u_core_u_ctx_bank_ctx_snapshot_q_reg[1][nfast_snap][2]/clk->d
           View: wc_view
          Group: clk_sys
     Startpoint: (R) u_core_u_meas_ctrl_state_q_reg[1]/clk
          Clock: (R) clk_sys
       Endpoint: (R) u_core_u_ctx_bank_ctx_snapshot_q_reg[1][nfast_snap][2]/d
          Clock: (R) clk_sys

                     Capture       Launch     
        Clock Edge:+    6250            0     
       Src Latency:+       0            0     
       Net Latency:+       0 (I)        0 (I) 
           Arrival:=    6250            0     
                                              
             Setup:-     687                  
       Uncertainty:-     300                  
     Required Time:=    5263                  
      Launch Clock:-       0                  
         Data Path:-    3821                  
             Slack:=    1442                  

Launch clock path:
#--------------------------------------------------------------------------------------------------------------------
#             Timing Point              Flags   Arc   Edge      Cell        Fanout Load Trans Delay Arrival Instance 
#                                                                                  (fF)  (ps)  (ps)   (ps)  Location 
#--------------------------------------------------------------------------------------------------------------------
  clk_sys                               (i,u)   -     R     (arrival)         4853  0.0     0     0       0    (-,-) 
  u_core_u_meas_ctrl_state_q_reg[1]/clk <<<     -     R     unmapped_d_flop   4853    -   150     0       0    (-,-) 
#--------------------------------------------------------------------------------------------------------------------

#-------------------------------------------------------------------------------------------------------------------------------------------
#                      Timing Point                        Flags    Arc    Edge       Cell         Fanout Load Trans Delay Arrival Instance 
#                                                                                                         (fF)  (ps)  (ps)   (ps)  Location 
#-------------------------------------------------------------------------------------------------------------------------------------------
  u_core_u_meas_ctrl_state_q_reg[1]/clk                    -       -       R     (arrival)           4853    -   150     0       0    (-,-) 
  u_core_u_meas_ctrl_state_q_reg[1]/q                      (u)     clk->q  R     unmapped_d_flop        6 67.2     0  1466    1466    (-,-) 
  g65402/z                                                 (u)     in_1->z F     unmapped_nand2         1 11.2     0   231    1697    (-,-) 
  g65128/z                                                 (u)     in_0->z F     unmapped_complex2      5 56.0     0   417    2114    (-,-) 
  g64899/z                                                 (u)     in_0->z F     unmapped_complex2      3 33.6     0   327    2441    (-,-) 
  g64527/z                                                 (u)     in_1->z F     unmapped_complex2    538 56.0     0   918    3358    (-,-) 
  g62788/z                                                 (u)     in_0->z F     unmapped_complex2      1 11.2     0   231    3590    (-,-) 
  g61859/z                                                 (u)     in_1->z R     unmapped_nand2         1 11.2     0   231    3821    (-,-) 
  u_core_u_ctx_bank_ctx_snapshot_q_reg[1][nfast_snap][2]/d <<<     -       R     unmapped_d_flop        1    -     -     0    3821    (-,-) 
#-------------------------------------------------------------------------------------------------------------------------------------------

(u) : Net has unmapped pin(s).

Capture clock path:
#-----------------------------------------------------------------------------------------------------------------------------------------
#                       Timing Point                         Flags   Arc   Edge      Cell        Fanout Load Trans Delay Arrival Instance 
#                                                                                                       (fF)  (ps)  (ps)   (ps)  Location 
#-----------------------------------------------------------------------------------------------------------------------------------------
  clk_sys                                                    (i,u)   -     R     (arrival)         4853  0.0     0     0    6250    (-,-) 
  u_core_u_ctx_bank_ctx_snapshot_q_reg[1][nfast_snap][2]/clk <<<     -     R     unmapped_d_flop   4853    -   150     0    6250    (-,-) 
#-----------------------------------------------------------------------------------------------------------------------------------------



Path 32: MET (1442 ps) Setup Check with Pin u_core_u_ctx_bank_ctx_snapshot_q_reg[1][nfast_snap][1]/clk->d
           View: wc_view
          Group: clk_sys
     Startpoint: (R) u_core_u_meas_ctrl_state_q_reg[1]/clk
          Clock: (R) clk_sys
       Endpoint: (R) u_core_u_ctx_bank_ctx_snapshot_q_reg[1][nfast_snap][1]/d
          Clock: (R) clk_sys

                     Capture       Launch     
        Clock Edge:+    6250            0     
       Src Latency:+       0            0     
       Net Latency:+       0 (I)        0 (I) 
           Arrival:=    6250            0     
                                              
             Setup:-     687                  
       Uncertainty:-     300                  
     Required Time:=    5263                  
      Launch Clock:-       0                  
         Data Path:-    3821                  
             Slack:=    1442                  

Launch clock path:
#--------------------------------------------------------------------------------------------------------------------
#             Timing Point              Flags   Arc   Edge      Cell        Fanout Load Trans Delay Arrival Instance 
#                                                                                  (fF)  (ps)  (ps)   (ps)  Location 
#--------------------------------------------------------------------------------------------------------------------
  clk_sys                               (i,u)   -     R     (arrival)         4853  0.0     0     0       0    (-,-) 
  u_core_u_meas_ctrl_state_q_reg[1]/clk <<<     -     R     unmapped_d_flop   4853    -   150     0       0    (-,-) 
#--------------------------------------------------------------------------------------------------------------------

#-------------------------------------------------------------------------------------------------------------------------------------------
#                      Timing Point                        Flags    Arc    Edge       Cell         Fanout Load Trans Delay Arrival Instance 
#                                                                                                         (fF)  (ps)  (ps)   (ps)  Location 
#-------------------------------------------------------------------------------------------------------------------------------------------
  u_core_u_meas_ctrl_state_q_reg[1]/clk                    -       -       R     (arrival)           4853    -   150     0       0    (-,-) 
  u_core_u_meas_ctrl_state_q_reg[1]/q                      (u)     clk->q  R     unmapped_d_flop        6 67.2     0  1466    1466    (-,-) 
  g65402/z                                                 (u)     in_1->z F     unmapped_nand2         1 11.2     0   231    1697    (-,-) 
  g65128/z                                                 (u)     in_0->z F     unmapped_complex2      5 56.0     0   417    2114    (-,-) 
  g64899/z                                                 (u)     in_0->z F     unmapped_complex2      3 33.6     0   327    2441    (-,-) 
  g64527/z                                                 (u)     in_1->z F     unmapped_complex2    538 56.0     0   918    3358    (-,-) 
  g62794/z                                                 (u)     in_0->z F     unmapped_complex2      1 11.2     0   231    3590    (-,-) 
  g61868/z                                                 (u)     in_1->z R     unmapped_nand2         1 11.2     0   231    3821    (-,-) 
  u_core_u_ctx_bank_ctx_snapshot_q_reg[1][nfast_snap][1]/d <<<     -       R     unmapped_d_flop        1    -     -     0    3821    (-,-) 
#-------------------------------------------------------------------------------------------------------------------------------------------

(u) : Net has unmapped pin(s).

Capture clock path:
#-----------------------------------------------------------------------------------------------------------------------------------------
#                       Timing Point                         Flags   Arc   Edge      Cell        Fanout Load Trans Delay Arrival Instance 
#                                                                                                       (fF)  (ps)  (ps)   (ps)  Location 
#-----------------------------------------------------------------------------------------------------------------------------------------
  clk_sys                                                    (i,u)   -     R     (arrival)         4853  0.0     0     0    6250    (-,-) 
  u_core_u_ctx_bank_ctx_snapshot_q_reg[1][nfast_snap][1]/clk <<<     -     R     unmapped_d_flop   4853    -   150     0    6250    (-,-) 
#-----------------------------------------------------------------------------------------------------------------------------------------



Path 33: MET (1442 ps) Setup Check with Pin u_core_u_ctx_bank_ctx_snapshot_q_reg[1][nfast_snap][0]/clk->d
           View: wc_view
          Group: clk_sys
     Startpoint: (R) u_core_u_meas_ctrl_state_q_reg[1]/clk
          Clock: (R) clk_sys
       Endpoint: (R) u_core_u_ctx_bank_ctx_snapshot_q_reg[1][nfast_snap][0]/d
          Clock: (R) clk_sys

                     Capture       Launch     
        Clock Edge:+    6250            0     
       Src Latency:+       0            0     
       Net Latency:+       0 (I)        0 (I) 
           Arrival:=    6250            0     
                                              
             Setup:-     687                  
       Uncertainty:-     300                  
     Required Time:=    5263                  
      Launch Clock:-       0                  
         Data Path:-    3821                  
             Slack:=    1442                  

Launch clock path:
#--------------------------------------------------------------------------------------------------------------------
#             Timing Point              Flags   Arc   Edge      Cell        Fanout Load Trans Delay Arrival Instance 
#                                                                                  (fF)  (ps)  (ps)   (ps)  Location 
#--------------------------------------------------------------------------------------------------------------------
  clk_sys                               (i,u)   -     R     (arrival)         4853  0.0     0     0       0    (-,-) 
  u_core_u_meas_ctrl_state_q_reg[1]/clk <<<     -     R     unmapped_d_flop   4853    -   150     0       0    (-,-) 
#--------------------------------------------------------------------------------------------------------------------

#-------------------------------------------------------------------------------------------------------------------------------------------
#                      Timing Point                        Flags    Arc    Edge       Cell         Fanout Load Trans Delay Arrival Instance 
#                                                                                                         (fF)  (ps)  (ps)   (ps)  Location 
#-------------------------------------------------------------------------------------------------------------------------------------------
  u_core_u_meas_ctrl_state_q_reg[1]/clk                    -       -       R     (arrival)           4853    -   150     0       0    (-,-) 
  u_core_u_meas_ctrl_state_q_reg[1]/q                      (u)     clk->q  R     unmapped_d_flop        6 67.2     0  1466    1466    (-,-) 
  g65402/z                                                 (u)     in_1->z F     unmapped_nand2         1 11.2     0   231    1697    (-,-) 
  g65128/z                                                 (u)     in_0->z F     unmapped_complex2      5 56.0     0   417    2114    (-,-) 
  g64899/z                                                 (u)     in_0->z F     unmapped_complex2      3 33.6     0   327    2441    (-,-) 
  g64527/z                                                 (u)     in_1->z F     unmapped_complex2    538 56.0     0   918    3358    (-,-) 
  g62800/z                                                 (u)     in_0->z F     unmapped_complex2      1 11.2     0   231    3590    (-,-) 
  g61879/z                                                 (u)     in_1->z R     unmapped_nand2         1 11.2     0   231    3821    (-,-) 
  u_core_u_ctx_bank_ctx_snapshot_q_reg[1][nfast_snap][0]/d <<<     -       R     unmapped_d_flop        1    -     -     0    3821    (-,-) 
#-------------------------------------------------------------------------------------------------------------------------------------------

(u) : Net has unmapped pin(s).

Capture clock path:
#-----------------------------------------------------------------------------------------------------------------------------------------
#                       Timing Point                         Flags   Arc   Edge      Cell        Fanout Load Trans Delay Arrival Instance 
#                                                                                                       (fF)  (ps)  (ps)   (ps)  Location 
#-----------------------------------------------------------------------------------------------------------------------------------------
  clk_sys                                                    (i,u)   -     R     (arrival)         4853  0.0     0     0    6250    (-,-) 
  u_core_u_ctx_bank_ctx_snapshot_q_reg[1][nfast_snap][0]/clk <<<     -     R     unmapped_d_flop   4853    -   150     0    6250    (-,-) 
#-----------------------------------------------------------------------------------------------------------------------------------------



Path 34: MET (1442 ps) Setup Check with Pin u_core_u_ctx_bank_ctx_snapshot_q_reg[1][nfast_hit_packed][447]/clk->d
           View: wc_view
          Group: clk_sys
     Startpoint: (R) u_core_u_meas_ctrl_state_q_reg[1]/clk
          Clock: (R) clk_sys
       Endpoint: (R) u_core_u_ctx_bank_ctx_snapshot_q_reg[1][nfast_hit_packed][447]/d
          Clock: (R) clk_sys

                     Capture       Launch     
        Clock Edge:+    6250            0     
       Src Latency:+       0            0     
       Net Latency:+       0 (I)        0 (I) 
           Arrival:=    6250            0     
                                              
             Setup:-     687                  
       Uncertainty:-     300                  
     Required Time:=    5263                  
      Launch Clock:-       0                  
         Data Path:-    3821                  
             Slack:=    1442                  

Launch clock path:
#--------------------------------------------------------------------------------------------------------------------
#             Timing Point              Flags   Arc   Edge      Cell        Fanout Load Trans Delay Arrival Instance 
#                                                                                  (fF)  (ps)  (ps)   (ps)  Location 
#--------------------------------------------------------------------------------------------------------------------
  clk_sys                               (i,u)   -     R     (arrival)         4853  0.0     0     0       0    (-,-) 
  u_core_u_meas_ctrl_state_q_reg[1]/clk <<<     -     R     unmapped_d_flop   4853    -   150     0       0    (-,-) 
#--------------------------------------------------------------------------------------------------------------------

#---------------------------------------------------------------------------------------------------------------------------------------------------
#                          Timing Point                            Flags    Arc    Edge       Cell         Fanout Load Trans Delay Arrival Instance 
#                                                                                                                 (fF)  (ps)  (ps)   (ps)  Location 
#---------------------------------------------------------------------------------------------------------------------------------------------------
  u_core_u_meas_ctrl_state_q_reg[1]/clk                            -       -       R     (arrival)           4853    -   150     0       0    (-,-) 
  u_core_u_meas_ctrl_state_q_reg[1]/q                              (u)     clk->q  R     unmapped_d_flop        6 67.2     0  1466    1466    (-,-) 
  g65402/z                                                         (u)     in_1->z F     unmapped_nand2         1 11.2     0   231    1697    (-,-) 
  g65128/z                                                         (u)     in_0->z F     unmapped_complex2      5 56.0     0   417    2114    (-,-) 
  g64899/z                                                         (u)     in_0->z F     unmapped_complex2      3 33.6     0   327    2441    (-,-) 
  g64527/z                                                         (u)     in_1->z F     unmapped_complex2    538 56.0     0   918    3358    (-,-) 
  g62806/z                                                         (u)     in_0->z F     unmapped_complex2      1 11.2     0   231    3590    (-,-) 
  g61888/z                                                         (u)     in_1->z R     unmapped_nand2         1 11.2     0   231    3821    (-,-) 
  u_core_u_ctx_bank_ctx_snapshot_q_reg[1][nfast_hit_packed][447]/d <<<     -       R     unmapped_d_flop        1    -     -     0    3821    (-,-) 
#---------------------------------------------------------------------------------------------------------------------------------------------------

(u) : Net has unmapped pin(s).

Capture clock path:
#-------------------------------------------------------------------------------------------------------------------------------------------------
#                           Timing Point                             Flags   Arc   Edge      Cell        Fanout Load Trans Delay Arrival Instance 
#                                                                                                               (fF)  (ps)  (ps)   (ps)  Location 
#-------------------------------------------------------------------------------------------------------------------------------------------------
  clk_sys                                                            (i,u)   -     R     (arrival)         4853  0.0     0     0    6250    (-,-) 
  u_core_u_ctx_bank_ctx_snapshot_q_reg[1][nfast_hit_packed][447]/clk <<<     -     R     unmapped_d_flop   4853    -   150     0    6250    (-,-) 
#-------------------------------------------------------------------------------------------------------------------------------------------------



Path 35: MET (1442 ps) Setup Check with Pin u_core_u_ctx_bank_ctx_snapshot_q_reg[1][nfast_hit_packed][446]/clk->d
           View: wc_view
          Group: clk_sys
     Startpoint: (R) u_core_u_meas_ctrl_state_q_reg[1]/clk
          Clock: (R) clk_sys
       Endpoint: (R) u_core_u_ctx_bank_ctx_snapshot_q_reg[1][nfast_hit_packed][446]/d
          Clock: (R) clk_sys

                     Capture       Launch     
        Clock Edge:+    6250            0     
       Src Latency:+       0            0     
       Net Latency:+       0 (I)        0 (I) 
           Arrival:=    6250            0     
                                              
             Setup:-     687                  
       Uncertainty:-     300                  
     Required Time:=    5263                  
      Launch Clock:-       0                  
         Data Path:-    3821                  
             Slack:=    1442                  

Launch clock path:
#--------------------------------------------------------------------------------------------------------------------
#             Timing Point              Flags   Arc   Edge      Cell        Fanout Load Trans Delay Arrival Instance 
#                                                                                  (fF)  (ps)  (ps)   (ps)  Location 
#--------------------------------------------------------------------------------------------------------------------
  clk_sys                               (i,u)   -     R     (arrival)         4853  0.0     0     0       0    (-,-) 
  u_core_u_meas_ctrl_state_q_reg[1]/clk <<<     -     R     unmapped_d_flop   4853    -   150     0       0    (-,-) 
#--------------------------------------------------------------------------------------------------------------------

#---------------------------------------------------------------------------------------------------------------------------------------------------
#                          Timing Point                            Flags    Arc    Edge       Cell         Fanout Load Trans Delay Arrival Instance 
#                                                                                                                 (fF)  (ps)  (ps)   (ps)  Location 
#---------------------------------------------------------------------------------------------------------------------------------------------------
  u_core_u_meas_ctrl_state_q_reg[1]/clk                            -       -       R     (arrival)           4853    -   150     0       0    (-,-) 
  u_core_u_meas_ctrl_state_q_reg[1]/q                              (u)     clk->q  R     unmapped_d_flop        6 67.2     0  1466    1466    (-,-) 
  g65402/z                                                         (u)     in_1->z F     unmapped_nand2         1 11.2     0   231    1697    (-,-) 
  g65128/z                                                         (u)     in_0->z F     unmapped_complex2      5 56.0     0   417    2114    (-,-) 
  g64899/z                                                         (u)     in_0->z F     unmapped_complex2      3 33.6     0   327    2441    (-,-) 
  g64527/z                                                         (u)     in_1->z F     unmapped_complex2    538 56.0     0   918    3358    (-,-) 
  g62812/z                                                         (u)     in_0->z F     unmapped_complex2      1 11.2     0   231    3590    (-,-) 
  g61898/z                                                         (u)     in_1->z R     unmapped_nand2         1 11.2     0   231    3821    (-,-) 
  u_core_u_ctx_bank_ctx_snapshot_q_reg[1][nfast_hit_packed][446]/d <<<     -       R     unmapped_d_flop        1    -     -     0    3821    (-,-) 
#---------------------------------------------------------------------------------------------------------------------------------------------------

(u) : Net has unmapped pin(s).

Capture clock path:
#-------------------------------------------------------------------------------------------------------------------------------------------------
#                           Timing Point                             Flags   Arc   Edge      Cell        Fanout Load Trans Delay Arrival Instance 
#                                                                                                               (fF)  (ps)  (ps)   (ps)  Location 
#-------------------------------------------------------------------------------------------------------------------------------------------------
  clk_sys                                                            (i,u)   -     R     (arrival)         4853  0.0     0     0    6250    (-,-) 
  u_core_u_ctx_bank_ctx_snapshot_q_reg[1][nfast_hit_packed][446]/clk <<<     -     R     unmapped_d_flop   4853    -   150     0    6250    (-,-) 
#-------------------------------------------------------------------------------------------------------------------------------------------------



Path 36: MET (1442 ps) Setup Check with Pin u_core_u_ctx_bank_ctx_snapshot_q_reg[1][nfast_hit_packed][445]/clk->d
           View: wc_view
          Group: clk_sys
     Startpoint: (R) u_core_u_meas_ctrl_state_q_reg[1]/clk
          Clock: (R) clk_sys
       Endpoint: (R) u_core_u_ctx_bank_ctx_snapshot_q_reg[1][nfast_hit_packed][445]/d
          Clock: (R) clk_sys

                     Capture       Launch     
        Clock Edge:+    6250            0     
       Src Latency:+       0            0     
       Net Latency:+       0 (I)        0 (I) 
           Arrival:=    6250            0     
                                              
             Setup:-     687                  
       Uncertainty:-     300                  
     Required Time:=    5263                  
      Launch Clock:-       0                  
         Data Path:-    3821                  
             Slack:=    1442                  

Launch clock path:
#--------------------------------------------------------------------------------------------------------------------
#             Timing Point              Flags   Arc   Edge      Cell        Fanout Load Trans Delay Arrival Instance 
#                                                                                  (fF)  (ps)  (ps)   (ps)  Location 
#--------------------------------------------------------------------------------------------------------------------
  clk_sys                               (i,u)   -     R     (arrival)         4853  0.0     0     0       0    (-,-) 
  u_core_u_meas_ctrl_state_q_reg[1]/clk <<<     -     R     unmapped_d_flop   4853    -   150     0       0    (-,-) 
#--------------------------------------------------------------------------------------------------------------------

#---------------------------------------------------------------------------------------------------------------------------------------------------
#                          Timing Point                            Flags    Arc    Edge       Cell         Fanout Load Trans Delay Arrival Instance 
#                                                                                                                 (fF)  (ps)  (ps)   (ps)  Location 
#---------------------------------------------------------------------------------------------------------------------------------------------------
  u_core_u_meas_ctrl_state_q_reg[1]/clk                            -       -       R     (arrival)           4853    -   150     0       0    (-,-) 
  u_core_u_meas_ctrl_state_q_reg[1]/q                              (u)     clk->q  R     unmapped_d_flop        6 67.2     0  1466    1466    (-,-) 
  g65402/z                                                         (u)     in_1->z F     unmapped_nand2         1 11.2     0   231    1697    (-,-) 
  g65128/z                                                         (u)     in_0->z F     unmapped_complex2      5 56.0     0   417    2114    (-,-) 
  g64899/z                                                         (u)     in_0->z F     unmapped_complex2      3 33.6     0   327    2441    (-,-) 
  g64527/z                                                         (u)     in_1->z F     unmapped_complex2    538 56.0     0   918    3358    (-,-) 
  g62818/z                                                         (u)     in_0->z F     unmapped_complex2      1 11.2     0   231    3590    (-,-) 
  g61907/z                                                         (u)     in_1->z R     unmapped_nand2         1 11.2     0   231    3821    (-,-) 
  u_core_u_ctx_bank_ctx_snapshot_q_reg[1][nfast_hit_packed][445]/d <<<     -       R     unmapped_d_flop        1    -     -     0    3821    (-,-) 
#---------------------------------------------------------------------------------------------------------------------------------------------------

(u) : Net has unmapped pin(s).

Capture clock path:
#-------------------------------------------------------------------------------------------------------------------------------------------------
#                           Timing Point                             Flags   Arc   Edge      Cell        Fanout Load Trans Delay Arrival Instance 
#                                                                                                               (fF)  (ps)  (ps)   (ps)  Location 
#-------------------------------------------------------------------------------------------------------------------------------------------------
  clk_sys                                                            (i,u)   -     R     (arrival)         4853  0.0     0     0    6250    (-,-) 
  u_core_u_ctx_bank_ctx_snapshot_q_reg[1][nfast_hit_packed][445]/clk <<<     -     R     unmapped_d_flop   4853    -   150     0    6250    (-,-) 
#-------------------------------------------------------------------------------------------------------------------------------------------------



Path 37: MET (1442 ps) Setup Check with Pin u_core_u_ctx_bank_ctx_snapshot_q_reg[1][nfast_hit_packed][444]/clk->d
           View: wc_view
          Group: clk_sys
     Startpoint: (R) u_core_u_meas_ctrl_state_q_reg[1]/clk
          Clock: (R) clk_sys
       Endpoint: (R) u_core_u_ctx_bank_ctx_snapshot_q_reg[1][nfast_hit_packed][444]/d
          Clock: (R) clk_sys

                     Capture       Launch     
        Clock Edge:+    6250            0     
       Src Latency:+       0            0     
       Net Latency:+       0 (I)        0 (I) 
           Arrival:=    6250            0     
                                              
             Setup:-     687                  
       Uncertainty:-     300                  
     Required Time:=    5263                  
      Launch Clock:-       0                  
         Data Path:-    3821                  
             Slack:=    1442                  

Launch clock path:
#--------------------------------------------------------------------------------------------------------------------
#             Timing Point              Flags   Arc   Edge      Cell        Fanout Load Trans Delay Arrival Instance 
#                                                                                  (fF)  (ps)  (ps)   (ps)  Location 
#--------------------------------------------------------------------------------------------------------------------
  clk_sys                               (i,u)   -     R     (arrival)         4853  0.0     0     0       0    (-,-) 
  u_core_u_meas_ctrl_state_q_reg[1]/clk <<<     -     R     unmapped_d_flop   4853    -   150     0       0    (-,-) 
#--------------------------------------------------------------------------------------------------------------------

#---------------------------------------------------------------------------------------------------------------------------------------------------
#                          Timing Point                            Flags    Arc    Edge       Cell         Fanout Load Trans Delay Arrival Instance 
#                                                                                                                 (fF)  (ps)  (ps)   (ps)  Location 
#---------------------------------------------------------------------------------------------------------------------------------------------------
  u_core_u_meas_ctrl_state_q_reg[1]/clk                            -       -       R     (arrival)           4853    -   150     0       0    (-,-) 
  u_core_u_meas_ctrl_state_q_reg[1]/q                              (u)     clk->q  R     unmapped_d_flop        6 67.2     0  1466    1466    (-,-) 
  g65402/z                                                         (u)     in_1->z F     unmapped_nand2         1 11.2     0   231    1697    (-,-) 
  g65128/z                                                         (u)     in_0->z F     unmapped_complex2      5 56.0     0   417    2114    (-,-) 
  g64899/z                                                         (u)     in_0->z F     unmapped_complex2      3 33.6     0   327    2441    (-,-) 
  g64527/z                                                         (u)     in_1->z F     unmapped_complex2    538 56.0     0   918    3358    (-,-) 
  g62824/z                                                         (u)     in_0->z F     unmapped_complex2      1 11.2     0   231    3590    (-,-) 
  g61916/z                                                         (u)     in_1->z R     unmapped_nand2         1 11.2     0   231    3821    (-,-) 
  u_core_u_ctx_bank_ctx_snapshot_q_reg[1][nfast_hit_packed][444]/d <<<     -       R     unmapped_d_flop        1    -     -     0    3821    (-,-) 
#---------------------------------------------------------------------------------------------------------------------------------------------------

(u) : Net has unmapped pin(s).

Capture clock path:
#-------------------------------------------------------------------------------------------------------------------------------------------------
#                           Timing Point                             Flags   Arc   Edge      Cell        Fanout Load Trans Delay Arrival Instance 
#                                                                                                               (fF)  (ps)  (ps)   (ps)  Location 
#-------------------------------------------------------------------------------------------------------------------------------------------------
  clk_sys                                                            (i,u)   -     R     (arrival)         4853  0.0     0     0    6250    (-,-) 
  u_core_u_ctx_bank_ctx_snapshot_q_reg[1][nfast_hit_packed][444]/clk <<<     -     R     unmapped_d_flop   4853    -   150     0    6250    (-,-) 
#-------------------------------------------------------------------------------------------------------------------------------------------------



Path 38: MET (1442 ps) Setup Check with Pin u_core_u_ctx_bank_ctx_snapshot_q_reg[1][nfast_hit_packed][443]/clk->d
           View: wc_view
          Group: clk_sys
     Startpoint: (R) u_core_u_meas_ctrl_state_q_reg[1]/clk
          Clock: (R) clk_sys
       Endpoint: (R) u_core_u_ctx_bank_ctx_snapshot_q_reg[1][nfast_hit_packed][443]/d
          Clock: (R) clk_sys

                     Capture       Launch     
        Clock Edge:+    6250            0     
       Src Latency:+       0            0     
       Net Latency:+       0 (I)        0 (I) 
           Arrival:=    6250            0     
                                              
             Setup:-     687                  
       Uncertainty:-     300                  
     Required Time:=    5263                  
      Launch Clock:-       0                  
         Data Path:-    3821                  
             Slack:=    1442                  

Launch clock path:
#--------------------------------------------------------------------------------------------------------------------
#             Timing Point              Flags   Arc   Edge      Cell        Fanout Load Trans Delay Arrival Instance 
#                                                                                  (fF)  (ps)  (ps)   (ps)  Location 
#--------------------------------------------------------------------------------------------------------------------
  clk_sys                               (i,u)   -     R     (arrival)         4853  0.0     0     0       0    (-,-) 
  u_core_u_meas_ctrl_state_q_reg[1]/clk <<<     -     R     unmapped_d_flop   4853    -   150     0       0    (-,-) 
#--------------------------------------------------------------------------------------------------------------------

#---------------------------------------------------------------------------------------------------------------------------------------------------
#                          Timing Point                            Flags    Arc    Edge       Cell         Fanout Load Trans Delay Arrival Instance 
#                                                                                                                 (fF)  (ps)  (ps)   (ps)  Location 
#---------------------------------------------------------------------------------------------------------------------------------------------------
  u_core_u_meas_ctrl_state_q_reg[1]/clk                            -       -       R     (arrival)           4853    -   150     0       0    (-,-) 
  u_core_u_meas_ctrl_state_q_reg[1]/q                              (u)     clk->q  R     unmapped_d_flop        6 67.2     0  1466    1466    (-,-) 
  g65402/z                                                         (u)     in_1->z F     unmapped_nand2         1 11.2     0   231    1697    (-,-) 
  g65128/z                                                         (u)     in_0->z F     unmapped_complex2      5 56.0     0   417    2114    (-,-) 
  g64899/z                                                         (u)     in_0->z F     unmapped_complex2      3 33.6     0   327    2441    (-,-) 
  g64527/z                                                         (u)     in_1->z F     unmapped_complex2    538 56.0     0   918    3358    (-,-) 
  g62830/z                                                         (u)     in_0->z F     unmapped_complex2      1 11.2     0   231    3590    (-,-) 
  g61925/z                                                         (u)     in_1->z R     unmapped_nand2         1 11.2     0   231    3821    (-,-) 
  u_core_u_ctx_bank_ctx_snapshot_q_reg[1][nfast_hit_packed][443]/d <<<     -       R     unmapped_d_flop        1    -     -     0    3821    (-,-) 
#---------------------------------------------------------------------------------------------------------------------------------------------------

(u) : Net has unmapped pin(s).

Capture clock path:
#-------------------------------------------------------------------------------------------------------------------------------------------------
#                           Timing Point                             Flags   Arc   Edge      Cell        Fanout Load Trans Delay Arrival Instance 
#                                                                                                               (fF)  (ps)  (ps)   (ps)  Location 
#-------------------------------------------------------------------------------------------------------------------------------------------------
  clk_sys                                                            (i,u)   -     R     (arrival)         4853  0.0     0     0    6250    (-,-) 
  u_core_u_ctx_bank_ctx_snapshot_q_reg[1][nfast_hit_packed][443]/clk <<<     -     R     unmapped_d_flop   4853    -   150     0    6250    (-,-) 
#-------------------------------------------------------------------------------------------------------------------------------------------------



Path 39: MET (1442 ps) Setup Check with Pin u_core_u_ctx_bank_ctx_snapshot_q_reg[1][nfast_hit_packed][442]/clk->d
           View: wc_view
          Group: clk_sys
     Startpoint: (R) u_core_u_meas_ctrl_state_q_reg[1]/clk
          Clock: (R) clk_sys
       Endpoint: (R) u_core_u_ctx_bank_ctx_snapshot_q_reg[1][nfast_hit_packed][442]/d
          Clock: (R) clk_sys

                     Capture       Launch     
        Clock Edge:+    6250            0     
       Src Latency:+       0            0     
       Net Latency:+       0 (I)        0 (I) 
           Arrival:=    6250            0     
                                              
             Setup:-     687                  
       Uncertainty:-     300                  
     Required Time:=    5263                  
      Launch Clock:-       0                  
         Data Path:-    3821                  
             Slack:=    1442                  

Launch clock path:
#--------------------------------------------------------------------------------------------------------------------
#             Timing Point              Flags   Arc   Edge      Cell        Fanout Load Trans Delay Arrival Instance 
#                                                                                  (fF)  (ps)  (ps)   (ps)  Location 
#--------------------------------------------------------------------------------------------------------------------
  clk_sys                               (i,u)   -     R     (arrival)         4853  0.0     0     0       0    (-,-) 
  u_core_u_meas_ctrl_state_q_reg[1]/clk <<<     -     R     unmapped_d_flop   4853    -   150     0       0    (-,-) 
#--------------------------------------------------------------------------------------------------------------------

#---------------------------------------------------------------------------------------------------------------------------------------------------
#                          Timing Point                            Flags    Arc    Edge       Cell         Fanout Load Trans Delay Arrival Instance 
#                                                                                                                 (fF)  (ps)  (ps)   (ps)  Location 
#---------------------------------------------------------------------------------------------------------------------------------------------------
  u_core_u_meas_ctrl_state_q_reg[1]/clk                            -       -       R     (arrival)           4853    -   150     0       0    (-,-) 
  u_core_u_meas_ctrl_state_q_reg[1]/q                              (u)     clk->q  R     unmapped_d_flop        6 67.2     0  1466    1466    (-,-) 
  g65402/z                                                         (u)     in_1->z F     unmapped_nand2         1 11.2     0   231    1697    (-,-) 
  g65128/z                                                         (u)     in_0->z F     unmapped_complex2      5 56.0     0   417    2114    (-,-) 
  g64899/z                                                         (u)     in_0->z F     unmapped_complex2      3 33.6     0   327    2441    (-,-) 
  g64527/z                                                         (u)     in_1->z F     unmapped_complex2    538 56.0     0   918    3358    (-,-) 
  g62836/z                                                         (u)     in_0->z F     unmapped_complex2      1 11.2     0   231    3590    (-,-) 
  g61934/z                                                         (u)     in_1->z R     unmapped_nand2         1 11.2     0   231    3821    (-,-) 
  u_core_u_ctx_bank_ctx_snapshot_q_reg[1][nfast_hit_packed][442]/d <<<     -       R     unmapped_d_flop        1    -     -     0    3821    (-,-) 
#---------------------------------------------------------------------------------------------------------------------------------------------------

(u) : Net has unmapped pin(s).

Capture clock path:
#-------------------------------------------------------------------------------------------------------------------------------------------------
#                           Timing Point                             Flags   Arc   Edge      Cell        Fanout Load Trans Delay Arrival Instance 
#                                                                                                               (fF)  (ps)  (ps)   (ps)  Location 
#-------------------------------------------------------------------------------------------------------------------------------------------------
  clk_sys                                                            (i,u)   -     R     (arrival)         4853  0.0     0     0    6250    (-,-) 
  u_core_u_ctx_bank_ctx_snapshot_q_reg[1][nfast_hit_packed][442]/clk <<<     -     R     unmapped_d_flop   4853    -   150     0    6250    (-,-) 
#-------------------------------------------------------------------------------------------------------------------------------------------------



Path 40: MET (1442 ps) Setup Check with Pin u_core_u_ctx_bank_ctx_snapshot_q_reg[1][nfast_hit_packed][441]/clk->d
           View: wc_view
          Group: clk_sys
     Startpoint: (R) u_core_u_meas_ctrl_state_q_reg[1]/clk
          Clock: (R) clk_sys
       Endpoint: (R) u_core_u_ctx_bank_ctx_snapshot_q_reg[1][nfast_hit_packed][441]/d
          Clock: (R) clk_sys

                     Capture       Launch     
        Clock Edge:+    6250            0     
       Src Latency:+       0            0     
       Net Latency:+       0 (I)        0 (I) 
           Arrival:=    6250            0     
                                              
             Setup:-     687                  
       Uncertainty:-     300                  
     Required Time:=    5263                  
      Launch Clock:-       0                  
         Data Path:-    3821                  
             Slack:=    1442                  

Launch clock path:
#--------------------------------------------------------------------------------------------------------------------
#             Timing Point              Flags   Arc   Edge      Cell        Fanout Load Trans Delay Arrival Instance 
#                                                                                  (fF)  (ps)  (ps)   (ps)  Location 
#--------------------------------------------------------------------------------------------------------------------
  clk_sys                               (i,u)   -     R     (arrival)         4853  0.0     0     0       0    (-,-) 
  u_core_u_meas_ctrl_state_q_reg[1]/clk <<<     -     R     unmapped_d_flop   4853    -   150     0       0    (-,-) 
#--------------------------------------------------------------------------------------------------------------------

#---------------------------------------------------------------------------------------------------------------------------------------------------
#                          Timing Point                            Flags    Arc    Edge       Cell         Fanout Load Trans Delay Arrival Instance 
#                                                                                                                 (fF)  (ps)  (ps)   (ps)  Location 
#---------------------------------------------------------------------------------------------------------------------------------------------------
  u_core_u_meas_ctrl_state_q_reg[1]/clk                            -       -       R     (arrival)           4853    -   150     0       0    (-,-) 
  u_core_u_meas_ctrl_state_q_reg[1]/q                              (u)     clk->q  R     unmapped_d_flop        6 67.2     0  1466    1466    (-,-) 
  g65402/z                                                         (u)     in_1->z F     unmapped_nand2         1 11.2     0   231    1697    (-,-) 
  g65128/z                                                         (u)     in_0->z F     unmapped_complex2      5 56.0     0   417    2114    (-,-) 
  g64899/z                                                         (u)     in_0->z F     unmapped_complex2      3 33.6     0   327    2441    (-,-) 
  g64527/z                                                         (u)     in_1->z F     unmapped_complex2    538 56.0     0   918    3358    (-,-) 
  g62842/z                                                         (u)     in_0->z F     unmapped_complex2      1 11.2     0   231    3590    (-,-) 
  g61945/z                                                         (u)     in_1->z R     unmapped_nand2         1 11.2     0   231    3821    (-,-) 
  u_core_u_ctx_bank_ctx_snapshot_q_reg[1][nfast_hit_packed][441]/d <<<     -       R     unmapped_d_flop        1    -     -     0    3821    (-,-) 
#---------------------------------------------------------------------------------------------------------------------------------------------------

(u) : Net has unmapped pin(s).

Capture clock path:
#-------------------------------------------------------------------------------------------------------------------------------------------------
#                           Timing Point                             Flags   Arc   Edge      Cell        Fanout Load Trans Delay Arrival Instance 
#                                                                                                               (fF)  (ps)  (ps)   (ps)  Location 
#-------------------------------------------------------------------------------------------------------------------------------------------------
  clk_sys                                                            (i,u)   -     R     (arrival)         4853  0.0     0     0    6250    (-,-) 
  u_core_u_ctx_bank_ctx_snapshot_q_reg[1][nfast_hit_packed][441]/clk <<<     -     R     unmapped_d_flop   4853    -   150     0    6250    (-,-) 
#-------------------------------------------------------------------------------------------------------------------------------------------------



Path 41: MET (1442 ps) Setup Check with Pin u_core_u_ctx_bank_ctx_snapshot_q_reg[1][nfast_hit_packed][440]/clk->d
           View: wc_view
          Group: clk_sys
     Startpoint: (R) u_core_u_meas_ctrl_state_q_reg[1]/clk
          Clock: (R) clk_sys
       Endpoint: (R) u_core_u_ctx_bank_ctx_snapshot_q_reg[1][nfast_hit_packed][440]/d
          Clock: (R) clk_sys

                     Capture       Launch     
        Clock Edge:+    6250            0     
       Src Latency:+       0            0     
       Net Latency:+       0 (I)        0 (I) 
           Arrival:=    6250            0     
                                              
             Setup:-     687                  
       Uncertainty:-     300                  
     Required Time:=    5263                  
      Launch Clock:-       0                  
         Data Path:-    3821                  
             Slack:=    1442                  

Launch clock path:
#--------------------------------------------------------------------------------------------------------------------
#             Timing Point              Flags   Arc   Edge      Cell        Fanout Load Trans Delay Arrival Instance 
#                                                                                  (fF)  (ps)  (ps)   (ps)  Location 
#--------------------------------------------------------------------------------------------------------------------
  clk_sys                               (i,u)   -     R     (arrival)         4853  0.0     0     0       0    (-,-) 
  u_core_u_meas_ctrl_state_q_reg[1]/clk <<<     -     R     unmapped_d_flop   4853    -   150     0       0    (-,-) 
#--------------------------------------------------------------------------------------------------------------------

#---------------------------------------------------------------------------------------------------------------------------------------------------
#                          Timing Point                            Flags    Arc    Edge       Cell         Fanout Load Trans Delay Arrival Instance 
#                                                                                                                 (fF)  (ps)  (ps)   (ps)  Location 
#---------------------------------------------------------------------------------------------------------------------------------------------------
  u_core_u_meas_ctrl_state_q_reg[1]/clk                            -       -       R     (arrival)           4853    -   150     0       0    (-,-) 
  u_core_u_meas_ctrl_state_q_reg[1]/q                              (u)     clk->q  R     unmapped_d_flop        6 67.2     0  1466    1466    (-,-) 
  g65402/z                                                         (u)     in_1->z F     unmapped_nand2         1 11.2     0   231    1697    (-,-) 
  g65128/z                                                         (u)     in_0->z F     unmapped_complex2      5 56.0     0   417    2114    (-,-) 
  g64899/z                                                         (u)     in_0->z F     unmapped_complex2      3 33.6     0   327    2441    (-,-) 
  g64527/z                                                         (u)     in_1->z F     unmapped_complex2    538 56.0     0   918    3358    (-,-) 
  g62848/z                                                         (u)     in_0->z F     unmapped_complex2      1 11.2     0   231    3590    (-,-) 
  g61954/z                                                         (u)     in_1->z R     unmapped_nand2         1 11.2     0   231    3821    (-,-) 
  u_core_u_ctx_bank_ctx_snapshot_q_reg[1][nfast_hit_packed][440]/d <<<     -       R     unmapped_d_flop        1    -     -     0    3821    (-,-) 
#---------------------------------------------------------------------------------------------------------------------------------------------------

(u) : Net has unmapped pin(s).

Capture clock path:
#-------------------------------------------------------------------------------------------------------------------------------------------------
#                           Timing Point                             Flags   Arc   Edge      Cell        Fanout Load Trans Delay Arrival Instance 
#                                                                                                               (fF)  (ps)  (ps)   (ps)  Location 
#-------------------------------------------------------------------------------------------------------------------------------------------------
  clk_sys                                                            (i,u)   -     R     (arrival)         4853  0.0     0     0    6250    (-,-) 
  u_core_u_ctx_bank_ctx_snapshot_q_reg[1][nfast_hit_packed][440]/clk <<<     -     R     unmapped_d_flop   4853    -   150     0    6250    (-,-) 
#-------------------------------------------------------------------------------------------------------------------------------------------------



Path 42: MET (1442 ps) Setup Check with Pin u_core_u_ctx_bank_ctx_snapshot_q_reg[1][nfast_hit_packed][439]/clk->d
           View: wc_view
          Group: clk_sys
     Startpoint: (R) u_core_u_meas_ctrl_state_q_reg[1]/clk
          Clock: (R) clk_sys
       Endpoint: (R) u_core_u_ctx_bank_ctx_snapshot_q_reg[1][nfast_hit_packed][439]/d
          Clock: (R) clk_sys

                     Capture       Launch     
        Clock Edge:+    6250            0     
       Src Latency:+       0            0     
       Net Latency:+       0 (I)        0 (I) 
           Arrival:=    6250            0     
                                              
             Setup:-     687                  
       Uncertainty:-     300                  
     Required Time:=    5263                  
      Launch Clock:-       0                  
         Data Path:-    3821                  
             Slack:=    1442                  

Launch clock path:
#--------------------------------------------------------------------------------------------------------------------
#             Timing Point              Flags   Arc   Edge      Cell        Fanout Load Trans Delay Arrival Instance 
#                                                                                  (fF)  (ps)  (ps)   (ps)  Location 
#--------------------------------------------------------------------------------------------------------------------
  clk_sys                               (i,u)   -     R     (arrival)         4853  0.0     0     0       0    (-,-) 
  u_core_u_meas_ctrl_state_q_reg[1]/clk <<<     -     R     unmapped_d_flop   4853    -   150     0       0    (-,-) 
#--------------------------------------------------------------------------------------------------------------------

#---------------------------------------------------------------------------------------------------------------------------------------------------
#                          Timing Point                            Flags    Arc    Edge       Cell         Fanout Load Trans Delay Arrival Instance 
#                                                                                                                 (fF)  (ps)  (ps)   (ps)  Location 
#---------------------------------------------------------------------------------------------------------------------------------------------------
  u_core_u_meas_ctrl_state_q_reg[1]/clk                            -       -       R     (arrival)           4853    -   150     0       0    (-,-) 
  u_core_u_meas_ctrl_state_q_reg[1]/q                              (u)     clk->q  R     unmapped_d_flop        6 67.2     0  1466    1466    (-,-) 
  g65402/z                                                         (u)     in_1->z F     unmapped_nand2         1 11.2     0   231    1697    (-,-) 
  g65128/z                                                         (u)     in_0->z F     unmapped_complex2      5 56.0     0   417    2114    (-,-) 
  g64899/z                                                         (u)     in_0->z F     unmapped_complex2      3 33.6     0   327    2441    (-,-) 
  g64527/z                                                         (u)     in_1->z F     unmapped_complex2    538 56.0     0   918    3358    (-,-) 
  g62854/z                                                         (u)     in_0->z F     unmapped_complex2      1 11.2     0   231    3590    (-,-) 
  g61963/z                                                         (u)     in_1->z R     unmapped_nand2         1 11.2     0   231    3821    (-,-) 
  u_core_u_ctx_bank_ctx_snapshot_q_reg[1][nfast_hit_packed][439]/d <<<     -       R     unmapped_d_flop        1    -     -     0    3821    (-,-) 
#---------------------------------------------------------------------------------------------------------------------------------------------------

(u) : Net has unmapped pin(s).

Capture clock path:
#-------------------------------------------------------------------------------------------------------------------------------------------------
#                           Timing Point                             Flags   Arc   Edge      Cell        Fanout Load Trans Delay Arrival Instance 
#                                                                                                               (fF)  (ps)  (ps)   (ps)  Location 
#-------------------------------------------------------------------------------------------------------------------------------------------------
  clk_sys                                                            (i,u)   -     R     (arrival)         4853  0.0     0     0    6250    (-,-) 
  u_core_u_ctx_bank_ctx_snapshot_q_reg[1][nfast_hit_packed][439]/clk <<<     -     R     unmapped_d_flop   4853    -   150     0    6250    (-,-) 
#-------------------------------------------------------------------------------------------------------------------------------------------------



Path 43: MET (1442 ps) Setup Check with Pin u_core_u_ctx_bank_ctx_snapshot_q_reg[1][nfast_hit_packed][438]/clk->d
           View: wc_view
          Group: clk_sys
     Startpoint: (R) u_core_u_meas_ctrl_state_q_reg[1]/clk
          Clock: (R) clk_sys
       Endpoint: (R) u_core_u_ctx_bank_ctx_snapshot_q_reg[1][nfast_hit_packed][438]/d
          Clock: (R) clk_sys

                     Capture       Launch     
        Clock Edge:+    6250            0     
       Src Latency:+       0            0     
       Net Latency:+       0 (I)        0 (I) 
           Arrival:=    6250            0     
                                              
             Setup:-     687                  
       Uncertainty:-     300                  
     Required Time:=    5263                  
      Launch Clock:-       0                  
         Data Path:-    3821                  
             Slack:=    1442                  

Launch clock path:
#--------------------------------------------------------------------------------------------------------------------
#             Timing Point              Flags   Arc   Edge      Cell        Fanout Load Trans Delay Arrival Instance 
#                                                                                  (fF)  (ps)  (ps)   (ps)  Location 
#--------------------------------------------------------------------------------------------------------------------
  clk_sys                               (i,u)   -     R     (arrival)         4853  0.0     0     0       0    (-,-) 
  u_core_u_meas_ctrl_state_q_reg[1]/clk <<<     -     R     unmapped_d_flop   4853    -   150     0       0    (-,-) 
#--------------------------------------------------------------------------------------------------------------------

#---------------------------------------------------------------------------------------------------------------------------------------------------
#                          Timing Point                            Flags    Arc    Edge       Cell         Fanout Load Trans Delay Arrival Instance 
#                                                                                                                 (fF)  (ps)  (ps)   (ps)  Location 
#---------------------------------------------------------------------------------------------------------------------------------------------------
  u_core_u_meas_ctrl_state_q_reg[1]/clk                            -       -       R     (arrival)           4853    -   150     0       0    (-,-) 
  u_core_u_meas_ctrl_state_q_reg[1]/q                              (u)     clk->q  R     unmapped_d_flop        6 67.2     0  1466    1466    (-,-) 
  g65402/z                                                         (u)     in_1->z F     unmapped_nand2         1 11.2     0   231    1697    (-,-) 
  g65128/z                                                         (u)     in_0->z F     unmapped_complex2      5 56.0     0   417    2114    (-,-) 
  g64899/z                                                         (u)     in_0->z F     unmapped_complex2      3 33.6     0   327    2441    (-,-) 
  g64527/z                                                         (u)     in_1->z F     unmapped_complex2    538 56.0     0   918    3358    (-,-) 
  g62860/z                                                         (u)     in_0->z F     unmapped_complex2      1 11.2     0   231    3590    (-,-) 
  g61974/z                                                         (u)     in_1->z R     unmapped_nand2         1 11.2     0   231    3821    (-,-) 
  u_core_u_ctx_bank_ctx_snapshot_q_reg[1][nfast_hit_packed][438]/d <<<     -       R     unmapped_d_flop        1    -     -     0    3821    (-,-) 
#---------------------------------------------------------------------------------------------------------------------------------------------------

(u) : Net has unmapped pin(s).

Capture clock path:
#-------------------------------------------------------------------------------------------------------------------------------------------------
#                           Timing Point                             Flags   Arc   Edge      Cell        Fanout Load Trans Delay Arrival Instance 
#                                                                                                               (fF)  (ps)  (ps)   (ps)  Location 
#-------------------------------------------------------------------------------------------------------------------------------------------------
  clk_sys                                                            (i,u)   -     R     (arrival)         4853  0.0     0     0    6250    (-,-) 
  u_core_u_ctx_bank_ctx_snapshot_q_reg[1][nfast_hit_packed][438]/clk <<<     -     R     unmapped_d_flop   4853    -   150     0    6250    (-,-) 
#-------------------------------------------------------------------------------------------------------------------------------------------------



Path 44: MET (1442 ps) Setup Check with Pin u_core_u_ctx_bank_ctx_snapshot_q_reg[1][nfast_hit_packed][437]/clk->d
           View: wc_view
          Group: clk_sys
     Startpoint: (R) u_core_u_meas_ctrl_state_q_reg[1]/clk
          Clock: (R) clk_sys
       Endpoint: (R) u_core_u_ctx_bank_ctx_snapshot_q_reg[1][nfast_hit_packed][437]/d
          Clock: (R) clk_sys

                     Capture       Launch     
        Clock Edge:+    6250            0     
       Src Latency:+       0            0     
       Net Latency:+       0 (I)        0 (I) 
           Arrival:=    6250            0     
                                              
             Setup:-     687                  
       Uncertainty:-     300                  
     Required Time:=    5263                  
      Launch Clock:-       0                  
         Data Path:-    3821                  
             Slack:=    1442                  

Launch clock path:
#--------------------------------------------------------------------------------------------------------------------
#             Timing Point              Flags   Arc   Edge      Cell        Fanout Load Trans Delay Arrival Instance 
#                                                                                  (fF)  (ps)  (ps)   (ps)  Location 
#--------------------------------------------------------------------------------------------------------------------
  clk_sys                               (i,u)   -     R     (arrival)         4853  0.0     0     0       0    (-,-) 
  u_core_u_meas_ctrl_state_q_reg[1]/clk <<<     -     R     unmapped_d_flop   4853    -   150     0       0    (-,-) 
#--------------------------------------------------------------------------------------------------------------------

#---------------------------------------------------------------------------------------------------------------------------------------------------
#                          Timing Point                            Flags    Arc    Edge       Cell         Fanout Load Trans Delay Arrival Instance 
#                                                                                                                 (fF)  (ps)  (ps)   (ps)  Location 
#---------------------------------------------------------------------------------------------------------------------------------------------------
  u_core_u_meas_ctrl_state_q_reg[1]/clk                            -       -       R     (arrival)           4853    -   150     0       0    (-,-) 
  u_core_u_meas_ctrl_state_q_reg[1]/q                              (u)     clk->q  R     unmapped_d_flop        6 67.2     0  1466    1466    (-,-) 
  g65402/z                                                         (u)     in_1->z F     unmapped_nand2         1 11.2     0   231    1697    (-,-) 
  g65128/z                                                         (u)     in_0->z F     unmapped_complex2      5 56.0     0   417    2114    (-,-) 
  g64899/z                                                         (u)     in_0->z F     unmapped_complex2      3 33.6     0   327    2441    (-,-) 
  g64527/z                                                         (u)     in_1->z F     unmapped_complex2    538 56.0     0   918    3358    (-,-) 
  g62866/z                                                         (u)     in_0->z F     unmapped_complex2      1 11.2     0   231    3590    (-,-) 
  g61983/z                                                         (u)     in_1->z R     unmapped_nand2         1 11.2     0   231    3821    (-,-) 
  u_core_u_ctx_bank_ctx_snapshot_q_reg[1][nfast_hit_packed][437]/d <<<     -       R     unmapped_d_flop        1    -     -     0    3821    (-,-) 
#---------------------------------------------------------------------------------------------------------------------------------------------------

(u) : Net has unmapped pin(s).

Capture clock path:
#-------------------------------------------------------------------------------------------------------------------------------------------------
#                           Timing Point                             Flags   Arc   Edge      Cell        Fanout Load Trans Delay Arrival Instance 
#                                                                                                               (fF)  (ps)  (ps)   (ps)  Location 
#-------------------------------------------------------------------------------------------------------------------------------------------------
  clk_sys                                                            (i,u)   -     R     (arrival)         4853  0.0     0     0    6250    (-,-) 
  u_core_u_ctx_bank_ctx_snapshot_q_reg[1][nfast_hit_packed][437]/clk <<<     -     R     unmapped_d_flop   4853    -   150     0    6250    (-,-) 
#-------------------------------------------------------------------------------------------------------------------------------------------------



Path 45: MET (1442 ps) Setup Check with Pin u_core_u_ctx_bank_ctx_snapshot_q_reg[1][nfast_hit_packed][436]/clk->d
           View: wc_view
          Group: clk_sys
     Startpoint: (R) u_core_u_meas_ctrl_state_q_reg[1]/clk
          Clock: (R) clk_sys
       Endpoint: (R) u_core_u_ctx_bank_ctx_snapshot_q_reg[1][nfast_hit_packed][436]/d
          Clock: (R) clk_sys

                     Capture       Launch     
        Clock Edge:+    6250            0     
       Src Latency:+       0            0     
       Net Latency:+       0 (I)        0 (I) 
           Arrival:=    6250            0     
                                              
             Setup:-     687                  
       Uncertainty:-     300                  
     Required Time:=    5263                  
      Launch Clock:-       0                  
         Data Path:-    3821                  
             Slack:=    1442                  

Launch clock path:
#--------------------------------------------------------------------------------------------------------------------
#             Timing Point              Flags   Arc   Edge      Cell        Fanout Load Trans Delay Arrival Instance 
#                                                                                  (fF)  (ps)  (ps)   (ps)  Location 
#--------------------------------------------------------------------------------------------------------------------
  clk_sys                               (i,u)   -     R     (arrival)         4853  0.0     0     0       0    (-,-) 
  u_core_u_meas_ctrl_state_q_reg[1]/clk <<<     -     R     unmapped_d_flop   4853    -   150     0       0    (-,-) 
#--------------------------------------------------------------------------------------------------------------------

#---------------------------------------------------------------------------------------------------------------------------------------------------
#                          Timing Point                            Flags    Arc    Edge       Cell         Fanout Load Trans Delay Arrival Instance 
#                                                                                                                 (fF)  (ps)  (ps)   (ps)  Location 
#---------------------------------------------------------------------------------------------------------------------------------------------------
  u_core_u_meas_ctrl_state_q_reg[1]/clk                            -       -       R     (arrival)           4853    -   150     0       0    (-,-) 
  u_core_u_meas_ctrl_state_q_reg[1]/q                              (u)     clk->q  R     unmapped_d_flop        6 67.2     0  1466    1466    (-,-) 
  g65402/z                                                         (u)     in_1->z F     unmapped_nand2         1 11.2     0   231    1697    (-,-) 
  g65128/z                                                         (u)     in_0->z F     unmapped_complex2      5 56.0     0   417    2114    (-,-) 
  g64899/z                                                         (u)     in_0->z F     unmapped_complex2      3 33.6     0   327    2441    (-,-) 
  g64527/z                                                         (u)     in_1->z F     unmapped_complex2    538 56.0     0   918    3358    (-,-) 
  g62872/z                                                         (u)     in_0->z F     unmapped_complex2      1 11.2     0   231    3590    (-,-) 
  g61992/z                                                         (u)     in_1->z R     unmapped_nand2         1 11.2     0   231    3821    (-,-) 
  u_core_u_ctx_bank_ctx_snapshot_q_reg[1][nfast_hit_packed][436]/d <<<     -       R     unmapped_d_flop        1    -     -     0    3821    (-,-) 
#---------------------------------------------------------------------------------------------------------------------------------------------------

(u) : Net has unmapped pin(s).

Capture clock path:
#-------------------------------------------------------------------------------------------------------------------------------------------------
#                           Timing Point                             Flags   Arc   Edge      Cell        Fanout Load Trans Delay Arrival Instance 
#                                                                                                               (fF)  (ps)  (ps)   (ps)  Location 
#-------------------------------------------------------------------------------------------------------------------------------------------------
  clk_sys                                                            (i,u)   -     R     (arrival)         4853  0.0     0     0    6250    (-,-) 
  u_core_u_ctx_bank_ctx_snapshot_q_reg[1][nfast_hit_packed][436]/clk <<<     -     R     unmapped_d_flop   4853    -   150     0    6250    (-,-) 
#-------------------------------------------------------------------------------------------------------------------------------------------------



Path 46: MET (1442 ps) Setup Check with Pin u_core_u_ctx_bank_ctx_snapshot_q_reg[1][nfast_hit_packed][435]/clk->d
           View: wc_view
          Group: clk_sys
     Startpoint: (R) u_core_u_meas_ctrl_state_q_reg[1]/clk
          Clock: (R) clk_sys
       Endpoint: (R) u_core_u_ctx_bank_ctx_snapshot_q_reg[1][nfast_hit_packed][435]/d
          Clock: (R) clk_sys

                     Capture       Launch     
        Clock Edge:+    6250            0     
       Src Latency:+       0            0     
       Net Latency:+       0 (I)        0 (I) 
           Arrival:=    6250            0     
                                              
             Setup:-     687                  
       Uncertainty:-     300                  
     Required Time:=    5263                  
      Launch Clock:-       0                  
         Data Path:-    3821                  
             Slack:=    1442                  

Launch clock path:
#--------------------------------------------------------------------------------------------------------------------
#             Timing Point              Flags   Arc   Edge      Cell        Fanout Load Trans Delay Arrival Instance 
#                                                                                  (fF)  (ps)  (ps)   (ps)  Location 
#--------------------------------------------------------------------------------------------------------------------
  clk_sys                               (i,u)   -     R     (arrival)         4853  0.0     0     0       0    (-,-) 
  u_core_u_meas_ctrl_state_q_reg[1]/clk <<<     -     R     unmapped_d_flop   4853    -   150     0       0    (-,-) 
#--------------------------------------------------------------------------------------------------------------------

#---------------------------------------------------------------------------------------------------------------------------------------------------
#                          Timing Point                            Flags    Arc    Edge       Cell         Fanout Load Trans Delay Arrival Instance 
#                                                                                                                 (fF)  (ps)  (ps)   (ps)  Location 
#---------------------------------------------------------------------------------------------------------------------------------------------------
  u_core_u_meas_ctrl_state_q_reg[1]/clk                            -       -       R     (arrival)           4853    -   150     0       0    (-,-) 
  u_core_u_meas_ctrl_state_q_reg[1]/q                              (u)     clk->q  R     unmapped_d_flop        6 67.2     0  1466    1466    (-,-) 
  g65402/z                                                         (u)     in_1->z F     unmapped_nand2         1 11.2     0   231    1697    (-,-) 
  g65128/z                                                         (u)     in_0->z F     unmapped_complex2      5 56.0     0   417    2114    (-,-) 
  g64899/z                                                         (u)     in_0->z F     unmapped_complex2      3 33.6     0   327    2441    (-,-) 
  g64527/z                                                         (u)     in_1->z F     unmapped_complex2    538 56.0     0   918    3358    (-,-) 
  g62878/z                                                         (u)     in_0->z F     unmapped_complex2      1 11.2     0   231    3590    (-,-) 
  g62001/z                                                         (u)     in_1->z R     unmapped_nand2         1 11.2     0   231    3821    (-,-) 
  u_core_u_ctx_bank_ctx_snapshot_q_reg[1][nfast_hit_packed][435]/d <<<     -       R     unmapped_d_flop        1    -     -     0    3821    (-,-) 
#---------------------------------------------------------------------------------------------------------------------------------------------------

(u) : Net has unmapped pin(s).

Capture clock path:
#-------------------------------------------------------------------------------------------------------------------------------------------------
#                           Timing Point                             Flags   Arc   Edge      Cell        Fanout Load Trans Delay Arrival Instance 
#                                                                                                               (fF)  (ps)  (ps)   (ps)  Location 
#-------------------------------------------------------------------------------------------------------------------------------------------------
  clk_sys                                                            (i,u)   -     R     (arrival)         4853  0.0     0     0    6250    (-,-) 
  u_core_u_ctx_bank_ctx_snapshot_q_reg[1][nfast_hit_packed][435]/clk <<<     -     R     unmapped_d_flop   4853    -   150     0    6250    (-,-) 
#-------------------------------------------------------------------------------------------------------------------------------------------------



Path 47: MET (1442 ps) Setup Check with Pin u_core_u_ctx_bank_ctx_snapshot_q_reg[1][nfast_hit_packed][434]/clk->d
           View: wc_view
          Group: clk_sys
     Startpoint: (R) u_core_u_meas_ctrl_state_q_reg[1]/clk
          Clock: (R) clk_sys
       Endpoint: (R) u_core_u_ctx_bank_ctx_snapshot_q_reg[1][nfast_hit_packed][434]/d
          Clock: (R) clk_sys

                     Capture       Launch     
        Clock Edge:+    6250            0     
       Src Latency:+       0            0     
       Net Latency:+       0 (I)        0 (I) 
           Arrival:=    6250            0     
                                              
             Setup:-     687                  
       Uncertainty:-     300                  
     Required Time:=    5263                  
      Launch Clock:-       0                  
         Data Path:-    3821                  
             Slack:=    1442                  

Launch clock path:
#--------------------------------------------------------------------------------------------------------------------
#             Timing Point              Flags   Arc   Edge      Cell        Fanout Load Trans Delay Arrival Instance 
#                                                                                  (fF)  (ps)  (ps)   (ps)  Location 
#--------------------------------------------------------------------------------------------------------------------
  clk_sys                               (i,u)   -     R     (arrival)         4853  0.0     0     0       0    (-,-) 
  u_core_u_meas_ctrl_state_q_reg[1]/clk <<<     -     R     unmapped_d_flop   4853    -   150     0       0    (-,-) 
#--------------------------------------------------------------------------------------------------------------------

#---------------------------------------------------------------------------------------------------------------------------------------------------
#                          Timing Point                            Flags    Arc    Edge       Cell         Fanout Load Trans Delay Arrival Instance 
#                                                                                                                 (fF)  (ps)  (ps)   (ps)  Location 
#---------------------------------------------------------------------------------------------------------------------------------------------------
  u_core_u_meas_ctrl_state_q_reg[1]/clk                            -       -       R     (arrival)           4853    -   150     0       0    (-,-) 
  u_core_u_meas_ctrl_state_q_reg[1]/q                              (u)     clk->q  R     unmapped_d_flop        6 67.2     0  1466    1466    (-,-) 
  g65402/z                                                         (u)     in_1->z F     unmapped_nand2         1 11.2     0   231    1697    (-,-) 
  g65128/z                                                         (u)     in_0->z F     unmapped_complex2      5 56.0     0   417    2114    (-,-) 
  g64899/z                                                         (u)     in_0->z F     unmapped_complex2      3 33.6     0   327    2441    (-,-) 
  g64527/z                                                         (u)     in_1->z F     unmapped_complex2    538 56.0     0   918    3358    (-,-) 
  g62884/z                                                         (u)     in_0->z F     unmapped_complex2      1 11.2     0   231    3590    (-,-) 
  g62012/z                                                         (u)     in_1->z R     unmapped_nand2         1 11.2     0   231    3821    (-,-) 
  u_core_u_ctx_bank_ctx_snapshot_q_reg[1][nfast_hit_packed][434]/d <<<     -       R     unmapped_d_flop        1    -     -     0    3821    (-,-) 
#---------------------------------------------------------------------------------------------------------------------------------------------------

(u) : Net has unmapped pin(s).

Capture clock path:
#-------------------------------------------------------------------------------------------------------------------------------------------------
#                           Timing Point                             Flags   Arc   Edge      Cell        Fanout Load Trans Delay Arrival Instance 
#                                                                                                               (fF)  (ps)  (ps)   (ps)  Location 
#-------------------------------------------------------------------------------------------------------------------------------------------------
  clk_sys                                                            (i,u)   -     R     (arrival)         4853  0.0     0     0    6250    (-,-) 
  u_core_u_ctx_bank_ctx_snapshot_q_reg[1][nfast_hit_packed][434]/clk <<<     -     R     unmapped_d_flop   4853    -   150     0    6250    (-,-) 
#-------------------------------------------------------------------------------------------------------------------------------------------------



Path 48: MET (1442 ps) Setup Check with Pin u_core_u_ctx_bank_ctx_snapshot_q_reg[1][nfast_hit_packed][433]/clk->d
           View: wc_view
          Group: clk_sys
     Startpoint: (R) u_core_u_meas_ctrl_state_q_reg[1]/clk
          Clock: (R) clk_sys
       Endpoint: (R) u_core_u_ctx_bank_ctx_snapshot_q_reg[1][nfast_hit_packed][433]/d
          Clock: (R) clk_sys

                     Capture       Launch     
        Clock Edge:+    6250            0     
       Src Latency:+       0            0     
       Net Latency:+       0 (I)        0 (I) 
           Arrival:=    6250            0     
                                              
             Setup:-     687                  
       Uncertainty:-     300                  
     Required Time:=    5263                  
      Launch Clock:-       0                  
         Data Path:-    3821                  
             Slack:=    1442                  

Launch clock path:
#--------------------------------------------------------------------------------------------------------------------
#             Timing Point              Flags   Arc   Edge      Cell        Fanout Load Trans Delay Arrival Instance 
#                                                                                  (fF)  (ps)  (ps)   (ps)  Location 
#--------------------------------------------------------------------------------------------------------------------
  clk_sys                               (i,u)   -     R     (arrival)         4853  0.0     0     0       0    (-,-) 
  u_core_u_meas_ctrl_state_q_reg[1]/clk <<<     -     R     unmapped_d_flop   4853    -   150     0       0    (-,-) 
#--------------------------------------------------------------------------------------------------------------------

#---------------------------------------------------------------------------------------------------------------------------------------------------
#                          Timing Point                            Flags    Arc    Edge       Cell         Fanout Load Trans Delay Arrival Instance 
#                                                                                                                 (fF)  (ps)  (ps)   (ps)  Location 
#---------------------------------------------------------------------------------------------------------------------------------------------------
  u_core_u_meas_ctrl_state_q_reg[1]/clk                            -       -       R     (arrival)           4853    -   150     0       0    (-,-) 
  u_core_u_meas_ctrl_state_q_reg[1]/q                              (u)     clk->q  R     unmapped_d_flop        6 67.2     0  1466    1466    (-,-) 
  g65402/z                                                         (u)     in_1->z F     unmapped_nand2         1 11.2     0   231    1697    (-,-) 
  g65128/z                                                         (u)     in_0->z F     unmapped_complex2      5 56.0     0   417    2114    (-,-) 
  g64899/z                                                         (u)     in_0->z F     unmapped_complex2      3 33.6     0   327    2441    (-,-) 
  g64527/z                                                         (u)     in_1->z F     unmapped_complex2    538 56.0     0   918    3358    (-,-) 
  g62890/z                                                         (u)     in_0->z F     unmapped_complex2      1 11.2     0   231    3590    (-,-) 
  g62021/z                                                         (u)     in_1->z R     unmapped_nand2         1 11.2     0   231    3821    (-,-) 
  u_core_u_ctx_bank_ctx_snapshot_q_reg[1][nfast_hit_packed][433]/d <<<     -       R     unmapped_d_flop        1    -     -     0    3821    (-,-) 
#---------------------------------------------------------------------------------------------------------------------------------------------------

(u) : Net has unmapped pin(s).

Capture clock path:
#-------------------------------------------------------------------------------------------------------------------------------------------------
#                           Timing Point                             Flags   Arc   Edge      Cell        Fanout Load Trans Delay Arrival Instance 
#                                                                                                               (fF)  (ps)  (ps)   (ps)  Location 
#-------------------------------------------------------------------------------------------------------------------------------------------------
  clk_sys                                                            (i,u)   -     R     (arrival)         4853  0.0     0     0    6250    (-,-) 
  u_core_u_ctx_bank_ctx_snapshot_q_reg[1][nfast_hit_packed][433]/clk <<<     -     R     unmapped_d_flop   4853    -   150     0    6250    (-,-) 
#-------------------------------------------------------------------------------------------------------------------------------------------------



Path 49: MET (1442 ps) Setup Check with Pin u_core_u_ctx_bank_ctx_snapshot_q_reg[1][nfast_hit_packed][432]/clk->d
           View: wc_view
          Group: clk_sys
     Startpoint: (R) u_core_u_meas_ctrl_state_q_reg[1]/clk
          Clock: (R) clk_sys
       Endpoint: (R) u_core_u_ctx_bank_ctx_snapshot_q_reg[1][nfast_hit_packed][432]/d
          Clock: (R) clk_sys

                     Capture       Launch     
        Clock Edge:+    6250            0     
       Src Latency:+       0            0     
       Net Latency:+       0 (I)        0 (I) 
           Arrival:=    6250            0     
                                              
             Setup:-     687                  
       Uncertainty:-     300                  
     Required Time:=    5263                  
      Launch Clock:-       0                  
         Data Path:-    3821                  
             Slack:=    1442                  

Launch clock path:
#--------------------------------------------------------------------------------------------------------------------
#             Timing Point              Flags   Arc   Edge      Cell        Fanout Load Trans Delay Arrival Instance 
#                                                                                  (fF)  (ps)  (ps)   (ps)  Location 
#--------------------------------------------------------------------------------------------------------------------
  clk_sys                               (i,u)   -     R     (arrival)         4853  0.0     0     0       0    (-,-) 
  u_core_u_meas_ctrl_state_q_reg[1]/clk <<<     -     R     unmapped_d_flop   4853    -   150     0       0    (-,-) 
#--------------------------------------------------------------------------------------------------------------------

#---------------------------------------------------------------------------------------------------------------------------------------------------
#                          Timing Point                            Flags    Arc    Edge       Cell         Fanout Load Trans Delay Arrival Instance 
#                                                                                                                 (fF)  (ps)  (ps)   (ps)  Location 
#---------------------------------------------------------------------------------------------------------------------------------------------------
  u_core_u_meas_ctrl_state_q_reg[1]/clk                            -       -       R     (arrival)           4853    -   150     0       0    (-,-) 
  u_core_u_meas_ctrl_state_q_reg[1]/q                              (u)     clk->q  R     unmapped_d_flop        6 67.2     0  1466    1466    (-,-) 
  g65402/z                                                         (u)     in_1->z F     unmapped_nand2         1 11.2     0   231    1697    (-,-) 
  g65128/z                                                         (u)     in_0->z F     unmapped_complex2      5 56.0     0   417    2114    (-,-) 
  g64899/z                                                         (u)     in_0->z F     unmapped_complex2      3 33.6     0   327    2441    (-,-) 
  g64527/z                                                         (u)     in_1->z F     unmapped_complex2    538 56.0     0   918    3358    (-,-) 
  g62896/z                                                         (u)     in_0->z F     unmapped_complex2      1 11.2     0   231    3590    (-,-) 
  g62032/z                                                         (u)     in_1->z R     unmapped_nand2         1 11.2     0   231    3821    (-,-) 
  u_core_u_ctx_bank_ctx_snapshot_q_reg[1][nfast_hit_packed][432]/d <<<     -       R     unmapped_d_flop        1    -     -     0    3821    (-,-) 
#---------------------------------------------------------------------------------------------------------------------------------------------------

(u) : Net has unmapped pin(s).

Capture clock path:
#-------------------------------------------------------------------------------------------------------------------------------------------------
#                           Timing Point                             Flags   Arc   Edge      Cell        Fanout Load Trans Delay Arrival Instance 
#                                                                                                               (fF)  (ps)  (ps)   (ps)  Location 
#-------------------------------------------------------------------------------------------------------------------------------------------------
  clk_sys                                                            (i,u)   -     R     (arrival)         4853  0.0     0     0    6250    (-,-) 
  u_core_u_ctx_bank_ctx_snapshot_q_reg[1][nfast_hit_packed][432]/clk <<<     -     R     unmapped_d_flop   4853    -   150     0    6250    (-,-) 
#-------------------------------------------------------------------------------------------------------------------------------------------------



Path 50: MET (1442 ps) Setup Check with Pin u_core_u_ctx_bank_ctx_snapshot_q_reg[1][nfast_hit_packed][431]/clk->d
           View: wc_view
          Group: clk_sys
     Startpoint: (R) u_core_u_meas_ctrl_state_q_reg[1]/clk
          Clock: (R) clk_sys
       Endpoint: (R) u_core_u_ctx_bank_ctx_snapshot_q_reg[1][nfast_hit_packed][431]/d
          Clock: (R) clk_sys

                     Capture       Launch     
        Clock Edge:+    6250            0     
       Src Latency:+       0            0     
       Net Latency:+       0 (I)        0 (I) 
           Arrival:=    6250            0     
                                              
             Setup:-     687                  
       Uncertainty:-     300                  
     Required Time:=    5263                  
      Launch Clock:-       0                  
         Data Path:-    3821                  
             Slack:=    1442                  

Launch clock path:
#--------------------------------------------------------------------------------------------------------------------
#             Timing Point              Flags   Arc   Edge      Cell        Fanout Load Trans Delay Arrival Instance 
#                                                                                  (fF)  (ps)  (ps)   (ps)  Location 
#--------------------------------------------------------------------------------------------------------------------
  clk_sys                               (i,u)   -     R     (arrival)         4853  0.0     0     0       0    (-,-) 
  u_core_u_meas_ctrl_state_q_reg[1]/clk <<<     -     R     unmapped_d_flop   4853    -   150     0       0    (-,-) 
#--------------------------------------------------------------------------------------------------------------------

#---------------------------------------------------------------------------------------------------------------------------------------------------
#                          Timing Point                            Flags    Arc    Edge       Cell         Fanout Load Trans Delay Arrival Instance 
#                                                                                                                 (fF)  (ps)  (ps)   (ps)  Location 
#---------------------------------------------------------------------------------------------------------------------------------------------------
  u_core_u_meas_ctrl_state_q_reg[1]/clk                            -       -       R     (arrival)           4853    -   150     0       0    (-,-) 
  u_core_u_meas_ctrl_state_q_reg[1]/q                              (u)     clk->q  R     unmapped_d_flop        6 67.2     0  1466    1466    (-,-) 
  g65402/z                                                         (u)     in_1->z F     unmapped_nand2         1 11.2     0   231    1697    (-,-) 
  g65128/z                                                         (u)     in_0->z F     unmapped_complex2      5 56.0     0   417    2114    (-,-) 
  g64899/z                                                         (u)     in_0->z F     unmapped_complex2      3 33.6     0   327    2441    (-,-) 
  g64527/z                                                         (u)     in_1->z F     unmapped_complex2    538 56.0     0   918    3358    (-,-) 
  g62902/z                                                         (u)     in_0->z F     unmapped_complex2      1 11.2     0   231    3590    (-,-) 
  g62041/z                                                         (u)     in_1->z R     unmapped_nand2         1 11.2     0   231    3821    (-,-) 
  u_core_u_ctx_bank_ctx_snapshot_q_reg[1][nfast_hit_packed][431]/d <<<     -       R     unmapped_d_flop        1    -     -     0    3821    (-,-) 
#---------------------------------------------------------------------------------------------------------------------------------------------------

(u) : Net has unmapped pin(s).

Capture clock path:
#-------------------------------------------------------------------------------------------------------------------------------------------------
#                           Timing Point                             Flags   Arc   Edge      Cell        Fanout Load Trans Delay Arrival Instance 
#                                                                                                               (fF)  (ps)  (ps)   (ps)  Location 
#-------------------------------------------------------------------------------------------------------------------------------------------------
  clk_sys                                                            (i,u)   -     R     (arrival)         4853  0.0     0     0    6250    (-,-) 
  u_core_u_ctx_bank_ctx_snapshot_q_reg[1][nfast_hit_packed][431]/clk <<<     -     R     unmapped_d_flop   4853    -   150     0    6250    (-,-) 
#-------------------------------------------------------------------------------------------------------------------------------------------------



Path 51: MET (1442 ps) Setup Check with Pin u_core_u_ctx_bank_ctx_snapshot_q_reg[1][nfast_hit_packed][430]/clk->d
           View: wc_view
          Group: clk_sys
     Startpoint: (R) u_core_u_meas_ctrl_state_q_reg[1]/clk
          Clock: (R) clk_sys
       Endpoint: (R) u_core_u_ctx_bank_ctx_snapshot_q_reg[1][nfast_hit_packed][430]/d
          Clock: (R) clk_sys

                     Capture       Launch     
        Clock Edge:+    6250            0     
       Src Latency:+       0            0     
       Net Latency:+       0 (I)        0 (I) 
           Arrival:=    6250            0     
                                              
             Setup:-     687                  
       Uncertainty:-     300                  
     Required Time:=    5263                  
      Launch Clock:-       0                  
         Data Path:-    3821                  
             Slack:=    1442                  

Launch clock path:
#--------------------------------------------------------------------------------------------------------------------
#             Timing Point              Flags   Arc   Edge      Cell        Fanout Load Trans Delay Arrival Instance 
#                                                                                  (fF)  (ps)  (ps)   (ps)  Location 
#--------------------------------------------------------------------------------------------------------------------
  clk_sys                               (i,u)   -     R     (arrival)         4853  0.0     0     0       0    (-,-) 
  u_core_u_meas_ctrl_state_q_reg[1]/clk <<<     -     R     unmapped_d_flop   4853    -   150     0       0    (-,-) 
#--------------------------------------------------------------------------------------------------------------------

#---------------------------------------------------------------------------------------------------------------------------------------------------
#                          Timing Point                            Flags    Arc    Edge       Cell         Fanout Load Trans Delay Arrival Instance 
#                                                                                                                 (fF)  (ps)  (ps)   (ps)  Location 
#---------------------------------------------------------------------------------------------------------------------------------------------------
  u_core_u_meas_ctrl_state_q_reg[1]/clk                            -       -       R     (arrival)           4853    -   150     0       0    (-,-) 
  u_core_u_meas_ctrl_state_q_reg[1]/q                              (u)     clk->q  R     unmapped_d_flop        6 67.2     0  1466    1466    (-,-) 
  g65402/z                                                         (u)     in_1->z F     unmapped_nand2         1 11.2     0   231    1697    (-,-) 
  g65128/z                                                         (u)     in_0->z F     unmapped_complex2      5 56.0     0   417    2114    (-,-) 
  g64899/z                                                         (u)     in_0->z F     unmapped_complex2      3 33.6     0   327    2441    (-,-) 
  g64527/z                                                         (u)     in_1->z F     unmapped_complex2    538 56.0     0   918    3358    (-,-) 
  g62908/z                                                         (u)     in_0->z F     unmapped_complex2      1 11.2     0   231    3590    (-,-) 
  g62052/z                                                         (u)     in_1->z R     unmapped_nand2         1 11.2     0   231    3821    (-,-) 
  u_core_u_ctx_bank_ctx_snapshot_q_reg[1][nfast_hit_packed][430]/d <<<     -       R     unmapped_d_flop        1    -     -     0    3821    (-,-) 
#---------------------------------------------------------------------------------------------------------------------------------------------------

(u) : Net has unmapped pin(s).

Capture clock path:
#-------------------------------------------------------------------------------------------------------------------------------------------------
#                           Timing Point                             Flags   Arc   Edge      Cell        Fanout Load Trans Delay Arrival Instance 
#                                                                                                               (fF)  (ps)  (ps)   (ps)  Location 
#-------------------------------------------------------------------------------------------------------------------------------------------------
  clk_sys                                                            (i,u)   -     R     (arrival)         4853  0.0     0     0    6250    (-,-) 
  u_core_u_ctx_bank_ctx_snapshot_q_reg[1][nfast_hit_packed][430]/clk <<<     -     R     unmapped_d_flop   4853    -   150     0    6250    (-,-) 
#-------------------------------------------------------------------------------------------------------------------------------------------------



Path 52: MET (1442 ps) Setup Check with Pin u_core_u_ctx_bank_ctx_snapshot_q_reg[1][nfast_hit_packed][429]/clk->d
           View: wc_view
          Group: clk_sys
     Startpoint: (R) u_core_u_meas_ctrl_state_q_reg[1]/clk
          Clock: (R) clk_sys
       Endpoint: (R) u_core_u_ctx_bank_ctx_snapshot_q_reg[1][nfast_hit_packed][429]/d
          Clock: (R) clk_sys

                     Capture       Launch     
        Clock Edge:+    6250            0     
       Src Latency:+       0            0     
       Net Latency:+       0 (I)        0 (I) 
           Arrival:=    6250            0     
                                              
             Setup:-     687                  
       Uncertainty:-     300                  
     Required Time:=    5263                  
      Launch Clock:-       0                  
         Data Path:-    3821                  
             Slack:=    1442                  

Launch clock path:
#--------------------------------------------------------------------------------------------------------------------
#             Timing Point              Flags   Arc   Edge      Cell        Fanout Load Trans Delay Arrival Instance 
#                                                                                  (fF)  (ps)  (ps)   (ps)  Location 
#--------------------------------------------------------------------------------------------------------------------
  clk_sys                               (i,u)   -     R     (arrival)         4853  0.0     0     0       0    (-,-) 
  u_core_u_meas_ctrl_state_q_reg[1]/clk <<<     -     R     unmapped_d_flop   4853    -   150     0       0    (-,-) 
#--------------------------------------------------------------------------------------------------------------------

#---------------------------------------------------------------------------------------------------------------------------------------------------
#                          Timing Point                            Flags    Arc    Edge       Cell         Fanout Load Trans Delay Arrival Instance 
#                                                                                                                 (fF)  (ps)  (ps)   (ps)  Location 
#---------------------------------------------------------------------------------------------------------------------------------------------------
  u_core_u_meas_ctrl_state_q_reg[1]/clk                            -       -       R     (arrival)           4853    -   150     0       0    (-,-) 
  u_core_u_meas_ctrl_state_q_reg[1]/q                              (u)     clk->q  R     unmapped_d_flop        6 67.2     0  1466    1466    (-,-) 
  g65402/z                                                         (u)     in_1->z F     unmapped_nand2         1 11.2     0   231    1697    (-,-) 
  g65128/z                                                         (u)     in_0->z F     unmapped_complex2      5 56.0     0   417    2114    (-,-) 
  g64899/z                                                         (u)     in_0->z F     unmapped_complex2      3 33.6     0   327    2441    (-,-) 
  g64527/z                                                         (u)     in_1->z F     unmapped_complex2    538 56.0     0   918    3358    (-,-) 
  g62914/z                                                         (u)     in_0->z F     unmapped_complex2      1 11.2     0   231    3590    (-,-) 
  g62061/z                                                         (u)     in_1->z R     unmapped_nand2         1 11.2     0   231    3821    (-,-) 
  u_core_u_ctx_bank_ctx_snapshot_q_reg[1][nfast_hit_packed][429]/d <<<     -       R     unmapped_d_flop        1    -     -     0    3821    (-,-) 
#---------------------------------------------------------------------------------------------------------------------------------------------------

(u) : Net has unmapped pin(s).

Capture clock path:
#-------------------------------------------------------------------------------------------------------------------------------------------------
#                           Timing Point                             Flags   Arc   Edge      Cell        Fanout Load Trans Delay Arrival Instance 
#                                                                                                               (fF)  (ps)  (ps)   (ps)  Location 
#-------------------------------------------------------------------------------------------------------------------------------------------------
  clk_sys                                                            (i,u)   -     R     (arrival)         4853  0.0     0     0    6250    (-,-) 
  u_core_u_ctx_bank_ctx_snapshot_q_reg[1][nfast_hit_packed][429]/clk <<<     -     R     unmapped_d_flop   4853    -   150     0    6250    (-,-) 
#-------------------------------------------------------------------------------------------------------------------------------------------------



Path 53: MET (1442 ps) Setup Check with Pin u_core_u_ctx_bank_ctx_snapshot_q_reg[1][nfast_hit_packed][428]/clk->d
           View: wc_view
          Group: clk_sys
     Startpoint: (R) u_core_u_meas_ctrl_state_q_reg[1]/clk
          Clock: (R) clk_sys
       Endpoint: (R) u_core_u_ctx_bank_ctx_snapshot_q_reg[1][nfast_hit_packed][428]/d
          Clock: (R) clk_sys

                     Capture       Launch     
        Clock Edge:+    6250            0     
       Src Latency:+       0            0     
       Net Latency:+       0 (I)        0 (I) 
           Arrival:=    6250            0     
                                              
             Setup:-     687                  
       Uncertainty:-     300                  
     Required Time:=    5263                  
      Launch Clock:-       0                  
         Data Path:-    3821                  
             Slack:=    1442                  

Launch clock path:
#--------------------------------------------------------------------------------------------------------------------
#             Timing Point              Flags   Arc   Edge      Cell        Fanout Load Trans Delay Arrival Instance 
#                                                                                  (fF)  (ps)  (ps)   (ps)  Location 
#--------------------------------------------------------------------------------------------------------------------
  clk_sys                               (i,u)   -     R     (arrival)         4853  0.0     0     0       0    (-,-) 
  u_core_u_meas_ctrl_state_q_reg[1]/clk <<<     -     R     unmapped_d_flop   4853    -   150     0       0    (-,-) 
#--------------------------------------------------------------------------------------------------------------------

#---------------------------------------------------------------------------------------------------------------------------------------------------
#                          Timing Point                            Flags    Arc    Edge       Cell         Fanout Load Trans Delay Arrival Instance 
#                                                                                                                 (fF)  (ps)  (ps)   (ps)  Location 
#---------------------------------------------------------------------------------------------------------------------------------------------------
  u_core_u_meas_ctrl_state_q_reg[1]/clk                            -       -       R     (arrival)           4853    -   150     0       0    (-,-) 
  u_core_u_meas_ctrl_state_q_reg[1]/q                              (u)     clk->q  R     unmapped_d_flop        6 67.2     0  1466    1466    (-,-) 
  g65402/z                                                         (u)     in_1->z F     unmapped_nand2         1 11.2     0   231    1697    (-,-) 
  g65128/z                                                         (u)     in_0->z F     unmapped_complex2      5 56.0     0   417    2114    (-,-) 
  g64899/z                                                         (u)     in_0->z F     unmapped_complex2      3 33.6     0   327    2441    (-,-) 
  g64527/z                                                         (u)     in_1->z F     unmapped_complex2    538 56.0     0   918    3358    (-,-) 
  g62920/z                                                         (u)     in_0->z F     unmapped_complex2      1 11.2     0   231    3590    (-,-) 
  g62070/z                                                         (u)     in_1->z R     unmapped_nand2         1 11.2     0   231    3821    (-,-) 
  u_core_u_ctx_bank_ctx_snapshot_q_reg[1][nfast_hit_packed][428]/d <<<     -       R     unmapped_d_flop        1    -     -     0    3821    (-,-) 
#---------------------------------------------------------------------------------------------------------------------------------------------------

(u) : Net has unmapped pin(s).

Capture clock path:
#-------------------------------------------------------------------------------------------------------------------------------------------------
#                           Timing Point                             Flags   Arc   Edge      Cell        Fanout Load Trans Delay Arrival Instance 
#                                                                                                               (fF)  (ps)  (ps)   (ps)  Location 
#-------------------------------------------------------------------------------------------------------------------------------------------------
  clk_sys                                                            (i,u)   -     R     (arrival)         4853  0.0     0     0    6250    (-,-) 
  u_core_u_ctx_bank_ctx_snapshot_q_reg[1][nfast_hit_packed][428]/clk <<<     -     R     unmapped_d_flop   4853    -   150     0    6250    (-,-) 
#-------------------------------------------------------------------------------------------------------------------------------------------------



Path 54: MET (1442 ps) Setup Check with Pin u_core_u_ctx_bank_ctx_snapshot_q_reg[1][nfast_hit_packed][427]/clk->d
           View: wc_view
          Group: clk_sys
     Startpoint: (R) u_core_u_meas_ctrl_state_q_reg[1]/clk
          Clock: (R) clk_sys
       Endpoint: (R) u_core_u_ctx_bank_ctx_snapshot_q_reg[1][nfast_hit_packed][427]/d
          Clock: (R) clk_sys

                     Capture       Launch     
        Clock Edge:+    6250            0     
       Src Latency:+       0            0     
       Net Latency:+       0 (I)        0 (I) 
           Arrival:=    6250            0     
                                              
             Setup:-     687                  
       Uncertainty:-     300                  
     Required Time:=    5263                  
      Launch Clock:-       0                  
         Data Path:-    3821                  
             Slack:=    1442                  

Launch clock path:
#--------------------------------------------------------------------------------------------------------------------
#             Timing Point              Flags   Arc   Edge      Cell        Fanout Load Trans Delay Arrival Instance 
#                                                                                  (fF)  (ps)  (ps)   (ps)  Location 
#--------------------------------------------------------------------------------------------------------------------
  clk_sys                               (i,u)   -     R     (arrival)         4853  0.0     0     0       0    (-,-) 
  u_core_u_meas_ctrl_state_q_reg[1]/clk <<<     -     R     unmapped_d_flop   4853    -   150     0       0    (-,-) 
#--------------------------------------------------------------------------------------------------------------------

#---------------------------------------------------------------------------------------------------------------------------------------------------
#                          Timing Point                            Flags    Arc    Edge       Cell         Fanout Load Trans Delay Arrival Instance 
#                                                                                                                 (fF)  (ps)  (ps)   (ps)  Location 
#---------------------------------------------------------------------------------------------------------------------------------------------------
  u_core_u_meas_ctrl_state_q_reg[1]/clk                            -       -       R     (arrival)           4853    -   150     0       0    (-,-) 
  u_core_u_meas_ctrl_state_q_reg[1]/q                              (u)     clk->q  R     unmapped_d_flop        6 67.2     0  1466    1466    (-,-) 
  g65402/z                                                         (u)     in_1->z F     unmapped_nand2         1 11.2     0   231    1697    (-,-) 
  g65128/z                                                         (u)     in_0->z F     unmapped_complex2      5 56.0     0   417    2114    (-,-) 
  g64899/z                                                         (u)     in_0->z F     unmapped_complex2      3 33.6     0   327    2441    (-,-) 
  g64527/z                                                         (u)     in_1->z F     unmapped_complex2    538 56.0     0   918    3358    (-,-) 
  g62926/z                                                         (u)     in_0->z F     unmapped_complex2      1 11.2     0   231    3590    (-,-) 
  g62081/z                                                         (u)     in_1->z R     unmapped_nand2         1 11.2     0   231    3821    (-,-) 
  u_core_u_ctx_bank_ctx_snapshot_q_reg[1][nfast_hit_packed][427]/d <<<     -       R     unmapped_d_flop        1    -     -     0    3821    (-,-) 
#---------------------------------------------------------------------------------------------------------------------------------------------------

(u) : Net has unmapped pin(s).

Capture clock path:
#-------------------------------------------------------------------------------------------------------------------------------------------------
#                           Timing Point                             Flags   Arc   Edge      Cell        Fanout Load Trans Delay Arrival Instance 
#                                                                                                               (fF)  (ps)  (ps)   (ps)  Location 
#-------------------------------------------------------------------------------------------------------------------------------------------------
  clk_sys                                                            (i,u)   -     R     (arrival)         4853  0.0     0     0    6250    (-,-) 
  u_core_u_ctx_bank_ctx_snapshot_q_reg[1][nfast_hit_packed][427]/clk <<<     -     R     unmapped_d_flop   4853    -   150     0    6250    (-,-) 
#-------------------------------------------------------------------------------------------------------------------------------------------------



Path 55: MET (1442 ps) Setup Check with Pin u_core_u_ctx_bank_ctx_snapshot_q_reg[1][nfast_hit_packed][426]/clk->d
           View: wc_view
          Group: clk_sys
     Startpoint: (R) u_core_u_meas_ctrl_state_q_reg[1]/clk
          Clock: (R) clk_sys
       Endpoint: (R) u_core_u_ctx_bank_ctx_snapshot_q_reg[1][nfast_hit_packed][426]/d
          Clock: (R) clk_sys

                     Capture       Launch     
        Clock Edge:+    6250            0     
       Src Latency:+       0            0     
       Net Latency:+       0 (I)        0 (I) 
           Arrival:=    6250            0     
                                              
             Setup:-     687                  
       Uncertainty:-     300                  
     Required Time:=    5263                  
      Launch Clock:-       0                  
         Data Path:-    3821                  
             Slack:=    1442                  

Launch clock path:
#--------------------------------------------------------------------------------------------------------------------
#             Timing Point              Flags   Arc   Edge      Cell        Fanout Load Trans Delay Arrival Instance 
#                                                                                  (fF)  (ps)  (ps)   (ps)  Location 
#--------------------------------------------------------------------------------------------------------------------
  clk_sys                               (i,u)   -     R     (arrival)         4853  0.0     0     0       0    (-,-) 
  u_core_u_meas_ctrl_state_q_reg[1]/clk <<<     -     R     unmapped_d_flop   4853    -   150     0       0    (-,-) 
#--------------------------------------------------------------------------------------------------------------------

#---------------------------------------------------------------------------------------------------------------------------------------------------
#                          Timing Point                            Flags    Arc    Edge       Cell         Fanout Load Trans Delay Arrival Instance 
#                                                                                                                 (fF)  (ps)  (ps)   (ps)  Location 
#---------------------------------------------------------------------------------------------------------------------------------------------------
  u_core_u_meas_ctrl_state_q_reg[1]/clk                            -       -       R     (arrival)           4853    -   150     0       0    (-,-) 
  u_core_u_meas_ctrl_state_q_reg[1]/q                              (u)     clk->q  R     unmapped_d_flop        6 67.2     0  1466    1466    (-,-) 
  g65402/z                                                         (u)     in_1->z F     unmapped_nand2         1 11.2     0   231    1697    (-,-) 
  g65128/z                                                         (u)     in_0->z F     unmapped_complex2      5 56.0     0   417    2114    (-,-) 
  g64899/z                                                         (u)     in_0->z F     unmapped_complex2      3 33.6     0   327    2441    (-,-) 
  g64527/z                                                         (u)     in_1->z F     unmapped_complex2    538 56.0     0   918    3358    (-,-) 
  g62932/z                                                         (u)     in_0->z F     unmapped_complex2      1 11.2     0   231    3590    (-,-) 
  g62090/z                                                         (u)     in_1->z R     unmapped_nand2         1 11.2     0   231    3821    (-,-) 
  u_core_u_ctx_bank_ctx_snapshot_q_reg[1][nfast_hit_packed][426]/d <<<     -       R     unmapped_d_flop        1    -     -     0    3821    (-,-) 
#---------------------------------------------------------------------------------------------------------------------------------------------------

(u) : Net has unmapped pin(s).

Capture clock path:
#-------------------------------------------------------------------------------------------------------------------------------------------------
#                           Timing Point                             Flags   Arc   Edge      Cell        Fanout Load Trans Delay Arrival Instance 
#                                                                                                               (fF)  (ps)  (ps)   (ps)  Location 
#-------------------------------------------------------------------------------------------------------------------------------------------------
  clk_sys                                                            (i,u)   -     R     (arrival)         4853  0.0     0     0    6250    (-,-) 
  u_core_u_ctx_bank_ctx_snapshot_q_reg[1][nfast_hit_packed][426]/clk <<<     -     R     unmapped_d_flop   4853    -   150     0    6250    (-,-) 
#-------------------------------------------------------------------------------------------------------------------------------------------------



Path 56: MET (1442 ps) Setup Check with Pin u_core_u_ctx_bank_ctx_snapshot_q_reg[1][nfast_hit_packed][425]/clk->d
           View: wc_view
          Group: clk_sys
     Startpoint: (R) u_core_u_meas_ctrl_state_q_reg[1]/clk
          Clock: (R) clk_sys
       Endpoint: (R) u_core_u_ctx_bank_ctx_snapshot_q_reg[1][nfast_hit_packed][425]/d
          Clock: (R) clk_sys

                     Capture       Launch     
        Clock Edge:+    6250            0     
       Src Latency:+       0            0     
       Net Latency:+       0 (I)        0 (I) 
           Arrival:=    6250            0     
                                              
             Setup:-     687                  
       Uncertainty:-     300                  
     Required Time:=    5263                  
      Launch Clock:-       0                  
         Data Path:-    3821                  
             Slack:=    1442                  

Launch clock path:
#--------------------------------------------------------------------------------------------------------------------
#             Timing Point              Flags   Arc   Edge      Cell        Fanout Load Trans Delay Arrival Instance 
#                                                                                  (fF)  (ps)  (ps)   (ps)  Location 
#--------------------------------------------------------------------------------------------------------------------
  clk_sys                               (i,u)   -     R     (arrival)         4853  0.0     0     0       0    (-,-) 
  u_core_u_meas_ctrl_state_q_reg[1]/clk <<<     -     R     unmapped_d_flop   4853    -   150     0       0    (-,-) 
#--------------------------------------------------------------------------------------------------------------------

#---------------------------------------------------------------------------------------------------------------------------------------------------
#                          Timing Point                            Flags    Arc    Edge       Cell         Fanout Load Trans Delay Arrival Instance 
#                                                                                                                 (fF)  (ps)  (ps)   (ps)  Location 
#---------------------------------------------------------------------------------------------------------------------------------------------------
  u_core_u_meas_ctrl_state_q_reg[1]/clk                            -       -       R     (arrival)           4853    -   150     0       0    (-,-) 
  u_core_u_meas_ctrl_state_q_reg[1]/q                              (u)     clk->q  R     unmapped_d_flop        6 67.2     0  1466    1466    (-,-) 
  g65402/z                                                         (u)     in_1->z F     unmapped_nand2         1 11.2     0   231    1697    (-,-) 
  g65128/z                                                         (u)     in_0->z F     unmapped_complex2      5 56.0     0   417    2114    (-,-) 
  g64899/z                                                         (u)     in_0->z F     unmapped_complex2      3 33.6     0   327    2441    (-,-) 
  g64527/z                                                         (u)     in_1->z F     unmapped_complex2    538 56.0     0   918    3358    (-,-) 
  g62938/z                                                         (u)     in_0->z F     unmapped_complex2      1 11.2     0   231    3590    (-,-) 
  g62101/z                                                         (u)     in_1->z R     unmapped_nand2         1 11.2     0   231    3821    (-,-) 
  u_core_u_ctx_bank_ctx_snapshot_q_reg[1][nfast_hit_packed][425]/d <<<     -       R     unmapped_d_flop        1    -     -     0    3821    (-,-) 
#---------------------------------------------------------------------------------------------------------------------------------------------------

(u) : Net has unmapped pin(s).

Capture clock path:
#-------------------------------------------------------------------------------------------------------------------------------------------------
#                           Timing Point                             Flags   Arc   Edge      Cell        Fanout Load Trans Delay Arrival Instance 
#                                                                                                               (fF)  (ps)  (ps)   (ps)  Location 
#-------------------------------------------------------------------------------------------------------------------------------------------------
  clk_sys                                                            (i,u)   -     R     (arrival)         4853  0.0     0     0    6250    (-,-) 
  u_core_u_ctx_bank_ctx_snapshot_q_reg[1][nfast_hit_packed][425]/clk <<<     -     R     unmapped_d_flop   4853    -   150     0    6250    (-,-) 
#-------------------------------------------------------------------------------------------------------------------------------------------------



Path 57: MET (1442 ps) Setup Check with Pin u_core_u_ctx_bank_ctx_snapshot_q_reg[1][nfast_hit_packed][424]/clk->d
           View: wc_view
          Group: clk_sys
     Startpoint: (R) u_core_u_meas_ctrl_state_q_reg[1]/clk
          Clock: (R) clk_sys
       Endpoint: (R) u_core_u_ctx_bank_ctx_snapshot_q_reg[1][nfast_hit_packed][424]/d
          Clock: (R) clk_sys

                     Capture       Launch     
        Clock Edge:+    6250            0     
       Src Latency:+       0            0     
       Net Latency:+       0 (I)        0 (I) 
           Arrival:=    6250            0     
                                              
             Setup:-     687                  
       Uncertainty:-     300                  
     Required Time:=    5263                  
      Launch Clock:-       0                  
         Data Path:-    3821                  
             Slack:=    1442                  

Launch clock path:
#--------------------------------------------------------------------------------------------------------------------
#             Timing Point              Flags   Arc   Edge      Cell        Fanout Load Trans Delay Arrival Instance 
#                                                                                  (fF)  (ps)  (ps)   (ps)  Location 
#--------------------------------------------------------------------------------------------------------------------
  clk_sys                               (i,u)   -     R     (arrival)         4853  0.0     0     0       0    (-,-) 
  u_core_u_meas_ctrl_state_q_reg[1]/clk <<<     -     R     unmapped_d_flop   4853    -   150     0       0    (-,-) 
#--------------------------------------------------------------------------------------------------------------------

#---------------------------------------------------------------------------------------------------------------------------------------------------
#                          Timing Point                            Flags    Arc    Edge       Cell         Fanout Load Trans Delay Arrival Instance 
#                                                                                                                 (fF)  (ps)  (ps)   (ps)  Location 
#---------------------------------------------------------------------------------------------------------------------------------------------------
  u_core_u_meas_ctrl_state_q_reg[1]/clk                            -       -       R     (arrival)           4853    -   150     0       0    (-,-) 
  u_core_u_meas_ctrl_state_q_reg[1]/q                              (u)     clk->q  R     unmapped_d_flop        6 67.2     0  1466    1466    (-,-) 
  g65402/z                                                         (u)     in_1->z F     unmapped_nand2         1 11.2     0   231    1697    (-,-) 
  g65128/z                                                         (u)     in_0->z F     unmapped_complex2      5 56.0     0   417    2114    (-,-) 
  g64899/z                                                         (u)     in_0->z F     unmapped_complex2      3 33.6     0   327    2441    (-,-) 
  g64527/z                                                         (u)     in_1->z F     unmapped_complex2    538 56.0     0   918    3358    (-,-) 
  g62946/z                                                         (u)     in_0->z F     unmapped_complex2      1 11.2     0   231    3590    (-,-) 
  g62113/z                                                         (u)     in_1->z R     unmapped_nand2         1 11.2     0   231    3821    (-,-) 
  u_core_u_ctx_bank_ctx_snapshot_q_reg[1][nfast_hit_packed][424]/d <<<     -       R     unmapped_d_flop        1    -     -     0    3821    (-,-) 
#---------------------------------------------------------------------------------------------------------------------------------------------------

(u) : Net has unmapped pin(s).

Capture clock path:
#-------------------------------------------------------------------------------------------------------------------------------------------------
#                           Timing Point                             Flags   Arc   Edge      Cell        Fanout Load Trans Delay Arrival Instance 
#                                                                                                               (fF)  (ps)  (ps)   (ps)  Location 
#-------------------------------------------------------------------------------------------------------------------------------------------------
  clk_sys                                                            (i,u)   -     R     (arrival)         4853  0.0     0     0    6250    (-,-) 
  u_core_u_ctx_bank_ctx_snapshot_q_reg[1][nfast_hit_packed][424]/clk <<<     -     R     unmapped_d_flop   4853    -   150     0    6250    (-,-) 
#-------------------------------------------------------------------------------------------------------------------------------------------------



Path 58: MET (1442 ps) Setup Check with Pin u_core_u_ctx_bank_ctx_snapshot_q_reg[1][nfast_hit_packed][423]/clk->d
           View: wc_view
          Group: clk_sys
     Startpoint: (R) u_core_u_meas_ctrl_state_q_reg[1]/clk
          Clock: (R) clk_sys
       Endpoint: (R) u_core_u_ctx_bank_ctx_snapshot_q_reg[1][nfast_hit_packed][423]/d
          Clock: (R) clk_sys

                     Capture       Launch     
        Clock Edge:+    6250            0     
       Src Latency:+       0            0     
       Net Latency:+       0 (I)        0 (I) 
           Arrival:=    6250            0     
                                              
             Setup:-     687                  
       Uncertainty:-     300                  
     Required Time:=    5263                  
      Launch Clock:-       0                  
         Data Path:-    3821                  
             Slack:=    1442                  

Launch clock path:
#--------------------------------------------------------------------------------------------------------------------
#             Timing Point              Flags   Arc   Edge      Cell        Fanout Load Trans Delay Arrival Instance 
#                                                                                  (fF)  (ps)  (ps)   (ps)  Location 
#--------------------------------------------------------------------------------------------------------------------
  clk_sys                               (i,u)   -     R     (arrival)         4853  0.0     0     0       0    (-,-) 
  u_core_u_meas_ctrl_state_q_reg[1]/clk <<<     -     R     unmapped_d_flop   4853    -   150     0       0    (-,-) 
#--------------------------------------------------------------------------------------------------------------------

#---------------------------------------------------------------------------------------------------------------------------------------------------
#                          Timing Point                            Flags    Arc    Edge       Cell         Fanout Load Trans Delay Arrival Instance 
#                                                                                                                 (fF)  (ps)  (ps)   (ps)  Location 
#---------------------------------------------------------------------------------------------------------------------------------------------------
  u_core_u_meas_ctrl_state_q_reg[1]/clk                            -       -       R     (arrival)           4853    -   150     0       0    (-,-) 
  u_core_u_meas_ctrl_state_q_reg[1]/q                              (u)     clk->q  R     unmapped_d_flop        6 67.2     0  1466    1466    (-,-) 
  g65402/z                                                         (u)     in_1->z F     unmapped_nand2         1 11.2     0   231    1697    (-,-) 
  g65128/z                                                         (u)     in_0->z F     unmapped_complex2      5 56.0     0   417    2114    (-,-) 
  g64899/z                                                         (u)     in_0->z F     unmapped_complex2      3 33.6     0   327    2441    (-,-) 
  g64527/z                                                         (u)     in_1->z F     unmapped_complex2    538 56.0     0   918    3358    (-,-) 
  g62952/z                                                         (u)     in_0->z F     unmapped_complex2      1 11.2     0   231    3590    (-,-) 
  g60664/z                                                         (u)     in_1->z R     unmapped_nand2         1 11.2     0   231    3821    (-,-) 
  u_core_u_ctx_bank_ctx_snapshot_q_reg[1][nfast_hit_packed][423]/d <<<     -       R     unmapped_d_flop        1    -     -     0    3821    (-,-) 
#---------------------------------------------------------------------------------------------------------------------------------------------------

(u) : Net has unmapped pin(s).

Capture clock path:
#-------------------------------------------------------------------------------------------------------------------------------------------------
#                           Timing Point                             Flags   Arc   Edge      Cell        Fanout Load Trans Delay Arrival Instance 
#                                                                                                               (fF)  (ps)  (ps)   (ps)  Location 
#-------------------------------------------------------------------------------------------------------------------------------------------------
  clk_sys                                                            (i,u)   -     R     (arrival)         4853  0.0     0     0    6250    (-,-) 
  u_core_u_ctx_bank_ctx_snapshot_q_reg[1][nfast_hit_packed][423]/clk <<<     -     R     unmapped_d_flop   4853    -   150     0    6250    (-,-) 
#-------------------------------------------------------------------------------------------------------------------------------------------------



Path 59: MET (1442 ps) Setup Check with Pin u_core_u_ctx_bank_ctx_snapshot_q_reg[1][nfast_hit_packed][422]/clk->d
           View: wc_view
          Group: clk_sys
     Startpoint: (R) u_core_u_meas_ctrl_state_q_reg[1]/clk
          Clock: (R) clk_sys
       Endpoint: (R) u_core_u_ctx_bank_ctx_snapshot_q_reg[1][nfast_hit_packed][422]/d
          Clock: (R) clk_sys

                     Capture       Launch     
        Clock Edge:+    6250            0     
       Src Latency:+       0            0     
       Net Latency:+       0 (I)        0 (I) 
           Arrival:=    6250            0     
                                              
             Setup:-     687                  
       Uncertainty:-     300                  
     Required Time:=    5263                  
      Launch Clock:-       0                  
         Data Path:-    3821                  
             Slack:=    1442                  

Launch clock path:
#--------------------------------------------------------------------------------------------------------------------
#             Timing Point              Flags   Arc   Edge      Cell        Fanout Load Trans Delay Arrival Instance 
#                                                                                  (fF)  (ps)  (ps)   (ps)  Location 
#--------------------------------------------------------------------------------------------------------------------
  clk_sys                               (i,u)   -     R     (arrival)         4853  0.0     0     0       0    (-,-) 
  u_core_u_meas_ctrl_state_q_reg[1]/clk <<<     -     R     unmapped_d_flop   4853    -   150     0       0    (-,-) 
#--------------------------------------------------------------------------------------------------------------------

#---------------------------------------------------------------------------------------------------------------------------------------------------
#                          Timing Point                            Flags    Arc    Edge       Cell         Fanout Load Trans Delay Arrival Instance 
#                                                                                                                 (fF)  (ps)  (ps)   (ps)  Location 
#---------------------------------------------------------------------------------------------------------------------------------------------------
  u_core_u_meas_ctrl_state_q_reg[1]/clk                            -       -       R     (arrival)           4853    -   150     0       0    (-,-) 
  u_core_u_meas_ctrl_state_q_reg[1]/q                              (u)     clk->q  R     unmapped_d_flop        6 67.2     0  1466    1466    (-,-) 
  g65402/z                                                         (u)     in_1->z F     unmapped_nand2         1 11.2     0   231    1697    (-,-) 
  g65128/z                                                         (u)     in_0->z F     unmapped_complex2      5 56.0     0   417    2114    (-,-) 
  g64899/z                                                         (u)     in_0->z F     unmapped_complex2      3 33.6     0   327    2441    (-,-) 
  g64527/z                                                         (u)     in_1->z F     unmapped_complex2    538 56.0     0   918    3358    (-,-) 
  g62958/z                                                         (u)     in_0->z F     unmapped_complex2      1 11.2     0   231    3590    (-,-) 
  g60673/z                                                         (u)     in_1->z R     unmapped_nand2         1 11.2     0   231    3821    (-,-) 
  u_core_u_ctx_bank_ctx_snapshot_q_reg[1][nfast_hit_packed][422]/d <<<     -       R     unmapped_d_flop        1    -     -     0    3821    (-,-) 
#---------------------------------------------------------------------------------------------------------------------------------------------------

(u) : Net has unmapped pin(s).

Capture clock path:
#-------------------------------------------------------------------------------------------------------------------------------------------------
#                           Timing Point                             Flags   Arc   Edge      Cell        Fanout Load Trans Delay Arrival Instance 
#                                                                                                               (fF)  (ps)  (ps)   (ps)  Location 
#-------------------------------------------------------------------------------------------------------------------------------------------------
  clk_sys                                                            (i,u)   -     R     (arrival)         4853  0.0     0     0    6250    (-,-) 
  u_core_u_ctx_bank_ctx_snapshot_q_reg[1][nfast_hit_packed][422]/clk <<<     -     R     unmapped_d_flop   4853    -   150     0    6250    (-,-) 
#-------------------------------------------------------------------------------------------------------------------------------------------------



Path 60: MET (1442 ps) Setup Check with Pin u_core_u_ctx_bank_ctx_snapshot_q_reg[1][nfast_hit_packed][421]/clk->d
           View: wc_view
          Group: clk_sys
     Startpoint: (R) u_core_u_meas_ctrl_state_q_reg[1]/clk
          Clock: (R) clk_sys
       Endpoint: (R) u_core_u_ctx_bank_ctx_snapshot_q_reg[1][nfast_hit_packed][421]/d
          Clock: (R) clk_sys

                     Capture       Launch     
        Clock Edge:+    6250            0     
       Src Latency:+       0            0     
       Net Latency:+       0 (I)        0 (I) 
           Arrival:=    6250            0     
                                              
             Setup:-     687                  
       Uncertainty:-     300                  
     Required Time:=    5263                  
      Launch Clock:-       0                  
         Data Path:-    3821                  
             Slack:=    1442                  

Launch clock path:
#--------------------------------------------------------------------------------------------------------------------
#             Timing Point              Flags   Arc   Edge      Cell        Fanout Load Trans Delay Arrival Instance 
#                                                                                  (fF)  (ps)  (ps)   (ps)  Location 
#--------------------------------------------------------------------------------------------------------------------
  clk_sys                               (i,u)   -     R     (arrival)         4853  0.0     0     0       0    (-,-) 
  u_core_u_meas_ctrl_state_q_reg[1]/clk <<<     -     R     unmapped_d_flop   4853    -   150     0       0    (-,-) 
#--------------------------------------------------------------------------------------------------------------------

#---------------------------------------------------------------------------------------------------------------------------------------------------
#                          Timing Point                            Flags    Arc    Edge       Cell         Fanout Load Trans Delay Arrival Instance 
#                                                                                                                 (fF)  (ps)  (ps)   (ps)  Location 
#---------------------------------------------------------------------------------------------------------------------------------------------------
  u_core_u_meas_ctrl_state_q_reg[1]/clk                            -       -       R     (arrival)           4853    -   150     0       0    (-,-) 
  u_core_u_meas_ctrl_state_q_reg[1]/q                              (u)     clk->q  R     unmapped_d_flop        6 67.2     0  1466    1466    (-,-) 
  g65402/z                                                         (u)     in_1->z F     unmapped_nand2         1 11.2     0   231    1697    (-,-) 
  g65128/z                                                         (u)     in_0->z F     unmapped_complex2      5 56.0     0   417    2114    (-,-) 
  g64899/z                                                         (u)     in_0->z F     unmapped_complex2      3 33.6     0   327    2441    (-,-) 
  g64527/z                                                         (u)     in_1->z F     unmapped_complex2    538 56.0     0   918    3358    (-,-) 
  g62964/z                                                         (u)     in_0->z F     unmapped_complex2      1 11.2     0   231    3590    (-,-) 
  g60739/z                                                         (u)     in_1->z R     unmapped_nand2         1 11.2     0   231    3821    (-,-) 
  u_core_u_ctx_bank_ctx_snapshot_q_reg[1][nfast_hit_packed][421]/d <<<     -       R     unmapped_d_flop        1    -     -     0    3821    (-,-) 
#---------------------------------------------------------------------------------------------------------------------------------------------------

(u) : Net has unmapped pin(s).

Capture clock path:
#-------------------------------------------------------------------------------------------------------------------------------------------------
#                           Timing Point                             Flags   Arc   Edge      Cell        Fanout Load Trans Delay Arrival Instance 
#                                                                                                               (fF)  (ps)  (ps)   (ps)  Location 
#-------------------------------------------------------------------------------------------------------------------------------------------------
  clk_sys                                                            (i,u)   -     R     (arrival)         4853  0.0     0     0    6250    (-,-) 
  u_core_u_ctx_bank_ctx_snapshot_q_reg[1][nfast_hit_packed][421]/clk <<<     -     R     unmapped_d_flop   4853    -   150     0    6250    (-,-) 
#-------------------------------------------------------------------------------------------------------------------------------------------------



Path 61: MET (1442 ps) Setup Check with Pin u_core_u_ctx_bank_ctx_snapshot_q_reg[1][nfast_hit_packed][420]/clk->d
           View: wc_view
          Group: clk_sys
     Startpoint: (R) u_core_u_meas_ctrl_state_q_reg[1]/clk
          Clock: (R) clk_sys
       Endpoint: (R) u_core_u_ctx_bank_ctx_snapshot_q_reg[1][nfast_hit_packed][420]/d
          Clock: (R) clk_sys

                     Capture       Launch     
        Clock Edge:+    6250            0     
       Src Latency:+       0            0     
       Net Latency:+       0 (I)        0 (I) 
           Arrival:=    6250            0     
                                              
             Setup:-     687                  
       Uncertainty:-     300                  
     Required Time:=    5263                  
      Launch Clock:-       0                  
         Data Path:-    3821                  
             Slack:=    1442                  

Launch clock path:
#--------------------------------------------------------------------------------------------------------------------
#             Timing Point              Flags   Arc   Edge      Cell        Fanout Load Trans Delay Arrival Instance 
#                                                                                  (fF)  (ps)  (ps)   (ps)  Location 
#--------------------------------------------------------------------------------------------------------------------
  clk_sys                               (i,u)   -     R     (arrival)         4853  0.0     0     0       0    (-,-) 
  u_core_u_meas_ctrl_state_q_reg[1]/clk <<<     -     R     unmapped_d_flop   4853    -   150     0       0    (-,-) 
#--------------------------------------------------------------------------------------------------------------------

#---------------------------------------------------------------------------------------------------------------------------------------------------
#                          Timing Point                            Flags    Arc    Edge       Cell         Fanout Load Trans Delay Arrival Instance 
#                                                                                                                 (fF)  (ps)  (ps)   (ps)  Location 
#---------------------------------------------------------------------------------------------------------------------------------------------------
  u_core_u_meas_ctrl_state_q_reg[1]/clk                            -       -       R     (arrival)           4853    -   150     0       0    (-,-) 
  u_core_u_meas_ctrl_state_q_reg[1]/q                              (u)     clk->q  R     unmapped_d_flop        6 67.2     0  1466    1466    (-,-) 
  g65402/z                                                         (u)     in_1->z F     unmapped_nand2         1 11.2     0   231    1697    (-,-) 
  g65128/z                                                         (u)     in_0->z F     unmapped_complex2      5 56.0     0   417    2114    (-,-) 
  g64899/z                                                         (u)     in_0->z F     unmapped_complex2      3 33.6     0   327    2441    (-,-) 
  g64527/z                                                         (u)     in_1->z F     unmapped_complex2    538 56.0     0   918    3358    (-,-) 
  g62970/z                                                         (u)     in_0->z F     unmapped_complex2      1 11.2     0   231    3590    (-,-) 
  g60755/z                                                         (u)     in_1->z R     unmapped_nand2         1 11.2     0   231    3821    (-,-) 
  u_core_u_ctx_bank_ctx_snapshot_q_reg[1][nfast_hit_packed][420]/d <<<     -       R     unmapped_d_flop        1    -     -     0    3821    (-,-) 
#---------------------------------------------------------------------------------------------------------------------------------------------------

(u) : Net has unmapped pin(s).

Capture clock path:
#-------------------------------------------------------------------------------------------------------------------------------------------------
#                           Timing Point                             Flags   Arc   Edge      Cell        Fanout Load Trans Delay Arrival Instance 
#                                                                                                               (fF)  (ps)  (ps)   (ps)  Location 
#-------------------------------------------------------------------------------------------------------------------------------------------------
  clk_sys                                                            (i,u)   -     R     (arrival)         4853  0.0     0     0    6250    (-,-) 
  u_core_u_ctx_bank_ctx_snapshot_q_reg[1][nfast_hit_packed][420]/clk <<<     -     R     unmapped_d_flop   4853    -   150     0    6250    (-,-) 
#-------------------------------------------------------------------------------------------------------------------------------------------------



Path 62: MET (1442 ps) Setup Check with Pin u_core_u_ctx_bank_ctx_snapshot_q_reg[1][nfast_hit_packed][419]/clk->d
           View: wc_view
          Group: clk_sys
     Startpoint: (R) u_core_u_meas_ctrl_state_q_reg[1]/clk
          Clock: (R) clk_sys
       Endpoint: (R) u_core_u_ctx_bank_ctx_snapshot_q_reg[1][nfast_hit_packed][419]/d
          Clock: (R) clk_sys

                     Capture       Launch     
        Clock Edge:+    6250            0     
       Src Latency:+       0            0     
       Net Latency:+       0 (I)        0 (I) 
           Arrival:=    6250            0     
                                              
             Setup:-     687                  
       Uncertainty:-     300                  
     Required Time:=    5263                  
      Launch Clock:-       0                  
         Data Path:-    3821                  
             Slack:=    1442                  

Launch clock path:
#--------------------------------------------------------------------------------------------------------------------
#             Timing Point              Flags   Arc   Edge      Cell        Fanout Load Trans Delay Arrival Instance 
#                                                                                  (fF)  (ps)  (ps)   (ps)  Location 
#--------------------------------------------------------------------------------------------------------------------
  clk_sys                               (i,u)   -     R     (arrival)         4853  0.0     0     0       0    (-,-) 
  u_core_u_meas_ctrl_state_q_reg[1]/clk <<<     -     R     unmapped_d_flop   4853    -   150     0       0    (-,-) 
#--------------------------------------------------------------------------------------------------------------------

#---------------------------------------------------------------------------------------------------------------------------------------------------
#                          Timing Point                            Flags    Arc    Edge       Cell         Fanout Load Trans Delay Arrival Instance 
#                                                                                                                 (fF)  (ps)  (ps)   (ps)  Location 
#---------------------------------------------------------------------------------------------------------------------------------------------------
  u_core_u_meas_ctrl_state_q_reg[1]/clk                            -       -       R     (arrival)           4853    -   150     0       0    (-,-) 
  u_core_u_meas_ctrl_state_q_reg[1]/q                              (u)     clk->q  R     unmapped_d_flop        6 67.2     0  1466    1466    (-,-) 
  g65402/z                                                         (u)     in_1->z F     unmapped_nand2         1 11.2     0   231    1697    (-,-) 
  g65128/z                                                         (u)     in_0->z F     unmapped_complex2      5 56.0     0   417    2114    (-,-) 
  g64899/z                                                         (u)     in_0->z F     unmapped_complex2      3 33.6     0   327    2441    (-,-) 
  g64527/z                                                         (u)     in_1->z F     unmapped_complex2    538 56.0     0   918    3358    (-,-) 
  g62976/z                                                         (u)     in_0->z F     unmapped_complex2      1 11.2     0   231    3590    (-,-) 
  g60766/z                                                         (u)     in_1->z R     unmapped_nand2         1 11.2     0   231    3821    (-,-) 
  u_core_u_ctx_bank_ctx_snapshot_q_reg[1][nfast_hit_packed][419]/d <<<     -       R     unmapped_d_flop        1    -     -     0    3821    (-,-) 
#---------------------------------------------------------------------------------------------------------------------------------------------------

(u) : Net has unmapped pin(s).

Capture clock path:
#-------------------------------------------------------------------------------------------------------------------------------------------------
#                           Timing Point                             Flags   Arc   Edge      Cell        Fanout Load Trans Delay Arrival Instance 
#                                                                                                               (fF)  (ps)  (ps)   (ps)  Location 
#-------------------------------------------------------------------------------------------------------------------------------------------------
  clk_sys                                                            (i,u)   -     R     (arrival)         4853  0.0     0     0    6250    (-,-) 
  u_core_u_ctx_bank_ctx_snapshot_q_reg[1][nfast_hit_packed][419]/clk <<<     -     R     unmapped_d_flop   4853    -   150     0    6250    (-,-) 
#-------------------------------------------------------------------------------------------------------------------------------------------------



Path 63: MET (1442 ps) Setup Check with Pin u_core_u_ctx_bank_ctx_snapshot_q_reg[1][nfast_hit_packed][418]/clk->d
           View: wc_view
          Group: clk_sys
     Startpoint: (R) u_core_u_meas_ctrl_state_q_reg[1]/clk
          Clock: (R) clk_sys
       Endpoint: (R) u_core_u_ctx_bank_ctx_snapshot_q_reg[1][nfast_hit_packed][418]/d
          Clock: (R) clk_sys

                     Capture       Launch     
        Clock Edge:+    6250            0     
       Src Latency:+       0            0     
       Net Latency:+       0 (I)        0 (I) 
           Arrival:=    6250            0     
                                              
             Setup:-     687                  
       Uncertainty:-     300                  
     Required Time:=    5263                  
      Launch Clock:-       0                  
         Data Path:-    3821                  
             Slack:=    1442                  

Launch clock path:
#--------------------------------------------------------------------------------------------------------------------
#             Timing Point              Flags   Arc   Edge      Cell        Fanout Load Trans Delay Arrival Instance 
#                                                                                  (fF)  (ps)  (ps)   (ps)  Location 
#--------------------------------------------------------------------------------------------------------------------
  clk_sys                               (i,u)   -     R     (arrival)         4853  0.0     0     0       0    (-,-) 
  u_core_u_meas_ctrl_state_q_reg[1]/clk <<<     -     R     unmapped_d_flop   4853    -   150     0       0    (-,-) 
#--------------------------------------------------------------------------------------------------------------------

#---------------------------------------------------------------------------------------------------------------------------------------------------
#                          Timing Point                            Flags    Arc    Edge       Cell         Fanout Load Trans Delay Arrival Instance 
#                                                                                                                 (fF)  (ps)  (ps)   (ps)  Location 
#---------------------------------------------------------------------------------------------------------------------------------------------------
  u_core_u_meas_ctrl_state_q_reg[1]/clk                            -       -       R     (arrival)           4853    -   150     0       0    (-,-) 
  u_core_u_meas_ctrl_state_q_reg[1]/q                              (u)     clk->q  R     unmapped_d_flop        6 67.2     0  1466    1466    (-,-) 
  g65402/z                                                         (u)     in_1->z F     unmapped_nand2         1 11.2     0   231    1697    (-,-) 
  g65128/z                                                         (u)     in_0->z F     unmapped_complex2      5 56.0     0   417    2114    (-,-) 
  g64899/z                                                         (u)     in_0->z F     unmapped_complex2      3 33.6     0   327    2441    (-,-) 
  g64527/z                                                         (u)     in_1->z F     unmapped_complex2    538 56.0     0   918    3358    (-,-) 
  g62982/z                                                         (u)     in_0->z F     unmapped_complex2      1 11.2     0   231    3590    (-,-) 
  g60777/z                                                         (u)     in_1->z R     unmapped_nand2         1 11.2     0   231    3821    (-,-) 
  u_core_u_ctx_bank_ctx_snapshot_q_reg[1][nfast_hit_packed][418]/d <<<     -       R     unmapped_d_flop        1    -     -     0    3821    (-,-) 
#---------------------------------------------------------------------------------------------------------------------------------------------------

(u) : Net has unmapped pin(s).

Capture clock path:
#-------------------------------------------------------------------------------------------------------------------------------------------------
#                           Timing Point                             Flags   Arc   Edge      Cell        Fanout Load Trans Delay Arrival Instance 
#                                                                                                               (fF)  (ps)  (ps)   (ps)  Location 
#-------------------------------------------------------------------------------------------------------------------------------------------------
  clk_sys                                                            (i,u)   -     R     (arrival)         4853  0.0     0     0    6250    (-,-) 
  u_core_u_ctx_bank_ctx_snapshot_q_reg[1][nfast_hit_packed][418]/clk <<<     -     R     unmapped_d_flop   4853    -   150     0    6250    (-,-) 
#-------------------------------------------------------------------------------------------------------------------------------------------------



Path 64: MET (1442 ps) Setup Check with Pin u_core_u_ctx_bank_ctx_snapshot_q_reg[1][nfast_hit_packed][417]/clk->d
           View: wc_view
          Group: clk_sys
     Startpoint: (R) u_core_u_meas_ctrl_state_q_reg[1]/clk
          Clock: (R) clk_sys
       Endpoint: (R) u_core_u_ctx_bank_ctx_snapshot_q_reg[1][nfast_hit_packed][417]/d
          Clock: (R) clk_sys

                     Capture       Launch     
        Clock Edge:+    6250            0     
       Src Latency:+       0            0     
       Net Latency:+       0 (I)        0 (I) 
           Arrival:=    6250            0     
                                              
             Setup:-     687                  
       Uncertainty:-     300                  
     Required Time:=    5263                  
      Launch Clock:-       0                  
         Data Path:-    3821                  
             Slack:=    1442                  

Launch clock path:
#--------------------------------------------------------------------------------------------------------------------
#             Timing Point              Flags   Arc   Edge      Cell        Fanout Load Trans Delay Arrival Instance 
#                                                                                  (fF)  (ps)  (ps)   (ps)  Location 
#--------------------------------------------------------------------------------------------------------------------
  clk_sys                               (i,u)   -     R     (arrival)         4853  0.0     0     0       0    (-,-) 
  u_core_u_meas_ctrl_state_q_reg[1]/clk <<<     -     R     unmapped_d_flop   4853    -   150     0       0    (-,-) 
#--------------------------------------------------------------------------------------------------------------------

#---------------------------------------------------------------------------------------------------------------------------------------------------
#                          Timing Point                            Flags    Arc    Edge       Cell         Fanout Load Trans Delay Arrival Instance 
#                                                                                                                 (fF)  (ps)  (ps)   (ps)  Location 
#---------------------------------------------------------------------------------------------------------------------------------------------------
  u_core_u_meas_ctrl_state_q_reg[1]/clk                            -       -       R     (arrival)           4853    -   150     0       0    (-,-) 
  u_core_u_meas_ctrl_state_q_reg[1]/q                              (u)     clk->q  R     unmapped_d_flop        6 67.2     0  1466    1466    (-,-) 
  g65402/z                                                         (u)     in_1->z F     unmapped_nand2         1 11.2     0   231    1697    (-,-) 
  g65128/z                                                         (u)     in_0->z F     unmapped_complex2      5 56.0     0   417    2114    (-,-) 
  g64899/z                                                         (u)     in_0->z F     unmapped_complex2      3 33.6     0   327    2441    (-,-) 
  g64527/z                                                         (u)     in_1->z F     unmapped_complex2    538 56.0     0   918    3358    (-,-) 
  g62988/z                                                         (u)     in_0->z F     unmapped_complex2      1 11.2     0   231    3590    (-,-) 
  g60788/z                                                         (u)     in_1->z R     unmapped_nand2         1 11.2     0   231    3821    (-,-) 
  u_core_u_ctx_bank_ctx_snapshot_q_reg[1][nfast_hit_packed][417]/d <<<     -       R     unmapped_d_flop        1    -     -     0    3821    (-,-) 
#---------------------------------------------------------------------------------------------------------------------------------------------------

(u) : Net has unmapped pin(s).

Capture clock path:
#-------------------------------------------------------------------------------------------------------------------------------------------------
#                           Timing Point                             Flags   Arc   Edge      Cell        Fanout Load Trans Delay Arrival Instance 
#                                                                                                               (fF)  (ps)  (ps)   (ps)  Location 
#-------------------------------------------------------------------------------------------------------------------------------------------------
  clk_sys                                                            (i,u)   -     R     (arrival)         4853  0.0     0     0    6250    (-,-) 
  u_core_u_ctx_bank_ctx_snapshot_q_reg[1][nfast_hit_packed][417]/clk <<<     -     R     unmapped_d_flop   4853    -   150     0    6250    (-,-) 
#-------------------------------------------------------------------------------------------------------------------------------------------------



Path 65: MET (1442 ps) Setup Check with Pin u_core_u_ctx_bank_ctx_snapshot_q_reg[1][nfast_hit_packed][416]/clk->d
           View: wc_view
          Group: clk_sys
     Startpoint: (R) u_core_u_meas_ctrl_state_q_reg[1]/clk
          Clock: (R) clk_sys
       Endpoint: (R) u_core_u_ctx_bank_ctx_snapshot_q_reg[1][nfast_hit_packed][416]/d
          Clock: (R) clk_sys

                     Capture       Launch     
        Clock Edge:+    6250            0     
       Src Latency:+       0            0     
       Net Latency:+       0 (I)        0 (I) 
           Arrival:=    6250            0     
                                              
             Setup:-     687                  
       Uncertainty:-     300                  
     Required Time:=    5263                  
      Launch Clock:-       0                  
         Data Path:-    3821                  
             Slack:=    1442                  

Launch clock path:
#--------------------------------------------------------------------------------------------------------------------
#             Timing Point              Flags   Arc   Edge      Cell        Fanout Load Trans Delay Arrival Instance 
#                                                                                  (fF)  (ps)  (ps)   (ps)  Location 
#--------------------------------------------------------------------------------------------------------------------
  clk_sys                               (i,u)   -     R     (arrival)         4853  0.0     0     0       0    (-,-) 
  u_core_u_meas_ctrl_state_q_reg[1]/clk <<<     -     R     unmapped_d_flop   4853    -   150     0       0    (-,-) 
#--------------------------------------------------------------------------------------------------------------------

#---------------------------------------------------------------------------------------------------------------------------------------------------
#                          Timing Point                            Flags    Arc    Edge       Cell         Fanout Load Trans Delay Arrival Instance 
#                                                                                                                 (fF)  (ps)  (ps)   (ps)  Location 
#---------------------------------------------------------------------------------------------------------------------------------------------------
  u_core_u_meas_ctrl_state_q_reg[1]/clk                            -       -       R     (arrival)           4853    -   150     0       0    (-,-) 
  u_core_u_meas_ctrl_state_q_reg[1]/q                              (u)     clk->q  R     unmapped_d_flop        6 67.2     0  1466    1466    (-,-) 
  g65402/z                                                         (u)     in_1->z F     unmapped_nand2         1 11.2     0   231    1697    (-,-) 
  g65128/z                                                         (u)     in_0->z F     unmapped_complex2      5 56.0     0   417    2114    (-,-) 
  g64899/z                                                         (u)     in_0->z F     unmapped_complex2      3 33.6     0   327    2441    (-,-) 
  g64527/z                                                         (u)     in_1->z F     unmapped_complex2    538 56.0     0   918    3358    (-,-) 
  g62994/z                                                         (u)     in_0->z F     unmapped_complex2      1 11.2     0   231    3590    (-,-) 
  g60799/z                                                         (u)     in_1->z R     unmapped_nand2         1 11.2     0   231    3821    (-,-) 
  u_core_u_ctx_bank_ctx_snapshot_q_reg[1][nfast_hit_packed][416]/d <<<     -       R     unmapped_d_flop        1    -     -     0    3821    (-,-) 
#---------------------------------------------------------------------------------------------------------------------------------------------------

(u) : Net has unmapped pin(s).

Capture clock path:
#-------------------------------------------------------------------------------------------------------------------------------------------------
#                           Timing Point                             Flags   Arc   Edge      Cell        Fanout Load Trans Delay Arrival Instance 
#                                                                                                               (fF)  (ps)  (ps)   (ps)  Location 
#-------------------------------------------------------------------------------------------------------------------------------------------------
  clk_sys                                                            (i,u)   -     R     (arrival)         4853  0.0     0     0    6250    (-,-) 
  u_core_u_ctx_bank_ctx_snapshot_q_reg[1][nfast_hit_packed][416]/clk <<<     -     R     unmapped_d_flop   4853    -   150     0    6250    (-,-) 
#-------------------------------------------------------------------------------------------------------------------------------------------------



Path 66: MET (1442 ps) Setup Check with Pin u_core_u_ctx_bank_ctx_snapshot_q_reg[1][nfast_hit_packed][415]/clk->d
           View: wc_view
          Group: clk_sys
     Startpoint: (R) u_core_u_meas_ctrl_state_q_reg[1]/clk
          Clock: (R) clk_sys
       Endpoint: (R) u_core_u_ctx_bank_ctx_snapshot_q_reg[1][nfast_hit_packed][415]/d
          Clock: (R) clk_sys

                     Capture       Launch     
        Clock Edge:+    6250            0     
       Src Latency:+       0            0     
       Net Latency:+       0 (I)        0 (I) 
           Arrival:=    6250            0     
                                              
             Setup:-     687                  
       Uncertainty:-     300                  
     Required Time:=    5263                  
      Launch Clock:-       0                  
         Data Path:-    3821                  
             Slack:=    1442                  

Launch clock path:
#--------------------------------------------------------------------------------------------------------------------
#             Timing Point              Flags   Arc   Edge      Cell        Fanout Load Trans Delay Arrival Instance 
#                                                                                  (fF)  (ps)  (ps)   (ps)  Location 
#--------------------------------------------------------------------------------------------------------------------
  clk_sys                               (i,u)   -     R     (arrival)         4853  0.0     0     0       0    (-,-) 
  u_core_u_meas_ctrl_state_q_reg[1]/clk <<<     -     R     unmapped_d_flop   4853    -   150     0       0    (-,-) 
#--------------------------------------------------------------------------------------------------------------------

#---------------------------------------------------------------------------------------------------------------------------------------------------
#                          Timing Point                            Flags    Arc    Edge       Cell         Fanout Load Trans Delay Arrival Instance 
#                                                                                                                 (fF)  (ps)  (ps)   (ps)  Location 
#---------------------------------------------------------------------------------------------------------------------------------------------------
  u_core_u_meas_ctrl_state_q_reg[1]/clk                            -       -       R     (arrival)           4853    -   150     0       0    (-,-) 
  u_core_u_meas_ctrl_state_q_reg[1]/q                              (u)     clk->q  R     unmapped_d_flop        6 67.2     0  1466    1466    (-,-) 
  g65402/z                                                         (u)     in_1->z F     unmapped_nand2         1 11.2     0   231    1697    (-,-) 
  g65128/z                                                         (u)     in_0->z F     unmapped_complex2      5 56.0     0   417    2114    (-,-) 
  g64899/z                                                         (u)     in_0->z F     unmapped_complex2      3 33.6     0   327    2441    (-,-) 
  g64527/z                                                         (u)     in_1->z F     unmapped_complex2    538 56.0     0   918    3358    (-,-) 
  g63000/z                                                         (u)     in_0->z F     unmapped_complex2      1 11.2     0   231    3590    (-,-) 
  g60812/z                                                         (u)     in_1->z R     unmapped_nand2         1 11.2     0   231    3821    (-,-) 
  u_core_u_ctx_bank_ctx_snapshot_q_reg[1][nfast_hit_packed][415]/d <<<     -       R     unmapped_d_flop        1    -     -     0    3821    (-,-) 
#---------------------------------------------------------------------------------------------------------------------------------------------------

(u) : Net has unmapped pin(s).

Capture clock path:
#-------------------------------------------------------------------------------------------------------------------------------------------------
#                           Timing Point                             Flags   Arc   Edge      Cell        Fanout Load Trans Delay Arrival Instance 
#                                                                                                               (fF)  (ps)  (ps)   (ps)  Location 
#-------------------------------------------------------------------------------------------------------------------------------------------------
  clk_sys                                                            (i,u)   -     R     (arrival)         4853  0.0     0     0    6250    (-,-) 
  u_core_u_ctx_bank_ctx_snapshot_q_reg[1][nfast_hit_packed][415]/clk <<<     -     R     unmapped_d_flop   4853    -   150     0    6250    (-,-) 
#-------------------------------------------------------------------------------------------------------------------------------------------------



Path 67: MET (1442 ps) Setup Check with Pin u_core_u_ctx_bank_ctx_snapshot_q_reg[1][nfast_hit_packed][414]/clk->d
           View: wc_view
          Group: clk_sys
     Startpoint: (R) u_core_u_meas_ctrl_state_q_reg[1]/clk
          Clock: (R) clk_sys
       Endpoint: (R) u_core_u_ctx_bank_ctx_snapshot_q_reg[1][nfast_hit_packed][414]/d
          Clock: (R) clk_sys

                     Capture       Launch     
        Clock Edge:+    6250            0     
       Src Latency:+       0            0     
       Net Latency:+       0 (I)        0 (I) 
           Arrival:=    6250            0     
                                              
             Setup:-     687                  
       Uncertainty:-     300                  
     Required Time:=    5263                  
      Launch Clock:-       0                  
         Data Path:-    3821                  
             Slack:=    1442                  

Launch clock path:
#--------------------------------------------------------------------------------------------------------------------
#             Timing Point              Flags   Arc   Edge      Cell        Fanout Load Trans Delay Arrival Instance 
#                                                                                  (fF)  (ps)  (ps)   (ps)  Location 
#--------------------------------------------------------------------------------------------------------------------
  clk_sys                               (i,u)   -     R     (arrival)         4853  0.0     0     0       0    (-,-) 
  u_core_u_meas_ctrl_state_q_reg[1]/clk <<<     -     R     unmapped_d_flop   4853    -   150     0       0    (-,-) 
#--------------------------------------------------------------------------------------------------------------------

#---------------------------------------------------------------------------------------------------------------------------------------------------
#                          Timing Point                            Flags    Arc    Edge       Cell         Fanout Load Trans Delay Arrival Instance 
#                                                                                                                 (fF)  (ps)  (ps)   (ps)  Location 
#---------------------------------------------------------------------------------------------------------------------------------------------------
  u_core_u_meas_ctrl_state_q_reg[1]/clk                            -       -       R     (arrival)           4853    -   150     0       0    (-,-) 
  u_core_u_meas_ctrl_state_q_reg[1]/q                              (u)     clk->q  R     unmapped_d_flop        6 67.2     0  1466    1466    (-,-) 
  g65402/z                                                         (u)     in_1->z F     unmapped_nand2         1 11.2     0   231    1697    (-,-) 
  g65128/z                                                         (u)     in_0->z F     unmapped_complex2      5 56.0     0   417    2114    (-,-) 
  g64899/z                                                         (u)     in_0->z F     unmapped_complex2      3 33.6     0   327    2441    (-,-) 
  g64527/z                                                         (u)     in_1->z F     unmapped_complex2    538 56.0     0   918    3358    (-,-) 
  g63042/z                                                         (u)     in_0->z F     unmapped_complex2      1 11.2     0   231    3590    (-,-) 
  g60883/z                                                         (u)     in_1->z R     unmapped_nand2         1 11.2     0   231    3821    (-,-) 
  u_core_u_ctx_bank_ctx_snapshot_q_reg[1][nfast_hit_packed][414]/d <<<     -       R     unmapped_d_flop        1    -     -     0    3821    (-,-) 
#---------------------------------------------------------------------------------------------------------------------------------------------------

(u) : Net has unmapped pin(s).

Capture clock path:
#-------------------------------------------------------------------------------------------------------------------------------------------------
#                           Timing Point                             Flags   Arc   Edge      Cell        Fanout Load Trans Delay Arrival Instance 
#                                                                                                               (fF)  (ps)  (ps)   (ps)  Location 
#-------------------------------------------------------------------------------------------------------------------------------------------------
  clk_sys                                                            (i,u)   -     R     (arrival)         4853  0.0     0     0    6250    (-,-) 
  u_core_u_ctx_bank_ctx_snapshot_q_reg[1][nfast_hit_packed][414]/clk <<<     -     R     unmapped_d_flop   4853    -   150     0    6250    (-,-) 
#-------------------------------------------------------------------------------------------------------------------------------------------------



Path 68: MET (1442 ps) Setup Check with Pin u_core_u_ctx_bank_ctx_snapshot_q_reg[1][nfast_hit_packed][413]/clk->d
           View: wc_view
          Group: clk_sys
     Startpoint: (R) u_core_u_meas_ctrl_state_q_reg[1]/clk
          Clock: (R) clk_sys
       Endpoint: (R) u_core_u_ctx_bank_ctx_snapshot_q_reg[1][nfast_hit_packed][413]/d
          Clock: (R) clk_sys

                     Capture       Launch     
        Clock Edge:+    6250            0     
       Src Latency:+       0            0     
       Net Latency:+       0 (I)        0 (I) 
           Arrival:=    6250            0     
                                              
             Setup:-     687                  
       Uncertainty:-     300                  
     Required Time:=    5263                  
      Launch Clock:-       0                  
         Data Path:-    3821                  
             Slack:=    1442                  

Launch clock path:
#--------------------------------------------------------------------------------------------------------------------
#             Timing Point              Flags   Arc   Edge      Cell        Fanout Load Trans Delay Arrival Instance 
#                                                                                  (fF)  (ps)  (ps)   (ps)  Location 
#--------------------------------------------------------------------------------------------------------------------
  clk_sys                               (i,u)   -     R     (arrival)         4853  0.0     0     0       0    (-,-) 
  u_core_u_meas_ctrl_state_q_reg[1]/clk <<<     -     R     unmapped_d_flop   4853    -   150     0       0    (-,-) 
#--------------------------------------------------------------------------------------------------------------------

#---------------------------------------------------------------------------------------------------------------------------------------------------
#                          Timing Point                            Flags    Arc    Edge       Cell         Fanout Load Trans Delay Arrival Instance 
#                                                                                                                 (fF)  (ps)  (ps)   (ps)  Location 
#---------------------------------------------------------------------------------------------------------------------------------------------------
  u_core_u_meas_ctrl_state_q_reg[1]/clk                            -       -       R     (arrival)           4853    -   150     0       0    (-,-) 
  u_core_u_meas_ctrl_state_q_reg[1]/q                              (u)     clk->q  R     unmapped_d_flop        6 67.2     0  1466    1466    (-,-) 
  g65402/z                                                         (u)     in_1->z F     unmapped_nand2         1 11.2     0   231    1697    (-,-) 
  g65128/z                                                         (u)     in_0->z F     unmapped_complex2      5 56.0     0   417    2114    (-,-) 
  g64899/z                                                         (u)     in_0->z F     unmapped_complex2      3 33.6     0   327    2441    (-,-) 
  g64527/z                                                         (u)     in_1->z F     unmapped_complex2    538 56.0     0   918    3358    (-,-) 
  g63032/z                                                         (u)     in_0->z F     unmapped_complex2      1 11.2     0   231    3590    (-,-) 
  g60864/z                                                         (u)     in_1->z R     unmapped_nand2         1 11.2     0   231    3821    (-,-) 
  u_core_u_ctx_bank_ctx_snapshot_q_reg[1][nfast_hit_packed][413]/d <<<     -       R     unmapped_d_flop        1    -     -     0    3821    (-,-) 
#---------------------------------------------------------------------------------------------------------------------------------------------------

(u) : Net has unmapped pin(s).

Capture clock path:
#-------------------------------------------------------------------------------------------------------------------------------------------------
#                           Timing Point                             Flags   Arc   Edge      Cell        Fanout Load Trans Delay Arrival Instance 
#                                                                                                               (fF)  (ps)  (ps)   (ps)  Location 
#-------------------------------------------------------------------------------------------------------------------------------------------------
  clk_sys                                                            (i,u)   -     R     (arrival)         4853  0.0     0     0    6250    (-,-) 
  u_core_u_ctx_bank_ctx_snapshot_q_reg[1][nfast_hit_packed][413]/clk <<<     -     R     unmapped_d_flop   4853    -   150     0    6250    (-,-) 
#-------------------------------------------------------------------------------------------------------------------------------------------------



Path 69: MET (1442 ps) Setup Check with Pin u_core_u_ctx_bank_ctx_snapshot_q_reg[1][nfast_hit_packed][412]/clk->d
           View: wc_view
          Group: clk_sys
     Startpoint: (R) u_core_u_meas_ctrl_state_q_reg[1]/clk
          Clock: (R) clk_sys
       Endpoint: (R) u_core_u_ctx_bank_ctx_snapshot_q_reg[1][nfast_hit_packed][412]/d
          Clock: (R) clk_sys

                     Capture       Launch     
        Clock Edge:+    6250            0     
       Src Latency:+       0            0     
       Net Latency:+       0 (I)        0 (I) 
           Arrival:=    6250            0     
                                              
             Setup:-     687                  
       Uncertainty:-     300                  
     Required Time:=    5263                  
      Launch Clock:-       0                  
         Data Path:-    3821                  
             Slack:=    1442                  

Launch clock path:
#--------------------------------------------------------------------------------------------------------------------
#             Timing Point              Flags   Arc   Edge      Cell        Fanout Load Trans Delay Arrival Instance 
#                                                                                  (fF)  (ps)  (ps)   (ps)  Location 
#--------------------------------------------------------------------------------------------------------------------
  clk_sys                               (i,u)   -     R     (arrival)         4853  0.0     0     0       0    (-,-) 
  u_core_u_meas_ctrl_state_q_reg[1]/clk <<<     -     R     unmapped_d_flop   4853    -   150     0       0    (-,-) 
#--------------------------------------------------------------------------------------------------------------------

#---------------------------------------------------------------------------------------------------------------------------------------------------
#                          Timing Point                            Flags    Arc    Edge       Cell         Fanout Load Trans Delay Arrival Instance 
#                                                                                                                 (fF)  (ps)  (ps)   (ps)  Location 
#---------------------------------------------------------------------------------------------------------------------------------------------------
  u_core_u_meas_ctrl_state_q_reg[1]/clk                            -       -       R     (arrival)           4853    -   150     0       0    (-,-) 
  u_core_u_meas_ctrl_state_q_reg[1]/q                              (u)     clk->q  R     unmapped_d_flop        6 67.2     0  1466    1466    (-,-) 
  g65402/z                                                         (u)     in_1->z F     unmapped_nand2         1 11.2     0   231    1697    (-,-) 
  g65128/z                                                         (u)     in_0->z F     unmapped_complex2      5 56.0     0   417    2114    (-,-) 
  g64899/z                                                         (u)     in_0->z F     unmapped_complex2      3 33.6     0   327    2441    (-,-) 
  g64527/z                                                         (u)     in_1->z F     unmapped_complex2    538 56.0     0   918    3358    (-,-) 
  g63016/z                                                         (u)     in_0->z F     unmapped_complex2      1 11.2     0   231    3590    (-,-) 
  g60841/z                                                         (u)     in_1->z R     unmapped_nand2         1 11.2     0   231    3821    (-,-) 
  u_core_u_ctx_bank_ctx_snapshot_q_reg[1][nfast_hit_packed][412]/d <<<     -       R     unmapped_d_flop        1    -     -     0    3821    (-,-) 
#---------------------------------------------------------------------------------------------------------------------------------------------------

(u) : Net has unmapped pin(s).

Capture clock path:
#-------------------------------------------------------------------------------------------------------------------------------------------------
#                           Timing Point                             Flags   Arc   Edge      Cell        Fanout Load Trans Delay Arrival Instance 
#                                                                                                               (fF)  (ps)  (ps)   (ps)  Location 
#-------------------------------------------------------------------------------------------------------------------------------------------------
  clk_sys                                                            (i,u)   -     R     (arrival)         4853  0.0     0     0    6250    (-,-) 
  u_core_u_ctx_bank_ctx_snapshot_q_reg[1][nfast_hit_packed][412]/clk <<<     -     R     unmapped_d_flop   4853    -   150     0    6250    (-,-) 
#-------------------------------------------------------------------------------------------------------------------------------------------------



Path 70: MET (1442 ps) Setup Check with Pin u_core_u_ctx_bank_ctx_snapshot_q_reg[1][nfast_hit_packed][411]/clk->d
           View: wc_view
          Group: clk_sys
     Startpoint: (R) u_core_u_meas_ctrl_state_q_reg[1]/clk
          Clock: (R) clk_sys
       Endpoint: (R) u_core_u_ctx_bank_ctx_snapshot_q_reg[1][nfast_hit_packed][411]/d
          Clock: (R) clk_sys

                     Capture       Launch     
        Clock Edge:+    6250            0     
       Src Latency:+       0            0     
       Net Latency:+       0 (I)        0 (I) 
           Arrival:=    6250            0     
                                              
             Setup:-     687                  
       Uncertainty:-     300                  
     Required Time:=    5263                  
      Launch Clock:-       0                  
         Data Path:-    3821                  
             Slack:=    1442                  

Launch clock path:
#--------------------------------------------------------------------------------------------------------------------
#             Timing Point              Flags   Arc   Edge      Cell        Fanout Load Trans Delay Arrival Instance 
#                                                                                  (fF)  (ps)  (ps)   (ps)  Location 
#--------------------------------------------------------------------------------------------------------------------
  clk_sys                               (i,u)   -     R     (arrival)         4853  0.0     0     0       0    (-,-) 
  u_core_u_meas_ctrl_state_q_reg[1]/clk <<<     -     R     unmapped_d_flop   4853    -   150     0       0    (-,-) 
#--------------------------------------------------------------------------------------------------------------------

#---------------------------------------------------------------------------------------------------------------------------------------------------
#                          Timing Point                            Flags    Arc    Edge       Cell         Fanout Load Trans Delay Arrival Instance 
#                                                                                                                 (fF)  (ps)  (ps)   (ps)  Location 
#---------------------------------------------------------------------------------------------------------------------------------------------------
  u_core_u_meas_ctrl_state_q_reg[1]/clk                            -       -       R     (arrival)           4853    -   150     0       0    (-,-) 
  u_core_u_meas_ctrl_state_q_reg[1]/q                              (u)     clk->q  R     unmapped_d_flop        6 67.2     0  1466    1466    (-,-) 
  g65402/z                                                         (u)     in_1->z F     unmapped_nand2         1 11.2     0   231    1697    (-,-) 
  g65128/z                                                         (u)     in_0->z F     unmapped_complex2      5 56.0     0   417    2114    (-,-) 
  g64899/z                                                         (u)     in_0->z F     unmapped_complex2      3 33.6     0   327    2441    (-,-) 
  g64527/z                                                         (u)     in_1->z F     unmapped_complex2    538 56.0     0   918    3358    (-,-) 
  g63012/z                                                         (u)     in_0->z F     unmapped_complex2      1 11.2     0   231    3590    (-,-) 
  g60835/z                                                         (u)     in_1->z R     unmapped_nand2         1 11.2     0   231    3821    (-,-) 
  u_core_u_ctx_bank_ctx_snapshot_q_reg[1][nfast_hit_packed][411]/d <<<     -       R     unmapped_d_flop        1    -     -     0    3821    (-,-) 
#---------------------------------------------------------------------------------------------------------------------------------------------------

(u) : Net has unmapped pin(s).

Capture clock path:
#-------------------------------------------------------------------------------------------------------------------------------------------------
#                           Timing Point                             Flags   Arc   Edge      Cell        Fanout Load Trans Delay Arrival Instance 
#                                                                                                               (fF)  (ps)  (ps)   (ps)  Location 
#-------------------------------------------------------------------------------------------------------------------------------------------------
  clk_sys                                                            (i,u)   -     R     (arrival)         4853  0.0     0     0    6250    (-,-) 
  u_core_u_ctx_bank_ctx_snapshot_q_reg[1][nfast_hit_packed][411]/clk <<<     -     R     unmapped_d_flop   4853    -   150     0    6250    (-,-) 
#-------------------------------------------------------------------------------------------------------------------------------------------------



Path 71: MET (1442 ps) Setup Check with Pin u_core_u_ctx_bank_ctx_snapshot_q_reg[1][nfast_hit_packed][410]/clk->d
           View: wc_view
          Group: clk_sys
     Startpoint: (R) u_core_u_meas_ctrl_state_q_reg[1]/clk
          Clock: (R) clk_sys
       Endpoint: (R) u_core_u_ctx_bank_ctx_snapshot_q_reg[1][nfast_hit_packed][410]/d
          Clock: (R) clk_sys

                     Capture       Launch     
        Clock Edge:+    6250            0     
       Src Latency:+       0            0     
       Net Latency:+       0 (I)        0 (I) 
           Arrival:=    6250            0     
                                              
             Setup:-     687                  
       Uncertainty:-     300                  
     Required Time:=    5263                  
      Launch Clock:-       0                  
         Data Path:-    3821                  
             Slack:=    1442                  

Launch clock path:
#--------------------------------------------------------------------------------------------------------------------
#             Timing Point              Flags   Arc   Edge      Cell        Fanout Load Trans Delay Arrival Instance 
#                                                                                  (fF)  (ps)  (ps)   (ps)  Location 
#--------------------------------------------------------------------------------------------------------------------
  clk_sys                               (i,u)   -     R     (arrival)         4853  0.0     0     0       0    (-,-) 
  u_core_u_meas_ctrl_state_q_reg[1]/clk <<<     -     R     unmapped_d_flop   4853    -   150     0       0    (-,-) 
#--------------------------------------------------------------------------------------------------------------------

#---------------------------------------------------------------------------------------------------------------------------------------------------
#                          Timing Point                            Flags    Arc    Edge       Cell         Fanout Load Trans Delay Arrival Instance 
#                                                                                                                 (fF)  (ps)  (ps)   (ps)  Location 
#---------------------------------------------------------------------------------------------------------------------------------------------------
  u_core_u_meas_ctrl_state_q_reg[1]/clk                            -       -       R     (arrival)           4853    -   150     0       0    (-,-) 
  u_core_u_meas_ctrl_state_q_reg[1]/q                              (u)     clk->q  R     unmapped_d_flop        6 67.2     0  1466    1466    (-,-) 
  g65402/z                                                         (u)     in_1->z F     unmapped_nand2         1 11.2     0   231    1697    (-,-) 
  g65128/z                                                         (u)     in_0->z F     unmapped_complex2      5 56.0     0   417    2114    (-,-) 
  g64899/z                                                         (u)     in_0->z F     unmapped_complex2      3 33.6     0   327    2441    (-,-) 
  g64527/z                                                         (u)     in_1->z F     unmapped_complex2    538 56.0     0   918    3358    (-,-) 
  g63046/z                                                         (u)     in_0->z F     unmapped_complex2      1 11.2     0   231    3590    (-,-) 
  g60891/z                                                         (u)     in_1->z R     unmapped_nand2         1 11.2     0   231    3821    (-,-) 
  u_core_u_ctx_bank_ctx_snapshot_q_reg[1][nfast_hit_packed][410]/d <<<     -       R     unmapped_d_flop        1    -     -     0    3821    (-,-) 
#---------------------------------------------------------------------------------------------------------------------------------------------------

(u) : Net has unmapped pin(s).

Capture clock path:
#-------------------------------------------------------------------------------------------------------------------------------------------------
#                           Timing Point                             Flags   Arc   Edge      Cell        Fanout Load Trans Delay Arrival Instance 
#                                                                                                               (fF)  (ps)  (ps)   (ps)  Location 
#-------------------------------------------------------------------------------------------------------------------------------------------------
  clk_sys                                                            (i,u)   -     R     (arrival)         4853  0.0     0     0    6250    (-,-) 
  u_core_u_ctx_bank_ctx_snapshot_q_reg[1][nfast_hit_packed][410]/clk <<<     -     R     unmapped_d_flop   4853    -   150     0    6250    (-,-) 
#-------------------------------------------------------------------------------------------------------------------------------------------------



Path 72: MET (1442 ps) Setup Check with Pin u_core_u_ctx_bank_ctx_snapshot_q_reg[1][nfast_hit_packed][409]/clk->d
           View: wc_view
          Group: clk_sys
     Startpoint: (R) u_core_u_meas_ctrl_state_q_reg[1]/clk
          Clock: (R) clk_sys
       Endpoint: (R) u_core_u_ctx_bank_ctx_snapshot_q_reg[1][nfast_hit_packed][409]/d
          Clock: (R) clk_sys

                     Capture       Launch     
        Clock Edge:+    6250            0     
       Src Latency:+       0            0     
       Net Latency:+       0 (I)        0 (I) 
           Arrival:=    6250            0     
                                              
             Setup:-     687                  
       Uncertainty:-     300                  
     Required Time:=    5263                  
      Launch Clock:-       0                  
         Data Path:-    3821                  
             Slack:=    1442                  

Launch clock path:
#--------------------------------------------------------------------------------------------------------------------
#             Timing Point              Flags   Arc   Edge      Cell        Fanout Load Trans Delay Arrival Instance 
#                                                                                  (fF)  (ps)  (ps)   (ps)  Location 
#--------------------------------------------------------------------------------------------------------------------
  clk_sys                               (i,u)   -     R     (arrival)         4853  0.0     0     0       0    (-,-) 
  u_core_u_meas_ctrl_state_q_reg[1]/clk <<<     -     R     unmapped_d_flop   4853    -   150     0       0    (-,-) 
#--------------------------------------------------------------------------------------------------------------------

#---------------------------------------------------------------------------------------------------------------------------------------------------
#                          Timing Point                            Flags    Arc    Edge       Cell         Fanout Load Trans Delay Arrival Instance 
#                                                                                                                 (fF)  (ps)  (ps)   (ps)  Location 
#---------------------------------------------------------------------------------------------------------------------------------------------------
  u_core_u_meas_ctrl_state_q_reg[1]/clk                            -       -       R     (arrival)           4853    -   150     0       0    (-,-) 
  u_core_u_meas_ctrl_state_q_reg[1]/q                              (u)     clk->q  R     unmapped_d_flop        6 67.2     0  1466    1466    (-,-) 
  g65402/z                                                         (u)     in_1->z F     unmapped_nand2         1 11.2     0   231    1697    (-,-) 
  g65128/z                                                         (u)     in_0->z F     unmapped_complex2      5 56.0     0   417    2114    (-,-) 
  g64899/z                                                         (u)     in_0->z F     unmapped_complex2      3 33.6     0   327    2441    (-,-) 
  g64527/z                                                         (u)     in_1->z F     unmapped_complex2    538 56.0     0   918    3358    (-,-) 
  g63026/z                                                         (u)     in_0->z F     unmapped_complex2      1 11.2     0   231    3590    (-,-) 
  g60855/z                                                         (u)     in_1->z R     unmapped_nand2         1 11.2     0   231    3821    (-,-) 
  u_core_u_ctx_bank_ctx_snapshot_q_reg[1][nfast_hit_packed][409]/d <<<     -       R     unmapped_d_flop        1    -     -     0    3821    (-,-) 
#---------------------------------------------------------------------------------------------------------------------------------------------------

(u) : Net has unmapped pin(s).

Capture clock path:
#-------------------------------------------------------------------------------------------------------------------------------------------------
#                           Timing Point                             Flags   Arc   Edge      Cell        Fanout Load Trans Delay Arrival Instance 
#                                                                                                               (fF)  (ps)  (ps)   (ps)  Location 
#-------------------------------------------------------------------------------------------------------------------------------------------------
  clk_sys                                                            (i,u)   -     R     (arrival)         4853  0.0     0     0    6250    (-,-) 
  u_core_u_ctx_bank_ctx_snapshot_q_reg[1][nfast_hit_packed][409]/clk <<<     -     R     unmapped_d_flop   4853    -   150     0    6250    (-,-) 
#-------------------------------------------------------------------------------------------------------------------------------------------------



Path 73: MET (1442 ps) Setup Check with Pin u_core_u_ctx_bank_ctx_snapshot_q_reg[1][nfast_hit_packed][408]/clk->d
           View: wc_view
          Group: clk_sys
     Startpoint: (R) u_core_u_meas_ctrl_state_q_reg[1]/clk
          Clock: (R) clk_sys
       Endpoint: (R) u_core_u_ctx_bank_ctx_snapshot_q_reg[1][nfast_hit_packed][408]/d
          Clock: (R) clk_sys

                     Capture       Launch     
        Clock Edge:+    6250            0     
       Src Latency:+       0            0     
       Net Latency:+       0 (I)        0 (I) 
           Arrival:=    6250            0     
                                              
             Setup:-     687                  
       Uncertainty:-     300                  
     Required Time:=    5263                  
      Launch Clock:-       0                  
         Data Path:-    3821                  
             Slack:=    1442                  

Launch clock path:
#--------------------------------------------------------------------------------------------------------------------
#             Timing Point              Flags   Arc   Edge      Cell        Fanout Load Trans Delay Arrival Instance 
#                                                                                  (fF)  (ps)  (ps)   (ps)  Location 
#--------------------------------------------------------------------------------------------------------------------
  clk_sys                               (i,u)   -     R     (arrival)         4853  0.0     0     0       0    (-,-) 
  u_core_u_meas_ctrl_state_q_reg[1]/clk <<<     -     R     unmapped_d_flop   4853    -   150     0       0    (-,-) 
#--------------------------------------------------------------------------------------------------------------------

#---------------------------------------------------------------------------------------------------------------------------------------------------
#                          Timing Point                            Flags    Arc    Edge       Cell         Fanout Load Trans Delay Arrival Instance 
#                                                                                                                 (fF)  (ps)  (ps)   (ps)  Location 
#---------------------------------------------------------------------------------------------------------------------------------------------------
  u_core_u_meas_ctrl_state_q_reg[1]/clk                            -       -       R     (arrival)           4853    -   150     0       0    (-,-) 
  u_core_u_meas_ctrl_state_q_reg[1]/q                              (u)     clk->q  R     unmapped_d_flop        6 67.2     0  1466    1466    (-,-) 
  g65402/z                                                         (u)     in_1->z F     unmapped_nand2         1 11.2     0   231    1697    (-,-) 
  g65128/z                                                         (u)     in_0->z F     unmapped_complex2      5 56.0     0   417    2114    (-,-) 
  g64899/z                                                         (u)     in_0->z F     unmapped_complex2      3 33.6     0   327    2441    (-,-) 
  g64527/z                                                         (u)     in_1->z F     unmapped_complex2    538 56.0     0   918    3358    (-,-) 
  g63048/z                                                         (u)     in_0->z F     unmapped_complex2      1 11.2     0   231    3590    (-,-) 
  g60895/z                                                         (u)     in_1->z R     unmapped_nand2         1 11.2     0   231    3821    (-,-) 
  u_core_u_ctx_bank_ctx_snapshot_q_reg[1][nfast_hit_packed][408]/d <<<     -       R     unmapped_d_flop        1    -     -     0    3821    (-,-) 
#---------------------------------------------------------------------------------------------------------------------------------------------------

(u) : Net has unmapped pin(s).

Capture clock path:
#-------------------------------------------------------------------------------------------------------------------------------------------------
#                           Timing Point                             Flags   Arc   Edge      Cell        Fanout Load Trans Delay Arrival Instance 
#                                                                                                               (fF)  (ps)  (ps)   (ps)  Location 
#-------------------------------------------------------------------------------------------------------------------------------------------------
  clk_sys                                                            (i,u)   -     R     (arrival)         4853  0.0     0     0    6250    (-,-) 
  u_core_u_ctx_bank_ctx_snapshot_q_reg[1][nfast_hit_packed][408]/clk <<<     -     R     unmapped_d_flop   4853    -   150     0    6250    (-,-) 
#-------------------------------------------------------------------------------------------------------------------------------------------------



Path 74: MET (1442 ps) Setup Check with Pin u_core_u_ctx_bank_ctx_snapshot_q_reg[1][nfast_hit_packed][407]/clk->d
           View: wc_view
          Group: clk_sys
     Startpoint: (R) u_core_u_meas_ctrl_state_q_reg[1]/clk
          Clock: (R) clk_sys
       Endpoint: (R) u_core_u_ctx_bank_ctx_snapshot_q_reg[1][nfast_hit_packed][407]/d
          Clock: (R) clk_sys

                     Capture       Launch     
        Clock Edge:+    6250            0     
       Src Latency:+       0            0     
       Net Latency:+       0 (I)        0 (I) 
           Arrival:=    6250            0     
                                              
             Setup:-     687                  
       Uncertainty:-     300                  
     Required Time:=    5263                  
      Launch Clock:-       0                  
         Data Path:-    3821                  
             Slack:=    1442                  

Launch clock path:
#--------------------------------------------------------------------------------------------------------------------
#             Timing Point              Flags   Arc   Edge      Cell        Fanout Load Trans Delay Arrival Instance 
#                                                                                  (fF)  (ps)  (ps)   (ps)  Location 
#--------------------------------------------------------------------------------------------------------------------
  clk_sys                               (i,u)   -     R     (arrival)         4853  0.0     0     0       0    (-,-) 
  u_core_u_meas_ctrl_state_q_reg[1]/clk <<<     -     R     unmapped_d_flop   4853    -   150     0       0    (-,-) 
#--------------------------------------------------------------------------------------------------------------------

#---------------------------------------------------------------------------------------------------------------------------------------------------
#                          Timing Point                            Flags    Arc    Edge       Cell         Fanout Load Trans Delay Arrival Instance 
#                                                                                                                 (fF)  (ps)  (ps)   (ps)  Location 
#---------------------------------------------------------------------------------------------------------------------------------------------------
  u_core_u_meas_ctrl_state_q_reg[1]/clk                            -       -       R     (arrival)           4853    -   150     0       0    (-,-) 
  u_core_u_meas_ctrl_state_q_reg[1]/q                              (u)     clk->q  R     unmapped_d_flop        6 67.2     0  1466    1466    (-,-) 
  g65402/z                                                         (u)     in_1->z F     unmapped_nand2         1 11.2     0   231    1697    (-,-) 
  g65128/z                                                         (u)     in_0->z F     unmapped_complex2      5 56.0     0   417    2114    (-,-) 
  g64899/z                                                         (u)     in_0->z F     unmapped_complex2      3 33.6     0   327    2441    (-,-) 
  g64527/z                                                         (u)     in_1->z F     unmapped_complex2    538 56.0     0   918    3358    (-,-) 
  g63050/z                                                         (u)     in_0->z F     unmapped_complex2      1 11.2     0   231    3590    (-,-) 
  g60898/z                                                         (u)     in_1->z R     unmapped_nand2         1 11.2     0   231    3821    (-,-) 
  u_core_u_ctx_bank_ctx_snapshot_q_reg[1][nfast_hit_packed][407]/d <<<     -       R     unmapped_d_flop        1    -     -     0    3821    (-,-) 
#---------------------------------------------------------------------------------------------------------------------------------------------------

(u) : Net has unmapped pin(s).

Capture clock path:
#-------------------------------------------------------------------------------------------------------------------------------------------------
#                           Timing Point                             Flags   Arc   Edge      Cell        Fanout Load Trans Delay Arrival Instance 
#                                                                                                               (fF)  (ps)  (ps)   (ps)  Location 
#-------------------------------------------------------------------------------------------------------------------------------------------------
  clk_sys                                                            (i,u)   -     R     (arrival)         4853  0.0     0     0    6250    (-,-) 
  u_core_u_ctx_bank_ctx_snapshot_q_reg[1][nfast_hit_packed][407]/clk <<<     -     R     unmapped_d_flop   4853    -   150     0    6250    (-,-) 
#-------------------------------------------------------------------------------------------------------------------------------------------------



Path 75: MET (1442 ps) Setup Check with Pin u_core_u_ctx_bank_ctx_snapshot_q_reg[1][nfast_hit_packed][406]/clk->d
           View: wc_view
          Group: clk_sys
     Startpoint: (R) u_core_u_meas_ctrl_state_q_reg[1]/clk
          Clock: (R) clk_sys
       Endpoint: (R) u_core_u_ctx_bank_ctx_snapshot_q_reg[1][nfast_hit_packed][406]/d
          Clock: (R) clk_sys

                     Capture       Launch     
        Clock Edge:+    6250            0     
       Src Latency:+       0            0     
       Net Latency:+       0 (I)        0 (I) 
           Arrival:=    6250            0     
                                              
             Setup:-     687                  
       Uncertainty:-     300                  
     Required Time:=    5263                  
      Launch Clock:-       0                  
         Data Path:-    3821                  
             Slack:=    1442                  

Launch clock path:
#--------------------------------------------------------------------------------------------------------------------
#             Timing Point              Flags   Arc   Edge      Cell        Fanout Load Trans Delay Arrival Instance 
#                                                                                  (fF)  (ps)  (ps)   (ps)  Location 
#--------------------------------------------------------------------------------------------------------------------
  clk_sys                               (i,u)   -     R     (arrival)         4853  0.0     0     0       0    (-,-) 
  u_core_u_meas_ctrl_state_q_reg[1]/clk <<<     -     R     unmapped_d_flop   4853    -   150     0       0    (-,-) 
#--------------------------------------------------------------------------------------------------------------------

#---------------------------------------------------------------------------------------------------------------------------------------------------
#                          Timing Point                            Flags    Arc    Edge       Cell         Fanout Load Trans Delay Arrival Instance 
#                                                                                                                 (fF)  (ps)  (ps)   (ps)  Location 
#---------------------------------------------------------------------------------------------------------------------------------------------------
  u_core_u_meas_ctrl_state_q_reg[1]/clk                            -       -       R     (arrival)           4853    -   150     0       0    (-,-) 
  u_core_u_meas_ctrl_state_q_reg[1]/q                              (u)     clk->q  R     unmapped_d_flop        6 67.2     0  1466    1466    (-,-) 
  g65402/z                                                         (u)     in_1->z F     unmapped_nand2         1 11.2     0   231    1697    (-,-) 
  g65128/z                                                         (u)     in_0->z F     unmapped_complex2      5 56.0     0   417    2114    (-,-) 
  g64899/z                                                         (u)     in_0->z F     unmapped_complex2      3 33.6     0   327    2441    (-,-) 
  g64527/z                                                         (u)     in_1->z F     unmapped_complex2    538 56.0     0   918    3358    (-,-) 
  g63068/z                                                         (u)     in_0->z F     unmapped_complex2      1 11.2     0   231    3590    (-,-) 
  g60925/z                                                         (u)     in_1->z R     unmapped_nand2         1 11.2     0   231    3821    (-,-) 
  u_core_u_ctx_bank_ctx_snapshot_q_reg[1][nfast_hit_packed][406]/d <<<     -       R     unmapped_d_flop        1    -     -     0    3821    (-,-) 
#---------------------------------------------------------------------------------------------------------------------------------------------------

(u) : Net has unmapped pin(s).

Capture clock path:
#-------------------------------------------------------------------------------------------------------------------------------------------------
#                           Timing Point                             Flags   Arc   Edge      Cell        Fanout Load Trans Delay Arrival Instance 
#                                                                                                               (fF)  (ps)  (ps)   (ps)  Location 
#-------------------------------------------------------------------------------------------------------------------------------------------------
  clk_sys                                                            (i,u)   -     R     (arrival)         4853  0.0     0     0    6250    (-,-) 
  u_core_u_ctx_bank_ctx_snapshot_q_reg[1][nfast_hit_packed][406]/clk <<<     -     R     unmapped_d_flop   4853    -   150     0    6250    (-,-) 
#-------------------------------------------------------------------------------------------------------------------------------------------------



Path 76: MET (1442 ps) Setup Check with Pin u_core_u_ctx_bank_ctx_snapshot_q_reg[1][nfast_hit_packed][405]/clk->d
           View: wc_view
          Group: clk_sys
     Startpoint: (R) u_core_u_meas_ctrl_state_q_reg[1]/clk
          Clock: (R) clk_sys
       Endpoint: (R) u_core_u_ctx_bank_ctx_snapshot_q_reg[1][nfast_hit_packed][405]/d
          Clock: (R) clk_sys

                     Capture       Launch     
        Clock Edge:+    6250            0     
       Src Latency:+       0            0     
       Net Latency:+       0 (I)        0 (I) 
           Arrival:=    6250            0     
                                              
             Setup:-     687                  
       Uncertainty:-     300                  
     Required Time:=    5263                  
      Launch Clock:-       0                  
         Data Path:-    3821                  
             Slack:=    1442                  

Launch clock path:
#--------------------------------------------------------------------------------------------------------------------
#             Timing Point              Flags   Arc   Edge      Cell        Fanout Load Trans Delay Arrival Instance 
#                                                                                  (fF)  (ps)  (ps)   (ps)  Location 
#--------------------------------------------------------------------------------------------------------------------
  clk_sys                               (i,u)   -     R     (arrival)         4853  0.0     0     0       0    (-,-) 
  u_core_u_meas_ctrl_state_q_reg[1]/clk <<<     -     R     unmapped_d_flop   4853    -   150     0       0    (-,-) 
#--------------------------------------------------------------------------------------------------------------------

#---------------------------------------------------------------------------------------------------------------------------------------------------
#                          Timing Point                            Flags    Arc    Edge       Cell         Fanout Load Trans Delay Arrival Instance 
#                                                                                                                 (fF)  (ps)  (ps)   (ps)  Location 
#---------------------------------------------------------------------------------------------------------------------------------------------------
  u_core_u_meas_ctrl_state_q_reg[1]/clk                            -       -       R     (arrival)           4853    -   150     0       0    (-,-) 
  u_core_u_meas_ctrl_state_q_reg[1]/q                              (u)     clk->q  R     unmapped_d_flop        6 67.2     0  1466    1466    (-,-) 
  g65402/z                                                         (u)     in_1->z F     unmapped_nand2         1 11.2     0   231    1697    (-,-) 
  g65128/z                                                         (u)     in_0->z F     unmapped_complex2      5 56.0     0   417    2114    (-,-) 
  g64899/z                                                         (u)     in_0->z F     unmapped_complex2      3 33.6     0   327    2441    (-,-) 
  g64527/z                                                         (u)     in_1->z F     unmapped_complex2    538 56.0     0   918    3358    (-,-) 
  g63054/z                                                         (u)     in_0->z F     unmapped_complex2      1 11.2     0   231    3590    (-,-) 
  g60904/z                                                         (u)     in_1->z R     unmapped_nand2         1 11.2     0   231    3821    (-,-) 
  u_core_u_ctx_bank_ctx_snapshot_q_reg[1][nfast_hit_packed][405]/d <<<     -       R     unmapped_d_flop        1    -     -     0    3821    (-,-) 
#---------------------------------------------------------------------------------------------------------------------------------------------------

(u) : Net has unmapped pin(s).

Capture clock path:
#-------------------------------------------------------------------------------------------------------------------------------------------------
#                           Timing Point                             Flags   Arc   Edge      Cell        Fanout Load Trans Delay Arrival Instance 
#                                                                                                               (fF)  (ps)  (ps)   (ps)  Location 
#-------------------------------------------------------------------------------------------------------------------------------------------------
  clk_sys                                                            (i,u)   -     R     (arrival)         4853  0.0     0     0    6250    (-,-) 
  u_core_u_ctx_bank_ctx_snapshot_q_reg[1][nfast_hit_packed][405]/clk <<<     -     R     unmapped_d_flop   4853    -   150     0    6250    (-,-) 
#-------------------------------------------------------------------------------------------------------------------------------------------------



Path 77: MET (1442 ps) Setup Check with Pin u_core_u_ctx_bank_ctx_snapshot_q_reg[1][nfast_hit_packed][404]/clk->d
           View: wc_view
          Group: clk_sys
     Startpoint: (R) u_core_u_meas_ctrl_state_q_reg[1]/clk
          Clock: (R) clk_sys
       Endpoint: (R) u_core_u_ctx_bank_ctx_snapshot_q_reg[1][nfast_hit_packed][404]/d
          Clock: (R) clk_sys

                     Capture       Launch     
        Clock Edge:+    6250            0     
       Src Latency:+       0            0     
       Net Latency:+       0 (I)        0 (I) 
           Arrival:=    6250            0     
                                              
             Setup:-     687                  
       Uncertainty:-     300                  
     Required Time:=    5263                  
      Launch Clock:-       0                  
         Data Path:-    3821                  
             Slack:=    1442                  

Launch clock path:
#--------------------------------------------------------------------------------------------------------------------
#             Timing Point              Flags   Arc   Edge      Cell        Fanout Load Trans Delay Arrival Instance 
#                                                                                  (fF)  (ps)  (ps)   (ps)  Location 
#--------------------------------------------------------------------------------------------------------------------
  clk_sys                               (i,u)   -     R     (arrival)         4853  0.0     0     0       0    (-,-) 
  u_core_u_meas_ctrl_state_q_reg[1]/clk <<<     -     R     unmapped_d_flop   4853    -   150     0       0    (-,-) 
#--------------------------------------------------------------------------------------------------------------------

#---------------------------------------------------------------------------------------------------------------------------------------------------
#                          Timing Point                            Flags    Arc    Edge       Cell         Fanout Load Trans Delay Arrival Instance 
#                                                                                                                 (fF)  (ps)  (ps)   (ps)  Location 
#---------------------------------------------------------------------------------------------------------------------------------------------------
  u_core_u_meas_ctrl_state_q_reg[1]/clk                            -       -       R     (arrival)           4853    -   150     0       0    (-,-) 
  u_core_u_meas_ctrl_state_q_reg[1]/q                              (u)     clk->q  R     unmapped_d_flop        6 67.2     0  1466    1466    (-,-) 
  g65402/z                                                         (u)     in_1->z F     unmapped_nand2         1 11.2     0   231    1697    (-,-) 
  g65128/z                                                         (u)     in_0->z F     unmapped_complex2      5 56.0     0   417    2114    (-,-) 
  g64899/z                                                         (u)     in_0->z F     unmapped_complex2      3 33.6     0   327    2441    (-,-) 
  g64527/z                                                         (u)     in_1->z F     unmapped_complex2    538 56.0     0   918    3358    (-,-) 
  g63070/z                                                         (u)     in_0->z F     unmapped_complex2      1 11.2     0   231    3590    (-,-) 
  g60928/z                                                         (u)     in_1->z R     unmapped_nand2         1 11.2     0   231    3821    (-,-) 
  u_core_u_ctx_bank_ctx_snapshot_q_reg[1][nfast_hit_packed][404]/d <<<     -       R     unmapped_d_flop        1    -     -     0    3821    (-,-) 
#---------------------------------------------------------------------------------------------------------------------------------------------------

(u) : Net has unmapped pin(s).

Capture clock path:
#-------------------------------------------------------------------------------------------------------------------------------------------------
#                           Timing Point                             Flags   Arc   Edge      Cell        Fanout Load Trans Delay Arrival Instance 
#                                                                                                               (fF)  (ps)  (ps)   (ps)  Location 
#-------------------------------------------------------------------------------------------------------------------------------------------------
  clk_sys                                                            (i,u)   -     R     (arrival)         4853  0.0     0     0    6250    (-,-) 
  u_core_u_ctx_bank_ctx_snapshot_q_reg[1][nfast_hit_packed][404]/clk <<<     -     R     unmapped_d_flop   4853    -   150     0    6250    (-,-) 
#-------------------------------------------------------------------------------------------------------------------------------------------------



Path 78: MET (1442 ps) Setup Check with Pin u_core_u_ctx_bank_ctx_snapshot_q_reg[1][nfast_hit_packed][403]/clk->d
           View: wc_view
          Group: clk_sys
     Startpoint: (R) u_core_u_meas_ctrl_state_q_reg[1]/clk
          Clock: (R) clk_sys
       Endpoint: (R) u_core_u_ctx_bank_ctx_snapshot_q_reg[1][nfast_hit_packed][403]/d
          Clock: (R) clk_sys

                     Capture       Launch     
        Clock Edge:+    6250            0     
       Src Latency:+       0            0     
       Net Latency:+       0 (I)        0 (I) 
           Arrival:=    6250            0     
                                              
             Setup:-     687                  
       Uncertainty:-     300                  
     Required Time:=    5263                  
      Launch Clock:-       0                  
         Data Path:-    3821                  
             Slack:=    1442                  

Launch clock path:
#--------------------------------------------------------------------------------------------------------------------
#             Timing Point              Flags   Arc   Edge      Cell        Fanout Load Trans Delay Arrival Instance 
#                                                                                  (fF)  (ps)  (ps)   (ps)  Location 
#--------------------------------------------------------------------------------------------------------------------
  clk_sys                               (i,u)   -     R     (arrival)         4853  0.0     0     0       0    (-,-) 
  u_core_u_meas_ctrl_state_q_reg[1]/clk <<<     -     R     unmapped_d_flop   4853    -   150     0       0    (-,-) 
#--------------------------------------------------------------------------------------------------------------------

#---------------------------------------------------------------------------------------------------------------------------------------------------
#                          Timing Point                            Flags    Arc    Edge       Cell         Fanout Load Trans Delay Arrival Instance 
#                                                                                                                 (fF)  (ps)  (ps)   (ps)  Location 
#---------------------------------------------------------------------------------------------------------------------------------------------------
  u_core_u_meas_ctrl_state_q_reg[1]/clk                            -       -       R     (arrival)           4853    -   150     0       0    (-,-) 
  u_core_u_meas_ctrl_state_q_reg[1]/q                              (u)     clk->q  R     unmapped_d_flop        6 67.2     0  1466    1466    (-,-) 
  g65402/z                                                         (u)     in_1->z F     unmapped_nand2         1 11.2     0   231    1697    (-,-) 
  g65128/z                                                         (u)     in_0->z F     unmapped_complex2      5 56.0     0   417    2114    (-,-) 
  g64899/z                                                         (u)     in_0->z F     unmapped_complex2      3 33.6     0   327    2441    (-,-) 
  g64527/z                                                         (u)     in_1->z F     unmapped_complex2    538 56.0     0   918    3358    (-,-) 
  g63072/z                                                         (u)     in_0->z F     unmapped_complex2      1 11.2     0   231    3590    (-,-) 
  g60931/z                                                         (u)     in_1->z R     unmapped_nand2         1 11.2     0   231    3821    (-,-) 
  u_core_u_ctx_bank_ctx_snapshot_q_reg[1][nfast_hit_packed][403]/d <<<     -       R     unmapped_d_flop        1    -     -     0    3821    (-,-) 
#---------------------------------------------------------------------------------------------------------------------------------------------------

(u) : Net has unmapped pin(s).

Capture clock path:
#-------------------------------------------------------------------------------------------------------------------------------------------------
#                           Timing Point                             Flags   Arc   Edge      Cell        Fanout Load Trans Delay Arrival Instance 
#                                                                                                               (fF)  (ps)  (ps)   (ps)  Location 
#-------------------------------------------------------------------------------------------------------------------------------------------------
  clk_sys                                                            (i,u)   -     R     (arrival)         4853  0.0     0     0    6250    (-,-) 
  u_core_u_ctx_bank_ctx_snapshot_q_reg[1][nfast_hit_packed][403]/clk <<<     -     R     unmapped_d_flop   4853    -   150     0    6250    (-,-) 
#-------------------------------------------------------------------------------------------------------------------------------------------------



Path 79: MET (1442 ps) Setup Check with Pin u_core_u_ctx_bank_ctx_snapshot_q_reg[1][nfast_hit_packed][402]/clk->d
           View: wc_view
          Group: clk_sys
     Startpoint: (R) u_core_u_meas_ctrl_state_q_reg[1]/clk
          Clock: (R) clk_sys
       Endpoint: (R) u_core_u_ctx_bank_ctx_snapshot_q_reg[1][nfast_hit_packed][402]/d
          Clock: (R) clk_sys

                     Capture       Launch     
        Clock Edge:+    6250            0     
       Src Latency:+       0            0     
       Net Latency:+       0 (I)        0 (I) 
           Arrival:=    6250            0     
                                              
             Setup:-     687                  
       Uncertainty:-     300                  
     Required Time:=    5263                  
      Launch Clock:-       0                  
         Data Path:-    3821                  
             Slack:=    1442                  

Launch clock path:
#--------------------------------------------------------------------------------------------------------------------
#             Timing Point              Flags   Arc   Edge      Cell        Fanout Load Trans Delay Arrival Instance 
#                                                                                  (fF)  (ps)  (ps)   (ps)  Location 
#--------------------------------------------------------------------------------------------------------------------
  clk_sys                               (i,u)   -     R     (arrival)         4853  0.0     0     0       0    (-,-) 
  u_core_u_meas_ctrl_state_q_reg[1]/clk <<<     -     R     unmapped_d_flop   4853    -   150     0       0    (-,-) 
#--------------------------------------------------------------------------------------------------------------------

#---------------------------------------------------------------------------------------------------------------------------------------------------
#                          Timing Point                            Flags    Arc    Edge       Cell         Fanout Load Trans Delay Arrival Instance 
#                                                                                                                 (fF)  (ps)  (ps)   (ps)  Location 
#---------------------------------------------------------------------------------------------------------------------------------------------------
  u_core_u_meas_ctrl_state_q_reg[1]/clk                            -       -       R     (arrival)           4853    -   150     0       0    (-,-) 
  u_core_u_meas_ctrl_state_q_reg[1]/q                              (u)     clk->q  R     unmapped_d_flop        6 67.2     0  1466    1466    (-,-) 
  g65402/z                                                         (u)     in_1->z F     unmapped_nand2         1 11.2     0   231    1697    (-,-) 
  g65128/z                                                         (u)     in_0->z F     unmapped_complex2      5 56.0     0   417    2114    (-,-) 
  g64899/z                                                         (u)     in_0->z F     unmapped_complex2      3 33.6     0   327    2441    (-,-) 
  g64527/z                                                         (u)     in_1->z F     unmapped_complex2    538 56.0     0   918    3358    (-,-) 
  g63090/z                                                         (u)     in_0->z F     unmapped_complex2      1 11.2     0   231    3590    (-,-) 
  g60970/z                                                         (u)     in_1->z R     unmapped_nand2         1 11.2     0   231    3821    (-,-) 
  u_core_u_ctx_bank_ctx_snapshot_q_reg[1][nfast_hit_packed][402]/d <<<     -       R     unmapped_d_flop        1    -     -     0    3821    (-,-) 
#---------------------------------------------------------------------------------------------------------------------------------------------------

(u) : Net has unmapped pin(s).

Capture clock path:
#-------------------------------------------------------------------------------------------------------------------------------------------------
#                           Timing Point                             Flags   Arc   Edge      Cell        Fanout Load Trans Delay Arrival Instance 
#                                                                                                               (fF)  (ps)  (ps)   (ps)  Location 
#-------------------------------------------------------------------------------------------------------------------------------------------------
  clk_sys                                                            (i,u)   -     R     (arrival)         4853  0.0     0     0    6250    (-,-) 
  u_core_u_ctx_bank_ctx_snapshot_q_reg[1][nfast_hit_packed][402]/clk <<<     -     R     unmapped_d_flop   4853    -   150     0    6250    (-,-) 
#-------------------------------------------------------------------------------------------------------------------------------------------------



Path 80: MET (1442 ps) Setup Check with Pin u_core_u_ctx_bank_ctx_snapshot_q_reg[1][nfast_hit_packed][401]/clk->d
           View: wc_view
          Group: clk_sys
     Startpoint: (R) u_core_u_meas_ctrl_state_q_reg[1]/clk
          Clock: (R) clk_sys
       Endpoint: (R) u_core_u_ctx_bank_ctx_snapshot_q_reg[1][nfast_hit_packed][401]/d
          Clock: (R) clk_sys

                     Capture       Launch     
        Clock Edge:+    6250            0     
       Src Latency:+       0            0     
       Net Latency:+       0 (I)        0 (I) 
           Arrival:=    6250            0     
                                              
             Setup:-     687                  
       Uncertainty:-     300                  
     Required Time:=    5263                  
      Launch Clock:-       0                  
         Data Path:-    3821                  
             Slack:=    1442                  

Launch clock path:
#--------------------------------------------------------------------------------------------------------------------
#             Timing Point              Flags   Arc   Edge      Cell        Fanout Load Trans Delay Arrival Instance 
#                                                                                  (fF)  (ps)  (ps)   (ps)  Location 
#--------------------------------------------------------------------------------------------------------------------
  clk_sys                               (i,u)   -     R     (arrival)         4853  0.0     0     0       0    (-,-) 
  u_core_u_meas_ctrl_state_q_reg[1]/clk <<<     -     R     unmapped_d_flop   4853    -   150     0       0    (-,-) 
#--------------------------------------------------------------------------------------------------------------------

#---------------------------------------------------------------------------------------------------------------------------------------------------
#                          Timing Point                            Flags    Arc    Edge       Cell         Fanout Load Trans Delay Arrival Instance 
#                                                                                                                 (fF)  (ps)  (ps)   (ps)  Location 
#---------------------------------------------------------------------------------------------------------------------------------------------------
  u_core_u_meas_ctrl_state_q_reg[1]/clk                            -       -       R     (arrival)           4853    -   150     0       0    (-,-) 
  u_core_u_meas_ctrl_state_q_reg[1]/q                              (u)     clk->q  R     unmapped_d_flop        6 67.2     0  1466    1466    (-,-) 
  g65402/z                                                         (u)     in_1->z F     unmapped_nand2         1 11.2     0   231    1697    (-,-) 
  g65128/z                                                         (u)     in_0->z F     unmapped_complex2      5 56.0     0   417    2114    (-,-) 
  g64899/z                                                         (u)     in_0->z F     unmapped_complex2      3 33.6     0   327    2441    (-,-) 
  g64527/z                                                         (u)     in_1->z F     unmapped_complex2    538 56.0     0   918    3358    (-,-) 
  g63084/z                                                         (u)     in_0->z F     unmapped_complex2      1 11.2     0   231    3590    (-,-) 
  g60949/z                                                         (u)     in_1->z R     unmapped_nand2         1 11.2     0   231    3821    (-,-) 
  u_core_u_ctx_bank_ctx_snapshot_q_reg[1][nfast_hit_packed][401]/d <<<     -       R     unmapped_d_flop        1    -     -     0    3821    (-,-) 
#---------------------------------------------------------------------------------------------------------------------------------------------------

(u) : Net has unmapped pin(s).

Capture clock path:
#-------------------------------------------------------------------------------------------------------------------------------------------------
#                           Timing Point                             Flags   Arc   Edge      Cell        Fanout Load Trans Delay Arrival Instance 
#                                                                                                               (fF)  (ps)  (ps)   (ps)  Location 
#-------------------------------------------------------------------------------------------------------------------------------------------------
  clk_sys                                                            (i,u)   -     R     (arrival)         4853  0.0     0     0    6250    (-,-) 
  u_core_u_ctx_bank_ctx_snapshot_q_reg[1][nfast_hit_packed][401]/clk <<<     -     R     unmapped_d_flop   4853    -   150     0    6250    (-,-) 
#-------------------------------------------------------------------------------------------------------------------------------------------------



Path 81: MET (1442 ps) Setup Check with Pin u_core_u_ctx_bank_ctx_snapshot_q_reg[1][nfast_hit_packed][400]/clk->d
           View: wc_view
          Group: clk_sys
     Startpoint: (R) u_core_u_meas_ctrl_state_q_reg[1]/clk
          Clock: (R) clk_sys
       Endpoint: (R) u_core_u_ctx_bank_ctx_snapshot_q_reg[1][nfast_hit_packed][400]/d
          Clock: (R) clk_sys

                     Capture       Launch     
        Clock Edge:+    6250            0     
       Src Latency:+       0            0     
       Net Latency:+       0 (I)        0 (I) 
           Arrival:=    6250            0     
                                              
             Setup:-     687                  
       Uncertainty:-     300                  
     Required Time:=    5263                  
      Launch Clock:-       0                  
         Data Path:-    3821                  
             Slack:=    1442                  

Launch clock path:
#--------------------------------------------------------------------------------------------------------------------
#             Timing Point              Flags   Arc   Edge      Cell        Fanout Load Trans Delay Arrival Instance 
#                                                                                  (fF)  (ps)  (ps)   (ps)  Location 
#--------------------------------------------------------------------------------------------------------------------
  clk_sys                               (i,u)   -     R     (arrival)         4853  0.0     0     0       0    (-,-) 
  u_core_u_meas_ctrl_state_q_reg[1]/clk <<<     -     R     unmapped_d_flop   4853    -   150     0       0    (-,-) 
#--------------------------------------------------------------------------------------------------------------------

#---------------------------------------------------------------------------------------------------------------------------------------------------
#                          Timing Point                            Flags    Arc    Edge       Cell         Fanout Load Trans Delay Arrival Instance 
#                                                                                                                 (fF)  (ps)  (ps)   (ps)  Location 
#---------------------------------------------------------------------------------------------------------------------------------------------------
  u_core_u_meas_ctrl_state_q_reg[1]/clk                            -       -       R     (arrival)           4853    -   150     0       0    (-,-) 
  u_core_u_meas_ctrl_state_q_reg[1]/q                              (u)     clk->q  R     unmapped_d_flop        6 67.2     0  1466    1466    (-,-) 
  g65402/z                                                         (u)     in_1->z F     unmapped_nand2         1 11.2     0   231    1697    (-,-) 
  g65128/z                                                         (u)     in_0->z F     unmapped_complex2      5 56.0     0   417    2114    (-,-) 
  g64899/z                                                         (u)     in_0->z F     unmapped_complex2      3 33.6     0   327    2441    (-,-) 
  g64527/z                                                         (u)     in_1->z F     unmapped_complex2    538 56.0     0   918    3358    (-,-) 
  g63092/z                                                         (u)     in_0->z F     unmapped_complex2      1 11.2     0   231    3590    (-,-) 
  g60983/z                                                         (u)     in_1->z R     unmapped_nand2         1 11.2     0   231    3821    (-,-) 
  u_core_u_ctx_bank_ctx_snapshot_q_reg[1][nfast_hit_packed][400]/d <<<     -       R     unmapped_d_flop        1    -     -     0    3821    (-,-) 
#---------------------------------------------------------------------------------------------------------------------------------------------------

(u) : Net has unmapped pin(s).

Capture clock path:
#-------------------------------------------------------------------------------------------------------------------------------------------------
#                           Timing Point                             Flags   Arc   Edge      Cell        Fanout Load Trans Delay Arrival Instance 
#                                                                                                               (fF)  (ps)  (ps)   (ps)  Location 
#-------------------------------------------------------------------------------------------------------------------------------------------------
  clk_sys                                                            (i,u)   -     R     (arrival)         4853  0.0     0     0    6250    (-,-) 
  u_core_u_ctx_bank_ctx_snapshot_q_reg[1][nfast_hit_packed][400]/clk <<<     -     R     unmapped_d_flop   4853    -   150     0    6250    (-,-) 
#-------------------------------------------------------------------------------------------------------------------------------------------------



Path 82: MET (1442 ps) Setup Check with Pin u_core_u_ctx_bank_ctx_snapshot_q_reg[1][nfast_hit_packed][399]/clk->d
           View: wc_view
          Group: clk_sys
     Startpoint: (R) u_core_u_meas_ctrl_state_q_reg[1]/clk
          Clock: (R) clk_sys
       Endpoint: (R) u_core_u_ctx_bank_ctx_snapshot_q_reg[1][nfast_hit_packed][399]/d
          Clock: (R) clk_sys

                     Capture       Launch     
        Clock Edge:+    6250            0     
       Src Latency:+       0            0     
       Net Latency:+       0 (I)        0 (I) 
           Arrival:=    6250            0     
                                              
             Setup:-     687                  
       Uncertainty:-     300                  
     Required Time:=    5263                  
      Launch Clock:-       0                  
         Data Path:-    3821                  
             Slack:=    1442                  

Launch clock path:
#--------------------------------------------------------------------------------------------------------------------
#             Timing Point              Flags   Arc   Edge      Cell        Fanout Load Trans Delay Arrival Instance 
#                                                                                  (fF)  (ps)  (ps)   (ps)  Location 
#--------------------------------------------------------------------------------------------------------------------
  clk_sys                               (i,u)   -     R     (arrival)         4853  0.0     0     0       0    (-,-) 
  u_core_u_meas_ctrl_state_q_reg[1]/clk <<<     -     R     unmapped_d_flop   4853    -   150     0       0    (-,-) 
#--------------------------------------------------------------------------------------------------------------------

#---------------------------------------------------------------------------------------------------------------------------------------------------
#                          Timing Point                            Flags    Arc    Edge       Cell         Fanout Load Trans Delay Arrival Instance 
#                                                                                                                 (fF)  (ps)  (ps)   (ps)  Location 
#---------------------------------------------------------------------------------------------------------------------------------------------------
  u_core_u_meas_ctrl_state_q_reg[1]/clk                            -       -       R     (arrival)           4853    -   150     0       0    (-,-) 
  u_core_u_meas_ctrl_state_q_reg[1]/q                              (u)     clk->q  R     unmapped_d_flop        6 67.2     0  1466    1466    (-,-) 
  g65402/z                                                         (u)     in_1->z F     unmapped_nand2         1 11.2     0   231    1697    (-,-) 
  g65128/z                                                         (u)     in_0->z F     unmapped_complex2      5 56.0     0   417    2114    (-,-) 
  g64899/z                                                         (u)     in_0->z F     unmapped_complex2      3 33.6     0   327    2441    (-,-) 
  g64527/z                                                         (u)     in_1->z F     unmapped_complex2    538 56.0     0   918    3358    (-,-) 
  g63096/z                                                         (u)     in_0->z F     unmapped_complex2      1 11.2     0   231    3590    (-,-) 
  g61004/z                                                         (u)     in_1->z R     unmapped_nand2         1 11.2     0   231    3821    (-,-) 
  u_core_u_ctx_bank_ctx_snapshot_q_reg[1][nfast_hit_packed][399]/d <<<     -       R     unmapped_d_flop        1    -     -     0    3821    (-,-) 
#---------------------------------------------------------------------------------------------------------------------------------------------------

(u) : Net has unmapped pin(s).

Capture clock path:
#-------------------------------------------------------------------------------------------------------------------------------------------------
#                           Timing Point                             Flags   Arc   Edge      Cell        Fanout Load Trans Delay Arrival Instance 
#                                                                                                               (fF)  (ps)  (ps)   (ps)  Location 
#-------------------------------------------------------------------------------------------------------------------------------------------------
  clk_sys                                                            (i,u)   -     R     (arrival)         4853  0.0     0     0    6250    (-,-) 
  u_core_u_ctx_bank_ctx_snapshot_q_reg[1][nfast_hit_packed][399]/clk <<<     -     R     unmapped_d_flop   4853    -   150     0    6250    (-,-) 
#-------------------------------------------------------------------------------------------------------------------------------------------------



Path 83: MET (1442 ps) Setup Check with Pin u_core_u_ctx_bank_ctx_snapshot_q_reg[1][nfast_hit_packed][398]/clk->d
           View: wc_view
          Group: clk_sys
     Startpoint: (R) u_core_u_meas_ctrl_state_q_reg[1]/clk
          Clock: (R) clk_sys
       Endpoint: (R) u_core_u_ctx_bank_ctx_snapshot_q_reg[1][nfast_hit_packed][398]/d
          Clock: (R) clk_sys

                     Capture       Launch     
        Clock Edge:+    6250            0     
       Src Latency:+       0            0     
       Net Latency:+       0 (I)        0 (I) 
           Arrival:=    6250            0     
                                              
             Setup:-     687                  
       Uncertainty:-     300                  
     Required Time:=    5263                  
      Launch Clock:-       0                  
         Data Path:-    3821                  
             Slack:=    1442                  

Launch clock path:
#--------------------------------------------------------------------------------------------------------------------
#             Timing Point              Flags   Arc   Edge      Cell        Fanout Load Trans Delay Arrival Instance 
#                                                                                  (fF)  (ps)  (ps)   (ps)  Location 
#--------------------------------------------------------------------------------------------------------------------
  clk_sys                               (i,u)   -     R     (arrival)         4853  0.0     0     0       0    (-,-) 
  u_core_u_meas_ctrl_state_q_reg[1]/clk <<<     -     R     unmapped_d_flop   4853    -   150     0       0    (-,-) 
#--------------------------------------------------------------------------------------------------------------------

#---------------------------------------------------------------------------------------------------------------------------------------------------
#                          Timing Point                            Flags    Arc    Edge       Cell         Fanout Load Trans Delay Arrival Instance 
#                                                                                                                 (fF)  (ps)  (ps)   (ps)  Location 
#---------------------------------------------------------------------------------------------------------------------------------------------------
  u_core_u_meas_ctrl_state_q_reg[1]/clk                            -       -       R     (arrival)           4853    -   150     0       0    (-,-) 
  u_core_u_meas_ctrl_state_q_reg[1]/q                              (u)     clk->q  R     unmapped_d_flop        6 67.2     0  1466    1466    (-,-) 
  g65402/z                                                         (u)     in_1->z F     unmapped_nand2         1 11.2     0   231    1697    (-,-) 
  g65128/z                                                         (u)     in_0->z F     unmapped_complex2      5 56.0     0   417    2114    (-,-) 
  g64899/z                                                         (u)     in_0->z F     unmapped_complex2      3 33.6     0   327    2441    (-,-) 
  g64527/z                                                         (u)     in_1->z F     unmapped_complex2    538 56.0     0   918    3358    (-,-) 
  g63106/z                                                         (u)     in_0->z F     unmapped_complex2      1 11.2     0   231    3590    (-,-) 
  g61030/z                                                         (u)     in_1->z R     unmapped_nand2         1 11.2     0   231    3821    (-,-) 
  u_core_u_ctx_bank_ctx_snapshot_q_reg[1][nfast_hit_packed][398]/d <<<     -       R     unmapped_d_flop        1    -     -     0    3821    (-,-) 
#---------------------------------------------------------------------------------------------------------------------------------------------------

(u) : Net has unmapped pin(s).

Capture clock path:
#-------------------------------------------------------------------------------------------------------------------------------------------------
#                           Timing Point                             Flags   Arc   Edge      Cell        Fanout Load Trans Delay Arrival Instance 
#                                                                                                               (fF)  (ps)  (ps)   (ps)  Location 
#-------------------------------------------------------------------------------------------------------------------------------------------------
  clk_sys                                                            (i,u)   -     R     (arrival)         4853  0.0     0     0    6250    (-,-) 
  u_core_u_ctx_bank_ctx_snapshot_q_reg[1][nfast_hit_packed][398]/clk <<<     -     R     unmapped_d_flop   4853    -   150     0    6250    (-,-) 
#-------------------------------------------------------------------------------------------------------------------------------------------------



Path 84: MET (1442 ps) Setup Check with Pin u_core_u_ctx_bank_ctx_snapshot_q_reg[1][nfast_hit_packed][397]/clk->d
           View: wc_view
          Group: clk_sys
     Startpoint: (R) u_core_u_meas_ctrl_state_q_reg[1]/clk
          Clock: (R) clk_sys
       Endpoint: (R) u_core_u_ctx_bank_ctx_snapshot_q_reg[1][nfast_hit_packed][397]/d
          Clock: (R) clk_sys

                     Capture       Launch     
        Clock Edge:+    6250            0     
       Src Latency:+       0            0     
       Net Latency:+       0 (I)        0 (I) 
           Arrival:=    6250            0     
                                              
             Setup:-     687                  
       Uncertainty:-     300                  
     Required Time:=    5263                  
      Launch Clock:-       0                  
         Data Path:-    3821                  
             Slack:=    1442                  

Launch clock path:
#--------------------------------------------------------------------------------------------------------------------
#             Timing Point              Flags   Arc   Edge      Cell        Fanout Load Trans Delay Arrival Instance 
#                                                                                  (fF)  (ps)  (ps)   (ps)  Location 
#--------------------------------------------------------------------------------------------------------------------
  clk_sys                               (i,u)   -     R     (arrival)         4853  0.0     0     0       0    (-,-) 
  u_core_u_meas_ctrl_state_q_reg[1]/clk <<<     -     R     unmapped_d_flop   4853    -   150     0       0    (-,-) 
#--------------------------------------------------------------------------------------------------------------------

#---------------------------------------------------------------------------------------------------------------------------------------------------
#                          Timing Point                            Flags    Arc    Edge       Cell         Fanout Load Trans Delay Arrival Instance 
#                                                                                                                 (fF)  (ps)  (ps)   (ps)  Location 
#---------------------------------------------------------------------------------------------------------------------------------------------------
  u_core_u_meas_ctrl_state_q_reg[1]/clk                            -       -       R     (arrival)           4853    -   150     0       0    (-,-) 
  u_core_u_meas_ctrl_state_q_reg[1]/q                              (u)     clk->q  R     unmapped_d_flop        6 67.2     0  1466    1466    (-,-) 
  g65402/z                                                         (u)     in_1->z F     unmapped_nand2         1 11.2     0   231    1697    (-,-) 
  g65128/z                                                         (u)     in_0->z F     unmapped_complex2      5 56.0     0   417    2114    (-,-) 
  g64899/z                                                         (u)     in_0->z F     unmapped_complex2      3 33.6     0   327    2441    (-,-) 
  g64527/z                                                         (u)     in_1->z F     unmapped_complex2    538 56.0     0   918    3358    (-,-) 
  g63108/z                                                         (u)     in_0->z F     unmapped_complex2      1 11.2     0   231    3590    (-,-) 
  g61043/z                                                         (u)     in_1->z R     unmapped_nand2         1 11.2     0   231    3821    (-,-) 
  u_core_u_ctx_bank_ctx_snapshot_q_reg[1][nfast_hit_packed][397]/d <<<     -       R     unmapped_d_flop        1    -     -     0    3821    (-,-) 
#---------------------------------------------------------------------------------------------------------------------------------------------------

(u) : Net has unmapped pin(s).

Capture clock path:
#-------------------------------------------------------------------------------------------------------------------------------------------------
#                           Timing Point                             Flags   Arc   Edge      Cell        Fanout Load Trans Delay Arrival Instance 
#                                                                                                               (fF)  (ps)  (ps)   (ps)  Location 
#-------------------------------------------------------------------------------------------------------------------------------------------------
  clk_sys                                                            (i,u)   -     R     (arrival)         4853  0.0     0     0    6250    (-,-) 
  u_core_u_ctx_bank_ctx_snapshot_q_reg[1][nfast_hit_packed][397]/clk <<<     -     R     unmapped_d_flop   4853    -   150     0    6250    (-,-) 
#-------------------------------------------------------------------------------------------------------------------------------------------------



Path 85: MET (1442 ps) Setup Check with Pin u_core_u_ctx_bank_ctx_snapshot_q_reg[1][nfast_hit_packed][396]/clk->d
           View: wc_view
          Group: clk_sys
     Startpoint: (R) u_core_u_meas_ctrl_state_q_reg[1]/clk
          Clock: (R) clk_sys
       Endpoint: (R) u_core_u_ctx_bank_ctx_snapshot_q_reg[1][nfast_hit_packed][396]/d
          Clock: (R) clk_sys

                     Capture       Launch     
        Clock Edge:+    6250            0     
       Src Latency:+       0            0     
       Net Latency:+       0 (I)        0 (I) 
           Arrival:=    6250            0     
                                              
             Setup:-     687                  
       Uncertainty:-     300                  
     Required Time:=    5263                  
      Launch Clock:-       0                  
         Data Path:-    3821                  
             Slack:=    1442                  

Launch clock path:
#--------------------------------------------------------------------------------------------------------------------
#             Timing Point              Flags   Arc   Edge      Cell        Fanout Load Trans Delay Arrival Instance 
#                                                                                  (fF)  (ps)  (ps)   (ps)  Location 
#--------------------------------------------------------------------------------------------------------------------
  clk_sys                               (i,u)   -     R     (arrival)         4853  0.0     0     0       0    (-,-) 
  u_core_u_meas_ctrl_state_q_reg[1]/clk <<<     -     R     unmapped_d_flop   4853    -   150     0       0    (-,-) 
#--------------------------------------------------------------------------------------------------------------------

#---------------------------------------------------------------------------------------------------------------------------------------------------
#                          Timing Point                            Flags    Arc    Edge       Cell         Fanout Load Trans Delay Arrival Instance 
#                                                                                                                 (fF)  (ps)  (ps)   (ps)  Location 
#---------------------------------------------------------------------------------------------------------------------------------------------------
  u_core_u_meas_ctrl_state_q_reg[1]/clk                            -       -       R     (arrival)           4853    -   150     0       0    (-,-) 
  u_core_u_meas_ctrl_state_q_reg[1]/q                              (u)     clk->q  R     unmapped_d_flop        6 67.2     0  1466    1466    (-,-) 
  g65402/z                                                         (u)     in_1->z F     unmapped_nand2         1 11.2     0   231    1697    (-,-) 
  g65128/z                                                         (u)     in_0->z F     unmapped_complex2      5 56.0     0   417    2114    (-,-) 
  g64899/z                                                         (u)     in_0->z F     unmapped_complex2      3 33.6     0   327    2441    (-,-) 
  g64527/z                                                         (u)     in_1->z F     unmapped_complex2    538 56.0     0   918    3358    (-,-) 
  g63116/z                                                         (u)     in_0->z F     unmapped_complex2      1 11.2     0   231    3590    (-,-) 
  g61080/z                                                         (u)     in_1->z R     unmapped_nand2         1 11.2     0   231    3821    (-,-) 
  u_core_u_ctx_bank_ctx_snapshot_q_reg[1][nfast_hit_packed][396]/d <<<     -       R     unmapped_d_flop        1    -     -     0    3821    (-,-) 
#---------------------------------------------------------------------------------------------------------------------------------------------------

(u) : Net has unmapped pin(s).

Capture clock path:
#-------------------------------------------------------------------------------------------------------------------------------------------------
#                           Timing Point                             Flags   Arc   Edge      Cell        Fanout Load Trans Delay Arrival Instance 
#                                                                                                               (fF)  (ps)  (ps)   (ps)  Location 
#-------------------------------------------------------------------------------------------------------------------------------------------------
  clk_sys                                                            (i,u)   -     R     (arrival)         4853  0.0     0     0    6250    (-,-) 
  u_core_u_ctx_bank_ctx_snapshot_q_reg[1][nfast_hit_packed][396]/clk <<<     -     R     unmapped_d_flop   4853    -   150     0    6250    (-,-) 
#-------------------------------------------------------------------------------------------------------------------------------------------------



Path 86: MET (1442 ps) Setup Check with Pin u_core_u_ctx_bank_ctx_snapshot_q_reg[1][nfast_hit_packed][395]/clk->d
           View: wc_view
          Group: clk_sys
     Startpoint: (R) u_core_u_meas_ctrl_state_q_reg[1]/clk
          Clock: (R) clk_sys
       Endpoint: (R) u_core_u_ctx_bank_ctx_snapshot_q_reg[1][nfast_hit_packed][395]/d
          Clock: (R) clk_sys

                     Capture       Launch     
        Clock Edge:+    6250            0     
       Src Latency:+       0            0     
       Net Latency:+       0 (I)        0 (I) 
           Arrival:=    6250            0     
                                              
             Setup:-     687                  
       Uncertainty:-     300                  
     Required Time:=    5263                  
      Launch Clock:-       0                  
         Data Path:-    3821                  
             Slack:=    1442                  

Launch clock path:
#--------------------------------------------------------------------------------------------------------------------
#             Timing Point              Flags   Arc   Edge      Cell        Fanout Load Trans Delay Arrival Instance 
#                                                                                  (fF)  (ps)  (ps)   (ps)  Location 
#--------------------------------------------------------------------------------------------------------------------
  clk_sys                               (i,u)   -     R     (arrival)         4853  0.0     0     0       0    (-,-) 
  u_core_u_meas_ctrl_state_q_reg[1]/clk <<<     -     R     unmapped_d_flop   4853    -   150     0       0    (-,-) 
#--------------------------------------------------------------------------------------------------------------------

#---------------------------------------------------------------------------------------------------------------------------------------------------
#                          Timing Point                            Flags    Arc    Edge       Cell         Fanout Load Trans Delay Arrival Instance 
#                                                                                                                 (fF)  (ps)  (ps)   (ps)  Location 
#---------------------------------------------------------------------------------------------------------------------------------------------------
  u_core_u_meas_ctrl_state_q_reg[1]/clk                            -       -       R     (arrival)           4853    -   150     0       0    (-,-) 
  u_core_u_meas_ctrl_state_q_reg[1]/q                              (u)     clk->q  R     unmapped_d_flop        6 67.2     0  1466    1466    (-,-) 
  g65402/z                                                         (u)     in_1->z F     unmapped_nand2         1 11.2     0   231    1697    (-,-) 
  g65128/z                                                         (u)     in_0->z F     unmapped_complex2      5 56.0     0   417    2114    (-,-) 
  g64899/z                                                         (u)     in_0->z F     unmapped_complex2      3 33.6     0   327    2441    (-,-) 
  g64527/z                                                         (u)     in_1->z F     unmapped_complex2    538 56.0     0   918    3358    (-,-) 
  g63120/z                                                         (u)     in_0->z F     unmapped_complex2      1 11.2     0   231    3590    (-,-) 
  g61092/z                                                         (u)     in_1->z R     unmapped_nand2         1 11.2     0   231    3821    (-,-) 
  u_core_u_ctx_bank_ctx_snapshot_q_reg[1][nfast_hit_packed][395]/d <<<     -       R     unmapped_d_flop        1    -     -     0    3821    (-,-) 
#---------------------------------------------------------------------------------------------------------------------------------------------------

(u) : Net has unmapped pin(s).

Capture clock path:
#-------------------------------------------------------------------------------------------------------------------------------------------------
#                           Timing Point                             Flags   Arc   Edge      Cell        Fanout Load Trans Delay Arrival Instance 
#                                                                                                               (fF)  (ps)  (ps)   (ps)  Location 
#-------------------------------------------------------------------------------------------------------------------------------------------------
  clk_sys                                                            (i,u)   -     R     (arrival)         4853  0.0     0     0    6250    (-,-) 
  u_core_u_ctx_bank_ctx_snapshot_q_reg[1][nfast_hit_packed][395]/clk <<<     -     R     unmapped_d_flop   4853    -   150     0    6250    (-,-) 
#-------------------------------------------------------------------------------------------------------------------------------------------------



Path 87: MET (1442 ps) Setup Check with Pin u_core_u_ctx_bank_ctx_snapshot_q_reg[1][nfast_hit_packed][394]/clk->d
           View: wc_view
          Group: clk_sys
     Startpoint: (R) u_core_u_meas_ctrl_state_q_reg[1]/clk
          Clock: (R) clk_sys
       Endpoint: (R) u_core_u_ctx_bank_ctx_snapshot_q_reg[1][nfast_hit_packed][394]/d
          Clock: (R) clk_sys

                     Capture       Launch     
        Clock Edge:+    6250            0     
       Src Latency:+       0            0     
       Net Latency:+       0 (I)        0 (I) 
           Arrival:=    6250            0     
                                              
             Setup:-     687                  
       Uncertainty:-     300                  
     Required Time:=    5263                  
      Launch Clock:-       0                  
         Data Path:-    3821                  
             Slack:=    1442                  

Launch clock path:
#--------------------------------------------------------------------------------------------------------------------
#             Timing Point              Flags   Arc   Edge      Cell        Fanout Load Trans Delay Arrival Instance 
#                                                                                  (fF)  (ps)  (ps)   (ps)  Location 
#--------------------------------------------------------------------------------------------------------------------
  clk_sys                               (i,u)   -     R     (arrival)         4853  0.0     0     0       0    (-,-) 
  u_core_u_meas_ctrl_state_q_reg[1]/clk <<<     -     R     unmapped_d_flop   4853    -   150     0       0    (-,-) 
#--------------------------------------------------------------------------------------------------------------------

#---------------------------------------------------------------------------------------------------------------------------------------------------
#                          Timing Point                            Flags    Arc    Edge       Cell         Fanout Load Trans Delay Arrival Instance 
#                                                                                                                 (fF)  (ps)  (ps)   (ps)  Location 
#---------------------------------------------------------------------------------------------------------------------------------------------------
  u_core_u_meas_ctrl_state_q_reg[1]/clk                            -       -       R     (arrival)           4853    -   150     0       0    (-,-) 
  u_core_u_meas_ctrl_state_q_reg[1]/q                              (u)     clk->q  R     unmapped_d_flop        6 67.2     0  1466    1466    (-,-) 
  g65402/z                                                         (u)     in_1->z F     unmapped_nand2         1 11.2     0   231    1697    (-,-) 
  g65128/z                                                         (u)     in_0->z F     unmapped_complex2      5 56.0     0   417    2114    (-,-) 
  g64899/z                                                         (u)     in_0->z F     unmapped_complex2      3 33.6     0   327    2441    (-,-) 
  g64527/z                                                         (u)     in_1->z F     unmapped_complex2    538 56.0     0   918    3358    (-,-) 
  g63128/z                                                         (u)     in_0->z F     unmapped_complex2      1 11.2     0   231    3590    (-,-) 
  g61159/z                                                         (u)     in_1->z R     unmapped_nand2         1 11.2     0   231    3821    (-,-) 
  u_core_u_ctx_bank_ctx_snapshot_q_reg[1][nfast_hit_packed][394]/d <<<     -       R     unmapped_d_flop        1    -     -     0    3821    (-,-) 
#---------------------------------------------------------------------------------------------------------------------------------------------------

(u) : Net has unmapped pin(s).

Capture clock path:
#-------------------------------------------------------------------------------------------------------------------------------------------------
#                           Timing Point                             Flags   Arc   Edge      Cell        Fanout Load Trans Delay Arrival Instance 
#                                                                                                               (fF)  (ps)  (ps)   (ps)  Location 
#-------------------------------------------------------------------------------------------------------------------------------------------------
  clk_sys                                                            (i,u)   -     R     (arrival)         4853  0.0     0     0    6250    (-,-) 
  u_core_u_ctx_bank_ctx_snapshot_q_reg[1][nfast_hit_packed][394]/clk <<<     -     R     unmapped_d_flop   4853    -   150     0    6250    (-,-) 
#-------------------------------------------------------------------------------------------------------------------------------------------------



Path 88: MET (1442 ps) Setup Check with Pin u_core_u_ctx_bank_ctx_snapshot_q_reg[1][nfast_hit_packed][393]/clk->d
           View: wc_view
          Group: clk_sys
     Startpoint: (R) u_core_u_meas_ctrl_state_q_reg[1]/clk
          Clock: (R) clk_sys
       Endpoint: (R) u_core_u_ctx_bank_ctx_snapshot_q_reg[1][nfast_hit_packed][393]/d
          Clock: (R) clk_sys

                     Capture       Launch     
        Clock Edge:+    6250            0     
       Src Latency:+       0            0     
       Net Latency:+       0 (I)        0 (I) 
           Arrival:=    6250            0     
                                              
             Setup:-     687                  
       Uncertainty:-     300                  
     Required Time:=    5263                  
      Launch Clock:-       0                  
         Data Path:-    3821                  
             Slack:=    1442                  

Launch clock path:
#--------------------------------------------------------------------------------------------------------------------
#             Timing Point              Flags   Arc   Edge      Cell        Fanout Load Trans Delay Arrival Instance 
#                                                                                  (fF)  (ps)  (ps)   (ps)  Location 
#--------------------------------------------------------------------------------------------------------------------
  clk_sys                               (i,u)   -     R     (arrival)         4853  0.0     0     0       0    (-,-) 
  u_core_u_meas_ctrl_state_q_reg[1]/clk <<<     -     R     unmapped_d_flop   4853    -   150     0       0    (-,-) 
#--------------------------------------------------------------------------------------------------------------------

#---------------------------------------------------------------------------------------------------------------------------------------------------
#                          Timing Point                            Flags    Arc    Edge       Cell         Fanout Load Trans Delay Arrival Instance 
#                                                                                                                 (fF)  (ps)  (ps)   (ps)  Location 
#---------------------------------------------------------------------------------------------------------------------------------------------------
  u_core_u_meas_ctrl_state_q_reg[1]/clk                            -       -       R     (arrival)           4853    -   150     0       0    (-,-) 
  u_core_u_meas_ctrl_state_q_reg[1]/q                              (u)     clk->q  R     unmapped_d_flop        6 67.2     0  1466    1466    (-,-) 
  g65402/z                                                         (u)     in_1->z F     unmapped_nand2         1 11.2     0   231    1697    (-,-) 
  g65128/z                                                         (u)     in_0->z F     unmapped_complex2      5 56.0     0   417    2114    (-,-) 
  g64899/z                                                         (u)     in_0->z F     unmapped_complex2      3 33.6     0   327    2441    (-,-) 
  g64527/z                                                         (u)     in_1->z F     unmapped_complex2    538 56.0     0   918    3358    (-,-) 
  g63130/z                                                         (u)     in_0->z F     unmapped_complex2      1 11.2     0   231    3590    (-,-) 
  g61163/z                                                         (u)     in_1->z R     unmapped_nand2         1 11.2     0   231    3821    (-,-) 
  u_core_u_ctx_bank_ctx_snapshot_q_reg[1][nfast_hit_packed][393]/d <<<     -       R     unmapped_d_flop        1    -     -     0    3821    (-,-) 
#---------------------------------------------------------------------------------------------------------------------------------------------------

(u) : Net has unmapped pin(s).

Capture clock path:
#-------------------------------------------------------------------------------------------------------------------------------------------------
#                           Timing Point                             Flags   Arc   Edge      Cell        Fanout Load Trans Delay Arrival Instance 
#                                                                                                               (fF)  (ps)  (ps)   (ps)  Location 
#-------------------------------------------------------------------------------------------------------------------------------------------------
  clk_sys                                                            (i,u)   -     R     (arrival)         4853  0.0     0     0    6250    (-,-) 
  u_core_u_ctx_bank_ctx_snapshot_q_reg[1][nfast_hit_packed][393]/clk <<<     -     R     unmapped_d_flop   4853    -   150     0    6250    (-,-) 
#-------------------------------------------------------------------------------------------------------------------------------------------------



Path 89: MET (1442 ps) Setup Check with Pin u_core_u_ctx_bank_ctx_snapshot_q_reg[1][nfast_hit_packed][392]/clk->d
           View: wc_view
          Group: clk_sys
     Startpoint: (R) u_core_u_meas_ctrl_state_q_reg[1]/clk
          Clock: (R) clk_sys
       Endpoint: (R) u_core_u_ctx_bank_ctx_snapshot_q_reg[1][nfast_hit_packed][392]/d
          Clock: (R) clk_sys

                     Capture       Launch     
        Clock Edge:+    6250            0     
       Src Latency:+       0            0     
       Net Latency:+       0 (I)        0 (I) 
           Arrival:=    6250            0     
                                              
             Setup:-     687                  
       Uncertainty:-     300                  
     Required Time:=    5263                  
      Launch Clock:-       0                  
         Data Path:-    3821                  
             Slack:=    1442                  

Launch clock path:
#--------------------------------------------------------------------------------------------------------------------
#             Timing Point              Flags   Arc   Edge      Cell        Fanout Load Trans Delay Arrival Instance 
#                                                                                  (fF)  (ps)  (ps)   (ps)  Location 
#--------------------------------------------------------------------------------------------------------------------
  clk_sys                               (i,u)   -     R     (arrival)         4853  0.0     0     0       0    (-,-) 
  u_core_u_meas_ctrl_state_q_reg[1]/clk <<<     -     R     unmapped_d_flop   4853    -   150     0       0    (-,-) 
#--------------------------------------------------------------------------------------------------------------------

#---------------------------------------------------------------------------------------------------------------------------------------------------
#                          Timing Point                            Flags    Arc    Edge       Cell         Fanout Load Trans Delay Arrival Instance 
#                                                                                                                 (fF)  (ps)  (ps)   (ps)  Location 
#---------------------------------------------------------------------------------------------------------------------------------------------------
  u_core_u_meas_ctrl_state_q_reg[1]/clk                            -       -       R     (arrival)           4853    -   150     0       0    (-,-) 
  u_core_u_meas_ctrl_state_q_reg[1]/q                              (u)     clk->q  R     unmapped_d_flop        6 67.2     0  1466    1466    (-,-) 
  g65402/z                                                         (u)     in_1->z F     unmapped_nand2         1 11.2     0   231    1697    (-,-) 
  g65128/z                                                         (u)     in_0->z F     unmapped_complex2      5 56.0     0   417    2114    (-,-) 
  g64899/z                                                         (u)     in_0->z F     unmapped_complex2      3 33.6     0   327    2441    (-,-) 
  g64527/z                                                         (u)     in_1->z F     unmapped_complex2    538 56.0     0   918    3358    (-,-) 
  g63136/z                                                         (u)     in_0->z F     unmapped_complex2      1 11.2     0   231    3590    (-,-) 
  g61176/z                                                         (u)     in_1->z R     unmapped_nand2         1 11.2     0   231    3821    (-,-) 
  u_core_u_ctx_bank_ctx_snapshot_q_reg[1][nfast_hit_packed][392]/d <<<     -       R     unmapped_d_flop        1    -     -     0    3821    (-,-) 
#---------------------------------------------------------------------------------------------------------------------------------------------------

(u) : Net has unmapped pin(s).

Capture clock path:
#-------------------------------------------------------------------------------------------------------------------------------------------------
#                           Timing Point                             Flags   Arc   Edge      Cell        Fanout Load Trans Delay Arrival Instance 
#                                                                                                               (fF)  (ps)  (ps)   (ps)  Location 
#-------------------------------------------------------------------------------------------------------------------------------------------------
  clk_sys                                                            (i,u)   -     R     (arrival)         4853  0.0     0     0    6250    (-,-) 
  u_core_u_ctx_bank_ctx_snapshot_q_reg[1][nfast_hit_packed][392]/clk <<<     -     R     unmapped_d_flop   4853    -   150     0    6250    (-,-) 
#-------------------------------------------------------------------------------------------------------------------------------------------------



Path 90: MET (1442 ps) Setup Check with Pin u_core_u_ctx_bank_ctx_snapshot_q_reg[1][nfast_hit_packed][391]/clk->d
           View: wc_view
          Group: clk_sys
     Startpoint: (R) u_core_u_meas_ctrl_state_q_reg[1]/clk
          Clock: (R) clk_sys
       Endpoint: (R) u_core_u_ctx_bank_ctx_snapshot_q_reg[1][nfast_hit_packed][391]/d
          Clock: (R) clk_sys

                     Capture       Launch     
        Clock Edge:+    6250            0     
       Src Latency:+       0            0     
       Net Latency:+       0 (I)        0 (I) 
           Arrival:=    6250            0     
                                              
             Setup:-     687                  
       Uncertainty:-     300                  
     Required Time:=    5263                  
      Launch Clock:-       0                  
         Data Path:-    3821                  
             Slack:=    1442                  

Launch clock path:
#--------------------------------------------------------------------------------------------------------------------
#             Timing Point              Flags   Arc   Edge      Cell        Fanout Load Trans Delay Arrival Instance 
#                                                                                  (fF)  (ps)  (ps)   (ps)  Location 
#--------------------------------------------------------------------------------------------------------------------
  clk_sys                               (i,u)   -     R     (arrival)         4853  0.0     0     0       0    (-,-) 
  u_core_u_meas_ctrl_state_q_reg[1]/clk <<<     -     R     unmapped_d_flop   4853    -   150     0       0    (-,-) 
#--------------------------------------------------------------------------------------------------------------------

#---------------------------------------------------------------------------------------------------------------------------------------------------
#                          Timing Point                            Flags    Arc    Edge       Cell         Fanout Load Trans Delay Arrival Instance 
#                                                                                                                 (fF)  (ps)  (ps)   (ps)  Location 
#---------------------------------------------------------------------------------------------------------------------------------------------------
  u_core_u_meas_ctrl_state_q_reg[1]/clk                            -       -       R     (arrival)           4853    -   150     0       0    (-,-) 
  u_core_u_meas_ctrl_state_q_reg[1]/q                              (u)     clk->q  R     unmapped_d_flop        6 67.2     0  1466    1466    (-,-) 
  g65402/z                                                         (u)     in_1->z F     unmapped_nand2         1 11.2     0   231    1697    (-,-) 
  g65128/z                                                         (u)     in_0->z F     unmapped_complex2      5 56.0     0   417    2114    (-,-) 
  g64899/z                                                         (u)     in_0->z F     unmapped_complex2      3 33.6     0   327    2441    (-,-) 
  g64527/z                                                         (u)     in_1->z F     unmapped_complex2    538 56.0     0   918    3358    (-,-) 
  g63142/z                                                         (u)     in_0->z F     unmapped_complex2      1 11.2     0   231    3590    (-,-) 
  g61195/z                                                         (u)     in_1->z R     unmapped_nand2         1 11.2     0   231    3821    (-,-) 
  u_core_u_ctx_bank_ctx_snapshot_q_reg[1][nfast_hit_packed][391]/d <<<     -       R     unmapped_d_flop        1    -     -     0    3821    (-,-) 
#---------------------------------------------------------------------------------------------------------------------------------------------------

(u) : Net has unmapped pin(s).

Capture clock path:
#-------------------------------------------------------------------------------------------------------------------------------------------------
#                           Timing Point                             Flags   Arc   Edge      Cell        Fanout Load Trans Delay Arrival Instance 
#                                                                                                               (fF)  (ps)  (ps)   (ps)  Location 
#-------------------------------------------------------------------------------------------------------------------------------------------------
  clk_sys                                                            (i,u)   -     R     (arrival)         4853  0.0     0     0    6250    (-,-) 
  u_core_u_ctx_bank_ctx_snapshot_q_reg[1][nfast_hit_packed][391]/clk <<<     -     R     unmapped_d_flop   4853    -   150     0    6250    (-,-) 
#-------------------------------------------------------------------------------------------------------------------------------------------------



Path 91: MET (1442 ps) Setup Check with Pin u_core_u_ctx_bank_ctx_snapshot_q_reg[1][nfast_hit_packed][390]/clk->d
           View: wc_view
          Group: clk_sys
     Startpoint: (R) u_core_u_meas_ctrl_state_q_reg[1]/clk
          Clock: (R) clk_sys
       Endpoint: (R) u_core_u_ctx_bank_ctx_snapshot_q_reg[1][nfast_hit_packed][390]/d
          Clock: (R) clk_sys

                     Capture       Launch     
        Clock Edge:+    6250            0     
       Src Latency:+       0            0     
       Net Latency:+       0 (I)        0 (I) 
           Arrival:=    6250            0     
                                              
             Setup:-     687                  
       Uncertainty:-     300                  
     Required Time:=    5263                  
      Launch Clock:-       0                  
         Data Path:-    3821                  
             Slack:=    1442                  

Launch clock path:
#--------------------------------------------------------------------------------------------------------------------
#             Timing Point              Flags   Arc   Edge      Cell        Fanout Load Trans Delay Arrival Instance 
#                                                                                  (fF)  (ps)  (ps)   (ps)  Location 
#--------------------------------------------------------------------------------------------------------------------
  clk_sys                               (i,u)   -     R     (arrival)         4853  0.0     0     0       0    (-,-) 
  u_core_u_meas_ctrl_state_q_reg[1]/clk <<<     -     R     unmapped_d_flop   4853    -   150     0       0    (-,-) 
#--------------------------------------------------------------------------------------------------------------------

#---------------------------------------------------------------------------------------------------------------------------------------------------
#                          Timing Point                            Flags    Arc    Edge       Cell         Fanout Load Trans Delay Arrival Instance 
#                                                                                                                 (fF)  (ps)  (ps)   (ps)  Location 
#---------------------------------------------------------------------------------------------------------------------------------------------------
  u_core_u_meas_ctrl_state_q_reg[1]/clk                            -       -       R     (arrival)           4853    -   150     0       0    (-,-) 
  u_core_u_meas_ctrl_state_q_reg[1]/q                              (u)     clk->q  R     unmapped_d_flop        6 67.2     0  1466    1466    (-,-) 
  g65402/z                                                         (u)     in_1->z F     unmapped_nand2         1 11.2     0   231    1697    (-,-) 
  g65128/z                                                         (u)     in_0->z F     unmapped_complex2      5 56.0     0   417    2114    (-,-) 
  g64899/z                                                         (u)     in_0->z F     unmapped_complex2      3 33.6     0   327    2441    (-,-) 
  g64527/z                                                         (u)     in_1->z F     unmapped_complex2    538 56.0     0   918    3358    (-,-) 
  g63148/z                                                         (u)     in_0->z F     unmapped_complex2      1 11.2     0   231    3590    (-,-) 
  g61214/z                                                         (u)     in_1->z R     unmapped_nand2         1 11.2     0   231    3821    (-,-) 
  u_core_u_ctx_bank_ctx_snapshot_q_reg[1][nfast_hit_packed][390]/d <<<     -       R     unmapped_d_flop        1    -     -     0    3821    (-,-) 
#---------------------------------------------------------------------------------------------------------------------------------------------------

(u) : Net has unmapped pin(s).

Capture clock path:
#-------------------------------------------------------------------------------------------------------------------------------------------------
#                           Timing Point                             Flags   Arc   Edge      Cell        Fanout Load Trans Delay Arrival Instance 
#                                                                                                               (fF)  (ps)  (ps)   (ps)  Location 
#-------------------------------------------------------------------------------------------------------------------------------------------------
  clk_sys                                                            (i,u)   -     R     (arrival)         4853  0.0     0     0    6250    (-,-) 
  u_core_u_ctx_bank_ctx_snapshot_q_reg[1][nfast_hit_packed][390]/clk <<<     -     R     unmapped_d_flop   4853    -   150     0    6250    (-,-) 
#-------------------------------------------------------------------------------------------------------------------------------------------------



Path 92: MET (1442 ps) Setup Check with Pin u_core_u_ctx_bank_ctx_snapshot_q_reg[1][nfast_hit_packed][389]/clk->d
           View: wc_view
          Group: clk_sys
     Startpoint: (R) u_core_u_meas_ctrl_state_q_reg[1]/clk
          Clock: (R) clk_sys
       Endpoint: (R) u_core_u_ctx_bank_ctx_snapshot_q_reg[1][nfast_hit_packed][389]/d
          Clock: (R) clk_sys

                     Capture       Launch     
        Clock Edge:+    6250            0     
       Src Latency:+       0            0     
       Net Latency:+       0 (I)        0 (I) 
           Arrival:=    6250            0     
                                              
             Setup:-     687                  
       Uncertainty:-     300                  
     Required Time:=    5263                  
      Launch Clock:-       0                  
         Data Path:-    3821                  
             Slack:=    1442                  

Launch clock path:
#--------------------------------------------------------------------------------------------------------------------
#             Timing Point              Flags   Arc   Edge      Cell        Fanout Load Trans Delay Arrival Instance 
#                                                                                  (fF)  (ps)  (ps)   (ps)  Location 
#--------------------------------------------------------------------------------------------------------------------
  clk_sys                               (i,u)   -     R     (arrival)         4853  0.0     0     0       0    (-,-) 
  u_core_u_meas_ctrl_state_q_reg[1]/clk <<<     -     R     unmapped_d_flop   4853    -   150     0       0    (-,-) 
#--------------------------------------------------------------------------------------------------------------------

#---------------------------------------------------------------------------------------------------------------------------------------------------
#                          Timing Point                            Flags    Arc    Edge       Cell         Fanout Load Trans Delay Arrival Instance 
#                                                                                                                 (fF)  (ps)  (ps)   (ps)  Location 
#---------------------------------------------------------------------------------------------------------------------------------------------------
  u_core_u_meas_ctrl_state_q_reg[1]/clk                            -       -       R     (arrival)           4853    -   150     0       0    (-,-) 
  u_core_u_meas_ctrl_state_q_reg[1]/q                              (u)     clk->q  R     unmapped_d_flop        6 67.2     0  1466    1466    (-,-) 
  g65402/z                                                         (u)     in_1->z F     unmapped_nand2         1 11.2     0   231    1697    (-,-) 
  g65128/z                                                         (u)     in_0->z F     unmapped_complex2      5 56.0     0   417    2114    (-,-) 
  g64899/z                                                         (u)     in_0->z F     unmapped_complex2      3 33.6     0   327    2441    (-,-) 
  g64527/z                                                         (u)     in_1->z F     unmapped_complex2    538 56.0     0   918    3358    (-,-) 
  g63152/z                                                         (u)     in_0->z F     unmapped_complex2      1 11.2     0   231    3590    (-,-) 
  g61226/z                                                         (u)     in_1->z R     unmapped_nand2         1 11.2     0   231    3821    (-,-) 
  u_core_u_ctx_bank_ctx_snapshot_q_reg[1][nfast_hit_packed][389]/d <<<     -       R     unmapped_d_flop        1    -     -     0    3821    (-,-) 
#---------------------------------------------------------------------------------------------------------------------------------------------------

(u) : Net has unmapped pin(s).

Capture clock path:
#-------------------------------------------------------------------------------------------------------------------------------------------------
#                           Timing Point                             Flags   Arc   Edge      Cell        Fanout Load Trans Delay Arrival Instance 
#                                                                                                               (fF)  (ps)  (ps)   (ps)  Location 
#-------------------------------------------------------------------------------------------------------------------------------------------------
  clk_sys                                                            (i,u)   -     R     (arrival)         4853  0.0     0     0    6250    (-,-) 
  u_core_u_ctx_bank_ctx_snapshot_q_reg[1][nfast_hit_packed][389]/clk <<<     -     R     unmapped_d_flop   4853    -   150     0    6250    (-,-) 
#-------------------------------------------------------------------------------------------------------------------------------------------------



Path 93: MET (1442 ps) Setup Check with Pin u_core_u_ctx_bank_ctx_snapshot_q_reg[1][nfast_hit_packed][388]/clk->d
           View: wc_view
          Group: clk_sys
     Startpoint: (R) u_core_u_meas_ctrl_state_q_reg[1]/clk
          Clock: (R) clk_sys
       Endpoint: (R) u_core_u_ctx_bank_ctx_snapshot_q_reg[1][nfast_hit_packed][388]/d
          Clock: (R) clk_sys

                     Capture       Launch     
        Clock Edge:+    6250            0     
       Src Latency:+       0            0     
       Net Latency:+       0 (I)        0 (I) 
           Arrival:=    6250            0     
                                              
             Setup:-     687                  
       Uncertainty:-     300                  
     Required Time:=    5263                  
      Launch Clock:-       0                  
         Data Path:-    3821                  
             Slack:=    1442                  

Launch clock path:
#--------------------------------------------------------------------------------------------------------------------
#             Timing Point              Flags   Arc   Edge      Cell        Fanout Load Trans Delay Arrival Instance 
#                                                                                  (fF)  (ps)  (ps)   (ps)  Location 
#--------------------------------------------------------------------------------------------------------------------
  clk_sys                               (i,u)   -     R     (arrival)         4853  0.0     0     0       0    (-,-) 
  u_core_u_meas_ctrl_state_q_reg[1]/clk <<<     -     R     unmapped_d_flop   4853    -   150     0       0    (-,-) 
#--------------------------------------------------------------------------------------------------------------------

#---------------------------------------------------------------------------------------------------------------------------------------------------
#                          Timing Point                            Flags    Arc    Edge       Cell         Fanout Load Trans Delay Arrival Instance 
#                                                                                                                 (fF)  (ps)  (ps)   (ps)  Location 
#---------------------------------------------------------------------------------------------------------------------------------------------------
  u_core_u_meas_ctrl_state_q_reg[1]/clk                            -       -       R     (arrival)           4853    -   150     0       0    (-,-) 
  u_core_u_meas_ctrl_state_q_reg[1]/q                              (u)     clk->q  R     unmapped_d_flop        6 67.2     0  1466    1466    (-,-) 
  g65402/z                                                         (u)     in_1->z F     unmapped_nand2         1 11.2     0   231    1697    (-,-) 
  g65128/z                                                         (u)     in_0->z F     unmapped_complex2      5 56.0     0   417    2114    (-,-) 
  g64899/z                                                         (u)     in_0->z F     unmapped_complex2      3 33.6     0   327    2441    (-,-) 
  g64527/z                                                         (u)     in_1->z F     unmapped_complex2    538 56.0     0   918    3358    (-,-) 
  g63156/z                                                         (u)     in_0->z F     unmapped_complex2      1 11.2     0   231    3590    (-,-) 
  g61238/z                                                         (u)     in_1->z R     unmapped_nand2         1 11.2     0   231    3821    (-,-) 
  u_core_u_ctx_bank_ctx_snapshot_q_reg[1][nfast_hit_packed][388]/d <<<     -       R     unmapped_d_flop        1    -     -     0    3821    (-,-) 
#---------------------------------------------------------------------------------------------------------------------------------------------------

(u) : Net has unmapped pin(s).

Capture clock path:
#-------------------------------------------------------------------------------------------------------------------------------------------------
#                           Timing Point                             Flags   Arc   Edge      Cell        Fanout Load Trans Delay Arrival Instance 
#                                                                                                               (fF)  (ps)  (ps)   (ps)  Location 
#-------------------------------------------------------------------------------------------------------------------------------------------------
  clk_sys                                                            (i,u)   -     R     (arrival)         4853  0.0     0     0    6250    (-,-) 
  u_core_u_ctx_bank_ctx_snapshot_q_reg[1][nfast_hit_packed][388]/clk <<<     -     R     unmapped_d_flop   4853    -   150     0    6250    (-,-) 
#-------------------------------------------------------------------------------------------------------------------------------------------------



Path 94: MET (1442 ps) Setup Check with Pin u_core_u_ctx_bank_ctx_snapshot_q_reg[1][nfast_hit_packed][387]/clk->d
           View: wc_view
          Group: clk_sys
     Startpoint: (R) u_core_u_meas_ctrl_state_q_reg[1]/clk
          Clock: (R) clk_sys
       Endpoint: (R) u_core_u_ctx_bank_ctx_snapshot_q_reg[1][nfast_hit_packed][387]/d
          Clock: (R) clk_sys

                     Capture       Launch     
        Clock Edge:+    6250            0     
       Src Latency:+       0            0     
       Net Latency:+       0 (I)        0 (I) 
           Arrival:=    6250            0     
                                              
             Setup:-     687                  
       Uncertainty:-     300                  
     Required Time:=    5263                  
      Launch Clock:-       0                  
         Data Path:-    3821                  
             Slack:=    1442                  

Launch clock path:
#--------------------------------------------------------------------------------------------------------------------
#             Timing Point              Flags   Arc   Edge      Cell        Fanout Load Trans Delay Arrival Instance 
#                                                                                  (fF)  (ps)  (ps)   (ps)  Location 
#--------------------------------------------------------------------------------------------------------------------
  clk_sys                               (i,u)   -     R     (arrival)         4853  0.0     0     0       0    (-,-) 
  u_core_u_meas_ctrl_state_q_reg[1]/clk <<<     -     R     unmapped_d_flop   4853    -   150     0       0    (-,-) 
#--------------------------------------------------------------------------------------------------------------------

#---------------------------------------------------------------------------------------------------------------------------------------------------
#                          Timing Point                            Flags    Arc    Edge       Cell         Fanout Load Trans Delay Arrival Instance 
#                                                                                                                 (fF)  (ps)  (ps)   (ps)  Location 
#---------------------------------------------------------------------------------------------------------------------------------------------------
  u_core_u_meas_ctrl_state_q_reg[1]/clk                            -       -       R     (arrival)           4853    -   150     0       0    (-,-) 
  u_core_u_meas_ctrl_state_q_reg[1]/q                              (u)     clk->q  R     unmapped_d_flop        6 67.2     0  1466    1466    (-,-) 
  g65402/z                                                         (u)     in_1->z F     unmapped_nand2         1 11.2     0   231    1697    (-,-) 
  g65128/z                                                         (u)     in_0->z F     unmapped_complex2      5 56.0     0   417    2114    (-,-) 
  g64899/z                                                         (u)     in_0->z F     unmapped_complex2      3 33.6     0   327    2441    (-,-) 
  g64527/z                                                         (u)     in_1->z F     unmapped_complex2    538 56.0     0   918    3358    (-,-) 
  g63162/z                                                         (u)     in_0->z F     unmapped_complex2      1 11.2     0   231    3590    (-,-) 
  g61255/z                                                         (u)     in_1->z R     unmapped_nand2         1 11.2     0   231    3821    (-,-) 
  u_core_u_ctx_bank_ctx_snapshot_q_reg[1][nfast_hit_packed][387]/d <<<     -       R     unmapped_d_flop        1    -     -     0    3821    (-,-) 
#---------------------------------------------------------------------------------------------------------------------------------------------------

(u) : Net has unmapped pin(s).

Capture clock path:
#-------------------------------------------------------------------------------------------------------------------------------------------------
#                           Timing Point                             Flags   Arc   Edge      Cell        Fanout Load Trans Delay Arrival Instance 
#                                                                                                               (fF)  (ps)  (ps)   (ps)  Location 
#-------------------------------------------------------------------------------------------------------------------------------------------------
  clk_sys                                                            (i,u)   -     R     (arrival)         4853  0.0     0     0    6250    (-,-) 
  u_core_u_ctx_bank_ctx_snapshot_q_reg[1][nfast_hit_packed][387]/clk <<<     -     R     unmapped_d_flop   4853    -   150     0    6250    (-,-) 
#-------------------------------------------------------------------------------------------------------------------------------------------------



Path 95: MET (1442 ps) Setup Check with Pin u_core_u_ctx_bank_ctx_snapshot_q_reg[1][nfast_hit_packed][386]/clk->d
           View: wc_view
          Group: clk_sys
     Startpoint: (R) u_core_u_meas_ctrl_state_q_reg[1]/clk
          Clock: (R) clk_sys
       Endpoint: (R) u_core_u_ctx_bank_ctx_snapshot_q_reg[1][nfast_hit_packed][386]/d
          Clock: (R) clk_sys

                     Capture       Launch     
        Clock Edge:+    6250            0     
       Src Latency:+       0            0     
       Net Latency:+       0 (I)        0 (I) 
           Arrival:=    6250            0     
                                              
             Setup:-     687                  
       Uncertainty:-     300                  
     Required Time:=    5263                  
      Launch Clock:-       0                  
         Data Path:-    3821                  
             Slack:=    1442                  

Launch clock path:
#--------------------------------------------------------------------------------------------------------------------
#             Timing Point              Flags   Arc   Edge      Cell        Fanout Load Trans Delay Arrival Instance 
#                                                                                  (fF)  (ps)  (ps)   (ps)  Location 
#--------------------------------------------------------------------------------------------------------------------
  clk_sys                               (i,u)   -     R     (arrival)         4853  0.0     0     0       0    (-,-) 
  u_core_u_meas_ctrl_state_q_reg[1]/clk <<<     -     R     unmapped_d_flop   4853    -   150     0       0    (-,-) 
#--------------------------------------------------------------------------------------------------------------------

#---------------------------------------------------------------------------------------------------------------------------------------------------
#                          Timing Point                            Flags    Arc    Edge       Cell         Fanout Load Trans Delay Arrival Instance 
#                                                                                                                 (fF)  (ps)  (ps)   (ps)  Location 
#---------------------------------------------------------------------------------------------------------------------------------------------------
  u_core_u_meas_ctrl_state_q_reg[1]/clk                            -       -       R     (arrival)           4853    -   150     0       0    (-,-) 
  u_core_u_meas_ctrl_state_q_reg[1]/q                              (u)     clk->q  R     unmapped_d_flop        6 67.2     0  1466    1466    (-,-) 
  g65402/z                                                         (u)     in_1->z F     unmapped_nand2         1 11.2     0   231    1697    (-,-) 
  g65128/z                                                         (u)     in_0->z F     unmapped_complex2      5 56.0     0   417    2114    (-,-) 
  g64899/z                                                         (u)     in_0->z F     unmapped_complex2      3 33.6     0   327    2441    (-,-) 
  g64527/z                                                         (u)     in_1->z F     unmapped_complex2    538 56.0     0   918    3358    (-,-) 
  g63170/z                                                         (u)     in_0->z F     unmapped_complex2      1 11.2     0   231    3590    (-,-) 
  g61280/z                                                         (u)     in_1->z R     unmapped_nand2         1 11.2     0   231    3821    (-,-) 
  u_core_u_ctx_bank_ctx_snapshot_q_reg[1][nfast_hit_packed][386]/d <<<     -       R     unmapped_d_flop        1    -     -     0    3821    (-,-) 
#---------------------------------------------------------------------------------------------------------------------------------------------------

(u) : Net has unmapped pin(s).

Capture clock path:
#-------------------------------------------------------------------------------------------------------------------------------------------------
#                           Timing Point                             Flags   Arc   Edge      Cell        Fanout Load Trans Delay Arrival Instance 
#                                                                                                               (fF)  (ps)  (ps)   (ps)  Location 
#-------------------------------------------------------------------------------------------------------------------------------------------------
  clk_sys                                                            (i,u)   -     R     (arrival)         4853  0.0     0     0    6250    (-,-) 
  u_core_u_ctx_bank_ctx_snapshot_q_reg[1][nfast_hit_packed][386]/clk <<<     -     R     unmapped_d_flop   4853    -   150     0    6250    (-,-) 
#-------------------------------------------------------------------------------------------------------------------------------------------------



Path 96: MET (1442 ps) Setup Check with Pin u_core_u_ctx_bank_ctx_snapshot_q_reg[1][nfast_hit_packed][385]/clk->d
           View: wc_view
          Group: clk_sys
     Startpoint: (R) u_core_u_meas_ctrl_state_q_reg[1]/clk
          Clock: (R) clk_sys
       Endpoint: (R) u_core_u_ctx_bank_ctx_snapshot_q_reg[1][nfast_hit_packed][385]/d
          Clock: (R) clk_sys

                     Capture       Launch     
        Clock Edge:+    6250            0     
       Src Latency:+       0            0     
       Net Latency:+       0 (I)        0 (I) 
           Arrival:=    6250            0     
                                              
             Setup:-     687                  
       Uncertainty:-     300                  
     Required Time:=    5263                  
      Launch Clock:-       0                  
         Data Path:-    3821                  
             Slack:=    1442                  

Launch clock path:
#--------------------------------------------------------------------------------------------------------------------
#             Timing Point              Flags   Arc   Edge      Cell        Fanout Load Trans Delay Arrival Instance 
#                                                                                  (fF)  (ps)  (ps)   (ps)  Location 
#--------------------------------------------------------------------------------------------------------------------
  clk_sys                               (i,u)   -     R     (arrival)         4853  0.0     0     0       0    (-,-) 
  u_core_u_meas_ctrl_state_q_reg[1]/clk <<<     -     R     unmapped_d_flop   4853    -   150     0       0    (-,-) 
#--------------------------------------------------------------------------------------------------------------------

#---------------------------------------------------------------------------------------------------------------------------------------------------
#                          Timing Point                            Flags    Arc    Edge       Cell         Fanout Load Trans Delay Arrival Instance 
#                                                                                                                 (fF)  (ps)  (ps)   (ps)  Location 
#---------------------------------------------------------------------------------------------------------------------------------------------------
  u_core_u_meas_ctrl_state_q_reg[1]/clk                            -       -       R     (arrival)           4853    -   150     0       0    (-,-) 
  u_core_u_meas_ctrl_state_q_reg[1]/q                              (u)     clk->q  R     unmapped_d_flop        6 67.2     0  1466    1466    (-,-) 
  g65402/z                                                         (u)     in_1->z F     unmapped_nand2         1 11.2     0   231    1697    (-,-) 
  g65128/z                                                         (u)     in_0->z F     unmapped_complex2      5 56.0     0   417    2114    (-,-) 
  g64899/z                                                         (u)     in_0->z F     unmapped_complex2      3 33.6     0   327    2441    (-,-) 
  g64527/z                                                         (u)     in_1->z F     unmapped_complex2    538 56.0     0   918    3358    (-,-) 
  g63176/z                                                         (u)     in_0->z F     unmapped_complex2      1 11.2     0   231    3590    (-,-) 
  g61295/z                                                         (u)     in_1->z R     unmapped_nand2         1 11.2     0   231    3821    (-,-) 
  u_core_u_ctx_bank_ctx_snapshot_q_reg[1][nfast_hit_packed][385]/d <<<     -       R     unmapped_d_flop        1    -     -     0    3821    (-,-) 
#---------------------------------------------------------------------------------------------------------------------------------------------------

(u) : Net has unmapped pin(s).

Capture clock path:
#-------------------------------------------------------------------------------------------------------------------------------------------------
#                           Timing Point                             Flags   Arc   Edge      Cell        Fanout Load Trans Delay Arrival Instance 
#                                                                                                               (fF)  (ps)  (ps)   (ps)  Location 
#-------------------------------------------------------------------------------------------------------------------------------------------------
  clk_sys                                                            (i,u)   -     R     (arrival)         4853  0.0     0     0    6250    (-,-) 
  u_core_u_ctx_bank_ctx_snapshot_q_reg[1][nfast_hit_packed][385]/clk <<<     -     R     unmapped_d_flop   4853    -   150     0    6250    (-,-) 
#-------------------------------------------------------------------------------------------------------------------------------------------------



Path 97: MET (1442 ps) Setup Check with Pin u_core_u_ctx_bank_ctx_snapshot_q_reg[1][nfast_hit_packed][384]/clk->d
           View: wc_view
          Group: clk_sys
     Startpoint: (R) u_core_u_meas_ctrl_state_q_reg[1]/clk
          Clock: (R) clk_sys
       Endpoint: (R) u_core_u_ctx_bank_ctx_snapshot_q_reg[1][nfast_hit_packed][384]/d
          Clock: (R) clk_sys

                     Capture       Launch     
        Clock Edge:+    6250            0     
       Src Latency:+       0            0     
       Net Latency:+       0 (I)        0 (I) 
           Arrival:=    6250            0     
                                              
             Setup:-     687                  
       Uncertainty:-     300                  
     Required Time:=    5263                  
      Launch Clock:-       0                  
         Data Path:-    3821                  
             Slack:=    1442                  

Launch clock path:
#--------------------------------------------------------------------------------------------------------------------
#             Timing Point              Flags   Arc   Edge      Cell        Fanout Load Trans Delay Arrival Instance 
#                                                                                  (fF)  (ps)  (ps)   (ps)  Location 
#--------------------------------------------------------------------------------------------------------------------
  clk_sys                               (i,u)   -     R     (arrival)         4853  0.0     0     0       0    (-,-) 
  u_core_u_meas_ctrl_state_q_reg[1]/clk <<<     -     R     unmapped_d_flop   4853    -   150     0       0    (-,-) 
#--------------------------------------------------------------------------------------------------------------------

#---------------------------------------------------------------------------------------------------------------------------------------------------
#                          Timing Point                            Flags    Arc    Edge       Cell         Fanout Load Trans Delay Arrival Instance 
#                                                                                                                 (fF)  (ps)  (ps)   (ps)  Location 
#---------------------------------------------------------------------------------------------------------------------------------------------------
  u_core_u_meas_ctrl_state_q_reg[1]/clk                            -       -       R     (arrival)           4853    -   150     0       0    (-,-) 
  u_core_u_meas_ctrl_state_q_reg[1]/q                              (u)     clk->q  R     unmapped_d_flop        6 67.2     0  1466    1466    (-,-) 
  g65402/z                                                         (u)     in_1->z F     unmapped_nand2         1 11.2     0   231    1697    (-,-) 
  g65128/z                                                         (u)     in_0->z F     unmapped_complex2      5 56.0     0   417    2114    (-,-) 
  g64899/z                                                         (u)     in_0->z F     unmapped_complex2      3 33.6     0   327    2441    (-,-) 
  g64527/z                                                         (u)     in_1->z F     unmapped_complex2    538 56.0     0   918    3358    (-,-) 
  g63182/z                                                         (u)     in_0->z F     unmapped_complex2      1 11.2     0   231    3590    (-,-) 
  g61312/z                                                         (u)     in_1->z R     unmapped_nand2         1 11.2     0   231    3821    (-,-) 
  u_core_u_ctx_bank_ctx_snapshot_q_reg[1][nfast_hit_packed][384]/d <<<     -       R     unmapped_d_flop        1    -     -     0    3821    (-,-) 
#---------------------------------------------------------------------------------------------------------------------------------------------------

(u) : Net has unmapped pin(s).

Capture clock path:
#-------------------------------------------------------------------------------------------------------------------------------------------------
#                           Timing Point                             Flags   Arc   Edge      Cell        Fanout Load Trans Delay Arrival Instance 
#                                                                                                               (fF)  (ps)  (ps)   (ps)  Location 
#-------------------------------------------------------------------------------------------------------------------------------------------------
  clk_sys                                                            (i,u)   -     R     (arrival)         4853  0.0     0     0    6250    (-,-) 
  u_core_u_ctx_bank_ctx_snapshot_q_reg[1][nfast_hit_packed][384]/clk <<<     -     R     unmapped_d_flop   4853    -   150     0    6250    (-,-) 
#-------------------------------------------------------------------------------------------------------------------------------------------------



Path 98: MET (1442 ps) Setup Check with Pin u_core_u_ctx_bank_ctx_snapshot_q_reg[1][nfast_hit_packed][383]/clk->d
           View: wc_view
          Group: clk_sys
     Startpoint: (R) u_core_u_meas_ctrl_state_q_reg[1]/clk
          Clock: (R) clk_sys
       Endpoint: (R) u_core_u_ctx_bank_ctx_snapshot_q_reg[1][nfast_hit_packed][383]/d
          Clock: (R) clk_sys

                     Capture       Launch     
        Clock Edge:+    6250            0     
       Src Latency:+       0            0     
       Net Latency:+       0 (I)        0 (I) 
           Arrival:=    6250            0     
                                              
             Setup:-     687                  
       Uncertainty:-     300                  
     Required Time:=    5263                  
      Launch Clock:-       0                  
         Data Path:-    3821                  
             Slack:=    1442                  

Launch clock path:
#--------------------------------------------------------------------------------------------------------------------
#             Timing Point              Flags   Arc   Edge      Cell        Fanout Load Trans Delay Arrival Instance 
#                                                                                  (fF)  (ps)  (ps)   (ps)  Location 
#--------------------------------------------------------------------------------------------------------------------
  clk_sys                               (i,u)   -     R     (arrival)         4853  0.0     0     0       0    (-,-) 
  u_core_u_meas_ctrl_state_q_reg[1]/clk <<<     -     R     unmapped_d_flop   4853    -   150     0       0    (-,-) 
#--------------------------------------------------------------------------------------------------------------------

#---------------------------------------------------------------------------------------------------------------------------------------------------
#                          Timing Point                            Flags    Arc    Edge       Cell         Fanout Load Trans Delay Arrival Instance 
#                                                                                                                 (fF)  (ps)  (ps)   (ps)  Location 
#---------------------------------------------------------------------------------------------------------------------------------------------------
  u_core_u_meas_ctrl_state_q_reg[1]/clk                            -       -       R     (arrival)           4853    -   150     0       0    (-,-) 
  u_core_u_meas_ctrl_state_q_reg[1]/q                              (u)     clk->q  R     unmapped_d_flop        6 67.2     0  1466    1466    (-,-) 
  g65402/z                                                         (u)     in_1->z F     unmapped_nand2         1 11.2     0   231    1697    (-,-) 
  g65128/z                                                         (u)     in_0->z F     unmapped_complex2      5 56.0     0   417    2114    (-,-) 
  g64899/z                                                         (u)     in_0->z F     unmapped_complex2      3 33.6     0   327    2441    (-,-) 
  g64527/z                                                         (u)     in_1->z F     unmapped_complex2    538 56.0     0   918    3358    (-,-) 
  g63188/z                                                         (u)     in_0->z F     unmapped_complex2      1 11.2     0   231    3590    (-,-) 
  g61325/z                                                         (u)     in_1->z R     unmapped_nand2         1 11.2     0   231    3821    (-,-) 
  u_core_u_ctx_bank_ctx_snapshot_q_reg[1][nfast_hit_packed][383]/d <<<     -       R     unmapped_d_flop        1    -     -     0    3821    (-,-) 
#---------------------------------------------------------------------------------------------------------------------------------------------------

(u) : Net has unmapped pin(s).

Capture clock path:
#-------------------------------------------------------------------------------------------------------------------------------------------------
#                           Timing Point                             Flags   Arc   Edge      Cell        Fanout Load Trans Delay Arrival Instance 
#                                                                                                               (fF)  (ps)  (ps)   (ps)  Location 
#-------------------------------------------------------------------------------------------------------------------------------------------------
  clk_sys                                                            (i,u)   -     R     (arrival)         4853  0.0     0     0    6250    (-,-) 
  u_core_u_ctx_bank_ctx_snapshot_q_reg[1][nfast_hit_packed][383]/clk <<<     -     R     unmapped_d_flop   4853    -   150     0    6250    (-,-) 
#-------------------------------------------------------------------------------------------------------------------------------------------------



Path 99: MET (1442 ps) Setup Check with Pin u_core_u_ctx_bank_ctx_snapshot_q_reg[1][nfast_hit_packed][382]/clk->d
           View: wc_view
          Group: clk_sys
     Startpoint: (R) u_core_u_meas_ctrl_state_q_reg[1]/clk
          Clock: (R) clk_sys
       Endpoint: (R) u_core_u_ctx_bank_ctx_snapshot_q_reg[1][nfast_hit_packed][382]/d
          Clock: (R) clk_sys

                     Capture       Launch     
        Clock Edge:+    6250            0     
       Src Latency:+       0            0     
       Net Latency:+       0 (I)        0 (I) 
           Arrival:=    6250            0     
                                              
             Setup:-     687                  
       Uncertainty:-     300                  
     Required Time:=    5263                  
      Launch Clock:-       0                  
         Data Path:-    3821                  
             Slack:=    1442                  

Launch clock path:
#--------------------------------------------------------------------------------------------------------------------
#             Timing Point              Flags   Arc   Edge      Cell        Fanout Load Trans Delay Arrival Instance 
#                                                                                  (fF)  (ps)  (ps)   (ps)  Location 
#--------------------------------------------------------------------------------------------------------------------
  clk_sys                               (i,u)   -     R     (arrival)         4853  0.0     0     0       0    (-,-) 
  u_core_u_meas_ctrl_state_q_reg[1]/clk <<<     -     R     unmapped_d_flop   4853    -   150     0       0    (-,-) 
#--------------------------------------------------------------------------------------------------------------------

#---------------------------------------------------------------------------------------------------------------------------------------------------
#                          Timing Point                            Flags    Arc    Edge       Cell         Fanout Load Trans Delay Arrival Instance 
#                                                                                                                 (fF)  (ps)  (ps)   (ps)  Location 
#---------------------------------------------------------------------------------------------------------------------------------------------------
  u_core_u_meas_ctrl_state_q_reg[1]/clk                            -       -       R     (arrival)           4853    -   150     0       0    (-,-) 
  u_core_u_meas_ctrl_state_q_reg[1]/q                              (u)     clk->q  R     unmapped_d_flop        6 67.2     0  1466    1466    (-,-) 
  g65402/z                                                         (u)     in_1->z F     unmapped_nand2         1 11.2     0   231    1697    (-,-) 
  g65128/z                                                         (u)     in_0->z F     unmapped_complex2      5 56.0     0   417    2114    (-,-) 
  g64899/z                                                         (u)     in_0->z F     unmapped_complex2      3 33.6     0   327    2441    (-,-) 
  g64527/z                                                         (u)     in_1->z F     unmapped_complex2    538 56.0     0   918    3358    (-,-) 
  g63194/z                                                         (u)     in_0->z F     unmapped_complex2      1 11.2     0   231    3590    (-,-) 
  g61339/z                                                         (u)     in_1->z R     unmapped_nand2         1 11.2     0   231    3821    (-,-) 
  u_core_u_ctx_bank_ctx_snapshot_q_reg[1][nfast_hit_packed][382]/d <<<     -       R     unmapped_d_flop        1    -     -     0    3821    (-,-) 
#---------------------------------------------------------------------------------------------------------------------------------------------------

(u) : Net has unmapped pin(s).

Capture clock path:
#-------------------------------------------------------------------------------------------------------------------------------------------------
#                           Timing Point                             Flags   Arc   Edge      Cell        Fanout Load Trans Delay Arrival Instance 
#                                                                                                               (fF)  (ps)  (ps)   (ps)  Location 
#-------------------------------------------------------------------------------------------------------------------------------------------------
  clk_sys                                                            (i,u)   -     R     (arrival)         4853  0.0     0     0    6250    (-,-) 
  u_core_u_ctx_bank_ctx_snapshot_q_reg[1][nfast_hit_packed][382]/clk <<<     -     R     unmapped_d_flop   4853    -   150     0    6250    (-,-) 
#-------------------------------------------------------------------------------------------------------------------------------------------------



Path 100: MET (1442 ps) Setup Check with Pin u_core_u_ctx_bank_ctx_snapshot_q_reg[1][nfast_hit_packed][381]/clk->d
           View: wc_view
          Group: clk_sys
     Startpoint: (R) u_core_u_meas_ctrl_state_q_reg[1]/clk
          Clock: (R) clk_sys
       Endpoint: (R) u_core_u_ctx_bank_ctx_snapshot_q_reg[1][nfast_hit_packed][381]/d
          Clock: (R) clk_sys

                     Capture       Launch     
        Clock Edge:+    6250            0     
       Src Latency:+       0            0     
       Net Latency:+       0 (I)        0 (I) 
           Arrival:=    6250            0     
                                              
             Setup:-     687                  
       Uncertainty:-     300                  
     Required Time:=    5263                  
      Launch Clock:-       0                  
         Data Path:-    3821                  
             Slack:=    1442                  

Launch clock path:
#--------------------------------------------------------------------------------------------------------------------
#             Timing Point              Flags   Arc   Edge      Cell        Fanout Load Trans Delay Arrival Instance 
#                                                                                  (fF)  (ps)  (ps)   (ps)  Location 
#--------------------------------------------------------------------------------------------------------------------
  clk_sys                               (i,u)   -     R     (arrival)         4853  0.0     0     0       0    (-,-) 
  u_core_u_meas_ctrl_state_q_reg[1]/clk <<<     -     R     unmapped_d_flop   4853    -   150     0       0    (-,-) 
#--------------------------------------------------------------------------------------------------------------------

#---------------------------------------------------------------------------------------------------------------------------------------------------
#                          Timing Point                            Flags    Arc    Edge       Cell         Fanout Load Trans Delay Arrival Instance 
#                                                                                                                 (fF)  (ps)  (ps)   (ps)  Location 
#---------------------------------------------------------------------------------------------------------------------------------------------------
  u_core_u_meas_ctrl_state_q_reg[1]/clk                            -       -       R     (arrival)           4853    -   150     0       0    (-,-) 
  u_core_u_meas_ctrl_state_q_reg[1]/q                              (u)     clk->q  R     unmapped_d_flop        6 67.2     0  1466    1466    (-,-) 
  g65402/z                                                         (u)     in_1->z F     unmapped_nand2         1 11.2     0   231    1697    (-,-) 
  g65128/z                                                         (u)     in_0->z F     unmapped_complex2      5 56.0     0   417    2114    (-,-) 
  g64899/z                                                         (u)     in_0->z F     unmapped_complex2      3 33.6     0   327    2441    (-,-) 
  g64527/z                                                         (u)     in_1->z F     unmapped_complex2    538 56.0     0   918    3358    (-,-) 
  g63200/z                                                         (u)     in_0->z F     unmapped_complex2      1 11.2     0   231    3590    (-,-) 
  g61352/z                                                         (u)     in_1->z R     unmapped_nand2         1 11.2     0   231    3821    (-,-) 
  u_core_u_ctx_bank_ctx_snapshot_q_reg[1][nfast_hit_packed][381]/d <<<     -       R     unmapped_d_flop        1    -     -     0    3821    (-,-) 
#---------------------------------------------------------------------------------------------------------------------------------------------------

(u) : Net has unmapped pin(s).

Capture clock path:
#-------------------------------------------------------------------------------------------------------------------------------------------------
#                           Timing Point                             Flags   Arc   Edge      Cell        Fanout Load Trans Delay Arrival Instance 
#                                                                                                               (fF)  (ps)  (ps)   (ps)  Location 
#-------------------------------------------------------------------------------------------------------------------------------------------------
  clk_sys                                                            (i,u)   -     R     (arrival)         4853  0.0     0     0    6250    (-,-) 
  u_core_u_ctx_bank_ctx_snapshot_q_reg[1][nfast_hit_packed][381]/clk <<<     -     R     unmapped_d_flop   4853    -   150     0    6250    (-,-) 
#-------------------------------------------------------------------------------------------------------------------------------------------------


