============================================================
  Generated by:           Genus(TM) Synthesis Solution 22.13-s093_1
  Generated on:           Jun 02 2026  11:14:05 am
  Module:                 mptdc_top_asic
  Operating conditions:   slow_1_62V_125C 
  Interconnect mode:      global
  Area mode:              physical library
============================================================


Path 1: VIOLATED (-1092 ps) Setup Check with Pin u_core_gen_fast_tag_col[0].u_fast_tag_tag_o_reg[0]/C->D
           View: wc_view
          Group: clk_osc_fast
     Startpoint: (R) u_core_gen_fast_tag_col[0].u_fast_tag_tag_o_reg[5]/C
          Clock: (R) clk_osc_fast
       Endpoint: (F) u_core_gen_fast_tag_col[0].u_fast_tag_tag_o_reg[0]/D
          Clock: (R) clk_osc_fast

                     Capture       Launch     
        Clock Edge:+    1567            0     
       Src Latency:+       0            0     
       Net Latency:+       0 (I)        0 (I) 
           Arrival:=    1567            0     
                                              
             Setup:-     705                  
       Uncertainty:-      50                  
     Required Time:=     812                  
      Launch Clock:-       0                  
         Data Path:-    1904                  
             Slack:=   -1092                  

Launch clock path:
#-----------------------------------------------------------------------------------------------------------------------------
#                    Timing Point                      Flags   Arc   Edge   Cell     Fanout Load Trans Delay Arrival Instance 
#                                                                                           (fF)  (ps)  (ps)   (ps)  Location 
#-----------------------------------------------------------------------------------------------------------------------------
  u_core_u_osc_fast_u_ro_tune4/S[0]                    (i,b)   -     R     (arrival)     89  0.0     0     0       0    (-,-) 
  u_core_gen_fast_tag_col[0].u_fast_tag_tag_o_reg[5]/C <<<     -     R     DFRRQHDX1     89    -   150     0       0    (-,-) 
#-----------------------------------------------------------------------------------------------------------------------------

#------------------------------------------------------------------------------------------------------------------------------
#                    Timing Point                      Flags   Arc   Edge   Cell     Fanout  Load Trans Delay Arrival Instance 
#                                                                                            (fF)  (ps)  (ps)   (ps)  Location 
#------------------------------------------------------------------------------------------------------------------------------
  u_core_gen_fast_tag_col[0].u_fast_tag_tag_o_reg[5]/C -       -     R     (arrival)     89     -   150     0       0    (-,-) 
  u_core_gen_fast_tag_col[0].u_fast_tag_tag_o_reg[5]/Q -       C->Q  F     DFRRQHDX1      1  24.1   277  1023    1023    (-,-) 
  fopt203765/Q                                         -       A->Q  F     BUHDX4        11 117.2   235   479    1502    (-,-) 
  fopt203762/Q                                         -       A->Q  R     INHDX2         1  16.8   136   174    1675    (-,-) 
  g201359/Q                                            -       A->Q  F     ON22HDX1       1  11.2   240   228    1904    (-,-) 
  u_core_gen_fast_tag_col[0].u_fast_tag_tag_o_reg[0]/D <<<     -     F     DFRSQHDX1      1     -     -     0    1904    (-,-) 
#------------------------------------------------------------------------------------------------------------------------------

Capture clock path:
#-----------------------------------------------------------------------------------------------------------------------------
#                    Timing Point                      Flags   Arc   Edge   Cell     Fanout Load Trans Delay Arrival Instance 
#                                                                                           (fF)  (ps)  (ps)   (ps)  Location 
#-----------------------------------------------------------------------------------------------------------------------------
  u_core_u_osc_fast_u_ro_tune4/S[0]                    (i,b)   -     R     (arrival)     89  0.0     0     0    1567    (-,-) 
  u_core_gen_fast_tag_col[0].u_fast_tag_tag_o_reg[0]/C <<<     -     R     DFRSQHDX1     89    -   150     0    1567    (-,-) 
#-----------------------------------------------------------------------------------------------------------------------------



Path 2: VIOLATED (-1090 ps) Setup Check with Pin u_core_gen_fast_tag_col[7].u_fast_tag_tag_o_reg[0]/C->D
           View: wc_view
          Group: clk_osc_fast_tap7
     Startpoint: (R) u_core_gen_fast_tag_col[7].u_fast_tag_tag_o_reg[5]/C
          Clock: (R) clk_osc_fast_tap7
       Endpoint: (F) u_core_gen_fast_tag_col[7].u_fast_tag_tag_o_reg[0]/D
          Clock: (R) clk_osc_fast_tap7

                     Capture       Launch     
        Clock Edge:+    2253          686     
       Src Latency:+       0            0     
       Net Latency:+       0 (I)        0 (I) 
           Arrival:=    2253          686     
                                              
             Setup:-     709                  
       Uncertainty:-      50                  
     Required Time:=    1494                  
      Launch Clock:-     686                  
         Data Path:-    1898                  
             Slack:=   -1090                  

Launch clock path:
#-----------------------------------------------------------------------------------------------------------------------------
#                    Timing Point                      Flags   Arc   Edge   Cell     Fanout Load Trans Delay Arrival Instance 
#                                                                                           (fF)  (ps)  (ps)   (ps)  Location 
#-----------------------------------------------------------------------------------------------------------------------------
  u_core_u_osc_fast_u_ro_tune4/S[7]                    (i,b)   -     R     (arrival)     87  0.0     0     0     686    (-,-) 
  u_core_gen_fast_tag_col[7].u_fast_tag_tag_o_reg[5]/C <<<     -     R     DFRRQHDX1     87    -   150     0     686    (-,-) 
#-----------------------------------------------------------------------------------------------------------------------------

#------------------------------------------------------------------------------------------------------------------------------
#                    Timing Point                      Flags   Arc   Edge   Cell     Fanout  Load Trans Delay Arrival Instance 
#                                                                                            (fF)  (ps)  (ps)   (ps)  Location 
#------------------------------------------------------------------------------------------------------------------------------
  u_core_gen_fast_tag_col[7].u_fast_tag_tag_o_reg[5]/C -       -     R     (arrival)     87     -   150     0     686    (-,-) 
  u_core_gen_fast_tag_col[7].u_fast_tag_tag_o_reg[5]/Q -       C->Q  F     DFRRQHDX1      1  24.1   277  1023    1709    (-,-) 
  fopt203845/Q                                         -       A->Q  F     BUHDX4        11 114.4   230   475    2184    (-,-) 
  fopt203844/Q                                         -       A->Q  R     INHDX2         1  16.8   135   172    2356    (-,-) 
  g201356/Q                                            -       A->Q  F     ON22HDX1       1  11.2   254   228    2584    (-,-) 
  u_core_gen_fast_tag_col[7].u_fast_tag_tag_o_reg[0]/D <<<     -     F     DFRSQHDX1      1     -     -     0    2584    (-,-) 
#------------------------------------------------------------------------------------------------------------------------------

Capture clock path:
#-----------------------------------------------------------------------------------------------------------------------------
#                    Timing Point                      Flags   Arc   Edge   Cell     Fanout Load Trans Delay Arrival Instance 
#                                                                                           (fF)  (ps)  (ps)   (ps)  Location 
#-----------------------------------------------------------------------------------------------------------------------------
  u_core_u_osc_fast_u_ro_tune4/S[7]                    (i,b)   -     R     (arrival)     87  0.0     0     0    2253    (-,-) 
  u_core_gen_fast_tag_col[7].u_fast_tag_tag_o_reg[0]/C <<<     -     R     DFRSQHDX1     87    -   150     0    2253    (-,-) 
#-----------------------------------------------------------------------------------------------------------------------------



Path 3: VIOLATED (-1090 ps) Setup Check with Pin u_core_gen_fast_tag_col[6].u_fast_tag_tag_o_reg[0]/C->D
           View: wc_view
          Group: clk_osc_fast_tap6
     Startpoint: (R) u_core_gen_fast_tag_col[6].u_fast_tag_tag_o_reg[5]/C
          Clock: (R) clk_osc_fast_tap6
       Endpoint: (F) u_core_gen_fast_tag_col[6].u_fast_tag_tag_o_reg[0]/D
          Clock: (R) clk_osc_fast_tap6

                     Capture       Launch     
        Clock Edge:+    2155          588     
       Src Latency:+       0            0     
       Net Latency:+       0 (I)        0 (I) 
           Arrival:=    2155          588     
                                              
             Setup:-     709                  
       Uncertainty:-      50                  
     Required Time:=    1396                  
      Launch Clock:-     588                  
         Data Path:-    1898                  
             Slack:=   -1090                  

Launch clock path:
#-----------------------------------------------------------------------------------------------------------------------------
#                    Timing Point                      Flags   Arc   Edge   Cell     Fanout Load Trans Delay Arrival Instance 
#                                                                                           (fF)  (ps)  (ps)   (ps)  Location 
#-----------------------------------------------------------------------------------------------------------------------------
  u_core_u_osc_fast_u_ro_tune4/S[6]                    (i,b)   -     R     (arrival)     87  0.0     0     0     588    (-,-) 
  u_core_gen_fast_tag_col[6].u_fast_tag_tag_o_reg[5]/C <<<     -     R     DFRRQHDX1     87    -   150     0     588    (-,-) 
#-----------------------------------------------------------------------------------------------------------------------------

#------------------------------------------------------------------------------------------------------------------------------
#                    Timing Point                      Flags   Arc   Edge   Cell     Fanout  Load Trans Delay Arrival Instance 
#                                                                                            (fF)  (ps)  (ps)   (ps)  Location 
#------------------------------------------------------------------------------------------------------------------------------
  u_core_gen_fast_tag_col[6].u_fast_tag_tag_o_reg[5]/C -       -     R     (arrival)     87     -   150     0     588    (-,-) 
  u_core_gen_fast_tag_col[6].u_fast_tag_tag_o_reg[5]/Q -       C->Q  F     DFRRQHDX1      1  24.1   277  1023    1611    (-,-) 
  fopt203834/Q                                         -       A->Q  F     BUHDX4        11 114.4   230   475    2086    (-,-) 
  fopt203833/Q                                         -       A->Q  R     INHDX2         1  16.8   135   172    2258    (-,-) 
  g201357/Q                                            -       A->Q  F     ON22HDX1       1  11.2   254   228    2486    (-,-) 
  u_core_gen_fast_tag_col[6].u_fast_tag_tag_o_reg[0]/D <<<     -     F     DFRSQHDX1      1     -     -     0    2486    (-,-) 
#------------------------------------------------------------------------------------------------------------------------------

Capture clock path:
#-----------------------------------------------------------------------------------------------------------------------------
#                    Timing Point                      Flags   Arc   Edge   Cell     Fanout Load Trans Delay Arrival Instance 
#                                                                                           (fF)  (ps)  (ps)   (ps)  Location 
#-----------------------------------------------------------------------------------------------------------------------------
  u_core_u_osc_fast_u_ro_tune4/S[6]                    (i,b)   -     R     (arrival)     87  0.0     0     0    2155    (-,-) 
  u_core_gen_fast_tag_col[6].u_fast_tag_tag_o_reg[0]/C <<<     -     R     DFRSQHDX1     87    -   150     0    2155    (-,-) 
#-----------------------------------------------------------------------------------------------------------------------------



Path 4: VIOLATED (-1090 ps) Setup Check with Pin u_core_gen_fast_tag_col[5].u_fast_tag_tag_o_reg[0]/C->D
           View: wc_view
          Group: clk_osc_fast_tap5
     Startpoint: (R) u_core_gen_fast_tag_col[5].u_fast_tag_tag_o_reg[5]/C
          Clock: (R) clk_osc_fast_tap5
       Endpoint: (F) u_core_gen_fast_tag_col[5].u_fast_tag_tag_o_reg[0]/D
          Clock: (R) clk_osc_fast_tap5

                     Capture       Launch     
        Clock Edge:+    2057          490     
       Src Latency:+       0            0     
       Net Latency:+       0 (I)        0 (I) 
           Arrival:=    2057          490     
                                              
             Setup:-     709                  
       Uncertainty:-      50                  
     Required Time:=    1298                  
      Launch Clock:-     490                  
         Data Path:-    1898                  
             Slack:=   -1090                  

Launch clock path:
#-----------------------------------------------------------------------------------------------------------------------------
#                    Timing Point                      Flags   Arc   Edge   Cell     Fanout Load Trans Delay Arrival Instance 
#                                                                                           (fF)  (ps)  (ps)   (ps)  Location 
#-----------------------------------------------------------------------------------------------------------------------------
  u_core_u_osc_fast_u_ro_tune4/S[5]                    (i,b)   -     R     (arrival)     87  0.0     0     0     490    (-,-) 
  u_core_gen_fast_tag_col[5].u_fast_tag_tag_o_reg[5]/C <<<     -     R     DFRRQHDX1     87    -   150     0     490    (-,-) 
#-----------------------------------------------------------------------------------------------------------------------------

#------------------------------------------------------------------------------------------------------------------------------
#                    Timing Point                      Flags   Arc   Edge   Cell     Fanout  Load Trans Delay Arrival Instance 
#                                                                                            (fF)  (ps)  (ps)   (ps)  Location 
#------------------------------------------------------------------------------------------------------------------------------
  u_core_gen_fast_tag_col[5].u_fast_tag_tag_o_reg[5]/C -       -     R     (arrival)     87     -   150     0     490    (-,-) 
  u_core_gen_fast_tag_col[5].u_fast_tag_tag_o_reg[5]/Q -       C->Q  F     DFRRQHDX1      1  24.1   277  1023    1513    (-,-) 
  fopt203823/Q                                         -       A->Q  F     BUHDX4        11 114.4   230   475    1988    (-,-) 
  fopt203822/Q                                         -       A->Q  R     INHDX2         1  16.8   135   172    2160    (-,-) 
  g201355/Q                                            -       A->Q  F     ON22HDX1       1  11.2   254   228    2388    (-,-) 
  u_core_gen_fast_tag_col[5].u_fast_tag_tag_o_reg[0]/D <<<     -     F     DFRSQHDX1      1     -     -     0    2388    (-,-) 
#------------------------------------------------------------------------------------------------------------------------------

Capture clock path:
#-----------------------------------------------------------------------------------------------------------------------------
#                    Timing Point                      Flags   Arc   Edge   Cell     Fanout Load Trans Delay Arrival Instance 
#                                                                                           (fF)  (ps)  (ps)   (ps)  Location 
#-----------------------------------------------------------------------------------------------------------------------------
  u_core_u_osc_fast_u_ro_tune4/S[5]                    (i,b)   -     R     (arrival)     87  0.0     0     0    2057    (-,-) 
  u_core_gen_fast_tag_col[5].u_fast_tag_tag_o_reg[0]/C <<<     -     R     DFRSQHDX1     87    -   150     0    2057    (-,-) 
#-----------------------------------------------------------------------------------------------------------------------------



Path 5: VIOLATED (-1090 ps) Setup Check with Pin u_core_gen_fast_tag_col[4].u_fast_tag_tag_o_reg[0]/C->D
           View: wc_view
          Group: clk_osc_fast_tap4
     Startpoint: (R) u_core_gen_fast_tag_col[4].u_fast_tag_tag_o_reg[5]/C
          Clock: (R) clk_osc_fast_tap4
       Endpoint: (F) u_core_gen_fast_tag_col[4].u_fast_tag_tag_o_reg[0]/D
          Clock: (R) clk_osc_fast_tap4

                     Capture       Launch     
        Clock Edge:+    1959          392     
       Src Latency:+       0            0     
       Net Latency:+       0 (I)        0 (I) 
           Arrival:=    1959          392     
                                              
             Setup:-     709                  
       Uncertainty:-      50                  
     Required Time:=    1200                  
      Launch Clock:-     392                  
         Data Path:-    1898                  
             Slack:=   -1090                  

Launch clock path:
#-----------------------------------------------------------------------------------------------------------------------------
#                    Timing Point                      Flags   Arc   Edge   Cell     Fanout Load Trans Delay Arrival Instance 
#                                                                                           (fF)  (ps)  (ps)   (ps)  Location 
#-----------------------------------------------------------------------------------------------------------------------------
  u_core_u_osc_fast_u_ro_tune4/S[4]                    (i,b)   -     R     (arrival)     87  0.0     0     0     392    (-,-) 
  u_core_gen_fast_tag_col[4].u_fast_tag_tag_o_reg[5]/C <<<     -     R     DFRRQHDX1     87    -   150     0     392    (-,-) 
#-----------------------------------------------------------------------------------------------------------------------------

#------------------------------------------------------------------------------------------------------------------------------
#                    Timing Point                      Flags   Arc   Edge   Cell     Fanout  Load Trans Delay Arrival Instance 
#                                                                                            (fF)  (ps)  (ps)   (ps)  Location 
#------------------------------------------------------------------------------------------------------------------------------
  u_core_gen_fast_tag_col[4].u_fast_tag_tag_o_reg[5]/C -       -     R     (arrival)     87     -   150     0     392    (-,-) 
  u_core_gen_fast_tag_col[4].u_fast_tag_tag_o_reg[5]/Q -       C->Q  F     DFRRQHDX1      1  24.1   277  1023    1415    (-,-) 
  fopt203812/Q                                         -       A->Q  F     BUHDX4        11 114.4   230   475    1890    (-,-) 
  fopt203811/Q                                         -       A->Q  R     INHDX2         1  16.8   135   172    2062    (-,-) 
  g201358/Q                                            -       A->Q  F     ON22HDX1       1  11.2   254   228    2290    (-,-) 
  u_core_gen_fast_tag_col[4].u_fast_tag_tag_o_reg[0]/D <<<     -     F     DFRSQHDX1      1     -     -     0    2290    (-,-) 
#------------------------------------------------------------------------------------------------------------------------------

Capture clock path:
#-----------------------------------------------------------------------------------------------------------------------------
#                    Timing Point                      Flags   Arc   Edge   Cell     Fanout Load Trans Delay Arrival Instance 
#                                                                                           (fF)  (ps)  (ps)   (ps)  Location 
#-----------------------------------------------------------------------------------------------------------------------------
  u_core_u_osc_fast_u_ro_tune4/S[4]                    (i,b)   -     R     (arrival)     87  0.0     0     0    1959    (-,-) 
  u_core_gen_fast_tag_col[4].u_fast_tag_tag_o_reg[0]/C <<<     -     R     DFRSQHDX1     87    -   150     0    1959    (-,-) 
#-----------------------------------------------------------------------------------------------------------------------------



Path 6: VIOLATED (-1090 ps) Setup Check with Pin u_core_gen_fast_tag_col[3].u_fast_tag_tag_o_reg[0]/C->D
           View: wc_view
          Group: clk_osc_fast_tap3
     Startpoint: (R) u_core_gen_fast_tag_col[3].u_fast_tag_tag_o_reg[5]/C
          Clock: (R) clk_osc_fast_tap3
       Endpoint: (F) u_core_gen_fast_tag_col[3].u_fast_tag_tag_o_reg[0]/D
          Clock: (R) clk_osc_fast_tap3

                     Capture       Launch     
        Clock Edge:+    1861          294     
       Src Latency:+       0            0     
       Net Latency:+       0 (I)        0 (I) 
           Arrival:=    1861          294     
                                              
             Setup:-     709                  
       Uncertainty:-      50                  
     Required Time:=    1102                  
      Launch Clock:-     294                  
         Data Path:-    1898                  
             Slack:=   -1090                  

Launch clock path:
#-----------------------------------------------------------------------------------------------------------------------------
#                    Timing Point                      Flags   Arc   Edge   Cell     Fanout Load Trans Delay Arrival Instance 
#                                                                                           (fF)  (ps)  (ps)   (ps)  Location 
#-----------------------------------------------------------------------------------------------------------------------------
  u_core_u_osc_fast_u_ro_tune4/S[3]                    (i,b)   -     R     (arrival)     87  0.0     0     0     294    (-,-) 
  u_core_gen_fast_tag_col[3].u_fast_tag_tag_o_reg[5]/C <<<     -     R     DFRRQHDX1     87    -   150     0     294    (-,-) 
#-----------------------------------------------------------------------------------------------------------------------------

#------------------------------------------------------------------------------------------------------------------------------
#                    Timing Point                      Flags   Arc   Edge   Cell     Fanout  Load Trans Delay Arrival Instance 
#                                                                                            (fF)  (ps)  (ps)   (ps)  Location 
#------------------------------------------------------------------------------------------------------------------------------
  u_core_gen_fast_tag_col[3].u_fast_tag_tag_o_reg[5]/C -       -     R     (arrival)     87     -   150     0     294    (-,-) 
  u_core_gen_fast_tag_col[3].u_fast_tag_tag_o_reg[5]/Q -       C->Q  F     DFRRQHDX1      1  24.1   277  1023    1317    (-,-) 
  fopt203801/Q                                         -       A->Q  F     BUHDX4        11 114.4   230   475    1792    (-,-) 
  fopt203800/Q                                         -       A->Q  R     INHDX2         1  16.8   135   172    1964    (-,-) 
  g201361/Q                                            -       A->Q  F     ON22HDX1       1  11.2   254   228    2192    (-,-) 
  u_core_gen_fast_tag_col[3].u_fast_tag_tag_o_reg[0]/D <<<     -     F     DFRSQHDX1      1     -     -     0    2192    (-,-) 
#------------------------------------------------------------------------------------------------------------------------------

Capture clock path:
#-----------------------------------------------------------------------------------------------------------------------------
#                    Timing Point                      Flags   Arc   Edge   Cell     Fanout Load Trans Delay Arrival Instance 
#                                                                                           (fF)  (ps)  (ps)   (ps)  Location 
#-----------------------------------------------------------------------------------------------------------------------------
  u_core_u_osc_fast_u_ro_tune4/S[3]                    (i,b)   -     R     (arrival)     87  0.0     0     0    1861    (-,-) 
  u_core_gen_fast_tag_col[3].u_fast_tag_tag_o_reg[0]/C <<<     -     R     DFRSQHDX1     87    -   150     0    1861    (-,-) 
#-----------------------------------------------------------------------------------------------------------------------------



Path 7: VIOLATED (-1090 ps) Setup Check with Pin u_core_gen_fast_tag_col[2].u_fast_tag_tag_o_reg[0]/C->D
           View: wc_view
          Group: clk_osc_fast_tap2
     Startpoint: (R) u_core_gen_fast_tag_col[2].u_fast_tag_tag_o_reg[5]/C
          Clock: (R) clk_osc_fast_tap2
       Endpoint: (F) u_core_gen_fast_tag_col[2].u_fast_tag_tag_o_reg[0]/D
          Clock: (R) clk_osc_fast_tap2

                     Capture       Launch     
        Clock Edge:+    1763          196     
       Src Latency:+       0            0     
       Net Latency:+       0 (I)        0 (I) 
           Arrival:=    1763          196     
                                              
             Setup:-     709                  
       Uncertainty:-      50                  
     Required Time:=    1004                  
      Launch Clock:-     196                  
         Data Path:-    1898                  
             Slack:=   -1090                  

Launch clock path:
#-----------------------------------------------------------------------------------------------------------------------------
#                    Timing Point                      Flags   Arc   Edge   Cell     Fanout Load Trans Delay Arrival Instance 
#                                                                                           (fF)  (ps)  (ps)   (ps)  Location 
#-----------------------------------------------------------------------------------------------------------------------------
  u_core_u_osc_fast_u_ro_tune4/S[2]                    (i,b)   -     R     (arrival)     87  0.0     0     0     196    (-,-) 
  u_core_gen_fast_tag_col[2].u_fast_tag_tag_o_reg[5]/C <<<     -     R     DFRRQHDX1     87    -   150     0     196    (-,-) 
#-----------------------------------------------------------------------------------------------------------------------------

#------------------------------------------------------------------------------------------------------------------------------
#                    Timing Point                      Flags   Arc   Edge   Cell     Fanout  Load Trans Delay Arrival Instance 
#                                                                                            (fF)  (ps)  (ps)   (ps)  Location 
#------------------------------------------------------------------------------------------------------------------------------
  u_core_gen_fast_tag_col[2].u_fast_tag_tag_o_reg[5]/C -       -     R     (arrival)     87     -   150     0     196    (-,-) 
  u_core_gen_fast_tag_col[2].u_fast_tag_tag_o_reg[5]/Q -       C->Q  F     DFRRQHDX1      1  24.1   277  1023    1219    (-,-) 
  fopt203790/Q                                         -       A->Q  F     BUHDX4        11 114.4   230   475    1694    (-,-) 
  fopt203789/Q                                         -       A->Q  R     INHDX2         1  16.8   135   172    1866    (-,-) 
  g201354/Q                                            -       A->Q  F     ON22HDX1       1  11.2   254   228    2094    (-,-) 
  u_core_gen_fast_tag_col[2].u_fast_tag_tag_o_reg[0]/D <<<     -     F     DFRSQHDX1      1     -     -     0    2094    (-,-) 
#------------------------------------------------------------------------------------------------------------------------------

Capture clock path:
#-----------------------------------------------------------------------------------------------------------------------------
#                    Timing Point                      Flags   Arc   Edge   Cell     Fanout Load Trans Delay Arrival Instance 
#                                                                                           (fF)  (ps)  (ps)   (ps)  Location 
#-----------------------------------------------------------------------------------------------------------------------------
  u_core_u_osc_fast_u_ro_tune4/S[2]                    (i,b)   -     R     (arrival)     87  0.0     0     0    1763    (-,-) 
  u_core_gen_fast_tag_col[2].u_fast_tag_tag_o_reg[0]/C <<<     -     R     DFRSQHDX1     87    -   150     0    1763    (-,-) 
#-----------------------------------------------------------------------------------------------------------------------------



Path 8: VIOLATED (-1090 ps) Setup Check with Pin u_core_gen_fast_tag_col[1].u_fast_tag_tag_o_reg[0]/C->D
           View: wc_view
          Group: clk_osc_fast_tap1
     Startpoint: (R) u_core_gen_fast_tag_col[1].u_fast_tag_tag_o_reg[5]/C
          Clock: (R) clk_osc_fast_tap1
       Endpoint: (F) u_core_gen_fast_tag_col[1].u_fast_tag_tag_o_reg[0]/D
          Clock: (R) clk_osc_fast_tap1

                     Capture       Launch     
        Clock Edge:+    1665           98     
       Src Latency:+       0            0     
       Net Latency:+       0 (I)        0 (I) 
           Arrival:=    1665           98     
                                              
             Setup:-     709                  
       Uncertainty:-      50                  
     Required Time:=     906                  
      Launch Clock:-      98                  
         Data Path:-    1898                  
             Slack:=   -1090                  

Launch clock path:
#-----------------------------------------------------------------------------------------------------------------------------
#                    Timing Point                      Flags   Arc   Edge   Cell     Fanout Load Trans Delay Arrival Instance 
#                                                                                           (fF)  (ps)  (ps)   (ps)  Location 
#-----------------------------------------------------------------------------------------------------------------------------
  u_core_u_osc_fast_u_ro_tune4/S[1]                    (i,b)   -     R     (arrival)     87  0.0     0     0      98    (-,-) 
  u_core_gen_fast_tag_col[1].u_fast_tag_tag_o_reg[5]/C <<<     -     R     DFRRQHDX1     87    -   150     0      98    (-,-) 
#-----------------------------------------------------------------------------------------------------------------------------

#------------------------------------------------------------------------------------------------------------------------------
#                    Timing Point                      Flags   Arc   Edge   Cell     Fanout  Load Trans Delay Arrival Instance 
#                                                                                            (fF)  (ps)  (ps)   (ps)  Location 
#------------------------------------------------------------------------------------------------------------------------------
  u_core_gen_fast_tag_col[1].u_fast_tag_tag_o_reg[5]/C -       -     R     (arrival)     87     -   150     0      98    (-,-) 
  u_core_gen_fast_tag_col[1].u_fast_tag_tag_o_reg[5]/Q -       C->Q  F     DFRRQHDX1      1  24.1   277  1023    1121    (-,-) 
  fopt203779/Q                                         -       A->Q  F     BUHDX4        11 114.4   230   475    1596    (-,-) 
  fopt203778/Q                                         -       A->Q  R     INHDX2         1  16.8   135   172    1768    (-,-) 
  g201360/Q                                            -       A->Q  F     ON22HDX1       1  11.2   254   228    1996    (-,-) 
  u_core_gen_fast_tag_col[1].u_fast_tag_tag_o_reg[0]/D <<<     -     F     DFRSQHDX1      1     -     -     0    1996    (-,-) 
#------------------------------------------------------------------------------------------------------------------------------

Capture clock path:
#-----------------------------------------------------------------------------------------------------------------------------
#                    Timing Point                      Flags   Arc   Edge   Cell     Fanout Load Trans Delay Arrival Instance 
#                                                                                           (fF)  (ps)  (ps)   (ps)  Location 
#-----------------------------------------------------------------------------------------------------------------------------
  u_core_u_osc_fast_u_ro_tune4/S[1]                    (i,b)   -     R     (arrival)     87  0.0     0     0    1665    (-,-) 
  u_core_gen_fast_tag_col[1].u_fast_tag_tag_o_reg[0]/C <<<     -     R     DFRSQHDX1     87    -   150     0    1665    (-,-) 
#-----------------------------------------------------------------------------------------------------------------------------



Path 9: VIOLATED (-972 ps) Setup Check with Pin u_core_gen_fast_tag_col[0].u_fast_tag_tag_o_reg[6]/C->D
           View: wc_view
          Group: clk_osc_fast
     Startpoint: (R) u_core_gen_fast_tag_col[0].u_fast_tag_tag_o_reg[5]/C
          Clock: (R) clk_osc_fast
       Endpoint: (F) u_core_gen_fast_tag_col[0].u_fast_tag_tag_o_reg[6]/D
          Clock: (R) clk_osc_fast

                     Capture       Launch     
        Clock Edge:+    1567            0     
       Src Latency:+       0            0     
       Net Latency:+       0 (I)        0 (I) 
           Arrival:=    1567            0     
                                              
             Setup:-     646                  
       Uncertainty:-      50                  
     Required Time:=     871                  
      Launch Clock:-       0                  
         Data Path:-    1843                  
             Slack:=    -972                  

Launch clock path:
#-----------------------------------------------------------------------------------------------------------------------------
#                    Timing Point                      Flags   Arc   Edge   Cell     Fanout Load Trans Delay Arrival Instance 
#                                                                                           (fF)  (ps)  (ps)   (ps)  Location 
#-----------------------------------------------------------------------------------------------------------------------------
  u_core_u_osc_fast_u_ro_tune4/S[0]                    (i,b)   -     R     (arrival)     89  0.0     0     0       0    (-,-) 
  u_core_gen_fast_tag_col[0].u_fast_tag_tag_o_reg[5]/C <<<     -     R     DFRRQHDX1     89    -   150     0       0    (-,-) 
#-----------------------------------------------------------------------------------------------------------------------------

#------------------------------------------------------------------------------------------------------------------------------
#                    Timing Point                      Flags   Arc   Edge   Cell     Fanout  Load Trans Delay Arrival Instance 
#                                                                                            (fF)  (ps)  (ps)   (ps)  Location 
#------------------------------------------------------------------------------------------------------------------------------
  u_core_gen_fast_tag_col[0].u_fast_tag_tag_o_reg[5]/C -       -     R     (arrival)     89     -   150     0       0    (-,-) 
  u_core_gen_fast_tag_col[0].u_fast_tag_tag_o_reg[5]/Q -       C->Q  F     DFRRQHDX1      1  24.1   277  1023    1023    (-,-) 
  fopt203765/Q                                         -       A->Q  F     BUHDX4        11 117.2   235   479    1502    (-,-) 
  fopt203764/Q                                         -       A->Q  F     BUHDX2         2  20.2   108   342    1843    (-,-) 
  u_core_gen_fast_tag_col[0].u_fast_tag_tag_o_reg[6]/D <<<     -     F     DFRRQHDX1      2     -     -     0    1843    (-,-) 
#------------------------------------------------------------------------------------------------------------------------------

Capture clock path:
#-----------------------------------------------------------------------------------------------------------------------------
#                    Timing Point                      Flags   Arc   Edge   Cell     Fanout Load Trans Delay Arrival Instance 
#                                                                                           (fF)  (ps)  (ps)   (ps)  Location 
#-----------------------------------------------------------------------------------------------------------------------------
  u_core_u_osc_fast_u_ro_tune4/S[0]                    (i,b)   -     R     (arrival)     89  0.0     0     0    1567    (-,-) 
  u_core_gen_fast_tag_col[0].u_fast_tag_tag_o_reg[6]/C <<<     -     R     DFRRQHDX1     89    -   150     0    1567    (-,-) 
#-----------------------------------------------------------------------------------------------------------------------------



Path 10: VIOLATED (-661 ps) Setup Check with Pin u_core_gen_fast_tag_col[7].u_fast_tag_tag_o_reg[6]/C->D
           View: wc_view
          Group: clk_osc_fast_tap7
     Startpoint: (R) u_core_gen_fast_tag_col[7].u_fast_tag_tag_o_reg[5]/C
          Clock: (R) clk_osc_fast_tap7
       Endpoint: (F) u_core_gen_fast_tag_col[7].u_fast_tag_tag_o_reg[6]/D
          Clock: (R) clk_osc_fast_tap7

                     Capture       Launch     
        Clock Edge:+    2253          686     
       Src Latency:+       0            0     
       Net Latency:+       0 (I)        0 (I) 
           Arrival:=    2253          686     
                                              
             Setup:-     680                  
       Uncertainty:-      50                  
     Required Time:=    1522                  
      Launch Clock:-     686                  
         Data Path:-    1498                  
             Slack:=    -661                  

Launch clock path:
#-----------------------------------------------------------------------------------------------------------------------------
#                    Timing Point                      Flags   Arc   Edge   Cell     Fanout Load Trans Delay Arrival Instance 
#                                                                                           (fF)  (ps)  (ps)   (ps)  Location 
#-----------------------------------------------------------------------------------------------------------------------------
  u_core_u_osc_fast_u_ro_tune4/S[7]                    (i,b)   -     R     (arrival)     87  0.0     0     0     686    (-,-) 
  u_core_gen_fast_tag_col[7].u_fast_tag_tag_o_reg[5]/C <<<     -     R     DFRRQHDX1     87    -   150     0     686    (-,-) 
#-----------------------------------------------------------------------------------------------------------------------------

#------------------------------------------------------------------------------------------------------------------------------
#                    Timing Point                      Flags   Arc   Edge   Cell     Fanout  Load Trans Delay Arrival Instance 
#                                                                                            (fF)  (ps)  (ps)   (ps)  Location 
#------------------------------------------------------------------------------------------------------------------------------
  u_core_gen_fast_tag_col[7].u_fast_tag_tag_o_reg[5]/C -       -     R     (arrival)     87     -   150     0     686    (-,-) 
  u_core_gen_fast_tag_col[7].u_fast_tag_tag_o_reg[5]/Q -       C->Q  F     DFRRQHDX1      1  24.1   277  1023    1709    (-,-) 
  fopt203845/Q                                         -       A->Q  F     BUHDX4        11 114.4   230   475    2184    (-,-) 
  u_core_gen_fast_tag_col[7].u_fast_tag_tag_o_reg[6]/D <<<     -     F     DFRRQHDX1     11     -     -     0    2184    (-,-) 
#------------------------------------------------------------------------------------------------------------------------------

Capture clock path:
#-----------------------------------------------------------------------------------------------------------------------------
#                    Timing Point                      Flags   Arc   Edge   Cell     Fanout Load Trans Delay Arrival Instance 
#                                                                                           (fF)  (ps)  (ps)   (ps)  Location 
#-----------------------------------------------------------------------------------------------------------------------------
  u_core_u_osc_fast_u_ro_tune4/S[7]                    (i,b)   -     R     (arrival)     87  0.0     0     0    2253    (-,-) 
  u_core_gen_fast_tag_col[7].u_fast_tag_tag_o_reg[6]/C <<<     -     R     DFRRQHDX1     87    -   150     0    2253    (-,-) 
#-----------------------------------------------------------------------------------------------------------------------------



Path 11: VIOLATED (-661 ps) Setup Check with Pin u_core_gen_fast_tag_col[6].u_fast_tag_tag_o_reg[6]/C->D
           View: wc_view
          Group: clk_osc_fast_tap6
     Startpoint: (R) u_core_gen_fast_tag_col[6].u_fast_tag_tag_o_reg[5]/C
          Clock: (R) clk_osc_fast_tap6
       Endpoint: (F) u_core_gen_fast_tag_col[6].u_fast_tag_tag_o_reg[6]/D
          Clock: (R) clk_osc_fast_tap6

                     Capture       Launch     
        Clock Edge:+    2155          588     
       Src Latency:+       0            0     
       Net Latency:+       0 (I)        0 (I) 
           Arrival:=    2155          588     
                                              
             Setup:-     680                  
       Uncertainty:-      50                  
     Required Time:=    1424                  
      Launch Clock:-     588                  
         Data Path:-    1498                  
             Slack:=    -661                  

Launch clock path:
#-----------------------------------------------------------------------------------------------------------------------------
#                    Timing Point                      Flags   Arc   Edge   Cell     Fanout Load Trans Delay Arrival Instance 
#                                                                                           (fF)  (ps)  (ps)   (ps)  Location 
#-----------------------------------------------------------------------------------------------------------------------------
  u_core_u_osc_fast_u_ro_tune4/S[6]                    (i,b)   -     R     (arrival)     87  0.0     0     0     588    (-,-) 
  u_core_gen_fast_tag_col[6].u_fast_tag_tag_o_reg[5]/C <<<     -     R     DFRRQHDX1     87    -   150     0     588    (-,-) 
#-----------------------------------------------------------------------------------------------------------------------------

#------------------------------------------------------------------------------------------------------------------------------
#                    Timing Point                      Flags   Arc   Edge   Cell     Fanout  Load Trans Delay Arrival Instance 
#                                                                                            (fF)  (ps)  (ps)   (ps)  Location 
#------------------------------------------------------------------------------------------------------------------------------
  u_core_gen_fast_tag_col[6].u_fast_tag_tag_o_reg[5]/C -       -     R     (arrival)     87     -   150     0     588    (-,-) 
  u_core_gen_fast_tag_col[6].u_fast_tag_tag_o_reg[5]/Q -       C->Q  F     DFRRQHDX1      1  24.1   277  1023    1611    (-,-) 
  fopt203834/Q                                         -       A->Q  F     BUHDX4        11 114.4   230   475    2086    (-,-) 
  u_core_gen_fast_tag_col[6].u_fast_tag_tag_o_reg[6]/D <<<     -     F     DFRRQHDX1     11     -     -     0    2086    (-,-) 
#------------------------------------------------------------------------------------------------------------------------------

Capture clock path:
#-----------------------------------------------------------------------------------------------------------------------------
#                    Timing Point                      Flags   Arc   Edge   Cell     Fanout Load Trans Delay Arrival Instance 
#                                                                                           (fF)  (ps)  (ps)   (ps)  Location 
#-----------------------------------------------------------------------------------------------------------------------------
  u_core_u_osc_fast_u_ro_tune4/S[6]                    (i,b)   -     R     (arrival)     87  0.0     0     0    2155    (-,-) 
  u_core_gen_fast_tag_col[6].u_fast_tag_tag_o_reg[6]/C <<<     -     R     DFRRQHDX1     87    -   150     0    2155    (-,-) 
#-----------------------------------------------------------------------------------------------------------------------------



Path 12: VIOLATED (-661 ps) Setup Check with Pin u_core_gen_fast_tag_col[5].u_fast_tag_tag_o_reg[6]/C->D
           View: wc_view
          Group: clk_osc_fast_tap5
     Startpoint: (R) u_core_gen_fast_tag_col[5].u_fast_tag_tag_o_reg[5]/C
          Clock: (R) clk_osc_fast_tap5
       Endpoint: (F) u_core_gen_fast_tag_col[5].u_fast_tag_tag_o_reg[6]/D
          Clock: (R) clk_osc_fast_tap5

                     Capture       Launch     
        Clock Edge:+    2057          490     
       Src Latency:+       0            0     
       Net Latency:+       0 (I)        0 (I) 
           Arrival:=    2057          490     
                                              
             Setup:-     680                  
       Uncertainty:-      50                  
     Required Time:=    1326                  
      Launch Clock:-     490                  
         Data Path:-    1498                  
             Slack:=    -661                  

Launch clock path:
#-----------------------------------------------------------------------------------------------------------------------------
#                    Timing Point                      Flags   Arc   Edge   Cell     Fanout Load Trans Delay Arrival Instance 
#                                                                                           (fF)  (ps)  (ps)   (ps)  Location 
#-----------------------------------------------------------------------------------------------------------------------------
  u_core_u_osc_fast_u_ro_tune4/S[5]                    (i,b)   -     R     (arrival)     87  0.0     0     0     490    (-,-) 
  u_core_gen_fast_tag_col[5].u_fast_tag_tag_o_reg[5]/C <<<     -     R     DFRRQHDX1     87    -   150     0     490    (-,-) 
#-----------------------------------------------------------------------------------------------------------------------------

#------------------------------------------------------------------------------------------------------------------------------
#                    Timing Point                      Flags   Arc   Edge   Cell     Fanout  Load Trans Delay Arrival Instance 
#                                                                                            (fF)  (ps)  (ps)   (ps)  Location 
#------------------------------------------------------------------------------------------------------------------------------
  u_core_gen_fast_tag_col[5].u_fast_tag_tag_o_reg[5]/C -       -     R     (arrival)     87     -   150     0     490    (-,-) 
  u_core_gen_fast_tag_col[5].u_fast_tag_tag_o_reg[5]/Q -       C->Q  F     DFRRQHDX1      1  24.1   277  1023    1513    (-,-) 
  fopt203823/Q                                         -       A->Q  F     BUHDX4        11 114.4   230   475    1988    (-,-) 
  u_core_gen_fast_tag_col[5].u_fast_tag_tag_o_reg[6]/D <<<     -     F     DFRRQHDX1     11     -     -     0    1988    (-,-) 
#------------------------------------------------------------------------------------------------------------------------------

Capture clock path:
#-----------------------------------------------------------------------------------------------------------------------------
#                    Timing Point                      Flags   Arc   Edge   Cell     Fanout Load Trans Delay Arrival Instance 
#                                                                                           (fF)  (ps)  (ps)   (ps)  Location 
#-----------------------------------------------------------------------------------------------------------------------------
  u_core_u_osc_fast_u_ro_tune4/S[5]                    (i,b)   -     R     (arrival)     87  0.0     0     0    2057    (-,-) 
  u_core_gen_fast_tag_col[5].u_fast_tag_tag_o_reg[6]/C <<<     -     R     DFRRQHDX1     87    -   150     0    2057    (-,-) 
#-----------------------------------------------------------------------------------------------------------------------------



Path 13: VIOLATED (-661 ps) Setup Check with Pin u_core_gen_fast_tag_col[4].u_fast_tag_tag_o_reg[6]/C->D
           View: wc_view
          Group: clk_osc_fast_tap4
     Startpoint: (R) u_core_gen_fast_tag_col[4].u_fast_tag_tag_o_reg[5]/C
          Clock: (R) clk_osc_fast_tap4
       Endpoint: (F) u_core_gen_fast_tag_col[4].u_fast_tag_tag_o_reg[6]/D
          Clock: (R) clk_osc_fast_tap4

                     Capture       Launch     
        Clock Edge:+    1959          392     
       Src Latency:+       0            0     
       Net Latency:+       0 (I)        0 (I) 
           Arrival:=    1959          392     
                                              
             Setup:-     680                  
       Uncertainty:-      50                  
     Required Time:=    1229                  
      Launch Clock:-     392                  
         Data Path:-    1498                  
             Slack:=    -661                  

Launch clock path:
#-----------------------------------------------------------------------------------------------------------------------------
#                    Timing Point                      Flags   Arc   Edge   Cell     Fanout Load Trans Delay Arrival Instance 
#                                                                                           (fF)  (ps)  (ps)   (ps)  Location 
#-----------------------------------------------------------------------------------------------------------------------------
  u_core_u_osc_fast_u_ro_tune4/S[4]                    (i,b)   -     R     (arrival)     87  0.0     0     0     392    (-,-) 
  u_core_gen_fast_tag_col[4].u_fast_tag_tag_o_reg[5]/C <<<     -     R     DFRRQHDX1     87    -   150     0     392    (-,-) 
#-----------------------------------------------------------------------------------------------------------------------------

#------------------------------------------------------------------------------------------------------------------------------
#                    Timing Point                      Flags   Arc   Edge   Cell     Fanout  Load Trans Delay Arrival Instance 
#                                                                                            (fF)  (ps)  (ps)   (ps)  Location 
#------------------------------------------------------------------------------------------------------------------------------
  u_core_gen_fast_tag_col[4].u_fast_tag_tag_o_reg[5]/C -       -     R     (arrival)     87     -   150     0     392    (-,-) 
  u_core_gen_fast_tag_col[4].u_fast_tag_tag_o_reg[5]/Q -       C->Q  F     DFRRQHDX1      1  24.1   277  1023    1415    (-,-) 
  fopt203812/Q                                         -       A->Q  F     BUHDX4        11 114.4   230   475    1890    (-,-) 
  u_core_gen_fast_tag_col[4].u_fast_tag_tag_o_reg[6]/D <<<     -     F     DFRRQHDX1     11     -     -     0    1890    (-,-) 
#------------------------------------------------------------------------------------------------------------------------------

Capture clock path:
#-----------------------------------------------------------------------------------------------------------------------------
#                    Timing Point                      Flags   Arc   Edge   Cell     Fanout Load Trans Delay Arrival Instance 
#                                                                                           (fF)  (ps)  (ps)   (ps)  Location 
#-----------------------------------------------------------------------------------------------------------------------------
  u_core_u_osc_fast_u_ro_tune4/S[4]                    (i,b)   -     R     (arrival)     87  0.0     0     0    1959    (-,-) 
  u_core_gen_fast_tag_col[4].u_fast_tag_tag_o_reg[6]/C <<<     -     R     DFRRQHDX1     87    -   150     0    1959    (-,-) 
#-----------------------------------------------------------------------------------------------------------------------------



Path 14: VIOLATED (-661 ps) Setup Check with Pin u_core_gen_fast_tag_col[3].u_fast_tag_tag_o_reg[6]/C->D
           View: wc_view
          Group: clk_osc_fast_tap3
     Startpoint: (R) u_core_gen_fast_tag_col[3].u_fast_tag_tag_o_reg[5]/C
          Clock: (R) clk_osc_fast_tap3
       Endpoint: (F) u_core_gen_fast_tag_col[3].u_fast_tag_tag_o_reg[6]/D
          Clock: (R) clk_osc_fast_tap3

                     Capture       Launch     
        Clock Edge:+    1861          294     
       Src Latency:+       0            0     
       Net Latency:+       0 (I)        0 (I) 
           Arrival:=    1861          294     
                                              
             Setup:-     680                  
       Uncertainty:-      50                  
     Required Time:=    1131                  
      Launch Clock:-     294                  
         Data Path:-    1498                  
             Slack:=    -661                  

Launch clock path:
#-----------------------------------------------------------------------------------------------------------------------------
#                    Timing Point                      Flags   Arc   Edge   Cell     Fanout Load Trans Delay Arrival Instance 
#                                                                                           (fF)  (ps)  (ps)   (ps)  Location 
#-----------------------------------------------------------------------------------------------------------------------------
  u_core_u_osc_fast_u_ro_tune4/S[3]                    (i,b)   -     R     (arrival)     87  0.0     0     0     294    (-,-) 
  u_core_gen_fast_tag_col[3].u_fast_tag_tag_o_reg[5]/C <<<     -     R     DFRRQHDX1     87    -   150     0     294    (-,-) 
#-----------------------------------------------------------------------------------------------------------------------------

#------------------------------------------------------------------------------------------------------------------------------
#                    Timing Point                      Flags   Arc   Edge   Cell     Fanout  Load Trans Delay Arrival Instance 
#                                                                                            (fF)  (ps)  (ps)   (ps)  Location 
#------------------------------------------------------------------------------------------------------------------------------
  u_core_gen_fast_tag_col[3].u_fast_tag_tag_o_reg[5]/C -       -     R     (arrival)     87     -   150     0     294    (-,-) 
  u_core_gen_fast_tag_col[3].u_fast_tag_tag_o_reg[5]/Q -       C->Q  F     DFRRQHDX1      1  24.1   277  1023    1317    (-,-) 
  fopt203801/Q                                         -       A->Q  F     BUHDX4        11 114.4   230   475    1792    (-,-) 
  u_core_gen_fast_tag_col[3].u_fast_tag_tag_o_reg[6]/D <<<     -     F     DFRRQHDX1     11     -     -     0    1792    (-,-) 
#------------------------------------------------------------------------------------------------------------------------------

Capture clock path:
#-----------------------------------------------------------------------------------------------------------------------------
#                    Timing Point                      Flags   Arc   Edge   Cell     Fanout Load Trans Delay Arrival Instance 
#                                                                                           (fF)  (ps)  (ps)   (ps)  Location 
#-----------------------------------------------------------------------------------------------------------------------------
  u_core_u_osc_fast_u_ro_tune4/S[3]                    (i,b)   -     R     (arrival)     87  0.0     0     0    1861    (-,-) 
  u_core_gen_fast_tag_col[3].u_fast_tag_tag_o_reg[6]/C <<<     -     R     DFRRQHDX1     87    -   150     0    1861    (-,-) 
#-----------------------------------------------------------------------------------------------------------------------------



Path 15: VIOLATED (-661 ps) Setup Check with Pin u_core_gen_fast_tag_col[2].u_fast_tag_tag_o_reg[6]/C->D
           View: wc_view
          Group: clk_osc_fast_tap2
     Startpoint: (R) u_core_gen_fast_tag_col[2].u_fast_tag_tag_o_reg[5]/C
          Clock: (R) clk_osc_fast_tap2
       Endpoint: (F) u_core_gen_fast_tag_col[2].u_fast_tag_tag_o_reg[6]/D
          Clock: (R) clk_osc_fast_tap2

                     Capture       Launch     
        Clock Edge:+    1763          196     
       Src Latency:+       0            0     
       Net Latency:+       0 (I)        0 (I) 
           Arrival:=    1763          196     
                                              
             Setup:-     680                  
       Uncertainty:-      50                  
     Required Time:=    1033                  
      Launch Clock:-     196                  
         Data Path:-    1498                  
             Slack:=    -661                  

Launch clock path:
#-----------------------------------------------------------------------------------------------------------------------------
#                    Timing Point                      Flags   Arc   Edge   Cell     Fanout Load Trans Delay Arrival Instance 
#                                                                                           (fF)  (ps)  (ps)   (ps)  Location 
#-----------------------------------------------------------------------------------------------------------------------------
  u_core_u_osc_fast_u_ro_tune4/S[2]                    (i,b)   -     R     (arrival)     87  0.0     0     0     196    (-,-) 
  u_core_gen_fast_tag_col[2].u_fast_tag_tag_o_reg[5]/C <<<     -     R     DFRRQHDX1     87    -   150     0     196    (-,-) 
#-----------------------------------------------------------------------------------------------------------------------------

#------------------------------------------------------------------------------------------------------------------------------
#                    Timing Point                      Flags   Arc   Edge   Cell     Fanout  Load Trans Delay Arrival Instance 
#                                                                                            (fF)  (ps)  (ps)   (ps)  Location 
#------------------------------------------------------------------------------------------------------------------------------
  u_core_gen_fast_tag_col[2].u_fast_tag_tag_o_reg[5]/C -       -     R     (arrival)     87     -   150     0     196    (-,-) 
  u_core_gen_fast_tag_col[2].u_fast_tag_tag_o_reg[5]/Q -       C->Q  F     DFRRQHDX1      1  24.1   277  1023    1219    (-,-) 
  fopt203790/Q                                         -       A->Q  F     BUHDX4        11 114.4   230   475    1694    (-,-) 
  u_core_gen_fast_tag_col[2].u_fast_tag_tag_o_reg[6]/D <<<     -     F     DFRRQHDX1     11     -     -     0    1694    (-,-) 
#------------------------------------------------------------------------------------------------------------------------------

Capture clock path:
#-----------------------------------------------------------------------------------------------------------------------------
#                    Timing Point                      Flags   Arc   Edge   Cell     Fanout Load Trans Delay Arrival Instance 
#                                                                                           (fF)  (ps)  (ps)   (ps)  Location 
#-----------------------------------------------------------------------------------------------------------------------------
  u_core_u_osc_fast_u_ro_tune4/S[2]                    (i,b)   -     R     (arrival)     87  0.0     0     0    1763    (-,-) 
  u_core_gen_fast_tag_col[2].u_fast_tag_tag_o_reg[6]/C <<<     -     R     DFRRQHDX1     87    -   150     0    1763    (-,-) 
#-----------------------------------------------------------------------------------------------------------------------------



Path 16: VIOLATED (-661 ps) Setup Check with Pin u_core_gen_fast_tag_col[1].u_fast_tag_tag_o_reg[6]/C->D
           View: wc_view
          Group: clk_osc_fast_tap1
     Startpoint: (R) u_core_gen_fast_tag_col[1].u_fast_tag_tag_o_reg[5]/C
          Clock: (R) clk_osc_fast_tap1
       Endpoint: (F) u_core_gen_fast_tag_col[1].u_fast_tag_tag_o_reg[6]/D
          Clock: (R) clk_osc_fast_tap1

                     Capture       Launch     
        Clock Edge:+    1665           98     
       Src Latency:+       0            0     
       Net Latency:+       0 (I)        0 (I) 
           Arrival:=    1665           98     
                                              
             Setup:-     680                  
       Uncertainty:-      50                  
     Required Time:=     935                  
      Launch Clock:-      98                  
         Data Path:-    1498                  
             Slack:=    -661                  

Launch clock path:
#-----------------------------------------------------------------------------------------------------------------------------
#                    Timing Point                      Flags   Arc   Edge   Cell     Fanout Load Trans Delay Arrival Instance 
#                                                                                           (fF)  (ps)  (ps)   (ps)  Location 
#-----------------------------------------------------------------------------------------------------------------------------
  u_core_u_osc_fast_u_ro_tune4/S[1]                    (i,b)   -     R     (arrival)     87  0.0     0     0      98    (-,-) 
  u_core_gen_fast_tag_col[1].u_fast_tag_tag_o_reg[5]/C <<<     -     R     DFRRQHDX1     87    -   150     0      98    (-,-) 
#-----------------------------------------------------------------------------------------------------------------------------

#------------------------------------------------------------------------------------------------------------------------------
#                    Timing Point                      Flags   Arc   Edge   Cell     Fanout  Load Trans Delay Arrival Instance 
#                                                                                            (fF)  (ps)  (ps)   (ps)  Location 
#------------------------------------------------------------------------------------------------------------------------------
  u_core_gen_fast_tag_col[1].u_fast_tag_tag_o_reg[5]/C -       -     R     (arrival)     87     -   150     0      98    (-,-) 
  u_core_gen_fast_tag_col[1].u_fast_tag_tag_o_reg[5]/Q -       C->Q  F     DFRRQHDX1      1  24.1   277  1023    1121    (-,-) 
  fopt203779/Q                                         -       A->Q  F     BUHDX4        11 114.4   230   475    1596    (-,-) 
  u_core_gen_fast_tag_col[1].u_fast_tag_tag_o_reg[6]/D <<<     -     F     DFRRQHDX1     11     -     -     0    1596    (-,-) 
#------------------------------------------------------------------------------------------------------------------------------

Capture clock path:
#-----------------------------------------------------------------------------------------------------------------------------
#                    Timing Point                      Flags   Arc   Edge   Cell     Fanout Load Trans Delay Arrival Instance 
#                                                                                           (fF)  (ps)  (ps)   (ps)  Location 
#-----------------------------------------------------------------------------------------------------------------------------
  u_core_u_osc_fast_u_ro_tune4/S[1]                    (i,b)   -     R     (arrival)     87  0.0     0     0    1665    (-,-) 
  u_core_gen_fast_tag_col[1].u_fast_tag_tag_o_reg[6]/C <<<     -     R     DFRRQHDX1     87    -   150     0    1665    (-,-) 
#-----------------------------------------------------------------------------------------------------------------------------



Path 17: VIOLATED (-536 ps) Setup Check with Pin u_core_start_wdt_cnt_reg[15]/C->D
           View: wc_view
          Group: clk_sys
     Startpoint: (R) u_core_start_wdt_cnt_reg[3]/C
          Clock: (R) clk_sys
       Endpoint: (F) u_core_start_wdt_cnt_reg[15]/D
          Clock: (R) clk_sys

                     Capture       Launch     
        Clock Edge:+    6250            0     
       Src Latency:+       0            0     
       Net Latency:+       0 (I)        0 (I) 
           Arrival:=    6250            0     
                                              
             Setup:-     630                  
       Uncertainty:-     300                  
     Required Time:=    5320                  
      Launch Clock:-       0                  
         Data Path:-    5856                  
             Slack:=    -536                  

Launch clock path:
#------------------------------------------------------------------------------------------------------
#         Timing Point          Flags   Arc   Edge   Cell     Fanout Load Trans Delay Arrival Instance 
#                                                                    (fF)  (ps)  (ps)   (ps)  Location 
#------------------------------------------------------------------------------------------------------
  clk_sys                       (i)     -     R     (arrival)   4859  0.0     0     0       0    (-,-) 
  u_core_start_wdt_cnt_reg[3]/C <<<     -     R     DFRRQHDX1   4859    -   150     0       0    (-,-) 
#------------------------------------------------------------------------------------------------------

#-------------------------------------------------------------------------------------------------------
#         Timing Point           Flags   Arc   Edge   Cell     Fanout Load Trans Delay Arrival Instance 
#                                                                     (fF)  (ps)  (ps)   (ps)  Location 
#-------------------------------------------------------------------------------------------------------
  u_core_start_wdt_cnt_reg[3]/C  -       -     R     (arrival)   4859    -   150     0       0    (-,-) 
  u_core_start_wdt_cnt_reg[3]/Q  -       C->Q  F     DFRRQHDX1      1 21.5   260   999     999    (-,-) 
  drc_bufs202975/Q               -       A->Q  R     INHDX2         1 29.0   190   234    1233    (-,-) 
  drc_bufs202973/Q               -       A->Q  F     INHDX3         5 58.5   180   214    1447    (-,-) 
  g201588/Q                      -       A->Q  R     NO2HDX2        1 14.8   274   277    1724    (-,-) 
  g201056/Q                      -       AN->Q R     NO5I1HDX2      3 32.7   232   572    2297    (-,-) 
  g200813/Q                      -       A->Q  R     AND2HDX4       3 50.3   185   470    2767    (-,-) 
  g198919/Q                      -       B->Q  F     NA2I1HDX4      3 58.2   186   216    2984    (-,-) 
  g198198/Q                      -       A->Q  R     NO2HDX4        3 34.8   310   322    3305    (-,-) 
  g197702/Q                      -       A->Q  R     AND2HDX2       2 20.7   154   396    3701    (-,-) 
  g196846/Q                      -       A->Q  R     AND2HDX4       3 40.5   164   418    4119    (-,-) 
  g191754/Q                      -       A->Q  R     AND2HDX2       2 30.9   197   384    4502    (-,-) 
  g191704/Q                      -       B->Q  F     NA2I1HDX2      3 45.8   252   275    4777    (-,-) 
  g191604/Q                      -       A->Q  R     NO2HDX2        2 27.3   379   394    5172    (-,-) 
  g191411/Q                      -       A->Q  F     ON21HDX1       1 15.8   272   291    5463    (-,-) 
  g191397/Q                      -       A->Q  F     NA22HDX1       1 12.2   172   393    5856    (-,-) 
  u_core_start_wdt_cnt_reg[15]/D <<<     -     F     DFRRQHDX4      1    -     -     0    5856    (-,-) 
#-------------------------------------------------------------------------------------------------------

Capture clock path:
#-------------------------------------------------------------------------------------------------------
#         Timing Point           Flags   Arc   Edge   Cell     Fanout Load Trans Delay Arrival Instance 
#                                                                     (fF)  (ps)  (ps)   (ps)  Location 
#-------------------------------------------------------------------------------------------------------
  clk_sys                        (i)     -     R     (arrival)   4859  0.0     0     0    6250    (-,-) 
  u_core_start_wdt_cnt_reg[15]/C <<<     -     R     DFRRQHDX4   4859    -   150     0    6250    (-,-) 
#-------------------------------------------------------------------------------------------------------



Path 18: VIOLATED (-534 ps) Setup Check with Pin u_core_start_wdt_cnt_reg[13]/C->D
           View: wc_view
          Group: clk_sys
     Startpoint: (R) u_core_start_wdt_cnt_reg[3]/C
          Clock: (R) clk_sys
       Endpoint: (F) u_core_start_wdt_cnt_reg[13]/D
          Clock: (R) clk_sys

                     Capture       Launch     
        Clock Edge:+    6250            0     
       Src Latency:+       0            0     
       Net Latency:+       0 (I)        0 (I) 
           Arrival:=    6250            0     
                                              
             Setup:-     658                  
       Uncertainty:-     300                  
     Required Time:=    5292                  
      Launch Clock:-       0                  
         Data Path:-    5825                  
             Slack:=    -534                  

Launch clock path:
#------------------------------------------------------------------------------------------------------
#         Timing Point          Flags   Arc   Edge   Cell     Fanout Load Trans Delay Arrival Instance 
#                                                                    (fF)  (ps)  (ps)   (ps)  Location 
#------------------------------------------------------------------------------------------------------
  clk_sys                       (i)     -     R     (arrival)   4859  0.0     0     0       0    (-,-) 
  u_core_start_wdt_cnt_reg[3]/C <<<     -     R     DFRRQHDX1   4859    -   150     0       0    (-,-) 
#------------------------------------------------------------------------------------------------------

#-------------------------------------------------------------------------------------------------------
#         Timing Point           Flags   Arc   Edge   Cell     Fanout Load Trans Delay Arrival Instance 
#                                                                     (fF)  (ps)  (ps)   (ps)  Location 
#-------------------------------------------------------------------------------------------------------
  u_core_start_wdt_cnt_reg[3]/C  -       -     R     (arrival)   4859    -   150     0       0    (-,-) 
  u_core_start_wdt_cnt_reg[3]/Q  -       C->Q  F     DFRRQHDX1      1 21.5   260   999     999    (-,-) 
  drc_bufs202975/Q               -       A->Q  R     INHDX2         1 29.0   190   234    1233    (-,-) 
  drc_bufs202973/Q               -       A->Q  F     INHDX3         5 58.5   180   214    1447    (-,-) 
  g201588/Q                      -       A->Q  R     NO2HDX2        1 14.8   274   277    1724    (-,-) 
  g201056/Q                      -       AN->Q R     NO5I1HDX2      3 32.7   232   572    2297    (-,-) 
  g200813/Q                      -       A->Q  R     AND2HDX4       3 50.3   185   470    2767    (-,-) 
  g198919/Q                      -       B->Q  F     NA2I1HDX4      3 58.2   186   216    2984    (-,-) 
  g198198/Q                      -       A->Q  R     NO2HDX4        3 34.8   310   322    3305    (-,-) 
  g197702/Q                      -       A->Q  R     AND2HDX2       2 20.7   154   396    3701    (-,-) 
  g196846/Q                      -       A->Q  R     AND2HDX4       3 40.5   164   418    4119    (-,-) 
  g191754/Q                      -       A->Q  R     AND2HDX2       2 30.9   197   384    4502    (-,-) 
  g191725/Q                      -       A->Q  F     INHDX1         2 24.1   215   247    4750    (-,-) 
  g191693/Q                      -       A->Q  R     NA2HDX0        1 11.2   340   336    5085    (-,-) 
  g191597/Q                      -       B->Q  R     AO21HDX1       1 14.2   187   462    5547    (-,-) 
  g191404/Q                      -       B->Q  F     NA3HDX1        1 12.2   273   278    5825    (-,-) 
  u_core_start_wdt_cnt_reg[13]/D <<<     -     F     DFRRQHDX4      1    -     -     0    5825    (-,-) 
#-------------------------------------------------------------------------------------------------------

Capture clock path:
#-------------------------------------------------------------------------------------------------------
#         Timing Point           Flags   Arc   Edge   Cell     Fanout Load Trans Delay Arrival Instance 
#                                                                     (fF)  (ps)  (ps)   (ps)  Location 
#-------------------------------------------------------------------------------------------------------
  clk_sys                        (i)     -     R     (arrival)   4859  0.0     0     0    6250    (-,-) 
  u_core_start_wdt_cnt_reg[13]/C <<<     -     R     DFRRQHDX4   4859    -   150     0    6250    (-,-) 
#-------------------------------------------------------------------------------------------------------



Path 19: VIOLATED (-453 ps) Setup Check with Pin u_core_gen_fast_tag_col[7].u_fast_tag_tag_o_reg[1]/C->D
           View: wc_view
          Group: clk_osc_fast_tap7
     Startpoint: (R) u_core_gen_fast_tag_col[7].u_fast_tag_tag_o_reg[0]/C
          Clock: (R) clk_osc_fast_tap7
       Endpoint: (F) u_core_gen_fast_tag_col[7].u_fast_tag_tag_o_reg[1]/D
          Clock: (R) clk_osc_fast_tap7

                     Capture       Launch     
        Clock Edge:+    2253          686     
       Src Latency:+       0            0     
       Net Latency:+       0 (I)        0 (I) 
           Arrival:=    2253          686     
                                              
             Setup:-     668                  
       Uncertainty:-      50                  
     Required Time:=    1535                  
      Launch Clock:-     686                  
         Data Path:-    1303                  
             Slack:=    -453                  

Launch clock path:
#-----------------------------------------------------------------------------------------------------------------------------
#                    Timing Point                      Flags   Arc   Edge   Cell     Fanout Load Trans Delay Arrival Instance 
#                                                                                           (fF)  (ps)  (ps)   (ps)  Location 
#-----------------------------------------------------------------------------------------------------------------------------
  u_core_u_osc_fast_u_ro_tune4/S[7]                    (i,b)   -     R     (arrival)     87  0.0     0     0     686    (-,-) 
  u_core_gen_fast_tag_col[7].u_fast_tag_tag_o_reg[0]/C <<<     -     R     DFRSQHDX1     87    -   150     0     686    (-,-) 
#-----------------------------------------------------------------------------------------------------------------------------

#-----------------------------------------------------------------------------------------------------------------------------
#                    Timing Point                      Flags   Arc   Edge   Cell     Fanout Load Trans Delay Arrival Instance 
#                                                                                           (fF)  (ps)  (ps)   (ps)  Location 
#-----------------------------------------------------------------------------------------------------------------------------
  u_core_gen_fast_tag_col[7].u_fast_tag_tag_o_reg[0]/C -       -     R     (arrival)     87    -   150     0     686    (-,-) 
  u_core_gen_fast_tag_col[7].u_fast_tag_tag_o_reg[0]/Q -       C->Q  F     DFRSQHDX1      1 24.1   241   884    1570    (-,-) 
  fopt203843/Q                                         -       A->Q  F     BUHDX4         9 86.3   185   419    1988    (-,-) 
  u_core_gen_fast_tag_col[7].u_fast_tag_tag_o_reg[1]/D <<<     -     F     DFRRQHDX1      9    -     -     0    1988    (-,-) 
#-----------------------------------------------------------------------------------------------------------------------------

Capture clock path:
#-----------------------------------------------------------------------------------------------------------------------------
#                    Timing Point                      Flags   Arc   Edge   Cell     Fanout Load Trans Delay Arrival Instance 
#                                                                                           (fF)  (ps)  (ps)   (ps)  Location 
#-----------------------------------------------------------------------------------------------------------------------------
  u_core_u_osc_fast_u_ro_tune4/S[7]                    (i,b)   -     R     (arrival)     87  0.0     0     0    2253    (-,-) 
  u_core_gen_fast_tag_col[7].u_fast_tag_tag_o_reg[1]/C <<<     -     R     DFRRQHDX1     87    -   150     0    2253    (-,-) 
#-----------------------------------------------------------------------------------------------------------------------------



Path 20: VIOLATED (-453 ps) Setup Check with Pin u_core_gen_fast_tag_col[6].u_fast_tag_tag_o_reg[1]/C->D
           View: wc_view
          Group: clk_osc_fast_tap6
     Startpoint: (R) u_core_gen_fast_tag_col[6].u_fast_tag_tag_o_reg[0]/C
          Clock: (R) clk_osc_fast_tap6
       Endpoint: (F) u_core_gen_fast_tag_col[6].u_fast_tag_tag_o_reg[1]/D
          Clock: (R) clk_osc_fast_tap6

                     Capture       Launch     
        Clock Edge:+    2155          588     
       Src Latency:+       0            0     
       Net Latency:+       0 (I)        0 (I) 
           Arrival:=    2155          588     
                                              
             Setup:-     668                  
       Uncertainty:-      50                  
     Required Time:=    1437                  
      Launch Clock:-     588                  
         Data Path:-    1303                  
             Slack:=    -453                  

Launch clock path:
#-----------------------------------------------------------------------------------------------------------------------------
#                    Timing Point                      Flags   Arc   Edge   Cell     Fanout Load Trans Delay Arrival Instance 
#                                                                                           (fF)  (ps)  (ps)   (ps)  Location 
#-----------------------------------------------------------------------------------------------------------------------------
  u_core_u_osc_fast_u_ro_tune4/S[6]                    (i,b)   -     R     (arrival)     87  0.0     0     0     588    (-,-) 
  u_core_gen_fast_tag_col[6].u_fast_tag_tag_o_reg[0]/C <<<     -     R     DFRSQHDX1     87    -   150     0     588    (-,-) 
#-----------------------------------------------------------------------------------------------------------------------------

#-----------------------------------------------------------------------------------------------------------------------------
#                    Timing Point                      Flags   Arc   Edge   Cell     Fanout Load Trans Delay Arrival Instance 
#                                                                                           (fF)  (ps)  (ps)   (ps)  Location 
#-----------------------------------------------------------------------------------------------------------------------------
  u_core_gen_fast_tag_col[6].u_fast_tag_tag_o_reg[0]/C -       -     R     (arrival)     87    -   150     0     588    (-,-) 
  u_core_gen_fast_tag_col[6].u_fast_tag_tag_o_reg[0]/Q -       C->Q  F     DFRSQHDX1      1 24.1   241   884    1472    (-,-) 
  fopt203832/Q                                         -       A->Q  F     BUHDX4         9 86.3   185   419    1890    (-,-) 
  u_core_gen_fast_tag_col[6].u_fast_tag_tag_o_reg[1]/D <<<     -     F     DFRRQHDX1      9    -     -     0    1890    (-,-) 
#-----------------------------------------------------------------------------------------------------------------------------

Capture clock path:
#-----------------------------------------------------------------------------------------------------------------------------
#                    Timing Point                      Flags   Arc   Edge   Cell     Fanout Load Trans Delay Arrival Instance 
#                                                                                           (fF)  (ps)  (ps)   (ps)  Location 
#-----------------------------------------------------------------------------------------------------------------------------
  u_core_u_osc_fast_u_ro_tune4/S[6]                    (i,b)   -     R     (arrival)     87  0.0     0     0    2155    (-,-) 
  u_core_gen_fast_tag_col[6].u_fast_tag_tag_o_reg[1]/C <<<     -     R     DFRRQHDX1     87    -   150     0    2155    (-,-) 
#-----------------------------------------------------------------------------------------------------------------------------



Path 21: VIOLATED (-453 ps) Setup Check with Pin u_core_gen_fast_tag_col[5].u_fast_tag_tag_o_reg[1]/C->D
           View: wc_view
          Group: clk_osc_fast_tap5
     Startpoint: (R) u_core_gen_fast_tag_col[5].u_fast_tag_tag_o_reg[0]/C
          Clock: (R) clk_osc_fast_tap5
       Endpoint: (F) u_core_gen_fast_tag_col[5].u_fast_tag_tag_o_reg[1]/D
          Clock: (R) clk_osc_fast_tap5

                     Capture       Launch     
        Clock Edge:+    2057          490     
       Src Latency:+       0            0     
       Net Latency:+       0 (I)        0 (I) 
           Arrival:=    2057          490     
                                              
             Setup:-     668                  
       Uncertainty:-      50                  
     Required Time:=    1339                  
      Launch Clock:-     490                  
         Data Path:-    1303                  
             Slack:=    -453                  

Launch clock path:
#-----------------------------------------------------------------------------------------------------------------------------
#                    Timing Point                      Flags   Arc   Edge   Cell     Fanout Load Trans Delay Arrival Instance 
#                                                                                           (fF)  (ps)  (ps)   (ps)  Location 
#-----------------------------------------------------------------------------------------------------------------------------
  u_core_u_osc_fast_u_ro_tune4/S[5]                    (i,b)   -     R     (arrival)     87  0.0     0     0     490    (-,-) 
  u_core_gen_fast_tag_col[5].u_fast_tag_tag_o_reg[0]/C <<<     -     R     DFRSQHDX1     87    -   150     0     490    (-,-) 
#-----------------------------------------------------------------------------------------------------------------------------

#-----------------------------------------------------------------------------------------------------------------------------
#                    Timing Point                      Flags   Arc   Edge   Cell     Fanout Load Trans Delay Arrival Instance 
#                                                                                           (fF)  (ps)  (ps)   (ps)  Location 
#-----------------------------------------------------------------------------------------------------------------------------
  u_core_gen_fast_tag_col[5].u_fast_tag_tag_o_reg[0]/C -       -     R     (arrival)     87    -   150     0     490    (-,-) 
  u_core_gen_fast_tag_col[5].u_fast_tag_tag_o_reg[0]/Q -       C->Q  F     DFRSQHDX1      1 24.1   241   884    1374    (-,-) 
  fopt203821/Q                                         -       A->Q  F     BUHDX4         9 86.3   185   419    1792    (-,-) 
  u_core_gen_fast_tag_col[5].u_fast_tag_tag_o_reg[1]/D <<<     -     F     DFRRQHDX1      9    -     -     0    1792    (-,-) 
#-----------------------------------------------------------------------------------------------------------------------------

Capture clock path:
#-----------------------------------------------------------------------------------------------------------------------------
#                    Timing Point                      Flags   Arc   Edge   Cell     Fanout Load Trans Delay Arrival Instance 
#                                                                                           (fF)  (ps)  (ps)   (ps)  Location 
#-----------------------------------------------------------------------------------------------------------------------------
  u_core_u_osc_fast_u_ro_tune4/S[5]                    (i,b)   -     R     (arrival)     87  0.0     0     0    2057    (-,-) 
  u_core_gen_fast_tag_col[5].u_fast_tag_tag_o_reg[1]/C <<<     -     R     DFRRQHDX1     87    -   150     0    2057    (-,-) 
#-----------------------------------------------------------------------------------------------------------------------------



Path 22: VIOLATED (-453 ps) Setup Check with Pin u_core_gen_fast_tag_col[4].u_fast_tag_tag_o_reg[1]/C->D
           View: wc_view
          Group: clk_osc_fast_tap4
     Startpoint: (R) u_core_gen_fast_tag_col[4].u_fast_tag_tag_o_reg[0]/C
          Clock: (R) clk_osc_fast_tap4
       Endpoint: (F) u_core_gen_fast_tag_col[4].u_fast_tag_tag_o_reg[1]/D
          Clock: (R) clk_osc_fast_tap4

                     Capture       Launch     
        Clock Edge:+    1959          392     
       Src Latency:+       0            0     
       Net Latency:+       0 (I)        0 (I) 
           Arrival:=    1959          392     
                                              
             Setup:-     668                  
       Uncertainty:-      50                  
     Required Time:=    1241                  
      Launch Clock:-     392                  
         Data Path:-    1303                  
             Slack:=    -453                  

Launch clock path:
#-----------------------------------------------------------------------------------------------------------------------------
#                    Timing Point                      Flags   Arc   Edge   Cell     Fanout Load Trans Delay Arrival Instance 
#                                                                                           (fF)  (ps)  (ps)   (ps)  Location 
#-----------------------------------------------------------------------------------------------------------------------------
  u_core_u_osc_fast_u_ro_tune4/S[4]                    (i,b)   -     R     (arrival)     87  0.0     0     0     392    (-,-) 
  u_core_gen_fast_tag_col[4].u_fast_tag_tag_o_reg[0]/C <<<     -     R     DFRSQHDX1     87    -   150     0     392    (-,-) 
#-----------------------------------------------------------------------------------------------------------------------------

#-----------------------------------------------------------------------------------------------------------------------------
#                    Timing Point                      Flags   Arc   Edge   Cell     Fanout Load Trans Delay Arrival Instance 
#                                                                                           (fF)  (ps)  (ps)   (ps)  Location 
#-----------------------------------------------------------------------------------------------------------------------------
  u_core_gen_fast_tag_col[4].u_fast_tag_tag_o_reg[0]/C -       -     R     (arrival)     87    -   150     0     392    (-,-) 
  u_core_gen_fast_tag_col[4].u_fast_tag_tag_o_reg[0]/Q -       C->Q  F     DFRSQHDX1      1 24.1   241   884    1276    (-,-) 
  fopt203810/Q                                         -       A->Q  F     BUHDX4         9 86.3   185   419    1694    (-,-) 
  u_core_gen_fast_tag_col[4].u_fast_tag_tag_o_reg[1]/D <<<     -     F     DFRRQHDX1      9    -     -     0    1694    (-,-) 
#-----------------------------------------------------------------------------------------------------------------------------

Capture clock path:
#-----------------------------------------------------------------------------------------------------------------------------
#                    Timing Point                      Flags   Arc   Edge   Cell     Fanout Load Trans Delay Arrival Instance 
#                                                                                           (fF)  (ps)  (ps)   (ps)  Location 
#-----------------------------------------------------------------------------------------------------------------------------
  u_core_u_osc_fast_u_ro_tune4/S[4]                    (i,b)   -     R     (arrival)     87  0.0     0     0    1959    (-,-) 
  u_core_gen_fast_tag_col[4].u_fast_tag_tag_o_reg[1]/C <<<     -     R     DFRRQHDX1     87    -   150     0    1959    (-,-) 
#-----------------------------------------------------------------------------------------------------------------------------



Path 23: VIOLATED (-453 ps) Setup Check with Pin u_core_gen_fast_tag_col[3].u_fast_tag_tag_o_reg[1]/C->D
           View: wc_view
          Group: clk_osc_fast_tap3
     Startpoint: (R) u_core_gen_fast_tag_col[3].u_fast_tag_tag_o_reg[0]/C
          Clock: (R) clk_osc_fast_tap3
       Endpoint: (F) u_core_gen_fast_tag_col[3].u_fast_tag_tag_o_reg[1]/D
          Clock: (R) clk_osc_fast_tap3

                     Capture       Launch     
        Clock Edge:+    1861          294     
       Src Latency:+       0            0     
       Net Latency:+       0 (I)        0 (I) 
           Arrival:=    1861          294     
                                              
             Setup:-     668                  
       Uncertainty:-      50                  
     Required Time:=    1143                  
      Launch Clock:-     294                  
         Data Path:-    1303                  
             Slack:=    -453                  

Launch clock path:
#-----------------------------------------------------------------------------------------------------------------------------
#                    Timing Point                      Flags   Arc   Edge   Cell     Fanout Load Trans Delay Arrival Instance 
#                                                                                           (fF)  (ps)  (ps)   (ps)  Location 
#-----------------------------------------------------------------------------------------------------------------------------
  u_core_u_osc_fast_u_ro_tune4/S[3]                    (i,b)   -     R     (arrival)     87  0.0     0     0     294    (-,-) 
  u_core_gen_fast_tag_col[3].u_fast_tag_tag_o_reg[0]/C <<<     -     R     DFRSQHDX1     87    -   150     0     294    (-,-) 
#-----------------------------------------------------------------------------------------------------------------------------

#-----------------------------------------------------------------------------------------------------------------------------
#                    Timing Point                      Flags   Arc   Edge   Cell     Fanout Load Trans Delay Arrival Instance 
#                                                                                           (fF)  (ps)  (ps)   (ps)  Location 
#-----------------------------------------------------------------------------------------------------------------------------
  u_core_gen_fast_tag_col[3].u_fast_tag_tag_o_reg[0]/C -       -     R     (arrival)     87    -   150     0     294    (-,-) 
  u_core_gen_fast_tag_col[3].u_fast_tag_tag_o_reg[0]/Q -       C->Q  F     DFRSQHDX1      1 24.1   241   884    1178    (-,-) 
  fopt203799/Q                                         -       A->Q  F     BUHDX4         9 86.3   185   419    1596    (-,-) 
  u_core_gen_fast_tag_col[3].u_fast_tag_tag_o_reg[1]/D <<<     -     F     DFRRQHDX1      9    -     -     0    1596    (-,-) 
#-----------------------------------------------------------------------------------------------------------------------------

Capture clock path:
#-----------------------------------------------------------------------------------------------------------------------------
#                    Timing Point                      Flags   Arc   Edge   Cell     Fanout Load Trans Delay Arrival Instance 
#                                                                                           (fF)  (ps)  (ps)   (ps)  Location 
#-----------------------------------------------------------------------------------------------------------------------------
  u_core_u_osc_fast_u_ro_tune4/S[3]                    (i,b)   -     R     (arrival)     87  0.0     0     0    1861    (-,-) 
  u_core_gen_fast_tag_col[3].u_fast_tag_tag_o_reg[1]/C <<<     -     R     DFRRQHDX1     87    -   150     0    1861    (-,-) 
#-----------------------------------------------------------------------------------------------------------------------------



Path 24: VIOLATED (-453 ps) Setup Check with Pin u_core_gen_fast_tag_col[2].u_fast_tag_tag_o_reg[1]/C->D
           View: wc_view
          Group: clk_osc_fast_tap2
     Startpoint: (R) u_core_gen_fast_tag_col[2].u_fast_tag_tag_o_reg[0]/C
          Clock: (R) clk_osc_fast_tap2
       Endpoint: (F) u_core_gen_fast_tag_col[2].u_fast_tag_tag_o_reg[1]/D
          Clock: (R) clk_osc_fast_tap2

                     Capture       Launch     
        Clock Edge:+    1763          196     
       Src Latency:+       0            0     
       Net Latency:+       0 (I)        0 (I) 
           Arrival:=    1763          196     
                                              
             Setup:-     668                  
       Uncertainty:-      50                  
     Required Time:=    1045                  
      Launch Clock:-     196                  
         Data Path:-    1303                  
             Slack:=    -453                  

Launch clock path:
#-----------------------------------------------------------------------------------------------------------------------------
#                    Timing Point                      Flags   Arc   Edge   Cell     Fanout Load Trans Delay Arrival Instance 
#                                                                                           (fF)  (ps)  (ps)   (ps)  Location 
#-----------------------------------------------------------------------------------------------------------------------------
  u_core_u_osc_fast_u_ro_tune4/S[2]                    (i,b)   -     R     (arrival)     87  0.0     0     0     196    (-,-) 
  u_core_gen_fast_tag_col[2].u_fast_tag_tag_o_reg[0]/C <<<     -     R     DFRSQHDX1     87    -   150     0     196    (-,-) 
#-----------------------------------------------------------------------------------------------------------------------------

#-----------------------------------------------------------------------------------------------------------------------------
#                    Timing Point                      Flags   Arc   Edge   Cell     Fanout Load Trans Delay Arrival Instance 
#                                                                                           (fF)  (ps)  (ps)   (ps)  Location 
#-----------------------------------------------------------------------------------------------------------------------------
  u_core_gen_fast_tag_col[2].u_fast_tag_tag_o_reg[0]/C -       -     R     (arrival)     87    -   150     0     196    (-,-) 
  u_core_gen_fast_tag_col[2].u_fast_tag_tag_o_reg[0]/Q -       C->Q  F     DFRSQHDX1      1 24.1   241   884    1080    (-,-) 
  fopt203788/Q                                         -       A->Q  F     BUHDX4         9 86.3   185   419    1499    (-,-) 
  u_core_gen_fast_tag_col[2].u_fast_tag_tag_o_reg[1]/D <<<     -     F     DFRRQHDX1      9    -     -     0    1499    (-,-) 
#-----------------------------------------------------------------------------------------------------------------------------

Capture clock path:
#-----------------------------------------------------------------------------------------------------------------------------
#                    Timing Point                      Flags   Arc   Edge   Cell     Fanout Load Trans Delay Arrival Instance 
#                                                                                           (fF)  (ps)  (ps)   (ps)  Location 
#-----------------------------------------------------------------------------------------------------------------------------
  u_core_u_osc_fast_u_ro_tune4/S[2]                    (i,b)   -     R     (arrival)     87  0.0     0     0    1763    (-,-) 
  u_core_gen_fast_tag_col[2].u_fast_tag_tag_o_reg[1]/C <<<     -     R     DFRRQHDX1     87    -   150     0    1763    (-,-) 
#-----------------------------------------------------------------------------------------------------------------------------



Path 25: VIOLATED (-453 ps) Setup Check with Pin u_core_gen_fast_tag_col[1].u_fast_tag_tag_o_reg[1]/C->D
           View: wc_view
          Group: clk_osc_fast_tap1
     Startpoint: (R) u_core_gen_fast_tag_col[1].u_fast_tag_tag_o_reg[0]/C
          Clock: (R) clk_osc_fast_tap1
       Endpoint: (F) u_core_gen_fast_tag_col[1].u_fast_tag_tag_o_reg[1]/D
          Clock: (R) clk_osc_fast_tap1

                     Capture       Launch     
        Clock Edge:+    1665           98     
       Src Latency:+       0            0     
       Net Latency:+       0 (I)        0 (I) 
           Arrival:=    1665           98     
                                              
             Setup:-     668                  
       Uncertainty:-      50                  
     Required Time:=     947                  
      Launch Clock:-      98                  
         Data Path:-    1303                  
             Slack:=    -453                  

Launch clock path:
#-----------------------------------------------------------------------------------------------------------------------------
#                    Timing Point                      Flags   Arc   Edge   Cell     Fanout Load Trans Delay Arrival Instance 
#                                                                                           (fF)  (ps)  (ps)   (ps)  Location 
#-----------------------------------------------------------------------------------------------------------------------------
  u_core_u_osc_fast_u_ro_tune4/S[1]                    (i,b)   -     R     (arrival)     87  0.0     0     0      98    (-,-) 
  u_core_gen_fast_tag_col[1].u_fast_tag_tag_o_reg[0]/C <<<     -     R     DFRSQHDX1     87    -   150     0      98    (-,-) 
#-----------------------------------------------------------------------------------------------------------------------------

#-----------------------------------------------------------------------------------------------------------------------------
#                    Timing Point                      Flags   Arc   Edge   Cell     Fanout Load Trans Delay Arrival Instance 
#                                                                                           (fF)  (ps)  (ps)   (ps)  Location 
#-----------------------------------------------------------------------------------------------------------------------------
  u_core_gen_fast_tag_col[1].u_fast_tag_tag_o_reg[0]/C -       -     R     (arrival)     87    -   150     0      98    (-,-) 
  u_core_gen_fast_tag_col[1].u_fast_tag_tag_o_reg[0]/Q -       C->Q  F     DFRSQHDX1      1 24.1   241   884     982    (-,-) 
  fopt203777/Q                                         -       A->Q  F     BUHDX4         9 86.3   185   419    1401    (-,-) 
  u_core_gen_fast_tag_col[1].u_fast_tag_tag_o_reg[1]/D <<<     -     F     DFRRQHDX1      9    -     -     0    1401    (-,-) 
#-----------------------------------------------------------------------------------------------------------------------------

Capture clock path:
#-----------------------------------------------------------------------------------------------------------------------------
#                    Timing Point                      Flags   Arc   Edge   Cell     Fanout Load Trans Delay Arrival Instance 
#                                                                                           (fF)  (ps)  (ps)   (ps)  Location 
#-----------------------------------------------------------------------------------------------------------------------------
  u_core_u_osc_fast_u_ro_tune4/S[1]                    (i,b)   -     R     (arrival)     87  0.0     0     0    1665    (-,-) 
  u_core_gen_fast_tag_col[1].u_fast_tag_tag_o_reg[1]/C <<<     -     R     DFRRQHDX1     87    -   150     0    1665    (-,-) 
#-----------------------------------------------------------------------------------------------------------------------------



Path 26: VIOLATED (-445 ps) Setup Check with Pin u_core_start_wdt_cnt_reg[14]/C->D
           View: wc_view
          Group: clk_sys
     Startpoint: (R) u_csr_r_wdt_ctx_timeout_reg[1]/C
          Clock: (R) clk_sys
       Endpoint: (F) u_core_start_wdt_cnt_reg[14]/D
          Clock: (R) clk_sys

                     Capture       Launch     
        Clock Edge:+    6250            0     
       Src Latency:+       0            0     
       Net Latency:+       0 (I)        0 (I) 
           Arrival:=    6250            0     
                                              
             Setup:-     636                  
       Uncertainty:-     300                  
     Required Time:=    5314                  
      Launch Clock:-       0                  
         Data Path:-    5758                  
             Slack:=    -445                  

Launch clock path:
#---------------------------------------------------------------------------------------------------------
#          Timing Point            Flags   Arc   Edge   Cell     Fanout Load Trans Delay Arrival Instance 
#                                                                       (fF)  (ps)  (ps)   (ps)  Location 
#---------------------------------------------------------------------------------------------------------
  clk_sys                          (i)     -     R     (arrival)   4859  0.0     0     0       0    (-,-) 
  u_csr_r_wdt_ctx_timeout_reg[1]/C <<<     -     R     DFRSHDX1    4859    -   150     0       0    (-,-) 
#---------------------------------------------------------------------------------------------------------

#----------------------------------------------------------------------------------------------------------
#           Timing Point            Flags   Arc   Edge   Cell     Fanout Load Trans Delay Arrival Instance 
#                                                                        (fF)  (ps)  (ps)   (ps)  Location 
#----------------------------------------------------------------------------------------------------------
  u_csr_r_wdt_ctx_timeout_reg[1]/C  -       -     R     (arrival)   4859    -   150     0       0    (-,-) 
  u_csr_r_wdt_ctx_timeout_reg[1]/QN -       C->QN F     DFRSHDX1       2 22.4   158  1074    1074    (-,-) 
  g201058/Q                         -       F->Q  F     AND6HDX2       2 21.7   146   561    1635    (-,-) 
  g200812/Q                         -       A->Q  F     AND2HDX2       2 20.7   112   378    2013    (-,-) 
  g198922/Q                         -       A->Q  F     AND2HDX2       3 28.1   129   383    2396    (-,-) 
  g198197/Q                         -       A->Q  F     AND2HDX2       3 28.5   129   392    2787    (-,-) 
  g192912/Q                         -       A->Q  F     AND2HDX2       4 42.7   161   431    3218    (-,-) 
  g191720/Q                         -       A->Q  F     AND2HDX2       3 43.4   163   448    3666    (-,-) 
  g206346/Q                         -       A->Q  F     AND2HDX2       3 37.4   149   432    4098    (-,-) 
  g191553/Q                         -       A->Q  F     AND2HDX2       4 43.7   163   443    4540    (-,-) 
  g191529/Q                         -       C->Q  R     NA3I2HDX0      1 14.6   384   380    4920    (-,-) 
  g191412/Q                         -       E->Q  R     OA311HDX2      1 14.2   154   618    5539    (-,-) 
  g191403/Q                         -       C->Q  F     ON21HDX1       1 12.2   195   220    5758    (-,-) 
  u_core_start_wdt_cnt_reg[14]/D    <<<     -     F     DFRRQHDX4      1    -     -     0    5758    (-,-) 
#----------------------------------------------------------------------------------------------------------

Capture clock path:
#-------------------------------------------------------------------------------------------------------
#         Timing Point           Flags   Arc   Edge   Cell     Fanout Load Trans Delay Arrival Instance 
#                                                                     (fF)  (ps)  (ps)   (ps)  Location 
#-------------------------------------------------------------------------------------------------------
  clk_sys                        (i)     -     R     (arrival)   4859  0.0     0     0    6250    (-,-) 
  u_core_start_wdt_cnt_reg[14]/C <<<     -     R     DFRRQHDX4   4859    -   150     0    6250    (-,-) 
#-------------------------------------------------------------------------------------------------------



Path 27: VIOLATED (-295 ps) Setup Check with Pin u_core_start_wdt_cnt_reg[12]/C->D
           View: wc_view
          Group: clk_sys
     Startpoint: (R) u_core_start_wdt_cnt_reg[3]/C
          Clock: (R) clk_sys
       Endpoint: (F) u_core_start_wdt_cnt_reg[12]/D
          Clock: (R) clk_sys

                     Capture       Launch     
        Clock Edge:+    6250            0     
       Src Latency:+       0            0     
       Net Latency:+       0 (I)        0 (I) 
           Arrival:=    6250            0     
                                              
             Setup:-     676                  
       Uncertainty:-     300                  
     Required Time:=    5274                  
      Launch Clock:-       0                  
         Data Path:-    5569                  
             Slack:=    -295                  

Launch clock path:
#------------------------------------------------------------------------------------------------------
#         Timing Point          Flags   Arc   Edge   Cell     Fanout Load Trans Delay Arrival Instance 
#                                                                    (fF)  (ps)  (ps)   (ps)  Location 
#------------------------------------------------------------------------------------------------------
  clk_sys                       (i)     -     R     (arrival)   4859  0.0     0     0       0    (-,-) 
  u_core_start_wdt_cnt_reg[3]/C <<<     -     R     DFRRQHDX1   4859    -   150     0       0    (-,-) 
#------------------------------------------------------------------------------------------------------

#-------------------------------------------------------------------------------------------------------
#         Timing Point           Flags   Arc   Edge   Cell     Fanout Load Trans Delay Arrival Instance 
#                                                                     (fF)  (ps)  (ps)   (ps)  Location 
#-------------------------------------------------------------------------------------------------------
  u_core_start_wdt_cnt_reg[3]/C  -       -     R     (arrival)   4859    -   150     0       0    (-,-) 
  u_core_start_wdt_cnt_reg[3]/Q  -       C->Q  F     DFRRQHDX1      1 21.5   260   999     999    (-,-) 
  drc_bufs202975/Q               -       A->Q  R     INHDX2         1 29.0   190   234    1233    (-,-) 
  drc_bufs202973/Q               -       A->Q  F     INHDX3         5 58.5   180   214    1447    (-,-) 
  g201588/Q                      -       A->Q  R     NO2HDX2        1 14.8   274   277    1724    (-,-) 
  g201056/Q                      -       AN->Q R     NO5I1HDX2      3 32.7   232   572    2297    (-,-) 
  g200813/Q                      -       A->Q  R     AND2HDX4       3 50.3   185   470    2767    (-,-) 
  g198919/Q                      -       B->Q  F     NA2I1HDX4      3 58.2   186   216    2984    (-,-) 
  g198198/Q                      -       A->Q  R     NO2HDX4        3 34.8   310   322    3305    (-,-) 
  g197702/Q                      -       A->Q  R     AND2HDX2       2 20.7   154   396    3701    (-,-) 
  g196846/Q                      -       A->Q  R     AND2HDX4       3 40.5   164   418    4119    (-,-) 
  g191785/Q                      -       A->Q  F     INHDX2         2 27.3   138   164    4283    (-,-) 
  g191701/Q                      -       A->Q  F     NA22HDX2       2 21.7   195   391    4674    (-,-) 
  g191613/Q                      -       B->Q  R     ON21HDX1       1 13.2   426   472    5145    (-,-) 
  g191429/Q                      -       D->Q  F     ON211HDX1      1 12.2   335   424    5569    (-,-) 
  u_core_start_wdt_cnt_reg[12]/D <<<     -     F     DFRRQHDX4      1    -     -     0    5569    (-,-) 
#-------------------------------------------------------------------------------------------------------

Capture clock path:
#-------------------------------------------------------------------------------------------------------
#         Timing Point           Flags   Arc   Edge   Cell     Fanout Load Trans Delay Arrival Instance 
#                                                                     (fF)  (ps)  (ps)   (ps)  Location 
#-------------------------------------------------------------------------------------------------------
  clk_sys                        (i)     -     R     (arrival)   4859  0.0     0     0    6250    (-,-) 
  u_core_start_wdt_cnt_reg[12]/C <<<     -     R     DFRRQHDX4   4859    -   150     0    6250    (-,-) 
#-------------------------------------------------------------------------------------------------------



Path 28: VIOLATED (-195 ps) Setup Check with Pin u_core_gen_fast_tag_col[7].u_fast_tag_tag_o_reg[5]/C->D
           View: wc_view
          Group: clk_osc_fast_tap7
     Startpoint: (R) u_core_gen_fast_tag_col[7].u_fast_tag_tag_o_reg[4]/C
          Clock: (R) clk_osc_fast_tap7
       Endpoint: (F) u_core_gen_fast_tag_col[7].u_fast_tag_tag_o_reg[5]/D
          Clock: (R) clk_osc_fast_tap7

                     Capture       Launch     
        Clock Edge:+    2253          686     
       Src Latency:+       0            0     
       Net Latency:+       0 (I)        0 (I) 
           Arrival:=    2253          686     
                                              
             Setup:-     692                  
       Uncertainty:-      50                  
     Required Time:=    1510                  
      Launch Clock:-     686                  
         Data Path:-    1019                  
             Slack:=    -195                  

Launch clock path:
#-----------------------------------------------------------------------------------------------------------------------------
#                    Timing Point                      Flags   Arc   Edge   Cell     Fanout Load Trans Delay Arrival Instance 
#                                                                                           (fF)  (ps)  (ps)   (ps)  Location 
#-----------------------------------------------------------------------------------------------------------------------------
  u_core_u_osc_fast_u_ro_tune4/S[7]                    (i,b)   -     R     (arrival)     87  0.0     0     0     686    (-,-) 
  u_core_gen_fast_tag_col[7].u_fast_tag_tag_o_reg[4]/C <<<     -     R     DFRRQHDX1     87    -   150     0     686    (-,-) 
#-----------------------------------------------------------------------------------------------------------------------------

#-----------------------------------------------------------------------------------------------------------------------------
#                    Timing Point                      Flags   Arc   Edge   Cell     Fanout Load Trans Delay Arrival Instance 
#                                                                                           (fF)  (ps)  (ps)   (ps)  Location 
#-----------------------------------------------------------------------------------------------------------------------------
  u_core_gen_fast_tag_col[7].u_fast_tag_tag_o_reg[4]/C -       -     R     (arrival)     87    -   150     0     686    (-,-) 
  u_core_gen_fast_tag_col[7].u_fast_tag_tag_o_reg[4]/Q -       C->Q  F     DFRRQHDX1      2 23.7   274  1019    1705    (-,-) 
  u_core_gen_fast_tag_col[7].u_fast_tag_tag_o_reg[5]/D <<<     -     F     DFRRQHDX1      2    -     -     0    1705    (-,-) 
#-----------------------------------------------------------------------------------------------------------------------------

Capture clock path:
#-----------------------------------------------------------------------------------------------------------------------------
#                    Timing Point                      Flags   Arc   Edge   Cell     Fanout Load Trans Delay Arrival Instance 
#                                                                                           (fF)  (ps)  (ps)   (ps)  Location 
#-----------------------------------------------------------------------------------------------------------------------------
  u_core_u_osc_fast_u_ro_tune4/S[7]                    (i,b)   -     R     (arrival)     87  0.0     0     0    2253    (-,-) 
  u_core_gen_fast_tag_col[7].u_fast_tag_tag_o_reg[5]/C <<<     -     R     DFRRQHDX1     87    -   150     0    2253    (-,-) 
#-----------------------------------------------------------------------------------------------------------------------------



Path 29: VIOLATED (-195 ps) Setup Check with Pin u_core_gen_fast_tag_col[7].u_fast_tag_tag_o_reg[4]/C->D
           View: wc_view
          Group: clk_osc_fast_tap7
     Startpoint: (R) u_core_gen_fast_tag_col[7].u_fast_tag_tag_o_reg[3]/C
          Clock: (R) clk_osc_fast_tap7
       Endpoint: (F) u_core_gen_fast_tag_col[7].u_fast_tag_tag_o_reg[4]/D
          Clock: (R) clk_osc_fast_tap7

                     Capture       Launch     
        Clock Edge:+    2253          686     
       Src Latency:+       0            0     
       Net Latency:+       0 (I)        0 (I) 
           Arrival:=    2253          686     
                                              
             Setup:-     692                  
       Uncertainty:-      50                  
     Required Time:=    1510                  
      Launch Clock:-     686                  
         Data Path:-    1019                  
             Slack:=    -195                  

Launch clock path:
#-----------------------------------------------------------------------------------------------------------------------------
#                    Timing Point                      Flags   Arc   Edge   Cell     Fanout Load Trans Delay Arrival Instance 
#                                                                                           (fF)  (ps)  (ps)   (ps)  Location 
#-----------------------------------------------------------------------------------------------------------------------------
  u_core_u_osc_fast_u_ro_tune4/S[7]                    (i,b)   -     R     (arrival)     87  0.0     0     0     686    (-,-) 
  u_core_gen_fast_tag_col[7].u_fast_tag_tag_o_reg[3]/C <<<     -     R     DFRRQHDX1     87    -   150     0     686    (-,-) 
#-----------------------------------------------------------------------------------------------------------------------------

#-----------------------------------------------------------------------------------------------------------------------------
#                    Timing Point                      Flags   Arc   Edge   Cell     Fanout Load Trans Delay Arrival Instance 
#                                                                                           (fF)  (ps)  (ps)   (ps)  Location 
#-----------------------------------------------------------------------------------------------------------------------------
  u_core_gen_fast_tag_col[7].u_fast_tag_tag_o_reg[3]/C -       -     R     (arrival)     87    -   150     0     686    (-,-) 
  u_core_gen_fast_tag_col[7].u_fast_tag_tag_o_reg[3]/Q -       C->Q  F     DFRRQHDX1      2 23.7   274  1019    1705    (-,-) 
  u_core_gen_fast_tag_col[7].u_fast_tag_tag_o_reg[4]/D <<<     -     F     DFRRQHDX1      2    -     -     0    1705    (-,-) 
#-----------------------------------------------------------------------------------------------------------------------------

Capture clock path:
#-----------------------------------------------------------------------------------------------------------------------------
#                    Timing Point                      Flags   Arc   Edge   Cell     Fanout Load Trans Delay Arrival Instance 
#                                                                                           (fF)  (ps)  (ps)   (ps)  Location 
#-----------------------------------------------------------------------------------------------------------------------------
  u_core_u_osc_fast_u_ro_tune4/S[7]                    (i,b)   -     R     (arrival)     87  0.0     0     0    2253    (-,-) 
  u_core_gen_fast_tag_col[7].u_fast_tag_tag_o_reg[4]/C <<<     -     R     DFRRQHDX1     87    -   150     0    2253    (-,-) 
#-----------------------------------------------------------------------------------------------------------------------------



Path 30: VIOLATED (-195 ps) Setup Check with Pin u_core_gen_fast_tag_col[7].u_fast_tag_tag_o_reg[3]/C->D
           View: wc_view
          Group: clk_osc_fast_tap7
     Startpoint: (R) u_core_gen_fast_tag_col[7].u_fast_tag_tag_o_reg[2]/C
          Clock: (R) clk_osc_fast_tap7
       Endpoint: (F) u_core_gen_fast_tag_col[7].u_fast_tag_tag_o_reg[3]/D
          Clock: (R) clk_osc_fast_tap7

                     Capture       Launch     
        Clock Edge:+    2253          686     
       Src Latency:+       0            0     
       Net Latency:+       0 (I)        0 (I) 
           Arrival:=    2253          686     
                                              
             Setup:-     692                  
       Uncertainty:-      50                  
     Required Time:=    1510                  
      Launch Clock:-     686                  
         Data Path:-    1019                  
             Slack:=    -195                  

Launch clock path:
#-----------------------------------------------------------------------------------------------------------------------------
#                    Timing Point                      Flags   Arc   Edge   Cell     Fanout Load Trans Delay Arrival Instance 
#                                                                                           (fF)  (ps)  (ps)   (ps)  Location 
#-----------------------------------------------------------------------------------------------------------------------------
  u_core_u_osc_fast_u_ro_tune4/S[7]                    (i,b)   -     R     (arrival)     87  0.0     0     0     686    (-,-) 
  u_core_gen_fast_tag_col[7].u_fast_tag_tag_o_reg[2]/C <<<     -     R     DFRRQHDX1     87    -   150     0     686    (-,-) 
#-----------------------------------------------------------------------------------------------------------------------------

#-----------------------------------------------------------------------------------------------------------------------------
#                    Timing Point                      Flags   Arc   Edge   Cell     Fanout Load Trans Delay Arrival Instance 
#                                                                                           (fF)  (ps)  (ps)   (ps)  Location 
#-----------------------------------------------------------------------------------------------------------------------------
  u_core_gen_fast_tag_col[7].u_fast_tag_tag_o_reg[2]/C -       -     R     (arrival)     87    -   150     0     686    (-,-) 
  u_core_gen_fast_tag_col[7].u_fast_tag_tag_o_reg[2]/Q -       C->Q  F     DFRRQHDX1      2 23.7   274  1019    1705    (-,-) 
  u_core_gen_fast_tag_col[7].u_fast_tag_tag_o_reg[3]/D <<<     -     F     DFRRQHDX1      2    -     -     0    1705    (-,-) 
#-----------------------------------------------------------------------------------------------------------------------------

Capture clock path:
#-----------------------------------------------------------------------------------------------------------------------------
#                    Timing Point                      Flags   Arc   Edge   Cell     Fanout Load Trans Delay Arrival Instance 
#                                                                                           (fF)  (ps)  (ps)   (ps)  Location 
#-----------------------------------------------------------------------------------------------------------------------------
  u_core_u_osc_fast_u_ro_tune4/S[7]                    (i,b)   -     R     (arrival)     87  0.0     0     0    2253    (-,-) 
  u_core_gen_fast_tag_col[7].u_fast_tag_tag_o_reg[3]/C <<<     -     R     DFRRQHDX1     87    -   150     0    2253    (-,-) 
#-----------------------------------------------------------------------------------------------------------------------------



Path 31: VIOLATED (-195 ps) Setup Check with Pin u_core_gen_fast_tag_col[7].u_fast_tag_tag_o_reg[2]/C->D
           View: wc_view
          Group: clk_osc_fast_tap7
     Startpoint: (R) u_core_gen_fast_tag_col[7].u_fast_tag_tag_o_reg[1]/C
          Clock: (R) clk_osc_fast_tap7
       Endpoint: (F) u_core_gen_fast_tag_col[7].u_fast_tag_tag_o_reg[2]/D
          Clock: (R) clk_osc_fast_tap7

                     Capture       Launch     
        Clock Edge:+    2253          686     
       Src Latency:+       0            0     
       Net Latency:+       0 (I)        0 (I) 
           Arrival:=    2253          686     
                                              
             Setup:-     692                  
       Uncertainty:-      50                  
     Required Time:=    1510                  
      Launch Clock:-     686                  
         Data Path:-    1019                  
             Slack:=    -195                  

Launch clock path:
#-----------------------------------------------------------------------------------------------------------------------------
#                    Timing Point                      Flags   Arc   Edge   Cell     Fanout Load Trans Delay Arrival Instance 
#                                                                                           (fF)  (ps)  (ps)   (ps)  Location 
#-----------------------------------------------------------------------------------------------------------------------------
  u_core_u_osc_fast_u_ro_tune4/S[7]                    (i,b)   -     R     (arrival)     87  0.0     0     0     686    (-,-) 
  u_core_gen_fast_tag_col[7].u_fast_tag_tag_o_reg[1]/C <<<     -     R     DFRRQHDX1     87    -   150     0     686    (-,-) 
#-----------------------------------------------------------------------------------------------------------------------------

#-----------------------------------------------------------------------------------------------------------------------------
#                    Timing Point                      Flags   Arc   Edge   Cell     Fanout Load Trans Delay Arrival Instance 
#                                                                                           (fF)  (ps)  (ps)   (ps)  Location 
#-----------------------------------------------------------------------------------------------------------------------------
  u_core_gen_fast_tag_col[7].u_fast_tag_tag_o_reg[1]/C -       -     R     (arrival)     87    -   150     0     686    (-,-) 
  u_core_gen_fast_tag_col[7].u_fast_tag_tag_o_reg[1]/Q -       C->Q  F     DFRRQHDX1      2 23.7   274  1019    1705    (-,-) 
  u_core_gen_fast_tag_col[7].u_fast_tag_tag_o_reg[2]/D <<<     -     F     DFRRQHDX1      2    -     -     0    1705    (-,-) 
#-----------------------------------------------------------------------------------------------------------------------------

Capture clock path:
#-----------------------------------------------------------------------------------------------------------------------------
#                    Timing Point                      Flags   Arc   Edge   Cell     Fanout Load Trans Delay Arrival Instance 
#                                                                                           (fF)  (ps)  (ps)   (ps)  Location 
#-----------------------------------------------------------------------------------------------------------------------------
  u_core_u_osc_fast_u_ro_tune4/S[7]                    (i,b)   -     R     (arrival)     87  0.0     0     0    2253    (-,-) 
  u_core_gen_fast_tag_col[7].u_fast_tag_tag_o_reg[2]/C <<<     -     R     DFRRQHDX1     87    -   150     0    2253    (-,-) 
#-----------------------------------------------------------------------------------------------------------------------------



Path 32: VIOLATED (-195 ps) Setup Check with Pin u_core_gen_fast_tag_col[6].u_fast_tag_tag_o_reg[5]/C->D
           View: wc_view
          Group: clk_osc_fast_tap6
     Startpoint: (R) u_core_gen_fast_tag_col[6].u_fast_tag_tag_o_reg[4]/C
          Clock: (R) clk_osc_fast_tap6
       Endpoint: (F) u_core_gen_fast_tag_col[6].u_fast_tag_tag_o_reg[5]/D
          Clock: (R) clk_osc_fast_tap6

                     Capture       Launch     
        Clock Edge:+    2155          588     
       Src Latency:+       0            0     
       Net Latency:+       0 (I)        0 (I) 
           Arrival:=    2155          588     
                                              
             Setup:-     692                  
       Uncertainty:-      50                  
     Required Time:=    1412                  
      Launch Clock:-     588                  
         Data Path:-    1019                  
             Slack:=    -195                  

Launch clock path:
#-----------------------------------------------------------------------------------------------------------------------------
#                    Timing Point                      Flags   Arc   Edge   Cell     Fanout Load Trans Delay Arrival Instance 
#                                                                                           (fF)  (ps)  (ps)   (ps)  Location 
#-----------------------------------------------------------------------------------------------------------------------------
  u_core_u_osc_fast_u_ro_tune4/S[6]                    (i,b)   -     R     (arrival)     87  0.0     0     0     588    (-,-) 
  u_core_gen_fast_tag_col[6].u_fast_tag_tag_o_reg[4]/C <<<     -     R     DFRRQHDX1     87    -   150     0     588    (-,-) 
#-----------------------------------------------------------------------------------------------------------------------------

#-----------------------------------------------------------------------------------------------------------------------------
#                    Timing Point                      Flags   Arc   Edge   Cell     Fanout Load Trans Delay Arrival Instance 
#                                                                                           (fF)  (ps)  (ps)   (ps)  Location 
#-----------------------------------------------------------------------------------------------------------------------------
  u_core_gen_fast_tag_col[6].u_fast_tag_tag_o_reg[4]/C -       -     R     (arrival)     87    -   150     0     588    (-,-) 
  u_core_gen_fast_tag_col[6].u_fast_tag_tag_o_reg[4]/Q -       C->Q  F     DFRRQHDX1      2 23.7   274  1019    1607    (-,-) 
  u_core_gen_fast_tag_col[6].u_fast_tag_tag_o_reg[5]/D <<<     -     F     DFRRQHDX1      2    -     -     0    1607    (-,-) 
#-----------------------------------------------------------------------------------------------------------------------------

Capture clock path:
#-----------------------------------------------------------------------------------------------------------------------------
#                    Timing Point                      Flags   Arc   Edge   Cell     Fanout Load Trans Delay Arrival Instance 
#                                                                                           (fF)  (ps)  (ps)   (ps)  Location 
#-----------------------------------------------------------------------------------------------------------------------------
  u_core_u_osc_fast_u_ro_tune4/S[6]                    (i,b)   -     R     (arrival)     87  0.0     0     0    2155    (-,-) 
  u_core_gen_fast_tag_col[6].u_fast_tag_tag_o_reg[5]/C <<<     -     R     DFRRQHDX1     87    -   150     0    2155    (-,-) 
#-----------------------------------------------------------------------------------------------------------------------------



Path 33: VIOLATED (-195 ps) Setup Check with Pin u_core_gen_fast_tag_col[6].u_fast_tag_tag_o_reg[4]/C->D
           View: wc_view
          Group: clk_osc_fast_tap6
     Startpoint: (R) u_core_gen_fast_tag_col[6].u_fast_tag_tag_o_reg[3]/C
          Clock: (R) clk_osc_fast_tap6
       Endpoint: (F) u_core_gen_fast_tag_col[6].u_fast_tag_tag_o_reg[4]/D
          Clock: (R) clk_osc_fast_tap6

                     Capture       Launch     
        Clock Edge:+    2155          588     
       Src Latency:+       0            0     
       Net Latency:+       0 (I)        0 (I) 
           Arrival:=    2155          588     
                                              
             Setup:-     692                  
       Uncertainty:-      50                  
     Required Time:=    1412                  
      Launch Clock:-     588                  
         Data Path:-    1019                  
             Slack:=    -195                  

Launch clock path:
#-----------------------------------------------------------------------------------------------------------------------------
#                    Timing Point                      Flags   Arc   Edge   Cell     Fanout Load Trans Delay Arrival Instance 
#                                                                                           (fF)  (ps)  (ps)   (ps)  Location 
#-----------------------------------------------------------------------------------------------------------------------------
  u_core_u_osc_fast_u_ro_tune4/S[6]                    (i,b)   -     R     (arrival)     87  0.0     0     0     588    (-,-) 
  u_core_gen_fast_tag_col[6].u_fast_tag_tag_o_reg[3]/C <<<     -     R     DFRRQHDX1     87    -   150     0     588    (-,-) 
#-----------------------------------------------------------------------------------------------------------------------------

#-----------------------------------------------------------------------------------------------------------------------------
#                    Timing Point                      Flags   Arc   Edge   Cell     Fanout Load Trans Delay Arrival Instance 
#                                                                                           (fF)  (ps)  (ps)   (ps)  Location 
#-----------------------------------------------------------------------------------------------------------------------------
  u_core_gen_fast_tag_col[6].u_fast_tag_tag_o_reg[3]/C -       -     R     (arrival)     87    -   150     0     588    (-,-) 
  u_core_gen_fast_tag_col[6].u_fast_tag_tag_o_reg[3]/Q -       C->Q  F     DFRRQHDX1      2 23.7   274  1019    1607    (-,-) 
  u_core_gen_fast_tag_col[6].u_fast_tag_tag_o_reg[4]/D <<<     -     F     DFRRQHDX1      2    -     -     0    1607    (-,-) 
#-----------------------------------------------------------------------------------------------------------------------------

Capture clock path:
#-----------------------------------------------------------------------------------------------------------------------------
#                    Timing Point                      Flags   Arc   Edge   Cell     Fanout Load Trans Delay Arrival Instance 
#                                                                                           (fF)  (ps)  (ps)   (ps)  Location 
#-----------------------------------------------------------------------------------------------------------------------------
  u_core_u_osc_fast_u_ro_tune4/S[6]                    (i,b)   -     R     (arrival)     87  0.0     0     0    2155    (-,-) 
  u_core_gen_fast_tag_col[6].u_fast_tag_tag_o_reg[4]/C <<<     -     R     DFRRQHDX1     87    -   150     0    2155    (-,-) 
#-----------------------------------------------------------------------------------------------------------------------------



Path 34: VIOLATED (-195 ps) Setup Check with Pin u_core_gen_fast_tag_col[6].u_fast_tag_tag_o_reg[3]/C->D
           View: wc_view
          Group: clk_osc_fast_tap6
     Startpoint: (R) u_core_gen_fast_tag_col[6].u_fast_tag_tag_o_reg[2]/C
          Clock: (R) clk_osc_fast_tap6
       Endpoint: (F) u_core_gen_fast_tag_col[6].u_fast_tag_tag_o_reg[3]/D
          Clock: (R) clk_osc_fast_tap6

                     Capture       Launch     
        Clock Edge:+    2155          588     
       Src Latency:+       0            0     
       Net Latency:+       0 (I)        0 (I) 
           Arrival:=    2155          588     
                                              
             Setup:-     692                  
       Uncertainty:-      50                  
     Required Time:=    1412                  
      Launch Clock:-     588                  
         Data Path:-    1019                  
             Slack:=    -195                  

Launch clock path:
#-----------------------------------------------------------------------------------------------------------------------------
#                    Timing Point                      Flags   Arc   Edge   Cell     Fanout Load Trans Delay Arrival Instance 
#                                                                                           (fF)  (ps)  (ps)   (ps)  Location 
#-----------------------------------------------------------------------------------------------------------------------------
  u_core_u_osc_fast_u_ro_tune4/S[6]                    (i,b)   -     R     (arrival)     87  0.0     0     0     588    (-,-) 
  u_core_gen_fast_tag_col[6].u_fast_tag_tag_o_reg[2]/C <<<     -     R     DFRRQHDX1     87    -   150     0     588    (-,-) 
#-----------------------------------------------------------------------------------------------------------------------------

#-----------------------------------------------------------------------------------------------------------------------------
#                    Timing Point                      Flags   Arc   Edge   Cell     Fanout Load Trans Delay Arrival Instance 
#                                                                                           (fF)  (ps)  (ps)   (ps)  Location 
#-----------------------------------------------------------------------------------------------------------------------------
  u_core_gen_fast_tag_col[6].u_fast_tag_tag_o_reg[2]/C -       -     R     (arrival)     87    -   150     0     588    (-,-) 
  u_core_gen_fast_tag_col[6].u_fast_tag_tag_o_reg[2]/Q -       C->Q  F     DFRRQHDX1      2 23.7   274  1019    1607    (-,-) 
  u_core_gen_fast_tag_col[6].u_fast_tag_tag_o_reg[3]/D <<<     -     F     DFRRQHDX1      2    -     -     0    1607    (-,-) 
#-----------------------------------------------------------------------------------------------------------------------------

Capture clock path:
#-----------------------------------------------------------------------------------------------------------------------------
#                    Timing Point                      Flags   Arc   Edge   Cell     Fanout Load Trans Delay Arrival Instance 
#                                                                                           (fF)  (ps)  (ps)   (ps)  Location 
#-----------------------------------------------------------------------------------------------------------------------------
  u_core_u_osc_fast_u_ro_tune4/S[6]                    (i,b)   -     R     (arrival)     87  0.0     0     0    2155    (-,-) 
  u_core_gen_fast_tag_col[6].u_fast_tag_tag_o_reg[3]/C <<<     -     R     DFRRQHDX1     87    -   150     0    2155    (-,-) 
#-----------------------------------------------------------------------------------------------------------------------------



Path 35: VIOLATED (-195 ps) Setup Check with Pin u_core_gen_fast_tag_col[6].u_fast_tag_tag_o_reg[2]/C->D
           View: wc_view
          Group: clk_osc_fast_tap6
     Startpoint: (R) u_core_gen_fast_tag_col[6].u_fast_tag_tag_o_reg[1]/C
          Clock: (R) clk_osc_fast_tap6
       Endpoint: (F) u_core_gen_fast_tag_col[6].u_fast_tag_tag_o_reg[2]/D
          Clock: (R) clk_osc_fast_tap6

                     Capture       Launch     
        Clock Edge:+    2155          588     
       Src Latency:+       0            0     
       Net Latency:+       0 (I)        0 (I) 
           Arrival:=    2155          588     
                                              
             Setup:-     692                  
       Uncertainty:-      50                  
     Required Time:=    1412                  
      Launch Clock:-     588                  
         Data Path:-    1019                  
             Slack:=    -195                  

Launch clock path:
#-----------------------------------------------------------------------------------------------------------------------------
#                    Timing Point                      Flags   Arc   Edge   Cell     Fanout Load Trans Delay Arrival Instance 
#                                                                                           (fF)  (ps)  (ps)   (ps)  Location 
#-----------------------------------------------------------------------------------------------------------------------------
  u_core_u_osc_fast_u_ro_tune4/S[6]                    (i,b)   -     R     (arrival)     87  0.0     0     0     588    (-,-) 
  u_core_gen_fast_tag_col[6].u_fast_tag_tag_o_reg[1]/C <<<     -     R     DFRRQHDX1     87    -   150     0     588    (-,-) 
#-----------------------------------------------------------------------------------------------------------------------------

#-----------------------------------------------------------------------------------------------------------------------------
#                    Timing Point                      Flags   Arc   Edge   Cell     Fanout Load Trans Delay Arrival Instance 
#                                                                                           (fF)  (ps)  (ps)   (ps)  Location 
#-----------------------------------------------------------------------------------------------------------------------------
  u_core_gen_fast_tag_col[6].u_fast_tag_tag_o_reg[1]/C -       -     R     (arrival)     87    -   150     0     588    (-,-) 
  u_core_gen_fast_tag_col[6].u_fast_tag_tag_o_reg[1]/Q -       C->Q  F     DFRRQHDX1      2 23.7   274  1019    1607    (-,-) 
  u_core_gen_fast_tag_col[6].u_fast_tag_tag_o_reg[2]/D <<<     -     F     DFRRQHDX1      2    -     -     0    1607    (-,-) 
#-----------------------------------------------------------------------------------------------------------------------------

Capture clock path:
#-----------------------------------------------------------------------------------------------------------------------------
#                    Timing Point                      Flags   Arc   Edge   Cell     Fanout Load Trans Delay Arrival Instance 
#                                                                                           (fF)  (ps)  (ps)   (ps)  Location 
#-----------------------------------------------------------------------------------------------------------------------------
  u_core_u_osc_fast_u_ro_tune4/S[6]                    (i,b)   -     R     (arrival)     87  0.0     0     0    2155    (-,-) 
  u_core_gen_fast_tag_col[6].u_fast_tag_tag_o_reg[2]/C <<<     -     R     DFRRQHDX1     87    -   150     0    2155    (-,-) 
#-----------------------------------------------------------------------------------------------------------------------------



Path 36: VIOLATED (-195 ps) Setup Check with Pin u_core_gen_fast_tag_col[5].u_fast_tag_tag_o_reg[5]/C->D
           View: wc_view
          Group: clk_osc_fast_tap5
     Startpoint: (R) u_core_gen_fast_tag_col[5].u_fast_tag_tag_o_reg[4]/C
          Clock: (R) clk_osc_fast_tap5
       Endpoint: (F) u_core_gen_fast_tag_col[5].u_fast_tag_tag_o_reg[5]/D
          Clock: (R) clk_osc_fast_tap5

                     Capture       Launch     
        Clock Edge:+    2057          490     
       Src Latency:+       0            0     
       Net Latency:+       0 (I)        0 (I) 
           Arrival:=    2057          490     
                                              
             Setup:-     692                  
       Uncertainty:-      50                  
     Required Time:=    1314                  
      Launch Clock:-     490                  
         Data Path:-    1019                  
             Slack:=    -195                  

Launch clock path:
#-----------------------------------------------------------------------------------------------------------------------------
#                    Timing Point                      Flags   Arc   Edge   Cell     Fanout Load Trans Delay Arrival Instance 
#                                                                                           (fF)  (ps)  (ps)   (ps)  Location 
#-----------------------------------------------------------------------------------------------------------------------------
  u_core_u_osc_fast_u_ro_tune4/S[5]                    (i,b)   -     R     (arrival)     87  0.0     0     0     490    (-,-) 
  u_core_gen_fast_tag_col[5].u_fast_tag_tag_o_reg[4]/C <<<     -     R     DFRRQHDX1     87    -   150     0     490    (-,-) 
#-----------------------------------------------------------------------------------------------------------------------------

#-----------------------------------------------------------------------------------------------------------------------------
#                    Timing Point                      Flags   Arc   Edge   Cell     Fanout Load Trans Delay Arrival Instance 
#                                                                                           (fF)  (ps)  (ps)   (ps)  Location 
#-----------------------------------------------------------------------------------------------------------------------------
  u_core_gen_fast_tag_col[5].u_fast_tag_tag_o_reg[4]/C -       -     R     (arrival)     87    -   150     0     490    (-,-) 
  u_core_gen_fast_tag_col[5].u_fast_tag_tag_o_reg[4]/Q -       C->Q  F     DFRRQHDX1      2 23.7   274  1019    1509    (-,-) 
  u_core_gen_fast_tag_col[5].u_fast_tag_tag_o_reg[5]/D <<<     -     F     DFRRQHDX1      2    -     -     0    1509    (-,-) 
#-----------------------------------------------------------------------------------------------------------------------------

Capture clock path:
#-----------------------------------------------------------------------------------------------------------------------------
#                    Timing Point                      Flags   Arc   Edge   Cell     Fanout Load Trans Delay Arrival Instance 
#                                                                                           (fF)  (ps)  (ps)   (ps)  Location 
#-----------------------------------------------------------------------------------------------------------------------------
  u_core_u_osc_fast_u_ro_tune4/S[5]                    (i,b)   -     R     (arrival)     87  0.0     0     0    2057    (-,-) 
  u_core_gen_fast_tag_col[5].u_fast_tag_tag_o_reg[5]/C <<<     -     R     DFRRQHDX1     87    -   150     0    2057    (-,-) 
#-----------------------------------------------------------------------------------------------------------------------------



Path 37: VIOLATED (-195 ps) Setup Check with Pin u_core_gen_fast_tag_col[5].u_fast_tag_tag_o_reg[4]/C->D
           View: wc_view
          Group: clk_osc_fast_tap5
     Startpoint: (R) u_core_gen_fast_tag_col[5].u_fast_tag_tag_o_reg[3]/C
          Clock: (R) clk_osc_fast_tap5
       Endpoint: (F) u_core_gen_fast_tag_col[5].u_fast_tag_tag_o_reg[4]/D
          Clock: (R) clk_osc_fast_tap5

                     Capture       Launch     
        Clock Edge:+    2057          490     
       Src Latency:+       0            0     
       Net Latency:+       0 (I)        0 (I) 
           Arrival:=    2057          490     
                                              
             Setup:-     692                  
       Uncertainty:-      50                  
     Required Time:=    1314                  
      Launch Clock:-     490                  
         Data Path:-    1019                  
             Slack:=    -195                  

Launch clock path:
#-----------------------------------------------------------------------------------------------------------------------------
#                    Timing Point                      Flags   Arc   Edge   Cell     Fanout Load Trans Delay Arrival Instance 
#                                                                                           (fF)  (ps)  (ps)   (ps)  Location 
#-----------------------------------------------------------------------------------------------------------------------------
  u_core_u_osc_fast_u_ro_tune4/S[5]                    (i,b)   -     R     (arrival)     87  0.0     0     0     490    (-,-) 
  u_core_gen_fast_tag_col[5].u_fast_tag_tag_o_reg[3]/C <<<     -     R     DFRRQHDX1     87    -   150     0     490    (-,-) 
#-----------------------------------------------------------------------------------------------------------------------------

#-----------------------------------------------------------------------------------------------------------------------------
#                    Timing Point                      Flags   Arc   Edge   Cell     Fanout Load Trans Delay Arrival Instance 
#                                                                                           (fF)  (ps)  (ps)   (ps)  Location 
#-----------------------------------------------------------------------------------------------------------------------------
  u_core_gen_fast_tag_col[5].u_fast_tag_tag_o_reg[3]/C -       -     R     (arrival)     87    -   150     0     490    (-,-) 
  u_core_gen_fast_tag_col[5].u_fast_tag_tag_o_reg[3]/Q -       C->Q  F     DFRRQHDX1      2 23.7   274  1019    1509    (-,-) 
  u_core_gen_fast_tag_col[5].u_fast_tag_tag_o_reg[4]/D <<<     -     F     DFRRQHDX1      2    -     -     0    1509    (-,-) 
#-----------------------------------------------------------------------------------------------------------------------------

Capture clock path:
#-----------------------------------------------------------------------------------------------------------------------------
#                    Timing Point                      Flags   Arc   Edge   Cell     Fanout Load Trans Delay Arrival Instance 
#                                                                                           (fF)  (ps)  (ps)   (ps)  Location 
#-----------------------------------------------------------------------------------------------------------------------------
  u_core_u_osc_fast_u_ro_tune4/S[5]                    (i,b)   -     R     (arrival)     87  0.0     0     0    2057    (-,-) 
  u_core_gen_fast_tag_col[5].u_fast_tag_tag_o_reg[4]/C <<<     -     R     DFRRQHDX1     87    -   150     0    2057    (-,-) 
#-----------------------------------------------------------------------------------------------------------------------------



Path 38: VIOLATED (-195 ps) Setup Check with Pin u_core_gen_fast_tag_col[5].u_fast_tag_tag_o_reg[3]/C->D
           View: wc_view
          Group: clk_osc_fast_tap5
     Startpoint: (R) u_core_gen_fast_tag_col[5].u_fast_tag_tag_o_reg[2]/C
          Clock: (R) clk_osc_fast_tap5
       Endpoint: (F) u_core_gen_fast_tag_col[5].u_fast_tag_tag_o_reg[3]/D
          Clock: (R) clk_osc_fast_tap5

                     Capture       Launch     
        Clock Edge:+    2057          490     
       Src Latency:+       0            0     
       Net Latency:+       0 (I)        0 (I) 
           Arrival:=    2057          490     
                                              
             Setup:-     692                  
       Uncertainty:-      50                  
     Required Time:=    1314                  
      Launch Clock:-     490                  
         Data Path:-    1019                  
             Slack:=    -195                  

Launch clock path:
#-----------------------------------------------------------------------------------------------------------------------------
#                    Timing Point                      Flags   Arc   Edge   Cell     Fanout Load Trans Delay Arrival Instance 
#                                                                                           (fF)  (ps)  (ps)   (ps)  Location 
#-----------------------------------------------------------------------------------------------------------------------------
  u_core_u_osc_fast_u_ro_tune4/S[5]                    (i,b)   -     R     (arrival)     87  0.0     0     0     490    (-,-) 
  u_core_gen_fast_tag_col[5].u_fast_tag_tag_o_reg[2]/C <<<     -     R     DFRRQHDX1     87    -   150     0     490    (-,-) 
#-----------------------------------------------------------------------------------------------------------------------------

#-----------------------------------------------------------------------------------------------------------------------------
#                    Timing Point                      Flags   Arc   Edge   Cell     Fanout Load Trans Delay Arrival Instance 
#                                                                                           (fF)  (ps)  (ps)   (ps)  Location 
#-----------------------------------------------------------------------------------------------------------------------------
  u_core_gen_fast_tag_col[5].u_fast_tag_tag_o_reg[2]/C -       -     R     (arrival)     87    -   150     0     490    (-,-) 
  u_core_gen_fast_tag_col[5].u_fast_tag_tag_o_reg[2]/Q -       C->Q  F     DFRRQHDX1      2 23.7   274  1019    1509    (-,-) 
  u_core_gen_fast_tag_col[5].u_fast_tag_tag_o_reg[3]/D <<<     -     F     DFRRQHDX1      2    -     -     0    1509    (-,-) 
#-----------------------------------------------------------------------------------------------------------------------------

Capture clock path:
#-----------------------------------------------------------------------------------------------------------------------------
#                    Timing Point                      Flags   Arc   Edge   Cell     Fanout Load Trans Delay Arrival Instance 
#                                                                                           (fF)  (ps)  (ps)   (ps)  Location 
#-----------------------------------------------------------------------------------------------------------------------------
  u_core_u_osc_fast_u_ro_tune4/S[5]                    (i,b)   -     R     (arrival)     87  0.0     0     0    2057    (-,-) 
  u_core_gen_fast_tag_col[5].u_fast_tag_tag_o_reg[3]/C <<<     -     R     DFRRQHDX1     87    -   150     0    2057    (-,-) 
#-----------------------------------------------------------------------------------------------------------------------------



Path 39: VIOLATED (-195 ps) Setup Check with Pin u_core_gen_fast_tag_col[5].u_fast_tag_tag_o_reg[2]/C->D
           View: wc_view
          Group: clk_osc_fast_tap5
     Startpoint: (R) u_core_gen_fast_tag_col[5].u_fast_tag_tag_o_reg[1]/C
          Clock: (R) clk_osc_fast_tap5
       Endpoint: (F) u_core_gen_fast_tag_col[5].u_fast_tag_tag_o_reg[2]/D
          Clock: (R) clk_osc_fast_tap5

                     Capture       Launch     
        Clock Edge:+    2057          490     
       Src Latency:+       0            0     
       Net Latency:+       0 (I)        0 (I) 
           Arrival:=    2057          490     
                                              
             Setup:-     692                  
       Uncertainty:-      50                  
     Required Time:=    1314                  
      Launch Clock:-     490                  
         Data Path:-    1019                  
             Slack:=    -195                  

Launch clock path:
#-----------------------------------------------------------------------------------------------------------------------------
#                    Timing Point                      Flags   Arc   Edge   Cell     Fanout Load Trans Delay Arrival Instance 
#                                                                                           (fF)  (ps)  (ps)   (ps)  Location 
#-----------------------------------------------------------------------------------------------------------------------------
  u_core_u_osc_fast_u_ro_tune4/S[5]                    (i,b)   -     R     (arrival)     87  0.0     0     0     490    (-,-) 
  u_core_gen_fast_tag_col[5].u_fast_tag_tag_o_reg[1]/C <<<     -     R     DFRRQHDX1     87    -   150     0     490    (-,-) 
#-----------------------------------------------------------------------------------------------------------------------------

#-----------------------------------------------------------------------------------------------------------------------------
#                    Timing Point                      Flags   Arc   Edge   Cell     Fanout Load Trans Delay Arrival Instance 
#                                                                                           (fF)  (ps)  (ps)   (ps)  Location 
#-----------------------------------------------------------------------------------------------------------------------------
  u_core_gen_fast_tag_col[5].u_fast_tag_tag_o_reg[1]/C -       -     R     (arrival)     87    -   150     0     490    (-,-) 
  u_core_gen_fast_tag_col[5].u_fast_tag_tag_o_reg[1]/Q -       C->Q  F     DFRRQHDX1      2 23.7   274  1019    1509    (-,-) 
  u_core_gen_fast_tag_col[5].u_fast_tag_tag_o_reg[2]/D <<<     -     F     DFRRQHDX1      2    -     -     0    1509    (-,-) 
#-----------------------------------------------------------------------------------------------------------------------------

Capture clock path:
#-----------------------------------------------------------------------------------------------------------------------------
#                    Timing Point                      Flags   Arc   Edge   Cell     Fanout Load Trans Delay Arrival Instance 
#                                                                                           (fF)  (ps)  (ps)   (ps)  Location 
#-----------------------------------------------------------------------------------------------------------------------------
  u_core_u_osc_fast_u_ro_tune4/S[5]                    (i,b)   -     R     (arrival)     87  0.0     0     0    2057    (-,-) 
  u_core_gen_fast_tag_col[5].u_fast_tag_tag_o_reg[2]/C <<<     -     R     DFRRQHDX1     87    -   150     0    2057    (-,-) 
#-----------------------------------------------------------------------------------------------------------------------------



Path 40: VIOLATED (-195 ps) Setup Check with Pin u_core_gen_fast_tag_col[4].u_fast_tag_tag_o_reg[5]/C->D
           View: wc_view
          Group: clk_osc_fast_tap4
     Startpoint: (R) u_core_gen_fast_tag_col[4].u_fast_tag_tag_o_reg[4]/C
          Clock: (R) clk_osc_fast_tap4
       Endpoint: (F) u_core_gen_fast_tag_col[4].u_fast_tag_tag_o_reg[5]/D
          Clock: (R) clk_osc_fast_tap4

                     Capture       Launch     
        Clock Edge:+    1959          392     
       Src Latency:+       0            0     
       Net Latency:+       0 (I)        0 (I) 
           Arrival:=    1959          392     
                                              
             Setup:-     692                  
       Uncertainty:-      50                  
     Required Time:=    1216                  
      Launch Clock:-     392                  
         Data Path:-    1019                  
             Slack:=    -195                  

Launch clock path:
#-----------------------------------------------------------------------------------------------------------------------------
#                    Timing Point                      Flags   Arc   Edge   Cell     Fanout Load Trans Delay Arrival Instance 
#                                                                                           (fF)  (ps)  (ps)   (ps)  Location 
#-----------------------------------------------------------------------------------------------------------------------------
  u_core_u_osc_fast_u_ro_tune4/S[4]                    (i,b)   -     R     (arrival)     87  0.0     0     0     392    (-,-) 
  u_core_gen_fast_tag_col[4].u_fast_tag_tag_o_reg[4]/C <<<     -     R     DFRRQHDX1     87    -   150     0     392    (-,-) 
#-----------------------------------------------------------------------------------------------------------------------------

#-----------------------------------------------------------------------------------------------------------------------------
#                    Timing Point                      Flags   Arc   Edge   Cell     Fanout Load Trans Delay Arrival Instance 
#                                                                                           (fF)  (ps)  (ps)   (ps)  Location 
#-----------------------------------------------------------------------------------------------------------------------------
  u_core_gen_fast_tag_col[4].u_fast_tag_tag_o_reg[4]/C -       -     R     (arrival)     87    -   150     0     392    (-,-) 
  u_core_gen_fast_tag_col[4].u_fast_tag_tag_o_reg[4]/Q -       C->Q  F     DFRRQHDX1      2 23.7   274  1019    1411    (-,-) 
  u_core_gen_fast_tag_col[4].u_fast_tag_tag_o_reg[5]/D <<<     -     F     DFRRQHDX1      2    -     -     0    1411    (-,-) 
#-----------------------------------------------------------------------------------------------------------------------------

Capture clock path:
#-----------------------------------------------------------------------------------------------------------------------------
#                    Timing Point                      Flags   Arc   Edge   Cell     Fanout Load Trans Delay Arrival Instance 
#                                                                                           (fF)  (ps)  (ps)   (ps)  Location 
#-----------------------------------------------------------------------------------------------------------------------------
  u_core_u_osc_fast_u_ro_tune4/S[4]                    (i,b)   -     R     (arrival)     87  0.0     0     0    1959    (-,-) 
  u_core_gen_fast_tag_col[4].u_fast_tag_tag_o_reg[5]/C <<<     -     R     DFRRQHDX1     87    -   150     0    1959    (-,-) 
#-----------------------------------------------------------------------------------------------------------------------------



Path 41: VIOLATED (-195 ps) Setup Check with Pin u_core_gen_fast_tag_col[4].u_fast_tag_tag_o_reg[4]/C->D
           View: wc_view
          Group: clk_osc_fast_tap4
     Startpoint: (R) u_core_gen_fast_tag_col[4].u_fast_tag_tag_o_reg[3]/C
          Clock: (R) clk_osc_fast_tap4
       Endpoint: (F) u_core_gen_fast_tag_col[4].u_fast_tag_tag_o_reg[4]/D
          Clock: (R) clk_osc_fast_tap4

                     Capture       Launch     
        Clock Edge:+    1959          392     
       Src Latency:+       0            0     
       Net Latency:+       0 (I)        0 (I) 
           Arrival:=    1959          392     
                                              
             Setup:-     692                  
       Uncertainty:-      50                  
     Required Time:=    1216                  
      Launch Clock:-     392                  
         Data Path:-    1019                  
             Slack:=    -195                  

Launch clock path:
#-----------------------------------------------------------------------------------------------------------------------------
#                    Timing Point                      Flags   Arc   Edge   Cell     Fanout Load Trans Delay Arrival Instance 
#                                                                                           (fF)  (ps)  (ps)   (ps)  Location 
#-----------------------------------------------------------------------------------------------------------------------------
  u_core_u_osc_fast_u_ro_tune4/S[4]                    (i,b)   -     R     (arrival)     87  0.0     0     0     392    (-,-) 
  u_core_gen_fast_tag_col[4].u_fast_tag_tag_o_reg[3]/C <<<     -     R     DFRRQHDX1     87    -   150     0     392    (-,-) 
#-----------------------------------------------------------------------------------------------------------------------------

#-----------------------------------------------------------------------------------------------------------------------------
#                    Timing Point                      Flags   Arc   Edge   Cell     Fanout Load Trans Delay Arrival Instance 
#                                                                                           (fF)  (ps)  (ps)   (ps)  Location 
#-----------------------------------------------------------------------------------------------------------------------------
  u_core_gen_fast_tag_col[4].u_fast_tag_tag_o_reg[3]/C -       -     R     (arrival)     87    -   150     0     392    (-,-) 
  u_core_gen_fast_tag_col[4].u_fast_tag_tag_o_reg[3]/Q -       C->Q  F     DFRRQHDX1      2 23.7   274  1019    1411    (-,-) 
  u_core_gen_fast_tag_col[4].u_fast_tag_tag_o_reg[4]/D <<<     -     F     DFRRQHDX1      2    -     -     0    1411    (-,-) 
#-----------------------------------------------------------------------------------------------------------------------------

Capture clock path:
#-----------------------------------------------------------------------------------------------------------------------------
#                    Timing Point                      Flags   Arc   Edge   Cell     Fanout Load Trans Delay Arrival Instance 
#                                                                                           (fF)  (ps)  (ps)   (ps)  Location 
#-----------------------------------------------------------------------------------------------------------------------------
  u_core_u_osc_fast_u_ro_tune4/S[4]                    (i,b)   -     R     (arrival)     87  0.0     0     0    1959    (-,-) 
  u_core_gen_fast_tag_col[4].u_fast_tag_tag_o_reg[4]/C <<<     -     R     DFRRQHDX1     87    -   150     0    1959    (-,-) 
#-----------------------------------------------------------------------------------------------------------------------------



Path 42: VIOLATED (-195 ps) Setup Check with Pin u_core_gen_fast_tag_col[4].u_fast_tag_tag_o_reg[3]/C->D
           View: wc_view
          Group: clk_osc_fast_tap4
     Startpoint: (R) u_core_gen_fast_tag_col[4].u_fast_tag_tag_o_reg[2]/C
          Clock: (R) clk_osc_fast_tap4
       Endpoint: (F) u_core_gen_fast_tag_col[4].u_fast_tag_tag_o_reg[3]/D
          Clock: (R) clk_osc_fast_tap4

                     Capture       Launch     
        Clock Edge:+    1959          392     
       Src Latency:+       0            0     
       Net Latency:+       0 (I)        0 (I) 
           Arrival:=    1959          392     
                                              
             Setup:-     692                  
       Uncertainty:-      50                  
     Required Time:=    1216                  
      Launch Clock:-     392                  
         Data Path:-    1019                  
             Slack:=    -195                  

Launch clock path:
#-----------------------------------------------------------------------------------------------------------------------------
#                    Timing Point                      Flags   Arc   Edge   Cell     Fanout Load Trans Delay Arrival Instance 
#                                                                                           (fF)  (ps)  (ps)   (ps)  Location 
#-----------------------------------------------------------------------------------------------------------------------------
  u_core_u_osc_fast_u_ro_tune4/S[4]                    (i,b)   -     R     (arrival)     87  0.0     0     0     392    (-,-) 
  u_core_gen_fast_tag_col[4].u_fast_tag_tag_o_reg[2]/C <<<     -     R     DFRRQHDX1     87    -   150     0     392    (-,-) 
#-----------------------------------------------------------------------------------------------------------------------------

#-----------------------------------------------------------------------------------------------------------------------------
#                    Timing Point                      Flags   Arc   Edge   Cell     Fanout Load Trans Delay Arrival Instance 
#                                                                                           (fF)  (ps)  (ps)   (ps)  Location 
#-----------------------------------------------------------------------------------------------------------------------------
  u_core_gen_fast_tag_col[4].u_fast_tag_tag_o_reg[2]/C -       -     R     (arrival)     87    -   150     0     392    (-,-) 
  u_core_gen_fast_tag_col[4].u_fast_tag_tag_o_reg[2]/Q -       C->Q  F     DFRRQHDX1      2 23.7   274  1019    1411    (-,-) 
  u_core_gen_fast_tag_col[4].u_fast_tag_tag_o_reg[3]/D <<<     -     F     DFRRQHDX1      2    -     -     0    1411    (-,-) 
#-----------------------------------------------------------------------------------------------------------------------------

Capture clock path:
#-----------------------------------------------------------------------------------------------------------------------------
#                    Timing Point                      Flags   Arc   Edge   Cell     Fanout Load Trans Delay Arrival Instance 
#                                                                                           (fF)  (ps)  (ps)   (ps)  Location 
#-----------------------------------------------------------------------------------------------------------------------------
  u_core_u_osc_fast_u_ro_tune4/S[4]                    (i,b)   -     R     (arrival)     87  0.0     0     0    1959    (-,-) 
  u_core_gen_fast_tag_col[4].u_fast_tag_tag_o_reg[3]/C <<<     -     R     DFRRQHDX1     87    -   150     0    1959    (-,-) 
#-----------------------------------------------------------------------------------------------------------------------------



Path 43: VIOLATED (-195 ps) Setup Check with Pin u_core_gen_fast_tag_col[4].u_fast_tag_tag_o_reg[2]/C->D
           View: wc_view
          Group: clk_osc_fast_tap4
     Startpoint: (R) u_core_gen_fast_tag_col[4].u_fast_tag_tag_o_reg[1]/C
          Clock: (R) clk_osc_fast_tap4
       Endpoint: (F) u_core_gen_fast_tag_col[4].u_fast_tag_tag_o_reg[2]/D
          Clock: (R) clk_osc_fast_tap4

                     Capture       Launch     
        Clock Edge:+    1959          392     
       Src Latency:+       0            0     
       Net Latency:+       0 (I)        0 (I) 
           Arrival:=    1959          392     
                                              
             Setup:-     692                  
       Uncertainty:-      50                  
     Required Time:=    1216                  
      Launch Clock:-     392                  
         Data Path:-    1019                  
             Slack:=    -195                  

Launch clock path:
#-----------------------------------------------------------------------------------------------------------------------------
#                    Timing Point                      Flags   Arc   Edge   Cell     Fanout Load Trans Delay Arrival Instance 
#                                                                                           (fF)  (ps)  (ps)   (ps)  Location 
#-----------------------------------------------------------------------------------------------------------------------------
  u_core_u_osc_fast_u_ro_tune4/S[4]                    (i,b)   -     R     (arrival)     87  0.0     0     0     392    (-,-) 
  u_core_gen_fast_tag_col[4].u_fast_tag_tag_o_reg[1]/C <<<     -     R     DFRRQHDX1     87    -   150     0     392    (-,-) 
#-----------------------------------------------------------------------------------------------------------------------------

#-----------------------------------------------------------------------------------------------------------------------------
#                    Timing Point                      Flags   Arc   Edge   Cell     Fanout Load Trans Delay Arrival Instance 
#                                                                                           (fF)  (ps)  (ps)   (ps)  Location 
#-----------------------------------------------------------------------------------------------------------------------------
  u_core_gen_fast_tag_col[4].u_fast_tag_tag_o_reg[1]/C -       -     R     (arrival)     87    -   150     0     392    (-,-) 
  u_core_gen_fast_tag_col[4].u_fast_tag_tag_o_reg[1]/Q -       C->Q  F     DFRRQHDX1      2 23.7   274  1019    1411    (-,-) 
  u_core_gen_fast_tag_col[4].u_fast_tag_tag_o_reg[2]/D <<<     -     F     DFRRQHDX1      2    -     -     0    1411    (-,-) 
#-----------------------------------------------------------------------------------------------------------------------------

Capture clock path:
#-----------------------------------------------------------------------------------------------------------------------------
#                    Timing Point                      Flags   Arc   Edge   Cell     Fanout Load Trans Delay Arrival Instance 
#                                                                                           (fF)  (ps)  (ps)   (ps)  Location 
#-----------------------------------------------------------------------------------------------------------------------------
  u_core_u_osc_fast_u_ro_tune4/S[4]                    (i,b)   -     R     (arrival)     87  0.0     0     0    1959    (-,-) 
  u_core_gen_fast_tag_col[4].u_fast_tag_tag_o_reg[2]/C <<<     -     R     DFRRQHDX1     87    -   150     0    1959    (-,-) 
#-----------------------------------------------------------------------------------------------------------------------------



Path 44: VIOLATED (-195 ps) Setup Check with Pin u_core_gen_fast_tag_col[3].u_fast_tag_tag_o_reg[5]/C->D
           View: wc_view
          Group: clk_osc_fast_tap3
     Startpoint: (R) u_core_gen_fast_tag_col[3].u_fast_tag_tag_o_reg[4]/C
          Clock: (R) clk_osc_fast_tap3
       Endpoint: (F) u_core_gen_fast_tag_col[3].u_fast_tag_tag_o_reg[5]/D
          Clock: (R) clk_osc_fast_tap3

                     Capture       Launch     
        Clock Edge:+    1861          294     
       Src Latency:+       0            0     
       Net Latency:+       0 (I)        0 (I) 
           Arrival:=    1861          294     
                                              
             Setup:-     692                  
       Uncertainty:-      50                  
     Required Time:=    1118                  
      Launch Clock:-     294                  
         Data Path:-    1019                  
             Slack:=    -195                  

Launch clock path:
#-----------------------------------------------------------------------------------------------------------------------------
#                    Timing Point                      Flags   Arc   Edge   Cell     Fanout Load Trans Delay Arrival Instance 
#                                                                                           (fF)  (ps)  (ps)   (ps)  Location 
#-----------------------------------------------------------------------------------------------------------------------------
  u_core_u_osc_fast_u_ro_tune4/S[3]                    (i,b)   -     R     (arrival)     87  0.0     0     0     294    (-,-) 
  u_core_gen_fast_tag_col[3].u_fast_tag_tag_o_reg[4]/C <<<     -     R     DFRRQHDX1     87    -   150     0     294    (-,-) 
#-----------------------------------------------------------------------------------------------------------------------------

#-----------------------------------------------------------------------------------------------------------------------------
#                    Timing Point                      Flags   Arc   Edge   Cell     Fanout Load Trans Delay Arrival Instance 
#                                                                                           (fF)  (ps)  (ps)   (ps)  Location 
#-----------------------------------------------------------------------------------------------------------------------------
  u_core_gen_fast_tag_col[3].u_fast_tag_tag_o_reg[4]/C -       -     R     (arrival)     87    -   150     0     294    (-,-) 
  u_core_gen_fast_tag_col[3].u_fast_tag_tag_o_reg[4]/Q -       C->Q  F     DFRRQHDX1      2 23.7   274  1019    1313    (-,-) 
  u_core_gen_fast_tag_col[3].u_fast_tag_tag_o_reg[5]/D <<<     -     F     DFRRQHDX1      2    -     -     0    1313    (-,-) 
#-----------------------------------------------------------------------------------------------------------------------------

Capture clock path:
#-----------------------------------------------------------------------------------------------------------------------------
#                    Timing Point                      Flags   Arc   Edge   Cell     Fanout Load Trans Delay Arrival Instance 
#                                                                                           (fF)  (ps)  (ps)   (ps)  Location 
#-----------------------------------------------------------------------------------------------------------------------------
  u_core_u_osc_fast_u_ro_tune4/S[3]                    (i,b)   -     R     (arrival)     87  0.0     0     0    1861    (-,-) 
  u_core_gen_fast_tag_col[3].u_fast_tag_tag_o_reg[5]/C <<<     -     R     DFRRQHDX1     87    -   150     0    1861    (-,-) 
#-----------------------------------------------------------------------------------------------------------------------------



Path 45: VIOLATED (-195 ps) Setup Check with Pin u_core_gen_fast_tag_col[3].u_fast_tag_tag_o_reg[4]/C->D
           View: wc_view
          Group: clk_osc_fast_tap3
     Startpoint: (R) u_core_gen_fast_tag_col[3].u_fast_tag_tag_o_reg[3]/C
          Clock: (R) clk_osc_fast_tap3
       Endpoint: (F) u_core_gen_fast_tag_col[3].u_fast_tag_tag_o_reg[4]/D
          Clock: (R) clk_osc_fast_tap3

                     Capture       Launch     
        Clock Edge:+    1861          294     
       Src Latency:+       0            0     
       Net Latency:+       0 (I)        0 (I) 
           Arrival:=    1861          294     
                                              
             Setup:-     692                  
       Uncertainty:-      50                  
     Required Time:=    1118                  
      Launch Clock:-     294                  
         Data Path:-    1019                  
             Slack:=    -195                  

Launch clock path:
#-----------------------------------------------------------------------------------------------------------------------------
#                    Timing Point                      Flags   Arc   Edge   Cell     Fanout Load Trans Delay Arrival Instance 
#                                                                                           (fF)  (ps)  (ps)   (ps)  Location 
#-----------------------------------------------------------------------------------------------------------------------------
  u_core_u_osc_fast_u_ro_tune4/S[3]                    (i,b)   -     R     (arrival)     87  0.0     0     0     294    (-,-) 
  u_core_gen_fast_tag_col[3].u_fast_tag_tag_o_reg[3]/C <<<     -     R     DFRRQHDX1     87    -   150     0     294    (-,-) 
#-----------------------------------------------------------------------------------------------------------------------------

#-----------------------------------------------------------------------------------------------------------------------------
#                    Timing Point                      Flags   Arc   Edge   Cell     Fanout Load Trans Delay Arrival Instance 
#                                                                                           (fF)  (ps)  (ps)   (ps)  Location 
#-----------------------------------------------------------------------------------------------------------------------------
  u_core_gen_fast_tag_col[3].u_fast_tag_tag_o_reg[3]/C -       -     R     (arrival)     87    -   150     0     294    (-,-) 
  u_core_gen_fast_tag_col[3].u_fast_tag_tag_o_reg[3]/Q -       C->Q  F     DFRRQHDX1      2 23.7   274  1019    1313    (-,-) 
  u_core_gen_fast_tag_col[3].u_fast_tag_tag_o_reg[4]/D <<<     -     F     DFRRQHDX1      2    -     -     0    1313    (-,-) 
#-----------------------------------------------------------------------------------------------------------------------------

Capture clock path:
#-----------------------------------------------------------------------------------------------------------------------------
#                    Timing Point                      Flags   Arc   Edge   Cell     Fanout Load Trans Delay Arrival Instance 
#                                                                                           (fF)  (ps)  (ps)   (ps)  Location 
#-----------------------------------------------------------------------------------------------------------------------------
  u_core_u_osc_fast_u_ro_tune4/S[3]                    (i,b)   -     R     (arrival)     87  0.0     0     0    1861    (-,-) 
  u_core_gen_fast_tag_col[3].u_fast_tag_tag_o_reg[4]/C <<<     -     R     DFRRQHDX1     87    -   150     0    1861    (-,-) 
#-----------------------------------------------------------------------------------------------------------------------------



Path 46: VIOLATED (-195 ps) Setup Check with Pin u_core_gen_fast_tag_col[3].u_fast_tag_tag_o_reg[3]/C->D
           View: wc_view
          Group: clk_osc_fast_tap3
     Startpoint: (R) u_core_gen_fast_tag_col[3].u_fast_tag_tag_o_reg[2]/C
          Clock: (R) clk_osc_fast_tap3
       Endpoint: (F) u_core_gen_fast_tag_col[3].u_fast_tag_tag_o_reg[3]/D
          Clock: (R) clk_osc_fast_tap3

                     Capture       Launch     
        Clock Edge:+    1861          294     
       Src Latency:+       0            0     
       Net Latency:+       0 (I)        0 (I) 
           Arrival:=    1861          294     
                                              
             Setup:-     692                  
       Uncertainty:-      50                  
     Required Time:=    1118                  
      Launch Clock:-     294                  
         Data Path:-    1019                  
             Slack:=    -195                  

Launch clock path:
#-----------------------------------------------------------------------------------------------------------------------------
#                    Timing Point                      Flags   Arc   Edge   Cell     Fanout Load Trans Delay Arrival Instance 
#                                                                                           (fF)  (ps)  (ps)   (ps)  Location 
#-----------------------------------------------------------------------------------------------------------------------------
  u_core_u_osc_fast_u_ro_tune4/S[3]                    (i,b)   -     R     (arrival)     87  0.0     0     0     294    (-,-) 
  u_core_gen_fast_tag_col[3].u_fast_tag_tag_o_reg[2]/C <<<     -     R     DFRRQHDX1     87    -   150     0     294    (-,-) 
#-----------------------------------------------------------------------------------------------------------------------------

#-----------------------------------------------------------------------------------------------------------------------------
#                    Timing Point                      Flags   Arc   Edge   Cell     Fanout Load Trans Delay Arrival Instance 
#                                                                                           (fF)  (ps)  (ps)   (ps)  Location 
#-----------------------------------------------------------------------------------------------------------------------------
  u_core_gen_fast_tag_col[3].u_fast_tag_tag_o_reg[2]/C -       -     R     (arrival)     87    -   150     0     294    (-,-) 
  u_core_gen_fast_tag_col[3].u_fast_tag_tag_o_reg[2]/Q -       C->Q  F     DFRRQHDX1      2 23.7   274  1019    1313    (-,-) 
  u_core_gen_fast_tag_col[3].u_fast_tag_tag_o_reg[3]/D <<<     -     F     DFRRQHDX1      2    -     -     0    1313    (-,-) 
#-----------------------------------------------------------------------------------------------------------------------------

Capture clock path:
#-----------------------------------------------------------------------------------------------------------------------------
#                    Timing Point                      Flags   Arc   Edge   Cell     Fanout Load Trans Delay Arrival Instance 
#                                                                                           (fF)  (ps)  (ps)   (ps)  Location 
#-----------------------------------------------------------------------------------------------------------------------------
  u_core_u_osc_fast_u_ro_tune4/S[3]                    (i,b)   -     R     (arrival)     87  0.0     0     0    1861    (-,-) 
  u_core_gen_fast_tag_col[3].u_fast_tag_tag_o_reg[3]/C <<<     -     R     DFRRQHDX1     87    -   150     0    1861    (-,-) 
#-----------------------------------------------------------------------------------------------------------------------------



Path 47: VIOLATED (-195 ps) Setup Check with Pin u_core_gen_fast_tag_col[3].u_fast_tag_tag_o_reg[2]/C->D
           View: wc_view
          Group: clk_osc_fast_tap3
     Startpoint: (R) u_core_gen_fast_tag_col[3].u_fast_tag_tag_o_reg[1]/C
          Clock: (R) clk_osc_fast_tap3
       Endpoint: (F) u_core_gen_fast_tag_col[3].u_fast_tag_tag_o_reg[2]/D
          Clock: (R) clk_osc_fast_tap3

                     Capture       Launch     
        Clock Edge:+    1861          294     
       Src Latency:+       0            0     
       Net Latency:+       0 (I)        0 (I) 
           Arrival:=    1861          294     
                                              
             Setup:-     692                  
       Uncertainty:-      50                  
     Required Time:=    1118                  
      Launch Clock:-     294                  
         Data Path:-    1019                  
             Slack:=    -195                  

Launch clock path:
#-----------------------------------------------------------------------------------------------------------------------------
#                    Timing Point                      Flags   Arc   Edge   Cell     Fanout Load Trans Delay Arrival Instance 
#                                                                                           (fF)  (ps)  (ps)   (ps)  Location 
#-----------------------------------------------------------------------------------------------------------------------------
  u_core_u_osc_fast_u_ro_tune4/S[3]                    (i,b)   -     R     (arrival)     87  0.0     0     0     294    (-,-) 
  u_core_gen_fast_tag_col[3].u_fast_tag_tag_o_reg[1]/C <<<     -     R     DFRRQHDX1     87    -   150     0     294    (-,-) 
#-----------------------------------------------------------------------------------------------------------------------------

#-----------------------------------------------------------------------------------------------------------------------------
#                    Timing Point                      Flags   Arc   Edge   Cell     Fanout Load Trans Delay Arrival Instance 
#                                                                                           (fF)  (ps)  (ps)   (ps)  Location 
#-----------------------------------------------------------------------------------------------------------------------------
  u_core_gen_fast_tag_col[3].u_fast_tag_tag_o_reg[1]/C -       -     R     (arrival)     87    -   150     0     294    (-,-) 
  u_core_gen_fast_tag_col[3].u_fast_tag_tag_o_reg[1]/Q -       C->Q  F     DFRRQHDX1      2 23.7   274  1019    1313    (-,-) 
  u_core_gen_fast_tag_col[3].u_fast_tag_tag_o_reg[2]/D <<<     -     F     DFRRQHDX1      2    -     -     0    1313    (-,-) 
#-----------------------------------------------------------------------------------------------------------------------------

Capture clock path:
#-----------------------------------------------------------------------------------------------------------------------------
#                    Timing Point                      Flags   Arc   Edge   Cell     Fanout Load Trans Delay Arrival Instance 
#                                                                                           (fF)  (ps)  (ps)   (ps)  Location 
#-----------------------------------------------------------------------------------------------------------------------------
  u_core_u_osc_fast_u_ro_tune4/S[3]                    (i,b)   -     R     (arrival)     87  0.0     0     0    1861    (-,-) 
  u_core_gen_fast_tag_col[3].u_fast_tag_tag_o_reg[2]/C <<<     -     R     DFRRQHDX1     87    -   150     0    1861    (-,-) 
#-----------------------------------------------------------------------------------------------------------------------------



Path 48: VIOLATED (-195 ps) Setup Check with Pin u_core_gen_fast_tag_col[2].u_fast_tag_tag_o_reg[5]/C->D
           View: wc_view
          Group: clk_osc_fast_tap2
     Startpoint: (R) u_core_gen_fast_tag_col[2].u_fast_tag_tag_o_reg[4]/C
          Clock: (R) clk_osc_fast_tap2
       Endpoint: (F) u_core_gen_fast_tag_col[2].u_fast_tag_tag_o_reg[5]/D
          Clock: (R) clk_osc_fast_tap2

                     Capture       Launch     
        Clock Edge:+    1763          196     
       Src Latency:+       0            0     
       Net Latency:+       0 (I)        0 (I) 
           Arrival:=    1763          196     
                                              
             Setup:-     692                  
       Uncertainty:-      50                  
     Required Time:=    1020                  
      Launch Clock:-     196                  
         Data Path:-    1019                  
             Slack:=    -195                  

Launch clock path:
#-----------------------------------------------------------------------------------------------------------------------------
#                    Timing Point                      Flags   Arc   Edge   Cell     Fanout Load Trans Delay Arrival Instance 
#                                                                                           (fF)  (ps)  (ps)   (ps)  Location 
#-----------------------------------------------------------------------------------------------------------------------------
  u_core_u_osc_fast_u_ro_tune4/S[2]                    (i,b)   -     R     (arrival)     87  0.0     0     0     196    (-,-) 
  u_core_gen_fast_tag_col[2].u_fast_tag_tag_o_reg[4]/C <<<     -     R     DFRRQHDX1     87    -   150     0     196    (-,-) 
#-----------------------------------------------------------------------------------------------------------------------------

#-----------------------------------------------------------------------------------------------------------------------------
#                    Timing Point                      Flags   Arc   Edge   Cell     Fanout Load Trans Delay Arrival Instance 
#                                                                                           (fF)  (ps)  (ps)   (ps)  Location 
#-----------------------------------------------------------------------------------------------------------------------------
  u_core_gen_fast_tag_col[2].u_fast_tag_tag_o_reg[4]/C -       -     R     (arrival)     87    -   150     0     196    (-,-) 
  u_core_gen_fast_tag_col[2].u_fast_tag_tag_o_reg[4]/Q -       C->Q  F     DFRRQHDX1      2 23.7   274  1019    1215    (-,-) 
  u_core_gen_fast_tag_col[2].u_fast_tag_tag_o_reg[5]/D <<<     -     F     DFRRQHDX1      2    -     -     0    1215    (-,-) 
#-----------------------------------------------------------------------------------------------------------------------------

Capture clock path:
#-----------------------------------------------------------------------------------------------------------------------------
#                    Timing Point                      Flags   Arc   Edge   Cell     Fanout Load Trans Delay Arrival Instance 
#                                                                                           (fF)  (ps)  (ps)   (ps)  Location 
#-----------------------------------------------------------------------------------------------------------------------------
  u_core_u_osc_fast_u_ro_tune4/S[2]                    (i,b)   -     R     (arrival)     87  0.0     0     0    1763    (-,-) 
  u_core_gen_fast_tag_col[2].u_fast_tag_tag_o_reg[5]/C <<<     -     R     DFRRQHDX1     87    -   150     0    1763    (-,-) 
#-----------------------------------------------------------------------------------------------------------------------------



Path 49: VIOLATED (-195 ps) Setup Check with Pin u_core_gen_fast_tag_col[2].u_fast_tag_tag_o_reg[4]/C->D
           View: wc_view
          Group: clk_osc_fast_tap2
     Startpoint: (R) u_core_gen_fast_tag_col[2].u_fast_tag_tag_o_reg[3]/C
          Clock: (R) clk_osc_fast_tap2
       Endpoint: (F) u_core_gen_fast_tag_col[2].u_fast_tag_tag_o_reg[4]/D
          Clock: (R) clk_osc_fast_tap2

                     Capture       Launch     
        Clock Edge:+    1763          196     
       Src Latency:+       0            0     
       Net Latency:+       0 (I)        0 (I) 
           Arrival:=    1763          196     
                                              
             Setup:-     692                  
       Uncertainty:-      50                  
     Required Time:=    1020                  
      Launch Clock:-     196                  
         Data Path:-    1019                  
             Slack:=    -195                  

Launch clock path:
#-----------------------------------------------------------------------------------------------------------------------------
#                    Timing Point                      Flags   Arc   Edge   Cell     Fanout Load Trans Delay Arrival Instance 
#                                                                                           (fF)  (ps)  (ps)   (ps)  Location 
#-----------------------------------------------------------------------------------------------------------------------------
  u_core_u_osc_fast_u_ro_tune4/S[2]                    (i,b)   -     R     (arrival)     87  0.0     0     0     196    (-,-) 
  u_core_gen_fast_tag_col[2].u_fast_tag_tag_o_reg[3]/C <<<     -     R     DFRRQHDX1     87    -   150     0     196    (-,-) 
#-----------------------------------------------------------------------------------------------------------------------------

#-----------------------------------------------------------------------------------------------------------------------------
#                    Timing Point                      Flags   Arc   Edge   Cell     Fanout Load Trans Delay Arrival Instance 
#                                                                                           (fF)  (ps)  (ps)   (ps)  Location 
#-----------------------------------------------------------------------------------------------------------------------------
  u_core_gen_fast_tag_col[2].u_fast_tag_tag_o_reg[3]/C -       -     R     (arrival)     87    -   150     0     196    (-,-) 
  u_core_gen_fast_tag_col[2].u_fast_tag_tag_o_reg[3]/Q -       C->Q  F     DFRRQHDX1      2 23.7   274  1019    1215    (-,-) 
  u_core_gen_fast_tag_col[2].u_fast_tag_tag_o_reg[4]/D <<<     -     F     DFRRQHDX1      2    -     -     0    1215    (-,-) 
#-----------------------------------------------------------------------------------------------------------------------------

Capture clock path:
#-----------------------------------------------------------------------------------------------------------------------------
#                    Timing Point                      Flags   Arc   Edge   Cell     Fanout Load Trans Delay Arrival Instance 
#                                                                                           (fF)  (ps)  (ps)   (ps)  Location 
#-----------------------------------------------------------------------------------------------------------------------------
  u_core_u_osc_fast_u_ro_tune4/S[2]                    (i,b)   -     R     (arrival)     87  0.0     0     0    1763    (-,-) 
  u_core_gen_fast_tag_col[2].u_fast_tag_tag_o_reg[4]/C <<<     -     R     DFRRQHDX1     87    -   150     0    1763    (-,-) 
#-----------------------------------------------------------------------------------------------------------------------------



Path 50: VIOLATED (-195 ps) Setup Check with Pin u_core_gen_fast_tag_col[2].u_fast_tag_tag_o_reg[3]/C->D
           View: wc_view
          Group: clk_osc_fast_tap2
     Startpoint: (R) u_core_gen_fast_tag_col[2].u_fast_tag_tag_o_reg[2]/C
          Clock: (R) clk_osc_fast_tap2
       Endpoint: (F) u_core_gen_fast_tag_col[2].u_fast_tag_tag_o_reg[3]/D
          Clock: (R) clk_osc_fast_tap2

                     Capture       Launch     
        Clock Edge:+    1763          196     
       Src Latency:+       0            0     
       Net Latency:+       0 (I)        0 (I) 
           Arrival:=    1763          196     
                                              
             Setup:-     692                  
       Uncertainty:-      50                  
     Required Time:=    1020                  
      Launch Clock:-     196                  
         Data Path:-    1019                  
             Slack:=    -195                  

Launch clock path:
#-----------------------------------------------------------------------------------------------------------------------------
#                    Timing Point                      Flags   Arc   Edge   Cell     Fanout Load Trans Delay Arrival Instance 
#                                                                                           (fF)  (ps)  (ps)   (ps)  Location 
#-----------------------------------------------------------------------------------------------------------------------------
  u_core_u_osc_fast_u_ro_tune4/S[2]                    (i,b)   -     R     (arrival)     87  0.0     0     0     196    (-,-) 
  u_core_gen_fast_tag_col[2].u_fast_tag_tag_o_reg[2]/C <<<     -     R     DFRRQHDX1     87    -   150     0     196    (-,-) 
#-----------------------------------------------------------------------------------------------------------------------------

#-----------------------------------------------------------------------------------------------------------------------------
#                    Timing Point                      Flags   Arc   Edge   Cell     Fanout Load Trans Delay Arrival Instance 
#                                                                                           (fF)  (ps)  (ps)   (ps)  Location 
#-----------------------------------------------------------------------------------------------------------------------------
  u_core_gen_fast_tag_col[2].u_fast_tag_tag_o_reg[2]/C -       -     R     (arrival)     87    -   150     0     196    (-,-) 
  u_core_gen_fast_tag_col[2].u_fast_tag_tag_o_reg[2]/Q -       C->Q  F     DFRRQHDX1      2 23.7   274  1019    1215    (-,-) 
  u_core_gen_fast_tag_col[2].u_fast_tag_tag_o_reg[3]/D <<<     -     F     DFRRQHDX1      2    -     -     0    1215    (-,-) 
#-----------------------------------------------------------------------------------------------------------------------------

Capture clock path:
#-----------------------------------------------------------------------------------------------------------------------------
#                    Timing Point                      Flags   Arc   Edge   Cell     Fanout Load Trans Delay Arrival Instance 
#                                                                                           (fF)  (ps)  (ps)   (ps)  Location 
#-----------------------------------------------------------------------------------------------------------------------------
  u_core_u_osc_fast_u_ro_tune4/S[2]                    (i,b)   -     R     (arrival)     87  0.0     0     0    1763    (-,-) 
  u_core_gen_fast_tag_col[2].u_fast_tag_tag_o_reg[3]/C <<<     -     R     DFRRQHDX1     87    -   150     0    1763    (-,-) 
#-----------------------------------------------------------------------------------------------------------------------------



Path 51: VIOLATED (-195 ps) Setup Check with Pin u_core_gen_fast_tag_col[2].u_fast_tag_tag_o_reg[2]/C->D
           View: wc_view
          Group: clk_osc_fast_tap2
     Startpoint: (R) u_core_gen_fast_tag_col[2].u_fast_tag_tag_o_reg[1]/C
          Clock: (R) clk_osc_fast_tap2
       Endpoint: (F) u_core_gen_fast_tag_col[2].u_fast_tag_tag_o_reg[2]/D
          Clock: (R) clk_osc_fast_tap2

                     Capture       Launch     
        Clock Edge:+    1763          196     
       Src Latency:+       0            0     
       Net Latency:+       0 (I)        0 (I) 
           Arrival:=    1763          196     
                                              
             Setup:-     692                  
       Uncertainty:-      50                  
     Required Time:=    1020                  
      Launch Clock:-     196                  
         Data Path:-    1019                  
             Slack:=    -195                  

Launch clock path:
#-----------------------------------------------------------------------------------------------------------------------------
#                    Timing Point                      Flags   Arc   Edge   Cell     Fanout Load Trans Delay Arrival Instance 
#                                                                                           (fF)  (ps)  (ps)   (ps)  Location 
#-----------------------------------------------------------------------------------------------------------------------------
  u_core_u_osc_fast_u_ro_tune4/S[2]                    (i,b)   -     R     (arrival)     87  0.0     0     0     196    (-,-) 
  u_core_gen_fast_tag_col[2].u_fast_tag_tag_o_reg[1]/C <<<     -     R     DFRRQHDX1     87    -   150     0     196    (-,-) 
#-----------------------------------------------------------------------------------------------------------------------------

#-----------------------------------------------------------------------------------------------------------------------------
#                    Timing Point                      Flags   Arc   Edge   Cell     Fanout Load Trans Delay Arrival Instance 
#                                                                                           (fF)  (ps)  (ps)   (ps)  Location 
#-----------------------------------------------------------------------------------------------------------------------------
  u_core_gen_fast_tag_col[2].u_fast_tag_tag_o_reg[1]/C -       -     R     (arrival)     87    -   150     0     196    (-,-) 
  u_core_gen_fast_tag_col[2].u_fast_tag_tag_o_reg[1]/Q -       C->Q  F     DFRRQHDX1      2 23.7   274  1019    1215    (-,-) 
  u_core_gen_fast_tag_col[2].u_fast_tag_tag_o_reg[2]/D <<<     -     F     DFRRQHDX1      2    -     -     0    1215    (-,-) 
#-----------------------------------------------------------------------------------------------------------------------------

Capture clock path:
#-----------------------------------------------------------------------------------------------------------------------------
#                    Timing Point                      Flags   Arc   Edge   Cell     Fanout Load Trans Delay Arrival Instance 
#                                                                                           (fF)  (ps)  (ps)   (ps)  Location 
#-----------------------------------------------------------------------------------------------------------------------------
  u_core_u_osc_fast_u_ro_tune4/S[2]                    (i,b)   -     R     (arrival)     87  0.0     0     0    1763    (-,-) 
  u_core_gen_fast_tag_col[2].u_fast_tag_tag_o_reg[2]/C <<<     -     R     DFRRQHDX1     87    -   150     0    1763    (-,-) 
#-----------------------------------------------------------------------------------------------------------------------------



Path 52: VIOLATED (-195 ps) Setup Check with Pin u_core_gen_fast_tag_col[1].u_fast_tag_tag_o_reg[5]/C->D
           View: wc_view
          Group: clk_osc_fast_tap1
     Startpoint: (R) u_core_gen_fast_tag_col[1].u_fast_tag_tag_o_reg[4]/C
          Clock: (R) clk_osc_fast_tap1
       Endpoint: (F) u_core_gen_fast_tag_col[1].u_fast_tag_tag_o_reg[5]/D
          Clock: (R) clk_osc_fast_tap1

                     Capture       Launch     
        Clock Edge:+    1665           98     
       Src Latency:+       0            0     
       Net Latency:+       0 (I)        0 (I) 
           Arrival:=    1665           98     
                                              
             Setup:-     692                  
       Uncertainty:-      50                  
     Required Time:=     923                  
      Launch Clock:-      98                  
         Data Path:-    1019                  
             Slack:=    -195                  

Launch clock path:
#-----------------------------------------------------------------------------------------------------------------------------
#                    Timing Point                      Flags   Arc   Edge   Cell     Fanout Load Trans Delay Arrival Instance 
#                                                                                           (fF)  (ps)  (ps)   (ps)  Location 
#-----------------------------------------------------------------------------------------------------------------------------
  u_core_u_osc_fast_u_ro_tune4/S[1]                    (i,b)   -     R     (arrival)     87  0.0     0     0      98    (-,-) 
  u_core_gen_fast_tag_col[1].u_fast_tag_tag_o_reg[4]/C <<<     -     R     DFRRQHDX1     87    -   150     0      98    (-,-) 
#-----------------------------------------------------------------------------------------------------------------------------

#-----------------------------------------------------------------------------------------------------------------------------
#                    Timing Point                      Flags   Arc   Edge   Cell     Fanout Load Trans Delay Arrival Instance 
#                                                                                           (fF)  (ps)  (ps)   (ps)  Location 
#-----------------------------------------------------------------------------------------------------------------------------
  u_core_gen_fast_tag_col[1].u_fast_tag_tag_o_reg[4]/C -       -     R     (arrival)     87    -   150     0      98    (-,-) 
  u_core_gen_fast_tag_col[1].u_fast_tag_tag_o_reg[4]/Q -       C->Q  F     DFRRQHDX1      2 23.7   274  1019    1117    (-,-) 
  u_core_gen_fast_tag_col[1].u_fast_tag_tag_o_reg[5]/D <<<     -     F     DFRRQHDX1      2    -     -     0    1117    (-,-) 
#-----------------------------------------------------------------------------------------------------------------------------

Capture clock path:
#-----------------------------------------------------------------------------------------------------------------------------
#                    Timing Point                      Flags   Arc   Edge   Cell     Fanout Load Trans Delay Arrival Instance 
#                                                                                           (fF)  (ps)  (ps)   (ps)  Location 
#-----------------------------------------------------------------------------------------------------------------------------
  u_core_u_osc_fast_u_ro_tune4/S[1]                    (i,b)   -     R     (arrival)     87  0.0     0     0    1665    (-,-) 
  u_core_gen_fast_tag_col[1].u_fast_tag_tag_o_reg[5]/C <<<     -     R     DFRRQHDX1     87    -   150     0    1665    (-,-) 
#-----------------------------------------------------------------------------------------------------------------------------



Path 53: VIOLATED (-195 ps) Setup Check with Pin u_core_gen_fast_tag_col[1].u_fast_tag_tag_o_reg[4]/C->D
           View: wc_view
          Group: clk_osc_fast_tap1
     Startpoint: (R) u_core_gen_fast_tag_col[1].u_fast_tag_tag_o_reg[3]/C
          Clock: (R) clk_osc_fast_tap1
       Endpoint: (F) u_core_gen_fast_tag_col[1].u_fast_tag_tag_o_reg[4]/D
          Clock: (R) clk_osc_fast_tap1

                     Capture       Launch     
        Clock Edge:+    1665           98     
       Src Latency:+       0            0     
       Net Latency:+       0 (I)        0 (I) 
           Arrival:=    1665           98     
                                              
             Setup:-     692                  
       Uncertainty:-      50                  
     Required Time:=     923                  
      Launch Clock:-      98                  
         Data Path:-    1019                  
             Slack:=    -195                  

Launch clock path:
#-----------------------------------------------------------------------------------------------------------------------------
#                    Timing Point                      Flags   Arc   Edge   Cell     Fanout Load Trans Delay Arrival Instance 
#                                                                                           (fF)  (ps)  (ps)   (ps)  Location 
#-----------------------------------------------------------------------------------------------------------------------------
  u_core_u_osc_fast_u_ro_tune4/S[1]                    (i,b)   -     R     (arrival)     87  0.0     0     0      98    (-,-) 
  u_core_gen_fast_tag_col[1].u_fast_tag_tag_o_reg[3]/C <<<     -     R     DFRRQHDX1     87    -   150     0      98    (-,-) 
#-----------------------------------------------------------------------------------------------------------------------------

#-----------------------------------------------------------------------------------------------------------------------------
#                    Timing Point                      Flags   Arc   Edge   Cell     Fanout Load Trans Delay Arrival Instance 
#                                                                                           (fF)  (ps)  (ps)   (ps)  Location 
#-----------------------------------------------------------------------------------------------------------------------------
  u_core_gen_fast_tag_col[1].u_fast_tag_tag_o_reg[3]/C -       -     R     (arrival)     87    -   150     0      98    (-,-) 
  u_core_gen_fast_tag_col[1].u_fast_tag_tag_o_reg[3]/Q -       C->Q  F     DFRRQHDX1      2 23.7   274  1019    1117    (-,-) 
  u_core_gen_fast_tag_col[1].u_fast_tag_tag_o_reg[4]/D <<<     -     F     DFRRQHDX1      2    -     -     0    1117    (-,-) 
#-----------------------------------------------------------------------------------------------------------------------------

Capture clock path:
#-----------------------------------------------------------------------------------------------------------------------------
#                    Timing Point                      Flags   Arc   Edge   Cell     Fanout Load Trans Delay Arrival Instance 
#                                                                                           (fF)  (ps)  (ps)   (ps)  Location 
#-----------------------------------------------------------------------------------------------------------------------------
  u_core_u_osc_fast_u_ro_tune4/S[1]                    (i,b)   -     R     (arrival)     87  0.0     0     0    1665    (-,-) 
  u_core_gen_fast_tag_col[1].u_fast_tag_tag_o_reg[4]/C <<<     -     R     DFRRQHDX1     87    -   150     0    1665    (-,-) 
#-----------------------------------------------------------------------------------------------------------------------------



Path 54: VIOLATED (-195 ps) Setup Check with Pin u_core_gen_fast_tag_col[1].u_fast_tag_tag_o_reg[3]/C->D
           View: wc_view
          Group: clk_osc_fast_tap1
     Startpoint: (R) u_core_gen_fast_tag_col[1].u_fast_tag_tag_o_reg[2]/C
          Clock: (R) clk_osc_fast_tap1
       Endpoint: (F) u_core_gen_fast_tag_col[1].u_fast_tag_tag_o_reg[3]/D
          Clock: (R) clk_osc_fast_tap1

                     Capture       Launch     
        Clock Edge:+    1665           98     
       Src Latency:+       0            0     
       Net Latency:+       0 (I)        0 (I) 
           Arrival:=    1665           98     
                                              
             Setup:-     692                  
       Uncertainty:-      50                  
     Required Time:=     923                  
      Launch Clock:-      98                  
         Data Path:-    1019                  
             Slack:=    -195                  

Launch clock path:
#-----------------------------------------------------------------------------------------------------------------------------
#                    Timing Point                      Flags   Arc   Edge   Cell     Fanout Load Trans Delay Arrival Instance 
#                                                                                           (fF)  (ps)  (ps)   (ps)  Location 
#-----------------------------------------------------------------------------------------------------------------------------
  u_core_u_osc_fast_u_ro_tune4/S[1]                    (i,b)   -     R     (arrival)     87  0.0     0     0      98    (-,-) 
  u_core_gen_fast_tag_col[1].u_fast_tag_tag_o_reg[2]/C <<<     -     R     DFRRQHDX1     87    -   150     0      98    (-,-) 
#-----------------------------------------------------------------------------------------------------------------------------

#-----------------------------------------------------------------------------------------------------------------------------
#                    Timing Point                      Flags   Arc   Edge   Cell     Fanout Load Trans Delay Arrival Instance 
#                                                                                           (fF)  (ps)  (ps)   (ps)  Location 
#-----------------------------------------------------------------------------------------------------------------------------
  u_core_gen_fast_tag_col[1].u_fast_tag_tag_o_reg[2]/C -       -     R     (arrival)     87    -   150     0      98    (-,-) 
  u_core_gen_fast_tag_col[1].u_fast_tag_tag_o_reg[2]/Q -       C->Q  F     DFRRQHDX1      2 23.7   274  1019    1117    (-,-) 
  u_core_gen_fast_tag_col[1].u_fast_tag_tag_o_reg[3]/D <<<     -     F     DFRRQHDX1      2    -     -     0    1117    (-,-) 
#-----------------------------------------------------------------------------------------------------------------------------

Capture clock path:
#-----------------------------------------------------------------------------------------------------------------------------
#                    Timing Point                      Flags   Arc   Edge   Cell     Fanout Load Trans Delay Arrival Instance 
#                                                                                           (fF)  (ps)  (ps)   (ps)  Location 
#-----------------------------------------------------------------------------------------------------------------------------
  u_core_u_osc_fast_u_ro_tune4/S[1]                    (i,b)   -     R     (arrival)     87  0.0     0     0    1665    (-,-) 
  u_core_gen_fast_tag_col[1].u_fast_tag_tag_o_reg[3]/C <<<     -     R     DFRRQHDX1     87    -   150     0    1665    (-,-) 
#-----------------------------------------------------------------------------------------------------------------------------



Path 55: VIOLATED (-195 ps) Setup Check with Pin u_core_gen_fast_tag_col[1].u_fast_tag_tag_o_reg[2]/C->D
           View: wc_view
          Group: clk_osc_fast_tap1
     Startpoint: (R) u_core_gen_fast_tag_col[1].u_fast_tag_tag_o_reg[1]/C
          Clock: (R) clk_osc_fast_tap1
       Endpoint: (F) u_core_gen_fast_tag_col[1].u_fast_tag_tag_o_reg[2]/D
          Clock: (R) clk_osc_fast_tap1

                     Capture       Launch     
        Clock Edge:+    1665           98     
       Src Latency:+       0            0     
       Net Latency:+       0 (I)        0 (I) 
           Arrival:=    1665           98     
                                              
             Setup:-     692                  
       Uncertainty:-      50                  
     Required Time:=     923                  
      Launch Clock:-      98                  
         Data Path:-    1019                  
             Slack:=    -195                  

Launch clock path:
#-----------------------------------------------------------------------------------------------------------------------------
#                    Timing Point                      Flags   Arc   Edge   Cell     Fanout Load Trans Delay Arrival Instance 
#                                                                                           (fF)  (ps)  (ps)   (ps)  Location 
#-----------------------------------------------------------------------------------------------------------------------------
  u_core_u_osc_fast_u_ro_tune4/S[1]                    (i,b)   -     R     (arrival)     87  0.0     0     0      98    (-,-) 
  u_core_gen_fast_tag_col[1].u_fast_tag_tag_o_reg[1]/C <<<     -     R     DFRRQHDX1     87    -   150     0      98    (-,-) 
#-----------------------------------------------------------------------------------------------------------------------------

#-----------------------------------------------------------------------------------------------------------------------------
#                    Timing Point                      Flags   Arc   Edge   Cell     Fanout Load Trans Delay Arrival Instance 
#                                                                                           (fF)  (ps)  (ps)   (ps)  Location 
#-----------------------------------------------------------------------------------------------------------------------------
  u_core_gen_fast_tag_col[1].u_fast_tag_tag_o_reg[1]/C -       -     R     (arrival)     87    -   150     0      98    (-,-) 
  u_core_gen_fast_tag_col[1].u_fast_tag_tag_o_reg[1]/Q -       C->Q  F     DFRRQHDX1      2 23.7   274  1019    1117    (-,-) 
  u_core_gen_fast_tag_col[1].u_fast_tag_tag_o_reg[2]/D <<<     -     F     DFRRQHDX1      2    -     -     0    1117    (-,-) 
#-----------------------------------------------------------------------------------------------------------------------------

Capture clock path:
#-----------------------------------------------------------------------------------------------------------------------------
#                    Timing Point                      Flags   Arc   Edge   Cell     Fanout Load Trans Delay Arrival Instance 
#                                                                                           (fF)  (ps)  (ps)   (ps)  Location 
#-----------------------------------------------------------------------------------------------------------------------------
  u_core_u_osc_fast_u_ro_tune4/S[1]                    (i,b)   -     R     (arrival)     87  0.0     0     0    1665    (-,-) 
  u_core_gen_fast_tag_col[1].u_fast_tag_tag_o_reg[2]/C <<<     -     R     DFRRQHDX1     87    -   150     0    1665    (-,-) 
#-----------------------------------------------------------------------------------------------------------------------------



Path 56: VIOLATED (-195 ps) Setup Check with Pin u_core_gen_fast_tag_col[0].u_fast_tag_tag_o_reg[5]/C->D
           View: wc_view
          Group: clk_osc_fast
     Startpoint: (R) u_core_gen_fast_tag_col[0].u_fast_tag_tag_o_reg[4]/C
          Clock: (R) clk_osc_fast
       Endpoint: (F) u_core_gen_fast_tag_col[0].u_fast_tag_tag_o_reg[5]/D
          Clock: (R) clk_osc_fast

                     Capture       Launch     
        Clock Edge:+    1567            0     
       Src Latency:+       0            0     
       Net Latency:+       0 (I)        0 (I) 
           Arrival:=    1567            0     
                                              
             Setup:-     692                  
       Uncertainty:-      50                  
     Required Time:=     825                  
      Launch Clock:-       0                  
         Data Path:-    1019                  
             Slack:=    -195                  

Launch clock path:
#-----------------------------------------------------------------------------------------------------------------------------
#                    Timing Point                      Flags   Arc   Edge   Cell     Fanout Load Trans Delay Arrival Instance 
#                                                                                           (fF)  (ps)  (ps)   (ps)  Location 
#-----------------------------------------------------------------------------------------------------------------------------
  u_core_u_osc_fast_u_ro_tune4/S[0]                    (i,b)   -     R     (arrival)     89  0.0     0     0       0    (-,-) 
  u_core_gen_fast_tag_col[0].u_fast_tag_tag_o_reg[4]/C <<<     -     R     DFRRQHDX1     89    -   150     0       0    (-,-) 
#-----------------------------------------------------------------------------------------------------------------------------

#-----------------------------------------------------------------------------------------------------------------------------
#                    Timing Point                      Flags   Arc   Edge   Cell     Fanout Load Trans Delay Arrival Instance 
#                                                                                           (fF)  (ps)  (ps)   (ps)  Location 
#-----------------------------------------------------------------------------------------------------------------------------
  u_core_gen_fast_tag_col[0].u_fast_tag_tag_o_reg[4]/C -       -     R     (arrival)     89    -   150     0       0    (-,-) 
  u_core_gen_fast_tag_col[0].u_fast_tag_tag_o_reg[4]/Q -       C->Q  F     DFRRQHDX1      2 23.7   274  1019    1019    (-,-) 
  u_core_gen_fast_tag_col[0].u_fast_tag_tag_o_reg[5]/D <<<     -     F     DFRRQHDX1      2    -     -     0    1019    (-,-) 
#-----------------------------------------------------------------------------------------------------------------------------

Capture clock path:
#-----------------------------------------------------------------------------------------------------------------------------
#                    Timing Point                      Flags   Arc   Edge   Cell     Fanout Load Trans Delay Arrival Instance 
#                                                                                           (fF)  (ps)  (ps)   (ps)  Location 
#-----------------------------------------------------------------------------------------------------------------------------
  u_core_u_osc_fast_u_ro_tune4/S[0]                    (i,b)   -     R     (arrival)     89  0.0     0     0    1567    (-,-) 
  u_core_gen_fast_tag_col[0].u_fast_tag_tag_o_reg[5]/C <<<     -     R     DFRRQHDX1     89    -   150     0    1567    (-,-) 
#-----------------------------------------------------------------------------------------------------------------------------



Path 57: VIOLATED (-195 ps) Setup Check with Pin u_core_gen_fast_tag_col[0].u_fast_tag_tag_o_reg[4]/C->D
           View: wc_view
          Group: clk_osc_fast
     Startpoint: (R) u_core_gen_fast_tag_col[0].u_fast_tag_tag_o_reg[3]/C
          Clock: (R) clk_osc_fast
       Endpoint: (F) u_core_gen_fast_tag_col[0].u_fast_tag_tag_o_reg[4]/D
          Clock: (R) clk_osc_fast

                     Capture       Launch     
        Clock Edge:+    1567            0     
       Src Latency:+       0            0     
       Net Latency:+       0 (I)        0 (I) 
           Arrival:=    1567            0     
                                              
             Setup:-     692                  
       Uncertainty:-      50                  
     Required Time:=     825                  
      Launch Clock:-       0                  
         Data Path:-    1019                  
             Slack:=    -195                  

Launch clock path:
#-----------------------------------------------------------------------------------------------------------------------------
#                    Timing Point                      Flags   Arc   Edge   Cell     Fanout Load Trans Delay Arrival Instance 
#                                                                                           (fF)  (ps)  (ps)   (ps)  Location 
#-----------------------------------------------------------------------------------------------------------------------------
  u_core_u_osc_fast_u_ro_tune4/S[0]                    (i,b)   -     R     (arrival)     89  0.0     0     0       0    (-,-) 
  u_core_gen_fast_tag_col[0].u_fast_tag_tag_o_reg[3]/C <<<     -     R     DFRRQHDX1     89    -   150     0       0    (-,-) 
#-----------------------------------------------------------------------------------------------------------------------------

#-----------------------------------------------------------------------------------------------------------------------------
#                    Timing Point                      Flags   Arc   Edge   Cell     Fanout Load Trans Delay Arrival Instance 
#                                                                                           (fF)  (ps)  (ps)   (ps)  Location 
#-----------------------------------------------------------------------------------------------------------------------------
  u_core_gen_fast_tag_col[0].u_fast_tag_tag_o_reg[3]/C -       -     R     (arrival)     89    -   150     0       0    (-,-) 
  u_core_gen_fast_tag_col[0].u_fast_tag_tag_o_reg[3]/Q -       C->Q  F     DFRRQHDX1      2 23.7   274  1019    1019    (-,-) 
  u_core_gen_fast_tag_col[0].u_fast_tag_tag_o_reg[4]/D <<<     -     F     DFRRQHDX1      2    -     -     0    1019    (-,-) 
#-----------------------------------------------------------------------------------------------------------------------------

Capture clock path:
#-----------------------------------------------------------------------------------------------------------------------------
#                    Timing Point                      Flags   Arc   Edge   Cell     Fanout Load Trans Delay Arrival Instance 
#                                                                                           (fF)  (ps)  (ps)   (ps)  Location 
#-----------------------------------------------------------------------------------------------------------------------------
  u_core_u_osc_fast_u_ro_tune4/S[0]                    (i,b)   -     R     (arrival)     89  0.0     0     0    1567    (-,-) 
  u_core_gen_fast_tag_col[0].u_fast_tag_tag_o_reg[4]/C <<<     -     R     DFRRQHDX1     89    -   150     0    1567    (-,-) 
#-----------------------------------------------------------------------------------------------------------------------------



Path 58: VIOLATED (-195 ps) Setup Check with Pin u_core_gen_fast_tag_col[0].u_fast_tag_tag_o_reg[3]/C->D
           View: wc_view
          Group: clk_osc_fast
     Startpoint: (R) u_core_gen_fast_tag_col[0].u_fast_tag_tag_o_reg[2]/C
          Clock: (R) clk_osc_fast
       Endpoint: (F) u_core_gen_fast_tag_col[0].u_fast_tag_tag_o_reg[3]/D
          Clock: (R) clk_osc_fast

                     Capture       Launch     
        Clock Edge:+    1567            0     
       Src Latency:+       0            0     
       Net Latency:+       0 (I)        0 (I) 
           Arrival:=    1567            0     
                                              
             Setup:-     692                  
       Uncertainty:-      50                  
     Required Time:=     825                  
      Launch Clock:-       0                  
         Data Path:-    1019                  
             Slack:=    -195                  

Launch clock path:
#-----------------------------------------------------------------------------------------------------------------------------
#                    Timing Point                      Flags   Arc   Edge   Cell     Fanout Load Trans Delay Arrival Instance 
#                                                                                           (fF)  (ps)  (ps)   (ps)  Location 
#-----------------------------------------------------------------------------------------------------------------------------
  u_core_u_osc_fast_u_ro_tune4/S[0]                    (i,b)   -     R     (arrival)     89  0.0     0     0       0    (-,-) 
  u_core_gen_fast_tag_col[0].u_fast_tag_tag_o_reg[2]/C <<<     -     R     DFRRQHDX1     89    -   150     0       0    (-,-) 
#-----------------------------------------------------------------------------------------------------------------------------

#-----------------------------------------------------------------------------------------------------------------------------
#                    Timing Point                      Flags   Arc   Edge   Cell     Fanout Load Trans Delay Arrival Instance 
#                                                                                           (fF)  (ps)  (ps)   (ps)  Location 
#-----------------------------------------------------------------------------------------------------------------------------
  u_core_gen_fast_tag_col[0].u_fast_tag_tag_o_reg[2]/C -       -     R     (arrival)     89    -   150     0       0    (-,-) 
  u_core_gen_fast_tag_col[0].u_fast_tag_tag_o_reg[2]/Q -       C->Q  F     DFRRQHDX1      2 23.7   274  1019    1019    (-,-) 
  u_core_gen_fast_tag_col[0].u_fast_tag_tag_o_reg[3]/D <<<     -     F     DFRRQHDX1      2    -     -     0    1019    (-,-) 
#-----------------------------------------------------------------------------------------------------------------------------

Capture clock path:
#-----------------------------------------------------------------------------------------------------------------------------
#                    Timing Point                      Flags   Arc   Edge   Cell     Fanout Load Trans Delay Arrival Instance 
#                                                                                           (fF)  (ps)  (ps)   (ps)  Location 
#-----------------------------------------------------------------------------------------------------------------------------
  u_core_u_osc_fast_u_ro_tune4/S[0]                    (i,b)   -     R     (arrival)     89  0.0     0     0    1567    (-,-) 
  u_core_gen_fast_tag_col[0].u_fast_tag_tag_o_reg[3]/C <<<     -     R     DFRRQHDX1     89    -   150     0    1567    (-,-) 
#-----------------------------------------------------------------------------------------------------------------------------



Path 59: VIOLATED (-195 ps) Setup Check with Pin u_core_gen_fast_tag_col[0].u_fast_tag_tag_o_reg[2]/C->D
           View: wc_view
          Group: clk_osc_fast
     Startpoint: (R) u_core_gen_fast_tag_col[0].u_fast_tag_tag_o_reg[1]/C
          Clock: (R) clk_osc_fast
       Endpoint: (F) u_core_gen_fast_tag_col[0].u_fast_tag_tag_o_reg[2]/D
          Clock: (R) clk_osc_fast

                     Capture       Launch     
        Clock Edge:+    1567            0     
       Src Latency:+       0            0     
       Net Latency:+       0 (I)        0 (I) 
           Arrival:=    1567            0     
                                              
             Setup:-     692                  
       Uncertainty:-      50                  
     Required Time:=     825                  
      Launch Clock:-       0                  
         Data Path:-    1019                  
             Slack:=    -195                  

Launch clock path:
#-----------------------------------------------------------------------------------------------------------------------------
#                    Timing Point                      Flags   Arc   Edge   Cell     Fanout Load Trans Delay Arrival Instance 
#                                                                                           (fF)  (ps)  (ps)   (ps)  Location 
#-----------------------------------------------------------------------------------------------------------------------------
  u_core_u_osc_fast_u_ro_tune4/S[0]                    (i,b)   -     R     (arrival)     89  0.0     0     0       0    (-,-) 
  u_core_gen_fast_tag_col[0].u_fast_tag_tag_o_reg[1]/C <<<     -     R     DFRRQHDX1     89    -   150     0       0    (-,-) 
#-----------------------------------------------------------------------------------------------------------------------------

#-----------------------------------------------------------------------------------------------------------------------------
#                    Timing Point                      Flags   Arc   Edge   Cell     Fanout Load Trans Delay Arrival Instance 
#                                                                                           (fF)  (ps)  (ps)   (ps)  Location 
#-----------------------------------------------------------------------------------------------------------------------------
  u_core_gen_fast_tag_col[0].u_fast_tag_tag_o_reg[1]/C -       -     R     (arrival)     89    -   150     0       0    (-,-) 
  u_core_gen_fast_tag_col[0].u_fast_tag_tag_o_reg[1]/Q -       C->Q  F     DFRRQHDX1      2 23.7   274  1019    1019    (-,-) 
  u_core_gen_fast_tag_col[0].u_fast_tag_tag_o_reg[2]/D <<<     -     F     DFRRQHDX1      2    -     -     0    1019    (-,-) 
#-----------------------------------------------------------------------------------------------------------------------------

Capture clock path:
#-----------------------------------------------------------------------------------------------------------------------------
#                    Timing Point                      Flags   Arc   Edge   Cell     Fanout Load Trans Delay Arrival Instance 
#                                                                                           (fF)  (ps)  (ps)   (ps)  Location 
#-----------------------------------------------------------------------------------------------------------------------------
  u_core_u_osc_fast_u_ro_tune4/S[0]                    (i,b)   -     R     (arrival)     89  0.0     0     0    1567    (-,-) 
  u_core_gen_fast_tag_col[0].u_fast_tag_tag_o_reg[2]/C <<<     -     R     DFRRQHDX1     89    -   150     0    1567    (-,-) 
#-----------------------------------------------------------------------------------------------------------------------------



Path 60: VIOLATED (-115 ps) Setup Check with Pin u_core_u_slow_epoch_johnson_o_reg[0]/C->D
           View: wc_view
          Group: clk_osc_slow
     Startpoint: (R) u_core_u_slow_epoch_johnson_o_reg[63]/C
          Clock: (R) clk_osc_slow
       Endpoint: (F) u_core_u_slow_epoch_johnson_o_reg[0]/D
          Clock: (R) clk_osc_slow

                     Capture       Launch     
        Clock Edge:+    1667            0     
       Src Latency:+       0            0     
       Net Latency:+       0 (I)        0 (I) 
           Arrival:=    1667            0     
                                              
             Setup:-     667                  
       Uncertainty:-      50                  
     Required Time:=     950                  
      Launch Clock:-       0                  
         Data Path:-    1065                  
             Slack:=    -115                  

Launch clock path:
#----------------------------------------------------------------------------------------------------------------
#              Timing Point               Flags   Arc   Edge   Cell     Fanout Load Trans Delay Arrival Instance 
#                                                                              (fF)  (ps)  (ps)   (ps)  Location 
#----------------------------------------------------------------------------------------------------------------
  u_core_u_osc_slow_u_ro_tune4/S[0]       (i,b)   -     R     (arrival)     73  0.0     0     0       0    (-,-) 
  u_core_u_slow_epoch_johnson_o_reg[63]/C <<<     -     R     DFRRHDX1      73    -   150     0       0    (-,-) 
#----------------------------------------------------------------------------------------------------------------

#----------------------------------------------------------------------------------------------------------------
#              Timing Point               Flags   Arc   Edge   Cell     Fanout Load Trans Delay Arrival Instance 
#                                                                              (fF)  (ps)  (ps)   (ps)  Location 
#----------------------------------------------------------------------------------------------------------------
  u_core_u_slow_epoch_johnson_o_reg[63]/C -       -     R     (arrival)     73    -   150     0       0    (-,-) 
  u_core_u_slow_epoch_johnson_o_reg[63]/Q -       C->Q  R     DFRRHDX1       1 13.3   198   851     851    (-,-) 
  fopt203847/Q                            -       A->Q  F     INHDX1         2 19.2   182   214    1065    (-,-) 
  u_core_u_slow_epoch_johnson_o_reg[0]/D  <<<     -     F     DFRRQHDX1      2    -     -     0    1065    (-,-) 
#----------------------------------------------------------------------------------------------------------------

Capture clock path:
#---------------------------------------------------------------------------------------------------------------
#             Timing Point               Flags   Arc   Edge   Cell     Fanout Load Trans Delay Arrival Instance 
#                                                                             (fF)  (ps)  (ps)   (ps)  Location 
#---------------------------------------------------------------------------------------------------------------
  u_core_u_osc_slow_u_ro_tune4/S[0]      (i,b)   -     R     (arrival)     73  0.0     0     0    1667    (-,-) 
  u_core_u_slow_epoch_johnson_o_reg[0]/C <<<     -     R     DFRRQHDX1     73    -   150     0    1667    (-,-) 
#---------------------------------------------------------------------------------------------------------------



Path 61: VIOLATED (-64 ps) Setup Check with Pin u_core_u_slow_epoch_johnson_o_reg[1]/C->D
           View: wc_view
          Group: clk_osc_slow
     Startpoint: (R) u_core_u_slow_epoch_johnson_o_reg[0]/C
          Clock: (R) clk_osc_slow
       Endpoint: (F) u_core_u_slow_epoch_johnson_o_reg[1]/D
          Clock: (R) clk_osc_slow

                     Capture       Launch     
        Clock Edge:+    1667            0     
       Src Latency:+       0            0     
       Net Latency:+       0 (I)        0 (I) 
           Arrival:=    1667            0     
                                              
             Setup:-     687                  
       Uncertainty:-      50                  
     Required Time:=     930                  
      Launch Clock:-       0                  
         Data Path:-     993                  
             Slack:=     -64                  

Launch clock path:
#---------------------------------------------------------------------------------------------------------------
#             Timing Point               Flags   Arc   Edge   Cell     Fanout Load Trans Delay Arrival Instance 
#                                                                             (fF)  (ps)  (ps)   (ps)  Location 
#---------------------------------------------------------------------------------------------------------------
  u_core_u_osc_slow_u_ro_tune4/S[0]      (i,b)   -     R     (arrival)     73  0.0     0     0       0    (-,-) 
  u_core_u_slow_epoch_johnson_o_reg[0]/C <<<     -     R     DFRRQHDX1     73    -   150     0       0    (-,-) 
#---------------------------------------------------------------------------------------------------------------

#---------------------------------------------------------------------------------------------------------------
#             Timing Point               Flags   Arc   Edge   Cell     Fanout Load Trans Delay Arrival Instance 
#                                                                             (fF)  (ps)  (ps)   (ps)  Location 
#---------------------------------------------------------------------------------------------------------------
  u_core_u_slow_epoch_johnson_o_reg[0]/C -       -     R     (arrival)     73    -   150     0       0    (-,-) 
  u_core_u_slow_epoch_johnson_o_reg[0]/Q -       C->Q  F     DFRRQHDX1      2 20.9   256   993     993    (-,-) 
  u_core_u_slow_epoch_johnson_o_reg[1]/D <<<     -     F     DFRRQHDX1      2    -     -     0     993    (-,-) 
#---------------------------------------------------------------------------------------------------------------

Capture clock path:
#---------------------------------------------------------------------------------------------------------------
#             Timing Point               Flags   Arc   Edge   Cell     Fanout Load Trans Delay Arrival Instance 
#                                                                             (fF)  (ps)  (ps)   (ps)  Location 
#---------------------------------------------------------------------------------------------------------------
  u_core_u_osc_slow_u_ro_tune4/S[0]      (i,b)   -     R     (arrival)     73  0.0     0     0    1667    (-,-) 
  u_core_u_slow_epoch_johnson_o_reg[1]/C <<<     -     R     DFRRQHDX1     73    -   150     0    1667    (-,-) 
#---------------------------------------------------------------------------------------------------------------



Path 62: VIOLATED (-64 ps) Setup Check with Pin u_core_u_slow_epoch_johnson_o_reg[62]/C->D
           View: wc_view
          Group: clk_osc_slow
     Startpoint: (R) u_core_u_slow_epoch_johnson_o_reg[61]/C
          Clock: (R) clk_osc_slow
       Endpoint: (F) u_core_u_slow_epoch_johnson_o_reg[62]/D
          Clock: (R) clk_osc_slow

                     Capture       Launch     
        Clock Edge:+    1667            0     
       Src Latency:+       0            0     
       Net Latency:+       0 (I)        0 (I) 
           Arrival:=    1667            0     
                                              
             Setup:-     687                  
       Uncertainty:-      50                  
     Required Time:=     930                  
      Launch Clock:-       0                  
         Data Path:-     993                  
             Slack:=     -64                  

Launch clock path:
#----------------------------------------------------------------------------------------------------------------
#              Timing Point               Flags   Arc   Edge   Cell     Fanout Load Trans Delay Arrival Instance 
#                                                                              (fF)  (ps)  (ps)   (ps)  Location 
#----------------------------------------------------------------------------------------------------------------
  u_core_u_osc_slow_u_ro_tune4/S[0]       (i,b)   -     R     (arrival)     73  0.0     0     0       0    (-,-) 
  u_core_u_slow_epoch_johnson_o_reg[61]/C <<<     -     R     DFRRQHDX1     73    -   150     0       0    (-,-) 
#----------------------------------------------------------------------------------------------------------------

#----------------------------------------------------------------------------------------------------------------
#              Timing Point               Flags   Arc   Edge   Cell     Fanout Load Trans Delay Arrival Instance 
#                                                                              (fF)  (ps)  (ps)   (ps)  Location 
#----------------------------------------------------------------------------------------------------------------
  u_core_u_slow_epoch_johnson_o_reg[61]/C -       -     R     (arrival)     73    -   150     0       0    (-,-) 
  u_core_u_slow_epoch_johnson_o_reg[61]/Q -       C->Q  F     DFRRQHDX1      2 20.9   256   993     993    (-,-) 
  u_core_u_slow_epoch_johnson_o_reg[62]/D <<<     -     F     DFRRQHDX1      2    -     -     0     993    (-,-) 
#----------------------------------------------------------------------------------------------------------------

Capture clock path:
#----------------------------------------------------------------------------------------------------------------
#              Timing Point               Flags   Arc   Edge   Cell     Fanout Load Trans Delay Arrival Instance 
#                                                                              (fF)  (ps)  (ps)   (ps)  Location 
#----------------------------------------------------------------------------------------------------------------
  u_core_u_osc_slow_u_ro_tune4/S[0]       (i,b)   -     R     (arrival)     73  0.0     0     0    1667    (-,-) 
  u_core_u_slow_epoch_johnson_o_reg[62]/C <<<     -     R     DFRRQHDX1     73    -   150     0    1667    (-,-) 
#----------------------------------------------------------------------------------------------------------------



Path 63: VIOLATED (-64 ps) Setup Check with Pin u_core_u_slow_epoch_johnson_o_reg[61]/C->D
           View: wc_view
          Group: clk_osc_slow
     Startpoint: (R) u_core_u_slow_epoch_johnson_o_reg[60]/C
          Clock: (R) clk_osc_slow
       Endpoint: (F) u_core_u_slow_epoch_johnson_o_reg[61]/D
          Clock: (R) clk_osc_slow

                     Capture       Launch     
        Clock Edge:+    1667            0     
       Src Latency:+       0            0     
       Net Latency:+       0 (I)        0 (I) 
           Arrival:=    1667            0     
                                              
             Setup:-     687                  
       Uncertainty:-      50                  
     Required Time:=     930                  
      Launch Clock:-       0                  
         Data Path:-     993                  
             Slack:=     -64                  

Launch clock path:
#----------------------------------------------------------------------------------------------------------------
#              Timing Point               Flags   Arc   Edge   Cell     Fanout Load Trans Delay Arrival Instance 
#                                                                              (fF)  (ps)  (ps)   (ps)  Location 
#----------------------------------------------------------------------------------------------------------------
  u_core_u_osc_slow_u_ro_tune4/S[0]       (i,b)   -     R     (arrival)     73  0.0     0     0       0    (-,-) 
  u_core_u_slow_epoch_johnson_o_reg[60]/C <<<     -     R     DFRRQHDX1     73    -   150     0       0    (-,-) 
#----------------------------------------------------------------------------------------------------------------

#----------------------------------------------------------------------------------------------------------------
#              Timing Point               Flags   Arc   Edge   Cell     Fanout Load Trans Delay Arrival Instance 
#                                                                              (fF)  (ps)  (ps)   (ps)  Location 
#----------------------------------------------------------------------------------------------------------------
  u_core_u_slow_epoch_johnson_o_reg[60]/C -       -     R     (arrival)     73    -   150     0       0    (-,-) 
  u_core_u_slow_epoch_johnson_o_reg[60]/Q -       C->Q  F     DFRRQHDX1      2 20.9   256   993     993    (-,-) 
  u_core_u_slow_epoch_johnson_o_reg[61]/D <<<     -     F     DFRRQHDX1      2    -     -     0     993    (-,-) 
#----------------------------------------------------------------------------------------------------------------

Capture clock path:
#----------------------------------------------------------------------------------------------------------------
#              Timing Point               Flags   Arc   Edge   Cell     Fanout Load Trans Delay Arrival Instance 
#                                                                              (fF)  (ps)  (ps)   (ps)  Location 
#----------------------------------------------------------------------------------------------------------------
  u_core_u_osc_slow_u_ro_tune4/S[0]       (i,b)   -     R     (arrival)     73  0.0     0     0    1667    (-,-) 
  u_core_u_slow_epoch_johnson_o_reg[61]/C <<<     -     R     DFRRQHDX1     73    -   150     0    1667    (-,-) 
#----------------------------------------------------------------------------------------------------------------



Path 64: VIOLATED (-64 ps) Setup Check with Pin u_core_u_slow_epoch_johnson_o_reg[60]/C->D
           View: wc_view
          Group: clk_osc_slow
     Startpoint: (R) u_core_u_slow_epoch_johnson_o_reg[59]/C
          Clock: (R) clk_osc_slow
       Endpoint: (F) u_core_u_slow_epoch_johnson_o_reg[60]/D
          Clock: (R) clk_osc_slow

                     Capture       Launch     
        Clock Edge:+    1667            0     
       Src Latency:+       0            0     
       Net Latency:+       0 (I)        0 (I) 
           Arrival:=    1667            0     
                                              
             Setup:-     687                  
       Uncertainty:-      50                  
     Required Time:=     930                  
      Launch Clock:-       0                  
         Data Path:-     993                  
             Slack:=     -64                  

Launch clock path:
#----------------------------------------------------------------------------------------------------------------
#              Timing Point               Flags   Arc   Edge   Cell     Fanout Load Trans Delay Arrival Instance 
#                                                                              (fF)  (ps)  (ps)   (ps)  Location 
#----------------------------------------------------------------------------------------------------------------
  u_core_u_osc_slow_u_ro_tune4/S[0]       (i,b)   -     R     (arrival)     73  0.0     0     0       0    (-,-) 
  u_core_u_slow_epoch_johnson_o_reg[59]/C <<<     -     R     DFRRQHDX1     73    -   150     0       0    (-,-) 
#----------------------------------------------------------------------------------------------------------------

#----------------------------------------------------------------------------------------------------------------
#              Timing Point               Flags   Arc   Edge   Cell     Fanout Load Trans Delay Arrival Instance 
#                                                                              (fF)  (ps)  (ps)   (ps)  Location 
#----------------------------------------------------------------------------------------------------------------
  u_core_u_slow_epoch_johnson_o_reg[59]/C -       -     R     (arrival)     73    -   150     0       0    (-,-) 
  u_core_u_slow_epoch_johnson_o_reg[59]/Q -       C->Q  F     DFRRQHDX1      2 20.9   256   993     993    (-,-) 
  u_core_u_slow_epoch_johnson_o_reg[60]/D <<<     -     F     DFRRQHDX1      2    -     -     0     993    (-,-) 
#----------------------------------------------------------------------------------------------------------------

Capture clock path:
#----------------------------------------------------------------------------------------------------------------
#              Timing Point               Flags   Arc   Edge   Cell     Fanout Load Trans Delay Arrival Instance 
#                                                                              (fF)  (ps)  (ps)   (ps)  Location 
#----------------------------------------------------------------------------------------------------------------
  u_core_u_osc_slow_u_ro_tune4/S[0]       (i,b)   -     R     (arrival)     73  0.0     0     0    1667    (-,-) 
  u_core_u_slow_epoch_johnson_o_reg[60]/C <<<     -     R     DFRRQHDX1     73    -   150     0    1667    (-,-) 
#----------------------------------------------------------------------------------------------------------------



Path 65: VIOLATED (-64 ps) Setup Check with Pin u_core_u_slow_epoch_johnson_o_reg[59]/C->D
           View: wc_view
          Group: clk_osc_slow
     Startpoint: (R) u_core_u_slow_epoch_johnson_o_reg[58]/C
          Clock: (R) clk_osc_slow
       Endpoint: (F) u_core_u_slow_epoch_johnson_o_reg[59]/D
          Clock: (R) clk_osc_slow

                     Capture       Launch     
        Clock Edge:+    1667            0     
       Src Latency:+       0            0     
       Net Latency:+       0 (I)        0 (I) 
           Arrival:=    1667            0     
                                              
             Setup:-     687                  
       Uncertainty:-      50                  
     Required Time:=     930                  
      Launch Clock:-       0                  
         Data Path:-     993                  
             Slack:=     -64                  

Launch clock path:
#----------------------------------------------------------------------------------------------------------------
#              Timing Point               Flags   Arc   Edge   Cell     Fanout Load Trans Delay Arrival Instance 
#                                                                              (fF)  (ps)  (ps)   (ps)  Location 
#----------------------------------------------------------------------------------------------------------------
  u_core_u_osc_slow_u_ro_tune4/S[0]       (i,b)   -     R     (arrival)     73  0.0     0     0       0    (-,-) 
  u_core_u_slow_epoch_johnson_o_reg[58]/C <<<     -     R     DFRRQHDX1     73    -   150     0       0    (-,-) 
#----------------------------------------------------------------------------------------------------------------

#----------------------------------------------------------------------------------------------------------------
#              Timing Point               Flags   Arc   Edge   Cell     Fanout Load Trans Delay Arrival Instance 
#                                                                              (fF)  (ps)  (ps)   (ps)  Location 
#----------------------------------------------------------------------------------------------------------------
  u_core_u_slow_epoch_johnson_o_reg[58]/C -       -     R     (arrival)     73    -   150     0       0    (-,-) 
  u_core_u_slow_epoch_johnson_o_reg[58]/Q -       C->Q  F     DFRRQHDX1      2 20.9   256   993     993    (-,-) 
  u_core_u_slow_epoch_johnson_o_reg[59]/D <<<     -     F     DFRRQHDX1      2    -     -     0     993    (-,-) 
#----------------------------------------------------------------------------------------------------------------

Capture clock path:
#----------------------------------------------------------------------------------------------------------------
#              Timing Point               Flags   Arc   Edge   Cell     Fanout Load Trans Delay Arrival Instance 
#                                                                              (fF)  (ps)  (ps)   (ps)  Location 
#----------------------------------------------------------------------------------------------------------------
  u_core_u_osc_slow_u_ro_tune4/S[0]       (i,b)   -     R     (arrival)     73  0.0     0     0    1667    (-,-) 
  u_core_u_slow_epoch_johnson_o_reg[59]/C <<<     -     R     DFRRQHDX1     73    -   150     0    1667    (-,-) 
#----------------------------------------------------------------------------------------------------------------



Path 66: VIOLATED (-64 ps) Setup Check with Pin u_core_u_slow_epoch_johnson_o_reg[58]/C->D
           View: wc_view
          Group: clk_osc_slow
     Startpoint: (R) u_core_u_slow_epoch_johnson_o_reg[57]/C
          Clock: (R) clk_osc_slow
       Endpoint: (F) u_core_u_slow_epoch_johnson_o_reg[58]/D
          Clock: (R) clk_osc_slow

                     Capture       Launch     
        Clock Edge:+    1667            0     
       Src Latency:+       0            0     
       Net Latency:+       0 (I)        0 (I) 
           Arrival:=    1667            0     
                                              
             Setup:-     687                  
       Uncertainty:-      50                  
     Required Time:=     930                  
      Launch Clock:-       0                  
         Data Path:-     993                  
             Slack:=     -64                  

Launch clock path:
#----------------------------------------------------------------------------------------------------------------
#              Timing Point               Flags   Arc   Edge   Cell     Fanout Load Trans Delay Arrival Instance 
#                                                                              (fF)  (ps)  (ps)   (ps)  Location 
#----------------------------------------------------------------------------------------------------------------
  u_core_u_osc_slow_u_ro_tune4/S[0]       (i,b)   -     R     (arrival)     73  0.0     0     0       0    (-,-) 
  u_core_u_slow_epoch_johnson_o_reg[57]/C <<<     -     R     DFRRQHDX1     73    -   150     0       0    (-,-) 
#----------------------------------------------------------------------------------------------------------------

#----------------------------------------------------------------------------------------------------------------
#              Timing Point               Flags   Arc   Edge   Cell     Fanout Load Trans Delay Arrival Instance 
#                                                                              (fF)  (ps)  (ps)   (ps)  Location 
#----------------------------------------------------------------------------------------------------------------
  u_core_u_slow_epoch_johnson_o_reg[57]/C -       -     R     (arrival)     73    -   150     0       0    (-,-) 
  u_core_u_slow_epoch_johnson_o_reg[57]/Q -       C->Q  F     DFRRQHDX1      2 20.9   256   993     993    (-,-) 
  u_core_u_slow_epoch_johnson_o_reg[58]/D <<<     -     F     DFRRQHDX1      2    -     -     0     993    (-,-) 
#----------------------------------------------------------------------------------------------------------------

Capture clock path:
#----------------------------------------------------------------------------------------------------------------
#              Timing Point               Flags   Arc   Edge   Cell     Fanout Load Trans Delay Arrival Instance 
#                                                                              (fF)  (ps)  (ps)   (ps)  Location 
#----------------------------------------------------------------------------------------------------------------
  u_core_u_osc_slow_u_ro_tune4/S[0]       (i,b)   -     R     (arrival)     73  0.0     0     0    1667    (-,-) 
  u_core_u_slow_epoch_johnson_o_reg[58]/C <<<     -     R     DFRRQHDX1     73    -   150     0    1667    (-,-) 
#----------------------------------------------------------------------------------------------------------------



Path 67: VIOLATED (-64 ps) Setup Check with Pin u_core_u_slow_epoch_johnson_o_reg[56]/C->D
           View: wc_view
          Group: clk_osc_slow
     Startpoint: (R) u_core_u_slow_epoch_johnson_o_reg[55]/C
          Clock: (R) clk_osc_slow
       Endpoint: (F) u_core_u_slow_epoch_johnson_o_reg[56]/D
          Clock: (R) clk_osc_slow

                     Capture       Launch     
        Clock Edge:+    1667            0     
       Src Latency:+       0            0     
       Net Latency:+       0 (I)        0 (I) 
           Arrival:=    1667            0     
                                              
             Setup:-     687                  
       Uncertainty:-      50                  
     Required Time:=     930                  
      Launch Clock:-       0                  
         Data Path:-     993                  
             Slack:=     -64                  

Launch clock path:
#----------------------------------------------------------------------------------------------------------------
#              Timing Point               Flags   Arc   Edge   Cell     Fanout Load Trans Delay Arrival Instance 
#                                                                              (fF)  (ps)  (ps)   (ps)  Location 
#----------------------------------------------------------------------------------------------------------------
  u_core_u_osc_slow_u_ro_tune4/S[0]       (i,b)   -     R     (arrival)     73  0.0     0     0       0    (-,-) 
  u_core_u_slow_epoch_johnson_o_reg[55]/C <<<     -     R     DFRRQHDX1     73    -   150     0       0    (-,-) 
#----------------------------------------------------------------------------------------------------------------

#----------------------------------------------------------------------------------------------------------------
#              Timing Point               Flags   Arc   Edge   Cell     Fanout Load Trans Delay Arrival Instance 
#                                                                              (fF)  (ps)  (ps)   (ps)  Location 
#----------------------------------------------------------------------------------------------------------------
  u_core_u_slow_epoch_johnson_o_reg[55]/C -       -     R     (arrival)     73    -   150     0       0    (-,-) 
  u_core_u_slow_epoch_johnson_o_reg[55]/Q -       C->Q  F     DFRRQHDX1      2 20.9   256   993     993    (-,-) 
  u_core_u_slow_epoch_johnson_o_reg[56]/D <<<     -     F     DFRRQHDX1      2    -     -     0     993    (-,-) 
#----------------------------------------------------------------------------------------------------------------

Capture clock path:
#----------------------------------------------------------------------------------------------------------------
#              Timing Point               Flags   Arc   Edge   Cell     Fanout Load Trans Delay Arrival Instance 
#                                                                              (fF)  (ps)  (ps)   (ps)  Location 
#----------------------------------------------------------------------------------------------------------------
  u_core_u_osc_slow_u_ro_tune4/S[0]       (i,b)   -     R     (arrival)     73  0.0     0     0    1667    (-,-) 
  u_core_u_slow_epoch_johnson_o_reg[56]/C <<<     -     R     DFRRQHDX1     73    -   150     0    1667    (-,-) 
#----------------------------------------------------------------------------------------------------------------



Path 68: VIOLATED (-64 ps) Setup Check with Pin u_core_u_slow_epoch_johnson_o_reg[55]/C->D
           View: wc_view
          Group: clk_osc_slow
     Startpoint: (R) u_core_u_slow_epoch_johnson_o_reg[54]/C
          Clock: (R) clk_osc_slow
       Endpoint: (F) u_core_u_slow_epoch_johnson_o_reg[55]/D
          Clock: (R) clk_osc_slow

                     Capture       Launch     
        Clock Edge:+    1667            0     
       Src Latency:+       0            0     
       Net Latency:+       0 (I)        0 (I) 
           Arrival:=    1667            0     
                                              
             Setup:-     687                  
       Uncertainty:-      50                  
     Required Time:=     930                  
      Launch Clock:-       0                  
         Data Path:-     993                  
             Slack:=     -64                  

Launch clock path:
#----------------------------------------------------------------------------------------------------------------
#              Timing Point               Flags   Arc   Edge   Cell     Fanout Load Trans Delay Arrival Instance 
#                                                                              (fF)  (ps)  (ps)   (ps)  Location 
#----------------------------------------------------------------------------------------------------------------
  u_core_u_osc_slow_u_ro_tune4/S[0]       (i,b)   -     R     (arrival)     73  0.0     0     0       0    (-,-) 
  u_core_u_slow_epoch_johnson_o_reg[54]/C <<<     -     R     DFRRQHDX1     73    -   150     0       0    (-,-) 
#----------------------------------------------------------------------------------------------------------------

#----------------------------------------------------------------------------------------------------------------
#              Timing Point               Flags   Arc   Edge   Cell     Fanout Load Trans Delay Arrival Instance 
#                                                                              (fF)  (ps)  (ps)   (ps)  Location 
#----------------------------------------------------------------------------------------------------------------
  u_core_u_slow_epoch_johnson_o_reg[54]/C -       -     R     (arrival)     73    -   150     0       0    (-,-) 
  u_core_u_slow_epoch_johnson_o_reg[54]/Q -       C->Q  F     DFRRQHDX1      2 20.9   256   993     993    (-,-) 
  u_core_u_slow_epoch_johnson_o_reg[55]/D <<<     -     F     DFRRQHDX1      2    -     -     0     993    (-,-) 
#----------------------------------------------------------------------------------------------------------------

Capture clock path:
#----------------------------------------------------------------------------------------------------------------
#              Timing Point               Flags   Arc   Edge   Cell     Fanout Load Trans Delay Arrival Instance 
#                                                                              (fF)  (ps)  (ps)   (ps)  Location 
#----------------------------------------------------------------------------------------------------------------
  u_core_u_osc_slow_u_ro_tune4/S[0]       (i,b)   -     R     (arrival)     73  0.0     0     0    1667    (-,-) 
  u_core_u_slow_epoch_johnson_o_reg[55]/C <<<     -     R     DFRRQHDX1     73    -   150     0    1667    (-,-) 
#----------------------------------------------------------------------------------------------------------------



Path 69: VIOLATED (-64 ps) Setup Check with Pin u_core_u_slow_epoch_johnson_o_reg[53]/C->D
           View: wc_view
          Group: clk_osc_slow
     Startpoint: (R) u_core_u_slow_epoch_johnson_o_reg[52]/C
          Clock: (R) clk_osc_slow
       Endpoint: (F) u_core_u_slow_epoch_johnson_o_reg[53]/D
          Clock: (R) clk_osc_slow

                     Capture       Launch     
        Clock Edge:+    1667            0     
       Src Latency:+       0            0     
       Net Latency:+       0 (I)        0 (I) 
           Arrival:=    1667            0     
                                              
             Setup:-     687                  
       Uncertainty:-      50                  
     Required Time:=     930                  
      Launch Clock:-       0                  
         Data Path:-     993                  
             Slack:=     -64                  

Launch clock path:
#----------------------------------------------------------------------------------------------------------------
#              Timing Point               Flags   Arc   Edge   Cell     Fanout Load Trans Delay Arrival Instance 
#                                                                              (fF)  (ps)  (ps)   (ps)  Location 
#----------------------------------------------------------------------------------------------------------------
  u_core_u_osc_slow_u_ro_tune4/S[0]       (i,b)   -     R     (arrival)     73  0.0     0     0       0    (-,-) 
  u_core_u_slow_epoch_johnson_o_reg[52]/C <<<     -     R     DFRRQHDX1     73    -   150     0       0    (-,-) 
#----------------------------------------------------------------------------------------------------------------

#----------------------------------------------------------------------------------------------------------------
#              Timing Point               Flags   Arc   Edge   Cell     Fanout Load Trans Delay Arrival Instance 
#                                                                              (fF)  (ps)  (ps)   (ps)  Location 
#----------------------------------------------------------------------------------------------------------------
  u_core_u_slow_epoch_johnson_o_reg[52]/C -       -     R     (arrival)     73    -   150     0       0    (-,-) 
  u_core_u_slow_epoch_johnson_o_reg[52]/Q -       C->Q  F     DFRRQHDX1      2 20.9   256   993     993    (-,-) 
  u_core_u_slow_epoch_johnson_o_reg[53]/D <<<     -     F     DFRRQHDX1      2    -     -     0     993    (-,-) 
#----------------------------------------------------------------------------------------------------------------

Capture clock path:
#----------------------------------------------------------------------------------------------------------------
#              Timing Point               Flags   Arc   Edge   Cell     Fanout Load Trans Delay Arrival Instance 
#                                                                              (fF)  (ps)  (ps)   (ps)  Location 
#----------------------------------------------------------------------------------------------------------------
  u_core_u_osc_slow_u_ro_tune4/S[0]       (i,b)   -     R     (arrival)     73  0.0     0     0    1667    (-,-) 
  u_core_u_slow_epoch_johnson_o_reg[53]/C <<<     -     R     DFRRQHDX1     73    -   150     0    1667    (-,-) 
#----------------------------------------------------------------------------------------------------------------



Path 70: VIOLATED (-64 ps) Setup Check with Pin u_core_u_slow_epoch_johnson_o_reg[52]/C->D
           View: wc_view
          Group: clk_osc_slow
     Startpoint: (R) u_core_u_slow_epoch_johnson_o_reg[51]/C
          Clock: (R) clk_osc_slow
       Endpoint: (F) u_core_u_slow_epoch_johnson_o_reg[52]/D
          Clock: (R) clk_osc_slow

                     Capture       Launch     
        Clock Edge:+    1667            0     
       Src Latency:+       0            0     
       Net Latency:+       0 (I)        0 (I) 
           Arrival:=    1667            0     
                                              
             Setup:-     687                  
       Uncertainty:-      50                  
     Required Time:=     930                  
      Launch Clock:-       0                  
         Data Path:-     993                  
             Slack:=     -64                  

Launch clock path:
#----------------------------------------------------------------------------------------------------------------
#              Timing Point               Flags   Arc   Edge   Cell     Fanout Load Trans Delay Arrival Instance 
#                                                                              (fF)  (ps)  (ps)   (ps)  Location 
#----------------------------------------------------------------------------------------------------------------
  u_core_u_osc_slow_u_ro_tune4/S[0]       (i,b)   -     R     (arrival)     73  0.0     0     0       0    (-,-) 
  u_core_u_slow_epoch_johnson_o_reg[51]/C <<<     -     R     DFRRQHDX1     73    -   150     0       0    (-,-) 
#----------------------------------------------------------------------------------------------------------------

#----------------------------------------------------------------------------------------------------------------
#              Timing Point               Flags   Arc   Edge   Cell     Fanout Load Trans Delay Arrival Instance 
#                                                                              (fF)  (ps)  (ps)   (ps)  Location 
#----------------------------------------------------------------------------------------------------------------
  u_core_u_slow_epoch_johnson_o_reg[51]/C -       -     R     (arrival)     73    -   150     0       0    (-,-) 
  u_core_u_slow_epoch_johnson_o_reg[51]/Q -       C->Q  F     DFRRQHDX1      2 20.9   256   993     993    (-,-) 
  u_core_u_slow_epoch_johnson_o_reg[52]/D <<<     -     F     DFRRQHDX1      2    -     -     0     993    (-,-) 
#----------------------------------------------------------------------------------------------------------------

Capture clock path:
#----------------------------------------------------------------------------------------------------------------
#              Timing Point               Flags   Arc   Edge   Cell     Fanout Load Trans Delay Arrival Instance 
#                                                                              (fF)  (ps)  (ps)   (ps)  Location 
#----------------------------------------------------------------------------------------------------------------
  u_core_u_osc_slow_u_ro_tune4/S[0]       (i,b)   -     R     (arrival)     73  0.0     0     0    1667    (-,-) 
  u_core_u_slow_epoch_johnson_o_reg[52]/C <<<     -     R     DFRRQHDX1     73    -   150     0    1667    (-,-) 
#----------------------------------------------------------------------------------------------------------------



Path 71: VIOLATED (-64 ps) Setup Check with Pin u_core_u_slow_epoch_johnson_o_reg[51]/C->D
           View: wc_view
          Group: clk_osc_slow
     Startpoint: (R) u_core_u_slow_epoch_johnson_o_reg[50]/C
          Clock: (R) clk_osc_slow
       Endpoint: (F) u_core_u_slow_epoch_johnson_o_reg[51]/D
          Clock: (R) clk_osc_slow

                     Capture       Launch     
        Clock Edge:+    1667            0     
       Src Latency:+       0            0     
       Net Latency:+       0 (I)        0 (I) 
           Arrival:=    1667            0     
                                              
             Setup:-     687                  
       Uncertainty:-      50                  
     Required Time:=     930                  
      Launch Clock:-       0                  
         Data Path:-     993                  
             Slack:=     -64                  

Launch clock path:
#----------------------------------------------------------------------------------------------------------------
#              Timing Point               Flags   Arc   Edge   Cell     Fanout Load Trans Delay Arrival Instance 
#                                                                              (fF)  (ps)  (ps)   (ps)  Location 
#----------------------------------------------------------------------------------------------------------------
  u_core_u_osc_slow_u_ro_tune4/S[0]       (i,b)   -     R     (arrival)     73  0.0     0     0       0    (-,-) 
  u_core_u_slow_epoch_johnson_o_reg[50]/C <<<     -     R     DFRRQHDX1     73    -   150     0       0    (-,-) 
#----------------------------------------------------------------------------------------------------------------

#----------------------------------------------------------------------------------------------------------------
#              Timing Point               Flags   Arc   Edge   Cell     Fanout Load Trans Delay Arrival Instance 
#                                                                              (fF)  (ps)  (ps)   (ps)  Location 
#----------------------------------------------------------------------------------------------------------------
  u_core_u_slow_epoch_johnson_o_reg[50]/C -       -     R     (arrival)     73    -   150     0       0    (-,-) 
  u_core_u_slow_epoch_johnson_o_reg[50]/Q -       C->Q  F     DFRRQHDX1      2 20.9   256   993     993    (-,-) 
  u_core_u_slow_epoch_johnson_o_reg[51]/D <<<     -     F     DFRRQHDX1      2    -     -     0     993    (-,-) 
#----------------------------------------------------------------------------------------------------------------

Capture clock path:
#----------------------------------------------------------------------------------------------------------------
#              Timing Point               Flags   Arc   Edge   Cell     Fanout Load Trans Delay Arrival Instance 
#                                                                              (fF)  (ps)  (ps)   (ps)  Location 
#----------------------------------------------------------------------------------------------------------------
  u_core_u_osc_slow_u_ro_tune4/S[0]       (i,b)   -     R     (arrival)     73  0.0     0     0    1667    (-,-) 
  u_core_u_slow_epoch_johnson_o_reg[51]/C <<<     -     R     DFRRQHDX1     73    -   150     0    1667    (-,-) 
#----------------------------------------------------------------------------------------------------------------



Path 72: VIOLATED (-64 ps) Setup Check with Pin u_core_u_slow_epoch_johnson_o_reg[50]/C->D
           View: wc_view
          Group: clk_osc_slow
     Startpoint: (R) u_core_u_slow_epoch_johnson_o_reg[49]/C
          Clock: (R) clk_osc_slow
       Endpoint: (F) u_core_u_slow_epoch_johnson_o_reg[50]/D
          Clock: (R) clk_osc_slow

                     Capture       Launch     
        Clock Edge:+    1667            0     
       Src Latency:+       0            0     
       Net Latency:+       0 (I)        0 (I) 
           Arrival:=    1667            0     
                                              
             Setup:-     687                  
       Uncertainty:-      50                  
     Required Time:=     930                  
      Launch Clock:-       0                  
         Data Path:-     993                  
             Slack:=     -64                  

Launch clock path:
#----------------------------------------------------------------------------------------------------------------
#              Timing Point               Flags   Arc   Edge   Cell     Fanout Load Trans Delay Arrival Instance 
#                                                                              (fF)  (ps)  (ps)   (ps)  Location 
#----------------------------------------------------------------------------------------------------------------
  u_core_u_osc_slow_u_ro_tune4/S[0]       (i,b)   -     R     (arrival)     73  0.0     0     0       0    (-,-) 
  u_core_u_slow_epoch_johnson_o_reg[49]/C <<<     -     R     DFRRQHDX1     73    -   150     0       0    (-,-) 
#----------------------------------------------------------------------------------------------------------------

#----------------------------------------------------------------------------------------------------------------
#              Timing Point               Flags   Arc   Edge   Cell     Fanout Load Trans Delay Arrival Instance 
#                                                                              (fF)  (ps)  (ps)   (ps)  Location 
#----------------------------------------------------------------------------------------------------------------
  u_core_u_slow_epoch_johnson_o_reg[49]/C -       -     R     (arrival)     73    -   150     0       0    (-,-) 
  u_core_u_slow_epoch_johnson_o_reg[49]/Q -       C->Q  F     DFRRQHDX1      2 20.9   256   993     993    (-,-) 
  u_core_u_slow_epoch_johnson_o_reg[50]/D <<<     -     F     DFRRQHDX1      2    -     -     0     993    (-,-) 
#----------------------------------------------------------------------------------------------------------------

Capture clock path:
#----------------------------------------------------------------------------------------------------------------
#              Timing Point               Flags   Arc   Edge   Cell     Fanout Load Trans Delay Arrival Instance 
#                                                                              (fF)  (ps)  (ps)   (ps)  Location 
#----------------------------------------------------------------------------------------------------------------
  u_core_u_osc_slow_u_ro_tune4/S[0]       (i,b)   -     R     (arrival)     73  0.0     0     0    1667    (-,-) 
  u_core_u_slow_epoch_johnson_o_reg[50]/C <<<     -     R     DFRRQHDX1     73    -   150     0    1667    (-,-) 
#----------------------------------------------------------------------------------------------------------------



Path 73: VIOLATED (-64 ps) Setup Check with Pin u_core_u_slow_epoch_johnson_o_reg[46]/C->D
           View: wc_view
          Group: clk_osc_slow
     Startpoint: (R) u_core_u_slow_epoch_johnson_o_reg[45]/C
          Clock: (R) clk_osc_slow
       Endpoint: (F) u_core_u_slow_epoch_johnson_o_reg[46]/D
          Clock: (R) clk_osc_slow

                     Capture       Launch     
        Clock Edge:+    1667            0     
       Src Latency:+       0            0     
       Net Latency:+       0 (I)        0 (I) 
           Arrival:=    1667            0     
                                              
             Setup:-     687                  
       Uncertainty:-      50                  
     Required Time:=     930                  
      Launch Clock:-       0                  
         Data Path:-     993                  
             Slack:=     -64                  

Launch clock path:
#----------------------------------------------------------------------------------------------------------------
#              Timing Point               Flags   Arc   Edge   Cell     Fanout Load Trans Delay Arrival Instance 
#                                                                              (fF)  (ps)  (ps)   (ps)  Location 
#----------------------------------------------------------------------------------------------------------------
  u_core_u_osc_slow_u_ro_tune4/S[0]       (i,b)   -     R     (arrival)     73  0.0     0     0       0    (-,-) 
  u_core_u_slow_epoch_johnson_o_reg[45]/C <<<     -     R     DFRRQHDX1     73    -   150     0       0    (-,-) 
#----------------------------------------------------------------------------------------------------------------

#----------------------------------------------------------------------------------------------------------------
#              Timing Point               Flags   Arc   Edge   Cell     Fanout Load Trans Delay Arrival Instance 
#                                                                              (fF)  (ps)  (ps)   (ps)  Location 
#----------------------------------------------------------------------------------------------------------------
  u_core_u_slow_epoch_johnson_o_reg[45]/C -       -     R     (arrival)     73    -   150     0       0    (-,-) 
  u_core_u_slow_epoch_johnson_o_reg[45]/Q -       C->Q  F     DFRRQHDX1      2 20.9   256   993     993    (-,-) 
  u_core_u_slow_epoch_johnson_o_reg[46]/D <<<     -     F     DFRRQHDX1      2    -     -     0     993    (-,-) 
#----------------------------------------------------------------------------------------------------------------

Capture clock path:
#----------------------------------------------------------------------------------------------------------------
#              Timing Point               Flags   Arc   Edge   Cell     Fanout Load Trans Delay Arrival Instance 
#                                                                              (fF)  (ps)  (ps)   (ps)  Location 
#----------------------------------------------------------------------------------------------------------------
  u_core_u_osc_slow_u_ro_tune4/S[0]       (i,b)   -     R     (arrival)     73  0.0     0     0    1667    (-,-) 
  u_core_u_slow_epoch_johnson_o_reg[46]/C <<<     -     R     DFRRQHDX1     73    -   150     0    1667    (-,-) 
#----------------------------------------------------------------------------------------------------------------



Path 74: VIOLATED (-64 ps) Setup Check with Pin u_core_u_slow_epoch_johnson_o_reg[44]/C->D
           View: wc_view
          Group: clk_osc_slow
     Startpoint: (R) u_core_u_slow_epoch_johnson_o_reg[43]/C
          Clock: (R) clk_osc_slow
       Endpoint: (F) u_core_u_slow_epoch_johnson_o_reg[44]/D
          Clock: (R) clk_osc_slow

                     Capture       Launch     
        Clock Edge:+    1667            0     
       Src Latency:+       0            0     
       Net Latency:+       0 (I)        0 (I) 
           Arrival:=    1667            0     
                                              
             Setup:-     687                  
       Uncertainty:-      50                  
     Required Time:=     930                  
      Launch Clock:-       0                  
         Data Path:-     993                  
             Slack:=     -64                  

Launch clock path:
#----------------------------------------------------------------------------------------------------------------
#              Timing Point               Flags   Arc   Edge   Cell     Fanout Load Trans Delay Arrival Instance 
#                                                                              (fF)  (ps)  (ps)   (ps)  Location 
#----------------------------------------------------------------------------------------------------------------
  u_core_u_osc_slow_u_ro_tune4/S[0]       (i,b)   -     R     (arrival)     73  0.0     0     0       0    (-,-) 
  u_core_u_slow_epoch_johnson_o_reg[43]/C <<<     -     R     DFRRQHDX1     73    -   150     0       0    (-,-) 
#----------------------------------------------------------------------------------------------------------------

#----------------------------------------------------------------------------------------------------------------
#              Timing Point               Flags   Arc   Edge   Cell     Fanout Load Trans Delay Arrival Instance 
#                                                                              (fF)  (ps)  (ps)   (ps)  Location 
#----------------------------------------------------------------------------------------------------------------
  u_core_u_slow_epoch_johnson_o_reg[43]/C -       -     R     (arrival)     73    -   150     0       0    (-,-) 
  u_core_u_slow_epoch_johnson_o_reg[43]/Q -       C->Q  F     DFRRQHDX1      2 20.9   256   993     993    (-,-) 
  u_core_u_slow_epoch_johnson_o_reg[44]/D <<<     -     F     DFRRQHDX1      2    -     -     0     993    (-,-) 
#----------------------------------------------------------------------------------------------------------------

Capture clock path:
#----------------------------------------------------------------------------------------------------------------
#              Timing Point               Flags   Arc   Edge   Cell     Fanout Load Trans Delay Arrival Instance 
#                                                                              (fF)  (ps)  (ps)   (ps)  Location 
#----------------------------------------------------------------------------------------------------------------
  u_core_u_osc_slow_u_ro_tune4/S[0]       (i,b)   -     R     (arrival)     73  0.0     0     0    1667    (-,-) 
  u_core_u_slow_epoch_johnson_o_reg[44]/C <<<     -     R     DFRRQHDX1     73    -   150     0    1667    (-,-) 
#----------------------------------------------------------------------------------------------------------------



Path 75: VIOLATED (-64 ps) Setup Check with Pin u_core_u_slow_epoch_johnson_o_reg[43]/C->D
           View: wc_view
          Group: clk_osc_slow
     Startpoint: (R) u_core_u_slow_epoch_johnson_o_reg[42]/C
          Clock: (R) clk_osc_slow
       Endpoint: (F) u_core_u_slow_epoch_johnson_o_reg[43]/D
          Clock: (R) clk_osc_slow

                     Capture       Launch     
        Clock Edge:+    1667            0     
       Src Latency:+       0            0     
       Net Latency:+       0 (I)        0 (I) 
           Arrival:=    1667            0     
                                              
             Setup:-     687                  
       Uncertainty:-      50                  
     Required Time:=     930                  
      Launch Clock:-       0                  
         Data Path:-     993                  
             Slack:=     -64                  

Launch clock path:
#----------------------------------------------------------------------------------------------------------------
#              Timing Point               Flags   Arc   Edge   Cell     Fanout Load Trans Delay Arrival Instance 
#                                                                              (fF)  (ps)  (ps)   (ps)  Location 
#----------------------------------------------------------------------------------------------------------------
  u_core_u_osc_slow_u_ro_tune4/S[0]       (i,b)   -     R     (arrival)     73  0.0     0     0       0    (-,-) 
  u_core_u_slow_epoch_johnson_o_reg[42]/C <<<     -     R     DFRRQHDX1     73    -   150     0       0    (-,-) 
#----------------------------------------------------------------------------------------------------------------

#----------------------------------------------------------------------------------------------------------------
#              Timing Point               Flags   Arc   Edge   Cell     Fanout Load Trans Delay Arrival Instance 
#                                                                              (fF)  (ps)  (ps)   (ps)  Location 
#----------------------------------------------------------------------------------------------------------------
  u_core_u_slow_epoch_johnson_o_reg[42]/C -       -     R     (arrival)     73    -   150     0       0    (-,-) 
  u_core_u_slow_epoch_johnson_o_reg[42]/Q -       C->Q  F     DFRRQHDX1      2 20.9   256   993     993    (-,-) 
  u_core_u_slow_epoch_johnson_o_reg[43]/D <<<     -     F     DFRRQHDX1      2    -     -     0     993    (-,-) 
#----------------------------------------------------------------------------------------------------------------

Capture clock path:
#----------------------------------------------------------------------------------------------------------------
#              Timing Point               Flags   Arc   Edge   Cell     Fanout Load Trans Delay Arrival Instance 
#                                                                              (fF)  (ps)  (ps)   (ps)  Location 
#----------------------------------------------------------------------------------------------------------------
  u_core_u_osc_slow_u_ro_tune4/S[0]       (i,b)   -     R     (arrival)     73  0.0     0     0    1667    (-,-) 
  u_core_u_slow_epoch_johnson_o_reg[43]/C <<<     -     R     DFRRQHDX1     73    -   150     0    1667    (-,-) 
#----------------------------------------------------------------------------------------------------------------



Path 76: VIOLATED (-64 ps) Setup Check with Pin u_core_u_slow_epoch_johnson_o_reg[42]/C->D
           View: wc_view
          Group: clk_osc_slow
     Startpoint: (R) u_core_u_slow_epoch_johnson_o_reg[41]/C
          Clock: (R) clk_osc_slow
       Endpoint: (F) u_core_u_slow_epoch_johnson_o_reg[42]/D
          Clock: (R) clk_osc_slow

                     Capture       Launch     
        Clock Edge:+    1667            0     
       Src Latency:+       0            0     
       Net Latency:+       0 (I)        0 (I) 
           Arrival:=    1667            0     
                                              
             Setup:-     687                  
       Uncertainty:-      50                  
     Required Time:=     930                  
      Launch Clock:-       0                  
         Data Path:-     993                  
             Slack:=     -64                  

Launch clock path:
#----------------------------------------------------------------------------------------------------------------
#              Timing Point               Flags   Arc   Edge   Cell     Fanout Load Trans Delay Arrival Instance 
#                                                                              (fF)  (ps)  (ps)   (ps)  Location 
#----------------------------------------------------------------------------------------------------------------
  u_core_u_osc_slow_u_ro_tune4/S[0]       (i,b)   -     R     (arrival)     73  0.0     0     0       0    (-,-) 
  u_core_u_slow_epoch_johnson_o_reg[41]/C <<<     -     R     DFRRQHDX1     73    -   150     0       0    (-,-) 
#----------------------------------------------------------------------------------------------------------------

#----------------------------------------------------------------------------------------------------------------
#              Timing Point               Flags   Arc   Edge   Cell     Fanout Load Trans Delay Arrival Instance 
#                                                                              (fF)  (ps)  (ps)   (ps)  Location 
#----------------------------------------------------------------------------------------------------------------
  u_core_u_slow_epoch_johnson_o_reg[41]/C -       -     R     (arrival)     73    -   150     0       0    (-,-) 
  u_core_u_slow_epoch_johnson_o_reg[41]/Q -       C->Q  F     DFRRQHDX1      2 20.9   256   993     993    (-,-) 
  u_core_u_slow_epoch_johnson_o_reg[42]/D <<<     -     F     DFRRQHDX1      2    -     -     0     993    (-,-) 
#----------------------------------------------------------------------------------------------------------------

Capture clock path:
#----------------------------------------------------------------------------------------------------------------
#              Timing Point               Flags   Arc   Edge   Cell     Fanout Load Trans Delay Arrival Instance 
#                                                                              (fF)  (ps)  (ps)   (ps)  Location 
#----------------------------------------------------------------------------------------------------------------
  u_core_u_osc_slow_u_ro_tune4/S[0]       (i,b)   -     R     (arrival)     73  0.0     0     0    1667    (-,-) 
  u_core_u_slow_epoch_johnson_o_reg[42]/C <<<     -     R     DFRRQHDX1     73    -   150     0    1667    (-,-) 
#----------------------------------------------------------------------------------------------------------------



Path 77: VIOLATED (-64 ps) Setup Check with Pin u_core_u_slow_epoch_johnson_o_reg[41]/C->D
           View: wc_view
          Group: clk_osc_slow
     Startpoint: (R) u_core_u_slow_epoch_johnson_o_reg[40]/C
          Clock: (R) clk_osc_slow
       Endpoint: (F) u_core_u_slow_epoch_johnson_o_reg[41]/D
          Clock: (R) clk_osc_slow

                     Capture       Launch     
        Clock Edge:+    1667            0     
       Src Latency:+       0            0     
       Net Latency:+       0 (I)        0 (I) 
           Arrival:=    1667            0     
                                              
             Setup:-     687                  
       Uncertainty:-      50                  
     Required Time:=     930                  
      Launch Clock:-       0                  
         Data Path:-     993                  
             Slack:=     -64                  

Launch clock path:
#----------------------------------------------------------------------------------------------------------------
#              Timing Point               Flags   Arc   Edge   Cell     Fanout Load Trans Delay Arrival Instance 
#                                                                              (fF)  (ps)  (ps)   (ps)  Location 
#----------------------------------------------------------------------------------------------------------------
  u_core_u_osc_slow_u_ro_tune4/S[0]       (i,b)   -     R     (arrival)     73  0.0     0     0       0    (-,-) 
  u_core_u_slow_epoch_johnson_o_reg[40]/C <<<     -     R     DFRRQHDX1     73    -   150     0       0    (-,-) 
#----------------------------------------------------------------------------------------------------------------

#----------------------------------------------------------------------------------------------------------------
#              Timing Point               Flags   Arc   Edge   Cell     Fanout Load Trans Delay Arrival Instance 
#                                                                              (fF)  (ps)  (ps)   (ps)  Location 
#----------------------------------------------------------------------------------------------------------------
  u_core_u_slow_epoch_johnson_o_reg[40]/C -       -     R     (arrival)     73    -   150     0       0    (-,-) 
  u_core_u_slow_epoch_johnson_o_reg[40]/Q -       C->Q  F     DFRRQHDX1      2 20.9   256   993     993    (-,-) 
  u_core_u_slow_epoch_johnson_o_reg[41]/D <<<     -     F     DFRRQHDX1      2    -     -     0     993    (-,-) 
#----------------------------------------------------------------------------------------------------------------

Capture clock path:
#----------------------------------------------------------------------------------------------------------------
#              Timing Point               Flags   Arc   Edge   Cell     Fanout Load Trans Delay Arrival Instance 
#                                                                              (fF)  (ps)  (ps)   (ps)  Location 
#----------------------------------------------------------------------------------------------------------------
  u_core_u_osc_slow_u_ro_tune4/S[0]       (i,b)   -     R     (arrival)     73  0.0     0     0    1667    (-,-) 
  u_core_u_slow_epoch_johnson_o_reg[41]/C <<<     -     R     DFRRQHDX1     73    -   150     0    1667    (-,-) 
#----------------------------------------------------------------------------------------------------------------



Path 78: VIOLATED (-64 ps) Setup Check with Pin u_core_u_slow_epoch_johnson_o_reg[40]/C->D
           View: wc_view
          Group: clk_osc_slow
     Startpoint: (R) u_core_u_slow_epoch_johnson_o_reg[39]/C
          Clock: (R) clk_osc_slow
       Endpoint: (F) u_core_u_slow_epoch_johnson_o_reg[40]/D
          Clock: (R) clk_osc_slow

                     Capture       Launch     
        Clock Edge:+    1667            0     
       Src Latency:+       0            0     
       Net Latency:+       0 (I)        0 (I) 
           Arrival:=    1667            0     
                                              
             Setup:-     687                  
       Uncertainty:-      50                  
     Required Time:=     930                  
      Launch Clock:-       0                  
         Data Path:-     993                  
             Slack:=     -64                  

Launch clock path:
#----------------------------------------------------------------------------------------------------------------
#              Timing Point               Flags   Arc   Edge   Cell     Fanout Load Trans Delay Arrival Instance 
#                                                                              (fF)  (ps)  (ps)   (ps)  Location 
#----------------------------------------------------------------------------------------------------------------
  u_core_u_osc_slow_u_ro_tune4/S[0]       (i,b)   -     R     (arrival)     73  0.0     0     0       0    (-,-) 
  u_core_u_slow_epoch_johnson_o_reg[39]/C <<<     -     R     DFRRQHDX1     73    -   150     0       0    (-,-) 
#----------------------------------------------------------------------------------------------------------------

#----------------------------------------------------------------------------------------------------------------
#              Timing Point               Flags   Arc   Edge   Cell     Fanout Load Trans Delay Arrival Instance 
#                                                                              (fF)  (ps)  (ps)   (ps)  Location 
#----------------------------------------------------------------------------------------------------------------
  u_core_u_slow_epoch_johnson_o_reg[39]/C -       -     R     (arrival)     73    -   150     0       0    (-,-) 
  u_core_u_slow_epoch_johnson_o_reg[39]/Q -       C->Q  F     DFRRQHDX1      2 20.9   256   993     993    (-,-) 
  u_core_u_slow_epoch_johnson_o_reg[40]/D <<<     -     F     DFRRQHDX1      2    -     -     0     993    (-,-) 
#----------------------------------------------------------------------------------------------------------------

Capture clock path:
#----------------------------------------------------------------------------------------------------------------
#              Timing Point               Flags   Arc   Edge   Cell     Fanout Load Trans Delay Arrival Instance 
#                                                                              (fF)  (ps)  (ps)   (ps)  Location 
#----------------------------------------------------------------------------------------------------------------
  u_core_u_osc_slow_u_ro_tune4/S[0]       (i,b)   -     R     (arrival)     73  0.0     0     0    1667    (-,-) 
  u_core_u_slow_epoch_johnson_o_reg[40]/C <<<     -     R     DFRRQHDX1     73    -   150     0    1667    (-,-) 
#----------------------------------------------------------------------------------------------------------------



Path 79: VIOLATED (-64 ps) Setup Check with Pin u_core_u_slow_epoch_johnson_o_reg[38]/C->D
           View: wc_view
          Group: clk_osc_slow
     Startpoint: (R) u_core_u_slow_epoch_johnson_o_reg[37]/C
          Clock: (R) clk_osc_slow
       Endpoint: (F) u_core_u_slow_epoch_johnson_o_reg[38]/D
          Clock: (R) clk_osc_slow

                     Capture       Launch     
        Clock Edge:+    1667            0     
       Src Latency:+       0            0     
       Net Latency:+       0 (I)        0 (I) 
           Arrival:=    1667            0     
                                              
             Setup:-     687                  
       Uncertainty:-      50                  
     Required Time:=     930                  
      Launch Clock:-       0                  
         Data Path:-     993                  
             Slack:=     -64                  

Launch clock path:
#----------------------------------------------------------------------------------------------------------------
#              Timing Point               Flags   Arc   Edge   Cell     Fanout Load Trans Delay Arrival Instance 
#                                                                              (fF)  (ps)  (ps)   (ps)  Location 
#----------------------------------------------------------------------------------------------------------------
  u_core_u_osc_slow_u_ro_tune4/S[0]       (i,b)   -     R     (arrival)     73  0.0     0     0       0    (-,-) 
  u_core_u_slow_epoch_johnson_o_reg[37]/C <<<     -     R     DFRRQHDX1     73    -   150     0       0    (-,-) 
#----------------------------------------------------------------------------------------------------------------

#----------------------------------------------------------------------------------------------------------------
#              Timing Point               Flags   Arc   Edge   Cell     Fanout Load Trans Delay Arrival Instance 
#                                                                              (fF)  (ps)  (ps)   (ps)  Location 
#----------------------------------------------------------------------------------------------------------------
  u_core_u_slow_epoch_johnson_o_reg[37]/C -       -     R     (arrival)     73    -   150     0       0    (-,-) 
  u_core_u_slow_epoch_johnson_o_reg[37]/Q -       C->Q  F     DFRRQHDX1      2 20.9   256   993     993    (-,-) 
  u_core_u_slow_epoch_johnson_o_reg[38]/D <<<     -     F     DFRRQHDX1      2    -     -     0     993    (-,-) 
#----------------------------------------------------------------------------------------------------------------

Capture clock path:
#----------------------------------------------------------------------------------------------------------------
#              Timing Point               Flags   Arc   Edge   Cell     Fanout Load Trans Delay Arrival Instance 
#                                                                              (fF)  (ps)  (ps)   (ps)  Location 
#----------------------------------------------------------------------------------------------------------------
  u_core_u_osc_slow_u_ro_tune4/S[0]       (i,b)   -     R     (arrival)     73  0.0     0     0    1667    (-,-) 
  u_core_u_slow_epoch_johnson_o_reg[38]/C <<<     -     R     DFRRQHDX1     73    -   150     0    1667    (-,-) 
#----------------------------------------------------------------------------------------------------------------



Path 80: VIOLATED (-64 ps) Setup Check with Pin u_core_u_slow_epoch_johnson_o_reg[37]/C->D
           View: wc_view
          Group: clk_osc_slow
     Startpoint: (R) u_core_u_slow_epoch_johnson_o_reg[36]/C
          Clock: (R) clk_osc_slow
       Endpoint: (F) u_core_u_slow_epoch_johnson_o_reg[37]/D
          Clock: (R) clk_osc_slow

                     Capture       Launch     
        Clock Edge:+    1667            0     
       Src Latency:+       0            0     
       Net Latency:+       0 (I)        0 (I) 
           Arrival:=    1667            0     
                                              
             Setup:-     687                  
       Uncertainty:-      50                  
     Required Time:=     930                  
      Launch Clock:-       0                  
         Data Path:-     993                  
             Slack:=     -64                  

Launch clock path:
#----------------------------------------------------------------------------------------------------------------
#              Timing Point               Flags   Arc   Edge   Cell     Fanout Load Trans Delay Arrival Instance 
#                                                                              (fF)  (ps)  (ps)   (ps)  Location 
#----------------------------------------------------------------------------------------------------------------
  u_core_u_osc_slow_u_ro_tune4/S[0]       (i,b)   -     R     (arrival)     73  0.0     0     0       0    (-,-) 
  u_core_u_slow_epoch_johnson_o_reg[36]/C <<<     -     R     DFRRQHDX1     73    -   150     0       0    (-,-) 
#----------------------------------------------------------------------------------------------------------------

#----------------------------------------------------------------------------------------------------------------
#              Timing Point               Flags   Arc   Edge   Cell     Fanout Load Trans Delay Arrival Instance 
#                                                                              (fF)  (ps)  (ps)   (ps)  Location 
#----------------------------------------------------------------------------------------------------------------
  u_core_u_slow_epoch_johnson_o_reg[36]/C -       -     R     (arrival)     73    -   150     0       0    (-,-) 
  u_core_u_slow_epoch_johnson_o_reg[36]/Q -       C->Q  F     DFRRQHDX1      2 20.9   256   993     993    (-,-) 
  u_core_u_slow_epoch_johnson_o_reg[37]/D <<<     -     F     DFRRQHDX1      2    -     -     0     993    (-,-) 
#----------------------------------------------------------------------------------------------------------------

Capture clock path:
#----------------------------------------------------------------------------------------------------------------
#              Timing Point               Flags   Arc   Edge   Cell     Fanout Load Trans Delay Arrival Instance 
#                                                                              (fF)  (ps)  (ps)   (ps)  Location 
#----------------------------------------------------------------------------------------------------------------
  u_core_u_osc_slow_u_ro_tune4/S[0]       (i,b)   -     R     (arrival)     73  0.0     0     0    1667    (-,-) 
  u_core_u_slow_epoch_johnson_o_reg[37]/C <<<     -     R     DFRRQHDX1     73    -   150     0    1667    (-,-) 
#----------------------------------------------------------------------------------------------------------------



Path 81: VIOLATED (-64 ps) Setup Check with Pin u_core_u_slow_epoch_johnson_o_reg[36]/C->D
           View: wc_view
          Group: clk_osc_slow
     Startpoint: (R) u_core_u_slow_epoch_johnson_o_reg[35]/C
          Clock: (R) clk_osc_slow
       Endpoint: (F) u_core_u_slow_epoch_johnson_o_reg[36]/D
          Clock: (R) clk_osc_slow

                     Capture       Launch     
        Clock Edge:+    1667            0     
       Src Latency:+       0            0     
       Net Latency:+       0 (I)        0 (I) 
           Arrival:=    1667            0     
                                              
             Setup:-     687                  
       Uncertainty:-      50                  
     Required Time:=     930                  
      Launch Clock:-       0                  
         Data Path:-     993                  
             Slack:=     -64                  

Launch clock path:
#----------------------------------------------------------------------------------------------------------------
#              Timing Point               Flags   Arc   Edge   Cell     Fanout Load Trans Delay Arrival Instance 
#                                                                              (fF)  (ps)  (ps)   (ps)  Location 
#----------------------------------------------------------------------------------------------------------------
  u_core_u_osc_slow_u_ro_tune4/S[0]       (i,b)   -     R     (arrival)     73  0.0     0     0       0    (-,-) 
  u_core_u_slow_epoch_johnson_o_reg[35]/C <<<     -     R     DFRRQHDX1     73    -   150     0       0    (-,-) 
#----------------------------------------------------------------------------------------------------------------

#----------------------------------------------------------------------------------------------------------------
#              Timing Point               Flags   Arc   Edge   Cell     Fanout Load Trans Delay Arrival Instance 
#                                                                              (fF)  (ps)  (ps)   (ps)  Location 
#----------------------------------------------------------------------------------------------------------------
  u_core_u_slow_epoch_johnson_o_reg[35]/C -       -     R     (arrival)     73    -   150     0       0    (-,-) 
  u_core_u_slow_epoch_johnson_o_reg[35]/Q -       C->Q  F     DFRRQHDX1      2 20.9   256   993     993    (-,-) 
  u_core_u_slow_epoch_johnson_o_reg[36]/D <<<     -     F     DFRRQHDX1      2    -     -     0     993    (-,-) 
#----------------------------------------------------------------------------------------------------------------

Capture clock path:
#----------------------------------------------------------------------------------------------------------------
#              Timing Point               Flags   Arc   Edge   Cell     Fanout Load Trans Delay Arrival Instance 
#                                                                              (fF)  (ps)  (ps)   (ps)  Location 
#----------------------------------------------------------------------------------------------------------------
  u_core_u_osc_slow_u_ro_tune4/S[0]       (i,b)   -     R     (arrival)     73  0.0     0     0    1667    (-,-) 
  u_core_u_slow_epoch_johnson_o_reg[36]/C <<<     -     R     DFRRQHDX1     73    -   150     0    1667    (-,-) 
#----------------------------------------------------------------------------------------------------------------



Path 82: VIOLATED (-64 ps) Setup Check with Pin u_core_u_slow_epoch_johnson_o_reg[35]/C->D
           View: wc_view
          Group: clk_osc_slow
     Startpoint: (R) u_core_u_slow_epoch_johnson_o_reg[34]/C
          Clock: (R) clk_osc_slow
       Endpoint: (F) u_core_u_slow_epoch_johnson_o_reg[35]/D
          Clock: (R) clk_osc_slow

                     Capture       Launch     
        Clock Edge:+    1667            0     
       Src Latency:+       0            0     
       Net Latency:+       0 (I)        0 (I) 
           Arrival:=    1667            0     
                                              
             Setup:-     687                  
       Uncertainty:-      50                  
     Required Time:=     930                  
      Launch Clock:-       0                  
         Data Path:-     993                  
             Slack:=     -64                  

Launch clock path:
#----------------------------------------------------------------------------------------------------------------
#              Timing Point               Flags   Arc   Edge   Cell     Fanout Load Trans Delay Arrival Instance 
#                                                                              (fF)  (ps)  (ps)   (ps)  Location 
#----------------------------------------------------------------------------------------------------------------
  u_core_u_osc_slow_u_ro_tune4/S[0]       (i,b)   -     R     (arrival)     73  0.0     0     0       0    (-,-) 
  u_core_u_slow_epoch_johnson_o_reg[34]/C <<<     -     R     DFRRQHDX1     73    -   150     0       0    (-,-) 
#----------------------------------------------------------------------------------------------------------------

#----------------------------------------------------------------------------------------------------------------
#              Timing Point               Flags   Arc   Edge   Cell     Fanout Load Trans Delay Arrival Instance 
#                                                                              (fF)  (ps)  (ps)   (ps)  Location 
#----------------------------------------------------------------------------------------------------------------
  u_core_u_slow_epoch_johnson_o_reg[34]/C -       -     R     (arrival)     73    -   150     0       0    (-,-) 
  u_core_u_slow_epoch_johnson_o_reg[34]/Q -       C->Q  F     DFRRQHDX1      2 20.9   256   993     993    (-,-) 
  u_core_u_slow_epoch_johnson_o_reg[35]/D <<<     -     F     DFRRQHDX1      2    -     -     0     993    (-,-) 
#----------------------------------------------------------------------------------------------------------------

Capture clock path:
#----------------------------------------------------------------------------------------------------------------
#              Timing Point               Flags   Arc   Edge   Cell     Fanout Load Trans Delay Arrival Instance 
#                                                                              (fF)  (ps)  (ps)   (ps)  Location 
#----------------------------------------------------------------------------------------------------------------
  u_core_u_osc_slow_u_ro_tune4/S[0]       (i,b)   -     R     (arrival)     73  0.0     0     0    1667    (-,-) 
  u_core_u_slow_epoch_johnson_o_reg[35]/C <<<     -     R     DFRRQHDX1     73    -   150     0    1667    (-,-) 
#----------------------------------------------------------------------------------------------------------------



Path 83: VIOLATED (-64 ps) Setup Check with Pin u_core_u_slow_epoch_johnson_o_reg[34]/C->D
           View: wc_view
          Group: clk_osc_slow
     Startpoint: (R) u_core_u_slow_epoch_johnson_o_reg[33]/C
          Clock: (R) clk_osc_slow
       Endpoint: (F) u_core_u_slow_epoch_johnson_o_reg[34]/D
          Clock: (R) clk_osc_slow

                     Capture       Launch     
        Clock Edge:+    1667            0     
       Src Latency:+       0            0     
       Net Latency:+       0 (I)        0 (I) 
           Arrival:=    1667            0     
                                              
             Setup:-     687                  
       Uncertainty:-      50                  
     Required Time:=     930                  
      Launch Clock:-       0                  
         Data Path:-     993                  
             Slack:=     -64                  

Launch clock path:
#----------------------------------------------------------------------------------------------------------------
#              Timing Point               Flags   Arc   Edge   Cell     Fanout Load Trans Delay Arrival Instance 
#                                                                              (fF)  (ps)  (ps)   (ps)  Location 
#----------------------------------------------------------------------------------------------------------------
  u_core_u_osc_slow_u_ro_tune4/S[0]       (i,b)   -     R     (arrival)     73  0.0     0     0       0    (-,-) 
  u_core_u_slow_epoch_johnson_o_reg[33]/C <<<     -     R     DFRRQHDX1     73    -   150     0       0    (-,-) 
#----------------------------------------------------------------------------------------------------------------

#----------------------------------------------------------------------------------------------------------------
#              Timing Point               Flags   Arc   Edge   Cell     Fanout Load Trans Delay Arrival Instance 
#                                                                              (fF)  (ps)  (ps)   (ps)  Location 
#----------------------------------------------------------------------------------------------------------------
  u_core_u_slow_epoch_johnson_o_reg[33]/C -       -     R     (arrival)     73    -   150     0       0    (-,-) 
  u_core_u_slow_epoch_johnson_o_reg[33]/Q -       C->Q  F     DFRRQHDX1      2 20.9   256   993     993    (-,-) 
  u_core_u_slow_epoch_johnson_o_reg[34]/D <<<     -     F     DFRRQHDX1      2    -     -     0     993    (-,-) 
#----------------------------------------------------------------------------------------------------------------

Capture clock path:
#----------------------------------------------------------------------------------------------------------------
#              Timing Point               Flags   Arc   Edge   Cell     Fanout Load Trans Delay Arrival Instance 
#                                                                              (fF)  (ps)  (ps)   (ps)  Location 
#----------------------------------------------------------------------------------------------------------------
  u_core_u_osc_slow_u_ro_tune4/S[0]       (i,b)   -     R     (arrival)     73  0.0     0     0    1667    (-,-) 
  u_core_u_slow_epoch_johnson_o_reg[34]/C <<<     -     R     DFRRQHDX1     73    -   150     0    1667    (-,-) 
#----------------------------------------------------------------------------------------------------------------



Path 84: VIOLATED (-64 ps) Setup Check with Pin u_core_u_slow_epoch_johnson_o_reg[33]/C->D
           View: wc_view
          Group: clk_osc_slow
     Startpoint: (R) u_core_u_slow_epoch_johnson_o_reg[32]/C
          Clock: (R) clk_osc_slow
       Endpoint: (F) u_core_u_slow_epoch_johnson_o_reg[33]/D
          Clock: (R) clk_osc_slow

                     Capture       Launch     
        Clock Edge:+    1667            0     
       Src Latency:+       0            0     
       Net Latency:+       0 (I)        0 (I) 
           Arrival:=    1667            0     
                                              
             Setup:-     687                  
       Uncertainty:-      50                  
     Required Time:=     930                  
      Launch Clock:-       0                  
         Data Path:-     993                  
             Slack:=     -64                  

Launch clock path:
#----------------------------------------------------------------------------------------------------------------
#              Timing Point               Flags   Arc   Edge   Cell     Fanout Load Trans Delay Arrival Instance 
#                                                                              (fF)  (ps)  (ps)   (ps)  Location 
#----------------------------------------------------------------------------------------------------------------
  u_core_u_osc_slow_u_ro_tune4/S[0]       (i,b)   -     R     (arrival)     73  0.0     0     0       0    (-,-) 
  u_core_u_slow_epoch_johnson_o_reg[32]/C <<<     -     R     DFRRQHDX1     73    -   150     0       0    (-,-) 
#----------------------------------------------------------------------------------------------------------------

#----------------------------------------------------------------------------------------------------------------
#              Timing Point               Flags   Arc   Edge   Cell     Fanout Load Trans Delay Arrival Instance 
#                                                                              (fF)  (ps)  (ps)   (ps)  Location 
#----------------------------------------------------------------------------------------------------------------
  u_core_u_slow_epoch_johnson_o_reg[32]/C -       -     R     (arrival)     73    -   150     0       0    (-,-) 
  u_core_u_slow_epoch_johnson_o_reg[32]/Q -       C->Q  F     DFRRQHDX1      2 20.9   256   993     993    (-,-) 
  u_core_u_slow_epoch_johnson_o_reg[33]/D <<<     -     F     DFRRQHDX1      2    -     -     0     993    (-,-) 
#----------------------------------------------------------------------------------------------------------------

Capture clock path:
#----------------------------------------------------------------------------------------------------------------
#              Timing Point               Flags   Arc   Edge   Cell     Fanout Load Trans Delay Arrival Instance 
#                                                                              (fF)  (ps)  (ps)   (ps)  Location 
#----------------------------------------------------------------------------------------------------------------
  u_core_u_osc_slow_u_ro_tune4/S[0]       (i,b)   -     R     (arrival)     73  0.0     0     0    1667    (-,-) 
  u_core_u_slow_epoch_johnson_o_reg[33]/C <<<     -     R     DFRRQHDX1     73    -   150     0    1667    (-,-) 
#----------------------------------------------------------------------------------------------------------------



Path 85: VIOLATED (-64 ps) Setup Check with Pin u_core_u_slow_epoch_johnson_o_reg[31]/C->D
           View: wc_view
          Group: clk_osc_slow
     Startpoint: (R) u_core_u_slow_epoch_johnson_o_reg[30]/C
          Clock: (R) clk_osc_slow
       Endpoint: (F) u_core_u_slow_epoch_johnson_o_reg[31]/D
          Clock: (R) clk_osc_slow

                     Capture       Launch     
        Clock Edge:+    1667            0     
       Src Latency:+       0            0     
       Net Latency:+       0 (I)        0 (I) 
           Arrival:=    1667            0     
                                              
             Setup:-     687                  
       Uncertainty:-      50                  
     Required Time:=     930                  
      Launch Clock:-       0                  
         Data Path:-     993                  
             Slack:=     -64                  

Launch clock path:
#----------------------------------------------------------------------------------------------------------------
#              Timing Point               Flags   Arc   Edge   Cell     Fanout Load Trans Delay Arrival Instance 
#                                                                              (fF)  (ps)  (ps)   (ps)  Location 
#----------------------------------------------------------------------------------------------------------------
  u_core_u_osc_slow_u_ro_tune4/S[0]       (i,b)   -     R     (arrival)     73  0.0     0     0       0    (-,-) 
  u_core_u_slow_epoch_johnson_o_reg[30]/C <<<     -     R     DFRRQHDX1     73    -   150     0       0    (-,-) 
#----------------------------------------------------------------------------------------------------------------

#----------------------------------------------------------------------------------------------------------------
#              Timing Point               Flags   Arc   Edge   Cell     Fanout Load Trans Delay Arrival Instance 
#                                                                              (fF)  (ps)  (ps)   (ps)  Location 
#----------------------------------------------------------------------------------------------------------------
  u_core_u_slow_epoch_johnson_o_reg[30]/C -       -     R     (arrival)     73    -   150     0       0    (-,-) 
  u_core_u_slow_epoch_johnson_o_reg[30]/Q -       C->Q  F     DFRRQHDX1      2 20.9   256   993     993    (-,-) 
  u_core_u_slow_epoch_johnson_o_reg[31]/D <<<     -     F     DFRRQHDX1      2    -     -     0     993    (-,-) 
#----------------------------------------------------------------------------------------------------------------

Capture clock path:
#----------------------------------------------------------------------------------------------------------------
#              Timing Point               Flags   Arc   Edge   Cell     Fanout Load Trans Delay Arrival Instance 
#                                                                              (fF)  (ps)  (ps)   (ps)  Location 
#----------------------------------------------------------------------------------------------------------------
  u_core_u_osc_slow_u_ro_tune4/S[0]       (i,b)   -     R     (arrival)     73  0.0     0     0    1667    (-,-) 
  u_core_u_slow_epoch_johnson_o_reg[31]/C <<<     -     R     DFRRQHDX1     73    -   150     0    1667    (-,-) 
#----------------------------------------------------------------------------------------------------------------



Path 86: VIOLATED (-64 ps) Setup Check with Pin u_core_u_slow_epoch_johnson_o_reg[29]/C->D
           View: wc_view
          Group: clk_osc_slow
     Startpoint: (R) u_core_u_slow_epoch_johnson_o_reg[28]/C
          Clock: (R) clk_osc_slow
       Endpoint: (F) u_core_u_slow_epoch_johnson_o_reg[29]/D
          Clock: (R) clk_osc_slow

                     Capture       Launch     
        Clock Edge:+    1667            0     
       Src Latency:+       0            0     
       Net Latency:+       0 (I)        0 (I) 
           Arrival:=    1667            0     
                                              
             Setup:-     687                  
       Uncertainty:-      50                  
     Required Time:=     930                  
      Launch Clock:-       0                  
         Data Path:-     993                  
             Slack:=     -64                  

Launch clock path:
#----------------------------------------------------------------------------------------------------------------
#              Timing Point               Flags   Arc   Edge   Cell     Fanout Load Trans Delay Arrival Instance 
#                                                                              (fF)  (ps)  (ps)   (ps)  Location 
#----------------------------------------------------------------------------------------------------------------
  u_core_u_osc_slow_u_ro_tune4/S[0]       (i,b)   -     R     (arrival)     73  0.0     0     0       0    (-,-) 
  u_core_u_slow_epoch_johnson_o_reg[28]/C <<<     -     R     DFRRQHDX1     73    -   150     0       0    (-,-) 
#----------------------------------------------------------------------------------------------------------------

#----------------------------------------------------------------------------------------------------------------
#              Timing Point               Flags   Arc   Edge   Cell     Fanout Load Trans Delay Arrival Instance 
#                                                                              (fF)  (ps)  (ps)   (ps)  Location 
#----------------------------------------------------------------------------------------------------------------
  u_core_u_slow_epoch_johnson_o_reg[28]/C -       -     R     (arrival)     73    -   150     0       0    (-,-) 
  u_core_u_slow_epoch_johnson_o_reg[28]/Q -       C->Q  F     DFRRQHDX1      2 20.9   256   993     993    (-,-) 
  u_core_u_slow_epoch_johnson_o_reg[29]/D <<<     -     F     DFRRQHDX1      2    -     -     0     993    (-,-) 
#----------------------------------------------------------------------------------------------------------------

Capture clock path:
#----------------------------------------------------------------------------------------------------------------
#              Timing Point               Flags   Arc   Edge   Cell     Fanout Load Trans Delay Arrival Instance 
#                                                                              (fF)  (ps)  (ps)   (ps)  Location 
#----------------------------------------------------------------------------------------------------------------
  u_core_u_osc_slow_u_ro_tune4/S[0]       (i,b)   -     R     (arrival)     73  0.0     0     0    1667    (-,-) 
  u_core_u_slow_epoch_johnson_o_reg[29]/C <<<     -     R     DFRRQHDX1     73    -   150     0    1667    (-,-) 
#----------------------------------------------------------------------------------------------------------------



Path 87: VIOLATED (-64 ps) Setup Check with Pin u_core_u_slow_epoch_johnson_o_reg[28]/C->D
           View: wc_view
          Group: clk_osc_slow
     Startpoint: (R) u_core_u_slow_epoch_johnson_o_reg[27]/C
          Clock: (R) clk_osc_slow
       Endpoint: (F) u_core_u_slow_epoch_johnson_o_reg[28]/D
          Clock: (R) clk_osc_slow

                     Capture       Launch     
        Clock Edge:+    1667            0     
       Src Latency:+       0            0     
       Net Latency:+       0 (I)        0 (I) 
           Arrival:=    1667            0     
                                              
             Setup:-     687                  
       Uncertainty:-      50                  
     Required Time:=     930                  
      Launch Clock:-       0                  
         Data Path:-     993                  
             Slack:=     -64                  

Launch clock path:
#----------------------------------------------------------------------------------------------------------------
#              Timing Point               Flags   Arc   Edge   Cell     Fanout Load Trans Delay Arrival Instance 
#                                                                              (fF)  (ps)  (ps)   (ps)  Location 
#----------------------------------------------------------------------------------------------------------------
  u_core_u_osc_slow_u_ro_tune4/S[0]       (i,b)   -     R     (arrival)     73  0.0     0     0       0    (-,-) 
  u_core_u_slow_epoch_johnson_o_reg[27]/C <<<     -     R     DFRRQHDX1     73    -   150     0       0    (-,-) 
#----------------------------------------------------------------------------------------------------------------

#----------------------------------------------------------------------------------------------------------------
#              Timing Point               Flags   Arc   Edge   Cell     Fanout Load Trans Delay Arrival Instance 
#                                                                              (fF)  (ps)  (ps)   (ps)  Location 
#----------------------------------------------------------------------------------------------------------------
  u_core_u_slow_epoch_johnson_o_reg[27]/C -       -     R     (arrival)     73    -   150     0       0    (-,-) 
  u_core_u_slow_epoch_johnson_o_reg[27]/Q -       C->Q  F     DFRRQHDX1      2 20.9   256   993     993    (-,-) 
  u_core_u_slow_epoch_johnson_o_reg[28]/D <<<     -     F     DFRRQHDX1      2    -     -     0     993    (-,-) 
#----------------------------------------------------------------------------------------------------------------

Capture clock path:
#----------------------------------------------------------------------------------------------------------------
#              Timing Point               Flags   Arc   Edge   Cell     Fanout Load Trans Delay Arrival Instance 
#                                                                              (fF)  (ps)  (ps)   (ps)  Location 
#----------------------------------------------------------------------------------------------------------------
  u_core_u_osc_slow_u_ro_tune4/S[0]       (i,b)   -     R     (arrival)     73  0.0     0     0    1667    (-,-) 
  u_core_u_slow_epoch_johnson_o_reg[28]/C <<<     -     R     DFRRQHDX1     73    -   150     0    1667    (-,-) 
#----------------------------------------------------------------------------------------------------------------



Path 88: VIOLATED (-64 ps) Setup Check with Pin u_core_u_slow_epoch_johnson_o_reg[27]/C->D
           View: wc_view
          Group: clk_osc_slow
     Startpoint: (R) u_core_u_slow_epoch_johnson_o_reg[26]/C
          Clock: (R) clk_osc_slow
       Endpoint: (F) u_core_u_slow_epoch_johnson_o_reg[27]/D
          Clock: (R) clk_osc_slow

                     Capture       Launch     
        Clock Edge:+    1667            0     
       Src Latency:+       0            0     
       Net Latency:+       0 (I)        0 (I) 
           Arrival:=    1667            0     
                                              
             Setup:-     687                  
       Uncertainty:-      50                  
     Required Time:=     930                  
      Launch Clock:-       0                  
         Data Path:-     993                  
             Slack:=     -64                  

Launch clock path:
#----------------------------------------------------------------------------------------------------------------
#              Timing Point               Flags   Arc   Edge   Cell     Fanout Load Trans Delay Arrival Instance 
#                                                                              (fF)  (ps)  (ps)   (ps)  Location 
#----------------------------------------------------------------------------------------------------------------
  u_core_u_osc_slow_u_ro_tune4/S[0]       (i,b)   -     R     (arrival)     73  0.0     0     0       0    (-,-) 
  u_core_u_slow_epoch_johnson_o_reg[26]/C <<<     -     R     DFRRQHDX1     73    -   150     0       0    (-,-) 
#----------------------------------------------------------------------------------------------------------------

#----------------------------------------------------------------------------------------------------------------
#              Timing Point               Flags   Arc   Edge   Cell     Fanout Load Trans Delay Arrival Instance 
#                                                                              (fF)  (ps)  (ps)   (ps)  Location 
#----------------------------------------------------------------------------------------------------------------
  u_core_u_slow_epoch_johnson_o_reg[26]/C -       -     R     (arrival)     73    -   150     0       0    (-,-) 
  u_core_u_slow_epoch_johnson_o_reg[26]/Q -       C->Q  F     DFRRQHDX1      2 20.9   256   993     993    (-,-) 
  u_core_u_slow_epoch_johnson_o_reg[27]/D <<<     -     F     DFRRQHDX1      2    -     -     0     993    (-,-) 
#----------------------------------------------------------------------------------------------------------------

Capture clock path:
#----------------------------------------------------------------------------------------------------------------
#              Timing Point               Flags   Arc   Edge   Cell     Fanout Load Trans Delay Arrival Instance 
#                                                                              (fF)  (ps)  (ps)   (ps)  Location 
#----------------------------------------------------------------------------------------------------------------
  u_core_u_osc_slow_u_ro_tune4/S[0]       (i,b)   -     R     (arrival)     73  0.0     0     0    1667    (-,-) 
  u_core_u_slow_epoch_johnson_o_reg[27]/C <<<     -     R     DFRRQHDX1     73    -   150     0    1667    (-,-) 
#----------------------------------------------------------------------------------------------------------------



Path 89: VIOLATED (-64 ps) Setup Check with Pin u_core_u_slow_epoch_johnson_o_reg[26]/C->D
           View: wc_view
          Group: clk_osc_slow
     Startpoint: (R) u_core_u_slow_epoch_johnson_o_reg[25]/C
          Clock: (R) clk_osc_slow
       Endpoint: (F) u_core_u_slow_epoch_johnson_o_reg[26]/D
          Clock: (R) clk_osc_slow

                     Capture       Launch     
        Clock Edge:+    1667            0     
       Src Latency:+       0            0     
       Net Latency:+       0 (I)        0 (I) 
           Arrival:=    1667            0     
                                              
             Setup:-     687                  
       Uncertainty:-      50                  
     Required Time:=     930                  
      Launch Clock:-       0                  
         Data Path:-     993                  
             Slack:=     -64                  

Launch clock path:
#----------------------------------------------------------------------------------------------------------------
#              Timing Point               Flags   Arc   Edge   Cell     Fanout Load Trans Delay Arrival Instance 
#                                                                              (fF)  (ps)  (ps)   (ps)  Location 
#----------------------------------------------------------------------------------------------------------------
  u_core_u_osc_slow_u_ro_tune4/S[0]       (i,b)   -     R     (arrival)     73  0.0     0     0       0    (-,-) 
  u_core_u_slow_epoch_johnson_o_reg[25]/C <<<     -     R     DFRRQHDX1     73    -   150     0       0    (-,-) 
#----------------------------------------------------------------------------------------------------------------

#----------------------------------------------------------------------------------------------------------------
#              Timing Point               Flags   Arc   Edge   Cell     Fanout Load Trans Delay Arrival Instance 
#                                                                              (fF)  (ps)  (ps)   (ps)  Location 
#----------------------------------------------------------------------------------------------------------------
  u_core_u_slow_epoch_johnson_o_reg[25]/C -       -     R     (arrival)     73    -   150     0       0    (-,-) 
  u_core_u_slow_epoch_johnson_o_reg[25]/Q -       C->Q  F     DFRRQHDX1      2 20.9   256   993     993    (-,-) 
  u_core_u_slow_epoch_johnson_o_reg[26]/D <<<     -     F     DFRRQHDX1      2    -     -     0     993    (-,-) 
#----------------------------------------------------------------------------------------------------------------

Capture clock path:
#----------------------------------------------------------------------------------------------------------------
#              Timing Point               Flags   Arc   Edge   Cell     Fanout Load Trans Delay Arrival Instance 
#                                                                              (fF)  (ps)  (ps)   (ps)  Location 
#----------------------------------------------------------------------------------------------------------------
  u_core_u_osc_slow_u_ro_tune4/S[0]       (i,b)   -     R     (arrival)     73  0.0     0     0    1667    (-,-) 
  u_core_u_slow_epoch_johnson_o_reg[26]/C <<<     -     R     DFRRQHDX1     73    -   150     0    1667    (-,-) 
#----------------------------------------------------------------------------------------------------------------



Path 90: VIOLATED (-64 ps) Setup Check with Pin u_core_u_slow_epoch_johnson_o_reg[25]/C->D
           View: wc_view
          Group: clk_osc_slow
     Startpoint: (R) u_core_u_slow_epoch_johnson_o_reg[24]/C
          Clock: (R) clk_osc_slow
       Endpoint: (F) u_core_u_slow_epoch_johnson_o_reg[25]/D
          Clock: (R) clk_osc_slow

                     Capture       Launch     
        Clock Edge:+    1667            0     
       Src Latency:+       0            0     
       Net Latency:+       0 (I)        0 (I) 
           Arrival:=    1667            0     
                                              
             Setup:-     687                  
       Uncertainty:-      50                  
     Required Time:=     930                  
      Launch Clock:-       0                  
         Data Path:-     993                  
             Slack:=     -64                  

Launch clock path:
#----------------------------------------------------------------------------------------------------------------
#              Timing Point               Flags   Arc   Edge   Cell     Fanout Load Trans Delay Arrival Instance 
#                                                                              (fF)  (ps)  (ps)   (ps)  Location 
#----------------------------------------------------------------------------------------------------------------
  u_core_u_osc_slow_u_ro_tune4/S[0]       (i,b)   -     R     (arrival)     73  0.0     0     0       0    (-,-) 
  u_core_u_slow_epoch_johnson_o_reg[24]/C <<<     -     R     DFRRQHDX1     73    -   150     0       0    (-,-) 
#----------------------------------------------------------------------------------------------------------------

#----------------------------------------------------------------------------------------------------------------
#              Timing Point               Flags   Arc   Edge   Cell     Fanout Load Trans Delay Arrival Instance 
#                                                                              (fF)  (ps)  (ps)   (ps)  Location 
#----------------------------------------------------------------------------------------------------------------
  u_core_u_slow_epoch_johnson_o_reg[24]/C -       -     R     (arrival)     73    -   150     0       0    (-,-) 
  u_core_u_slow_epoch_johnson_o_reg[24]/Q -       C->Q  F     DFRRQHDX1      2 20.9   256   993     993    (-,-) 
  u_core_u_slow_epoch_johnson_o_reg[25]/D <<<     -     F     DFRRQHDX1      2    -     -     0     993    (-,-) 
#----------------------------------------------------------------------------------------------------------------

Capture clock path:
#----------------------------------------------------------------------------------------------------------------
#              Timing Point               Flags   Arc   Edge   Cell     Fanout Load Trans Delay Arrival Instance 
#                                                                              (fF)  (ps)  (ps)   (ps)  Location 
#----------------------------------------------------------------------------------------------------------------
  u_core_u_osc_slow_u_ro_tune4/S[0]       (i,b)   -     R     (arrival)     73  0.0     0     0    1667    (-,-) 
  u_core_u_slow_epoch_johnson_o_reg[25]/C <<<     -     R     DFRRQHDX1     73    -   150     0    1667    (-,-) 
#----------------------------------------------------------------------------------------------------------------



Path 91: VIOLATED (-64 ps) Setup Check with Pin u_core_u_slow_epoch_johnson_o_reg[23]/C->D
           View: wc_view
          Group: clk_osc_slow
     Startpoint: (R) u_core_u_slow_epoch_johnson_o_reg[22]/C
          Clock: (R) clk_osc_slow
       Endpoint: (F) u_core_u_slow_epoch_johnson_o_reg[23]/D
          Clock: (R) clk_osc_slow

                     Capture       Launch     
        Clock Edge:+    1667            0     
       Src Latency:+       0            0     
       Net Latency:+       0 (I)        0 (I) 
           Arrival:=    1667            0     
                                              
             Setup:-     687                  
       Uncertainty:-      50                  
     Required Time:=     930                  
      Launch Clock:-       0                  
         Data Path:-     993                  
             Slack:=     -64                  

Launch clock path:
#----------------------------------------------------------------------------------------------------------------
#              Timing Point               Flags   Arc   Edge   Cell     Fanout Load Trans Delay Arrival Instance 
#                                                                              (fF)  (ps)  (ps)   (ps)  Location 
#----------------------------------------------------------------------------------------------------------------
  u_core_u_osc_slow_u_ro_tune4/S[0]       (i,b)   -     R     (arrival)     73  0.0     0     0       0    (-,-) 
  u_core_u_slow_epoch_johnson_o_reg[22]/C <<<     -     R     DFRRQHDX1     73    -   150     0       0    (-,-) 
#----------------------------------------------------------------------------------------------------------------

#----------------------------------------------------------------------------------------------------------------
#              Timing Point               Flags   Arc   Edge   Cell     Fanout Load Trans Delay Arrival Instance 
#                                                                              (fF)  (ps)  (ps)   (ps)  Location 
#----------------------------------------------------------------------------------------------------------------
  u_core_u_slow_epoch_johnson_o_reg[22]/C -       -     R     (arrival)     73    -   150     0       0    (-,-) 
  u_core_u_slow_epoch_johnson_o_reg[22]/Q -       C->Q  F     DFRRQHDX1      2 20.9   256   993     993    (-,-) 
  u_core_u_slow_epoch_johnson_o_reg[23]/D <<<     -     F     DFRRQHDX1      2    -     -     0     993    (-,-) 
#----------------------------------------------------------------------------------------------------------------

Capture clock path:
#----------------------------------------------------------------------------------------------------------------
#              Timing Point               Flags   Arc   Edge   Cell     Fanout Load Trans Delay Arrival Instance 
#                                                                              (fF)  (ps)  (ps)   (ps)  Location 
#----------------------------------------------------------------------------------------------------------------
  u_core_u_osc_slow_u_ro_tune4/S[0]       (i,b)   -     R     (arrival)     73  0.0     0     0    1667    (-,-) 
  u_core_u_slow_epoch_johnson_o_reg[23]/C <<<     -     R     DFRRQHDX1     73    -   150     0    1667    (-,-) 
#----------------------------------------------------------------------------------------------------------------



Path 92: VIOLATED (-64 ps) Setup Check with Pin u_core_u_slow_epoch_johnson_o_reg[22]/C->D
           View: wc_view
          Group: clk_osc_slow
     Startpoint: (R) u_core_u_slow_epoch_johnson_o_reg[21]/C
          Clock: (R) clk_osc_slow
       Endpoint: (F) u_core_u_slow_epoch_johnson_o_reg[22]/D
          Clock: (R) clk_osc_slow

                     Capture       Launch     
        Clock Edge:+    1667            0     
       Src Latency:+       0            0     
       Net Latency:+       0 (I)        0 (I) 
           Arrival:=    1667            0     
                                              
             Setup:-     687                  
       Uncertainty:-      50                  
     Required Time:=     930                  
      Launch Clock:-       0                  
         Data Path:-     993                  
             Slack:=     -64                  

Launch clock path:
#----------------------------------------------------------------------------------------------------------------
#              Timing Point               Flags   Arc   Edge   Cell     Fanout Load Trans Delay Arrival Instance 
#                                                                              (fF)  (ps)  (ps)   (ps)  Location 
#----------------------------------------------------------------------------------------------------------------
  u_core_u_osc_slow_u_ro_tune4/S[0]       (i,b)   -     R     (arrival)     73  0.0     0     0       0    (-,-) 
  u_core_u_slow_epoch_johnson_o_reg[21]/C <<<     -     R     DFRRQHDX1     73    -   150     0       0    (-,-) 
#----------------------------------------------------------------------------------------------------------------

#----------------------------------------------------------------------------------------------------------------
#              Timing Point               Flags   Arc   Edge   Cell     Fanout Load Trans Delay Arrival Instance 
#                                                                              (fF)  (ps)  (ps)   (ps)  Location 
#----------------------------------------------------------------------------------------------------------------
  u_core_u_slow_epoch_johnson_o_reg[21]/C -       -     R     (arrival)     73    -   150     0       0    (-,-) 
  u_core_u_slow_epoch_johnson_o_reg[21]/Q -       C->Q  F     DFRRQHDX1      2 20.9   256   993     993    (-,-) 
  u_core_u_slow_epoch_johnson_o_reg[22]/D <<<     -     F     DFRRQHDX1      2    -     -     0     993    (-,-) 
#----------------------------------------------------------------------------------------------------------------

Capture clock path:
#----------------------------------------------------------------------------------------------------------------
#              Timing Point               Flags   Arc   Edge   Cell     Fanout Load Trans Delay Arrival Instance 
#                                                                              (fF)  (ps)  (ps)   (ps)  Location 
#----------------------------------------------------------------------------------------------------------------
  u_core_u_osc_slow_u_ro_tune4/S[0]       (i,b)   -     R     (arrival)     73  0.0     0     0    1667    (-,-) 
  u_core_u_slow_epoch_johnson_o_reg[22]/C <<<     -     R     DFRRQHDX1     73    -   150     0    1667    (-,-) 
#----------------------------------------------------------------------------------------------------------------



Path 93: VIOLATED (-64 ps) Setup Check with Pin u_core_u_slow_epoch_johnson_o_reg[21]/C->D
           View: wc_view
          Group: clk_osc_slow
     Startpoint: (R) u_core_u_slow_epoch_johnson_o_reg[20]/C
          Clock: (R) clk_osc_slow
       Endpoint: (F) u_core_u_slow_epoch_johnson_o_reg[21]/D
          Clock: (R) clk_osc_slow

                     Capture       Launch     
        Clock Edge:+    1667            0     
       Src Latency:+       0            0     
       Net Latency:+       0 (I)        0 (I) 
           Arrival:=    1667            0     
                                              
             Setup:-     687                  
       Uncertainty:-      50                  
     Required Time:=     930                  
      Launch Clock:-       0                  
         Data Path:-     993                  
             Slack:=     -64                  

Launch clock path:
#----------------------------------------------------------------------------------------------------------------
#              Timing Point               Flags   Arc   Edge   Cell     Fanout Load Trans Delay Arrival Instance 
#                                                                              (fF)  (ps)  (ps)   (ps)  Location 
#----------------------------------------------------------------------------------------------------------------
  u_core_u_osc_slow_u_ro_tune4/S[0]       (i,b)   -     R     (arrival)     73  0.0     0     0       0    (-,-) 
  u_core_u_slow_epoch_johnson_o_reg[20]/C <<<     -     R     DFRRQHDX1     73    -   150     0       0    (-,-) 
#----------------------------------------------------------------------------------------------------------------

#----------------------------------------------------------------------------------------------------------------
#              Timing Point               Flags   Arc   Edge   Cell     Fanout Load Trans Delay Arrival Instance 
#                                                                              (fF)  (ps)  (ps)   (ps)  Location 
#----------------------------------------------------------------------------------------------------------------
  u_core_u_slow_epoch_johnson_o_reg[20]/C -       -     R     (arrival)     73    -   150     0       0    (-,-) 
  u_core_u_slow_epoch_johnson_o_reg[20]/Q -       C->Q  F     DFRRQHDX1      2 20.9   256   993     993    (-,-) 
  u_core_u_slow_epoch_johnson_o_reg[21]/D <<<     -     F     DFRRQHDX1      2    -     -     0     993    (-,-) 
#----------------------------------------------------------------------------------------------------------------

Capture clock path:
#----------------------------------------------------------------------------------------------------------------
#              Timing Point               Flags   Arc   Edge   Cell     Fanout Load Trans Delay Arrival Instance 
#                                                                              (fF)  (ps)  (ps)   (ps)  Location 
#----------------------------------------------------------------------------------------------------------------
  u_core_u_osc_slow_u_ro_tune4/S[0]       (i,b)   -     R     (arrival)     73  0.0     0     0    1667    (-,-) 
  u_core_u_slow_epoch_johnson_o_reg[21]/C <<<     -     R     DFRRQHDX1     73    -   150     0    1667    (-,-) 
#----------------------------------------------------------------------------------------------------------------



Path 94: VIOLATED (-64 ps) Setup Check with Pin u_core_u_slow_epoch_johnson_o_reg[19]/C->D
           View: wc_view
          Group: clk_osc_slow
     Startpoint: (R) u_core_u_slow_epoch_johnson_o_reg[18]/C
          Clock: (R) clk_osc_slow
       Endpoint: (F) u_core_u_slow_epoch_johnson_o_reg[19]/D
          Clock: (R) clk_osc_slow

                     Capture       Launch     
        Clock Edge:+    1667            0     
       Src Latency:+       0            0     
       Net Latency:+       0 (I)        0 (I) 
           Arrival:=    1667            0     
                                              
             Setup:-     687                  
       Uncertainty:-      50                  
     Required Time:=     930                  
      Launch Clock:-       0                  
         Data Path:-     993                  
             Slack:=     -64                  

Launch clock path:
#----------------------------------------------------------------------------------------------------------------
#              Timing Point               Flags   Arc   Edge   Cell     Fanout Load Trans Delay Arrival Instance 
#                                                                              (fF)  (ps)  (ps)   (ps)  Location 
#----------------------------------------------------------------------------------------------------------------
  u_core_u_osc_slow_u_ro_tune4/S[0]       (i,b)   -     R     (arrival)     73  0.0     0     0       0    (-,-) 
  u_core_u_slow_epoch_johnson_o_reg[18]/C <<<     -     R     DFRRQHDX1     73    -   150     0       0    (-,-) 
#----------------------------------------------------------------------------------------------------------------

#----------------------------------------------------------------------------------------------------------------
#              Timing Point               Flags   Arc   Edge   Cell     Fanout Load Trans Delay Arrival Instance 
#                                                                              (fF)  (ps)  (ps)   (ps)  Location 
#----------------------------------------------------------------------------------------------------------------
  u_core_u_slow_epoch_johnson_o_reg[18]/C -       -     R     (arrival)     73    -   150     0       0    (-,-) 
  u_core_u_slow_epoch_johnson_o_reg[18]/Q -       C->Q  F     DFRRQHDX1      2 20.9   256   993     993    (-,-) 
  u_core_u_slow_epoch_johnson_o_reg[19]/D <<<     -     F     DFRRQHDX1      2    -     -     0     993    (-,-) 
#----------------------------------------------------------------------------------------------------------------

Capture clock path:
#----------------------------------------------------------------------------------------------------------------
#              Timing Point               Flags   Arc   Edge   Cell     Fanout Load Trans Delay Arrival Instance 
#                                                                              (fF)  (ps)  (ps)   (ps)  Location 
#----------------------------------------------------------------------------------------------------------------
  u_core_u_osc_slow_u_ro_tune4/S[0]       (i,b)   -     R     (arrival)     73  0.0     0     0    1667    (-,-) 
  u_core_u_slow_epoch_johnson_o_reg[19]/C <<<     -     R     DFRRQHDX1     73    -   150     0    1667    (-,-) 
#----------------------------------------------------------------------------------------------------------------



Path 95: VIOLATED (-64 ps) Setup Check with Pin u_core_u_slow_epoch_johnson_o_reg[18]/C->D
           View: wc_view
          Group: clk_osc_slow
     Startpoint: (R) u_core_u_slow_epoch_johnson_o_reg[17]/C
          Clock: (R) clk_osc_slow
       Endpoint: (F) u_core_u_slow_epoch_johnson_o_reg[18]/D
          Clock: (R) clk_osc_slow

                     Capture       Launch     
        Clock Edge:+    1667            0     
       Src Latency:+       0            0     
       Net Latency:+       0 (I)        0 (I) 
           Arrival:=    1667            0     
                                              
             Setup:-     687                  
       Uncertainty:-      50                  
     Required Time:=     930                  
      Launch Clock:-       0                  
         Data Path:-     993                  
             Slack:=     -64                  

Launch clock path:
#----------------------------------------------------------------------------------------------------------------
#              Timing Point               Flags   Arc   Edge   Cell     Fanout Load Trans Delay Arrival Instance 
#                                                                              (fF)  (ps)  (ps)   (ps)  Location 
#----------------------------------------------------------------------------------------------------------------
  u_core_u_osc_slow_u_ro_tune4/S[0]       (i,b)   -     R     (arrival)     73  0.0     0     0       0    (-,-) 
  u_core_u_slow_epoch_johnson_o_reg[17]/C <<<     -     R     DFRRQHDX1     73    -   150     0       0    (-,-) 
#----------------------------------------------------------------------------------------------------------------

#----------------------------------------------------------------------------------------------------------------
#              Timing Point               Flags   Arc   Edge   Cell     Fanout Load Trans Delay Arrival Instance 
#                                                                              (fF)  (ps)  (ps)   (ps)  Location 
#----------------------------------------------------------------------------------------------------------------
  u_core_u_slow_epoch_johnson_o_reg[17]/C -       -     R     (arrival)     73    -   150     0       0    (-,-) 
  u_core_u_slow_epoch_johnson_o_reg[17]/Q -       C->Q  F     DFRRQHDX1      2 20.9   256   993     993    (-,-) 
  u_core_u_slow_epoch_johnson_o_reg[18]/D <<<     -     F     DFRRQHDX1      2    -     -     0     993    (-,-) 
#----------------------------------------------------------------------------------------------------------------

Capture clock path:
#----------------------------------------------------------------------------------------------------------------
#              Timing Point               Flags   Arc   Edge   Cell     Fanout Load Trans Delay Arrival Instance 
#                                                                              (fF)  (ps)  (ps)   (ps)  Location 
#----------------------------------------------------------------------------------------------------------------
  u_core_u_osc_slow_u_ro_tune4/S[0]       (i,b)   -     R     (arrival)     73  0.0     0     0    1667    (-,-) 
  u_core_u_slow_epoch_johnson_o_reg[18]/C <<<     -     R     DFRRQHDX1     73    -   150     0    1667    (-,-) 
#----------------------------------------------------------------------------------------------------------------



Path 96: VIOLATED (-64 ps) Setup Check with Pin u_core_u_slow_epoch_johnson_o_reg[17]/C->D
           View: wc_view
          Group: clk_osc_slow
     Startpoint: (R) u_core_u_slow_epoch_johnson_o_reg[16]/C
          Clock: (R) clk_osc_slow
       Endpoint: (F) u_core_u_slow_epoch_johnson_o_reg[17]/D
          Clock: (R) clk_osc_slow

                     Capture       Launch     
        Clock Edge:+    1667            0     
       Src Latency:+       0            0     
       Net Latency:+       0 (I)        0 (I) 
           Arrival:=    1667            0     
                                              
             Setup:-     687                  
       Uncertainty:-      50                  
     Required Time:=     930                  
      Launch Clock:-       0                  
         Data Path:-     993                  
             Slack:=     -64                  

Launch clock path:
#----------------------------------------------------------------------------------------------------------------
#              Timing Point               Flags   Arc   Edge   Cell     Fanout Load Trans Delay Arrival Instance 
#                                                                              (fF)  (ps)  (ps)   (ps)  Location 
#----------------------------------------------------------------------------------------------------------------
  u_core_u_osc_slow_u_ro_tune4/S[0]       (i,b)   -     R     (arrival)     73  0.0     0     0       0    (-,-) 
  u_core_u_slow_epoch_johnson_o_reg[16]/C <<<     -     R     DFRRQHDX1     73    -   150     0       0    (-,-) 
#----------------------------------------------------------------------------------------------------------------

#----------------------------------------------------------------------------------------------------------------
#              Timing Point               Flags   Arc   Edge   Cell     Fanout Load Trans Delay Arrival Instance 
#                                                                              (fF)  (ps)  (ps)   (ps)  Location 
#----------------------------------------------------------------------------------------------------------------
  u_core_u_slow_epoch_johnson_o_reg[16]/C -       -     R     (arrival)     73    -   150     0       0    (-,-) 
  u_core_u_slow_epoch_johnson_o_reg[16]/Q -       C->Q  F     DFRRQHDX1      2 20.9   256   993     993    (-,-) 
  u_core_u_slow_epoch_johnson_o_reg[17]/D <<<     -     F     DFRRQHDX1      2    -     -     0     993    (-,-) 
#----------------------------------------------------------------------------------------------------------------

Capture clock path:
#----------------------------------------------------------------------------------------------------------------
#              Timing Point               Flags   Arc   Edge   Cell     Fanout Load Trans Delay Arrival Instance 
#                                                                              (fF)  (ps)  (ps)   (ps)  Location 
#----------------------------------------------------------------------------------------------------------------
  u_core_u_osc_slow_u_ro_tune4/S[0]       (i,b)   -     R     (arrival)     73  0.0     0     0    1667    (-,-) 
  u_core_u_slow_epoch_johnson_o_reg[17]/C <<<     -     R     DFRRQHDX1     73    -   150     0    1667    (-,-) 
#----------------------------------------------------------------------------------------------------------------



Path 97: VIOLATED (-64 ps) Setup Check with Pin u_core_u_slow_epoch_johnson_o_reg[16]/C->D
           View: wc_view
          Group: clk_osc_slow
     Startpoint: (R) u_core_u_slow_epoch_johnson_o_reg[15]/C
          Clock: (R) clk_osc_slow
       Endpoint: (F) u_core_u_slow_epoch_johnson_o_reg[16]/D
          Clock: (R) clk_osc_slow

                     Capture       Launch     
        Clock Edge:+    1667            0     
       Src Latency:+       0            0     
       Net Latency:+       0 (I)        0 (I) 
           Arrival:=    1667            0     
                                              
             Setup:-     687                  
       Uncertainty:-      50                  
     Required Time:=     930                  
      Launch Clock:-       0                  
         Data Path:-     993                  
             Slack:=     -64                  

Launch clock path:
#----------------------------------------------------------------------------------------------------------------
#              Timing Point               Flags   Arc   Edge   Cell     Fanout Load Trans Delay Arrival Instance 
#                                                                              (fF)  (ps)  (ps)   (ps)  Location 
#----------------------------------------------------------------------------------------------------------------
  u_core_u_osc_slow_u_ro_tune4/S[0]       (i,b)   -     R     (arrival)     73  0.0     0     0       0    (-,-) 
  u_core_u_slow_epoch_johnson_o_reg[15]/C <<<     -     R     DFRRQHDX1     73    -   150     0       0    (-,-) 
#----------------------------------------------------------------------------------------------------------------

#----------------------------------------------------------------------------------------------------------------
#              Timing Point               Flags   Arc   Edge   Cell     Fanout Load Trans Delay Arrival Instance 
#                                                                              (fF)  (ps)  (ps)   (ps)  Location 
#----------------------------------------------------------------------------------------------------------------
  u_core_u_slow_epoch_johnson_o_reg[15]/C -       -     R     (arrival)     73    -   150     0       0    (-,-) 
  u_core_u_slow_epoch_johnson_o_reg[15]/Q -       C->Q  F     DFRRQHDX1      2 20.9   256   993     993    (-,-) 
  u_core_u_slow_epoch_johnson_o_reg[16]/D <<<     -     F     DFRRQHDX1      2    -     -     0     993    (-,-) 
#----------------------------------------------------------------------------------------------------------------

Capture clock path:
#----------------------------------------------------------------------------------------------------------------
#              Timing Point               Flags   Arc   Edge   Cell     Fanout Load Trans Delay Arrival Instance 
#                                                                              (fF)  (ps)  (ps)   (ps)  Location 
#----------------------------------------------------------------------------------------------------------------
  u_core_u_osc_slow_u_ro_tune4/S[0]       (i,b)   -     R     (arrival)     73  0.0     0     0    1667    (-,-) 
  u_core_u_slow_epoch_johnson_o_reg[16]/C <<<     -     R     DFRRQHDX1     73    -   150     0    1667    (-,-) 
#----------------------------------------------------------------------------------------------------------------



Path 98: VIOLATED (-64 ps) Setup Check with Pin u_core_u_slow_epoch_johnson_o_reg[15]/C->D
           View: wc_view
          Group: clk_osc_slow
     Startpoint: (R) u_core_u_slow_epoch_johnson_o_reg[14]/C
          Clock: (R) clk_osc_slow
       Endpoint: (F) u_core_u_slow_epoch_johnson_o_reg[15]/D
          Clock: (R) clk_osc_slow

                     Capture       Launch     
        Clock Edge:+    1667            0     
       Src Latency:+       0            0     
       Net Latency:+       0 (I)        0 (I) 
           Arrival:=    1667            0     
                                              
             Setup:-     687                  
       Uncertainty:-      50                  
     Required Time:=     930                  
      Launch Clock:-       0                  
         Data Path:-     993                  
             Slack:=     -64                  

Launch clock path:
#----------------------------------------------------------------------------------------------------------------
#              Timing Point               Flags   Arc   Edge   Cell     Fanout Load Trans Delay Arrival Instance 
#                                                                              (fF)  (ps)  (ps)   (ps)  Location 
#----------------------------------------------------------------------------------------------------------------
  u_core_u_osc_slow_u_ro_tune4/S[0]       (i,b)   -     R     (arrival)     73  0.0     0     0       0    (-,-) 
  u_core_u_slow_epoch_johnson_o_reg[14]/C <<<     -     R     DFRRQHDX1     73    -   150     0       0    (-,-) 
#----------------------------------------------------------------------------------------------------------------

#----------------------------------------------------------------------------------------------------------------
#              Timing Point               Flags   Arc   Edge   Cell     Fanout Load Trans Delay Arrival Instance 
#                                                                              (fF)  (ps)  (ps)   (ps)  Location 
#----------------------------------------------------------------------------------------------------------------
  u_core_u_slow_epoch_johnson_o_reg[14]/C -       -     R     (arrival)     73    -   150     0       0    (-,-) 
  u_core_u_slow_epoch_johnson_o_reg[14]/Q -       C->Q  F     DFRRQHDX1      2 20.9   256   993     993    (-,-) 
  u_core_u_slow_epoch_johnson_o_reg[15]/D <<<     -     F     DFRRQHDX1      2    -     -     0     993    (-,-) 
#----------------------------------------------------------------------------------------------------------------

Capture clock path:
#----------------------------------------------------------------------------------------------------------------
#              Timing Point               Flags   Arc   Edge   Cell     Fanout Load Trans Delay Arrival Instance 
#                                                                              (fF)  (ps)  (ps)   (ps)  Location 
#----------------------------------------------------------------------------------------------------------------
  u_core_u_osc_slow_u_ro_tune4/S[0]       (i,b)   -     R     (arrival)     73  0.0     0     0    1667    (-,-) 
  u_core_u_slow_epoch_johnson_o_reg[15]/C <<<     -     R     DFRRQHDX1     73    -   150     0    1667    (-,-) 
#----------------------------------------------------------------------------------------------------------------



Path 99: VIOLATED (-64 ps) Setup Check with Pin u_core_u_slow_epoch_johnson_o_reg[12]/C->D
           View: wc_view
          Group: clk_osc_slow
     Startpoint: (R) u_core_u_slow_epoch_johnson_o_reg[11]/C
          Clock: (R) clk_osc_slow
       Endpoint: (F) u_core_u_slow_epoch_johnson_o_reg[12]/D
          Clock: (R) clk_osc_slow

                     Capture       Launch     
        Clock Edge:+    1667            0     
       Src Latency:+       0            0     
       Net Latency:+       0 (I)        0 (I) 
           Arrival:=    1667            0     
                                              
             Setup:-     687                  
       Uncertainty:-      50                  
     Required Time:=     930                  
      Launch Clock:-       0                  
         Data Path:-     993                  
             Slack:=     -64                  

Launch clock path:
#----------------------------------------------------------------------------------------------------------------
#              Timing Point               Flags   Arc   Edge   Cell     Fanout Load Trans Delay Arrival Instance 
#                                                                              (fF)  (ps)  (ps)   (ps)  Location 
#----------------------------------------------------------------------------------------------------------------
  u_core_u_osc_slow_u_ro_tune4/S[0]       (i,b)   -     R     (arrival)     73  0.0     0     0       0    (-,-) 
  u_core_u_slow_epoch_johnson_o_reg[11]/C <<<     -     R     DFRRQHDX1     73    -   150     0       0    (-,-) 
#----------------------------------------------------------------------------------------------------------------

#----------------------------------------------------------------------------------------------------------------
#              Timing Point               Flags   Arc   Edge   Cell     Fanout Load Trans Delay Arrival Instance 
#                                                                              (fF)  (ps)  (ps)   (ps)  Location 
#----------------------------------------------------------------------------------------------------------------
  u_core_u_slow_epoch_johnson_o_reg[11]/C -       -     R     (arrival)     73    -   150     0       0    (-,-) 
  u_core_u_slow_epoch_johnson_o_reg[11]/Q -       C->Q  F     DFRRQHDX1      2 20.9   256   993     993    (-,-) 
  u_core_u_slow_epoch_johnson_o_reg[12]/D <<<     -     F     DFRRQHDX1      2    -     -     0     993    (-,-) 
#----------------------------------------------------------------------------------------------------------------

Capture clock path:
#----------------------------------------------------------------------------------------------------------------
#              Timing Point               Flags   Arc   Edge   Cell     Fanout Load Trans Delay Arrival Instance 
#                                                                              (fF)  (ps)  (ps)   (ps)  Location 
#----------------------------------------------------------------------------------------------------------------
  u_core_u_osc_slow_u_ro_tune4/S[0]       (i,b)   -     R     (arrival)     73  0.0     0     0    1667    (-,-) 
  u_core_u_slow_epoch_johnson_o_reg[12]/C <<<     -     R     DFRRQHDX1     73    -   150     0    1667    (-,-) 
#----------------------------------------------------------------------------------------------------------------



Path 100: VIOLATED (-64 ps) Setup Check with Pin u_core_u_slow_epoch_johnson_o_reg[11]/C->D
           View: wc_view
          Group: clk_osc_slow
     Startpoint: (R) u_core_u_slow_epoch_johnson_o_reg[10]/C
          Clock: (R) clk_osc_slow
       Endpoint: (F) u_core_u_slow_epoch_johnson_o_reg[11]/D
          Clock: (R) clk_osc_slow

                     Capture       Launch     
        Clock Edge:+    1667            0     
       Src Latency:+       0            0     
       Net Latency:+       0 (I)        0 (I) 
           Arrival:=    1667            0     
                                              
             Setup:-     687                  
       Uncertainty:-      50                  
     Required Time:=     930                  
      Launch Clock:-       0                  
         Data Path:-     993                  
             Slack:=     -64                  

Launch clock path:
#----------------------------------------------------------------------------------------------------------------
#              Timing Point               Flags   Arc   Edge   Cell     Fanout Load Trans Delay Arrival Instance 
#                                                                              (fF)  (ps)  (ps)   (ps)  Location 
#----------------------------------------------------------------------------------------------------------------
  u_core_u_osc_slow_u_ro_tune4/S[0]       (i,b)   -     R     (arrival)     73  0.0     0     0       0    (-,-) 
  u_core_u_slow_epoch_johnson_o_reg[10]/C <<<     -     R     DFRRQHDX1     73    -   150     0       0    (-,-) 
#----------------------------------------------------------------------------------------------------------------

#----------------------------------------------------------------------------------------------------------------
#              Timing Point               Flags   Arc   Edge   Cell     Fanout Load Trans Delay Arrival Instance 
#                                                                              (fF)  (ps)  (ps)   (ps)  Location 
#----------------------------------------------------------------------------------------------------------------
  u_core_u_slow_epoch_johnson_o_reg[10]/C -       -     R     (arrival)     73    -   150     0       0    (-,-) 
  u_core_u_slow_epoch_johnson_o_reg[10]/Q -       C->Q  F     DFRRQHDX1      2 20.9   256   993     993    (-,-) 
  u_core_u_slow_epoch_johnson_o_reg[11]/D <<<     -     F     DFRRQHDX1      2    -     -     0     993    (-,-) 
#----------------------------------------------------------------------------------------------------------------

Capture clock path:
#----------------------------------------------------------------------------------------------------------------
#              Timing Point               Flags   Arc   Edge   Cell     Fanout Load Trans Delay Arrival Instance 
#                                                                              (fF)  (ps)  (ps)   (ps)  Location 
#----------------------------------------------------------------------------------------------------------------
  u_core_u_osc_slow_u_ro_tune4/S[0]       (i,b)   -     R     (arrival)     73  0.0     0     0    1667    (-,-) 
  u_core_u_slow_epoch_johnson_o_reg[11]/C <<<     -     R     DFRRQHDX1     73    -   150     0    1667    (-,-) 
#----------------------------------------------------------------------------------------------------------------


