schema_version,test_name,seed,attempt_id,event_id,label,source,stop_model,accepted,rejected,reject_reason,start_time_ps,stop_time_ps,true_dt_ps,start_phase_sys_ps,start_phase_ref_ps,ref_phase_offset_ps,max_hits,out_mode,bp_mode,start_only,expect_packet
1,stress_random,20006,0,0,r_0,0,qualified_ref,1,0,none,309375,325088,15713,3125,9463,88,1,0,always_ready,0,1
1,stress_random,20006,1,1,r_1,0,qualified_ref,1,0,none,1334375,1350088,15713,3125,9463,88,1,0,always_ready,0,1
1,stress_random,20006,2,2,r_2,0,qualified_ref,1,0,none,2359375,2375088,15713,3125,9463,88,1,0,always_ready,0,1
1,stress_random,20006,3,3,r_3,0,qualified_ref,1,0,none,3384375,3400088,15713,3125,9463,88,1,0,always_ready,0,1
1,stress_random,20006,4,4,r_4,0,qualified_ref,1,0,none,4409375,4425088,15713,3125,9463,88,1,0,always_ready,0,1
1,stress_random,20006,5,5,r_5,0,qualified_ref,1,0,none,5434375,5450088,15713,3125,9463,88,1,0,always_ready,0,1
1,stress_random,20006,6,6,r_6,0,qualified_ref,1,0,none,6459375,6475088,15713,3125,9463,88,1,0,always_ready,0,1
1,stress_random,20006,7,7,r_7,0,qualified_ref,1,0,none,7484375,7500088,15713,3125,9463,88,1,0,always_ready,0,1
1,stress_random,20006,8,8,r_8,0,qualified_ref,1,0,none,8509375,8525088,15713,3125,9463,88,1,0,always_ready,0,1
1,stress_random,20006,9,9,r_9,0,qualified_ref,1,0,none,9534375,9550088,15713,3125,9463,88,1,0,always_ready,0,1
1,stress_random,20006,10,10,r_10,0,qualified_ref,1,0,none,10559375,10575088,15713,3125,9463,88,1,0,always_ready,0,1
1,stress_random,20006,11,11,r_11,0,qualified_ref,1,0,none,11584375,11600088,15713,3125,9463,88,1,0,always_ready,0,1
1,stress_random,20006,12,12,r_12,0,qualified_ref,1,0,none,12609375,12625088,15713,3125,9463,88,1,0,always_ready,0,1
1,stress_random,20006,13,13,r_13,0,qualified_ref,1,0,none,13634375,13650088,15713,3125,9463,88,1,0,always_ready,0,1
1,stress_random,20006,14,14,r_14,0,qualified_ref,1,0,none,14659375,14675088,15713,3125,9463,88,1,0,always_ready,0,1
1,stress_random,20006,15,15,r_15,0,qualified_ref,1,0,none,15684375,15700088,15713,3125,9463,88,1,0,always_ready,0,1
1,stress_random,20006,16,16,r_16,0,qualified_ref,1,0,none,16709375,16725088,15713,3125,9463,88,1,0,always_ready,0,1
1,stress_random,20006,17,17,r_17,0,qualified_ref,1,0,none,17734375,17750088,15713,3125,9463,88,1,0,always_ready,0,1
1,stress_random,20006,18,18,r_18,0,qualified_ref,1,0,none,18759375,18775088,15713,3125,9463,88,1,0,always_ready,0,1
1,stress_random,20006,19,19,r_19,0,qualified_ref,1,0,none,19784375,19800088,15713,3125,9463,88,1,0,always_ready,0,1
1,stress_random,20006,20,20,r_20,0,qualified_ref,1,0,none,20809375,20825088,15713,3125,9463,88,1,0,always_ready,0,1
1,stress_random,20006,21,21,r_21,0,qualified_ref,1,0,none,21834375,21850088,15713,3125,9463,88,1,0,always_ready,0,1
1,stress_random,20006,22,22,r_22,0,qualified_ref,1,0,none,22859375,22875088,15713,3125,9463,88,1,0,always_ready,0,1
1,stress_random,20006,23,23,r_23,0,qualified_ref,1,0,none,23884375,23900088,15713,3125,9463,88,1,0,always_ready,0,1
1,stress_random,20006,24,24,r_24,0,qualified_ref,1,0,none,24909375,24925088,15713,3125,9463,88,1,0,always_ready,0,1
1,stress_random,20006,25,25,r_25,0,qualified_ref,1,0,none,25934375,25950088,15713,3125,9463,88,1,0,always_ready,0,1
1,stress_random,20006,26,26,r_26,0,qualified_ref,1,0,none,26959375,26975088,15713,3125,9463,88,1,0,always_ready,0,1
1,stress_random,20006,27,27,r_27,0,qualified_ref,1,0,none,27984375,28000088,15713,3125,9463,88,1,0,always_ready,0,1
1,stress_random,20006,28,28,r_28,0,qualified_ref,1,0,none,29009375,29025088,15713,3125,9463,88,1,0,always_ready,0,1
1,stress_random,20006,29,29,r_29,0,qualified_ref,1,0,none,30034375,30050088,15713,3125,9463,88,1,0,always_ready,0,1
1,stress_random,20006,30,30,r_30,0,qualified_ref,1,0,none,31059375,31075088,15713,3125,9463,88,1,0,always_ready,0,1
1,stress_random,20006,31,31,r_31,0,qualified_ref,1,0,none,32084375,32100088,15713,3125,9463,88,1,0,always_ready,0,1
1,stress_random,20006,32,32,r_32,0,qualified_ref,1,0,none,33109375,33125088,15713,3125,9463,88,1,0,always_ready,0,1
1,stress_random,20006,33,33,r_33,0,qualified_ref,1,0,none,34134375,34150088,15713,3125,9463,88,1,0,always_ready,0,1
1,stress_random,20006,34,34,r_34,0,qualified_ref,1,0,none,35159375,35175088,15713,3125,9463,88,1,0,always_ready,0,1
1,stress_random,20006,35,35,r_35,0,qualified_ref,1,0,none,36184375,36200088,15713,3125,9463,88,1,0,always_ready,0,1
1,stress_random,20006,36,36,r_36,0,qualified_ref,1,0,none,37209375,37225088,15713,3125,9463,88,1,0,always_ready,0,1
1,stress_random,20006,37,37,r_37,0,qualified_ref,1,0,none,38234375,38250088,15713,3125,9463,88,1,0,always_ready,0,1
1,stress_random,20006,38,38,r_38,0,qualified_ref,1,0,none,39259375,39275088,15713,3125,9463,88,1,0,always_ready,0,1
1,stress_random,20006,39,39,r_39,0,qualified_ref,1,0,none,40284375,40300088,15713,3125,9463,88,1,0,always_ready,0,1
1,stress_random,20006,40,40,r_40,0,qualified_ref,1,0,none,41309375,41325088,15713,3125,9463,88,1,0,always_ready,0,1
1,stress_random,20006,41,41,r_41,0,qualified_ref,1,0,none,42334375,42350088,15713,3125,9463,88,1,0,always_ready,0,1
1,stress_random,20006,42,42,r_42,0,qualified_ref,1,0,none,43359375,43375088,15713,3125,9463,88,1,0,always_ready,0,1
1,stress_random,20006,43,43,r_43,0,qualified_ref,1,0,none,44384375,44400088,15713,3125,9463,88,1,0,always_ready,0,1
1,stress_random,20006,44,44,r_44,0,qualified_ref,1,0,none,45409375,45425088,15713,3125,9463,88,1,0,always_ready,0,1
1,stress_random,20006,45,45,r_45,0,qualified_ref,1,0,none,46434375,46450088,15713,3125,9463,88,1,0,always_ready,0,1
1,stress_random,20006,46,46,r_46,0,qualified_ref,1,0,none,47459375,47475088,15713,3125,9463,88,1,0,always_ready,0,1
1,stress_random,20006,47,47,r_47,0,qualified_ref,1,0,none,48484375,48500088,15713,3125,9463,88,1,0,always_ready,0,1
1,stress_random,20006,48,48,r_48,0,qualified_ref,1,0,none,49509375,49525088,15713,3125,9463,88,1,0,always_ready,0,1
1,stress_random,20006,49,49,r_49,0,qualified_ref,1,0,none,50534375,50550088,15713,3125,9463,88,1,0,always_ready,0,1
1,stress_random,20006,50,50,r_50,0,qualified_ref,1,0,none,51559375,51575088,15713,3125,9463,88,1,0,always_ready,0,1
1,stress_random,20006,51,51,r_51,0,qualified_ref,1,0,none,52584375,52600088,15713,3125,9463,88,1,0,always_ready,0,1
1,stress_random,20006,52,52,r_52,0,qualified_ref,1,0,none,53609375,53625088,15713,3125,9463,88,1,0,always_ready,0,1
1,stress_random,20006,53,53,r_53,0,qualified_ref,1,0,none,54634375,54650088,15713,3125,9463,88,1,0,always_ready,0,1
1,stress_random,20006,54,54,r_54,0,qualified_ref,1,0,none,55659375,55675088,15713,3125,9463,88,1,0,always_ready,0,1
1,stress_random,20006,55,55,r_55,0,qualified_ref,1,0,none,56684375,56700088,15713,3125,9463,88,1,0,always_ready,0,1
1,stress_random,20006,56,56,r_56,0,qualified_ref,1,0,none,57709375,57725088,15713,3125,9463,88,1,0,always_ready,0,1
1,stress_random,20006,57,57,r_57,0,qualified_ref,1,0,none,58734375,58750088,15713,3125,9463,88,1,0,always_ready,0,1
1,stress_random,20006,58,58,r_58,0,qualified_ref,1,0,none,59759375,59775088,15713,3125,9463,88,1,0,always_ready,0,1
1,stress_random,20006,59,59,r_59,0,qualified_ref,1,0,none,60784375,60800088,15713,3125,9463,88,1,0,always_ready,0,1
1,stress_random,20006,60,60,r_60,0,qualified_ref,1,0,none,61809375,61825088,15713,3125,9463,88,1,0,always_ready,0,1
1,stress_random,20006,61,61,r_61,0,qualified_ref,1,0,none,62834375,62850088,15713,3125,9463,88,1,0,always_ready,0,1
1,stress_random,20006,62,62,r_62,0,qualified_ref,1,0,none,63859375,63875088,15713,3125,9463,88,1,0,always_ready,0,1
1,stress_random,20006,63,63,r_63,0,qualified_ref,1,0,none,64884375,64900088,15713,3125,9463,88,1,0,always_ready,0,1
1,stress_random,20006,64,64,r_64,0,qualified_ref,1,0,none,65909375,65925088,15713,3125,9463,88,1,0,always_ready,0,1
1,stress_random,20006,65,65,r_65,0,qualified_ref,1,0,none,66934375,66950088,15713,3125,9463,88,1,0,always_ready,0,1
1,stress_random,20006,66,66,r_66,0,qualified_ref,1,0,none,67959375,67975088,15713,3125,9463,88,1,0,always_ready,0,1
1,stress_random,20006,67,67,r_67,0,qualified_ref,1,0,none,68984375,69000088,15713,3125,9463,88,1,0,always_ready,0,1
1,stress_random,20006,68,68,r_68,0,qualified_ref,1,0,none,70009375,70025088,15713,3125,9463,88,1,0,always_ready,0,1
1,stress_random,20006,69,69,r_69,0,qualified_ref,1,0,none,71034375,71050088,15713,3125,9463,88,1,0,always_ready,0,1
1,stress_random,20006,70,70,r_70,0,qualified_ref,1,0,none,72059375,72075088,15713,3125,9463,88,1,0,always_ready,0,1
1,stress_random,20006,71,71,r_71,0,qualified_ref,1,0,none,73084375,73100088,15713,3125,9463,88,1,0,always_ready,0,1
1,stress_random,20006,72,72,r_72,0,qualified_ref,1,0,none,74109375,74125088,15713,3125,9463,88,1,0,always_ready,0,1
1,stress_random,20006,73,73,r_73,0,qualified_ref,1,0,none,75134375,75150088,15713,3125,9463,88,1,0,always_ready,0,1
1,stress_random,20006,74,74,r_74,0,qualified_ref,1,0,none,76159375,76175088,15713,3125,9463,88,1,0,always_ready,0,1
1,stress_random,20006,75,75,r_75,0,qualified_ref,1,0,none,77184375,77200088,15713,3125,9463,88,1,0,always_ready,0,1
1,stress_random,20006,76,76,r_76,0,qualified_ref,1,0,none,78209375,78225088,15713,3125,9463,88,1,0,always_ready,0,1
1,stress_random,20006,77,77,r_77,0,qualified_ref,1,0,none,79234375,79250088,15713,3125,9463,88,1,0,always_ready,0,1
1,stress_random,20006,78,78,r_78,0,qualified_ref,1,0,none,80259375,80275088,15713,3125,9463,88,1,0,always_ready,0,1
1,stress_random,20006,79,79,r_79,0,qualified_ref,1,0,none,81284375,81300088,15713,3125,9463,88,1,0,always_ready,0,1
1,stress_random,20006,80,80,r_80,0,qualified_ref,1,0,none,82309375,82325088,15713,3125,9463,88,1,0,always_ready,0,1
1,stress_random,20006,81,81,r_81,0,qualified_ref,1,0,none,83334375,83350088,15713,3125,9463,88,1,0,always_ready,0,1
1,stress_random,20006,82,82,r_82,0,qualified_ref,1,0,none,84359375,84375088,15713,3125,9463,88,1,0,always_ready,0,1
1,stress_random,20006,83,83,r_83,0,qualified_ref,1,0,none,85384375,85400088,15713,3125,9463,88,1,0,always_ready,0,1
1,stress_random,20006,84,84,r_84,0,qualified_ref,1,0,none,86409375,86425088,15713,3125,9463,88,1,0,always_ready,0,1
1,stress_random,20006,85,85,r_85,0,qualified_ref,1,0,none,87434375,87450088,15713,3125,9463,88,1,0,always_ready,0,1
1,stress_random,20006,86,86,r_86,0,qualified_ref,1,0,none,88459375,88475088,15713,3125,9463,88,1,0,always_ready,0,1
1,stress_random,20006,87,87,r_87,0,qualified_ref,1,0,none,89484375,89500088,15713,3125,9463,88,1,0,always_ready,0,1
1,stress_random,20006,88,88,r_88,0,qualified_ref,1,0,none,90509375,90525088,15713,3125,9463,88,1,0,always_ready,0,1
1,stress_random,20006,89,89,r_89,0,qualified_ref,1,0,none,91534375,91550088,15713,3125,9463,88,1,0,always_ready,0,1
1,stress_random,20006,90,90,r_90,0,qualified_ref,1,0,none,92559375,92575088,15713,3125,9463,88,1,0,always_ready,0,1
1,stress_random,20006,91,91,r_91,0,qualified_ref,1,0,none,93584375,93600088,15713,3125,9463,88,1,0,always_ready,0,1
1,stress_random,20006,92,92,r_92,0,qualified_ref,1,0,none,94609375,94625088,15713,3125,9463,88,1,0,always_ready,0,1
1,stress_random,20006,93,93,r_93,0,qualified_ref,1,0,none,95634375,95650088,15713,3125,9463,88,1,0,always_ready,0,1
1,stress_random,20006,94,94,r_94,0,qualified_ref,1,0,none,96659375,96675088,15713,3125,9463,88,1,0,always_ready,0,1
1,stress_random,20006,95,95,r_95,0,qualified_ref,1,0,none,97684375,97700088,15713,3125,9463,88,1,0,always_ready,0,1
1,stress_random,20006,96,96,r_96,0,qualified_ref,1,0,none,98709375,98725088,15713,3125,9463,88,1,0,always_ready,0,1
1,stress_random,20006,97,97,r_97,0,qualified_ref,1,0,none,99734375,99750088,15713,3125,9463,88,1,0,always_ready,0,1
1,stress_random,20006,98,98,r_98,0,qualified_ref,1,0,none,100759375,100775088,15713,3125,9463,88,1,0,always_ready,0,1
1,stress_random,20006,99,99,r_99,0,qualified_ref,1,0,none,101784375,101800088,15713,3125,9463,88,1,0,always_ready,0,1
1,stress_random,20006,100,100,r_100,0,qualified_ref,1,0,none,102809375,102825088,15713,3125,9463,88,1,0,always_ready,0,1
1,stress_random,20006,101,101,r_101,0,qualified_ref,1,0,none,103834375,103850088,15713,3125,9463,88,1,0,always_ready,0,1
1,stress_random,20006,102,102,r_102,0,qualified_ref,1,0,none,104859375,104875088,15713,3125,9463,88,1,0,always_ready,0,1
1,stress_random,20006,103,103,r_103,0,qualified_ref,1,0,none,105884375,105900088,15713,3125,9463,88,1,0,always_ready,0,1
1,stress_random,20006,104,104,r_104,0,qualified_ref,1,0,none,106909375,106925088,15713,3125,9463,88,1,0,always_ready,0,1
1,stress_random,20006,105,105,r_105,0,qualified_ref,1,0,none,107934375,107950088,15713,3125,9463,88,1,0,always_ready,0,1
1,stress_random,20006,106,106,r_106,0,qualified_ref,1,0,none,108959375,108975088,15713,3125,9463,88,1,0,always_ready,0,1
1,stress_random,20006,107,107,r_107,0,qualified_ref,1,0,none,109984375,110000088,15713,3125,9463,88,1,0,always_ready,0,1
1,stress_random,20006,108,108,r_108,0,qualified_ref,1,0,none,111009375,111025088,15713,3125,9463,88,1,0,always_ready,0,1
1,stress_random,20006,109,109,r_109,0,qualified_ref,1,0,none,112034375,112050088,15713,3125,9463,88,1,0,always_ready,0,1
1,stress_random,20006,110,110,r_110,0,qualified_ref,1,0,none,113059375,113075088,15713,3125,9463,88,1,0,always_ready,0,1
1,stress_random,20006,111,111,r_111,0,qualified_ref,1,0,none,114084375,114100088,15713,3125,9463,88,1,0,always_ready,0,1
1,stress_random,20006,112,112,r_112,0,qualified_ref,1,0,none,115109375,115125088,15713,3125,9463,88,1,0,always_ready,0,1
1,stress_random,20006,113,113,r_113,0,qualified_ref,1,0,none,116134375,116150088,15713,3125,9463,88,1,0,always_ready,0,1
1,stress_random,20006,114,114,r_114,0,qualified_ref,1,0,none,117159375,117175088,15713,3125,9463,88,1,0,always_ready,0,1
1,stress_random,20006,115,115,r_115,0,qualified_ref,1,0,none,118184375,118200088,15713,3125,9463,88,1,0,always_ready,0,1
1,stress_random,20006,116,116,r_116,0,qualified_ref,1,0,none,119209375,119225088,15713,3125,9463,88,1,0,always_ready,0,1
1,stress_random,20006,117,117,r_117,0,qualified_ref,1,0,none,120234375,120250088,15713,3125,9463,88,1,0,always_ready,0,1
1,stress_random,20006,118,118,r_118,0,qualified_ref,1,0,none,121259375,121275088,15713,3125,9463,88,1,0,always_ready,0,1
1,stress_random,20006,119,119,r_119,0,qualified_ref,1,0,none,122284375,122300088,15713,3125,9463,88,1,0,always_ready,0,1
1,stress_random,20006,120,120,r_120,0,qualified_ref,1,0,none,123309375,123325088,15713,3125,9463,88,1,0,always_ready,0,1
1,stress_random,20006,121,121,r_121,0,qualified_ref,1,0,none,124334375,124350088,15713,3125,9463,88,1,0,always_ready,0,1
1,stress_random,20006,122,122,r_122,0,qualified_ref,1,0,none,125359375,125375088,15713,3125,9463,88,1,0,always_ready,0,1
1,stress_random,20006,123,123,r_123,0,qualified_ref,1,0,none,126384375,126400088,15713,3125,9463,88,1,0,always_ready,0,1
1,stress_random,20006,124,124,r_124,0,qualified_ref,1,0,none,127409375,127425088,15713,3125,9463,88,1,0,always_ready,0,1
1,stress_random,20006,125,125,r_125,0,qualified_ref,1,0,none,128434375,128450088,15713,3125,9463,88,1,0,always_ready,0,1
1,stress_random,20006,126,126,r_126,0,qualified_ref,1,0,none,129459375,129475088,15713,3125,9463,88,1,0,always_ready,0,1
1,stress_random,20006,127,127,r_127,0,qualified_ref,1,0,none,130484375,130500088,15713,3125,9463,88,1,0,always_ready,0,1
1,stress_random,20006,128,128,r_128,0,qualified_ref,1,0,none,131509375,131525088,15713,3125,9463,88,1,0,always_ready,0,1
1,stress_random,20006,129,129,r_129,0,qualified_ref,1,0,none,132534375,132550088,15713,3125,9463,88,1,0,always_ready,0,1
1,stress_random,20006,130,130,r_130,0,qualified_ref,1,0,none,133559375,133575088,15713,3125,9463,88,1,0,always_ready,0,1
1,stress_random,20006,131,131,r_131,0,qualified_ref,1,0,none,134584375,134600088,15713,3125,9463,88,1,0,always_ready,0,1
1,stress_random,20006,132,132,r_132,0,qualified_ref,1,0,none,135609375,135625088,15713,3125,9463,88,1,0,always_ready,0,1
1,stress_random,20006,133,133,r_133,0,qualified_ref,1,0,none,136634375,136650088,15713,3125,9463,88,1,0,always_ready,0,1
1,stress_random,20006,134,134,r_134,0,qualified_ref,1,0,none,137659375,137675088,15713,3125,9463,88,1,0,always_ready,0,1
1,stress_random,20006,135,135,r_135,0,qualified_ref,1,0,none,138684375,138700088,15713,3125,9463,88,1,0,always_ready,0,1
1,stress_random,20006,136,136,r_136,0,qualified_ref,1,0,none,139709375,139725088,15713,3125,9463,88,1,0,always_ready,0,1
1,stress_random,20006,137,137,r_137,0,qualified_ref,1,0,none,140734375,140750088,15713,3125,9463,88,1,0,always_ready,0,1
1,stress_random,20006,138,138,r_138,0,qualified_ref,1,0,none,141759375,141775088,15713,3125,9463,88,1,0,always_ready,0,1
1,stress_random,20006,139,139,r_139,0,qualified_ref,1,0,none,142784375,142800088,15713,3125,9463,88,1,0,always_ready,0,1
1,stress_random,20006,140,140,r_140,0,qualified_ref,1,0,none,143809375,143825088,15713,3125,9463,88,1,0,always_ready,0,1
1,stress_random,20006,141,141,r_141,0,qualified_ref,1,0,none,144834375,144850088,15713,3125,9463,88,1,0,always_ready,0,1
1,stress_random,20006,142,142,r_142,0,qualified_ref,1,0,none,145859375,145875088,15713,3125,9463,88,1,0,always_ready,0,1
1,stress_random,20006,143,143,r_143,0,qualified_ref,1,0,none,146884375,146900088,15713,3125,9463,88,1,0,always_ready,0,1
1,stress_random,20006,144,144,r_144,0,qualified_ref,1,0,none,147909375,147925088,15713,3125,9463,88,1,0,always_ready,0,1
1,stress_random,20006,145,145,r_145,0,qualified_ref,1,0,none,148934375,148950088,15713,3125,9463,88,1,0,always_ready,0,1
1,stress_random,20006,146,146,r_146,0,qualified_ref,1,0,none,149959375,149975088,15713,3125,9463,88,1,0,always_ready,0,1
1,stress_random,20006,147,147,r_147,0,qualified_ref,1,0,none,150984375,151000088,15713,3125,9463,88,1,0,always_ready,0,1
1,stress_random,20006,148,148,r_148,0,qualified_ref,1,0,none,152009375,152025088,15713,3125,9463,88,1,0,always_ready,0,1
1,stress_random,20006,149,149,r_149,0,qualified_ref,1,0,none,153034375,153050088,15713,3125,9463,88,1,0,always_ready,0,1
1,stress_random,20006,150,150,r_150,0,qualified_ref,1,0,none,154059375,154075088,15713,3125,9463,88,1,0,always_ready,0,1
1,stress_random,20006,151,151,r_151,0,qualified_ref,1,0,none,155084375,155100088,15713,3125,9463,88,1,0,always_ready,0,1
1,stress_random,20006,152,152,r_152,0,qualified_ref,1,0,none,156109375,156125088,15713,3125,9463,88,1,0,always_ready,0,1
1,stress_random,20006,153,153,r_153,0,qualified_ref,1,0,none,157134375,157150088,15713,3125,9463,88,1,0,always_ready,0,1
1,stress_random,20006,154,154,r_154,0,qualified_ref,1,0,none,158159375,158175088,15713,3125,9463,88,1,0,always_ready,0,1
1,stress_random,20006,155,155,r_155,0,qualified_ref,1,0,none,159184375,159200088,15713,3125,9463,88,1,0,always_ready,0,1
1,stress_random,20006,156,156,r_156,0,qualified_ref,1,0,none,160209375,160225088,15713,3125,9463,88,1,0,always_ready,0,1
1,stress_random,20006,157,157,r_157,0,qualified_ref,1,0,none,161234375,161250088,15713,3125,9463,88,1,0,always_ready,0,1
1,stress_random,20006,158,158,r_158,0,qualified_ref,1,0,none,162259375,162275088,15713,3125,9463,88,1,0,always_ready,0,1
1,stress_random,20006,159,159,r_159,0,qualified_ref,1,0,none,163284375,163300088,15713,3125,9463,88,1,0,always_ready,0,1
1,stress_random,20006,160,160,r_160,0,qualified_ref,1,0,none,164309375,164325088,15713,3125,9463,88,1,0,always_ready,0,1
1,stress_random,20006,161,161,r_161,0,qualified_ref,1,0,none,165334375,165350088,15713,3125,9463,88,1,0,always_ready,0,1
1,stress_random,20006,162,162,r_162,0,qualified_ref,1,0,none,166359375,166375088,15713,3125,9463,88,1,0,always_ready,0,1
1,stress_random,20006,163,163,r_163,0,qualified_ref,1,0,none,167384375,167400088,15713,3125,9463,88,1,0,always_ready,0,1
1,stress_random,20006,164,164,r_164,0,qualified_ref,1,0,none,168409375,168425088,15713,3125,9463,88,1,0,always_ready,0,1
1,stress_random,20006,165,165,r_165,0,qualified_ref,1,0,none,169434375,169450088,15713,3125,9463,88,1,0,always_ready,0,1
1,stress_random,20006,166,166,r_166,0,qualified_ref,1,0,none,170459375,170475088,15713,3125,9463,88,1,0,always_ready,0,1
1,stress_random,20006,167,167,r_167,0,qualified_ref,1,0,none,171484375,171500088,15713,3125,9463,88,1,0,always_ready,0,1
1,stress_random,20006,168,168,r_168,0,qualified_ref,1,0,none,172509375,172525088,15713,3125,9463,88,1,0,always_ready,0,1
1,stress_random,20006,169,169,r_169,0,qualified_ref,1,0,none,173534375,173550088,15713,3125,9463,88,1,0,always_ready,0,1
1,stress_random,20006,170,170,r_170,0,qualified_ref,1,0,none,174559375,174575088,15713,3125,9463,88,1,0,always_ready,0,1
1,stress_random,20006,171,171,r_171,0,qualified_ref,1,0,none,175584375,175600088,15713,3125,9463,88,1,0,always_ready,0,1
1,stress_random,20006,172,172,r_172,0,qualified_ref,1,0,none,176609375,176625088,15713,3125,9463,88,1,0,always_ready,0,1
1,stress_random,20006,173,173,r_173,0,qualified_ref,1,0,none,177634375,177650088,15713,3125,9463,88,1,0,always_ready,0,1
1,stress_random,20006,174,174,r_174,0,qualified_ref,1,0,none,178659375,178675088,15713,3125,9463,88,1,0,always_ready,0,1
1,stress_random,20006,175,175,r_175,0,qualified_ref,1,0,none,179684375,179700088,15713,3125,9463,88,1,0,always_ready,0,1
1,stress_random,20006,176,176,r_176,0,qualified_ref,1,0,none,180709375,180725088,15713,3125,9463,88,1,0,always_ready,0,1
1,stress_random,20006,177,177,r_177,0,qualified_ref,1,0,none,181734375,181750088,15713,3125,9463,88,1,0,always_ready,0,1
1,stress_random,20006,178,178,r_178,0,qualified_ref,1,0,none,182759375,182775088,15713,3125,9463,88,1,0,always_ready,0,1
1,stress_random,20006,179,179,r_179,0,qualified_ref,1,0,none,183784375,183800088,15713,3125,9463,88,1,0,always_ready,0,1
1,stress_random,20006,180,180,r_180,0,qualified_ref,1,0,none,184809375,184825088,15713,3125,9463,88,1,0,always_ready,0,1
1,stress_random,20006,181,181,r_181,0,qualified_ref,1,0,none,185834375,185850088,15713,3125,9463,88,1,0,always_ready,0,1
1,stress_random,20006,182,182,r_182,0,qualified_ref,1,0,none,186859375,186875088,15713,3125,9463,88,1,0,always_ready,0,1
1,stress_random,20006,183,183,r_183,0,qualified_ref,1,0,none,187884375,187900088,15713,3125,9463,88,1,0,always_ready,0,1
1,stress_random,20006,184,184,r_184,0,qualified_ref,1,0,none,188909375,188925088,15713,3125,9463,88,1,0,always_ready,0,1
1,stress_random,20006,185,185,r_185,0,qualified_ref,1,0,none,189934375,189950088,15713,3125,9463,88,1,0,always_ready,0,1
1,stress_random,20006,186,186,r_186,0,qualified_ref,1,0,none,190959375,190975088,15713,3125,9463,88,1,0,always_ready,0,1
1,stress_random,20006,187,187,r_187,0,qualified_ref,1,0,none,191984375,192000088,15713,3125,9463,88,1,0,always_ready,0,1
1,stress_random,20006,188,188,r_188,0,qualified_ref,1,0,none,193009375,193025088,15713,3125,9463,88,1,0,always_ready,0,1
1,stress_random,20006,189,189,r_189,0,qualified_ref,1,0,none,194034375,194050088,15713,3125,9463,88,1,0,always_ready,0,1
1,stress_random,20006,190,190,r_190,0,qualified_ref,1,0,none,195059375,195075088,15713,3125,9463,88,1,0,always_ready,0,1
1,stress_random,20006,191,191,r_191,0,qualified_ref,1,0,none,196084375,196100088,15713,3125,9463,88,1,0,always_ready,0,1
1,stress_random,20006,192,192,r_192,0,qualified_ref,1,0,none,197109375,197125088,15713,3125,9463,88,1,0,always_ready,0,1
1,stress_random,20006,193,193,r_193,0,qualified_ref,1,0,none,198134375,198150088,15713,3125,9463,88,1,0,always_ready,0,1
1,stress_random,20006,194,194,r_194,0,qualified_ref,1,0,none,199159375,199175088,15713,3125,9463,88,1,0,always_ready,0,1
1,stress_random,20006,195,195,r_195,0,qualified_ref,1,0,none,200184375,200200088,15713,3125,9463,88,1,0,always_ready,0,1
1,stress_random,20006,196,196,r_196,0,qualified_ref,1,0,none,201209375,201225088,15713,3125,9463,88,1,0,always_ready,0,1
1,stress_random,20006,197,197,r_197,0,qualified_ref,1,0,none,202234375,202250088,15713,3125,9463,88,1,0,always_ready,0,1
1,stress_random,20006,198,198,r_198,0,qualified_ref,1,0,none,203259375,203275088,15713,3125,9463,88,1,0,always_ready,0,1
1,stress_random,20006,199,199,r_199,0,qualified_ref,1,0,none,204284375,204300088,15713,3125,9463,88,1,0,always_ready,0,1
1,stress_random,20006,200,200,r_200,0,qualified_ref,1,0,none,205309375,205325088,15713,3125,9463,88,1,0,always_ready,0,1
1,stress_random,20006,201,201,r_201,0,qualified_ref,1,0,none,206334375,206350088,15713,3125,9463,88,1,0,always_ready,0,1
1,stress_random,20006,202,202,r_202,0,qualified_ref,1,0,none,207359375,207375088,15713,3125,9463,88,1,0,always_ready,0,1
1,stress_random,20006,203,203,r_203,0,qualified_ref,1,0,none,208384375,208400088,15713,3125,9463,88,1,0,always_ready,0,1
1,stress_random,20006,204,204,r_204,0,qualified_ref,1,0,none,209409375,209425088,15713,3125,9463,88,1,0,always_ready,0,1
1,stress_random,20006,205,205,r_205,0,qualified_ref,1,0,none,210434375,210450088,15713,3125,9463,88,1,0,always_ready,0,1
1,stress_random,20006,206,206,r_206,0,qualified_ref,1,0,none,211459375,211475088,15713,3125,9463,88,1,0,always_ready,0,1
1,stress_random,20006,207,207,r_207,0,qualified_ref,1,0,none,212484375,212500088,15713,3125,9463,88,1,0,always_ready,0,1
1,stress_random,20006,208,208,r_208,0,qualified_ref,1,0,none,213509375,213525088,15713,3125,9463,88,1,0,always_ready,0,1
1,stress_random,20006,209,209,r_209,0,qualified_ref,1,0,none,214534375,214550088,15713,3125,9463,88,1,0,always_ready,0,1
1,stress_random,20006,210,210,r_210,0,qualified_ref,1,0,none,215559375,215575088,15713,3125,9463,88,1,0,always_ready,0,1
1,stress_random,20006,211,211,r_211,0,qualified_ref,1,0,none,216584375,216600088,15713,3125,9463,88,1,0,always_ready,0,1
1,stress_random,20006,212,212,r_212,0,qualified_ref,1,0,none,217609375,217625088,15713,3125,9463,88,1,0,always_ready,0,1
1,stress_random,20006,213,213,r_213,0,qualified_ref,1,0,none,218634375,218650088,15713,3125,9463,88,1,0,always_ready,0,1
1,stress_random,20006,214,214,r_214,0,qualified_ref,1,0,none,219659375,219675088,15713,3125,9463,88,1,0,always_ready,0,1
1,stress_random,20006,215,215,r_215,0,qualified_ref,1,0,none,220684375,220700088,15713,3125,9463,88,1,0,always_ready,0,1
1,stress_random,20006,216,216,r_216,0,qualified_ref,1,0,none,221709375,221725088,15713,3125,9463,88,1,0,always_ready,0,1
1,stress_random,20006,217,217,r_217,0,qualified_ref,1,0,none,222734375,222750088,15713,3125,9463,88,1,0,always_ready,0,1
1,stress_random,20006,218,218,r_218,0,qualified_ref,1,0,none,223759375,223775088,15713,3125,9463,88,1,0,always_ready,0,1
1,stress_random,20006,219,219,r_219,0,qualified_ref,1,0,none,224784375,224800088,15713,3125,9463,88,1,0,always_ready,0,1
1,stress_random,20006,220,220,r_220,0,qualified_ref,1,0,none,225809375,225825088,15713,3125,9463,88,1,0,always_ready,0,1
1,stress_random,20006,221,221,r_221,0,qualified_ref,1,0,none,226834375,226850088,15713,3125,9463,88,1,0,always_ready,0,1
1,stress_random,20006,222,222,r_222,0,qualified_ref,1,0,none,227859375,227875088,15713,3125,9463,88,1,0,always_ready,0,1
1,stress_random,20006,223,223,r_223,0,qualified_ref,1,0,none,228884375,228900088,15713,3125,9463,88,1,0,always_ready,0,1
1,stress_random,20006,224,224,r_224,0,qualified_ref,1,0,none,229909375,229925088,15713,3125,9463,88,1,0,always_ready,0,1
1,stress_random,20006,225,225,r_225,0,qualified_ref,1,0,none,230934375,230950088,15713,3125,9463,88,1,0,always_ready,0,1
1,stress_random,20006,226,226,r_226,0,qualified_ref,1,0,none,231959375,231975088,15713,3125,9463,88,1,0,always_ready,0,1
1,stress_random,20006,227,227,r_227,0,qualified_ref,1,0,none,232984375,233000088,15713,3125,9463,88,1,0,always_ready,0,1
1,stress_random,20006,228,228,r_228,0,qualified_ref,1,0,none,234009375,234025088,15713,3125,9463,88,1,0,always_ready,0,1
1,stress_random,20006,229,229,r_229,0,qualified_ref,1,0,none,235034375,235050088,15713,3125,9463,88,1,0,always_ready,0,1
1,stress_random,20006,230,230,r_230,0,qualified_ref,1,0,none,236059375,236075088,15713,3125,9463,88,1,0,always_ready,0,1
1,stress_random,20006,231,231,r_231,0,qualified_ref,1,0,none,237084375,237100088,15713,3125,9463,88,1,0,always_ready,0,1
1,stress_random,20006,232,232,r_232,0,qualified_ref,1,0,none,238109375,238125088,15713,3125,9463,88,1,0,always_ready,0,1
1,stress_random,20006,233,233,r_233,0,qualified_ref,1,0,none,239134375,239150088,15713,3125,9463,88,1,0,always_ready,0,1
1,stress_random,20006,234,234,r_234,0,qualified_ref,1,0,none,240159375,240175088,15713,3125,9463,88,1,0,always_ready,0,1
1,stress_random,20006,235,235,r_235,0,qualified_ref,1,0,none,241184375,241200088,15713,3125,9463,88,1,0,always_ready,0,1
1,stress_random,20006,236,236,r_236,0,qualified_ref,1,0,none,242209375,242225088,15713,3125,9463,88,1,0,always_ready,0,1
1,stress_random,20006,237,237,r_237,0,qualified_ref,1,0,none,243234375,243250088,15713,3125,9463,88,1,0,always_ready,0,1
1,stress_random,20006,238,238,r_238,0,qualified_ref,1,0,none,244259375,244275088,15713,3125,9463,88,1,0,always_ready,0,1
1,stress_random,20006,239,239,r_239,0,qualified_ref,1,0,none,245284375,245300088,15713,3125,9463,88,1,0,always_ready,0,1
1,stress_random,20006,240,240,r_240,0,qualified_ref,1,0,none,246309375,246325088,15713,3125,9463,88,1,0,always_ready,0,1
1,stress_random,20006,241,241,r_241,0,qualified_ref,1,0,none,247334375,247350088,15713,3125,9463,88,1,0,always_ready,0,1
1,stress_random,20006,242,242,r_242,0,qualified_ref,1,0,none,248359375,248375088,15713,3125,9463,88,1,0,always_ready,0,1
1,stress_random,20006,243,243,r_243,0,qualified_ref,1,0,none,249384375,249400088,15713,3125,9463,88,1,0,always_ready,0,1
1,stress_random,20006,244,244,r_244,0,qualified_ref,1,0,none,250409375,250425088,15713,3125,9463,88,1,0,always_ready,0,1
1,stress_random,20006,245,245,r_245,0,qualified_ref,1,0,none,251434375,251450088,15713,3125,9463,88,1,0,always_ready,0,1
1,stress_random,20006,246,246,r_246,0,qualified_ref,1,0,none,252459375,252475088,15713,3125,9463,88,1,0,always_ready,0,1
1,stress_random,20006,247,247,r_247,0,qualified_ref,1,0,none,253484375,253500088,15713,3125,9463,88,1,0,always_ready,0,1
1,stress_random,20006,248,248,r_248,0,qualified_ref,1,0,none,254509375,254525088,15713,3125,9463,88,1,0,always_ready,0,1
1,stress_random,20006,249,249,r_249,0,qualified_ref,1,0,none,255534375,255550088,15713,3125,9463,88,1,0,always_ready,0,1
1,stress_random,20006,250,250,r_250,1,qualified_ref,1,0,none,260659375,260675088,15713,3125,9463,88,1,0,always_ready,0,1
1,stress_random,20006,251,251,r_251,1,qualified_ref,1,0,none,261684375,261700088,15713,3125,9463,88,1,0,always_ready,0,1
1,stress_random,20006,252,252,r_252,1,qualified_ref,1,0,none,262709375,262725088,15713,3125,9463,88,1,0,always_ready,0,1
1,stress_random,20006,253,253,r_253,1,qualified_ref,1,0,none,263734375,263750088,15713,3125,9463,88,1,0,always_ready,0,1
1,stress_random,20006,254,254,r_254,1,qualified_ref,1,0,none,264759375,264775088,15713,3125,9463,88,1,0,always_ready,0,1
1,stress_random,20006,255,255,r_255,1,qualified_ref,1,0,none,265784375,265800088,15713,3125,9463,88,1,0,always_ready,0,1
1,stress_random,20006,256,256,r_256,1,qualified_ref,1,0,none,266809375,266825088,15713,3125,9463,88,1,0,always_ready,0,1
1,stress_random,20006,257,257,r_257,1,qualified_ref,1,0,none,267834375,267850088,15713,3125,9463,88,1,0,always_ready,0,1
1,stress_random,20006,258,258,r_258,1,qualified_ref,1,0,none,268859375,268875088,15713,3125,9463,88,1,0,always_ready,0,1
1,stress_random,20006,259,259,r_259,1,qualified_ref,1,0,none,269884375,269900088,15713,3125,9463,88,1,0,always_ready,0,1
1,stress_random,20006,260,260,r_260,1,qualified_ref,1,0,none,270909375,270925088,15713,3125,9463,88,1,0,always_ready,0,1
1,stress_random,20006,261,261,r_261,1,qualified_ref,1,0,none,271934375,271950088,15713,3125,9463,88,1,0,always_ready,0,1
1,stress_random,20006,262,262,r_262,1,qualified_ref,1,0,none,272959375,272975088,15713,3125,9463,88,1,0,always_ready,0,1
1,stress_random,20006,263,263,r_263,1,qualified_ref,1,0,none,273984375,274000088,15713,3125,9463,88,1,0,always_ready,0,1
1,stress_random,20006,264,264,r_264,1,qualified_ref,1,0,none,275009375,275025088,15713,3125,9463,88,1,0,always_ready,0,1
1,stress_random,20006,265,265,r_265,1,qualified_ref,1,0,none,276034375,276050088,15713,3125,9463,88,1,0,always_ready,0,1
1,stress_random,20006,266,266,r_266,1,qualified_ref,1,0,none,277059375,277075088,15713,3125,9463,88,1,0,always_ready,0,1
1,stress_random,20006,267,267,r_267,1,qualified_ref,1,0,none,278084375,278100088,15713,3125,9463,88,1,0,always_ready,0,1
1,stress_random,20006,268,268,r_268,1,qualified_ref,1,0,none,279109375,279125088,15713,3125,9463,88,1,0,always_ready,0,1
1,stress_random,20006,269,269,r_269,1,qualified_ref,1,0,none,280134375,280150088,15713,3125,9463,88,1,0,always_ready,0,1
1,stress_random,20006,270,270,r_270,1,qualified_ref,1,0,none,281159375,281175088,15713,3125,9463,88,1,0,always_ready,0,1
1,stress_random,20006,271,271,r_271,1,qualified_ref,1,0,none,282184375,282200088,15713,3125,9463,88,1,0,always_ready,0,1
1,stress_random,20006,272,272,r_272,1,qualified_ref,1,0,none,283209375,283225088,15713,3125,9463,88,1,0,always_ready,0,1
1,stress_random,20006,273,273,r_273,1,qualified_ref,1,0,none,284234375,284250088,15713,3125,9463,88,1,0,always_ready,0,1
1,stress_random,20006,274,274,r_274,1,qualified_ref,1,0,none,285259375,285275088,15713,3125,9463,88,1,0,always_ready,0,1
1,stress_random,20006,275,275,r_275,1,qualified_ref,1,0,none,286284375,286300088,15713,3125,9463,88,1,0,always_ready,0,1
1,stress_random,20006,276,276,r_276,1,qualified_ref,1,0,none,287309375,287325088,15713,3125,9463,88,1,0,always_ready,0,1
1,stress_random,20006,277,277,r_277,1,qualified_ref,1,0,none,288334375,288350088,15713,3125,9463,88,1,0,always_ready,0,1
1,stress_random,20006,278,278,r_278,1,qualified_ref,1,0,none,289359375,289375088,15713,3125,9463,88,1,0,always_ready,0,1
1,stress_random,20006,279,279,r_279,1,qualified_ref,1,0,none,290384375,290400088,15713,3125,9463,88,1,0,always_ready,0,1
1,stress_random,20006,280,280,r_280,1,qualified_ref,1,0,none,291409375,291425088,15713,3125,9463,88,1,0,always_ready,0,1
1,stress_random,20006,281,281,r_281,1,qualified_ref,1,0,none,292434375,292450088,15713,3125,9463,88,1,0,always_ready,0,1
1,stress_random,20006,282,282,r_282,1,qualified_ref,1,0,none,293459375,293475088,15713,3125,9463,88,1,0,always_ready,0,1
1,stress_random,20006,283,283,r_283,1,qualified_ref,1,0,none,294484375,294500088,15713,3125,9463,88,1,0,always_ready,0,1
1,stress_random,20006,284,284,r_284,1,qualified_ref,1,0,none,295509375,295525088,15713,3125,9463,88,1,0,always_ready,0,1
1,stress_random,20006,285,285,r_285,1,qualified_ref,1,0,none,296534375,296550088,15713,3125,9463,88,1,0,always_ready,0,1
1,stress_random,20006,286,286,r_286,1,qualified_ref,1,0,none,297559375,297575088,15713,3125,9463,88,1,0,always_ready,0,1
1,stress_random,20006,287,287,r_287,1,qualified_ref,1,0,none,298584375,298600088,15713,3125,9463,88,1,0,always_ready,0,1
1,stress_random,20006,288,288,r_288,1,qualified_ref,1,0,none,299609375,299625088,15713,3125,9463,88,1,0,always_ready,0,1
1,stress_random,20006,289,289,r_289,1,qualified_ref,1,0,none,300634375,300650088,15713,3125,9463,88,1,0,always_ready,0,1
1,stress_random,20006,290,290,r_290,1,qualified_ref,1,0,none,301659375,301675088,15713,3125,9463,88,1,0,always_ready,0,1
1,stress_random,20006,291,291,r_291,1,qualified_ref,1,0,none,302684375,302700088,15713,3125,9463,88,1,0,always_ready,0,1
1,stress_random,20006,292,292,r_292,1,qualified_ref,1,0,none,303709375,303725088,15713,3125,9463,88,1,0,always_ready,0,1
1,stress_random,20006,293,293,r_293,1,qualified_ref,1,0,none,304734375,304750088,15713,3125,9463,88,1,0,always_ready,0,1
1,stress_random,20006,294,294,r_294,1,qualified_ref,1,0,none,305759375,305775088,15713,3125,9463,88,1,0,always_ready,0,1
1,stress_random,20006,295,295,r_295,1,qualified_ref,1,0,none,306784375,306800088,15713,3125,9463,88,1,0,always_ready,0,1
1,stress_random,20006,296,296,r_296,1,qualified_ref,1,0,none,307809375,307825088,15713,3125,9463,88,1,0,always_ready,0,1
1,stress_random,20006,297,297,r_297,1,qualified_ref,1,0,none,308834375,308850088,15713,3125,9463,88,1,0,always_ready,0,1
1,stress_random,20006,298,298,r_298,1,qualified_ref,1,0,none,309859375,309875088,15713,3125,9463,88,1,0,always_ready,0,1
1,stress_random,20006,299,299,r_299,1,qualified_ref,1,0,none,310884375,310900088,15713,3125,9463,88,1,0,always_ready,0,1
1,stress_random,20006,300,300,r_300,1,qualified_ref,1,0,none,311909375,311925088,15713,3125,9463,88,1,0,always_ready,0,1
1,stress_random,20006,301,301,r_301,1,qualified_ref,1,0,none,312934375,312950088,15713,3125,9463,88,1,0,always_ready,0,1
1,stress_random,20006,302,302,r_302,1,qualified_ref,1,0,none,313959375,313975088,15713,3125,9463,88,1,0,always_ready,0,1
1,stress_random,20006,303,303,r_303,1,qualified_ref,1,0,none,314984375,315000088,15713,3125,9463,88,1,0,always_ready,0,1
1,stress_random,20006,304,304,r_304,1,qualified_ref,1,0,none,316009375,316025088,15713,3125,9463,88,1,0,always_ready,0,1
1,stress_random,20006,305,305,r_305,1,qualified_ref,1,0,none,317034375,317050088,15713,3125,9463,88,1,0,always_ready,0,1
1,stress_random,20006,306,306,r_306,1,qualified_ref,1,0,none,318059375,318075088,15713,3125,9463,88,1,0,always_ready,0,1
1,stress_random,20006,307,307,r_307,1,qualified_ref,1,0,none,319084375,319100088,15713,3125,9463,88,1,0,always_ready,0,1
1,stress_random,20006,308,308,r_308,1,qualified_ref,1,0,none,320109375,320125088,15713,3125,9463,88,1,0,always_ready,0,1
1,stress_random,20006,309,309,r_309,1,qualified_ref,1,0,none,321134375,321150088,15713,3125,9463,88,1,0,always_ready,0,1
1,stress_random,20006,310,310,r_310,1,qualified_ref,1,0,none,322159375,322175088,15713,3125,9463,88,1,0,always_ready,0,1
1,stress_random,20006,311,311,r_311,1,qualified_ref,1,0,none,323184375,323200088,15713,3125,9463,88,1,0,always_ready,0,1
1,stress_random,20006,312,312,r_312,1,qualified_ref,1,0,none,324209375,324225088,15713,3125,9463,88,1,0,always_ready,0,1
1,stress_random,20006,313,313,r_313,1,qualified_ref,1,0,none,325234375,325250088,15713,3125,9463,88,1,0,always_ready,0,1
1,stress_random,20006,314,314,r_314,1,qualified_ref,1,0,none,326259375,326275088,15713,3125,9463,88,1,0,always_ready,0,1
1,stress_random,20006,315,315,r_315,1,qualified_ref,1,0,none,327284375,327300088,15713,3125,9463,88,1,0,always_ready,0,1
1,stress_random,20006,316,316,r_316,1,qualified_ref,1,0,none,328309375,328325088,15713,3125,9463,88,1,0,always_ready,0,1
1,stress_random,20006,317,317,r_317,1,qualified_ref,1,0,none,329334375,329350088,15713,3125,9463,88,1,0,always_ready,0,1
1,stress_random,20006,318,318,r_318,1,qualified_ref,1,0,none,330359375,330375088,15713,3125,9463,88,1,0,always_ready,0,1
1,stress_random,20006,319,319,r_319,1,qualified_ref,1,0,none,331384375,331400088,15713,3125,9463,88,1,0,always_ready,0,1
1,stress_random,20006,320,320,r_320,1,qualified_ref,1,0,none,332409375,332425088,15713,3125,9463,88,1,0,always_ready,0,1
1,stress_random,20006,321,321,r_321,1,qualified_ref,1,0,none,333434375,333450088,15713,3125,9463,88,1,0,always_ready,0,1
1,stress_random,20006,322,322,r_322,1,qualified_ref,1,0,none,334459375,334475088,15713,3125,9463,88,1,0,always_ready,0,1
1,stress_random,20006,323,323,r_323,1,qualified_ref,1,0,none,335484375,335500088,15713,3125,9463,88,1,0,always_ready,0,1
1,stress_random,20006,324,324,r_324,1,qualified_ref,1,0,none,336509375,336525088,15713,3125,9463,88,1,0,always_ready,0,1
1,stress_random,20006,325,325,r_325,1,qualified_ref,1,0,none,337534375,337550088,15713,3125,9463,88,1,0,always_ready,0,1
1,stress_random,20006,326,326,r_326,1,qualified_ref,1,0,none,338559375,338575088,15713,3125,9463,88,1,0,always_ready,0,1
1,stress_random,20006,327,327,r_327,1,qualified_ref,1,0,none,339584375,339600088,15713,3125,9463,88,1,0,always_ready,0,1
1,stress_random,20006,328,328,r_328,1,qualified_ref,1,0,none,340609375,340625088,15713,3125,9463,88,1,0,always_ready,0,1
1,stress_random,20006,329,329,r_329,1,qualified_ref,1,0,none,341634375,341650088,15713,3125,9463,88,1,0,always_ready,0,1
1,stress_random,20006,330,330,r_330,1,qualified_ref,1,0,none,342659375,342675088,15713,3125,9463,88,1,0,always_ready,0,1
1,stress_random,20006,331,331,r_331,1,qualified_ref,1,0,none,343684375,343700088,15713,3125,9463,88,1,0,always_ready,0,1
1,stress_random,20006,332,332,r_332,1,qualified_ref,1,0,none,344709375,344725088,15713,3125,9463,88,1,0,always_ready,0,1
1,stress_random,20006,333,333,r_333,1,qualified_ref,1,0,none,345734375,345750088,15713,3125,9463,88,1,0,always_ready,0,1
1,stress_random,20006,334,334,r_334,1,qualified_ref,1,0,none,346759375,346775088,15713,3125,9463,88,1,0,always_ready,0,1
1,stress_random,20006,335,335,r_335,1,qualified_ref,1,0,none,347784375,347800088,15713,3125,9463,88,1,0,always_ready,0,1
1,stress_random,20006,336,336,r_336,1,qualified_ref,1,0,none,348809375,348825088,15713,3125,9463,88,1,0,always_ready,0,1
1,stress_random,20006,337,337,r_337,1,qualified_ref,1,0,none,349834375,349850088,15713,3125,9463,88,1,0,always_ready,0,1
1,stress_random,20006,338,338,r_338,1,qualified_ref,1,0,none,350859375,350875088,15713,3125,9463,88,1,0,always_ready,0,1
1,stress_random,20006,339,339,r_339,1,qualified_ref,1,0,none,351884375,351900088,15713,3125,9463,88,1,0,always_ready,0,1
1,stress_random,20006,340,340,r_340,1,qualified_ref,1,0,none,352909375,352925088,15713,3125,9463,88,1,0,always_ready,0,1
1,stress_random,20006,341,341,r_341,1,qualified_ref,1,0,none,353934375,353950088,15713,3125,9463,88,1,0,always_ready,0,1
1,stress_random,20006,342,342,r_342,1,qualified_ref,1,0,none,354959375,354975088,15713,3125,9463,88,1,0,always_ready,0,1
1,stress_random,20006,343,343,r_343,1,qualified_ref,1,0,none,355984375,356000088,15713,3125,9463,88,1,0,always_ready,0,1
1,stress_random,20006,344,344,r_344,1,qualified_ref,1,0,none,357009375,357025088,15713,3125,9463,88,1,0,always_ready,0,1
1,stress_random,20006,345,345,r_345,1,qualified_ref,1,0,none,358034375,358050088,15713,3125,9463,88,1,0,always_ready,0,1
1,stress_random,20006,346,346,r_346,1,qualified_ref,1,0,none,359059375,359075088,15713,3125,9463,88,1,0,always_ready,0,1
1,stress_random,20006,347,347,r_347,1,qualified_ref,1,0,none,360084375,360100088,15713,3125,9463,88,1,0,always_ready,0,1
1,stress_random,20006,348,348,r_348,1,qualified_ref,1,0,none,361109375,361125088,15713,3125,9463,88,1,0,always_ready,0,1
1,stress_random,20006,349,349,r_349,1,qualified_ref,1,0,none,362134375,362150088,15713,3125,9463,88,1,0,always_ready,0,1
1,stress_random,20006,350,350,r_350,1,qualified_ref,1,0,none,363159375,363175088,15713,3125,9463,88,1,0,always_ready,0,1
1,stress_random,20006,351,351,r_351,1,qualified_ref,1,0,none,364184375,364200088,15713,3125,9463,88,1,0,always_ready,0,1
1,stress_random,20006,352,352,r_352,1,qualified_ref,1,0,none,365209375,365225088,15713,3125,9463,88,1,0,always_ready,0,1
1,stress_random,20006,353,353,r_353,1,qualified_ref,1,0,none,366234375,366250088,15713,3125,9463,88,1,0,always_ready,0,1
1,stress_random,20006,354,354,r_354,1,qualified_ref,1,0,none,367259375,367275088,15713,3125,9463,88,1,0,always_ready,0,1
1,stress_random,20006,355,355,r_355,1,qualified_ref,1,0,none,368284375,368300088,15713,3125,9463,88,1,0,always_ready,0,1
1,stress_random,20006,356,356,r_356,1,qualified_ref,1,0,none,369309375,369325088,15713,3125,9463,88,1,0,always_ready,0,1
1,stress_random,20006,357,357,r_357,1,qualified_ref,1,0,none,370334375,370350088,15713,3125,9463,88,1,0,always_ready,0,1
1,stress_random,20006,358,358,r_358,1,qualified_ref,1,0,none,371359375,371375088,15713,3125,9463,88,1,0,always_ready,0,1
1,stress_random,20006,359,359,r_359,1,qualified_ref,1,0,none,372384375,372400088,15713,3125,9463,88,1,0,always_ready,0,1
1,stress_random,20006,360,360,r_360,1,qualified_ref,1,0,none,373409375,373425088,15713,3125,9463,88,1,0,always_ready,0,1
1,stress_random,20006,361,361,r_361,1,qualified_ref,1,0,none,374434375,374450088,15713,3125,9463,88,1,0,always_ready,0,1
1,stress_random,20006,362,362,r_362,1,qualified_ref,1,0,none,375459375,375475088,15713,3125,9463,88,1,0,always_ready,0,1
1,stress_random,20006,363,363,r_363,1,qualified_ref,1,0,none,376484375,376500088,15713,3125,9463,88,1,0,always_ready,0,1
1,stress_random,20006,364,364,r_364,1,qualified_ref,1,0,none,377509375,377525088,15713,3125,9463,88,1,0,always_ready,0,1
1,stress_random,20006,365,365,r_365,1,qualified_ref,1,0,none,378534375,378550088,15713,3125,9463,88,1,0,always_ready,0,1
1,stress_random,20006,366,366,r_366,1,qualified_ref,1,0,none,379559375,379575088,15713,3125,9463,88,1,0,always_ready,0,1
1,stress_random,20006,367,367,r_367,1,qualified_ref,1,0,none,380584375,380600088,15713,3125,9463,88,1,0,always_ready,0,1
1,stress_random,20006,368,368,r_368,1,qualified_ref,1,0,none,381609375,381625088,15713,3125,9463,88,1,0,always_ready,0,1
1,stress_random,20006,369,369,r_369,1,qualified_ref,1,0,none,382634375,382650088,15713,3125,9463,88,1,0,always_ready,0,1
1,stress_random,20006,370,370,r_370,1,qualified_ref,1,0,none,383659375,383675088,15713,3125,9463,88,1,0,always_ready,0,1
1,stress_random,20006,371,371,r_371,1,qualified_ref,1,0,none,384684375,384700088,15713,3125,9463,88,1,0,always_ready,0,1
1,stress_random,20006,372,372,r_372,1,qualified_ref,1,0,none,385709375,385725088,15713,3125,9463,88,1,0,always_ready,0,1
1,stress_random,20006,373,373,r_373,1,qualified_ref,1,0,none,386734375,386750088,15713,3125,9463,88,1,0,always_ready,0,1
1,stress_random,20006,374,374,r_374,1,qualified_ref,1,0,none,387759375,387775088,15713,3125,9463,88,1,0,always_ready,0,1
1,stress_random,20006,375,375,r_375,1,qualified_ref,1,0,none,388784375,388800088,15713,3125,9463,88,1,0,always_ready,0,1
1,stress_random,20006,376,376,r_376,1,qualified_ref,1,0,none,389809375,389825088,15713,3125,9463,88,1,0,always_ready,0,1
1,stress_random,20006,377,377,r_377,1,qualified_ref,1,0,none,390834375,390850088,15713,3125,9463,88,1,0,always_ready,0,1
1,stress_random,20006,378,378,r_378,1,qualified_ref,1,0,none,391859375,391875088,15713,3125,9463,88,1,0,always_ready,0,1
1,stress_random,20006,379,379,r_379,1,qualified_ref,1,0,none,392884375,392900088,15713,3125,9463,88,1,0,always_ready,0,1
1,stress_random,20006,380,380,r_380,1,qualified_ref,1,0,none,393909375,393925088,15713,3125,9463,88,1,0,always_ready,0,1
1,stress_random,20006,381,381,r_381,1,qualified_ref,1,0,none,394934375,394950088,15713,3125,9463,88,1,0,always_ready,0,1
1,stress_random,20006,382,382,r_382,1,qualified_ref,1,0,none,395959375,395975088,15713,3125,9463,88,1,0,always_ready,0,1
1,stress_random,20006,383,383,r_383,1,qualified_ref,1,0,none,396984375,397000088,15713,3125,9463,88,1,0,always_ready,0,1
1,stress_random,20006,384,384,r_384,1,qualified_ref,1,0,none,398009375,398025088,15713,3125,9463,88,1,0,always_ready,0,1
1,stress_random,20006,385,385,r_385,1,qualified_ref,1,0,none,399034375,399050088,15713,3125,9463,88,1,0,always_ready,0,1
1,stress_random,20006,386,386,r_386,1,qualified_ref,1,0,none,400059375,400075088,15713,3125,9463,88,1,0,always_ready,0,1
1,stress_random,20006,387,387,r_387,1,qualified_ref,1,0,none,401084375,401100088,15713,3125,9463,88,1,0,always_ready,0,1
1,stress_random,20006,388,388,r_388,1,qualified_ref,1,0,none,402109375,402125088,15713,3125,9463,88,1,0,always_ready,0,1
1,stress_random,20006,389,389,r_389,1,qualified_ref,1,0,none,403134375,403150088,15713,3125,9463,88,1,0,always_ready,0,1
1,stress_random,20006,390,390,r_390,1,qualified_ref,1,0,none,404159375,404175088,15713,3125,9463,88,1,0,always_ready,0,1
1,stress_random,20006,391,391,r_391,1,qualified_ref,1,0,none,405184375,405200088,15713,3125,9463,88,1,0,always_ready,0,1
1,stress_random,20006,392,392,r_392,1,qualified_ref,1,0,none,406209375,406225088,15713,3125,9463,88,1,0,always_ready,0,1
1,stress_random,20006,393,393,r_393,1,qualified_ref,1,0,none,407234375,407250088,15713,3125,9463,88,1,0,always_ready,0,1
1,stress_random,20006,394,394,r_394,1,qualified_ref,1,0,none,408259375,408275088,15713,3125,9463,88,1,0,always_ready,0,1
1,stress_random,20006,395,395,r_395,1,qualified_ref,1,0,none,409284375,409300088,15713,3125,9463,88,1,0,always_ready,0,1
1,stress_random,20006,396,396,r_396,1,qualified_ref,1,0,none,410309375,410325088,15713,3125,9463,88,1,0,always_ready,0,1
1,stress_random,20006,397,397,r_397,1,qualified_ref,1,0,none,411334375,411350088,15713,3125,9463,88,1,0,always_ready,0,1
1,stress_random,20006,398,398,r_398,1,qualified_ref,1,0,none,412359375,412375088,15713,3125,9463,88,1,0,always_ready,0,1
1,stress_random,20006,399,399,r_399,1,qualified_ref,1,0,none,413384375,413400088,15713,3125,9463,88,1,0,always_ready,0,1
1,stress_random,20006,400,400,r_400,1,qualified_ref,1,0,none,414409375,414425088,15713,3125,9463,88,1,0,always_ready,0,1
1,stress_random,20006,401,401,r_401,1,qualified_ref,1,0,none,415434375,415450088,15713,3125,9463,88,1,0,always_ready,0,1
1,stress_random,20006,402,402,r_402,1,qualified_ref,1,0,none,416459375,416475088,15713,3125,9463,88,1,0,always_ready,0,1
1,stress_random,20006,403,403,r_403,1,qualified_ref,1,0,none,417484375,417500088,15713,3125,9463,88,1,0,always_ready,0,1
1,stress_random,20006,404,404,r_404,1,qualified_ref,1,0,none,418509375,418525088,15713,3125,9463,88,1,0,always_ready,0,1
1,stress_random,20006,405,405,r_405,1,qualified_ref,1,0,none,419534375,419550088,15713,3125,9463,88,1,0,always_ready,0,1
1,stress_random,20006,406,406,r_406,1,qualified_ref,1,0,none,420559375,420575088,15713,3125,9463,88,1,0,always_ready,0,1
1,stress_random,20006,407,407,r_407,1,qualified_ref,1,0,none,421584375,421600088,15713,3125,9463,88,1,0,always_ready,0,1
1,stress_random,20006,408,408,r_408,1,qualified_ref,1,0,none,422609375,422625088,15713,3125,9463,88,1,0,always_ready,0,1
1,stress_random,20006,409,409,r_409,1,qualified_ref,1,0,none,423634375,423650088,15713,3125,9463,88,1,0,always_ready,0,1
1,stress_random,20006,410,410,r_410,1,qualified_ref,1,0,none,424659375,424675088,15713,3125,9463,88,1,0,always_ready,0,1
1,stress_random,20006,411,411,r_411,1,qualified_ref,1,0,none,425684375,425700088,15713,3125,9463,88,1,0,always_ready,0,1
1,stress_random,20006,412,412,r_412,1,qualified_ref,1,0,none,426709375,426725088,15713,3125,9463,88,1,0,always_ready,0,1
1,stress_random,20006,413,413,r_413,1,qualified_ref,1,0,none,427734375,427750088,15713,3125,9463,88,1,0,always_ready,0,1
1,stress_random,20006,414,414,r_414,1,qualified_ref,1,0,none,428759375,428775088,15713,3125,9463,88,1,0,always_ready,0,1
1,stress_random,20006,415,415,r_415,1,qualified_ref,1,0,none,429784375,429800088,15713,3125,9463,88,1,0,always_ready,0,1
1,stress_random,20006,416,416,r_416,1,qualified_ref,1,0,none,430809375,430825088,15713,3125,9463,88,1,0,always_ready,0,1
1,stress_random,20006,417,417,r_417,1,qualified_ref,1,0,none,431834375,431850088,15713,3125,9463,88,1,0,always_ready,0,1
1,stress_random,20006,418,418,r_418,1,qualified_ref,1,0,none,432859375,432875088,15713,3125,9463,88,1,0,always_ready,0,1
1,stress_random,20006,419,419,r_419,1,qualified_ref,1,0,none,433884375,433900088,15713,3125,9463,88,1,0,always_ready,0,1
1,stress_random,20006,420,420,r_420,1,qualified_ref,1,0,none,434909375,434925088,15713,3125,9463,88,1,0,always_ready,0,1
1,stress_random,20006,421,421,r_421,1,qualified_ref,1,0,none,435934375,435950088,15713,3125,9463,88,1,0,always_ready,0,1
1,stress_random,20006,422,422,r_422,1,qualified_ref,1,0,none,436959375,436975088,15713,3125,9463,88,1,0,always_ready,0,1
1,stress_random,20006,423,423,r_423,1,qualified_ref,1,0,none,437984375,438000088,15713,3125,9463,88,1,0,always_ready,0,1
1,stress_random,20006,424,424,r_424,1,qualified_ref,1,0,none,439009375,439025088,15713,3125,9463,88,1,0,always_ready,0,1
1,stress_random,20006,425,425,r_425,1,qualified_ref,1,0,none,440034375,440050088,15713,3125,9463,88,1,0,always_ready,0,1
1,stress_random,20006,426,426,r_426,1,qualified_ref,1,0,none,441059375,441075088,15713,3125,9463,88,1,0,always_ready,0,1
1,stress_random,20006,427,427,r_427,1,qualified_ref,1,0,none,442084375,442100088,15713,3125,9463,88,1,0,always_ready,0,1
1,stress_random,20006,428,428,r_428,1,qualified_ref,1,0,none,443109375,443125088,15713,3125,9463,88,1,0,always_ready,0,1
1,stress_random,20006,429,429,r_429,1,qualified_ref,1,0,none,444134375,444150088,15713,3125,9463,88,1,0,always_ready,0,1
1,stress_random,20006,430,430,r_430,1,qualified_ref,1,0,none,445159375,445175088,15713,3125,9463,88,1,0,always_ready,0,1
1,stress_random,20006,431,431,r_431,1,qualified_ref,1,0,none,446184375,446200088,15713,3125,9463,88,1,0,always_ready,0,1
1,stress_random,20006,432,432,r_432,1,qualified_ref,1,0,none,447209375,447225088,15713,3125,9463,88,1,0,always_ready,0,1
1,stress_random,20006,433,433,r_433,1,qualified_ref,1,0,none,448234375,448250088,15713,3125,9463,88,1,0,always_ready,0,1
1,stress_random,20006,434,434,r_434,1,qualified_ref,1,0,none,449259375,449275088,15713,3125,9463,88,1,0,always_ready,0,1
1,stress_random,20006,435,435,r_435,1,qualified_ref,1,0,none,450284375,450300088,15713,3125,9463,88,1,0,always_ready,0,1
1,stress_random,20006,436,436,r_436,1,qualified_ref,1,0,none,451309375,451325088,15713,3125,9463,88,1,0,always_ready,0,1
1,stress_random,20006,437,437,r_437,1,qualified_ref,1,0,none,452334375,452350088,15713,3125,9463,88,1,0,always_ready,0,1
1,stress_random,20006,438,438,r_438,1,qualified_ref,1,0,none,453359375,453375088,15713,3125,9463,88,1,0,always_ready,0,1
1,stress_random,20006,439,439,r_439,1,qualified_ref,1,0,none,454384375,454400088,15713,3125,9463,88,1,0,always_ready,0,1
1,stress_random,20006,440,440,r_440,1,qualified_ref,1,0,none,455409375,455425088,15713,3125,9463,88,1,0,always_ready,0,1
1,stress_random,20006,441,441,r_441,1,qualified_ref,1,0,none,456434375,456450088,15713,3125,9463,88,1,0,always_ready,0,1
1,stress_random,20006,442,442,r_442,1,qualified_ref,1,0,none,457459375,457475088,15713,3125,9463,88,1,0,always_ready,0,1
1,stress_random,20006,443,443,r_443,1,qualified_ref,1,0,none,458484375,458500088,15713,3125,9463,88,1,0,always_ready,0,1
1,stress_random,20006,444,444,r_444,1,qualified_ref,1,0,none,459509375,459525088,15713,3125,9463,88,1,0,always_ready,0,1
1,stress_random,20006,445,445,r_445,1,qualified_ref,1,0,none,460534375,460550088,15713,3125,9463,88,1,0,always_ready,0,1
1,stress_random,20006,446,446,r_446,1,qualified_ref,1,0,none,461559375,461575088,15713,3125,9463,88,1,0,always_ready,0,1
1,stress_random,20006,447,447,r_447,1,qualified_ref,1,0,none,462584375,462600088,15713,3125,9463,88,1,0,always_ready,0,1
1,stress_random,20006,448,448,r_448,1,qualified_ref,1,0,none,463609375,463625088,15713,3125,9463,88,1,0,always_ready,0,1
1,stress_random,20006,449,449,r_449,1,qualified_ref,1,0,none,464634375,464650088,15713,3125,9463,88,1,0,always_ready,0,1
1,stress_random,20006,450,450,r_450,1,qualified_ref,1,0,none,465659375,465675088,15713,3125,9463,88,1,0,always_ready,0,1
1,stress_random,20006,451,451,r_451,1,qualified_ref,1,0,none,466684375,466700088,15713,3125,9463,88,1,0,always_ready,0,1
1,stress_random,20006,452,452,r_452,1,qualified_ref,1,0,none,467709375,467725088,15713,3125,9463,88,1,0,always_ready,0,1
1,stress_random,20006,453,453,r_453,1,qualified_ref,1,0,none,468734375,468750088,15713,3125,9463,88,1,0,always_ready,0,1
1,stress_random,20006,454,454,r_454,1,qualified_ref,1,0,none,469759375,469775088,15713,3125,9463,88,1,0,always_ready,0,1
1,stress_random,20006,455,455,r_455,1,qualified_ref,1,0,none,470784375,470800088,15713,3125,9463,88,1,0,always_ready,0,1
1,stress_random,20006,456,456,r_456,1,qualified_ref,1,0,none,471809375,471825088,15713,3125,9463,88,1,0,always_ready,0,1
1,stress_random,20006,457,457,r_457,1,qualified_ref,1,0,none,472834375,472850088,15713,3125,9463,88,1,0,always_ready,0,1
1,stress_random,20006,458,458,r_458,1,qualified_ref,1,0,none,473859375,473875088,15713,3125,9463,88,1,0,always_ready,0,1
1,stress_random,20006,459,459,r_459,1,qualified_ref,1,0,none,474884375,474900088,15713,3125,9463,88,1,0,always_ready,0,1
1,stress_random,20006,460,460,r_460,1,qualified_ref,1,0,none,475909375,475925088,15713,3125,9463,88,1,0,always_ready,0,1
1,stress_random,20006,461,461,r_461,1,qualified_ref,1,0,none,476934375,476950088,15713,3125,9463,88,1,0,always_ready,0,1
1,stress_random,20006,462,462,r_462,1,qualified_ref,1,0,none,477959375,477975088,15713,3125,9463,88,1,0,always_ready,0,1
1,stress_random,20006,463,463,r_463,1,qualified_ref,1,0,none,478984375,479000088,15713,3125,9463,88,1,0,always_ready,0,1
1,stress_random,20006,464,464,r_464,1,qualified_ref,1,0,none,480009375,480025088,15713,3125,9463,88,1,0,always_ready,0,1
1,stress_random,20006,465,465,r_465,1,qualified_ref,1,0,none,481034375,481050088,15713,3125,9463,88,1,0,always_ready,0,1
1,stress_random,20006,466,466,r_466,1,qualified_ref,1,0,none,482059375,482075088,15713,3125,9463,88,1,0,always_ready,0,1
1,stress_random,20006,467,467,r_467,1,qualified_ref,1,0,none,483084375,483100088,15713,3125,9463,88,1,0,always_ready,0,1
1,stress_random,20006,468,468,r_468,1,qualified_ref,1,0,none,484109375,484125088,15713,3125,9463,88,1,0,always_ready,0,1
1,stress_random,20006,469,469,r_469,1,qualified_ref,1,0,none,485134375,485150088,15713,3125,9463,88,1,0,always_ready,0,1
1,stress_random,20006,470,470,r_470,1,qualified_ref,1,0,none,486159375,486175088,15713,3125,9463,88,1,0,always_ready,0,1
1,stress_random,20006,471,471,r_471,1,qualified_ref,1,0,none,487184375,487200088,15713,3125,9463,88,1,0,always_ready,0,1
1,stress_random,20006,472,472,r_472,1,qualified_ref,1,0,none,488209375,488225088,15713,3125,9463,88,1,0,always_ready,0,1
1,stress_random,20006,473,473,r_473,1,qualified_ref,1,0,none,489234375,489250088,15713,3125,9463,88,1,0,always_ready,0,1
1,stress_random,20006,474,474,r_474,1,qualified_ref,1,0,none,490259375,490275088,15713,3125,9463,88,1,0,always_ready,0,1
1,stress_random,20006,475,475,r_475,1,qualified_ref,1,0,none,491284375,491300088,15713,3125,9463,88,1,0,always_ready,0,1
1,stress_random,20006,476,476,r_476,1,qualified_ref,1,0,none,492309375,492325088,15713,3125,9463,88,1,0,always_ready,0,1
1,stress_random,20006,477,477,r_477,1,qualified_ref,1,0,none,493334375,493350088,15713,3125,9463,88,1,0,always_ready,0,1
1,stress_random,20006,478,478,r_478,1,qualified_ref,1,0,none,494359375,494375088,15713,3125,9463,88,1,0,always_ready,0,1
1,stress_random,20006,479,479,r_479,1,qualified_ref,1,0,none,495384375,495400088,15713,3125,9463,88,1,0,always_ready,0,1
1,stress_random,20006,480,480,r_480,1,qualified_ref,1,0,none,496409375,496425088,15713,3125,9463,88,1,0,always_ready,0,1
1,stress_random,20006,481,481,r_481,1,qualified_ref,1,0,none,497434375,497450088,15713,3125,9463,88,1,0,always_ready,0,1
1,stress_random,20006,482,482,r_482,1,qualified_ref,1,0,none,498459375,498475088,15713,3125,9463,88,1,0,always_ready,0,1
1,stress_random,20006,483,483,r_483,1,qualified_ref,1,0,none,499484375,499500088,15713,3125,9463,88,1,0,always_ready,0,1
1,stress_random,20006,484,484,r_484,1,qualified_ref,1,0,none,500509375,500525088,15713,3125,9463,88,1,0,always_ready,0,1
1,stress_random,20006,485,485,r_485,1,qualified_ref,1,0,none,501534375,501550088,15713,3125,9463,88,1,0,always_ready,0,1
1,stress_random,20006,486,486,r_486,1,qualified_ref,1,0,none,502559375,502575088,15713,3125,9463,88,1,0,always_ready,0,1
1,stress_random,20006,487,487,r_487,1,qualified_ref,1,0,none,503584375,503600088,15713,3125,9463,88,1,0,always_ready,0,1
1,stress_random,20006,488,488,r_488,1,qualified_ref,1,0,none,504609375,504625088,15713,3125,9463,88,1,0,always_ready,0,1
1,stress_random,20006,489,489,r_489,1,qualified_ref,1,0,none,505634375,505650088,15713,3125,9463,88,1,0,always_ready,0,1
1,stress_random,20006,490,490,r_490,1,qualified_ref,1,0,none,506659375,506675088,15713,3125,9463,88,1,0,always_ready,0,1
1,stress_random,20006,491,491,r_491,1,qualified_ref,1,0,none,507684375,507700088,15713,3125,9463,88,1,0,always_ready,0,1
1,stress_random,20006,492,492,r_492,1,qualified_ref,1,0,none,508709375,508725088,15713,3125,9463,88,1,0,always_ready,0,1
1,stress_random,20006,493,493,r_493,1,qualified_ref,1,0,none,509734375,509750088,15713,3125,9463,88,1,0,always_ready,0,1
1,stress_random,20006,494,494,r_494,1,qualified_ref,1,0,none,510759375,510775088,15713,3125,9463,88,1,0,always_ready,0,1
1,stress_random,20006,495,495,r_495,1,qualified_ref,1,0,none,511784375,511800088,15713,3125,9463,88,1,0,always_ready,0,1
1,stress_random,20006,496,496,r_496,1,qualified_ref,1,0,none,512809375,512825088,15713,3125,9463,88,1,0,always_ready,0,1
1,stress_random,20006,497,497,r_497,1,qualified_ref,1,0,none,513834375,513850088,15713,3125,9463,88,1,0,always_ready,0,1
1,stress_random,20006,498,498,r_498,1,qualified_ref,1,0,none,514859375,514875088,15713,3125,9463,88,1,0,always_ready,0,1
1,stress_random,20006,499,499,r_499,1,qualified_ref,1,0,none,515884375,515900088,15713,3125,9463,88,1,0,always_ready,0,1
1,stress_random,20006,500,500,r_500,0,qualified_ref,1,0,none,521009375,521025088,15713,3125,9463,88,1,0,always_ready,0,1
1,stress_random,20006,501,501,r_501,0,qualified_ref,1,0,none,522034375,522050088,15713,3125,9463,88,1,0,always_ready,0,1
1,stress_random,20006,502,502,r_502,0,qualified_ref,1,0,none,523059375,523075088,15713,3125,9463,88,1,0,always_ready,0,1
1,stress_random,20006,503,503,r_503,0,qualified_ref,1,0,none,524084375,524100088,15713,3125,9463,88,1,0,always_ready,0,1
1,stress_random,20006,504,504,r_504,0,qualified_ref,1,0,none,525109375,525125088,15713,3125,9463,88,1,0,always_ready,0,1
1,stress_random,20006,505,505,r_505,0,qualified_ref,1,0,none,526134375,526150088,15713,3125,9463,88,1,0,always_ready,0,1
1,stress_random,20006,506,506,r_506,0,qualified_ref,1,0,none,527159375,527175088,15713,3125,9463,88,1,0,always_ready,0,1
1,stress_random,20006,507,507,r_507,0,qualified_ref,1,0,none,528184375,528200088,15713,3125,9463,88,1,0,always_ready,0,1
1,stress_random,20006,508,508,r_508,0,qualified_ref,1,0,none,529209375,529225088,15713,3125,9463,88,1,0,always_ready,0,1
1,stress_random,20006,509,509,r_509,0,qualified_ref,1,0,none,530234375,530250088,15713,3125,9463,88,1,0,always_ready,0,1
1,stress_random,20006,510,510,r_510,0,qualified_ref,1,0,none,531259375,531275088,15713,3125,9463,88,1,0,always_ready,0,1
1,stress_random,20006,511,511,r_511,0,qualified_ref,1,0,none,532284375,532300088,15713,3125,9463,88,1,0,always_ready,0,1
1,stress_random,20006,512,512,r_512,0,qualified_ref,1,0,none,533309375,533325088,15713,3125,9463,88,1,0,always_ready,0,1
1,stress_random,20006,513,513,r_513,0,qualified_ref,1,0,none,534334375,534350088,15713,3125,9463,88,1,0,always_ready,0,1
1,stress_random,20006,514,514,r_514,0,qualified_ref,1,0,none,535359375,535375088,15713,3125,9463,88,1,0,always_ready,0,1
1,stress_random,20006,515,515,r_515,0,qualified_ref,1,0,none,536384375,536400088,15713,3125,9463,88,1,0,always_ready,0,1
1,stress_random,20006,516,516,r_516,0,qualified_ref,1,0,none,537409375,537425088,15713,3125,9463,88,1,0,always_ready,0,1
1,stress_random,20006,517,517,r_517,0,qualified_ref,1,0,none,538434375,538450088,15713,3125,9463,88,1,0,always_ready,0,1
1,stress_random,20006,518,518,r_518,0,qualified_ref,1,0,none,539459375,539475088,15713,3125,9463,88,1,0,always_ready,0,1
1,stress_random,20006,519,519,r_519,0,qualified_ref,1,0,none,540484375,540500088,15713,3125,9463,88,1,0,always_ready,0,1
1,stress_random,20006,520,520,r_520,0,qualified_ref,1,0,none,541509375,541525088,15713,3125,9463,88,1,0,always_ready,0,1
1,stress_random,20006,521,521,r_521,0,qualified_ref,1,0,none,542534375,542550088,15713,3125,9463,88,1,0,always_ready,0,1
1,stress_random,20006,522,522,r_522,0,qualified_ref,1,0,none,543559375,543575088,15713,3125,9463,88,1,0,always_ready,0,1
1,stress_random,20006,523,523,r_523,0,qualified_ref,1,0,none,544584375,544600088,15713,3125,9463,88,1,0,always_ready,0,1
1,stress_random,20006,524,524,r_524,0,qualified_ref,1,0,none,545609375,545625088,15713,3125,9463,88,1,0,always_ready,0,1
1,stress_random,20006,525,525,r_525,0,qualified_ref,1,0,none,546634375,546650088,15713,3125,9463,88,1,0,always_ready,0,1
1,stress_random,20006,526,526,r_526,0,qualified_ref,1,0,none,547659375,547675088,15713,3125,9463,88,1,0,always_ready,0,1
1,stress_random,20006,527,527,r_527,0,qualified_ref,1,0,none,548684375,548700088,15713,3125,9463,88,1,0,always_ready,0,1
1,stress_random,20006,528,528,r_528,0,qualified_ref,1,0,none,549709375,549725088,15713,3125,9463,88,1,0,always_ready,0,1
1,stress_random,20006,529,529,r_529,0,qualified_ref,1,0,none,550734375,550750088,15713,3125,9463,88,1,0,always_ready,0,1
1,stress_random,20006,530,530,r_530,0,qualified_ref,1,0,none,551759375,551775088,15713,3125,9463,88,1,0,always_ready,0,1
1,stress_random,20006,531,531,r_531,0,qualified_ref,1,0,none,552784375,552800088,15713,3125,9463,88,1,0,always_ready,0,1
1,stress_random,20006,532,532,r_532,0,qualified_ref,1,0,none,553809375,553825088,15713,3125,9463,88,1,0,always_ready,0,1
1,stress_random,20006,533,533,r_533,0,qualified_ref,1,0,none,554834375,554850088,15713,3125,9463,88,1,0,always_ready,0,1
1,stress_random,20006,534,534,r_534,0,qualified_ref,1,0,none,555859375,555875088,15713,3125,9463,88,1,0,always_ready,0,1
1,stress_random,20006,535,535,r_535,0,qualified_ref,1,0,none,556884375,556900088,15713,3125,9463,88,1,0,always_ready,0,1
1,stress_random,20006,536,536,r_536,0,qualified_ref,1,0,none,557909375,557925088,15713,3125,9463,88,1,0,always_ready,0,1
1,stress_random,20006,537,537,r_537,0,qualified_ref,1,0,none,558934375,558950088,15713,3125,9463,88,1,0,always_ready,0,1
1,stress_random,20006,538,538,r_538,0,qualified_ref,1,0,none,559959375,559975088,15713,3125,9463,88,1,0,always_ready,0,1
1,stress_random,20006,539,539,r_539,0,qualified_ref,1,0,none,560984375,561000088,15713,3125,9463,88,1,0,always_ready,0,1
1,stress_random,20006,540,540,r_540,0,qualified_ref,1,0,none,562009375,562025088,15713,3125,9463,88,1,0,always_ready,0,1
1,stress_random,20006,541,541,r_541,0,qualified_ref,1,0,none,563034375,563050088,15713,3125,9463,88,1,0,always_ready,0,1
1,stress_random,20006,542,542,r_542,0,qualified_ref,1,0,none,564059375,564075088,15713,3125,9463,88,1,0,always_ready,0,1
1,stress_random,20006,543,543,r_543,0,qualified_ref,1,0,none,565084375,565100088,15713,3125,9463,88,1,0,always_ready,0,1
1,stress_random,20006,544,544,r_544,0,qualified_ref,1,0,none,566109375,566125088,15713,3125,9463,88,1,0,always_ready,0,1
1,stress_random,20006,545,545,r_545,0,qualified_ref,1,0,none,567134375,567150088,15713,3125,9463,88,1,0,always_ready,0,1
1,stress_random,20006,546,546,r_546,0,qualified_ref,1,0,none,568159375,568175088,15713,3125,9463,88,1,0,always_ready,0,1
1,stress_random,20006,547,547,r_547,0,qualified_ref,1,0,none,569184375,569200088,15713,3125,9463,88,1,0,always_ready,0,1
1,stress_random,20006,548,548,r_548,0,qualified_ref,1,0,none,570209375,570225088,15713,3125,9463,88,1,0,always_ready,0,1
1,stress_random,20006,549,549,r_549,0,qualified_ref,1,0,none,571234375,571250088,15713,3125,9463,88,1,0,always_ready,0,1
1,stress_random,20006,550,550,r_550,0,qualified_ref,1,0,none,572259375,572275088,15713,3125,9463,88,1,0,always_ready,0,1
1,stress_random,20006,551,551,r_551,0,qualified_ref,1,0,none,573284375,573300088,15713,3125,9463,88,1,0,always_ready,0,1
1,stress_random,20006,552,552,r_552,0,qualified_ref,1,0,none,574309375,574325088,15713,3125,9463,88,1,0,always_ready,0,1
1,stress_random,20006,553,553,r_553,0,qualified_ref,1,0,none,575334375,575350088,15713,3125,9463,88,1,0,always_ready,0,1
1,stress_random,20006,554,554,r_554,0,qualified_ref,1,0,none,576359375,576375088,15713,3125,9463,88,1,0,always_ready,0,1
1,stress_random,20006,555,555,r_555,0,qualified_ref,1,0,none,577384375,577400088,15713,3125,9463,88,1,0,always_ready,0,1
1,stress_random,20006,556,556,r_556,0,qualified_ref,1,0,none,578409375,578425088,15713,3125,9463,88,1,0,always_ready,0,1
1,stress_random,20006,557,557,r_557,0,qualified_ref,1,0,none,579434375,579450088,15713,3125,9463,88,1,0,always_ready,0,1
1,stress_random,20006,558,558,r_558,0,qualified_ref,1,0,none,580459375,580475088,15713,3125,9463,88,1,0,always_ready,0,1
1,stress_random,20006,559,559,r_559,0,qualified_ref,1,0,none,581484375,581500088,15713,3125,9463,88,1,0,always_ready,0,1
1,stress_random,20006,560,560,r_560,0,qualified_ref,1,0,none,582509375,582525088,15713,3125,9463,88,1,0,always_ready,0,1
1,stress_random,20006,561,561,r_561,0,qualified_ref,1,0,none,583534375,583550088,15713,3125,9463,88,1,0,always_ready,0,1
1,stress_random,20006,562,562,r_562,0,qualified_ref,1,0,none,584559375,584575088,15713,3125,9463,88,1,0,always_ready,0,1
1,stress_random,20006,563,563,r_563,0,qualified_ref,1,0,none,585584375,585600088,15713,3125,9463,88,1,0,always_ready,0,1
1,stress_random,20006,564,564,r_564,0,qualified_ref,1,0,none,586609375,586625088,15713,3125,9463,88,1,0,always_ready,0,1
1,stress_random,20006,565,565,r_565,0,qualified_ref,1,0,none,587634375,587650088,15713,3125,9463,88,1,0,always_ready,0,1
1,stress_random,20006,566,566,r_566,0,qualified_ref,1,0,none,588659375,588675088,15713,3125,9463,88,1,0,always_ready,0,1
1,stress_random,20006,567,567,r_567,0,qualified_ref,1,0,none,589684375,589700088,15713,3125,9463,88,1,0,always_ready,0,1
1,stress_random,20006,568,568,r_568,0,qualified_ref,1,0,none,590709375,590725088,15713,3125,9463,88,1,0,always_ready,0,1
1,stress_random,20006,569,569,r_569,0,qualified_ref,1,0,none,591734375,591750088,15713,3125,9463,88,1,0,always_ready,0,1
1,stress_random,20006,570,570,r_570,0,qualified_ref,1,0,none,592759375,592775088,15713,3125,9463,88,1,0,always_ready,0,1
1,stress_random,20006,571,571,r_571,0,qualified_ref,1,0,none,593784375,593800088,15713,3125,9463,88,1,0,always_ready,0,1
1,stress_random,20006,572,572,r_572,0,qualified_ref,1,0,none,594809375,594825088,15713,3125,9463,88,1,0,always_ready,0,1
1,stress_random,20006,573,573,r_573,0,qualified_ref,1,0,none,595834375,595850088,15713,3125,9463,88,1,0,always_ready,0,1
1,stress_random,20006,574,574,r_574,0,qualified_ref,1,0,none,596859375,596875088,15713,3125,9463,88,1,0,always_ready,0,1
1,stress_random,20006,575,575,r_575,0,qualified_ref,1,0,none,597884375,597900088,15713,3125,9463,88,1,0,always_ready,0,1
1,stress_random,20006,576,576,r_576,0,qualified_ref,1,0,none,598909375,598925088,15713,3125,9463,88,1,0,always_ready,0,1
1,stress_random,20006,577,577,r_577,0,qualified_ref,1,0,none,599934375,599950088,15713,3125,9463,88,1,0,always_ready,0,1
1,stress_random,20006,578,578,r_578,0,qualified_ref,1,0,none,600959375,600975088,15713,3125,9463,88,1,0,always_ready,0,1
1,stress_random,20006,579,579,r_579,0,qualified_ref,1,0,none,601984375,602000088,15713,3125,9463,88,1,0,always_ready,0,1
1,stress_random,20006,580,580,r_580,0,qualified_ref,1,0,none,603009375,603025088,15713,3125,9463,88,1,0,always_ready,0,1
1,stress_random,20006,581,581,r_581,0,qualified_ref,1,0,none,604034375,604050088,15713,3125,9463,88,1,0,always_ready,0,1
1,stress_random,20006,582,582,r_582,0,qualified_ref,1,0,none,605059375,605075088,15713,3125,9463,88,1,0,always_ready,0,1
1,stress_random,20006,583,583,r_583,0,qualified_ref,1,0,none,606084375,606100088,15713,3125,9463,88,1,0,always_ready,0,1
1,stress_random,20006,584,584,r_584,0,qualified_ref,1,0,none,607109375,607125088,15713,3125,9463,88,1,0,always_ready,0,1
1,stress_random,20006,585,585,r_585,0,qualified_ref,1,0,none,608134375,608150088,15713,3125,9463,88,1,0,always_ready,0,1
1,stress_random,20006,586,586,r_586,0,qualified_ref,1,0,none,609159375,609175088,15713,3125,9463,88,1,0,always_ready,0,1
1,stress_random,20006,587,587,r_587,0,qualified_ref,1,0,none,610184375,610200088,15713,3125,9463,88,1,0,always_ready,0,1
1,stress_random,20006,588,588,r_588,0,qualified_ref,1,0,none,611209375,611225088,15713,3125,9463,88,1,0,always_ready,0,1
1,stress_random,20006,589,589,r_589,0,qualified_ref,1,0,none,612234375,612250088,15713,3125,9463,88,1,0,always_ready,0,1
1,stress_random,20006,590,590,r_590,0,qualified_ref,1,0,none,613259375,613275088,15713,3125,9463,88,1,0,always_ready,0,1
1,stress_random,20006,591,591,r_591,0,qualified_ref,1,0,none,614284375,614300088,15713,3125,9463,88,1,0,always_ready,0,1
1,stress_random,20006,592,592,r_592,0,qualified_ref,1,0,none,615309375,615325088,15713,3125,9463,88,1,0,always_ready,0,1
1,stress_random,20006,593,593,r_593,0,qualified_ref,1,0,none,616334375,616350088,15713,3125,9463,88,1,0,always_ready,0,1
1,stress_random,20006,594,594,r_594,0,qualified_ref,1,0,none,617359375,617375088,15713,3125,9463,88,1,0,always_ready,0,1
1,stress_random,20006,595,595,r_595,0,qualified_ref,1,0,none,618384375,618400088,15713,3125,9463,88,1,0,always_ready,0,1
1,stress_random,20006,596,596,r_596,0,qualified_ref,1,0,none,619409375,619425088,15713,3125,9463,88,1,0,always_ready,0,1
1,stress_random,20006,597,597,r_597,0,qualified_ref,1,0,none,620434375,620450088,15713,3125,9463,88,1,0,always_ready,0,1
1,stress_random,20006,598,598,r_598,0,qualified_ref,1,0,none,621459375,621475088,15713,3125,9463,88,1,0,always_ready,0,1
1,stress_random,20006,599,599,r_599,0,qualified_ref,1,0,none,622484375,622500088,15713,3125,9463,88,1,0,always_ready,0,1
1,stress_random,20006,600,600,r_600,0,qualified_ref,1,0,none,623509375,623525088,15713,3125,9463,88,1,0,always_ready,0,1
1,stress_random,20006,601,601,r_601,0,qualified_ref,1,0,none,624534375,624550088,15713,3125,9463,88,1,0,always_ready,0,1
1,stress_random,20006,602,602,r_602,0,qualified_ref,1,0,none,625559375,625575088,15713,3125,9463,88,1,0,always_ready,0,1
1,stress_random,20006,603,603,r_603,0,qualified_ref,1,0,none,626584375,626600088,15713,3125,9463,88,1,0,always_ready,0,1
1,stress_random,20006,604,604,r_604,0,qualified_ref,1,0,none,627609375,627625088,15713,3125,9463,88,1,0,always_ready,0,1
1,stress_random,20006,605,605,r_605,0,qualified_ref,1,0,none,628634375,628650088,15713,3125,9463,88,1,0,always_ready,0,1
1,stress_random,20006,606,606,r_606,0,qualified_ref,1,0,none,629659375,629675088,15713,3125,9463,88,1,0,always_ready,0,1
1,stress_random,20006,607,607,r_607,0,qualified_ref,1,0,none,630684375,630700088,15713,3125,9463,88,1,0,always_ready,0,1
1,stress_random,20006,608,608,r_608,0,qualified_ref,1,0,none,631709375,631725088,15713,3125,9463,88,1,0,always_ready,0,1
1,stress_random,20006,609,609,r_609,0,qualified_ref,1,0,none,632734375,632750088,15713,3125,9463,88,1,0,always_ready,0,1
1,stress_random,20006,610,610,r_610,0,qualified_ref,1,0,none,633759375,633775088,15713,3125,9463,88,1,0,always_ready,0,1
1,stress_random,20006,611,611,r_611,0,qualified_ref,1,0,none,634784375,634800088,15713,3125,9463,88,1,0,always_ready,0,1
1,stress_random,20006,612,612,r_612,0,qualified_ref,1,0,none,635809375,635825088,15713,3125,9463,88,1,0,always_ready,0,1
1,stress_random,20006,613,613,r_613,0,qualified_ref,1,0,none,636834375,636850088,15713,3125,9463,88,1,0,always_ready,0,1
1,stress_random,20006,614,614,r_614,0,qualified_ref,1,0,none,637859375,637875088,15713,3125,9463,88,1,0,always_ready,0,1
1,stress_random,20006,615,615,r_615,0,qualified_ref,1,0,none,638884375,638900088,15713,3125,9463,88,1,0,always_ready,0,1
1,stress_random,20006,616,616,r_616,0,qualified_ref,1,0,none,639909375,639925088,15713,3125,9463,88,1,0,always_ready,0,1
1,stress_random,20006,617,617,r_617,0,qualified_ref,1,0,none,640934375,640950088,15713,3125,9463,88,1,0,always_ready,0,1
1,stress_random,20006,618,618,r_618,0,qualified_ref,1,0,none,641959375,641975088,15713,3125,9463,88,1,0,always_ready,0,1
1,stress_random,20006,619,619,r_619,0,qualified_ref,1,0,none,642984375,643000088,15713,3125,9463,88,1,0,always_ready,0,1
1,stress_random,20006,620,620,r_620,0,qualified_ref,1,0,none,644009375,644025088,15713,3125,9463,88,1,0,always_ready,0,1
1,stress_random,20006,621,621,r_621,0,qualified_ref,1,0,none,645034375,645050088,15713,3125,9463,88,1,0,always_ready,0,1
1,stress_random,20006,622,622,r_622,0,qualified_ref,1,0,none,646059375,646075088,15713,3125,9463,88,1,0,always_ready,0,1
1,stress_random,20006,623,623,r_623,0,qualified_ref,1,0,none,647084375,647100088,15713,3125,9463,88,1,0,always_ready,0,1
1,stress_random,20006,624,624,r_624,0,qualified_ref,1,0,none,648109375,648125088,15713,3125,9463,88,1,0,always_ready,0,1
1,stress_random,20006,625,625,r_625,0,qualified_ref,1,0,none,649134375,649150088,15713,3125,9463,88,1,0,always_ready,0,1
1,stress_random,20006,626,626,r_626,0,qualified_ref,1,0,none,650159375,650175088,15713,3125,9463,88,1,0,always_ready,0,1
1,stress_random,20006,627,627,r_627,0,qualified_ref,1,0,none,651184375,651200088,15713,3125,9463,88,1,0,always_ready,0,1
1,stress_random,20006,628,628,r_628,0,qualified_ref,1,0,none,652209375,652225088,15713,3125,9463,88,1,0,always_ready,0,1
1,stress_random,20006,629,629,r_629,0,qualified_ref,1,0,none,653234375,653250088,15713,3125,9463,88,1,0,always_ready,0,1
1,stress_random,20006,630,630,r_630,0,qualified_ref,1,0,none,654259375,654275088,15713,3125,9463,88,1,0,always_ready,0,1
1,stress_random,20006,631,631,r_631,0,qualified_ref,1,0,none,655284375,655300088,15713,3125,9463,88,1,0,always_ready,0,1
1,stress_random,20006,632,632,r_632,0,qualified_ref,1,0,none,656309375,656325088,15713,3125,9463,88,1,0,always_ready,0,1
1,stress_random,20006,633,633,r_633,0,qualified_ref,1,0,none,657334375,657350088,15713,3125,9463,88,1,0,always_ready,0,1
1,stress_random,20006,634,634,r_634,0,qualified_ref,1,0,none,658359375,658375088,15713,3125,9463,88,1,0,always_ready,0,1
1,stress_random,20006,635,635,r_635,0,qualified_ref,1,0,none,659384375,659400088,15713,3125,9463,88,1,0,always_ready,0,1
1,stress_random,20006,636,636,r_636,0,qualified_ref,1,0,none,660409375,660425088,15713,3125,9463,88,1,0,always_ready,0,1
1,stress_random,20006,637,637,r_637,0,qualified_ref,1,0,none,661434375,661450088,15713,3125,9463,88,1,0,always_ready,0,1
1,stress_random,20006,638,638,r_638,0,qualified_ref,1,0,none,662459375,662475088,15713,3125,9463,88,1,0,always_ready,0,1
1,stress_random,20006,639,639,r_639,0,qualified_ref,1,0,none,663484375,663500088,15713,3125,9463,88,1,0,always_ready,0,1
1,stress_random,20006,640,640,r_640,0,qualified_ref,1,0,none,664509375,664525088,15713,3125,9463,88,1,0,always_ready,0,1
1,stress_random,20006,641,641,r_641,0,qualified_ref,1,0,none,665534375,665550088,15713,3125,9463,88,1,0,always_ready,0,1
1,stress_random,20006,642,642,r_642,0,qualified_ref,1,0,none,666559375,666575088,15713,3125,9463,88,1,0,always_ready,0,1
1,stress_random,20006,643,643,r_643,0,qualified_ref,1,0,none,667584375,667600088,15713,3125,9463,88,1,0,always_ready,0,1
1,stress_random,20006,644,644,r_644,0,qualified_ref,1,0,none,668609375,668625088,15713,3125,9463,88,1,0,always_ready,0,1
1,stress_random,20006,645,645,r_645,0,qualified_ref,1,0,none,669634375,669650088,15713,3125,9463,88,1,0,always_ready,0,1
1,stress_random,20006,646,646,r_646,0,qualified_ref,1,0,none,670659375,670675088,15713,3125,9463,88,1,0,always_ready,0,1
1,stress_random,20006,647,647,r_647,0,qualified_ref,1,0,none,671684375,671700088,15713,3125,9463,88,1,0,always_ready,0,1
1,stress_random,20006,648,648,r_648,0,qualified_ref,1,0,none,672709375,672725088,15713,3125,9463,88,1,0,always_ready,0,1
1,stress_random,20006,649,649,r_649,0,qualified_ref,1,0,none,673734375,673750088,15713,3125,9463,88,1,0,always_ready,0,1
1,stress_random,20006,650,650,r_650,0,qualified_ref,1,0,none,674759375,674775088,15713,3125,9463,88,1,0,always_ready,0,1
1,stress_random,20006,651,651,r_651,0,qualified_ref,1,0,none,675784375,675800088,15713,3125,9463,88,1,0,always_ready,0,1
1,stress_random,20006,652,652,r_652,0,qualified_ref,1,0,none,676809375,676825088,15713,3125,9463,88,1,0,always_ready,0,1
1,stress_random,20006,653,653,r_653,0,qualified_ref,1,0,none,677834375,677850088,15713,3125,9463,88,1,0,always_ready,0,1
1,stress_random,20006,654,654,r_654,0,qualified_ref,1,0,none,678859375,678875088,15713,3125,9463,88,1,0,always_ready,0,1
1,stress_random,20006,655,655,r_655,0,qualified_ref,1,0,none,679884375,679900088,15713,3125,9463,88,1,0,always_ready,0,1
1,stress_random,20006,656,656,r_656,0,qualified_ref,1,0,none,680909375,680925088,15713,3125,9463,88,1,0,always_ready,0,1
1,stress_random,20006,657,657,r_657,0,qualified_ref,1,0,none,681934375,681950088,15713,3125,9463,88,1,0,always_ready,0,1
1,stress_random,20006,658,658,r_658,0,qualified_ref,1,0,none,682959375,682975088,15713,3125,9463,88,1,0,always_ready,0,1
1,stress_random,20006,659,659,r_659,0,qualified_ref,1,0,none,683984375,684000088,15713,3125,9463,88,1,0,always_ready,0,1
1,stress_random,20006,660,660,r_660,0,qualified_ref,1,0,none,685009375,685025088,15713,3125,9463,88,1,0,always_ready,0,1
1,stress_random,20006,661,661,r_661,0,qualified_ref,1,0,none,686034375,686050088,15713,3125,9463,88,1,0,always_ready,0,1
1,stress_random,20006,662,662,r_662,0,qualified_ref,1,0,none,687059375,687075088,15713,3125,9463,88,1,0,always_ready,0,1
1,stress_random,20006,663,663,r_663,0,qualified_ref,1,0,none,688084375,688100088,15713,3125,9463,88,1,0,always_ready,0,1
1,stress_random,20006,664,664,r_664,0,qualified_ref,1,0,none,689109375,689125088,15713,3125,9463,88,1,0,always_ready,0,1
1,stress_random,20006,665,665,r_665,0,qualified_ref,1,0,none,690134375,690150088,15713,3125,9463,88,1,0,always_ready,0,1
1,stress_random,20006,666,666,r_666,0,qualified_ref,1,0,none,691159375,691175088,15713,3125,9463,88,1,0,always_ready,0,1
1,stress_random,20006,667,667,r_667,0,qualified_ref,1,0,none,692184375,692200088,15713,3125,9463,88,1,0,always_ready,0,1
1,stress_random,20006,668,668,r_668,0,qualified_ref,1,0,none,693209375,693225088,15713,3125,9463,88,1,0,always_ready,0,1
1,stress_random,20006,669,669,r_669,0,qualified_ref,1,0,none,694234375,694250088,15713,3125,9463,88,1,0,always_ready,0,1
1,stress_random,20006,670,670,r_670,0,qualified_ref,1,0,none,695259375,695275088,15713,3125,9463,88,1,0,always_ready,0,1
1,stress_random,20006,671,671,r_671,0,qualified_ref,1,0,none,696284375,696300088,15713,3125,9463,88,1,0,always_ready,0,1
1,stress_random,20006,672,672,r_672,0,qualified_ref,1,0,none,697309375,697325088,15713,3125,9463,88,1,0,always_ready,0,1
1,stress_random,20006,673,673,r_673,0,qualified_ref,1,0,none,698334375,698350088,15713,3125,9463,88,1,0,always_ready,0,1
1,stress_random,20006,674,674,r_674,0,qualified_ref,1,0,none,699359375,699375088,15713,3125,9463,88,1,0,always_ready,0,1
1,stress_random,20006,675,675,r_675,0,qualified_ref,1,0,none,700384375,700400088,15713,3125,9463,88,1,0,always_ready,0,1
1,stress_random,20006,676,676,r_676,0,qualified_ref,1,0,none,701409375,701425088,15713,3125,9463,88,1,0,always_ready,0,1
1,stress_random,20006,677,677,r_677,0,qualified_ref,1,0,none,702434375,702450088,15713,3125,9463,88,1,0,always_ready,0,1
1,stress_random,20006,678,678,r_678,0,qualified_ref,1,0,none,703459375,703475088,15713,3125,9463,88,1,0,always_ready,0,1
1,stress_random,20006,679,679,r_679,0,qualified_ref,1,0,none,704484375,704500088,15713,3125,9463,88,1,0,always_ready,0,1
1,stress_random,20006,680,680,r_680,0,qualified_ref,1,0,none,705509375,705525088,15713,3125,9463,88,1,0,always_ready,0,1
1,stress_random,20006,681,681,r_681,0,qualified_ref,1,0,none,706534375,706550088,15713,3125,9463,88,1,0,always_ready,0,1
1,stress_random,20006,682,682,r_682,0,qualified_ref,1,0,none,707559375,707575088,15713,3125,9463,88,1,0,always_ready,0,1
1,stress_random,20006,683,683,r_683,0,qualified_ref,1,0,none,708584375,708600088,15713,3125,9463,88,1,0,always_ready,0,1
1,stress_random,20006,684,684,r_684,0,qualified_ref,1,0,none,709609375,709625088,15713,3125,9463,88,1,0,always_ready,0,1
1,stress_random,20006,685,685,r_685,0,qualified_ref,1,0,none,710634375,710650088,15713,3125,9463,88,1,0,always_ready,0,1
1,stress_random,20006,686,686,r_686,0,qualified_ref,1,0,none,711659375,711675088,15713,3125,9463,88,1,0,always_ready,0,1
1,stress_random,20006,687,687,r_687,0,qualified_ref,1,0,none,712684375,712700088,15713,3125,9463,88,1,0,always_ready,0,1
1,stress_random,20006,688,688,r_688,0,qualified_ref,1,0,none,713709375,713725088,15713,3125,9463,88,1,0,always_ready,0,1
1,stress_random,20006,689,689,r_689,0,qualified_ref,1,0,none,714734375,714750088,15713,3125,9463,88,1,0,always_ready,0,1
1,stress_random,20006,690,690,r_690,0,qualified_ref,1,0,none,715759375,715775088,15713,3125,9463,88,1,0,always_ready,0,1
1,stress_random,20006,691,691,r_691,0,qualified_ref,1,0,none,716784375,716800088,15713,3125,9463,88,1,0,always_ready,0,1
1,stress_random,20006,692,692,r_692,0,qualified_ref,1,0,none,717809375,717825088,15713,3125,9463,88,1,0,always_ready,0,1
1,stress_random,20006,693,693,r_693,0,qualified_ref,1,0,none,718834375,718850088,15713,3125,9463,88,1,0,always_ready,0,1
1,stress_random,20006,694,694,r_694,0,qualified_ref,1,0,none,719859375,719875088,15713,3125,9463,88,1,0,always_ready,0,1
1,stress_random,20006,695,695,r_695,0,qualified_ref,1,0,none,720884375,720900088,15713,3125,9463,88,1,0,always_ready,0,1
1,stress_random,20006,696,696,r_696,0,qualified_ref,1,0,none,721909375,721925088,15713,3125,9463,88,1,0,always_ready,0,1
1,stress_random,20006,697,697,r_697,0,qualified_ref,1,0,none,722934375,722950088,15713,3125,9463,88,1,0,always_ready,0,1
1,stress_random,20006,698,698,r_698,0,qualified_ref,1,0,none,723959375,723975088,15713,3125,9463,88,1,0,always_ready,0,1
1,stress_random,20006,699,699,r_699,0,qualified_ref,1,0,none,724984375,725000088,15713,3125,9463,88,1,0,always_ready,0,1
1,stress_random,20006,700,700,r_700,0,qualified_ref,1,0,none,726009375,726025088,15713,3125,9463,88,1,0,always_ready,0,1
1,stress_random,20006,701,701,r_701,0,qualified_ref,1,0,none,727034375,727050088,15713,3125,9463,88,1,0,always_ready,0,1
1,stress_random,20006,702,702,r_702,0,qualified_ref,1,0,none,728059375,728075088,15713,3125,9463,88,1,0,always_ready,0,1
1,stress_random,20006,703,703,r_703,0,qualified_ref,1,0,none,729084375,729100088,15713,3125,9463,88,1,0,always_ready,0,1
1,stress_random,20006,704,704,r_704,0,qualified_ref,1,0,none,730109375,730125088,15713,3125,9463,88,1,0,always_ready,0,1
1,stress_random,20006,705,705,r_705,0,qualified_ref,1,0,none,731134375,731150088,15713,3125,9463,88,1,0,always_ready,0,1
1,stress_random,20006,706,706,r_706,0,qualified_ref,1,0,none,732159375,732175088,15713,3125,9463,88,1,0,always_ready,0,1
1,stress_random,20006,707,707,r_707,0,qualified_ref,1,0,none,733184375,733200088,15713,3125,9463,88,1,0,always_ready,0,1
1,stress_random,20006,708,708,r_708,0,qualified_ref,1,0,none,734209375,734225088,15713,3125,9463,88,1,0,always_ready,0,1
1,stress_random,20006,709,709,r_709,0,qualified_ref,1,0,none,735234375,735250088,15713,3125,9463,88,1,0,always_ready,0,1
1,stress_random,20006,710,710,r_710,0,qualified_ref,1,0,none,736259375,736275088,15713,3125,9463,88,1,0,always_ready,0,1
1,stress_random,20006,711,711,r_711,0,qualified_ref,1,0,none,737284375,737300088,15713,3125,9463,88,1,0,always_ready,0,1
1,stress_random,20006,712,712,r_712,0,qualified_ref,1,0,none,738309375,738325088,15713,3125,9463,88,1,0,always_ready,0,1
1,stress_random,20006,713,713,r_713,0,qualified_ref,1,0,none,739334375,739350088,15713,3125,9463,88,1,0,always_ready,0,1
1,stress_random,20006,714,714,r_714,0,qualified_ref,1,0,none,740359375,740375088,15713,3125,9463,88,1,0,always_ready,0,1
1,stress_random,20006,715,715,r_715,0,qualified_ref,1,0,none,741384375,741400088,15713,3125,9463,88,1,0,always_ready,0,1
1,stress_random,20006,716,716,r_716,0,qualified_ref,1,0,none,742409375,742425088,15713,3125,9463,88,1,0,always_ready,0,1
1,stress_random,20006,717,717,r_717,0,qualified_ref,1,0,none,743434375,743450088,15713,3125,9463,88,1,0,always_ready,0,1
1,stress_random,20006,718,718,r_718,0,qualified_ref,1,0,none,744459375,744475088,15713,3125,9463,88,1,0,always_ready,0,1
1,stress_random,20006,719,719,r_719,0,qualified_ref,1,0,none,745484375,745500088,15713,3125,9463,88,1,0,always_ready,0,1
1,stress_random,20006,720,720,r_720,0,qualified_ref,1,0,none,746509375,746525088,15713,3125,9463,88,1,0,always_ready,0,1
1,stress_random,20006,721,721,r_721,0,qualified_ref,1,0,none,747534375,747550088,15713,3125,9463,88,1,0,always_ready,0,1
1,stress_random,20006,722,722,r_722,0,qualified_ref,1,0,none,748559375,748575088,15713,3125,9463,88,1,0,always_ready,0,1
1,stress_random,20006,723,723,r_723,0,qualified_ref,1,0,none,749584375,749600088,15713,3125,9463,88,1,0,always_ready,0,1
1,stress_random,20006,724,724,r_724,0,qualified_ref,1,0,none,750609375,750625088,15713,3125,9463,88,1,0,always_ready,0,1
1,stress_random,20006,725,725,r_725,0,qualified_ref,1,0,none,751634375,751650088,15713,3125,9463,88,1,0,always_ready,0,1
1,stress_random,20006,726,726,r_726,0,qualified_ref,1,0,none,752659375,752675088,15713,3125,9463,88,1,0,always_ready,0,1
1,stress_random,20006,727,727,r_727,0,qualified_ref,1,0,none,753684375,753700088,15713,3125,9463,88,1,0,always_ready,0,1
1,stress_random,20006,728,728,r_728,0,qualified_ref,1,0,none,754709375,754725088,15713,3125,9463,88,1,0,always_ready,0,1
1,stress_random,20006,729,729,r_729,0,qualified_ref,1,0,none,755734375,755750088,15713,3125,9463,88,1,0,always_ready,0,1
1,stress_random,20006,730,730,r_730,0,qualified_ref,1,0,none,756759375,756775088,15713,3125,9463,88,1,0,always_ready,0,1
1,stress_random,20006,731,731,r_731,0,qualified_ref,1,0,none,757784375,757800088,15713,3125,9463,88,1,0,always_ready,0,1
1,stress_random,20006,732,732,r_732,0,qualified_ref,1,0,none,758809375,758825088,15713,3125,9463,88,1,0,always_ready,0,1
1,stress_random,20006,733,733,r_733,0,qualified_ref,1,0,none,759834375,759850088,15713,3125,9463,88,1,0,always_ready,0,1
1,stress_random,20006,734,734,r_734,0,qualified_ref,1,0,none,760859375,760875088,15713,3125,9463,88,1,0,always_ready,0,1
1,stress_random,20006,735,735,r_735,0,qualified_ref,1,0,none,761884375,761900088,15713,3125,9463,88,1,0,always_ready,0,1
1,stress_random,20006,736,736,r_736,0,qualified_ref,1,0,none,762909375,762925088,15713,3125,9463,88,1,0,always_ready,0,1
1,stress_random,20006,737,737,r_737,0,qualified_ref,1,0,none,763934375,763950088,15713,3125,9463,88,1,0,always_ready,0,1
1,stress_random,20006,738,738,r_738,0,qualified_ref,1,0,none,764959375,764975088,15713,3125,9463,88,1,0,always_ready,0,1
1,stress_random,20006,739,739,r_739,0,qualified_ref,1,0,none,765984375,766000088,15713,3125,9463,88,1,0,always_ready,0,1
1,stress_random,20006,740,740,r_740,0,qualified_ref,1,0,none,767009375,767025088,15713,3125,9463,88,1,0,always_ready,0,1
1,stress_random,20006,741,741,r_741,0,qualified_ref,1,0,none,768034375,768050088,15713,3125,9463,88,1,0,always_ready,0,1
1,stress_random,20006,742,742,r_742,0,qualified_ref,1,0,none,769059375,769075088,15713,3125,9463,88,1,0,always_ready,0,1
1,stress_random,20006,743,743,r_743,0,qualified_ref,1,0,none,770084375,770100088,15713,3125,9463,88,1,0,always_ready,0,1
1,stress_random,20006,744,744,r_744,0,qualified_ref,1,0,none,771109375,771125088,15713,3125,9463,88,1,0,always_ready,0,1
1,stress_random,20006,745,745,r_745,0,qualified_ref,1,0,none,772134375,772150088,15713,3125,9463,88,1,0,always_ready,0,1
1,stress_random,20006,746,746,r_746,0,qualified_ref,1,0,none,773159375,773175088,15713,3125,9463,88,1,0,always_ready,0,1
1,stress_random,20006,747,747,r_747,0,qualified_ref,1,0,none,774184375,774200088,15713,3125,9463,88,1,0,always_ready,0,1
1,stress_random,20006,748,748,r_748,0,qualified_ref,1,0,none,775209375,775225088,15713,3125,9463,88,1,0,always_ready,0,1
1,stress_random,20006,749,749,r_749,0,qualified_ref,1,0,none,776234375,776250088,15713,3125,9463,88,1,0,always_ready,0,1
1,stress_random,20006,750,750,r_750,0,qualified_ref,1,0,none,781359375,781375088,15713,3125,9463,88,1,0,always_ready,0,1
1,stress_random,20006,751,751,r_751,0,qualified_ref,1,0,none,782384375,782400088,15713,3125,9463,88,1,0,always_ready,0,1
1,stress_random,20006,752,752,r_752,0,qualified_ref,1,0,none,783409375,783425088,15713,3125,9463,88,1,0,always_ready,0,1
1,stress_random,20006,753,753,r_753,0,qualified_ref,1,0,none,784434375,784450088,15713,3125,9463,88,1,0,always_ready,0,1
1,stress_random,20006,754,754,r_754,0,qualified_ref,1,0,none,785459375,785475088,15713,3125,9463,88,1,0,always_ready,0,1
1,stress_random,20006,755,755,r_755,0,qualified_ref,1,0,none,786484375,786500088,15713,3125,9463,88,1,0,always_ready,0,1
1,stress_random,20006,756,756,r_756,0,qualified_ref,1,0,none,787509375,787525088,15713,3125,9463,88,1,0,always_ready,0,1
1,stress_random,20006,757,757,r_757,0,qualified_ref,1,0,none,788534375,788550088,15713,3125,9463,88,1,0,always_ready,0,1
1,stress_random,20006,758,758,r_758,0,qualified_ref,1,0,none,789559375,789575088,15713,3125,9463,88,1,0,always_ready,0,1
1,stress_random,20006,759,759,r_759,0,qualified_ref,1,0,none,790584375,790600088,15713,3125,9463,88,1,0,always_ready,0,1
1,stress_random,20006,760,760,r_760,0,qualified_ref,1,0,none,791609375,791625088,15713,3125,9463,88,1,0,always_ready,0,1
1,stress_random,20006,761,761,r_761,0,qualified_ref,1,0,none,792634375,792650088,15713,3125,9463,88,1,0,always_ready,0,1
1,stress_random,20006,762,762,r_762,0,qualified_ref,1,0,none,793659375,793675088,15713,3125,9463,88,1,0,always_ready,0,1
1,stress_random,20006,763,763,r_763,0,qualified_ref,1,0,none,794684375,794700088,15713,3125,9463,88,1,0,always_ready,0,1
1,stress_random,20006,764,764,r_764,0,qualified_ref,1,0,none,795709375,795725088,15713,3125,9463,88,1,0,always_ready,0,1
1,stress_random,20006,765,765,r_765,0,qualified_ref,1,0,none,796734375,796750088,15713,3125,9463,88,1,0,always_ready,0,1
1,stress_random,20006,766,766,r_766,0,qualified_ref,1,0,none,797759375,797775088,15713,3125,9463,88,1,0,always_ready,0,1
1,stress_random,20006,767,767,r_767,0,qualified_ref,1,0,none,798784375,798800088,15713,3125,9463,88,1,0,always_ready,0,1
1,stress_random,20006,768,768,r_768,0,qualified_ref,1,0,none,799809375,799825088,15713,3125,9463,88,1,0,always_ready,0,1
1,stress_random,20006,769,769,r_769,0,qualified_ref,1,0,none,800834375,800850088,15713,3125,9463,88,1,0,always_ready,0,1
1,stress_random,20006,770,770,r_770,0,qualified_ref,1,0,none,801859375,801875088,15713,3125,9463,88,1,0,always_ready,0,1
1,stress_random,20006,771,771,r_771,0,qualified_ref,1,0,none,802884375,802900088,15713,3125,9463,88,1,0,always_ready,0,1
1,stress_random,20006,772,772,r_772,0,qualified_ref,1,0,none,803909375,803925088,15713,3125,9463,88,1,0,always_ready,0,1
1,stress_random,20006,773,773,r_773,0,qualified_ref,1,0,none,804934375,804950088,15713,3125,9463,88,1,0,always_ready,0,1
1,stress_random,20006,774,774,r_774,0,qualified_ref,1,0,none,805959375,805975088,15713,3125,9463,88,1,0,always_ready,0,1
1,stress_random,20006,775,775,r_775,0,qualified_ref,1,0,none,806984375,807000088,15713,3125,9463,88,1,0,always_ready,0,1
1,stress_random,20006,776,776,r_776,0,qualified_ref,1,0,none,808009375,808025088,15713,3125,9463,88,1,0,always_ready,0,1
1,stress_random,20006,777,777,r_777,0,qualified_ref,1,0,none,809034375,809050088,15713,3125,9463,88,1,0,always_ready,0,1
1,stress_random,20006,778,778,r_778,0,qualified_ref,1,0,none,810059375,810075088,15713,3125,9463,88,1,0,always_ready,0,1
1,stress_random,20006,779,779,r_779,0,qualified_ref,1,0,none,811084375,811100088,15713,3125,9463,88,1,0,always_ready,0,1
1,stress_random,20006,780,780,r_780,0,qualified_ref,1,0,none,812109375,812125088,15713,3125,9463,88,1,0,always_ready,0,1
1,stress_random,20006,781,781,r_781,0,qualified_ref,1,0,none,813134375,813150088,15713,3125,9463,88,1,0,always_ready,0,1
1,stress_random,20006,782,782,r_782,0,qualified_ref,1,0,none,814159375,814175088,15713,3125,9463,88,1,0,always_ready,0,1
1,stress_random,20006,783,783,r_783,0,qualified_ref,1,0,none,815184375,815200088,15713,3125,9463,88,1,0,always_ready,0,1
1,stress_random,20006,784,784,r_784,0,qualified_ref,1,0,none,816209375,816225088,15713,3125,9463,88,1,0,always_ready,0,1
1,stress_random,20006,785,785,r_785,0,qualified_ref,1,0,none,817234375,817250088,15713,3125,9463,88,1,0,always_ready,0,1
1,stress_random,20006,786,786,r_786,0,qualified_ref,1,0,none,818259375,818275088,15713,3125,9463,88,1,0,always_ready,0,1
1,stress_random,20006,787,787,r_787,0,qualified_ref,1,0,none,819284375,819300088,15713,3125,9463,88,1,0,always_ready,0,1
1,stress_random,20006,788,788,r_788,0,qualified_ref,1,0,none,820309375,820325088,15713,3125,9463,88,1,0,always_ready,0,1
1,stress_random,20006,789,789,r_789,0,qualified_ref,1,0,none,821334375,821350088,15713,3125,9463,88,1,0,always_ready,0,1
1,stress_random,20006,790,790,r_790,0,qualified_ref,1,0,none,822359375,822375088,15713,3125,9463,88,1,0,always_ready,0,1
1,stress_random,20006,791,791,r_791,0,qualified_ref,1,0,none,823384375,823400088,15713,3125,9463,88,1,0,always_ready,0,1
1,stress_random,20006,792,792,r_792,0,qualified_ref,1,0,none,824409375,824425088,15713,3125,9463,88,1,0,always_ready,0,1
1,stress_random,20006,793,793,r_793,0,qualified_ref,1,0,none,825434375,825450088,15713,3125,9463,88,1,0,always_ready,0,1
1,stress_random,20006,794,794,r_794,0,qualified_ref,1,0,none,826459375,826475088,15713,3125,9463,88,1,0,always_ready,0,1
1,stress_random,20006,795,795,r_795,0,qualified_ref,1,0,none,827484375,827500088,15713,3125,9463,88,1,0,always_ready,0,1
1,stress_random,20006,796,796,r_796,0,qualified_ref,1,0,none,828509375,828525088,15713,3125,9463,88,1,0,always_ready,0,1
1,stress_random,20006,797,797,r_797,0,qualified_ref,1,0,none,829534375,829550088,15713,3125,9463,88,1,0,always_ready,0,1
1,stress_random,20006,798,798,r_798,0,qualified_ref,1,0,none,830559375,830575088,15713,3125,9463,88,1,0,always_ready,0,1
1,stress_random,20006,799,799,r_799,0,qualified_ref,1,0,none,831584375,831600088,15713,3125,9463,88,1,0,always_ready,0,1
1,stress_random,20006,800,800,r_800,0,qualified_ref,1,0,none,832609375,832625088,15713,3125,9463,88,1,0,always_ready,0,1
1,stress_random,20006,801,801,r_801,0,qualified_ref,1,0,none,833634375,833650088,15713,3125,9463,88,1,0,always_ready,0,1
1,stress_random,20006,802,802,r_802,0,qualified_ref,1,0,none,834659375,834675088,15713,3125,9463,88,1,0,always_ready,0,1
1,stress_random,20006,803,803,r_803,0,qualified_ref,1,0,none,835684375,835700088,15713,3125,9463,88,1,0,always_ready,0,1
1,stress_random,20006,804,804,r_804,0,qualified_ref,1,0,none,836709375,836725088,15713,3125,9463,88,1,0,always_ready,0,1
1,stress_random,20006,805,805,r_805,0,qualified_ref,1,0,none,837734375,837750088,15713,3125,9463,88,1,0,always_ready,0,1
1,stress_random,20006,806,806,r_806,0,qualified_ref,1,0,none,838759375,838775088,15713,3125,9463,88,1,0,always_ready,0,1
1,stress_random,20006,807,807,r_807,0,qualified_ref,1,0,none,839784375,839800088,15713,3125,9463,88,1,0,always_ready,0,1
1,stress_random,20006,808,808,r_808,0,qualified_ref,1,0,none,840809375,840825088,15713,3125,9463,88,1,0,always_ready,0,1
1,stress_random,20006,809,809,r_809,0,qualified_ref,1,0,none,841834375,841850088,15713,3125,9463,88,1,0,always_ready,0,1
1,stress_random,20006,810,810,r_810,0,qualified_ref,1,0,none,842859375,842875088,15713,3125,9463,88,1,0,always_ready,0,1
1,stress_random,20006,811,811,r_811,0,qualified_ref,1,0,none,843884375,843900088,15713,3125,9463,88,1,0,always_ready,0,1
1,stress_random,20006,812,812,r_812,0,qualified_ref,1,0,none,844909375,844925088,15713,3125,9463,88,1,0,always_ready,0,1
1,stress_random,20006,813,813,r_813,0,qualified_ref,1,0,none,845934375,845950088,15713,3125,9463,88,1,0,always_ready,0,1
1,stress_random,20006,814,814,r_814,0,qualified_ref,1,0,none,846959375,846975088,15713,3125,9463,88,1,0,always_ready,0,1
1,stress_random,20006,815,815,r_815,0,qualified_ref,1,0,none,847984375,848000088,15713,3125,9463,88,1,0,always_ready,0,1
1,stress_random,20006,816,816,r_816,0,qualified_ref,1,0,none,849009375,849025088,15713,3125,9463,88,1,0,always_ready,0,1
1,stress_random,20006,817,817,r_817,0,qualified_ref,1,0,none,850034375,850050088,15713,3125,9463,88,1,0,always_ready,0,1
1,stress_random,20006,818,818,r_818,0,qualified_ref,1,0,none,851059375,851075088,15713,3125,9463,88,1,0,always_ready,0,1
1,stress_random,20006,819,819,r_819,0,qualified_ref,1,0,none,852084375,852100088,15713,3125,9463,88,1,0,always_ready,0,1
1,stress_random,20006,820,820,r_820,0,qualified_ref,1,0,none,853109375,853125088,15713,3125,9463,88,1,0,always_ready,0,1
1,stress_random,20006,821,821,r_821,0,qualified_ref,1,0,none,854134375,854150088,15713,3125,9463,88,1,0,always_ready,0,1
1,stress_random,20006,822,822,r_822,0,qualified_ref,1,0,none,855159375,855175088,15713,3125,9463,88,1,0,always_ready,0,1
1,stress_random,20006,823,823,r_823,0,qualified_ref,1,0,none,856184375,856200088,15713,3125,9463,88,1,0,always_ready,0,1
1,stress_random,20006,824,824,r_824,0,qualified_ref,1,0,none,857209375,857225088,15713,3125,9463,88,1,0,always_ready,0,1
1,stress_random,20006,825,825,r_825,0,qualified_ref,1,0,none,858234375,858250088,15713,3125,9463,88,1,0,always_ready,0,1
1,stress_random,20006,826,826,r_826,0,qualified_ref,1,0,none,859259375,859275088,15713,3125,9463,88,1,0,always_ready,0,1
1,stress_random,20006,827,827,r_827,0,qualified_ref,1,0,none,860284375,860300088,15713,3125,9463,88,1,0,always_ready,0,1
1,stress_random,20006,828,828,r_828,0,qualified_ref,1,0,none,861309375,861325088,15713,3125,9463,88,1,0,always_ready,0,1
1,stress_random,20006,829,829,r_829,0,qualified_ref,1,0,none,862334375,862350088,15713,3125,9463,88,1,0,always_ready,0,1
1,stress_random,20006,830,830,r_830,0,qualified_ref,1,0,none,863359375,863375088,15713,3125,9463,88,1,0,always_ready,0,1
1,stress_random,20006,831,831,r_831,0,qualified_ref,1,0,none,864384375,864400088,15713,3125,9463,88,1,0,always_ready,0,1
1,stress_random,20006,832,832,r_832,0,qualified_ref,1,0,none,865409375,865425088,15713,3125,9463,88,1,0,always_ready,0,1
1,stress_random,20006,833,833,r_833,0,qualified_ref,1,0,none,866434375,866450088,15713,3125,9463,88,1,0,always_ready,0,1
1,stress_random,20006,834,834,r_834,0,qualified_ref,1,0,none,867459375,867475088,15713,3125,9463,88,1,0,always_ready,0,1
1,stress_random,20006,835,835,r_835,0,qualified_ref,1,0,none,868484375,868500088,15713,3125,9463,88,1,0,always_ready,0,1
1,stress_random,20006,836,836,r_836,0,qualified_ref,1,0,none,869509375,869525088,15713,3125,9463,88,1,0,always_ready,0,1
1,stress_random,20006,837,837,r_837,0,qualified_ref,1,0,none,870534375,870550088,15713,3125,9463,88,1,0,always_ready,0,1
1,stress_random,20006,838,838,r_838,0,qualified_ref,1,0,none,871559375,871575088,15713,3125,9463,88,1,0,always_ready,0,1
1,stress_random,20006,839,839,r_839,0,qualified_ref,1,0,none,872584375,872600088,15713,3125,9463,88,1,0,always_ready,0,1
1,stress_random,20006,840,840,r_840,0,qualified_ref,1,0,none,873609375,873625088,15713,3125,9463,88,1,0,always_ready,0,1
1,stress_random,20006,841,841,r_841,0,qualified_ref,1,0,none,874634375,874650088,15713,3125,9463,88,1,0,always_ready,0,1
1,stress_random,20006,842,842,r_842,0,qualified_ref,1,0,none,875659375,875675088,15713,3125,9463,88,1,0,always_ready,0,1
1,stress_random,20006,843,843,r_843,0,qualified_ref,1,0,none,876684375,876700088,15713,3125,9463,88,1,0,always_ready,0,1
1,stress_random,20006,844,844,r_844,0,qualified_ref,1,0,none,877709375,877725088,15713,3125,9463,88,1,0,always_ready,0,1
1,stress_random,20006,845,845,r_845,0,qualified_ref,1,0,none,878734375,878750088,15713,3125,9463,88,1,0,always_ready,0,1
1,stress_random,20006,846,846,r_846,0,qualified_ref,1,0,none,879759375,879775088,15713,3125,9463,88,1,0,always_ready,0,1
1,stress_random,20006,847,847,r_847,0,qualified_ref,1,0,none,880784375,880800088,15713,3125,9463,88,1,0,always_ready,0,1
1,stress_random,20006,848,848,r_848,0,qualified_ref,1,0,none,881809375,881825088,15713,3125,9463,88,1,0,always_ready,0,1
1,stress_random,20006,849,849,r_849,0,qualified_ref,1,0,none,882834375,882850088,15713,3125,9463,88,1,0,always_ready,0,1
1,stress_random,20006,850,850,r_850,0,qualified_ref,1,0,none,883859375,883875088,15713,3125,9463,88,1,0,always_ready,0,1
1,stress_random,20006,851,851,r_851,0,qualified_ref,1,0,none,884884375,884900088,15713,3125,9463,88,1,0,always_ready,0,1
1,stress_random,20006,852,852,r_852,0,qualified_ref,1,0,none,885909375,885925088,15713,3125,9463,88,1,0,always_ready,0,1
1,stress_random,20006,853,853,r_853,0,qualified_ref,1,0,none,886934375,886950088,15713,3125,9463,88,1,0,always_ready,0,1
1,stress_random,20006,854,854,r_854,0,qualified_ref,1,0,none,887959375,887975088,15713,3125,9463,88,1,0,always_ready,0,1
1,stress_random,20006,855,855,r_855,0,qualified_ref,1,0,none,888984375,889000088,15713,3125,9463,88,1,0,always_ready,0,1
1,stress_random,20006,856,856,r_856,0,qualified_ref,1,0,none,890009375,890025088,15713,3125,9463,88,1,0,always_ready,0,1
1,stress_random,20006,857,857,r_857,0,qualified_ref,1,0,none,891034375,891050088,15713,3125,9463,88,1,0,always_ready,0,1
1,stress_random,20006,858,858,r_858,0,qualified_ref,1,0,none,892059375,892075088,15713,3125,9463,88,1,0,always_ready,0,1
1,stress_random,20006,859,859,r_859,0,qualified_ref,1,0,none,893084375,893100088,15713,3125,9463,88,1,0,always_ready,0,1
1,stress_random,20006,860,860,r_860,0,qualified_ref,1,0,none,894109375,894125088,15713,3125,9463,88,1,0,always_ready,0,1
1,stress_random,20006,861,861,r_861,0,qualified_ref,1,0,none,895134375,895150088,15713,3125,9463,88,1,0,always_ready,0,1
1,stress_random,20006,862,862,r_862,0,qualified_ref,1,0,none,896159375,896175088,15713,3125,9463,88,1,0,always_ready,0,1
1,stress_random,20006,863,863,r_863,0,qualified_ref,1,0,none,897184375,897200088,15713,3125,9463,88,1,0,always_ready,0,1
1,stress_random,20006,864,864,r_864,0,qualified_ref,1,0,none,898209375,898225088,15713,3125,9463,88,1,0,always_ready,0,1
1,stress_random,20006,865,865,r_865,0,qualified_ref,1,0,none,899234375,899250088,15713,3125,9463,88,1,0,always_ready,0,1
1,stress_random,20006,866,866,r_866,0,qualified_ref,1,0,none,900259375,900275088,15713,3125,9463,88,1,0,always_ready,0,1
1,stress_random,20006,867,867,r_867,0,qualified_ref,1,0,none,901284375,901300088,15713,3125,9463,88,1,0,always_ready,0,1
1,stress_random,20006,868,868,r_868,0,qualified_ref,1,0,none,902309375,902325088,15713,3125,9463,88,1,0,always_ready,0,1
1,stress_random,20006,869,869,r_869,0,qualified_ref,1,0,none,903334375,903350088,15713,3125,9463,88,1,0,always_ready,0,1
1,stress_random,20006,870,870,r_870,0,qualified_ref,1,0,none,904359375,904375088,15713,3125,9463,88,1,0,always_ready,0,1
1,stress_random,20006,871,871,r_871,0,qualified_ref,1,0,none,905384375,905400088,15713,3125,9463,88,1,0,always_ready,0,1
1,stress_random,20006,872,872,r_872,0,qualified_ref,1,0,none,906409375,906425088,15713,3125,9463,88,1,0,always_ready,0,1
1,stress_random,20006,873,873,r_873,0,qualified_ref,1,0,none,907434375,907450088,15713,3125,9463,88,1,0,always_ready,0,1
1,stress_random,20006,874,874,r_874,0,qualified_ref,1,0,none,908459375,908475088,15713,3125,9463,88,1,0,always_ready,0,1
1,stress_random,20006,875,875,r_875,0,qualified_ref,1,0,none,909484375,909500088,15713,3125,9463,88,1,0,always_ready,0,1
1,stress_random,20006,876,876,r_876,0,qualified_ref,1,0,none,910509375,910525088,15713,3125,9463,88,1,0,always_ready,0,1
1,stress_random,20006,877,877,r_877,0,qualified_ref,1,0,none,911534375,911550088,15713,3125,9463,88,1,0,always_ready,0,1
1,stress_random,20006,878,878,r_878,0,qualified_ref,1,0,none,912559375,912575088,15713,3125,9463,88,1,0,always_ready,0,1
1,stress_random,20006,879,879,r_879,0,qualified_ref,1,0,none,913584375,913600088,15713,3125,9463,88,1,0,always_ready,0,1
1,stress_random,20006,880,880,r_880,0,qualified_ref,1,0,none,914609375,914625088,15713,3125,9463,88,1,0,always_ready,0,1
1,stress_random,20006,881,881,r_881,0,qualified_ref,1,0,none,915634375,915650088,15713,3125,9463,88,1,0,always_ready,0,1
1,stress_random,20006,882,882,r_882,0,qualified_ref,1,0,none,916659375,916675088,15713,3125,9463,88,1,0,always_ready,0,1
1,stress_random,20006,883,883,r_883,0,qualified_ref,1,0,none,917684375,917700088,15713,3125,9463,88,1,0,always_ready,0,1
1,stress_random,20006,884,884,r_884,0,qualified_ref,1,0,none,918709375,918725088,15713,3125,9463,88,1,0,always_ready,0,1
1,stress_random,20006,885,885,r_885,0,qualified_ref,1,0,none,919734375,919750088,15713,3125,9463,88,1,0,always_ready,0,1
1,stress_random,20006,886,886,r_886,0,qualified_ref,1,0,none,920759375,920775088,15713,3125,9463,88,1,0,always_ready,0,1
1,stress_random,20006,887,887,r_887,0,qualified_ref,1,0,none,921784375,921800088,15713,3125,9463,88,1,0,always_ready,0,1
1,stress_random,20006,888,888,r_888,0,qualified_ref,1,0,none,922809375,922825088,15713,3125,9463,88,1,0,always_ready,0,1
1,stress_random,20006,889,889,r_889,0,qualified_ref,1,0,none,923834375,923850088,15713,3125,9463,88,1,0,always_ready,0,1
1,stress_random,20006,890,890,r_890,0,qualified_ref,1,0,none,924859375,924875088,15713,3125,9463,88,1,0,always_ready,0,1
1,stress_random,20006,891,891,r_891,0,qualified_ref,1,0,none,925884375,925900088,15713,3125,9463,88,1,0,always_ready,0,1
1,stress_random,20006,892,892,r_892,0,qualified_ref,1,0,none,926909375,926925088,15713,3125,9463,88,1,0,always_ready,0,1
1,stress_random,20006,893,893,r_893,0,qualified_ref,1,0,none,927934375,927950088,15713,3125,9463,88,1,0,always_ready,0,1
1,stress_random,20006,894,894,r_894,0,qualified_ref,1,0,none,928959375,928975088,15713,3125,9463,88,1,0,always_ready,0,1
1,stress_random,20006,895,895,r_895,0,qualified_ref,1,0,none,929984375,930000088,15713,3125,9463,88,1,0,always_ready,0,1
1,stress_random,20006,896,896,r_896,0,qualified_ref,1,0,none,931009375,931025088,15713,3125,9463,88,1,0,always_ready,0,1
1,stress_random,20006,897,897,r_897,0,qualified_ref,1,0,none,932034375,932050088,15713,3125,9463,88,1,0,always_ready,0,1
1,stress_random,20006,898,898,r_898,0,qualified_ref,1,0,none,933059375,933075088,15713,3125,9463,88,1,0,always_ready,0,1
1,stress_random,20006,899,899,r_899,0,qualified_ref,1,0,none,934084375,934100088,15713,3125,9463,88,1,0,always_ready,0,1
1,stress_random,20006,900,900,r_900,0,qualified_ref,1,0,none,935109375,935125088,15713,3125,9463,88,1,0,always_ready,0,1
1,stress_random,20006,901,901,r_901,0,qualified_ref,1,0,none,936134375,936150088,15713,3125,9463,88,1,0,always_ready,0,1
1,stress_random,20006,902,902,r_902,0,qualified_ref,1,0,none,937159375,937175088,15713,3125,9463,88,1,0,always_ready,0,1
1,stress_random,20006,903,903,r_903,0,qualified_ref,1,0,none,938184375,938200088,15713,3125,9463,88,1,0,always_ready,0,1
1,stress_random,20006,904,904,r_904,0,qualified_ref,1,0,none,939209375,939225088,15713,3125,9463,88,1,0,always_ready,0,1
1,stress_random,20006,905,905,r_905,0,qualified_ref,1,0,none,940234375,940250088,15713,3125,9463,88,1,0,always_ready,0,1
1,stress_random,20006,906,906,r_906,0,qualified_ref,1,0,none,941259375,941275088,15713,3125,9463,88,1,0,always_ready,0,1
1,stress_random,20006,907,907,r_907,0,qualified_ref,1,0,none,942284375,942300088,15713,3125,9463,88,1,0,always_ready,0,1
1,stress_random,20006,908,908,r_908,0,qualified_ref,1,0,none,943309375,943325088,15713,3125,9463,88,1,0,always_ready,0,1
1,stress_random,20006,909,909,r_909,0,qualified_ref,1,0,none,944334375,944350088,15713,3125,9463,88,1,0,always_ready,0,1
1,stress_random,20006,910,910,r_910,0,qualified_ref,1,0,none,945359375,945375088,15713,3125,9463,88,1,0,always_ready,0,1
1,stress_random,20006,911,911,r_911,0,qualified_ref,1,0,none,946384375,946400088,15713,3125,9463,88,1,0,always_ready,0,1
1,stress_random,20006,912,912,r_912,0,qualified_ref,1,0,none,947409375,947425088,15713,3125,9463,88,1,0,always_ready,0,1
1,stress_random,20006,913,913,r_913,0,qualified_ref,1,0,none,948434375,948450088,15713,3125,9463,88,1,0,always_ready,0,1
1,stress_random,20006,914,914,r_914,0,qualified_ref,1,0,none,949459375,949475088,15713,3125,9463,88,1,0,always_ready,0,1
1,stress_random,20006,915,915,r_915,0,qualified_ref,1,0,none,950484375,950500088,15713,3125,9463,88,1,0,always_ready,0,1
1,stress_random,20006,916,916,r_916,0,qualified_ref,1,0,none,951509375,951525088,15713,3125,9463,88,1,0,always_ready,0,1
1,stress_random,20006,917,917,r_917,0,qualified_ref,1,0,none,952534375,952550088,15713,3125,9463,88,1,0,always_ready,0,1
1,stress_random,20006,918,918,r_918,0,qualified_ref,1,0,none,953559375,953575088,15713,3125,9463,88,1,0,always_ready,0,1
1,stress_random,20006,919,919,r_919,0,qualified_ref,1,0,none,954584375,954600088,15713,3125,9463,88,1,0,always_ready,0,1
1,stress_random,20006,920,920,r_920,0,qualified_ref,1,0,none,955609375,955625088,15713,3125,9463,88,1,0,always_ready,0,1
1,stress_random,20006,921,921,r_921,0,qualified_ref,1,0,none,956634375,956650088,15713,3125,9463,88,1,0,always_ready,0,1
1,stress_random,20006,922,922,r_922,0,qualified_ref,1,0,none,957659375,957675088,15713,3125,9463,88,1,0,always_ready,0,1
1,stress_random,20006,923,923,r_923,0,qualified_ref,1,0,none,958684375,958700088,15713,3125,9463,88,1,0,always_ready,0,1
1,stress_random,20006,924,924,r_924,0,qualified_ref,1,0,none,959709375,959725088,15713,3125,9463,88,1,0,always_ready,0,1
1,stress_random,20006,925,925,r_925,0,qualified_ref,1,0,none,960734375,960750088,15713,3125,9463,88,1,0,always_ready,0,1
1,stress_random,20006,926,926,r_926,0,qualified_ref,1,0,none,961759375,961775088,15713,3125,9463,88,1,0,always_ready,0,1
1,stress_random,20006,927,927,r_927,0,qualified_ref,1,0,none,962784375,962800088,15713,3125,9463,88,1,0,always_ready,0,1
1,stress_random,20006,928,928,r_928,0,qualified_ref,1,0,none,963809375,963825088,15713,3125,9463,88,1,0,always_ready,0,1
1,stress_random,20006,929,929,r_929,0,qualified_ref,1,0,none,964834375,964850088,15713,3125,9463,88,1,0,always_ready,0,1
1,stress_random,20006,930,930,r_930,0,qualified_ref,1,0,none,965859375,965875088,15713,3125,9463,88,1,0,always_ready,0,1
1,stress_random,20006,931,931,r_931,0,qualified_ref,1,0,none,966884375,966900088,15713,3125,9463,88,1,0,always_ready,0,1
1,stress_random,20006,932,932,r_932,0,qualified_ref,1,0,none,967909375,967925088,15713,3125,9463,88,1,0,always_ready,0,1
1,stress_random,20006,933,933,r_933,0,qualified_ref,1,0,none,968934375,968950088,15713,3125,9463,88,1,0,always_ready,0,1
1,stress_random,20006,934,934,r_934,0,qualified_ref,1,0,none,969959375,969975088,15713,3125,9463,88,1,0,always_ready,0,1
1,stress_random,20006,935,935,r_935,0,qualified_ref,1,0,none,970984375,971000088,15713,3125,9463,88,1,0,always_ready,0,1
1,stress_random,20006,936,936,r_936,0,qualified_ref,1,0,none,972009375,972025088,15713,3125,9463,88,1,0,always_ready,0,1
1,stress_random,20006,937,937,r_937,0,qualified_ref,1,0,none,973034375,973050088,15713,3125,9463,88,1,0,always_ready,0,1
1,stress_random,20006,938,938,r_938,0,qualified_ref,1,0,none,974059375,974075088,15713,3125,9463,88,1,0,always_ready,0,1
1,stress_random,20006,939,939,r_939,0,qualified_ref,1,0,none,975084375,975100088,15713,3125,9463,88,1,0,always_ready,0,1
1,stress_random,20006,940,940,r_940,0,qualified_ref,1,0,none,976109375,976125088,15713,3125,9463,88,1,0,always_ready,0,1
1,stress_random,20006,941,941,r_941,0,qualified_ref,1,0,none,977134375,977150088,15713,3125,9463,88,1,0,always_ready,0,1
1,stress_random,20006,942,942,r_942,0,qualified_ref,1,0,none,978159375,978175088,15713,3125,9463,88,1,0,always_ready,0,1
1,stress_random,20006,943,943,r_943,0,qualified_ref,1,0,none,979184375,979200088,15713,3125,9463,88,1,0,always_ready,0,1
1,stress_random,20006,944,944,r_944,0,qualified_ref,1,0,none,980209375,980225088,15713,3125,9463,88,1,0,always_ready,0,1
1,stress_random,20006,945,945,r_945,0,qualified_ref,1,0,none,981234375,981250088,15713,3125,9463,88,1,0,always_ready,0,1
1,stress_random,20006,946,946,r_946,0,qualified_ref,1,0,none,982259375,982275088,15713,3125,9463,88,1,0,always_ready,0,1
1,stress_random,20006,947,947,r_947,0,qualified_ref,1,0,none,983284375,983300088,15713,3125,9463,88,1,0,always_ready,0,1
1,stress_random,20006,948,948,r_948,0,qualified_ref,1,0,none,984309375,984325088,15713,3125,9463,88,1,0,always_ready,0,1
1,stress_random,20006,949,949,r_949,0,qualified_ref,1,0,none,985334375,985350088,15713,3125,9463,88,1,0,always_ready,0,1
1,stress_random,20006,950,950,r_950,0,qualified_ref,1,0,none,986359375,986375088,15713,3125,9463,88,1,0,always_ready,0,1
1,stress_random,20006,951,951,r_951,0,qualified_ref,1,0,none,987384375,987400088,15713,3125,9463,88,1,0,always_ready,0,1
1,stress_random,20006,952,952,r_952,0,qualified_ref,1,0,none,988409375,988425088,15713,3125,9463,88,1,0,always_ready,0,1
1,stress_random,20006,953,953,r_953,0,qualified_ref,1,0,none,989434375,989450088,15713,3125,9463,88,1,0,always_ready,0,1
1,stress_random,20006,954,954,r_954,0,qualified_ref,1,0,none,990459375,990475088,15713,3125,9463,88,1,0,always_ready,0,1
1,stress_random,20006,955,955,r_955,0,qualified_ref,1,0,none,991484375,991500088,15713,3125,9463,88,1,0,always_ready,0,1
1,stress_random,20006,956,956,r_956,0,qualified_ref,1,0,none,992509375,992525088,15713,3125,9463,88,1,0,always_ready,0,1
1,stress_random,20006,957,957,r_957,0,qualified_ref,1,0,none,993534375,993550088,15713,3125,9463,88,1,0,always_ready,0,1
1,stress_random,20006,958,958,r_958,0,qualified_ref,1,0,none,994559375,994575088,15713,3125,9463,88,1,0,always_ready,0,1
1,stress_random,20006,959,959,r_959,0,qualified_ref,1,0,none,995584375,995600088,15713,3125,9463,88,1,0,always_ready,0,1
1,stress_random,20006,960,960,r_960,0,qualified_ref,1,0,none,996609375,996625088,15713,3125,9463,88,1,0,always_ready,0,1
1,stress_random,20006,961,961,r_961,0,qualified_ref,1,0,none,997634375,997650088,15713,3125,9463,88,1,0,always_ready,0,1
1,stress_random,20006,962,962,r_962,0,qualified_ref,1,0,none,998659375,998675088,15713,3125,9463,88,1,0,always_ready,0,1
1,stress_random,20006,963,963,r_963,0,qualified_ref,1,0,none,999684375,999700088,15713,3125,9463,88,1,0,always_ready,0,1
1,stress_random,20006,964,964,r_964,0,qualified_ref,1,0,none,1000709375,1000725088,15713,3125,9463,88,1,0,always_ready,0,1
1,stress_random,20006,965,965,r_965,0,qualified_ref,1,0,none,1001734375,1001750088,15713,3125,9463,88,1,0,always_ready,0,1
1,stress_random,20006,966,966,r_966,0,qualified_ref,1,0,none,1002759375,1002775088,15713,3125,9463,88,1,0,always_ready,0,1
1,stress_random,20006,967,967,r_967,0,qualified_ref,1,0,none,1003784375,1003800088,15713,3125,9463,88,1,0,always_ready,0,1
1,stress_random,20006,968,968,r_968,0,qualified_ref,1,0,none,1004809375,1004825088,15713,3125,9463,88,1,0,always_ready,0,1
1,stress_random,20006,969,969,r_969,0,qualified_ref,1,0,none,1005834375,1005850088,15713,3125,9463,88,1,0,always_ready,0,1
1,stress_random,20006,970,970,r_970,0,qualified_ref,1,0,none,1006859375,1006875088,15713,3125,9463,88,1,0,always_ready,0,1
1,stress_random,20006,971,971,r_971,0,qualified_ref,1,0,none,1007884375,1007900088,15713,3125,9463,88,1,0,always_ready,0,1
1,stress_random,20006,972,972,r_972,0,qualified_ref,1,0,none,1008909375,1008925088,15713,3125,9463,88,1,0,always_ready,0,1
1,stress_random,20006,973,973,r_973,0,qualified_ref,1,0,none,1009934375,1009950088,15713,3125,9463,88,1,0,always_ready,0,1
1,stress_random,20006,974,974,r_974,0,qualified_ref,1,0,none,1010959375,1010975088,15713,3125,9463,88,1,0,always_ready,0,1
1,stress_random,20006,975,975,r_975,0,qualified_ref,1,0,none,1011984375,1012000088,15713,3125,9463,88,1,0,always_ready,0,1
1,stress_random,20006,976,976,r_976,0,qualified_ref,1,0,none,1013009375,1013025088,15713,3125,9463,88,1,0,always_ready,0,1
1,stress_random,20006,977,977,r_977,0,qualified_ref,1,0,none,1014034375,1014050088,15713,3125,9463,88,1,0,always_ready,0,1
1,stress_random,20006,978,978,r_978,0,qualified_ref,1,0,none,1015059375,1015075088,15713,3125,9463,88,1,0,always_ready,0,1
1,stress_random,20006,979,979,r_979,0,qualified_ref,1,0,none,1016084375,1016100088,15713,3125,9463,88,1,0,always_ready,0,1
1,stress_random,20006,980,980,r_980,0,qualified_ref,1,0,none,1017109375,1017125088,15713,3125,9463,88,1,0,always_ready,0,1
1,stress_random,20006,981,981,r_981,0,qualified_ref,1,0,none,1018134375,1018150088,15713,3125,9463,88,1,0,always_ready,0,1
1,stress_random,20006,982,982,r_982,0,qualified_ref,1,0,none,1019159375,1019175088,15713,3125,9463,88,1,0,always_ready,0,1
1,stress_random,20006,983,983,r_983,0,qualified_ref,1,0,none,1020184375,1020200088,15713,3125,9463,88,1,0,always_ready,0,1
1,stress_random,20006,984,984,r_984,0,qualified_ref,1,0,none,1021209375,1021225088,15713,3125,9463,88,1,0,always_ready,0,1
1,stress_random,20006,985,985,r_985,0,qualified_ref,1,0,none,1022234375,1022250088,15713,3125,9463,88,1,0,always_ready,0,1
1,stress_random,20006,986,986,r_986,0,qualified_ref,1,0,none,1023259375,1023275088,15713,3125,9463,88,1,0,always_ready,0,1
1,stress_random,20006,987,987,r_987,0,qualified_ref,1,0,none,1024284375,1024300088,15713,3125,9463,88,1,0,always_ready,0,1
1,stress_random,20006,988,988,r_988,0,qualified_ref,1,0,none,1025309375,1025325088,15713,3125,9463,88,1,0,always_ready,0,1
1,stress_random,20006,989,989,r_989,0,qualified_ref,1,0,none,1026334375,1026350088,15713,3125,9463,88,1,0,always_ready,0,1
1,stress_random,20006,990,990,r_990,0,qualified_ref,1,0,none,1027359375,1027375088,15713,3125,9463,88,1,0,always_ready,0,1
1,stress_random,20006,991,991,r_991,0,qualified_ref,1,0,none,1028384375,1028400088,15713,3125,9463,88,1,0,always_ready,0,1
1,stress_random,20006,992,992,r_992,0,qualified_ref,1,0,none,1029409375,1029425088,15713,3125,9463,88,1,0,always_ready,0,1
1,stress_random,20006,993,993,r_993,0,qualified_ref,1,0,none,1030434375,1030450088,15713,3125,9463,88,1,0,always_ready,0,1
1,stress_random,20006,994,994,r_994,0,qualified_ref,1,0,none,1031459375,1031475088,15713,3125,9463,88,1,0,always_ready,0,1
1,stress_random,20006,995,995,r_995,0,qualified_ref,1,0,none,1032484375,1032500088,15713,3125,9463,88,1,0,always_ready,0,1
1,stress_random,20006,996,996,r_996,0,qualified_ref,1,0,none,1033509375,1033525088,15713,3125,9463,88,1,0,always_ready,0,1
1,stress_random,20006,997,997,r_997,0,qualified_ref,1,0,none,1034534375,1034550088,15713,3125,9463,88,1,0,always_ready,0,1
1,stress_random,20006,998,998,r_998,0,qualified_ref,1,0,none,1035559375,1035575088,15713,3125,9463,88,1,0,always_ready,0,1
1,stress_random,20006,999,999,r_999,0,qualified_ref,1,0,none,1036584375,1036600088,15713,3125,9463,88,1,0,always_ready,0,1
1,stress_random,20006,1000,1000,r_1000,1,qualified_ref,1,0,none,1041709375,1041725088,15713,3125,9463,88,9,0,random_50,0,1
1,stress_random,20006,1001,1001,r_1001,1,qualified_ref,1,0,none,1042734375,1042750088,15713,3125,9463,88,9,0,random_50,0,1
1,stress_random,20006,1002,1002,r_1002,1,qualified_ref,1,0,none,1043759375,1043775088,15713,3125,9463,88,9,0,random_50,0,1
1,stress_random,20006,1003,1003,r_1003,1,qualified_ref,1,0,none,1044784375,1044800088,15713,3125,9463,88,9,0,random_50,0,1
1,stress_random,20006,1004,1004,r_1004,1,qualified_ref,1,0,none,1045809375,1045825088,15713,3125,9463,88,9,0,random_50,0,1
1,stress_random,20006,1005,1005,r_1005,1,qualified_ref,1,0,none,1046834375,1046850088,15713,3125,9463,88,9,0,random_50,0,1
1,stress_random,20006,1006,1006,r_1006,1,qualified_ref,1,0,none,1047859375,1047875088,15713,3125,9463,88,9,0,random_50,0,1
1,stress_random,20006,1007,1007,r_1007,1,qualified_ref,1,0,none,1048884375,1048900088,15713,3125,9463,88,9,0,random_50,0,1
1,stress_random,20006,1008,1008,r_1008,1,qualified_ref,1,0,none,1049909375,1049925088,15713,3125,9463,88,9,0,random_50,0,1
1,stress_random,20006,1009,1009,r_1009,1,qualified_ref,1,0,none,1050934375,1050950088,15713,3125,9463,88,9,0,random_50,0,1
1,stress_random,20006,1010,1010,r_1010,1,qualified_ref,1,0,none,1051959375,1051975088,15713,3125,9463,88,9,0,random_50,0,1
1,stress_random,20006,1011,1011,r_1011,1,qualified_ref,1,0,none,1052984375,1053000088,15713,3125,9463,88,9,0,random_50,0,1
1,stress_random,20006,1012,1012,r_1012,1,qualified_ref,1,0,none,1054009375,1054025088,15713,3125,9463,88,9,0,random_50,0,1
1,stress_random,20006,1013,1013,r_1013,1,qualified_ref,1,0,none,1055034375,1055050088,15713,3125,9463,88,9,0,random_50,0,1
1,stress_random,20006,1014,1014,r_1014,1,qualified_ref,1,0,none,1056059375,1056075088,15713,3125,9463,88,9,0,random_50,0,1
1,stress_random,20006,1015,1015,r_1015,1,qualified_ref,1,0,none,1057084375,1057100088,15713,3125,9463,88,9,0,random_50,0,1
1,stress_random,20006,1016,1016,r_1016,1,qualified_ref,1,0,none,1058109375,1058125088,15713,3125,9463,88,9,0,random_50,0,1
1,stress_random,20006,1017,1017,r_1017,1,qualified_ref,1,0,none,1059134375,1059150088,15713,3125,9463,88,9,0,random_50,0,1
1,stress_random,20006,1018,1018,r_1018,1,qualified_ref,1,0,none,1060159375,1060175088,15713,3125,9463,88,9,0,random_50,0,1
1,stress_random,20006,1019,1019,r_1019,1,qualified_ref,1,0,none,1061184375,1061200088,15713,3125,9463,88,9,0,random_50,0,1
1,stress_random,20006,1020,1020,r_1020,1,qualified_ref,1,0,none,1062209375,1062225088,15713,3125,9463,88,9,0,random_50,0,1
1,stress_random,20006,1021,1021,r_1021,1,qualified_ref,1,0,none,1063234375,1063250088,15713,3125,9463,88,9,0,random_50,0,1
1,stress_random,20006,1022,1022,r_1022,1,qualified_ref,1,0,none,1064259375,1064275088,15713,3125,9463,88,9,0,random_50,0,1
1,stress_random,20006,1023,1023,r_1023,1,qualified_ref,1,0,none,1065284375,1065300088,15713,3125,9463,88,9,0,random_50,0,1
1,stress_random,20006,1024,1024,r_1024,1,qualified_ref,1,0,none,1066309375,1066325088,15713,3125,9463,88,9,0,random_50,0,1
1,stress_random,20006,1025,1025,r_1025,1,qualified_ref,1,0,none,1067334375,1067350088,15713,3125,9463,88,9,0,random_50,0,1
1,stress_random,20006,1026,1026,r_1026,1,qualified_ref,1,0,none,1068359375,1068375088,15713,3125,9463,88,9,0,random_50,0,1
1,stress_random,20006,1027,1027,r_1027,1,qualified_ref,1,0,none,1069384375,1069400088,15713,3125,9463,88,9,0,random_50,0,1
1,stress_random,20006,1028,1028,r_1028,1,qualified_ref,1,0,none,1070409375,1070425088,15713,3125,9463,88,9,0,random_50,0,1
1,stress_random,20006,1029,1029,r_1029,1,qualified_ref,1,0,none,1071434375,1071450088,15713,3125,9463,88,9,0,random_50,0,1
1,stress_random,20006,1030,1030,r_1030,1,qualified_ref,1,0,none,1072459375,1072475088,15713,3125,9463,88,9,0,random_50,0,1
1,stress_random,20006,1031,1031,r_1031,1,qualified_ref,1,0,none,1073484375,1073500088,15713,3125,9463,88,9,0,random_50,0,1
1,stress_random,20006,1032,1032,r_1032,1,qualified_ref,1,0,none,1074509375,1074525088,15713,3125,9463,88,9,0,random_50,0,1
1,stress_random,20006,1033,1033,r_1033,1,qualified_ref,1,0,none,1075534375,1075550088,15713,3125,9463,88,9,0,random_50,0,1
1,stress_random,20006,1034,1034,r_1034,1,qualified_ref,1,0,none,1076559375,1076575088,15713,3125,9463,88,9,0,random_50,0,1
1,stress_random,20006,1035,1035,r_1035,1,qualified_ref,1,0,none,1077584375,1077600088,15713,3125,9463,88,9,0,random_50,0,1
1,stress_random,20006,1036,1036,r_1036,1,qualified_ref,1,0,none,1078609375,1078625088,15713,3125,9463,88,9,0,random_50,0,1
1,stress_random,20006,1037,1037,r_1037,1,qualified_ref,1,0,none,1079634375,1079650088,15713,3125,9463,88,9,0,random_50,0,1
1,stress_random,20006,1038,1038,r_1038,1,qualified_ref,1,0,none,1080659375,1080675088,15713,3125,9463,88,9,0,random_50,0,1
1,stress_random,20006,1039,1039,r_1039,1,qualified_ref,1,0,none,1081684375,1081700088,15713,3125,9463,88,9,0,random_50,0,1
1,stress_random,20006,1040,1040,r_1040,1,qualified_ref,1,0,none,1082709375,1082725088,15713,3125,9463,88,9,0,random_50,0,1
1,stress_random,20006,1041,1041,r_1041,1,qualified_ref,1,0,none,1083734375,1083750088,15713,3125,9463,88,9,0,random_50,0,1
1,stress_random,20006,1042,1042,r_1042,1,qualified_ref,1,0,none,1084759375,1084775088,15713,3125,9463,88,9,0,random_50,0,1
1,stress_random,20006,1043,1043,r_1043,1,qualified_ref,1,0,none,1085784375,1085800088,15713,3125,9463,88,9,0,random_50,0,1
1,stress_random,20006,1044,1044,r_1044,1,qualified_ref,1,0,none,1086809375,1086825088,15713,3125,9463,88,9,0,random_50,0,1
1,stress_random,20006,1045,1045,r_1045,1,qualified_ref,1,0,none,1087834375,1087850088,15713,3125,9463,88,9,0,random_50,0,1
1,stress_random,20006,1046,1046,r_1046,1,qualified_ref,1,0,none,1088859375,1088875088,15713,3125,9463,88,9,0,random_50,0,1
1,stress_random,20006,1047,1047,r_1047,1,qualified_ref,1,0,none,1089884375,1089900088,15713,3125,9463,88,9,0,random_50,0,1
1,stress_random,20006,1048,1048,r_1048,1,qualified_ref,1,0,none,1090909375,1090925088,15713,3125,9463,88,9,0,random_50,0,1
1,stress_random,20006,1049,1049,r_1049,1,qualified_ref,1,0,none,1091934375,1091950088,15713,3125,9463,88,9,0,random_50,0,1
1,stress_random,20006,1050,1050,r_1050,1,qualified_ref,1,0,none,1092959375,1092975088,15713,3125,9463,88,9,0,random_50,0,1
1,stress_random,20006,1051,1051,r_1051,1,qualified_ref,1,0,none,1093984375,1094000088,15713,3125,9463,88,9,0,random_50,0,1
1,stress_random,20006,1052,1052,r_1052,1,qualified_ref,1,0,none,1095009375,1095025088,15713,3125,9463,88,9,0,random_50,0,1
1,stress_random,20006,1053,1053,r_1053,1,qualified_ref,1,0,none,1096034375,1096050088,15713,3125,9463,88,9,0,random_50,0,1
1,stress_random,20006,1054,1054,r_1054,1,qualified_ref,1,0,none,1097059375,1097075088,15713,3125,9463,88,9,0,random_50,0,1
1,stress_random,20006,1055,1055,r_1055,1,qualified_ref,1,0,none,1098084375,1098100088,15713,3125,9463,88,9,0,random_50,0,1
1,stress_random,20006,1056,1056,r_1056,1,qualified_ref,1,0,none,1099109375,1099125088,15713,3125,9463,88,9,0,random_50,0,1
1,stress_random,20006,1057,1057,r_1057,1,qualified_ref,1,0,none,1100134375,1100150088,15713,3125,9463,88,9,0,random_50,0,1
1,stress_random,20006,1058,1058,r_1058,1,qualified_ref,1,0,none,1101159375,1101175088,15713,3125,9463,88,9,0,random_50,0,1
1,stress_random,20006,1059,1059,r_1059,1,qualified_ref,1,0,none,1102184375,1102200088,15713,3125,9463,88,9,0,random_50,0,1
1,stress_random,20006,1060,1060,r_1060,1,qualified_ref,1,0,none,1103209375,1103225088,15713,3125,9463,88,9,0,random_50,0,1
1,stress_random,20006,1061,1061,r_1061,1,qualified_ref,1,0,none,1104234375,1104250088,15713,3125,9463,88,9,0,random_50,0,1
1,stress_random,20006,1062,1062,r_1062,1,qualified_ref,1,0,none,1105259375,1105275088,15713,3125,9463,88,9,0,random_50,0,1
1,stress_random,20006,1063,1063,r_1063,1,qualified_ref,1,0,none,1106284375,1106300088,15713,3125,9463,88,9,0,random_50,0,1
1,stress_random,20006,1064,1064,r_1064,1,qualified_ref,1,0,none,1107309375,1107325088,15713,3125,9463,88,9,0,random_50,0,1
1,stress_random,20006,1065,1065,r_1065,1,qualified_ref,1,0,none,1108334375,1108350088,15713,3125,9463,88,9,0,random_50,0,1
1,stress_random,20006,1066,1066,r_1066,1,qualified_ref,1,0,none,1109359375,1109375088,15713,3125,9463,88,9,0,random_50,0,1
1,stress_random,20006,1067,1067,r_1067,1,qualified_ref,1,0,none,1110384375,1110400088,15713,3125,9463,88,9,0,random_50,0,1
1,stress_random,20006,1068,1068,r_1068,1,qualified_ref,1,0,none,1111409375,1111425088,15713,3125,9463,88,9,0,random_50,0,1
1,stress_random,20006,1069,1069,r_1069,1,qualified_ref,1,0,none,1112434375,1112450088,15713,3125,9463,88,9,0,random_50,0,1
1,stress_random,20006,1070,1070,r_1070,1,qualified_ref,1,0,none,1113459375,1113475088,15713,3125,9463,88,9,0,random_50,0,1
1,stress_random,20006,1071,1071,r_1071,1,qualified_ref,1,0,none,1114484375,1114500088,15713,3125,9463,88,9,0,random_50,0,1
1,stress_random,20006,1072,1072,r_1072,1,qualified_ref,1,0,none,1115509375,1115525088,15713,3125,9463,88,9,0,random_50,0,1
1,stress_random,20006,1073,1073,r_1073,1,qualified_ref,1,0,none,1116534375,1116550088,15713,3125,9463,88,9,0,random_50,0,1
1,stress_random,20006,1074,1074,r_1074,1,qualified_ref,1,0,none,1117559375,1117575088,15713,3125,9463,88,9,0,random_50,0,1
1,stress_random,20006,1075,1075,r_1075,1,qualified_ref,1,0,none,1118584375,1118600088,15713,3125,9463,88,9,0,random_50,0,1
1,stress_random,20006,1076,1076,r_1076,1,qualified_ref,1,0,none,1119609375,1119625088,15713,3125,9463,88,9,0,random_50,0,1
1,stress_random,20006,1077,1077,r_1077,1,qualified_ref,1,0,none,1120634375,1120650088,15713,3125,9463,88,9,0,random_50,0,1
1,stress_random,20006,1078,1078,r_1078,1,qualified_ref,1,0,none,1121659375,1121675088,15713,3125,9463,88,9,0,random_50,0,1
1,stress_random,20006,1079,1079,r_1079,1,qualified_ref,1,0,none,1122684375,1122700088,15713,3125,9463,88,9,0,random_50,0,1
1,stress_random,20006,1080,1080,r_1080,1,qualified_ref,1,0,none,1123709375,1123725088,15713,3125,9463,88,9,0,random_50,0,1
1,stress_random,20006,1081,1081,r_1081,1,qualified_ref,1,0,none,1124734375,1124750088,15713,3125,9463,88,9,0,random_50,0,1
1,stress_random,20006,1082,1082,r_1082,1,qualified_ref,1,0,none,1125759375,1125775088,15713,3125,9463,88,9,0,random_50,0,1
1,stress_random,20006,1083,1083,r_1083,1,qualified_ref,1,0,none,1126784375,1126800088,15713,3125,9463,88,9,0,random_50,0,1
1,stress_random,20006,1084,1084,r_1084,1,qualified_ref,1,0,none,1127809375,1127825088,15713,3125,9463,88,9,0,random_50,0,1
1,stress_random,20006,1085,1085,r_1085,1,qualified_ref,1,0,none,1128834375,1128850088,15713,3125,9463,88,9,0,random_50,0,1
1,stress_random,20006,1086,1086,r_1086,1,qualified_ref,1,0,none,1129859375,1129875088,15713,3125,9463,88,9,0,random_50,0,1
1,stress_random,20006,1087,1087,r_1087,1,qualified_ref,1,0,none,1130884375,1130900088,15713,3125,9463,88,9,0,random_50,0,1
1,stress_random,20006,1088,1088,r_1088,1,qualified_ref,1,0,none,1131909375,1131925088,15713,3125,9463,88,9,0,random_50,0,1
1,stress_random,20006,1089,1089,r_1089,1,qualified_ref,1,0,none,1132934375,1132950088,15713,3125,9463,88,9,0,random_50,0,1
1,stress_random,20006,1090,1090,r_1090,1,qualified_ref,1,0,none,1133959375,1133975088,15713,3125,9463,88,9,0,random_50,0,1
1,stress_random,20006,1091,1091,r_1091,1,qualified_ref,1,0,none,1134984375,1135000088,15713,3125,9463,88,9,0,random_50,0,1
1,stress_random,20006,1092,1092,r_1092,1,qualified_ref,1,0,none,1136009375,1136025088,15713,3125,9463,88,9,0,random_50,0,1
1,stress_random,20006,1093,1093,r_1093,1,qualified_ref,1,0,none,1137034375,1137050088,15713,3125,9463,88,9,0,random_50,0,1
1,stress_random,20006,1094,1094,r_1094,1,qualified_ref,1,0,none,1138059375,1138075088,15713,3125,9463,88,9,0,random_50,0,1
1,stress_random,20006,1095,1095,r_1095,1,qualified_ref,1,0,none,1139084375,1139100088,15713,3125,9463,88,9,0,random_50,0,1
1,stress_random,20006,1096,1096,r_1096,1,qualified_ref,1,0,none,1140109375,1140125088,15713,3125,9463,88,9,0,random_50,0,1
1,stress_random,20006,1097,1097,r_1097,1,qualified_ref,1,0,none,1141134375,1141150088,15713,3125,9463,88,9,0,random_50,0,1
1,stress_random,20006,1098,1098,r_1098,1,qualified_ref,1,0,none,1142159375,1142175088,15713,3125,9463,88,9,0,random_50,0,1
1,stress_random,20006,1099,1099,r_1099,1,qualified_ref,1,0,none,1143184375,1143200088,15713,3125,9463,88,9,0,random_50,0,1
1,stress_random,20006,1100,1100,r_1100,1,qualified_ref,1,0,none,1144209375,1144225088,15713,3125,9463,88,9,0,random_50,0,1
1,stress_random,20006,1101,1101,r_1101,1,qualified_ref,1,0,none,1145234375,1145250088,15713,3125,9463,88,9,0,random_50,0,1
1,stress_random,20006,1102,1102,r_1102,1,qualified_ref,1,0,none,1146259375,1146275088,15713,3125,9463,88,9,0,random_50,0,1
1,stress_random,20006,1103,1103,r_1103,1,qualified_ref,1,0,none,1147284375,1147300088,15713,3125,9463,88,9,0,random_50,0,1
1,stress_random,20006,1104,1104,r_1104,1,qualified_ref,1,0,none,1148309375,1148325088,15713,3125,9463,88,9,0,random_50,0,1
1,stress_random,20006,1105,1105,r_1105,1,qualified_ref,1,0,none,1149334375,1149350088,15713,3125,9463,88,9,0,random_50,0,1
1,stress_random,20006,1106,1106,r_1106,1,qualified_ref,1,0,none,1150359375,1150375088,15713,3125,9463,88,9,0,random_50,0,1
1,stress_random,20006,1107,1107,r_1107,1,qualified_ref,1,0,none,1151384375,1151400088,15713,3125,9463,88,9,0,random_50,0,1
1,stress_random,20006,1108,1108,r_1108,1,qualified_ref,1,0,none,1152409375,1152425088,15713,3125,9463,88,9,0,random_50,0,1
1,stress_random,20006,1109,1109,r_1109,1,qualified_ref,1,0,none,1153434375,1153450088,15713,3125,9463,88,9,0,random_50,0,1
1,stress_random,20006,1110,1110,r_1110,1,qualified_ref,1,0,none,1154459375,1154475088,15713,3125,9463,88,9,0,random_50,0,1
1,stress_random,20006,1111,1111,r_1111,1,qualified_ref,1,0,none,1155484375,1155500088,15713,3125,9463,88,9,0,random_50,0,1
1,stress_random,20006,1112,1112,r_1112,1,qualified_ref,1,0,none,1156509375,1156525088,15713,3125,9463,88,9,0,random_50,0,1
1,stress_random,20006,1113,1113,r_1113,1,qualified_ref,1,0,none,1157534375,1157550088,15713,3125,9463,88,9,0,random_50,0,1
1,stress_random,20006,1114,1114,r_1114,1,qualified_ref,1,0,none,1158559375,1158575088,15713,3125,9463,88,9,0,random_50,0,1
1,stress_random,20006,1115,1115,r_1115,1,qualified_ref,1,0,none,1159584375,1159600088,15713,3125,9463,88,9,0,random_50,0,1
1,stress_random,20006,1116,1116,r_1116,1,qualified_ref,1,0,none,1160609375,1160625088,15713,3125,9463,88,9,0,random_50,0,1
1,stress_random,20006,1117,1117,r_1117,1,qualified_ref,1,0,none,1161634375,1161650088,15713,3125,9463,88,9,0,random_50,0,1
1,stress_random,20006,1118,1118,r_1118,1,qualified_ref,1,0,none,1162659375,1162675088,15713,3125,9463,88,9,0,random_50,0,1
1,stress_random,20006,1119,1119,r_1119,1,qualified_ref,1,0,none,1163684375,1163700088,15713,3125,9463,88,9,0,random_50,0,1
1,stress_random,20006,1120,1120,r_1120,1,qualified_ref,1,0,none,1164709375,1164725088,15713,3125,9463,88,9,0,random_50,0,1
1,stress_random,20006,1121,1121,r_1121,1,qualified_ref,1,0,none,1165734375,1165750088,15713,3125,9463,88,9,0,random_50,0,1
1,stress_random,20006,1122,1122,r_1122,1,qualified_ref,1,0,none,1166759375,1166775088,15713,3125,9463,88,9,0,random_50,0,1
1,stress_random,20006,1123,1123,r_1123,1,qualified_ref,1,0,none,1167784375,1167800088,15713,3125,9463,88,9,0,random_50,0,1
1,stress_random,20006,1124,1124,r_1124,1,qualified_ref,1,0,none,1168809375,1168825088,15713,3125,9463,88,9,0,random_50,0,1
1,stress_random,20006,1125,1125,r_1125,1,qualified_ref,1,0,none,1169834375,1169850088,15713,3125,9463,88,9,0,random_50,0,1
1,stress_random,20006,1126,1126,r_1126,1,qualified_ref,1,0,none,1170859375,1170875088,15713,3125,9463,88,9,0,random_50,0,1
1,stress_random,20006,1127,1127,r_1127,1,qualified_ref,1,0,none,1171884375,1171900088,15713,3125,9463,88,9,0,random_50,0,1
1,stress_random,20006,1128,1128,r_1128,1,qualified_ref,1,0,none,1172909375,1172925088,15713,3125,9463,88,9,0,random_50,0,1
1,stress_random,20006,1129,1129,r_1129,1,qualified_ref,1,0,none,1173934375,1173950088,15713,3125,9463,88,9,0,random_50,0,1
1,stress_random,20006,1130,1130,r_1130,1,qualified_ref,1,0,none,1174959375,1174975088,15713,3125,9463,88,9,0,random_50,0,1
1,stress_random,20006,1131,1131,r_1131,1,qualified_ref,1,0,none,1175984375,1176000088,15713,3125,9463,88,9,0,random_50,0,1
1,stress_random,20006,1132,1132,r_1132,1,qualified_ref,1,0,none,1177009375,1177025088,15713,3125,9463,88,9,0,random_50,0,1
1,stress_random,20006,1133,1133,r_1133,1,qualified_ref,1,0,none,1178034375,1178050088,15713,3125,9463,88,9,0,random_50,0,1
1,stress_random,20006,1134,1134,r_1134,1,qualified_ref,1,0,none,1179059375,1179075088,15713,3125,9463,88,9,0,random_50,0,1
1,stress_random,20006,1135,1135,r_1135,1,qualified_ref,1,0,none,1180084375,1180100088,15713,3125,9463,88,9,0,random_50,0,1
1,stress_random,20006,1136,1136,r_1136,1,qualified_ref,1,0,none,1181109375,1181125088,15713,3125,9463,88,9,0,random_50,0,1
1,stress_random,20006,1137,1137,r_1137,1,qualified_ref,1,0,none,1182134375,1182150088,15713,3125,9463,88,9,0,random_50,0,1
1,stress_random,20006,1138,1138,r_1138,1,qualified_ref,1,0,none,1183159375,1183175088,15713,3125,9463,88,9,0,random_50,0,1
1,stress_random,20006,1139,1139,r_1139,1,qualified_ref,1,0,none,1184184375,1184200088,15713,3125,9463,88,9,0,random_50,0,1
1,stress_random,20006,1140,1140,r_1140,1,qualified_ref,1,0,none,1185209375,1185225088,15713,3125,9463,88,9,0,random_50,0,1
1,stress_random,20006,1141,1141,r_1141,1,qualified_ref,1,0,none,1186234375,1186250088,15713,3125,9463,88,9,0,random_50,0,1
1,stress_random,20006,1142,1142,r_1142,1,qualified_ref,1,0,none,1187259375,1187275088,15713,3125,9463,88,9,0,random_50,0,1
1,stress_random,20006,1143,1143,r_1143,1,qualified_ref,1,0,none,1188284375,1188300088,15713,3125,9463,88,9,0,random_50,0,1
1,stress_random,20006,1144,1144,r_1144,1,qualified_ref,1,0,none,1189309375,1189325088,15713,3125,9463,88,9,0,random_50,0,1
1,stress_random,20006,1145,1145,r_1145,1,qualified_ref,1,0,none,1190334375,1190350088,15713,3125,9463,88,9,0,random_50,0,1
1,stress_random,20006,1146,1146,r_1146,1,qualified_ref,1,0,none,1191359375,1191375088,15713,3125,9463,88,9,0,random_50,0,1
1,stress_random,20006,1147,1147,r_1147,1,qualified_ref,1,0,none,1192384375,1192400088,15713,3125,9463,88,9,0,random_50,0,1
1,stress_random,20006,1148,1148,r_1148,1,qualified_ref,1,0,none,1193409375,1193425088,15713,3125,9463,88,9,0,random_50,0,1
1,stress_random,20006,1149,1149,r_1149,1,qualified_ref,1,0,none,1194434375,1194450088,15713,3125,9463,88,9,0,random_50,0,1
1,stress_random,20006,1150,1150,r_1150,1,qualified_ref,1,0,none,1195459375,1195475088,15713,3125,9463,88,9,0,random_50,0,1
1,stress_random,20006,1151,1151,r_1151,1,qualified_ref,1,0,none,1196484375,1196500088,15713,3125,9463,88,9,0,random_50,0,1
1,stress_random,20006,1152,1152,r_1152,1,qualified_ref,1,0,none,1197509375,1197525088,15713,3125,9463,88,9,0,random_50,0,1
1,stress_random,20006,1153,1153,r_1153,1,qualified_ref,1,0,none,1198534375,1198550088,15713,3125,9463,88,9,0,random_50,0,1
1,stress_random,20006,1154,1154,r_1154,1,qualified_ref,1,0,none,1199559375,1199575088,15713,3125,9463,88,9,0,random_50,0,1
1,stress_random,20006,1155,1155,r_1155,1,qualified_ref,1,0,none,1200584375,1200600088,15713,3125,9463,88,9,0,random_50,0,1
1,stress_random,20006,1156,1156,r_1156,1,qualified_ref,1,0,none,1201609375,1201625088,15713,3125,9463,88,9,0,random_50,0,1
1,stress_random,20006,1157,1157,r_1157,1,qualified_ref,1,0,none,1202634375,1202650088,15713,3125,9463,88,9,0,random_50,0,1
1,stress_random,20006,1158,1158,r_1158,1,qualified_ref,1,0,none,1203659375,1203675088,15713,3125,9463,88,9,0,random_50,0,1
1,stress_random,20006,1159,1159,r_1159,1,qualified_ref,1,0,none,1204684375,1204700088,15713,3125,9463,88,9,0,random_50,0,1
1,stress_random,20006,1160,1160,r_1160,1,qualified_ref,1,0,none,1205709375,1205725088,15713,3125,9463,88,9,0,random_50,0,1
1,stress_random,20006,1161,1161,r_1161,1,qualified_ref,1,0,none,1206734375,1206750088,15713,3125,9463,88,9,0,random_50,0,1
1,stress_random,20006,1162,1162,r_1162,1,qualified_ref,1,0,none,1207759375,1207775088,15713,3125,9463,88,9,0,random_50,0,1
1,stress_random,20006,1163,1163,r_1163,1,qualified_ref,1,0,none,1208784375,1208800088,15713,3125,9463,88,9,0,random_50,0,1
1,stress_random,20006,1164,1164,r_1164,1,qualified_ref,1,0,none,1209809375,1209825088,15713,3125,9463,88,9,0,random_50,0,1
1,stress_random,20006,1165,1165,r_1165,1,qualified_ref,1,0,none,1210834375,1210850088,15713,3125,9463,88,9,0,random_50,0,1
1,stress_random,20006,1166,1166,r_1166,1,qualified_ref,1,0,none,1211859375,1211875088,15713,3125,9463,88,9,0,random_50,0,1
1,stress_random,20006,1167,1167,r_1167,1,qualified_ref,1,0,none,1212884375,1212900088,15713,3125,9463,88,9,0,random_50,0,1
1,stress_random,20006,1168,1168,r_1168,1,qualified_ref,1,0,none,1213909375,1213925088,15713,3125,9463,88,9,0,random_50,0,1
1,stress_random,20006,1169,1169,r_1169,1,qualified_ref,1,0,none,1214934375,1214950088,15713,3125,9463,88,9,0,random_50,0,1
1,stress_random,20006,1170,1170,r_1170,1,qualified_ref,1,0,none,1215959375,1215975088,15713,3125,9463,88,9,0,random_50,0,1
1,stress_random,20006,1171,1171,r_1171,1,qualified_ref,1,0,none,1216984375,1217000088,15713,3125,9463,88,9,0,random_50,0,1
1,stress_random,20006,1172,1172,r_1172,1,qualified_ref,1,0,none,1218009375,1218025088,15713,3125,9463,88,9,0,random_50,0,1
1,stress_random,20006,1173,1173,r_1173,1,qualified_ref,1,0,none,1219034375,1219050088,15713,3125,9463,88,9,0,random_50,0,1
1,stress_random,20006,1174,1174,r_1174,1,qualified_ref,1,0,none,1220059375,1220075088,15713,3125,9463,88,9,0,random_50,0,1
1,stress_random,20006,1175,1175,r_1175,1,qualified_ref,1,0,none,1221084375,1221100088,15713,3125,9463,88,9,0,random_50,0,1
1,stress_random,20006,1176,1176,r_1176,1,qualified_ref,1,0,none,1222109375,1222125088,15713,3125,9463,88,9,0,random_50,0,1
1,stress_random,20006,1177,1177,r_1177,1,qualified_ref,1,0,none,1223134375,1223150088,15713,3125,9463,88,9,0,random_50,0,1
1,stress_random,20006,1178,1178,r_1178,1,qualified_ref,1,0,none,1224159375,1224175088,15713,3125,9463,88,9,0,random_50,0,1
1,stress_random,20006,1179,1179,r_1179,1,qualified_ref,1,0,none,1225184375,1225200088,15713,3125,9463,88,9,0,random_50,0,1
1,stress_random,20006,1180,1180,r_1180,1,qualified_ref,1,0,none,1226209375,1226225088,15713,3125,9463,88,9,0,random_50,0,1
1,stress_random,20006,1181,1181,r_1181,1,qualified_ref,1,0,none,1227234375,1227250088,15713,3125,9463,88,9,0,random_50,0,1
1,stress_random,20006,1182,1182,r_1182,1,qualified_ref,1,0,none,1228259375,1228275088,15713,3125,9463,88,9,0,random_50,0,1
1,stress_random,20006,1183,1183,r_1183,1,qualified_ref,1,0,none,1229284375,1229300088,15713,3125,9463,88,9,0,random_50,0,1
1,stress_random,20006,1184,1184,r_1184,1,qualified_ref,1,0,none,1230309375,1230325088,15713,3125,9463,88,9,0,random_50,0,1
1,stress_random,20006,1185,1185,r_1185,1,qualified_ref,1,0,none,1231334375,1231350088,15713,3125,9463,88,9,0,random_50,0,1
1,stress_random,20006,1186,1186,r_1186,1,qualified_ref,1,0,none,1232359375,1232375088,15713,3125,9463,88,9,0,random_50,0,1
1,stress_random,20006,1187,1187,r_1187,1,qualified_ref,1,0,none,1233384375,1233400088,15713,3125,9463,88,9,0,random_50,0,1
1,stress_random,20006,1188,1188,r_1188,1,qualified_ref,1,0,none,1234409375,1234425088,15713,3125,9463,88,9,0,random_50,0,1
1,stress_random,20006,1189,1189,r_1189,1,qualified_ref,1,0,none,1235434375,1235450088,15713,3125,9463,88,9,0,random_50,0,1
1,stress_random,20006,1190,1190,r_1190,1,qualified_ref,1,0,none,1236459375,1236475088,15713,3125,9463,88,9,0,random_50,0,1
1,stress_random,20006,1191,1191,r_1191,1,qualified_ref,1,0,none,1237484375,1237500088,15713,3125,9463,88,9,0,random_50,0,1
1,stress_random,20006,1192,1192,r_1192,1,qualified_ref,1,0,none,1238509375,1238525088,15713,3125,9463,88,9,0,random_50,0,1
1,stress_random,20006,1193,1193,r_1193,1,qualified_ref,1,0,none,1239534375,1239550088,15713,3125,9463,88,9,0,random_50,0,1
1,stress_random,20006,1194,1194,r_1194,1,qualified_ref,1,0,none,1240559375,1240575088,15713,3125,9463,88,9,0,random_50,0,1
1,stress_random,20006,1195,1195,r_1195,1,qualified_ref,1,0,none,1241584375,1241600088,15713,3125,9463,88,9,0,random_50,0,1
1,stress_random,20006,1196,1196,r_1196,1,qualified_ref,1,0,none,1242609375,1242625088,15713,3125,9463,88,9,0,random_50,0,1
1,stress_random,20006,1197,1197,r_1197,1,qualified_ref,1,0,none,1243634375,1243650088,15713,3125,9463,88,9,0,random_50,0,1
1,stress_random,20006,1198,1198,r_1198,1,qualified_ref,1,0,none,1244659375,1244675088,15713,3125,9463,88,9,0,random_50,0,1
1,stress_random,20006,1199,1199,r_1199,1,qualified_ref,1,0,none,1245684375,1245700088,15713,3125,9463,88,9,0,random_50,0,1
1,stress_random,20006,1200,1200,r_1200,1,qualified_ref,1,0,none,1246709375,1246725088,15713,3125,9463,88,9,0,random_50,0,1
1,stress_random,20006,1201,1201,r_1201,1,qualified_ref,1,0,none,1247734375,1247750088,15713,3125,9463,88,9,0,random_50,0,1
1,stress_random,20006,1202,1202,r_1202,1,qualified_ref,1,0,none,1248759375,1248775088,15713,3125,9463,88,9,0,random_50,0,1
1,stress_random,20006,1203,1203,r_1203,1,qualified_ref,1,0,none,1249784375,1249800088,15713,3125,9463,88,9,0,random_50,0,1
1,stress_random,20006,1204,1204,r_1204,1,qualified_ref,1,0,none,1250809375,1250825088,15713,3125,9463,88,9,0,random_50,0,1
1,stress_random,20006,1205,1205,r_1205,1,qualified_ref,1,0,none,1251834375,1251850088,15713,3125,9463,88,9,0,random_50,0,1
1,stress_random,20006,1206,1206,r_1206,1,qualified_ref,1,0,none,1252859375,1252875088,15713,3125,9463,88,9,0,random_50,0,1
1,stress_random,20006,1207,1207,r_1207,1,qualified_ref,1,0,none,1253884375,1253900088,15713,3125,9463,88,9,0,random_50,0,1
1,stress_random,20006,1208,1208,r_1208,1,qualified_ref,1,0,none,1254909375,1254925088,15713,3125,9463,88,9,0,random_50,0,1
1,stress_random,20006,1209,1209,r_1209,1,qualified_ref,1,0,none,1255934375,1255950088,15713,3125,9463,88,9,0,random_50,0,1
1,stress_random,20006,1210,1210,r_1210,1,qualified_ref,1,0,none,1256959375,1256975088,15713,3125,9463,88,9,0,random_50,0,1
1,stress_random,20006,1211,1211,r_1211,1,qualified_ref,1,0,none,1257984375,1258000088,15713,3125,9463,88,9,0,random_50,0,1
1,stress_random,20006,1212,1212,r_1212,1,qualified_ref,1,0,none,1259009375,1259025088,15713,3125,9463,88,9,0,random_50,0,1
1,stress_random,20006,1213,1213,r_1213,1,qualified_ref,1,0,none,1260034375,1260050088,15713,3125,9463,88,9,0,random_50,0,1
1,stress_random,20006,1214,1214,r_1214,1,qualified_ref,1,0,none,1261059375,1261075088,15713,3125,9463,88,9,0,random_50,0,1
1,stress_random,20006,1215,1215,r_1215,1,qualified_ref,1,0,none,1262084375,1262100088,15713,3125,9463,88,9,0,random_50,0,1
1,stress_random,20006,1216,1216,r_1216,1,qualified_ref,1,0,none,1263109375,1263125088,15713,3125,9463,88,9,0,random_50,0,1
1,stress_random,20006,1217,1217,r_1217,1,qualified_ref,1,0,none,1264134375,1264150088,15713,3125,9463,88,9,0,random_50,0,1
1,stress_random,20006,1218,1218,r_1218,1,qualified_ref,1,0,none,1265159375,1265175088,15713,3125,9463,88,9,0,random_50,0,1
1,stress_random,20006,1219,1219,r_1219,1,qualified_ref,1,0,none,1266184375,1266200088,15713,3125,9463,88,9,0,random_50,0,1
1,stress_random,20006,1220,1220,r_1220,1,qualified_ref,1,0,none,1267209375,1267225088,15713,3125,9463,88,9,0,random_50,0,1
1,stress_random,20006,1221,1221,r_1221,1,qualified_ref,1,0,none,1268234375,1268250088,15713,3125,9463,88,9,0,random_50,0,1
1,stress_random,20006,1222,1222,r_1222,1,qualified_ref,1,0,none,1269259375,1269275088,15713,3125,9463,88,9,0,random_50,0,1
1,stress_random,20006,1223,1223,r_1223,1,qualified_ref,1,0,none,1270284375,1270300088,15713,3125,9463,88,9,0,random_50,0,1
1,stress_random,20006,1224,1224,r_1224,1,qualified_ref,1,0,none,1271309375,1271325088,15713,3125,9463,88,9,0,random_50,0,1
1,stress_random,20006,1225,1225,r_1225,1,qualified_ref,1,0,none,1272334375,1272350088,15713,3125,9463,88,9,0,random_50,0,1
1,stress_random,20006,1226,1226,r_1226,1,qualified_ref,1,0,none,1273359375,1273375088,15713,3125,9463,88,9,0,random_50,0,1
1,stress_random,20006,1227,1227,r_1227,1,qualified_ref,1,0,none,1274384375,1274400088,15713,3125,9463,88,9,0,random_50,0,1
1,stress_random,20006,1228,1228,r_1228,1,qualified_ref,1,0,none,1275409375,1275425088,15713,3125,9463,88,9,0,random_50,0,1
1,stress_random,20006,1229,1229,r_1229,1,qualified_ref,1,0,none,1276434375,1276450088,15713,3125,9463,88,9,0,random_50,0,1
1,stress_random,20006,1230,1230,r_1230,1,qualified_ref,1,0,none,1277459375,1277475088,15713,3125,9463,88,9,0,random_50,0,1
1,stress_random,20006,1231,1231,r_1231,1,qualified_ref,1,0,none,1278484375,1278500088,15713,3125,9463,88,9,0,random_50,0,1
1,stress_random,20006,1232,1232,r_1232,1,qualified_ref,1,0,none,1279509375,1279525088,15713,3125,9463,88,9,0,random_50,0,1
1,stress_random,20006,1233,1233,r_1233,1,qualified_ref,1,0,none,1280534375,1280550088,15713,3125,9463,88,9,0,random_50,0,1
1,stress_random,20006,1234,1234,r_1234,1,qualified_ref,1,0,none,1281559375,1281575088,15713,3125,9463,88,9,0,random_50,0,1
1,stress_random,20006,1235,1235,r_1235,1,qualified_ref,1,0,none,1282584375,1282600088,15713,3125,9463,88,9,0,random_50,0,1
1,stress_random,20006,1236,1236,r_1236,1,qualified_ref,1,0,none,1283609375,1283625088,15713,3125,9463,88,9,0,random_50,0,1
1,stress_random,20006,1237,1237,r_1237,1,qualified_ref,1,0,none,1284634375,1284650088,15713,3125,9463,88,9,0,random_50,0,1
1,stress_random,20006,1238,1238,r_1238,1,qualified_ref,1,0,none,1285659375,1285675088,15713,3125,9463,88,9,0,random_50,0,1
1,stress_random,20006,1239,1239,r_1239,1,qualified_ref,1,0,none,1286684375,1286700088,15713,3125,9463,88,9,0,random_50,0,1
1,stress_random,20006,1240,1240,r_1240,1,qualified_ref,1,0,none,1287709375,1287725088,15713,3125,9463,88,9,0,random_50,0,1
1,stress_random,20006,1241,1241,r_1241,1,qualified_ref,1,0,none,1288734375,1288750088,15713,3125,9463,88,9,0,random_50,0,1
1,stress_random,20006,1242,1242,r_1242,1,qualified_ref,1,0,none,1289759375,1289775088,15713,3125,9463,88,9,0,random_50,0,1
1,stress_random,20006,1243,1243,r_1243,1,qualified_ref,1,0,none,1290784375,1290800088,15713,3125,9463,88,9,0,random_50,0,1
1,stress_random,20006,1244,1244,r_1244,1,qualified_ref,1,0,none,1291809375,1291825088,15713,3125,9463,88,9,0,random_50,0,1
1,stress_random,20006,1245,1245,r_1245,1,qualified_ref,1,0,none,1292834375,1292850088,15713,3125,9463,88,9,0,random_50,0,1
1,stress_random,20006,1246,1246,r_1246,1,qualified_ref,1,0,none,1293859375,1293875088,15713,3125,9463,88,9,0,random_50,0,1
1,stress_random,20006,1247,1247,r_1247,1,qualified_ref,1,0,none,1294884375,1294900088,15713,3125,9463,88,9,0,random_50,0,1
1,stress_random,20006,1248,1248,r_1248,1,qualified_ref,1,0,none,1295909375,1295925088,15713,3125,9463,88,9,0,random_50,0,1
1,stress_random,20006,1249,1249,r_1249,1,qualified_ref,1,0,none,1296934375,1296950088,15713,3125,9463,88,9,0,random_50,0,1
1,stress_random,20006,1250,1250,r_1250,1,qualified_ref,1,0,none,1302059375,1302075088,15713,3125,9463,88,1,0,random_50,0,1
1,stress_random,20006,1251,1251,r_1251,1,qualified_ref,1,0,none,1303084375,1303100088,15713,3125,9463,88,1,0,random_50,0,1
1,stress_random,20006,1252,1252,r_1252,1,qualified_ref,1,0,none,1304109375,1304125088,15713,3125,9463,88,1,0,random_50,0,1
1,stress_random,20006,1253,1253,r_1253,1,qualified_ref,1,0,none,1305134375,1305150088,15713,3125,9463,88,1,0,random_50,0,1
1,stress_random,20006,1254,1254,r_1254,1,qualified_ref,1,0,none,1306159375,1306175088,15713,3125,9463,88,1,0,random_50,0,1
1,stress_random,20006,1255,1255,r_1255,1,qualified_ref,1,0,none,1307184375,1307200088,15713,3125,9463,88,1,0,random_50,0,1
1,stress_random,20006,1256,1256,r_1256,1,qualified_ref,1,0,none,1308209375,1308225088,15713,3125,9463,88,1,0,random_50,0,1
1,stress_random,20006,1257,1257,r_1257,1,qualified_ref,1,0,none,1309234375,1309250088,15713,3125,9463,88,1,0,random_50,0,1
1,stress_random,20006,1258,1258,r_1258,1,qualified_ref,1,0,none,1310259375,1310275088,15713,3125,9463,88,1,0,random_50,0,1
1,stress_random,20006,1259,1259,r_1259,1,qualified_ref,1,0,none,1311284375,1311300088,15713,3125,9463,88,1,0,random_50,0,1
1,stress_random,20006,1260,1260,r_1260,1,qualified_ref,1,0,none,1312309375,1312325088,15713,3125,9463,88,1,0,random_50,0,1
1,stress_random,20006,1261,1261,r_1261,1,qualified_ref,1,0,none,1313334375,1313350088,15713,3125,9463,88,1,0,random_50,0,1
1,stress_random,20006,1262,1262,r_1262,1,qualified_ref,1,0,none,1314359375,1314375088,15713,3125,9463,88,1,0,random_50,0,1
1,stress_random,20006,1263,1263,r_1263,1,qualified_ref,1,0,none,1315384375,1315400088,15713,3125,9463,88,1,0,random_50,0,1
1,stress_random,20006,1264,1264,r_1264,1,qualified_ref,1,0,none,1316409375,1316425088,15713,3125,9463,88,1,0,random_50,0,1
1,stress_random,20006,1265,1265,r_1265,1,qualified_ref,1,0,none,1317434375,1317450088,15713,3125,9463,88,1,0,random_50,0,1
1,stress_random,20006,1266,1266,r_1266,1,qualified_ref,1,0,none,1318459375,1318475088,15713,3125,9463,88,1,0,random_50,0,1
1,stress_random,20006,1267,1267,r_1267,1,qualified_ref,1,0,none,1319484375,1319500088,15713,3125,9463,88,1,0,random_50,0,1
1,stress_random,20006,1268,1268,r_1268,1,qualified_ref,1,0,none,1320509375,1320525088,15713,3125,9463,88,1,0,random_50,0,1
1,stress_random,20006,1269,1269,r_1269,1,qualified_ref,1,0,none,1321534375,1321550088,15713,3125,9463,88,1,0,random_50,0,1
1,stress_random,20006,1270,1270,r_1270,1,qualified_ref,1,0,none,1322559375,1322575088,15713,3125,9463,88,1,0,random_50,0,1
1,stress_random,20006,1271,1271,r_1271,1,qualified_ref,1,0,none,1323584375,1323600088,15713,3125,9463,88,1,0,random_50,0,1
1,stress_random,20006,1272,1272,r_1272,1,qualified_ref,1,0,none,1324609375,1324625088,15713,3125,9463,88,1,0,random_50,0,1
1,stress_random,20006,1273,1273,r_1273,1,qualified_ref,1,0,none,1325634375,1325650088,15713,3125,9463,88,1,0,random_50,0,1
1,stress_random,20006,1274,1274,r_1274,1,qualified_ref,1,0,none,1326659375,1326675088,15713,3125,9463,88,1,0,random_50,0,1
1,stress_random,20006,1275,1275,r_1275,1,qualified_ref,1,0,none,1327684375,1327700088,15713,3125,9463,88,1,0,random_50,0,1
1,stress_random,20006,1276,1276,r_1276,1,qualified_ref,1,0,none,1328709375,1328725088,15713,3125,9463,88,1,0,random_50,0,1
1,stress_random,20006,1277,1277,r_1277,1,qualified_ref,1,0,none,1329734375,1329750088,15713,3125,9463,88,1,0,random_50,0,1
1,stress_random,20006,1278,1278,r_1278,1,qualified_ref,1,0,none,1330759375,1330775088,15713,3125,9463,88,1,0,random_50,0,1
1,stress_random,20006,1279,1279,r_1279,1,qualified_ref,1,0,none,1331784375,1331800088,15713,3125,9463,88,1,0,random_50,0,1
1,stress_random,20006,1280,1280,r_1280,1,qualified_ref,1,0,none,1332809375,1332825088,15713,3125,9463,88,1,0,random_50,0,1
1,stress_random,20006,1281,1281,r_1281,1,qualified_ref,1,0,none,1333834375,1333850088,15713,3125,9463,88,1,0,random_50,0,1
1,stress_random,20006,1282,1282,r_1282,1,qualified_ref,1,0,none,1334859375,1334875088,15713,3125,9463,88,1,0,random_50,0,1
1,stress_random,20006,1283,1283,r_1283,1,qualified_ref,1,0,none,1335884375,1335900088,15713,3125,9463,88,1,0,random_50,0,1
1,stress_random,20006,1284,1284,r_1284,1,qualified_ref,1,0,none,1336909375,1336925088,15713,3125,9463,88,1,0,random_50,0,1
1,stress_random,20006,1285,1285,r_1285,1,qualified_ref,1,0,none,1337934375,1337950088,15713,3125,9463,88,1,0,random_50,0,1
1,stress_random,20006,1286,1286,r_1286,1,qualified_ref,1,0,none,1338959375,1338975088,15713,3125,9463,88,1,0,random_50,0,1
1,stress_random,20006,1287,1287,r_1287,1,qualified_ref,1,0,none,1339984375,1340000088,15713,3125,9463,88,1,0,random_50,0,1
1,stress_random,20006,1288,1288,r_1288,1,qualified_ref,1,0,none,1341009375,1341025088,15713,3125,9463,88,1,0,random_50,0,1
1,stress_random,20006,1289,1289,r_1289,1,qualified_ref,1,0,none,1342034375,1342050088,15713,3125,9463,88,1,0,random_50,0,1
1,stress_random,20006,1290,1290,r_1290,1,qualified_ref,1,0,none,1343059375,1343075088,15713,3125,9463,88,1,0,random_50,0,1
1,stress_random,20006,1291,1291,r_1291,1,qualified_ref,1,0,none,1344084375,1344100088,15713,3125,9463,88,1,0,random_50,0,1
1,stress_random,20006,1292,1292,r_1292,1,qualified_ref,1,0,none,1345109375,1345125088,15713,3125,9463,88,1,0,random_50,0,1
1,stress_random,20006,1293,1293,r_1293,1,qualified_ref,1,0,none,1346134375,1346150088,15713,3125,9463,88,1,0,random_50,0,1
1,stress_random,20006,1294,1294,r_1294,1,qualified_ref,1,0,none,1347159375,1347175088,15713,3125,9463,88,1,0,random_50,0,1
1,stress_random,20006,1295,1295,r_1295,1,qualified_ref,1,0,none,1348184375,1348200088,15713,3125,9463,88,1,0,random_50,0,1
1,stress_random,20006,1296,1296,r_1296,1,qualified_ref,1,0,none,1349209375,1349225088,15713,3125,9463,88,1,0,random_50,0,1
1,stress_random,20006,1297,1297,r_1297,1,qualified_ref,1,0,none,1350234375,1350250088,15713,3125,9463,88,1,0,random_50,0,1
1,stress_random,20006,1298,1298,r_1298,1,qualified_ref,1,0,none,1351259375,1351275088,15713,3125,9463,88,1,0,random_50,0,1
1,stress_random,20006,1299,1299,r_1299,1,qualified_ref,1,0,none,1352284375,1352300088,15713,3125,9463,88,1,0,random_50,0,1
1,stress_random,20006,1300,1300,r_1300,1,qualified_ref,1,0,none,1353309375,1353325088,15713,3125,9463,88,1,0,random_50,0,1
1,stress_random,20006,1301,1301,r_1301,1,qualified_ref,1,0,none,1354334375,1354350088,15713,3125,9463,88,1,0,random_50,0,1
1,stress_random,20006,1302,1302,r_1302,1,qualified_ref,1,0,none,1355359375,1355375088,15713,3125,9463,88,1,0,random_50,0,1
1,stress_random,20006,1303,1303,r_1303,1,qualified_ref,1,0,none,1356384375,1356400088,15713,3125,9463,88,1,0,random_50,0,1
1,stress_random,20006,1304,1304,r_1304,1,qualified_ref,1,0,none,1357409375,1357425088,15713,3125,9463,88,1,0,random_50,0,1
1,stress_random,20006,1305,1305,r_1305,1,qualified_ref,1,0,none,1358434375,1358450088,15713,3125,9463,88,1,0,random_50,0,1
1,stress_random,20006,1306,1306,r_1306,1,qualified_ref,1,0,none,1359459375,1359475088,15713,3125,9463,88,1,0,random_50,0,1
1,stress_random,20006,1307,1307,r_1307,1,qualified_ref,1,0,none,1360484375,1360500088,15713,3125,9463,88,1,0,random_50,0,1
1,stress_random,20006,1308,1308,r_1308,1,qualified_ref,1,0,none,1361509375,1361525088,15713,3125,9463,88,1,0,random_50,0,1
1,stress_random,20006,1309,1309,r_1309,1,qualified_ref,1,0,none,1362534375,1362550088,15713,3125,9463,88,1,0,random_50,0,1
1,stress_random,20006,1310,1310,r_1310,1,qualified_ref,1,0,none,1363559375,1363575088,15713,3125,9463,88,1,0,random_50,0,1
1,stress_random,20006,1311,1311,r_1311,1,qualified_ref,1,0,none,1364584375,1364600088,15713,3125,9463,88,1,0,random_50,0,1
1,stress_random,20006,1312,1312,r_1312,1,qualified_ref,1,0,none,1365609375,1365625088,15713,3125,9463,88,1,0,random_50,0,1
1,stress_random,20006,1313,1313,r_1313,1,qualified_ref,1,0,none,1366634375,1366650088,15713,3125,9463,88,1,0,random_50,0,1
1,stress_random,20006,1314,1314,r_1314,1,qualified_ref,1,0,none,1367659375,1367675088,15713,3125,9463,88,1,0,random_50,0,1
1,stress_random,20006,1315,1315,r_1315,1,qualified_ref,1,0,none,1368684375,1368700088,15713,3125,9463,88,1,0,random_50,0,1
1,stress_random,20006,1316,1316,r_1316,1,qualified_ref,1,0,none,1369709375,1369725088,15713,3125,9463,88,1,0,random_50,0,1
1,stress_random,20006,1317,1317,r_1317,1,qualified_ref,1,0,none,1370734375,1370750088,15713,3125,9463,88,1,0,random_50,0,1
1,stress_random,20006,1318,1318,r_1318,1,qualified_ref,1,0,none,1371759375,1371775088,15713,3125,9463,88,1,0,random_50,0,1
1,stress_random,20006,1319,1319,r_1319,1,qualified_ref,1,0,none,1372784375,1372800088,15713,3125,9463,88,1,0,random_50,0,1
1,stress_random,20006,1320,1320,r_1320,1,qualified_ref,1,0,none,1373809375,1373825088,15713,3125,9463,88,1,0,random_50,0,1
1,stress_random,20006,1321,1321,r_1321,1,qualified_ref,1,0,none,1374834375,1374850088,15713,3125,9463,88,1,0,random_50,0,1
1,stress_random,20006,1322,1322,r_1322,1,qualified_ref,1,0,none,1375859375,1375875088,15713,3125,9463,88,1,0,random_50,0,1
1,stress_random,20006,1323,1323,r_1323,1,qualified_ref,1,0,none,1376884375,1376900088,15713,3125,9463,88,1,0,random_50,0,1
1,stress_random,20006,1324,1324,r_1324,1,qualified_ref,1,0,none,1377909375,1377925088,15713,3125,9463,88,1,0,random_50,0,1
1,stress_random,20006,1325,1325,r_1325,1,qualified_ref,1,0,none,1378934375,1378950088,15713,3125,9463,88,1,0,random_50,0,1
1,stress_random,20006,1326,1326,r_1326,1,qualified_ref,1,0,none,1379959375,1379975088,15713,3125,9463,88,1,0,random_50,0,1
1,stress_random,20006,1327,1327,r_1327,1,qualified_ref,1,0,none,1380984375,1381000088,15713,3125,9463,88,1,0,random_50,0,1
1,stress_random,20006,1328,1328,r_1328,1,qualified_ref,1,0,none,1382009375,1382025088,15713,3125,9463,88,1,0,random_50,0,1
1,stress_random,20006,1329,1329,r_1329,1,qualified_ref,1,0,none,1383034375,1383050088,15713,3125,9463,88,1,0,random_50,0,1
1,stress_random,20006,1330,1330,r_1330,1,qualified_ref,1,0,none,1384059375,1384075088,15713,3125,9463,88,1,0,random_50,0,1
1,stress_random,20006,1331,1331,r_1331,1,qualified_ref,1,0,none,1385084375,1385100088,15713,3125,9463,88,1,0,random_50,0,1
1,stress_random,20006,1332,1332,r_1332,1,qualified_ref,1,0,none,1386109375,1386125088,15713,3125,9463,88,1,0,random_50,0,1
1,stress_random,20006,1333,1333,r_1333,1,qualified_ref,1,0,none,1387134375,1387150088,15713,3125,9463,88,1,0,random_50,0,1
1,stress_random,20006,1334,1334,r_1334,1,qualified_ref,1,0,none,1388159375,1388175088,15713,3125,9463,88,1,0,random_50,0,1
1,stress_random,20006,1335,1335,r_1335,1,qualified_ref,1,0,none,1389184375,1389200088,15713,3125,9463,88,1,0,random_50,0,1
1,stress_random,20006,1336,1336,r_1336,1,qualified_ref,1,0,none,1390209375,1390225088,15713,3125,9463,88,1,0,random_50,0,1
1,stress_random,20006,1337,1337,r_1337,1,qualified_ref,1,0,none,1391234375,1391250088,15713,3125,9463,88,1,0,random_50,0,1
1,stress_random,20006,1338,1338,r_1338,1,qualified_ref,1,0,none,1392259375,1392275088,15713,3125,9463,88,1,0,random_50,0,1
1,stress_random,20006,1339,1339,r_1339,1,qualified_ref,1,0,none,1393284375,1393300088,15713,3125,9463,88,1,0,random_50,0,1
1,stress_random,20006,1340,1340,r_1340,1,qualified_ref,1,0,none,1394309375,1394325088,15713,3125,9463,88,1,0,random_50,0,1
1,stress_random,20006,1341,1341,r_1341,1,qualified_ref,1,0,none,1395334375,1395350088,15713,3125,9463,88,1,0,random_50,0,1
1,stress_random,20006,1342,1342,r_1342,1,qualified_ref,1,0,none,1396359375,1396375088,15713,3125,9463,88,1,0,random_50,0,1
1,stress_random,20006,1343,1343,r_1343,1,qualified_ref,1,0,none,1397384375,1397400088,15713,3125,9463,88,1,0,random_50,0,1
1,stress_random,20006,1344,1344,r_1344,1,qualified_ref,1,0,none,1398409375,1398425088,15713,3125,9463,88,1,0,random_50,0,1
1,stress_random,20006,1345,1345,r_1345,1,qualified_ref,1,0,none,1399434375,1399450088,15713,3125,9463,88,1,0,random_50,0,1
1,stress_random,20006,1346,1346,r_1346,1,qualified_ref,1,0,none,1400459375,1400475088,15713,3125,9463,88,1,0,random_50,0,1
1,stress_random,20006,1347,1347,r_1347,1,qualified_ref,1,0,none,1401484375,1401500088,15713,3125,9463,88,1,0,random_50,0,1
1,stress_random,20006,1348,1348,r_1348,1,qualified_ref,1,0,none,1402509375,1402525088,15713,3125,9463,88,1,0,random_50,0,1
1,stress_random,20006,1349,1349,r_1349,1,qualified_ref,1,0,none,1403534375,1403550088,15713,3125,9463,88,1,0,random_50,0,1
1,stress_random,20006,1350,1350,r_1350,1,qualified_ref,1,0,none,1404559375,1404575088,15713,3125,9463,88,1,0,random_50,0,1
1,stress_random,20006,1351,1351,r_1351,1,qualified_ref,1,0,none,1405584375,1405600088,15713,3125,9463,88,1,0,random_50,0,1
1,stress_random,20006,1352,1352,r_1352,1,qualified_ref,1,0,none,1406609375,1406625088,15713,3125,9463,88,1,0,random_50,0,1
1,stress_random,20006,1353,1353,r_1353,1,qualified_ref,1,0,none,1407634375,1407650088,15713,3125,9463,88,1,0,random_50,0,1
1,stress_random,20006,1354,1354,r_1354,1,qualified_ref,1,0,none,1408659375,1408675088,15713,3125,9463,88,1,0,random_50,0,1
1,stress_random,20006,1355,1355,r_1355,1,qualified_ref,1,0,none,1409684375,1409700088,15713,3125,9463,88,1,0,random_50,0,1
1,stress_random,20006,1356,1356,r_1356,1,qualified_ref,1,0,none,1410709375,1410725088,15713,3125,9463,88,1,0,random_50,0,1
1,stress_random,20006,1357,1357,r_1357,1,qualified_ref,1,0,none,1411734375,1411750088,15713,3125,9463,88,1,0,random_50,0,1
1,stress_random,20006,1358,1358,r_1358,1,qualified_ref,1,0,none,1412759375,1412775088,15713,3125,9463,88,1,0,random_50,0,1
1,stress_random,20006,1359,1359,r_1359,1,qualified_ref,1,0,none,1413784375,1413800088,15713,3125,9463,88,1,0,random_50,0,1
1,stress_random,20006,1360,1360,r_1360,1,qualified_ref,1,0,none,1414809375,1414825088,15713,3125,9463,88,1,0,random_50,0,1
1,stress_random,20006,1361,1361,r_1361,1,qualified_ref,1,0,none,1415834375,1415850088,15713,3125,9463,88,1,0,random_50,0,1
1,stress_random,20006,1362,1362,r_1362,1,qualified_ref,1,0,none,1416859375,1416875088,15713,3125,9463,88,1,0,random_50,0,1
1,stress_random,20006,1363,1363,r_1363,1,qualified_ref,1,0,none,1417884375,1417900088,15713,3125,9463,88,1,0,random_50,0,1
1,stress_random,20006,1364,1364,r_1364,1,qualified_ref,1,0,none,1418909375,1418925088,15713,3125,9463,88,1,0,random_50,0,1
1,stress_random,20006,1365,1365,r_1365,1,qualified_ref,1,0,none,1419934375,1419950088,15713,3125,9463,88,1,0,random_50,0,1
1,stress_random,20006,1366,1366,r_1366,1,qualified_ref,1,0,none,1420959375,1420975088,15713,3125,9463,88,1,0,random_50,0,1
1,stress_random,20006,1367,1367,r_1367,1,qualified_ref,1,0,none,1421984375,1422000088,15713,3125,9463,88,1,0,random_50,0,1
1,stress_random,20006,1368,1368,r_1368,1,qualified_ref,1,0,none,1423009375,1423025088,15713,3125,9463,88,1,0,random_50,0,1
1,stress_random,20006,1369,1369,r_1369,1,qualified_ref,1,0,none,1424034375,1424050088,15713,3125,9463,88,1,0,random_50,0,1
1,stress_random,20006,1370,1370,r_1370,1,qualified_ref,1,0,none,1425059375,1425075088,15713,3125,9463,88,1,0,random_50,0,1
1,stress_random,20006,1371,1371,r_1371,1,qualified_ref,1,0,none,1426084375,1426100088,15713,3125,9463,88,1,0,random_50,0,1
1,stress_random,20006,1372,1372,r_1372,1,qualified_ref,1,0,none,1427109375,1427125088,15713,3125,9463,88,1,0,random_50,0,1
1,stress_random,20006,1373,1373,r_1373,1,qualified_ref,1,0,none,1428134375,1428150088,15713,3125,9463,88,1,0,random_50,0,1
1,stress_random,20006,1374,1374,r_1374,1,qualified_ref,1,0,none,1429159375,1429175088,15713,3125,9463,88,1,0,random_50,0,1
1,stress_random,20006,1375,1375,r_1375,1,qualified_ref,1,0,none,1430184375,1430200088,15713,3125,9463,88,1,0,random_50,0,1
1,stress_random,20006,1376,1376,r_1376,1,qualified_ref,1,0,none,1431209375,1431225088,15713,3125,9463,88,1,0,random_50,0,1
1,stress_random,20006,1377,1377,r_1377,1,qualified_ref,1,0,none,1432234375,1432250088,15713,3125,9463,88,1,0,random_50,0,1
1,stress_random,20006,1378,1378,r_1378,1,qualified_ref,1,0,none,1433259375,1433275088,15713,3125,9463,88,1,0,random_50,0,1
1,stress_random,20006,1379,1379,r_1379,1,qualified_ref,1,0,none,1434284375,1434300088,15713,3125,9463,88,1,0,random_50,0,1
1,stress_random,20006,1380,1380,r_1380,1,qualified_ref,1,0,none,1435309375,1435325088,15713,3125,9463,88,1,0,random_50,0,1
1,stress_random,20006,1381,1381,r_1381,1,qualified_ref,1,0,none,1436334375,1436350088,15713,3125,9463,88,1,0,random_50,0,1
1,stress_random,20006,1382,1382,r_1382,1,qualified_ref,1,0,none,1437359375,1437375088,15713,3125,9463,88,1,0,random_50,0,1
1,stress_random,20006,1383,1383,r_1383,1,qualified_ref,1,0,none,1438384375,1438400088,15713,3125,9463,88,1,0,random_50,0,1
1,stress_random,20006,1384,1384,r_1384,1,qualified_ref,1,0,none,1439409375,1439425088,15713,3125,9463,88,1,0,random_50,0,1
1,stress_random,20006,1385,1385,r_1385,1,qualified_ref,1,0,none,1440434375,1440450088,15713,3125,9463,88,1,0,random_50,0,1
1,stress_random,20006,1386,1386,r_1386,1,qualified_ref,1,0,none,1441459375,1441475088,15713,3125,9463,88,1,0,random_50,0,1
1,stress_random,20006,1387,1387,r_1387,1,qualified_ref,1,0,none,1442484375,1442500088,15713,3125,9463,88,1,0,random_50,0,1
1,stress_random,20006,1388,1388,r_1388,1,qualified_ref,1,0,none,1443509375,1443525088,15713,3125,9463,88,1,0,random_50,0,1
1,stress_random,20006,1389,1389,r_1389,1,qualified_ref,1,0,none,1444534375,1444550088,15713,3125,9463,88,1,0,random_50,0,1
1,stress_random,20006,1390,1390,r_1390,1,qualified_ref,1,0,none,1445559375,1445575088,15713,3125,9463,88,1,0,random_50,0,1
1,stress_random,20006,1391,1391,r_1391,1,qualified_ref,1,0,none,1446584375,1446600088,15713,3125,9463,88,1,0,random_50,0,1
1,stress_random,20006,1392,1392,r_1392,1,qualified_ref,1,0,none,1447609375,1447625088,15713,3125,9463,88,1,0,random_50,0,1
1,stress_random,20006,1393,1393,r_1393,1,qualified_ref,1,0,none,1448634375,1448650088,15713,3125,9463,88,1,0,random_50,0,1
1,stress_random,20006,1394,1394,r_1394,1,qualified_ref,1,0,none,1449659375,1449675088,15713,3125,9463,88,1,0,random_50,0,1
1,stress_random,20006,1395,1395,r_1395,1,qualified_ref,1,0,none,1450684375,1450700088,15713,3125,9463,88,1,0,random_50,0,1
1,stress_random,20006,1396,1396,r_1396,1,qualified_ref,1,0,none,1451709375,1451725088,15713,3125,9463,88,1,0,random_50,0,1
1,stress_random,20006,1397,1397,r_1397,1,qualified_ref,1,0,none,1452734375,1452750088,15713,3125,9463,88,1,0,random_50,0,1
1,stress_random,20006,1398,1398,r_1398,1,qualified_ref,1,0,none,1453759375,1453775088,15713,3125,9463,88,1,0,random_50,0,1
1,stress_random,20006,1399,1399,r_1399,1,qualified_ref,1,0,none,1454784375,1454800088,15713,3125,9463,88,1,0,random_50,0,1
1,stress_random,20006,1400,1400,r_1400,1,qualified_ref,1,0,none,1455809375,1455825088,15713,3125,9463,88,1,0,random_50,0,1
1,stress_random,20006,1401,1401,r_1401,1,qualified_ref,1,0,none,1456834375,1456850088,15713,3125,9463,88,1,0,random_50,0,1
1,stress_random,20006,1402,1402,r_1402,1,qualified_ref,1,0,none,1457859375,1457875088,15713,3125,9463,88,1,0,random_50,0,1
1,stress_random,20006,1403,1403,r_1403,1,qualified_ref,1,0,none,1458884375,1458900088,15713,3125,9463,88,1,0,random_50,0,1
1,stress_random,20006,1404,1404,r_1404,1,qualified_ref,1,0,none,1459909375,1459925088,15713,3125,9463,88,1,0,random_50,0,1
1,stress_random,20006,1405,1405,r_1405,1,qualified_ref,1,0,none,1460934375,1460950088,15713,3125,9463,88,1,0,random_50,0,1
1,stress_random,20006,1406,1406,r_1406,1,qualified_ref,1,0,none,1461959375,1461975088,15713,3125,9463,88,1,0,random_50,0,1
1,stress_random,20006,1407,1407,r_1407,1,qualified_ref,1,0,none,1462984375,1463000088,15713,3125,9463,88,1,0,random_50,0,1
1,stress_random,20006,1408,1408,r_1408,1,qualified_ref,1,0,none,1464009375,1464025088,15713,3125,9463,88,1,0,random_50,0,1
1,stress_random,20006,1409,1409,r_1409,1,qualified_ref,1,0,none,1465034375,1465050088,15713,3125,9463,88,1,0,random_50,0,1
1,stress_random,20006,1410,1410,r_1410,1,qualified_ref,1,0,none,1466059375,1466075088,15713,3125,9463,88,1,0,random_50,0,1
1,stress_random,20006,1411,1411,r_1411,1,qualified_ref,1,0,none,1467084375,1467100088,15713,3125,9463,88,1,0,random_50,0,1
1,stress_random,20006,1412,1412,r_1412,1,qualified_ref,1,0,none,1468109375,1468125088,15713,3125,9463,88,1,0,random_50,0,1
1,stress_random,20006,1413,1413,r_1413,1,qualified_ref,1,0,none,1469134375,1469150088,15713,3125,9463,88,1,0,random_50,0,1
1,stress_random,20006,1414,1414,r_1414,1,qualified_ref,1,0,none,1470159375,1470175088,15713,3125,9463,88,1,0,random_50,0,1
1,stress_random,20006,1415,1415,r_1415,1,qualified_ref,1,0,none,1471184375,1471200088,15713,3125,9463,88,1,0,random_50,0,1
1,stress_random,20006,1416,1416,r_1416,1,qualified_ref,1,0,none,1472209375,1472225088,15713,3125,9463,88,1,0,random_50,0,1
1,stress_random,20006,1417,1417,r_1417,1,qualified_ref,1,0,none,1473234375,1473250088,15713,3125,9463,88,1,0,random_50,0,1
1,stress_random,20006,1418,1418,r_1418,1,qualified_ref,1,0,none,1474259375,1474275088,15713,3125,9463,88,1,0,random_50,0,1
1,stress_random,20006,1419,1419,r_1419,1,qualified_ref,1,0,none,1475284375,1475300088,15713,3125,9463,88,1,0,random_50,0,1
1,stress_random,20006,1420,1420,r_1420,1,qualified_ref,1,0,none,1476309375,1476325088,15713,3125,9463,88,1,0,random_50,0,1
1,stress_random,20006,1421,1421,r_1421,1,qualified_ref,1,0,none,1477334375,1477350088,15713,3125,9463,88,1,0,random_50,0,1
1,stress_random,20006,1422,1422,r_1422,1,qualified_ref,1,0,none,1478359375,1478375088,15713,3125,9463,88,1,0,random_50,0,1
1,stress_random,20006,1423,1423,r_1423,1,qualified_ref,1,0,none,1479384375,1479400088,15713,3125,9463,88,1,0,random_50,0,1
1,stress_random,20006,1424,1424,r_1424,1,qualified_ref,1,0,none,1480409375,1480425088,15713,3125,9463,88,1,0,random_50,0,1
1,stress_random,20006,1425,1425,r_1425,1,qualified_ref,1,0,none,1481434375,1481450088,15713,3125,9463,88,1,0,random_50,0,1
1,stress_random,20006,1426,1426,r_1426,1,qualified_ref,1,0,none,1482459375,1482475088,15713,3125,9463,88,1,0,random_50,0,1
1,stress_random,20006,1427,1427,r_1427,1,qualified_ref,1,0,none,1483484375,1483500088,15713,3125,9463,88,1,0,random_50,0,1
1,stress_random,20006,1428,1428,r_1428,1,qualified_ref,1,0,none,1484509375,1484525088,15713,3125,9463,88,1,0,random_50,0,1
1,stress_random,20006,1429,1429,r_1429,1,qualified_ref,1,0,none,1485534375,1485550088,15713,3125,9463,88,1,0,random_50,0,1
1,stress_random,20006,1430,1430,r_1430,1,qualified_ref,1,0,none,1486559375,1486575088,15713,3125,9463,88,1,0,random_50,0,1
1,stress_random,20006,1431,1431,r_1431,1,qualified_ref,1,0,none,1487584375,1487600088,15713,3125,9463,88,1,0,random_50,0,1
1,stress_random,20006,1432,1432,r_1432,1,qualified_ref,1,0,none,1488609375,1488625088,15713,3125,9463,88,1,0,random_50,0,1
1,stress_random,20006,1433,1433,r_1433,1,qualified_ref,1,0,none,1489634375,1489650088,15713,3125,9463,88,1,0,random_50,0,1
1,stress_random,20006,1434,1434,r_1434,1,qualified_ref,1,0,none,1490659375,1490675088,15713,3125,9463,88,1,0,random_50,0,1
1,stress_random,20006,1435,1435,r_1435,1,qualified_ref,1,0,none,1491684375,1491700088,15713,3125,9463,88,1,0,random_50,0,1
1,stress_random,20006,1436,1436,r_1436,1,qualified_ref,1,0,none,1492709375,1492725088,15713,3125,9463,88,1,0,random_50,0,1
1,stress_random,20006,1437,1437,r_1437,1,qualified_ref,1,0,none,1493734375,1493750088,15713,3125,9463,88,1,0,random_50,0,1
1,stress_random,20006,1438,1438,r_1438,1,qualified_ref,1,0,none,1494759375,1494775088,15713,3125,9463,88,1,0,random_50,0,1
1,stress_random,20006,1439,1439,r_1439,1,qualified_ref,1,0,none,1495784375,1495800088,15713,3125,9463,88,1,0,random_50,0,1
1,stress_random,20006,1440,1440,r_1440,1,qualified_ref,1,0,none,1496809375,1496825088,15713,3125,9463,88,1,0,random_50,0,1
1,stress_random,20006,1441,1441,r_1441,1,qualified_ref,1,0,none,1497834375,1497850088,15713,3125,9463,88,1,0,random_50,0,1
1,stress_random,20006,1442,1442,r_1442,1,qualified_ref,1,0,none,1498859375,1498875088,15713,3125,9463,88,1,0,random_50,0,1
1,stress_random,20006,1443,1443,r_1443,1,qualified_ref,1,0,none,1499884375,1499900088,15713,3125,9463,88,1,0,random_50,0,1
1,stress_random,20006,1444,1444,r_1444,1,qualified_ref,1,0,none,1500909375,1500925088,15713,3125,9463,88,1,0,random_50,0,1
1,stress_random,20006,1445,1445,r_1445,1,qualified_ref,1,0,none,1501934375,1501950088,15713,3125,9463,88,1,0,random_50,0,1
1,stress_random,20006,1446,1446,r_1446,1,qualified_ref,1,0,none,1502959375,1502975088,15713,3125,9463,88,1,0,random_50,0,1
1,stress_random,20006,1447,1447,r_1447,1,qualified_ref,1,0,none,1503984375,1504000088,15713,3125,9463,88,1,0,random_50,0,1
1,stress_random,20006,1448,1448,r_1448,1,qualified_ref,1,0,none,1505009375,1505025088,15713,3125,9463,88,1,0,random_50,0,1
1,stress_random,20006,1449,1449,r_1449,1,qualified_ref,1,0,none,1506034375,1506050088,15713,3125,9463,88,1,0,random_50,0,1
1,stress_random,20006,1450,1450,r_1450,1,qualified_ref,1,0,none,1507059375,1507075088,15713,3125,9463,88,1,0,random_50,0,1
1,stress_random,20006,1451,1451,r_1451,1,qualified_ref,1,0,none,1508084375,1508100088,15713,3125,9463,88,1,0,random_50,0,1
1,stress_random,20006,1452,1452,r_1452,1,qualified_ref,1,0,none,1509109375,1509125088,15713,3125,9463,88,1,0,random_50,0,1
1,stress_random,20006,1453,1453,r_1453,1,qualified_ref,1,0,none,1510134375,1510150088,15713,3125,9463,88,1,0,random_50,0,1
1,stress_random,20006,1454,1454,r_1454,1,qualified_ref,1,0,none,1511159375,1511175088,15713,3125,9463,88,1,0,random_50,0,1
1,stress_random,20006,1455,1455,r_1455,1,qualified_ref,1,0,none,1512184375,1512200088,15713,3125,9463,88,1,0,random_50,0,1
1,stress_random,20006,1456,1456,r_1456,1,qualified_ref,1,0,none,1513209375,1513225088,15713,3125,9463,88,1,0,random_50,0,1
1,stress_random,20006,1457,1457,r_1457,1,qualified_ref,1,0,none,1514234375,1514250088,15713,3125,9463,88,1,0,random_50,0,1
1,stress_random,20006,1458,1458,r_1458,1,qualified_ref,1,0,none,1515259375,1515275088,15713,3125,9463,88,1,0,random_50,0,1
1,stress_random,20006,1459,1459,r_1459,1,qualified_ref,1,0,none,1516284375,1516300088,15713,3125,9463,88,1,0,random_50,0,1
1,stress_random,20006,1460,1460,r_1460,1,qualified_ref,1,0,none,1517309375,1517325088,15713,3125,9463,88,1,0,random_50,0,1
1,stress_random,20006,1461,1461,r_1461,1,qualified_ref,1,0,none,1518334375,1518350088,15713,3125,9463,88,1,0,random_50,0,1
1,stress_random,20006,1462,1462,r_1462,1,qualified_ref,1,0,none,1519359375,1519375088,15713,3125,9463,88,1,0,random_50,0,1
1,stress_random,20006,1463,1463,r_1463,1,qualified_ref,1,0,none,1520384375,1520400088,15713,3125,9463,88,1,0,random_50,0,1
1,stress_random,20006,1464,1464,r_1464,1,qualified_ref,1,0,none,1521409375,1521425088,15713,3125,9463,88,1,0,random_50,0,1
1,stress_random,20006,1465,1465,r_1465,1,qualified_ref,1,0,none,1522434375,1522450088,15713,3125,9463,88,1,0,random_50,0,1
1,stress_random,20006,1466,1466,r_1466,1,qualified_ref,1,0,none,1523459375,1523475088,15713,3125,9463,88,1,0,random_50,0,1
1,stress_random,20006,1467,1467,r_1467,1,qualified_ref,1,0,none,1524484375,1524500088,15713,3125,9463,88,1,0,random_50,0,1
1,stress_random,20006,1468,1468,r_1468,1,qualified_ref,1,0,none,1525509375,1525525088,15713,3125,9463,88,1,0,random_50,0,1
1,stress_random,20006,1469,1469,r_1469,1,qualified_ref,1,0,none,1526534375,1526550088,15713,3125,9463,88,1,0,random_50,0,1
1,stress_random,20006,1470,1470,r_1470,1,qualified_ref,1,0,none,1527559375,1527575088,15713,3125,9463,88,1,0,random_50,0,1
1,stress_random,20006,1471,1471,r_1471,1,qualified_ref,1,0,none,1528584375,1528600088,15713,3125,9463,88,1,0,random_50,0,1
1,stress_random,20006,1472,1472,r_1472,1,qualified_ref,1,0,none,1529609375,1529625088,15713,3125,9463,88,1,0,random_50,0,1
1,stress_random,20006,1473,1473,r_1473,1,qualified_ref,1,0,none,1530634375,1530650088,15713,3125,9463,88,1,0,random_50,0,1
1,stress_random,20006,1474,1474,r_1474,1,qualified_ref,1,0,none,1531659375,1531675088,15713,3125,9463,88,1,0,random_50,0,1
1,stress_random,20006,1475,1475,r_1475,1,qualified_ref,1,0,none,1532684375,1532700088,15713,3125,9463,88,1,0,random_50,0,1
1,stress_random,20006,1476,1476,r_1476,1,qualified_ref,1,0,none,1533709375,1533725088,15713,3125,9463,88,1,0,random_50,0,1
1,stress_random,20006,1477,1477,r_1477,1,qualified_ref,1,0,none,1534734375,1534750088,15713,3125,9463,88,1,0,random_50,0,1
1,stress_random,20006,1478,1478,r_1478,1,qualified_ref,1,0,none,1535759375,1535775088,15713,3125,9463,88,1,0,random_50,0,1
1,stress_random,20006,1479,1479,r_1479,1,qualified_ref,1,0,none,1536784375,1536800088,15713,3125,9463,88,1,0,random_50,0,1
1,stress_random,20006,1480,1480,r_1480,1,qualified_ref,1,0,none,1537809375,1537825088,15713,3125,9463,88,1,0,random_50,0,1
1,stress_random,20006,1481,1481,r_1481,1,qualified_ref,1,0,none,1538834375,1538850088,15713,3125,9463,88,1,0,random_50,0,1
1,stress_random,20006,1482,1482,r_1482,1,qualified_ref,1,0,none,1539859375,1539875088,15713,3125,9463,88,1,0,random_50,0,1
1,stress_random,20006,1483,1483,r_1483,1,qualified_ref,1,0,none,1540884375,1540900088,15713,3125,9463,88,1,0,random_50,0,1
1,stress_random,20006,1484,1484,r_1484,1,qualified_ref,1,0,none,1541909375,1541925088,15713,3125,9463,88,1,0,random_50,0,1
1,stress_random,20006,1485,1485,r_1485,1,qualified_ref,1,0,none,1542934375,1542950088,15713,3125,9463,88,1,0,random_50,0,1
1,stress_random,20006,1486,1486,r_1486,1,qualified_ref,1,0,none,1543959375,1543975088,15713,3125,9463,88,1,0,random_50,0,1
1,stress_random,20006,1487,1487,r_1487,1,qualified_ref,1,0,none,1544984375,1545000088,15713,3125,9463,88,1,0,random_50,0,1
1,stress_random,20006,1488,1488,r_1488,1,qualified_ref,1,0,none,1546009375,1546025088,15713,3125,9463,88,1,0,random_50,0,1
1,stress_random,20006,1489,1489,r_1489,1,qualified_ref,1,0,none,1547034375,1547050088,15713,3125,9463,88,1,0,random_50,0,1
1,stress_random,20006,1490,1490,r_1490,1,qualified_ref,1,0,none,1548059375,1548075088,15713,3125,9463,88,1,0,random_50,0,1
1,stress_random,20006,1491,1491,r_1491,1,qualified_ref,1,0,none,1549084375,1549100088,15713,3125,9463,88,1,0,random_50,0,1
1,stress_random,20006,1492,1492,r_1492,1,qualified_ref,1,0,none,1550109375,1550125088,15713,3125,9463,88,1,0,random_50,0,1
1,stress_random,20006,1493,1493,r_1493,1,qualified_ref,1,0,none,1551134375,1551150088,15713,3125,9463,88,1,0,random_50,0,1
1,stress_random,20006,1494,1494,r_1494,1,qualified_ref,1,0,none,1552159375,1552175088,15713,3125,9463,88,1,0,random_50,0,1
1,stress_random,20006,1495,1495,r_1495,1,qualified_ref,1,0,none,1553184375,1553200088,15713,3125,9463,88,1,0,random_50,0,1
1,stress_random,20006,1496,1496,r_1496,1,qualified_ref,1,0,none,1554209375,1554225088,15713,3125,9463,88,1,0,random_50,0,1
1,stress_random,20006,1497,1497,r_1497,1,qualified_ref,1,0,none,1555234375,1555250088,15713,3125,9463,88,1,0,random_50,0,1
1,stress_random,20006,1498,1498,r_1498,1,qualified_ref,1,0,none,1556259375,1556275088,15713,3125,9463,88,1,0,random_50,0,1
1,stress_random,20006,1499,1499,r_1499,1,qualified_ref,1,0,none,1557284375,1557300088,15713,3125,9463,88,1,0,random_50,0,1
1,stress_random,20006,1500,1500,r_1500,0,qualified_ref,1,0,none,1562409375,1562425088,15713,3125,9463,88,3,0,always_ready,0,1
1,stress_random,20006,1501,1501,r_1501,0,qualified_ref,1,0,none,1563434375,1563450088,15713,3125,9463,88,3,0,always_ready,0,1
1,stress_random,20006,1502,1502,r_1502,0,qualified_ref,1,0,none,1564459375,1564475088,15713,3125,9463,88,3,0,always_ready,0,1
1,stress_random,20006,1503,1503,r_1503,0,qualified_ref,1,0,none,1565484375,1565500088,15713,3125,9463,88,3,0,always_ready,0,1
1,stress_random,20006,1504,1504,r_1504,0,qualified_ref,1,0,none,1566509375,1566525088,15713,3125,9463,88,3,0,always_ready,0,1
1,stress_random,20006,1505,1505,r_1505,0,qualified_ref,1,0,none,1567534375,1567550088,15713,3125,9463,88,3,0,always_ready,0,1
1,stress_random,20006,1506,1506,r_1506,0,qualified_ref,1,0,none,1568559375,1568575088,15713,3125,9463,88,3,0,always_ready,0,1
1,stress_random,20006,1507,1507,r_1507,0,qualified_ref,1,0,none,1569584375,1569600088,15713,3125,9463,88,3,0,always_ready,0,1
1,stress_random,20006,1508,1508,r_1508,0,qualified_ref,1,0,none,1570609375,1570625088,15713,3125,9463,88,3,0,always_ready,0,1
1,stress_random,20006,1509,1509,r_1509,0,qualified_ref,1,0,none,1571634375,1571650088,15713,3125,9463,88,3,0,always_ready,0,1
1,stress_random,20006,1510,1510,r_1510,0,qualified_ref,1,0,none,1572659375,1572675088,15713,3125,9463,88,3,0,always_ready,0,1
1,stress_random,20006,1511,1511,r_1511,0,qualified_ref,1,0,none,1573684375,1573700088,15713,3125,9463,88,3,0,always_ready,0,1
1,stress_random,20006,1512,1512,r_1512,0,qualified_ref,1,0,none,1574709375,1574725088,15713,3125,9463,88,3,0,always_ready,0,1
1,stress_random,20006,1513,1513,r_1513,0,qualified_ref,1,0,none,1575734375,1575750088,15713,3125,9463,88,3,0,always_ready,0,1
1,stress_random,20006,1514,1514,r_1514,0,qualified_ref,1,0,none,1576759375,1576775088,15713,3125,9463,88,3,0,always_ready,0,1
1,stress_random,20006,1515,1515,r_1515,0,qualified_ref,1,0,none,1577784375,1577800088,15713,3125,9463,88,3,0,always_ready,0,1
1,stress_random,20006,1516,1516,r_1516,0,qualified_ref,1,0,none,1578809375,1578825088,15713,3125,9463,88,3,0,always_ready,0,1
1,stress_random,20006,1517,1517,r_1517,0,qualified_ref,1,0,none,1579834375,1579850088,15713,3125,9463,88,3,0,always_ready,0,1
1,stress_random,20006,1518,1518,r_1518,0,qualified_ref,1,0,none,1580859375,1580875088,15713,3125,9463,88,3,0,always_ready,0,1
1,stress_random,20006,1519,1519,r_1519,0,qualified_ref,1,0,none,1581884375,1581900088,15713,3125,9463,88,3,0,always_ready,0,1
1,stress_random,20006,1520,1520,r_1520,0,qualified_ref,1,0,none,1582909375,1582925088,15713,3125,9463,88,3,0,always_ready,0,1
1,stress_random,20006,1521,1521,r_1521,0,qualified_ref,1,0,none,1583934375,1583950088,15713,3125,9463,88,3,0,always_ready,0,1
1,stress_random,20006,1522,1522,r_1522,0,qualified_ref,1,0,none,1584959375,1584975088,15713,3125,9463,88,3,0,always_ready,0,1
1,stress_random,20006,1523,1523,r_1523,0,qualified_ref,1,0,none,1585984375,1586000088,15713,3125,9463,88,3,0,always_ready,0,1
1,stress_random,20006,1524,1524,r_1524,0,qualified_ref,1,0,none,1587009375,1587025088,15713,3125,9463,88,3,0,always_ready,0,1
1,stress_random,20006,1525,1525,r_1525,0,qualified_ref,1,0,none,1588034375,1588050088,15713,3125,9463,88,3,0,always_ready,0,1
1,stress_random,20006,1526,1526,r_1526,0,qualified_ref,1,0,none,1589059375,1589075088,15713,3125,9463,88,3,0,always_ready,0,1
1,stress_random,20006,1527,1527,r_1527,0,qualified_ref,1,0,none,1590084375,1590100088,15713,3125,9463,88,3,0,always_ready,0,1
1,stress_random,20006,1528,1528,r_1528,0,qualified_ref,1,0,none,1591109375,1591125088,15713,3125,9463,88,3,0,always_ready,0,1
1,stress_random,20006,1529,1529,r_1529,0,qualified_ref,1,0,none,1592134375,1592150088,15713,3125,9463,88,3,0,always_ready,0,1
1,stress_random,20006,1530,1530,r_1530,0,qualified_ref,1,0,none,1593159375,1593175088,15713,3125,9463,88,3,0,always_ready,0,1
1,stress_random,20006,1531,1531,r_1531,0,qualified_ref,1,0,none,1594184375,1594200088,15713,3125,9463,88,3,0,always_ready,0,1
1,stress_random,20006,1532,1532,r_1532,0,qualified_ref,1,0,none,1595209375,1595225088,15713,3125,9463,88,3,0,always_ready,0,1
1,stress_random,20006,1533,1533,r_1533,0,qualified_ref,1,0,none,1596234375,1596250088,15713,3125,9463,88,3,0,always_ready,0,1
1,stress_random,20006,1534,1534,r_1534,0,qualified_ref,1,0,none,1597259375,1597275088,15713,3125,9463,88,3,0,always_ready,0,1
1,stress_random,20006,1535,1535,r_1535,0,qualified_ref,1,0,none,1598284375,1598300088,15713,3125,9463,88,3,0,always_ready,0,1
1,stress_random,20006,1536,1536,r_1536,0,qualified_ref,1,0,none,1599309375,1599325088,15713,3125,9463,88,3,0,always_ready,0,1
1,stress_random,20006,1537,1537,r_1537,0,qualified_ref,1,0,none,1600334375,1600350088,15713,3125,9463,88,3,0,always_ready,0,1
1,stress_random,20006,1538,1538,r_1538,0,qualified_ref,1,0,none,1601359375,1601375088,15713,3125,9463,88,3,0,always_ready,0,1
1,stress_random,20006,1539,1539,r_1539,0,qualified_ref,1,0,none,1602384375,1602400088,15713,3125,9463,88,3,0,always_ready,0,1
1,stress_random,20006,1540,1540,r_1540,0,qualified_ref,1,0,none,1603409375,1603425088,15713,3125,9463,88,3,0,always_ready,0,1
1,stress_random,20006,1541,1541,r_1541,0,qualified_ref,1,0,none,1604434375,1604450088,15713,3125,9463,88,3,0,always_ready,0,1
1,stress_random,20006,1542,1542,r_1542,0,qualified_ref,1,0,none,1605459375,1605475088,15713,3125,9463,88,3,0,always_ready,0,1
1,stress_random,20006,1543,1543,r_1543,0,qualified_ref,1,0,none,1606484375,1606500088,15713,3125,9463,88,3,0,always_ready,0,1
1,stress_random,20006,1544,1544,r_1544,0,qualified_ref,1,0,none,1607509375,1607525088,15713,3125,9463,88,3,0,always_ready,0,1
1,stress_random,20006,1545,1545,r_1545,0,qualified_ref,1,0,none,1608534375,1608550088,15713,3125,9463,88,3,0,always_ready,0,1
1,stress_random,20006,1546,1546,r_1546,0,qualified_ref,1,0,none,1609559375,1609575088,15713,3125,9463,88,3,0,always_ready,0,1
1,stress_random,20006,1547,1547,r_1547,0,qualified_ref,1,0,none,1610584375,1610600088,15713,3125,9463,88,3,0,always_ready,0,1
1,stress_random,20006,1548,1548,r_1548,0,qualified_ref,1,0,none,1611609375,1611625088,15713,3125,9463,88,3,0,always_ready,0,1
1,stress_random,20006,1549,1549,r_1549,0,qualified_ref,1,0,none,1612634375,1612650088,15713,3125,9463,88,3,0,always_ready,0,1
1,stress_random,20006,1550,1550,r_1550,0,qualified_ref,1,0,none,1613659375,1613675088,15713,3125,9463,88,3,0,always_ready,0,1
1,stress_random,20006,1551,1551,r_1551,0,qualified_ref,1,0,none,1614684375,1614700088,15713,3125,9463,88,3,0,always_ready,0,1
1,stress_random,20006,1552,1552,r_1552,0,qualified_ref,1,0,none,1615709375,1615725088,15713,3125,9463,88,3,0,always_ready,0,1
1,stress_random,20006,1553,1553,r_1553,0,qualified_ref,1,0,none,1616734375,1616750088,15713,3125,9463,88,3,0,always_ready,0,1
1,stress_random,20006,1554,1554,r_1554,0,qualified_ref,1,0,none,1617759375,1617775088,15713,3125,9463,88,3,0,always_ready,0,1
1,stress_random,20006,1555,1555,r_1555,0,qualified_ref,1,0,none,1618784375,1618800088,15713,3125,9463,88,3,0,always_ready,0,1
1,stress_random,20006,1556,1556,r_1556,0,qualified_ref,1,0,none,1619809375,1619825088,15713,3125,9463,88,3,0,always_ready,0,1
1,stress_random,20006,1557,1557,r_1557,0,qualified_ref,1,0,none,1620834375,1620850088,15713,3125,9463,88,3,0,always_ready,0,1
1,stress_random,20006,1558,1558,r_1558,0,qualified_ref,1,0,none,1621859375,1621875088,15713,3125,9463,88,3,0,always_ready,0,1
1,stress_random,20006,1559,1559,r_1559,0,qualified_ref,1,0,none,1622884375,1622900088,15713,3125,9463,88,3,0,always_ready,0,1
1,stress_random,20006,1560,1560,r_1560,0,qualified_ref,1,0,none,1623909375,1623925088,15713,3125,9463,88,3,0,always_ready,0,1
1,stress_random,20006,1561,1561,r_1561,0,qualified_ref,1,0,none,1624934375,1624950088,15713,3125,9463,88,3,0,always_ready,0,1
1,stress_random,20006,1562,1562,r_1562,0,qualified_ref,1,0,none,1625959375,1625975088,15713,3125,9463,88,3,0,always_ready,0,1
1,stress_random,20006,1563,1563,r_1563,0,qualified_ref,1,0,none,1626984375,1627000088,15713,3125,9463,88,3,0,always_ready,0,1
1,stress_random,20006,1564,1564,r_1564,0,qualified_ref,1,0,none,1628009375,1628025088,15713,3125,9463,88,3,0,always_ready,0,1
1,stress_random,20006,1565,1565,r_1565,0,qualified_ref,1,0,none,1629034375,1629050088,15713,3125,9463,88,3,0,always_ready,0,1
1,stress_random,20006,1566,1566,r_1566,0,qualified_ref,1,0,none,1630059375,1630075088,15713,3125,9463,88,3,0,always_ready,0,1
1,stress_random,20006,1567,1567,r_1567,0,qualified_ref,1,0,none,1631084375,1631100088,15713,3125,9463,88,3,0,always_ready,0,1
1,stress_random,20006,1568,1568,r_1568,0,qualified_ref,1,0,none,1632109375,1632125088,15713,3125,9463,88,3,0,always_ready,0,1
1,stress_random,20006,1569,1569,r_1569,0,qualified_ref,1,0,none,1633134375,1633150088,15713,3125,9463,88,3,0,always_ready,0,1
1,stress_random,20006,1570,1570,r_1570,0,qualified_ref,1,0,none,1634159375,1634175088,15713,3125,9463,88,3,0,always_ready,0,1
1,stress_random,20006,1571,1571,r_1571,0,qualified_ref,1,0,none,1635184375,1635200088,15713,3125,9463,88,3,0,always_ready,0,1
1,stress_random,20006,1572,1572,r_1572,0,qualified_ref,1,0,none,1636209375,1636225088,15713,3125,9463,88,3,0,always_ready,0,1
1,stress_random,20006,1573,1573,r_1573,0,qualified_ref,1,0,none,1637234375,1637250088,15713,3125,9463,88,3,0,always_ready,0,1
1,stress_random,20006,1574,1574,r_1574,0,qualified_ref,1,0,none,1638259375,1638275088,15713,3125,9463,88,3,0,always_ready,0,1
1,stress_random,20006,1575,1575,r_1575,0,qualified_ref,1,0,none,1639284375,1639300088,15713,3125,9463,88,3,0,always_ready,0,1
1,stress_random,20006,1576,1576,r_1576,0,qualified_ref,1,0,none,1640309375,1640325088,15713,3125,9463,88,3,0,always_ready,0,1
1,stress_random,20006,1577,1577,r_1577,0,qualified_ref,1,0,none,1641334375,1641350088,15713,3125,9463,88,3,0,always_ready,0,1
1,stress_random,20006,1578,1578,r_1578,0,qualified_ref,1,0,none,1642359375,1642375088,15713,3125,9463,88,3,0,always_ready,0,1
1,stress_random,20006,1579,1579,r_1579,0,qualified_ref,1,0,none,1643384375,1643400088,15713,3125,9463,88,3,0,always_ready,0,1
1,stress_random,20006,1580,1580,r_1580,0,qualified_ref,1,0,none,1644409375,1644425088,15713,3125,9463,88,3,0,always_ready,0,1
1,stress_random,20006,1581,1581,r_1581,0,qualified_ref,1,0,none,1645434375,1645450088,15713,3125,9463,88,3,0,always_ready,0,1
1,stress_random,20006,1582,1582,r_1582,0,qualified_ref,1,0,none,1646459375,1646475088,15713,3125,9463,88,3,0,always_ready,0,1
1,stress_random,20006,1583,1583,r_1583,0,qualified_ref,1,0,none,1647484375,1647500088,15713,3125,9463,88,3,0,always_ready,0,1
1,stress_random,20006,1584,1584,r_1584,0,qualified_ref,1,0,none,1648509375,1648525088,15713,3125,9463,88,3,0,always_ready,0,1
1,stress_random,20006,1585,1585,r_1585,0,qualified_ref,1,0,none,1649534375,1649550088,15713,3125,9463,88,3,0,always_ready,0,1
1,stress_random,20006,1586,1586,r_1586,0,qualified_ref,1,0,none,1650559375,1650575088,15713,3125,9463,88,3,0,always_ready,0,1
1,stress_random,20006,1587,1587,r_1587,0,qualified_ref,1,0,none,1651584375,1651600088,15713,3125,9463,88,3,0,always_ready,0,1
1,stress_random,20006,1588,1588,r_1588,0,qualified_ref,1,0,none,1652609375,1652625088,15713,3125,9463,88,3,0,always_ready,0,1
1,stress_random,20006,1589,1589,r_1589,0,qualified_ref,1,0,none,1653634375,1653650088,15713,3125,9463,88,3,0,always_ready,0,1
1,stress_random,20006,1590,1590,r_1590,0,qualified_ref,1,0,none,1654659375,1654675088,15713,3125,9463,88,3,0,always_ready,0,1
1,stress_random,20006,1591,1591,r_1591,0,qualified_ref,1,0,none,1655684375,1655700088,15713,3125,9463,88,3,0,always_ready,0,1
1,stress_random,20006,1592,1592,r_1592,0,qualified_ref,1,0,none,1656709375,1656725088,15713,3125,9463,88,3,0,always_ready,0,1
1,stress_random,20006,1593,1593,r_1593,0,qualified_ref,1,0,none,1657734375,1657750088,15713,3125,9463,88,3,0,always_ready,0,1
1,stress_random,20006,1594,1594,r_1594,0,qualified_ref,1,0,none,1658759375,1658775088,15713,3125,9463,88,3,0,always_ready,0,1
1,stress_random,20006,1595,1595,r_1595,0,qualified_ref,1,0,none,1659784375,1659800088,15713,3125,9463,88,3,0,always_ready,0,1
1,stress_random,20006,1596,1596,r_1596,0,qualified_ref,1,0,none,1660809375,1660825088,15713,3125,9463,88,3,0,always_ready,0,1
1,stress_random,20006,1597,1597,r_1597,0,qualified_ref,1,0,none,1661834375,1661850088,15713,3125,9463,88,3,0,always_ready,0,1
1,stress_random,20006,1598,1598,r_1598,0,qualified_ref,1,0,none,1662859375,1662875088,15713,3125,9463,88,3,0,always_ready,0,1
1,stress_random,20006,1599,1599,r_1599,0,qualified_ref,1,0,none,1663884375,1663900088,15713,3125,9463,88,3,0,always_ready,0,1
1,stress_random,20006,1600,1600,r_1600,0,qualified_ref,1,0,none,1664909375,1664925088,15713,3125,9463,88,3,0,always_ready,0,1
1,stress_random,20006,1601,1601,r_1601,0,qualified_ref,1,0,none,1665934375,1665950088,15713,3125,9463,88,3,0,always_ready,0,1
1,stress_random,20006,1602,1602,r_1602,0,qualified_ref,1,0,none,1666959375,1666975088,15713,3125,9463,88,3,0,always_ready,0,1
1,stress_random,20006,1603,1603,r_1603,0,qualified_ref,1,0,none,1667984375,1668000088,15713,3125,9463,88,3,0,always_ready,0,1
1,stress_random,20006,1604,1604,r_1604,0,qualified_ref,1,0,none,1669009375,1669025088,15713,3125,9463,88,3,0,always_ready,0,1
1,stress_random,20006,1605,1605,r_1605,0,qualified_ref,1,0,none,1670034375,1670050088,15713,3125,9463,88,3,0,always_ready,0,1
1,stress_random,20006,1606,1606,r_1606,0,qualified_ref,1,0,none,1671059375,1671075088,15713,3125,9463,88,3,0,always_ready,0,1
1,stress_random,20006,1607,1607,r_1607,0,qualified_ref,1,0,none,1672084375,1672100088,15713,3125,9463,88,3,0,always_ready,0,1
1,stress_random,20006,1608,1608,r_1608,0,qualified_ref,1,0,none,1673109375,1673125088,15713,3125,9463,88,3,0,always_ready,0,1
1,stress_random,20006,1609,1609,r_1609,0,qualified_ref,1,0,none,1674134375,1674150088,15713,3125,9463,88,3,0,always_ready,0,1
1,stress_random,20006,1610,1610,r_1610,0,qualified_ref,1,0,none,1675159375,1675175088,15713,3125,9463,88,3,0,always_ready,0,1
1,stress_random,20006,1611,1611,r_1611,0,qualified_ref,1,0,none,1676184375,1676200088,15713,3125,9463,88,3,0,always_ready,0,1
1,stress_random,20006,1612,1612,r_1612,0,qualified_ref,1,0,none,1677209375,1677225088,15713,3125,9463,88,3,0,always_ready,0,1
1,stress_random,20006,1613,1613,r_1613,0,qualified_ref,1,0,none,1678234375,1678250088,15713,3125,9463,88,3,0,always_ready,0,1
1,stress_random,20006,1614,1614,r_1614,0,qualified_ref,1,0,none,1679259375,1679275088,15713,3125,9463,88,3,0,always_ready,0,1
1,stress_random,20006,1615,1615,r_1615,0,qualified_ref,1,0,none,1680284375,1680300088,15713,3125,9463,88,3,0,always_ready,0,1
1,stress_random,20006,1616,1616,r_1616,0,qualified_ref,1,0,none,1681309375,1681325088,15713,3125,9463,88,3,0,always_ready,0,1
1,stress_random,20006,1617,1617,r_1617,0,qualified_ref,1,0,none,1682334375,1682350088,15713,3125,9463,88,3,0,always_ready,0,1
1,stress_random,20006,1618,1618,r_1618,0,qualified_ref,1,0,none,1683359375,1683375088,15713,3125,9463,88,3,0,always_ready,0,1
1,stress_random,20006,1619,1619,r_1619,0,qualified_ref,1,0,none,1684384375,1684400088,15713,3125,9463,88,3,0,always_ready,0,1
1,stress_random,20006,1620,1620,r_1620,0,qualified_ref,1,0,none,1685409375,1685425088,15713,3125,9463,88,3,0,always_ready,0,1
1,stress_random,20006,1621,1621,r_1621,0,qualified_ref,1,0,none,1686434375,1686450088,15713,3125,9463,88,3,0,always_ready,0,1
1,stress_random,20006,1622,1622,r_1622,0,qualified_ref,1,0,none,1687459375,1687475088,15713,3125,9463,88,3,0,always_ready,0,1
1,stress_random,20006,1623,1623,r_1623,0,qualified_ref,1,0,none,1688484375,1688500088,15713,3125,9463,88,3,0,always_ready,0,1
1,stress_random,20006,1624,1624,r_1624,0,qualified_ref,1,0,none,1689509375,1689525088,15713,3125,9463,88,3,0,always_ready,0,1
1,stress_random,20006,1625,1625,r_1625,0,qualified_ref,1,0,none,1690534375,1690550088,15713,3125,9463,88,3,0,always_ready,0,1
1,stress_random,20006,1626,1626,r_1626,0,qualified_ref,1,0,none,1691559375,1691575088,15713,3125,9463,88,3,0,always_ready,0,1
1,stress_random,20006,1627,1627,r_1627,0,qualified_ref,1,0,none,1692584375,1692600088,15713,3125,9463,88,3,0,always_ready,0,1
1,stress_random,20006,1628,1628,r_1628,0,qualified_ref,1,0,none,1693609375,1693625088,15713,3125,9463,88,3,0,always_ready,0,1
1,stress_random,20006,1629,1629,r_1629,0,qualified_ref,1,0,none,1694634375,1694650088,15713,3125,9463,88,3,0,always_ready,0,1
1,stress_random,20006,1630,1630,r_1630,0,qualified_ref,1,0,none,1695659375,1695675088,15713,3125,9463,88,3,0,always_ready,0,1
1,stress_random,20006,1631,1631,r_1631,0,qualified_ref,1,0,none,1696684375,1696700088,15713,3125,9463,88,3,0,always_ready,0,1
1,stress_random,20006,1632,1632,r_1632,0,qualified_ref,1,0,none,1697709375,1697725088,15713,3125,9463,88,3,0,always_ready,0,1
1,stress_random,20006,1633,1633,r_1633,0,qualified_ref,1,0,none,1698734375,1698750088,15713,3125,9463,88,3,0,always_ready,0,1
1,stress_random,20006,1634,1634,r_1634,0,qualified_ref,1,0,none,1699759375,1699775088,15713,3125,9463,88,3,0,always_ready,0,1
1,stress_random,20006,1635,1635,r_1635,0,qualified_ref,1,0,none,1700784375,1700800088,15713,3125,9463,88,3,0,always_ready,0,1
1,stress_random,20006,1636,1636,r_1636,0,qualified_ref,1,0,none,1701809375,1701825088,15713,3125,9463,88,3,0,always_ready,0,1
1,stress_random,20006,1637,1637,r_1637,0,qualified_ref,1,0,none,1702834375,1702850088,15713,3125,9463,88,3,0,always_ready,0,1
1,stress_random,20006,1638,1638,r_1638,0,qualified_ref,1,0,none,1703859375,1703875088,15713,3125,9463,88,3,0,always_ready,0,1
1,stress_random,20006,1639,1639,r_1639,0,qualified_ref,1,0,none,1704884375,1704900088,15713,3125,9463,88,3,0,always_ready,0,1
1,stress_random,20006,1640,1640,r_1640,0,qualified_ref,1,0,none,1705909375,1705925088,15713,3125,9463,88,3,0,always_ready,0,1
1,stress_random,20006,1641,1641,r_1641,0,qualified_ref,1,0,none,1706934375,1706950088,15713,3125,9463,88,3,0,always_ready,0,1
1,stress_random,20006,1642,1642,r_1642,0,qualified_ref,1,0,none,1707959375,1707975088,15713,3125,9463,88,3,0,always_ready,0,1
1,stress_random,20006,1643,1643,r_1643,0,qualified_ref,1,0,none,1708984375,1709000088,15713,3125,9463,88,3,0,always_ready,0,1
1,stress_random,20006,1644,1644,r_1644,0,qualified_ref,1,0,none,1710009375,1710025088,15713,3125,9463,88,3,0,always_ready,0,1
1,stress_random,20006,1645,1645,r_1645,0,qualified_ref,1,0,none,1711034375,1711050088,15713,3125,9463,88,3,0,always_ready,0,1
1,stress_random,20006,1646,1646,r_1646,0,qualified_ref,1,0,none,1712059375,1712075088,15713,3125,9463,88,3,0,always_ready,0,1
1,stress_random,20006,1647,1647,r_1647,0,qualified_ref,1,0,none,1713084375,1713100088,15713,3125,9463,88,3,0,always_ready,0,1
1,stress_random,20006,1648,1648,r_1648,0,qualified_ref,1,0,none,1714109375,1714125088,15713,3125,9463,88,3,0,always_ready,0,1
1,stress_random,20006,1649,1649,r_1649,0,qualified_ref,1,0,none,1715134375,1715150088,15713,3125,9463,88,3,0,always_ready,0,1
1,stress_random,20006,1650,1650,r_1650,0,qualified_ref,1,0,none,1716159375,1716175088,15713,3125,9463,88,3,0,always_ready,0,1
1,stress_random,20006,1651,1651,r_1651,0,qualified_ref,1,0,none,1717184375,1717200088,15713,3125,9463,88,3,0,always_ready,0,1
1,stress_random,20006,1652,1652,r_1652,0,qualified_ref,1,0,none,1718209375,1718225088,15713,3125,9463,88,3,0,always_ready,0,1
1,stress_random,20006,1653,1653,r_1653,0,qualified_ref,1,0,none,1719234375,1719250088,15713,3125,9463,88,3,0,always_ready,0,1
1,stress_random,20006,1654,1654,r_1654,0,qualified_ref,1,0,none,1720259375,1720275088,15713,3125,9463,88,3,0,always_ready,0,1
1,stress_random,20006,1655,1655,r_1655,0,qualified_ref,1,0,none,1721284375,1721300088,15713,3125,9463,88,3,0,always_ready,0,1
1,stress_random,20006,1656,1656,r_1656,0,qualified_ref,1,0,none,1722309375,1722325088,15713,3125,9463,88,3,0,always_ready,0,1
1,stress_random,20006,1657,1657,r_1657,0,qualified_ref,1,0,none,1723334375,1723350088,15713,3125,9463,88,3,0,always_ready,0,1
1,stress_random,20006,1658,1658,r_1658,0,qualified_ref,1,0,none,1724359375,1724375088,15713,3125,9463,88,3,0,always_ready,0,1
1,stress_random,20006,1659,1659,r_1659,0,qualified_ref,1,0,none,1725384375,1725400088,15713,3125,9463,88,3,0,always_ready,0,1
1,stress_random,20006,1660,1660,r_1660,0,qualified_ref,1,0,none,1726409375,1726425088,15713,3125,9463,88,3,0,always_ready,0,1
1,stress_random,20006,1661,1661,r_1661,0,qualified_ref,1,0,none,1727434375,1727450088,15713,3125,9463,88,3,0,always_ready,0,1
1,stress_random,20006,1662,1662,r_1662,0,qualified_ref,1,0,none,1728459375,1728475088,15713,3125,9463,88,3,0,always_ready,0,1
1,stress_random,20006,1663,1663,r_1663,0,qualified_ref,1,0,none,1729484375,1729500088,15713,3125,9463,88,3,0,always_ready,0,1
1,stress_random,20006,1664,1664,r_1664,0,qualified_ref,1,0,none,1730509375,1730525088,15713,3125,9463,88,3,0,always_ready,0,1
1,stress_random,20006,1665,1665,r_1665,0,qualified_ref,1,0,none,1731534375,1731550088,15713,3125,9463,88,3,0,always_ready,0,1
1,stress_random,20006,1666,1666,r_1666,0,qualified_ref,1,0,none,1732559375,1732575088,15713,3125,9463,88,3,0,always_ready,0,1
1,stress_random,20006,1667,1667,r_1667,0,qualified_ref,1,0,none,1733584375,1733600088,15713,3125,9463,88,3,0,always_ready,0,1
1,stress_random,20006,1668,1668,r_1668,0,qualified_ref,1,0,none,1734609375,1734625088,15713,3125,9463,88,3,0,always_ready,0,1
1,stress_random,20006,1669,1669,r_1669,0,qualified_ref,1,0,none,1735634375,1735650088,15713,3125,9463,88,3,0,always_ready,0,1
1,stress_random,20006,1670,1670,r_1670,0,qualified_ref,1,0,none,1736659375,1736675088,15713,3125,9463,88,3,0,always_ready,0,1
1,stress_random,20006,1671,1671,r_1671,0,qualified_ref,1,0,none,1737684375,1737700088,15713,3125,9463,88,3,0,always_ready,0,1
1,stress_random,20006,1672,1672,r_1672,0,qualified_ref,1,0,none,1738709375,1738725088,15713,3125,9463,88,3,0,always_ready,0,1
1,stress_random,20006,1673,1673,r_1673,0,qualified_ref,1,0,none,1739734375,1739750088,15713,3125,9463,88,3,0,always_ready,0,1
1,stress_random,20006,1674,1674,r_1674,0,qualified_ref,1,0,none,1740759375,1740775088,15713,3125,9463,88,3,0,always_ready,0,1
1,stress_random,20006,1675,1675,r_1675,0,qualified_ref,1,0,none,1741784375,1741800088,15713,3125,9463,88,3,0,always_ready,0,1
1,stress_random,20006,1676,1676,r_1676,0,qualified_ref,1,0,none,1742809375,1742825088,15713,3125,9463,88,3,0,always_ready,0,1
1,stress_random,20006,1677,1677,r_1677,0,qualified_ref,1,0,none,1743834375,1743850088,15713,3125,9463,88,3,0,always_ready,0,1
1,stress_random,20006,1678,1678,r_1678,0,qualified_ref,1,0,none,1744859375,1744875088,15713,3125,9463,88,3,0,always_ready,0,1
1,stress_random,20006,1679,1679,r_1679,0,qualified_ref,1,0,none,1745884375,1745900088,15713,3125,9463,88,3,0,always_ready,0,1
1,stress_random,20006,1680,1680,r_1680,0,qualified_ref,1,0,none,1746909375,1746925088,15713,3125,9463,88,3,0,always_ready,0,1
1,stress_random,20006,1681,1681,r_1681,0,qualified_ref,1,0,none,1747934375,1747950088,15713,3125,9463,88,3,0,always_ready,0,1
1,stress_random,20006,1682,1682,r_1682,0,qualified_ref,1,0,none,1748959375,1748975088,15713,3125,9463,88,3,0,always_ready,0,1
1,stress_random,20006,1683,1683,r_1683,0,qualified_ref,1,0,none,1749984375,1750000088,15713,3125,9463,88,3,0,always_ready,0,1
1,stress_random,20006,1684,1684,r_1684,0,qualified_ref,1,0,none,1751009375,1751025088,15713,3125,9463,88,3,0,always_ready,0,1
1,stress_random,20006,1685,1685,r_1685,0,qualified_ref,1,0,none,1752034375,1752050088,15713,3125,9463,88,3,0,always_ready,0,1
1,stress_random,20006,1686,1686,r_1686,0,qualified_ref,1,0,none,1753059375,1753075088,15713,3125,9463,88,3,0,always_ready,0,1
1,stress_random,20006,1687,1687,r_1687,0,qualified_ref,1,0,none,1754084375,1754100088,15713,3125,9463,88,3,0,always_ready,0,1
1,stress_random,20006,1688,1688,r_1688,0,qualified_ref,1,0,none,1755109375,1755125088,15713,3125,9463,88,3,0,always_ready,0,1
1,stress_random,20006,1689,1689,r_1689,0,qualified_ref,1,0,none,1756134375,1756150088,15713,3125,9463,88,3,0,always_ready,0,1
1,stress_random,20006,1690,1690,r_1690,0,qualified_ref,1,0,none,1757159375,1757175088,15713,3125,9463,88,3,0,always_ready,0,1
1,stress_random,20006,1691,1691,r_1691,0,qualified_ref,1,0,none,1758184375,1758200088,15713,3125,9463,88,3,0,always_ready,0,1
1,stress_random,20006,1692,1692,r_1692,0,qualified_ref,1,0,none,1759209375,1759225088,15713,3125,9463,88,3,0,always_ready,0,1
1,stress_random,20006,1693,1693,r_1693,0,qualified_ref,1,0,none,1760234375,1760250088,15713,3125,9463,88,3,0,always_ready,0,1
1,stress_random,20006,1694,1694,r_1694,0,qualified_ref,1,0,none,1761259375,1761275088,15713,3125,9463,88,3,0,always_ready,0,1
1,stress_random,20006,1695,1695,r_1695,0,qualified_ref,1,0,none,1762284375,1762300088,15713,3125,9463,88,3,0,always_ready,0,1
1,stress_random,20006,1696,1696,r_1696,0,qualified_ref,1,0,none,1763309375,1763325088,15713,3125,9463,88,3,0,always_ready,0,1
1,stress_random,20006,1697,1697,r_1697,0,qualified_ref,1,0,none,1764334375,1764350088,15713,3125,9463,88,3,0,always_ready,0,1
1,stress_random,20006,1698,1698,r_1698,0,qualified_ref,1,0,none,1765359375,1765375088,15713,3125,9463,88,3,0,always_ready,0,1
1,stress_random,20006,1699,1699,r_1699,0,qualified_ref,1,0,none,1766384375,1766400088,15713,3125,9463,88,3,0,always_ready,0,1
1,stress_random,20006,1700,1700,r_1700,0,qualified_ref,1,0,none,1767409375,1767425088,15713,3125,9463,88,3,0,always_ready,0,1
1,stress_random,20006,1701,1701,r_1701,0,qualified_ref,1,0,none,1768434375,1768450088,15713,3125,9463,88,3,0,always_ready,0,1
1,stress_random,20006,1702,1702,r_1702,0,qualified_ref,1,0,none,1769459375,1769475088,15713,3125,9463,88,3,0,always_ready,0,1
1,stress_random,20006,1703,1703,r_1703,0,qualified_ref,1,0,none,1770484375,1770500088,15713,3125,9463,88,3,0,always_ready,0,1
1,stress_random,20006,1704,1704,r_1704,0,qualified_ref,1,0,none,1771509375,1771525088,15713,3125,9463,88,3,0,always_ready,0,1
1,stress_random,20006,1705,1705,r_1705,0,qualified_ref,1,0,none,1772534375,1772550088,15713,3125,9463,88,3,0,always_ready,0,1
1,stress_random,20006,1706,1706,r_1706,0,qualified_ref,1,0,none,1773559375,1773575088,15713,3125,9463,88,3,0,always_ready,0,1
1,stress_random,20006,1707,1707,r_1707,0,qualified_ref,1,0,none,1774584375,1774600088,15713,3125,9463,88,3,0,always_ready,0,1
1,stress_random,20006,1708,1708,r_1708,0,qualified_ref,1,0,none,1775609375,1775625088,15713,3125,9463,88,3,0,always_ready,0,1
1,stress_random,20006,1709,1709,r_1709,0,qualified_ref,1,0,none,1776634375,1776650088,15713,3125,9463,88,3,0,always_ready,0,1
1,stress_random,20006,1710,1710,r_1710,0,qualified_ref,1,0,none,1777659375,1777675088,15713,3125,9463,88,3,0,always_ready,0,1
1,stress_random,20006,1711,1711,r_1711,0,qualified_ref,1,0,none,1778684375,1778700088,15713,3125,9463,88,3,0,always_ready,0,1
1,stress_random,20006,1712,1712,r_1712,0,qualified_ref,1,0,none,1779709375,1779725088,15713,3125,9463,88,3,0,always_ready,0,1
1,stress_random,20006,1713,1713,r_1713,0,qualified_ref,1,0,none,1780734375,1780750088,15713,3125,9463,88,3,0,always_ready,0,1
1,stress_random,20006,1714,1714,r_1714,0,qualified_ref,1,0,none,1781759375,1781775088,15713,3125,9463,88,3,0,always_ready,0,1
1,stress_random,20006,1715,1715,r_1715,0,qualified_ref,1,0,none,1782784375,1782800088,15713,3125,9463,88,3,0,always_ready,0,1
1,stress_random,20006,1716,1716,r_1716,0,qualified_ref,1,0,none,1783809375,1783825088,15713,3125,9463,88,3,0,always_ready,0,1
1,stress_random,20006,1717,1717,r_1717,0,qualified_ref,1,0,none,1784834375,1784850088,15713,3125,9463,88,3,0,always_ready,0,1
1,stress_random,20006,1718,1718,r_1718,0,qualified_ref,1,0,none,1785859375,1785875088,15713,3125,9463,88,3,0,always_ready,0,1
1,stress_random,20006,1719,1719,r_1719,0,qualified_ref,1,0,none,1786884375,1786900088,15713,3125,9463,88,3,0,always_ready,0,1
1,stress_random,20006,1720,1720,r_1720,0,qualified_ref,1,0,none,1787909375,1787925088,15713,3125,9463,88,3,0,always_ready,0,1
1,stress_random,20006,1721,1721,r_1721,0,qualified_ref,1,0,none,1788934375,1788950088,15713,3125,9463,88,3,0,always_ready,0,1
1,stress_random,20006,1722,1722,r_1722,0,qualified_ref,1,0,none,1789959375,1789975088,15713,3125,9463,88,3,0,always_ready,0,1
1,stress_random,20006,1723,1723,r_1723,0,qualified_ref,1,0,none,1790984375,1791000088,15713,3125,9463,88,3,0,always_ready,0,1
1,stress_random,20006,1724,1724,r_1724,0,qualified_ref,1,0,none,1792009375,1792025088,15713,3125,9463,88,3,0,always_ready,0,1
1,stress_random,20006,1725,1725,r_1725,0,qualified_ref,1,0,none,1793034375,1793050088,15713,3125,9463,88,3,0,always_ready,0,1
1,stress_random,20006,1726,1726,r_1726,0,qualified_ref,1,0,none,1794059375,1794075088,15713,3125,9463,88,3,0,always_ready,0,1
1,stress_random,20006,1727,1727,r_1727,0,qualified_ref,1,0,none,1795084375,1795100088,15713,3125,9463,88,3,0,always_ready,0,1
1,stress_random,20006,1728,1728,r_1728,0,qualified_ref,1,0,none,1796109375,1796125088,15713,3125,9463,88,3,0,always_ready,0,1
1,stress_random,20006,1729,1729,r_1729,0,qualified_ref,1,0,none,1797134375,1797150088,15713,3125,9463,88,3,0,always_ready,0,1
1,stress_random,20006,1730,1730,r_1730,0,qualified_ref,1,0,none,1798159375,1798175088,15713,3125,9463,88,3,0,always_ready,0,1
1,stress_random,20006,1731,1731,r_1731,0,qualified_ref,1,0,none,1799184375,1799200088,15713,3125,9463,88,3,0,always_ready,0,1
1,stress_random,20006,1732,1732,r_1732,0,qualified_ref,1,0,none,1800209375,1800225088,15713,3125,9463,88,3,0,always_ready,0,1
1,stress_random,20006,1733,1733,r_1733,0,qualified_ref,1,0,none,1801234375,1801250088,15713,3125,9463,88,3,0,always_ready,0,1
1,stress_random,20006,1734,1734,r_1734,0,qualified_ref,1,0,none,1802259375,1802275088,15713,3125,9463,88,3,0,always_ready,0,1
1,stress_random,20006,1735,1735,r_1735,0,qualified_ref,1,0,none,1803284375,1803300088,15713,3125,9463,88,3,0,always_ready,0,1
1,stress_random,20006,1736,1736,r_1736,0,qualified_ref,1,0,none,1804309375,1804325088,15713,3125,9463,88,3,0,always_ready,0,1
1,stress_random,20006,1737,1737,r_1737,0,qualified_ref,1,0,none,1805334375,1805350088,15713,3125,9463,88,3,0,always_ready,0,1
1,stress_random,20006,1738,1738,r_1738,0,qualified_ref,1,0,none,1806359375,1806375088,15713,3125,9463,88,3,0,always_ready,0,1
1,stress_random,20006,1739,1739,r_1739,0,qualified_ref,1,0,none,1807384375,1807400088,15713,3125,9463,88,3,0,always_ready,0,1
1,stress_random,20006,1740,1740,r_1740,0,qualified_ref,1,0,none,1808409375,1808425088,15713,3125,9463,88,3,0,always_ready,0,1
1,stress_random,20006,1741,1741,r_1741,0,qualified_ref,1,0,none,1809434375,1809450088,15713,3125,9463,88,3,0,always_ready,0,1
1,stress_random,20006,1742,1742,r_1742,0,qualified_ref,1,0,none,1810459375,1810475088,15713,3125,9463,88,3,0,always_ready,0,1
1,stress_random,20006,1743,1743,r_1743,0,qualified_ref,1,0,none,1811484375,1811500088,15713,3125,9463,88,3,0,always_ready,0,1
1,stress_random,20006,1744,1744,r_1744,0,qualified_ref,1,0,none,1812509375,1812525088,15713,3125,9463,88,3,0,always_ready,0,1
1,stress_random,20006,1745,1745,r_1745,0,qualified_ref,1,0,none,1813534375,1813550088,15713,3125,9463,88,3,0,always_ready,0,1
1,stress_random,20006,1746,1746,r_1746,0,qualified_ref,1,0,none,1814559375,1814575088,15713,3125,9463,88,3,0,always_ready,0,1
1,stress_random,20006,1747,1747,r_1747,0,qualified_ref,1,0,none,1815584375,1815600088,15713,3125,9463,88,3,0,always_ready,0,1
1,stress_random,20006,1748,1748,r_1748,0,qualified_ref,1,0,none,1816609375,1816625088,15713,3125,9463,88,3,0,always_ready,0,1
1,stress_random,20006,1749,1749,r_1749,0,qualified_ref,1,0,none,1817634375,1817650088,15713,3125,9463,88,3,0,always_ready,0,1
1,stress_random,20006,1750,1750,r_1750,1,qualified_ref,1,0,none,1822759375,1822775088,15713,3125,9463,88,1,0,always_ready,0,1
1,stress_random,20006,1751,1751,r_1751,1,qualified_ref,1,0,none,1823784375,1823800088,15713,3125,9463,88,1,0,always_ready,0,1
1,stress_random,20006,1752,1752,r_1752,1,qualified_ref,1,0,none,1824809375,1824825088,15713,3125,9463,88,1,0,always_ready,0,1
1,stress_random,20006,1753,1753,r_1753,1,qualified_ref,1,0,none,1825834375,1825850088,15713,3125,9463,88,1,0,always_ready,0,1
1,stress_random,20006,1754,1754,r_1754,1,qualified_ref,1,0,none,1826859375,1826875088,15713,3125,9463,88,1,0,always_ready,0,1
1,stress_random,20006,1755,1755,r_1755,1,qualified_ref,1,0,none,1827884375,1827900088,15713,3125,9463,88,1,0,always_ready,0,1
1,stress_random,20006,1756,1756,r_1756,1,qualified_ref,1,0,none,1828909375,1828925088,15713,3125,9463,88,1,0,always_ready,0,1
1,stress_random,20006,1757,1757,r_1757,1,qualified_ref,1,0,none,1829934375,1829950088,15713,3125,9463,88,1,0,always_ready,0,1
1,stress_random,20006,1758,1758,r_1758,1,qualified_ref,1,0,none,1830959375,1830975088,15713,3125,9463,88,1,0,always_ready,0,1
1,stress_random,20006,1759,1759,r_1759,1,qualified_ref,1,0,none,1831984375,1832000088,15713,3125,9463,88,1,0,always_ready,0,1
1,stress_random,20006,1760,1760,r_1760,1,qualified_ref,1,0,none,1833009375,1833025088,15713,3125,9463,88,1,0,always_ready,0,1
1,stress_random,20006,1761,1761,r_1761,1,qualified_ref,1,0,none,1834034375,1834050088,15713,3125,9463,88,1,0,always_ready,0,1
1,stress_random,20006,1762,1762,r_1762,1,qualified_ref,1,0,none,1835059375,1835075088,15713,3125,9463,88,1,0,always_ready,0,1
1,stress_random,20006,1763,1763,r_1763,1,qualified_ref,1,0,none,1836084375,1836100088,15713,3125,9463,88,1,0,always_ready,0,1
1,stress_random,20006,1764,1764,r_1764,1,qualified_ref,1,0,none,1837109375,1837125088,15713,3125,9463,88,1,0,always_ready,0,1
1,stress_random,20006,1765,1765,r_1765,1,qualified_ref,1,0,none,1838134375,1838150088,15713,3125,9463,88,1,0,always_ready,0,1
1,stress_random,20006,1766,1766,r_1766,1,qualified_ref,1,0,none,1839159375,1839175088,15713,3125,9463,88,1,0,always_ready,0,1
1,stress_random,20006,1767,1767,r_1767,1,qualified_ref,1,0,none,1840184375,1840200088,15713,3125,9463,88,1,0,always_ready,0,1
1,stress_random,20006,1768,1768,r_1768,1,qualified_ref,1,0,none,1841209375,1841225088,15713,3125,9463,88,1,0,always_ready,0,1
1,stress_random,20006,1769,1769,r_1769,1,qualified_ref,1,0,none,1842234375,1842250088,15713,3125,9463,88,1,0,always_ready,0,1
1,stress_random,20006,1770,1770,r_1770,1,qualified_ref,1,0,none,1843259375,1843275088,15713,3125,9463,88,1,0,always_ready,0,1
1,stress_random,20006,1771,1771,r_1771,1,qualified_ref,1,0,none,1844284375,1844300088,15713,3125,9463,88,1,0,always_ready,0,1
1,stress_random,20006,1772,1772,r_1772,1,qualified_ref,1,0,none,1845309375,1845325088,15713,3125,9463,88,1,0,always_ready,0,1
1,stress_random,20006,1773,1773,r_1773,1,qualified_ref,1,0,none,1846334375,1846350088,15713,3125,9463,88,1,0,always_ready,0,1
1,stress_random,20006,1774,1774,r_1774,1,qualified_ref,1,0,none,1847359375,1847375088,15713,3125,9463,88,1,0,always_ready,0,1
1,stress_random,20006,1775,1775,r_1775,1,qualified_ref,1,0,none,1848384375,1848400088,15713,3125,9463,88,1,0,always_ready,0,1
1,stress_random,20006,1776,1776,r_1776,1,qualified_ref,1,0,none,1849409375,1849425088,15713,3125,9463,88,1,0,always_ready,0,1
1,stress_random,20006,1777,1777,r_1777,1,qualified_ref,1,0,none,1850434375,1850450088,15713,3125,9463,88,1,0,always_ready,0,1
1,stress_random,20006,1778,1778,r_1778,1,qualified_ref,1,0,none,1851459375,1851475088,15713,3125,9463,88,1,0,always_ready,0,1
1,stress_random,20006,1779,1779,r_1779,1,qualified_ref,1,0,none,1852484375,1852500088,15713,3125,9463,88,1,0,always_ready,0,1
1,stress_random,20006,1780,1780,r_1780,1,qualified_ref,1,0,none,1853509375,1853525088,15713,3125,9463,88,1,0,always_ready,0,1
1,stress_random,20006,1781,1781,r_1781,1,qualified_ref,1,0,none,1854534375,1854550088,15713,3125,9463,88,1,0,always_ready,0,1
1,stress_random,20006,1782,1782,r_1782,1,qualified_ref,1,0,none,1855559375,1855575088,15713,3125,9463,88,1,0,always_ready,0,1
1,stress_random,20006,1783,1783,r_1783,1,qualified_ref,1,0,none,1856584375,1856600088,15713,3125,9463,88,1,0,always_ready,0,1
1,stress_random,20006,1784,1784,r_1784,1,qualified_ref,1,0,none,1857609375,1857625088,15713,3125,9463,88,1,0,always_ready,0,1
1,stress_random,20006,1785,1785,r_1785,1,qualified_ref,1,0,none,1858634375,1858650088,15713,3125,9463,88,1,0,always_ready,0,1
1,stress_random,20006,1786,1786,r_1786,1,qualified_ref,1,0,none,1859659375,1859675088,15713,3125,9463,88,1,0,always_ready,0,1
1,stress_random,20006,1787,1787,r_1787,1,qualified_ref,1,0,none,1860684375,1860700088,15713,3125,9463,88,1,0,always_ready,0,1
1,stress_random,20006,1788,1788,r_1788,1,qualified_ref,1,0,none,1861709375,1861725088,15713,3125,9463,88,1,0,always_ready,0,1
1,stress_random,20006,1789,1789,r_1789,1,qualified_ref,1,0,none,1862734375,1862750088,15713,3125,9463,88,1,0,always_ready,0,1
1,stress_random,20006,1790,1790,r_1790,1,qualified_ref,1,0,none,1863759375,1863775088,15713,3125,9463,88,1,0,always_ready,0,1
1,stress_random,20006,1791,1791,r_1791,1,qualified_ref,1,0,none,1864784375,1864800088,15713,3125,9463,88,1,0,always_ready,0,1
1,stress_random,20006,1792,1792,r_1792,1,qualified_ref,1,0,none,1865809375,1865825088,15713,3125,9463,88,1,0,always_ready,0,1
1,stress_random,20006,1793,1793,r_1793,1,qualified_ref,1,0,none,1866834375,1866850088,15713,3125,9463,88,1,0,always_ready,0,1
1,stress_random,20006,1794,1794,r_1794,1,qualified_ref,1,0,none,1867859375,1867875088,15713,3125,9463,88,1,0,always_ready,0,1
1,stress_random,20006,1795,1795,r_1795,1,qualified_ref,1,0,none,1868884375,1868900088,15713,3125,9463,88,1,0,always_ready,0,1
1,stress_random,20006,1796,1796,r_1796,1,qualified_ref,1,0,none,1869909375,1869925088,15713,3125,9463,88,1,0,always_ready,0,1
1,stress_random,20006,1797,1797,r_1797,1,qualified_ref,1,0,none,1870934375,1870950088,15713,3125,9463,88,1,0,always_ready,0,1
1,stress_random,20006,1798,1798,r_1798,1,qualified_ref,1,0,none,1871959375,1871975088,15713,3125,9463,88,1,0,always_ready,0,1
1,stress_random,20006,1799,1799,r_1799,1,qualified_ref,1,0,none,1872984375,1873000088,15713,3125,9463,88,1,0,always_ready,0,1
1,stress_random,20006,1800,1800,r_1800,1,qualified_ref,1,0,none,1874009375,1874025088,15713,3125,9463,88,1,0,always_ready,0,1
1,stress_random,20006,1801,1801,r_1801,1,qualified_ref,1,0,none,1875034375,1875050088,15713,3125,9463,88,1,0,always_ready,0,1
1,stress_random,20006,1802,1802,r_1802,1,qualified_ref,1,0,none,1876059375,1876075088,15713,3125,9463,88,1,0,always_ready,0,1
1,stress_random,20006,1803,1803,r_1803,1,qualified_ref,1,0,none,1877084375,1877100088,15713,3125,9463,88,1,0,always_ready,0,1
1,stress_random,20006,1804,1804,r_1804,1,qualified_ref,1,0,none,1878109375,1878125088,15713,3125,9463,88,1,0,always_ready,0,1
1,stress_random,20006,1805,1805,r_1805,1,qualified_ref,1,0,none,1879134375,1879150088,15713,3125,9463,88,1,0,always_ready,0,1
1,stress_random,20006,1806,1806,r_1806,1,qualified_ref,1,0,none,1880159375,1880175088,15713,3125,9463,88,1,0,always_ready,0,1
1,stress_random,20006,1807,1807,r_1807,1,qualified_ref,1,0,none,1881184375,1881200088,15713,3125,9463,88,1,0,always_ready,0,1
1,stress_random,20006,1808,1808,r_1808,1,qualified_ref,1,0,none,1882209375,1882225088,15713,3125,9463,88,1,0,always_ready,0,1
1,stress_random,20006,1809,1809,r_1809,1,qualified_ref,1,0,none,1883234375,1883250088,15713,3125,9463,88,1,0,always_ready,0,1
1,stress_random,20006,1810,1810,r_1810,1,qualified_ref,1,0,none,1884259375,1884275088,15713,3125,9463,88,1,0,always_ready,0,1
1,stress_random,20006,1811,1811,r_1811,1,qualified_ref,1,0,none,1885284375,1885300088,15713,3125,9463,88,1,0,always_ready,0,1
1,stress_random,20006,1812,1812,r_1812,1,qualified_ref,1,0,none,1886309375,1886325088,15713,3125,9463,88,1,0,always_ready,0,1
1,stress_random,20006,1813,1813,r_1813,1,qualified_ref,1,0,none,1887334375,1887350088,15713,3125,9463,88,1,0,always_ready,0,1
1,stress_random,20006,1814,1814,r_1814,1,qualified_ref,1,0,none,1888359375,1888375088,15713,3125,9463,88,1,0,always_ready,0,1
1,stress_random,20006,1815,1815,r_1815,1,qualified_ref,1,0,none,1889384375,1889400088,15713,3125,9463,88,1,0,always_ready,0,1
1,stress_random,20006,1816,1816,r_1816,1,qualified_ref,1,0,none,1890409375,1890425088,15713,3125,9463,88,1,0,always_ready,0,1
1,stress_random,20006,1817,1817,r_1817,1,qualified_ref,1,0,none,1891434375,1891450088,15713,3125,9463,88,1,0,always_ready,0,1
1,stress_random,20006,1818,1818,r_1818,1,qualified_ref,1,0,none,1892459375,1892475088,15713,3125,9463,88,1,0,always_ready,0,1
1,stress_random,20006,1819,1819,r_1819,1,qualified_ref,1,0,none,1893484375,1893500088,15713,3125,9463,88,1,0,always_ready,0,1
1,stress_random,20006,1820,1820,r_1820,1,qualified_ref,1,0,none,1894509375,1894525088,15713,3125,9463,88,1,0,always_ready,0,1
1,stress_random,20006,1821,1821,r_1821,1,qualified_ref,1,0,none,1895534375,1895550088,15713,3125,9463,88,1,0,always_ready,0,1
1,stress_random,20006,1822,1822,r_1822,1,qualified_ref,1,0,none,1896559375,1896575088,15713,3125,9463,88,1,0,always_ready,0,1
1,stress_random,20006,1823,1823,r_1823,1,qualified_ref,1,0,none,1897584375,1897600088,15713,3125,9463,88,1,0,always_ready,0,1
1,stress_random,20006,1824,1824,r_1824,1,qualified_ref,1,0,none,1898609375,1898625088,15713,3125,9463,88,1,0,always_ready,0,1
1,stress_random,20006,1825,1825,r_1825,1,qualified_ref,1,0,none,1899634375,1899650088,15713,3125,9463,88,1,0,always_ready,0,1
1,stress_random,20006,1826,1826,r_1826,1,qualified_ref,1,0,none,1900659375,1900675088,15713,3125,9463,88,1,0,always_ready,0,1
1,stress_random,20006,1827,1827,r_1827,1,qualified_ref,1,0,none,1901684375,1901700088,15713,3125,9463,88,1,0,always_ready,0,1
1,stress_random,20006,1828,1828,r_1828,1,qualified_ref,1,0,none,1902709375,1902725088,15713,3125,9463,88,1,0,always_ready,0,1
1,stress_random,20006,1829,1829,r_1829,1,qualified_ref,1,0,none,1903734375,1903750088,15713,3125,9463,88,1,0,always_ready,0,1
1,stress_random,20006,1830,1830,r_1830,1,qualified_ref,1,0,none,1904759375,1904775088,15713,3125,9463,88,1,0,always_ready,0,1
1,stress_random,20006,1831,1831,r_1831,1,qualified_ref,1,0,none,1905784375,1905800088,15713,3125,9463,88,1,0,always_ready,0,1
1,stress_random,20006,1832,1832,r_1832,1,qualified_ref,1,0,none,1906809375,1906825088,15713,3125,9463,88,1,0,always_ready,0,1
1,stress_random,20006,1833,1833,r_1833,1,qualified_ref,1,0,none,1907834375,1907850088,15713,3125,9463,88,1,0,always_ready,0,1
1,stress_random,20006,1834,1834,r_1834,1,qualified_ref,1,0,none,1908859375,1908875088,15713,3125,9463,88,1,0,always_ready,0,1
1,stress_random,20006,1835,1835,r_1835,1,qualified_ref,1,0,none,1909884375,1909900088,15713,3125,9463,88,1,0,always_ready,0,1
1,stress_random,20006,1836,1836,r_1836,1,qualified_ref,1,0,none,1910909375,1910925088,15713,3125,9463,88,1,0,always_ready,0,1
1,stress_random,20006,1837,1837,r_1837,1,qualified_ref,1,0,none,1911934375,1911950088,15713,3125,9463,88,1,0,always_ready,0,1
1,stress_random,20006,1838,1838,r_1838,1,qualified_ref,1,0,none,1912959375,1912975088,15713,3125,9463,88,1,0,always_ready,0,1
1,stress_random,20006,1839,1839,r_1839,1,qualified_ref,1,0,none,1913984375,1914000088,15713,3125,9463,88,1,0,always_ready,0,1
1,stress_random,20006,1840,1840,r_1840,1,qualified_ref,1,0,none,1915009375,1915025088,15713,3125,9463,88,1,0,always_ready,0,1
1,stress_random,20006,1841,1841,r_1841,1,qualified_ref,1,0,none,1916034375,1916050088,15713,3125,9463,88,1,0,always_ready,0,1
1,stress_random,20006,1842,1842,r_1842,1,qualified_ref,1,0,none,1917059375,1917075088,15713,3125,9463,88,1,0,always_ready,0,1
1,stress_random,20006,1843,1843,r_1843,1,qualified_ref,1,0,none,1918084375,1918100088,15713,3125,9463,88,1,0,always_ready,0,1
1,stress_random,20006,1844,1844,r_1844,1,qualified_ref,1,0,none,1919109375,1919125088,15713,3125,9463,88,1,0,always_ready,0,1
1,stress_random,20006,1845,1845,r_1845,1,qualified_ref,1,0,none,1920134375,1920150088,15713,3125,9463,88,1,0,always_ready,0,1
1,stress_random,20006,1846,1846,r_1846,1,qualified_ref,1,0,none,1921159375,1921175088,15713,3125,9463,88,1,0,always_ready,0,1
1,stress_random,20006,1847,1847,r_1847,1,qualified_ref,1,0,none,1922184375,1922200088,15713,3125,9463,88,1,0,always_ready,0,1
1,stress_random,20006,1848,1848,r_1848,1,qualified_ref,1,0,none,1923209375,1923225088,15713,3125,9463,88,1,0,always_ready,0,1
1,stress_random,20006,1849,1849,r_1849,1,qualified_ref,1,0,none,1924234375,1924250088,15713,3125,9463,88,1,0,always_ready,0,1
1,stress_random,20006,1850,1850,r_1850,1,qualified_ref,1,0,none,1925259375,1925275088,15713,3125,9463,88,1,0,always_ready,0,1
1,stress_random,20006,1851,1851,r_1851,1,qualified_ref,1,0,none,1926284375,1926300088,15713,3125,9463,88,1,0,always_ready,0,1
1,stress_random,20006,1852,1852,r_1852,1,qualified_ref,1,0,none,1927309375,1927325088,15713,3125,9463,88,1,0,always_ready,0,1
1,stress_random,20006,1853,1853,r_1853,1,qualified_ref,1,0,none,1928334375,1928350088,15713,3125,9463,88,1,0,always_ready,0,1
1,stress_random,20006,1854,1854,r_1854,1,qualified_ref,1,0,none,1929359375,1929375088,15713,3125,9463,88,1,0,always_ready,0,1
1,stress_random,20006,1855,1855,r_1855,1,qualified_ref,1,0,none,1930384375,1930400088,15713,3125,9463,88,1,0,always_ready,0,1
1,stress_random,20006,1856,1856,r_1856,1,qualified_ref,1,0,none,1931409375,1931425088,15713,3125,9463,88,1,0,always_ready,0,1
1,stress_random,20006,1857,1857,r_1857,1,qualified_ref,1,0,none,1932434375,1932450088,15713,3125,9463,88,1,0,always_ready,0,1
1,stress_random,20006,1858,1858,r_1858,1,qualified_ref,1,0,none,1933459375,1933475088,15713,3125,9463,88,1,0,always_ready,0,1
1,stress_random,20006,1859,1859,r_1859,1,qualified_ref,1,0,none,1934484375,1934500088,15713,3125,9463,88,1,0,always_ready,0,1
1,stress_random,20006,1860,1860,r_1860,1,qualified_ref,1,0,none,1935509375,1935525088,15713,3125,9463,88,1,0,always_ready,0,1
1,stress_random,20006,1861,1861,r_1861,1,qualified_ref,1,0,none,1936534375,1936550088,15713,3125,9463,88,1,0,always_ready,0,1
1,stress_random,20006,1862,1862,r_1862,1,qualified_ref,1,0,none,1937559375,1937575088,15713,3125,9463,88,1,0,always_ready,0,1
1,stress_random,20006,1863,1863,r_1863,1,qualified_ref,1,0,none,1938584375,1938600088,15713,3125,9463,88,1,0,always_ready,0,1
1,stress_random,20006,1864,1864,r_1864,1,qualified_ref,1,0,none,1939609375,1939625088,15713,3125,9463,88,1,0,always_ready,0,1
1,stress_random,20006,1865,1865,r_1865,1,qualified_ref,1,0,none,1940634375,1940650088,15713,3125,9463,88,1,0,always_ready,0,1
1,stress_random,20006,1866,1866,r_1866,1,qualified_ref,1,0,none,1941659375,1941675088,15713,3125,9463,88,1,0,always_ready,0,1
1,stress_random,20006,1867,1867,r_1867,1,qualified_ref,1,0,none,1942684375,1942700088,15713,3125,9463,88,1,0,always_ready,0,1
1,stress_random,20006,1868,1868,r_1868,1,qualified_ref,1,0,none,1943709375,1943725088,15713,3125,9463,88,1,0,always_ready,0,1
1,stress_random,20006,1869,1869,r_1869,1,qualified_ref,1,0,none,1944734375,1944750088,15713,3125,9463,88,1,0,always_ready,0,1
1,stress_random,20006,1870,1870,r_1870,1,qualified_ref,1,0,none,1945759375,1945775088,15713,3125,9463,88,1,0,always_ready,0,1
1,stress_random,20006,1871,1871,r_1871,1,qualified_ref,1,0,none,1946784375,1946800088,15713,3125,9463,88,1,0,always_ready,0,1
1,stress_random,20006,1872,1872,r_1872,1,qualified_ref,1,0,none,1947809375,1947825088,15713,3125,9463,88,1,0,always_ready,0,1
1,stress_random,20006,1873,1873,r_1873,1,qualified_ref,1,0,none,1948834375,1948850088,15713,3125,9463,88,1,0,always_ready,0,1
1,stress_random,20006,1874,1874,r_1874,1,qualified_ref,1,0,none,1949859375,1949875088,15713,3125,9463,88,1,0,always_ready,0,1
1,stress_random,20006,1875,1875,r_1875,1,qualified_ref,1,0,none,1950884375,1950900088,15713,3125,9463,88,1,0,always_ready,0,1
1,stress_random,20006,1876,1876,r_1876,1,qualified_ref,1,0,none,1951909375,1951925088,15713,3125,9463,88,1,0,always_ready,0,1
1,stress_random,20006,1877,1877,r_1877,1,qualified_ref,1,0,none,1952934375,1952950088,15713,3125,9463,88,1,0,always_ready,0,1
1,stress_random,20006,1878,1878,r_1878,1,qualified_ref,1,0,none,1953959375,1953975088,15713,3125,9463,88,1,0,always_ready,0,1
1,stress_random,20006,1879,1879,r_1879,1,qualified_ref,1,0,none,1954984375,1955000088,15713,3125,9463,88,1,0,always_ready,0,1
1,stress_random,20006,1880,1880,r_1880,1,qualified_ref,1,0,none,1956009375,1956025088,15713,3125,9463,88,1,0,always_ready,0,1
1,stress_random,20006,1881,1881,r_1881,1,qualified_ref,1,0,none,1957034375,1957050088,15713,3125,9463,88,1,0,always_ready,0,1
1,stress_random,20006,1882,1882,r_1882,1,qualified_ref,1,0,none,1958059375,1958075088,15713,3125,9463,88,1,0,always_ready,0,1
1,stress_random,20006,1883,1883,r_1883,1,qualified_ref,1,0,none,1959084375,1959100088,15713,3125,9463,88,1,0,always_ready,0,1
1,stress_random,20006,1884,1884,r_1884,1,qualified_ref,1,0,none,1960109375,1960125088,15713,3125,9463,88,1,0,always_ready,0,1
1,stress_random,20006,1885,1885,r_1885,1,qualified_ref,1,0,none,1961134375,1961150088,15713,3125,9463,88,1,0,always_ready,0,1
1,stress_random,20006,1886,1886,r_1886,1,qualified_ref,1,0,none,1962159375,1962175088,15713,3125,9463,88,1,0,always_ready,0,1
1,stress_random,20006,1887,1887,r_1887,1,qualified_ref,1,0,none,1963184375,1963200088,15713,3125,9463,88,1,0,always_ready,0,1
1,stress_random,20006,1888,1888,r_1888,1,qualified_ref,1,0,none,1964209375,1964225088,15713,3125,9463,88,1,0,always_ready,0,1
1,stress_random,20006,1889,1889,r_1889,1,qualified_ref,1,0,none,1965234375,1965250088,15713,3125,9463,88,1,0,always_ready,0,1
1,stress_random,20006,1890,1890,r_1890,1,qualified_ref,1,0,none,1966259375,1966275088,15713,3125,9463,88,1,0,always_ready,0,1
1,stress_random,20006,1891,1891,r_1891,1,qualified_ref,1,0,none,1967284375,1967300088,15713,3125,9463,88,1,0,always_ready,0,1
1,stress_random,20006,1892,1892,r_1892,1,qualified_ref,1,0,none,1968309375,1968325088,15713,3125,9463,88,1,0,always_ready,0,1
1,stress_random,20006,1893,1893,r_1893,1,qualified_ref,1,0,none,1969334375,1969350088,15713,3125,9463,88,1,0,always_ready,0,1
1,stress_random,20006,1894,1894,r_1894,1,qualified_ref,1,0,none,1970359375,1970375088,15713,3125,9463,88,1,0,always_ready,0,1
1,stress_random,20006,1895,1895,r_1895,1,qualified_ref,1,0,none,1971384375,1971400088,15713,3125,9463,88,1,0,always_ready,0,1
1,stress_random,20006,1896,1896,r_1896,1,qualified_ref,1,0,none,1972409375,1972425088,15713,3125,9463,88,1,0,always_ready,0,1
1,stress_random,20006,1897,1897,r_1897,1,qualified_ref,1,0,none,1973434375,1973450088,15713,3125,9463,88,1,0,always_ready,0,1
1,stress_random,20006,1898,1898,r_1898,1,qualified_ref,1,0,none,1974459375,1974475088,15713,3125,9463,88,1,0,always_ready,0,1
1,stress_random,20006,1899,1899,r_1899,1,qualified_ref,1,0,none,1975484375,1975500088,15713,3125,9463,88,1,0,always_ready,0,1
1,stress_random,20006,1900,1900,r_1900,1,qualified_ref,1,0,none,1976509375,1976525088,15713,3125,9463,88,1,0,always_ready,0,1
1,stress_random,20006,1901,1901,r_1901,1,qualified_ref,1,0,none,1977534375,1977550088,15713,3125,9463,88,1,0,always_ready,0,1
1,stress_random,20006,1902,1902,r_1902,1,qualified_ref,1,0,none,1978559375,1978575088,15713,3125,9463,88,1,0,always_ready,0,1
1,stress_random,20006,1903,1903,r_1903,1,qualified_ref,1,0,none,1979584375,1979600088,15713,3125,9463,88,1,0,always_ready,0,1
1,stress_random,20006,1904,1904,r_1904,1,qualified_ref,1,0,none,1980609375,1980625088,15713,3125,9463,88,1,0,always_ready,0,1
1,stress_random,20006,1905,1905,r_1905,1,qualified_ref,1,0,none,1981634375,1981650088,15713,3125,9463,88,1,0,always_ready,0,1
1,stress_random,20006,1906,1906,r_1906,1,qualified_ref,1,0,none,1982659375,1982675088,15713,3125,9463,88,1,0,always_ready,0,1
1,stress_random,20006,1907,1907,r_1907,1,qualified_ref,1,0,none,1983684375,1983700088,15713,3125,9463,88,1,0,always_ready,0,1
1,stress_random,20006,1908,1908,r_1908,1,qualified_ref,1,0,none,1984709375,1984725088,15713,3125,9463,88,1,0,always_ready,0,1
1,stress_random,20006,1909,1909,r_1909,1,qualified_ref,1,0,none,1985734375,1985750088,15713,3125,9463,88,1,0,always_ready,0,1
1,stress_random,20006,1910,1910,r_1910,1,qualified_ref,1,0,none,1986759375,1986775088,15713,3125,9463,88,1,0,always_ready,0,1
1,stress_random,20006,1911,1911,r_1911,1,qualified_ref,1,0,none,1987784375,1987800088,15713,3125,9463,88,1,0,always_ready,0,1
1,stress_random,20006,1912,1912,r_1912,1,qualified_ref,1,0,none,1988809375,1988825088,15713,3125,9463,88,1,0,always_ready,0,1
1,stress_random,20006,1913,1913,r_1913,1,qualified_ref,1,0,none,1989834375,1989850088,15713,3125,9463,88,1,0,always_ready,0,1
1,stress_random,20006,1914,1914,r_1914,1,qualified_ref,1,0,none,1990859375,1990875088,15713,3125,9463,88,1,0,always_ready,0,1
1,stress_random,20006,1915,1915,r_1915,1,qualified_ref,1,0,none,1991884375,1991900088,15713,3125,9463,88,1,0,always_ready,0,1
1,stress_random,20006,1916,1916,r_1916,1,qualified_ref,1,0,none,1992909375,1992925088,15713,3125,9463,88,1,0,always_ready,0,1
1,stress_random,20006,1917,1917,r_1917,1,qualified_ref,1,0,none,1993934375,1993950088,15713,3125,9463,88,1,0,always_ready,0,1
1,stress_random,20006,1918,1918,r_1918,1,qualified_ref,1,0,none,1994959375,1994975088,15713,3125,9463,88,1,0,always_ready,0,1
1,stress_random,20006,1919,1919,r_1919,1,qualified_ref,1,0,none,1995984375,1996000088,15713,3125,9463,88,1,0,always_ready,0,1
1,stress_random,20006,1920,1920,r_1920,1,qualified_ref,1,0,none,1997009375,1997025088,15713,3125,9463,88,1,0,always_ready,0,1
1,stress_random,20006,1921,1921,r_1921,1,qualified_ref,1,0,none,1998034375,1998050088,15713,3125,9463,88,1,0,always_ready,0,1
1,stress_random,20006,1922,1922,r_1922,1,qualified_ref,1,0,none,1999059375,1999075088,15713,3125,9463,88,1,0,always_ready,0,1
1,stress_random,20006,1923,1923,r_1923,1,qualified_ref,1,0,none,2000084375,2000100088,15713,3125,9463,88,1,0,always_ready,0,1
1,stress_random,20006,1924,1924,r_1924,1,qualified_ref,1,0,none,2001109375,2001125088,15713,3125,9463,88,1,0,always_ready,0,1
1,stress_random,20006,1925,1925,r_1925,1,qualified_ref,1,0,none,2002134375,2002150088,15713,3125,9463,88,1,0,always_ready,0,1
1,stress_random,20006,1926,1926,r_1926,1,qualified_ref,1,0,none,2003159375,2003175088,15713,3125,9463,88,1,0,always_ready,0,1
1,stress_random,20006,1927,1927,r_1927,1,qualified_ref,1,0,none,2004184375,2004200088,15713,3125,9463,88,1,0,always_ready,0,1
1,stress_random,20006,1928,1928,r_1928,1,qualified_ref,1,0,none,2005209375,2005225088,15713,3125,9463,88,1,0,always_ready,0,1
1,stress_random,20006,1929,1929,r_1929,1,qualified_ref,1,0,none,2006234375,2006250088,15713,3125,9463,88,1,0,always_ready,0,1
1,stress_random,20006,1930,1930,r_1930,1,qualified_ref,1,0,none,2007259375,2007275088,15713,3125,9463,88,1,0,always_ready,0,1
1,stress_random,20006,1931,1931,r_1931,1,qualified_ref,1,0,none,2008284375,2008300088,15713,3125,9463,88,1,0,always_ready,0,1
1,stress_random,20006,1932,1932,r_1932,1,qualified_ref,1,0,none,2009309375,2009325088,15713,3125,9463,88,1,0,always_ready,0,1
1,stress_random,20006,1933,1933,r_1933,1,qualified_ref,1,0,none,2010334375,2010350088,15713,3125,9463,88,1,0,always_ready,0,1
1,stress_random,20006,1934,1934,r_1934,1,qualified_ref,1,0,none,2011359375,2011375088,15713,3125,9463,88,1,0,always_ready,0,1
1,stress_random,20006,1935,1935,r_1935,1,qualified_ref,1,0,none,2012384375,2012400088,15713,3125,9463,88,1,0,always_ready,0,1
1,stress_random,20006,1936,1936,r_1936,1,qualified_ref,1,0,none,2013409375,2013425088,15713,3125,9463,88,1,0,always_ready,0,1
1,stress_random,20006,1937,1937,r_1937,1,qualified_ref,1,0,none,2014434375,2014450088,15713,3125,9463,88,1,0,always_ready,0,1
1,stress_random,20006,1938,1938,r_1938,1,qualified_ref,1,0,none,2015459375,2015475088,15713,3125,9463,88,1,0,always_ready,0,1
1,stress_random,20006,1939,1939,r_1939,1,qualified_ref,1,0,none,2016484375,2016500088,15713,3125,9463,88,1,0,always_ready,0,1
1,stress_random,20006,1940,1940,r_1940,1,qualified_ref,1,0,none,2017509375,2017525088,15713,3125,9463,88,1,0,always_ready,0,1
1,stress_random,20006,1941,1941,r_1941,1,qualified_ref,1,0,none,2018534375,2018550088,15713,3125,9463,88,1,0,always_ready,0,1
1,stress_random,20006,1942,1942,r_1942,1,qualified_ref,1,0,none,2019559375,2019575088,15713,3125,9463,88,1,0,always_ready,0,1
1,stress_random,20006,1943,1943,r_1943,1,qualified_ref,1,0,none,2020584375,2020600088,15713,3125,9463,88,1,0,always_ready,0,1
1,stress_random,20006,1944,1944,r_1944,1,qualified_ref,1,0,none,2021609375,2021625088,15713,3125,9463,88,1,0,always_ready,0,1
1,stress_random,20006,1945,1945,r_1945,1,qualified_ref,1,0,none,2022634375,2022650088,15713,3125,9463,88,1,0,always_ready,0,1
1,stress_random,20006,1946,1946,r_1946,1,qualified_ref,1,0,none,2023659375,2023675088,15713,3125,9463,88,1,0,always_ready,0,1
1,stress_random,20006,1947,1947,r_1947,1,qualified_ref,1,0,none,2024684375,2024700088,15713,3125,9463,88,1,0,always_ready,0,1
1,stress_random,20006,1948,1948,r_1948,1,qualified_ref,1,0,none,2025709375,2025725088,15713,3125,9463,88,1,0,always_ready,0,1
1,stress_random,20006,1949,1949,r_1949,1,qualified_ref,1,0,none,2026734375,2026750088,15713,3125,9463,88,1,0,always_ready,0,1
1,stress_random,20006,1950,1950,r_1950,1,qualified_ref,1,0,none,2027759375,2027775088,15713,3125,9463,88,1,0,always_ready,0,1
1,stress_random,20006,1951,1951,r_1951,1,qualified_ref,1,0,none,2028784375,2028800088,15713,3125,9463,88,1,0,always_ready,0,1
1,stress_random,20006,1952,1952,r_1952,1,qualified_ref,1,0,none,2029809375,2029825088,15713,3125,9463,88,1,0,always_ready,0,1
1,stress_random,20006,1953,1953,r_1953,1,qualified_ref,1,0,none,2030834375,2030850088,15713,3125,9463,88,1,0,always_ready,0,1
1,stress_random,20006,1954,1954,r_1954,1,qualified_ref,1,0,none,2031859375,2031875088,15713,3125,9463,88,1,0,always_ready,0,1
1,stress_random,20006,1955,1955,r_1955,1,qualified_ref,1,0,none,2032884375,2032900088,15713,3125,9463,88,1,0,always_ready,0,1
1,stress_random,20006,1956,1956,r_1956,1,qualified_ref,1,0,none,2033909375,2033925088,15713,3125,9463,88,1,0,always_ready,0,1
1,stress_random,20006,1957,1957,r_1957,1,qualified_ref,1,0,none,2034934375,2034950088,15713,3125,9463,88,1,0,always_ready,0,1
1,stress_random,20006,1958,1958,r_1958,1,qualified_ref,1,0,none,2035959375,2035975088,15713,3125,9463,88,1,0,always_ready,0,1
1,stress_random,20006,1959,1959,r_1959,1,qualified_ref,1,0,none,2036984375,2037000088,15713,3125,9463,88,1,0,always_ready,0,1
1,stress_random,20006,1960,1960,r_1960,1,qualified_ref,1,0,none,2038009375,2038025088,15713,3125,9463,88,1,0,always_ready,0,1
1,stress_random,20006,1961,1961,r_1961,1,qualified_ref,1,0,none,2039034375,2039050088,15713,3125,9463,88,1,0,always_ready,0,1
1,stress_random,20006,1962,1962,r_1962,1,qualified_ref,1,0,none,2040059375,2040075088,15713,3125,9463,88,1,0,always_ready,0,1
1,stress_random,20006,1963,1963,r_1963,1,qualified_ref,1,0,none,2041084375,2041100088,15713,3125,9463,88,1,0,always_ready,0,1
1,stress_random,20006,1964,1964,r_1964,1,qualified_ref,1,0,none,2042109375,2042125088,15713,3125,9463,88,1,0,always_ready,0,1
1,stress_random,20006,1965,1965,r_1965,1,qualified_ref,1,0,none,2043134375,2043150088,15713,3125,9463,88,1,0,always_ready,0,1
1,stress_random,20006,1966,1966,r_1966,1,qualified_ref,1,0,none,2044159375,2044175088,15713,3125,9463,88,1,0,always_ready,0,1
1,stress_random,20006,1967,1967,r_1967,1,qualified_ref,1,0,none,2045184375,2045200088,15713,3125,9463,88,1,0,always_ready,0,1
1,stress_random,20006,1968,1968,r_1968,1,qualified_ref,1,0,none,2046209375,2046225088,15713,3125,9463,88,1,0,always_ready,0,1
1,stress_random,20006,1969,1969,r_1969,1,qualified_ref,1,0,none,2047234375,2047250088,15713,3125,9463,88,1,0,always_ready,0,1
1,stress_random,20006,1970,1970,r_1970,1,qualified_ref,1,0,none,2048259375,2048275088,15713,3125,9463,88,1,0,always_ready,0,1
1,stress_random,20006,1971,1971,r_1971,1,qualified_ref,1,0,none,2049284375,2049300088,15713,3125,9463,88,1,0,always_ready,0,1
1,stress_random,20006,1972,1972,r_1972,1,qualified_ref,1,0,none,2050309375,2050325088,15713,3125,9463,88,1,0,always_ready,0,1
1,stress_random,20006,1973,1973,r_1973,1,qualified_ref,1,0,none,2051334375,2051350088,15713,3125,9463,88,1,0,always_ready,0,1
1,stress_random,20006,1974,1974,r_1974,1,qualified_ref,1,0,none,2052359375,2052375088,15713,3125,9463,88,1,0,always_ready,0,1
1,stress_random,20006,1975,1975,r_1975,1,qualified_ref,1,0,none,2053384375,2053400088,15713,3125,9463,88,1,0,always_ready,0,1
1,stress_random,20006,1976,1976,r_1976,1,qualified_ref,1,0,none,2054409375,2054425088,15713,3125,9463,88,1,0,always_ready,0,1
1,stress_random,20006,1977,1977,r_1977,1,qualified_ref,1,0,none,2055434375,2055450088,15713,3125,9463,88,1,0,always_ready,0,1
1,stress_random,20006,1978,1978,r_1978,1,qualified_ref,1,0,none,2056459375,2056475088,15713,3125,9463,88,1,0,always_ready,0,1
1,stress_random,20006,1979,1979,r_1979,1,qualified_ref,1,0,none,2057484375,2057500088,15713,3125,9463,88,1,0,always_ready,0,1
1,stress_random,20006,1980,1980,r_1980,1,qualified_ref,1,0,none,2058509375,2058525088,15713,3125,9463,88,1,0,always_ready,0,1
1,stress_random,20006,1981,1981,r_1981,1,qualified_ref,1,0,none,2059534375,2059550088,15713,3125,9463,88,1,0,always_ready,0,1
1,stress_random,20006,1982,1982,r_1982,1,qualified_ref,1,0,none,2060559375,2060575088,15713,3125,9463,88,1,0,always_ready,0,1
1,stress_random,20006,1983,1983,r_1983,1,qualified_ref,1,0,none,2061584375,2061600088,15713,3125,9463,88,1,0,always_ready,0,1
1,stress_random,20006,1984,1984,r_1984,1,qualified_ref,1,0,none,2062609375,2062625088,15713,3125,9463,88,1,0,always_ready,0,1
1,stress_random,20006,1985,1985,r_1985,1,qualified_ref,1,0,none,2063634375,2063650088,15713,3125,9463,88,1,0,always_ready,0,1
1,stress_random,20006,1986,1986,r_1986,1,qualified_ref,1,0,none,2064659375,2064675088,15713,3125,9463,88,1,0,always_ready,0,1
1,stress_random,20006,1987,1987,r_1987,1,qualified_ref,1,0,none,2065684375,2065700088,15713,3125,9463,88,1,0,always_ready,0,1
1,stress_random,20006,1988,1988,r_1988,1,qualified_ref,1,0,none,2066709375,2066725088,15713,3125,9463,88,1,0,always_ready,0,1
1,stress_random,20006,1989,1989,r_1989,1,qualified_ref,1,0,none,2067734375,2067750088,15713,3125,9463,88,1,0,always_ready,0,1
1,stress_random,20006,1990,1990,r_1990,1,qualified_ref,1,0,none,2068759375,2068775088,15713,3125,9463,88,1,0,always_ready,0,1
1,stress_random,20006,1991,1991,r_1991,1,qualified_ref,1,0,none,2069784375,2069800088,15713,3125,9463,88,1,0,always_ready,0,1
1,stress_random,20006,1992,1992,r_1992,1,qualified_ref,1,0,none,2070809375,2070825088,15713,3125,9463,88,1,0,always_ready,0,1
1,stress_random,20006,1993,1993,r_1993,1,qualified_ref,1,0,none,2071834375,2071850088,15713,3125,9463,88,1,0,always_ready,0,1
1,stress_random,20006,1994,1994,r_1994,1,qualified_ref,1,0,none,2072859375,2072875088,15713,3125,9463,88,1,0,always_ready,0,1
1,stress_random,20006,1995,1995,r_1995,1,qualified_ref,1,0,none,2073884375,2073900088,15713,3125,9463,88,1,0,always_ready,0,1
1,stress_random,20006,1996,1996,r_1996,1,qualified_ref,1,0,none,2074909375,2074925088,15713,3125,9463,88,1,0,always_ready,0,1
1,stress_random,20006,1997,1997,r_1997,1,qualified_ref,1,0,none,2075934375,2075950088,15713,3125,9463,88,1,0,always_ready,0,1
1,stress_random,20006,1998,1998,r_1998,1,qualified_ref,1,0,none,2076959375,2076975088,15713,3125,9463,88,1,0,always_ready,0,1
1,stress_random,20006,1999,1999,r_1999,1,qualified_ref,1,0,none,2077984375,2078000088,15713,3125,9463,88,1,0,always_ready,0,1
1,stress_random,20006,2000,2000,r_2000,0,qualified_ref,1,0,none,2083109375,2083125088,15713,3125,9463,88,15,0,always_ready,0,1
1,stress_random,20006,2001,2001,r_2001,0,qualified_ref,1,0,none,2084134375,2084150088,15713,3125,9463,88,15,0,always_ready,0,1
1,stress_random,20006,2002,2002,r_2002,0,qualified_ref,1,0,none,2085159375,2085175088,15713,3125,9463,88,15,0,always_ready,0,1
1,stress_random,20006,2003,2003,r_2003,0,qualified_ref,1,0,none,2086184375,2086200088,15713,3125,9463,88,15,0,always_ready,0,1
1,stress_random,20006,2004,2004,r_2004,0,qualified_ref,1,0,none,2087209375,2087225088,15713,3125,9463,88,15,0,always_ready,0,1
1,stress_random,20006,2005,2005,r_2005,0,qualified_ref,1,0,none,2088234375,2088250088,15713,3125,9463,88,15,0,always_ready,0,1
1,stress_random,20006,2006,2006,r_2006,0,qualified_ref,1,0,none,2089259375,2089275088,15713,3125,9463,88,15,0,always_ready,0,1
1,stress_random,20006,2007,2007,r_2007,0,qualified_ref,1,0,none,2090284375,2090300088,15713,3125,9463,88,15,0,always_ready,0,1
1,stress_random,20006,2008,2008,r_2008,0,qualified_ref,1,0,none,2091309375,2091325088,15713,3125,9463,88,15,0,always_ready,0,1
1,stress_random,20006,2009,2009,r_2009,0,qualified_ref,1,0,none,2092334375,2092350088,15713,3125,9463,88,15,0,always_ready,0,1
1,stress_random,20006,2010,2010,r_2010,0,qualified_ref,1,0,none,2093359375,2093375088,15713,3125,9463,88,15,0,always_ready,0,1
1,stress_random,20006,2011,2011,r_2011,0,qualified_ref,1,0,none,2094384375,2094400088,15713,3125,9463,88,15,0,always_ready,0,1
1,stress_random,20006,2012,2012,r_2012,0,qualified_ref,1,0,none,2095409375,2095425088,15713,3125,9463,88,15,0,always_ready,0,1
1,stress_random,20006,2013,2013,r_2013,0,qualified_ref,1,0,none,2096434375,2096450088,15713,3125,9463,88,15,0,always_ready,0,1
1,stress_random,20006,2014,2014,r_2014,0,qualified_ref,1,0,none,2097459375,2097475088,15713,3125,9463,88,15,0,always_ready,0,1
1,stress_random,20006,2015,2015,r_2015,0,qualified_ref,1,0,none,2098484375,2098500088,15713,3125,9463,88,15,0,always_ready,0,1
1,stress_random,20006,2016,2016,r_2016,0,qualified_ref,1,0,none,2099509375,2099525088,15713,3125,9463,88,15,0,always_ready,0,1
1,stress_random,20006,2017,2017,r_2017,0,qualified_ref,1,0,none,2100534375,2100550088,15713,3125,9463,88,15,0,always_ready,0,1
1,stress_random,20006,2018,2018,r_2018,0,qualified_ref,1,0,none,2101559375,2101575088,15713,3125,9463,88,15,0,always_ready,0,1
1,stress_random,20006,2019,2019,r_2019,0,qualified_ref,1,0,none,2102584375,2102600088,15713,3125,9463,88,15,0,always_ready,0,1
1,stress_random,20006,2020,2020,r_2020,0,qualified_ref,1,0,none,2103609375,2103625088,15713,3125,9463,88,15,0,always_ready,0,1
1,stress_random,20006,2021,2021,r_2021,0,qualified_ref,1,0,none,2104634375,2104650088,15713,3125,9463,88,15,0,always_ready,0,1
1,stress_random,20006,2022,2022,r_2022,0,qualified_ref,1,0,none,2105659375,2105675088,15713,3125,9463,88,15,0,always_ready,0,1
1,stress_random,20006,2023,2023,r_2023,0,qualified_ref,1,0,none,2106684375,2106700088,15713,3125,9463,88,15,0,always_ready,0,1
1,stress_random,20006,2024,2024,r_2024,0,qualified_ref,1,0,none,2107709375,2107725088,15713,3125,9463,88,15,0,always_ready,0,1
1,stress_random,20006,2025,2025,r_2025,0,qualified_ref,1,0,none,2108734375,2108750088,15713,3125,9463,88,15,0,always_ready,0,1
1,stress_random,20006,2026,2026,r_2026,0,qualified_ref,1,0,none,2109759375,2109775088,15713,3125,9463,88,15,0,always_ready,0,1
1,stress_random,20006,2027,2027,r_2027,0,qualified_ref,1,0,none,2110784375,2110800088,15713,3125,9463,88,15,0,always_ready,0,1
1,stress_random,20006,2028,2028,r_2028,0,qualified_ref,1,0,none,2111809375,2111825088,15713,3125,9463,88,15,0,always_ready,0,1
1,stress_random,20006,2029,2029,r_2029,0,qualified_ref,1,0,none,2112834375,2112850088,15713,3125,9463,88,15,0,always_ready,0,1
1,stress_random,20006,2030,2030,r_2030,0,qualified_ref,1,0,none,2113859375,2113875088,15713,3125,9463,88,15,0,always_ready,0,1
1,stress_random,20006,2031,2031,r_2031,0,qualified_ref,1,0,none,2114884375,2114900088,15713,3125,9463,88,15,0,always_ready,0,1
1,stress_random,20006,2032,2032,r_2032,0,qualified_ref,1,0,none,2115909375,2115925088,15713,3125,9463,88,15,0,always_ready,0,1
1,stress_random,20006,2033,2033,r_2033,0,qualified_ref,1,0,none,2116934375,2116950088,15713,3125,9463,88,15,0,always_ready,0,1
1,stress_random,20006,2034,2034,r_2034,0,qualified_ref,1,0,none,2117959375,2117975088,15713,3125,9463,88,15,0,always_ready,0,1
1,stress_random,20006,2035,2035,r_2035,0,qualified_ref,1,0,none,2118984375,2119000088,15713,3125,9463,88,15,0,always_ready,0,1
1,stress_random,20006,2036,2036,r_2036,0,qualified_ref,1,0,none,2120009375,2120025088,15713,3125,9463,88,15,0,always_ready,0,1
1,stress_random,20006,2037,2037,r_2037,0,qualified_ref,1,0,none,2121034375,2121050088,15713,3125,9463,88,15,0,always_ready,0,1
1,stress_random,20006,2038,2038,r_2038,0,qualified_ref,1,0,none,2122059375,2122075088,15713,3125,9463,88,15,0,always_ready,0,1
1,stress_random,20006,2039,2039,r_2039,0,qualified_ref,1,0,none,2123084375,2123100088,15713,3125,9463,88,15,0,always_ready,0,1
1,stress_random,20006,2040,2040,r_2040,0,qualified_ref,1,0,none,2124109375,2124125088,15713,3125,9463,88,15,0,always_ready,0,1
1,stress_random,20006,2041,2041,r_2041,0,qualified_ref,1,0,none,2125134375,2125150088,15713,3125,9463,88,15,0,always_ready,0,1
1,stress_random,20006,2042,2042,r_2042,0,qualified_ref,1,0,none,2126159375,2126175088,15713,3125,9463,88,15,0,always_ready,0,1
1,stress_random,20006,2043,2043,r_2043,0,qualified_ref,1,0,none,2127184375,2127200088,15713,3125,9463,88,15,0,always_ready,0,1
1,stress_random,20006,2044,2044,r_2044,0,qualified_ref,1,0,none,2128209375,2128225088,15713,3125,9463,88,15,0,always_ready,0,1
1,stress_random,20006,2045,2045,r_2045,0,qualified_ref,1,0,none,2129234375,2129250088,15713,3125,9463,88,15,0,always_ready,0,1
1,stress_random,20006,2046,2046,r_2046,0,qualified_ref,1,0,none,2130259375,2130275088,15713,3125,9463,88,15,0,always_ready,0,1
1,stress_random,20006,2047,2047,r_2047,0,qualified_ref,1,0,none,2131284375,2131300088,15713,3125,9463,88,15,0,always_ready,0,1
1,stress_random,20006,2048,2048,r_2048,0,qualified_ref,1,0,none,2132309375,2132325088,15713,3125,9463,88,15,0,always_ready,0,1
1,stress_random,20006,2049,2049,r_2049,0,qualified_ref,1,0,none,2133334375,2133350088,15713,3125,9463,88,15,0,always_ready,0,1
1,stress_random,20006,2050,2050,r_2050,0,qualified_ref,1,0,none,2134359375,2134375088,15713,3125,9463,88,15,0,always_ready,0,1
1,stress_random,20006,2051,2051,r_2051,0,qualified_ref,1,0,none,2135384375,2135400088,15713,3125,9463,88,15,0,always_ready,0,1
1,stress_random,20006,2052,2052,r_2052,0,qualified_ref,1,0,none,2136409375,2136425088,15713,3125,9463,88,15,0,always_ready,0,1
1,stress_random,20006,2053,2053,r_2053,0,qualified_ref,1,0,none,2137434375,2137450088,15713,3125,9463,88,15,0,always_ready,0,1
1,stress_random,20006,2054,2054,r_2054,0,qualified_ref,1,0,none,2138459375,2138475088,15713,3125,9463,88,15,0,always_ready,0,1
1,stress_random,20006,2055,2055,r_2055,0,qualified_ref,1,0,none,2139484375,2139500088,15713,3125,9463,88,15,0,always_ready,0,1
1,stress_random,20006,2056,2056,r_2056,0,qualified_ref,1,0,none,2140509375,2140525088,15713,3125,9463,88,15,0,always_ready,0,1
1,stress_random,20006,2057,2057,r_2057,0,qualified_ref,1,0,none,2141534375,2141550088,15713,3125,9463,88,15,0,always_ready,0,1
1,stress_random,20006,2058,2058,r_2058,0,qualified_ref,1,0,none,2142559375,2142575088,15713,3125,9463,88,15,0,always_ready,0,1
1,stress_random,20006,2059,2059,r_2059,0,qualified_ref,1,0,none,2143584375,2143600088,15713,3125,9463,88,15,0,always_ready,0,1
1,stress_random,20006,2060,2060,r_2060,0,qualified_ref,1,0,none,2144609375,2144625088,15713,3125,9463,88,15,0,always_ready,0,1
1,stress_random,20006,2061,2061,r_2061,0,qualified_ref,1,0,none,2145634375,2145650088,15713,3125,9463,88,15,0,always_ready,0,1
1,stress_random,20006,2062,2062,r_2062,0,qualified_ref,1,0,none,2146659375,2146675088,15713,3125,9463,88,15,0,always_ready,0,1
1,stress_random,20006,2063,2063,r_2063,0,qualified_ref,1,0,none,2147684375,2147700088,15713,3125,9463,88,15,0,always_ready,0,1
1,stress_random,20006,2064,2064,r_2064,0,qualified_ref,1,0,none,2148709375,2148725088,15713,3125,9463,88,15,0,always_ready,0,1
1,stress_random,20006,2065,2065,r_2065,0,qualified_ref,1,0,none,2149734375,2149750088,15713,3125,9463,88,15,0,always_ready,0,1
1,stress_random,20006,2066,2066,r_2066,0,qualified_ref,1,0,none,2150759375,2150775088,15713,3125,9463,88,15,0,always_ready,0,1
1,stress_random,20006,2067,2067,r_2067,0,qualified_ref,1,0,none,2151784375,2151800088,15713,3125,9463,88,15,0,always_ready,0,1
1,stress_random,20006,2068,2068,r_2068,0,qualified_ref,1,0,none,2152809375,2152825088,15713,3125,9463,88,15,0,always_ready,0,1
1,stress_random,20006,2069,2069,r_2069,0,qualified_ref,1,0,none,2153834375,2153850088,15713,3125,9463,88,15,0,always_ready,0,1
1,stress_random,20006,2070,2070,r_2070,0,qualified_ref,1,0,none,2154859375,2154875088,15713,3125,9463,88,15,0,always_ready,0,1
1,stress_random,20006,2071,2071,r_2071,0,qualified_ref,1,0,none,2155884375,2155900088,15713,3125,9463,88,15,0,always_ready,0,1
1,stress_random,20006,2072,2072,r_2072,0,qualified_ref,1,0,none,2156909375,2156925088,15713,3125,9463,88,15,0,always_ready,0,1
1,stress_random,20006,2073,2073,r_2073,0,qualified_ref,1,0,none,2157934375,2157950088,15713,3125,9463,88,15,0,always_ready,0,1
1,stress_random,20006,2074,2074,r_2074,0,qualified_ref,1,0,none,2158959375,2158975088,15713,3125,9463,88,15,0,always_ready,0,1
1,stress_random,20006,2075,2075,r_2075,0,qualified_ref,1,0,none,2159984375,2160000088,15713,3125,9463,88,15,0,always_ready,0,1
1,stress_random,20006,2076,2076,r_2076,0,qualified_ref,1,0,none,2161009375,2161025088,15713,3125,9463,88,15,0,always_ready,0,1
1,stress_random,20006,2077,2077,r_2077,0,qualified_ref,1,0,none,2162034375,2162050088,15713,3125,9463,88,15,0,always_ready,0,1
1,stress_random,20006,2078,2078,r_2078,0,qualified_ref,1,0,none,2163059375,2163075088,15713,3125,9463,88,15,0,always_ready,0,1
1,stress_random,20006,2079,2079,r_2079,0,qualified_ref,1,0,none,2164084375,2164100088,15713,3125,9463,88,15,0,always_ready,0,1
1,stress_random,20006,2080,2080,r_2080,0,qualified_ref,1,0,none,2165109375,2165125088,15713,3125,9463,88,15,0,always_ready,0,1
1,stress_random,20006,2081,2081,r_2081,0,qualified_ref,1,0,none,2166134375,2166150088,15713,3125,9463,88,15,0,always_ready,0,1
1,stress_random,20006,2082,2082,r_2082,0,qualified_ref,1,0,none,2167159375,2167175088,15713,3125,9463,88,15,0,always_ready,0,1
1,stress_random,20006,2083,2083,r_2083,0,qualified_ref,1,0,none,2168184375,2168200088,15713,3125,9463,88,15,0,always_ready,0,1
1,stress_random,20006,2084,2084,r_2084,0,qualified_ref,1,0,none,2169209375,2169225088,15713,3125,9463,88,15,0,always_ready,0,1
1,stress_random,20006,2085,2085,r_2085,0,qualified_ref,1,0,none,2170234375,2170250088,15713,3125,9463,88,15,0,always_ready,0,1
1,stress_random,20006,2086,2086,r_2086,0,qualified_ref,1,0,none,2171259375,2171275088,15713,3125,9463,88,15,0,always_ready,0,1
1,stress_random,20006,2087,2087,r_2087,0,qualified_ref,1,0,none,2172284375,2172300088,15713,3125,9463,88,15,0,always_ready,0,1
1,stress_random,20006,2088,2088,r_2088,0,qualified_ref,1,0,none,2173309375,2173325088,15713,3125,9463,88,15,0,always_ready,0,1
1,stress_random,20006,2089,2089,r_2089,0,qualified_ref,1,0,none,2174334375,2174350088,15713,3125,9463,88,15,0,always_ready,0,1
1,stress_random,20006,2090,2090,r_2090,0,qualified_ref,1,0,none,2175359375,2175375088,15713,3125,9463,88,15,0,always_ready,0,1
1,stress_random,20006,2091,2091,r_2091,0,qualified_ref,1,0,none,2176384375,2176400088,15713,3125,9463,88,15,0,always_ready,0,1
1,stress_random,20006,2092,2092,r_2092,0,qualified_ref,1,0,none,2177409375,2177425088,15713,3125,9463,88,15,0,always_ready,0,1
1,stress_random,20006,2093,2093,r_2093,0,qualified_ref,1,0,none,2178434375,2178450088,15713,3125,9463,88,15,0,always_ready,0,1
1,stress_random,20006,2094,2094,r_2094,0,qualified_ref,1,0,none,2179459375,2179475088,15713,3125,9463,88,15,0,always_ready,0,1
1,stress_random,20006,2095,2095,r_2095,0,qualified_ref,1,0,none,2180484375,2180500088,15713,3125,9463,88,15,0,always_ready,0,1
1,stress_random,20006,2096,2096,r_2096,0,qualified_ref,1,0,none,2181509375,2181525088,15713,3125,9463,88,15,0,always_ready,0,1
1,stress_random,20006,2097,2097,r_2097,0,qualified_ref,1,0,none,2182534375,2182550088,15713,3125,9463,88,15,0,always_ready,0,1
1,stress_random,20006,2098,2098,r_2098,0,qualified_ref,1,0,none,2183559375,2183575088,15713,3125,9463,88,15,0,always_ready,0,1
1,stress_random,20006,2099,2099,r_2099,0,qualified_ref,1,0,none,2184584375,2184600088,15713,3125,9463,88,15,0,always_ready,0,1
1,stress_random,20006,2100,2100,r_2100,0,qualified_ref,1,0,none,2185609375,2185625088,15713,3125,9463,88,15,0,always_ready,0,1
1,stress_random,20006,2101,2101,r_2101,0,qualified_ref,1,0,none,2186634375,2186650088,15713,3125,9463,88,15,0,always_ready,0,1
1,stress_random,20006,2102,2102,r_2102,0,qualified_ref,1,0,none,2187659375,2187675088,15713,3125,9463,88,15,0,always_ready,0,1
1,stress_random,20006,2103,2103,r_2103,0,qualified_ref,1,0,none,2188684375,2188700088,15713,3125,9463,88,15,0,always_ready,0,1
1,stress_random,20006,2104,2104,r_2104,0,qualified_ref,1,0,none,2189709375,2189725088,15713,3125,9463,88,15,0,always_ready,0,1
1,stress_random,20006,2105,2105,r_2105,0,qualified_ref,1,0,none,2190734375,2190750088,15713,3125,9463,88,15,0,always_ready,0,1
1,stress_random,20006,2106,2106,r_2106,0,qualified_ref,1,0,none,2191759375,2191775088,15713,3125,9463,88,15,0,always_ready,0,1
1,stress_random,20006,2107,2107,r_2107,0,qualified_ref,1,0,none,2192784375,2192800088,15713,3125,9463,88,15,0,always_ready,0,1
1,stress_random,20006,2108,2108,r_2108,0,qualified_ref,1,0,none,2193809375,2193825088,15713,3125,9463,88,15,0,always_ready,0,1
1,stress_random,20006,2109,2109,r_2109,0,qualified_ref,1,0,none,2194834375,2194850088,15713,3125,9463,88,15,0,always_ready,0,1
1,stress_random,20006,2110,2110,r_2110,0,qualified_ref,1,0,none,2195859375,2195875088,15713,3125,9463,88,15,0,always_ready,0,1
1,stress_random,20006,2111,2111,r_2111,0,qualified_ref,1,0,none,2196884375,2196900088,15713,3125,9463,88,15,0,always_ready,0,1
1,stress_random,20006,2112,2112,r_2112,0,qualified_ref,1,0,none,2197909375,2197925088,15713,3125,9463,88,15,0,always_ready,0,1
1,stress_random,20006,2113,2113,r_2113,0,qualified_ref,1,0,none,2198934375,2198950088,15713,3125,9463,88,15,0,always_ready,0,1
1,stress_random,20006,2114,2114,r_2114,0,qualified_ref,1,0,none,2199959375,2199975088,15713,3125,9463,88,15,0,always_ready,0,1
1,stress_random,20006,2115,2115,r_2115,0,qualified_ref,1,0,none,2200984375,2201000088,15713,3125,9463,88,15,0,always_ready,0,1
1,stress_random,20006,2116,2116,r_2116,0,qualified_ref,1,0,none,2202009375,2202025088,15713,3125,9463,88,15,0,always_ready,0,1
1,stress_random,20006,2117,2117,r_2117,0,qualified_ref,1,0,none,2203034375,2203050088,15713,3125,9463,88,15,0,always_ready,0,1
1,stress_random,20006,2118,2118,r_2118,0,qualified_ref,1,0,none,2204059375,2204075088,15713,3125,9463,88,15,0,always_ready,0,1
1,stress_random,20006,2119,2119,r_2119,0,qualified_ref,1,0,none,2205084375,2205100088,15713,3125,9463,88,15,0,always_ready,0,1
1,stress_random,20006,2120,2120,r_2120,0,qualified_ref,1,0,none,2206109375,2206125088,15713,3125,9463,88,15,0,always_ready,0,1
1,stress_random,20006,2121,2121,r_2121,0,qualified_ref,1,0,none,2207134375,2207150088,15713,3125,9463,88,15,0,always_ready,0,1
1,stress_random,20006,2122,2122,r_2122,0,qualified_ref,1,0,none,2208159375,2208175088,15713,3125,9463,88,15,0,always_ready,0,1
1,stress_random,20006,2123,2123,r_2123,0,qualified_ref,1,0,none,2209184375,2209200088,15713,3125,9463,88,15,0,always_ready,0,1
1,stress_random,20006,2124,2124,r_2124,0,qualified_ref,1,0,none,2210209375,2210225088,15713,3125,9463,88,15,0,always_ready,0,1
1,stress_random,20006,2125,2125,r_2125,0,qualified_ref,1,0,none,2211234375,2211250088,15713,3125,9463,88,15,0,always_ready,0,1
1,stress_random,20006,2126,2126,r_2126,0,qualified_ref,1,0,none,2212259375,2212275088,15713,3125,9463,88,15,0,always_ready,0,1
1,stress_random,20006,2127,2127,r_2127,0,qualified_ref,1,0,none,2213284375,2213300088,15713,3125,9463,88,15,0,always_ready,0,1
1,stress_random,20006,2128,2128,r_2128,0,qualified_ref,1,0,none,2214309375,2214325088,15713,3125,9463,88,15,0,always_ready,0,1
1,stress_random,20006,2129,2129,r_2129,0,qualified_ref,1,0,none,2215334375,2215350088,15713,3125,9463,88,15,0,always_ready,0,1
1,stress_random,20006,2130,2130,r_2130,0,qualified_ref,1,0,none,2216359375,2216375088,15713,3125,9463,88,15,0,always_ready,0,1
1,stress_random,20006,2131,2131,r_2131,0,qualified_ref,1,0,none,2217384375,2217400088,15713,3125,9463,88,15,0,always_ready,0,1
1,stress_random,20006,2132,2132,r_2132,0,qualified_ref,1,0,none,2218409375,2218425088,15713,3125,9463,88,15,0,always_ready,0,1
1,stress_random,20006,2133,2133,r_2133,0,qualified_ref,1,0,none,2219434375,2219450088,15713,3125,9463,88,15,0,always_ready,0,1
1,stress_random,20006,2134,2134,r_2134,0,qualified_ref,1,0,none,2220459375,2220475088,15713,3125,9463,88,15,0,always_ready,0,1
1,stress_random,20006,2135,2135,r_2135,0,qualified_ref,1,0,none,2221484375,2221500088,15713,3125,9463,88,15,0,always_ready,0,1
1,stress_random,20006,2136,2136,r_2136,0,qualified_ref,1,0,none,2222509375,2222525088,15713,3125,9463,88,15,0,always_ready,0,1
1,stress_random,20006,2137,2137,r_2137,0,qualified_ref,1,0,none,2223534375,2223550088,15713,3125,9463,88,15,0,always_ready,0,1
1,stress_random,20006,2138,2138,r_2138,0,qualified_ref,1,0,none,2224559375,2224575088,15713,3125,9463,88,15,0,always_ready,0,1
1,stress_random,20006,2139,2139,r_2139,0,qualified_ref,1,0,none,2225584375,2225600088,15713,3125,9463,88,15,0,always_ready,0,1
1,stress_random,20006,2140,2140,r_2140,0,qualified_ref,1,0,none,2226609375,2226625088,15713,3125,9463,88,15,0,always_ready,0,1
1,stress_random,20006,2141,2141,r_2141,0,qualified_ref,1,0,none,2227634375,2227650088,15713,3125,9463,88,15,0,always_ready,0,1
1,stress_random,20006,2142,2142,r_2142,0,qualified_ref,1,0,none,2228659375,2228675088,15713,3125,9463,88,15,0,always_ready,0,1
1,stress_random,20006,2143,2143,r_2143,0,qualified_ref,1,0,none,2229684375,2229700088,15713,3125,9463,88,15,0,always_ready,0,1
1,stress_random,20006,2144,2144,r_2144,0,qualified_ref,1,0,none,2230709375,2230725088,15713,3125,9463,88,15,0,always_ready,0,1
1,stress_random,20006,2145,2145,r_2145,0,qualified_ref,1,0,none,2231734375,2231750088,15713,3125,9463,88,15,0,always_ready,0,1
1,stress_random,20006,2146,2146,r_2146,0,qualified_ref,1,0,none,2232759375,2232775088,15713,3125,9463,88,15,0,always_ready,0,1
1,stress_random,20006,2147,2147,r_2147,0,qualified_ref,1,0,none,2233784375,2233800088,15713,3125,9463,88,15,0,always_ready,0,1
1,stress_random,20006,2148,2148,r_2148,0,qualified_ref,1,0,none,2234809375,2234825088,15713,3125,9463,88,15,0,always_ready,0,1
1,stress_random,20006,2149,2149,r_2149,0,qualified_ref,1,0,none,2235834375,2235850088,15713,3125,9463,88,15,0,always_ready,0,1
1,stress_random,20006,2150,2150,r_2150,0,qualified_ref,1,0,none,2236859375,2236875088,15713,3125,9463,88,15,0,always_ready,0,1
1,stress_random,20006,2151,2151,r_2151,0,qualified_ref,1,0,none,2237884375,2237900088,15713,3125,9463,88,15,0,always_ready,0,1
1,stress_random,20006,2152,2152,r_2152,0,qualified_ref,1,0,none,2238909375,2238925088,15713,3125,9463,88,15,0,always_ready,0,1
1,stress_random,20006,2153,2153,r_2153,0,qualified_ref,1,0,none,2239934375,2239950088,15713,3125,9463,88,15,0,always_ready,0,1
1,stress_random,20006,2154,2154,r_2154,0,qualified_ref,1,0,none,2240959375,2240975088,15713,3125,9463,88,15,0,always_ready,0,1
1,stress_random,20006,2155,2155,r_2155,0,qualified_ref,1,0,none,2241984375,2242000088,15713,3125,9463,88,15,0,always_ready,0,1
1,stress_random,20006,2156,2156,r_2156,0,qualified_ref,1,0,none,2243009375,2243025088,15713,3125,9463,88,15,0,always_ready,0,1
1,stress_random,20006,2157,2157,r_2157,0,qualified_ref,1,0,none,2244034375,2244050088,15713,3125,9463,88,15,0,always_ready,0,1
1,stress_random,20006,2158,2158,r_2158,0,qualified_ref,1,0,none,2245059375,2245075088,15713,3125,9463,88,15,0,always_ready,0,1
1,stress_random,20006,2159,2159,r_2159,0,qualified_ref,1,0,none,2246084375,2246100088,15713,3125,9463,88,15,0,always_ready,0,1
1,stress_random,20006,2160,2160,r_2160,0,qualified_ref,1,0,none,2247109375,2247125088,15713,3125,9463,88,15,0,always_ready,0,1
1,stress_random,20006,2161,2161,r_2161,0,qualified_ref,1,0,none,2248134375,2248150088,15713,3125,9463,88,15,0,always_ready,0,1
1,stress_random,20006,2162,2162,r_2162,0,qualified_ref,1,0,none,2249159375,2249175088,15713,3125,9463,88,15,0,always_ready,0,1
1,stress_random,20006,2163,2163,r_2163,0,qualified_ref,1,0,none,2250184375,2250200088,15713,3125,9463,88,15,0,always_ready,0,1
1,stress_random,20006,2164,2164,r_2164,0,qualified_ref,1,0,none,2251209375,2251225088,15713,3125,9463,88,15,0,always_ready,0,1
1,stress_random,20006,2165,2165,r_2165,0,qualified_ref,1,0,none,2252234375,2252250088,15713,3125,9463,88,15,0,always_ready,0,1
1,stress_random,20006,2166,2166,r_2166,0,qualified_ref,1,0,none,2253259375,2253275088,15713,3125,9463,88,15,0,always_ready,0,1
1,stress_random,20006,2167,2167,r_2167,0,qualified_ref,1,0,none,2254284375,2254300088,15713,3125,9463,88,15,0,always_ready,0,1
1,stress_random,20006,2168,2168,r_2168,0,qualified_ref,1,0,none,2255309375,2255325088,15713,3125,9463,88,15,0,always_ready,0,1
1,stress_random,20006,2169,2169,r_2169,0,qualified_ref,1,0,none,2256334375,2256350088,15713,3125,9463,88,15,0,always_ready,0,1
1,stress_random,20006,2170,2170,r_2170,0,qualified_ref,1,0,none,2257359375,2257375088,15713,3125,9463,88,15,0,always_ready,0,1
1,stress_random,20006,2171,2171,r_2171,0,qualified_ref,1,0,none,2258384375,2258400088,15713,3125,9463,88,15,0,always_ready,0,1
1,stress_random,20006,2172,2172,r_2172,0,qualified_ref,1,0,none,2259409375,2259425088,15713,3125,9463,88,15,0,always_ready,0,1
1,stress_random,20006,2173,2173,r_2173,0,qualified_ref,1,0,none,2260434375,2260450088,15713,3125,9463,88,15,0,always_ready,0,1
1,stress_random,20006,2174,2174,r_2174,0,qualified_ref,1,0,none,2261459375,2261475088,15713,3125,9463,88,15,0,always_ready,0,1
1,stress_random,20006,2175,2175,r_2175,0,qualified_ref,1,0,none,2262484375,2262500088,15713,3125,9463,88,15,0,always_ready,0,1
1,stress_random,20006,2176,2176,r_2176,0,qualified_ref,1,0,none,2263509375,2263525088,15713,3125,9463,88,15,0,always_ready,0,1
1,stress_random,20006,2177,2177,r_2177,0,qualified_ref,1,0,none,2264534375,2264550088,15713,3125,9463,88,15,0,always_ready,0,1
1,stress_random,20006,2178,2178,r_2178,0,qualified_ref,1,0,none,2265559375,2265575088,15713,3125,9463,88,15,0,always_ready,0,1
1,stress_random,20006,2179,2179,r_2179,0,qualified_ref,1,0,none,2266584375,2266600088,15713,3125,9463,88,15,0,always_ready,0,1
1,stress_random,20006,2180,2180,r_2180,0,qualified_ref,1,0,none,2267609375,2267625088,15713,3125,9463,88,15,0,always_ready,0,1
1,stress_random,20006,2181,2181,r_2181,0,qualified_ref,1,0,none,2268634375,2268650088,15713,3125,9463,88,15,0,always_ready,0,1
1,stress_random,20006,2182,2182,r_2182,0,qualified_ref,1,0,none,2269659375,2269675088,15713,3125,9463,88,15,0,always_ready,0,1
1,stress_random,20006,2183,2183,r_2183,0,qualified_ref,1,0,none,2270684375,2270700088,15713,3125,9463,88,15,0,always_ready,0,1
1,stress_random,20006,2184,2184,r_2184,0,qualified_ref,1,0,none,2271709375,2271725088,15713,3125,9463,88,15,0,always_ready,0,1
1,stress_random,20006,2185,2185,r_2185,0,qualified_ref,1,0,none,2272734375,2272750088,15713,3125,9463,88,15,0,always_ready,0,1
1,stress_random,20006,2186,2186,r_2186,0,qualified_ref,1,0,none,2273759375,2273775088,15713,3125,9463,88,15,0,always_ready,0,1
1,stress_random,20006,2187,2187,r_2187,0,qualified_ref,1,0,none,2274784375,2274800088,15713,3125,9463,88,15,0,always_ready,0,1
1,stress_random,20006,2188,2188,r_2188,0,qualified_ref,1,0,none,2275809375,2275825088,15713,3125,9463,88,15,0,always_ready,0,1
1,stress_random,20006,2189,2189,r_2189,0,qualified_ref,1,0,none,2276834375,2276850088,15713,3125,9463,88,15,0,always_ready,0,1
1,stress_random,20006,2190,2190,r_2190,0,qualified_ref,1,0,none,2277859375,2277875088,15713,3125,9463,88,15,0,always_ready,0,1
1,stress_random,20006,2191,2191,r_2191,0,qualified_ref,1,0,none,2278884375,2278900088,15713,3125,9463,88,15,0,always_ready,0,1
1,stress_random,20006,2192,2192,r_2192,0,qualified_ref,1,0,none,2279909375,2279925088,15713,3125,9463,88,15,0,always_ready,0,1
1,stress_random,20006,2193,2193,r_2193,0,qualified_ref,1,0,none,2280934375,2280950088,15713,3125,9463,88,15,0,always_ready,0,1
1,stress_random,20006,2194,2194,r_2194,0,qualified_ref,1,0,none,2281959375,2281975088,15713,3125,9463,88,15,0,always_ready,0,1
1,stress_random,20006,2195,2195,r_2195,0,qualified_ref,1,0,none,2282984375,2283000088,15713,3125,9463,88,15,0,always_ready,0,1
1,stress_random,20006,2196,2196,r_2196,0,qualified_ref,1,0,none,2284009375,2284025088,15713,3125,9463,88,15,0,always_ready,0,1
1,stress_random,20006,2197,2197,r_2197,0,qualified_ref,1,0,none,2285034375,2285050088,15713,3125,9463,88,15,0,always_ready,0,1
1,stress_random,20006,2198,2198,r_2198,0,qualified_ref,1,0,none,2286059375,2286075088,15713,3125,9463,88,15,0,always_ready,0,1
1,stress_random,20006,2199,2199,r_2199,0,qualified_ref,1,0,none,2287084375,2287100088,15713,3125,9463,88,15,0,always_ready,0,1
1,stress_random,20006,2200,2200,r_2200,0,qualified_ref,1,0,none,2288109375,2288125088,15713,3125,9463,88,15,0,always_ready,0,1
1,stress_random,20006,2201,2201,r_2201,0,qualified_ref,1,0,none,2289134375,2289150088,15713,3125,9463,88,15,0,always_ready,0,1
1,stress_random,20006,2202,2202,r_2202,0,qualified_ref,1,0,none,2290159375,2290175088,15713,3125,9463,88,15,0,always_ready,0,1
1,stress_random,20006,2203,2203,r_2203,0,qualified_ref,1,0,none,2291184375,2291200088,15713,3125,9463,88,15,0,always_ready,0,1
1,stress_random,20006,2204,2204,r_2204,0,qualified_ref,1,0,none,2292209375,2292225088,15713,3125,9463,88,15,0,always_ready,0,1
1,stress_random,20006,2205,2205,r_2205,0,qualified_ref,1,0,none,2293234375,2293250088,15713,3125,9463,88,15,0,always_ready,0,1
1,stress_random,20006,2206,2206,r_2206,0,qualified_ref,1,0,none,2294259375,2294275088,15713,3125,9463,88,15,0,always_ready,0,1
1,stress_random,20006,2207,2207,r_2207,0,qualified_ref,1,0,none,2295284375,2295300088,15713,3125,9463,88,15,0,always_ready,0,1
1,stress_random,20006,2208,2208,r_2208,0,qualified_ref,1,0,none,2296309375,2296325088,15713,3125,9463,88,15,0,always_ready,0,1
1,stress_random,20006,2209,2209,r_2209,0,qualified_ref,1,0,none,2297334375,2297350088,15713,3125,9463,88,15,0,always_ready,0,1
1,stress_random,20006,2210,2210,r_2210,0,qualified_ref,1,0,none,2298359375,2298375088,15713,3125,9463,88,15,0,always_ready,0,1
1,stress_random,20006,2211,2211,r_2211,0,qualified_ref,1,0,none,2299384375,2299400088,15713,3125,9463,88,15,0,always_ready,0,1
1,stress_random,20006,2212,2212,r_2212,0,qualified_ref,1,0,none,2300409375,2300425088,15713,3125,9463,88,15,0,always_ready,0,1
1,stress_random,20006,2213,2213,r_2213,0,qualified_ref,1,0,none,2301434375,2301450088,15713,3125,9463,88,15,0,always_ready,0,1
1,stress_random,20006,2214,2214,r_2214,0,qualified_ref,1,0,none,2302459375,2302475088,15713,3125,9463,88,15,0,always_ready,0,1
1,stress_random,20006,2215,2215,r_2215,0,qualified_ref,1,0,none,2303484375,2303500088,15713,3125,9463,88,15,0,always_ready,0,1
1,stress_random,20006,2216,2216,r_2216,0,qualified_ref,1,0,none,2304509375,2304525088,15713,3125,9463,88,15,0,always_ready,0,1
1,stress_random,20006,2217,2217,r_2217,0,qualified_ref,1,0,none,2305534375,2305550088,15713,3125,9463,88,15,0,always_ready,0,1
1,stress_random,20006,2218,2218,r_2218,0,qualified_ref,1,0,none,2306559375,2306575088,15713,3125,9463,88,15,0,always_ready,0,1
1,stress_random,20006,2219,2219,r_2219,0,qualified_ref,1,0,none,2307584375,2307600088,15713,3125,9463,88,15,0,always_ready,0,1
1,stress_random,20006,2220,2220,r_2220,0,qualified_ref,1,0,none,2308609375,2308625088,15713,3125,9463,88,15,0,always_ready,0,1
1,stress_random,20006,2221,2221,r_2221,0,qualified_ref,1,0,none,2309634375,2309650088,15713,3125,9463,88,15,0,always_ready,0,1
1,stress_random,20006,2222,2222,r_2222,0,qualified_ref,1,0,none,2310659375,2310675088,15713,3125,9463,88,15,0,always_ready,0,1
1,stress_random,20006,2223,2223,r_2223,0,qualified_ref,1,0,none,2311684375,2311700088,15713,3125,9463,88,15,0,always_ready,0,1
1,stress_random,20006,2224,2224,r_2224,0,qualified_ref,1,0,none,2312709375,2312725088,15713,3125,9463,88,15,0,always_ready,0,1
1,stress_random,20006,2225,2225,r_2225,0,qualified_ref,1,0,none,2313734375,2313750088,15713,3125,9463,88,15,0,always_ready,0,1
1,stress_random,20006,2226,2226,r_2226,0,qualified_ref,1,0,none,2314759375,2314775088,15713,3125,9463,88,15,0,always_ready,0,1
1,stress_random,20006,2227,2227,r_2227,0,qualified_ref,1,0,none,2315784375,2315800088,15713,3125,9463,88,15,0,always_ready,0,1
1,stress_random,20006,2228,2228,r_2228,0,qualified_ref,1,0,none,2316809375,2316825088,15713,3125,9463,88,15,0,always_ready,0,1
1,stress_random,20006,2229,2229,r_2229,0,qualified_ref,1,0,none,2317834375,2317850088,15713,3125,9463,88,15,0,always_ready,0,1
1,stress_random,20006,2230,2230,r_2230,0,qualified_ref,1,0,none,2318859375,2318875088,15713,3125,9463,88,15,0,always_ready,0,1
1,stress_random,20006,2231,2231,r_2231,0,qualified_ref,1,0,none,2319884375,2319900088,15713,3125,9463,88,15,0,always_ready,0,1
1,stress_random,20006,2232,2232,r_2232,0,qualified_ref,1,0,none,2320909375,2320925088,15713,3125,9463,88,15,0,always_ready,0,1
1,stress_random,20006,2233,2233,r_2233,0,qualified_ref,1,0,none,2321934375,2321950088,15713,3125,9463,88,15,0,always_ready,0,1
1,stress_random,20006,2234,2234,r_2234,0,qualified_ref,1,0,none,2322959375,2322975088,15713,3125,9463,88,15,0,always_ready,0,1
1,stress_random,20006,2235,2235,r_2235,0,qualified_ref,1,0,none,2323984375,2324000088,15713,3125,9463,88,15,0,always_ready,0,1
1,stress_random,20006,2236,2236,r_2236,0,qualified_ref,1,0,none,2325009375,2325025088,15713,3125,9463,88,15,0,always_ready,0,1
1,stress_random,20006,2237,2237,r_2237,0,qualified_ref,1,0,none,2326034375,2326050088,15713,3125,9463,88,15,0,always_ready,0,1
1,stress_random,20006,2238,2238,r_2238,0,qualified_ref,1,0,none,2327059375,2327075088,15713,3125,9463,88,15,0,always_ready,0,1
1,stress_random,20006,2239,2239,r_2239,0,qualified_ref,1,0,none,2328084375,2328100088,15713,3125,9463,88,15,0,always_ready,0,1
1,stress_random,20006,2240,2240,r_2240,0,qualified_ref,1,0,none,2329109375,2329125088,15713,3125,9463,88,15,0,always_ready,0,1
1,stress_random,20006,2241,2241,r_2241,0,qualified_ref,1,0,none,2330134375,2330150088,15713,3125,9463,88,15,0,always_ready,0,1
1,stress_random,20006,2242,2242,r_2242,0,qualified_ref,1,0,none,2331159375,2331175088,15713,3125,9463,88,15,0,always_ready,0,1
1,stress_random,20006,2243,2243,r_2243,0,qualified_ref,1,0,none,2332184375,2332200088,15713,3125,9463,88,15,0,always_ready,0,1
1,stress_random,20006,2244,2244,r_2244,0,qualified_ref,1,0,none,2333209375,2333225088,15713,3125,9463,88,15,0,always_ready,0,1
1,stress_random,20006,2245,2245,r_2245,0,qualified_ref,1,0,none,2334234375,2334250088,15713,3125,9463,88,15,0,always_ready,0,1
1,stress_random,20006,2246,2246,r_2246,0,qualified_ref,1,0,none,2335259375,2335275088,15713,3125,9463,88,15,0,always_ready,0,1
1,stress_random,20006,2247,2247,r_2247,0,qualified_ref,1,0,none,2336284375,2336300088,15713,3125,9463,88,15,0,always_ready,0,1
1,stress_random,20006,2248,2248,r_2248,0,qualified_ref,1,0,none,2337309375,2337325088,15713,3125,9463,88,15,0,always_ready,0,1
1,stress_random,20006,2249,2249,r_2249,0,qualified_ref,1,0,none,2338334375,2338350088,15713,3125,9463,88,15,0,always_ready,0,1
1,stress_random,20006,2250,2250,r_2250,0,qualified_ref,1,0,none,2343459375,2343475088,15713,3125,9463,88,2,0,always_ready,0,1
1,stress_random,20006,2251,2251,r_2251,0,qualified_ref,1,0,none,2344484375,2344500088,15713,3125,9463,88,2,0,always_ready,0,1
1,stress_random,20006,2252,2252,r_2252,0,qualified_ref,1,0,none,2345509375,2345525088,15713,3125,9463,88,2,0,always_ready,0,1
1,stress_random,20006,2253,2253,r_2253,0,qualified_ref,1,0,none,2346534375,2346550088,15713,3125,9463,88,2,0,always_ready,0,1
1,stress_random,20006,2254,2254,r_2254,0,qualified_ref,1,0,none,2347559375,2347575088,15713,3125,9463,88,2,0,always_ready,0,1
1,stress_random,20006,2255,2255,r_2255,0,qualified_ref,1,0,none,2348584375,2348600088,15713,3125,9463,88,2,0,always_ready,0,1
1,stress_random,20006,2256,2256,r_2256,0,qualified_ref,1,0,none,2349609375,2349625088,15713,3125,9463,88,2,0,always_ready,0,1
1,stress_random,20006,2257,2257,r_2257,0,qualified_ref,1,0,none,2350634375,2350650088,15713,3125,9463,88,2,0,always_ready,0,1
1,stress_random,20006,2258,2258,r_2258,0,qualified_ref,1,0,none,2351659375,2351675088,15713,3125,9463,88,2,0,always_ready,0,1
1,stress_random,20006,2259,2259,r_2259,0,qualified_ref,1,0,none,2352684375,2352700088,15713,3125,9463,88,2,0,always_ready,0,1
1,stress_random,20006,2260,2260,r_2260,0,qualified_ref,1,0,none,2353709375,2353725088,15713,3125,9463,88,2,0,always_ready,0,1
1,stress_random,20006,2261,2261,r_2261,0,qualified_ref,1,0,none,2354734375,2354750088,15713,3125,9463,88,2,0,always_ready,0,1
1,stress_random,20006,2262,2262,r_2262,0,qualified_ref,1,0,none,2355759375,2355775088,15713,3125,9463,88,2,0,always_ready,0,1
1,stress_random,20006,2263,2263,r_2263,0,qualified_ref,1,0,none,2356784375,2356800088,15713,3125,9463,88,2,0,always_ready,0,1
1,stress_random,20006,2264,2264,r_2264,0,qualified_ref,1,0,none,2357809375,2357825088,15713,3125,9463,88,2,0,always_ready,0,1
1,stress_random,20006,2265,2265,r_2265,0,qualified_ref,1,0,none,2358834375,2358850088,15713,3125,9463,88,2,0,always_ready,0,1
1,stress_random,20006,2266,2266,r_2266,0,qualified_ref,1,0,none,2359859375,2359875088,15713,3125,9463,88,2,0,always_ready,0,1
1,stress_random,20006,2267,2267,r_2267,0,qualified_ref,1,0,none,2360884375,2360900088,15713,3125,9463,88,2,0,always_ready,0,1
1,stress_random,20006,2268,2268,r_2268,0,qualified_ref,1,0,none,2361909375,2361925088,15713,3125,9463,88,2,0,always_ready,0,1
1,stress_random,20006,2269,2269,r_2269,0,qualified_ref,1,0,none,2362934375,2362950088,15713,3125,9463,88,2,0,always_ready,0,1
1,stress_random,20006,2270,2270,r_2270,0,qualified_ref,1,0,none,2363959375,2363975088,15713,3125,9463,88,2,0,always_ready,0,1
1,stress_random,20006,2271,2271,r_2271,0,qualified_ref,1,0,none,2364984375,2365000088,15713,3125,9463,88,2,0,always_ready,0,1
1,stress_random,20006,2272,2272,r_2272,0,qualified_ref,1,0,none,2366009375,2366025088,15713,3125,9463,88,2,0,always_ready,0,1
1,stress_random,20006,2273,2273,r_2273,0,qualified_ref,1,0,none,2367034375,2367050088,15713,3125,9463,88,2,0,always_ready,0,1
1,stress_random,20006,2274,2274,r_2274,0,qualified_ref,1,0,none,2368059375,2368075088,15713,3125,9463,88,2,0,always_ready,0,1
1,stress_random,20006,2275,2275,r_2275,0,qualified_ref,1,0,none,2369084375,2369100088,15713,3125,9463,88,2,0,always_ready,0,1
1,stress_random,20006,2276,2276,r_2276,0,qualified_ref,1,0,none,2370109375,2370125088,15713,3125,9463,88,2,0,always_ready,0,1
1,stress_random,20006,2277,2277,r_2277,0,qualified_ref,1,0,none,2371134375,2371150088,15713,3125,9463,88,2,0,always_ready,0,1
1,stress_random,20006,2278,2278,r_2278,0,qualified_ref,1,0,none,2372159375,2372175088,15713,3125,9463,88,2,0,always_ready,0,1
1,stress_random,20006,2279,2279,r_2279,0,qualified_ref,1,0,none,2373184375,2373200088,15713,3125,9463,88,2,0,always_ready,0,1
1,stress_random,20006,2280,2280,r_2280,0,qualified_ref,1,0,none,2374209375,2374225088,15713,3125,9463,88,2,0,always_ready,0,1
1,stress_random,20006,2281,2281,r_2281,0,qualified_ref,1,0,none,2375234375,2375250088,15713,3125,9463,88,2,0,always_ready,0,1
1,stress_random,20006,2282,2282,r_2282,0,qualified_ref,1,0,none,2376259375,2376275088,15713,3125,9463,88,2,0,always_ready,0,1
1,stress_random,20006,2283,2283,r_2283,0,qualified_ref,1,0,none,2377284375,2377300088,15713,3125,9463,88,2,0,always_ready,0,1
1,stress_random,20006,2284,2284,r_2284,0,qualified_ref,1,0,none,2378309375,2378325088,15713,3125,9463,88,2,0,always_ready,0,1
1,stress_random,20006,2285,2285,r_2285,0,qualified_ref,1,0,none,2379334375,2379350088,15713,3125,9463,88,2,0,always_ready,0,1
1,stress_random,20006,2286,2286,r_2286,0,qualified_ref,1,0,none,2380359375,2380375088,15713,3125,9463,88,2,0,always_ready,0,1
1,stress_random,20006,2287,2287,r_2287,0,qualified_ref,1,0,none,2381384375,2381400088,15713,3125,9463,88,2,0,always_ready,0,1
1,stress_random,20006,2288,2288,r_2288,0,qualified_ref,1,0,none,2382409375,2382425088,15713,3125,9463,88,2,0,always_ready,0,1
1,stress_random,20006,2289,2289,r_2289,0,qualified_ref,1,0,none,2383434375,2383450088,15713,3125,9463,88,2,0,always_ready,0,1
1,stress_random,20006,2290,2290,r_2290,0,qualified_ref,1,0,none,2384459375,2384475088,15713,3125,9463,88,2,0,always_ready,0,1
1,stress_random,20006,2291,2291,r_2291,0,qualified_ref,1,0,none,2385484375,2385500088,15713,3125,9463,88,2,0,always_ready,0,1
1,stress_random,20006,2292,2292,r_2292,0,qualified_ref,1,0,none,2386509375,2386525088,15713,3125,9463,88,2,0,always_ready,0,1
1,stress_random,20006,2293,2293,r_2293,0,qualified_ref,1,0,none,2387534375,2387550088,15713,3125,9463,88,2,0,always_ready,0,1
1,stress_random,20006,2294,2294,r_2294,0,qualified_ref,1,0,none,2388559375,2388575088,15713,3125,9463,88,2,0,always_ready,0,1
1,stress_random,20006,2295,2295,r_2295,0,qualified_ref,1,0,none,2389584375,2389600088,15713,3125,9463,88,2,0,always_ready,0,1
1,stress_random,20006,2296,2296,r_2296,0,qualified_ref,1,0,none,2390609375,2390625088,15713,3125,9463,88,2,0,always_ready,0,1
1,stress_random,20006,2297,2297,r_2297,0,qualified_ref,1,0,none,2391634375,2391650088,15713,3125,9463,88,2,0,always_ready,0,1
1,stress_random,20006,2298,2298,r_2298,0,qualified_ref,1,0,none,2392659375,2392675088,15713,3125,9463,88,2,0,always_ready,0,1
1,stress_random,20006,2299,2299,r_2299,0,qualified_ref,1,0,none,2393684375,2393700088,15713,3125,9463,88,2,0,always_ready,0,1
1,stress_random,20006,2300,2300,r_2300,0,qualified_ref,1,0,none,2394709375,2394725088,15713,3125,9463,88,2,0,always_ready,0,1
1,stress_random,20006,2301,2301,r_2301,0,qualified_ref,1,0,none,2395734375,2395750088,15713,3125,9463,88,2,0,always_ready,0,1
1,stress_random,20006,2302,2302,r_2302,0,qualified_ref,1,0,none,2396759375,2396775088,15713,3125,9463,88,2,0,always_ready,0,1
1,stress_random,20006,2303,2303,r_2303,0,qualified_ref,1,0,none,2397784375,2397800088,15713,3125,9463,88,2,0,always_ready,0,1
1,stress_random,20006,2304,2304,r_2304,0,qualified_ref,1,0,none,2398809375,2398825088,15713,3125,9463,88,2,0,always_ready,0,1
1,stress_random,20006,2305,2305,r_2305,0,qualified_ref,1,0,none,2399834375,2399850088,15713,3125,9463,88,2,0,always_ready,0,1
1,stress_random,20006,2306,2306,r_2306,0,qualified_ref,1,0,none,2400859375,2400875088,15713,3125,9463,88,2,0,always_ready,0,1
1,stress_random,20006,2307,2307,r_2307,0,qualified_ref,1,0,none,2401884375,2401900088,15713,3125,9463,88,2,0,always_ready,0,1
1,stress_random,20006,2308,2308,r_2308,0,qualified_ref,1,0,none,2402909375,2402925088,15713,3125,9463,88,2,0,always_ready,0,1
1,stress_random,20006,2309,2309,r_2309,0,qualified_ref,1,0,none,2403934375,2403950088,15713,3125,9463,88,2,0,always_ready,0,1
1,stress_random,20006,2310,2310,r_2310,0,qualified_ref,1,0,none,2404959375,2404975088,15713,3125,9463,88,2,0,always_ready,0,1
1,stress_random,20006,2311,2311,r_2311,0,qualified_ref,1,0,none,2405984375,2406000088,15713,3125,9463,88,2,0,always_ready,0,1
1,stress_random,20006,2312,2312,r_2312,0,qualified_ref,1,0,none,2407009375,2407025088,15713,3125,9463,88,2,0,always_ready,0,1
1,stress_random,20006,2313,2313,r_2313,0,qualified_ref,1,0,none,2408034375,2408050088,15713,3125,9463,88,2,0,always_ready,0,1
1,stress_random,20006,2314,2314,r_2314,0,qualified_ref,1,0,none,2409059375,2409075088,15713,3125,9463,88,2,0,always_ready,0,1
1,stress_random,20006,2315,2315,r_2315,0,qualified_ref,1,0,none,2410084375,2410100088,15713,3125,9463,88,2,0,always_ready,0,1
1,stress_random,20006,2316,2316,r_2316,0,qualified_ref,1,0,none,2411109375,2411125088,15713,3125,9463,88,2,0,always_ready,0,1
1,stress_random,20006,2317,2317,r_2317,0,qualified_ref,1,0,none,2412134375,2412150088,15713,3125,9463,88,2,0,always_ready,0,1
1,stress_random,20006,2318,2318,r_2318,0,qualified_ref,1,0,none,2413159375,2413175088,15713,3125,9463,88,2,0,always_ready,0,1
1,stress_random,20006,2319,2319,r_2319,0,qualified_ref,1,0,none,2414184375,2414200088,15713,3125,9463,88,2,0,always_ready,0,1
1,stress_random,20006,2320,2320,r_2320,0,qualified_ref,1,0,none,2415209375,2415225088,15713,3125,9463,88,2,0,always_ready,0,1
1,stress_random,20006,2321,2321,r_2321,0,qualified_ref,1,0,none,2416234375,2416250088,15713,3125,9463,88,2,0,always_ready,0,1
1,stress_random,20006,2322,2322,r_2322,0,qualified_ref,1,0,none,2417259375,2417275088,15713,3125,9463,88,2,0,always_ready,0,1
1,stress_random,20006,2323,2323,r_2323,0,qualified_ref,1,0,none,2418284375,2418300088,15713,3125,9463,88,2,0,always_ready,0,1
1,stress_random,20006,2324,2324,r_2324,0,qualified_ref,1,0,none,2419309375,2419325088,15713,3125,9463,88,2,0,always_ready,0,1
1,stress_random,20006,2325,2325,r_2325,0,qualified_ref,1,0,none,2420334375,2420350088,15713,3125,9463,88,2,0,always_ready,0,1
1,stress_random,20006,2326,2326,r_2326,0,qualified_ref,1,0,none,2421359375,2421375088,15713,3125,9463,88,2,0,always_ready,0,1
1,stress_random,20006,2327,2327,r_2327,0,qualified_ref,1,0,none,2422384375,2422400088,15713,3125,9463,88,2,0,always_ready,0,1
1,stress_random,20006,2328,2328,r_2328,0,qualified_ref,1,0,none,2423409375,2423425088,15713,3125,9463,88,2,0,always_ready,0,1
1,stress_random,20006,2329,2329,r_2329,0,qualified_ref,1,0,none,2424434375,2424450088,15713,3125,9463,88,2,0,always_ready,0,1
1,stress_random,20006,2330,2330,r_2330,0,qualified_ref,1,0,none,2425459375,2425475088,15713,3125,9463,88,2,0,always_ready,0,1
1,stress_random,20006,2331,2331,r_2331,0,qualified_ref,1,0,none,2426484375,2426500088,15713,3125,9463,88,2,0,always_ready,0,1
1,stress_random,20006,2332,2332,r_2332,0,qualified_ref,1,0,none,2427509375,2427525088,15713,3125,9463,88,2,0,always_ready,0,1
1,stress_random,20006,2333,2333,r_2333,0,qualified_ref,1,0,none,2428534375,2428550088,15713,3125,9463,88,2,0,always_ready,0,1
1,stress_random,20006,2334,2334,r_2334,0,qualified_ref,1,0,none,2429559375,2429575088,15713,3125,9463,88,2,0,always_ready,0,1
1,stress_random,20006,2335,2335,r_2335,0,qualified_ref,1,0,none,2430584375,2430600088,15713,3125,9463,88,2,0,always_ready,0,1
1,stress_random,20006,2336,2336,r_2336,0,qualified_ref,1,0,none,2431609375,2431625088,15713,3125,9463,88,2,0,always_ready,0,1
1,stress_random,20006,2337,2337,r_2337,0,qualified_ref,1,0,none,2432634375,2432650088,15713,3125,9463,88,2,0,always_ready,0,1
1,stress_random,20006,2338,2338,r_2338,0,qualified_ref,1,0,none,2433659375,2433675088,15713,3125,9463,88,2,0,always_ready,0,1
1,stress_random,20006,2339,2339,r_2339,0,qualified_ref,1,0,none,2434684375,2434700088,15713,3125,9463,88,2,0,always_ready,0,1
1,stress_random,20006,2340,2340,r_2340,0,qualified_ref,1,0,none,2435709375,2435725088,15713,3125,9463,88,2,0,always_ready,0,1
1,stress_random,20006,2341,2341,r_2341,0,qualified_ref,1,0,none,2436734375,2436750088,15713,3125,9463,88,2,0,always_ready,0,1
1,stress_random,20006,2342,2342,r_2342,0,qualified_ref,1,0,none,2437759375,2437775088,15713,3125,9463,88,2,0,always_ready,0,1
1,stress_random,20006,2343,2343,r_2343,0,qualified_ref,1,0,none,2438784375,2438800088,15713,3125,9463,88,2,0,always_ready,0,1
1,stress_random,20006,2344,2344,r_2344,0,qualified_ref,1,0,none,2439809375,2439825088,15713,3125,9463,88,2,0,always_ready,0,1
1,stress_random,20006,2345,2345,r_2345,0,qualified_ref,1,0,none,2440834375,2440850088,15713,3125,9463,88,2,0,always_ready,0,1
1,stress_random,20006,2346,2346,r_2346,0,qualified_ref,1,0,none,2441859375,2441875088,15713,3125,9463,88,2,0,always_ready,0,1
1,stress_random,20006,2347,2347,r_2347,0,qualified_ref,1,0,none,2442884375,2442900088,15713,3125,9463,88,2,0,always_ready,0,1
1,stress_random,20006,2348,2348,r_2348,0,qualified_ref,1,0,none,2443909375,2443925088,15713,3125,9463,88,2,0,always_ready,0,1
1,stress_random,20006,2349,2349,r_2349,0,qualified_ref,1,0,none,2444934375,2444950088,15713,3125,9463,88,2,0,always_ready,0,1
1,stress_random,20006,2350,2350,r_2350,0,qualified_ref,1,0,none,2445959375,2445975088,15713,3125,9463,88,2,0,always_ready,0,1
1,stress_random,20006,2351,2351,r_2351,0,qualified_ref,1,0,none,2446984375,2447000088,15713,3125,9463,88,2,0,always_ready,0,1
1,stress_random,20006,2352,2352,r_2352,0,qualified_ref,1,0,none,2448009375,2448025088,15713,3125,9463,88,2,0,always_ready,0,1
1,stress_random,20006,2353,2353,r_2353,0,qualified_ref,1,0,none,2449034375,2449050088,15713,3125,9463,88,2,0,always_ready,0,1
1,stress_random,20006,2354,2354,r_2354,0,qualified_ref,1,0,none,2450059375,2450075088,15713,3125,9463,88,2,0,always_ready,0,1
1,stress_random,20006,2355,2355,r_2355,0,qualified_ref,1,0,none,2451084375,2451100088,15713,3125,9463,88,2,0,always_ready,0,1
1,stress_random,20006,2356,2356,r_2356,0,qualified_ref,1,0,none,2452109375,2452125088,15713,3125,9463,88,2,0,always_ready,0,1
1,stress_random,20006,2357,2357,r_2357,0,qualified_ref,1,0,none,2453134375,2453150088,15713,3125,9463,88,2,0,always_ready,0,1
1,stress_random,20006,2358,2358,r_2358,0,qualified_ref,1,0,none,2454159375,2454175088,15713,3125,9463,88,2,0,always_ready,0,1
1,stress_random,20006,2359,2359,r_2359,0,qualified_ref,1,0,none,2455184375,2455200088,15713,3125,9463,88,2,0,always_ready,0,1
1,stress_random,20006,2360,2360,r_2360,0,qualified_ref,1,0,none,2456209375,2456225088,15713,3125,9463,88,2,0,always_ready,0,1
1,stress_random,20006,2361,2361,r_2361,0,qualified_ref,1,0,none,2457234375,2457250088,15713,3125,9463,88,2,0,always_ready,0,1
1,stress_random,20006,2362,2362,r_2362,0,qualified_ref,1,0,none,2458259375,2458275088,15713,3125,9463,88,2,0,always_ready,0,1
1,stress_random,20006,2363,2363,r_2363,0,qualified_ref,1,0,none,2459284375,2459300088,15713,3125,9463,88,2,0,always_ready,0,1
1,stress_random,20006,2364,2364,r_2364,0,qualified_ref,1,0,none,2460309375,2460325088,15713,3125,9463,88,2,0,always_ready,0,1
1,stress_random,20006,2365,2365,r_2365,0,qualified_ref,1,0,none,2461334375,2461350088,15713,3125,9463,88,2,0,always_ready,0,1
1,stress_random,20006,2366,2366,r_2366,0,qualified_ref,1,0,none,2462359375,2462375088,15713,3125,9463,88,2,0,always_ready,0,1
1,stress_random,20006,2367,2367,r_2367,0,qualified_ref,1,0,none,2463384375,2463400088,15713,3125,9463,88,2,0,always_ready,0,1
1,stress_random,20006,2368,2368,r_2368,0,qualified_ref,1,0,none,2464409375,2464425088,15713,3125,9463,88,2,0,always_ready,0,1
1,stress_random,20006,2369,2369,r_2369,0,qualified_ref,1,0,none,2465434375,2465450088,15713,3125,9463,88,2,0,always_ready,0,1
1,stress_random,20006,2370,2370,r_2370,0,qualified_ref,1,0,none,2466459375,2466475088,15713,3125,9463,88,2,0,always_ready,0,1
1,stress_random,20006,2371,2371,r_2371,0,qualified_ref,1,0,none,2467484375,2467500088,15713,3125,9463,88,2,0,always_ready,0,1
1,stress_random,20006,2372,2372,r_2372,0,qualified_ref,1,0,none,2468509375,2468525088,15713,3125,9463,88,2,0,always_ready,0,1
1,stress_random,20006,2373,2373,r_2373,0,qualified_ref,1,0,none,2469534375,2469550088,15713,3125,9463,88,2,0,always_ready,0,1
1,stress_random,20006,2374,2374,r_2374,0,qualified_ref,1,0,none,2470559375,2470575088,15713,3125,9463,88,2,0,always_ready,0,1
1,stress_random,20006,2375,2375,r_2375,0,qualified_ref,1,0,none,2471584375,2471600088,15713,3125,9463,88,2,0,always_ready,0,1
1,stress_random,20006,2376,2376,r_2376,0,qualified_ref,1,0,none,2472609375,2472625088,15713,3125,9463,88,2,0,always_ready,0,1
1,stress_random,20006,2377,2377,r_2377,0,qualified_ref,1,0,none,2473634375,2473650088,15713,3125,9463,88,2,0,always_ready,0,1
1,stress_random,20006,2378,2378,r_2378,0,qualified_ref,1,0,none,2474659375,2474675088,15713,3125,9463,88,2,0,always_ready,0,1
1,stress_random,20006,2379,2379,r_2379,0,qualified_ref,1,0,none,2475684375,2475700088,15713,3125,9463,88,2,0,always_ready,0,1
1,stress_random,20006,2380,2380,r_2380,0,qualified_ref,1,0,none,2476709375,2476725088,15713,3125,9463,88,2,0,always_ready,0,1
1,stress_random,20006,2381,2381,r_2381,0,qualified_ref,1,0,none,2477734375,2477750088,15713,3125,9463,88,2,0,always_ready,0,1
1,stress_random,20006,2382,2382,r_2382,0,qualified_ref,1,0,none,2478759375,2478775088,15713,3125,9463,88,2,0,always_ready,0,1
1,stress_random,20006,2383,2383,r_2383,0,qualified_ref,1,0,none,2479784375,2479800088,15713,3125,9463,88,2,0,always_ready,0,1
1,stress_random,20006,2384,2384,r_2384,0,qualified_ref,1,0,none,2480809375,2480825088,15713,3125,9463,88,2,0,always_ready,0,1
1,stress_random,20006,2385,2385,r_2385,0,qualified_ref,1,0,none,2481834375,2481850088,15713,3125,9463,88,2,0,always_ready,0,1
1,stress_random,20006,2386,2386,r_2386,0,qualified_ref,1,0,none,2482859375,2482875088,15713,3125,9463,88,2,0,always_ready,0,1
1,stress_random,20006,2387,2387,r_2387,0,qualified_ref,1,0,none,2483884375,2483900088,15713,3125,9463,88,2,0,always_ready,0,1
1,stress_random,20006,2388,2388,r_2388,0,qualified_ref,1,0,none,2484909375,2484925088,15713,3125,9463,88,2,0,always_ready,0,1
1,stress_random,20006,2389,2389,r_2389,0,qualified_ref,1,0,none,2485934375,2485950088,15713,3125,9463,88,2,0,always_ready,0,1
1,stress_random,20006,2390,2390,r_2390,0,qualified_ref,1,0,none,2486959375,2486975088,15713,3125,9463,88,2,0,always_ready,0,1
1,stress_random,20006,2391,2391,r_2391,0,qualified_ref,1,0,none,2487984375,2488000088,15713,3125,9463,88,2,0,always_ready,0,1
1,stress_random,20006,2392,2392,r_2392,0,qualified_ref,1,0,none,2489009375,2489025088,15713,3125,9463,88,2,0,always_ready,0,1
1,stress_random,20006,2393,2393,r_2393,0,qualified_ref,1,0,none,2490034375,2490050088,15713,3125,9463,88,2,0,always_ready,0,1
1,stress_random,20006,2394,2394,r_2394,0,qualified_ref,1,0,none,2491059375,2491075088,15713,3125,9463,88,2,0,always_ready,0,1
1,stress_random,20006,2395,2395,r_2395,0,qualified_ref,1,0,none,2492084375,2492100088,15713,3125,9463,88,2,0,always_ready,0,1
1,stress_random,20006,2396,2396,r_2396,0,qualified_ref,1,0,none,2493109375,2493125088,15713,3125,9463,88,2,0,always_ready,0,1
1,stress_random,20006,2397,2397,r_2397,0,qualified_ref,1,0,none,2494134375,2494150088,15713,3125,9463,88,2,0,always_ready,0,1
1,stress_random,20006,2398,2398,r_2398,0,qualified_ref,1,0,none,2495159375,2495175088,15713,3125,9463,88,2,0,always_ready,0,1
1,stress_random,20006,2399,2399,r_2399,0,qualified_ref,1,0,none,2496184375,2496200088,15713,3125,9463,88,2,0,always_ready,0,1
1,stress_random,20006,2400,2400,r_2400,0,qualified_ref,1,0,none,2497209375,2497225088,15713,3125,9463,88,2,0,always_ready,0,1
1,stress_random,20006,2401,2401,r_2401,0,qualified_ref,1,0,none,2498234375,2498250088,15713,3125,9463,88,2,0,always_ready,0,1
1,stress_random,20006,2402,2402,r_2402,0,qualified_ref,1,0,none,2499259375,2499275088,15713,3125,9463,88,2,0,always_ready,0,1
1,stress_random,20006,2403,2403,r_2403,0,qualified_ref,1,0,none,2500284375,2500300088,15713,3125,9463,88,2,0,always_ready,0,1
1,stress_random,20006,2404,2404,r_2404,0,qualified_ref,1,0,none,2501309375,2501325088,15713,3125,9463,88,2,0,always_ready,0,1
1,stress_random,20006,2405,2405,r_2405,0,qualified_ref,1,0,none,2502334375,2502350088,15713,3125,9463,88,2,0,always_ready,0,1
1,stress_random,20006,2406,2406,r_2406,0,qualified_ref,1,0,none,2503359375,2503375088,15713,3125,9463,88,2,0,always_ready,0,1
1,stress_random,20006,2407,2407,r_2407,0,qualified_ref,1,0,none,2504384375,2504400088,15713,3125,9463,88,2,0,always_ready,0,1
1,stress_random,20006,2408,2408,r_2408,0,qualified_ref,1,0,none,2505409375,2505425088,15713,3125,9463,88,2,0,always_ready,0,1
1,stress_random,20006,2409,2409,r_2409,0,qualified_ref,1,0,none,2506434375,2506450088,15713,3125,9463,88,2,0,always_ready,0,1
1,stress_random,20006,2410,2410,r_2410,0,qualified_ref,1,0,none,2507459375,2507475088,15713,3125,9463,88,2,0,always_ready,0,1
1,stress_random,20006,2411,2411,r_2411,0,qualified_ref,1,0,none,2508484375,2508500088,15713,3125,9463,88,2,0,always_ready,0,1
1,stress_random,20006,2412,2412,r_2412,0,qualified_ref,1,0,none,2509509375,2509525088,15713,3125,9463,88,2,0,always_ready,0,1
1,stress_random,20006,2413,2413,r_2413,0,qualified_ref,1,0,none,2510534375,2510550088,15713,3125,9463,88,2,0,always_ready,0,1
1,stress_random,20006,2414,2414,r_2414,0,qualified_ref,1,0,none,2511559375,2511575088,15713,3125,9463,88,2,0,always_ready,0,1
1,stress_random,20006,2415,2415,r_2415,0,qualified_ref,1,0,none,2512584375,2512600088,15713,3125,9463,88,2,0,always_ready,0,1
1,stress_random,20006,2416,2416,r_2416,0,qualified_ref,1,0,none,2513609375,2513625088,15713,3125,9463,88,2,0,always_ready,0,1
1,stress_random,20006,2417,2417,r_2417,0,qualified_ref,1,0,none,2514634375,2514650088,15713,3125,9463,88,2,0,always_ready,0,1
1,stress_random,20006,2418,2418,r_2418,0,qualified_ref,1,0,none,2515659375,2515675088,15713,3125,9463,88,2,0,always_ready,0,1
1,stress_random,20006,2419,2419,r_2419,0,qualified_ref,1,0,none,2516684375,2516700088,15713,3125,9463,88,2,0,always_ready,0,1
1,stress_random,20006,2420,2420,r_2420,0,qualified_ref,1,0,none,2517709375,2517725088,15713,3125,9463,88,2,0,always_ready,0,1
1,stress_random,20006,2421,2421,r_2421,0,qualified_ref,1,0,none,2518734375,2518750088,15713,3125,9463,88,2,0,always_ready,0,1
1,stress_random,20006,2422,2422,r_2422,0,qualified_ref,1,0,none,2519759375,2519775088,15713,3125,9463,88,2,0,always_ready,0,1
1,stress_random,20006,2423,2423,r_2423,0,qualified_ref,1,0,none,2520784375,2520800088,15713,3125,9463,88,2,0,always_ready,0,1
1,stress_random,20006,2424,2424,r_2424,0,qualified_ref,1,0,none,2521809375,2521825088,15713,3125,9463,88,2,0,always_ready,0,1
1,stress_random,20006,2425,2425,r_2425,0,qualified_ref,1,0,none,2522834375,2522850088,15713,3125,9463,88,2,0,always_ready,0,1
1,stress_random,20006,2426,2426,r_2426,0,qualified_ref,1,0,none,2523859375,2523875088,15713,3125,9463,88,2,0,always_ready,0,1
1,stress_random,20006,2427,2427,r_2427,0,qualified_ref,1,0,none,2524884375,2524900088,15713,3125,9463,88,2,0,always_ready,0,1
1,stress_random,20006,2428,2428,r_2428,0,qualified_ref,1,0,none,2525909375,2525925088,15713,3125,9463,88,2,0,always_ready,0,1
1,stress_random,20006,2429,2429,r_2429,0,qualified_ref,1,0,none,2526934375,2526950088,15713,3125,9463,88,2,0,always_ready,0,1
1,stress_random,20006,2430,2430,r_2430,0,qualified_ref,1,0,none,2527959375,2527975088,15713,3125,9463,88,2,0,always_ready,0,1
1,stress_random,20006,2431,2431,r_2431,0,qualified_ref,1,0,none,2528984375,2529000088,15713,3125,9463,88,2,0,always_ready,0,1
1,stress_random,20006,2432,2432,r_2432,0,qualified_ref,1,0,none,2530009375,2530025088,15713,3125,9463,88,2,0,always_ready,0,1
1,stress_random,20006,2433,2433,r_2433,0,qualified_ref,1,0,none,2531034375,2531050088,15713,3125,9463,88,2,0,always_ready,0,1
1,stress_random,20006,2434,2434,r_2434,0,qualified_ref,1,0,none,2532059375,2532075088,15713,3125,9463,88,2,0,always_ready,0,1
1,stress_random,20006,2435,2435,r_2435,0,qualified_ref,1,0,none,2533084375,2533100088,15713,3125,9463,88,2,0,always_ready,0,1
1,stress_random,20006,2436,2436,r_2436,0,qualified_ref,1,0,none,2534109375,2534125088,15713,3125,9463,88,2,0,always_ready,0,1
1,stress_random,20006,2437,2437,r_2437,0,qualified_ref,1,0,none,2535134375,2535150088,15713,3125,9463,88,2,0,always_ready,0,1
1,stress_random,20006,2438,2438,r_2438,0,qualified_ref,1,0,none,2536159375,2536175088,15713,3125,9463,88,2,0,always_ready,0,1
1,stress_random,20006,2439,2439,r_2439,0,qualified_ref,1,0,none,2537184375,2537200088,15713,3125,9463,88,2,0,always_ready,0,1
1,stress_random,20006,2440,2440,r_2440,0,qualified_ref,1,0,none,2538209375,2538225088,15713,3125,9463,88,2,0,always_ready,0,1
1,stress_random,20006,2441,2441,r_2441,0,qualified_ref,1,0,none,2539234375,2539250088,15713,3125,9463,88,2,0,always_ready,0,1
1,stress_random,20006,2442,2442,r_2442,0,qualified_ref,1,0,none,2540259375,2540275088,15713,3125,9463,88,2,0,always_ready,0,1
1,stress_random,20006,2443,2443,r_2443,0,qualified_ref,1,0,none,2541284375,2541300088,15713,3125,9463,88,2,0,always_ready,0,1
1,stress_random,20006,2444,2444,r_2444,0,qualified_ref,1,0,none,2542309375,2542325088,15713,3125,9463,88,2,0,always_ready,0,1
1,stress_random,20006,2445,2445,r_2445,0,qualified_ref,1,0,none,2543334375,2543350088,15713,3125,9463,88,2,0,always_ready,0,1
1,stress_random,20006,2446,2446,r_2446,0,qualified_ref,1,0,none,2544359375,2544375088,15713,3125,9463,88,2,0,always_ready,0,1
1,stress_random,20006,2447,2447,r_2447,0,qualified_ref,1,0,none,2545384375,2545400088,15713,3125,9463,88,2,0,always_ready,0,1
1,stress_random,20006,2448,2448,r_2448,0,qualified_ref,1,0,none,2546409375,2546425088,15713,3125,9463,88,2,0,always_ready,0,1
1,stress_random,20006,2449,2449,r_2449,0,qualified_ref,1,0,none,2547434375,2547450088,15713,3125,9463,88,2,0,always_ready,0,1
1,stress_random,20006,2450,2450,r_2450,0,qualified_ref,1,0,none,2548459375,2548475088,15713,3125,9463,88,2,0,always_ready,0,1
1,stress_random,20006,2451,2451,r_2451,0,qualified_ref,1,0,none,2549484375,2549500088,15713,3125,9463,88,2,0,always_ready,0,1
1,stress_random,20006,2452,2452,r_2452,0,qualified_ref,1,0,none,2550509375,2550525088,15713,3125,9463,88,2,0,always_ready,0,1
1,stress_random,20006,2453,2453,r_2453,0,qualified_ref,1,0,none,2551534375,2551550088,15713,3125,9463,88,2,0,always_ready,0,1
1,stress_random,20006,2454,2454,r_2454,0,qualified_ref,1,0,none,2552559375,2552575088,15713,3125,9463,88,2,0,always_ready,0,1
1,stress_random,20006,2455,2455,r_2455,0,qualified_ref,1,0,none,2553584375,2553600088,15713,3125,9463,88,2,0,always_ready,0,1
1,stress_random,20006,2456,2456,r_2456,0,qualified_ref,1,0,none,2554609375,2554625088,15713,3125,9463,88,2,0,always_ready,0,1
1,stress_random,20006,2457,2457,r_2457,0,qualified_ref,1,0,none,2555634375,2555650088,15713,3125,9463,88,2,0,always_ready,0,1
1,stress_random,20006,2458,2458,r_2458,0,qualified_ref,1,0,none,2556659375,2556675088,15713,3125,9463,88,2,0,always_ready,0,1
1,stress_random,20006,2459,2459,r_2459,0,qualified_ref,1,0,none,2557684375,2557700088,15713,3125,9463,88,2,0,always_ready,0,1
1,stress_random,20006,2460,2460,r_2460,0,qualified_ref,1,0,none,2558709375,2558725088,15713,3125,9463,88,2,0,always_ready,0,1
1,stress_random,20006,2461,2461,r_2461,0,qualified_ref,1,0,none,2559734375,2559750088,15713,3125,9463,88,2,0,always_ready,0,1
1,stress_random,20006,2462,2462,r_2462,0,qualified_ref,1,0,none,2560759375,2560775088,15713,3125,9463,88,2,0,always_ready,0,1
1,stress_random,20006,2463,2463,r_2463,0,qualified_ref,1,0,none,2561784375,2561800088,15713,3125,9463,88,2,0,always_ready,0,1
1,stress_random,20006,2464,2464,r_2464,0,qualified_ref,1,0,none,2562809375,2562825088,15713,3125,9463,88,2,0,always_ready,0,1
1,stress_random,20006,2465,2465,r_2465,0,qualified_ref,1,0,none,2563834375,2563850088,15713,3125,9463,88,2,0,always_ready,0,1
1,stress_random,20006,2466,2466,r_2466,0,qualified_ref,1,0,none,2564859375,2564875088,15713,3125,9463,88,2,0,always_ready,0,1
1,stress_random,20006,2467,2467,r_2467,0,qualified_ref,1,0,none,2565884375,2565900088,15713,3125,9463,88,2,0,always_ready,0,1
1,stress_random,20006,2468,2468,r_2468,0,qualified_ref,1,0,none,2566909375,2566925088,15713,3125,9463,88,2,0,always_ready,0,1
1,stress_random,20006,2469,2469,r_2469,0,qualified_ref,1,0,none,2567934375,2567950088,15713,3125,9463,88,2,0,always_ready,0,1
1,stress_random,20006,2470,2470,r_2470,0,qualified_ref,1,0,none,2568959375,2568975088,15713,3125,9463,88,2,0,always_ready,0,1
1,stress_random,20006,2471,2471,r_2471,0,qualified_ref,1,0,none,2569984375,2570000088,15713,3125,9463,88,2,0,always_ready,0,1
1,stress_random,20006,2472,2472,r_2472,0,qualified_ref,1,0,none,2571009375,2571025088,15713,3125,9463,88,2,0,always_ready,0,1
1,stress_random,20006,2473,2473,r_2473,0,qualified_ref,1,0,none,2572034375,2572050088,15713,3125,9463,88,2,0,always_ready,0,1
1,stress_random,20006,2474,2474,r_2474,0,qualified_ref,1,0,none,2573059375,2573075088,15713,3125,9463,88,2,0,always_ready,0,1
1,stress_random,20006,2475,2475,r_2475,0,qualified_ref,1,0,none,2574084375,2574100088,15713,3125,9463,88,2,0,always_ready,0,1
1,stress_random,20006,2476,2476,r_2476,0,qualified_ref,1,0,none,2575109375,2575125088,15713,3125,9463,88,2,0,always_ready,0,1
1,stress_random,20006,2477,2477,r_2477,0,qualified_ref,1,0,none,2576134375,2576150088,15713,3125,9463,88,2,0,always_ready,0,1
1,stress_random,20006,2478,2478,r_2478,0,qualified_ref,1,0,none,2577159375,2577175088,15713,3125,9463,88,2,0,always_ready,0,1
1,stress_random,20006,2479,2479,r_2479,0,qualified_ref,1,0,none,2578184375,2578200088,15713,3125,9463,88,2,0,always_ready,0,1
1,stress_random,20006,2480,2480,r_2480,0,qualified_ref,1,0,none,2579209375,2579225088,15713,3125,9463,88,2,0,always_ready,0,1
1,stress_random,20006,2481,2481,r_2481,0,qualified_ref,1,0,none,2580234375,2580250088,15713,3125,9463,88,2,0,always_ready,0,1
1,stress_random,20006,2482,2482,r_2482,0,qualified_ref,1,0,none,2581259375,2581275088,15713,3125,9463,88,2,0,always_ready,0,1
1,stress_random,20006,2483,2483,r_2483,0,qualified_ref,1,0,none,2582284375,2582300088,15713,3125,9463,88,2,0,always_ready,0,1
1,stress_random,20006,2484,2484,r_2484,0,qualified_ref,1,0,none,2583309375,2583325088,15713,3125,9463,88,2,0,always_ready,0,1
1,stress_random,20006,2485,2485,r_2485,0,qualified_ref,1,0,none,2584334375,2584350088,15713,3125,9463,88,2,0,always_ready,0,1
1,stress_random,20006,2486,2486,r_2486,0,qualified_ref,1,0,none,2585359375,2585375088,15713,3125,9463,88,2,0,always_ready,0,1
1,stress_random,20006,2487,2487,r_2487,0,qualified_ref,1,0,none,2586384375,2586400088,15713,3125,9463,88,2,0,always_ready,0,1
1,stress_random,20006,2488,2488,r_2488,0,qualified_ref,1,0,none,2587409375,2587425088,15713,3125,9463,88,2,0,always_ready,0,1
1,stress_random,20006,2489,2489,r_2489,0,qualified_ref,1,0,none,2588434375,2588450088,15713,3125,9463,88,2,0,always_ready,0,1
1,stress_random,20006,2490,2490,r_2490,0,qualified_ref,1,0,none,2589459375,2589475088,15713,3125,9463,88,2,0,always_ready,0,1
1,stress_random,20006,2491,2491,r_2491,0,qualified_ref,1,0,none,2590484375,2590500088,15713,3125,9463,88,2,0,always_ready,0,1
1,stress_random,20006,2492,2492,r_2492,0,qualified_ref,1,0,none,2591509375,2591525088,15713,3125,9463,88,2,0,always_ready,0,1
1,stress_random,20006,2493,2493,r_2493,0,qualified_ref,1,0,none,2592534375,2592550088,15713,3125,9463,88,2,0,always_ready,0,1
1,stress_random,20006,2494,2494,r_2494,0,qualified_ref,1,0,none,2593559375,2593575088,15713,3125,9463,88,2,0,always_ready,0,1
1,stress_random,20006,2495,2495,r_2495,0,qualified_ref,1,0,none,2594584375,2594600088,15713,3125,9463,88,2,0,always_ready,0,1
1,stress_random,20006,2496,2496,r_2496,0,qualified_ref,1,0,none,2595609375,2595625088,15713,3125,9463,88,2,0,always_ready,0,1
1,stress_random,20006,2497,2497,r_2497,0,qualified_ref,1,0,none,2596634375,2596650088,15713,3125,9463,88,2,0,always_ready,0,1
1,stress_random,20006,2498,2498,r_2498,0,qualified_ref,1,0,none,2597659375,2597675088,15713,3125,9463,88,2,0,always_ready,0,1
1,stress_random,20006,2499,2499,r_2499,0,qualified_ref,1,0,none,2598684375,2598700088,15713,3125,9463,88,2,0,always_ready,0,1
1,stress_random,20006,2500,2500,r_2500,1,qualified_ref,1,0,none,2603809375,2603825088,15713,3125,9463,88,1,0,random_50,0,1
1,stress_random,20006,2501,2501,r_2501,1,qualified_ref,1,0,none,2604834375,2604850088,15713,3125,9463,88,1,0,random_50,0,1
1,stress_random,20006,2502,2502,r_2502,1,qualified_ref,1,0,none,2605859375,2605875088,15713,3125,9463,88,1,0,random_50,0,1
1,stress_random,20006,2503,2503,r_2503,1,qualified_ref,1,0,none,2606884375,2606900088,15713,3125,9463,88,1,0,random_50,0,1
1,stress_random,20006,2504,2504,r_2504,1,qualified_ref,1,0,none,2607909375,2607925088,15713,3125,9463,88,1,0,random_50,0,1
1,stress_random,20006,2505,2505,r_2505,1,qualified_ref,1,0,none,2608934375,2608950088,15713,3125,9463,88,1,0,random_50,0,1
1,stress_random,20006,2506,2506,r_2506,1,qualified_ref,1,0,none,2609959375,2609975088,15713,3125,9463,88,1,0,random_50,0,1
1,stress_random,20006,2507,2507,r_2507,1,qualified_ref,1,0,none,2610984375,2611000088,15713,3125,9463,88,1,0,random_50,0,1
1,stress_random,20006,2508,2508,r_2508,1,qualified_ref,1,0,none,2612009375,2612025088,15713,3125,9463,88,1,0,random_50,0,1
1,stress_random,20006,2509,2509,r_2509,1,qualified_ref,1,0,none,2613034375,2613050088,15713,3125,9463,88,1,0,random_50,0,1
1,stress_random,20006,2510,2510,r_2510,1,qualified_ref,1,0,none,2614059375,2614075088,15713,3125,9463,88,1,0,random_50,0,1
1,stress_random,20006,2511,2511,r_2511,1,qualified_ref,1,0,none,2615084375,2615100088,15713,3125,9463,88,1,0,random_50,0,1
1,stress_random,20006,2512,2512,r_2512,1,qualified_ref,1,0,none,2616109375,2616125088,15713,3125,9463,88,1,0,random_50,0,1
1,stress_random,20006,2513,2513,r_2513,1,qualified_ref,1,0,none,2617134375,2617150088,15713,3125,9463,88,1,0,random_50,0,1
1,stress_random,20006,2514,2514,r_2514,1,qualified_ref,1,0,none,2618159375,2618175088,15713,3125,9463,88,1,0,random_50,0,1
1,stress_random,20006,2515,2515,r_2515,1,qualified_ref,1,0,none,2619184375,2619200088,15713,3125,9463,88,1,0,random_50,0,1
1,stress_random,20006,2516,2516,r_2516,1,qualified_ref,1,0,none,2620209375,2620225088,15713,3125,9463,88,1,0,random_50,0,1
1,stress_random,20006,2517,2517,r_2517,1,qualified_ref,1,0,none,2621234375,2621250088,15713,3125,9463,88,1,0,random_50,0,1
1,stress_random,20006,2518,2518,r_2518,1,qualified_ref,1,0,none,2622259375,2622275088,15713,3125,9463,88,1,0,random_50,0,1
1,stress_random,20006,2519,2519,r_2519,1,qualified_ref,1,0,none,2623284375,2623300088,15713,3125,9463,88,1,0,random_50,0,1
1,stress_random,20006,2520,2520,r_2520,1,qualified_ref,1,0,none,2624309375,2624325088,15713,3125,9463,88,1,0,random_50,0,1
1,stress_random,20006,2521,2521,r_2521,1,qualified_ref,1,0,none,2625334375,2625350088,15713,3125,9463,88,1,0,random_50,0,1
1,stress_random,20006,2522,2522,r_2522,1,qualified_ref,1,0,none,2626359375,2626375088,15713,3125,9463,88,1,0,random_50,0,1
1,stress_random,20006,2523,2523,r_2523,1,qualified_ref,1,0,none,2627384375,2627400088,15713,3125,9463,88,1,0,random_50,0,1
1,stress_random,20006,2524,2524,r_2524,1,qualified_ref,1,0,none,2628409375,2628425088,15713,3125,9463,88,1,0,random_50,0,1
1,stress_random,20006,2525,2525,r_2525,1,qualified_ref,1,0,none,2629434375,2629450088,15713,3125,9463,88,1,0,random_50,0,1
1,stress_random,20006,2526,2526,r_2526,1,qualified_ref,1,0,none,2630459375,2630475088,15713,3125,9463,88,1,0,random_50,0,1
1,stress_random,20006,2527,2527,r_2527,1,qualified_ref,1,0,none,2631484375,2631500088,15713,3125,9463,88,1,0,random_50,0,1
1,stress_random,20006,2528,2528,r_2528,1,qualified_ref,1,0,none,2632509375,2632525088,15713,3125,9463,88,1,0,random_50,0,1
1,stress_random,20006,2529,2529,r_2529,1,qualified_ref,1,0,none,2633534375,2633550088,15713,3125,9463,88,1,0,random_50,0,1
1,stress_random,20006,2530,2530,r_2530,1,qualified_ref,1,0,none,2634559375,2634575088,15713,3125,9463,88,1,0,random_50,0,1
1,stress_random,20006,2531,2531,r_2531,1,qualified_ref,1,0,none,2635584375,2635600088,15713,3125,9463,88,1,0,random_50,0,1
1,stress_random,20006,2532,2532,r_2532,1,qualified_ref,1,0,none,2636609375,2636625088,15713,3125,9463,88,1,0,random_50,0,1
1,stress_random,20006,2533,2533,r_2533,1,qualified_ref,1,0,none,2637634375,2637650088,15713,3125,9463,88,1,0,random_50,0,1
1,stress_random,20006,2534,2534,r_2534,1,qualified_ref,1,0,none,2638659375,2638675088,15713,3125,9463,88,1,0,random_50,0,1
1,stress_random,20006,2535,2535,r_2535,1,qualified_ref,1,0,none,2639684375,2639700088,15713,3125,9463,88,1,0,random_50,0,1
1,stress_random,20006,2536,2536,r_2536,1,qualified_ref,1,0,none,2640709375,2640725088,15713,3125,9463,88,1,0,random_50,0,1
1,stress_random,20006,2537,2537,r_2537,1,qualified_ref,1,0,none,2641734375,2641750088,15713,3125,9463,88,1,0,random_50,0,1
1,stress_random,20006,2538,2538,r_2538,1,qualified_ref,1,0,none,2642759375,2642775088,15713,3125,9463,88,1,0,random_50,0,1
1,stress_random,20006,2539,2539,r_2539,1,qualified_ref,1,0,none,2643784375,2643800088,15713,3125,9463,88,1,0,random_50,0,1
1,stress_random,20006,2540,2540,r_2540,1,qualified_ref,1,0,none,2644809375,2644825088,15713,3125,9463,88,1,0,random_50,0,1
1,stress_random,20006,2541,2541,r_2541,1,qualified_ref,1,0,none,2645834375,2645850088,15713,3125,9463,88,1,0,random_50,0,1
1,stress_random,20006,2542,2542,r_2542,1,qualified_ref,1,0,none,2646859375,2646875088,15713,3125,9463,88,1,0,random_50,0,1
1,stress_random,20006,2543,2543,r_2543,1,qualified_ref,1,0,none,2647884375,2647900088,15713,3125,9463,88,1,0,random_50,0,1
1,stress_random,20006,2544,2544,r_2544,1,qualified_ref,1,0,none,2648909375,2648925088,15713,3125,9463,88,1,0,random_50,0,1
1,stress_random,20006,2545,2545,r_2545,1,qualified_ref,1,0,none,2649934375,2649950088,15713,3125,9463,88,1,0,random_50,0,1
1,stress_random,20006,2546,2546,r_2546,1,qualified_ref,1,0,none,2650959375,2650975088,15713,3125,9463,88,1,0,random_50,0,1
1,stress_random,20006,2547,2547,r_2547,1,qualified_ref,1,0,none,2651984375,2652000088,15713,3125,9463,88,1,0,random_50,0,1
1,stress_random,20006,2548,2548,r_2548,1,qualified_ref,1,0,none,2653009375,2653025088,15713,3125,9463,88,1,0,random_50,0,1
1,stress_random,20006,2549,2549,r_2549,1,qualified_ref,1,0,none,2654034375,2654050088,15713,3125,9463,88,1,0,random_50,0,1
1,stress_random,20006,2550,2550,r_2550,1,qualified_ref,1,0,none,2655059375,2655075088,15713,3125,9463,88,1,0,random_50,0,1
1,stress_random,20006,2551,2551,r_2551,1,qualified_ref,1,0,none,2656084375,2656100088,15713,3125,9463,88,1,0,random_50,0,1
1,stress_random,20006,2552,2552,r_2552,1,qualified_ref,1,0,none,2657109375,2657125088,15713,3125,9463,88,1,0,random_50,0,1
1,stress_random,20006,2553,2553,r_2553,1,qualified_ref,1,0,none,2658134375,2658150088,15713,3125,9463,88,1,0,random_50,0,1
1,stress_random,20006,2554,2554,r_2554,1,qualified_ref,1,0,none,2659159375,2659175088,15713,3125,9463,88,1,0,random_50,0,1
1,stress_random,20006,2555,2555,r_2555,1,qualified_ref,1,0,none,2660184375,2660200088,15713,3125,9463,88,1,0,random_50,0,1
1,stress_random,20006,2556,2556,r_2556,1,qualified_ref,1,0,none,2661209375,2661225088,15713,3125,9463,88,1,0,random_50,0,1
1,stress_random,20006,2557,2557,r_2557,1,qualified_ref,1,0,none,2662234375,2662250088,15713,3125,9463,88,1,0,random_50,0,1
1,stress_random,20006,2558,2558,r_2558,1,qualified_ref,1,0,none,2663259375,2663275088,15713,3125,9463,88,1,0,random_50,0,1
1,stress_random,20006,2559,2559,r_2559,1,qualified_ref,1,0,none,2664284375,2664300088,15713,3125,9463,88,1,0,random_50,0,1
1,stress_random,20006,2560,2560,r_2560,1,qualified_ref,1,0,none,2665309375,2665325088,15713,3125,9463,88,1,0,random_50,0,1
1,stress_random,20006,2561,2561,r_2561,1,qualified_ref,1,0,none,2666334375,2666350088,15713,3125,9463,88,1,0,random_50,0,1
1,stress_random,20006,2562,2562,r_2562,1,qualified_ref,1,0,none,2667359375,2667375088,15713,3125,9463,88,1,0,random_50,0,1
1,stress_random,20006,2563,2563,r_2563,1,qualified_ref,1,0,none,2668384375,2668400088,15713,3125,9463,88,1,0,random_50,0,1
1,stress_random,20006,2564,2564,r_2564,1,qualified_ref,1,0,none,2669409375,2669425088,15713,3125,9463,88,1,0,random_50,0,1
1,stress_random,20006,2565,2565,r_2565,1,qualified_ref,1,0,none,2670434375,2670450088,15713,3125,9463,88,1,0,random_50,0,1
1,stress_random,20006,2566,2566,r_2566,1,qualified_ref,1,0,none,2671459375,2671475088,15713,3125,9463,88,1,0,random_50,0,1
1,stress_random,20006,2567,2567,r_2567,1,qualified_ref,1,0,none,2672484375,2672500088,15713,3125,9463,88,1,0,random_50,0,1
1,stress_random,20006,2568,2568,r_2568,1,qualified_ref,1,0,none,2673509375,2673525088,15713,3125,9463,88,1,0,random_50,0,1
1,stress_random,20006,2569,2569,r_2569,1,qualified_ref,1,0,none,2674534375,2674550088,15713,3125,9463,88,1,0,random_50,0,1
1,stress_random,20006,2570,2570,r_2570,1,qualified_ref,1,0,none,2675559375,2675575088,15713,3125,9463,88,1,0,random_50,0,1
1,stress_random,20006,2571,2571,r_2571,1,qualified_ref,1,0,none,2676584375,2676600088,15713,3125,9463,88,1,0,random_50,0,1
1,stress_random,20006,2572,2572,r_2572,1,qualified_ref,1,0,none,2677609375,2677625088,15713,3125,9463,88,1,0,random_50,0,1
1,stress_random,20006,2573,2573,r_2573,1,qualified_ref,1,0,none,2678634375,2678650088,15713,3125,9463,88,1,0,random_50,0,1
1,stress_random,20006,2574,2574,r_2574,1,qualified_ref,1,0,none,2679659375,2679675088,15713,3125,9463,88,1,0,random_50,0,1
1,stress_random,20006,2575,2575,r_2575,1,qualified_ref,1,0,none,2680684375,2680700088,15713,3125,9463,88,1,0,random_50,0,1
1,stress_random,20006,2576,2576,r_2576,1,qualified_ref,1,0,none,2681709375,2681725088,15713,3125,9463,88,1,0,random_50,0,1
1,stress_random,20006,2577,2577,r_2577,1,qualified_ref,1,0,none,2682734375,2682750088,15713,3125,9463,88,1,0,random_50,0,1
1,stress_random,20006,2578,2578,r_2578,1,qualified_ref,1,0,none,2683759375,2683775088,15713,3125,9463,88,1,0,random_50,0,1
1,stress_random,20006,2579,2579,r_2579,1,qualified_ref,1,0,none,2684784375,2684800088,15713,3125,9463,88,1,0,random_50,0,1
1,stress_random,20006,2580,2580,r_2580,1,qualified_ref,1,0,none,2685809375,2685825088,15713,3125,9463,88,1,0,random_50,0,1
1,stress_random,20006,2581,2581,r_2581,1,qualified_ref,1,0,none,2686834375,2686850088,15713,3125,9463,88,1,0,random_50,0,1
1,stress_random,20006,2582,2582,r_2582,1,qualified_ref,1,0,none,2687859375,2687875088,15713,3125,9463,88,1,0,random_50,0,1
1,stress_random,20006,2583,2583,r_2583,1,qualified_ref,1,0,none,2688884375,2688900088,15713,3125,9463,88,1,0,random_50,0,1
1,stress_random,20006,2584,2584,r_2584,1,qualified_ref,1,0,none,2689909375,2689925088,15713,3125,9463,88,1,0,random_50,0,1
1,stress_random,20006,2585,2585,r_2585,1,qualified_ref,1,0,none,2690934375,2690950088,15713,3125,9463,88,1,0,random_50,0,1
1,stress_random,20006,2586,2586,r_2586,1,qualified_ref,1,0,none,2691959375,2691975088,15713,3125,9463,88,1,0,random_50,0,1
1,stress_random,20006,2587,2587,r_2587,1,qualified_ref,1,0,none,2692984375,2693000088,15713,3125,9463,88,1,0,random_50,0,1
1,stress_random,20006,2588,2588,r_2588,1,qualified_ref,1,0,none,2694009375,2694025088,15713,3125,9463,88,1,0,random_50,0,1
1,stress_random,20006,2589,2589,r_2589,1,qualified_ref,1,0,none,2695034375,2695050088,15713,3125,9463,88,1,0,random_50,0,1
1,stress_random,20006,2590,2590,r_2590,1,qualified_ref,1,0,none,2696059375,2696075088,15713,3125,9463,88,1,0,random_50,0,1
1,stress_random,20006,2591,2591,r_2591,1,qualified_ref,1,0,none,2697084375,2697100088,15713,3125,9463,88,1,0,random_50,0,1
1,stress_random,20006,2592,2592,r_2592,1,qualified_ref,1,0,none,2698109375,2698125088,15713,3125,9463,88,1,0,random_50,0,1
1,stress_random,20006,2593,2593,r_2593,1,qualified_ref,1,0,none,2699134375,2699150088,15713,3125,9463,88,1,0,random_50,0,1
1,stress_random,20006,2594,2594,r_2594,1,qualified_ref,1,0,none,2700159375,2700175088,15713,3125,9463,88,1,0,random_50,0,1
1,stress_random,20006,2595,2595,r_2595,1,qualified_ref,1,0,none,2701184375,2701200088,15713,3125,9463,88,1,0,random_50,0,1
1,stress_random,20006,2596,2596,r_2596,1,qualified_ref,1,0,none,2702209375,2702225088,15713,3125,9463,88,1,0,random_50,0,1
1,stress_random,20006,2597,2597,r_2597,1,qualified_ref,1,0,none,2703234375,2703250088,15713,3125,9463,88,1,0,random_50,0,1
1,stress_random,20006,2598,2598,r_2598,1,qualified_ref,1,0,none,2704259375,2704275088,15713,3125,9463,88,1,0,random_50,0,1
1,stress_random,20006,2599,2599,r_2599,1,qualified_ref,1,0,none,2705284375,2705300088,15713,3125,9463,88,1,0,random_50,0,1
1,stress_random,20006,2600,2600,r_2600,1,qualified_ref,1,0,none,2706309375,2706325088,15713,3125,9463,88,1,0,random_50,0,1
1,stress_random,20006,2601,2601,r_2601,1,qualified_ref,1,0,none,2707334375,2707350088,15713,3125,9463,88,1,0,random_50,0,1
1,stress_random,20006,2602,2602,r_2602,1,qualified_ref,1,0,none,2708359375,2708375088,15713,3125,9463,88,1,0,random_50,0,1
1,stress_random,20006,2603,2603,r_2603,1,qualified_ref,1,0,none,2709384375,2709400088,15713,3125,9463,88,1,0,random_50,0,1
1,stress_random,20006,2604,2604,r_2604,1,qualified_ref,1,0,none,2710409375,2710425088,15713,3125,9463,88,1,0,random_50,0,1
1,stress_random,20006,2605,2605,r_2605,1,qualified_ref,1,0,none,2711434375,2711450088,15713,3125,9463,88,1,0,random_50,0,1
1,stress_random,20006,2606,2606,r_2606,1,qualified_ref,1,0,none,2712459375,2712475088,15713,3125,9463,88,1,0,random_50,0,1
1,stress_random,20006,2607,2607,r_2607,1,qualified_ref,1,0,none,2713484375,2713500088,15713,3125,9463,88,1,0,random_50,0,1
1,stress_random,20006,2608,2608,r_2608,1,qualified_ref,1,0,none,2714509375,2714525088,15713,3125,9463,88,1,0,random_50,0,1
1,stress_random,20006,2609,2609,r_2609,1,qualified_ref,1,0,none,2715534375,2715550088,15713,3125,9463,88,1,0,random_50,0,1
1,stress_random,20006,2610,2610,r_2610,1,qualified_ref,1,0,none,2716559375,2716575088,15713,3125,9463,88,1,0,random_50,0,1
1,stress_random,20006,2611,2611,r_2611,1,qualified_ref,1,0,none,2717584375,2717600088,15713,3125,9463,88,1,0,random_50,0,1
1,stress_random,20006,2612,2612,r_2612,1,qualified_ref,1,0,none,2718609375,2718625088,15713,3125,9463,88,1,0,random_50,0,1
1,stress_random,20006,2613,2613,r_2613,1,qualified_ref,1,0,none,2719634375,2719650088,15713,3125,9463,88,1,0,random_50,0,1
1,stress_random,20006,2614,2614,r_2614,1,qualified_ref,1,0,none,2720659375,2720675088,15713,3125,9463,88,1,0,random_50,0,1
1,stress_random,20006,2615,2615,r_2615,1,qualified_ref,1,0,none,2721684375,2721700088,15713,3125,9463,88,1,0,random_50,0,1
1,stress_random,20006,2616,2616,r_2616,1,qualified_ref,1,0,none,2722709375,2722725088,15713,3125,9463,88,1,0,random_50,0,1
1,stress_random,20006,2617,2617,r_2617,1,qualified_ref,1,0,none,2723734375,2723750088,15713,3125,9463,88,1,0,random_50,0,1
1,stress_random,20006,2618,2618,r_2618,1,qualified_ref,1,0,none,2724759375,2724775088,15713,3125,9463,88,1,0,random_50,0,1
1,stress_random,20006,2619,2619,r_2619,1,qualified_ref,1,0,none,2725784375,2725800088,15713,3125,9463,88,1,0,random_50,0,1
1,stress_random,20006,2620,2620,r_2620,1,qualified_ref,1,0,none,2726809375,2726825088,15713,3125,9463,88,1,0,random_50,0,1
1,stress_random,20006,2621,2621,r_2621,1,qualified_ref,1,0,none,2727834375,2727850088,15713,3125,9463,88,1,0,random_50,0,1
1,stress_random,20006,2622,2622,r_2622,1,qualified_ref,1,0,none,2728859375,2728875088,15713,3125,9463,88,1,0,random_50,0,1
1,stress_random,20006,2623,2623,r_2623,1,qualified_ref,1,0,none,2729884375,2729900088,15713,3125,9463,88,1,0,random_50,0,1
1,stress_random,20006,2624,2624,r_2624,1,qualified_ref,1,0,none,2730909375,2730925088,15713,3125,9463,88,1,0,random_50,0,1
1,stress_random,20006,2625,2625,r_2625,1,qualified_ref,1,0,none,2731934375,2731950088,15713,3125,9463,88,1,0,random_50,0,1
1,stress_random,20006,2626,2626,r_2626,1,qualified_ref,1,0,none,2732959375,2732975088,15713,3125,9463,88,1,0,random_50,0,1
1,stress_random,20006,2627,2627,r_2627,1,qualified_ref,1,0,none,2733984375,2734000088,15713,3125,9463,88,1,0,random_50,0,1
1,stress_random,20006,2628,2628,r_2628,1,qualified_ref,1,0,none,2735009375,2735025088,15713,3125,9463,88,1,0,random_50,0,1
1,stress_random,20006,2629,2629,r_2629,1,qualified_ref,1,0,none,2736034375,2736050088,15713,3125,9463,88,1,0,random_50,0,1
1,stress_random,20006,2630,2630,r_2630,1,qualified_ref,1,0,none,2737059375,2737075088,15713,3125,9463,88,1,0,random_50,0,1
1,stress_random,20006,2631,2631,r_2631,1,qualified_ref,1,0,none,2738084375,2738100088,15713,3125,9463,88,1,0,random_50,0,1
1,stress_random,20006,2632,2632,r_2632,1,qualified_ref,1,0,none,2739109375,2739125088,15713,3125,9463,88,1,0,random_50,0,1
1,stress_random,20006,2633,2633,r_2633,1,qualified_ref,1,0,none,2740134375,2740150088,15713,3125,9463,88,1,0,random_50,0,1
1,stress_random,20006,2634,2634,r_2634,1,qualified_ref,1,0,none,2741159375,2741175088,15713,3125,9463,88,1,0,random_50,0,1
1,stress_random,20006,2635,2635,r_2635,1,qualified_ref,1,0,none,2742184375,2742200088,15713,3125,9463,88,1,0,random_50,0,1
1,stress_random,20006,2636,2636,r_2636,1,qualified_ref,1,0,none,2743209375,2743225088,15713,3125,9463,88,1,0,random_50,0,1
1,stress_random,20006,2637,2637,r_2637,1,qualified_ref,1,0,none,2744234375,2744250088,15713,3125,9463,88,1,0,random_50,0,1
1,stress_random,20006,2638,2638,r_2638,1,qualified_ref,1,0,none,2745259375,2745275088,15713,3125,9463,88,1,0,random_50,0,1
1,stress_random,20006,2639,2639,r_2639,1,qualified_ref,1,0,none,2746284375,2746300088,15713,3125,9463,88,1,0,random_50,0,1
1,stress_random,20006,2640,2640,r_2640,1,qualified_ref,1,0,none,2747309375,2747325088,15713,3125,9463,88,1,0,random_50,0,1
1,stress_random,20006,2641,2641,r_2641,1,qualified_ref,1,0,none,2748334375,2748350088,15713,3125,9463,88,1,0,random_50,0,1
1,stress_random,20006,2642,2642,r_2642,1,qualified_ref,1,0,none,2749359375,2749375088,15713,3125,9463,88,1,0,random_50,0,1
1,stress_random,20006,2643,2643,r_2643,1,qualified_ref,1,0,none,2750384375,2750400088,15713,3125,9463,88,1,0,random_50,0,1
1,stress_random,20006,2644,2644,r_2644,1,qualified_ref,1,0,none,2751409375,2751425088,15713,3125,9463,88,1,0,random_50,0,1
1,stress_random,20006,2645,2645,r_2645,1,qualified_ref,1,0,none,2752434375,2752450088,15713,3125,9463,88,1,0,random_50,0,1
1,stress_random,20006,2646,2646,r_2646,1,qualified_ref,1,0,none,2753459375,2753475088,15713,3125,9463,88,1,0,random_50,0,1
1,stress_random,20006,2647,2647,r_2647,1,qualified_ref,1,0,none,2754484375,2754500088,15713,3125,9463,88,1,0,random_50,0,1
1,stress_random,20006,2648,2648,r_2648,1,qualified_ref,1,0,none,2755509375,2755525088,15713,3125,9463,88,1,0,random_50,0,1
1,stress_random,20006,2649,2649,r_2649,1,qualified_ref,1,0,none,2756534375,2756550088,15713,3125,9463,88,1,0,random_50,0,1
1,stress_random,20006,2650,2650,r_2650,1,qualified_ref,1,0,none,2757559375,2757575088,15713,3125,9463,88,1,0,random_50,0,1
1,stress_random,20006,2651,2651,r_2651,1,qualified_ref,1,0,none,2758584375,2758600088,15713,3125,9463,88,1,0,random_50,0,1
1,stress_random,20006,2652,2652,r_2652,1,qualified_ref,1,0,none,2759609375,2759625088,15713,3125,9463,88,1,0,random_50,0,1
1,stress_random,20006,2653,2653,r_2653,1,qualified_ref,1,0,none,2760634375,2760650088,15713,3125,9463,88,1,0,random_50,0,1
1,stress_random,20006,2654,2654,r_2654,1,qualified_ref,1,0,none,2761659375,2761675088,15713,3125,9463,88,1,0,random_50,0,1
1,stress_random,20006,2655,2655,r_2655,1,qualified_ref,1,0,none,2762684375,2762700088,15713,3125,9463,88,1,0,random_50,0,1
1,stress_random,20006,2656,2656,r_2656,1,qualified_ref,1,0,none,2763709375,2763725088,15713,3125,9463,88,1,0,random_50,0,1
1,stress_random,20006,2657,2657,r_2657,1,qualified_ref,1,0,none,2764734375,2764750088,15713,3125,9463,88,1,0,random_50,0,1
1,stress_random,20006,2658,2658,r_2658,1,qualified_ref,1,0,none,2765759375,2765775088,15713,3125,9463,88,1,0,random_50,0,1
1,stress_random,20006,2659,2659,r_2659,1,qualified_ref,1,0,none,2766784375,2766800088,15713,3125,9463,88,1,0,random_50,0,1
1,stress_random,20006,2660,2660,r_2660,1,qualified_ref,1,0,none,2767809375,2767825088,15713,3125,9463,88,1,0,random_50,0,1
1,stress_random,20006,2661,2661,r_2661,1,qualified_ref,1,0,none,2768834375,2768850088,15713,3125,9463,88,1,0,random_50,0,1
1,stress_random,20006,2662,2662,r_2662,1,qualified_ref,1,0,none,2769859375,2769875088,15713,3125,9463,88,1,0,random_50,0,1
1,stress_random,20006,2663,2663,r_2663,1,qualified_ref,1,0,none,2770884375,2770900088,15713,3125,9463,88,1,0,random_50,0,1
1,stress_random,20006,2664,2664,r_2664,1,qualified_ref,1,0,none,2771909375,2771925088,15713,3125,9463,88,1,0,random_50,0,1
1,stress_random,20006,2665,2665,r_2665,1,qualified_ref,1,0,none,2772934375,2772950088,15713,3125,9463,88,1,0,random_50,0,1
1,stress_random,20006,2666,2666,r_2666,1,qualified_ref,1,0,none,2773959375,2773975088,15713,3125,9463,88,1,0,random_50,0,1
1,stress_random,20006,2667,2667,r_2667,1,qualified_ref,1,0,none,2774984375,2775000088,15713,3125,9463,88,1,0,random_50,0,1
1,stress_random,20006,2668,2668,r_2668,1,qualified_ref,1,0,none,2776009375,2776025088,15713,3125,9463,88,1,0,random_50,0,1
1,stress_random,20006,2669,2669,r_2669,1,qualified_ref,1,0,none,2777034375,2777050088,15713,3125,9463,88,1,0,random_50,0,1
1,stress_random,20006,2670,2670,r_2670,1,qualified_ref,1,0,none,2778059375,2778075088,15713,3125,9463,88,1,0,random_50,0,1
1,stress_random,20006,2671,2671,r_2671,1,qualified_ref,1,0,none,2779084375,2779100088,15713,3125,9463,88,1,0,random_50,0,1
1,stress_random,20006,2672,2672,r_2672,1,qualified_ref,1,0,none,2780109375,2780125088,15713,3125,9463,88,1,0,random_50,0,1
1,stress_random,20006,2673,2673,r_2673,1,qualified_ref,1,0,none,2781134375,2781150088,15713,3125,9463,88,1,0,random_50,0,1
1,stress_random,20006,2674,2674,r_2674,1,qualified_ref,1,0,none,2782159375,2782175088,15713,3125,9463,88,1,0,random_50,0,1
1,stress_random,20006,2675,2675,r_2675,1,qualified_ref,1,0,none,2783184375,2783200088,15713,3125,9463,88,1,0,random_50,0,1
1,stress_random,20006,2676,2676,r_2676,1,qualified_ref,1,0,none,2784209375,2784225088,15713,3125,9463,88,1,0,random_50,0,1
1,stress_random,20006,2677,2677,r_2677,1,qualified_ref,1,0,none,2785234375,2785250088,15713,3125,9463,88,1,0,random_50,0,1
1,stress_random,20006,2678,2678,r_2678,1,qualified_ref,1,0,none,2786259375,2786275088,15713,3125,9463,88,1,0,random_50,0,1
1,stress_random,20006,2679,2679,r_2679,1,qualified_ref,1,0,none,2787284375,2787300088,15713,3125,9463,88,1,0,random_50,0,1
1,stress_random,20006,2680,2680,r_2680,1,qualified_ref,1,0,none,2788309375,2788325088,15713,3125,9463,88,1,0,random_50,0,1
1,stress_random,20006,2681,2681,r_2681,1,qualified_ref,1,0,none,2789334375,2789350088,15713,3125,9463,88,1,0,random_50,0,1
1,stress_random,20006,2682,2682,r_2682,1,qualified_ref,1,0,none,2790359375,2790375088,15713,3125,9463,88,1,0,random_50,0,1
1,stress_random,20006,2683,2683,r_2683,1,qualified_ref,1,0,none,2791384375,2791400088,15713,3125,9463,88,1,0,random_50,0,1
1,stress_random,20006,2684,2684,r_2684,1,qualified_ref,1,0,none,2792409375,2792425088,15713,3125,9463,88,1,0,random_50,0,1
1,stress_random,20006,2685,2685,r_2685,1,qualified_ref,1,0,none,2793434375,2793450088,15713,3125,9463,88,1,0,random_50,0,1
1,stress_random,20006,2686,2686,r_2686,1,qualified_ref,1,0,none,2794459375,2794475088,15713,3125,9463,88,1,0,random_50,0,1
1,stress_random,20006,2687,2687,r_2687,1,qualified_ref,1,0,none,2795484375,2795500088,15713,3125,9463,88,1,0,random_50,0,1
1,stress_random,20006,2688,2688,r_2688,1,qualified_ref,1,0,none,2796509375,2796525088,15713,3125,9463,88,1,0,random_50,0,1
1,stress_random,20006,2689,2689,r_2689,1,qualified_ref,1,0,none,2797534375,2797550088,15713,3125,9463,88,1,0,random_50,0,1
1,stress_random,20006,2690,2690,r_2690,1,qualified_ref,1,0,none,2798559375,2798575088,15713,3125,9463,88,1,0,random_50,0,1
1,stress_random,20006,2691,2691,r_2691,1,qualified_ref,1,0,none,2799584375,2799600088,15713,3125,9463,88,1,0,random_50,0,1
1,stress_random,20006,2692,2692,r_2692,1,qualified_ref,1,0,none,2800609375,2800625088,15713,3125,9463,88,1,0,random_50,0,1
1,stress_random,20006,2693,2693,r_2693,1,qualified_ref,1,0,none,2801634375,2801650088,15713,3125,9463,88,1,0,random_50,0,1
1,stress_random,20006,2694,2694,r_2694,1,qualified_ref,1,0,none,2802659375,2802675088,15713,3125,9463,88,1,0,random_50,0,1
1,stress_random,20006,2695,2695,r_2695,1,qualified_ref,1,0,none,2803684375,2803700088,15713,3125,9463,88,1,0,random_50,0,1
1,stress_random,20006,2696,2696,r_2696,1,qualified_ref,1,0,none,2804709375,2804725088,15713,3125,9463,88,1,0,random_50,0,1
1,stress_random,20006,2697,2697,r_2697,1,qualified_ref,1,0,none,2805734375,2805750088,15713,3125,9463,88,1,0,random_50,0,1
1,stress_random,20006,2698,2698,r_2698,1,qualified_ref,1,0,none,2806759375,2806775088,15713,3125,9463,88,1,0,random_50,0,1
1,stress_random,20006,2699,2699,r_2699,1,qualified_ref,1,0,none,2807784375,2807800088,15713,3125,9463,88,1,0,random_50,0,1
1,stress_random,20006,2700,2700,r_2700,1,qualified_ref,1,0,none,2808809375,2808825088,15713,3125,9463,88,1,0,random_50,0,1
1,stress_random,20006,2701,2701,r_2701,1,qualified_ref,1,0,none,2809834375,2809850088,15713,3125,9463,88,1,0,random_50,0,1
1,stress_random,20006,2702,2702,r_2702,1,qualified_ref,1,0,none,2810859375,2810875088,15713,3125,9463,88,1,0,random_50,0,1
1,stress_random,20006,2703,2703,r_2703,1,qualified_ref,1,0,none,2811884375,2811900088,15713,3125,9463,88,1,0,random_50,0,1
1,stress_random,20006,2704,2704,r_2704,1,qualified_ref,1,0,none,2812909375,2812925088,15713,3125,9463,88,1,0,random_50,0,1
1,stress_random,20006,2705,2705,r_2705,1,qualified_ref,1,0,none,2813934375,2813950088,15713,3125,9463,88,1,0,random_50,0,1
1,stress_random,20006,2706,2706,r_2706,1,qualified_ref,1,0,none,2814959375,2814975088,15713,3125,9463,88,1,0,random_50,0,1
1,stress_random,20006,2707,2707,r_2707,1,qualified_ref,1,0,none,2815984375,2816000088,15713,3125,9463,88,1,0,random_50,0,1
1,stress_random,20006,2708,2708,r_2708,1,qualified_ref,1,0,none,2817009375,2817025088,15713,3125,9463,88,1,0,random_50,0,1
1,stress_random,20006,2709,2709,r_2709,1,qualified_ref,1,0,none,2818034375,2818050088,15713,3125,9463,88,1,0,random_50,0,1
1,stress_random,20006,2710,2710,r_2710,1,qualified_ref,1,0,none,2819059375,2819075088,15713,3125,9463,88,1,0,random_50,0,1
1,stress_random,20006,2711,2711,r_2711,1,qualified_ref,1,0,none,2820084375,2820100088,15713,3125,9463,88,1,0,random_50,0,1
1,stress_random,20006,2712,2712,r_2712,1,qualified_ref,1,0,none,2821109375,2821125088,15713,3125,9463,88,1,0,random_50,0,1
1,stress_random,20006,2713,2713,r_2713,1,qualified_ref,1,0,none,2822134375,2822150088,15713,3125,9463,88,1,0,random_50,0,1
1,stress_random,20006,2714,2714,r_2714,1,qualified_ref,1,0,none,2823159375,2823175088,15713,3125,9463,88,1,0,random_50,0,1
1,stress_random,20006,2715,2715,r_2715,1,qualified_ref,1,0,none,2824184375,2824200088,15713,3125,9463,88,1,0,random_50,0,1
1,stress_random,20006,2716,2716,r_2716,1,qualified_ref,1,0,none,2825209375,2825225088,15713,3125,9463,88,1,0,random_50,0,1
1,stress_random,20006,2717,2717,r_2717,1,qualified_ref,1,0,none,2826234375,2826250088,15713,3125,9463,88,1,0,random_50,0,1
1,stress_random,20006,2718,2718,r_2718,1,qualified_ref,1,0,none,2827259375,2827275088,15713,3125,9463,88,1,0,random_50,0,1
1,stress_random,20006,2719,2719,r_2719,1,qualified_ref,1,0,none,2828284375,2828300088,15713,3125,9463,88,1,0,random_50,0,1
1,stress_random,20006,2720,2720,r_2720,1,qualified_ref,1,0,none,2829309375,2829325088,15713,3125,9463,88,1,0,random_50,0,1
1,stress_random,20006,2721,2721,r_2721,1,qualified_ref,1,0,none,2830334375,2830350088,15713,3125,9463,88,1,0,random_50,0,1
1,stress_random,20006,2722,2722,r_2722,1,qualified_ref,1,0,none,2831359375,2831375088,15713,3125,9463,88,1,0,random_50,0,1
1,stress_random,20006,2723,2723,r_2723,1,qualified_ref,1,0,none,2832384375,2832400088,15713,3125,9463,88,1,0,random_50,0,1
1,stress_random,20006,2724,2724,r_2724,1,qualified_ref,1,0,none,2833409375,2833425088,15713,3125,9463,88,1,0,random_50,0,1
1,stress_random,20006,2725,2725,r_2725,1,qualified_ref,1,0,none,2834434375,2834450088,15713,3125,9463,88,1,0,random_50,0,1
1,stress_random,20006,2726,2726,r_2726,1,qualified_ref,1,0,none,2835459375,2835475088,15713,3125,9463,88,1,0,random_50,0,1
1,stress_random,20006,2727,2727,r_2727,1,qualified_ref,1,0,none,2836484375,2836500088,15713,3125,9463,88,1,0,random_50,0,1
1,stress_random,20006,2728,2728,r_2728,1,qualified_ref,1,0,none,2837509375,2837525088,15713,3125,9463,88,1,0,random_50,0,1
1,stress_random,20006,2729,2729,r_2729,1,qualified_ref,1,0,none,2838534375,2838550088,15713,3125,9463,88,1,0,random_50,0,1
1,stress_random,20006,2730,2730,r_2730,1,qualified_ref,1,0,none,2839559375,2839575088,15713,3125,9463,88,1,0,random_50,0,1
1,stress_random,20006,2731,2731,r_2731,1,qualified_ref,1,0,none,2840584375,2840600088,15713,3125,9463,88,1,0,random_50,0,1
1,stress_random,20006,2732,2732,r_2732,1,qualified_ref,1,0,none,2841609375,2841625088,15713,3125,9463,88,1,0,random_50,0,1
1,stress_random,20006,2733,2733,r_2733,1,qualified_ref,1,0,none,2842634375,2842650088,15713,3125,9463,88,1,0,random_50,0,1
1,stress_random,20006,2734,2734,r_2734,1,qualified_ref,1,0,none,2843659375,2843675088,15713,3125,9463,88,1,0,random_50,0,1
1,stress_random,20006,2735,2735,r_2735,1,qualified_ref,1,0,none,2844684375,2844700088,15713,3125,9463,88,1,0,random_50,0,1
1,stress_random,20006,2736,2736,r_2736,1,qualified_ref,1,0,none,2845709375,2845725088,15713,3125,9463,88,1,0,random_50,0,1
1,stress_random,20006,2737,2737,r_2737,1,qualified_ref,1,0,none,2846734375,2846750088,15713,3125,9463,88,1,0,random_50,0,1
1,stress_random,20006,2738,2738,r_2738,1,qualified_ref,1,0,none,2847759375,2847775088,15713,3125,9463,88,1,0,random_50,0,1
1,stress_random,20006,2739,2739,r_2739,1,qualified_ref,1,0,none,2848784375,2848800088,15713,3125,9463,88,1,0,random_50,0,1
1,stress_random,20006,2740,2740,r_2740,1,qualified_ref,1,0,none,2849809375,2849825088,15713,3125,9463,88,1,0,random_50,0,1
1,stress_random,20006,2741,2741,r_2741,1,qualified_ref,1,0,none,2850834375,2850850088,15713,3125,9463,88,1,0,random_50,0,1
1,stress_random,20006,2742,2742,r_2742,1,qualified_ref,1,0,none,2851859375,2851875088,15713,3125,9463,88,1,0,random_50,0,1
1,stress_random,20006,2743,2743,r_2743,1,qualified_ref,1,0,none,2852884375,2852900088,15713,3125,9463,88,1,0,random_50,0,1
1,stress_random,20006,2744,2744,r_2744,1,qualified_ref,1,0,none,2853909375,2853925088,15713,3125,9463,88,1,0,random_50,0,1
1,stress_random,20006,2745,2745,r_2745,1,qualified_ref,1,0,none,2854934375,2854950088,15713,3125,9463,88,1,0,random_50,0,1
1,stress_random,20006,2746,2746,r_2746,1,qualified_ref,1,0,none,2855959375,2855975088,15713,3125,9463,88,1,0,random_50,0,1
1,stress_random,20006,2747,2747,r_2747,1,qualified_ref,1,0,none,2856984375,2857000088,15713,3125,9463,88,1,0,random_50,0,1
1,stress_random,20006,2748,2748,r_2748,1,qualified_ref,1,0,none,2858009375,2858025088,15713,3125,9463,88,1,0,random_50,0,1
1,stress_random,20006,2749,2749,r_2749,1,qualified_ref,1,0,none,2859034375,2859050088,15713,3125,9463,88,1,0,random_50,0,1
1,stress_random,20006,2750,2750,r_2750,1,qualified_ref,1,0,none,2864159375,2864175088,15713,3125,9463,88,12,0,random_50,0,1
1,stress_random,20006,2751,2751,r_2751,1,qualified_ref,1,0,none,2865184375,2865200088,15713,3125,9463,88,12,0,random_50,0,1
1,stress_random,20006,2752,2752,r_2752,1,qualified_ref,1,0,none,2866209375,2866225088,15713,3125,9463,88,12,0,random_50,0,1
1,stress_random,20006,2753,2753,r_2753,1,qualified_ref,1,0,none,2867234375,2867250088,15713,3125,9463,88,12,0,random_50,0,1
1,stress_random,20006,2754,2754,r_2754,1,qualified_ref,1,0,none,2868259375,2868275088,15713,3125,9463,88,12,0,random_50,0,1
1,stress_random,20006,2755,2755,r_2755,1,qualified_ref,1,0,none,2869284375,2869300088,15713,3125,9463,88,12,0,random_50,0,1
1,stress_random,20006,2756,2756,r_2756,1,qualified_ref,1,0,none,2870309375,2870325088,15713,3125,9463,88,12,0,random_50,0,1
1,stress_random,20006,2757,2757,r_2757,1,qualified_ref,1,0,none,2871334375,2871350088,15713,3125,9463,88,12,0,random_50,0,1
1,stress_random,20006,2758,2758,r_2758,1,qualified_ref,1,0,none,2872359375,2872375088,15713,3125,9463,88,12,0,random_50,0,1
1,stress_random,20006,2759,2759,r_2759,1,qualified_ref,1,0,none,2873384375,2873400088,15713,3125,9463,88,12,0,random_50,0,1
1,stress_random,20006,2760,2760,r_2760,1,qualified_ref,1,0,none,2874409375,2874425088,15713,3125,9463,88,12,0,random_50,0,1
1,stress_random,20006,2761,2761,r_2761,1,qualified_ref,1,0,none,2875434375,2875450088,15713,3125,9463,88,12,0,random_50,0,1
1,stress_random,20006,2762,2762,r_2762,1,qualified_ref,1,0,none,2876459375,2876475088,15713,3125,9463,88,12,0,random_50,0,1
1,stress_random,20006,2763,2763,r_2763,1,qualified_ref,1,0,none,2877484375,2877500088,15713,3125,9463,88,12,0,random_50,0,1
1,stress_random,20006,2764,2764,r_2764,1,qualified_ref,1,0,none,2878509375,2878525088,15713,3125,9463,88,12,0,random_50,0,1
1,stress_random,20006,2765,2765,r_2765,1,qualified_ref,1,0,none,2879534375,2879550088,15713,3125,9463,88,12,0,random_50,0,1
1,stress_random,20006,2766,2766,r_2766,1,qualified_ref,1,0,none,2880559375,2880575088,15713,3125,9463,88,12,0,random_50,0,1
1,stress_random,20006,2767,2767,r_2767,1,qualified_ref,1,0,none,2881584375,2881600088,15713,3125,9463,88,12,0,random_50,0,1
1,stress_random,20006,2768,2768,r_2768,1,qualified_ref,1,0,none,2882609375,2882625088,15713,3125,9463,88,12,0,random_50,0,1
1,stress_random,20006,2769,2769,r_2769,1,qualified_ref,1,0,none,2883634375,2883650088,15713,3125,9463,88,12,0,random_50,0,1
1,stress_random,20006,2770,2770,r_2770,1,qualified_ref,1,0,none,2884659375,2884675088,15713,3125,9463,88,12,0,random_50,0,1
1,stress_random,20006,2771,2771,r_2771,1,qualified_ref,1,0,none,2885684375,2885700088,15713,3125,9463,88,12,0,random_50,0,1
1,stress_random,20006,2772,2772,r_2772,1,qualified_ref,1,0,none,2886709375,2886725088,15713,3125,9463,88,12,0,random_50,0,1
1,stress_random,20006,2773,2773,r_2773,1,qualified_ref,1,0,none,2887734375,2887750088,15713,3125,9463,88,12,0,random_50,0,1
1,stress_random,20006,2774,2774,r_2774,1,qualified_ref,1,0,none,2888759375,2888775088,15713,3125,9463,88,12,0,random_50,0,1
1,stress_random,20006,2775,2775,r_2775,1,qualified_ref,1,0,none,2889784375,2889800088,15713,3125,9463,88,12,0,random_50,0,1
1,stress_random,20006,2776,2776,r_2776,1,qualified_ref,1,0,none,2890809375,2890825088,15713,3125,9463,88,12,0,random_50,0,1
1,stress_random,20006,2777,2777,r_2777,1,qualified_ref,1,0,none,2891834375,2891850088,15713,3125,9463,88,12,0,random_50,0,1
1,stress_random,20006,2778,2778,r_2778,1,qualified_ref,1,0,none,2892859375,2892875088,15713,3125,9463,88,12,0,random_50,0,1
1,stress_random,20006,2779,2779,r_2779,1,qualified_ref,1,0,none,2893884375,2893900088,15713,3125,9463,88,12,0,random_50,0,1
1,stress_random,20006,2780,2780,r_2780,1,qualified_ref,1,0,none,2894909375,2894925088,15713,3125,9463,88,12,0,random_50,0,1
1,stress_random,20006,2781,2781,r_2781,1,qualified_ref,1,0,none,2895934375,2895950088,15713,3125,9463,88,12,0,random_50,0,1
1,stress_random,20006,2782,2782,r_2782,1,qualified_ref,1,0,none,2896959375,2896975088,15713,3125,9463,88,12,0,random_50,0,1
1,stress_random,20006,2783,2783,r_2783,1,qualified_ref,1,0,none,2897984375,2898000088,15713,3125,9463,88,12,0,random_50,0,1
1,stress_random,20006,2784,2784,r_2784,1,qualified_ref,1,0,none,2899009375,2899025088,15713,3125,9463,88,12,0,random_50,0,1
1,stress_random,20006,2785,2785,r_2785,1,qualified_ref,1,0,none,2900034375,2900050088,15713,3125,9463,88,12,0,random_50,0,1
1,stress_random,20006,2786,2786,r_2786,1,qualified_ref,1,0,none,2901059375,2901075088,15713,3125,9463,88,12,0,random_50,0,1
1,stress_random,20006,2787,2787,r_2787,1,qualified_ref,1,0,none,2902084375,2902100088,15713,3125,9463,88,12,0,random_50,0,1
1,stress_random,20006,2788,2788,r_2788,1,qualified_ref,1,0,none,2903109375,2903125088,15713,3125,9463,88,12,0,random_50,0,1
1,stress_random,20006,2789,2789,r_2789,1,qualified_ref,1,0,none,2904134375,2904150088,15713,3125,9463,88,12,0,random_50,0,1
1,stress_random,20006,2790,2790,r_2790,1,qualified_ref,1,0,none,2905159375,2905175088,15713,3125,9463,88,12,0,random_50,0,1
1,stress_random,20006,2791,2791,r_2791,1,qualified_ref,1,0,none,2906184375,2906200088,15713,3125,9463,88,12,0,random_50,0,1
1,stress_random,20006,2792,2792,r_2792,1,qualified_ref,1,0,none,2907209375,2907225088,15713,3125,9463,88,12,0,random_50,0,1
1,stress_random,20006,2793,2793,r_2793,1,qualified_ref,1,0,none,2908234375,2908250088,15713,3125,9463,88,12,0,random_50,0,1
1,stress_random,20006,2794,2794,r_2794,1,qualified_ref,1,0,none,2909259375,2909275088,15713,3125,9463,88,12,0,random_50,0,1
1,stress_random,20006,2795,2795,r_2795,1,qualified_ref,1,0,none,2910284375,2910300088,15713,3125,9463,88,12,0,random_50,0,1
1,stress_random,20006,2796,2796,r_2796,1,qualified_ref,1,0,none,2911309375,2911325088,15713,3125,9463,88,12,0,random_50,0,1
1,stress_random,20006,2797,2797,r_2797,1,qualified_ref,1,0,none,2912334375,2912350088,15713,3125,9463,88,12,0,random_50,0,1
1,stress_random,20006,2798,2798,r_2798,1,qualified_ref,1,0,none,2913359375,2913375088,15713,3125,9463,88,12,0,random_50,0,1
1,stress_random,20006,2799,2799,r_2799,1,qualified_ref,1,0,none,2914384375,2914400088,15713,3125,9463,88,12,0,random_50,0,1
1,stress_random,20006,2800,2800,r_2800,1,qualified_ref,1,0,none,2915409375,2915425088,15713,3125,9463,88,12,0,random_50,0,1
1,stress_random,20006,2801,2801,r_2801,1,qualified_ref,1,0,none,2916434375,2916450088,15713,3125,9463,88,12,0,random_50,0,1
1,stress_random,20006,2802,2802,r_2802,1,qualified_ref,1,0,none,2917459375,2917475088,15713,3125,9463,88,12,0,random_50,0,1
1,stress_random,20006,2803,2803,r_2803,1,qualified_ref,1,0,none,2918484375,2918500088,15713,3125,9463,88,12,0,random_50,0,1
1,stress_random,20006,2804,2804,r_2804,1,qualified_ref,1,0,none,2919509375,2919525088,15713,3125,9463,88,12,0,random_50,0,1
1,stress_random,20006,2805,2805,r_2805,1,qualified_ref,1,0,none,2920534375,2920550088,15713,3125,9463,88,12,0,random_50,0,1
1,stress_random,20006,2806,2806,r_2806,1,qualified_ref,1,0,none,2921559375,2921575088,15713,3125,9463,88,12,0,random_50,0,1
1,stress_random,20006,2807,2807,r_2807,1,qualified_ref,1,0,none,2922584375,2922600088,15713,3125,9463,88,12,0,random_50,0,1
1,stress_random,20006,2808,2808,r_2808,1,qualified_ref,1,0,none,2923609375,2923625088,15713,3125,9463,88,12,0,random_50,0,1
1,stress_random,20006,2809,2809,r_2809,1,qualified_ref,1,0,none,2924634375,2924650088,15713,3125,9463,88,12,0,random_50,0,1
1,stress_random,20006,2810,2810,r_2810,1,qualified_ref,1,0,none,2925659375,2925675088,15713,3125,9463,88,12,0,random_50,0,1
1,stress_random,20006,2811,2811,r_2811,1,qualified_ref,1,0,none,2926684375,2926700088,15713,3125,9463,88,12,0,random_50,0,1
1,stress_random,20006,2812,2812,r_2812,1,qualified_ref,1,0,none,2927709375,2927725088,15713,3125,9463,88,12,0,random_50,0,1
1,stress_random,20006,2813,2813,r_2813,1,qualified_ref,1,0,none,2928734375,2928750088,15713,3125,9463,88,12,0,random_50,0,1
1,stress_random,20006,2814,2814,r_2814,1,qualified_ref,1,0,none,2929759375,2929775088,15713,3125,9463,88,12,0,random_50,0,1
1,stress_random,20006,2815,2815,r_2815,1,qualified_ref,1,0,none,2930784375,2930800088,15713,3125,9463,88,12,0,random_50,0,1
1,stress_random,20006,2816,2816,r_2816,1,qualified_ref,1,0,none,2931809375,2931825088,15713,3125,9463,88,12,0,random_50,0,1
1,stress_random,20006,2817,2817,r_2817,1,qualified_ref,1,0,none,2932834375,2932850088,15713,3125,9463,88,12,0,random_50,0,1
1,stress_random,20006,2818,2818,r_2818,1,qualified_ref,1,0,none,2933859375,2933875088,15713,3125,9463,88,12,0,random_50,0,1
1,stress_random,20006,2819,2819,r_2819,1,qualified_ref,1,0,none,2934884375,2934900088,15713,3125,9463,88,12,0,random_50,0,1
1,stress_random,20006,2820,2820,r_2820,1,qualified_ref,1,0,none,2935909375,2935925088,15713,3125,9463,88,12,0,random_50,0,1
1,stress_random,20006,2821,2821,r_2821,1,qualified_ref,1,0,none,2936934375,2936950088,15713,3125,9463,88,12,0,random_50,0,1
1,stress_random,20006,2822,2822,r_2822,1,qualified_ref,1,0,none,2937959375,2937975088,15713,3125,9463,88,12,0,random_50,0,1
1,stress_random,20006,2823,2823,r_2823,1,qualified_ref,1,0,none,2938984375,2939000088,15713,3125,9463,88,12,0,random_50,0,1
1,stress_random,20006,2824,2824,r_2824,1,qualified_ref,1,0,none,2940009375,2940025088,15713,3125,9463,88,12,0,random_50,0,1
1,stress_random,20006,2825,2825,r_2825,1,qualified_ref,1,0,none,2941034375,2941050088,15713,3125,9463,88,12,0,random_50,0,1
1,stress_random,20006,2826,2826,r_2826,1,qualified_ref,1,0,none,2942059375,2942075088,15713,3125,9463,88,12,0,random_50,0,1
1,stress_random,20006,2827,2827,r_2827,1,qualified_ref,1,0,none,2943084375,2943100088,15713,3125,9463,88,12,0,random_50,0,1
1,stress_random,20006,2828,2828,r_2828,1,qualified_ref,1,0,none,2944109375,2944125088,15713,3125,9463,88,12,0,random_50,0,1
1,stress_random,20006,2829,2829,r_2829,1,qualified_ref,1,0,none,2945134375,2945150088,15713,3125,9463,88,12,0,random_50,0,1
1,stress_random,20006,2830,2830,r_2830,1,qualified_ref,1,0,none,2946159375,2946175088,15713,3125,9463,88,12,0,random_50,0,1
1,stress_random,20006,2831,2831,r_2831,1,qualified_ref,1,0,none,2947184375,2947200088,15713,3125,9463,88,12,0,random_50,0,1
1,stress_random,20006,2832,2832,r_2832,1,qualified_ref,1,0,none,2948209375,2948225088,15713,3125,9463,88,12,0,random_50,0,1
1,stress_random,20006,2833,2833,r_2833,1,qualified_ref,1,0,none,2949234375,2949250088,15713,3125,9463,88,12,0,random_50,0,1
1,stress_random,20006,2834,2834,r_2834,1,qualified_ref,1,0,none,2950259375,2950275088,15713,3125,9463,88,12,0,random_50,0,1
1,stress_random,20006,2835,2835,r_2835,1,qualified_ref,1,0,none,2951284375,2951300088,15713,3125,9463,88,12,0,random_50,0,1
1,stress_random,20006,2836,2836,r_2836,1,qualified_ref,1,0,none,2952309375,2952325088,15713,3125,9463,88,12,0,random_50,0,1
1,stress_random,20006,2837,2837,r_2837,1,qualified_ref,1,0,none,2953334375,2953350088,15713,3125,9463,88,12,0,random_50,0,1
1,stress_random,20006,2838,2838,r_2838,1,qualified_ref,1,0,none,2954359375,2954375088,15713,3125,9463,88,12,0,random_50,0,1
1,stress_random,20006,2839,2839,r_2839,1,qualified_ref,1,0,none,2955384375,2955400088,15713,3125,9463,88,12,0,random_50,0,1
1,stress_random,20006,2840,2840,r_2840,1,qualified_ref,1,0,none,2956409375,2956425088,15713,3125,9463,88,12,0,random_50,0,1
1,stress_random,20006,2841,2841,r_2841,1,qualified_ref,1,0,none,2957434375,2957450088,15713,3125,9463,88,12,0,random_50,0,1
1,stress_random,20006,2842,2842,r_2842,1,qualified_ref,1,0,none,2958459375,2958475088,15713,3125,9463,88,12,0,random_50,0,1
1,stress_random,20006,2843,2843,r_2843,1,qualified_ref,1,0,none,2959484375,2959500088,15713,3125,9463,88,12,0,random_50,0,1
1,stress_random,20006,2844,2844,r_2844,1,qualified_ref,1,0,none,2960509375,2960525088,15713,3125,9463,88,12,0,random_50,0,1
1,stress_random,20006,2845,2845,r_2845,1,qualified_ref,1,0,none,2961534375,2961550088,15713,3125,9463,88,12,0,random_50,0,1
1,stress_random,20006,2846,2846,r_2846,1,qualified_ref,1,0,none,2962559375,2962575088,15713,3125,9463,88,12,0,random_50,0,1
1,stress_random,20006,2847,2847,r_2847,1,qualified_ref,1,0,none,2963584375,2963600088,15713,3125,9463,88,12,0,random_50,0,1
1,stress_random,20006,2848,2848,r_2848,1,qualified_ref,1,0,none,2964609375,2964625088,15713,3125,9463,88,12,0,random_50,0,1
1,stress_random,20006,2849,2849,r_2849,1,qualified_ref,1,0,none,2965634375,2965650088,15713,3125,9463,88,12,0,random_50,0,1
1,stress_random,20006,2850,2850,r_2850,1,qualified_ref,1,0,none,2966659375,2966675088,15713,3125,9463,88,12,0,random_50,0,1
1,stress_random,20006,2851,2851,r_2851,1,qualified_ref,1,0,none,2967684375,2967700088,15713,3125,9463,88,12,0,random_50,0,1
1,stress_random,20006,2852,2852,r_2852,1,qualified_ref,1,0,none,2968709375,2968725088,15713,3125,9463,88,12,0,random_50,0,1
1,stress_random,20006,2853,2853,r_2853,1,qualified_ref,1,0,none,2969734375,2969750088,15713,3125,9463,88,12,0,random_50,0,1
1,stress_random,20006,2854,2854,r_2854,1,qualified_ref,1,0,none,2970759375,2970775088,15713,3125,9463,88,12,0,random_50,0,1
1,stress_random,20006,2855,2855,r_2855,1,qualified_ref,1,0,none,2971784375,2971800088,15713,3125,9463,88,12,0,random_50,0,1
1,stress_random,20006,2856,2856,r_2856,1,qualified_ref,1,0,none,2972809375,2972825088,15713,3125,9463,88,12,0,random_50,0,1
1,stress_random,20006,2857,2857,r_2857,1,qualified_ref,1,0,none,2973834375,2973850088,15713,3125,9463,88,12,0,random_50,0,1
1,stress_random,20006,2858,2858,r_2858,1,qualified_ref,1,0,none,2974859375,2974875088,15713,3125,9463,88,12,0,random_50,0,1
1,stress_random,20006,2859,2859,r_2859,1,qualified_ref,1,0,none,2975884375,2975900088,15713,3125,9463,88,12,0,random_50,0,1
1,stress_random,20006,2860,2860,r_2860,1,qualified_ref,1,0,none,2976909375,2976925088,15713,3125,9463,88,12,0,random_50,0,1
1,stress_random,20006,2861,2861,r_2861,1,qualified_ref,1,0,none,2977934375,2977950088,15713,3125,9463,88,12,0,random_50,0,1
1,stress_random,20006,2862,2862,r_2862,1,qualified_ref,1,0,none,2978959375,2978975088,15713,3125,9463,88,12,0,random_50,0,1
1,stress_random,20006,2863,2863,r_2863,1,qualified_ref,1,0,none,2979984375,2980000088,15713,3125,9463,88,12,0,random_50,0,1
1,stress_random,20006,2864,2864,r_2864,1,qualified_ref,1,0,none,2981009375,2981025088,15713,3125,9463,88,12,0,random_50,0,1
1,stress_random,20006,2865,2865,r_2865,1,qualified_ref,1,0,none,2982034375,2982050088,15713,3125,9463,88,12,0,random_50,0,1
1,stress_random,20006,2866,2866,r_2866,1,qualified_ref,1,0,none,2983059375,2983075088,15713,3125,9463,88,12,0,random_50,0,1
1,stress_random,20006,2867,2867,r_2867,1,qualified_ref,1,0,none,2984084375,2984100088,15713,3125,9463,88,12,0,random_50,0,1
1,stress_random,20006,2868,2868,r_2868,1,qualified_ref,1,0,none,2985109375,2985125088,15713,3125,9463,88,12,0,random_50,0,1
1,stress_random,20006,2869,2869,r_2869,1,qualified_ref,1,0,none,2986134375,2986150088,15713,3125,9463,88,12,0,random_50,0,1
1,stress_random,20006,2870,2870,r_2870,1,qualified_ref,1,0,none,2987159375,2987175088,15713,3125,9463,88,12,0,random_50,0,1
1,stress_random,20006,2871,2871,r_2871,1,qualified_ref,1,0,none,2988184375,2988200088,15713,3125,9463,88,12,0,random_50,0,1
1,stress_random,20006,2872,2872,r_2872,1,qualified_ref,1,0,none,2989209375,2989225088,15713,3125,9463,88,12,0,random_50,0,1
1,stress_random,20006,2873,2873,r_2873,1,qualified_ref,1,0,none,2990234375,2990250088,15713,3125,9463,88,12,0,random_50,0,1
1,stress_random,20006,2874,2874,r_2874,1,qualified_ref,1,0,none,2991259375,2991275088,15713,3125,9463,88,12,0,random_50,0,1
1,stress_random,20006,2875,2875,r_2875,1,qualified_ref,1,0,none,2992284375,2992300088,15713,3125,9463,88,12,0,random_50,0,1
1,stress_random,20006,2876,2876,r_2876,1,qualified_ref,1,0,none,2993309375,2993325088,15713,3125,9463,88,12,0,random_50,0,1
1,stress_random,20006,2877,2877,r_2877,1,qualified_ref,1,0,none,2994334375,2994350088,15713,3125,9463,88,12,0,random_50,0,1
1,stress_random,20006,2878,2878,r_2878,1,qualified_ref,1,0,none,2995359375,2995375088,15713,3125,9463,88,12,0,random_50,0,1
1,stress_random,20006,2879,2879,r_2879,1,qualified_ref,1,0,none,2996384375,2996400088,15713,3125,9463,88,12,0,random_50,0,1
1,stress_random,20006,2880,2880,r_2880,1,qualified_ref,1,0,none,2997409375,2997425088,15713,3125,9463,88,12,0,random_50,0,1
1,stress_random,20006,2881,2881,r_2881,1,qualified_ref,1,0,none,2998434375,2998450088,15713,3125,9463,88,12,0,random_50,0,1
1,stress_random,20006,2882,2882,r_2882,1,qualified_ref,1,0,none,2999459375,2999475088,15713,3125,9463,88,12,0,random_50,0,1
1,stress_random,20006,2883,2883,r_2883,1,qualified_ref,1,0,none,3000484375,3000500088,15713,3125,9463,88,12,0,random_50,0,1
1,stress_random,20006,2884,2884,r_2884,1,qualified_ref,1,0,none,3001509375,3001525088,15713,3125,9463,88,12,0,random_50,0,1
1,stress_random,20006,2885,2885,r_2885,1,qualified_ref,1,0,none,3002534375,3002550088,15713,3125,9463,88,12,0,random_50,0,1
1,stress_random,20006,2886,2886,r_2886,1,qualified_ref,1,0,none,3003559375,3003575088,15713,3125,9463,88,12,0,random_50,0,1
1,stress_random,20006,2887,2887,r_2887,1,qualified_ref,1,0,none,3004584375,3004600088,15713,3125,9463,88,12,0,random_50,0,1
1,stress_random,20006,2888,2888,r_2888,1,qualified_ref,1,0,none,3005609375,3005625088,15713,3125,9463,88,12,0,random_50,0,1
1,stress_random,20006,2889,2889,r_2889,1,qualified_ref,1,0,none,3006634375,3006650088,15713,3125,9463,88,12,0,random_50,0,1
1,stress_random,20006,2890,2890,r_2890,1,qualified_ref,1,0,none,3007659375,3007675088,15713,3125,9463,88,12,0,random_50,0,1
1,stress_random,20006,2891,2891,r_2891,1,qualified_ref,1,0,none,3008684375,3008700088,15713,3125,9463,88,12,0,random_50,0,1
1,stress_random,20006,2892,2892,r_2892,1,qualified_ref,1,0,none,3009709375,3009725088,15713,3125,9463,88,12,0,random_50,0,1
1,stress_random,20006,2893,2893,r_2893,1,qualified_ref,1,0,none,3010734375,3010750088,15713,3125,9463,88,12,0,random_50,0,1
1,stress_random,20006,2894,2894,r_2894,1,qualified_ref,1,0,none,3011759375,3011775088,15713,3125,9463,88,12,0,random_50,0,1
1,stress_random,20006,2895,2895,r_2895,1,qualified_ref,1,0,none,3012784375,3012800088,15713,3125,9463,88,12,0,random_50,0,1
1,stress_random,20006,2896,2896,r_2896,1,qualified_ref,1,0,none,3013809375,3013825088,15713,3125,9463,88,12,0,random_50,0,1
1,stress_random,20006,2897,2897,r_2897,1,qualified_ref,1,0,none,3014834375,3014850088,15713,3125,9463,88,12,0,random_50,0,1
1,stress_random,20006,2898,2898,r_2898,1,qualified_ref,1,0,none,3015859375,3015875088,15713,3125,9463,88,12,0,random_50,0,1
1,stress_random,20006,2899,2899,r_2899,1,qualified_ref,1,0,none,3016884375,3016900088,15713,3125,9463,88,12,0,random_50,0,1
1,stress_random,20006,2900,2900,r_2900,1,qualified_ref,1,0,none,3017909375,3017925088,15713,3125,9463,88,12,0,random_50,0,1
1,stress_random,20006,2901,2901,r_2901,1,qualified_ref,1,0,none,3018934375,3018950088,15713,3125,9463,88,12,0,random_50,0,1
1,stress_random,20006,2902,2902,r_2902,1,qualified_ref,1,0,none,3019959375,3019975088,15713,3125,9463,88,12,0,random_50,0,1
1,stress_random,20006,2903,2903,r_2903,1,qualified_ref,1,0,none,3020984375,3021000088,15713,3125,9463,88,12,0,random_50,0,1
1,stress_random,20006,2904,2904,r_2904,1,qualified_ref,1,0,none,3022009375,3022025088,15713,3125,9463,88,12,0,random_50,0,1
1,stress_random,20006,2905,2905,r_2905,1,qualified_ref,1,0,none,3023034375,3023050088,15713,3125,9463,88,12,0,random_50,0,1
1,stress_random,20006,2906,2906,r_2906,1,qualified_ref,1,0,none,3024059375,3024075088,15713,3125,9463,88,12,0,random_50,0,1
1,stress_random,20006,2907,2907,r_2907,1,qualified_ref,1,0,none,3025084375,3025100088,15713,3125,9463,88,12,0,random_50,0,1
1,stress_random,20006,2908,2908,r_2908,1,qualified_ref,1,0,none,3026109375,3026125088,15713,3125,9463,88,12,0,random_50,0,1
1,stress_random,20006,2909,2909,r_2909,1,qualified_ref,1,0,none,3027134375,3027150088,15713,3125,9463,88,12,0,random_50,0,1
1,stress_random,20006,2910,2910,r_2910,1,qualified_ref,1,0,none,3028159375,3028175088,15713,3125,9463,88,12,0,random_50,0,1
1,stress_random,20006,2911,2911,r_2911,1,qualified_ref,1,0,none,3029184375,3029200088,15713,3125,9463,88,12,0,random_50,0,1
1,stress_random,20006,2912,2912,r_2912,1,qualified_ref,1,0,none,3030209375,3030225088,15713,3125,9463,88,12,0,random_50,0,1
1,stress_random,20006,2913,2913,r_2913,1,qualified_ref,1,0,none,3031234375,3031250088,15713,3125,9463,88,12,0,random_50,0,1
1,stress_random,20006,2914,2914,r_2914,1,qualified_ref,1,0,none,3032259375,3032275088,15713,3125,9463,88,12,0,random_50,0,1
1,stress_random,20006,2915,2915,r_2915,1,qualified_ref,1,0,none,3033284375,3033300088,15713,3125,9463,88,12,0,random_50,0,1
1,stress_random,20006,2916,2916,r_2916,1,qualified_ref,1,0,none,3034309375,3034325088,15713,3125,9463,88,12,0,random_50,0,1
1,stress_random,20006,2917,2917,r_2917,1,qualified_ref,1,0,none,3035334375,3035350088,15713,3125,9463,88,12,0,random_50,0,1
1,stress_random,20006,2918,2918,r_2918,1,qualified_ref,1,0,none,3036359375,3036375088,15713,3125,9463,88,12,0,random_50,0,1
1,stress_random,20006,2919,2919,r_2919,1,qualified_ref,1,0,none,3037384375,3037400088,15713,3125,9463,88,12,0,random_50,0,1
1,stress_random,20006,2920,2920,r_2920,1,qualified_ref,1,0,none,3038409375,3038425088,15713,3125,9463,88,12,0,random_50,0,1
1,stress_random,20006,2921,2921,r_2921,1,qualified_ref,1,0,none,3039434375,3039450088,15713,3125,9463,88,12,0,random_50,0,1
1,stress_random,20006,2922,2922,r_2922,1,qualified_ref,1,0,none,3040459375,3040475088,15713,3125,9463,88,12,0,random_50,0,1
1,stress_random,20006,2923,2923,r_2923,1,qualified_ref,1,0,none,3041484375,3041500088,15713,3125,9463,88,12,0,random_50,0,1
1,stress_random,20006,2924,2924,r_2924,1,qualified_ref,1,0,none,3042509375,3042525088,15713,3125,9463,88,12,0,random_50,0,1
1,stress_random,20006,2925,2925,r_2925,1,qualified_ref,1,0,none,3043534375,3043550088,15713,3125,9463,88,12,0,random_50,0,1
1,stress_random,20006,2926,2926,r_2926,1,qualified_ref,1,0,none,3044559375,3044575088,15713,3125,9463,88,12,0,random_50,0,1
1,stress_random,20006,2927,2927,r_2927,1,qualified_ref,1,0,none,3045584375,3045600088,15713,3125,9463,88,12,0,random_50,0,1
1,stress_random,20006,2928,2928,r_2928,1,qualified_ref,1,0,none,3046609375,3046625088,15713,3125,9463,88,12,0,random_50,0,1
1,stress_random,20006,2929,2929,r_2929,1,qualified_ref,1,0,none,3047634375,3047650088,15713,3125,9463,88,12,0,random_50,0,1
1,stress_random,20006,2930,2930,r_2930,1,qualified_ref,1,0,none,3048659375,3048675088,15713,3125,9463,88,12,0,random_50,0,1
1,stress_random,20006,2931,2931,r_2931,1,qualified_ref,1,0,none,3049684375,3049700088,15713,3125,9463,88,12,0,random_50,0,1
1,stress_random,20006,2932,2932,r_2932,1,qualified_ref,1,0,none,3050709375,3050725088,15713,3125,9463,88,12,0,random_50,0,1
1,stress_random,20006,2933,2933,r_2933,1,qualified_ref,1,0,none,3051734375,3051750088,15713,3125,9463,88,12,0,random_50,0,1
1,stress_random,20006,2934,2934,r_2934,1,qualified_ref,1,0,none,3052759375,3052775088,15713,3125,9463,88,12,0,random_50,0,1
1,stress_random,20006,2935,2935,r_2935,1,qualified_ref,1,0,none,3053784375,3053800088,15713,3125,9463,88,12,0,random_50,0,1
1,stress_random,20006,2936,2936,r_2936,1,qualified_ref,1,0,none,3054809375,3054825088,15713,3125,9463,88,12,0,random_50,0,1
1,stress_random,20006,2937,2937,r_2937,1,qualified_ref,1,0,none,3055834375,3055850088,15713,3125,9463,88,12,0,random_50,0,1
1,stress_random,20006,2938,2938,r_2938,1,qualified_ref,1,0,none,3056859375,3056875088,15713,3125,9463,88,12,0,random_50,0,1
1,stress_random,20006,2939,2939,r_2939,1,qualified_ref,1,0,none,3057884375,3057900088,15713,3125,9463,88,12,0,random_50,0,1
1,stress_random,20006,2940,2940,r_2940,1,qualified_ref,1,0,none,3058909375,3058925088,15713,3125,9463,88,12,0,random_50,0,1
1,stress_random,20006,2941,2941,r_2941,1,qualified_ref,1,0,none,3059934375,3059950088,15713,3125,9463,88,12,0,random_50,0,1
1,stress_random,20006,2942,2942,r_2942,1,qualified_ref,1,0,none,3060959375,3060975088,15713,3125,9463,88,12,0,random_50,0,1
1,stress_random,20006,2943,2943,r_2943,1,qualified_ref,1,0,none,3061984375,3062000088,15713,3125,9463,88,12,0,random_50,0,1
1,stress_random,20006,2944,2944,r_2944,1,qualified_ref,1,0,none,3063009375,3063025088,15713,3125,9463,88,12,0,random_50,0,1
1,stress_random,20006,2945,2945,r_2945,1,qualified_ref,1,0,none,3064034375,3064050088,15713,3125,9463,88,12,0,random_50,0,1
1,stress_random,20006,2946,2946,r_2946,1,qualified_ref,1,0,none,3065059375,3065075088,15713,3125,9463,88,12,0,random_50,0,1
1,stress_random,20006,2947,2947,r_2947,1,qualified_ref,1,0,none,3066084375,3066100088,15713,3125,9463,88,12,0,random_50,0,1
1,stress_random,20006,2948,2948,r_2948,1,qualified_ref,1,0,none,3067109375,3067125088,15713,3125,9463,88,12,0,random_50,0,1
1,stress_random,20006,2949,2949,r_2949,1,qualified_ref,1,0,none,3068134375,3068150088,15713,3125,9463,88,12,0,random_50,0,1
1,stress_random,20006,2950,2950,r_2950,1,qualified_ref,1,0,none,3069159375,3069175088,15713,3125,9463,88,12,0,random_50,0,1
1,stress_random,20006,2951,2951,r_2951,1,qualified_ref,1,0,none,3070184375,3070200088,15713,3125,9463,88,12,0,random_50,0,1
1,stress_random,20006,2952,2952,r_2952,1,qualified_ref,1,0,none,3071209375,3071225088,15713,3125,9463,88,12,0,random_50,0,1
1,stress_random,20006,2953,2953,r_2953,1,qualified_ref,1,0,none,3072234375,3072250088,15713,3125,9463,88,12,0,random_50,0,1
1,stress_random,20006,2954,2954,r_2954,1,qualified_ref,1,0,none,3073259375,3073275088,15713,3125,9463,88,12,0,random_50,0,1
1,stress_random,20006,2955,2955,r_2955,1,qualified_ref,1,0,none,3074284375,3074300088,15713,3125,9463,88,12,0,random_50,0,1
1,stress_random,20006,2956,2956,r_2956,1,qualified_ref,1,0,none,3075309375,3075325088,15713,3125,9463,88,12,0,random_50,0,1
1,stress_random,20006,2957,2957,r_2957,1,qualified_ref,1,0,none,3076334375,3076350088,15713,3125,9463,88,12,0,random_50,0,1
1,stress_random,20006,2958,2958,r_2958,1,qualified_ref,1,0,none,3077359375,3077375088,15713,3125,9463,88,12,0,random_50,0,1
1,stress_random,20006,2959,2959,r_2959,1,qualified_ref,1,0,none,3078384375,3078400088,15713,3125,9463,88,12,0,random_50,0,1
1,stress_random,20006,2960,2960,r_2960,1,qualified_ref,1,0,none,3079409375,3079425088,15713,3125,9463,88,12,0,random_50,0,1
1,stress_random,20006,2961,2961,r_2961,1,qualified_ref,1,0,none,3080434375,3080450088,15713,3125,9463,88,12,0,random_50,0,1
1,stress_random,20006,2962,2962,r_2962,1,qualified_ref,1,0,none,3081459375,3081475088,15713,3125,9463,88,12,0,random_50,0,1
1,stress_random,20006,2963,2963,r_2963,1,qualified_ref,1,0,none,3082484375,3082500088,15713,3125,9463,88,12,0,random_50,0,1
1,stress_random,20006,2964,2964,r_2964,1,qualified_ref,1,0,none,3083509375,3083525088,15713,3125,9463,88,12,0,random_50,0,1
1,stress_random,20006,2965,2965,r_2965,1,qualified_ref,1,0,none,3084534375,3084550088,15713,3125,9463,88,12,0,random_50,0,1
1,stress_random,20006,2966,2966,r_2966,1,qualified_ref,1,0,none,3085559375,3085575088,15713,3125,9463,88,12,0,random_50,0,1
1,stress_random,20006,2967,2967,r_2967,1,qualified_ref,1,0,none,3086584375,3086600088,15713,3125,9463,88,12,0,random_50,0,1
1,stress_random,20006,2968,2968,r_2968,1,qualified_ref,1,0,none,3087609375,3087625088,15713,3125,9463,88,12,0,random_50,0,1
1,stress_random,20006,2969,2969,r_2969,1,qualified_ref,1,0,none,3088634375,3088650088,15713,3125,9463,88,12,0,random_50,0,1
1,stress_random,20006,2970,2970,r_2970,1,qualified_ref,1,0,none,3089659375,3089675088,15713,3125,9463,88,12,0,random_50,0,1
1,stress_random,20006,2971,2971,r_2971,1,qualified_ref,1,0,none,3090684375,3090700088,15713,3125,9463,88,12,0,random_50,0,1
1,stress_random,20006,2972,2972,r_2972,1,qualified_ref,1,0,none,3091709375,3091725088,15713,3125,9463,88,12,0,random_50,0,1
1,stress_random,20006,2973,2973,r_2973,1,qualified_ref,1,0,none,3092734375,3092750088,15713,3125,9463,88,12,0,random_50,0,1
1,stress_random,20006,2974,2974,r_2974,1,qualified_ref,1,0,none,3093759375,3093775088,15713,3125,9463,88,12,0,random_50,0,1
1,stress_random,20006,2975,2975,r_2975,1,qualified_ref,1,0,none,3094784375,3094800088,15713,3125,9463,88,12,0,random_50,0,1
1,stress_random,20006,2976,2976,r_2976,1,qualified_ref,1,0,none,3095809375,3095825088,15713,3125,9463,88,12,0,random_50,0,1
1,stress_random,20006,2977,2977,r_2977,1,qualified_ref,1,0,none,3096834375,3096850088,15713,3125,9463,88,12,0,random_50,0,1
1,stress_random,20006,2978,2978,r_2978,1,qualified_ref,1,0,none,3097859375,3097875088,15713,3125,9463,88,12,0,random_50,0,1
1,stress_random,20006,2979,2979,r_2979,1,qualified_ref,1,0,none,3098884375,3098900088,15713,3125,9463,88,12,0,random_50,0,1
1,stress_random,20006,2980,2980,r_2980,1,qualified_ref,1,0,none,3099909375,3099925088,15713,3125,9463,88,12,0,random_50,0,1
1,stress_random,20006,2981,2981,r_2981,1,qualified_ref,1,0,none,3100934375,3100950088,15713,3125,9463,88,12,0,random_50,0,1
1,stress_random,20006,2982,2982,r_2982,1,qualified_ref,1,0,none,3101959375,3101975088,15713,3125,9463,88,12,0,random_50,0,1
1,stress_random,20006,2983,2983,r_2983,1,qualified_ref,1,0,none,3102984375,3103000088,15713,3125,9463,88,12,0,random_50,0,1
1,stress_random,20006,2984,2984,r_2984,1,qualified_ref,1,0,none,3104009375,3104025088,15713,3125,9463,88,12,0,random_50,0,1
1,stress_random,20006,2985,2985,r_2985,1,qualified_ref,1,0,none,3105034375,3105050088,15713,3125,9463,88,12,0,random_50,0,1
1,stress_random,20006,2986,2986,r_2986,1,qualified_ref,1,0,none,3106059375,3106075088,15713,3125,9463,88,12,0,random_50,0,1
1,stress_random,20006,2987,2987,r_2987,1,qualified_ref,1,0,none,3107084375,3107100088,15713,3125,9463,88,12,0,random_50,0,1
1,stress_random,20006,2988,2988,r_2988,1,qualified_ref,1,0,none,3108109375,3108125088,15713,3125,9463,88,12,0,random_50,0,1
1,stress_random,20006,2989,2989,r_2989,1,qualified_ref,1,0,none,3109134375,3109150088,15713,3125,9463,88,12,0,random_50,0,1
1,stress_random,20006,2990,2990,r_2990,1,qualified_ref,1,0,none,3110159375,3110175088,15713,3125,9463,88,12,0,random_50,0,1
1,stress_random,20006,2991,2991,r_2991,1,qualified_ref,1,0,none,3111184375,3111200088,15713,3125,9463,88,12,0,random_50,0,1
1,stress_random,20006,2992,2992,r_2992,1,qualified_ref,1,0,none,3112209375,3112225088,15713,3125,9463,88,12,0,random_50,0,1
1,stress_random,20006,2993,2993,r_2993,1,qualified_ref,1,0,none,3113234375,3113250088,15713,3125,9463,88,12,0,random_50,0,1
1,stress_random,20006,2994,2994,r_2994,1,qualified_ref,1,0,none,3114259375,3114275088,15713,3125,9463,88,12,0,random_50,0,1
1,stress_random,20006,2995,2995,r_2995,1,qualified_ref,1,0,none,3115284375,3115300088,15713,3125,9463,88,12,0,random_50,0,1
1,stress_random,20006,2996,2996,r_2996,1,qualified_ref,1,0,none,3116309375,3116325088,15713,3125,9463,88,12,0,random_50,0,1
1,stress_random,20006,2997,2997,r_2997,1,qualified_ref,1,0,none,3117334375,3117350088,15713,3125,9463,88,12,0,random_50,0,1
1,stress_random,20006,2998,2998,r_2998,1,qualified_ref,1,0,none,3118359375,3118375088,15713,3125,9463,88,12,0,random_50,0,1
1,stress_random,20006,2999,2999,r_2999,1,qualified_ref,1,0,none,3119384375,3119400088,15713,3125,9463,88,12,0,random_50,0,1
1,stress_random,20006,3000,3000,r_3000,0,qualified_ref,1,0,none,3124509375,3124525088,15713,3125,9463,88,6,0,random_50,0,1
1,stress_random,20006,3001,3001,r_3001,0,qualified_ref,1,0,none,3125534375,3125550088,15713,3125,9463,88,6,0,random_50,0,1
1,stress_random,20006,3002,3002,r_3002,0,qualified_ref,1,0,none,3126559375,3126575088,15713,3125,9463,88,6,0,random_50,0,1
1,stress_random,20006,3003,3003,r_3003,0,qualified_ref,1,0,none,3127584375,3127600088,15713,3125,9463,88,6,0,random_50,0,1
1,stress_random,20006,3004,3004,r_3004,0,qualified_ref,1,0,none,3128609375,3128625088,15713,3125,9463,88,6,0,random_50,0,1
1,stress_random,20006,3005,3005,r_3005,0,qualified_ref,1,0,none,3129634375,3129650088,15713,3125,9463,88,6,0,random_50,0,1
1,stress_random,20006,3006,3006,r_3006,0,qualified_ref,1,0,none,3130659375,3130675088,15713,3125,9463,88,6,0,random_50,0,1
1,stress_random,20006,3007,3007,r_3007,0,qualified_ref,1,0,none,3131684375,3131700088,15713,3125,9463,88,6,0,random_50,0,1
1,stress_random,20006,3008,3008,r_3008,0,qualified_ref,1,0,none,3132709375,3132725088,15713,3125,9463,88,6,0,random_50,0,1
1,stress_random,20006,3009,3009,r_3009,0,qualified_ref,1,0,none,3133734375,3133750088,15713,3125,9463,88,6,0,random_50,0,1
1,stress_random,20006,3010,3010,r_3010,0,qualified_ref,1,0,none,3134759375,3134775088,15713,3125,9463,88,6,0,random_50,0,1
1,stress_random,20006,3011,3011,r_3011,0,qualified_ref,1,0,none,3135784375,3135800088,15713,3125,9463,88,6,0,random_50,0,1
1,stress_random,20006,3012,3012,r_3012,0,qualified_ref,1,0,none,3136809375,3136825088,15713,3125,9463,88,6,0,random_50,0,1
1,stress_random,20006,3013,3013,r_3013,0,qualified_ref,1,0,none,3137834375,3137850088,15713,3125,9463,88,6,0,random_50,0,1
1,stress_random,20006,3014,3014,r_3014,0,qualified_ref,1,0,none,3138859375,3138875088,15713,3125,9463,88,6,0,random_50,0,1
1,stress_random,20006,3015,3015,r_3015,0,qualified_ref,1,0,none,3139884375,3139900088,15713,3125,9463,88,6,0,random_50,0,1
1,stress_random,20006,3016,3016,r_3016,0,qualified_ref,1,0,none,3140909375,3140925088,15713,3125,9463,88,6,0,random_50,0,1
1,stress_random,20006,3017,3017,r_3017,0,qualified_ref,1,0,none,3141934375,3141950088,15713,3125,9463,88,6,0,random_50,0,1
1,stress_random,20006,3018,3018,r_3018,0,qualified_ref,1,0,none,3142959375,3142975088,15713,3125,9463,88,6,0,random_50,0,1
1,stress_random,20006,3019,3019,r_3019,0,qualified_ref,1,0,none,3143984375,3144000088,15713,3125,9463,88,6,0,random_50,0,1
1,stress_random,20006,3020,3020,r_3020,0,qualified_ref,1,0,none,3145009375,3145025088,15713,3125,9463,88,6,0,random_50,0,1
1,stress_random,20006,3021,3021,r_3021,0,qualified_ref,1,0,none,3146034375,3146050088,15713,3125,9463,88,6,0,random_50,0,1
1,stress_random,20006,3022,3022,r_3022,0,qualified_ref,1,0,none,3147059375,3147075088,15713,3125,9463,88,6,0,random_50,0,1
1,stress_random,20006,3023,3023,r_3023,0,qualified_ref,1,0,none,3148084375,3148100088,15713,3125,9463,88,6,0,random_50,0,1
1,stress_random,20006,3024,3024,r_3024,0,qualified_ref,1,0,none,3149109375,3149125088,15713,3125,9463,88,6,0,random_50,0,1
1,stress_random,20006,3025,3025,r_3025,0,qualified_ref,1,0,none,3150134375,3150150088,15713,3125,9463,88,6,0,random_50,0,1
1,stress_random,20006,3026,3026,r_3026,0,qualified_ref,1,0,none,3151159375,3151175088,15713,3125,9463,88,6,0,random_50,0,1
1,stress_random,20006,3027,3027,r_3027,0,qualified_ref,1,0,none,3152184375,3152200088,15713,3125,9463,88,6,0,random_50,0,1
1,stress_random,20006,3028,3028,r_3028,0,qualified_ref,1,0,none,3153209375,3153225088,15713,3125,9463,88,6,0,random_50,0,1
1,stress_random,20006,3029,3029,r_3029,0,qualified_ref,1,0,none,3154234375,3154250088,15713,3125,9463,88,6,0,random_50,0,1
1,stress_random,20006,3030,3030,r_3030,0,qualified_ref,1,0,none,3155259375,3155275088,15713,3125,9463,88,6,0,random_50,0,1
1,stress_random,20006,3031,3031,r_3031,0,qualified_ref,1,0,none,3156284375,3156300088,15713,3125,9463,88,6,0,random_50,0,1
1,stress_random,20006,3032,3032,r_3032,0,qualified_ref,1,0,none,3157309375,3157325088,15713,3125,9463,88,6,0,random_50,0,1
1,stress_random,20006,3033,3033,r_3033,0,qualified_ref,1,0,none,3158334375,3158350088,15713,3125,9463,88,6,0,random_50,0,1
1,stress_random,20006,3034,3034,r_3034,0,qualified_ref,1,0,none,3159359375,3159375088,15713,3125,9463,88,6,0,random_50,0,1
1,stress_random,20006,3035,3035,r_3035,0,qualified_ref,1,0,none,3160384375,3160400088,15713,3125,9463,88,6,0,random_50,0,1
1,stress_random,20006,3036,3036,r_3036,0,qualified_ref,1,0,none,3161409375,3161425088,15713,3125,9463,88,6,0,random_50,0,1
1,stress_random,20006,3037,3037,r_3037,0,qualified_ref,1,0,none,3162434375,3162450088,15713,3125,9463,88,6,0,random_50,0,1
1,stress_random,20006,3038,3038,r_3038,0,qualified_ref,1,0,none,3163459375,3163475088,15713,3125,9463,88,6,0,random_50,0,1
1,stress_random,20006,3039,3039,r_3039,0,qualified_ref,1,0,none,3164484375,3164500088,15713,3125,9463,88,6,0,random_50,0,1
1,stress_random,20006,3040,3040,r_3040,0,qualified_ref,1,0,none,3165509375,3165525088,15713,3125,9463,88,6,0,random_50,0,1
1,stress_random,20006,3041,3041,r_3041,0,qualified_ref,1,0,none,3166534375,3166550088,15713,3125,9463,88,6,0,random_50,0,1
1,stress_random,20006,3042,3042,r_3042,0,qualified_ref,1,0,none,3167559375,3167575088,15713,3125,9463,88,6,0,random_50,0,1
1,stress_random,20006,3043,3043,r_3043,0,qualified_ref,1,0,none,3168584375,3168600088,15713,3125,9463,88,6,0,random_50,0,1
1,stress_random,20006,3044,3044,r_3044,0,qualified_ref,1,0,none,3169609375,3169625088,15713,3125,9463,88,6,0,random_50,0,1
1,stress_random,20006,3045,3045,r_3045,0,qualified_ref,1,0,none,3170634375,3170650088,15713,3125,9463,88,6,0,random_50,0,1
1,stress_random,20006,3046,3046,r_3046,0,qualified_ref,1,0,none,3171659375,3171675088,15713,3125,9463,88,6,0,random_50,0,1
1,stress_random,20006,3047,3047,r_3047,0,qualified_ref,1,0,none,3172684375,3172700088,15713,3125,9463,88,6,0,random_50,0,1
1,stress_random,20006,3048,3048,r_3048,0,qualified_ref,1,0,none,3173709375,3173725088,15713,3125,9463,88,6,0,random_50,0,1
1,stress_random,20006,3049,3049,r_3049,0,qualified_ref,1,0,none,3174734375,3174750088,15713,3125,9463,88,6,0,random_50,0,1
1,stress_random,20006,3050,3050,r_3050,0,qualified_ref,1,0,none,3175759375,3175775088,15713,3125,9463,88,6,0,random_50,0,1
1,stress_random,20006,3051,3051,r_3051,0,qualified_ref,1,0,none,3176784375,3176800088,15713,3125,9463,88,6,0,random_50,0,1
1,stress_random,20006,3052,3052,r_3052,0,qualified_ref,1,0,none,3177809375,3177825088,15713,3125,9463,88,6,0,random_50,0,1
1,stress_random,20006,3053,3053,r_3053,0,qualified_ref,1,0,none,3178834375,3178850088,15713,3125,9463,88,6,0,random_50,0,1
1,stress_random,20006,3054,3054,r_3054,0,qualified_ref,1,0,none,3179859375,3179875088,15713,3125,9463,88,6,0,random_50,0,1
1,stress_random,20006,3055,3055,r_3055,0,qualified_ref,1,0,none,3180884375,3180900088,15713,3125,9463,88,6,0,random_50,0,1
1,stress_random,20006,3056,3056,r_3056,0,qualified_ref,1,0,none,3181909375,3181925088,15713,3125,9463,88,6,0,random_50,0,1
1,stress_random,20006,3057,3057,r_3057,0,qualified_ref,1,0,none,3182934375,3182950088,15713,3125,9463,88,6,0,random_50,0,1
1,stress_random,20006,3058,3058,r_3058,0,qualified_ref,1,0,none,3183959375,3183975088,15713,3125,9463,88,6,0,random_50,0,1
1,stress_random,20006,3059,3059,r_3059,0,qualified_ref,1,0,none,3184984375,3185000088,15713,3125,9463,88,6,0,random_50,0,1
1,stress_random,20006,3060,3060,r_3060,0,qualified_ref,1,0,none,3186009375,3186025088,15713,3125,9463,88,6,0,random_50,0,1
1,stress_random,20006,3061,3061,r_3061,0,qualified_ref,1,0,none,3187034375,3187050088,15713,3125,9463,88,6,0,random_50,0,1
1,stress_random,20006,3062,3062,r_3062,0,qualified_ref,1,0,none,3188059375,3188075088,15713,3125,9463,88,6,0,random_50,0,1
1,stress_random,20006,3063,3063,r_3063,0,qualified_ref,1,0,none,3189084375,3189100088,15713,3125,9463,88,6,0,random_50,0,1
1,stress_random,20006,3064,3064,r_3064,0,qualified_ref,1,0,none,3190109375,3190125088,15713,3125,9463,88,6,0,random_50,0,1
1,stress_random,20006,3065,3065,r_3065,0,qualified_ref,1,0,none,3191134375,3191150088,15713,3125,9463,88,6,0,random_50,0,1
1,stress_random,20006,3066,3066,r_3066,0,qualified_ref,1,0,none,3192159375,3192175088,15713,3125,9463,88,6,0,random_50,0,1
1,stress_random,20006,3067,3067,r_3067,0,qualified_ref,1,0,none,3193184375,3193200088,15713,3125,9463,88,6,0,random_50,0,1
1,stress_random,20006,3068,3068,r_3068,0,qualified_ref,1,0,none,3194209375,3194225088,15713,3125,9463,88,6,0,random_50,0,1
1,stress_random,20006,3069,3069,r_3069,0,qualified_ref,1,0,none,3195234375,3195250088,15713,3125,9463,88,6,0,random_50,0,1
1,stress_random,20006,3070,3070,r_3070,0,qualified_ref,1,0,none,3196259375,3196275088,15713,3125,9463,88,6,0,random_50,0,1
1,stress_random,20006,3071,3071,r_3071,0,qualified_ref,1,0,none,3197284375,3197300088,15713,3125,9463,88,6,0,random_50,0,1
1,stress_random,20006,3072,3072,r_3072,0,qualified_ref,1,0,none,3198309375,3198325088,15713,3125,9463,88,6,0,random_50,0,1
1,stress_random,20006,3073,3073,r_3073,0,qualified_ref,1,0,none,3199334375,3199350088,15713,3125,9463,88,6,0,random_50,0,1
1,stress_random,20006,3074,3074,r_3074,0,qualified_ref,1,0,none,3200359375,3200375088,15713,3125,9463,88,6,0,random_50,0,1
1,stress_random,20006,3075,3075,r_3075,0,qualified_ref,1,0,none,3201384375,3201400088,15713,3125,9463,88,6,0,random_50,0,1
1,stress_random,20006,3076,3076,r_3076,0,qualified_ref,1,0,none,3202409375,3202425088,15713,3125,9463,88,6,0,random_50,0,1
1,stress_random,20006,3077,3077,r_3077,0,qualified_ref,1,0,none,3203434375,3203450088,15713,3125,9463,88,6,0,random_50,0,1
1,stress_random,20006,3078,3078,r_3078,0,qualified_ref,1,0,none,3204459375,3204475088,15713,3125,9463,88,6,0,random_50,0,1
1,stress_random,20006,3079,3079,r_3079,0,qualified_ref,1,0,none,3205484375,3205500088,15713,3125,9463,88,6,0,random_50,0,1
1,stress_random,20006,3080,3080,r_3080,0,qualified_ref,1,0,none,3206509375,3206525088,15713,3125,9463,88,6,0,random_50,0,1
1,stress_random,20006,3081,3081,r_3081,0,qualified_ref,1,0,none,3207534375,3207550088,15713,3125,9463,88,6,0,random_50,0,1
1,stress_random,20006,3082,3082,r_3082,0,qualified_ref,1,0,none,3208559375,3208575088,15713,3125,9463,88,6,0,random_50,0,1
1,stress_random,20006,3083,3083,r_3083,0,qualified_ref,1,0,none,3209584375,3209600088,15713,3125,9463,88,6,0,random_50,0,1
1,stress_random,20006,3084,3084,r_3084,0,qualified_ref,1,0,none,3210609375,3210625088,15713,3125,9463,88,6,0,random_50,0,1
1,stress_random,20006,3085,3085,r_3085,0,qualified_ref,1,0,none,3211634375,3211650088,15713,3125,9463,88,6,0,random_50,0,1
1,stress_random,20006,3086,3086,r_3086,0,qualified_ref,1,0,none,3212659375,3212675088,15713,3125,9463,88,6,0,random_50,0,1
1,stress_random,20006,3087,3087,r_3087,0,qualified_ref,1,0,none,3213684375,3213700088,15713,3125,9463,88,6,0,random_50,0,1
1,stress_random,20006,3088,3088,r_3088,0,qualified_ref,1,0,none,3214709375,3214725088,15713,3125,9463,88,6,0,random_50,0,1
1,stress_random,20006,3089,3089,r_3089,0,qualified_ref,1,0,none,3215734375,3215750088,15713,3125,9463,88,6,0,random_50,0,1
1,stress_random,20006,3090,3090,r_3090,0,qualified_ref,1,0,none,3216759375,3216775088,15713,3125,9463,88,6,0,random_50,0,1
1,stress_random,20006,3091,3091,r_3091,0,qualified_ref,1,0,none,3217784375,3217800088,15713,3125,9463,88,6,0,random_50,0,1
1,stress_random,20006,3092,3092,r_3092,0,qualified_ref,1,0,none,3218809375,3218825088,15713,3125,9463,88,6,0,random_50,0,1
1,stress_random,20006,3093,3093,r_3093,0,qualified_ref,1,0,none,3219834375,3219850088,15713,3125,9463,88,6,0,random_50,0,1
1,stress_random,20006,3094,3094,r_3094,0,qualified_ref,1,0,none,3220859375,3220875088,15713,3125,9463,88,6,0,random_50,0,1
1,stress_random,20006,3095,3095,r_3095,0,qualified_ref,1,0,none,3221884375,3221900088,15713,3125,9463,88,6,0,random_50,0,1
1,stress_random,20006,3096,3096,r_3096,0,qualified_ref,1,0,none,3222909375,3222925088,15713,3125,9463,88,6,0,random_50,0,1
1,stress_random,20006,3097,3097,r_3097,0,qualified_ref,1,0,none,3223934375,3223950088,15713,3125,9463,88,6,0,random_50,0,1
1,stress_random,20006,3098,3098,r_3098,0,qualified_ref,1,0,none,3224959375,3224975088,15713,3125,9463,88,6,0,random_50,0,1
1,stress_random,20006,3099,3099,r_3099,0,qualified_ref,1,0,none,3225984375,3226000088,15713,3125,9463,88,6,0,random_50,0,1
1,stress_random,20006,3100,3100,r_3100,0,qualified_ref,1,0,none,3227009375,3227025088,15713,3125,9463,88,6,0,random_50,0,1
1,stress_random,20006,3101,3101,r_3101,0,qualified_ref,1,0,none,3228034375,3228050088,15713,3125,9463,88,6,0,random_50,0,1
1,stress_random,20006,3102,3102,r_3102,0,qualified_ref,1,0,none,3229059375,3229075088,15713,3125,9463,88,6,0,random_50,0,1
1,stress_random,20006,3103,3103,r_3103,0,qualified_ref,1,0,none,3230084375,3230100088,15713,3125,9463,88,6,0,random_50,0,1
1,stress_random,20006,3104,3104,r_3104,0,qualified_ref,1,0,none,3231109375,3231125088,15713,3125,9463,88,6,0,random_50,0,1
1,stress_random,20006,3105,3105,r_3105,0,qualified_ref,1,0,none,3232134375,3232150088,15713,3125,9463,88,6,0,random_50,0,1
1,stress_random,20006,3106,3106,r_3106,0,qualified_ref,1,0,none,3233159375,3233175088,15713,3125,9463,88,6,0,random_50,0,1
1,stress_random,20006,3107,3107,r_3107,0,qualified_ref,1,0,none,3234184375,3234200088,15713,3125,9463,88,6,0,random_50,0,1
1,stress_random,20006,3108,3108,r_3108,0,qualified_ref,1,0,none,3235209375,3235225088,15713,3125,9463,88,6,0,random_50,0,1
1,stress_random,20006,3109,3109,r_3109,0,qualified_ref,1,0,none,3236234375,3236250088,15713,3125,9463,88,6,0,random_50,0,1
1,stress_random,20006,3110,3110,r_3110,0,qualified_ref,1,0,none,3237259375,3237275088,15713,3125,9463,88,6,0,random_50,0,1
1,stress_random,20006,3111,3111,r_3111,0,qualified_ref,1,0,none,3238284375,3238300088,15713,3125,9463,88,6,0,random_50,0,1
1,stress_random,20006,3112,3112,r_3112,0,qualified_ref,1,0,none,3239309375,3239325088,15713,3125,9463,88,6,0,random_50,0,1
1,stress_random,20006,3113,3113,r_3113,0,qualified_ref,1,0,none,3240334375,3240350088,15713,3125,9463,88,6,0,random_50,0,1
1,stress_random,20006,3114,3114,r_3114,0,qualified_ref,1,0,none,3241359375,3241375088,15713,3125,9463,88,6,0,random_50,0,1
1,stress_random,20006,3115,3115,r_3115,0,qualified_ref,1,0,none,3242384375,3242400088,15713,3125,9463,88,6,0,random_50,0,1
1,stress_random,20006,3116,3116,r_3116,0,qualified_ref,1,0,none,3243409375,3243425088,15713,3125,9463,88,6,0,random_50,0,1
1,stress_random,20006,3117,3117,r_3117,0,qualified_ref,1,0,none,3244434375,3244450088,15713,3125,9463,88,6,0,random_50,0,1
1,stress_random,20006,3118,3118,r_3118,0,qualified_ref,1,0,none,3245459375,3245475088,15713,3125,9463,88,6,0,random_50,0,1
1,stress_random,20006,3119,3119,r_3119,0,qualified_ref,1,0,none,3246484375,3246500088,15713,3125,9463,88,6,0,random_50,0,1
1,stress_random,20006,3120,3120,r_3120,0,qualified_ref,1,0,none,3247509375,3247525088,15713,3125,9463,88,6,0,random_50,0,1
1,stress_random,20006,3121,3121,r_3121,0,qualified_ref,1,0,none,3248534375,3248550088,15713,3125,9463,88,6,0,random_50,0,1
1,stress_random,20006,3122,3122,r_3122,0,qualified_ref,1,0,none,3249559375,3249575088,15713,3125,9463,88,6,0,random_50,0,1
1,stress_random,20006,3123,3123,r_3123,0,qualified_ref,1,0,none,3250584375,3250600088,15713,3125,9463,88,6,0,random_50,0,1
1,stress_random,20006,3124,3124,r_3124,0,qualified_ref,1,0,none,3251609375,3251625088,15713,3125,9463,88,6,0,random_50,0,1
1,stress_random,20006,3125,3125,r_3125,0,qualified_ref,1,0,none,3252634375,3252650088,15713,3125,9463,88,6,0,random_50,0,1
1,stress_random,20006,3126,3126,r_3126,0,qualified_ref,1,0,none,3253659375,3253675088,15713,3125,9463,88,6,0,random_50,0,1
1,stress_random,20006,3127,3127,r_3127,0,qualified_ref,1,0,none,3254684375,3254700088,15713,3125,9463,88,6,0,random_50,0,1
1,stress_random,20006,3128,3128,r_3128,0,qualified_ref,1,0,none,3255709375,3255725088,15713,3125,9463,88,6,0,random_50,0,1
1,stress_random,20006,3129,3129,r_3129,0,qualified_ref,1,0,none,3256734375,3256750088,15713,3125,9463,88,6,0,random_50,0,1
1,stress_random,20006,3130,3130,r_3130,0,qualified_ref,1,0,none,3257759375,3257775088,15713,3125,9463,88,6,0,random_50,0,1
1,stress_random,20006,3131,3131,r_3131,0,qualified_ref,1,0,none,3258784375,3258800088,15713,3125,9463,88,6,0,random_50,0,1
1,stress_random,20006,3132,3132,r_3132,0,qualified_ref,1,0,none,3259809375,3259825088,15713,3125,9463,88,6,0,random_50,0,1
1,stress_random,20006,3133,3133,r_3133,0,qualified_ref,1,0,none,3260834375,3260850088,15713,3125,9463,88,6,0,random_50,0,1
1,stress_random,20006,3134,3134,r_3134,0,qualified_ref,1,0,none,3261859375,3261875088,15713,3125,9463,88,6,0,random_50,0,1
1,stress_random,20006,3135,3135,r_3135,0,qualified_ref,1,0,none,3262884375,3262900088,15713,3125,9463,88,6,0,random_50,0,1
1,stress_random,20006,3136,3136,r_3136,0,qualified_ref,1,0,none,3263909375,3263925088,15713,3125,9463,88,6,0,random_50,0,1
1,stress_random,20006,3137,3137,r_3137,0,qualified_ref,1,0,none,3264934375,3264950088,15713,3125,9463,88,6,0,random_50,0,1
1,stress_random,20006,3138,3138,r_3138,0,qualified_ref,1,0,none,3265959375,3265975088,15713,3125,9463,88,6,0,random_50,0,1
1,stress_random,20006,3139,3139,r_3139,0,qualified_ref,1,0,none,3266984375,3267000088,15713,3125,9463,88,6,0,random_50,0,1
1,stress_random,20006,3140,3140,r_3140,0,qualified_ref,1,0,none,3268009375,3268025088,15713,3125,9463,88,6,0,random_50,0,1
1,stress_random,20006,3141,3141,r_3141,0,qualified_ref,1,0,none,3269034375,3269050088,15713,3125,9463,88,6,0,random_50,0,1
1,stress_random,20006,3142,3142,r_3142,0,qualified_ref,1,0,none,3270059375,3270075088,15713,3125,9463,88,6,0,random_50,0,1
1,stress_random,20006,3143,3143,r_3143,0,qualified_ref,1,0,none,3271084375,3271100088,15713,3125,9463,88,6,0,random_50,0,1
1,stress_random,20006,3144,3144,r_3144,0,qualified_ref,1,0,none,3272109375,3272125088,15713,3125,9463,88,6,0,random_50,0,1
1,stress_random,20006,3145,3145,r_3145,0,qualified_ref,1,0,none,3273134375,3273150088,15713,3125,9463,88,6,0,random_50,0,1
1,stress_random,20006,3146,3146,r_3146,0,qualified_ref,1,0,none,3274159375,3274175088,15713,3125,9463,88,6,0,random_50,0,1
1,stress_random,20006,3147,3147,r_3147,0,qualified_ref,1,0,none,3275184375,3275200088,15713,3125,9463,88,6,0,random_50,0,1
1,stress_random,20006,3148,3148,r_3148,0,qualified_ref,1,0,none,3276209375,3276225088,15713,3125,9463,88,6,0,random_50,0,1
1,stress_random,20006,3149,3149,r_3149,0,qualified_ref,1,0,none,3277234375,3277250088,15713,3125,9463,88,6,0,random_50,0,1
1,stress_random,20006,3150,3150,r_3150,0,qualified_ref,1,0,none,3278259375,3278275088,15713,3125,9463,88,6,0,random_50,0,1
1,stress_random,20006,3151,3151,r_3151,0,qualified_ref,1,0,none,3279284375,3279300088,15713,3125,9463,88,6,0,random_50,0,1
1,stress_random,20006,3152,3152,r_3152,0,qualified_ref,1,0,none,3280309375,3280325088,15713,3125,9463,88,6,0,random_50,0,1
1,stress_random,20006,3153,3153,r_3153,0,qualified_ref,1,0,none,3281334375,3281350088,15713,3125,9463,88,6,0,random_50,0,1
1,stress_random,20006,3154,3154,r_3154,0,qualified_ref,1,0,none,3282359375,3282375088,15713,3125,9463,88,6,0,random_50,0,1
1,stress_random,20006,3155,3155,r_3155,0,qualified_ref,1,0,none,3283384375,3283400088,15713,3125,9463,88,6,0,random_50,0,1
1,stress_random,20006,3156,3156,r_3156,0,qualified_ref,1,0,none,3284409375,3284425088,15713,3125,9463,88,6,0,random_50,0,1
1,stress_random,20006,3157,3157,r_3157,0,qualified_ref,1,0,none,3285434375,3285450088,15713,3125,9463,88,6,0,random_50,0,1
1,stress_random,20006,3158,3158,r_3158,0,qualified_ref,1,0,none,3286459375,3286475088,15713,3125,9463,88,6,0,random_50,0,1
1,stress_random,20006,3159,3159,r_3159,0,qualified_ref,1,0,none,3287484375,3287500088,15713,3125,9463,88,6,0,random_50,0,1
1,stress_random,20006,3160,3160,r_3160,0,qualified_ref,1,0,none,3288509375,3288525088,15713,3125,9463,88,6,0,random_50,0,1
1,stress_random,20006,3161,3161,r_3161,0,qualified_ref,1,0,none,3289534375,3289550088,15713,3125,9463,88,6,0,random_50,0,1
1,stress_random,20006,3162,3162,r_3162,0,qualified_ref,1,0,none,3290559375,3290575088,15713,3125,9463,88,6,0,random_50,0,1
1,stress_random,20006,3163,3163,r_3163,0,qualified_ref,1,0,none,3291584375,3291600088,15713,3125,9463,88,6,0,random_50,0,1
1,stress_random,20006,3164,3164,r_3164,0,qualified_ref,1,0,none,3292609375,3292625088,15713,3125,9463,88,6,0,random_50,0,1
1,stress_random,20006,3165,3165,r_3165,0,qualified_ref,1,0,none,3293634375,3293650088,15713,3125,9463,88,6,0,random_50,0,1
1,stress_random,20006,3166,3166,r_3166,0,qualified_ref,1,0,none,3294659375,3294675088,15713,3125,9463,88,6,0,random_50,0,1
1,stress_random,20006,3167,3167,r_3167,0,qualified_ref,1,0,none,3295684375,3295700088,15713,3125,9463,88,6,0,random_50,0,1
1,stress_random,20006,3168,3168,r_3168,0,qualified_ref,1,0,none,3296709375,3296725088,15713,3125,9463,88,6,0,random_50,0,1
1,stress_random,20006,3169,3169,r_3169,0,qualified_ref,1,0,none,3297734375,3297750088,15713,3125,9463,88,6,0,random_50,0,1
1,stress_random,20006,3170,3170,r_3170,0,qualified_ref,1,0,none,3298759375,3298775088,15713,3125,9463,88,6,0,random_50,0,1
1,stress_random,20006,3171,3171,r_3171,0,qualified_ref,1,0,none,3299784375,3299800088,15713,3125,9463,88,6,0,random_50,0,1
1,stress_random,20006,3172,3172,r_3172,0,qualified_ref,1,0,none,3300809375,3300825088,15713,3125,9463,88,6,0,random_50,0,1
1,stress_random,20006,3173,3173,r_3173,0,qualified_ref,1,0,none,3301834375,3301850088,15713,3125,9463,88,6,0,random_50,0,1
1,stress_random,20006,3174,3174,r_3174,0,qualified_ref,1,0,none,3302859375,3302875088,15713,3125,9463,88,6,0,random_50,0,1
1,stress_random,20006,3175,3175,r_3175,0,qualified_ref,1,0,none,3303884375,3303900088,15713,3125,9463,88,6,0,random_50,0,1
1,stress_random,20006,3176,3176,r_3176,0,qualified_ref,1,0,none,3304909375,3304925088,15713,3125,9463,88,6,0,random_50,0,1
1,stress_random,20006,3177,3177,r_3177,0,qualified_ref,1,0,none,3305934375,3305950088,15713,3125,9463,88,6,0,random_50,0,1
1,stress_random,20006,3178,3178,r_3178,0,qualified_ref,1,0,none,3306959375,3306975088,15713,3125,9463,88,6,0,random_50,0,1
1,stress_random,20006,3179,3179,r_3179,0,qualified_ref,1,0,none,3307984375,3308000088,15713,3125,9463,88,6,0,random_50,0,1
1,stress_random,20006,3180,3180,r_3180,0,qualified_ref,1,0,none,3309009375,3309025088,15713,3125,9463,88,6,0,random_50,0,1
1,stress_random,20006,3181,3181,r_3181,0,qualified_ref,1,0,none,3310034375,3310050088,15713,3125,9463,88,6,0,random_50,0,1
1,stress_random,20006,3182,3182,r_3182,0,qualified_ref,1,0,none,3311059375,3311075088,15713,3125,9463,88,6,0,random_50,0,1
1,stress_random,20006,3183,3183,r_3183,0,qualified_ref,1,0,none,3312084375,3312100088,15713,3125,9463,88,6,0,random_50,0,1
1,stress_random,20006,3184,3184,r_3184,0,qualified_ref,1,0,none,3313109375,3313125088,15713,3125,9463,88,6,0,random_50,0,1
1,stress_random,20006,3185,3185,r_3185,0,qualified_ref,1,0,none,3314134375,3314150088,15713,3125,9463,88,6,0,random_50,0,1
1,stress_random,20006,3186,3186,r_3186,0,qualified_ref,1,0,none,3315159375,3315175088,15713,3125,9463,88,6,0,random_50,0,1
1,stress_random,20006,3187,3187,r_3187,0,qualified_ref,1,0,none,3316184375,3316200088,15713,3125,9463,88,6,0,random_50,0,1
1,stress_random,20006,3188,3188,r_3188,0,qualified_ref,1,0,none,3317209375,3317225088,15713,3125,9463,88,6,0,random_50,0,1
1,stress_random,20006,3189,3189,r_3189,0,qualified_ref,1,0,none,3318234375,3318250088,15713,3125,9463,88,6,0,random_50,0,1
1,stress_random,20006,3190,3190,r_3190,0,qualified_ref,1,0,none,3319259375,3319275088,15713,3125,9463,88,6,0,random_50,0,1
1,stress_random,20006,3191,3191,r_3191,0,qualified_ref,1,0,none,3320284375,3320300088,15713,3125,9463,88,6,0,random_50,0,1
1,stress_random,20006,3192,3192,r_3192,0,qualified_ref,1,0,none,3321309375,3321325088,15713,3125,9463,88,6,0,random_50,0,1
1,stress_random,20006,3193,3193,r_3193,0,qualified_ref,1,0,none,3322334375,3322350088,15713,3125,9463,88,6,0,random_50,0,1
1,stress_random,20006,3194,3194,r_3194,0,qualified_ref,1,0,none,3323359375,3323375088,15713,3125,9463,88,6,0,random_50,0,1
1,stress_random,20006,3195,3195,r_3195,0,qualified_ref,1,0,none,3324384375,3324400088,15713,3125,9463,88,6,0,random_50,0,1
1,stress_random,20006,3196,3196,r_3196,0,qualified_ref,1,0,none,3325409375,3325425088,15713,3125,9463,88,6,0,random_50,0,1
1,stress_random,20006,3197,3197,r_3197,0,qualified_ref,1,0,none,3326434375,3326450088,15713,3125,9463,88,6,0,random_50,0,1
1,stress_random,20006,3198,3198,r_3198,0,qualified_ref,1,0,none,3327459375,3327475088,15713,3125,9463,88,6,0,random_50,0,1
1,stress_random,20006,3199,3199,r_3199,0,qualified_ref,1,0,none,3328484375,3328500088,15713,3125,9463,88,6,0,random_50,0,1
1,stress_random,20006,3200,3200,r_3200,0,qualified_ref,1,0,none,3329509375,3329525088,15713,3125,9463,88,6,0,random_50,0,1
1,stress_random,20006,3201,3201,r_3201,0,qualified_ref,1,0,none,3330534375,3330550088,15713,3125,9463,88,6,0,random_50,0,1
1,stress_random,20006,3202,3202,r_3202,0,qualified_ref,1,0,none,3331559375,3331575088,15713,3125,9463,88,6,0,random_50,0,1
1,stress_random,20006,3203,3203,r_3203,0,qualified_ref,1,0,none,3332584375,3332600088,15713,3125,9463,88,6,0,random_50,0,1
1,stress_random,20006,3204,3204,r_3204,0,qualified_ref,1,0,none,3333609375,3333625088,15713,3125,9463,88,6,0,random_50,0,1
1,stress_random,20006,3205,3205,r_3205,0,qualified_ref,1,0,none,3334634375,3334650088,15713,3125,9463,88,6,0,random_50,0,1
1,stress_random,20006,3206,3206,r_3206,0,qualified_ref,1,0,none,3335659375,3335675088,15713,3125,9463,88,6,0,random_50,0,1
1,stress_random,20006,3207,3207,r_3207,0,qualified_ref,1,0,none,3336684375,3336700088,15713,3125,9463,88,6,0,random_50,0,1
1,stress_random,20006,3208,3208,r_3208,0,qualified_ref,1,0,none,3337709375,3337725088,15713,3125,9463,88,6,0,random_50,0,1
1,stress_random,20006,3209,3209,r_3209,0,qualified_ref,1,0,none,3338734375,3338750088,15713,3125,9463,88,6,0,random_50,0,1
1,stress_random,20006,3210,3210,r_3210,0,qualified_ref,1,0,none,3339759375,3339775088,15713,3125,9463,88,6,0,random_50,0,1
1,stress_random,20006,3211,3211,r_3211,0,qualified_ref,1,0,none,3340784375,3340800088,15713,3125,9463,88,6,0,random_50,0,1
1,stress_random,20006,3212,3212,r_3212,0,qualified_ref,1,0,none,3341809375,3341825088,15713,3125,9463,88,6,0,random_50,0,1
1,stress_random,20006,3213,3213,r_3213,0,qualified_ref,1,0,none,3342834375,3342850088,15713,3125,9463,88,6,0,random_50,0,1
1,stress_random,20006,3214,3214,r_3214,0,qualified_ref,1,0,none,3343859375,3343875088,15713,3125,9463,88,6,0,random_50,0,1
1,stress_random,20006,3215,3215,r_3215,0,qualified_ref,1,0,none,3344884375,3344900088,15713,3125,9463,88,6,0,random_50,0,1
1,stress_random,20006,3216,3216,r_3216,0,qualified_ref,1,0,none,3345909375,3345925088,15713,3125,9463,88,6,0,random_50,0,1
1,stress_random,20006,3217,3217,r_3217,0,qualified_ref,1,0,none,3346934375,3346950088,15713,3125,9463,88,6,0,random_50,0,1
1,stress_random,20006,3218,3218,r_3218,0,qualified_ref,1,0,none,3347959375,3347975088,15713,3125,9463,88,6,0,random_50,0,1
1,stress_random,20006,3219,3219,r_3219,0,qualified_ref,1,0,none,3348984375,3349000088,15713,3125,9463,88,6,0,random_50,0,1
1,stress_random,20006,3220,3220,r_3220,0,qualified_ref,1,0,none,3350009375,3350025088,15713,3125,9463,88,6,0,random_50,0,1
1,stress_random,20006,3221,3221,r_3221,0,qualified_ref,1,0,none,3351034375,3351050088,15713,3125,9463,88,6,0,random_50,0,1
1,stress_random,20006,3222,3222,r_3222,0,qualified_ref,1,0,none,3352059375,3352075088,15713,3125,9463,88,6,0,random_50,0,1
1,stress_random,20006,3223,3223,r_3223,0,qualified_ref,1,0,none,3353084375,3353100088,15713,3125,9463,88,6,0,random_50,0,1
1,stress_random,20006,3224,3224,r_3224,0,qualified_ref,1,0,none,3354109375,3354125088,15713,3125,9463,88,6,0,random_50,0,1
1,stress_random,20006,3225,3225,r_3225,0,qualified_ref,1,0,none,3355134375,3355150088,15713,3125,9463,88,6,0,random_50,0,1
1,stress_random,20006,3226,3226,r_3226,0,qualified_ref,1,0,none,3356159375,3356175088,15713,3125,9463,88,6,0,random_50,0,1
1,stress_random,20006,3227,3227,r_3227,0,qualified_ref,1,0,none,3357184375,3357200088,15713,3125,9463,88,6,0,random_50,0,1
1,stress_random,20006,3228,3228,r_3228,0,qualified_ref,1,0,none,3358209375,3358225088,15713,3125,9463,88,6,0,random_50,0,1
1,stress_random,20006,3229,3229,r_3229,0,qualified_ref,1,0,none,3359234375,3359250088,15713,3125,9463,88,6,0,random_50,0,1
1,stress_random,20006,3230,3230,r_3230,0,qualified_ref,1,0,none,3360259375,3360275088,15713,3125,9463,88,6,0,random_50,0,1
1,stress_random,20006,3231,3231,r_3231,0,qualified_ref,1,0,none,3361284375,3361300088,15713,3125,9463,88,6,0,random_50,0,1
1,stress_random,20006,3232,3232,r_3232,0,qualified_ref,1,0,none,3362309375,3362325088,15713,3125,9463,88,6,0,random_50,0,1
1,stress_random,20006,3233,3233,r_3233,0,qualified_ref,1,0,none,3363334375,3363350088,15713,3125,9463,88,6,0,random_50,0,1
1,stress_random,20006,3234,3234,r_3234,0,qualified_ref,1,0,none,3364359375,3364375088,15713,3125,9463,88,6,0,random_50,0,1
1,stress_random,20006,3235,3235,r_3235,0,qualified_ref,1,0,none,3365384375,3365400088,15713,3125,9463,88,6,0,random_50,0,1
1,stress_random,20006,3236,3236,r_3236,0,qualified_ref,1,0,none,3366409375,3366425088,15713,3125,9463,88,6,0,random_50,0,1
1,stress_random,20006,3237,3237,r_3237,0,qualified_ref,1,0,none,3367434375,3367450088,15713,3125,9463,88,6,0,random_50,0,1
1,stress_random,20006,3238,3238,r_3238,0,qualified_ref,1,0,none,3368459375,3368475088,15713,3125,9463,88,6,0,random_50,0,1
1,stress_random,20006,3239,3239,r_3239,0,qualified_ref,1,0,none,3369484375,3369500088,15713,3125,9463,88,6,0,random_50,0,1
1,stress_random,20006,3240,3240,r_3240,0,qualified_ref,1,0,none,3370509375,3370525088,15713,3125,9463,88,6,0,random_50,0,1
1,stress_random,20006,3241,3241,r_3241,0,qualified_ref,1,0,none,3371534375,3371550088,15713,3125,9463,88,6,0,random_50,0,1
1,stress_random,20006,3242,3242,r_3242,0,qualified_ref,1,0,none,3372559375,3372575088,15713,3125,9463,88,6,0,random_50,0,1
1,stress_random,20006,3243,3243,r_3243,0,qualified_ref,1,0,none,3373584375,3373600088,15713,3125,9463,88,6,0,random_50,0,1
1,stress_random,20006,3244,3244,r_3244,0,qualified_ref,1,0,none,3374609375,3374625088,15713,3125,9463,88,6,0,random_50,0,1
1,stress_random,20006,3245,3245,r_3245,0,qualified_ref,1,0,none,3375634375,3375650088,15713,3125,9463,88,6,0,random_50,0,1
1,stress_random,20006,3246,3246,r_3246,0,qualified_ref,1,0,none,3376659375,3376675088,15713,3125,9463,88,6,0,random_50,0,1
1,stress_random,20006,3247,3247,r_3247,0,qualified_ref,1,0,none,3377684375,3377700088,15713,3125,9463,88,6,0,random_50,0,1
1,stress_random,20006,3248,3248,r_3248,0,qualified_ref,1,0,none,3378709375,3378725088,15713,3125,9463,88,6,0,random_50,0,1
1,stress_random,20006,3249,3249,r_3249,0,qualified_ref,1,0,none,3379734375,3379750088,15713,3125,9463,88,6,0,random_50,0,1
1,stress_random,20006,3250,3250,r_3250,0,qualified_ref,1,0,none,3384859375,3384875088,15713,3125,9463,88,10,0,random_50,0,1
1,stress_random,20006,3251,3251,r_3251,0,qualified_ref,1,0,none,3385884375,3385900088,15713,3125,9463,88,10,0,random_50,0,1
1,stress_random,20006,3252,3252,r_3252,0,qualified_ref,1,0,none,3386909375,3386925088,15713,3125,9463,88,10,0,random_50,0,1
1,stress_random,20006,3253,3253,r_3253,0,qualified_ref,1,0,none,3387934375,3387950088,15713,3125,9463,88,10,0,random_50,0,1
1,stress_random,20006,3254,3254,r_3254,0,qualified_ref,1,0,none,3388959375,3388975088,15713,3125,9463,88,10,0,random_50,0,1
1,stress_random,20006,3255,3255,r_3255,0,qualified_ref,1,0,none,3389984375,3390000088,15713,3125,9463,88,10,0,random_50,0,1
1,stress_random,20006,3256,3256,r_3256,0,qualified_ref,1,0,none,3391009375,3391025088,15713,3125,9463,88,10,0,random_50,0,1
1,stress_random,20006,3257,3257,r_3257,0,qualified_ref,1,0,none,3392034375,3392050088,15713,3125,9463,88,10,0,random_50,0,1
1,stress_random,20006,3258,3258,r_3258,0,qualified_ref,1,0,none,3393059375,3393075088,15713,3125,9463,88,10,0,random_50,0,1
1,stress_random,20006,3259,3259,r_3259,0,qualified_ref,1,0,none,3394084375,3394100088,15713,3125,9463,88,10,0,random_50,0,1
1,stress_random,20006,3260,3260,r_3260,0,qualified_ref,1,0,none,3395109375,3395125088,15713,3125,9463,88,10,0,random_50,0,1
1,stress_random,20006,3261,3261,r_3261,0,qualified_ref,1,0,none,3396134375,3396150088,15713,3125,9463,88,10,0,random_50,0,1
1,stress_random,20006,3262,3262,r_3262,0,qualified_ref,1,0,none,3397159375,3397175088,15713,3125,9463,88,10,0,random_50,0,1
1,stress_random,20006,3263,3263,r_3263,0,qualified_ref,1,0,none,3398184375,3398200088,15713,3125,9463,88,10,0,random_50,0,1
1,stress_random,20006,3264,3264,r_3264,0,qualified_ref,1,0,none,3399209375,3399225088,15713,3125,9463,88,10,0,random_50,0,1
1,stress_random,20006,3265,3265,r_3265,0,qualified_ref,1,0,none,3400234375,3400250088,15713,3125,9463,88,10,0,random_50,0,1
1,stress_random,20006,3266,3266,r_3266,0,qualified_ref,1,0,none,3401259375,3401275088,15713,3125,9463,88,10,0,random_50,0,1
1,stress_random,20006,3267,3267,r_3267,0,qualified_ref,1,0,none,3402284375,3402300088,15713,3125,9463,88,10,0,random_50,0,1
1,stress_random,20006,3268,3268,r_3268,0,qualified_ref,1,0,none,3403309375,3403325088,15713,3125,9463,88,10,0,random_50,0,1
1,stress_random,20006,3269,3269,r_3269,0,qualified_ref,1,0,none,3404334375,3404350088,15713,3125,9463,88,10,0,random_50,0,1
1,stress_random,20006,3270,3270,r_3270,0,qualified_ref,1,0,none,3405359375,3405375088,15713,3125,9463,88,10,0,random_50,0,1
1,stress_random,20006,3271,3271,r_3271,0,qualified_ref,1,0,none,3406384375,3406400088,15713,3125,9463,88,10,0,random_50,0,1
1,stress_random,20006,3272,3272,r_3272,0,qualified_ref,1,0,none,3407409375,3407425088,15713,3125,9463,88,10,0,random_50,0,1
1,stress_random,20006,3273,3273,r_3273,0,qualified_ref,1,0,none,3408434375,3408450088,15713,3125,9463,88,10,0,random_50,0,1
1,stress_random,20006,3274,3274,r_3274,0,qualified_ref,1,0,none,3409459375,3409475088,15713,3125,9463,88,10,0,random_50,0,1
1,stress_random,20006,3275,3275,r_3275,0,qualified_ref,1,0,none,3410484375,3410500088,15713,3125,9463,88,10,0,random_50,0,1
1,stress_random,20006,3276,3276,r_3276,0,qualified_ref,1,0,none,3411509375,3411525088,15713,3125,9463,88,10,0,random_50,0,1
1,stress_random,20006,3277,3277,r_3277,0,qualified_ref,1,0,none,3412534375,3412550088,15713,3125,9463,88,10,0,random_50,0,1
1,stress_random,20006,3278,3278,r_3278,0,qualified_ref,1,0,none,3413559375,3413575088,15713,3125,9463,88,10,0,random_50,0,1
1,stress_random,20006,3279,3279,r_3279,0,qualified_ref,1,0,none,3414584375,3414600088,15713,3125,9463,88,10,0,random_50,0,1
1,stress_random,20006,3280,3280,r_3280,0,qualified_ref,1,0,none,3415609375,3415625088,15713,3125,9463,88,10,0,random_50,0,1
1,stress_random,20006,3281,3281,r_3281,0,qualified_ref,1,0,none,3416634375,3416650088,15713,3125,9463,88,10,0,random_50,0,1
1,stress_random,20006,3282,3282,r_3282,0,qualified_ref,1,0,none,3417659375,3417675088,15713,3125,9463,88,10,0,random_50,0,1
1,stress_random,20006,3283,3283,r_3283,0,qualified_ref,1,0,none,3418684375,3418700088,15713,3125,9463,88,10,0,random_50,0,1
1,stress_random,20006,3284,3284,r_3284,0,qualified_ref,1,0,none,3419709375,3419725088,15713,3125,9463,88,10,0,random_50,0,1
1,stress_random,20006,3285,3285,r_3285,0,qualified_ref,1,0,none,3420734375,3420750088,15713,3125,9463,88,10,0,random_50,0,1
1,stress_random,20006,3286,3286,r_3286,0,qualified_ref,1,0,none,3421759375,3421775088,15713,3125,9463,88,10,0,random_50,0,1
1,stress_random,20006,3287,3287,r_3287,0,qualified_ref,1,0,none,3422784375,3422800088,15713,3125,9463,88,10,0,random_50,0,1
1,stress_random,20006,3288,3288,r_3288,0,qualified_ref,1,0,none,3423809375,3423825088,15713,3125,9463,88,10,0,random_50,0,1
1,stress_random,20006,3289,3289,r_3289,0,qualified_ref,1,0,none,3424834375,3424850088,15713,3125,9463,88,10,0,random_50,0,1
1,stress_random,20006,3290,3290,r_3290,0,qualified_ref,1,0,none,3425859375,3425875088,15713,3125,9463,88,10,0,random_50,0,1
1,stress_random,20006,3291,3291,r_3291,0,qualified_ref,1,0,none,3426884375,3426900088,15713,3125,9463,88,10,0,random_50,0,1
1,stress_random,20006,3292,3292,r_3292,0,qualified_ref,1,0,none,3427909375,3427925088,15713,3125,9463,88,10,0,random_50,0,1
1,stress_random,20006,3293,3293,r_3293,0,qualified_ref,1,0,none,3428934375,3428950088,15713,3125,9463,88,10,0,random_50,0,1
1,stress_random,20006,3294,3294,r_3294,0,qualified_ref,1,0,none,3429959375,3429975088,15713,3125,9463,88,10,0,random_50,0,1
1,stress_random,20006,3295,3295,r_3295,0,qualified_ref,1,0,none,3430984375,3431000088,15713,3125,9463,88,10,0,random_50,0,1
1,stress_random,20006,3296,3296,r_3296,0,qualified_ref,1,0,none,3432009375,3432025088,15713,3125,9463,88,10,0,random_50,0,1
1,stress_random,20006,3297,3297,r_3297,0,qualified_ref,1,0,none,3433034375,3433050088,15713,3125,9463,88,10,0,random_50,0,1
1,stress_random,20006,3298,3298,r_3298,0,qualified_ref,1,0,none,3434059375,3434075088,15713,3125,9463,88,10,0,random_50,0,1
1,stress_random,20006,3299,3299,r_3299,0,qualified_ref,1,0,none,3435084375,3435100088,15713,3125,9463,88,10,0,random_50,0,1
1,stress_random,20006,3300,3300,r_3300,0,qualified_ref,1,0,none,3436109375,3436125088,15713,3125,9463,88,10,0,random_50,0,1
1,stress_random,20006,3301,3301,r_3301,0,qualified_ref,1,0,none,3437134375,3437150088,15713,3125,9463,88,10,0,random_50,0,1
1,stress_random,20006,3302,3302,r_3302,0,qualified_ref,1,0,none,3438159375,3438175088,15713,3125,9463,88,10,0,random_50,0,1
1,stress_random,20006,3303,3303,r_3303,0,qualified_ref,1,0,none,3439184375,3439200088,15713,3125,9463,88,10,0,random_50,0,1
1,stress_random,20006,3304,3304,r_3304,0,qualified_ref,1,0,none,3440209375,3440225088,15713,3125,9463,88,10,0,random_50,0,1
1,stress_random,20006,3305,3305,r_3305,0,qualified_ref,1,0,none,3441234375,3441250088,15713,3125,9463,88,10,0,random_50,0,1
1,stress_random,20006,3306,3306,r_3306,0,qualified_ref,1,0,none,3442259375,3442275088,15713,3125,9463,88,10,0,random_50,0,1
1,stress_random,20006,3307,3307,r_3307,0,qualified_ref,1,0,none,3443284375,3443300088,15713,3125,9463,88,10,0,random_50,0,1
1,stress_random,20006,3308,3308,r_3308,0,qualified_ref,1,0,none,3444309375,3444325088,15713,3125,9463,88,10,0,random_50,0,1
1,stress_random,20006,3309,3309,r_3309,0,qualified_ref,1,0,none,3445334375,3445350088,15713,3125,9463,88,10,0,random_50,0,1
1,stress_random,20006,3310,3310,r_3310,0,qualified_ref,1,0,none,3446359375,3446375088,15713,3125,9463,88,10,0,random_50,0,1
1,stress_random,20006,3311,3311,r_3311,0,qualified_ref,1,0,none,3447384375,3447400088,15713,3125,9463,88,10,0,random_50,0,1
1,stress_random,20006,3312,3312,r_3312,0,qualified_ref,1,0,none,3448409375,3448425088,15713,3125,9463,88,10,0,random_50,0,1
1,stress_random,20006,3313,3313,r_3313,0,qualified_ref,1,0,none,3449434375,3449450088,15713,3125,9463,88,10,0,random_50,0,1
1,stress_random,20006,3314,3314,r_3314,0,qualified_ref,1,0,none,3450459375,3450475088,15713,3125,9463,88,10,0,random_50,0,1
1,stress_random,20006,3315,3315,r_3315,0,qualified_ref,1,0,none,3451484375,3451500088,15713,3125,9463,88,10,0,random_50,0,1
1,stress_random,20006,3316,3316,r_3316,0,qualified_ref,1,0,none,3452509375,3452525088,15713,3125,9463,88,10,0,random_50,0,1
1,stress_random,20006,3317,3317,r_3317,0,qualified_ref,1,0,none,3453534375,3453550088,15713,3125,9463,88,10,0,random_50,0,1
1,stress_random,20006,3318,3318,r_3318,0,qualified_ref,1,0,none,3454559375,3454575088,15713,3125,9463,88,10,0,random_50,0,1
1,stress_random,20006,3319,3319,r_3319,0,qualified_ref,1,0,none,3455584375,3455600088,15713,3125,9463,88,10,0,random_50,0,1
1,stress_random,20006,3320,3320,r_3320,0,qualified_ref,1,0,none,3456609375,3456625088,15713,3125,9463,88,10,0,random_50,0,1
1,stress_random,20006,3321,3321,r_3321,0,qualified_ref,1,0,none,3457634375,3457650088,15713,3125,9463,88,10,0,random_50,0,1
1,stress_random,20006,3322,3322,r_3322,0,qualified_ref,1,0,none,3458659375,3458675088,15713,3125,9463,88,10,0,random_50,0,1
1,stress_random,20006,3323,3323,r_3323,0,qualified_ref,1,0,none,3459684375,3459700088,15713,3125,9463,88,10,0,random_50,0,1
1,stress_random,20006,3324,3324,r_3324,0,qualified_ref,1,0,none,3460709375,3460725088,15713,3125,9463,88,10,0,random_50,0,1
1,stress_random,20006,3325,3325,r_3325,0,qualified_ref,1,0,none,3461734375,3461750088,15713,3125,9463,88,10,0,random_50,0,1
1,stress_random,20006,3326,3326,r_3326,0,qualified_ref,1,0,none,3462759375,3462775088,15713,3125,9463,88,10,0,random_50,0,1
1,stress_random,20006,3327,3327,r_3327,0,qualified_ref,1,0,none,3463784375,3463800088,15713,3125,9463,88,10,0,random_50,0,1
1,stress_random,20006,3328,3328,r_3328,0,qualified_ref,1,0,none,3464809375,3464825088,15713,3125,9463,88,10,0,random_50,0,1
1,stress_random,20006,3329,3329,r_3329,0,qualified_ref,1,0,none,3465834375,3465850088,15713,3125,9463,88,10,0,random_50,0,1
1,stress_random,20006,3330,3330,r_3330,0,qualified_ref,1,0,none,3466859375,3466875088,15713,3125,9463,88,10,0,random_50,0,1
1,stress_random,20006,3331,3331,r_3331,0,qualified_ref,1,0,none,3467884375,3467900088,15713,3125,9463,88,10,0,random_50,0,1
1,stress_random,20006,3332,3332,r_3332,0,qualified_ref,1,0,none,3468909375,3468925088,15713,3125,9463,88,10,0,random_50,0,1
1,stress_random,20006,3333,3333,r_3333,0,qualified_ref,1,0,none,3469934375,3469950088,15713,3125,9463,88,10,0,random_50,0,1
1,stress_random,20006,3334,3334,r_3334,0,qualified_ref,1,0,none,3470959375,3470975088,15713,3125,9463,88,10,0,random_50,0,1
1,stress_random,20006,3335,3335,r_3335,0,qualified_ref,1,0,none,3471984375,3472000088,15713,3125,9463,88,10,0,random_50,0,1
1,stress_random,20006,3336,3336,r_3336,0,qualified_ref,1,0,none,3473009375,3473025088,15713,3125,9463,88,10,0,random_50,0,1
1,stress_random,20006,3337,3337,r_3337,0,qualified_ref,1,0,none,3474034375,3474050088,15713,3125,9463,88,10,0,random_50,0,1
1,stress_random,20006,3338,3338,r_3338,0,qualified_ref,1,0,none,3475059375,3475075088,15713,3125,9463,88,10,0,random_50,0,1
1,stress_random,20006,3339,3339,r_3339,0,qualified_ref,1,0,none,3476084375,3476100088,15713,3125,9463,88,10,0,random_50,0,1
1,stress_random,20006,3340,3340,r_3340,0,qualified_ref,1,0,none,3477109375,3477125088,15713,3125,9463,88,10,0,random_50,0,1
1,stress_random,20006,3341,3341,r_3341,0,qualified_ref,1,0,none,3478134375,3478150088,15713,3125,9463,88,10,0,random_50,0,1
1,stress_random,20006,3342,3342,r_3342,0,qualified_ref,1,0,none,3479159375,3479175088,15713,3125,9463,88,10,0,random_50,0,1
1,stress_random,20006,3343,3343,r_3343,0,qualified_ref,1,0,none,3480184375,3480200088,15713,3125,9463,88,10,0,random_50,0,1
1,stress_random,20006,3344,3344,r_3344,0,qualified_ref,1,0,none,3481209375,3481225088,15713,3125,9463,88,10,0,random_50,0,1
1,stress_random,20006,3345,3345,r_3345,0,qualified_ref,1,0,none,3482234375,3482250088,15713,3125,9463,88,10,0,random_50,0,1
1,stress_random,20006,3346,3346,r_3346,0,qualified_ref,1,0,none,3483259375,3483275088,15713,3125,9463,88,10,0,random_50,0,1
1,stress_random,20006,3347,3347,r_3347,0,qualified_ref,1,0,none,3484284375,3484300088,15713,3125,9463,88,10,0,random_50,0,1
1,stress_random,20006,3348,3348,r_3348,0,qualified_ref,1,0,none,3485309375,3485325088,15713,3125,9463,88,10,0,random_50,0,1
1,stress_random,20006,3349,3349,r_3349,0,qualified_ref,1,0,none,3486334375,3486350088,15713,3125,9463,88,10,0,random_50,0,1
1,stress_random,20006,3350,3350,r_3350,0,qualified_ref,1,0,none,3487359375,3487375088,15713,3125,9463,88,10,0,random_50,0,1
1,stress_random,20006,3351,3351,r_3351,0,qualified_ref,1,0,none,3488384375,3488400088,15713,3125,9463,88,10,0,random_50,0,1
1,stress_random,20006,3352,3352,r_3352,0,qualified_ref,1,0,none,3489409375,3489425088,15713,3125,9463,88,10,0,random_50,0,1
1,stress_random,20006,3353,3353,r_3353,0,qualified_ref,1,0,none,3490434375,3490450088,15713,3125,9463,88,10,0,random_50,0,1
1,stress_random,20006,3354,3354,r_3354,0,qualified_ref,1,0,none,3491459375,3491475088,15713,3125,9463,88,10,0,random_50,0,1
1,stress_random,20006,3355,3355,r_3355,0,qualified_ref,1,0,none,3492484375,3492500088,15713,3125,9463,88,10,0,random_50,0,1
1,stress_random,20006,3356,3356,r_3356,0,qualified_ref,1,0,none,3493509375,3493525088,15713,3125,9463,88,10,0,random_50,0,1
1,stress_random,20006,3357,3357,r_3357,0,qualified_ref,1,0,none,3494534375,3494550088,15713,3125,9463,88,10,0,random_50,0,1
1,stress_random,20006,3358,3358,r_3358,0,qualified_ref,1,0,none,3495559375,3495575088,15713,3125,9463,88,10,0,random_50,0,1
1,stress_random,20006,3359,3359,r_3359,0,qualified_ref,1,0,none,3496584375,3496600088,15713,3125,9463,88,10,0,random_50,0,1
1,stress_random,20006,3360,3360,r_3360,0,qualified_ref,1,0,none,3497609375,3497625088,15713,3125,9463,88,10,0,random_50,0,1
1,stress_random,20006,3361,3361,r_3361,0,qualified_ref,1,0,none,3498634375,3498650088,15713,3125,9463,88,10,0,random_50,0,1
1,stress_random,20006,3362,3362,r_3362,0,qualified_ref,1,0,none,3499659375,3499675088,15713,3125,9463,88,10,0,random_50,0,1
1,stress_random,20006,3363,3363,r_3363,0,qualified_ref,1,0,none,3500684375,3500700088,15713,3125,9463,88,10,0,random_50,0,1
1,stress_random,20006,3364,3364,r_3364,0,qualified_ref,1,0,none,3501709375,3501725088,15713,3125,9463,88,10,0,random_50,0,1
1,stress_random,20006,3365,3365,r_3365,0,qualified_ref,1,0,none,3502734375,3502750088,15713,3125,9463,88,10,0,random_50,0,1
1,stress_random,20006,3366,3366,r_3366,0,qualified_ref,1,0,none,3503759375,3503775088,15713,3125,9463,88,10,0,random_50,0,1
1,stress_random,20006,3367,3367,r_3367,0,qualified_ref,1,0,none,3504784375,3504800088,15713,3125,9463,88,10,0,random_50,0,1
1,stress_random,20006,3368,3368,r_3368,0,qualified_ref,1,0,none,3505809375,3505825088,15713,3125,9463,88,10,0,random_50,0,1
1,stress_random,20006,3369,3369,r_3369,0,qualified_ref,1,0,none,3506834375,3506850088,15713,3125,9463,88,10,0,random_50,0,1
1,stress_random,20006,3370,3370,r_3370,0,qualified_ref,1,0,none,3507859375,3507875088,15713,3125,9463,88,10,0,random_50,0,1
1,stress_random,20006,3371,3371,r_3371,0,qualified_ref,1,0,none,3508884375,3508900088,15713,3125,9463,88,10,0,random_50,0,1
1,stress_random,20006,3372,3372,r_3372,0,qualified_ref,1,0,none,3509909375,3509925088,15713,3125,9463,88,10,0,random_50,0,1
1,stress_random,20006,3373,3373,r_3373,0,qualified_ref,1,0,none,3510934375,3510950088,15713,3125,9463,88,10,0,random_50,0,1
1,stress_random,20006,3374,3374,r_3374,0,qualified_ref,1,0,none,3511959375,3511975088,15713,3125,9463,88,10,0,random_50,0,1
1,stress_random,20006,3375,3375,r_3375,0,qualified_ref,1,0,none,3512984375,3513000088,15713,3125,9463,88,10,0,random_50,0,1
1,stress_random,20006,3376,3376,r_3376,0,qualified_ref,1,0,none,3514009375,3514025088,15713,3125,9463,88,10,0,random_50,0,1
1,stress_random,20006,3377,3377,r_3377,0,qualified_ref,1,0,none,3515034375,3515050088,15713,3125,9463,88,10,0,random_50,0,1
1,stress_random,20006,3378,3378,r_3378,0,qualified_ref,1,0,none,3516059375,3516075088,15713,3125,9463,88,10,0,random_50,0,1
1,stress_random,20006,3379,3379,r_3379,0,qualified_ref,1,0,none,3517084375,3517100088,15713,3125,9463,88,10,0,random_50,0,1
1,stress_random,20006,3380,3380,r_3380,0,qualified_ref,1,0,none,3518109375,3518125088,15713,3125,9463,88,10,0,random_50,0,1
1,stress_random,20006,3381,3381,r_3381,0,qualified_ref,1,0,none,3519134375,3519150088,15713,3125,9463,88,10,0,random_50,0,1
1,stress_random,20006,3382,3382,r_3382,0,qualified_ref,1,0,none,3520159375,3520175088,15713,3125,9463,88,10,0,random_50,0,1
1,stress_random,20006,3383,3383,r_3383,0,qualified_ref,1,0,none,3521184375,3521200088,15713,3125,9463,88,10,0,random_50,0,1
1,stress_random,20006,3384,3384,r_3384,0,qualified_ref,1,0,none,3522209375,3522225088,15713,3125,9463,88,10,0,random_50,0,1
1,stress_random,20006,3385,3385,r_3385,0,qualified_ref,1,0,none,3523234375,3523250088,15713,3125,9463,88,10,0,random_50,0,1
1,stress_random,20006,3386,3386,r_3386,0,qualified_ref,1,0,none,3524259375,3524275088,15713,3125,9463,88,10,0,random_50,0,1
1,stress_random,20006,3387,3387,r_3387,0,qualified_ref,1,0,none,3525284375,3525300088,15713,3125,9463,88,10,0,random_50,0,1
1,stress_random,20006,3388,3388,r_3388,0,qualified_ref,1,0,none,3526309375,3526325088,15713,3125,9463,88,10,0,random_50,0,1
1,stress_random,20006,3389,3389,r_3389,0,qualified_ref,1,0,none,3527334375,3527350088,15713,3125,9463,88,10,0,random_50,0,1
1,stress_random,20006,3390,3390,r_3390,0,qualified_ref,1,0,none,3528359375,3528375088,15713,3125,9463,88,10,0,random_50,0,1
1,stress_random,20006,3391,3391,r_3391,0,qualified_ref,1,0,none,3529384375,3529400088,15713,3125,9463,88,10,0,random_50,0,1
1,stress_random,20006,3392,3392,r_3392,0,qualified_ref,1,0,none,3530409375,3530425088,15713,3125,9463,88,10,0,random_50,0,1
1,stress_random,20006,3393,3393,r_3393,0,qualified_ref,1,0,none,3531434375,3531450088,15713,3125,9463,88,10,0,random_50,0,1
1,stress_random,20006,3394,3394,r_3394,0,qualified_ref,1,0,none,3532459375,3532475088,15713,3125,9463,88,10,0,random_50,0,1
1,stress_random,20006,3395,3395,r_3395,0,qualified_ref,1,0,none,3533484375,3533500088,15713,3125,9463,88,10,0,random_50,0,1
1,stress_random,20006,3396,3396,r_3396,0,qualified_ref,1,0,none,3534509375,3534525088,15713,3125,9463,88,10,0,random_50,0,1
1,stress_random,20006,3397,3397,r_3397,0,qualified_ref,1,0,none,3535534375,3535550088,15713,3125,9463,88,10,0,random_50,0,1
1,stress_random,20006,3398,3398,r_3398,0,qualified_ref,1,0,none,3536559375,3536575088,15713,3125,9463,88,10,0,random_50,0,1
1,stress_random,20006,3399,3399,r_3399,0,qualified_ref,1,0,none,3537584375,3537600088,15713,3125,9463,88,10,0,random_50,0,1
1,stress_random,20006,3400,3400,r_3400,0,qualified_ref,1,0,none,3538609375,3538625088,15713,3125,9463,88,10,0,random_50,0,1
1,stress_random,20006,3401,3401,r_3401,0,qualified_ref,1,0,none,3539634375,3539650088,15713,3125,9463,88,10,0,random_50,0,1
1,stress_random,20006,3402,3402,r_3402,0,qualified_ref,1,0,none,3540659375,3540675088,15713,3125,9463,88,10,0,random_50,0,1
1,stress_random,20006,3403,3403,r_3403,0,qualified_ref,1,0,none,3541684375,3541700088,15713,3125,9463,88,10,0,random_50,0,1
1,stress_random,20006,3404,3404,r_3404,0,qualified_ref,1,0,none,3542709375,3542725088,15713,3125,9463,88,10,0,random_50,0,1
1,stress_random,20006,3405,3405,r_3405,0,qualified_ref,1,0,none,3543734375,3543750088,15713,3125,9463,88,10,0,random_50,0,1
1,stress_random,20006,3406,3406,r_3406,0,qualified_ref,1,0,none,3544759375,3544775088,15713,3125,9463,88,10,0,random_50,0,1
1,stress_random,20006,3407,3407,r_3407,0,qualified_ref,1,0,none,3545784375,3545800088,15713,3125,9463,88,10,0,random_50,0,1
1,stress_random,20006,3408,3408,r_3408,0,qualified_ref,1,0,none,3546809375,3546825088,15713,3125,9463,88,10,0,random_50,0,1
1,stress_random,20006,3409,3409,r_3409,0,qualified_ref,1,0,none,3547834375,3547850088,15713,3125,9463,88,10,0,random_50,0,1
1,stress_random,20006,3410,3410,r_3410,0,qualified_ref,1,0,none,3548859375,3548875088,15713,3125,9463,88,10,0,random_50,0,1
1,stress_random,20006,3411,3411,r_3411,0,qualified_ref,1,0,none,3549884375,3549900088,15713,3125,9463,88,10,0,random_50,0,1
1,stress_random,20006,3412,3412,r_3412,0,qualified_ref,1,0,none,3550909375,3550925088,15713,3125,9463,88,10,0,random_50,0,1
1,stress_random,20006,3413,3413,r_3413,0,qualified_ref,1,0,none,3551934375,3551950088,15713,3125,9463,88,10,0,random_50,0,1
1,stress_random,20006,3414,3414,r_3414,0,qualified_ref,1,0,none,3552959375,3552975088,15713,3125,9463,88,10,0,random_50,0,1
1,stress_random,20006,3415,3415,r_3415,0,qualified_ref,1,0,none,3553984375,3554000088,15713,3125,9463,88,10,0,random_50,0,1
1,stress_random,20006,3416,3416,r_3416,0,qualified_ref,1,0,none,3555009375,3555025088,15713,3125,9463,88,10,0,random_50,0,1
1,stress_random,20006,3417,3417,r_3417,0,qualified_ref,1,0,none,3556034375,3556050088,15713,3125,9463,88,10,0,random_50,0,1
1,stress_random,20006,3418,3418,r_3418,0,qualified_ref,1,0,none,3557059375,3557075088,15713,3125,9463,88,10,0,random_50,0,1
1,stress_random,20006,3419,3419,r_3419,0,qualified_ref,1,0,none,3558084375,3558100088,15713,3125,9463,88,10,0,random_50,0,1
1,stress_random,20006,3420,3420,r_3420,0,qualified_ref,1,0,none,3559109375,3559125088,15713,3125,9463,88,10,0,random_50,0,1
1,stress_random,20006,3421,3421,r_3421,0,qualified_ref,1,0,none,3560134375,3560150088,15713,3125,9463,88,10,0,random_50,0,1
1,stress_random,20006,3422,3422,r_3422,0,qualified_ref,1,0,none,3561159375,3561175088,15713,3125,9463,88,10,0,random_50,0,1
1,stress_random,20006,3423,3423,r_3423,0,qualified_ref,1,0,none,3562184375,3562200088,15713,3125,9463,88,10,0,random_50,0,1
1,stress_random,20006,3424,3424,r_3424,0,qualified_ref,1,0,none,3563209375,3563225088,15713,3125,9463,88,10,0,random_50,0,1
1,stress_random,20006,3425,3425,r_3425,0,qualified_ref,1,0,none,3564234375,3564250088,15713,3125,9463,88,10,0,random_50,0,1
1,stress_random,20006,3426,3426,r_3426,0,qualified_ref,1,0,none,3565259375,3565275088,15713,3125,9463,88,10,0,random_50,0,1
1,stress_random,20006,3427,3427,r_3427,0,qualified_ref,1,0,none,3566284375,3566300088,15713,3125,9463,88,10,0,random_50,0,1
1,stress_random,20006,3428,3428,r_3428,0,qualified_ref,1,0,none,3567309375,3567325088,15713,3125,9463,88,10,0,random_50,0,1
1,stress_random,20006,3429,3429,r_3429,0,qualified_ref,1,0,none,3568334375,3568350088,15713,3125,9463,88,10,0,random_50,0,1
1,stress_random,20006,3430,3430,r_3430,0,qualified_ref,1,0,none,3569359375,3569375088,15713,3125,9463,88,10,0,random_50,0,1
1,stress_random,20006,3431,3431,r_3431,0,qualified_ref,1,0,none,3570384375,3570400088,15713,3125,9463,88,10,0,random_50,0,1
1,stress_random,20006,3432,3432,r_3432,0,qualified_ref,1,0,none,3571409375,3571425088,15713,3125,9463,88,10,0,random_50,0,1
1,stress_random,20006,3433,3433,r_3433,0,qualified_ref,1,0,none,3572434375,3572450088,15713,3125,9463,88,10,0,random_50,0,1
1,stress_random,20006,3434,3434,r_3434,0,qualified_ref,1,0,none,3573459375,3573475088,15713,3125,9463,88,10,0,random_50,0,1
1,stress_random,20006,3435,3435,r_3435,0,qualified_ref,1,0,none,3574484375,3574500088,15713,3125,9463,88,10,0,random_50,0,1
1,stress_random,20006,3436,3436,r_3436,0,qualified_ref,1,0,none,3575509375,3575525088,15713,3125,9463,88,10,0,random_50,0,1
1,stress_random,20006,3437,3437,r_3437,0,qualified_ref,1,0,none,3576534375,3576550088,15713,3125,9463,88,10,0,random_50,0,1
1,stress_random,20006,3438,3438,r_3438,0,qualified_ref,1,0,none,3577559375,3577575088,15713,3125,9463,88,10,0,random_50,0,1
1,stress_random,20006,3439,3439,r_3439,0,qualified_ref,1,0,none,3578584375,3578600088,15713,3125,9463,88,10,0,random_50,0,1
1,stress_random,20006,3440,3440,r_3440,0,qualified_ref,1,0,none,3579609375,3579625088,15713,3125,9463,88,10,0,random_50,0,1
1,stress_random,20006,3441,3441,r_3441,0,qualified_ref,1,0,none,3580634375,3580650088,15713,3125,9463,88,10,0,random_50,0,1
1,stress_random,20006,3442,3442,r_3442,0,qualified_ref,1,0,none,3581659375,3581675088,15713,3125,9463,88,10,0,random_50,0,1
1,stress_random,20006,3443,3443,r_3443,0,qualified_ref,1,0,none,3582684375,3582700088,15713,3125,9463,88,10,0,random_50,0,1
1,stress_random,20006,3444,3444,r_3444,0,qualified_ref,1,0,none,3583709375,3583725088,15713,3125,9463,88,10,0,random_50,0,1
1,stress_random,20006,3445,3445,r_3445,0,qualified_ref,1,0,none,3584734375,3584750088,15713,3125,9463,88,10,0,random_50,0,1
1,stress_random,20006,3446,3446,r_3446,0,qualified_ref,1,0,none,3585759375,3585775088,15713,3125,9463,88,10,0,random_50,0,1
1,stress_random,20006,3447,3447,r_3447,0,qualified_ref,1,0,none,3586784375,3586800088,15713,3125,9463,88,10,0,random_50,0,1
1,stress_random,20006,3448,3448,r_3448,0,qualified_ref,1,0,none,3587809375,3587825088,15713,3125,9463,88,10,0,random_50,0,1
1,stress_random,20006,3449,3449,r_3449,0,qualified_ref,1,0,none,3588834375,3588850088,15713,3125,9463,88,10,0,random_50,0,1
1,stress_random,20006,3450,3450,r_3450,0,qualified_ref,1,0,none,3589859375,3589875088,15713,3125,9463,88,10,0,random_50,0,1
1,stress_random,20006,3451,3451,r_3451,0,qualified_ref,1,0,none,3590884375,3590900088,15713,3125,9463,88,10,0,random_50,0,1
1,stress_random,20006,3452,3452,r_3452,0,qualified_ref,1,0,none,3591909375,3591925088,15713,3125,9463,88,10,0,random_50,0,1
1,stress_random,20006,3453,3453,r_3453,0,qualified_ref,1,0,none,3592934375,3592950088,15713,3125,9463,88,10,0,random_50,0,1
1,stress_random,20006,3454,3454,r_3454,0,qualified_ref,1,0,none,3593959375,3593975088,15713,3125,9463,88,10,0,random_50,0,1
1,stress_random,20006,3455,3455,r_3455,0,qualified_ref,1,0,none,3594984375,3595000088,15713,3125,9463,88,10,0,random_50,0,1
1,stress_random,20006,3456,3456,r_3456,0,qualified_ref,1,0,none,3596009375,3596025088,15713,3125,9463,88,10,0,random_50,0,1
1,stress_random,20006,3457,3457,r_3457,0,qualified_ref,1,0,none,3597034375,3597050088,15713,3125,9463,88,10,0,random_50,0,1
1,stress_random,20006,3458,3458,r_3458,0,qualified_ref,1,0,none,3598059375,3598075088,15713,3125,9463,88,10,0,random_50,0,1
1,stress_random,20006,3459,3459,r_3459,0,qualified_ref,1,0,none,3599084375,3599100088,15713,3125,9463,88,10,0,random_50,0,1
1,stress_random,20006,3460,3460,r_3460,0,qualified_ref,1,0,none,3600109375,3600125088,15713,3125,9463,88,10,0,random_50,0,1
1,stress_random,20006,3461,3461,r_3461,0,qualified_ref,1,0,none,3601134375,3601150088,15713,3125,9463,88,10,0,random_50,0,1
1,stress_random,20006,3462,3462,r_3462,0,qualified_ref,1,0,none,3602159375,3602175088,15713,3125,9463,88,10,0,random_50,0,1
1,stress_random,20006,3463,3463,r_3463,0,qualified_ref,1,0,none,3603184375,3603200088,15713,3125,9463,88,10,0,random_50,0,1
1,stress_random,20006,3464,3464,r_3464,0,qualified_ref,1,0,none,3604209375,3604225088,15713,3125,9463,88,10,0,random_50,0,1
1,stress_random,20006,3465,3465,r_3465,0,qualified_ref,1,0,none,3605234375,3605250088,15713,3125,9463,88,10,0,random_50,0,1
1,stress_random,20006,3466,3466,r_3466,0,qualified_ref,1,0,none,3606259375,3606275088,15713,3125,9463,88,10,0,random_50,0,1
1,stress_random,20006,3467,3467,r_3467,0,qualified_ref,1,0,none,3607284375,3607300088,15713,3125,9463,88,10,0,random_50,0,1
1,stress_random,20006,3468,3468,r_3468,0,qualified_ref,1,0,none,3608309375,3608325088,15713,3125,9463,88,10,0,random_50,0,1
1,stress_random,20006,3469,3469,r_3469,0,qualified_ref,1,0,none,3609334375,3609350088,15713,3125,9463,88,10,0,random_50,0,1
1,stress_random,20006,3470,3470,r_3470,0,qualified_ref,1,0,none,3610359375,3610375088,15713,3125,9463,88,10,0,random_50,0,1
1,stress_random,20006,3471,3471,r_3471,0,qualified_ref,1,0,none,3611384375,3611400088,15713,3125,9463,88,10,0,random_50,0,1
1,stress_random,20006,3472,3472,r_3472,0,qualified_ref,1,0,none,3612409375,3612425088,15713,3125,9463,88,10,0,random_50,0,1
1,stress_random,20006,3473,3473,r_3473,0,qualified_ref,1,0,none,3613434375,3613450088,15713,3125,9463,88,10,0,random_50,0,1
1,stress_random,20006,3474,3474,r_3474,0,qualified_ref,1,0,none,3614459375,3614475088,15713,3125,9463,88,10,0,random_50,0,1
1,stress_random,20006,3475,3475,r_3475,0,qualified_ref,1,0,none,3615484375,3615500088,15713,3125,9463,88,10,0,random_50,0,1
1,stress_random,20006,3476,3476,r_3476,0,qualified_ref,1,0,none,3616509375,3616525088,15713,3125,9463,88,10,0,random_50,0,1
1,stress_random,20006,3477,3477,r_3477,0,qualified_ref,1,0,none,3617534375,3617550088,15713,3125,9463,88,10,0,random_50,0,1
1,stress_random,20006,3478,3478,r_3478,0,qualified_ref,1,0,none,3618559375,3618575088,15713,3125,9463,88,10,0,random_50,0,1
1,stress_random,20006,3479,3479,r_3479,0,qualified_ref,1,0,none,3619584375,3619600088,15713,3125,9463,88,10,0,random_50,0,1
1,stress_random,20006,3480,3480,r_3480,0,qualified_ref,1,0,none,3620609375,3620625088,15713,3125,9463,88,10,0,random_50,0,1
1,stress_random,20006,3481,3481,r_3481,0,qualified_ref,1,0,none,3621634375,3621650088,15713,3125,9463,88,10,0,random_50,0,1
1,stress_random,20006,3482,3482,r_3482,0,qualified_ref,1,0,none,3622659375,3622675088,15713,3125,9463,88,10,0,random_50,0,1
1,stress_random,20006,3483,3483,r_3483,0,qualified_ref,1,0,none,3623684375,3623700088,15713,3125,9463,88,10,0,random_50,0,1
1,stress_random,20006,3484,3484,r_3484,0,qualified_ref,1,0,none,3624709375,3624725088,15713,3125,9463,88,10,0,random_50,0,1
1,stress_random,20006,3485,3485,r_3485,0,qualified_ref,1,0,none,3625734375,3625750088,15713,3125,9463,88,10,0,random_50,0,1
1,stress_random,20006,3486,3486,r_3486,0,qualified_ref,1,0,none,3626759375,3626775088,15713,3125,9463,88,10,0,random_50,0,1
1,stress_random,20006,3487,3487,r_3487,0,qualified_ref,1,0,none,3627784375,3627800088,15713,3125,9463,88,10,0,random_50,0,1
1,stress_random,20006,3488,3488,r_3488,0,qualified_ref,1,0,none,3628809375,3628825088,15713,3125,9463,88,10,0,random_50,0,1
1,stress_random,20006,3489,3489,r_3489,0,qualified_ref,1,0,none,3629834375,3629850088,15713,3125,9463,88,10,0,random_50,0,1
1,stress_random,20006,3490,3490,r_3490,0,qualified_ref,1,0,none,3630859375,3630875088,15713,3125,9463,88,10,0,random_50,0,1
1,stress_random,20006,3491,3491,r_3491,0,qualified_ref,1,0,none,3631884375,3631900088,15713,3125,9463,88,10,0,random_50,0,1
1,stress_random,20006,3492,3492,r_3492,0,qualified_ref,1,0,none,3632909375,3632925088,15713,3125,9463,88,10,0,random_50,0,1
1,stress_random,20006,3493,3493,r_3493,0,qualified_ref,1,0,none,3633934375,3633950088,15713,3125,9463,88,10,0,random_50,0,1
1,stress_random,20006,3494,3494,r_3494,0,qualified_ref,1,0,none,3634959375,3634975088,15713,3125,9463,88,10,0,random_50,0,1
1,stress_random,20006,3495,3495,r_3495,0,qualified_ref,1,0,none,3635984375,3636000088,15713,3125,9463,88,10,0,random_50,0,1
1,stress_random,20006,3496,3496,r_3496,0,qualified_ref,1,0,none,3637009375,3637025088,15713,3125,9463,88,10,0,random_50,0,1
1,stress_random,20006,3497,3497,r_3497,0,qualified_ref,1,0,none,3638034375,3638050088,15713,3125,9463,88,10,0,random_50,0,1
1,stress_random,20006,3498,3498,r_3498,0,qualified_ref,1,0,none,3639059375,3639075088,15713,3125,9463,88,10,0,random_50,0,1
1,stress_random,20006,3499,3499,r_3499,0,qualified_ref,1,0,none,3640084375,3640100088,15713,3125,9463,88,10,0,random_50,0,1
1,stress_random,20006,3500,3500,r_3500,1,qualified_ref,1,0,none,3645209375,3645225088,15713,3125,9463,88,12,0,always_ready,0,1
1,stress_random,20006,3501,3501,r_3501,1,qualified_ref,1,0,none,3646234375,3646250088,15713,3125,9463,88,12,0,always_ready,0,1
1,stress_random,20006,3502,3502,r_3502,1,qualified_ref,1,0,none,3647259375,3647275088,15713,3125,9463,88,12,0,always_ready,0,1
1,stress_random,20006,3503,3503,r_3503,1,qualified_ref,1,0,none,3648284375,3648300088,15713,3125,9463,88,12,0,always_ready,0,1
1,stress_random,20006,3504,3504,r_3504,1,qualified_ref,1,0,none,3649309375,3649325088,15713,3125,9463,88,12,0,always_ready,0,1
1,stress_random,20006,3505,3505,r_3505,1,qualified_ref,1,0,none,3650334375,3650350088,15713,3125,9463,88,12,0,always_ready,0,1
1,stress_random,20006,3506,3506,r_3506,1,qualified_ref,1,0,none,3651359375,3651375088,15713,3125,9463,88,12,0,always_ready,0,1
1,stress_random,20006,3507,3507,r_3507,1,qualified_ref,1,0,none,3652384375,3652400088,15713,3125,9463,88,12,0,always_ready,0,1
1,stress_random,20006,3508,3508,r_3508,1,qualified_ref,1,0,none,3653409375,3653425088,15713,3125,9463,88,12,0,always_ready,0,1
1,stress_random,20006,3509,3509,r_3509,1,qualified_ref,1,0,none,3654434375,3654450088,15713,3125,9463,88,12,0,always_ready,0,1
1,stress_random,20006,3510,3510,r_3510,1,qualified_ref,1,0,none,3655459375,3655475088,15713,3125,9463,88,12,0,always_ready,0,1
1,stress_random,20006,3511,3511,r_3511,1,qualified_ref,1,0,none,3656484375,3656500088,15713,3125,9463,88,12,0,always_ready,0,1
1,stress_random,20006,3512,3512,r_3512,1,qualified_ref,1,0,none,3657509375,3657525088,15713,3125,9463,88,12,0,always_ready,0,1
1,stress_random,20006,3513,3513,r_3513,1,qualified_ref,1,0,none,3658534375,3658550088,15713,3125,9463,88,12,0,always_ready,0,1
1,stress_random,20006,3514,3514,r_3514,1,qualified_ref,1,0,none,3659559375,3659575088,15713,3125,9463,88,12,0,always_ready,0,1
1,stress_random,20006,3515,3515,r_3515,1,qualified_ref,1,0,none,3660584375,3660600088,15713,3125,9463,88,12,0,always_ready,0,1
1,stress_random,20006,3516,3516,r_3516,1,qualified_ref,1,0,none,3661609375,3661625088,15713,3125,9463,88,12,0,always_ready,0,1
1,stress_random,20006,3517,3517,r_3517,1,qualified_ref,1,0,none,3662634375,3662650088,15713,3125,9463,88,12,0,always_ready,0,1
1,stress_random,20006,3518,3518,r_3518,1,qualified_ref,1,0,none,3663659375,3663675088,15713,3125,9463,88,12,0,always_ready,0,1
1,stress_random,20006,3519,3519,r_3519,1,qualified_ref,1,0,none,3664684375,3664700088,15713,3125,9463,88,12,0,always_ready,0,1
1,stress_random,20006,3520,3520,r_3520,1,qualified_ref,1,0,none,3665709375,3665725088,15713,3125,9463,88,12,0,always_ready,0,1
1,stress_random,20006,3521,3521,r_3521,1,qualified_ref,1,0,none,3666734375,3666750088,15713,3125,9463,88,12,0,always_ready,0,1
1,stress_random,20006,3522,3522,r_3522,1,qualified_ref,1,0,none,3667759375,3667775088,15713,3125,9463,88,12,0,always_ready,0,1
1,stress_random,20006,3523,3523,r_3523,1,qualified_ref,1,0,none,3668784375,3668800088,15713,3125,9463,88,12,0,always_ready,0,1
1,stress_random,20006,3524,3524,r_3524,1,qualified_ref,1,0,none,3669809375,3669825088,15713,3125,9463,88,12,0,always_ready,0,1
1,stress_random,20006,3525,3525,r_3525,1,qualified_ref,1,0,none,3670834375,3670850088,15713,3125,9463,88,12,0,always_ready,0,1
1,stress_random,20006,3526,3526,r_3526,1,qualified_ref,1,0,none,3671859375,3671875088,15713,3125,9463,88,12,0,always_ready,0,1
1,stress_random,20006,3527,3527,r_3527,1,qualified_ref,1,0,none,3672884375,3672900088,15713,3125,9463,88,12,0,always_ready,0,1
1,stress_random,20006,3528,3528,r_3528,1,qualified_ref,1,0,none,3673909375,3673925088,15713,3125,9463,88,12,0,always_ready,0,1
1,stress_random,20006,3529,3529,r_3529,1,qualified_ref,1,0,none,3674934375,3674950088,15713,3125,9463,88,12,0,always_ready,0,1
1,stress_random,20006,3530,3530,r_3530,1,qualified_ref,1,0,none,3675959375,3675975088,15713,3125,9463,88,12,0,always_ready,0,1
1,stress_random,20006,3531,3531,r_3531,1,qualified_ref,1,0,none,3676984375,3677000088,15713,3125,9463,88,12,0,always_ready,0,1
1,stress_random,20006,3532,3532,r_3532,1,qualified_ref,1,0,none,3678009375,3678025088,15713,3125,9463,88,12,0,always_ready,0,1
1,stress_random,20006,3533,3533,r_3533,1,qualified_ref,1,0,none,3679034375,3679050088,15713,3125,9463,88,12,0,always_ready,0,1
1,stress_random,20006,3534,3534,r_3534,1,qualified_ref,1,0,none,3680059375,3680075088,15713,3125,9463,88,12,0,always_ready,0,1
1,stress_random,20006,3535,3535,r_3535,1,qualified_ref,1,0,none,3681084375,3681100088,15713,3125,9463,88,12,0,always_ready,0,1
1,stress_random,20006,3536,3536,r_3536,1,qualified_ref,1,0,none,3682109375,3682125088,15713,3125,9463,88,12,0,always_ready,0,1
1,stress_random,20006,3537,3537,r_3537,1,qualified_ref,1,0,none,3683134375,3683150088,15713,3125,9463,88,12,0,always_ready,0,1
1,stress_random,20006,3538,3538,r_3538,1,qualified_ref,1,0,none,3684159375,3684175088,15713,3125,9463,88,12,0,always_ready,0,1
1,stress_random,20006,3539,3539,r_3539,1,qualified_ref,1,0,none,3685184375,3685200088,15713,3125,9463,88,12,0,always_ready,0,1
1,stress_random,20006,3540,3540,r_3540,1,qualified_ref,1,0,none,3686209375,3686225088,15713,3125,9463,88,12,0,always_ready,0,1
1,stress_random,20006,3541,3541,r_3541,1,qualified_ref,1,0,none,3687234375,3687250088,15713,3125,9463,88,12,0,always_ready,0,1
1,stress_random,20006,3542,3542,r_3542,1,qualified_ref,1,0,none,3688259375,3688275088,15713,3125,9463,88,12,0,always_ready,0,1
1,stress_random,20006,3543,3543,r_3543,1,qualified_ref,1,0,none,3689284375,3689300088,15713,3125,9463,88,12,0,always_ready,0,1
1,stress_random,20006,3544,3544,r_3544,1,qualified_ref,1,0,none,3690309375,3690325088,15713,3125,9463,88,12,0,always_ready,0,1
1,stress_random,20006,3545,3545,r_3545,1,qualified_ref,1,0,none,3691334375,3691350088,15713,3125,9463,88,12,0,always_ready,0,1
1,stress_random,20006,3546,3546,r_3546,1,qualified_ref,1,0,none,3692359375,3692375088,15713,3125,9463,88,12,0,always_ready,0,1
1,stress_random,20006,3547,3547,r_3547,1,qualified_ref,1,0,none,3693384375,3693400088,15713,3125,9463,88,12,0,always_ready,0,1
1,stress_random,20006,3548,3548,r_3548,1,qualified_ref,1,0,none,3694409375,3694425088,15713,3125,9463,88,12,0,always_ready,0,1
1,stress_random,20006,3549,3549,r_3549,1,qualified_ref,1,0,none,3695434375,3695450088,15713,3125,9463,88,12,0,always_ready,0,1
1,stress_random,20006,3550,3550,r_3550,1,qualified_ref,1,0,none,3696459375,3696475088,15713,3125,9463,88,12,0,always_ready,0,1
1,stress_random,20006,3551,3551,r_3551,1,qualified_ref,1,0,none,3697484375,3697500088,15713,3125,9463,88,12,0,always_ready,0,1
1,stress_random,20006,3552,3552,r_3552,1,qualified_ref,1,0,none,3698509375,3698525088,15713,3125,9463,88,12,0,always_ready,0,1
1,stress_random,20006,3553,3553,r_3553,1,qualified_ref,1,0,none,3699534375,3699550088,15713,3125,9463,88,12,0,always_ready,0,1
1,stress_random,20006,3554,3554,r_3554,1,qualified_ref,1,0,none,3700559375,3700575088,15713,3125,9463,88,12,0,always_ready,0,1
1,stress_random,20006,3555,3555,r_3555,1,qualified_ref,1,0,none,3701584375,3701600088,15713,3125,9463,88,12,0,always_ready,0,1
1,stress_random,20006,3556,3556,r_3556,1,qualified_ref,1,0,none,3702609375,3702625088,15713,3125,9463,88,12,0,always_ready,0,1
1,stress_random,20006,3557,3557,r_3557,1,qualified_ref,1,0,none,3703634375,3703650088,15713,3125,9463,88,12,0,always_ready,0,1
1,stress_random,20006,3558,3558,r_3558,1,qualified_ref,1,0,none,3704659375,3704675088,15713,3125,9463,88,12,0,always_ready,0,1
1,stress_random,20006,3559,3559,r_3559,1,qualified_ref,1,0,none,3705684375,3705700088,15713,3125,9463,88,12,0,always_ready,0,1
1,stress_random,20006,3560,3560,r_3560,1,qualified_ref,1,0,none,3706709375,3706725088,15713,3125,9463,88,12,0,always_ready,0,1
1,stress_random,20006,3561,3561,r_3561,1,qualified_ref,1,0,none,3707734375,3707750088,15713,3125,9463,88,12,0,always_ready,0,1
1,stress_random,20006,3562,3562,r_3562,1,qualified_ref,1,0,none,3708759375,3708775088,15713,3125,9463,88,12,0,always_ready,0,1
1,stress_random,20006,3563,3563,r_3563,1,qualified_ref,1,0,none,3709784375,3709800088,15713,3125,9463,88,12,0,always_ready,0,1
1,stress_random,20006,3564,3564,r_3564,1,qualified_ref,1,0,none,3710809375,3710825088,15713,3125,9463,88,12,0,always_ready,0,1
1,stress_random,20006,3565,3565,r_3565,1,qualified_ref,1,0,none,3711834375,3711850088,15713,3125,9463,88,12,0,always_ready,0,1
1,stress_random,20006,3566,3566,r_3566,1,qualified_ref,1,0,none,3712859375,3712875088,15713,3125,9463,88,12,0,always_ready,0,1
1,stress_random,20006,3567,3567,r_3567,1,qualified_ref,1,0,none,3713884375,3713900088,15713,3125,9463,88,12,0,always_ready,0,1
1,stress_random,20006,3568,3568,r_3568,1,qualified_ref,1,0,none,3714909375,3714925088,15713,3125,9463,88,12,0,always_ready,0,1
1,stress_random,20006,3569,3569,r_3569,1,qualified_ref,1,0,none,3715934375,3715950088,15713,3125,9463,88,12,0,always_ready,0,1
1,stress_random,20006,3570,3570,r_3570,1,qualified_ref,1,0,none,3716959375,3716975088,15713,3125,9463,88,12,0,always_ready,0,1
1,stress_random,20006,3571,3571,r_3571,1,qualified_ref,1,0,none,3717984375,3718000088,15713,3125,9463,88,12,0,always_ready,0,1
1,stress_random,20006,3572,3572,r_3572,1,qualified_ref,1,0,none,3719009375,3719025088,15713,3125,9463,88,12,0,always_ready,0,1
1,stress_random,20006,3573,3573,r_3573,1,qualified_ref,1,0,none,3720034375,3720050088,15713,3125,9463,88,12,0,always_ready,0,1
1,stress_random,20006,3574,3574,r_3574,1,qualified_ref,1,0,none,3721059375,3721075088,15713,3125,9463,88,12,0,always_ready,0,1
1,stress_random,20006,3575,3575,r_3575,1,qualified_ref,1,0,none,3722084375,3722100088,15713,3125,9463,88,12,0,always_ready,0,1
1,stress_random,20006,3576,3576,r_3576,1,qualified_ref,1,0,none,3723109375,3723125088,15713,3125,9463,88,12,0,always_ready,0,1
1,stress_random,20006,3577,3577,r_3577,1,qualified_ref,1,0,none,3724134375,3724150088,15713,3125,9463,88,12,0,always_ready,0,1
1,stress_random,20006,3578,3578,r_3578,1,qualified_ref,1,0,none,3725159375,3725175088,15713,3125,9463,88,12,0,always_ready,0,1
1,stress_random,20006,3579,3579,r_3579,1,qualified_ref,1,0,none,3726184375,3726200088,15713,3125,9463,88,12,0,always_ready,0,1
1,stress_random,20006,3580,3580,r_3580,1,qualified_ref,1,0,none,3727209375,3727225088,15713,3125,9463,88,12,0,always_ready,0,1
1,stress_random,20006,3581,3581,r_3581,1,qualified_ref,1,0,none,3728234375,3728250088,15713,3125,9463,88,12,0,always_ready,0,1
1,stress_random,20006,3582,3582,r_3582,1,qualified_ref,1,0,none,3729259375,3729275088,15713,3125,9463,88,12,0,always_ready,0,1
1,stress_random,20006,3583,3583,r_3583,1,qualified_ref,1,0,none,3730284375,3730300088,15713,3125,9463,88,12,0,always_ready,0,1
1,stress_random,20006,3584,3584,r_3584,1,qualified_ref,1,0,none,3731309375,3731325088,15713,3125,9463,88,12,0,always_ready,0,1
1,stress_random,20006,3585,3585,r_3585,1,qualified_ref,1,0,none,3732334375,3732350088,15713,3125,9463,88,12,0,always_ready,0,1
1,stress_random,20006,3586,3586,r_3586,1,qualified_ref,1,0,none,3733359375,3733375088,15713,3125,9463,88,12,0,always_ready,0,1
1,stress_random,20006,3587,3587,r_3587,1,qualified_ref,1,0,none,3734384375,3734400088,15713,3125,9463,88,12,0,always_ready,0,1
1,stress_random,20006,3588,3588,r_3588,1,qualified_ref,1,0,none,3735409375,3735425088,15713,3125,9463,88,12,0,always_ready,0,1
1,stress_random,20006,3589,3589,r_3589,1,qualified_ref,1,0,none,3736434375,3736450088,15713,3125,9463,88,12,0,always_ready,0,1
1,stress_random,20006,3590,3590,r_3590,1,qualified_ref,1,0,none,3737459375,3737475088,15713,3125,9463,88,12,0,always_ready,0,1
1,stress_random,20006,3591,3591,r_3591,1,qualified_ref,1,0,none,3738484375,3738500088,15713,3125,9463,88,12,0,always_ready,0,1
1,stress_random,20006,3592,3592,r_3592,1,qualified_ref,1,0,none,3739509375,3739525088,15713,3125,9463,88,12,0,always_ready,0,1
1,stress_random,20006,3593,3593,r_3593,1,qualified_ref,1,0,none,3740534375,3740550088,15713,3125,9463,88,12,0,always_ready,0,1
1,stress_random,20006,3594,3594,r_3594,1,qualified_ref,1,0,none,3741559375,3741575088,15713,3125,9463,88,12,0,always_ready,0,1
1,stress_random,20006,3595,3595,r_3595,1,qualified_ref,1,0,none,3742584375,3742600088,15713,3125,9463,88,12,0,always_ready,0,1
1,stress_random,20006,3596,3596,r_3596,1,qualified_ref,1,0,none,3743609375,3743625088,15713,3125,9463,88,12,0,always_ready,0,1
1,stress_random,20006,3597,3597,r_3597,1,qualified_ref,1,0,none,3744634375,3744650088,15713,3125,9463,88,12,0,always_ready,0,1
1,stress_random,20006,3598,3598,r_3598,1,qualified_ref,1,0,none,3745659375,3745675088,15713,3125,9463,88,12,0,always_ready,0,1
1,stress_random,20006,3599,3599,r_3599,1,qualified_ref,1,0,none,3746684375,3746700088,15713,3125,9463,88,12,0,always_ready,0,1
1,stress_random,20006,3600,3600,r_3600,1,qualified_ref,1,0,none,3747709375,3747725088,15713,3125,9463,88,12,0,always_ready,0,1
1,stress_random,20006,3601,3601,r_3601,1,qualified_ref,1,0,none,3748734375,3748750088,15713,3125,9463,88,12,0,always_ready,0,1
1,stress_random,20006,3602,3602,r_3602,1,qualified_ref,1,0,none,3749759375,3749775088,15713,3125,9463,88,12,0,always_ready,0,1
1,stress_random,20006,3603,3603,r_3603,1,qualified_ref,1,0,none,3750784375,3750800088,15713,3125,9463,88,12,0,always_ready,0,1
1,stress_random,20006,3604,3604,r_3604,1,qualified_ref,1,0,none,3751809375,3751825088,15713,3125,9463,88,12,0,always_ready,0,1
1,stress_random,20006,3605,3605,r_3605,1,qualified_ref,1,0,none,3752834375,3752850088,15713,3125,9463,88,12,0,always_ready,0,1
1,stress_random,20006,3606,3606,r_3606,1,qualified_ref,1,0,none,3753859375,3753875088,15713,3125,9463,88,12,0,always_ready,0,1
1,stress_random,20006,3607,3607,r_3607,1,qualified_ref,1,0,none,3754884375,3754900088,15713,3125,9463,88,12,0,always_ready,0,1
1,stress_random,20006,3608,3608,r_3608,1,qualified_ref,1,0,none,3755909375,3755925088,15713,3125,9463,88,12,0,always_ready,0,1
1,stress_random,20006,3609,3609,r_3609,1,qualified_ref,1,0,none,3756934375,3756950088,15713,3125,9463,88,12,0,always_ready,0,1
1,stress_random,20006,3610,3610,r_3610,1,qualified_ref,1,0,none,3757959375,3757975088,15713,3125,9463,88,12,0,always_ready,0,1
1,stress_random,20006,3611,3611,r_3611,1,qualified_ref,1,0,none,3758984375,3759000088,15713,3125,9463,88,12,0,always_ready,0,1
1,stress_random,20006,3612,3612,r_3612,1,qualified_ref,1,0,none,3760009375,3760025088,15713,3125,9463,88,12,0,always_ready,0,1
1,stress_random,20006,3613,3613,r_3613,1,qualified_ref,1,0,none,3761034375,3761050088,15713,3125,9463,88,12,0,always_ready,0,1
1,stress_random,20006,3614,3614,r_3614,1,qualified_ref,1,0,none,3762059375,3762075088,15713,3125,9463,88,12,0,always_ready,0,1
1,stress_random,20006,3615,3615,r_3615,1,qualified_ref,1,0,none,3763084375,3763100088,15713,3125,9463,88,12,0,always_ready,0,1
1,stress_random,20006,3616,3616,r_3616,1,qualified_ref,1,0,none,3764109375,3764125088,15713,3125,9463,88,12,0,always_ready,0,1
1,stress_random,20006,3617,3617,r_3617,1,qualified_ref,1,0,none,3765134375,3765150088,15713,3125,9463,88,12,0,always_ready,0,1
1,stress_random,20006,3618,3618,r_3618,1,qualified_ref,1,0,none,3766159375,3766175088,15713,3125,9463,88,12,0,always_ready,0,1
1,stress_random,20006,3619,3619,r_3619,1,qualified_ref,1,0,none,3767184375,3767200088,15713,3125,9463,88,12,0,always_ready,0,1
1,stress_random,20006,3620,3620,r_3620,1,qualified_ref,1,0,none,3768209375,3768225088,15713,3125,9463,88,12,0,always_ready,0,1
1,stress_random,20006,3621,3621,r_3621,1,qualified_ref,1,0,none,3769234375,3769250088,15713,3125,9463,88,12,0,always_ready,0,1
1,stress_random,20006,3622,3622,r_3622,1,qualified_ref,1,0,none,3770259375,3770275088,15713,3125,9463,88,12,0,always_ready,0,1
1,stress_random,20006,3623,3623,r_3623,1,qualified_ref,1,0,none,3771284375,3771300088,15713,3125,9463,88,12,0,always_ready,0,1
1,stress_random,20006,3624,3624,r_3624,1,qualified_ref,1,0,none,3772309375,3772325088,15713,3125,9463,88,12,0,always_ready,0,1
1,stress_random,20006,3625,3625,r_3625,1,qualified_ref,1,0,none,3773334375,3773350088,15713,3125,9463,88,12,0,always_ready,0,1
1,stress_random,20006,3626,3626,r_3626,1,qualified_ref,1,0,none,3774359375,3774375088,15713,3125,9463,88,12,0,always_ready,0,1
1,stress_random,20006,3627,3627,r_3627,1,qualified_ref,1,0,none,3775384375,3775400088,15713,3125,9463,88,12,0,always_ready,0,1
1,stress_random,20006,3628,3628,r_3628,1,qualified_ref,1,0,none,3776409375,3776425088,15713,3125,9463,88,12,0,always_ready,0,1
1,stress_random,20006,3629,3629,r_3629,1,qualified_ref,1,0,none,3777434375,3777450088,15713,3125,9463,88,12,0,always_ready,0,1
1,stress_random,20006,3630,3630,r_3630,1,qualified_ref,1,0,none,3778459375,3778475088,15713,3125,9463,88,12,0,always_ready,0,1
1,stress_random,20006,3631,3631,r_3631,1,qualified_ref,1,0,none,3779484375,3779500088,15713,3125,9463,88,12,0,always_ready,0,1
1,stress_random,20006,3632,3632,r_3632,1,qualified_ref,1,0,none,3780509375,3780525088,15713,3125,9463,88,12,0,always_ready,0,1
1,stress_random,20006,3633,3633,r_3633,1,qualified_ref,1,0,none,3781534375,3781550088,15713,3125,9463,88,12,0,always_ready,0,1
1,stress_random,20006,3634,3634,r_3634,1,qualified_ref,1,0,none,3782559375,3782575088,15713,3125,9463,88,12,0,always_ready,0,1
1,stress_random,20006,3635,3635,r_3635,1,qualified_ref,1,0,none,3783584375,3783600088,15713,3125,9463,88,12,0,always_ready,0,1
1,stress_random,20006,3636,3636,r_3636,1,qualified_ref,1,0,none,3784609375,3784625088,15713,3125,9463,88,12,0,always_ready,0,1
1,stress_random,20006,3637,3637,r_3637,1,qualified_ref,1,0,none,3785634375,3785650088,15713,3125,9463,88,12,0,always_ready,0,1
1,stress_random,20006,3638,3638,r_3638,1,qualified_ref,1,0,none,3786659375,3786675088,15713,3125,9463,88,12,0,always_ready,0,1
1,stress_random,20006,3639,3639,r_3639,1,qualified_ref,1,0,none,3787684375,3787700088,15713,3125,9463,88,12,0,always_ready,0,1
1,stress_random,20006,3640,3640,r_3640,1,qualified_ref,1,0,none,3788709375,3788725088,15713,3125,9463,88,12,0,always_ready,0,1
1,stress_random,20006,3641,3641,r_3641,1,qualified_ref,1,0,none,3789734375,3789750088,15713,3125,9463,88,12,0,always_ready,0,1
1,stress_random,20006,3642,3642,r_3642,1,qualified_ref,1,0,none,3790759375,3790775088,15713,3125,9463,88,12,0,always_ready,0,1
1,stress_random,20006,3643,3643,r_3643,1,qualified_ref,1,0,none,3791784375,3791800088,15713,3125,9463,88,12,0,always_ready,0,1
1,stress_random,20006,3644,3644,r_3644,1,qualified_ref,1,0,none,3792809375,3792825088,15713,3125,9463,88,12,0,always_ready,0,1
1,stress_random,20006,3645,3645,r_3645,1,qualified_ref,1,0,none,3793834375,3793850088,15713,3125,9463,88,12,0,always_ready,0,1
1,stress_random,20006,3646,3646,r_3646,1,qualified_ref,1,0,none,3794859375,3794875088,15713,3125,9463,88,12,0,always_ready,0,1
1,stress_random,20006,3647,3647,r_3647,1,qualified_ref,1,0,none,3795884375,3795900088,15713,3125,9463,88,12,0,always_ready,0,1
1,stress_random,20006,3648,3648,r_3648,1,qualified_ref,1,0,none,3796909375,3796925088,15713,3125,9463,88,12,0,always_ready,0,1
1,stress_random,20006,3649,3649,r_3649,1,qualified_ref,1,0,none,3797934375,3797950088,15713,3125,9463,88,12,0,always_ready,0,1
1,stress_random,20006,3650,3650,r_3650,1,qualified_ref,1,0,none,3798959375,3798975088,15713,3125,9463,88,12,0,always_ready,0,1
1,stress_random,20006,3651,3651,r_3651,1,qualified_ref,1,0,none,3799984375,3800000088,15713,3125,9463,88,12,0,always_ready,0,1
1,stress_random,20006,3652,3652,r_3652,1,qualified_ref,1,0,none,3801009375,3801025088,15713,3125,9463,88,12,0,always_ready,0,1
1,stress_random,20006,3653,3653,r_3653,1,qualified_ref,1,0,none,3802034375,3802050088,15713,3125,9463,88,12,0,always_ready,0,1
1,stress_random,20006,3654,3654,r_3654,1,qualified_ref,1,0,none,3803059375,3803075088,15713,3125,9463,88,12,0,always_ready,0,1
1,stress_random,20006,3655,3655,r_3655,1,qualified_ref,1,0,none,3804084375,3804100088,15713,3125,9463,88,12,0,always_ready,0,1
1,stress_random,20006,3656,3656,r_3656,1,qualified_ref,1,0,none,3805109375,3805125088,15713,3125,9463,88,12,0,always_ready,0,1
1,stress_random,20006,3657,3657,r_3657,1,qualified_ref,1,0,none,3806134375,3806150088,15713,3125,9463,88,12,0,always_ready,0,1
1,stress_random,20006,3658,3658,r_3658,1,qualified_ref,1,0,none,3807159375,3807175088,15713,3125,9463,88,12,0,always_ready,0,1
1,stress_random,20006,3659,3659,r_3659,1,qualified_ref,1,0,none,3808184375,3808200088,15713,3125,9463,88,12,0,always_ready,0,1
1,stress_random,20006,3660,3660,r_3660,1,qualified_ref,1,0,none,3809209375,3809225088,15713,3125,9463,88,12,0,always_ready,0,1
1,stress_random,20006,3661,3661,r_3661,1,qualified_ref,1,0,none,3810234375,3810250088,15713,3125,9463,88,12,0,always_ready,0,1
1,stress_random,20006,3662,3662,r_3662,1,qualified_ref,1,0,none,3811259375,3811275088,15713,3125,9463,88,12,0,always_ready,0,1
1,stress_random,20006,3663,3663,r_3663,1,qualified_ref,1,0,none,3812284375,3812300088,15713,3125,9463,88,12,0,always_ready,0,1
1,stress_random,20006,3664,3664,r_3664,1,qualified_ref,1,0,none,3813309375,3813325088,15713,3125,9463,88,12,0,always_ready,0,1
1,stress_random,20006,3665,3665,r_3665,1,qualified_ref,1,0,none,3814334375,3814350088,15713,3125,9463,88,12,0,always_ready,0,1
1,stress_random,20006,3666,3666,r_3666,1,qualified_ref,1,0,none,3815359375,3815375088,15713,3125,9463,88,12,0,always_ready,0,1
1,stress_random,20006,3667,3667,r_3667,1,qualified_ref,1,0,none,3816384375,3816400088,15713,3125,9463,88,12,0,always_ready,0,1
1,stress_random,20006,3668,3668,r_3668,1,qualified_ref,1,0,none,3817409375,3817425088,15713,3125,9463,88,12,0,always_ready,0,1
1,stress_random,20006,3669,3669,r_3669,1,qualified_ref,1,0,none,3818434375,3818450088,15713,3125,9463,88,12,0,always_ready,0,1
1,stress_random,20006,3670,3670,r_3670,1,qualified_ref,1,0,none,3819459375,3819475088,15713,3125,9463,88,12,0,always_ready,0,1
1,stress_random,20006,3671,3671,r_3671,1,qualified_ref,1,0,none,3820484375,3820500088,15713,3125,9463,88,12,0,always_ready,0,1
1,stress_random,20006,3672,3672,r_3672,1,qualified_ref,1,0,none,3821509375,3821525088,15713,3125,9463,88,12,0,always_ready,0,1
1,stress_random,20006,3673,3673,r_3673,1,qualified_ref,1,0,none,3822534375,3822550088,15713,3125,9463,88,12,0,always_ready,0,1
1,stress_random,20006,3674,3674,r_3674,1,qualified_ref,1,0,none,3823559375,3823575088,15713,3125,9463,88,12,0,always_ready,0,1
1,stress_random,20006,3675,3675,r_3675,1,qualified_ref,1,0,none,3824584375,3824600088,15713,3125,9463,88,12,0,always_ready,0,1
1,stress_random,20006,3676,3676,r_3676,1,qualified_ref,1,0,none,3825609375,3825625088,15713,3125,9463,88,12,0,always_ready,0,1
1,stress_random,20006,3677,3677,r_3677,1,qualified_ref,1,0,none,3826634375,3826650088,15713,3125,9463,88,12,0,always_ready,0,1
1,stress_random,20006,3678,3678,r_3678,1,qualified_ref,1,0,none,3827659375,3827675088,15713,3125,9463,88,12,0,always_ready,0,1
1,stress_random,20006,3679,3679,r_3679,1,qualified_ref,1,0,none,3828684375,3828700088,15713,3125,9463,88,12,0,always_ready,0,1
1,stress_random,20006,3680,3680,r_3680,1,qualified_ref,1,0,none,3829709375,3829725088,15713,3125,9463,88,12,0,always_ready,0,1
1,stress_random,20006,3681,3681,r_3681,1,qualified_ref,1,0,none,3830734375,3830750088,15713,3125,9463,88,12,0,always_ready,0,1
1,stress_random,20006,3682,3682,r_3682,1,qualified_ref,1,0,none,3831759375,3831775088,15713,3125,9463,88,12,0,always_ready,0,1
1,stress_random,20006,3683,3683,r_3683,1,qualified_ref,1,0,none,3832784375,3832800088,15713,3125,9463,88,12,0,always_ready,0,1
1,stress_random,20006,3684,3684,r_3684,1,qualified_ref,1,0,none,3833809375,3833825088,15713,3125,9463,88,12,0,always_ready,0,1
1,stress_random,20006,3685,3685,r_3685,1,qualified_ref,1,0,none,3834834375,3834850088,15713,3125,9463,88,12,0,always_ready,0,1
1,stress_random,20006,3686,3686,r_3686,1,qualified_ref,1,0,none,3835859375,3835875088,15713,3125,9463,88,12,0,always_ready,0,1
1,stress_random,20006,3687,3687,r_3687,1,qualified_ref,1,0,none,3836884375,3836900088,15713,3125,9463,88,12,0,always_ready,0,1
1,stress_random,20006,3688,3688,r_3688,1,qualified_ref,1,0,none,3837909375,3837925088,15713,3125,9463,88,12,0,always_ready,0,1
1,stress_random,20006,3689,3689,r_3689,1,qualified_ref,1,0,none,3838934375,3838950088,15713,3125,9463,88,12,0,always_ready,0,1
1,stress_random,20006,3690,3690,r_3690,1,qualified_ref,1,0,none,3839959375,3839975088,15713,3125,9463,88,12,0,always_ready,0,1
1,stress_random,20006,3691,3691,r_3691,1,qualified_ref,1,0,none,3840984375,3841000088,15713,3125,9463,88,12,0,always_ready,0,1
1,stress_random,20006,3692,3692,r_3692,1,qualified_ref,1,0,none,3842009375,3842025088,15713,3125,9463,88,12,0,always_ready,0,1
1,stress_random,20006,3693,3693,r_3693,1,qualified_ref,1,0,none,3843034375,3843050088,15713,3125,9463,88,12,0,always_ready,0,1
1,stress_random,20006,3694,3694,r_3694,1,qualified_ref,1,0,none,3844059375,3844075088,15713,3125,9463,88,12,0,always_ready,0,1
1,stress_random,20006,3695,3695,r_3695,1,qualified_ref,1,0,none,3845084375,3845100088,15713,3125,9463,88,12,0,always_ready,0,1
1,stress_random,20006,3696,3696,r_3696,1,qualified_ref,1,0,none,3846109375,3846125088,15713,3125,9463,88,12,0,always_ready,0,1
1,stress_random,20006,3697,3697,r_3697,1,qualified_ref,1,0,none,3847134375,3847150088,15713,3125,9463,88,12,0,always_ready,0,1
1,stress_random,20006,3698,3698,r_3698,1,qualified_ref,1,0,none,3848159375,3848175088,15713,3125,9463,88,12,0,always_ready,0,1
1,stress_random,20006,3699,3699,r_3699,1,qualified_ref,1,0,none,3849184375,3849200088,15713,3125,9463,88,12,0,always_ready,0,1
1,stress_random,20006,3700,3700,r_3700,1,qualified_ref,1,0,none,3850209375,3850225088,15713,3125,9463,88,12,0,always_ready,0,1
1,stress_random,20006,3701,3701,r_3701,1,qualified_ref,1,0,none,3851234375,3851250088,15713,3125,9463,88,12,0,always_ready,0,1
1,stress_random,20006,3702,3702,r_3702,1,qualified_ref,1,0,none,3852259375,3852275088,15713,3125,9463,88,12,0,always_ready,0,1
1,stress_random,20006,3703,3703,r_3703,1,qualified_ref,1,0,none,3853284375,3853300088,15713,3125,9463,88,12,0,always_ready,0,1
1,stress_random,20006,3704,3704,r_3704,1,qualified_ref,1,0,none,3854309375,3854325088,15713,3125,9463,88,12,0,always_ready,0,1
1,stress_random,20006,3705,3705,r_3705,1,qualified_ref,1,0,none,3855334375,3855350088,15713,3125,9463,88,12,0,always_ready,0,1
1,stress_random,20006,3706,3706,r_3706,1,qualified_ref,1,0,none,3856359375,3856375088,15713,3125,9463,88,12,0,always_ready,0,1
1,stress_random,20006,3707,3707,r_3707,1,qualified_ref,1,0,none,3857384375,3857400088,15713,3125,9463,88,12,0,always_ready,0,1
1,stress_random,20006,3708,3708,r_3708,1,qualified_ref,1,0,none,3858409375,3858425088,15713,3125,9463,88,12,0,always_ready,0,1
1,stress_random,20006,3709,3709,r_3709,1,qualified_ref,1,0,none,3859434375,3859450088,15713,3125,9463,88,12,0,always_ready,0,1
1,stress_random,20006,3710,3710,r_3710,1,qualified_ref,1,0,none,3860459375,3860475088,15713,3125,9463,88,12,0,always_ready,0,1
1,stress_random,20006,3711,3711,r_3711,1,qualified_ref,1,0,none,3861484375,3861500088,15713,3125,9463,88,12,0,always_ready,0,1
1,stress_random,20006,3712,3712,r_3712,1,qualified_ref,1,0,none,3862509375,3862525088,15713,3125,9463,88,12,0,always_ready,0,1
1,stress_random,20006,3713,3713,r_3713,1,qualified_ref,1,0,none,3863534375,3863550088,15713,3125,9463,88,12,0,always_ready,0,1
1,stress_random,20006,3714,3714,r_3714,1,qualified_ref,1,0,none,3864559375,3864575088,15713,3125,9463,88,12,0,always_ready,0,1
1,stress_random,20006,3715,3715,r_3715,1,qualified_ref,1,0,none,3865584375,3865600088,15713,3125,9463,88,12,0,always_ready,0,1
1,stress_random,20006,3716,3716,r_3716,1,qualified_ref,1,0,none,3866609375,3866625088,15713,3125,9463,88,12,0,always_ready,0,1
1,stress_random,20006,3717,3717,r_3717,1,qualified_ref,1,0,none,3867634375,3867650088,15713,3125,9463,88,12,0,always_ready,0,1
1,stress_random,20006,3718,3718,r_3718,1,qualified_ref,1,0,none,3868659375,3868675088,15713,3125,9463,88,12,0,always_ready,0,1
1,stress_random,20006,3719,3719,r_3719,1,qualified_ref,1,0,none,3869684375,3869700088,15713,3125,9463,88,12,0,always_ready,0,1
1,stress_random,20006,3720,3720,r_3720,1,qualified_ref,1,0,none,3870709375,3870725088,15713,3125,9463,88,12,0,always_ready,0,1
1,stress_random,20006,3721,3721,r_3721,1,qualified_ref,1,0,none,3871734375,3871750088,15713,3125,9463,88,12,0,always_ready,0,1
1,stress_random,20006,3722,3722,r_3722,1,qualified_ref,1,0,none,3872759375,3872775088,15713,3125,9463,88,12,0,always_ready,0,1
1,stress_random,20006,3723,3723,r_3723,1,qualified_ref,1,0,none,3873784375,3873800088,15713,3125,9463,88,12,0,always_ready,0,1
1,stress_random,20006,3724,3724,r_3724,1,qualified_ref,1,0,none,3874809375,3874825088,15713,3125,9463,88,12,0,always_ready,0,1
1,stress_random,20006,3725,3725,r_3725,1,qualified_ref,1,0,none,3875834375,3875850088,15713,3125,9463,88,12,0,always_ready,0,1
1,stress_random,20006,3726,3726,r_3726,1,qualified_ref,1,0,none,3876859375,3876875088,15713,3125,9463,88,12,0,always_ready,0,1
1,stress_random,20006,3727,3727,r_3727,1,qualified_ref,1,0,none,3877884375,3877900088,15713,3125,9463,88,12,0,always_ready,0,1
1,stress_random,20006,3728,3728,r_3728,1,qualified_ref,1,0,none,3878909375,3878925088,15713,3125,9463,88,12,0,always_ready,0,1
1,stress_random,20006,3729,3729,r_3729,1,qualified_ref,1,0,none,3879934375,3879950088,15713,3125,9463,88,12,0,always_ready,0,1
1,stress_random,20006,3730,3730,r_3730,1,qualified_ref,1,0,none,3880959375,3880975088,15713,3125,9463,88,12,0,always_ready,0,1
1,stress_random,20006,3731,3731,r_3731,1,qualified_ref,1,0,none,3881984375,3882000088,15713,3125,9463,88,12,0,always_ready,0,1
1,stress_random,20006,3732,3732,r_3732,1,qualified_ref,1,0,none,3883009375,3883025088,15713,3125,9463,88,12,0,always_ready,0,1
1,stress_random,20006,3733,3733,r_3733,1,qualified_ref,1,0,none,3884034375,3884050088,15713,3125,9463,88,12,0,always_ready,0,1
1,stress_random,20006,3734,3734,r_3734,1,qualified_ref,1,0,none,3885059375,3885075088,15713,3125,9463,88,12,0,always_ready,0,1
1,stress_random,20006,3735,3735,r_3735,1,qualified_ref,1,0,none,3886084375,3886100088,15713,3125,9463,88,12,0,always_ready,0,1
1,stress_random,20006,3736,3736,r_3736,1,qualified_ref,1,0,none,3887109375,3887125088,15713,3125,9463,88,12,0,always_ready,0,1
1,stress_random,20006,3737,3737,r_3737,1,qualified_ref,1,0,none,3888134375,3888150088,15713,3125,9463,88,12,0,always_ready,0,1
1,stress_random,20006,3738,3738,r_3738,1,qualified_ref,1,0,none,3889159375,3889175088,15713,3125,9463,88,12,0,always_ready,0,1
1,stress_random,20006,3739,3739,r_3739,1,qualified_ref,1,0,none,3890184375,3890200088,15713,3125,9463,88,12,0,always_ready,0,1
1,stress_random,20006,3740,3740,r_3740,1,qualified_ref,1,0,none,3891209375,3891225088,15713,3125,9463,88,12,0,always_ready,0,1
1,stress_random,20006,3741,3741,r_3741,1,qualified_ref,1,0,none,3892234375,3892250088,15713,3125,9463,88,12,0,always_ready,0,1
1,stress_random,20006,3742,3742,r_3742,1,qualified_ref,1,0,none,3893259375,3893275088,15713,3125,9463,88,12,0,always_ready,0,1
1,stress_random,20006,3743,3743,r_3743,1,qualified_ref,1,0,none,3894284375,3894300088,15713,3125,9463,88,12,0,always_ready,0,1
1,stress_random,20006,3744,3744,r_3744,1,qualified_ref,1,0,none,3895309375,3895325088,15713,3125,9463,88,12,0,always_ready,0,1
1,stress_random,20006,3745,3745,r_3745,1,qualified_ref,1,0,none,3896334375,3896350088,15713,3125,9463,88,12,0,always_ready,0,1
1,stress_random,20006,3746,3746,r_3746,1,qualified_ref,1,0,none,3897359375,3897375088,15713,3125,9463,88,12,0,always_ready,0,1
1,stress_random,20006,3747,3747,r_3747,1,qualified_ref,1,0,none,3898384375,3898400088,15713,3125,9463,88,12,0,always_ready,0,1
1,stress_random,20006,3748,3748,r_3748,1,qualified_ref,1,0,none,3899409375,3899425088,15713,3125,9463,88,12,0,always_ready,0,1
1,stress_random,20006,3749,3749,r_3749,1,qualified_ref,1,0,none,3900434375,3900450088,15713,3125,9463,88,12,0,always_ready,0,1
1,stress_random,20006,3750,3750,r_3750,1,qualified_ref,1,0,none,3905559375,3905575088,15713,3125,9463,88,1,0,always_ready,0,1
1,stress_random,20006,3751,3751,r_3751,1,qualified_ref,1,0,none,3906584375,3906600088,15713,3125,9463,88,1,0,always_ready,0,1
1,stress_random,20006,3752,3752,r_3752,1,qualified_ref,1,0,none,3907609375,3907625088,15713,3125,9463,88,1,0,always_ready,0,1
1,stress_random,20006,3753,3753,r_3753,1,qualified_ref,1,0,none,3908634375,3908650088,15713,3125,9463,88,1,0,always_ready,0,1
1,stress_random,20006,3754,3754,r_3754,1,qualified_ref,1,0,none,3909659375,3909675088,15713,3125,9463,88,1,0,always_ready,0,1
1,stress_random,20006,3755,3755,r_3755,1,qualified_ref,1,0,none,3910684375,3910700088,15713,3125,9463,88,1,0,always_ready,0,1
1,stress_random,20006,3756,3756,r_3756,1,qualified_ref,1,0,none,3911709375,3911725088,15713,3125,9463,88,1,0,always_ready,0,1
1,stress_random,20006,3757,3757,r_3757,1,qualified_ref,1,0,none,3912734375,3912750088,15713,3125,9463,88,1,0,always_ready,0,1
1,stress_random,20006,3758,3758,r_3758,1,qualified_ref,1,0,none,3913759375,3913775088,15713,3125,9463,88,1,0,always_ready,0,1
1,stress_random,20006,3759,3759,r_3759,1,qualified_ref,1,0,none,3914784375,3914800088,15713,3125,9463,88,1,0,always_ready,0,1
1,stress_random,20006,3760,3760,r_3760,1,qualified_ref,1,0,none,3915809375,3915825088,15713,3125,9463,88,1,0,always_ready,0,1
1,stress_random,20006,3761,3761,r_3761,1,qualified_ref,1,0,none,3916834375,3916850088,15713,3125,9463,88,1,0,always_ready,0,1
1,stress_random,20006,3762,3762,r_3762,1,qualified_ref,1,0,none,3917859375,3917875088,15713,3125,9463,88,1,0,always_ready,0,1
1,stress_random,20006,3763,3763,r_3763,1,qualified_ref,1,0,none,3918884375,3918900088,15713,3125,9463,88,1,0,always_ready,0,1
1,stress_random,20006,3764,3764,r_3764,1,qualified_ref,1,0,none,3919909375,3919925088,15713,3125,9463,88,1,0,always_ready,0,1
1,stress_random,20006,3765,3765,r_3765,1,qualified_ref,1,0,none,3920934375,3920950088,15713,3125,9463,88,1,0,always_ready,0,1
1,stress_random,20006,3766,3766,r_3766,1,qualified_ref,1,0,none,3921959375,3921975088,15713,3125,9463,88,1,0,always_ready,0,1
1,stress_random,20006,3767,3767,r_3767,1,qualified_ref,1,0,none,3922984375,3923000088,15713,3125,9463,88,1,0,always_ready,0,1
1,stress_random,20006,3768,3768,r_3768,1,qualified_ref,1,0,none,3924009375,3924025088,15713,3125,9463,88,1,0,always_ready,0,1
1,stress_random,20006,3769,3769,r_3769,1,qualified_ref,1,0,none,3925034375,3925050088,15713,3125,9463,88,1,0,always_ready,0,1
1,stress_random,20006,3770,3770,r_3770,1,qualified_ref,1,0,none,3926059375,3926075088,15713,3125,9463,88,1,0,always_ready,0,1
1,stress_random,20006,3771,3771,r_3771,1,qualified_ref,1,0,none,3927084375,3927100088,15713,3125,9463,88,1,0,always_ready,0,1
1,stress_random,20006,3772,3772,r_3772,1,qualified_ref,1,0,none,3928109375,3928125088,15713,3125,9463,88,1,0,always_ready,0,1
1,stress_random,20006,3773,3773,r_3773,1,qualified_ref,1,0,none,3929134375,3929150088,15713,3125,9463,88,1,0,always_ready,0,1
1,stress_random,20006,3774,3774,r_3774,1,qualified_ref,1,0,none,3930159375,3930175088,15713,3125,9463,88,1,0,always_ready,0,1
1,stress_random,20006,3775,3775,r_3775,1,qualified_ref,1,0,none,3931184375,3931200088,15713,3125,9463,88,1,0,always_ready,0,1
1,stress_random,20006,3776,3776,r_3776,1,qualified_ref,1,0,none,3932209375,3932225088,15713,3125,9463,88,1,0,always_ready,0,1
1,stress_random,20006,3777,3777,r_3777,1,qualified_ref,1,0,none,3933234375,3933250088,15713,3125,9463,88,1,0,always_ready,0,1
1,stress_random,20006,3778,3778,r_3778,1,qualified_ref,1,0,none,3934259375,3934275088,15713,3125,9463,88,1,0,always_ready,0,1
1,stress_random,20006,3779,3779,r_3779,1,qualified_ref,1,0,none,3935284375,3935300088,15713,3125,9463,88,1,0,always_ready,0,1
1,stress_random,20006,3780,3780,r_3780,1,qualified_ref,1,0,none,3936309375,3936325088,15713,3125,9463,88,1,0,always_ready,0,1
1,stress_random,20006,3781,3781,r_3781,1,qualified_ref,1,0,none,3937334375,3937350088,15713,3125,9463,88,1,0,always_ready,0,1
1,stress_random,20006,3782,3782,r_3782,1,qualified_ref,1,0,none,3938359375,3938375088,15713,3125,9463,88,1,0,always_ready,0,1
1,stress_random,20006,3783,3783,r_3783,1,qualified_ref,1,0,none,3939384375,3939400088,15713,3125,9463,88,1,0,always_ready,0,1
1,stress_random,20006,3784,3784,r_3784,1,qualified_ref,1,0,none,3940409375,3940425088,15713,3125,9463,88,1,0,always_ready,0,1
1,stress_random,20006,3785,3785,r_3785,1,qualified_ref,1,0,none,3941434375,3941450088,15713,3125,9463,88,1,0,always_ready,0,1
1,stress_random,20006,3786,3786,r_3786,1,qualified_ref,1,0,none,3942459375,3942475088,15713,3125,9463,88,1,0,always_ready,0,1
1,stress_random,20006,3787,3787,r_3787,1,qualified_ref,1,0,none,3943484375,3943500088,15713,3125,9463,88,1,0,always_ready,0,1
1,stress_random,20006,3788,3788,r_3788,1,qualified_ref,1,0,none,3944509375,3944525088,15713,3125,9463,88,1,0,always_ready,0,1
1,stress_random,20006,3789,3789,r_3789,1,qualified_ref,1,0,none,3945534375,3945550088,15713,3125,9463,88,1,0,always_ready,0,1
1,stress_random,20006,3790,3790,r_3790,1,qualified_ref,1,0,none,3946559375,3946575088,15713,3125,9463,88,1,0,always_ready,0,1
1,stress_random,20006,3791,3791,r_3791,1,qualified_ref,1,0,none,3947584375,3947600088,15713,3125,9463,88,1,0,always_ready,0,1
1,stress_random,20006,3792,3792,r_3792,1,qualified_ref,1,0,none,3948609375,3948625088,15713,3125,9463,88,1,0,always_ready,0,1
1,stress_random,20006,3793,3793,r_3793,1,qualified_ref,1,0,none,3949634375,3949650088,15713,3125,9463,88,1,0,always_ready,0,1
1,stress_random,20006,3794,3794,r_3794,1,qualified_ref,1,0,none,3950659375,3950675088,15713,3125,9463,88,1,0,always_ready,0,1
1,stress_random,20006,3795,3795,r_3795,1,qualified_ref,1,0,none,3951684375,3951700088,15713,3125,9463,88,1,0,always_ready,0,1
1,stress_random,20006,3796,3796,r_3796,1,qualified_ref,1,0,none,3952709375,3952725088,15713,3125,9463,88,1,0,always_ready,0,1
1,stress_random,20006,3797,3797,r_3797,1,qualified_ref,1,0,none,3953734375,3953750088,15713,3125,9463,88,1,0,always_ready,0,1
1,stress_random,20006,3798,3798,r_3798,1,qualified_ref,1,0,none,3954759375,3954775088,15713,3125,9463,88,1,0,always_ready,0,1
1,stress_random,20006,3799,3799,r_3799,1,qualified_ref,1,0,none,3955784375,3955800088,15713,3125,9463,88,1,0,always_ready,0,1
1,stress_random,20006,3800,3800,r_3800,1,qualified_ref,1,0,none,3956809375,3956825088,15713,3125,9463,88,1,0,always_ready,0,1
1,stress_random,20006,3801,3801,r_3801,1,qualified_ref,1,0,none,3957834375,3957850088,15713,3125,9463,88,1,0,always_ready,0,1
1,stress_random,20006,3802,3802,r_3802,1,qualified_ref,1,0,none,3958859375,3958875088,15713,3125,9463,88,1,0,always_ready,0,1
1,stress_random,20006,3803,3803,r_3803,1,qualified_ref,1,0,none,3959884375,3959900088,15713,3125,9463,88,1,0,always_ready,0,1
1,stress_random,20006,3804,3804,r_3804,1,qualified_ref,1,0,none,3960909375,3960925088,15713,3125,9463,88,1,0,always_ready,0,1
1,stress_random,20006,3805,3805,r_3805,1,qualified_ref,1,0,none,3961934375,3961950088,15713,3125,9463,88,1,0,always_ready,0,1
1,stress_random,20006,3806,3806,r_3806,1,qualified_ref,1,0,none,3962959375,3962975088,15713,3125,9463,88,1,0,always_ready,0,1
1,stress_random,20006,3807,3807,r_3807,1,qualified_ref,1,0,none,3963984375,3964000088,15713,3125,9463,88,1,0,always_ready,0,1
1,stress_random,20006,3808,3808,r_3808,1,qualified_ref,1,0,none,3965009375,3965025088,15713,3125,9463,88,1,0,always_ready,0,1
1,stress_random,20006,3809,3809,r_3809,1,qualified_ref,1,0,none,3966034375,3966050088,15713,3125,9463,88,1,0,always_ready,0,1
1,stress_random,20006,3810,3810,r_3810,1,qualified_ref,1,0,none,3967059375,3967075088,15713,3125,9463,88,1,0,always_ready,0,1
1,stress_random,20006,3811,3811,r_3811,1,qualified_ref,1,0,none,3968084375,3968100088,15713,3125,9463,88,1,0,always_ready,0,1
1,stress_random,20006,3812,3812,r_3812,1,qualified_ref,1,0,none,3969109375,3969125088,15713,3125,9463,88,1,0,always_ready,0,1
1,stress_random,20006,3813,3813,r_3813,1,qualified_ref,1,0,none,3970134375,3970150088,15713,3125,9463,88,1,0,always_ready,0,1
1,stress_random,20006,3814,3814,r_3814,1,qualified_ref,1,0,none,3971159375,3971175088,15713,3125,9463,88,1,0,always_ready,0,1
1,stress_random,20006,3815,3815,r_3815,1,qualified_ref,1,0,none,3972184375,3972200088,15713,3125,9463,88,1,0,always_ready,0,1
1,stress_random,20006,3816,3816,r_3816,1,qualified_ref,1,0,none,3973209375,3973225088,15713,3125,9463,88,1,0,always_ready,0,1
1,stress_random,20006,3817,3817,r_3817,1,qualified_ref,1,0,none,3974234375,3974250088,15713,3125,9463,88,1,0,always_ready,0,1
1,stress_random,20006,3818,3818,r_3818,1,qualified_ref,1,0,none,3975259375,3975275088,15713,3125,9463,88,1,0,always_ready,0,1
1,stress_random,20006,3819,3819,r_3819,1,qualified_ref,1,0,none,3976284375,3976300088,15713,3125,9463,88,1,0,always_ready,0,1
1,stress_random,20006,3820,3820,r_3820,1,qualified_ref,1,0,none,3977309375,3977325088,15713,3125,9463,88,1,0,always_ready,0,1
1,stress_random,20006,3821,3821,r_3821,1,qualified_ref,1,0,none,3978334375,3978350088,15713,3125,9463,88,1,0,always_ready,0,1
1,stress_random,20006,3822,3822,r_3822,1,qualified_ref,1,0,none,3979359375,3979375088,15713,3125,9463,88,1,0,always_ready,0,1
1,stress_random,20006,3823,3823,r_3823,1,qualified_ref,1,0,none,3980384375,3980400088,15713,3125,9463,88,1,0,always_ready,0,1
1,stress_random,20006,3824,3824,r_3824,1,qualified_ref,1,0,none,3981409375,3981425088,15713,3125,9463,88,1,0,always_ready,0,1
1,stress_random,20006,3825,3825,r_3825,1,qualified_ref,1,0,none,3982434375,3982450088,15713,3125,9463,88,1,0,always_ready,0,1
1,stress_random,20006,3826,3826,r_3826,1,qualified_ref,1,0,none,3983459375,3983475088,15713,3125,9463,88,1,0,always_ready,0,1
1,stress_random,20006,3827,3827,r_3827,1,qualified_ref,1,0,none,3984484375,3984500088,15713,3125,9463,88,1,0,always_ready,0,1
1,stress_random,20006,3828,3828,r_3828,1,qualified_ref,1,0,none,3985509375,3985525088,15713,3125,9463,88,1,0,always_ready,0,1
1,stress_random,20006,3829,3829,r_3829,1,qualified_ref,1,0,none,3986534375,3986550088,15713,3125,9463,88,1,0,always_ready,0,1
1,stress_random,20006,3830,3830,r_3830,1,qualified_ref,1,0,none,3987559375,3987575088,15713,3125,9463,88,1,0,always_ready,0,1
1,stress_random,20006,3831,3831,r_3831,1,qualified_ref,1,0,none,3988584375,3988600088,15713,3125,9463,88,1,0,always_ready,0,1
1,stress_random,20006,3832,3832,r_3832,1,qualified_ref,1,0,none,3989609375,3989625088,15713,3125,9463,88,1,0,always_ready,0,1
1,stress_random,20006,3833,3833,r_3833,1,qualified_ref,1,0,none,3990634375,3990650088,15713,3125,9463,88,1,0,always_ready,0,1
1,stress_random,20006,3834,3834,r_3834,1,qualified_ref,1,0,none,3991659375,3991675088,15713,3125,9463,88,1,0,always_ready,0,1
1,stress_random,20006,3835,3835,r_3835,1,qualified_ref,1,0,none,3992684375,3992700088,15713,3125,9463,88,1,0,always_ready,0,1
1,stress_random,20006,3836,3836,r_3836,1,qualified_ref,1,0,none,3993709375,3993725088,15713,3125,9463,88,1,0,always_ready,0,1
1,stress_random,20006,3837,3837,r_3837,1,qualified_ref,1,0,none,3994734375,3994750088,15713,3125,9463,88,1,0,always_ready,0,1
1,stress_random,20006,3838,3838,r_3838,1,qualified_ref,1,0,none,3995759375,3995775088,15713,3125,9463,88,1,0,always_ready,0,1
1,stress_random,20006,3839,3839,r_3839,1,qualified_ref,1,0,none,3996784375,3996800088,15713,3125,9463,88,1,0,always_ready,0,1
1,stress_random,20006,3840,3840,r_3840,1,qualified_ref,1,0,none,3997809375,3997825088,15713,3125,9463,88,1,0,always_ready,0,1
1,stress_random,20006,3841,3841,r_3841,1,qualified_ref,1,0,none,3998834375,3998850088,15713,3125,9463,88,1,0,always_ready,0,1
1,stress_random,20006,3842,3842,r_3842,1,qualified_ref,1,0,none,3999859375,3999875088,15713,3125,9463,88,1,0,always_ready,0,1
1,stress_random,20006,3843,3843,r_3843,1,qualified_ref,1,0,none,4000884375,4000900088,15713,3125,9463,88,1,0,always_ready,0,1
1,stress_random,20006,3844,3844,r_3844,1,qualified_ref,1,0,none,4001909375,4001925088,15713,3125,9463,88,1,0,always_ready,0,1
1,stress_random,20006,3845,3845,r_3845,1,qualified_ref,1,0,none,4002934375,4002950088,15713,3125,9463,88,1,0,always_ready,0,1
1,stress_random,20006,3846,3846,r_3846,1,qualified_ref,1,0,none,4003959375,4003975088,15713,3125,9463,88,1,0,always_ready,0,1
1,stress_random,20006,3847,3847,r_3847,1,qualified_ref,1,0,none,4004984375,4005000088,15713,3125,9463,88,1,0,always_ready,0,1
1,stress_random,20006,3848,3848,r_3848,1,qualified_ref,1,0,none,4006009375,4006025088,15713,3125,9463,88,1,0,always_ready,0,1
1,stress_random,20006,3849,3849,r_3849,1,qualified_ref,1,0,none,4007034375,4007050088,15713,3125,9463,88,1,0,always_ready,0,1
1,stress_random,20006,3850,3850,r_3850,1,qualified_ref,1,0,none,4008059375,4008075088,15713,3125,9463,88,1,0,always_ready,0,1
1,stress_random,20006,3851,3851,r_3851,1,qualified_ref,1,0,none,4009084375,4009100088,15713,3125,9463,88,1,0,always_ready,0,1
1,stress_random,20006,3852,3852,r_3852,1,qualified_ref,1,0,none,4010109375,4010125088,15713,3125,9463,88,1,0,always_ready,0,1
1,stress_random,20006,3853,3853,r_3853,1,qualified_ref,1,0,none,4011134375,4011150088,15713,3125,9463,88,1,0,always_ready,0,1
1,stress_random,20006,3854,3854,r_3854,1,qualified_ref,1,0,none,4012159375,4012175088,15713,3125,9463,88,1,0,always_ready,0,1
1,stress_random,20006,3855,3855,r_3855,1,qualified_ref,1,0,none,4013184375,4013200088,15713,3125,9463,88,1,0,always_ready,0,1
1,stress_random,20006,3856,3856,r_3856,1,qualified_ref,1,0,none,4014209375,4014225088,15713,3125,9463,88,1,0,always_ready,0,1
1,stress_random,20006,3857,3857,r_3857,1,qualified_ref,1,0,none,4015234375,4015250088,15713,3125,9463,88,1,0,always_ready,0,1
1,stress_random,20006,3858,3858,r_3858,1,qualified_ref,1,0,none,4016259375,4016275088,15713,3125,9463,88,1,0,always_ready,0,1
1,stress_random,20006,3859,3859,r_3859,1,qualified_ref,1,0,none,4017284375,4017300088,15713,3125,9463,88,1,0,always_ready,0,1
1,stress_random,20006,3860,3860,r_3860,1,qualified_ref,1,0,none,4018309375,4018325088,15713,3125,9463,88,1,0,always_ready,0,1
1,stress_random,20006,3861,3861,r_3861,1,qualified_ref,1,0,none,4019334375,4019350088,15713,3125,9463,88,1,0,always_ready,0,1
1,stress_random,20006,3862,3862,r_3862,1,qualified_ref,1,0,none,4020359375,4020375088,15713,3125,9463,88,1,0,always_ready,0,1
1,stress_random,20006,3863,3863,r_3863,1,qualified_ref,1,0,none,4021384375,4021400088,15713,3125,9463,88,1,0,always_ready,0,1
1,stress_random,20006,3864,3864,r_3864,1,qualified_ref,1,0,none,4022409375,4022425088,15713,3125,9463,88,1,0,always_ready,0,1
1,stress_random,20006,3865,3865,r_3865,1,qualified_ref,1,0,none,4023434375,4023450088,15713,3125,9463,88,1,0,always_ready,0,1
1,stress_random,20006,3866,3866,r_3866,1,qualified_ref,1,0,none,4024459375,4024475088,15713,3125,9463,88,1,0,always_ready,0,1
1,stress_random,20006,3867,3867,r_3867,1,qualified_ref,1,0,none,4025484375,4025500088,15713,3125,9463,88,1,0,always_ready,0,1
1,stress_random,20006,3868,3868,r_3868,1,qualified_ref,1,0,none,4026509375,4026525088,15713,3125,9463,88,1,0,always_ready,0,1
1,stress_random,20006,3869,3869,r_3869,1,qualified_ref,1,0,none,4027534375,4027550088,15713,3125,9463,88,1,0,always_ready,0,1
1,stress_random,20006,3870,3870,r_3870,1,qualified_ref,1,0,none,4028559375,4028575088,15713,3125,9463,88,1,0,always_ready,0,1
1,stress_random,20006,3871,3871,r_3871,1,qualified_ref,1,0,none,4029584375,4029600088,15713,3125,9463,88,1,0,always_ready,0,1
1,stress_random,20006,3872,3872,r_3872,1,qualified_ref,1,0,none,4030609375,4030625088,15713,3125,9463,88,1,0,always_ready,0,1
1,stress_random,20006,3873,3873,r_3873,1,qualified_ref,1,0,none,4031634375,4031650088,15713,3125,9463,88,1,0,always_ready,0,1
1,stress_random,20006,3874,3874,r_3874,1,qualified_ref,1,0,none,4032659375,4032675088,15713,3125,9463,88,1,0,always_ready,0,1
1,stress_random,20006,3875,3875,r_3875,1,qualified_ref,1,0,none,4033684375,4033700088,15713,3125,9463,88,1,0,always_ready,0,1
1,stress_random,20006,3876,3876,r_3876,1,qualified_ref,1,0,none,4034709375,4034725088,15713,3125,9463,88,1,0,always_ready,0,1
1,stress_random,20006,3877,3877,r_3877,1,qualified_ref,1,0,none,4035734375,4035750088,15713,3125,9463,88,1,0,always_ready,0,1
1,stress_random,20006,3878,3878,r_3878,1,qualified_ref,1,0,none,4036759375,4036775088,15713,3125,9463,88,1,0,always_ready,0,1
1,stress_random,20006,3879,3879,r_3879,1,qualified_ref,1,0,none,4037784375,4037800088,15713,3125,9463,88,1,0,always_ready,0,1
1,stress_random,20006,3880,3880,r_3880,1,qualified_ref,1,0,none,4038809375,4038825088,15713,3125,9463,88,1,0,always_ready,0,1
1,stress_random,20006,3881,3881,r_3881,1,qualified_ref,1,0,none,4039834375,4039850088,15713,3125,9463,88,1,0,always_ready,0,1
1,stress_random,20006,3882,3882,r_3882,1,qualified_ref,1,0,none,4040859375,4040875088,15713,3125,9463,88,1,0,always_ready,0,1
1,stress_random,20006,3883,3883,r_3883,1,qualified_ref,1,0,none,4041884375,4041900088,15713,3125,9463,88,1,0,always_ready,0,1
1,stress_random,20006,3884,3884,r_3884,1,qualified_ref,1,0,none,4042909375,4042925088,15713,3125,9463,88,1,0,always_ready,0,1
1,stress_random,20006,3885,3885,r_3885,1,qualified_ref,1,0,none,4043934375,4043950088,15713,3125,9463,88,1,0,always_ready,0,1
1,stress_random,20006,3886,3886,r_3886,1,qualified_ref,1,0,none,4044959375,4044975088,15713,3125,9463,88,1,0,always_ready,0,1
1,stress_random,20006,3887,3887,r_3887,1,qualified_ref,1,0,none,4045984375,4046000088,15713,3125,9463,88,1,0,always_ready,0,1
1,stress_random,20006,3888,3888,r_3888,1,qualified_ref,1,0,none,4047009375,4047025088,15713,3125,9463,88,1,0,always_ready,0,1
1,stress_random,20006,3889,3889,r_3889,1,qualified_ref,1,0,none,4048034375,4048050088,15713,3125,9463,88,1,0,always_ready,0,1
1,stress_random,20006,3890,3890,r_3890,1,qualified_ref,1,0,none,4049059375,4049075088,15713,3125,9463,88,1,0,always_ready,0,1
1,stress_random,20006,3891,3891,r_3891,1,qualified_ref,1,0,none,4050084375,4050100088,15713,3125,9463,88,1,0,always_ready,0,1
1,stress_random,20006,3892,3892,r_3892,1,qualified_ref,1,0,none,4051109375,4051125088,15713,3125,9463,88,1,0,always_ready,0,1
1,stress_random,20006,3893,3893,r_3893,1,qualified_ref,1,0,none,4052134375,4052150088,15713,3125,9463,88,1,0,always_ready,0,1
1,stress_random,20006,3894,3894,r_3894,1,qualified_ref,1,0,none,4053159375,4053175088,15713,3125,9463,88,1,0,always_ready,0,1
1,stress_random,20006,3895,3895,r_3895,1,qualified_ref,1,0,none,4054184375,4054200088,15713,3125,9463,88,1,0,always_ready,0,1
1,stress_random,20006,3896,3896,r_3896,1,qualified_ref,1,0,none,4055209375,4055225088,15713,3125,9463,88,1,0,always_ready,0,1
1,stress_random,20006,3897,3897,r_3897,1,qualified_ref,1,0,none,4056234375,4056250088,15713,3125,9463,88,1,0,always_ready,0,1
1,stress_random,20006,3898,3898,r_3898,1,qualified_ref,1,0,none,4057259375,4057275088,15713,3125,9463,88,1,0,always_ready,0,1
1,stress_random,20006,3899,3899,r_3899,1,qualified_ref,1,0,none,4058284375,4058300088,15713,3125,9463,88,1,0,always_ready,0,1
1,stress_random,20006,3900,3900,r_3900,1,qualified_ref,1,0,none,4059309375,4059325088,15713,3125,9463,88,1,0,always_ready,0,1
1,stress_random,20006,3901,3901,r_3901,1,qualified_ref,1,0,none,4060334375,4060350088,15713,3125,9463,88,1,0,always_ready,0,1
1,stress_random,20006,3902,3902,r_3902,1,qualified_ref,1,0,none,4061359375,4061375088,15713,3125,9463,88,1,0,always_ready,0,1
1,stress_random,20006,3903,3903,r_3903,1,qualified_ref,1,0,none,4062384375,4062400088,15713,3125,9463,88,1,0,always_ready,0,1
1,stress_random,20006,3904,3904,r_3904,1,qualified_ref,1,0,none,4063409375,4063425088,15713,3125,9463,88,1,0,always_ready,0,1
1,stress_random,20006,3905,3905,r_3905,1,qualified_ref,1,0,none,4064434375,4064450088,15713,3125,9463,88,1,0,always_ready,0,1
1,stress_random,20006,3906,3906,r_3906,1,qualified_ref,1,0,none,4065459375,4065475088,15713,3125,9463,88,1,0,always_ready,0,1
1,stress_random,20006,3907,3907,r_3907,1,qualified_ref,1,0,none,4066484375,4066500088,15713,3125,9463,88,1,0,always_ready,0,1
1,stress_random,20006,3908,3908,r_3908,1,qualified_ref,1,0,none,4067509375,4067525088,15713,3125,9463,88,1,0,always_ready,0,1
1,stress_random,20006,3909,3909,r_3909,1,qualified_ref,1,0,none,4068534375,4068550088,15713,3125,9463,88,1,0,always_ready,0,1
1,stress_random,20006,3910,3910,r_3910,1,qualified_ref,1,0,none,4069559375,4069575088,15713,3125,9463,88,1,0,always_ready,0,1
1,stress_random,20006,3911,3911,r_3911,1,qualified_ref,1,0,none,4070584375,4070600088,15713,3125,9463,88,1,0,always_ready,0,1
1,stress_random,20006,3912,3912,r_3912,1,qualified_ref,1,0,none,4071609375,4071625088,15713,3125,9463,88,1,0,always_ready,0,1
1,stress_random,20006,3913,3913,r_3913,1,qualified_ref,1,0,none,4072634375,4072650088,15713,3125,9463,88,1,0,always_ready,0,1
1,stress_random,20006,3914,3914,r_3914,1,qualified_ref,1,0,none,4073659375,4073675088,15713,3125,9463,88,1,0,always_ready,0,1
1,stress_random,20006,3915,3915,r_3915,1,qualified_ref,1,0,none,4074684375,4074700088,15713,3125,9463,88,1,0,always_ready,0,1
1,stress_random,20006,3916,3916,r_3916,1,qualified_ref,1,0,none,4075709375,4075725088,15713,3125,9463,88,1,0,always_ready,0,1
1,stress_random,20006,3917,3917,r_3917,1,qualified_ref,1,0,none,4076734375,4076750088,15713,3125,9463,88,1,0,always_ready,0,1
1,stress_random,20006,3918,3918,r_3918,1,qualified_ref,1,0,none,4077759375,4077775088,15713,3125,9463,88,1,0,always_ready,0,1
1,stress_random,20006,3919,3919,r_3919,1,qualified_ref,1,0,none,4078784375,4078800088,15713,3125,9463,88,1,0,always_ready,0,1
1,stress_random,20006,3920,3920,r_3920,1,qualified_ref,1,0,none,4079809375,4079825088,15713,3125,9463,88,1,0,always_ready,0,1
1,stress_random,20006,3921,3921,r_3921,1,qualified_ref,1,0,none,4080834375,4080850088,15713,3125,9463,88,1,0,always_ready,0,1
1,stress_random,20006,3922,3922,r_3922,1,qualified_ref,1,0,none,4081859375,4081875088,15713,3125,9463,88,1,0,always_ready,0,1
1,stress_random,20006,3923,3923,r_3923,1,qualified_ref,1,0,none,4082884375,4082900088,15713,3125,9463,88,1,0,always_ready,0,1
1,stress_random,20006,3924,3924,r_3924,1,qualified_ref,1,0,none,4083909375,4083925088,15713,3125,9463,88,1,0,always_ready,0,1
1,stress_random,20006,3925,3925,r_3925,1,qualified_ref,1,0,none,4084934375,4084950088,15713,3125,9463,88,1,0,always_ready,0,1
1,stress_random,20006,3926,3926,r_3926,1,qualified_ref,1,0,none,4085959375,4085975088,15713,3125,9463,88,1,0,always_ready,0,1
1,stress_random,20006,3927,3927,r_3927,1,qualified_ref,1,0,none,4086984375,4087000088,15713,3125,9463,88,1,0,always_ready,0,1
1,stress_random,20006,3928,3928,r_3928,1,qualified_ref,1,0,none,4088009375,4088025088,15713,3125,9463,88,1,0,always_ready,0,1
1,stress_random,20006,3929,3929,r_3929,1,qualified_ref,1,0,none,4089034375,4089050088,15713,3125,9463,88,1,0,always_ready,0,1
1,stress_random,20006,3930,3930,r_3930,1,qualified_ref,1,0,none,4090059375,4090075088,15713,3125,9463,88,1,0,always_ready,0,1
1,stress_random,20006,3931,3931,r_3931,1,qualified_ref,1,0,none,4091084375,4091100088,15713,3125,9463,88,1,0,always_ready,0,1
1,stress_random,20006,3932,3932,r_3932,1,qualified_ref,1,0,none,4092109375,4092125088,15713,3125,9463,88,1,0,always_ready,0,1
1,stress_random,20006,3933,3933,r_3933,1,qualified_ref,1,0,none,4093134375,4093150088,15713,3125,9463,88,1,0,always_ready,0,1
1,stress_random,20006,3934,3934,r_3934,1,qualified_ref,1,0,none,4094159375,4094175088,15713,3125,9463,88,1,0,always_ready,0,1
1,stress_random,20006,3935,3935,r_3935,1,qualified_ref,1,0,none,4095184375,4095200088,15713,3125,9463,88,1,0,always_ready,0,1
1,stress_random,20006,3936,3936,r_3936,1,qualified_ref,1,0,none,4096209375,4096225088,15713,3125,9463,88,1,0,always_ready,0,1
1,stress_random,20006,3937,3937,r_3937,1,qualified_ref,1,0,none,4097234375,4097250088,15713,3125,9463,88,1,0,always_ready,0,1
1,stress_random,20006,3938,3938,r_3938,1,qualified_ref,1,0,none,4098259375,4098275088,15713,3125,9463,88,1,0,always_ready,0,1
1,stress_random,20006,3939,3939,r_3939,1,qualified_ref,1,0,none,4099284375,4099300088,15713,3125,9463,88,1,0,always_ready,0,1
1,stress_random,20006,3940,3940,r_3940,1,qualified_ref,1,0,none,4100309375,4100325088,15713,3125,9463,88,1,0,always_ready,0,1
1,stress_random,20006,3941,3941,r_3941,1,qualified_ref,1,0,none,4101334375,4101350088,15713,3125,9463,88,1,0,always_ready,0,1
1,stress_random,20006,3942,3942,r_3942,1,qualified_ref,1,0,none,4102359375,4102375088,15713,3125,9463,88,1,0,always_ready,0,1
1,stress_random,20006,3943,3943,r_3943,1,qualified_ref,1,0,none,4103384375,4103400088,15713,3125,9463,88,1,0,always_ready,0,1
1,stress_random,20006,3944,3944,r_3944,1,qualified_ref,1,0,none,4104409375,4104425088,15713,3125,9463,88,1,0,always_ready,0,1
1,stress_random,20006,3945,3945,r_3945,1,qualified_ref,1,0,none,4105434375,4105450088,15713,3125,9463,88,1,0,always_ready,0,1
1,stress_random,20006,3946,3946,r_3946,1,qualified_ref,1,0,none,4106459375,4106475088,15713,3125,9463,88,1,0,always_ready,0,1
1,stress_random,20006,3947,3947,r_3947,1,qualified_ref,1,0,none,4107484375,4107500088,15713,3125,9463,88,1,0,always_ready,0,1
1,stress_random,20006,3948,3948,r_3948,1,qualified_ref,1,0,none,4108509375,4108525088,15713,3125,9463,88,1,0,always_ready,0,1
1,stress_random,20006,3949,3949,r_3949,1,qualified_ref,1,0,none,4109534375,4109550088,15713,3125,9463,88,1,0,always_ready,0,1
1,stress_random,20006,3950,3950,r_3950,1,qualified_ref,1,0,none,4110559375,4110575088,15713,3125,9463,88,1,0,always_ready,0,1
1,stress_random,20006,3951,3951,r_3951,1,qualified_ref,1,0,none,4111584375,4111600088,15713,3125,9463,88,1,0,always_ready,0,1
1,stress_random,20006,3952,3952,r_3952,1,qualified_ref,1,0,none,4112609375,4112625088,15713,3125,9463,88,1,0,always_ready,0,1
1,stress_random,20006,3953,3953,r_3953,1,qualified_ref,1,0,none,4113634375,4113650088,15713,3125,9463,88,1,0,always_ready,0,1
1,stress_random,20006,3954,3954,r_3954,1,qualified_ref,1,0,none,4114659375,4114675088,15713,3125,9463,88,1,0,always_ready,0,1
1,stress_random,20006,3955,3955,r_3955,1,qualified_ref,1,0,none,4115684375,4115700088,15713,3125,9463,88,1,0,always_ready,0,1
1,stress_random,20006,3956,3956,r_3956,1,qualified_ref,1,0,none,4116709375,4116725088,15713,3125,9463,88,1,0,always_ready,0,1
1,stress_random,20006,3957,3957,r_3957,1,qualified_ref,1,0,none,4117734375,4117750088,15713,3125,9463,88,1,0,always_ready,0,1
1,stress_random,20006,3958,3958,r_3958,1,qualified_ref,1,0,none,4118759375,4118775088,15713,3125,9463,88,1,0,always_ready,0,1
1,stress_random,20006,3959,3959,r_3959,1,qualified_ref,1,0,none,4119784375,4119800088,15713,3125,9463,88,1,0,always_ready,0,1
1,stress_random,20006,3960,3960,r_3960,1,qualified_ref,1,0,none,4120809375,4120825088,15713,3125,9463,88,1,0,always_ready,0,1
1,stress_random,20006,3961,3961,r_3961,1,qualified_ref,1,0,none,4121834375,4121850088,15713,3125,9463,88,1,0,always_ready,0,1
1,stress_random,20006,3962,3962,r_3962,1,qualified_ref,1,0,none,4122859375,4122875088,15713,3125,9463,88,1,0,always_ready,0,1
1,stress_random,20006,3963,3963,r_3963,1,qualified_ref,1,0,none,4123884375,4123900088,15713,3125,9463,88,1,0,always_ready,0,1
1,stress_random,20006,3964,3964,r_3964,1,qualified_ref,1,0,none,4124909375,4124925088,15713,3125,9463,88,1,0,always_ready,0,1
1,stress_random,20006,3965,3965,r_3965,1,qualified_ref,1,0,none,4125934375,4125950088,15713,3125,9463,88,1,0,always_ready,0,1
1,stress_random,20006,3966,3966,r_3966,1,qualified_ref,1,0,none,4126959375,4126975088,15713,3125,9463,88,1,0,always_ready,0,1
1,stress_random,20006,3967,3967,r_3967,1,qualified_ref,1,0,none,4127984375,4128000088,15713,3125,9463,88,1,0,always_ready,0,1
1,stress_random,20006,3968,3968,r_3968,1,qualified_ref,1,0,none,4129009375,4129025088,15713,3125,9463,88,1,0,always_ready,0,1
1,stress_random,20006,3969,3969,r_3969,1,qualified_ref,1,0,none,4130034375,4130050088,15713,3125,9463,88,1,0,always_ready,0,1
1,stress_random,20006,3970,3970,r_3970,1,qualified_ref,1,0,none,4131059375,4131075088,15713,3125,9463,88,1,0,always_ready,0,1
1,stress_random,20006,3971,3971,r_3971,1,qualified_ref,1,0,none,4132084375,4132100088,15713,3125,9463,88,1,0,always_ready,0,1
1,stress_random,20006,3972,3972,r_3972,1,qualified_ref,1,0,none,4133109375,4133125088,15713,3125,9463,88,1,0,always_ready,0,1
1,stress_random,20006,3973,3973,r_3973,1,qualified_ref,1,0,none,4134134375,4134150088,15713,3125,9463,88,1,0,always_ready,0,1
1,stress_random,20006,3974,3974,r_3974,1,qualified_ref,1,0,none,4135159375,4135175088,15713,3125,9463,88,1,0,always_ready,0,1
1,stress_random,20006,3975,3975,r_3975,1,qualified_ref,1,0,none,4136184375,4136200088,15713,3125,9463,88,1,0,always_ready,0,1
1,stress_random,20006,3976,3976,r_3976,1,qualified_ref,1,0,none,4137209375,4137225088,15713,3125,9463,88,1,0,always_ready,0,1
1,stress_random,20006,3977,3977,r_3977,1,qualified_ref,1,0,none,4138234375,4138250088,15713,3125,9463,88,1,0,always_ready,0,1
1,stress_random,20006,3978,3978,r_3978,1,qualified_ref,1,0,none,4139259375,4139275088,15713,3125,9463,88,1,0,always_ready,0,1
1,stress_random,20006,3979,3979,r_3979,1,qualified_ref,1,0,none,4140284375,4140300088,15713,3125,9463,88,1,0,always_ready,0,1
1,stress_random,20006,3980,3980,r_3980,1,qualified_ref,1,0,none,4141309375,4141325088,15713,3125,9463,88,1,0,always_ready,0,1
1,stress_random,20006,3981,3981,r_3981,1,qualified_ref,1,0,none,4142334375,4142350088,15713,3125,9463,88,1,0,always_ready,0,1
1,stress_random,20006,3982,3982,r_3982,1,qualified_ref,1,0,none,4143359375,4143375088,15713,3125,9463,88,1,0,always_ready,0,1
1,stress_random,20006,3983,3983,r_3983,1,qualified_ref,1,0,none,4144384375,4144400088,15713,3125,9463,88,1,0,always_ready,0,1
1,stress_random,20006,3984,3984,r_3984,1,qualified_ref,1,0,none,4145409375,4145425088,15713,3125,9463,88,1,0,always_ready,0,1
1,stress_random,20006,3985,3985,r_3985,1,qualified_ref,1,0,none,4146434375,4146450088,15713,3125,9463,88,1,0,always_ready,0,1
1,stress_random,20006,3986,3986,r_3986,1,qualified_ref,1,0,none,4147459375,4147475088,15713,3125,9463,88,1,0,always_ready,0,1
1,stress_random,20006,3987,3987,r_3987,1,qualified_ref,1,0,none,4148484375,4148500088,15713,3125,9463,88,1,0,always_ready,0,1
1,stress_random,20006,3988,3988,r_3988,1,qualified_ref,1,0,none,4149509375,4149525088,15713,3125,9463,88,1,0,always_ready,0,1
1,stress_random,20006,3989,3989,r_3989,1,qualified_ref,1,0,none,4150534375,4150550088,15713,3125,9463,88,1,0,always_ready,0,1
1,stress_random,20006,3990,3990,r_3990,1,qualified_ref,1,0,none,4151559375,4151575088,15713,3125,9463,88,1,0,always_ready,0,1
1,stress_random,20006,3991,3991,r_3991,1,qualified_ref,1,0,none,4152584375,4152600088,15713,3125,9463,88,1,0,always_ready,0,1
1,stress_random,20006,3992,3992,r_3992,1,qualified_ref,1,0,none,4153609375,4153625088,15713,3125,9463,88,1,0,always_ready,0,1
1,stress_random,20006,3993,3993,r_3993,1,qualified_ref,1,0,none,4154634375,4154650088,15713,3125,9463,88,1,0,always_ready,0,1
1,stress_random,20006,3994,3994,r_3994,1,qualified_ref,1,0,none,4155659375,4155675088,15713,3125,9463,88,1,0,always_ready,0,1
1,stress_random,20006,3995,3995,r_3995,1,qualified_ref,1,0,none,4156684375,4156700088,15713,3125,9463,88,1,0,always_ready,0,1
1,stress_random,20006,3996,3996,r_3996,1,qualified_ref,1,0,none,4157709375,4157725088,15713,3125,9463,88,1,0,always_ready,0,1
1,stress_random,20006,3997,3997,r_3997,1,qualified_ref,1,0,none,4158734375,4158750088,15713,3125,9463,88,1,0,always_ready,0,1
1,stress_random,20006,3998,3998,r_3998,1,qualified_ref,1,0,none,4159759375,4159775088,15713,3125,9463,88,1,0,always_ready,0,1
1,stress_random,20006,3999,3999,r_3999,1,qualified_ref,1,0,none,4160784375,4160800088,15713,3125,9463,88,1,0,always_ready,0,1
1,stress_random,20006,4000,4000,r_4000,1,qualified_ref,1,0,none,4165909375,4165925088,15713,3125,9463,88,1,0,random_50,0,1
1,stress_random,20006,4001,4001,r_4001,1,qualified_ref,1,0,none,4166934375,4166950088,15713,3125,9463,88,1,0,random_50,0,1
1,stress_random,20006,4002,4002,r_4002,1,qualified_ref,1,0,none,4167959375,4167975088,15713,3125,9463,88,1,0,random_50,0,1
1,stress_random,20006,4003,4003,r_4003,1,qualified_ref,1,0,none,4168984375,4169000088,15713,3125,9463,88,1,0,random_50,0,1
1,stress_random,20006,4004,4004,r_4004,1,qualified_ref,1,0,none,4170009375,4170025088,15713,3125,9463,88,1,0,random_50,0,1
1,stress_random,20006,4005,4005,r_4005,1,qualified_ref,1,0,none,4171034375,4171050088,15713,3125,9463,88,1,0,random_50,0,1
1,stress_random,20006,4006,4006,r_4006,1,qualified_ref,1,0,none,4172059375,4172075088,15713,3125,9463,88,1,0,random_50,0,1
1,stress_random,20006,4007,4007,r_4007,1,qualified_ref,1,0,none,4173084375,4173100088,15713,3125,9463,88,1,0,random_50,0,1
1,stress_random,20006,4008,4008,r_4008,1,qualified_ref,1,0,none,4174109375,4174125088,15713,3125,9463,88,1,0,random_50,0,1
1,stress_random,20006,4009,4009,r_4009,1,qualified_ref,1,0,none,4175134375,4175150088,15713,3125,9463,88,1,0,random_50,0,1
1,stress_random,20006,4010,4010,r_4010,1,qualified_ref,1,0,none,4176159375,4176175088,15713,3125,9463,88,1,0,random_50,0,1
1,stress_random,20006,4011,4011,r_4011,1,qualified_ref,1,0,none,4177184375,4177200088,15713,3125,9463,88,1,0,random_50,0,1
1,stress_random,20006,4012,4012,r_4012,1,qualified_ref,1,0,none,4178209375,4178225088,15713,3125,9463,88,1,0,random_50,0,1
1,stress_random,20006,4013,4013,r_4013,1,qualified_ref,1,0,none,4179234375,4179250088,15713,3125,9463,88,1,0,random_50,0,1
1,stress_random,20006,4014,4014,r_4014,1,qualified_ref,1,0,none,4180259375,4180275088,15713,3125,9463,88,1,0,random_50,0,1
1,stress_random,20006,4015,4015,r_4015,1,qualified_ref,1,0,none,4181284375,4181300088,15713,3125,9463,88,1,0,random_50,0,1
1,stress_random,20006,4016,4016,r_4016,1,qualified_ref,1,0,none,4182309375,4182325088,15713,3125,9463,88,1,0,random_50,0,1
1,stress_random,20006,4017,4017,r_4017,1,qualified_ref,1,0,none,4183334375,4183350088,15713,3125,9463,88,1,0,random_50,0,1
1,stress_random,20006,4018,4018,r_4018,1,qualified_ref,1,0,none,4184359375,4184375088,15713,3125,9463,88,1,0,random_50,0,1
1,stress_random,20006,4019,4019,r_4019,1,qualified_ref,1,0,none,4185384375,4185400088,15713,3125,9463,88,1,0,random_50,0,1
1,stress_random,20006,4020,4020,r_4020,1,qualified_ref,1,0,none,4186409375,4186425088,15713,3125,9463,88,1,0,random_50,0,1
1,stress_random,20006,4021,4021,r_4021,1,qualified_ref,1,0,none,4187434375,4187450088,15713,3125,9463,88,1,0,random_50,0,1
1,stress_random,20006,4022,4022,r_4022,1,qualified_ref,1,0,none,4188459375,4188475088,15713,3125,9463,88,1,0,random_50,0,1
1,stress_random,20006,4023,4023,r_4023,1,qualified_ref,1,0,none,4189484375,4189500088,15713,3125,9463,88,1,0,random_50,0,1
1,stress_random,20006,4024,4024,r_4024,1,qualified_ref,1,0,none,4190509375,4190525088,15713,3125,9463,88,1,0,random_50,0,1
1,stress_random,20006,4025,4025,r_4025,1,qualified_ref,1,0,none,4191534375,4191550088,15713,3125,9463,88,1,0,random_50,0,1
1,stress_random,20006,4026,4026,r_4026,1,qualified_ref,1,0,none,4192559375,4192575088,15713,3125,9463,88,1,0,random_50,0,1
1,stress_random,20006,4027,4027,r_4027,1,qualified_ref,1,0,none,4193584375,4193600088,15713,3125,9463,88,1,0,random_50,0,1
1,stress_random,20006,4028,4028,r_4028,1,qualified_ref,1,0,none,4194609375,4194625088,15713,3125,9463,88,1,0,random_50,0,1
1,stress_random,20006,4029,4029,r_4029,1,qualified_ref,1,0,none,4195634375,4195650088,15713,3125,9463,88,1,0,random_50,0,1
1,stress_random,20006,4030,4030,r_4030,1,qualified_ref,1,0,none,4196659375,4196675088,15713,3125,9463,88,1,0,random_50,0,1
1,stress_random,20006,4031,4031,r_4031,1,qualified_ref,1,0,none,4197684375,4197700088,15713,3125,9463,88,1,0,random_50,0,1
1,stress_random,20006,4032,4032,r_4032,1,qualified_ref,1,0,none,4198709375,4198725088,15713,3125,9463,88,1,0,random_50,0,1
1,stress_random,20006,4033,4033,r_4033,1,qualified_ref,1,0,none,4199734375,4199750088,15713,3125,9463,88,1,0,random_50,0,1
1,stress_random,20006,4034,4034,r_4034,1,qualified_ref,1,0,none,4200759375,4200775088,15713,3125,9463,88,1,0,random_50,0,1
1,stress_random,20006,4035,4035,r_4035,1,qualified_ref,1,0,none,4201784375,4201800088,15713,3125,9463,88,1,0,random_50,0,1
1,stress_random,20006,4036,4036,r_4036,1,qualified_ref,1,0,none,4202809375,4202825088,15713,3125,9463,88,1,0,random_50,0,1
1,stress_random,20006,4037,4037,r_4037,1,qualified_ref,1,0,none,4203834375,4203850088,15713,3125,9463,88,1,0,random_50,0,1
1,stress_random,20006,4038,4038,r_4038,1,qualified_ref,1,0,none,4204859375,4204875088,15713,3125,9463,88,1,0,random_50,0,1
1,stress_random,20006,4039,4039,r_4039,1,qualified_ref,1,0,none,4205884375,4205900088,15713,3125,9463,88,1,0,random_50,0,1
1,stress_random,20006,4040,4040,r_4040,1,qualified_ref,1,0,none,4206909375,4206925088,15713,3125,9463,88,1,0,random_50,0,1
1,stress_random,20006,4041,4041,r_4041,1,qualified_ref,1,0,none,4207934375,4207950088,15713,3125,9463,88,1,0,random_50,0,1
1,stress_random,20006,4042,4042,r_4042,1,qualified_ref,1,0,none,4208959375,4208975088,15713,3125,9463,88,1,0,random_50,0,1
1,stress_random,20006,4043,4043,r_4043,1,qualified_ref,1,0,none,4209984375,4210000088,15713,3125,9463,88,1,0,random_50,0,1
1,stress_random,20006,4044,4044,r_4044,1,qualified_ref,1,0,none,4211009375,4211025088,15713,3125,9463,88,1,0,random_50,0,1
1,stress_random,20006,4045,4045,r_4045,1,qualified_ref,1,0,none,4212034375,4212050088,15713,3125,9463,88,1,0,random_50,0,1
1,stress_random,20006,4046,4046,r_4046,1,qualified_ref,1,0,none,4213059375,4213075088,15713,3125,9463,88,1,0,random_50,0,1
1,stress_random,20006,4047,4047,r_4047,1,qualified_ref,1,0,none,4214084375,4214100088,15713,3125,9463,88,1,0,random_50,0,1
1,stress_random,20006,4048,4048,r_4048,1,qualified_ref,1,0,none,4215109375,4215125088,15713,3125,9463,88,1,0,random_50,0,1
1,stress_random,20006,4049,4049,r_4049,1,qualified_ref,1,0,none,4216134375,4216150088,15713,3125,9463,88,1,0,random_50,0,1
1,stress_random,20006,4050,4050,r_4050,1,qualified_ref,1,0,none,4217159375,4217175088,15713,3125,9463,88,1,0,random_50,0,1
1,stress_random,20006,4051,4051,r_4051,1,qualified_ref,1,0,none,4218184375,4218200088,15713,3125,9463,88,1,0,random_50,0,1
1,stress_random,20006,4052,4052,r_4052,1,qualified_ref,1,0,none,4219209375,4219225088,15713,3125,9463,88,1,0,random_50,0,1
1,stress_random,20006,4053,4053,r_4053,1,qualified_ref,1,0,none,4220234375,4220250088,15713,3125,9463,88,1,0,random_50,0,1
1,stress_random,20006,4054,4054,r_4054,1,qualified_ref,1,0,none,4221259375,4221275088,15713,3125,9463,88,1,0,random_50,0,1
1,stress_random,20006,4055,4055,r_4055,1,qualified_ref,1,0,none,4222284375,4222300088,15713,3125,9463,88,1,0,random_50,0,1
1,stress_random,20006,4056,4056,r_4056,1,qualified_ref,1,0,none,4223309375,4223325088,15713,3125,9463,88,1,0,random_50,0,1
1,stress_random,20006,4057,4057,r_4057,1,qualified_ref,1,0,none,4224334375,4224350088,15713,3125,9463,88,1,0,random_50,0,1
1,stress_random,20006,4058,4058,r_4058,1,qualified_ref,1,0,none,4225359375,4225375088,15713,3125,9463,88,1,0,random_50,0,1
1,stress_random,20006,4059,4059,r_4059,1,qualified_ref,1,0,none,4226384375,4226400088,15713,3125,9463,88,1,0,random_50,0,1
1,stress_random,20006,4060,4060,r_4060,1,qualified_ref,1,0,none,4227409375,4227425088,15713,3125,9463,88,1,0,random_50,0,1
1,stress_random,20006,4061,4061,r_4061,1,qualified_ref,1,0,none,4228434375,4228450088,15713,3125,9463,88,1,0,random_50,0,1
1,stress_random,20006,4062,4062,r_4062,1,qualified_ref,1,0,none,4229459375,4229475088,15713,3125,9463,88,1,0,random_50,0,1
1,stress_random,20006,4063,4063,r_4063,1,qualified_ref,1,0,none,4230484375,4230500088,15713,3125,9463,88,1,0,random_50,0,1
1,stress_random,20006,4064,4064,r_4064,1,qualified_ref,1,0,none,4231509375,4231525088,15713,3125,9463,88,1,0,random_50,0,1
1,stress_random,20006,4065,4065,r_4065,1,qualified_ref,1,0,none,4232534375,4232550088,15713,3125,9463,88,1,0,random_50,0,1
1,stress_random,20006,4066,4066,r_4066,1,qualified_ref,1,0,none,4233559375,4233575088,15713,3125,9463,88,1,0,random_50,0,1
1,stress_random,20006,4067,4067,r_4067,1,qualified_ref,1,0,none,4234584375,4234600088,15713,3125,9463,88,1,0,random_50,0,1
1,stress_random,20006,4068,4068,r_4068,1,qualified_ref,1,0,none,4235609375,4235625088,15713,3125,9463,88,1,0,random_50,0,1
1,stress_random,20006,4069,4069,r_4069,1,qualified_ref,1,0,none,4236634375,4236650088,15713,3125,9463,88,1,0,random_50,0,1
1,stress_random,20006,4070,4070,r_4070,1,qualified_ref,1,0,none,4237659375,4237675088,15713,3125,9463,88,1,0,random_50,0,1
1,stress_random,20006,4071,4071,r_4071,1,qualified_ref,1,0,none,4238684375,4238700088,15713,3125,9463,88,1,0,random_50,0,1
1,stress_random,20006,4072,4072,r_4072,1,qualified_ref,1,0,none,4239709375,4239725088,15713,3125,9463,88,1,0,random_50,0,1
1,stress_random,20006,4073,4073,r_4073,1,qualified_ref,1,0,none,4240734375,4240750088,15713,3125,9463,88,1,0,random_50,0,1
1,stress_random,20006,4074,4074,r_4074,1,qualified_ref,1,0,none,4241759375,4241775088,15713,3125,9463,88,1,0,random_50,0,1
1,stress_random,20006,4075,4075,r_4075,1,qualified_ref,1,0,none,4242784375,4242800088,15713,3125,9463,88,1,0,random_50,0,1
1,stress_random,20006,4076,4076,r_4076,1,qualified_ref,1,0,none,4243809375,4243825088,15713,3125,9463,88,1,0,random_50,0,1
1,stress_random,20006,4077,4077,r_4077,1,qualified_ref,1,0,none,4244834375,4244850088,15713,3125,9463,88,1,0,random_50,0,1
1,stress_random,20006,4078,4078,r_4078,1,qualified_ref,1,0,none,4245859375,4245875088,15713,3125,9463,88,1,0,random_50,0,1
1,stress_random,20006,4079,4079,r_4079,1,qualified_ref,1,0,none,4246884375,4246900088,15713,3125,9463,88,1,0,random_50,0,1
1,stress_random,20006,4080,4080,r_4080,1,qualified_ref,1,0,none,4247909375,4247925088,15713,3125,9463,88,1,0,random_50,0,1
1,stress_random,20006,4081,4081,r_4081,1,qualified_ref,1,0,none,4248934375,4248950088,15713,3125,9463,88,1,0,random_50,0,1
1,stress_random,20006,4082,4082,r_4082,1,qualified_ref,1,0,none,4249959375,4249975088,15713,3125,9463,88,1,0,random_50,0,1
1,stress_random,20006,4083,4083,r_4083,1,qualified_ref,1,0,none,4250984375,4251000088,15713,3125,9463,88,1,0,random_50,0,1
1,stress_random,20006,4084,4084,r_4084,1,qualified_ref,1,0,none,4252009375,4252025088,15713,3125,9463,88,1,0,random_50,0,1
1,stress_random,20006,4085,4085,r_4085,1,qualified_ref,1,0,none,4253034375,4253050088,15713,3125,9463,88,1,0,random_50,0,1
1,stress_random,20006,4086,4086,r_4086,1,qualified_ref,1,0,none,4254059375,4254075088,15713,3125,9463,88,1,0,random_50,0,1
1,stress_random,20006,4087,4087,r_4087,1,qualified_ref,1,0,none,4255084375,4255100088,15713,3125,9463,88,1,0,random_50,0,1
1,stress_random,20006,4088,4088,r_4088,1,qualified_ref,1,0,none,4256109375,4256125088,15713,3125,9463,88,1,0,random_50,0,1
1,stress_random,20006,4089,4089,r_4089,1,qualified_ref,1,0,none,4257134375,4257150088,15713,3125,9463,88,1,0,random_50,0,1
1,stress_random,20006,4090,4090,r_4090,1,qualified_ref,1,0,none,4258159375,4258175088,15713,3125,9463,88,1,0,random_50,0,1
1,stress_random,20006,4091,4091,r_4091,1,qualified_ref,1,0,none,4259184375,4259200088,15713,3125,9463,88,1,0,random_50,0,1
1,stress_random,20006,4092,4092,r_4092,1,qualified_ref,1,0,none,4260209375,4260225088,15713,3125,9463,88,1,0,random_50,0,1
1,stress_random,20006,4093,4093,r_4093,1,qualified_ref,1,0,none,4261234375,4261250088,15713,3125,9463,88,1,0,random_50,0,1
1,stress_random,20006,4094,4094,r_4094,1,qualified_ref,1,0,none,4262259375,4262275088,15713,3125,9463,88,1,0,random_50,0,1
1,stress_random,20006,4095,4095,r_4095,1,qualified_ref,1,0,none,4263284375,4263300088,15713,3125,9463,88,1,0,random_50,0,1
1,stress_random,20006,4096,4096,r_4096,1,qualified_ref,1,0,none,4264309375,4264325088,15713,3125,9463,88,1,0,random_50,0,1
1,stress_random,20006,4097,4097,r_4097,1,qualified_ref,1,0,none,4265334375,4265350088,15713,3125,9463,88,1,0,random_50,0,1
1,stress_random,20006,4098,4098,r_4098,1,qualified_ref,1,0,none,4266359375,4266375088,15713,3125,9463,88,1,0,random_50,0,1
1,stress_random,20006,4099,4099,r_4099,1,qualified_ref,1,0,none,4267384375,4267400088,15713,3125,9463,88,1,0,random_50,0,1
1,stress_random,20006,4100,4100,r_4100,1,qualified_ref,1,0,none,4268409375,4268425088,15713,3125,9463,88,1,0,random_50,0,1
1,stress_random,20006,4101,4101,r_4101,1,qualified_ref,1,0,none,4269434375,4269450088,15713,3125,9463,88,1,0,random_50,0,1
1,stress_random,20006,4102,4102,r_4102,1,qualified_ref,1,0,none,4270459375,4270475088,15713,3125,9463,88,1,0,random_50,0,1
1,stress_random,20006,4103,4103,r_4103,1,qualified_ref,1,0,none,4271484375,4271500088,15713,3125,9463,88,1,0,random_50,0,1
1,stress_random,20006,4104,4104,r_4104,1,qualified_ref,1,0,none,4272509375,4272525088,15713,3125,9463,88,1,0,random_50,0,1
1,stress_random,20006,4105,4105,r_4105,1,qualified_ref,1,0,none,4273534375,4273550088,15713,3125,9463,88,1,0,random_50,0,1
1,stress_random,20006,4106,4106,r_4106,1,qualified_ref,1,0,none,4274559375,4274575088,15713,3125,9463,88,1,0,random_50,0,1
1,stress_random,20006,4107,4107,r_4107,1,qualified_ref,1,0,none,4275584375,4275600088,15713,3125,9463,88,1,0,random_50,0,1
1,stress_random,20006,4108,4108,r_4108,1,qualified_ref,1,0,none,4276609375,4276625088,15713,3125,9463,88,1,0,random_50,0,1
1,stress_random,20006,4109,4109,r_4109,1,qualified_ref,1,0,none,4277634375,4277650088,15713,3125,9463,88,1,0,random_50,0,1
1,stress_random,20006,4110,4110,r_4110,1,qualified_ref,1,0,none,4278659375,4278675088,15713,3125,9463,88,1,0,random_50,0,1
1,stress_random,20006,4111,4111,r_4111,1,qualified_ref,1,0,none,4279684375,4279700088,15713,3125,9463,88,1,0,random_50,0,1
1,stress_random,20006,4112,4112,r_4112,1,qualified_ref,1,0,none,4280709375,4280725088,15713,3125,9463,88,1,0,random_50,0,1
1,stress_random,20006,4113,4113,r_4113,1,qualified_ref,1,0,none,4281734375,4281750088,15713,3125,9463,88,1,0,random_50,0,1
1,stress_random,20006,4114,4114,r_4114,1,qualified_ref,1,0,none,4282759375,4282775088,15713,3125,9463,88,1,0,random_50,0,1
1,stress_random,20006,4115,4115,r_4115,1,qualified_ref,1,0,none,4283784375,4283800088,15713,3125,9463,88,1,0,random_50,0,1
1,stress_random,20006,4116,4116,r_4116,1,qualified_ref,1,0,none,4284809375,4284825088,15713,3125,9463,88,1,0,random_50,0,1
1,stress_random,20006,4117,4117,r_4117,1,qualified_ref,1,0,none,4285834375,4285850088,15713,3125,9463,88,1,0,random_50,0,1
1,stress_random,20006,4118,4118,r_4118,1,qualified_ref,1,0,none,4286859375,4286875088,15713,3125,9463,88,1,0,random_50,0,1
1,stress_random,20006,4119,4119,r_4119,1,qualified_ref,1,0,none,4287884375,4287900088,15713,3125,9463,88,1,0,random_50,0,1
1,stress_random,20006,4120,4120,r_4120,1,qualified_ref,1,0,none,4288909375,4288925088,15713,3125,9463,88,1,0,random_50,0,1
1,stress_random,20006,4121,4121,r_4121,1,qualified_ref,1,0,none,4289934375,4289950088,15713,3125,9463,88,1,0,random_50,0,1
1,stress_random,20006,4122,4122,r_4122,1,qualified_ref,1,0,none,4290959375,4290975088,15713,3125,9463,88,1,0,random_50,0,1
1,stress_random,20006,4123,4123,r_4123,1,qualified_ref,1,0,none,4291984375,4292000088,15713,3125,9463,88,1,0,random_50,0,1
1,stress_random,20006,4124,4124,r_4124,1,qualified_ref,1,0,none,4293009375,4293025088,15713,3125,9463,88,1,0,random_50,0,1
1,stress_random,20006,4125,4125,r_4125,1,qualified_ref,1,0,none,4294034375,4294050088,15713,3125,9463,88,1,0,random_50,0,1
1,stress_random,20006,4126,4126,r_4126,1,qualified_ref,1,0,none,4295059375,4295075088,15713,3125,9463,88,1,0,random_50,0,1
1,stress_random,20006,4127,4127,r_4127,1,qualified_ref,1,0,none,4296084375,4296100088,15713,3125,9463,88,1,0,random_50,0,1
1,stress_random,20006,4128,4128,r_4128,1,qualified_ref,1,0,none,4297109375,4297125088,15713,3125,9463,88,1,0,random_50,0,1
1,stress_random,20006,4129,4129,r_4129,1,qualified_ref,1,0,none,4298134375,4298150088,15713,3125,9463,88,1,0,random_50,0,1
1,stress_random,20006,4130,4130,r_4130,1,qualified_ref,1,0,none,4299159375,4299175088,15713,3125,9463,88,1,0,random_50,0,1
1,stress_random,20006,4131,4131,r_4131,1,qualified_ref,1,0,none,4300184375,4300200088,15713,3125,9463,88,1,0,random_50,0,1
1,stress_random,20006,4132,4132,r_4132,1,qualified_ref,1,0,none,4301209375,4301225088,15713,3125,9463,88,1,0,random_50,0,1
1,stress_random,20006,4133,4133,r_4133,1,qualified_ref,1,0,none,4302234375,4302250088,15713,3125,9463,88,1,0,random_50,0,1
1,stress_random,20006,4134,4134,r_4134,1,qualified_ref,1,0,none,4303259375,4303275088,15713,3125,9463,88,1,0,random_50,0,1
1,stress_random,20006,4135,4135,r_4135,1,qualified_ref,1,0,none,4304284375,4304300088,15713,3125,9463,88,1,0,random_50,0,1
1,stress_random,20006,4136,4136,r_4136,1,qualified_ref,1,0,none,4305309375,4305325088,15713,3125,9463,88,1,0,random_50,0,1
1,stress_random,20006,4137,4137,r_4137,1,qualified_ref,1,0,none,4306334375,4306350088,15713,3125,9463,88,1,0,random_50,0,1
1,stress_random,20006,4138,4138,r_4138,1,qualified_ref,1,0,none,4307359375,4307375088,15713,3125,9463,88,1,0,random_50,0,1
1,stress_random,20006,4139,4139,r_4139,1,qualified_ref,1,0,none,4308384375,4308400088,15713,3125,9463,88,1,0,random_50,0,1
1,stress_random,20006,4140,4140,r_4140,1,qualified_ref,1,0,none,4309409375,4309425088,15713,3125,9463,88,1,0,random_50,0,1
1,stress_random,20006,4141,4141,r_4141,1,qualified_ref,1,0,none,4310434375,4310450088,15713,3125,9463,88,1,0,random_50,0,1
1,stress_random,20006,4142,4142,r_4142,1,qualified_ref,1,0,none,4311459375,4311475088,15713,3125,9463,88,1,0,random_50,0,1
1,stress_random,20006,4143,4143,r_4143,1,qualified_ref,1,0,none,4312484375,4312500088,15713,3125,9463,88,1,0,random_50,0,1
1,stress_random,20006,4144,4144,r_4144,1,qualified_ref,1,0,none,4313509375,4313525088,15713,3125,9463,88,1,0,random_50,0,1
1,stress_random,20006,4145,4145,r_4145,1,qualified_ref,1,0,none,4314534375,4314550088,15713,3125,9463,88,1,0,random_50,0,1
1,stress_random,20006,4146,4146,r_4146,1,qualified_ref,1,0,none,4315559375,4315575088,15713,3125,9463,88,1,0,random_50,0,1
1,stress_random,20006,4147,4147,r_4147,1,qualified_ref,1,0,none,4316584375,4316600088,15713,3125,9463,88,1,0,random_50,0,1
1,stress_random,20006,4148,4148,r_4148,1,qualified_ref,1,0,none,4317609375,4317625088,15713,3125,9463,88,1,0,random_50,0,1
1,stress_random,20006,4149,4149,r_4149,1,qualified_ref,1,0,none,4318634375,4318650088,15713,3125,9463,88,1,0,random_50,0,1
1,stress_random,20006,4150,4150,r_4150,1,qualified_ref,1,0,none,4319659375,4319675088,15713,3125,9463,88,1,0,random_50,0,1
1,stress_random,20006,4151,4151,r_4151,1,qualified_ref,1,0,none,4320684375,4320700088,15713,3125,9463,88,1,0,random_50,0,1
1,stress_random,20006,4152,4152,r_4152,1,qualified_ref,1,0,none,4321709375,4321725088,15713,3125,9463,88,1,0,random_50,0,1
1,stress_random,20006,4153,4153,r_4153,1,qualified_ref,1,0,none,4322734375,4322750088,15713,3125,9463,88,1,0,random_50,0,1
1,stress_random,20006,4154,4154,r_4154,1,qualified_ref,1,0,none,4323759375,4323775088,15713,3125,9463,88,1,0,random_50,0,1
1,stress_random,20006,4155,4155,r_4155,1,qualified_ref,1,0,none,4324784375,4324800088,15713,3125,9463,88,1,0,random_50,0,1
1,stress_random,20006,4156,4156,r_4156,1,qualified_ref,1,0,none,4325809375,4325825088,15713,3125,9463,88,1,0,random_50,0,1
1,stress_random,20006,4157,4157,r_4157,1,qualified_ref,1,0,none,4326834375,4326850088,15713,3125,9463,88,1,0,random_50,0,1
1,stress_random,20006,4158,4158,r_4158,1,qualified_ref,1,0,none,4327859375,4327875088,15713,3125,9463,88,1,0,random_50,0,1
1,stress_random,20006,4159,4159,r_4159,1,qualified_ref,1,0,none,4328884375,4328900088,15713,3125,9463,88,1,0,random_50,0,1
1,stress_random,20006,4160,4160,r_4160,1,qualified_ref,1,0,none,4329909375,4329925088,15713,3125,9463,88,1,0,random_50,0,1
1,stress_random,20006,4161,4161,r_4161,1,qualified_ref,1,0,none,4330934375,4330950088,15713,3125,9463,88,1,0,random_50,0,1
1,stress_random,20006,4162,4162,r_4162,1,qualified_ref,1,0,none,4331959375,4331975088,15713,3125,9463,88,1,0,random_50,0,1
1,stress_random,20006,4163,4163,r_4163,1,qualified_ref,1,0,none,4332984375,4333000088,15713,3125,9463,88,1,0,random_50,0,1
1,stress_random,20006,4164,4164,r_4164,1,qualified_ref,1,0,none,4334009375,4334025088,15713,3125,9463,88,1,0,random_50,0,1
1,stress_random,20006,4165,4165,r_4165,1,qualified_ref,1,0,none,4335034375,4335050088,15713,3125,9463,88,1,0,random_50,0,1
1,stress_random,20006,4166,4166,r_4166,1,qualified_ref,1,0,none,4336059375,4336075088,15713,3125,9463,88,1,0,random_50,0,1
1,stress_random,20006,4167,4167,r_4167,1,qualified_ref,1,0,none,4337084375,4337100088,15713,3125,9463,88,1,0,random_50,0,1
1,stress_random,20006,4168,4168,r_4168,1,qualified_ref,1,0,none,4338109375,4338125088,15713,3125,9463,88,1,0,random_50,0,1
1,stress_random,20006,4169,4169,r_4169,1,qualified_ref,1,0,none,4339134375,4339150088,15713,3125,9463,88,1,0,random_50,0,1
1,stress_random,20006,4170,4170,r_4170,1,qualified_ref,1,0,none,4340159375,4340175088,15713,3125,9463,88,1,0,random_50,0,1
1,stress_random,20006,4171,4171,r_4171,1,qualified_ref,1,0,none,4341184375,4341200088,15713,3125,9463,88,1,0,random_50,0,1
1,stress_random,20006,4172,4172,r_4172,1,qualified_ref,1,0,none,4342209375,4342225088,15713,3125,9463,88,1,0,random_50,0,1
1,stress_random,20006,4173,4173,r_4173,1,qualified_ref,1,0,none,4343234375,4343250088,15713,3125,9463,88,1,0,random_50,0,1
1,stress_random,20006,4174,4174,r_4174,1,qualified_ref,1,0,none,4344259375,4344275088,15713,3125,9463,88,1,0,random_50,0,1
1,stress_random,20006,4175,4175,r_4175,1,qualified_ref,1,0,none,4345284375,4345300088,15713,3125,9463,88,1,0,random_50,0,1
1,stress_random,20006,4176,4176,r_4176,1,qualified_ref,1,0,none,4346309375,4346325088,15713,3125,9463,88,1,0,random_50,0,1
1,stress_random,20006,4177,4177,r_4177,1,qualified_ref,1,0,none,4347334375,4347350088,15713,3125,9463,88,1,0,random_50,0,1
1,stress_random,20006,4178,4178,r_4178,1,qualified_ref,1,0,none,4348359375,4348375088,15713,3125,9463,88,1,0,random_50,0,1
1,stress_random,20006,4179,4179,r_4179,1,qualified_ref,1,0,none,4349384375,4349400088,15713,3125,9463,88,1,0,random_50,0,1
1,stress_random,20006,4180,4180,r_4180,1,qualified_ref,1,0,none,4350409375,4350425088,15713,3125,9463,88,1,0,random_50,0,1
1,stress_random,20006,4181,4181,r_4181,1,qualified_ref,1,0,none,4351434375,4351450088,15713,3125,9463,88,1,0,random_50,0,1
1,stress_random,20006,4182,4182,r_4182,1,qualified_ref,1,0,none,4352459375,4352475088,15713,3125,9463,88,1,0,random_50,0,1
1,stress_random,20006,4183,4183,r_4183,1,qualified_ref,1,0,none,4353484375,4353500088,15713,3125,9463,88,1,0,random_50,0,1
1,stress_random,20006,4184,4184,r_4184,1,qualified_ref,1,0,none,4354509375,4354525088,15713,3125,9463,88,1,0,random_50,0,1
1,stress_random,20006,4185,4185,r_4185,1,qualified_ref,1,0,none,4355534375,4355550088,15713,3125,9463,88,1,0,random_50,0,1
1,stress_random,20006,4186,4186,r_4186,1,qualified_ref,1,0,none,4356559375,4356575088,15713,3125,9463,88,1,0,random_50,0,1
1,stress_random,20006,4187,4187,r_4187,1,qualified_ref,1,0,none,4357584375,4357600088,15713,3125,9463,88,1,0,random_50,0,1
1,stress_random,20006,4188,4188,r_4188,1,qualified_ref,1,0,none,4358609375,4358625088,15713,3125,9463,88,1,0,random_50,0,1
1,stress_random,20006,4189,4189,r_4189,1,qualified_ref,1,0,none,4359634375,4359650088,15713,3125,9463,88,1,0,random_50,0,1
1,stress_random,20006,4190,4190,r_4190,1,qualified_ref,1,0,none,4360659375,4360675088,15713,3125,9463,88,1,0,random_50,0,1
1,stress_random,20006,4191,4191,r_4191,1,qualified_ref,1,0,none,4361684375,4361700088,15713,3125,9463,88,1,0,random_50,0,1
1,stress_random,20006,4192,4192,r_4192,1,qualified_ref,1,0,none,4362709375,4362725088,15713,3125,9463,88,1,0,random_50,0,1
1,stress_random,20006,4193,4193,r_4193,1,qualified_ref,1,0,none,4363734375,4363750088,15713,3125,9463,88,1,0,random_50,0,1
1,stress_random,20006,4194,4194,r_4194,1,qualified_ref,1,0,none,4364759375,4364775088,15713,3125,9463,88,1,0,random_50,0,1
1,stress_random,20006,4195,4195,r_4195,1,qualified_ref,1,0,none,4365784375,4365800088,15713,3125,9463,88,1,0,random_50,0,1
1,stress_random,20006,4196,4196,r_4196,1,qualified_ref,1,0,none,4366809375,4366825088,15713,3125,9463,88,1,0,random_50,0,1
1,stress_random,20006,4197,4197,r_4197,1,qualified_ref,1,0,none,4367834375,4367850088,15713,3125,9463,88,1,0,random_50,0,1
1,stress_random,20006,4198,4198,r_4198,1,qualified_ref,1,0,none,4368859375,4368875088,15713,3125,9463,88,1,0,random_50,0,1
1,stress_random,20006,4199,4199,r_4199,1,qualified_ref,1,0,none,4369884375,4369900088,15713,3125,9463,88,1,0,random_50,0,1
1,stress_random,20006,4200,4200,r_4200,1,qualified_ref,1,0,none,4370909375,4370925088,15713,3125,9463,88,1,0,random_50,0,1
1,stress_random,20006,4201,4201,r_4201,1,qualified_ref,1,0,none,4371934375,4371950088,15713,3125,9463,88,1,0,random_50,0,1
1,stress_random,20006,4202,4202,r_4202,1,qualified_ref,1,0,none,4372959375,4372975088,15713,3125,9463,88,1,0,random_50,0,1
1,stress_random,20006,4203,4203,r_4203,1,qualified_ref,1,0,none,4373984375,4374000088,15713,3125,9463,88,1,0,random_50,0,1
1,stress_random,20006,4204,4204,r_4204,1,qualified_ref,1,0,none,4375009375,4375025088,15713,3125,9463,88,1,0,random_50,0,1
1,stress_random,20006,4205,4205,r_4205,1,qualified_ref,1,0,none,4376034375,4376050088,15713,3125,9463,88,1,0,random_50,0,1
1,stress_random,20006,4206,4206,r_4206,1,qualified_ref,1,0,none,4377059375,4377075088,15713,3125,9463,88,1,0,random_50,0,1
1,stress_random,20006,4207,4207,r_4207,1,qualified_ref,1,0,none,4378084375,4378100088,15713,3125,9463,88,1,0,random_50,0,1
1,stress_random,20006,4208,4208,r_4208,1,qualified_ref,1,0,none,4379109375,4379125088,15713,3125,9463,88,1,0,random_50,0,1
1,stress_random,20006,4209,4209,r_4209,1,qualified_ref,1,0,none,4380134375,4380150088,15713,3125,9463,88,1,0,random_50,0,1
1,stress_random,20006,4210,4210,r_4210,1,qualified_ref,1,0,none,4381159375,4381175088,15713,3125,9463,88,1,0,random_50,0,1
1,stress_random,20006,4211,4211,r_4211,1,qualified_ref,1,0,none,4382184375,4382200088,15713,3125,9463,88,1,0,random_50,0,1
1,stress_random,20006,4212,4212,r_4212,1,qualified_ref,1,0,none,4383209375,4383225088,15713,3125,9463,88,1,0,random_50,0,1
1,stress_random,20006,4213,4213,r_4213,1,qualified_ref,1,0,none,4384234375,4384250088,15713,3125,9463,88,1,0,random_50,0,1
1,stress_random,20006,4214,4214,r_4214,1,qualified_ref,1,0,none,4385259375,4385275088,15713,3125,9463,88,1,0,random_50,0,1
1,stress_random,20006,4215,4215,r_4215,1,qualified_ref,1,0,none,4386284375,4386300088,15713,3125,9463,88,1,0,random_50,0,1
1,stress_random,20006,4216,4216,r_4216,1,qualified_ref,1,0,none,4387309375,4387325088,15713,3125,9463,88,1,0,random_50,0,1
1,stress_random,20006,4217,4217,r_4217,1,qualified_ref,1,0,none,4388334375,4388350088,15713,3125,9463,88,1,0,random_50,0,1
1,stress_random,20006,4218,4218,r_4218,1,qualified_ref,1,0,none,4389359375,4389375088,15713,3125,9463,88,1,0,random_50,0,1
1,stress_random,20006,4219,4219,r_4219,1,qualified_ref,1,0,none,4390384375,4390400088,15713,3125,9463,88,1,0,random_50,0,1
1,stress_random,20006,4220,4220,r_4220,1,qualified_ref,1,0,none,4391409375,4391425088,15713,3125,9463,88,1,0,random_50,0,1
1,stress_random,20006,4221,4221,r_4221,1,qualified_ref,1,0,none,4392434375,4392450088,15713,3125,9463,88,1,0,random_50,0,1
1,stress_random,20006,4222,4222,r_4222,1,qualified_ref,1,0,none,4393459375,4393475088,15713,3125,9463,88,1,0,random_50,0,1
1,stress_random,20006,4223,4223,r_4223,1,qualified_ref,1,0,none,4394484375,4394500088,15713,3125,9463,88,1,0,random_50,0,1
1,stress_random,20006,4224,4224,r_4224,1,qualified_ref,1,0,none,4395509375,4395525088,15713,3125,9463,88,1,0,random_50,0,1
1,stress_random,20006,4225,4225,r_4225,1,qualified_ref,1,0,none,4396534375,4396550088,15713,3125,9463,88,1,0,random_50,0,1
1,stress_random,20006,4226,4226,r_4226,1,qualified_ref,1,0,none,4397559375,4397575088,15713,3125,9463,88,1,0,random_50,0,1
1,stress_random,20006,4227,4227,r_4227,1,qualified_ref,1,0,none,4398584375,4398600088,15713,3125,9463,88,1,0,random_50,0,1
1,stress_random,20006,4228,4228,r_4228,1,qualified_ref,1,0,none,4399609375,4399625088,15713,3125,9463,88,1,0,random_50,0,1
1,stress_random,20006,4229,4229,r_4229,1,qualified_ref,1,0,none,4400634375,4400650088,15713,3125,9463,88,1,0,random_50,0,1
1,stress_random,20006,4230,4230,r_4230,1,qualified_ref,1,0,none,4401659375,4401675088,15713,3125,9463,88,1,0,random_50,0,1
1,stress_random,20006,4231,4231,r_4231,1,qualified_ref,1,0,none,4402684375,4402700088,15713,3125,9463,88,1,0,random_50,0,1
1,stress_random,20006,4232,4232,r_4232,1,qualified_ref,1,0,none,4403709375,4403725088,15713,3125,9463,88,1,0,random_50,0,1
1,stress_random,20006,4233,4233,r_4233,1,qualified_ref,1,0,none,4404734375,4404750088,15713,3125,9463,88,1,0,random_50,0,1
1,stress_random,20006,4234,4234,r_4234,1,qualified_ref,1,0,none,4405759375,4405775088,15713,3125,9463,88,1,0,random_50,0,1
1,stress_random,20006,4235,4235,r_4235,1,qualified_ref,1,0,none,4406784375,4406800088,15713,3125,9463,88,1,0,random_50,0,1
1,stress_random,20006,4236,4236,r_4236,1,qualified_ref,1,0,none,4407809375,4407825088,15713,3125,9463,88,1,0,random_50,0,1
1,stress_random,20006,4237,4237,r_4237,1,qualified_ref,1,0,none,4408834375,4408850088,15713,3125,9463,88,1,0,random_50,0,1
1,stress_random,20006,4238,4238,r_4238,1,qualified_ref,1,0,none,4409859375,4409875088,15713,3125,9463,88,1,0,random_50,0,1
1,stress_random,20006,4239,4239,r_4239,1,qualified_ref,1,0,none,4410884375,4410900088,15713,3125,9463,88,1,0,random_50,0,1
1,stress_random,20006,4240,4240,r_4240,1,qualified_ref,1,0,none,4411909375,4411925088,15713,3125,9463,88,1,0,random_50,0,1
1,stress_random,20006,4241,4241,r_4241,1,qualified_ref,1,0,none,4412934375,4412950088,15713,3125,9463,88,1,0,random_50,0,1
1,stress_random,20006,4242,4242,r_4242,1,qualified_ref,1,0,none,4413959375,4413975088,15713,3125,9463,88,1,0,random_50,0,1
1,stress_random,20006,4243,4243,r_4243,1,qualified_ref,1,0,none,4414984375,4415000088,15713,3125,9463,88,1,0,random_50,0,1
1,stress_random,20006,4244,4244,r_4244,1,qualified_ref,1,0,none,4416009375,4416025088,15713,3125,9463,88,1,0,random_50,0,1
1,stress_random,20006,4245,4245,r_4245,1,qualified_ref,1,0,none,4417034375,4417050088,15713,3125,9463,88,1,0,random_50,0,1
1,stress_random,20006,4246,4246,r_4246,1,qualified_ref,1,0,none,4418059375,4418075088,15713,3125,9463,88,1,0,random_50,0,1
1,stress_random,20006,4247,4247,r_4247,1,qualified_ref,1,0,none,4419084375,4419100088,15713,3125,9463,88,1,0,random_50,0,1
1,stress_random,20006,4248,4248,r_4248,1,qualified_ref,1,0,none,4420109375,4420125088,15713,3125,9463,88,1,0,random_50,0,1
1,stress_random,20006,4249,4249,r_4249,1,qualified_ref,1,0,none,4421134375,4421150088,15713,3125,9463,88,1,0,random_50,0,1
1,stress_random,20006,4250,4250,r_4250,0,qualified_ref,1,0,none,4426259375,4426275088,15713,3125,9463,88,1,0,random_50,0,1
1,stress_random,20006,4251,4251,r_4251,0,qualified_ref,1,0,none,4427284375,4427300088,15713,3125,9463,88,1,0,random_50,0,1
1,stress_random,20006,4252,4252,r_4252,0,qualified_ref,1,0,none,4428309375,4428325088,15713,3125,9463,88,1,0,random_50,0,1
1,stress_random,20006,4253,4253,r_4253,0,qualified_ref,1,0,none,4429334375,4429350088,15713,3125,9463,88,1,0,random_50,0,1
1,stress_random,20006,4254,4254,r_4254,0,qualified_ref,1,0,none,4430359375,4430375088,15713,3125,9463,88,1,0,random_50,0,1
1,stress_random,20006,4255,4255,r_4255,0,qualified_ref,1,0,none,4431384375,4431400088,15713,3125,9463,88,1,0,random_50,0,1
1,stress_random,20006,4256,4256,r_4256,0,qualified_ref,1,0,none,4432409375,4432425088,15713,3125,9463,88,1,0,random_50,0,1
1,stress_random,20006,4257,4257,r_4257,0,qualified_ref,1,0,none,4433434375,4433450088,15713,3125,9463,88,1,0,random_50,0,1
1,stress_random,20006,4258,4258,r_4258,0,qualified_ref,1,0,none,4434459375,4434475088,15713,3125,9463,88,1,0,random_50,0,1
1,stress_random,20006,4259,4259,r_4259,0,qualified_ref,1,0,none,4435484375,4435500088,15713,3125,9463,88,1,0,random_50,0,1
1,stress_random,20006,4260,4260,r_4260,0,qualified_ref,1,0,none,4436509375,4436525088,15713,3125,9463,88,1,0,random_50,0,1
1,stress_random,20006,4261,4261,r_4261,0,qualified_ref,1,0,none,4437534375,4437550088,15713,3125,9463,88,1,0,random_50,0,1
1,stress_random,20006,4262,4262,r_4262,0,qualified_ref,1,0,none,4438559375,4438575088,15713,3125,9463,88,1,0,random_50,0,1
1,stress_random,20006,4263,4263,r_4263,0,qualified_ref,1,0,none,4439584375,4439600088,15713,3125,9463,88,1,0,random_50,0,1
1,stress_random,20006,4264,4264,r_4264,0,qualified_ref,1,0,none,4440609375,4440625088,15713,3125,9463,88,1,0,random_50,0,1
1,stress_random,20006,4265,4265,r_4265,0,qualified_ref,1,0,none,4441634375,4441650088,15713,3125,9463,88,1,0,random_50,0,1
1,stress_random,20006,4266,4266,r_4266,0,qualified_ref,1,0,none,4442659375,4442675088,15713,3125,9463,88,1,0,random_50,0,1
1,stress_random,20006,4267,4267,r_4267,0,qualified_ref,1,0,none,4443684375,4443700088,15713,3125,9463,88,1,0,random_50,0,1
1,stress_random,20006,4268,4268,r_4268,0,qualified_ref,1,0,none,4444709375,4444725088,15713,3125,9463,88,1,0,random_50,0,1
1,stress_random,20006,4269,4269,r_4269,0,qualified_ref,1,0,none,4445734375,4445750088,15713,3125,9463,88,1,0,random_50,0,1
1,stress_random,20006,4270,4270,r_4270,0,qualified_ref,1,0,none,4446759375,4446775088,15713,3125,9463,88,1,0,random_50,0,1
1,stress_random,20006,4271,4271,r_4271,0,qualified_ref,1,0,none,4447784375,4447800088,15713,3125,9463,88,1,0,random_50,0,1
1,stress_random,20006,4272,4272,r_4272,0,qualified_ref,1,0,none,4448809375,4448825088,15713,3125,9463,88,1,0,random_50,0,1
1,stress_random,20006,4273,4273,r_4273,0,qualified_ref,1,0,none,4449834375,4449850088,15713,3125,9463,88,1,0,random_50,0,1
1,stress_random,20006,4274,4274,r_4274,0,qualified_ref,1,0,none,4450859375,4450875088,15713,3125,9463,88,1,0,random_50,0,1
1,stress_random,20006,4275,4275,r_4275,0,qualified_ref,1,0,none,4451884375,4451900088,15713,3125,9463,88,1,0,random_50,0,1
1,stress_random,20006,4276,4276,r_4276,0,qualified_ref,1,0,none,4452909375,4452925088,15713,3125,9463,88,1,0,random_50,0,1
1,stress_random,20006,4277,4277,r_4277,0,qualified_ref,1,0,none,4453934375,4453950088,15713,3125,9463,88,1,0,random_50,0,1
1,stress_random,20006,4278,4278,r_4278,0,qualified_ref,1,0,none,4454959375,4454975088,15713,3125,9463,88,1,0,random_50,0,1
1,stress_random,20006,4279,4279,r_4279,0,qualified_ref,1,0,none,4455984375,4456000088,15713,3125,9463,88,1,0,random_50,0,1
1,stress_random,20006,4280,4280,r_4280,0,qualified_ref,1,0,none,4457009375,4457025088,15713,3125,9463,88,1,0,random_50,0,1
1,stress_random,20006,4281,4281,r_4281,0,qualified_ref,1,0,none,4458034375,4458050088,15713,3125,9463,88,1,0,random_50,0,1
1,stress_random,20006,4282,4282,r_4282,0,qualified_ref,1,0,none,4459059375,4459075088,15713,3125,9463,88,1,0,random_50,0,1
1,stress_random,20006,4283,4283,r_4283,0,qualified_ref,1,0,none,4460084375,4460100088,15713,3125,9463,88,1,0,random_50,0,1
1,stress_random,20006,4284,4284,r_4284,0,qualified_ref,1,0,none,4461109375,4461125088,15713,3125,9463,88,1,0,random_50,0,1
1,stress_random,20006,4285,4285,r_4285,0,qualified_ref,1,0,none,4462134375,4462150088,15713,3125,9463,88,1,0,random_50,0,1
1,stress_random,20006,4286,4286,r_4286,0,qualified_ref,1,0,none,4463159375,4463175088,15713,3125,9463,88,1,0,random_50,0,1
1,stress_random,20006,4287,4287,r_4287,0,qualified_ref,1,0,none,4464184375,4464200088,15713,3125,9463,88,1,0,random_50,0,1
1,stress_random,20006,4288,4288,r_4288,0,qualified_ref,1,0,none,4465209375,4465225088,15713,3125,9463,88,1,0,random_50,0,1
1,stress_random,20006,4289,4289,r_4289,0,qualified_ref,1,0,none,4466234375,4466250088,15713,3125,9463,88,1,0,random_50,0,1
1,stress_random,20006,4290,4290,r_4290,0,qualified_ref,1,0,none,4467259375,4467275088,15713,3125,9463,88,1,0,random_50,0,1
1,stress_random,20006,4291,4291,r_4291,0,qualified_ref,1,0,none,4468284375,4468300088,15713,3125,9463,88,1,0,random_50,0,1
1,stress_random,20006,4292,4292,r_4292,0,qualified_ref,1,0,none,4469309375,4469325088,15713,3125,9463,88,1,0,random_50,0,1
1,stress_random,20006,4293,4293,r_4293,0,qualified_ref,1,0,none,4470334375,4470350088,15713,3125,9463,88,1,0,random_50,0,1
1,stress_random,20006,4294,4294,r_4294,0,qualified_ref,1,0,none,4471359375,4471375088,15713,3125,9463,88,1,0,random_50,0,1
1,stress_random,20006,4295,4295,r_4295,0,qualified_ref,1,0,none,4472384375,4472400088,15713,3125,9463,88,1,0,random_50,0,1
1,stress_random,20006,4296,4296,r_4296,0,qualified_ref,1,0,none,4473409375,4473425088,15713,3125,9463,88,1,0,random_50,0,1
1,stress_random,20006,4297,4297,r_4297,0,qualified_ref,1,0,none,4474434375,4474450088,15713,3125,9463,88,1,0,random_50,0,1
1,stress_random,20006,4298,4298,r_4298,0,qualified_ref,1,0,none,4475459375,4475475088,15713,3125,9463,88,1,0,random_50,0,1
1,stress_random,20006,4299,4299,r_4299,0,qualified_ref,1,0,none,4476484375,4476500088,15713,3125,9463,88,1,0,random_50,0,1
1,stress_random,20006,4300,4300,r_4300,0,qualified_ref,1,0,none,4477509375,4477525088,15713,3125,9463,88,1,0,random_50,0,1
1,stress_random,20006,4301,4301,r_4301,0,qualified_ref,1,0,none,4478534375,4478550088,15713,3125,9463,88,1,0,random_50,0,1
1,stress_random,20006,4302,4302,r_4302,0,qualified_ref,1,0,none,4479559375,4479575088,15713,3125,9463,88,1,0,random_50,0,1
1,stress_random,20006,4303,4303,r_4303,0,qualified_ref,1,0,none,4480584375,4480600088,15713,3125,9463,88,1,0,random_50,0,1
1,stress_random,20006,4304,4304,r_4304,0,qualified_ref,1,0,none,4481609375,4481625088,15713,3125,9463,88,1,0,random_50,0,1
1,stress_random,20006,4305,4305,r_4305,0,qualified_ref,1,0,none,4482634375,4482650088,15713,3125,9463,88,1,0,random_50,0,1
1,stress_random,20006,4306,4306,r_4306,0,qualified_ref,1,0,none,4483659375,4483675088,15713,3125,9463,88,1,0,random_50,0,1
1,stress_random,20006,4307,4307,r_4307,0,qualified_ref,1,0,none,4484684375,4484700088,15713,3125,9463,88,1,0,random_50,0,1
1,stress_random,20006,4308,4308,r_4308,0,qualified_ref,1,0,none,4485709375,4485725088,15713,3125,9463,88,1,0,random_50,0,1
1,stress_random,20006,4309,4309,r_4309,0,qualified_ref,1,0,none,4486734375,4486750088,15713,3125,9463,88,1,0,random_50,0,1
1,stress_random,20006,4310,4310,r_4310,0,qualified_ref,1,0,none,4487759375,4487775088,15713,3125,9463,88,1,0,random_50,0,1
1,stress_random,20006,4311,4311,r_4311,0,qualified_ref,1,0,none,4488784375,4488800088,15713,3125,9463,88,1,0,random_50,0,1
1,stress_random,20006,4312,4312,r_4312,0,qualified_ref,1,0,none,4489809375,4489825088,15713,3125,9463,88,1,0,random_50,0,1
1,stress_random,20006,4313,4313,r_4313,0,qualified_ref,1,0,none,4490834375,4490850088,15713,3125,9463,88,1,0,random_50,0,1
1,stress_random,20006,4314,4314,r_4314,0,qualified_ref,1,0,none,4491859375,4491875088,15713,3125,9463,88,1,0,random_50,0,1
1,stress_random,20006,4315,4315,r_4315,0,qualified_ref,1,0,none,4492884375,4492900088,15713,3125,9463,88,1,0,random_50,0,1
1,stress_random,20006,4316,4316,r_4316,0,qualified_ref,1,0,none,4493909375,4493925088,15713,3125,9463,88,1,0,random_50,0,1
1,stress_random,20006,4317,4317,r_4317,0,qualified_ref,1,0,none,4494934375,4494950088,15713,3125,9463,88,1,0,random_50,0,1
1,stress_random,20006,4318,4318,r_4318,0,qualified_ref,1,0,none,4495959375,4495975088,15713,3125,9463,88,1,0,random_50,0,1
1,stress_random,20006,4319,4319,r_4319,0,qualified_ref,1,0,none,4496984375,4497000088,15713,3125,9463,88,1,0,random_50,0,1
1,stress_random,20006,4320,4320,r_4320,0,qualified_ref,1,0,none,4498009375,4498025088,15713,3125,9463,88,1,0,random_50,0,1
1,stress_random,20006,4321,4321,r_4321,0,qualified_ref,1,0,none,4499034375,4499050088,15713,3125,9463,88,1,0,random_50,0,1
1,stress_random,20006,4322,4322,r_4322,0,qualified_ref,1,0,none,4500059375,4500075088,15713,3125,9463,88,1,0,random_50,0,1
1,stress_random,20006,4323,4323,r_4323,0,qualified_ref,1,0,none,4501084375,4501100088,15713,3125,9463,88,1,0,random_50,0,1
1,stress_random,20006,4324,4324,r_4324,0,qualified_ref,1,0,none,4502109375,4502125088,15713,3125,9463,88,1,0,random_50,0,1
1,stress_random,20006,4325,4325,r_4325,0,qualified_ref,1,0,none,4503134375,4503150088,15713,3125,9463,88,1,0,random_50,0,1
1,stress_random,20006,4326,4326,r_4326,0,qualified_ref,1,0,none,4504159375,4504175088,15713,3125,9463,88,1,0,random_50,0,1
1,stress_random,20006,4327,4327,r_4327,0,qualified_ref,1,0,none,4505184375,4505200088,15713,3125,9463,88,1,0,random_50,0,1
1,stress_random,20006,4328,4328,r_4328,0,qualified_ref,1,0,none,4506209375,4506225088,15713,3125,9463,88,1,0,random_50,0,1
1,stress_random,20006,4329,4329,r_4329,0,qualified_ref,1,0,none,4507234375,4507250088,15713,3125,9463,88,1,0,random_50,0,1
1,stress_random,20006,4330,4330,r_4330,0,qualified_ref,1,0,none,4508259375,4508275088,15713,3125,9463,88,1,0,random_50,0,1
1,stress_random,20006,4331,4331,r_4331,0,qualified_ref,1,0,none,4509284375,4509300088,15713,3125,9463,88,1,0,random_50,0,1
1,stress_random,20006,4332,4332,r_4332,0,qualified_ref,1,0,none,4510309375,4510325088,15713,3125,9463,88,1,0,random_50,0,1
1,stress_random,20006,4333,4333,r_4333,0,qualified_ref,1,0,none,4511334375,4511350088,15713,3125,9463,88,1,0,random_50,0,1
1,stress_random,20006,4334,4334,r_4334,0,qualified_ref,1,0,none,4512359375,4512375088,15713,3125,9463,88,1,0,random_50,0,1
1,stress_random,20006,4335,4335,r_4335,0,qualified_ref,1,0,none,4513384375,4513400088,15713,3125,9463,88,1,0,random_50,0,1
1,stress_random,20006,4336,4336,r_4336,0,qualified_ref,1,0,none,4514409375,4514425088,15713,3125,9463,88,1,0,random_50,0,1
1,stress_random,20006,4337,4337,r_4337,0,qualified_ref,1,0,none,4515434375,4515450088,15713,3125,9463,88,1,0,random_50,0,1
1,stress_random,20006,4338,4338,r_4338,0,qualified_ref,1,0,none,4516459375,4516475088,15713,3125,9463,88,1,0,random_50,0,1
1,stress_random,20006,4339,4339,r_4339,0,qualified_ref,1,0,none,4517484375,4517500088,15713,3125,9463,88,1,0,random_50,0,1
1,stress_random,20006,4340,4340,r_4340,0,qualified_ref,1,0,none,4518509375,4518525088,15713,3125,9463,88,1,0,random_50,0,1
1,stress_random,20006,4341,4341,r_4341,0,qualified_ref,1,0,none,4519534375,4519550088,15713,3125,9463,88,1,0,random_50,0,1
1,stress_random,20006,4342,4342,r_4342,0,qualified_ref,1,0,none,4520559375,4520575088,15713,3125,9463,88,1,0,random_50,0,1
1,stress_random,20006,4343,4343,r_4343,0,qualified_ref,1,0,none,4521584375,4521600088,15713,3125,9463,88,1,0,random_50,0,1
1,stress_random,20006,4344,4344,r_4344,0,qualified_ref,1,0,none,4522609375,4522625088,15713,3125,9463,88,1,0,random_50,0,1
1,stress_random,20006,4345,4345,r_4345,0,qualified_ref,1,0,none,4523634375,4523650088,15713,3125,9463,88,1,0,random_50,0,1
1,stress_random,20006,4346,4346,r_4346,0,qualified_ref,1,0,none,4524659375,4524675088,15713,3125,9463,88,1,0,random_50,0,1
1,stress_random,20006,4347,4347,r_4347,0,qualified_ref,1,0,none,4525684375,4525700088,15713,3125,9463,88,1,0,random_50,0,1
1,stress_random,20006,4348,4348,r_4348,0,qualified_ref,1,0,none,4526709375,4526725088,15713,3125,9463,88,1,0,random_50,0,1
1,stress_random,20006,4349,4349,r_4349,0,qualified_ref,1,0,none,4527734375,4527750088,15713,3125,9463,88,1,0,random_50,0,1
1,stress_random,20006,4350,4350,r_4350,0,qualified_ref,1,0,none,4528759375,4528775088,15713,3125,9463,88,1,0,random_50,0,1
1,stress_random,20006,4351,4351,r_4351,0,qualified_ref,1,0,none,4529784375,4529800088,15713,3125,9463,88,1,0,random_50,0,1
1,stress_random,20006,4352,4352,r_4352,0,qualified_ref,1,0,none,4530809375,4530825088,15713,3125,9463,88,1,0,random_50,0,1
1,stress_random,20006,4353,4353,r_4353,0,qualified_ref,1,0,none,4531834375,4531850088,15713,3125,9463,88,1,0,random_50,0,1
1,stress_random,20006,4354,4354,r_4354,0,qualified_ref,1,0,none,4532859375,4532875088,15713,3125,9463,88,1,0,random_50,0,1
1,stress_random,20006,4355,4355,r_4355,0,qualified_ref,1,0,none,4533884375,4533900088,15713,3125,9463,88,1,0,random_50,0,1
1,stress_random,20006,4356,4356,r_4356,0,qualified_ref,1,0,none,4534909375,4534925088,15713,3125,9463,88,1,0,random_50,0,1
1,stress_random,20006,4357,4357,r_4357,0,qualified_ref,1,0,none,4535934375,4535950088,15713,3125,9463,88,1,0,random_50,0,1
1,stress_random,20006,4358,4358,r_4358,0,qualified_ref,1,0,none,4536959375,4536975088,15713,3125,9463,88,1,0,random_50,0,1
1,stress_random,20006,4359,4359,r_4359,0,qualified_ref,1,0,none,4537984375,4538000088,15713,3125,9463,88,1,0,random_50,0,1
1,stress_random,20006,4360,4360,r_4360,0,qualified_ref,1,0,none,4539009375,4539025088,15713,3125,9463,88,1,0,random_50,0,1
1,stress_random,20006,4361,4361,r_4361,0,qualified_ref,1,0,none,4540034375,4540050088,15713,3125,9463,88,1,0,random_50,0,1
1,stress_random,20006,4362,4362,r_4362,0,qualified_ref,1,0,none,4541059375,4541075088,15713,3125,9463,88,1,0,random_50,0,1
1,stress_random,20006,4363,4363,r_4363,0,qualified_ref,1,0,none,4542084375,4542100088,15713,3125,9463,88,1,0,random_50,0,1
1,stress_random,20006,4364,4364,r_4364,0,qualified_ref,1,0,none,4543109375,4543125088,15713,3125,9463,88,1,0,random_50,0,1
1,stress_random,20006,4365,4365,r_4365,0,qualified_ref,1,0,none,4544134375,4544150088,15713,3125,9463,88,1,0,random_50,0,1
1,stress_random,20006,4366,4366,r_4366,0,qualified_ref,1,0,none,4545159375,4545175088,15713,3125,9463,88,1,0,random_50,0,1
1,stress_random,20006,4367,4367,r_4367,0,qualified_ref,1,0,none,4546184375,4546200088,15713,3125,9463,88,1,0,random_50,0,1
1,stress_random,20006,4368,4368,r_4368,0,qualified_ref,1,0,none,4547209375,4547225088,15713,3125,9463,88,1,0,random_50,0,1
1,stress_random,20006,4369,4369,r_4369,0,qualified_ref,1,0,none,4548234375,4548250088,15713,3125,9463,88,1,0,random_50,0,1
1,stress_random,20006,4370,4370,r_4370,0,qualified_ref,1,0,none,4549259375,4549275088,15713,3125,9463,88,1,0,random_50,0,1
1,stress_random,20006,4371,4371,r_4371,0,qualified_ref,1,0,none,4550284375,4550300088,15713,3125,9463,88,1,0,random_50,0,1
1,stress_random,20006,4372,4372,r_4372,0,qualified_ref,1,0,none,4551309375,4551325088,15713,3125,9463,88,1,0,random_50,0,1
1,stress_random,20006,4373,4373,r_4373,0,qualified_ref,1,0,none,4552334375,4552350088,15713,3125,9463,88,1,0,random_50,0,1
1,stress_random,20006,4374,4374,r_4374,0,qualified_ref,1,0,none,4553359375,4553375088,15713,3125,9463,88,1,0,random_50,0,1
1,stress_random,20006,4375,4375,r_4375,0,qualified_ref,1,0,none,4554384375,4554400088,15713,3125,9463,88,1,0,random_50,0,1
1,stress_random,20006,4376,4376,r_4376,0,qualified_ref,1,0,none,4555409375,4555425088,15713,3125,9463,88,1,0,random_50,0,1
1,stress_random,20006,4377,4377,r_4377,0,qualified_ref,1,0,none,4556434375,4556450088,15713,3125,9463,88,1,0,random_50,0,1
1,stress_random,20006,4378,4378,r_4378,0,qualified_ref,1,0,none,4557459375,4557475088,15713,3125,9463,88,1,0,random_50,0,1
1,stress_random,20006,4379,4379,r_4379,0,qualified_ref,1,0,none,4558484375,4558500088,15713,3125,9463,88,1,0,random_50,0,1
1,stress_random,20006,4380,4380,r_4380,0,qualified_ref,1,0,none,4559509375,4559525088,15713,3125,9463,88,1,0,random_50,0,1
1,stress_random,20006,4381,4381,r_4381,0,qualified_ref,1,0,none,4560534375,4560550088,15713,3125,9463,88,1,0,random_50,0,1
1,stress_random,20006,4382,4382,r_4382,0,qualified_ref,1,0,none,4561559375,4561575088,15713,3125,9463,88,1,0,random_50,0,1
1,stress_random,20006,4383,4383,r_4383,0,qualified_ref,1,0,none,4562584375,4562600088,15713,3125,9463,88,1,0,random_50,0,1
1,stress_random,20006,4384,4384,r_4384,0,qualified_ref,1,0,none,4563609375,4563625088,15713,3125,9463,88,1,0,random_50,0,1
1,stress_random,20006,4385,4385,r_4385,0,qualified_ref,1,0,none,4564634375,4564650088,15713,3125,9463,88,1,0,random_50,0,1
1,stress_random,20006,4386,4386,r_4386,0,qualified_ref,1,0,none,4565659375,4565675088,15713,3125,9463,88,1,0,random_50,0,1
1,stress_random,20006,4387,4387,r_4387,0,qualified_ref,1,0,none,4566684375,4566700088,15713,3125,9463,88,1,0,random_50,0,1
1,stress_random,20006,4388,4388,r_4388,0,qualified_ref,1,0,none,4567709375,4567725088,15713,3125,9463,88,1,0,random_50,0,1
1,stress_random,20006,4389,4389,r_4389,0,qualified_ref,1,0,none,4568734375,4568750088,15713,3125,9463,88,1,0,random_50,0,1
1,stress_random,20006,4390,4390,r_4390,0,qualified_ref,1,0,none,4569759375,4569775088,15713,3125,9463,88,1,0,random_50,0,1
1,stress_random,20006,4391,4391,r_4391,0,qualified_ref,1,0,none,4570784375,4570800088,15713,3125,9463,88,1,0,random_50,0,1
1,stress_random,20006,4392,4392,r_4392,0,qualified_ref,1,0,none,4571809375,4571825088,15713,3125,9463,88,1,0,random_50,0,1
1,stress_random,20006,4393,4393,r_4393,0,qualified_ref,1,0,none,4572834375,4572850088,15713,3125,9463,88,1,0,random_50,0,1
1,stress_random,20006,4394,4394,r_4394,0,qualified_ref,1,0,none,4573859375,4573875088,15713,3125,9463,88,1,0,random_50,0,1
1,stress_random,20006,4395,4395,r_4395,0,qualified_ref,1,0,none,4574884375,4574900088,15713,3125,9463,88,1,0,random_50,0,1
1,stress_random,20006,4396,4396,r_4396,0,qualified_ref,1,0,none,4575909375,4575925088,15713,3125,9463,88,1,0,random_50,0,1
1,stress_random,20006,4397,4397,r_4397,0,qualified_ref,1,0,none,4576934375,4576950088,15713,3125,9463,88,1,0,random_50,0,1
1,stress_random,20006,4398,4398,r_4398,0,qualified_ref,1,0,none,4577959375,4577975088,15713,3125,9463,88,1,0,random_50,0,1
1,stress_random,20006,4399,4399,r_4399,0,qualified_ref,1,0,none,4578984375,4579000088,15713,3125,9463,88,1,0,random_50,0,1
1,stress_random,20006,4400,4400,r_4400,0,qualified_ref,1,0,none,4580009375,4580025088,15713,3125,9463,88,1,0,random_50,0,1
1,stress_random,20006,4401,4401,r_4401,0,qualified_ref,1,0,none,4581034375,4581050088,15713,3125,9463,88,1,0,random_50,0,1
1,stress_random,20006,4402,4402,r_4402,0,qualified_ref,1,0,none,4582059375,4582075088,15713,3125,9463,88,1,0,random_50,0,1
1,stress_random,20006,4403,4403,r_4403,0,qualified_ref,1,0,none,4583084375,4583100088,15713,3125,9463,88,1,0,random_50,0,1
1,stress_random,20006,4404,4404,r_4404,0,qualified_ref,1,0,none,4584109375,4584125088,15713,3125,9463,88,1,0,random_50,0,1
1,stress_random,20006,4405,4405,r_4405,0,qualified_ref,1,0,none,4585134375,4585150088,15713,3125,9463,88,1,0,random_50,0,1
1,stress_random,20006,4406,4406,r_4406,0,qualified_ref,1,0,none,4586159375,4586175088,15713,3125,9463,88,1,0,random_50,0,1
1,stress_random,20006,4407,4407,r_4407,0,qualified_ref,1,0,none,4587184375,4587200088,15713,3125,9463,88,1,0,random_50,0,1
1,stress_random,20006,4408,4408,r_4408,0,qualified_ref,1,0,none,4588209375,4588225088,15713,3125,9463,88,1,0,random_50,0,1
1,stress_random,20006,4409,4409,r_4409,0,qualified_ref,1,0,none,4589234375,4589250088,15713,3125,9463,88,1,0,random_50,0,1
1,stress_random,20006,4410,4410,r_4410,0,qualified_ref,1,0,none,4590259375,4590275088,15713,3125,9463,88,1,0,random_50,0,1
1,stress_random,20006,4411,4411,r_4411,0,qualified_ref,1,0,none,4591284375,4591300088,15713,3125,9463,88,1,0,random_50,0,1
1,stress_random,20006,4412,4412,r_4412,0,qualified_ref,1,0,none,4592309375,4592325088,15713,3125,9463,88,1,0,random_50,0,1
1,stress_random,20006,4413,4413,r_4413,0,qualified_ref,1,0,none,4593334375,4593350088,15713,3125,9463,88,1,0,random_50,0,1
1,stress_random,20006,4414,4414,r_4414,0,qualified_ref,1,0,none,4594359375,4594375088,15713,3125,9463,88,1,0,random_50,0,1
1,stress_random,20006,4415,4415,r_4415,0,qualified_ref,1,0,none,4595384375,4595400088,15713,3125,9463,88,1,0,random_50,0,1
1,stress_random,20006,4416,4416,r_4416,0,qualified_ref,1,0,none,4596409375,4596425088,15713,3125,9463,88,1,0,random_50,0,1
1,stress_random,20006,4417,4417,r_4417,0,qualified_ref,1,0,none,4597434375,4597450088,15713,3125,9463,88,1,0,random_50,0,1
1,stress_random,20006,4418,4418,r_4418,0,qualified_ref,1,0,none,4598459375,4598475088,15713,3125,9463,88,1,0,random_50,0,1
1,stress_random,20006,4419,4419,r_4419,0,qualified_ref,1,0,none,4599484375,4599500088,15713,3125,9463,88,1,0,random_50,0,1
1,stress_random,20006,4420,4420,r_4420,0,qualified_ref,1,0,none,4600509375,4600525088,15713,3125,9463,88,1,0,random_50,0,1
1,stress_random,20006,4421,4421,r_4421,0,qualified_ref,1,0,none,4601534375,4601550088,15713,3125,9463,88,1,0,random_50,0,1
1,stress_random,20006,4422,4422,r_4422,0,qualified_ref,1,0,none,4602559375,4602575088,15713,3125,9463,88,1,0,random_50,0,1
1,stress_random,20006,4423,4423,r_4423,0,qualified_ref,1,0,none,4603584375,4603600088,15713,3125,9463,88,1,0,random_50,0,1
1,stress_random,20006,4424,4424,r_4424,0,qualified_ref,1,0,none,4604609375,4604625088,15713,3125,9463,88,1,0,random_50,0,1
1,stress_random,20006,4425,4425,r_4425,0,qualified_ref,1,0,none,4605634375,4605650088,15713,3125,9463,88,1,0,random_50,0,1
1,stress_random,20006,4426,4426,r_4426,0,qualified_ref,1,0,none,4606659375,4606675088,15713,3125,9463,88,1,0,random_50,0,1
1,stress_random,20006,4427,4427,r_4427,0,qualified_ref,1,0,none,4607684375,4607700088,15713,3125,9463,88,1,0,random_50,0,1
1,stress_random,20006,4428,4428,r_4428,0,qualified_ref,1,0,none,4608709375,4608725088,15713,3125,9463,88,1,0,random_50,0,1
1,stress_random,20006,4429,4429,r_4429,0,qualified_ref,1,0,none,4609734375,4609750088,15713,3125,9463,88,1,0,random_50,0,1
1,stress_random,20006,4430,4430,r_4430,0,qualified_ref,1,0,none,4610759375,4610775088,15713,3125,9463,88,1,0,random_50,0,1
1,stress_random,20006,4431,4431,r_4431,0,qualified_ref,1,0,none,4611784375,4611800088,15713,3125,9463,88,1,0,random_50,0,1
1,stress_random,20006,4432,4432,r_4432,0,qualified_ref,1,0,none,4612809375,4612825088,15713,3125,9463,88,1,0,random_50,0,1
1,stress_random,20006,4433,4433,r_4433,0,qualified_ref,1,0,none,4613834375,4613850088,15713,3125,9463,88,1,0,random_50,0,1
1,stress_random,20006,4434,4434,r_4434,0,qualified_ref,1,0,none,4614859375,4614875088,15713,3125,9463,88,1,0,random_50,0,1
1,stress_random,20006,4435,4435,r_4435,0,qualified_ref,1,0,none,4615884375,4615900088,15713,3125,9463,88,1,0,random_50,0,1
1,stress_random,20006,4436,4436,r_4436,0,qualified_ref,1,0,none,4616909375,4616925088,15713,3125,9463,88,1,0,random_50,0,1
1,stress_random,20006,4437,4437,r_4437,0,qualified_ref,1,0,none,4617934375,4617950088,15713,3125,9463,88,1,0,random_50,0,1
1,stress_random,20006,4438,4438,r_4438,0,qualified_ref,1,0,none,4618959375,4618975088,15713,3125,9463,88,1,0,random_50,0,1
1,stress_random,20006,4439,4439,r_4439,0,qualified_ref,1,0,none,4619984375,4620000088,15713,3125,9463,88,1,0,random_50,0,1
1,stress_random,20006,4440,4440,r_4440,0,qualified_ref,1,0,none,4621009375,4621025088,15713,3125,9463,88,1,0,random_50,0,1
1,stress_random,20006,4441,4441,r_4441,0,qualified_ref,1,0,none,4622034375,4622050088,15713,3125,9463,88,1,0,random_50,0,1
1,stress_random,20006,4442,4442,r_4442,0,qualified_ref,1,0,none,4623059375,4623075088,15713,3125,9463,88,1,0,random_50,0,1
1,stress_random,20006,4443,4443,r_4443,0,qualified_ref,1,0,none,4624084375,4624100088,15713,3125,9463,88,1,0,random_50,0,1
1,stress_random,20006,4444,4444,r_4444,0,qualified_ref,1,0,none,4625109375,4625125088,15713,3125,9463,88,1,0,random_50,0,1
1,stress_random,20006,4445,4445,r_4445,0,qualified_ref,1,0,none,4626134375,4626150088,15713,3125,9463,88,1,0,random_50,0,1
1,stress_random,20006,4446,4446,r_4446,0,qualified_ref,1,0,none,4627159375,4627175088,15713,3125,9463,88,1,0,random_50,0,1
1,stress_random,20006,4447,4447,r_4447,0,qualified_ref,1,0,none,4628184375,4628200088,15713,3125,9463,88,1,0,random_50,0,1
1,stress_random,20006,4448,4448,r_4448,0,qualified_ref,1,0,none,4629209375,4629225088,15713,3125,9463,88,1,0,random_50,0,1
1,stress_random,20006,4449,4449,r_4449,0,qualified_ref,1,0,none,4630234375,4630250088,15713,3125,9463,88,1,0,random_50,0,1
1,stress_random,20006,4450,4450,r_4450,0,qualified_ref,1,0,none,4631259375,4631275088,15713,3125,9463,88,1,0,random_50,0,1
1,stress_random,20006,4451,4451,r_4451,0,qualified_ref,1,0,none,4632284375,4632300088,15713,3125,9463,88,1,0,random_50,0,1
1,stress_random,20006,4452,4452,r_4452,0,qualified_ref,1,0,none,4633309375,4633325088,15713,3125,9463,88,1,0,random_50,0,1
1,stress_random,20006,4453,4453,r_4453,0,qualified_ref,1,0,none,4634334375,4634350088,15713,3125,9463,88,1,0,random_50,0,1
1,stress_random,20006,4454,4454,r_4454,0,qualified_ref,1,0,none,4635359375,4635375088,15713,3125,9463,88,1,0,random_50,0,1
1,stress_random,20006,4455,4455,r_4455,0,qualified_ref,1,0,none,4636384375,4636400088,15713,3125,9463,88,1,0,random_50,0,1
1,stress_random,20006,4456,4456,r_4456,0,qualified_ref,1,0,none,4637409375,4637425088,15713,3125,9463,88,1,0,random_50,0,1
1,stress_random,20006,4457,4457,r_4457,0,qualified_ref,1,0,none,4638434375,4638450088,15713,3125,9463,88,1,0,random_50,0,1
1,stress_random,20006,4458,4458,r_4458,0,qualified_ref,1,0,none,4639459375,4639475088,15713,3125,9463,88,1,0,random_50,0,1
1,stress_random,20006,4459,4459,r_4459,0,qualified_ref,1,0,none,4640484375,4640500088,15713,3125,9463,88,1,0,random_50,0,1
1,stress_random,20006,4460,4460,r_4460,0,qualified_ref,1,0,none,4641509375,4641525088,15713,3125,9463,88,1,0,random_50,0,1
1,stress_random,20006,4461,4461,r_4461,0,qualified_ref,1,0,none,4642534375,4642550088,15713,3125,9463,88,1,0,random_50,0,1
1,stress_random,20006,4462,4462,r_4462,0,qualified_ref,1,0,none,4643559375,4643575088,15713,3125,9463,88,1,0,random_50,0,1
1,stress_random,20006,4463,4463,r_4463,0,qualified_ref,1,0,none,4644584375,4644600088,15713,3125,9463,88,1,0,random_50,0,1
1,stress_random,20006,4464,4464,r_4464,0,qualified_ref,1,0,none,4645609375,4645625088,15713,3125,9463,88,1,0,random_50,0,1
1,stress_random,20006,4465,4465,r_4465,0,qualified_ref,1,0,none,4646634375,4646650088,15713,3125,9463,88,1,0,random_50,0,1
1,stress_random,20006,4466,4466,r_4466,0,qualified_ref,1,0,none,4647659375,4647675088,15713,3125,9463,88,1,0,random_50,0,1
1,stress_random,20006,4467,4467,r_4467,0,qualified_ref,1,0,none,4648684375,4648700088,15713,3125,9463,88,1,0,random_50,0,1
1,stress_random,20006,4468,4468,r_4468,0,qualified_ref,1,0,none,4649709375,4649725088,15713,3125,9463,88,1,0,random_50,0,1
1,stress_random,20006,4469,4469,r_4469,0,qualified_ref,1,0,none,4650734375,4650750088,15713,3125,9463,88,1,0,random_50,0,1
1,stress_random,20006,4470,4470,r_4470,0,qualified_ref,1,0,none,4651759375,4651775088,15713,3125,9463,88,1,0,random_50,0,1
1,stress_random,20006,4471,4471,r_4471,0,qualified_ref,1,0,none,4652784375,4652800088,15713,3125,9463,88,1,0,random_50,0,1
1,stress_random,20006,4472,4472,r_4472,0,qualified_ref,1,0,none,4653809375,4653825088,15713,3125,9463,88,1,0,random_50,0,1
1,stress_random,20006,4473,4473,r_4473,0,qualified_ref,1,0,none,4654834375,4654850088,15713,3125,9463,88,1,0,random_50,0,1
1,stress_random,20006,4474,4474,r_4474,0,qualified_ref,1,0,none,4655859375,4655875088,15713,3125,9463,88,1,0,random_50,0,1
1,stress_random,20006,4475,4475,r_4475,0,qualified_ref,1,0,none,4656884375,4656900088,15713,3125,9463,88,1,0,random_50,0,1
1,stress_random,20006,4476,4476,r_4476,0,qualified_ref,1,0,none,4657909375,4657925088,15713,3125,9463,88,1,0,random_50,0,1
1,stress_random,20006,4477,4477,r_4477,0,qualified_ref,1,0,none,4658934375,4658950088,15713,3125,9463,88,1,0,random_50,0,1
1,stress_random,20006,4478,4478,r_4478,0,qualified_ref,1,0,none,4659959375,4659975088,15713,3125,9463,88,1,0,random_50,0,1
1,stress_random,20006,4479,4479,r_4479,0,qualified_ref,1,0,none,4660984375,4661000088,15713,3125,9463,88,1,0,random_50,0,1
1,stress_random,20006,4480,4480,r_4480,0,qualified_ref,1,0,none,4662009375,4662025088,15713,3125,9463,88,1,0,random_50,0,1
1,stress_random,20006,4481,4481,r_4481,0,qualified_ref,1,0,none,4663034375,4663050088,15713,3125,9463,88,1,0,random_50,0,1
1,stress_random,20006,4482,4482,r_4482,0,qualified_ref,1,0,none,4664059375,4664075088,15713,3125,9463,88,1,0,random_50,0,1
1,stress_random,20006,4483,4483,r_4483,0,qualified_ref,1,0,none,4665084375,4665100088,15713,3125,9463,88,1,0,random_50,0,1
1,stress_random,20006,4484,4484,r_4484,0,qualified_ref,1,0,none,4666109375,4666125088,15713,3125,9463,88,1,0,random_50,0,1
1,stress_random,20006,4485,4485,r_4485,0,qualified_ref,1,0,none,4667134375,4667150088,15713,3125,9463,88,1,0,random_50,0,1
1,stress_random,20006,4486,4486,r_4486,0,qualified_ref,1,0,none,4668159375,4668175088,15713,3125,9463,88,1,0,random_50,0,1
1,stress_random,20006,4487,4487,r_4487,0,qualified_ref,1,0,none,4669184375,4669200088,15713,3125,9463,88,1,0,random_50,0,1
1,stress_random,20006,4488,4488,r_4488,0,qualified_ref,1,0,none,4670209375,4670225088,15713,3125,9463,88,1,0,random_50,0,1
1,stress_random,20006,4489,4489,r_4489,0,qualified_ref,1,0,none,4671234375,4671250088,15713,3125,9463,88,1,0,random_50,0,1
1,stress_random,20006,4490,4490,r_4490,0,qualified_ref,1,0,none,4672259375,4672275088,15713,3125,9463,88,1,0,random_50,0,1
1,stress_random,20006,4491,4491,r_4491,0,qualified_ref,1,0,none,4673284375,4673300088,15713,3125,9463,88,1,0,random_50,0,1
1,stress_random,20006,4492,4492,r_4492,0,qualified_ref,1,0,none,4674309375,4674325088,15713,3125,9463,88,1,0,random_50,0,1
1,stress_random,20006,4493,4493,r_4493,0,qualified_ref,1,0,none,4675334375,4675350088,15713,3125,9463,88,1,0,random_50,0,1
1,stress_random,20006,4494,4494,r_4494,0,qualified_ref,1,0,none,4676359375,4676375088,15713,3125,9463,88,1,0,random_50,0,1
1,stress_random,20006,4495,4495,r_4495,0,qualified_ref,1,0,none,4677384375,4677400088,15713,3125,9463,88,1,0,random_50,0,1
1,stress_random,20006,4496,4496,r_4496,0,qualified_ref,1,0,none,4678409375,4678425088,15713,3125,9463,88,1,0,random_50,0,1
1,stress_random,20006,4497,4497,r_4497,0,qualified_ref,1,0,none,4679434375,4679450088,15713,3125,9463,88,1,0,random_50,0,1
1,stress_random,20006,4498,4498,r_4498,0,qualified_ref,1,0,none,4680459375,4680475088,15713,3125,9463,88,1,0,random_50,0,1
1,stress_random,20006,4499,4499,r_4499,0,qualified_ref,1,0,none,4681484375,4681500088,15713,3125,9463,88,1,0,random_50,0,1
1,stress_random,20006,4500,4500,r_4500,0,qualified_ref,1,0,none,4686609375,4686625088,15713,3125,9463,88,15,0,random_50,0,1
1,stress_random,20006,4501,4501,r_4501,0,qualified_ref,1,0,none,4687634375,4687650088,15713,3125,9463,88,15,0,random_50,0,1
1,stress_random,20006,4502,4502,r_4502,0,qualified_ref,1,0,none,4688659375,4688675088,15713,3125,9463,88,15,0,random_50,0,1
1,stress_random,20006,4503,4503,r_4503,0,qualified_ref,1,0,none,4689684375,4689700088,15713,3125,9463,88,15,0,random_50,0,1
1,stress_random,20006,4504,4504,r_4504,0,qualified_ref,1,0,none,4690709375,4690725088,15713,3125,9463,88,15,0,random_50,0,1
1,stress_random,20006,4505,4505,r_4505,0,qualified_ref,1,0,none,4691734375,4691750088,15713,3125,9463,88,15,0,random_50,0,1
1,stress_random,20006,4506,4506,r_4506,0,qualified_ref,1,0,none,4692759375,4692775088,15713,3125,9463,88,15,0,random_50,0,1
1,stress_random,20006,4507,4507,r_4507,0,qualified_ref,1,0,none,4693784375,4693800088,15713,3125,9463,88,15,0,random_50,0,1
1,stress_random,20006,4508,4508,r_4508,0,qualified_ref,1,0,none,4694809375,4694825088,15713,3125,9463,88,15,0,random_50,0,1
1,stress_random,20006,4509,4509,r_4509,0,qualified_ref,1,0,none,4695834375,4695850088,15713,3125,9463,88,15,0,random_50,0,1
1,stress_random,20006,4510,4510,r_4510,0,qualified_ref,1,0,none,4696859375,4696875088,15713,3125,9463,88,15,0,random_50,0,1
1,stress_random,20006,4511,4511,r_4511,0,qualified_ref,1,0,none,4697884375,4697900088,15713,3125,9463,88,15,0,random_50,0,1
1,stress_random,20006,4512,4512,r_4512,0,qualified_ref,1,0,none,4698909375,4698925088,15713,3125,9463,88,15,0,random_50,0,1
1,stress_random,20006,4513,4513,r_4513,0,qualified_ref,1,0,none,4699934375,4699950088,15713,3125,9463,88,15,0,random_50,0,1
1,stress_random,20006,4514,4514,r_4514,0,qualified_ref,1,0,none,4700959375,4700975088,15713,3125,9463,88,15,0,random_50,0,1
1,stress_random,20006,4515,4515,r_4515,0,qualified_ref,1,0,none,4701984375,4702000088,15713,3125,9463,88,15,0,random_50,0,1
1,stress_random,20006,4516,4516,r_4516,0,qualified_ref,1,0,none,4703009375,4703025088,15713,3125,9463,88,15,0,random_50,0,1
1,stress_random,20006,4517,4517,r_4517,0,qualified_ref,1,0,none,4704034375,4704050088,15713,3125,9463,88,15,0,random_50,0,1
1,stress_random,20006,4518,4518,r_4518,0,qualified_ref,1,0,none,4705059375,4705075088,15713,3125,9463,88,15,0,random_50,0,1
1,stress_random,20006,4519,4519,r_4519,0,qualified_ref,1,0,none,4706084375,4706100088,15713,3125,9463,88,15,0,random_50,0,1
1,stress_random,20006,4520,4520,r_4520,0,qualified_ref,1,0,none,4707109375,4707125088,15713,3125,9463,88,15,0,random_50,0,1
1,stress_random,20006,4521,4521,r_4521,0,qualified_ref,1,0,none,4708134375,4708150088,15713,3125,9463,88,15,0,random_50,0,1
1,stress_random,20006,4522,4522,r_4522,0,qualified_ref,1,0,none,4709159375,4709175088,15713,3125,9463,88,15,0,random_50,0,1
1,stress_random,20006,4523,4523,r_4523,0,qualified_ref,1,0,none,4710184375,4710200088,15713,3125,9463,88,15,0,random_50,0,1
1,stress_random,20006,4524,4524,r_4524,0,qualified_ref,1,0,none,4711209375,4711225088,15713,3125,9463,88,15,0,random_50,0,1
1,stress_random,20006,4525,4525,r_4525,0,qualified_ref,1,0,none,4712234375,4712250088,15713,3125,9463,88,15,0,random_50,0,1
1,stress_random,20006,4526,4526,r_4526,0,qualified_ref,1,0,none,4713259375,4713275088,15713,3125,9463,88,15,0,random_50,0,1
1,stress_random,20006,4527,4527,r_4527,0,qualified_ref,1,0,none,4714284375,4714300088,15713,3125,9463,88,15,0,random_50,0,1
1,stress_random,20006,4528,4528,r_4528,0,qualified_ref,1,0,none,4715309375,4715325088,15713,3125,9463,88,15,0,random_50,0,1
1,stress_random,20006,4529,4529,r_4529,0,qualified_ref,1,0,none,4716334375,4716350088,15713,3125,9463,88,15,0,random_50,0,1
1,stress_random,20006,4530,4530,r_4530,0,qualified_ref,1,0,none,4717359375,4717375088,15713,3125,9463,88,15,0,random_50,0,1
1,stress_random,20006,4531,4531,r_4531,0,qualified_ref,1,0,none,4718384375,4718400088,15713,3125,9463,88,15,0,random_50,0,1
1,stress_random,20006,4532,4532,r_4532,0,qualified_ref,1,0,none,4719409375,4719425088,15713,3125,9463,88,15,0,random_50,0,1
1,stress_random,20006,4533,4533,r_4533,0,qualified_ref,1,0,none,4720434375,4720450088,15713,3125,9463,88,15,0,random_50,0,1
1,stress_random,20006,4534,4534,r_4534,0,qualified_ref,1,0,none,4721459375,4721475088,15713,3125,9463,88,15,0,random_50,0,1
1,stress_random,20006,4535,4535,r_4535,0,qualified_ref,1,0,none,4722484375,4722500088,15713,3125,9463,88,15,0,random_50,0,1
1,stress_random,20006,4536,4536,r_4536,0,qualified_ref,1,0,none,4723509375,4723525088,15713,3125,9463,88,15,0,random_50,0,1
1,stress_random,20006,4537,4537,r_4537,0,qualified_ref,1,0,none,4724534375,4724550088,15713,3125,9463,88,15,0,random_50,0,1
1,stress_random,20006,4538,4538,r_4538,0,qualified_ref,1,0,none,4725559375,4725575088,15713,3125,9463,88,15,0,random_50,0,1
1,stress_random,20006,4539,4539,r_4539,0,qualified_ref,1,0,none,4726584375,4726600088,15713,3125,9463,88,15,0,random_50,0,1
1,stress_random,20006,4540,4540,r_4540,0,qualified_ref,1,0,none,4727609375,4727625088,15713,3125,9463,88,15,0,random_50,0,1
1,stress_random,20006,4541,4541,r_4541,0,qualified_ref,1,0,none,4728634375,4728650088,15713,3125,9463,88,15,0,random_50,0,1
1,stress_random,20006,4542,4542,r_4542,0,qualified_ref,1,0,none,4729659375,4729675088,15713,3125,9463,88,15,0,random_50,0,1
1,stress_random,20006,4543,4543,r_4543,0,qualified_ref,1,0,none,4730684375,4730700088,15713,3125,9463,88,15,0,random_50,0,1
1,stress_random,20006,4544,4544,r_4544,0,qualified_ref,1,0,none,4731709375,4731725088,15713,3125,9463,88,15,0,random_50,0,1
1,stress_random,20006,4545,4545,r_4545,0,qualified_ref,1,0,none,4732734375,4732750088,15713,3125,9463,88,15,0,random_50,0,1
1,stress_random,20006,4546,4546,r_4546,0,qualified_ref,1,0,none,4733759375,4733775088,15713,3125,9463,88,15,0,random_50,0,1
1,stress_random,20006,4547,4547,r_4547,0,qualified_ref,1,0,none,4734784375,4734800088,15713,3125,9463,88,15,0,random_50,0,1
1,stress_random,20006,4548,4548,r_4548,0,qualified_ref,1,0,none,4735809375,4735825088,15713,3125,9463,88,15,0,random_50,0,1
1,stress_random,20006,4549,4549,r_4549,0,qualified_ref,1,0,none,4736834375,4736850088,15713,3125,9463,88,15,0,random_50,0,1
1,stress_random,20006,4550,4550,r_4550,0,qualified_ref,1,0,none,4737859375,4737875088,15713,3125,9463,88,15,0,random_50,0,1
1,stress_random,20006,4551,4551,r_4551,0,qualified_ref,1,0,none,4738884375,4738900088,15713,3125,9463,88,15,0,random_50,0,1
1,stress_random,20006,4552,4552,r_4552,0,qualified_ref,1,0,none,4739909375,4739925088,15713,3125,9463,88,15,0,random_50,0,1
1,stress_random,20006,4553,4553,r_4553,0,qualified_ref,1,0,none,4740934375,4740950088,15713,3125,9463,88,15,0,random_50,0,1
1,stress_random,20006,4554,4554,r_4554,0,qualified_ref,1,0,none,4741959375,4741975088,15713,3125,9463,88,15,0,random_50,0,1
1,stress_random,20006,4555,4555,r_4555,0,qualified_ref,1,0,none,4742984375,4743000088,15713,3125,9463,88,15,0,random_50,0,1
1,stress_random,20006,4556,4556,r_4556,0,qualified_ref,1,0,none,4744009375,4744025088,15713,3125,9463,88,15,0,random_50,0,1
1,stress_random,20006,4557,4557,r_4557,0,qualified_ref,1,0,none,4745034375,4745050088,15713,3125,9463,88,15,0,random_50,0,1
1,stress_random,20006,4558,4558,r_4558,0,qualified_ref,1,0,none,4746059375,4746075088,15713,3125,9463,88,15,0,random_50,0,1
1,stress_random,20006,4559,4559,r_4559,0,qualified_ref,1,0,none,4747084375,4747100088,15713,3125,9463,88,15,0,random_50,0,1
1,stress_random,20006,4560,4560,r_4560,0,qualified_ref,1,0,none,4748109375,4748125088,15713,3125,9463,88,15,0,random_50,0,1
1,stress_random,20006,4561,4561,r_4561,0,qualified_ref,1,0,none,4749134375,4749150088,15713,3125,9463,88,15,0,random_50,0,1
1,stress_random,20006,4562,4562,r_4562,0,qualified_ref,1,0,none,4750159375,4750175088,15713,3125,9463,88,15,0,random_50,0,1
1,stress_random,20006,4563,4563,r_4563,0,qualified_ref,1,0,none,4751184375,4751200088,15713,3125,9463,88,15,0,random_50,0,1
1,stress_random,20006,4564,4564,r_4564,0,qualified_ref,1,0,none,4752209375,4752225088,15713,3125,9463,88,15,0,random_50,0,1
1,stress_random,20006,4565,4565,r_4565,0,qualified_ref,1,0,none,4753234375,4753250088,15713,3125,9463,88,15,0,random_50,0,1
1,stress_random,20006,4566,4566,r_4566,0,qualified_ref,1,0,none,4754259375,4754275088,15713,3125,9463,88,15,0,random_50,0,1
1,stress_random,20006,4567,4567,r_4567,0,qualified_ref,1,0,none,4755284375,4755300088,15713,3125,9463,88,15,0,random_50,0,1
1,stress_random,20006,4568,4568,r_4568,0,qualified_ref,1,0,none,4756309375,4756325088,15713,3125,9463,88,15,0,random_50,0,1
1,stress_random,20006,4569,4569,r_4569,0,qualified_ref,1,0,none,4757334375,4757350088,15713,3125,9463,88,15,0,random_50,0,1
1,stress_random,20006,4570,4570,r_4570,0,qualified_ref,1,0,none,4758359375,4758375088,15713,3125,9463,88,15,0,random_50,0,1
1,stress_random,20006,4571,4571,r_4571,0,qualified_ref,1,0,none,4759384375,4759400088,15713,3125,9463,88,15,0,random_50,0,1
1,stress_random,20006,4572,4572,r_4572,0,qualified_ref,1,0,none,4760409375,4760425088,15713,3125,9463,88,15,0,random_50,0,1
1,stress_random,20006,4573,4573,r_4573,0,qualified_ref,1,0,none,4761434375,4761450088,15713,3125,9463,88,15,0,random_50,0,1
1,stress_random,20006,4574,4574,r_4574,0,qualified_ref,1,0,none,4762459375,4762475088,15713,3125,9463,88,15,0,random_50,0,1
1,stress_random,20006,4575,4575,r_4575,0,qualified_ref,1,0,none,4763484375,4763500088,15713,3125,9463,88,15,0,random_50,0,1
1,stress_random,20006,4576,4576,r_4576,0,qualified_ref,1,0,none,4764509375,4764525088,15713,3125,9463,88,15,0,random_50,0,1
1,stress_random,20006,4577,4577,r_4577,0,qualified_ref,1,0,none,4765534375,4765550088,15713,3125,9463,88,15,0,random_50,0,1
1,stress_random,20006,4578,4578,r_4578,0,qualified_ref,1,0,none,4766559375,4766575088,15713,3125,9463,88,15,0,random_50,0,1
1,stress_random,20006,4579,4579,r_4579,0,qualified_ref,1,0,none,4767584375,4767600088,15713,3125,9463,88,15,0,random_50,0,1
1,stress_random,20006,4580,4580,r_4580,0,qualified_ref,1,0,none,4768609375,4768625088,15713,3125,9463,88,15,0,random_50,0,1
1,stress_random,20006,4581,4581,r_4581,0,qualified_ref,1,0,none,4769634375,4769650088,15713,3125,9463,88,15,0,random_50,0,1
1,stress_random,20006,4582,4582,r_4582,0,qualified_ref,1,0,none,4770659375,4770675088,15713,3125,9463,88,15,0,random_50,0,1
1,stress_random,20006,4583,4583,r_4583,0,qualified_ref,1,0,none,4771684375,4771700088,15713,3125,9463,88,15,0,random_50,0,1
1,stress_random,20006,4584,4584,r_4584,0,qualified_ref,1,0,none,4772709375,4772725088,15713,3125,9463,88,15,0,random_50,0,1
1,stress_random,20006,4585,4585,r_4585,0,qualified_ref,1,0,none,4773734375,4773750088,15713,3125,9463,88,15,0,random_50,0,1
1,stress_random,20006,4586,4586,r_4586,0,qualified_ref,1,0,none,4774759375,4774775088,15713,3125,9463,88,15,0,random_50,0,1
1,stress_random,20006,4587,4587,r_4587,0,qualified_ref,1,0,none,4775784375,4775800088,15713,3125,9463,88,15,0,random_50,0,1
1,stress_random,20006,4588,4588,r_4588,0,qualified_ref,1,0,none,4776809375,4776825088,15713,3125,9463,88,15,0,random_50,0,1
1,stress_random,20006,4589,4589,r_4589,0,qualified_ref,1,0,none,4777834375,4777850088,15713,3125,9463,88,15,0,random_50,0,1
1,stress_random,20006,4590,4590,r_4590,0,qualified_ref,1,0,none,4778859375,4778875088,15713,3125,9463,88,15,0,random_50,0,1
1,stress_random,20006,4591,4591,r_4591,0,qualified_ref,1,0,none,4779884375,4779900088,15713,3125,9463,88,15,0,random_50,0,1
1,stress_random,20006,4592,4592,r_4592,0,qualified_ref,1,0,none,4780909375,4780925088,15713,3125,9463,88,15,0,random_50,0,1
1,stress_random,20006,4593,4593,r_4593,0,qualified_ref,1,0,none,4781934375,4781950088,15713,3125,9463,88,15,0,random_50,0,1
1,stress_random,20006,4594,4594,r_4594,0,qualified_ref,1,0,none,4782959375,4782975088,15713,3125,9463,88,15,0,random_50,0,1
1,stress_random,20006,4595,4595,r_4595,0,qualified_ref,1,0,none,4783984375,4784000088,15713,3125,9463,88,15,0,random_50,0,1
1,stress_random,20006,4596,4596,r_4596,0,qualified_ref,1,0,none,4785009375,4785025088,15713,3125,9463,88,15,0,random_50,0,1
1,stress_random,20006,4597,4597,r_4597,0,qualified_ref,1,0,none,4786034375,4786050088,15713,3125,9463,88,15,0,random_50,0,1
1,stress_random,20006,4598,4598,r_4598,0,qualified_ref,1,0,none,4787059375,4787075088,15713,3125,9463,88,15,0,random_50,0,1
1,stress_random,20006,4599,4599,r_4599,0,qualified_ref,1,0,none,4788084375,4788100088,15713,3125,9463,88,15,0,random_50,0,1
1,stress_random,20006,4600,4600,r_4600,0,qualified_ref,1,0,none,4789109375,4789125088,15713,3125,9463,88,15,0,random_50,0,1
1,stress_random,20006,4601,4601,r_4601,0,qualified_ref,1,0,none,4790134375,4790150088,15713,3125,9463,88,15,0,random_50,0,1
1,stress_random,20006,4602,4602,r_4602,0,qualified_ref,1,0,none,4791159375,4791175088,15713,3125,9463,88,15,0,random_50,0,1
1,stress_random,20006,4603,4603,r_4603,0,qualified_ref,1,0,none,4792184375,4792200088,15713,3125,9463,88,15,0,random_50,0,1
1,stress_random,20006,4604,4604,r_4604,0,qualified_ref,1,0,none,4793209375,4793225088,15713,3125,9463,88,15,0,random_50,0,1
1,stress_random,20006,4605,4605,r_4605,0,qualified_ref,1,0,none,4794234375,4794250088,15713,3125,9463,88,15,0,random_50,0,1
1,stress_random,20006,4606,4606,r_4606,0,qualified_ref,1,0,none,4795259375,4795275088,15713,3125,9463,88,15,0,random_50,0,1
1,stress_random,20006,4607,4607,r_4607,0,qualified_ref,1,0,none,4796284375,4796300088,15713,3125,9463,88,15,0,random_50,0,1
1,stress_random,20006,4608,4608,r_4608,0,qualified_ref,1,0,none,4797309375,4797325088,15713,3125,9463,88,15,0,random_50,0,1
1,stress_random,20006,4609,4609,r_4609,0,qualified_ref,1,0,none,4798334375,4798350088,15713,3125,9463,88,15,0,random_50,0,1
1,stress_random,20006,4610,4610,r_4610,0,qualified_ref,1,0,none,4799359375,4799375088,15713,3125,9463,88,15,0,random_50,0,1
1,stress_random,20006,4611,4611,r_4611,0,qualified_ref,1,0,none,4800384375,4800400088,15713,3125,9463,88,15,0,random_50,0,1
1,stress_random,20006,4612,4612,r_4612,0,qualified_ref,1,0,none,4801409375,4801425088,15713,3125,9463,88,15,0,random_50,0,1
1,stress_random,20006,4613,4613,r_4613,0,qualified_ref,1,0,none,4802434375,4802450088,15713,3125,9463,88,15,0,random_50,0,1
1,stress_random,20006,4614,4614,r_4614,0,qualified_ref,1,0,none,4803459375,4803475088,15713,3125,9463,88,15,0,random_50,0,1
1,stress_random,20006,4615,4615,r_4615,0,qualified_ref,1,0,none,4804484375,4804500088,15713,3125,9463,88,15,0,random_50,0,1
1,stress_random,20006,4616,4616,r_4616,0,qualified_ref,1,0,none,4805509375,4805525088,15713,3125,9463,88,15,0,random_50,0,1
1,stress_random,20006,4617,4617,r_4617,0,qualified_ref,1,0,none,4806534375,4806550088,15713,3125,9463,88,15,0,random_50,0,1
1,stress_random,20006,4618,4618,r_4618,0,qualified_ref,1,0,none,4807559375,4807575088,15713,3125,9463,88,15,0,random_50,0,1
1,stress_random,20006,4619,4619,r_4619,0,qualified_ref,1,0,none,4808584375,4808600088,15713,3125,9463,88,15,0,random_50,0,1
1,stress_random,20006,4620,4620,r_4620,0,qualified_ref,1,0,none,4809609375,4809625088,15713,3125,9463,88,15,0,random_50,0,1
1,stress_random,20006,4621,4621,r_4621,0,qualified_ref,1,0,none,4810634375,4810650088,15713,3125,9463,88,15,0,random_50,0,1
1,stress_random,20006,4622,4622,r_4622,0,qualified_ref,1,0,none,4811659375,4811675088,15713,3125,9463,88,15,0,random_50,0,1
1,stress_random,20006,4623,4623,r_4623,0,qualified_ref,1,0,none,4812684375,4812700088,15713,3125,9463,88,15,0,random_50,0,1
1,stress_random,20006,4624,4624,r_4624,0,qualified_ref,1,0,none,4813709375,4813725088,15713,3125,9463,88,15,0,random_50,0,1
1,stress_random,20006,4625,4625,r_4625,0,qualified_ref,1,0,none,4814734375,4814750088,15713,3125,9463,88,15,0,random_50,0,1
1,stress_random,20006,4626,4626,r_4626,0,qualified_ref,1,0,none,4815759375,4815775088,15713,3125,9463,88,15,0,random_50,0,1
1,stress_random,20006,4627,4627,r_4627,0,qualified_ref,1,0,none,4816784375,4816800088,15713,3125,9463,88,15,0,random_50,0,1
1,stress_random,20006,4628,4628,r_4628,0,qualified_ref,1,0,none,4817809375,4817825088,15713,3125,9463,88,15,0,random_50,0,1
1,stress_random,20006,4629,4629,r_4629,0,qualified_ref,1,0,none,4818834375,4818850088,15713,3125,9463,88,15,0,random_50,0,1
1,stress_random,20006,4630,4630,r_4630,0,qualified_ref,1,0,none,4819859375,4819875088,15713,3125,9463,88,15,0,random_50,0,1
1,stress_random,20006,4631,4631,r_4631,0,qualified_ref,1,0,none,4820884375,4820900088,15713,3125,9463,88,15,0,random_50,0,1
1,stress_random,20006,4632,4632,r_4632,0,qualified_ref,1,0,none,4821909375,4821925088,15713,3125,9463,88,15,0,random_50,0,1
1,stress_random,20006,4633,4633,r_4633,0,qualified_ref,1,0,none,4822934375,4822950088,15713,3125,9463,88,15,0,random_50,0,1
1,stress_random,20006,4634,4634,r_4634,0,qualified_ref,1,0,none,4823959375,4823975088,15713,3125,9463,88,15,0,random_50,0,1
1,stress_random,20006,4635,4635,r_4635,0,qualified_ref,1,0,none,4824984375,4825000088,15713,3125,9463,88,15,0,random_50,0,1
1,stress_random,20006,4636,4636,r_4636,0,qualified_ref,1,0,none,4826009375,4826025088,15713,3125,9463,88,15,0,random_50,0,1
1,stress_random,20006,4637,4637,r_4637,0,qualified_ref,1,0,none,4827034375,4827050088,15713,3125,9463,88,15,0,random_50,0,1
1,stress_random,20006,4638,4638,r_4638,0,qualified_ref,1,0,none,4828059375,4828075088,15713,3125,9463,88,15,0,random_50,0,1
1,stress_random,20006,4639,4639,r_4639,0,qualified_ref,1,0,none,4829084375,4829100088,15713,3125,9463,88,15,0,random_50,0,1
1,stress_random,20006,4640,4640,r_4640,0,qualified_ref,1,0,none,4830109375,4830125088,15713,3125,9463,88,15,0,random_50,0,1
1,stress_random,20006,4641,4641,r_4641,0,qualified_ref,1,0,none,4831134375,4831150088,15713,3125,9463,88,15,0,random_50,0,1
1,stress_random,20006,4642,4642,r_4642,0,qualified_ref,1,0,none,4832159375,4832175088,15713,3125,9463,88,15,0,random_50,0,1
1,stress_random,20006,4643,4643,r_4643,0,qualified_ref,1,0,none,4833184375,4833200088,15713,3125,9463,88,15,0,random_50,0,1
1,stress_random,20006,4644,4644,r_4644,0,qualified_ref,1,0,none,4834209375,4834225088,15713,3125,9463,88,15,0,random_50,0,1
1,stress_random,20006,4645,4645,r_4645,0,qualified_ref,1,0,none,4835234375,4835250088,15713,3125,9463,88,15,0,random_50,0,1
1,stress_random,20006,4646,4646,r_4646,0,qualified_ref,1,0,none,4836259375,4836275088,15713,3125,9463,88,15,0,random_50,0,1
1,stress_random,20006,4647,4647,r_4647,0,qualified_ref,1,0,none,4837284375,4837300088,15713,3125,9463,88,15,0,random_50,0,1
1,stress_random,20006,4648,4648,r_4648,0,qualified_ref,1,0,none,4838309375,4838325088,15713,3125,9463,88,15,0,random_50,0,1
1,stress_random,20006,4649,4649,r_4649,0,qualified_ref,1,0,none,4839334375,4839350088,15713,3125,9463,88,15,0,random_50,0,1
1,stress_random,20006,4650,4650,r_4650,0,qualified_ref,1,0,none,4840359375,4840375088,15713,3125,9463,88,15,0,random_50,0,1
1,stress_random,20006,4651,4651,r_4651,0,qualified_ref,1,0,none,4841384375,4841400088,15713,3125,9463,88,15,0,random_50,0,1
1,stress_random,20006,4652,4652,r_4652,0,qualified_ref,1,0,none,4842409375,4842425088,15713,3125,9463,88,15,0,random_50,0,1
1,stress_random,20006,4653,4653,r_4653,0,qualified_ref,1,0,none,4843434375,4843450088,15713,3125,9463,88,15,0,random_50,0,1
1,stress_random,20006,4654,4654,r_4654,0,qualified_ref,1,0,none,4844459375,4844475088,15713,3125,9463,88,15,0,random_50,0,1
1,stress_random,20006,4655,4655,r_4655,0,qualified_ref,1,0,none,4845484375,4845500088,15713,3125,9463,88,15,0,random_50,0,1
1,stress_random,20006,4656,4656,r_4656,0,qualified_ref,1,0,none,4846509375,4846525088,15713,3125,9463,88,15,0,random_50,0,1
1,stress_random,20006,4657,4657,r_4657,0,qualified_ref,1,0,none,4847534375,4847550088,15713,3125,9463,88,15,0,random_50,0,1
1,stress_random,20006,4658,4658,r_4658,0,qualified_ref,1,0,none,4848559375,4848575088,15713,3125,9463,88,15,0,random_50,0,1
1,stress_random,20006,4659,4659,r_4659,0,qualified_ref,1,0,none,4849584375,4849600088,15713,3125,9463,88,15,0,random_50,0,1
1,stress_random,20006,4660,4660,r_4660,0,qualified_ref,1,0,none,4850609375,4850625088,15713,3125,9463,88,15,0,random_50,0,1
1,stress_random,20006,4661,4661,r_4661,0,qualified_ref,1,0,none,4851634375,4851650088,15713,3125,9463,88,15,0,random_50,0,1
1,stress_random,20006,4662,4662,r_4662,0,qualified_ref,1,0,none,4852659375,4852675088,15713,3125,9463,88,15,0,random_50,0,1
1,stress_random,20006,4663,4663,r_4663,0,qualified_ref,1,0,none,4853684375,4853700088,15713,3125,9463,88,15,0,random_50,0,1
1,stress_random,20006,4664,4664,r_4664,0,qualified_ref,1,0,none,4854709375,4854725088,15713,3125,9463,88,15,0,random_50,0,1
1,stress_random,20006,4665,4665,r_4665,0,qualified_ref,1,0,none,4855734375,4855750088,15713,3125,9463,88,15,0,random_50,0,1
1,stress_random,20006,4666,4666,r_4666,0,qualified_ref,1,0,none,4856759375,4856775088,15713,3125,9463,88,15,0,random_50,0,1
1,stress_random,20006,4667,4667,r_4667,0,qualified_ref,1,0,none,4857784375,4857800088,15713,3125,9463,88,15,0,random_50,0,1
1,stress_random,20006,4668,4668,r_4668,0,qualified_ref,1,0,none,4858809375,4858825088,15713,3125,9463,88,15,0,random_50,0,1
1,stress_random,20006,4669,4669,r_4669,0,qualified_ref,1,0,none,4859834375,4859850088,15713,3125,9463,88,15,0,random_50,0,1
1,stress_random,20006,4670,4670,r_4670,0,qualified_ref,1,0,none,4860859375,4860875088,15713,3125,9463,88,15,0,random_50,0,1
1,stress_random,20006,4671,4671,r_4671,0,qualified_ref,1,0,none,4861884375,4861900088,15713,3125,9463,88,15,0,random_50,0,1
1,stress_random,20006,4672,4672,r_4672,0,qualified_ref,1,0,none,4862909375,4862925088,15713,3125,9463,88,15,0,random_50,0,1
1,stress_random,20006,4673,4673,r_4673,0,qualified_ref,1,0,none,4863934375,4863950088,15713,3125,9463,88,15,0,random_50,0,1
1,stress_random,20006,4674,4674,r_4674,0,qualified_ref,1,0,none,4864959375,4864975088,15713,3125,9463,88,15,0,random_50,0,1
1,stress_random,20006,4675,4675,r_4675,0,qualified_ref,1,0,none,4865984375,4866000088,15713,3125,9463,88,15,0,random_50,0,1
1,stress_random,20006,4676,4676,r_4676,0,qualified_ref,1,0,none,4867009375,4867025088,15713,3125,9463,88,15,0,random_50,0,1
1,stress_random,20006,4677,4677,r_4677,0,qualified_ref,1,0,none,4868034375,4868050088,15713,3125,9463,88,15,0,random_50,0,1
1,stress_random,20006,4678,4678,r_4678,0,qualified_ref,1,0,none,4869059375,4869075088,15713,3125,9463,88,15,0,random_50,0,1
1,stress_random,20006,4679,4679,r_4679,0,qualified_ref,1,0,none,4870084375,4870100088,15713,3125,9463,88,15,0,random_50,0,1
1,stress_random,20006,4680,4680,r_4680,0,qualified_ref,1,0,none,4871109375,4871125088,15713,3125,9463,88,15,0,random_50,0,1
1,stress_random,20006,4681,4681,r_4681,0,qualified_ref,1,0,none,4872134375,4872150088,15713,3125,9463,88,15,0,random_50,0,1
1,stress_random,20006,4682,4682,r_4682,0,qualified_ref,1,0,none,4873159375,4873175088,15713,3125,9463,88,15,0,random_50,0,1
1,stress_random,20006,4683,4683,r_4683,0,qualified_ref,1,0,none,4874184375,4874200088,15713,3125,9463,88,15,0,random_50,0,1
1,stress_random,20006,4684,4684,r_4684,0,qualified_ref,1,0,none,4875209375,4875225088,15713,3125,9463,88,15,0,random_50,0,1
1,stress_random,20006,4685,4685,r_4685,0,qualified_ref,1,0,none,4876234375,4876250088,15713,3125,9463,88,15,0,random_50,0,1
1,stress_random,20006,4686,4686,r_4686,0,qualified_ref,1,0,none,4877259375,4877275088,15713,3125,9463,88,15,0,random_50,0,1
1,stress_random,20006,4687,4687,r_4687,0,qualified_ref,1,0,none,4878284375,4878300088,15713,3125,9463,88,15,0,random_50,0,1
1,stress_random,20006,4688,4688,r_4688,0,qualified_ref,1,0,none,4879309375,4879325088,15713,3125,9463,88,15,0,random_50,0,1
1,stress_random,20006,4689,4689,r_4689,0,qualified_ref,1,0,none,4880334375,4880350088,15713,3125,9463,88,15,0,random_50,0,1
1,stress_random,20006,4690,4690,r_4690,0,qualified_ref,1,0,none,4881359375,4881375088,15713,3125,9463,88,15,0,random_50,0,1
1,stress_random,20006,4691,4691,r_4691,0,qualified_ref,1,0,none,4882384375,4882400088,15713,3125,9463,88,15,0,random_50,0,1
1,stress_random,20006,4692,4692,r_4692,0,qualified_ref,1,0,none,4883409375,4883425088,15713,3125,9463,88,15,0,random_50,0,1
1,stress_random,20006,4693,4693,r_4693,0,qualified_ref,1,0,none,4884434375,4884450088,15713,3125,9463,88,15,0,random_50,0,1
1,stress_random,20006,4694,4694,r_4694,0,qualified_ref,1,0,none,4885459375,4885475088,15713,3125,9463,88,15,0,random_50,0,1
1,stress_random,20006,4695,4695,r_4695,0,qualified_ref,1,0,none,4886484375,4886500088,15713,3125,9463,88,15,0,random_50,0,1
1,stress_random,20006,4696,4696,r_4696,0,qualified_ref,1,0,none,4887509375,4887525088,15713,3125,9463,88,15,0,random_50,0,1
1,stress_random,20006,4697,4697,r_4697,0,qualified_ref,1,0,none,4888534375,4888550088,15713,3125,9463,88,15,0,random_50,0,1
1,stress_random,20006,4698,4698,r_4698,0,qualified_ref,1,0,none,4889559375,4889575088,15713,3125,9463,88,15,0,random_50,0,1
1,stress_random,20006,4699,4699,r_4699,0,qualified_ref,1,0,none,4890584375,4890600088,15713,3125,9463,88,15,0,random_50,0,1
1,stress_random,20006,4700,4700,r_4700,0,qualified_ref,1,0,none,4891609375,4891625088,15713,3125,9463,88,15,0,random_50,0,1
1,stress_random,20006,4701,4701,r_4701,0,qualified_ref,1,0,none,4892634375,4892650088,15713,3125,9463,88,15,0,random_50,0,1
1,stress_random,20006,4702,4702,r_4702,0,qualified_ref,1,0,none,4893659375,4893675088,15713,3125,9463,88,15,0,random_50,0,1
1,stress_random,20006,4703,4703,r_4703,0,qualified_ref,1,0,none,4894684375,4894700088,15713,3125,9463,88,15,0,random_50,0,1
1,stress_random,20006,4704,4704,r_4704,0,qualified_ref,1,0,none,4895709375,4895725088,15713,3125,9463,88,15,0,random_50,0,1
1,stress_random,20006,4705,4705,r_4705,0,qualified_ref,1,0,none,4896734375,4896750088,15713,3125,9463,88,15,0,random_50,0,1
1,stress_random,20006,4706,4706,r_4706,0,qualified_ref,1,0,none,4897759375,4897775088,15713,3125,9463,88,15,0,random_50,0,1
1,stress_random,20006,4707,4707,r_4707,0,qualified_ref,1,0,none,4898784375,4898800088,15713,3125,9463,88,15,0,random_50,0,1
1,stress_random,20006,4708,4708,r_4708,0,qualified_ref,1,0,none,4899809375,4899825088,15713,3125,9463,88,15,0,random_50,0,1
1,stress_random,20006,4709,4709,r_4709,0,qualified_ref,1,0,none,4900834375,4900850088,15713,3125,9463,88,15,0,random_50,0,1
1,stress_random,20006,4710,4710,r_4710,0,qualified_ref,1,0,none,4901859375,4901875088,15713,3125,9463,88,15,0,random_50,0,1
1,stress_random,20006,4711,4711,r_4711,0,qualified_ref,1,0,none,4902884375,4902900088,15713,3125,9463,88,15,0,random_50,0,1
1,stress_random,20006,4712,4712,r_4712,0,qualified_ref,1,0,none,4903909375,4903925088,15713,3125,9463,88,15,0,random_50,0,1
1,stress_random,20006,4713,4713,r_4713,0,qualified_ref,1,0,none,4904934375,4904950088,15713,3125,9463,88,15,0,random_50,0,1
1,stress_random,20006,4714,4714,r_4714,0,qualified_ref,1,0,none,4905959375,4905975088,15713,3125,9463,88,15,0,random_50,0,1
1,stress_random,20006,4715,4715,r_4715,0,qualified_ref,1,0,none,4906984375,4907000088,15713,3125,9463,88,15,0,random_50,0,1
1,stress_random,20006,4716,4716,r_4716,0,qualified_ref,1,0,none,4908009375,4908025088,15713,3125,9463,88,15,0,random_50,0,1
1,stress_random,20006,4717,4717,r_4717,0,qualified_ref,1,0,none,4909034375,4909050088,15713,3125,9463,88,15,0,random_50,0,1
1,stress_random,20006,4718,4718,r_4718,0,qualified_ref,1,0,none,4910059375,4910075088,15713,3125,9463,88,15,0,random_50,0,1
1,stress_random,20006,4719,4719,r_4719,0,qualified_ref,1,0,none,4911084375,4911100088,15713,3125,9463,88,15,0,random_50,0,1
1,stress_random,20006,4720,4720,r_4720,0,qualified_ref,1,0,none,4912109375,4912125088,15713,3125,9463,88,15,0,random_50,0,1
1,stress_random,20006,4721,4721,r_4721,0,qualified_ref,1,0,none,4913134375,4913150088,15713,3125,9463,88,15,0,random_50,0,1
1,stress_random,20006,4722,4722,r_4722,0,qualified_ref,1,0,none,4914159375,4914175088,15713,3125,9463,88,15,0,random_50,0,1
1,stress_random,20006,4723,4723,r_4723,0,qualified_ref,1,0,none,4915184375,4915200088,15713,3125,9463,88,15,0,random_50,0,1
1,stress_random,20006,4724,4724,r_4724,0,qualified_ref,1,0,none,4916209375,4916225088,15713,3125,9463,88,15,0,random_50,0,1
1,stress_random,20006,4725,4725,r_4725,0,qualified_ref,1,0,none,4917234375,4917250088,15713,3125,9463,88,15,0,random_50,0,1
1,stress_random,20006,4726,4726,r_4726,0,qualified_ref,1,0,none,4918259375,4918275088,15713,3125,9463,88,15,0,random_50,0,1
1,stress_random,20006,4727,4727,r_4727,0,qualified_ref,1,0,none,4919284375,4919300088,15713,3125,9463,88,15,0,random_50,0,1
1,stress_random,20006,4728,4728,r_4728,0,qualified_ref,1,0,none,4920309375,4920325088,15713,3125,9463,88,15,0,random_50,0,1
1,stress_random,20006,4729,4729,r_4729,0,qualified_ref,1,0,none,4921334375,4921350088,15713,3125,9463,88,15,0,random_50,0,1
1,stress_random,20006,4730,4730,r_4730,0,qualified_ref,1,0,none,4922359375,4922375088,15713,3125,9463,88,15,0,random_50,0,1
1,stress_random,20006,4731,4731,r_4731,0,qualified_ref,1,0,none,4923384375,4923400088,15713,3125,9463,88,15,0,random_50,0,1
1,stress_random,20006,4732,4732,r_4732,0,qualified_ref,1,0,none,4924409375,4924425088,15713,3125,9463,88,15,0,random_50,0,1
1,stress_random,20006,4733,4733,r_4733,0,qualified_ref,1,0,none,4925434375,4925450088,15713,3125,9463,88,15,0,random_50,0,1
1,stress_random,20006,4734,4734,r_4734,0,qualified_ref,1,0,none,4926459375,4926475088,15713,3125,9463,88,15,0,random_50,0,1
1,stress_random,20006,4735,4735,r_4735,0,qualified_ref,1,0,none,4927484375,4927500088,15713,3125,9463,88,15,0,random_50,0,1
1,stress_random,20006,4736,4736,r_4736,0,qualified_ref,1,0,none,4928509375,4928525088,15713,3125,9463,88,15,0,random_50,0,1
1,stress_random,20006,4737,4737,r_4737,0,qualified_ref,1,0,none,4929534375,4929550088,15713,3125,9463,88,15,0,random_50,0,1
1,stress_random,20006,4738,4738,r_4738,0,qualified_ref,1,0,none,4930559375,4930575088,15713,3125,9463,88,15,0,random_50,0,1
1,stress_random,20006,4739,4739,r_4739,0,qualified_ref,1,0,none,4931584375,4931600088,15713,3125,9463,88,15,0,random_50,0,1
1,stress_random,20006,4740,4740,r_4740,0,qualified_ref,1,0,none,4932609375,4932625088,15713,3125,9463,88,15,0,random_50,0,1
1,stress_random,20006,4741,4741,r_4741,0,qualified_ref,1,0,none,4933634375,4933650088,15713,3125,9463,88,15,0,random_50,0,1
1,stress_random,20006,4742,4742,r_4742,0,qualified_ref,1,0,none,4934659375,4934675088,15713,3125,9463,88,15,0,random_50,0,1
1,stress_random,20006,4743,4743,r_4743,0,qualified_ref,1,0,none,4935684375,4935700088,15713,3125,9463,88,15,0,random_50,0,1
1,stress_random,20006,4744,4744,r_4744,0,qualified_ref,1,0,none,4936709375,4936725088,15713,3125,9463,88,15,0,random_50,0,1
1,stress_random,20006,4745,4745,r_4745,0,qualified_ref,1,0,none,4937734375,4937750088,15713,3125,9463,88,15,0,random_50,0,1
1,stress_random,20006,4746,4746,r_4746,0,qualified_ref,1,0,none,4938759375,4938775088,15713,3125,9463,88,15,0,random_50,0,1
1,stress_random,20006,4747,4747,r_4747,0,qualified_ref,1,0,none,4939784375,4939800088,15713,3125,9463,88,15,0,random_50,0,1
1,stress_random,20006,4748,4748,r_4748,0,qualified_ref,1,0,none,4940809375,4940825088,15713,3125,9463,88,15,0,random_50,0,1
1,stress_random,20006,4749,4749,r_4749,0,qualified_ref,1,0,none,4941834375,4941850088,15713,3125,9463,88,15,0,random_50,0,1
1,stress_random,20006,4750,4750,r_4750,1,qualified_ref,1,0,none,4946959375,4946975088,15713,3125,9463,88,1,0,random_50,0,1
1,stress_random,20006,4751,4751,r_4751,1,qualified_ref,1,0,none,4947984375,4948000088,15713,3125,9463,88,1,0,random_50,0,1
1,stress_random,20006,4752,4752,r_4752,1,qualified_ref,1,0,none,4949009375,4949025088,15713,3125,9463,88,1,0,random_50,0,1
1,stress_random,20006,4753,4753,r_4753,1,qualified_ref,1,0,none,4950034375,4950050088,15713,3125,9463,88,1,0,random_50,0,1
1,stress_random,20006,4754,4754,r_4754,1,qualified_ref,1,0,none,4951059375,4951075088,15713,3125,9463,88,1,0,random_50,0,1
1,stress_random,20006,4755,4755,r_4755,1,qualified_ref,1,0,none,4952084375,4952100088,15713,3125,9463,88,1,0,random_50,0,1
1,stress_random,20006,4756,4756,r_4756,1,qualified_ref,1,0,none,4953109375,4953125088,15713,3125,9463,88,1,0,random_50,0,1
1,stress_random,20006,4757,4757,r_4757,1,qualified_ref,1,0,none,4954134375,4954150088,15713,3125,9463,88,1,0,random_50,0,1
1,stress_random,20006,4758,4758,r_4758,1,qualified_ref,1,0,none,4955159375,4955175088,15713,3125,9463,88,1,0,random_50,0,1
1,stress_random,20006,4759,4759,r_4759,1,qualified_ref,1,0,none,4956184375,4956200088,15713,3125,9463,88,1,0,random_50,0,1
1,stress_random,20006,4760,4760,r_4760,1,qualified_ref,1,0,none,4957209375,4957225088,15713,3125,9463,88,1,0,random_50,0,1
1,stress_random,20006,4761,4761,r_4761,1,qualified_ref,1,0,none,4958234375,4958250088,15713,3125,9463,88,1,0,random_50,0,1
1,stress_random,20006,4762,4762,r_4762,1,qualified_ref,1,0,none,4959259375,4959275088,15713,3125,9463,88,1,0,random_50,0,1
1,stress_random,20006,4763,4763,r_4763,1,qualified_ref,1,0,none,4960284375,4960300088,15713,3125,9463,88,1,0,random_50,0,1
1,stress_random,20006,4764,4764,r_4764,1,qualified_ref,1,0,none,4961309375,4961325088,15713,3125,9463,88,1,0,random_50,0,1
1,stress_random,20006,4765,4765,r_4765,1,qualified_ref,1,0,none,4962334375,4962350088,15713,3125,9463,88,1,0,random_50,0,1
1,stress_random,20006,4766,4766,r_4766,1,qualified_ref,1,0,none,4963359375,4963375088,15713,3125,9463,88,1,0,random_50,0,1
1,stress_random,20006,4767,4767,r_4767,1,qualified_ref,1,0,none,4964384375,4964400088,15713,3125,9463,88,1,0,random_50,0,1
1,stress_random,20006,4768,4768,r_4768,1,qualified_ref,1,0,none,4965409375,4965425088,15713,3125,9463,88,1,0,random_50,0,1
1,stress_random,20006,4769,4769,r_4769,1,qualified_ref,1,0,none,4966434375,4966450088,15713,3125,9463,88,1,0,random_50,0,1
1,stress_random,20006,4770,4770,r_4770,1,qualified_ref,1,0,none,4967459375,4967475088,15713,3125,9463,88,1,0,random_50,0,1
1,stress_random,20006,4771,4771,r_4771,1,qualified_ref,1,0,none,4968484375,4968500088,15713,3125,9463,88,1,0,random_50,0,1
1,stress_random,20006,4772,4772,r_4772,1,qualified_ref,1,0,none,4969509375,4969525088,15713,3125,9463,88,1,0,random_50,0,1
1,stress_random,20006,4773,4773,r_4773,1,qualified_ref,1,0,none,4970534375,4970550088,15713,3125,9463,88,1,0,random_50,0,1
1,stress_random,20006,4774,4774,r_4774,1,qualified_ref,1,0,none,4971559375,4971575088,15713,3125,9463,88,1,0,random_50,0,1
1,stress_random,20006,4775,4775,r_4775,1,qualified_ref,1,0,none,4972584375,4972600088,15713,3125,9463,88,1,0,random_50,0,1
1,stress_random,20006,4776,4776,r_4776,1,qualified_ref,1,0,none,4973609375,4973625088,15713,3125,9463,88,1,0,random_50,0,1
1,stress_random,20006,4777,4777,r_4777,1,qualified_ref,1,0,none,4974634375,4974650088,15713,3125,9463,88,1,0,random_50,0,1
1,stress_random,20006,4778,4778,r_4778,1,qualified_ref,1,0,none,4975659375,4975675088,15713,3125,9463,88,1,0,random_50,0,1
1,stress_random,20006,4779,4779,r_4779,1,qualified_ref,1,0,none,4976684375,4976700088,15713,3125,9463,88,1,0,random_50,0,1
1,stress_random,20006,4780,4780,r_4780,1,qualified_ref,1,0,none,4977709375,4977725088,15713,3125,9463,88,1,0,random_50,0,1
1,stress_random,20006,4781,4781,r_4781,1,qualified_ref,1,0,none,4978734375,4978750088,15713,3125,9463,88,1,0,random_50,0,1
1,stress_random,20006,4782,4782,r_4782,1,qualified_ref,1,0,none,4979759375,4979775088,15713,3125,9463,88,1,0,random_50,0,1
1,stress_random,20006,4783,4783,r_4783,1,qualified_ref,1,0,none,4980784375,4980800088,15713,3125,9463,88,1,0,random_50,0,1
1,stress_random,20006,4784,4784,r_4784,1,qualified_ref,1,0,none,4981809375,4981825088,15713,3125,9463,88,1,0,random_50,0,1
1,stress_random,20006,4785,4785,r_4785,1,qualified_ref,1,0,none,4982834375,4982850088,15713,3125,9463,88,1,0,random_50,0,1
1,stress_random,20006,4786,4786,r_4786,1,qualified_ref,1,0,none,4983859375,4983875088,15713,3125,9463,88,1,0,random_50,0,1
1,stress_random,20006,4787,4787,r_4787,1,qualified_ref,1,0,none,4984884375,4984900088,15713,3125,9463,88,1,0,random_50,0,1
1,stress_random,20006,4788,4788,r_4788,1,qualified_ref,1,0,none,4985909375,4985925088,15713,3125,9463,88,1,0,random_50,0,1
1,stress_random,20006,4789,4789,r_4789,1,qualified_ref,1,0,none,4986934375,4986950088,15713,3125,9463,88,1,0,random_50,0,1
1,stress_random,20006,4790,4790,r_4790,1,qualified_ref,1,0,none,4987959375,4987975088,15713,3125,9463,88,1,0,random_50,0,1
1,stress_random,20006,4791,4791,r_4791,1,qualified_ref,1,0,none,4988984375,4989000088,15713,3125,9463,88,1,0,random_50,0,1
1,stress_random,20006,4792,4792,r_4792,1,qualified_ref,1,0,none,4990009375,4990025088,15713,3125,9463,88,1,0,random_50,0,1
1,stress_random,20006,4793,4793,r_4793,1,qualified_ref,1,0,none,4991034375,4991050088,15713,3125,9463,88,1,0,random_50,0,1
1,stress_random,20006,4794,4794,r_4794,1,qualified_ref,1,0,none,4992059375,4992075088,15713,3125,9463,88,1,0,random_50,0,1
1,stress_random,20006,4795,4795,r_4795,1,qualified_ref,1,0,none,4993084375,4993100088,15713,3125,9463,88,1,0,random_50,0,1
1,stress_random,20006,4796,4796,r_4796,1,qualified_ref,1,0,none,4994109375,4994125088,15713,3125,9463,88,1,0,random_50,0,1
1,stress_random,20006,4797,4797,r_4797,1,qualified_ref,1,0,none,4995134375,4995150088,15713,3125,9463,88,1,0,random_50,0,1
1,stress_random,20006,4798,4798,r_4798,1,qualified_ref,1,0,none,4996159375,4996175088,15713,3125,9463,88,1,0,random_50,0,1
1,stress_random,20006,4799,4799,r_4799,1,qualified_ref,1,0,none,4997184375,4997200088,15713,3125,9463,88,1,0,random_50,0,1
1,stress_random,20006,4800,4800,r_4800,1,qualified_ref,1,0,none,4998209375,4998225088,15713,3125,9463,88,1,0,random_50,0,1
1,stress_random,20006,4801,4801,r_4801,1,qualified_ref,1,0,none,4999234375,4999250088,15713,3125,9463,88,1,0,random_50,0,1
1,stress_random,20006,4802,4802,r_4802,1,qualified_ref,1,0,none,5000259375,5000275088,15713,3125,9463,88,1,0,random_50,0,1
1,stress_random,20006,4803,4803,r_4803,1,qualified_ref,1,0,none,5001284375,5001300088,15713,3125,9463,88,1,0,random_50,0,1
1,stress_random,20006,4804,4804,r_4804,1,qualified_ref,1,0,none,5002309375,5002325088,15713,3125,9463,88,1,0,random_50,0,1
1,stress_random,20006,4805,4805,r_4805,1,qualified_ref,1,0,none,5003334375,5003350088,15713,3125,9463,88,1,0,random_50,0,1
1,stress_random,20006,4806,4806,r_4806,1,qualified_ref,1,0,none,5004359375,5004375088,15713,3125,9463,88,1,0,random_50,0,1
1,stress_random,20006,4807,4807,r_4807,1,qualified_ref,1,0,none,5005384375,5005400088,15713,3125,9463,88,1,0,random_50,0,1
1,stress_random,20006,4808,4808,r_4808,1,qualified_ref,1,0,none,5006409375,5006425088,15713,3125,9463,88,1,0,random_50,0,1
1,stress_random,20006,4809,4809,r_4809,1,qualified_ref,1,0,none,5007434375,5007450088,15713,3125,9463,88,1,0,random_50,0,1
1,stress_random,20006,4810,4810,r_4810,1,qualified_ref,1,0,none,5008459375,5008475088,15713,3125,9463,88,1,0,random_50,0,1
1,stress_random,20006,4811,4811,r_4811,1,qualified_ref,1,0,none,5009484375,5009500088,15713,3125,9463,88,1,0,random_50,0,1
1,stress_random,20006,4812,4812,r_4812,1,qualified_ref,1,0,none,5010509375,5010525088,15713,3125,9463,88,1,0,random_50,0,1
1,stress_random,20006,4813,4813,r_4813,1,qualified_ref,1,0,none,5011534375,5011550088,15713,3125,9463,88,1,0,random_50,0,1
1,stress_random,20006,4814,4814,r_4814,1,qualified_ref,1,0,none,5012559375,5012575088,15713,3125,9463,88,1,0,random_50,0,1
1,stress_random,20006,4815,4815,r_4815,1,qualified_ref,1,0,none,5013584375,5013600088,15713,3125,9463,88,1,0,random_50,0,1
1,stress_random,20006,4816,4816,r_4816,1,qualified_ref,1,0,none,5014609375,5014625088,15713,3125,9463,88,1,0,random_50,0,1
1,stress_random,20006,4817,4817,r_4817,1,qualified_ref,1,0,none,5015634375,5015650088,15713,3125,9463,88,1,0,random_50,0,1
1,stress_random,20006,4818,4818,r_4818,1,qualified_ref,1,0,none,5016659375,5016675088,15713,3125,9463,88,1,0,random_50,0,1
1,stress_random,20006,4819,4819,r_4819,1,qualified_ref,1,0,none,5017684375,5017700088,15713,3125,9463,88,1,0,random_50,0,1
1,stress_random,20006,4820,4820,r_4820,1,qualified_ref,1,0,none,5018709375,5018725088,15713,3125,9463,88,1,0,random_50,0,1
1,stress_random,20006,4821,4821,r_4821,1,qualified_ref,1,0,none,5019734375,5019750088,15713,3125,9463,88,1,0,random_50,0,1
1,stress_random,20006,4822,4822,r_4822,1,qualified_ref,1,0,none,5020759375,5020775088,15713,3125,9463,88,1,0,random_50,0,1
1,stress_random,20006,4823,4823,r_4823,1,qualified_ref,1,0,none,5021784375,5021800088,15713,3125,9463,88,1,0,random_50,0,1
1,stress_random,20006,4824,4824,r_4824,1,qualified_ref,1,0,none,5022809375,5022825088,15713,3125,9463,88,1,0,random_50,0,1
1,stress_random,20006,4825,4825,r_4825,1,qualified_ref,1,0,none,5023834375,5023850088,15713,3125,9463,88,1,0,random_50,0,1
1,stress_random,20006,4826,4826,r_4826,1,qualified_ref,1,0,none,5024859375,5024875088,15713,3125,9463,88,1,0,random_50,0,1
1,stress_random,20006,4827,4827,r_4827,1,qualified_ref,1,0,none,5025884375,5025900088,15713,3125,9463,88,1,0,random_50,0,1
1,stress_random,20006,4828,4828,r_4828,1,qualified_ref,1,0,none,5026909375,5026925088,15713,3125,9463,88,1,0,random_50,0,1
1,stress_random,20006,4829,4829,r_4829,1,qualified_ref,1,0,none,5027934375,5027950088,15713,3125,9463,88,1,0,random_50,0,1
1,stress_random,20006,4830,4830,r_4830,1,qualified_ref,1,0,none,5028959375,5028975088,15713,3125,9463,88,1,0,random_50,0,1
1,stress_random,20006,4831,4831,r_4831,1,qualified_ref,1,0,none,5029984375,5030000088,15713,3125,9463,88,1,0,random_50,0,1
1,stress_random,20006,4832,4832,r_4832,1,qualified_ref,1,0,none,5031009375,5031025088,15713,3125,9463,88,1,0,random_50,0,1
1,stress_random,20006,4833,4833,r_4833,1,qualified_ref,1,0,none,5032034375,5032050088,15713,3125,9463,88,1,0,random_50,0,1
1,stress_random,20006,4834,4834,r_4834,1,qualified_ref,1,0,none,5033059375,5033075088,15713,3125,9463,88,1,0,random_50,0,1
1,stress_random,20006,4835,4835,r_4835,1,qualified_ref,1,0,none,5034084375,5034100088,15713,3125,9463,88,1,0,random_50,0,1
1,stress_random,20006,4836,4836,r_4836,1,qualified_ref,1,0,none,5035109375,5035125088,15713,3125,9463,88,1,0,random_50,0,1
1,stress_random,20006,4837,4837,r_4837,1,qualified_ref,1,0,none,5036134375,5036150088,15713,3125,9463,88,1,0,random_50,0,1
1,stress_random,20006,4838,4838,r_4838,1,qualified_ref,1,0,none,5037159375,5037175088,15713,3125,9463,88,1,0,random_50,0,1
1,stress_random,20006,4839,4839,r_4839,1,qualified_ref,1,0,none,5038184375,5038200088,15713,3125,9463,88,1,0,random_50,0,1
1,stress_random,20006,4840,4840,r_4840,1,qualified_ref,1,0,none,5039209375,5039225088,15713,3125,9463,88,1,0,random_50,0,1
1,stress_random,20006,4841,4841,r_4841,1,qualified_ref,1,0,none,5040234375,5040250088,15713,3125,9463,88,1,0,random_50,0,1
1,stress_random,20006,4842,4842,r_4842,1,qualified_ref,1,0,none,5041259375,5041275088,15713,3125,9463,88,1,0,random_50,0,1
1,stress_random,20006,4843,4843,r_4843,1,qualified_ref,1,0,none,5042284375,5042300088,15713,3125,9463,88,1,0,random_50,0,1
1,stress_random,20006,4844,4844,r_4844,1,qualified_ref,1,0,none,5043309375,5043325088,15713,3125,9463,88,1,0,random_50,0,1
1,stress_random,20006,4845,4845,r_4845,1,qualified_ref,1,0,none,5044334375,5044350088,15713,3125,9463,88,1,0,random_50,0,1
1,stress_random,20006,4846,4846,r_4846,1,qualified_ref,1,0,none,5045359375,5045375088,15713,3125,9463,88,1,0,random_50,0,1
1,stress_random,20006,4847,4847,r_4847,1,qualified_ref,1,0,none,5046384375,5046400088,15713,3125,9463,88,1,0,random_50,0,1
1,stress_random,20006,4848,4848,r_4848,1,qualified_ref,1,0,none,5047409375,5047425088,15713,3125,9463,88,1,0,random_50,0,1
1,stress_random,20006,4849,4849,r_4849,1,qualified_ref,1,0,none,5048434375,5048450088,15713,3125,9463,88,1,0,random_50,0,1
1,stress_random,20006,4850,4850,r_4850,1,qualified_ref,1,0,none,5049459375,5049475088,15713,3125,9463,88,1,0,random_50,0,1
1,stress_random,20006,4851,4851,r_4851,1,qualified_ref,1,0,none,5050484375,5050500088,15713,3125,9463,88,1,0,random_50,0,1
1,stress_random,20006,4852,4852,r_4852,1,qualified_ref,1,0,none,5051509375,5051525088,15713,3125,9463,88,1,0,random_50,0,1
1,stress_random,20006,4853,4853,r_4853,1,qualified_ref,1,0,none,5052534375,5052550088,15713,3125,9463,88,1,0,random_50,0,1
1,stress_random,20006,4854,4854,r_4854,1,qualified_ref,1,0,none,5053559375,5053575088,15713,3125,9463,88,1,0,random_50,0,1
1,stress_random,20006,4855,4855,r_4855,1,qualified_ref,1,0,none,5054584375,5054600088,15713,3125,9463,88,1,0,random_50,0,1
1,stress_random,20006,4856,4856,r_4856,1,qualified_ref,1,0,none,5055609375,5055625088,15713,3125,9463,88,1,0,random_50,0,1
1,stress_random,20006,4857,4857,r_4857,1,qualified_ref,1,0,none,5056634375,5056650088,15713,3125,9463,88,1,0,random_50,0,1
1,stress_random,20006,4858,4858,r_4858,1,qualified_ref,1,0,none,5057659375,5057675088,15713,3125,9463,88,1,0,random_50,0,1
1,stress_random,20006,4859,4859,r_4859,1,qualified_ref,1,0,none,5058684375,5058700088,15713,3125,9463,88,1,0,random_50,0,1
1,stress_random,20006,4860,4860,r_4860,1,qualified_ref,1,0,none,5059709375,5059725088,15713,3125,9463,88,1,0,random_50,0,1
1,stress_random,20006,4861,4861,r_4861,1,qualified_ref,1,0,none,5060734375,5060750088,15713,3125,9463,88,1,0,random_50,0,1
1,stress_random,20006,4862,4862,r_4862,1,qualified_ref,1,0,none,5061759375,5061775088,15713,3125,9463,88,1,0,random_50,0,1
1,stress_random,20006,4863,4863,r_4863,1,qualified_ref,1,0,none,5062784375,5062800088,15713,3125,9463,88,1,0,random_50,0,1
1,stress_random,20006,4864,4864,r_4864,1,qualified_ref,1,0,none,5063809375,5063825088,15713,3125,9463,88,1,0,random_50,0,1
1,stress_random,20006,4865,4865,r_4865,1,qualified_ref,1,0,none,5064834375,5064850088,15713,3125,9463,88,1,0,random_50,0,1
1,stress_random,20006,4866,4866,r_4866,1,qualified_ref,1,0,none,5065859375,5065875088,15713,3125,9463,88,1,0,random_50,0,1
1,stress_random,20006,4867,4867,r_4867,1,qualified_ref,1,0,none,5066884375,5066900088,15713,3125,9463,88,1,0,random_50,0,1
1,stress_random,20006,4868,4868,r_4868,1,qualified_ref,1,0,none,5067909375,5067925088,15713,3125,9463,88,1,0,random_50,0,1
1,stress_random,20006,4869,4869,r_4869,1,qualified_ref,1,0,none,5068934375,5068950088,15713,3125,9463,88,1,0,random_50,0,1
1,stress_random,20006,4870,4870,r_4870,1,qualified_ref,1,0,none,5069959375,5069975088,15713,3125,9463,88,1,0,random_50,0,1
1,stress_random,20006,4871,4871,r_4871,1,qualified_ref,1,0,none,5070984375,5071000088,15713,3125,9463,88,1,0,random_50,0,1
1,stress_random,20006,4872,4872,r_4872,1,qualified_ref,1,0,none,5072009375,5072025088,15713,3125,9463,88,1,0,random_50,0,1
1,stress_random,20006,4873,4873,r_4873,1,qualified_ref,1,0,none,5073034375,5073050088,15713,3125,9463,88,1,0,random_50,0,1
1,stress_random,20006,4874,4874,r_4874,1,qualified_ref,1,0,none,5074059375,5074075088,15713,3125,9463,88,1,0,random_50,0,1
1,stress_random,20006,4875,4875,r_4875,1,qualified_ref,1,0,none,5075084375,5075100088,15713,3125,9463,88,1,0,random_50,0,1
1,stress_random,20006,4876,4876,r_4876,1,qualified_ref,1,0,none,5076109375,5076125088,15713,3125,9463,88,1,0,random_50,0,1
1,stress_random,20006,4877,4877,r_4877,1,qualified_ref,1,0,none,5077134375,5077150088,15713,3125,9463,88,1,0,random_50,0,1
1,stress_random,20006,4878,4878,r_4878,1,qualified_ref,1,0,none,5078159375,5078175088,15713,3125,9463,88,1,0,random_50,0,1
1,stress_random,20006,4879,4879,r_4879,1,qualified_ref,1,0,none,5079184375,5079200088,15713,3125,9463,88,1,0,random_50,0,1
1,stress_random,20006,4880,4880,r_4880,1,qualified_ref,1,0,none,5080209375,5080225088,15713,3125,9463,88,1,0,random_50,0,1
1,stress_random,20006,4881,4881,r_4881,1,qualified_ref,1,0,none,5081234375,5081250088,15713,3125,9463,88,1,0,random_50,0,1
1,stress_random,20006,4882,4882,r_4882,1,qualified_ref,1,0,none,5082259375,5082275088,15713,3125,9463,88,1,0,random_50,0,1
1,stress_random,20006,4883,4883,r_4883,1,qualified_ref,1,0,none,5083284375,5083300088,15713,3125,9463,88,1,0,random_50,0,1
1,stress_random,20006,4884,4884,r_4884,1,qualified_ref,1,0,none,5084309375,5084325088,15713,3125,9463,88,1,0,random_50,0,1
1,stress_random,20006,4885,4885,r_4885,1,qualified_ref,1,0,none,5085334375,5085350088,15713,3125,9463,88,1,0,random_50,0,1
1,stress_random,20006,4886,4886,r_4886,1,qualified_ref,1,0,none,5086359375,5086375088,15713,3125,9463,88,1,0,random_50,0,1
1,stress_random,20006,4887,4887,r_4887,1,qualified_ref,1,0,none,5087384375,5087400088,15713,3125,9463,88,1,0,random_50,0,1
1,stress_random,20006,4888,4888,r_4888,1,qualified_ref,1,0,none,5088409375,5088425088,15713,3125,9463,88,1,0,random_50,0,1
1,stress_random,20006,4889,4889,r_4889,1,qualified_ref,1,0,none,5089434375,5089450088,15713,3125,9463,88,1,0,random_50,0,1
1,stress_random,20006,4890,4890,r_4890,1,qualified_ref,1,0,none,5090459375,5090475088,15713,3125,9463,88,1,0,random_50,0,1
1,stress_random,20006,4891,4891,r_4891,1,qualified_ref,1,0,none,5091484375,5091500088,15713,3125,9463,88,1,0,random_50,0,1
1,stress_random,20006,4892,4892,r_4892,1,qualified_ref,1,0,none,5092509375,5092525088,15713,3125,9463,88,1,0,random_50,0,1
1,stress_random,20006,4893,4893,r_4893,1,qualified_ref,1,0,none,5093534375,5093550088,15713,3125,9463,88,1,0,random_50,0,1
1,stress_random,20006,4894,4894,r_4894,1,qualified_ref,1,0,none,5094559375,5094575088,15713,3125,9463,88,1,0,random_50,0,1
1,stress_random,20006,4895,4895,r_4895,1,qualified_ref,1,0,none,5095584375,5095600088,15713,3125,9463,88,1,0,random_50,0,1
1,stress_random,20006,4896,4896,r_4896,1,qualified_ref,1,0,none,5096609375,5096625088,15713,3125,9463,88,1,0,random_50,0,1
1,stress_random,20006,4897,4897,r_4897,1,qualified_ref,1,0,none,5097634375,5097650088,15713,3125,9463,88,1,0,random_50,0,1
1,stress_random,20006,4898,4898,r_4898,1,qualified_ref,1,0,none,5098659375,5098675088,15713,3125,9463,88,1,0,random_50,0,1
1,stress_random,20006,4899,4899,r_4899,1,qualified_ref,1,0,none,5099684375,5099700088,15713,3125,9463,88,1,0,random_50,0,1
1,stress_random,20006,4900,4900,r_4900,1,qualified_ref,1,0,none,5100709375,5100725088,15713,3125,9463,88,1,0,random_50,0,1
1,stress_random,20006,4901,4901,r_4901,1,qualified_ref,1,0,none,5101734375,5101750088,15713,3125,9463,88,1,0,random_50,0,1
1,stress_random,20006,4902,4902,r_4902,1,qualified_ref,1,0,none,5102759375,5102775088,15713,3125,9463,88,1,0,random_50,0,1
1,stress_random,20006,4903,4903,r_4903,1,qualified_ref,1,0,none,5103784375,5103800088,15713,3125,9463,88,1,0,random_50,0,1
1,stress_random,20006,4904,4904,r_4904,1,qualified_ref,1,0,none,5104809375,5104825088,15713,3125,9463,88,1,0,random_50,0,1
1,stress_random,20006,4905,4905,r_4905,1,qualified_ref,1,0,none,5105834375,5105850088,15713,3125,9463,88,1,0,random_50,0,1
1,stress_random,20006,4906,4906,r_4906,1,qualified_ref,1,0,none,5106859375,5106875088,15713,3125,9463,88,1,0,random_50,0,1
1,stress_random,20006,4907,4907,r_4907,1,qualified_ref,1,0,none,5107884375,5107900088,15713,3125,9463,88,1,0,random_50,0,1
1,stress_random,20006,4908,4908,r_4908,1,qualified_ref,1,0,none,5108909375,5108925088,15713,3125,9463,88,1,0,random_50,0,1
1,stress_random,20006,4909,4909,r_4909,1,qualified_ref,1,0,none,5109934375,5109950088,15713,3125,9463,88,1,0,random_50,0,1
1,stress_random,20006,4910,4910,r_4910,1,qualified_ref,1,0,none,5110959375,5110975088,15713,3125,9463,88,1,0,random_50,0,1
1,stress_random,20006,4911,4911,r_4911,1,qualified_ref,1,0,none,5111984375,5112000088,15713,3125,9463,88,1,0,random_50,0,1
1,stress_random,20006,4912,4912,r_4912,1,qualified_ref,1,0,none,5113009375,5113025088,15713,3125,9463,88,1,0,random_50,0,1
1,stress_random,20006,4913,4913,r_4913,1,qualified_ref,1,0,none,5114034375,5114050088,15713,3125,9463,88,1,0,random_50,0,1
1,stress_random,20006,4914,4914,r_4914,1,qualified_ref,1,0,none,5115059375,5115075088,15713,3125,9463,88,1,0,random_50,0,1
1,stress_random,20006,4915,4915,r_4915,1,qualified_ref,1,0,none,5116084375,5116100088,15713,3125,9463,88,1,0,random_50,0,1
1,stress_random,20006,4916,4916,r_4916,1,qualified_ref,1,0,none,5117109375,5117125088,15713,3125,9463,88,1,0,random_50,0,1
1,stress_random,20006,4917,4917,r_4917,1,qualified_ref,1,0,none,5118134375,5118150088,15713,3125,9463,88,1,0,random_50,0,1
1,stress_random,20006,4918,4918,r_4918,1,qualified_ref,1,0,none,5119159375,5119175088,15713,3125,9463,88,1,0,random_50,0,1
1,stress_random,20006,4919,4919,r_4919,1,qualified_ref,1,0,none,5120184375,5120200088,15713,3125,9463,88,1,0,random_50,0,1
1,stress_random,20006,4920,4920,r_4920,1,qualified_ref,1,0,none,5121209375,5121225088,15713,3125,9463,88,1,0,random_50,0,1
1,stress_random,20006,4921,4921,r_4921,1,qualified_ref,1,0,none,5122234375,5122250088,15713,3125,9463,88,1,0,random_50,0,1
1,stress_random,20006,4922,4922,r_4922,1,qualified_ref,1,0,none,5123259375,5123275088,15713,3125,9463,88,1,0,random_50,0,1
1,stress_random,20006,4923,4923,r_4923,1,qualified_ref,1,0,none,5124284375,5124300088,15713,3125,9463,88,1,0,random_50,0,1
1,stress_random,20006,4924,4924,r_4924,1,qualified_ref,1,0,none,5125309375,5125325088,15713,3125,9463,88,1,0,random_50,0,1
1,stress_random,20006,4925,4925,r_4925,1,qualified_ref,1,0,none,5126334375,5126350088,15713,3125,9463,88,1,0,random_50,0,1
1,stress_random,20006,4926,4926,r_4926,1,qualified_ref,1,0,none,5127359375,5127375088,15713,3125,9463,88,1,0,random_50,0,1
1,stress_random,20006,4927,4927,r_4927,1,qualified_ref,1,0,none,5128384375,5128400088,15713,3125,9463,88,1,0,random_50,0,1
1,stress_random,20006,4928,4928,r_4928,1,qualified_ref,1,0,none,5129409375,5129425088,15713,3125,9463,88,1,0,random_50,0,1
1,stress_random,20006,4929,4929,r_4929,1,qualified_ref,1,0,none,5130434375,5130450088,15713,3125,9463,88,1,0,random_50,0,1
1,stress_random,20006,4930,4930,r_4930,1,qualified_ref,1,0,none,5131459375,5131475088,15713,3125,9463,88,1,0,random_50,0,1
1,stress_random,20006,4931,4931,r_4931,1,qualified_ref,1,0,none,5132484375,5132500088,15713,3125,9463,88,1,0,random_50,0,1
1,stress_random,20006,4932,4932,r_4932,1,qualified_ref,1,0,none,5133509375,5133525088,15713,3125,9463,88,1,0,random_50,0,1
1,stress_random,20006,4933,4933,r_4933,1,qualified_ref,1,0,none,5134534375,5134550088,15713,3125,9463,88,1,0,random_50,0,1
1,stress_random,20006,4934,4934,r_4934,1,qualified_ref,1,0,none,5135559375,5135575088,15713,3125,9463,88,1,0,random_50,0,1
1,stress_random,20006,4935,4935,r_4935,1,qualified_ref,1,0,none,5136584375,5136600088,15713,3125,9463,88,1,0,random_50,0,1
1,stress_random,20006,4936,4936,r_4936,1,qualified_ref,1,0,none,5137609375,5137625088,15713,3125,9463,88,1,0,random_50,0,1
1,stress_random,20006,4937,4937,r_4937,1,qualified_ref,1,0,none,5138634375,5138650088,15713,3125,9463,88,1,0,random_50,0,1
1,stress_random,20006,4938,4938,r_4938,1,qualified_ref,1,0,none,5139659375,5139675088,15713,3125,9463,88,1,0,random_50,0,1
1,stress_random,20006,4939,4939,r_4939,1,qualified_ref,1,0,none,5140684375,5140700088,15713,3125,9463,88,1,0,random_50,0,1
1,stress_random,20006,4940,4940,r_4940,1,qualified_ref,1,0,none,5141709375,5141725088,15713,3125,9463,88,1,0,random_50,0,1
1,stress_random,20006,4941,4941,r_4941,1,qualified_ref,1,0,none,5142734375,5142750088,15713,3125,9463,88,1,0,random_50,0,1
1,stress_random,20006,4942,4942,r_4942,1,qualified_ref,1,0,none,5143759375,5143775088,15713,3125,9463,88,1,0,random_50,0,1
1,stress_random,20006,4943,4943,r_4943,1,qualified_ref,1,0,none,5144784375,5144800088,15713,3125,9463,88,1,0,random_50,0,1
1,stress_random,20006,4944,4944,r_4944,1,qualified_ref,1,0,none,5145809375,5145825088,15713,3125,9463,88,1,0,random_50,0,1
1,stress_random,20006,4945,4945,r_4945,1,qualified_ref,1,0,none,5146834375,5146850088,15713,3125,9463,88,1,0,random_50,0,1
1,stress_random,20006,4946,4946,r_4946,1,qualified_ref,1,0,none,5147859375,5147875088,15713,3125,9463,88,1,0,random_50,0,1
1,stress_random,20006,4947,4947,r_4947,1,qualified_ref,1,0,none,5148884375,5148900088,15713,3125,9463,88,1,0,random_50,0,1
1,stress_random,20006,4948,4948,r_4948,1,qualified_ref,1,0,none,5149909375,5149925088,15713,3125,9463,88,1,0,random_50,0,1
1,stress_random,20006,4949,4949,r_4949,1,qualified_ref,1,0,none,5150934375,5150950088,15713,3125,9463,88,1,0,random_50,0,1
1,stress_random,20006,4950,4950,r_4950,1,qualified_ref,1,0,none,5151959375,5151975088,15713,3125,9463,88,1,0,random_50,0,1
1,stress_random,20006,4951,4951,r_4951,1,qualified_ref,1,0,none,5152984375,5153000088,15713,3125,9463,88,1,0,random_50,0,1
1,stress_random,20006,4952,4952,r_4952,1,qualified_ref,1,0,none,5154009375,5154025088,15713,3125,9463,88,1,0,random_50,0,1
1,stress_random,20006,4953,4953,r_4953,1,qualified_ref,1,0,none,5155034375,5155050088,15713,3125,9463,88,1,0,random_50,0,1
1,stress_random,20006,4954,4954,r_4954,1,qualified_ref,1,0,none,5156059375,5156075088,15713,3125,9463,88,1,0,random_50,0,1
1,stress_random,20006,4955,4955,r_4955,1,qualified_ref,1,0,none,5157084375,5157100088,15713,3125,9463,88,1,0,random_50,0,1
1,stress_random,20006,4956,4956,r_4956,1,qualified_ref,1,0,none,5158109375,5158125088,15713,3125,9463,88,1,0,random_50,0,1
1,stress_random,20006,4957,4957,r_4957,1,qualified_ref,1,0,none,5159134375,5159150088,15713,3125,9463,88,1,0,random_50,0,1
1,stress_random,20006,4958,4958,r_4958,1,qualified_ref,1,0,none,5160159375,5160175088,15713,3125,9463,88,1,0,random_50,0,1
1,stress_random,20006,4959,4959,r_4959,1,qualified_ref,1,0,none,5161184375,5161200088,15713,3125,9463,88,1,0,random_50,0,1
1,stress_random,20006,4960,4960,r_4960,1,qualified_ref,1,0,none,5162209375,5162225088,15713,3125,9463,88,1,0,random_50,0,1
1,stress_random,20006,4961,4961,r_4961,1,qualified_ref,1,0,none,5163234375,5163250088,15713,3125,9463,88,1,0,random_50,0,1
1,stress_random,20006,4962,4962,r_4962,1,qualified_ref,1,0,none,5164259375,5164275088,15713,3125,9463,88,1,0,random_50,0,1
1,stress_random,20006,4963,4963,r_4963,1,qualified_ref,1,0,none,5165284375,5165300088,15713,3125,9463,88,1,0,random_50,0,1
1,stress_random,20006,4964,4964,r_4964,1,qualified_ref,1,0,none,5166309375,5166325088,15713,3125,9463,88,1,0,random_50,0,1
1,stress_random,20006,4965,4965,r_4965,1,qualified_ref,1,0,none,5167334375,5167350088,15713,3125,9463,88,1,0,random_50,0,1
1,stress_random,20006,4966,4966,r_4966,1,qualified_ref,1,0,none,5168359375,5168375088,15713,3125,9463,88,1,0,random_50,0,1
1,stress_random,20006,4967,4967,r_4967,1,qualified_ref,1,0,none,5169384375,5169400088,15713,3125,9463,88,1,0,random_50,0,1
1,stress_random,20006,4968,4968,r_4968,1,qualified_ref,1,0,none,5170409375,5170425088,15713,3125,9463,88,1,0,random_50,0,1
1,stress_random,20006,4969,4969,r_4969,1,qualified_ref,1,0,none,5171434375,5171450088,15713,3125,9463,88,1,0,random_50,0,1
1,stress_random,20006,4970,4970,r_4970,1,qualified_ref,1,0,none,5172459375,5172475088,15713,3125,9463,88,1,0,random_50,0,1
1,stress_random,20006,4971,4971,r_4971,1,qualified_ref,1,0,none,5173484375,5173500088,15713,3125,9463,88,1,0,random_50,0,1
1,stress_random,20006,4972,4972,r_4972,1,qualified_ref,1,0,none,5174509375,5174525088,15713,3125,9463,88,1,0,random_50,0,1
1,stress_random,20006,4973,4973,r_4973,1,qualified_ref,1,0,none,5175534375,5175550088,15713,3125,9463,88,1,0,random_50,0,1
1,stress_random,20006,4974,4974,r_4974,1,qualified_ref,1,0,none,5176559375,5176575088,15713,3125,9463,88,1,0,random_50,0,1
1,stress_random,20006,4975,4975,r_4975,1,qualified_ref,1,0,none,5177584375,5177600088,15713,3125,9463,88,1,0,random_50,0,1
1,stress_random,20006,4976,4976,r_4976,1,qualified_ref,1,0,none,5178609375,5178625088,15713,3125,9463,88,1,0,random_50,0,1
1,stress_random,20006,4977,4977,r_4977,1,qualified_ref,1,0,none,5179634375,5179650088,15713,3125,9463,88,1,0,random_50,0,1
1,stress_random,20006,4978,4978,r_4978,1,qualified_ref,1,0,none,5180659375,5180675088,15713,3125,9463,88,1,0,random_50,0,1
1,stress_random,20006,4979,4979,r_4979,1,qualified_ref,1,0,none,5181684375,5181700088,15713,3125,9463,88,1,0,random_50,0,1
1,stress_random,20006,4980,4980,r_4980,1,qualified_ref,1,0,none,5182709375,5182725088,15713,3125,9463,88,1,0,random_50,0,1
1,stress_random,20006,4981,4981,r_4981,1,qualified_ref,1,0,none,5183734375,5183750088,15713,3125,9463,88,1,0,random_50,0,1
1,stress_random,20006,4982,4982,r_4982,1,qualified_ref,1,0,none,5184759375,5184775088,15713,3125,9463,88,1,0,random_50,0,1
1,stress_random,20006,4983,4983,r_4983,1,qualified_ref,1,0,none,5185784375,5185800088,15713,3125,9463,88,1,0,random_50,0,1
1,stress_random,20006,4984,4984,r_4984,1,qualified_ref,1,0,none,5186809375,5186825088,15713,3125,9463,88,1,0,random_50,0,1
1,stress_random,20006,4985,4985,r_4985,1,qualified_ref,1,0,none,5187834375,5187850088,15713,3125,9463,88,1,0,random_50,0,1
1,stress_random,20006,4986,4986,r_4986,1,qualified_ref,1,0,none,5188859375,5188875088,15713,3125,9463,88,1,0,random_50,0,1
1,stress_random,20006,4987,4987,r_4987,1,qualified_ref,1,0,none,5189884375,5189900088,15713,3125,9463,88,1,0,random_50,0,1
1,stress_random,20006,4988,4988,r_4988,1,qualified_ref,1,0,none,5190909375,5190925088,15713,3125,9463,88,1,0,random_50,0,1
1,stress_random,20006,4989,4989,r_4989,1,qualified_ref,1,0,none,5191934375,5191950088,15713,3125,9463,88,1,0,random_50,0,1
1,stress_random,20006,4990,4990,r_4990,1,qualified_ref,1,0,none,5192959375,5192975088,15713,3125,9463,88,1,0,random_50,0,1
1,stress_random,20006,4991,4991,r_4991,1,qualified_ref,1,0,none,5193984375,5194000088,15713,3125,9463,88,1,0,random_50,0,1
1,stress_random,20006,4992,4992,r_4992,1,qualified_ref,1,0,none,5195009375,5195025088,15713,3125,9463,88,1,0,random_50,0,1
1,stress_random,20006,4993,4993,r_4993,1,qualified_ref,1,0,none,5196034375,5196050088,15713,3125,9463,88,1,0,random_50,0,1
1,stress_random,20006,4994,4994,r_4994,1,qualified_ref,1,0,none,5197059375,5197075088,15713,3125,9463,88,1,0,random_50,0,1
1,stress_random,20006,4995,4995,r_4995,1,qualified_ref,1,0,none,5198084375,5198100088,15713,3125,9463,88,1,0,random_50,0,1
1,stress_random,20006,4996,4996,r_4996,1,qualified_ref,1,0,none,5199109375,5199125088,15713,3125,9463,88,1,0,random_50,0,1
1,stress_random,20006,4997,4997,r_4997,1,qualified_ref,1,0,none,5200134375,5200150088,15713,3125,9463,88,1,0,random_50,0,1
1,stress_random,20006,4998,4998,r_4998,1,qualified_ref,1,0,none,5201159375,5201175088,15713,3125,9463,88,1,0,random_50,0,1
1,stress_random,20006,4999,4999,r_4999,1,qualified_ref,1,0,none,5202184375,5202200088,15713,3125,9463,88,1,0,random_50,0,1
